SMILES,NLL
N#Cc1ccc(-n2[nH]c(=O)c3cc4c(=O)[nH]n(-c5ccc(C#N)cc5)c(=O)c4cc3c2=O)cc1,3.6315255165100098
O=Cc1ccc(O)cc1,11.443116188049316
N#Cc1ccc(-c2cc(-c3ccc(C(=O)N=C(N)N)cc3F)cc(-c3ccc(C(N)=O)cc3)n2)cc1,25.60402488708496
N#Cc1ccc(-n2c(=O)c3cc4c(=O)n(-c5ccc(C#N)cc5)c(=O)c4cc3c2=O)cc1,3.91432523727417
O=c1c2cccn2c2nc3ccccc3n2c(=O)n1-c1ccc2c(c1)OCO2,30.530296325683594
N#Cc1ccc(-c2cc3c(cc(-c4ccc(C#N)cc4)n3-c3ccc(C#N)cc3)n2-c2ccc(C#N)cc2)cc1,5.330081462860107
N#Cc1ccc(-c2cccc(C=CC(O)=NO)c2)cc1,14.77718734741211
N#CCN=c1cc(Nc2ccc(O)cc2)nc(-c2cccnc2)[nH]1,25.281774520874023
N#Cc1cc(C#N)c2ccc3c(C#N)cc(C#N)c4ccc1c2c43,3.9118757247924805
Cn1cc(-c2ccc(C#N)cc2)c2nc(-c3ccc(N4CCNC4=O)nc3)ncc21,23.359214782714844
N#Cc1ccc(-c2ccc(C#N)cn2)nc1,4.853020191192627
N#Cc1ccc(-n2c(=O)c3cc4c(=O)n(-c5ccc(CCl)cc5)c(=O)c4cc3c2=O)cc1,19.13525390625
[N-]=[N+]=Nc1ccc(-c2nc(-c3ccc(N)cc3)nc(-c3ccc(N4C(=O)c5ccc6c7c(ccc(c57)C4=O)C(=O)OC6=O)cc3)n2)cc1,13.681852340698242
Nc1cccc(-c2ccc(-c3ccccc3O)nc2-c2ccc(O)cc2)c1,21.119277954101562
Cc1cccc(C2NC(=O)N(C(C)C)c3c(C)cc(C)c(O)c32)c1,32.48729705810547
Nc1ccc(-c2nc(-c3ccc(N)cc3)nc(-c3ccc(N4C(=O)c5ccc6c7c(ccc(c57)C4=O)C(=O)OC6=O)cc3)n2)cc1,6.960111618041992
N#Cc1ccc(-c2ccc(C#N)cc2)cc1,7.999073028564453
Cn1cc(C(=O)O)c(=O)c2ccc(Cl)cc21,23.10698699951172
N#CC=CC#N,3.883669853210449
Nc1ccc(-c2cnc3ccccc3c2)cc1,14.526235580444336
N#Cc1cncc(C#N)c1,4.236652851104736
Nc1cc(O)c(N=Cc2ccc(-c3nc(-c4ccc(C=O)cc4)nc(-c4ccc(C=O)cc4)n3)cc2)cc1O,4.4503493309021
Cc1cccc2c(=O)n(-c3ccc(-c4ccc(-n5c(-c6ccc(N)cc6)nc6ccccc6c5=O)cc4)cc3)c(-c3ccc(O)cc3)nc12,18.904191970825195
C#Cc1ccc(C#N)cc1,3.576633930206299
Cc1ccc2nc(-n3c(-c4ccc(C#N)cc4)cc4c3cc(-c3ccc(C#N)cc3)n4-c3nc4ccc(C)cc4s3)sc2c1,3.9328339099884033
N#Cc1ccc(-c2cc3c(cc(-c4ccc(Cl)cc4)n3-c3ccc(C#N)cc3)n2-c2ccc(C#N)cc2)cc1,12.28509521484375
CCSc1ncc(Cl)c(C(=O)Nc2ccc(-n3ccccc3=O)cc2)n1,22.750566482543945
N#Cc1ccc(-c2ccc3cc(C#N)ccc3c2)cc1,12.825923919677734
Cc1ccc2nc(N3CCOCC3)cnc2c1,20.571622848510742
N#Cc1cc(C#N)cc(C(F)(F)F)c1,12.818848609924316
CC(C)Oc1ccc(-c2cc(=NC(=O)Nc3ccc(F)cc3)nc(-c3ccc(C#N)cc3)[nH]2)cc1,26.947338104248047
N#Cc1ccc(-c2ccccc2)cc1,5.866305351257324
N#Cc1ccc(-c2ccc(-c3cc4c5c(c(C#N)ccc5n3)C3=C(CCCN(C=O)C3)N4)cc2)cc1,39.283451080322266
N#Cc1ccc(C#N)cc1,3.5505383014678955
NC(=O)c1nc(=O)c2ccccc2o1,21.334203720092773
N#Cc1ccc(-c2ccc(C#N)c(F)c2)cc1,12.694856643676758
CC(C)Cn1c(-c2ccc(C#N)cc2)c(C#N)c2ccccc21,23.124502182006836
N#Cc1c2ccccc2c(C#N)c2ccccc12,4.498227596282959
CC(C)c1ccc(-n2c(-c3ccc(C#N)cc3)cc3c2cc(-c2ccc(C#N)cc2)n3-c2ccc(C(C)C)cc2)cc1,3.4600412845611572
Nc1cccc2c1C(=O)c1ccccc1C2=O,12.193625450134277
CN(C)c1ccc(-c2nn(C)cc2-c2nc(-c3ccc(N4C(=O)c5cc6ccccc6cc5C4=O)cc3)nc(-c3ccc(N)nc3)n2)cc1,31.275304794311523
N#Cc1ccc(-c2ccc(C3CCN(C(=O)N=c4ccc(C#N)c[nH]4)CC3)cn2)cc1,19.52252960205078
Nc1ccc(-c2nc(-c3ccc(N)cc3)nc(-c3ccc(-n4c(=O)c5cc6c(=O)oc(=O)c6cc5c4=O)cc3)n2)cc1,4.174037456512451
N#Cc1ccc(-c2ccc3c(c2)-c2cc(C(N)=O)ccc2C3(O)C(F)(F)F)cc1,22.813261032104492
Nc1ccc(-c2nc(-c3ccc(N4C(=O)c5ccc6c7c(ccc(c57)C4=O)C(=O)OC6=O)cc3)nc(-c3ccccc3O)n2)cc1,10.903091430664062
Cc1cc(-c2nc(-c3ccc(C#N)cc3)n3c2CCOC(C)C3)ccn1,12.821745872497559
Cn1ccc(=O)c(-c2ccc(C#N)cc2)c1,16.23284339904785
C#Cc1ccc(-c2nc(-c3ccc(N4C(=O)c5ccc6c7c(ccc(c57)C4=O)C(=O)OC6=O)cc3)nc(=N)[nH]2)cc1,15.877881050109863
N#CCc1cc(-c2ccco2)[nH]c(=N)c1C#N,19.292037963867188
N#Cc1ccc(C=Nc2nc(-c3ccc(N)cc3)cs2)cc1,13.622591018676758
N#Cc1cccc(C#N)n1,4.034287452697754
Nc1ccc(-c2nc(-c3ccc(N)nc3)nc(-c3ccc(N=Cc4cc(C=O)cc(C=O)c4O)nc3)n2)cc1,7.661255359649658
Clc1nc(Cl)nc(-[n+]2ccc(-c3ccncc3)cc2)n1,4.1543288230896
CC(C)c1nn(-c2ccc(C#N)cc2)c2cc(-c3ccc(C#N)cc3)n(-c3ccc4c(c3)OCCO4)c12,23.466541290283203
COC(=O)c1ccc2c(c1)C(=O)N(c1ccc(-c3nc(-c4ccc(N)cc4)nc(-c4ccc(F)cc4)n3)cc1)C2=O,23.795156478881836
N#Cc1ccc(-c2cc(C(F)F)nc(C#N)n2)cc1,20.77177619934082
N#Cc1ccc(-c2ccc(C=C3CCc4c3nc(=N)[nH]c4-c3ccc(C#N)cc3)cc2)cc1,23.63698959350586
N#Cc1ccc(-c2ccc(C(CC(=O)O)Cn3ccnc3)cc2)cc1,17.743284225463867
Nc1ccc(-c2ncnc(-c3ccc(N)nc3)n2)cn1,8.289541244506836
Nc1ccc(-c2nc(-c3ccc(N)nc3)nc(-c3ccc(N=Cc4cc(C=O)cc(C=O)c4O)nc3)n2)cn1,4.149156093597412
CCCCCCCCCCC(=O)C(F)(F)F,19.249649047851562
Cc1ccc(O)c(Cn2cc(-c3ccccc3)nc2-c2ccc(C#N)cc2)c1,20.48431396484375
O=C(O)CN1CCN(CN=c2cc[nH]c3ccc(-c4cn(Cc5ccccc5)nn4)cc23)CC1=O,43.66317367553711
N#Cc1ccc(-c2ccc(C3=NC(NC(=O)C(N)CC(=O)O)C(=O)n4cccc43)cc2)cc1,31.02861785888672
N#Cc1ccc(-c2ccc(C#N)c(Cl)c2)c(C#N)c1,20.461013793945312
COc1cc2c(cc1C(=O)O)-c1ccc(C#N)cc1C2,19.88282585144043
CC(=O)Nc1ccc(-c2ccc(C#N)cc2)n2cc(-c3ccc(N)cc3)cc12,23.95502281188965
COc1cc2c(cc1O)C1=C(CN(C)CC1)C(C)C2,21.293825149536133
N#Cc1c(F)c(F)c(C#N)c(F)c1F,3.5806703567504883
Nc1ccc2ncccc2c1,12.971774101257324
Nc1ccc(-c2nc(-c3ccc(N)nc3)nc(-c3ccc(N=Cc4cc(C=O)c(O)c(C=O)c4O)nc3)n2)cn1,5.706912994384766
Cc1nccc(C(C)(O)C#Cc2cc3c(cc2F)OCCn2cc(C(N)=O)nc2-3)n1,25.57895278930664
Nc1ccc(-c2nc3ccccc3c(=NCc3ccco3)[nH]2)cc1,18.68686294555664
O=C(C=Cc1cccc(F)c1)N=c1c2c([nH]c3ccccc13)CCCC2,27.336071014404297
CCCCC(c1ccc(C#N)cc1)c1ccc(-c2ccc(C#N)cn2)cc1,18.486610412597656
O=C1CCC=C2N=C3c4ccccc4C(=O)C3C(c3ccc(O)cc3)C12,25.50811767578125
COC(=O)Cc1ccc(-c2ccc(C#N)cn2)nc1,16.27871322631836
Cc1ccc(-c2ccc(-c3cc4ccccc4[nH]3)cn2)cc1,24.755884170532227
CC(C)c1ccc(-n2c(-c3ccc(C#N)cc3)cc3c2cc(-c2ccc(C#N)cc2)n3-c2ccc(C#N)cc2)cc1,9.470210075378418
Cc1cc(-c2ccc(C#N)cc2)[nH]c(=NC2CCC(NC(=O)c3ccccc3F)CC2)n1,30.026321411132812
N#Cc1ccc(-n2c(=O)c3cc4c(=O)n(-c5cccc(Cl)c5)c(=O)c4cc3c2=O)cc1,11.823769569396973
Nc1nc(N)nc(N=CN2CCN(C=O)CC2)n1,4.816608428955078
N#Cc1c2c(c(N)[nH]c1=N)C(=O)c1ccccc1-2,22.448904037475586
Cc1cc(C)n(Cc2ccc(-c3ccccc3-c3nnnn3C)cc2)c(=O)c1-c1ccc(-c2ccc(N=C(N)c3ccccn3)cc2O)cc1,33.585201263427734
N#CC(C#N)=c1ccc(=C(C#N)C#N)cc1,5.498979568481445
NC(=O)c1ccc(-c2cc(-c3ccccc3)cc(-c3ccc(-c4nc(Cl)nc(Cl)n4)cc3)c2)cc1,10.942522048950195
CC(C)c1ccc(-n2c(-c3ccc(C#N)cc3)cc3ncc(-c4ccc(-c5ccccc5)cc4)cc32)cc1,17.08704948425293
Cc1cc(C)n2c(nc3ccccc32)c1C#N,14.772833824157715
Clc1nc(Cl)nc(-c2ccc(-c3cc(-c4ccccc4)cc(-c4ccccc4)c3)cc2)n1,5.340810298919678
CNc1cc(=O)nc(N2CCC(N)C2)[nH]1,22.953256607055664
N#Cc1cccnc1,9.010663032531738
Cc1ccc(-c2cc(-c3ccc(N4CCOCC4)cc3)nc(-c3ccc(N)cc3)n2)cc1,14.89150619506836
CCN(CC)c1nc(-c2ccc(C#N)cc2)c(C#N)c(C#N)c1C#N,16.48842430114746
N#Cc1ccc(NN=Cc2cccc(O)c2C=O)cc1,21.57806968688965
Nc1ccc(-c2nc(N=c3nc(N4CCCC4)[nH]c(N4CCOCC4)n3)c3ccccc3n2)cc1,20.69354248046875
N#Cc1ccc(-c2ccc(Cl)cc2)cc1,10.516725540161133
CC(=O)c1ccc(N2C(N)=NC(N)=NC2(C)C)cc1,18.898719787597656
N#Cc1ccc(-c2nc(-c3ccc(N)cc3)nc(-c3ccc(N4C(=O)c5ccc6c7c(ccc(c57)C4=O)C(=O)OC6=O)cc3)n2)cc1,7.783792495727539
C=CCOc1cccc(C)c1CC=C,23.839519500732422
CC(C)c1nnc(-c2ccc(-c3ccc(N4C(=O)OC(C)(C)C4c4ccccc4)nc3)cc2)n1-c1ccccc1,24.569589614868164
Cn1cc(O)c(C=Nc2ccc(-c3nc(-c4ccc(N)nc4)nc(-c4ccc(N)nc4)n3)cn2)c(O)c1=O,15.808574676513672
C=c1c(C#N)c(O)n(CCc2ccc(F)cc2)c(=O)c1=Cc1ccc(-c2cccc(C(=O)O)c2)cc1,27.537586212158203
N#Cc1cc(C(F)F)c(=Nc2ccc(C(N)=O)cc2)[nH]c1N,26.6046199798584
c1ccc(-c2cc(-c3ccccc3)nc(-c3ccccc3)c2)cc1,11.282689094543457
Cc1nc(C=c2[nH]nc3c2=NC(=NCc2cccc(OC(F)(F)F)c2)N=C3N2CC3CC2CO3)c(O)s1,36.167972564697266
N#Cc1ccc(-c2cccc(C#N)c2)nc1,9.801398277282715
Nc1ccc(-c2nc3cc(Cl)ccc3[nH]2)cc1,15.651339530944824
NC(N)=Nc1ccc(Oc2ccccc2)cc1,18.400636672973633
C=CC(=O)Nc1ccc(-c2cc(-c3ccc(C#N)cc3)[nH]c(=N)c2C#N)cc1,18.9637508392334
[N-]=[N+]=Nc1ccc(-c2cc3cc(N)ccc3n2CC(=O)N=C(N)N)cc1,27.358482360839844
CCCc1c(C#N)nc(C#N)nc1-c1ccc(NCc2ccc(C#N)cc2)cc1,24.501220703125
COc1ccc(NC(=O)Cn2c(O)cc(C)c2O)cc1,20.58579444885254
N#Cc1cccc(N=c2nc(-c3cncc(C#N)c3)cc[nH]2)c1,19.38723373413086
Cc1ccc(N)c([N+](=O)[O-])c1,17.065099716186523
Cc1ccc(-c2[nH]c(C3CCOCC3)nc2-c2cc[nH]c(=Nc3cccc(C)c3)n2)cc1,24.845481872558594
Cc1cccc(C(=O)N=c2[nH]c(-c3ccc(N(C)C)cc3)cc3c2c(=O)n(C)c(=O)n3C)c1,25.72429656982422
Cc1ccc2nc(-n3c(-c4ccc(Cl)cc4F)cc4c3cc(-c3ccc(C#N)cc3)n4-c3ccc(C(C)C)cc3)sc2c1,18.057872772216797
CC(c1ccc(C#N)cc1)c1ncc2ccc(-c3ccc(C#N)cc3)nn12,21.037521362304688
Cc1ccc(C=Nc2ccc(-c3cc(-c4ccc(N5C(=O)c6ccccc6C5=O)cc4)nc(-c4ccc(N)cc4)n3)cc2)c(O)c1,20.167034149169922
N#CN=c1[nH]cc(-c2ccc(C#N)cc2)nc1-c1ccc(C#N)cc1,16.602548599243164
N#Cc1ccc(-c2cc(C#N)n3ncc(C#N)cc23)cc1,11.897385597229004
O=CN1CCN(C=NN=c2cnc3ccccc3[nH]2)CC1,16.41383171081543
Nc1ccc2c(c1)S(=O)(=O)c1ccccc1-2,18.672344207763672
CSc1nc2c(c(-c3ccco3)c1C#N)CN(C)CC2,27.383747100830078
N#Cc1cccc(-c2cc(C=Cc3ccc(O)cc3)nc(-c3ccc(N)cc3)n2)c1,17.057676315307617
CN(C)CCC(NC(=O)C=Cc1ccccc1)c1ccccc1,20.387794494628906
C#CCN(Cc1cccc(C#N)c1)c1ccc(C#N)cc1,16.736164093017578
COc1nc(=Nc2cc(C#N)cc(-c3ccc(C(C)(C)C)cc3)c2)nc(C)[nH]1,23.82377052307129
N#Cc1ccc(-c2ccc(C#N)cn2)cc1,10.147478103637695
N#Cc1ccc(N=c2nc[nH]c3ccc(-c4ccc(S(=O)(=O)N5CCOCC5)cc4)cc23)cc1O,17.2868595123291
COc1ccc(-c2ccc(-c3cc(-c4ccc(Cl)cc4)n(CC4CCCN4)c(=O)c3)c(Cl)c2)cn1,32.87839126586914
N#Cc1ccc(Oc2cccc(Cl)c2)c(Cl)c1,16.68048858642578
CCCCn1c(=O)c2cc3c(C)nn(C)c3nc2n(-c2ccc(F)cc2)c1=O,27.319406509399414
COc1cccc(C2CC(c3ccc(-n4cccc4)cc3)=NN2c2ccc(-c3cnc(N4CCC(C)CC4)nc3)cc2)c1,39.382564544677734
Nc1ccc(-c2cc(-c3ccccc3)cc(-c3ccc(-c4nc(Cl)nc(Cl)n4)cc3)c2)cc1,7.536538600921631
N#Cc1ccc2c(c1)N(c1ccnc(C#N)n1)CCC2,18.974822998046875
Cc1ccc(S(=O)(=O)c2c(N)n(-c3ccccc3)c3nc4ccccc4nc23)cc1,19.365877151489258
OCC1OC(N=c2cnc(C(F)(F)F)c[nH]2)C(O)C1O,24.714365005493164
CNc1ccc(-c2nc(-c3ccc(N4CCCC4=O)cc3)nc(-c3cc(C=CC(O)=NO)ccc3O)n2)cc1,32.82672119140625
O=C(O)c1c(-c2cccnc2)c2ccccc2c(=O)n1Cc1ccc(-c2ccccc2-c2nc(=O)o[nH]2)cc1,31.579113006591797
CC(C)=C(CN(C)C)c1ccc(-c2cccc(C#N)c2)cc1,23.961957931518555
N#Cc1ccc(-c2ccc(-c3cccc(NC(O)c4cccc(N)c4)c3)cn2)cc1,27.488040924072266
Cc1ccc(C#N)c(C#N)c1,11.761429786682129
CCN1c2cc(-c3ccc(C#N)cc3)ccc2C(=O)N(C)c2ccc(Cl)nc21,14.017098426818848
Cc1cn(-c2ccc(-c3nc(=Nc4ccc5c(C)cc(=O)n(C)c5c4)cc(C(F)(F)F)[nH]3)cc2Cl)cn1,31.41434669494629
Cc1cc(O)c2c(O)c3c(O)cc(O)cc3cc2c1,22.18498420715332
N=c1nc(N)nc2nc(-c3ccccc3)[nH]n12,18.536863327026367
O=c1cc(-c2ccc(O)cc2)oc2cc(O)ccc12,13.301523208618164
Cc1cc(-c2ccccc2)[nH]c(=NN=Cc2cnc(N3CCOCC3)nc2-c2ccccc2)n1,24.701711654663086
C=C1N=C(c2ccc(C)cc2)C=C(c2ccc(OC)cc2)C1=[N-],25.791818618774414
O=C1CN(C(=O)C=Cc2cccc(CC=Cc3ccccc3)c2)CCN1,28.2578067779541
N#Cc1cccc(-c2n[nH]c(=O)c3c2CCNC3)c1,24.269601821899414
COc1ccc(N=c2nc(-c3ccc(C#N)cc3)nc(C)[nH]2)cc1,23.274850845336914
Nc1ccc(-c2nc(-c3ccc(N)cc3)c3[nH]c(-c4ccc(N)cc4)nc3n2)cc1,20.024059295654297
Cc1c(C#N)cc(-c2ccc(C#N)nc2)cc1C(=O)Nc1ccc(C#N)cc1,30.900806427001953
N#Cc1ccc(-c2cccc(C#N)c2)cc1,6.78846549987793
Cc1cccc(CC(N)c2cc(-c3ccc(C#N)cc3)nc(-c3ccc(C#N)cc3)n2)n1,21.760705947875977
CCCc1c(-c2ccc(C#N)cc2)nc(C)c(C#N)c1O,19.215463638305664
COc1cc2c(cc1OC)C(=O)CC(CN)C2,20.916078567504883
Cc1ccc(-c2nc3ccccc3c(=O)n2-c2cc(C(=O)O)cc(C(=O)O)c2)cc1,22.207794189453125
N#Cc1c2c(c(=O)n3c1CCCCC3)CCCC2,12.39250659942627
Cc1ccc(-n2c(-c3ccc(N)cc3)nc(-c3ccc(C#N)cc3)c(C#N)c2=O)cc1,10.83279800415039
N#Cc1cnn(CC#CCN2CCCC2=O)c1,22.088342666625977
Cc1n[nH]c2nc(C)n(-c3ccccc3)c(=N)c12,18.65001678466797
Cc1c(C(=O)Nc2ccc(C#N)cc2)nnn1-c1ccccc1,17.844619750976562
O=CN1CCN(C=O)CC1,9.695147514343262
CN(Cc1ccccc1)c1oc(-c2ccc(-c3ccc(C#N)cc3)o2)nc1C#N,20.974037170410156
N#Cc1ccc2c(C(N)=O)nccc2c1F,21.401859283447266
N=c1ncc(CN(C(=O)c2ccc(O)cc2O)c2ccc3c(c2)OCO3)c[nH]1,32.463958740234375
Cc1ccc(N)c2c(C#N)c(-n3c(=O)ccc4ccc(-c5ccc(C#N)cc5)cc43)sc12,21.867679595947266
N#Cc1cc2ccccc2c2c1c(C#N)c1ccccn12,23.469085693359375
Nc1cc(O)c(N=Cc2ccc(-c3nc(-c4ccc(C=O)cc4)nc(-c4ccc(C=CC(=O)O)cc4)n3)cc2)cc1O,11.307489395141602
N#Cc1ccc(-c2nc(-c3ccc(N)cc3)nc(-c3ccc(N4C(=O)c5cccc6cccc(c56)C4=O)cc3)n2)cc1,11.194718360900879
CSc1nc(-c2ccc(C#N)cc2)ccc1C#N,15.04299545288086
N#Cc1ccc(-c2ccc(C(=O)NCCN3CCc4ccccc4C3)cc2)cc1,21.044334411621094
CCCCC(=C(c1ccc(O)cc1)c1ccc(O)cc1)c1ccc(O)cc1,17.271358489990234
Cc1cccc(C)c1NC(=O)CNc1ccc(-c2nc(-c3ccc(N)cc3)nc(-c3ccc(N)cc3)n2)cc1,22.557334899902344
Cc1c(CCF)cnn1-c1ccc(NC(C#N)c2ccc(-c3ccc(C#N)cc3)nc2)cn1,33.47757339477539
Nc1ccc(-c2nc(-c3ccc(N)nc3)nc(-c3ccc(N=Cc4c(O)c(C=O)c(O)c(C=O)c4O)nc3)n2)cn1,5.728315830230713
Cc1c(-c2ccc(N)cc2)nc(C#N)c(N)c1C#N,18.347536087036133
N#Cc1ccc(-c2ccc3c(c2)CN2CCC3(c3ccc(Cl)cc3)CC2)cc1,13.797134399414062
Nc1ccc(-c2ccnc(-c3ccc(N)nc3)n2)cn1,6.566340446472168
C#Cc1cn(CCOc2ccc(C#N)cc2)c(=O)[nH]c1=O,21.820199966430664
N#Cc1ccc(-c2ccc3c(c2)c(CCN)cn3Cc2ccccc2)cc1,22.11304473876953
Cc1ccc(-n2[nH]c(=O)c3cc4c(=O)[nH]n(-c5ccc(C#N)cc5)c(=O)c4cc3c2=O)nc1,11.424761772155762
c1ccc2c(c1)[nH]c1ccncc12,18.586854934692383
N#Cc1nc(-c2ccc(N)cc2)nc(-c2ccc(N)nc2)c1-c1ccc(N)cc1,13.647502899169922
Cc1nc(-c2ccc(N=Nc3c(O)[nH]c(=S)[nH]c3=O)cc2)cn1Cc1ccccc1,26.556028366088867
Nc1ccc(-c2cc(=Nc3ccccc3)nc[nH]2)cc1,17.412349700927734
Oc1ccc(C=Nc2ccco2)c(O)c1O,26.275178909301758
N#Cc1cc(-c2ccccc2)cc(-c2cccc(Nc3ccccc3)c2)c1,21.526559829711914
Cc1ccc(-c2ccn(C3c4cc(C#N)ccc4OC(C)(C)C3O)n2)cc1,20.072763442993164
Nc1ccc(N=Nc2c(O)cc(S(=O)(=O)O)c3ccccc23)cc1,16.66343116760254
CNc1ccc(-c2ccc(-c3nc(-c4ccc(N)cc4)nc(-c4ccc(N)nc4)n3)cc2)cc1,15.849630355834961
CN(C)c1ccc(C2SCC(=O)N2N=c2nc(N)c3ccccc3[nH]2)cc1,24.284908294677734
CC(C)C(=O)Nc1ccc(-c2nc3ccccc3c(=O)n2-c2ccc(C(C)C)cc2)cc1,17.85953140258789
COc1nn2cc(-c3nc4c(OCc5ccc(C#N)cc5)cccc4o3)nc2s1,24.178747177124023
N#CC(=CC(C#N)C(=O)Nc1ccc(-c2ccc(C#N)cc2)cc1)CCCO,32.751956939697266
O=C1COc2cc(N=Cc3ccc(O)c(O)c3)ccc2N1,24.67473030090332
N#Cc1c(C=O)c(C(=O)O)c(O)c2c1CCC2,26.676219940185547
Cc1ccc(O)cc1N=Cc1cc(O)c(O)c(O)c1,14.170012474060059
CC(C)c1ccc(-n2c(-c3ccc(C#N)cc3)cc3c2cc(-c2cccc(C#N)n2)n3-c2ccc(C(C)C)cc2)cc1,13.905529022216797
O=C(Cc1nc(=O)cc(N2CCOCC2)[nH]1)Nc1ccccc1,16.425376892089844
Cc1ccc(-c2nc(-c3ccc(N)cc3)nnc2-c2ccc(C#N)cc2)cc1,12.030974388122559
N#Cc1ccc2c(C#N)cc(C#N)cc2c1,9.073482513427734
N#Cc1ccc(C=Nc2ccc(-c3nc(-c4ccc(N)nc4)nc(-c4ccc(N)nc4)n3)cn2)cc1,13.847670555114746
C#Cc1ccc(C2C(CO)N3CCCCN(C(=O)Nc4cccc(OC)c4)CC23)cc1,23.854177474975586
N=C(Nc1ccc(-c2nc3cc(-c4ccc(C(N)=O)cc4)ccc3o2)cc1)c1cccs1,24.3494930267334
Nc1ccccc1Nc1ccc2c(c1)C(=O)c1ccccc1C2=O,16.256206512451172
Cc1ccc(C=CC(=O)c2ccc(-n3c(-c4ccc(N(C)C)cc4)nc4ccccc4c3=O)cc2)cc1,19.17459487915039
Nc1ccc(C(=O)c2noc3ccccc23)cc1,20.761274337768555
Nc1ccc(-c2nc(-c3cccc(O)c3)nc(-c3cccs3)n2)cc1,18.544179916381836
Nc1ccc(-c2nc(-c3ccc(N)cc3)nc(-n3cccc3)n2)cc1,12.557760238647461
Cc1ccc(-n2[nH]c(-c3ccc(N)cc3)cc2=NC(=O)c2cnc(N(C)C)nc2)cc1,21.799428939819336
CN1CCN(c2ccc(N=c3cc[nH]c4ccc(-c5cccc(O)c5)cc34)cc2)CC1,21.666532516479492
Nc1ccc(Cc2cc(C=O)c(O)c(C=Nc3ccc(-c4nc(-c5ccc(N)nc5)nc(-c5ccc(N)nc5)n4)cn3)c2)cc1,13.347190856933594
N#Cc1ccc(-c2cc(C(N)=O)ccc2O)cc1,15.6717529296875
CC1(C)c2ccc(-c3cccc(C#N)c3)cc2C(=O)c2ccc(Nc3ccc(C#N)cc3)cc21,22.5556697845459
N#CC(=Cc1ccc(-c2ccc(C(=O)O)cc2)o1)c1nc2ccccc2[nH]1,17.84688377380371
N#Cc1cc(C#N)c2ccccc2n1,10.445401191711426
Nc1ccc(-c2nccc(-c3ccc(N)nc3)n2)cc1,8.551766395568848
Cc1ccc(-c2nc(N3CCc4ccccc4C3)ncc2C(=O)NC(C)c2ccccc2)cc1,26.602642059326172
N#Cc1ccc(-c2ccc(-c3ccc(C=CC(N)=O)cc3)nc2)cc1,16.266284942626953
CCC(=Nc1cccc(O)c1)c1cc(O)n(-c2ccc(C#N)cc2)c1O,21.149694442749023
Cc1ccc(C(=O)C=Cc2ccccc2Cl)cc1,16.231996536254883
N#Cc1ccccn1,6.218957901000977
CN(C)C=Nc1ccc2c(c1)C(=O)c1cc(N=CCC#N)ccc1C2=O,20.416791915893555
N#CC1=C(c2ccc(C#N)cc2)C2CCC13CCCC(=O)N23,29.8603515625
Cn1c(C#N)c2ccc3c(C#N)cc(C#N)c4ccc1c2c34,16.695600509643555
CC1(C)Nc2ccc(C#N)cc2C2C=CCC21,18.195960998535156
Cc1ccc(Sc2c(C#N)c(-c3ccc(C#N)cc3)cc(-c3ccc(C#N)cc3)c2C#N)cc1,16.628625869750977
O=C(O)c1cc(=NC(=O)c2ccco2)n(-c2ccccc2)[nH]1,22.53118896484375
N#Cc1nc2sc(-c3nc(-c4ccc(N)cc4)nc(-c4ccc(N)cc4)n3)cc2c(C#N)c1Cl,29.1063232421875
N#Cc1ccc(-c2ccc(N)nc2)cc1,6.935847759246826
CC12CCC3C(C(C#N)(C#N)C#N)C1C(=CC#N)CC32,34.832733154296875
CS(=O)(=O)Nc1cc(F)ccc1-c1ccc(C#N)cc1,24.86459732055664
N#Cc1ccc(F)c(-c2ccc(-c3ccc(N)nc3)cc2)c1,17.087682723999023
CN(C)c1ncc(Cc2cn(Cc3ccccc3)c(SCc3ccc(C#N)cc3)nc2=O)cn1,17.423561096191406
CSc1nc2n(n1)C(c1ccc(N(C)C)cc1)C(C(=O)Nc1ccc(Cl)cc1)C(C)=N2,22.08193588256836
CC(N)c1cc(NC(=O)C2(CO)CCC2)nc(C#N)n1,33.117767333984375
N#Cc1cccc(C#N)c1,5.881293296813965
CC(C)c1ccc2c(c1)C1(C)Cc3c(C#N)c(N)n(C)c(=O)c3C(C)(C)C1C2,29.348073959350586
CC(C)OC(=O)N1c2ccccc2Sc2ccccc21,20.929441452026367
N#Cc1ccc(-c2ccc(-c3ccc(-n4c(O)cc5cc(N)ccc5c4=O)cc3)cc2)cc1,24.850412368774414
N#Cc1ccc(C#CCN2CCOCC2)cc1,14.983891487121582
C#Cc1ccc2c(c1)COC2=O,16.62901496887207
CC1=CC(C)(C)Nc2ccc(-c3ccc(C#N)cc3)cc21,15.591856956481934
CC1=Nc2nc(-c3ccc(N(C)C)cc3)nn2C(c2ccc3c(c2)OCO3)C1CO,26.909488677978516
N#Cc1cncc(-c2cc3c(C(=O)O)c[nH]c3cc2Cl)c1,20.9832820892334
N#Cc1ccc(-c2cc(C#N)c3cc(-c4ccc(C#N)cc4)n(-c4nc5cc(=O)occ5s4)c3c2)cc1,28.96551513671875
N#Cc1ccc(-c2ccc(-c3ccc(N)nc3)cc2)cc1,11.690085411071777
N#Cc1ccc(-n2cc(C(=O)O)c(=O)c3cc(F)c(N4CCC(N)C4)nc32)cc1,19.758182525634766
Cc1ccc(-n2cnc3cc(C(=O)N4CCN(C)CC4)ccc32)cc1C,29.02306365966797
C=CCC1(Cc2cc(-c3ccc(C#N)cc3)nc(-c3cccc(C#N)c3)n2)Nc2cccnc2N(O)C1=O,34.830665588378906
Cc1ccc2[nH]c3c(c2c1)C(=O)CN(C(=O)c1ccc(C#N)cc1)C=C3C(=O)OC(C)C,28.61530303955078
Cc1nc(-n2cc(C#N)c3ccccc32)sc1C(=O)C=Cc1ccc(O)cc1,27.95636749267578
Cc1ccc2nc(-n3c(-c4ccc(N)cc4)cc4c3cc(-c3ccc(C#N)cc3)n4-c3nc4ccc(C)cc4s3)sc2c1,12.306219100952148
Cc1cc(N2CC(N)CC(N)C2)[nH]c(=Nc2ccc(-c3ccc(O)c(C=Nc4ccc(-c5nc(-c6ccc(N)cc6)nc(-c6ccc(C#N)[n+]([O-])c6)n5)cn4)c3)cc2)n1,43.90846252441406
NS(=O)(=O)c1ccc(NC(=O)c2cccn(-c3ccccc3)c2=O)cc1,21.710590362548828
Cc1ccc(-c2cc(-c3ccc(C#N)cc3)c(C#N)c(Nc3ccc(C#N)cc3)n2)cc1,18.243722915649414
CN=c1nc(-c2cc(-c3ccc(NC(=O)c4ccncc4)cc3)nc(-c3ccc(N4CCOCC4)nc3)n2)cc[nH]1,26.70588493347168
C#Cc1ccc(-c2c(-c3ccc(C)cc3)c3cc(N)ccc3[nH]c2=S)cc1,31.798189163208008
Cc1nc(-c2nc(-c3ccc(N)nc3)nc(-c3ccc(N=Cc4cc(C=O)cc(C=O)c4O)nc3)n2)ccc1Cl,18.325475692749023
Cc1c(-c2nc(-c3ccc(N)cc3)nc(-c3ccc(N4C(=O)c5ccc6c7c(ccc(c57)C4=O)C(=O)OC6=O)cc3)n2)c(N)n(-c2ccccc2)c1O,17.525821685791016
N#Cc1ccc(-c2nccc3c(C#N)cc(C#N)cc23)cc1,12.39911937713623
Nc1ccc(C=NN=c2ccc(Br)c[nH]2)cc1,20.19608497619629
O=c1cc(-c2ccccc2O)c2cc([N+](=O)[O-])ccc2[nH]1,24.543210983276367
N=C(N)c1ccc(-c2ccc(-c3ccc(C(=N)N)cc3)s2)cc1,14.487936019897461
CN(C)CCC1c2ccccc2-c2ccccc21,16.566726684570312
C#CCN(C(C)=O)c1ccc(C=C2C(=O)Nc3ccc(Cl)cc32)cc1,23.689552307128906
CCn1c(O)cc(O)c(C=Nc2ccc(-c3nc(-c4ccncc4)nc(-c4ccc(N)nc4)n3)cn2)c1=O,24.360334396362305
N#Cc1ccc(-c2nc(-c3ccc(N)nc3)nn2-c2ccc(C#N)cc2)cc1,12.65363883972168
Cn1c(=O)n(-c2ccc(C#N)cc2)c2c3cc(-c4cc(C#N)cc(C#N)c4)ccc3ncc21,18.466083526611328
CC(C)Oc1ccc(-c2nc(-c3ccc(N)nc3)nc(-c3ccc(N=Cc4cc(C=O)cc(C=Cc5cccn5C)c4)nc3)n2)cc1,27.17551040649414
Cc1nn(C(C)C2CC2)c(=O)c(=Nc2c(C)cccc2C)[nH]1,21.39061164855957
N#Cc1ccc(N(c2ccc(C#N)cc2)n2cccc2)cc1,17.84147071838379
Cc1nc(-c2ccc(C#N)cn2)ccc1C(=O)c1ccc(C#N)cc1,16.717544555664062
N#Cc1ccc(-n2cc(C(=O)O)c(=O)c3cc(F)c(N)cc32)cc1,17.114051818847656
CCNc1ccc(-c2ccc(-c3nc(=N)[nH]c(=N)[nH]3)s2)cc1,23.188600540161133
N#Cc1ccc(-c2ccoc2)cc1,11.660540580749512
N#Cc1ccc(-c2nc(-c3ccc(N)nc3)nc(-c3ccc(N=Cc4cc(C=O)c(O)c(C=O)c4O)nc3)n2)cc1,6.254514217376709
Cc1ccc(N2C(=O)NC(=O)C(=Cc3ccc(-c4cccc(C(=O)O)c4)o3)C2=O)cc1,20.497386932373047
CN(C)c1ccc(C=Cc2cccc3nc(C=Cc4ccc(C=NO)c(O)c4)ccc23)cc1,25.29081916809082
N#Cc1cc(-c2ccc(C(N)=O)c(F)c2)nc(C#N)n1,19.509395599365234
Cc1ccc2oc3nc4sc(C#N)c(N)c4cc3c(=O)c2c1,20.594186782836914
N#Cc1ccc(-n2ncc3cccnc32)cc1,15.181228637695312
N#Cc1ccc(-c2ccc(-n3c(-c4ccc(C#N)cc4)cc4ncc(-c5ccccc5)cc43)nc2)cc1,26.239442825317383
CCn1[nH]c(=O)c2cc3c(=O)[nH]n(-c4cccc(C#N)c4)c(=O)c3cc2c1=O,16.707151412963867
CC(C)c1ccc(-n2cc3cc(O)ccc3n2)nc1,25.734216690063477
N#Cc1ccc(Oc2cc3ccccc3cc2C#N)cc1,15.676921844482422
C=c1c(C#N)c(O)n(-c2nccs2)c(=O)c1=Cc1ccc(N(C)C)cc1,30.528284072875977
N#Cc1ccc(-c2nc(=O)c3c(s2)c(C#N)c2n3CCCC2)cc1,20.90869903564453
N#Cc1ccc(C=Cc2ccc(-c3ccc(-n4c(-c5ccccc5O)nc(-c5ccc(C#N)cc5)c(C#N)c4=O)cc3)cc2)cc1,22.67270851135254
N#Cc1ccc(-c2cc(-c3ccccc3)cc(-c3ccc(-c4nc(Cl)nc(Cl)n4)cc3)c2)cc1,7.187081336975098
N#Cc1ccc(CN(C(=O)Oc2ccc(C#N)cc2)c2ccc(C#N)cc2)cc1,17.501750946044922
N#Cc1ccc(-c2c3c(c(C#N)c4ccccc24)CCCC3)cc1,17.181970596313477
N#Cc1ccc(-c2ccc(-c3cc(-c4ccc(C#N)cc4)nc(-c4ccc(N)nc4)n3)cc2)cc1,13.07140827178955
N#Cc1ccccc1-c1cc(C#N)c2ccc3c(C#N)cc(C#N)c4ccc1c2c34,15.872220039367676
N#Cc1ccc(-c2ccc(C=C3Oc4cc(C#CCCO)ccc4C3=O)cc2)cc1,23.730913162231445
Cc1nn(-c2ccc(C#N)cc2)c(=O)c2ccccc12,13.778186798095703
Cc1cc(-c2ccc(N=Cc3ccc(N)cc3)cc2)nc2c1c(=O)oc1cc(C#N)ccc12,29.434904098510742
O=c1c(-c2ccc(O)cc2)coc2c(O)c(F)ccc12,25.256940841674805
COC(=O)c1ccc(-c2nc(-c3ccc(N)cc3)nc(-c3ccc(N)cc3)n2)cc1,17.609966278076172
N#Cc1ccc(-[n+]2ccc(-c3ccccc3)cc2)cc1,12.35323715209961
Nc1cccc2c1C(=O)c1ccc(Nc3nc(Cl)nc(Cl)n3)cc1C2=O,12.733800888061523
Nc1ccc(-c2nc(-c3ccccc3)nc(-c3ccc(NC(=O)C=Cc4ccc(-c5ccc6cc(C=C7SC(=O)NC7=O)ccc6n5)cc4)cc3)n2)cc1,24.966846466064453
Cc1ccc2nc(-n3c(-c4ccc(F)cc4)cc4c3cc(-c3ccc(C#N)cc3)n4-c3ccc(C(C)C)cc3)sc2c1,11.619002342224121
N#Cc1ccc(-c2nc(-c3ccc(C#N)cc3)n(CCOc3ccc(Cc4ccccc4)cc3)n2)cc1,21.687286376953125
CC(C)(C)c1cc(C=O)c(O)c(C=Nc2ccc(-c3nc(-c4ccc(N)nc4)nc(-c4ccc(N)nc4)n3)cn2)c1,12.415236473083496
CC12C(=O)CCC(CO)(CO)C1CCC1=CCC(c3ccoc3)C(=O)C12,40.42989730834961
N#Cc1ccc(F)c(C#Cc2cc(-c3ccc(N4CCNCC4)nc3)nc(C#N)n2)c1,30.705991744995117
CC12CC3(C)CC(C)(C1)CC(C(=O)NN)(C2)C3,24.399688720703125
N#Cc1ccc(N2CCOCC2C(=O)O)nc1,21.797208786010742
Cc1ccc(NN=c2[nH]cnc3sc(C)c(C)c23)cc1,27.169918060302734
Cc1ccc(-c2nc(-c3ccc(-c4ccccc4)cn3)cc[n+]2-c2nc(Cl)nc(Cl)n2)cc1,17.79682731628418
Nc1ccc(-c2nc(-c3ccccc3)nc(-c3ccc(N4C(=O)c5ccc6c7c(ccc(c57)C4=O)C(=O)OC6=O)cc3)n2)cc1,6.284122467041016
Cc1ccc2cc(-c3nnc(-c4cccc5ccccc45)s3)c(N3CCN(C)CC3)nc2c1,24.285961151123047
N#Cc1ccc(-c2nc3n(c2-c2ccccc2)CCCC3)cc1,16.083759307861328
N#Cc1ccc(-c2cc(-c3ccc(N)nc3)nc(-c3ccc(N4C(=O)c5ccc6c7c(ccc(c57)C4=O)C(=O)OC6=O)cc3)n2)cc1,12.740706443786621
Cc1c(C#N)c(N)cc(C#N)c1C#N,15.086026191711426
Cc1cc(N)ccc1S(=O)(=O)Nc1ccc(C#N)cc1,20.938291549682617
N#Cc1cc(-c2ccc(N)cc2)n(Cc2cccc(F)c2)c(=O)c1C#N,31.321369171142578
C#Cc1cccc(C#CC2(CN3Cc4ccc(OC)cc4C3=O)NC(=O)NC2=O)c1,19.363998413085938
CC1(C)C=C(CCn2cc(N)cn2)c2cc(C#N)ccc2O1,34.78746032714844
CC1(C)C(C(=O)Oc2ccc(C#N)cc2)C1(C)C,19.814598083496094
N#Cc1ccc(C2=NN(Cc3c(C#N)ccc(Cl)c3Cl)c3ccccc3C2)cc1,33.491825103759766
Nc1ccc2c(c1)C(=O)c1ccc(Nc3nc(Cl)nc(Cl)n3)cc1C2=O,5.976500511169434
Cc1nc(=NCc2ccc(C#N)cc2)cc(-c2cccc(O)c2)[nH]1,18.114728927612305
CN(C)CCN(C)c1ncc(C#N)c2ccc(-c3ccc(C#N)cc3)cc12,20.338085174560547
N#Cc1c(-c2ccccc2)cc(-c2ccc(-c3nc(-c4ccc(N)cc4)nc(-c4ccc(N)cc4)n3)cc2)[nH]c1=N,17.2371768951416
N#Cc1ccc(-c2cc(C#N)c(C#N)cn2)cc1,12.32021427154541
Oc1c2c(cc3ccccc13)-c1nc3ccccc3n1C2O,30.387964248657227
Fc1ccc(C=Nn2c(-c3ccc(-c4ccccc4)cc3)nnc2-c2cccnc2)cc1,24.249666213989258
N#Cc1cc[n+](CCC[n+]2cccc(-c3ccc[n+](CCCc4cccc(C#N)c4)c3)c2)cc1,38.39440155029297
Cn1cnc(-c2ccc(N)nc2)n1,12.867145538330078
N#Cc1ccc2c(ccc3c(=O)c4cc(N=Cc5ccc(N)cc5)ccc4[nH]c32)c1,26.417381286621094
Cc1cc(C#Cc2cnc(N3CCC3)nc2)nc(N(C)C)n1,30.770118713378906
Cc1nc(C)c(-c2cc(-c3ccc(C=NN=C(N)N)cc3)n(-c3ccc(C(N)=O)cc3)n2)nc1C,27.95158576965332
CC(C#N)Oc1cccc(C#N)c1,18.675689697265625
CN1CCc2ccc(N)c3c2C1C(O)c1ccccc1-3,26.842870712280273
N#Cc1ccc(-c2cc(-c3ccc(C#N)cc3)c3c(C#N)ncnc3c2)cc1,16.7319278717041
N#Cc1ccc(-c2cc[nH]c(=Nc3ccc(C(=O)Nc4cccc(O)c4)cn3)n2)cc1,20.2233943939209
N#Cc1ccc(-c2ccc(-c3cc(-c4cccc(C#N)n4)ncn3)cn2)cc1,18.67155647277832
N#Cc1cc(C#N)c(O)c(CN)c1,17.438486099243164
CN=c1[nH]c2ccc(-c3cnn(C)c3)cc2c2c1ccn2C,30.61823844909668
C=c1cc2c(=Cc3ccc(-c4ccc(C(C)=O)cc4)nc3O)oc(O)c2c(=S)[nH]1,23.187274932861328
Cc1nc(C)n(-c2ccc(-c3nc(-c4ccc(N)cc4)nc(-c4ccc(N)cc4)n3)cc2)n1,14.42115306854248
CNC(=O)c1cc2cc(N=c3nc(C4=CN=C5N=CN5CCC(F)C4)cc[nH]3)ccc2[nH]1,31.40557289123535
CC1=CC2CCC3c4ccc(N)cc4CCC3C2C1,27.499300003051758
CC(C)n1c(C#N)ccc1-c1ncccc1F,25.284757614135742
Cc1cc(-c2n[nH]c3cc(=NC(=O)NCc4ccc(F)cc4)[nH]cc23)ccn1,19.235042572021484
Cc1ccc(C#N)cn1,13.642938613891602
CN(C)CCN(C)Cc1ccc(-c2ccc(-c3nc4cc(C(N)=O)ccc4[nH]3)s2)cc1,25.606962203979492
CCN(Cc1nc(-c2ccc(C#N)cc2)no1)C(C)C,17.563812255859375
Cc1ccc(=O)n(-c2ccc(N=c3cncc(-c4ccc(C#N)cc4)[nH]3)c(F)c2)c1,31.40207290649414
N#CC=Cc1c(-c2ccc(C#N)cc2)n(-c2ccc(C(=O)O)cc2)c2ccccc12,19.92005729675293
C=C(C)c1cc(C=NO)cc(C(C)(C)C)c1O,21.912952423095703
N#Cc1ccc(-c2ccccc2)nc1,9.83821964263916
N#Cc1ccc(-n2c(=O)c3cc4c(=O)n(-c5ccccc5)c(=O)c4cc3c2=O)cc1,7.771812438964844
COc1ccc(-c2cc[n+](-c3nc(Cl)nc(Cl)n3)cc2)cc1,13.157083511352539
N#Cc1ccc(NC(=O)c2ccc(-c3ccc(C#N)cc3)cc2)cc1,12.85434627532959
CN1Cc2cccc(OC3CCNCC3)c2C(c2ccc(S(C)(=O)=O)cc2)C1,30.92218780517578
CN(C)c1ccc(-c2cc(C#N)nc(-c3ccc(C#N)cc3)n2)cc1,15.900115966796875
Nc1ccc(-c2nc(-c3ccc(N4C(=O)c5ccc6c7c(ccc(c57)C4=O)C(=O)OC6=O)cc3)nc(-c3ccc(N)nc3)n2)cc1,10.193072319030762
N#Cc1ccc(CCNc2cc(-n3ncc4cc(C#N)cnc43)ccc2C(N)=O)cc1,26.228721618652344
Nc1ccc(-c2cc(-c3ccc(N)cc3)nc(-c3ccc(N)cc3)n2)cc1,9.946423530578613
C=Cc1ccc(C#N)cc1,9.918132781982422
C[N+](C)(CC[n+]1cccc(-c2ccccc2)c1)Cc1ccc(-c2ccccc2)cc1,32.43016815185547
Oc1ccc(-c2nc(-c3ccccn3)cs2)cc1,22.5356502532959
CNC(=O)c1cc(Cl)cc(C)c1NC(=O)c1nc(C#N)c[nH]1,15.638679504394531
N#Cc1ccc2ccc3c(C#N)cc(C#N)c4ccc1c2c34,10.090694427490234
N#Cc1ccc(-n2c3cn(-c4ccc(Cl)cc4)c(=O)c-3ccc3c(=O)n(-c4ccc(C#N)cc4)c(=O)nc2-3)cc1,20.19158363342285
N#Cc1ccc(C(=O)NCc2cc(O)c(=O)n(-c3ccc(C(N)=O)cc3)c2-c2ccc(C#N)cc2)cc1,26.231672286987305
CCCCCCS(=O)(=O)c1ccc(O)c(C(=O)Nc2ccc(C(=O)O)cc2)c1,28.055278778076172
CC(=O)C=CC=CC=CC(=O)c1ccc(O)cc1O,23.000690460205078
CC[n+]1c(-c2ccc(C=NN=Cc3ccc(O)c(O)c3)cc2)sc2ccccc21,22.180830001831055
N#Cc1ccc(-n2cc(C#N)c3ccc(Nc4ccc5nn[nH]c5c4)nc32)cc1,30.2034854888916
N#Cc1nc(-c2nc(-c3ccccn3)[nH]c(=NC(N)Cc3ccccc3)n2)cnc1N,28.437211990356445
Cn1cc(-c2ccc(C#N)cc2)cc(C#N)c1=O,11.981109619140625
Cc1cc(=N)c2cc(NC(=O)c3occc3C#N)ccc2[nH]1,30.831506729125977
Nc1ccc(-c2cnc3cc(F)ccc3c2)cc1,20.24060821533203
Cn1ncc(-c2cccc(C#N)c2)c(C#N)c1=O,21.070980072021484
Cc1cc(=O)oc2c(C(=O)C=Cc3ccccc3)c(O)ccc12,21.2493896484375
CC(=O)NC(CC1CCCCC1)C(=O)NC(Cc1c[nH]cn1)C(=O)C(N)=O,35.3088493347168
N#Cc1ccc(-c2nc(-c3ccc(N)nc3)nc(-c3ccc(N)nc3)n2)s1,12.889537811279297
Cc1cc2c(cc1O)C1CCC3(C)C(=O)CCC3C1CC2,20.818927764892578
N#Cc1ccc2cnc(-c3ccc(N)cc3)nc2c1,12.378534317016602
COc1ccc(C(C(=O)O)=c2ccc3c(c2)CC=CC=3)cc1,26.632312774658203
CN(C)C=NC1=NCCN1Cc1cccc(C#N)c1,25.26123046875
N#Cc1ccc(-c2nc(C#N)ccc2COCc2ccc(C#N)cc2-c2ccccn2)cc1,17.129148483276367
Cc1nc(-c2ccc3ncccc3c2)cc(=Nc2ncnc(-c3ccncc3)n2)[nH]1,21.950834274291992
C=Cc1cc(C(C)C)n(-c2nccc(-c3ccc(N)nc3)n2)n1,18.02693748474121
Cc1nc(C)n2c(c1C#N)c(-c1ccc(N)cc1)c1ccccc12,20.888477325439453
N#Cc1ccc(-n2c3c(c4ccccc42)C(=O)CCC3)cc1,16.14092445373535
N#Cc1ccc(C=CC(=O)N2CCC(C(N)=O)CC2)cc1,16.458568572998047
CC(=O)Nc1ccc(N=Nc2ccc(C)cc2)cc1,18.697898864746094
Cn1ccc2ccc(-c3c(-c4ccc(C(F)(F)F)cc4)coc3O)cc21,28.03244972229004
Cc1cc(N=c2nc(C(F)(F)F)cc[nH]2)cc(-c2ccc(C(C)(C#N)C(F)(F)Cl)cc2)c1,26.57566261291504
COc1ccc(OC)c(-n2c(=S)[nH]c3ccccc3c2=O)c1,19.95490837097168
Cc1ccc(N=c2[nH]c(C)nc3ccc(N)cc23)cc1,19.221649169921875
CC1(N2CCc3c(-c4ccc(S(N)(=O)=O)cc4)nc(N4CCOCC4)nc32)CCN(C#N)C1,28.263635635375977
Cn1c(N)c(C(=O)Nc2ccc(N3CCOCC3)cc2)c(=O)n(C)c1=O,18.345598220825195
N#Cc1ccc(-c2nc(-c3ccc(N)cc3)nc(-c3ccc(N4C(=O)c5cc6cc([N+](=O)[O-])ccc6nc5C4=O)cc3)n2)cc1,19.56138038635254
N#Cc1ccc(-c2ccc(C(=O)O)cn2)cc1,11.615819931030273
Nc1ccc(-c2nnc(Cc3c[nH]c4ccccc34)o2)cc1,20.203840255737305
CC(=O)Nc1ccc(-c2nc(-c3ccc(N)nc3)nc(-c3ccc(N=Cc4cc(C=O)c(O)c(C=O)c4O)nc3)n2)cc1,14.536128997802734
c1nc(Oc2ccc(-c3cnc(N4CCCC4)nc3)cc2)c2[nH]c(-c3ccc(N4CCOCC4)nc3)cc2n1,26.184720993041992
N#Cc1ccc(-c2cccc(-c3ccc(N)nc3)c2)cc1,12.192950248718262
N#Cc1ccc(Cl)c(NC(=O)N2CCN(c3ncc(-c4ccc(N)cc4)c(-c4ccncc4)n3)CC2)c1,36.399085998535156
N#Cc1ccc(-c2ccc(C#N)c(O)c2)cc1,11.92264461517334
Cn1c(-c2ccc(N)cc2)nc2ccccc21,13.192010879516602
N=c1[nH]cnc2nc(-c3ccc4ccccc4c3)sc12,24.612781524658203
C#Cc1cc(C#N)ccc1C#N,10.299524307250977
CCN1CCc2ccc(N=c3nc4cc(-c5ccc(C#N)cc5)n(-c5ccc(C#N)cn5)c4c[nH]3)cc2CC1,25.968067169189453
N#Cc1c(N)c(C#N)c(-c2ccc(Br)cc2)c2c1CCNCC2,22.7978458404541
C#Cc1cccc(-c2cc3[nH]c(=N)[nH]c(=N)c3cc2-c2cccc(C#N)c2)c1,27.91837501525879
Cc1nc(-c2ccc(N3CCC(C(=O)O)C3)nc2)n2nc(-c3ccc(C#N)cc3)c(C#N)c2n1,29.26791763305664
CN(C)CCNc1ccc(C(=O)C=Cc2ccc3ccccc3c2)cc1,21.39995765686035
N#Cc1ccc(-c2ccc3c(=Nc4ccc(OCc5ccccc5)cc4)[nH]cnc3c2)nc1,20.424901962280273
N#Cc1ccc(-c2ccc(C#N)nc2)cc1,10.6538724899292
Cc1ccc(-c2cc(-c3ccc(C#N)cc3)cc(-c3ccc(-c4ccc(C(F)(F)F)cc4)nc3)n2)cc1,21.774744033813477
N=c1ncn(COC(=O)c2ccccc2)c(=O)[nH]1,21.100723266601562
Cc1cc(-c2nc(-c3ccc(N)nc3)nc(-c3ccc(N=Cc4cc(C=O)cc(C=O)c4O)nc3)n2)ccc1F,17.15641212463379
CC(C)CNC(=O)c1c(O)n(C)c(=O)n(C)c1=O,20.674406051635742
CC1(C)Oc2ccc(-c3ccnc(-c4ccc(C(=O)O)cc4)c3)cc21,24.56391716003418
N#Cc1ccc(-c2cn3c(-c4ccc(C#N)cc4)cnc3cn2)cc1,10.671860694885254
Cc1cc(-c2ccc(C#N)cn2)ccc1C(=O)N1CCN(C=O)CC1,18.879159927368164
Cc1[nH]c(=O)c(C#N)cc1C#N,13.760636329650879
Cc1cccc2ccccc12,13.986443519592285
N#Cc1cc(Nc2ccc3c(c2)C(=O)c2ccc(N)cc2C3=O)nc(C#N)n1,13.984720230102539
N#Cc1cccc(-c2ccc3c(-c4cccc(N5CCOCC5)n4)c(C#N)cnc3c2)c1,33.451419830322266
Cn1c2nc3ccccc3nc2c(=O)n1-c1ccc(C#N)cc1,14.207199096679688
CCN1CCN(c2ccc3c(c2)c2c(n3C)C(=O)N(c3ccc(-c4nc(-c5ccc(N)cc5)nc(-c5ccc(C#N)cc5)n4)cc3)C2=O)CC1,16.674049377441406
Cc1ccccc1Nc1cc(=O)oc2ccccc12,21.467153549194336
Cc1ccc2nc(-n3c(-c4ccc(C#N)cc4)cc4c3cc(-c3ccc(C#N)cc3)n4-c3ccc(C(C)C)cc3)sc2c1,8.150385856628418
CCC(C)=Cc1c(-c2ccc(C#N)cc2)nc2sc(-c3nc(=N)c(C#N)c(N)[nH]3)cn12,31.434612274169922
N#Cc1ccc(C(=O)Nc2cccc(C#N)c2)cc1,12.02506160736084
C#Cc1ccc(-c2nc(-c3ccc(N)cc3)nc(-c3ccc(C#N)cc3)n2)cc1,14.855890274047852
Cc1ccc(-c2cc(-c3ccc(N)cc3)nc(-c3ccc(N)cc3)n2)cc1,11.684762001037598
N#Cc1ccc(-n2[nH]c(=O)c3cc4c(=O)[nH]n(-c5ccccn5)c(=O)c4cc3c2=O)cc1,11.390525817871094
Cn1c(-c2ccc(O)cc2)nc(-c2ccc(O)cc2)c1-c1ccc(Nc2ccccc2)cc1,23.723297119140625
O=C1c2cc(O)c(O)cc2CC(c2ccc(O)cc2)C1c1ccc(O)cc1,18.919713973999023
CCn1c2nc(=O)n(-c3ccc(C#N)cc3)c(=O)c-2cc2ccccc21,18.081573486328125
CCc1nc(C)n2nc(-c3ccc(N(C)C)cc3)ccc12,20.77417755126953
Cc1nnc(-c2c(N)nc(N3CCCCC3)nc2N)o1,27.466949462890625
O=C(C=Cc1ccc(S(=O)(=O)N2CCOCC2)cc1)N1CCN(S(=O)(=O)c2ccc(Cl)cc2)CC1,23.950456619262695
O=c1nc(-c2ccc(NS(=O)(=O)c3ccc([N+](=O)[O-])cc3)cc2)[nH]c2ccccc12,22.091041564941406
Cc1cc(C(=O)N=C(N)N)nn1Cc1cccc2cc(C#N)ccc12,22.582124710083008
N#Cc1ccc(Oc2ccc(C(N)=O)cc2)cn1,18.17376136779785
N#Cc1ccc(-c2ccc(-c3nc(-c4ccc(N)nc4)nc(-c4ccc(N)nc4)n3)cc2)cc1,10.758094787597656
Cc1nnc(-c2ccc(-c3nc(-c4ccc(N)cc4)nc(-c4ccc(N)cc4)n3)cc2)n1-c1ccc(C#N)cc1,15.09206485748291
Cc1ccc(N2CCN(C(=O)c3ccc(C#N)cc3)CC2)c(C)c1,22.59724235534668
Nc1ccc(-c2nc(-c3ccc(N4C(=O)c5ccc6c7c(ccc(c57)C4=O)C(=O)OC6=O)cc3)nc(-c3cccc(O)c3)n2)cc1,11.495695114135742
N#Cc1c(-c2ccc(N)cn2)[nH]c2ccc(-c3cc[nH]c(=N)n3)cc12,28.413108825683594
O=C(O)Cc1ccc(Cc2ccc(-c3ccccc3-c3ccccn3)cc2)cc1,22.236400604248047
N#Cc1cc2nc(-c3cnccc3NCC(O)c3ccc(Cl)c(Cl)c3)[nH]c2cc1F,29.591033935546875
CN(C)c1ccc(C=Nc2ccc(-c3cccc(-c4ccc(N=Cc5c[nH]c6ccccc56)cc4)n3)c(-c3ccccc3)n2)cc1,21.858293533325195
CC[n+]1ccc(Nc2ccc(C(=O)Nc3ccc(-c4cc5ccc(O)cc5o4)cc3)cc2)c2ccccc21,31.334171295166016
N#Cc1ccc(-c2cc3c(cc(-c4ccc(C#N)cc4)n3-c3ccc(C#N)cc3)n2-c2ccccc2)cc1,9.299206733703613
Cc1nc(-c2ccc3ncsc3c2)cc(=NC(C)c2ccc(-c3ccc(C#N)cn3)nc2)[nH]1,13.869368553161621
C=CCOc1ccc(C#Cc2ccc(CC(C)NC(C)=O)cc2)cc1,18.74721336364746
C=c1c(C#N)c(O)n(-c2ccc(C=CC(C)=O)cc2)c1=C,19.299196243286133
CSc1nc2c(C#N)c(-c3ccc(Cl)cc3)c(C#N)c(-c3cccs3)n2n1,30.55290985107422
CN(C)c1ccc(C#N)cc1,10.268566131591797
Cc1cc(N=Nc2c(C)cc(N)cc2C)ccc1-c1nc(-c2ccc(N)cc2)nc(-c2ccc(N)cc2)n1,20.7872314453125
Clc1nc(Cl)nc(-c2ccc(-c3cc(-c4ccccc4)cc(-c4ccc(-c5nc(Cl)nc(Cl)n5)cc4)c3)cc2)n1,8.717921257019043
CN(C)c1ccc(C(=O)N2CCCCC2)cc1,19.720308303833008
N#Cc1ccc(-c2ccc(-c3ccc(C#N)cc3)c(C#N)c2)cc1,13.952180862426758
Nc1ccc(CC(=O)Nc2ccccc2N)cc1,15.526337623596191
N#Cc1ccc(-c2cc(=NC(O)c3c[nH]c(O)c3)[nH]n2-c2ccc(C#N)cc2)cc1,10.977739334106445
C#Cc1ccc(C(=O)Nc2cccc(C#N)c2)cc1-c1ccc(C)nc1,24.34369468688965
CCOc1ccc(N2CC(C)NC(C)C2)cc1,18.107521057128906
CC1(C)Oc2ccc(C#N)cc2C(n2ncccc2=O)C1O,20.209320068359375
O=C(O)c1ccc(-c2cc(-c3ccc(Cl)cc3)cc(-c3ccc(-c4nc(Cl)nc(Cl)n4)cc3)c2)cc1,14.753422737121582
Cc1c(C(=O)NN=Cc2ccc(O)cc2)nn(-c2ccc(Cl)cc2Cl)c1-c1ccc(O)cc1,27.213184356689453
CC1CN(C)CCC1C(=O)N1CCC(F)(F)CC1,32.44382095336914
C=C(c1ccc(C)cc1)c1ccc(-c2ccc(N)cc2)c2ccccc12,25.821170806884766
CC=NC(=O)C(N)Cc1ccc(C#N)cc1,24.399045944213867
COc1cccc(C=Nc2cc(O)c(NS(=O)(=O)c3cc(C)ccc3C)cc2O)c1O,20.72945213317871
N#Cc1c2ccccc2c(C#N)c2cc(N)ccc12,12.216526985168457
CC(C)NC(=O)C(C)C1CCC(CC(C)n2cc(C#CC#Cc3ccccc3)nn2)O1,21.735639572143555
C#CCNCc1cc(Cl)ccc1O,22.666282653808594
N#Cc1cnc(-c2ccc(Nc3cccc4ccccc34)nc2)nc1,26.259185791015625
N#Cc1ccc(-c2c[nH]c(=N)c(-c3nc4cc(-c5ccc(C#N)cc5)ccc4o3)c2)cc1,24.640478134155273
N#Cc1ccc(-c2ccc(-c3ccc(CCC(=O)O)n3-c3ccc(C(=O)O)cc3)cc2)cc1,15.121788024902344
N#Cc1ccc(-c2c(-c3ccccc3)ccc3c(=O)nc(N4CCOCC4)oc23)cc1,20.89160919189453
O=Cc1cc(C=O)c(O)c(C=Nc2ccc(-c3n[nH]c(-c4ccc(Cl)cc4)n3)cn2)c1,18.525238037109375
CC(C)c1ccc(-n2c(-c3ccc(C#N)cc3)cc3ncc(-c4ccc(C#N)cc4)cc32)cc1,11.616668701171875
COc1ccc(-c2nc(-c3ccc(N)nc3)nc(-c3ccc(N4CCN(C)CC4)nc3)n2)cc1OC,20.253122329711914
CC(C)=CCCC(C)=CCCC=C(C)CCC=C(C)CCC=C(C)C,19.249980926513672
N#Cc1ccc(-c2cc(-c3ccc(N=Cc4cc(C=O)cc(C=O)c4O)nc3)nc(-c3ccccn3)n2)cc1,15.595059394836426
N#Cc1ccc(-n2c(Cc3cc(=O)n4c(c3-c3ccc(Cl)cc3)SCC4C(=O)O)nc3ccccc3c2=O)cc1,21.0701961517334
Nc1ccc(-c2nc(-c3ccc(NC=O)cc3)nc(-c3ccc(N4C(=O)c5ccc6c7c(ccc(c57)C4=O)C(=O)OC6=O)cc3)n2)cc1,14.9381685256958
Cc1cnc(CN2CCOc3ccc(-c4ccc(C#N)cc4)cc3C2=O)cn1,12.759532928466797
CC(C)c1ccc(-n2c(-c3ccccc3)cc3c2cc(-c2ccc(C#N)cc2)n3-c2ccc(C(C)C)cc2)cc1,12.284741401672363
NC(=O)c1ccc(-c2ccc(NC(=O)c3ccc4ccccc4n3)cc2)cc1,19.609783172607422
Cc1ccccc1CN1CCC(NC(=O)Nc2ccc(C#N)cc2)CC1,24.14171028137207
Nc1ccc(-c2nc(-c3ccncc3)nc(-c3ccc(N4C(=O)c5ccc6c7c(ccc(c57)C4=O)C(=O)OC6=O)cc3)n2)cc1,9.03117847442627
N#Cc1ccc(-n2c(=O)c3cnc4ccc(C#N)cc4c3n(Cc3ccc(-c4ccccc4)cc3)c2=O)cc1,22.155214309692383
Nc1ccccc1C(=O)N1CCC(N=c2ccc3ccccc3[nH]2)CC1,28.018951416015625
N#Cc1cc(C#N)c2c3ccccc3c3c4c(ccc1c42)CCN=3,15.428207397460938
N#Cc1ccc(-c2nc(O)c(C#N)c(-c3ccc(C#N)cc3)n2)cc1,17.114240646362305
N#Cc1ccc(-c2ccc(C=Cc3cccc(-c4ccc(C#N)cc4)c3)cc2)cc1,19.53602409362793
Nc1ccc(-c2nc(-c3ccc(N4C(=O)c5ccc6c7c(ccc(c57)C4=O)C(=O)OC6=O)cc3)nc(-c3ccccn3)n2)cc1,10.018372535705566
N#Cc1ccc(-c2cccc(-c3cnc4ccc(N)cc4c3)c2)cc1,17.414758682250977
N#Cc1ccc(-c2cc(-c3cccnc3)n3c(-c4ccc(C#N)cc4)cnc3c2)cc1,17.282146453857422
N#Cc1ccc(C(=O)NCc2ccc(C(=O)O)cc2)cc1,17.18800926208496
NC(=O)CCC(NC(=O)OCc1ccccc1)C(=O)O,22.340635299682617
COc1cc(C=CC=CC#N)ccc1O,15.478874206542969
N#Cc1cccc(-c2cc(C#N)c3ccc(C#N)cc3c2)c1,17.926651000976562
Cn1c(-c2cc[nH]c(=Nc3ccccc3O)n2)c(-c2ccc(Cl)cc2)c(=O)n1-c1ccccc1,23.106416702270508
Cc1ccc(S(=O)(=O)Nc2cc(O)c(N=Cc3cc(C)cc(C=O)c3O)cc2O)cc1,16.231691360473633
CCN1C(=O)C(=Cc2ccc3c(c2)OCO3)Sc2ccccc21,23.591434478759766
Nc1ccc2occ(C(c3ccccc3)c3ccccc3)c2c1,26.027437210083008
N=c1[nH]c(=O)c2c3ccccc3c3cc(O)ccc3c2[nH]1,28.044349670410156
O=c1c2ccccc2nc(-c2ccccc2Cl)n1N=Cc1ccccn1,21.540996551513672
CN(C)c1ncc(-c2cc(=NCc3ccc(-c4ccc(C(F)(F)F)cc4)cc3)nc[nH]2)cn1,24.705860137939453
N#Cc1ccc(C(=O)NCC2CCCc3cc4ccc(C#N)cc4c(=O)n3C2)cc1,30.431472778320312
Cc1nc(-n2c(C)nc3ccccc3c2=O)ccc1Br,22.157197952270508
CN=c1[nH]cc(C=CC=CN(C)C)[n+](C)c1C#N,36.60345458984375
C=Cc1c(O)ccc(C=Nc2nc(-c3ccc(OC)cc3)cs2)c1O,21.609352111816406
Cc1cn(Cc2ccc(F)cc2)cc(-c2nc(-c3ccccc3F)no2)c1=N,31.62156105041504
Nc1cc(=O)[nH]c(SCC(=O)Nc2ccccc2F)n1,17.311124801635742
CN1CCN(c2nc(=O)c3cc(NC(=O)C=Cc4ccc(N)cc4)c(Cl)cc3[nH]2)CC1,28.825153350830078
N#Cc1ccc(-c2cc(-c3cc(-c4cnc(N=Cc5cc(C=O)c(O)c(C=O)c5)[nH]4)nc(-c4ccc(N)nc4)n3)ccn2)cc1,16.525266647338867
CC(C)c1csc(-c2ncc(-c3ccc(C#N)cc3)c3ccccc23)c1,31.405010223388672
N#CC(C#N)=Cc1ccc(O)c(O)c1,10.350881576538086
Cc1ccc2nc(-c3ccc(C=NNC(=O)c4ccc(F)cc4)cc3)sc2c1,18.41326904296875
N#Cc1ccc(-c2ccc(C(N)C(=O)Nc3cc(O)[nH]c3O)cc2F)cc1,35.544944763183594
CC1(C)CCc2cc3oc4[nH]n(-c5ccc(C#N)cc5)c(=O)c4c(=O)c3cc2O1,28.111604690551758
CC(C)c1ccc(-n2c(-c3ccc(C#N)cc3)cc3c2cc(-c2ccc(C#N)cc2)n3-c2ccc(C(N)=O)cc2)cc1,10.500850677490234
Cc1ccc(-c2noc(-c3ccc(-n4c(O)c5c(c4O)C4C=CC5C4)cc3)n2)cc1,16.099287033081055
N#Cc1ccc(-c2ccc(Cn3c(=O)n(CC(=O)C(=N)N)c(=O)c4ccccc43)cc2)cc1,29.624357223510742
Nc1ccc(-c2nc(-c3ccc(N4C(=O)c5ccc6c7c(ccc(c57)C4=O)C(=O)OC6=O)cc3)nc(-c3cccc(F)c3)n2)cc1,12.8021821975708
N#Cc1ccc(-c2ccc3[nH]c(=N)n(-c4ccc(C5(N)CCC5)cc4)c3c2)cc1,17.772676467895508
N#Cc1cccc(-c2nc(-c3ccc(N)nc3)nc(-c3ccc(N=Cc4cc(C=O)c(O)c(C=O)c4O)nc3)n2)c1,8.530085563659668
Nc1ccc(-c2nc(-c3ccc(N=Cc4cc(C=O)c(O)c(C=O)c4O)nc3)nc(-c3ccc4c(c3)OCO4)n2)cn1,11.615531921386719
Cc1ccc2nc(-n3c(-c4ccc(C#N)cc4)cc4c3cc(-c3ccc(C#N)cc3)n4-c3nc4ccc(C(F)(F)F)cc4s3)sc2c1,11.192045211791992
CN1CCN(c2nccc(-c3ccc(N4C(=O)c5cc(-c6ccc(C#N)cc6)n(-c6ccc(O)cc6)c5C4c4ccc(C#N)cc4)cc3)n2)CC1,24.04594612121582
COc1ccc(NC(=O)C(C)NC(O)c2cc(O)n(Cc3ccc(F)cc3)c2)cc1,29.493043899536133
CC[n+]1c(C=NO)ccc2ccccc21,21.989988327026367
N#Cc1ccc(Cn2cnc(C#N)c2C(=O)c2cc(C#N)cc(C#N)c2)cc1,21.536705017089844
Cc1cccc(-c2c(-c3ccc(C#N)cc3)cc(C#N)c(=O)n2C)n1,9.776514053344727
Cc1nnc2n1CC(NCc1nc(Cc3ccccc3)no1)CC2,28.50396728515625
C=CC(=O)Nc1ccc(-c2nc(-c3cncc(N)c3)nc(N3CCOCC3)n2)cc1,23.355846405029297
O=c1oc2ccccc2cc1-c1csc(N=c2nccc[nH]2)n1,22.70252799987793
NC(=NN=CCCc1ccccc1)c1ccc(N)cc1,21.05528450012207
COc1ccc(-c2ccc(C#N)cc2)cc1C#N,13.007756233215332
N#Cc1ccc(-c2nc3c[nH]c(=Nc4ccncn4)nc3n(Cc3ccc(F)cc3)c2=O)cc1,27.235387802124023
Cc1ccc2cc(-c3ccc(N)cc3)ccc2n1,20.901716232299805
CN(C)CC(=O)Nc1ccc(C#N)cc1,16.020368576049805
N#Cc1ccc(-n2c(=O)c3cc4c(=O)n(-c5ccncc5)c(=O)c4cc3c2=O)cc1,11.815821647644043
Cc1ccc(CC(=O)Nc2ccc(C(=O)C=Cc3ccc(N)cc3)cc2)cc1,23.560470581054688
N#Cc1ccc(N=Cc2ccc(C=Nc3cc(O)c(N)cc3O)cc2C=O)cc1,19.242158889770508
CN(C)c1ccc(-c2cc(-c3ccc(OC(=O)CCCCCCC(=O)O)cc3)ccc2C#N)cc1,31.355762481689453
Nc1ccc(-c2nc(-c3ccc(-c4cccc5ccccc45)cc3)nc(-c3ccc(N)nc3)n2)cc1,16.600481033325195
N=C(N)NN=Cc1ccc([N+](=O)[O-])cc1,17.74353790283203
N#Cc1ccc(-c2ccc(-c3nnn(-c4cccc(-c5ccc(C#N)cc5)n4)n3)cc2)cc1,22.57533073425293
C#CCOc1ccc(-c2ccc(C#N)cc2)cc1,14.031193733215332
N#Cc1cnc2ccc3c(c2c1C#N)CCCO3,18.282434463500977
N#Cc1cc(C#N)c2cc3c(cc2c1N)OCO3,11.86954402923584
CCCn1c(=O)c2c(nc(-c3ccc(N4CCOCC4)nc3)n2CC(=O)Cc2ccc(C#N)cc2)n(C)c1=O,34.76099395751953
N#Cc1ccc(CSc2nc3cc(-c4ccc5c(c4)C(=O)NCC5)ccc3n2Cc2ccc(S(N)(=O)=O)cc2)cc1,36.45394515991211
N#Cc1ccc(C2Nc3ccc(C#N)cc3C3C=CCC32)cc1,15.909777641296387
N#Cc1cnc(-c2ccccc2)cn1,14.765666007995605
COc1cc2[nH]cnc(=Nc3ccc(F)cc3)c2cc1OC,15.735774993896484
Cc1cccc(-c2ccn3nc(C(=O)NCc4ccc(F)c(F)c4)cc3c2-c2cccc(N3CCNCC3)n2)c1,36.77952575683594
CC(C)(C)c1cc(N)cc(C=O)c1O,19.779478073120117
N#Cc1cc(C#N)c(O)cc1O,11.206757545471191
N#Cc1ccc(NS(=O)(=O)c2ccc3c(c2)C(=O)c2ccc(N4C(=O)C=CC4=O)cc2C3=O)cc1,22.467538833618164
Cc1nc2ccccc2n1-c1nc(-c2ccc(N=Cc3cc(C=O)cc(C=O)c3O)nc2)nc(N2CCN(C)CC2)n1,21.115201950073242
COc1cc2nc(C#N)nc(-c3ccc(N4CCN(C(C)CC(C)C)CC4)cc3)c2cc1OC,33.689029693603516
N#Cc1ccc(N2CCN(S(=O)(=O)c3ccc(-n4cccc4)nc3)CC2)cc1,23.354759216308594
Cc1cc(Cl)[nH]c(=Nc2ccc(C(=O)N=c3cc(-c4ccc(CNC(=S)Nc5ccccc5C)cc4)cc(Cl)[nH]3)cc2)n1,39.99628829956055
Nc1ccc(-c2cccc(=NC(=O)c3cccc(Cl)c3)[nH]2)cc1,24.01088523864746
Nc1ccc(-c2cc(-c3ccc(N=Cc4cc(C=O)cc(C=O)c4O)nc3)nc(-c3ccc(N)nc3)n2)cn1,7.623449325561523
N#Cc1ccc(-c2cc(-c3ccc(N=Cc4cc(C=O)cc(C=O)c4O)nc3)nc(-c3ccc(N)nc3)n2)cc1,9.709976196289062
Cc1nc(C#N)c(C#N)nc1N,15.164172172546387
Cn1cncc1C(OCc1ccc(C#N)cc1)c1ccc(C#N)cc1,16.549076080322266
COc1ccc(CN2C(=O)c3cc4c(=O)c(=O)c4cc3C2=O)cc1,15.94566535949707
CN(C)c1cc(C#N)c(Nc2ccc3c(c2)CCc2ccc(C#N)cc2C3=O)cn1,17.932584762573242
Nc1ccc(-c2cc(-c3ccc(N=Cc4cc(C=O)c(O)c(C=O)c4O)nc3)nc(-c3ccc(N)nc3)n2)cn1,9.139297485351562
CN1CCc2c(sc(N)c2C#N)C1,13.090763092041016
CC(=O)c1ccc(-c2ccc(-c3nc(C#N)cc(N4CCOCC4)n3)cc2C#N)cc1,20.246519088745117
Nc1ccc(-c2nc(-c3ccc(Cl)cc3)nc(-c3ccc(N4C(=O)c5ccc6c7c(ccc(c57)C4=O)C(=O)OC6=O)cc3)n2)cc1,9.58785629272461
Nc1ccc(-c2[nH]c3ccccc3c2C=O)cc1,12.372918128967285
CC(C)C(C=O)NC(=O)NCc1ccc(C#N)cc1,23.02075958251953
O=S(=O)(Nc1ccc2[nH]ccc2c1)c1ccccc1,21.925771713256836
CCCn1cnc2nc(-c3cnn(Cc4ccc(OC)cc4)c3)[nH]c2c1=O,22.802034378051758
N#Cc1ccc(-c2ccn3c(-c4ccc(C(N)=O)cc4)cnc3c2)cc1,12.300772666931152
N#Cc1ccc(-n2cc(C#N)cn2)cc1,15.20681381225586
CC(=O)c1ccc(-c2nc3cc(C)ccn3c2-c2ccc(C#N)cc2)cc1,20.942672729492188
COC(=O)c1cn(Cc2ccc(Cl)cc2)c2nc(=NCc3ccco3)cc(C)n2c1=O,35.4079704284668
Cc1nc(=Nc2ccc(C3CCNCC3)cc2)cc(-c2cc(-c3ccc(C#N)cc3)nn(C)c2=O)[nH]1,29.080371856689453
N#Cc1ccc(N=Nc2nc(-c3ccc4oc(-c5nc(-c6ccc(N)nc6)nc(-c6ccc(N)nc6)n5)cc4c3)[nH]c2N)cc1,38.105552673339844
N#Cc1ccc(N2CCCc3cc(-c4cccs4)n(-c4nccc(C#N)n4)c3C2=O)cc1,27.874120712280273
CN(C)c1ccc(C=Nc2ccc(N=Nc3ccc(N=Cc4ccc(-c5nc(-c6ccc(C=O)cc6)nc(-c6ccc(C=O)cc6)n5)cc4)cc3)cc2)cc1,15.784562110900879
Cn1c(-c2ccc(Cl)nc2)c(-c2ccc(C#N)cc2)cc(C#N)c1=O,13.13935375213623
Cc1cc(C(C)(C)CNS(=O)(=O)c2ccc(F)cc2)ccc1F,32.017555236816406
Cn1cc(-c2ccc(C#N)cc2)cn1,11.622572898864746
Cc1cn(-c2ccc(C(=N)c3nc(-c4ccc(C(=N)N)cc4F)c[nH]c3=N)cc2)cn1,39.76215362548828
Nc1ccc(-c2nc(-c3ccc(N4C(=O)c5cccc6cccc(c56)C4=O)cc3)nc(-c3cccc(O)c3)n2)cc1,12.038820266723633
N#Cc1ccc(-n2c(O)c(O)c(C=Nc3ccc(-c4nc(-c5ccc(N)nc5)nc(-c5ccc(N)nc5)n4)cn3)c2O)cc1,12.9337797164917
N#Cc1ccc(-c2ccc3c(C#N)cc(O)cc3c2C#N)cc1,24.450122833251953
CCCCCc1ccc(C#N)cc1,14.1136474609375
NCCNCCCCN=c1cc[nH]c2cc(Cl)ccc12,22.08717918395996
N#Cc1ccc2[nH]c(=O)c(-c3nc(-c4ccc(N)nc4)nc(-c4ccc(N)nc4)n3)c(N)c2c1,19.59625244140625
Oc1ccc(-c2cc(-c3ccc(O)cc3)on2)cc1,14.052796363830566
CC(C)c1ccc(-c2nc(-c3ccc(N)cc3)nc(-c3ccc(N4C(=O)c5ccc6c7c(ccc(c57)C4=O)C(=O)OC6=O)cc3)n2)cc1,12.438136100769043
Nc1ccc(O)c(C=O)c1,14.566343307495117
NC(=O)c1ccc(N=Nc2ccc(N=Nc3ccc(N=Nc4ccc(N=Nc5c(=O)[nH]nc6ccccc56)cc4)cc3)cc2)cc1,27.673254013061523
N#Cc1ccc2c(C(=O)c3ccc(O)cc3)c[nH]c2c1,21.557415008544922
COc1cc(C=CC(=O)NCCc2ccc(C)cc2)ccc1O,19.448413848876953
N#Cc1ccc(CCNCc2cc(-c3ccc(C#N)cc3)no2)cc1,18.205350875854492
N#Cc1ccc(=NC2CCc3ccccc32)[nH]c1,22.661497116088867
COc1ccc(C=Nn2c(-c3ccncc3)n[nH]c2=S)cc1,16.31312370300293
Nc1ccc(-c2nc(-c3ccc(N)cc3)c3ccccc3n2)cc1,12.557766914367676
Cc1cc2c(cc1-c1cccc(-c3ccc(C#N)cc3)c1)C(C)(C)CCC2(C)C,17.813629150390625
N#Cc1ccc(C=C2Cc3cc(O)ccc3C2=O)cc1,13.946603775024414
N#Cc1ccc(-c2cc(F)c3c(C(F)(F)F)nn(-c4ccc(C(N)=O)cc4)c3c2)cc1,14.953768730163574
N#Cc1ccc(-n2c(C=Cc3cn(-c4ccccc4)nc3-c3ccccc3)nc3ccccc3c2=O)cc1,24.510263442993164
CNC(=O)c1ccc(Nc2ccc(C#N)cc2)c(S(=O)(=O)c2cccc(C#N)c2)c1,28.633804321289062
O=C(CSCC(=O)Nc1ccccc1)Nc1ccccc1,23.780651092529297
CC(C)c1ccc(-n2c(-c3ccc(C#N)cc3)cc3c2cc(-c2ccncc2)n3-c2ccc(-c3ccc(C#N)cc3)cn2)cc1,17.2662353515625
CCCN(C)c1ccc(C=Cc2cnc(C=Cc3ccccc3)c(-c3ccc(Cc4ccccc4)cc3)n2)cc1,31.039138793945312
N#Cc1ccc(-c2nc(-c3ccc(N=Cc4cc(C=O)cc(C=O)c4O)nc3)nc(-c3ccccn3)n2)c(Cl)c1,18.72751808166504
N#Cc1ccc(F)c(C#N)c1,9.921855926513672
O=S(=O)(N=c1[nH]ccs1)c1ccc(Oc2ccc(-c3cscn3)cc2)cc1,25.775089263916016
CC1(C)OC(=O)Nc2ccc(-c3ccc(C#N)cc3)cc21,12.154989242553711
CC(C)c1ccc(-n2nc(-c3ccc(N)cc3)nc2-c2ccc(C#N)cc2)cc1,14.371265411376953
CCN=c1cc(-c2ccc(N)cc2)nc(-n2cc(C=O)c3ccccc32)[nH]1,24.570791244506836
N#Cc1ccc(-c2ccc(CN=c3nc[nH]c4cc(C#N)ccc34)cc2)c(C#N)c1,24.608795166015625
ClCCN=C1N=CCc2ccccc21,23.012510299682617
c1ccc(Cn2c(CNc3ccc(-c4nc5ccccc5s4)cc3)nc3ccccc32)cc1,21.02207374572754
CC1(C)CC=C(c2ccc(C#N)cc2)c2ccc(C#Cc3ccc(C#N)cc3)cc21,15.335901260375977
NC(=O)c1c(N)n(C2CC2)c2ccc(-c3ccccc3)cc2c1=O,22.00411033630371
CS(=O)(=O)c1ccc(-c2ccc3[nH]cnc(=Nc4cccc(C#N)c4)c3c2)cc1,20.434919357299805
COc1ccc(C(=O)C=Cc2cc(OC)c(O)c(OC)c2)c(O)c1,19.332237243652344
Cc1ccnc(-c2nc(=Nc3ccc(N4CCN(C)CC4)cc3)[nH]cc2F)c1,25.90462875366211
N#Cc1ccc(-c2nn(-c3ccc(C#N)cc3)cc2-c2ccccc2)cc1,15.108416557312012
Cc1ccc(-c2nc(-c3ccc(C#N)cc3)nnc2-c2ccc(N)cc2)cc1,15.663341522216797
CC(N=c1[nH]cnc(N)c1-c1cccc(O)c1)c1nc2ccc(C#N)cc2n1C,21.02083396911621
N#Cc1ccc(-c2ccc(C#N)cc2C#N)cc1,13.089319229125977
N#Cc1c(N)n(Cc2ccc(Cl)cc2)c2ccccc12,17.49043846130371
O=C1OC(=O)c2cccc3cccc1c23,14.209604263305664
N#Cc1ccc(-c2cc(-c3ccc(N)cc3)nc(-c3ccc(C#N)cc3)c2)cc1,10.946971893310547
Cc1cc(C)c(N=c2nc[nH]c3ccc(NC(N)=O)cc23)c(C)c1,21.399213790893555
COc1ccc(-c2cc(C#N)c3c(c2)C(C)c2cc(C#N)ccc2-3)cc1,21.546960830688477
Cc1cc(C#N)nc(-c2ccc(C#N)cn2)c1C#N,18.102237701416016
CC(N=c1nc(-c2cnc(N3CCOCC3)nc2)cc[nH]1)c1ccccc1,22.007593154907227
N#Cc1ccc(-c2cc(-c3ccc(C#N)nc3)n3c(-c4ccc(C#N)cc4)nnc3c2)cc1,14.63720417022705
O=C(COc1ccccc1)Nc1ccc2[nH]c(=O)[nH]c2c1,21.81952476501465
Cc1ccc(O)c(CC=O)c1,22.13867950439453
NC(=O)c1ccc2[nH]c(-c3ncccc3Nc3cccc(-n4ncc5cc(-c6ccc(N)nc6)cnc54)c3)nc2c1,37.38920211791992
N#Cc1cc(C=Cc2ccncc2)c2ccccc2n1,20.70326805114746
N#Cc1ccc(CN2CCC3C2CC(=O)N3Cc2cccc(C#N)c2)cc1,26.095230102539062
Nc1ccc(-c2csc(-c3ccc(Oc4ccc(C(F)(F)F)cn4)cc3)n2)cc1,23.04045295715332
CCC(C(=O)NC(C)c1ccc(-c2ccc(N)c(C#N)c2)nc1)c1ccc(-c2ccc(C#N)cc2)cc1,34.217041015625
CC(=Cc1ccc(C#N)cc1)n1cnc(S(N)(=O)=O)n1,27.524202346801758
CCCS(=O)(=O)NC(=O)N=c1nc(-c2ccc(C#N)c(C#N)c2)cc(-c2nc(CN)no2)[nH]1,40.07905960083008
N#CCNC(=O)C(Cc1ccccc1)NC(=O)c1ccc(-c2nc(-c3ccc(N4CCCC4)nc3)nc(-c3ccc(N4CCNCC4)nc3)n2)cc1,36.9036865234375
N#CC(=Cc1ccc(-c2nc(-c3ccc(C=O)cc3)nc(-c3ccc(C=O)cc3)n2)cc1)c1c[nH]c2ccccc12,25.17142677307129
Cc1nc(-c2cccc(C#N)c2)cc(=NCc2ccc(-n3cncn3)cc2)[nH]1,23.571561813354492
Cc1ccc2nc(-c3ccc(C=CC(=O)c4ccc(-c5ccccc5)cc4)cc3)sc2c1,21.730518341064453
N#Cc1ccc(C(=O)N=c2[nH]c(-c3ccccc3)cs2)cc1,16.334197998046875
Oc1ccc(C=Nc2ccccc2O)cc1,18.477712631225586
CCN1CCN(CC2SC(c3ccc(N)cc3)N(c3ccc(-c4ncnc(N(C)Cc5ccc6c(c5)OCO6)n4)cc3)C2=O)CC1,33.5411376953125
N#Cc1ccc(-c2ccc3c(c2)CCC32NC(=O)NC2=O)cc1C#N,18.688398361206055
CC(C)C(=NC(=O)CCc1ccc(F)cc1)C(=O)c1ccc(C#N)cc1,29.938514709472656
CC(C)c1ccc(-n2c(-c3ccc(C#N)cc3)cc3c2cc(-c2cccc(CC(=O)O)c2)n3-c2ccc(C(C)C)cc2)cc1,17.93828582763672
Nc1ccc(-c2ccnc(-c3cccnc3)n2)cn1,14.02648639678955
N#Cc1c(-c2ccccc2)[nH]c(-c2ccc(N)cc2)nc1=O,11.483393669128418
C=CCCCCCCCCCC(C)C,20.71217918395996
CC(C)CC(=O)c1c(O)c(O)n(-c2ccc(-c3ccon3)cc2)c1-c1ccc(C#N)cc1,14.784570693969727
Cc1nc(-c2ccc3[nH]ccc3c2)cc(=NC(C)c2cccc(O)c2)[nH]1,21.125856399536133
CC(C)c1ccc(-n2[nH]c(=O)c3cc4c(=O)[nH]n(-c5ccc(C#N)cc5)c(=O)c4cc3c2=O)cc1,9.456685066223145
Nc1ccc(-c2csc(=Nc3ccc(CCN4CCCCC4CO)cc3)[nH]2)cc1,25.480525970458984
C#Cc1cccc(C#N)c1,8.766658782958984
CC(C(=O)c1ccc(C#Cc2ccc(C#N)cc2)cc1)N(C)C,22.075504302978516
Cc1cc(-c2ccc(C#N)cc2Cl)n2nc(-c3ccc(N4CCN(C)CC4)cc3)nc2n1,29.743568420410156
C#CC(=O)Nc1ccc(-c2cc(-c3ccc(N=Cc4ccccc4O)cc3)nc(-c3ccccc3)n2)cc1,22.838695526123047
CC(N=c1nc(N2CCOC2=O)cc[nH]1)c1ccc(C#N)cc1,16.438217163085938
Cc1nc(=Nc2ccc(-c3ccc(-n4c(-c5ccc(C#N)cc5)cc5ccccc54)cc3)cc2)cc[nH]1,27.494203567504883
CCn1c(-c2ccccc2)nc(=O)c2cnc(=Nc3ccc(N4CCOCC4)cc3)[nH]c21,20.44657325744629
Cc1cc(-c2cc[n+](-c3nc(Cl)nc(Cl)n3)cc2)ccn1,10.964600563049316
N=C(N)c1ccc(-c2ccc(-c3ccc(C(=N)N)cc3)o2)cc1,14.805919647216797
Cc1cc(-c2ccc(C(=O)O)cc2)ccc1-c1ccc(-c2cccc(Cc3nsc4ccccc34)n2)nc1,44.20478439331055
N#Cc1ccc(-c2cc3c(cc(-c4ccc(CN5CCOCC5)cc4)n3-c3ncccn3)n2-c2ccc(C#N)cc2)cc1,23.103443145751953
NC(=O)c1cc(-c2ccc(F)cc2F)c2ccc(-c3cccc(N4CCOCC4)n3)cc2n1,26.06011390686035
N#Cc1ccc(N=c2ccc3cc4[nH]c5ccccc5n4c(=O)c3cc2C#N)cc1,22.39055824279785
N#Cc1ccc(-c2cc(=N)c(=O)n(CC(=O)N3CCCC3C#N)[nH]2)cc1,22.032424926757812
Cc1ccc2nc(-c3ccc(N)cc3)c(C#N)cc2c1,16.685029983520508
Cc1cc(O)c(C(C)C)cc1C=Nc1ncc(-c2nc(-c3ccc(N)nc3)nc(-c3ccc(N)nc3)n2)[nH]1,17.10138702392578
N#Cc1ccc(-c2sc(-c3ccc(N)cc3)nc2-c2ccc(F)cc2)cc1,14.803293228149414
CC1C(=O)CC2C1=CCC(C)C2(C)CCC1CCOC1=O,29.540250778198242
CC(=O)Nc1cc(NC(=O)c2ccc(-c3ccc(C#N)cc3)cc2)ccc1O,19.76709747314453
CCCCCc1nc(-c2ccc(N)nc2)ccc1C#N,20.742021560668945
N#Cc1ccc(F)cc1,8.00413990020752
CC1=CC(C)(C)NC(=S)N1c1ccc(Cl)cc1,17.736557006835938
N#Cc1c[nH]c2ccc(-c3ccc4nc(-c5ccc(N)cc5)sc4c3)cc12,24.878280639648438
Cc1cccc(C#N)c1,11.547130584716797
Nc1ccc(-c2nc(-c3ccc(N4C(=O)c5ccc6c7c(ccc(c57)C4=O)C(=O)OC6=O)cc3)nc(-c3cccnc3)n2)cc1,11.333824157714844
CN(C)c1ccc(C=Nc2cc(O)c(Nc3cccc(Cl)c3)cc2O)cc1,17.429929733276367
N#Cc1ccc(-n2c(C=Cc3ccccc3O)nc3ccccc3c2=O)cc1,16.446870803833008
Cc1ccccc1-c1nc(-c2ccc(N(C)C)cc2)c(-c2ccc3[nH]c(-c4ccc(C(=O)O)cc4)nc3c2)nc1C#N,35.00143051147461
C=CC(=O)N1CSC(C(=O)c2ccccc2)C1c1ccccc1,28.414831161499023
N#CC=Cc1ccc(-c2nc(-c3ccccc3)c(-c3ccccc3)[nH]2)cc1,16.978790283203125
O=C1c2ccccc2-n2c1nc1ccccc1c2=O,15.530118942260742
Cn1c(COC(=O)c2ccc(C#N)cc2)c(-c2cnc(C#N)cn2)cc(C#N)c1=O,24.539533615112305
Cc1ccc(S(=O)(=O)Nc2ccc(-c3nc(N=O)n(-c4ccc(C#N)cc4)n3)cc2)cc1,20.358299255371094
N#Cc1ccc(-c2ccc3c(=N)[nH]c(=N)[nH]c3c2)cc1,13.565266609191895
N#Cc1c(N)sc2c1CCCCCC2,14.95473861694336
O=C(O)C=Cc1ccc(Cc2ccc(-c3nnc(Cc4ccccc4)nc3-c3ccccc3)cc2)cc1,31.29122543334961
CC1(C)C=Cc2cc(C#N)ccc2O1,13.26242733001709
N#Cc1ccc(-c2cn(CCNc3cccc(Cl)c3)c3nc[nH]c(=N)c23)cc1,29.182357788085938
N#Cc1ccc(-c2cc[n+](-c3nc(Cl)nc(Cl)n3)cc2)cc1,8.476003646850586
CC(=O)NC(Cc1ccccc1)C(=O)NC(Cc1ccccc1)C(O)CC(C)NC(=O)C(N)C(C)C,31.41706085205078
O=C(O)c1cc(Br)c(O)c(Br)c1O,20.211977005004883
C=c1c(=Cc2[nH]c(=O)n(Cc3ccc(C#N)cc3)c2O)cc(C)n1CCO,23.86960220336914
N#Cc1ccc(-c2nc(-c3ccncc3)nc(-c3ccc(N=Cc4cc(C=O)c(O)c(C=O)c4O)nc3)n2)cc1,11.897088050842285
N#Cc1cccc(Cl)n1,10.437847137451172
CC(=O)c1ccc(-c2ccc(-c3ccc(-c4c[nH]c(-c5ccc(C(=O)O)cc5)n4)c(O)c3)cc2)cc1,31.70067596435547
N#Cc1ccc(OCCCC(=O)Nc2ccc(NC(=N)N)cc2)cc1,27.30217170715332
N#Cc1ccc2ccccc2c1,14.790253639221191
N#Cc1ccc(-c2ccc(C(=O)NC(C(=O)N=C3CCCCC3C(=O)O)c3cccc4ccccc34)cc2)cc1,32.77052307128906
Cn1c(=O)c2ccccc2n(C)c1=O,11.960601806640625
Cc1c(C#N)cc(C#N)c2cc3c(cc12)OCO3,12.721965789794922
N#Cc1ccc(-n2cccc(F)c2=O)nc1,18.160606384277344
Nc1ccc2ccccc2c1,10.575087547302246
Nc1ccc(-c2noc(-c3ccc(N)cc3)n2)cc1,12.329145431518555
Cc1c(CC(=O)O)c2cc(Cl)c(C#N)cc2n1Cc1ccc(-c2ccccc2C#N)cc1,32.16170883178711
COc1ccnc(OC)n1,16.557235717773438
FC(F)(F)c1ccc2c(=Nc3ccc(-c4cc(-c5ccncc5)nc(N5CCOCC5)n4)cc3)cc[nH]c2c1,18.65266990661621
N#Cc1ccc(-c2ccc(C#N)s2)cc1,11.371391296386719
CCOC(=O)c1ccc(-n2c(O)cc(NNC(=O)c3ccc(Cl)cc3)c2O)cc1,21.406341552734375
N#Cc1ccc(-c2c(-c3ccc(CO)cc3)nc3ccccn23)cc1,15.8670654296875
Cc1c(C#N)c2c(cc(-c3ccc(C#N)cc3)n2-c2ccc(C#N)cc2)n1-c1ccc(C#N)cc1,15.218526840209961
N#Cc1cccc(-c2ccc(C(=O)NC(Cc3ccccc3)C(=O)C(N)=O)cn2)c1,24.619733810424805
CCN=c1ccn(C)c2cc(-c3ccc4c(c3)OCO4)ncc12,25.009777069091797
Cc1n(C)c2ccccc2[n+]1-c1n[nH]c(=O)n(-c2ccccc2)c1=O,24.40009117126465
CC12CC(c3ccc(N)cc3)C1(c1ccc(C#N)cc1)C2,24.927505493164062
N#CN1CC2CC(C1)CN(C(=O)c1cnccn1)C2,24.739286422729492
N#Cc1ccc(-c2cnc3cc(-c4ccc(C#N)cc4)n(-c4nc5ccccc5s4)c3c2)cc1,14.884489059448242
Nc1nc(-c2ccc(-c3ccc(-c4cc(-c5ccccc5)cc(-c5ccc(-c6nc(Cl)nc(Cl)n6)cc5)c4)cc3)cc2)cnc1C(=O)O,20.927534103393555
O=Cc1ccc(C=Cc2ccc(Cc3ccccc3)cc2)cc1,17.765247344970703
Clc1ccc(-c2nnc3sc(-c4ccco4)nn23)cc1,20.526817321777344
O=Cc1cc(O)c2c(c1)C(=O)c1ccc(O)cc1C2=O,16.68134307861328
C#Cc1c(C#N)c(CC)[nH]c(=N)c1C#N,17.639644622802734
N=c1nc(-c2ccc(-c3ccccc3)cc2)[nH]c(=N)[nH]1,14.05766773223877
CC(C)CC(=O)c1cc(=N)c(C#N)c(-c2ccc(N)cc2)[nH]1,25.759817123413086
N#Cc1ccc(-c2ccc(S(=O)(=O)Nc3ccc(-c4ccc(C(=N)N)nc4)cc3)cc2)cc1,22.169483184814453
Nc1ccc(-c2ccc3c(c2)CCc2ccccc2C3=O)cc1,25.387107849121094
CC(=O)Nc1ccc(-c2cc(=Nc3ccccn3)nc[nH]2)cc1,21.169219970703125
CC(=O)N=c1nc(-n2ccc(C)n2)nc(-c2cccc(N)c2)[nH]1,24.99458122253418
N#Cc1ccc(-c2nc(-c3ccc(N)nc3)nc(-c3ccc(N)nc3)n2)cn1,11.606829643249512
Cc1cc(-c2ccccc2)n(-c2ccc(C(=O)C=Cc3ccc(F)cc3)cc2)n1,20.21995735168457
N#Cc1ccc(-n2cc(-c3ccc(Oc4ccc(Cl)cc4)cc3)nn2)cc1,21.93039321899414
Nc1ccc(-c2nnc(Sc3ccc(-n4c(O)ccc4O)cc3)s2)cc1,23.487003326416016
N#Cc1ccc(-c2cc(C#N)ccc2C#N)cc1,9.666975975036621
CC(C)CC(=O)N1CCN(Cc2ccc(C#N)cc2)CC1,19.46832275390625
CCN(CC)c1ncnc(C#N)n1,11.224934577941895
O=C(Cc1ccc(-c2ccccc2)cc1)NCCN=c1cc[nH]c2cc(Cl)ccc12,21.011802673339844
Cc1nsc(-c2nc3n(c2C#N)CCN(c2ccc(-c4ccc(C#N)cc4)cn2)C3)n1,25.61827278137207
N#CC=C(C#N)c1nnc(-c2ccccc2)o1,18.274532318115234
N#Cc1cc(C#N)c2c(F)c(-c3cccc(N)c3)ccc2c1,21.123193740844727
CCc1nc2c(NC(=O)CCc3ccccc3)ccc(-c3ccccc3C)c2n1C,41.27723693847656
N#Cc1ccc(Nc2ccc(-c3nc(-c4ccc(N)nc4)nc(-c4ccc(N)nc4)n3)c([N+](=O)[O-])c2)cc1,22.295167922973633
Nc1ccc(-c2cc3cc4c(cc3c(=O)o2)OCO4)cn1,15.484758377075195
COc1cc(C(=O)NC(c2ccccc2)c2ccccc2Cl)ccc1-c1ccnc(C)c1,29.898685455322266
CC1(C)CCC(C)(C)c2c1ccc1c(C#N)cc(C#N)cc21,12.388020515441895
CC(C(=O)NCc1ccc(C(F)(F)F)nc1-c1ccc(C(F)(F)F)cc1)c1ccc(NS(C)(=O)=O)c(F)c1,21.375303268432617
N#Cc1ccc(CNC(C=O)c2ccc(-c3ccc(C#N)cc3)cc2)cc1,23.477724075317383
O=C(O)c1ccc(N=Cc2ccc(C=Nc3cc(O)ccc3O)cc2)cc1,13.293100357055664
Oc1cc(N=Cc2c[nH]c3ccccc23)c(O)cc1N=Cc1ccco1,19.82380485534668
N#Cc1ccc(-c2nc(C=Cc3cccnc3)nc(-c3ccc(N)cc3)n2)cc1,18.508920669555664
N#Cc1ccc(Cc2cc(-c3ccc(C#N)cc3)ccn2)cc1,19.18442153930664
N#Cc1ccc(-c2cnc3ccc(C#N)cc3c2)cc1,14.995721817016602
C#Cc1nc(-c2ccc(C#N)cc2)nc(-c2ccc(N)nc2)n1,11.461777687072754
N#Cc1ccc(-c2ccc3ccc(=O)n(-c4cnc(-c5ccnc(C(F)(F)F)c5)cn4)c3c2)cc1,22.56608009338379
N#Cc1ccc(-c2cn3c(-c4ccc(C(N)=O)cc4)cnc3cn2)cc1,10.604151725769043
N#Cc1ccc(-n2nc(-c3ccc(N)[n+]([O-])n3)nc2-c2ccc(N)cc2)cc1,16.516340255737305
Cc1c(C#N)cn(-c2ccc(F)cc2)c(=O)c1C#N,18.37466049194336
N#Cc1ccc(-c2cncc(C#N)c2)cc1,11.796889305114746
O=C(Nc1cccnc1)c1cc(-c2ccc(Cl)cc2)nc2ccccc12,20.341415405273438
N#Cc1ccc(-c2nnc(-c3ccc(C#N)cc3)n2-c2ccc(C#N)cc2)cc1,14.801324844360352
N#Cc1cccc(-c2ccc(-c3ccccc3)cc2)c1,14.899667739868164
Cc1[nH]c(-c2cccc(-c3ccc(=O)n(C)c3)n2)cc1C#N,31.06195640563965
Cc1cc(C(C)C)c2cc3c(cc2c1C#N)CCC3,22.193035125732422
N#Cc1ccc(-c2c(-c3ccc(N)cc3)[nH]c3nccc(C#N)c23)cc1,20.07916259765625
N#Cc1ccc(NC(=O)Nc2cn(-c3ccccc3F)cn2)cc1,26.826093673706055
C(=Nc1ccccc1)c1ccccc1,14.874284744262695
N#Cc1ccc(-c2nc3sc(C#N)cc3c(=N)[nH]2)cc1,21.409082412719727
Cc1ccc(-n2ncc3c(N)c(C(N)=O)nnc32)cc1,21.128753662109375
N=Nc1nc(-c2ccc(N)cc2)nn2c(-c3ccc(-c4nc(-c5ccccc5)cc(-c5ccco5)n4)cc3)c3ccccc3c12,38.74465560913086
N#Cc1ccc(-c2cc(-c3ccc(N4CCCC4)cc3)nc(-c3ccc(N=C=S)cc3)n2)cc1,19.16936492919922
Cc1c(C#N)c(O)n(-c2cccc(-c3ccc(C#N)cc3)n2)c1-c1ccc(C#N)cc1,23.514314651489258
C=c1[nH]c(=Cc2c(O)[nH]c3ccc(NC(=O)c4ccc(C#N)cc4)cc23)c(C)c1C(=O)O,18.874935150146484
Cc1cc2oc(=O)c(C#N)c(C)c2c2cccc(O)c12,28.175762176513672
CN(C)c1ccc(C=Nc2ccc(-c3cc(-c4ccc(N)cc4)nc(-c4ccc(N)cc4)n3)cc2)cc1,13.07720947265625
CC1CN(c2ccc(C#N)cc2)c2cncn2C1,19.781335830688477
COc1ccc(-c2ccc(-n3cnn(CC(=O)NC(C)(C)C)c(=O)c3=O)c(F)c2)cc1,32.29606628417969
N#Cc1ccc(C=Cc2cc(C#N)c3ccc(C#N)cc3n2)cc1,15.492985725402832
N#Cc1ccc(-c2nc3cc(C#N)ccc3n2-c2ccc(C(=O)O)cc2)cc1,18.05368423461914
O=C(Cc1cccc(F)c1)N1C(=O)C(Cl)(Cl)C1c1ccccc1,32.88627624511719
N#Cc1ccc(-n2[nH]c3c(O)c4c5c(=O)ccc=5c(=O)c(=O)c4cc3c2=O)cc1,27.897594451904297
CN1CCN(c2ccc(-c3nc(N4CCOCC4)c4ccc(-c5cccc(C#N)c5)nc4n3)cc2)CC1,17.605836868286133
Nc1ccc2c(c1)C(=O)c1cc(Nc3nc(Cl)nc(Cl)n3)ccc1C2=O,8.779313087463379
Cc1ccc2oc(-c3c(C(O)O)[nH]c4cc(O)ccc4c3=O)nc2c1,27.84697723388672
N#CC(C#N)=C(CSc1c(F)c(F)cc(F)c1F)CC1OC(=O)c2ccccc21,39.88156509399414
N#CC=CC(=O)NCC#N,14.555389404296875
Oc1c2c(c(O)n1-c1ccccc1)C1C=CC2C12CC2,15.643007278442383
CN1CCN(c2cccc(-c3ccc(N4C(=O)c5ccccc5C4=O)cc3)n2)CC1,19.619731903076172
C=c1[nH]c(-c2ccc(N=Cc3ccc(N)cc3)cc2)cc1=CN1CCN(CC)CC1,26.174020767211914
Nc1ccc(-c2nc(-c3ccc(N)cc3)nc(-c3ccc(NCc4c(O)c(C=O)c(O)c(C=O)c4O)cc3)n2)cc1,19.068206787109375
Nc1ccc(-c2ncnc(-c3ccc(N)nc3)n2)cc1,11.610068321228027
Cc1ccc2c(c1)[n+]([O-])c(C#N)c(C#N)[n+]2[O-],18.326440811157227
CC(C)c1nc2c(F)c(C#N)c(F)c(C#N)c2n1Cc1ccc(-c2ccccc2)cc1,27.547252655029297
O=c1c2c([nH]c3ccccc13)CCCC2,16.394271850585938
N#Cc1ccc(CC23Cc4ccc(-c5cnccn5)cc4C2=Nc2cc(C#N)ccc2C3=O)cc1,40.0798225402832
CCN1c2ccc(-c3ccc(C#N)cc3)cc2C(Nc2ccc(-c3ccc(C#N)cc3)cc2)CC1C,21.830228805541992
CCn1cc(-c2ccc(C#N)cc2)nc1CNS(=O)(=O)c1ccc(C#N)cc1,26.623044967651367
C[n+]1c(-c2ccc(C=Nc3cc(O)c(N)cc3O)cc2)cn2ccccc21,11.331302642822266
CC1(C)C(=O)Nc2cc3cc(C#N)cc(C#N)c3cc21,12.292623519897461
CC1CN(c2ccc(-c3nc(-c4ccc(N)cc4)nc(-c4ccc(N)cc4)n3)cc2)CCN1C,18.821306228637695
N#Cc1ccccc1Cn1cc(C#N)c2ccccc21,18.069869995117188
CN1c2cc(C#N)ccc2N(C)c2ncc(C#N)cc21,19.296611785888672
Cc1ccc(C(=O)c2ccc(-c3ccc(C=C(C#N)C#N)cc3)o2)cc1,20.489810943603516
CCOC(=O)N1CCN(CC(=N)C(=O)NCc2ccc(Cl)cc2)CC1,32.1679801940918
Cc1cc(=NC(=O)C=Cc2ccc(C#N)cc2)[nH]o1,16.07262420654297
Nc1ccc(-c2coc3c2C(=O)C(=O)c2ccc(N)cc2-3)cc1,19.93836212158203
Cc1c(-c2ccc(Cl)cc2)n(-c2ccccc2Cl)c(C)cc1=O,20.979110717773438
CC(C(=O)N=c1cc[nH]n1C)c1ccc(-c2ccc(C#N)cc2)c(F)c1,21.748058319091797
Nc1cccc(N2C(=O)c3ccccc3C2=O)c1,15.926250457763672
NC(=O)c1ccc(-n2c(-c3ccc(N)cc3)nc(-c3ccccc3)c2-c2ccccc2)cc1,15.597505569458008
N#Cc1ccc(-c2cc(-c3ccc(N)cc3)cc(N)c2C#N)cc1,13.55380630493164
Cc1cc(C)c(N=c2c(C#N)c[nH]c3cc(-c4cccc(CN(C)C)c4)ccc23)c(C)c1,19.419750213623047
N#Cc1ccccc1-c1cccc(-c2nc(-c3ccc(N)cc3)nc(-c3ccc(N)nc3)n2)c1,17.21637725830078
N#Cc1ccc(-c2ccc(C3C4=C(CC(C#N)C(=N)O4)CN(c4ccc(Cl)cc4)C3C#N)cc2)cc1,34.69462966918945
CC(Sc1n[nH]c(-c2ccc(N)cc2)n1)C(=O)N=c1ccc(Cl)c[nH]1,19.441743850708008
C(=C(c1ccccn1)n1ccnc1)c1cn(-c2ccccc2)nc1-c1cccs1,35.77043914794922
CN1CCN(c2ccc(-c3nc(-c4ccc(N)cc4)nc(-c4ccc(-n5c(=O)c6cc7c(=O)oc(=O)c7cc6c5=O)cc4)n3)cc2)CC1,11.608966827392578
Cn1c(N2CCC(c3ccc(F)cc3F)C(N)C2)nc(-c2ccncn2)cc1=O,22.42708396911621
N#CN=CN1CCN(C=O)CC1,9.35461711883545
Cc1cc(C#N)cc(C#N)c1,9.818998336791992
Cn1c(-c2nc(-c3ccc(N)cc3)nc(-c3ccc(N)cc3)n2)ccc1N1C(=O)c2c([nH]c3ccccc23)C1c1ccc2c(c1)CCO2,19.39045524597168
Oc1cc2c(cc1O)C(c1ccc(F)cc1)CNCC2,20.736597061157227
NC(=O)c1cccnc1,15.861660957336426
N#Cc1c[nH]c(Cc2ccccc2F)nc1=O,23.632568359375
C=Cc1ccccc1,12.28935718536377
CSc1nc(-c2ccc(N)nc2)cnc1N=c1cc(C)[nH]n1C,30.65009880065918
N#Cc1ccc(-c2ccc3c(c2)CCc2cc(C#N)ccc2C3=O)cc1,17.778289794921875
N#Cc1ccc(-c2ccc3oc(N4CCOCC4)nc(=O)c3c2)cc1,14.69670581817627
CC(C)N(C#N)c1nc(N(C)C)nc(N(C)C)n1,18.858564376831055
O=Nc1c(C(=O)O)[nH]c(=O)[nH]c1=NN=Cc1ccc(-c2cnco2)cc1,33.04766082763672
CN(C)C(=O)c1cc(-c2ccc3cccnc3c2)nc2cc(C#N)ccc12,30.48318099975586
N#Cc1ccc(-c2ccc3c(c2)CN(S(=O)(=O)c2cccc(C#N)c2)C3COc2ccc3c(c2)CCC(C(=O)O)O3)cc1,32.552730560302734
CNc1ccc(-c2nc3cc(-c4nccc(-c5ccc(N)nc5)n4)ccc3[nH]2)cc1,25.098316192626953
N#Cc1ccc(-c2nc(C#N)cc3cc(-c4cnc(N5CCCC5)nc4)nc(N4CCOCC4)c23)cc1,24.091262817382812
CCCCCCNC(=O)Nc1ccc(-c2noc(-c3ccc(C(=O)NC)cc3)n2)cc1,28.54353141784668
Nc1ccc(-c2nc(=O)c3cc4c(cc3[nH]2)OCO4)cc1,11.942238807678223
CN(c1ccccc1)c1ccc(C=NNC(=O)CC#N)cn1,24.98531150817871
N#Cc1ccc(-c2cc(C#N)c(C#N)cc2C#N)cc1,12.462191581726074
N=c1[nH]c(-c2ccccc2)cc(=Nc2nc(=Nc3ccc(O)cc3)cc[nH]2)[nH]1,23.764524459838867
N#Cc1ccc(-c2nc(-c3ccc(N)cc3)nc(=N)[nH]2)cc1,12.831551551818848
C#Cc1cnc(-c2ccc(C#N)cc2)c(C#N)c1,16.310670852661133
COc1ccccc1CNCCCN=c1cc[nH]c2cc(-c3cccc(F)c3)ccc12,28.898305892944336
COC(=O)CC(C)C,19.287673950195312
CC1(C)Cc2cc3n(c2C1)CCN(c1nccc(-c2cc4c(cc2F)OCCN4)c1CO)C3=O,31.84939956665039
N#Cc1ccc(-n2c(O)ccc2O)cc1,11.844785690307617
N#Cc1ccc(-c2ccc(C(=O)Nc3cccc(C#N)c3)cc2)nc1,16.031219482421875
O=C(O)c1cccc(N=Nc2c(O)cc(S(=O)(=O)O)c3ccccc23)c1,17.6146297454834
C=C(Cc1cc(C)c(O)cc1O)C(=O)O,27.26731300354004
N#Cc1ncc(-c2cccc(N=c3nc(-c4ccccc4)cc[nH]3)c2)cn1,20.45234489440918
CCn1c(=O)c(=C2Sc3ccccc3N2C)n(CC)c(=O)c1=Cc1ccc(N)cc1,23.21860694885254
C#Cc1ccc(C2SCC(C(C)(C)C)CS2)cc1,19.959463119506836
Nc1ccc(-c2ccc3ccc(-c4ccc(CN5CCCc6ccc(O)cc6C5)cc4)cc3n2)cn1,31.482925415039062
N#Cc1ccc(-c2nc(-c3ccc(N)nc3)nc(-c3ccc(N)nc3)n2)cc1,9.647396087646484
CCCn1c(N)c(N(CCCOC)C(=O)Cc2cccs2)c(=O)[nH]c1=O,24.96228790283203
Cc1ccc(-c2nn(-c3ccc(F)cc3)cc2C=C2C(=O)Nc3ccc(F)cc32)cc1,22.681652069091797
O=c1c(-c2ccc(O)c(O)c2)coc2cc(O)cc(O)c12,14.394865036010742
N#Cc1ccc(-c2ccccc2O)cc1,10.064651489257812
N#Cc1ccc(-n2c(=O)c3cc4c(=O)oc(=O)c4cc3c2=O)cc1,9.231108665466309
c1nc2cc(-c3ccc(CN4CCOCC4)cc3)[nH]c2c(=NCCC2CCOCC2)[nH]1,25.27724266052246
N=c1ncc(-c2nc(-c3ccc(N)nc3)nc(-c3ccc(N)nc3)n2)c[nH]1,11.063400268554688
N#Cc1ccc(Oc2ccc3c(=O)n(-c4nc(-c5ccc(N)cc5)nc5ccccc45)ccc3c2)cc1,21.92615509033203
CNc1ccc(-c2cc(=NCc3cccc4ccccc34)[nH]c(-c3ccc4[nH]cnc4c3)n2)cn1,32.19046401977539
N#CC=CCN,13.089231491088867
N#Cc1ccc(-n2c(=O)c3cc4c(=O)n(Cc5ccc(F)cc5)c(=O)c4cc3c2=O)cc1,12.324207305908203
CC(C)c1ccc(-n2c(-c3ccc(C#N)cc3)cc3ccc(-c4ccc(C#N)cc4)cc32)cc1,9.85311222076416
O=C(O)C1NCCc2c1[nH]c1ccccc21,19.480182647705078
CN(C)c1ccc(C=Nc2ccc(-c3cccc(-c4ccc(N=Cc5cccc(Cl)c5)cc4)n3)c(-c3ccc(N)cc3)n2)cc1,21.68001937866211
N#Cc1ccc(-c2ccn(-c3ccccc3)c(=O)c2)cc1,14.949895858764648
COc1cc2[nH]c(N3CCC(CNC(=O)c4ccccc4)CC3)nc(=N)c2cc1OC,22.029922485351562
CCn1cc(Cc2c(F)cc(C(=O)NS(C)(=O)=O)cc2F)c(=O)c2ccc(-c3ccc(N4CCN(C)CC4=O)nc3)cc21,61.12657928466797
N#Cc1ccccc1,6.629251003265381
Cc1ccc(-c2nc3cc(C)ccn3c2-c2cc[nH]c(=Nc3ccc(N4CCOCC4)cc3)n2)cc1,17.811542510986328
N#Cc1cccc(CN2C(=O)N(Cc3ccc(-c4ccccc4)cc3)C(Cc3ccccc3)C(O)C(O)C2Cc2ccccc2)c1,18.089460372924805
Cn1c(N2CCN(c3ccc(C#N)cn3)CC2)c2c3c(cccc3c1=O)CC2=O,26.469385147094727
N#Cc1ccc(-c2nc(-c3ccc(N)cc3)nc(-c3ccc(N)cc3)n2)cc1,9.354584693908691
Nc1ccc2c(c1)C(=O)C(=O)c1ccccc1-2,15.985984802246094
CC(N)C(=O)Nc1ccc(-n2cc(C(F)(F)F)cn2)nc1,23.7740421295166
Nc1ccc(-c2nc(-c3ccc(N)nc3)nc(-c3ccc(N=Cc4c(O)cccc4O)nc3)n2)cn1,8.601937294006348
N#Cc1ccc(C(=O)c2ccc(Cl)cc2)cc1,14.474350929260254
Cc1cc(=O)oc2c(OCCNS(=O)(=O)c3cnn(C)c3)cccc12,28.076820373535156
N#Cc1ccc(-c2ccc3ccc(-c4ccc(N)cc4)nc3c2)cc1,14.49931812286377
N#Cc1cccc(-c2ccc3cc[nH]c3c2)c1,17.2884578704834
Cc1ccc2ccccc2n1,15.221939086914062
CN(C)c1ccc(NC(=O)c2ccc(-c3ccc(C#N)cc3)cc2)cc1,19.896242141723633
Cc1ccc(-c2nc(-c3ccc(N)nc3)nc(-c3ccc(N)nc3)n2)nc1,11.31153392791748
Nc1ccc(-c2cc(N)ncc2-c2ccc(O)c(O)c2)cc1,19.0009765625
N#Cc1ccc(-c2nc(-c3ccc(N)nc3)nc(-c3ccc(N=Cc4cc(C=O)c(O)c(C=O)c4O)nc3)n2)cc1F,12.605603218078613
Cc1ccc(-n2cc(C=C(C#N)C#N)c(-c3ccc(C#N)cc3)n2)cc1,14.60534954071045
Cc1cc(Cl)[nH]c(=Nc2ccc(C#CC3CCCCC3)cn2)n1,24.203983306884766
CN1CCN(c2ccc(N(Cc3ccc(C#N)cc3-c3ccc(C#N)c(F)c3)C(=O)c3ccc(C#N)nc3)cc2)CC1,32.02798080444336
N#Cc1ccc(-n2c(C=Cc3ccc(Br)cc3)nc3ccccc3c2=O)cc1,17.16084861755371
Cc1ccc2nc(-n3c(-c4ccc(C#N)cc4)cc4c3cc(-c3ccc(C#N)cc3)n4-n3ccnc3)sc2c1,13.11082935333252
N#Cc1cc2c(cc1C#N)-c1cc3cc(O)c(O)cc3c3cc(Br)cc(c13)C2=O,32.859458923339844
COc1ccc(C)cc1N=c1cc(C)nc2nc[nH]n12,21.223634719848633
Cc1cc(-c2nc(-c3ccncc3)nc(-c3ccc(N)cc3)n2)c(C)n1-c1ccc(F)cc1,20.531070709228516
N#Cc1ccc(-c2ccc(-c3nc(CN4CCN(C=O)CC4)cc(-c4ccc(C#N)cc4)n3)cc2)cc1,16.777128219604492
N#Cc1ccc(-c2ccc(-c3cc(=Nc4ccc(O)cc4)[nH]c(=N)[nH]3)cc2)cc1,21.42689323425293
Cc1ccc(O)c(C=Nc2ccccc2-c2nc3cc(C)ccc3[nH]2)c1,24.931915283203125
N=c1c2c([nH]c3c1CCc1ccccc1-3)CCCC2,16.623210906982422
Cc1ccc(-n2nc(C)c3c2cc(-c2ccc(Cl)cc2)n3-c2ccc(Cl)cc2)cc1,18.926876068115234
CC(=O)CC(=O)c1ccc(C#N)cc1,20.515174865722656
CC(=O)Nc1ccc(Oc2cccc3nc(-c4ccc(N)cc4)n(C)c23)cc1,24.475046157836914
Cc1ccc(-c2nc(-c3ccccc3N)nnc2-c2ccc(C#N)cc2)cc1,17.1029109954834
N#Cc1ccc(-c2ccnc3c2CCN3c2ccc(C#N)cc2)cc1,14.088838577270508
Cc1ccc(C2CNCc3cc(-c4ccc(C#N)cc4)ccc32)cc1C,19.890485763549805
Cc1ccc(-c2nc(-c3ccc4oc5cc(C#N)ccc5c(=O)c4c3)cs2)cc1,27.45231056213379
Cc1cc(-c2cc(=Nc3ccc(CC(=O)N4CCCC4C#N)cc3)[nH]c(-c3ccncc3)n2)ccc1N,30.845531463623047
CC(=O)Oc1ccc(C(=O)C=CN2CCOCC2)cc1,23.392107009887695
Cc1ccc2nc(C#N)cc(-c3ccc(C#N)cc3)c2c1,15.703445434570312
N#Cc1ccc(C=CC(=O)NC(c2ccc(C#N)cc2)C2CC2)cc1,24.573257446289062
N#Cc1ccc(-c2ccn(CC(=O)C34CC5CC(CC(C5)C3)C4)c(=O)c2)cc1,27.051822662353516
Cc1ccc(-c2nc(-c3ccc(N)cc3)nc(-c3ccc(C=O)cc3)n2)cc1Cl,20.757404327392578
O=C1OC(=O)c2cc3c(=O)c(=O)c3cc21,11.41520881652832
CC(=O)N=c1cc(-c2ccc(C#N)cc2)[nH]c(-c2ccc(N(C)C)cc2)n1,17.041418075561523
NS(=O)(=O)c1ccc(N=c2[nH]cnc3c2ncn3CCc2ccccc2)cc1,29.607572555541992
Nc1cccc(-c2nc(-c3ccc(N)nc3)nc(-c3ccc(N=Cc4cc(C=O)cc(C=O)c4O)nc3)n2)c1,8.827554702758789
N#Cc1ccc(NC(=O)NC2CCN(S(=O)(=O)Cc3ccccc3)CC2)cc1,23.750316619873047
N#Cc1ccc(-c2nc(-c3ccc(N)cc3)nc(-c3ccc(N=Cc4ccc(N)cc4)cc3)n2)cc1,12.96120834350586
N#CC=Cc1ccc(N)cc1,9.877429962158203
Nc1ccc2ccc(=O)[nH]c2c1,14.402542114257812
Cc1nc(-c2ccc(C#N)cc2)cc(=NCc2cnc(C#N)cn2)[nH]1,23.402238845825195
CC(=O)Nc1ccc2c(=O)nc(-c3cc(C)ccc3O)[nH]c2c1C,28.249290466308594
CC(=O)NC(C)Cc1ccc(C#Cc2ccc(C(C)C)cc2)cc1,16.505836486816406
Cc1nc(-n2cc(-c3ccc(Cl)cc3)n2-c2ccc(Cl)cc2)sc1C(=O)NN=Cc1cc(Br)ccc1O,22.32296371459961
N#Cc1cccc(C(F)(F)F)c1N,15.949335098266602
O=C(N=c1cccc[nH]1)c1sc2ccccc2c1Cl,19.62639617919922
CN(C)C(=O)c1ccc(Oc2ccc(N(CC(=O)Nc3ccc(C#N)cc3)S(C)(=O)=O)cc2C#N)cc1,37.5256233215332
N#Cc1ccc2ccn(-c3ccnc(N4CCOCC4)n3)c2c1,23.830074310302734
COc1ccc(-n2c(-c3ccc(C)cc3)ccc2-c2ccc(C#N)cc2)cc1,18.13534927368164
CC1Cn2c(cc(-c3ccc(CCN4CCCC4=O)cc3)c(C#N)c2=N)N1,30.87053871154785
NS(=O)(=O)c1ccc(N=c2nc(-c3ccncc3)[nH]c3cn(-c4ccccc4)nc23)cc1,33.208106994628906
Cc1nc(=N)nc(-c2nc(-c3ccc(N)nc3)nn2C)[nH]1,15.075465202331543
N#Cc1ccc(-c2cc(-c3ccc(N)nc3)nc(-c3ccc(N)cc3)n2)cc1,11.420058250427246
N#Cc1ccc(Nc2ccc3c(c2)OCc2ccccc2C3=O)cc1,15.876774787902832
N#Cc1ccc(-c2nc(-c3ccc[nH]c3=N)n3cc(-c4cnc(=N)[nH]c4)cc3c2C#N)cc1,23.417158126831055
CC(=NO)c1ccccc1Oc1c[nH]c(=N)[nH]c1=N,26.170490264892578
N#Cc1ccc(NC(=O)c2ccc(C#N)cc2C(=O)NC(Cc2ccc(OCc3ccccc3C(F)(F)F)cc2)C(N)=O)cc1,31.890771865844727
N#Cc1ccc(COC(c2ccc(C#N)cc2)c2ccc(Cl)cc2Cl)cc1,24.48898696899414
COC(=O)c1sc(-c2ccccc2)nc1N,17.187030792236328
C=C(C)C1CCC2(C)CCC3(C)C(CCC4C5(C)CC=C(C)C(C)(C)C5CCC43C)C12,24.901226043701172
Oc1ccc2cc(-c3ccc4c(c3)OCO4)ccc2c1,18.430904388427734
N#Cc1ccc(C#N)nc1,8.050880432128906
Nc1ccc2nc(-c3ccc(-c4ccc(C(=O)NCCN5CCCC5)cc4)cc3)[nH]c2c1,21.119918823242188
N#Cc1ccc(-c2cccs2)cc1,11.551791191101074
Nc1ccc(-c2cc3c(N)cccc3cn2)cn1,19.299074172973633
N#Cc1ccc(-c2cc(NC=O)c3ncc(-c4ccc(C(N)=O)cc4)n3c2)cc1,11.011004447937012
Nc1ccc(-c2nc(-c3ccc(N)cc3)nc(-c3ccc(-c4nc(Cl)nc(Cl)n4)cc3)n2)cc1,14.351177215576172
Nc1ccc(-c2nc(-c3ccc(N)cc3)nc(-c3ccc(-c4cc(-c5ccc(C=Nc6cc(O)c(N)cc6O)cc5)nc(-c5ccc(C=O)cc5)n4)cc3)n2)cc1,13.682194709777832
Cn1cnc2c(nc(-c3cnc(N4CCC(N)C4)nc3)n2C2CCOCC2)c1=O,25.106597900390625
N#Cc1ccc(-c2ccc(C#N)cc2F)cc1,10.9638671875
COc1ccc(C=O)cc1NC(=O)Nc1cccc(-c2cccc(-c3ccc(N=C(N)c4ccc(N)cc4)cc3)c2)c1,31.492353439331055
O=c1c(O)c(-c2ccc(O)cc2)oc2cc(O)cc(O)c12,12.43795108795166
O=Cc1c(O)ccc2c1C(=O)c1cc(O)ccc1-2,20.590274810791016
CN1CCCN(c2ccc(-c3nc(-c4ccc(N)nc4)nc(-c4ccccc4)c3-c3ccccc3)cc2)CC1,21.446338653564453
CCCCc1noc(-c2ccc(C#N)cc2)n1,19.563579559326172
Cc1cc(C#N)cc(C)c1Oc1cc(C#N)cc(C#N)c1,10.625875473022461
CC(=O)NC(CO)Cc1ccc(O)cc1,19.43901824951172
CN(C)CCN=c1[nH]c(-c2ccccn2)nc2ccc(-c3cccc(N)c3)cc12,27.988245010375977
Cn1c(-c2ccccc2)nc2nc(-c3ccc(C#N)cc3)cc(-c3ccccc3)c2c1=O,22.708744049072266
O=c1cc[nH]c2cc3c(cc12)OCO3,15.631755828857422
Cc1ccc(C(=O)Nc2ccc(C#N)c(C(F)(F)F)c2)cc1N=c1[nH]cnc2cnc(N3CCN(C(C)C#N)CC3)nc12,24.96060562133789
Cc1ccc(C(=O)C=Cc2ccccn2)cc1,17.058881759643555
N=c1nc(-c2ccc(-c3ccc(C(=O)N=c4cc[nH]cc4F)cc3)[nH]2)nc[nH]1,29.51483917236328
COc1cccc(COc2cccc(-c3cc(-c4ccc(C#N)cc4)cc4nc(-c5cccnc5)nn34)c2)c1,28.813838958740234
CCCNC(=O)c1ccc(-c2ccc3c(c2)OCO3)cn1,26.12913703918457
COc1ccc(CC(=O)O)cc1-c1c(F)ccc2c1CCN(C(=O)OCc1ccc3c(c1C)CCN(C1CCOCC1)C3)C2,36.73623275756836
COc1ccc(-c2ccc3nc[nH]c(=Nc4ccc(N5CCN(C)CC5)cc4)c3c2)cc1CO,18.997373580932617
CN1CCN(c2ncc3[nH]c(-c4ccc(C#N)cc4)nc3n2)CC1,20.36806297302246
COc1cc(C)c2c(-c3ccc(C#N)cc3)cc(=O)oc2c1,21.11312484741211
Nc1ccc(-c2nc(-c3ccc(-c4nc(Cl)nc(Cl)n4)cc3)cc(-c3ccc(N4CCOCC4)cc3)n2)cc1,16.37433433532715
Cc1ccc(-c2cnn(-c3nc(=NCc4cccc(F)c4)c(C(N)=O)c(N)[nH]3)c2)cn1,33.55396270751953
CCc1sc2ccccc2c1C#N,20.02534294128418
N#Cc1ccc(-c2ccc(-c3cc(-c4ccccc4)cc(-c4ccc(-c5nc(Cl)nc(Cl)n5)cc4)c3)cc2)cc1,10.978364944458008
CCCCNS(=O)(=O)c1ccc(N2CCNC2=O)cc1,22.225648880004883
N#Cc1nc(C#N)c(=N)[nH]c1-c1ccccc1,16.434406280517578
Cc1cccc(-n2c(=O)c3cc4c(=O)n(-c5ccc(C#N)cc5)c(=O)c4cc3c2=O)c1,11.2168607711792
O=C(NNC(=S)NC(=O)c1ccc(Cl)cc1)c1ccncc1,20.89273452758789
Cc1cc(C(=O)c2ccc(C#N)cc2)c(C)n1-c1ccccc1Cl,23.906085968017578
NCCc1coc(-c2ccccc2F)n1,25.15212631225586
Clc1nc(Cl)nc(-c2ccc(-c3cc(-c4cccs4)cc(-c4ccc(Br)cc4)n3)cc2)n1,20.132104873657227
COCCn1c(=O)c2ccc3c(=O)c(c1=O)c32,17.39844512939453
CCCOc1ncccc1C(=O)N=c1ccc(C#N)c[nH]1,23.17975616455078
O=Cc1cc2c3c(c(CO)cn3CCO2)c1-c1cccc(O)c1,27.804655075073242
N#Cc1ccc(N)c(O)c1,11.40701961517334
C=Cc1ccc(-n2c(-c3ccc(C#N)cc3)cc3c2cc(-c2ccc(C#N)cc2)n3-c2nc3ccc(C)cc3s2)cc1,14.862701416015625
C#Cc1cc(C=Cc2ccc(C)cc2)ccc1O,24.78095054626465
Cc1cc2c(cc1-c1ccc(C#N)cc1)OC(C)(C)c1ccc(C#N)cc1-2,20.651487350463867
Cn1nc(N(C(=O)C2CCC2)C2CCC2)c2cccc(N)c2c1=O,44.51774597167969
C[n+]1c(C(N)=O)c2ccccc2c2ccc(N)cc21,22.99565315246582
COc1ccc(-c2nc(-c3ccc(N)cc3)nc(-c3ccc(N4C(=O)c5ccc6c7c(ccc(c57)C4=O)C(=O)OC6=O)cc3)n2)cc1,10.806434631347656
N#Cc1ccc(-c2cc3ccccc3n2-c2ccc(C#N)cc2)cc1,10.628400802612305
CC(=O)c1ccc(-c2nc3ccc(-c4ccncc4)nn3c2-c2ccc(C#N)cc2)cc1,28.357093811035156
Cc1cc(-c2n[nH]c3cc(=NC(=O)NCc4ccccc4)[nH]cc23)ccn1,20.48937225341797
CC(=O)N1CCN(C=NNc2ccc([N+](=O)[O-])cc2[N+](=O)[O-])CC1,25.274093627929688
Cc1cc(C=O)c(O)c(C=Nc2ccc(-c3nc(-c4ccc(C#N)cc4)nc(-c4ccc(N)nc4)n3)cn2)c1,15.708232879638672
Cc1ccc(N)cc1,12.549410820007324
N#Cc1ccc(-c2cc(-c3ccc(C#N)cc3)n(-c3ccccc3)c2-c2ccccc2)cc1,15.250445365905762
Cc1cc(C)c(OC2=NC(N)=NC(C)(C)C2)c(C)c1,28.843219757080078
CS(=O)(=O)NCCNC(=O)OCc1ccccc1,21.612411499023438
O=C(O)c1cc(=O)c2ccc(Nc3ccccc3)cc2[nH]1,19.404563903808594
Cc1ccc(N=c2[nH]cc(Cl)c(=Nc3ccc(N4CCN(C)CC4)cc3)[nH]2)cc1C,17.990095138549805
COc1cc(C#N)cc(-c2ccc3c(N4CCOCC4)nc(-c4cccc(C)n4)nc3n2)c1,22.935157775878906
Cc1nc(COc2c(C)cc(C#N)cc2C)cc(C(=O)N2CCN(C)C(=O)C2)n1,19.69187355041504
Cc1cccc(-n2[nH]cc(C#N)c2=N)c1,16.756267547607422
Cc1ccc(Oc2ccc(C=C3SC(=Nc4ccc(-n5c(-c6ccc(Br)cc6)nc6ccccc6c5=O)cc4)NC3=O)cc2Cl)cc1,38.70973205566406
N=c1cccc(-c2ccc(N)nc2)[nH]1,15.251879692077637
N#Cc1ccc(S(=O)(=O)N2CCN(CCc3ccc(Cl)cc3)C(=O)C2)cc1,23.82771110534668
N#Cc1ccc(N(CCc2cccc(Br)c2)n2cnnc2)cc1,23.00688362121582
Cc1c(O)cc(O)c2c(=O)cc(-c3ccc(O)cc3)oc12,17.62664031982422
N#Cc1ccc(-c2nc(-c3ccc(N)cc3)nc(-c3ccc(N4C(=O)c5cccc6cc(N7CCOCC7)cc(c56)C4=O)cc3)n2)cc1,13.46042537689209
Cc1ccc2nc(-n3c(-c4ccc(C=O)cc4)cc4c3cc(-c3ccc(C#N)cc3)n4C)sc2c1,13.976621627807617
Nc1ccc(-c2nc3c(ncn3-c3ccc(F)cc3)c(=NN=Cc3cccc(O)c3)[nH]2)cc1,29.164295196533203
Cn1c(=NC(=O)c2ccc(-c3ccc(NC(N)=O)cc3)nc2)ccc2cc(N)ccc21,34.40642547607422
COc1ccc(-n2c(N)cc(=O)[nH]c2=O)cc1,12.473511695861816
NC(=O)c1ccc(-c2cc(-c3cc(C(N)=NO)ccc3O)nc(-c3ccc(N)nc3)n2)cc1,27.85745620727539
Nc1ccc(-c2nc(=Nc3ccc4ccccc4c3)nc(N3CCOCC3)[nH]2)cc1,19.034576416015625
N#Cc1ccc(OCc2ccccc2)cc1,13.117918968200684
N#Cc1ccc(-c2ccc3c(c2)C(=O)N(Cc2cccnc2)CCO3)cc1,15.383720397949219
Cn1ncc2c1c(C#N)c(-c1ccc(C(F)(F)F)cc1)n1nc(-c3ccc(C#N)cc3)nc21,29.500341415405273
N#Cc1nc(=Nc2ccc(N)cc2)[nH]c(F)c1F,16.208707809448242
Cn1ccc(-c2cccc3ccccc23)nc1=Nc1ccc(C#N)cc1,24.037799835205078
Cc1cc(C)[nH]c(=Nc2nc(N=c3nc(N4CCOCC4)[nH]c(N4CCOCC4)n3)ccc2-c2nc3ccccc3cc2C#N)n1,28.766254425048828
COc1cccc(-c2nc(-c3ccc(N)nc3)nc(-c3ccc(N)nc3)n2)c1,17.95199966430664
N#Cc1ccc(-c2ccc(C=CC(=O)c3ccc(C=O)cc3)cn2)cc1,19.187955856323242
Cn1c(=O)c2c(=O)n(Cc3cc(F)ccc3F)c(N3CCCC(N)C3)nc2n(C)c1=O,19.353422164916992
N#Cc1ccc(-c2ccccc2C(=O)NC(Cc2ccccc2)C(=O)O)cc1,24.28605079650879
Cc1ccc2nc(-n3c(-c4ccc(C#N)cc4)cc4c3cc(-c3ccc(C#N)cc3)n4-c3ccc(C#N)cc3)sc2c1,11.517480850219727
CCCOc1cc(C#N)ccc1C#N,18.111251831054688
CSc1ncc(C#N)cc1C#N,13.731128692626953
Nc1ccc(-c2cc(-c3ccccc3)cc(-c3ccccc3)c2)cc1,17.325336456298828
N#Cc1ccc2nc(-c3ccc(Oc4ccc(-c5nc6cc(C(=N)N)ccc6[nH]5)cc4)cc3)[nH]c2c1,22.370763778686523
N#Cc1ccc(-c2cn3c(-c4ccc(C(=O)N=c5cc(C(F)(F)F)cc[nH]5)cc4)cnc3c(=NCc3ccccn3)[nH]2)cn1,23.57447624206543
N#Cc1ccc(-c2cc3cn(-c4ccc(C#N)cc4)nc3c(=N)[nH]2)cc1,15.856867790222168
N#Cc1ccc(-c2ccc(O)cc2)cc1,10.10035228729248
N#Cc1ccc2[nH]ccc2c1,15.58391284942627
CC(C)C(C#N)N=c1cc(-c2ccc(N3CCOCC3)nc2)nc(-c2ccc(NC(=O)C(C)(C)C)cc2)[nH]1,29.26407241821289
C#CCOc1ccc(C=O)cc1,13.924233436584473
NC(=O)N=Nc1cc(N=Cc2ccc(-c3nc(-c4ccc(C=O)cc4)nc(-c4ccc(C=O)cc4)n3)cc2)c(O)c2ccccc12,19.305618286132812
N#Cc1ccc(-c2cccc(-n3cc(C#N)cn3)c2)cc1,18.161773681640625
Cc1cc(-c2nc(-c3ccc(N)nc3)nc(-c3ccc(N=Cc4cccc(C#N)c4)nc3)n2)n[nH]1,22.30983543395996
CC(=O)Nc1ccc(-c2nc(-c3ccc(F)cc3)nc(C3CCN(C(=O)c4cccs4)CC3)n2)cc1,23.503093719482422
N#Cc1cccc(-c2nc(-c3ccc(N)nc3)[nH]c(=N)n2)c1,18.002418518066406
Cc1ccc(-c2cc(C(=O)Nc3ccc(C#N)cc3)c3ccccc3n2)cc1,14.280675888061523
N#CC(=CC=CC=Cc1ccc(N=O)cc1)c1ccc2ccccc2c1,33.16014099121094
Oc1ccc(-c2ccc(=NN=Cc3ccccc3F)[nH]n2)cc1,21.554126739501953
N#Cc1ccc(NCc2nc3ccccc3n2-c2nc(N3CCOCC3)nc(N3CCOCC3)n2)cc1,26.366474151611328
N#Cc1ccc(-n2[nH]c(=O)c3cc4c(=O)[nH][nH]c(=O)c4cc3c2=O)cc1,8.62988567352295
Nn1c(-c2ccc(Cl)cc2)n[nH]c1=S,14.483044624328613
NCCCON=C1c2ccccc2-c2ccccc21,22.207807540893555
COc1cc(OC)c2c(=O)cc(-c3ccc(OC(=O)C=Cc4ccccc4)cc3)oc2c1,20.74431610107422
N#Cc1ccc(-c2ccc(N3CC(CN=CC=CC=Cc4ccccc4)OC3=O)cn2)cc1,29.57290267944336
CCn1c(SCC(=O)Nc2ccc3c(c2)OCCO3)nnc1-c1ccccc1,22.669418334960938
Cc1cc(C)n(-c2nc(-c3ccc(N)cc3)cc(-c3ccc(C#N)cc3)n2)n1,12.816481590270996
Cc1ccc(-c2nc(-c3ccccc3)nnc2-c2ccc(C#N)cc2)cc1,14.169774055480957
CN(C)c1ncc(-c2nc(N)c3c(-c4ccc(C#N)cc4)ccccc2-3)cn1,30.296430587768555
O=C(NCCc1cccc(O)c1)c1cc(-c2ccccc2)nc2ccc3ccccc3c12,28.659116744995117
N#Cc1c2c(n3c1CCC3)C(=O)C=C2,16.187393188476562
CC1Cn2c(-c3ccc(C(F)(F)F)c(Cl)c3)nc(-c3cccc(C#N)c3)c2CCO1,23.375429153442383
COc1ccc(N=c2[nH]c(N)cc(=O)[nH]2)cc1,18.096607208251953
COc1cc2c(Oc3ccc(NC(=O)C=Cc4cc(F)ccc4F)cc3F)ccnc2cc1OCCCN1CCOCC1,28.705726623535156
N#Cc1cc(-c2nc(-c3ccc(N)cc3)nc(-c3ccc(-n4c(=O)c5cc6c(=O)oc(=O)c6cc5c4=O)cc3)n2)ccc1O,14.248552322387695
N#Cc1ccc(-c2nc(-c3ccccc3)cc(-c3cncc(-c4cccnc4)c3)n2)cc1,25.626935958862305
CCn1c2ccccc2c2ccc(O)cc21,18.992748260498047
N#Cc1ccc(-n2c(=O)c3cc4c(=O)n(-c5ccc(C#N)cc5F)c(=O)c4cc3c2=O)cc1,10.479390144348145
Cc1cc(C#N)cc2cc(C#N)c(=N)oc12,22.207727432250977
CN(C)c1ccc(-c2nc(-c3ccc(Nc4cc(=O)n(C)c5ccccc45)cc3)nc(-c3ccc(N)nc3)n2)cc1,26.526222229003906
CN1CCN(c2c(C#N)cc(C#N)c3nc4ccccc4n23)CC1,12.597718238830566
N#Cc1nc(-c2ccc(C(=N)N)nc2)ccc1-c1ccc(C(=N)N)cc1,17.93972396850586
Cc1ccc(-c2cc(C(=N)N)nc(-c3ccccc3-c3ccc(CN4CCN(C)CC4)cc3)n2)cc1,31.434175491333008
COc1cccc(-n2[nH]c(C(C)(C)C)cc2=NC(=O)Nc2ccc(N(CCCl)CCCl)cc2)c1,27.831035614013672
CC=CC#N,12.292617797851562
O=C(C=Cc1ccc(F)cc1)N=C1NCCS1,16.89574432373047
N#Cc1c(F)c(C#N)c(F)c(C#N)c1F,11.20650863647461
C=CC(=O)NC(C)C#Cc1ccc(-c2ccc(C#N)cc2)cc1,18.77105140686035
N#Cc1cc(-c2ccc(O)cc2)nc(-c2ccc(N)cc2)n1,17.394601821899414
Cc1nc(C(N)=O)ccc1-c1ccc2[nH]nc(-c3cc(N4CCOCC4)ncn3)c2c1,25.246164321899414
Cn1c(=O)c2c(SCc3cccc(C#N)c3)nc(-c3ccc(C#N)cc3)nc2n(C)c1=O,18.711580276489258
N#Cc1ccc2c(c1)OCCN(c1ccc(-n3cc(C(N)=O)c4nc(N5CCNCC5)ccc43)cc1)C2=O,28.40190315246582
Nc1ccc(-c2nc(-c3ccc(-c4cccc(NC(=O)CO)c4)cc3)nc3ccccc23)cc1,27.96116065979004
N#Cc1ccc(-c2cnc3c(N4CCOCC4)ncnn23)cc1,21.352428436279297
Cc1cc(-c2ccc(C#N)c(-c3cccc(C#N)c3)c2)nc2c1c(=O)c(=N)[nH]n2C1CC1,31.780467987060547
CNC(=O)c1ccc(-c2c[nH]cc(C#N)c2=Nc2ccc3ccccc3c2)cc1,21.79820442199707
O=C(NCCCN=c1c2c([nH]c3ccccc13)CCC2)c1ccc(F)cc1,28.463090896606445
Cc1ccccc1-c1cc(C#N)ccc1C1C2=C(CCC2=O)N(c2ccc(C#N)c(C(F)(F)F)c2)C(=O)N1C,17.58144760131836
Cc1cc(C)[nH]c(=NN=Cc2ccc(O)cc2)n1,13.98421859741211
N=C(N)c1ccc(C(=O)Nc2cccc3ccccc23)cc1,20.42797088623047
CCNC(=O)c1ccc(-c2cc(COCc3ccccc3)nc(N3CCOCC3)n2)cc1,27.20638084411621
CC(=O)c1cccc2c1CCN(c1nc(-c3ccc(N)cc3)nc3ccccc13)C2,31.478647232055664
C#CC#Cc1ccc(-c2cc(-c3ccc(C(=O)O)cc3)nn2-c2ccc(C(N)=O)cc2)c(C)c1,30.685577392578125
O=C1NCCC1CO,23.126541137695312
CCn1cc(-c2cc(-c3ccc(N4CCOCC4)nc3)nc(-c3ccc(N)nc3)n2)cn1,17.723350524902344
CC(C)(C#N)c1ccc(-c2ccc(C#N)nc2)nc1,20.565553665161133
CC(C)=CCC(c1ccc(O)c(C)c1)c1c(O)c(C=O)c(O)c(C=O)c1O,22.667301177978516
C=C(C(=O)Nc1ccc(N)c(CCc2ccc(O)cc2)c1)c1cc(C#N)cc(C=Nc2ccc(C#N)cc2)n1,48.541038513183594
CC1(C)Oc2ccc(C#N)cc2C(N=C(NC#N)Nc2ccc(C#N)cc2)C1O,14.627486228942871
Nc1ccc(Nc2ccc(-c3cc(=O)c4ccccc4o3)cc2)cc1,22.55621910095215
N#Cc1ccc(-n2[nH]c(-c3ccc(N)cc3)cc2=N)cc1,12.53397274017334
Nc1cccc(-n2[nH]c3c(cnc4ccccc43)c2=O)c1,20.691194534301758
CNc1ccc(-c2nc(-c3ccc(N4Cc5c(oc6cc(C(N)=O)ccc6c5=O)C4=O)cc3)nc(N3CCOCC3)n2)cc1,24.449642181396484
O=Cc1cccc2c1C(=O)c1cccc(CO)c1C2=O,20.329463958740234
Cc1ccc(S(=O)(=O)NN=Cc2cccnc2)cc1,18.584949493408203
COc1ccc2c(c1)[nH]c1c(=O)n(-c3ccc(-c4nc(C)n[nH]4)cc3)cnc12,29.00763511657715
Cc1onc2c1c(=O)n(-c1ccc(NC(=O)Nc3ccc(C#N)cc3)cc1)c1cc(Cl)ccc21,31.452516555786133
COc1cccc(N=c2ccc(-c3ccc(C#N)cc3)n[nH]2)c1,19.885700225830078
Cc1cc(-c2nc(-c3ccc(N4CCN(C)CC4)cc3)cc(-c3cccc(C)c3C)n2)ccn1,26.53350257873535
CN(C)c1ccc(C=Nc2nc(Cl)nc(-[n+]3ccc(-c4ccncc4)cc3)n2)cc1,18.67872428894043
C#Cc1c(C#N)c2cc(-c3nc(-c4ccc(N)cc4)nc(-c4cnc(=N)[nH]c4)n3)ccc2n1C,21.681440353393555
CC(=O)Nc1ccc(-c2nc(-c3ccc(N)cc3)nc(C3CCCN(CC(=O)N4CCOCC4)CC3)n2)cc1,31.26749610900879
CC(C)c1ccc(-n2c(-c3ccc(C#N)cc3)cc3c2cc(-c2ccc(N(C)C)cc2)n3-c2ccc(C(C)C)cc2)cc1,13.7686128616333
Cn1c(-c2ccncc2)c(-c2ccc(C#N)cc2)cc(C#N)c1=O,12.274157524108887
N#CCC#CC#CC#CC#CC#CCCCCC#N,18.952407836914062
CC(C)c1ccc(-n2c(-c3ccc(C#N)cc3)cc3cc(C#N)ccc32)cc1,14.058992385864258
N#Cc1csc2ccc(N=C(c3ccc(N)cc3)c3ccc(N)cc3)cc12,27.268512725830078
N#Cc1ccc(-n2c(C=Cc3ccc(N)nc3)nc3ccccc3c2=O)cc1,20.435678482055664
CN(C)c1ncc(-c2cc(-c3ccc(C#N)nc3)nc(-c3ccc(N)nc3)n2)cn1,14.18280029296875
Cc1cc(C)c(-n2c(C=Cc3ccc(N)cc3)nc3ccccc3c2=O)c(C)c1,19.316659927368164
CCC1(O)c2ccccc2-c2nc3cc(N)ccc3c(=O)n21,23.000425338745117
CCC1=c2ccccc2=CC1c1ccc(-c2nc(C)no2)cc1,31.54631805419922
CC(C)(C)C(=O)c1c(O)c(O)n(-c2ccc(-c3ccon3)cc2)c1-c1ccc(C#N)cc1,14.496675491333008
COc1c2c(c(-c3ccc4c(c3)OCO4)c3ccccc13)CC1CCC2C1,26.51557159423828
Cc1ccc(N=C2NN=C(c3cccc4ccccc34)CS2)cc1,21.420591354370117
Nc1ccc(-c2nc(-c3ccc(OCc4ccccc4F)cc3)nc(-c3ccc(N4C(=O)c5ccc6c7c(ccc(c57)C4=O)C(=O)OC6=O)cc3)n2)cc1,19.58884048461914
COc1ccc(C#N)cc1,8.741650581359863
CC(Cc1ccccc1)N=c1[nH]nc(-c2ccc(C#N)cc2)c2ccc(C(O)=NO)cc12,37.442771911621094
CCOc1ccc(Cl)cc1NC(=O)c1cccc(-n2cnc(C)c2)c1O,30.99245834350586
Cc1cc(C)cc(N=c2[nH]cnc3ccsc23)c1,21.8497371673584
N#Cc1cccc(-c2cc(-c3ccnc4ccccc34)c(C#N)c(N)n2)c1,28.050697326660156
Cc1ccc(-c2nc3ccccc3c(=O)n2-c2ccc(-c3nc(-c4ccc(N)cc4)nc(-c4ccc(N)cc4)n3)cc2)cc1,12.913374900817871
Cc1cccc(-c2nc(-c3ccc(N)cc3)nn2CC(=O)Nc2c(C)cc(C(=O)O)cc2C)n1,31.801939010620117
COC(=O)C1CCN(c2ncc(-c3cc(C)cc(=Nc4cc(C(C)C)ccn4)[nH]3)cn2)CC1,21.985754013061523
N#Cc1ccc(-c2cccc(-c3nc(-c4ccc(N)cc4)[nH]c(=N)n3)n2)cc1,16.218294143676758
CN1CCN(C(=O)C2CC3Cc4ccc(C#N)cc4CC3N(C)C2)CC1,19.860382080078125
C#Cc1cccc(C=CC(=O)Nc2ccc(-n3ccc(-c4ccc(-c5ccc(C#N)cc5)o4)n3)cc2)c1,30.68168067932129
Oc1ccc(-c2csc(-c3ccc(O)c(O)c3)c2)cc1O,18.43533706665039
Clc1ccc(-c2ccccc2)cc1,16.915943145751953
Nc1ccc(-c2ccc3c(=O)c(-c4ccc(O)cc4)coc3c2)cc1,19.36878776550293
Nc1cc(CCl)ccc1Cl,19.81355857849121
COCCn1c(=O)c(=Nc2ccccc2)[nH]c2cnc(-c3ccc(N)cc3)cc21,22.401580810546875
CN1CCN(c2ccc(-c3cc(-c4ccc(C#N)cc4)nc(-c4ccc(N)nc4)n3)cn2)CC1,14.225555419921875
COc1c(C#N)cc(C#N)c2nc3ccccc3c(C#N)c12,21.29402732849121
CC(C)c1ccc(-n2c(-c3ccc(C#N)cc3)cc3c2cc(-c2ccc(C(F)(F)F)cc2)n3-c2ccc(C(C)C)cc2)cc1,12.143267631530762
N#Cc1ccc(-c2cc(F)c3c(c2)CCN3C(=O)c2ccc(O)cc2O)cc1,22.361928939819336
N#Cc1ccc(C=Nc2cc(O)c(N)cc2O)cc1,11.497554779052734
N#Cc1ccc(-c2nc(Cc3ccc(N)cc3)ncc2-c2nc3ccccc3c(=O)n2-c2ccc(C#N)cn2)cc1,29.928178787231445
N#Cc1ccc(-c2cc(C#N)c(C#N)c(C#N)n2)cc1,10.45296859741211
N#Cc1ccc(-c2ccc(-c3cnc(F)c(C#N)c3)cc2)nc1,21.060941696166992
Cc1nc(CO)cc(-c2ccccc2)n1,18.75403594970703
Cc1ncc(-c2ccc(=NC(=O)Cc3ccc(C#N)cc3)[nH]c2)o1,19.757617950439453
N#Cc1ccc(-c2ccnc3ccc(C#N)cc23)cc1,13.843602180480957
N#Cc1ccc(-c2nc(C#N)ccc2-c2ccc(F)cc2)cc1,15.209178924560547
N#Cc1cccc(N=c2cnc3ccc(C#N)cc3[nH]2)c1,18.339197158813477
Nc1cc(Br)cnc1N=Cc1cc(C=O)cc(C=O)c1O,27.147031784057617
CCCCc1ccc(NC(=O)Oc2ccc(C(=O)OCC)cc2)cc1,25.687347412109375
COc1cc(CN(C)C)ccc1-c1cnc2[nH]cc(C)c2c1,25.19011688232422
N#Cc1ccc2c(c1)C(=O)c1ccc(Nc3ccc(F)cc3F)cc1CC2,13.521452903747559
N#Cc1cc2cc(N)ccc2oc1=O,14.861578941345215
NCc1ccc(C=Cc2ccccc2[N+](=O)[O-])cc1O,24.84079933166504
N#Cc1cccc(F)c1,9.272980690002441
Cc1ccc(-c2cc3c(cc(-c4ccc(C#N)cc4)n3-c3ccc(C(C)C)cc3)c(-c3ccc(C#N)cc3)n2)cc1,19.351776123046875
CCn1ccnc1-c1ccc(-c2ccc(C#N)cc2)nc1,16.904544830322266
N#Cc1ccc(-c2nc(-c3nc(=O)c(F)c[nH]3)nc3c2CCC3)cc1,18.183807373046875
CC(C)Oc1ccc(S(=O)(=O)N2CCN(c3nc(-c4ccc(N5CCN(C)CC5)cc4)nc4ncc(C#N)cc34)CC2)cc1,24.523744583129883
CC(C)(C)C(c1ccc2cc(C#N)ccc2c1)n1ccnc1,23.558895111083984
N#CC=Cc1ccccc1,10.539128303527832
N#Cc1ccc(C(=O)Nc2ccc(-c3ccc(C#N)cc3)cc2)cc1,13.49320125579834
Cc1nc(-c2ccc(C#N)cc2)cc(N2CCCC2)n1,16.724855422973633
O=C(O)c1ccc(-c2nc(-c3cccc4ccccc34)c[nH]2)c(F)c1,27.296350479125977
N#Cc1ccc(-n2c(-c3ccccc3)cc(=O)n2-c2nc(-c3ccccc3)cc(C(F)(F)F)n2)cc1,22.797603607177734
Cn1cc(-c2ccc(C#N)cc2)nc1-c1cccc(CCC2COC(=N)N2)n1,30.196365356445312
N#Cc1ccc(-c2ccc(N)cc2)cc1,9.272314071655273
Cn1nnc2cc(C(=O)Nc3ccccc3)ccc21,20.39515495300293
CNc1ccc(-c2nc(-c3ccc(N)nc3)nc(-c3ccc(N=Cc4cc(C=O)cc(C=O)c4O)nc3)n2)cn1,10.727633476257324
CN(C)c1ccc(-c2[nH]c(SCc3ccc(C=O)cc3)nc(=N)c2C#N)cc1,20.75584602355957
CC(C)c1ccc(-n2c(-c3ccc(C#N)cc3)cc3c2cc(-c2ccc(C#N)cc2)n3-c2ccc(C#N)cn2)cc1,10.660317420959473
CN1CCCc2cc(Cc3nc(C(=O)NCC4CCOCC4)cs3)ccc21,34.739986419677734
N#Cc1ccc(-c2ccc(-c3ccoc3)c3[nH]cnc(=N)c23)cc1,30.050683975219727
CC(=O)N=c1[nH]c(C)c(C(=O)NC(C)c2ccc(CN3CCc4cc(-c5cccc(C)n5)ccc4C3)cc2)s1,29.16949462890625
Nc1ccc(CC(=O)Nc2cccc(-c3nc(=O)o[nH]3)c2)cc1,20.754133224487305
Cc1nnc(C)n1N=Cc1ccco1,18.581090927124023
COc1ccc(-c2cc(-c3ccccc3O)cc(-c3ccc(N)cc3)n2)cc1OC,20.036861419677734
N#Cc1ccc(-n2ccc3c([nH]c4ccccc43)c2=O)cc1,16.746129989624023
CSc1ccc(C#N)cc1,11.197787284851074
Cn1c(-c2ccncc2)c(-c2ccc(C#N)cc2)c2cc(C#N)ccc21,15.269941329956055
CC(=NO)c1cccc(Oc2nc(Oc3ccc(N)cc3)c(F)c(C)c2F)c1,26.487661361694336
Cc1ccc2nc(-c3ccc(C=NNC(=O)CCCCCSC#N)cc3)sc2c1,30.368091583251953
N#Cc1ccc(OCC(=O)N2CCOCC2)cc1,19.95503807067871
CC(C)CN(C(=O)Nc1ccc(-c2ccc(C#N)cc2)cc1)C(C)C,25.145301818847656
N#Cc1c(NC(=O)CCc2ccccc2)sc2c1CCC2,20.673940658569336
Cc1cc(C)c2c(N)c(-c3cc(-c4ccc(N)cc4)nc(-c4ccc(N)cc4)n3)sc2n1,23.9407901763916
N#Cc1ccc(-c2nc3ccccc3c(=O)n2N=Cc2ccc(O)c(O)c2)cc1,20.197956085205078
Cc1cc(N=CN2CCN(C=O)C(C)C2)nc(-c2ccc(N)cc2)n1,20.357410430908203
CCCn1c(C#N)nc2c(N)nc(=N)[nH]c21,24.013992309570312
N#Cc1ccc(-c2ccc(-c3ccc(C#N)cc3)nc2)cc1,11.880257606506348
N#Cc1ccc(-c2ccc3nc(-c4ccc(C#N)cc4)c(CN4CCCC4)n3c2)cc1,20.632280349731445
O=C1C(Cl)C(c2ccc(Cl)cc2)N1c1ccc(Cl)cc1,17.091018676757812
C#CCN(Cc1ccc2c(c1)C(=O)NC2=O)c1ccc(C#N)cc1,22.16366195678711
Cc1ccc2sc(-n3c(-c4ccc(C#N)cc4)cc4c3cc(-c3ccc(C#N)cc3)n4-c3nc4ccc(C)cc4s3)nc2c1,11.007636070251465
C#CCN(Cc1ccc2c(c1)OCCO2)C(=O)c1ccc(-c2ccc(C#N)cc2)nc1,21.358909606933594
Cn1c2cnc(C3CCCCO3)cc2c2cc(-c3ccc(S(C)(=O)=O)cc3)cnc21,37.045188903808594
N#Cc1ccc(-c2nn(-c3ccc(C#N)cc3)c(=O)c3sc4cc(C#N)ccc4c23)cc1,17.044448852539062
O=NN(Cc1ccc(C=NO)cc1)C1CC1,32.80862808227539
CONC(=O)c1ccc(C)c(N=c2[nH]c(=Nc3ccc(C#N)c(C#N)c3)nc3c(C#N)c[nH]n23)c1,25.987476348876953
Clc1nc(Cl)nc(-c2ccc(-c3cc(-c4ccccc4)cc(-c4cccs4)c3)cc2)n1,10.4231595993042
Cc1ccc(-n2[nH]cc(-c3nnc(-c4ccc(N)cc4)n3C)c2=N)cc1,22.824193954467773
C=C1c2c(C#N)c3c(n2CCN1c1ccc(C#N)cc1)CCCC3,22.40826416015625
COc1ccc(-n2nc(C)c3c(=NN=Cc4ccccn4)[nH]cnc32)cc1,20.12744903564453
Cn1cccc1C=C1c2ccccc2-c2ccccc21,24.003814697265625
Cn1c(=O)n(-c2ccc(C#N)cc2)c(=O)c2c1c1cc(C#N)ccc1n2C,17.329599380493164
N#Cc1ccc(-c2cc3cc(C#N)ccc3c(C#N)cc2=O)cc1,15.254100799560547
N#Cc1ccc(-n2cnc3c(sc4ccccc43)c2=O)cc1,13.375858306884766
CCNCCc1cc(-c2ccc(C#N)cc2)nc(-c2ccc(C#N)cc2)n1,18.50442123413086
CN=c1nc2c(C#N)cc(-c3ccc(C#N)cc3)cc2c[nH]1,21.6446475982666
Cc1ccc(-c2cc3cc(O)cc(O)c3c(=O)o2)cc1,21.11628532409668
N#Cc1ccc(C(O)(c2ccccc2)C(F)(F)F)cc1,20.509876251220703
Cc1cccc(N=c2ncc3cc(-c4ccnc(N)c4)ccc3[nH]2)n1,28.364112854003906
N#Cc1ccc(-c2nc(-c3ccccc3Cl)cs2)cc1,18.64383316040039
Cc1nc2cc(N3CCNCC3)ccc2c(=O)n1-c1ccc(NC(=O)c2ccc(C#N)cc2)cn1,24.084009170532227
CCCC=c1ncc(=C(C(=O)O)C(C)O)n1C,26.56456756591797
N#Cc1ccc(S(=O)(=O)NC(=O)c2ccc(-c3[nH]nc4cc(F)c(-c5ccc(F)cn5)cc34)cc2)cc1,42.47136306762695
CN(C)c1ccc2c(n1)Oc1ccc(C#N)cc1C21c2ccc(N)cc2Oc2ncccc21,28.265275955200195
C=CN1CCc2c(sc(NC(=O)c3ccccc3O)c2C#N)C1,23.299047470092773
N#Cc1ccc(N=C(N)Nc2ccc(Oc3ccc(N)cc3)cc2)cc1,20.084522247314453
COc1cc(-c2ccc(C)c(N)c2)nc2ccccc12,26.462512969970703
Cc1cccc(=Nc2nc(-c3cnc(N)c(C#N)c3)cc3ccccc23)[nH]1,22.141918182373047
Cc1ccc(-c2ncc(-c3ccc(C#N)cn3)cc2C#N)cc1,16.833871841430664
C=C(C)C(=O)NCC(O)COC(=O)c1ccc(N)c([N+](=O)[O-])c1,34.506778717041016
C=C1CC2CC3C4CCC(=O)NC4CCC3C2(C)C1=O,36.27272033691406
C(=Cc1[nH]nc2cccnc12)c1cccc2ccccc12,24.88399314880371
Cc1ccc(-c2nc(-c3ccc(N)cc3)nnc2-c2ccccc2)cc1,11.539031028747559
CC(C)c1cc2c3cc(c(=O)oc(=O)c3c1)C(=O)C2=O,18.47330665588379
C#Cc1cc(C#N)cc(-c2nc(-c3ccc(-c4nc(Cl)nc(Cl)n4)cc3)nc(-c3ccc(N4C(=O)c5ccc6c7c(ccc(c57)C4=O)C(=O)OC6=O)cc3)n2)c1,21.682764053344727
N#Cc1ccc2c(=Nc3ccc4c(c3)OCO4)c(-c3ccc(N)nc3)c[nH]c2c1,24.605684280395508
Nc1ccc(-c2cc(-c3ccccc3)cc(-c3ccc(O)cc3)n2)cc1,11.210673332214355
N#Cc1ccc(-c2nc(-c3ccc(N)cc3)nc(-c3ccc(N=Cc4cc(C=O)c(O)c(C=O)c4O)nc3)n2)cc1,9.445134162902832
N#Cc1ccc(-c2cccc(N)c2)cc1,10.870203018188477
Nc1ccc(-c2cc(-c3ccc(O)cc3)nc(-c3ccc(O)cc3)c2)cc1,14.036762237548828
Cc1cc(=NC(=O)C=Cc2c(Cl)cccc2Cl)[nH]o1,22.64179801940918
CNC(=O)Nc1ccc(-c2cc(NC=O)c3ncc(-c4ccc(C(N)=O)cc4)n3c2)cc1,21.25948715209961
N#Cc1c[nH]c2c(=N)nc(-c3cnc(N4CCOCC4)cn3)[nH]c12,27.153419494628906
COc1ccc(-c2cc(-c3ccc(N)cc3)nc(-c3ccc(N)cc3)n2)cc1,11.5992431640625
C=CCn1c(-c2ccccc2)c[nH]c1=S,15.375900268554688
C=C(C)COc1ccc(C(=O)c2ccc(C#N)cc2)cc1,18.00463104248047
Nc1ccc(C(=O)O)cc1C=O,19.31869125366211
N#Cc1ccc(-c2ccc(C#N)c(C#N)c2)cc1,8.646191596984863
Nc1ccc(-c2nsc(N=Cc3cc(O)c(O)cc3O)n2)cc1,19.497339248657227
Cc1ccc(-c2cc(-c3ccc(N)nc3)nc(-c3ccc(C#N)nc3)c2)cc1N,21.906513214111328
COc1ccc(-n2c(C#N)c3c(c(C#N)c2=O)CC(C)(C)CC3=O)cc1,23.83690071105957
CCc1ccc(CCCCC(=O)c2ccc(C#N)cc2)nc1,25.548250198364258
COc1ccc(-n2c(=O)[nH]c(O)c(C=Nc3ccc4c(c3)OCO4)c2=O)cc1,20.51198387145996
CC(C)c1nc(-c2ccc(C#N)cc2)c(-c2cc[nH]c(=N)c2)[nH]1,24.49755096435547
N#Cc1ccc(-c2ccc(O)c(O)c2)cc1,11.944018363952637
Cc1cc2c(cc1Cl)CCN(C)C2Cc1ccc(C#N)cc1,26.806758880615234
Cc1cc(C)[nH]c(=Nc2ccncc2C#N)n1,14.231595993041992
C=c1c(=Cc2sc(=N)n(-c3ccc(O)cc3)c2O)cc(C)n1-c1ccc(C#N)cc1,20.695240020751953
CC[n+]1ccc(-c2cc[n+](Cc3ccc(C=Cc4ccc(C=Cc5cc(N)c6ccccc6[n+]5C)cc4)cc3)cc2)cc1,26.835412979125977
Cc1nc(-c2ccncc2)sc1-c1nc2ccccc2s1,23.238584518432617
CC(=O)Nc1ccc(-c2[nH]nc3cnc(-c4nc(C)no4)cc23)cc1,21.964174270629883
N#Cc1ccc(-c2ccc(-c3ccc(C(F)(F)F)cc3)cn2)cc1,16.019948959350586
Cc1cnc(C)c(O)c1CNCCN,22.447772979736328
N#Cc1cc(C#N)c2ccc3ccc(C#N)nc3c2c1,11.89833927154541
Cc1ccc(-c2nc3ncnc(N4CCN(c5ccc(F)cc5)CC4)c3nc2-c2cccc(N)c2)cc1,25.048629760742188
O=C(c1ccccc1)N1CCN(c2ncnc3ccc(-c4noc(-c5ccccc5)n4)cc23)CC1,31.85722541809082
O=[N+]([O-])c1ccc(NN=Cc2cnc(-c3ccccn3)nc2)cc1,26.248376846313477
Cc1ccc(C(C)C)cc2c(C#N)c(-c3ccc(CN4CCC(c5cc(-c6ccc(N(C)C)nc6)nc(N(C)C)c5)CC4)cc3)nc1-2,44.13329315185547
Nc1ccc(-c2cccc(=Nc3ccc(-c4cc(-c5ccccc5)cc(-c5ccc(O)cc5)n4)cc3)[nH]2)cc1,17.61410140991211
Cc1ccc(NC(=O)C=Cc2ccc(O)c(O)c2)cc1,17.719039916992188
Cc1cc(C)c(C=CC=CC#N)c(C)c1,18.618146896362305
CC(N=c1nc(N2CCN(C)CC2)c2ccc(C#N)cc2[nH]1)c1ccc(F)cc1,29.89682388305664
N#Cn1cnc(-c2ccc(Oc3ccc(C(F)(F)F)cc3)cc2)n1,20.96844482421875
N#Cc1cc2[nH]c(OCCO)nc(=N)c2[nH]1,32.42144012451172
C#CCN(C)c1ccc(N=Nc2ccc(N=Nc3cccnc3)c(N)c2)cc1,30.21764373779297
N#CC#Cc1ccccc1,11.93068790435791
Cc1ccc(-c2nc3c(c(N)c2C#N)Cc2ccccc2-3)cc1,17.595298767089844
C#CC#Cc1c(F)c(F)nc(F)c1F,14.935714721679688
N#Cc1ccc(-c2ccc3nnc(Cc4ccc5ncccc5c4)n3c2)cc1,22.920183181762695
N#Cc1ncccc1N,11.93107795715332
Cc1cccc(C)c1NC(=O)NN=Cc1ccc(C#N)cc1,16.973237991333008
Cc1ccc(-n2c(-c3ccc(C#N)cc3)cc3c2cc(-c2ccc(C#N)cc2)n3-c2ccc(C(C)C)cc2)nc1,11.43832778930664
Nc1ccc(-c2cc(-c3ccc(N4C(=O)c5cccc6c(N)ccc(c56)C4=O)cc3)nc(-c3ccc(N)cc3)n2)cc1,16.155487060546875
C#Cc1ccc(C#Cc2cc(N3CCN(C(C)=O)CC3)nc(C)n2)cc1,22.071319580078125
O=c1oc(-c2cccnc2N2CCOCC2)nc2ccccc12,21.99793815612793
N#CC1=C(C#N)C(O)(c2cccc(=O)[nH]2)C(C#N)(C#N)C1=N,36.140480041503906
CN1CCN(c2nc(-n3ccc4ccccc43)nc3cc(C4=NCCN4)ccc23)CC1,28.754520416259766
CC(=O)c1ccc(-n2c(C(N)=O)c(Cc3cccc(C#N)c3)c3cc(C#N)ccc32)cc1,26.452016830444336
CNc1ccc(-c2cc(-c3ccc(N)nc3)nc(-c3ccc(N=Cc4cc(C=O)c(O)c(C=O)c4O)nc3)n2)cc1,17.920392990112305
Cc1ccc2[nH]c(-c3ccc(-c4ccc(-c5cccc(O)c5)cc4)cc3)nc2c1,20.80539894104004
NC(=O)C(Cc1ccccc1)NC(=O)CS,20.353008270263672
Nc1ccc(-c2cc(-c3ccc(N)cc3)sn2)cc1,14.382802963256836
N#Cc1cncc(C(N)=O)c1,13.802655220031738
C#Cc1ccc(C=NN=c2nc(-c3ccc(OC)cc3)cc[nH]2)cc1,18.899194717407227
CC(=O)c1ccc2c(c1)Cc1c(-c3ccc(C#N)cc3)nc(=N)[nH]c1-2,21.79665756225586
Oc1ccc(-c2cc(-c3ccc(O)cc3)c3c(n2)-c2ccccc2C3)cc1,19.867738723754883
N#Cc1ccc(-c2nc(CSc3nc(=N)c(C#N)c(-c4ccc(O)cc4)[nH]3)nc(-c3ccc(N)cc3)n2)cc1,18.373821258544922
CN(c1ccc2oc3ccc(OCC#N)cc3c(=NO)c2c1)S(=O)(=O)c1ccc(-c2ccc(C#N)cc2)cc1,35.63005828857422
N#Cc1cc2c(cc1-c1c3ccc(=O)cc-3oc3cc(O)ccc13)OCO2,22.117815017700195
C#Cc1nc(C#N)c(NC)o1,15.772078514099121
Nc1ccc2c(c1)C(O)c1cc(N)ccc1-2,13.793817520141602
Cc1ccc2[nH]c(-c3ccc(-c4ccc(NC(=O)CCN)cc4)cc3)nc2c1,23.63808822631836
N#Cc1ccc(-c2cnc(-c3ccc(C#N)cc3)o2)cc1,12.60040283203125
N#Cc1ccc(-c2cc(C#N)c3nnc(Cl)cc3c2)cc1,25.683109283447266
CN(C(=O)c1ccc(N=Cc2ccc(O)cc2)nc1)c1ccccc1,24.491966247558594
N=C(N)c1ccc(-c2ccc(-c3cc(-c4ccccc4)cc(-c4ccc(-c5nc(Cl)nc(Cl)n5)cc4)c3)cc2)cc1,12.365093231201172
COc1ccc(C#N)c(C#N)c1,12.738906860351562
Cc1cc(=O)nc(N2N=C(c3ccc(Cl)cc3)CC2c2ccc(Cl)cc2)[nH]1,19.570341110229492
Nc1ccc(-c2nc(-c3ccc(N)nc3)nc(-c3ccc(N=Cc4c(O)ccc(C=O)c4O)nc3)n2)cn1,9.988780975341797
CCC12CC3CC(CC(N)(C3)C1)C2,19.516761779785156
N#Cc1ccc(-n2c(O)c(Cc3cc(Cl)ccc3Cl)sc2=O)cc1,25.190855026245117
CN1CCN(c2ccc(-c3nc(-c4ccc(C#N)cc4)nc(-c4ccc(-n5ccc(-c6ccc(N)cc6)c5)cc4)n3)cc2)CC1,16.730728149414062
O=Cc1cc(C=O)cc(C=Nc2cc(O)c(NCc3ccccc3)cc2O)c1,18.172664642333984
Cc1ccc(CNC(=O)c2cc(=O)c3c(O)cccc3o2)cc1,23.733545303344727
Nn1c(C(=O)c2ccccc2)ccc1-c1cccc(C=CC(=O)O)c1,28.38112449645996
Nc1ccc(-c2nc(-c3ccc(N)nc3)nc(-c3ccc(N=Cc4ccc(O)cc4)nc3)n2)cn1,10.135724067687988
COCc1c(-c2cccc(-c3ccc(NC(C)=O)c(C)c3)n2)cnn1-c1ccc(C#N)cc1,29.10523223876953
CSc1c(C#N)cc(C#N)c(=O)n1-c1ccc(C#N)cc1,17.257930755615234
Cc1ccc(Cn2c(O)csc2=O)cc1,16.37257957458496
CC(C#N)=CC#N,13.131900787353516
COc1cc2c(cc1Cc1ccc(-c3cnn(C)c3)cc1)Nc1cc(-c3ccc(C#N)cc3)ccc1C(=O)N2,19.961902618408203
N#Cc1ccc(C(=O)C[n+]2ccc(-c3cccc(C#N)c3)cc2)cc1,16.85986328125
CN1C(=O)c2cccc3cccc1c23,16.173707962036133
N#Cc1ccc(S(=O)(=O)NCc2ccc(-c3cccc(C(F)(F)F)c3)nc2)c(S(N)(=O)=O)c1,29.942689895629883
ON=Cc1nccn1Cc1ccccc1,14.808030128479004
CCC(Nc1ccc(C#N)cc1)c1ccc(F)cc1,16.45939064025879
Nc1nc(N)nc(N=CN2CCOCC2)n1,11.87570858001709
N#Cc1ccc2c(c1)C(=O)c1nc3cc(NC(=O)C(N)=O)c(F)cc3c(=O)n1-2,35.57357406616211
Cc1cc(=O)cc(-c2ccc(C)c(C#N)c2)o1,23.168455123901367
Cc1cn(-c2ccc(N=c3nc(-n4cc(C)c(-c5nc(C)cc(=N)[nH]5)n4)cc[nH]3)cc2)cn1,33.62987518310547
N#Cc1ccc(-c2cccc3cc(C#N)ccc23)cc1,13.079604148864746
Cc1cccc(Nc2ccn3c(C#N)cc(C#N)c3n2)c1,28.184951782226562
CC=CC=CCC=CCC=CCC=CCC=CCC=CCC,19.634807586669922
Cc1ccc2nc(-n3c(-c4ccc(C#N)cc4)cc4c3cc(-c3ccc(C#N)cc3)n4C)sc2c1,12.530489921569824
N#Cc1ccc(N=c2nc[nH]c3ccc(-c4ccc(C#N)c(N)c4)cc23)cc1,17.8591365814209
CN(C)c1ccc(-c2ccc(N(C)C(=O)Cc3ccc4c(c3)OCO4)cc2)cn1,28.627321243286133
Cc1c(C(=O)NCCN)[nH]c2ccc(N)cc12,25.511791229248047
N#Cc1ccc(-c2c(C#N)c(F)c3onc(C(N)=O)c3c2F)cc1C#N,27.04991912841797
N#Cc1ccc2nc(-c3ccccc3)cc(-c3ccccc3)c2c1,17.048118591308594
CN1c2ccccc2N(c2ccc(C#N)cc2)n2nc(-c3ccc(N)nc3)nc21,17.792890548706055
Cc1cc(-c2nc(-c3ccc(N4CCNC4=O)nc3)cc(-c3ccccc3CO)n2)cc(C)n1,28.754987716674805
CN1CCN(c2ccnc3c2c(-c2cn(-c4ccc(N)cc4)nn2)c(C=O)c(=O)n3C)CC1,40.07822036743164
Cc1nc2ccccc2n2c(=O)n(-c3ccc(C#N)cc3)nc12,18.86011505126953
CN1C(=O)c2cccnc2N(Cc2cccc(C#N)c2)c2ccc(C#N)cc21,19.166889190673828
N=c1nc(-c2ccc(N3C(=O)c4ccc5c6c(ccc(c46)C3=O)C(=O)OC5=O)cc2)nc(-c2ccccn2)[nH]1,15.093977928161621
CCc1nc2c(c(=O)n(C)c(=O)n2C)n1C,18.52191162109375
Nc1ccc(C=Cc2nc(-c3ccc(N)cc3)nc(-c3ccc(N=C=S)cc3)n2)cc1,13.238306999206543
CN1CCCN(c2ccc3nc(-c4c(NCCn5cc(N)cn5)cc[nH]c4=O)[nH]c3c2)CC1,27.98238754272461
Nc1ccc(-c2cc(-c3ccc(O)cc3)nc(-c3ccc(N)cc3)n2)cc1,10.936637878417969
COc1cc(C=CC=CS(=O)(=O)c2ccc(C)cc2)ccc1O,20.518892288208008
O=C(O)COc1ccc(C=C2Oc3ccc(O)cc3C2=O)cc1,22.357059478759766
N#Cc1cc(N=c2[nH]c(=Nc3ccc(N)cc3)[nH]cc2F)ccc1F,19.119384765625
N#Cc1ccc(-c2ccc(C(F)(F)F)cn2)cc1,12.115883827209473
N#CC(=Cc1ccccc1)c1ccccc1,14.94953727722168
Nc1ccc(-c2nc(-c3ccc(N)cc3)nc(-c3ccc(N)cc3)n2)cc1,8.762136459350586
Cc1cnc(CN=c2nc[nH]c3ccc(-c4ccc5c(c4)OCO5)cc23)cn1,21.020153045654297
CC(C)(C#N)c1ccc(-n2[nH]c(=O)c3cc4c(=O)[nH]n(-c5ccc(C#N)cc5)c(=O)c4cc3c2=O)cc1,12.22521686553955
N#Cc1c(CCC(=O)O)cc(-c2ccc(N)cc2)[nH]c1=N,21.17365264892578
CN(C)c1ncc(-c2nc(-c3ccc(N)nc3)nc(-c3ccc(N)nc3)n2)cn1,12.924593925476074
Cc1ccc(-c2nc(N3CCC(C#N)C(C)C3)ncc2-c2ccc(C#N)cc2)cc1,17.371522903442383
N#Cc1ccc(C2CC(c3ccc(-c4ccc(C#N)nc4)cc3)=NN2C(N)=O)cc1,22.46388053894043
Cc1cc2cc(NC(=S)NC(=O)c3ccc(-c4ccc(C#N)cc4)o3)ccc2[nH]1,27.762117385864258
Nc1ccc(-c2nc(-c3ccccc3)nc(-c3ccc(N4C(=O)c5cccc6cccc(c56)C4=O)cc3)n2)cc1,9.282103538513184
Cc1noc(-c2ccc(NCc3coc(-c4ccc(C#N)cc4)n3)cc2)n1,16.18548011779785
CN1CC=C(c2cccs2)CC1,19.21929168701172
C#Cc1nc(-c2nc(=O)c3ccccc3[nH]2)ccc1-c1ccc(C#N)nc1,28.2900390625
Nc1ccc(-c2nc(-c3ccc(N)nc3)nc(-c3ccc(N=Cc4ccc(Cl)cc4)nc3)n2)cn1,13.189066886901855
N#Cc1nc2c(=O)ccn(C3OC(CO)C(O)C3O)c2nc1C#N,21.51518440246582
Cc1c(C#N)cccc1C(=O)NN=Cc1ccc(-c2ccc3cc(C#N)ccc3[n+]2C)cc1,29.42032241821289
Nc1ccc(C=C=Cc2ccc(O)c(C=O)c2)cc1,22.911806106567383
Nc1cccc2c1C(=O)N(CCCCOc1ccccc1C=CC(=O)c1ccc(O)cc1)C2=O,37.27284240722656
N#CCCN1CCC(N2CCCC2)CC1,20.53598976135254
Cc1cc(-c2ccc(N(C)C)c(C#N)c2)nc(C#N)n1,15.916417121887207
N#Cc1ccc(N)cc1,8.896522521972656
Cc1cnc(Cl)nc1-c1ccc(N(C)C(=O)c2ccc(-c3ccc(C#N)cn3)nc2)cc1,18.596227645874023
N#Cc1cccnc1Sc1c(C#N)ccc(-c2ccc(N)nc2)c1C#N,24.337732315063477
Nc1ccc(-c2nc(-c3ccc(F)cc3)nc(-c3ccc(N4C(=O)c5ccc6ccccc6c5C4=O)cc3)n2)cc1,13.405153274536133
Oc1cc(O)c(C=Cc2ccc(O)c(O)c2)c(O)c1,18.822498321533203
O=C(NCCCn1cccn1)c1ccc[nH]c1=O,27.176769256591797
Cc1ccc(-n2c(SCCCCCCSc3nc(-c4cccc([N+](=O)[O-])c4)c(-c4ccc(N(C)C)cc4)[nH]3)nc(-c3ccccc3)c2-c2ccccc2)cc1,39.17319869995117
CCn1[nH]c(-c2ccccn2)cc1=NC(=O)c1cc(C#N)cc(C#N)c1,20.58734130859375
O=c1ccc2cc3oc(-c4ccc(O)c(O)c4)cc(=O)c3cc2o1,22.323989868164062
Cc1ccc2nc(-c3ccccn3)c(Nc3ccc4ccccc4c3)n2c1,23.755233764648438
CC(C)(C)c1ccc(-c2c(-c3ccccc3)c3ccccc3oc2=O)cc1,26.1101131439209
NC(N)=NN=Cc1ccc(C=NN=Cc2ccc(-c3cccc(-c4ccc(N=C(N)N)cc4)n3)cc2)cc1,23.008167266845703
N#CC(=Cc1cccc([N+](=O)[O-])c1)C(=O)Nc1ccsc1C#N,26.021480560302734
Nc1ccc(-c2nc(-c3ccc(N=Cc4ccc(O)c(O)c4)cc3)nc(-c3ccc(N=Cc4ccccc4O)cc3)n2)cc1,20.674203872680664
Cc1ccc(Oc2ccn3nc(-c4ccc(C#N)cc4)cc3n2)cc1,22.27922248840332
O=CNc1ccccc1OCC(=O)NN=Cc1ccc(O)c(O)c1,27.462425231933594
Cn1ncc2c(=NCc3cccs3)[nH]c(-c3ccc(N=Cc4ccc(N)cc4)cc3)nc21,26.38121795654297
CC1=C(C)C(=O)C(c2ccc(N(C)C)cc2)=C1,25.205245971679688
Cc1ccc(-c2c[nH]c3nc(-c4ccc(N)nc4)nc(N4CCOCC4)c23)cc1,24.162086486816406
Oc1ccc(-c2cc(-c3ccccc3)cc(-c3ccc(-c4nc(Cl)nc(Cl)n4)cc3)c2)cc1,9.657024383544922
Cc1ccc(N=Cc2oc(C=C3C(=O)N(C)c4ccccc43)c(O)c2O)cc1,26.030614852905273
Nc1ccc(-c2nncc(-c3ccc(C=CC(O)=NO)cc3)n2)cn1,20.340354919433594
CC(C=c1ccc(=CC(=O)c2ccc(C#N)cc2)cc1)C(=O)O,25.00935173034668
COc1cc2c(cc1O)CC(C)C(C)C(O)c1cc3c(cc1-2)OCO3,22.661571502685547
CCC(C)(C)c1cc(CNC(C)C)c(N)c(-c2ccc(Cl)cc2)c1,34.00349807739258
N#Cc1ccc(-c2cc(-c3cc[nH]c(=NC(=O)N4CCOCC4)c3)c3cc(-c4ccc(N)nc4)ncc3n2)cc1,32.87368392944336
N#Cc1ccc(-c2cc(C(N)=O)[nH]c(=N)n2)cc1,18.275102615356445
N#Cc1ccc(N=Cc2c(O)ccc3c(C=O)cccc23)cc1,18.339576721191406
O=Cc1ccc(-c2ccccc2)o1,14.712267875671387
C#CCn1c2ccccc2c(=O)c2cc(N)ccc21,22.227176666259766
C=C(C)C(=O)OC,15.67240047454834
Nc1ccc(-c2nc(-c3ccc(-c4nc(-c5ccc(Cl)cc5)cs4)cc3)nc(-c3ccc(Cl)cc3F)n2)cc1,23.405920028686523
Cc1cccc2nc(-c3ccc(N)cc3)c(-c3ccc(N)cc3)nc12,20.397302627563477
CC(C)=CCCC1(O)C2C(CC3C4(C)CCC(O)C(C)(C)C4CC(=O)C31C)OC21C(=O)N(C)C(=O)c2ccccc21,49.6398811340332
CN1CCN(C2=Nc3nc(=N)[nH]c(Cl)c3C=NN2)CC1,31.06666374206543
Cc1ccc2cc(C)c(-c3ccc(-c4ccc(CNCc5ccc(C#N)cc5)cc4)s3)nc2c1,25.909637451171875
Cc1cncc(-c2cc3c(-c4ccnc(N5CCC(N)C5)n4)[nH]nc3cn2)n1,23.15045738220215
N#Cc1ccc(-c2cc(-c3ccc(C#N)cc3)n(Cc3cccnc3)n2)cc1,17.505617141723633
C=C1C=CC(=O)c2cc3c(O)c4c(c(O)c3c(O)c21)C(=O)C(OC)=CC4=O,25.91585350036621
Cn1c(-c2nc(-c3ccc(N)nc3)nc(-c3ccc(N)nc3)n2)cnc1N=Cc1cc(C#N)cc(Cl)c1O,17.801502227783203
N#Cc1ccc(-c2ncc(C3CCCN3C=O)cn2)cc1,16.862224578857422
CN(C)c1cc(Cl)nc(-[n+]2ccc(-c3ccncc3)cc2)n1,14.031697273254395
Nc1ccc(-c2cc(-c3ccc(N=c4cc[nH]c5cc(Cl)ccc45)cc3)nc(-c3ccc(N)nc3)n2)cc1,17.280826568603516
Cc1ccc(Nc2cc(=N)c3ccc(N)cc3c3c2cnn3-c2ccc(C#N)cc2)c(C)c1,31.453136444091797
N#Cc1ccc(-n2c(=O)c3cc4c(=O)n(-c5ccc(CN=c6cc[nH]c(=N)[nH]6)cc5)c(=O)c4cc3c2=O)cc1,21.463144302368164
N#Cc1ccc(C=C2CC=CC2=O)cc1,16.827037811279297
N#Cc1ccc(-c2cccc(-c3ccc(-c4nc(Cl)nc(Cl)n4)cc3)c2)cc1,12.526422500610352
C#CCC#CC(C#N)=Cc1ccc(-c2ccc(C#N)cc2)o1,21.225027084350586
COC(=O)c1cc2c(C#Cc3ccccc3)nc(C#N)cc2n1C,22.620269775390625
N#Cc1ccc(-c2cc(C#N)ccn2)cc1,10.634469985961914
Clc1ccc(-c2cc(-c3ccc(Cl)cc3)nc(-c3ccc(Cl)cc3)c2)cc1,12.127866744995117
Nc1ccc(-c2cc(=O)cc(C=Cc3ccccc3O)o2)cc1,25.552757263183594
N#Cc1ccc(-c2nc(N)c(C#N)cc2-c2ccccc2)cc1,10.670466423034668
COc1ccc2c(c1)Oc1nc(-c3ccc(C#N)cc3)nc(-c3ccc(C#N)cc3)c1C2,19.456140518188477
N#Cc1cc(-c2c(C3=CC=NCC3)cc(-c3cccc(O)c3)nc2-c2ccc(N)cc2)ccc1O,48.8427619934082
N#Cc1cc(CC(N)C(=O)O)ccc1-c1ccc(-c2ccccc2)cc1,16.582517623901367
N#Cc1cc(-c2cc(-c3ccc(N)cc3)nc(-c3ccc(N4C(=O)c5ccc6c7c(ccc(c57)C4=O)C(=O)OC6=O)cc3)n2)ccn1,15.463571548461914
Cc1ccc(S(=O)(=O)C=CC#N)cc1,12.545821189880371
N#Cc1ccc(-c2cc(-c3ccc(N)cc3)nc(-c3ccc(N)cc3)c2)cc1,9.664505958557129
N#Cc1ccc(C#N)c(C#N)c1,12.383925437927246
Nc1ccc(-c2cc(-c3ccccc3)cc(-c3ccccc3O)n2)cc1,13.80112361907959
Cc1ccc2nc(-c3ccc(N)cc3)n(-c3ccc(C(C)C)cc3)c(=O)c2c1,18.47076416015625
Nc1cccc(-c2ccc3c(c2)CCCN3C(=O)c2c(F)cccc2Cl)c1,21.2291259765625
Cc1c(C=Nc2ccc(-c3nc(-c4ccc(N)nc4)nc(-c4ccc(N)nc4)n3)cn2)c(O)n(C)c1CCCC(=O)O,18.104616165161133
O=C(NN=Cc1ccccc1C(=O)O)c1cc(-c2ccc(F)cc2)cc(-c2ccc(O)cc2)n1,28.096946716308594
COc1ccc(C=CC(=O)c2ccc(O)cc2)cc1,15.901129722595215
CN(C)c1ccc(C=C2Oc3cc(N(C)c4ccc(C#N)cc4)ccc3C2=O)cc1,29.532154083251953
Nc1ccc(-c2nc(-c3ccc(N4C(=O)c5cccc6cccc(c56)C4=O)cc3)nc(-c3cccnc3)n2)cc1,14.155708312988281
Cc1cc(C)cc(-c2ccc(NC(=O)c3cn(C(C)C)c4nc(N5CCNCC5)ncc4c3=O)cc2)c1,35.85224914550781
Cc1nn(-c2ccc(C#N)cc2)c(=O)c2cc(-c3ccccc3)nn12,16.367040634155273
C=CCN1CCC(Cc2ccc3c(c2)cc(-c2ccc(N)cc2)c(=O)n3C)C1,39.86674118041992
N#CC(C#N)=Cc1ccc(C#N)cc1,11.671098709106445
CC(=O)N1CCc2ccc(N(C)c3cc[nH]c(=Nc4ccc(C#N)nc4)n3)cc21,20.737346649169922
COc1ccc(CN2OCC(O)C3(S(=O)(=O)c4ccc(C)cc4)C=C(c4ccc5c(c4)OCO5)C([N+](=O)[O-])=C23)cc1,52.66619873046875
COC(=O)Cc1cc(-c2ccc(OC)cc2)nc2ccccc12,28.81881332397461
N#Cc1ccc(-c2cc(CN)nc(-c3ccc(N)nc3)n2)cc1,11.993315696716309
N#Cc1ccc(-c2nc(-c3ccccc3)cs2)cc1,11.394193649291992
Cc1ccccc1C(=O)N=c1sc2cc(N)ccc2n1C,24.27776527404785
Cc1cc(C=CC=CC=Cc2ccccc2C(=O)C=Cc2ccc(N=c3cc[nH]c4cc(Cl)ccc34)cc2)on1,28.74277114868164
CC1(C)Cc2c(C#N)cccc2O1,16.582128524780273
Cc1ccc(-n2c(-c3ccco3)nc3ccccc3c2=O)cc1,20.565889358520508
Cc1cnn(-c2ccc(C#N)cc2)c1,14.503840446472168
Cc1nc(-c2ccc(C(=O)N3CCN(c4ccccn4)CC3)cc2)cs1,20.263526916503906
COc1cc(=NS(=O)(=O)c2ccc(N)cc2)nc[nH]1,20.588459014892578
COC(=O)c1cc(N=Cc2cc(O)ccc2O)ccc1O,16.25499725341797
CN(C)C(=O)C1COC(c2nc(-c3cc[nH]c(=N)n3)c(-c3ccc(F)cc3F)[nH]2)N1,24.308576583862305
Cc1cccc(-c2nc(-c3cnc(N4CCOCC4)nc3)nn2CCNC(=O)c2ccnc(-c3ccc(C#N)cc3C)c2)c1,35.90671920776367
O=C(O)c1cccc(C(=O)C=Cc2ccc(O)cc2)c1O,20.029150009155273
CC(C)Cc1ccc(-c2ccc3c(c2)Nc2cc(-c4ccc(C#N)cc4)ccc2C(=O)N3)nc1,23.40219497680664
N#Cc1ccc(-c2cc(N3CCOCC3)nc(-c3cccc(C#N)n3)n2)cc1,14.220207214355469
COc1ccc(C=CC(=O)O)cc1OC,18.839908599853516
COC(C=Cc1ccc(C)cc1)=C1C(=O)C=C(C)C1=O,26.149303436279297
Cc1cc(N)nc(-n2cnc(-c3ccc(Br)cc3C(F)(F)F)c2)n1,37.07390213012695
N#Cc1ccc(-c2ccc3c(c2)c(C(=O)c2ccccc2)c2ccccn23)cc1,22.852882385253906
Cc1nc(-c2ccnc(F)n2)ccc1-c1nc(C)c2c(n1)C(C)(C)c1cc(C#N)ccc1CC2,38.88899612426758
CN(C)CCC1CC(=O)c2cc(Cl)ccc21,20.945117950439453
Cc1cccc(Cl)c1NC(=O)c1cnc(=Nc2ccc(C#N)cc2)c2c(N3Cc4ccccc4C3)nc[nH]c1-2,47.280704498291016
Nc1ccc(-c2nc(-c3ccc(N)cc3)nc(-c3ccc(N=Cc4cc(C=O)cc(C=O)c4O)nc3)n2)cc1,10.054920196533203
N#Cc1ccc(-c2cc(-c3ccc(C#N)cc3)n(-c3ccc(C#N)cc3)n2)cc1,10.716968536376953
Cc1cn(-c2c(C#N)cc(C#N)c3cc4c(cc23)OCO4)cn1,16.776784896850586
Oc1cccc(C=Cc2nc3ccccc3[nH]2)c1,17.46319007873535
N#Cc1ccc2c(=O)nc(-c3cn(C4CC(O)C(CO)O4)c(=O)[nH]c3=O)[nH]c2c1,18.524723052978516
Cc1cc(C#N)cc2cc(-c3ccc(C#N)cc3)c(-c3ccc(NC(=O)C=Cc4ccc(C(C)C)cc4)cc3)nc12,25.678852081298828
COc1ccc(-c2nc(OC(C)C)c(C#N)c(-c3ccc(Cl)cc3)c2C#Cc2ccc(N(C)C)cc2)cc1,34.045406341552734
CN(C)c1ccc(NC(=O)N=c2[nH]cnc3[nH]ncc23)cc1,23.742265701293945
CCCCn1c(=O)[nH]c(=O)c2cc(-c3ccc4c(c3)OCO4)ccc21,19.338037490844727
Cc1ccc(-c2noc(C3CCCN(Cc4ccc(-c5nc(N)ccc5-c5ccnc(N(C)C)n5)cc4)C3)n2)cc1,30.880260467529297
O=C1c2ccccc2CCn2ccnc21,18.883522033691406
Cc1nc(-n2nc3cc(-c4ccccc4)ccc3c2-c2ccc(C#N)cc2)n(C)c1C,24.918277740478516
Nn1c(SCC(=O)c2ccc(Br)cc2)nnc1-c1ccccc1,19.029476165771484
C#Cc1cc(C(=O)N=c2ccc(F)c[nH]2)cnc1-c1ccc(C#N)cc1,20.961984634399414
Cc1ccc(C(=O)CC(=O)C(=O)Nc2ccc(F)cc2)cc1,24.822101593017578
N#Cc1cc(F)c2cc(-c3cc(-n4ccnc4)n[nH]3)[nH]c2c1,31.17340850830078
N#Cc1cccc(-c2cc(-c3cnc(C#N)nc3)nc(-c3cnc(N4CCOCC4)nc3)c2)c1,25.280868530273438
N#Cc1ccc(N2CCN(c3ccc(C#N)cc3)CC2)cc1,14.107939720153809
N#CC(C#N)=c1c(=C2CCC2)cc(-c2nccs2)c2ccccc12,39.49532699584961
NCc1ccccc1C=O,18.776132583618164
CN1CCN(c2cccc(-c3nc(-c4ccc(N5CCNCC5)nc4)nc(-c4ccccn4)n3)c2)CC1,29.444368362426758
Nc1ccc(C=Nc2ccc(-c3cccc(-c4ccc(N=Nc5ccc(O)c(C=O)c5)cc4)c3)cc2)cc1,21.9367618560791
N#Cc1ccc(-c2ccc(NC(=O)c3ccc(CNC(=O)C=Cc4ccc(O)c(O)c4)cc3)cc2)cc1,25.752626419067383
N#Cc1ccc2c(c1)C1CCC2C1,13.54577922821045
N#Cc1ccc2ccc(N)cc2c1,14.126786231994629
Cc1ccc(C#N)cc1-c1ccnc2[nH]cc(C#N)c12,16.877973556518555
Nc1ccc(-c2cc(=O)n3nc(-c4cccs4)cc3[nH]2)cc1,24.579980850219727
CNc1ccc(-c2cnc(-c3ccc(N)cc3)nn2)cc1,21.800233840942383
N=C(N)NCCc1cccc2ccccc12,19.41084861755371
C[n+]1ccccc1N,15.500530242919922
N#Cc1cccc(N=c2[nH]cc(C#N)c(=N)[nH]2)c1,15.574450492858887
N#Cc1ccc(-c2cnc(N3CCc4cccc(C(=O)N=c5cnc6ccccc6[nH]5)c4C3)nc2)cc1,21.544757843017578
N#Cc1cccs1,10.6382417678833
Nc1ccc(-c2nc(-c3ccncc3)nc(-c3ccc(N)cc3)n2)cc1,9.900547981262207
N#Cc1ccc(-c2cn3c(C#N)c4ccccc4c3n2-c2ccc(C#N)cc2)cc1,22.45143699645996
CN1CCN(c2ccc(-c3ccc(C#N)cc3)nc2C#N)CC1,16.312332153320312
CN(c1ccnc(C#N)n1)C1CCCC1,16.610960006713867
N#Cc1ccc(CN=c2[nH]c(C#N)nc(=NCc3cccs3)[nH]2)cc1,22.402198791503906
N#Cc1ccc(-c2nc(-c3ccc(N)cc3)nc(-c3ccc(N4C(=O)c5cccc6cc(N)cc(c56)C4=O)cc3)n2)cc1,10.322504043579102
COc1ccc(-c2nc(-c3ccc(C#N)cc3)nc(-c3ccc(N=Cc4cc(C=O)c(O)c(C=O)c4O)nc3)n2)cn1,12.577873229980469
CCC(C)C(N)CO,21.721012115478516
Cc1ccc[n+](-c2nc(Cl)nc(Cl)n2)c1,10.218626022338867
Clc1ccc(-c2c[n+](-c3ccc(Cl)cc3)c3n2CCC3)cc1,19.200590133666992
N#Cc1ccc(-c2cnc3c(c2)CCCN3C(N)=O)cc1,13.133268356323242
Cc1ccc(Nc2cc(O)c(N=CCc3ccc(O)cc3)cc2O)c(C)c1,19.66815948486328
Cc1c(-c2ccc(C#N)nc2)c(=O)cc(C(=O)c2ccc(Cl)cc2)n1C,29.73006820678711
N#Cc1ccc(-c2ccc(-c3ccc(N)nc3)c(C=O)c2)cc1,18.14634895324707
N#Cc1ccc(N2C(=O)c3cc4c(=O)c(=O)c(=O)c4cc3C2=O)cc1,12.469313621520996
CN(N=Nc1nc(-c2ccc(Cl)cc2)c(-c2ccc(Cl)cc2)cc1C#N)C(=O)c1ccncc1,28.745756149291992
CN(C)Cc1n[nH]c(-c2ccc3sc4[nH]c(-c5ccc(N)nc5)nc4c3c2)n1,27.539413452148438
CN1CCN(c2ccc(-c3nc(-c4ccc(C(N)=O)cc4)n4cc(-c5ccc(C#N)cc5)cnc34)cn2)CC1,20.3103084564209
Cc1ccccc1-c1nc(-c2ccc(N)cc2)nc(-c2ccc(N3C(=O)c4cccc5cccc(c45)C3=O)cc2)n1,12.792591094970703
N#Cc1ccc(-c2ncc(N3CCC4(CCCNC4)CC3)c(-c3ccc(C#N)cc3)n2)cc1,22.578798294067383
Cc1cc(N)ccc1-c1cc(-c2ccc(C#N)cc2)cc(-c2ccncc2)n1,21.78091049194336
N#Cc1ccc(-c2cnc3c(O)c(C(=O)NCc4ccc(F)cc4)ccc3c2)cc1,24.073984146118164
Nc1ccc(-c2ccc3nc(-c4ccc(N)cc4)nc(Cc4ccc(F)cc4)c3n2)cc1,24.8380126953125
CN1CCN(c2ccc(-c3nc(-c4cccc(C#N)c4)c4ncn(CC(Oc5ccc(C#N)cc5)c5ccccc5)c4n3)cn2)CC1,30.6376953125
COC(=O)CCCC#Cc1cnc(-c2ccc(C#N)cc2)nc1,24.158397674560547
Nc1ccc(-c2nc(-c3ccccc3)nc(-c3ccc(N=Cc4cc(C=O)c(O)c(C=O)c4O)nc3)n2)cn1,11.977255821228027
O=C(O)c1cc(C=Cc2ccc(C=Cc3ccccc3)cc2)cc(-c2ccc(Cl)s2)c1O,24.78127098083496
[N-]=[N+]=NC1CC(n2cc(C#CC(N)=O)c(=O)[nH]c2=O)OC1CO,25.078022003173828
CCCC(=O)Nc1ccc(-n2nc(C(=O)O)cc2-c2ccc(-c3ccc(C=O)cc3)cc2)cc1,28.589839935302734
NC(=O)Cn1cnc2cc(-c3ccc(N4CCNCC4)cc3)sc2c1=O,17.38555908203125
CC(=O)Nc1ccc(-c2nc(-c3ccc(N)cc3)nc(-c3ccc(N=Cc4cc(C=O)cc(C=O)c4O)nc3)n2)cc1,15.062207221984863
N=C(N)c1ccc(-c2cccc(-c3ccc(C(=N)N)cc3)c2)cc1,14.574414253234863
N#Cc1ccc(O)c(C=O)c1,14.322287559509277
CNc1ccc(-c2nc(-c3ccc(N)nc3)nc(-c3ccc(N=Cc4cc(C=O)cc(C=O)c4O)nc3)n2)cc1,9.402728080749512
N#Cc1ccc(-c2cc(C(=O)O)nc(-c3ccc(-c4nc(Cl)nc(Cl)n4)cc3)c2)cc1,19.110549926757812
CC1CN(C(=O)NCC23CC4CC(CC(C4)C2)C3)CCCN1c1cnc(C(=O)N2CCN(C)CC2)cn1,43.926753997802734
N#CC=CC(=O)Nc1cccc(C#N)c1,12.60551929473877
N#Cc1ccc(-c2ccc3cc(=NC(=O)C4CC4)[nH]cc3c2)cc1,13.940292358398438
NC(=O)c1ccc(-c2cc(C(N)=O)nc(-c3ccc(C=Nc4cc(O)c(N)cc4O)cc3)n2)cc1,18.49213981628418
N=C(N)c1ccc(-c2cc(-c3ccccc3)cc(-c3ccc(-c4nc(Cl)nc(Cl)n4)cc3)c2)cc1,10.032304763793945
Nc1ccc(-c2nc(-c3ccc(N)nc3)nc(-c3ccc(N=Cc4c(O)cc(O)c(C=O)c4O)nc3)n2)cn1,8.916234016418457
COc1cccc(C=Nc2ccc(-c3nc(-c4ccc(N)nc4)nc(-c4ccc(N)nc4)n3)cn2)c1O,13.586867332458496
O=c1ccc2ccc3ccccc3c2o1,19.111692428588867
O=C(O)c1ccc(-n2nc(C(F)(F)F)cc2-c2ccc(O)cc2)cc1,19.3306941986084
CN1CC=C(c2ccncc2)CC1,15.007484436035156
O=C(NCc1cccnc1)c1ccc(S(=O)(=O)N2CCOCC2)cc1,22.775577545166016
Nc1ccc(-c2nc(-c3ccc(C(=O)O)cc3)nc(-c3ccc(N4C(=O)c5ccc6c7c(ccc(c57)C4=O)C(=O)OC6=O)cc3)n2)cc1,12.941424369812012
N#Cc1ccc(-c2nc3ccccc3c(=O)n2-c2ccc(C#N)cc2)cc1,9.968772888183594
N#Cc1cccc(OC(=O)N2Cc3cc(-c4ccc5ccccc5c4)ccc3OCC2=O)c1,37.383995056152344
O=C1C(=O)c2ccccc2C=C1CCN1C(=O)c2ccccc2C1=O,25.57174301147461
N#Cc1ccc(-c2ccc3c(C#N)cn(-c4ccc(C(=O)O)c(O)c4)c3c2)cc1,17.935585021972656
CN(C)C(C#N)c1ccc(-c2ccc(C#N)cc2)cc1,14.929657936096191
Nc1ccc(-c2cc(=O)[nH]c(=O)[nH]2)cc1,15.049612998962402
Nc1ccc(-c2nc(-c3ccc(N)nc3)nc(-c3ccc(N=Cc4cc(O)ccc4O)nc3)n2)cn1,10.072117805480957
Nc1ccc(-c2ccc(-c3cc4[nH]ccc(=Nc5ccc6ncoc6c5)c4[nH]3)cc2)cn1,34.863956451416016
Nc1ccc(-c2nc(-c3ccc(N)cc3)nc(-c3ccccc3O)n2)cc1,10.812847137451172
Cc1cc(C)n2nc(C=Cc3cc(-c4ccc(C#N)cc4)nc(-c4ccc(C#N)cc4)n3)nc2n1,19.797935485839844
N#Cc1ccc(-c2ccc(-c3nc(-c4ccc(N)cc4)nc(-c4ccc(N)nc4)n3)cc2)nc1,11.634683609008789
CN1c2cc(S(=O)(=O)c3ccc(C#N)cc3)ccc2C(=O)NC1(C)C,20.791038513183594
C=c1c(=CCC)c(C#N)c(O)n1-c1ccc(C#N)cc1,13.974639892578125
Cc1nc(-c2ccc(N)cc2)nc(-c2ccc(N)nc2)n1,13.808321952819824
N#Cc1cc(C#N)c2ccc3c(COC(N)=O)ccc4ccc1c2c43,14.16108512878418
CCc1cccc(N)c1,15.620706558227539
N#Cc1ccc(NC(=O)c2cc(Br)c3cccnc3c2O)cc1,22.124040603637695
N#Cc1ccc(-n2[nH]c3cc4cc[nH]c(=O)c4cc3c2=O)cc1,15.732320785522461
CC1(C)C=CC=c2[nH]c(=Cc3c(O)[nH]c4ccc(N)cc34)cc21,24.664033889770508
C#CC#CC=CC#N,14.265498161315918
N#Cc1ccc(-c2cc(-c3ccc(C#N)cc3)nc(-c3ccc(N=c4cc[nH]c5cc(Cl)ccc45)cc3)c2)cc1,15.545573234558105
COc1ccc(-c2ccc3nc(-c4ccc(C#N)cc4)n(-c4ccc(C(C)C)cc4)c3c2)cc1,20.865314483642578
CCn1c(=O)c(C#N)cc2c(=O)n(-c3ccc(C#N)cc3)c(C(C)C)nc21,27.613040924072266
CN(CCC(=O)O)C(=O)C(N)CCC(=O)O,27.24578285217285
N#Cc1ccc(-c2ccc(CSc3nc(=N)cc(N)[nH]3)cc2)cn1,22.994888305664062
Cc1cc(=O)c2c(C=Cc3ccc(O)c(C=O)c3)c(Cl)c(O)cc2o1,27.150888442993164
O=Cc1ccc(-c2cc(O)c3ccccc3c2O)cc1,19.697328567504883
CNc1ccc(C=CC=CC(=O)Nc2ccc(C#N)cc2)cc1OC,22.14337158203125
Nc1ccc(-c2nc(-c3ccc(N)cc3)nc(-c3ccc(N4CCc5nc(-c6ccc(C(F)(F)F)cc6)[nH]c5C4=O)nc3)n2)cc1,26.931175231933594
CCCCOc1ccc(C=CC(=O)O)cc1OC,19.488758087158203
O=C(NCc1ccc(F)cc1)Nc1ccc(-c2cccc(C3=NCCN3)n2)cc1,22.913379669189453
Cc1c(COc2ccc(C#N)cc2)c2ccc(C#N)cc2n1Cc1ccc(-c2ccccc2C#N)cc1,28.589441299438477
COc1cc(C(=O)N(C)C)ccc1-c1ccc2cc(=NC(=O)C3CC3)[nH]cc2c1,25.757219314575195
O=C1c2cc3c(=O)[nH]n(-c4ccccc4)c(=O)c3cc2C(=O)N1c1ccc(Br)cc1,17.191152572631836
Nc1cc([N+](=O)[O-])ccc1C(=O)Nc1ccccc1,23.49862289428711
CC(C)c1ccc(-n2c(-c3ccc(C#N)cc3)cc3c2cc(-c2cccc(C#N)c2)n3-c2ccc(C(C)C)cc2)cc1,10.456290245056152
Cc1cc(-c2ccc(C#N)cc2)cn1-c1cccc(Br)n1,22.13920021057129
N#Cc1cccc(-c2nc(Cn3c(C#N)cc4c5cc(C#N)cc(C#N)c5ccc43)cc(-c3ccc(C(O)=NO)cc3)n2)c1,32.165122985839844
N#Cc1ccc(-c2nc(-c3ccc(N4C(=O)c5cccc6cccc(c56)C4=O)cc3)nc(N(Cc3ccc(-c4ccc(C(F)(F)F)cc4)cc3)Cc3ccc(C#N)nc3)c2C#N)cc1,36.7137565612793
C=C(C)Cn1c2ccccc2c(=O)c2ccc3ccccc3c21,22.18046760559082
O=c1ccccn1-c1c[nH]c(=NCc2ccc(Cl)cc2)c(Cl)n1,26.69838523864746
O=CN=CCc1cc(O)c(O)c(O)c1,15.83296012878418
CC(C)n1cnc2c(=NCc3ccc(Cl)c(Cl)c3)[nH]c(Cl)nc21,19.099956512451172
Nc1ccc(-c2nc(-c3ccc(C=NO)cc3)nc(-c3ccc(N=Cc4cc(C=O)c(O)c(C=O)c4O)nc3)n2)cc1,16.61504554748535
Nc1ccc(SSc2ccccc2C(=O)O)c(C(=O)O)c1,25.926122665405273
Cc1c(-c2ccccc2)sc(N)c1C(=O)c1ccc(Cl)cc1,16.993728637695312
CC(C)N=c1cc(-n2ncc3cnc(-c4ccc(C#N)cc4)cc32)[nH]cc1C(=O)NCC(F)C(C)(C)O,19.456148147583008
Cc1ccc(-c2c(C=Nc3cc(O)c(C)cc3O)c(C)nn2-c2ccc(F)cc2)cc1,17.78124237060547
N#Cc1ccc(CCc2c3c(n(CCO)c(=N)c2C#N)CCCC3)cc1,21.316438674926758
Cc1nc(=Nc2ccc(-c3nncc(-c4cnc(N5CC(=O)NC(C)C5)nc4)n3)cn2)cc[nH]1,34.54133987426758
Cc1ccc(-c2c3cccc(C)c3c(O)c3nc(C)c(C(=O)NCc4ccccc4)c(C)c23)cc1,32.88422775268555
Cc1c(Cc2ccc3c(c2)OCO3)c(C)c2cc(C#N)cc(C#N)c2c1C,23.325132369995117
CC(C)Cc1cc(C=O)cc2ccccc12,23.325817108154297
Clc1ccc(-c2cc[n+](-c3nc(Cl)nc(Cl)n3)cc2)cn1,9.725350379943848
CN1C2CCC1CC(=C(c1ccc(C#N)c(Cl)c1)c1cccc3ccccc13)C2,27.671777725219727
C=CCc1cc(=O)oc2c(O)c(O)ccc12,21.19149398803711
Cc1sc2[nH]cnc(=Nc3cccc(C#N)c3)c2c1C,19.449949264526367
Cc1c(C#N)cc(-c2ccc(C#N)cc2)n1-c1ccc(S(N)(=O)=O)cc1,14.596681594848633
N#Cc1ccc(-c2cc(C#N)ccc2CN2Cc3ccc(C#N)cc3C2)cc1,22.938034057617188
Cc1cc(-c2ccc(C#N)c(Cl)c2)ccn1,15.896044731140137
N#Cc1ccc(C=CC(=O)c2ccc(C#N)cc2)cc1,12.77883529663086
O=CN1CCN(c2ccc(-c3cc4c(C(=O)O)c[nH]c4cc3Cl)cc2)CC1,23.127588272094727
CC(=O)N1c2ccc(C)cc2CCc2cc(N)ccc21,21.798372268676758
CCCCCC(=O)c1ccc(-c2ccccc2)cc1,18.128480911254883
N#Cc1ccc(-c2ccc3c(C#N)nn(-c4cccc(C(N)=O)c4)c3c2)cc1,13.215889930725098
C#Cc1ccc2c(c1)C(=O)c1ccc(Nc3nc(Cl)nc(Cl)n3)cc1C2=O,14.08231258392334
Nc1ccc(-c2nc(-n3cc(CNCCc4cccnc4)nn3)c3ccccc3n2)cc1,33.71455764770508
COC(=O)c1cc(S(N)(=O)=O)ccc1Cl,23.6991024017334
CC(=O)c1c(C(C)=O)c(C)n(-c2ccc(C)cc2)c1C,17.469308853149414
COc1ccc(CN=c2[nH]c(C#N)nc3c2ncn3C(C)C)cc1Cl,24.668800354003906
N#Cc1ccc(-c2cc(-c3cccs3)cc(-c3ccccc3)n2)cc1,12.021880149841309
N#Cc1ccc(-c2ccc(-c3ccc(C#N)c(C#N)c3)cn2)cc1,12.40475082397461
N#Cc1cc(N)cc(-c2nc(-c3ccc(N)cc3)nc(-c3ccc(N4C(=O)c5ccc6c7c(ccc(c57)C4=O)C(=O)OC6=O)cc3)n2)c1,15.312850952148438
N#Cc1ccc(-c2ccc(-c3ccc(C#N)nc3)cc2)cc1,15.132606506347656
Nc1ccc(-c2nccc(-c3cccc(Cl)c3)n2)cc1,14.729893684387207
COc1ccc2cc(-c3ccc(C#N)cc3)ccc2c1,15.012149810791016
Nc1ccc(-c2nc(-c3ccc(N=Cc4cc(C=O)cc(C=O)c4O)nc3)nc(-c3cccc(O)c3)n2)cn1,10.25439739227295
Cc1cc[nH]c(=Nc2ncc(-c3ccc(C#N)cc3)c(-c3ccc(C#N)cc3)n2)c1,17.161985397338867
N#Cc1cc(C#N)c2cc3c(cc2c1)OCO3,10.84230899810791
N#Cc1ccc(NC(N)=NC(=O)Cc2ccc(-c3ccc4ncccc4c3)c(C#N)c2)cc1,36.6182746887207
Cc1cccc2c(=C(O)O)c(=O)c(=C3c4cc(C#N)ccc4OCC3c3ccccc3)[nH]c12,29.65336036682129
Nc1ccc(-c2nc(Cc3ccc(F)cc3)cs2)cn1,21.749557495117188
N#Cc1ccc(-c2cc(-c3ccc(C#N)cc3)c(C#N)nn2)cc1,16.277650833129883
N#Cc1ccc(-n2c(=O)c3cc4c(=O)n(-c5ccc(C#N)cc5O)c(=O)c4cc3c2=O)cc1,13.740937232971191
N#Cc1ccc(Sc2ccc3c(c2)C(=O)NC3=O)cc1,19.33648109436035
CNc1ccc(-c2ccc3nc(-c4ccc(Cl)cc4)c(-c4ccc(C#N)cc4)nc3c2)cc1,24.825529098510742
Cc1noc(-c2[nH]c(-c3nc4cc(-c5ccccc5)ccc4[nH]3)nc2C#N)n1,29.32933807373047
CN1CCN(CC(N)=O)C(=O)c2n[nH]c(=N)cc21,30.254549026489258
N#Cc1ccc(-c2ccc(C(=O)NC3CCN(Cc4ccccc4)CC3)cc2)cc1,16.918609619140625
Cc1ccc(-c2cc(-c3ccc(N)cc3)nn2-c2ccc(N)cc2)cc1,12.726244926452637
N#Cc1cccc(-c2cc(-c3ccc4c(c3)OCCO4)nc(-c3ccc(N)nc3)n2)c1,22.183786392211914
N#Cc1ccc(-c2ccc(-c3ccc4oc(-c5ccc6[nH]c(-c7ccc(N)nc7)nc(=N)c6c5)nc4c3)cc2)cc1,26.39990997314453
CN(C)c1ccc(C=Nc2ccc(-c3nc(-c4ccc(N)cc4)nc(-c4ccc(S(C)(=O)=O)cc4)n3)cc2)cc1,21.988245010375977
Cc1nc(-c2ccc(N)nc2)n2nc(-c3ccc(N)cc3)nc2n1,15.920633316040039
Cc1c(C(=O)N=c2ccc(Cl)c[nH]2)ccn1-c1nccc(-c2ccc(N)nc2)n1,20.471450805664062
CN(C)c1ccc(N=c2cc(N)[nH]c(=N)[nH]2)nc1,18.27027130126953
CN1C(=O)C(OC(=O)c2ccc(C#N)cc2)C(=O)N(Cc2cncn2C)c2cc(-c3ccnc(C#N)c3)ccc21,37.49931335449219
CCCc1cc(C#N)c2ccc(-c3nc(-c4ccc(N)cc4)nc(-c4ccc(N)nc4)n3)cc2c1,23.260602951049805
N#Cc1ccc(-c2ccc3c(c2)-c2nc(C(N)=O)sc2C(N)N3)cc1,21.996551513671875
C=CC(=O)Nc1cccc(N=c2[nH]cc(Cl)c(=Nc3ccccc3C)[nH]2)c1,24.74367332458496
CN(C)c1ccc(C2Nc3ccccc3N=C3CC(C)(C)CC(=O)C32)cc1,24.407514572143555
N#Cc1ccc2cc3n(c(=O)c2c1)Cc1c-3nc2ccc(O)cc2c1C#N,19.657562255859375
N#Cc1ccc(NC(=O)c2ccc(N)cc2)cc1,12.970989227294922
C=C1C2CCC3(O2)C(=C)C(C=CC2OC(CO)C(O)C(O)C2O)C(C)(C)C13,34.68955612182617
N#Cc1ccc(CN2CCc3c(sc(N)c3C(=O)c3ccc(Cl)cc3)C2)cc1,19.28020668029785
CC(=O)Nc1ccc(-c2nc3ccccc3c(=O)n2-c2ccc(-c3nc(-c4ccc(N)cc4)nc(-c4ccc(N)cc4)n3)cc2)cc1,14.748488426208496
N#Cc1ccc(-c2ccc(CS(=O)(=O)NCc3cccnc3)cc2)cc1,24.905733108520508
Cc1ccc(Cn2c(N3CCCC4=CC3(O)C3CC4N3)nc3c2c(=O)n(C)c(=O)n3C)cc1,46.68817901611328
N#Cc1c(Sc2ccccc2)cc(-c2ccccc2)nc1-c1ccccc1,14.733652114868164
CC(=NN=c1[nH]c(-c2ccc(Cl)cc2)cs1)c1ccc(Cl)cc1,18.471506118774414
Cc1nnc(SCc2cnc(-c3ccc(C#N)cc3)nc2-c2ccc(C#N)cc2)s1,17.952238082885742
N#Cc1ccc(-c2cc(C=Cc3ccc(-c4ccccc4N)c(C(=O)O)c3)ccc2C#N)cc1,27.121532440185547
N#Cc1ccc(-c2ccc3ccc(O)cc3c2)cc1,15.320972442626953
N#Cc1ccc2c(c1)CCc1cc(C#N)ccc1-2,15.61096477508545
N=c1nc(-c2ccccc2O)cc(-c2ccc(O)cc2)[nH]1,22.488216400146484
N#CC=Cc1ccccc1O,12.81602954864502
Cn1cnnc1-c1ccc(N)nc1,14.823564529418945
COc1ccccc1-c1cc(-c2ccc(N=C=S)nc2)nc(-c2ccc(N)[nH]c2=N)n1,28.475215911865234
Cc1nc2nc(-c3cccc(C#N)c3)nnc2n1C=Cc1ccc(C#N)cc1,28.21599578857422
Nc1ccc(-c2nc(-c3ccc(C(=O)O)cc3)c3ccc4ccccc4c3n2)cc1,18.075944900512695
N#Cc1ccc(Nc2cccc(F)c2C#N)cc1,14.480388641357422
CC(=O)c1c(O)c(O)n(CCCn2ccnc2)c1-c1ccc(C#N)cc1,19.993173599243164
N#Cc1sc(-c2ccc(N)cc2)nc1-c1ccc(N2C(=O)c3ccc(C(=O)O)cc3C2=O)cc1,22.377267837524414
N#Cc1ccc(-n2nc(-c3ccc(N)cc3)nc2-c2ccc(N)nc2)cc1,15.040810585021973
C=C(C#N)C#N,10.28065299987793
N#Cc1cccc(-c2cc(C#N)nc(C#N)c2)c1,14.615866661071777
COCCn1c(O)cc2ccc(C)cc2c1=N,30.282997131347656
N#Cc1ccc(-c2cc(-c3ccc(C#N)cc3)c3[nH]c(=N)[nH]c3c2)cc1,13.378724098205566
N#Cc1ccc(-c2ccc(F)cc2)cc1,11.483006477355957
CCC1(O)C(=O)OCc2c1cc1n(c2=O)Cc2cc3ccc(OC)cc3nc2-1,18.702220916748047
CC1=CC(c2ccc3oc(-c4ccc(O)cc4)cc(=O)c3c2O)CC(C)(C)C1,21.7164249420166
N#Cc1cc(F)cc(C(=O)Nc2ccc(C#N)c(C#N)c2)c1,18.582006454467773
N#Cc1ccc(C=Cc2cncnc2)cc1,16.457801818847656
Cc1c(C#N)c(=O)[nH]c2ccncc12,19.559064865112305
COCc1ccccc1NC(=O)Nc1ccc(C#N)cc1,19.92262840270996
CN1C(=O)N(CCNCCO)C(=O)C1(c1ccccc1)c1ccccc1,26.979595184326172
O=C(C=Cc1ccc(O)cc1O)c1ccc(-n2cncn2)cc1,21.64095115661621
CNc1ccc(-c2nc(-c3ccc(N)cc3)nc(-c3cccc(-c4cccs4)c3)n2)cc1N,29.175613403320312
CC1(C)CC(=O)c2c(C#N)c3ccccc3n2C1,19.22193145751953
Cc1ccc(-c2cc3c(cc(-c4ccc(C#N)cc4)n3-c3ccc(C(C)C)cc3)n2-c2ccc(C(C)C)cc2)cc1,10.388526916503906
N#Cc1ccc(-c2cc(C#N)nn2-c2ccc(S(N)(=O)=O)cc2)cc1,14.841814994812012
Nc1ccc(-c2cc(-c3cccc(O)c3)nc(-c3ccc(N)cc3)n2)cc1,14.739412307739258
S=c1c2ccccc2oc2ccccc12,20.2679500579834
COc1ccc(-c2cnc(C)nc2-c2ccc(CN3CCC(c4nc(-c5ccc(N)nc5)nc(-c5cccc(C)n5)n4)C3)cc2)cc1,23.958480834960938
Nc1ccc(-c2cc(-c3ccccc3)nc(-c3ccc(N4C(=O)c5ccc6c7c(ccc(c57)C4=O)C(=O)OC6=O)cc3)n2)cc1,14.19690990447998
Cc1cc(C=NOCc2ccc(C#N)cc2)c(C)n1-c1ccc(C#N)cc1,16.37527084350586
N#Cc1ccc(-n2cc3cc(C#N)c(C#N)cc3n2)cc1,18.24082374572754
Cc1ccc(-[n+]2nc(C)n3c2CCC3)cc1,20.981014251708984
COC(=O)C(NC(=O)N1CCN(c2ccc(C#N)cc2)CC1)C(C)C,24.899930953979492
Cc1ccc(C(=O)NC(CO)c2cc(F)cc(F)c2)c(O)c1,28.57945442199707
Cc1cc(C)c(N=c2[nH]cnc3cc(Oc4ccc(O)cc4)ccc23)c(C)c1,26.466508865356445
Nc1ccc(-c2nc(-c3ccc(N4C(=O)c5ccc6c7c(ccc(c57)C4=O)C(=O)OC6=O)cc3)nc(-c3ccc4ccc(O)cc4c3)n2)cc1,16.430315017700195
N#Cc1ccc2c(c1)c(=O)c1ccccc1c(=O)n2-c1ccccc1,23.95484733581543
Cn1cc(C#N)c2c(C#N)c(-c3cnc(N4CCCC4)nc3)ccc2c1=O,27.512014389038086
N#Cc1ccc(-c2ncc(-c3cccc(O)c3)s2)cc1,17.396909713745117
CS(=O)(=O)c1ccccc1-c1ccc(-c2c[nH]c(=N)cn2)cc1,20.984529495239258
Nc1ccc(N2CCNC2=O)cc1,17.505733489990234
COc1ccc(-c2nc(-c3ccc(N)cc3)nc(-c3ccc(N4C(=O)c5ccc6c7c(ccc(c57)C4=O)C(=O)OC6=O)cc3)n2)cc1OC,14.42741870880127
CC12CCC(C)(C1)c1c2c(O)n(-c2ccc(-c3nc(-c4ccc(N)cc4)nc(-c4ccc(N)cc4)n3)cc2)c1O,18.192121505737305
N#Cc1ccc(C#Cc2cccc(C#N)n2)cc1,12.395458221435547
Cn1c(C#N)ccc1-c1ccc(C#N)cc1F,15.506633758544922
Nc1ccc(CC2=c3ccc(N)cc3=NC2=O)cc1,18.025386810302734
N#CCNC(=O)C(CC(N)=O)NC(=O)c1cc(CN2CCOCC2)on1,35.0447998046875
Nc1ccc(Nc2ccc(CC(=O)N3CCN(C(=O)c4ccc(O)cc4)CC3)cc2)cc1,33.69721221923828
Cn1c(-c2ccc(Cl)cc2Cl)cc(-c2ccc(Cl)cc2)c(C#N)c1=O,19.099205017089844
NC(=O)c1ccc(-c2cccc(NS(=O)(=O)c3ccc4ccccc4c3)c2)n2nc(-c3ccc(N)cc3)nc12,29.03435707092285
N#Cc1ccc(-c2cc(-c3ccc(Cl)cc3Cl)cc3[nH]c(=N)c(C#N)c(N)c23)cc1,26.81548500061035
Cc1ccc(C#N)cc1C#N,9.130071640014648
S=C=Nc1ccc(-c2cc(-c3ccc(Cl)cc3)nc(-c3ccc(Cl)cc3Cl)n2)cc1,21.608720779418945
CN1CCN(S(=O)(=O)c2ccc(-c3ccc4nc[nH]c(=Nc5ccc(C(=O)N6CCc7ccccc76)cn5)c4c3)cc2)CC1,30.0804443359375
O=C(NCCC(=O)N1CCN(c2ccc(F)cc2)CC1)c1ccc(Br)cc1,24.709543228149414
N#Cc1ccc(O)c(Cl)c1,15.674911499023438
CC1CCCCC1Oc1ccc(C#N)nc1,17.640947341918945
O=C(COCc1ccccc1)N1CCCC1CCc1ccccc1,28.555044174194336
N#Cc1ccc(-c2ccc(C(N)=O)c(O)c2)cc1,16.104501724243164
C=c1c(C#N)c(O)n(-c2ccc(C#N)cc2)c1=C,10.39570426940918
CCCCCCN(N=Nc1ccc(C#N)cc1)c1cc(-c2ccccn2)nc(-c2ccc(N(C)C)cc2)n1,30.093557357788086
N#CC(=Cc1ccc(C=C(C#N)C(=O)N=c2ccc(C#N)c[nH]2)cc1)C(N)=O,23.149999618530273
O=C1C(=Cc2ccc(O)c(O)c2)CCc2cc(O)ccc21,23.669607162475586
NC1(c2cccc3ccccc23)CCCCC1,22.984193801879883
Nc1cccc(C(=O)C=Cc2ccc(-n3cncn3)cc2)c1,20.620094299316406
CCc1c2c(nc3ccc(OC)cc13)-c1cc3cccnc(=O)c3n1C2,19.578439712524414
NC(=O)c1ccc(-n2cc3nccc(N=c4ccc(N)c[nH]4)c3c2O)cc1,27.575183868408203
N=c1[nH]c(N)cc(=Nc2ccccc2Cl)[nH]1,19.095848083496094
Cc1ccc(-c2nc(-c3ccc(N)cc3)n(C)c2-c2ccc(C#N)cc2)cc1,13.329418182373047
N#Cc1ccc(-c2nc(-c3ccc(N)cc3)nc(-c3ccc(-n4cc5c6c(cccc6c4=O)C=C(Nc4cccc(C#N)c4)C4=C(N)C=C45)c(O)c3)n2)cc1,28.818584442138672
N#Cc1ccc(-c2ccc(Cl)cc2Cl)cc1,13.739592552185059
N#Cc1c(-c2ccccc2)cc(-c2ccccn2)nc1-c1ccccc1,16.122459411621094
N#Cc1cc(C#N)cc(C#N)c1,10.260086059570312
CNc1ccc(-c2nc(=N)nc(N3CCCCC3)[nH]2)cc1,19.66719627380371
N#Cc1c(F)c(F)c(C#N)c(Cl)c1F,11.630467414855957
N#Cc1ccc(-c2cc(C#N)c(N)n2-c2ccc(F)cc2)cc1,15.631122589111328
N#CCCC#Cc1cccc(-c2ncc(C(=O)C(=N)C#N)s2)c1,38.02705001831055
N#Cc1ccc(-c2cc(N)nc(C#N)c2)cc1,15.667072296142578
N=c1[nH]c(C#Cc2ccc(-c3ncccn3)cc2)nc2c1ncn2C1OC(CO)C(O)C1O,28.279335021972656
CC1C(=O)Nc2ccc(C#N)cc2C(=O)N1C(=O)c1ccc(C#N)cc1,18.379783630371094
C=c1[nH]c(=Cc2cc(C)n(-c3ccc(C#N)cc3)c2C)c(O)c1C(=O)OCC,15.463284492492676
Nc1ccc(-c2nc(-c3cccnc3)nc(-c3ccc(N=Cc4cc(C=O)cc(C=O)c4O)nc3)n2)cn1,13.879778861999512
N#Cc1ccc(-c2cccc(NS(=O)(=O)c3ccc(N)cc3)c2)cc1,19.935701370239258
Cc1cn(-c2ccc(-c3ccc(C(N)=O)cc3)cc2F)cn1,22.291000366210938
O=c1oc(=O)c2cc3c(=O)n(-c4ccc5c(c4)OCO5)c(=O)c3cc12,11.168556213378906
N#Cc1ccc(-c2c[nH]c(=N)c(-c3nc4cc(C#N)ccc4[nH]3)n2)cc1,17.221702575683594
NC(=O)CN1CCC(c2ccc(N=c3nc4c(-c5ccccc5F)cccn4[nH]3)cc2)CC1,22.656694412231445
CCCC=CCC=CCC=CCC=CCC=[N+]=[N-],24.850921630859375
N#Cc1ccc(Oc2c(-c3cc[nH]c(=NC(=O)C4CC4)c3)ccnc2C#N)cc1,26.61777687072754
N#Cc1ccc(CC(=O)OCn2nc(-c3ccncc3)cc(C#N)c2=O)cc1,23.144363403320312
CNC1=NCc2cc(Cl)c(Cl)cc2N1,23.590036392211914
Cc1ccc2nc(-c3ccc(NC(=O)C=Cc4ccc(Cl)cc4)cc3)sc2c1,15.581472396850586
N#Cc1ccc(-c2nc3n(-c4ccc(C#N)cc4)c4ccccc4nc-3c2C(N)=O)cc1,26.38882064819336
COc1cc(C#N)ccc1-c1nc(-c2cccc(C#N)c2)nc2c1cc1n2C2OCC(C1)O2,33.36434555053711
COc1cc(-c2cc(C=O)c(O)c(OC)c2)ccc1O,15.633968353271484
CC(=C(c1ccc(C#N)cc1)c1ccc(C#N)cc1)c1ccc(C#N)cc1,15.833170890808105
N#Cc1ccccc1C(=O)N1CCc2cc(-c3cnc(N4CCC(O)(C(F)(F)F)C4)nc3)ccc21,34.68165588378906
Cc1ccc2c(c1)CCc1nc(-c3ccc(-c4ccc(C#N)cc4)cc3)[nH]c1-2,22.652864456176758
CC(=O)Nc1ccc(-c2nc3ccccc3c(=O)n2-c2ccc(C#N)cc2)cc1,11.615849494934082
Nc1ccc(-c2ccc3[nH]cnc(=NCc4cccs4)c3c2)cc1,20.294076919555664
Nc1ccc(-c2ccccc2)cn1,9.364094734191895
Cc1ccc(Cc2ccc(C#N)cc2)cc1C,17.132041931152344
C=CCN(Cc1c(C)cc(C)[nH]c1=O)C(=O)OCC1(C)CCCC2(C)c3ccc(C(C)C)cc3CCC12,42.78446578979492
Cc1cccc(Cl)c1OCCNCC(C)(C)C,30.786985397338867
O=C(O)c1cc(C(F)(F)F)nc2ccccc12,20.897748947143555
Nc1ccc(-c2ncc(-c3ccc(C=O)cc3)o2)cc1,13.712224960327148
N#Cc1cn(-c2ccccn2)c2nc(-c3cccc(-c4cc(F)nc(F)n4)c3)ccc12,31.993894577026367
Cc1ccc(-c2ccc(=Nc3ccc(C#N)cn3)[nH]c2)cn1,18.712120056152344
N=c1nc(-c2cccs2)[nH]c(=N)[nH]1,19.162250518798828
N#Cc1ccc(-c2ccc3c(=O)c(C(N)=O)cn(-c4ccoc4)c3c2)cc1,20.330625534057617
O=C1Nc2ccc(O)cc2Oc2ccc(Nc3ccc(F)cc3F)cc21,23.699630737304688
N#CCCn1c(=O)n(-c2ccc(C#N)cc2)c(=O)c2c(-c3ccc(C#N)cc3)cc(C#N)c(-c3ccccc3)c21,27.110517501831055
Cn1c(-c2ccc(C=NO)cc2)ccc1-c1cccc(N)c1,21.98785400390625
Cc1nc(-c2c(C(=O)O)nc(=NC(C)c3cccc(-c4ccc(C#N)c(N)c4)n3)[nH]c2N)cc(N2CCN(C)CC2)n1,47.1668586730957
CC(=O)NC(C)Cc1ccc(C#Cc2ccccc2)cc1,15.56125545501709
N#Cc1ccc(CN(c2ccc(C#N)cc2)c2ccc([N+](=O)[O-])cn2)cc1,20.615705490112305
c1ccc(-c2ccc3ccccc3c2)cc1,14.113557815551758
Cc1c(O)c(-c2ccc(C#N)cc2)c(O)n1-c1ccc(O)c(C(=O)O)c1,29.585765838623047
CCn1nc(-c2ccc(N)cc2)c2nc(-c3ccncc3)nc(-c3ccnc(F)c3)c21,29.12914276123047
N#Cc1cc(-c2ccc(Cl)cc2)c(-c2ccc(Cl)cc2)nc1Cl,13.330876350402832
N=c1nc2c(c[nH]n2CC(=O)c2ccccc2)c2nc(-c3ccco3)nn12,24.46800422668457
Cc1nc(C(C#N)NC(=O)NCc2ccc(-c3ccccc3)cc2)ccc1C#N,24.626598358154297
N#Cc1ccc(-c2ccc(-c3nc(-c4ccc(N)cc4)cc(-c4ccc(N=c5nc(-c6ccc(N)cc6)[nH]c(-c6ccc(Cl)cc6)n5)cc4)n3)cc2)cc1,28.696529388427734
COc1ccc(N2CCN(Cc3cc4ccccc4nc3Cl)CC2)cc1,26.359811782836914
C#CCOc1ccc2[nH]cnc(=Nc3ccc(-n4nc(-c5ccc(F)cc5)nc4-c4ccc(N)cc4)cc3)c2c1,32.65829086303711
Cc1cc(C)nc(N2CCC(C(=O)Nc3cnn(-c4ccccc4)c3C)CC2)n1,26.97908592224121
Cn1cnc2c(=N)[nH]cnc21,15.554614067077637
N#Cc1ccc(-n2c3c(ccc2=O)CCCC3NCCCO)cc1,29.635713577270508
Cn1c(-c2ccncc2)cc(=O)c2c(O)cc(O)cc21,22.9637451171875
C=C(c1ccc(C=Cc2ccc(O)cc2)cc1)c1c(-c2ccc(O)cc2)nc(-c2ccc(C)cc2)c2cc(O)ccc12,34.17042922973633
CC(C)c1cccc(-n2c(O)cc(N3CCN(C(=O)c4ccco4)CC3)c2O)c1,25.448326110839844
N#Cc1ccc(-c2cc(-c3ccc(F)cc3)c(C#N)c3nncn23)cc1,14.938427925109863
COc1ccc2c(c1)[n+]([O-])c(N)c(-c1ccccc1)[n+]2[O-],21.10799789428711
Cc1ccccc1-n1c(-c2ccc(N)cc2)cc2c(cc(-c3ccc(C#N)cc3)n2-c2ccc(C#N)cc2)c1=O,17.586528778076172
C#Cc1c(C=O)ccc2ccccc12,18.799396514892578
N#Cc1ccc(-c2cc(=O)c3ccccc3n2-c2ccc(C#N)cc2)cc1,10.251338005065918
N#Cc1ccc(-c2cccc(CSc3nc(=N)c(C#N)c(-c4ccc(N)cc4)[nH]3)c2)cc1,21.68622398376465
N#Cc1ccc(-n2cnnc2)cc1,10.662797927856445
N#Cc1ccc2c(C#N)ccc(C#Cc3ccc(-c4ccc(-c5cc(C(F)(F)F)[nH]c(=N)n5)cn4)cc3)c2c1,32.06752014160156
O=c1cc(Cn2ccnc2)c2ccc(O)cc2o1,18.381656646728516
Nc1cc(O)c(N=Cc2ccc3c(c2)OCO3)cc1O,14.528742790222168
CC(=O)c1ccc(N=c2cc(N3CCN(C)CC3)[nH]c(C)n2)cc1,19.89237403869629
CC(=O)Nc1ccc(-c2cc[nH]c(=Nc3ccc(N4CCOCC4)cc3)n2)cc1,17.45140266418457
CN(C(=O)Cc1ccc(C(=O)c2ccccc2)cc1)c1ccc(C#N)cc1,24.922168731689453
N#Cc1ccc(-c2cc(C(=O)NC3C(O)OC(CO)C(O)C3O)oc2O)cc1,23.681819915771484
Clc1nc(Cl)nc(-c2ccc(-c3cc(-c4ccccc4)cc(-c4ccc(-c5ccc(-c6cc(-c7ccccc7)nc(-c7ccccc7)n6)cc5)nc4-c4ccccc4)c3)cc2)n1,16.289043426513672
Cc1ccc(=NC(=O)c2cccc(S(=O)(=O)N3CCCc4ccccc43)c2)[nH]c1,23.564828872680664
N#Cc1ccc(-n2c(N)c(C#N)c3cc(C#N)ccc3c2=O)cc1,15.825222969055176
N#CC=CC=Cc1ccccc1,12.251444816589355
CCOc1c(N)cccc1C#N,20.580425262451172
CC(=O)c1ccc(N=c2cc[nH]c3cc(-c4ccccc4C(F)(F)F)ccc23)cc1,29.359636306762695
CC(C)Oc1ccc(C#N)cc1,11.749101638793945
CC(=O)c1ccc(OCc2ccc(C(C)C)cc2)cc1C,22.586015701293945
N#Cc1ccc(-c2ccccc2C#CCN2CCCC(C(=O)O)C2)cc1,25.71144676208496
CN(Cc1ccc(-c2ccc(C#N)cc2)cc1)C(=O)CN1C(=O)C(NC(=O)Nc2cccc(C#N)c2)C(=O)N(c2ccccc2)c2ccccc21,23.159189224243164
Cc1cccc(-n2c(CN3CCOCC3)nc3ccccc3c2=O)c1,18.326126098632812
N#Cc1cccc(-c2ccc(C#N)c(C#N)c2)c1,12.115472793579102
CS(=O)(=O)c1ccc(-c2ccc(C(=O)C=Cc3ccc(N)cc3)cc2)cc1,18.030838012695312
Cc1cc(C(N)=O)ccc1-n1ncc2cc(-c3cc(C#N)cc(C#N)c3)ccc21,22.78461265563965
Cc1ccc(-c2nc(C#N)ncc2-c2ccc(C#N)cc2)cc1,16.93073844909668
CC(=O)c1cccc(N(CC(=O)NCCOc2ccccc2)C(=O)c2snc(C(N)=O)c2N)c1,33.56538391113281
O=C(Cc1ccccc1)c1ccccc1,16.738985061645508
Cc1ccc(C(Nc2ccc(C#N)nc2)c2cc(C)cc(C#N)c2)cc1,27.305492401123047
N#Cc1ccc(Cl)c(C(=O)N=CC(=O)Nc2cccc(-c3nc4ccccc4s3)c2)c1,32.40731430053711
N#Cc1ccc(-c2c(-c3cccs3)nc3cc(C#N)ccn23)cc1,17.382062911987305
COc1cccc(O)c1C=Nc1ccc(-c2nc(-c3ccc(N)cc3)nc(-c3ccc(N)nc3)n2)cn1,15.400925636291504
N#Cc1c(N)nc(-c2ccc(O)cc2)c2c(-c3ccc(O)cc3)onc12,28.194120407104492
Cc1ccc(-c2nc3cc(CC(=O)N4CCCC4C(=O)NC(C#N)Cc4ccc(C#N)cc4)ccc3n2C)cc1,36.99482727050781
NCCN1CCN(C=O)CC1,14.217358589172363
N#Cc1ccc(-c2ccc(-c3noc(-c4cccnc4)n3)cc2)cc1,16.251848220825195
N#Cc1ccc(-c2ccc(Cl)c(C#N)c2)cc1,11.76453685760498
O=C(C=Cc1ccc(O)c(C=Nc2cc(O)ccc2O)c1)c1ccc(Cl)cc1Cl,23.781322479248047
N#Cc1ccc(CN2Cc3cccnc3N(c3ccc(C#N)cc3)C2)cc1,19.76717185974121
Nc1cccc(Oc2nc(N3CCOCC3)nc(=Nc3ccc(F)cc3)[nH]2)c1,23.649417877197266
N#Cc1ccccc1N1CCN(CC(=O)N=c2[nH]c3ccccc3[nH]2)CC1,23.397451400756836
Cc1cn(C2CC(O)C(CO)O2)c(=O)[nH]c1=O,15.271628379821777
COc1ccc(-c2cc(-c3ccc(OC)cc3)nc(N=Cc3ccc(N(CCC#N)CCC#N)cc3C)n2)cc1,21.060523986816406
O=C(O)C(Cn1nnc2ccccc21)OC1CCCC1,36.88349533081055
N#Cc1ccc(-n2cc(-c3nc(-c4ccc(N)nc4)nc(-c4ccc(N)nc4)n3)nn2)cc1,14.772795677185059
Nc1ccc(-c2nc(N)nc(N=CN3CCN(C=O)CC3)n2)cc1,13.3729829788208
N#Cc1ccc(-c2cc(-c3ccc(N4CCCCC4)nc3)nc(-c3ccc(N)nc3)n2)cc1,12.836607933044434
Cc1ccc2[nH]c(=NCC(=O)O)cc(C)c2c1,26.37592887878418
CC(=O)c1c(O)c(O)cc(N=C(C)c2ccc(N)cc2)c1O,15.429773330688477
C=C(C)c1ccc(OC(=O)CC)cc1,25.046567916870117
CC(=O)Nc1ccc(-c2nc(-c3ccc(N)cc3)cc(-c3ccc(N=Cc4ccc(N)cc4)cc3)n2)cc1,17.115283966064453
N#Cc1ccc(-c2nc(-c3ccc(N)cc3)nc(-c3ccccn3)n2)cc1,13.169221878051758
Cc1ccc2nc(-n3c(-c4ccc(C#N)cc4)cc4ccc(-c5ccncc5)cc43)sc2c1,13.88634967803955
CN(C(=O)Nc1ccccc1)C1c2cc(C#N)ccc2OC(C)(C)C1O,18.736053466796875
CCCCC(=O)C=Cc1ccc(-c2ccc(C#N)cc2)cc1,22.18729591369629
Nc1ccc(-c2ccc(=O)c3nc(-c4ccc(N)cc4)[nH]c3n2)cc1,15.505290031433105
c1ccc(-c2ccc(-c3cc(-c4ccccc4)nc(-c4ccccn4)c3)cc2)cc1,20.85431480407715
Oc1cccc(C=Nc2ccc(N=c3[nH]c4c(s3)CCCC4)cc2)c1,31.3480281829834
Cc1cccc2nnc(C(=O)c3ccc(-c4ccccc4)cc3)n12,24.52063751220703
CC(=O)N1CCc2c(sc(N)c2C#N)C1,17.784564971923828
N#Cc1ccc(C2=NOC3C2CC2CCCCC23)cc1,23.59453773498535
CN(C)C(=O)C(=O)N1CCC(c2ccc(-c3ccc(C#N)cn3)nc2)CC1,23.200428009033203
C#CCC(NC(C)=O)C(=O)NCC#N,25.228952407836914
N#Cc1cccc(N2CCc3c(sc(N)c3C#N)C2)n1,13.632445335388184
Cc1cc(C(N)=O)ccc1-c1ccc(-c2cc[nH]c(=Nc3ccc(CN(C)C)cc3)n2)cc1,25.641494750976562
N#Cc1ccc(-c2cc(-c3ccc(N)nc3)nc(-c3ccc(N)nc3)n2)cc1,9.86259937286377
Cc1c(C#N)cc(-c2ccc(C#N)cc2)n1-c1ccc(C#N)cc1,9.273686408996582
COc1cc2c(cc1OC)CN(c1ccc(-c3cc(-c4ccc(C(N)=O)c(F)c4)nc(N4CCOCC4)n3)cn1)C(=O)C2,25.84183692932129
Cn1cc(-c2ccc(CC(NC(=O)c3ccccc3-c3ccccc3)C(=O)O)cc2)cn1,31.087421417236328
Cc1ncc(-c2ccc(=NC(=O)c3snc(C(N)=O)c3N)[nH]c2)cn1,33.153141021728516
CC(=O)NC(C)c1ccc(OC2CCN(c3ccc(C#N)cn3)C2)cc1,13.576363563537598
CCC(C)Oc1cc(C)nc(OCc2ccc(C#N)cc2)c1C#N,24.2828369140625
COc1cnc(C(=O)N=c2cc(C(F)(F)F)cc[nH]2)cc1-c1ccc(C#N)cc1,23.457658767700195
CCSc1nc(-c2ccc(C#N)cc2)c(C#N)c(=O)n1N,16.427997589111328
Cc1ccc2nc(-n3c(-c4ccc(C#N)cc4)cc4c3cc(-c3ccc(C#N)cc3)n4-c3nc4ccc(C(C)C)cc4n3Cc3ccc(C#N)cc3)sc2c1,17.810407638549805
COc1ccc2ncc(-c3cc(-c4ccc(O)cc4)c(C#N)c(=N)[nH]3)nc2c1,26.6936092376709
Cn1c(CC(=O)NN=Cc2ccccc2O)nc2ncccc21,25.29981231689453
N#Cc1ccc(-c2cc(-c3ccc(C#N)cc3)n(Cc3ccc(C(N)=O)cc3)c2-c2ccccc2)cc1,17.262325286865234
Cc1nn(-c2ccc(F)cc2)c(C)c1C=NO,16.088361740112305
CC(C)(C)Nc1cc(-n2cc(NS(=O)(=O)c3ccccc3)c3ccc(-c4ccc(C#N)cc4)cc32)ccc1C(N)=O,25.68648910522461
CC(=O)NC(Cc1c[nH]c(C)n1)C(N)=O,28.775074005126953
N#Cc1cnc2ccccc2n1,13.906915664672852
Nc1ccc(-c2nc(-c3ccc(N)cc3)nc(-c3ccc(-n4cc5ccc6ccc([N+](=O)[O-])c7c(=O)oc(=O)c(c4=O)c5c67)cc3)n2)cc1,12.887187004089355
CC(C)Cn1nnc(-c2ccc(Cl)cc2)c1C1=CC(C)(C)CC(C(=O)N2CCN(c3ccc(C#N)cc3)CC2)=C1,38.284210205078125
CCOc1ccc(-c2cc(-c3ccccc3)cc(-c3ccc(-c4nc(Cl)nc(Cl)n4)cc3)c2)cc1,14.443157196044922
Cc1ncc(-c2ccc(C#N)cc2)c(-c2cccc(Cl)n2)n1,19.202762603759766
N#Cc1ccc(-c2nn(C3CCN(C(=O)OC4CCOC4)C3)c3[nH]cnc(=N)c23)cc1,28.074840545654297
OCCNCCO,18.380281448364258
Cn1c(-c2ccnc(N3CCn4cnc(C5CC5)c4C3)c2)c(-c2ccc(O)cc2)cc(C#N)c1=O,30.256261825561523
CCCCNc1cc(O)c(N=Cc2cc(C)cc(C=O)c2O)cc1O,19.71543312072754
Cc1[nH]c(=Nc2ncccc2C#N)nc2ccccc12,19.700103759765625
C1=Cc2ccccc2C1=Cc1ccccc1,15.525964736938477
COCCOc1ccc(-c2ccc3c(=O)n(C)c(N4CCNCC4)nc3n2)cc1,27.68556022644043
CC(C)c1cccc2nc3cc(C#N)cc(C#N)c3nc12,20.817096710205078
CCC1(CNC(=O)c2ccc(-c3ccco3)cc2-c2ccc(C(=O)NCC(C)C)cc2C)CCCCC1,40.10208511352539
N#Cc1ccc(C2SCC(=O)N2c2ccc(-c3nc(-c4ccccc4)nc(-c4ccc(N)cc4)n3)cc2)cc1,14.707451820373535
Nc1ccc(-c2nc(-c3ccc(N)cc3)nc(-c3ccc(N4C(=O)c5cccc6cccc(c56)C4=O)cc3)n2)cc1,10.609442710876465
C#CC#CC#Cc1cccc(N)n1,16.348480224609375
COc1ccc(NC(=S)N=Nc2c(O)n(C)c3ccc(S(=O)(=O)N4CCCCC4)cc23)cc1,24.98526954650879
COc1ccc2c3c(cccc13)C(=O)N(c1ccc(-c3ccc(-n4nc5c(C)nnc(C)c5c4C)cc3)cc1)C2=O,34.14725112915039
C=C(C)C=Cc1c(C#N)c(O)c2ccccc2c1O,16.71553611755371
Cc1ccc(-n2nc(C)c(C(=O)Nc3ccc(C(F)(F)F)cc3)c2-n2cccc2)cc1,20.478103637695312
N#Cc1ccc(-c2cc(N)c3c(c2C#N)C(=O)c2ccccc2C3=O)cc1,12.968174934387207
CN1CCN(c2nc(=Nc3ccc(C(F)(F)F)c(Cl)c3)c3cc(C#N)ccc3[nH]2)CC1,25.84153938293457
COc1ccccc1-c1cc(-c2ccc(N3C(=O)c4ccc5c6c(ccc(c46)C3=O)C(=O)OC5=O)cc2)nc(-c2ccc(N)cc2)n1,18.99175262451172
N#Cc1cccc(Cl)c1,9.54423999786377
Cc1cc(C)[nH]c(=NS(=O)(=O)c2ccc3c(ccc(=O)n3-c3ccc(C#N)c(F)c3)c2)n1,22.91805076599121
CSc1nnc(-c2cccc(S(N)(=O)=O)n2)n1-c1ccc(C#N)cc1,23.564193725585938
CSc1ccc(C2c3nn(-c4ccc(O)cc4)c(C(C)C)c3N=C3SC(C)(NC(=O)c4ccccc4)C(=O)N32)cc1,44.07064437866211
Cc1ccc(C2CC(=O)c3c(O)cc(CC=C=O)cc3O2)cc1,23.01995086669922
CN1C(=O)c2ccccc2Oc2cc(C#N)ccc21,19.400991439819336
CCN(CC)CC#CCOc1ccc(CO)cc1,25.242246627807617
Cc1ccc(-c2nc(-c3ccc(N)cc3)nnc2-c2ccc(N)cc2)cc1,12.063421249389648
CN1CCN(c2cccc3[nH]c4ccccc4c23)CC1,20.956174850463867
N#Cc1c(C=Cc2ccc(N)cc2)nc(-c2ccc(N)cc2)nc1-c1ccccc1,20.145524978637695
N#Cc1ccc2c(=O)n(-c3ccccc3)c3c4ccccc4ncc3c2c1,24.268470764160156
Clc1ccc2nc3c(c(-c4ccccc4)c2c1)Cc1ccccc1N3,26.85560417175293
N#Cc1ccc(-n2cc(O)c(-c3ccccc3)c2N)cc1,15.036277770996094
NCc1cccc(-n2ccnc2)c1,19.98089027404785
COc1cc2c3c(c(=O)n(Cc4ccccc4)c2cc1OC)C(=O)c1cc2c(cc1-3)OCO2,22.04922866821289
N#Cc1ccc(-c2ccc(-c3nc(-c4ccc(Cl)c(Cl)c4)cs3)cc2C(=O)O)cc1,14.912298202514648
Nc1ccc(-c2nccc(-c3ccc4c(c3)OCO4)n2)cn1,13.358247756958008
CN(C)c1ccc(N)cn1,17.87678337097168
NC(Cc1ccccc1)C(=O)NC(CC1CCNC1=O)C(=O)NC(Cc1c[nH]c(-c2cccnc2)n1)C(O)c1nc2ccccc2s1,41.2614631652832
Cn1cc(-c2ccc3cc(C#N)ccc3c2)c2ccc(C#N)cc21,25.37912368774414
O=[N+]([O-])c1ccc(NN=C2C(c3ccccc3)=Nc3ccccc32)cc1,25.47391128540039
c1ccc2cc(C3=NCCN3)ccc2c1,17.715240478515625
N#Cc1ccc(-n2nc(C#N)cc2-c2ccc(Cl)cc2)c(Cl)c1,13.617177963256836
CCn1nc(C)c(=O)c2cc3cc(-c4ccc(C#N)cc4)n(-c4ccc(C#N)cc4)c3cc21,18.973852157592773
C=Cc1ccc(-n2c(-c3ccc(C#N)cc3)cc3c2cc(-c2ccc(C#N)cc2)n3-c2ccc(C(C)C)cc2)cc1,12.113515853881836
O=CN1CCC1C(=O)N1CCOCC1,18.971498489379883
N#Cc1ccc(-c2cc(-c3cnc(N=Cc4cc(C=O)c(O)c(C=O)c4O)o3)nc(-c3ccc(N)nc3)n2)cc1,16.984277725219727
CN(C)CCN(C(=O)c1cccc(C#N)c1)c1nc2cc(C#N)ccc2c(=O)n1-c1ccccc1,35.050743103027344
NC(=O)c1ccc(-c2cccc(-c3ccc(C(=O)O)cc3)c2)cc1,16.521169662475586
N#Cc1ccc(Cl)cc1,9.012028694152832
COc1nc(=NCCCCN)nc(-c2ccc(NS(=O)(=O)c3ccc(C)cc3)cc2)[nH]1,28.944692611694336
CC1(C)CN(c2cncc(-n3cc(C#N)c4cc(-c5cncc(C#N)c5)cnc43)n2)CCN1CCO,31.28671646118164
N#Cc1ccccc1F,12.386411666870117
NC(=O)c1ccc(-n2nc(-c3ccccc3F)nc2-c2ccc(-c3ccc([N+](=O)[O-])cc3)cc2)cc1,26.914806365966797
Clc1nc(Cl)nc(-c2ccc(-c3cc(-c4ccccc4)cc(-c4nccs4)c3)cc2)n1,12.662525177001953
CCc1[nH]c(=N)[nH]c(=N)c1Cc1ccc(F)cc1,21.788545608520508
N#Cc1ccc(-c2cccc(-c3cn(-c4ccc(N)cc4)nn3)c2)cc1,23.2410888671875
O=CC(Cl)=Cc1ccccc1,18.868793487548828
N#Cc1cccc(CN=Cc2ccc(-c3nc(-c4ccc(C=O)cc4)nc(-c4ccc(C=O)cc4)n3)cc2)c1,20.30885887145996
O=c1c(-c2ccc(OCCN3CCCC3)cc2)coc2cc(O)ccc12,21.532777786254883
O=C1CC(c2ccc(O)cc2)Oc2ccccc21,17.118879318237305
CC1(C)Oc2cc(-c3ccc(C#N)nc3)ccc2C2(COC(=N)N2)C12COC2,21.155378341674805
CCCCCN1CCc2c([nH]c3ccccc23)C1,22.47628402709961
Cc1ccc(S(=O)(=O)c2ccc(-c3nc(C#N)ccc3-c3ccncc3)cc2)cc1,21.137928009033203
N#Cc1ccc(-c2ccnc(-c3ccc(N)nc3)n2)cc1,14.524786949157715
CC(=NNC(=O)CC#N)c1ccc(N)cc1,21.816553115844727
COc1ccc(Cl)cc1-c1nnc(SC)n1N,23.775487899780273
C#CCN1C(=O)c2cccnc2N(CC)c2ccccc21,17.121627807617188
Nc1ccc(-c2nc(-c3ccc(N)nc3)nc(-c3ccc(N=Cc4cc(C=O)c(O)c(C=O)c4)nc3)n2)cn1,11.928162574768066
Cc1ccc2cc(-c3ccc(C#N)cc3)ccc2n1,15.53600025177002
N#Cc1ccc(-n2c(=O)ccc3ccc(OC(F)(F)F)cc32)cc1,21.667943954467773
Cc1ccc(-c2nn(CN3CCCCCC3)c(=S)o2)cc1,23.251665115356445
N#Cc1ccc(-c2nccs2)cc1,10.353891372680664
N#Cc1ccc(-c2c3c(cc4scc(C#N)c24)C(=O)NC3=O)cc1,25.756103515625
Cc1ccc(C#N)cc1,9.485217094421387
C#Cc1ccc(C#N)c(F)c1,13.865736961364746
CCC=Nc1cc(O)c(N=Cc2ccc(-c3nc(-c4ccc(C=O)cc4)nc(-c4ccc(C=O)cc4)n3)cc2)cc1O,15.477262496948242
CONC(=O)c1c(C)c(-c2ccccc2)nc2ccccc12,24.29154396057129
N#Cc1ccc(C(=NN=Cc2ccccn2)c2ccc(C#N)nc2)cc1,27.43709373474121
CN(C)c1ccc(C=C2C(=O)C(C)(C)c3ccccc32)cc1,23.871084213256836
Cc1cc(C)[nH]c(=NNC(=O)c2csnn2)n1,26.989219665527344
CC1CN(CC(=O)N2c3ccccc3NC(=O)c3ccccc32)CCN1,23.77762222290039
CC(=O)c1ccc(-c2cc3[nH]c(C)nc(=O)c3cn2)cc1,18.97595977783203
CC(C)(C)C(=O)Oc1c(C#N)cc(C#N)c2ccc(-c3ccc(C#N)cc3)cc12,18.269790649414062
Cc1occc1-c1ccc2cc3c(nc2c1)CCCC3,32.51744842529297
CCOc1ccc(-c2nc(-c3ccc(N)cc3)nc(-c3ccc(N4C(=O)c5ccc6c7c(ccc(c57)C4=O)C(=O)OC6=O)cc3)n2)cc1,11.744714736938477
Cc1ccc(C#N)cc1C(=O)N1CCN(S(=O)(=O)c2ccc(N(C)C)nc2)CC1,28.8485050201416
Cc1nc(=O)c(CC(=O)N2CCCCC2)c[nH]1,22.751766204833984
Cc1cc(N2CC(C)OC(C)C2)nc(-n2cc(-c3ccc(C#N)cc3)cc2-c2ccc(C#N)cc2)n1,21.552188873291016
C#Cc1c(-c2ccc(C#N)cc2)nc2c(C)cc(C)cn2c1=O,21.868999481201172
Nc1ccc(-c2nc3cc(N=C=S)ccc3[nH]2)cn1,16.62482452392578
N=c1cc(-c2ccc(N)cc2)[nH]n1-c1ccccc1,13.863313674926758
N#Cc1ccc2cc(-c3ccc(Oc4ccccc4C#N)cc3)cnc2c1,22.1309871673584
O=Cc1ccc(-c2nc(-c3ccc(C=O)cc3)nc(-c3ccc(C=Nc4cccc(O)c4)cc3)n2)cc1,10.55566692352295
Cc1cc(C)c(N=c2cc(C)[nH]c3cc(Cl)ccc23)c(C)c1,22.124643325805664
CC1(c2ncc[nH]2)OCC(=O)Nc2ccc(-c3ccc(C#N)cc3)cc21,22.902084350585938
CCc1ccc(C=Nc2sc3c(c2C#N)CCCCC3)cc1,21.539424896240234
c1ccc(-c2nc(-n3ccnc3)nc3ccccc23)cc1,18.69900131225586
CC(=O)c1c(O)ccc(C(=Nc2cc(O)ccc2O)c2ccc(C#N)cc2O)c1O,23.924081802368164
CN(C)C(=O)Cn1nc(-c2ccc(N(C)C)cc2)c2cccnc2c1=O,28.154481887817383
N#Cc1ccccc1C#N,7.343141555786133
Cc1cn(CC(=O)O)ccc1=Nc1ccc(S(N)(=O)=O)cc1,30.34114646911621
N#Cc1ccc(Nc2ccc(Cl)cc2)cc1,12.897122383117676
Nc1ccc(-c2nc(-c3ccc(N)cc3)nc(-c3c(N)nc(-c4ccccc4)nc3-c3ccc(N)cc3)n2)cc1,23.002466201782227
N=c1[nH]c(N)cc(=NCCCCN=c2ccc([N+](=O)[O-])c[nH]2)[nH]1,23.461715698242188
COc1nc2ccc(C(C)(C(=O)O)c3ccccn3)cc2cc1-c1cncc(-c2ccccc2)c1,43.008033752441406
N#CNc1ccc(C#N)cc1,14.230422019958496
Nc1ccc(-c2cc(-c3ccc(F)cc3)nc(-c3ccc(N)cc3)n2)cc1,12.190303802490234
C#Cc1cc(C#N)c2c(c1)N(CCCC#N)C(=O)C(C)O2,24.998119354248047
N#Cc1ccc(N2C(=O)c3ccccc3C2(O)c2ccc(C#N)cc2)cc1,13.825005531311035
N#Cc1ccc2c(=O)c(C(N)=O)c[nH]c2c1,15.836974143981934
CN1CCN(Cc2ccc(-c3ccc(-c4nc5cc(-c6ccc(N)nc6)ccc5[nH]4)s3)cc2)CC1,26.490142822265625
O=CN1CCN(C(=O)c2cc(-c3ccc(Br)cc3)nc3ccccc23)CC1,20.166152954101562
Cc1ccc(-c2cc(C(=O)Nc3cccc(C#N)c3)c3cc(-c4ccc(N5C(=O)c6ccc7c8c(ccc(c68)C5=O)C(=O)OC7=O)cc4)ccc3n2)cc1,23.94643211364746
CN1CCC2(CC1)CN(C(=O)OC(C)(C)C)c1ccccc12,22.96411895751953
N#Cc1ccc(-c2cc3c(cc(-c4ccccc4)n3-c3ccc(C#N)cc3)n2-c2ccc(C#N)cc2)cc1,14.199728965759277
CN1c2ccc(-c3cnc(N4CCOCC4)nc3)cc2C(=O)c2ccc(C#N)cc2C1(C)C,27.065452575683594
CC(C)Cn1c(-c2cccc(-c3ccc(C#N)cc3)c2)cc2cc(C(C)C)ccc21,25.67331886291504
Cc1nn2c(N)cc(=O)n(C)c2c1-c1cccnc1,21.29244613647461
C=c1[nH]oc(=O)c1=Cc1ccc(N=Cc2ccc(O)c(OC)c2)cc1,27.610706329345703
O=Cc1cc(C=Cc2cc(O)cc(O)c2)ccc1O,13.346092224121094
N#Cc1cccnc1C#N,12.8847074508667
N#Cc1c(-c2ccccc2)sc2ccccc12,16.802410125732422
N#CC=CCN1C(=O)N(Cc2ccc3ccccc3c2)C(Cc2ccccc2)C(O)C(O)C1Cc1ccccc1,21.97573471069336
CC(=O)OCOC(=O)c1cccc(C=NNc2ccc([N+](=O)[O-])cc2)c1,33.80238723754883
CN(C)c1ccc(-c2csc(Cc3nc(=O)c4ccccc4n3C)n2)cc1,27.20503044128418
CN(c1ccc(C#N)cc1)c1cc(-c2ccc(C(N)=O)cc2)nc(C#N)n1,22.134769439697266
CNC(=O)c1ccc(NC(=O)N2CCN(C=O)CC2)cc1,20.059612274169922
CC(=O)NCC1CN(c2cc(F)c3c(c2)OCC2C(N)C2CO3)C(=O)O1,28.771860122680664
Cc1cccc2[nH]c(-c3ccc(-c4ccc(NC(=O)NC5C(=O)N(CCCN6CCCCC6)c6ccccc6N(c6ccccc6)C5=O)cc4)nc3)nc12,36.30467224121094
Cn1c(=O)c2ccccc2c2cc(C#N)ccc21,18.641620635986328
Cc1cc(C#N)cc(C)c1N=c1ccc(=Nc2ccc(C#N)c(Br)c2Cl)[nH][nH]1,31.46935272216797
Cc1ccc(O)cc1N=C(N)N,12.133790969848633
Cc1cc(C)cc(-c2ccnc3[nH]c(-c4ccc(C#N)cc4)cc23)c1,28.46190643310547
N#Cc1ccc(-n2cc(C#N)nc2-c2ccc(C3NC(=O)c4ccccc4N3)cc2)cc1,20.250080108642578
Nc1ccc(-c2nc3ccccc3s2)cc1,11.422142028808594
COc1ccc(NC(=O)c2oc3ccccc3c2NC(=O)c2ccc(C#N)cc2)c(OC)c1,24.621431350708008
C[n+]1c2ccccc2cc2cc(N)ccc21,13.511704444885254
N#Cc1ccc(-c2cc(-c3ccc(C#N)o3)c3c(C#N)cc(C#N)cc3c2)cc1,19.8455867767334
N#Cc1ccc(-c2cc(C#N)c3cc(C#N)c(O)cc3n2)cc1,18.12078857421875
O=C(Nc1ccc(OC(F)(F)F)cc1)Nc1ccc(-c2nc(-c3cnccn3)nc(N3CCOCC3)n2)cc1,24.77934455871582
CCOC(=O)C1CCN(C(=O)C2CCN(S(=O)(=O)c3ccc(C)cc3)CC2)CC1,23.37110137939453
CC1=CC(C)(C)Nc2cc(-c3ccc(C#N)cc3)ccc21,12.812949180603027
CSc1ccc(N=c2cc(-c3ccc(N)cc3)nc(N3CCN(C)CC3)[nH]2)cn1,27.486148834228516
N#Cc1ccc(-c2nc(-c3ccc(N)nc3)nc(-c3ccc(C#N)cn3)n2)cc1,14.717439651489258
CC1(C)Oc2ccc(C#N)cc2C(N2CCCC2=O)C1O,17.553728103637695
N#Cc1ccc(-c2c(C#N)cc(C#N)c3cc4c(cc23)OCO4)cc1,10.361181259155273
CN(C)C(=O)c1ccc(N)c(C#N)c1,18.330289840698242
N#Cc1ccc(-c2ccccn2)cc1,8.36497974395752
O=C(CCc1cccs1)CC(=O)c1ccccc1,25.768938064575195
N#Cc1ccc(N2C(=O)c3cc4c(=O)[nH]n(-c5ccc(C#N)cc5)c(=O)c4cc3C2=O)cc1,8.621196746826172
Nc1ccc2c(=Nc3ccc(Br)cc3)nc[nH]c2c1,19.608352661132812
COc1ccc(-c2nc(-c3ccc(N)cc3)nc(-c3ccc(N4CCN(C)CC4)nc3)n2)cc1C#N,16.816959381103516
CCCNCCCOc1ccc(C#N)cc1,20.181507110595703
Nc1ccc(-c2nc(-c3ccc(N)cc3)nc(-c3cnc4ccccc4c3)n2)cc1,14.661462783813477
N#Cc1c[nH]c2nc(-c3ccc(Cl)cc3)cc(-c3ccc(Cl)cc3)c12,20.27326774597168
COc1cc(C(=O)n2cc(F)c(=O)[nH]c2=O)ccc1Cn1ccc(=O)nc1,34.9935188293457
CNC(=S)SCC(=O)OC1CCCCC1=Nc1ccc(C#N)c(C#N)c1,38.52555465698242
NS(=O)(=O)c1ccc(N=Cc2c(O)oc(C=Cc3ccc(O)cc3)cc2=O)cc1,20.646554946899414
Nc1ccc(C=Cc2ccc(-c3cccc([N+](=O)[O-])c3)nc2)cc1,21.298736572265625
N#Cc1ccc(CN2C(=O)C(O)(c3ccc4c(c3)NC(=O)CO4)c3ccccc32)cc1,20.875484466552734
N#Cc1cc(C#N)c2cc3c(c4c2c1CCC4)CNC3=O,19.5615291595459
N#Cc1nc(-c2ccc(Cl)c(Cl)c2)[nH]c(=Nc2ccc(Cl)cc2)n1,21.4787540435791
Oc1ccc(-c2cc(-c3ccccc3O)cc(-c3ccc(O)cc3)n2)cc1,16.71537208557129
COc1ccccc1N,14.188462257385254
N#Cc1ccc(-c2ccc(-c3cccc(C#N)n3)nc2)cc1,12.764324188232422
Cc1ccc2c(=O)n(-c3ccc(-c4nc([O-])[nH]c(=N)n4)cc3)c(C=Cc3ccc(C#N)cc3)nc2c1,25.283355712890625
Nc1ccc(C(=O)NCc2ccc(O)cc2)cc1,16.656526565551758
NCCNC(=O)c1ccc2c(c1)C(=O)c1cc(O)cc(O)c1C2=O,19.860754013061523
Cn1cnc2cc(-c3ccc(N4CCOCC4)cc3)[nH]c(=NCCN)c2c1=O,16.580751419067383
N#Cc1ccc(-c2nc(-c3ccc4cccnc4c3)n(-c3ccc(C#N)cn3)n2)cc1,25.878095626831055
N#Cc1ccc2cc(-c3ccc(-n4ncc5cc(O)c(O)cc5c4=O)cc3)oc2c1,27.889564514160156
CS(=O)(=O)c1ccc(-c2nc(-c3ccc(N)cc3)nc(-c3ccc(N4C(=O)c5ccc6c7c(ccc(c57)C4=O)C(=O)OC6=O)cc3)n2)cc1,15.03428840637207
N#Cc1ccc(C=C2Oc3cc(O)ccc3C2=O)cc1,13.745898246765137
CC(=O)N1CCc2ccc(-n3c(-c4ccc(C#N)cc4)cc4cc(-c5ccncc5)ccc43)cc21,29.50865936279297
Cc1c(O)cc(C=Cc2ccc(O)cc2)c(-c2ccc(O)cc2)c1O,19.826522827148438
Nc1ccc(-c2ccc3ncn(-c4ccc5ccccc5c4)c(=O)c3c2)cc1,17.403470993041992
Cc1cc(C)n(-c2nc(-c3ccc(N)nc3)nc(-c3ccc(N=Cc4cc(C=O)cc(C=O)c4O)nc3)n2)n1,13.284296989440918
N#Cc1c[nH]c2ccc(N)cc12,14.295404434204102
O=C1C(=Cc2ccc(O)c(Br)c2)SC(=S)N1c1ccc(F)cc1,20.218307495117188
N#Cc1ccc(-c2csc(N=Cc3cccs3)n2)cc1,15.696344375610352
CCc1nc2cc(C#N)cc(C)c2n1Cc1ccc(Oc2ccc(C=Cc3c[nH]c(C=O)c3)cc2)cc1,45.52451705932617
CN(C)C1Cc2ccc(C#N)cc2C1,18.839141845703125
CCCCN1CCC2(C)c3ccc(O)cc3CC1C2C,24.896995544433594
Cc1ccc(Cn2cc(C=Nc3nc(C)cc(N=CN4CCN(C=O)CC4)n3)c3ccccc32)cc1,25.46430206298828
Cc1ccc2cc(C#N)c(-c3ccc(C#N)cc3)nc2c1,16.115497589111328
N#Cc1ccc(-c2ccc(-c3cnc4ccccc4c3Sc3ncccn3)cc2)cc1,30.189735412597656
CC1CN(C(=O)OC2CCCC(OC(=O)N3CCN(C(=O)NCc4ccc(NC(=N)N)cc4)CC3)CCC2)CC(C)N1,28.64750862121582
N=c1[nH]c(N2CCNCC2)nc2nc(-c3ccc(N)cc3)c(-c3ccc(N)cc3)nc12,21.927812576293945
CC(C)c1ccc(-n2c(-c3ccc(C#N)cc3)cc3cnccc32)cc1,14.52529525756836
C=CCOc1ccn(-c2ccc(Cl)c(Cl)c2)n1,26.488731384277344
Cc1ccc(-c2nc(-c3ccc(-c4ccc(C#N)cc4)cc3)no2)cc1,12.758358001708984
N#Cc1ccc(-c2ccnc(-n3ccc(-c4nc(-c5ccc(C#N)cc5)nc(-c5ccc(N)nc5)n4)n3)n2)cc1,26.233531951904297
N#Cc1ccc(-c2ccc3c(c2)CCNC3=O)cc1,9.601644515991211
N#Cc1ccc(-c2ccc(Cn3ccc4nc(-c5ccccc5)cn4c3=O)cc2)cc1,17.887420654296875
CC(C)c1nn(-c2ccc(C#N)nc2)cc1C#N,17.360536575317383
N#Cc1ccc(N)cc1C#N,11.473934173583984
Cc1cc(-c2ccc(C#N)cc2)c(C#N)c2c1C(=O)N(C1CCCCC1)C2,18.188068389892578
COCC(Cc1ccc(-c2ccc(C#N)cc2)cc1)NC(=O)C(C)N,29.21778678894043
N#Cc1ccc(-c2csc(-c3ccccc3C#N)n2)cc1,15.20235538482666
Nc1ccc(CN=c2[nH]cnc3ccc(-c4ccc(N)cc4)cc23)cc1,17.889488220214844
Cc1cc(=Nc2ccccc2)[nH]c(=N)[nH]1,14.150979995727539
Cc1ccc(C(=O)N2CCN(Cc3ccc(C#N)cc3)CC2)cc1,19.07408905029297
Nc1ccc(-c2ccnc3[nH]c(-c4ccncc4)cc23)cn1,17.00779151916504
Cc1cc(OCc2ccccc2-c2ccc(N)nc2)c(-c2ccc(C#N)cc2)nc1-c1ccc(C(N)=O)cc1,28.476436614990234
Cc1nc(Sc2ccc(C#N)cc2)c2ccccc2n1,21.40067481994629
CC1CN(c2ncc(-c3ccc(C#N)cn3)cn2)C(C)CN1c1ccc(-c2ccc(C#N)cc2)nn1,17.675888061523438
N#Cc1ccc(-c2cc(F)cc(-c3ccc(C#N)cc3)c2)cc1,16.572561264038086
N#Cc1ccc(-c2ccc(-c3ccccc3)n2-c2ccc(C#N)cc2)cc1,11.428930282592773
N#Cc1cccc(-c2cn(-c3ccccc3)nn2)c1,18.820138931274414
Cc1cc(-c2ccc3c(=O)n(-c4ccc(-c5ccc(C(N)=O)cc5)cc4)c(C)nc3c2)nc(N(C)C)n1,24.743148803710938
N#Cc1ccc(N=Nc2ccc3oc(=O)c(C#N)c(N)c3c2)cc1,20.66973304748535
CCN(CC)CCN1CCN(c2nc(-c3cnc(=N)[nH]c3)nc(=Nc3cc(C4CC4)[nH]c(=N)n3)[nH]2)CC1,39.26567840576172
Cc1cc(C#N)cc(-c2c(O)coc2O)c1,23.71286392211914
N#Cc1ccc(-c2cc(-c3ccc(C(N)=O)cc3)n(C#N)n2)cc1,17.937171936035156
Cn1cc(C=C(C#N)c2ccc(-c3ccc(C#N)cc3)nc2)c2ccccc21,21.75537109375
COc1nc(-c2cncnc2)cc2c1Oc1ccc(-c3ccc(C#N)cc3)cc1O2,19.915283203125
N#Cc1ccc(-c2ccc3cc(C(N)=O)ccc3n2)cc1,16.51404571533203
N#Cc1ccc(C(=O)N2CCN(Cc3ccc(N)cc3)CC2)cc1,19.347604751586914
CN1CCN(c2ccc3ncc(-c4cccc(O)c4)n3n2)CC1,17.921598434448242
CCc1ccc(Cc2cccc(C#N)c2)cc1,18.083200454711914
CN(C)c1ccc2c(c1)C(=O)N(c1ccc(-c3nc(-c4ccc(N)cc4)nc(-c4ccc(N=Cc5ccc(-c6ccccc6C(F)(F)F)cc5)cc4)n3)cc1)C2=O,29.97197723388672
COc1cccc(CN2CCOc3ccc(-c4ccc(C#N)cc4)cc3C2=O)n1,15.019471168518066
CC(C)c1ccc(-n2c(-c3ccc(O)cc3)cc3c2cc(-c2ccc(C#N)cc2)n3-c2ccc(C#N)cc2)cc1,17.939470291137695
N#Cc1ccc(Nc2cc(=O)n(CCOc3cccc(-c4cc(-c5ccc(C#N)cc5)nc(-c5ccc(N)nc5)n4)c3)c(=O)[nH]2)cc1,28.442359924316406
Cc1cc(=NS(=O)(=O)c2ccc(NN=Cc3c(O)ccc4ccccc34)cc2)[nH]o1,24.879276275634766
N#Cc1cccc(-c2nc(-c3ccc(N)nc3)nc(-c3ccc(N=Cc4cc(C=O)cc(C=O)c4O)nc3)n2)c1,12.521819114685059
N#CC1(C#N)C2CCCC(C#N)(C2O)C1(C#N)C#N,25.655492782592773
ON=Cc1ccc(-c2cc[n+](-c3nc(Cl)nc(Cl)n3)cc2)cc1,12.344430923461914
N#Cc1cc(-c2ccc(-c3ccccc3)cc2)[nH]c1C#N,17.744720458984375
Cc1ccc(-n2c(=O)c3cc(Cl)c(Cl)cc3c3cccnc32)cc1,31.289180755615234
Cc1[nH]c(Cc2ccc(F)cc2)nc(=O)c1C#N,22.374595642089844
Nc1cccc(-c2cnc3ncccc3n2)c1,21.66510772705078
C[n+]1c2ccccc2n2c3cc(N)ccc3ccc21,25.42724609375
COc1cc(OC)cc(-c2nc(=NCc3ccc(C(=O)Nc4ccccc4N)cc3)nc(C)[nH]2)c1,27.374906539916992
NC(=O)c1ccc(-c2nc(C(=O)c3ccccc3)c3ccccn23)cc1,23.597558975219727
Nc1ccc(-c2nc(-c3ccc(C=O)cc3)cc(-c3ccc(C=O)cc3)n2)cc1,16.967044830322266
Cn1ccc2ccc(NS(=O)(=O)c3cccc(C#N)c3)cc21,24.606632232666016
N#Cc1ccc(N=Cc2ccc(C=Nc3cc(N)c(N)cc3O)cc2)cc1,19.27035903930664
O=C(Cn1cnc([N+](=O)[O-])n1)NN=Cc1ccccc1O,23.704254150390625
Nc1ccc(-c2nc(-c3ccccc3)nc(-c3ccc(N)cc3)n2)cc1,9.573724746704102
COc1ccc(-c2nc(-c3ccc(N)cc3)nn2-c2ccc(N)cc2)cc1,13.78964900970459
Nc1cccc(-c2ccc3nc[nH]c(=Nc4ccccc4)c3c2)c1,15.825540542602539
c1ccc2cc(Nc3c(-c4ccc(-n5ccnc5)cc4)nc4ccccn34)ccc2c1,28.984365463256836
N#Cc1ccc(-n2c(=O)c3cc4c(=O)n(-c5ccc(N6CCNCC6)cn5)c(=O)c4cc3c2=O)cc1,14.584187507629395
Cc1c(C#N)cc(-c2ccccc2)n1Cc1cccs1,24.52640151977539
N#Cc1ccc(Nc2ccc(-c3nc(-c4ccc(C(N)=O)cc4)nnc3-c3ccccn3)cc2)cc1,28.831005096435547
CCCCc1ccc(-c2cnc(N3CCCC3)nc2C)cc1,21.405868530273438
O=C(O)C=Cc1ccc(CCc2ccc(O)cc2)cc1,17.54064178466797
Cc1n[nH]c2nc(C(C)N(C#N)NC(=O)Nc3ccccc3)n(-c3ccccc3)c(=N)c12,32.844112396240234
Nc1ccc(-c2nc(-c3ccncc3)nc(-c3cnc(N4CCNCC4)nc3)n2)cc1,21.81337547302246
O=CN1CCN(Cc2ccc3c(c2)NC(=O)CO3)CC1,18.28553009033203
CC(C)c1ccc(-n2c(=O)c3cc4c(=O)n(-c5ccc(C#N)cc5)c(=O)c4cc3c2=O)cc1,12.960349082946777
N#Cc1ccc(-c2cc(-c3ccc(N=Cc4cc(C=O)cc(C=O)c4O)nc3)nc(-c3ccc(N)cc3)n2)cc1,10.448445320129395
N#CC=C1C(=O)N(CC#N)c2ccccc21,17.52692985534668
N#Cc1ccc(-c2cc3nc(-c4ccc(C(N)=O)cc4)nc(N4CCOCC4)c3s2)cc1,12.864806175231934
COc1cc2nc(C)n(CCN3CCN(CCO)CC3)c(=O)c2cc1OC,28.338632583618164
Cc1cc(C)nc(OC(C(=O)O)c2ccccc2)n1,18.82004165649414
N#Cc1nc[nH]c1N=O,17.615150451660156
N=c1ncc(-c2ccc(C3(c4noc(-c5cnc(N6CCCC(N)C6)nc5)n4)CCC3)cn2)c[nH]1,24.932729721069336
Cc1ccc(-c2cc(-c3ccc(N(C)C)nc3)nc(-c3ccc(N)[nH]c3=N)n2)o1,25.53203010559082
CN1CCN(C(=O)Cc2ccc3ccccc3c2)CC1,23.194427490234375
N#CC=Cc1ccc(N(c2ccc(C#N)cc2)n2cnnc2)cc1,18.357868194580078
Cc1cc(C)c(Nc2c(C#N)nc(-c3nc(C)cs3)nc2-c2ccc(C#N)cc2)c(C)c1,23.556554794311523
CC(=O)Oc1cccc(N)c1,19.013545989990234
Cc1nc2cc(-c3ccc(C#N)cc3)ccc2cc1-c1ccc2ccn(C)c2c1,25.552837371826172
N#Cc1ccc(N=c2[nH]c(=N)[nH]c3cc(-c4ccc(C#N)cc4)ccc23)cc1,22.777156829833984
N#Cc1ccc(-c2nccc(COc3cc(C#N)cc4cc(Cl)ccc34)n2)cc1,26.94011688232422
COc1ccc(C=CC=CC#N)cc1,13.720725059509277
Nc1ccc(-c2nccc(-c3ccccc3)n2)cn1,13.246870040893555
CC1CC(C)CN(c2nc(-c3ccc(N4C(=O)CSC4c4ccc(N)cc4)cc3)nc(N3CCOCC3)n2)C1,16.051929473876953
Cc1ccc(-c2[nH]c3ccc(C)cc3c2C=Nc2nccc(=NCc3ccc(C#N)cc3)[nH]2)cc1,33.2391471862793
N#Cc1ccc(-c2nnc(-c3ccc(N)nc3)n2-c2ccc(C#N)cc2)cc1,18.695636749267578
NC(=O)c1cccc(C2CC2c2nc3ccccc3n2Cc2ccc(-c3ccc(C(F)(F)F)cc3)cc2)c1,20.88466453552246
N#Cc1cc(C#N)cc(-c2cc[nH]c(=N)n2)c1,18.253761291503906
N#Cc1ccc(-n2ncc(C#N)c2-c2ccc(O)cc2)cc1,18.159942626953125
CN(C)c1ccc(S(=O)(=O)Nc2cc(O)c(N=Cc3ccc(O)c(O)c3)cc2O)cc1,19.701374053955078
N#CC=Cc1ccc(-c2nc(-c3ccc(N)cc3)nc(-c3ccc(N4C(=O)c5ccc6c7c(ccc(c57)C4=O)C(=O)OC6=O)cc3)n2)cc1,12.83117389678955
N#Cc1ccc(-c2ccccc2C=O)cc1,14.009328842163086
OCCCC(=C(c1ccc(O)cc1)c1ccc(O)cc1)c1ccc(O)cc1,18.78864860534668
Cc1cc(-c2nc(-c3ccc(N)cc3)nc(-c3ccc(N(C)C)cc3)n2)ccc1OCCN(C)C,23.1494197845459
N#CC#CCCC#N,13.14610767364502
CC1=CC(C)(C)Nc2c1cc(N)c1ccccc21,22.231399536132812
Cc1cc(O)c(C=Nc2ccc(-c3nc(-c4ccc(N)nc4)nc(-c4ccc(N)nc4)n3)cn2)c(O)c1C=O,12.983826637268066
C=Cc1nc2cc(-c3ccc(C#N)cc3)ccc2nc1-c1ccc(C#N)cc1,19.388452529907227
O=C(C=Cc1ccc2c(c1)OCO2)NCc1ccncc1,21.858129501342773
N#Cc1ccc(C=C2Oc3cccc(O)c3C2=O)cc1,18.19698715209961
Cc1cc(C=c2sc3nc(-c4ccc(Cl)cc4)nn3c2=O)ccc1O,19.609222412109375
Cc1[nH]n(-c2ccccc2)c(=O)c1N=Nc1ccc(Br)cc1,17.5706729888916
N#Cc1ccc(-c2ccc(Cn3c(C4CCNCC4)nc4ccc(C#N)nc43)cc2)cc1,21.484926223754883
N=C(N)Nc1ccc(N)cc1,16.32590103149414
N=C(N)c1ccc(-c2cc(-c3ccc(C(=N)N)cc3)on2)cc1,13.285673141479492
N#Cc1cccc(-c2nc(-c3ccc(N)nc3)nc(-c3ccc(N=Cc4cc(C=O)c(O)c(C=O)c4O)nc3)n2)n1,10.441823959350586
N#Cc1ccc(-c2cccc(-c3cccc(C#N)c3)n2)cc1,15.143681526184082
Cc1cc(-c2ccc(NC(=O)c3ccco3)cc2)ccn1,20.3944149017334
N#Cc1ccc(N2C(=O)c3sc4ccccc4c3C2=O)cc1,13.224128723144531
c1ccc(CCN=c2ccc3ncc(-c4cc5ccccc5[nH]4)n3[nH]2)cc1,31.01557731628418
N#Cc1coc(-c2ccc(N)nc2)n1,12.475980758666992
Cc1cc(N=c2cc(C3CC3)[nH][nH]2)[nH]c(=Nc2ccc(C#N)cc2)n1,12.071069717407227
N#Cc1ccc(-c2cc(C(O)c3ccc(F)cc3)nc(-c3ccc(C#N)cc3)n2)cc1,21.162324905395508
N#Cc1ccc(-c2c(C#N)nc3ncc(C#N)cc3c2C#N)cc1,15.500638008117676
CN1CCN(Cc2c[nH]c(-c3ccc4n[nH]c(-c5ccc(C#N)cc5)c4c3)n2)CC1,22.025150299072266
CC1(C)Cc2c(c(C#N)c3cc(F)c(F)cc3c2C#N)O1,17.19249725341797
Cc1ccc(C(=O)c2c(-c3ccccc3)nn(-c3nc4ccc(C)cc4s3)c2-c2ccc(C#N)cc2)cc1,26.019577026367188
COc1ccc2c(-c3ccc(C#N)cc3)c(-c3ccc(C#N)cc3)c(C#N)cc2c1,17.901681900024414
Nc1cccc(-c2ccnc3c2CC(C(=O)NCCO)O3)c1,24.930646896362305
Cc1sc(-c2ccc(Nc3ccc(-c4nc(-c5ccc(N)cc5)nc(-c5ccc(N)cc5)n4)cc3)cc2)nc1O,24.55780792236328
N#Cc1ccc(N=c2[nH]cc(-c3ccc(C#N)cc3)cc2C#N)cc1,15.368389129638672
C=CC(C#N)=C1C=c2ccc3ccccc3c2=C(O)C1O,36.325103759765625
CC=C(C)C=C(c1ccc(C=O)cc1O)c1c(O)c(C)c(O)c(C(C)=O)c1O,32.39976119995117
Cn1c(=NN=Cc2ccccc2)[nH]c2c(C#N)cccc21,26.95722007751465
Cc1cnc(CNC(=O)C(c2nc3c(-c4ccc(-c5cnc(C)o5)cc4)cccc3s2)S(C)(=O)=O)cn1,35.39115905761719
CN(C)CCOc1ccc(-c2cc[nH]c(=Nc3ccc(Cl)c(CS(C)(=O)=NC#N)c3)n2)cn1,32.556251525878906
CN(Cc1ccc(C=Cc2c[nH]c3ccc(C#N)cc23)cc1)Cc1ccc(Cl)nc1,25.648418426513672
CCC(C(O)=NO)N1Cc2cc(-c3ccc(C#N)cc3)ccc2C1=O,27.673856735229492
N#Cc1ccc(-n2c(=O)c3cc4c(=O)n(-c5ccccc5N)c(=O)c4cc3c2=O)cc1,9.814453125
N#Cc1ccc(C(=O)Nc2ccc(-n3cc(-c4ccc(C#N)c(O)c4)nn3)cc2)cc1,26.49512481689453
NC(=O)c1ccc(-n2cnc3c(-c4ccc5c(c4)OCCO5)ccnc32)cc1,23.737661361694336
Nc1ccc(CN(CCC(c2ccccc2)c2ccccc2)c2ccccc2)cc1,24.97501564025879
CC(=O)Oc1ccc(C#N)cc1-c1ccc(C#N)cc1,18.703222274780273
CN(C)c1ccc(C=Nc2ccc(-c3n[nH]c(-c4ccc(C#N)cc4)n3)cn2)cc1,14.209314346313477
Cc1ccccc1-c1ccc(C#N)cc1,11.576984405517578
O=C(CSCc1ccccc1Cl)c1c[nH]c2ccccc12,29.434207916259766
N#CC(CCN)(c1ccccc1)c1ccccc1,19.13314437866211
N#Cc1ccc(-c2cccc3c2S(=O)(=O)c2cc(N4CCCC4)ccc2C3=O)cc1,17.517635345458984
C=C1N=c2ccc3c(O)c4ccccc4c(OC)c3c2=C1C,32.0899772644043
C#Cc1cc(C#N)c2cc(C#N)ccc2n1,12.757511138916016
N#CC1=c2c([nH]c3cc(N)ccc23)=CCC1,23.50241470336914
CN1CCN(c2ccc(-c3ccc4[nH]cc(-c5nc(-c6ccc(N)nc6)nc(-c6ccc(N=Cc7cccc(C(F)(F)F)c7)nc6)n5)c4c3)cn2)CC1,23.76219940185547
Cc1cc(N2CCN(C)CC2)n2cc(-c3ccc(C#N)cc3)cc2n1,18.203956604003906
Oc1ccc(-c2cc(-c3cccs3)cc(-c3ccc(C(F)(F)F)cc3)n2)cc1,21.692365646362305
N#Cc1ccc(-c2cn(-c3ccc(C#N)cc3)c3ncnc(N)c23)cc1,12.998592376708984
N#CC#Cc1nc(-c2ccc(C#N)cc2)nc(-c2ccc(N)nc2)n1,16.149517059326172
N#Cc1ccc(-n2c(=O)c(C(N)=O)c(N)c3cccnc32)cc1,17.645593643188477
CC(C)(C#N)c1ccc(C#N)cc1,15.681893348693848
CCn1c(-c2ccccc2)cc(-c2ccc(N)cc2)c(C#N)c1=O,19.918230056762695
N#CC1(NC(=O)C2CC(S(=O)(=O)c3ccccc3)CN2C(=O)C2(c3ccc(Cl)cc3F)CC2)CC1,25.74028205871582
Cc1cc(=O)c(C#N)nn1C,17.032838821411133
N#Cc1cn(-c2ccc(C(=O)O)nc2)cc1-c1ccccc1,15.934885025024414
Cc1cc(C(=O)NS(C)(=O)=O)cnc1-n1ccc(-c2ccc(-c3cccc(Cl)n3)cc2)cc1=O,36.17285919189453
CCc1ccc(-c2cn(-c3ccc(C(=O)O)cc3)nn2)cc1,16.568042755126953
N#Cc1ccc(-c2nc(-c3ccc(N)cc3)nc(-c3ccc(N)nc3)n2)cc1,9.733060836791992
Cc1ccc(-n2c(O)c(C#N)c(O)cc2=O)cc1,20.267927169799805
Cc1nn2c(c1-c1ccc(Cl)cc1)NC(c1ccccc1)CC2(C)C,23.970375061035156
Cc1ccc(-c2nc(N3CCOC(C)(C)C3=O)ncc2-c2nc(C)no2)cc1,22.608013153076172
N#Cc1ccc(NCc2nc(-c3ccc(C#N)cc3)c(-c3ccncc3)[nH]2)cc1,20.122461318969727
Nc1ccc(-c2nc(-c3ccc(N)cc3)nc(-c3ccc(-n4cc5ccc6ccc(C(=O)O)c7c6-c(c4=O)c5c7=O)cc3)n2)cc1,13.785564422607422
CN(C)c1ccc(C(C)(c2ccccc2)c2ccccc2)cc1,22.160905838012695
Cc1cc(-c2ccccc2)cc(-c2ccccc2)[n+]1-c1ccc(-c2nc(-c3ccc(N)cc3)nc(-c3ccc(N)cc3)n2)cc1,13.30344295501709
Cc1ccc(CC(=O)N=Nc2c(O)n(CC(C)C)c3ccc(C)cc23)cc1,26.853857040405273
N#Cc1ccc(-c2[nH]c3[nH]c(=O)c(C#N)c(-c4ccc(C#N)cc4)c3c2C#N)cc1,22.200916290283203
O=Cc1c(O)c(O)cc2c(-c3ccc(O)cc3)cc(=O)oc12,19.133333206176758
CC12CCC3c4cc(Br)c([N+](=O)[O-])cc4C(O)CC3C1CCC2O,31.254745483398438
Cc1nc(-c2ccc(C#N)cn2)ccc1C(=O)NCC(N)=O,18.014301300048828
Cc1cnc(-c2ccc(N)nc2)n1-c1ccc(C(=O)O)cc1,16.575681686401367
N#Cc1cc(C#N)c2c(c1)c1ccccc1n2-c1ccc(C(=O)O)cc1,18.141956329345703
Cn1c2ccccc2c2cc(O)cc(C#N)c21,20.408220291137695
CC(=O)c1c(O)c(O)n(-c2ccc(C#N)cc2)c1-c1ccc(C(=O)N(C)C)cc1,21.72545051574707
N#Cc1ccc(-c2cc(C(N)=O)nc3cccnc23)cn1,20.617115020751953
Cc1cc(O)n(-c2ccc(-c3nc(-c4ccc(N)cc4)nc(-c4ccc(N)cc4)n3)cc2)c1O,12.657146453857422
CCCCNC(=O)C1SCCN1C(=O)OCc1ccc(-c2ccc(C#N)cc2)cc1,28.557104110717773
CCCN1CCc2ccc(-c3cnc(C)nc3-c3ccnc(C)c3)nc2CC1,34.430599212646484
CN(C(=O)CN(N)C1CCN(C(=O)OC(C)(C)C)CC1)c1ccc(-c2ccccc2)cc1,34.641258239746094
CNC(=O)CNC(=O)Cc1ccc2ccccc2c1,28.0656681060791
Cc1cc(-c2nc(-c3ccc(N)nc3)nc(-c3ccc(N=Cc4cc(C=O)cc(C=O)c4O)nc3)n2)ccn1,13.411751747131348
CCCc1nc(=O)nc(Cc2ccc(N)cc2)n1Cc1ccc(-c2ccccc2C#N)cc1,23.27069854736328
N#CC(=Cc1ccc(O)cc1)c1ccc(O)cc1,16.483800888061523
O=c1ccccc2[nH]c3nc(N=Cc4ccc(O)cc4)ccc3c12,26.146209716796875
COc1ccc(CC(N)=O)cc1,19.721782684326172
Nc1ccc(N2CCOCC2)cc1,12.351287841796875
N#Cc1ccc(-c2cccc(-c3ccc(N=Cc4cc(C=O)cc(C=O)c4O)nc3)c2)cc1,13.221919059753418
COc1ncc(-c2ccc(-c3cc(C#N)c[nH]c3=Nc3cccc4ccccc34)cc2)cc1N,22.734107971191406
N#CC=CC=Cc1ccc(OC(=O)c2ccc3ccccc3c2)cc1,29.65508270263672
C=C(c1ccc(O)cc1)c1ccc(O)cc1,14.490151405334473
N#Cc1cc(-c2ccc(Cl)cc2)n(-c2ccc(C#N)c(Cl)c2)n1,12.342147827148438
CC1N(c2ccc(-c3ccc(C#N)c(C#N)c3C#N)cn2)CC2=C(C#N)C(=O)OC21C,39.529579162597656
COc1cc(-c2cc(-c3ccc(N(C)C)cc3)nc(-c3ccc(N)cc3)n2)ccc1N,23.382246017456055
CC(C)c1ccc(-n2cc(C#N)nc2-c2ccc(C#N)cc2)cc1,14.482004165649414
Nc1cncc(-c2ccnc(-c3ccc(N)nc3)n2)c1,15.051994323730469
COc1ncc(-c2ccc(-c3nc(-c4ccc(N)nc4)nc(-c4ccc(N=Cc5cc(C=O)cc(C=O)c5O)nc4)n3)cn2)cn1,16.9226131439209
COC(=O)C12CCCN1C(c1ccc(-c3ccc(C#N)cc3)cc1)c1c2c(O)n(C(C)(C)C)c1O,20.01007652282715
N#Cc1c(F)c(F)c2c(=O)n(-c3ccc(S(N)(=O)=O)cc3)c(N)c(C#N)c2c1F,23.48312759399414
CCc1ccc(-c2ccc(-c3nc(-c4ccc(N)cc4)nc(-c4ccc(C=O)cc4)n3)cc2)[n+](-c2ccc(C=NN=C(N)N)cc2)c1O,29.53029441833496
N#CC(=Cc1ccco1)c1nnc2n1CCCCC2,25.236114501953125
N#Cc1ccc(-c2cc(C=Nc3cc(O)c(N)cc3O)cn2-c2ccc(C(=N)N)cc2)cc1,19.581586837768555
Cc1ccc2nc(-n3c(-c4ccc(C#N)cc4)cc4c3cc(-c3ccc(C#N)nc3)n4-c3nc4ccc(C)cc4s3)sc2c1,9.072516441345215
N#Cc1ccc(NC(=O)N2CCN(c3nc4ccccc4cc3C#N)CC2)cc1,17.242568969726562
c1cc(-c2ccc3cc(=Nc4ccc(-n5cnc(N6CCOCC6)n5)cc4)[nH]nc3c2)ccn1,25.052364349365234
C#Cc1cc(-c2ccc(C#N)cc2)cc(C#N)n1,12.300238609313965
N#Cc1cc(C#N)c2cccc(C=O)c2c1,11.224905967712402
C#CC=CCCCCCC#CC#CC#CCC(=O)O,22.485641479492188
COc1ccc(-c2nc(-c3cccc(-c4ccc(N)nc4)n3)[nH]c2C)cn1,28.650964736938477
Nc1ccc(-c2nc(-c3ccc(Br)cc3)nc(-c3ccc(N4C(=O)c5ccc6ccccc6c5C4=O)cc3)n2)cc1,14.28669261932373
N#Cc1ccc(-c2cc3ccc(-c4ccc(N)nc4)cc3n2-c2ccc(C#N)cc2)cc1,12.979272842407227
C=Cc1ccc(O)c(-c2cc3ccccc3o2)c1,20.769193649291992
CC(C)(C)CNCc1cc(-c2ccc(C#N)cc2)nc(-c2ccc(C#N)cc2)n1,18.903993606567383
Cc1nc(-c2cccc(NS(=O)(=O)c3ccc(Cl)c(Cl)c3)c2)c2cc(-c3nc(CN)no3)ccc2n1,32.69878005981445
Cc1cc(-c2ccccc2)cc2n[nH]c(=N)nc12,27.25749969482422
N#Cc1ccc(-c2ccc(C#N)c(C#N)n2)nc1,11.121188163757324
Cc1nc2c(c(-c3ccc(C#N)cc3)n1)CN(C(=O)Nc1ccc(F)cc1)C2,24.173545837402344
O=C1N=c2ccccc2=C1Cc1ccc(N2CCS(=O)(=O)C2)cc1,30.092126846313477
N#Cc1ccc(-c2cc3ccccc3n2Cc2ccccc2)cc1,18.839372634887695
N#Cc1ccc(N2CCN(C(=O)c3cc(C=O)c4cc(NC(=O)c5ccc6ccccc6c5)ccc4c3)CC2)nc1,32.042144775390625
COC(=O)c1cc(C(O)O)cc(O)n1,17.067363739013672
N#Cc1cccc2ccc(-c3ccc(N)nc3)cc12,15.582515716552734
CNc1cccc(-c2cnn(-c3cc(C(=O)N=c4cc(C(F)(F)F)cc[nH]4)ccc3C)c2)c1,28.4190616607666
N#Cc1ccc(N=C2c3cc(C#N)ccc3N(Cc3ccc(F)cc3)C(=O)C2C#N)cc1,20.213062286376953
CCc1cc(N=c2[nH]c3nc(C#N)ccc3cc2-c2ccc(N)cc2)ccc1OC,32.61787414550781
CC(C=Cc1c(-c2ccc(C#N)cc2)c(C(=O)OCCc2ccccc2)c(C)c(-c2ccc(F)cc2)c1-c1ccc(C#N)cc1)=CC#N,37.51067352294922
Cc1c(Oc2cccc(-c3ccc(C#N)cc3)c2)c(C#N)nn1C,25.482036590576172
CS(=O)(=O)Nc1ccc(N=c2c3ccccc3[nH]c3ccccc23)cc1,14.948176383972168
N#Cc1ccc(-c2csc(-c3ccc(-c4nc(Cl)nc(Cl)n4)cc3)n2)cc1,14.82325553894043
Nc1cc(N=CN2CCN(C=O)CC2)nc(N)n1,11.48902416229248
Cc1cn(-c2ccc3c(c2)CNC3)c2cc(-c3ccc(C#N)cc3)c(=O)n(C)c12,25.030864715576172
CCCCCOC(=O)N1CCN(C(=O)C(CCC(=O)O)NC(=O)c2cccc(-c3ccc(C#N)cn3)n2)CC1,20.67921257019043
Cc1ccc2[nH]c(-c3ccc(-c4cccc(S(=O)(=O)NC(C(=O)O)C(C)C)c4)cc3)cc(=O)c2c1,33.708885192871094
N#Cc1ccc(-c2cc(C#N)c(C#N)c(C#N)c2O)cc1,16.950063705444336
O=C1C=CC(=O)c2c1ccc1ccccc21,13.116125106811523
Nc1ccc(-c2nc(-c3ccccc3)c[nH]2)cc1,15.028979301452637
N#Cc1ccc(-c2ccc3c(C#N)cc4nc(C(N)=O)cn4c3c2)cc1,19.19599151611328
COc1ccc(NC(=N)c2ccc(N=Cc3ccc(N(C)c4ccc(N=C(c5ccccc5)c5ccccn5)cc4)cc3)cc2)cc1,40.1737174987793
Cc1ccc(-c2cc(C#N)c3cc(C#N)ccc3n2)cc1CN1CCOCC1,26.554832458496094
N#Cc1ccc(-c2nc(-c3ccc(N)nc3)nc(-c3ccc(N)nc3)n2)nc1,13.024633407592773
COc1ccc(-c2ccc(C#N)cc2)cc1,13.683015823364258
Oc1ccc(C=Nn2cnnc2)cc1,14.079632759094238
O=C(O)c1csc(-c2ccc(-c3ccc(N4C(=O)OCC4c4ccccc4)cc3)c(F)c2)nc1=O,28.487228393554688
Cc1ccc2nc(C)cc(OCCOc3ccc(C#N)cc3)c2c1,23.70577621459961
Cc1cc(-c2ccc(C=O)cc2)nc(-c2ccccc2)[n+]1-c1ccccc1,15.424968719482422
CC1(C)CN(C(=O)CN2CCNC(=O)C2)c2cc(C#N)ccc21,18.400135040283203
Oc1ccc(-c2cc(-c3ccc4c(c3)OCO4)cc(-c3ccc(O)cc3)n2)cc1,16.44156837463379
CSc1nc(=Nc2nccc(-c3ccc(N)nc3)n2)cc(Cl)[nH]1,16.692806243896484
O=C(NN=Cc1cccs1)c1cc(-c2ccc(Br)cc2)nc2ccccc12,22.676179885864258
Cc1ccc2nc(-n3c(-c4ccc(C#N)cc4)cc4ncc(-c5cc(C#N)ccc5C#N)cc43)sc2c1,16.262863159179688
N#Cc1ccc(-c2cc(N)c3ccccc3c2C#N)cc1,13.22846794128418
Cn1cc(C#N)c2cc(C#N)ccc21,13.998882293701172
CN(Cc1ccc(C#N)cc1)C(=O)Cc1ccc(C#N)cc1,18.401464462280273
N#Cc1ccc(S(=O)(=O)n2ccc3c(N)c(C#N)cnc32)cc1,23.853254318237305
Cc1cc(C)nc(N=c2[nH]c(-c3ccc(C(C)(C)C)cc3)cc(=O)[nH]2)n1,20.45998764038086
N#Cc1cc(C(F)(F)F)c(C#N)c(F)c1F,16.697437286376953
CC(=O)c1cc(C#N)c(C#N)c(C(C)C)c1,19.11324119567871
CC(=O)Nc1ccc(-c2nc3ccccc3o2)cc1,18.47608184814453
N#Cc1ccc(-c2cc3cccc(C#N)n3c2C(=O)Nc2ccc(-c3ccncc3)cc2)cc1,22.9852352142334
N#Cc1ccc(-c2ccc(N)[n+]([O-])n2)cc1,14.206196784973145
N#Cc1nc(-c2ccc(N)cc2)nc(-c2ccc(N)nc2)n1,11.157173156738281
Cc1cn(C2CC(S(C)(=O)=O)C(CO)O2)c(=O)[nH]c1=O,24.161964416503906
Cn1c(=O)c(=CN2CCN(c3ccc(N)cc3)CC2)[nH]c(=O)c1=Cc1ccc(N)cc1,22.804706573486328
CN1C(=O)c2ccccc2C12C(=O)Nc1cc(-c3ccc(C#N)cc3)ccc12,20.39181900024414
Cc1nc(-c2ccc(C#N)cn2)ccc1C=O,17.4056396484375
N#Cc1ccc(-c2cnc(C#N)c(N)n2)cc1,10.963001251220703
Cn1c(=O)c2c(nc(-c3ccc(N)cc3)n2-c2ccc(C#N)cc2)n(C)c1=O,16.76424217224121
CCn1cc(C(N)=O)c(=O)c2ccccc21,17.117992401123047
CN1C(=O)c2cccnc2Oc2ccccc21,14.389272689819336
Nc1ccc(-c2nc(-c3ccc(N=Cc4cc(C=O)cc(C=O)c4O)nc3)nc(-c3ccc(CO)o3)n2)cn1,15.547362327575684
Cc1ccc(-c2cc(Sc3ccccc3)c(C#N)c(-c3ccccc3)n2)cc1,16.709291458129883
CN1CCN(c2ncnc3c2cnn3C)CC1,16.07084083557129
N=c1[nH]c(=N)c2ccc(-c3ccc(N)cc3)cc2[nH]1,16.23272705078125
CC(O)C1C(=O)N2C(C(=O)O)=C(Sc3csc4ccc(C#N)cc34)C(C)C12,26.649227142333984
Nc1ccc(-c2nc(-c3ccc(N)cc3)nc(-c3ccc(N=C=S)cc3)n2)cc1,13.42419147491455
CC(C)CN1CCN(C(=O)CCc2ccccc2)CC1,21.9318790435791
CC(C)c1ccc(-n2c(-c3ccc(C#N)cc3)cc3c2cc(-c2ccc(F)cc2)n3-c2nc(-c3ccc(C#N)cc3)cs2)cc1,19.780893325805664
Oc1ccc2ccccc2c1C=Nc1ccc2c(c1)OCO2,17.865846633911133
Cc1ccc2nc(-c3ccc(NC(=O)c4ccc(-c5cc(Cl)ccc5Cl)o4)cc3)sc2c1,21.982023239135742
Cc1cc(C=O)c(N)cc1-c1ccc(C(=O)Nc2cccnc2)cn1,30.850574493408203
Cc1nc(C)nc(-c2ccc(N)nc2)n1,15.460587501525879
CNC(=O)c1ccc(N=c2nc3c(-c4ccccc4OC)c(C)cc(N)c3c[nH]2)cc1,38.19768524169922
Cc1ccc(-c2nc(-c3ccc(N)cc3)nc(-c3cn(-c4ccc(F)cc4)nc3-c3cccc(O)c3)n2)cc1,19.593368530273438
Nc1ccc(-c2nc(-c3ccc(N)nc3)nc(-c3cnc4ccccc4c3)n2)cn1,16.26641082763672
Cc1ccc2nc(-n3c(-c4ccc(C#N)cc4)cc4c3cc(-c3ccc(C#N)cc3)n4-n3cc(-c4ccc(C#N)cc4)nn3)sc2c1,12.002816200256348
N#Cc1ccc(-c2ccc(C=CC(=O)Nc3ccc(F)c(C#N)c3)cc2)cc1,20.732542037963867
Cc1cc2c(=O)[nH]c(=N)[nH]c2n1Cc1nc2ccccc2n1Cc1ccc(C#N)cc1,26.47809600830078
COC(=O)c1ccc(C#N)cc1,15.00918197631836
N#Cc1ccc(-c2nc(C#N)nc(-c3ccc(N)nc3)n2)cc1,11.394103050231934
O=C(O)C=Cc1ccc(-c2cc(-c3ccccc3)cc(-c3cccs3)c2)cc1,17.64727210998535
Nc1ccc(-c2nccc(-c3ccco3)n2)cn1,15.196828842163086
Cc1cc(N2CCOCC2)n2nc(-c3ccc(-c4ccc(C#N)cc4)cc3)cc2n1,19.27731704711914
CCCN(CCc1ccc(F)cc1)C1CCc2ccccc2C1,26.31316566467285
CC(CCc1ccc(C#N)cc1)N=c1nc(N2C(=O)OCC2C(C)C)cc[nH]1,21.050334930419922
Oc1ccc(-c2cn3c(n2)sc2ccccc23)cc1,18.517396926879883
CCc1[nH]c(=N)[nH]c(=N)c1-c1ccc(-n2cnc3ccsc3c2=O)c(C)c1,26.5966796875
CN(C)c1ccc(CNC(=S)NN=c2c3c([nH]c4ccccc24)CCCC3)cn1,28.531253814697266
Cc1c(-c2ccc(C#N)cc2)nc(-c2ccc(N)cc2)n1-c1ccc(C(N)=O)cc1,11.58181381225586
CC1=Nc2nc(-c3ccc(-c4nc(C)no4)cc3)nn2C(c2ccc(C#N)cc2)C1c1nn[nH]n1,27.17737579345703
Oc1cccc(C=NN=c2nc(N3CCCCC3)[nH]c(N3CCCC3)n2)c1,19.206684112548828
N#Cc1ccc(-c2sc(C#N)cc2C#N)cc1,13.443527221679688
C[N+]1(CCCCOc2cc(O)c3c(=O)cc(-c4ccccc4)oc3c2)CCOCC1,26.782434463500977
Fc1cc(F)c2[nH]c3c(c2c1)CNCC3,22.487926483154297
CN(C)c1ncnc(C#N)n1,8.719776153564453
COc1cc(OC)c2sc(-n3c(-c4ccc(C)cc4)nc4ccccc4c3=O)nc2c1,23.156421661376953
N#Cc1ccc(-c2c(C#N)c(N)n(-c3ccc(C#N)cc3)c(=O)c2C#N)cc1,16.179689407348633
N#Cc1ccc(-c2ccc3c(c2)CC(Cc2ccncc2)O3)cc1,21.59543228149414
C=C(C)c1ccc(O)cc1,14.235920906066895
CCOC(=O)C1=C(C)N=c2sc(=Cc3ccc(O)cc3)c(=O)n2C1c1ccc(C#N)cc1,15.821544647216797
N#Cc1ccc(-c2cncc(-c3ccc(C#N)cc3)c2)cc1,12.240362167358398
CC1(C)CC(=Cc2ccc(O)cc2)c2nc3cc(C#N)ccc3c(C(=O)O)c2C1,23.2565975189209
CCN1c2ccc(C#N)cc2C(=O)N(C)c2ccc(C)cc21,19.6143798828125
N=c1nc(-c2ccc(N)cc2)[nH]c2c1oc1ccccc12,20.846986770629883
N#Cc1ccc(C=CC(=O)Nc2ccc(-c3nc(-c4ccc(N)cc4)nc(-c4ccc(N=Cc5cc(C=O)cc(C=O)c5O)nc4)n3)cc2)cc1,18.31709861755371
Cn1c(CC(=O)Nc2ccc(-c3csc(-c4ccc(C#N)cc4)n3)cc2)c[nH]c1=Nc1ccc(O)cc1,30.177309036254883
CCCNC(=O)Nc1ccc(-c2nc(N3CCOCC3)nc(N3C4CCC3COC4)n2)cc1,20.781604766845703
N#Cc1cccc(-c2ccc(=NC(=O)c3cccnc3-c3ccc(N)nc3)[nH]c2)c1,20.7557373046875
COc1ccc(-c2cc(-c3ccc(O)cc3)cc(-c3ccc(O)cc3)n2)cc1,11.684347152709961
Cc1cc(-c2cc(C#Cc3ccc(C#N)cc3)c3ncccc3c2)nc(C#N)n1,19.029340744018555
Cc1ccc(N=c2nc(N(C)C)[nH]c3ccc(N)cc23)cc1,17.01448631286621
Cc1cc(-c2ccc(NC(=O)c3ccccc3)cc2)ccn1,17.225082397460938
Cc1cc(C=CC(=O)C=Cc2ccc(O)cc2)cc(C=NCc2ccc(-c3nnc(-c4ccc(N)cc4)o3)cc2)c1O,32.783329010009766
CN(C)C=Nc1ccc(-c2nc3ccccc3s2)cc1,23.432361602783203
Cc1ncc(-c2cncc(-c3ccc(C(=O)NCc4cc(Cl)ccc4-n4cnnn4)cc3)c2)n1C,29.90500831604004
Nc1ccc(-c2nc3ccccc3c(=O)[nH]2)cn1,18.8416805267334
Cc1cnc2cc(-c3ccc(C#N)cc3)cc(-c3ccc(C#N)cc3)c2c1,18.74579620361328
C=c1nc(N=Cc2cc(Br)ccc2O)n(CC)c1=C,27.802722930908203
N#Cc1ccc(-c2nc(Cl)ncc2C#N)cc1,13.585592269897461
COCCCN(Cc1ccc(-c2ccccc2-c2nn[nH]n2)cc1)c1ncc(CO)cc1C(=O)O,29.290267944335938
COc1c(C)c(O)c2c(c1O)C(=O)C(=Cc1ccc(Oc3ccccc3)c(Cl)c1)CC2,33.26554870605469
CCOc1cc2nc(C)nc(Sc3nc(=N)cc[nH]3)c2cc1OC,30.996578216552734
FC(F)(F)c1ccc2[nH]c(-c3ccc(-c4cc(-c5ccccc5)cc(-c5ccc(-c6nc(Cl)nc(Cl)n6)cc5)c4)cc3)nc2c1,11.495232582092285
Nc1ccc(-c2nc(-c3ccc(N)cc3)nc(-c3ccc(N=Cc4c(O)c(C=O)c(O)c(C=O)c4O)nc3)n2)cc1,10.966423988342285
CC1CN(c2ccc(-c3nc(=N)c4cnc(-c5ccc(N)cc5)cc4[nH]3)cc2)CC(C)O1,24.114309310913086
N=C(N)c1cccc(-c2cc(-c3ccccc3)cc(-c3ccc(-c4nc(Cl)nc(Cl)n4)cc3)c2)c1,13.741313934326172
CC(=O)c1cn(Cc2ccc(-c3ccccc3C#N)cc2)c2ccc(C(=O)O)cc12,21.562076568603516
Nc1ccc(OC(=O)c2cccnc2)cc1,19.950349807739258
CC(C)(NC(=O)C=Cc1cccc(C(=N)N)c1)C(=O)O,26.609331130981445
Nc1ccc(-c2nc(-c3ccccc3)c(-c3ccccc3)o2)cc1,12.191250801086426
CSc1cc(-c2cc3c(cc(-c4ccc(Cl)cc4)n3-c3ccc(C#N)cc3)c(=O)n2-c2ccc(-c3ccc(CN(C)C)nc3)cc2)ccc1C#N,40.79724884033203
Cc1cccc2cc(CN(C)C(=O)CC=c3cnc4c(c3)CCC(=O)N=4)[nH]c12,27.665870666503906
CC(C)n1cc(C#Cc2ccc(C#N)cc2)c2c(-c3cccc(C#N)c3)nc(-c3ccc(N4CCC(O)C4)nc3)nc2c1=O,34.789676666259766
Cn1c(C#N)ccc1-c1ccc(C#N)cc1,10.395617485046387
O=c1[nH]c(-c2ccccc2)cc2[nH]c3ccccc3c12,21.26853370666504
CC1CC(CC2CCNC2)N(S(=O)(=O)c2ccc(C#N)cc2)c2ccccc21,32.56443786621094
N#CC(C#N)=Cc1ccc(O)cc1,11.01517105102539
Cc1cccc(CNC(=O)CNCc2ccc(C)cc2C)c1,26.803680419921875
Cc1ccc(-c2cc(C#N)c(-c3ccc(C#N)cc3)nc2-c2ccc(C#N)cc2)cc1,14.178572654724121
N#Cc1ccc(-c2n[nH]c3ccccc23)nc1,20.06439781188965
Cc1ccc2nc[nH]c(=NCc3ccc(NC(=O)C4CCN(Cc5ccc(F)cc5)CC4)cc3)c2c1C,29.819385528564453
CC1(C)CC(CC#N)=C(c2ccc(C#N)cc2)c2cc(NS(=O)(=O)c3ccc(C#N)cc3)ccc21,29.412988662719727
COc1ccc(C=Nc2ccc(-c3ccc(C#N)cc3)cn2)c(O)c1,14.919021606445312
Nc1ccc(N=c2nc(-c3ccc(N)nc3)[nH]c3ccccc23)cc1,16.905546188354492
Cc1cc(C#N)ccc1C#N,13.825913429260254
N#Cc1ccc(Oc2ccc(C#N)cn2)cc1,12.298151016235352
c1ccc(N=c2nc(-c3ccc(N4CCCCC4)nc3)cc[nH]2)cc1,16.801570892333984
Cc1nc(-c2ccc(-c3nc4cc(C(=N)N)ccc4[nH]3)cc2)nc(C=Nc2ccc(C(=O)O)c(O)c2)c1O,29.118181228637695
N#Cc1ccc(N2CCN(C=O)CC2CCO)nc1,23.470579147338867
Cc1cc(-c2nc(-c3ccc(F)c(C#N)c3)nc(N3CC4CC4(C(=O)O)C3)n2)ccn1,24.16326904296875
N#Cc1cc2ccccc2n2nc(-c3ccc(Cl)cc3Cl)cc12,26.23405647277832
Cc1cc(-c2ccc(C#N)cc2)ccc1-c1ccc(-c2nc(-c3ccc(N)cc3)nc(-c3ccc(N=Cc4cc(C=O)c(O)c(C=O)c4)nc3)n2)cc1,20.85490608215332
Clc1nc(Cl)nc(-c2ccc(-c3ccc(-c4cc(-c5ccccc5)nc(-c5ccncc5)n4)o3)cc2)n1,24.064559936523438
N=C(N)c1ccc(-n2ccnc2)cc1,18.978116989135742
CN(C)C(=O)c1cc2c(-c3ccccc3CO)[nH]nc2cc1O,34.378665924072266
N#Cc1ccc(-c2ccc(C#N)c(Cl)n2)nc1,14.315197944641113
CN(C)CCCOc1cc(O)c(C#N)cc1C#N,19.162508010864258
N#Cc1nc(-c2ccc(N)nc2)nc(N2CCOCC2)n1,10.095542907714844
Nc1ccc(C=CC(=O)C=Cc2ccc(-c3ccccn3)cc2)cc1,18.415142059326172
N#Cc1ccc(-c2nccc(C#N)n2)c(O)c1,15.613907814025879
COc1cc(C=C2COc3ccc([N+](=O)[O-])cc3C2=O)cc(OC)c1O,23.650714874267578
N#Cc1ccc(NC(=O)c2ccccc2Nc2ccc(-c3nc(-c4ccccc4)n(Cc4ccc(-c5ccccc5)cc4)n3)cc2)cc1,25.178937911987305
N#Cc1ccc(-c2ccc3[nH]c(=N)sc3c2)cc1,12.659346580505371
O=CN1CCN(C=Nc2nc(N3CCOCC3)nc(N3CCOCC3)n2)CC1,12.354129791259766
CS(=O)(=O)Cc1cc(C#N)cc(-c2cnc(N3CCOCC3)nc2)c1,23.955854415893555
Cc1cc(SCCN2CCOCC2)nc(-c2ccc(N)cc2)n1,18.85689353942871
Cc1nc(=NC(=O)c2ccccc2C=O)cc(-c2ccc3cccn3c2)[nH]1,30.0036678314209
Nc1ccc(-c2cccc(C(=O)NCc3ccccc3)c2)cn1,19.520973205566406
C#Cc1cc(-c2cc(-c3ccc(N)nc3)nc(-c3ccc(N)nc3)n2)ccc1C#N,13.636636734008789
CCOC(=O)c1ccc(O)c(C)c1,22.07667350769043
Cc1cccc(-c2ccc(C#N)cc2)c1,15.028290748596191
N#Cc1ccc(-c2cccc(-c3ccc(N=Cc4ccc(O)c(C=O)c4)nc3)c2)cc1,14.693263053894043
N#Cc1ccc(-n2ccc3[nH]c(=N)ncc3c2=O)cc1,16.04226303100586
C#Cc1nc(N2CCN(C)CC2)c2ccccc2n1,19.377843856811523
NC(N)=NCCCC(NC(=O)C(Cc1ccccc1)NC(=O)CNC(=O)CNC(=O)C(N)Cc1ccc(O)cc1)C(=O)NCc1ccccc1,32.62866973876953
Nc1cc(O)c(N=Cc2ccco2)cc1O,11.128435134887695
Nc1ccc(-c2csc(=NC(=S)NCc3ccccc3)[nH]2)cc1,20.30835723876953
CCc1[nH]c(=N)[nH]c(=N)c1-c1ccc(C(c2ccccc2)c2ccc(C#N)cc2)cc1,25.466684341430664
COc1nccnc1-c1cnc(C#N)nc1-c1ccc(F)cc1,25.324636459350586
O=c1cc[nH]c(SCc2cccc(F)c2F)n1,24.776987075805664
Cc1cc(=O)c2ccc(-c3ccc(C#N)cc3)cc2n1-c1ccc(C(C)C)cc1,14.858292579650879
N#Cc1ccncc1C#N,9.534753799438477
N#Cc1ccc(-n2cncc2-c2ccc(F)cc2)cc1,14.74747371673584
COc1cc2nc[nH]c(=Nc3cccc(-c4csc(C)n4)c3)c2cc1OC,19.772891998291016
N#Cc1ccc(Nc2ccc3c(c2)C(=O)c2ccccc2C3=O)c(N)c1,17.17096519470215
CN(C)c1ccc(C=Nc2cc(O)c(N=Nc3ccc(O)cc3)cc2O)cc1,16.799846649169922
N#Cc1ccc(-c2cc3nccc(-c4ccc(C(N)=O)cc4)n3n2)cc1,15.339892387390137
N#Cc1ccc(-c2ccc(C(=O)NC3CCN(c4ccc(-c5ncccn5)nn4)CC3)cc2)cc1,28.07553482055664
Nc1ccc(-c2nc(-c3ccc(N)cc3)nc(-c3ccc(-n4nnnc4-c4ccncc4)cc3)n2)cc1,14.57313060760498
CC#Cc1ccc(-c2ccc(-c3ccc(-c4ccc(N)cc4)cc3)nn2)cc1,25.199100494384766
NC(=O)c1ccccc1NC(=O)c1ccc(N)cc1,18.092952728271484
N=c1cc(-c2ccc(C(N)=O)cc2)[nH]c(-c2cccc(Nc3cccc(Cl)c3)c2)c1,30.660045623779297
CC(C)(C)C(O)CN=c1[nH]c(Cl)c(-c2ccc(N)cc2)n(CC(=O)NCC2CCCCC2)c1=O,36.34406661987305
CCn1ccc2cc(NC(=O)CN3CCOCC3)ccc21,27.076072692871094
Oc1ccc(C=Cc2cccc(O)c2)cc1,17.67548942565918
CSc1nc(=O)c(N=O)c(-c2ccc(Cl)cc2)[nH]1,18.894325256347656
N#Cc1ccc(-c2c[nH]c(=N)nc2-c2ccc(N)cc2)cc1,13.377740859985352
CCCc1nc2ccccc2c(=O)n1Cc1ccc(-c2ccccc2-c2nn[nH]n2)cc1,14.137861251831055
CC(=O)NC(C)Cc1ccc(C#Cc2cccc(C)c2C)cc1,18.228660583496094
CC(C)c1ccc(-n2c(-c3ccc(C#N)cc3)cc3c2cc(-c2ccc(C#N)c(F)c2)n3-c2ccc(C(C)C)cc2)cc1,13.56783390045166
N#Cc1c(N)c(C#N)c(-c2ccc(NS(=O)(=O)c3ccc(-c4ccccn4)cc3)cc2)c2c1CCCC2,32.776180267333984
N#Cc1ccc(-n2cnc3c(C#N)c(N)n(Cc4cccc(F)c4)c3c2=N)cc1,27.37571907043457
Cc1ccc(C(=O)C=Cc2ccc(N=[N+]=[N-])cc2)cc1,19.59181022644043
N#Cc1ccc(CCOCc2ccc(Cl)cc2)cc1,20.695913314819336
N#Cc1ccc(-c2cc3c(cc(-c4ccc(C#N)cc4)n3-c3ccc(C#N)c(C#N)c3)n2-c2ccc(C#N)cc2)cc1,11.48592472076416
Cc1cc(-c2ccc(C=C3SC(=S)NC3=O)o2)cc(C#N)c1Cl,27.77869987487793
Cc1cc(N=Nc2ccc(C=CC#N)cc2)c(S(=O)(=O)O)cc1C,25.15843963623047
Nc1ccc(-c2nc(-c3ccncc3)nc(-c3ccc(N=Cc4cc(C=O)c(O)c(C=O)c4O)nc3)n2)cc1,11.510259628295898
N#Cc1cccc(COC2C3CCN(CC3)C2C(c2ccccc2)c2ccccc2)c1,19.48740005493164
N#Cc1ccc(-c2cccc(-c3ccc(C#N)cc3)c2)cc1,8.684885025024414
CN(CC#Cc1ccc(-c2ccc(C#N)cc2)cc1)Cc1ccccc1,16.36432456970215
N#Cc1ccc(-c2ccc(-c3c(NCC(O)c4cccc(C#N)c4)c4ccccc4[nH]c3=O)cc2)cc1,19.51433563232422
CC(=O)Nc1ccc(-c2c(C#N)c(N)n(-c3ccc(C#N)cc3)c(=O)c2C#N)cc1,18.713817596435547
CCOC(=O)c1ccccc1N=c1cc(C#N)cc[nH]1,21.666189193725586
Cc1nn(Cc2ccccc2F)c(C)c1NC(=O)c1ccc(C#N)cc1,22.501338958740234
Nc1cc(=NC(=O)c2ccccn2)c2cc3c(cc2[nH]1)C(=O)CC3,27.36363410949707
N#Cc1ccc(-n2c(=O)c3cc4c(=O)n(-c5ccc(Cl)cn5)c(=O)c4cc3c2=O)cc1,13.16678524017334
CCCNC(=NC#N)NC#N,19.84661293029785
N#Cc1ccc(-c2cc3ccccc3n2-c2ccnc(C#N)n2)cc1,18.348934173583984
Cc1ccc(Cl)cc1N=c1c2ccc(Cl)cc2[nH]c2cc(C#N)ccc12,22.569976806640625
N#CC1=C(C#N)c2c1nc1ccccc1c2C#N,21.159990310668945
Cc1ccc(-c2cc(C(=O)NCCON=C(N)N)ncn2)cc1,23.990459442138672
Nc1ccc(-c2nc(-c3ccncc3)nc(-c3ccc(N=Cc4cc(C=O)c(O)c(C=O)c4O)nc3)n2)cn1,8.580248832702637
Cc1cccc2c(N)cc3c(c12)C(CCl)CN3C(=O)c1ccc(-c2ccccc2)cc1,26.17023277282715
N=c1[nH]cnc2c1c(-c1ccccc1)cn2C1OC(CO)C(O)C1O,15.645486831665039
N#Cc1cc(C#N)c2ccc3c(c2c1)C(=O)c1ccccc1C3=O,9.38790225982666
N#Cc1nc(N2CCCCC2)[nH]c(=Nc2ccc(Cl)cc2)n1,19.52208709716797
Oc1c2ccccc2c2n1CCC2,24.791996002197266
Cc1nc2ccccc2c(=O)n1-c1ccccc1,15.947591781616211
O=C(NN=Cc1ccccc1[N+](=O)[O-])c1cnccn1,19.78037452697754
N#Cc1ccc(-c2ccc(-c3ccc(N)cc3)s2)cc1,13.209245681762695
O=c1oc2ccccc2cc1-c1csc(N=Cc2ccc(O)cc2O)n1,22.012592315673828
CN1CCN(c2cc(-c3ccccn3)nc(N=c3cccc(N)[nH]3)n2)CC1,30.269624710083008
N#Cc1cccc(CN(Cc2ccccn2)C(=O)C2OC(n3ccc(=O)[nH]c3=O)C(O)C2O)n1,37.40287780761719
CCCCOC(=O)NS(=O)(=O)c1ccccc1-c1ccc(Cn2c(CC)nc3c(C)cc(NC(=O)c4ccc(-c5ccc(C#N)cc5)cc4)cc32)cc1,29.641178131103516
O=C(Nc1ccccc1)Nc1ccc(-c2cc(-c3ccccc3)cc(-c3ccc(-c4nc(Cl)nc(Cl)n4)cc3)c2)cc1,13.073415756225586
CCn1cc(C#N)c2ccccc21,15.26460075378418
CNc1nc(-c2ccc3ccccc3c2)cn2c(NC3CCCCC3)c(-c3ccc(C#N)cc3)nc12,32.81441879272461
N#Cc1c2[n+](cc3ccccc13)CCCC2,20.043615341186523
N#Cc1cc(C#N)c2ccc3c(C=O)ccc4ccc1c2c43,11.25732707977295
O=C(Nc1ccc(-n2nnc(-c3ccncc3)n2)cc1)c1ccncc1,24.51997184753418
COC(=O)CCn1c2ccc(O)cc2c2c3c(c4c5cc(C#N)ccc5[nH]c4c21)C(=O)NC3=O,28.619285583496094
N#Cc1ccc(-c2cccc(-n3nnc(-c4cccc(N)c4)n3)c2)cc1,23.486026763916016
CNC(CNC(=O)c1cc(C#N)ccc1Cl)c1cccnc1,27.23659896850586
N#Cc1ccc(-c2nc(-c3ccc(N)nc3)nc(-c3ccc(N=Cc4cc(C=O)cc(C=O)c4O)nc3)n2)cc1N,10.984908103942871
N#Cc1cccc2c3c4ccccc4cc4c3n(c12)C4,29.549072265625
ClCCCC1c2ccccc2-c2ccccc21,22.975698471069336
Cc1ncc(Cc2c(C)c3cc(F)ccc3oc2=O)cn1,26.91106605529785
COc1cc(-c2ccc3nc[nH]c(=NC4CCN(C)CC4)c3c2)cc(Cl)c1O,22.498205184936523
Nc1ccc(-c2nc(-c3ccc(N4C(=O)c5ccc6c7c(ccc(c57)C4=O)C(=O)OC6=O)cc3)nc(-c3cccc(Br)c3)n2)cc1,12.920299530029297
Cc1ccccc1-c1cc2c([nH]1)c(=O)n(C)c(=O)n2C,16.259782791137695
CNc1ccc(-c2nc(-c3ccc(N)nc3)nc(-c3ccc(N=c4cc[nH]cc4)nc3)n2)cc1,18.899436950683594
Cn1c(-c2ccc(N)cc2)c(C#N)c2cc(C#N)cc([N+](=O)[O-])c21,22.604093551635742
N#Cc1c2c(c(=O)n(-c3ccc(N)cc3)c1N)CCc1ccccc1-2,20.815988540649414
COC(=O)CNc1cccc(-c2ccc(-c3nc4cc(C(F)(F)F)ccc4[nH]3)s2)c1,25.653564453125
Cc1cc(C2=Nc3ccccc3Oc3ccccc32)c(C)c(C(C#N)C#N)c1,39.59981155395508
CCC1(CC)OCc2cc1c1c(=O)n2Cc2c-1nc1ccc(C#N)cc1c2C#N,27.987106323242188
CC1=NC2(NC1=N)c1cc(C#N)ccc1Oc1ccc(-c3ccc(C#N)cc3)cc12,14.157585144042969
Cc1nc(-c2ccc(C)c(-c3ccc(C(=O)NC(CC(=O)O)c4ccccc4)cc3)c2)no1,28.139474868774414
CC(C)C(Cc1ccc(C#N)cc1)OC(=O)c1ccc(O)cc1,27.968849182128906
O=S(=O)(NC1C2CCC1Cc1ccccc1C2)c1ccc(Cl)cc1,24.40675926208496
CC(C)=Cc1c(O)cc2c(c1O)C(=O)CC(c1ccc(O)cc1O)O2,22.019306182861328
CN1CCN(C(=O)CN2CCCC(Cc3ccc(F)cc3)C2)CC1,22.556921005249023
N#Cc1ccc(-c2cc(O)cc(-c3ccc(C#N)cc3)c2)cc1,13.165975570678711
N#Cc1ccc(-c2cc(C#N)ccc2F)nc1,15.272649765014648
Cc1ccc(N=C2C(=O)c3ccccc3C(=O)C2N2CCN(C)CC2)cc1,19.82600975036621
CNC(=O)c1ccc(-c2ccc3c(c2)Nc2ccccc2NC3=O)cc1,18.74493408203125
Cc1cc(=Nc2cc(NC(=O)c3ccc(C#N)cc3)ccc2C)[nH]c(=N)[nH]1,18.561908721923828
c1ccc(-c2nc(-c3ccncc3)nc(N3CCOCC3)n2)cc1,17.412118911743164
Cc1ccc2nc(-n3c(-c4ccc(C#N)cc4)cc4c3cc(-c3cccc(C#N)n3)n4-c3ccc(C#N)cc3)sc2c1,17.20169448852539
N#Cc1ccc(-n2c(-c3ccc(N)cc3)nc(-c3ccc(N)cc3)cc2=O)cc1,13.190404891967773
C#CCn1cc(-c2nc(-c3ccc(N)cc3)no2)c2ccccc21,24.908987045288086
N#Cc1ccc(-c2ccc3c(C#N)cn(-c4ccc(C(O)c5ccc(C(N)=O)cc5)cc4)c3c2)cc1,17.860828399658203
CSc1nc(-c2ccc(C#N)cc2)c(-c2ccc(C)cc2)n1C,15.569589614868164
N#Cc1ccc(-c2nc(-c3cc(C#N)cc4ncccc34)n[nH]2)cc1,17.219419479370117
Nc1ccc(-c2nc(-c3ccc(N)cc3)nc(-c3ccc(-c4nc5ccccc5[nH]4)cc3)n2)cc1,13.43204402923584
Cc1cc(-c2cscc2C#N)nc(=NC2CCN(C(=O)c3ccc(-c4ccc(C#N)cc4)nc3)CC2)[nH]1,27.338790893554688
N#Cc1ccc(-n2cc(-c3ccc(N)cc3)nn2)cc1,13.187451362609863
COc1ccc(Cn2c(N)c(C#N)c3c([nH]c4ccccc43)c2=O)cc1,22.37447738647461
N#Cc1ccc(-c2ccc3c(C#N)c(-c4cc[nH]c(=N)n4)n(C4CCCC4)c3c2)cc1,17.612680435180664
Nc1ccc(-c2nc(-c3ccc(N4C(=O)c5ccc6c7c(ccc(c57)C4=O)C(=O)OC6=O)cc3)nc(-c3cccc(N)c3)n2)cc1,10.55733585357666
O=c1c2[nH]c3ccccc3c2ncn1-c1cccc(CO)c1,19.38327407836914
N#CCCc1nc(C#N)nc(-c2ccc(N)nc2)n1,14.671343803405762
Cn1cc(C#N)c(-c2cccc(C#N)c2)c1,17.57677459716797
CC(C)c1cc(C#N)cc2nc3c(C#N)cc(C#N)cn3c12,22.096437454223633
N#Cc1ccc(-c2ccc(C(=O)N=c3cnc(C#N)c[nH]3)cn2)cc1,17.470809936523438
Cc1nc(Oc2cc(C#N)ccc2C)nc(-c2c(-c3ccc4c(c3)NC(=O)C(C)O4)cc(C#N)c(=O)n2C)n1,29.986116409301758
CN(C)c1ncc(-c2nc(-c3ccc(F)cc3)c(-c3cnn(-c4ccccc4)c3)n2C)cn1,29.224403381347656
N=c1[nH]c2ccccc2c2ccc(N)cc12,20.028392791748047
CC(O)(CO)c1ccc(-c2ccc(C#N)cn2)nc1,19.143739700317383
CN1CCN(c2ccc(-c3nc(-c4ccc(N)nc4)nc(-c4ccccn4)n3)cn2)CC1,18.34430503845215
Cc1ccc(C2=NNC3(S2)C(=O)Nc2ccccc23)cc1,20.0496768951416
Cc1ccc(-n2nc(-c3ccc(-c4cccc(-c5nc6ccccc6[nH]5)c4)cc3)nc2-c2ccc(N)cc2)cc1,30.374691009521484
N#CCc1nc(C#N)cs1,18.44131088256836
C#Cc1cnc(-n2nc(C)c(C(C)=O)c2C)nc1OC,30.85648536682129
C#Cc1ccc(N2C(=O)c3cc(=N)[nH]c(C)c3C2=O)nc1,22.312864303588867
Cc1ccc2nc(-n3nc(-c4ccc(N=Cc5ccc(-c6ccccn6)nc5)cc4)nc3-c3ccc(N)cc3)sc2c1,22.08992576599121
N#Cc1ccc(C=NN=c2cc[nH]c3cc(Cl)ccc23)cc1,14.102985382080078
Cn1c(C#N)ccc1-c1ccc(F)c2c1CCN(Cc1ccccc1-c1ccc(C#N)nc1)C2,36.76902389526367
C#Cc1cc(-c2ccc(C#N)cc2)ccc1O,12.86540412902832
N#Cc1ccc(-c2nc(-c3ccc(N4C(=O)c5cccc6cccc(c56)C4=O)cc3)nc(-c3ccc(N)nc3)n2)cc1,10.51120376586914
Nc1ccc(-c2[nH]c(-n3c(=O)c4cc5c(=O)oc(=O)c5cc4c3=O)nc2-c2ccc(Cl)cc2)cc1,16.10538673400879
Cc1ccc(-n2nc(C(=O)N=c3cc(-c4ccc(C#N)cc4)[nH]c4ccccc34)c3ccccc3c2=O)cc1,23.81005859375
CC(C)c1ccc2cc(-c3ccc(N)cc3)c(C#N)c(-c3ccc(C#N)cc3)c2c1,27.8810977935791
NC(=O)c1ccc(-n2c(-c3ccc(Cl)cc3)nc3cc4c(cc3c2=O)OCO4)cc1,18.158723831176758
O=Nc1c(O)ccc2c1C(=O)c1ccccc1C2=O,17.646230697631836
CC(C)=Cc1c(O)ccc2c1OC(c1cc(CC=O)c(O)c(O)c1O)CC2=O,41.17337417602539
COc1cc(-c2ccc(C#N)cn2)cc([N+](=O)[O-])c1,26.111387252807617
N#Cc1ccc2[nH]c(-c3ccc(-c4cc(-c5ccccc5)nc(-c5ccc(N)cc5)n4)cc3)nc2c1,19.496614456176758
CC(C)N(C(=NO)c1ccccc1)C(C)C,23.305057525634766
CCNC(C#N)c1ccc(-n2cc(C#N)c3c(C#N)cc(-c4ccc(C#N)cc4)cc32)cc1,25.758508682250977
Cc1nc(-c2cccc(N3CCCC3)n2)co1,22.792940139770508
N#Cc1cnc(N)c(C#N)c1Cl,9.772014617919922
N#Cc1cncc(-c2cc(C#N)c(=O)n(COC(CO)CO)c2)c1,20.569807052612305
N#Cc1ccc(-c2ccc3c(c2)C(=O)N(Cc2ccccn2)CCO3)cc1F,15.573967933654785
O=c1c2sc3ccccc3c2n(Cc2ccccc2)c(=O)n1-c1ccccc1,17.697025299072266
CCCCn1c(CC(=O)Nc2ccc(F)cc2)c(O)n(-c2ccc(Br)cc2)c1=S,25.310190200805664
CN1CN(CCO)C2(CCN(C(=O)c3ccc4[nH]ccc4c3)CC2)C1=O,36.27337646484375
N#Cc1ccc(=NC(=O)CC2CCCCC2)[nH]c1,20.939725875854492
Cc1ccc(C=CC(=O)c2cc3ccccc3oc2=O)cc1,20.87823486328125
N#Cc1ccc(NN=Cc2nc(-c3ccc(-c4ccc(-c5ccc(C#N)cc5)cc4)cn3)cc[n+]2-c2n[nH]c(-c3ccccc3)nc2=N)cc1,28.420429229736328
Nc1ccc(CN2CCc3ccccc3C2)cc1,16.69143295288086
COc1cccc(-c2cc3ncc(-c4ccc(C(=O)N(C)C)cc4)n3nc2-c2ccc(C#N)cc2)n1,27.999675750732422
Cc1cc(-c2c(F)cc3c(=O)c(C#N)cn(-c4c[nH]c(=N)cn4)c3c2F)cc(C)n1,19.545080184936523
Cc1snnc1C(=O)N(c1ccccc1)C(C(=O)NC1CCCC1)c1ccc(C#N)cc1,28.878427505493164
N#Cc1cccc(-c2ccc(-c3nc(-c4ccc(N)cc4O)nc(-c4ccc(C#N)cc4O)n3)cc2)c1,26.08159637451172
N#Cc1ccc(Cl)nc1,11.600136756896973
N#Cc1ccc(-c2ccc(-c3csc(=N)[nH]3)cc2)cc1,13.81922721862793
N#Cc1ccc(-c2ccc(N)c(C#N)c2)cc1,11.054781913757324
Cc1ccc(CN)c2ccccc12,18.848459243774414
CC(=NN)c1ccc(N2C(=O)c3ccccc3C2=O)cc1,21.580188751220703
N=C(N)c1cccc(-c2ccc(NC(=N)c3ccsc3)cc2)c1,25.88776397705078
CC(=O)c1ccccc1C#N,17.01911735534668
NS(=O)(=O)c1ccc(NC(=S)N2CCN(C=O)CC2)cc1,19.26822853088379
COc1cc(-c2nc(=Nc3ccccc3C#N)c3ccccc3[nH]2)cc(OC)c1OC,25.4118595123291
N#Cc1c(N=Cc2cc(O)ccc2O)sc2c1CCCCC2,15.013734817504883
N#Cc1ccc(COc2ccc(-c3ccc(-c4csc(CC(=O)O)n4)cc3)cc2)cc1,19.223024368286133
Cc1ccc(-c2ccn(-c3ccc(-c4nc(-c5ccc(N)cc5)nc(-c5ccc(N)cc5)n4)cc3)c(=O)n2)c(C)c1,18.786428451538086
CN1C(=O)CC2(CC(=O)c3cc(C#N)ccc3N2)N=C1N,20.589019775390625
N#Cc1ccc(-n2[nH]c(=O)c3ccccc3c2=O)cc1,13.941097259521484
Cc1cc(C#N)c2cc(-c3ccc(C#N)cc3)n(-c3ccc(C#N)cc3)c2c1,18.362361907958984
N#Cc1ccc(C#N)c(-c2ccc(-c3ccc(C=O)cc3)nc2)c1,19.47791290283203
Cc1ccc2c3c(oc2c1)C(=NO)c1ccccc1-3,29.265384674072266
Nc1ccc(-c2nc(-c3ccc(O)cc3)n[nH]2)cc1,18.235103607177734
Cc1ccc(S(=O)(=O)n2nc(-c3ccc(C#N)cc3)nc2-c2ccc(C=Nn3nc(-c4ccccc4)c(C#N)c3N)c(C#N)n2)cc1,35.19501876831055
CC(=O)c1c(O)c(C=O)c(O)c(Cc2c(O)c(C=O)c(C)c(Cl)c2C(C)C)c1O,30.828535079956055
COc1ccc(C=O)cc1COc1cc(C)cc(C)c1,20.023395538330078
CC[N+](CC)(CC)CC(C)C,21.357803344726562
O=C(c1ccc(Cl)cc1)c1c(O)[nH]c(=O)n(-c2ccccc2)c1=O,18.475231170654297
COc1ccc(C2=C3C(=O)CC(O)C(C#N)(C(=N)C2C#N)C3c2ccc(Cl)cc2)cc1,43.26218032836914
Cc1cccc(N2CC3(CCN(C(=O)Oc4ccc(C(C)C)cc4)C3)CC2=O)c1,31.755599975585938
N#Cc1ccncc1,10.002215385437012
COc1ccc(C(=O)C=Cc2ccc(-c3ccccc3)cc2)cc1,18.509986877441406
Cc1cc(C)c(C#N)c(SCc2ccco2)n1,20.983116149902344
N#Cc1cccc(C(F)(F)F)c1,11.76142406463623
Cc1cccnc1-c1ccc(N)nc1,14.169716835021973
N#Cc1ccc(Sc2cc(C#N)ccc2F)cc1,17.39616584777832
Cc1cccn2c(-c3ccc(C#N)cc3)c(-c3ccc(C(=N)N)cc3)nc12,25.966073989868164
Nc1ccc(-c2nc(-c3ccc(O)cc3)nc(-c3ccc(N4C(=O)c5ccc6c7c(ccc(c57)C4=O)C(=O)OC6=O)cc3)n2)cc1,10.037357330322266
Cc1ccc(-n2cc(C(O)Nc3ccc(-c4nc5ccc(C)cc5s4)cc3)cc2O)cc1,22.658754348754883
CC(=O)c1ccc(-c2cnc3c(=Nc4ccc(C#N)cc4)[nH]c(C#N)cn23)cc1,21.601911544799805
Cn1cc(C#N)c(-c2ccccn2)cc1=O,18.471954345703125
Cc1ccc2nc(-n3c(-c4ccc(C#N)cc4)cc4c3cc(-c3ccc(C#N)cc3)n4-c3nc4ccc(C#N)cc4s3)sc2c1,9.880462646484375
Nc1ccc(-c2n[nH]c(=S)n2N=Cc2ccc(O)cc2)cc1,19.39516830444336
NCCCCNCCCN,15.245620727539062
N#Cc1c(N)c2c(-c3ccc(N)cc3)cc(-c3ccncc3)nc2oc1=O,24.04227066040039
Cc1ncc(-c2cnc(=Nc3ccc4cn(C)nc4c3)[nH]c2)cn1,27.914661407470703
Cn1c(NCc2ccc(-c3ccccc3C#N)cc2)cc(=O)n(C)c1=O,19.068302154541016
COc1ccc(C#N)cc1C#N,13.880857467651367
Cc1cc(C)n(-c2nc(-c3ccc(N)cc3)nc(-c3ccc(N)cc3)n2)n1,12.700966835021973
CC(C(=O)Nc1ccc(-n2cncn2)cc1)c1ccc(CCC(C)(C)C)cc1,27.78498077392578
O=C1NC(=O)C(=Cc2ccc(O)c(O)c2)S1,14.330340385437012
CC(C)c1ccc(-c2nc(N(C)C)ncc2-c2cc3c(cc2Cl)OC(F)(F)O3)cc1,32.44624328613281
CSc1ccc(-n2cc(C(O)Nc3ccc(C#N)cc3)cc2O)cc1,23.839242935180664
Cc1ccc(-c2noc(Cn3ccnc3)n2)cc1,16.86515235900879
O=C(O)C1CCN(C(=O)C(Cc2ccc(O)cc2)NS(=O)(=O)c2ccc3ccccc3c2)CC1,29.347091674804688
C=CCOc1cc2nc[nH]c(=Nc3cc(C(=O)N=c4cc(C(C)C)cc[nH]4)ccc3C)c2cc1NC(C)=O,35.704193115234375
C#Cc1ccc(C#N)cn1,15.423274993896484
NCCCC(=O)N=c1[nH]c(-c2ccc(N)nc2)nc2cc(-c3ccncc3)ccc12,29.831335067749023
N#Cc1ccc2c(c1)C(=O)c1ccncc1C2=O,15.35838794708252
CC(C)c1ccc(-c2nc(-c3ccc(C#N)cc3)cc3c2c(C#N)c(-c2ccc(C(C)C)cc2)n3-c2ccc(C(C)C)cc2)cc1,21.944475173950195
Cn1c(-c2ccc(N)nc2)nc2ccc(N)cc2c1=O,15.454084396362305
O=C(NC(C(=O)O)C(=O)O)c1ccc(-c2ccc(NS(=O)(=O)c3ccc4ccccc4c3)c(F)c2)cc1,37.05952072143555
COc1ccc(-c2nnc(-c3ccc(N)cc3)nc2-c2ccc(OC)cc2)cc1,13.998807907104492
Cc1nc(-c2ccc(C#N)cc2)nc(-c2ccc(N)nc2)n1,11.149323463439941
N#Cc1ccc(-c2nc3ccccc3n2-c2ccc(C#N)nc2)cc1,20.03820037841797
CN=c1ccc(-c2nccc(-c3ccc(N)cc3)n2)c[nH]1,21.054662704467773
N#Cc1ccc(C(=O)N2CCN(c3ccccc3F)CC2)cc1,16.945159912109375
Cn1c(CO)c(-c2cccc(Cl)c2)cc(C#N)c1=O,17.629993438720703
N#Cc1ccc(-c2ccccc2C#N)cc1,8.106925010681152
N=C(N)N1CCc2ccccc2C1,17.540449142456055
CCCNc1ccc(-c2cc(-c3ccc(C#N)cc3)cc(-c3ccc(N=c4cc[nH]c5cc(Cl)ccc45)cc3)n2)cc1,27.044281005859375
COc1cc(-c2ccc(C)n2-c2ccc(C(=O)O)cc2)cc(OC)c1OC,18.203977584838867
CC1(C)CN(c2ccc(C#Cc3ccc(=N)[nH]n3)cn2)C(=O)O1,18.859743118286133
COc1ccc(C#N)cc1-c1cnc2nc(=N)[nH]cc2c1,16.901519775390625
CCCC(=O)C=CC=CC#CC#CC#CC#N,19.96538734436035
Cc1ccc(-c2cc(-c3ccc(-c4nc(Cl)nc(Cl)n4)cc3)cc(-c3ccc(C)cc3O)c2)cc1,18.0448055267334
CC(=O)c1ccc(N2CCN(S(=O)(=O)c3ccc4c(c3)n(C)c(=O)c(=O)n4C)CC2)cc1,22.007598876953125
Nc1ccc(-c2nc(-c3ccc(-c4cc(-c5ccccc5)cc(-c5ccc(-c6nc(Cl)nc(Cl)n6)cc5)c4)cc3)nc(-c3cccnc3)n2)cc1,14.363996505737305
COc1cccc(-c2nc(-c3ccc(N)nc3)nc(-c3cccc(C=CC(O)=NO)c3)n2)n1,27.43364143371582
N=c1nc(-c2ccc(N)nc2)nc(-c2ccc(N)nc2)[nH]1,10.330360412597656
N#Cc1ccc2c(c1)Cc1ccccc1-2,14.88708782196045
Cc1ccc(-c2ccc(S(=O)(=O)NC3(C(O)=NO)CCOCC3)cc2)cc1,22.34469985961914
N#Cc1ccc(-c2ccc3[nH]c(-c4nccs4)nc3c2)nc1,28.456430435180664
N#Cc1ccc(-c2cc(C#N)c(C#N)c(-c3ccc(C#N)cc3)n2)cc1,15.538216590881348
Cc1nc(C(C)NC(=O)c2ccc(-c3ccc(C#N)cn3)cc2)ccc1C#N,21.986042022705078
Cc1sc2ncn(-c3ccc(C#N)cc3)c(=O)c2c1C,14.573494911193848
Cc1ncn(-c2nc(-c3ccccn3)[nH]c(=NCc3ccc(N)cc3)n2)n1,27.79364776611328
O=C(Oc1cc(-c2ccc(O)cc2)cc(-c2cccc(O)c2)c1)c1ccc(O)c(O)c1,24.44773292541504
Nc1ccc2nc[nH]c(=Nc3cccc(O)c3)c2c1,13.667274475097656
CN(C)c1ncc(-c2nc(N3CCN(c4ccc(C#N)cn4)CC3)ncc2-c2ccc(C#N)cn2)cn1,19.689775466918945
Cc1ccc(-c2nc(-c3ccc(N)cc3)nc(-c3ccc(N4C(=O)c5ccc6c7c(ccc(c57)C4=O)C(=O)OC6=O)cc3)n2)cc1,8.610350608825684
N#Cc1ccc2nncnc2c1,17.40001678466797
CN1CCN(c2ncc(-c3ccc4[nH]c(=NC(=O)N5CCN(c6cc(-c7ccccc7)ccn6)CC5)n(-c5ccc(C#N)cc5F)c4c3)cn2)CC1,41.82759475708008
N#Cc1ccc(OC(=O)c2ccc(N)cc2)cc1,17.86191177368164
N#Cc1cc(C#N)c2nc(-c3ccc(C(=O)NCC(=O)O)cc3)cn2c1,22.82766342163086
CC(C)C(C#N)(C[N+](C)(C)C)C(C)C,25.638227462768555
CC(=O)n1c2ccccc2c2ncc(C#N)cc21,28.399805068969727
N#Cc1cccc(-c2ccc(-c3ccc(C(=O)N=c4cccc[nH]4)cc3)cn2)n1,19.426441192626953
Nc1ccc(-c2ccnc(N3CCOCC3)n2)cn1,9.541983604431152
N#Cc1ccc(-n2c(=O)c3cc4c(=O)n(-c5ccc(N)cc5)c(=O)c4cc3c2=O)cc1,10.185351371765137
N#Cc1ccc(-c2nc(N3CCCCC3)c3sccc3n2)cc1,28.43440055847168
CNc1nc2c(nc1C#N)c(=O)c(C#N)c1ccccn12,28.508541107177734
Nc1cc(CC2CCSC2=O)ccc1O,27.13294219970703
N#Cc1ccc(-c2cn(-c3ccc(C#N)cc3)c3ncnc(-c4ccc(C#N)cc4)c23)cc1,17.856456756591797
Nc1ccc(-c2nc(-c3ccc(N)cc3)nc(-c3ccc4oc(-c5ccccc5Br)cc4c3)n2)cc1,29.011577606201172
Nc1cccc(C(=O)Nc2ccc(-c3cc(-c4ccccc4)cc(-c4ccccc4)n3)cc2)c1,20.4368839263916
Cc1oc2ccc(C#N)cc2c(=O)c1C=Nc1ccc(C#N)cc1,24.02472686767578
CC(OC(=O)N1C=C(C=O)c2c(nc(-c3ccc(N)cc3)nc2-c2ccc(F)cc2)C1)c1ccccc1,41.768672943115234
Nc1ccc(C=Cc2ccncc2)cc1,13.110368728637695
N#Cc1ccc(-n2nnc(-c3ccc(N)cc3)n2)cc1,11.242093086242676
O=c1c(N=Nc2ccc(-c3nn(Cc4ccccc4)c(=S)[nH]3)cc2)c(O)oc2cc(O)ccc12,34.84587097167969
CC1(C)CCc2cc(CN3CC(CO)OC(n4cc(C#N)c(=O)nc4Oc4cccc(C#N)c4)C3)ccc2O1,35.63045120239258
CC1(C)Oc2ccccc2C(NC(=O)Nc2ccccc2)C1O,22.169889450073242
Cc1ccc(N=c2[nH]cnc(N)c2N=O)cc1C#N,25.871347427368164
Nc1ccc(-c2nc3cc(O)ccc3c(=O)o2)cc1,15.457399368286133
O=C(C=Cc1cccc(O)c1)C=Cc1ccccc1O,20.265106201171875
Nc1cc(-c2cc(-c3ccc4c(c3)OCO4)nc(-c3cccnc3)n2)cs1,27.529088973999023
Cc1cn(Cc2c(F)cccc2F)c(=O)c2ccccc12,22.121320724487305
CC(=O)c1ccc(Br)cn1,21.883480072021484
CC12CCC3c4ccc(O)cc4CC(C=NCC(=O)NC(Cc4ccccc4)C(=O)O)C3C1CCC2O,37.6000862121582
N#Cc1cccc(O)c1,9.63560676574707
NS(=O)(=O)c1ccc(CN=Cc2ccc(O)cc2)cc1,18.252471923828125
COc1cc(-c2cc[nH]c(=Nc3cc(NC(C)=O)c(C)cc3C)n2)ccc1O,31.3671817779541
COCc1n[nH]c(=NC(O)c2cc(O)n(-c3ccc(C)cc3)c2)s1,20.99748420715332
N#Cc1ccc(-c2ccc(C(=O)NCc3ccc(C(N)=O)cc3Cl)c(C(F)(F)F)n2)nc1,27.04646873474121
Cc1cccc(C=Nc2ccc(-c3nc(-c4ccc(N)cc4)nc(-c4ccc(N5CCN(C)CC5)cc4)n3)cc2)n1,22.31728744506836
NC(=O)c1ccc(-n2ncc3cc(F)c(Cl)cc32)cc1N,25.24530601501465
CC(=O)Nc1ccc(-c2cccc(-c3ccc(C#N)cc3)c2)cc1,19.593008041381836
Cc1cc(C=C2CC(Cc3ccc(C#N)cc3)n3c2cc2cc(N(C)C)ccc2c3=O)no1,30.740610122680664
COC(=O)c1ccc(-c2cnc3cnc(-c4ccc(C#N)cc4)cn23)cc1,14.779752731323242
NS(=O)(=O)c1ccc(N=Nc2c(O)[nH]c(=S)n(-c3ccccc3)c2=O)cc1,18.43963623046875
N#Cc1ccc(-c2ccc3c(c2)CCN(C=O)C3=O)cc1,17.57813835144043
Cc1ccc(C(=O)c2c(N)sc(-c3ccc(C#N)cc3)c2Cc2ccc(C#N)cc2)cc1,18.840579986572266
N#Cc1cc(-c2nc(-c3ccc(N)cc3)nc(-c3ccccc3F)n2)c(O)cc1O,24.12404441833496
Cc1nc2ccc(-c3ccnc4cc(-c5ccc(NC(=O)COc6ccc7ccc(=O)oc7c6)cc5)[nH]c34)cc2nc1C,44.473243713378906
Cn1c(SCc2ccc([N+](=O)[O-])cc2)nc(N)cc1=O,18.542993545532227
N#Cc1ccc(-c2cc(-c3nccc4ccccc34)ncc2-c2cccc(C(=O)O)c2)cc1,38.00896072387695
Cc1cc(-c2cc(C#N)nc3cc(-c4ccc(N(C)C)nc4)ccc23)ccn1,23.731184005737305
Cc1ccc(-c2cc(N)ncc2-c2ccc(N)cc2)cc1,16.173917770385742
CCNC(=O)N=c1[nH]c(-c2ccc(NS(C)(=O)=O)cc2)cn2c(-c3ccc(N)cc3)cnc12,31.038883209228516
O=c1oc2c(CN3CCOCC3)c(O)ccc2cc1-c1ccc(O)cc1,19.528976440429688
N#Cc1ccc(OCCNC(CO)(CO)CO)cc1,22.765897750854492
N#Cc1ccc(-c2ccc3c(c2)c(C#N)cn3-c2ccc(C(N)=O)cc2N)cc1,18.289804458618164
CSc1nc2nc(-c3ccncc3)nc(N3CCOCC3)c2s1,19.51368522644043
CC(C)(C(=O)Nc1ccccc1C#N)n1cnc(-c2ccc(N)nc2)c1-c1ccc(F)cc1,32.2078971862793
COc1ccc(-c2ccc3c(c2)CN(C(=O)c2ccc(C#N)cn2)C(C(N)=O)C(c2ccc(C#N)cc2)=N3)cn1,33.024356842041016
O=C1C=Cc2c1ccc1ccccc21,15.263589859008789
CC(=O)NCC(C)NCc1ccc(-c2cccc(-c3nc4cc(C(F)(F)F)ccc4[nH]3)c2)cc1,26.423078536987305
O=C1Nc2ccccc2C1=O,15.330071449279785
Cc1ccc(S(=O)(=O)Nc2ccc3c(c2)c(=O)[nH]c2ccccc23)cc1,22.749807357788086
NC(=O)c1cnn2ccc(N3CCCC3c3cncc(F)c3)nc12,20.615163803100586
N#Cc1ccc(-c2nc(-c3ccc(-c4ccc(C(N)=O)cc4)cc3)nn2Cc2ccccc2)cc1,21.875
CC(C)c1ccc(-c2cc(-c3ccccc3)cc(-c3ccc(-c4nc(Cl)nc(Cl)n4)cc3)c2)cc1,9.416742324829102
N=c1c2c([nH]c3ccc(O)cc13)-c1ccccc1C2,19.295568466186523
O=S(=O)(Nc1cc(O)c(N=Cc2cccnc2)cc1O)c1cccc(Br)c1,20.401004791259766
N#Cc1cccc(-c2cc(Cc3sc(=O)[nH]c3O)ccc2O)c1,21.687623977661133
Cc1ccc(-c2nc(-c3ccc(N)cc3)nc(-c3cccc(-c4ccc(C#N)cc4)c3)n2)cn1,15.164237976074219
Cc1cccc(CSc2ncnc3c2nc(N(C)C)n3C)c1,28.62920379638672
COc1cccc(N=c2nc(-c3ccc(N4CCC(O)C4)c(C#N)n3)cc[nH]2)c1,25.638158798217773
Nc1ccc(-c2cccc(-c3ccc(N)nc3)n2)cc1,9.990449905395508
NC(=O)c1cnc2cc(F)c(F)cc2c1Cl,26.322389602661133
N=C(N)N=c1[nH]c(-c2ccc(N)cc2)cs1,16.464685440063477
N#Cc1ccc(-c2cnc3ncc4c(O)n(-c5ccc(-c6ccoc6)cc5)c(=O)n4c3c2)cc1,20.391496658325195
N#Cc1ccc(-c2cccc(F)c2)cc1,10.09706974029541
N#Cc1ccc(Oc2cc(C#N)ccc2C#N)cc1,15.247330665588379
ON=Cc1cc[n+](-c2nc(Cl)nc(Cl)n2)cc1,9.454727172851562
N#Cc1ccc(-c2cc(-c3cccc(C#N)c3)cc(-c3ccc(N=Cc4cc(C=O)c(O)c(C=O)c4O)nc3)n2)cc1,18.240137100219727
C=c1c(=Cc2sc(=O)n(C)c2O)cc(C)n1-c1ccc(C#N)cc1,15.560686111450195
CN1CCN(C(=O)c2ccc(Cl)c([N+](=O)[O-])c2)CC1,22.63669204711914
Cc1ccc2c(c1)N(CC#N)C(=O)C(C)O2,20.08643913269043
CC(=O)N=c1cc(-c2ccc3c(c2)OCO3)nc[nH]1,20.01191520690918
N#Cc1ccc(-c2cc(-c3ccc(C#N)cc3)n(-c3nc(-c4ccc(N)cc4)nc(-c4ccc(N)cc4)n3)n2)cc1,14.667567253112793
C=c1cc(C)[nH]c1=Cc1cccc2c(C#N)cc(C#N)cc12,15.399166107177734
Nc1ccc(-c2nnc(-c3ccc(-c4nc(-c5ccc(F)cc5O)no4)cc3)o2)cc1,23.828392028808594
O=C1C(Cl)=C(c2ccccc2)C(=O)c2ccccc21,18.611995697021484
Cc1ccc(-c2ccc(C#N)cc2)n1-c1ccc(C#N)cc1,10.951233863830566
N#Cc1ccc(Cn2nnc(-c3ccc(N)cc3)n2)cc1,14.654059410095215
N#Cc1ccc(-c2ccc(S(=O)(=O)NC3(C(=O)O)Cc4ccc(C#N)cc4C3)cc2)cc1,20.09389877319336
COc1cccc(N(CC(=O)NCCc2ccc(C)cc2)S(C)(=O)=O)c1,24.419897079467773
Cc1c(C(N)=O)nnn1-c1ccc(-c2ccc(N=c3[nH]c4ccccc4s3)cc2)cc1,25.047405242919922
CC1(C)N=C(N)N=C(N)N1OCCc1ccc(N=C(N)N)cc1,20.50343132019043
Cn1c2ccccc2c2c3c(c4c5ccc(O)cc5n(C)c4c21)C(=O)NC3=O,24.005271911621094
O=C1c2ccccc2CN1N=Cc1ccc2ccccc2c1,24.361854553222656
CCCCc1nc(-c2ccc([N+](=O)[O-])cc2)c(C(=O)O)n1Cc1ccc(-c2cccc(N)c2)cc1,27.943838119506836
Cc1cn(-c2nc(Cc3c[nH]c4ccccc34)nc(-c3ccc(-c4ccnc(-c5ccc(N6CCOCC6)cc5)n4)cc3N)n2)cn1,35.46106719970703
Cn1cc(-c2cc(C(N)=O)c3ccc4c(c3c2)Cc2ccccc2-4)cn1,23.71074676513672
Cc1cc(-c2ccc(C#N)cn2)cnc1-c1cccc(C#N)n1,17.418628692626953
CCC(=O)Nc1ccc(C#N)nc1,19.907766342163086
CC(C)c1ccc(C2=CCC3C4CCC5=CC(=O)CCC5(C)C4CCC23C)cc1Br,29.787311553955078
Cc1nc(-c2ccc(-c3nc(-c4ccc(N)cc4)nc(-c4ccc(N=Cc5cc(C=O)c(O)c(C=O)c5O)nc4)n3)cc2)cs1,15.887537956237793
NC(=O)c1ccc2c(-c3ccc(N)nc3)cc(-c3ccc(N4CCOCC4)nc3)cc2c1,23.06632423400879
CN1CCN(c2nccc(-c3cccc(C#N)c3)n2)CC1,16.389001846313477
NC(N)=Nc1ccc(OCc2cc[n+]([O-])cc2)cn1,29.19228172302246
COC(=O)c1sc(N=c2nc(-c3ccc(N)cc3)cc[nH]2)nc1C,24.151466369628906
N#Cc1ccc(-c2ccc3ncnc(-n4cc(-c5cncnc5)nn4)c3c2)cc1,21.143741607666016
Nc1ccc(-c2nc3ccncc3o2)cc1,17.418745040893555
CC(Nc1ccc(Cl)cc1C(=O)c1ccc(O)cc1)C(O)CNC(C)(C)C,30.245973587036133
O=C(Nc1ccc(C2=NCCN2)cc1)c1cccc(-c2ccc(Oc3ccccc3)cc2)n1,24.37836456298828
Cc1cc(N)[nH]c(=Nc2ccc(N)cc2)c1C#N,18.05255126953125
N#CC=C(C#N)c1cccc(C#N)c1,15.371197700500488
CCCC(C(=O)Oc1cc2oc(-c3ccc(O)cc3)cc(=O)c2c(O)c1O)C(C)C,31.457775115966797
COC(c1ccc(C#N)cc1)C(Cc1ccc(C#N)cc1)(C(=O)O)c1ccc(-c2ccc(C#N)cn2)nc1,36.77351379394531
N#Cc1ccc2[nH]c(-c3ccc(-c4ccc(CN5CCC(CCN6CCNCC6)CC5)cc4)cc3)nc2c1,21.04681396484375
Cc1cnc(=Nc2nccc(-c3ccc(N)nc3)n2)[nH]c1,17.11249351501465
N#Cc1ccc(-c2nnc3n2-c2cccnc2Nc2ccccc2-3)cc1,16.22698402404785
Nc1ccc(-c2cc(C(F)(F)F)nn2-c2ccc(S(N)(=O)=O)cc2)cc1,17.116466522216797
N#Cc1ccc(-n2c(C=Cc3ccc([N+](=O)[O-])s3)nc3ccccc3c2=O)cc1,20.46401023864746
O=c1[nH]c2ccccc2c2ccccc12,18.943782806396484
N#Cc1ccc(-c2cc[nH]c(=Nc3nc4c(c(N5CCC(C#N)CC5)n3)CCN(C=O)C4)n2)cc1C#N,35.072296142578125
Cc1c(Cc2ccc(C#N)cc2)c(-c2ccc(C#N)cc2)nc2ccc(C#N)cc12,19.52396583557129
Cc1cccc(N=c2[nH]cnc3cc(N)ccc23)c1,17.24462890625
COc1cc(C=C(C#N)C(=O)NCCc2ccc(C#N)cc2)ccc1O,21.863788604736328
Cn1c(N=CN2CCN(C=O)CC2)nc2c(Cl)nc(Cl)nc21,18.873868942260742
N#Cc1cc(C#N)c2ccccc2c1C#N,12.452009201049805
CS(=O)(=O)N1CC2(CCN(c3cc(F)c(-c4nc(-c5ccccc5)nc(-c5ccnc(N)c5)n4)cn3)CC2)c2ccccc21,37.98796081542969
CN1CCN(c2nc3ccc(F)cc3cc2C#N)CC1,19.63953399658203
N#Cc1ccc(-c2ccc(COCc3cccc(C#N)c3)cn2)cc1,17.21546173095703
NC(N)=NC(=O)Cn1c(-c2ccccc2)ccc1-c1ccc(C=O)cc1,14.69636344909668
Cc1ccc(-c2nc(=NCc3ccccc3)nc(C)[nH]2)c(C)n1,21.842058181762695
CN1C(=O)N(c2ccc(C#N)cn2)C2=C(C(=O)CC2)C1c1ccc(C#N)cc1Cl,20.48149871826172
CN(C)c1ccc(C=C(C#N)c2cccc(C#N)c2)cc1,19.70848274230957
COc1ccc(CN(C)C)cc1-c1ccc(CC2NC(=O)c3ccccc3N(C)C2=O)cc1,28.643638610839844
CN1C(=Cc2ccc(N(C)C)cc2)C(=O)NC1=Nc1cccc(O)c1,19.57822036743164
Cc1ccc(-c2nn(-c3ccc(C)cc3)cc2C=Nn2c(-c3ccncc3)n[nH]c2=S)cc1,21.834035873413086
CC1(C)OC(=O)N(c2ncc(-c3ccncc3)cn2)C1c1ccc(O)cc1,25.233388900756836
N#Cc1ccc(-n2c(=O)c3cc4c(=O)n(-c5ccc(F)cc5)c(=O)c4cc3c2=O)cc1,11.209908485412598
N#Cc1ccc(NC(=O)C2CCCN2C(=O)C(NC(=O)Oc2ccccc2)c2ccccc2)cc1,31.71063232421875
CC(C)(C)CC(N)C(=O)NC(Cc1ccc(-c2ccccc2)cc1)C(N)=O,25.588703155517578
CN1CCc2c1c1cc(Cl)ccc1[nH]c2=N,25.421632766723633
N=c1nc(C=O)cc[nH]1,19.235004425048828
N#Cc1cccc([N+](=O)[O-])c1,14.564386367797852
COc1ccc(-c2c(Cl)nc(-c3ccc(N4C(=O)c5ccc6c7c(ccc(c57)C4=O)C(=O)OC6=O)cc3)n2Cc2ccc(C#N)cc2)cc1,25.9921932220459
Nc1ccc(C(=O)OCC2SCC3NC(=O)NC32)cc1,24.223064422607422
CCn1cc[n+](-c2nc(C)cc(-c3cccs3)n2)c1,25.913127899169922
CC=CC=CC(O)C=CC=CC=CC(O)C1(CCCCC)CC(C)C(=O)O1,45.50266647338867
O=C(N=CCCc1ccccc1)c1cccnc1,22.83306312561035
O=Cc1ccc(-c2cc(-c3ccccc3)c(-c3ccccc3)cn2)cc1,15.217490196228027
Cn1c(C#N)cc(=O)c(F)c1N,18.286725997924805
Nc1cc(=O)[nH]c(=S)n1-c1ccccc1,12.233075141906738
CC1(C)C=Cc2c(cc(-c3ccc(N)c(F)c3)n(-c3ccccc3)c2=O)O1,23.47889518737793
Nc1ccc2[nH]c(Cl)nc(=Nc3cccc(O)c3)c2c1,21.287403106689453
Nc1ccc(-c2ccc(-c3ccc4c(c3)CCNC4=O)s2)cc1O,25.129487991333008
CC(C)COc1ccc2cc(-c3cc(C#N)cc4ccccc34)ccc2c1,28.835918426513672
Cc1nnc(-c2ccc(-c3ccc(C#N)cc3)cc2)n1-c1ccc(C#N)cc1,10.529247283935547
Nc1ccc(-c2csc(=NC(=O)C3c4ccccc4Cc4ccccc43)[nH]2)cc1,23.85499382019043
CCOC1=CC(=O)c2c(c(O)c3ccccc3c2O)C1=O,19.99705696105957
Cc1ccc(-c2nc(-c3ccc(C=O)cc3)nc(-c3ccc(C=Nc4cc(O)c(N)cc4O)cc3)n2)cc1,10.57879638671875
Cc1nc(Nc2ccc(N3CCOCC3)cc2)cc(-c2ccc(C#N)cc2)n1,21.07416343688965
Cc1nc2ccccc2c(=O)n1N=CCc1ccc(F)cc1,22.98130226135254
N#Cc1ncc(-c2ccc(N)nc2)[nH]c1=N,16.392333984375
Cc1nnnn1N=Cc1cc(C)n(-c2ccc(C#N)cc2)c1C,20.332345962524414
N#Cc1ccc(F)cn1,13.614253044128418
Nc1ccc2c(c1)C(=O)c1cccnc1C2=O,17.0377140045166
Cc1ccc(=Nc2ccc(-c3nc(-c4ccc(N)nc4)nc(-c4ccc(N)nc4)n3)cc2)[nH]c1,14.238317489624023
C#CCCN=c1nc(-c2ccc(N)cc2)[nH]c2c1cnn2C,22.46653175354004
N#Cc1ccc(-n2cc(C#N)c(-c3cccnc3)n2)cc1,17.02634620666504
CCCCn1nc(Cc2ccc(N)cc2)c2ccccc2c1=O,19.271509170532227
Nc1ccc(-c2ccc3c(=O)n(-c4ccc(=NCCNC(=O)c5ccccc5F)[nH]n4)ccc3n2)cn1,29.62462043762207
N#Cc1cccc(CCN)c1,17.011369705200195
N#Cc1ccc(-c2cc[n+](-c3ccc(N)c(C(F)(F)F)c3)cc2)cc1,19.204851150512695
Cc1cc(=O)n(C)c2cc(-c3ccc(C(F)(F)F)cc3)c3c(c12)OCN(Cc1ccc(F)cc1)C3,30.889686584472656
N#Cc1ccc(NS(=O)(=O)C=Cc2ccccc2)s1,23.902530670166016
N#Cc1cc(C#N)n2c1CCc1ccccc1-2,25.39299201965332
C=CCSc1nnc(-c2ccc(N)cc2)n1-c1ccc(-c2nc(C)cs2)cc1,28.65532684326172
Cn1c(C2CCCCC2)nc(-c2ccc(N)nc2)c1-c1ccc(C#N)cc1,22.978273391723633
Cn1c(=O)cc(-c2ccccc2)c2ccc(Cl)cc21,22.0489559173584
N#Cc1nc(-c2ccc(Br)c(CO)c2)[nH]c(=Nc2ccc(S(N)(=O)=O)cc2)n1,33.327362060546875
C=c1c(=Cc2c(O)[nH]c(=S)[nH]c2=O)cc(C)n1-c1ccc(S(N)(=O)=O)cc1,21.037353515625
CC1CN(c2nc(-c3ccccc3)nc(-c3ccc(N)cc3)n2)CC(C)O1,17.16509246826172
N#Cc1ccc(C#N)c(Cl)c1,13.378036499023438
N#Cc1ccc(-c2cc3c4cc(C#N)cc(C#N)c4ccc3n2-c2ccc(C#N)cc2)cc1,11.316448211669922
Cc1cc(Oc2ccc(C#N)cc2)nc2c(-c3ccc(C(=O)NCCO)cc3)cccc12,27.918907165527344
Nc1ccc(C=Nc2ccc(-c3cc(-c4ccc5ccccc5c4)nc(-c4ccc(N)cc4)n3)cc2)cc1,15.286587715148926
Cc1cc2[nH]c(-c3ccc(N4CCN(C(=O)c5ccccc5)CC4)cc3)nc2c(C)n1,25.92742919921875
CC(C)Oc1ccc(C(CCc2ccc(-c3ccc(C#N)cn3)cc2)c2ccc(C#N)cc2)cc1F,27.529926300048828
C=CCc1ccc(C#N)cc1,11.578969955444336
Cc1cc[nH]c(=Nc2cccc(-c3ccc(N)nc3)n2)c1,11.950448989868164
Nc1ccc(-c2nc(-c3ccccc3)cc(-c3ccc(C=NNC(=O)c4cccnc4)cc3)n2)cc1,22.432083129882812
N#Cc1ccc(-n2c(=O)c3cc4c(=O)n(-c5ccc(C#N)cc5)c(=O)c4c4c5c(cc-4c3c2=O)OCO5)cc1,16.182010650634766
Cc1c(C#N)c(-c2ccc(C#N)cc2)nc([S+](C)[O-])c1C#N,14.289870262145996
CC1(C(=O)O)CCN(c2ncc(-c3cc(C(F)(F)F)nc(=Nc4ccc(C#N)cn4)[nH]3)cn2)CC1,23.48296546936035
Nc1ccc(-c2nc(-c3ccccc3)nc(-c3ccc(N4Cc5ccc6ccccc6c5C4=O)cc3)n2)cc1,11.170560836791992
COc1ccc(C=c2[nH]c(=Cc3c[nH]c4ccccc34)c(=O)n(C)c2=O)cc1,28.57353973388672
N#Cc1ccc(CNCCn2nc(-n3ccc4c(-c5ccc(C#N)cc5)nc(-c5cnc(N6CCOCC6)nc5)cc43)ccc2=O)cc1,32.98868942260742
Cc1cc(-c2cccc(C(=O)N=c3cc(C(N)=O)[nH]n3-c3ccccc3)c2)on1,22.205188751220703
CCCC=C1C=C2CC(=O)C(C)(OC(=O)C(F)F)C(=O)C2=CN1Cc1ccc(C#N)cc1,29.617536544799805
Cc1ccc(-n2c(N)c(C#N)c3nc(=O)c4ccccc4nc32)cc1,24.41119384765625
N#Cc1ccc(-c2ccc(-c3ccc(C#N)cn3)cn2)cc1,11.352354049682617
Cc1ccc(-c2nc(-c3ccc(N)cc3)nc(-c3ccc(-c4ccc(-c5ccc(-c6ccc(N)cc6)nc5)cc4)cc3)n2)cc1,19.79198455810547
COc1ccc(-c2n[nH]c(=NN=Cc3ccc(C#N)cc3)nc2-c2ccc(OC)cc2)cc1,18.392478942871094
N#Cc1ccc(-c2cc(C=Nc3ccc(-c4nc(-c5ccc(N)nc5)nc(-c5ccc(N)cc5F)n4)cn3)[nH]c(=N)n2)cc1,26.077003479003906
CC(NC(=O)c1ccc(-c2ccc(NC(=O)c3cccc(-c4ccccc4)c3)cc2)cn1)C(=O)O,23.357263565063477
C=Cc1cccc2c1C(=O)N(c1ccc(O)cc1)C2=O,20.007410049438477
CCCCCn1c(=O)[nH]c2cc(Cl)c(-n3cccc3)cc2c1=O,24.340330123901367
NC(=O)c1ccc(N=Cc2ccc(C=Nc3cc(O)c(N)cc3O)cc2)cc1,12.276646614074707
CCc1c(-c2ccccc2)c2cc(C(=O)c3ccccc3)ccc2n1Cc1ccc(-c2ccccc2C(=O)O)cc1,30.012977600097656
COc1ccc(NC(=O)C(Cc2ccccc2)NC(=O)c2ccccn2)cc1,27.781463623046875
N#Cc1ccc(-c2cc(C#N)c(N)n2-c2ccc(C#N)cc2)cc1,11.203089714050293
COC(=O)c1ccc(Oc2ccc(C#N)cc2)cc1,18.89246368408203
N#Cc1ccc(Cn2c(=O)cc(C(=O)Nc3cccc(Cl)c3)[nH]c2=O)cc1,22.62993812561035
O=S(=O)(Nc1ccc(-c2cnc3nccnc3n2)cc1)c1cccc(Br)c1,28.642160415649414
Cc1cc(-c2ccc(C#N)c(C#N)c2)ccc1C#N,13.184818267822266
Oc1cc(O)cc(C=Cc2ccc(O)c(O)c2)c1,12.433477401733398
CC(C)C1(O)C=Cc2ccccc2C(=O)N1Cc1ccc(-c2ccccc2)cc1,30.882179260253906
O=C1Nc2c(O)cc(N=Cc3cccc(O)c3O)c3cccc1c23,27.6205997467041
Cc1ccc(-c2nc(-c3ccc(N)cc3)nc(-c3ccc(N4C(=O)c5ccc6ccccc6c5C4=O)cc3)n2)cc1,12.8396635055542
CC(=O)c1c(O)c(O)n(Cc2ccc(N)cc2)c1-c1ccc(C#N)cc1,18.264259338378906
CN=C(N=C(NC#N)Nc1ccc(C#N)cc1)OC,27.37953758239746
N#Cc1c(-c2ccc(N)c(O)c2)oc2c(C(N)=O)ccc(-c3ccc(N)cc3)c12,24.438936233520508
N#Cc1ccc(-c2cc(-c3cccc(C#N)c3)[nH]c(=O)c2C#N)cc1,20.065998077392578
Cc1ccc(-c2cc(-c3ccc(N4CCN(C)CC4)nc3)nc(-c3ccc(N)nc3)n2)nc1,20.17196273803711
COc1cccc(-c2ccc(C#N)cc2)c1,13.505847930908203
N#Cc1cccc2nc(-c3ccc(C(=O)O)cc3)ncc12,21.64136505126953
N#Cc1ccc(-c2nc(-c3ccc(C#N)cc3)c(-c3ccccc3)cc2C#N)cc1,12.873800277709961
CN(C)C(=O)C=CC=CC=CC=CC=CC=Cc1ccccc1,25.815778732299805
c1ccc(N2CCN(Cc3ccc(-c4ccc(-c5nc6ccccc6[nH]5)cc4)cc3)CC2)nc1,20.55284881591797
N#Cc1ccc(-n2ccnc2-c2nc(-c3ccc(Cl)cc3)nc(-c3ccc(Cl)cc3Cl)n2)cc1,31.440385818481445
COC(=O)C(CN1CCN(C)CC1)(c1ccccc1)c1ccccc1,22.600574493408203
N#Cc1ccc(Oc2ccc(N=c3ccc(-c4ccc(N)c(C#N)n4)n[nH]3)cc2)nc1,22.818767547607422
C=c1c(=Cc2cc(Cl)cc(C(=O)O)c2O)cc(C)n1-c1ccc(C(=O)O)cc1,21.846010208129883
N#Cc1ccc(=NCc2ccc3c(c2)CCO3)[nH]c1,21.353073120117188
N#Cc1cccc2c1ccc1c(C(O)O)nc(-c3ccc(N)cc3)nc12,28.975786209106445
COc1ccc(S(=O)(=O)Nc2ccc(C#N)cc2O)cc1,20.991056442260742
Oc1ccccc1C=Nc1cc(O)c(NCc2cccs2)cc1O,16.26072120666504
CCC(=O)N=C1SC2CS(=O)(=O)CC2N1C(N)=S,31.47730827331543
O=C(NC(Cc1ccccc1)C(=O)O)c1ccc(C#Cc2ccc(F)cc2)cc1,21.10171127319336
Cc1nc2ncnc(N(C)C)c2n1Cc1ccc(-c2ccc(C(F)(F)F)cc2)cc1,29.214595794677734
Cc1c(C(=O)OCC(=O)c2c(N)n(C)c(=O)n(C)c2=O)oc2ccccc12,21.78902816772461
Cc1c(-c2ccnc(-c3ccc(C#N)nc3)c2)cc(C#N)c(=O)n1C,24.644315719604492
CC1(C)C=Cc2cc(C=CC(=O)c3ccc(O)c(O)c3)ccc2O1,19.543315887451172
O=Cc1ccc(-c2ccc(-c3ccc(O)cc3)s2)cc1,15.11124324798584
Cc1cc(=O)oc2cc(-c3ccc(N)cc3)ccc12,17.697391510009766
CN(C)C1(c2ccccc2)CCN(c2ccccc2)CC1,22.42186164855957
N#Cc1ccc(Cn2cc(S(=O)(=O)c3ccccc3)c(=O)c3cc(F)ccc32)cc1,25.164962768554688
Nc1ccc(-c2ccn3nc(-c4ccc(O)cc4)c(-c4ccc(N)cc4)c3n2)cc1,16.270545959472656
NC(=O)c1ccc2c(c1)C(=O)N(C(=O)c1ccc(-n3cccc3)cc1)C2=O,27.74997901916504
C=CC(=O)Nc1ccc(-c2c(C#N)cc(-c3ccc(C#N)cc3)nc2-c2ccc(C#N)cc2)cc1[N+](=O)[O-],24.220827102661133
Nc1ccc(-c2nc(=O)c3ccc(NC(=O)Nc4ccccc4)cc3[nH]2)cc1,19.380373001098633
CCCC(=O)c1cnn(-c2ccc(NC(=O)c3ccccn3)cc2)c1C,20.495798110961914
N#Cc1ccc(-c2cc(C#N)cc(N=c3[nH]cnc4cc(C(N)=O)ccc34)c2O)cc1,22.839778900146484
Cc1ccn2c(C=Cc3ccc(C#N)cc3)c(-c3ccc(C#N)cc3)nc2c1,16.16063690185547
CC1(C)Oc2ccc(C#N)cc2C(n2cc(-c3ccc(N)cc3)nn2)C1O,20.434528350830078
N#Cc1cn(-c2ccccc2C=Nc2ccc(-c3nc(-c4ccc(N)nc4)nc(-c4ccc(N)nc4)n3)cn2)cn1,19.711685180664062
CC(O)(C#Cc1nc2nc(-c3ccc(N)cc3)cnc2c(=N)[nH]1)c1ccc(C#N)cc1,23.916397094726562
CN(C)c1ccc(-c2c(C#N)c(Sc3ccc(Cl)cc3)[nH]c(=N)c2C#N)cc1,15.62847900390625
N#Cc1ccc(-c2ccc(-c3nc(-c4ccc(C#N)cc4)no3)cn2)cc1,15.377185821533203
O=C(O)c1ccc(-n2c(-c3ccc(O)cc3)nc3nc4ccccc4nc32)cc1,25.635744094848633
Cc1noc(C(C)NC(=O)c2ccc(-c3ccc(C#N)cc3)nc2)n1,20.54354476928711
N=c1[nH]cnc2ncc(-c3ccc(N)nc3)nc12,17.880882263183594
N#Cc1ccc(-c2ccc(-c3cn(-c4ccc(C(=O)O)cc4)cc3C#N)cc2)cc1,10.776839256286621
COc1ccc(-c2nc(-c3ccc(-c4ccc(OCc5cn(-c6ccc(F)cc6)nn5)cc4)cc3)c(C)o2)cc1,26.822364807128906
Nc1ccc(-c2nc(-c3ccc(N)cc3)nc(-c3ccc4[nH]nc(-c5ccccc5)c4c3)n2)cc1,19.388620376586914
Cc1ccc(NC(=O)c2ccc(C#N)cc2F)cc1N=c1nc2c(c[nH]1)ncc(=O)n2-c1ccc(C#N)cc1,34.56422424316406
N#Cc1ccc(-c2ccc(-c3ccc(-c4ccc(-c5cnn(-c6ccc(N)cc6)c5)cc4)cc3)cn2)cc1,20.393451690673828
Cc1nc(=N)nc(-c2nc(-c3nc(C#N)c[nH]3)cc(N3CCOCC3)n2)[nH]1,23.07927703857422
N#Cc1ccc(C#Cc2cncc(C(N)=O)c2)cc1,18.941221237182617
N#Cc1ccc(-c2ccc(C(=O)NCc3ccccc3)cc2)c(F)c1,16.50078010559082
N#Cc1ccc(COc2ccc(C(O)CC(=O)C(=O)O)cc2)cc1,27.76681137084961
N#Cc1cn(CC(N)=O)c2ccc(-c3ccc(N)cc3)cc12,19.15544319152832
N#Cc1ccc(CCNC(=O)c2ccc(-n3cc(-c4ccccc4)nn3)cc2)cc1,19.440868377685547
Cn1cc(-c2nc(-c3ccc(N)nc3)nc(-c3ccc(N)nc3)n2)cn1,12.202751159667969
O=S(=O)(c1ccc(Cl)cc1)c1ccc(-c2c(O)oc(O)c2Br)cc1,31.965591430664062
N#Cc1ccc(-c2ccc3c(C(=O)Nc4ccc(CN5CCOCC5)cc4)c[nH]c3c2)cc1,22.99379539489746
Cc1c(-[n+]2ccc(-c3ccncc3)cc2)nnc(N)c1C#N,14.470000267028809
COc1ccc(-c2cc(-c3ccc(N4C(=O)c5cccc6cccc(c56)C4=O)cc3)nc(-c3ccc(N)cc3)n2)cc1,16.324569702148438
N#Cc1ccc(CN(Cc2nc3ccccc3[nH]2)c2ccc(-c3nc(O)oc(=O)n3)cc2)cc1,26.513904571533203
N#Cc1c2c(nc3cc(N)ccc13)C(=O)c1ccccc1C2=O,18.887985229492188
Nc1ccc(-c2cc(-c3ccncn3)nc(-c3ccc(N)nc3)n2)cn1,22.960216522216797
CC(C)c1ccc(-n2c(-c3ccc(C#N)cc3)cc3ccccc32)cc1,11.592143058776855
CN1CCN(c2ccc(-c3cc(-c4ccc(C(F)(F)F)cc4)nc(-c4ccc(N)cc4)n3)cc2)CC1,16.824220657348633
N#CC(C#N)=Cc1c(F)cccc1Cl,19.718191146850586
N#Cc1ccc(-c2ccc3c(c2)C(=O)c2cc(C#N)ccc2C3=O)cc1,14.201516151428223
Nc1ccc(-c2n[nH]c(=O)n2-c2ccc(-c3ccoc3)cc2)cn1,18.80866050720215
Cc1cnc(Cl)nc1-c1ccc(NC(=O)NCC(O)c2ccc(C#N)cc2)cc1,23.77219009399414
CCOc1ccc(-c2c(Cl)cnc3[nH]c(-c4ccc(N5C(=O)c6ccc(C#N)cc6C5=O)cc4)nc23)cc1,23.77164649963379
N#Cc1ccc(N2CCOCC2)cc1,13.20142936706543
N#Cc1ccc(-c2ccc3c(=O)cc(C#N)oc3c2)cc1,16.512954711914062
Cc1cc(-c2ccc(C(=O)N3CCC3c3nc(-c4ccc(N)cc4)no3)cc2C)ccn1,30.48115348815918
Oc1cccc(C=NN=C2CCc3ccccc3N2)c1,18.569204330444336
N#Cc1ccc(C(=O)n2ccc(C#N)cc2=O)cc1,17.142465591430664
O=C(C=Cc1ccc(O)cc1)c1c(O)cc(O)cc1O,13.06816577911377
N#Cc1ccc(-n2cnc3cc(-c4ccc(Cl)nc4)sc3c2=O)cc1,17.080053329467773
c1cncc(-c2ccc3ccccc3c2)c1,17.064130783081055
Oc1ccc(-c2cc(-c3ccc(O)cc3)nc(-c3ccc(O)cc3)c2)cc1,8.974918365478516
CC(C)c1ccc(-n2c(-c3ccncc3)cc3c2cc(-c2ccc(C#N)cc2)n3-c2ccc(C(C)C)cc2)cc1,9.502335548400879
N#Cc1c(N)[n+]([O-])c2cc(O)ccc2[n+]1[O-],19.272478103637695
CCc1nc2c(C#N)ccnc2n1Cc1ccc(-c2ccc(C#N)cn2)cc1,26.880966186523438
Cn1nc(C2c3ccc(O)cc3Oc3cc(O)ccc32)c2ccc(O)cc21,26.100473403930664
Cn1c(O)c(C=NCCNC(=O)c2ccc(-c3ccc(C#N)cc3)cc2)c(=O)n1-c1ccccc1,27.41996192932129
CN1CCN(c2ccc(C#N)cc2)CC1,11.987334251403809
Cc1nnc(-c2ccc(C#N)cc2)n1-c1ccc(C#N)cc1,11.896485328674316
N#Cc1cc(C#N)c2c(c1F)C(=O)c1ccccc1C2=O,13.190862655639648
N#Cc1ccc(-n2c(=O)nc3oc4cc(-c5ccc(N6CCNCC6)cc5)ccc4cc-3c2=O)cc1,26.17568016052246
N#CCn1c(C#N)cc2ncnc(-c3ccc(C#N)cc3)c21,21.876482009887695
CN(C)c1ccc(C#N)cn1,13.586342811584473
O=Cc1cc(C(=C2C3CC4CC(C3)CC2C4)c2ccc(O)cc2)ccc1O,24.81216812133789
Cc1cc(O)c(N=Cc2ccc(-c3nc(-c4ccc(C#N)cc4)nc(-c4ccc(C#N)cc4)n3)cc2)cc1O,13.350556373596191
N#Cc1ccc(C(O)C(F)(F)F)cc1,15.513680458068848
N#Cc1ccc2[nH]c(-c3ccc(N)cc3)nc2c1,11.677996635437012
CC(C)c1ccc(-n2nc(-c3ccncc3)nc2-c2ccc(N)nc2)cc1,13.519624710083008
Cc1c(C=C2Oc3cc(O)cc(O)c3C2=O)c2ccccc2n1CCc1ccccc1,23.817113876342773
N#Cc1ccc(-n2nnc(-c3ccccc3F)n2)cc1,15.400261878967285
O=Cc1cc(C(=O)c2ccc(O)cc2)ccc1O,19.972684860229492
C=C(C)C1CCC2(C)CCC3(C)C(=C2C1C)CCC1C2(C)CCC(O)C(C)(C)C2CCC13C,25.54690170288086
Cn1ccc(=Nc2cc(C#N)cc(C=Nc3ncc(-c4nc(-c5ccc(N)nc5)nc(-c5ccc(N)nc5)n4)cn3)c2O)c(N)c1,29.202051162719727
Cc1ccc2cc(C#N)c(=O)oc2c1,16.84693145751953
C=CCN=c1[nH]cnc2c1CN(c1ccc(C#N)cn1)CC2,19.481454849243164
Cc1ccc(-c2nc(-c3ccc(C#N)cc3)n(CC(=O)Nc3ccc(C#N)cc3)c2-c2ccc(C#N)cc2)cc1,21.409109115600586
N#Cc1ccc(-n2[nH]c(=O)c3cc4c(cc3c2=O)c(=O)c(C(=O)O)cn4C2CCC2)cc1,21.11676788330078
O=C(NC12CC3CC(CC(C3)C1)C2)c1cc2cc(Cl)c(Cl)cc2[nH]1,27.83661651611328
Cc1ccc2nc(-c3ccc(N)cc3)n(C)c(=O)c2c1,13.43704605102539
C=C(C)c1c(C#N)cc(C#N)c2ccc3c(c12)OCO3,18.84120750427246
C[n+]1c(-c2ccc(C=NN=C(N)N)cc2)cn2ccccc21,16.910139083862305
N#Cc1ccc(-n2c(-c3ccc(N)cc3)nc3ccccc3c2=O)cc1,10.204501152038574
Cc1nc(=NC(=O)c2cc(-c3ccccc3)c(Cl)cc2Cl)cc(-c2ccc3c(cnn3C)c2)[nH]1,25.028636932373047
N#Cc1cccc(COc2cccc(-c3cc(-c4cccc(C#N)c4)nc(-c4ccc(N)nc4)n3)c2)c1,24.11941909790039
N=C(N)c1ccc(-c2csc(-c3ccc(C(=N)N)cc3)n2)cc1,14.643013000488281
c1cc(N2CCOCC2)c2c[n+]3c(cc2c1)-c1cc2c(cc1CC3)OCO2,22.851932525634766
Nc1cc(S(=O)(=O)O)c2cc(N=Nc3cccc([N+](=O)[O-])c3)ccc2c1,29.85358238220215
Cc1cccc(N(CCN(C)C)C(=S)N2CCCC2)c1,30.78938865661621
CCC1(O)C(=O)OCc2c1cc1n(c2=O)Cc2c-1nc1ccc(C#N)cc1c2-c1cccc(N)c1,22.249160766601562
Cc1ccc(-c2ccc(C#N)cc2-c2cnc(N)c(C#N)c2)cn1,20.823843002319336
COc1cc2[nH]c(=O)n(-c3cccc(C(=O)NCC4CCCO4)c3)c(=O)c2cc1OC,27.820659637451172
Cc1cc(F)ccc1NC(=O)c1ncoc1-c1ccc(C#N)cc1,23.62550163269043
Cc1nn(CCC(=O)Nc2ccc(C#N)cc2)c(=O)c2ccccc12,23.82074737548828
Cn1c(N)ccc1-c1ccc(C#N)n1C,20.90609359741211
N#Cc1ccc(-c2ccc(CN3CCc4ccc(C#N)cc4C3)nc2)cc1,24.058013916015625
C(Cc1ccccc1)=Nn1cnnc1,20.390188217163086
C#Cc1cccc(Nc2cc(=Nc3ccc(N4CCN(C)CC4)cc3)nc[nH]2)c1,21.97297477722168
N#Cc1ccc(-n2[nH]c(=O)c3cc4c(=O)[nH]n(-c5ccc(C#N)cc5F)c(=O)c4cc3c2=O)cc1,13.60407829284668
Cc1ccc(C=NNC2=NCCN2)c(Br)c1,25.730371475219727
N#Cc1ccc(C(=O)c2c(N(CCO)CCO)ccc(C(=O)O)c2O)cc1,27.850927352905273
CC(=O)NC1CCN(CCCN2C(=O)COc3ccccc32)CC1,23.76217269897461
N#Cc1ccc(-n2c(=O)c3cc4c(=O)n(-c5ccc(C#N)cc5)c(=O)n4c4ccc(C#N)cc4c3c2=O)cc1,14.782147407531738
COc1cc(Br)c(O)cc1C=NNC(=O)c1ccccc1O,29.421003341674805
CCN1C(=O)CCC1C(=O)Nc1ccc(C#N)cc1,21.7403507232666
COc1cc(C=NN(c2ccc(C#N)cc2)c2nc(C#N)ncc2F)ccc1O,25.40652084350586
CC1=NC(n2[nH]c(=O)c3c(=O)[nH]c(-c4ccc(Cl)c(Cl)c4)cc32)C(C)C1,39.76240921020508
N#Cc1cc(C#N)c2ccccc2c1S,17.08226203918457
N#Cc1c(N)c2c(c3c1CCCC3)CCCC2,16.472387313842773
Cc1ccc2c(c1)C(=O)C(=Cc1ccc(N(C)C)cc1)O2,19.031944274902344
N#Cc1cccc(S(=O)(=O)c2c(N)ncc3nccc(C#N)c23)c1,32.441097259521484
CC(=O)NCC1CN(c2ccc(N3CCCN(Cc4csc(-c5ccc(F)cc5)n4)CC3)c(F)c2)C(=O)O1,28.417194366455078
CN(C)Cc1cc(NCc2ccccc2)cc[n+]1-c1ccc(C=O)cc1,30.56501007080078
Oc1ccc(N=Cc2cccc(O)c2)cc1,16.684953689575195
N#Cc1ccc(C(=N)CC=NC2CCCCC2)cc1,26.068588256835938
N#Cc1ccc2c(c1)C(=O)c1cc(Nc3nc(Cl)nc(Cl)n3)ccc1C2=O,10.560293197631836
O=C1Nc2ccc(F)cc2C1=Nc1ccc(C=CC(=O)c2ccc3c(c2)CCO3)cc1,34.508758544921875
N=c1c(-c2n[nH]c(=Nc3ccccc3)o2)c[nH]n1-c1ccccc1,21.011119842529297
Cn1c(=O)n(CC2CCOCC2)c2c(C#N)nc(-c3ccc(C#N)cc3)cc21,23.05349349975586
N#Cc1ccc(C(=CCCC(O)=NO)c2ccc(C#N)cc2)cc1,17.214696884155273
Cc1ccc(C(CC(=O)O)NC(=O)c2ccc(-c3c(C)cc(C#N)cc3C)c(F)c2)cc1,22.24603271484375
N#Cc1ccc(Oc2ccc(C#N)c(F)c2)nc1,15.931928634643555
N#Cc1ccc(NC(=O)c2cc(C#N)ccc2NC(=O)c2ccco2)cc1,22.91668128967285
O=[N+]([O-])c1ccc(C=NO)cc1,16.204126358032227
CN(C)C(=O)c1c(N)n(Cc2ccc(-c3ccccc3)cc2)c2ccccc2c1=O,23.950082778930664
N#Cc1cc(-c2ccc(N)nc2)cc(-c2nc(-c3ccc(N)nc3)no2)c1,16.146196365356445
N#Cc1ccc(-c2ccc3nc(C#N)ccc3c2)cc1,16.729326248168945
CS(=O)(=O)Nc1ccc(-c2ccc(C(=O)N3CCC(CO)(Cc4ccc(C#N)cc4)CC3)cn2)cc1,28.728761672973633
CC1(C)CCc2c(ccc3c2C(Cc2ccc(O)cc2)NCC3)O1,25.67806625366211
N#Cc1c(CN2CCOCC2)[n+]([O-])c2cc(C(F)(F)F)ccc2[n+]1[O-],23.226909637451172
N#Cc1ccc(Nc2cc3c(=O)n(N)c(=O)n(C4CC4)c3cc2F)cc1,18.300561904907227
N#Cc1cccc(N=c2c(C#N)c[nH]c3cc(-c4ccncc4)ccc23)c1,18.09815216064453
Cc1ccc(-c2csc(N=Cc3ccccc3O)n2)cc1,16.534339904785156
Nc1ccc(-c2nc(-c3ccc(N=Cc4c(O)cccc4O)nc3)nc(-c3ccccn3)n2)cn1,15.365055084228516
COC(=O)CCC(=O)N=c1cc(-c2ccc(F)cc2)[nH]o1,26.326980590820312
C#Cc1cccc(N)c1,13.53596305847168
Nc1ccc(-c2nc(-c3ccc(N)cc3)nc(-c3ccc(-n4ccc(=O)[nH]c4=O)c(N)c3)n2)cc1,23.176855087280273
N#Cc1ccc2c(C#N)c3ccccc3c(C#N)c2c1,10.364208221435547
Cc1c(-c2ccc(N)cc2)nc(-c2ccc(N)cc2)nc1-c1ccc(C#N)cc1,11.233979225158691
Cc1cnc(CNC(=O)c2ccc(-c3ccc(-c4nc(C#N)c[nH]4)cc3)cc2)cn1,19.196136474609375
CN(C)c1ccc(C(=O)Nc2cccc(-c3cnc4cc(-c5ccc(C#N)cc5)ccc4n3)c2)cc1,21.825105667114258
Cc1nc(-c2cccc(C(N)=O)c2)c2cc(-c3cccc(NC#N)c3)ccc2n1,28.385313034057617
C[n+]1ccc(Nc2ccc(-c3cc(-c4ccccc4)cc(-c4ccc(-c5nc(Cl)nc(Cl)n5)cc4)c3)cc2)cc1,11.96747875213623
CN(C)C1C(=O)C(C(N)=O)C(=O)C2(O)C(O)c3cc4c(N=O)cc(O)c(O)c4c(O)c3CC12,19.3455810546875
N#Cc1c(NC(=O)Cn2cnc(-c3cc(F)c(C=CC(=O)O)cc3Cl)n2)sc2c1CCCC2,38.19794464111328
Cc1cccc(-n2c(C)c(C#N)c3ccccc3c2=O)c1,18.064470291137695
CC1(C)C(=O)Nc2cc(-c3ccc(C#N)cc3)ccc21,11.04776668548584
Cc1ccc(C(=O)CSc2nnc(-c3cnccn3)n2C)cc1,24.663448333740234
Nc1ccc(-c2nc(-c3ccc(N=Cc4cc(C=O)c(O)c(C=O)c4O)nc3)nc(-c3nccs3)n2)cn1,13.202178001403809
Oc1cc(-c2ccc(Cl)cc2)c(C=Nc2ccc(Cl)cc2)c2ccccc12,25.286745071411133
N#Cc1cc(C#N)c2cc3n(c(=N)c2c1)Cc1cc2ccc(CO)cc2nc1-3,26.208826065063477
Nc1ccc(-c2nc3ccccc3n2Cc2c(F)cccc2F)cc1,20.3649845123291
C[n+]1cccc(-c2nc(-c3ccc(N)cc3)nc(-c3ccc(C=Nc4cc(O)c(N)cc4O)cc3)n2)c1,12.963143348693848
N#Cc1ccc(C#Cc2ccccc2)cc1,9.9191312789917
N#Cc1ccc(-c2cn(-c3ccc(C#N)cc3)c3nc(C#N)ccc23)cc1,18.281822204589844
Cn1nc(-c2ccc(C#N)cc2)cc1-c1ccccc1,14.641436576843262
CCN(C)c1nc(C)nc2cc(-c3ccc(C#N)cc3)[nH]c12,22.2491455078125
Nc1ccc(-c2nc(-c3ccc(N)cc3)nc(-c3ccc(CC4=NC(=S)NC4=O)s3)n2)cc1,21.182937622070312
N#Cc1ccc(-c2ccc3cnn(-c4ccc(C(=O)O)cc4)c3c2)cc1C#N,23.58329963684082
N#Cc1c(-c2ccccc2)cc(-c2ccccc2)[nH]c1=N,16.168560028076172
CCC12C(=O)c3cc1c(c(=O)o3)C(c1ccc(C#N)cc1)N(c1ccc(-c3ccsc3)nc1)C2=O,28.70792007446289
CC(C)c1ccc(-n2c(-c3ccc(C#N)cc3)cc3c2cc(-c2ccc(C#N)cc2)n3-c2ccc(S(N)(=O)=O)cc2)cc1,13.19481372833252
Cc1cc(-c2ccc(C#N)cc2)n(-c2ccc(S(C)(=O)=O)cc2)n1,13.536225318908691
N=C(N)c1ccc(-c2ccc(-c3ccc(N)cc3)cn2)cc1,13.855961799621582
N#Cc1ccc(-c2nc(CN=c3ccc(-c4ccccc4)n[nH]3)nc(-c3ccc(N)cc3)n2)cc1,22.084026336669922
Cc1nc2c(s1)-c1c(c(O)n(-c3ccc(C#N)cc3)c1O)C(O)O2,26.527406692504883
N#Cc1ccc(-c2c(-c3ccc(N)nc3)c3cc4c(cc3c(=O)n2-c2ccc(C#N)cc2)c(=O)c(C#N)cn4C2CC2)cc1,19.83319854736328
N#Cc1ccc(-c2ccc([N+](=O)[O-])cc2)cc1,14.120479583740234
N#Cc1cccc(CNC(=S)NCCN=c2cc[nH]c3cc(Cl)ccc23)c1,27.514450073242188
Cc1ccc(S(=O)(=O)NCc2ccc(N(C)C)cc2)cc1,16.849807739257812
CC(C=CC(O)=NO)=Cc1ccc(-c2ccccc2)cc1,21.51715660095215
Nc1ccc(-c2nc(-c3ccc(N4C(=O)c5cccc6cccc(c56)C4=O)cc3)nc(-c3ccc4c(c3)OCO4)n2)cc1,12.178982734680176
N#CC(C#N)=Cc1ccc(N)c([N+](=O)[O-])c1,22.4512996673584
Cn1cc(-c2cc3c(-c4ccc(C#N)cc4)[nH]nc3cn2)cn1,18.936391830444336
CC(=O)N1CCN(C(=O)C=Cc2cc(Cl)c(Sc3cccc(C#N)c3)c(Cl)c2)CC1,25.308149337768555
Cn1cc(-c2ccnc3cnc(-c4cccc(C#N)c4)cc23)c(-c2ccc(C#N)cc2)n1,19.934864044189453
Cc1cccc(CCNS(=O)(=O)c2ccc(C(=N)N)cc2)c1,22.69036293029785
Cc1ccc2nc(-c3ccc(C=Nc4cc(O)c(N)cc4O)cc3)sc2c1,13.19943618774414
Cc1ccn(-c2ccc(-c3cc4c(=NC5CCCCNC5)c(C(N)=O)c[nH]n4c3)cn2)n1,34.91290283203125
Clc1snnc1-c1ccccc1,17.164079666137695
O=C1NCCCN1Cc1cc(Br)ccc1O,24.85109519958496
Cc1ccc2c(=O)n3c(nc2c1)-c1cccc(-c2ccccc2)c1C3,23.3819580078125
Cc1nn(C)c(-c2ccc(C(N)=O)cc2)c1-c1nc(-c2cnc(N3CCOCC3)nc2)no1,28.768264770507812
O=CN1CCN(C(=O)c2nc(-c3ccc(-c4ccc(C(F)(F)F)cc4)cc3)n(-c3ccc(Cl)cc3Cl)n2)CC1,24.376773834228516
CN1CCN(c2nc(N3CCOCC3)nc(-n3ccc(-c4cc(-c5ccc(C#N)cc5)nc(-c5ccc(N(C)C)nc5)n4)n3)n2)CC1,22.08063316345215
Cc1c(O)cccc1N=Cc1ccc(-c2nc(-c3ccc(C=O)cc3)nc(-c3ccc(C=O)cc3)n2)cc1,13.803056716918945
N#Cc1ccc(-c2cc(-c3ccc(C#N)cc3F)cc(C#N)n2)cc1,19.897253036499023
CSc1nc2sc3cccnc3c2c(=O)n1-c1ccc(C)cc1,24.011831283569336
N#Cc1ccc(COc2ccc(C(=O)Nc3ccc(C#N)cc3)c(-c3ccccc3)c2O)cc1,30.839149475097656
COc1ccc(N=c2[nH]c(C)nc3sc(-c4ccc(C#N)c(C)c4)cc23)cc1,33.036346435546875
CC1COc2cc(-c3ccc(C#N)cc3)c(-c3ncccn3)cc2N1C(=O)Nc1ccc(C(F)(F)F)cc1,26.98450469970703
Cc1nc(N=c2cc(N3CCN(C)CC3)[nH]c(C)n2)nc(-c2ccc(N3Cc4cc(C(=O)O)ccc4C3=O)cc2)n1,30.746267318725586
Clc1ccc(N=c2nc3c(-c4c[nH]cn4)c[nH]n3c3cccnc23)cc1,33.3227424621582
N#Cc1cccc(-c2cc[n+](-c3nc(Cl)nc(Cl)n3)cc2)c1,10.919061660766602
Cc1c(O)ccc2ccc(N)cc12,20.130401611328125
Nc1ccc(-c2nncc(-c3ccc(N)nc3)n2)cc1,12.035171508789062
N=c1[nH]c(=NC(Cc2ccc(O)cc2)C(=O)O)[nH]c(N)c1Br,28.713268280029297
Nc1ccc(-c2nc(-c3ccc(N=Cc4cc(C=O)cc(C=O)c4O)nc3)nc(-c3ccc(N)[n+]([O-])c3)n2)cn1,11.944478988647461
Cc1nn(C)cc1-c1cc[nH]c(=Nc2ccc(C#N)cc2)n1,19.097732543945312
O=C(C=Cc1ccc(O)cc1)c1cccc(Br)c1,21.451862335205078
N#Cc1ccc(CSc2nc(-c3ccc(C#N)cc3)c(C#N)c(=O)n2-c2ccc(-c3nc(-c4ccncc4)nc(-c4ccc(N)cc4)n3)cc2)cc1,21.06934356689453
N#Cc1ccc(-c2cccc(-c3ccccc3)c2)cc1,13.139482498168945
CCc1nc(-c2ccc(N=Cc3cc(C=O)cc(C=Nc4ccc(C(=O)OC)cn4)c3O)nc2)no1,28.3851375579834
CCc1nc2c(C(=O)Nc3ccc(-c4ccc(CN(C)C)cc4)cc3)cc(C#N)cc2n1CC,31.61701202392578
O=C1c2ccc3c(O)cccc3c2C(=O)c2cccc3cccc1c23,33.25689697265625
Oc1ccc(-c2cc(-c3ccccc3)cc(-c3ccccc3)n2)cc1,12.628138542175293
O=C(O)c1ccc(-c2ccc3[nH]c(-c4ccc(-c5nc(Cl)nc(Cl)n5)cc4)nc3c2)cc1,21.433765411376953
COc1ccc(Cn2c(=N)c(C#N)cc3c(C)cccc32)cc1,22.978796005249023
N#Cc1ccc(C(=O)c2ccccc2)cc1,12.735630989074707
Cc1ccc(-c2cc(-c3ccc(C)cc3)[n+](-c3ccc(C#N)cc3)c(-c3ccc(C#N)cc3)c2)cc1,14.268424034118652
CN(C)CCNc1ccc(N=c2nc(-c3ccn(-c4ccncn4)c(=O)c3)cc[nH]2)cc1,30.813871383666992
CC(C)c1ccc(-n2c(-c3ccc(C#N)cc3)cc3cc(C#N)cnc32)cc1,12.370326042175293
Cc1ccc(-c2cc(-c3ccc(C)cc3)[nH]c(=NN=Cc3ccccc3)n2)cc1,17.295764923095703
N#Cc1ccc(-n2cc(C(O)O)cc2O)cc1,12.826484680175781
N#CC(C#N)=NNc1ccccc1,13.844894409179688
COc1ccc(N=Cc2c(O)n(C)c(=S)[nH]c2=O)cc1,18.40363311767578
N#Cc1ccc(Oc2ccc(C=CC(=O)c3ccc(Br)cc3)cc2)cc1O,24.650300979614258
O=C(O)CCC=CCC1COC(C=Cc2ccccc2)OC1c1cccnc1,19.349201202392578
Cc1cc(C)cc(-c2ccc(C#N)cc2)c1,14.130745887756348
N#Cc1nc(C=Cc2ccccc2)oc1N,14.100950241088867
Cn1c2ccc(O)cc2c2c3ccc(O)cc3c3ccccc3c21,24.80847930908203
CCn1cnc2cc(-c3ccc(N4CCN(C)CC4)nc3)sc2c1=O,19.259855270385742
N#Cc1ccc(C(NC(O)c2ccc(O)[nH]2)C(N)=O)cc1,25.141361236572266
CN1CCN(c2c(C#N)nc(-c3ccc(N)cc3)nc2-c2ccc(C#N)cc2)CC1,18.76519203186035
Nc1ccc(-c2nc(-c3ccc(N4C(=O)c5ccc6c7c(ccc(c57)C4=O)C(=O)OC6=O)cc3)nc(-c3ccc(C(F)(F)F)cc3)n2)cc1,11.910186767578125
N#Cc1ccc(N2CC(=Cc3ccc(O)cc3)C(=O)C2=O)cc1,20.785938262939453
C=CC(=O)Nc1oc(-c2cccc(-c3cnc(N4CCOCC4C)nc3)c2)nc1C#N,31.66624641418457
COc1ccc(-c2nccc(-c3cccc(O)c3)n2)cc1,18.28006362915039
Oc1ccccc1C=Nc1ccc(-c2n[nH]c(=S)o2)cc1,18.26180648803711
C=Cc1cc(O)c2c(O)c3c(OC)cccc3c(O)c2c1,21.542400360107422
CC(C)CCN1C(=O)c2ccccc2NC1c1ccc(C#N)cc1,23.496017456054688
COc1cc(C)ccc1C=CC(=O)c1ccc(C)cc1,21.180614471435547
N#Cc1ccc(-c2ccc3ncc(-c4ccc(C(N)=O)cc4)n3c2)cc1,11.880074501037598
COc1cc(OC)cc(N(Cc2ccc(C#N)cc2)c2ccc3ncc(-c4ccc(C#N)cc4)nc3c2)c1,17.538782119750977
C=CCNC(C)c1cccc2ccccc12,21.827856063842773
Cc1noc(-c2ccc(S(=O)(=O)Nc3cnc(N4CCCC(N)C4)s3)cc2)n1,36.705623626708984
CN(C)Cc1cc(C(=O)C=Cc2ccc(Oc3ccnc4ccc(N)cc34)cc2)ccc1O,22.800159454345703
CC1CN(c2ccc(-c3nc4c(c(=O)n(CC5CC5)c(=O)n4C)n3-c3ccc(C#N)cc3)cc2)CCN1,32.54035568237305
Cc1ccc(-c2cc(Oc3ccc(C#N)cc3)nc(-c3ccc(N4C(=O)c5ccc6c7c(ccc(c57)C4=O)C(=O)OC6=O)cc3)n2)cc1,18.39150619506836
N#Cc1ccc(C(=O)Nc2ccc(-c3cccc(-c4ccc(-c5nc(-c6ccc(N)cc6)nc(-c6ccc(N)cc6)n5)cc4)c3)cc2)cc1,18.855920791625977
Cn1c(N)c(CNc2ccc(-c3cccc(C#N)n3)cc2)c(=O)n(C)c1=O,24.70772933959961
N#Cc1ccc(-n2c(=O)c3ccc([N+](=O)[O-])cc3c3ccccc32)cc1,18.655868530273438
CC1(C)Oc2ccc(C#N)cc2C(NS(=O)(=O)c2ccc(-c3ccc(C#N)cc3)cc2)C1O,18.282840728759766
C=CCn1c(=O)n(C)c(=O)c2c(C(N)=O)nc(-c3ccc(N)cc3)nc21,22.390777587890625
Cc1ccc(NC(O)c2cc(O)n(Cc3ccccc3)c2)cc1O,25.69483757019043
Nc1ccc(C=Nc2ccc(-c3nc(-c4ccc(N)cc4)nc(-c4ccc(N=Cc5cc(C=O)c(O)c(C=O)c5O)nc4)n3)cc2)cc1,14.14333724975586
Cc1ccc(N=c2[nH]c(Cl)nc(=Nc3ccc(-c4nc(-c5ccc(N)cc5)[nH]c(=N)n4)cc3)[nH]2)cc1,23.56278419494629
N#CCCC#Cc1ccc(-c2ccncc2)c(O)c1,26.712650299072266
Nc1ccc(-c2nc(-c3ccc(N=Cc4cc(C=O)c(O)c(C=O)c4O)nc3)nc(-c3ccncn3)n2)cn1,12.569633483886719
N#Cc1ccc(-c2ccc(N3CCC4(CCNCC4)C3=O)nc2)cc1,18.8961124420166
CC1CC(c2cccs2)CC2(C)C3=CCC4C5CC(C)(C)CCC5(C(=O)O)CCC4(C)C3(C)CCC2C1C,39.14931106567383
Cc1cc(O)cc(C)c1CC(N)CNC(C)Cc1ccc(N)cc1,26.04829978942871
CC(=O)c1ccc(N)cc1C(C)=O,23.012088775634766
COc1ccc(-c2nc(=N)nc(-c3ccc(N)cc3)n2-c2ccc(S(N)(=O)=O)cc2)cc1,23.42411231994629
N#Cc1ccc(-c2cc(-c3ccccc3)cc(-c3ccc(C=O)cc3)c2)cc1,13.885669708251953
N#CC(=O)c1ccc(-c2ccc(C#N)cc2)cc1,11.78735637664795
CN1CCN(Cc2cccc3ccccc23)CC1,15.501484870910645
CC(=O)Nc1cc(O)c(N=Cc2ccco2)cc1O,13.810489654541016
CSc1ccc(C=CC(=O)c2ccc(C(=O)C=Cc3ccc(N(C)C)cc3)cc2)cc1,23.07303810119629
CC(C)CC(NC(=O)C(CN)NC(=O)OC(C)(C)C)C(O)CC(=O)NC(C(=O)NCc1ccccc1)C(C)C,34.71404266357422
CN(C)c1ccc(C=Nc2ccc(-c3ccc(-c4ccc(NC(=Nc5ccc6c(c5)OCCO6)c5ccccc5)cc4)cc3)cc2)cc1,25.92618751525879
CN=c1[nH]c(-c2ccc(C#N)cc2)cc2ncn(C)c(=O)c12,14.88571548461914
CNc1ccc(-c2nc(-c3ccccc3)nc(-c3ccc(NC(=N)N)cc3)n2)cc1,18.408857345581055
Cn1c([N+](=O)[O-])cnc1C=Cc1ccco1,19.464445114135742
COc1cc2c(cc1C#N)Nc1cc(-c3ccc(C#N)cc3)ccc1C(=O)N2,13.02469539642334
N#CC(C#N)=Cc1ccc(-c2nc(-c3ccc(C=Nc4cc(O)c(N)cc4O)cc3)c3ccccc3n2)cc1,17.54778480529785
CN(C)Cc1nccc(-c2ccc3c(-c4ccc(C#N)cc4)nn(-c4cccc(C#N)c4)c3n2)n1,28.299579620361328
N#Cc1ccc(CN(Cc2ccc(C#N)cc2)c2ccc(C#N)cc2)cc1,13.21776008605957
N#Cc1ccc(Cc2ccc3c(=N)[nH]c(=N)[nH]c3n2)cc1,17.59442710876465
CNc1ccc(-c2cc(-c3ccc(C#N)cc3)c3c(n2)-c2ccccc2-3)cc1,22.245067596435547
C[n+]1c(-c2ccc(C=CC=Nc3ccc(-c4n[nH]c(=S)o4)cc3)cc2)cn2ccccc21,23.756086349487305
CN(CC1CCCN1)c1cc(-c2ccc(Oc3ccc(C#N)cc3)cc2)nc(C(N)=O)n1,28.731224060058594
Nc1ccc(-c2nc(-c3ccc(N)nc3)nc(-c3ccccn3)n2)cn1,13.579113006591797
Cn1c(C(C#N)C#N)nc2ccccc21,14.852865219116211
CONC(=O)c1ccc(-c2ccnc(C#N)n2)cn1,22.911115646362305
N#Cc1ccc(-n2c(=O)c3ccccc3n(Cc3ccc(F)cc3)c2=O)cc1,16.32274627685547
CN1CCN(c2ccc(-c3cc(-c4ccc(N)cc4)nc(-c4ccc(N)cc4)n3)cc2)CC1,9.950332641601562
CC1=NCCc2ccc(O)c(Cl)c21,21.703227996826172
Cc1ncc(C)c(-c2ccc(CCN3CCCOC3=O)cc2)n1,24.312299728393555
Cc1cccc(Cn2c(=O)n(-c3ccc(-c4cccc(N)c4)cc3)c(=O)c3cnccc32)n1,32.016387939453125
Nc1ccc(-c2nc(-c3ccc(O)cc3)n3c2SC(=O)CC3)cc1,27.184009552001953
N#Cc1ccc(-c2cc3c(C#N)cccc3c(=O)n2-c2ccc(C#N)cc2)cc1,17.44440460205078
N#Cc1ccc(-c2ccc(Br)cc2)cc1,12.068662643432617
O=C(Nc1ccc(Br)cc1C(Cl)(Cl)Cl)c1ccccc1Br,28.857582092285156
N#Cc1ccc(-c2c(C#N)cnn2-c2ccc(C(N)=O)cc2)cc1,14.348015785217285
N#Cc1ccc(-c2cnco2)cc1,12.44390869140625
CN1CCC23CCCN2CCC1c1ccc(O)c(O)c13,26.952089309692383
N#Cc1cc2c(cc1C#N)NNC(=O)C2,24.2186279296875
CN1CCN(C(=O)C2CCC(Cn3c(=S)[nH]c4cc5c(cc4c3=O)OCO5)CC2)CC1,23.4044189453125
CC(=O)N=c1[nH]n(CCCN(C)C)c(=O)c2cc3c(=O)n(-c4ccc(C#N)cc4)[nH]c(=O)c3cc12,21.19477653503418
Cc1ccc(C)c(NC(=S)N=Nc2c(O)[nH]c3ccc(C#N)cc23)c1,20.051599502563477
Cc1[nH]c(=S)c(C#N)c(C)c1C#N,13.66911506652832
C=c1[nH]n(-c2ccc(-c3ccccc3)cc2)c(=O)c1=CN1CCOCC1,18.419769287109375
Cc1cccc(C#N)n1,13.652002334594727
COc1cc(-c2ccc(O)c(C#N)c2)cc(C=O)c1O,21.28636932373047
CC(C)n1c(O)c2c(c1O)C(C#N)=CN(C)C2,30.52670669555664
CC#Cc1cc(C#N)c2oc(=O)cc(C)c2c1,19.666797637939453
CC(C)=Cc1cccc2cc(-c3ccc(-c4ccc(-c5nc(-c6ccc(N)cc6)nc(-c6ccc(N)cc6)n5)cc4)cc3)ccc12,27.706748962402344
CC(=O)Nc1ccc(-c2cc3nc[nH]c(=NCc4ccccc4)c3[nH]2)cc1,23.318866729736328
Cc1ccc(-c2c[n+]([O-])c(-c3ccc(N)cc3)n[n+]2-c2ccccc2)cc1,23.03605079650879
N#Cc1ccc(-c2ccc(O)c(C#N)c2)cc1,11.229277610778809
ON=C(O)C=Cc1ccc(-c2ccccc2)cc1,13.544621467590332
Cc1ccc(-c2nccc(-c3cccc(O)c3)n2)cc1,21.535383224487305
CN1CCN(c2ccc(-c3cc4nc(-c5ccc(N)nc5)n(-c5ccc(C#N)cc5)c(=O)c4[nH]3)cc2)CC1,17.517898559570312
C=Cc1cccc(C(=O)NC(Cc2ccc(-c3cccc(N)c3)cc2)C(=O)NCC#N)c1,23.159332275390625
Nc1ccc(-c2nnc(-c3ccc(N)cc3)o2)cc1,11.057234764099121
N#Cc1ccc(-c2ccc(=NCCN3CCC(N4CCCCC4)CC3)[nH]n2)cc1,26.07866859436035
ClCCCNCc1ccccc1,21.04206085205078
N#Cc1ccc(-c2ccc(-c3cc4ccccc4n3-c3ccc(C(N)=O)cc3)cc2)cc1,18.379552841186523
COc1ccc(C#N)cc1-c1cc(-c2ccccn2)c(-c2cc[nH]c(=N)n2)n1CC(C)O,33.569847106933594
N#Cc1nc(C#N)c(C(F)(F)F)nc1C#N,21.617008209228516
O=C(NCCc1ccc(O)cc1)c1nc(-c2ncccn2)c(O)cc1O,27.587726593017578
Cc1ccc2nc(-n3c(-c4ccc(C#N)cc4)cc4ncc(-c5ccc(C#N)cc5)cc43)sc2c1,10.17545223236084
C=Cc1nc2cc(-c3ccc(C#N)cc3)ccc2nc1OC,20.093231201171875
CSc1nc(-c2ccc(C(C)C)cc2)c(-c2cccc(C#N)c2)cc1C#N,19.767969131469727
N#Cc1ccc(Cn2cncc2C=O)cc1,14.687601089477539
N#Cc1ccc(C(=O)NC(C(=O)c2ccc(Cl)cc2)c2ccc(Cl)cc2)cc1,23.44760513305664
Cc1c(O)cc2c(-c3ccc(C#N)cc3)c3ccoc3c(O)c2c1O,30.98143196105957
N#Cc1ccc(N=c2[nH]c(-c3ccc(Cl)cc3)c(C#N)cc2C#N)cc1,20.797252655029297
COC(=O)C1(C)N=C(c2ccc(C#N)cc2)c2c1c(O)n(C)c2O,20.634864807128906
CC(=O)c1cc(C#N)c2ccc3c(C#N)cc(C#N)c4ccc1c2c34,15.625802040100098
N#Cc1ccc(-n2c(=S)sc3cc4c(nc32)CCCC4=O)cc1,24.576210021972656
N#Cc1ccc(CC(=O)Nc2ccc(S(=O)(=O)N=c3cccc[nH]3)cc2)cc1,23.811817169189453
CN=c1[nH]c(C)c(-c2[nH]c(=Nc3ccc(N4CCN(C)CC4)cn3)ncc2C#N)s1,18.79758644104004
N#Cc1ccc(C=CC(=O)O)cc1,14.357257843017578
CC(C)N=c1[nH]c(-c2ccc(C#N)cc2)cc2ncn(C)c(=O)c12,14.995115280151367
N#Cc1cc(C#N)c2ccc3c4c2c1CCc1c-3cccc1-4,17.560304641723633
N#Cc1cc(-c2c(O)cc(O)cc2Oc2ccc(C=CC(=O)O)cc2)ccn1,21.134469985961914
CC(=O)N1CCNC(C(=O)N2CCN(c3ccccc3C(=O)c3ccc(C#N)cc3)CC2)C1,32.482234954833984
COc1ccc(C=NNC(=O)c2ccc(N3C(=O)c4ccccc4C3=O)cc2)cc1,22.473705291748047
N#Cc1ccc(-c2cc(C#N)nn2-c2ccc(C#N)cc2)cc1,10.776517868041992
N#CC=CC(=O)Nc1ccc(-c2nc(-c3ccc(N)cc3)nc(-c3ccc(N4C(=O)c5ccc6c7c(ccc(c57)C4=O)C(=O)OC6=O)cc3)n2)cc1,14.284143447875977
N#Cc1ccc(Oc2ccc(S(=O)(=O)N=c3cnc(C#N)c[nH]3)cc2C#N)cc1,17.413698196411133
CC(C)c1cccc(Nc2ccc3c(c2)S(=O)(=O)c2cc(-c4ccc(C#N)cc4)ccc2C3=O)c1,23.52376937866211
C=CCN=c1nc(-c2ccc(O)cc2)c(C#N)c(C)[nH]1,24.290019989013672
Nc1ccc(-c2nc(-c3ccc(N=Cc4cc(C=O)c(O)c(C=O)c4O)nc3)nc(-c3ccccc3F)n2)cn1,12.02659797668457
Cc1ccc2[nH]c(-c3cccc(-c4ccc(CNCS(=O)(=O)c5ccccc5)cc4)c3)nc2c1,28.817472457885742
C=C(O)c1nc(-c2ccc(C#N)cc2)nc(-c2ccc(N)nc2)n1,21.752601623535156
CN(CC#N)Cc1ccc(C#N)cc1,15.93390941619873
N#Cc1ccc(Nc2cccc(-c3ccc(C#N)cc3)c2)cc1,11.940054893493652
CSc1ccc(C=CC(=O)OCN2C(=O)c3ccccc3C2=O)cc1,23.853954315185547
N#Cc1ccc(-c2[nH]nc3cnc(-c4ccc(N)nc4)cc23)cc1,18.137601852416992
[N-]=[N+]=Nc1cc(-c2ccc(-c3ccc(-c4nc(-c5ccccc5)cc(-c5ccccc5)n4)cc3)cc2)cc(-c2ccc3cc(C(=N)N)sc3c2)c1,38.28711700439453
Cn1c(-c2ccc(N)cc2)nc2cc(N=Cc3ccc(N)cc3)ccc21,24.5097713470459
C=C(c1ccc(-c2ccc(-c3ccc(C#N)cc3)cc2)cn1)C1CN(C)CCC1(C#N)c1ccc(F)cc1,31.585281372070312
N#Cc1ccc(CN2CC(C(C(N)=O)c3ccc4c(c3)OCO4)Oc3cc(C#N)c(C#N)cc32)cc1,30.48427963256836
NC(=O)c1cc(-c2ccc(N)nc2)nc(-c2ccc(N)nc2)n1,17.853771209716797
CCN1C(=O)c2ccccc2C(O)c2ccccc21,21.072628021240234
COc1ccc(-c2nc(-c3ccc(N)cc3)nc(-c3ccc(N)cc3)n2)c(OC)c1,17.113719940185547
COc1ccc(C(=O)c2c3cccc(O)c3c(C)c3c(=O)c(C)c(-c4cccc(O)c4)oc23)cc1,40.230377197265625
Nc1ccc(-c2nc(-c3ccccc3)nc(-c3ccc(N4C=Cc5c(=O)oc(=O)c6ccc7c(=O)c(c7c56)C4=O)cc3)n2)cc1,12.437390327453613
Cc1cc2cc3occ(-c4ccc(N)cc4)c(=O)c3cc2c(O)c1C(=O)c1ccc(-c2ccccc2)cc1,28.78530502319336
CN(CCN1CCCC1)c1ncc(-c2ccnc(-c3ccc(C#N)cc3)c2)c(-c2cccc(O)c2)n1,23.168760299682617
Nc1ccc(-c2ccc3nc(-c4ccc(N)cc4)nn3c2)cc1,14.498647689819336
N#CC1CC(F)CCN1C(=O)c1ccc(-c2ccncc2)cc1,24.316099166870117
CC1(C)CCN(c2ncc(C#Cc3ccc(CCC(=O)O)cc3)cn2)C(=O)C1,20.02783966064453
CC(=O)N1CCN(c2nc(C)nc(-c3ccc(N4CCCCC4)nc3)n2)CC1,22.846948623657227
Cc1ncnc(-c2ccc(-c3ccc(N4CC(c5ccc(C#N)cc5)n5cc(-c6ccc(F)cc6F)cc5C4=O)nc3)cc2)n1,35.77226257324219
COc1cc(N2CCN(C(=O)C(N)=O)CC2)ccc1N=c1nc(-c2cnc3ccccn23)c(Cl)c[nH]1,27.19886589050293
CC(C)OCNc1ccc(-c2c[nH]c(-c3ccc(C(N)=O)cc3)n2)cc1,31.168350219726562
N#Cc1ccc(Br)cc1,11.2166748046875
Cc1cc(C#N)ccc1O,13.33145809173584
C#CC#Cc1ccc2sccc2c1,19.7631893157959
N#Cc1ccc(C#N)c(-c2ccccc2O)c1,17.085718154907227
N#CC(=Cc1ccc(C=O)cc1)N=Cc1ccccc1O,25.153156280517578
C#Cc1ccc(-c2ccc3nc(-c4ccc(O)c(F)c4)nc(N4CCOCC4)c3c2)cc1,23.784286499023438
N#Cc1ccc(CC(=O)NC2C(=O)N3C(C(=O)O)=C(CN4c5ccccc5Sc5ccccc54)CSC23)cc1,31.764184951782227
O=c1cc2ccn(-c3ccc(N=Cc4ccccc4O)cc3)c(=O)c2c2ccccc2n1,28.7694149017334
CCN1OC2(C(=O)Nc3ccccc32)n2c1nc1ccccc12,28.45409393310547
O=C(N1CCOCC1)N1CCCC(c2nc(-c3ccccc3)no2)C1,22.259159088134766
CNc1ccc(Cc2nc(=O)c3cnn(-c4ccc(C#N)cc4)c3[nH]2)cc1,19.150184631347656
Cn1cc(C#N)c2cc(-c3ccc(C#N)cc3)ccc21,15.230965614318848
Cc1ccc2c(c1)C(=O)c1c(ccc3c1OCO3)C2=O,22.076486587524414
N#Cc1ccc(-c2cc3c(nn2)sc2nc(-c4ccc(C#N)cc4)cn23)cc1,14.28114128112793
CC(=O)N1CCCC(Cn2nc(C)nc2C)C1,24.60828399658203
NC(=O)N=c1nc(-c2cc[nH]c(=O)c2-c2ccc(F)cc2)cc[nH]1,27.519582748413086
ON=Cc1ccc[n+](-c2cccc(C=NO)n2)c1,20.076997756958008
Cc1ccc(-c2cc(-n3nc(C)nc3C)ccn2)c(C)n1,27.91652488708496
CC1=C(c2ccc3nc(-c4ccc(C(=N)N)cc4)nc(Sc4ccc(N)cc4)c3c2)C(=O)c2cc(C(N)=O)ccc21,40.72089385986328
N#CC(=Cc1cn(CCOc2ccc(C#N)cc2)c2ccccc12)C(=O)O,24.11107063293457
CC(=O)Nc1cccc(N=c2nc(-c3ccc(N4CCC(F)C4)nc3)cc(C)[nH]2)c1,24.02652931213379
N=C(N)c1ccc(C#Cc2cccc(C(=N)N)n2)cc1,22.695451736450195
N#Cc1ccc(-c2ccc(N=Nc3cc(O)c(N)cc3O)cn2)cc1,14.030854225158691
N#Cc1ccc(-c2ccnc(-c3ccc(N)cc3)n2)cc1,9.407835960388184
Nc1ccc(-c2ccc3ccccc3c2)cn1,16.26966667175293
N#Cc1ccc(-c2ccc(-c3nc4c(C#N)c[nH]n4c(=NCc4cc(C#N)ccc4Cl)c3C#N)cc2)cc1,24.350454330444336
N#Cc1ccc(Oc2ccccc2)c(N)c1,15.633316040039062
Cn1c(=O)[nH]c(=N)c2c(N3CCOCC3)nc(-c3ccc(N)nc3)nc21,21.115413665771484
Cc1ccc2nc(-n3c(-c4ccc(C#N)cc4)cc4c3cc(-c3ccc(C)o3)n4-c3nc4ccc(C)cc4s3)sc2c1,15.06711483001709
N#Cc1c(-c2ccc(N)cc2)nn2c1-c1cc(F)ccc1N1CCCCCC1C2,31.370824813842773
N#Cc1ccc(N=c2cc[nH]c(C#N)c2)cc1,16.03330421447754
CC(=O)c1ccc(-c2c(C(=O)c3ccc(C)nc3)c(O)c(O)n2Cc2ccc(N3CCCC3)cc2)cc1,29.963031768798828
COc1cc(C)c(Cl)cc1S(=O)(=O)N1CCCC1,24.496843338012695
CCN(CC)c1nc(C)nc2c1c(=O)n(-c1ccc(C#N)cc1)n2C,15.641294479370117
CC(=O)c1ccc(-n2c(-c3ccccc3)c(C#N)c3ccc(O)cc32)cc1,18.306711196899414
N=c1[nH]c(=N)c2ncn(CCNC(=O)OCc3ccccc3)c2[nH]1,29.193876266479492
N#Cc1cc2c(cc1N)C(=O)N(c1ccc(-c3nc(-c4ccccc4)nc(-c4ccc(N)cc4)n3)cc1)C2=O,15.672204971313477
N#Cc1ccc(-c2nc(-c3ccc(C#N)cc3)nc(-c3ccc(C=Nc4cc(O)c(N)cc4O)cc3)n2)cc1,12.360869407653809
NC(=O)c1ccc(-c2ccc(C(Cc3ccc(C(=O)NCCC(=O)O)cc3)Cc3csc(-c4ccc(C(F)(F)F)cc4)n3)cn2)cc1,39.18354415893555
COc1cccc(C2c3ccc(O)cc3Oc3cc4c(cc32)OCO4)c1O,22.90623664855957
COc1ccc(C=C2Oc3ccccc3-c3ccc(N4CC(CNC(C)=O)OC4=O)cc32)cc1,24.62727165222168
CN1CCc2c1c(N)nc1cc(N)ccc21,22.38314437866211
N#Cc1ccc(C(=O)c2cccc(-c3ccc(C#N)cn3)n2)cc1,16.85955810546875
N#Cc1ccc(CSc2nc(=N)cc(N)[nH]2)cc1,15.636956214904785
Cc1cc(-n2cc(-c3ccc(OC(C)C)c(C#N)c3)cn2)nc(-c2ccc(C(N)=O)cc2)n1,29.087818145751953
N#Cc1ccc2[nH]c3ccc(-c4ccc(-c5ccc(N)cc5)nc4)cc3c2c1,24.032522201538086
COc1cccc2c1C(=O)c1c(O)cc(C)cc1C2=O,19.01614761352539
O=C(O)c1ccc(=NC(=O)c2ccc(C(F)(F)F)c(-c3ccc4c(c3)OCO4)c2)[nH]c1,31.498321533203125
CC(C)C(NS(=O)(=O)c1ccc(-c2ccc(C#N)cc2)cc1)C(=O)O,19.156543731689453
N#Cc1ccc(-c2ccc3c(C#N)c4ccccc4c(C#N)c3n2)cc1,17.508487701416016
O=c1n(Cc2ccc(-c3ccccc3-c3nn[nH]n3)cc2)cc(O)n1Cc1ccc(-c2ccc(C(F)(F)F)cc2)cc1,18.638988494873047
Cc1ccc(-c2nc(-c3ccc(-c4nc5cc(C#N)ccc5o4)cc3)no2)cc1,20.018993377685547
Cc1nc2ccccc2c(-c2ccc(Cl)cc2)c1CN,17.44915771484375
CSc1nnc(-c2ccc(N)cc2)o1,17.314910888671875
N#Cc1ccc(C=NNC(=O)c2ccc(Cn3cc(Cl)cn3)o2)cc1,24.529619216918945
N#Cc1ccc(-c2cc3c(C#N)ccc(C=NO)c3o2)cc1,22.596031188964844
N=C1C(=O)c2ccccc2C(=O)C1N,16.930341720581055
CN(C)c1nc2ccccc2nc(=O)c1C(=O)NCC#Cc1ccc2ncnc(N(C)C)c2c1,30.11353874206543
Oc1ccc(C=Nc2cc(O)c(N=Cc3ccc(O)cc3)cc2O)cc1,13.330808639526367
Oc1ccc(CNC(=S)Nc2ccc(-c3nccc(-n4cc(-c5ccccc5)cn4)n3)cc2)cc1,31.491060256958008
Nc1ccc(-c2nc(-c3ccc(N=Cc4cc(C=O)c(O)c(C=O)c4O)nc3)cc(-c3nc4ccccc4[nH]3)n2)cn1,17.786930084228516
CSc1nnc2cccc(Cc3ccccc3)n12,23.219215393066406
Cc1ccc(-n2c(-c3nc(Cl)c(Cl)nc3Cl)nc3ccccc3c2=O)cc1,27.905670166015625
O=C1Nc2ccccc2C12C(c1cccs1)=C(c1c[nH]c3ccccc13)C1CSCN12,35.26844024658203
Nc1ccc(-c2nc3c4c(nc5ccccc5n4c2=O)C(=Nc2ccccc2)CC3=O)cc1,34.08965301513672
c1coc(-c2nnc(-c3cccc4ccccc34)o2)c1,21.372373580932617
c1ccc2c(c1)Nc1ncccc1-n1c(-c3ccc(NC4CCCCC4)cc3)nnc1-2,21.806596755981445
COc1cc2c(cn1)N(C=O)CCC2,22.11668586730957
Cc1ccc(-c2n[nH]cc2-c2ccnc3cnc(-c4ccc(C#N)cc4)cc23)cc1,20.77146339416504
CC1C2Cc3ccc(O)cc3C1(c1ccccc1)CCN2C,15.797140121459961
Nc1ccc(-c2c[nH]c(C3CCN(C(=O)Nc4ccccc4Cl)CC3)n2)cc1,24.446779251098633
Cc1ccc(S(=O)(=O)OCC2c3c(ccc4c(C#N)cc(C#N)cc34)OC2(C)C)cc1,16.976778030395508
C=Cc1cc(C#N)c(=O)n(-c2cc(N)cc(C)n2)c1,29.483192443847656
Nc1ccc(-c2ncnc3c2CCCC3)cc1,19.45174217224121
Nc1ccc(-c2nc(-c3ccc(N)nc3)nc(-c3ccc(N)nc3)n2)cc1,10.377321243286133
N#Cc1c(N)nc(-c2ccc(N)cc2)nc1C(F)(F)F,19.00362777709961
N#Cc1ccc(-c2ccc(N3CCNC3=O)nc2)nc1-c1cccc(N)c1,21.715726852416992
Nc1ccc(-c2nc(N)c(N=Cc3ccc(-c4nc(-c5ccc(C=O)cc5)nc(-c5ccc(C=O)cc5)n4)cc3)cc2O)cc1,16.587600708007812
O=C(Nc1ccc(-c2nc(N3CCOCC3)nc(N3C4CCC3COC4)n2)cc1)Nc1ccc(N2CCS(=O)(=O)CC2)nc1,23.531600952148438
N#Cc1ccc(C2=C(CO)c3cc(C#N)ccc3C2)cc1,24.172788619995117
CC1COCCN1c1nc2c(c(-c3ccc(N)nc3)n1)C(=O)N(C)CC(C)(C)O2,14.613184928894043
N#Cc1c(=O)ncn2c1[nH]c1ccccc12,19.3101749420166
c1ccc(-c2ccc(C3=NNC(c4ccccc4)C3)cc2)cc1,17.762544631958008
Cc1[nH]c(=O)nc(-c2ccc(C#N)cc2)c1C#N,13.16921329498291
N#Cc1ccc(-c2nc(-c3ccc(N)nc3)ncc2C#N)cc1,15.106487274169922
COc1ccc2nc(-c3ccc(C#N)cc3)c(=O)n(CC3CCCN(CCN4CCCC4=O)C3)c2c1,30.920669555664062
CCN(CC)C(=O)c1sc(-c2ccc(C#N)cc2)nc1-c1ccc(C)cc1,20.323949813842773
CC(=O)NC(C)Cc1ccc(C#Cc2ccc(C#N)cc2)cc1,12.112530708312988
C=C(C)C1CCC2(C)C1=CCC1C2CCC2C(C)(C)C(=N)C(C#N)=CC12C,31.560482025146484
Cc1cccc(N)c1-c1nc(-c2ccc(N)nc2)nc(-c2ccc(N=Cc3cc(C=O)c(O)c(C=O)c3O)nc2)n1,18.422273635864258
CN(C)C1CCc2[nH]c3ccccc3c2C1,15.453081130981445
CCc1c(C(=O)NCc2cnc(C)cn2)nc(-c2ccc(N)nc2)n1-c1ccc(C#N)cc1,23.140769958496094
N#Cc1ccc(-c2nc(-c3ccc(N)cc3)nc(-c3ccc(-c4nc(Cl)nc(Cl)n4)cc3)n2)cc1,15.2303466796875
N#Cc1cccc(-c2ccc3c(C#N)c[nH]c3c2)c1,21.487417221069336
C=Cc1cccc(-n2cnc3c(ccc4ccccc43)c2=O)c1,23.51944351196289
Cc1cc(C)n(-c2nc(C#N)nc(-c3ccc(C#N)cc3)n2)n1,13.520879745483398
Cc1nn(-c2nccc(-c3ccc(C#N)cc3)n2)cc1C#N,16.070775985717773
Cc1nc(=Nc2ccc3[nH]c(C(=O)N4CCN(C)CC4)cc3c2)nc(-c2cccc(C#N)c2)[nH]1,24.99156379699707
CN1CCN(c2ccc(-c3nn(C)c4[nH]cnc(=N)c34)cc2O)CC1,21.83213996887207
CN1CCN(c2ccc(-c3cc(-c4ccncc4)c(-c4ccc(C#N)cc4)n3C)cc2)CC1,16.334007263183594
Nc1ccc(N=c2cc[nH]c3cc(C(F)(F)F)ccc23)cc1,18.796892166137695
CC(=O)N1CCN(C(=O)C(=O)c2cn(-c3ccc(C#N)cc3)c3ccccc23)CC1,24.00711441040039
CCc1ccc2c(c1)NC(=O)c1ccc(-c3ccc(C#N)cc3)cc1N2,14.460254669189453
N#Cc1cc(Cl)c(N)cc1O,12.625895500183105
Cn1cc(NC(=O)c2ccc(NC(=O)c3nc(C#N)c[nH]3)cc2)cc1C(=O)NCCN=C(N)N,19.757667541503906
Nc1ccc(-c2cc(-c3ccccc3)nc(-c3ccc(N)cc3)n2)cc1,11.197955131530762
CC1(C)CC(C)(c2ccccc2)c2ccc(C#Cc3ccc(N)cc3)cc2N1,24.291166305541992
O=c1c(O)c(-c2ccccc2)oc2ccccc12,17.204769134521484
CC(C)c1ccc(Oc2nc(-c3ccccn3)cnc2C#N)cc1,19.725631713867188
Cc1ccc(-n2c(=O)c3cc4c(=O)n(-c5ccc(C#N)cc5)c(=O)c4cc3c2=O)cc1,8.773811340332031
N#CC=Nc1nc(-c2ccc(N)nc2)nc(-c2ccc(C#N)cc2)c1C#N,20.85582733154297
Cc1cc(=Nc2ccc(C(N)=O)cc2Cl)nc(C=CCc2ccc(C#N)cc2)[nH]1,38.582550048828125
CC1(C)CCOc2cc(-c3ccc(N)nc3)ccc21,17.659481048583984
Cc1cc(C)[nH]c(=Nc2cccc(-c3ccc(N)nc3)n2)c1,12.347373962402344
N#CC(=Cc1ccc(-c2cccc(C(=O)O)c2)o1)C(N)=O,18.20368003845215
C=CCn1c(O)c(N=NC(=S)Nc2ccc(C)cc2)c2ccccc21,20.517913818359375
CC1(C)OC(=O)C(=Cc2ccc(N3CCOCC3)cc2)C(=O)O1,18.921722412109375
Cn1cc(C=C2C(=O)c3ccccc3C2=O)c2ccccc21,20.55291748046875
CN1CCN(S(=O)(=O)c2cccc(C(=O)N=c3ccc(Cl)c[nH]3)c2)CC1,21.980451583862305
C=CC(=O)Nc1cccc(F)c1-c1nc2cc(C)ccc2[nH]1,29.69195556640625
Nc1ccc(-c2nc3ccccc3s2)c(O)c1,17.539636611938477
N#CC(=Cc1ccc(-c2ccc(C#N)cc2)o1)c1ccc(Cl)cc1,16.59147834777832
Cc1c(C=O)c2ccccc2n1Cc1cccc(F)c1,22.30727195739746
Cc1ccc(-c2c(C#N)c(-c3cccc(C#N)c3)[nH]c(=N)c2C#N)cc1,24.187490463256836
COc1ccc(-c2nc(-c3ccc(N)cc3)nc(-c3ccc(C(C)(C)C)cc3)n2)cc1N,23.407669067382812
Cc1cc(C#N)c(C#N)c(SC#N)n1,21.157901763916016
Oc1cc(Nc2ccccc2)c(O)cc1N=Cc1ccc(-n2ccnc2)cc1,14.110424041748047
Nc1ccccc1-c1nc(-c2ccncc2)nc(-c2ccc(N=Cc3cc(C=O)c(O)c(C=O)c3O)nc2)n1,17.568771362304688
COc1c(C)cc(CN2CCC(C(=O)N3CCC(C#N)=C(c4ccc(C#N)cc4)C3)CC2)cc1C,37.36678695678711
N#Cc1ccc2[nH]c(-c3cccs3)nc2c1,16.955982208251953
CNC1CCC2C3CC=C4C=CCCC4(C)C3CCC12C,24.88790512084961
N#Cc1ccc(CSc2nc(=O)c3ccccc3n2Cc2cccc(C#N)c2)cc1,22.821657180786133
ON=Cc1ccc(Cl)cc1,13.328778266906738
N#Cc1ccc(-c2c(C#N)c3cccc(C(F)(F)F)c3n2-c2ccc(C#N)cc2)cc1,25.711889266967773
O=[N+]([O-])c1ccc(-c2nn(-c3ccccc3)cc2C=NO)cc1,17.955699920654297
N#Cc1ccc(-c2cc(C#N)c(N)nc2-c2ccc(N)nc2)cc1,12.870743751525879
CC(C(=O)NC1CCC1)c1ccc(OC2CCN(c3ccc(C#N)cn3)C2)cc1,18.701826095581055
COc1ccc(-n2c(-c3ccc(C#N)cc3)cc3c2cc(-c2ccc(C#N)cc2)n3-c2ccc(C(C)C)cc2)cc1,9.834705352783203
N#Cc1ccc(-c2ccc3c(c2)N2C(=O)OC(Cn4cc(CO)nn4)C2CO3)cc1,18.101455688476562
N#Cc1ccc(-c2cc(-c3ccc(N)nc3)nc(N3CCOCC3)c2)cc1,13.167850494384766
Cc1cc(C=Nn2cnnc2)c(C)n1-c1ccccc1,12.962361335754395
CC(C)n1c(=O)cc(-c2ccc(C#N)cc2)c2nc(=Nc3ccc(N4CCNCC4)cn3)[nH]cc21,21.534236907958984
CCCCCN1CCc2cc(O)ccc2CC1=O,23.909526824951172
C#Cc1cccc2c(=O)c(-c3ccc(NS(C)(=O)=O)cc3)c(C)n(C3CCCCC3)c12,27.22382354736328
Cc1cc[nH]c(=NS(=O)(=O)c2ccc(NCCc3ccccc3)cc2)n1,26.779033660888672
N#Cc1cc(C#N)nc(-c2ccc(N)nc2)n1,17.458284378051758
Cc1ccc(-c2cc(-c3ccccc3)cc(-c3ccc(-c4nc(Cl)nc(Cl)n4)cc3)c2)cc1,9.797966003417969
O=Cc1ccc(O)c(C=Cc2ccc(O)c(O)c2)c1,18.860136032104492
N#Cc1ccc(-c2nc(C#N)c(C#N)cc2C#N)cc1,15.598184585571289
N#CC1C(=O)NCC([N+](=O)[O-])C1c1cccc([N+](=O)[O-])c1,25.504261016845703
COc1cc(O)cc(N(Cc2ccc(C#N)cc2)c2ccc3ncc(-c4ccccc4)nc3c2)c1,29.428319931030273
N#Cc1cccc(Nc2ccc3c(c2)CCc2ccc(C#N)cc2C3=O)c1,19.610916137695312
COc1ccc(CN2CCN(c3ncc(-c4ccc(N(C)C)nc4)cn3)C(=O)C2=O)cc1OC,32.95472717285156
Cc1ncc([N+](=O)[O-])n1CC(=O)Nc1ccccc1-c1ccccc1,22.725000381469727
CC1(C)CCC2(C(=O)O)CCC3(C)C(=CCC4C5(C)CCC(O)C(C)(C)C5CCC43C)C2C1,22.537410736083984
N#Cc1ccc(-c2ccccc2F)cc1,10.185230255126953
N#CC(C#N)=CN1CCc2c(sc(N=CN3CCN(C=O)CC3)c2C#N)C1,18.489225387573242
Cc1cc(C#N)cc2nc(-c3ccc(NS(=O)(=O)c4ccc(F)cc4)cc3)oc12,20.33317756652832
CNC(=O)c1cc2c(cn1)CCN(c1nc(-c3ccc(N)cc3)nc(-c3ccc(N)nc3)n1)C2,26.188011169433594
CC(NC(=O)c1cccc(C(=N)N)c1)c1ccc(-c2ccc(C#N)cc2)cc1,20.57332420349121
Cc1nc2ccccc2c(=O)n1NC(=O)c1cc2ccccc2oc1=O,25.607563018798828
C=C(C)C(=O)Oc1ccc(C=Nn2cnnc2)cc1OC(C)=O,27.35544204711914
Cn1[nH]c(-c2ccc(C#N)cc2)cc(=NCc2ccc[nH]2)c1=O,24.92421531677246
Cc1c(C#N)c(O)c(N=Nc2ccccc2Cl)c2cc(S(N)(=O)=O)ccc12,28.138896942138672
Cc1cc(C=C2C(=O)N(C)C(=O)N2C)c(C)n1-c1ccc(C#N)cc1,20.10521697998047
N=c1nc(Cl)c2c([nH]1)N(c1ccccc1)C(=O)C2=Nc1ccccc1,30.548362731933594
Cc1nc(-c2ccc(N(C)C)nc2)cs1,21.106517791748047
NN=C1CCCc2nc3ccccc3nc21,18.178321838378906
Cc1cc(C=O)cc(C=Nc2cc(O)c(NC(C)C)cc2O)c1O,20.251073837280273
COc1ccc(S(=O)(=O)N2CCCSCC2C(O)=NO)cc1,22.421052932739258
N#Cc1ccc(Oc2ccc(-c3nnc(-c4ccc(C#N)cc4)o3)cn2)cc1,20.89057159423828
CCC(=NC(=O)C=Cc1ccc(O)c(O)c1)C(=O)O,22.631317138671875
NC(N)=Nc1ccc(-c2nc(-c3ccc(N)cc3)nc(-c3ccc(N)cc3)n2)cc1,12.38332462310791
N#Cc1cc2c(C#N)cn(CCO)c2cn1,23.599411010742188
COc1cc(C(=O)NC2CCC(C)CC2)ccc1-n1cnc(C)c1,24.921215057373047
Cc1nc(-c2ccc(N)cc2)nc(-c2ccc(C#N)cc2)c1CN1CCN(c2ncccn2)CC1,21.18733787536621
Cc1cc2c(cc1-c1cccc(C#N)c1)C(=O)CC(c1ccc(O)cc1)O2,21.191123962402344
CCCCCCC(C#N)=Nc1ccc(N=Nc2ccc(S(=O)(=O)O)cc2)cc1,29.15852928161621
CCCc1cc(-c2nc(-c3ccccc3)cs2)ccn1,15.664722442626953
N=c1nc(-n2[nH]nc(-c3ccc(N)cc3)c2=N)nc[nH]1,21.031307220458984
C#Cc1ccc(-c2ccc(C#N)cc2)cc1N,14.733109474182129
Cc1cccc(=Nc2ccc(-c3cc(-c4ccc(C#N)cc4)nc(-c4ccc(N)nc4)n3)cn2)[nH]1,17.82650375366211
N#Cc1cc(Cl)cc(Oc2ccc(Cl)cc2C#N)c1,14.833584785461426
N#Cc1ccc2c(c1)C(=O)c1ccc(Nc3cc(F)cc(F)c3F)cc1CC2,16.812536239624023
COc1ccccc1-c1[nH]c(=Nc2c(C)n(C)n(-c3ccccc3)c2=O)ncc1C#N,29.808866500854492
Nc1ccc(-c2cc(=O)c3ccc(O)cc3o2)cc1,14.219649314880371
N#Cc1ccc(N=c2nc(Oc3ncccc3-c3cccc(F)c3)cc[nH]2)cc1,30.832008361816406
Cc1cccc(-c2nc(-c3ccc(N=Nc4ccc(O)cc4)cc3)nc(-c3ccc(N=Cc4ccc(N)cc4)s3)n2)n1,26.886438369750977
CC(C)n1c(CO)cc2c[nH]c(=Nc3ccc(OCCN4CCCC4)cc3)nc21,30.620662689208984
NC(=O)c1cnc(-c2ccc(NCc3c(Cl)cccc3Cl)c([N+](=O)[O-])c2)n1O,34.36807632446289
N#Cc1ccc(-c2ccc3nc4ccc(C(=O)c5ccc(C(=O)O)cc5)cc4c(=O)n3c2)cc1,27.02066993713379
Oc1ccc(N=c2[nH]c(-c3ccncc3)nc3ccccc23)cc1,17.03554344177246
Cc1ccc2nc(-n3c(-c4ccc(C#N)cc4)cc4c3cc(-c3cccc(C#N)c3)n4-c3nc4ccc(C)cc4s3)sc2c1,9.548416137695312
C1=Nc2ncccc2C(c2ccccc2)N1,20.76476287841797
N#Cc1ccc(-c2cc(C(=O)O)nc(-c3ccc(N)nc3)n2)cc1,13.286731719970703
CC(=O)NC(C)c1ccc(-c2ccc(-c3nc(C)c4c(=N)[nH]cnc4n3)cc2)cc1,28.277835845947266
c1ccc(-n2nnnc2SCc2nnc(-c3cccs3)o2)cc1,21.90972137451172
N#Cc1ccc(C(=O)c2ccc(-c3ccc(C=O)cc3)cc2)cc1,19.613218307495117
Cc1oc(-c2ccc(-c3cccc(C#N)c3)cc2)cc1C(=O)O,23.662479400634766
CC(C)(S)C(=O)Cn1cnc2cnc(Cl)nc21,39.52205276489258
N#Cc1ccc2c(c1)C(=O)c1ccc(Nc3nc(Cl)nc(Cl)n3)cc1C2=O,8.83742618560791
N#Cc1ccc(S(=O)(=O)N2CCN(C=O)CC2)cc1,12.637991905212402
N#Cc1cccc(-c2ccc3nc(-c4ccc(N)cc4)nn3c2)c1,17.799741744995117
N#CCNC(=O)C1(NC(=O)c2ccc(-n3cc(-c4ccccc4)c(-c4ccc(C#N)cc4)n3)cc2)CCCCC1,22.10871696472168
N#Cc1ccc(-c2nc(-c3ccc(N)cc3)nnc2-c2ccc(F)cc2)cc1,17.79648780822754
CC(C)c1cc(=O)c2ccc(-c3ccc(C#N)cn3)cc2[nH]1,21.385520935058594
Cc1ccc2nc(-n3c(-c4ccc(C#N)cc4)cc4c3cc(-c3ccc(C#N)cc3)n4-c3nc4ccc(C(C)C)cc4s3)sc2c1,11.226578712463379
CN1CCN(C(=O)c2cc(Cc3n[nH]c(=O)c4c3CCCC4)ccc2F)CC1,18.823123931884766
N#Cc1ccc2c(c1)nc(-c1ccc(N)cc1)n2C1CCNCC1,20.814985275268555
Nc1ccc(-c2nc(-c3ccc(N=Cc4cc(C=O)c(O)c(C=O)c4O)nc3)nc(-c3ccc(O)cc3Cl)n2)cn1,16.18061065673828
CCCn1c(=O)c2[nH]c(-c3cnn(CC(=O)Nc4cccc(C#N)c4)c3)nc2n(CCC)c1=O,22.814868927001953
Cc1ccc(-n2[nH]c(-c3ccc(N)cc3)cc2=N)cc1,14.397371292114258
Cn1c(=N)[nH]c2ccc(NCc3ccc(C#N)cc3-c3ccccc3)cc21,22.162708282470703
CC(=O)Nc1ccc(-c2cc3onc(C)c3c(N)n2)c2nc(-c3cnc(N4CCNCC4)nc3)ccc12,40.0677490234375
N#Cc1ccc(-c2cn(-c3ccc(C(=O)O)cc3)cc2C#N)cc1,13.091436386108398
CN(c1ccccc1)c1nnc(-c2ccc(NS(N)(=O)=O)cc2)c(-c2ccc(C#N)cc2)n1,29.986652374267578
Nc1ccc(-c2nc(-c3ccc(N)cc3)nc(-c3ccccc3NC(=O)OCc3ccccc3)n2)cc1,19.127548217773438
N#Cc1ccc(-c2ccc(CC(N)C(=O)N3CCCC3C#N)cn2)nc1,17.909122467041016
N#Cc1ccc(C(=O)Nc2cc(N)cc(O)c2)cc1,17.85805320739746
O=C(Cc1ccccc1)N=c1[nH]c(-c2ccccc2)nc2ccccc12,21.279376983642578
N#Cc1cc(-c2nc(-c3ccc(N)nc3)nc(-c3ccc(N=Cc4cc(C=O)c(O)c(C=O)c4O)nc3)n2)ccc1N,15.910198211669922
NC(Cc1c[nH]cn1)C(=O)O,17.39927101135254
Nc1ccc(-c2nc(-c3ccc(N)nc3)nc(-c3ccc(N=Cc4cc(O)cc(C=O)c4O)nc3)n2)cn1,16.00688934326172
CN(CC(N)=O)C(=O)c1ccc(-c2ccc(C#N)cc2)cn1,19.177785873413086
O=c1cc2ccn(-c3ccc(N=Cc4ccccc4O)cc3)c(=O)c2n[nH]1,21.46845054626465
CC1CCCCN1C(=O)c1ccc(Cl)c(-n2cnnc2)c1,25.73798370361328
Cc1cnc(-c2[nH]c(C=O)nc2-c2nc(-c3ccc(C#N)cc3)nc(-c3ccc(N)nc3)n2)cn1,28.013036727905273
CN1CCC2(c3cccc(O)c3)Cc3c(cc4c(c3C#N)CCC4)CC2C1,19.647628784179688
Cn1c(-c2ccc(N)cc2)c(C=O)c2ccc(F)cc21,21.509931564331055
COc1ccc2c(c1)CCc1cc(N)ccc1-n1c-2nc(N)cc1=O,29.96837615966797
Nc1ccc(-c2nc3cc(-c4ccc(O)cc4)[nH]c3c(=NC(C=O)Cc3ccc(O)cc3)[nH]2)cc1,30.799461364746094
CCN1c2cc(Cl)ccc2N(C)C(=O)c2c(N)nc(-c3ccc(N)cc3)nc21,19.200851440429688
Cc1ccc(-c2c(-c3ccc(N)cc3)nc3cc(C)ccn23)cc1,15.807596206665039
Cn1cc(NC(=O)c2cccc(NC(=O)c3ccc(-c4ccc(C#N)cc4)nc3)c2)cc1C(=O)NCCN=C(N)N,28.99449920654297
CN1c2cc(N=c3cc[nH]c(N4CCC(N)CC4)n3)ncc2C(=O)NC1(C)C,22.07321548461914
Cc1c(C)n(Cc2ccc(-c3ncccc3C(=O)O)cc2)c2ccc(C(=O)NCc3ccc(C#N)cc3)cc12,23.066709518432617
CN(Cc1ccc(-c2ccn(C)n2)nc1)C(=O)Cc1ccc2c(c1)CCO2,35.39455032348633
N#Cc1c(N)cc(O)c(C#N)c1-c1ccc(O)cc1,14.1128568649292
Cc1nccn1-c1ccc(-c2nc(-c3ccc(N)cc3)nc(-c3ccc(N)cc3)n2)cc1,16.506256103515625
NC(=O)Nc1ccc(O)cc1,19.127159118652344
Nc1ccc(-c2cc(-c3ccc(N=Cc4cc(C=O)c(O)c(C=O)c4)nc3)nc(-c3ccc(N)nc3)n2)cn1,10.365276336669922
Cc1nc(=N)nc(-c2ccc(C#N)cc2)[nH]1,13.88309097290039
Nc1ccc(C=CC(=O)c2ccc(O)c(-c3cccc(-c4ccc(-c5ccc(C=O)cc5)cc4)c3)c2)cc1,23.76956558227539
C=CCOc1ccccc1C=CC(O)=NO,24.27590560913086
COc1ccc(-c2cn(-c3cc[nH]c(=Nc4ccc(N5CCN(C)CC5)cc4)n3)cn2)cc1,21.873149871826172
Cn1c(=N)[nH]c2cc(-c3ccccc3)ccc21,17.65410804748535
CC(Oc1cc(-n2cnc3cc(-c4ccc(N)nc4)ccc32)sc1C(N)=O)c1ccccc1C(F)(F)F,22.620403289794922
CC1CNCCN1c1ccc(-c2nc(-c3ccncc3)nc(N3CCC(c4ccccc4)CC3)n2)cc1,25.55058479309082
N#Cc1cc(-c2c[nH]c(=N)c(C#N)c2)ccn1,16.466421127319336
CN1CCN(c2ccc(-c3nc(-c4ccc(N)cc4)nc(-c4ccc(N)cc4)n3)cc2Cl)CC1,22.450942993164062
NC(=O)C1CCCN(c2nc(-c3ccc(N)cc3)nc3sc4ccccc4c23)C1,30.969858169555664
Cc1ccnc(-c2cc(-c3ccc(C#N)cc3)nc(-c3ccc(N)nc3)n2)c1,20.2353458404541
Cc1ccc(-n2c(N)c(C#N)c3c(c2=O)C(=O)CC(C)(C)C3)cc1,14.061678886413574
Oc1cccc(-n2cnc3c(Cl)ncnc32)c1,17.57942008972168
Cc1ccc(NC(=O)CNc2ccc(-c3nc(N4CCOCC4)nc(N4CC(N)CC(N)C4)n3)cc2)cc1,24.623624801635742
N=C(N)c1ccc(-c2cccc(-c3cccc(-c4ccc(C(=N)N)cc4)n3)c2)cc1,19.77133560180664
N#CC=Cc1ccc(-n2nc(-c3ccc(C#N)cc3)cc2-c2ccc(C#N)cc2)cc1,15.784151077270508
COCCOCCn1cc(-c2ccc(C)cc2)c(-c2nc(-c3ccc(C#N)cc3)nc(-c3ccc(C#N)cc3)n2)n1,25.117048263549805
Nc1ccc(-c2nc(-c3ccc(N4C(=O)c5ccc6c7c(ccc(c57)C4=O)C(=O)OC6=O)cc3)nc(-c3cscn3)n2)cc1,17.03284454345703
Cn1c(-c2ccc(O)cc2)cc(-c2ccc(O)cc2)c1-c1ccccc1,15.733731269836426
Nc1cc(O)n(-c2ccccc2)c1O,14.27231502532959
CC1(C)Cc2c(C#N)c3c(c(C#N)c2CCO1)C(=O)CCC3,26.175901412963867
CNc1ccc(-c2nc(-c3ccc(N)nc3)nc(-c3ccc(N=Cc4cc(C=O)c(O)c(C=O)c4O)nc3)n2)cc1,13.658133506774902
C=Cc1ccc(C(=O)NC(CCCN=C(N)N)C(=O)N2CCCC2C(=O)N=Cc2ccc(C(N)N)cc2)cc1,26.520870208740234
Cn1ccc(=Nc2cccc3c(C(N)=O)cccc23)[nH]1,21.841154098510742
Cc1cc(C#N)cc2c(C#N)n(-c3ccc(C#N)cc3)cc12,19.014127731323242
N=c1nc[nH]c2cc(-c3cccc(S(N)(=O)=O)c3)ccc12,22.47110366821289
Clc1ccc(-c2cc(Cn3c(-c4cccnc4)nc4ccccc43)no2)s1,26.653310775756836
CN(C)c1ccc(-c2ccc3[nH]c(=O)c4c(c3c2)NCC(C)(C)C4)cn1,18.644390106201172
Cc1ccc(Cl)cc1NS(=O)(=O)c1ccc(Cl)c(C(=O)N=c2ccc(Cl)c[nH]2)c1,30.561996459960938
N=C(N)NCCCN=C(N)N,18.80994415283203
CC1C2CCC3C2CC(C)C(O)(C(C)C)C3(C)C2(C(=O)O)CC(=O)C(O)C12,48.46564483642578
N#Cc1ccc(C2=NN=C(c3ccc(O)cc3)N3CCCC3C2)cc1,28.537321090698242
Cc1csc2c(=O)n(N=Cc3ccc(-c4cccc(C#N)c4)o3)cnc12,26.557695388793945
N#Cc1ccc(C#N)c(C(=O)NCc2ccccc2)c1,18.7186279296875
C=CC(CO)C(=Cc1ccc(C=CC(O)=NO)cc1)c1ccc(C#N)cc1,29.96024513244629
CCCCCCCCCCN1CCc2cc(O)c(O)cc2C1,22.102659225463867
CC(C)CCNC(=O)c1ccc(-c2ccc(CNCc3ccc(N4CCN(C)CC4)cc3)cn2)s1,30.19037437438965
COc1nc(N)c(C#N)cc1C#N,17.706295013427734
N#Cc1ccc(C=Cc2c(-c3ccc(C#N)cc3)cc(-c3ccc(C#N)cc3)n2Cc2csc(-c3ccccc3)c2)cc1,38.310420989990234
Cc1ccc(-c2nc(N3CCCC(C)C3)ncc2-c2ccc(C#N)cc2)cc1,17.87752914428711
N#Cc1ccc(-c2ccc(-c3ccc(O)cc3)n2-c2ccc(O)cc2)cc1,17.812955856323242
COc1cc(-c2ccc(NC(=N)N)nc2)nc(-c2ccc(N)nc2)n1,24.061716079711914
N#Cc1ccc(-c2nn3ccccc3c2-c2nc3ccccc3o2)cc1,24.35411834716797
Cc1ccc2[nH]c(-c3ccc(CC=NN=c4[nH]c(-c5ccc(N)cc5)cs4)cc3)nc2c1,23.804906845092773
Cc1cc(-c2cc(C(F)(F)F)ccc2F)nc(C#N)n1,15.475172996520996
COc1ccc(-c2cc(C#N)c(-c3ccc(C#N)cc3)n2-c2cccc(F)c2)cc1,25.06201934814453
O=C(O)c1cccc(-c2ccc(-c3ccnc(-n4ccc(=O)c(O)c4)n3)cn2)c1O,33.51092529296875
N#Cc1ccc(C(=O)C2CCCCC2=NC(=O)Cc2ccc(-c3ccc(C#N)cn3)nc2)cc1,18.927261352539062
Cc1ccc(-c2[nH]c3ccccc3c2C=Nc2nc(-c3ccc(-c4ccccc4)cc3)cs2)cc1,19.033994674682617
COc1cc(-c2ccc(Cl)cn2)ccc1COc1ccc(C#N)cn1,33.34364700317383
N#Cc1cccc(-c2ncnc(-c3ccc(N)cc3)n2)c1,12.026264190673828
Cc1c(-c2ccc(C(N)=O)cc2)n(-c2ccc(C(C)C)cc2)c2cc(-c3ccc(C#N)cc3)nc(-c3ccc(C#N)cc3)c12,17.22272300720215
COc1ccc(C2=CC(=C(C#N)C#N)c3cc(N)ccc3C2=O)cc1,20.929960250854492
N#Cc1ccc2cc(-c3nc(-c4ccc(N)nc4)nc(-c4cnc(N5CCOCC5)nc4)n3)ccc2c1,21.14116096496582
CN1C(=O)c2cc(-c3ccc(N)cc3)ccc2Nc2cc(Br)c3ccccc3c21,30.983245849609375
NC(=S)NN=CN1CCN(C=O)CC1,16.357513427734375
CN(C)c1ccc(C=Nc2ccc(-n3nc(-c4ccc5c(c4)OCO5)nc3-c3ccc(N)cc3)cc2)cc1,18.154682159423828
CC(=CC(=O)Nc1ccc2c(c1)N(C)C(=O)CS2)c1ccc(C#N)cc1,24.32398223876953
Cn1c2ccccc2c2c(C(N)=O)nn(-c3ccccc3)c(=O)c21,16.138309478759766
Cc1ccc(NC(=O)c2cnc3ccccn23)cc1,21.237064361572266
Cc1ccc(C2c3c(O)cccc3OC(=N)C2C#N)cc1,21.92534637451172
C=CCN1CCN(CCc2ccc(Oc3ccc(C#N)cc3F)c(-c3ccc(C#N)cc3)c2)CC1,34.377140045166016
Nc1ccc(-c2nnn(Cc3ccccc3)n2)cc1,13.178998947143555
CC(=O)Nc1ccc(-c2cc(C)cc(=Nc3ncc(C(=O)O)cn3)[nH]2)cc1,24.662477493286133
COC(=O)N1CCc2c(-c3ccc(C(N)=O)cc3)ccc(-c3cccc(C(=O)O)c3)c2C1,25.538606643676758
N#Cc1c(N)n(-c2ccccc2)c(=O)c2cc(-c3ccc(N)cc3)sc12,20.288095474243164
Cc1ccc(C(=Nc2ccccc2)n2cnc(-c3ccc4c(ccc5ccc(O)cc54)c3)c2)cc1,42.49385070800781
O=C1C=CC(=NC(Cc2ccc(O)cc2)C(=O)O)C=C1,24.98882293701172
N#Cc1ccc[n+](-c2nc(Cl)nc(Cl)n2)c1,11.220240592956543
CC1CN(CC#Cc2ccc(-c3ccc(C#N)cc3)cc2)CC(C)O1,18.58979034423828
O=C1C(=Cc2ccccc2)Oc2cc(O)cc(O)c21,15.10430908203125
Nc1ccc(-c2nc(-c3ccc(NS(=O)(=O)c4ccc(-c5ccco5)cc4)cc3)c(-c3ccc(N)cc3)[nH]2)cc1,28.184045791625977
N#Cc1cccc(NCc2ccc(O)c(C=O)c2O)c1,23.161361694335938
NC(=O)c1cc[n+](-c2nc(Cl)nc(Cl)n2)cc1,12.000072479248047
Nc1ccc(-c2n[nH]c(-c3ccc(N4CCNCC4)nc3)n2)cn1,18.855396270751953
Cc1cc(-c2cc(-c3ccc(C#N)cc3)c3c[nH]c(=N)cc3n2)ccn1,24.24757957458496
CNc1c(F)c(C#N)c(F)c(F)c1C#N,15.3477144241333
N#Cc1c2n(c(=O)c3ccccc13)CCCC2,13.441303253173828
Nc1ccc(-c2nnc(-c3ccc(F)cc3)c(-c3ccc(N)cc3)n2)cc1,15.861892700195312
NC1=NCCN1CCCc1cccs1,23.606624603271484
CC(=O)C(O)(c1ccccc1)c1ccccc1,21.718334197998047
Cc1ccc2c(c1)c1cc(O)ccc1n2Cc1ccccc1,26.65053939819336
N#Cc1ccc(-c2cc(CN3CCc4sccc4C3)ncn2)cc1,26.029205322265625
N#Cc1ccc(Oc2ccc(S(=O)(=O)N=c3ccc(F)c[nH]3)cc2C#N)cc1,15.186960220336914
Nc1ccc(-c2ccc3oc(C=Cc4ccccc4)nc3c2)cc1,20.42450523376465
N#Cc1c[nH]c2c(Nc3cccc4cc(C(=O)O)[nH]c34)cccc12,34.306156158447266
CN1CCN(C(=NO)c2ccc(C=Cc3ccc(C#N)cc3)nc2)CC1,20.280832290649414
Cc1ccc(C(=O)N=C(Cc2ccc(-n3cnc4ccccc4c3=O)s2)C(=O)O)cc1,22.6456298828125
CCC(=O)N(CCN(C)C)c1ccc(-c2nc3ccccc3n2C)cc1,25.332969665527344
CC(C)c1ccc(-n2cc(C#N)c3ccc(-c4ccc(O)cc4)cc32)cc1,15.619397163391113
Cc1ccc(-c2nc(-c3ccc(N)cc3)nc(-c3ccc(C=CC(=O)c4ccc(OCC(N)=O)cc4)cc3)n2)cc1,23.344274520874023
N#Cc1cc[n+](-c2nccc3c2[nH]c2ccccc23)cc1,18.693429946899414
CCn1c(CNc2ccc(C(N)=O)cc2)nc2ccccc21,20.980941772460938
CNc1ccc(-n2c(-c3ccc(N)cc3)nc3ccccc3c2=O)cc1,17.162870407104492
CC(C)c1nc(-c2ccc(N)cc2)nc2c1CN(C(=O)Nc1cccc(C#N)c1)CC2,24.85382843017578
Cn1c[n+](Cc2ccc(N=Cc3cccc(C(=O)C=Cc4ccc(-c5ccc(C=Nc6ccc(Nc7ccc(N)cc7)cc6)cc5)cc4)c3)cc2)c2ccccc21,34.78431701660156
Nc1ccc2c(c1)Cc1ccc(N)cc1-2,13.020766258239746
C=c1[nH]c2ccc(-c3ccc(N)cc3)cc2c1=C(C#N)C#N,21.019813537597656
O=C(O)c1ccc(-n2cc(-c3ccc(-c4nc5cc(C(=O)O)ccc5[nH]4)cc3)nn2)cc1,19.454919815063477
N#Cc1ccc2c(C#N)cc(C#N)nc2c1,11.40881633758545
N#Cc1ccc(=NCc2ccccc2)[nH]c1,15.339323997497559
NCCCCC(NC(=O)C(Cc1ccccc1)NC(=O)C(Cc1ccc(O)cc1)NC(=O)CCc1ccccc1)C(N)=O,25.935338973999023
N#Cc1ccc(-c2cc(Cn3c(=O)c4cc5c(=O)n(-c6ccc(C#N)cc6)c(=O)c5cc4c3=O)ccc2C#N)cc1,22.219560623168945
CC(C)CNC(=O)c1nc(N2C(C)COCC2C)ccc1NC(=O)c1ncc(N)[nH]c1=N,38.15754699707031
C=CCc1cccc(C=Nc2cc(O)c(N)cc2O)c1O,14.220808982849121
O=C1c2cc(Nc3nc(Cl)nc(Cl)n3)ccc2C(=O)c2cc([N+](=O)[O-])c(Cl)cc21,18.779098510742188
N#Cc1ccc(N2C(=O)c3cnn(-c4ccc(C#N)cc4)c3C2=O)cc1,14.706733703613281
N#Cc1ccc(C=Cc2ccc(C=NNC(=N)N)cc2)cc1,18.055011749267578
Oc1ccc(C=Nc2cccc(C(F)(F)F)c2)cc1O,19.133140563964844
N#Cc1ccc(OC(=O)N2CCN(c3nnc(-c4ccc(C#N)cc4)c4ccccc34)CC2)cc1,23.403162002563477
CC1(C)CN(c2nc(-n3ccc4cc(C#N)ccc43)cc(=N)[nH]2)c2ccc(NS(=O)(=O)c3ccc(C#N)cc3)cc21,38.337337493896484
N#Cc1ccc(C=CC(=O)c2ccccc2)cc1,14.216846466064453
Cc1ccc(-c2nn(C)cc2-c2csc(-c3ccc(N)nc3)n2)cc1,21.928356170654297
Cc1ccc(-c2cc(-c3ccc(C)cc3)[nH]c(=Nc3ccc(S(C)(=O)=O)cc3)n2)cc1,24.39404296875
Cc1nn(C)c2c1C(c1ccc(O)cc1)CC(=O)N2,22.712276458740234
N#Cc1ccc(C(=O)Nc2cc(-c3ccc(C#N)cc3)cc(-c3ccc(C#N)cc3)c2)cc1,14.198530197143555
CC(=O)N1c2ccc(-c3ccc(C#N)cc3)cc2C(Nc2ccc(C#N)cc2)CC1C,14.571432113647461
CCCCCCC=CCCCCCCCCc1ccc(C=O)[nH]1,21.24651336669922
N#Cc1cccc(-c2cc(O)c3c(c2)CNC3=O)c1,17.182937622070312
N#CCC(=O)N1CCN(C=O)CC1,15.01340389251709
Cc1ccc(C(=O)Nc2ccc(N)cc2)c(O)c1,19.138916015625
Cn1c2cnccc2c2cc(N)[nH]c(=N)c21,27.11869239807129
N#Cc1cc(-c2ccc3cc(C#N)cc(-c4ccc(N)cc4)c3c2)cc(-c2cnn(Cc3ccccn3)c2)c1,39.82858657836914
N#Cc1ccc(-c2ccc(-c3cc(-c4ccc(C#N)cc4)nc(-c4ccc(N)cc4)n3)cc2)cc1,16.517641067504883
Cn1c(-c2ccc(C#N)cc2)ccc1-c1nc(C#N)ccc1C#N,18.27415657043457
NC(=O)c1ccc2[nH]c(=O)c3c(c2c1)NCCC3,19.559223175048828
COC(=O)c1c(-c2ccc(Cl)cc2)cc(-c2ccc(Cl)cc2)c(C#N)c1N,19.42483139038086
Cc1ccc(C=O)n1CC(C)C,21.40135955810547
Nc1ccc(-c2nn(-c3ccc(NC(=O)NCc4ccc(O)cc4)cc3)c(=O)c3ccccc23)cc1,23.841205596923828
O=C(C=Cc1cc(O)cc(O)c1)Nc1ccc(C=Cc2cc(O)cc(O)c2)cc1,22.187152862548828
Nc1ccc(-c2nc(-c3ccc(NC(=O)CCl)cc3)nc(-c3ccc(N4C(=O)c5ccc6c7c(ccc(c57)C4=O)C(=O)OC6=O)cc3)n2)cc1,14.789800643920898
CCCCc1ccc(-c2cc(-c3ccc(NC)cc3)nc(-c3ccc(N)cc3)n2)cc1,23.12267303466797
N#Cc1ccc2nc3ccc(Br)cc3nc2c1,20.0224666595459
Cc1cc(=NN=Cc2ccccn2)c2cc3c(cc2[nH]1)OCCO3,21.6049747467041
N#Cc1ccc(-n2c(C=NO)cc(=O)c3ccccc32)cc1,16.042951583862305
N#Cc1ccc(-c2c[nH]c3ccccc23)cc1,15.79518985748291
N#Cc1ccc(-c2cccc(CNC(=O)NC3CCCCC3)n2)cc1,25.85235023498535
NC(=O)c1nc(-c2ccc(F)cc2)oc1N,18.798755645751953
Oc1ccc(-c2cc(-c3ccccc3)cc(-c3ccc(O)cc3)n2)cc1,11.015625
CC1CC(=O)c2c(n(C)c3cc(-c4ccc(Cl)s4)ccc23)C1,29.42312240600586
COc1ccc(CC(=Cc2ccc(C)cc2)C(C)=O)c(OC)c1,32.51640319824219
NC(N)=NC(=O)c1oc(-c2ccccc2)cc1N,16.170286178588867
Cc1ccc2nc3oc4cc(O)cc(O)c4c(=O)c3cc2c1,17.538148880004883
Nc1ccc2c3c(cccc13)C(COCc1ccccc1)CC2=O,32.10935974121094
CC(=O)c1cc(-c2ccccc2)n(CC(=O)NCc2ccc(C#N)cc2)c1C,21.663326263427734
N#Cc1ccc(-c2nc(-c3ccc(C=Nc4ccc(-c5nc(C#N)cc(-c6ccccc6)n5)cc4)cc3)c3ccccc3n2)cc1,22.81035804748535
Cc1ccc(CC(N)COc2cccc(-c3cc(C#N)c(-n4ccnc4)cc3N)c2)cc1,40.628746032714844
N#Cc1ccc(-c2cccc(-c3cccc(C#N)n3)c2)cc1,10.893399238586426
N#Cc1ccc(-n2[nH]c(=O)c3cc4c(=O)[nH]n(-c5ccccc5)c(=O)c4cc3c2=O)cc1,10.791364669799805
N#Cc1ccc(Nc2cc(O)n(-c3ccc(C#N)cc3)c2O)cc1,13.822874069213867
N#Cc1ccc2ccc(-c3cc[nH]c(=N)n3)nc2c1,18.066898345947266
Cc1ccc2[nH]c(Cc3nc4ccccc4c(=O)[nH]3)nc2c1,26.137187957763672
N#Cc1cccc2ccc(N)cc12,13.834386825561523
Cn1c2c(c3cc(C#N)ccc31)CN(c1ccc(-c3nc(-c4ccccc4)nc(-c4ccc(N)cc4)n3)cn1)C2=O,21.5266056060791
Cc1cc(C#N)ccc1C(=O)CSc1nc(-c2ccc(N)cc2)nc(-c2ccc(-c3cc[nH]n3)cc2)c1C#N,34.85735321044922
N#Cc1ccc(-n2[nH]c(=O)c3c4c(ccc3c2=O)NC(=O)NC4)cc1,27.065088272094727
Cc1nc(-c2ccc(C#N)cc2)c(C#N)c(C)c1C#N,12.052990913391113
N#Cc1ccc(CN=c2ccc3ncc(-c4ccc(C#N)cc4)nc3[nH]2)cc1,19.21198844909668
N#Cc1ccc(-c2ccc(C(=O)CCNC(=O)c3ccc(-c4ccc(C#N)cn4)nc3)cn2)cc1,30.1237735748291
CN1CCN(S(=O)(=O)c2cccc(C#N)c2)CC1,19.177600860595703
C#Cc1ccc(-c2cnn(-c3ccc(C(=O)NC(C=O)C(=O)O)cc3)c2)cc1,22.568084716796875
N#Cc1ccc(-c2c[nH]c(=O)c(C#N)c2)cc1,13.178502082824707
N#Cc1ccc2c(N)cc(=O)[nH]c2c1,18.162933349609375
N=c1[nH]c(N)c(N=O)c(=O)[nH]1,11.440792083740234
N#Cc1cc(C(=O)O)c(-c2ccco2)c2ccc(N)cc12,31.209556579589844
CCNC(=O)c1cnc2nc(-c3ccc(C#N)cc3)cn2c1-c1ccc(C#N)cc1,25.837017059326172
CC1CCC(C)N1C=Nc1nc(N)cc(=O)[nH]1,18.97411346435547
CCn1c(-c2ccc(N)cc2)nc2ccccc21,14.297735214233398
Cc1cc(=NN=Cc2ccc(C#N)cc2)[nH]c(N(C)C)n1,19.096696853637695
Cc1ccc(-n2c(-c3ccc(C#N)cc3)cc(=O)c3ccccc32)cc1,13.170028686523438
Cc1cc(C)[nH]c(=Nc2nc(-c3ccc(C#N)cc3)cs2)c1,17.776948928833008
Cn1cnc(=N)c2cc(-c3ccc(C#N)cc3)c(-c3ccc(C#N)cc3)cc21,18.567453384399414
N#Cc1c[nH]c(-c2nc3ccc(-c4cnc(N5CCNCC5)nc4)nc3[nH]2)n1,26.258787155151367
N#Cc1cccc(NC(=O)c2ccc(-c3ccccc3C#N)cc2)c1,17.86174774169922
N#Cc1cccc(-c2nc3ccccc3n(-c3nccs3)c2=O)c1,24.807592391967773
N#Cc1cc(C#N)c2[nH]c3ccccc3c2c1,12.547554016113281
Cc1c(Cc2c(F)cccc2Cl)[nH]c(SCc2ccccc2)nc1=O,19.597152709960938
N=c1[nH]c2ccc(O)cc2c2nc(-c3ccccc3)nn12,25.12701416015625
CN(C(=O)c1cc(-c2ccc(O)cc2)on1)C1CCN(CC(N)=O)CC1,32.261714935302734
CN1CCN(c2ccc(-c3cc(-c4ccc5c(c4)CCNC5=O)nc(-c4ccccn4)n3)cc2)CC1,23.48198699951172
CN1CCC2(c3ccccc3)CC1Cc1ccc(O)cc12,21.664796829223633
COc1ccc(-c2cc(-c3ccc(OC)cc3)nc(-c3cccc(O)c3)c2)cc1,16.301471710205078
N#Cc1ccc(-n2cnc3c(N4CCN(c5ccc(C#N)cn5)CC4)nc(-c4ccc(=N)[nH]c4)nc32)cc1,24.468769073486328
NC(=O)c1cc(-c2ccc(N)nc2)nc(N2CCOCC2)n1,19.396596908569336
Cc1cc(C)c2c(C#N)c3ccccc3c(C#N)c2c1,13.23895263671875
N#Cc1cccc(-c2ccc(-c3nc(C#N)c(N)o3)cc2)n1,13.666473388671875
Nc1ccc(-c2nc3ccccc3s2)cn1,13.033364295959473
Cc1nc(=NCCc2cccc(O)c2)[nH][nH]1,29.152790069580078
CC(=O)Nc1ccc(NC(=O)Nc2ccc(-c3nc(CN(C)C)nc(-c4ccc(C#N)cc4)n3)cc2)cc1,26.835264205932617
Cc1ccc(C(=O)N2CCN(c3cccc4nc(-c5ccc(N)nc5)ncc34)CC2)o1,31.4700870513916
N#Cc1cc(C#N)c2ccc3c(C#Cc4cccnc4)ccc4ccc1c2c43,15.600003242492676
CN(C)c1ccc(-c2nc3c(=N)[nH]c(-c4ccc(C#N)cc4)cn3n2)cc1,17.129653930664062
C[n+]1ccn(-c2cccc(F)c2)c1,21.869028091430664
N#Cc1ccc(CN=c2cc(C#N)nc(C#N)[nH]2)cc1,13.957174301147461
N#Cc1ccc(-c2ncccc2-c2ccc3nc(=O)c(N)cn3n2)cc1,21.770751953125
Cc1cc(N=O)ccc1-c1ccc(C#N)n1C,27.696453094482422
CC1(C)Oc2cc(C#N)ccc2C(NS(=O)(=O)c2ccc(C#N)cc2)C1O,17.89783477783203
Cc1c(C#N)sc2[nH]c(C3CC3)nc(=Nc3ccc(Cl)cc3)c12,25.083927154541016
Cc1cc(C)n(-c2nc(-c3ccc(N)cc3)nc(-c3ccc(Cl)c(Cl)c3)n2)n1,21.52267074584961
CC(=O)c1ccc(-c2cc(-c3ccccc3)cc(-c3ccc(-c4nc(Cl)nc(Cl)n4)cc3)c2)cc1,13.7928466796875
CC(=O)Nc1ccc(-c2nc(=N)[nH]c(=Nc3ccc(N)cc3)[nH]2)cc1,19.165496826171875
N#Cc1ccc(Cc2ncnc3c2ncn3C2OC(CO)C(O)C2O)cc1,20.115604400634766
N#Cc1ccc(-c2ccc(C(=O)c3ccccc3)c(-c3ccc(C#N)cc3)n2)cc1,15.569876670837402
N=C(N=c1nc(-c2ccc(N)cc2)[nH]c(=NN=Cc2cccc3ccccc23)[nH]1)Nc1ccccc1,31.745899200439453
Nc1ccc(-c2nc(-c3cccnc3)nc(-c3ccc(N=Cc4cc(C=O)c(O)c(C=O)c4O)nc3)n2)cn1,10.415491104125977
N#Cc1c2ccccc2c(C#N)c2cnccc12,11.10291576385498
N#Cc1ccc(NC(=O)NC(=O)c2c(F)cccc2F)cc1,17.157285690307617
CC(C)c1ccc(-n2c(-c3ccc(C#N)cc3)c(CN(C)C)c3cc(N)ccc32)cc1,22.326650619506836
N#Cc1ccc(CCCN=Cc2ccc(Cl)cc2)cc1,23.0166015625
N#Cc1ccc(C(=O)Nc2cc(-c3ccccc3)c(O)cc2C(=O)O)cc1,20.18839454650879
COc1ccc(Cc2c(N)[nH]cnc2=N)cc1Br,28.94805908203125
CN(C)c1ncc(C#Cc2ccc(C#N)cc2)cn1,14.560154914855957
c1ccc(-c2nc3c4[nH]c5ccccc5c4ncn3n2)cc1,23.77948760986328
CN1CCN(c2ccc(-c3nc(-c4ccc(N)cc4)nc(-c4ccc(N5C(=O)c6ccc7c8c(ccc(c68)C5=O)C(=O)OC7=O)cc4)n3)cn2)CC1,12.943236351013184
C=CC(C)(C)c1c2ccc(=O)oc2c(O)c2c(O)cccc12,28.680362701416016
Cc1ccc(C(C)NC(=O)COc2c(C)cc(C)cc2C)cc1,24.533241271972656
O=C=Nc1ccc(-c2ccn(Cc3nc(-c4ccc(Cl)cc4)no3)n2)cc1,34.612735748291016
N#Cc1ccc(-c2nc(-c3ccc(N)nc3)nc(C#N)c2C#N)cc1,13.034255027770996
NC(=O)c1cn2ccccc2n1,21.713247299194336
N#Cc1ccc(-c2ccc(-c3ccc(C(=N)N)cc3)cc2C(=O)Oc2ccc(C(=N)N)cc2)cc1,24.59242820739746
N#Cc1ccc(Cn2ccnc2)cc1,12.72753620147705
N#Cc1ccc(-c2[nH]c(=NCCO)cc3[nH]nc(C#N)c23)cc1,19.4975528717041
O=C(C=Cc1ccc(O)cc1)c1ccccc1,14.162519454956055
C=CCN=c1nc(N2CCCC2CF)nc(-n2c(-c3ccc(C#N)cc3)nc3ccccc32)[nH]1,33.50088119506836
N#Cc1ccc(-c2ccc3ccc(-n4ccnc4)cc3c2)c(F)c1,25.867464065551758
CC1(C)OC(C)(C)c2cc(-c3cccc(C#N)c3)ccc21,19.396007537841797
Cc1cc(-c2ccc(C#N)cc2)n2nc(-c3ccc(C#N)cc3)c(-c3ccccc3)c2n1,18.727697372436523
CC(Sc1ccccc1)C(=O)O,19.092453002929688
O=C(NCc1ccccc1O)c1cccc(Cl)c1,21.574581146240234
CC(c1ccc(C#N)cc1)N1CCN(C2CCCCC2NS(=O)(=O)c2ccc(C#N)cc2)CC1,25.72406578063965
COC(=O)N1CC(C)N(c2ncc(-c3ccc(C#N)cc3)cn2)CC1C,16.979198455810547
N=c1nc(-c2ccc(N=C(N)N)cc2)nc(-c2ccc(NC(=O)C(N)CCCN)cc2)[nH]1,26.678712844848633
CC(=O)c1ccc(-n2c(-c3ccc(C#N)cc3)cc3c2cc(-c2ccccc2C#N)n3-c2ccc(C(C)C)cc2)cc1,20.174001693725586
N#Cc1ccc(-c2ccc(C(N)=O)cn2)nc1,14.362149238586426
Cc1ccc(N=Nc2cc(O)c(O)c(C=NCc3cccnc3)c2)cc1,26.80653953552246
Cc1ccc2c(-c3nc(-c4ccc(N)cc4)nc(-c4ccc(N5Cc6ccc7ccccc7c6C5=O)cc4)n3)cccc2c1,21.518783569335938
CCOc1ccc(-n2cc(O)c3ccc(-c4cccc(C#N)c4)cc3c2=O)cc1,29.718929290771484
Cc1cn(C)c(-c2nc(C#N)c[nH]2)n1,23.87495994567871
COc1nc(-c2ccc(N)cc2)nc(C)c1C#N,15.440773963928223
N#Cc1ccc(NC(=O)c2cc(-c3ccc(C(N)=O)cc3)ncn2)cc1,23.865461349487305
Cn1cc(CN2CCOc3ccc(-c4ccc(C#N)cc4)cc3C2=O)cn1,16.917930603027344
CCC1(O)c2cc3n(c(=O)c2COC1F)Cc1cc2cc(O)ccc2nc1-3,19.071035385131836
N#Cc1ccc(NC(=O)c2ccc(Cl)cc2Cl)cc1,21.520889282226562
ON=C(O)CCCN=c1[nH]c2cc(Cl)ccc2o1,33.798500061035156
N#Cc1ccc(-c2nc(-c3ccc(N)cc3)nc(-c3ccc(N4Oc5c(C6=CCNCC6O)c6ccccc6c6cccc(c56)C4=O)cc3)n2)cc1,28.207666397094727
CC1(C)c2c(c(C(N)=O)nn2-c2ccc(C#N)cc2)CC2(c3ccc(C#N)cc3)COC(=O)C12,19.997865676879883
Cn1ccnc1C1CN(c2ccccn2)C1,22.53540802001953
N#Cc1ccc(-c2cccc3c2CCNC3)cc1,16.805484771728516
CC(=O)n1ccc2cc(-c3ccc(C[S+]([O-])Cc4ccc(-c5ccccc5)cc4N)cn3)ccc21,40.6021842956543
O=C1CCCc2nn(-c3ccccc3)cc21,17.522729873657227
N#Cc1ccc(-c2cccc(-n3c(=O)c4cc5c(=O)oc(=O)c5cc4c3=O)c2)cc1,12.893041610717773
Cc1c2c(c3c(ccc4c(C#N)cc(C#N)cc43)c1C)C=CC(C)(C)O2,18.262662887573242
NCc1cc2c(-c3cccc4ncccc34)nc(N3CCNCC3)nc2s1,35.85652542114258
Nc1ccc(-c2cc(Cc3ccccc3)[nH]c(=O)n2)cn1,20.562938690185547
NC(N)=NN=Cc1ccc(O)c(C=Nc2cc(-c3ccc(N4CCOCC4)cc3)nc(-c3ccc(-c4ccc(S(N)(=O)=O)cc4)cc3)n2)c1,34.48748016357422
NS(=O)(=O)c1ccc(C=C2C(=O)ON=C2c2ccccc2)cc1,22.758289337158203
C=Cc1cc(C=Nc2ccc(-c3nc(-c4ccc(N)nc4)nc(-c4ccnc5ccc(OC)cc45)n3)cn2)ccc1-c1ccc(C=O)cc1,34.01913070678711
COc1ccc(Oc2nc(-n3cc(C#N)cc3-c3ccc(C#N)cc3)ncc2Cl)cc1,20.21016502380371
N#Cc1ccc(S(=O)(=O)N2CCCC2)cc1,18.461584091186523
N#Cc1ccc(-c2nc(COc3ccc(F)c(F)c3)cc(-c3ccc(C(N)=O)cc3)n2)cc1,23.479907989501953
Cc1ccc2nc(SCc3ccccc3)cc(C)c2c1,26.683507919311523
COc1cccc(OC)c1Cc1ccccc1,21.789995193481445
CN1C(=O)c2cccc(NC(=O)Cc3ccc(-c4ccccc4)cc3)c2C1=O,24.040008544921875
CN(C)c1ccc(C=Nc2ccc(-c3ccc(N=Cc4ccc(-c5ccc(C(N)=O)cn5)o4)nc3)cc2)cc1,22.752490997314453
N#Cc1cccc(-c2ccnc(-c3ccc(N)nc3)n2)c1,11.078957557678223
CC=Nc1cc(-c2ccc(N)cc2)[nH]c(=N)n1,21.82197380065918
Cc1cccc(-n2c(O)cc(Cc3ccc(C#N)cc3)c2O)c1,23.324462890625
NCCCCNCCNCC(N)=Nc1ccc(-c2ccc(-c3ccc(N=C(N)c4ccccn4)cc3)o2)cc1,29.16014862060547
Cc1ccc(-c2cc(C(=O)N3CCC(C#N)CC3)nc(-c3ccc(C#N)cc3)n2)cc1,21.575538635253906
Nc1ccc(-c2cc(-c3ccc(C(F)(F)F)cc3)nc(-c3ccc(-c4cc(-c5ccccc5)cc(-c5ccc(N=c6nc(N7CCOCC7)[nH]c(N7CCOCC7)n6)cc5)n4)cc3)n2)cc1,27.694307327270508
COc1nc(-c2ccc(C#N)cc2)[nH]c(=NCCc2ccc(O)cc2)n1,17.575620651245117
N#Cc1ccc(-n2c(=O)c3cc4c(=O)n(-c5cccc([N+](=O)[O-])c5)c(=O)c4cc3c2=O)cc1,15.329565048217773
C#CCN(CCOc1ccc(C#N)cc1)S(=O)(=O)N(C)C,27.15165901184082
COc1cc(C2Oc3cc(-c4oc5cc(O)cc(O)c5c(=O)c4O)ccc3OC2CO)ccc1O,18.96676254272461
C=C(Cn1ccnc1)C(O)c1ccc(OC)cc1,24.98198890686035
N#Cc1ccc(C#N)o1,12.870144844055176
CC(C)c1ccn(C2c3cc(C#N)ccc3OC(C)(C)C2O)c(=O)c1,22.09667205810547
Nc1ccc[n+](-c2nc(Cl)nc(Cl)n2)c1,12.519492149353027
COc1ccc(-n2c(C(C)N=c3[nH]c(=N)[nH]c(N)c3C#N)nc3ccccc3c2=O)nc1C#N,16.881681442260742
Cn1cc(C(=O)c2ccc(C#N)cc2)c2c1C(=O)C=C(Cl)C2=O,27.605026245117188
N#Cc1ccc(N)c(C(N)=O)n1,15.991435050964355
Nc1ccc(-c2nc(-c3ccc(N4C(=O)c5ccc6c7c(ccc(c57)C4=O)C(=O)OC6=O)cc3)nc(-c3ccco3)n2)cc1,11.521638870239258
N#Cc1ccc(NC(=O)NC2C(=O)N(Cc3ccc(-c4ccccc4)cc3)c3cc(C#N)ccc3N(c3ccccc3)C2=O)cc1,22.58312225341797
CC1C(c2cc(C(F)(F)F)cc(C(F)(F)F)c2)OC(=O)N1Cc1ccc(C#N)cc1-c1ccnc(-c2ccc(N=Cc3c[nH]c4ccc(C#N)cc34)nc2)n1,35.0872917175293
C(=Nn1cnnc1)c1ccc(OCc2ccccc2)cc1,14.682684898376465
N=c1[nH]c(=N)c2ncc(-c3ccc(N)cc3)cc2[nH]1,16.038368225097656
C#Cc1ccc(-c2ccc(C#N)cc2)cc1,11.30614185333252
N#Cc1cccc(NC(=O)c2ccc3ccccc3c2)c1,18.036901473999023
Cc1ccc(N=c2nc(-c3cccc(N4CCOCC4)c3)nc3c(C#N)c[nH]n23)cc1,28.632238388061523
C[n+]1ccccc1COc1ccc(C=NNC(N)=NO)cc1,22.128650665283203
N#Cc1cccc(-c2nc(-c3ccc(N)nc3)cc(C#N)c2N)n1,20.745132446289062
N#Cc1ccc(CN2CCN(C=O)CC2)cc1,11.227313041687012
N#Cc1ccc(-c2cccc(C3CC4C=CC5CC(C3)C45)c2)cc1,26.65848159790039
CN(C(=O)CCC(=O)O)c1ccc(-c2nc(-c3ccc(N)cc3)nc(-c3ccc(N)nc3)n2)cc1,21.916433334350586
CC(=O)N1CCN(c2nccc(Oc3ccc(C#N)cc3)c2NCCCN2CCN(C)CC2)CC1,33.46272277832031
COc1cc2c(cc1OC)C(Cc1ccc(Oc3ccc(C#N)cc3)cc1)N(C)CC2,21.822423934936523
Cc1ccc(-c2noc(CSc3nc(-c4ccc(N)cc4)nc(N4CCOCC4)n3)n2)cc1,18.20405387878418
N#Cc1c(-c2ccccc2)[nH]c(-c2cccc(O)c2)nc1=O,16.12990379333496
CC(=O)C=Cc1ccc(C)cc1,18.161212921142578
Nc1ccc(-c2nc3ccccc3c(=O)n2-c2ccc(-c3cccc(-c4ccc(N=Cc5cccc(O)c5)cc4)n3)cc2)cc1,20.54716682434082
O=C(CCNC(=O)c1ccccc1)NN=Cc1ccc(O)cc1O,21.25973129272461
O=S(=O)(Nc1ccc(CN2CCOCC2)cc1)c1cccc(Cl)c1,26.298921585083008
NCCCCCN=c1cc(-c2ccc(N)cc2)[nH]c2ccccc12,20.34315299987793
Nc1ccc(-c2nc3cc(-c4ccccc4)cnn3c2-c2ccc(-c3ccc(O)cc3)cc2)cc1,18.126794815063477
C#CC#Cc1ccc(N2CCN(C(=O)N=c3cc(-c4ccc(C#N)cc4)nc(-c4ccc(NC)cc4)[nH]3)CC2)nc1,26.302024841308594
Cc1ccc(-c2noc3ccc4c(c(=O)c23)C(=O)c2ccccc2C4=O)cc1,27.330322265625
Cn1nc2[nH]c(=N)[nH]c(=O)c2n1,18.505491256713867
N#Cc1ccc(-c2nc(C#N)ccc2C#N)cc1,15.5694580078125
CNc1ccc(-c2nnc(-c3ccccc3F)o2)cc1,22.95082664489746
CC(C)Cn1c(=NC(=O)C=Cc2ccc(C#N)cc2)cc(C(C)(C)C)n1C,24.197301864624023
CN=c1[nH]cnc2cc(-c3ccc(C#N)cc3)n(-c3cnccn3)c12,18.398958206176758
N#Cc1ccc(-c2c(-c3ccc(F)cc3)ncn2C23CC4CC(CC(C4)C2)C3)cc1,20.885530471801758
N#Cc1ccc(-n2c(=O)c3cc4c(=O)n(-c5cc(C#N)cc(C(F)(F)F)c5)c(=O)c4cc3c2=O)cc1,17.46500015258789
COc1ccc(NCc2ccc3c(c2)OCO3)cc1,19.14899444580078
N#Cc1ccc(-c2ccc(-c3[nH]n(-c4ccc(C#N)cc4)c(=N)c3C#N)o2)cc1,17.289188385009766
Cc1cc(C=Cc2ccccc2)cc(C)c1O,14.483158111572266
N#Cc1ccc(-c2ccc(C=C3C(=O)Nc4cc(F)c(F)cc43)[nH]2)nc1C#N,34.317962646484375
CN(C)CCc1c[nH]c2ccc(-n3cnnc3)cc12,18.833492279052734
Nc1ccc(-c2nc(-c3ccc(N)nc3)nc(-c3ccc(N=Cc4cccc([N+](=O)[O-])c4)nc3)n2)cc1,22.793487548828125
CCc1c(-c2ccc(Cl)cc2)cc(-c2ccccc2)cc1-c1ccc(N=Nc2cc(S(=O)(=O)O)c3ccccc3c2N)cc1N,33.50273513793945
CC(C)c1nc(-c2ccc(C#N)cc2)c(C#N)n1Cc1cc(C#N)ccc1-n1cncn1,28.131210327148438
Cc1cc2cc(-c3ccc(Br)cc3)n(-c3ccc(C#N)cc3)c2c(=O)n1Cc1ccc(F)cc1,30.175779342651367
N#Cc1ccc(-c2cc3c[nH]c(=N)nc3nc2C#N)cc1,16.024250030517578
CCCc1nc(CC)c(C(=O)Oc2ccc(C=C3SC(=S)NC3=O)cc2)n1Cc1ccc(-c2ccccc2-c2nc3ccccc3[nH]2)cc1,34.837100982666016
N#Cc1ccc(-c2cccc(-c3ncccc3Cl)n2)cc1,21.05690574645996
COC(=O)c1cc(C#N)ccc1O,17.18074607849121
Nc1ccc(-c2nc(=O)n3ccccc3n2)cc1,17.95529556274414
CNc1ccc(-c2n[nH]c(=Nc3ccc(C(F)(F)F)cc3)o2)cc1,24.949588775634766
ON=C(O)c1cnc(=NCCCCc2ccccc2)[nH]c1,26.03322982788086
COc1ccc(C=NN=c2nc(C)cc(C)[nH]2)cc1,16.33832359313965
O=C(N=c1ccc(Cl)c[nH]1)Nc1ccc(-c2nc(N3CCOCC3)nc(N3CC4CCC(C3)O4)n2)cc1,23.63766098022461
N#Cc1ccc(-c2csc(N=Cc3cc(-c4ccncc4)nn3-c3nc(-c4ccc(N)cc4)nc(-c4ccc(N)cc4)n3)n2)cc1,31.60503387451172
N#Cc1ccc(N2C(=O)c3ccc(C#N)cc3C2=O)cc1,15.502107620239258
N#Cc1ccc(-c2cnc3nc(-c4ccc(C#N)cc4)c(-c4ccc(C#N)cc4)n3c2)cc1,14.690497398376465
Cc1c(-c2cccc(-n3cnc4cc(-c5ccc(N)cc5)n(C)c4c3=O)c2)nc2cccc(Cl)n2c1=O,35.13294219970703
CCOc1ccc(N=c2nc(N=c3cc(C)[nH][nH]3)cc(N3CCN(C)CC3)[nH]2)c(OC)c1,26.502859115600586
Cc1c(C(=O)Nc2ccc(N3CCN(C)CC3)cc2)oc2ccccc12,19.406890869140625
CC(C)C(=O)Nc1ccc(N)cc1,17.245967864990234
CC12CC(=O)N(c3ccccc3)C1=C(C#N)CN1C2=NS(=O)(=O)c2ccccc21,37.41694259643555
CN(C)CCC=NC(=O)C(CCC(N)=O)NC(=O)C(CS)NC(=O)Cc1ccc(-c2ccc(C#N)cc2)cc1,42.758506774902344
O=Cc1ccc(-c2c[nH]c(-c3ccc(Cc4cc(C(=O)NCCc5ccc(O)cc5)c[nH]4)[nH]3)n2)cc1,35.86692428588867
N#Cc1ccc(C(=O)N=c2[nH]nc(-c3ccccn3)o2)cc1,22.388036727905273
FC(Oc1cccc(-c2cnc3ccccn23)c1)C(F)(F)F,23.824487686157227
Cc1c(C#N)cc(C#N)c2cccc(-c3ccc(C#N)cc3)c12,15.32174301147461
Cc1ccc2[nH]c(-c3cc(-c4ccc(C#N)cc4)nc(-c4ccc(N=c5cc[nH]c6cc(Cl)ccc56)cc4)n3)nc2c1,29.0047664642334
CC(C)c1ccc(-n2c(-c3ccc(C#N)cc3)cc3c2cc(-c2cc(C#N)cc(C#N)c2)n3-c2ccc(C(C)C)cc2)cc1,10.052144050598145
C=Cc1cccc2c1ccc1c2ccc2c3ccccc3c(=O)[nH]c21,30.432662963867188
CN1CCN(c2ccc(N=c3nc4c(c[nH]3)cc(-c3ccc(C#N)cc3)n4-c3ccc4[nH]c(=N)sc4c3)cc2)CC1,30.496095657348633
N#Cc1cccc(-c2ccc3[nH]c(=N)c4c(c3c2)CCN(C(=O)c2ccccc2)C4)c1,36.47145080566406
Cc1cc(-c2ccc(-c3cc(-c4ccc(C=Nc5cc(O)c(N)cc5O)cc4)nc(-c4ccc(C=O)cc4)n3)cc2)nc(Cl)n1,13.412288665771484
N#Cc1ccc(-c2cc(C#N)c3nc(C(=N)N)cc(-c4ccc(N)nc4)c3c2)cc1,20.878381729125977
Cc1ccc(C=NN=c2[nH]c3ccccc3s2)cc1,19.038095474243164
COC(=O)c1ccc(-n2[nH]c(=Cc3ccc(O)cc3)c(=O)c(=C3Nc4ccc(NS(C)(=O)=O)cc4S(=O)(=O)N3)c2=O)cc1O,29.265405654907227
Cn1c(C(=O)c2ccc(-c3ccc(C#N)cc3)cc2)cc2ccccc21,19.327842712402344
Cc1c(C(=O)C(N)O)c2ccccc2n1Cc1ccccc1C#N,28.255807876586914
N#Cc1ccc(C(=O)OCc2c(-c3ccc(C#N)cc3)nc3ccc(Cl)cn23)cc1,20.9263858795166
Cn1c(=NCc2ccc(-c3ccc(C#N)cc3)nc2)c(C#N)cc2ccc(Cl)cc21,23.785898208618164
Cc1ccc(S(=O)(=O)Nc2cc(-c3nnc(-c4ccc(N)cc4)o3)c(O)c3cccnc23)cc1,28.640439987182617
O=c1c2ccc(O)cc2oc2cc(O)cc(O)c12,17.168245315551758
CC1(C)OC(C)(C)c2cc3c(cc2C1=O)C(O)(c1ccccc1)c1ccccc1-3,33.44709777832031
Nc1ccc(-c2ncnc3[nH]ccc23)cn1,18.977712631225586
Cn1cnc2ccc(-n3ccnc3Cc3cccc(NC(=O)c4cccc(C#N)c4)c3)cc21,26.544050216674805
Cc1cc(C)cc(NC(=O)CCn2cccn2)c1,23.08945083618164
C=c1[nH]n(-c2ccccc2)c(=O)c1=Cc1ccc(N)cc1[N+](=O)[O-],25.137022018432617
O=C1OC(=O)c2ccc3c4c(ccc1c24)C(=O)N(c1ccc(-c2noc(-c4ccc(C(F)(F)F)cc4)n2)cc1)C3=O,17.324764251708984
CC(C=Cc1ccoc1O)=CCC1C(C(C)C)=CCC2C(C)(CO)C(O)CCC12C,33.507408142089844
c1ncc(N=c2[nH]ccc(=Nc3ccc(N4CCOCC4)cc3)[nH]2)cn1,21.67218017578125
CN(C)c1nc(=Nc2ccc(C(C)(C)C#N)cc2)c2c([nH]1)CCN(c1ccc(C#N)cn1)CC2,19.588594436645508
Cc1ccc(-c2nc(C)n(CC(=O)O)c(=O)c2C#N)cc1,23.44684600830078
CC(C)c1ccc(-n2c(-c3ccc(Cl)cc3)cc3c2cc(-c2ccc(C#N)cc2)n3-c2ccc(C(C)C)cc2)cc1,11.90592098236084
N#Cc1cnc2[nH]cc(C#N)c2c1,12.211539268493652
Cc1nc2cc(O)ccc2c(=O)n1-c1nc2ccc(N)cc2s1,25.709012985229492
N#Cc1ccc(-c2cc(-c3cnc(F)c(C#N)c3)ccn2)cn1,21.584089279174805
C#CCNCCOCCOc1ccc(C#N)cc1OC,23.689443588256836
N#Cc1ccc2c(c1)C(=O)c1cc(C#N)ccc1-2,15.764665603637695
N#Cc1ccc(-c2cc3c(c4nc(=N)[nH]c(Cl)c24)C(O)CCC3)cc1,29.875783920288086
COc1ccc(-c2nc(NN)c(C#N)cc2-c2ccc(C)cc2)cc1,24.214853286743164
Cc1ccc2nc(-n3c(-c4ccc(C#N)cc4)cc4c3cc(-c3cncnc3)n4-c3nc4ccc(C)cc4s3)sc2c1,12.922425270080566
CCOC(=O)c1c(O)c2cc(Cc3ccccc3)cc3c(=O)oc(cc23)c1=O,25.83941078186035
CC(C)C1COC(=O)N1c1cc[nH]c(=NC(=O)CC(C)(C)c2ccc(-c3cccc(C#N)c3)cn2)n1,35.637168884277344
N#Cc1ccc(-c2nccc(C#N)c2-c2ccc(C#N)cc2)cc1,17.646007537841797
CC(C)c1cc(=O)n2c(n1)CCN(Cc1cccc(Cl)c1)CC2,27.541194915771484
Cc1ccc(C#N)cc1Cl,14.349859237670898
N#Cc1ccc(-c2nc(-c3ccc(N)nc3)nc(-c3ccc(N=Cc4ccc(O)c(O)c4)nc3)n2)cc1,13.464334487915039
CN(C)c1ccc(-c2ccnc(-n3cc(C(N)=O)nn3)n2)cn1,26.603116989135742
Cc1cc2ccccc2c2ccc3oc(=O)cc(-c4ccccc4)c3c12,25.457860946655273
CNN=Cc1cc(C)cc(C=Nc2ccc(C#N)cc2)c1O,22.62847328186035
CC(C)c1ccc(N=c2nc(-c3ccc(N)cc3)[nH]c3ccc(N)cc23)cc1,18.50177574157715
N#Cc1ccc(-c2ccc3nc(-c4ccccn4)cc(-c4ccc(C#N)cc4)c3c2)cc1,17.16781234741211
O=C(N=c1ccc(Cl)c[nH]1)NCc1ccc(Cl)cc1Cl,24.274503707885742
C=c1c(=Cc2c(O)n(-c3ccc(C#N)c(C(F)(F)F)c3)c(=S)n2Cc2ccccc2)cc(C)n1C,23.711755752563477
O=[N+]([O-])c1ccc(-c2noc(-c3ccc(-c4nc(Cl)nc(Cl)n4)cc3)n2)cc1,21.809345245361328
C=CCN=c1nc(-c2ccc(Oc3ccc(F)cc3)cc2)[nH]n1C,24.453712463378906
CN(C)c1ccc(C=Nc2ccc(-c3ccc(-c4ccc(-c5ccc(N=Cc6ccc(O)cc6O)nc5)cc4)cc3)cc2)cc1,24.249755859375
N#Cc1ccc(-c2ccn3c(-c4cccc(C(N)=O)c4)cnc3c2)cc1,15.57829761505127
N#Cc1cc(C#N)c2ccc3c(c2c1)C(CCl)O3,22.118938446044922
N#Cc1ccc(Oc2ccc(C=C3SC(=N)NC3=O)cc2)nc1,18.569467544555664
C#Cc1cc(C#N)cc(C#N)c1,9.768268585205078
CC(C)=CCc1c2c(c(C)c3c1OC(C)(C)C=C3)OC(C)(C)C=C2,21.644025802612305
N#Cc1ccc(=NC(=O)c2ccc(N)cc2)[nH]c1,15.38994312286377
CCCCCCCCCCN(CC(O)COCC1CCOC1)C(C)=O,36.54677963256836
Cc1ccc(-c2nc(C(=O)NCc3ccc(Cl)cc3)c(S(C)(=O)=O)nc2-c2ccc(C)cc2)cc1,31.151031494140625
CC(C)OCCCn1c(=O)c2cc(-c3ccccc3)ccc2c(-c2ccccc2)[n+]1C,36.18743133544922
Cc1c(N)cc(N)c2c(N)c(N=Nc3ccc(-c4cc(-c5ccc(N)cc5)[nH]c(=N)n4)cc3)oc(=O)c12,32.306697845458984
N#Cc1cccc(-c2cccc(N=c3cc(N=C4NCCN4)[nH]c(C(F)(F)F)n3)c2)c1,37.162845611572266
COc1ccc(-c2nc3cc(C#N)ccc3c(C(=O)O)c2O)cc1,21.249168395996094
CN1C(=O)NCc2c1ccc1ccccc21,20.73542022705078
CN(C)c1ccc(-c2cnc(-c3ccc(-c4ccc(C#N)cc4)nc3)nc2-c2ccncc2)cc1,20.715940475463867
Cc1c(O)c(O)c2cc(-c3ccc(N)cc3)n(-c3ccc(C#N)cc3)c(=O)c2c1Cl,25.251075744628906
CSc1nc(-c2ccc(Cl)cc2)nc(-n2nc(-c3ccc(Br)cc3)cc2-c2ccc(Br)cc2)c1C#N,29.242658615112305
N#Cc1ccc(-c2cn(-c3ccc(C#N)cc3)c(=S)[nH]2)cc1,13.688833236694336
Nc1ccc(-c2nc(-c3ccc(C=NO)cc3)nc(-c3ccc(N=Cc4cc(C=O)c(O)c(C=O)c4O)nc3)n2)cn1,16.90714454650879
Cn1cc(Cl)c(C(=O)Nc2ccc(-n3cnc(-c4ccc(N)cc4)c3)nc2)n1,31.942195892333984
N#Cc1ccc(-c2cccc(-c3nc(-c4ccc(N)cc4)nc(-c4ccc(N)cc4)n3)c2)cc1,14.748856544494629
N=c1ncc(-c2ccc(-c3ccc(C(N)=O)cc3)cn2)c[nH]1,18.333965301513672
N#Cc1cn(-c2ccc(C(=O)O)c(O)c2)cc1-c1ccc(F)cc1,16.12384605407715
N#Cc1ccc(-c2nc3c(C#N)ccnn3c2-c2ccc(OCCF)cc2)cc1,27.03997230529785
CCN1C(=O)c2cc(-c3ccc(C(=O)O)cc3)cc3nn(-c4ccc(-c5cccc(-c6ccc(N)nc6)n5)cc4)c(=O)c(c23)C1=O,24.674030303955078
CN(C)CCOc1ccc(N=c2nc(-c3cccc(C#N)c3)cc[nH]2)cc1,23.128612518310547
Cc1nc(-c2ccc(C#N)cc2)n(C)c1-c1ccc(C#N)cc1,14.84811019897461
Cc1ccc(-c2c(C(=O)Nc3ccc(O)cc3)nc(-c3ccccc3)n2C)cc1,26.34634017944336
Cc1cc(N)ccc1-c1ccc(-c2ccc(N)nc2)nn1,17.841196060180664
N#Cc1ccc(-n2ncc(Cl)c(Oc3cc(C#N)cc(C(F)(F)F)c3)c2=O)cc1,22.425662994384766
Nc1ccc(-c2cc3nc(-c4ccc(N)cc4)nc(-c4ccco4)c3cn2)cc1,25.09136962890625
CCC1Oc2ccc(C#N)cc2-n2cc(-c3ccc(C#N)cc3)nc21,20.89932632446289
Cc1c(C(N)=O)cnn1-c1nc(-c2ccc(C#N)cc2)cs1,18.476133346557617
N#Cc1ccc(-c2c(C#N)c(=O)[nH]c3ccccc23)cc1,15.646224975585938
Cc1c(C(N)=O)nc(-c2ccc(Cl)cc2Cl)n1-c1ccc(Cl)cc1,16.825580596923828
Cn1c(=O)n(C)c2cc(-n3ccc(-c4ccc(C#N)cc4)nc3=O)ccc21,22.924055099487305
Cc1cc2c(C(N)=O)nc(-c3ccc(N)nc3)nc2n1C,19.6717529296875
N#Cc1cc(=NCCN2CCOCC2)[nH]c(-c2ccc(-c3ccc(Cl)cc3)cc2)n1,25.868343353271484
COC(=O)CCC=Nc1c(O)c(C2C=C(C)CCC2C(=O)O)c(O)c2c(O)c3ccccc3c(O)c12,40.8049201965332
NC(N)=NN=Cc1ccccc1O,17.227834701538086
N#Cc1ccc(-c2cc(-c3ccc(C#N)cc3)nc(-c3ccc(N)nc3)c2)cc1,11.024405479431152
O=C(CC(=O)C(=O)O)Nc1cccc(Oc2ccccc2)c1,26.17145347595215
N#Cc1ccc(-c2c3cc(C#N)ccc3nc3c(C#N)cc(C#N)cc23)cc1,14.635672569274902
Nc1ccc(C=Nc2ccc(-c3nc(-c4ccc(N)cc4)nc(-c4ccc(N)cc4)n3)cc2)cc1,15.462859153747559
CC(C)c1ccc2c(c1)CCC1C(C)(COCc3ccccc3)CCCC21C,25.615455627441406
N#Cc1ccc(C(O)(c2ccc(-c3cccc(C#N)c3)cc2)C(F)(F)F)cc1,19.12592124938965
CC(C)(c1ccccc1)c1ccccc1,18.022232055664062
N#Cc1c(O)cc(Nc2ccccc2)c(O)c1C=O,20.64017105102539
CC(C)c1ccc(-n2c(-c3ccc(C#N)cc3)cc3c2cc(-c2ccc(C#N)cc2)n3-c2ccc(C(N)C#N)cc2)cc1,12.326446533203125
CN1CCN(c2oc(-c3ccc(N)cc3)nc2C#N)CC1,12.535357475280762
Fc1ccc(CCN=c2[nH]cnc3sccc23)cc1,21.697216033935547
CN1CCN(C(=O)c2ccc(=Nc3ccc(C#N)c(-c4ccc(C#N)cc4)c3)[nH]c2)CC1,16.601436614990234
N#Cc1ccc(-c2ccc(-c3ccc(C=NO)cc3)cc2)cc1,16.143781661987305
N#Cc1ccc(-c2cc(C=Cc3cc(N=CCc4ccc(N)cc4)nc(-c4ccc(N)cc4)n3)nc(-c3ccc(C#N)cc3)n2)cc1,25.30301284790039
C#Cc1ccc2c(c1)C(=O)N(C)Cc1cncn1-2,20.37693977355957
Cc1ccc2nc(-n3c(-c4ccc(C#N)cc4)cc4c3cc(-c3ccc(C#N)cc3F)n4-c3nc4ccc(C)cc4s3)sc2c1,11.979955673217773
Cc1cc(=Nc2c(Cl)cc(Cl)cc2Cl)[nH]c(=N)[nH]1,22.1806640625
NCCn1c(-c2ccc(O)cc2)cc(-c2ccc(O)cc2)c1-c1cc(O)cc(F)c1,26.55789566040039
N#Cc1ccc(NC(N)=NN=Cc2cccc(O)c2)cc1,19.333106994628906
O=Cc1cc(C=Cc2cc(O)c(O)c(O)c2)cc(O)c1O,16.70225715637207
N#Cc1ccc(C(=O)Nc2ccc3nn(-c4cccc(C#N)n4)cc3c2)cc1,25.521106719970703
N#Cc1c2c(c(C3CCCC3)[nH]c1=N)C(=O)c1ccccc1C2=O,23.716493606567383
Cn1c(-c2ccc(C#N)cc2)c(-c2ccc(C#N)cc2)cc(C#N)c1=O,14.367865562438965
Cc1cc(C)[nH]c(=NN=CC=Cc2ccc([N+](=O)[O-])s2)n1,24.957134246826172
N#Cc1ccc(CNC(=O)c2cc(N)ccc2Nc2ccc(C#N)cc2)cc1,18.138582229614258
N#Cc1ccc(C2CNC3(C2)C(=O)Nc2ccccc23)cc1,26.415145874023438
Nc1ccc(CC(N)C(=O)O)cc1,14.616785049438477
CC(=Cc1nc(-c2ccc(-c3ccc(-c4nc(-c5ccc(N)cc5)nc(-c5ccc(N=Cc6cccc(C#N)c6)nc5)n4)cc3)cc2)c[nH]1)C=C(C#N)C(N)=O,30.831401824951172
CCc1cc(-c2ccc(C)nc2)[nH]c(=Nc2cnc(C#N)cc2Cl)c1,24.616981506347656
N#Cc1ccc(-c2ccccc2-c2ccncc2)cn1,18.056251525878906
Nn1c(-c2ccccc2)nc2ccccc2c1=O,15.816032409667969
Cc1cc(C#N)ccc1-c1cc(C=CC(=O)c2ccc(O)cc2)ccc1O,22.86433982849121
N#Cc1ccc(C#Cc2ccnc3ccccc23)cc1,17.764705657958984
O=CN1CCc2cccc3c2C1c1ccc([N+](=O)[O-])cc1C3=NO,29.676301956176758
CCc1c(C)nc2nc(-c3ccc(C#N)cc3)cn2c1-c1ccc(C(=O)NCc2ccc(C#N)cc2)cc1,27.591707229614258
Cc1cc(C)c(Oc2ccc(C(=O)N(C)C)nc2)c(C)c1,20.71902847290039
Cc1cccc(C)c1NC(=O)NCc1ccccn1,20.796571731567383
N#Cc1ccc(-c2cc3ncnc(N=c4[nH]c(-c5ccc([N+](=O)[O-])cc5)cs4)c3n2-c2ccccn2)cc1,22.560544967651367
N#Cc1ccc(CSc2ccc(-c3nc4cc(C#N)ccc4[nH]3)cc2)cc1,18.15492057800293
CC(C(O)=NO)N1CC(=O)N(C)c2ccccc2C1=O,21.94345474243164
N#Cc1ccc(CNC(=O)c2cc(-n3cnnc3)ccc2Cl)cc1,21.36572265625
N#Cc1ccc(-c2ccc3cc(C(N)=O)ccc3c2)cc1,16.60259437561035
N#Cc1cccc(-n2c(O)cc3ccccc32)c1,20.814668655395508
N#Cc1ccc(-c2ccc(C#N)c(N)c2)cc1,13.04898738861084
Cc1nnc2n1-c1ccc(Br)cc1C(c1ccc(C#N)cc1)=NC2C,18.424161911010742
CC(=O)Nc1ccc(-c2cc3c(cc2F)c(=O)n(Cc2ccc(-c4ccccc4-c4nc(=O)o[nH]4)cc2)c(=O)n3C)cc1,26.653661727905273
N#Cc1ccc(C#Cc2ccc(-n3nc(C#N)cc3-c3ccc(C#N)cc3)cc2)cc1,18.048477172851562
Nc1cccc(C(=O)c2cc(O)c3c(=O)c4ccccc4ccc3c2)c1,30.52293586730957
CN1C(=O)COc2cc(N=Cc3cc(C#N)ccc3O)ccc21,25.263336181640625
Cc1cc(=O)c2cc3c(cc2cc1O)OC(C)CC3=O,20.69231414794922
CN(C)N=Cc1c[nH]c2ccccc12,21.589269638061523
Nc1ccc(-c2csc(=NN=Cc3ccc(-c4cccnc4)nc3)[nH]2)cc1,22.189483642578125
Nc1cc[n+](-c2c[nH]cn2)nc1,23.212345123291016
CC1(C)OC(=O)C(Oc2cccc(C#N)c2)=C1c1ccccc1,22.79606056213379
N#Cc1ccc(C#Cc2ccc(C(=N)N)cc2)cc1,15.68901538848877
N#Cc1cccc(NC(=O)c2ccccn2)c1,15.96739387512207
CCCc1nc(=O)c2ccccc2n1Cc1ccc(-c2ccccc2-c2nc(=O)o[nH]2)cc1,15.796415328979492
N#Cc1ccc(C(=NO)c2ccc(C#N)cc2)cc1,12.975438117980957
N#Cc1ccc(S(=O)(=O)N=c2ccc(Cl)c[nH]2)cc1,17.40583038330078
CCOc1ccccc1C#N,14.640932083129883
O=Cc1ccc(-c2nc(-c3ccccc3)cc(-c3ccccc3)n2)cc1,14.44343376159668
N#Cc1ccc(NC(=O)c2ccc(-c3ccccc3)cc2)cc1,12.895227432250977
CNc1ccc(N)cc1,15.341836929321289
Cc1nc(-c2nc3c(C#N)c(-c4ccc(C#N)cc4)ccn3c(=O)c2O)ccc1C#N,26.8689022064209
CC(C)(C)c1ccc(-c2ccc3c(c2)nc(-c2ncc(C#N)cc2O)n3-c2ccc(C#N)cc2)cn1,31.973600387573242
Nc1ccc(-c2nc(-c3ccc(N4C(=O)c5ccc6c7c(ccc(c57)C4=O)C(=O)OC6=O)cc3)nc(-c3cccs3)n2)cc1,10.823637962341309
N#Cc1cc(C#N)c2ccc3ccc(-c4ccc(N)cc4)cc3c2c1CN,24.886411666870117
CCCCCCCCCCC=Cc1c(O)cc2cccc(O)c2c1O,21.55356788635254
Cc1cc(-c2cc3cc(-c4ccnc(-c5ccc(N)cc5)n4)cnc3[nH]2)cc(C)n1,25.124223709106445
COc1cc2c(cc1OC)C(=O)N(C1CCN(c3nc(C#N)ncc3Br)C1)C2,32.02377700805664
N#Cc1ccc(-c2cc3c(c(=O)n(-c4ccc(C#N)cc4)c(=O)n3C3CCCCC3)n2-c2ccc(C#N)cc2)cc1,19.43829345703125
Cn1c(C#N)ccc1-c1ccc(-c2cn(CC#N)nc2-c2ccc(C#N)cc2)cc1,20.040132522583008
N#Cc1ccc(-c2cccnc2)cc1,9.92720890045166
N#Cc1ccc(NS(=O)(=O)c2ccc(C#N)c(F)c2F)cc1,17.835546493530273
C[n+]1ccc(-c2ccc(Sc3ccc(C#N)cc3)cc2)cc1,26.311315536499023
Cc1ccc(O)c(-c2ccc(C#N)cc2)c1,17.427921295166016
CN1CCN(c2ccc(-c3ccc4ncn(-c5ccc(-c6ncc[nH]6)cc5)c(=O)c4c3)cn2)CC1,28.582202911376953
N#Cc1ccccc1C(=O)c1ccc(O)cc1,17.35404396057129
N#Cc1ccc(-c2nnc(-c3cccc(C#N)c3)s2)cc1,18.997272491455078
CC(=O)c1c(C)c(C(C)C)c2c(c1O)C(=O)N(c1ccc(-c3cc(-c4ccc(C#N)cn4)cc(-c4cnc(N5CCOCC5)nc4)n3)cc1)C2=O,29.468669891357422
NC(=O)c1ccc(-c2cc3[nH]c(N4CCOCC4)nc(=NCC4CCCO4)c3s2)cc1,26.94373893737793
CC(C)Oc1nc(=N)c(C#N)c(N)[nH]1,16.86121940612793
C=CC=CC=CC=CC=CC#CC#CC=CCO,18.352365493774414
C#Cc1c(CC)n(CCC)c(=S)[nH]c1=O,21.838623046875
Cc1nc(C#N)ccc1-c1ccc2oc(-c3ccc(-c4ccc(N5CCNCC5)nc4)nc3)cc2c1,38.54301834106445
Cc1c(C=NN=c2nc(-c3ccc(Br)cc3)cc(-c3ccc(N)cc3)[nH]2)nc(-c2ccc(Cl)cc2)c(C)[n+]1[O-],31.99938201904297
Oc1cc2ccc3cc4ccccc4c4ccc(c1)c2c34,22.619789123535156
O=C(C=Cc1ccc(C(=O)C=Cc2ccc(O)c(C=CC(=O)c3ccc(O)cc3)c2)cc1)c1ccc(O)cc1,32.80392837524414
COC(=O)c1cc(C#N)cc(N=c2nc(-c3ccc(N4CCCC4)c(C#N)c3)cc[nH]2)c1,24.20663070678711
N#Cc1ccc(SC(=O)c2ccc(N)cc2)cc1,17.700237274169922
N#Cc1c2c(n(-c3ccccc3)c1N)CCCCC2,18.560972213745117
Cc1ccc(-c2cc(-c3ccc(C(C)C)cc3)c(C#N)c(=O)n2CC2CCCO2)cc1,20.565017700195312
N#Cc1ccc(-c2nc(-c3ccc(C(F)(F)F)cc3)cs2)cc1,18.58249855041504
CN1C(=O)C2CN(c3cccc(C#N)n3)CC2(c2ccc(F)cc2F)N=C1N,21.484712600708008
N#CC(C(=O)C(Cc1ccccc1)NC(=O)OCc1ccccc1)c1nc2ccccc2[nH]1,26.678409576416016
ON=Cc1ccc(F)cc1Cl,17.923612594604492
N#Cc1ccc(-c2cc(-c3ccc(C#N)cc3)n(-c3ccc(C#N)cn3)n2)cc1,18.021974563598633
CCCCc1ccc(-c2ccc(C#N)cc2)c(C#N)c1,18.65317726135254
Cc1nn(Cc2cc(O)cc(O)c2)c(=O)n1-c1ccc(C#N)cc1,23.455793380737305
Nc1ccc(-c2nc(-c3ccc(N)cc3)nc(-c3ccc4ccccc4c3)n2)cc1,12.387682914733887
C[N+](C)(C)CC#Cc1ccccc1,13.637068748474121
O=Cc1cc(CO)cc(NC(=O)CC=NO)c1,27.423871994018555
COc1ccc(-c2[nH]c3ccccc3c2C=O)cc1,18.193950653076172
C=CC1(C)CCC(C(=C)COC(C)=O)CC1C(=C)C,21.13886070251465
Cc1nc(N2CCCC(N)C2)c2cc(-c3ccc(C#N)cc3)n(-c3ccc(C#N)cc3)c2n1,19.16514778137207
O=S(=O)(c1ccc(Cl)cc1)n1c2cc(Cl)ccc2c2ccc(-c3ccc(Cl)cc3)cc21,28.36351776123047
N#Cc1ccc(N)cc1C=Nc1cccc(O)c1,16.38170051574707
Cc1ccc(N=Nc2ccc(N=Nc3ccc(-c4ccc(N=N)cc4)cc3O)cc2)cc1,29.29488754272461
N#Cc1ccc(-c2nc(-c3ccc(N)nc3)nc(-c3ccc(N=Cc4cc(C=O)cc(C=O)c4O)nc3)n2)cc1,8.376837730407715
NN1C(=O)c2ccc(O)cc2C1=O,18.498554229736328
CCCCc1nc(Cl)c(-c2ccccc2)c(=O)n1Cc1ccc(-c2ccccc2-c2nn[nH]n2)cc1,18.21864128112793
Cc1cc(C(=O)Nc2ccc(-c3ccc(C(=O)NCC4(C(=O)O)CCCC4)nc3)cc2)c2ccccc2n1,26.27246856689453
NCCCN=c1cc[nH]c2cc(-c3cccc(N)c3)ccc12,27.83980941772461
N#Cc1ccc(-c2ccc(-c3ccc(-c4nc(-c5ccc(N)cc5)nc(-c5ccc(N)cc5)n4)cc3)cc2)cc1,12.431374549865723
O=S(=O)(Nc1cc(O)cc2ncccc12)c1ccc(Br)cc1,28.35824203491211
Nc1cc(O)c(N=Cc2cccc(Cl)c2)cc1O,12.77346420288086
O=Cc1ccc2oc(-c3ccc(-c4cc(-c5ccccc5)cc(-c5ccccc5)c4)cc3)nc2c1,19.493120193481445
N#Cc1ccc(COc2ccc(C#N)cc2)cc1,12.974562644958496
N#Cc1ccc(CN2CCN(C(=O)CCc3nc(=O)c4ccccc4[nH]3)CC2)cc1,21.5555362701416
C[n+]1c(-c2ccc(C=Nc3ccc(Oc4ccc(N)cc4)cc3)cc2)cn2ccccc21,20.559165954589844
N#Cc1cc(F)c(-n2c(=O)ccc3cc(-c4cnc(=N)[nH]c4)ccc32)cc1F,21.183082580566406
Cc1ccc(-c2cc(C(=O)NCc3ccc(C#N)cc3)c3ccccc3n2)cc1,14.630999565124512
N#CC=Cc1ccc(-n2cc(-c3ccc(-c4nc(-c5ccc(N)cc5)nc(-c5ccc(C=O)cc5)n4)cc3)nn2)cc1,20.063369750976562
N#Cc1ccc(-c2cc(-c3cccc(C#N)c3)cc(-c3cccc(C#N)c3)c2)cc1,19.721858978271484
N#Cc1ccc(-n2c(-c3ccc(N)cc3)nc3ccc(-c4ccc5c(c4)c(=O)c4cc(N)ccc4n5Cc4ccc(-c5ccccc5)cc4)cc32)cc1,31.242223739624023
COc1ccc(C=C2C(=O)NC(=O)N(c3ccc(C)cc3)C2=O)cc1O,17.648548126220703
CCCCCc1ccc(C#N)c(Cl)c1,22.73234748840332
Nc1ccc(-c2nc(-c3ccc(N)nc3)nc(-c3ccc(N=Cc4cc(C=O)c(O)c(C=O)c4O)nc3)n2)cc1,9.471434593200684
Cc1sc2nc(-c3ccccc3)c(N)c(=O)n2c1C#N,24.1768798828125
N#Cc1ccc(-c2ccc(C=Nn3cnnc3)o2)cc1,12.98440933227539
Oc1ccc2cc(-c3ccccc3)c(-c3ccc(CN4CCC(c5n[nH]c(-c6ccccn6)n5)CC4)cc3)nc2c1,22.04597282409668
Cn1c(O)c(C(=O)C=Cc2ccccc2)c(=O)n(C)c1=O,17.86778450012207
N#Cc1ccc(-c2cc(-c3ccc(C=O)cc3)nc(-c3ccc(N)nc3)n2)cc1,14.042187690734863
N#Cc1ccc(-c2csc(-c3ccc(CN4C(=O)c5ccccc5C4=O)cc3)n2)cc1,21.297788619995117
N#Cc1ccc(-c2ccc(CC3=NC(=S)NC3=O)cc2)cc1,18.996374130249023
O=C(CCC(NS(=O)(=O)c1ccc(C#CCCc2ccc(O)cc2)s1)C(=O)O)NC(Cc1c[nH]cn1)C(=O)O,38.48810577392578
N#Cc1cccc(COc2ccnc(-c3ccc(C(N)=O)cc3)n2)c1,23.761951446533203
Cc1nc2ccc(-c3ccc(N4CCN(C)CC4)nc3)cc2c(=O)n1-c1ccccc1,17.657793045043945
N#Cc1ccc(CC(c2ccc(C#N)cc2)c2ccc(C#N)cc2)cc1,12.937724113464355
Cc1cc(=O)oc2c(C(=O)c3ccc(O)cc3)c3ccccc3c(O)c12,22.124563217163086
Oc1ccc(-c2cc(-c3ccc(O)cc3)[n+](-c3ccc(O)cc3)n2-c2ccccc2)cc1,22.651599884033203
N#Cc1ccc(-c2c(-c3ccc(N)cc3)sc3cc(-c4ccc(N)cc4)ccc23)cc1,21.538917541503906
Cc1ccc(-n2c(-c3ccc(C#N)cc3)cc(C#N)c2C)c(C)c1,17.57774543762207
C=CCn1c(N)c(C#N)c(C#N)c1-c1cccc(Cl)c1,20.346771240234375
O=C(NC1CCCC1)c1ccc(N2CCC(O)C2)cn1,31.430068969726562
Nc1ccc(-c2nc(-c3ccc(N)nc3)no2)cc1,11.037186622619629
Nc1ccc(-c2nc(-c3ccc(N4C(=O)c5cccc6c(N)ccc(c56)C4=O)cc3)c(-c3ccccc3)[nH]2)cc1,17.89352035522461
CN=c1cccc(-c2nc3cc(-c4ccc(C#N)cc4)ccc3[nH]2)[nH]1,24.091054916381836
N#Cc1ccc(O)c(C#N)c1,9.936554908752441
Cc1ccc(-c2ncc(C(=O)NCCc3ccc(Cl)cc3)nc2-c2ccc(C)cc2)cc1,21.410934448242188
Cc1nc(-c2ccc3c(Oc4ccc(NC(=O)c5cccc(C#N)c5)cc4F)ccnc3c2)cn1C,28.077661514282227
C#Cc1ccc(NC(=O)c2ccc(-c3cccc(C(F)(F)F)c3)cc2)cc1,20.404996871948242
Cc1cc(C)n(-c2nc(-c3ccc(N)cc3O)cc(=Nc3ccc(C#N)cc3)[nH]2)n1,23.14841651916504
COc1ccc(NC(=O)CSc2nc3ccccc3c(=O)n2-c2ccc(O)cc2)cc1,20.874828338623047
Cc1ccc(-n2c(=S)sc3c(=O)nc(SCc4ccc(Br)cc4)[nH]c32)cc1,24.63347625732422
O=c1[nH]c(O)c(C=c2cnn3c(=NC4CC4)[nH]c(=NCc4cccc5ccccc45)nc23)[nH]1,21.47028160095215
N#Cc1c2c(c(-c3ccccc3)c3ccccc13)CCCC2,18.335777282714844
Nc1ccc(-c2nc(N=CN3CCOCC3)c3ccccc3n2)cc1,16.205583572387695
N#Cc1ccc(-c2ccc(C=CC(O)=NO)cc2)cc1,13.266061782836914
N#Cc1cc(-c2ccc(Cl)cc2Cl)ccn1,17.118074417114258
Cc1cc(N(C)CCCC(=O)Nc2ccc3c(c2)CCC3)nc2c(C)cccc12,35.65388107299805
Nc1ccc(-c2nc(-c3ccc(N=Cc4cc(C=O)c(O)c(C=O)c4O)nc3)nc(-c3ncccn3)n2)cn1,12.856913566589355
Cn1cc(-c2ccc(Cl)cc2)nc1-c1ccc(S(N)(=O)=O)cn1,24.320465087890625
Cn1c(CCC#N)nc2cnc(-c3ccc(NC(=O)c4ccc(C(F)(F)F)nc4)nc3)nc21,39.580360412597656
CC(C)c1ccc(CC(O)Cc2ccc(C#N)cc2)cc1,18.74864387512207
Cc1nc2n(n1)CC(NCc1ccc3c(c1)OCO3)CC2,22.917875289916992
CCON=C=Nc1ccc(-c2nc(CCN)nc(-c3ccc(NC)cc3)n2)cc1,31.886608123779297
Oc1ccc(C=NN=c2[nH]c(=Nc3ccccc3)[nH]c(=Nc3ccc(O)cc3)[nH]2)cc1,17.847719192504883
N#Cc1ccc(Cn2cc(-c3ccc(C#N)cc3)nn2)cc1,13.175661087036133
N#Cc1cccc(-c2ccc(-c3ccc(CNCc4ccc(-c5ccc6[nH]cnc(=Nc7ccc(C(F)(F)F)cc7)c6c5)cc4)cn3)nc2)c1,34.050716400146484
CCc1nc(C2=CCN(S(C)(=O)=O)CC2)cc(-c2c[nH]c(=N)c(OC(F)F)c2)n1,26.59117889404297
COC(=O)C(C=Nc1cc(C)c(O)cc1C(C)C)=CC(=O)C=CC(=O)O,37.17561340332031
N#Cc1ccc(C=CC(=O)c2ccc(C#N)cc2O)cc1,16.85915184020996
CCCCCCCCOc1cc(C(=N)N)ccc1OC,22.392417907714844
Cc1ccc(-c2nc(N3CCCC3)ncc2-c2cc(-c3ccncc3)nc(-c3ccc(N)nc3)n2)cc1,20.955175399780273
CN1CCN(Cc2nc3ccccc3c(=O)n2-c2ccccc2)CC1,14.135902404785156
Cc1nc2c3cccc(C)c3nn2c(C)c1CCC(=O)NCc1ccc(F)cc1,27.792179107666016
CCOc1cc(C=Nc2ccc(-c3nc(-c4ccc(N)nc4)nc(-c4ccc(N)nc4)n3)cn2)c(O)c(N2CCOCC2)c1,22.22038459777832
N#Cc1ccc2c(c1)C(=O)c1ccccc1-2,18.583698272705078
CC(=O)N1CCCN(c2ncc(-c3cccc(C(=O)N=c4[nH]c(-c5cccnc5)cs4)c3)cn2)CC1,32.68239974975586
C=c1c(C(=O)OC)c(O)c(=Cc2cccc(OCc3ccccc3C(=O)NCCc3ccccc3)c2)n1-c1ccc(C(=O)O)cc1,44.75469970703125
CC(C)(C)c1ccc(-c2ccc(C#N)cc2)cc1,13.375715255737305
Cc1nn(C)c(Nc2ccc(C#N)cc2)c1Cn1nc(-c2ccccc2)ccc1=O,30.15995216369629
N#Cc1cc2cc(Cl)ccc2[nH]c1=NCCN1CCOCC1,19.28082847595215
Nc1ccc(N=Nc2ccc(C(=O)O)cc2)cc1,16.781702041625977
N#Cc1ccc(CNCC(=O)Nc2cccc(Cl)c2)cc1,22.489240646362305
Clc1nc(Cl)nc(-c2ccc(-c3cc(-c4ccccc4)cc(-c4ccco4)c3)cc2)n1,12.05247688293457
N#Cc1c(N)n(-c2ccccc2)c(=O)c2ccccc12,15.017358779907227
CC(C(=O)O)c1ccc(-c2ccc(-c3ccc(C#N)cc3)cc2)c(C#N)c1,18.168380737304688
CCCn1c(N)c(N(CC(C)C)C(=O)c2ccc(-n3nc(C)c(Cc4ccccc4)c3C)nc2)c(=O)[nH]c1=O,35.737239837646484
COc1nc2c(C#N)c[nH]c2c(=O)n1C,27.356163024902344
Oc1ccc(C2=c3c4n5c(c3c3ccccc35)C2=CC(C2=CCCCC2)=CC=4)cc1,36.398494720458984
N#Cc1ccc(S(=O)(=O)Nc2cc(O)c(N=Cc3ccc(O)cc3)cc2O)cc1,19.387407302856445
COc1ccc(-c2nn(-c3ccc(CN(C)C)cc3)cc2-c2ccnc3ccc(-c4cncc5ccccc45)cc23)cc1,33.14076614379883
N#Cc1cc(-c2ccc(C(N)=O)cc2)n2ccc(-c3ccccc3)cc12,20.339366912841797
N#Cc1ccc(N2Cc3ccccc3C2)nc1,15.264063835144043
Nc1cccc(-c2ccnc3[nH]c(C4CCNCC4)cc23)c1,19.189435958862305
N#CC(C#N)=Cc1ccc(OCc2ccccc2)cc1,14.630905151367188
CN(C)c1ccc(-c2nc(-c3ccncc3)c3n2CCCc2cc(C#N)ccc2-3)cc1,23.03816032409668
N#Cc1cccc(Nc2cc(O)c3c(Cl)cc(C#N)cc3c2O)c1,22.6766357421875
COc1cc(C#N)ccc1-c1cc2c(cc(-c3ccc(C#N)cc3)n2-c2nc3ccc(C)cc3s2)n1-c1nc2ccc(C)cc2s1,12.964678764343262
Cc1ccc(-[n+]2nc(-c3ccccn3)nn2-c2ccccc2)cc1,19.031408309936523
Cc1ccc2nc(-n3c(-c4ccc(C#N)cc4)cc4c3cc(-c3ccccc3C)n4-c3nc4ccc(C)cc4s3)sc2c1,13.609248161315918
Nc1ccc(-c2cc(-c3ccc(O)cc3)nc(-c3ccccc3O)c2)cc1,18.136821746826172
N#CC(=Cc1ccc(C=O)cc1)c1ccccc1,18.188207626342773
Cc1cc(-n2cnc3ccc(-c4ccnc(C#N)c4)cc32)ccc1C(N)=O,27.69713592529297
N#CC=Cc1ccc(C#N)cc1,9.542887687683105
N#Cc1ccc(NC(=O)N2CCN(c3ccc(-c4ccc(C#N)cc4)nc3)CC2)cc1,17.64897918701172
Nc1ccc(-c2nc(-c3ccncc3)[nH]c(=NCc3ccc(-c4ccccc4)cc3)n2)cn1,18.778615951538086
N#Cc1cc2ncnc(Cl)c2cc1C#N,21.297800064086914
N#Cc1ccc(-c2ccc(-c3ccc(-c4nc(Cl)nc(Cl)n4)cc3)cn2)cc1,13.654356956481934
CC(C)=CCCC(C)=CCOc1ccc(C#N)cc1,20.320486068725586
N#Cc1[nH]n(-c2ccc(Cl)cc2)c(=N)c1C#N,14.898934364318848
CCC1(Nc2ccc(C#N)cc2)c2ccccc2C(=O)N1Cc1ccc(C#N)cc1,24.010602951049805
N#Cc1cc(O)cc(-c2nc(-c3ccc(N)nc3)nc(-c3ccc(N=Cc4cc(C=O)cc(C=O)c4O)nc3)n2)c1,13.860613822937012
O=Cc1cc(-c2cc(C=Cc3cc(O)cc(O)c3)ccc2O)c(O)c(O)c1O,22.487194061279297
N#Cc1ccc(NC(=O)c2cc(-c3ccc(C#N)cc3)nc3ccccc23)cc1,14.560182571411133
N#Cc1ccc(C(N)C(=O)NC(CCCCN)C(=O)O)cc1,27.08570671081543
Nc1ccc(-c2nc(-c3ccc(C=O)cc3)no2)cc1,14.980179786682129
N#Cc1ccc(-c2ccc(-c3ccccc3)cn2)cc1F,17.408180236816406
c1ccc(-c2cc(-c3cc4ccccc4o3)nc(-c3ccncc3)n2)cc1,18.264863967895508
N#Cc1ccc(-n2[nH]nc(C#N)c2=N)cc1,11.998579978942871
Cn1c(=S)n(-c2ccc(Br)cc2)c(=S)n1-c1ccccc1,20.562055587768555
CN1Cc2cc(-c3cccc4c3CCN(Cc3nc(-c5ccc(C#N)cc5)no3)C4)c(O)cc2C1=O,34.17487716674805
N#Cc1c(-c2ccc(O)cc2)nc2n(c1=O)Cc1cc3ccccc3c(C#N)c1-2,20.9200496673584
CC(=O)c1ccc(-c2cnc3c(N)cc(-c4ccc(C#N)cc4)cn23)cc1,13.94237232208252
Cn1c(N=Cc2ccc(-c3nc(-c4ccc(C=O)cc4)nc(-c4ccc(C=O)cc4)n3)cc2)cc(O)c1C#N,15.317874908447266
CN(C(=O)C1CCCN(Cc2ccc(-n3cccc3)cc2)C1)c1ccc(-c2ccccc2)cc1,30.853776931762695
CCC(=O)OC1(C)C(=O)C=C2C=C(c3ccc(C#N)cc3)N(Cc3ccc(C#N)cc3)C=C2C1=O,21.355623245239258
C=CC=NC(=O)C(C)=Cc1ccc(C=CC(O)=NO)cc1,24.68880844116211
N#Cc1cccc(-c2ccc3[nH]cnc(=Nc4ccc(F)c(C(F)(F)F)c4)c3c2)c1,21.6177978515625
COc1cc(C=NNc2ccc(Cl)cc2)cc(OC)c1OC,20.02117919921875
CC(c1nc2ccccc2c(=O)n1N1CCN(C)CC1)N(C(=O)Nc1ccc(F)cc1)c1ccc(Cl)c(Cl)c1,32.30583190917969
ON=Cc1cc(C(F)(F)F)cc(C(F)(F)F)c1,16.799217224121094
N#Cc1cccc(NC(=O)c2cccc(-n3cnc4cc(C#N)ccc43)c2)c1,17.39929962158203
COc1cc(O)c2c(c1)OCC(=Cc1ccc(Br)cc1)C2=O,21.92724609375
Cc1cc(SC(C)C)nc2cc(-c3cnc(=N)[nH]c3)nc(C3CC3)c12,29.609310150146484
N#Cc1ccc(C(=O)N2CCN(c3ccc(C#N)cc3)CC2)cc1,14.040937423706055
N#Cc1c(F)c(N)c(F)c(O)c1F,13.70415210723877
COc1nc(-c2ccc(N)nc2)ccc1C,16.567401885986328
N#Cc1cc(C#N)c2cc(Sc3ccccc3)ccc2c1,16.648725509643555
COC(=O)Cn1c(-c2ccc(C#N)cc2)c(C(N)=O)c2cc(O)ccc21,29.75672721862793
N#Cc1ccc(N=Cc2c3ccccc3c(C=Nc3ccc(N)cc3)c3ccccc23)cc1,19.544178009033203
Cc1sc(-c2ccc(-c3ccc(N)c(N)c3)cc2)nc1O,25.368364334106445
COc1ccc(C=NNC(=O)c2ccnc3ccccc23)cc1O,24.81211280822754
CCSC(=O)C=C(C)C,20.007362365722656
N#Cc1ccc(-c2cc(N3CCOCC3)nc(-c3ccccn3)n2)cc1,12.647409439086914
N#Cc1ccc(-c2nc(-c3ccc(N)cc3)nc(-c3cn(-c4ccc(S(N)(=O)=O)cc4)nc3-c3ccccn3)n2)cc1,21.243871688842773
N#Cc1c2ccccc2c(C#N)c2ncccc12,10.403194427490234
CC1(C)Cc2c(sc(NC(=O)c3cc(Cl)ccc3O)c2C#N)C(C)(C)N1,21.536558151245117
N#Cc1ccc(-c2cc(-n3[nH]cc(C#N)c3=N)nc(-c3nccs3)n2)cn1,21.239429473876953
C=Cc1c(OC)cc2c(C)c(O)c(O)c(C=NCc3ccccc3)c2c1O,32.18924331665039
Cc1csc(=Nc2nc(-c3ccc(C#N)cc3)c(C#N)n2C)[nH]1,18.92892837524414
Cc1cccc(CNCc2csc(-c3ccc(N(C)C)nc3)n2)c1,31.003646850585938
Cc1ccc(-n2nc(-c3ccc(N)cc3)c3cnc4ccccc4c32)cc1,21.22194480895996
N#Cc1ccc(-c2ccc3cc(-c4ccc(C#N)cc4)n(-c4ccc(N)cc4)c(=O)c3c2)cc1,19.048686981201172
Cc1ccc(-c2ccnc(-c3ccc(N)nc3)n2)cn1,18.93769073486328
C=CCNC(=O)C=CC=CCCc1cccc(O)c1O,29.3905029296875
CC12C=CC(=O)CC1CCC13CCC4c5ccc(=O)[nH]c5CC4C1(C)CCC23,41.71315002441406
COc1ccc(CC(=NC(=O)c2cccnc2)C(=O)N2CCCCC2)cc1Br,29.356531143188477
O=c1c2ccccc2nc(SCc2ccccc2)n1CCc1ccccc1,21.85902976989746
N#Cc1ccc(-c2cnc(N)c(C#N)c2)cn1,12.082757949829102
N#Cc1cccc(-c2ccc3cc(-c4ccc(N5CCOCC5)nc4)ccc3n2)c1,25.11280632019043
N#Cc1c(-c2ccccc2)cn2cccnc12,17.824478149414062
Cn1c(=C(C#N)C#N)ccc(=C(C(N)=O)S(C)(=O)=O)c1=O,20.31534194946289
Cc1nc(-c2ccc(N)nc2)n(-c2ccc(C#N)cc2)n1,12.01889705657959
COCc1nc2ccccc2c(=O)n1-c1ccc(C#N)cc1,14.256489753723145
COC(=O)C(C#N)C(=S)Nc1ccc(-c2ccc(C#N)cc2)cc1,27.366191864013672
N#Cc1ccc(-c2cc(C(N)=O)nc3ccc(C#N)cc23)cc1,13.822343826293945
Nc1ccccc1C=NNC(=O)c1cccnc1,20.48430061340332
N#Cc1ccc(-c2cc3nccc(-c4cccc(-n5ccc6cc(C7CC7)cc(F)c6c5=O)n4)c3s2)nc1,26.589120864868164
CCOc1ccc(C#N)cc1,12.96090030670166
Cn1ccc2cc(-c3ccc(-n4ccnc4)cc3)ccc21,25.812108993530273
CCC(C)(C)N(Cc1ccc(-c2ccc(CNCC(C)C)cc2)cc1)C(=O)c1ccc(O)c(OC)c1,35.176902770996094
OCC1Cn2cccc2-c2ccc(C=CC(O)=NO)cc2O1,24.09271240234375
N#Cc1ccc(-c2nc(=N)c3cc(-c4ccc(N)cc4)ccc3[nH]2)cc1,17.267004013061523
C=CC(=O)N1CCC2(CC1)CC(=O)c1cc(C=CC(O)=NO)ccc1O2,23.791879653930664
Cc1cc(=O)c2c(C=O)cc(O)c(C)c2o1,15.427894592285156
N#Cc1ccc(CN(Nc2ccc(C#N)cc2)c2nc(C#N)ncc2C#N)cc1,18.675981521606445
N#Cc1cc(O)c2c(c1)CC1NS(=O)(=O)NCC21,29.242717742919922
Cn1c(-c2ccc(N)cc2)nc2ccc(=O)[nH]c2c1=O,23.015676498413086
Cc1ncn(-c2ccc(N=c3cc(-n4cc(C#N)cn4)nc(-c4ccc(C#N)cc4)[nH]3)cc2)n1,26.841163635253906
O=C(c1ccc(O)c(Cl)c1)N1CCc2ccccc2C1CN1CCC(Cc2ccc(F)cc2)CC1,29.72102928161621
N#Cc1ccccc1-c1ccc(Cn2c(-c3ccc(C=CC(=O)O)cc3)nc3cc(C(=O)O)ccc32)cc1,23.90851593017578
N#Cc1cccc(-c2cnc(-c3ncnn3-c3ccccc3)cn2)n1,21.99862289428711
CCc1nc(-n2ccc3ccccc3c2=O)c2c(C)cc(C)nc2n1,31.29069709777832
Cc1ccc(-n2cc(C#N)c3cc(C#N)cnc32)cc1,21.423898696899414
CC(=NNC(N)=S)c1ccc(C#N)cc1,12.372823715209961
Nc1cncc(-c2nc(-c3ccc(N=Cc4cc(C=O)c(O)c(C=O)c4O)nc3)nc(-c3ccc4c(c3)OCO4)n2)c1,18.52427101135254
O=C(c1ccccc1Cl)c1c2ccccc2n2cc(Br)ccc12,25.132423400878906
Nc1ccc(-c2nc(-c3ccc(N4C(=O)c5ccc6c7c(ccc(c57)C4=O)C(=O)OC6=O)cc3)nc(-c3ccc(N)c(F)c3)n2)cn1,16.449007034301758
CCCCCCCCCCC(=O)Nc1ccc(-c2oc(O)c(O)c2NC(=O)CC=CN(C)C(C)=O)cc1,44.06060791015625
Cc1cn(CC2CN(c3nc(-c4ccncc4)cc(-c4ccc(C#N)cc4)n3)CCO2)c(=O)[nH]c1=O,31.952150344848633
Cc1ccc2c(c1)c(N=NC(=O)c1cc(O)c(O)c(O)c1)c(O)n2C,19.234922409057617
Cc1cccc(C)c1,13.05717658996582
N#Cc1ccc(-c2ccc3nc(NC(=O)C4CC4)cn3n2)cc1,18.381710052490234
Cc1ccc(Cn2c(C)cc3ccc(N)cc3c2=O)cc1,23.285446166992188
N#Cc1cccc(N2CCN(Cc3ccc(-c4ccc5c(C=Cc6ccccc6)[nH]nc5n4)cc3)CC2)n1,21.148496627807617
N#Cc1ccc(-c2nc3ncnc(N4CCCCC4)c3nc2-c2ccc(C#N)cc2)cc1,17.1119384765625
N#Cc1ccc(-c2nn(-c3ccc(C#N)cc3)cc2C=CC(=O)c2ccc(C#N)[n+]([O-])c2)cc1,32.703369140625
C#CC(=O)Nc1cccc(-c2cc3c(C)cc(-c4cccc(-c5ccc(C(N)=O)cc5)c4)nc3n2C)c1,38.13569641113281
N#Cc1ccc(-c2nc(C#N)ncc2-c2ccc(Cl)cc2)cc1,15.286944389343262
CC1(C)Cc2cc(C3=Nc4ccccc4Cc4ccccc43)ccc2O1,31.358976364135742
COc1ccc(C(=O)Nc2ccc(-c3nc(-c4ccc(N)cc4)nc(-c4ccc(N)cc4)n3)cc2)cc1,18.231752395629883
CC(C)(C)c1ccc(C=O)c(C=Cc2cccc(C#N)c2)c1,22.843952178955078
N=c1[nH]c(=N)c2c(Cl)cc(-c3ccc(N)cc3)nc2[nH]1,18.307146072387695
NC(=O)c1cccc(C(F)(F)F)c1,17.931888580322266
N#Cc1ccc(-c2nc(-c3cnc(N4CCCC4)nc3)cc3c2c(C#N)nn3-c2ccc(C#N)cc2)cc1,25.048675537109375
N#Cc1ccc(-c2cc(C#N)cc(-c3ccc(C#N)cc3)n2)cc1,9.855782508850098
N#Cc1ccc(CN2CCN(C(=O)c3ccc(N)cc3)CC2)cc1,17.2954044342041
N#Cc1ccc(OCC(=O)NC(c2ccc(-c3ccc(C#N)cc3)cc2)c2ccccc2N)cc1,31.68247413635254
Cc1ccc(S(=O)(=O)c2ccn(CCc3ccc(O)cc3)c2N)cc1,25.684406280517578
Cc1nc(-c2cc(C#N)c(=O)n(C)c2-c2cc[nH]c(=N)n2)ccc1C#N,20.205055236816406
CN1CCN(C(=O)c2cccc3c2-c2cc4cc[nH]c(=O)c4cc2S3(=O)=O)CC1,27.10061264038086
Cc1ccccc1-c1cc(C)c2c(c1Cl)C(=O)C(CC#N)(C1OCCO1)C(=O)N2,31.9412841796875
COc1cc(O)c2c(=O)c(-c3ccc(O)cc3)c(-c3ccc(O)c(O)c3)oc2c1,21.54583740234375
COc1cccc(-c2cc(-c3ccc(C#N)cc3)cc(-c3ccc(N4CCNCC4)nc3)n2)c1,22.042011260986328
Cc1nc(COCC(NC(=O)c2ccccc2)c2ccc(C#N)cc2)cc(-c2ccc(C#N)cc2)c1C#N,27.789735794067383
Cc1ccc2nc(-n3c(-c4ccc(C#N)cc4)cc4c3cc(-c3ccc(N)nc3)n4-c3nc4ccc(C)cc4s3)sc2c1,12.267970085144043
N#Cc1nn(C2CC2)c2ccncc12,24.630390167236328
N#Cc1ccc(N2CCN(CCNC(=O)c3cc(-c4ccccc4)nc4ccccc34)CC2)cc1,21.34088897705078
Clc1nc(Cl)nc(-c2ccc(-c3cc(-c4ccccc4)cc(-c4cccnc4)c3)cc2)n1,10.759334564208984
N#Cc1ccc(-c2ccnc(C#N)n2)cc1,12.589248657226562
CCS(=O)(=O)NCc1cc(C)on1,22.71569061279297
N#Cc1cc(-c2ccccc2)n(-c2ccc(-c3ccc(-c4[nH]c(=O)[nH]c4O)cc3)cc2)c1N,31.37492561340332
COc1cc(-c2ccc(O)c(F)c2)cc(C=O)c1O,14.79700756072998
Cc1ccc2cc(C#N)c(=Nc3cccc(F)c3)[nH]c2c1,20.380456924438477
O=C(C=Cc1ccc(Cl)c(Cl)c1)c1ccc2c(c1)OCO2,21.452505111694336
Cc1ccc2nc(-n3c(-c4ccc(C#N)s4)nc4ccc(-c5ccc(C#N)cc5)cc43)sc2c1,14.500187873840332
CC=Cc1ccc2c(c1)CN(C(C)c1cnc(-c3ccc(-c4ccc(C#N)cc4)cc3)n1-c1ccccc1C)C2,37.12800598144531
Cc1ccccc1NC(=O)c1c(C)oc2c(C#N)c3n(c2c1=O)CCC3,21.495820999145508
CCc1nc(C)c2c(=O)nc(-c3cccs3)[nH]n12,26.84816551208496
Cc1nnc(-c2ccc(N)nc2)n1-c1ccc(C#N)cc1,10.504607200622559
N#Cc1ccc(-c2cnc3c(C#N)cc(-c4ccc(C#N)cc4)cc3c2)cc1,14.99113655090332
COc1ccc(-c2cncc(-c3ccc(C#N)cc3)c2)cn1,16.031192779541016
N#Cc1ccc(Cn2c(-c3ccncc3)nc3ccccc32)cc1,15.533472061157227
N#Cc1ccc(-c2ccc3c(=O)cc(C#N)[nH]c3c2)cc1,13.166400909423828
COc1ccc(-c2cc3c(c(C#N)c2C#N)C(=O)c2ccccc2C3=O)cc1OC,23.162952423095703
COc1ncncc1-c1ccc2c(c1)c(-c1cncc(N3CCN(C)C(C)C3)n1)nn2C,36.048118591308594
ON=C(O)c1ccc(OCc2ccccc2)cc1,18.752321243286133
CC(C)CN(C=O)Cc1ccc(C#N)cc1,19.106109619140625
Cc1ccc(C=CC2=CC(=O)C(C)(C)O2)cc1,20.148122787475586
CC1N(c2ncc(-c3ccc(C#N)cc3)c(N)n2)C(=O)OC1(C)C,18.406742095947266
Cn1c(=O)nc2n(-c3ccc(C#N)cc3)c3ccccc3nc-2c1=O,16.533781051635742
O=c1c2ccccc2[nH]c2ccccc12,17.148090362548828
N#Cc1ccc(-c2cc(-c3ccc(C#N)cc3)n3nc(-c4ccc(C#N)cc4)nc3n2)cc1,18.53947639465332
Cc1ccc(Cc2c(C)n[nH]c2C)cc1,21.10158348083496
Nc1ccc(-c2nc(-c3ccccc3)nc(N(c3ccccc3)c3ccccc3)n2)cc1,17.519582748413086
O=C1c2cc(Nc3ccc(F)cc3F)ccc2C(=O)c2c1ccc1ccccc21,17.771587371826172
Nc1ccc(-c2nc(-c3ccc(NCC4OCCO4)cc3)nc(-c3ccc(N4CCC(=O)CC4)nc3)n2)cc1,29.060808181762695
CCN1CCc2c(sc(NC(=O)c3ccccc3F)c2C#N)C1,23.241453170776367
N#Cc1ccc2c(c1)-c1ccccc1C2(O)C(F)(F)F,13.547900199890137
Cc1[nH]c(=N)c(C#N)c(C)c1C#N,14.891334533691406
C=C(C=O)CC(=O)c1ccc(C(C)C)cc1,26.3728084564209
N#Cc1cc(-c2ccc(O)cc2)n(-c2ccc(-c3nc(-c4ccc(N)cc4)nc(-c4ccc(N)cc4)n3)cc2)c1N,18.661373138427734
COc1ccc(-c2nc(-c3ccc(N)cc3)nc(-c3ccc(N4C(=O)c5cccc6cccc(c56)C4=O)cc3)n2)cc1,11.484960556030273
C=CCc1cc(-c2ccc3c(c2)C(C)(C)CC(=O)N3CC)ccc1O,20.555009841918945
Cc1c2c(c(-c3ccc(C#N)cc3)c3c(C#N)cc(C#N)cc13)C(=O)NC2=O,18.686710357666016
Cc1cc(=O)c2ccc(N)cc2n1Cc1ccc(C#N)cc1,17.23867416381836
Cc1c2c(c(C#N)c3c1CCC3)CCCC2,17.15877342224121
c1ccc(-c2cn3nc(C4CC4)sc3n2)cc1,21.011232376098633
CC#CC(=O)N=c1ccc(-c2nc(-c3ccc(N)nc3)nc(-c3ccc(N)nc3)n2)n[nH]1,24.138774871826172
N#Cc1ccc(-c2cc(-c3ccc(N=C(N)N)cc3-c3ccc(C#N)cc3)[nH]c(=N)n2)cc1,24.055484771728516
Oc1ccc(-c2csc(N=Cc3ccccc3O)n2)cc1,14.289899826049805
Cc1cc(C#N)cc(C)c1Oc1cc(C)c([N+](=O)[O-])c(Nc2ccc(C#N)cc2)c1,20.96396827697754
N#Cc1ccc(-c2cc(C#N)ccc2O)cc1,11.167125701904297
CC(=O)Nc1cccc(C2CCN(CCc3ccc(-c4ccc(C#N)cc4)nc3)CC2)c1,17.73873519897461
Cc1ccc(NC(N)=S)cc1,16.949079513549805
Cc1ccc(-c2ccc3[nH]c(=Nc4ccc(CO)cc4)c4scnc4c3c2)nn1,34.72174072265625
Cc1cc(C(N)=O)ccc1-n1c(-c2ccc(N)cc2)nc(-c2ccc(C#N)cc2)c1C,13.561219215393066
C#Cc1ccccc1,11.999208450317383
N=c1cc(N)[nH]c(SCC(=O)Nc2cccc3ccccc23)n1,25.721435546875
N#Cc1cc(C#N)c2cc3c(cc2c1C#N)CCC3,13.840341567993164
Cc1ccc(-n2c(SCC(=O)N=c3ccc(Cl)c[nH]3)nc3ccccc3c2=O)cc1F,26.707660675048828
N#Cc1ccc(-c2cc(C#N)nc(-c3ccc(C#N)cc3)c2)cc1,10.593727111816406
N#Cc1ccn[nH]c1=O,15.410609245300293
CNC(=O)c1cccc(-c2nccc(Oc3ccc(NC(=O)Nc4cc(C)ccc4F)cc3)n2)c1,26.032611846923828
Cc1nn(C)c(C)c1N1C(=O)c2cccc(N)c2C1=O,23.708906173706055
O=C1c2ccccc2C(=O)c2cc(O)c(O)cc21,14.729852676391602
CC1(O)CCN(c2nccc(-c3ccc(N)nc3)n2)C1,15.764606475830078
N#Cc1ccc(-c2cccc(C#N)n2)cc1,8.42729377746582
N=c1[nH]cc(-c2ccc(NC(=O)c3cccc(-n4cnc5ccccc54)c3)cc2)[nH]1,27.804691314697266
CCn1nc(C)cc1C(=O)N1CCC(C(=O)c2ccccc2F)C1,34.96352005004883
O=Cc1cc(C(=O)Nc2cc(O)ccc2O)cc(O)c1O,22.0025577545166
N#Cc1ccc(-c2cccc(C(F)(F)F)c2)cc1NCCCc1ccc(O)cc1,31.868642807006836
CC(C)Cc1cc(O)cc(NCc2ccccc2)c1O,19.243488311767578
N#CC1(C#N)C(C(=O)c2ccc(N)cc2)C1(c1ccc(O)cc1)c1cccc(O)c1,27.785907745361328
C#Cc1ccc(=N)[nH]c1,12.794267654418945
Cc1c(O)ccc2c1c(C#N)cc1c(O)cc(NC=O)cc12,25.66703224182129
N#CC(=Cc1ccc(Sc2ccc(C#N)cc2)c(N)c1)C(=O)O,22.865468978881836
NC(=NO)c1ccc(-c2nnc(-c3ccc(N=C(N)c4cccnc4)cc3)o2)cc1,24.326303482055664
Cc1cnc2cc(-c3noc(-c4ccc(N)nc4)n3)ccc2n1,20.60317611694336
CNc1ccc(N=C2C=CC(=Nc3ccc(O)cc3)C2)c2c(O)c3c(N=CCN(C)CCN)cccc3c(O)c12,42.38375473022461
N#Cc1ccc(-c2cnc3c(C(N)=O)cc(-c4ccc(C#N)cc4)nc3c2)cc1,15.669228553771973
Cc1ccc(-n2c3ccccc3c3c(C(N)=O)nc(-c4ccc(N)cc4)nc32)cc1,22.844783782958984
N#CCn1c(-c2ccc(F)cc2)cc(-c2ccc3c(c2)OCO3)c1-c1ccsc1,23.41733741760254
C#Cc1ccc(C#N)cc1F,11.432135581970215
Cn1cc(-c2cccc(-c3ccc(C#N)cc3)c2)cn1,12.997617721557617
N#Cc1ccc(-c2cnc(Cl)c(NS(=O)(=O)c3ccc(F)cc3)c2)cc1,20.87274742126465
Cc1cc(-c2ccc3nc(C(C#N)Cc4ccc(C#N)cc4)n(C)c3c2)cc(C)n1,22.90313148498535
CN(C)c1ccc(-c2nc(=NCCCc3ccc(O)cc3)cc(-c3ccc(N=c4nc(-c5ccc(C#N)cc5)c(C#N)c(-c5cccc(N)c5)[nH]4)cc3)[nH]2)cc1,34.91459655761719
N#Cc1cc2ccccc2n2c1nc1ccccc12,14.589737892150879
CC(=O)N=c1cc(C2CCCCC2)c(C#N)c2[nH]c3ccccc3n12,28.146432876586914
Nc1ccc(-c2nc(-c3ccc(N)cc3)nc(-c3ccc(NC(=O)c4ccc(Cl)cc4)cc3)n2)cc1,18.998903274536133
N#Cc1ccc(Oc2cnc(C#N)c(Oc3ccc(C#N)cc3)n2)cc1,16.767189025878906
Cc1nc2c([nH]c3ccc(C#N)cc32)c(=O)n1-c1ccc(C#N)cc1,16.624134063720703
COc1ccccc1C=CC(=O)N1CCN(Cc2ccc3c(c2)OCO3)CC1,24.05524444580078
CN1CCN(c2ccc(N)cc2)CC1,11.564988136291504
Cc1cc(-n2cnc3cc(-c4cnc(=N)[nH]c4)ccc3c2=O)ccc1-c1ccccc1,19.39742088317871
Cc1ccc2nc(-n3c(-c4ccc(C#N)cc4)cc4c3cc(-c3ccc(C#N)cc3)n4-c3ccc(C#N)cn3)sc2c1,12.292547225952148
CC(=O)NC(C)Cc1ccc(C#Cc2cnc(N3CC(C)(C)CC3=O)nc2)cc1,16.45309066772461
Cc1nc(-c2ccccc2C#N)c2c(n1)-c1ccccc1CCC2,27.826736450195312
CC1(C)C=C(n2ccc(-c3ccc(C#N)cc3)cc2=O)c2cc(C#N)ccc2O1,15.081843376159668
CN(C(=O)c1ccc2c(c1)C(=O)c1ccccc1-2)c1ccc(C#N)cc1,22.80931854248047
CN(C)c1ccnc(C#N)c1,16.093812942504883
N#Cc1ccc(-n2cc(-c3ccc(Cl)cc3Cl)[nH]c2=S)cc1,17.811311721801758
OCC1OC(O)C(O)C(O)C1O,16.520118713378906
N#Cc1ccc(-c2ccncc2)cc1,10.505274772644043
COc1ccccc1NC(=O)NC(C)c1ccccc1,23.663253784179688
COc1cc(-c2ccc(N)cc2F)nn2c(-c3ccc(C#N)cc3)cnc12,28.368356704711914
Cc1ccc(-n2c(-c3ccc(C#N)cc3)cc(-c3ccc(C#N)cc3)c2-c2ccccc2)cc1,17.157930374145508
O=C1C(=Cc2ccccc2)C(=O)c2ccccc21,15.136393547058105
Nc1ccc(-c2csc(N=Cc3nn(-c4ccccc4)c(=O)[nH]c3=O)n2)cc1,23.5612850189209
CN(C)c1ccc(-c2n[nH]c(=O)n2-c2ccc(-c3ccccc3)cc2)cc1,21.273164749145508
CC(=O)c1ccc(-n2cc(C#N)c3cc(-c4ccc(C#N)nc4)ccc32)cc1,20.449052810668945
Cn1nc(-[n+]2ccc(-c3ccncc3)cc2)n[n+]1C(C(=O)c1ccc([N+](=O)[O-])cc1)c1ccccc1,25.245912551879883
CN(C)S(=O)(=O)c1ccc(C(=O)NCCC2=CCCCC2)cc1,23.532310485839844
CCC1(O)C(=O)OCc2c1cc1n(c2=O)Cc2c-1nc1ccccc1c2C=O,16.586849212646484
N#Cc1ccc(Cn2cc(-c3ccc(C#N)cc3)c3ccc(C#N)cc32)cc1,19.642169952392578
O=c1c2ccccc2n(Cc2ccc(-c3ccccc3-c3nn[nH]n3)cc2)c(=O)n1CCn1ccnc1,28.696239471435547
C=CC(=O)N1CCC(n2ncnc2-c2ccc(N)nc2)CC1,19.40283966064453
Cc1nc2cccnc2n2c(-c3ccc(C#N)cc3)nnc12,19.012378692626953
CCCNC(=O)COC(=O)c1c2c(nc3cc(OC)ccc13)C(=Cc1ccc(C)cc1)CCC2,35.97285461425781
CCOC(=O)C1CCCN(c2ccc(-c3ccc4c(C(=O)c5ccncc5)c(C)[nH]c4c3)cn2)C1,40.864845275878906
CC(C)N=c1[nH]cnc(N)c1N,16.30307388305664
Nc1ccc(-c2nc(-c3ccccc3)cc(-c3ccccc3)n2)cc1,10.432873725891113
N#Cc1cccc(-n2cnc3cc(C#N)cnc32)c1,17.31383514404297
Oc1cc(Br)ccc1C=Nc1nsc2ccc(-c3ccco3)cc12,31.806779861450195
CN1C(=O)c2ccccc2N(C)c2nc(=Nc3cccc(O)c3)[nH]cc21,19.178890228271484
N#Cc1ccc(-c2nc(-c3ccc(N)cc3)cc(-c3cccnc3)n2)cc1,14.233491897583008
Cc1c(C#N)c2n(c1-c1ccc(C#N)cc1)C(O)C2(Cl)Cl,29.99513816833496
N#Cc1ccc(=NC(=O)Nc2ccc(-c3nc(N4C5CCC4COC5)nc(N4C5CCC4COC5)n3)cc2)[nH]c1,18.510143280029297
CC(C)(C)OC(=O)Nc1ccc(-c2coc3cc(-c4ccc(N)cc4C#N)ccc23)cc1,32.7360725402832
Cc1ccc(-c2nc(N3CCOCC3)ncc2-c2ccc(CN3CCN(C(=O)C4COc5ccccc5O4)CC3)cc2)cc1,31.694690704345703
Cc1ccc(-c2c(-c3nc(-c4ccc(C#N)cc4)no3)cnn2CCCN(C)C(=O)Oc2ccccc2)cc1,30.91678237915039
Cc1ccc(-c2ccc(C=NNC(=O)c3ccc4c(c3)OCO4)o2)cc1,20.50066375732422
N#Cc1nc2nnc(N)c(C#N)c2nc1C#N,17.590744018554688
N#Cc1ccc(C=Nc2ccc(-c3nc(-c4ccc(N)nc4)nc(-c4ccc(N)nc4)n3)cn2)c(F)c1,13.116150856018066
Cc1nc(-c2ccc(-c3cccc(O)c3)cc2)n(O)c1C(=O)O,21.26032257080078
N#Cc1ccc(-c2cc(CO)nc(-c3ccc(N)nc3)n2)cc1,13.409337043762207
N#Cc1ccc2c(c1)CN(C1CCC1)CC2,18.91795539855957
CC1(C)OC2(C(=O)c3ccccc3C2=O)c2c1c(O)n(-c1ccc(C#N)cc1)c2O,20.82383155822754
Oc1c(Cl)cc(Cl)cc1C=Nc1ccccc1,17.587696075439453
N#Cc1ccc(Cc2cc(C#N)c3ccc(C#N)cc3n2)cc1,14.589890480041504
Cn1ncc(NC(=O)c2ccc(F)c(-c3ccc(-c4ccccn4)cc3F)n2)c1N1CCCC(N)C1,24.087207794189453
N=c1c2ccccc2[nH]c2ccc(-c3cccc(N)c3)cc12,20.54832649230957
N#Cc1ccc(Nc2ccc3c(c2)C(=O)c2cc(N)ccc2C3=O)cc1,14.546204566955566
O=C(NCN1CCOCC1)c1cc2n(n1)CCN(CC(c1ccccc1)c1ccccc1)C2=O,38.314388275146484
Cc1nc(-c2cc(-c3ccc(C#N)cc3)c3c(c2C#N)C(=Cc2ccc(C#N)cc2)CC3)[nH]c1C,28.54049301147461
N#Cc1ccc(NC(=O)N2CC(=O)Nc3cc(C#N)cnc32)cc1,22.835845947265625
COc1ccc(-c2nc(-c3ccc(N)nc3)nc(-c3ccc(N=Cc4cc(C=O)cc(C=O)c4O)nc3)n2)cc1N,14.155255317687988
c1ccc(-c2[nH]c3ccccc3c2-c2ccccc2)cc1,15.921311378479004
CC(C)c1ccc(-n2c(-c3ccc(C#N)cc3)cc3c2cc(-c2ccc(C#N)cc2)n3-c2nccs2)cc1,12.586347579956055
Cn1nc(-c2ccc(F)cc2)nc1-c1ccc(-c2ccc(C#N)cc2)o1,20.59062957763672
N#CCc1ccc(NC(=O)Cn2cnc([N+](=O)[O-])n2)cc1,26.523635864257812
Cc1coc(-c2cc3c(c(-c4ccc(F)cc4)n2)c(=N)ncn3CC2CCC2)n1,31.51434326171875
N#Cc1ccc(N2C(=O)c3ccc(O)cc3C2=Nc2ccccc2)cc1,24.765304565429688
N#Cc1ccc(-c2ccc(-c3ncnn3-c3ccc(C#N)cc3)cc2)cc1,13.657004356384277
N#Cc1sc2c(-c3ccncc3)nc(-c3ccc(N)cc3)cc2c1N,26.32550811767578
O=c1cc(-c2ccc(O)cc2)oc2cc(O)c(-c3oc4cc(O)cc(O)c4c(=O)c3O)c(O)c12,20.587202072143555
C=C1C=Cc2cc(C)c(C)cc2SC1C(=O)OC,33.393959045410156
CN(C)c1ccc(C=Nc2ccc(-c3nc(-c4ccc(N)cc4)nc(-c4ccc(N=Cc5ccc(N(C)C)cc5)cc4)n3)cc2)cc1,16.529172897338867
NC(=O)c1ccc2[nH]c(-c3ccc(N4CCOCC4)nc3)nc2c1,21.38111686706543
CC1COCCN1c1ccc(-c2nc(-c3cccc(F)c3)nc(-c3cccc(C#N)n3)n2)cn1,30.49173927307129
COCCn1c(-c2ccccc2)nc2cc(C#N)ccc21,19.75309944152832
Cn1cc(C#N)c(=O)c2ccc(-c3cccn3-c3ccc(C(N)=O)cc3)cc21,25.700416564941406
CCC1Oc2ccc(-c3ccc(C#N)cc3)cc2C(=O)N(Cc2ccccn2)C1C,20.06561279296875
N#Cc1ccc(-c2cc(CN(c3ccc(C#N)cc3)n3cnnc3)co2)cc1,22.594989776611328
N#Cc1ccc(Nc2cc(O)c3ccccc3c2O)cc1,12.698779106140137
N=C(N)c1cccc(-c2nc(-c3ccc(N)nc3)nc(-c3ccc(N=Cc4cc(C=O)c(O)c(C=O)c4O)nc3)n2)c1,13.898544311523438
Cc1cc(C)cc(N=Nc2c(N)n[nH]c2C)c1,19.95441436767578
Nc1ccc(-c2cnn(-c3ccc([N+](=O)[O-])cc3)c2)cc1,17.287853240966797
CC(C)c1ccc(-n2cc(C#N)c3cc(-c4ccc(C#N)cc4)cnc32)cc1,12.632791519165039
C#Cc1ccc2ccccc2c1O,18.37216567993164
CCC(=O)Nc1oc(-c2ccc(N)cc2)nc1C#N,16.958740234375
N#Cc1ccc(-c2nc(-c3ccc(N)cc3)nc(-c3ccc(N)cc3)n2)s1,16.70209503173828
Cc1cc(=NC(=O)Nc2ccc(C#N)cc2)nc(Cl)[nH]1,19.126054763793945
N#Cc1ccc2nc(-c3ccc(N)cc3)nc(N=Cc3ccc(-c4ccc([N+](=O)[O-])cc4)o3)c2c1F,27.44367027282715
Nc1ccc(-c2nnc(-c3nn(-c4ccc(Cl)cc4)c4ccccc34)o2)cc1,23.3278865814209
O=c1c2cc(F)ccc2sn1N=Cc1ccc(-c2ccc([N+](=O)[O-])cc2)o1,28.89508056640625
C#CCn1cc(C(=O)O)c(=O)c2cc([N+](=O)[O-])c(N)cc21,23.17110252380371
COc1nc(OC)nc(-n2nc(C)cc2C)n1,20.420812606811523
CCOc1[nH]c(=NCc2ccc(C#N)cc2)cc(N)c1C#N,16.238426208496094
Cc1cc(-c2ccc(C#N)cc2)cnc1N1CC(C(N)=O)OC1=O,20.376110076904297
CC1(C)C=Cc2cc(C=CC(O)=NO)ccc2O1,19.472036361694336
Oc1cccc(C=NN=c2cnc3ccccc3[nH]2)c1,16.751819610595703
CN(C)c1nccc(-c2ccc(N)nc2)n1,15.146364212036133
CC1CC(C)CN(C(=O)c2ccc(F)c(Br)c2)C1,26.59473419189453
N#Cc1ccc(-c2ccnc(C=Cc3nc4cccc(F)c4c(=O)n3-c3ccc(C#N)cc3)c2)cc1,22.5722713470459
N#Cc1ccc(-c2ccc3c(=O)n(-c4ccc(C#N)cc4)cnc3c2)cc1,11.816781044006348
Cc1nccc(-c2ccc(N=c3[nH]c4ccc(C#N)cc4n3-c3ccc(C(C)C)cc3)cc2)n1,21.660022735595703
Cc1ccc2[nH]c(=NC(=O)c3cc(-c4ccncc4)nc4ccccc34)sc2c1,21.77267074584961
Cn1cc(-c2cc(-c3ccc(C#N)cc3)ccn2)cn1,16.80764389038086
Cc1ccc(-c2nc3ccccc3c(=O)n2-c2ccc(C)cc2)cc1,16.187789916992188
ON=CC1CC(c2ccc3ccccc3c2)=NO1,25.477584838867188
CN(C)CCc1ccc(N=c2nc(-c3ccncc3)cc[nH]2)cc1,21.043916702270508
Cn1cncc1C(OCc1c(-c2cccc(Cl)c2)cc(C#N)c(=O)n1C)c1ccc(C#N)cc1,19.044973373413086
Nc1ccc(-n2nc(C(F)(F)F)c3c2C(=O)N(c2ccc(-c4cc(-c5ccccc5)cc(-c5ccc(-c6nc(Cl)nc(Cl)n6)cc5)c4)cc2)CC3)cc1,15.301607131958008
CC(NC(=O)c1ccc(Cl)cc1Cl)c1ccc(-n2cccn2)nc1,26.281726837158203
Oc1ccc(-c2cc(-c3cccc(O)c3)cc(-c3ccc(O)cc3)n2)cc1,13.153696060180664
N#Cc1cccc(Cn2cc(C#N)c3cc(C=Cc4ccc5ccccc5c4)ccc32)c1,26.78346061706543
CNC(=O)c1ccc(-n2c(=O)[nH]c3c(=N)[nH]c(-c4ccc(-c5ccc(N)nc5)cc4)cc32)cc1C,25.180103302001953
CCCCCn1c(-c2ccc(C#Cc3ccc(C(C)(C)C)cc3)cc2)nc2cc(C(=O)Nc3ccc(C#N)cc3)ccc21,28.196304321289062
CS(=O)(=O)Nc1ccc(-c2ccc(CN3CCN(c4ccc(C(F)(F)F)cc4)CC3)cc2)cc1,26.91323471069336
CC(=O)c1ccc(-c2nc(-c3ccc(N)cc3)nc(-c3ccc(N4C(=O)c5ccc6c7c(ccc(c57)C4=O)C(=O)OC6=O)cc3)n2)cc1,13.556329727172852
N#CCN(Cc1ccc(C#N)cc1)S(=O)(=O)c1ccc(-c2ccc(C#N)cc2)cc1,23.79924964904785
COc1ccc2ccccc2c1Cn1c(C(=O)O)cc(=O)c2cc3c(cc21)OCO3,23.00811004638672
Cn1c(Cc2ccc(-c3ccccc3)cc2)nc(-c2ccc(C#N)cc2)c1-c1ccc(C#N)cc1,18.114665985107422
N#Cc1ccc(-c2nc3cc(-c4cc(N5CCNCC5)ncn4)ccc3o2)cc1F,30.341537475585938
N#Cc1ccc(-n2nc(C(F)(F)F)cc2-c2ccc(-c3ccnc(Cl)n3)cc2)cc1,22.226673126220703
COc1ccc(-c2cc3ccc(C)cc3c(=O)n2-c2ccc(C#N)cc2)cc1,15.077201843261719
Cc1ccc(C(=O)C=Cc2ccc(O)cc2)cc1,13.89416217803955
N#Cc1ccc(Cn2cnc3cccc(C(=O)O)c3c2=O)cc1,21.704648971557617
N=c1nc(-c2ccc(N)cc2)nc(-c2ccccc2)[nH]1,11.585867881774902
CON=C1CCC(Nc2cc(-c3ccc(C(N)=O)c4nc[nH]c(=N)c34)ccc2C(N)=O)C1,38.12776184082031
Cc1ccc(-c2nc(-c3ccc(C(N)=O)cc3)[nH]c2-c2ccc(C)cc2)cc1,18.191898345947266
N#Cc1ccc(C=Cn2nc(-c3ccc(C#N)cc3)c3ccccc32)cc1,16.569637298583984
CC(C)(C)C1CCc2sc3[nH]c(=S)n(Cc4ccccc4)c(=O)c3c2C1,26.346267700195312
N#Cc1ccccc1-c1nc(-c2ccc(N)nc2)nc(-c2ccc(N=Cc3cc(C=O)c(O)c(C=O)c3O)nc2)n1,10.613341331481934
O=C(NCc1noc(-c2cccc(NC(=O)c3ccccc3)c2)n1)c1ccccc1,20.978515625
Cc1cc(-c2ccc(=NCc3ccc(C#N)cc3)[nH]c2)[nH]c(=Nc2cccc(C(F)(F)F)n2)c1,24.637920379638672
CN(C)C=Nc1cc(-c2ccc(Cl)cc2)c(-c2ccc(Cl)cc2)nn1,20.69959259033203
C=CC(=O)N=c1nc(-c2cccnc2)cc[nH]1,23.78961181640625
N#Cc1cnccc1Oc1ccc(S(=O)(=O)N=c2[nH]cns2)cc1C#N,19.142757415771484
CC(=NNC(=O)COc1ccc(Cl)cc1)c1ccccc1,21.584447860717773
O=Cc1ccc(-c2nc(-c3ccc(C=O)cc3)nc(-c3ccc(C=Nc4ccc(O)c5ccccc45)cc3)n2)cc1,14.412657737731934
N#Cc1ccc(-c2cc3c(-c4ccc(C#N)cc4)[nH]nc3cn2)cc1,20.79132080078125
S=C(Nc1ccccc1)c1[nH]c(-c2ccccc2)nc1-c1ccccc1,22.870540618896484
C#Cc1cc(C#N)cc2nc(-c3nc(S(=O)(=O)c4ccc(C#N)cc4)[nH]c(=N)n3)sc12,31.43926429748535
CC1COCCN1c1cc(-c2ccc(C#N)cc2)c(C#N)cc1C#N,14.92194938659668
Cc1c(C)c2c(c(C(=O)O)c1O)CC(C)(C)O2,19.55984878540039
CC=Cc1nc(Oc2ccc(C#N)cc2)c2cc(C#N)ccc2n1,29.800827026367188
COc1ccc(-n2c(=O)c3cc4c(=O)n(-c5ccc(C#N)cc5)c(=O)c4cc3c2=O)cc1,10.626044273376465
CN(C)C=Nc1nc(N)nc(N)n1,12.27175521850586
N#Cc1ccc(-c2nc3cc(C#N)ccn3c2CN2CCN(Cc3ccccc3)CC2)cc1,21.50126075744629
N#Cc1ccc(N2CCCC2)cc1,14.537843704223633
N#Cc1ccc(C=Cc2ccc(OCc3c4ccccc4c(C#N)c4ccc5ccccc5c34)cc2)cc1,31.685468673706055
CC1=CC(C=O)C(C)(C=O)CC1,24.446453094482422
CN=c1[nH]c(N=O)nc(=Nc2ccccc2)[nH]1,20.129674911499023
CN=c1[nH]c(=Nc2cc(OC)c(-c3c(C)nc(C)n3C)cc2OC)[nH]cc1C(F)(F)F,31.970975875854492
CC(=O)Nc1ccc(-c2ccc(NCc3ccco3)cc2)cc1,21.408340454101562
COc1ncc(-c2ccc3c(c2)C2(COC(=N)N2)c2cc(C#N)ccc2O3)cn1,15.00657844543457
N#Cc1c(-c2ccc(N)cc2)cc(-c2ccccc2)nc1NNCc1ccc(O)cc1,25.13658905029297
Cn1c(C#N)ccc1-c1ccccc1,12.157074928283691
Nc1ccc(-c2nc(-c3ccc(O)cc3)nc(-c3ccc(N=Cc4c(O)cccc4Cl)cc3)n2)cc1,21.63506507873535
Cc1ccc(=NC(=O)C=Cc2ccc(N)cc2)[nH]c1,22.95456314086914
N#Cc1ccc(C(=O)NCC2(N)CN(C(=O)c3ccccc3Cl)C2)c(F)c1,37.40803909301758
N#Cc1cccc(N)c1,9.32614517211914
COc1ccc(C=Cc2cc(OC)c(OC)c(OC)c2)cc1O,17.542373657226562
N#Cc1ccc(NS(=O)(=O)c2ccc(-c3ccc(C#N)cc3)cc2)cc1,16.329326629638672
Nc1ccc(-c2cc(-c3ccc4c(c3)OCO4)cc(-c3ccc(N)cc3)n2)cc1,13.375536918640137
N#Cc1ccc(-c2ccc3nc(N)c(-c4ccc(F)cc4)n3n2)cc1,15.00869369506836
N#Cc1ccc(-c2nc(-c3ccc(N)nc3)nc(-c3ccc(Cl)cc3)c2Sc2ccccn2)cc1,21.711685180664062
COC1(c2cccc(-c3cccc(C#N)c3)n2)CN(C(=O)C(C)c2ccc(C#N)cc2)CC1F,33.78343963623047
Cc1cc(C#N)cc(-c2cc3c(cc(-c4ccc(C#N)cc4)n3-c3nc4ccc(C)cc4s3)n2-c2ccc(C(C)C)cc2)c1,15.602413177490234
N#Cc1ccc(-c2cc3c(cc(-c4ccc(C#N)cc4)n3-c3ccc(C#N)cc3)n2-c2ccc(F)cc2)cc1,12.782707214355469
COc1cc(C=NN=c2ccc(Br)c[nH]2)ccc1O,17.286563873291016
N#Cc1ccc(C(C#N)N=c2[nH]c(-c3ccc(O)cc3)ns2)cc1,28.935009002685547
N#Cc1ccc(-c2nc(CCc3ccccc3)nc(-c3ccc(C(N)=O)cc3)n2)cc1,17.000314712524414
CC1C(C#N)CCN1C=O,19.023902893066406
CC(C)(C)c1ccc(C#N)cc1,10.123808860778809
CCOc1ccc(NC(=O)CNC(=O)C2CCCN2C(=O)C(C)N)cc1,32.95774459838867
CN(c1ccc(C#N)cc1)c1ccc2cc(-c3ccc(C(=O)O)o3)ccc2n1,26.696557998657227
Oc1ccc(-c2cc(-c3ccc(O)cc3)nc(-c3ccc(F)cc3)c2)cc1,16.61642837524414
CC1(C)CN=C(N=c2[nH]c3ccccc3c(=O)n2-c2ccc(C#N)cc2)C1,24.737218856811523
O=c1cc(-c2ccc(O)cc2)oc2cc(O)cc(O)c12,13.052106857299805
N#Cc1ccc(-c2ccc(N3CCOC3=O)nc2)nc1,15.86581039428711
N#Cc1ccc(-c2ccc(C(=O)NC3CC4(C#N)OC4c4ccc(N)cc43)cc2)cc1,32.617767333984375
Oc1cc(-c2ccccc2)nc2c1ccc1[nH]c3ccccc3c12,31.778690338134766
O=C(C=Cc1ccc(O)cc1)c1ccc(-n2cccc2)cc1,14.215559959411621
C=c1c(C#N)c(O)n(-c2ccc([N+](=O)[O-])cc2)c1=C,18.392372131347656
N#Cc1ccc(-c2ccc(O)c(CN)c2)cc1,15.83546257019043
N#Cc1ccc(NC(=O)c2ccccc2C(=O)O)cc1,17.028335571289062
Cc1ccc2cccc(NC(=O)NC3CCOc4cc(C#N)ccc43)c2n1,21.413543701171875
CSc1ccc(-c2nc(-c3ccc(N)nc3)nc(-c3ccc(C#N)cc3)c2-c2ccc(F)cc2)cc1,13.567855834960938
Cc1ccc(-c2ncnc3nc(N(C)C)nc(C)c23)cc1,22.845937728881836
NC(=O)C1CC2(C(=O)N(c3ccccc3)c3ccccc32)C(=O)N1Cc1ccccc1,31.267154693603516
Cc1cc(-c2ccc(NC(=O)C3CCCN3)cc2)ccn1,20.452545166015625
COc1cc(C=Nc2ccc(-c3nc(-c4ccc(OC)cc4OC)nc4[nH]c(=S)n(-c5ccccc5)c(=O)c34)cc2)cc(OC)c1,31.419450759887695
NC1CC2(COC1c1ccc(F)cc1F)OCc1c(F)cc(F)cc12,29.816993713378906
N#Cc1ccc(Nc2ccc(C#N)cc2)cc1,11.644294738769531
Cn1cnc2cc(N)ccc21,15.96513557434082
Cc1cc(N)nc(Sc2cccc(-c3nnc(-c4ccc(N)cc4)o3)c2)n1,24.798025131225586
CC(N=c1cc(CN(C)C)cc[nH]1)c1ccc(-c2nc(C3CCOC3)nc3[nH]cc(C#N)c3c2=N)cc1,39.268348693847656
C#CCOC(=O)c1cc(-c2ccc(C#N)cc2)n(C)c1C,23.369365692138672
CN1CCN(c2ccc(N=c3nc4c(c[nH]3)cc(C#N)c(=O)n4C3CCCC3)cc2)CC1,18.03920555114746
Cn1nc(-c2ccc(N)cc2)ccc1=O,13.114606857299805
CC1(C)COc2c(C#N)cc(C#N)cc21,11.260599136352539
N#Cc1ccc(-c2ccc(-c3ccc(C(=N)N)cc3)cn2)cc1,13.463762283325195
N#Cc1cc(C=NNC(=O)c2ccccc2)c(O)c(C=NNc2ccc(Cl)cc2)c1,25.134553909301758
N#Cc1ccc(-c2ccccc2-c2ccc(C#N)cc2)cc1,8.48600959777832
CN(C)c1ncc(-c2ccc(NC(=O)c3ccc(N)cc3)cc2)cn1,20.7341251373291
COc1ccc(-c2cc(=O)c3c(O)cc(O)c(COC(=O)C(C)(C)C)c3o2)cc1,29.79891014099121
CN1CCN(Cc2ccc(C(C#N)c3ccc(Cl)c(Cl)c3)cc2O)CC1,26.899768829345703
N#Cc1ccc(-c2c(C#N)c(N)c3c(=O)[nH]cnc3c2C#N)cc1,16.493488311767578
N#Cc1ccc(-c2cnc3ccccc3c2-c2ccc(C#N)cc2)cc1,18.0728702545166
N#Cc1ccc(N)cc1O,11.327638626098633
Nc1ccc(-c2nnco2)cc1N,19.125295639038086
Cc1ccc2nc3n(c(=O)c2c1)CCC3,17.471277236938477
Cn1c2ccccc2c2c(-c3ccc(C#N)cc3)nn(-c3ccccc3)c(=O)c21,19.378765106201172
Nc1ccc(-c2nc(-c3ccc(N)cc3)nc(-c3ccc(-c4ccc(-n5c(-c6ccc(N=c7ccc(-c8ccccc8)c[nH]7)cc6)n[nH]c5=S)cc4)cc3)n2)cc1,26.623991012573242
O=C(O)c1ccc(-c2ccc(-c3cc(-c4ccccc4)cc(-c4ccc(-c5nc(Cl)nc(Cl)n5)cc4)c3)cc2)cc1,12.48404598236084
NS(=O)(=O)c1cc2ccccc2c2ncccc12,25.36568832397461
N#Cc1ccc(-n2c(-c3ccccc3)cc(C#N)c2N)cc1,11.535466194152832
COc1ccc(CN2Cc3c(c(C#N)c4cc(OC)ccc4c3C#N)C2=O)cc1,19.460033416748047
Cc1nc2ccc(N=c3nc(-c4ccc(-c5ccc(C#N)cc5)cn4)cc[nH]3)cc2n1C,23.482511520385742
C#Cc1ccc(-c2ccc3c(c2)OCO3)cc1,14.017921447753906
N#CC(=Cc1cn(CCN2CCOCC2)c2ccccc12)C(=O)c1cccs1,24.165098190307617
Cc1cc(-c2ccc(S(=O)(=O)Nc3ccc(C#N)cc3)s2)on1,21.243288040161133
Cc1cc(C#N)cc(-c2ccc3c(c2)C(c2ccc(C#N)cc2)=CC(C)(C)O3)c1,21.580829620361328
N#Cc1cn(-c2ccc(C(=O)O)cc2)cc1-c1cccc(Br)c1,17.25682258605957
CCN(Cc1c(O)cc2oc3cc(O)c(O)cc3c(=O)c2c1O)C(C)=O,31.877538681030273
COc1ccc(C2SCC(=O)N2c2ccc(-c3nc(N=c4cc(C)cc[nH]4)nc(N4CCCC4)n3)cc2)cc1,25.318700790405273
CC(O)C1COC(=O)N1c1nc(=NC(=O)c2ccc(C#N)cc2)[nH]cc1F,15.513176918029785
CC1=NC(c2ccc(C#N)cc2)c2ccccc2N(Cc2ccccc2)C1=O,21.002872467041016
Cc1cccc(-c2ccc(C(N)=O)c(O)c2)c1,22.251129150390625
Cc1cccc(-c2nc(-c3ccc(N)cc3)nc(-c3ccc(N4C(=O)c5ccc6c7c(ccc(c57)C4=O)C(=O)OC6=O)cc3)n2)c1,11.091776847839355
CN(C)CCOc1ccc(C(=O)C=Cc2ccccc2Br)cc1Br,33.018341064453125
CCC(=NC1CC23CCN4CCC(C(=O)C=CC1c1ccc(O)cc12)C43)c1cccc(F)c1,47.177589416503906
C[n+]1c(C=Nc2cc(O)c(N)cc2O)ccc2ccccc21,17.75558090209961
Cc1nc2c(c(-n3nc(-c4ccc(C#N)cc4)cc3-c3ccccc3)n1)Cc1ccccc1-2,24.15752601623535
CCc1nc(-c2ccc(C#N)nc2)ccc1C#N,17.60135841369629
N#Cc1cc(C(=O)N2CCN(c3ccc(C#N)cc3F)CC2)cc(-c2cc[nH]c(=Nc3ccc(C#N)nc3)n2)c1,34.83058547973633
CC1(C)CCC(C)(C)c2c(C#N)cc(-c3ccc(C(=O)O)cc3)cc21,15.15461254119873
N#Cc1ccc2c(c1)C(O)(C(F)(F)F)c1ccccc1-2,10.859905242919922
COC(=O)C1C(c2ccccc2)=NC(SC)C(C(C)C)C1=NCc1ccccc1,35.66307067871094
Nn1c(SCC(=O)c2ccccc2)nnc1-c1ccc(Cl)cc1,22.079076766967773
N#Cc1ccc(-c2nc(-c3ccc(C#N)cc3)c(-c3ccncc3)[nH]2)cc1,14.894145011901855
N#Cc1c(=O)c2ccccc2n2c1sc1ccccc12,18.74465560913086
Cc1ccc2c(c1)sc(-c1ccc(C=Nc3nc(=N)c(C#N)c[nH]3)[nH]1)[n+]2C,25.875568389892578
COc1ccc2c(c1)c(CC(=O)NCCCSC)c(C)n2C(=O)c1ccc(Cl)cc1,27.797836303710938
Cc1ccc(-c2cc(-c3ccco3)nc(-n3c(C)nc4c(ccc5ccccc54)c3=O)n2)cc1,28.80335235595703
Cc1ccc(CN2CCN(C)CC2)cc1NC(=O)c1ccc(N=c2ncc(F)c(-c3ccncc3)[nH]2)cc1,25.35625457763672
N#Cc1c(N)n(-c2ccc(-c3nc(-c4ccc(N)cc4)nc(-c4ccc(N)cc4)n3)cc2)c(=O)c2c(=O)n3ccccc3nc12,15.942366600036621
N#Cc1ccc(-c2nc(-c3ccc(N=Cc4cc(C=O)c(O)c(C=O)c4O)nc3)nc(-c3ccnc(CO)c3)n2)cc1,18.708003997802734
Cc1ccc(S(=O)(=O)Nc2ccc3[nH]c(O)c(N=Nc4ccc(C)cc4C)c3c2)cc1,19.35917091369629
CC(=O)NC(C)Cc1ccc(C#Cc2ccc(C)cc2)cc1,20.30622673034668
CC(C)=C1C2C=CC1c1c2c(O)n(C)c1O,18.412538528442383
Cc1cccc(C#Cc2ccc3[nH]nc(-c4cccc(N5CCCS5(=O)=O)n4)c3c2)n1,37.45999526977539
Nc1ccc2c(c1)Cc1cc(N)ccc1-2,13.006539344787598
N#Cc1ccccc1C=CC(=O)N=c1[nH]c2ccc(N)cc2s1,23.173898696899414
Nc1ccc(-c2nc(-c3ccncc3)nc(-c3ccc(N4C(=O)c5cccc6cccc(c56)C4=O)cc3)n2)cc1,11.936678886413574
Cc1nc(-c2ccccc2)c(C(=O)N2CCN(c3ccc(F)cc3)CC2)o1,17.62316131591797
N#Cc1cccc(-c2ccc(N)nc2)c1,10.885601043701172
N#Cc1ccc(-c2cccn3[nH]c(=Nc4ccc(N5CCCCC5)cc4)nc23)cc1,18.718324661254883
Cc1cccc(-c2cc(-c3cccnc3)nc(-c3ccc(N)nc3)n2)n1,19.26720428466797
Cc1ccc(-c2cc(=Nc3ccc(-c4nc(-c5ccc(N)nc5)nc(-c5ccc6cc(-c7cccc(O)c7)ccc6c5)n4)cc3)nc(-c3ccc(N)cc3)[nH]2)cc1,32.560699462890625
COc1[nH]c(=Nc2ccc(-c3ccc(C#N)cc3)cn2)ccc1C#N,20.601497650146484
Cc1ccc(-c2nc(-c3ccc(N)cc3)nc(-c3ccc(-n4c(=O)c5cc6c(=O)oc(=O)c6cc5c4=O)cc3)n2)cc1,11.939482688903809
O=C(O)C(Cc1ccc(O)cc1)NC(=O)C12CC3c4ccccc4CN(C1=O)C3C(=O)N2,38.272666931152344
N#Cc1ccc(-c2ccc(C#CC3(O)CN4CCC3CC4)s2)cc1,20.98420524597168
Nc1ccc(-c2nc(-c3cc4cc(N)ccc4oc3=O)n[nH]2)cc1,25.56076431274414
N#Cc1ccc(-c2cc3ncccc3c(=O)n2-c2ccccc2)cc1,13.78195571899414
CN(C)c1ccc(C=Cc2nc(C#N)c(N)n2C)cc1,17.352577209472656
O=c1cc(-c2ccccc2)nc(-c2ccccc2)n1Cc1ccc(-c2ccccc2-c2nn[nH]n2)cc1,21.85116195678711
Cc1cccc(C=Nc2ccc(-c3nc(-c4ccc(N)nc4)nc(-c4ccc(N)nc4)n3)cn2)c1O,12.08353042602539
N#Cc1cnc2cc(C#N)c(C#N)cc2c1,13.937397003173828
CN(C)c1ccc(-c2cc(=O)c3c(O)c(-c4ccc(C#N)cc4)c(O)cc3o2)cc1,23.05533218383789
Cc1cc(N2CCN(C=O)CC2)ccc1C#N,17.270082473754883
C=CCn1cnc2cc(-c3ccc(N4CCOCC4)cc3)sc2c1=O,14.355097770690918
CCC1(C)C(=O)c2c(oc(C)cc2=O)C(O)(CC(=O)c2cccc(-c3ccc(C#N)cc3)c2)C1O,30.68476104736328
Nc1ccc(-c2nc(-c3ccc(N=Cc4cc(C=O)c(O)c(C=O)c4O)nc3)cc(-c3ccc4ccccc4c3)n2)cn1,19.019712448120117
CC(=O)N=c1ccc(C#N)c[nH]1,15.92367172241211
N#Cc1cc(C#N)c2ccc3c(c2c1)C(O)CO3,12.601899147033691
Cc1ccc(C#N)cc1-c1ccc(C#N)cc1,10.638079643249512
CC(C)Cn1ncc2cc(-c3ccc(F)c(N)c3)ncc2c1=O,37.11394119262695
N#CC(C#N)=Cc1ccc(-c2ccc(C#N)cc2)o1,10.370634078979492
Cc1cc2c(cc1-c1ccc(C#N)cc1)CCC2=NO,13.807453155517578
C#CC=CC#N,12.349430084228516
Nc1ccc(-c2nc(-c3ccc(N)cc3)nc(-c3ccc(O)cc3)n2)cc1,10.878488540649414
CN1C(=O)c2cc(Cl)cc3c(=O)[nH]cc1c23,30.01862335205078
COc1cc(CN2CCC3(CC2)C(=O)N(CC(N)=O)C(=O)c2ccccc23)cc(Cl)c1O,29.778675079345703
N#Cc1c(=N)[nH]c(Sc2ccccc2)c2c(C#N)c3cc4c(cc3nc12)OCO4,24.471389770507812
Nc1ccc(-c2nc(-c3ccccc3)nc(-c3ccc(N4C(=O)c5ccc6c7c(ccc(c57)C4=O)C(=O)OC6=O)cc3)n2)cn1,13.010272979736328
N#Cc1ccc(-c2nc(C#N)ccc2N2CCC(N)C2)cc1,18.21941566467285
N#Cc1cccc(C=Cc2cccc(C=Cc3ccc4cc(C#N)ccc4n3)c2)c1,26.177452087402344
S=c1oc2ccccc2c2ccccc12,19.38089942932129
OC(c1ccccc1)c1nc(-c2ccc3c(c2)OCO3)cs1,20.529621124267578
N#Cc1ccc(-c2ccc(CCc3nc(-c4ccc(N)nc4)nc(-c4ccc(N)nc4)n3)cn2)cc1,16.49787139892578
C=CCn1c(=O)c(-c2ccc(C#N)cc2)nc2cnc(N(C)C)nc21,15.606605529785156
O=C(NC(=S)Nc1ccc(F)cc1)c1ccccc1Cl,23.193994522094727
N#Cc1nc(-c2cc(-c3ccccn3)nc(-c3ccc(N)nc3)n2)ccc1N,17.767736434936523
CC(C)C(C)C=CC(C)C1CCC2C3CCC4OC(C(C)(C)O)C(O)CC4(C)C3CCC12C,34.59205627441406
N#Cc1ccc(-c2nc(-c3ccco3)nc3c2[nH]c2ccccc23)cc1,20.43892478942871
Cc1csc(=NC(=O)c2cc(C#N)cc(Oc3ccc(S(C)(=O)=O)nc3)c2)[nH]1,20.793949127197266
Cn1c(-c2cc3n(n2)C(CC#N)CCN3c2ccc(C#N)cn2)nc(-c2ccc(F)cc2)c1-c1ccc(N)cc1,29.300546646118164
Cc1ccc(-c2nc(-c3ccc(F)cc3)c(CN)c(=N)[nH]2)cc1,24.741235733032227
N#Cc1ccc(NC(=O)c2cnc(S(=O)(=O)Cc3ccc(F)cc3)nc2)cc1,26.34246826171875
NC(=O)c1ccc(-c2ccc(-c3ccc(N)nc3)cn2)cc1,13.832337379455566
Cc1ccc(CN(C)CCCOc2ccc3c(=O)c4cccc(C(=O)O)c4oc3c2)c(Oc2ccc(C(C)(C)C)cc2)c1,37.77292251586914
N#Cc1ccc(-c2nc(-c3ccc(N)cc3)nc(-c3ccc(-c4ccc(-n5c(-c6ccc(N)cc6)nc6ccccc6c5=O)cc4)cc3)n2)cc1,16.24625587463379
NC(=O)c1ccc(C=NC(=O)c2ccc(N)nc2)c(F)c1,25.673370361328125
N#Cc1ccc(-c2cc(-c3ccc(C#N)nc3)nc(-c3ccc(N)nc3)n2)cc1,11.831876754760742
Cc1cn(-c2ccc(C=C3CCC(=Cc4ccc(C#N)cc4)C3=O)cc2)cn1,18.96939468383789
CC1(C)OC(=O)N(c2ccc(-c3ccc(C#N)cc3)cn2)C1c1ccc(C#N)cc1,11.41519546508789
Cc1ccc(OC(C(N)=O)c2ccccc2)cc1,21.343210220336914
N#Cc1ccc(-c2cc(C#N)cc3ccccc23)cc1,14.3425874710083
N#Cc1ccc(-n2c(-c3ccccc3)csc2=N)cc1,13.972201347351074
N#Cc1ccc(C(=O)c2ccc(Cc3sc(=O)[nH]c3O)cc2)cc1,18.3450984954834
COc1cc(C=C2CCCC(=Cc3ccncc3)C2=O)ccc1-n1cnc(C)c1,22.354263305664062
Cc1cc(-c2ccc(N)cc2)nn1-c1ccc(NCc2ccc(-c3ccc(C#N)nc3)s2)cn1,33.25852966308594
Nc1ccc(-c2cc(-c3ccc(F)cc3)nc(-c3ccncc3)n2)cc1,17.439468383789062
Cc1ccc2cc(-c3[nH]nc4ncc(-c5ccc(CO)nc5)cc34)[nH]c2c1,28.533998489379883
COc1cc2c(cc1OC)CN(c1ccc(-c3nc(-c4ccc(C#N)cc4)[nH]c3-c3ccccc3)cc1)C(=O)C2,22.087581634521484
CC1CC(C)CN(S(=O)(=O)c2cccc(C(=O)N(C)c3ccccc3)c2)C1,27.542034149169922
COc1ccc2c(ccc3oc(C)cc(=O)c32)c1,25.372777938842773
O=C(NC1CCCCC1N1CCCCC1)c1cccc2ccccc12,29.265886306762695
CC(=O)C1Cc2c3c(c(C)c(C)c2O1)OC(C)(COc1ccc(C=O)cc1)CC3,25.088863372802734
COC(=O)c1ccc(=NCc2ccc(-c3cc(C#N)ccc3-c3ccc(C#N)cc3)cc2)[nH]c1,16.3546142578125
CCc1nc2[nH]c(NC)nc(=O)c2nc1C,29.290435791015625
COc1cc(-c2cccc(-c3nc(-c4ccc(C)cc4)nc(-c4ccc(N)nc4)n3)c2)ccc1C#N,25.673616409301758
N#Cc1ccc(-c2ccc(C[n+]3ccc(-c4ccc(C#N)cc4)cc3)cc2)cc1,13.828741073608398
N#Cc1ccc(-c2ccc3c(c2)Nc2cc(C(=NO)c4ccccc4)ccc2NC3=O)cc1,21.440021514892578
N#Cc1c(N)[nH]c(=N)[nH]c1=N,13.303204536437988
COc1cc(C=Nc2ccc(-c3cc(-c4cncs4)nc(-c4ccc(N)nc4)n3)cn2)cc(C=O)c1O,22.842683792114258
Cc1cc(-c2ccc3c(C#N)c(Cc4ccc(C#N)cc4)n(-c4ccc(C(C)C)cc4)c3c2)cc(C)n1,24.866708755493164
Nc1ccc(-c2nc(-c3ccc(N)cc3)nc(-c3ccccc3N)n2)cc1,13.025524139404297
N#Cc1ccc(OCCN(c2ccc(C#N)cc2)c2nccc(C#N)n2)cc1,22.355730056762695
N#Cc1ccc(-c2nc(-c3ccc(N=Cc4cc(C=O)cc(C=O)c4O)nc3)nc(-c3cccc(C#N)n3)n2)nc1,17.67432403564453
CC(C)c1ccc(-n2cc(C#N)c3ccc(-c4ccc(C#N)cc4)cc32)cc1,11.016268730163574
O=C(O)c1ccc(N=Cc2c(Cl)cncc2Cl)cc1,22.92244529724121
N#Cc1ccc(Nc2ccc(-c3cc(-c4ccccc4)cc(-c4ccc(-c5nc(Cl)nc(Cl)n5)cc4)c3)cc2)cc1,11.105055809020996
Nc1ccc(-c2cn(-c3ccccc3)nn2)cc1,14.216941833496094
Clc1ccc(-c2cc(-c3ccccc3)cc(-c3ccc(-c4nc(Cl)nc(Cl)n4)cc3)c2)cc1,11.269097328186035
N#Cc1ccc(-c2ccc(C(F)(F)F)cc2)cc1,11.946415901184082
COc1ccc(-n2c(=O)nc3c4c(=O)n(-c5ccc(O)cc5)c(=O)c=4cc-3c2=O)cc1,17.55223274230957
CN(C)c1cc(N2CCc3c(-c4cc(C#N)ccn4)nc(N4CCOCC4)nc32)ccn1,26.15036964416504
Cc1nc(-c2ccc(N)cc2)cc(=NCc2cccc(C#N)c2)[nH]1,16.604408264160156
N#Cc1cc(N)cc(-c2cc3c(c(=O)[nH]2)C(N)CCC3)c1,26.073362350463867
CN1CCN(c2ncc3cccn3n2)CC1,26.410619735717773
Cc1cc(C)c2c(c1)C(=O)c1c(O)cccc1C2=O,18.419090270996094
N#Cc1ccc(-c2nc(-c3ccc(N)cc3)nc(-c3ccc(N=Cc4cc(C=O)c(O)c(C=O)c4O)nc3)n2)nc1,14.046717643737793
Cc1ccc(O)c(-c2cc(-c3cc4cc(C)ccc4[nH]c3=O)nc(N=Cc3c(-c4ccc(F)cc4)nc4sc(Cl)cn34)n2)c1,41.49526596069336
Cc1cc(C)nc(-n2nc(-c3ccc(C(N)=O)cc3)cc2-c2ccc(C3CC3)cc2)n1,19.16912841796875
CC=CCC=Nc1ccc2ccccc2c1,23.149749755859375
Cc1cc2c(C#N)c3n(c2c(=O)n1C)CCC3,16.760507583618164
N#Cc1ccc(-n2c(-c3ccc(NC(=O)CCl)cc3)nc3ccccc3c2=O)cc1,14.391315460205078
Cc1nc(=Nc2ccc(C(=O)N=c3[nH]c(-c4ccccc4)cs3)cc2)nc(-c2ccc(N3CCCCC3)nc2)[nH]1,25.294780731201172
Cc1ccc(-c2n[nH]c(=O)c(C(C#N)=NNc3ccccc3)n2)cc1,18.23375701904297
N#Cc1ccc(-n2c(COc3ccc(-c4nc(=O)o[nH]4)cc3)nc3ccccc32)cc1,19.636072158813477
Cc1nc(-c2ccc(-c3ccc(C(=O)Nc4cccc(C(=O)O)c4C)cc3)c(C)c2)no1,21.592872619628906
Cn1cc(-c2cc(-c3ccc(N)nc3)nc(-c3ccc(N)nc3)n2)c2ccccc21,18.94704818725586
NS(=O)(=O)Oc1ccc2c(c1)OC(=Cc1cccc(-c3ccncc3)c1)C2=O,31.716562271118164
N#Cc1ccc(-c2ccn(-c3ccc(C#N)cc3)n2)cc1,12.418167114257812
CN1CCN(C(=O)C2=CC3CC3(c3ccc(C#N)cc3)C2c2ccc(C#N)cn2)CC1,31.8060302734375
C=CC[n+]1c(N)ccc2ccccc21,19.970897674560547
COc1cc(C=Nc2ccc(-c3nc(-c4ccc(N(C)C)cc4)cc(-c4ccc(N5CCCC5)cc4)n3)cc2)ccc1O,24.2620849609375
N#Cc1cc(C#N)c(=O)c2cc(-c3ccc(N)cc3)ccc2n1,19.358001708984375
Nc1ccc(-c2nc(-c3ccc(N)cc3)nc(-c3ccc(C(=O)NN=Cc4ccccn4)cc3)n2)cc1,18.294776916503906
COc1ccccc1-n1c(=O)c2cc3c(=O)n(-c4ccc(C#N)cc4)c(=O)c3cc2c1=O,10.526418685913086
Cn1c(-c2ccc(C3=NCCN3)cc2)c(-c2ccc(C#N)cc2)cc(C#N)c1=O,21.454710006713867
N#Cc1ccc(-c2cc(C(=O)N=c3cc(C(N)=O)[nH]n3-c3ccccc3)ccc2C#N)cc1,17.1623592376709
O=c1c2ccccc2nc(C2CCCNC2)n1-c1ccc(Cl)cc1,22.27561378479004
N#Cc1cccc(-c2cc(C=CC(=O)O)cc(O)c2OCc2ccc(F)cc2)c1,23.835508346557617
O=C(CN1C(=O)c2ccccc2S1(=O)=O)Nc1ccc(F)cc1,18.9280948638916
Cn1c(-c2cccc(N3CCNCC3)n2)c(-c2ccc(C#N)cc2)cc(C#N)c1=O,16.367727279663086
N#Cc1ccc(C#N)c(C(=O)O)c1,15.93616008758545
Cc1ccnc2c1c(=O)n(-c1ccc(C#N)cc1)c(=O)n2C,20.593799591064453
Cc1cc(C)nc(N2CCN(C(=O)C=Cc3ccccc3O)CC2)n1,23.20294761657715
c1ccc(C2CN3CCCC3c3ccccc32)cc1,18.161632537841797
Nc1ccc(C2CNCCO2)cc1,14.225399017333984
CN1CCN(c2ccc(-c3nc(-c4ccc5c(C(=O)NCCNC(=O)c6ccc(C#N)cc6)c(Cl)ccc5n4)n4ncnc4n3)cc2)CC1,37.51959991455078
Nc1ccc(-c2nccc(N3CCOCC3)n2)cn1,13.05077075958252
COc1cccc(-c2csc(=Nc3ccccc3)[nH]2)c1,23.53337287902832
N#Cc1ccc(-c2cc3nc(-c4ccc(CN5CCOCC5)nc4)ccc3n2-c2ccc(C#N)cc2)cc1,33.459041595458984
O=S(=O)(CC(O)=NO)Cc1ccc(F)cc1,25.643251419067383
Cc1ccc(-c2nc(Cc3ccc(C(N)=O)cc3)n(Cc3ccc(-c4cccc(F)n4)cc3)n2)cc1,31.981197357177734
Cn1c(-c2ccc(N)cc2)nc(-c2ccccc2)c1-c1ccccc1,10.182272911071777
CS(=O)(=O)Cc1cc(F)cc(N=c2cnc(C#N)c[nH]2)c1,21.97299575805664
CC1CC(C)CN(CCC#N)C1,18.280208587646484
CC(C)c1ccc(-n2ccc3nc(-c4ccc(N5CCN(C)CC5)cc4)nc(N4CCOCC4)c3c2=O)cc1,18.099834442138672
CN1C(=O)N(c2ncc(C#Cc3ccc(=N)[nH]c3)cn2)CC1(C)C,16.656835556030273
CC(C)c1ccc(-n2c(-c3ccc(C#N)cc3)cc3c2cc(-c2ccc(C#N)cc2)n3-c2ccc(C(C)C)c(C#N)c2)cc1,11.307938575744629
NC(=O)CC=Nc1ccc(S(=O)(=O)O)cc1,25.31107521057129
Cc1ccc(-n2nc3ccc(N=Cc4c(C)[nH]n(-c5ccccc5)c4=O)cc3n2)cc1,21.084693908691406
N#Cc1ccc(C(=O)n2cc(-c3ccccn3)c(-c3ccc(C(N)=O)cc3)n2)cc1,25.555843353271484
N#Cc1ccnc(-[n+]2ccc(-c3ccncc3)cc2)n1,12.093620300292969
CN(C)C(=O)COC(=O)c1ccc(C#N)c(N)c1,23.338523864746094
Cc1ccc(-c2cc(O)n(CCCN3CCN(c4ncccn4)CC3)c2O)cc1,23.183147430419922
N#Cc1ccc(-c2ccc(N=Cc3c(O)c(C=O)c(O)c(C=O)c3O)nc2)cc1,13.048444747924805
O=c1c2ccccc2c(-c2ccc(-c3ccc(O)cc3)cc2)nn1Cc1ccccc1,20.582618713378906
COc1cc(C(=O)N=c2[nH]c(Cl)ncc2F)cc(-c2ccc(C#N)cc2)c1,24.073959350585938
Cc1ccc([N+](=O)[O-])cc1NC(=O)C(C)Sc1nc(C)c(C)c(C)n1,28.504955291748047
COc1ccc(-c2cc(-c3ccc(C#N)cc3)[nH]c(=NN=Cc3cc(OC)c(OC)c(OC)c3)n2)cc1,20.193023681640625
CS(=O)(=O)c1ccc(-n2nc(C(N)=O)c3c2-c2cc(N)ccc2CC3)cc1,20.86548614501953
N#Cc1ccc(-c2cc3c(cc(-c4ccc(Cl)cc4)n3-c3ccc(C#N)cc3)n2-c2ccc(C#N)c(Cl)c2)cc1,13.109331130981445
N#Cc1ccc(CS(=O)(=O)c2nc(-c3ccc(N)cc3)nc(-c3ccc(N)cc3)n2)cc1,17.00301170349121
Cc1cc(-c2ccc(Nc3cnc(-n4ncc(C(N)=O)c4C)cn3)cn2)ccn1,30.14017677307129
CC1(C)C=C(n2ccccc2=O)c2cc(C#N)ccc2O1,12.32375431060791
Cc1ccc(Br)c(-n2nc(CN3CCSCC3)cc2-c2ccc(Br)cc2)c1,23.24588394165039
Oc1ccc(C(c2cccc(Br)c2)c2cc(Br)c(O)c(Br)c2)cc1,29.25337028503418
CN(C)c1ccc(-c2nc(-c3ccc(C=O)cc3)nc(-c3ccc(C=Nc4ccc(O)c(C(N)=O)c4)cc3)n2)cc1,16.2055721282959
N#Cc1cccc(-c2ccc3cc(C#N)cnc3c2)c1,15.101434707641602
Cc1ccc(OC(=O)C=Cc2ccccc2)cc1,17.824438095092773
CC(CO)NCc1nc(-c2ccc3[nH]cnc(=Nc4ccc(Br)c(C#N)c4)c3c2)cs1,33.61955642700195
Cc1ccc(-c2nc(=N)[nH]nc2-c2ccccc2)cc1,14.954065322875977
Cc1ccc(F)c(NC(=O)Nc2ccc(Oc3ccnc(-c4nccc(N5CCCC(C)(O)C5)n4)c3)cc2)c1,27.73274803161621
Cn1c(SCc2ccc(C#N)cc2)nnc1-c1ccc2[nH]c(-c3ccc(-c4ccc(-c5ccc(C(=N)NN)cc5)cc4)cc3)nc2c1,39.49439239501953
Cc1cccc(CNC(=O)c2cc(C(N)=O)cc(-n3ccc4cc(-c5ccncc5)ccc4c3=O)c2)c1,33.4673957824707
CC1CN(c2ccc(C#N)c(C(F)(F)F)c2)CC(C)N1C(=O)N=c1ccc(C#N)c(N)[nH]1,29.188344955444336
Cc1cc(-c2ccc(N=C(N)c3ccc(O)cn3)cc2)oc1-c1ccc(N=Cc2ccc(N(C)C)cc2)n1-c1ccccc1,25.513540267944336
N#Cc1ccc(-c2cc(-c3ccc(-c4ccc(C#N)c(F)c4)nc3)cc3c2CN(C(N)=O)C3)nc1,32.517520904541016
Cn1nc(-c2ccc(-c3ccccc3)cc2)c2cc(NC(=O)c3cccc(C#N)c3)cnc21,31.928272247314453
Cc1nc2c([nH]c3ccccc32)c(=NN=Cc2ccc(F)cc2)[nH]1,21.724374771118164
Nc1cc(C(=O)O)ccc1S(N)(=O)=O,22.355192184448242
CCN(CC)c1nc(C#N)ncc1Cl,13.076791763305664
COc1cc(-c2c(C#N)sc(=S)n2-c2cc(C#N)n(C)c2)ccc1-n1cnc(C)c1,28.970611572265625
O=Cc1cc(Br)c(O)c(C=Nc2cc(O)c(NCc3ccccc3)cc2O)c1,21.168983459472656
c1ccc(-c2cnc(-c3ccncc3)nc2-c2ccncc2)cc1,17.81926727294922
N#Cc1ccc(-n2cnc(-c3ccc(N)cc3)n2)cc1,11.638615608215332
CCOC(=O)Cn1nc(-n2c(=O)c3cc4c(=O)n(-c5ccc(C#N)cc5)c(=O)c4cc3c2=O)c2ccccc21,30.01436996459961
Nc1cccc2c1cnn2-c1ccc(C(=O)O)c(O)c1,22.761558532714844
N#Cc1ccc(-n2c(=O)c3cc4c(=O)n(-c5ccc(N6CCN(C=O)CC6)cc5)c(=O)c4cc3c2=O)cc1,13.044695854187012
N#Cc1ccc(Cl)cn1,13.957181930541992
CC1=C(C(=O)Nc2ccccc2)C2(CCCCCC2)OC1=O,18.94315528869629
N#Cc1ccc(-c2cc3c(-c4ccc[nH]c4=Nc4cccnc4)ccc(C#N)c3cn2)cc1,30.587379455566406
c1ccc(-c2nc(CNC3(c4ccccc4)CCOCC3)co2)cc1,23.824138641357422
CC(=O)Nc1ccc(N=c2cc(C)nc(-c3ccc(N)cc3)[nH]2)cc1,20.696083068847656
C=CC(=O)Nc1c(C)c(C=CCc2ccc(C)cc2)c(O)c2ccccc12,31.474853515625
N#CNC(=O)CN(Cc1ccc(C#N)cc1)c1ccc(C#N)cc1,20.599607467651367
COc1ccc(C(=O)c2cnc(-n3nc(C)cc3C)nc2N)cc1F,20.801746368408203
N#CCc1ccc(-c2nc(-c3ccc(N)nc3)nc(-c3ccc(N)nc3)n2)cc1,14.048815727233887
COc1cccc(N=c2nc(-c3cnc(N4CCOC(C)C4)c(C#N)c3)cc[nH]2)c1,21.24357032775879
CNCCNC(=O)C1c2ccccc2CCN1C(=O)CCc1ccc(-c2ccccc2)cc1,35.42925262451172
N#Cc1ccc(-c2csc(=NN=Cc3cc(C=O)ccc3O)[nH]2)cc1,19.739530563354492
N#Cc1ccc2c(c1)C(=O)N(CCc1ccccc1)C2,21.658573150634766
N#Cc1ccc(-c2cccnc2)nc1,14.549070358276367
CCC(Cc1ccc(OCc2nc(-c3ccc(C#N)cc3)oc2C)nc1)=NC(=O)C1=C(C(=O)O)c2cc(C)cc(Br)c2OC1,53.86638641357422
Nc1c(C=O)c(O)c2ccccc2c1O,13.5488862991333
Nc1ccc(-c2nc(-c3ccc(N)cc3)nc(-c3ccc(C=O)cc3)n2)cc1,11.70108413696289
CC(=O)N1CCc2cc(N=c3cc(-c4ccc(N)cc4)[nH]c(C)n3)ccc21,27.602420806884766
Cc1nn(C(C)C)c2c1cnc1cc(F)c(-c3ccc(N)nc3)cc12,22.758882522583008
N#Cc1cncc(C=Cc2ccncc2)c1,18.230571746826172
Nc1ccc(-c2cnc(N=Cc3c(O)[nH]n(-c4ccccc4)c3=O)s2)cc1,16.474365234375
Cc1ccc(-c2nc(-c3ccc(N)cc3)nc(-c3ccc(C(=Cc4cccnc4)c4ccc(C=O)cc4)cc3)n2)cc1,28.390316009521484
O=CC(C=O)NC(=O)OCc1ccccc1,21.027177810668945
O=C(NCc1ccoc1)Nc1ccc(-c2nc(N3CCOCC3)nc(N3CCOCC3)n2)cc1,22.72708511352539
C[n+]1c(C=Cc2ccc(N)cc2)[nH]c2cc(N)ccc2c1=O,24.046476364135742
CC(C)(C)C(=O)Nc1ccc(C=Cc2ccc(N)cc2)cc1,20.50429344177246
O=Cc1c(O)c(Cl)c(O)c2c1C(=O)CC(c1ccc(O)cc1)O2,17.58233642578125
CN1CC2(CCC(=O)N(c3ccc(C#N)cc3)C2)CC1=O,23.443782806396484
COc1cc(C=Nc2ccc(-c3cc(-c4ccc(C#N)cc4)nc(-c4ccc(N)nc4)n3)cn2)cc(OC)c1,19.023977279663086
CN1CCN(c2nc(N3CCCC(CO)C3)nc(=Nc3ncc(-c4ccc(C#N)cc4)[nH]3)[nH]2)CC1,30.1737060546875
Cc1cccc(=Nc2ncc(-c3cnc(C)c(C)n3)c(-c3ccccc3C)n2)[nH]1,32.60139465332031
N#Cc1ccc(-c2cc3c(=N)[nH]cnc3n2-c2ccc3ccccc3c2)cc1,17.18668556213379
O=C(C=Cc1ccc(O)c(O)c1)c1ccc(O)cc1O,15.489311218261719
CCc1ccc(-n2c(=O)c(=O)n(C)c3ccc(C(=O)c4cccnc4)cc32)cc1,33.50867462158203
CC(Cc1ccc(-c2csc(C(=O)Nc3ccc(-c4ccccc4)cc3)c2)cc1)(C(=O)O)C(=O)O,34.395729064941406
O=C(Nc1ccc(-c2nc(N3CCOCC3)nc(N3CCOCC3)n2)cc1)Nc1ccc(C(F)(F)F)cc1,22.9235782623291
N#Cc1ccc2c(c1)C(N1C(=O)c3ccccc3C1=O)=C(Cl)C(=O)C2=O,21.28569984436035
CN(C)N=Nc1ccc(S(=O)(=O)NC(=N)N)cc1,21.826316833496094
CC1=NC2CCc3cc(O)c(O)cc3C2C1=O,25.953474044799805
C=C(C)CCc1cn(C)c2ccccc12,26.542682647705078
ON=Cc1ccc(-c2ncc(-c3ccc(O)cc3)cn2)cc1,18.177738189697266
CCn1cc(C#N)c(-c2cc[nH]c(=Nc3ccc(N4CCN(C)CC4)c(-c4ccnn4C)c3)n2)c1,35.45335388183594
CNc1ccc(-c2nc3ccccc3c(=O)n2-c2ccc(-c3nc(-c4ccc(N)cc4)nc(-c4ccc(N)cc4)n3)cc2)cc1,18.004135131835938
Nc1ccc(-c2n[nH]c(-c3ccc4c(c3)OCO4)n2)cc1,15.30606460571289
CN(C)c1ccc(C=Nc2ccc(-c3cc(-c4ccc(C(=O)O)cc4C#N)cc(-c4ccc(C#N)cc4)n3)cn2)cc1,27.7525634765625
C#CCN(CC#C)CC#N,16.00253677368164
Cc1cc(O)c2c(c1)C(=O)c1cc(CO)cc(O)c1C2=O,18.698049545288086
CC(C)C(=O)c1c(O)c(O)n(-c2ccc(-c3ccc(C#N)cc3)cc2)c1-c1ccc(CN2CCCCC2)cc1,27.487707138061523
N#Cc1ccc(-c2cc(C#N)cnc2-c2ccc(C#N)cc2)cc1,10.397005081176758
N#Cc1ccc(-c2ncc(C#N)c(-c3ccc(N)nc3)n2)cc1,14.829360008239746
Cc1nc(C)c(C#Cc2ccc(=N)[nH]c2)c(-c2cccc(C#N)c2)n1,19.53891944885254
N#Cc1ccc(-c2cc3cccnc3cc2C#N)cc1,16.485612869262695
Nc1ccc(-c2nc(N3CCOCC3)c3ccccc3n2)cc1,11.99354362487793
N#Cc1ccc(C(=O)Cn2cncn2)cc1,18.04905891418457
COc1ccc(Cl)cc1NC(=O)CSc1nc(C)c(C#N)cc1C#N,22.463743209838867
COc1ccc2c(-c3ccc(C#N)cc3)cc(-c3ccc(C#N)cc3)nc2c1,17.793018341064453
Cc1nc(-c2ccc(C#N)cc2)ncc1CN1CCN(C)CC1,18.071943283081055
CC(=O)N1CCN(CC(=O)Nc2sccc2C#N)CC1,18.962589263916016
N#Cc1ccc(-c2c(C#N)c(=O)n(CC(N)=O)c3ccccc23)cc1,20.86682891845703
Cc1cc2c(cc1-c1ccc(C#N)cc1)NC(=O)CC2(C)C,12.084351539611816
Nc1cccc2ccccc12,12.760438919067383
Cc1ccc(-c2cc(-c3nc(-c4ccc(N)cc4)[nH]c(=N)n3)nc(-c3ccccc3)n2)cc1,17.048490524291992
CCc1cc(-c2ccc(-c3ccc(C#N)cc3)cc2)n(-c2ccc(C#N)cc2)n1,16.31842613220215
CN(C)CCc1ccc(-c2nc(-c3ccc(N4C(=O)c5ccc6c7c(ccc(c57)C4=O)C(=O)OC6=O)cc3)nc(N3CCOCC3)n2)cc1,18.425800323486328
NCCc1nc(=O)c2ccccc2n1C1CCCCC1,29.113367080688477
CN1C(=Cc2c[nH]c3ccccc23)C(=O)N=C1N,14.954841613769531
CC=CC=CC=CC=CC=O,16.420686721801758
N#Cc1ccc(-c2cc(-c3cccc(C#N)c3)nc(-c3ccc(N)nc3)n2)cc1,13.967485427856445
CC(C)(O)C(O)CCl,25.061412811279297
C#CC#Cc1cccc2oc3cc(O)cc(O)c3c(=O)c12,25.30499839782715
Nc1ccc(-c2ccc3c(ccc4ccccc43)c2)cn1,20.44313621520996
C#CC(O)C=CCCCCCC=CCC(CCC(=O)O)OC(N)=O,40.25815963745117
N#Cc1ccc(N(C#N)n2cnnc2)cc1,14.808425903320312
Cc1c2c(c(C)c3c1CCC(C)(CO)O3)OC(C)CC2,25.1068115234375
CN(C)c1ccc(-c2cc(=NCC3CCCN3C)nc[nH]2)cc1,26.21933364868164
N#Cc1ccc(-n2nnc(-c3ccc(NS(=O)(=O)c4ccc(-c5ccccc5)cc4)cc3)n2)cc1,16.005409240722656
N#Cc1ccc(Nc2ccc3c(c2)CCc2ccc(C#N)cc2C3=O)cc1,13.154139518737793
Cc1nccc(-c2ccc(N=c3nc4c(C)cc(-c5ccc(N)nc5)cc4c[nH]3)cc2)n1,23.355369567871094
Cc1ccc2nc(-c3cccc(C#N)c3)cn2c1,18.39924430847168
Cc1c(-c2ccc(Cl)cc2)n(-c2ccccc2Cl)c(=O)n1-c1ccc(-c2nc(-c3ccc(Cl)cc3Cl)n(-c3cccc(Br)c3)n2)c(Cl)c1,36.20118713378906
COc1cc(O)c2c(=O)c(-c3ccc(O)cc3)c(-c3ccc(O)cc3)oc2c1,12.784890174865723
CCC(NS(C)(=O)=O)C(=O)N=c1ccc(-c2ccccc2S(N)(=O)=O)c[nH]1,31.354084014892578
O=C(C=Cc1ccccc1)NCc1ccccc1,20.392980575561523
O=C1CCN2CCCCC2C(=O)N1,23.519411087036133
CC(=O)NCc1cccc(-c2ccc(-n3nc(-c4ccc(C#N)cc4)c4ccccc4c3=O)cc2)n1,27.269878387451172
N#Cc1ccc(C(=O)Cn2cc(C#N)cc2C#N)cc1,17.913362503051758
Cc1ccc2nc(-c3ccc(N4CCN(C)CC4)nc3Oc3ccc(CN)cc3)sc2c1,32.89064025878906
CCC1(O)C(=O)OCc2c1cc1n(c2=O)Cc2cc3c(ccc4c(C#N)cc(C#N)cc43)nc2-1,16.492130279541016
COCn1c2ccccc2c2cc(C#N)cnc21,22.257160186767578
CCc1ccc(C=C2CCCC(=Cc3ccc(N(C)C)cc3)C2=O)cc1,20.82421875
Oc1ccc(-c2coc(O)c2-c2ccc3c(c2)OCCO3)cc1,21.751018524169922
Cc1nn(C(C)CN)c(=O)c2ccsc12,29.460763931274414
Cc1cn(-c2c(C#N)cc(-c3ccc(O)cc3)nc2-c2ccc(CN3CCN(C)CC3)cc2)cn1,28.778833389282227
N#Cc1ccc2c(c1O)c(O)c1n2C(=O)c2ccccc2C1=O,24.743877410888672
CCC(C#N)NC(=O)C(Cc1ccc(-c2cccc(C#N)c2)cc1)NC(O)c1ccc(C=O)cc1,32.355796813964844
C=c1[nH]n(-c2ccc(C#N)cc2)c(=O)c1=Cc1ccccc1,13.590926170349121
NC(=O)c1cccc(-c2cc(O)c(-c3ccc(C=O)cc3)cc2O)c1,21.29677963256836
N#Cc1cc(=N)c(C#N)c(-c2ccc(N)cc2)[nH]1,14.79083251953125
Cc1cc(-n2nc(C#N)c3cc(-c4ccc(C#N)cc4)ccc32)ccc1C(N)=O,17.25909423828125
CN(C)c1ncc(-c2ccc3c(c2)c(C#N)c(N)n3CC2CCC(N)CC2)cn1,27.59181022644043
CN1CCCN(c2[nH]cnc(=N)c2-c2ccc(C#N)cc2)CC1,19.34583854675293
CCn1[nH]c(C)cc1=Nc1nc(-c2ccc(N)nc2)cc(=NC(=N)N)[nH]1,29.942785263061523
O=Cc1ccc(-c2cc3c4c(c(=O)[nH]c3cc2F)C(=O)C(F)=C(Cl)C4=O)cn1,36.06398391723633
NC(N)=NN=Cc1ccc(-c2cc(-c3csc(=NC(=O)Nc4ccc(Cl)c(C(F)(F)F)c4)[nH]3)ccn2)nc1,37.58323669433594
C#Cc1cc2c(C#N)c[nH]c(=Nc3ccc(-c4nc(C)no4)cc3OC)c2cc1OC,19.18577766418457
CN1CCC(=NNC(=O)CN2CCN(c3ccccc3)CC2)CC1,23.57822608947754
Clc1ccc(NCC(Cn2c3ccccc3c3cc(Br)ccc32)c2ccccc2)cc1,28.214500427246094
N#CCc1cccc(C#N)c1,12.314116477966309
COc1cc2c(cc1O)C1CNCCN1C2=O,18.67916488647461
CN1C(=O)CCC2(C)C3CCC4(C)Cc5c(c(C#N)c6ccccc6c5C#N)CC4C3CCC12,23.49649429321289
CNc1ccc(-c2nc(-c3ccc(N)cc3)n(-c3ccc(C(N)=O)cc3)n2)cc1,15.020230293273926
Nc1ccc(-c2nc3ccccc3c(=NN=Cc3cc4ccccc4cc3O)[nH]2)cc1,22.12723159790039
N#Cc1ccc2c(O)c3c(c(C#N)c2n1)C(=O)c1cccnc1C3=O,28.07866096496582
N#Cc1ccc(NC(=O)Nc2cccc3ccc(C#N)cc23)cc1,22.475574493408203
C#CCCCCCCC#CC=CCCCCC=CCCCCC#CC(=O)O,26.99173927307129
Cn1cnc2cc(-c3ccc(C#N)cc3)c(F)cc2c1=O,13.854756355285645
CC(C)c1ccc(-n2c(-c3ccc(N)cc3)cc3c2cc(-c2ccc(C#N)cc2)n3-c2ccc(C#N)cc2)cc1,14.798130989074707
Oc1[nH]c2ccccc2c1C=Nc1ccc(Nc2ccccc2)cc1,20.812118530273438
Cc1ccc(-c2nnc(CSc3nc(-c4ccccc4)cc(=N)n3-c3ccc(C)cc3)n2C)cc1,23.405094146728516
COc1cc(O)c2c(=O)c(Cc3ccc(-c4ccc(C#N)cc4)cc3)c(-c3ccc(O)cc3)oc2c1,21.307300567626953
CC1(C)C=C(n2ccc(=O)cc2)c2cc(C#N)ccc2C1=O,13.845501899719238
Cc1ccc(-n2c(C)c3c(c2C)-c2nc(-c4ccc(N)cc4)nc(N4CCOCC4)c2CC3)cc1,24.097272872924805
Cc1ccccc1-n1c(-c2ccccc2)nnc1-c1ccc2c(c1)OCCO2,27.990779876708984
CN=c1[nH]nc(-c2ccc3c(c2)OCO3)nc1N=Cc1c(-c2ccc(Cl)cc2)nc2sccn12,39.970462799072266
N#Cc1ccc(-c2cccc3c2CCN(S(=O)(=O)N=c2[nH]cns2)C3)cc1,16.591726303100586
N=C(N)NN=Cc1ccc(Br)cc1,15.397660255432129
N#Cc1ccc(-c2cc(N3CCOCC3)nc(-c3ccc(N)nc3)n2)cc1,13.50013542175293
COc1ccc2c(C(=O)c3cc(OC)c(OC)c(OC)c3)c(-c3ccc(C#N)cc3)sc2c1,20.86544418334961
CCC(C)c1ccc(C#N)cc1,13.898841857910156
Nc1ccc(-c2nc(-c3ccc4ncccc4c3)cc(-c3cnc(N=Cc4cc(C=O)c(O)c(C=O)c4)[nH]3)n2)cc1,21.41953468322754
CC1(C)c2cc(OCCN)ccc2C(=O)c2c1c1cc(C#N)ccc1n2Cc1nc2ccccc2[nH]1,31.349218368530273
Nc1ccc(-c2nc(-c3ccc(N)nc3)nc(-c3cnc(N=Cc4ccc(F)cc4F)s3)n2)cn1,12.931845664978027
N=c1ccc(-c2nccc(-c3ccc(N)nc3)n2)c[nH]1,13.382553100585938
N#Cc1ccc(C(=O)N2CCNCC2)cc1-c1ccc(Cl)cc1Cl,26.382638931274414
Cc1cc(C(N)=O)ccc1-n1c(C)ccc1-c1ccc(C#N)cc1,13.81404972076416
Cc1ccc2nc(-n3c(-c4ccccc4)cc4c3cc(-c3ccc(C#N)cc3)n4-c3nc4ccc(C)cc4s3)sc2c1,12.639331817626953
C=CCc1cc(-c2c(O)cc(-c3ccc(OC)cc3)c(CO)c2O)ccc1OC,25.707517623901367
Nc1ccc(-c2nc(-c3ccccc3)nc(-c3ccncc3)n2)cn1,13.56832218170166
Cc1c(C(=O)CBr)[n+]([O-])c2ccccc2[n+]1[O-],22.793230056762695
Cc1noc(-c2ccc(-c3cc(-c4ccccc4)cc(-c4ccc(-c5nc(Cl)nc(Cl)n5)cc4)c3)cc2)n1,13.001004219055176
N#CC(C#N)=Cc1ccc(N)cc1,12.501392364501953
CCc1cc(O)cc(-c2ccc(O)cc2)c1C#N,18.477054595947266
CN1CCN(c2ccc(-c3nc4c(c(C(N)=O)n3)CN(C(=O)Nc3ccc(C#N)cc3)CC4)cc2)CC1,30.02573013305664
Cc1ccc2c(c1C#N)C(=O)c1ccccc1C2=O,17.389741897583008
N#Cc1cc(-c2cnc(C3(O)COC4CC43)cn2)cnc1N,32.15202713012695
Cn1c(=O)sc2cc(CCN3CCN(c4cccc(C#N)c4)CC3)ccc21,24.421005249023438
Cc1cc(CN2CCN(C=O)CC2)no1,17.928129196166992
CC(C)C(NC(=O)OCc1ccccc1)C(=O)NC(C(=O)c1ccccc1)C(C)C,26.40826416015625
N#Cc1cc(-n2cnc3cc(-c4ccc(C(N)=O)cc4)ccc3c2=O)ccc1-c1cccc(NCCNCc2cccc3ccccc23)c1,30.107059478759766
Cc1cccc(C=NNC(=O)c2cc(O)c(O)c(O)c2)c1,23.382259368896484
O=C(C=Cc1ccc(O)cc1)c1ccc(N2CCOCC2)cc1,16.08971405029297
Cc1csc(CNC2CCCOc3ccc(Cl)cc32)n1,27.881376266479492
N#Cc1ccc(-c2ncc(C#N)cn2)cc1,10.36849308013916
COc1nc(OC)nc(-c2ccc3nccc(-c4ccc(C#N)cc4)c3c2)n1,19.286989212036133
Cc1nc(-c2ccc(C#N)cc2)sc1-c1nnn(CCC#N)n1,21.875492095947266
Cc1c(O)c(C)c2c(c1O)OC2,20.915660858154297
N#Cc1ccc(N=Nc2c(O)cc(Nc3ccc(C#N)cc3)c3ccccc23)cc1,18.28192710876465
Cc1cc(-c2[nH]c(-c3ccc(C#N)cc3)nc2-c2ccccc2)ccc1C#N,23.095491409301758
N#Cc1ccc(-c2ccc(-c3cnc(-c4ccc(N)cc4)n3-c3ccc(C(N)=O)cc3)o2)cc1,21.367401123046875
CN(C)c1ccc(-c2ccc3ncnc(-c4ccc(NC(=O)c5ccc(N)cc5)cc4)c3c2)cc1,25.41982650756836
CCN(Cc1ccc(-c2nc(-c3ccc(C#N)cc3)nc(-c3cnc(N4CCOCC4)nc3)n2)cc1)C(=O)c1ccc(N)cc1,24.190500259399414
Nc1ccc2oc(-c3ccc(O)c(N)c3)nc2c1,20.146160125732422
Nc1ccc(-c2nc(N3CCOCC3)c3nc(C=Cc4ccc5c(c4)OCO5)n(CCNc4ccccc4)c3n2)cc1,31.42270851135254
Cc1cc(C2CCCN2)ccc1N,23.961380004882812
CN(C)c1cc(-c2ccc(N)cc2)nc(-c2ccc(N)cc2)n1,16.33452796936035
CC(=NN=c1ccc(-c2ccc(F)cc2)[n+](-c2ccc(F)cc2)[nH]1)c1ccc(N)cc1,26.730756759643555
CCN(CC)CCOc1cc(C=Cc2ccc(O)cc2)cc(N=c2cc[nH]c3cc(Cl)ccc23)c1,25.95697021484375
COC(=O)C1C(c2ccc(Cl)cc2)CC2CCC1N2C,20.47776222229004
O=C(C=Cc1ccc(O)c(O)c1)NCCc1ccccc1,17.06485939025879
Cn1ccc2c3c(C#N)c(C#N)cc(C#N)c3ccc21,14.869430541992188
C=c1c(=Cc2sc(=N)[nH]c2O)cc(C)n1-c1ccc(C)cc1,19.09862518310547
N#Cc1ccc(Cc2nc(-c3ccc(N4C(=O)c5cccc6cccc(c56)C4=O)cc3)nc(-c3cc(O)cc(O)c3)n2)cc1,26.17334747314453
CC(=NNC(=O)c1ccc([N+](=O)[O-])cc1Cl)c1ccc(C#N)cc1,26.257766723632812
Cc1ccc(N=Nc2ccc(O)cc2)cc1C,15.700111389160156
NC(=O)c1c2ccccc(=O)c2cc2c(=NCc3ccccc3)[nH]cnc12,37.03078842163086
CC(NC(=O)c1ccc(C#N)cc1-c1ccc(C#N)cc1)C(N)=O,20.184165954589844
Cc1cc2[nH]c(-c3ccc(N(C)C)cc3)nc2cc1-c1cccc(C#N)n1,22.76335906982422
Cc1ccc(C)c(C=CC(=O)C=Cc2ccc(N)cc2)c1O,24.224084854125977
O=C(Nc1cccc(Oc2ccccc2)c1)N1CCNc2ccccc21,22.20303726196289
c1cncc(-c2ccc3[nH]nc(-c4ccnc(N5CCOCC5)c4)c3c2)c1,21.899625778198242
