SMILES,NLL
CC(C)c1ccc(-n2c(-c3ccc(C#N)cc3)cc3c2cc(-c2ccc(C#N)cc2)n3-c2ccc(C(C)C)cc2)cc1,3.4600412845611572
C#Cc1ccc(C#N)cc1,3.5766377449035645
Clc1nc(Cl)nc(-[n+]2ccc(-c3ccncc3)cc2)n1,4.1543288230896
N#Cc1c(F)c(F)c(C#N)c(F)c1F,3.5806703567504883
COc1cc(-c2ccc(C#N)cc2)cc(C=O)c1OC,19.338367462158203
Nc1ccc(-c2nc(-c3ccc(N)nc3)nc(-c3ccc(N=Cc4cc(C=O)cc(C=O)c4O)nc3)n2)cn1,4.149156093597412
CN1CCN(c2ncc3nc(-c4cccnc4)c(=O)n(-c4ccccc4)c3n2)CC1,20.946088790893555
N#Cc1ccc(-c2nc3cc(CO)ccn3c2-c2ccc(C#N)cc2)cc1,17.34021759033203
O=Cc1ccc(OCc2ccccc2)cc1,13.247995376586914
Cn1cc(-c2nnc(C#N)c(N)n2)cn1,19.857215881347656
N=c1c2ccc(C(=O)O)c(O)c2ncn1-c1ccccc1,24.144142150878906
CC1(C)CCN(c2ncc(-c3ccc(C#N)cc3)c(-c3ccc(C#N)cc3)n2)C(=O)C1,16.40984535217285
N#Cc1ccc(-c2cc(C(N)=O)nn2-c2ccc(S(N)(=O)=O)cc2)cc1,16.216800689697266
N#Cc1ccc(-c2cccnc2)cc1,10.676884651184082
Cc1cc(C(F)(F)F)c2c(=O)n(-c3ccc(C#N)cc3)c(C)nc2n1,21.336427688598633
Cc1c2c(cc3ccccc13)CC1(C2)C(=O)c2ccccc2C1=O,29.989437103271484
N#Cc1cc(C#N)c2ccc3c(C#N)cc(C#N)c4ccc1c2c43,3.9118757247924805
CC(C)=CCc1cc(C=O)cc(C(=O)C=Cc2ccc(O)cc2)c1O,18.08541488647461
CN1CCN(C=Nc2ccn(-c3ccc(C#N)cc3)n2)CC1,19.08074951171875
Cc1ccc2nc(-n3c(-c4ccc(C#N)cc4)cc4c3cc(-c3ccc(C#N)cc3)n4-c3nc4ccc(C)cc4s3)sc2c1,3.9328339099884033
Cc1cc(-c2ccc(C#N)cc2)c2cccc(N)c2n1,18.81844139099121
N#Cc1ccc(-n2c(=O)c3cc4c(=O)n(-c5ccc(C#N)cc5)c(=O)c4cc3c2=O)cc1,3.91432523727417
Nc1ccc(-c2nc(-c3ccc(N4C(=O)c5ccc6c7c(ccc(c57)C4=O)C(=O)OC6=O)cc3)nc(-c3ccccn3)n2)cc1,11.649609565734863
Nc1ccc(-c2nc(-c3ccccc3)nc(-c3ccc(N4C(=O)c5ccc6c7c(ccc(c57)C4=O)C(=O)OC6=O)cc3)n2)cc1,6.7202324867248535
N#Cc1cncc(C#N)c1,4.236652851104736
N#Cc1ccc(-n2nc(C(N)=O)c3c2-c2cc(NC(=O)c4ccccc4Cl)ccc2CC3)cc1,18.83516502380371
CC(=O)NC(CC(C)C)C(=O)N=C(C#N)C(C#N)C#N,28.21620750427246
Nc1ccc(-c2cc(-c3ccc(N)cc3)nc(-c3ccc(N)cc3)n2)cc1,9.946423530578613
Cc1nc(-c2ccc3ncsc3c2)cc(=NC(Cc2ccc(C#N)cc2)c2ccc(F)cc2)[nH]1,19.07262420654297
NC(=O)c1ccc(-c2ccc(-c3ncc[nH]3)cc2)cc1,19.111339569091797
CN(C)C=Nc1cc(O)c(C#N)c(-c2ccc(C#N)cc2)c1C#N,17.29051971435547
Clc1nc(Cl)nc(-c2ccc(-c3cc(-c4ccccc4)cc(-c4ccccc4)c3)cc2)n1,5.340810298919678
N#Cc1ccc(-c2nc(C=Cc3nc(-c4ccccc4C(F)(F)F)no3)nn2-c2ccccc2)cc1,30.45924186706543
CC(=O)Nc1ccc(-c2cc(-c3ccc(N=C=S)cc3)nc(-c3ccc(N)cc3)n2)cc1,18.232250213623047
Oc1cc2ccccc2n1Cc1ccc(-c2ccccc2-c2nn[nH]n2)cc1,17.36079978942871
N#Cc1ccc(-c2cc(C(=O)N3CCC(N)CC3)c3ccccc3n2)cc1,19.33224105834961
CN(C)c1ccc(-c2nc3ccc(-c4ccc(N)cc4)cc3c(C#Cc3ccc(N)cc3)c2-c2ccc(C#N)cc2)cn1,26.877050399780273
N#Cc1ccc(C#N)cc1,3.5505383014678955
N#Cc1ccc(-c2cn(C3CC(N)C(CO)O3)c3ccc(N)cc23)cc1,24.70043182373047
N=c1[nH]cnc2sc(C=Cc3ccc(N)cc3)cc12,22.474647521972656
N#Cc1ccc(-c2ccc(C#N)cc2)cc1,4.011508464813232
O=C(NCc1ccc(-c2ccccc2)cc1)c1ccc2[nH]c(-c3ccc(-c4cc(-c5ccccc5)cc(-c5ccc(-c6nc(Cl)nc(Cl)n6)cc5)c4)cc3)nc2c1,21.969802856445312
N#Cc1ccc(-c2ccccc2-c2ccc(C#N)cc2)cc1,8.48600959777832
N#Cc1c(NC(=N)Cc2ccc(N)cc2)sc2c1CCC2,21.137596130371094
CN1CCOC(c2nc3cc(C#N)ccc3[nH]2)CC1,34.47771072387695
N#Cc1ccc(-c2cccc(C#N)c2)cc1,7.76259708404541
Cc1cc(C=O)cc(C=Nc2ncnc(N(C)C)n2)c1O,16.18206024169922
CN(C)c1nccc(-c2nc(-c3ccc(N)nc3)nc(-n3ccnc3CO)n2)n1,26.05888557434082
Cc1cc(O)n(-c2ccc(N3C=CC(c4ccc(C#N)cc4)=NCC3)cc2)c1O,34.66967010498047
CN1C(=O)CC(C)(C)c2ccc(-c3ccc(-c4ccc(C(O)=NO)cc4)nc3)cc21,27.75147819519043
CC(=O)c1ccc(-[n+]2c(-c3ccccc3)cc3c(c2C)OCO3)cc1,21.702545166015625
N#Cc1ccc(-c2cc(C#N)nn2-c2ccc(C#N)cc2)cc1,10.776517868041992
N=c1nc(-c2ccc(N)cc2)[nH]n1C(N)=S,19.78424072265625
N#Cc1ccc(-c2nc(-c3ccc(N)cc3)nc(-c3ccc(N4C(=O)c5cccc6cccc(c56)C4=O)cc3)n2)cc1,7.7095561027526855
N#Cc1c2ccccc2c(C#N)c2ccccc12,4.498228549957275
CC(Sc1nc2ccccc2n1-c1ccc(C#N)cc1)C(=O)O,26.810699462890625
C=CCc1cc(O)cc(CC=C(C)CCC=C(C)C)c1N,28.537290573120117
N#Cc1cnc(-c2cc[nH]c(=Nc3cccc(O)c3)n2)c(F)c1,25.002965927124023
CN1CCN(Cc2cn3cc(-c4ccc(C(=O)NC5CC5)cc4)nc3c(=O)n2-c2ccccc2)CC1,29.742263793945312
Cc1ccc(S(=O)(=O)c2cccc(N)c2C#N)cc1,15.524295806884766
C#Cc1ccc2c(c1)C(c1ccc(C#N)cc1)CN(C)C2,16.79575538635254
Nc1cc(O)c(N=Cc2ccc(-c3nc(-c4ccc(C=O)cc4)nc(-c4ccc(C=O)cc4)n3)cc2)cc1O,4.4503493309021
Nc1ccc(-c2nc(-c3ccc(N)nc3)nc(-c3ccc(N=Cc4cc(C=O)c(O)c(C=O)c4O)nc3)n2)cn1,5.706914901733398
CC(=O)c1ccc(N=c2[nH]c(-c3ccc(N)cc3)cs2)cc1,19.806982040405273
Cc1nc(C)c2c(n1)CN(CC(=O)Nc1sccc1C#N)CC2,24.145248413085938
COC(=O)C1=C(C)N(Cc2ccc(CC(C)C)cc2)C(NCc2cccs2)=NC1c1ccccc1,25.451955795288086
Nc1ccc2c(c1)C(=O)c1ccc(Nc3nc(Cl)nc(Cl)n3)cc1C2=O,8.493975639343262
O=c1c2ccccc2c2cc(-c3cccnc3)cc3c2n1-c1ccccc1CC3,25.78221893310547
Cc1cc(C=C(C#N)C#N)cc(C=O)c1O,19.491689682006836
Nc1ccc(-c2nc(-c3ccncc3)nc(-c3ccc(N)nc3)n2)cn1,11.357152938842773
CC(C)c1ccc(-n2c(-c3ccc(C#N)cc3)cc3c2cc(-c2cccc(C#N)n2)n3C)cc1,15.652774810791016
Nc1ccc(-c2nc(-c3ccc(N)cc3)nc(-c3ccc(-n4c(=O)c5cc6c(=O)oc(=O)c6cc5c4=O)cc3)n2)cc1,4.1740403175354
Nc1ccc(-c2ccnc(-c3ccc(N)nc3)c2)cn1,11.243292808532715
Cc1ccc(=NC(=O)c2c(O)cc(O)c(-c3ccc(N)cc3)c2-c2ccc(C#N)cc2)[nH]c1,23.69095802307129
CC(N=c1nc(N(C)C)nc(-c2ccc(N)cc2)[nH]1)c1ccccc1,21.24392318725586
Cc1cccc(-c2nc(-c3c(C)[nH]c(-c4ccc(C#N)cc4)c(C#N)c3=O)ccc2C#N)c1,31.9484806060791
Cc1cc(=Nc2cccc(Cl)c2Cl)[nH]c(=N)[nH]1,21.491905212402344
NC(=O)c1ccc(-n2ccc(-c3ccc(Cl)cc3)n2)cc1,17.083433151245117
N#Cc1ccc(C#Cc2ccc(C(O)=NO)cn2)cc1,16.140905380249023
N#CC=CC#N,3.883671522140503
ON=C(O)C=Cc1cn(-c2ccccc2)nc1-c1ccccc1,21.058931350708008
O=C(O)c1ccc(-c2ccc(-c3ccc(-c4cc(-c5ccccc5)cc(-c5ccc(-c6nc(Cl)nc(Cl)n6)cc5)c4)cc3)cc2)cc1,14.714577674865723
CSc1nc(=Nc2ccc(-c3cc(-c4cccc(N)c4)nn3-c3ccccc3)cc2)nc(-c2ccc(N)cc2)[nH]1,27.522920608520508
Cc1nc2cc(-c3ccc(N)cc3)ccc2c(=O)n1-c1ccc(C(=N)N)cc1,15.68803596496582
N#Cc1cc(C#N)c2ccc3cc(F)c(C#N)cc3c2c1,22.369096755981445
Cc1cc(=O)c(C(=O)C=Cc2ccccc2)c(O)o1,17.89845085144043
N#Cc1cncc(-c2ccc(C#N)c(C(=O)N=c3cc[nH]c(C(=N)N)c3)c2)n1,27.259550094604492
Cc1cccc(N(C)c2cc[nH]c(=Nc3ccc(-c4ccnc(-c5ccc(N6CCN(C)CC6)cc5)n4)cc3)n2)c1,25.25113868713379
N#Cc1ccc(-n2[nH]c(=O)c3cc4c(=O)[nH]n(-c5ccc(C#N)cc5)c(=O)c4cc3c2=O)cc1,3.6315255165100098
Oc1ccc(C=Cc2cc(O)c(O)c(O)c2)cc1O,13.074166297912598
CCOC(=O)C1CC=NC=C1C(N)=O,27.019227981567383
N#Cc1ccc(CN)cc1,11.904732704162598
Nc1ccc(-c2ccc3occ(-c4ccnc(-c5ccc(N)nc5)n4)c(=O)c3c2)cn1,22.490238189697266
CN1CCN(c2ncc(-c3cc(-c4ccccc4)c4nc(-c5cnc(N6CCOCC6)nc5)ccc4n3)cn2)CC1,28.23475456237793
CN1Cc2cc(-c3ccc(C#N)cc3)ccc2C(c2ccccc2)C1,14.824892044067383
N#Cc1ccc(-c2ccc(-n3[nH]c(-c4ccc(F)cc4)cc3=O)nn2)cc1,21.053630828857422
COC1C(=O)N(CO)CC1c1ccc(-c2ccc(C#N)cn2)cc1,31.17534065246582
COc1cc2c(cc1O)C(=O)N1CCCC1C=N2,16.078386306762695
N#Cc1ccc(-c2cc3c(cc(-c4ccc(C#N)cc4)n3-c3ccc(C#N)cc3)n2-c2ccc(C#N)cc2)cc1,4.3549275398254395
COc1ccc(-c2nnc(-c3ccccc3O)o2)cc1OC,24.50444221496582
C=CCN1CC(O)C(O)C(O)C1CO,17.954694747924805
Cc1ccc2[nH]c(-c3ccc(-c4ccc(CNCc5ccc(N)cc5)cc4)s3)nc2c1,23.556306838989258
Cc1ccc(-n2nc(-c3ccc(C#N)cc3)c3c(C)cc(C)nc32)cc1,21.167490005493164
Cc1ccc(-n2[nH]c(C(N)=O)cc2=NC(=O)Cc2ccc(-c3ccc(C#N)cn3)nc2)cc1,16.913806915283203
Cc1nc(=Nc2ccc(C#N)cc2)c2cc(-c3ccc(C#N)cc3)ccc2[nH]1,17.32318115234375
N#Cc1ccc(-c2ccc(C#N)cn2)cc1,9.565522193908691
NC1CC2c3ccccc3Cc3ccccc3C2N1,27.725242614746094
Nc1ccc(-c2nc(-c3ccccc3)nc(-c3ccc(N4CC(Cc5nc6ccccc6[nH]5)C4=O)cc3)n2)cc1,23.200159072875977
N#Cc1cccc(-n2ccc(OCc3ccc(Cl)cn3)cc2=O)n1,18.159879684448242
N#Cc1cc(C#N)c2ccc3c(N)ccc4ccc1c2c43,11.584627151489258
Cc1ccc(-c2[nH]c(=NN=Cc3ccc(N(C)C)cc3)sc2C)cc1,17.977741241455078
COc1cccc(C=NN=Cc2ccc(-c3cccnc3)o2)c1,21.684865951538086
N#Cc1ccc(-c2cc(C=O)ccc2O)cc1,11.823796272277832
Cn1c(CO)c(-c2ccc(C#N)c(C#N)c2)cc(C#N)c1=O,11.176709175109863
N#Cc1ccc(-c2cc(-c3ccc(N)cc3)nc3cc(O)ccc23)cc1,15.35892391204834
COc1nc2c(C(F)(F)F)cccc2c(=NC=Cc2cccc(O)c2)[nH]1,28.265600204467773
CNc1ccc(C(N)=O)c(-c2ccc(C#N)cc2)c1,16.61345100402832
Cc1ccc2sc(-n3c(-c4ccc(C#N)cc4)cc4c3cc(-c3ccc(C#N)cc3)n4-c3nc4ccc(C)cc4s3)nc2c1,11.007637977600098
COc1ccccc1-n1c(=O)c2cc3c(=O)n(-c4ccc(C#N)cc4)c(=O)c3cc2c1=O,12.27750301361084
CS(=O)(=O)Nc1cccc(CN=c2[nH]cccc2C#N)c1,24.153881072998047
N#Cc1cnc(C(=O)Nc2ccc(CC3CC3)cc2)cn1,28.6467227935791
CCc1cccc(C)c1,14.489882469177246
Cn1c(=O)n(Cc2ccc3c(N4CCOCC4)nc(-c4cccc(C#N)n4)c(Cl)c3n2)c(=O)c2c1nc(N1CCC(N)C1)n2Cc1ccccc1Cl,32.597145080566406
N#Cc1ccc(-c2nc(-c3ccc(N)cc3)nc(-n3cc(-c4nc(=O)o[nH]4)cn3)n2)cc1,18.985557556152344
N#Cc1cccc(N=c2[nH]c(=NCc3ccc(NC(=O)c4ccc(Cl)cc4)cc3)c3ccc(C#N)cc3[nH]2)c1,24.646869659423828
Cc1noc(C(C(=O)c2ccc(Cl)cc2)N2CCN(c3ccccn3)CC2)n1,29.67647933959961
Cc1nc(-c2c(Cl)cccc2-c2ccc(-c3ccc(C#N)cc3)cn2)no1,29.60807228088379
N#Cc1ccc(-c2nnc(-c3cccc(-n4nc(C#N)c(=O)[nH]c4=O)c3)o2)cc1,24.389205932617188
Nc1cccc(-c2ccc(-c3cc(=O)cc(N4CCOCC4)s3)cc2)c1,15.96841812133789
N#Cc1cccs1,13.771800994873047
Nc1nc(N)nc(N=CN2CCN(C=O)CC2)n1,4.816608428955078
CNc1ccc(-c2cc[nH]c(=Nc3ccc(C#N)cc3)n2)cc1,15.811107635498047
N#Cc1cccc(C#N)n1,4.034291744232178
Nc1ccc(CCCCCc2ccc(N(CCCl)CCCl)cc2)cc1,19.919212341308594
CCCN(C)C1c2cc(C#N)ccc2OC(C)(C)C1O,22.98745346069336
Nc1ccc(-c2cc(=O)c3ccc(Cl)cc3o2)cc1,17.04583168029785
Clc1nc(Cl)nc(-c2ccc(-c3cc(-c4ccccc4)cc(-c4ccc(-c5nc(Cl)nc(Cl)n5)cc4)c3)cc2)n1,8.717921257019043
N#Cc1c2c(cc3ccccc13)C(=O)c1ccccc1C2=O,10.483245849609375
N#CC=Cc1ccc(-c2csc(N=CN3CCC(Cc4ccc(F)cc4)CC3)n2)cc1,32.565372467041016
N#Cc1cc2cc[nH]c2cc1C#N,18.303937911987305
N#Cc1ccsc1-c1ccc(N)c(O)c1,20.801937103271484
NC(=O)c1ccc(NC(=O)CSc2nc3ccccc3c(=O)n2-c2ccccc2)cc1,20.93143653869629
N#Cc1ccc2[nH]cc(CC3=NC(=O)NC3=O)c2c1,17.57442283630371
Nc1ccc(-c2nc(-c3ccc(N)nc3)nc(-c3ccc(N=Cc4c(O)c(C=O)c(O)c(C=O)c4O)nc3)n2)cn1,5.728315830230713
N#Cc1ccc(-c2ccccc2)cc1,5.866305351257324
Oc1ccc(C=Cc2ccc(C=Cc3ccc(C=Cc4cc(O)c(C=Cc5ccc(O)c(O)c5)cc4O)cc3)cc2O)cc1,20.659992218017578
N#Cc1ccc(NC(=O)CN2CCN(c3nsc4ccccc34)CC2)cc1,20.491025924682617
N#Cc1ccccc1,6.629251003265381
CN(C)c1ccc(C=C2CCCN(Cc3ccc(C#N)cc3)C2=O)cc1,22.464174270629883
COc1cc2[nH]c(-c3ccc(N)cc3)nc(=Nc3ccc(C#N)cc3)c2cc1OC,15.382539749145508
N#Cc1ccc(C#N)nc1,8.05086898803711
Cc1cc(-c2nc3c(C#CC(C)O)nccc3n2-c2ccc(C#N)cc2)ccn1,27.33909034729004
O=c1[nH]nc(Cc2ccc(Cl)cc2)c2c1CCCN2,18.89152717590332
N#Cc1ccc(-c2cnc(N=Cc3ccc(O)cc3)cn2)cc1,17.939525604248047
CCc1nnc(-c2ccc(N=c3[nH]c(=Nc4ccc5[nH]ccc5c4)[nH]cc3C(N)=O)c(Cl)c2)[nH]1,45.223304748535156
COc1ccc(NC(=O)c2ccc(N3CC(N)(CO)C3)c(-c3ccc(-c4cnn(C)c4)cc3)c2)cn1,29.647525787353516
Cn1cc(-c2ccc(C#N)cc2)[nH]c(=Nc2ccc3c(cnn3Cc3ccccc3)c2)c1=O,21.450340270996094
COCc1nc(C)c(C)nc1-c1ccc(C(=O)Nc2ccc(C#N)cc2)cc1,23.70572280883789
c1ccc2c(c1)NNC1(CCCC1)N2,21.503259658813477
CCOC(=O)C(C#N)=Cc1ccc(N=c2cnc3ccc(C#N)cc3[nH]2)cc1,25.02103042602539
NC(=O)c1ccc(-n2nc(-c3ccc(C=Nc4cc(O)c(N)cc4O)cc3)nc2-c2ccc(C=CC(=O)O)cc2)cc1,20.543970108032227
Cc1ncc(C(N)=O)nc1-c1ccc(C(C)(C)C)cc1,23.217443466186523
N#Cc1ccc(NC(=O)Nc2ccc(-c3nc(N4CCOCC4)nc(N4C5CCC4COC5)n3)cc2)cc1,16.119260787963867
N#Cc1ccc(N2C(=O)c3cc4ccn(-c5cc(-c6ccnc(N7CCOCC7)c6)ccn5)c(=O)c4cc3C2=O)cc1,22.099367141723633
N#Cc1ccc(-c2nc3ccccc3c(=O)n2-c2ccc(C#N)cc2)cc1,9.968772888183594
N#Cc1ccc(-n2c(=O)c3cc4c(cc3n2Cc2cccc(N)c2)C(=O)c2c(O)cccc2C4=O)cc1,28.376094818115234
C#Cc1ccc(C#Cc2ccc(C(=O)NCCCN3CCCC3=O)cc2)cc1,23.32013702392578
CC#Cc1ccc(-c2nc3cc(C#N)ccc3o2)cc1,23.066295623779297
Nc1ccc(-c2nc(-c3ccc(N)cc3)nc(-c3ccc(N4C(=O)c5ccc6c7c(ccc(c57)C4=O)C(=O)OC6=O)cc3)n2)cc1,4.731743812561035
N#Cc1ccc(-n2cc(-c3ccc(N)cc3)[nH]c2=O)cc1,16.475269317626953
CSc1[nH]c(=N)c(-n2[nH]c(-c3ccc(-c4ccc(-c5nc(-c6ccc(N)cc6)nc(-c6ccc(C#N)cc6)n5)cc4)cc3)cc2=N)nc1C#N,30.945138931274414
Cc1cccc(CNC(=O)c2cc(C)n(Cc3ccccc3C#N)n2)c1C,28.69906997680664
CC1CN(c2nc(-c3ccc(NC(=O)N=c4cc[nH]cc4)cc3)nc(N3CC4CC3CO4)n2)CCO1,25.373979568481445
CCOC(=O)C1C(=S)Nc2ccc(C#N)cc2C(=O)N1C(=O)COc1ccccc1,22.79279136657715
N#Cc1ccc[n+](CC(=O)c2ccc([N+](=O)[O-])cc2)c1,18.88630485534668
Cc1ccc2nc(N(CC(C)C)C(=O)NCc3ccc(Cl)cc3)sc2c1,31.90587043762207
Cc1cc(-c2ccc(-c3ccc(-n4ccnc4)cc3)nc2F)ccn1,27.228561401367188
Cc1csc(-c2cc(N=c3cc[nH]c(C)c3)c3c(C#N)nc(-c4ccc(N)nc4)cc3n2)n1,26.248981475830078
Nc1ccc(-c2ncnc(-c3ccc(N)nc3)n2)cn1,8.289534568786621
Oc1ccc(C=NN=c2[nH]c3ccccc3[nH]2)cc1O,15.153624534606934
C=CCc1ccccc1,13.688265800476074
CN(Cc1ccc(C#N)cc1)Cc1cccs1,21.89443016052246
Nc1ccc(-c2cnnc(-c3ccc(N)nc3)n2)cn1,9.791746139526367
Nc1ccc(-c2nc(=O)n3ccsc3n2)cc1,19.535236358642578
N#Cc1ccc(-c2ccccc2)c(C#N)c1,10.973587989807129
CCN(CC)Cc1cc(C=Cc2ccc(-c3ccc(Cl)cc3)c(-c3ccc(Cl)cc3)n2)cc(C)c1O,29.449932098388672
Cn1c(O)c(C=Nc2nccs2)c(=O)n(C)c1=O,15.256513595581055
N#CC1=C(N)c2c(C#N)cc(C#N)cc21,14.935351371765137
N#Cc1ccc(-c2ccc(C(=O)C=Cc3ccc(-c4ccc(-c5ccc6c(c5)COC6=O)cc4)cc3)s2)cc1,34.091026306152344
O=C(CN(Cc1ccco1)S(=O)(=O)c1ccccc1)Nc1ccc(Oc2ccccc2)cc1,29.3511905670166
Cc1nc(N=c2cc(C)[nH]s2)cc(-c2ccc(C#N)cc2-c2ccc(N)nc2)n1,24.08475112915039
CN(C)CCN(C(=O)c1cc(Cl)cc(Cl)c1)c1ccc(C(=O)N(C)Cc2ccc(O)cc2)cc1,35.97524642944336
Nc1ccc(C(=O)Nc2ccc(-c3ccc(CN4C(=O)c5ccccc5C4=O)cc3)cc2)cc1,25.505508422851562
Cc1cc(C(=O)NN=Cc2ccc(O)c(O)c2)nn1-c1ccc(S(N)(=O)=O)cc1C=O,31.512939453125
N#CC(C#N)=c1ccc(=C(C#N)C#N)cc1,5.498985290527344
N#Cc1ccc(-c2nc(-c3ccc(N)cc3)nc3c2CCc2ccccc2-3)cc1,16.941312789916992
N#Cc1ccc(-c2cccc(-c3ccc(N)nc3)n2)nc1,11.96732234954834
N=c1cc(C(=O)O)c2cc(O)ccc2[nH]1,25.031890869140625
N#CC(C#N)=Cc1ccc(O)cc1,12.362773895263672
Nc1ccc(-c2nc(COCc3ccccc3)nc(-c3ccc(N4C(=O)c5ccc(C(=O)O)cc5C4=O)cc3)n2)cn1,25.72966766357422
N#Cc1ccc(-n2cnc(-c3cccnc3)c2)cn1,20.999086380004883
COC(=O)C1(C)NC(c2ccc(O)cc2)c2c1c(O)n(-c1ccc(C)cc1)c2O,18.85580825805664
CC(=O)NC(C=O)C(N)O,22.10404396057129
N#Cc1ccc(Nc2s[nH]c(=O)c2C#N)cc1C#N,16.97336196899414
Cc1ccc(-c2nc(-c3ccc(N)cc3)nc(-c3ccc(-c4ccc(N)cc4)cc3)n2)cc1,13.72128677368164
N#Cc1ccc2c(C#N)c(C#N)cc(C#N)c2c1,10.749704360961914
CN1CCN(c2ccnc(-c3ccc(N(C)C)nc3)n2)CC1,17.749950408935547
Cc1ccc(O)cc1NC(=O)C=Cc1ccc(O)c(O)c1,17.680585861206055
Cc1cc(C)c(Oc2cc(N)cc(-c3ccc(N)nc3)n2)c(C)c1,22.826208114624023
N#Cc1ccc(-c2ccc(C#N)cn2)nc1,4.853020191192627
CN(C)CCCN1C(=O)c2c(c3ccccc3c3ccccc23)C1=O,19.792476654052734
Cc1cc(Oc2c(C)cc(C#N)cc2C)[nH]c(=Nc2ccc(C#N)cc2)n1,13.621041297912598
N#Cc1ccc(-c2cccc(N)c2)cc1,9.409049987792969
Nc1ccc2c(=O)[nH]c3ccc(S(=O)(=O)Nc4ccccc4NC(=O)CCl)cc3c2c1,45.913578033447266
CCOc1ccc(-n2c(O)cc(NCc3ccc(C)cc3)c2O)cc1,17.68045997619629
Cc1cc(C#N)ccc1-n1nnc(-c2ccc(C#N)cc2)c1C,16.731792449951172
O=C(COC(=O)c1ccc2c(c1)C(=O)N(Cc1cccnc1)C2=O)NCc1ccccc1,26.899080276489258
Cc1ccc2c(ncc3c(=O)n(CC(O)c4ccc(C#N)cc4)cnc32)c1C,30.969694137573242
N#Cc1ccc(NS(=O)(=O)c2ccc(Cl)c3ccccc23)cc1,22.721723556518555
Cc1ccc(C(N)=O)cc1-c1ccc2nc(-c3ccc(N)cc3)sc2n1,26.203533172607422
O=c1c2ccccc2n(CCCN2CCNCC2)c2ccccc12,22.284526824951172
Nc1ccc(-c2nc(-c3ccc(N)cc3)nc(-c3ccc(N)cc3)n2)cc1,8.144851684570312
Nc1ccc(-c2nc(-c3ccc(N4C(=O)c5ccc6c7c(ccc(c57)C4=O)C(=O)OC6=O)cc3)nc(-c3ccco3)n2)cc1,11.521636009216309
C=Cc1nc(=O)c2cc(C#N)ccc2[nH]1,19.360198974609375
C=c1[nH]c(=Cc2cc(C)n(-c3ccc(C#N)c(C#N)c3)c2-c2ccccc2)c(O)c1C(=O)OCC,24.732568740844727
N#Cc1ccc2[nH]c3c(=O)n4c(nc3c2c1)SCC4,16.147798538208008
Clc1nc(Cl)nc(-c2ccc(-c3cc(-c4ccccc4)cc(-c4ccsc4)c3)cc2)n1,14.02085018157959
Oc1[nH]c2ccccc2c1C=Nc1nc(-c2ccccc2)cs1,23.46702766418457
C#CC#CC#N,11.877297401428223
CC(O)(C(=O)c1ccc(C#N)cc1)c1ccc(Cl)cc1Cl,26.99941635131836
NC(N)=NN=Cc1ccc(C(C=Cc2ccccc2)=NN=C(N)N)cc1,19.186559677124023
Cn1c(C2CN(c3cc(-c4ccc(C#N)cc4)nc(C#N)n3)C2)nc2ccccc21,15.824740409851074
N#Cc1ccc(-c2ccc(C(O)CN)cn2)cc1,15.102136611938477
COc1cc(C=CC(=O)CC(=O)C=Cc2ccc(O)c(O)c2)ccc1O,18.45355987548828
N#Cc1cc(-c2ccc(Cl)cc2)n(-c2ccc(C#N)c(Cl)c2F)c1,14.981693267822266
Cc1ccc(-c2cc(-c3ccc(C)cc3)[n+](-c3nc(-c4ccc(N)cc4)nc(-c4ccc(N)cc4)n3)c(-c3ccc(C)cc3)c2)cc1,15.391036033630371
COc1ccc2c3c(c(-c4ccc5c(c4)OCO5)c(C(=O)O)c2c1)OCO3,22.127262115478516
N#Cc1ccccc1C#N,9.072174072265625
CN(C)CCn1c(-c2ccc(-c3ccc(C#N)cc3)nc2)nc2ccccc21,20.836990356445312
N#Cc1ccc(-c2ccc3c(c2)C(=O)N(C2CCC(=O)NC2=O)C3=O)cc1,13.414917945861816
COc1cc2c(cc1O)NC(=O)c1ccc(-c3cccc(Cl)c3)cc1NC2C,28.74744987487793
Cc1cc(N)nc(N=Cc2cc(O)ccc2O)n1,19.74306869506836
N#Cc1ccc(-c2nnn(-c3ccc(C#N)cc3)n2)cc1,12.622051239013672
CNc1cc(O)c(N=Cc2ccc(-c3nc(-c4ccc(C=O)cc4)nc(-c4ccc(C=O)cc4)n3)cc2)cc1O,16.84894561767578
Nc1ccc(-c2ccc(O)c(O)c2)cn1,19.628902435302734
NS(=O)(=O)c1ccc(N=Nc2ccc(N=Nc3ccc(O)cc3)cc2)cc1,20.024641036987305
Cc1nc2ccc(-c3ccc(C#N)cc3)cc2n1C,20.621274948120117
O=C(NN=Cc1ccc(Cl)cc1)c1ccc(-n2c(-c3ccc(Cl)cc3)nc(-c3ccc(Cl)cc3)c2-c2ccc(Cl)cc2)cc1,22.313762664794922
N#Cc1cc(C#N)c2cccnn2c1=N,16.37825584411621
N#Cc1ccc(-c2cccc(C#N)n2)cc1,10.15820598602295
O=Cc1ccc(-c2nc(-c3ccc(C=O)cc3)nc(-c3ccc(C=Nc4ccc(O)cc4O)cc3O)n2)cc1,22.745813369750977
CC(C)c1ccc(-c2cc(-c3ccc(N)cc3)nc(N)c2C#N)cc1,16.253990173339844
CC(C)c1ccc2cc(C#N)cc(C#N)c2c1,21.831785202026367
Nc1ccc2cc(N)ccc2c1,14.084004402160645
N#Cc1ccc(-c2ncnc(-c3ccc(N)nc3)n2)cc1,12.530009269714355
Cc1ccc2c(c1)c1c(-c3ccccc3)nc3ccccc3c1n2C1OC(CO)C(O)C(O)C1O,32.29816436767578
N#Cc1ccc(CNc2ccc(-c3nc(-c4ccc(N)nc4)nc(-c4ccc(N=Cc5cc(C=O)cc(C=O)c5O)nc4)n3)nc2-c2ccc(C#N)cc2)cc1,22.16217803955078
N#Cc1ncc(-c2ccccc2-c2ccc(-c3nc(-c4ccc(N)cc4)nc(-c4ccc(N)nc4)n3)cc2)cn1,21.27935791015625
Cc1cc(C)c(Cc2ccc(C#N)c(-c3ccc(C#N)cc3)c2)c(C)c1,18.12821388244629
Nc1ccc(-c2nc(-c3ccc(N)nc3)nc(-c3ccc(N)nc3)n2)cn1,9.398794174194336
COc1ccc2c(c1)C(=O)N(CC1(C#Cc3ccc(-c4ccc(C#N)cc4)cc3)NC(=O)NC1=O)C2,15.714488983154297
N#Cc1cccc(-c2ccc(CC3=c4ccc(C#N)cc4=NC3=O)cc2)c1,18.225154876708984
Cc1ccc(C)n1-c1ccc(-n2c(C)nc3cc(-c4ccc(NS(C)(=O)=O)cc4)ccc3c2=O)cc1,26.485273361206055
N#Cc1ccc(-c2ccc3nc(-c4ccc(N)cc4)nn3c2)cc1,13.217303276062012
Nc1ccccc1-c1ccccc1,11.983589172363281
Cc1cccc2c(C#N)c3ccccc3c(C#N)c12,11.667670249938965
N#Cc1c(N)[nH]c(=N)c(C#N)c1C#N,10.827032089233398
N#Cc1ccc(-n2c(-c3ccccc3)nc3ccccc32)cc1,19.338890075683594
N#Cc1ccc(N=c2cc3cc(-c4ccncc4)ccc3c[nH]2)cn1,15.955350875854492
COc1cc(O)c2c(c1)C(=O)c1cc(C)cc(O)c1C2=O,17.00752067565918
N#Cc1ccc(CN2CCC(Cc3ccccc3)CC2)cc1,16.823705673217773
O=Cc1nccc2c1[nH]c1ccccc12,13.716171264648438
Nc1ccc(-c2oc3cc(N)ccc3c(=O)c2-c2ccccc2)cc1,19.352567672729492
CC1(C)c2ccc(-c3ccc(C#N)cc3)cc2C(=O)c2c1[nH]c1cc(C#N)ccc21,14.983482360839844
N#Cc1ccc(-n2c(=O)c3cc4c(=O)n(-c5ccccc5)c(=O)c4cc3c2=O)cc1,7.7718071937561035
N#Cc1ccc(F)cc1,8.004138946533203
Nc1ccc(-c2cc(-c3ccc(N)cc3)[nH]c(=NN=Cc3ccc(O)cc3)n2)cc1,14.898324012756348
N#Cc1ccc(-c2ccc3c(c2)CCO3)cc1,14.640929222106934
Nc1ccc(C(=O)c2ccc(N)cc2)cc1,13.471271514892578
Nc1ccc(-c2ccnc(-c3ccc(N)nc3)n2)cn1,6.566340446472168
Cc1cn(Cc2ccc(-c3ccccc3)cc2)c2cc([N+](=O)[O-])cc(O)c12,29.144689559936523
Nc1ccc(-c2nc(-c3ccc(N)cc3)nc(-c3ccc(N4CCCC4)nc3)n2)cc1,15.83552074432373
Oc1ccc(C=Cc2cc(O)cc(Cc3ccc(O)cc3)c2)cc1,17.89480209350586
N#Cc1cccc(N2CCN(CCCN3CCN(c4ccccc4)CC3)CC2)c1,24.893037796020508
N#Cc1ccc(-c2ccc[nH]c2=N)cc1,16.966346740722656
CCCCc1ccc(-c2cc(-c3ccccc3)cc(-c3ccc(-c4nc(Cl)nc(Cl)n4)cc3)c2)cc1,11.815851211547852
COC(=O)N1C=Cc2ccccc2C1,21.953388214111328
N#Cc1ccc(-c2ccc(Cc3sc(N=CN4CCN(C=O)CC4)nc3O)cn2)cc1,16.44346809387207
Oc1ccc(-c2cc(-c3ccc(O)cc3)nc(-c3ccc(O)cc3)c2)cc1,9.914787292480469
Nc1ccc(-c2nc(-c3ccccc3)no2)cc1,12.437089920043945
OCC1OC(n2cnc3c(=NCc4ccccc4)[nH]c(Cl)nc32)C(O)C1O,21.554447174072266
Nc1ccc(-c2cc(-c3ccccc3)cc(-c3ccc(-c4nc(Cl)nc(Cl)n4)cc3)c2)cc1,7.536531925201416
C#CC#CC#CCN(C)C,19.569063186645508
N#Cc1ccc(-c2nc3nc(c2-c2ccncc2)C(N2CCC(N)C2)=NC(N2CCOCC2c2ccccc2)=N3)cc1,32.45286560058594
N#Cc1ccc(-c2ccc(-c3cc(-c4ccccc4)cc(-c4ccc(C#N)cc4)c3)cc2)cc1,14.578291893005371
N#Cc1ccc(-c2cc(=NC(=O)c3ccc(Cl)cc3)[nH]c(-c3ccccn3)n2)cc1,19.142465591430664
N=c1[nH]c(-c2ccc(N)cc2)cc(=Nc2ccc(C(=O)N=c3[nH]c(-c4ccccc4)cs3)cc2)[nH]1,20.820287704467773
CC(=O)Nc1ccc(-c2csc(=NC(=O)c3ccc(N)cc3)[nH]2)cc1,18.873863220214844
N#CC(O)C(c1ccccc1)c1ccccc1,20.88364028930664
N#Cc1cn(-c2ccc(C(=O)O)cc2)c2ccc(-c3ccc(N)nc3)cc12,18.035099029541016
N=c1ncc(-c2ccc3c(c2)CCC3=NO)c[nH]1,20.50149917602539
NC(=O)CC(CC(=O)c1ccccc1)c1c(O)c2ccccc2oc1=O,29.336795806884766
N#CC1CCCN1C(=O)CNCC1CCN(c2cc(-c3ccc(Cl)cc3)nc(-c3ccc(N)cc3)n2)CC1,24.981008529663086
Cc1noc(-c2ccc(-n3nnc(C)c3-c3ccc(C#N)cc3)cc2)n1,18.718223571777344
C#Cc1cc(-c2c(-c3ccc(N)nc3)nc(COc3ccc(C=O)cc3)n2C)ccc1C#N,27.961057662963867
Cc1noc(CCNCc2ccc(-c3ccc(C(=O)NCC(C)C)cc3)cc2)n1,24.528724670410156
N#Cc1ccc2c(=O)n(-c3ccc4c(c3)CN(C=O)CCO4)cnc2c1,26.445114135742188
COc1ccc2c(c1)c(-c1ccc(C#N)cc1)c(CCO)c(=O)n2C,23.76315689086914
Cc1ccc2nc(-n3c(-c4ccc(C#N)cc4)cc4c3cc(-c3ccc(C#N)cc3)n4-c3ccc(C(C)C)cc3)sc2c1,8.150385856628418
CC1CN(c2c(NCc3ccc(C#N)cc3)c(=O)c2=O)CCN1C(=O)OC(C)(C)C,25.232555389404297
Cc1cc(-c2cnc(C#N)nc2C)cc(C)n1,21.387393951416016
CC(C)c1ccc(-n2c(-c3ccc(C#N)cc3)nc3ccc(-c4ccc(C#N)cc4)cc32)cc1,10.105241775512695
COc1cc(-c2ccc(-c3cc4c(cc3C#N)OCO4)cc2)cc(OC)c1OC,24.006309509277344
N#CC(C#N)C(O)c1ccc(Cl)cc1,20.838924407958984
N#Cc1ccc(Cc2c(-c3ccc(C#N)cc3)nc3n2C(=O)NC(c2ccc(F)cc2)C3C#N)cc1,25.194719314575195
N#Cc1ccc(-c2nc(-c3ccc(N)cc3)nc(-c3ccc(N=Cc4ccc(N)cc4)o3)n2)cc1,18.311325073242188
CC=c1c(C)c(O)cc(C)c1=Cc1sc(=O)n(Cc2ccc(-c3ccc(C#N)cc3)cc2)c1O,26.13938331604004
O=c1[nH]c(=S)n(Cc2ccco2)c(O)c1C=NCc1ccccn1,23.576374053955078
Nc1ccc(-c2ccccn2)cc1N,19.21064567565918
Nc1ccc(-c2nc(-c3ccncc3)n[nH]2)cc1,14.495654106140137
O=Cc1cc2c(cc1O)CCC2c1ccc(O)cc1,22.783815383911133
N#Cc1ccc(-c2cc3c(cc2F)c(=O)c(C(=O)O)cn3C2CC2)cc1,13.421263694763184
COC(=O)c1ccc(Cn2cnc3c(cnn3-c3ccc(C#N)cc3)c2=O)cc1,25.5971736907959
N#Cc1ccc(-n2c(=O)[nH]c3ccccc3c2=O)c(O)c1,21.90380096435547
C#CC1C(=O)N(C)CC1c1ccc(C#N)cc1,16.699832916259766
O=c1c2c(-c3ccc(-c4ccccc4)cc3)csc2nc(-c2ccccn2)n1N=Cc1ccc(-c2ccc([N+](=O)[O-])cc2)o1,25.639936447143555
N#CC=CC=CC=CCO,18.430561065673828
Cc1cc(N2C(=O)c3ccccc3C2=O)ccc1C#N,19.66742706298828
CN(C)C(=O)CN1CC2C=C(c3cnc4c(c3)N(C)c3ccc(-c5ccccc5)cc3C=C4)CC1CC2,41.47179412841797
N#Cc1ccc(-c2cc3ccccc3n2-c2ccc(C#N)cc2)cc1,10.628400802612305
O=c1c2ccccc2nc(SCc2ccc(Cl)cc2)n1-c1ccc(Cl)cc1,22.92680549621582
N#Cc1ccc(C#Cc2ccc3c(c2)C(=O)Cc2nncn2-3)cc1,23.582284927368164
N#Cc1cc(-c2ccc(-n3cnc4cc(F)ccc4c3=O)cc2)ccc1F,20.626075744628906
N#Cc1cccc(NC(=O)c2ccc(-c3ccc(-c4nc(Cl)nc(Cl)n4)cc3)cc2)c1,19.1701602935791
N#Cc1ccc(-[n+]2ccc(-c3ccccc3)cc2-c2ccc(Sc3nc4ccccc4[nH]3)cc2)cc1,21.214521408081055
N=c1nc(-c2ccc(N)cc2)nc(-c2ccc(N)cc2)[nH]1,10.050188064575195
Nc1cc(O)c(N=Cc2ccc(-c3nc(-c4ccc(C=O)cc4)nc(-c4cccs4)n3)cc2)cc1O,16.919132232666016
CC1=CCc2c(c(O)n(-c3ccc(C)cc3)c2O)C1,14.605834007263184
N#Cc1ccc(-c2ccc3c(c2)Cc2[nH]c(=N)nc(-c4ccc(C#N)cc4)c2C3=O)cc1,15.870977401733398
Cc1ccc(C(=O)C(c2nc3ccccc3[nH]2)C2(O)C=C(C(=O)O)Oc3ccccc32)cc1,33.33340835571289
CNC(=O)c1ccc(-n2ccc(OCc3ccc(F)cc3)cc2=O)cn1,17.07992172241211
COC(=O)c1ccc(NC(=O)c2ccc(-c3ccc(-c4ccc(-c5cccc(C#N)n5)nc4)cc3)cc2)cc1,27.185501098632812
O=CN1CCC2C1CCN2Cc1ccc(O)cc1,27.575857162475586
COc1ccc(-c2nc(=NN=Cc3ccc(N(C)C)cc3)[nH]c(-c3ccc(N)cc3)c2C#N)cc1,18.04757308959961
Nc1ccc(-c2nc(-c3ccncc3)nc(-c3ccc(N=Cc4cc(C=O)c(O)c(C=O)c4O)nc3)n2)cn1,11.565418243408203
N#Cc1c2ccc3ccccc3c2nc2ccc(O)c(O)c12,28.94320297241211
N#Cc1cc(C#N)c2ccc3c(c2c1)CC(CO)n1cccc1-3,23.26505470275879
Cn1c(-c2ccc(Cl)cc2Cl)cc2cncnc21,20.49311065673828
N=c1[nH]c(-c2ccccc2)cn2cc(-n3cccc3)nc12,27.25171661376953
COc1ccc(-c2ccc(F)c(C#N)c2)cc1C(=O)N=c1cc(C(N)=O)[nH]n1-c1ccccc1,22.921398162841797
N#Cc1ccc(-c2ccc3c(c2)C(O)(C(F)(F)F)c2ccccc2-3)cc1,15.883718490600586
N#Cc1ccc(-c2cc(-c3ccc4c(c3)OCO4)cc(-c3ccsc3)n2)cc1,20.06658172607422
Cn1c(=O)c2[nH]c(-c3ccc(C#N)cc3)cc2n(C)c1=O,11.641812324523926
Cc1c(C)c2oc(-c3ccccc3)cc2c2ccoc12,25.316879272460938
CC(C)c1ccc(-n2c(-c3ccc(C#N)cc3)cc3c2cc(-c2ccc(C#N)cc2)n3-c2cccs2)cc1,11.736125946044922
Cc1c(-c2ccccc2)c(=O)c(C(=O)NCc2ccc([S+](C)[O-])cc2)cn1-c1ccccn1,19.85919189453125
Cc1ccccc1-n1c(-c2ccc(C#N)cc2)[n+]([O-])c2ccccc2c1=O,24.390953063964844
Cc1cc(-c2ccc(C(N)=O)cc2)nc(-c2ccc(N)nc2)n1,15.25549602508545
Cc1ccc(-n2c(O)c3c(c2O)C2(COc4ccc(C)cc42)N(C)C3)cc1,31.37327003479004
N#Cc1ccc(-c2nc(-c3nc4sc(-c5cccs5)cc4[nH]3)nc(=N)[nH]2)cc1,35.63965606689453
Cn1c(C#N)c(-c2cccs2)c2ccc(-c3ccncc3)cc21,23.579763412475586
N#Cc1c2ccccc2c(C#N)c2sccc12,12.936707496643066
Oc1c2c(c(O)n1C1CCCCC1)C1C=CC2C1,17.403003692626953
N#Cc1ccc(Oc2ccc3c(c2)C(=O)NC3=O)cc1,15.607996940612793
CCn1c2ccccc2c2cc(N)ccc21,14.122540473937988
COc1ccc(Oc2nc(C)ccc2C(=NO)N2CC=C(c3ccc(Cl)cc3)CC2)cc1,23.12055206298828
N#Cc1ccc(-c2cc(-c3ccccc3)cc(-c3ccccc3)[n+]2-c2ccc(N)cc2)cc1,16.179752349853516
O=Cc1ccc(O)c(O)c1,11.00442886352539
Nc1ccc(-c2nccc(-c3ccccc3Cl)n2)cc1,12.573122024536133
N#Cc1ccc(Cn2c(=NC3CC3)[nH]c3ccc(-c4ccc(C#N)cc4)nc32)cc1,23.483997344970703
CC(C)c1ccc(-n2c3ccc(C#N)cc3c3c4c(c(-c5ccc(C#N)nc5)cc32)C(=O)NC4)cc1,18.2189884185791
N=c1[nH]cnc2c1ncn2Cc1ccccc1,18.62877082824707
N#CC(C#N)=c1ccc2ccccc2c1=C(C#N)C#N,23.453479766845703
CC(C)c1nc(=O)c2cnn(-c3ccc(C#N)cc3)c2[nH]1,15.0059175491333
N#Cc1cc(C#N)c2cccc(-c3cnc(C(N)=O)cn3)c2n1,21.252456665039062
N#Cc1ccc(C2C(C(=O)O)c3ccccc3N2c2cccc(C#N)n2)cc1,22.94869613647461
Nc1ccc(-c2nc(=Nc3ccccc3)cc[nH]2)cc1,16.065214157104492
Cc1ccc(Cl)c(-c2nc(N=c3ccc(N4CCN(CCO)CC4)c[nH]3)ccc2-c2nccc(C#N)n2)c1,35.461891174316406
Cc1ccccc1-n1cc(C#N)cc1-c1ccc(C#N)cc1,19.8936824798584
Cn1cc(-c2ccc(-c3n[nH]c4cc(-c5ncccc5C#N)ccc34)cc2F)cn1,31.15013313293457
CN(C)CCn1cc(-c2ccc(-c3cnc4c(c3)CN(C)C(=O)N4c3ccc(C#N)cc3)cc2)cn1,32.516624450683594
CCOC(=O)CCCc1ccc(C=CC(O)=NO)cn1,28.520742416381836
Nc1ccc(-c2cc(-c3ccc4cc(O)ccc4c3)on2)cc1,18.943439483642578
Cc1ccc(-c2cc(=NC(=O)C=Cc3cccc(O)c3)nc(-c3ccc(N)cc3)[nH]2)cc1,16.1097354888916
Nc1ccc(-c2nc(N=Cc3ccc(C=O)cc3)ncc2-c2nc(-c3ccc(N)nc3)nc(-c3ccc(N)nc3)n2)cc1,17.32876968383789
CCc1c(C)nc(-c2c(C)cc(C)cc2N2CCNCC2)nc1C,27.06344985961914
Cc1nc(-c2c(F)cc(Cl)cc2-c2cnc(C(=O)N=c3cc(N)cc[nH]3)c(F)c2)no1,27.48533821105957
O=c1c2ccc(Cl)cc2nc2n1N=C(c1ccc(F)cc1)CS2,24.094215393066406
Nc1ccc(-c2ccnc(-c3ccc(N)cc3)n2)cc1,13.079172134399414
COC(=O)c1ccc(NC(=O)c2cc(C)nn2-c2ccccc2C#N)cc1,23.52882194519043
CN1C(=O)c2cc(N)ccc2CCc2ccccc21,19.391040802001953
Cc1ccc(-c2cc3c(cc(-c4ccc(C#N)cc4)n3-c3ccc(C(C)C)cc3)n2-c2ccc(C(C)C)cc2)cc1,10.388534545898438
C#Cc1ccc(CCCCc2cnc3[nH]c(=N)[nH]c(=N)c3c2)cc1,25.147489547729492
N#Cc1ccc(-c2cnc3[nH]cc(-c4cncc(N5CCC(N)C5)n4)c3c2)cc1,21.791067123413086
N#Cc1ccc(-c2cc(C(=O)O)cc(-c3ccc(C#N)cc3)n2)cc1,12.615225791931152
N#Cc1ccc(-c2cnc3c(c2)c(C#N)cn3-c2nc(=N)nc[nH]2)nc1,22.392478942871094
Nc1cc(N)c2oc(-c3ccccc3)nc2c1,18.024778366088867
N#Cc1ccc(-c2ccncc2)cc1,9.018850326538086
N#Cc1ccc(-n2c(O)c3c(c2O)CCC=C3)cc1,11.913094520568848
Oc1cccc(CNCc2ccc3oc4ccccc4c3c2)c1,26.71609115600586
N#Cc1ccc(-c2cn(-c3ccc(C(=O)O)cc3)cc2C#N)cc1,11.959692001342773
N#Cc1ccc(-c2ccc(C#N)nc2)cc1,9.891408920288086
COC(=O)c1ccc(N=CCC(=O)c2ccc(OC)cc2)cc1,22.057632446289062
COc1cc(-c2ccc(C#N)cc2)c(F)cc1-n1c(=O)ccc2cc(S(=O)(=O)N=c3ncc(F)c[nH]3)ccc21,17.29429817199707
Cc1ccc2nc(-c3ccc(N(C)C)cc3)nc(-n3cc(-c4ccc(C#N)cc4)c(C=O)n3)c2c1,37.696651458740234
N#Cc1cc(C#N)c2cc3c(cc2c1)C(=O)NC3,16.900400161743164
Cn1c(-c2ccc(Cl)cc2)nc(-c2ccncc2)c1-c1ccc2c(c1)CCN(Cc1cccc(C#N)c1)C2,27.342058181762695
N=C(N)c1ccc(-c2cn3cc(-c4ccc(N)cc4)[nH]c(=O)c3n2)cc1,20.720972061157227
Cc1ccc(S(=O)(=O)N2CCN(C3c4ccccc4-c4ccccc43)CC2)cc1,21.112430572509766
CNC(=O)CSc1nc2ccsc2c(=O)n1Cc1ccc(-c2ccc(C#N)cc2)cc1,24.472490310668945
NC(=O)C(Cc1ccccc1)NC(=O)C(Cc1ccccc1)N=c1cc(-c2ccccc2)nc(-c2ccc(N)cc2)[nH]1,27.030391693115234
Cc1ccc2c(Cn3ccnc3)cc(=O)oc2c1C,22.673938751220703
CCCCc1sc[n+](Cc2cccc(C#N)c2)c1C,25.243295669555664
N#Cc1ccc(-c2cc[n+](-c3nc(Cl)nc(Cl)n3)cc2)cc1,8.476008415222168
Nc1ccc(-c2nnc(-c3ccc(N=C=S)cc3)o2)cc1,15.540281295776367
N#Cc1ccn2c(C#N)cc(C#N)c2c1,9.744924545288086
Cc1noc(-c2ccncc2)c1-c1cccc(-c2ccc(C#N)cc2)c1,21.846445083618164
N#Cc1ccc(-c2nc3ccccc3n2CC2CCOC2)cc1,26.391881942749023
O=Cc1cc(C=O)c(O)c(C=Nc2ccc(-c3nc(-c4ccncc4)nc(-c4ccccc4C(=O)O)n3)cn2)c1,23.569690704345703
N#Cc1ccc(-n2c(-c3ccc(N)nc3)nc3ccccc3c2=O)cc1,17.600387573242188
CC(C)c1ccc(-c2ccc3cc(C(C)C)n(-c4ccc(C#N)cc4)c(=O)c3c2)cc1,22.729129791259766
Nc1ccc(-c2ncnc(-c3ccc(N)nc3)n2)cc1,10.909887313842773
CC(C)c1ccc(-n2c(-c3ccc(C#N)cc3)cc3c2cc(-c2ccc(C#N)cc2)n3-c2ccc(C#N)cc2)cc1,8.919736862182617
C=c1[nH]c(=CC#N)c(=O)n1-c1ccccc1,17.49343490600586
N#Cc1ccc(-c2cccc(C(=O)O)c2)cc1,15.048637390136719
N#Cc1ccc(-c2c[nH]c(=O)c(-c3ccncc3)n2)cc1,17.49928092956543
N#Cc1ccc(-c2cc(-c3ccc(N4C(=O)c5ccc6c7c(ccc(c57)C4=O)C(=O)OC6=O)cc3)ncc2-c2ccc(N)cc2)cc1,15.558876037597656
CN(C)c1ccc(-c2cc(-c3ccccc3)n(-c3ccc(NS(N)(=O)=O)cc3)c2O)cc1,27.56100845336914
N#Cc1ccc(-c2cccc(C#N)c2)nc1,9.54865550994873
Nc1ccc(-c2nc(-c3ccc(-c4ccc5nc(-c6ccccc6)[nH]c5c4)cc3)cc3[nH]c4ccc(Cl)cc4c23)cc1,38.45509338378906
CC(=O)c1cc(N)ccc1NC(=O)C=Cc1ccc(C#N)cc1,27.865774154663086
Cc1ccc(NC(=O)c2ccc(C#N)cc2)cc1C(=O)Nc1cnc(-c2nc(C(F)(F)F)c[nH]2)nc1,19.504491806030273
N#Cc1c(-c2ccc(N)cc2)n(Cc2ccc(-c3ccccc3-c3nc(=O)o[nH]3)cc2)c2ccccc12,22.309354782104492
N#Cc1ccc(-c2ccc3c(c2)SC(=N)N2CCCN=C32)cc1,11.568033218383789
N#Cc1ccc(-c2ccc(-c3ccc(-c4cn(-c5ccc(C(=O)O)cc5)cc4C#N)cc3)cc2)cc1,13.913853645324707
COc1cc2c(cc1OC)-c1c(c(-c3ccc(C)cc3)nc3ccc(C#N)cc13)CC2,24.76862907409668
N#Cc1ccc(-c2c(CO)n(-c3ccc(C#N)cc3)c(=O)c3ccc(C#N)cc23)cc1,12.99250316619873
Cn1nc(-c2nc(-c3ccc(N=Cc4cc(C=O)c(O)c(C=O)c4O)nc3)cs2)ccc1=O,20.711599349975586
Nc1ccc(-c2nc(-c3ccc(N)cc3)nc(-c3ccc(N4C(=O)c5cccc6cccc(c56)C4=O)c4ccccc34)n2)cc1,16.024585723876953
CC1(C)CC(=O)c2c(-c3nccs3)c(-c3ccc(N)cc3)nn2C1,30.167226791381836
Cc1ccc(-c2nc(-c3ccc(N=[N+]=[N-])cc3)nc(=Nc3ccccc3)[nH]2)s1,28.87455177307129
Cn1cc(-c2c(C#N)cc(C#N)c3ccc(-c4cnc(C#N)nc4)cc23)cn1,23.242773056030273
N#Cc1ccc(NC(C(=O)N2CCCC2C(=O)N=Cc2ccc(C(N)N)cc2)c2ccc(C#N)cc2)cc1,25.930761337280273
Cc1cccc(C#N)c1,10.265400886535645
N#Cc1ccc(-c2ccc3c(c2)CCCC3=NO)cn1,19.878313064575195
Nc1ccc(-c2nc(-c3ccc(N)cc3)nc(-c3ccc(N=Cc4cc(C=O)cc(C=O)c4O)nc3)n2)cc1,10.054920196533203
CC(=O)NCC1CN(c2ccc3c(c2)OCC2CCCN32)C(=O)O1,19.160669326782227
CSc1ccc(C=NNC(=N)NN=Cc2ccc(-c3ccc(C=NN=C(N)N)cc3)c(O)c2)cc1,26.63848876953125
Cc1cc(C)c(C=Nc2ccc(-c3nc(-c4ccc(N)nc4)nc(-c4ccc(N)nc4)n3)cn2)c(O)c1,13.394170761108398
CN(C)CCC(c1ccc(C#N)cc1)n1ccc2ccc(C#N)cc21,26.147972106933594
N#Cc1ccc(-c2nc(-c3ccc(N)cc3)nc(-c3ccc(N4C(=O)c5ccc6c(c5C4=O)CCCC6)cc3)n2)cc1,16.075889587402344
O=C(Nc1ccc(-c2ccccn2)cc1)c1ccccc1O,21.547264099121094
CCCN(CCC)c1nc(C#N)nc(N2CCCCC2)n1,21.727527618408203
N#Cc1cccc(C#N)c1,8.195207595825195
N#Cc1cccc(CC(COc2cccc(C#N)n2)c2cccc(C#N)c2)c1,27.715246200561523
Cc1ccc(-n2c(O)c3n(c2=S)CCC3)cc1,18.454769134521484
N#Cc1ccc(C#Cc2nc(-c3ccncc3)nc3ccccc23)cc1,14.383885383605957
CC(C)C(N)C(=O)NC1CCc2ccccc2N(Cc2ccc(-c3ccccc3)cc2)C1=O,18.985031127929688
Cc1c(C#N)c(C)n(-c2ccccc2)c(=O)c1C#N,13.080329895019531
Cc1csc(-c2cc(-c3ccc(NC(=O)c4cnc(C#N)cn4)cc3)nc(-c3ccc(C#N)nc3)n2)n1,30.878320693969727
Cc1cc(=O)oc2cc(N)ccc12,14.359004020690918
Cc1ccc(-c2cc(-c3ccccc3)cc(-c3ccc(-c4nc(Cl)nc(Cl)n4)cc3)c2)cc1,9.797966003417969
O=Cc1cc(C=Nc2ncc(-c3ccc(-c4ccc5ccccc5c4)cc3)o2)ccc1O,25.081361770629883
N#Cc1ccc(-c2csnn2)cc1,13.178892135620117
N#Cc1cc(C#N)c(C#N)nc1C#N,16.633825302124023
N#Cc1cc(Cl)ncc1Cl,18.093482971191406
Cc1cc(C)[nH]c(=Nc2nc(C)ns2)n1,19.758377075195312
CC(c1ccc(C#N)cc1)N1CC(COc2ccc(-c3ccccc3)cc2)Oc2ccc(F)cc2C1=O,28.82137680053711
CC(C)Cn1c(=N)n(C)c2ccc(-c3ccc(N)nc3)cc21,27.9867000579834
Nc1ccc(-c2cc(=O)c3cc4c(cc3n2CCN2CCOCC2)OCO4)cc1,15.936891555786133
Nc1ccc(C=CC(=O)c2ccc(N)cc2)cc1,12.93258285522461
CC1(C)C(=O)Nc2ccc(-c3ccc(C#N)cc3)cc21,13.454368591308594
N#Cc1ccc(O)c(-c2ccc(O)cc2)c1,16.051204681396484
Cc1sc(N)c(C#N)c1C,13.048681259155273
N#Cc1ccc(-n2nc3ccccc3n2)cc1,15.301889419555664
CC(C=Cc1ccc(C#N)cc1)CN1CC=C(c2ccc(F)cc2)CC1,28.258045196533203
N=c1[nH]c(=O)c2ccc(-n3cnc4cc(-c5ccc(Cl)cc5)sc4c3=O)cc2[nH]1,19.358104705810547
CCOC(=O)C1=C(C)N=c2sc(=Cc3ccc(C#N)cc3)c(=O)n2C1c1ccc(C#N)cc1,15.338983535766602
CC(C)=CCc1c(O)cc2oc(-c3ccc(O)cc3)cc(=O)c2c1O,14.139481544494629
Fc1ccc(C=Cc2nc(C=Cc3ccc(N4CCOCC4)cc3)no2)cc1,25.796079635620117
N#Cc1ccc(-c2ccc(N)nc2)cc1,6.935847759246826
Cc1cccc(C)c1N=c1[nH]c(-c2ccncc2)nc2ccsc12,20.102052688598633
O=Cc1cccc(C=Nc2ccc3c(c2)OCCO3)c1O,20.043743133544922
O=C1N=CCC1=Cc1ccc2c(c1)CCC2,28.732633590698242
Cc1nc(N2CCN(C)CC2)c2c(-c3ccc(C#N)cc3)c(C#N)sc2n1,20.80272674560547
C#Cc1ccc(C#N)s1,12.068516731262207
N#Cc1ccc(C=Nc2cc(O)c(Nc3ccc(O)cc3)cc2O)cc1,13.876457214355469
Nc1ccc(-c2nc(-c3ccc(N)nc3)nc(-c3ccc(N)nc3)n2)cc1,11.482476234436035
Cc1ccc(-c2cc(C=O)c(O)c(C(C)C)c2)cn1,20.702146530151367
Cc1cccc(-c2c(-c3ccc(C#N)cc3)cc(C#N)c(=O)n2C)n1,9.776514053344727
Cc1cccc(-n2c(-c3ccc(N)cc3)cc3ncccc3c2=O)c1,15.152149200439453
COc1ccc(-c2coc(O)c2-c2ccc(O)cc2)cc1,19.767515182495117
CC(C)C(=O)Nc1ccc(-c2cc(-c3ccc(N)cc3)nc(-c3ccccc3O)n2)cc1,25.841461181640625
N#Cc1ccc(C=Cc2cccc3c(C#N)cc(C#N)cc23)cc1,12.681859970092773
Oc1ccc(-c2cc(-c3ccc(O)cc3)nc(-c3cccc(O)c3)c2)cc1,9.907057762145996
Cc1cc(C)c2c(C(=O)O)cc(-c3ccc(N)cc3)nc2c1,22.25874900817871
O=C(O)C=Cc1cccnc1,17.217914581298828
O=C1c2ccccc2C(=O)N1Cc1ccc(F)cc1Cl,22.213693618774414
Cc1ccc2nc(-n3c(-c4ccc(C#N)cc4)cc4c3cc(-c3ccc(C#N)cc3)n4-c3nc4c(C#N)cc(C#N)cc4n3C)sc2c1,12.909161567687988
O=c1ccn(C2CC(O)C(CO)O2)c(=O)[nH]1,16.010812759399414
Cc1ccc(SCC(N=c2cc(N)[nH]c(=N)[nH]2)c2ccccc2)cc1,26.76338005065918
N#Cc1ccc2c(c1)C(=O)c1ccc(Nc3ccccn3)cc1C2=O,12.894499778747559
Cc1cc(C#N)cc(C)c1Oc1cc(Nc2ccc(C#N)cc2)c(N)cc1C(=O)O,14.124652862548828
Cc1ccc2c(c1)oc1c(-c3ccc(C#N)cc3)nc(C)nc12,23.934242248535156
Nc1ccc(-c2cnc(-c3ccccc3)cn2)cn1,18.42995834350586
O=Cc1cc(O)cc(OCc2ccccc2)c1,21.10694122314453
COC1=CC(=O)c2cc(-c3ccc(C#N)cc3)n(-c3ccc(C#N)cc3)c2C1=O,15.930113792419434
Cc1ccc(-c2cc(-c3ccccc3N)c(C#N)c(=N)[nH]2)cc1,24.07000732421875
CN1CCc2c(sc3c2c(=O)n(-c2ccc(C#N)cc2)c(=O)n3Cc2ccccc2)C1,16.64110565185547
CN(CC(N)=O)Cc1ccccc1-c1ccc(C#N)cc1,21.760385513305664
N#Cc1cccc(-[n+]2ccc(C=NO)cc2)c1C#N,16.415409088134766
N=C(N)c1ccc(-c2cncc(-c3ccc(C=Nc4cc(O)c(N)cc4O)cc3)n2)cc1,18.811765670776367
Oc1ccc(N=Cc2cccc(O)c2)cc1,12.799145698547363
CCC(C)C(NC(=O)c1c(Cl)cccc1Cl)C(=O)NCC#N,26.07376480102539
CC(C)(N)CC(=O)NC1CCc2ccccc2N(CCc2ccccc2)C1=O,22.87030792236328
N#Cc1cccc(N)c1,9.32614517211914
CCC1CCN(C(=O)C(=O)c2cc(C(F)(F)F)cc(C(F)(F)F)c2)CC1,33.417625427246094
Cc1[nH]nc2oc3cc(-c4ccc(C#N)cc4)c(C#N)cc3c12,29.551315307617188
Oc1ccccc1N=Nc1c(O)ccc2ccccc12,16.394390106201172
Cc1cc(-c2ccncc2)cc2[nH]ccc12,21.865556716918945
O=CC=CCC=CC(O)CC1CCCCC1,30.117019653320312
N#Cc1ccc(-c2nc3c(=O)[nH]c(=O)[nH]n3n2)cc1,22.398963928222656
CN=c1[nH]c2nc(=N)[nH]c(C3NCCO3)c2cc1-c1ccc(C#N)cc1,30.45684051513672
CC(=O)N1CCN(C(=O)C(=O)NCc2ccc(C#N)cc2)CC1,23.7725887298584
Cc1ccc(-c2cc(-c3ccccc3)cc(-c3ccc(-c4nc(Cl)nc(Cl)n4)cc3)c2)o1,15.376453399658203
C=C1N=c2c(c(O)c(C)n2C)=C1C(=O)OC,30.95081329345703
Nc1ccc(-c2cc(-c3ccc(Cl)cc3)cc(-c3ccc(Cl)cc3)n2)cc1,11.60433292388916
CC(=O)c1ccc(-n2c(O)c3c(c2O)C2CC3C(Br)C2Br)cc1,22.809627532958984
N#Cc1ccc(-c2ccc3c(c2)CCNC3=O)cc1,9.601644515991211
Cn1cc(-c2ccc(-c3ccc(C#N)cc3)nn2)cn1,17.267459869384766
CC(C)(C(=O)O)c1ccc(C#N)cc1,15.56214427947998
Oc1ccc(-c2cn3c(-c4ccccc4O)nc4cc(O)ccc4c3n2)cc1,26.489309310913086
N#Cc1ccc(Cn2c(-c3ccc(N)cc3)cc(-c3ccc(C#N)cc3)c2-c2ccccc2)cc1,12.994780540466309
C#CCCCC(=O)O,18.747116088867188
CCCCOC(=O)c1ccc(O)cc1,19.17034912109375
Cc1nc2cc(-c3ccc(N)cn3)c(-c3ccc(C#N)cc3)cc2c(=O)n1C,25.17556381225586
Cc1ccc2oc(C(=O)O)cc(=O)c2c1,16.192180633544922
Cc1cccc(-c2nc(-c3ccc(N)cc3)nc(-c3ccc(N4C(=O)c5ccc6c7c(ccc(c57)C4=O)C(=O)OC6=O)cc3)n2)c1,11.091776847839355
N#CCc1ccc(-c2ccc(C#N)cn2)nc1,17.311967849731445
CS(=O)(=O)c1ccc(-c2ccc(-c3nc4ccccc4c(=O)n3-c3ccc(N=Nc4c(O)[nH]c5ccccc45)cc3)cc2)cc1,30.468929290771484
Nc1ccc(-c2nc(-c3ccc(N)cc3)nc(-c3cccs3)n2)cc1,12.408992767333984
N#Cc1cccc(-c2ccc(N)nc2)n1,11.712284088134766
N#Cc1ccc(-c2ccnc(-c3ccc(N)cc3)n2)cc1,9.615535736083984
N#Cc1ccc(C(=O)C(=O)c2ccc(C#N)cc2)cc1,16.541494369506836
Cc1ccc2nc(-c3ccc(C=CC(=O)c4ccccc4)cc3)sc2c1,20.09404754638672
CC1(c2cc(NC(=O)c3cncc(C#N)c3)ccc2F)COC(C)(C(F)(F)F)OC1,25.143108367919922
Cc1ccc(-c2n[nH]c(-c3ccc(-c4ccc(C#N)cc4)c(C#N)c3)n2)nc1,20.003662109375
N#Cc1ccc(-c2csc(=Nc3ccc(C#N)nc3)[nH]2)cc1,14.827274322509766
CN(C)CC(=O)Nc1ccc(Cl)cc1,20.078874588012695
CC1(C)C=C(C(C#N)c2ccc([S+]([O-])c3ccc(C#N)cc3)cc2)c2cc(C#N)ccc2O1,27.026466369628906
N#Cc1cc(=NCc2ccc(N)cc2)[nH]c(C#N)n1,14.509634971618652
Cc1ccc(OCC2=CC(C)(C)Oc3ccc(C#N)cc32)cc1,17.915447235107422
CCOC(=O)c1ccc(-n2cc(-c3ccc(C#N)cc3)nn2)cc1,16.8806095123291
Cc1ccc(-n2[nH]c(C3CC3)cc2=NC(=O)Nc2ccc(Oc3cc(F)cc4nc(C#N)ccc34)cc2F)cn1,40.68543243408203
N#Cc1ccc(O)c(-c2coc3cc(O)cc(O)c3c2=O)c1,18.306983947753906
COc1ccc(-n2[nH]c(C(N)=O)cc2=NC(=O)c2cc(-c3ccccn3)c(Cl)cc2Cl)cc1,24.007768630981445
c1ccc(-c2cnc3[nH]ccc3c2-c2ccncc2)cc1,26.727327346801758
Nc1ccc(-c2cccc(-c3cccc4c(=O)cc(N5CCOCC5)oc34)c2)cc1,21.989643096923828
NC(=O)c1ccc(-c2ccc(N)cc2)cc1-n1cc(-c2cnc(N3CCOCC3)nc2)nn1,25.77681541442871
COc1cc(-c2ccc(C#N)cc2)c(F)cc1-n1c(=O)ccc2cc(S(=O)(=O)N=c3nccc[nH]3)ccc21,16.121456146240234
NC(=O)c1cn2c(n1)-c1cc(C#CC(=O)O)ccc1C1CC2C1,20.832843780517578
N#Cc1ccc2c(c1)CC(N)CC2,18.082433700561523
Cc1csc(C(C)n2nc(C)nc2C)n1,27.579973220825195
Nc1ccc(-c2nc(-c3ccc(N=Cc4cc(C=O)cc(C=O)c4O)nc3)nc(-c3cnc(N)cn3)n2)cn1,12.034704208374023
Cn1c(=O)n(-c2ccc(C#N)cc2)c2nc[nH]c(=N)c21,18.351972579956055
Cc1ccc(=Nc2nc(-c3ccc(N)nc3)nc3nc(N(C)C)c(C#N)cc23)[nH]c1,21.80805206298828
CCc1cccc(-c2nc(-c3ccc(NC)cc3)nc(-c3ccc(N4C(=O)c5ccc6c7c(ccc(c57)C4=O)C(=O)OC6=O)cc3)n2)c1,20.89910125732422
CN(C)c1ccc(C=Nc2ccc(-c3cccc(-c4ccc(N=Cc5ccc(O)cc5)cc4)n3)cn2)cc1,16.495759963989258
CC(=O)N=c1cc(Oc2ccc3nccc(-c4ccc(C#N)cc4)c3c2)cc[nH]1,24.946277618408203
Cc1ccc(-c2nnc(-c3c[nH]c4cc(C)ccc34)nc2-c2ccc([N+](=O)[O-])cc2)cc1,26.809736251831055
Cn1c(=O)n(-c2ccc(C#N)cc2)c2nc(-c3ccc(C#N)cc3)[nH]c(=O)c21,21.950382232666016
Nc1ccc(-c2nc(-c3ccc(N4C(=O)c5ccc6c7c(ccc(c57)C4=O)C(=O)OC6=O)cc3)nc(-c3ccc(N)nc3)n2)cc1,10.193073272705078
N#Cc1ccc(-c2ccc3c(c2)Nc2ccccc2NC3=O)cn1,16.688003540039062
Cc1ccc(-c2nc(C)c(-c3ccccc3)cc2C#N)cc1,21.668930053710938
Cc1ccc(NC(=O)n2ccc(=O)c3c(C)cc(C)cc32)cc1,25.905303955078125
O=C(c1ccc(-c2ccco2)nc1)N1N=C(c2ccccc2)CC1c1cccc(O)c1,27.08015251159668
CN(C)c1ccc(-c2nc(-c3ccc(N)cc3)nc(NCc3ccncc3)c2-c2ncc(-c3cccc(O)c3)s2)cc1,31.995824813842773
Cc1nn(C)c2c(=O)n(C)c(-c3ccccc3)nc12,20.919801712036133
N#Cc1ccc(C=CC(=O)c2cccs2)cc1,15.155271530151367
N#Cc1ccc(-c2cc(-c3cccc(N)c3)nc(CNC3CCCC3)n2)cc1,27.969501495361328
OC1(C(F)(F)F)c2ccccc2-c2ccc(-c3cccnc3)cc21,13.803199768066406
N#Cc1ccc(-c2cc(-c3ccc(C#N)cc3)c3nc(-c4cccc(NC(N)=O)c4)cnc3c2)cc1,27.70656967163086
CC(=O)NC(C)c1ccc(C#Cc2ccc(N3C(=O)OCC3C)nc2)cn1,29.41352081298828
CC(C)c1ccc(-n2c(-c3ccccc3)cc3c2cc(-c2ccc(C#N)cc2)n3-c2ccc(C(C)C)cc2)cc1,8.337093353271484
Cn1ccc(=O)c2nc(-c3cnn(Cc4cccc(-c5ccc(C#N)cc5)c4)c3)[nH]c21,32.165931701660156
N#Cc1ccc2c(c1)C(=O)N(c1ccc(C(=O)O)c(O)c1)C2=O,16.728618621826172
Cc1ccc(-c2nccn2C)cc1NC(=O)Nc1ccc(-c2nc(N3CCOCC3)c3nnn(C4CCN(Cc5ccccc5)CC4)c3n2)cc1,35.870399475097656
Cc1c(C(=O)N2CCN(c3ccc(C#N)nc3)CC2)nc(-c2ccc(C#N)cc2)n1-c1ccc(C#N)cc1,25.929208755493164
N#Cc1ccc(-c2nc(-c3ccc(N)nc3)nc(-c3ccc(N=Cc4cc(C=O)c(O)c(C=O)c4O)nc3)n2)cc1,10.304089546203613
Cc1cc(-c2cc[nH]c(=N)n2)ccc1-n1c(C)nc2c(c1=O)C(=O)N(c1ccc(O)cc1F)C2=O,27.714555740356445
CC12CCC3C4C(O)C1=CC1(C5CC(CCC31C)C5(C)C)C4(C)CC(=NO)C2c1ccoc1,46.338539123535156
O=c1oc(=O)c2cc3c(=O)n(-c4ccc(-c5nc6ccc(F)cc6s5)cc4)c(=O)c3cc12,12.878985404968262
Nc1ccc2c(c1)C(=O)c1cc(N)ccc1-2,11.571737289428711
C=CCNC(=S)NN=Cc1ccccc1,18.206249237060547
N#Cc1ccc(NC(=O)C(C#N)C(=O)c2ccc(-c3ccc(C#N)cc3)cc2)cc1,17.880016326904297
N#Cc1ccc(NC(=O)c2ccc(-c3ccc(C#N)cn3)nc2)cc1,10.68726634979248
N#Cc1ccc(CC2COc3cc(-c4ccc(-c5ccc(C#N)cc5)cc4)ccc3C2O)cc1,21.016061782836914
N#Cc1ccccn1,6.218960285186768
N#Cc1c(F)c(F)c(F)c(C#N)c1F,9.179353713989258
Cc1cc(-c2nn(-c3ccc(C(N)=O)cc3)cc2-c2cnc3[nH]c(-c4ccc(N)cc4)nc3c2)c(O)cc1O,29.945209503173828
O=C(C=Cc1ccc(O)c(O)c1)Nc1cccc(O)c1,16.089923858642578
O=c1scc(O)n1CCCCN1CCN(c2ccccc2Cl)CC1,23.382537841796875
Cc1cc(C#N)ccc1-c1ccc(-c2ccc(-c3noc(CCN)n3)cc2)cc1,27.073427200317383
CC1CCc2nc3sc4c(c3c(=O)n2CC1)CCCCC4,21.062841415405273
Cc1ccc(-c2nc(-c3ccc(N4CCN(C)CC4)nc3)sc2-c2ccc(C#N)cc2)cc1,18.59646987915039
Cc1cccc2cc(Cn3nc(-c4cccc(O)c4)c4c(=N)[nH]cnc43)n(-c3ccc(C(C)C#N)cc3)c(=O)c12,19.67094612121582
Cc1ccc(C(=O)C=Cc2ccc(C#N)cc2)cc1,14.77243423461914
Cc1c(N=CC#N)c(=O)n(-c2ccccc2)n1C,13.907476425170898
N#Cc1ccc(-c2cc(C#N)c3ccc4c(C#N)cc(C#N)c5ccc2c3c45)cc1,10.950455665588379
CCCc1ccc(-c2ccc(C#N)cn2)nc1,12.651127815246582
Nc1ccc(-c2nc(-c3ccc(N)cc3)nc(-c3ccc(-n4c(O)c5c(c4O)CCCC5)cc3)n2)cc1,14.970964431762695
Cn1cc(-c2cc(C(N)=O)ccc2Oc2ccc(F)cc2F)c2cc[nH]c2c1=O,19.34930419921875
N#Cc1ccc(-c2ccc3nc(-c4ccc(N)cc4)n(C4CCCCCC4)c3c2)cc1,18.903837203979492
O=Cc1cc(C=Nc2ccc(-c3cccc(-c4ccc(N=Cc5c(O)c(C=O)c(O)c(C=O)c5O)nc4)n3)cn2)cc(C=O)c1O,15.213920593261719
N#Cc1ccc(-n2c(=O)ccc3nc(-c4cc(F)c(O)c(F)c4)ccc32)cc1,17.673276901245117
Cc1ccc(-n2ncc3c(=NN=Cc4ccccc4Br)[nH]cnc32)cc1,23.986141204833984
N#Cc1ccc(-n2nc(C(=O)Nc3cccc(C#N)c3)cc(C#N)c2=O)cc1,20.478382110595703
N#Cc1ccc(-c2cc(-c3ccc(N)cc3)nc(-c3ccc(N=c4cc[nH]c5cc(Cl)ccc45)cc3)c2)cc1,16.864356994628906
Cc1cc(=O)n(-c2ccc(C(N)=O)cc2)nc1C#N,22.109573364257812
N#Cc1cc(Br)c(Br)[nH]1,16.58842658996582
CCN(CC)c1ncc(-c2ccnc(-c3ccc(N)nc3C(=O)Nc3cccnc3)n2)cn1,32.29998779296875
CCN(CC)c1ccc(C=Nc2cnc(-c3ccc(-c4ccc(-c5nc(-c6ccc(N)cc6)nc(-c6ccc(N)cc6)n5)cc4)cc3)cn2)c(O)c1,27.515764236450195
Nc1ccc(-c2cc(-c3ccc(F)cc3)nc(-c3ccc(N)nc3)n2)cc1,13.924150466918945
N#Cc1cncc(-c2nc(-c3ccc(N)nc3)nc(-c3ccc(N=Cc4cc(C=O)c(O)c(C=O)c4O)nc3)n2)c1,11.936480522155762
CS(=O)(=O)C1=NCCN1C(=O)c1cc(=NC(=O)c2cc(C#N)ccc2C#N)n(-c2ccccc2)[nH]1,32.6884765625
N=c1[nH]c(N)ccc1-c1nc(-c2ccc(N=Cc3cc(C=O)cc(C=O)c3O)nc2)nc(-c2ccc(N3CCNCC3)nc2)n1,15.98340892791748
N#Cc1ccc(-c2nc(-c3ccc(N)nc3)nc(-c3ccc(N=Cc4cc(C=O)c(O)c(C=O)c4O)nc3)n2)cc1C#N,13.315510749816895
CN(C)c1ccc(-c2nc3sc(=Cc4ccc(-c5ccccc5C#N)o4)c(=O)n3n2)cc1,21.040937423706055
NC(=O)c1ccc(-n2c(C=Cc3cc(O)ccc3O)nc3ccccc3c2=O)cc1,21.47611427307129
O=CN1CCN(Cc2ccc(N=Cc3cccc(C=Nc4cc5ccccc5[nH]4)c3O)cc2)CC1,26.303565979003906
COc1nc(-c2ccc(C#N)cc2)c(C#N)c(=O)c(N2CCN(Cc3ccc(C#N)cc3)CC2)n1,17.63988494873047
Cc1cc(=O)n(Cc2ccc(-c3cccc(C#N)n3)cc2)c(=O)[nH]1,21.508159637451172
Cc1ccc(-c2cc(C(=O)Nc3ccc(-c4nc5ccccc5[nH]4)cc3)c3ccccc3n2)cc1,23.136703491210938
CC(=O)c1ccc(-n2c(-c3ccc(C#N)cc3)cc3c2cc(-c2ccc(C#N)cc2)n3-c2ccc(C(C)C)cc2)cc1,10.166950225830078
N#Cc1ccc(N=c2nc[nH]c3ccc(-c4cccs4)cc23)cc1,20.819751739501953
Cc1ccc(NC(=O)c2cccc(C(C)C)c2)cc1Nc1ccc2c(c1)CCc1ccc(C#N)cc1C2=O,22.776601791381836
Cc1cc(C=O)cc(C=Nc2nccc(-c3ccc(C#N)cc3)n2)c1O,17.21548080444336
O=[N+]([O-])c1ccc(-c2nnc(-c3ccc(N=c4cc[nH]c5cc(C(F)(F)F)ccc45)cc3)o2)cc1,27.79681396484375
N#Cc1ccc(-c2cc(=NC(O)c3cc(O)[nH]n3)[nH]c(-c3ccc(N)cc3)n2)cc1,15.724613189697266
COc1ccc(-c2ccc(Cn3c4c(c5ccccc53)CCC4CNC(C)=O)cc2)cn1,33.964412689208984
Cc1ccc(-c2cc(=O)n3c(n2)NCC(CNCC2CCCN2C=O)C3)cc1,34.465614318847656
CNc1ccc(-c2nc(-c3ccc(N)nc3)nc(-c3ccc(N=Cc4cc(C=O)cc(C=O)c4O)nc3)n2)cc1,9.402728080749512
N#Cc1ccc(-n2c(=O)c3cc4c(=O)n(-c5cccnc5)c(=O)c4cc3c2=O)cc1,15.917021751403809
N#Cc1cc(C#N)c2ccc3c(c2c1)C(=O)c1ccccc1C3=O,9.38790225982666
N#Cc1ccc(C(c2ccc(C#N)cc2)n2cc(-c3ccccn3)nn2)cc1,16.305139541625977
Nc1ccc2c(c1)sc1c3ccccc3oc(=O)c21,19.751327514648438
N#Cc1ccc(-c2[nH]n(-c3ccccc3)c(=N)c2-c2nc(-c3ccc(Cl)cc3)cs2)cc1,25.78793716430664
N#Cc1ccc(-c2ccc(-c3ccc(C4CC(c5ccc(-c6ccccc6)cc5)=Nc5nc6ccccc6n54)cc3)cc2)cc1,24.626941680908203
N#Cc1ccc(-c2nc(C#N)c[nH]2)c(F)c1,18.583913803100586
Nc1ccccc1NC(=O)c1ccncc1,18.640262603759766
N#Cc1ccc(-c2ccncc2)cc1C=CC=CC(=O)O,25.262557983398438
Nc1ccccc1C(=O)Oc1ccc2c(c1)CCC(=O)N2,26.95916748046875
N=c1[nH]c(=O)n(C2OC(CN=Cc3cccc(O)c3)C(O)C2O)cc1F,29.390968322753906
N#Cc1cc(-c2ccc(-c3ccc(-c4nc5cc(C(=N)N)ccc5s4)cc3)cc2)n(-c2ccc(O)c(C(=O)O)c2)c1N,26.81504249572754
N#CCn1nc(-c2ccc(N)cc2)ccc1=O,17.35398292541504
NCC1CCN(c2ncnc3[nH]ccc23)CC1,19.94878387451172
Nn1c(SCc2ccccc2)nnc1-c1ccccc1,16.78218650817871
Cc1oc(-c2ccc(F)cc2)nc1C[S+]([O-])CC(=O)NCCc1ccccc1,19.024856567382812
N#Cc1ccc(-c2ccc(-c3ccc(O)cc3)cc2)cc1,13.17879581451416
CCc1ccc(-c2cc(C=C3C(=O)NC(=N)N3C)ccc2O)cc1,28.813587188720703
CCCCCCCCCCCCCCC=CCCC(O)C(Cc1ccccc1)NC(=O)C(=O)C(C)C,41.173805236816406
N#Cc1ccnc(-c2cc(=NC3CC3)n3ncc(=Cc4[nH]c(=O)[nH]c4O)c3n2)n1,23.83917236328125
CC(=O)N1CCC(C(=O)N(C(=O)OC(C)(C)C)c2ccc(-c3ccccc3)cc2)CC1,29.62620735168457
NC(=O)CCC(NC(=O)C(Cc1ccc(N)cc1)=NO)C(=O)O,25.942895889282227
N#Cc1cnc2c(-c3ccc(Br)cc3)c(N)n(C3CCCC3)c2n1,35.930938720703125
N#Cc1cc(-c2ccc(Cl)cc2)c(-c2ccc(Cl)cc2)nc1Cl,12.315946578979492
CN(C)CCn1c(=O)c2ccc3ccc4c(C#N)cc(C#N)c5c6c(ccccc(c32)c45)cc6c1=O,25.623111724853516
N#Cc1cnc(N)c(C#N)c1Cl,9.772011756896973
O=C(NCC(O)c1ccccc1)Nc1ccccc1,21.31722068786621
N#Cc1ccc(-n2c(O)c3c(c2O)CC=CC3)cc1,12.730286598205566
CN(C)C(=O)c1cc2c[nH]c(=Nc3ccccn3)nc2n1C1CCCC1,17.580080032348633
Cc1cc(-c2ccc(C#N)cc2)n(-c2ccc(-c3nc(CC4CCCC4)no3)cc2)n1,17.538822174072266
N#Cc1ccc2c(c1)C(=O)c1ccc(Nc3ccc(F)cc3F)cc1C2=O,14.21910572052002
N=C(N)c1ccc(-c2cc(-c3ccccc3)cc(-c3ccc(-c4nc(Cl)nc(Cl)n4)cc3)c2)cc1,9.097158432006836
O=C(Nc1ccc(F)cc1)c1[nH]nc2ccc(-c3cn[nH]c3)cc12,27.927610397338867
CN(C)C=NC1c2c(C#N)cc(-c3ccc(C#N)cc3)cc2OC(C)(C)C1O,19.981998443603516
O=c1c2cc3c(cc4ccccc5nc(s4)c1cc5-2)OOC1(CC1)C3,34.69059371948242
Cc1cccc(N2C(=O)c3ccc(C#N)cc3C2=O)c1,17.228816986083984
Nc1ccc(-c2nccc(-c3ccc(N)nc3)n2)cc1,11.311332702636719
N#Cc1ccc(-c2nc(N)c(C#N)nc2-c2cc(-c3ccc(N)cc3)nc(-c3ccc(N)cc3)n2)cc1,18.74285888671875
CCn1c(=O)[nH]c(O)c(C=Nc2ccc(N(C)C)cc2)c1=O,21.472734451293945
Nc1ccc(-c2nc(-c3ccc(N4C(=O)c5cccc6cccc(c56)C4=O)cc3)nc(-c3cccnc3)n2)cc1,12.183408737182617
N#Cc1ccc(C#CCn2cccc2C#N)cc1,17.32317352294922
O=C1c2cccc(O)c2C(=O)c2c(O)cc(Cc3ccc(O)cc3)cc21,21.364032745361328
N=C(N)c1ccc(-c2ccc(-c3ccc(N)cn3)cn2)cc1,18.06199073791504
N#Cc1ccc(-c2ccsc2)cc1,11.527447700500488
CN(C)c1nc2cc(C#N)ccc2c2nc(-c3ccc(C#N)cc3)cn12,22.272598266601562
CN(C)c1ncc(CN2CCN(Cc3ccc(-c4ccc(C#N)cn4)cc3)CC2)cn1,21.348609924316406
N#Cc1ccc(-c2cc(C(N)=O)nn2-c2ccccn2)cc1,14.185813903808594
N#Cc1nc(=NCc2ccco2)nc(N2CCCCC2)[nH]1,19.186609268188477
N#Cc1ccc(-c2ccccc2C#N)cc1,10.293558120727539
CN(C)c1ccc(C=Nc2ccc(-c3nnc(-c4ccc(C#N)cc4)o3)cc2)cc1,13.770654678344727
COC(=O)c1sc(NC(=O)c2cc(-c3ccc(C)cc3)nc3ccccc23)c(C#N)c1C,22.99161148071289
CC=CCn1c(=O)n(C)c(=O)c2nc(N)sc21,31.6334228515625
N#Cc1cccc(-c2cncc(C#N)n2)c1,13.850308418273926
COc1ccc(-c2cn(-c3ccc(C(C)C)cc3)c3ccc(-c4nc(=N)c(C#N)c[nH]4)cc23)cn1,32.315704345703125
N#Cc1ccc(-c2nnc(-c3ccc(-n4c(=O)c5cc6c(=O)oc(=O)c6cc5c4=O)cc3)s2)cc1,14.845033645629883
N#Cc1ccc(-c2ccc3nc(-c4ccc(N)cc4)[nH]c3c2)cc1,15.850679397583008
N=C(N)c1ccc(-c2ccc(-c3ccc(C(=N)N)cc3)nc2)cc1,11.881758689880371
N#Cc1ccc(-c2cc(C#N)c(OCc3cc(C#N)ccc3-c3ccc(Cl)cc3)nc2-c2ccc(Cl)cc2)cc1,17.61966896057129
Clc1nc(Cl)nc(-c2ccc(-c3cc(-c4ccccc4)cc(-c4ccccc4)c3)cn2)n1,13.506372451782227
Cc1cc(-c2ncn(Cc3ccc(C#N)cc3)n2)ccc1Cl,21.65880584716797
CC(C)C1C(=O)N(Cc2cccc(C#N)c2)C(c2ccc(C#N)cc2)C1C(C)C,26.709537506103516
N#Cc1ccc(-c2cc(-c3ccc(N4CCOCC4)nc3)nc(-c3ccc(N)nc3)n2)cc1,14.826290130615234
N#Cc1ccc(-c2cc3nc(-c4ccc(N)cc4)nnc3n2-c2ccc(C#N)cc2)cc1,16.488340377807617
Cc1c2c(c(C)c3c(C#N)cc(C#N)cc13)CCC2,15.803299903869629
Cc1ccc(C(=O)N2C(=O)C(C)(C)CN2C=O)cc1,24.301088333129883
Cc1ccc(-n2c(-c3ccc(C#N)cc3)cc(=O)n2-c2ccc(C#N)cc2)cc1,14.754156112670898
NC(=O)c1cc(-c2ccncc2)nc(-c2ccc(N)cc2)n1,17.84731101989746
N#Cc1ccc(-c2cc(-c3nc(=N)c(C#N)c[nH]3)cn3c(C#N)cnc23)cc1,24.030092239379883
Cc1cc2c(cc1Cl)C(=O)NC2=O,19.971954345703125
Cc1c(-n2c3ccc(N)cc3c(=O)n2C)nc(N)c(C#N)c1-c1ccc(N)cc1,29.6184024810791
N#Cc1cccc(F)c1,9.147335052490234
N#Cc1ccc(C=NNC(N)=NO)c2ccccc12,20.558250427246094
O=C(c1cccnc1)N1CCN(c2ccc(N3CC(c4nc5ccccc5s4)CC3=O)cc2)CC1,31.842809677124023
N#Cc1ccc(-c2cc(-c3cccc(C#N)c3)nc(-c3ccc(N)nc3)n2)cc1,11.706464767456055
COc1cc(C=NNC(=O)Cc2cccn2C)ccc1O,20.354530334472656
Nc1ccc(-c2nc(-c3ccc(N4COc5ccc(N)cc5C4=O)cc3)nc(-c3ccc4ccccc4c3)n2)cc1,16.596986770629883
Cc1ccc(-c2nc(-c3ccc(N)cc3)nn2-c2ccc(N)cc2)cc1,12.361560821533203
N#CCN(CC#N)c1ccc(-c2nc(-c3ccc(N)nc3)nc(-c3ccc(N)nc3)n2)cc1,22.800716400146484
N#Cc1ccc(-c2ccc(-c3ncn(-c4ccc(C#N)cc4)n3)cc2)cc1,14.807869911193848
N#CC1=CC(C#N)=C(C#N)C(=N)C12CC2,27.605745315551758
CC(=O)c1c2c(n(Cc3ccccc3)c1N)C(=O)N(c1ccc(-c3nccc(-c4ccccc4C#N)n3)cc1)C2=O,31.96502113342285
CC1COCCN1c1nc(-c2ccc(C#N)cn2)nc2ccc(-c3ccc(S(=O)(=O)N(C)C)cc3)cc12,30.728300094604492
N#Cc1ccc(-c2cn(Cc3ccccc3)cc2-c2cc(F)cc(F)c2)cc1,24.320907592773438
C#Cc1ccc[nH]1,17.062429428100586
N#Cc1ccc(-n2nc(C#N)c3ccccc3c2=O)cc1,19.112041473388672
N#Cc1ccc2nc(-c3ccc(NC(=O)C=Cc4cccc([N+](=O)[O-])c4)cc3)c(-c3ccccc3)nc2c1,24.713865280151367
Cc1nc(Sc2ccc(C#N)cc2)c(C#N)cc1C#N,12.905311584472656
CC1OC(OC2=C3C(Cc4c2c(O)c2ccccc2c4O)ON2C(C#N)C4Cc5cc(O)c(O)c(C=O)c5C(=O)N4C32)CC(N)C1O,44.68710708618164
C=Cc1cc(O)cc(N2CC2)c1O,15.773526191711426
N#Cc1ccc(-c2nc(C#N)ccc2C#N)cc1,9.621561050415039
N#Cc1ccc(-c2nc3cc(C#N)ccc3c(=O)n2-c2ccccc2)cc1,18.254467010498047
Nc1ccc(-c2nc(-c3ccc(N=Cc4cc(C=O)cc(C=O)c4O)nc3)cc(-c3cccs3)n2)cn1,15.314218521118164
N#Cc1ccc(N=c2cc(-c3ccc(N)cc3)[nH]c(=N)[nH]2)cc1,14.886303901672363
COCC1CCCN1c1ccc(C#N)cn1,22.690059661865234
N#Cc1ccc(-c2cc(-c3ccoc3)n(-c3ccc(C#N)cc3)n2)cc1,20.873016357421875
C=CC1(C)CCC(C(=C)COC(=O)c2c(C)[nH]c(-c3ccc(C#N)cc3)c2C)CC1,28.017518997192383
O=c1nc(-c2ccco2)[nH]c2nc(N3CCOCC3)sc12,20.788909912109375
O=C(O)c1ccc(C(=O)NN=Cc2ccc(CNCCc3ccccc3)o2)cc1,36.83393859863281
Cc1cccc(Cc2cc(=O)nc(N3CCOCC3)[nH]2)c1,26.75295066833496
CN=c1[nH]c(-c2ccc(-c3cccc(C=O)c3)cc2)nc(=N)[nH]1,26.251279830932617
COc1ccccc1-n1nc(-c2ccc(N)cc2)nc1-c1ccc(N)cc1,22.544588088989258
CCCCC=Cc1cc(C=Nc2ccc(C#N)cc2)cc(C=O)c1O,26.64628791809082
Cc1nc(-c2cc(-c3ccncc3)[nH]n2)nc(N2CCOC(c3ccccc3)C2)n1,27.65778160095215
N#Cc1ccc(-c2ccn(-c3ccc4c(=O)n(-c5ccc(C#N)cc5)cnc4c3)c(=O)c2)cc1,16.735612869262695
C=C1CCC2(C)C1CCC1=C3OC(=O)C(C)(O)C3(C(=O)OC)C(=O)C(=O)C12,42.258262634277344
N#CC(C#N)=CC=CC=Cc1ccc(N2CCCCC2)cn1,26.287158966064453
N#Cc1ccc(N)cc1,7.832184314727783
N#Cc1ccc(-c2nccc(-c3ccc(N)cc3)n2)cc1,13.20972728729248
N#Cc1ccc(-c2cc[nH]c(=Nc3ccc(-n4cncn4)cc3)n2)cc1,21.93259048461914
N#Cc1cc(C#N)c2nc3ccccc3n2c1C#N,13.385531425476074
CC[n+]1ccn(C(c2ccccc2)c2cc3ccccc3o2)c(=O)c1,25.769855499267578
CC(C=Cc1ccc(-c2ccc(C=Nc3ccc(-c4cc(-c5ccc(N)cc5)nc(-c5ccc(N=C(N)N)cc5)n4)cc3)cc2)cc1)=Nc1ccc(C#N)cc1,27.337787628173828
N#Cc1ccc(C#N)c(Cl)c1,10.945810317993164
CC(=O)N=c1nc(-c2ccc3ccccc3c2)[nH]c2ccccc12,24.697330474853516
N#Cc1ccc(-c2csc(-c3ccc(C#N)cc3)n2)cc1,13.555625915527344
Cc1ccc(-c2nc(-c3ccc(N)nc3)nc(-c3ccc(N=Cc4cc(C=O)c(O)c(C=O)c4O)nc3)n2)nc1,15.654675483703613
Clc1nc(Cl)nc(-c2ccc(-c3cc(-c4ccccc4)cc(-c4ccccc4)n3)cc2)n1,12.271328926086426
N#Cc1ccc(-n2cc(C#N)c3cc(C#N)ccc32)cc1,16.28982925415039
COc1cccc(-c2nn(-c3ccccc3)cc2C=NNC(=N)N)c1,22.66008758544922
COc1ccccc1N,14.188462257385254
CCN(CC)Cc1cc(N=c2nc(-c3ccc(N)cc3)nc(-c3ccc(N)cc3)[nH]2)ccc1O,18.03595542907715
Cn1c(=O)c2[nH]c(-c3ccc(C(C)(C)C#N)cc3)cc2n(C)c1=O,17.432161331176758
Cc1cc2ccc(C=Cc3ccc(C=NNc4ccc(S(=O)(=O)O)cc4)cc3)nc2cc1C,33.96030044555664
N#Cc1ccc2c(C#N)c3c(c(C#N)c2c1)CCCC3,11.535365104675293
CN1CCN(c2ccc(N=c3nc(-c4cnn(C)c4)cc[nH]3)cc2)CC1,16.135169982910156
COc1ccc2[nH]c3c(c2c1)CCN1C(=O)C(O)C(Cc2ccc(O)cc2)C31,36.06308364868164
Cn1c2ccccc2c(=O)n1-c1ccc(C#N)cc1,12.297759056091309
Cc1cc(C)c(-n2c(C)nc3ccc(-c4ccc(N)cc4)nc32)c(C)c1,21.972232818603516
CC1(C)OC2(NC(=N)Oc3ccc(-c4cccc(C#N)c4)cc32)c2ccc(O)cc21,29.513826370239258
Cc1ccc(-c2cc(C#N)cc(-c3ccc(C#N)cc3)c2)cc1,12.742761611938477
Cn1c(Cc2ccc3c(c2)OCO3)nc(C#N)c1N,17.818822860717773
CCOC(=O)C1=C(C)N=c2sc(=Cc3ccccc3)c(=O)n2C1c1ccc(Cl)cc1,19.864192962646484
CC(=O)Nc1ccc2c(=Nc3ccc(C(=O)c4ccccc4)cc3)nc[nH]c2c1,27.84435272216797
Nc1ccc(-c2nc(-c3ccc(N4C(=O)c5ccccc5C4=O)cc3)nc(-c3cccc(-c4nc(-c5ccc(N)cc5)no4)c3)n2)cc1,24.754175186157227
N#Cc1ccc(C(c2cc(Cl)c3cccnc3c2O)N2C=NCC2)cc1,25.74871826171875
CC(=O)NC(c1ccc(C#N)cc1)c1ccc(-c2ccc(C#N)cc2)nc1,17.843591690063477
COc1c(C)cc(C#N)cc1C#N,10.660335540771484
CCn1cc(-c2ccc(N)nc2)nc1-c1ccc(C)cc1,19.99517822265625
N#CC=Cc1ccc(C#N)cc1,9.542887687683105
Cn1c(=O)c(-c2ccc(C#N)cc2)cc2nc(-c3ccc(C(N)=O)cc3)ccc21,18.382488250732422
N#Cc1ccc(-c2cc(-c3ccc(C(=O)O)cc3)c3ncc(-c4ccc(NC(=O)C(N)=O)cc4)n3c2)cc1,31.121444702148438
COCc1ccc(C#N)cc1,14.276254653930664
CCC1(O)C(=O)OCc2c1cc1n(c2=O)Cc2cc3c(C)ccnc3nc2-1,19.954158782958984
Nc1ccc(-c2ncc(Cc3ccccc3)cn2)cn1,16.86497688293457
C=CCSc1cc(-c2ccc(N)nc2)nc(-c2ccc(N)cc2)n1,18.036394119262695
CCc1cccc2cnccc12,22.069440841674805
CN=c1cc[nH]c2c3c(ccc12)OC(C)(C)C=C3c1ccc(C#N)cc1,31.4027156829834
Nc1ccc(-c2cc3ncn(CC(F)F)c(=O)c3cn2)cn1,24.595380783081055
CC1(C)CN(c2cc(Cl)nc(-c3ccc(-c4cc(-c5ccccc5)cc(-c5ccccc5)c4)cc3)n2)c2ccc(O)cc21,25.379384994506836
N#Cc1cn(Cc2ccc(Cl)cc2)ccc1=O,19.347610473632812
COc1nc(-c2ccc(C#N)cc2)ccc1-n1c(=O)ccc2cc(S(=O)(=O)N=c3cc[nH]c(C)n3)ccc21,21.42396354675293
Cc1ccc(-c2cc(-c3ccc(N)cc3)cc(-c3ccc(O)cc3)c2)cc1,13.243403434753418
Nc1cc(N=Nc2cc(-c3ccc(-c4ccc(-c5ccccc5)cc4)cc3)cc(C(=O)O)c2O)c(N)c2c(N)cccc12,43.08931350708008
CNC(C#N)C(=O)N=Cc1ccc(C#N)cc1,24.570262908935547
N#Cc1ccc(C=Cc2cccc(C=Cc3ccc(N)cc3)n2)cc1,16.934364318847656
N#Cc1ccc(N=c2nc(-c3ccc(N)nc3)ccc(=Nc3cccc(-c4cn(-c5ccc(C#N)cc5)nn4)c3)[nH]2)cc1,24.64232635498047
CSc1nc(F)nc(Oc2ccc(C#N)cc2)n1,20.700815200805664
CN1CCc2oc3c(C#N)cc(C#N)cc3c2C1,16.057130813598633
Nc1nc(C2CCCNC2)sc1C(=O)c1ccc(Cl)cc1,29.77527618408203
N#Cc1ccc(-c2cc(-c3ccc(N=Cc4cc(C=O)cc(C=O)c4O)nc3)nc(-c3ccc(N)cc3)n2)cc1,10.448445320129395
Cc1ccc(-n2c(=O)c3cc4c(=O)n(-c5ccc(C#N)cc5)c(=O)c4cc3c2=O)cc1,10.858043670654297
CCCCCC=CCC=CCC=CCCCCC(=O)O,19.789371490478516
N#Cc1ccc(NS(=O)(=O)c2ccc(Nc3ccc(O)cc3C#N)cc2)cc1,31.83807373046875
Nc1ccc2c(=Nc3ccc(NC=O)cc3)c3cc(N)ccc3[nH]c2c1,21.784574508666992
CN(C)c1ccc(-c2nc(-c3ccc(N)cc3)nc(-c3ccc(-c4ccc(-c5ccc(C#N)cc5)cc4)nc3)n2)cc1,21.403715133666992
CN(C)c1ccc(-c2nc(C3CC3)nc(C#N)c2C#N)cc1,22.463783264160156
CC(=O)Nc1c(N)nc(-n2nc(C)cc2C)n(C)c1=O,20.447708129882812
N#Cc1cc(-c2ccnc(N3CCOCC3)n2)ccc1N,16.56610870361328
N#Cc1ccc2c(=O)c(-c3ccc(N)cc3)coc2c1,17.50473976135254
C=Cc1cnc(-c2ccc3c(=O)nc(-c4ccccc4O)[nH]c3c2)nc1,27.378103256225586
N#Cc1ccc(Nc2cccc3c2C(=O)c2cc(-c4ccc(NC(=O)CCC(=O)O)cc4)ccc2S3(=O)=O)cc1,35.95343780517578
Cc1ccc(-c2nc(-n3nc(C)cc3-c3ccc(C)cc3)ncc2C)cc1,18.992359161376953
Nc1ccc2c(c1)C(=O)c1cc(Nc3nc(Cl)nc(Cl)n3)ccc1C2=O,8.848745346069336
Cn1cc(N2CCN(c3ncc4c(C#N)c[nH]c4n3)CC2)cn1,29.073997497558594
Cc1c(C#N)cc(-c2ccc(C#N)cc2)n1-c1cccc(C#N)c1,18.78558921813965
Oc1ccc(C=NN=c2[nH]c3ccccc3s2)cc1,16.612838745117188
COc1ccc(S(=O)(=O)c2ccc(S(=O)(=O)c3ccc(-c4ccc(C#N)cc4)cc3)cc2)cc1,28.74631690979004
Cc1cc(C)n(-c2nc3ccc(N)cc3c(=NCc3cccnc3)[nH]2)n1,23.16705894470215
N#Cc1ccc(Oc2cc(O)ccc2C=O)cc1,18.51949691772461
Cc1cc(C#N)cc(C)c1Oc1nc(=N)c2[nH]c(=O)n(Cc3ccc(-c4ccc(C#N)cc4)cc3)c2[nH]1,21.151477813720703
CC(C)Oc1ccc(S(=O)(=O)Nc2cc(O)c(C(=O)O)cc2O)cc1,21.877962112426758
NC(N)=Nc1ccc(-c2cn(-c3ccc(C=O)cc3)nc2-c2ccc(N)cc2)cc1,22.086793899536133
N#Cc1ccc(-c2cc3c(cc(-c4ccc(Cl)cc4)n3-c3ccc(C#N)cc3)n2-c2ccc(C#N)cc2)cc1,8.456442832946777
Nc1ccc(-c2nc(-c3ccc(N)nc3)nc(-c3ccc(N=Cc4cc(C=O)c(O)c(C=O)c4O)nc3)n2)cc1,9.471434593200684
CC1=CC(=CC#N)c2cc(C#N)ccc2OC1=O,24.486371994018555
N#Cc1ccc(-c2cc(-c3ccccc3)cc(-c3ccc(-c4nc(Cl)nc(Cl)n4)cc3)c2)cc1,7.187081336975098
O=C(Cc1ccc(O)cc1)NC1C(=O)N2C(C(=O)O)C(=Cc3ccc(-c4ccccc4)cc3)CSC12,22.021678924560547
Cc1ccc(-c2cc3[nH]c(=NN=Cc4c[nH]c5ccccc45)nc(N4CCOCC4)c3s2)cc1,18.68440055847168
Cc1ccc(-c2cc(-c3ccc(N)cc3)nc(-c3ccc(N)cc3)n2)cc1,11.684762001037598
c1cc(N2CCNCC2)nc(-n2ncc3cc(-c4ccncc4)cnc32)c1,25.635225296020508
Nc1ccc(-c2nnc(-c3ccccc3)c(-c3ccc(Cl)cc3)n2)cc1Cl,17.926250457763672
Nc1ccc(-c2nc(-c3ccc(N)cc3)nc(-c3cccc(-c4ccc(CC(C(=O)c5ccc(F)cc5)c5ccc(O)cc5)cc4O)c3)n2)cc1,40.07418441772461
COc1cc(C=Cc2nc3ccccc3c(=O)n2-c2ccc(-c3nc(-c4ccc(N)cc4)nc(-c4ccc(N)cc4)n3)cc2)ccc1O,17.508804321289062
CN(C)c1cc[nH]c(=Nc2ccc(-c3n[nH]c(=O)c4ccccc34)cc2)n1,30.555206298828125
Cc1ccc(-c2cc(-c3ccccc3)nc(-c3ccc(C)cc3)c2)cc1,14.554433822631836
N#Cc1ccc(C#N)c(C#N)c1,11.439979553222656
Cc1cc(C)n(-c2ccc(C(=O)OCc3cc(=O)oc4ccccc34)cc2)n1,24.73591423034668
COc1ccc(Oc2ccc(N)cc2)cc1,15.293601036071777
N#Cc1ccc(-n2c(N)ccc2-c2nc(-c3cccnc3)nc(-c3ccc(N)nc3)n2)cc1,20.07795524597168
COc1cc(C=C2CCCC(=Cc3ccc(C)cc3)C2=O)ccc1O,18.92940330505371
Cc1nc(-c2ccc(C3(C(F)(F)F)OC(=O)N(C(=O)c4ccc(F)cc4)C3=O)nc2C)no1,38.82933044433594
CNC(=O)C(C)=c1[nH]c(=C(O)NCc2ccc(F)c(F)c2)c(=O)c(=O)n1C,28.300180435180664
Cc1ccc2nc(-n3c(-c4ccc(Cl)cc4)cc4c3cc(-c3ccc(C#N)cc3)n4-c3ccc(C#N)cc3)sc2c1,12.733986854553223
Cc1ccc(-c2c(-c3ccc(C#N)cc3)c3cc(F)c(Cl)cc3[nH]c2=O)cc1,25.15738868713379
CC(=O)N1CCC(c2cc(-c3c(F)cc(F)cc3F)no2)CC1,25.109092712402344
N#CN1CCOCC1,14.12607192993164
COc1ccc(CNc2cccc(NC(N)=S)c2)cc1,28.883922576904297
N=c1ncc(-c2cc(C3CC4(COC4)CO3)nc(N3CC4CC3C4)n2)c[nH]1,25.73504638671875
Nc1ccc(-c2nc(-c3ccc(N4C(=O)c5ccc6c7c(ccc(c57)C4=O)C(=O)OC6=O)cc3)nc(-c3cccc([N+](=O)[O-])c3)n2)cc1,13.750274658203125
N#Cc1ccc(-c2cccc(-c3nc(-c4ccc(N)cc4)nc(-c4ccc(N5C(=O)c6cccc7cccc(c67)C5=O)cc4)n3)c2)cc1,13.245233535766602
CCC(=O)N1CCc2ccccc21,18.05986976623535
N=C1NC2(CO1)c1cc(N)ccc1Oc1ccc(-c3ccccc3)cc12,22.96119499206543
N#Cc1ccc(-c2ccc(CN)cc2)cc1,13.707592010498047
CCc1ccc(NC(=O)c2cc(N=c3cc(C)[nH]c4cccc(C)c34)cc(NC(=O)Nc3cccc(C(=O)N(C)C)c3)c2)cc1,48.39901351928711
CC(=O)c1ccc(N(C)c2nc(-c3ccccn3)nc3ccc(O)cc23)cc1,32.225276947021484
N#Cc1ccc(=NC(=O)N=c2ccc(Cl)c[nH]2)[nH]c1,16.807331085205078
Cc1ccc2c(c1)C(N=C1NCCO1)C(O)C(C)(C)O2,22.358369827270508
CC(=O)c1[nH]nc2cc(Cl)c(-c3ccc(C#N)cc3)cc12,16.185508728027344
Cc1nc2ccccc2c(C#N)c1C#N,14.061836242675781
CC(C)c1ccc(-n2c(-c3ccc[nH]c3=N)nc3ccc(-c4ccc(C#N)cc4)cc32)cc1,11.645240783691406
CNc1ccc(C(C=Nc2ccc(C(N)=O)cc2)=C(C)C)cc1,30.240833282470703
CCc1nc(=O)c2c(-c3ccccc3)csc2[nH]1,21.533796310424805
N#Cc1cc(C(=O)N2CCN(c3ccccc3)CC2)ccc1O,22.722036361694336
N#Cc1c(-c2ccc(N)cc2)[nH]c(N)nc1=N,14.564805030822754
Nc1ccc(-c2nc3c(o2)-c2ccccc2OC3)cc1,19.621583938598633
Nc1ccc(C=Nc2ccc(-c3cc(-c4ccc(N)cc4)nc(-c4ccc(N=Cc5ccc(O)cc5)cc4)n3)cc2)cc1,14.69098949432373
CC(C)(C)c1ccc(C#N)cc1,12.07501220703125
Nc1ccc2ccccc2c1,10.575087547302246
COc1cc(-c2cc(C)cc(=Nc3cc(C(F)(F)F)ccn3)[nH]2)c[nH]c1=NC1CC(O)C1O,35.51620864868164
Oc1ccc2ccccc2c1C=Nc1ccc(Br)cn1,16.948762893676758
COC(=O)C(N)Cc1ccccc1,16.89289665222168
COc1ccc(C2C=C3C(=N)C(C#N)C(C#N)(C#N)C(c4ccc(-c5ccc(C=O)cc5)cc4)C3C(=O)C2)cc1,28.139352798461914
c1ccc(-c2cc(-c3ccccc3)nc(-c3ccco3)c2)cc1,14.94906997680664
N#Cc1cc(O)c(-c2nc(-c3ccc(N)cc3)nc(-c3ccc(N)cc3)n2)cc1-c1nc2ccccc2n1CCO,32.00785446166992
N=C1C(=O)c2ccccc2-c2ccccc21,17.054607391357422
N#Cc1ccc(C#Cc2cc(C#N)cc(C#N)c2)cc1,11.657898902893066
CC(=O)Nc1ccc(-c2cc(-c3ccc(NC(=O)c4ccc(-c5ccc(C#N)cc5)s4)cc3)nc(-c3ccc(N)nc3)n2)cc1,21.944747924804688
N#Cc1ccc(-c2nc3c(C(=O)NCc4ccc(Cl)c(Cl)c4)cc(C#N)cc3o2)cc1,28.293081283569336
CC(CO)n1cc(N=c2nc(-c3cnc(N4CCC(F)(F)CC4)c(C#N)c3)cc[nH]2)cn1,25.791790008544922
N#CC=Cc1ccccc1C=Cc1ccc(C#N)cc1,17.087982177734375
N#Cc1cc(Cl)cc(NC(=O)CCl)c1,22.70534896850586
CN(C)CC(C)(C)Cn1c(-c2ccc(Cl)cc2)c(C2CCCCC2)c2ccc(Cc3ccc(C#N)cc3)cc21,34.50332260131836
O=C(N=c1cccc[nH]1)c1ccc2c(c1)C(=O)c1ccccc1C2=O,20.40361976623535
Cc1ccc(-c2nc(-c3ccc(N)cc3)nnc2-c2ccccc2)cc1,11.86223030090332
N#Cc1ccc(CN2CCNCC2)cc1,16.825408935546875
N#Cc1ccc(C=Cc2nnc(-c3ccc(-c4ccc(C#N)cc4)nc3)o2)cc1,17.249366760253906
Cc1cccc(-c2cc(-c3ccc(C#N)nc3)n3c2CCOC(C)C3)n1,28.353979110717773
Cc1nn(-c2nc(NC(=O)Cc3cccc(C#N)c3)cnc2-c2ccc(C#N)cn2)c(=O)c2c(C)cccc12,37.658790588378906
NC(=O)c1cc(Nc2cncnc2)cc2c1Cc1ccccc1-2,29.235132217407227
N#Cc1ccc(C#Cc2ccccn2)cc1,13.41527271270752
N#CC1CCN(CCc2ccc(-n3cncn3)cc2)CC1,25.259225845336914
Nc1ccc(Oc2ccc3c(C=Cc4ccccc4)n[nH]c3c2)cc1,22.028076171875
N#Cc1ccc(O)c(C#N)c1,9.936554908752441
NCCCNCCCCNCCCNC(=O)c1cnccn1,24.083229064941406
N#Cc1ccncc1,9.352516174316406
CC(=O)Nc1ccc(-c2nc(-c3ccc(N)nc3)nc(-c3ccc(N=Cc4cc(C=O)c(O)c(C=O)c4O)nc3)n2)cc1,14.351768493652344
Fc1ccc(-n2ncc3c2CCCC3NCc2ccncc2)cc1,20.769603729248047
N#Cc1ccc(C(C#N)(c2ccc(C#N)cc2)c2ccc(C#N)cc2)cc1,14.555642127990723
Cc1cc(-c2ccc(C#N)cc2)c2c(N3CCOCC3)ncnc2n1,15.774459838867188
CN=c1ccc(Cl)c(Nc2ccc3c(c2)C(=O)N(C)CC3)[nH]1,30.12705421447754
N#Cc1ccc(-c2ccc(C(c3c[nH]c4ccccc34)c3c[nH]c4ccc(C#N)cc34)cc2)cc1,22.046335220336914
COc1cc(-c2cc(-c3ccsc3)c3c(n2)-c2ccccc2C3)ccc1N,29.48655128479004
Nc1ccc(-c2nc(-c3ccc(N)nc3)nc(-c3ccc(N=Cc4cc(C=O)cc(C=O)c4O)nc3)n2)cc1,7.661255359649658
N#Cc1ccc(-c2ccc(Cl)c(CN3CCCC(C(N)=O)C3)c2)cc1,23.821794509887695
CC(O)C(Nc1ccc(C(=N)N)cc1)c1ccc(-c2ccc(C#N)cn2)cc1,22.155391693115234
CC(C)c1ccc(-c2cc(-c3ccccc3)cc(-c3ccc(-c4nc(Cl)nc(Cl)n4)cc3)c2)cc1,9.41673755645752
N#Cc1ccc(-n2c(O)ccc2O)cc1,11.844789505004883
Cn1cc(C#N)c(=O)c2cnc(N3CCN(c4nc5ccccc5s4)CC3)cc21,20.698368072509766
Cc1cc(=Nc2nc(N3CC4CCC3C4)ncc2C#Cc2ccc(C#N)cc2)[nH][nH]1,23.041643142700195
N#Cc1cc(-c2ccc(N)cc2)cc(-c2ccc(N=Cc3ccc(O)cc3)cc2)n1,20.404836654663086
Cc1cn(-c2nc(-c3ccc(N)cc3)cc(-c3cc4ccc(C#N)cc4oc3=O)n2)cn1,30.808712005615234
Cc1ccc(N=NNc2ccc(N=Nc3ccc([N+](=O)[O-])c4ccccc34)cc2)cc1,26.96826171875
O=C(O)c1ccc(-c2ccc3c(-c4ccccc4)nnn3c2)cc1,32.48760986328125
C=CCc1cccc(-c2ccc(C#N)cc2)c1,13.74185562133789
Nc1ccc(-c2cc(-c3ccccc3)cc(-c3ccccn3)n2)cc1,16.224693298339844
C=CCN=Cc1c(-c2ccc(OC)cc2)nc2sc(C)cn12,24.18134880065918
Nc1ccc(-c2nc(-c3ccc(N)cc3)nc(-c3ccc(-n4c(-c5ccc(-c6ccccc6)cc5)nc5ccccc5c4=O)cc3)n2)cc1,14.879201889038086
N=c1nc(N2CCNCC2)sc2ccc(N)cc12,23.6864070892334
CN(c1ccccc1)c1ccccc1C=O,19.169559478759766
N#Cc1ccc(-c2ccc3c(c2)-c2nc(C(N)=O)c(-c4ccc(C#N)cc4)n2CO3)cc1,16.1506404876709
N#Cc1cc(C#N)c2ccc3[nH]c4c(c3c2c1)C(=O)c1ccccc1C4=O,15.300834655761719
Nc1ccc(C=Cc2cccc3cccnc23)cc1,18.570180892944336
CN(C)c1ccc(-c2ccnn2-c2ccc(C#N)cc2)cc1,16.821060180664062
CCC(C)n1cc(-c2ccc3[nH]c(C(=O)O)cc(=O)c3c2)cn1,29.977840423583984
N#Cc1ccc(-c2cc(-c3ccccc3)c(=O)n(-c3ccc(C#N)cc3)c2)cc1,16.939193725585938
Nc1ccc(-c2nc(-c3ccc(N)cc3)nc(-c3ccc(-n4cc5ccc6cccc7c6-c(c4=O)c5c7=O)cc3)n2)cc1,15.184805870056152
N#Cc1cc(C#N)c2c(Cl)c(C#N)c(Cl)nc2c1F,18.851741790771484
Cc1cc2[nH]c(=S)cc(C)c2cc1Cl,25.37809944152832
COc1ccc(Oc2ncccc2N)c(C#N)c1,22.415142059326172
N#Cc1cccc(-c2cc(-c3ccc(N)nc3)nc(-c3ccc(N4CCOCC4)nc3)c2)c1,14.914459228515625
O=c1c2ccccc2nc(COc2ccccc2)n1-c1ccccc1,18.492156982421875
N#Cc1ccc(C2=NN(C=O)COc3cc4c(cc32)OCCO4)cc1,23.97307777404785
C#CC#CC#CC#CCCCO,16.699953079223633
N#CCCn1nnnc1CO,26.18317222595215
Nc1cccc(-c2cc3c(-c4nc5cc(Br)ccc5[nH]4)c[nH]c3c(-c3ccncc3)n2)c1,28.364717483520508
O=CN1CCN(C=Nc2nc3cc4c(cc3[nH]2)OCO4)CC1,17.787738800048828
Nc1ccc(-c2ccnc(N3CCOCC3)n2)cn1,9.541986465454102
C=CCC=CC1=Cc2cccc(C)c2OC1,26.040464401245117
N#Cc1c2c(c(C#N)c3ccccc13)C(=O)c1ccccc1C2=O,12.201156616210938
CCc1nc(C#N)c(N)o1,13.634136199951172
N#Cc1ccc(-c2cc(CN=c3nnc(C#N)c[nH]3)on2)cc1,15.32801628112793
CN1CCN(C=Nc2nc(N)nc(N)n2)CC1,10.190008163452148
CS(=O)(=O)c1ccc(-c2cc(C#N)c(-c3ccc(C#N)cc3)cn2)cc1,18.598817825317383
N#Cc1ccc(-c2nc(-c3ccc(N)cc3)[nH]c2-c2ccc(N3CCNCC3)cc2)cc1,16.959150314331055
N#Cc1ccc(-c2cnc(C#N)nc2F)cc1,18.829607009887695
CCC(C(=O)c1ccc(C#N)cc1)c1ccc(C)cc1,22.219655990600586
CN=c1cc(-c2ccc(C#N)cc2)nc2c(=Cc3[nH]c(=O)[nH]c3O)cnn12,20.956314086914062
Nc1ccc(-c2nc(-c3ccc(N)cc3)nc(-c3ccc(-n4nc5ccc6c7c5c(ccc([N+](=O)[O-])c-7c(=O)oc6=O)c4=O)cc3)n2)cc1,20.94511604309082
CC(C)=Nc1cc(O)c(N=C(C)C(N)=O)cc1O,21.790807723999023
Cc1cc(C(=O)O)c(O)c2c(O)c3c(O)c4c(O)cc(C=O)cc4c(O)c3cc12,30.859161376953125
Cc1sc(=NN=Cc2ccc(-c3nc4ccccc4[nH]3)cc2)[nH]c1O,22.38121223449707
NC(=O)c1ccc(-c2ccc(-c3csc(Cc4ccccc4)n3)cn2)cc1,20.979042053222656
CC(=O)c1ccc(NC(=O)CC2CC3CC(=O)N(Cc4ccccc4)C3CO2)cc1,37.45795822143555
Cc1ccc(C(=O)C=Cc2ccc(CC=Nc3cc(O)c(N)cc3O)cc2)cc1,18.93533706665039
N#Cc1ccc(-c2c(C(=O)NCCN)cnn2-c2ncccn2)cc1,23.612333297729492
C#CCCN(C(=O)N(C)N)c1cc(C#N)c(C#N)cc1C#N,36.86019515991211
N=c1[nH]c(N)ccc1-c1nnc(Cc2ccc(C(F)(F)F)cc2)o1,19.897233963012695
C=C(C)C1CCC2(C(=O)O)CCC3(C)C(CCC4C5(C)CCC(O)C(C)(C)C5CCC43C)C12,20.926443099975586
Cc1nc2ccc3cccc4ccc2c4c3c1C=O,30.676532745361328
COc1ccc(C=CC#N)cc1OC1CCCC1,18.91205596923828
Clc1ccc(-c2ccccc2)cc1,16.140705108642578
Cn1ncc2c(=NC(C)(C)C)nc[nH]c21,23.333541870117188
N#Cc1nc(-c2cc(-c3ccc(N4CCOCC4)nc3)nc(-c3ccc(N4CCOCC4)nc3)n2)nc2ccccc12,23.23356056213379
N#Cc1ccc2c(c1)CN(C(=O)C1CCCCCN1)CC2,27.220685958862305
N#Cc1ccc(-c2ccccc2)nc1,10.675775527954102
C=CC(c1ccc(O)cc1)C(C)C,20.688243865966797
N#Cc1ccc(-n2nc3cc(N)ccc3c2-c2cc(Cl)nc(Cl)n2)cc1,26.4260311126709
Cc1nc(-c2nccn2-c2ccnc3ccccc23)oc1-c1ccc(C#N)cc1,26.10519027709961
N#CC(C=N)C(=O)c1ccccc1Cl,22.893924713134766
CC=CC=CC=Cc1nc(C=Cc2ccnc(N3CCC(F)(CO)CC3)n2)ccc1C#N,44.210506439208984
CC(=O)Nc1cccc2c1C(=O)c1ccccc1C2=O,17.68745231628418
Cc1cc(-n2c(C=Cc3ccc(C#N)cc3)nc3ccccc3c2=O)c(C#N)cc1C(=O)c1ccc(F)cc1F,23.885957717895508
N#Cc1cccc(N)c1C#N,11.281508445739746
CN1C(=O)N(c2ncc(C#Cc3ccc(C#N)cc3)cn2)CC1(C)C,14.398102760314941
NS(=O)(=O)c1ccc(CN2CCN(C(c3ccccc3)c3ccccc3)CC2)cc1,25.554758071899414
CCCCCOC(=O)N1CCN(C(=O)C(CCC(N)=O)NC(=O)c2nc(-c3ccccc3)cc(N3CCC(C(=O)NCCC)CC3)n2)CC1,31.19667625427246
Nc1ccc(-c2nc(-c3ccc(N)nc3)nc(-c3ccc(N=Cc4c(O)cccc4O)nc3)n2)cn1,8.601937294006348
C#CCn1c(-c2ccc(C#N)cc2)nc2ccccc2c1=O,16.064620971679688
CCOCCc1ccc(S(=O)(=O)N2CCOCC2)cc1,25.920095443725586
Cc1coc2ccc(-c3[nH]c(=N)ncc3-c3ccc(C#N)cc3)cc12,26.99849510192871
N#Cc1ccc(-c2cc(C#N)cnc2-c2ccc(C#N)cc2)cc1,10.397005081176758
CN(C)c1ccc2c(=O)cc(C(=O)O)oc2c1,15.707194328308105
CC(C)Cn1cnc2c(c1=N)C(c1ccc(Cl)cc1)c1c(ccc3ccccc13)O2,22.0982723236084
Cc1ccc(-c2cc(-c3ccc(O)cc3)cc(-c3ccc(O)cc3)n2)cc1,12.502467155456543
COc1cc(C=CC(=O)O)ccc1O,16.492902755737305
CC1(C)C(=O)N(c2ccc(C#N)cc2)C(=O)N1Cc1ccc(C#N)cc1,14.9754638671875
Nc1ccc(-c2nc(-c3ccc(Br)cc3)nc(-c3ccc(N=Cc4cc(C=O)c(O)c(C=O)c4O)nc3)n2)cn1,14.812085151672363
CC(C)=CCCC(C)=CCCC(C)=CCc1cc(C(=O)O)ccc1O,20.586328506469727
N#Cc1ccc(-c2cnc3c(C(N)=O)nn(-c4ccns4)c3c2)cc1,18.103004455566406
N#Cc1ccc(-c2cn3c(-c4ccc(C#N)cc4)cnc3cn2)cc1,10.685784339904785
CC(C)C1c2cc(O)cc(O)c2C(=O)C2(O)C(=O)C(C(N)=O)=C(O)CC12O,29.53096580505371
CC1=NC2(NC1=N)c1cc(-c3ccc(C#N)cc3)ccc1CC21COC(=N)N1,17.460729598999023
c1ccc(N2CCN(c3ncnc(-c4ccncc4)n3)CC2)cc1,16.68126678466797
Nc1ccc(-c2nc(-c3ccc(N)nc3)nc(-c3ccc(N=Cc4ccc(O)cc4O)nc3)n2)cn1,13.902173042297363
COc1ccc(S(=O)(=O)Nc2ccc(C#N)cc2)cc1,17.255273818969727
Cc1nnc2ccc(-c3ccccc3)nn12,16.46698760986328
Nc1ccc(-c2n[nH]c(=NC(=O)COc3ccc(Cl)cc3)s2)cc1,18.813982009887695
Cc1cc(-c2ccc(N)cc2)nc2c(N)cccc12,17.537967681884766
Nc1ccc(-c2nc(-c3ccc(N4C(=O)c5ccc6c7c(ccc(c57)C4=O)C(=O)OC6=O)cc3)nc(-c3cc(O)cc(Cc4ccc(O)cc4)c3)n2)cc1,24.205801010131836
C=Cc1ccc(N(CC)CC)cc1,18.921894073486328
Cc1nc(=N)nc(C=Cc2ccc(F)cc2)[nH]1,18.448627471923828
N#Cc1ccc(N)c(OCc2ccc(C(=N)N)cc2)c1,23.258420944213867
N#Cc1ccc(-c2noc(-c3ccc(C(=O)c4ccccc4)cc3)n2)cc1,21.612491607666016
N#Cc1ccc(C=NNC(=S)NCCCc2ccc(S(N)(=O)=O)cc2)cc1,27.152727127075195
N#Cc1cccc(-c2ncnc(-c3ccc(N)nc3)n2)c1,10.471095085144043
Cc1nc(=NCC(O)c2ccc(F)cc2)cc(-c2ccc3nccn3c2)[nH]1,21.068986892700195
N=c1[nH]c(=O)c2ccc(-c3ccc(N4CCOCC4)cc3)cc2[nH]1,13.094198226928711
N#Cc1ccc(N(Cc2ccccc2)n2cnnc2)cc1,13.382922172546387
NC1=Nc2ccccc2C1c1ccccc1,18.995595932006836
CCC(=O)OC1C(C)C2(O)C(C)CC13CC(C)=CCC1COCC132,52.611907958984375
Nc1cc(F)ccc1-c1cc2nccc(-c3ccc(F)cc3)c2cn1,31.85609245300293
Cc1cc2c(c(=O)n1-c1ccc(C#N)cc1)-c1c(nc3ccccc3[n+]1[O-])CS2,34.227054595947266
CNc1ccc(N=c2nc(-c3c(-c4cccc(C(=O)N=c5cc[nH]cc5)c4)nc4cc(F)ccn34)cc[nH]2)cc1,33.96693420410156
O=Cc1ccc(-c2nc(-c3ccc(C=O)cc3)nc(-c3ccc(C=Nc4ccccc4O)cc3)n2)cc1,14.471717834472656
CC1(C)OC2=C(C=C1Cl)C(=O)C(=O)c1ccccc12,19.102548599243164
N#Cc1ccc(-c2ccc3c(n2)-c2ccccc2OC3)cc1,16.697683334350586
N#Cc1cccc(-c2nnc(SCC(=O)N3CCCc4ccccc43)o2)c1,32.930938720703125
O=C1c2ccccc2-n2cc(-c3ccccc3)cc21,18.991615295410156
O=C(Cc1ccc(N=c2cc[nH]cc2)cc1)N=c1[nH]ccs1,22.22359275817871
N#Cc1ccc(-c2ccc3[nH]c(-c4ccc(N)cc4)nc(=O)c3c2)cc1,17.541975021362305
CC(Cc1ccc(-c2cccc(C#N)c2)cc1)NC(=O)C1CCCN1S(=O)(=O)c1cccc(C#N)c1,26.645565032958984
N#Cc1ccc(-c2nnc3ccc(-c4ccc(Oc5ccccc5)cc4)nn23)c(F)c1,27.841894149780273
Cc1ccc(C(=O)ONC(=N)C[N+](=O)[O-])cc1,21.447017669677734
Cn1nc(N=c2nc(N3Cc4ccc(C#N)cc4C3)nc[nH]2)cc1C1(N)CCC1,27.76335906982422
N#Cc1ccc2ccccc2c1-n1ccnc1,19.317398071289062
N#Cc1ccc(-c2nc(-c3ccc(N)cc3)nc(-c3ccc(N4C(=O)c5ccc6c7c(ccc(c57)C4=O)C(=O)OC6=O)cc3)n2)cc1,7.783792495727539
Cc1ccc(NC2=NC(CCCN=C(N)N)CN2)cc1,27.090404510498047
N#Cc1cccc(-c2ccc(NC(=O)CC(=O)O)c(F)c2)c1,21.828269958496094
O=C1C(=O)c2c(c(O)c3c(O)cccc3c2O)C(O)(C(=O)O)C1=O,29.817867279052734
C=Cn1c2c(c(O)c(C#N)c1=O)C(=O)N(c1cc(NC(=O)c3cccc(C#N)n3)ccc1C)C2=O,35.342002868652344
COc1cc(O)cc2cc(-c3ccc(O)cc3)oc(=O)c12,22.85201072692871
CN(c1ccc(-c2ccccc2)cc1)c1nc(-c2ccncc2)nc2ccsc12,25.27360725402832
NC(=O)c1cc(-c2ccc(O)cc2)nc(-c2ccc(O)cc2)n1,19.162460327148438
C=CCN=c1c2c(c(C#N)c3[nH]c4ccccc4n13)CCC2,18.029390335083008
CS(=O)(=O)Nc1ccc(-c2cc3c(-c4ccc(C#N)cc4)ncnc3c(N3CCOCC3)n2)cc1,21.234006881713867
N#Cc1ccc2nc(-c3ccc(NC(N)=NC(=O)c4cccs4)cc3)sc2c1,25.49845314025879
Nc1cc(O)c(N=Cc2cnc3ccccc3c2)cc1O,15.566466331481934
Cn1c2c(c3cc(Oc4ccnc(-c5cccc(C(=O)O)c5)c4)ccc31)C(=O)NCCC2,34.43180847167969
Cc1sc2c(c1C)c(=O)n(CC#N)c(=O)n2C1OC(CO)C(O)C1O,25.835250854492188
Nc1ccc(-c2nc(-c3ccncc3)nc(-c3ccccc3N)n2)cc1,17.917327880859375
CC1(C)CC(=O)C2=C(C1)N(NC(=O)c1ccncc1)C1=C(C(=O)CCC1)C2c1ccc(O)c(O)c1,28.698453903198242
CN(C)c1ccc(-c2nc(-c3ccc(N)cc3)nc(-c3ccc(-c4cnn(-c5cccc(C#N)n5)c4)cc3)n2)cc1,26.675796508789062
N#Cc1ccc2c(c1)C(=O)N(c1ccc(-c3nc(Nc4ccc(F)cc4)nc4ccsc34)cc1)C2=O,28.82632064819336
CCOC(=O)c1c(S(=O)(=O)N2CCN(c3ccccc3C)CC2)c(C)n(C)c1C,23.60518455505371
Cc1ccc(NS(=O)(=O)c2cc(NC(=O)CC(=N)C(=O)c3ccc(-n4cncn4)cc3)ccc2C)c(C)c1,50.815330505371094
CN(C)S(C)(=O)=Nc1ccc(-c2ccc(-c3cccc4cccnc34)cc2)cc1,21.727014541625977
c1cncc(-c2cccc(-n3cnc4c(-c5ccc6nccnc6c5)ccnc43)c2)c1,29.710397720336914
COc1cc2c(N3CCOCC3)nc(-c3ccncc3)nc2cc1OCCN1CCN(C(C)C)CC1,28.849693298339844
N#Cc1ccc(-c2csc(N=CN3CCN(C=O)CC3)n2)cc1,11.680087089538574
N=c1cnc(-c2cccc(N)c2)c[nH]1,16.505088806152344
N#Cc1ccc(-c2ccc3c(c2)OCCC3N)cc1,12.79744815826416
C#Cc1ccc(-c2ccc(C#N)s2)cc1,14.926615715026855
N#Cc1c(-c2ccccc2)[nH]c(-c2ccc(N)cc2)nc1=O,12.894115447998047
CC(=O)N1CCN(C=Cc2ccccc2)CC1,18.923730850219727
Cn1c2ccccc2c2[nH]c(=S)n(-c3ccccc3)c(=O)c21,17.358381271362305
O=c1cc(-c2ccc(O)cc2)oc2cc(O)cc(O)c12,12.241365432739258
Cc1cc(N=c2[nH]c(Cl)cn(C(C)C#N)c2=O)c(Cl)cc1C#N,25.123727798461914
N#Cc1ccc(-c2cnn(-c3ccc(C(N)=O)cc3)c2)cc1,12.893808364868164
CC(CNCCc1ccc(-c2ccc(C#N)cc2)cc1)C(=O)NC(N)=O,28.16620445251465
O=C1NC(=O)c2cc3c(cc21)OCO3,14.932494163513184
O=c1[nH]c(O)cn1Cc1ccc(-c2ccccc2-c2nn[nH]n2)cc1,17.122461318969727
Cc1ncc(-c2ccc(N3CCC(C)CC3)nc2)c(-c2ccc(C#N)cc2)n1,27.91012954711914
Nc1ccc(-c2nc(-c3ccc(N)nc3)nc(-c3ccc(N4Cc5cc(S(N)(=O)=O)cc6cccc(c56)C4=O)nc3)n2)cc1,20.365816116333008
Cc1ccc(-c2c(C)c(C(=O)Nc3cc(C(=O)Nc4ccc(C=CC(=O)O)cc4)ccc3C)nn2-c2ccc(C(C)(C)C)cc2)cc1,32.013004302978516
ON=CC1=CCCCC1,15.438899993896484
N#Cc1ccc2c(c1)C(N=c1[nH]cnc3c1ncn3C1OC(CO)C(O)C1O)CCO2,22.70134735107422
N#Cc1ccc(N2CCN(CC(=O)N3c4ccccc4C=Cc4cc(C#N)ccc43)CC2)c(C#N)c1,28.956045150756836
N#Cc1cccc(-c2ccc(N)cc2)[n+]1[O-],14.130488395690918
CCc1nn2c(C)cc(C)nc2c1Cc1ccc(C=CCN2CCN(C=O)CC2)cc1,22.347671508789062
CN1CCCN(c2ccc(-c3nc4c(C#N)cc(-c5ccc(C(F)(F)F)cc5)cc4[nH]3)cc2)CC1,24.836557388305664
Cc1ccc(-c2c3ccccc3c(C#N)c3ccccc23)cc1,13.502710342407227
Cc1cccc(-c2csc(=NC(N)=NCCN)s2)n1,28.160335540771484
COc1ccc(-c2cc3c(cc(-c4ccc(C#N)cc4)n3-c3ccc(C(C)C)cc3)n2-c2ccc(C(C)C)cc2)cc1,11.881294250488281
CC(C)C1(CCCOc2ccccc2)CN(C(=O)c2ccc(-c3ccc(C#N)cc3)cc2)C(=O)O1,26.05451011657715
CN1CCc2cc(O)c(O)cc2C1Cc1ccc(-c2ccccc2)cc1,18.830509185791016
Cn1cc(-c2ccc(NS(=O)(=O)c3ccc(Cl)cc3)cc2)[nH]c(=Nc2ccc(-c3ccnc(Cl)n3)cc2)c1=O,30.556772232055664
CC(=O)c1cc(C(=O)C=Cc2ccc(O)cc2)c(O)cc1O,21.650854110717773
N=c1ncc(-c2ccc(-c3ccc(C4CC4)cc3)c(F)c2)c[nH]1,31.232725143432617
N#Cc1ccc(C(=O)c2ccc(Cl)cc2)cc1,15.169046401977539
N#Cc1nccc(N2CCN(Cc3cccc(Cl)c3)CC2)n1,19.3310489654541
Cc1ccc(-n2c3ccccc3n3c(=O)c4ccccc4nc23)cc1,19.916301727294922
N#CCSc1nc(-c2ccc(N)cc2)nc2ccccc12,15.801143646240234
Cc1cc(C)cc(-n2c(SCC(=O)Nc3ccc(F)c(F)c3)nc3scc(-c4ccccc4)c3c2=O)c1,32.98626708984375
Nc1ccc(-c2nc(-c3ccc(N4Cc5cc(Cl)c(Cl)cc5C4=O)cc3)nc(-c3ccc(N)nc3)n2)cn1,22.392513275146484
N#Cc1ccc(-c2ccc(C(=O)N3CCc4cc(-n5cnnc5)ccc43)c(C(=O)O)n2)cc1,23.224193572998047
CN1CCN(c2nccc(-n3c(-c4ccc(C#N)cc4)nc4ccccc43)n2)CC1,22.999835968017578
N#Cc1ccc(CN=c2cc(-c3ccc(C#N)nc3)cc(-c3cccc(C#N)n3)[nH]2)cc1,21.25799560546875
N#Cc1ccc(-c2nc(C(=O)O)c(N)s2)cc1,19.814664840698242
N#Cc1ccc(-c2ccc(-c3ccc(C#N)cc3)cc2)cc1,13.209797859191895
CN1CCC(N(C)C(=O)N2CCC(N(C)C(=O)c3ccc(-c4ccccc4)cc3)C2)C1,20.734331130981445
COc1cc(C=CC=CC(=O)c2ccc(F)cc2)ccc1O,19.324003219604492
NC(=O)c1cc(-c2ccc(N)nc2)nc(N2CCOCC2)c1,15.515656471252441
Cn1c(-c2ccc(N)cc2)nn(-c2ccc(C#N)cc2)c1=S,16.66001319885254
Cc1nc2[nH]c(=N)c(C#N)cc2c(=O)n1-c1ccccc1,17.097579956054688
N=c1cc[nH]c(-c2ccc(N)cc2)c1,15.958207130432129
CC(=O)OC1CC(C)C(c2cc(=O)c(NO)c(C#N)c(=O)o2)C(C)C1,42.641204833984375
COc1ccc(-c2cnc3cc(-c4ccc(C#N)cc4)n(-c4ccc(C(C)C)cc4)c3c2)cc1C#N,19.68358039855957
Nc1ccc(-c2nc(-c3ccc(N)cc3)nc(-c3ccc(-n4c(O)c5c(c4O)CC=CC5)cc3)n2)cc1,11.405800819396973
C#Cc1cccc(N=c2[nH]c(N3CCCNCC3)nc3cc(N=C(N)c4ccccc4)ccc23)c1,33.42320251464844
Nc1ccc(-c2nc3ccc(-c4cc(F)ccc4O)cc3s2)cn1,27.069751739501953
Nc1ccc(-c2ccc3cccc(O)c3n2)cn1,14.445605278015137
ON=C(O)c1ccc(Cl)cc1,15.645837783813477
[O-]c1c(-[n+]2ccc(-c3ccncc3)cc2)nnc2cc(O)c(O)cc12,20.30089569091797
N#Cc1cc(F)cc(-c2ccc(CC3=NC(=O)c4ccccc43)cc2)c1,27.706146240234375
CC(C)C(NC(=O)C1CCCCC1)C(O)(c1ccc(Cl)cc1)c1ccc(C#N)cc1,30.044677734375
Nc1ccc(-c2nc3ccc(N)cc3c(=NCc3ccccc3)[nH]2)cc1,19.7291259765625
N#Cc1ccc(N)c2c1ccc1cccnc12,21.178380966186523
O=C1c2cc3c(=O)[nH][nH]c3nc2C(=O)N1c1ccccc1F,23.354686737060547
C=CC(=O)Nc1cccc(CN=c2[nH]cnc3c(C(N)=O)cccc23)c1,21.79560089111328
N#Cc1ccc(NCc2nc(-c3ccc4nccnc4c3)c(-c3ccc(C#N)cn3)[nH]2)cc1,25.161787033081055
NC(=O)c1ccc(-c2ccnc(-c3ccc(O)cc3)n2)cc1,18.239336013793945
CC1CCN(c2ncc(-c3ccc(C#N)cc3)c(-c3ccc(C#N)cc3)n2)C1,13.583099365234375
Cc1ccc(S(=O)(=O)Cc2noc(-c3ccc(N)cc3)n2)cc1,19.763418197631836
N#CCNC(=O)c1ccc(C#N)cc1,14.22611141204834
Cc1cc(C)n(-c2cc(=NC(=O)CN3CCC(O)(c4ccccc4)CC3)[nH]c(-c3ccc(C#N)cc3)n2)n1,26.404071807861328
Nc1ccc(-c2cc(-c3ccccc3)cc(-c3ccccc3)n2)cc1,11.659581184387207
N#Cc1ccc(C=Nc2ncc(-c3nc(-c4ccc(N)nc4)nc(-c4ccc(N)nc4)n3)s2)c(F)c1,14.295614242553711
Cc1ccc(-n2c(O)c3ccccc3cc2=O)cc1,19.15903663635254
N#Cc1ccc(Nc2ccc(-c3nc(-c4ccc(Cl)cc4)c(-c4ccccc4)[nH]3)cc2C#N)cc1,22.056739807128906
N#Cc1ccc(NC(=O)c2ccc(-c3ccc(N)c(C(N)=O)c3)cc2)cc1,21.51499366760254
COc1cccc(-c2ccc(C#N)cc2)c1,12.091585159301758
COc1ccc(N2CCCN(c3cc(-n4ccc(-c5ccc(C#N)cc5)n4)nc(C)n3)CC2)cc1,27.651458740234375
CC(C)N(C(=O)c1ccc(C#N)cc1)c1ccc(C(C)(O)C(F)(F)F)cc1,28.0244197845459
Nc1ccc2c(c1)C(=O)c1ccccc1-2,12.921191215515137
O=C1C(=O)C(CCc2ccccc2)C(=O)c2ccccc21,17.94214630126953
N#Cc1ccc(=NC(=O)c2ccc(C#N)cc2C(F)(F)F)[nH]c1,25.21131706237793
CCNC(=O)N=c1cc2c(c[nH]1)c(-c1ccc(=N)[nH]c1)nn2C,29.491085052490234
CC(C)(C)NCC(O)COc1ccccc1C#N,19.10515785217285
N#Cc1nc(=N)[nH]c(=Nc2ccccc2N)[nH]1,19.91636085510254
N#Cc1ccc(-c2cc3c(=O)n(-c4ccccn4)c(=O)[nH]n3c2)cc1,13.652029991149902
N#CC(C#N)=Cc1ccc(O)c(O)c1,14.335848808288574
CNCc1nc(-c2ccc3ncc4c(c(-c5ccc(C#N)cc5)cn4C)c3c2)cs1,27.367223739624023
CN1CCN(C2=Nc3ccccc3Oc3ncccc32)CC1,17.00658416748047
O=C(O)c1c(O)c(-c2cccs2)nc2ccccc12,26.21182632446289
Cc1ccc(C)n1-c1nc(-c2nc(-c3ccc(N)nc3)nc(-c3ccc(N4CCCC4)nc3)n2)nc(N2CCOCC2)n1,25.115718841552734
CC(=O)N1CCN(c2ccc(NC(=O)c3ccccc3)cc2)CC1,19.459230422973633
COC(=O)c1ccc(-n2c(O)c3c(c2O)C(C)C=CC3)cc1,17.54452133178711
N#Cc1cc(-c2ccccc2)cn2c1nc1ccccc12,18.36612319946289
Cc1ccc(S(=O)(=O)C=CC#N)cc1,12.545820236206055
N#Cc1ccc(-n2c(-c3ccc(N)cc3)nc3cc(Cl)ccc3c2=O)cc1,12.489775657653809
Cc1ccc(Nc2c(-c3ccc(N)nc3)nc3ccc(-c4ccc(C#N)cc4)nn23)cc1,22.90077781677246
N#Cc1ccc(-c2ccc(C#N)c3ccccc23)cc1,12.792078971862793
N#Cc1ccc(-c2ccc(CN(Cc3ccccc3)C(=O)Cn3c(CCc4cccc(F)c4F)nc(=O)c4ccccc43)cc2)cc1,18.635107040405273
CC1(C)c2c(c(C#N)nn2Cc2ccc(C#N)cc2)CCN1C(=O)Nc1ccccc1,29.261018753051758
Cn1c(-c2cccc(N)c2)nc2nnc(-c3ccc(C#N)cc3)cc21,23.546438217163086
Cc1nc(-c2ccc(-c3ccccc3)cc2)sc1-c1cc(-c2ccc(N3CCN(C)CC3)cc2)nc(-c2ccc(N)cc2)n1,27.726125717163086
N#Cc1ccc(C(c2ccc(C#N)cc2)N2CCC(NC(=O)c3ccnc(F)c3)CC2)cc1,20.069833755493164
CC(C)c1ccc(-n2cnc3ccc(-c4ccc(C#N)cc4)cc3c2=O)cc1,15.44788646697998
N#Cc1ccc(-c2cc(C=O)nn2-c2ccccn2)cc1,13.971672058105469
N#Cc1ccc(-c2ccc(-c3nc(-c4cccnc4)nc(-c4ccc(N)nc4)n3)cn2)cc1,13.113968849182129
N#Cc1c(N)sc2c1CCC2,13.092208862304688
N#Cc1ccc(-c2ccc3c(c2)C(=O)N(CCN2CCCC2)CC3)cc1,15.742393493652344
Nc1ccc(-c2nc(-c3ccc(N=Cc4cc(C=O)cc(C=O)c4O)nc3)nc(-c3ccc(F)cn3)n2)cn1,14.259251594543457
C=Nc1cc(O)c(NC)cc1O,17.018474578857422
C#Cc1cc2c(c[n+](C)c3c4ccccc4n(Cc4ccc(O)cc4)c23)c2ccccc12,41.66011428833008
CC(C)c1ccc(-n2c(-c3ccc(N)cc3)cc3c2cc(-c2ccc(C#N)cc2)n3-c2ccc(C(C)C)cc2)cc1,11.227608680725098
Nc1ccc(-c2nc(-c3ccc(N)nc3)nc(-c3ccc(N=Cc4ccccc4O)nc3)n2)cn1,9.059708595275879
Cc1ccc(-c2noc(CN3CCN(c4nc(C)cc(C)n4)CC3)n2)cc1,17.970914840698242
C#CCN(C)C(C)Cc1ccc(C#Cc2ccc(C=O)cc2)cc1,22.78314208984375
CC(C)c1ccc(-n2c(-c3ccc(C#N)cc3)cc3c2cc(-c2ccc4occc4c2)n3-c2ccc(C(C)C)cc2)cc1,21.56431770324707
CN(C)c1ccc(-c2nc(-c3ccc(N)cc3)nnc2-c2ccccc2)cc1,11.770377159118652
Cc1ccc(-c2cc(C(=O)N3Cc4ccccc4Cc4ccccc43)no2)cc1,24.778188705444336
C=c1[nH]c(=Cc2ccc(O)cc2)c(=O)n1-c1ccc(C)cc1,17.973142623901367
N#Cc1ccc(CS(=O)(=O)Cc2ccc(C#N)cc2)cc1,15.891341209411621
O=NN1CCCCC1,12.70484733581543
N#Cc1cccc(-c2nc(-c3ccc(N)nc3)nc(-c3ccc(N=Cc4cc(C=O)c(O)c(C=O)c4O)nc3)n2)c1,8.530085563659668
CC(C)(C)c1ccc(N=Cc2cc(C#N)ccc2O)cc1,23.17439842224121
COC(CN=c1cc[nH]c2cc3cccnc3c(C#N)c12)OC,36.79090881347656
N#Cc1c(N)sc2ncccc12,19.60747718811035
NCCNc1ccc(-c2nc(-c3ccc(N)nc3)nc(-c3ccc(N=Cc4cc(C=O)cc(C=O)c4O)nc3)n2)cn1,14.67697525024414
Cc1ccc(O)c(-c2cc(-c3ccccc3)c(C#N)c(=N)[nH]2)c1,16.809677124023438
CC(=O)NCCN1C(=O)N(c2cccc(C(F)(F)F)c2)C2=C(C(=O)CC2)C1c1ccc(C#N)cc1,22.16739845275879
COc1ccc(C=NN=c2[nH]c(-c3ccc(NC(C)=O)cc3)nc(=N)[nH]2)cc1,18.124650955200195
Cn1c(C2(c3ccccc3)C3CC4C(=N)C3(C#N)C42)nc2cccc(C#N)c21,44.90744400024414
N#Cc1ccc(-c2cccc(-c3cc(-c4ccccc4)nc(-c4ccc(N)cc4)n3)c2)cc1,14.35363483428955
N#Cc1ccc2oc(N3CCOCC3)cc(=O)c2c1,17.112289428710938
CNc1ccc(-c2nc(C)cc(N3CCN(C=O)CC3)n2)cc1,19.842182159423828
COc1cc(C=Nc2ccc(-c3nc(-c4ccc(C#N)cc4)nc(-c4ccc(N)nc4)n3)cn2)cc(C=O)c1O,14.329146385192871
COc1cc(C=Nc2ccc(-c3nc(-c4ccc(N)cc4)nc(-c4ccc(N)n4-c4ccc(C#N)cc4)n3)cn2)ccc1O,22.725088119506836
Cc1nc(-c2ccccc2)ccc1NS(=O)(=O)c1ccc2ccccc2c1,27.70946502685547
COCc1c(-c2ccc(C#N)cc2)ncn1CCCOc1ccc(Cl)cc1,25.583650588989258
CCc1cc(C#N)cc(CC(=O)c2c(O)cc(O)c(C(=O)C=C(C)C=CC=C(C)C=CC=C(C)C=CC3=C(C)CCCC3(C)C)c2O)n1,45.53987503051758
Cc1nc(C)nc(-c2nc(-c3nc(C(=O)N4CCOCC4)cn3C)n3c2CN(C(=O)NC(C)(C)C)CC3)n1,32.0452995300293
N#Cc1cc2c(c(C#N)c1N)Oc1cc(O)ccc1C2,17.31655502319336
Cc1cnc(CN=c2[nH]c(-c3ccc(N)n3C)nc3ccccc23)cn1,25.250118255615234
N#Cc1ccc(-n2sc3ccccc3c2=O)cc1,12.881360054016113
CN(C)Cc1ccccc1-c1ccc(C#N)cc1,13.673341751098633
CC(C)c1cccc(NC(=O)c2ccc(CNC(=O)c3cccc(-c4ccc(C#N)cc4)n3)cc2)c1,22.169418334960938
O=Cc1c(O)ccc2c1C(=O)c1cccc(O)c1C2=O,17.416263580322266
Nc1ccc(-c2nc(-c3ccc(N=Cc4cc(C=O)c(O)c(C=O)c4O)nc3)nc(-c3ccnc(N)c3)n2)cn1,20.240264892578125
Cn1cc(C#N)c(-c2ccc(C#N)cc2)c1,16.542802810668945
Nc1ccc(-c2cc(-c3ccccc3)cc(-c3ccc(-c4nc(Cl)nc(Cl)n4)cc3)c2N)cc1,15.259644508361816
N#Cc1cccc(-c2ccc3c(c2)OCC2C(Cn4cc(C#N)cn4)OC(=O)N32)c1,22.870586395263672
N#Cc1ccc(-c2ncn(-c3ccc(C#N)cc3F)n2)cc1,16.720699310302734
C#CCN1CCN(C(=O)c2cccc(C#N)c2)C2CCCC(C1)N(C)C2,25.14885902404785
N#Cc1ccc2c(=O)n(Cc3ccc(F)cc3)c(=S)[nH]c2c1,18.2109317779541
N#Cc1ccc(-c2nc(-c3ccc(N)nc3)nc(-c3ccc(N=Cc4cc(C=O)cc(C=O)c4O)nc3)n2)cn1,12.849115371704102
Nc1cc(O)ccc1C=Nc1cc(O)c(NCCSc2ccccc2)cc1O,24.079471588134766
Nc1ccc(-c2nc(-c3ccc(N4CCNC4=O)nc3)nc(-c3ccccn3)n2)cn1,15.568879127502441
Nc1ccc(-c2oc(-c3cccc(NC(=O)c4ccc(-c5ccccc5)cc4O)c3)nc2-c2ccccc2)cc1,26.12531089782715
N#Cc1ccc(-c2ccc(C3Cc4ccccc4C(=N)N3)cc2)cc1,17.014867782592773
N#Cc1nc(-c2ccc(N)cc2)[nH]c(=Nc2ccc(O)cc2)n1,18.486995697021484
N#Cc1ccc(-c2ccc3c(-c4ccc(C#N)cc4)cc(C(N)=O)nc3c2)cc1,17.619123458862305
CC(NC(=O)c1cc(=NCc2ccccc2)nc(-c2ccc(NS(C)(=O)=O)cc2)[nH]1)c1ncnn1C,38.0499267578125
Cc1cc(C=NNC(N)=S)c(C)n1-c1ccc(C#N)cc1,14.766460418701172
N#Cc1ccc(-c2nn(-c3ccc(C#N)cc3)c3nc[nH]c(=O)c23)cc1,12.38506031036377
Cc1cc(C)n(Cc2ccc(-c3c(Br)c(C)nn3C)cc2)n1,26.78999137878418
c1ccc2cc(C[n+]3c4ccccc4n4ccccc43)ccc2c1,21.597570419311523
N=c1cncc(N)[nH]1,17.69634246826172
NS(=O)(=O)c1ccc(=NN=CC=Cc2ccccc2)[nH]c1,19.868825912475586
Cc1ccc(-c2c(-c3ccccc3)nc(-c3ccc(N)cc3)n2O)cc1,17.862300872802734
Cc1ccccc1NC(=O)Nc1ccc(CC(=O)NC(CCN)C(N)=O)cc1,24.425561904907227
Nc1ccccc1O,13.351082801818848
CN1C(=O)C(=Nc2ccc(O)cc2)c2ccccc21,16.507564544677734
N#Cc1ccc(C#N)c2ccccc12,11.779065132141113
N#Cc1ccc(C=CCN2CCN(CC(O)c3ccc(C#N)cc3)CC2)cc1,17.780691146850586
CN=c1ncc(-c2nc(-c3ccc(N)nc3)nc(-c3ccc(N4CCNCC4)nc3)n2)c[nH]1,24.47817039489746
Cc1ccc2c(C(=O)NN=Cc3ccc(O)c(O)c3)cc(C)nc2c1,21.4715518951416
CN1CCN(C2=Nc3ccccc3N(C(N)=O)c3ccccc32)CC1,16.520715713500977
Cc1ccc(-c2cc(-c3ccccc3)[n+](-c3nc(-c4ccc(N)cc4)no3)c(-c3ccc(C)cc3)c2)cc1,15.431382179260254
Cc1cc(-c2ccc(F)cc2)nn1-c1cnc(Cl)cn1,24.50008773803711
COc1ccc(C(=O)NN=Cc2ccc(-c3ccc(C#N)cc3)o2)cc1,17.8480224609375
N#Cc1ccc(-c2c(-c3ccc(C#N)cc3)n(Cc3ccc(-c4ccccc4)cn3)c3ccc(C#N)cc23)cc1,23.360870361328125
CC(C(=O)NCc1ccc(Cl)cc1)N1C(=O)c2ccccc2C1=O,23.079805374145508
Cn1c(-c2ccc(N)cc2)nc2cc(-c3ccc(N)cc3)nc(-c3ccc(N4CCCCC4)nc3)c21,26.353853225708008
COc1nc2ccccc2nc1C(C)N(C)c1ccc(C#N)cn1,28.663036346435547
CCCCOc1ccc(O)cc1,18.68398094177246
NCc1ccccc1,15.715131759643555
N#Cc1ccc(-c2cccs2)cc1,10.709517478942871
CC(C)C(=NNC(N)=S)c1ccc(-c2ccc(C(=O)O)cc2)o1,33.22890090942383
COc1ccc2nc3ccccc3c(C#N)c2c1,16.2423038482666
N#Cc1ccc(-c2cc3c(cc(-c4ccc(C#N)cc4)n3-c3ccc(C#N)cc3)n2-c2ccccc2)cc1,11.162129402160645
N#Cc1cncc(-c2cc(-c3cnc(N=Cc4cc(C#N)ccc4O)nc3)nc(-c3ccc(N)nc3)n2)c1,22.144237518310547
Cc1cc(C)cc(Sc2c(C#N)c(N)c3c(c2C#N)CCC3)c1,20.2811279296875
N#Cc1ccc(-c2cc(-c3ccc(N)nc3)nc(-c3ccc(N)nc3)n2)cc1,10.06861400604248
N=c1nc(-c2ccc3ncnc(-c4cn[nH]c4)c3c2)cc[nH]1,26.96678924560547
CCNc1ccc(-c2csc(=Nc3ccc(OC)cc3)[nH]2)cc1,21.05477523803711
Cc1ccc(-c2c(C#N)c(Cl)c3nc(N4CCNCC4)nc(N4CCC(C)C4)c3c2C#N)cc1,34.5528564453125
Cc1nc(-c2ccc(C#N)cc2)ccc1-n1c(C)ccc1C,17.861610412597656
CN(C)c1ncnc(C#N)n1,8.719776153564453
COc1ccc(N=c2cc(C)nc(-c3ccncc3)[nH]2)cc1,21.945850372314453
CCOc1cccc(-c2nc(-c3ccc(O)cc3)oc2-c2ccncc2)c1,28.69141387939453
N#Cc1cc(C#N)c2ccc3c4ccccc4nc4ccc1c2c43,12.451388359069824
Nc1ccc(-c2cc3c(n2-c2ccc(O)cc2)C(=O)N(Cc2cscn2)CC3)cc1,31.368907928466797
c1ccc(-c2nc3ccccc3nc2-c2cccs2)cc1,18.18765640258789
Cc1cc(C=C(C#N)C#N)nc(C(C)C)c1,24.387428283691406
N#CC(=Cc1ccc(-c2ccc(C#N)cc2)o1)c1nc2ccccc2[nH]1,18.604991912841797
CCCCc1ccc(O)c(C=O)c1,18.36505889892578
CCCN1C(=O)N(c2ccc(C#N)cc2)c2ccccc2N1CC,23.485639572143555
Cc1ccc(-n2[nH]c(=O)c3cc4c(cc3c2=O)C(=O)N(c2ccc(C#N)cc2)C4=O)cc1,13.422050476074219
Cc1ccc(C2=NN(C(N)=O)C(c3ccc(F)cc3)C2)cc1,18.911890029907227
Cc1ccc(-n2cc(C(=O)N=c3ccc(C#N)c[nH]3)cc2O)cc1,20.604372024536133
O=C(Nc1ccc(Nc2ccccc2)cc1)c1ccc(-c2ccc(-c3nc(Cl)nc(Cl)n3)cc2)cc1,22.2336483001709
Cc1ccccc1-n1nc(NC(=O)c2ccc(N)cn2)cc1-c1ccc(C#N)cc1,27.62664031982422
N#Cc1c(F)c(F)c(O)c(F)c1F,15.082619667053223
Cc1cc(C)c(-n2c(C)nc3c([nH]c4cc(C#N)ccc43)c2=O)c(C)c1,20.549348831176758
N#Cc1ccc(N2CCCC(NC(=O)c3ccc(C#N)cc3C3CC3)C2)nc1,29.36553955078125
Cc1n[nH]c(=NC(=O)CSc2nnc3c4ccccc4n(C)c3n2)s1,24.01954460144043
Nc1ccc(-c2nc3cc4c(cc3c(=O)n2Cc2ccc(O)cc2)OCO4)cc1,15.840197563171387
Cc1ccccc1C1CCNc2nc(-c3ccc(N)nc3)ncc21,25.907777786254883
Nc1cc(F)ccc1Nc1ccc2c(c1)C(=O)c1ccc(Nc3ccccc3F)cc1C2=O,22.787973403930664
COCc1cc(=O)n2c(n1)c(C)nc1ccc(C(=O)Nc3ccc(C#N)cc3)cc12,31.689720153808594
Cc1cc(NC(=O)c2cn(-c3ccc(C#N)cc3)c(-c3ccc(C#N)cc3)n2)ccc1N1C(=O)c2ccc(C#N)cc2C1=O,26.810958862304688
N#Cc1ccc(-c2ccc3c(c2)Cc2ccccc2-3)cc1,16.803178787231445
N#Cc1ccc(C(=O)C=Cc2ccc(-c3ccc(C#N)cc3)o2)cc1,14.901825904846191
CN1CCN(c2cc3c(cc2F)c(=O)c(C(=O)O)cn3C#N)CC1,20.83742332458496
N#Cc1ccc(-n2nc(Cc3ccc(-c4cnc(=N)[nH]c4)cc3)c3cc(C#N)cc(C#N)c32)cc1,23.50642967224121
CN(C)c1ccc(-c2nc(-c3ccc(N)nc3)nc(-c3ccc4nc(-c5ccc(C#N)cc5)cc(-c5ccc(O)cc5)c4c3)n2)cn1,29.279712677001953
Cn1nc(-c2ccc(N)cc2)cc1N1CCN(C=O)CC1,17.593082427978516
CC(=O)NCC1CN(c2ccc(-n3cnc4c([nH]c5ccccc54)c3=O)c(F)c2)C(=O)O1,24.161623001098633
Clc1nc(Cl)nc(-[n+]2ccc(Br)cn2)n1,17.060808181762695
N#Cc1ccc(-c2cc(Cc3ccc(-c4cc[nH]c(=N)n4)cc3)[nH]c(=N)n2)cc1,20.281545639038086
Cc1cccc(C)c1N1C(=O)c2ccccc2C1=O,19.773799896240234
N#Cc1ccc(-c2nnc(-c3ccc(N4C(=O)c5ccc6c7c(ccc(c57)C4=O)C(=O)OC6=O)cc3)nc2-c2ccc(C#N)cc2F)cc1,21.889341354370117
N#Cc1ccc(-c2cnc3cnc(-c4cc(=N)cc[nH]4)cn23)cc1,23.23130226135254
Cc1sc2[nH]c(=O)[nH]c(=O)c2c1C,17.097305297851562
Cc1ccc(=NS(=O)(=O)c2ccc3ccccc3c2)[nH]c1,18.317916870117188
N#Cc1ccc(-c2cc[nH]n2)cc1,12.054117202758789
COc1ccc(-n2c(N)c(C(=O)Nc3ccccc3)c3nc4ccccc4nc32)cc1,25.34404754638672
N#Cc1cccnc1,10.40285587310791
Cc1[nH]c(C(=O)Nc2cc(C(N)=O)ccc2NC(=O)c2ccc(-c3cc(C#N)ccc3C#N)cc2)cc1C#N,32.64148712158203
Fc1ccc(N=c2[nH]cnc3ccc(-c4cccc(CN5CCN(c6ccccn6)CC5)n4)cc23)cc1,23.822021484375
N#Cc1nc(C#N)c(N)[nH]1,11.627811431884766
N#Cc1ccc(N=c2ncc3c(=O)n(-c4ccc(C#N)cc4)[nH]c3[nH]2)cc1,14.84315013885498
Nc1ccc(-c2nc(-c3ccc(N4C(=O)c5ccc6c7c(ccc(c57)C4=O)C(=O)OC6=O)cc3)nc(-c3ccccc3O)n2)cc1,9.797224998474121
N#Cc1cc(O)c(O)c2c1C=C1C(=O)C=CC=C1C2=O,23.708179473876953
Nc1ccc(-c2noc(-c3ccc(N)nc3)n2)cc1,11.969487190246582
N#Cc1cccc2c(=O)n(-c3ccccc3)c3ccccc3c12,19.385177612304688
Cc1ccc(-c2cc(-c3ccc(NC(=O)c4ccc(N)cc4)cc3)cc(-c3ccccc3)n2)cc1,21.004871368408203
N#Cc1ccc(N=CC(C#N)C#N)cc1,12.766968727111816
Nc1ccc(-c2nc(-c3ccc(O)cc3)nc(-c3ccc(-n4cc5c6oc(=O)c7cccc(c7c6c4=O)C=C5)cc3)n2)cc1,15.25643539428711
CCN1CCN(c2ncnc3scc(-c4ccc(C#N)cc4)c23)CC1,19.03159523010254
Cn1nc2c(c1C(=O)c1ccco1)CN(c1ccc(-c3nc(-c4ccc(N)cc4)nc(-c4cccc(Cl)c4)n3)s1)C2=O,31.348024368286133
Cc1cc2c(=O)cc(-c3ccc(C#N)cc3)n(-c3ccc(C#N)cc3)c2cc1-n1c(=O)cc(C)n1C,25.560094833374023
C=CC(=O)Nc1ccc(N=c2nc3ccc(-c4cccc(-c5ccccc5)c4)cc3n[nH]2)cc1,22.995454788208008
CC(C)(NC(=O)c1ccc(N)cc1)c1nc(-c2ccc(C#N)cc2)nn1-c1ccc(Br)cc1,33.32650375366211
C#Cc1cc(-c2ccc(CC(C)N)cc2)n2ccc(-c3ccc(C(N)=O)cc3)cc12,37.856910705566406
Cc1ccc(-c2c(-c3cc[nH]c(=Nc4ccc(C#N)cc4)n3)c3ccccc3n2C)cc1,15.294904708862305
Cc1cccc(-n2[nH]c(-c3ccc(C#N)cc3)c(C=NO)c2=N)n1,27.506677627563477
CN(Cc1ccccc1)C(=O)CN1CCN(Cc2ccc(F)c(F)c2)CC1,28.62116813659668
CN(C)c1ccc(-c2cc(=O)[nH]c3ncc(C#N)cc23)cc1,17.676362991333008
Cc1cc(-c2nnc(-c3cccnc3)n2-c2ccc3c(c2)CC(F)(F)CN3)ccn1,36.89323806762695
CC1(C)C=C(c2ccc(C#N)cc2)c2cc(F)ccc21,22.840497970581055
Cc1ncn(-c2nccc(-c3ccc(S(C)(=O)=O)cc3)n2)c1C,24.753559112548828
N#Cc1ccc(-c2ccccn2)cc1,9.958715438842773
Nc1ccc(-c2nc(-c3ccc(N)nc3)nc(-c3ccc(N=Cc4c(O)[nH]c(=O)[nH]c4=O)nc3)n2)cc1,17.170995712280273
Cc1ccc2oc(=O)c(C(=O)NCc3ccc(-c4ccc(C#N)cc4)cc3)cc2c1,22.756664276123047
N#Cc1cc(C#N)c(C#N)cc1F,15.614846229553223
N#Cc1ccc(-c2cc(-c3ccc(C#N)cc3)nc(-c3cccc(C#N)c3)c2)cc1,17.51520538330078
CC(=NNC(=O)c1ccc(F)cc1)c1cccc(C)n1,23.211942672729492
N#CC1CCCN(C(=O)c2c(F)cccc2F)C1,22.762779235839844
Nc1ccc(-c2cc[nH]c(=Nc3ccc(Cl)cc3)n2)nc1,16.940643310546875
C=CCn1c(-c2ccc(NCc3cccn3C)cc2)n[nH]c1=S,28.188508987426758
N=c1[nH]c(-c2ccccc2O)c(-c2ccc(CN3CCOCC3)cc2)c(=N)[nH]1,21.939125061035156
Cc1ccc2nc(-n3c(-c4ccc(C#N)cc4)cc4c3cc(-c3ccc(C#N)cc3)n4-c3nc(-c4ccc(C#N)cc4)cs3)sc2c1,14.692052841186523
N#Cc1ccc(-c2ccc(-c3cc(-c4ccco4)nc4c3Cc3ccccc3-4)cc2)cc1,25.900691986083984
N#Cc1ccc(C(=O)NCC(=O)N=c2cnc(-c3ccc(C#N)cc3)c[nH]2)cc1,22.403499603271484
Cc1c(O)n(-c2ccc(C#N)cc2F)c2ncccc2c1=O,29.310604095458984
N#Cc1nc(C(N)=O)cc(-c2ccc(-c3nc(Cl)nc(Cl)n3)cc2C#N)n1,24.11788558959961
Cn1nc(CO)c2c1CCN(c1ccc(-c3ccc(C#N)cc3)cn1)C2=O,22.488435745239258
O=c1c2ccccc2nc(-c2ccc(Cl)cc2)n1N=Cc1ccccc1O,16.274505615234375
CC(=O)Nc1ccc(-c2cc(O)n(-c3ccc(-c4ccccc4)cc3)c2O)cc1,15.626712799072266
N#Cc1ccc(-c2cc(C#N)nc(-c3ccc(C#N)cc3)n2)cc1,10.22795295715332
CC=c1nc2[nH]c(=Cc3ccc(-c4ccc(C(=O)O)cc4)o3)c(=O)n2c(=CC#N)c1=O,20.445005416870117
Cc1nc(NC(=O)c2ccc(N)cc2)c(C#N)c2ccccc12,23.1895809173584
Nc1ccc(-c2nc(-c3ccc(N)cc3)nc(-c3ccc(N=Cc4ccc(O)c(O)c4)cc3)n2)cc1,13.625407218933105
Nc1ccc(-c2nc(-c3ccncc3)nc(-c3ccc(N4Cc5ccc6ccccc6c5C4=O)cc3)n2)cn1,15.944687843322754
CC1(C)Oc2ccc(-c3ccc(C#N)cc3)cc2-c2[nH]c(-c3c(F)cccc3Cl)nc21,15.925443649291992
Nc1ccc(-c2cc(=Nc3ccc(N4CCOCC4)cc3)[nH]cn2)cc1,18.370162963867188
Cc1ccc(S(=O)(=O)Nc2ccc(-c3nc(-c4ccc(N)cc4)nc(-c4ccc(N)nc4)n3)cc2)cc1,18.993268966674805
N=c1ncc(-c2nc(-c3ccc(N)nc3)nc(-c3ccc(N)nc3)n2)c[nH]1,11.602110862731934
N#Cc1ccc(C#CCC(=Cc2ccc(F)cc2)[N+](=O)[O-])cc1,24.562965393066406
COc1cccc(NC(=O)N2CCC3(C=Cc4ccccc43)CC2)c1,21.88089942932129
O=C(CCCCc1ccccc1)N=c1ccc(-c2ccc(F)cc2)n[nH]1,23.254487991333008
Nc1ccc(-c2nc(=NCc3ccc(-c4cccnc4)cc3)c3c([nH]2)CCN(c2ccccc2C(F)(F)F)CC3)cn1,25.901580810546875
O=c1c2ccccc2nc(-c2ccccc2)n1N=Cc1ccccc1,15.696395874023438
CN(C)c1ccc(-c2cc(-c3ccncc3)nc(-c3ccc(NC(=O)C=N)nc3)n2)cc1,32.031803131103516
CC1Cc2c(ccc(F)c2-c2ccc(C#N)cc2)N1c1ccc(C#N)cc1,31.635894775390625
CCc1c(O)c(N)c(C)c2c1CCC2,25.84715461730957
N#Cc1ccc(CC(=O)N=c2[nH]c(-c3ccc4ccccc4c3)c(-c3ccc(C#N)cc3)s2)cc1,28.197345733642578
Cc1nc(Cc2ccc(F)cc2)cc(-c2cc(-c3cc(O)c(O)c(C=O)c3)cs2)n1,35.48402786254883
Cc1[nH]nc2ccc(-n3[nH]cc(C(=O)c4ccc(C#N)[nH]4)c3=N)cc12,26.52229118347168
Nc1ccc2[nH]c(=O)c(-c3ccccc3)c(O)c2c1,21.179582595825195
Nc1ccc(-c2nc(-c3ccc(N)cc3)nc(-c3ccc(-n4c(=O)[nH]c5cccnc54)cc3)n2)cc1,15.048583030700684
CCSc1ccc2c3c(ccc2c1)CN(c1ccc(-c2nc(-c4ccccc4)nc(-c4ccc(N)cc4)n2)cc1)C3=O,22.66443634033203
Cc1cc(C)n(-c2nc(C#N)nc(SCc3ccc(Cl)cc3)n2)n1,24.86274528503418
Cc1cc(-c2cccc(S(=O)(=O)Nc3ccc(C(N)=O)cc3)c2)on1,23.324661254882812
CC(C)=CCc1c(O)cc(O)c2c(=O)cc(-c3ccc(N(C)C)cc3)oc12,20.301233291625977
N#Cc1ccc(-c2ccc(-c3cc(C(F)(F)F)nn3-c3ccc(C(N)=O)cc3)cn2)cc1,16.30280876159668
CC(=O)N1CCN(c2ccc(-c3nc(-c4ccncc4)nc(N4CCN(C=O)CC4)n3)cc2)C(=O)C1(C)C,23.825021743774414
Cc1ncc(C#N)cc1C#N,10.732397079467773
CC1CCC(NC(=O)CC=c2cnc3c(c2)CCC(=O)N=3)CC1,25.04236602783203
Nc1ccc2c(c1)Cc1cc(N)ccc1-2,12.411407470703125
CC(C)N=c1cc(-n2ccc3ccc(C#N)cc32)[nH]cc1C(=O)NC1CCC(C(C)(C)O)CC1,23.111230850219727
CC(C)C1CC2NC(c3c2c(O)n(-c2ccc4c(c2)CN(C2CCc5ccccc5CC2)C4=O)c3O)C(O)C1,49.45497512817383
N#Cc1ccc(-c2ccc(C#N)s2)cc1,11.959726333618164
N#Cc1cn(-c2ccc(C(=O)O)cc2)cc1-c1cccc(O)c1,15.535704612731934
COc1ccc(-c2cc(-c3ccc(N)cc3)nc(-c3ccc(N)nc3)n2)cc1C#N,19.934213638305664
Cc1ccc(-c2cccc(C#CCCC#N)c2)cc1C#N,27.098024368286133
Cc1nc(=O)c2ccc(-c3cccc(CN)c3)cc2[nH]1,18.969270706176758
C#Cc1nc(-c2ccc(N)nc2)nc(-c2ccc(N)nc2)n1,13.825881958007812
Oc1ccc(-c2nc(-c3ccc(O)c(O)c3)oc2-c2ccc(O)cc2)cc1,19.099905014038086
C=Nc1ccc(-c2nc3c(N4CCOCC4)ncc(-c4cccc(C#N)c4)c3n2-c2ccc(C#N)cc2)cn1,27.916948318481445
CN(C)CCOC(=O)c1ccccc1,18.53616714477539
N#Cc1ccc(-c2cc(NC=O)c3ncc(-c4ccc(C(=O)O)cc4)n3c2)cc1,13.605754852294922
N#Cc1ccc(-c2ccn(-c3ccc4c(c3)NC4=O)c(=O)c2)cc1,20.356447219848633
N#Cc1ccc2c(c1)CC1NC2CC1n1c(=O)c(C(=O)O)nc2ccccc21,19.516555786132812
NC(=O)c1cc(-c2cccc(-c3ccc(Cl)cc3)n2)cc(-c2ccc(Cl)cc2)n1,23.254270553588867
Nc1ccc(-c2ccc(-c3ccc(-c4cc(-c5ccc(O)cc5)nn4-c4ccc(N=Cc5ccc(O)cc5O)cc4)cc3)cc2)cc1,23.637659072875977
CC1=CC(C)(C)c2ccc(-c3ccc(C#N)cc3)cc2C12CCCC(=Cc1ccc(C#N)cc1)C2=O,19.005224227905273
N=c1[nH]c2ccccc2c2ccccc12,15.17948055267334
CN=c1[nH]cc2c(CN(C)C)ccc3c2c1COC3,32.82097244262695
C=CC(=O)Nc1ccc(C=Cc2nc(C#N)c(N)n2C)cc1,20.74873161315918
C#CCCOc1ccc(C=O)cc1,16.692569732666016
CC1CN(Cc2cn(-c3ccccc3)cc(-c3ccc(C#N)cc3)c2=O)C(C)C(=O)N1,30.117769241333008
CN1Cc2cccc(Oc3cc[nH]c(=Nc4ccc(C#N)cc4)n3)c2C1=O,18.82613754272461
N#Cc1ccc(-c2ccc(C(=O)Nc3ccc(-c4nc(-c5ccc(N)cc5)nc(=NC(=N)N)[nH]4)cc3)cc2)cc1,27.10979652404785
N#Cc1cccc(CSc2nnc(-c3ccccc3)n2-c2ccc(F)cc2)c1,20.27604866027832
NC(=O)c1ccc2n[nH]c(-c3ccc(-c4ccc(O)cc4)cc3)c2c1,21.370662689208984
N#Cc1ccc(-c2ccc(-c3cc(=N)n(-c4ccc(C(N)=O)cc4)[nH]3)cc2)cc1,17.47593879699707
Cc1ccc(-n2c(=O)[nH]c3c(c2=N)CN(Cc2ccc(Cl)cc2)CC3)c(C)c1,23.240520477294922
NC(=O)c1ccc(-n2nc(-c3ccc(N)cc3)nc2-c2ccc(-n3ccnc3)cc2)cc1,19.51451301574707
Cc1ccc(-c2cc(-c3ccc(C#N)cc3)cc(-c3ccccc3)n2)cc1,16.28681182861328
N#Cc1ccc2c(C#N)nc(-c3ccc(N)cc3)cc2c1,14.387235641479492
CN(C)CCc1cccn1-c1cccc(Cl)c1,27.048385620117188
N#Cc1cccnc1N1CCN(C(=O)c2ccc(N)cc2)CC1,16.46932601928711
CC(=NN=c1[nH]c(-c2ccc(N)c(C#N)c2)cs1)C(=O)Nc1ccc(C#N)cc1,28.629817962646484
CC(=O)NC(C)Cc1ccc(C#Cc2ccc(C(C)(C)O)cc2)cc1,17.10847282409668
Cn1c(N)c(C=O)c(=O)n(C)c1=O,13.454813957214355
CCC(C(=O)NC(C#N)CC(N)=O)N1C(=O)c2ccc(C#N)cc2C1=O,28.505584716796875
N#Cc1c2c(c(C#N)c3c1CCC3)CCCC2,13.71966552734375
COc1cccc(C#N)c1,13.544777870178223
Cc1ccc(C)c(N(Cc2ccc(-c3ccccc3)cc2)C(=O)c2ccc(C#N)cc2)c1,23.170042037963867
N#Cc1ccc2ccccc2c1,10.610201835632324
O=C(OC(CCCOCc1ccncc1)c1ccc(Cl)cc1)N1CCCC1,36.36196517944336
CN1CCN(c2ccc(N=Cc3cc(C=O)cc(O)c3O)nc2)CC1,22.779565811157227
CC=CC(C#N)=NC(=O)C(N)Cc1ccccc1,28.948217391967773
CC(C)(O)c1ccc(-c2ccc(C#N)cn2)nc1,16.034034729003906
Cc1cc(-c2ccc(NC(=O)CC(C)c3ccc(-c4ccc(C#N)cn4)cc3)cc2)ccn1,22.258541107177734
N#Cc1ccc(-n2c(=O)c3cc4c(=O)n(-c5ccc(F)cc5F)c(=O)c4cc3c2=O)cc1,10.51215648651123
N#Cc1ccc(CC(=O)N=c2ccc(C#N)c[nH]2)cc1,14.655892372131348
COc1cc(-n2cncn2)ccc1C(=O)NC1CCc2cc(C#N)ccc21,26.3185977935791
CC(=NC(=O)C=Cc1ccc(C#N)cc1)c1nc2scc(C)c2c(=O)o1,22.03084945678711
Nc1ccc(-c2nc(=O)c(O)c(C(=O)O)[nH]2)cc1,16.105268478393555
NC(CN1C(=O)c2ccccc2C1=O)C(=O)O,23.18853759765625
CN(C)N=Cc1cc(-[n+]2c(-c3ccccc3)cc(-c3ccc(N)cc3)nc2N)nc(-c2ccc(N)cc2)n1,33.74272155761719
Cn1c(-c2ccc(C#N)cc2)c(-c2ccc(Cl)cc2)cc(C#N)c1=O,15.63762092590332
COc1ccc(-c2ccc3c(-c4nc5ccc(C#N)cc5[nH]4)[nH]nc3c2)cc1,21.82874870300293
CC(C)c1ccc(-n2c(-c3cccc(O)c3)nc3cccnc32)cc1,22.101633071899414
Cc1ccc(-c2cc(-c3ccc(C#N)cc3)nc3cc(OCc4ccccn4)ccc23)cc1,28.667333602905273
N#Cc1ccc(N2CCCC(C(=O)Nc3ccc(-c4ccc(C#N)s4)cc3)C2)nc1,26.514925003051758
O=C(CSc1nnc(-c2ccccc2)c(-c2ccccc2)n1)c1ccc(Cl)cc1,21.41539192199707
Cc1nc(-c2ccc(N)nc2)nc(N2CC(c3ccc(F)cc3F)C2)c1C#N,27.994047164916992
Nc1ccc(-c2nc(-c3ccc(N=C=S)cc3)nc(-c3ccc(C(F)(F)F)cc3)n2)cc1,17.470674514770508
NC(N)=NCCCC(N)C(=O)O,18.066205978393555
CN1c2ccc(-c3ccc(C#N)cc3)cc2CCC1(C)C,17.083587646484375
COC(=O)C1(C)CC(C)(C)c2c1cc(-c1ccc(C#N)cc1)n2-c1ccc(C#N)cc1,18.65235137939453
N#Cc1ccc(-c2cnc(N3CCOCC3)c3nc(C=Cc4ccc5ccccc5n4)cn23)cc1,15.425443649291992
Cc1cc2nc(Cl)c(-n3c(-c4ccc(C#N)cc4)cc4c3cc(-c3ccc(C#N)cc3)n4-c3sc4nc(N5CCN(C)CC5)ccc4c3-c3ccc(C#N)cc3)nc2cc1C,24.983543395996094
CC(C)c1ccc(-n2c(-c3ccc(C#N)cc3)cc3c2cc(-c2ccc(C#N)cc2)n3C)cc1,16.411251068115234
Cc1ccc2nc(-n3c(-c4ccc(C#N)cc4)cc4c3cc(-c3ccc(C#N)cc3F)n4-c3nc4ccc(C)cc4s3)sc2c1,11.39441967010498
COC(=Nc1ccc(-c2ccc(C#N)cc2)nn1)OC,28.084383010864258
CC(C)(C)c1cc(=NC(=O)Nc2ccc(N)cc2)n(-c2ccc(O)cc2)[nH]1,22.168912887573242
Cn1c(-n2nc3ccccc3n2)nc(N)c(N=O)c1=O,22.25132179260254
CN1CCN(c2ccc(-c3cc(-c4ccc(-c5nc6ccccc6[nH]5)cc4)nc(-c4ccc(N)cc4)n3)cc2)CC1,14.811386108398438
Cc1cc(=N)n(-c2cccc(C#N)n2)[nH]1,17.232620239257812
O=C(NC1CC1)c1cccc(O)c1,21.749771118164062
N#CC=C(C#N)c1nc2ccccc2[nH]1,17.93768310546875
N#Cc1ccc(-c2ccc(-c3ccc(C#N)cc3)nc2)cc1,9.11252498626709
COC(=O)C=CC=C(C)C=CC1=C(C)CCCC1(C)C,21.710439682006836
N#Cc1ccnc(C#N)n1,11.234206199645996
N#Cc1ccc(-c2c[nH]c(=N)c3ncc(-c4cccc(C#N)c4)cc23)cc1,20.818702697753906
N#Cc1ccc(-c2nc3ccc(C(F)(F)F)cc3nc2-c2ccc(C#N)cc2)cc1,17.514921188354492
N#Cc1ccc2c(c1)C(=O)c1ccccc1-2,12.599241256713867
CCCCCCN=c1cc[nH]cc1,17.65911102294922
COc1ccc(-c2nc(-c3ccc(N)cc3)nc(-c3ccc(N4C(=O)c5ccc6c7c(ccc(c57)C4=O)C(=O)OC6=O)cc3)n2)cc1,10.36074161529541
CN1CCN(c2nc(-c3ccc(N)cc3)nc3c2C(=Cc2ccccc2)Oc2ccccc2-3)CC1,21.332883834838867
N#CCN(N)C(=O)NCCCc1ccccc1,26.237821578979492
N#Cc1ccc(-c2nc(=O)c3ccc(N)cc3[nH]2)cc1,14.33167552947998
N#Cc1ccc(-c2ccc3sc(-c4ccc(CCC(=O)O)cc4)nc3c2)cc1,22.895259857177734
CC(C)C(NC(=O)c1cc2ccc(O)cc2o1)C(=O)Nc1ccc(-c2cnco2)nc1,38.449623107910156
Nc1ccc(-c2cncc(=Nc3ccc(Cl)cc3)[nH]2)cc1,17.25026512145996
Cc1c2cc3n1C(CCC(c1ccc(C#N)cc1)=C2)CNC3=O,26.87860870361328
Cc1cc(=Nc2cc(N3CCN(C)CC3)nc(=Nc3ccc(N)c(C#N)c3)[nH]2)[nH][nH]1,27.18173599243164
Cc1ccc(O)cc1N=Cc1cc(-c2ccc(C#N)cc2)n(-c2ccc(C(=O)O)cc2)c1O,17.952152252197266
CC1CN(C=O)CCN1C(=O)c1ccccc1,18.90831184387207
CCCc1nc2c(N=O)nc(-c3ccc(C)cc3)nn2c1-c1ccc2nc(CC)n(Cc3ccc(-c4ccccc4C(=O)O)cc3)c2c1,34.52339553833008
N#Cc1ccc(-c2ccco2)cc1,11.002634048461914
N#Cc1ccc(-n2c(N)c(C#N)c3ccccc3c2=O)cc1,12.13525390625
Nc1ccc(-c2nc(-c3ccc(N=Cc4cc(C=O)c(O)c(C=O)c4O)nc3)nc(-c3ccccn3)n2)cn1,10.685266494750977
CSc1nc(-c2ccc(N)cc2)[nH]c(=N)n1,12.828827857971191
COc1ccc(N=c2[nH]c3c(C)cc(C)cc3cc2C#N)cc1,16.73966407775879
CC(C(=O)N=c1cc(-c2ccc(F)cc2)[nH]n1-c1ccc(C#N)cc1)c1ccccc1,23.627229690551758
N#Cc1ccc(-c2nc(-c3ccc(N)nc3)nc(-c3ccc(N4CCCC4)c(N)c3)n2)cc1,17.949565887451172
N#Cc1cc2c(=O)ccn(-c3ccc4c(c3)OCCO4)c2[nH]c1=N,21.60569190979004
c1ccc(-c2nc[nH]n2)c(Oc2ccc(N=c3ccc4ccccc4[nH]3)cc2)c1,23.762218475341797
COc1cc(C=Cc2ccc(OC)c(O)c2)n(-c2ccc(C#N)cc2)c(=O)c1,21.381662368774414
C#Cc1cc(C#N)c2ccc3c(C#N)cc(C#N)c4ccc1c2c43,9.05540943145752
N#Cc1ccc(-c2nccs2)cc1,10.353891372680664
CC(N)=Nc1ccc(-c2cc(-c3ccc(N=Cc4ccc(N(C)C)cc4)cc3)nc(-c3ccc(N)cc3)n2)cc1,17.392822265625
N#Cc1ccc(-c2ccc(OCCN3CCCCC3)cc2)nc1,17.226539611816406
Cn1cnc(Nc2ccc3c(c2)C(=O)c2cc(N)ccc2C3=O)c1,15.845991134643555
Cc1nc(=Nc2cccc(-c3cn(-c4ccc(C(=O)O)cc4)nn3)c2)cc[nH]1,23.376455307006836
N#Cc1ccc(C#Cc2ccccc2)cc1,10.249486923217773
O=C(N=c1cc[nH]cc1)Nc1ccc(-c2nc(N3CCOCC3)nc(N3CCOCC3)n2)cc1,16.97768211364746
Cc1ccc(C2(C)NC(=O)N(CC(=O)N3CCC(C)CC3)C2=O)cc1,21.43626594543457
Nc1cc(=O)n(OCc2ccccc2)c(=O)[nH]1,18.13736915588379
CCc1c(N)sc2c1CCN(Cc1ccccc1)C2,21.938804626464844
Cc1ccc(-c2cc(C(=O)Nc3ccccc3Cl)c3ccccc3n2)cc1,18.731691360473633
Nc1cc(Cl)nc(-[n+]2ccc(-c3ccncc3)cc2)n1,13.578990936279297
Nc1ccc(-c2nc(-c3ccc(N)nc3)nc(-c3ccc(N=Cc4cc(C(=O)O)ccc4O)nc3)n2)cn1,13.579323768615723
N#Cc1ccc2c(c1)c(C#N)cn2-c1ccccc1C#N,17.2637996673584
C#Cc1cc(-c2cc(-c3ccc(C)cc3)nc(-c3ccc(N)nc3)n2)ccc1C#N,17.56085205078125
N#Cc1ccc(-c2cnnc(-c3ccc(N)nc3)n2)cc1,9.066332817077637
N#Cc1ccc2c(c1)OCC1OC(CNC=O)CC21,21.85430908203125
Cc1cc(-c2ccccc2)cc(C)[n+]1-c1ccc(Cl)cc1,18.671022415161133
O=C1C(=NO)C(Cl)=C(Cl)C(Cl)=C1Cl,19.05087661743164
CC(C)c1ccc(-n2c(-c3ccc(C#N)cc3)cc3c2cc(-c2cccc(C(F)F)c2)n3-c2ccc(C(C)C)cc2)cc1,20.967679977416992
Cc1ccc(-c2cc(N=CN3CCc4ccccc4C3)nc(-c3ccc(C)cc3)c2)cc1,21.79882049560547
CC(=NNC(=O)N=c1[nH]nc(-c2ccc(N)cc2)s1)c1ccccc1O,27.876028060913086
Nc1ccc(-c2nc(-c3ccc(O)cc3)cc(-c3ccc(-n4c(=O)c5cc6c(=O)oc(=O)c6cc5c4=O)cc3)n2)cc1,12.793572425842285
CC(=Nn1c(C)n[nH]c1=S)c1ccccc1,24.74273681640625
Nc1ccc(-c2nc(-c3ccc(-c4ccc(N=Cc5cc(Cl)cc(C=O)c5O)nc4)cc3)nc(-c3ccc(N)nc3)n2)cc1,21.93092918395996
O=C1NCCc2cc(O)c(O)cc21,14.952959060668945
N=C(N)c1ccc2[nH]c(-c3ccc(-c4ccc(-c5cccc(N)c5)cc4)cc3)nc2c1,19.065324783325195
CC(C=CC=CC=Cc1cc(=O)cc[nH]1)=CC=CC(C)CO,32.885009765625
NC(=O)c1nn(-c2ccc(-c3ccccc3)cc2)c2c1CCc1ccc(N)cc1-2,21.118083953857422
NCc1ccnn1-c1ccc(-c2ccccc2CN2CCC2)cc1F,34.10310363769531
C=C1CN(C)CC2C1=NN(c1ccc(-c3ccc(CC#N)cc3)nc1)C2c1ccc(C#N)cc1,29.71942710876465
N#Cc1cccc(-c2cc(-c3ccc(N)nc3)nc(-c3ccc(N4CCCCC4)nc3)c2)c1,17.866134643554688
N#Cc1ccc(-c2cccc(Cn3c(C#N)nc4ccccc43)c2C#N)cc1,27.908655166625977
O=C1NC(=O)C(c2ccc(Oc3ccccc3)cc2)(N2CCCC2=O)C(=O)N1,22.741952896118164
N#Cc1cnc(-c2ccc(F)c(C#N)c2)cn1,15.958284378051758
Cc1cc(-n2c(=O)c3cc4c(=O)n(-c5ccc(C#N)cc5)c(=O)c4cc3c2=O)ccc1C#N,13.549782752990723
N#Cc1ccc(-c2ccc(CCN3C(=O)c4ccccc4C3=O)cn2)cc1,18.49788475036621
N#Cc1ccc(COCc2ccc(CNCC(O)c3ccc(N)cc3)nc2)c(-c2ccc(N)cc2)c1,30.870136260986328
CC1(C)COc2c(C#N)cc(C#Cc3ccc(C#N)cc3)cc21,14.737332344055176
O=C1Nc2ccccc2N2CCCC12,17.50926971435547
N#Cc1ccc(-c2nc(-c3ccc(N)cc3)ncc2C#N)cc1,14.292236328125
CCN(C(=O)c1ccc(C#N)cc1)c1ccc(OCC(=O)c2cc(C)n(-c3ccc(C#N)cc3)c2C)cc1,25.521839141845703
CN(C)c1ccc(C=CC=NNC(=O)c2ccc(N)cc2)cc1,21.642494201660156
Cn1c(CO)c(-c2ccc(C#N)cc2)cc(C#N)c1=O,15.705880165100098
Cc1ccc(-c2ccc(-c3c(-c4ccncc4)oc4ccc(Cl)cc4c3=O)cc2)cc1,27.296062469482422
Cn1cc(-c2ccc3nc(N)c(-c4ccc(F)cc4)n3c2)c(-c2ccc(C#N)cc2)n1,15.245678901672363
Cc1cc(C#N)cc2nc(-c3ccc(CNCC(=O)N4CCN(C=O)CC4)cc3)oc12,23.90316390991211
Nc1ccc(C(=O)Nc2ccc(CCCCc3ccc(S(N)(=O)=O)cc3)cc2)cc1,25.606637954711914
C(=C1c2ccccc2-c2ccccc21)c1ccccn1,18.69348907470703
Cc1cc(N2CCOCC2)nc2ccccc12,14.620345115661621
CC1=Nc2cc(-c3ccccc3)ccc2C(=O)C1(C)C,19.082685470581055
Cc1nc2cc(Cl)c(Cl)cc2n1-c1ccc(C#N)cc1,18.12409019470215
Cc1ccc(-c2ccc(C#N)cc2)n1-c1ccc(C(N)=O)cc1,13.264798164367676
Clc1nc(Cl)nc(-c2ccc(-c3cc(-c4ccccc4)cc(-c4ccc5ncccc5c4)c3)cc2)n1,19.052417755126953
N#Cc1ccc(-c2nc(-c3ccc(N)cc3)cn3c(-c4ccc(C#N)cc4)cnc23)cc1,15.560970306396484
Cc1cc(C#N)ccc1-n1c(=O)c2cc3c(=O)n(-c4ccc(C#N)cc4)c(=O)c3cc2c1=O,13.549337387084961
CC1CCc2cc(-c3ccc(C#N)cc3)ccc2N1C(=O)c1ccccc1C(N)=O,23.093660354614258
C=CCn1c(-c2ccc([N+](=O)[O-])cc2)csc1=NN=Cc1ccc(-n2cnc(C)c2)c(OC)c1,27.1070499420166
O=C1c2ccccc2C(=O)c2c1cccc2[N+](=O)[O-],16.77791976928711
Oc1ccc(O)c2c(O)c3ccccc3c(O)c12,19.392040252685547
N#Cc1ccc(=NC(=O)N=c2cc(-c3ccc(F)cc3)[nH]c(-c3ccccn3)n2)[nH]c1,24.434528350830078
O=C(CN1c2ccccc2CCc2ccccc21)N=c1cc[nH]cc1,22.908246994018555
CC1(C)CCc2c(nc(-c3ccc(C#N)cc3)nc2-c2ccc(C#N)c(N)c2)O1,20.000446319580078
Cc1c(C#N)cc(-c2ccc(C#N)cc2)n1-c1ccc(C#N)cc1,9.273686408996582
Nn1c(-c2ccccc2)n[nH]c1=S,13.454793930053711
N#Cc1ccc(-c2ccc3ncc(C#N)cc3c2)cc1,18.315113067626953
CN(C)c1ccc(N=c2c3ccc(N)cc3[nH]c3cc(N)ccc23)cc1,14.8178071975708
N#Cc1ccc(OCCCNS(N)(=O)=O)cc1,22.825244903564453
CN1Cc2ccccc2C(c2ccc(F)cc2)C1,20.232370376586914
Cc1cc(C(=O)C=Cc2cccc(O)c2)c(C)o1,21.1759033203125
N=C(N)c1ccc(-c2ccc(-c3cc(-c4ccccc4)cc(-c4ccc(-c5nc(Cl)nc(Cl)n5)cc4)c3)cc2)cc1,12.365093231201172
N#Cc1ccc2nc(-c3nc(-c4ccc(N)cc4)cc(-c4ccc(N5CCN(C(=O)C6C(=O)OCC6c6ccccc6)CC5)cc4)n3)ccc2c1,39.726417541503906
Cc1cc2nc(-c3ccc(C=NNc4cccc5ncccc45)cc3)n(C)c2cc1C,29.18415641784668
Cc1cc(C)c(-c2nc3c([nH]2)CN(C)CC3)cc1C(=O)N1CCC(F)(c2ccc(C#N)cc2)CC1,24.235307693481445
CC(=O)NCCCc1cc2c(C#N)c(-c3ccc(C#N)cc3)c(=O)[nH]c2[nH]1,33.25210189819336
N#Cc1ccc(-c2cc3cc(-c4ccnc(Cl)n4)ccc3n2-c2cccc(C#N)n2)cc1,25.636690139770508
N=CC(=O)N1CC(CCl)c2c1cc(N)c1ccccc21,24.682857513427734
N#Cc1ccc(-c2cn(-c3ccccc3)cc2C#N)cc1,12.202183723449707
CN(Cc1ccccc1)Cc1ccc(C=C2Oc3cc(O)ccc3C2=O)cc1,19.649681091308594
O=c1c2ccccc2[nH]c(=S)n1-c1ccc(F)cc1,21.174419403076172
Nc1cc(O)c(N=Cc2ccc(O)c(O)c2)cc1O,10.85731315612793
Clc1ccccc1C=C1CCN=C1c1cccnc1,21.564367294311523
N#Cc1ccc(N=Cc2c(O)c(O)c3ccccc3c2O)cc1,13.691973686218262
N#Cc1ccc(-c2nc(Cc3nnc(-c4ccccc4)[nH]3)nc(-c3ccc(N=Cc4ccc(O)cc4)nc3)n2)cc1,30.17678451538086
N#Cc1ccc(-c2nnc(-c3ccccc3)c(-c3ccc(C(=O)O)cc3)n2)cc1,18.27389144897461
Cc1cc(C(=O)O)cc(-c2ccc(C#N)cc2)c1,19.5135555267334
CN1CCN(CC(=O)Nc2ccc(-c3cc(-c4ccc(N)nc4)cc4ncc(N5CCN(C)CC5)n34)cc2)CC1,37.932945251464844
COc1cc2[nH]c(N3CCN(c4ccc(C#N)cn4)CC3)nc(=N)c2cc1OC,22.447309494018555
CC(C)=Nc1cc(O)cc(N=Cc2ccccc2)c1O,21.060768127441406
Cc1ccc(C#CC2=CC(C)(C)NC(C)(C)C2)o1,19.897300720214844
N#Cc1ccc[n+]([O-])c1,14.512374877929688
CC(C)c1ccc(-c2cc(C(O)CN)ccc2O)cc1,18.800067901611328
CN1CCC(c2c(O)n(-c3ccccc3)c(=S)n2C2C=Cc3ccccc32)CC1,35.80904006958008
N#Cc1ccc(COc2ccc(C#N)cc2)cc1,11.034448623657227
O=C(Nc1cccc(O)c1)c1cc(=O)c2ccccc2o1,20.825525283813477
NCCN=c1[nH]c(-c2ccc(N)cc2)nc2ccccc12,15.940068244934082
N#Cc1ccc(Oc2ccc(-c3ccc(C(N)=O)cn3)cc2)cc1,22.29820442199707
CCN(Cc1ccccc1)C(=O)CSc1ncccc1C(=O)OC,29.670337677001953
CCn1cc(C#N)c2cc3cc(F)ccc3c(C#N)c21,26.888647079467773
N#Cc1cccc(-c2cccc(-c3ccncn3)c2)c1,19.865842819213867
CCN(CC)c1ccc(C=Nc2cc(-c3ccc(C)cc3)cc(-c3ccc(N4C(=O)c5ccccc5C4=O)cc3)n2)cc1,24.569284439086914
N#Cc1ccc(N=c2ccc(-c3ccc(CC(C#N)NC(=O)C4NC5CCC4C5)cc3)n[nH]2)cn1,25.796964645385742
Nc1ccc(-c2nc(-c3ccc(F)cc3)nc(-c3ccc(N4C(=O)c5ccc6c7c(ccc(c57)C4=O)C(=O)OC6=O)cc3)n2)cc1,9.748237609863281
N#Cc1ccc(-c2cc(=N)n(-c3ccc(C#N)cc3)[nH]2)cc1,19.58005714416504
Nc1ccc(-c2nc(-c3ccc(N4C(=O)c5ccc6c7c(ccc(c57)C4=O)C(=O)OC6=O)cc3)nc(-c3ccccc3F)n2)cc1,11.071823120117188
CC(C)c1ccc(-n2c(-c3ccccc3)cc3c2cc(-c2ccc(C#N)cc2)n3-c2ccc(C#N)cc2)cc1,11.173738479614258
CN(C)c1ccc(C=Nc2ccc(-c3cc(=NCc4ccco4)nc(-c4ccccc4)[nH]3)[nH]2)cc1,30.19384002685547
CN(C)c1ccc(S(=O)(=O)N(C)N=Cc2ccc(N)c3ccccc23)cc1C(=O)O,38.29178237915039
COc1ncc2nc(-c3ccc(N)cc3)c(=O)n(CCc3ccccc3)c2n1,18.44675636291504
N#Cc1ccc(C(=O)C=Cc2ccc(N=c3cc[nH]c4cc(Cl)ccc34)cc2)cc1,18.42266845703125
N#Cc1ccc(-c2cccc(-c3cnc(C#N)nc3)c2)cc1,11.622179985046387
N#Cc1ccc(-c2cc(C(=O)O)nn2-c2ccc(C(=O)O)cc2)cc1,19.017486572265625
C=CCCOc1ccc(C=O)cc1OC,18.989233016967773
COc1cc(C(N)=O)ccc1N=c1nc(-c2cnc(N3CCC(F)C3)c(C#N)c2)cc[nH]1,18.413209915161133
NC(=S)N=Nc1c(O)n(CN2CCOCC2)c2ccccc12,18.01422119140625
Nc1ccc(-c2nc3cc(N)ccc3[nH]2)cc1,13.260571479797363
Oc1ccc(C=Cc2ccccc2F)cc1,18.941068649291992
Cc1ccccc1OCCCc1c(C)cc(C)c(N)c1C,29.745180130004883
CN1CCN(c2ccc(-c3cc(-c4ccc(C#N)cc4)nc(-c4ccc(N)cc4)n3)cc2)CC1,10.481391906738281
N#CC(O)c1ccc(-c2cc(F)cc(F)c2)nc1,23.965179443359375
CCn1c(-c2ccc(N)cc2)cc2c1cc(-c1ccc(C#N)cc1)n2-c1ccc(C#N)cc1,17.588172912597656
Cc1nn(C)c(C)c1S(=O)(=O)N(C)c1cccc(-c2ccc(C(F)(F)F)cc2)c1C,26.885311126708984
O=C1Nc2cc(-c3ccc(-n4cnc(-c5ccco5)n4)cc3)ccc2C1=Cc1ccc(Br)cc1F,41.63994216918945
CCNC(=O)N=c1[nH]c2cc(-c3ccc(C#N)cc3)cc(-c3ccc(C#N)cc3)c2[nH]1,14.064717292785645
CN(c1ccc(C(O)(C(F)(F)F)C(F)(F)F)cc1)S(=O)(=O)c1cccc(C#N)c1,23.560693740844727
N#Cc1ccc(N=c2cc[nH]c(=Nc3ccc(N)cc3)[nH]2)cc1,17.50631332397461
N#Cc1ccc(-c2cnc3cnc(-c4ccsc4)cn23)cc1,19.40176773071289
CC(=O)Nc1cnc2ccc(-c3cc(NC(=O)c4ccc(C#N)cc4)ccc3Cl)cc2c1N1CCCC(N)C1,36.04994201660156
N#Cc1ccc(-c2nc3nn(-c4ccc(C#N)cc4)c(N)c3c(C#N)c2C#N)cc1,25.592405319213867
COc1cc2c(cc1OC)C(C(=O)Nc1ccccc1)C(c1ccc3c(c1)OCO3)N(C)C2=O,26.73192024230957
N#Cc1ccc(-c2nc(N3CCOCC3)nc3c(N)csc23)cc1,28.624170303344727
N#Cc1ccc(N=c2nc(Oc3ccc(C#N)cc3)c([N+](=O)[O-])c[nH]2)cc1,19.095487594604492
Cc1nc(-c2ccncc2)nc(N2CCN(c3ccc(-c4nc(C)no4)nc3)C(C)C2)n1,25.699750900268555
N#Cc1c(-c2ccc(Cl)cc2)oc2ccc(Cl)cc12,17.326353073120117
COc1ccc2c3c(c(=O)oc2c1)OC(C)(C)CC3,21.28668785095215
Cc1ccc2c(c1)Sc1cc[n+]([O-])cc1N2C,26.586048126220703
O=C1COc2ccc(-c3cnc4ccccc4c3)cc2N1,21.421810150146484
N#Cc1cccc(-c2nc(N)c(C#N)cc2C#N)c1,17.369789123535156
Nc1ccc(-c2nc(-c3ccc(N)cc3)nc(-c3ccc(-c4ccccc4)cc3)n2)cc1,14.019561767578125
N#Cc1c(N)oc2ccccc12,15.022306442260742
Cn1c2ccc(NCc3cnc4ccccc4c3)cc2c(=O)c2cc(-c3ccc(N)cc3)ccc21,35.73582458496094
N#CC(C=N)c1ccc(O)cc1,17.15450668334961
N#Cc1ccc(-c2nc(-c3ccc(N4C(=O)c5ccc6c7c(ccc(c57)C4=O)C(=O)OC6=O)cc3)no2)cn1,13.194782257080078
COc1cc(C#N)ccc1N=c1nc2c(c[nH]1)c1ccncc1n2C1CCCC1,19.199359893798828
O=C(Nc1ccc(-c2nc3ccccc3s2)cc1)c1cccc(-c2ccccc2)n1,25.239328384399414
N#Cc1ccc(Cc2cc3c(c(-c4ccc(C#N)cc4)c2)C(=O)c2ccccc2C3=O)cc1,23.96596336364746
CN1Cc2cc(-c3ccc(C#N)cc3)ccc2C1=O,12.721771240234375
N#Cc1ccc(-c2cc(-c3ccccc3)cc(-c3ccc(C#N)cc3)n2)cc1,12.726480484008789
Cn1c(N2CCNC(c3ccc(F)cc3)C2)nc(-c2ccncc2F)cc1=O,16.75554084777832
N#Cc1ccc(F)c(C#N)c1,9.021275520324707
N#Cc1ccc(-c2ccc(C#N)c(C#N)c2)cc1,8.646187782287598
CC(C)NCC1CC(N)c2cc(-c3cccc(C#N)c3)ccc2O1,24.335708618164062
Cn1c2c(c3ccc(N)cc3c1=O)C(=O)c1ccccc1-2,18.829792022705078
N#Cc1ccc(-c2ccc(C#Cc3nc(C#N)ccc3C#N)nc2)cc1,18.59243392944336
NC(=O)CNC(=O)C(Cc1ccc(O)cc1)=NC(=O)CCc1ccc(O)cc1,24.72332000732422
Nc1ccc(-c2nc(-c3ccc(N=Cc4cc(C=O)c(O)c(C=O)c4O)nc3)nc(-c3ccc(Cl)s3)n2)cn1,16.46613883972168
Nc1ccc(-c2noc(-c3cccc(-n4c(O)c5n(c4=O)CCC5O)c3)n2)cc1,22.689977645874023
Nc1ccc(C=CC(=O)c2cccc3ccccc23)cc1,18.411270141601562
COc1ccc(CN=c2nc(-c3ccc(Cl)cc3)cn[nH]2)cc1,20.60076904296875
CN(C)c1ccc(-c2cc(-c3ccc(N)cc3)nc(-c3ccc(N)cc3)n2)cc1,11.480688095092773
Cc1nc(N(C)C)n2nc(C)c(-c3ccccc3)c2n1,19.970733642578125
Nc1ccc2[nH]cnc(=Nc3cccc(O)c3)c2c1,15.000873565673828
N#Cc1ccc(-c2c(C#N)cnn2-c2ccc(C#N)cc2)cc1,13.183971405029297
COc1cc2c(cc1O)OCOc1c(-c3cccc(N)c3)cc(-c3ccc(N)cc3)nc1-2,29.662872314453125
C=CCC(=O)NCc1cc(Br)ccc1O,29.668182373046875
N#CCc1nc(-c2cccc(-c3ccc(C#N)cc3)c2)cs1,20.86752700805664
CNc1ncc(-c2nc(C)nc(-c3ccc(N)nc3)n2)cn1,17.20532989501953
N#Cc1ccc(C=CCn2cc(Cl)c(=O)[nH]c2=O)cc1,20.446657180786133
N#Cc1ccc(-c2cc[nH]c(=Nc3ccc4c(c3)OCCO4)n2)s1,25.547231674194336
Cc1nc(=NC(=O)N2CCCc3cc(C#N)ccc32)cc(-c2ccc3ncsc3c2)[nH]1,22.744213104248047
Nc1ccc(-c2ccc(Cc3cc4cc(-c5ccncc5)ccc4s3)cn2)cn1,26.716835021972656
C=CCOc1ccc(-c2nc(-c3cnc(N4CCCC4)nc3)nc(-c3cccc(C)n3)n2)c(C)c1C,31.351476669311523
O=C1N=CCC1=Cc1ccc(Cl)c(Cl)c1,27.690645217895508
N#Cc1ccc(-c2cc(-c3ccc4c(c3)OCCO4)nc(-c3ccc(N)s3)c2)cc1,23.493915557861328
Cc1cc(C(C)(C)NC(=O)c2ccc3c(c2)c(C)c(C)n3Cc2ccc(-c3ccccc3C(=O)O)cc2)cc(C)n1,29.614328384399414
CCCS(=O)(=O)NCc1ccc(C#N)cc1,19.518823623657227
CN(C)c1cc(N=c2nc(-c3ccc(N4CCCC4)c(C#N)c3)cc[nH]2)ccc1-c1ccc(=O)[nH]c1,35.00879669189453
Nc1ccc(-c2nc(-c3ccncc3)nc(-c3ccc(N=Cc4cc(C=O)cc(C=O)c4O)nc3)n2)cc1,11.014800071716309
CC(C)CN1C(C)Cc2ccc(O)cc2C1c1ccc(C=CC(=O)O)cc1,17.791982650756836
N#Cc1ccc(-c2ccc(-c3ccc4[nH]c(-c5ccc(C(O)=NO)cc5)nc(=N)c4c3)cn2)cc1,23.40362548828125
N#Cc1ccc(-c2cnc(N)c(C#N)c2)cc1,11.258023262023926
N#Cc1ccc(CNC(=O)c2cc(-c3ccc(C#N)cc3)nc3ccccc23)cc1,16.10015106201172
N#Cc1cc[nH]c(=N)c1,13.553999900817871
CCN(CC)c1ncnc(C#N)n1,11.224934577941895
O=c1oc(-c2ccc(O)cc2)nc2ccccc12,17.261905670166016
COc1cc(-c2ccc(OCC#N)c(C#N)c2)ccc1-c1nc2ccccc2n(C)c1=O,35.90782928466797
NC(=O)c1ccc(-c2cc(-c3ccccc3)cc(-c3ccc(-c4nc(Cl)nc(Cl)n4)cc3)c2)cc1,9.069782257080078
N=c1nc(-c2ccc(-c3cc(-c4ccccc4)cc(-c4ccc(-c5nc(Cl)nc(Cl)n5)cc4)c3)cc2)cc[nH]1,13.408434867858887
Nc1ccc(-c2ccco2)cc1,17.011749267578125
CN(C)c1ncc(-c2nc(-c3nc(=O)o[nH]3)cc3nc(-c4ccc(C5(N)CCC5)cc4)c(-c4ccc(C#N)cc4)n23)cn1,28.117652893066406
Cc1[nH]c2cc3c(cc2c(=O)c1C#N)c(O)cc(=O)n3C,21.194440841674805
C=C(C)C1CCC(C2CCC3(C)C(C)(C)C4C5(CCC4(C)C23C)CN(CC(=O)Nc2ccc(C#N)cc2C#N)C(=O)N5C)C1C,46.59446716308594
N#Cc1ccc(-c2ccc3c(N4CCOCC4)nc(-c4ccc(N)cc4)nc3n2)cc1,16.84758758544922
OC1(CN2CCC(NCC(c3ccccc3)c3ccccc3)CC2)c2ccccc2-c2ccccc21,29.95382308959961
Cc1ccc(-c2nn(-c3ccc(C#N)cc3)cc2C(=O)Nc2cccc(C#N)c2)cc1,20.809707641601562
CC(C)=c1[nH]c2ccccc2c1=Cc1[nH]c(=N)[nH]c1C,29.45293426513672
CC(O)c1cc(O)c2c(O)c3c(cc2c1O)C(=O)C=CC3=O,26.731990814208984
N#Cc1cccc(-c2ccc(C(N)=O)c(=N)[nH]2)c1,21.67607879638672
CC(=NN=c1[nH]c2ccccc2nc1Cc1ccc(C)cc1)c1ccc(Br)cc1,24.990686416625977
N#Cc1ccc(NC(=O)COc2ccc(-c3ccc(C#N)cc3)cc2)cc1,17.07084083557129
N#Cc1cccc(C(=O)NC2C(O)OC(CO)C(O)C2O)c1,21.871936798095703
Nc1ccc(-c2nc(-c3ccccc3)nc(-c3ccc(N4C(=O)c5ccc6c7c(ccc(c57)C4=O)C(=O)OC6=O)cc3)n2)cn1,11.11270809173584
Cc1ccc2c(c1)C=NN(C(=O)c1ccc(Cl)cc1)C2c1ccc(F)cc1,30.3256778717041
N#Cc1cnn2c(-c3ccccc3)ccnc12,16.047163009643555
C=CC(=O)C=Cc1c(O)[nH]c(SC)nc1=O,27.811227798461914
N#Cc1ccc(-c2cc(C#N)c(C#N)c(C#N)n2)cc1,10.452974319458008
N#Cc1ccc(Nc2ccc(-c3nnn(-c4ccc(C#N)cc4)n3)cc2)cc1,18.733369827270508
Cc1cccc(-n2cc(C(=O)c3cccc(C#N)c3)cc(C#N)c2=O)n1,22.3721866607666
Cc1nc2scc(-c3ccc(N)cc3)c2c(N)c1C#N,19.672840118408203
Nc1ccc(-c2nc(-c3ccc(N=Cc4ccc(O)cc4)cc3)nc(-c3ccccc3O)n2)cc1,17.33736801147461
CON=C1CC(C)(C)N(C(C)=O)C(C)(C)C1,24.12801170349121
Nc1ccc(-c2nc(-c3ccc(N)cc3)nc(-c3ccc(Cl)cc3)n2)cc1,11.921030044555664
N#Cc1ccc(-c2cc3c(cc(-c4ccc(C#N)cc4)n3-c3ccc(C#N)cn3)n2-c2ccc(C#N)cc2)cc1,11.287862777709961
Cc1c(C=CC#N)c2ccc(O)cc2n1C,19.65508270263672
NC(CCc1ccc(O)cc1)C(=O)O,19.917882919311523
N#Cc1ccc(-c2cnc(N)cc2-c2ccc(C#N)cc2)cc1,10.39967155456543
C=Nc1nc(-c2ccc(N3CCNOC3=O)cc2)nc(-c2cc(=NCC#N)c(=O)n(-c3ccc(C#N)cc3)[nH]2)n1,37.83374786376953
Nc1ccc(-c2nc(-c3ccc(N)nc3)nc(-c3ccc(N=Cc4ccc(O)c(S(=O)(=O)O)c4)nc3)n2)cn1,22.798786163330078
Nc1ccc(-c2nc(-c3ccc(N)cc3)nc(-c3ccc(N4C(=O)c5cccc6cc(S(=O)(=O)O)cc(c56)C4=O)cc3)n2)cc1,12.817437171936035
Nc1ccc(-c2nc(-c3ccc(N4C(=O)c5ccc6c7c(ccc(c57)C4=O)C(=O)OC6=O)cc3)nc(-c3ccc4c(c3)OCO4)n2)cc1,13.70007038116455
OCC1OC(n2cnc3c(=NC4CCCC4)[nH]cnc32)C(O)C1O,17.535350799560547
Cc1ccc2nc(-n3c(-c4ccc(C#N)cc4)cc4c3cc(-c3ccc(C#N)cc3)n4-c3ccc(C#N)cc3)sc2c1,10.243681907653809
COc1cc2c(cc1OC)-c1c(C#N)c(=O)c3ccc(-c4nc(C)c[nH]4)cc3n1CC2,38.1932373046875
N#Cc1ccn2ncc(N=NC(=O)c3cc(O)ccc3O)c2c1,21.225553512573242
CC1(C)CN=C(c2ccc(-c3ncc(-c4ccccc4)o3)cc2)N1,21.766069412231445
N#Cc1ccc(C=NNc2ccc(C#N)cc2)cc1,13.420717239379883
O=C(c1ccc(O)cc1)c1ccc(-c2ccc(C=C[N+](=O)[O-])cc2)cc1,23.874719619750977
CCOC(=O)C=CC=Cc1c(-c2ccc(C#N)cc2)nn(-c2ccc(C)cc2)c1O,28.02943229675293
N#Cc1ccc(-c2cc3ccc(C#N)cc3c(=O)n2-c2ccc(-c3ccccc3)cc2)cc1,13.896374702453613
N#Cc1ccc(Oc2ccc(NC(=O)c3cc(-c4ccc(C#N)cc4)ncn3)cc2)cc1,17.118059158325195
CC(C)(Oc1ccccc1-n1c(-c2ccc(C#N)cc2)nc2ncccc2c1=O)C(=O)O,35.49790573120117
N#Cc1c2n(c(=O)c3sccc13)CCCCC2,15.453364372253418
CC1(C)CC(=O)c2cn(-c3ccc(N)cc3)c(C#N)c2C1,20.674697875976562
N#Cc1ccc(-c2nc(-c3ccc(N)nc3)nc(-c3ccc(N=Cc4cc(C=O)cc(C=O)c4O)nc3)n2)cc1,8.376837730407715
Cc1ccc2[nH]c(-c3ccccc3)c(N=Nc3nc(C)nc(=N)[nH]3)c2c1,30.67816162109375
CC(N)C1CN(c2ccc(-c3ccc(C#N)cc3F)cn2)CCN1,31.491260528564453
Cc1cc(C#N)cc(C)c1Oc1ccc(S(=O)(=O)N=c2ccc(F)c[nH]2)cc1C#N,13.640951156616211
O=C(C=Cc1ccc(-n2nnc3ccccc32)cc1)Nc1ccc(-c2nc3ccccc3s2)cc1,28.487083435058594
N#Cc1ccc(-c2ccc(-c3ccc(-c4cc[n+](CC(=O)c5ccc(-c6ccccc6)cc5)cc4)cc3)s2)cc1,22.642763137817383
CC(C)(c1ccccc1)c1ccccc1,17.52279281616211
Cc1ccc2nc(-n3c(-c4ccc(C#N)cc4)cc4c3cc(-c3ccc(C#N)cc3)n4-c3nc4c(C)cccc4s3)sc2c1,16.996559143066406
Cc1cc(=Nc2ccncc2)n2[nH]c(C)cc2n1,18.439495086669922
CC(=O)N1CCN(Cc2ccc(C#N)cc2)CC1,15.838891983032227
COc1cccc(-c2nc(-c3ccc(N)nc3)nc(-c3ccc(N=Cc4cc(C=O)c(O)c(C=O)c4O)nc3)n2)c1,14.060384750366211
OC12CCN=C(c3ccccc31)c1ccccc12,22.12666130065918
COC(=O)c1cc(NC(=O)c2ccc(NC(=O)Cc3ccc(N=c4nc(-c5cccnc5)cc[nH]4)cc3)cc2)cn1C,35.05093765258789
N#Cc1ccc2oc(-c3cccs3)cc(=O)c2c1,21.33993911743164
N#Cc1ccc(C[S+]([O-])CC(=O)Nc2ccccc2C#N)cc1,20.492145538330078
N#COCc1ccc(-c2nc(-c3ccc(N)nc3)nn2-c2ccc(C(N)=O)cc2)cc1,29.029644012451172
CN1CCN(c2ncc3c(n2)C(=O)N(c2cccc(Cl)c2)C3=O)CC1,24.180173873901367
N#CC1(CO)CN2C(=O)OCC2(O)C1O,36.22468948364258
N#Cc1ccc(C(=O)Nc2ccc(-n3nc(-c4ccc(C#N)cc4)cc3-c3ccc(O)cc3)cc2)cc1,23.943096160888672
Cc1cc(C=NN=c2[nH]c(-c3ccc4c(c3)OCCO4)cs2)c(C)n1-c1ccc(C#N)cc1,24.102502822875977
N#Cc1ccc(-c2ccc(CN3C(=O)N(c4ccccc4)S(=O)(=O)c4cc(N)ccc43)cc2)cc1,26.381040573120117
N#Cc1ccc(C=Cc2cc(F)cc(C#N)c2)cc1,17.58931541442871
Cn1cncc1C#N,15.387882232666016
Cc1noc(-c2nc(-c3ccc(N4CCCC4)nc3)c3c(n2)C(C)(C)OC3)n1,22.181995391845703
CC=c1[nH]c(=NC)nc2c1=NC(=NCc1ccc(-c3cccnc3)cc1)N=C2NC1CC1,24.338796615600586
N#Cc1ccc(-c2cc(-c3cccs3)nc(-c3ccc(C#N)cc3)c2-c2ccncn2)cc1,20.93519401550293
C#CCn1cnc2c(=N)[nH]c(-[n+]3ccc(C#N)cc3)nc21,26.839733123779297
Cc1ccc(-c2c(C#N)c(N)[nH]c(=N)c2C#N)cc1,13.17911148071289
Cc1cc[nH]c(=O)c1C#N,19.715538024902344
CC1COCCN1c1nc(-c2cnc(=N)[nH]c2)c2c(n1)N(Cc1cccs1)CC2,25.840253829956055
N#Cc1ccc(-c2cc(-c3ccc(N)nc3)nc(-c3ccc(N)nc3)n2)nc1,12.469097137451172
N#Cc1ccc(C(=O)NN=Cc2cccn2-c2ccccc2)cc1,21.066251754760742
Nc1ccc(-c2csc(-c3ccc(C=O)cc3)n2)cc1,15.805744171142578
O=C(O)c1cc(-c2ccc3c(=NNc4ccc(S(=O)(=O)O)cc4)c4ccccc4[nH]c3c2)ccn1,41.73134231567383
N#Cc1ccc(C(=O)N=c2[nH]nc(-c3ccc(C#N)cc3)s2)cc1,16.548952102661133
N#Cc1cccc(C(O)C(F)(F)F)c1,19.38707160949707
CC(=O)Nc1ccc(-c2nc(-c3ccc(C#N)cc3)cc(-c3cccc4ccccc34)n2)cc1,23.228960037231445
N#CC=C(C#N)C#N,9.950885772705078
N#Cc1cccc(C=CC(=O)N2CCN(c3ncc4ccc(C#N)cc4n3)CC2)c1,25.905317306518555
Cc1ccc(C#N)cc1Nc1ccc2c(c1)C(=O)c1ccccc1C2=O,18.409271240234375
N#Cc1ccc(-c2cc3ncc(-c4ccc(C#N)nc4)cc3n2-c2nc3ccc(C#N)cc3s2)cc1,21.621681213378906
COc1ccc(-n2c(SCC(=O)N=c3cc(C)[nH][nH]3)nnc2-c2ccco2)cc1,25.43830680847168
Nc1ccc(-c2nc(-c3ccc(N=Cc4c(O)c(C=O)c(O)c(C=O)c4O)nc3)nc(-c3cnc(N)nc3)n2)cn1,14.694233894348145
O=C1C(=Nc2ccc(NN=Nc3ccccc3)cc2)C(N2CCCC2)C(=O)c2ccccc21,27.9953556060791
COc1ccc(C(=O)Nc2ccc(-c3nc(-c4ccc(N)cc4)nc(-c4ccc(N)cc4)n3)cc2)cc1,17.550609588623047
O=Cc1c(O)c(C=O)c(O)c(C=O)c1O,12.31121826171875
Cc1ccc2nc(N3CCN(C(=O)OCc4ccc(C#N)cc4)CC3)sc2c1,27.13950538635254
N#Cc1ccc(-c2nn(-c3ccccc3)cc2C=C2SC(=N)NC2=O)cc1,17.429452896118164
COC1=CC(=O)c2cc3cc(O)cc(COC(=O)C=Cc4ccc(C#N)cc4)c3c(O)c2C1=O,29.785572052001953
CCc1n[nH]c(=NC(=O)CC(Sc2ccccn2)C(N)=O)s1,33.43581008911133
Cc1cc(C)c2nc(-c3ccc(N)cc3)ccc2c1,16.23161506652832
Cn1[nH]c(=O)c2cc3c(cc2c1=O)C(=O)OC3=O,13.946857452392578
CN1CCN(Cc2ccc(-c3ccc4c(=Nc5ccc(C#N)cc5)cc[nH]c4c3)cc2N)CC1,21.062753677368164
C#CCN(C#N)C(=O)c1ccccc1O,24.54252052307129
N#Cc1cc(C#N)nc(-c2ccc(N)cc2)n1,15.551044464111328
N#Cc1ccc(C=Cc2nc3ccccc3c(=O)n2-c2ccc(C#N)cc2)cc1,9.261305809020996
CN1CCCC(C(=O)O)C1,20.479248046875
N#Cc1ccc(NC(=O)c2ccc(N)cc2Cl)cc1,17.79729461669922
Cc1ccc(C=Nc2ccc(-c3ccc(N)c(-c4nc(-c5ccc(O)cc5)nc(-c5ccc(N=Cc6cc(C=O)c(O)c(C=O)c6O)nc5)n4)c3)nc2)cc1,32.799739837646484
Cc1ccn2cc(-c3ccc(NC(=O)c4ccco4)cc3)nc2c1,22.540672302246094
N#Cc1ccc(Nc2ccccc2C(=O)O)cc1,15.300999641418457
Cc1ccc2nc(-n3c(-c4ccc(C#N)cc4)cc4c3cc(-c3cccnc3)n4-c3ccc(C(C)C)cc3)sc2c1,12.66677188873291
CC(C)N1CCN(c2ccc(-c3nc4c(-c5cnccn5)cc(-c5ccc(C#N)cc5)cc4[nH]3)cc2)CC1,29.179710388183594
COc1ccc(C=Nc2ccccc2)cc1OC,18.726173400878906
C#Cc1ccc(C#N)cc1N,11.786663055419922
CN(C)c1cc(N=c2cc[nH]c3cc(C#N)ccc23)ncn1,24.244388580322266
Cc1noc(C)c1Cn1ccc(N2C(=O)NCc3ccccc32)c1,27.000425338745117
N#Cc1ccc(-c2ccc(N3CCNCC3)nc2)cc1,12.148954391479492
CC1CN(CCN2CCC(C)(C)CC2=O)CCc2cc(C#N)ccc21,28.04262351989746
N#Cc1ccc(Oc2ccc3cc(C#N)ccc3c2)cc1,17.685029983520508
C=C(C=CC(C)C)C1C2OC23CC=C2C(C)CCC4OC(C24)C13C(=O)O,55.74492263793945
Nc1ccc(-c2cc(-c3ccc(N)nc3)nc(-c3ccc(N)cc3)n2)cc1,11.538206100463867
Nc1ccc(-c2nc(-c3ccc(N)cc3)nc(-c3ccc(-c4ccc(-c5cc(-c6ccccc6)cc(-c6ccc(-c7nc(Cl)nc(Cl)n7)cc6)c5)cc4)cc3)n2)cc1,12.391475677490234
Nc1ccc2c(c1)C(=O)Nc1ccccc1N2,15.602606773376465
CC(=O)C=CC=CC=CC(=O)CCCC(=O)O,28.05445098876953
N#Cc1c2c(c(=O)n3c1CCC3)CCCC2,12.059819221496582
COc1ccc(-c2cc(-c3ccc(OC)cc3)[nH]c(=NN=Cc3ccc(O)c(OC)c3)n2)cc1,13.68700885772705
CN1CCN(CCc2ccc(-c3ccc(C#N)cn3)nc2)CC1,13.834859848022461
N#Cc1nc(C#N)c(N)nc1N,14.812070846557617
CC1(C)Oc2c(O)ccc(O)c2-c2oc(O)cc21,26.060869216918945
CC(=O)c1cc2c(cc1O)OC(C)(C)CC2,20.520505905151367
Cc1oc(-c2ccccc2)nc1CCOc1ccc(C(=O)Oc2ccc(C#N)cc2)cc1,25.88181495666504
Cc1cc(-n2c(C)nc3ccc(-c4ccc(C#N)cc4)cc32)ccc1-c1ccc(C(N)=O)cc1,21.352758407592773
COc1cc(-c2nc(=Nc3cccc4ccccc34)c3cc(OC)c(OC)cc3[nH]2)ccc1N,30.62979507446289
C#Cc1ccc2ccccc2c1C#N,12.690787315368652
N#Cc1ccc(-c2ccc(-c3nc4ccccn4c3-c3cc[nH]c(=N)n3)cc2)cc1,18.90660285949707
N#Cc1ccc(-c2ccc3c(F)c(C#N)cc(C#N)c3c2)cc1,13.66122817993164
Cc1nc2c(nc(C)n2-c2ccc(Cl)cc2)c(=NCc2nnc(C)n2-c2ccccc2F)[nH]1,33.75282669067383
Cc1cccc(NC(=O)Cc2ccc(N=c3cc[nH]c4cc(-c5ccc(N6CCN(C)CC6)cc5)ccc34)cc2)c1,28.757400512695312
Nc1ccc(-c2nc(N=Cc3cccc(C=CN=Cc4ccc(-c5ccc(Cl)cc5)cc4)c3O)ncc2-c2nc(-c3ccc(N)nc3)nc(-c3ccc(N)nc3)n2)cc1,19.968387603759766
N#Cc1ccc(C#N)c(-c2ccc(C#N)c(O)c2)c1,18.70089340209961
Cn1c(C(=O)N=C2CCCCC2)cc2c(=O)[nH]c3ccc(-c4ccc(C#N)[nH]4)cc3c21,39.38444900512695
Cc1cc(C)c2c(C#N)cc(C(O)c3c(F)c(F)c(F)c(F)c3F)nc2c1,30.8987979888916
O=Nc1c(O)n(Cc2ccc(-c3ccccc3)cc2)c2ccccc12,18.825862884521484
Cc1ccnc(-[n+]2ccccc2)n1,15.103185653686523
CN(C)c1nc2c(cnn2C)c(=NCc2ccc(O)cc2)[nH]1,22.098709106445312
N#Cc1ccc(-c2cc(-c3ccc(C#N)cc3)nc(-c3ccc(N4C(=O)c5ccc6c7c(ccc(c57)C4=O)C(=O)OC6=O)cc3)n2)cc1,12.630845069885254
Cn1c2ccccc2c2nnc(SCc3ccc(C#N)cc3)nc21,19.041156768798828
Cc1ccc(C)c(N=Cc2ccc(-c3nc(-c4ccc(N)cc4)cc(-c4ccc(N=Cc5ccc(N(C)C)cc5)cc4)n3)cc2)c1,22.702938079833984
Nc1ccc(-c2nc3cc(N)ccc3o2)cc1,15.74811840057373
O=[N+]([O-])c1ccc(=NN=Cc2ccc(O)cc2)[nH]c1,13.128530502319336
O=c1c2ccccc2ccn1CC(O)CN1CCc2ccccc2C1,23.850624084472656
Cc1cc(=NCc2ccccc2)c2nncn2[nH]1,20.195878982543945
N#Cc1ccc(-n2cnc3ccc(-c4ccc(Cl)cc4)cc3c2=O)cc1,11.858453750610352
N#Cc1ncc2ccccc2n1,14.306635856628418
CC(=O)n1cc(C#N)c2cc(-c3cc(C#N)ccc3C(=O)O)ccc21,30.163082122802734
N#Cc1ccc(-c2ccc3c(C#N)cc(-c4ccc(C(=O)O)cc4)nc3c2)cc1,16.13215446472168
Oc1cccc(-c2ccc3nnc(-c4ccccc4)n3n2)c1,22.71112632751465
N#Cc1cnc2ccccc2c1,14.12680435180664
N#Cc1ccc(-c2ccc(OCC(=O)NCc3ccccn3)cc2)cc1,20.192228317260742
N#Cc1cc(C#N)c2c(c1)C(O)C(=O)CC2,18.371992111206055
CC(Sc1ccc(C#Cc2ccc(C#N)cc2)cc1)C(O)=NO,23.404762268066406
CCCN(CCC)C(=O)c1ccc(NS(=O)(=O)c2ccc3[nH]c(=O)[nH]c3c2)cc1,24.65607452392578
Cc1ccc(-c2[nH]c(N)c(C#N)c2C#N)cc1,14.324943542480469
NC(=O)c1ccc2[nH]c(-c3ccc(C=CC(=O)NNc4ccc(Cl)cc4)cc3)nc2c1,28.66160011291504
N#Cc1cccc(S(=O)(=O)N2CCCC2)c1,19.909278869628906
CC1=CCC2OC(c3ccc(Cl)c4oc(=O)cc(C)c34)OC2C1O,40.11066818237305
N#Cc1c(C#N)n(-c2ccccc2)c(=O)c2[nH]c3ccccc3c12,16.59385871887207
Nc1ccc(-c2nc3ccc(N)cc3[nH]2)cc1,13.579803466796875
N#Cc1cc(O)cc(N=c2[nH]nc(-c3ccc(N)cc3)o2)c1O,26.17458724975586
CN1c2ccccc2C(=CC#N)c2ccccc21,15.69803524017334
Cc1nc2nc(=O)[nH]c(C)c2cc1-c1ccc(C#N)cc1,21.00674819946289
N#Cc1nn(-c2ccc(Cl)cc2)c(-c2ccc(Cl)cc2)c1C#N,10.552141189575195
N#Cc1ccc(-c2cc3c(N4CCOCC4)ncc(-c4ccc(N)cc4)n3c2)cc1,19.96764373779297
Cc1cc2c(c3ccccc13)-c1ccccc1S(=O)(=O)N2,22.497974395751953
C=CCSc1nnc(Cc2nn(C)c(=O)c3ccccc23)n1C,21.241281509399414
N#Cc1ccc(-c2cccnc2-c2ccc(C#N)cc2)cc1,14.455840110778809
CN(C)Cc1cc(C=Nc2ccc(-c3nc(-c4ccc(N)cc4)nc(-c4ccc(-c5ccc(-n6cc(C(=O)O)cn6)nc5)cc4)n3)cn2)cc(C=O)c1O,24.36077880859375
C=CCc1cc2c(c(C3=Nc4ccccc4C3=O)c1O)OC(C)(C)C=C2,27.020511627197266
CS(=O)(=O)c1ccc(-c2nc(-c3ccc(N)cc3)nc(-c3ccc(N=Cc4ccc(N)cc4)cc3)n2)cc1,19.724992752075195
N#Cc1ccc(-n2[nH]c(=O)c3cc4c(=O)cc(C(=O)O)[nH]c4cc3c2=O)cc1,20.434770584106445
Cc1ccc(-c2c(-c3ccc(C#N)cc3)n(C)c3ccc(-c4cccc(C#N)c4)cc23)cn1,24.28005599975586
Cc1ccc(N=Cc2cc(C=O)cc(C=O)c2O)cc1O,16.563182830810547
N#Cc1ccc(-c2nc(-c3ccc(N)nc3)nc(-c3ccc(N=Cc4cc(C=O)c(O)c(C=O)c4O)nc3)n2)nc1,11.182196617126465
N#Cc1c[nH]c(=NC(=O)NC(c2ccccc2)c2ccc(-c3cccc(-c4cccc(=N)[nH]4)c3)s2)s1,39.49522018432617
Cn1cc(-c2ccc3nc(NC(=O)c4ccncn4)cn3n2)c(-c2ccc(C#N)cc2)n1,25.74349021911621
N#Cc1ccc(-c2cc(-c3ccc(F)cc3)[nH]c(=N)c2C#N)cc1,13.827966690063477
N#Cc1ccc(Nc2cc(O)c3c(c2O)C(=O)N=N3)cc1,15.766712188720703
Cc1ccc(-c2nc(-c3ccc(N)cc3)nc(-c3ccc(N4C(=O)c5ccc6c7c(ccc(c57)C4=O)C(=O)OC6=O)cc3)n2)cc1,10.996419906616211
N#Cc1ccc(-n2c(=O)c(C#N)cc3c(=O)n(-c4ccc5c(c4)OCO5)cnc32)cc1,17.830482482910156
N#CC(C#N)=Cc1ccc(-c2ccc(C#N)cc2)o1,12.202399253845215
C=Cc1ccc(CC2CN(C(C)C#N)C(=O)N2c2ccc(C#N)c(C(F)(F)F)c2)cc1,31.852991104125977
CNC(=O)c1ccc(-c2cc(C#N)cc3cnc(-c4ccccc4)cc23)cc1,25.501728057861328
FC(F)(F)c1cc(-c2ccccc2)nc2ccnn12,19.574800491333008
COC(=O)c1ccccc1[N+](=O)[O-],19.98027229309082
CC(C)(C)c1ccc(-n2cc(-c3cncc(-c4ccc(N)cc4)n3)c3ccc(NS(C)(=O)=O)cc32)cc1,37.72587585449219
O=C1c2ccccc2NC(c2ccc(F)cc2)N1N=Cc1cccs1,23.657058715820312
CNc1ccc(-c2cc(-c3nc(Cl)nc(Cl)n3)nc(-c3ccc(Cl)cc3Cl)n2)cc1,27.855079650878906
N#Cc1ccc(-c2cc3c(cc(-c4ccc(Cl)cc4)n3-c3ccc(C#N)cc3)n2-c2ccc(C#N)nc2)cc1,12.94493579864502
c1cc(-c2nc(N3CCOCC3)c3ccc(-c4ccc5c(c4)OCCO5)cc3n2)ccn1,23.398271560668945
CCOc1ccc2c(=NN=C(C)c3ccc(C#N)cc3)cc(C)[nH]c2c1,17.700159072875977
Cc1nc(-c2cccc(C#N)c2)cc(=Nc2ccc(N3CCC(C(N)=O)CC3)c(F)c2)[nH]1,27.19145965576172
O=C(N=c1c(Cl)c[nH]cc1Cl)c1c(OCCO)ccc2ccccc12,30.937170028686523
Nc1ccc(-c2cc(-c3ccccc3)nc(-c3ccc(N)cc3)n2)cc1,10.909135818481445
N#Cc1ccc(-c2c(C#N)c3nc4ccccc4cc3c(=O)n2-c2ccncc2)cc1,27.182315826416016
COc1ccc(-c2nc(-c3ccc(N)cc3)nc(=N)[nH]2)c(O)c1,17.88388442993164
N#CC(c1ccncc1)N1CCOCC1,21.382898330688477
N#Cc1ccc(-c2nc(-c3ccc(N4Cc5ccc6ccccc6c5C4=O)cc3)cc(-c3cnn(-c4ccc(C#N)cc4)c3)n2)cc1,20.140403747558594
Cc1ccc(-c2[nH]c(SCc3ccccn3)nc(=Nc3ccc([N+](=O)[O-])cc3)c2C#N)cc1,25.37012481689453
N#Cc1ccc(N2C(=O)c3cc4c(=O)[nH]n(-c5ccc(C#N)cc5)c(=O)c4cc3C2=O)cc1,8.621196746826172
Cc1n(C(c2ccc(N)cc2)c2ccc([N+](=O)[O-])cc2)cc[n+]1CC(=O)c1ccc([N+](=O)[O-])cc1,34.22544860839844
COC(=O)c1cc2c(C#N)c3ccccc3cc2c(-c2ccc(C#N)cc2)n1,22.083820343017578
CS(=O)(=O)Nc1ccc(-c2nc(=Nc3cccc(C(N)=O)c3)[nH]cc2C#N)cc1,23.2960205078125
CC1(C)Oc2ccc(C#N)cc2C(Nc2ccc(-c3ccc(C#N)cc3)cc2)C1O,16.736867904663086
Cc1cc(N2CCOCC2)nc(-c2cc[nH]c(=NCC(C)C)n2)n1,27.250789642333984
N#Cc1ccc(Cl)cc1,9.287919044494629
CS(=O)(=O)c1ccc(C2=NC(c3cccc(C#N)c3)CO2)cc1,25.39548683166504
CC(=O)c1ccc(-n2c(=O)c3cc4c(=O)n(-c5ccc(C#N)cc5)c(=O)c4cc3c2=O)cc1,13.385188102722168
N#Cc1ccc(O)cc1C#N,12.760231971740723
Nc1ccccc1,12.394681930541992
N#Cc1ccc(-c2cc(-c3ccc(N4C(=O)c5ccc6c7c(ccc(c57)C4=O)C(=O)OC6=O)cc3)nc(-c3ccc(N)cc3)n2)cc1,15.4796142578125
Cn1nnnc1SCc1nc(-c2ccc(C#N)cc2)nc(-c2ccc(N)nc2)n1,27.884973526000977
COc1ccc([S+]([O-])c2nc(-c3ccc(N)cc3)nc(-c3ccc(N)cc3)n2)cc1,24.914756774902344
Cc1cc(O)c(C(=O)N=Nc2c(O)[nH]c3ccccc23)cc1C=O,26.73244285583496
CC12OC(=O)c3cc1c(c(=O)o3)C(c1ccc(C#N)cc1)N(c1ccc(C#N)cc1)C2=O,19.183822631835938
COc1ccccc1Cn1cnc2cc(-c3ccc(N)cc3)ncc2c1=O,20.579240798950195
CC(=O)N1CCc2c(sc(NC(=O)c3cc(S(=O)(=O)Nc4ccc(C)cc4)ccc3Cl)c2C#N)C1,28.74655532836914
CC1Cc2cc(S(=O)(=O)Nc3ccc(C#N)cc3)ccc2N1C(=O)N(C)C,26.18353271484375
Cn1cc(C(C#N)N=c2nc(C#N)cc(C#N)[nH]2)c2ccccc21,27.10388946533203
COc1cc(C=Cc2nc(-c3ccc(N(C)C)cc3)nc(-c3ccc(N(C)C)cc3)n2)ccc1O,21.53594207763672
COc1ccc2c(=O)cc(CCc3ccccc3)oc2c1,21.773971557617188
N#Cc1ccc(-c2nc3ccccc3c(=O)n2N=Cc2ccc3ccccc3n2)cc1,24.577465057373047
N#Cc1ccc(C#Cc2c(-c3ccc(C#N)cc3)ncc3ccccc23)cc1,15.25412368774414
Nc1cccc(-c2cc(-c3ccc(N=Cc4cc(C=O)cc(C=O)c4O)nc3)nc(-c3cccnc3)n2)c1,19.41681671142578
N#Cc1ccc(-c2cccc(Cl)c2)cc1,11.432689666748047
Cn1cnc2cc(C(=O)O)ccc21,20.8714599609375
CC1(C)N=C(N)N=C(N)N1c1ccc(C=Cc2ccc(C=NN=C(N)N)cc2)cc1,23.61644172668457
CC1CC2=C1c1ccc3c(C#N)cc(C#N)cc3c1C(C)(C)O2,27.630083084106445
N#Cc1ccc(-c2nccc(C#N)n2)nc1,12.951821327209473
Nc1ccc(-c2nc(-c3ccc(C=O)cc3)cc(-c3ccc(N=c4[nH]c(-c5ccc(N)cc5)cs4)cc3)n2)cc1,21.05219268798828
N#Cc1cccc(-c2nc3ccc(C#N)cc3s2)c1,17.0902042388916
N#Cc1ccc(-c2cc(C#N)ccc2COc2ccc(-c3ccc(C(=O)O)nc3)cc2)cc1,18.81424903869629
Cc1cc[nH]c(=NC(=S)Nc2ccccc2)c1,20.83894920349121
O=C(O)c1cc(S(=O)(=O)c2ccccc2)cc2c(=O)n3c(nc12)CCC3,28.73830795288086
Cc1nc2ccccc2c(N2CCC(C(=O)Nc3cccc(C#N)c3)CC2)c1C,28.16464614868164
Cc1cc(C)c2c(=N)c3ccccc3[nH]c2c1,21.515323638916016
Nc1ccc(-c2nc(-c3ccc(N4C(=O)c5ccc6c7c(ccc(c57)C4=O)C(=O)OC6=O)cc3)nc(-c3cccnc3)n2)cc1,10.92612361907959
Cn1nc(-c2ccc(-c3ccc(OCCC4CCNCC4)nc3)cc2)nc1C1(S(C)(=O)=O)CC1,28.40900993347168
CC(C)=Nc1cc(O)c(N=CCCN=c2c3c([nH]c4ccccc24)CCCC3)cc1O,17.02217674255371
N#Cc1ccc(-n2cc(C#N)c3ccccc3c2=O)cc1,12.303237915039062
Nc1ccc(-c2nc(-c3ccccc3)nc(-c3ccc(N4C=Cc5c(=O)oc(=O)c6ccc7c(=O)c(c7c56)C4=O)cc3)n2)cc1,11.856203079223633
N#Cc1ccc(-c2nc(C=CC(=O)Nc3ccccc3)c(C(=O)O)[nH]2)cn1,31.412872314453125
CC(=O)N(C)C(C)Cc1ccc(C#Cc2ccc(C#N)cc2)cc1,17.714754104614258
CC(C)C(NC(=O)N=c1[nH]c2cc(-c3ccc(N)nc3)cc(-c3ccccn3)c2o1)c1ccccc1,36.1053466796875
Cc1ccc(C#N)cc1,8.844375610351562
N#Cc1c(-c2ccc(N)c(F)c2)sc2ccccc12,21.028934478759766
C=CC(N=[N+]=[N-])c1ccc(N=c2c3ccc(N)cc3[nH]c3c(F)cccc23)cc1,38.84770965576172
CC(C)(C)c1ccc(N=c2cc[nH]c3ccc(-c4cnc(Cl)c(NS(=O)(=O)c5ccccc5)c4)cc23)cc1,34.23965072631836
N#Cc1ccc(-c2ccc(-c3[nH]n(-c4ccc(C#N)cc4)c(=N)c3C#N)cc2)cc1,15.0235595703125
N#Cc1ccc(N)cc1O,11.327643394470215
N#Cc1ccc(S(=O)(=O)c2ccccc2C#N)cc1,19.272428512573242
COc1cc(C=Nc2ccncc2)cc(OC)c1OC,18.735254287719727
N#Cc1cccc(-c2nc(-c3ccc(N)nc3)nc(-c3ccc(N=Cc4cc(C=O)cc(C=O)c4O)nc3)n2)c1,13.905735969543457
Nc1ccc(-c2nc3ccc(C(=O)O)cc3nc2-c2ccccc2)cc1,18.262958526611328
CC(N=c1nc(N2C(=O)OCC2C(C)O)cc[nH]1)c1csc(-c2ccc(C#N)cc2)n1,18.394115447998047
N#Cc1ccc(C#N)c(O)c1,16.865201950073242
Cn1nc2c(c1C(C)(C)C)C(=O)N(c1ccc(-c3nc(-c4ccc(N)cc4)nc(-c4ccc(N)cc4)n3)cc1)C2=O,17.92726707458496
CC(C)c1ccc(-n2c(-c3ccc(N)cc3)cc3ccc(-c4ccc(C#N)cc4)cc32)cc1,15.228686332702637
Nc1ccc(-c2nc3ccn(-c4ccccc4)c(=O)c3s2)cc1,18.67328643798828
N#Cc1ccc(-n2c(=O)c3cc4c(=O)n(-c5ccc6ccncc6n5)c(=O)c4cc3c2=O)cc1,17.37739372253418
N#Cc1ccc(C(c2ccc(F)cc2)n2c(O)ccc2O)cc1,21.369482040405273
O=C(Nc1ccc(CN=c2nc(-c3ccc(N4CCOCC4)cc3)ccs2)cc1)c1ccc(Cl)cc1,27.135345458984375
N#Cc1c(-c2ccccc2)cc(-c2ccc(N)cc2)[nH]c1=N,11.2815523147583
CC(=O)c1cccc(N=Nc2c(O)[nH]c(=S)[nH]c2=O)c1,23.52447509765625
N#Cc1ccc(-c2ccc3c(c2)Nc2ncccc2N(C2CC2)C3)cc1,24.857887268066406
CC(O)CCCCCCCCN,26.936553955078125
CN1CCN(c2ccc(-c3nc(-c4ccc(N)cc4)nc(-c4ccc5nc(-c6ccccn6)c(-c6ccc(C#N)cc6)cc5c4)n3)cc2)CC1,23.92618179321289
Cc1ccccc1-n1c(=O)c2cc3c(=O)n(-c4ccc(C#N)cc4)c(=O)c3cc2c1=O,10.302861213684082
N=CNc1ccc(-c2cc(-c3ccc(N)cc3)[nH]c(=N)n2)cc1,21.966909408569336
Cc1ccc(-c2coc(-c3ccc(-c4nc(-c5ccc(N)cc5)nc(-c5ccc(O)cc5)n4)cc3)n2)cc1,20.958261489868164
Cc1ccc(-n2c(O)c(C=Nc3ccc4ccccc4c3)c(C)c(C#N)c2=O)cc1,25.53272247314453
Cc1ccc(-c2nc(N3CCC3)ncc2-c2ccc(C#N)cc2)cc1,15.523458480834961
CC(=O)N(CC#N)c1cccc(C)c1C,23.079198837280273
COc1ccc(-n2c(=O)n(C)c3cnc4ccc(-c5ccc(C#N)cc5)cc4c32)cc1C(N)=O,25.008493423461914
OC1(C(F)(F)F)c2ccccc2-c2ccc(-c3ccccc3)cc21,18.80027961730957
COC(=O)C1Cc2c([nH]c3ccccc23)C(c2ncccn2)N1C(=O)N(C)C,35.03826141357422
Cc1ccc2nc(-c3cc4ccc(-c5ccco5)nc4o3)cn2n1,26.112388610839844
Nc1ccc(-c2cc(-[n+]3ccc(-c4ccc(Cl)cc4)cc3)nc(-c3ccc(N)cc3)n2)cc1,18.317604064941406
Cc1cc(Cc2ccc(Cl)cc2)c2c(c1O)C(=O)C(C)C(=O)C2=O,30.011816024780273
Cn1cccc1C=NNC(=O)c1ccncc1,20.748693466186523
CN(C(=O)Cc1ccc(C#N)cc1)C1CCN(CCC(c2ccccc2)c2ccccc2)CC1,16.591339111328125
N#Cc1ccc2c(=O)c(-c3ccccc3)coc2c1,14.62377643585205
CCCC(C)NC(=O)C(C)(NC)c1cnc(-c2ccc(C#N)cc2)nc1,35.889835357666016
N#Cc1ccc(-c2ccc3cc(-c4ccc(C#N)cc4)n(-c4ccc(C(N)=O)cc4)c3c2)cc1,17.495874404907227
CC(C)c1nc(-c2ccc(C#N)cc2)cn1-c1cc(-c2ccc(S(C)(=O)=O)cc2C#N)ccn1,28.919818878173828
Cc1cc(-c2ccc(C#N)cn2)[nH]c(=NC(=O)c2ccc(N=c3cc(-n4cccn4)cc[nH]3)cc2)n1,22.752796173095703
Nc1ccc(-c2nc(-c3ccc(N4C(=O)c5ccc6c7c(ccc(c57)C4=O)C(=O)OC6=O)cc3)nc(-c3ccc(C(F)(F)F)cc3)n2)cc1,11.517433166503906
CC(=O)N1c2ccc(-c3ccc(C#N)nc3)cc2CCC1c1ccc(-c2ccc(C#N)cc2)cc1,23.903118133544922
Cc1ccc(Oc2ccc(-c3ncncc3Cl)cc2C#N)c(C)n1,22.81924819946289
CN(C)CCn1c(=O)c2cccccc3ccc4cccc(c1=O)c4c32,18.8699893951416
N#Cc1ccc(NC(=O)Nc2ccccc2)c(O)c1,19.207469940185547
C=CC(=O)Nc1sc2c(c1C#N)CC(C)(C)N(O)C2(C)C,23.897531509399414
CNC(=O)n1c(-c2cccnc2)cc2c[nH]c(=Nc3ccc(C#N)nc3)cc21,24.05799674987793
CCn1cc(C#N)c2c(Oc3c(C)cc(C#N)cc3C)cccc21,28.545753479003906
N#Cc1cc(C#N)cc(C(F)(F)F)c1,12.397741317749023
C#Cc1ccc(-c2csc(C#N)c2)cc1C#N,19.42694664001465
COc1cc2c(C#N)cc(C#N)cc2cc1C#N,10.931595802307129
N#Cc1ccc(C(=O)N=c2[nH]nc(-c3ccc(N)cc3)s2)cc1,15.499513626098633
Cc1cc(-c2cc3c(s2)c(=O)n(-c2ccccc2)c(=O)n3C)cc(CO)n1,26.996383666992188
Cn1c(-c2ccc(N)cc2)nc2ccccc21,11.859233856201172
O=C(O)c1ccccc1C(=O)Nc1cc([N+](=O)[O-])ccn1,28.034048080444336
NC(=O)c1ccc(-n2nc(C(F)(F)F)cc2-c2ccc(-c3cc(-c4ccccc4)cc(-c4ccccc4)n3)cc2)cc1,16.21822166442871
N#Cc1ccc(C=CC(=O)c2ccc(Cl)c([N+](=O)[O-])c2)cc1,21.014041900634766
Cc1ccc(-c2cc(-c3ccc(C#N)cc3)n(-c3c(C#N)cc(C#N)c4ccccc34)n2)cc1,24.31041717529297
Cc1cc(-c2ccccc2-c2ccc(N3CCOCC3)cc2)ccc1C#N,24.194961547851562
C=c1c(=Cc2sc(=Nc3cccc(C(=O)O)c3)n(-c3ccccc3)c2O)cc(C)n1-c1ccc(C#N)cc1,20.79511070251465
Cc1nc(-c2ccc(Cl)cc2)cc(-c2ccc(C#N)cc2)c1C(=O)O,20.545610427856445
N#Cc1ccc(CN2CCN(C(=O)C(c3ccc(C#N)cc3)c3ccc(C#N)cc3)CC2)cc1,22.108312606811523
N#Cc1ccc(-c2c3c(=O)n(-c4ccc(C#N)cc4)c(=O)c3cc3c(=O)n(-c4ccc(C#N)cc4)c(=O)c23)cc1,11.98421573638916
O=C1CCSCC(C=Cc2ccccc2)N1Cc1ccc(-c2ccccc2)cc1,24.2735595703125
Cc1ccc(-n2[nH]c(-c3ccc(C#N)cc3)cc2=NC(=O)c2cccc(N)c2)cc1,19.48851203918457
N#Cc1ccc(-c2nc(=N)c3ncn(-c4ccc(C#N)cc4)c3[nH]2)cc1,18.137081146240234
CC(C(=O)NCc1ccc(C#N)cc1-c1ccc(N)cc1)c1ccc(NS(C)(=O)=O)c(F)c1,22.78908920288086
Cn1c(-c2ccc(F)cc2)c(C=O)c2ccccc21,16.797513961791992
N#Cc1ccc(S(=O)(=O)Nc2cc(O)c(N=Cc3cc(C=O)cc(C=O)c3O)cc2O)cc1,18.437713623046875
O=C(Nc1ccc(O)cc1)c1ccccc1O,19.12601089477539
N#Cc1ccc(-c2ccc(N)cc2)cc1,9.272314071655273
Cc1cccc2[nH]c(=O)c(=O)[nH]c12,16.93566131591797
O=C(Nc1ccccc1)Nc1ccc(Oc2ccnc(-c3cccc(C(=O)NC4CCCCC4)c3)c2)cc1,28.767213821411133
Nc1ccc(-n2c(=O)c3cccn3c3ccc(Cl)cc32)cc1,31.142269134521484
COc1cc(N)c(C(N)=O)cc1-c1cccc(=N)[nH]1,25.156421661376953
C=C=Cc1c(O)c(=CN2CCN(S(C)(=O)=O)CC2)[nH]c1=C,27.845813751220703
CN(C)c1nc(NCc2ccc(-c3ccc(C#N)cc3)nc2)nc(N(C)C)n1,22.50764274597168
C[n+]1nc(-[n+]2ccc(C(N)=O)cc2)nc(N)c1C=NO,22.51673126220703
N#Cc1ccc(-c2cc3nc(-c4ccc(C(N)=O)cc4)nc(N4CCOCC4)c3s2)cc1,12.864806175231934
C=CCc1cc(-c2cccc(C=O)c2)cc(OC)c1O,16.8853702545166
N#Cc1ccc(-c2c(C(=O)c3cccnc3)c(O)c(O)n2-c2ccc(C#N)cn2)cc1,19.148609161376953
CC(=O)N=c1c2c([nH]c3cc(Cl)ccc13)CC1C=C(C)CC2C1,24.006385803222656
N#Cc1ccc(-c2ccc3c(c2)NC(=O)C32CCOCC2)cc1,13.229008674621582
O=C1CC2(CCN(Cc3ccc(F)cc3)CC2)Oc2ccccc21,20.836999893188477
N#Cc1ccc(-n2[nH]c3c(cnc4cc(-c5ccc(N)cc5)ncc43)c2=O)cc1,21.437732696533203
Nc1ccc(-c2cc(-c3ccccc3)cc(-c3ccccc3)[n+]2-c2ccc(S(N)(=O)=O)cc2)cc1,19.402618408203125
CC(=O)N=c1cc(-c2ccc(N)nc2)[nH]c(-c2ccnc(-c3ccc(N)nc3)c2)n1,28.379261016845703
N#Cc1ccc(C2=NN(C(=O)c3ccc(F)cc3)CCC2)cc1,23.071638107299805
Cc1ccc(-n2cnc3c(c(C)nc4ccccc43)c2=O)cc1,19.547719955444336
N#Cc1c(-c2ccc(F)cc2)c(C#N)c2[nH]c3ccccc3n2c1=N,17.640583038330078
Cc1csc(=O)n1Cc1cc(-c2ccc(C#N)cc2)nc(-c2ccc(C#N)cn2)n1,25.007862091064453
N#Cc1ccc(-c2ccn(-c3ccc(C#N)cc3)c(=O)c2)cc1,13.70366382598877
NC(=S)Nc1ccc(C(=O)O)cc1,20.043888092041016
Cn1c2ccccc2c2ccccc21,14.89648151397705
O=C(O)c1ccccc1N=c1[nH]c(Cl)nc(=Nc2ccc([N+](=O)[O-])cc2)[nH]1,26.30133628845215
N#Cc1ccc(Nc2cccc(C(=O)c3ccc(N)cc3)c2)cc1,19.258102416992188
O=Cc1ccc(C=O)c(O)c1,14.261488914489746
CC(C)c1ccc(-n2c(-c3ccc(C#N)cc3)cc3c2cc(-c2ccc(C#N)cc2)n3-c2ccc(F)cc2)cc1,10.646923065185547
N#Cc1ccc(-c2nc(=O)c3ccccc3n2-c2cccc(C#N)c2)cc1,16.574806213378906
Nc1ccc(-c2nc(-c3ccc(O)cc3)cc(-c3ccc(O)cc3)n2)cc1,12.122944831848145
CC(C)=NOC(N)C(C)Oc1ccc(-c2ccc(F)cc2)cc1,34.97007751464844
N#Cc1ccc(C(=O)OCC(=O)c2cccs2)cc1,19.194828033447266
CCCN=c1nc(-c2ccc(NC(=O)Nc3ccc(Cl)cc3)cc2)nc(-c2ccc(NCC(=O)O)cc2)[nH]1,30.87299156188965
Nc1nc(-n2c(-c3cccs3)cc3ccccc32)cnc1C(=O)O,27.5290584564209
O=CC(=Cc1ccc(-c2ccc(C=O)cc2)o1)CCl,23.556093215942383
CC(C)NC(=O)c1cc(-c2ccc(CN3CCN(c4cc(O)n(C)c4O)CC3)cc2)nc2ccccc12,35.8834228515625
O=c1[nH]cnc2c1ncn2C1OC(CO)C(O)C1O,16.29388427734375
N#Cc1ccc(C(=O)NCC(=O)N2CCN(C(c3ccc(F)cc3)c3ccc(F)cc3)CC2)cc1,21.007417678833008
CC(C=NO)c1ccccc1,19.48196029663086
N#Cc1ccc(CN(Cc2cccc(C(F)(F)F)c2Cl)c2ccc(C#N)c(-c3ccccn3)c2)cc1,26.39767074584961
CCC1(CC)C(=O)N(C)c2cc(C(=O)Nc3cccc(C#N)c3)nc(-c3cccc(C#N)c3)c21,30.174558639526367
CC(C)NC(=O)c1ncccc1NC(=O)c1nc(C#N)c[nH]1,20.430057525634766
Cc1cc(=Nc2ccc(C#N)cc2)[nH]c(=Nc2ccc(C#N)cc2)[nH]1,13.812817573547363
N#Cc1cc(C#N)c2c(=O)c3ccccc3n3c(=O)c4ccc1c2c4-3,16.499902725219727
COc1ccc2c3c1OC1C(=O)C=CC4C(C2)N(C)CCC314,19.33944320678711
N#Cc1ccc(-c2cc(-c3ccc(C(F)(F)F)cc3)c3c[nH]c(=NCC4CCCO4)nc3n2)nc1,35.76222610473633
N=c1[nH]c(=NC2CC(=O)C2)c2ncn(C3OC(CO)C(O)C3O)c2[nH]1,26.543176651000977
N#Cc1ccc(C(=O)c2ccc(=O)n(-c3ccc(F)cc3)c2N)cc1,17.047279357910156
Cn1c(SCc2c(Cl)cccc2Cl)nc2c([nH]c3ccccc32)c1=O,24.291839599609375
Cc1cccc(-c2cc3c(cc(-c4ccc(C#N)cc4)n3-c3ccc(C(C)C)cc3)n2-c2ccc(C(C)C)cc2)n1,14.736626625061035
CC(=O)N1CCC(NC(=O)c2ccc(-c3ccc(C#N)cc3)cn2)CC1,25.4913272857666
N#Cc1ccc2nc(-c3ccc(N)cc3)n(-c3ccc(-c4nc(-c5ccc(N)cc5)nc(-c5ccc(N)cc5)n4)cc3)c(=O)c2c1,16.471019744873047
N#Cc1ccc(-c2ccc(C(=O)Nc3ccc4ncccc4c3)cc2)cc1,18.08174705505371
Nc1ccc(-c2cc(-c3ccc(N)cc3)[nH]c(=NN3CCOCC3)n2)cc1,16.941259384155273
N#CC(=Cc1ccc(N2CCOCC2)cc1)c1nc2ccccc2[nH]1,18.87291145324707
Cc1ccc(-n2c(=NN=Cc3ccc(Cl)cc3Cl)[nH]c3c(Br)cc(Br)cc3c2=O)cc1,25.190046310424805
Cc1cc(-c2cccc(N=c3ccc(O)c[nH]3)n2)ccn1,19.692873001098633
Cc1ccc(CCCCC(=O)C=Cc2ccc(O)cc2)cc1,23.15183448791504
c1ccc2c(c1)[nH]c1c3c(ncc12)CCCC3,23.803510665893555
CCOc1ccc(-c2nc(-c3ccc(-c4cn(-c5ccc(C#N)cc5)nn4)cc3)nn2-c2ccc(NC(C)=O)cc2)cc1,27.9647274017334
Nc1ccc(-c2cc(-c3ccc(N=Cc4cc(C=O)cc(C=O)c4O)nc3)nc(-c3ccc(N)nc3)n2)cn1,7.623449325561523
CN1CC(=O)N(c2ccc(C#CC#Cc3ccc(C#N)cc3)cn2)S1(=O)=O,26.572376251220703
Cn1c(=N)[nH]c2cc(NC(=O)c3cccc(-c4c(F)cccc4F)n3)ccc21,25.76180076599121
CN1CCC2(CNC(=O)c3c2[nH]c2c3CCc3cc(-c4ccc(C#N)cc4)cnc3-2)C1,25.918088912963867
Oc1cccc(N=S)c1,13.888319969177246
Nc1ccc(-c2nc(-c3ccc(N=c4cc[nH]c5cc(Cl)ccc45)cc3)nc(-c3ccc4c(c3)OCO4)n2)cc1,17.638320922851562
CC(=O)NNC(=O)Nc1cccc2c1C(=O)c1c-2n[nH]c1-c1ccc(NC(C)=O)cc1,31.055086135864258
Cn1c2ccccc2c2c(C#N)nc(-c3ccccc3F)cc21,18.316654205322266
N=c1nc(-c2ccc(N)cc2)[nH]c(-c2ncco2)n1,19.532434463500977
CN(Cc1ccc(NC(=O)c2ccc(Cl)c(Cl)c2)cc1)Cc1ccc(Oc2ccc(Cl)cc2)cc1,35.2745361328125
N#Cc1ccc(-n2c(N)cc(=O)nc2SCc2ccccc2)cc1,15.20186710357666
Cc1ccc2nc(-c3ccc(C=Nc4cc(O)c(N)cc4O)cc3)sc2c1,13.19943618774414
N#Cc1ccc(-c2cncn2-c2ccc(C#N)cc2)cc1,10.84477424621582
Cn1c(C#N)ccc1-c1ccc(C#N)cc1,10.395617485046387
N#Cc1ccc(-c2ccc(N)c(C(N)=O)c2)cc1,14.639933586120605
CCc1ccc(-c2cc3c(cc(-c4ccc(C#N)cc4)n3-c3ccc(C(C)C)cc3)n2-c2ccc(C(C)C)cc2)cc1,13.020366668701172
COc1ncc(-c2cc3c(n2C(C)C)C(c2ccc(Cl)cc2)N(c2ccc(C#N)cc2)C3=O)c(OC)n1,23.454174041748047
N#Cc1ccc(OCC(=O)c2ccc(C#N)cc2)cc1,16.35613250732422
Cc1nc(CC(C)NC(=O)CCc2nnc(CCc3ccccc3C#N)o2)cs1,32.095462799072266
CCOc1ccc(-c2cc(-c3ccc(N4CCN(C)CC4)cc3)nc(-c3ccc(N)cc3)n2)cc1,15.5618896484375
C#CC#CC#CC=CC=CC(O)C(C)(O)CCc1ccccc1,33.052337646484375
Nc1ccc2c(c1)c(=O)ccn2Cc1ccccc1,20.733516693115234
Cc1c(N(Cc2ccc(C(F)(F)S(C)(=O)=O)cc2)S(=O)(=O)c2ccc(C#N)cc2)ncc2ccccc12,24.872901916503906
N#Cc1ccc(-c2nc(-c3ccc(N)nc3)nc(-c3cn(-c4ccccc4Cl)nn3)n2)cc1,22.944507598876953
Nc1ccc(-c2nc(-c3ccc(N=Cc4ccc(O)cc4)cc3)nc(-c3ccc(N=Cc4cc(C=O)c(O)c(C=O)c4O)nc3)n2)cc1,15.689505577087402
N#Cc1c[nH]c(-n2cc(C#N)c3ccc(-c4ccncc4)cc32)nc1=N,23.856294631958008
N#Cc1ccc(-c2ccc3cc(-c4nc(-c5ccc(N)cc5)nc(-c5ccc(N)cc5)n4)ccc3n2)cc1,20.393646240234375
CC1CN(c2nc(-c3ccncc3)cc(=O)n2C)CCN1c1ccc(C#N)cn1,13.80029010772705
CCN(CC(=O)N(C)c1ccc(Oc2ccccc2)cc1)C(=O)Nc1cccc2c1C(=O)N(C)C2=O,37.2699089050293
Cc1ccc2nc(-n3c(-c4ccccc4)cc4c3cc(-c3ccc(C#N)cc3)n4-c3ccc(C(C)C)cc3)sc2c1,11.51689338684082
COc1ccccc1N1CCN(Cn2nc(-c3ccc(C#N)cc3)n(C)c2=S)CC1,22.201013565063477
COc1c(=O)c2cc3c(=O)n(-c4ccc(Cl)cc4)[nH]c(=O)c3cc2c(O)c2cnccc12,32.788604736328125
N#Cc1ccc(-c2nc(-c3ccc(N)cc3)nc(-c3ccc(N=Cc4cc(C=O)cc(C=O)c4O)nc3)n2)cc1,12.276127815246582
Cc1cc(C)[nH]c(=Nc2ncc(-c3ccc(C#N)cc3)s2)n1,16.240110397338867
Nc1ccc(C=Cc2nc(-c3ccc(N4C(=O)c5cccc6cccc(c56)C4=O)cc3)nc(-c3ccc(N)nc3)n2)cc1,16.197696685791016
N#Cc1ccc2c(c1)C1(COC(=N)N1)c1cc(-c3ccc(C#N)nc3)ccc1O2,14.730724334716797
C#CC1(O)CCC2C3CCc4cc(O)ccc4C3CCC21C,17.906219482421875
CS(=O)(=O)c1ccc(C2=C(c3ccc(C#N)cc3)CCC2)cc1,20.813676834106445
Cn1cnc(S(=O)(=O)N(Cc2ccc(-c3cnc(=N)[nH]c3)cc2)C2CNc3ccc(C#N)cc3C2)c1,26.84870147705078
Cc1ccccc1-c1nc(-c2ccc(N3C(=O)c4ccc5c6c(ccc(c46)C3=O)C(=O)OC5=O)cc2)ns1,22.845077514648438
Cn1c2ccccc2c(=O)c2cc(C#N)ccc21,18.76317024230957
N#Cc1ccc2cnn(-c3cccc(N)c3)c2c1,19.53573989868164
N#Cc1ccc(-c2ccc(-c3nc4ccc(F)cc4nc3-c3ccc(N)cc3)o2)cc1,24.52327537536621
CC(=O)C1CCCN(Cc2ccc(-c3cn4ccnc4cc3-c3ccccc3)cc2)C1,32.88380432128906
N#Cc1ccc(-c2ccc3oc(C(N)=O)c(NC(=O)C45CC6CC(CC(C6)C4)C5)c3c2)cc1,37.014801025390625
N#CC(C#N)=Cc1ccc(C#N)cc1,13.610369682312012
CN1CCN(c2ncc(-c3ccc(-c4ccc5c(cnn5C)c4C#N)c(F)c3)cn2)C1=O,31.41930389404297
COc1cc(OC)cc(-c2cc(-c3ccc(O)cc3)cc(-c3ccc(O)cc3)n2)c1,15.227239608764648
CCCCCC=Nc1nc(=O)c2ccccc2[nH]1,23.90515899658203
COc1cc(OC)nc(-c2cc(C#N)cc(-c3ccc(N=c4[nH]c5ccccc5s4)cc3)n2)n1,27.19960594177246
C=CCn1cnc2sc3c(c2c1=O)CCC(Nc1ccc(-c2ccccc2)cc1)C3,20.80529022216797
N#Cc1ccc(-c2cc(C(N)=O)c(O)n2-c2ccc(-c3nc(-c4ccc(N)cc4)nc(-c4ccc(N)cc4)n3)cc2)cc1,14.894938468933105
Cc1nc2ccccc2c(=O)n1-c1ccc(-c2nc(-c3ccc(N)cc3)nc(-c3ccc(N)cc3)n2)cc1,10.599895477294922
N#Cc1ccc(NC(=O)COCc2cc(-c3cc(C#N)cc(C#N)c3)[nH]n2)cc1,28.885467529296875
CN1CCN(c2ccc(C#N)cn2)CCC1Cc1ccccc1,25.350542068481445
CC(C)CC(=O)c1c(O)c(C=O)c(O)c(C(=N)c2ccc(C#N)cc2)c1O,23.051362991333008
N#Cc1c2c(c(C#N)c3ccccc13)CCCC2,11.062514305114746
CCOCC1COC(c2ccc(C#N)cc2)=N1,23.01410675048828
N#Cc1ccc2ccc3c(C#N)cc(C#N)c4ccc1c2c34,15.608360290527344
Oc1ccc(-c2nc(-c3ccc(N=Cc4ccccc4O)cc3)nc(-c3ccc(N=Cc4ccccc4O)cc3)n2)cc1,24.29214859008789
C#Cc1cc(C#N)c2c(c1)C(C)(C)CO2,11.114912986755371
C1=C2c3ccccc3CC2CNC1,23.69054412841797
N#Cc1ccc(-c2cccc(-c3cc(C#N)cc(C=Nc4ccc(O)c(C(F)(F)F)c4)n3)n2)cc1,30.79515266418457
Cc1ccc(-n2c(=O)c(-c3ccc(-c4cnn(C)c4)cc3)cc3c[nH]c(=N)nc32)nc1,23.83268165588379
CN1CCN(c2nc3ccccc3c(=NCc3ccc(NC(=O)c4ccc(F)cc4)cc3)[nH]2)CC1,19.13115119934082
Cn1c(O)c(C=Nc2ccc(C#N)cc2)nnc1=O,16.040237426757812
Nc1cccc(-c2ccc3[nH]cnc3c2)c1,19.886863708496094
CC1(C)CCC(C)(C)c2c1ccc1c(C#N)cc(C#N)cc21,12.388020515441895
CN(C)c1ccc(C=Nc2ccc(-n3nc(-c4ccc(N=C=S)cc4)nc3-c3ccc(N)cc3)cc2)cc1,16.46668243408203
Nc1ccc(-c2nc(-c3ccc(N)cc3)nc(-c3cccnc3)n2)cc1,13.171533584594727
Cn1c(CCNC(=O)c2ccc(C#N)cc2)nc2cc3c(cc2c1=O)OCO3,21.094802856445312
CC(=O)N1CCCN(c2c(F)cc(N3CC(Cn4ccnn4)OC3=O)cc2F)CC1,25.94481086730957
N#Cc1ccc(-c2nn(-c3ccccc3)cc2C=NN=c2[nH]c3ccccc3[nH]c2=O)cc1,17.115787506103516
CC1(c2ccc(C#N)cc2)CCSC(=N)N1,18.739364624023438
Cc1cc(C)c2c(C)c(C)n(-c3ccc(C#N)cc3)c2c1C#N,23.732559204101562
N#Cc1ccc(C(c2cncnc2)N2CCC(Nc3nc(C#N)ccc3C#N)CC2)cc1,33.412654876708984
N#Cc1ccc2c(c1)C1(COC(=N)N1)c1nc(-c3cccnc3F)ccc1O2,15.119621276855469
N#Cc1ccc(N=CN2CCN(C=O)CC2)cc1,13.551325798034668
NCC1CN(c2cc(N3CCOCC3)nc(-c3ccc(N4C(=O)OC(=Cc5ccc(F)cc5)C4=O)cc3)n2)C1,35.458377838134766
CN1CCN(Cc2cc(N=c3cc[nH]c4cc(Cl)ccc34)ccc2O)CC1,21.36001968383789
CC1=C(C#N)C(c2ccc3c(c2)OCO3)C2C(=O)CC(c3ccco3)C=C2N1C,25.753957748413086
N#Cc1ccc2oc(-c3ccc(NC(=O)Cc4ccc(N=C(N)N)cc4)cc3)nc2c1,19.836219787597656
Cc1cc(-c2ccc(NC(=O)C=Cc3ccc(C#N)cc3)cc2)ccc1C(=O)N1CCCC1C(N)=O,28.33291244506836
c1ccn2c(NC3CCCC3)c(-c3ccc4c(c3)OCO4)nc2c1,25.0677433013916
Cc1ccc2nc(-n3c(-c4ccc(C#N)cc4)cc4c3cc(-c3ccc(C#N)cc3)n4-c3nc4ccc(C(C)C)cc4s3)sc2c1,11.226578712463379
Cc1ccc(C(=CC(C)C)c2cc3ccc(O)c(C=O)c3oc2=O)cc1,32.55588150024414
Cc1nc(N(C)C)c2ncn(-c3ccc(C#N)cc3)c2n1,16.231454849243164
Nc1cc(O)c(N=Cc2ccccc2[N+](=O)[O-])cc1O,13.419349670410156
NS(=O)(=O)c1ccccc1-c1ccc(CC(=O)O)cc1,20.62459945678711
O=c1c2sc(-c3ccsc3)cc2ncn1-c1ccccc1,16.90284538269043
N#Cc1ccc(Oc2ccc(-c3cc(C(N)=O)nc(-c4ccc(N)cc4)n3)cc2)cc1,16.51722526550293
Cc1ccc(C#N)cc1C#N,10.756771087646484
CCCN(CCC#N)c1ccc(C#N)cc1,18.35110092163086
N#Cc1ccc(-n2c(=O)c3cc4c(=O)n(-c5ccccc5O)c(=O)c4cc3c2=O)cc1,15.178548812866211
C(=Nc1cccc(Oc2ccccc2)c1)c1ccccc1,21.681074142456055
COc1ccc(C=Nc2ccc(N=Nc3ccc(N)cc3)cc2)cc1,21.966842651367188
N#Cc1ccc(-n2ccc(-c3nc(=O)c(O)c(C(=O)O)[nH]3)n2)cc1,20.227617263793945
N#Cc1ccc(-n2c(=O)c3cc4c(=O)n(-c5ccc(C#N)cc5)c(=O)c4c(-c4ccc5c(c4)CCNC5=O)c3c2=O)cc1,20.183406829833984
Cc1ccc(-c2nc3ccccc3c(=O)n2N=Cc2c(-c3ccccc3)nc(-c3ccccc3)c3ccccc23)cc1,24.174707412719727
Cc1cc(-c2ccc(NC(=O)CCc3cc(N4CCOCC4)nc(C)n3)cc2)ccn1,26.187246322631836
Cc1cc(C#N)cc2nc(-c3ccc(-c4ccc(C#N)cc4)nc3)oc12,15.962990760803223
Cc1ccc(C=Nc2cccc3ccc(N)cc23)cc1C,25.85930633544922
N#Cc1ccc(-c2ccc(-c3ncn(CN4CCN(c5ccc(C#N)cn5)CC4)n3)cn2)cc1,21.55449867248535
O=C(NCc1ccc(Cl)cc1)C1CCC(=O)N(CCCc2ccccc2)C1,23.827241897583008
CC(C)C1C(=O)NC(CO)Cc2cc([S+]([O-])c3ccc4ccccc4c3)ccc2N1C,25.03567886352539
CNc1ccc(-c2cc(-c3ccc(N4CC(Cl)C4c4ccc(O)cc4)cc3)c3nc(-c4ccc(C#N)cc4)n(C)c3n2)cc1,32.51799774169922
CN(c1ccc(C(=O)c2ccccc2)cc1)S(=O)(=O)c1ccc(C#N)cc1,19.453508377075195
N#Cc1ccc2c(c1)C(=O)C(=O)C=C2,17.227596282958984
Cc1cc2c(cc1C#N)CN(c1ccc(C#N)cc1)CO2,17.773807525634766
N#Cc1c(Cl)c(=O)oc2ccc(Cl)cc12,24.369674682617188
N#Cc1ccc(-c2c(-c3ccccc3)c(C#N)c3cccc(Cl)n23)cc1,20.463520050048828
CS(=O)(=O)c1ccc(-c2c[nH]c(=N)c(C#N)c2)cc1,20.525671005249023
CN(C)C=C1C(=O)N(C)c2ccccc21,16.004058837890625
CC1(C)Cc2sc(=Nc3cccc(C#N)c3)[nH]c2-c2ccc(C#N)cc21,24.90724754333496
Nc1c(N=Nc2c(O)cc(S(=O)(=O)Nc3ccc([N+](=O)[O-])cc3)c3ccccc23)cc(S(=O)(=O)O)c2ccccc12,29.5982666015625
CC(=O)N1CC2Cc3cc(-c4cccc(C#N)c4)ccc3C1C2,21.047658920288086
COc1cccc(-c2nc(-c3ccc(N)cc3)nc(-c3ccc(N4C(=O)c5ccc6c7c(ccc(c57)C4=O)C(=O)OC6=O)cc3)n2)c1,12.605443000793457
N=c1nc(-c2ccc3c(=Nc4ccccc4F)cc[nH]c3c2)cc[nH]1,21.527034759521484
Cn1c(-c2ccc(N)cc2)cc(-c2ccc(C#N)cc2)c1-c1ccc(O)cc1O,16.263595581054688
CN(C)c1ccc(C=C(C#N)c2nc3ccc(-c4ccc(C#N)cc4)cc3n2CCO)c(O)c1,28.88075065612793
CCOc1ccc(OC)cc1C[N+](C)(C)CCCCCc1ccc(C)cc1,32.014488220214844
C=CCNc1cc(C(N)=O)ccc1-n1cnc(-c2ccc(N)nc2)n1,26.50946044921875
C[S+]([O-])C(c1ccc(F)cc1)(c1ccc(C#N)cc1)c1ccc(C#N)cc1,22.613887786865234
CCCc1c(Cc2ccc(-c3ccccc3-c3ccccc3)cc2)c(=O)n(C2CC2)c2ncnn12,19.429943084716797
CNC(=O)C1CCN(C(=O)c2ccc(Br)cc2)C(=O)O1,28.413774490356445
C#Cc1cc(C#N)c2cc3c(cc2c1)CC1(C3)C(=O)Nc2ncccc21,16.61302947998047
CCC12C=CC(c3ccccc3)=Cc3cc(C(C)=O)cc(c31)CO2,36.14540481567383
Nc1[nH]n(-c2ccc(C(=O)O)cc2)c(=O)c1N=Nc1cccc2ccccc12,21.730968475341797
N#Cc1ccc(-c2nc(-c3ccc(N)cc3)nc(-c3ccc(N)nc3)n2)cc1,9.733061790466309
N#Cc1ccc(-c2ncncc2C#N)cc1,14.392878532409668
N#Cc1ccc(-n2nc(-c3ccc(N)cc3)[nH]c2=O)cc1,12.201762199401855
Cc1ccc(Cl)cc1NC(=O)Nc1ccc(C#N)cc1,18.3819637298584
NC(=O)c1ccc(-n2cc(-c3ccc(N)cc3)nn2)cc1,14.451005935668945
N#Cc1ccc(-c2cc(-c3ccccc3)n(-c3ccc(C#N)cc3)n2)cc1,11.235286712646484
C=CC(=O)Nc1cccc(-n2c(=O)cnc3c[nH]c(=Nc4ccc(N5CCN(C)CC5)cc4)nc32)c1,20.931215286254883
N#Cc1ccc2c(C#N)c3ccccn3c2c1,12.649484634399414
N#Cc1ccc(-c2ccc3c(c2)CCN(CCN2CCCC2)C3=O)cc1,10.87747859954834
Nc1ccc(-c2nc(-c3ccc(N4C(=O)c5cccc6cccc(c56)C4=O)cc3)nc(-c3ccc4c(c3)OCO4)n2)cn1,14.841506004333496
N#Cc1ccc2nc(-c3ccc(O)cc3)oc2c1,14.853243827819824
NS(=O)(=O)c1ccc(CN=Cc2c(O)c3ccccc3oc2=O)cc1,19.906352996826172
COc1ccc(-c2nc(CNc3ccc(C#N)cc3)[nH]c2-c2cccc(C#N)c2)cc1,18.737741470336914
CC(C)n1c(-c2ccc(Br)cn2)c(C#N)c2cc(C#N)cc(C#N)c21,24.66704559326172
Cc1cc(-c2csc(=N)[nH]2)cc(C)c1C,21.295536041259766
Cc1ccc(C=Nc2cc(O)c(NS(=O)(=O)c3ccccc3)cc2O)cc1,14.720300674438477
CCCCC(N)=Nc1ccc(C)c(C)c1,21.61302375793457
COC(=O)c1c(-c2ccc(C#N)cc2)oc2ccccc2c1=O,18.700088500976562
N#Cc1ccc(-n2c(-c3ccc(N)cc3)nc3ccccc3c2=O)cc1,12.270265579223633
Nc1ccc(-c2noc(-c3ccc(N)cc3)n2)cc1,9.60722827911377
COc1ccc(C#N)cc1NS(=O)(=O)c1ccc(C)cc1,21.49957847595215
Cc1cc2cc(N=c3nc(-c4ccc(N5CCCC5)c(C#N)c4)cc[nH]3)ccc2[nH]1,21.023174285888672
N#Cc1ccc(-c2cc(C#N)c(-c3ccc(C#N)cc3)nc2-c2ccc(C#N)cc2)cc1,12.820971488952637
COc1ccc(C)cc1NC(=S)NCC1CCCCC1,24.738323211669922
N#Cc1cn(-c2ccc(C(=O)O)cc2)cc1-c1ccccc1,13.415578842163086
Cc1cccc(C#Cc2c(N)nc[nH]c2=NC(C)c2cc(C)c3ccccc3n2)c1,25.06155014038086
Nc1ccc(-c2nc(-c3cccc4cc(-c5ccccc5)oc34)c3sccc3n2)cc1,24.39763069152832
O=C(NC1CCCCC1)c1ccc2c(c1)NC(=O)C(N1CCOCC1)S2,23.015562057495117
CCOC(=O)c1nc(-c2ccc(N)cc2)nc2c1c(=O)n(C)c(=O)n2Cc1ccc(-c2ccccc2-c2cnn(C)c(=O)n2)cc1,32.60525131225586
N#Cc1ccc(CN(Cc2ccc(-c3ccccc3)cc2)c2nccc(-c3ccc(N)nc3)n2)cc1,18.20358657836914
Nc1ccc(-c2nc(-c3ccc(O)cc3)nc(-c3cccc(-c4ccccc4)c3)n2)cc1,17.48356056213379
N#Cc1ccc(-c2c3c(c(C#N)c4ccc(C#N)cc24)CCC3)cc1,18.111345291137695
N#Cc1ccc(Cl)cc1Cl,11.089378356933594
N#Cc1ccc(-c2nnc(-c3ncc(C#N)cc3O)s2)cc1,27.056659698486328
NC(=O)c1cccc2c1-c1ccccc1C2=NO,20.538650512695312
CNc1ccc(-c2nc(-c3ccc(N)nc3)nc(-c3ccc(N=Cc4cc(C(C)(C)C)cc(C=O)c4O)nc3)n2)cc1,17.55362892150879
COc1ccc(-n2nc(-c3ccc(C#N)cc3)cc2-c2ccc(C#N)cc2)cc1,15.507857322692871
N#CCSc1nnc(-c2ccc(N)cc2)o1,17.20328712463379
Cc1ccc(=NC(=O)Cn2cc(C)n(CC(F)(F)F)c(=O)c2=O)[nH]c1,32.772735595703125
Cc1cccc2[nH]c(-c3cccc(-c4ccc(C(N)=O)cc4)c3)nc12,19.183740615844727
N#Cc1ccc(NC(=S)NN=CC=Cc2ccccc2[N+](=O)[O-])cc1,25.885793685913086
Cc1[nH]nc(-c2ccccc2)c1-c1ccc(C#N)cc1,17.03827476501465
CC(=NNc1ccc(C#N)cc1)c1ccc(-n2cccc2C)cc1,24.85808563232422
COc1cc(C2C(C)=NN(C(C)=O)C2c2ccc(Cl)c(Cl)c2)ccc1O,28.181434631347656
COc1cc2c(cc1-c1ccc(CO)s1)c(=O)c1c(n2CC(C)C)C(=O)c2ccccc2C1=O,36.9478874206543
Nc1ccc(-c2nc(-c3ccccc3)nc(-c3ccc(N4C(=O)CSC4c4ccc(C=O)cc4)cc3)n2)cc1,16.933223724365234
COc1cc(CC2C(=O)OCC2Cc2ccc(O)cc2)ccc1O,20.31063461303711
NC(=S)NN=C1CCc2ccccc21,17.36319351196289
Cc1ccc2c3c(c(=O)oc2c1)C(=O)C(c1ccccc1)C3=O,22.767559051513672
OCC(F)c1ccccc1,23.630292892456055
N#Cc1ccc(-c2cc(C#N)ccc2C#N)cc1,9.666975975036621
N#Cc1ccc(-c2ccc(-c3cn4cc(C#N)ccc4n3)cc2)cc1,16.249717712402344
Cc1cn(-c2cc(-c3ccc(C#N)cc3)ccn2)c2c1C(=O)CC(C)(C)C2,21.044113159179688
NCCc1ccccc1,14.134759902954102
N#Cc1ccc(-n2c(O)c3c(c2O)C2C=CC3CC2)cc1,17.115875244140625
NC(=O)c1cccc2c(=NCc3ccccc3)[nH]cnc12,14.454920768737793
COc1ccc(Cn2c(C)c(C=C(C#N)C#N)c3ccc(C)cc32)cc1,26.442785263061523
Cc1cc2cc(C(=O)O)sc2cc1C,23.421037673950195
N#Cc1ccc(-c2cc(=NCCCn3ccc4ccc(F)cc43)[nH]c(-c3ccccn3)n2)cc1,30.97336769104004
Cc1cccc(N2C(=O)c3ccc(N)cc3C2=O)c1,18.767194747924805
Cc1ccc(C=Nc2ncc(C(=O)O)cn2)cc1C,25.096420288085938
COC(=O)C=Cc1cc(C=O)c(O)c(C=Nc2ccc(-c3nc(-c4ccc(N)nc4)nc(-c4ccc(N)nc4)n3)cn2)c1,11.29513931274414
N#Cc1ccc(-c2ccc(O)cc2)cc1,10.10035228729248
CN1CCN(c2ccc(N=c3[nH]cc(F)c(=Nc4ccc(C#N)cc4)[nH]3)cc2)CC1,15.532855987548828
CC(C(=O)Nc1ccc(S(N)(=O)=O)cc1)N1C(=O)c2ccccc2C1=O,19.754383087158203
Fc1ccc(-c2cc(-c3ccccc3)cc(-c3ccc(-c4nc(Cl)nc(Cl)n4)cc3)c2)cc1,12.17678451538086
N#Cc1ccc(F)c(CO)c1,16.846330642700195
CC(=O)c1cn(-c2nc(NCc3cccnc3)c(Cl)c(=N)[nH]2)nn1,29.649808883666992
Cc1c(CO)c(C=O)c2cccc(C#N)n12,20.067699432373047
C#Cc1ccc(C2CC3CCC(C2C)N3C)cc1,25.719791412353516
CN(C)c1ccc(C=Nc2ccc(N(C)C)cc2)cc1,15.469229698181152
CC(=O)Nc1ccc(-c2csc(=NC(=O)CCCO)[nH]2)cc1,23.937297821044922
CC(=NO)C(COC(=O)c1ccc(C#N)cc1)Cc1ccc(-c2ccc(C#N)cc2)nc1,36.30744552612305
CCC(NC(=O)C1CCN(c2cc(-n3ccc(CCc4ccccc4)n3)ncn2)CC1)c1ccc(C(=O)O)cc1,39.14307403564453
Cc1cnc(N2CC(N)C(c3ccc(C#N)cc3)C2)c(C#N)c1,21.909685134887695
NC(=O)c1ccc(-c2ccc(-c3ccc[nH]c3=NC(=O)c3ccccc3)cc2)cc1,22.7562255859375
Nc1ccc(-c2nc(-c3ccc(N=Cc4cc(C=O)c(O)c(C=O)c4O)nc3)nc(-c3cccs3)n2)cn1,12.952048301696777
CC(=O)N(C)c1ccc(CN(CC#N)S(=O)(=O)c2ccc(-c3ccc(C#N)cc3)cc2)cc1,30.336393356323242
CC(C)(C)CN=c1cc2c(c[nH]1)cc(-c1ccc(Cl)cc1)c(=O)n2-c1ccc(C#N)cc1,23.27556800842285
C=C(C)C(C#N)=Cc1ccc(C#N)cc1,16.80995750427246
CCc1cc(C2c3c(cc(O)c4c(=O)cc(-c5ccc(O)cc5)oc34)OC2c2cc(Cl)c(O)c(Cl)c2)cc(CO)c1O,37.93838119506836
Cc1ccc(-c2nc(-c3cccc(C#N)c3)c3n2C(CF)CCC3)cc1,21.083871841430664
N#Cc1ccc(-c2cc(-c3ccccc3)cc(-c3ccc(O)cc3)n2)cc1,13.380414962768555
Cc1nc(N)ccc1-c1nc(-c2ccc(N)cc2)nc(-c2ccc(N=Cc3cc(C=O)cc(C=O)c3O)nc2)n1,16.43602752685547
Oc1ccc(Br)cc1C=NN=c1cccc[nH]1,17.956201553344727
CCc1ccc(NC(=O)Cc2c(O)n(-c3ccc4c(c3)OCO4)c(=O)n2Cc2ccc(C)o2)cc1,33.73601531982422
CN(C)c1ccc(C=Nc2ccc(-c3cccc(-c4ccc(NC(=O)C(C#N)=Cc5ccc(O)c(O)c5)cc4)n3)cn2)cc1,25.12798309326172
CC1COc2ccc(N=c3nc(-c4ccc(N)cc4)cc[nH]3)cc21,20.568828582763672
CN1CCN(c2oc(Cc3ccccc3)nc2C#N)CC1,19.10750961303711
Cn1cc2cc(-c3nc4[nH]c(N)cc(=N)n4n3)ccc2n1,32.59867858886719
Cc1ccc(-c2cc(-c3ccc(-c4ccc(C#N)cc4)cc3)nn2-c2nc(-c3ccccc3)cc(C(F)(F)F)n2)cc1,20.2740535736084
N#Cc1ccc(-c2nc(=N)[nH]c3c2C(=O)c2cc(O)ccc2-3)cc1,17.813602447509766
CC(=O)c1ccc(-n2c(-c3ccc(C#N)cc3)cc3ccccc32)cc1,17.55375099182129
N#Cc1ccc2c(ccc3ccccc32)c1,14.911266326904297
CC(=O)Nc1ccc(CN2C(=O)c3ccc(C#N)cc3C2=O)cc1,20.486425399780273
N#Cc1ccc(-c2ccc(-c3ccc(NC(=O)c4cccnc4)c(-n4cc(C(=O)O)cc4O)c3)cc2)cc1,29.793542861938477
Cc1ccc(-c2csc(=NC(=O)c3ccc(N=c4cc(-c5ccc(C#N)cc5)[nH]c(C)n4)cc3)[nH]2)cc1,23.05137825012207
Cc1cccnc1C=CCN,23.929550170898438
N#CC=C(c1ccccc1)c1ccc(N=C=S)cc1,23.312467575073242
C=CC12CCc3c4ccc(O)c3OC3C(C1)(O4)C3(C)C2C(=O)OC,36.82474899291992
O=C(NC(Cc1ccccc1)C(=O)NC(Cc1ccccc1)C(=O)OCN1C(=O)c2ccccc2C1=O)OCc1ccccc1,29.370466232299805
CC(=NN=c1ccccc(N=NN(c2ccccc2)c2ccc(S(=O)(=O)N=c3cc(C)nc(C)[nH]3)cc2)c1)c1ccc(C#N)cc1,46.91765213012695
CCn1cc(C#N)c2ccc(-c3ccc(C#N)cc3)cc21,13.570752143859863
N#Cc1ccc(N=Nc2ccc(-c3ccc(C#N)cc3)cc2C#N)cc1,18.853578567504883
N#Cc1cc2nc(-c3ccc(N)cc3)nc(N3CCOCC3)c2s1,14.561976432800293
N#Cc1ccc(-c2nc(-c3ccc(N)cc3)n3ncnc(N4CCC(C#N)CC4)c23)cc1,24.41875457763672
N#CC=C1C(=O)c2ccccc2C1=O,13.90850830078125
N#Cc1ccc(-c2cn(C(c3ccc(N)cc3)c3ccc(C#N)cc3)cn2)cc1,23.77964973449707
Nc1ccc(-c2nc(-c3ccc(N=Cc4cc(C=O)c(O)c(C=O)c4)nc3)nc(-c3ccc4ccccc4c3)n2)cc1,16.45889663696289
CC(C)Oc1nccc2c1c(-c1ccnc(N)c1)c(-c1ccc(C#N)cc1)n2-c1ccc(C(C)C)cc1,24.128917694091797
N#Cc1cnccn1,11.798946380615234
Nc1ccc(-c2cc(-c3ccc(N)nc3)nc(-c3ccc(N)nc3)n2)cn1,13.246099472045898
C#Cc1ccc(-c2nc(=NN=Cc3c(C)nn(-c4ccccc4)c3C)n(-c3ccccc3)c(-c3ccc(Cl)cc3)c2C#N)cc1,35.44682693481445
N#Cc1ccc(-c2nc3ccccc3nc2-c2ccc(C#N)cc2)cc1,15.538716316223145
CN(C)CCn1ccc(=NC2CCC(O)CC2)cc1,28.234630584716797
N#Cc1ccc(Cn2cncc2C#N)cc1,11.948731422424316
CC(C)Cc1ccc(-c2nc(=N)nc(-c3ccc(N4C(=O)c5ccc6c7c(ccc(c57)C4=O)C(=O)OC6=O)cc3)[nH]2)c(O)c1,26.077606201171875
O=CN1CCC(c2ccc(-c3cccc(Cl)c3)cc2)=N1,18.540325164794922
Cc1ccc(-c2cc(-c3ccccc3)cc(-c3ccc(-c4nc(Cl)nc(Cl)n4)cc3)c2)cc1C,14.824180603027344
COc1ccccc1CCn1nc(-c2ccc(C(=O)O)cc2)cc1-c1ccc(C(=O)O)cc1,32.21255111694336
Nc1cccc(-c2ccc3ncccc3c2)c1,17.570390701293945
Nc1ccc(-c2nc(-c3ccc(N)cc3)c(-c3ccc(-n4c(=O)c5cc6c(=O)oc(=O)c6cc5c4=O)cc3)nc2-c2ccc(N)cc2)cc1,15.016153335571289
C#CC#CC=CC,16.435396194458008
N#Cc1ccc(-n2c(-c3ccccc3)cnc2N)cc1,13.41257095336914
N#Cc1cccc(-c2cn(-c3ccc(C(N)=O)cc3NC(N)=O)cn2)c1,21.858041763305664
N#Cc1ccc(-c2cc(-c3ccccc3F)nc(-c3c[nH]c(C(=O)c4ccc(Cl)cc4)c3)n2)cc1,29.418411254882812
Cc1cccn2c(C#N)c(-c3ccc(C#N)cc3)c(C#N)c12,17.83260154724121
N#Cc1cccc(N=c2nc(Cl)[nH]c(-n3cc(C(N)=O)cn3)n2)c1,25.018695831298828
Cc1nc(-c2ccc(-n3c(-c4ccc(N)nc4)nc(O)c3O)cc2)no1,12.60452651977539
CC1C(c2ccc(O)cc2)OC(=O)C2C(=O)c3c(cc4c(c3O)C(=O)c3cccc(O)c3C4=O)CC21O,36.50617599487305
NCCNCc1ccc(-c2ccc3[nH]ccc(=Nc4cccc(O)c4)c3c2)cc1,24.310245513916016
N#Cc1ccc(-n2c(=O)[nH]c3cc(C#N)c(C#N)cc3c2=O)cc1,13.130843162536621
N#Cc1ccc(-c2nc3cc(C#N)ccc3nc2-c2ccccc2)cc1,14.90516471862793
N#Cc1cc(C#N)c2[nH]c(-c3ccc(-c4ccc(N)c(NC(=O)c5ccc(N6CCCC6)nc5)c4)cc3)nc2c1,31.535743713378906
C=CCN(C(=O)C(=O)OCC)c1ccccc1,25.827791213989258
CCCC(C#N)S(=O)(=O)c1ccc(C)cc1,25.291221618652344
CC1CC(C)CN(c2cc(-c3cccc(C#N)c3)ncn2)C1,19.043807983398438
Cn1c(-c2ccc(Cl)c(Cl)c2)csc1=NC(=O)c1cc(Br)ccc1N,29.38730812072754
Clc1nc2cc(Br)ccc2cc1-c1ccccc1,23.19911766052246
Cn1c(NC(=O)c2ccc(C#N)cc2)cc(=O)n(C)c1=O,14.455130577087402
O=c1oc2ccccc2c(O)c1C=Nc1ccccn1,15.744049072265625
CC(=O)NC(C)Cc1ccc(C#Cc2ccc(C#N)cc2)cc1,11.632589340209961
Cc1cc(=Nc2cccc(-c3ccc(N)nc3)n2)cc(C)[nH]1,12.709696769714355
O=C(C(=O)N1CCN(c2ccccn2)CC1)c1c[nH]c2cc(Br)ccc12,26.388830184936523
N#Cc1cccc(NC(=O)CCc2ccccc2)c1,15.679913520812988
Nc1ccc(-c2[nH]c(-c3cccc4c3C(=O)C(=O)N4)nc2-c2ccc(Oc3ccccc3)cc2)cc1,31.56847381591797
Nc1ccc(-c2cc(-c3ccc(O)cc3)c3c(n2)-c2ccccc2C3)cc1,17.38903045654297
N#Cc1ccc(C#N)c(Sc2cc(C#N)c3c(c2)C(=O)C(=O)N3)c1,29.969223022460938
N#Cc1c2nccnc2nc2nc[nH]c12,25.21824073791504
COc1ccc(C=NN=C(N)N)c(OC)c1OC(=O)c1ccc(-c2nc3ccc(C)cc3[nH]2)cc1,34.7947883605957
N#Cc1ccc(-c2cc(-c3ccccc3)cc(-c3ccc(-c4nn[nH]n4)cc3)c2)cc1,16.00180435180664
Cn1cc(-c2ccnc(N=Cc3ccc(Cl)cc3Cl)n2)c(-c2ccc(C#N)cc2)n1,22.627864837646484
N#Cc1ccc(-c2ccc(-c3ccc(-c4nc(-c5ccc(N)cc5)nc(-c5ccc(N)nc5)n4)cc3)cc2)cc1,12.848329544067383
COC(=O)c1cc(NC(=O)c2cc(NC(=O)c3cc(NC(=O)Cc4cccc(C=O)n4)cn3C)cn2C)cn1C,32.63945770263672
CN(C(=O)C(C)(C)c1ccc(N)nc1)c1ccc(C#N)cc1,24.602319717407227
CN(C)c1ccc(-c2nc(-c3ccc(N)cc3)nc(-c3ccc(N4C(=O)c5cccc6cc(N)cc(c56)C4=O)cc3)n2)cc1,15.416682243347168
CN(C)c1ccc(C=Nc2ccc(-c3cc(-c4ccccc4)cc(-c4ccc(-c5nc(Cl)nc(Cl)n5)cc4)c3)cc2)cc1,10.176874160766602
COc1ccc(-c2nc3n(Cc4ccccc4)c(Cc4nc5ccccc5c(=O)n4-c4ccc(C)cc4)cc(=O)n3n2)cc1,28.279159545898438
Cn1c(-c2ccc(C#N)cc2)ccc1-c1ccc(C#N)cc1,12.172423362731934
Cn1c(=O)n(-c2ccc(C#N)cc2)c2cc(-c3ccn(Cc4ccc(F)cc4)c3)ccc21,22.00944709777832
N#Cc1ccc(C(=O)N(Cc2ccc(C=CC(=O)O)cc2)Cc2ccc(O)c(C(=O)O)c2)cc1,29.467090606689453
N#Cc1cccc2ccccc12,13.211572647094727
CN1CCN(c2nccc(-c3ccc(C#N)cc3)n2)CC1,13.249787330627441
COc1ccc(-n2c(O)c(C#N)n(CCC#N)c2=O)cc1,21.791751861572266
CC(C)(C)NC(=O)C1CN(Cc2ccc(F)cc2)CCN1CC(O)C(Cc1ccccc1)NC(=O)OCc1cccnc1,28.573970794677734
N#Cc1cc(-c2cccc(N)c2)cc2ccccc12,20.538715362548828
N#Cc1ccc(COc2nc(-c3ccccn3)cc(-c3ccc(C#N)cc3)c2C#N)cc1,18.490726470947266
Cc1cc(C)cc(NC(N)=Nc2ccccc2C)c1,25.621715545654297
N#Cc1ccccc1N,10.931221961975098
Cc1nc(N=c2ccc(C#N)c[nH]2)cc(-c2nc(-c3cnc(N4CCCC4)nc3)c3n2CCCC3)n1,24.142513275146484
N#Cc1ccc2c(c1)C(=O)C(=O)N2Cc1ccc(-c2ccccc2)cc1,16.013153076171875
CN(CCN)c1ccc(-n2c(-c3ccc(C#N)cc3)cc3c2cc(-c2ccc(C#N)cc2)n3-c2ccc(C#N)cc2)cc1O,23.456663131713867
CCC(O)c1ccc(O)c(NS(C)(=O)=O)c1,21.110960006713867
N#Cc1ccc(-c2cccc(-n3nnc(-c4ccc(C#N)cc4)n3)c2)cc1,15.646049499511719
NC(=O)N1CCCc2cc(-c3ccc(N)nc3)ccc21,17.147262573242188
N#Cc1ccc(Oc2cc(C#N)nc(-c3ccc(C#N)cc3)n2)cc1,16.75566291809082
N#Cc1cn(-c2ccc(C(=O)O)cc2)cc1-c1ccc(N)cc1,11.519853591918945
NC(=O)c1cc(NC(=O)c2cccc3ccc(-c4ccc(N)cc4)nc23)cnc1N,33.916648864746094
CC(C)(C)NC(=O)C(c1cccc(-c2ccc(O)cc2)c1)N(C(=O)c1cnccn1)c1ccc(-c2ccccc2S(N)(=O)=O)cc1,35.77832794189453
N#Cc1ccc(-c2cc(-c3ccc(N)cc3)nc(-c3ccc(C#N)cc3)c2)cc1,10.832442283630371
N#Cc1c2c(c(C#N)c3ccccc13)CCCCCC2,15.335500717163086
N#Cc1ccc(-c2cc(C#N)ccc2C(=O)N2CCN(C3CCN(C(=O)c4ccc(Cl)cc4)CC3)CC2)cc1,22.968612670898438
N#Cc1ccc(-c2ccc(-c3nc(=O)c(O)c(C(N)=O)[nH]3)cc2)cc1,15.0315523147583
Nc1ccc2c(c1)C(=O)c1cc(NC(=O)CCO)ccc1-2,21.502906799316406
CC1(C)CCC2(C(=O)O)CCC3(C)C4=CCC5C(C)(CCC(O)C5(C)C)C4=CCC3(C)C2C1,33.12376403808594
N#Cc1ccc(N=c2nc(-c3cnc(N4CCC(C#N)CC4)c(C#N)c3)cc[nH]2)nc1,23.809385299682617
CCn1c(-c2ccc(N)cc2)nc2ncccc21,18.882354736328125
COC(=O)c1cnn(-c2ncc(NCc3ccc(F)cc3)cn2)c1,23.1170711517334
Cn1ccc2c1-c1cc3c(cc1C2=O)C(=O)OC3,21.281911849975586
Cc1ccccc1-c1cc(-c2ccccc2)cc(-c2ccc(-c3nc(Cl)nc(Cl)n3)cc2)c1,12.750924110412598
N#Cc1nc(-c2ccc(N3C(=O)c4ccc5c6c(ccc(c46)C3=O)C(=O)OC5=O)cc2)oc1-c1ccc(N)cc1,16.64192771911621
O=C1Nc2ccc(Br)cc2C1=Cc1ccc(O)c([N+](=O)[O-])c1,23.33542823791504
Nc1cccc(-c2cccs2)c1,15.403098106384277
N=C(N)c1ccc(-c2nc(-c3cccc(C(=N)N)c3)no2)cc1,20.303579330444336
Cc1cccc(NC(N)=NC(=O)Nc2ccccc2)c1,25.036083221435547
CCN(c1ccc(C(C)C)cc1)c1ncnc(C#N)n1,14.439302444458008
N#Cc1ccc(NC(=O)c2cnn(-c3ccc(C#N)cn3)c2)cc1,17.541881561279297
N#Cc1ccc(-c2cc(C(F)(F)F)nn2-c2ccc(C#N)cc2)cc1,12.368156433105469
N#Cc1ccc(N2C(=O)c3cccc4cccc(c34)C2=O)nc1,17.2454833984375
Cn1c(-c2ccc(N)cc2)nc(-c2ccc(C#N)cc2)c1-c1cccs1,16.084684371948242
N#CN=c1nc(-c2ccccc2-c2ccc(C#N)cc2)cc(-[n+]2cccc3c2CCCC3)[nH]1,35.774532318115234
O=C(Nc1ccc(CN=c2[nH]cnc3cc(Cl)ccc23)cc1)c1ccc(F)cc1,18.821285247802734
N#Cc1cc(F)c(F)c(C#N)c1F,11.429964065551758
Cc1c(C#N)ccc2[nH]c(-c3ccc(-c4ccc5c(n4)CN(C(=O)c4cccs4)C5)cc3)nc(=O)c12,36.22171401977539
N#Cc1ccc(NC(=O)NCc2cccc(C#N)c2)cc1,17.356016159057617
Nc1ccc(Cc2ccc(N)cc2)cc1,12.361412048339844
CC1CCCc2c1sc(N)c2C(N)=O,20.416017532348633
COc1ccc(-c2nc(-c3ccc(N)cc3)no2)cc1C#N,16.590085983276367
CCc1nc(N2CCN(C)CC2)nc2c1CCc1ccccc1-2,24.34066390991211
N#Cc1ccc(-c2c(S(=O)(=O)c3ccc(C#N)cc3)cnc3cc(C#N)ccc23)cc1,22.19735336303711
N#Cc1ccc(Nc2ccc(C#N)cc2)cc1,11.349320411682129
N#Cc1ccc(-c2ccc(-c3cn(CC(C(N)=O)c4ccc(O)cc4)nn3)cc2)cc1,27.51658058166504
Cc1ccc(-c2c[n+](CC(=O)c3ccc(F)cc3)c3n2CCC3)cc1,22.884740829467773
CC1(C)CCc2c([nH]c3c(c2=N)C(O)CCC3)C1,21.17040252685547
Cc1cc(C)cc(-c2ccc(C#N)cc2)c1,11.925232887268066
C#Cc1cc(-c2ccc(N)nc2)ccc1C#N,13.25889778137207
N#Cc1cccc(-c2cc[n+](Cc3ccc(C[n+]4ccc(N)c5cc(Cl)ccc54)cc3)cc2)c1,25.683992385864258
Cc1noc(-c2ccc(N3CCc4cc(-c5ccc(C#N)cc5)n(-c5ccc(C#N)cn5)c4C3=O)cc2)n1,17.103124618530273
N#Cc1ccc(=NCCc2ccc(C=O)cc2)[nH]c1,20.518770217895508
N#Cc1cccc(-c2nc(Nc3ccccc3)c3ccccc3n2)c1,25.06002426147461
N#Cc1ccc(-c2ccc(N3C(=O)c4ccccc4C3=O)c(C#N)c2)cc1,16.58811378479004
Clc1c[nH]c(=Nc2ccc(N3CCOCC3)cc2)nc1N=c1cc(C2CC2)[nH][nH]1,19.707368850708008
O=c1[nH]c2c(ccc3ccccc32)c2c1OCO2,23.865707397460938
N#Cc1ccc(-c2cc(-c3ccc(C#N)cc3)n3nc(-c4ccco4)nc3n2)cc1,20.16142463684082
Nc1ccc(C=Cc2cc(O)c3ccccc3n2)cc1,15.673550605773926
O=C(COc1ccc(Cl)cc1)N1CCn2[nH]c(=O)cc2C1,28.86679458618164
Nc1ccc(-c2nc(-c3ccc(N4C(=O)c5ccc6c7c(ccc(c57)C4=O)C(=O)OC6=O)cc3)nc(-c3c(O)cccc3O)n2)cc1,11.351301193237305
Cn1c(-c2ccoc2)c(C#N)c2cc(-c3ccc(C#N)cc3)ccc21,17.525184631347656
N#Cc1cccc(N=c2[nH]c(-c3ccc(N)cc3)nc3ccccc23)c1,14.959528923034668
Cc1cc(Nc2ccc(C#N)cc2)ccc1-c1ccc(C#N)n1C,21.62496566772461
N#Cc1ccc2nc(-c3ccc(N)cc3)ccc2c1,18.208438873291016
N#Cc1ccc(OCC(=O)N2CC(=O)Nc3ccccc32)cc1,18.651050567626953
COc1cc(N)c(C#N)cc1C#N,15.102924346923828
O=Cc1cc2cc(O)ccc2cc1-c1ccccc1,20.027421951293945
ON=C(O)c1cc(C=Cc2ccccc2)on1,19.800674438476562
Nc1ccc(-c2cnc3ccccc3n2)cn1,13.996681213378906
CC1(C)CC(=O)c2cc(-c3ccc(Cl)cc3)c(-c3ccccc3)nc2O1,17.499536514282227
CN(C)Cc1cc(C(O)=NO)cc(-c2ccc(O)c(F)c2)c1,31.670116424560547
CCN=CCc1cnc(-c2ccc(C#N)cc2)c(C)c1,25.92031478881836
Cn1c2c(cnc3ccccc32)c(=O)n1-c1cccc(Cl)c1,19.011276245117188
CN1CCN(CC#CCOC(=O)C(O)(Cn2cncn2)c2ccccc2)CC1,30.312490463256836
N#Cc1cc([N+](=O)[O-])ccc1Sc1ccc(N)cc1,17.710330963134766
CC(C)C(c1nc(-c2ccc(C#N)cc2)cs1)=c1ccc(=C(O)O)cc1,25.568029403686523
Cc1ccc(-n2ncc3c(=NC(=O)Nc4ccc(C#N)cc4)[nH]cnc32)cc1,20.11052703857422
CN(C)c1cccc(C#N)c1,14.341008186340332
CC(C)CC(=O)c1ccc(-c2ccc(C#N)cn2)nc1,16.6433048248291
CNc1ccc(-c2nc(-c3ccc(N4CCN(C)CC4)nc3)nc(N3CCOCC3C)n2)cc1,20.69560432434082
Cn1c(C=Cc2ccc(C#N)cc2)cc(-c2ccc(C#N)cc2)nc1=O,16.26023292541504
N#Cc1cccc2ccc(N=c3[nH]cc(-c4ccccc4)o3)cc12,21.67441749572754
Cc1nc(C#N)c(C#N)nc1N1CCC(N)C1,18.973400115966797
CN=c1[nH]nc(-c2ccccc2)c2ccccc12,19.30951690673828
N#Cc1ccc(-c2cnn3c(-c4cccc(NC(=O)c5cccc(N)c5)c4)cnc3c2)cc1,19.265079498291016
Cc1nc2ccccc2nc1-c1ccc(N(C)C)nc1,22.37812042236328
Nc1ccc(-c2c(-c3ccc(OCCN4CCCCC4)cc3)oc3cc(O)ccc23)cc1,20.295637130737305
O=C1c2ccccc2C(=O)N1c1ccc(-c2ccc3[nH]cnc3n2)cc1,22.709922790527344
N#Cc1cc(-c2ccccc2)n(-c2ccc(O)cc2)c1N=Cc1ccc(O)cc1,20.617027282714844
CC1CCN(C(=O)C(Cc2cccc(C(=N)N)c2)NS(=O)(=O)c2ccc(-c3ccc(C#N)cc3)cc2)CC1,21.19297981262207
C=CCOCCN=c1cc(-c2ccc(C#N)cc2)nc(N2CCCC(CO)C2)[nH]1,26.582841873168945
Nc1ccc(-c2cc(-c3ccc(N)cc3)on2)cc1,17.319555282592773
Nc1ccc(-c2nc3cc(N)ccc3[nH]2)nc1,17.304719924926758
Cc1ccc(-n2nc(C(C)C)sc2=NC(=O)c2ccc(C(N)=O)c3[nH]c(=O)cnc3c2=Nc2cccnc2)cc1,37.722801208496094
COC(=O)c1ccc(C#N)cc1NC(=N)N=c1nc(C)cc(C)[nH]1,27.310443878173828
N#Cc1ccc(-c2cc3c(cc2-c2ccc(C#N)cc2)OCO3)cc1,16.062091827392578
N#Cc1ccc(-c2noc(Cn3nc(CC(=O)O)c4ccccc4c3=O)n2)cc1,22.945146560668945
CN(C)CC1C(=O)C(=Cc2cccs2)COC1(C)c1ccccc1,34.7779655456543
COc1nc(-c2ccc(C#N)cc2)cc(-c2ccc(C#N)cc2)c1C#N,12.2553129196167
N#Cc1c(-c2ccc(N)cc2)c2ccc(N)cc2oc1=O,19.060853958129883
N#Cc1ccc(-n2[nH]c(-c3ccncc3)cc2=O)cc1,14.470782279968262
Cn1c(-c2ccc(N)cc2)nc2cc(C#N)ccc21,13.315380096435547
COc1ccccc1CN=c1ccc(C#N)c[nH]1,17.495874404907227
COc1ccc(NC(=O)c2nccc(-c3ccnc(-c4nc(=N)nc(C)[nH]4)c3)n2)cc1,26.82835578918457
Cc1ccc(N2C(=O)c3cccc4cccc(c34)C2=O)cc1,16.639171600341797
C=C1CC2C(=C)CCC1C2=C,29.131393432617188
C#Cc1ccc(C#Cc2cnc(N3CCC(C)C3)nc2)cc1,17.643814086914062
C=c1c(C#N)c(O)n(-c2ccc(C#N)cc2)c1=C,11.514520645141602
CNC(=O)c1ccc(-c2ccc(Cc3c(C)n(C(=O)c4ccc(Cl)cc4)c4ccccc34)cc2)cc1,26.948596954345703
N#Cc1ccc(F)c(Cn2cnc3ccc(N)cc3c2=O)c1,22.538875579833984
N=c1nc(N)nc(N=CN2CCN(C=O)CC2)[nH]1,11.54887866973877
CSc1nc(C=CC#N)nc(N=Cc2ccc(-c3nc(-c4ccc(N)cc4)nc(-c4ccc(C#N)cc4)n3)cc2)n1,25.85280418395996
Cn1c(-c2ccc(C#N)cc2)c(-c2ccc(C#N)cc2)c2ccccc21,16.355224609375
COc1cc(N)c(Br)cc1C(=O)Oc1ccccc1,24.044925689697266
CCN(CC)CCC(=O)Nc1ccc(-c2nc(-c3ccc(N)cc3)nc(-c3ccc(N4C(=O)c5ccc6c7c(ccc(c57)C4=O)C(=O)OC6=O)cc3)n2)cc1,13.814223289489746
Cc1cnc(C(O)=NO)cn1,19.40532112121582
Cc1ccc(NC(=O)c2ccc(OC(=O)C[N+]34CCC(CC3)C(OC(=O)C(O)(c3ccccc3)c3ccc(N)cc3)C4)cc2)cc1,40.65164566040039
N#Cc1cccc(N2CCN3CCCC3C2=O)c1,19.590478897094727
N#Cc1ccc(-c2ccnc3c2cc(-c2ccc(N)cc2)n3C2CCCCC2)cc1,24.030237197875977
N#CCCNc1c(O)ccc2ccccc12,25.24700927734375
O=Cc1cc(O)c(C(=O)c2ccc(O)cc2)c(-c2ccc(-c3ccc(-c4ccc(O)cc4)cc3)cc2)c1O,22.033300399780273
N#Cc1ccc(-n2c(=O)cc3c4cc5c(=O)oc(=O)c5cc4c(=O)cc-3c2=O)cc1,18.72382926940918
Cc1cncc(-c2ccn3c(-c4cc(N(C)C)nc(C)n4)c(-c4ccc(C#N)cc4)cc3c2)n1,26.304378509521484
COc1ccc(-n2c(-c3ccccc3Nc3ccccc3)n[nH]c2=S)cc1,20.79820442199707
Cn1sc(=Nc2ccc(C#N)cc2)nc1-c1ccc(C#N)cc1,24.82865333557129
COc1ccc(C#N)cc1N,14.586734771728516
Cn1c(=O)c2c(nc(-c3ccc([N+](=O)[O-])cc3)n2C)n(C)c1=O,22.11975860595703
CN1C(=O)c2ccc(C(=O)Nc3ccc(C(=O)O)cc3)cc2C1=O,22.5538272857666
N#Cc1cccc(N=c2cc[nH]c(-c3ccc(N)cc3)n2)c1,15.957358360290527
Cc1ccc(CN2CCN(N=CC=Cc3ccc(C#N)cc3)CC2)cc1,19.557954788208008
Nc1ccc(-c2cc(=O)c3cc(O)cc(N)c3o2)cc1,21.308225631713867
C#CCOc1ccc(C=O)cc1,13.924233436584473
Cc1ccc(C(O)=NO)cc1,17.342721939086914
N#Cc1ccc(NC(=O)Nc2cc(O)c(N)cc2O)cc1,19.174253463745117
CCc1noc(-c2ccc(N=c3nc(-c4ccc(N5CCC(C)(C)C5)nc4)cc[nH]3)cc2)n1,20.911354064941406
O=C1c2ccccc2C(=O)C1C(Nc1ccc(Cl)cc1)c1cccc(O)c1,28.995752334594727
N#Cc1ccc(C=CC(O)=NO)cc1,16.39072036743164
N#Cc1ccc(-c2csc(=NN=Cc3cn(-c4ccc(C#N)cc4)nc3-c3ccc(C#N)cc3)[nH]2)cc1,15.121458053588867
Cc1coc2c1C(=O)C(=O)c1c-2ccc2c1C=C1C(=O)C(C)(C)OC1CC2=O,35.977264404296875
N#Cc1ccc2c(C#N)cc(-c3ccc(F)cc3C#N)nc2c1,20.55035972595215
CC(C)N1CCN(c2nc(-c3ccc(N)cc3)cc(=Nc3ccccn3)[nH]2)CC1C,25.805620193481445
Cn1ncc2c1CCc1c(-c3ccc(C#N)cc3)cc(C#N)nc1-2,20.987091064453125
CC(C)OC(=O)N1CCC(Oc2ccc(C#N)cc2)CC1,18.564250946044922
N#Cc1ncc(-c2ccnc(-c3ccc(N)nc3)n2)cn1,14.304405212402344
CC1=C(C(=O)Nc2ccccc2)C(c2ccc(Cl)cc2)n2c(sc(=Cc3ccc4ccccc4c3)c2=O)=N1,22.646326065063477
C#CCn1c(-c2ccccc2)cc(N)c1C(=O)c1cccc(O)c1,24.105587005615234
CC1(C)C=Cc2c(O)cc(C=O)cc2O1,17.4331111907959
O=c1oc2ccccc2c(O)c1C=NCc1ccccc1,13.36444091796875
Cc1ccc(-n2c(-c3ccc(N4C(=O)c5ccc6c7c(ccc(c57)C4=O)C(=O)OC6=O)cc3)nc(-c3ccc4c(c3)OCO4)c2-c2ccccc2)cc1,21.538354873657227
CC(=O)N=c1[nH]c2c(C=O)c[nH]c2cc1-c1ccc(N)cc1,24.940574645996094
N#Cc1cc(-c2nc(-c3ccc(N)cc3)nc(-c3ccc(N4C(=O)c5cccc6cccc(c56)C4=O)cc3)n2)ccc1O,14.817004203796387
Nc1ccc(-c2nc(-c3ccc(-c4ccc(OCCN5CCOCC5)cc4)cc3)nc(-c3ccc(N)nc3)n2)cc1,17.775876998901367
COc1cc(C=O)cc(C=Nc2ccc(-c3ncnc(-c4ccc(C#N)cc4)n3)cn2)c1O,18.46181297302246
CC(C)(c1ccc(C#N)cc1)c1nc(-c2ccc(C#N)cc2)no1,17.235008239746094
N#Cc1ccc(C(=O)N2CCN(Cc3ccc(-c4nc5ccc(C(N)=O)cc5o4)cc3)CC2)cc1,25.404312133789062
Oc1cccc(C=Nc2cc(O)c(Nc3ccc(Cl)cc3)cc2O)c1,16.20999526977539
N#Cc1ccc(-c2ccc(Cn3c(CCC(=O)O)nc4ccccc43)cc2)cc1,22.635242462158203
CC(=NN=Cc1ccc(-c2cn3ccccc3[n+]2C)cc1)c1ccc(C#N)cc1,21.788646697998047
Oc1ccc(-c2cc(-c3ccccc3)cc(-c3ccc(O)cc3)c2)cc1,12.62674331665039
COc1ccc(C(=O)NC(=O)Nc2ccc(-c3ccc(C(N)=O)nc3)cc2)c(F)c1,26.605255126953125
CN(C)c1ccc(C=Nc2ccc(-c3nc(-c4ccc(N)cc4)nc(-c4ccc(NC(=O)c5ccc(N)cc5)cc4)n3)o2)cc1,17.769216537475586
Nc1ccc(-c2nc(-c3ccccc3)nc(-c3ccc(N)cc3)n2)cc1,9.519071578979492
c1ccc2c(c1)CCN(c1nc(-c3ccncc3)nc3ccccc13)C2,22.513978958129883
N=C(N)c1ccc(-c2cc(-c3ccc(C(=N)N)cc3)on2)cc1,12.889720916748047
Cn1c(=O)n(-c2ccc(C#N)cc2)c(=O)c2c1nc1n2CCN1c1ccccc1,18.534963607788086
CN(Cc1ccc(-c2cccnc2-c2nn[nH]n2)cc1)c1nc(C#N)ncc1C#N,19.555095672607422
Nc1ccc(-c2nc(-c3ccc(N)cc3)nc(-c3cccc(O)c3)n2)cc1,13.577902793884277
N#Cc1ccc(OCC(=O)Nc2ccc(-c3nc4ccccc4o3)cc2)cc1,16.901758193969727
Cc1ccccc1NC(=O)Nc1ccc(-c2nc(-c3ccc(N)cc3)nc(-c3ccccn3)n2)cc1,22.979433059692383
Cc1ccc(-c2nnc(-c3ccc(N)cc3)n2N)cc1,15.495368003845215
Nc1ccc(-c2cc(=O)[nH]c(-n3c(-c4ccc(O)cc4)nc4ccc(Br)cc4c3=O)n2)cc1,27.398988723754883
CN(C(=O)C=CC1CCNCC1)C(c1cccnc1)c1ccccn1,34.67225646972656
CC1CCN(c2nc(=O)c(C#N)c(-c3ccccc3)[nH]2)CC1,18.966609954833984
CC(C=Cc1ccccc1)=NN=c1scc(-c2ccc(C)cc2)n1-c1ccccc1,19.82573699951172
CC(C)(C)C(=O)Nc1ccc(-c2nc(-c3ccc(N)cc3)nc(-c3ccc(N)cc3)n2)cc1,18.486907958984375
Cn1cc(C(N)=O)c(=O)c2cc(C#N)ccc21,18.270584106445312
Cc1nc(-c2cc(F)c(-c3ccc(C#N)cc3F)nc2C(=O)NC(CO)c2ccc(C(F)(F)F)nc2)c2c(=N)[nH]ccn12,35.676448822021484
N#Cc1ccc(NC(=S)n2nc(-c3ccccc3)c(-c3ccc(C#N)cc3)n2)cc1,19.656362533569336
CC(=O)c1c(Nc2ccc(-c3cc(-c4ccc(C)cc4)nc(=N)[nH]3)cc2)nc2ccccn2c1=O,34.7989387512207
Cc1nc2c(nc(C)n2-c2ccc(C(C)C)cc2)c(=NCC2CC2)[nH]1,25.973953247070312
N#Cc1ccc(-c2ccc(-c3cc(=N)cc[nH]3)nc2)cc1,17.931570053100586
Nc1ccc(-c2cc(-c3nc4ccccc4[nH]3)c3ccccc3n2)cc1,16.648271560668945
CC1(C)CCN(c2ccc(C#Cc3ccc(C#N)cn3)cn2)C(=O)O1,18.373476028442383
O=Nc1cc(C(=O)O)ccc1O,15.312723159790039
N#Cc1ccc(-c2ccnc(-c3ccc(N)nc3)n2)cc1,9.835275650024414
CC1(C)OC(=O)N(c2ccc(-c3cccc(C#N)n3)cn2)CC1N,17.719329833984375
CCN(Cc1nc(-c2ccc(C#N)cc2)n(-c2cccc(C)n2)n1)c1ccc(F)cc1,29.018657684326172
N#Cc1ccc(-n2nc(C#N)nc2-c2ccc(N3C(=O)c4cccc(C#N)c4C3=O)nc2)cc1,23.460617065429688
Cc1cc(=Nc2ccccc2)[nH]c(=N)[nH]1,13.700821876525879
COc1cc(C=CC(=O)C(C#N)=Cc2ccc(O)c(O)c2)ccc1O,20.95195960998535
Cc1ccc(-c2cc(C#N)c(C)n2-c2ccc(S(N)(=O)=O)nc2)cc1,21.872713088989258
Cc1nc2sc3c(c2c(=O)n1-c1ccc(C#N)cc1)CCN(C(=O)C(F)(F)F)C3,25.09949493408203
N#Cc1cc(C#N)c2ccc(-n3ncc(-c4cc[nH]c(=N)n4)n3)cc2c1,19.603439331054688
N#Cc1ccc(N=Nc2cc3ccccc3cc2O)cc1,21.354793548583984
N#Cc1ccc(-c2ccc(N)nc2)nc1,11.809048652648926
N#Cc1ccc(N=c2nc[nH]c3ccc(-c4cc(C#N)cc(C#N)c4)cc23)cc1,19.423248291015625
Nc1ccc(-c2nc(-c3ccc(N)cc3)nc(-c3ccc(C=CC(=O)O)cc3)n2)cc1,13.211281776428223
Cc1nc2[nH]c3ccccc3c2c2ncnc(N=c3cc(Cl)[nH]c(=N)[nH]3)c12,36.54408264160156
CN1CCN(c2cc(C#N)ccn2)CC1,13.321735382080078
Cc1ccc(-n2cc(C=NN=c3[nH]c(C)nc(-c4ccc(N)cc4)nc3=N)c(-c3ccc(Cl)cc3)n2)cc1,31.352127075195312
O=S(=O)(O)c1ccc2[nH]c(O)c(C=C3C=Nc4ncccc43)c2c1,30.516300201416016
N#Cc1ccc2[nH]c(-c3ccc(-c4ccc(O)cc4)cc3F)nc2c1,22.292238235473633
N#Cc1ccc(S(=O)(=O)c2ccccc2)cc1,16.303359985351562
CCOC(=O)c1cnn(-c2ncc(C=Cc3cccc(C)n3)cn2)c1,32.06987762451172
N#Cc1ccc(-c2ccc(C#N)c(Sc3ccccc3)n2)cc1,15.417078018188477
COc1cc2c(O)ccc(-c3ccc(N)cc3)c2cc1OC,23.93243980407715
N#Cc1cccnc1C#N,9.646913528442383
C=CCN=c1[nH]c(-c2ccc(C(C)C)cc2)c(C#N)c(=Nc2ccc(OC)cc2)[nH]1,28.97450065612793
N#Cc1ccc(C(N)=O)cc1,12.328987121582031
O=Cc1cncc(CCC2(O)CC2)c1,32.796443939208984
CCNC(=S)Nc1ccc(-c2nc(=NCCN3CCOCC3)c3ncn(C4C(O)C(O)C5CC54)c3[nH]2)cc1,36.67668914794922
CC(C)C(C)c1ccc(C#N)cc1,17.66578483581543
COc1cccc(CN(C)C(=O)c2ccc(C#N)cc2)c1OC,21.528539657592773
Nc1ccc(S(=O)(=O)c2nc(-c3ccc(N)nc3)cc(-c3cccs3)n2)cc1,27.171783447265625
Cn1ccc(=NC(=O)c2cc(=NC(=O)c3cccc(-c4ccccc4C(F)(F)F)n3)[nH]cn2)[nH]1,35.76897430419922
Cc1nc2nc(-c3ccc(C#N)cc3)c(-c3ccc(C#N)cc3)cn2n1,14.328384399414062
CC(=O)c1c(O)oc(=O)c(C(C)=Nc2cc(O)ccc2C)c1O,15.66075325012207
Cc1nc2ncnn2c2c1CCN2c1ccnc(C#N)n1,21.409326553344727
Cc1ccc(-n2c(O)cc(NNC(=O)c3ccccc3)c2O)cc1Cl,19.704679489135742
O=Cc1cc(C=Nc2ccc(-c3nc(-c4ccc(O)cc4)nc(-c4ccc(Cl)cc4)n3)cn2)c(O)c(C=O)c1O,20.654464721679688
N#Cc1ccc(-c2nc(-c3ccc(C#N)cc3)nc(-c3ccc(CCn4c(=O)cc[nH]c4=O)cc3)n2)cc1,25.693342208862305
CC(C)=Cc1c(O)c(C)cc(C=Nc2ccc(-c3nc(-c4ccc(N)nc4)nc(-c4ccc(N)nc4)n3)cn2)c1O,16.225000381469727
CC(C)(c1ccccc1)c1ccc(-c2ccc(C#N)s2)cc1,26.416423797607422
C#Cc1nc(C#N)c(N)c2nc(-c3ccc(N)cc3)ccc12,22.611665725708008
COC(=O)C=Cc1nc(-c2ccc(N)cc2)cc(-c2ccc(C#N)cc2)c1C#N,23.191823959350586
COc1ccc(C#N)c2cc(-c3ccc4c(c3)C(C)(C)C(=O)n3cc(C#N)cc3-4)oc12,30.60346221923828
Nc1ccc(-c2nc(C=Cc3ccccc3)nc(-c3ccc(N)cc3)n2)cc1,13.808515548706055
Cc1ccc(S(=O)(=O)NC(=O)N=c2[nH]c3ccc(-c4ccco4)cc3c(=O)n2CCO)cc1,34.36433410644531
N#Cc1ccc(OCC(=O)NN=Cc2cc(Cl)ccc2O)cc1,19.604570388793945
Cc1cc(C)c(-c2n[nH]c(-c3ccc(-n4c(C)ccc4C)cc3)n2)c(O)c1,23.603412628173828
CC(=O)N1c2ccccc2C(C)(C)c2cc(N)ccc21,24.35326385498047
COc1ccc(N2CCN(C(=O)C=Cc3ccc([N+](=O)[O-])o3)CC2)cc1,23.25364112854004
Nc1ccc(-c2nc(-c3ccc(N4C(=O)c5cccc6cccc(c56)C4=O)cc3)nc(-c3ccccc3F)n2)cc1,14.536569595336914
N=c1nc(Cc2ccccc2)[nH]c(=NN=CC=Cc2ccccc2)[nH]1,26.28763198852539
N#Cc1cccc(-c2ccc(C3Oc4ccc(N)cc4OC3c3ccc(OCCN4CCCCC4)cc3)cc2)c1,23.212499618530273
Nc1ccc(-c2nc(-c3ccc(N4C(=O)c5ccc6c7c(ccc(c57)C4=O)C(=O)OC6=O)cc3)nc(-c3cccc(N)c3)n2)cc1,10.557332038879395
FC(F)(F)c1cc(Cl)ccc1NN=CNc1ccc(Cl)cc1,25.463788986206055
CCC(C)N=Cc1ccc2c(c1)C(C1=NCCN1)C1c3c(O)c(Br)cc(c3C(C)(C)CC1CCO)O2,66.60395050048828
Oc1cc(O)cc(C=Cc2ccc(O)c(O)c2)c1,10.599568367004395
Oc1ccc(-c2cc(-c3ccccc3)cc(-c3ccc(O)cc3)n2)cc1,13.256464004516602
COc1ccc(-c2cc(-c3ccc(O)cc3)nc(-c3cccc(O)c3)c2)cc1,18.788515090942383
CN(C)CC#CCOc1ccc(S(=O)(=O)N2Cc3nccnc3CC2C(O)=NO)cc1,25.36990737915039
Cn1cc(-c2ccc(-c3nc(-c4cc[nH]c(=N)n4)nc4ccccc34)cc2)cn1,17.36481475830078
Nc1ccc(-c2nc(-c3ccccc3)nc(-c3ccc4c(c3)CNCC4)n2)cn1,18.892589569091797
Nc1ccc(-c2cccc(-c3ccc(N)nc3)n2)cc1,9.990449905395508
N#Cc1cc2c3c(cccc3c1)C(=O)N(c1ccc(-c3nc(-c4ccc(N)nc4)nc(-c4ccc5ccc(N)cc5n4)n3)cc1)C2=O,29.577442169189453
Cn1cnc2ccc(-c3cccc(OCC(O)CN4CCc5ccccc5C4)c3)cc21,20.46317481994629
N#Cc1c2n(c(=O)c3ccccc13)CCC2,12.69856071472168
Cn1cnc2cc(-c3ccc(N4CCNCC4)cc3)[nH]c(=NCCO)c2c1=O,17.5382080078125
C#Cc1ccc(CCC(=Cc2ccc(C(=O)O)cc2)CCC)cc1,28.655027389526367
N#Cc1ccc(-c2cc(-c3ccc(N)cc3)nc(-c3ccc(N)nc3)n2)cc1,15.94231128692627
Nc1ccc(-c2nc(-c3ccc(N)nc3)nc(-c3ccc(N=Cc4cc(O)ccc4O)nc3)n2)cn1,10.072117805480957
COc1ccc2cccc3nc(-c4ccc[nH]c4=N)nc-3c2c1,28.489910125732422
Cc1ccc(C(=O)NN=CC=Cc2ccc(F)cc2)cn1,19.240367889404297
CC(C)(C)NC(=O)c1ccc(-c2cc(-c3ccc(N)nc3)nc(-c3ccc(N)nc3)n2)cc1,18.31348419189453
Cc1ccc2nc(-n3c(-c4ccc(C#N)cc4)cc4c3cc(-c3ccc(C#N)cc3)n4-c3nc4ccc(C)cc4s3)ccc2c1,10.592086791992188
CC(C)(C)COc1ccc(-c2ccc(-c3cccc(-n4cc(C(=O)O)cn4)c3)cc2F)cn1,29.71331024169922
O=Cc1ccc(C(=O)C=Cc2ccc(Cl)cc2)c(O)c1,21.797746658325195
N=c1nc[nH]c(-c2ccc(NC(=O)c3ccc4c(c3)OCO4)cc2)n1,25.889476776123047
Cn1cc(-c2ccc3ncc(NC4CCCCC4=O)cc3c2)c(-c2ccc(C#N)cc2)n1,29.962514877319336
C#Cc1ccc(-n2c(-c3ccc(C#N)cc3)cc3c2cc(-c2ccc(C#N)cc2)n3-c2ccc(C#N)cc2)cn1,20.209917068481445
Nc1ccc(-c2nc(-c3ccc(N=Cc4cc(C=O)c(O)c(C=O)c4O)nc3)nc(-c3cccc(O)c3)n2)cn1,12.051292419433594
C=CCc1cc(O)c2c(c1O)C1=C(c3ccc(O)cc3)C=C3C(=O)OCC(=C31)OC2=Cc1ccc(O)cc1,37.16729736328125
C#CCNC(=O)Cc1cccc2c(-c3ccccc3)c(C)oc12,36.18266677856445
N#Cc1ccc(-c2oc3[nH]cnc(=NC4CCCNC4)c3c2-c2ccncc2)cc1,25.2263240814209
COc1cc(C=CC(=O)c2ccc(-n3cccc3)cc2)ccc1O,18.21103858947754
CNc1ccc(-c2nc(-c3ccc(N(C)C)cc3)c(-c3ccc(N(C)C)cc3)o2)cc1,16.644351959228516
CC(=O)NCc1cc(-c2ccc(C#N)cc2)n(-c2ccc(C(C)C)cc2)n1,20.310962677001953
Nc1cc(N=CN2CCN(C=O)CC2)nc(N)n1,11.489014625549316
CC(C)c1ccc(-n2c(-c3ccc(C#N)cc3)cc3c2cc(-c2cccnc2)n3-c2ccc(C(C)C)cc2)cc1,10.182027816772461
CC(C)(C)OC(=O)NC(Cc1ccccc1)C(=O)NC(Cc1ccccc1)C(N)=O,23.237459182739258
Nc1ccc(-c2nc(C#CCO)nc(-c3ccc(N4C(=O)c5cccc6cccc(c56)C4=O)cc3)n2)cn1,21.053422927856445
N#Cc1ccc(-c2nc(-c3ccc(-c4nc5ccccc5n4-c4ccc(C(N)=O)cc4)cc3)n(CCc3ccc(O)cc3)c2-c2ccc(C#N)cc2)cc1,28.691730499267578
Cc1cccc(-c2nc(-c3ccc(C#N)cc3)c3c(C#N)cn(CC(=O)O)c3n2)n1,29.8985595703125
N#Cc1ccc(-c2ncc(-c3ccc4c(C#N)cn(-c5ccc(C(N)=O)cc5N)c4c3)s2)cc1,26.163820266723633
Cc1cc(N)cc2c1nc(N1CCOCC1)n2-c1ccc(C(C)C)cc1,23.037872314453125
Cc1nccc2c(-c3ccc(-c4ccc(N=C=S)cc4)cc3)nc(C3CCC3)n12,25.002973556518555
N#Cc1cc(-c2ccccc2)nc2ccccc12,15.082035064697266
Cc1nc(-c2ccc(C#N)cc2)ccc1C(=O)CC=Nc1ccc(F)cc1,20.71942710876465
CCCCCCCCCc1ccc(C(=O)Nc2ccc3cc(-c4ccc(-c5nc6ccc(C)cc6[nH]5)cc4)ccc3c2)cc1,34.451900482177734
Cc1nc2ncc(C(=O)Nc3ccc(Br)cc3)c(N)c2c(C)c1Cl,25.995311737060547
Nc1ccc(-c2nc(-c3ccc(N)nc3)nc(-c3oc4ccccc4c3[N+](=O)[O-])n2)cn1,26.468032836914062
N#Cc1c(N)c2c(-c3ccccc3)cc(C(=O)NN=Cc3cc(O)c(O)c(O)c3)nc2[nH]c1=N,26.404541015625
Cc1cc(OCc2nc(-c3ccc(N4CCN(NC5CCOCC5)CC4)nc3)c(-c3ccc(C#N)cc3)n2C)ccc1OCC(=O)O,37.82248306274414
CC1CCC2C(=O)OC(C)C2C1C=Cc1ccc(-c2ccccc2)cn1,21.715293884277344
CC1(C)C=Cc2cc(C#N)ccc2O1,12.267147064208984
CN1C(=CSc2ccc(C#N)c([N+](=O)[O-])c2)Sc2ccccc21,29.888309478759766
CC(C)=CCc1cccc(C(=O)Nc2cc(-c3cccs3)ccc2N)c1,26.117816925048828
CC1=CC(C)(C)Nc2c1n(C)c1ccc(Br)cc21,22.99681282043457
COc1ccc(-n2c(=O)c3ccc(C(=O)Nc4ccc(-n5cncn5)cc4)cc3n(CC(=O)O)c2=O)cc1,32.1606330871582
N#Cc1cc(-c2ccc(C(N)=O)cc2)n2nc(-c3ccc(O)c(O)c3)cc2n1,31.541173934936523
NCCCCC(NC(=O)C(Cc1ccccc1)NC(=O)C(N)Cc1ccc(O)cc1)C(O)c1nccs1,29.11760139465332
CN(C)c1ccc(-c2nc(-c3ccc(C#N)cc3)nc(C3CCCN(C(=O)N=c4cc[nH]cc4)C3)n2)cc1,27.102205276489258
O=c1c2ccc(-c3ccc[nH]3)cc2[nH]n1-c1ccccc1,22.998611450195312
Cc1ccc(-c2nc(-c3ccc(-c4ccc(-c5cc(-c6ccccc6)cc(-c6ccc(-c7nc(Cl)nc(Cl)n7)cc6)c5)cc4)cc3)c(-c3ccc(N)cc3)[nH]2)cc1,18.004657745361328
Cc1nc(-c2ccc(C#N)cn2)ccc1C(=O)NCc1cnoc1C,23.821338653564453
CN(C)C(=O)c1ccc(F)c(-c2ccn3c(-c4ccc(C(=O)NC5CC5)cc4)cnc3c2)c1,27.5534610748291
O=c1cc(-c2cccc(O)c2)c2cc(O)ccc2o1,22.49181365966797
CN1CCN(c2ccc(-c3cc(-c4ccc(C#N)cc4)c(-c4ccc(N)[n+]([O-])n4)c(-c4ccc(N(C)C)cc4)n3)cc2)CC1,24.233064651489258
Nc1ccc(N=c2c3ccc(N)cc3[nH]c3cc(N)ccc23)cc1,14.403059005737305
Cc1cccc2[nH]c(-c3ccc(-c4ccc(CNCCc5ccncc5)cc4)cc3)nc12,16.697002410888672
Brc1cccc(-c2cc3c4c(c[nH]c4c2)C=CC=C3)c1,30.200895309448242
Cc1cc(-c2ccc(-c3ccc(C(=O)O)cc3)cc2)c(O)cc1C(C)(C)CCCC(C)C,26.60820198059082
N#Cc1ccc(-n2c(C=Cc3cc(Br)c(O)c(Br)c3)nc3ccc(Br)cc3c2=O)cc1,22.58799171447754
CCCn1c(=O)c2[nH]c(-c3cnn(CCc4cccc(F)c4)c3)nc2n(CCC)c1=O,24.042694091796875
N#Cc1cc(C#N)c2ccc3ccccc3c2c1,11.772134780883789
Cc1cc(=Nc2cccc(O)c2)c2ccc(-c3ccc(N)cc3)cc2[nH]1,18.317110061645508
CN(C)c1nc(-c2nc(-c3ccc(C#N)cc3)nc(-c3ccc(N)nc3)n2)cc(=NCCC(N)Cc2ccc(C#N)cc2)[nH]1,34.090293884277344
N#Cc1ccc(Oc2ccc(C#N)cn2)cc1,12.1421480178833
N#Cc1ccc(-c2cccc(-c3ccc(C#N)cc3)c2)cc1,8.684885025024414
N#Cc1ccnc(-c2ccc(N)nc2)n1,11.313375473022461
Nc1ccc(-c2cc(=O)c3cc4c(cc3[nH]2)OCO4)cc1,14.15087890625
N=c1ccc(-c2nc(-c3ccc(N)nc3)nc(-c3ccc(N=Cc4cc(C=O)c(O)c(C=O)c4O)nc3)n2)n[nH]1,18.126028060913086
N#Cc1cc(-c2nc(-c3ccc(N)cc3)nc(-c3ccc(N)cc3)n2)cc2c(=O)ccccc12,21.949607849121094
CC(C)(C)C(=O)c1ccc(C#N)cc1,15.288661003112793
CN1CCN(C(=O)c2ccc(-c3nc(-c4ccc(N)cc4)nc(-c4ccc(N)cc4)n3)cc2)CC1,18.325096130371094
COc1cc(C=c2sc(=C3C(=O)Nc4cc(-c5ccc(C#N)cc5)ccc43)n(-c3ccc(C#N)cc3)c2=O)ccc1O,30.63077735900879
Cc1ccc(C)n1-c1ccc(C#N)cc1,11.324573516845703
CC(C)Oc1ccc(-c2cc(-c3ccc(C#N)cc3)nc(=N)[nH]2)cc1C#N,22.316850662231445
CNc1ccc(-c2cc(O)n(-c3ccc(-c4nc(-c5ccc(N)cc5)nc(-c5ccc(N)cc5)n4)cc3)c2O)cc1,17.209972381591797
Nc1ccc(-c2ncnc(-c3ccncc3)n2)cn1,14.18739128112793
CN1Cc2cc(N)ccc2C1=O,16.07140350341797
N#CC(=C(c1ccc(N)cc1)c1ccc(O)cc1)c1ccc(O)cc1,16.76991081237793
CC(=O)c1ccc(-n2c(-c3ccc(C#N)cc3)cc3c2cc(-c2ccc(C#N)cc2)n3-c2ccc(C#N)cc2)cc1,11.760775566101074
O=C1c2ccccc2-c2c1c(-c1ccccc1)nc1ccccc21,17.805200576782227
N#Cc1cc(C#N)cc(-c2cnc3c(c2)CCCN3C(N)=O)c1,13.552865982055664
Cc1cc(N(C)CCO)c2c(-c3ccc4c(c3)OCO4)cccc2n1,29.811382293701172
N#Cc1ccc(N=c2nc(-c3cc[nH]c(=N)c3)cc[nH]2)cc1,22.098281860351562
COc1ccc(-c2cc(-c3ccc(N)cc3)nc(-c3ccc(N)cc3)n2)cc1,11.347116470336914
N#Cc1cnc(-c2ccc(Cl)c(C#N)c2)c(-c2ccc(C#N)nc2)c1,22.930553436279297
CC(C)c1nc(-c2ccc(C#N)cc2)nc(-c2ccc(N)nc2)n1,14.740891456604004
N#Cc1ccc(-c2ccc(-c3cn(-c4ccc(C(=O)O)cc4)cc3C#N)cc2)cc1,11.568476676940918
N#Cc1ccc2cc(-c3ccc(F)c(C#N)c3)ncc2c1,20.576271057128906
N#Cc1ccc(-c2ccc(C#N)cc2F)cc1,13.357185363769531
Nc1ccc(-c2cc(-c3ccccc3)cc(-c3ccc(N=c4cc[nH]c5cc(Cl)ccc45)cc3)n2)cc1,13.103588104248047
CCCCC#N,15.887070655822754
CC1=CC(C)(C)Nc2ccc3c(C#N)cc(C#N)cc3c21,10.361320495605469
CCCCCCC=C(c1ccc(C#N)cc1)c1ccc(C#N)cc1,20.168550491333008
Cc1cc(C)[nH]c(=Nc2nc(-c3ccc(C#N)cc3)c(-c3ccc(C#N)cc3)cc2C#N)n1,18.22510528564453
N#Cc1ccc(-c2nc(-c3ccc(N)cc3)nc(-c3ccc(N4Cc5ccc6ccccc6c5C4=O)cc3)n2)cc1,9.209704399108887
CC1CN(C=Nc2nc(-c3ccc(Cl)cc3)cc(-c3ccc(Cl)cc3)n2)C(C)CO1,20.733675003051758
N#Cc1ccc(COc2ncc(-c3ccc(C#N)cc3)cc2-c2ccc(C#N)cc2)cc1,17.371238708496094
O=Cc1ccc(-c2nc(-c3ccc(N4CCNCC4)cc3)[nH]c(=Nc3ccccn3)n2)cc1,26.673765182495117
O=C(C=Cc1c(O)cccc1O)c1ccc(O)cc1,19.150964736938477
Cc1nc2ccccc2c(=O)n1-c1ccc2c(c1)Sc1ccccc1O2,29.107019424438477
CN1CCc2c(c3cc(F)ccc3n2-c2ccc(C#N)cc2)C1,17.27217674255371
N#Cc1ccc(Cn2ccc3cc(O)ccc32)cc1,19.60161018371582
N#Cc1ccc(-c2nc(C#N)cc(-c3ccc(N=c4cc(C#N)cc[nH]4)nc3)n2)cc1,21.07074737548828
N#Cc1ccc(-c2ccccc2-c2cc(C#N)cc(C#N)c2)cc1,17.807720184326172
CN1C(=O)c2cccc3cccc1c23,15.534562110900879
N#Cc1cccc(-c2cc(-c3ccccc3)cc(-c3ccc(-c4nc5cc(C(=N)N)ccc5[nH]4)cc3)c2)c1,23.36874771118164
Nc1ccc(-c2ccc3nc(-c4ccc(N)cc4)nc(-c4ccc(Nc5ccnc6cc(Cl)ccc56)cc4)c3c2)cc1,29.407777786254883
NCc1cccc(-c2cccc(N=c3[nH]cc(C(F)(F)F)cc3Cl)c2)c1,20.067928314208984
Cc1cc(C)c(N=Nc2ccc(C#N)cc2)c(C)c1,18.460853576660156
N#Cc1ccc(N=c2cc(Nc3cccc(S(N)(=O)=O)c3)[nH]cn2)cc1,23.08755874633789
OC1(c2ccccc2)c2ccccc2C2=NCCN21,22.125871658325195
N#Cc1ccc(-c2c[n+]3ccc4ccc(O)cc4c3c(Cn3cncn3)n2)cc1,40.503719329833984
Cc1nc(-c2ccc(N=c3ncc4c([nH]3)-c3c(c(C(N)=O)nn3C)C(C)(C)C4)cc2)no1,23.8796443939209
N#Cc1ccc2[nH]c(=O)c(C#N)cc2c1,16.38123893737793
N#CCOc1cc(-c2ccc(Cl)cn2)cc(-c2ccc(C#N)cc2)c1C#N,20.968908309936523
N#Cc1ccc(-c2[nH]c(-c3ccc(N)cc3)nc2-c2cc[nH]c(=Nc3ccc(N)cc3)n2)cc1,18.378793716430664
N#Cc1ccc(-c2cccc3c2-c2ccc(C#N)cc2C3=O)cc1,16.557891845703125
CCc1ccc2c(c1)c1ccc3c(C#N)cc(C#N)cc3c1n2Cc1ccc(Cl)cc1,28.993366241455078
COc1ncc(-c2ccc(Cc3c(C)c4c(C)cc(O)cc4oc3=O)cn2)cn1,24.592323303222656
CC(C)c1nc(-c2ccc(N=Cc3cc(C=O)c(O)c(C=O)c3O)nc2)nc(-c2cccc(C#N)n2)n1,17.677349090576172
Nc1ccc(S(=O)(=O)N2CCc3ccccc32)cc1N,23.005929946899414
CCCC1CCc2c3c(c4c5ccccc5n(C)c4c21)CCNC3,30.1324520111084
N#CCSc1nc2cc(C(=O)O)ccc2c(=O)n1-c1ccccc1,20.71576499938965
CN1CNC(=N)c2cnc(Cl)c(C#N)c21,22.989534378051758
CSc1c(Cl)nc(-c2ccc(NC(=O)Nc3ccc(-c4ncnc(C)n4)cc3)cc2)nc1N1CCOCC1,18.53598403930664
O=C1CC(c2ccc(F)cc2)N2N=C(SCC(=O)N3CCCCC3)SC2=N1,31.409645080566406
Nc1ccc(NC(=O)c2cc3cc(O)ccc3[nH]2)cc1,22.33844757080078
Cc1ccc(-c2ncsc(=NC(=O)c3[nH]c4nc(C)cc(C)c4c3N)n2)cc1,28.54084014892578
N#Cc1ccc(C(=O)NC(Cc2ccccc2)C(=O)N=c2ccc(-c3ccccc3S(N)(=O)=O)c[nH]2)cc1,23.014328002929688
CN1c2ccc(C#N)cc2Oc2ccc(C#N)cc21,17.819305419921875
C=c1nc[nH]c1=Cc1c(O)[nH]c2ccc(N=c3[nH]cc(-c4ccc(-c5ccccc5)cc4)n3C)cc12,37.3989372253418
CN(CC(=O)Nc1ccc(C#N)cc1)C(=O)c1ccc(N)cc1,23.626832962036133
O=c1c(-c2c(O)ccc3ccccc23)coc2ccc(O)c(O)c12,31.149410247802734
Cn1nc(C(C)(C)C)c([N+](=O)[O-])c1C(=O)NCc1cccc(C(F)(F)F)c1,26.13585090637207
COc1cc(-c2ccc(N)cc2)nc(-c2ccc(-c3noc(-c4ccc(C)cc4)n3)cc2)n1,20.572996139526367
CC(=O)Nc1ccc2c(c1)C(=O)c1ccc(Nc3nc(Cl)nc(Cl)n3)cc1C2=O,13.191048622131348
CNc1ccc(-c2nc(-c3ccc(C#N)cc3)[nH]c2-c2ccc(C#N)cc2)cc1,14.750414848327637
COc1ccc(O)c(C=Nc2ccc(-c3nnc(-c4ccc(O)cc4)o3)cc2)c1,20.932466506958008
Nc1ccc(-c2nc(-c3ccccc3)nc(-c3ccc(N4Cc5ccc6ccccc6c5C4=O)c4ccccc34)n2)cc1,14.97426700592041
N#Cc1cc(C#N)[nH]c(=NC(=O)c2ccc(-c3ccc4c(c3)CCNC4=O)cc2)c1,25.6251277923584
Cc1ccc2nc(-n3c(-c4ccc(C#N)cc4)cc4c3cc(-c3ccc(C=O)cc3)n4-c3nc4ccc(C)cc4s3)sc2c1,11.620959281921387
N#Cc1ncc(-c2nc(-c3ccc(N)nc3)nc(-c3ccc(N=Cc4cc(C=O)cc(C=O)c4O)nc3)n2)cn1,13.23428726196289
CC(=O)NC(c1ccc(-c2ccc(C#N)cc2)cc1)c1nccs1,21.808242797851562
Cn1c(-c2cccc(C#N)c2)c(-c2ccc(C#N)cc2)c2cc(-c3ccc(C#N)cc3)cnc21,19.2145938873291
N#Cc1ccc2nc(-c3ccc(N)cc3)[nH]c2c1,12.090767860412598
Nc1ccc(-c2nc(-c3ccc(N=Cc4cc(O)ccc4O)cc3)cc(-c3cc(O)c(O)c(O)c3)n2)cc1,23.565624237060547
Cc1ccc(-c2nc(N3CCN(S(C)(=O)=O)C(C)C3)nnc2-c2nc3ccccc3o2)cc1,41.616973876953125
CN(C)C1=C(O)C(=C(O)Nc2ccccc2)C1=O,26.034893035888672
CC(C)c1cc(-c2ccc(N)nc2)nc(-c2cccc(C#N)c2)n1,18.825376510620117
N#Cc1ccc(C=Cc2ccccc2)cc1,12.243352890014648
Cc1cc(-n2c(-c3ccc(C#N)cc3)cc3cc(C#N)ccc32)ccc1C#N,17.986778259277344
N#Cc1nccc2nc(N3CCCC4(CCNCC4)C3)oc(=O)c12,32.194435119628906
NCCC(CN)NCC1CCc2cc(O)ccc2C1,26.98626708984375
CN1CC2CC1CN2c1ccc(-c2nc(-c3ccc(C#N)cc3)nc(N3CCOCC3)n2)cn1,19.447629928588867
N#Cc1ccc(NC(=O)Nc2cccn(Cc3ccc(N)cc3)c2=O)cc1,23.474611282348633
CN(C)CCCN=c1c2ccccc2[nH]c2c1c(-c1ccc(C#N)cc1)nn2C,22.036436080932617
Cc1ccc(-c2nc(-c3ccc(N)cc3)nc(-c3ccc(N4C(=O)c5cccc6cccc(c56)C4=O)cc3)n2)cc1,13.227173805236816
N#Cc1ccc2oc(-c3ccc(-c4ccc(CN)cc4)cc3)nc2c1,19.89396095275879
Cc1ccc(C2OC(CO)C(O)C(O)C2O)cc1Cc1ccccc1,19.16165542602539
N#Cc1ccc2c(c1)[nH]c(=Nc1ccc(C#N)nc1)c1ccsc12,26.45899200439453
O=C(N=c1nc(-c2ccncc2)cc[nH]1)c1ccccc1,20.793821334838867
CN(C)C=Nc1nc(-c2ccc(N)cc2)cc(-c2ccccc2O)n1,17.240907669067383
CC(=O)Nc1ccc(C(=O)NCCc2nc(-c3ccc(C#N)cc3)oc2C)cc1,21.832170486450195
Cc1ccc(-c2csc(-c3ccc(-n4c(=O)c5cc6c(=O)oc(=O)c6cc5c4=O)cc3)n2)cc1,14.885793685913086
Nc1cc(O)c(N=Cc2ccc(O)c3ccccc23)cc1O,15.80689811706543
Cc1noc(-c2ccc3c(c2)c(C)c(-c2ccc(C#N)cc2)n3Cc2ccccc2)n1,21.568758010864258
CC(C)c1ccc(-n2c(-c3ccc(C#N)cc3)cc3c2cc(-c2cccc(C#N)c2)n3-c2ccc(C(C)C)cc2)cc1,10.212735176086426
CN(C)c1ncc(-c2nc(-c3ccc(N)nc3)nc(-c3ccc(N=Cc4cc(C=O)c(O)c(C=O)c4O)nc3)n2)cn1,13.593076705932617
CN(C)Cc1ccn2c(-c3ccc(C#N)cc3)c(-c3ccc(Oc4ccc(Cl)c(O)c4)cc3)nc2c1,32.846675872802734
N#Cc1ccc(-c2cccc(-c3ccc(C=O)cc3)c2)cc1,14.773025512695312
N#Cc1c(N)ncc2[nH]c(=N)[nH]c(=N)c12,21.948976516723633
N#CC=C1c2ccccc2-c2ccccc21,14.653023719787598
COc1cc(C=CC(=O)C=Cc2cn(-c3ccccc3)nc2-c2ccc([N+](=O)[O-])cc2)cc(OC)c1O,24.992740631103516
CN1CCN(c2cc(N)nc(-n3ccc(-c4ccc(N)cc4)n3)n2)CC1,15.56710147857666
C#Cc1c(C)[nH]n(-c2ccc(C#N)cc2)c1=O,12.115561485290527
NC1CCCCN(c2ccc3c(=O)c(C(=O)O)cn(C4CC4)c3n2)C1,29.029048919677734
O=S(=O)(c1ccccc1)n1c(-c2ccc(Cl)cc2)nc2cc(Cl)ccc21,24.754716873168945
N#Cc1ccc(-c2cc3ncnc(N=c4ccc(C(F)(F)F)c[nH]4)c3s2)cc1,21.83684730529785
COc1ccc2cc(C#N)cc(C#N)c2c1,15.001251220703125
Cc1ccc2nc(-n3c(-c4ccc(C#N)cc4)cc4c3cc(-c3ccc(C#N)cc3)n4Cc3ccc(C#N)cc3)sc2c1,11.741228103637695
N#CC(=Cc1ccc(O)cc1)C(N)=O,13.686558723449707
N=C(NN=Cc1cn(Cc2ccccc2-c2ccccc2)c2ccccc12)c1ccncc1,30.70093536376953
Cc1cc2c(n1-c1ccc(C(=O)N3CC(C)N(C)CC3C)cc1)CCC(C)C2,29.593082427978516
O=C(Oc1cc(O)c2c(c1)Oc1cc(OC(=O)c3ccccc3O)cc(O)c1CC2=O)c1ccccc1,36.33890914916992
CN(c1ccc2c(c1)CCC2)c1cc[nH]c(=Nc2cccc(C#N)c2)n1,20.80887794494629
C=Cc1ccc(C#N)cc1,9.918132781982422
COc1ccc2[nH]c(=NC(=S)Nc3ccc(C(=O)O)c(O)c3)sc2c1,29.970035552978516
Cc1cc(C#N)c2cc(-c3ccc(N)cc3)ccc2c1Cl,23.382129669189453
CNc1oc(C=Cc2cc(C)no2)nc1C#N,23.694799423217773
O=CN1CCC2(CC1)OC(c1ccccc1)c1ccccc12,18.443838119506836
Cc1cc(C)c(S(=O)(=O)N2CCN(c3ccc(C#N)cc3)C(C)C2)c(C)c1,22.78824234008789
N#Cc1ccc(-c2ccc(C=Cc3cc(-c4ccc(C#N)cn4)ccc3C#N)nc2)cc1,22.176481246948242
N#Cc1ccc(-c2ccn3c(-c4ccc(C#N)cc4)cnc3c2)cc1,17.852140426635742
CNC(=O)Nc1ccc(-c2nc(-c3ccc(N)cc3)nc3ccccc23)cc1,20.654457092285156
N#Cc1ccc(Nc2ccc(C#N)c(F)c2C#N)cc1,11.50346565246582
Clc1ccc(=NN=Cc2ccncc2)[nH]n1,15.780010223388672
N#Cc1ccc(C(=O)Nc2ccc(C#N)cc2C(=O)O)cc1,16.28801727294922
N=C1CCCN1C=O,14.771927833557129
Cc1nnc(-c2ccc(N)cc2)nc1-c1ccc(C#N)cc1,12.168164253234863
Cc1ccc(-c2c(C)sc3nc(C=O)n(-c4ccc(S(N)(=O)=O)cc4)c(=O)c23)cc1,28.911115646362305
CCN(CC)CCSc1ccc(-c2nc(-c3ccc(N)cc3)nc(-c3ccc(N4C(=O)c5ccc6c7c(ccc(c57)C4=O)C(=O)OC6=O)cc3)n2)cc1,22.274219512939453
CSc1ccc(-n2c(O)ccc2O)cc1C#N,22.75244140625
Cc1cc(C=Cc2ccc(C#N)cc2)cc(C)c1O,13.08572769165039
CC(=O)Nc1ccc(-c2nc(=O)c3cnn(C)c3[nH]2)cc1,18.152124404907227
O=C1C=CC(=Nc2cc(O)n(Cc3ccc(F)cc3)c2O)C=C1,18.207122802734375
CNS(=O)(=O)c1nc(N2CCN(C)CC2)ncc1Nc1ccc2c(c1)Cc1ccc(C#N)cc1C2=O,25.31002426147461
C=c1c(CCC(=O)N=c2[nH]ccs2)c(C)[nH]c1=Cc1ccnc2ccccc12,33.909385681152344
N#Cc1ccc(-c2nc(-c3ccc(-c4ccc(-n5c(=O)[nH]c6cccnc65)cc4)cc3)nc(-c3ccc(N)nc3)n2)cc1,18.650583267211914
N#Cc1ccc(CSc2nc3ccccc3cc2C#N)cc1,16.77983856201172
Cc1nc(=Nc2ccc(-c3nccc(-c4ccc(N5CCN(C)CC5)cc4)n3)cc2)[nH]c2ccccc12,26.71787452697754
CNc1ccc(-c2nc3nc(-c4cc5ccccc5o4)cc(C)n3n2)cc1,23.467784881591797
CC(C)(C)c1cc(N)cc(N=c2nc(C(F)(F)F)cc(-c3ccc(-c4ccc(O)c(C(=O)O)c4)nc3)[nH]2)c1,37.93544006347656
Cc1ccc(C=NNc2ccc(C#N)cc2)cc1O,19.979585647583008
Cc1ccc(C#Cc2ccc(=N)[nH]c2)c(C)n1,14.035078048706055
Cn1nc(-c2ccc(C#N)cc2)nc1-c1ccc(-c2ccc(C#N)cc2)nc1,16.02357292175293
N#Cc1cc(F)cc(-c2ccc3c(c2)C(=O)c2[nH]c(C(N)=O)cc2C3=O)c1,21.93430519104004
N#Cc1ccc(N2CCN(CCN3C(=O)CC4(CCCC4)CC3=O)CC2)c2ccccc12,20.38303565979004
Oc1ccc(-c2nc3ccccc3n2CCOc2ccccc2)cc1,26.453113555908203
N#Cc1cnc(-c2cc[n+](-c3nc(Cl)nc(Cl)n3)cc2)cc1-c1ccc(F)cc1F,20.803035736083984
O=C(NCc1ccc(Cl)c(Cl)c1)c1ccc(-c2ccccc2)cn1,22.711997985839844
COc1ncn2c1C(=O)N(C)Cc1cc(-c3ccc(N)nc3)ccc1-2,26.586763381958008
N#Cc1cccc(-c2ccc3c(c2)C(=O)N(CCCN2CCOCC2)C3=O)c1,23.406694412231445
Cc1cc(-c2cnc3ccc(-c4ccc(C#N)cc4)cc3c2)nc(C)n1,18.01946258544922
N#Cc1ccc(-c2c(C#N)c(=N)n3c(sc4ccccc43)c2C#N)cc1,14.738330841064453
Cc1ccc(N=c2nc(-c3ccnc(N(C)C)c3)c(CN3CCCCC3)c[nH]2)cn1,30.852928161621094
CC(C)c1ccc(-n2c(-c3ccc(C#N)cc3)cc3c2cc(-c2ccccn2)n3-c2ccc(C(C)C)cc2)cc1,11.067195892333984
Cn1c(C#N)ccc1-c1ccc(-c2nn[nH]n2)c(F)c1,16.89020538330078
CC(C)(C)C1(C)Oc2c1cc1n(c2=O)Cc2cc3ccccc3nc2-1,24.77151107788086
N#Cc1ccc(-c2ccc(N3C(=O)c4ccc(C#N)cc4C3=O)nc2)cc1,12.784674644470215
Nc1ccc(-c2nc(-c3ccc(N)nc3)nc(-c3cnc(N=Cc4ccccc4F)o3)n2)cn1,15.6834135055542
N#Cc1ccc(-c2cc(-c3ccc(Cl)cc3)ncc2C#N)cc1,15.268555641174316
Cc1cc(C)c(C#N)c(C)c1,10.739611625671387
N#Cc1ccc(-c2nc(-c3ccc(-c4cccc(C#N)n4)cc3)nn2-c2ccc(C#N)cc2)cc1,21.205707550048828
N#Cc1ccc(-c2cc(-c3ccc(C#N)cc3)nc(-c3ccc(C#N)cc3)c2)cc1,11.737181663513184
Nc1ccc(-c2ccc(C=NNc3nc(-c4ccccc4)cc(-c4ccc(O)cc4)n3)o2)cn1,29.66807746887207
N#Cc1ccc(Oc2ccc(NC(=O)c3cc(-n4cc(-c5ccc(O)cc5)nn4)ccc3O)cc2)cc1,24.500192642211914
Cn1c(=O)c2c(ncn2C2COc3cc(-c4cncc(C#N)c4)ccc32)n(C)c1=O,31.064729690551758
N#CC(=Cc1ccc(O)cc1)c1cc(-c2ccc(O)cc2)nc(-c2ccc(N)cc2)n1,23.511194229125977
Nc1ccc(-c2cc(-c3ccc(N=Cc4cc(C=O)c(O)c(C=O)c4O)nc3)nc(-c3ccc(N)nc3)n2)cn1,9.139294624328613
CCOC(=O)C1=C(C)N=c2sc(=Cc3ccccc3F)c(=O)n2C1c1ccc(-c2ccc(C)cc2)cc1,21.065425872802734
Cc1ccc(NC(=S)NN=Cc2ccc(O)cc2)cc1,18.26226234436035
Nc1ccc(-c2nc3c(c(=O)[nH]2)C=CCC3)cc1,23.579933166503906
N#Cc1cccc(-c2c(N)[nH]c3ccc(C#N)cc3c2=O)c1,15.864675521850586
CCc1c2c(nc3ccccc13)-c1cc3c(c(=O)n1C2)COC(=O)C3(O)CC,14.39986515045166
CN(C)c1ccc(C=Nc2ccc(-c3c[n+](-c4ccc(C[n+]5ccc(N)c6cc(N)ccc65)cc4)nc(-c4ccccc4)n3)cc2)cc1,22.005395889282227
CC(=O)c1ccc(-c2nn(C)cc2C(=O)N2CCN(C(=O)c3ccc(C#N)cc3)CC2)cc1,30.771299362182617
Cc1cc2c(cc1-c1ccc(C#N)cc1)NC(=O)CC2(C)C,12.084356307983398
O=c1oc(-c2ccc(O)cc2)cc2c1ccc1cc(O)cc(O)c12,23.37822723388672
Cc1ccc2c(=N)nc(C(N)=Nc3ccc(-c4ccc(-c5ccc6cc(C#N)ccc6c5)cc4)cc3)[nH]c2c1,27.386625289916992
O=Cc1c(O)c(C=O)c2occ(-c3ccc(O)cc3O)c(=O)c2c1O,22.494993209838867
COc1ccc(N2CCN(Cc3c(C)n(C)c(=O)n(C)c3=O)CC2)cc1,23.03652000427246
COc1cnc(Cl)nc1-c1ccc(N(Cc2ccc(-c3ccncc3)cn2)C(=O)c2ccc(O)cc2O)cc1,25.729135513305664
O=c1cc(-c2ccc(O)cc2)oc2cc3c(cc12)OCO3,14.718801498413086
Cc1cc(C)[nH]c(=NC(=O)Nc2cccc(F)c2)c1,21.951284408569336
N#Cc1ccc(-c2ccc(-c3nc(-n4ccnc4)c4cc5c(cc4n3)OCO5)cc2)cc1,27.91930389404297
Nc1ccc(-c2cc(-c3ccc(N)cc3)nc(-c3ccc(C=O)cc3)c2)cc1,16.62520980834961
Cn1cncc1C(OCc1c(-c2ccc(C#N)c(C#N)c2)cc(C#N)c(=O)n1C)c1ccc(C#N)cc1,11.857563018798828
O=Cc1ccc(-c2nc(-c3ccc(C=O)cc3)nc(-c3ccc(C=Nc4cc(O)c(O)c5ccccc45)cc3)n2)cc1,13.501091003417969
Cc1nc(-c2ccc(N)nc2)cc(N(C)Cc2ccc(C#N)cc2)n1,20.9811954498291
CN(c1ccccc1)S(=O)(=O)c1ccc(NC(=O)c2cc(Cl)ccc2O)cc1,24.9337158203125
Nc1ccc(-c2nc(-c3ccc(N)cc3)nc(-c3ccc(N=Cc4c(O)c(C=O)c(O)c(C=O)c4O)nc3)n2)cc1,11.607202529907227
N#Cc1ccc(-c2cc(-c3ccccc3)cc(-c3ccc(-c4nc(Cl)nc(Cl)n4)cc3)c2)cc1N,14.33797550201416
N#Cc1ccc(=Nc2cc(=Nc3ccccn3)[nH]c(=N)[nH]2)[nH]c1,23.932554244995117
CN1C(=O)CC2C(C#CCC#N)CCC2C1c1cccc(C#N)c1,33.04087829589844
CN1C(=O)c2cnc(-c3ccc(C#N)cc3)nc2N(C)c2ccccc21,21.705467224121094
O=C(Cc1cccc(C(=O)O)c1)Nc1ccccc1C(=O)c1ccccc1,25.828516006469727
N#Cc1ccc(-c2cc3c(s2)C(=O)c2ccccc2C3=O)cc1,14.199117660522461
Nc1ccc(-c2nc(-c3cccs3)nc(C(F)(F)F)n2)cn1,15.348123550415039
Cc1ccc2nc(-n3c(-c4ccc(C(N)=O)cc4)c(C#N)c4ccc(-c5ccc(C#N)cc5)cc43)sc2c1,14.658803939819336
N#Cc1ccc(-c2cc(C#N)nc(-c3ccc(C#N)cc3)c2)cc1,13.686613082885742
Cc1nc(C)c2nc(-c3ccc(C#N)cc3)cn2c1C,15.519488334655762
N#Cc1ccc(-c2cc3cc(C#N)cc(C(=O)Nc4ccccc4C#N)c3o2)cc1,24.917665481567383
COc1ccc(-c2nc(-c3ccc(N4CCN(C)CC4)nc3)nc(-n3nc(C)cc3C)n2)nc1C#N,25.991546630859375
Cn1nccc1-c1cnnc(-c2ccc(N)nc2)n1,18.15336799621582
Nc1ccc(N=Cc2cnn(-c3ccccc3)c2)cc1,26.432811737060547
O=C(NN=Cc1ccc(-c2n[nH]c(=S)n2N=Cc2ccc(O)cc2)cc1)c1ccc(O)cc1,25.887523651123047
N#Cc1ccc(-c2cnc(N3C(=O)c4ccc5ccccc5c4C3=O)nc2)cc1,19.338634490966797
COc1ccc(C=Cc2cc(O)cc(O)c2)cc1O,13.56728744506836
O=C(O)CCC(=O)N1Cc2ccc3c(c2C1)C(=O)c1cc2c(cc1C3=O)OCO2,33.165626525878906
N#Cc1ccc2c(c1)Cc1c(NC(=O)c3ccccc3)cccc1-2,23.86727523803711
O=c1oc2cc(O)ccc2cc1-c1ccc(O)cc1,14.584484100341797
CC(C)NCc1ccc(N=c2cc[nH]c3cc(Cl)ccc23)cc1O,24.490577697753906
Cc1c(CC(=O)O)c(-c2ccc(C#N)cc2)nn1-c1ccc(C#N)cc1,18.338773727416992
COc1cc(C=Nc2ccc(-c3nc(-c4ccccc4)nc(-c4ccc(N)cc4)n3)cc2)ccc1O,14.962328910827637
O=C1c2ccccc2C(=O)c2c(-c3ccc(Cl)cc3)nsc21,21.14337921142578
CCOc1ccc(C=C2C(Cl)=C(Cl)C(Cl)=C2Cl)cc1,21.577783584594727
N#Cc1ccc2c(c1)C(CC(N)=O)c1ccccc1-2,21.34912109375
CN=c1cc(Oc2ccc(NC(=O)Nc3ccc4c(c3)C=CC(C)(C)O4)cc2C)[nH]cn1,31.101259231567383
N#Cc1sn(-c2ccccc2)c(=N)c1C#N,19.580581665039062
N#Cc1cccc(-c2ccc(C3(c4cc5ccccc5[nH]4)N=C(N)N4CCCN=C43)cc2)c1,26.854352951049805
COc1cccc(NC(=O)NCc2ccccc2)c1,20.874826431274414
N#Cc1ccc(-c2ncc(-c3cccc(N)c3)cc2C#N)cc1,19.696807861328125
N#Cc1cc(-c2ccc(Cl)cc2)c(-c2ccc(Cl)cc2)nc1N1CCOCC1,14.74902057647705
COc1ccc(-c2cc3ccc(-c4ccc(N)cc4)nc3c(=O)n2-c2ccccc2C)cc1,22.387706756591797
COc1ccc(C=C2SC(=S)N(c3ccc(O)cc3)C2=O)cc1,19.489660263061523
Cc1cccc(-c2cc(-n3cccn3)cc3c2c(C(C)C)nn3-c2ccc(C(N)=O)c(NC3CCC(O)CC3)c2)n1,29.32630157470703
O=C(O)c1cc(=O)c(O)c(Cc2ccc(O)cc2)[nH]1,23.277624130249023
N#Cc1ccc(-c2cc(-c3ccc(C#N)cc3)nc(-c3cnc(N4CCCC4)nc3)c2)cc1,19.039854049682617
Cc1ccc(-c2cc(C=O)c(C)n2-c2ccccc2)cc1,19.28434181213379
N#Cc1ccc(C(=O)c2sccc2C#N)cc1,17.644271850585938
Cc1cc(C=C(C#N)C#N)ccc1O,15.693130493164062
CN1C(=O)c2ccc(C#N)cc2N(C)C(=O)c2ccccc21,18.634687423706055
O=C(NN=Cc1ccc(O)cc1O)c1ccncc1,18.62188148498535
CC1CN(C)CCN1C(=O)c1nc(-c2ccc(C(F)(F)F)cc2Cl)n(-c2ccc(Cl)c(Cl)c2)n1,37.572471618652344
Cc1cc(C(=O)OCC(=O)Nc2ccc(Cl)c(S(N)(=O)=O)c2)c(C)o1,27.629186630249023
COCc1cc(-c2ccc(C#N)cc2)nc(-c2ccc(N)cc2)n1,16.511974334716797
CNC(=O)c1cc2cc(C)c(Cc3ccccc3)c(N)n2c1,33.75579071044922
N#Cc1ccc(OCCn2[nH]c(=N)c3c4nc(C#N)cc(C#N)c4ccc32)cc1,27.718631744384766
N#Cc1ccc(-c2ccsc2C#N)cc1,11.872208595275879
N#Cc1ccc([S+]([O-])CCCl)cc1,20.46800994873047
Cn1c(-c2ccc(N)cc2)c(-c2ccc(-n3cccc3)cc2)c(=O)c2ccccc21,32.0157356262207
Nc1ccc(-c2nc(-c3ccc(N4CCNCC4)nc3)nc(-c3cccc(NC(=O)c4ccccn4)c3)n2)cn1,21.492971420288086
O=C(Cc1ccccc1)NC(=S)N=c1ccc(Cl)c[nH]1,20.67401123046875
N#Cc1ccc(N2CC(CC(N)=O)OC2=O)cc1,25.174957275390625
N#Cc1c(C#N)n(C2OC(CO)C(O)C2O)c2[nH]c(=N)[nH]c(=O)c12,25.130756378173828
N#Cc1ccc(-n2ccc3cc(C#N)ccc3c2=O)cc1,15.40872573852539
Cc1ccc(-c2cc(-c3ccccc3)nc(SCC(=O)N3CCCCCC3)c2C#N)cc1,20.41098403930664
Nc1ccc(C#Cc2ccc3ncn(-c4cc[nH]c(=NC5CCC(O)CC5)n4)c3c2)cc1,26.47153663635254
N#Cc1ccc(-c2cn(-c3ccc(-c4ccc(Br)cc4)cc3C#N)nn2)cc1,24.275920867919922
CC(=O)Nc1ccc(-c2cc3ncn(C)c(=O)c3c(=Nc3ccccn3)[nH]2)cc1,21.135770797729492
CC(=O)c1ccc(-c2ccc(C#N)cc2)c(C(=O)N=C(N)N)c1,22.212125778198242
NC(=O)c1ccc(-c2cnc3c(NC=O)cc(-c4ccccc4)cn23)cc1,13.550539016723633
CSCC(NS(=O)(=O)c1ccc(-c2ccc(NC(=O)c3ccc(C(=N)N)cc3)cc2)cc1)C(=O)O,27.55108070373535
COc1ccc(-c2cc(=O)c3ccc(C#N)cc3o2)cc1,18.0273380279541
CC1=CC(C)(C)Nc2ccc(-c3ccc(C#N)cc3)c(O)c21,18.504169464111328
O=c1[nH]c(O)c(C=c2cnn3c(=NC4CC4)cc(-c4ccc5[nH]c(=NCC6CCNCC6)[nH]c5c4)nc23)[nH]1,28.676713943481445
CN(C)CCn1c(O)cc(-c2cccc(O)c2)c1O,26.151744842529297
CCCC(=O)N=c1cc(N)[nH]c(SC)n1,23.652904510498047
Cc1ccc2[nH]c(=NN=CC3=C4CCC(C)(C3)C4(C)C)sc2c1,25.51553726196289
Nc1ccc(-c2cc3ncccc3c(-c3ccc(N)nc3)n2)cc1,23.706518173217773
N=C(N)c1ccc(CC(=NO)C(=O)NC(Cc2ccc(-c3cc(F)ccc3F)cc2)C(=O)O)cc1,37.08638000488281
Cc1ncn(-c2ccc3c(n2)CCN(C(=O)CCc2cnc(-c4cccc(C#N)c4)cn2)C3)n1,33.35024642944336
Cc1cc(C)cc(-n2c(C)c3ccc(C)cc3c2C)c1,27.520496368408203
CCn1c(-c2ccccc2)nc2cc(-c3cncnc3)nc(-c3ccc(C#N)cc3)c21,28.7149600982666
Cn1c(-c2ccc(N)cc2)nnc1-c1ccc(N)nc1,10.896293640136719
N#Cc1cccc(NC(=O)c2ccc(F)cc2)c1,14.09476375579834
N#Cc1ccc(-c2ccc3c(c2)C(=O)N(Cc2cccnc2)CCO3)cc1,13.462517738342285
Cc1nc(O)c(C#N)c(C)c1C,19.687929153442383
Cc1ccc(-c2cc(-c3ccccc3)cc(-c3ccccc3O)n2)cc1,15.544424057006836
Nc1ccc(C=CC=Cc2ccc(-c3ccccc3)cc2)cc1,21.280452728271484
COc1nc(OC)nc(-c2c[nH]c3cc(-c4ccc(OC)c(OC)c4)ccc23)n1,26.182247161865234
COc1cc(N)ccc1-c1ccc2cc(-c3ccc(C#N)cc3)n(-c3ccc(C(C)C)cc3)c2c1,21.835491180419922
Cn1cc(C=Cc2ccc(C#N)cc2)c2ccccc21,18.641223907470703
C#Cc1cccc(N=c2nc(N(C)C)cc(-c3ccc(N)cc3)[nH]2)c1,24.914091110229492
NC(=O)c1ccc(-c2ccc(-c3ccc(Cl)cc3-c3ccc(Cl)cc3)cc2)nc1,31.11247444152832
COc1ccc(-c2ccc(-c3ccc(-c4cc(-c5ccccc5)cc(-c5ccc(-c6nc(Cl)nc(Cl)n6)cc5)c4)cc3)cc2-c2ccccc2)cc1,20.963104248046875
Cc1nc(-c2ccc(N)cc2)nc2c1nnn2-c1ccc(C#N)cc1,19.72568130493164
N#Cc1ccc(-c2nn(-c3ccccc3)nc2C(=O)N=c2nc(-c3ccc(O)c(O)c3)cc(-c3ccc(O)cc3)[nH]2)cc1,31.755558013916016
COc1ccc(-c2cc(C)nc(=Nn3c(-c4ccc(C)cc4)n[nH]c3=Nc3ccc(C#N)cc3)[nH]2)cc1,27.631311416625977
CSc1cccc(NN)c1,23.528789520263672
Nc1ccc(C=CC(=O)c2ccccc2)cc1,13.712640762329102
C=Cc1cc(O)c(CNCC)cc1C,27.173856735229492
COc1ccc(C(=N)NN)cc1,19.398590087890625
Oc1ccc(C=NN=c2ccc(Cl)n[nH]2)cc1,13.480818748474121
CC(=O)Nc1ccc(-c2nc(=O)cc(N)n2-c2ccccc2)cc1,19.186044692993164
CN1CCN(c2ccc(-c3ccc(C(N)=O)c(C#N)n3)cn2)CC1,19.600963592529297
N#Cc1cc(-c2cccc(N)c2)c2cc(-c3ccccc3O)ccc2n1,25.716386795043945
CCOc1ccc(N=c2cc(-c3ccc(C#N)cc3)nc[nH]2)cc1,18.905078887939453
N#Cc1nc(-c2ccc(N)cc2)c2c(n1)-c1ccccc1C2=O,14.14140510559082
N#Cc1ccc(-c2csc(C(=O)N=c3ccc(Cl)c[nH]3)c2)cc1,21.33810043334961
CS(=O)(=O)Nc1cc(C(O)CNC(=O)c2ccc(N)cc2)ccc1O,21.174097061157227
CN(C)c1ccc(-c2ccc3c(-c4ccc(N)cc4)nc(-c4ccccc4)cc3c2)cc1,22.41336441040039
CC(=O)NC(=S)Nc1sc(C)c(C)c1C#N,21.91202735900879
N#Cc1cn(-c2ccc(C(=O)O)cc2)cc1-c1ccc(-c2ccc(C=Cc3ccc(N)cc3)cc2)cc1,16.383159637451172
N#Cc1ccc(-c2ccc(-c3nc4cc(-c5nc6cc(C(F)(F)F)ccc6[nH]5)ccc4[nH]3)nc2)cc1,23.75790023803711
N#Cc1ccc(-c2ccc3cc(C#N)cc(C#N)c3c2)cc1,11.294328689575195
Nc1ccc2ccc(=O)oc2c1,15.77023983001709
O=C(c1ccc(F)cc1)N1N=C(c2ccccc2F)CC1c1ccc(F)cc1,24.666505813598633
Oc1cc(NCc2ccccc2)c(O)cc1N=Cc1ccccc1,12.114567756652832
Cc1nc(-c2ccc(C#N)cc2)c(N)c(C#N)c1C,17.791128158569336
CN(C)c1ccc(C=Cc2nc3cc(F)ccc3s2)cc1,24.946685791015625
CC1(C)Cc2cc(O)ccc2-c2[nH]c(-c3ccc(O)cc3)nc21,22.258132934570312
CCc1ccc(-n2c(-c3ccc(C#N)cc3)cc3c2cc(-c2ccc(C#N)cc2)n3-c2ccc(C(C)C)cc2)cc1,11.837430000305176
O=C1CC(c2ccc(F)cc2)=Nc2ccccc2N1,17.091508865356445
Nc1ccc(-c2cc(-c3ccc(Cl)cc3)nc(-c3c(-c4ccc(Cl)cc4)nn(-c4ccc(Br)cc4)c3-c3ccc(Br)cc3)n2)cc1,22.16537857055664
CCCn1c(=O)n(CC)c(=O)c2[nH]c(-c3ccc(Cl)cc3)nc21,24.050128936767578
Cc1[nH]c2ccccc2c1N=Nc1ccc(-n2c(C)nc3c(-c4ccc(C#N)cc4)c(C#N)c(=O)[nH]c3c2=O)cc1,34.341064453125
CC(C)Cn1ccnc1C=CC(=O)C=CC=Cc1ccccn1,23.68071746826172
CCC1(N)CCCN(c2ncc(C(=O)Nc3cccc(C#N)c3)cc2-c2ccc(C)nc2)C1,32.555110931396484
CC(=O)C(C#N)C(=O)Nc1ccc(-c2ccc(C#N)cc2)cc1,17.39320945739746
CN(C)c1ccc(C=Nc2cc(O)c(N)cc2O)cc1,9.636204719543457
N=C1C=CC(=O)n2cc3ccccc3c21,22.20237159729004
CN1CCc2c(sc(NC(=S)Nc3cccc(C#N)c3)c2C(N)=O)C1,26.19382095336914
Nc1cccc(C(=O)Nc2ccc(-c3ncnc4c3c(-c3ccc(N5CCc6cc(F)cc(F)c6C5=O)cc3)nn4Cc3cc4ccccc4cn3)cc2)c1,51.69779968261719
Oc1ccc(-c2nc(-c3ccccc3)cc(-c3ccc(-c4cc(-c5ccccc5)cc(-c5ccc(-c6nc(Cl)nc(Cl)n6)cc5)c4)cc3)n2)cc1,13.945927619934082
CN=Cc1cc(C=CC(C)=CC=CC(C)=Cc2cccc(-c3ccc(-c4ccc(-c5nc(-c6ccc(N)cc6)nc(-c6ccc(N=Cc7cc(C=O)c(O)c(C=O)c7)nc6)n5)cc4)cc3)n2)c(C)cc1O,25.364076614379883
N#Cc1ccc(Oc2cccc(N=c3cc(-c4cc(-c5ccc(C#N)cc5)ccc4O)nc(-c4ccc(N)nc4)[nH]3)c2)cc1,36.7148323059082
CCCCNC(=O)c1ccccc1Nc1ccc2c(-c3ccc(-c4ccc(C#N)cc4)cn3)n[nH]c2c1,31.093080520629883
CN1CCN(c2ccc3c(=Nc4ccc(OCc5ccccn5)c(Cl)c4)c(C#N)c[nH]c3c2)CC1,29.42738914489746
CC1(C)C=Cc2c(ccc(O)c2C=O)O1,19.8061466217041
N#Cc1ccc(Nc2ccc3c(c2)C(=O)c2ccc(C#N)cc2C3=O)cc1,15.43214225769043
Cc1ccc2c(c1)nc1n2Cc2ccccc2-1,18.778642654418945
CCn1cc(C#N)c2cc3c(=O)c4ccccc4oc3cc21,22.24043846130371
Nc1ccc(-c2nc(-c3ccc(N)cc3)nc(-c3ccc(N=C=S)cc3)n2)cc1,12.721243858337402
N#Cc1cc(C#N)c2cc3c(cc2c1)OCCO3,12.374892234802246
N#Cc1ccc(Nc2ccc3c(c2)CCc2ccc(CCC(N)=O)cc2C3=O)cn1,30.147357940673828
N#Cc1ccc(-c2ccc(C(=O)Nc3cc(-n4ccc(C(F)(F)F)n4)ccc3C#N)s2)cc1,21.961923599243164
N#Cc1ccc(-n2nc(-c3ccc(N)nc3)ccc2=O)cc1,12.787672996520996
CCc1nc(-c2ccc(N=c3nc(N(C)C)[nH]c(N4CCOCC4)n3)cc2)no1,23.371381759643555
Cc1nn(-c2ccc([N+](=O)[O-])cc2)c2nc3n(c(=O)c12)CCCS3,25.861011505126953
N=c1[nH]cnc2nc(-c3ccc(Cl)cc3)cc(-c3ccc(F)cc3)c12,20.849365234375
N#Cc1ccc(-c2cc3c(cc(-c4ccc(C(N)=O)cc4)n3-c3nc4ccc(C(=N)N)cc4s3)n2-c2ccc(C(=N)N)cc2)cc1,19.987812042236328
Cc1cc(C#N)cc(C#N)c1,9.818998336791992
Nc1ccc(C=C2c3ccccc3Nc3ccccc32)cc1,19.444351196289062
Cc1ccc2[nH]c3cc(NC(=O)C=CCN4CCOCC4)c(N)cc3c(=O)c2c1,34.23277282714844
ON=C1CCn2c(nc3ccccc32)C1,28.699979782104492
COc1ccc2c(c1)CCC(C=O)=C2Cl,22.458343505859375
Nc1cc(O)c(N=Cc2ccc(O)cc2)cc1O,10.223672866821289
CN1CCN(c2nc3cc(N)ccc3c(=Nc3cccc(C#N)c3)[nH]2)CC1,17.964942932128906
N#Cc1ccc(-c2cccs2)nc1,12.605573654174805
Cn1ccc2cc3c(C#N)cc(C#N)c(N)c3cc21,23.537694931030273
C=Cn1c(=O)c(-c2cc(N=O)ccc2Cl)cc2c(Cl)[nH]c(=N)nc21,39.36167907714844
CC(C)(C#N)c1ccc(C#N)cc1,10.196596145629883
Nc1ccc(C(=O)N2CCN(C(=O)c3cccnc3)CC2)cc1,23.785444259643555
Cc1cc(N2CCC(N)CC2)[nH]c(=Nc2ccc(C#N)cc2)n1,19.542400360107422
Cc1ccc(NC(=O)Nc2ccc(C#N)cc2Cl)cc1-c1nc(N2CCOCC2)c2ccn(C)c2n1,34.06568908691406
N#Cc1ccc(-c2nc(-c3ccc(N)cc3)nc(-c3ccc(N)cc3)n2)cc1,10.850688934326172
CC(C)N1CCN(c2ncc(-c3nc(C#N)[nH]c3C(N)=O)cn2)CC1,29.381452560424805
N#Cc1ccc(-c2nc(-c3ccc(C=O)cc3)nc(-c3ccc(-c4cc(-c5ccccc5)cc(-c5ccc(-c6nc(Cl)nc(Cl)n6)cc5)c4)cc3)n2)cc1,16.56294822692871
N#Cc1cc(N)c(C#N)c(C#N)c1C#N,17.173166275024414
NN=Cc1ccc2c(c1)C(=O)c1ccccc1C2=O,18.6367130279541
N#Cc1ccc2c(c1)C(=O)N(Cc1ccc(-c3ccccc3)cc1)C(c1ccc(O)cc1)N2,20.35064125061035
Nc1ccc(-c2nc(-c3cnc(N4CCOCC4)nc3)nc(-c3cc4ccccc4s3)n2)cc1,24.53857421875
CC1COCCN1c1nc(-c2ccc(C#N)cc2)cc2nnccc12,22.601795196533203
NC(=O)CCC(N)C(=O)O,17.082263946533203
Cc1cc(C)nc(N2CCN(c3ccc4ccccc4n3)CC2)n1,22.63531494140625
N#Cc1ccc2c(c1)C(=O)c1cc(Nc3nc(Cl)nc(Cl)n3)ccc1C2=O,10.560293197631836
N#Cc1ccc(-c2cccc(-c3ccc(N)cc3)n2)cc1,10.347527503967285
Cc1cc(-c2ccc(C#N)cc2)c2c(n1)N(C)CCC2,17.723119735717773
N=C(N)c1ccc(-c2cc(-c3ccc(C(=N)N)c(F)c3)no2)cc1,17.016633987426758
N#Cc1ccc(-c2nc(C#N)nc(-c3ccc(N)nc3)n2)cc1,14.061882972717285
N#CC=Cc1cccc(C#N)c1,11.726125717163086
CC=Nc1cc(O)c(N=Cc2ccccn2)cc1O,15.675418853759766
Nc1ccc(-c2nc(-c3ccccc3)nc(-c3ccc(-n4cc5ccc6cccc7c6-c(c4=O)c5c7=O)cc3)n2)cc1,12.963879585266113
CC(=O)NC(C)Cc1ccc(C#Cc2ccc(N)cc2)cc1,18.83860969543457
Cn1nc2c3c(cccc3c1=O)C(=O)c1ccccc1-2,14.858439445495605
N#Cc1ccc(-c2nc(-c3ccc(-c4ccccc4)cc3)n(-c3ccc(-c4nc(-c5ccc(N)cc5)nc(-c5ccc(N)cc5)n4)cc3)c2NCCN)cc1,34.13114929199219
Cc1ccc(CN2C(=O)N=C(Cc3ccc(Cl)cc3)C2=O)cc1,20.18545150756836
N#Cc1ccc(-n2c(N)c(C#N)c3c(c2=O)CCCC3)cc1,12.590302467346191
CSc1cc(-c2cnc(N(C)C)nc2)nc(N2CCCC(N)C2)c1C#N,25.021682739257812
CC1CC(C)CN(c2nc(-c3ccc(N4C(=O)c5ccc(C(=O)O)cc5C4=O)cc3)nc(N3CCOCC3)n2)C1,16.993473052978516
N=C(N)c1ccc2[nH]c(-c3ccc(-c4cc(-c5ccccc5)cc(-c5ccccc5)c4)cc3)nc2c1,15.84737491607666
CN1CCCN(Cc2ccc(-c3ccc(C#N)cc3)nc2)CC1,14.8185453414917
O=C(C=Cc1ccc([N+](=O)[O-])cc1)C=Cc1cnn(-c2ccccc2)c1,27.700145721435547
N#Cc1ccc(-c2ccc3c(c2)Nc2ccccc2NC3=O)cc1,10.731463432312012
N=c1[nH]n2c(-c3ccc(N)nc3)nc(-c3ccc(N)cc3)cc2c1N1CCC(N2CCCOC2)CC1,37.543277740478516
Cc1nc(C)c2c(c1C#N)CC(C)(C)CC2=O,14.600641250610352
N#Cc1ccc(-c2ccc(N=Cc3ccccc3Cl)cc2)cc1,19.334993362426758
COc1cc2c(cc1OC)C(Cc1ccccc1)=NCC2,19.57917022705078
C=C=C(C)C(=O)O,16.034337997436523
N#Cc1ccc(N=Cc2ccc(-[n+]3ccc(O)c4c(C(N)=O)cccc43)cc2)cc1,29.244640350341797
COC(=O)N=c1nc(-c2ccc(F)cc2F)n(-c2ccc(C#N)c3cc(CO)nc(-n4cnc(C)c4)c23)[nH]1,45.536563873291016
COc1ccc2c(ccn2C(=O)c2cc(OC)c(O)c(OC)c2)c1,27.137348175048828
N#Cc1ccc(-c2ccc(C(=O)Nc3ccc(C(=O)O)cc3)cc2)cc1,18.878141403198242
N#Cc1ccc(-c2cc(C#N)nc(N3CCOC(c4ccc(C#N)cc4)C3)n2)cc1,17.61506462097168
Cc1nn(-c2ccccc2)c(Oc2ccc(C#N)cc2)c1C=NNc1cccc(C(F)(F)F)c1,26.051050186157227
Nc1ccc(-c2nc(-c3ccc(N=Cc4c(F)cccc4F)nc3)nc(-c3cnc(N)nc3)n2)cn1,19.314868927001953
CC1(C)C(=CC(=O)C=Cc2ccc(-c3ccccc3)cc2)Sc2ccccc21,22.841861724853516
Cn1c(=N)[nH]c2cc(-c3ccc(C#N)cc3)cnc2c1=O,16.58745765686035
CSc1cc(-c2ccc(N)cc2)nc(N(C)C)n1,18.574569702148438
CC1(C)CCc2c(ccc(C(=O)C=Cc3ccc(O)cc3)c2O)O1,19.743377685546875
Nc1ccc(-c2nc(-c3cnc(N4CCOCC4)nc3)cc(-c3ccccc3F)n2)cn1,17.864517211914062
N#Cc1ccc(-n2c(=O)[nH]c(=N)c3cc(-n4c(C#N)nc5ccc(C#N)cc5c4=O)ccc32)cc1,33.900047302246094
Nc1ccc(-c2ccnc(-c3ccc(N)nc3)n2)cc1,15.090553283691406
Cc1cccc(-n2c(-c3ccccc3)nc3ccccc3c2=O)c1,20.32595443725586
N#Cc1cc(C#N)c2ccc3ccc(N)cc3c2c1,14.006241798400879
N#Cc1ccc(-c2ccc3c(c2)C(N)CCC3c2ccc(Cl)cc2)cc1,17.821077346801758
N#Cc1cccc(-c2cc(C#N)ccc2Cl)c1,18.062313079833984
Nc1ccc(-c2nc(-c3ccc(N)cc3)c3ccccc3n2)cc1,12.294742584228516
Nc1ccc(-c2nc(-c3ccc(N)cc3)nc(-c3ccccc3O)n2)cc1,13.439046859741211
N#Cc1cc(-c2ccccc2)n(-c2ccc(Br)cc2)c1N,17.489824295043945
Nc1ccc(-c2nc(-c3ccc(-c4ccc(C=NO)cc4)cc3)c[nH]2)cc1,18.85462188720703
Cc1c(C#N)c2ccccc2n1CC(N)=O,17.154123306274414
N#Cc1ccc(-c2cnc(N3CCc4cccc(C(=O)N=c5[nH]c6ccccc6s5)c4C3)nc2)cc1F,20.062843322753906
C=c1c2c3c(c4c(C=O)c[nH]c(=O)c14)C(=CC(=O)O)C3=C1C=CC(=O)C1=CC=2,41.52078628540039
N#Cc1ccc(Nc2ccccc2)c(C#N)c1,17.612316131591797
Nc1ccc(-c2cc(-c3ccccc3)nc(-c3ccncc3)n2)cc1,14.727906227111816
Cc1ccc(-c2nc(-c3ccc(C#N)cc3)ncc2-c2ccc(S(C)(=O)=O)cc2)cc1,24.088027954101562
CC(C)c1ccc(-c2cc(-c3ccccc3)cc(-c3ccc(C=O)cc3)n2)cc1,15.8962984085083
CC1CN(Cc2ccc(C#N)cc2)CC(C)(C)N1Cc1ccc(C#N)cc1,22.14909553527832
COc1ccc2c(=NN=Cc3ccc(O)c(Br)c3)cc(C)[nH]c2c1,16.81338882446289
COc1ccc(C=Cc2onc(-c3ccccc3)[n+]2C)cc1OC,24.8916015625
N#Cc1ccc(-c2ccc(C#N)c(C#N)n2)cc1,11.930418014526367
Cn1cc(-c2ccc(-c3ccccc3)cc2)cc(C#N)c1=O,13.624513626098633
COC(=O)C1=C(C2CC2)SC2=NCC1(C#N)N2c1ccc(Cl)cc1,42.32381820678711
Cc1cc2c(cc1O)CCn1c-2c(C#N)c2cc(C#N)cc(O)c21,23.657981872558594
C=CCn1c(=O)sn(CC)c1=S,20.92466163635254
Cc1cc(N(C)C(=O)c2ccccc2F)nc(-c2ccc(C#N)cc2)n1,25.59815216064453
Cc1ccc(CC2C(C(N)=O)OC(=O)N2Cc2cccc(N)c2)cc1,32.61227798461914
Nc1ccc(-c2nsc(-c3ccc(N)nc3)n2)cc1,11.790401458740234
Cn1c2ccccc2c2cc3c(ccc4ccccc43)c(-c3ccccc3)c21,22.968643188476562
COc1ccc(C2=NOC(C(=O)Nc3ccc(-c4ccc(C#N)cc4)cc3)C2)cc1,16.78313636779785
NC(=S)C=Cc1ccccc1,16.89485740661621
N#Cc1cnn(Cc2ccc(Cl)cc2)c1,16.864355087280273
Nc1ccc(Nc2ccccc2)cc1,15.330214500427246
CC(C)(C)NC(=O)Cc1c[nH]c2ccccc12,24.91566276550293
N#Cc1ccc(Cl)c(C#N)c1,9.894498825073242
C(=Nc1nccs1)c1ccc2ccccc2c1,21.509807586669922
FC(F)(F)c1ccc2[nH]c(-c3ccc(-c4cc(-c5ccccc5)cc(-c5ccc(-c6nc(Cl)nc(Cl)n6)cc5)c4)cc3)nc2c1,11.495229721069336
N#Cc1ccc(C(=O)c2cnc(N3CCNCC3)nc2)cc1,23.830455780029297
O=Cc1c(-c2ccc(O)cc2)oc2ccc(O)cc12,16.699846267700195
N#Cc1ccc2[nH]c3cc(O)ccc3c2c1,19.84794807434082
Cc1c(Cc2ccc(F)cc2)[nH]c(SCc2ccc(C#N)cc2)nc1=O,20.009042739868164
CC(C)=CCc1c(O)c(O)cc2oc3cc(O)c(-c4ccc(C=NO)cc4)c(O)c3c(=O)c12,31.249998092651367
CN(C)c1nc(Oc2nc(-c3ccc(N4CCOCC4)nc3)nc(N3CCOCC3)n2)c2ccccc2n1,24.640613555908203
N#Cc1ccc(C#CC=CC#Cc2ccccc2-c2ccc(C(N)=NO)cc2)cc1,22.222517013549805
CC(C)c1ccc(C#N)cc1,9.1753511428833
CSc1nnc(-c2nnc(C3(C)CC3)s2)n1-c1ccccc1,30.95401382446289
Cc1nc(-c2ccc(C=O)cc2)sc1-c1ccc(C=Nc2cc(O)c(N)cc2O)cc1,14.140206336975098
Nc1ccc(-c2nc(-c3ccccc3)cc(-c3ccc(-c4nc(-c5ccc(N)cc5)[nH]c4-c4ccc(N)cc4)cc3)n2)cc1,21.922761917114258
Cc1nc(-c2ccccc2)nc(N2CCN(C)CC2)n1,17.070453643798828
Nc1ccc(-c2nc(-c3ccc(N=Cc4cc(C=O)cc(C=O)c4O)nc3)nc(-c3ccc(F)cc3F)n2)cn1,14.747279167175293
N#Cc1ccc(-c2cc3nc(-c4ccc(N=Cc5ccc(O)cc5O)cc4)cc(-c4cccs4)c3[nH]2)cc1,27.82008934020996
CNc1ccc(-c2cc(-c3ccccc3)nc(-c3ccc(NCc4ccc(-c5ccc(N=S(N)(=O)O)cc5)cc4)nc3)n2)cc1,33.47090148925781
CN1CCN(c2ncnc3cc(Oc4ccc(N=c5[nH]cnc6cc(C#N)ccc56)cc4Cl)ccc23)CC1,31.378162384033203
N#Cc1c(N)ccc2c1C(=O)c1ccccc1C2=O,14.89902400970459
N#Cc1ccc(-c2[nH]c3[nH]c(C#N)nc(=O)c3c2C#N)cc1,19.969371795654297
N#Cc1c2ccccc2cc2c1[nH]c1ccccc12,12.7708740234375
Cc1cc(C(N)=O)nc(-c2ccc(-c3nc(C)nn3C3CCOCC3)cc2F)n1,30.85578155517578
Cc1ccc(-c2cc(C(=O)O)n(CC(=O)N3CCN(c4cc(C)ccc4C)CC3)n2)cc1,29.56604766845703
N#Cc1ccc(C2Oc3ccccc3OC2C(=O)c2ccccc2)cc1,22.68119239807129
N=C(N)NN=Cc1cn(CCCCN=c2cc[nH]c3cc(Cl)ccc23)c2ccccc12,30.89916229248047
Cc1ccccc1-n1nc(-c2cnc(-c3ccc(C(=O)O)cc3)c(C#N)c2)nc1-c1ccc(N)nc1,26.165836334228516
N#Cc1ccc(-n2c(N3CCCC(O)C3)nc3ccccc3c2=O)cc1,21.419429779052734
Nc1ccc(-c2nc(-c3ccccc3)nc(-c3ccc(N=Cc4cc(C=O)c(O)c(C=O)c4O)nc3)n2)cn1,15.501548767089844
N=C(N)c1ccc2[nH]c(C(=N)N)cc2c1,21.28141975402832
CC(=O)Nc1c(N)[nH]c(-c2ccc(-c3ccc(N)cc3)cc2)nc1=O,23.700822830200195
Cc1ccc2c(C#N)c(-c3ccc(S(=O)(=O)NC(C)C)cn3)n(C)c2c1,23.067855834960938
CCOC(=O)c1c(-c2ccc(O)c(O)c2)oc2c(O)cc3c(c12)C(OC)CC1(C)C(=O)C(=O)c2c(cc4c(c2O)OC(C)C4C)C1(O)C3=O,55.96928787231445
Nc1ccc(-c2nc(-c3ccc(N)cc3)nc(-c3ccc(C(=O)O)c(O)c3)n2)cc1,17.813369750976562
NC(N)=Nc1ccc2c3cccc(c13)C(O)c1ccccc1-2,30.771728515625
COc1ncnc(-c2ccc(N(C)C)cc2)c1C#N,18.099767684936523
N#Cc1ccc(Oc2ncc(-c3nccc(-c4cccc(O)c4)n3)cn2)cc1,27.78435707092285
Nc1ccc(N=c2[nH]c(=Nc3ccccc3)[nH]c(=Nc3ccc(N)cc3)[nH]2)cc1,17.634387969970703
Cc1cc(C#N)ccc1-c1nc(-c2ccc(N)nc2)nc(-c2ccc(N=Cc3cc(C=O)cc(C=O)c3O)nc2)n1,11.377664566040039
CC(C)c1ccc(-n2c(-c3ccc(C#N)cc3)cc3c2cc(-c2ccc(Cl)c(Cl)c2)n3-c2ccc(C(C)C)cc2)cc1,13.549524307250977
Cc1nc2cc(-c3ccc(C#N)cc3)cc(-c3ccc(C(=O)O)cc3)n2n1,22.553308486938477
Cc1ccc(-c2nc(-c3ccc(N=Cc4ccccc4O)cc3)nc(-c3ccc(C)cc3C)n2)cc1,23.163328170776367
N#Cc1ccc(-c2ccc(=O)n(-c3ccc(C#N)cc3)n2)cc1,16.725465774536133
COc1ccccc1N1CCN(CCC(O)c2cccc(C#N)c2)CC1,20.10295867919922
N#Cc1ccc(C(=O)NC2CCN(Cc3ccnc(C#N)c3)CC2)c(Cl)c1,27.585477828979492
N#Cc1ccc(-c2c(C#N)nc(-c3ccc4c(c3)CN(C(=O)CO)C4)n2-c2ccc(C(N)=O)cc2)cc1,32.1765251159668
N#Cc1ccc(CNC(=O)C2CCCN(c3nc4ccccc4n3Cc3ccc(C#N)cc3)C2)cc1,25.807044982910156
N#Cc1ccc(NC(=O)N=c2cc(-c3ccc(Cl)cc3)[nH]n2-c2ccccn2)cc1,25.3360652923584
N#Cc1ccc(CSc2ccncc2C#N)cc1,14.454054832458496
N#Cc1ccc(CSc2nncs2)cc1,18.952287673950195
Cc1ccc(O)c(C(=O)Nc2ccc(C#N)cc2)c1,17.629589080810547
N#Cc1ccc2c(c1)NC(=O)c1ccc(-c3ccc(N)cc3)cc1N2,17.00596809387207
COc1[nH]c(C#N)cc(=N)c1C#N,15.941624641418457
N=C(N)N=c1cc2cc(-c3ccc(C(=O)NCc4ccncc4)cc3)ccc2c[nH]1,31.514266967773438
C#CC[N+](C)(C)CC=C,16.871810913085938
N#Cc1ccc(-c2cc3c(cc2F)OC(F)(F)O3)[nH]c1=N,21.118989944458008
N=c1nc(-c2ccc(N)nc2)c2ccccc2[nH]1,16.78751564025879
Cc1c(C(=O)NCc2cccnc2)nc2ccc(-c3ccc(C#N)cc3)cc2c1C#N,28.928600311279297
Cc1ccc(CNC(=O)c2ccc(-n3c(C)cc4ccccc43)cc2)cc1,18.645030975341797
C#Cc1ccc(-c2cc3c(cc(-c4ccc(C#N)cc4)n3-c3ccc(C(C)C)cc3)n2-c2ccc(C(C)C)cc2)cc1,9.837048530578613
N#Cc1cn(-c2ccc(-n3c(-c4ccc(O)cc4O)n[nH]c3=O)cc2)nn1,31.656940460205078
Oc1cc(Sc2ccccn2)c(O)n1-c1ccccn1,20.823217391967773
CC(F)(F)c1cc[nH]c(=NC(=O)c2cn(-c3ccc(C#N)cc3)c3ncncc23)c1,31.488059997558594
N#Cc1ccc(-c2nc(-c3ccc(N)nc3)nc(-c3ccc(N=Cc4cc(C=O)c(O)c(C=O)c4O)nc3)n2)cn1,11.516107559204102
CCC(C)NC(=O)CN1C(=O)NC(C)(c2ccc(C(F)(F)F)cc2)C1=O,26.59857940673828
N#Cc1ccc(-c2nc(-c3ccnc(Cl)c3)c[nH]2)cc1,19.56431770324707
N#Cc1ccc(-n2c(=O)c3cc4c(=O)n(-c5ccc(N6CCCCC6)cc5)c(=O)c4cc3c2=O)cc1,14.202296257019043
CCOC(=O)c1ccc(NC(=O)Cc2cccs2)cc1,21.474199295043945
N#Cc1cnn(-c2ccc(N)cc2)c1,18.408226013183594
N#Cc1ccc(-n2[nH]c(=O)c3cc4c(=O)[nH]n(-c5ccc(C(=O)O)cc5)c(=O)c4cc3c2=O)cc1,11.145269393920898
N#Cc1ccc(N=c2cc[nH]c(=Nc3ccc(C#N)cc3)[nH]2)cc1,12.472164154052734
CNC(=O)c1nc(-c2ccn(Cc3ccc(C#N)cc3)n2)nc(-n2cccn2)n1,35.30146789550781
COc1ccc(-c2csc(-n3c(O)c(O)c(C(=O)c4ccc5c(c4)OCO5)c3-c3ccc(C)o3)n2)cc1,29.19490623474121
N#Cc1ccc(-c2nn(-c3ccc(S(N)(=O)=O)cc3)c(=O)c3ccccc23)cc1,14.652447700500488
N#Cc1ccc(N=c2nccc[nH]2)cc1N,22.7542667388916
N#Cc1cc(N)cc(C#N)c1,12.806168556213379
O=C1CC(C=Nc2cccc(C(F)(F)F)c2)C(=O)c2ccccc21,21.730709075927734
N#Cc1ccc(-c2cccc(COc3ccc4c(CO)cc(=O)oc4c3)c2)cc1,22.011091232299805
NS(=O)(=O)Oc1ccc(Cc2ccccc2)cc1,21.011411666870117
COc1ccc(C=Nc2cc(O)c(NS(=O)(=O)c3cccc(C=CC#N)c3)cc2O)c(O)c1,25.675615310668945
O=c1c(O)c(-c2ccc(O)cc2)oc2cc(O)cc(O)c12,13.71865177154541
CN(C)c1nc(C#N)ncc1Br,14.224302291870117
Cc1oc2c(C)c3oc(C(=O)O)cc(=O)c3c(C)c2c1C,24.793174743652344
COC(=O)CC=Nc1sc2c(c1C#N)CCCCC2,18.655027389526367
Cn1c(=O)n(C)c2cc(Oc3ccc(-c4ccc(N)nc4)cc3)ccc21,22.356325149536133
N#Cc1ccc(Cn2cc(C#N)c3cc(-c4ccc5nonc5c4)ccc32)cc1,27.603281021118164
CC(C)C=Cc1c(O)cc(C=Cc2ccc(O)cc2)cc1O,15.694830894470215
CCc1c(O)c(C#N)c(=O)n(Cc2ccc(-c3ccccc3C#N)cc2)c1CC,25.543745040893555
O=c1oc(N2CCN(CCO)CC2)nc2cc3c(cc12)OCO3,23.468698501586914
Cn1c(-c2nc(CCc3cccc4ccccc34)nc(-c3ccc(N)cc3)n2)nc2ccccc21,31.108043670654297
CCC1(O)C(=O)OCc2c1cc1n(c2=O)Cc2c-1nc1ccccc1c2-c1ccc(CO)cc1,22.962289810180664
N#Cc1cccc(-c2ccc(O)c(C#N)c2)c1,12.835613250732422
Cc1ccc2nc(-n3c(-c4ccc(C#N)cc4)cc4c3cc(-c3ccc(C#N)cc3)n4-c3nc4ccccc4s3)sc2c1,9.102080345153809
Nc1ccc(-c2nnc(-c3ccc(N)cc3)n2N)cc1,11.847803115844727
CC12C=CC(=O)CC1CCC1C3CC(=O)CCC3=CCC12,24.99795150756836
N#Cc1ccc(-n2cnc3ccccc3c2=O)cc1,17.26161003112793
Cc1ccc(NN=Cc2ccc(O)c(O)c2)cc1C,16.28522491455078
CCCn1c(-c2ccc(N)cc2)nc2cccnc21,20.844707489013672
Cc1ccc(-c2cc(-c3ccco3)cc(-c3ccccc3)n2)cc1,16.655776977539062
CC1CN(c2cccc(=Nc3ccc4[nH]ccc4c3)[nH]2)CCN1Cc1ccc(OC(F)(F)F)cc1,38.041046142578125
NC(=O)C(N)Cc1ccccc1,15.000475883483887
N#Cc1ccc(-n2cc(C#N)nc2C#N)cc1,17.567337036132812
CN1CCN(c2nccc(-n3cccn3)n2)CC1,18.445283889770508
CN(c1ccccc1)c1cc(-c2ccc(C(F)(F)F)cc2)nc(-c2ccccn2)n1,23.60367774963379
CC1=Nc2ccc(Cl)cc2C(c2ccc(C#N)cc2)N1CCN1CCCCC1,21.581275939941406
COc1cc(-c2c[nH]c(=O)c(C#N)c2)ccc1-n1c(=O)ccc2cc(S(=O)(=O)N=c3nccc[nH]3)ccc21,24.941076278686523
N#Cc1ccc2c(C#N)cc(C#N)cc2c1,9.073479652404785
N#CC(C#N)n1c(O)cc(-c2ccccc2)c1O,22.84878921508789
CN1C(=O)CN(c2ccc(-c3ccc(C#N)cc3)cn2)CC1C(C)(C)C,19.57057762145996
N#Cc1c(-c2ccc(N)cc2)n(Cc2ccc(C(N)=O)cc2)c2cc(Br)c(Cl)cc12,35.92753219604492
CN(C)c1ccc(-c2cc(-c3ccc(C#N)cc3)sc2-c2ccc(N)cc2)cc1,15.503799438476562
Cc1nc(N2CC(c3nc4ccccc4n3C)C2)cc(-n2nc(C)nc2C)n1,21.711227416992188
N#Cc1ccc(-c2c(C#N)c3ccccn3c2-c2ccc(C#N)cc2)cc1,15.090054512023926
COc1ccc(C2OCc3nnc(C)n3-c3cc4c(cc32)OCO4)cc1O,27.437713623046875
Cn1c(C#N)ccc1-c1ccc(C#N)c(C#N)c1,11.588753700256348
COc1c2c(c(CC=C(C)C)c3oc(C=Cc4ccc(C#N)cc4)cc(=O)c13)OC(C)(C)C=C2,28.628137588500977
N#Cc1cccc(N=Nc2ccc(Cl)cc2)c1,14.04751205444336
CC(C(O)=NO)N1CNc2ccc(N)cc2S1,21.75193214416504
Nc1ccc(C(=O)C=Cc2ccc(O)cc2)cc1,12.385763168334961
CN=C(N)N(C)c1ccccc1,20.441722869873047
Cc1cccc(NS(=O)(=O)c2ccc(-c3noc(C(F)(F)F)n3)cc2)c1C,26.895912170410156
O=Cc1cc(-c2c(O)cc(O)cc2Oc2ccc(C=CC(=O)O)cc2)ccc1O,20.50324821472168
Nc1ccc(-c2ccc3oc4cc(N)ccc4c(=O)c3c2)cc1,17.834197998046875
Cn1c(=O)[nH]c(=O)c2c1nc(N1CCN(c3ccc(F)cc3)CC1)n2Cc1ccc(F)cc1,22.908458709716797
CCOc1cc(N2CCOCC2)c(OCC)cc1NCC(=O)Nc1ccc(OC)cc1,25.07514762878418
N#Cc1ccc(-c2cc(N)ccc2C#N)cc1,12.596928596496582
Cc1cc(N)c2sc(-n3c(-c4ccc(N)cc4)cc4c3cc(-c3ccc(C#N)cc3)n4-c3ccc(C(C)C)cc3)nc2c1,19.562864303588867
c1ccc(-c2c[nH]c(C3CCCCN3)n2)cc1,19.13058853149414
N#Cc1nc(-c2ccco2)sc1NC(=O)c1cccc(-c2ccccc2)c1,27.279685974121094
CC(C)(C)c1ccc(C(=O)OCC(=O)c2ccc(F)cc2)cc1,26.91318130493164
N#Cc1cccc(-c2ccc(Oc3cccc(C(F)(F)F)c3)nc2)n1,23.550495147705078
CC(=O)N(C(=O)c1ccc(C)c([N+](=O)[O-])c1)c1ccc(C=Nc2cccc(C)c2)cc1,32.974700927734375
N#Cc1ccc(-c2cc(-c3nc4ccccc4n3C(=O)OCc3ccccc3)nc(-c3ccc(C#N)cc3)n2)cc1,23.329540252685547
Clc1nc(Cl)nc(-[n+]2ccccc2)n1,9.797582626342773
O=C(O)c1cccc(N=c2cccc[nH]2)c1,22.155027389526367
N#Cc1ccc(-n2c(N)c(C#N)c(-c3ccc(Cl)cc3)c(C#N)c2=O)cc1,16.157028198242188
O=C(CC1=CC(=Cc2ccc(Cl)cc2)c2ccc(F)cc21)NS(=O)(=O)c1cc(Cl)cc(Cl)c1,27.451156616210938
Nc1ccc(-c2nc(-c3ccc(N=Cc4ccccc4F)cc3)nc(-c3ccc(N=Cc4cc(C=O)c(O)c(C=O)c4O)nc3)n2)cn1,13.978765487670898
O=c1c2ccccc2nc(N=Cc2ccc(O)cc2)n1-c1ccc(Cl)cc1,20.420034408569336
N#Cc1ccc(Cn2cncc2CN2C(=O)C(=O)N(c3ccc(C#N)cc3)C2=S)cc1,18.84352684020996
N#Cc1ccc(-c2nc3cc(C(F)(F)F)cc(C#N)c3cc2C#N)cc1,25.940767288208008
N#CC=CCN1CCN(C(c2ccccc2)c2ccccc2)CC1,19.362775802612305
CC(=O)NC1CCN(c2ccc(-c3cc4ccc(-n5ccc(OCc6ccc(F)cc6)cc5=O)cc4c(C#N)n3)cn2)C1,33.43568420410156
NC(=O)n1c(=O)[nH]c2ccccc21,19.83325958251953
CNc1ccc(-c2nc3cc(C#N)ccc3o2)cc1,15.666656494140625
Cc1ccc(-c2[nH]c(=N)[nH]c(=NC(C)c3ccc(-c4cccc(C#N)c4)cc3)c2N)cc1,23.874279022216797
CC(C)(C)c1cc[nH]c(=NCc2ccc(-n3cccc3)cc2)n1,26.90924072265625
N#CC(C#N)=Nc1cccc(O)c1,12.250923156738281
N#Cc1ccc(=NC(=O)N2Cc3ccc(C#N)cc3C2)[nH]c1,17.548593521118164
N#Cc1cc(N)cc2c(=N)[nH]cnc12,16.28790855407715
N#Cc1cc2c(cc1F)c(=O)c1c(=O)[nH]sc1n2C1CC1,21.781530380249023
NC(C(=O)c1ccc(-c2cc(-c3ccccc3)cc(-c3ccc(-c4nc(Cl)nc(Cl)n4)cc3)c2)cc1)C(O)=NO,24.82733154296875
C#CCn1nc(-c2ccc(N)cc2)n(C)c1=O,21.54917335510254
CCCCOc1cc(N)cc(=NCc2ccc(-c3nc(-c4ccc(N)cc4)nc(-c4ccc(C#N)cc4)n3)cc2)[nH]1,35.566593170166016
N#CC(C#N)=Cc1ccc[n+](Cc2cccc(C#N)c2)c1,21.607627868652344
Cc1ccc(-c2nc(-c3ccc(N=c4cc(-c5ccc(N)cc5)nc(-c5ccc(N)cc5)[nH]4)cc3)cc(-c3ccc(-c4cc(-c5ccccc5)cc(-c5ccc(-c6nc(Cl)nc(Cl)n6)cc5)c4)cc3)n2)cc1,20.903030395507812
c1cc2c3c(cccc3c1)-c1nc3ccccc3nc1-2,21.254735946655273
Nc1ccc(-c2nc3ccccc3o2)cc1,13.511775970458984
Cc1cc(-n2cnc3c(-c4ccc(C#N)cc4)cc(N4CCC(C#N)CC4)nc32)ccc1C(=O)NC1CC1,37.13814163208008
Cn1c(-c2ccc3[nH]c(-c4ccc(NC(=O)c5ccccc5)cc4)nc3c2)nc2ccccc21,22.494110107421875
N#Cc1ccc(-c2cccc(C=O)c2)cc1,15.10450553894043
O=C1C=C(O)c2cc3c4c(cc(O)cc4c21)C(=O)OC3=O,19.173181533813477
Cc1ccc(N=Nc2ccc(N)cc2)cc1,14.787571907043457
O=C(O)CCN1C(=O)c2ccc(C(=O)c3ccccc3)cc2C1=O,20.87645721435547
COc1ccc(-c2nnc(-c3ccc(N)cc3)nc2-c2ccc(OC)cc2)cc1,12.829065322875977
CC(=O)N1CCC(N=c2cc(-c3cccs3)nc3cc[nH]n23)CC1,28.003849029541016
NC(=S)NCc1ccsc1,22.55087661743164
Cc1cc(C=NNC(=O)c2ccncc2)c(C)n1-c1ccccc1,15.582298278808594
Nc1ccc(-c2ccc3ncccc3c2)cc1,14.116326332092285
N#Cc1ccc(-c2nn(-c3ccc(NC(=O)C=N)cc3)c(=O)c3ccccc23)cc1,23.955795288085938
N#Cc1ccc(-c2c[nH]c(=N)c3ncc(-n4cnc(-c5cc(F)ccn5)n4)cc23)cc1,30.539342880249023
N#Cc1ccc(CNC(=O)Cn2cnc(-c3ccc(N)cc3)n2)cc1,19.820693969726562
N#Cc1cn(-c2ccc(C(N)=O)cc2)c2ccc(-c3ccc(N)nc3)cc12,18.478044509887695
Cc1nc(-c2cccc(-c3ccc(C(=O)N=c4cnc(-c5ccc(C#N)cc5)c[nH]4)cc3)c2)no1,28.43868064880371
N#CC#CCCCC#N,14.015914916992188
C[N+](C)(C)CC(=O)c1ccc(-c2ccc(C#N)cc2)cc1,16.805158615112305
Cc1ccc2c(c1)c(=O)nc1n2CCC(C)C1,23.249515533447266
Cc1oc2ccccc2c(=O)c1-c1ccc(-c2ccc(C#N)cc2)cc1,15.757269859313965
Nc1ccc(-c2nnn(-c3ccc(C(F)(F)F)cc3)n2)cc1,15.568036079406738
CSc1ccc(-c2ccc(-c3nnc(C)n3-c3ccc(C)cc3)cc2)cc1,21.466068267822266
N#Cc1ccc(-n2c(-c3ccc(N)cc3)nc3[nH]c(=O)c(C#N)cc3c2=O)cc1,14.472779273986816
Cn1ccnc1C(=O)Nc1cc(O)cc(-c2nc3ccccc3n2C=O)c1,35.979366302490234
CN(CC#N)Cc1ccc(OCc2cccc(-c3ccc(C#N)cc3)c2)cc1,25.969585418701172
N#Cc1ccc2nc(C=Cc3cccc(-c4ccc(N)nc4)n3)ccc2c1,24.707378387451172
CC(C)c1ccc(NC(=O)N2CCN(c3ccc(C#N)cn3)CC2)cc1,16.75002670288086
NC(=O)c1ccc(-c2cc(-c3ccc(C(=O)O)cc3)nn2-c2ccc3cc(C(=O)O)n(O)c3c2)cn1,33.26301193237305
CC1CCCN1C=O,12.671207427978516
CC(C)Sc1nc(=O)cc(N)[nH]1,14.448467254638672
CC1CN(c2ccc(-c3cc(-c4ccc(N)nc4)nc(C4CCC4)n3)cn2)C(=O)O1,23.481840133666992
Cc1cc(C)n(-c2cc(-n3cnc4ccccc43)ncn2)n1,22.73416519165039
O=[N+]([O-])c1ccc(NN=Cc2ccc(O)c(O)c2)cc1,19.361202239990234
CC(=O)c1c(-c2ccc(C#N)cc2)c(-c2ccc(C#N)cc2)c2ccncn12,26.32206153869629
Cc1ccc(-c2ccc(F)cc2)n1-c1ccc(C#N)cc1,11.851137161254883
O=C(Nc1cnccn1)c1ncoc1-c1ccc(C(F)(F)F)cc1,26.612045288085938
COc1ccc(-n2c(C)nc(=O)c3ccccc32)cc1,18.082860946655273
CCCn1nc(-c2ccc(N)cc2)nc1C,18.090469360351562
Cc1cccc(C#N)c1C#N,10.696495056152344
N#Cc1ccc(-c2ccccc2)c(F)c1,13.544869422912598
O=C(C=Cc1ccccc1)c1ccc(-n2cccc2)cc1,14.726686477661133
N#Cc1c(-c2ccc(Cl)cc2)c(-c2ccc(Cl)cc2)n(-c2ccc(Br)cc2)c1-n1cccc1,17.36334228515625
COc1ccc(C=CC(=O)c2ccc(N)cc2)cc1OC,17.572589874267578
N=c1[nH]ccc2ncc(-c3ccnc(-c4ccc(N5CCNOCC5)nc4)n3)cc12,33.764793395996094
Cc1cc2ncn(-c3ccc4c(c3)CNCC4)c(=O)c2c(C#Cc2ccc(N)cc2)n1,26.357284545898438
O=CN1CCNCC1,10.569201469421387
C#CC[n+]1ccc(-c2ccc[n+](C)c2)cc1,20.989635467529297
CSc1ccc(-c2cc(-c3ccc(F)cc3)nc(-c3c[nH]c4ccccc34)c2)cc1,23.24175453186035
O=c1c2ccccc2cnn1-c1cnc(N2CCC(O)C2)nc1,25.060016632080078
C#CC#CC#CC#C,12.724543571472168
N#Cc1ccc(-c2ccc3c(c2)CCC3=O)cn1,16.280384063720703
COc1cc(C=Nc2ccc(-c3nnc(-c4ccc(N)cc4)nc3-c3ccc(C)cc3)cc2)ccc1O,17.103801727294922
O=C1NC(=O)C(=Cc2ccc(-c3cccc(C(=O)O)c3)oc2=O)S1,26.56775665283203
N#Cc1ccc(-c2csc(CC(=O)Nc3ccc(O)cc3)n2)cc1,21.797117233276367
Nc1ccc(-c2nc(-c3ccc(O)cc3)nc(-c3ccc(N4C(=O)c5ccc6c7c(ccc(c57)C4=O)C(=O)OC6=O)cc3)n2)cc1,10.037357330322266
C=CCn1c(SCC(=O)N(C)c2ccccc2)nc2sc(C)c(C)c2c1=O,24.95023536682129
Cc1cc(C#N)cc(-c2ncc(CN(C)C)cn2)c1,23.705341339111328
CC1CN(c2ccc(C#N)cn2)CCN1C(=O)c1ccc[nH]c1=Nc1ccc(Cl)cc1F,29.560405731201172
N#Cc1ccc(N(CCCl)CCCl)cc1,14.992317199707031
Cc1ccc(-c2cc(-c3ccc(N=Cc4ccc(N(C)C)cc4)o3)nc(-c3ccccc3)n2)cc1,17.620243072509766
N=c1nc(-c2ccc(N)cc2)c2ncn(Cc3ccccc3)c2[nH]1,24.089767456054688
Nc1ccc(-c2nc(-c3ccc(Cl)cc3)nc(-c3ccc(-c4ccc(C=NN=CN5CCCCCC5)o4)cc3)n2)cc1,34.23109817504883
Cc1c(F)c(Oc2cc(Cl)cc(C#N)c2)nc(Oc2cccc(C(=N)N)c2)c1F,19.432231903076172
C#Cc1ccc(N(C)C(C)=O)c(C#N)c1,23.618024826049805
COc1c(C#N)cc(C#N)c2cc3c(cc12)OCO3,12.677692413330078
Cn1cncc1C(O)(c1ccc(C#N)cc1)c1ccc(C#N)c(-c2ccccn2)c1,20.433895111083984
C=C(C)C(C)=CCC=C(C)C=Cc1c(O)c(C)c2oc(-c3ccc(O)cc3)cc(=O)c2c1O,30.59467315673828
Nc1ccc(-c2nnc3cc(Cl)c(Cl)cc3n2)cc1,21.99593162536621
N#Cc1ccc(-c2cc(-c3ccc(C#N)cc3)n(-c3ccccc3)n2)cc1,12.733677864074707
Cc1ccc(CNC(=O)c2n[nH]n(Cc3cccnc3)c2=N)cc1,21.839597702026367
CC(C)n1cc(C#N)c2cc(-c3cnccn3)ccc21,22.34954261779785
C=CC(=O)Nc1cc2c(=Nc3ccc(F)c(Cl)c3)[nH]cnc2cc1NC(C)O,24.355823516845703
COc1cc(-c2nc(-c3ccc(N)cc3)nc(-c3ccc(N=Cc4cc(C=O)c(O)c(C=O)c4O)nc3)n2)ccc1C#N,17.93307876586914
Cn1c2ccccc2c(=O)c2cc3c(N)c(C#N)c(=O)oc3cc21,16.357532501220703
CCc1nc(C)c2c(C)nc3ccccc3n12,22.299463272094727
CC(C)n1cnc2c(-c3ccco3)[nH]c(=N)nc21,18.48699378967285
Cc1cc(N(C)CCN(C)C)nc2ccc(NC(=O)C=Cc3ccc(Cl)cc3)cc12,23.319608688354492
N#Cc1ccc(-c2cc(C#N)c(C#N)cc2O)cc1,17.395029067993164
N#Cc1ccc(-c2cc3c(cc(-c4ccc(C#N)cc4)n3-c3ccc4ccccc4c3)n2-c2ccc(C#N)cc2)cc1,13.483440399169922
Cc1ccc2cc(-c3csc(N=Cc4ccc(O)c(O)c4)n3)c(=O)oc2c1,22.449844360351562
COCC1CCCN1CC=CC(=O)Nc1ccc2[nH]cnc(=Nc3ccc(C(=O)N=c4[nH]c(-c5ccc(C#N)cc5)cs4)nc3)c2c1,45.2082633972168
N#Cc1ccc2c(c1)C(O)C(N)CO2,16.221858978271484
CN(C)c1ccc(NC(=O)CSc2nnc(-c3cccc4ccccc34)n2C)cc1,24.669551849365234
Cc1ccnc(-n2c(=O)cc3c4c(c2=O)C=C4C3=O)n1,27.07574462890625
Cc1cccc(=NC(=O)c2ccc(-n3cc(-c4ccccc4)n(CCc4ccc(N)cc4)c3=O)cc2)[nH]1,28.697011947631836
N#Cc1c(-c2ccc(-c3ccc(-n4ccnc4)cc3)cc2)[nH]c2ccccc12,22.495466232299805
CSc1ccc(C#N)cc1,11.18278694152832
CONC(=O)c1nn(CN2CCOCC2)c(=S)n1-c1ccc(Cl)cc1,35.77986145019531
Cc1cc(=Nc2cccc(C#N)c2)n2nc(-c3ccco3)nc2[nH]1,19.20260238647461
C=C(C)C1CC2=C(C#N)C(=O)C(C(C)C)=C2C1C(=O)O,31.072439193725586
Cn1c2nc3ccccc3c-2c(C=Cc2ccccc2)c2ccccc21,23.186857223510742
N#Cc1ccc(-c2cnc3c(c2)CCCN3C(N)=O)cc1,11.122730255126953
Cc1ccc(-c2cccc(-c3ccc([N+](=O)[O-])cc3)n2)cc1,23.280738830566406
Nc1ccc(-c2ccc(-c3cc(=O)c4ccc(O)c(O)c4o3)cc2)cc1,19.933969497680664
N#CC(=NNCCc1ccccc1)C(=O)c1ccccc1,23.155925750732422
C=CCc1cc(C=Cc2c(O)c(C=NO)cc(OC)c2O)cc(C=O)c1O,33.510311126708984
CN1CCN(c2ccc(C(=O)N3CCOc4ccc(-c5cccc(C#N)c5)cc4C3)cc2)C1=O,24.22871208190918
N#Cc1ccc(-c2c[nH]c(=N)c(C#N)c2)nc1,13.649445533752441
Cc1ccc(S(=O)(=O)c2cn3c(=O)[nH]nc3c3ccccc23)cc1,28.589550018310547
Cc1ccccc1N=Nc1c(O)[nH]c2ccc(C#N)cc12,23.29903793334961
c1ccc(-c2nc3ccccc3n2C2CCNCC2)cc1,18.700471878051758
N#Cc1ccc(-c2cc(-c3ccccc3)nc(-c3ccc(C#N)cc3)c2)cc1,11.490616798400879
Nc1ccc2ncccc2c1,12.729584693908691
CCCN(Cc1ccc2c(c1)OCO2)C1CC(c2ccc(C#N)cc2)=Nc2cc(C)ccc2C1O,43.95982360839844
Cc1nc(-c2cccc(-c3cnc(-c4ccc(N)cc4)nc3C)c2)cs1,25.381807327270508
Cc1ccc(-c2nc(-c3ccc(N)nc3)nc(-c3ccc(N=Cc4cc(C=O)c(O)c(C=O)c4O)nc3)n2)cc1,14.663811683654785
N#Cc1ccc(-c2ccc3cc(N)ccc3n2)cc1,16.902681350708008
NC(=O)N1CCCc2cc(-c3cccc(O)c3)cnc21,18.322168350219727
C#Cc1nc(-c2ccc(N3CCCCCC3)cc2)nc(-c2ccc(N)nc2)n1,23.412221908569336
CCCCCCCCCCCCC=CC(O)C(N)CO,22.169261932373047
Nc1ccc(-c2noc(-c3ccccn3)n2)cn1,16.95448875427246
CN1CCCc2cc(-c3cc(-c4ccc(C(F)(F)F)cc4)nc(-c4ccc(C#N)cc4)n3)ccc21,21.280942916870117
N#Cc1ccc(-c2cc(-c3cccc(C#N)c3)ccn2)cc1,14.52237319946289
N#Cc1ccc(-c2ncc(CN3CCOCC3)c(-c3ccc(C#N)cc3)n2)cc1,16.81691551208496
O=c1[nH]c(O)c(C=c2cnn3c(=NC4CC4)cc(-c4ccccc4)nc23)[nH]1,18.0527286529541
CC1(C)CCc2[nH]c3ccccc3c(=N)c2C1,17.96085548400879
Cc1cc(C(N)=O)ccc1-n1c(C#N)ccc1-c1ccc(C#N)cn1,18.812236785888672
CN(C)C(=O)c1ccc(-c2ccnc3[nH]c(=N)c(C#N)cc23)cc1,25.54148292541504
CCCCC=CCC=CCC=CCC=CCCCC(=O)O,19.783050537109375
Cc1ccccc1C(=O)N=c1[nH]c(-c2ccc(N)cc2)cs1,19.774110794067383
Cc1ccc(C=NCCNC(=O)c2ccccc2O)c(O)c1[N+](=O)[O-],33.97542190551758
N#Cc1ccc(-c2cc[n+](-c3nc(Cl)nc(Cl)n3)cc2)cn1,11.451347351074219
CN(C)c1nc(C#N)nc(-n2[nH]c(Nc3ccc(C#N)cc3)cc2=O)n1,23.340269088745117
Nc1ccc(-c2nc(-c3ccc(N=Cc4cc(C=O)c(O)c(C=O)c4O)nc3)nc(-c3cnc(N)[n+]([O-])c3)n2)cn1,18.86936378479004
N#Cc1ccc2c(=O)cc(-c3ccccc3)oc2c1,14.439909934997559
N#Cc1cnc(C#N)c(=NC2OC(CO)C(O)C2O)[nH]1,21.741918563842773
CCN(C)C(C)=Nc1nccc(-c2cnc(-c3ccc(C#N)cc3)cn2)n1,32.90027618408203
Nc1ccc2c(c1)C(=O)c1ccc(Nc3ccc(F)cc3F)cc1C2=O,14.475292205810547
N#Cc1ccc(-c2ccc(N)c(NC(=O)c3ccc(Cc4nc(=O)o[nH]4)cc3)c2)cc1,21.51694679260254
CN1CCCC1c1nc(-c2ccc(N3CCOCC3)nc2)c[nH]1,27.4698486328125
N#Cc1cccc(-c2c(NC(=O)Nc3ccc(F)cc3F)cnc3ccc(C#N)cc23)c1,28.020692825317383
N#Cc1ccc(-c2c[nH]c(=N)c(-c3ccc(C#N)cn3)n2)cc1,15.687093734741211
C#CCCCCCCCCCc1cc(O)c(C)c(=O)o1,27.46243667602539
Cc1cnc2cc(N3C(=O)NCC3c3ccc(C#N)cc3)ccc2n1,24.470659255981445
Cc1nc2c(cnn2-c2ccccc2)c(=O)n1N=Cc1cccc(F)c1,22.9787540435791
N#Cc1ccc(-c2nc(-c3ccc(N)nc3)nc(-c3ccc4c(c3)CC(=O)Nc3ccccc3-4)n2)cc1,19.590251922607422
N=c1ccc(-n2cc(-c3ccc4c(c3)=C3CCCC3(C(=O)O)C=4)cn2)c[nH]1,47.5953254699707
Cc1ccc(-c2ccc(-c3ccc(C#N)cc3)cc2)n1-c1ccc(O)cc1,18.337539672851562
Cc1ccc(C=Nc2ccc(-c3cc(-c4ccc(-n5c(-c6ccccc6)nc6ccccc6c5=O)cc4)nc(-c4ccc(N)cc4)n3)cc2)cc1,22.105560302734375
CC(C)C1COC(=O)N1c1cc(-c2cc(F)[nH]c(=N)n2)c(-c2ccc(C#N)cc2)cn1,23.097896575927734
N#Cc1ccc2c(c1)C(=O)c1ccc(Nc3ccc(S(N)(=O)=O)cc3)cc1CO2,22.688764572143555
O=C(C=Cc1cnc2ccccc2c1)N1CCN(c2ccccc2)CC1,20.783842086791992
CCn1c(=O)[nH]c2ccc(-c3ccc4c(cnn4-c4ccc(C(C)C)cc4)c3)cc21,26.307939529418945
O=C(CCn1c(=O)c2ccccc2n(Cc2ccc(Cl)cc2)c1=O)NCc1ccc(F)cc1,21.453536987304688
Nc1ccc(-c2cc(=O)c3ccc(OCCCN4CCCC4)cc3o2)cc1,22.951814651489258
Cn1c2ccc(O)cc2c2c3c(ccc21)C(=O)C=CC3=O,22.163440704345703
N#Cc1ccc(CN2CCC(C(=O)NCc3ccccn3)CC2)cc1,19.316699981689453
N#Cc1ccc(C(N)=Nc2cccc(-c3cn(-c4ccc(C(=N)N)cc4)nn3)c2)cc1,20.730667114257812
N#Cc1ccc(-c2ccc(O)c(C=O)c2)cc1,13.184674263000488
Cc1ccc(-c2ccc3nc(-c4ccc(N)nc4)oc3n2)cn1,19.344863891601562
O=C1NCc2c1c1c(c3ncc4ccccc4c23)Cc2ccccc2-1,19.92344093322754
Cc1cc(-c2nn(C)c3ncc(-c4ccc(N5CCN(C)CC5)cc4)cc23)ccn1,19.43000030517578
O=CC1C(O)C(O)C(OC(=O)C=Cc2ccc(O)cc2)C(O)(CO)C1CO,31.7318172454834
Nc1ccc(-c2cc(-c3nc4ccccc4[nH]3)nc(-c3ccc(N)cc3)n2)cc1,17.13204574584961
CC(C)CNCc1cccc(-c2ccc(C#N)cc2)c1,17.407699584960938
CC1CN(c2cc(-c3[nH]nc4cnc(-c5ccc(N6CCN(C)CC6)cc5)cc34)ncn2)CCO1,28.305973052978516
Cc1cn(C2CCC(O)C(CN=C(N)c3ccc(-c4ccc(C#N)cc4)o3)O2)c(=O)[nH]c1=O,33.387027740478516
Cc1cc(-c2cccnc2)c(C#N)cc1-c1nc(-c2ccc(Cl)c(Cl)c2)cs1,25.587318420410156
Nc1ccc(-c2nc3cc(-c4nc5ccccc5[nH]4)ccc3[nH]2)cc1,17.39312171936035
Nc1ccc(-c2nc(-c3ccc(N4C(=O)c5ccc6c7c(ccc(c57)C4=O)C(=O)OC6=O)cc3)nc(-c3c(O)cc(O)cc3O)n2)cc1,11.492948532104492
N#Cc1ccc(Nc2ccc(-c3nnc(N)c(C#N)n3)cc2C#N)cc1,19.794570922851562
N#Cc1ccc(-c2nc(-c3ccc(N)nc3)nc(-c3ccc(N=Cc4cc(C=O)c(O)c(C=O)c4O)nc3)n2)s1,12.25413990020752
N#Cc1ccc(-c2ccnc(C#N)c2)cn1,14.71239948272705
N#Cc1ccc(C(=O)c2cncc(C#N)c2)cc1,16.67876625061035
Nc1ccc(-c2nnc(-c3ccc(N4C(=O)c5ccccc5C4=O)cc3)n2O)cn1,22.650224685668945
Cn1c(N)c(C#N)c2cc(-c3ccnc(-c4ccccc4)c3)ccc21,28.373239517211914
CC1CC(C)CN(c2nc(-c3ccc(NC(=O)Nc4ccc(N)cc4)cc3)nc(N3CCN(C)CC3)n2)C1,21.542564392089844
N#Cc1cccc(C=NNC(=O)c2ccccn2)c1,17.403234481811523
N=c1nc(-c2ccc(N)[n+]([O-])c2)cc(-c2ccc(C=O)cc2)[nH]1,19.92875862121582
Cc1nc(-c2ccc(CCN3CCN(c4ccc(C#N)cc4)CC3)cc2)cs1,17.470478057861328
ON=C(O)NCCCc1ccccc1,23.108976364135742
Nc1ccc(C(=O)NN=Cc2ccccc2)cc1,15.018570899963379
Cc1ccc(C(N)=NO)cc1-c1ccc(-c2ccc(N=C(N)c3ccc(N)cn3)cc2)o1,26.316423416137695
Cc1noc(C)c1-c1ccc2c(c1)CCc1nnc(C)n1-2,20.436532974243164
N#Cc1ccc(-c2cccc(C(F)(F)F)n2)cc1,13.612943649291992
Cc1ccc(-c2nc(C#N)c(N)o2)cc1,12.160063743591309
N#CC(C#N)=Cc1ccccc1,11.993670463562012
Cc1ccc(CN(C=O)C(Cc2ccc(-c3ccc(C#N)cc3)cc2)c2nc3ccccc3c(=O)n2-c2ccc(C#N)cc2)o1,26.54026222229004
N#Cc1ccc(-c2c(-c3ccncc3)ncn2-c2ccc(C#N)cc2)cc1,13.05639934539795
COc1cccc2c(C#N)cc(C#N)nc12,14.706326484680176
COc1cc(-c2nc(-c3ccc(N)cc3)no2)cc(OC)c1OC,16.016387939453125
C#Cc1cn(C#C)c2ccc(C#N)cc2c1=O,21.710893630981445
CN(C)c1ccc(CNC(CN2CCCC2CN2C(=O)C(=O)NCC2Cc2ccc(O)cc2)c2ccccc2)cc1,31.686281204223633
CC(=O)NCC1CN(c2ccc(C=C(C#N)c3nc4ccccc4[nH]3)cc2)C(=O)O1,23.107271194458008
CC(C)c1ccc(CCC(=O)NCCc2ccc(C#N)cc2)cc1,19.601919174194336
CC1CCc2c(c(O)n(-c3ccc(C#N)c([N+](=O)[O-])c3)c2O)C1,21.305788040161133
CC1CCCN(C2c3ccccc3Cc3cc(O)ccc3N2C)C1,32.345237731933594
Cc1cc(C)c2nc(-c3ccc(-c4ccc(C(N)=O)cc4)cc3)cc(C(=O)O)c2c1,22.11116600036621
NC(CCCN=C=S)C(=O)O,18.72215461730957
CN(C)Cc1cc(C=Nc2ccc(-c3cc(-c4ccc5c(c4)OCO5)nc(-c4ccc(N)nc4)n3)cc2)ccc1O,23.1568660736084
Nc1ccc(-c2nc(-c3ccc(N)cc3)nc(-c3ccccn3)n2)cc1,12.682769775390625
N#Cc1cccc(Oc2ccc(NC(=O)c3cc(N)ccc3C(=O)O)cc2)c1,27.98280906677246
N#CC(Cc1ccc(OCCc2cccc(-c3ccccc3)n2)cc1)=NO,25.352344512939453
CCC1(N)CCN(c2ccc[nH]c2=NC(=O)c2nc(-c3ccccn3)cc(N3CCOCC3)n2)C1,28.640535354614258
O=C(c1ccc(N=c2nc3c(c[nH]2)c2ccncc2n3C2CCCC2)nc1)N1CCNCC1,24.141889572143555
C#Cc1ccc(C(=O)Nc2cc(C#N)cc(-c3cnc(C#N)n3C)c2)cc1,22.23961639404297
CCN1CCC2(C1)C(=O)N(Cc1ccc(-c3ccccc3)cc1)c1ccccc12,23.506284713745117
Nc1ccc(-c2cc(-c3cccs3)nc(-c3ccc(N)cc3)n2)cc1,14.843016624450684
N#Cc1c(-c2ccc(Cl)cc2)cc(-c2ccc(-c3ccccc3)cc2)[nH]c1=S,22.409299850463867
O=C(Cc1ccc(-c2ccccc2)cc1)N1CCCN(C=CC(O)=NO)CC1,30.744550704956055
N#Cc1ccc(-c2cc(-c3ccc(N)nc3)cc3nc(-c4ccc(N)cc4)nc(N4CCOCC4)c23)cn1,18.525861740112305
N#Cc1ccc(C(=O)N=c2[nH]c3ccccc3s2)cc1,19.900299072265625
CN(C)c1nc2c(C#N)cccc2c(=NCc2ccc(F)cc2)[nH]1,25.160558700561523
N#Cc1ccc(-n2c(=O)c3cc4c(=O)n(-c5ccc(Cl)cc5)c(=O)c4cc3c2=O)cc1,12.657147407531738
Nc1ccc(-c2ccccc2)cn1,9.364094734191895
COc1cc(N)ccc1N=c1cc[nH]c2cc(N)c(N)cc12,23.981464385986328
Cc1cc(-c2cnc3ccc(-c4ccc(C#N)cc4)cn23)ccc1C#N,16.575220108032227
Cc1c(C)n(-c2ccccn2)c2ncn3nc(N)nc3c12,26.211639404296875
Clc1nc(Cl)nc(-[n+]2ccc(-c3ccc[nH]3)cc2)n1,14.515485763549805
N#Cc1ccc(-c2nc(N)ncc2-c2ccnc(Oc3ccc(C(N)=O)cc3)n2)cc1,24.62510871887207
N#Cc1ccc(CNC(=O)c2cccc(O)c2)cc1,18.245845794677734
N#Cc1ccc(-c2ccc3ncc(-c4ccc(C(N)=O)c(N)c4)nc3c2)cc1,16.24972915649414
N#Cc1ccc(-c2ccc3c(c2)CCc2cc(-c4cccnc4)ccc2C3=O)cc1,24.937942504882812
Cc1ccc2c(c1)C(=O)c1cc(Nc3ccc(C#N)cc3)ccc1C2=O,18.821882247924805
COc1ccc(CCNC(=O)COc2ccc(Cl)cc2)cc1OC,23.013166427612305
CC(Cc1ccc(OCc2cccc(F)c2)cc1)NS(=O)(=O)c1ccc(Cl)cc1,30.128751754760742
Cc1cc(C)nc(-n2nc(-c3ccc(C#N)cc3)cc2C(F)(F)F)n1,15.683069229125977
N#Cc1ccc(-c2nc(-c3ccc(N)cc3)nc(-c3ccc(N4Cc5cc(C#N)cc6cccc(c56)C4=O)cc3)n2)cc1,12.242792129516602
O=c1cc(-c2ccccc2)oc2cc(O)cc(O)c12,15.834155082702637
COc1cc(O)cc(C=Cc2cccc(O)c2)c1,18.526140213012695
N#Cc1ccc(-c2ccc3c(C#N)nc(N)c(C#N)c3c2)cc1,18.386777877807617
CC(C(=O)Nc1ccc(F)c(F)c1)n1cnc2ccccc2c1=O,32.25631332397461
N#Cc1ccc(-c2cncc(-c3ccc(N)cc3)c2)cc1,13.988926887512207
Cc1cc(=O)[nH]c(=N)[nH]1,15.2475004196167
Clc1nc(Cl)nc(-[n+]2ccsc2)n1,12.465816497802734
N#Cc1ccc(-c2sc(-c3ccc(N)cc3)nc2-c2ccc(N)cc2)cc1,12.643316268920898
Cn1cc(-c2ccc(C#N)cc2)c2ccc(OCc3ccc(C#N)cc3)cc2c1=O,22.508329391479492
N=c1cc(N)[nH]c2ccccc12,13.68935489654541
Nc1ccc(-c2nnc(-c3ccc(O)cc3)c(-c3ccc(N)cc3)n2)cc1,13.282723426818848
CC(C)(C)N1CCC(N2CC=C(c3nc(-c4ccc(N=c5cc(C#N)cc[nH]5)cc4)c4c(=N)[nH]cnn34)CC2)CC1,38.23125076293945
N#Cc1ccc(N=c2ccc(-c3ccc(N)cc3)c[nH]2)cn1,18.081504821777344
N#Cc1ccc(-c2ccc(-c3nc4ccccc4c(=O)n3-c3ccc(-c4cccc(C#N)n4)cc3)cc2)cc1,19.475248336791992
Cc1ccc(-c2cc3c(cc(-c4ccc(C#N)cc4)n3-c3ccc(C(C)C)cc3)n2-c2ccc(C(C)C)cc2)cn1,11.552474021911621
Cc1ccc(N=Cc2cc(Br)ccc2O)cc1O,15.553104400634766
Cn1nc(-c2cccc(Cl)c2)cc1-c1ccc(C#N)cc1,21.890207290649414
N#Cc1ccc(-n2c(-c3ccc(C(N)=O)cc3)nc3cc(-c4ccc(C(N)=O)cc4)ccc32)cc1,19.735654830932617
N#Cc1c(-c2ccc(N)nc2)[nH]c(Sc2ccccc2N)nc1=N,26.810251235961914
N#Cc1ccc(-c2cc(-c3ccc(C(F)(F)F)cc3)cc(-c3ccc(N)cc3)n2)cc1,14.895444869995117
Cc1ccc(-c2ccc(=O)n(CCNC(=O)C(C)C)n2)cc1,24.118804931640625
N#Cc1ccc(-c2cc3n[nH]c(=NCc4ccncc4)nc3n2-c2ccc(C#N)cc2)cc1,22.063222885131836
CC(C)(C)c1cc(=NC(=O)Nc2ccc(-c3cc(-c4ccc(F)cc4)nc(C4CCN(C(=O)N5C(C#N)CC6C=CC5C6)CC4)n3)cc2)[nH]o1,43.823368072509766
COc1cc(C(N)=O)ccc1-n1cc(C#N)c2cnc(-c3cccc(C#N)c3)cc21,25.136598587036133
NC1CCCCC1N=c1[nH]cnc2ccc(-c3cc(F)c(O)c(Cl)c3)cc12,21.457029342651367
N#Cc1ccc(-c2cn3c(-c4ccc(C(N)=O)cc4)cnc3cn2)cc1,10.945615768432617
Cc1c(N(Cc2ccc(C(C)(C)C)cc2)S(=O)(=O)c2ccc(O)cc2)sc2ccccc12,22.199050903320312
Cc1c[nH]c2ccc(-c3csc(C(C)(O)c4ccc(C#N)cc4)n3)cc12,30.7208309173584
Nc1ccc(-c2cn(Cc3ccc(Cl)cc3Cl)c(-c3ccc(N)nc3)n2)cn1,26.82991600036621
Cc1n[nH]c(=NC(=O)C2COc3ccccc3O2)s1,19.01719856262207
N#Cc1ccc(-c2csc(-n3[nH]cc([N+](=O)[O-])c3=N)n2)cc1,25.778841018676758
N#Cc1ccc(-c2ccc(-c3cc(-c4ccc(N)cc4)cc(-c4ccc(C#N)cc4)c3)nc2)cc1,26.138235092163086
N#CCC1(n2ccc(-c3ncnc4[nH]ccc34)c2)CN(C2CCN(C(=O)c3ccsc3)CC2)C1,25.063640594482422
N#Cc1ccc(-c2ccc3ccccc3c2)cc1,14.86272144317627
CC1(C)OCC(=O)Nc2ccc(-c3ccc(C#N)cc3)cc21,13.513190269470215
CC(C)c1ccc(N=c2[nH]c(-c3ccc(-c4nc(-c5ccc(N)cc5)nc(-c5ccccc5O)n4)cc3)cs2)cc1,26.914352416992188
Cc1ccc(-c2cc(C#N)c(=Nc3ccc(C(=O)N(C)CCN4CCOCC4)cc3)[nH]c2C(F)(F)F)cc1,31.358659744262695
Cn1nc(-c2ccc(N)cc2)c2c(-c3ccc(N)cc3)nc(Oc3ccccc3)nc21,22.061477661132812
N#Cc1ccc(-c2cc(N)cc(-c3ccncc3)c2)c(F)c1,21.985843658447266
Cc1ccc2c(c1)C=CC2=Cc1ccc(C(F)(F)F)cc1,22.27728271484375
Cc1ccc(-c2cc(-c3cn4c(-c5ccccc5)c(-c5ccc(N)cc5)nc4c(-c4ccc(C#N)cc4)n3)nc(-c3ccc(N)cc3)n2)cc1,25.69947624206543
N#CC=Cc1ccc(-c2ccccc2)cc1,16.56993865966797
N#Cc1ccc(-c2ccc3cnccc3c2)cc1,13.118768692016602
N#Cc1ccc(COc2cc(C#N)cc(C#N)c2)cc1,13.33760929107666
Cc1ccc(-c2ccc(-c3cc(-c4ccccc4)cc(-c4ccc(-c5nc(Cl)nc(Cl)n5)cc4)c3)cc2)cc1,16.153560638427734
Cn1c(=O)c2c(C#N)nc(-c3ccc(N4CCOCC4)cc3)cc2n(C)c1=O,17.10590934753418
N#Cc1ccc(-c2ccnc(C#N)c2)c(C#N)c1,15.438544273376465
N=c1[nH]c(C(O)C(CCCN=C(N)N)NC(=O)C2Cc3ccccc3CN2)c(-c2ccc(F)cc2)c(=N)[nH]1,36.17405319213867
CN(C)C1CCN(c2cc(F)c(-c3nc4c(c(-c5ccc(C#N)nc5)n3)CN(C(=O)NCc3cc5ccc(F)cc5[nH]3)CC4)cn2)C1=O,49.317543029785156
CCc1nc2ccccc2c(=O)n1-c1ccc(-c2ccc(N(C)C)cc2)cc1,20.110916137695312
N#Cc1cccc(-c2ccc(C(O)=NO)s2)c1,20.045976638793945
Cc1ccc(-c2ccc(N)cc2)cc1,16.344722747802734
NC(=O)c1ccc(-c2ccc(-c3nc4cc(N)ccc4[nH]3)cc2)cn1,20.665006637573242
Cc1ccc(=N)n(-c2ccc(F)cc2)c1O,21.714336395263672
CC(C)(C)c1cc(=NC(=O)c2cnn(-c3ccc(C#N)cc3)c2)[nH]o1,19.586654663085938
COc1ccccc1C=CC(=O)Nc1ccc(-n2nc(C)c(CCC(=O)O)c2C)cc1,31.689678192138672
CC(=O)C(C#N)C=Nc1ccc(N)cc1,18.141265869140625
N#Cc1ccc(-c2ccc(-c3cc4ncccc4c(=O)n3-c3ccc(C#N)cc3)cc2)cc1,15.642817497253418
Cn1c(N)c(Nc2ccc3c(c2)C(=O)c2ccccc2C3=O)c(=O)n(C)c1=O,21.148496627807617
Cc1cc(-c2ccccc2)nc(C#N)n1,14.973604202270508
N#Cc1ccc(-c2ccc(-c3ccccc3C#N)cn2)cc1,13.819072723388672
N#Cc1ccc(O)cc1,10.39412784576416
N#Cc1ccc(-c2ccc(=NC(=O)Nc3ccc(Oc4cc[nH]c(=NC(=O)C5CC5)c4)nc3)[nH]c2)cc1,22.441200256347656
Cc1ccc(-n2c(-c3ccc(C#N)cc3)cc3c2cc(-c2ccc(CCN(C)C)nc2)n3-c2ccc(C(C)C)cc2)cc1,25.90471649169922
CC(C)C1CCC(N2CCC(O)(c3ccc(C#N)cc3)CC2)CC1,20.001937866210938
COc1ccc2[nH]c(C)cc(=NN=Cc3ccc(O)cc3)c2c1,16.378873825073242
CN(C)c1ccc(-c2nc(SCc3ccccc3)c(N)nc2-c2ccc(N)cc2)cc1,21.913339614868164
Nc1ccc(-c2ccc(C=Nc3cc(O)c(N=Cc4ccccc4)cc3O)cn2)cn1,18.353477478027344
Nc1ccc(-c2nc(-c3cccnc3)nc(-c3ccc(N=Cc4cc(C=O)c(O)c(C=O)c4O)nc3)n2)cn1,10.526752471923828
Cc1cc(=O)[nH]c2cc(Nc3ccc(C#N)cc3[N+](=O)[O-])ccc12,25.444637298583984
Nc1ncc(-c2nc(-c3ccc(Cl)cc3)n(-c3ccc(Cl)cc3)n2)cn1,19.76357078552246
N#Cc1cc(C(=N)N)cc2c1[nH]c1ccccc12,24.27703857421875
CN1CCN(c2ccc(-c3ccc4c(=O)n(C)c(-c5ccc(N)nc5)nc4c3)cc2)CC1,17.18362808227539
N#Cc1ccc(-n2c(=O)[nH]c3ccccc3c2=O)cc1,14.297810554504395
N#Cc1ccc(-n2ncc3cc(C#N)cnc32)cc1,15.925033569335938
Cc1cc(=NCc2cccc(C#N)c2)[nH]c(-c2ccc(N)cc2)n1,19.156070709228516
CCc1ccc(C#N)cc1,9.654328346252441
Cc1nc(-c2ccc(N)cc2)nc(Cl)c1C#N,19.477964401245117
N#Cc1ccc(-c2ccc(C(=O)N(Cc3ccccc3)C(=O)c3snc(C(N)=O)c3N)c(N)c2C#N)cc1,36.051273345947266
CC(C)=CCc1cc(C(O)Cc2ccc(O)c(O)c2)ccc1O,23.976951599121094
N=C(N)N1CCCC1Cc1n[nH]c(-c2ccc(-n3c(=O)c4ccccc4c4ccccc43)cc2)n1,26.991453170776367
N#Cc1cccc(C(=O)Oc2ccc(C=NO)cc2)c1,21.081077575683594
C=CCCCCNCCc1ccc(O)c2[nH]c(-c3ccc(C4=NCCN4)cc3)nc12,29.473217010498047
COc1ccc(-c2nc(-c3ccc(C#N)cc3)c(-c3ccc4cc(OC)ccc4c3)s2)cc1,26.825111389160156
Nc1ccc(-c2nc(-c3ccc(N4C(=O)c5ccc(C(=O)O)cc5C4=O)cc3Cl)cs2)cn1,20.365114212036133
N#Cc1ccc2c(c1)cc(-c1ccc(N)cc1)n2-c1ccc(C(N)=O)cc1N,16.87197494506836
COc1ccc(C=NNC(=O)c2cc(-c3ccccc3)nc3ccccc23)cc1[N+](=O)[O-],26.39760398864746
N#Cc1ccc(-c2ccc(-c3ccc(N)cc3)s2)cc1,13.209245681762695
CN(N=Cc1ccc(C#N)cc1)c1ccnc(C#N)n1,16.152324676513672
N#Cc1ccccc1-c1cc(=O)c2ccccc2o1,20.66204833984375
Cc1[nH]n(-c2nc(-c3ccc([N+](=O)[O-])cc3)cs2)c(=O)c1N=Nc1cc(O)c(O)cc1O,21.136241912841797
Nc1ccc(C=Nc2ccc(-c3nc(-c4ccc(N)cc4)nc(-c4ccc(N)cc4)n3)cc2)cc1,12.528935432434082
CC(=O)c1c(O)c(O)n(-c2ccc(-c3ccon3)cc2)c1-c1ccc(C#N)cc1,15.300472259521484
Cc1ccccc1-n1c(=O)c2cc3c(=O)oc(=O)c3cc2c1=O,10.625934600830078
CCC(C)c1cnc(C)c(C)n1,25.457874298095703
CC(=O)c1ccc(-n2nc(-c3ccccc3)c3ccccc3c2=O)cc1,20.839086532592773
CN1CCN(c2ccc3nncn3n2)CC1,16.383331298828125
CN(C)c1cc(CNC(=O)c2ccc(-c3ccc(C#N)cc3)s2)ccn1,22.48554801940918
N#Cc1ccc2c(c1)nc(-c1cccc(=N)[nH]1)n2C1CCCC1,22.7360782623291
C=c1c(C#N)c(O)n(-c2ccc(C)cc2)c1=C,15.885906219482422
N#Cc1cc(-c2cccnc2)ccc1-c1ccc(N2C(=O)c3ccc4c5c(ccc(c35)C2=O)C(=O)OC4=O)cc1,22.86498260498047
COc1nc(-c2ccc(C#N)cc2)c(C#N)c(=O)c(C)n1,14.784957885742188
COc1ccc2cc3[n+](cc2c1NCCCN(C)C)CCc1cc2c(cc1-3)OCO2,23.884410858154297
Nc1ccc(-c2cc(-c3ccccc3Cl)nc(-c3ccc(N)cc3)n2)cc1,14.291254043579102
Cc1n[nH]c2nc3c(c(-c4ccc(F)cc4)c12)C(O)CC(C)(C)C3,26.785839080810547
CCc1ccccc1N=Cc1c(C)[nH]n(-c2ccccc2)c1=O,21.07744789123535
CN(C)C(=O)C=c1ccc(-c2ccc(N(C)C)cc2)nc1=Cc1ccc2ccccc2c1,31.3248348236084
Nc1ccc(-c2nc(-c3ccc(C(F)F)cc3)nc(-c3ccc(N4CCOCC4)nc3)n2)cc1,23.566083908081055
CC(C)N=c1[nH]c(-c2ccc(C#N)cc2)cc2ncn(C)c(=O)c12,12.426384925842285
Cc1cc(-c2ccc3c(c(C#N)cn3-c3ccc(C#N)cc3)c2F)cc(C)n1,14.589517593383789
Cc1ccccc1NC(=O)Nc1ccc(Oc2ccnc(-c3ccccn3)c2)cc1C(F)(F)F,28.280216217041016
CS(=O)(=O)c1ccc(-n2nc(C#N)nc2-c2ccc(C#N)cc2)c(F)c1,20.614744186401367
O=C(CSc1nc(-c2ccccc2)cc(=O)[nH]1)N=c1ccc(-c2ccccc2)n[nH]1,23.017963409423828
N=c1[nH]c2nc(-c3cncc(CO)c3)ccc2c2cc(-c3ccc(N)nc3)ccc12,33.181236267089844
CN(C)C=Nc1nc2cc(-c3ccc(C#N)cn3)c(-c3ccc(C#N)cc3)cc2c(=N)[nH]1,24.55426597595215
Cc1ccc(-c2nc(-c3cc[n+](C)cc3)[nH]c2-c2ccc(F)cc2)cc1,21.653074264526367
Cc1ccc2cc(N)ccc2n1,15.35081672668457
Cc1ccc(C#N)c(C)c1,15.170557975769043
N#Cc1ccccc1OCC(=O)C(CC(=O)O)NC(=O)OCc1ccccc1,25.972347259521484
Nc1ccc(-c2nc(-c3ccc(Br)cc3)nc(-c3ccc(N4C(=O)c5ccc6c7c(ccc(c57)C4=O)C(=O)OC6=O)cc3)n2)cc1,14.171945571899414
N#CN=CN1CCN(C=O)CC1,9.35461711883545
C[n+]1ccc(Nc2ccc(-c3cc(-c4ccccc4)cc(-c4ccc(-c5nc(Cl)nc(Cl)n5)cc4)c3)cc2)c2ccc(N)cc21,14.221153259277344
CCOc1ccc(NN=C(C#N)C#N)cc1,18.371471405029297
Cc1nc(-c2ccc(N(C)C)cc2)c2c(n1)-c1ccccc1C2=O,19.416479110717773
CC(C)c1ccc(-n2nc(-c3ccc(C#N)cc3)nc2-c2ccc(-n3cc4c5oc(=O)c6cccc(c6c5c3=O)C=C4)nc2)cc1,22.1248779296875
CC#Cc1ccc2c(c1)S(=O)(=O)c1ccccc1C2=O,17.671388626098633
CC(C)n1cc(C#N)c2c[nH]c(=Nc3ccc(C#N)cn3)cc21,20.517576217651367
CCc1ccc2c(c1)C(=O)c1ccc(Nc3ccc(F)cc3F)cc1C(=O)C2=O,22.158872604370117
Nc1ccc(-c2nc(-c3ccc(N)cc3)nc(-c3ccc(-n4nc(-c5ccccn5)nc4N=Cc4ccccc4O)cc3)n2)cc1,20.762903213500977
Cc1ccnc(C(=O)Nc2cccc(C3(Cc4cccnc4)CCOC3)c2)c1,38.73456954956055
CC(C=O)C1CCC2C(CCC3C45C=CC(CCC234)C2(C)C3C(OC3O5)OC(O)C2(C)C)C1,66.79835510253906
CN1C(=O)CC2(N=C1N)c1cc(C#N)ccc1Oc1ccc(-c3ccc(C#N)nc3)cc12,18.126962661743164
Nc1cc(=O)nc(SC=C2CSC3C(NC(=O)Cc4cccs4)C(=O)N3C2C(=O)O)[nH]1,23.008039474487305
Nc1ccc(C(=O)Cn2ccnc2)cc1,16.634424209594727
CNC(=O)c1ccc(-c2ccc3[nH]c(C(=O)c4ccc(N)c(-c5ccc(C#N)cc5)c4)nc3c2)cc1,32.59629821777344
C=Cc1ncc(N)c(-c2cc(N3CCOCC3)ncn2)n1,25.897075653076172
C=c1c(=Cc2ccc(S)cc2)cc(C)n1-c1ccccc1,24.212366104125977
Cc1cc(=O)[nH]c(=O)n1-c1ccccc1,17.17078399658203
CC(C)c1ccc(-n2cnc3c(cnc4ccc(C#N)cc43)c2=O)cc1,18.913841247558594
COC(=O)c1ccc(-c2ccc(-c3ccc(CC#N)o3)cn2)cc1,26.311996459960938
CC(=O)C=Cc1ccc(O)cc1,13.456445693969727
O=C1NCCc2cc(C#Cc3ccccn3)ccc21,20.458003997802734
Nc1cc2c(O)c(N=Cc3ccc(-c4nc(-c5ccc(C=O)cc5)nc(-c5ccc(C=O)cc5)n4)cc3)c(O)c(O)c2c(O)c1N,23.80430793762207
Cc1ccccc1-c1cc(F)c(C#N)cc1F,21.301271438598633
Nc1ccc(-c2nc(-c3ccc(N4Cc5ccc6ccccc6c5C4=O)cc3)nc(-c3ccccc3F)n2)cc1,14.759708404541016
Cc1ccc(OCc2c(-c3ccc(C#N)cc3)noc2C)cc1,21.864458084106445
Cn1c2ccccc2c2nc(-c3ccccc3)nc(C(N)=O)c21,21.180042266845703
N#Cc1ccc(-c2ccc(N)nc2)cc1Cn1cnc2c(=N)[nH]c(=N)[nH]c21,25.548059463500977
N#Cc1ccc(-c2ccc3c(c2)CNC3=O)cc1,10.984413146972656
Cc1noc(-c2ccc(-c3cc(-c4ccccc4)cc(-c4ccccc4)c3)cc2)n1,14.623397827148438
N=c1oc2ccccc2c(=O)cc1-c1ccccc1,23.952238082885742
Cc1nc2cc(N)ncc2nc1-c1ccc(C#N)cc1,22.571088790893555
Cc1nc(-c2ccc(-n3cc(C#N)cc3-c3ccc(C#N)cc3)cc2)nc(N(C)C)n1,20.74724006652832
Nc1cc2c(=O)c(C(=O)O)cn(C3CC3)c2cc1N1CCN(C=O)CC1,17.64838981628418
N#Cc1ccc(N=Cc2ccc3c4c(cccc24)C(=O)N(c2ccc(-c4nc(-c5ccc(N)cc5)nc(-c5ccco5)n4)cc2)C3=O)cc1,15.92840576171875
N#Cc1cccc(-c2ccc(-c3ccc(C(=O)OCCN4CCN(C=O)CC4)c(O)c3)cc2)c1,30.643239974975586
N#Cc1ccc(-c2ccc(C#N)s2)nc1,15.257312774658203
Clc1nc(Cl)nc(-[n+]2ccc(-c3ccccc3)cc2)n1,9.12160873413086
O=S(=O)(NCc1ccccc1)c1ccc2[nH]c(O)c(N=Nc3cccc(Cl)c3)c2c1,27.294374465942383
N#Cc1ccc(-n2[nH]c(=O)c3sc(N)c(C#N)c32)cc1,17.384414672851562
CC1(C(=O)O)CCCC2(C)c3ccc(-c4cccc(C#N)c4)cc3OC12,22.751543045043945
C=CCN1C(C(=O)O)=COc2ccc([N+](=O)[O-])cc21,32.74252700805664
Cn1c(-c2ccc(NC(=O)c3ccc(Cl)cc3)cc2)nc2ccccc21,22.551258087158203
N#Cc1ccc(-c2ccc(-c3cc(-c4ccccc4)cc(-c4ccc(-c5nc(Cl)nc(Cl)n5)cc4)c3)cc2)cc1,10.538166999816895
Nc1ccc(-c2nc(-c3ccc(N)cc3)nc(-c3ccc(-n4cc5ccc6cccc7c(=O)oc(=O)c(c4=O)c5c67)cc3)n2)cc1,11.429057121276855
N#Cc1ccc(-n2c(=O)c3cc4c(=O)n(-c5cccc(C#N)c5)c(=O)c4cc3c2=O)cc1,12.146994590759277
N#Cc1nc(N)c(C#N)nc1N,12.94493579864502
C#CC(C)(C)c1ccc(N(C)C(=O)OCC)cc1,28.27051544189453
N#CC(C#N)=Cc1cn(-c2ccc(C#N)cc2)nc1-c1ccc(C#N)cc1,12.568229675292969
CN1CCN(c2ccc(-c3ccc(CCNCCOc4ccccc4)cc3)cc2)C(=O)C1,28.154939651489258
O=C1c2cccc3cccc(c23)C(=O)N1O,15.47689437866211
COC(=O)c1ccc(-c2cc(C#N)ccc2C#N)cc1,20.797182083129883
C=CCn1c(C#N)c(-c2ccc(C#N)cc2)c2cc(C#N)ccc2c1=O,19.97785758972168
COc1oc(=O)c(C=Nc2ccc(-c3nc(-c4ccc(N)nc4)nc(-c4cnccn4)n3)cn2)c(O)c1C#N,22.083057403564453
Cn1cc(C#N)nc1-c1ccc(-c2ccc(NC(=O)C(CN)c3ccccc3)c(C#N)c2)cc1,29.774452209472656
N#Cc1ccc(-c2cc3nccc(N)c3c(=O)n2-c2ccccn2)cc1,16.009883880615234
N#Cc1ccc(N=c2[nH]c(=Nc3ccc(C#N)c(C#N)c3)[nH]cc2F)cc1,23.497608184814453
CC(=NNC(=O)c1cc(-c2nc(-c3ccc(N=Cc4ccc(C)cc4)cc3)n[nH]2)ccc1O)c1ccc(N)cc1,30.425933837890625
Nc1ccc(-c2nc(-c3ccncc3)nc(-c3ccc(N4C(=O)c5ccc6c7c(ccc(c57)C4=O)C(=O)OC6=O)cc3)n2)cc1,10.570619583129883
CCCNC(=O)c1ccc(NS(=O)(=O)c2cn(C)cn2)cc1,26.2465877532959
O=Cc1ccc(-c2ccc(C=CC(=O)c3ccc(-c4ccccc4)cc3)cc2)cc1,14.366353034973145
O=S(=O)(Nc1cc(O)c(N=Cc2ccc(O)c(F)c2)cc1O)c1ccccc1,17.69321632385254
Nc1ccc(-c2ccc(-c3ccc(C=O)cc3)nn2)cc1N,16.14346694946289
NC1=CC2=CC=CC(=C3C(=C1)C(=O)N3c1ccc(-c3nc(-c4ccc(N)cc4)nc(-c4cccc(Cl)c4)n3)cc1)C2=O,20.241212844848633
CC1(C)C(=O)N(c2ccc(-c3ccc(-c4ccnc(-c5ccc(N6CCOCC6)nc5)n4)cc3)cc2)c2ccc(Cl)cc21,32.09410858154297
O=C1c2ccccc2C(=O)N1CCc1ccc(O)cc1,15.791560173034668
Nc1ccc(-c2nc(-c3ccc(N4C(=O)c5ccccc5C4=O)cc3)cc(-c3ccc(-n4c(=O)c5cc6c(=O)oc(=O)c6cc5c4=O)cc3)n2)cc1,15.512714385986328
N#Cc1ccc(N=c2ncc(C#N)c(-c3ccc(N4CCOCC4)cc3)[nH]2)cc1,17.516502380371094
Cc1ccc(-c2nc(-c3ccc(N)cc3)nc(-c3ccc(CCc4ccc(C#N)cc4)s3)n2)cc1,21.82330894470215
Cc1cc(O)cc(C=C(C#N)C#N)c1,18.20284080505371
CC1=CC(C)(C)c2ccc(NN=Cc3cncc4ccccc34)cc21,34.59920120239258
Cc1cc(-c2cc(-c3ccc(N)cc3)cc(-c3ccc(N)cc3)n2)cc(O)c1O,17.260631561279297
N#Cc1ccc(-c2nn(-c3ccc(C(N)=O)cc3)cc2-c2ccccc2)cc1,14.84144401550293
C#Cc1cc(-c2ccc(C=CC(O)=NO)cc2)ccc1C#N,23.09908676147461
Cc1ccc(NC(=O)c2cc(-c3cccc(C(F)(F)F)c3)on2)cc1NC(=O)c1ccc(N=C=S)cc1,37.56507110595703
N=C(N)CCC(NO)C(=O)O,25.964256286621094
N#Cc1ccc(-c2cc(=O)n(CC(=O)Nc3cccc(C#N)c3)cc2C#N)cc1,21.485759735107422
Cc1ccc(NCC(=O)NN=Cc2ccc(O)c(O)c2)cc1,18.86128044128418
N#Cc1ccc(-n2cc(-c3ccccc3)cn2)cc1,12.690305709838867
N#CC(C#N)=Cc1cc(O)cc(O)c1,12.856846809387207
Cn1c2c(c3ccc(C#N)cc31)C(=O)c1cc3c(cc1C2=O)OCO3,14.469419479370117
N#CC(C#N)=C(C#N)C#N,17.727561950683594
O=C1C=CC(=NS(=O)(=O)c2ccccc2)C=C1C=Cc1ccc(-c2ccccc2)cc1,29.77587127685547
N#Cc1ccc2cc(S(=O)(=O)N=c3ccc(Cl)c[nH]3)ccc2c1,18.053829193115234
Nc1nc(N=Cc2cc(Br)cc(Br)c2O)nc(OCc2ccc([N+](=O)[O-])cc2)n1,28.418943405151367
CN1CCN(c2ccc(-c3cc(-c4ccc(C(=O)O)cc4)nc(-c4ccc(N)cc4)n3)cc2)CC1,17.919662475585938
Nc1cc(N)nc(SCc2ccc(Cl)nc2)n1,19.91893768310547
CCn1cc(C(=O)O)c(=O)c2cc3c(=O)n(-c4ccc(C#N)cc4)nc(-c4ccc(C#N)cc4)c3cc21,15.754669189453125
CCN(CC)C(=O)c1ccc(N(Cc2ccsc2)C(=O)c2cc(C(C)C)c(O)cc2O)cc1,29.451068878173828
Nc1ccc(-c2cc(-c3ccc(N)cc3)nc(-[n+]3ccccc3)n2)cc1,12.207990646362305
Cc1ccc(S(=O)(=O)NC2=NS(=O)(=O)c3cc(F)ccc32)cc1,30.53165054321289
COC(=O)c1c(-c2ccc(N(C)C)cc2)nn(-c2cc(N)ccc2-c2nc(-c3ccc(N)cc3)nc(-c3ccc(N)cc3)n2)c1N,31.79790496826172
Nc1ccc(-c2c[nH]nc2-c2ccccc2)cc1,15.038651466369629
N#Cc1ccc(-c2ccc3cc(O)ccc3c2)cc1,14.006391525268555
Nc1ccc(-c2csc(=NN=Cc3ccccc3)n2-c2ccccc2)cc1,19.575279235839844
C#CCOc1ccc(C=Cc2cccc(-c3nc(-c4ccc(N)cc4)nc(-c4ccc(N)cc4)n3)c2)cc1C#N,26.942092895507812
CC(C)c1ccc(-n2c(-c3ccc(C#N)cc3)cc3c(=N)[nH]cnc32)cc1,20.38503074645996
O=C1c2ccccc2C2=Nc3[nH]c(=O)[nH]c(=O)c3C(c3ccccc3)C12,20.138607025146484
N#CC(=Cc1ccc(O)cc1O)c1nc2ccccc2[nH]1,19.832565307617188
O=C(CSc1nc(=O)cc[nH]1)Nc1cccc(Cl)c1,23.556312561035156
Cc1cc(C#N)ccc1-c1cc(-c2ccc(C#N)cc2)nc(-c2cccs2)n1,21.270030975341797
N#Cc1ccc(-c2ccc(C(O)C(F)(F)F)cn2)nc1,17.219762802124023
C=CCN(C)C(=O)c1ccc(-c2ccc(C#N)cn2)nc1-c1ccc(C)cc1,24.00471305847168
Nc1ccc(-c2nc(-c3ccccc3)nc(-c3ccc(N4C(=O)c5cccc6cccc(c56)C4=O)cc3)n2)cc1,9.338237762451172
CCCc1cc2c(cc(-c3ccc(C#N)cc3)n2-c2ccc(C#N)cc2)n1-c1ccc(C#N)cc1,18.540302276611328
CNc1ccc(-c2ccc(Cc3ccccc3Cl)cc2)cc1,24.880048751831055
Cc1cc(C)n(Cc2ccsc2)c(=O)c1C#N,20.84217071533203
N#Cc1c(-c2ccco2)cc(-c2ccc(N)cc2)[nH]c1=N,13.984197616577148
COc1cc(-c2cc(=O)c3cc4c(cc3o2)OCO4)ccc1O,19.590702056884766
Cc1nc([S+]([O-])Cc2ccc(C#N)cc2)c2ccccc2n1,24.93484115600586
Nc1ccc(-c2cc(=O)c3ccc(O)cc3o2)cc1,14.713034629821777
CC(C)Cc1ccc(C#N)cc1,13.09310531616211
Clc1ccc(-c2cc(-c3ccccc3)cc(-c3ccc(-c4nc(Cl)nc(Cl)n4)cc3)c2)cc1,11.214991569519043
O=c1c(-c2ccc(N=NN3CCOCC3)cc2)coc2cc(O)cc(O)c12,29.652406692504883
N#Cc1ccc(C(=O)Nc2ccc(F)c(C#N)c2)cc1,15.074172973632812
Cc1nn(-c2nc3cc4c(cc3s2)OCO4)c2cc(-c3ccc(N)nc3)nc(N3CCOCC3)c12,29.33453369140625
Cc1oc(-c2ccc(Cl)cc2)nc1Cn1ccnc1C#N,24.967294692993164
Cn1c(=NN=Cc2cn(-c3ccccc3)nc2-c2ccc(C#N)cc2)[nH]c2cc(-c3ccc(N)cc3)sc2c1=O,23.715505599975586
Cc1cccc2ccc(-c3cccc(-c4cc(-c5ccccc5)cc(-c5ccccc5)c4)c3)nc12,18.116016387939453
Nc1ccc(-c2nc(-c3ccc(N)cc3)nc(-c3ccc(Oc4ccccc4)cc3)n2)cc1,13.414247512817383
Cc1nc(-c2nc3c(cnn3-c3ccccc3)c(=O)n2C)n(C)n1,24.61720085144043
Cn1ccc2ccc(-c3ccc4[nH]c(=NS(=O)(=O)c5ccc(C#N)cc5)n(-c5ccc(C#N)cc5)c4c3)cc21,37.364681243896484
C#Cc1ccc(-c2cc3nccc(Oc4ccc(NC(=O)N(C)C5CCOCC5)cc4)c3s2)cc1F,31.71051025390625
Cc1c(N)c(C)c2c(=O)c3c(O)cc(O)cc3oc2c1C,20.335491180419922
Cc1ccc(C=Nc2ccc(-c3cc(C#N)nc(-c4ccc(C#N)cc4)n3)cn2)c(O)c1,21.18508529663086
N#Cc1ccc(-c2cnc3ccc(-c4ccc(CN5CCOCC5)nc4)cc3c2)cc1,25.4415340423584
Cc1cc(C=O)c(O)c(C=Nc2ncc(-c3ccc(-c4ccc(C#N)cc4)cc3)cc2C)c1,19.642759323120117
Cc1cccc(C)c1-c1cc2ncn(C)c(=O)c2c(=NCCO)[nH]1,22.485694885253906
Clc1nc(Cl)nc(-c2ccc(-c3cc(-c4ccccc4)cc(-c4cccs4)c3)cc2)n1,10.4231595993042
Nc1cc(O)c(N=Cc2ccc(CN3CCCC3)c(O)c2O)cc1O,17.77457618713379
Cn1c(-c2ccc(C#N)cc2)nnc1-c1ccc(C#N)cc1,13.727517127990723
Cc1ccc(-c2cc(-c3ccccc3)[n+](-c3ccc(S(N)(=O)=O)cc3)c(-c3ccc(C)cc3)c2)cc1,14.556078910827637
COc1ccc(C(=O)C=Cc2cc(-c3ccc(C#N)cc3)cc(OC)c2OC)cc1N,25.93938446044922
C=CC(=O)Nc1ccc(CN=c2[nH]c3ccc(C#N)cc3[nH]c2=NC(C)c2ccc(C(F)(F)F)cc2)cc1,25.537120819091797
COc1cc(C=NN(C)c2nc3ccccc3nc2C=Cc2cccc3ccccc23)ccc1O,33.358585357666016
CNc1ccc(-c2nc(C#N)c(-c3ccc(C#N)cc3)o2)cc1,15.856294631958008
Cc1ccc(-n2cc(C(O)NCCCN3CC(C)CC(C)C3)cc2O)cc1C,24.419376373291016
C[n+]1ccc(-c2c3c(c(C#N)c4ccccc24)-c2ccccc2C3=O)cc1,21.793983459472656
N#Cc1nc2ccccc2nc1CN1CCCC1C(N)=O,29.586700439453125
N#Cc1ccc(C2CN(c3ccc(C#N)cn3)CCN2C(=O)C2CCS(=O)(=O)CC2)cc1,14.89277172088623
NC(=O)c1cc(O)c(O)cc1C(=O)O,19.911579132080078
Cc1ccc(-n2c(-c3ccc(C#N)cc3)cc3c(cc(-c4ccc(C#N)cc4)n3-c3ccc(C#N)cc3)c2=O)cc1N,21.135513305664062
N#Cc1nc(Cc2ccc(=O)[nH]n2)oc1N,22.62380027770996
Cc1nn(-c2ccc(C#N)cn2)c(C)c1C#N,17.999216079711914
N#Cc1ccc2[nH]c(-c3ccc(N)nc3)nc2c1,10.868736267089844
N#Cc1ccc2ccccc2c1C#N,14.730756759643555
Cc1nc(-c2nccc(CO)n2)cc(=NC(C)C)[nH]1,28.027320861816406
N#Cc1ccc(C#Cc2cccnc2)cc1,12.896928787231445
Cc1cccc(CN2CCC3(CNCc4cnn(C)c43)C2)n1,32.85271072387695
Cn1cc(-c2ccc(N=c3nc(-c4ccc(N5CCCCC5)nc4)cc[nH]3)cc2)c2cnn(C)c2c1=O,28.205612182617188
Cc1cc(N2CCN(C(=O)c3ccc(C#N)cc3)CC2)n2nc(-c3ccc(C#N)cc3)cc2n1,13.805519104003906
Cc1nc(-c2ccc(C(=O)N3CC(C)(O)C3)cc2F)ccc1C(C)(C)O,35.32783508300781
N#Cc1ccc(-c2ccc(-c3csc(C(=O)Nc4ccc(N)nc4)n3)cn2)cc1,23.250896453857422
Oc1ccc(-c2ccc(-c3ccc(O)c(O)c3)cc2)cc1,15.963748931884766
CC1(C)CC(C(=O)N2CCC(c3cc(C#N)ccn3)CC2)C1,26.565866470336914
Cc1nc(-c2ccc3ncsc3c2)cc(=NCc2conc2-c2ccc(C#N)cc2)[nH]1,21.243637084960938
CN(C)c1ccc(C=Nc2ccc(-c3nc(-c4ccc(C=Nc5cc(O)c(N)cc5O)cc4)[nH]c(=N)n3)n2-c2ccc(N=c3[nH]c(-c4ccc(N)cc4)nc(=N)[nH]3)cc2)cc1,26.778196334838867
Nc1ccc(CNC(=O)N2CCC3(C=Cc4ccccc43)CC2)cc1,21.20636558532715
N#Cc1ccc(C#N)c(F)c1F,11.755574226379395
N#Cc1c(N2CCN(C=O)CC2)c2ccccc2oc1=O,23.520048141479492
CC(C)c1ccc(-n2c3ccccc3c3nnc(-c4ccc(C#N)cc4)cc32)cc1,16.018320083618164
O=C(c1cccs1)N1CCc2ccccc21,18.33010482788086
Cc1ccc(-c2nc(N3CCOCC3)nc(-c3ccccc3)c2C=NN=CC=C2c3ccccc3C(=O)c3ccccc32)cc1,31.67873764038086
O=Cc1c(O)cc(O)c(C(=O)C=Cc2ccc(O)cc2)c1O,18.893985748291016
N#Cc1ccc(-c2cnc(N3CCOCC3)nc2-c2ccc(C#N)cc2)cc1,12.891793251037598
Cc1ccc(-n2c(N)c(-c3nc4ccc(N)cc4s3)sc2=S)cc1,25.131120681762695
N#Cc1ccc(N=c2nc(C(N)c3ccc(C#N)cc3)cc[nH]2)cc1,21.019357681274414
CC[n+]1cc(-c2nc(-c3ccc(N)cc3)nc(-c3ccc(C=O)cc3)n2)ccc1N,19.78191375732422
Nc1ccc(-c2ccc(-c3cnc(-c4ccc([N+](=O)[O-])cc4)c(-c4ccccc4)n3)cc2)cc1NC(=O)C=Cc1ccc(O)cc1,42.660789489746094
N#CCOC(=O)Cc1ccc(-c2ccc(C#N)cc2)cc1,19.557052612304688
N#CCC=CF,20.05864906311035
NC(=O)c1cccc2[nH]c(-c3ccccc3)nc12,17.335176467895508
CCOc1ccc(NC(=O)CN(CC)C(=O)COc2ccc(C#N)cc2)cc1,27.21892547607422
N#Cc1ccc(-c2ccc3nccc(-c4ccc(CN)c(N)c4)c3c2)nc1,26.249710083007812
Nc1ccc(-c2ncnc(-c3ccc(N)cc3)n2)cc1,10.426223754882812
N#Cc1c(-c2ccc(Cl)cc2)cc(-c2ccc(Cl)cc2)n2ncnc12,16.983396530151367
Nc1cc(=O)[nH]c(SCCCCc2ccccc2)n1,17.054100036621094
N#Cc1ccc(-c2ccc3nc[nH]c(=Nc4ccc(F)cc4)c3c2)cc1,18.570302963256836
Cc1cn(C=Cc2ccc(Cl)cc2)c(=O)[nH]c1=O,25.601224899291992
CNC(=O)c1ccc(CS(=O)(=O)C=Cc2ccc(C)cc2)o1,26.913009643554688
N#Cc1ccc(-c2nc(-c3ccc(N)c([N+](=O)[O-])c3)ccc2C#N)cc1,24.317174911499023
Cc1cc(N=S(C)(C)=O)cc2nc[nH]c(=Nc3ccc(F)cc3F)c12,20.701627731323242
Nc1ccc(-c2nc(-c3ccc(N)cc3)nc(-c3ccc(N=Cc4cc(C=O)c(O)c(C=O)c4O)nc3)n2)cc1,11.29257583618164
N#Cc1ccc(NC(=O)COc2ccc3ccc(=O)oc3c2)cc1,22.900930404663086
N#Cc1ccc(-c2ccc(SC(=O)c3ccccc3)cc2)cc1,20.769107818603516
Cc1cccc(C=NNC(=O)c2c(C)nc3ccccn23)c1O,22.110029220581055
C#CCN=c1nc(N2CCc3cc(OC)c(OC)cc3C2)[nH]c(=Nc2ccc(C#N)cc2)[nH]1,24.816795349121094
N#Cc1ccc(C=Cc2nc(-c3ccc(C#N)cc3)nc(-c3ccc(C#N)cc3)n2)cc1,15.738091468811035
c1ccc(-c2ccccc2)cc1,12.064231872558594
Cc1ccc2nn(-c3ccc(N)cc3)nc2c1,23.973134994506836
O=c1nc(-c2ccccc2-c2ccc(CSc3nc(-c4ccc(C(F)(F)F)cc4)c(-c4ccccc4)[nH]3)cc2)[nH]o1,27.414979934692383
N#Cc1ccc(-c2cc(Cc3ccccn3)nc(-c3ccc(N)cc3)n2)cc1,19.500072479248047
Cc1cc(C)cc(-c2c(-c3ccc(C#N)cc3)c3ccc(C#N)cc3n2C)c1,18.165306091308594
Cc1ccc(C(=O)N2CCc3cc(CNC(=O)C(C)C)ccc32)cc1,23.29703712463379
ON=C(O)c1cccc(OCc2ccccc2)c1,19.867578506469727
Nc1ccc2nc(-c3ccc(F)cc3)c(=O)n(C(CO)CO)c2c1,26.934192657470703
CCC=CC(=O)C=Cc1ccc(OC)c(OC)c1,23.48381805419922
N#Cc1ccc(-n2ncc3c(C#N)c4ccccc4c(C#N)c32)cc1,14.686904907226562
Cc1cc(=O)oc2cc3c(cc2c1=O)C(=O)C(O)C1C(C)(C)CCCC31C,22.275569915771484
N#Cc1ccc(-c2nc(-c3ccc(N)nc3)ccc2-c2cccc(N)c2)cc1,21.961318969726562
CC(C)=CCc1c(C=Nc2ccc(-c3nc(-c4ccc(N)cc4)nc(-c4ccc(C#N)cc4)n3)cn2)cc(O)c(C=O)c1O,19.414560317993164
CC1=Nc2ccc(-c3ccc(C#N)cc3)cc2C2=NCCCN12,21.32042121887207
Cc1ccccc1-c1cc(-c2ccc(N3CCOCC3)nc2)nc(-c2ncc(C#N)cc2O)n1,23.926149368286133
O=C(O)C1C(c2ccc(-c3ccccc3)cc2)CC2CCCC21,21.02287483215332
N#Cc1ccc(N2CCN(S(=O)(=O)c3ccc(N4CCOCC4)nc3)CC2)cc1,21.065088272094727
N#Cc1cccc(Cn2ccnc2)c1,16.072378158569336
CN(C)c1ccc(C=CC(=O)Nc2cccc(S(N)(=O)=O)c2)cc1,24.84217071533203
C=CCC=CCC=CCCC=CCC=CCC=CCC=CC1C=CC(C#N)C1,30.98147964477539
Cc1cc[nH]c(=NCC(=O)N2C(=O)N(c3cccc(C(F)(F)F)c3)C3=C(C(=O)CC3)C2c2ccc(C#N)cc2)n1,26.112028121948242
Cc1c(C#N)cc(C#N)c(=O)n1-c1ccc(C#N)cc1,14.524950981140137
N#Cc1ccc(-c2cc(=O)[nH]c(=N)[nH]2)cc1,13.265119552612305
N#Cc1ccc(-c2cn(-c3ccc(C#N)cc3)cc2C#N)cc1,12.012446403503418
CC(C)=CCC=C(C)CO,18.949193954467773
Nc1ccc(-c2nnn(Cc3ccccc3)n2)cc1,13.179003715515137
Cc1ccc(C=Nn2cnnc2)cc1,15.328699111938477
Nc1cccc(N=Cc2cc(O)n(-c3ccc(C(=O)O)cc3)c2O)c1,27.374610900878906
CC1(C)C(=O)Nc2cc(-c3ccc(C#N)cc3)ccc21,10.677918434143066
C#Cc1cccc(C#N)c1,8.766658782958984
N#Cc1ccc(N=c2ncc3c(=O)n(-c4ccc(C#N)cc4)cnc3[nH]2)cc1,12.568824768066406
Cn1c(=O)c2c(-c3ccc(O)cc3)cc(-c3ccc(C#N)cc3)nc2n(C)c1=O,17.720300674438477
Cc1ccc2nc(-n3c(-c4ccc(C#N)cc4)cc4nnc(-c5ccc(C#N)cc5)cc43)sc2c1,11.001019477844238
N#Cc1ccc(-n2[nH]c(=O)c3cc4c(cc3c2=O)C(=O)OC4=O)cc1,10.637495040893555
C=Cc1c(C#N)c2cc(-c3cccc(C(=O)NCCN(C)C)c3)ccc2n1-c1ccc(C#N)cc1,32.4680290222168
C#Cc1cc2c(cc1C#N)CC(NCCO)CO2,28.556842803955078
CCc1cc(=O)n2[nH]c(C)c(-c3ccc(C#N)cc3)c2n1,17.469778060913086
Cc1cc(O)c(C=NCCc2ccc(N)cc2)c(=O)o1,18.39242935180664
Cc1ccc(-c2nc(-c3cccnc3)nnc2-c2ccccc2)cc1,14.188885688781738
CCCN(CCC)c1nc2ccccc2n2cnnc12,23.893991470336914
[O-][n+]1c(-c2ccccc2)cc(-c2ccc(-c3cc(-c4ccccc4)cc(-c4ccc(-c5nc(Cl)nc(Cl)n5)cc4)c3)cc2)nc1Cl,17.21894073486328
COCc1nnc(-c2ccc(-c3ccc(C#N)cc3)cc2)n1-c1ccc(C#N)cc1,18.180631637573242
O=CNc1ccc2c(-c3ccc(-c4nc[nH]n4)cc3)cnn2c1,22.97278594970703
CCC(C#N)=Cc1ccnc2ccccc12,21.59065055847168
Cc1nnc(-c2ccc(-c3ccc(C#N)cc3)cc2)n1-c1ccc(C#N)cc1,10.529247283935547
Cc1ccc(CNC(O)c2cc(O)n(-c3ccccc3)c2)cc1,17.42267608642578
N#Cc1ccc(N2CCN(Cc3ccc(-c4ccccc4)cc3)CC2)cc1,20.151811599731445
NC(=NO)c1ccc(-c2ncc(-c3cccc(C=C4C(=O)NC(=O)NC4=O)c3)s2)cc1,28.273500442504883
N#Cc1ccc(NC(=O)c2ccc(-c3ccc(C#N)cc3)cc2)cc1,12.85434627532959
N#Cc1ccc(-c2cnc(N3CCCC3)nc2-c2ccc(C#N)cc2)cc1,11.150446891784668
COc1ccc(NCc2nnc(SCC(=O)Nc3sc4c(c3C#N)CCCC4)n2C)cc1,25.42983627319336
CCC1(C(=O)CC=Nc2ccc(C#N)cc2)C(=O)Nc2ccc(C#N)cc21,29.034317016601562
N#Cc1ccc(NC(=O)c2ccc(C(=O)Nc3cccc(C#N)c3)cc2)cc1,19.025625228881836
Cc1n[nH]c(=NC(=O)C2C(c3ccc(C(C)(C)C)cc3)=CCc3ccccc32)s1,30.1900634765625
CN(C)c1ccc(-c2nc(-c3ccncc3)cc(N(C)Cc3ccc(C#N)cc3)n2)cc1,21.284629821777344
Oc1ccc(-c2cc(-c3ccc(Cl)cc3)cc(-c3ccc(Cl)cc3)n2)cc1,11.187093734741211
N#Cc1ccc(-c2cc(C(=O)O)n3ncc(-c4ccc(F)cc4)c3n2)cc1,20.630538940429688
N#Cc1ccc(-c2nc(-c3ccc(N)nc3)nc(-c3c[nH]c4ncc(-c5cccnc5)cc34)n2)cc1,19.73048973083496
N#Cc1ccc(-c2ccc(-c3ccc(-c4ccc(NC5CCCC5)cc4)cc3)cc2)c(-c2ccc(C(=O)O)cn2)c1,35.85222244262695
OC(C1=COc2ccc3c(c2C1)OCC3)c1ccccc1,28.535289764404297
Cc1nc2ccccc2c2c1n(C)c(=NC(=O)CC1CCN(C=O)CC1)c(=O)n2C,30.48763656616211
CC(=NN=c1scc(-c2ccc(N)cc2)n1-c1ccc(Cl)cc1)c1ccccc1,21.465391159057617
N#CC=Cc1ccc2c(c1)Cc1cc(C#N)ccc1-2,16.13056182861328
O=C(N=c1cc(-c2ccc(Cl)cc2)[nH]c(-c2ccccn2)n1)c1ccccc1Cl,20.279550552368164
Cc1cc(C)c(O)c(C=O)c1,15.180246353149414
CC1(C)Nc2ccccc2-c2c1sc1c2C(=O)N(c2ccc(O)cc2)C1=O,21.08601951599121
CC(C)(C)NC(=O)CN1C(=O)C(NC(=S)Nc2ccc(N=C=S)cc2)C(=O)N(c2ccccc2)c2ccccc21,28.494983673095703
CCOCCN=c1[nH]c(C)nc2c1nc(-c1ccc(Cl)cc1)n2-c1ccc(Cl)cc1,24.97620964050293
COc1ccc2c(=O)c(-c3ccc(C#N)cc3)coc2c1,18.45832633972168
CCCc1ncc(CN2CCCC2CO)c(-c2ccc(C#N)cc2)n1,23.16126251220703
Cc1ccc(-c2cc(-c3ccc(N)cc3)nc(-c3ccc(-c4nc(Cl)nc(Cl)n4)cc3)c2)cc1,16.944927215576172
O=C(O)c1ccc(-n2cc(-c3ccccc3)cn2)cc1,14.189690589904785
CCCc1ccc(-c2ccc(C#N)cc2)n1-c1ccc(C#N)cc1,11.927581787109375
Cc1sc(=NC(CC#N)c2ccc(C(C)(C)C)cc2)[nH]c1-c1ccc(Cl)cc1,32.30653762817383
Cc1ccc2c(c1)c(=O)c1nc3ccccc3nc1n2C,21.921348571777344
CCn1cnc2c(ccn2Cc2ccc(-c3ccc(C#N)cc3F)nc2)c1=O,30.63754653930664
Cn1ccc(=NC(=O)c2cccc(C#N)c2)[nH]1,21.31353187561035
O=[N+]([O-])c1ccc(-c2ccc(-c3ccc4[nH]c5ccccc5c4n3)cc2)cc1,26.364717483520508
NC(=O)N1c2ccccc2C=Cc2ccccc21,15.10380744934082
Cc1ccc(C(=O)N=C(Cc2ccc(C#N)cc2)C(=O)N2CCCC2)cc1,20.1412296295166
N#Cc1ccc(-c2cc(-c3cccc(C#N)n3)ncn2)cc1,12.326823234558105
C=Cc1ccc(-c2ccc(C=Cc3ccc(CC=C(C)C(C)(C)C)c(O)c3)c(C)n2)cc1,32.842613220214844
CN(C)c1ccc(C=Nc2cc(O)c(N=Cc3ccc(N(C)C)cc3)cc2O)cc1,13.011673927307129
O=C(O)c1cc2cc3ccccc3cc2[nH]c1=O,22.382747650146484
c1cnc2nnc(-c3ccncc3)n2c1,17.863536834716797
N#Cc1ccc(-c2nc3ccc([N+](=O)[O-])cc3nc2-c2ccccc2)cc1,18.6391658782959
CCOc1nc(C#N)ncc1-c1cc(C#N)cc(C(F)(F)F)c1,26.246042251586914
C#Cc1cc(F)c(-c2cc3c(-c4ccc(C#N)cc4)cc(C#N)nc3n2C)cc1F,25.076595306396484
CN1CCN(c2ccc(-c3cc(-c4ccc(N)nc4)nc(C#N)n3)cn2)CC1,16.540756225585938
O=c1cc(-c2ccc(O)cc2)oc2cc(O)ccc12,14.687501907348633
N#Cc1ccc(-c2cnc3[nH]c(=N)n(-c4ccccn4)c3c2)cc1,22.059406280517578
N#Cc1ccc(-n2cnnc2)cc1,10.662797927856445
CCC(c1nc2ccccc2c(=O)n1-c1ccc(C#N)cc1)N(CCCN)C(=O)c1ccc(C#N)cc1,25.075592041015625
Cc1ccc2c(=O)c(C#N)cc(-c3ccccc3)nc2c1,23.47224998474121
CCCCCn1c(=O)c2cc3c(cc2c(=O)n1-c1ccc(C#N)cc1)OCO3,20.19394874572754
N#Cc1cccc(CC(=O)Nc2sc3c(c2C(N)=O)CCC3)c1,26.71936798095703
Cc1cc(=O)oc2c(C)c3c(cc12)C(=O)C(C)C(C)O3,22.716716766357422
COc1ccc(-c2cc(-c3ccc(O)cc3)[nH]c(=NN=Cc3ccccc3)n2)cc1,14.329018592834473
N#CC(=C(c1ccc(O)cc1)c1ccc(OCCN2CCOCC2)cc1)c1ccc(O)cc1,21.479263305664062
N#CC(C#N)=Cc1cccc2ccccc12,16.85426902770996
Cc1nc(-c2ncccn2)sc1C(=O)Nc1ccccc1C#N,25.57948875427246
Cc1cccc(NC(=O)c2ccc(-c3cccc(O)c3)cc2)c1,26.339895248413086
N#Cc1ccc(CSCc2ccc(N)cc2)cc1,19.326425552368164
CC(C)c1ccc(-n2cnc3cc(C#N)cnc32)cc1,16.529220581054688
NC(=O)c1ccc(-c2cnc3cc(-c4cccs4)ccn23)cc1,19.78853416442871
CCCN(CC)c1cccc(-c2nc(-c3ccc(N)nc3)nc(-c3ccc(N4CCOCC4)nc3)n2)c1C,24.64737319946289
C=C(C=CC)C(C)=O,19.481021881103516
CCC1CCN(c2ncc(-c3ccc(-c4ccc(C#N)cc4)cc3)cn2)CC1,28.01299476623535
NC(N)=NCc1cc(O)cc(Br)n1,22.930261611938477
O=[N+]([O-])C=Cc1cc2c(ccc3ccccc32)o1,24.337875366210938
N#Cc1ccc(-c2cc(-c3cccc(N=c4[nH]cnc5ccccc45)c3)nc(-c3ccc(N)cc3)n2)cc1,21.403789520263672
N#Cc1ccc(C=c2sc3nc(=O)c(=Cc4ccccc4O)[nH]n3c2=O)cc1,27.746559143066406
COC(=O)c1cc(O)n(-c2ccc(O)cc2)c1C,19.29863929748535
Cc1ccc(-n2nc(-c3ccc(O)cc3)n3c(cc4cc(C)ccc43)c2=O)cc1,18.690080642700195
N#Cc1ccc(-c2cnc(N3CCCC4(CCO4)C3)nc2)cn1,27.080835342407227
N=C(N)c1ccc2[nH]c(-c3ccc(Oc4ccc(-c5nc6ccccc6c(C(=O)O)c5Br)cn4)cc3)nc2c1,35.296573638916016
Cc1ccc(-n2c(O)c3c(c2O)C(c2ccc(F)cc2)N2C(=O)c4ccc(N)cc4NC32)cc1,30.335018157958984
N#Cc1ccc(N=c2nc[nH]c3cc(-c4ccc(CNS(N)(=O)=O)s4)ccc23)cc1O,24.543861389160156
N#Cc1ccc(-c2ccc3c(c2)C(=O)C(=Cc2ccc(C=NO)nc2)C3)cc1,24.71232795715332
N#Cc1ccc(-n2cccn2)cc1,11.793619155883789
CC(C)c1ccc(-n2c(-c3ccc(C#N)cc3)cc3ccc(-c4ccc(C#N)cc4)cc32)cc1,9.853114128112793
N#Cc1ccc(Nc2s[nH]c(=O)c2C#N)cc1,14.277630805969238
N#Cc1ccc(-c2cc(N)c3c(c2C#N)C(=O)c2ccccc2C3=O)cc1,13.931352615356445
Cc1nnc(-c2cnc(Oc3ccc4c(c3)CCC(c3ccc(C#N)cc3)O4)nc2)o1,26.790407180786133
N#Cc1cccc(-c2ccc3c(c2)CCC(CC(=O)O)C3=O)c1,19.771299362182617
CN(C)N=Cc1cc(=O)cc(O)cc1O,24.555509567260742
N#Cc1ccc(-c2ccc(C=O)cc2)cc1,13.209709167480469
Cc1nc(-c2ccc(N=Cc3ccc(N(C)C)cc3)cc2)oc1-c1ccc(N)cc1,18.767824172973633
Cc1nn(C2CCC2)c2c(-c3ccc(N)cc3)nc(-c3nccs3)nc2c1=O,28.038223266601562
O=C(O)c1cc(=O)c2ccc(OCc3ccc(Br)cc3)cc2o1,20.373065948486328
N#Cc1ccc(-c2ccccc2)cn1,12.560715675354004
Cc1ccc(-c2[nH]c(-c3ccc(C#N)cc3)nc2-c2ccc(C(C)(C)C)cc2)cc1,19.232948303222656
Cc1cc(=Nc2ccc(C#N)cc2)[nH]c(=N)[nH]1,13.341662406921387
C#Cc1cc(C#N)c2ccc3oc(-c4ccc(N(C)C)cc4)cc(=O)c3c2c1,20.8369197845459
N#Cc1cc(-c2c[nH]c(=N)c(C#N)c2)ccn1,13.480181694030762
N#Cc1ccc(-c2ccc(C(=O)NC(=N)N)cc2)cc1,15.309303283691406
CCNC(=O)C1OC(n2cnc3c(SC)ncnc32)C(O)C1O,22.449254989624023
CC(C)(O)C#Cc1ccc2c(c1)C1(COC(=N)N1)c1ccc(-c3cccc(C=O)c3)cc1O2,32.16327667236328
Nc1ccc(C(=O)N(CCc2ccccc2)N=O)cc1,22.476654052734375
Cn1nc2c(=O)n(-c3ccc(-c4nc(-c5ccc(N)cc5)nc(-c5ccc(-c6nc(-c7ccc(N)cc7)cs6)cc5)n4)cc3)n(C)c2c1C(=O)c1ccc(C#N)cc1,28.86377716064453
CN1CCN(c2ccc(-c3nc(-c4ccc(-n5cccc5)cc4)cc(=NCc4nc(C#N)c(N)o4)[nH]3)cc2)CC1,34.603675842285156
CC(CCc1ccc(Cl)cc1)=NNC(N)=S,21.845605850219727
C=Cc1ccc(N)c2ccccc12,16.80169105529785
Cc1ccc2nc(-c3ccc(NC(=O)C=Cc4ccc(-c5ccc(C#N)cc5)o4)cc3)oc2c1,22.67854118347168
N=c1nc(-c2ccccc2O)cc(-c2cccc(O)c2)[nH]1,18.391870498657227
COC(=O)c1cc(C#N)cn(-c2nc(-c3ccc(N)cc3)cc(-c3ccc(C#N)cc3)n2)c1=N,20.776180267333984
CN(C)c1nc(Cl)nc(-c2ccc(-c3cc(-c4ccccc4)cc(-c4ccc(-c5nc(Cl)nc(Cl)n5)cc4)c3)cc2)n1,14.0924072265625
CC(O)c1ccc(-c2ccc(C#N)cn2)cc1,15.053335189819336
N#Cc1ccc(-c2nc3c(N)ccc(C#N)c3c3cccnc23)cc1,22.364574432373047
N#Cc1ccc(-c2ccc3c(c2)C(O)(C(F)(F)F)c2ccccc2-3)cn1,16.65049934387207
O=c1cc(-c2ccc(O)cc2)oc2c3c(ccc12)OC1(CCCCC1)O3,21.893884658813477
CC(C)C(CO)NCc1cccc(-c2ccc(C#N)cc2)n1,14.803397178649902
N#CC(C#N)=Cc1ccccc1O,16.11356544494629
CCCOc1ccc(-c2nc(C#N)nc3c2ccn3C)cc1CO,28.6751651763916
Cc1ccc(-c2nc(-c3ccc(-c4cccc(C#N)c4)cc3)no2)cc1,15.903953552246094
N#Cc1c2sc3c(c(=NC(=O)C4CC4)c2n2c1[nH]c1ccccc12)CCCC3,25.305057525634766
Cc1cccc(C)c1-c1cccc(COc2ccc(C#N)cc2)c1,19.575119018554688
N#Cc1ccc(-c2c(C(=O)O)nnn2Cc2ccccc2)cc1,20.639726638793945
N#Cc1ccccc1-c1cc(C(=O)N2CCC3CN(C(=O)c4cccnc4)CC3C2)ccc1C#N,34.40620803833008
N#Cc1ccc(-c2ccc(-c3ccc(C#N)cc3)s2)cc1,11.870903968811035
N#Cc1ccc(-c2ccn(-c3ccc4[nH]cc(C#N)c4c3)c(=O)c2)cc1,15.98868179321289
Oc1cc(N=Cc2cc(Br)c(O)c(Br)c2)c(O)cc1Br,13.260858535766602
O=C(c1cc2c(cc1N=Cc1ccc(O)cc1)OCO2)N1CCOCC1,25.272079467773438
N#Cc1ccc(-c2cc(C#N)c3oc(-c4ccc(N)cc4)cc3c2)cc1,18.30097007751465
Cn1c(-c2cccnc2)nnc1S(=O)(=O)Cc1ccccc1,24.801488876342773
N#Cc1ccc(-c2csc(N=C3C(=O)Nc4ccccc43)n2)cc1,18.477283477783203
CCC(C)N=c1cc(Cl)[nH]c2cc(C#N)ccc12,25.868289947509766
Cc1cc(=NC(=O)c2cc(Cl)c(C)cc2-c2ccc(C(N)=O)cc2)nc(-c2ccc(N)cc2)[nH]1,39.25157928466797
Nc1ccc(C=Nc2ccc(-c3nc(-c4ccc(N)cc4)nc(-c4ccc(-n5c(=O)c6cc7c(=O)oc(=O)c7cc6c5=O)cc4)n3)cc2)cc1,13.35114860534668
COc1cccc(NC(=O)N=c2ccc(C#N)c[nH]2)c1,22.746944427490234
O=C(c1ccc(O)cc1O)N1CCCc2ccc(C(F)(F)F)cc21,21.546186447143555
CN(C)c1ncc(-c2cc3cc(-c4ccccc4)n(CC#Cc4ccc(-c5ccc(C#N)cc5)cn4)c3c(-c3ccc(C#N)cc3)n2)cn1,36.03359603881836
CCC(=O)N=C(C)c1c(Nc2ccc(C#N)cc2)s[nH]c1=O,29.007740020751953
N#Cc1ccc(-n2cncn2)cc1,11.987431526184082
N#Cc1ccc(-c2cc(CN3CCN(C=O)CC3)nc3ccc(N)cc23)cc1,19.268918991088867
COc1cc(C=Cc2ccncc2)cc(OC)c1,16.72119140625
Cc1c(C=NN=C(N)N)c(C)[n+](CCc2ccc(C[n+]3ccc(N4CCCC4)cc3)cc2)n1C,33.612388610839844
N#CC1=C2CNCC=CN2C(=N)C(C#N)C12C(=O)Nc1ccccc12,29.57436752319336
CN(C)Cc1cc(N=O)c2sc(=O)[nH]c2c1O,23.877094268798828
Cc1cnc(Cl)nc1-c1ccc(N(Cc2ccccc2)C(=O)c2ccc(O)cc2O)cc1,20.07614517211914
CCC(=O)N1CCOc2cc(-c3ccc(C#N)cc3)c(-c3ccc(C#N)cc3)cc2C1,20.31460952758789
CCOc1cccc(-c2ccnc(-n3ncc(C(=O)NCC4CCCNC4)c3C)n2)c1,32.772705078125
N#Cc1ccc(-n2oc3c(-c4ccc(N)cc4)nc(-c4ccc(N)cc4)cc3c2=O)cc1,18.004806518554688
Nc1ccc(-c2nn(-c3ccccc3)cc2C=O)cc1,18.282947540283203
O=Cc1ncnc2ccc3ccccc3c12,26.720876693725586
Nc1ccc(-c2nc(N3CCOCC3)c3ccc(-c4ccc(C(=O)O)cc4)cc3n2)cc1,22.181621551513672
CCCCCC(=O)NCc1ccc(F)cc1,26.833263397216797
CCCCCC(=O)Nc1oc(-c2ccc(C#N)cc2)cc1C(N)=O,27.648950576782227
CC1(C)C(=O)Nc2ccc(-c3ccc4[nH]c(CN)c(-c5ccc(N)nc5)c4c3)cc21,40.233951568603516
N#Cc1ccc(-c2nn(-c3ccc(C#N)cc3)c(=O)c3cc4c(=O)n(-c5ccc(C#N)cc5)[nH]c(=O)c4cc23)cc1,11.075401306152344
N#Cc1ccc(-c2c[nH]c(=N)nc2-c2c[nH]c3ccccc23)cc1,18.578643798828125
Cc1cc(C#N)c(O)n1-c1ccc(-c2ccc(C#N)cc2)cc1,14.349987030029297
CC(C)CN(C(=O)CCc1ccccc1)C(C(=O)NC1CCCCC1)c1cccc(F)c1,33.92878341674805
N#Cc1ccc(-c2ccc3c(c2)OCc2ccc(C(N)=O)cc2C3=O)cc1,21.059648513793945
CC(C)c1ccc(-c2ccc(C#N)cc2)c(-c2ccc(C#N)cc2)n1,18.210128784179688
NC12CC=CC1COc1ccccc12,24.84775161743164
Clc1ccc2c(=NCCCN=c3c4ccccc4[nH]c4cc(Cl)ccc34)cc[nH]c2c1,22.082584381103516
CC1(C)C(=O)Nc2ccc(-c3cccc(C#N)c3)cc21,12.177397727966309
Cc1ccc(-n2[nH]c(-c3ccc(Cl)cc3)cc2=N)cc1,20.75598907470703
N#Cc1ccc(-c2cc(-c3ccncc3)nc(-c3ccc(N)cc3)n2)cc1,13.741296768188477
N#Cc1ccc(C(=O)Nc2ccc([N+](=O)[O-])c3ncccc23)cc1,23.94102668762207
CC1Oc2ccc(-c3ccc(C#N)cc3)cc2NC1=O,18.52473258972168
Cc1c(CCC(=O)Nc2cccc(C(F)(F)F)c2)c(=O)oc2cc(O)c3c(-c4ccccc4)coc3c12,35.450740814208984
Nc1ccc(-c2nc(-c3ccc(Cl)cc3)nc(-c3ccc(N=Cc4cc(C=O)c(O)c(C=O)c4O)nc3)n2)cn1,12.506306648254395
N#CC#Cc1ccc(-c2cc(-c3ccc(C#N)cc3)nc(-c3ccc(N)cc3)n2)cc1,17.7835750579834
O=C(O)c1ccccc1N=C1c2ccccc2C(=O)c2ccccc21,20.503664016723633
Cc1ccc(S(=O)(=O)c2c(Nc3ccc(C#N)cc3)sc(C(=O)c3ccccc3)c2N)cc1,21.646875381469727
CN(Cc1ccc(C[n+]2ccc(C#N)cc2)cc1)C(=O)c1ccc(-c2ccc(-c3nc(-c4ccc(Cl)c(Cl)c4)cs3)cc2C(=O)O)cc1,33.95060348510742
Cc1nc(-[n+]2cccc(C=NO)c2)nc(Cl)c1C#N,18.324432373046875
Nc1ccc(-c2ncc(-c3cccc(N)c3)nn2)cc1,17.465124130249023
N#Cc1ccc(-c2ccccc2F)cc1,10.185230255126953
C#Cc1ccc(C#CC2(CN3Cc4ccc(C#N)c(OC)c4C3=O)NC(=O)NC2=O)nc1,27.881500244140625
Cc1nc(-c2ccccc2)c(C(=O)N2CCN(c3cc(Cl)ccc3C)C(=O)C2)o1,28.37156105041504
COc1ccc(-c2cc(-c3ccc(C#N)cc3)nn2-c2ccc(NC(=O)c3cc(F)cc(C#N)c3)c(C)c2)cc1,27.70038604736328
Cc1c(NC(=O)c2cc(-c3ccc(C#N)cc3)ncn2)cc(-c2ccc(C#N)cc2)n1-c1cccc(C#N)c1,22.79598617553711
N#Cc1ccc(-c2cc(C#N)c(O)c3ncccc23)cc1,15.940096855163574
Cc1ccc(O)cc1N=c1nc(-c2ccccn2)cc[nH]1,15.145800590515137
Cc1ccc2nc(-n3c(-c4ccc(C#N)cc4)cc4c3cc(-c3ccc(C#N)cc3)n4-c3nc4ccc(C(N)=O)cc4s3)sc2c1,14.162585258483887
Nc1ccc(-c2nc(-c3ccc(F)cc3)nc(-c3ccc(N4C(=O)c5cccc6cccc(c56)C4=O)cc3)n2)cc1,12.726357460021973
C=CC[n+]1c(-c2ccccc2)c(-c2ccccc2)n2cnc3ccccc3c21,29.709571838378906
N#Cc1ccc(-c2nc(-c3ccccc3)c(-c3ccccc3)[nH]2)cc1,14.545246124267578
C=CCN(C(=O)c1ccc([N+](=O)[O-])cc1)c1ccc(C#N)cc1,22.053646087646484
Nc1ccc(-c2nc(-c3ccc(N4C(=O)c5ccc6c7c(ccc(c57)C4=O)C(=O)OC6=O)cc3)cc(-c3ccc(O)cc3O)n2)cc1,13.673196792602539
CC#Cc1c(C=Cn2nc(-c3ccc(C#N)cc3)c3c(=N)[nH]c(=N)[nH]c32)c(-c2ccc(C#N)cc2)[nH]c(=N)c1C#N,39.83454513549805
Cn1c(=Nc2ccc(O)cc2)[nH]c2ccc(C(=O)O)cc2c1=O,21.227067947387695
N#Cc1ccc(-c2nc(C=NO)c3ccccn23)cc1,20.18624496459961
Cc1ccc(C(=O)c2cc(N)ccc2N2CCCN(C)CC2)cc1,22.284103393554688
N#Cc1ccc(C2Nc3ccccc3C(=O)N2Cc2ccc(-c3ccccc3-c3nn[nH]n3)cc2)cc1,18.81564712524414
N#Cc1ccc(-c2ccc(O)c(C=O)c2)cn1,16.05814552307129
CCOC(=O)c1ccc(N=C2C(=O)C(=O)Nc3ccccc32)cc1,25.036291122436523
CCOC(=O)c1cc(-c2ccc(N)nc2)ccc1-n1[nH]c(=O)c2ccccc2c1=O,32.70621109008789
COCc1nc2cc(NC(=O)c3ccc(C#N)cc3)ccc2n1C,21.15028953552246
Nc1cc(=O)n(CCc2ccccc2)c(=O)n1-c1ccc(O)cc1,17.057954788208008
N#Cc1ccc(Oc2ccc(Cl)cc2C#N)cc1,14.600889205932617
N#Cc1ccc(-c2nc3ccc(C#N)cn3c2-c2ccc(C#N)cc2)cc1,15.357010841369629
CC(C)N=c1cc(NC2CC2)n2ncc(=Cc3[nH]c(=O)[nH]c3O)c2n1,20.55608367919922
CN(C)c1ccc(-c2c(C#N)nc(-c3ccc(N4CCOCC4)nc3)nc2-c2ccc(N)nc2)cn1,21.012435913085938
N#Cc1ccc(Sc2[nH]c(=N)c(C#N)c(-c3ccc(C#N)cc3)c2C#N)cc1,14.081659317016602
N#Cc1ccc(-n2cc(C#N)c(=O)c3ccc4ccccc4c32)cc1,17.25912857055664
COCCCN1CCn2c(C#N)c3ccccc3c2C1=O,25.74603843688965
CC(C)(Oc1ccc(C#N)cc1)C(=O)O,17.41631317138672
Cc1nc(=Nc2cccc(Sc3cccc(C#N)c3)c2)cc(N2CCCC(N)C2)[nH]1,29.49993324279785
O=c1oc(=O)c2cc3c(=O)n(-c4ccc(-c5nc6cc(Cl)ccc6[nH]5)cc4)c(=O)c3cc12,16.560449600219727
N#Cc1cn(-c2ccc(C(N)=O)cc2)c2ccc(N)cc12,15.647477149963379
Cn1cc(C=C(C#N)C#N)c2ccccc21,17.81363296508789
Cn1c(-c2ccnc(N)c2)c(C#N)c2cc(-c3ccc(C#N)cc3)ccc21,19.934097290039062
CC(C)c1ccc(-n2c3c(c4ncc(C#N)cc42)CN(C)CC3)cc1,16.592403411865234
N#Cc1ccc(-c2nc3ccccc3nc2-c2ccc(N)cc2)cc1,16.179805755615234
Cc1ccc(-c2nc(-c3ccc(-c4ccc(O)cc4)cc3)cc(-c3cccc(O)c3)n2)cc1,16.604389190673828
CN1C(=O)c2c[nH]c(=Nc3ccc(-c4ncccn4)cc3)nc2CC1C(N)=O,21.873126983642578
N#Cc1ccc(-c2cc(-c3cccs3)cc(-c3ccc(-n4ccnc4)cc3)n2)cc1,17.17713165283203
N#Cc1ccc(CSc2nc(N)cc(=O)[nH]2)cc1,11.374156951904297
Nc1ccc(-c2nc(-c3ccc(N)cc3)c3cc(N)ccc3n2)cc1,15.885547637939453
Cn1c(=NCc2ccc(C(=O)Nc3ccc(C#N)cc3)cc2)[nH]c2ccc(C(=O)O)cc2c1=O,24.347414016723633
CN1C(N)=NC(C)(c2ccc(-c3ccc(C#N)cn3)cc2)CS1(=O)=O,15.926109313964844
Cc1ccc2c(=O)n(-c3ccc(-c4nc(C)no4)cc3)c(=O)n(-c3ccc(-c4ccccc4)cc3)c2n1,27.203453063964844
CC(=O)Nc1ccc(N=Cc2c(O)[nH]c(=O)n(-c3ccc(C#N)cc3)c2=O)cc1,18.920696258544922
N#Cc1ccc(N2N=C(C(F)(F)F)C(=Cc3ccc(-c4ccccc4)cc3)C2=O)cc1,18.673763275146484
Cc1cc(=NC(=O)c2cc3c(s2)-c2cc(-c4cccc(O)c4)ccc2OCC3)[nH]c(Cl)n1,36.86725997924805
O=[N+]([O-])c1ccc2c(c1)c1ccccc1n2Cc1ccc(-c2ccccc2-c2nn[nH]n2)cc1,21.726119995117188
Cn1cc(C#N)c2ccccc21,12.679826736450195
CCCCCCCCCCCCCCCCCCCC(=O)OCC1OCC(n2cc(C)c(=O)[nH]c2=O)O1,27.60247039794922
CN1CCN(c2ccc(NC(=O)c3ccc(C#N)c(-c4ccc(C(=O)N=c5cc(C(C)(C)C)o[nH]5)cc4)c3)cn2)CC1,24.09255599975586
N#Cc1ccc(-c2ccc(-c3ccc(-c4cc(-c5ccccc5)cc(-c5ccc(O)cc5)c4)cc3)cc2)cc1,15.171464920043945
Cn1c(=O)nc2n(-c3ccc(C#N)cc3)c3ccccc3nc-2c1=O,13.408416748046875
Nc1ccc(-c2cc(-c3ccc(C(F)(F)F)cc3)cc(-c3ccc(N4CCOCC4)cc3)n2)cc1,20.007219314575195
N#Cc1ccc(-c2cc(-c3ccc(N=Cc4cccc(C#N)c4)nc3)nc(-c3ccc(N)nc3)n2)cc1,15.775595664978027
C=CCn1c(C(=C)c2c(O)c(C=O)c(O)c(C=O)c2O)cc2cc(Br)ccc21,36.021209716796875
Cc1ccc(-c2cc(C=Cc3ccc(C#N)cc3)n(O)c(=O)c2)cc1,24.837465286254883
C=c1[nH]n(-c2ccc(O)cc2O)c(=O)c1=Cc1ccc(-c2ccc(C(=O)O)cc2)o1,22.635425567626953
N#Cc1ccc2c(N)cccc2c1,14.650900840759277
N#Cc1ccc(NC(=O)C(Cc2ccccc2)NC(=O)C2Cc3ccccc3CN2)cc1,23.89140510559082
N#Cc1cc(C#N)cc(C#N)c1,11.263708114624023
N#Cc1ccc(-c2cc(C#N)c3cc(-c4cccc(N)c4)ccc3n2)cc1,18.58584976196289
CN1CCN(C(=O)c2ccc(=Nc3cc(-c4cccc(C#N)c4)cn(C)c3=O)[nH]c2)CC1,23.296594619750977
N#Cc1ccc(NN=C(N=NC(=O)c2ccc(-c3cccc(C#N)c3)nc2C#N)c2ccc(C#N)cc2)cc1,24.945999145507812
N#Cc1ccc(-c2cc(C#N)c(=O)n(-c3ccc(-c4nc(-c5ccc(N)cc5)nc(-c5ccc(N)cc5)n4)cc3)c2)cc1,16.961116790771484
O=C(N=Cc1ccccn1)C1CC1c1ccc(Cl)cc1,20.637935638427734
N#CCCn1cc(-c2ccc(C#N)cc2)nn1,15.489752769470215
N#Cc1ccc(-c2ccc(-c3nc(-c4ccc(N)cc4)nc(-c4ccc(N)nc4)n3)cn2)cc1,11.633694648742676
O=Cc1ccc(-c2cn(-c3ccc(-c4cc(-c5ccccc5)cc(-c5ccccc5)c4)cc3)nn2)cc1,14.62983226776123
C=CC12C=C(C)CCC1C(O)C(C)=CC2,32.810325622558594
CNC1COC2(C)CCC1(C#N)C1c3ccccc3NC(=N)C12,50.17740249633789
CC(C)(C)OC(=O)N1CCC(c2c(C(=O)N3CCN(c4ncccn4)CC3)cnn2-c2ccc(Cl)cc2)CC1,24.85776710510254
NN=C1c2ccccc2-n2cccc21,25.709365844726562
Cc1nc2c(c(=O)n(C)c(=O)n2C)n1CC(=O)N1CCN(c2nnc(-c3ccc(N)cc3)nc2-c2ccc(Cl)cc2)CC1,35.05551528930664
N#Cc1ccc(-c2cc[n+](-c3ccc(N)cc3)cc2)cc1,16.630115509033203
Nc1ccc(-c2cnc3ncn(Cc4ccccc4)c(=O)c3c2)cc1,22.23505401611328
C=Cc1cc2c(ccc3ccccc32)oc1=O,24.557594299316406
Cn1nc(-c2ccc(N3CNc4cc(C(C)(C)C)ccc4C3=O)cc2)c(=O)c2nc(-c3ccc(N4CCOCC4)nc3)nc(-c3ccc(N4CCN5CCCCC5C4)cc3)c21,42.0689697265625
CC(=O)NC(C)Cc1ccc(C#CC#Cc2ccc(C#N)cc2)cc1,14.713691711425781
O=C1CC(c2ccccc2)C(C(=O)c2ccccc2)O1,27.196388244628906
N#Cc1ccc(-c2cc(-c3ccc(-c4cc5ccccc5[nH]4)cc3)[nH]c(=N)n2)cc1,21.988178253173828
N#Cc1ccc(-c2cc(C(N)=O)c(NC(N)=O)c(C(=O)O)c2O)cc1,21.71845817565918
Cc1ccc2nc(-n3c(-c4ccc(C#N)cc4)cc4c3cc(-c3ccc(C#N)cc3)n4-c3nc4ccc(C#N)cc4s3)sc2c1,9.880474090576172
N#Cc1ccc(NCc2ccc3ccccc3c2)cc1,17.253843307495117
c1ccc(-c2nnn(-c3ccccc3)n2)cc1,17.703289031982422
Nc1ccc(-c2ccc3nc4cccc(-c5ccccc5)c4c(=O)n3n2)cn1,25.102867126464844
N#Cc1ccc(Nc2cc(=Nc3ccc(C#N)s3)cc(N=CN3CCN(C=O)CC3)[nH]2)cc1,29.865558624267578
Cc1ccc(N=Cc2ccc(O)c(O)c2O)cc1O,13.952433586120605
CCN(CC(=O)Nc1ccc(-c2nc3ccccc3n2C)cc1)S(=O)(=O)c1ccc(N)cc1,31.66703224182129
N#Cc1ccc(C2c3ccc(C#N)cc3OC(=N)C2C#N)cc1,17.898073196411133
Cc1ccc(C[n+]2ccc(-c3cc(=O)c4ccccc4o3)cc2)cc1,24.084569931030273
N#Cc1ccc(-c2nn(-c3ccc(C#N)cc3)cc2CN)cc1,14.916696548461914
N#Cc1ccc(-c2cc(-c3ccc(C(=O)O)cc3)cc(C#N)c2O)cc1,20.566165924072266
Cc1cc(C(=O)Nc2ccc(-c3ccc(C(N)=O)cc3)cc2)nn1-c1ccc(C#N)cc1,17.56134796142578
N#Cc1cccc(COc2ccccc2C#N)c1,15.598259925842285
Cn1c2ccccc2c2c3c(c4c(c21)CNC4=O)CC(=O)C=C3,25.62938690185547
CC(C)n1cc(C#N)c(-c2ccc(C#N)cc2)c1-c1ccc(C#N)cc1,17.10453987121582
N#Cc1ccc(N=Cc2c(O)ccc3ccc(Oc4ccc(C#N)cc4)cc23)cc1,21.668275833129883
CC(C)c1ccc(-n2c(=S)sc3c(=N)[nH]c(-c4ccc(-n5c(=O)c6cc7c(=O)oc(=O)c7cc6c5=O)cc4)cc32)cc1,18.027162551879883
CN(C)c1ccc(C=Nc2ccc(-c3cc(-c4ccc(NC(=O)c5ccc(C#N)cc5)cc4)nc(-c4ccc(N)cc4)n3)cn2)cc1,20.562877655029297
Cc1nnc(-c2n[nH]n(C)c2=N)n1Cc1cccs1,29.494915008544922
N#Cc1ccc(-n2c(=O)c3cc4c(=O)n(-c5cccc([N+](=O)[O-])c5)c(=O)c4cc3c2=O)cc1,15.329565048217773
Nc1ccc(-c2nc(-c3ccc(N4CCN(C=O)CC4)cc3)nc(-c3ccc(N4C(=O)c5ccc6c7c(ccc(c57)C4=O)C(=O)OC6=O)cc3)n2)cn1,15.199828147888184
COc1cc(-c2ncn(C)c2-c2ccc3c(c2)OCC(c2ccc(O)cc2)O3)ccc1O,35.616294860839844
Nc1ccc(Cc2ccc(N=Nc3ccc(O)c(C=O)c3O)cc2)cc1,26.611907958984375
CSc1nc(N=CN(C)C)nc(-n2cnc3ccccc32)n1,28.61770248413086
Cn1cnc2cc(-c3ccc(-c4ccc(C#N)cc4)nc3)nc(C#N)c2c1=O,16.611656188964844
Nc1ccc(Cl)cc1,11.92754077911377
C=CC1CS(=O)(=O)CCN1,25.581260681152344
CN1CCN(c2nc3ccccc3cc2C#N)CC1,15.410284042358398
COc1cc(C=c2sc3nc(-c4ccc(N)cc4)nn3c2=O)ccc1O,21.151687622070312
C#CC#CC(C)(O)c1ccc(-c2ccc(C#N)cc2)cc1,20.978042602539062
CSc1ccc2c(C(C)=O)c(C)n(C)c2cc1=O,27.744918823242188
N#Cc1ccc(C(=O)N2CCC(N3C(=O)CCc4ccccc43)CC2)cc1,17.422319412231445
N#Cc1c2n(c3c(=O)[nH]ccc13)CCCCC2,18.27303123474121
N#Cc1ccc(-c2ccc(N=c3[nH]cccc3C(O)=NO)cc2)cc1,24.533023834228516
CC(=NN=c1[nH]c2ccc(F)cc2s1)c1ccc([N+](=O)[O-])cc1,27.631820678710938
CC(=O)Nc1ccc(-n2c(-c3ccc(N)cc3)nnc2-c2ccccc2F)cc1,27.28571891784668
CC1=Nc2cc(-c3ccc(C#N)cc3)n(n2)C(N2CCN(C(=O)c3ccc(C#N)cc3)CC2)=C1,19.675111770629883
N#Cc1ccc2cc(-c3nc(-c4ccc(C=O)cc4)nc(-c4ccc(C=Nc5cc(O)c(N)cc5O)cc4)n3)ccc2c1,16.08768081665039
Cn1c(Br)nc2cc(Oc3ccc(NC(=O)Nc4cccc(Cl)c4)cc3)ccc21,39.46498107910156
Cc1ccc(Oc2ccc(-c3ccc4ccn(C)c4c3)cn2)cc1,19.56117057800293
Cn1cc(-c2cc(-c3ccc(C#N)cc3)nn2Cc2cc(C#N)c(N)s2)cn1,33.27313995361328
Cc1cc(-c2cnn(C)c2)ccc1C(=O)N=c1[nH]cc(-c2cnc3[nH]c(O)cc3c2)s1,32.60905075073242
N#Cc1ccc(N2C(=O)C(=Cc3ccc(-c4cc(-c5ccc(C=Nc6ccc(O)cc6)cc5)nc(-c5ccc(C=O)cc5)n4)cc3)C2=O)cc1,27.485919952392578
N#Cc1ccc(-c2cc3cc4c(=O)n(-c5ccccc5)c(=O)c4cc3c2=O)cc1,22.95855140686035
N#Cc1ccc(CCN2C(=O)C(c3ccc(Cl)cc3)N(c3ccc(C#N)cc3)C2=S)cc1,25.896791458129883
Cc1ccc(S(=O)(=O)Nc2cc(C)c(O)c3ccccc23)c(C)c1,26.975400924682617
CC1(C)C=Cc2cc3c(=O)c4cc(O)ccc4oc3cc2O1,16.34309959411621
N=C(N)c1ccc(N=Cc2ccc(C=Nc3cc(O)ccc3C(=O)O)cc2)cc1,19.294008255004883
Nc1ccc(-c2nc(-c3ccccc3)nc(-c3ccc(C=Nc4cc(O)c(N)cc4O)cc3)n2)cc1,13.009259223937988
Cc1ccc(-n2cc(-c3ccc(N4C(=O)c5cccc6cccc(c56)C4=O)cc3)nn2)cc1,21.662561416625977
CNc1ccc(-c2nc(-c3ccc(N)cc3)nc(-c3ccc(Cl)cc3)n2)cc1,16.726041793823242
N#Cc1ccc(Cn2c(C#N)c(C#N)c3cc(Br)ccc32)cc1,18.0519962310791
COc1ccc(C(=O)C=Cc2ccc(N)cc2)cc1N,20.0316104888916
Cc1ccc(N=c2nc(-c3ccc(N)cc3)nc(-c3ccc(N)cc3)[nH]2)cc1,15.35159683227539
Cn1c(Cc2ccc(C#N)cc2)c(C#N)c2cc(O)ccc21,21.845054626464844
CC1(C)Cc2cc(-c3ccc(C#N)cc3)ccc2O1,13.85336685180664
Cc1ccc(Sc2c(C#N)cc(-c3ccc(C#N)cc3)nc2C(=O)O)cc1,22.943523406982422
Cc1nc(-[n+]2ccc(-c3ccncc3)cc2)nn1-c1ccc(S(=O)(=O)c2ccc(C#N)cc2)cc1,20.960205078125
Cc1ccccc1Cc1nc2cc(-c3cc(C(=O)N4CCN(C)C(=O)C4)c(C)cc3C)ccc2o1,40.6041145324707
Cc1ccc2nc(-n3c(-c4ccc(C#N)cc4)cc4c3cc(-c3ccc(C#N)cc3)n4-c3nc4cc5c(cc4[nH]c3=N)OCO5)sc2c1,16.746593475341797
N#Cc1ccc(-c2ccc(C(=O)C3CCN(CCCc4ccccc4)CC3)cc2)cc1,22.942934036254883
O=C(COC(=O)Cc1ccc([N+](=O)[O-])cc1)NCc1ccccc1,24.004098892211914
CC(=O)NC(CCCN=C(N)N)C(=O)c1nc(-c2ccc(C#N)cc2)cs1,26.787723541259766
Cn1c(=O)cc(Nc2ccc(C#N)cc2)n(Cc2ccc(C#N)cc2)c1=O,14.041730880737305
O=c1cc(CN2CCN(c3ccccn3)CC2)occ1O,18.086687088012695
CC1(C)CC(=O)c2cnc(CN3CCCCC3)nc2C1,26.975261688232422
Cc1cc2c(C(C)C)ccc(C)c2c(O)c1C,26.0471248626709
CNc1ccc(-c2cc(-c3ccc(N=Cc4ccc(O)cc4)cc3)no2)cc1,25.09734535217285
N#CN=C(Cc1ccc(-c2ccccc2)cc1)C(=O)N1CCOCC1,26.714088439941406
O=c1c(=Cc2ccc(O)c(O)c2)c2nc3c4ccccc4oc(=O)c3c3cccc1c23,33.04311752319336
N#Cc1ccc2[nH]c(O)c(Cc3nc4ccc(C#N)cc4c(=O)[nH]3)c2c1,26.54863929748535
Cc1nc(-c2ccnc(CO)c2)cn2c(NC(C)C)c(-c3ccc(C#N)cc3)nc12,26.56386947631836
CCc1cc(C#N)cc(C#N)c1,11.80862808227539
Cc1oc2cc(O)ccc2c(=O)c1-c1cc(-c2ccc(O)cc2)cc(-c2ccco2)c1,26.42995834350586
N#Cc1ccc(-c2cc(-c3cc[nH]c(=Nc4ccc(N)cc4)n3)ccn2)cc1,20.344701766967773
COc1cc(N)ccc1-c1cc(C#N)cc(-n2nc(C)c3cc(C#N)ccc3c2=O)c1,42.05207443237305
COc1ccc2[nH]c3c(c(=N)c2c1)CCCC3,15.452341079711914
Cc1cc(C)c(O)c(CN=c2cc[nH]c(C)n2)c1,21.515430450439453
CC1Cc2cc(C(=O)O)ccc2O1,20.013927459716797
CCOC(=O)C1=C(C)OC(c2ccc(C#N)cc2)=CC1c1ccco1,22.270244598388672
Nc1ccc(-c2nc(-c3ccc(NCc4cncn4Cc4ccc(-c5ccccc5)cc4N)cc3)nc(-c3cccnc3)n2)cc1,22.69504165649414
N#Cc1ccccc1-n1cc(-c2ccc[nH]c2=N)nn1,27.021343231201172
N#Cc1cn(Cc2ccc(F)cc2)c(=O)c2ncccc12,19.534923553466797
NC(=O)C1CCN(c2nc(-c3ccccc3)nc(-c3ccc(O)cc3)n2)CC1,18.66297149658203
N#Cc1ccc(-c2nc(C#N)nc3c2cc([O-])n3-c2ccc(C#N)cc2)cc1,26.255800247192383
N#Cc1ccc(CCCCCC(=O)NC(CCC(N)=O)C(=O)O)cc1,27.480255126953125
N#Cc1ccc(-c2cc(C3CC4CCC3N4)cnc2F)cn1,19.428098678588867
N#Cc1ccc(-c2cnc3c(c2)C(N)CCC3)cc1,16.434839248657227
O=C1C=CC(=O)N1c1ccc(-c2csc(N=Cc3cccc([N+](=O)[O-])c3O)n2)cc1,29.147541046142578
C=CC(=O)Nc1cc2c(=Nc3ccc(Br)cc3)[nH]cnc2cc1OCCCCC,26.34253692626953
COC(=O)CSc1nnc(-c2ccc(C)cc2)c(-c2ccc(C)cc2)n1,19.559755325317383
CNC(=O)C=NO,18.882902145385742
Cc1cc(-c2ccc(C#N)cc2)ccc1O,12.8592529296875
COc1cc2cc(C#N)nc(-c3c(-c4ccc(C#N)cc4)cc(C#N)c(=O)n3C)c2cc1OC,21.1658878326416
N#Cc1ccc(-n2[nH]c(=O)c3cc4c(=O)[nH][nH]c(=O)c4cc3c2=O)cc1,8.62988567352295
N#Cc1ccc(-c2ccc3c(c2)C(=O)NCC3c2ccc(C#N)cc2)cc1,15.619914054870605
N#Cc1ccc(-c2csc(C(Nc3ccccc3)c3ccc(C#N)cc3F)n2)cc1,26.26637077331543
Nc1ccc(NC(=O)Nc2ccc(N)cc2)cc1,17.91543960571289
C1=Cc2ccccc2C(=C2C=NC=NC2)c2ccccc21,23.92693519592285
COC(=O)C1C(c2ccc(Cl)cc2)N=C(c2ccc(Cl)cc2)N(Cc2ccc(Cl)cc2)C1C,18.957374572753906
CC(=O)CC(=O)NCC(=O)N1CCC(C)CC1,30.153669357299805
CN1CCN(c2cc(-c3ccc(NC4CCCC4)cc3)nc(=Nc3c(N)cc[nH]c3=O)[nH]2)CC1,33.87715530395508
C=C1c2ccccc2C(=O)N(Cc2ccc(-c3ccc(C#N)cc3)cc2)c2cc(C#N)ccc21,20.808122634887695
CN(Cc1ccc(C#CC2CCCC2)cn1)C1CCN(Cc2ccccc2)C1,32.024627685546875
Nc1ccc(-c2nc(N)c(-c3cccnc3)[nH]2)cn1,24.28380584716797
CCCCC(C)NCc1coc(-c2ccc(C(F)(F)F)cc2)n1,21.27595329284668
Cc1cc(C)c(N=c2[nH]cnc3cc(-c4ccc(CN5CCOCC5)nc4)ccc23)c(C)c1,21.38309669494629
C=c1c(=Cc2c(O)n(-c3ccccc3)c(=O)n(Cc3ccccc3)c2=O)cc(C)n1-c1ccc(C(=O)O)cc1,21.50040626525879
Nc1ccc(-c2nnc(-c3ccccc3)c(-c3ccc(N)cc3)n2)cc1,10.439188003540039
CC1=CC2C(O)(C=CC3C(C)(CO)CCCC32C)C(C)C1OC(=O)c1ccc(C#N)cc1,40.36362838745117
Cc1nc(-c2ccccc2)nc(N2CCOCC2)c1Cl,19.661630630493164
N#Cc1cncc(-c2cnc3c(c2)CCCN3C(N)=O)c1,13.825488090515137
Cc1ccc(S(=O)(=O)Nc2cc(O)c(O)c3ccccc23)cc1,17.815351486206055
Nc1ccc(C(c2c(O)oc3ccccc3c2=O)N2CCOCC2)cc1,27.497543334960938
N#Cc1ccc2c(=O)c(-c3ccccc3)c(N)oc2c1,18.87594985961914
Nc1ccc(-c2nc(-c3ccc(N)cc3)nc(-c3ccc(CN=Cc4ccccc4O)cc3)n2)cc1,18.541770935058594
O=C(O)c1c(O)[nH]c2cc(Cl)ccc2c1=O,17.067277908325195
C=CCn1cnc2c(-c3cnc(-c4ccc(N)cc4)nc3)cc(-c3ccc(N4CCC(F)C4)nc3)cc21,37.81524658203125
C#Cc1ccc(-c2ccc(C#N)cc2)cc1,9.331942558288574
CS(=O)(=O)Nc1ccc(-c2cc[nH]c(=Nc3ccccc3)n2)cc1,15.397489547729492
CCC=Nc1cc(O)c(NCCC)cc1O,15.992663383483887
N#Cc1nn(-c2ccc(C(N)=O)c(N)c2)c2cc(-c3cccc(C(F)(F)F)c3)ccc12,22.518817901611328
COc1ccc(-c2ccc(C#N)cc2)cc1,12.296932220458984
CCCCN(CC(=O)Nc1ccccc1C)C(=O)Cn1nnc(-c2ccc(F)cc2)n1,31.598976135253906
Cc1c(C#N)c2c(c(C#N)c1C(C)C)Cc1ccc(O)cc1O2,20.43001365661621
N#Cc1ccc(-c2cc(-c3ccccc3)nn2-c2ccc(C#N)cc2)cc1,13.564652442932129
N#Cc1ccc(OCC(=O)N2CCN(C(=O)c3ccco3)CC2)cc1,21.208637237548828
Cn1c(-c2ccccn2)nc(C#N)c1N,17.339330673217773
Cn1c2ccc(Cl)cc2c2c(-c3ccc(C#N)cc3)nc3ccc(N)cc3c(=O)c21,24.84856605529785
CCN1CCC(c2ccc(C#N)cn2)CC1,24.787948608398438
Cc1ccc(OCCN2C(=O)c3ccccc3C2=O)cc1,16.944011688232422
N#Cc1ccc(-c2ccc(N)c(-c3nc4cc(C#N)ccc4c(=NC4CCCNC4)[nH]3)c2)cc1,26.582664489746094
N#Cc1cc(C#N)c2ccc3c(c2c1)C(=O)c1cccc(O)c1C3=O,13.948405265808105
Cn1cc(C#N)c2c(N3Cc4ccc(C#CCN5CCCC5=O)cc4C3)ncnc21,32.02877426147461
COc1cc(-c2cc(-c3ccc(Cl)cc3)nc(-c3ccncc3)n2)ccc1O,19.897859573364258
N#Cc1ccc(-c2cc(C#N)cc3cc(C#N)ccc23)cc1,13.957289695739746
N#Cc1cc(C#N)c2c(O)c(N)c(C=O)c(O)c2c1NC(=O)c1ccccc1,31.056320190429688
Nc1ccc(-c2nc(-c3ccc(N)cc3)nc(-c3ccc(-c4cc(-c5ccccc5)cc(-c5ccc(-c6nc(Cl)nc(Cl)n6)cc5)c4)cc3)n2)cc1,13.10761547088623
CCN(Cc1ccccc1)c1ccc(-c2cc(-c3ccccc3)cc(-c3ccc(O)cc3)n2)cc1,21.111902236938477
Cc1cccc(-c2ccc(C#N)cc2)c1,11.797415733337402
C#Cc1ccc(-c2ccc(C#N)cn2)cc1,10.40151596069336
Nc1ccc(-c2ncnc3[nH]c4ccccc4c23)cc1,20.438716888427734
Oc1cccc(N=c2nc(N=c3cc(C4CC4)[nH][nH]3)cc[nH]2)c1,19.52830696105957
Cc1ccc(-c2cc(N)c(C(=O)c3ccc(C#N)cc3)nc2-c2ccc(C#N)cc2)cc1,19.272754669189453
C=CC(=O)NCC=Nc1sccc1C#N,27.671390533447266
CC(C)c1ccc(C=CC=CC=O)cc1,20.813335418701172
Cc1nc(-c2ccc(N)cc2)nc(-c2ccc(C#N)cc2)c1C(=O)N=C1CCCN1,26.490724563598633
CNc1ccc(-c2cc(-c3cc(NC(=O)c4ccc(C(F)(F)F)nc4)c(N)cc3C)nc(-c3ccc(N)nc3)n2)cc1C#N,43.615753173828125
Cc1ccc(N=c2[nH]c(-c3ccc(N)cc3)nc3ccccc23)cc1,17.76360321044922
Nc1ccc2oc(-c3ccccc3)nc2c1,15.151601791381836
N#Cc1ccc(C(=O)Nc2ccc3ncccc3c2)cc1,16.214191436767578
N#Cc1ccc(NC(=O)N2CCNc3nc(-c4ccc(C=O)cc4)nc(-c4ccc(C#N)cc4)c3C2=O)cc1,34.69819641113281
N#Cc1ccc(-c2ccc(CC3CCCNC3)cn2)nc1,21.026790618896484
CN1CCc2ccc(-c3ccc(-n4nc(-c5ccc(N)cc5)cc4-c4ccc(C#N)cc4)cc3)cc2C1,29.99517059326172
Cn1c(C#N)ccc1-c1ccc(Oc2ccc(C=O)cc2)cc1,21.654172897338867
Cc1cc(C)c(C#N)c(SCc2ccc([N+](=O)[O-])cc2)n1,19.329599380493164
CNC(=O)c1ccc(-c2nc(C#N)cc(N3CC4CC3C4)n2)cn1,21.795793533325195
N#Cc1cccc(-c2cn(-c3ccc(C(=O)O)cc3)nn2)c1,14.571916580200195
Cc1cccc(C(=O)N2Cc3cc(-c4ccc(C#N)cc4)nn3C(C)C2)n1,24.712570190429688
Cc1ccc(C(=O)c2sc(=Nc3ccc(F)cc3)[nH]c2-c2ccc(N3CCOCC3)cc2)cc1,27.385116577148438
Cc1ccc(C2=C(c3ccc(C)cc3)C(=O)N(C)C2=O)cc1,19.890180587768555
N#Cc1csc(N)c1C#N,13.215564727783203
O=C(OCC1CCN(Cc2ccccc2)CC1)C(O)(c1ccccc1)c1ccccc1,29.1129207611084
N#Cc1cccc2c1C(=O)c1ccc(Nc3ccc(F)cc3F)cc1CC2,18.8283748626709
Cn1cnc(=O)c2cc(-c3ccnc(N)c3)ccc21,21.619630813598633
COc1ccc(-c2nc(N3CCN(c4ccccc4)CC3)c(C)c(C#N)c2C#N)cc1,23.312768936157227
C=C(C)c1ccc(C#N)cc1,14.268674850463867
Oc1cccc2c1c1ccccc1n2O,23.3798770904541
Cc1noc(-c2ccc(-n3c(-c4ccc(N)nc4)nc(O)c3O)cc2)n1,14.176717758178711
CCN1CCCc2cc(C#N)ccc2C1=O,21.578569412231445
N#Cc1ccc(-c2nnc(-c3ccc(C#N)cc3)c3ccccc23)cc1,12.2802095413208
N=C(N)c1ccc(-c2cc(-c3ccc(C(N)=NO)cc3)nc(-c3ccc(C(=N)N)cn3)n2)cc1,21.154752731323242
Cc1cccc(-n2c(C)ccc2C)c1,15.5983304977417
CCc1nc2ccccc2c(=O)n1-c1ccc(C#N)cc1,14.787881851196289
N#Cc1ccc(-c2nc(=Nc3ccccc3N)c3c([nH]2)C2(CCNCC2)C(=O)N3)nc1,36.52524948120117
CC(=O)N1CCN(c2cc(N=c3cc(C4CC4)[nH]c(C)n3)nc(C)n2)CC1,26.82171630859375
N#Cc1ccc2c(c1)Nc1c(nc(-c3ccc(N)cc3F)nc1N1CCOCC1)O2,21.545490264892578
COc1ccc(-c2cc(C#N)c(=O)n(C)c2-c2nc(-c3ccc(N)cc3)nc(-c3ccc(N(C)C)cc3)n2)cc1,23.01509666442871
Cc1c(C)c(C#N)c(N)c(C#N)c1C,13.054889678955078
Nc1cccc(-c2nc(-c3ccc(N4CCOCC4)cc3)nc(-c3ccc(N4CCNCC4)nc3)n2)n1,24.527772903442383
CN1Oc2ccccc2N(Cc2ccc(-c3ccccc3-c3nc(=O)o[nH]3)cc2)C1=O,24.26473617553711
CC(C)(C)c1ccc(-c2cccc(-c3nc4ccccc4[nH]3)c2)cc1,22.11713218688965
N#Cc1ccc(-c2cc(-c3ccccn3)nc(C#N)c2C#N)cc1,13.389512062072754
N#Cc1c2ccccc2c(C#N)c2c1[nH]c1ccccc12,15.08379077911377
O=CC=Cc1ccc(-c2ccccn2)cc1,18.471622467041016
CC(=O)NCC1CN(c2ccc3c(c2)C2CCN(C)C3C2)C(=O)O1,24.52823829650879
COc1ccc(-c2nc(CSc3nc(=N)cc(N)[nH]3)ncc2-c2ccc(C#N)cc2)cc1,24.27367401123047
N#Cc1cccc(C(=O)N(C(=O)CCl)c2ccccc2)c1,24.260358810424805
N#Cc1nc(C(=O)NC2CC2)cc(-c2ccc(F)c(C#N)c2)n1,23.60065269470215
CN(c1ccccc1)c1ccnc2ccc(-c3cc(C#N)cnc3C#N)cc12,27.55692481994629
Cc1cccc(NC(=O)C=Cc2cccc(C#N)n2)c1C,31.082904815673828
CN(C)c1ccc(-c2nc3ccc(C(=O)NCc4ccc(N)cc4)cc3c(=O)n2C)cc1,27.02413558959961
Cc1ccn(-c2ccc3c4c(cccc24)C(=O)N(c2ccc(-c4nc(-c5ccc(N)cc5)nc(-c5ccc(C#N)cc5)n4)cc2)C3=O)n1,20.93059539794922
Cc1ccc(-c2nc3c(Br)cc(Br)cc3c(=O)n2-c2ccc(C(=O)NN3C(=O)C(=Cc4ccc(-c5ccc([N+](=O)[O-])cc5)cc4)SC3c3ccc(F)cc3)cc2)cc1,32.22404098510742
O=C(Nc1ccc(C(=O)N2CCc3ccccc32)cc1)N1Cc2ccccc2C1,21.011024475097656
Cc1cc2cc(-c3cc(C#N)[nH]c(=NC(O)c4ccc(C#N)cn4)c3)ccc2c(-c2cnc(N3CCCC3)nc2)n1,35.02854537963867
O=C(Cc1cccs1)N=c1ccc(-c2ccc(Cl)cc2)n[nH]1,22.267833709716797
Cc1sc2nc3c(c(=O)n(C)c(=O)n3C)n2c1C,17.558006286621094
Cn1c(=O)c2c(O)cc(-c3ccc(C#N)cc3)cc2n(C)c1=O,19.503692626953125
Cc1ccc(-c2nnc(-c3ccc(N)cc3)nc2-c2ccc(Cl)cc2)cc1,13.417388916015625
Nc1ccc(N)c(Cl)c1,14.551041603088379
Cc1cc(C)c2c(c1)Cc1c(C(=O)NN3CCCCC3)nn(-c3ccc(C#N)cc3)c1-2,27.41037940979004
NC(=O)Nc1ccc(-c2cc(-c3ccccc3)cc(-c3ccc(-c4nc(Cl)nc(Cl)n4)cc3)c2)cc1,16.010669708251953
Cc1ccc(C[N+](C)(C)CCCSc2nc3ccccc3s2)c(C)c1,33.946571350097656
Cc1cccc2[nH]c3c(C(=O)NCCN(C)C)cccc3c(=N)c12,21.773277282714844
N#Cc1c(F)c(F)c(C#N)c(C#N)c1F,12.408934593200684
O=C(CC12CCC3CC(CC(C3)C1)C2)N1CCc2ccccc2C1,35.53369140625
N#Cc1ccc(-c2cc3c(cc(-c4ccc(C#N)cc4)n3-c3cc[nH]c(=N)n3)n2-c2ccc(C#N)cc2)cc1,12.808633804321289
N#Cc1ccc(-c2ccc3c(C#N)c(C#N)cc(C#N)c3c2)cc1,11.2186279296875
Cc1ccc2oc(=O)c(-c3nc(-c4ccc(N)cc4)nc(-c4ccc(N5C(=O)c6ccc7c8c(ccc(c68)C5=O)C(=O)OC7=O)cc4)n3)cc2c1,16.824993133544922
CN=c1[nH]c(C#Cc2ccccc2)nc2c(N(C)C)nc(N3CC4CC3CN4)nc12,35.4986572265625
Cc1nc(Cl)cc(C#N)n1,17.251041412353516
N#Cc1ccc(-c2nc(C#N)c(N=Cc3cc(Cl)ccc3O)[nH]2)cc1,19.68398094177246
NC(=O)c1cccc2ccc(C(=O)NC3CN4CCC3CC4)nc12,24.59992027282715
COC(=O)c1c(O)c(O)cc2cc3c(=O)c4c(C)c(C(=O)O)c(O)cc4oc3c(O)c12,29.1618709564209
CC1(C)OCc2cc(CC(N)c3ccc(-c4ccc(C#N)cn4)nc3)c(Cl)cc2O1,27.95120620727539
N#Cc1ccc2c(c1)CCC2,15.123000144958496
Nc1ccc(-c2nc(-c3ccc(-c4nccs4)cc3)nc(-c3ccc(N)nc3)n2)cc1,14.79769515991211
O=C(c1ccccc1)c1cc[n+](-c2nc(Cl)nc(Cl)n2)cc1,14.449028015136719
N#Cc1ccc(CC(C#N)C(N)=O)cc1,19.366777420043945
Nc1ccc(C=Nc2ccc(-c3cc(-c4ccc(NC(=O)c5ccc(O)cc5)cc4)nc(-c4ccccc4)n3)cc2)cc1,20.529829025268555
Nc1ccc(-c2ccc3ccc(O)cc3c2)cc1,15.432637214660645
N#Cc1ccc(-c2nn(-c3ccc([N+](=O)[O-])cc3)cc2C=O)cc1,18.982675552368164
CN(C)c1ccc(C=Nc2ccc(-c3cccc(-c4ccc(C=NNC(=O)OC(C)(C)C)o4)n3)o2)cc1,29.23436164855957
N#Cc1ccc2c(c1)OCC(=O)N2C1CCN(C2CCCCCCC2)CC1,21.848003387451172
CS(=O)(=O)c1ccccc1C(=O)n1oc(=O)c2ccccc21,37.13079833984375
COc1ccc(-n2cc(C#N)c3cc(N)ccc32)cc1,19.974809646606445
Nc1ccc2c(=O)oc(-c3ccccc3)nc2c1,15.065613746643066
N#Cc1ccc(-c2cc3c(cc(-c4ccc(C#N)cc4)n3-c3cccc(N)c3)n2-c2ccc(C#N)cc2)cc1,15.345529556274414
COc1ccc2c(c1)CCc1cc(Nc3cc(=Nc4ccc(N)cc4)nc[nH]3)ccc1C2=O,27.928518295288086
CC12CCC3C(CCC4CC(=O)CCC43C)C1CCC2C=CC#N,31.56399917602539
Nc1cc(O)c2c(O)ccc(N)c2c1,21.629627227783203
CCN1CCN(c2nc3cc(N)cc(N)c3n2C)CC1,23.718713760375977
COC(=O)Nc1cccc(-c2ccc(-c3ccc(C#N)cc3)n2CC(=O)N=C(N)N)c1,23.276065826416016
C=Cc1ccc(C#Cc2cncc(S(N)(=O)=O)c2)cc1,26.065113067626953
Cc1ccc(S(=O)(=O)NC(C)(C)Nc2ccc(F)cc2C#N)cc1,32.85148620605469
Cc1ccc(NN=Cc2nc(N=Cc3c(O)c(C)c(C=O)c(O)c3C=O)c(O)cc2C)c(C(N)=S)c1,45.69911193847656
Cc1c(-c2ccc(O)cc2)c(=O)oc2cc(O)c(O)cc12,21.735239028930664
N#Cc1ccc(Oc2ccc(-c3nc(-c4ccc(N)cc4)nc(-c4ccc(N5CCCCC5)nc4)n3)cc2)cc1,20.92763328552246
N#Cc1ccc(-c2cc(C(=N)N)nc(-c3ccc(C#N)cn3)n2)nc1,23.739471435546875
NC(=O)c1cc(-c2cccc(C(F)(F)F)c2)n2ccccc12,26.365304946899414
CN(C)c1ncc(-c2nc(CNc3ccc(C#N)cc3)nc3ncn(C)c(=O)c23)cn1,18.331132888793945
Cc1ccc(-c2nc3c(nc(=O)c2C#N)c(C)nn3-c2cccc(C)c2)cc1,21.556947708129883
COc1cc(-c2nc(C(C)C)no2)ccc1N=c1ncc(C#N)c[nH]1,23.62277603149414
c1ccc(Cn2c3ccccc3c3c4ccccc4ccc32)cc1,24.696876525878906
COCCn1c(=NC(C)(C)C)c(-c2ccc3c(c2)CCN3)cc2c(C(=O)N(C)C)nccc21,40.8635368347168
N#Cc1cc(-c2cscn2)ccc1-c1ccc(Cl)cc1,26.563032150268555
CCc1c(C)nc(N2CCN(C(=O)C3CCN(C(C)=O)CC3)CC2)nc1C,29.766998291015625
NCc1ccc(-c2ccc(-c3nc4ccccc4[nH]3)cc2)cc1,15.905134201049805
Cn1c(=N)ccc(Nc2ccc(C#N)cc2)c(C#N)c1=O,13.668196678161621
N#Cc1ccc(-c2cccc(-c3cc(C(N)=O)ccc3CN)c2)cc1,20.111618041992188
N#Cc1cccc(-n2[nH]cc(C#N)c2=N)n1,12.55644416809082
Nc1ccc(-c2nc(N)c(=O)c3cnn(C4CCOCC4)c3n2)cc1,21.515687942504883
Cc1nc(-c2ccc(-c3cnn4cc(C#N)cnc34)cc2)no1,17.62549591064453
N#CC#Cc1ccccc1,11.93069076538086
N#Cc1ccc(-c2cc(C#N)c3cc(-c4nccc(C(F)(F)F)n4)ccc3n2)cc1,26.60409164428711
N#Cc1cc[n+](-c2nc(Cl)nc(Cl)n2)cc1,10.80650806427002
Nc1ccc(-c2nc(-c3ccc(O)cc3)nc(-c3ccc(N4C(=O)c5cccc6cccc(c56)C4=O)cc3)n2)cc1,16.875205993652344
N#Cc1cccc(C(=O)N=c2[nH]c3ccc(C#N)cc3n2C2CCN(C3CCCCCCC3)CC2)c1,22.62136459350586
Cc1ccc(-c2cc(-c3ccc(-c4ccc(C#N)cc4)cc3)nn2-c2nc3ccc(C)cc3s2)cc1,20.644113540649414
CN1CCCC1c1nc(-c2ccc(-c3ccnc4[nH]c(-c5ccc(N6CCCNCC6)cn5)nc34)cc2)cc(=O)n1C,42.53590774536133
N#Cc1ccc(-c2ccc(N)c(-c3nc(-c4ccc(N)nc4)nc(-c4ccc(N=c5[nH]c6ccccc6s5)nc4)n3)c2)cc1,26.89090919494629
c1ccc(-c2cn3c(n2)sc2ccccc23)cc1,19.784408569335938
CC(C=Cc1ccc(C#N)cc1)=CC=CC(C)=CC=C1OC(=O)C(C)C1=O,27.63463020324707
N#Cc1ccc(-c2nc(-c3ccc(N)nc3)nc(-c3ccc(N)nc3)n2)cc1,12.454042434692383
O=CN1CCCCC1N=CN1CCC(c2ccc(F)cc2)=N1,31.60807228088379
Cc1c(C(=O)c2ccc(C#N)cc2)c2cc(O)ccc2n1Cc1ccc(-c2ccc(F)nc2)cc1,26.994842529296875
NC(=O)c1ccc(-n2cc(-c3cnc(N4CCOCC4)nc3)nn2)cc1,15.128107070922852
Cc1nc2cc(NC(=O)c3ccc(C#N)cc3)cc(O)c2c(=O)n1Cc1ccccc1,23.48380470275879
N#CCCN1CCC(Cc2ccc(F)cc2)CC1,16.67746353149414
N#Cc1ccc(-c2cc(=O)c3ccccc3n2-c2ccc(C#N)cc2)cc1,10.251338005065918
CCOCCCOC(=O)N(CC)c1c(N)n(Cc2ccccc2)c(=O)[nH]c1=O,31.708303451538086
COc1ccc2c(C(=O)c3ccc(C)cc3)c[nH]c2c1,26.10658836364746
CC(O)C1COC(=O)N1c1cc[nH]c(=NC(=O)c2ccc(C#N)cc2)n1,14.438433647155762
Oc1cc(NCc2cccs2)c(O)cc1N=Cc1cccc(Cl)c1,16.843074798583984
N#Cc1cccc(-c2nc(-c3ccc(N)cc3)ncc2CN2CCCCCCC2)c1,30.452096939086914
Cc1cccc2nc(-c3cccs3)c(C#N)n12,20.856149673461914
Nc1ccc(-c2nc(-c3ccc(N)nc3)nc(-c3ccc(N=Cc4ccc(O)cc4)nc3)n2)cn1,11.418074607849121
N#Cc1ccc(-c2cc(=NCc3ccncc3)[nH]c(N3CCOCC3)n2)cc1,17.92793846130371
Nc1ccc2nc(N3CCOCC3)n(-c3ccc(S(N)(=O)=O)cc3)c(=O)c2c1,23.076892852783203
CCn1c(C)c(Cn2cnc(-c3ccc(-c4ccc(C=C5SC(=O)NC5=O)o4)cc3)c2)c2ccccc21,32.204593658447266
CC(C)c1ccc(-n2c(-c3ccc(C#N)cc3)cc3c2cc(-c2ccc(C#N)cc2)n3-c2nc3ccc(C#N)cc3s2)cc1,15.523748397827148
C=C(C)C(=O)Nc1ccc(-c2nc3ccccc3s2)cc1,22.78447723388672
N#Cc1ccc2[nH]c(-c3ccc(-c4ccc(C=O)cc4)cc3)nc2c1,15.083048820495605
COCCn1c(=O)c2cc3c(=O)n(-c4ccc(C#N)cc4)c(=O)c=3cc(F)c(N3CCNC(C)C3)c3oc(c1=O)c32,27.836063385009766
N#Cc1ccc(N2CC3(CCN(Cc4c[nH]c(-c5ccc(-c6ccc(C(N)=O)cc6)cc5)n4)CC3)OC2=O)cc1,28.604455947875977
Cn1c2c(c3ccccc31)CCc1cc(C#N)ccc1-2,17.323381423950195
Oc1ccc(N=Cc2c(O)ccc3ccccc23)cc1,14.895301818847656
CC(C)N=c1cc(-n2ncc3ccccc32)[nH]cc1C(=O)NCC(F)C(C)(C)O,18.830978393554688
CCCOc1ccc(-c2nc(-c3no[nH]c3=N)no2)cc1,25.967952728271484
N#Cc1ccc(NN=Cc2ccc(O)cc2O)cc1,15.668537139892578
CNC(=O)c1ccc(-n2c(-c3ccc(C#N)cc3)cc3ccc(N)cc32)cc1,20.372943878173828
N#Cc1cc(C#N)c2cccc(-c3ccc(C(N)=O)cc3)c2n1,13.027974128723145
CC1C2COCC2N1c1cc[nH]c(=NC(=O)c2ccc(-c3nc(-c4cncc(C#N)n4)c[nH]c3=N)cc2)n1,37.04716110229492
N#Cc1ccc(-c2cscn2)cc1,12.314584732055664
Nc1cc(O)c(N=Cc2ccccc2O)cc1O,11.087121963500977
N#Cc1c(-c2ccc(N)cc2)cc(-c2ccccc2O)[nH]c1=N,15.72877025604248
C=c1c(C#N)c(N)n(-c2cccc3cc(C(=O)O)ccc23)c1=C,30.984086990356445
Cc1ccc(=Nc2nc3ccc(-c4ccc(CO)cc4)nn3c2-c2cc[n+](-c3nncn3C)cn2)[nH]c1,35.73005676269531
N#Cc1ccc(-c2nc(-c3ccc(N)nc3)nc(-c3ccc(N=Cc4cc(C=O)c(O)c(C=O)c4O)nc3)n2)cc1F,15.912100791931152
CCCCCCc1c(C)cc(C)[nH]c1=O,19.977676391601562
Cc1ccccc1N1CCN(C(=O)CSc2ccccc2)CC1,23.9871826171875
N#Cc1ccc(Oc2cccc(C#N)c2)nc1,15.724048614501953
CN(C)c1ccc(-c2nc3ccccc3n2Cc2cccc(N)c2)cc1,23.052448272705078
N#Cc1ccc(-n2[nH]c(=O)c3cc4c(cc3c2=O)C(=O)C(=O)NC4=O)cc1,10.289649963378906
CNc1ccc(-c2nc(N=c3nc(-c4ccc(N)cc4)cc(-c4ccc(N)cc4)[nH]3)c3cc(N)ccc3n2)cc1,26.52391815185547
Cc1ccc2nc(-n3c(-c4ccc(C#N)cc4)cc4c3cc(-c3ccc(C#N)nc3)n4-c3nc4ccc(C)cc4s3)sc2c1,9.072516441345215
N#Cc1ccc(N2CCN(c3cnc4ccccc4n3)CC2)cc1,18.743350982666016
Cc1ccc(-c2noc(-c3ccc(-c4ccc(C#N)cc4)o3)n2)cc1,16.505584716796875
Nc1nc(SCc2ccccc2)[nH]c(=O)c1N=O,16.748580932617188
N#Cc1cc2cc(F)ccc2[nH]c1=NC1CCCCC1,23.873291015625
Nc1ccc(-c2nc3cc(-c4ccc(F)c(Cl)c4)ccc3o2)cn1,23.280847549438477
N#Cc1ccc(-c2ccc(Cl)cc2)cc1,10.35370922088623
CCCCCc1nc(N2CC(C)SC2=N)nc(=N)[nH]1,37.39541244506836
N#Cc1ccc(-c2cc(-c3ccc(C#N)cc3)nc(-c3cccnc3)c2)cc1,14.405556678771973
N#Cc1ccc(-c2cc(-c3ccc(C=O)cc3)nc(-c3ccc(N)nc3)n2)cc1,16.635961532592773
N#CC=CC(=O)Nc1cccc(C#N)c1,12.60551929473877
N#Cc1ccc(-c2cccc(C3CCN(C(=O)Nc4ccccc4)CC3)n2)cc1,20.089689254760742
Nc1cccc(C=Nc2ccc(N=Cc3ccccc3O)cc2)c1,23.258384704589844
N#Cc1ccc(-c2cc(-c3ccc(N)nc3)nc(-c3ccc(N=Cc4c(O)c(C=O)c(O)c(C=O)c4O)nc3)n2)cc1,14.40569019317627
N#Cc1ccc(C(=O)Nc2cccc(CN=c3[nH]cnc4c(C(N)=O)cccc34)c2)cc1,17.42013168334961
CNc1ccc(-c2cn(-c3ccc(C#N)cc3)cn2)cc1,16.555828094482422
Nc1ccc(-c2nc3sccn3c2C(=O)c2ccccc2)cc1,25.47393035888672
N#Cc1ccc(C(=O)c2cncc(C(=O)N3CCN(C(=O)c4ccccc4)CC3)c2)cc1,34.9548225402832
Cc1nn(C)c(Cl)c1C(=O)NCCSCc1ccccc1F,32.701663970947266
CN1CCN(c2ccc(N=c3nc(-c4ccc(N5CCC(O)C5)nc4)cc[nH]3)cc2F)CC1,22.574230194091797
N=C(N)c1ccc(Br)cc1,14.63875675201416
N#Cc1ccc(-n2ncc3c(=O)[nH]c(Cc4ccc(N)cc4)nc32)cc1,17.811731338500977
Cc1ccc(-c2noc(-c3cccnc3)n2)o1,23.975093841552734
N=c1ncn(Cc2ccc(-c3ccccc3)cc2)c2ccc(N)cc12,20.66298484802246
COc1cc2c(cc1OC)C(=O)C(=Cc1ccc(N(C)C)cc1)C2,17.036802291870117
N#Cc1ccc(-c2ccc(C=Cc3csc(C(N)=O)n3)cn2)cc1,25.915943145751953
COc1ccc(S(=O)(=O)Nc2ccc(Cl)cc2CN(C)C(=O)c2cccnc2)cc1,38.46342849731445
C=c1c(=Cc2sc(=S)n(Cc3ccccc3)c2O)cc(C)n1-c1ccc(C(N)=O)cc1,21.137168884277344
CC(=C(C)c1ccc(C#N)cc1C)c1ccc2c(ccn2C=O)c1,30.22028160095215
COc1nc(=N)c2ncn(C3OC(CO)C(O)C3O)c2[nH]1,23.540681838989258
CN(C(=O)c1ccc(-c2ccc(C#N)cc2)nc1)c1ccc(-c2ccc(C#N)cc2F)cc1,20.532337188720703
N#Cc1ccn(-c2ccc(CN3CCCC3)cc2)c1,18.147531509399414
Cn1c(-c2ccc(C#N)cc2)nc(-c2ccccc2)c1C(=O)N1CCN(c2ncccn2)CC1,23.226572036743164
N#Cc1ccc(-c2csc(-c3ccccn3)n2)cc1,16.923463821411133
N#Cc1ccc(-c2c[nH]c(=Nc3ccc(N4CCOCC4)cc3)c(C#N)c2)cc1,16.972984313964844
Cc1cc(-c2ccc(C#N)cc2)cc(-c2ccc(N=Cc3ccc(N(C)C)cc3)cc2)[n+]1C,27.909120559692383
COc1ccccc1-c1csc2[nH]c(=N)[nH]c(=N)c2c1=O,21.962390899658203
Nc1ccc(-c2nc(-c3ccc(N=Cc4cc(C=O)cc(C=O)c4O)nc3)nc(-c3ccc4c(c3)OCO4)n2)cn1,11.955790519714355
Cn1cc(-c2ccccc2)cn1,12.905637741088867
Cc1cccc(C)c1NC(=O)N1CCN(CC#N)CC1C,27.229616165161133
N#Cc1ccc(-c2ccc(-c3nc(-c4ccc(N)nc4)nc(-c4ccc(N=Cc5cc(C=O)c(O)c(C=O)c5O)nc4)n3)cn2)cc1,10.23885726928711
Cc1nc(N2CCCCC2)cc(-n2nc(C)nc2C)n1,17.11636734008789
CCOc1ccc(-c2ccc(-c3nc(-c4ccc(N)cc4)nc(-c4ccc(N)nc4)n3)cc2)cc1,16.02595329284668
Cc1cc(C2CCOCC2)nc(-c2ccc(C(=O)N3CC(F)CC3C#N)cc2)n1,21.46661376953125
CC(=O)c1ccc(-c2cccc(-n3cnc4cc(-c5ccc(Cl)cc5)ccc4c3=O)c2)cc1,28.231239318847656
CC(=O)N1CCc2cc(-c3ccccc3)cc(-c3ccc(C#N)nc3)c21,22.76580238342285
N#Cc1cccc(-c2cc(=Nc3ccccc3)[nH]c(=N)[nH]2)c1,17.30613899230957
N#Cc1ccc(C#N)c(F)c1,13.68178653717041
COc1ccc(Oc2c(Cl)cnn(Cc3cccc(N)c3)c2=O)cc1,21.578357696533203
N#Cc1ccc(-c2nc(-c3ccc(CN4CC(C(=O)O)C4)cc3)nc(-c3ccc(N)nc3)n2)cc1,18.303985595703125
Cc1ccc(N=c2cc(Nc3ccc(C#N)cc3)nc3cc[nH]n23)cc1,26.932819366455078
O=C(O)c1sc2ccccc2c1SCc1ccccc1,27.001243591308594
C#Cc1ccc(-c2ccc(-c3ccc(C#N)cc3)nc2)cc1F,16.04770278930664
C#Cc1cc(-n2cnc3c(F)ccc(Cl)c3c2=O)ccn1,26.760616302490234
Nc1ccc(-c2ccc3c(=O)n(-c4ccccc4)[nH]c(=O)c3c2)cc1,20.753173828125
Cc1cc(C)cc(-n2nc(-c3ccc(N)cc3)c3ccccc3c2=O)c1,19.83689308166504
Cc1nc(-c2ccccc2)cs1,15.750110626220703
CC1CC(C)CN(CC(=O)Nc2ccccc2C#N)C1,21.801679611206055
Nc1ccc(CC(=O)Nc2ccc3nsnc3c2)cc1,20.188385009765625
N#Cc1ccc2cc(-c3ccc(-c4cccc(N)c4)cc3)ncc2c1,23.52308464050293
N#Cc1ccc(Nc2cccc(NC3=c4ccccc4=NC3=O)c2)cc1,24.785104751586914
N#Cc1ccc(-c2cnn(-c3ccc(=NN=Cc4ccc(O)cc4)[nH]c3)c2)cc1,21.099153518676758
CC1CN(c2ncc(-c3ccc(C#N)cc3)c(-c3ccc(C#N)cc3)n2)CC(C)N1,14.104182243347168
Cn1c(-c2ccc(C(=O)NN=Cc3ccc(F)cc3)cc2)nc2ccccc21,17.540067672729492
CC(C)=Cc1ccc(C=Nc2cc(O)c(N)cc2O)c(O)c1O,17.0902099609375
Nc1ccc(-c2cc(N3CCOCC3)nc(-n3cccc3)n2)cn1,16.812681198120117
Nn1c(=O)c2cc(F)c(N3CC4CC4C3)cc2n(C2CC2)c1=O,20.742109298706055
N#Cc1cnc(=NCc2cccc(N)c2)[nH]c1N,20.513891220092773
NCCCC(=O)Nc1ccc(-c2nc3ccccc3[nH]2)cc1,22.179264068603516
Cc1cccc(C(O)(c2ccc(Cl)cc2)c2cnc(Cl)nc2)c1,22.23448371887207
Nc1ccc(-c2n[nH]c(-c3ccc(N)cc3)n2)cc1,13.373271942138672
CN(C)c1ccc(-c2nc(Oc3ccc(C#N)cc3)c(C#N)c(-[n+]3ccc(C=NO)cc3)n2)cc1,25.542394638061523
CC1(C)OC(=O)N(c2ccc(-c3ccc(C#N)cc3)cn2)C1c1ccc(C#N)cc1,10.966079711914062
Oc1ccc(C=Cc2cc(-c3ccc(O)cc3)nc(C=Cc3ccc(O)c(O)c3)n2)cc1,16.05168342590332
COc1ccccc1NC(O)c1cc(O)n(-c2cccc(O)c2)c1,22.41820526123047
CSc1nccc(-c2ccnc(-c3ccc(N)nc3)n2)n1,16.5624942779541
N#Cc1ccc(-c2ccc(Cn3nc(-c4ccc(C#N)cc4)c4c(=N)[nH]cnc43)nc2)cc1,21.44300079345703
N=c1[nH]cc(-c2ccc(N)cc2)c2ccc(-c3ccc(N)cc3)nc12,19.240381240844727
N#Cc1ccc(-c2ccc(C(F)(F)F)cn2)cc1,12.115883827209473
O=c1c2ccccc2nc(C=Cc2ccc(-c3cscn3)cc2)n1-c1ccccc1,25.33786964416504
O=Cc1c(-c2ccccn2)c2n(c1Cc1ccc(-c3ccccc3-c3nn[nH]n3)cc1)CCC2,27.439571380615234
N#Cc1ccc(-c2ccc(-c3cc(-c4ccc(N)nc4)nc(-c4ccc(N)cc4)n3)cn2)cc1,14.326714515686035
CC1Cc2ccccc2CN1,17.498085021972656
Nc1ccc(-c2nc3c(O)cc(N)cc3c(=O)[nH]c2=O)cc1,22.568742752075195
Cc1ccc2c(c1)nc(CNc1ccc(C#N)cc1)n2C,23.944517135620117
CCOc1cccc(-c2cc(-c3ccc(N)cc3)nc(-c3ccc(C#N)cc3)n2)c1,21.54749870300293
N#Cc1ccc(Nc2ccc(Oc3cc(Cl)cc(C#N)c3)cc2)cc1,18.046796798706055
COc1cc(C(=O)O)ccc1Cn1cc(Nc2ccc(-c3ccccc3)cc2)c2ccccc21,30.472949981689453
Cc1cc(-c2cc(-c3ccc(N=Cc4cc(C=O)cc(C=O)c4O)nc3)nc(-c3ccc(N)nc3)n2)ccc1Cl,17.969892501831055
COc1ccc2sc(-n3c(-c4ccc(C#N)cc4)cc4ncc(-c5ccc(C#N)cc5)cc43)nc2n1,23.1109561920166
N#Cc1ccc(-c2nnc(-c3ccc(N)cc3)n2N)cc1,11.105416297912598
Cc1occ(-c2ccccc2)c(=O)c1C(=O)N=c1[nH]c(-c2ccc(F)cc2)cs1,28.898635864257812
Cc1nn(-c2ccc(N)cc2)nc1C=CC(O)=NO,22.884191513061523
N#Cc1cccc(C=C2Oc3cc(O)cc(O)c3C2=O)c1,20.17386245727539
N#Cc1ccc[nH]c1=Nc1ccc(-c2cnc(-c3ccc(N)cc3)nc2)cc1,25.953115463256836
CC1C2C3C(C)(C)C(O)CCC2(C=CC12C=CCO2)C31COC(=O)C1,39.49525451660156
COc1ccc(C#N)cc1N=c1nc(N=c2cc(C3CC3)[nH][nH]2)c(Br)c[nH]1,18.13099479675293
CN1CCN(c2nc(C#N)ncc2C#N)CC1,14.225894927978516
Cc1cccc(C2CC(=O)Nc3c2c(=O)n(-c2ccc(-c4nc(-c5ccc(N)cc5)nc(-c5ccc(N)cc5)n4)cc2)n3C)c1,22.3310546875
N#Cc1ccc(O)c(C(=O)NCCc2c(N)[nH]c(=N)[nH]c2=O)c1,28.181968688964844
CCOc1ccc(CCC(=O)O)cc1-c1ccc(-c2ccc(C#N)cc2)nc1,20.29433822631836
O=C(Cc1cccc2ccccc12)NN=Cc1ccc2c(c1)OCO2,21.878108978271484
N#Cc1ccc(-c2cc3c(cc(-c4ccc(C#N)cc4)n3-c3cccc(O)c3)n2-c2ccc(C#N)cc2)cc1,11.696664810180664
Cn1c(-c2ccc(-c3ccc(N)cc3)cc2)cc2ccccc2c1=O,18.765649795532227
N#Cc1ccc(-n2c(O)cc(-c3ccc(N)cc3)c2O)cc1,15.120379447937012
Nc1ccc(-c2ccc(N)cc2)cc1,12.603633880615234
N#Cc1ccc(N2C(=O)c3cc(C#N)ccc3C2(O)c2ccc(C#N)cc2)cc1,17.49162483215332
Nc1ccc(-c2ccc(=NN=Cc3ccc(O)cc3)[nH]n2)cc1,14.28844928741455
CC1COCCN1c1nc(-c2ccc(NC(=O)Nc3ccc(C#N)cc3)cc2)nc(N2CCOCC2C)n1,16.389549255371094
CCOC(=O)c1c[nH]c(=Nc2ccc(-c3cn(CC)c4nc[nH]c(=N)c34)cc2)nc1C,26.186067581176758
CN(C)c1ccc(C=Nc2cc(O)n(-c3ccc(F)cc3)c2O)cc1,17.94776153564453
N#Cc1ccc(-c2ccnc3[nH]cc(-c4ccc(C#N)cc4)c23)cc1,18.289758682250977
C=C1OC(=N)C(C#N)C(c2ccc(OC)cc2)C1C#N,20.9290771484375
N#Cc1ccc(C(=O)CC(=NO)c2ccc(C#N)cc2)cc1,16.25266456604004
CC1(c2ccc(C=CC(=O)O)cc2)c2ccc(O)cc2C(=O)N1c1ccc(C#N)cc1,19.398601531982422
CC(C)CC(NC(=O)c1ccc2c(Cl)c[nH]c2c1)C(=O)N(C)C,28.897586822509766
NC(=O)c1cc(N=Cc2ccc(-c3nc(-c4ccc(C=O)cc4)nc(-c4ccc(C=O)cc4)n3)cc2)ccc1O,11.843774795532227
Nc1ccc2c(=O)cc(-c3ccccc3)oc2c1,15.000763893127441
CC(=O)c1ccc(NC(=O)c2ccc(-c3cnccn3)cc2)cc1,18.989967346191406
Cc1ccc(-c2cc(-c3ccc(Cl)cc3)nc(-c3ccc(N4C(=O)CSC4c4ccc(N5CCOCC5)cc4)cc3)c2)cc1,26.449037551879883
Cc1c(-c2ccc(C#N)cc2)nc(-c2ccc(N)nc2)nc1-c1ccc(N2CCN(C)CC2)cc1,14.041525840759277
Cn1c2ccccc2c2c3c(c(-c4ccc(N)cc4)cc21)-c1cccc(-c2ccc(Cl)cc2)c1C3=O,33.14418029785156
Clc1ccc(Cn2c(-c3cccnc3)nc3cccnc32)cc1,25.02298355102539
Cc1nccc(-c2ccc(N)cc2)n1,15.08047866821289
Cc1ccc2c(=O)n(CC(=O)Nc3ccc(C#N)cc3)cnc2n1,20.326148986816406
OCC1OC(OC2OC(CO)C(O)C(O)C2O)C(O)C(O)C1O,17.746259689331055
Cc1nc(-c2ccccc2-c2cccc(C#N)c2)n(C)n1,20.899539947509766
N#Cc1ccc(N=Nc2ccc(C#N)cc2)cc1,12.965944290161133
N#Cc1cccc(-c2cc(-c3ccc(N4CCOCC4)nc3)nc(-c3ccc(N)nc3)n2)n1,12.910770416259766
Cc1ccc(N2C(=O)c3nc4ccccc4nc3C2=O)cc1,15.02547836303711
N#Cc1ccc(-c2ccc(NS(N)(=O)=O)cc2)cc1,17.797569274902344
Nc1ccc(-c2nc(-c3ccc(N)cc3)nc(-c3ccc(-n4cc5ccc6ccc([N+](=O)[O-])c7c(=O)oc(=O)c(c4=O)c5c67)cc3)n2)cc1,12.887187004089355
Cc1ccc(-n2cc(C=Nc3ccccc3N)c(-c3ccc(N)cc3)n2)cc1,24.50080108642578
N#Cc1c[nH]c2ccc(O)cc12,18.69305992126465
Cc1ccc(OCCNC(=O)c2ccc(C#N)cc2)cc1,19.86127471923828
Cc1cc(-c2cc(-c3ccc(C#N)cc3)nc(-c3ccc(C#N)cc3)c2C(N)=O)nc(N2CCOCC2)n1,30.064661026000977
c1ccc(Cn2cnc3c(-c4ccccc4)nc(-c4ccccc4)nc32)cc1,26.340394973754883
N#Cc1c[nH]c(=NC2CCCNC2)c(-c2nc(C#N)c[nH]2)c1,20.50002670288086
C#CCn1c(-c2ccc(C#N)cc2)cc2c1cc(-c1ccc(C#N)cc1)n2-c1ccc(C#N)cc1,18.475650787353516
Nc1ccc2cc(N=Nc3ccc(S(N)(=O)=O)cc3)ccc2c1,20.87720489501953
N#Cc1ccc(NC2=C(N)C(=O)C(N)=C2Nc2ccc(Cl)cc2)cc1,26.491024017333984
CCC(=O)c1c2ccccc2c(C#N)c2ccccc12,21.628602981567383
CC1CN=c2c(c3ccccc3n2Cc2ccccc2)=NN1,24.79570770263672
Cc1cccc2[nH]c(-c3cccc(-c4cc(-c5ccccc5)cc(-c5ccc(C=O)s5)c4)c3)nc12,28.61707305908203
N#Cc1cc(C#N)c2ccc(-c3ccc(N4CCC(F)(F)C4)nc3)cc2n1,21.23882293701172
CC(C)(C(=O)NCCO)c1ccc(-c2nc(-c3ccc(N)cc3)nc(-c3ccc(N4C(=O)c5ccc6c7c(ccc(c57)C4=O)C(=O)OC6=O)cc3)n2)cc1,30.842130661010742
COc1ccc(-c2csc(-n3c(SCc4ccc(C#N)cc4)nc4ccccc4c3=O)n2)cc1,22.506908416748047
N#Cc1cccc(C(=O)N=c2cc(Oc3ccc(N)cc3)nc[nH]2)c1,23.304607391357422
COc1ccc(NC(=O)CSc2nc(N)cc(=O)[nH]2)cc1OC,18.859683990478516
COc1cc(C(N)=O)ccc1-c1nccc(-c2ccc(N)nc2)n1,22.159809112548828
CC1CN(C(=O)c2ccc3ccccc3c2)CCN1C(=O)C1c2ccccc2-c2ccccc21,32.95138931274414
COc1cc(N)c(N)cc1OC,17.05666160583496
Cc1ccc(C(=O)C=Cc2ccc(Cl)cc2Cl)cc1,17.50362777709961
NNC(=O)c1ccc(N)cc1,17.313631057739258
O=C(O)CC1c2ccccc2-c2ccccc21,17.425708770751953
N#CCc1ccc(O)c(-c2nc3c(o2)-c2[nH]c4ccccc4c2CC3)c1,38.969234466552734
N#Cc1ccc(Cn2c(-c3ccc(C#N)cc3)nc3cc(C#N)ccc32)cc1,14.586063385009766
Cc1c(Cc2nc3ccccc3o2)c2cc(F)ccc2n1CC(=O)O,24.84966468811035
CNc1ccc(-c2nc(-c3ccc(N)cc3)nc(-c3ccc(-n4cc5c6c(c4=O)-c4c(cccc4C(O)N6)C=C5)cc3)n2)cc1,26.222267150878906
Cc1ccc(CN(C(=O)c2ccc(O)cc2O)c2ccc(-c3ccc(N)cc3C)cc2)cc1,23.234193801879883
Cc1cccc(=O)n1Cc1ccc(-c2ccccc2C(=O)O)cc1,21.5237979888916
Nc1ccc(-c2nc3ccccc3c(=O)[nH]2)cc1,13.47281551361084
CCC1=C(OC)c2ccc(C)cc2C1=O,25.406572341918945
CS(=O)(=O)N1CCC(n2nc(-c3ccc(C#N)cc3)cc(C#N)c2=O)CC1,17.783479690551758
Cc1cc(-c2ccc(C#N)cc2)nc(-c2ccc(N)nc2)n1,10.699935913085938
COc1ccc(NC(=O)CN2c3ccccc3S(=O)(=O)c3ccccc32)cc1,21.12540054321289
CC(=O)Nc1ccc(Oc2ccc(C#N)cn2)cc1,16.980342864990234
COc1cc2c(cc1Oc1cc(N=Cc3cc(C=O)ccc3O)ncn1)CNC2=O,30.05730438232422
N#Cc1ccc(-c2nc3c(=O)n(-c4ccc(C#N)cc4)c(N)c(C#N)c3[nH]2)cc1,19.4414005279541
Cc1cc(C(C)C)ccc1N=c1cc(N)[nH]c(=N)[nH]1,22.136377334594727
COc1cc(O)c2c(c1)C(=O)c1cc(CC=C(C)C)cc(O)c1C2=O,21.193161010742188
COc1ccc(-c2cc(-c3ccc(N)cc3)[nH]c(=N)c2C#N)cc1,14.65491771697998
N#Cc1ccc(-c2ccc3c(n2)C(=O)N(c2cccc(C#N)n2)C3)cc1,13.474775314331055
CCCCCN(Cc1ccccc1)C(=N)N[N+](=O)[O-],23.890047073364258
COc1nc(-c2ccc(C#N)cc2)cc(-c2ccc(-c3ccc(N)cc3)cc2)c1C#N,20.989927291870117
CCc1c(C#N)nc(-c2ccccc2)n1-c1ccc(C#N)cc1,15.765519142150879
CC(C)C(c1ccc(-c2ccc(C#N)cn2)cc1)c1cc(-c2ccc(C#N)cc2)c(C#N)c2ccccc12,27.187196731567383
CN1Cc2cc(-c3cccc(C#N)c3)ccc2C1=O,15.020779609680176
CN(C)CCCN(Cc1ccc(-c2ccc(C#N)cc2)cc1)C(=O)CN1C(=O)C(NC(=O)Nc2cccc(C#N)c2)C(=O)N(c2ccccc2)c2ccccc21,26.684289932250977
CC1(C)COC(c2ccc(Cl)cc2)OC1,23.5263614654541
N#Cc1c2n(c3c(=O)ccccc13)CCN(c1nc(-c3ccc(N)cc3)cc(-c3ccc(F)cc3)n1)C2,22.23113250732422
CCCCCc1ccc(Cl)c(CN(C(=O)C2CNCCC2c2ccc(OCCOc3c(Cl)cc(C)cc3Cl)cc2)C2CC2)c1,25.949874877929688
CCCS(=O)(=O)c1nc(-c2ccc(C#N)cc2)n(-c2ccc(C#N)cc2)n1,25.722631454467773
Cn1cc(-c2nc(-c3ccc(N)cc3)nc(-c3ccc(C#N)cc3)n2)c(-c2ccc(N)cc2)n1,15.755547523498535
Cc1cc(Cc2cccc(C)c2O)ccc1N,20.84253692626953
N#Cc1ccc(C#Cc2ccc(F)cc2)cc1,13.107949256896973
COC(=O)C1(O)N=C(c2ccccc2)c2c(c(O)n(C)c2O)N1,31.765762329101562
Oc1ccccc1C=NN=c1cc[nH]c2cc(Cl)ccc12,16.048004150390625
Cc1nc(-c2cnc(C(C)N=c3nc(N4C(=O)OCC4C(C)O)c(C)c[nH]3)c(F)c2)no1,23.820907592773438
Cc1cc(-c2ccc(-c3ccc(N)nc3)nc2)nc(C#N)n1,12.746966361999512
O=Cc1ccc(-c2nc(-c3ccc(C=O)cc3)nc(-c3ccc(C=Nc4cc(O)[nH]c4O)cc3)n2)cc1,18.770832061767578
CC(C)Cc1ccc(C#Cc2ccc(C#N)cc2)cc1,12.930316925048828
O=C(CCN1CCCC1)Nc1ccc2c(c1)C(=O)c1ccc(NC(=O)c3cnoc3)cc1C2=O,31.787559509277344
N#Cc1ncc(-c2ccc(N)cc2)nc1N,13.30324649810791
Nc1cccc(C(=O)C=Cc2ccc(O)c(O)c2)c1,17.731748580932617
CC(C)(C#N)c1ccc(-c2c[nH]c(=N)cn2)c(F)c1O,19.584592819213867
C=C(C)C1CCCc2cc(O)c(C)c(C)c21,25.74350357055664
Cc1ccc(-c2cc(-c3ccccc3)c(C#N)c(-c3ccccc3)n2)cc1,14.793484687805176
O=CN1CCN(c2ccc([N+](=O)[O-])cc2)CC1,18.92191505432129
COc1cc2c(cc1OC)N1C(=O)C(=Cc3ccccc3)CCC1N(C)C2=O,25.030986785888672
Cc1[nH]n(-c2ccc(C#N)cc2)c(=O)c1Cc1ccccc1,15.686481475830078
Cc1cccc(C=NNC(=O)c2ccc(O)c(Cl)c2)n1,23.645891189575195
Cc1ccc2nc(-n3c(-c4ccc(C#N)cc4)cc4c3cc(-c3ccc(C#N)cc3)n4-c3ccc(-c4nc(C)no4)cc3)sc2c1,17.188941955566406
Cc1ccccc1NC(=O)CCCn1c(=O)[nH]c2ccccc2c1=O,24.024703979492188
N#Cc1ccc(-c2cnc(N3CCC(C#N)(c4ccc(C#N)cn4)CC3)nc2)cc1,15.682679176330566
N#CC1(c2cccnc2)CCN(Cc2ccc(F)cc2F)CC1,28.926454544067383
Nc1ccc(-c2cc(-c3cnc(N4CCOCC4)nc3)nc(-c3ccc(N)nc3)n2)cn1,13.15334415435791
Cc1ccc2[nH]c3c(C(=O)O)c4ccccc4c(Br)c3c2c1,28.29183006286621
CC(C=Cc1ccc(C#N)cc1)=C(C)CN1CCCCC1,30.396791458129883
N#Cc1ccc(C=CC(=O)Cc2c(O)cc(O)[nH]c2=O)cc1,30.358999252319336
COc1ccc(CSc2nncn2C)cc1F,23.107101440429688
Cc1ccc(NCCNCCO)c2c(=O)c3ccccc3sc12,23.244144439697266
Cc1sc2nc(-c3ccc(N)nc3)[nH]c(=NCC(N)Cc3ccc(F)cc3)c2c1C#N,27.923274993896484
C[S+]([O-])c1ccc(-c2cccn2-c2ccc(C#N)cc2)cc1,21.128707885742188
N#Cc1ccc(-c2cc(-c3ccc(-c4nc(Cl)nc(Cl)n4)cc3)cc(-c3ccoc3)c2)cc1,18.752498626708984
Cc1cccc(NC(=O)N2CCCC(CNC(=O)c3cccc(-c4nccc(-c5ccco5)n4)c3)C2)c1,41.081172943115234
Cc1ccc(S(=O)(=O)Cc2nc(-c3ccc4ncnn4c3)n[nH]2)cc1,30.127273559570312
N#Cc1ccc(-c2cn3c(n2)c(=N)[nH]c2ccc(N)cc23)cc1,18.89289093017578
Nc1ccc(-c2csc(=NC(=O)C=Cc3cccnc3)[nH]2)cc1,19.195466995239258
COc1ccc2nc(N3CCN(C)CC3)c(C#N)cc2c1,18.204191207885742
N#Cc1ccc(C2c3cc(O)ccc3CCN2C(=O)c2ccc3c(c2)OCO3)cc1,27.477230072021484
CCCCCCCCCCCC[N+](CC)(CC)CC,22.46319580078125
COc1cc2ccc(C)c[n+]2c2c1oc1ccccc12,27.633066177368164
Nc1ccc(-c2cc(=NCCN=c3cc[nH]c4cc(Cl)ccc34)c3ccccc3[nH]2)cc1,23.50943946838379
CCCc1ccc(-c2ccc(-c3ccc(CC)cc3)n2CC(=O)N=C(N)N)cc1,28.153284072875977
NC(=O)c1ccc(-c2cc3ncn(-c4cccc(N)c4)c(=O)c3s2)cc1,25.54943084716797
N#Cc1cccc(-c2nnn(-c3ccc(C(N)=O)cc3)n2)c1,20.63149070739746
Cn1c2ccccc2c2c(C#N)nc(-c3ccc(Nc4ccc(C#N)cc4)cc3)c(C#N)c21,22.654966354370117
N#Cc1ccc(-n2nc(C(F)(F)F)cc2C2=CCCCC2)nc1,21.46941375732422
COc1cc(C=Nc2ccc(-c3nnc(-c4ccccc4)o3)cc2)ccc1O,15.728291511535645
N#Cc1ccc(Oc2ccc3nc(-c4ccc(N)cc4)n(CCN4CCOCC4)c3c2)cc1,22.306884765625
C=CCN1C(=O)c2ccc(NC(C)=O)cc2C1=O,22.288297653198242
Cc1ccc(=NC2CCN(Cc3nc(=O)c4c([nH]3)CCC4)CC2)[nH]n1,28.668827056884766
Cc1ccc(N=c2[nH]c3ccccc3cc2C#N)cc1F,22.758235931396484
CC1CN(C)CCN1Cc1cc(F)cc(C#N)c1,23.299922943115234
N#Cc1ccc(NCc2cccc(CN)c2)cc1,21.570125579833984
Cc1ccc(CCNS(=O)(=O)c2ccc(-c3csc(C)n3)cc2)cc1,24.562898635864258
CN1CCc2c(c(C#N)cc3c2-c2ccccc2-3)C1,18.154176712036133
N#Cc1ccc(Oc2ccc(NC(=O)Cc3ccc(-c4ccc(C#N)cc4)cc3)cc2)cc1,19.757226943969727
Cn1c(-c2ccc(C#N)cc2)c(C#N)c2c(C#N)nc(-c3cc(C#N)ccc3C#N)c(O)c21,29.470102310180664
N#Cc1ccc(S(=O)(=O)N2CCN(C=O)CC2)cc1,12.637984275817871
N#Cc1ccc(N=c2nc(-c3cnc(N4CCC(F)C4)c(C#N)c3)cc[nH]2)cc1,14.474066734313965
Cc1ccc(-c2nc(-c3ccccc3)nnc2-c2ccc(N)cc2)cc1,16.940868377685547
Oc1ccc2ccccc2c1C=Nc1nccs1,12.625327110290527
NC(=O)c1ccc(-n2nc(C(F)(F)F)cc2-c2ccc(-n3ccnc3)cc2)cc1,17.82671546936035
N#Cc1[nH]c2cc(O)ccc2c1C#N,16.74831199645996
C#CC#Cc1nc(=N)[nH]c(N)c1C#N,20.046512603759766
N#Cc1ccc(-c2nc3cc(N)ccc3c(=O)n2-c2cnc(N=Cc3ccc(N)c4ccc(N)cc34)[nH]2)cc1,39.32673645019531
O=C(NCCCCc1ccccc1)C1Cc2c([nH]c3ccccc23)C(c2cccc3ccccc23)N1,27.624740600585938
Cc1c(C(N)=O)cc(-c2c3ccccc3c(C#N)c3ccccc23)n1C,25.33167266845703
Nc1ccc(-c2nc(-c3ccc(N=Cc4ccc(O)cc4)cc3)nc(-c3ccc(N)nc3)n2)cn1,15.513469696044922
O=Cc1cc(C=C2C=CC(=O)C=C2)c(O)c(C=O)c1O,20.44707489013672
N#Cc1ccc(C#N)o1,12.87014389038086
Cc1[nH]c(=N)nc2c1c(-c1ccccc1)cn2-c1ccc(C#N)cc1,20.617263793945312
N#Cc1ccc(-c2cc(NC=O)c3ncc(-c4ccc(C(N)=O)cc4)n3c2)cc1,11.592206001281738
Cn1ccc2c3cc4c(=O)n(-c5ccc(C#N)cc5)c(=O)c4cc3c(=O)c21,20.845741271972656
C=C(C)C1CCC2(C)C(=CCC3C4(C)CCC(O)C4CCC32C)C1(C)C,30.972970962524414
Cc1nsc(-c2nc(N=CN(C)C)c(-c3ccc(C#N)cc3)nc2-c2ccc3c(c2)n(C)c(=O)n3C)n1,31.445987701416016
CC(=O)N1CCCc2ccc(O)cc21,25.676420211791992
C=Cc1ccc(-n2nc3c(sc4ccc(-c5ccc(N)cc5)cc43)c2O)cc1,30.599653244018555
N#Cc1ccc(-n2ncnc2-c2cccc(C#N)n2)cc1,16.1840763092041
Nc1cc(O)c(N=Cc2cc(O)c(O)c(O)c2)cc1O,11.071934700012207
CC(O)C(NC(=O)C(CCCCN)Nc1ccccc1)C(N)=O,34.170921325683594
N#Cc1ccc(-c2ccc(C#Cc3ccc4c(c3)CCNC4=O)cn2)cc1,19.762691497802734
N#Cc1ccc(-n2cccc2)cc1,13.222805976867676
CC(=O)c1ccc(-c2ccc(Cn3c(CO)cnc(N4CCOCC4)c3=S)cc2)cc1,32.931243896484375
Cc1nc(-c2ccc(OC3CCOCC3)c(C#N)c2)cc(=Nc2nc(-c3ccc(C#N)cc3)cs2)[nH]1,24.436988830566406
N#Cc1cccc(-c2nc(-c3ccc(N)nc3)nc(-c3ccc(N=Cc4cc(C=O)c(O)c(CN5CCCC5)c4)nc3)n2)c1,20.774288177490234
Cc1cc(C#N)cc2[nH]c(=NN=Cc3ccc(O)cc3)[nH]c12,17.29903221130371
O=c1c2ccccc2[nH]c(=NN=Cc2ccc(O)cc2)n1-c1ccccc1,15.944820404052734
CC(C)(C)CNC(=O)c1ccc(O)c(-c2ccc(C#N)cc2)c1,18.70294952392578
N=c1[nH]cc(Cc2ccc(CC(N)C(=O)O)cc2)c(=N)[nH]1,24.202091217041016
N#Cc1ccc(-c2cc3c(c(C#N)cn3-c3ccc(C#N)cc3F)n2-c2ccc(C#N)cc2)cc1,18.629186630249023
Cn1c(N2Cc3ccccc3C2)nc(-c2ccnc(N)c2)cc1=O,25.238086700439453
Cc1cccn2c(C(=O)c3ccc(C#N)cc3)cc(-c3ccc(C#N)cc3)c12,20.414260864257812
CC1(C)CC(=O)c2cc(-c3ccc(-c4ccc(C=O)cc4)o3)cc(O)c21,27.252296447753906
N#Cc1ccc(-c2ccc3c(n2)Nc2ccc(N)cc2N(c2ccc(C#N)cc2)C3=O)cc1,29.47328758239746
Cn1nc(-c2ccc(N)cc2)nc1-c1ccc(-c2ccc(C#N)cc2)c(C#N)c1,16.534921646118164
Nc1ccc(-c2cc(-c3ccc(F)cc3)nc(-c3ccc(N)cc3)n2)cc1,11.453622817993164
COc1cc(C#N)c(C#N)cc1-c1sc(-c2ccc(N)cc2)nc1-c1ccc(F)cc1,24.76432991027832
CN1CCN(c2ccc(-c3nc4c(-c5ccc(-c6cnn(C)c6)cc5)ccnc4[nH]3)cc2)CC1,27.295808792114258
CCCSc1nc(=O)[nH]n1-c1cccc(C(F)(F)F)c1,35.299983978271484
CC(=Nc1cc(O)c(N)cc1O)c1ccc(N)cc1,14.168694496154785
COCC(=O)Nc1ccc(F)c(C2(CF)COCC(=N)N2)c1,23.70100975036621
Cc1cccc(C(F)F)c1N=c1[nH]cnc2ccc(NC(=O)c3ccc(C#N)cc3)cc12,29.451974868774414
CC(C)=CC=CC(C)=CCC(=O)N=C(Cc1cc(C=C(C)C)c(O)c(C(C)C)c1)C(=O)O,40.76035690307617
COC(=O)Nc1ccc(-c2nc(-c3ccc(N4CCOCC4)nc3)nc(N3CCOCC3)n2)cc1,21.716995239257812
N#Cc1cc(Cl)c(C#N)cn1,12.084031105041504
Nc1ccc(-c2nc(-c3ccc(N=Cc4cc(C=O)c(O)c(C=O)c4O)nc3)nc(-c3cccc(C(=O)O)c3)n2)cn1,14.774985313415527
c1ccc(-c2cnc3nnn(-c4nc5cc6c(cc5s4)OCO6)c3c2)cc1,21.217912673950195
N#Cc1ccc(CSc2nc(=O)c(C#N)c(-c3ccccc3)[nH]2)cc1,12.47425651550293
CN1CCN(c2ccc(-c3[nH]c4ccc(C#N)cc4c3C#N)cc2)CC1,19.485427856445312
O=c1cc(Cc2nc(-c3ccc(F)cc3)no2)oc2ccccc12,23.761035919189453
N#Cc1ccc(-c2cccs2)cn1,17.795055389404297
O=c1ccc2ccc3c(c2o1)C1C(O3)OC2C(O)C(O)C(O)C(CO)C21,30.882951736450195
N#Cc1cc(S(=O)(=O)c2ccc(N)cc2)ccc1F,18.510473251342773
Nc1ccc(C=Cc2sc3cc(N)ccc3[n+]2-c2ccccc2)cc1,21.328027725219727
N#Cc1ccc2oc(O)c(-c3ccc(N)cc3)c(=O)c2c1,17.836807250976562
O=C(O)c1ccc(-c2ccc(-c3cc(-c4ccccc4)cc(-c4ccc(-c5nc(Cl)nc(Cl)n5)cc4)c3)cc2)cc1,12.484046936035156
N#Cc1ccc(-c2[nH]c(C(=O)O)cc(=N)c2C#N)cc1,18.437971115112305
Nc1ccc(-c2cc(-c3cc(O)c(N)cc3O)nc(-c3ccc(N)cc3)n2)cc1,19.5306453704834
CC(C)c1ccc(-c2ccc(Cn3cnc4nc(C#N)c(N)nc43)cc2)cc1,21.23813247680664
CCC1(C)Cc2ccccc2-c2nc(C)n(-c3ccccc3)c(=O)c21,26.199905395507812
N#Cc1ccc(NC(=O)c2cccc(-c3ccc(O)cc3)c2)c(C(=O)O)c1,22.794960021972656
Cc1cccc(C=CC(=O)c2ccc(C(=O)C=Cc3ccc(-c4cc(-c5ccc(C#N)cc5)nc(-[n+]5ccccn5)n4)cc3)cc2)c1,29.8051815032959
N#Cc1ccc(-c2ccc3c(c2)C2(COC(=N)N2)C2(COC2)C2(CCC2)O3)cc1,16.42238998413086
C#CCn1cc(-c2ccc(-c3nc(-c4ccc(C#N)nc4)nn3C)cc2)cn1,25.826677322387695
Cc1nc(N=c2nc[nH][nH]2)[nH]c(=Nc2ccc(C#N)cc2)c1Br,29.797134399414062
COC(=O)C=Cc1cnc(N2CCOCC2)nc1OC,27.125240325927734
Oc1cccc(N=c2nc(N=c3cc(C4CC4)[nH][nH]3)c(Br)c[nH]2)c1,14.776622772216797
Cc1cc(=Nc2nc(-c3ccc(N)cc3CO)nc3ncccc23)[nH][nH]1,24.030832290649414
C#Cc1ncc(-c2ccc(C#N)cn2)nc1C,22.437294006347656
N#Cc1c(NC(=O)Cc2ccc(Cl)c(Cl)c2)sc2c1CCCCC2,23.551347732543945
N#Cc1ccc(-n2cnc(C#N)c2)cc1,11.836668014526367
CC(C)Oc1ccc(-c2oc(-c3ccc(N)cc3)nc2C#N)cc1,21.16342544555664
CN(C)N=Nc1ccc(-c2nc(-c3ccc(N)cc3)nc(-c3ccc(Cl)c(Cl)c3)n2)cc1Cl,29.609220504760742
Cn1cncc1-c1cccc(F)c1,20.790157318115234
Nc1ccc(-c2nc(-c3ccc(N)cc3)nc(-c3ccc(-n4cc5c6ccc7cccc(c7c6c4=O)C=C5)cc3)n2)cc1,15.5784273147583
COc1ccccc1N1CCN(C(=O)c2c(-c3ccccc3)noc2C)CC1,22.956911087036133
N#Cc1ccc(C=Nc2ccc3c(c2)C(=O)c2ccc(N=CN4CC5CCC(CC5)C4)cc2C3=O)cc1,28.22800636291504
NC(N)=Nc1cccc(O)c1,12.356194496154785
CC(=O)Oc1ccccc1-c1nc(-c2ccc(N)cc2)nc(-c2ccc(-n3c(=O)c4cc(N)cc5c(=O)c6ccccc6c6cccc(c3=O)c6c54)cc2)n1,31.40229034423828
Cc1cc(-c2cccc(C#N)c2)ccc1N,16.131628036499023
N#Cc1ccc(CC2CC(c3cc(O)ccc3N)=NN2c2ccc(C#N)cc2)cc1,23.854434967041016
Cc1ccc(CN=c2[nH]c(Cl)nc3c2ncn3C)cc1,21.514087677001953
Nc1cc(=O)[nH]c(SCC(=O)Nc2ccccc2)n1,14.584900856018066
Cc1ccc2nc(-n3c(-c4ccc(C#N)cc4)cc4c3cc(-c3ccc(C#N)cc3)n4-c3nc4ccc(C(C)C)cc4[nH]3)sc2c1,18.757150650024414
Cc1ccc(O)c(-c2ccc(-c3ccc(N=c4cc[nH]c5cc(Cl)ccc45)cc3)c(-c3ccc(C#N)cc3)c2)c1,24.499866485595703
CC1Cc2cc3c(n2C(CNC(=O)Nc2ccccc2)CO1)C(=O)N(c1ccc(C#N)cc1)C3=O,24.529390335083008
CCn1c(N=CN2CCN(C=O)CC2)c(C#N)cc(C#N)c1=S,14.042606353759766
CCCN(CCC)c1nc(-c2ccc(C#N)cc2)nc2sc3c(c12)CCCC3,26.5728702545166
CNCCNC(=O)c1ccc2ccccc2c1,21.840394973754883
C#CC=Cc1ccc(O)c(OC)c1,17.856538772583008
Nc1ccc(C=Cc2ccc(C=CC(=O)c3ccc([N+](=O)[O-])cc3)cc2)cc1,20.985698699951172
Cc1cccc2ccn(-c3nc(N)cc(=Nc4ccc(-c5nc6ccncc6[nH]5)cc4)[nH]3)c(=O)c12,34.61377716064453
N#Cc1c2n(c3ccccc13)CCNC2c1ccc(O)cc1,17.900407791137695
N#Cc1cncc(-c2ccc(C#N)c(C#N)c2)c1,14.642606735229492
COc1cc(C=Cc2cc(C(=O)O)c(C=O)c(-c3ccc(N(C)C)cc3)n2)ccc1C=Cc1cnc(C=Cc2ccc(N)cc2)cn1,35.432647705078125
Cc1cc(C(=O)CSCc2ccc(C#N)cc2)nn1Cc1ccc(-c2ccc(C#N)cc2)cc1,22.44650650024414
Cc1nc(-c2cccc(-c3ccc(C#N)cc3)c2)[nH]c1C,14.245772361755371
O=C(O)c1ccc(-c2ccncc2)cc1,20.217395782470703
N#Cc1ccnc(C#N)c1,8.435168266296387
N#Cc1ccc(C(F)(F)F)cc1-c1ccc2c(c1)C1(COC(=N)N1)C1(COC1)CO2,28.44976806640625
CC(=O)NC(C)C(=O)c1ccc(-c2ccc(C#N)cc2)cc1,22.583507537841797
N#Cc1ccc(-c2ccc3[nH]cnc3n2)cc1,21.083324432373047
CC=Cc1ccc(O)c(-c2ccc(C#N)cc2)c1,16.556703567504883
N#Cc1ccc2c(C#N)c3ccccc3nc2c1,12.151515007019043
O=c1ccn2c(nc1=O)sc1ccccc12,29.753759384155273
Nc1cc(O)c(N=Cc2cc(Br)c(O)c(Br)c2)cc1O,12.84483814239502
Cc1cccc(Cn2c(=O)n(-c3ccc(C#N)cc3)c(=O)c3[nH]c4ccccc4c32)c1,25.785966873168945
C=CC(C)CCC(Cl)C(=C)Cl,26.694868087768555
N#Cc1ccc(-c2nccc3c2[nH]c2ccccc23)cc1,17.296979904174805
C1=NN=C(N=c2cccc[nH]2)Oc2ccccc21,24.727985382080078
Oc1ccc2c(c1)C13CCCCC1C(C2)N(Cc1ccco1)CC3,26.625600814819336
N#Cc1ccc(SCCN2CCC(c3ccccc3)CC2)cc1,23.381053924560547
Cc1cc(C)cc(C=Cc2ccc(N=c3c4ccc(N)cc4[nH]c4cc(N)ccc34)cc2)c1,22.59004020690918
CC(CO)N=c1c2c(c(C#N)c3[nH]c4ccccc4n13)CCC2,19.85786247253418
N#Cc1ccc(Nc2ccc(-c3cc(-c4ccccc4)cc(-c4ccc(-c5nc(Cl)nc(Cl)n5)cc4)c3)cc2)cc1,11.105055809020996
Cc1ccc(-c2cc(-c3ccccc3)cc(-c3ccc(O)cc3)n2)cc1,14.813149452209473
Cc1ccc(-c2nc(-c3ccc(N)cc3)nc(-c3cc(C=NN4CCOCC4)n(-c4ccc(C)cc4)c3)n2)cc1,33.20364761352539
Cc1ccc(CCC(=O)Nc2ccc(-c3nc4ccccc4o3)cc2)cc1,18.13456153869629
N#Cc1ccc(-c2cc(C#N)c(=Nc3ccc(NS(N)(=O)=O)cc3)[nH]c2C(=O)O)cc1,27.540645599365234
N=c1[nH]c(=O)c2nc(CNc3ccc(-c4nc(-c5ccccc5)cc(-c5ccccc5)n4)cc3)cnc2[nH]1,28.609079360961914
Cc1cc[nH]c(=NC(=O)c2ccccc2N)c1,22.726238250732422
CC(NC(=O)c1ccc(-c2nccnc2C#N)cc1F)c1ccc(C#N)cc1,21.063161849975586
N#Cc1oc(NC(=O)C(=O)O)c(C#N)c1-c1ccc(N)cc1,27.943727493286133
Nc1ccc(-c2cccc(-c3nc(-c4ccc(N)cc4)nc4c3C(=O)c3ccccc3-4)c2)cc1,19.824979782104492
CC(=O)C(c1ccc(Br)cc1)N1CCN(C)CC1,26.619977951049805
N#Cc1ccc(-c2cc(C(F)(F)F)nc(C#N)n2)cc1,14.150437355041504
CN1CCN(c2c(C#N)cc(C#N)c3cc4c(cc23)OCO4)CC1,12.199835777282715
N#Cc1ccc(-c2ccc(-c3ccc(C(=O)O)cc3)nc2)cc1,13.541951179504395
C#CC=CC#CC#CCO,17.761051177978516
N#Cc1cccc(C(=O)O)c1,14.249368667602539
CONC(=O)c1ccc(-c2ccc(C#N)cn2)nc1,16.92169189453125
N#Cc1ccc(NC(=O)c2c[nH]n(Cc3ccc(-c4ccc(C#N)cc4)cc3)c2=N)cc1,22.53676986694336
CC1(C)CCC(C)(C)c2cc(C3(O)CSc4ccc(C#N)cc43)ccc21,22.133697509765625
N#Cc1ccc2nc(-c3ccc(N=Cc4cccc5ccccc45)cc3)[nH]c2c1,23.52965545654297
Cn1ccc2c(CC(=O)O)[n+]([O-])ccc21,33.1287956237793
O=CN1CCN(C=Nc2nc(-c3ccccc3)nc3ccccc23)CC1,17.821880340576172
N#Cc1ccc2[nH]c(-c3ccc(N4C(=O)c5ccc([N+](=O)[O-])cc5C4=O)cc3)nc2c1,25.789169311523438
Cc1ccc(NC(=O)NC2CCN(Cc3ccccc3)CC2)cc1,19.821033477783203
N#Cc1c(-c2ccc(C(N)=O)cc2)cc2ccccc2c1C#N,23.521488189697266
CCCC(=O)N=c1[nH]c(-c2ccc(NC(C)=O)cc2)cs1,19.261503219604492
COc1ccc(N=C(N(C)C)N(C)c2cccc(C#N)c2)cc1,29.048871994018555
Oc1c(Cl)cccc1C=NN=c1[nH]c(N2CCOCC2)nc(=Nc2ccccc2)[nH]1,23.149215698242188
Cc1c(-c2ccc(C#N)cc2)nc2ccc(C#N)cn12,20.08481788635254
Cn1c(C2=NNC(=O)C2=Cc2nc3ccccc3[nH]2)nc2ccccc21,35.381839752197266
COc1cc(C=CC(=O)C=CC=Cc2ccc(N)cc2)ccc1O,23.82805633544922
CN1C=CC(=Cc2ccccc2)C=C1,17.55750274658203
Cc1c(C)n(Cc2ccc(-c3ccc(C#N)cc3)cc2)c2ccc(F)cc12,21.40889549255371
Nc1ccc([N+](=O)[O-])c(Sc2ccccc2)c1,22.532161712646484
N#Cc1ccc(-c2cc3c(-c4ccc(Cl)cc4)c(C#N)c(C#N)nc3n(-c3ccc(C#N)cc3)c2=O)cc1,25.56533432006836
CC(NS(=O)(=O)NC(C(=O)O)C(C)C)c1ccc(-c2ccc(NC(=O)c3ccc(Cl)cc3)cc2)cc1,35.30330276489258
CCn1c2c(c3cc(C#N)ccc31)CCc1c[nH]c(=Nc3ccc(N4CCOCC4)cc3)nc1-2,26.028757095336914
CCN(C)C(=O)c1ccc(NC(=O)N(C2CCCCC2)C2CCN(C(C)=O)CC2)cc1,32.08243942260742
NC(=O)C(N)c1ccc(-c2ccc(N)cc2)cc1,22.10213279724121
Cc1nc(OCc2ccc(C#N)cc2-c2ccc(C#N)cc2)cc(-n2nc(C)nc2C)n1,17.65166664123535
N#Cc1ccc(-c2cc(C#N)c(N)nc2C#N)cc1,11.488204002380371
N#Cc1ccc(-c2cc(-c3ccc(C#N)cc3)n(-c3nc4ccccc4s3)n2)cc1,17.713947296142578
Clc1ccc(-c2n[nH]c(-c3ccc(-c4ccc(Cl)c(Cl)c4)s3)n2)c(Cl)c1,19.704322814941406
O=C(O)C(=O)N=c1[nH]nc(-c2ccccn2)s1,24.01087188720703
CCOc1ccc(-c2nc(-c3ccc(N)cc3)no2)cc1C#N,15.635405540466309
N#Cc1c(F)sc(N)c1-c1ccc(N=Cc2ccccc2O)nc1,19.222599029541016
N#Cc1ccc2[nH]c(O)c(C=NCC3CCCO3)c(=O)c2c1,20.739662170410156
Cc1cc(C#N)c(C#N)c2c3c(ccc12)C(=O)C=CC3=O,19.63063621520996
Cc1c(O)cc(C=Nn2c(-c3ccccc3)nc3ccccc3c2=O)cc1O,19.69072723388672
CSc1c(C#N)ncn1-c1ccc(C#N)cc1,12.693608283996582
Cc1cc(C=O)cc(C)c1OCc1ccc(-c2ccc(C#N)cc2)cc1,22.75755500793457
Cc1csc(=NC(=O)c2ccc3cc4n(c3c2)CCCNC4=O)[nH]1,19.130722045898438
N#Cc1ccc(-c2nc3c(C#N)cc(C#N)c(O)c3n2-c2ccc(C#N)cc2)cc1,23.248414993286133
Cn1c(-c2ccc(C#N)cc2)c(-c2ccc(NC(=O)Nc3ccc(Cl)cc3)cc2)cc(C#N)c1=O,23.91655921936035
N#Cc1ccc2c(c1)C(O)(C(F)(F)F)c1ccccc1O2,18.728775024414062
O=C1CCc2cc(-c3ccncc3)cc3c2N1CC3,19.03517723083496
O=C(CC(=O)c1ccccc1F)C(=O)N=c1[nH]ccs1,28.343847274780273
N#Cc1ccc(-n2c(=O)[nH]c3cc4c(cc3c2=O)OCO4)cc1,13.2119140625
Cc1ccc2nc(-n3c(-c4ccc(C#N)cc4)cc4c3cc(-c3ccc(C#N)cc3)n4-c3nc4c(C)ccc(C)c4s3)sc2c1,15.23863697052002
COc1c(O)cc2oc(-c3ccc(O)cc3)cc(=O)c2c1O,17.117536544799805
N#Cc1ccc(-c2ccc(-c3cc(C#N)c(C#N)c(=N)[nH]3)nc2)cc1,25.29899024963379
Cc1c[nH]c(=NC(=O)c2cnn(-c3ccc(C#N)cc3F)n2)s1,35.23834991455078
N#Cc1ccc(C2Cc3cc4c(cc3C(n3ccnc3)C2)OCO4)cc1,24.902843475341797
N#CC(=N)C(O)c1ccc(Cl)cc1Cl,22.57263946533203
CCCNCc1ccc(-c2cccc(-c3nc4c(C)cccc4[nH]3)c2)cc1,19.86984634399414
CN1CCN(c2ccc(-c3ccc4c(c3)[nH]c(=O)c3ncn(C5OC(CO)C(O)C5O)c34)cc2)CC1,21.559476852416992
Nc1cc(N)nc(N=CN2CCCC2)n1,19.019563674926758
Cc1cc(C)n(-c2nc(-c3ccc(O)c(O)c3)[nH]c(=Nc3ccc(C#N)cc3)n2)n1,23.564010620117188
N#Cc1ccc(-c2nc3ncc(C#N)cc3n2C2CC2)nc1,20.049325942993164
Nc1cccc(-c2nc(-c3ccc(N)nc3)nc(-c3ccc(N=Cc4cc(C=O)cc(C=O)c4O)nc3)n2)c1,8.827554702758789
CN(C)c1ccc(C=Nc2ccc(-c3nc(-c4ccc(N)cc4)nc(-c4ccc(N)cc4)n3)cc2)cc1,11.892044067382812
Cc1cccc(-n2c(N)c(-c3nc(-c4ccc(N)cc4)no3)c(=O)c3ccccc32)c1,29.917789459228516
Cc1nc(C(=O)NCCCN2CCCN(c3ccc(C#N)cc3)CC2)cc(-c2ccc(C(C)(C)C)cc2)n1,30.780014038085938
C#Cc1ccc(C#Cc2ccc(C(=O)Nc3ccc(C#N)cc3)cc2)cc1,17.74989891052246
C=CC(C)(O)C=Cc1ccc2c(c1)OCO2,22.211044311523438
Cc1c(-c2ccc(O)c(O)c2)oc2cc(O)ccc2c1=O,23.951171875
N#Cc1ccc(Nc2ccc3c(c2)C(=O)c2cc(O)ccc2CO3)cc1,23.050189971923828
N#Cc1ccc(C(=O)N=c2[nH]c3cc(C(=O)c4cccc(C#N)c4)ccc3n2CCCN2CCC(O)CC2)cc1,35.53661346435547
Cc1ccc(-c2nc(-c3ccc(N)cc3)nc(-c3ccc(-c4ccccc4)cc3)n2)cc1,12.2655611038208
N#Cc1c[nH]c2ncc(-c3cccnc3)cc12,17.39280128479004
O=C1c2ccccc2C(=O)c2c1ccc1c2ccc2ccccc21,22.073593139648438
N#Cc1ccc(-c2nc3ccc(C#N)cc3nc2-c2ccccc2)cc1,13.362717628479004
NN=C1c2ccccc2-c2ccc(N)cc21,15.819799423217773
N#Cc1ccc(-c2cc3cnc(C#N)nc3c(C#N)n2)cc1,15.661639213562012
O=C(c1ccncc1)N1CCCC2(CCN(c3ccccc3)C2)C1,24.488052368164062
N#Cc1ccc(-c2cc(-c3nc(=N)c(C#N)c[nH]3)nc(-n3nc(C=O)cc3C(F)(F)F)c2)cc1,22.276201248168945
O=Cc1cc(C=Cc2ccccc2)ccc1O,15.55180549621582
O=C(C=Cc1ccc(-c2ccccc2)cc1)c1c(-c2ccc(O)cc2)oc(O)c1O,18.466360092163086
N#CCC(=S)NC(=O)c1cccnc1,26.794391632080078
CC(C)Cn1c(-c2ccc(Cl)cc2Cl)n[nH]c1=S,20.660615921020508
Cc1ncc(CN2C(=O)c3[nH]c4ccccc4c(=O)c3C2c2ccc(Cl)c(F)c2)c(-n2cccn2)n1,35.836151123046875
Nc1ccc(-c2nc(-c3ccc(N4C(=O)c5ccc6c7c(ccc(c57)C4=O)C(=O)OC6=O)cc3)nc(-n3ccnc3)n2)cc1,16.048633575439453
CS(=O)(=O)Nc1ccc(-c2cc(C#N)cc(-c3cccc(F)c3)c2)cc1,22.12232208251953
N#Cc1ccc(-c2ccnc(C#N)n2)cc1,11.6329345703125
CCC(=O)N=c1ccc(-c2ccc(NC(C)=O)cc2)n[nH]1,21.48043441772461
N#Cc1ccc(CN2Cc3ccc(-c4ccc(C#N)cc4)nc3C2=N)cc1,23.901220321655273
CNCCOc1cc2[nH]cc(C#N)c(=Nc3cc(C#N)ccc3F)c2cc1OC,27.886972427368164
CC(=Cc1ccc(C#N)cc1)c1nccc(-c2ccc(C#N)cc2)n1,18.128904342651367
N#Cc1ccc(-c2ccc3c(c2)Nc2cc(Nc4ccccc4)ccc2NC3=O)cc1,15.018370628356934
N#Cc1ccc(-c2ccc(CCc3ccccc3)cn2)nc1,14.863483428955078
C=CC(=O)N1CCCC(n2c(C)nc3c(C)nccc32)C1,25.79412841796875
Nc1ccc(-c2nc(-c3cccnc3)nc(-c3ccc(N=Cc4c(O)c(C=O)c(O)c(C=O)c4O)nc3)n2)cn1,12.324204444885254
Cc1ccc(N=Cc2cc(C=Nc3ncc(-c4cc(-c5ccccn5)nc(-c5ccc(N)nc5)n4)n3C)cc(C=O)c2O)cc1,20.82692527770996
Clc1ccc(-c2cc(SCCN3CCOCC3)nc(-c3ccc(Cl)cc3)n2)cc1,20.912477493286133
CC(C)CC(N)C(=O)NC(Cc1ccc(N)cc1)C(=O)N=c1c2c([nH]c3ccccc13)CCCC2,31.306861877441406
Cc1cc(CC(N)C(=O)O)ccc1-c1nc(-c2ccc(C#N)cc2)cs1,26.183984756469727
N#Cc1ccc(-c2ncc(-c3ccc(-c4nc(Cl)nc(Cl)n4)cc3)s2)cc1,15.031920433044434
Cc1c2c(nn1-c1ccc(C#N)cc1)-c1ccccc1S(=O)(=O)N2C,12.977766990661621
CC(C)c1cc(-c2nn(C(C)c3ccc(C#N)cc3)c3cc(N)ccc23)c(O)cc1O,31.708494186401367
Nc1ccc(-c2nc(-c3ccncc3)nc(-c3ccc(N)cc3)n2)cc1,9.900550842285156
NC(=O)C(=O)CCc1ccc(-c2nc(=Nc3ccc(N4CC5CCNCC5C4)nc3)c(C(N)=O)n[nH]2)cc1,49.35622787475586
N#Cc1cc(C#N)c2c3ccccc3c3c4c(ccc1c42)CN=3,15.954625129699707
Cc1cc(C=O)ccc1-c1ccc(-n2c(O)c3ccc(-c4ccncc4)cc3cc2=O)cc1,23.887741088867188
Nc1cc2ccc(-n3cccc3)cc2c(=O)[nH]1,20.028106689453125
N#Cc1ccc(NC(=O)CN2CCCC2=O)cc1,18.396793365478516
C#Cc1cn(-c2ccc(C#N)cc2)cn1,14.315713882446289
COc1cc(-c2nnc(C(C#N)=c3ccc(=C(C#N)C#N)cc3)o2)ccc1O,22.40526008605957
Cc1[nH]c(=N)nc2c1cc(-c1ccc(C#N)cc1)c(=O)n2C,14.046424865722656
Cc1sc2ncnc(N3CCC(C(=O)N(C)CC(=O)Nc4ccc(N)cc4)CC3)c2c1C,26.356685638427734
CNC(=O)c1cccc2c(=O)n(C)c(=Nc3ccc(C#N)cc3)[nH]c12,22.339414596557617
CN1CCN(c2ccc(-c3cn4cc(-c5ccc(C#N)cc5)cnc4n3)cc2)CC1,20.82061195373535
CCN(c1ccc(C#N)cc1)c1nc(C)c(C#N)c(-c2ccc(C(F)(F)F)cc2)n1,25.434324264526367
N#Cc1ccc(-c2ccc3c(C(F)(F)F)nn(-c4ccc(C(N)=O)cc4)c3c2)cc1,10.845573425292969
N#Cc1cccc(-c2ccc3nc(C#N)ccc3c2)c1,16.2626895904541
O=Cc1ccc(-c2nc(-n3cnc(-c4ccc(F)cc4)n3)nc3c2CCC(=O)N3)cc1,32.416194915771484
N#Cc1ccc(-c2ccc(-c3ccccc3)cn2)cc1,10.864797592163086
NC(=O)c1ccc(-c2cn3c(-c4cccc(N5CCCNCC5)n4)ncc3cn2)cc1,25.87299156188965
N#Cc1ccc(-c2ccc(-c3cc[n+](-c4nc(Cl)nc(Cl)n4)cc3)cc2)cc1,11.79771614074707
Cc1nc(-c2ccc(C#N)cc2)nc(-c2ccc(N)nc2)n1,11.149323463439941
Cc1cc(C=O)cc(C=NCc2cccc3ccccc23)c1O,22.103612899780273
N#Cc1ccc(C(=O)NCCNC(=O)c2ccc(-c3ccc(C#N)cc3)nc2)cc1,20.41598129272461
C=CCn1c(-c2ccc(C)cc2)c(C)sc1=Nc1ccc(-c2ccc(C#N)cc2)nc1,25.34070587158203
Nc1ccc(-c2nc(-c3ccc(N=Cc4cc(C=O)c(O)c(C=O)c4O)nc3)nc(-c3cnccn3)n2)cn1,12.02845573425293
CC(N)C(=O)NC(C(=O)O)C(C)C,20.176694869995117
N#Cc1ccc(C#Cc2cnc(C#N)nc2)cc1,11.8577241897583
CCCc1cc(N=Cc2cccc(-c3nc(-c4ccc(N)cc4)nc(-c4ccc(N)cc4)n3)c2)c(=O)[nH]n1,29.377660751342773
NC(=O)c1ccc(N2CCN(c3ccccc3)CC2)cc1,20.983552932739258
N#Cc1c2c(c(C#N)c3ccccc13)-c1ccccc1C2=O,16.508005142211914
Cc1cc(-c2nc(-c3ccccc3F)n3c2CCOC(C)C3)cc(C)n1,17.358972549438477
Cc1nc2cc(-c3ccc(C#N)cc3)ccc2c(=O)n1-c1ccc(C#N)cc1,13.182368278503418
COC(=O)c1cccc2c1C(=O)c1ccccc1C2=O,17.111923217773438
N#Cc1ccc(N=Cc2cc(Cl)ccc2O)nc1,15.938121795654297
OC1(c2ccc3ccc(-c4cnc(N5CCOCC5)nc4)cc3c2)c2ccccc2-c2cccc(F)c21,28.72281837463379
Cc1ccccc1NC(=O)CN(C)C(=O)CN1C(=O)c2ccccc2C1=O,22.72299575805664
CC(=O)Nc1ccc(-c2cc[nH]c(=Nc3ccc(C#N)cc3)n2)cc1,14.555493354797363
COc1ccc(-c2cc(-c3cc(OC)c(OC)c(OC)c3)cc(-c3ccc(O)cc3)n2)cc1O,21.760520935058594
C=CC1=CC2C=Cc3ccc(O)cc3C3(C=CC(=O)C=C3)C2C1,38.15005874633789
N#Cc1ccc(-c2ccc(-c3nccc4c3OCCC4=O)cn2)cc1,29.45490074157715
CN1CC=C(c2nc(-c3ccc(NC(=O)c4ccc(N(C)C)cc4)nc3)nc(N3CC4CC3C4)n2)CC1,32.84815216064453
N=c1[nH]ccn2c(C3CCC4CCC(=O)N4C3)nc(-c3ccc(C(=O)N=c4ccc(Cl)c[nH]4)cc3F)c12,21.671730041503906
CN1CCN(Cc2ccc(-c3ncc(-c4cccc(C#N)c4)o3)cc2)CC1,18.5311222076416
N#Cc1ccc(N=C2c3cc(Cl)ccc3C(=O)C2c2ccc(Cl)cc2)cc1,23.406869888305664
O=CN1CCc2cc3ccccc3cc2O1,22.01831817626953
Cn1ncc(-c2ccc(C#N)cc2)c1C#N,13.899723052978516
Cc1ccc(-c2cc(C(=O)Nc3ccc(C#N)cc3)c3ccccc3n2)cc1,16.77237319946289
COc1cccc2ccc(-c3c(Cl)[nH]c(Cl)nc3=Nc3cc(=N)[nH]cn3)cc12,43.570796966552734
CN(C)CCc1ccc(C#N)cc1,13.995327949523926
Cn1c(C#N)ccc1-c1ccc(-c2ccc(N)cc2)cc1,16.8324031829834
Cc1ccc(-c2nc3ccccc3c(=Nc3ccccc3C(N)=O)[nH]2)cc1,24.223337173461914
COc1cc(N2CC(O)C2)nc(-c2cccc(-c3ccncc3)c2)n1,31.277246475219727
Cc1ccc(-[n+]2ccccc2C=NO)cc1,15.447019577026367
CC1(C(N)=O)CCN(c2nc(-c3ccc(C#N)cc3)nc3cc(-c4ccc(N)cc4)sc23)CC1,31.38776206970215
COc1cc(-c2ccc(N)cc2)cc(C=O)c1O,13.986041069030762
O=C(O)c1ccc(N=Cc2cccc3ccccc23)cc1O,20.890933990478516
N#Cc1ccc(-n2cc(C#N)c3c(-c4ccc(C(N)=O)cc4)cc(C#N)nc32)c(F)c1,26.842710494995117
Nc1ccc2c(c1)C(=O)c1ccc(Nc3ccc(F)cc3F)cc1CC2,12.480168342590332
CN=c1ncc2c([nH]1)CCN(C(=O)c1ccc(-c3cccc(C#N)c3)cc1)C2,29.867294311523438
Cc1cc(=O)[nH]c(-n2nc(-c3ccc(C#N)cc3)cc2-c2ccc(C#N)cc2)n1,14.654742240905762
CC(C)CCn1c(=O)c(C2=NS(=O)(=O)c3ccccc3N2)c(O)c2cccnc21,18.134601593017578
N#Cc1ccc(C=CC(=O)c2ccc(O)cc2)cc1,15.777450561523438
NC(=O)Cn1c(=O)c2cc(-c3ccc(O)cc3)ncc2n(Cc2ccc(-c3ccccc3-c3nc(=O)o[nH]3)cc2)c1=O,31.21839714050293
N#Cc1ccc(-c2ccn(-c3cccc4ccccc34)n2)cc1,19.100812911987305
CC1CCc2c(sc3nc(-c4ccc(-c5ccc(N)cc5)cc4C#N)[nH]c(=O)c23)C1,29.447317123413086
Cc1cccn1-c1csc(=Nc2ccc(C#N)cc2)[nH]1,27.222129821777344
CCc1cc(=O)n(C)c(-c2ccc(-c3ccc(C(C)=O)cc3)c(C#N)c2)n1,25.289852142333984
N#Cc1ccc(-c2cc(-c3ccc(N)cc3)nc(-c3ccc(N)cc3)c2)cc1,9.664505958557129
N#Cc1ccc(-n2[nH]c(=O)c3cc4c(=O)[nH]n(-c5ccccn5)c(=O)c4cc3c2=O)cc1,12.1138334274292
Nc1cccc(CN=c2[nH]cnc3ccc(-c4cc(F)c(O)c(Cl)c4)cc23)c1,19.589458465576172
CCCC(=O)N1c2cc(C#N)ccc2-c2nc(-c3ccc(N)nc3)nnc2CC1c1ccc(N)cc1,26.61709976196289
N#Cc1ccc(CN2CCC(n3[nH]ccc3=NC(=O)Cc3ccccc3)CC2)cc1,16.459596633911133
N#Cc1ccc(-c2csc(=NCc3cccc(N)c3)[nH]2)cc1,22.264404296875
N#Cc1ccc(C(c2ccc(C#N)c(-c3cccc(F)c3)c2)n2ccnc2)cn1,19.688434600830078
ON=Cc1ccc(=NCc2ccc(F)cc2)[nH]c1,23.6295166015625
C=C(C)COC(=O)C=Cc1ccc(O)c(C(=O)C=Cc2ccc(O)cc2)c1,24.77557945251465
O=c1cc(N2CCOCC2)oc2c(-c3cccc4ccccc34)cccc12,19.48898696899414
Cc1c(C(O)CN2CCC(N=c3[nH]c4ccc(C#N)cc4s3)CC2)ccc2c1COC2=O,26.27596664428711
N#Cc1ccc(F)cc1C#N,17.479799270629883
N#CC(C#N)=Cc1cc(-c2ccc(C#N)cc2)n(-c2ccc(C(N)=O)cc2)n1,18.225500106811523
O=C(NC(Cc1ccccc1)C(O)=NO)OCc1ccccc1,18.650487899780273
Nc1ccc(-c2nc3cc4c(cc3c(=O)n2-c2ccc(O)cc2)OCO4)cc1,15.672121047973633
Cc1cc(=Nc2cccc(Cl)c2F)c2ccc(-c3cncc(CNCCS(C)(=O)=O)n3)cc2[nH]1,28.61899757385254
N#Cc1ccc(-c2cn(CC(=O)O)c3nc[nH]c(=N)c23)cc1,22.771175384521484
CN(C)c1ccnc(-c2ccc(-c3ccc(S(C)(=O)=O)cc3)c(C#N)c2)n1,18.82733917236328
Cc1c(-c2ccc(O)cc2)n(Cc2ccc(O)cc2)c2ccc(O)cc12,17.288394927978516
N#Cc1ccc(-c2cc3nccc(F)c3s2)cc1,23.890621185302734
Nc1c(N=Cc2ccc(-c3nc(-c4ccc(C=O)cc4)nc(-c4ccc(C=O)cc4)n3)cc2)c(=O)[nH]c(=O)n1Cc1ccccc1,16.58158302307129
CC(CN)c1ccc(C#Cc2ccc(C#N)cc2)cn1,20.27605628967285
CC=CC=CC(=O)Nc1ccc(C#N)cc1,17.991241455078125
N#Cc1ccc(C#CC(N)CS)cn1,26.185781478881836
Cc1nc(-c2nc(-c3ccc(C#N)cc3)nc(N(C)C(=O)C(N)C(F)(F)F)n2)cs1,35.596649169921875
COc1ccc(CN=c2[nH]c(=Nc3ccc(C#N)cc3)[nH]c(N)c2F)cc1Cl,21.1077823638916
COc1ccc(CN2CCN(c3cnccn3)CC2)cc1,20.828243255615234
Oc1ccc(-c2ccc(=NN=Cc3c(O)ccc4ccccc34)[nH]n2)cc1,24.221010208129883
N#Cc1ccc(-c2c(F)cc3c(=O)c(C(=O)O)cn(C4CC4)c3c2F)cc1,15.618062973022461
COc1ccc(-c2coc3cc(OC)c4c(=O)ncn(C)c4c3c2=O)cc1,23.53142738342285
N#Cc1ccc(N=c2nc(-c3cccc(C=CC=Cc4ccc(O)cc4)c3)nc(F)[nH]2)cc1,36.74518585205078
N#Cc1cc(C#N)c2cc3c(cc2c1Cl)OCCO3,13.09716796875
N#Cc1ccccc1NCCc1ccc(-c2ccnc(-c3ccc(C=CC=NO)cc3)n2)cc1,32.55549240112305
N#Cc1ccc(-c2ccc(N=CC(SSc3nc(-c4ccc(-c5ccc(C#N)cc5)nc4)n[nH]3)C(N)=O)nc2)cc1,45.612449645996094
Nc1ccc(-c2nc(-c3ccc(N=Cc4cc(C=O)c(O)c(C=O)c4O)nc3)nc(C(F)(F)F)n2)cn1,16.171958923339844
N#Cc1cccc(N=c2c(C#N)c[nH]c3cc(-c4ccc(N)cc4)ccc23)c1,15.291069030761719
COc1cc(C#N)ccc1OCCCOc1ccc2c(c1)CCN=C2C,25.928607940673828
N#Cc1ccc(-c2ccc(-c3ccccn3)cn2)cc1,11.734537124633789
C=CCn1c(=O)cc(-c2ccccc2)c2ccccc21,18.411481857299805
Nc1cc(O)c(N=Cc2cc(C=O)cc(C=O)c2O)cc1O,14.197571754455566
NC(=O)OCC1OC(n2ccc(=O)[nH]c2=O)CC1OCc1ccccc1,31.266677856445312
CN(C)c1ccc(C=Nc2ccc(-c3ccc(-c4ccc5c(c4)C(=O)c4ccccc4C5=O)nn3)cn2)cc1,22.415830612182617
Cc1ccc(-c2cc(-c3ccc(C=CC(=O)Nc4ccc(O)cc4)cc3)cc(-c3ccc(OCc4ccccc4)cc3)c2)cc1,32.688175201416016
N#Cc1ccc(-c2c[n+](-c3nc4ccccc4cc3N)nc(-c3ccc(N)cc3)n2)cc1,19.059955596923828
Cc1ccc(-c2nc3sc(CNC(=O)c4ccc(C#N)cc4)cn3n2)cc1,23.09540367126465
