SMILES,NLL
Nc1ccc2c(c1)C(=O)c1ccc(Nc3nc(Nc4ccc5c(c4)CCCCCC5=O)nc(Nc4ccc5c(c4)C(=O)c4ccc(N)cc4C5=O)n3)cc1C2=O,10.14
CCCn1ccc2c(=NC(=O)c3cc(F)ccc3F)[nH]c(C#N)nc21,27.34
N#Cc1ccc(-c2cc(CO)nc(-c3ccc(C#N)cc3)n2)cc1,7.63
N#Cc1ccc(-c2ccc(-c3nc(COc4cc(C#N)cc(C#N)c4)cc(-c4ccc(-c5ncc(C#N)cn5)c(F)c4)n3)cc2)cc1,14.56
N#CC(C#N)=c1ccc(=C(C#N)c2nc(C(C#N)=c3ccc(=C(C#N)C#N)cc3)nc(C(C#N)=c3ccc(=C(C#N)C#N)cc3)n2)cc1,5.6
N#Cc1ccc(-c2ccc(-c3nc(C(N)=O)cc(-c4ccc(-c5ccc(C#N)cn5)cc4)n3)cc2)cc1,7.01
CC(=O)NC(C)c1ccc(C#Cc2nc(-c3cncc(C#N)c3)cnc2F)cc1,19.99
CN(CCCC(O)(Cn1cncn1)c1ccc(F)cc1)c1ccc(C#N)c(C#N)c1,33.39
N#Cc1ccc(-c2ccc(-c3nc(-c4ccc(-c5ccc(C#N)cn5)cc4)nc(-c4ccccn4)n3)cc2)cc1,12.26
N#Cc1ccc(-c2nc(Cl)nc(Cl)n2)cc1,7.66
O=C(c1ccc(Cl)cc1)c1ccc(-c2ccc(-c3cc(-c4ccc(-c5nc(Cl)nc(Cl)n5)cc4)cc(-c4ccc(-c5nc(Cl)nc(Cl)n5)cc4)n3)cc2)nc1,8.12
N#CC=Cc1ccccn1,6.96
N#CC=Cc1cncc(-c2ccc(C#N)nc2)n1,14.35
N#Cc1ccc(-c2nc(-c3cccc(C#N)c3)nc(-c3cncc(C#N)c3)n2)cc1,10.45
N#Cc1c2ccccc2c(-c2nc(-c3c4ccccc4c(C#N)c4ccccc34)nc(-c3c4ccccc4c(C#N)c4ccccc34)n2)c2ccccc12,7.81
N#Cc1ccc(-c2nc(-c3ccc(-c4ccc(C#N)cn4)nc3)nc(-c3ccc(C(N)=O)c(F)c3)n2)cc1,17.29
N#CC=Cc1ccnc(C=CC#N)n1,6.4
Cc1cc(C)cc(C=Cc2cccc(C(N)=O)c2)c1,22.07
N#Cc1ccc(-c2ccc(-c3cc(-c4ccc(-c5nc(Cl)nc(Cl)n5)cc4)cc(-c4ccc(-c5nc(Cl)nc(Cl)n5)cc4)c3)cc2)cc1,7.42
CCn1c(=O)cc(N=CCCc2ccccc2)[nH]c1=O,23.72
Cc1c(Cl)cn2c(C(F)(F)F)nnc2c1C#N,23.05
C=C(COc1nccc(OC)n1)c1cnc(=NC)[nH]c1,36.13
O=C(N=c1[nH]c(-c2ccccn2)cs1)c1cccs1,19.11
CC1(C)CN(c2ccc(-c3cc(=N)c4ccc(C#N)cc4[nH]3)cc2N)c2cc(C#N)ccc21,31.82
COc1cc(-n2c(SC)nnc2-c2ccc(C#N)cc2)cc(OC)c1OC,24.75
N=C(N)c1ccc(-c2ccc(-c3nccc(-c4ccccc4)n3)cn2)cc1,24.68
CNC(=O)C(CCC(=O)N1CCN(C)CC1)n1nc(-c2ccc(-c3ccc(C#N)cc3)cc2)nc(-c2ccc(C#N)cc2)c1=O,29.13
Nc1ccc2c(c1)C(=O)c1ccc(Nc3ccc4c(C=Cc5ccccc5)n[nH]c4c3)cc1C2=O,14.71
N#Cc1ccc(-c2ccc(-c3nc(-c4ccc(-c5ccc(C#N)cc5)cc4)nc(-c4ccc(-c5cccnc5)cc4)n3)cc2)cc1,12.73
N#Cc1ccc(-c2ccc(Cc3sc(Cc4nc5ccccc5[nH]4)nc3O)cc2)cc1,27.33
Cc1nc(-c2ccc(C#N)c(F)c2)ccc1-c1cc(-c2nnc(C#N)o2)ccn1,26.5
CN1CCC2(CC1)Cc1cc(Nc3nc(Nc4ccc5c(c4)C(=O)c4ccc(N)cc4C5=O)nc(Nc4ccc5c(c4)C(=O)c4ccc(N)cc4C5=O)n3)ccc1C2=O,13.75
N#Cc1cncc(-c2nc(-c3cccnc3)nc(-c3ccnc(C#N)n3)n2)c1,15.65
Cc1ccc(-n2c(N)c(Sc3ccccc3)cc(C#N)c2=O)cc1,20.7
Oc1ccc(CCOc2cc(-c3ccncc3)nc(-c3ccc(C=Cc4ccncc4)nc3)c2)cc1,38.03
N#Cc1ccc(-c2ccc(-c3nc(-c4ccc(-c5cnccn5)cc4)nc(-c4ccc(Cl)cc4Cl)n3)cc2)cc1,14.82
N#Cc1ccc(-c2cc(C(F)(F)F)[nH]c(=NC(=N)N=Cc3cccnc3)n2)cc1,24.29
N#Cc1cnc(-c2ccc(O)c(F)c2)cc1-c1ccc(O)c(Cl)c1,19.49
COc1cc2c(cc1C#N)C(=O)c1ccc(Nc3ccc(F)cc3F)cc1OC2,20.76
CS(=O)(=O)Nc1ccc(-c2nc(-c3ccc(-c4ccc(C#N)cc4)cc3)nc(-c3ccc(-c4ccc(C#N)cc4)cc3)n2)cc1,17.19
CS(=O)(=O)C1(c2nc(-c3ccc(-c4cnc(F)cn4)cc3F)nc(C3CCOCC3)n2)CCC1,26.94
N#Cc1ccc(-c2ccc(-c3nc(N4CCOCC4)c4ccccc4n3)cc2)cc1,11.11
O=CN1CCN(C=Nc2nc(N=CN3CCN(C=O)CC3)nc(N=CN3CCN(C=O)CC3)n2)CC1,6.88
Cc1ccc(-c2cn3cc(-c4ccc(N(C)C)nc4)nc3cn2)cc1C(=O)Nc1cccc(C(F)(F)F)c1,27.83
CC(C)n1nc(-c2ccc(C#N)cc2)c2c(=N)[nH]cnc21,15.3
CCn1c(N=Cc2ccc(Cl)cc2)c(C#N)c(C#N)c1-c1ccc(C#N)cc1,18.75
N#Cc1ccc(-c2ccc(-c3nc(-c4ccccn4)n(N=Cc4ccc([N+](=O)[O-])cc4)n3)cc2)cc1,26.44
O=C1c2cc3cc(F)ccc3n2CCN1Cc1cccnc1-c1nc(C2CC2)no1,31.38
C=C(c1cc(-c2ccc(C#N)cc2)nc(-c2ccc(C#N)cc2)c1)n1cc([N+](=O)[O-])nc1C#N,27.39
C=CCn1c(-c2cc3c(cc2O)CCCC3)cc2c(=O)[nH]c(=N)[nH]c21,32.38
N#Cc1ccc(-c2ccc(-c3cc(-c4nc(Cl)nc(Cl)n4)nc(-c4ccc(C#N)cc4)n3)cc2)cc1,12.89
N#Cc1cncc(-c2nc(-c3cncc(C#N)c3)nc(-c3cncc(C#N)c3)n2)c1,4.17
CN(C)c1ccc(-c2ccc(Cc3cnc(-c4ccc(-c5ccc(C#N)cc5)nc4)nc3C#N)cc2)cc1,26.67
Nc1ccc2c(c1)C(=O)c1ccc(Nc3nc(Nc4ccc5c(c4)CCCCC5=O)nc(Nc4ccc5c(c4)C(=O)c4ccc(N)cc4C5=O)n3)cc1C2=O,8.32
O=c1[nH]c2cc(-c3ccncc3)ccc2c(=O)n1-c1ccccc1,19.88
N#Cc1cncc(-c2nc(-c3ccc(F)c(C#N)c3)nc3ccnn23)c1,12.93
N#Cc1ccc(-c2ccc(-c3nc(-c4ccc(C=C5C(=O)NC(=O)NC5=O)cc4)nc(-c4ccc(-c5ncc(C#N)cn5)cc4)n3)cc2)cc1,26.01
N#CCc1c(Cl)ncc(-c2nc(-c3cncc(C#N)c3)nc(C3CCOC3)n2)c1F,20.33
N#Cc1ccc(NCc2cccc(-c3ccc(C#N)cc3)n2)cc1,18.79
N#Cc1cncc(-c2nc(-c3ncccn3)nc(C3C4CCC(C4)N3C(=O)c3cc(F)ccc3F)n2)c1,26.56
COc1cc(C(c2cccnn2)N2CCC(C)(C)CC2)ccc1-c1cccc(C#N)c1,32.74
N#Cc1ccccc1Nc1nc(Nc2ccc3c(c2)C(=O)c2ccc(N)cc2C3=O)nc(Nc2ccc3c(c2)C(=O)c2ccc(N)cc2C3=O)n1,11.72
N#Cc1ccc2c3ccccc3n(Cc3ccccc3)c2c1,19.62
O=C(NCCCC1CCCCC1)C(Cc1ccc(Cl)cc1)N1Cc2ccccc2C1=O,33.66
CCOc1ccc(NC(=O)Cn2cc(C(=O)c3ccccc3)c3ccccc32)cc1,21.11
N#Cc1ccc(-c2ccc3c(c2)C(=O)c2ccccc2C3=NO)nc1,19.71
Cc1ccc2c(c1)C(c1ccccc1)C1CC2CN1C,28.55
Cc1c(Nc2nc(Nc3ccc4c(c3)C(=O)c3ccc(N)cc3C4=O)nc(Nc3ccc4c(c3)C(=O)c3ccc(N)cc3C4=O)n2)ccc2ncc(C#N)cc12,14.28
N#Cc1ccc(-c2c[nH]c(-c3ccc(-c4ccc(-c5nc(CC6CC6)nc(CN6CCNCC6)n5)cc4)cc3)n2)cc1,26.78
OCC1OC(n2cc(-c3ccc(-c4ccc(F)cc4)cc3)c3c(Cl)ncnc32)C(O)C1O,22.53
Cc1cc(NC(=O)c2ccc(C#N)cc2)ccc1NC(=O)c1cccc(NC(=O)Nc2ccc(F)cc2)c1,32.19
NCCCC(CCCN=C(N)N)NC(=O)c1cc(N)c(O)cc1N=Cc1ccc(-c2cccc(-c3ccc(C=Nc4cc(O)c(N)cc4O)cn3)n2)cc1,16.93
N#Cc1ccc(-c2ccc(C(=O)Nc3ccc4c(c3)-c3c(c(C(N)=O)nn3-c3ccccc3)CC4)cc2)cc1,19.08
Nc1ccc2c(c1)C(=O)c1ccc(Nc3nc(Nc4ccc5c(c4)CCC5=O)nc(Nc4ccc5c(c4)C(=O)c4ccc(N)cc4C5=O)n3)cc1C2=O,6.08
N#Cc1cccc(Nc2cccc(-c3ccc(C#N)nc3)c2)c1,20.32
N#Cc1ccc(-c2c(C#N)c(C#N)c3c(c2C#N)-c2ccccc2C3=O)cc1,25.08
Cc1ccc2cccc(OCc3nc(-c4ccc(-c5ccc(C#N)cc5)cc4)nc(-c4ccc(-c5ccc(C#N)cc5)cc4)n3)c2n1,16.53
N#Cc1ccc(-c2ccc(-c3nc(COc4cc(C#N)nc5c(C#N)cccc45)nc(-c4ccc(-c5ccc(C#N)cn5)nc4)n3)cc2)cc1,18.41
Cc1ccc2c(c1C)C(=O)c1cc(C(=O)NCCCN=c3cc[nH]c4cc(Cl)ccc34)ccc1C2=O,30.68
N#Cc1ccc(-c2cccc(-c3[nH]n(Cc4cnccn4)c(=NC(=O)c4cccc(C#N)c4)c3C#N)c2)cc1,26.52
N#Cc1ccc(-c2nc(-c3cncc(C#N)c3)nc(-c3ccc4c(c3)OCCO4)n2)cc1,15.05
Cc1nc(-c2cc(N3CCOCC3)ncn2)c2cc(-c3ccccn3)cnc2n1,21.59
NC(=O)c1nn(-c2ccc(F)cc2)c2c1CCc1ccc(NC(=O)c3ncccc3C(F)(F)F)cc1-2,22.46
CC(=O)N1CCN(C2Sc3ccc(C(=O)NCc4cccnc4)cc3NC2=O)CC1,28.05
N#Cc1ccc(-c2ccc(-c3nc(-c4ccc(-c5ccc(C#N)cc5)nc4)nc(-c4ccc(-c5ccc(C#N)cn5)nc4)n3)cc2)cc1,9.99
CCCCc1nn(Cc2cc(C)cc3ccccc23)c(=O)n1Cc1ccc(-c2ccccc2-c2nn[nH]n2)cc1,28.3
Cc1cc(-c2ccc(-c3ccc(-c4cc(C#N)cc(-c5sc(-c6ccc(C#N)cc6)nc5-c5ccc(F)cc5)c4)cc3)cc2)nc(C(F)(F)F)c1,27.28
Cc1c(Cc2ccc(Cl)cc2)c(=O)n(CC(=O)Nc2ccc(C#N)cc2)c2ccccc12,26.18
ON=C(O)C=Cc1ccc2c(SCCc3ccccc3)ccnc2c1,25.17
COC(=O)c1ccc(N=Cc2ccc(-c3ccc(C=Nc4ccc5c(c4)C(=O)c4ccc(N)cc4C5=O)cc3)cc2)c(OC)c1,20.32
Cc1cccc(C)c1N=c1[nH]c2cc(Cl)ccc2n1-c1cccc(C#N)c1,28.84
Nc1cc(O)c(N=Cc2ccc(F)cn2)cc1O,17.48
N#Cc1ccc(Sc2nc(Cl)c(C#N)c(-c3ccc(Cl)cc3)c2C#N)cc1,15.54
N#Cc1ccc(-c2nc(=NCc3ccccc3C#N)n(-c3cccc(C#N)c3)[nH]2)cc1,20.96
N#Cc1ccc(-c2nc(-c3ccc(-c4ccc(C#N)cn4)nc3)nc(-c3ccc(-c4ccc(C#N)cn4)nc3)n2)cc1,8.35
N#Cc1ccc(-c2ccc(-c3cn(N=Cc4cccc5ccccc45)cn3)cc2)cc1,23.64
COCCOc1ccc2c(C#N)c(-c3ccc(F)cc3)n(CC3CC(F)(F)C3)c2c1,31.87
N#Cc1ccc(-c2ccc(-c3noc(-c4ccc(-c5ccc(C#N)cc5)cc4)n3)cc2)cc1,9.94
Clc1ccc(-c2ccc(-c3cc(-c4ccc(-c5nc(Cl)nc(Cl)n5)cc4)cc(-c4ccc(-c5nc(Cl)nc(Cl)n5)cc4)c3)cc2)nc1,7.26
CNC(=O)c1cccc(N=c2nc(N3CCN(c4ccc(C#N)cn4)CC3)nc(C)[nH]2)c1,18.46
Cn1c(C(=O)N=c2[nH]ccc(C#N)c2Cl)c(C#Cc2c(F)ccc(F)c2F)c2cc(N3CCC(N)C3)c(Cl)cc21,41.71
NC(=O)c1ccc(-c2nc(-c3ccc(Cl)cc3)c(-c3ccc4ccccc4c3)[nH]2)cc1,19.72
C=Cc1ccc(Cn2c(C)cc(=O)c(C(=O)NCc3ccc(C)cc3)c2C)cc1,20.6
N#Cc1ccc(C(=O)n2c(=S)nc(-c3ccc(-c4ccccc4)cc3)n2Cc2ccc(Cl)cc2)cc1,30.44
CN(Cc1nc(-c2ccccc2F)c2cc(C#N)ccc2n1)c1ncc(C(O)=NO)cn1,30.05
N#Cc1ccc(-c2ccc(-c3nc(-c4ccc(N)cc4)cs3)cc2)cc1,15.16
CN1CCC2(CC1)CN=C(C(=O)N=c1ccc(Br)c[nH]1)C2,31.19
COc1ccc(-c2cc(-c3ccc(C=Nc4cc(O)c(N)cc4O)cc3)nc(-c3ccc(C=Nc4cc(O)c(N)cc4C(=N)NCCCNC(=O)C(N)C=N)cc3)n2)cc1,28.72
CC(=O)N1c2ccc(-c3ccccn3)cc2C(Nc2ccccc2Cl)CC1C,24.98
Nc1ccc2c(c1)C(=O)c1ccc(Nc3cc(Nc4ccc5c(c4)CCC5=O)nc(Nc4ccc5c(c4)C(=O)c4ccc(N)cc4C5=O)n3)cc1C2=O,8.68
CCN1C(=O)c2cccc3nc(-c4c(F)c(F)c(C#N)c(F)c4F)cc(c23)C1=O,25.01
Cn1c(NCc2ccc(C#N)cc2)c(C#N)c(-c2ccc(Cl)cc2)c(C#N)c1=O,19.71
Cc1nc(-c2ccc3ncc(-c4ccc(F)cc4)nc3c2)cc(=N)[nH]1,25.86
N#Cc1c2ccccc2c(C(=O)C(=O)Nc2ccc3c(c2)C(=O)c2ccc(N)cc2C3=O)c2ccccc12,21.94
CSc1nccc(-c2ccc(-c3nc(-c4ccc(-c5cc(C(=N)N)ccn5)cc4)nc(-c4ccc(C(C)(C)C)cc4)n3)cc2)n1,28.67
N#Cc1ccc(-c2ccc(-c3nc(-c4ccc(-c5ccncc5)cc4)nc(-c4ccc(-c5ccc(C#N)cn5)nc4)n3)cc2)cc1,13.37
OCC1CCCN1Cc1nc(-c2nccc3cc(-c4cc(F)c(O)c(Cl)c4)ccc23)ns1,30.3
N#Cc1ccc(-c2ccc(C=Cc3cncc(C#N)c3)cc2)cc1,15.39
N#Cc1ccc(-c2ccc(-c3nc(-c4ccccc4)nc(-c4ccc(C#N)cc4)n3)cc2)cc1,9.12
CCCS(=O)(=O)c1ccc(-c2nc(C#N)nc3c2ccn3C)cc1C#Cc1cncc(C#N)n1,28.15
O=C(C=Cc1ccc(Cl)cc1)c1ccc(-c2ccc(F)cc2)cc1,15.71
N#Cc1ccc(-c2ccc(-c3ncc(-c4ccc(CCC(=O)O)cn4)nc3-c3cncc(C#N)c3)cc2)nc1,21.03
CCc1cnc(N2CCCN(C(=O)C(C)C)CC2)nc1,32.38
NC(=O)c1c(-c2cccc(Oc3ccccc3)c2)cnn(-c2cccc(C(=O)N=c3cc(C(F)(F)F)cc[nH]3)c2)c1=O,32.02
N#Cc1c[nH]c2ccc(NCc3cccc(-c4ccccc4)n3)cc2c1=Nc1ccc(F)c(Cl)c1,18.79
N#Cc1ccc[n+]([O-])c1,11.02
Nc1ccccc1NC(=O)c1ccc(CNC(=O)CCCN2C(=O)C(=Cc3ccc(F)cc3)SC2=S)cc1,29.19
N#Cc1ccc(-c2ccc(C(=O)N(Cc3ccccc3)c3ccc(-c4nc5ccc(-c6cncc(C#N)c6)cc5o4)cc3)o2)cc1,29.26
Cc1cc(CNC(=O)N2CCN(c3cccnc3)CC2)nc(C2(C(F)(F)F)CCC2)n1,40.01
Cc1nc(N2CCNCC2)nc2c1c(=O)c(C#N)c(-c1ccc(C#N)cc1)n2Cc1c(F)cccc1F,27.85
N#Cc1cncc(-c2nc(-c3cccc(C#N)n3)nc(C3CC3)n2)c1,9.18
NC(=Nc1cc(Cl)c(Cl)cc1Cl)NCc1ccccc1,27.76
Cc1oc2nccnc2c1S(=O)(=O)N1CCN(c2ccccc2)CC1,30.41
N#Cc1ccc(-c2nc(COCC3CC3)nc(-c3cccc(F)c3F)n2)cc1,15.08
O=C(CCl)N1N=C(c2ccc(-c3ccc(Cl)c(Cl)c3)cc2)CC1c1cc(-c2ccc(-c3nc(Cl)nc(Cl)n3)cc2)cc(-c2ccc(-c3nc(Cl)nc(Cl)n3)cc2)c1,28.15
CC(C)C(C)ON=Cc1ccc(NC(=O)NC(=O)c2ccc(F)cc2Cl)cc1,25.52
Cc1cncc(C(c2cncc(C#N)c2)N2CCN(Cc3c(F)cc(C#N)c(F)c3F)CC2)n1,30.15
N#Cc1ccc(-c2nc(-c3cncc(C#N)c3)nc(-c3cccc(C#N)n3)n2)cc1,7.32
CN(C)c1ccc(C=Cc2c3ccccc3c(C=Nc3cc(O)c(N)cc3O)c3ccccc23)cc1,14.39
N#Cc1cncc(-c2nc(-c3ccnc(Cl)c3)nc(C3CC3)n2)c1,15.47
N#Cc1cncc(-c2cn3c(-c4cc(C#N)cnc4N4CCC(F)CC4)cnc3cn2)c1,33.28
ON=Cc1cccc(-c2ccccc2)n1,18.99
N#Cc1c(NC(=O)c2ccc(Br)o2)sc2c1CCC2,21.14
Nc1ccc(Nc2cc(Nc3ccc4c(c3)C(=O)c3ccc(N)cc3C4=O)nc(Nc3ccc4c(c3)C(=O)c3ccc(N)cc3C4=O)n2)cc1,10.05
N#Cc1ccc(-c2ccc(Cl)c(C(=O)N=c3cc(C(=O)NC4(CCO)COC4)[nH]n3-c3ccccc3)c2)nc1,19.48
FC(F)(F)c1ccc(-c2ccc(-c3cc(-c4ccc(-c5nc(Cl)nc(Cl)n5)cc4)cc(-c4ccc(-c5nc(Cl)nc(Cl)n5)cc4)n3)cc2)nc1,6.89
O=C(CSc1nnn(-c2ccccc2)n1)c1ccc2c(c1)OCCO2,26.74
CN(C=Nc1ccccc1)C1=NCCN1,16.71
CN(c1ccccc1)c1ccc2ncc(C(=O)Nc3ccc4nn(-c5ccc(C(N)=O)cc5)nc4c3)n2c1,33.62
N#Cc1ccc(-c2ccc(-c3nc(-c4ccc(-c5ccc(C#N)cc5)cc4)nc(-c4ccc(-c5ccc(C#N)cc5)cc4)n3)cc2)cc1,4.96
Cn1cc(C(C#N)=c2ccc(=C(C#N)C#N)cc2)nc1C(C#N)=c1ccc(=C(C#N)C#N)cn1,16.0
COc1cc(C2CC(=O)N=c3ccccc3=N2)ccc1OCc1ccc([N+](=O)[O-])cc1,30.72
Cc1cc(C=CC#N)nc(C=CC#N)n1,7.81
CC(=O)c1cccc(-c2cc(-c3cncc(C=CC(=O)O)c3)cc3c2-c2ccccc2CC3)c1,28.16
N#Cc1cccc(-c2nnc(-c3ccccc3Cl)c(-c3ccc(Cl)cc3)n2)n1,16.47
COC(C)CNC(=O)c1ccc(F)c(-c2nc(C(=O)Nc3ccc(OC(F)(F)F)cc3)nc(N3CC4CC4(C(=O)O)C3)n2)c1,34.79
O=CN1CCN(Cc2ccc(C(=O)Nc3cccc(-c4ccc(-c5nc6cc(C(F)(F)F)ccc6[nH]5)s4)c3)cc2)CC1,27.25
N#Cc1ccc(-c2nc(-c3ccc(C(C#N)c4cccnc4)cc3)nc(-c3c(C#N)c(-c4ccc(C#N)cc4)nc4ccccc34)n2)cc1,30.49
N#Cc1ccc(-c2cn(Cc3ccc(F)c(F)c3)nc2-c2ccc(F)cc2)cc1,19.28
C=CCn1c(SCc2ccc(Cl)c(Cl)c2)nc2cc(Cl)ccc2c1=O,28.39
O=C1CCCCc2ccc(N=c3cc[nH]c(=Nc4ccccc4)[nH]3)cc21,18.66
Nc1cc(O)c(N=Cc2ccc(-c3ccc(C=Nc4cc(O)c(N)cc4O)cc3)cc2)cc1O,12.2
CC(=O)N1CCN(C(=O)c2ccc(-c3ccnc(C)c3C#Cc3ccc(C#N)cn3)cc2F)CC1,24.82
O=C(NC(=Nc1ccc(F)c(Cl)c1)Nc1cc(F)c(F)c(F)c1)c1ccccc1,33.72
Cc1nc(-c2ccc(F)cc2F)ccc1N(C)CCc1cc(C(F)(F)F)cc(C#N)n1,33.9
N#Cc1ccc(-c2ccc(-c3nc(-c4ccccc4)nc(-c4ccc(-c5ccc(C#N)cc5)cc4)n3)cc2)cc1,9.41
Nc1ccc2c(c1)C(=O)c1ccc(Nc3ccccc3)cc1C2=O,10.85
CC=CC=CCN(C)Cc1ccc2c(c1)CCC2,22.6
N#Cc1cc(-c2cc(-c3ccc(OC4CCN(C(=N)N)C4)cc3Cl)nc(-c3ccc(C(=O)N=c4[nH]ccs4)cc3)n2)ccc1F,36.7
CN(CCc1nccc(-c2ccccc2)n1)C(N)=O,26.52
N#Cc1ccc(-c2cnc3ccc(-c4cc(C#N)ccn4)nc3c2)cc1,20.76
Cn1c(-c2ccc(-c3ccc(C#N)cc3)cc2)nc(-c2ccc(F)cc2)c1-c1ccncc1,12.52
CCCCc1nc(C2=CCN(C=O)CC2)c(C2C(N=Cc3ccccc3)=C(C#N)C3CCCCC32)n1Cc1ccc(-c2ccccc2-c2nn[nH]n2)cc1,46.13
CNC1CCc2c(-c3cc(C#N)cc(-c4cncc(C#N)c4)n3)ccc(F)c21,26.79
CN(C)c1ccc(-c2nc(-c3ccc(-c4ccc(C#N)cc4)cc3)n(CCCCN=c3cc[nH]c4cc(Cl)ccc34)c2-c2ccc(-c3ccc(C#N)cc3)cc2)cc1,22.09
N#CC=Cc1ccc(-c2ccc(C#N)cc2)cc1,13.53
Cc1ccc(CC(=O)Nc2cc(Nc3ccc(C#N)cc3)cc3c2C(=O)c2ccccc2C3=O)cc1,24.82
O=C(Nc1ccc2cc(C(=O)N3CCC4CCCCC4C3)nn2c1)c1nc2ccccc2o1,37.61
CCCn1c(-c2ccc(-c3ccc(C#N)cc3)cc2)nc2ccccc21,15.15
N#Cc1ccc(-c2cc(-c3ccc(C#N)cc3)nc(-c3ccc(C=NNC(=O)c4ccccc4N=Cc4ccccc4)cc3)n2)cc1,25.01
CNC(=O)C(C)OCc1cc(-c2ccc(C#N)cc2)nc(-c2ccc(C#N)cc2)n1,17.35
Cn1cc(-c2ccc(C#N)cn2)cc(C#N)c1=O,18.13
N#CC(=Cc1ccc(C#N)cc1)C(=O)N1CCCCC1,24.39
N=c1cnc(-c2ccc(-c3cccc4nccnc34)cc2)c[nH]1,24.62
CC(C)Oc1ccc(CNC(=O)c2nc(-c3ccc(-c4ccc(C#N)cc4)cc3)nc(-c3ccc(-c4ccc(C#N)cn4)nc3)n2)cc1,15.41
N#Cc1ccc(-c2nc(-c3ccc(N4CCCCC4)nc3)nc(-c3cncc(C#N)c3)n2)cc1,12.49
Cc1cc(-c2nc(-c3cncc(C#N)c3)nc(-c3cc(C#N)c(N4CC5(COC5)C4)nn3)n2)cc(C)n1,25.39
N#Cc1cccc(-c2nc(C(=O)Nc3ccc4c(c3)Cc3ccccc3-4)nn2-c2ccc(C#N)c(F)c2F)c1,32.69
O=C(CN1CCN(c2cccc(Cl)c2)CC1)Nc1ccc2c(c1)NC(=O)N=C(C=NO)N2,32.57
N#Cc1nc(-c2ccc(Sc3cccnc3)c(C#N)c2)nc(=Nc2ccc(C(N)=O)cc2)[nH]1,32.59
N#Cc1ccc(-c2ccc(-c3noc(-c4ccc(C#N)cc4)n3)cc2)cc1,10.96
N#Cc1ccc(-c2nc(-c3ccc(-c4ccc(C(N)=O)cc4)cc3)nc3c2CN(NC(=O)c2ccc(F)cc2)CC3)cc1,31.29
Cc1cc(C)n(-c2ccc(N)cc2)n1,17.43
CCc1cc(CNC)nc(-c2nc(-c3cncc(C#N)c3)nc(-c3cccc(C#N)n3)n2)n1,24.83
CC(CC#N)Nc1c(Nc2ccc3c(c2)C(=O)c2ccc(N)cc2C3=O)c(=O)c1=O,17.93
Cc1nc(-c2c[nH]c(=N)c(-c3cc(=NC(=O)c4ccc(-c5cc(Cl)cc(Cl)c5)c(C#N)c4)n(-c4ccccc4)[nH]3)c2)n(C)n1,42.92
N#Cc1ccc(-c2ccc(-c3nn(C=Cc4ccc(-c5ccccc5)cc4)nc3-c3cccnc3)cc2)cc1,22.42
Nc1ccc2c(c1)C(=O)c1ccc(Nc3cc(Nc4ccc5c(c4)CCCNC5=O)nc(Nc4ccc5c(c4)C(=O)c4ccc(N)cc4C5=O)n3)cc1C2=O,9.14
N#Cc1ccc(-c2nnc3n2-c2ccc(Cl)cc2SC3)cc1,17.81
N#Cc1ccc(-c2nc(-c3ccc(C#N)cc3)nc(-c3cncc(C#N)c3)n2)cc1,8.38
N#Cc1ccc2[nH]c(-c3ccc(-c4nnc(-c5ccc(-c6csc(=N)[nH]6)cc5)o4)s3)nc2c1,29.71
N#CC=Cc1ccc(N2Cc3ccccc3C2=O)c(C#N)c1,15.67
Nc1ccc2c(c1)C(=O)c1ccc(NC(=O)CNC3CCN(c4nc5c(cc4F)c(=O)c(C(=O)O)cn5C4CC4)C3)cc1C2=O,24.51
CON=C(NC1CCC(C(F)(F)F)CC1)c1ccc(Cl)c(C(=O)c2cccnc2)n1,26.84
N#Cc1ccc(-c2ccc(-c3nncc(-c4cc(-c5cccnc5)cc(C(F)(F)F)c4)n3)cc2)cc1,21.47
CCN(C(=O)C(=O)c1cc(C(C)(C)C)nn1-c1ccc(C#N)cc1)c1ccc(N=CN2CCN(C=O)CC2)cc1,35.63
N#Cc1ccc2c(c1)[nH]c1c(N3CCC(O)CC3)nccc12,25.9
O=C(O)c1ccc(-c2ccc(Cn3c(=O)c(Br)c(-c4ccc(COC5CCCC5)cc4)n(Cc4ccccc4)c3=O)cc2)cc1,34.95
CCc1cc(C=CC#N)nc(C=CC#N)n1,8.87
N#CC=Cc1cccc(N(Cc2ccc(F)c(C(F)(F)F)c2)C(=O)Cn2cc(C#N)c3ccccc32)c1,25.12
O=C(NCCN(C(=O)C1CC1)c1ccccc1)c1ccc(-c2noc(C(F)(F)F)n2)cc1,27.99
CC(C)CC(C=Cc1ccccc1)NC(=O)C1CNCCC1(CNC(=O)C=Cc1ccc(C#N)cc1)COc1cnc2ccccc2c1,48.96
N#Cc1ccc(-c2ccc(-c3ccc(-c4ccc5n4CCc4ccc(NCc6ccc(F)cc6)cc4C5=O)nn3)cc2)cc1,25.24
CCCc1nc(-c2cccc(C#N)n2)ncc1-c1ccc(-c2cccc(C#N)n2)cc1,21.94
N#Cc1ccc(-c2cc(-c3ccc(C#N)cc3)c(C#N)c(Oc3ccccc3)n2)cc1,19.6
Cc1nsc2ncnc(-c3ccc(C#N)cc3)c12,20.83
N#Cc1ccc(-c2ncnc3cc(C#N)cn23)cc1,19.66
Clc1ccc(-c2cc(=Nc3ccc(-c4ccncc4)cc3)[nH]cn2)c(Cl)c1,25.19
O=C(NCc1ccc(F)c(F)c1)c1ccc(-n2ccnc2)cc1,22.03
CC1COCCN1c1nc(-c2cccc(C#N)c2)nc(-c2cncc(C#N)c2)n1,16.51
N#Cc1ccc(-c2ccc(Cc3cc(C(F)(F)F)cc(C(F)(F)F)c3)cc2)cc1,21.79
FC(F)(F)c1cnc(-c2ccc(-c3cc(-c4ccc(-c5nc(Cl)nc(Cl)n5)cc4)cc(-c4ccc(-c5nc(Cl)nc(Cl)n5)cc4)c3)cc2)nc1,11.6
N#Cc1ccc(-c2nc(C#N)nc(-c3ccc(C#N)cc3)n2)cc1,9.57
CNC(=O)c1ccc(N)c(-c2ccc(C(=O)N3CCCCc4ccccc43)cc2)c1,35.4
Cc1ccc(NC(=O)c2cc(S(=O)(=O)NC3CCCC3)ccc2F)cc1F,25.95
O=C(C=Cc1ccc(O)cc1)OCC=Cc1ccc(O)cc1,19.22
N#Cc1ccc(-c2ccc(-c3cc(-c4ccc(-c5nc(Cl)nc(Cl)n5)cc4)cc(-c4ccc(-c5nc(Cl)nc(Cl)n5)cc4)n3)cc2)cc1,7.12
N#Cc1ccc(C#Cc2ccc(Oc3ccc(C#N)cn3)cc2)cc1,17.15
Cc1nc2ccc(Nc3nc(Nc4ccc5c(c4)C(=O)c4ccc(N)cc4C5=O)nc(Nc4ccc5c(c4)C(=O)c4cc(N)ccc4C5=O)n3)cc2s1,15.7
CN(C)c1nnn(CC(=O)NN=Cc2nc(-c3ccc(Cl)cc3Cl)c(-c3ccccc3)o2)n1,33.25
N#Cc1cccc(-c2c(F)c(F)c(-c3nc(Cl)nc(Cl)n3)c(F)c2F)c1,12.25
Cc1csc(C(=O)Nc2ccc(C)c(-c3cn(C)c(=O)c(=Nc4ccc(-c5nccs5)cc4)[nH]3)c2)c1,34.71
Cc1cccc(-c2ccc3c(N4CCOCC4)nc(-c4ccc(-c5cc(C#N)cc(C#N)c5)o4)nc3n2)n1,28.54
N#Cc1cccc(-c2nc(-c3cccc(C#N)n3)nc(-c3cccc(C#N)n3)n2)n1,7.07
N#Cc1cccc(NC(=O)c2ccccc2)c1,13.52
c1ccc(-c2ccc(Cn3ccnc3)cc2)cc1,13.86
N#Cc1ccc(-c2nc(-c3cncc(C#N)c3)nc(-c3ccc(C#N)cn3)n2)cc1,7.36
N#Cc1ccc(-n2cc(C=O)c(-c3ccc(-c4nc(Cl)nc(Cl)n4)cc3)n2)cc1,16.53
N#Cc1c(N)cc(N)cc1Nc1ccc2c(c1)C(=O)c1ccc(N)cc1C2=O,15.27
N#Cc1cnc(N2CC3CN(C(=O)c4ccc(F)cc4-n4nccn4)CC3C2)cc1Cl,25.36
CN=c1ncc(-c2nc(N3CCOCC3)c3ccc(F)cc3n2)c[nH]1,21.17
N#Cc1ccc(CN2CCC(NCc3cccnc3C#N)CC2)cc1,21.4
CN(C)CCCn1c(=N)n(CN2CCN(C=O)CC2)c2cc([N+](=O)[O-])ccc21,33.92
COc1ccc(NC(=O)c2ccc(C)c(N=c3cc(C)[nH]c(-c4ccc(C#N)cc4)n3)c2)cc1C(F)(F)F,23.87
N#Cc1ccc(C(=O)Nc2ccc(C#N)c(C#N)c2)nc1,14.6
CC[n+]1ccc(-c2cc[n+](-c3cccc(C(C)=NN=C(N)N)c3)cc2)cc1,20.37
N#Cc1ccc(-c2nc(-c3ccc(C#N)cc3)nc(-c3ccc(-c4ccc(C#N)cn4)cc3)n2)cc1,10.47
Nc1ccc2c(c1)C(=O)c1ccc(Nc3nc(Nc4ccc5c(c4)C(=O)CC5)nc(Nc4ccc5c(c4)C(=O)c4ccc(N)cc4C5=O)n3)cc1C2=O,6.76
CCCN(CCC)C1=CCc2cccc(O)c2C1=O,27.17
Cc1ccc(-n2cc(CN3CCC(NC(=O)CC(C)(C)CN(C)C)CC3)cn2)cc1,39.12
N#Cc1ccc(-c2nc(-c3cncc(C#N)c3)nc(-c3cncc(C#N)c3)n2)cc1,7.93
O=C(NC(c1ccccc1)c1ccc(C(F)(F)F)nc1)N1CCc2c[nH]c(=NC3CCOCC3)nc2C1,27.47
N#Cc1ccc(-c2ccc(-c3nc(-c4ccc(-c5ccc(C#N)c(C#N)c5)cc4)nc(-c4ccc(-c5cncnc5)nc4F)n3)cc2)cc1,29.3
Cc1cc(-c2nc(-c3cncc(C#N)c3)nc3c(-n4cnc(CN5CCC(O)C5)c4)cccc23)cc(C)n1,28.61
N#Cc1ccc(-c2c(C#N)c(=O)[nH]c3c2c(C#N)c(-c2ccc(C#N)cc2)n3-c2ccccc2)cc1,17.83
CCC(NCc1ccc2c(c1)C(=O)CC1COC(=O)N21)C(=O)c1ccc(C#N)cc1,38.25
O=C(N=c1cc[nH]cc1)Nc1cccc(Cl)c1,18.16
N#Cc1ccc(-c2csc(-c3ccc(-c4cc(F)cc(C#N)c4)c(C#N)c3)n2)nc1,22.37
COC(=O)c1ccc(CNC(=O)c2cc(N)c(O)cc2N=Cc2ccc(-c3nc(-c4ccc(C#N)cc4)nc(-c4ccc(C=Nc5cc(O)c(N)cc5O)cc4)n3)cc2)cc1,18.51
N#Cc1cccc(-c2nc(-c3ccc(C#N)nc3)nc(-c3cncc(C#N)c3)n2)c1,13.34
N#Cc1ccc(-c2ccc(-c3nc(-c4ccc(-c5ccc(C#N)cc5)cc4)nc(-c4ccc(-c5c(F)cc(C#N)cc5F)cc4)n3)cc2)cc1,17.86
N=C(N)c1ccc(C(=O)NCC(=O)NC(Cc2cccc(CN)c2)C(=O)NCc2ccc(CN)cc2)cc1,29.07
COc1cc2c(=Nc3c(C)ccc4ccccc34)c(C#N)c[nH]c2cc1C=Cc1ccoc1,32.84
N#Cc1ccc(-c2ccc(-c3nc(-c4ccc(-c5ccc(C#N)cn5)c(F)c4)cc(C(F)(F)F)n3)cc2)cc1,6.77
Cc1nc(-c2ccc(C=Nc3cc(O)c(N)cc3O)cc2)nc(-c2ccc(C=Nc3cc(O)c(N)cc3C(=O)NCCCCCCCCCCCCCCN=c3c4ccccc4[nH]c4ccccc34)cc2)n1,19.28
COC(=O)c1cc(C#N)ccc1N=CN(C)c1cccc2c1C(=O)C=CC2=O,37.84
CC(NC(=O)c1ccccc1)C(Cc1cccc(C(=N)N)c1)C(=O)N1CCC(CC(=O)O)CC1,31.1
CCCCCCCCNC(=O)Oc1ccccc1-c1ccc(-c2ccc(C#N)cc2)nc1C(=O)Nc1ccc(C(N)=O)cc1,35.53
N#Cc1c2ccccc2c(-c2nc(-c3ccc4ccccc4c3)nc(-c3ccc(O)c4ncccc34)n2)c2ccccc12,19.66
Cc1ccc(C=CC(=O)N(Cc2ccc(F)cc2)Cc2ccc(Cl)nc2)cc1Br,31.2
CCC1CCCC1c1nc(-c2ccc(C(F)(F)F)cc2)nc(-c2ccc(OC(C)C)c(C#N)c2)n1,23.78
O=C1NC2CSC(CCCC(O)c3nc(-c4ccccc4Cl)no3)C2N1,26.19
N#Cc1ccc(-c2cc3c(cc2F)c(=O)c(C#N)cn3-c2ccc(F)cc2)cc1,17.58
Cc1ccc(-c2nc(-c3cncc(C#N)c3)nc(C3CCC3)n2)cn1,17.36
N#Cc1ccc(N=NN(N=Cc2ccc(O)c(O)c2O)c2ccc([N+](=O)[O-])cc2)cc1,30.03
C=CCNC(=O)c1cnc(N2CCN(c3nccc(Oc4cccc5cc(C)cnc45)n3)CC2)nc1C(C)C,39.9
N#Cc1ccc(-c2ccc(-c3nc(=NCCO)c4ccc(-c5ncccc5C(F)(F)F)cc4[nH]3)cc2)cc1,23.94
COC(=O)c1nc(N=Cc2ccc(F)cc2)nc(-c2ccc(C#N)cc2)n1,18.48
CCSC=C(N(C=O)C(=O)CC)n1ccnc1,33.7
COC(=O)C1=C(c2ccc(N)cc2)C2CCCN(C(=O)c3ccc(C#N)cc3)C2C=C1,37.45
Cn1nccc1C(=O)NCc1cnc2n1CCN(CC1CC1)C2,26.99
N#Cc1cccc(C(=O)N=c2ccc3ccccc3[nH]2)c1,19.31
N#Cc1ccc(-c2nc(-c3ccc(C#N)cc3)nc(-c3ccc(C#N)c(Cl)c3)n2)cc1,11.17
N#Cc1ccc(NC(=O)c2nccc3ccc(N4CCCC4c4cccnc4)nc23)nc1,26.31
O=C(c1ccc2c(c1)OCO2)N1N=C(c2ccc(-n3cccc3)cc2)CC1c1cccc(F)c1,27.07
Fc1ccc(-c2cc(-c3ccc(-c4nc(Cl)nc(Cl)n4)cc3)cc(-c3ccc(-c4nc(Cl)nc(Cl)n4)cc3)c2)cc1F,15.27
N#Cc1cnc(-c2ccc(C#N)nc2)c(-c2ccccc2)c1,15.74
N#Cc1ccc(-c2nc(=NCc3cccnc3)nc(-c3ccc(C#N)cc3)[nH]2)cc1,16.22
CC(Cc1ccc(N)cc1)NCC(O)COc1ccc(O)cc1,24.11
Cc1cc(N=Cc2ccc(-c3nc(-c4ccc(C=Nc5cc(O)c(N)cc5O)cc4)nc(-c4ccc(C=Nc5cc(O)c(N)cc5C(=O)NCCCCCN)cc4)n3)cc2)ccc1C#N,17.65
COc1ccc(-c2ccccc2-c2cc(C(CC(C)C)=NO)cc(-c3ccc(C#N)cc3)n2)cc1,29.8
N#Cc1ccc(-c2ccc(-c3nc(-c4ccc(C#N)cc4)nc(-c4ccc(-c5ccc(C#N)cc5)nc4)n3)cc2)cc1,11.55
N#Cc1ccc(-c2ccc(C#N)cn2)cc1,11.9
N#Cc1ccc(-c2nc(C(=O)O)cc(-c3ccc(-c4ccc(-c5ccccn5)cc4)c(C#N)c3)n2)cc1,19.21
N#Cc1ccc(-c2ccc(-c3nc(-c4ccc(C#N)cc4)cc(-c4nc(C(F)(F)F)c[nH]c4=NCc4ccccc4)n3)cc2)cc1,21.66
O=C(NCCc1cc(C(=O)NCc2ccc(F)c(F)c2)nc(-c2ccc(C(F)(F)F)cc2)c1)c1ccccc1,27.15
N#Cc1ccc(-c2ccc(-c3nc(COc4ccc(OC5CCCC5)cc4)nc(-c4ccc(-c5ccc(C#N)cn5)nc4)n3)cc2)nc1,15.7
N#Cc1ccc(-c2nnc(-c3ccc4[nH]c(Cc5ccc(-c6ccnc(C#N)c6)cc5)nc4c3)o2)cc1,27.03
O=c1n(Cc2ccccc2)c2ccccc2n1Cc1nc2ccc(C(F)(F)F)cc2s1,23.38
COc1coc(C(O)N=c2cc(-c3ccc(C(F)(F)F)cc3)c3ccccc3n(C)c2=O)cc1=O,29.7
N#CN=c1[nH]c(-c2ccc(F)cc2)c(C#N)c(=NC(=O)c2ccccc2Cl)[nH]1,28.0
NCCCc1c[nH]c2cc(F)ccc12,19.88
C#CCNC(=NS(=O)(=O)c1ccc(Cl)cc1)c1ccc(C(=O)OC)cc1,28.53
N#Cc1ccc(-c2nncc(-c3ccc4ccccc4c3)n2)cc1,18.26
N#CN=C(NCc1ccc(C#N)cc1)c1cccnc1,21.17
N#CCN1CCC(CNC(=O)c2cc(-c3ccc(-c4ccc(C#N)cn4)nc3)nc(-c3ccc(-c4ccc(C#N)cc4)cc3)n2)CC1,15.27
O=C(CO)NCc1coc(-c2ncc3c(=NC(c4ccccc4)c4ccccc4)[nH]c(Cl)cn23)n1,41.49
N#Cc1ccc(-c2nc(-c3cccnc3)nc(-c3cncc(C#N)c3)n2)cc1,10.08
N#Cc1cccc(-c2nc(Cc3ccc(F)cc3)nc(-c3cccc(-c4cccc(O)c4)c3)n2)n1,26.89
N#Cc1ccc(C(F)(F)F)nc1-c1ccc(-c2ccc(C(=O)NC(CO)c3cccc(CF)c3)cc2)cc1F,27.48
N#CCC1(C(=O)Nc2ccc(C#N)cc2)C(=O)Nc2ccc(-c3ccc(C#N)cc3)cc21,21.7
COc1ccc(N2CCN(CN(C(=O)c3cc(C#N)ccc3F)c3ccc(C#N)cc3)CC2)cc1,31.98
N#CC=Cc1ccc2cc(N=c3nc(-c4ccccn4)cc[nH]3)ccc2n1,19.98
Cc1ccc(Cn2c(=O)[nH]c3ccc(C(=O)NCc4cccnc4)cc3c2=O)cc1,24.87
N#Cc1ccc(-c2ccc(CCNC(=O)C3CCC4Cc5ccccc5C(=O)N43)cc2)cc1,24.7
Oc1ccn2ncc(C=Nc3sc4ccccc4c3-c3cccc4ccccc34)c2c1,36.28
Cc1cc(C)[nH]c(=NS(=O)(=O)c2ccc(N=Cc3c[nH]n(-c4ccc(Cl)cc4)c3=O)cc2)n1,27.01
Cc1ccc(F)cc1Nc1ccc2c(c1)-c1c(c(C(N)=O)nn1-c1ccc(S(C)(=O)=O)cc1)CC2,27.01
N#Cc1ccc(-c2ccc(-c3nc(-c4ccc(-c5ccc(C#N)cc5)cc4)nc(-c4ccc5c(c4)OCO5)n3)cc2)cc1,12.25
Cc1ccc2nc(COc3ccc(NC(=O)c4ccccc4)cc3)cc(=O)n2c1,18.35
CC(=O)C(=O)Nc1cc(C(=O)c2cn(C(CC(C)(C)C)C(N)=O)c3ccccc23)cc(-c2cnn(C)c2)c1,50.5
CN1CC(c2ccc(C#N)cc2)N(c2ccc3nc(-c4cncc(C#N)c4)cn3c2)C1=O,28.29
O=C(O)C=Cc1ccc(C(CCc2ccc(F)cc2)c2ccc(C#Cc3ccncc3)cc2)cc1,26.63
N#Cc1cncc(-c2nc(=NCCc3c[nH]cn3)cc(C#N)[nH]2)c1,19.35
CCCCCCCCCCCCN=c1ccn(C2OC(COC(C)=O)C3OC(C)(C)OC32)cn1,29.93
N#Cc1cnn(-c2ccc(NC(=O)C3CCCN3C(=O)Nc3ccc(F)cc3)cc2)c1,24.79
N#Cc1ccc(-c2ncc(-c3ccc(-c4nc(Cl)nc(Cl)n4)cc3)cc2C#N)cc1,11.22
N#Cc1ccc(-c2ccc(-c3nc(-c4ccc(C#N)cc4)nc(-n4cccn4)n3)cc2)cc1,16.02
N#Cc1c(F)c(F)cc(F)c1F,9.24
Cc1cn(Cc2ccc(-c3ccccc3)cc2)c2ccc(C(=O)c3cccc(Cc4ccc(-c5ccco5)cc4)c3)cc12,38.5
N#Cc1nc(=NC2CCN(C(=O)N=c3cccn[nH]3)CC2)c(C(=O)c2ccc(Cl)cc2)c[nH]1,29.31
N#Cc1ccc(-c2cccc(-c3c(-c4ccc(F)cc4)ncn3CCN)n2)cc1,21.34
COc1ccc(CC(=O)NCc2cccc(-c3ccc(C#N)cc3)n2)cc1,21.62
N#Cc1ccc(Cn2c(C#N)cc3cc(-c4cccc(C#N)c4)ccc32)cc1,22.59
N#Cc1cncc(-c2nc(-c3cncc(C#N)c3)nc(-c3ccccn3)n2)c1,9.74
Cc1ccc(-n2nc(-c3ccc(-c4ccc(C#N)cc4)cc3)nc2C)cc1,17.32
CC1CN(C(C)C)C(=O)c2cc(Oc3cc(-c4ccc(C#N)cc4)ncn3)ccc2OC1CN(C)C(=O)Nc1ccc(C(F)(F)F)cc1,27.23
N#Cc1ccc(Cn2c(-c3ccc(-c4ccc(C#N)cc4)cc3)c[n+]3ccccc23)cc1,22.09
COc1cc(Cn2cnc3c[nH]c(=NC4CCC(NS(=O)(=O)c5ccccn5)CC4)nc32)cc2ccccc12,38.36
N#Cc1ccc(-c2ccc(-c3nc(-c4ccc(C#N)cc4)nc(-c4ccc(-c5ccc(C#N)cn5)c(F)c4)n3)cn2)cc1,8.61
N#Cc1ccc(-c2ccc(-c3nc(-c4ccc(C#N)cc4)nc(-c4ccc(-c5ccc(C#N)cc5)cc4)n3)cc2)cc1,6.37
N#Cc1ccc2[nH]c(=NC(=O)NC(=O)c3ccc(NC(=O)C=Cc4cc(Br)c(O)c(O)c4Br)c(Br)c3)sc2c1,49.48
COc1cc2c(cc1OC)C(COc1ccc(N3CCN(C)CC3)cc1)N(C(=O)c1ccc(-c3ccccc3)cc1)CC2,27.05
N#Cc1cccc(NC(=O)c2cccc(S(=O)(=O)N3CCC4(CC3)OCCO4)c2)c1,24.83
Nc1ccccc1NC(=O)c1ccc(C(=O)c2ccc(CCN(Cc3ccccc3)Cc3ccc(F)cc3)cn2)cc1,31.95
Cc1cc(-c2ccc3c[nH]nc3c2)cc(-c2ccc(-c3cc(-c4ccc(-c5ccc(C#N)cn5)cc4)nc(-c4ccc(C#N)cc4)n3)cc2)n1,25.16
N#Cc1ccc(-c2ccc(-c3nc(-c4ccc(C#N)cc4)nc(-c4ccc(-c5ccccn5)nc4)n3)cc2)cc1,12.93
N#Cc1c(F)c(Cl)c(Cl)c(NS(=O)(=O)CCO)c1Cl,27.62
N=C(N)NN=Cc1ccc(-c2nc(Nc3ccc4c(c3)C(=O)c3ccc(N)cc3C4=O)c3ccc(N)cc3n2)cc1,23.82
N#Cc1ccc(-c2ccc(-c3nc(-c4ccc(-c5ccc(C#N)cn5)cc4)cc(C(F)(F)F)n3)cc2)cc1,4.83
CC(C)(O)c1ccc2c(c1)nc(Cc1ccccc1)n2C1CCC(N)CC1,32.45
Fc1ccc(-n2cc(-c3cc(-c4cccc(C(F)(F)F)c4)c4ccc(Cn5nncc5-c5ccnc(F)n5)cc4c3)nn2)cc1,39.68
N#Cc1cncc(-c2nc(-c3ccc(N4CCOCC4)nc3)nc(-c3cncc(C#N)c3)n2)c1,14.94
Cc1c(CN2CCN(c3ccc(C#N)cc3)CC2)cc(-c2ccccc2)n1-c1ccccc1,17.99
Cc1ccc(C2=Nc3ccccc3NC(=O)C2)cc1,17.39
Cc1nc(C(=O)NC2(c3ccc(-c4cncc(C#N)c4)nc3)CCC2)cn1-c1ccccc1F,27.49
CC(=O)NC(C)Cc1ccc(C#Cc2nc(-c3ccc(C(=O)N4CCCC4CO)c(F)c3)ncc2C)cc1,28.21
N#Cc1ccc(-c2ccc(-c3nc(-c4ccc(C#N)cc4)nc(-c4ccc(C#N)cc4)n3)cc2)cc1,8.71
COc1cc(C(=O)NCC2CCCN(C(=O)c3ccc(-n4nc(C)nc4C)c(Cl)c3)C2)ccc1F,40.35
N#Cc1ccc(-c2nncc(-c3ccccc3)n2)cc1,12.27
N#Cc1cc(Nc2ccc3c(c2)CCCC3=O)cc(-c2ccccc2C(=O)O)c1,30.74
N#Cc1ccc(-c2ccc(-c3c(-c4ccccc4)oc4cc(Br)c(OCc5cccc(F)c5)cc34)cc2)cc1,35.62
N#Cc1cncc(-c2nc(-c3cncc(C#N)c3)nc(-c3cccc(C#N)n3)n2)c1,11.13
Cc1ccc(NC2CCCN(C(=O)c3ccc4c(c3)OCO4)C2)cc1C,21.04
N#CCCN(CCC#N)c1ccc(C=Cc2ccccn2)cc1,20.59
Cc1cc(C)n(-c2nc(-c3ccc(-c4ccc(C#N)cc4)cc3)[nH]c(=Nc3ccc(Cl)cc3)n2)n1,18.55
N#Cc1ccc(-c2nc(-c3ccc(-c4ccc(C#N)cn4)cc3)nc(C3CCCCC3)n2)cc1,11.29
Cc1ccc(CNc2ccc(C(=O)c3ccc(C#N)cc3)cc2)o1,26.43
COc1ccc(-c2ccc(-c3nc(C=Cc4ccc(C#N)cc4)ncc3-c3cccc(C#N)n3)cc2)cc1,24.38
N#Cc1ccc(-c2ccc(-c3ccn4c([N+](=O)[O-])cc(C#N)c4n3)cc2)cc1,22.81
N#CCC(=O)Nc1ccc(C(=O)OCc2csc(CC(=O)Nc3ccc(F)cc3)n2)cc1,20.26
N#Cc1ccc(-c2nc(-c3ccc(C#N)cc3)nc(-c3ccc(C#N)c(C(F)(F)F)c3)n2)cc1,10.6
N#Cc1ccc(-c2nc(-c3cncc(C#N)c3)nc(-c3csc(C#N)n3)n2)nc1,18.33
N#Cc1ccc(-c2ccc(-c3nc(-c4ccc(C#N)cc4)cc(-c4cccnc4)n3)cc2)cc1,13.91
N#Cc1ccc(-c2nc(COCC3CC3)nc(-c3ccccc3C(F)(F)F)n2)cc1,15.67
N#Cc1ccc(-c2nc(C(=O)NC3CCCCC3)nc(-c3ccc(Cl)cc3)c2-c2ccccc2)cc1,22.19
N#Cc1ccc(-c2nc(-c3ccc(-c4ccc(C#N)cn4)cc3)nc(-c3ccc(-c4ccc(C#N)cn4)nc3)n2)cc1,7.99
N#Cc1ncc(CN2CCc3cc(N(CCCN4CCCCC4)Cc4ccc(F)c(C(F)(F)F)c4)ccc3C2)cn1,33.86
N#Cc1ccc(-c2ccc(-c3cn(CCN4CCN(c5ccc(F)cc5)CC4)nn3)cc2)cc1,22.86
N#Cc1ccc(-c2ncc(C#N)cc2-c2ccnc(-c3cc(C#N)cc(C#N)c3)n2)cc1,12.47
N#Cc1ccc(-c2nc(-c3ccc(C#N)cc3)nc(-c3cnc4ccccc4c3)n2)cc1,14.86
N#Cc1ccc(-c2ccc(-c3nc(-c4ccc(-c5ccc(C#N)cn5)nc4)nc(-c4cccc(C#N)n4)n3)nc2)nc1,15.45
N#Cc1ccc(-c2ccc(-c3cccc(C#N)c3)cn2)nc1,17.83
COC(=O)NCc1nc(-c2ccc(-c3cnn(C)c3)cc2)c(C(N)=O)s1,29.96
N#Cc1ccc(-c2ccc(-c3noc(C=NO)n3)cc2)cc1,15.55
N#Cc1ccc(-c2cc(C(=O)NN=Cc3cccs3)c3ccccc3n2)cc1,17.77
N#Cc1ccc(-c2nc(-c3ccc(C#N)cc3)nc(-c3ccc(C4CCC(CC(=O)O)CC4)cc3)n2)cc1,16.44
COc1ccc(-c2nc(SCC(=O)Nc3ccc(C#N)cc3)c(-c3ccc(Cl)cc3)c(-c3ccc(C)cc3)n2)cc1,23.73
Clc1cnccc1-c1ccc(-c2ccncc2)nc1,22.84
NC(=O)c1ccc(-c2ccc(-c3cc(-c4ccc(-c5nc(Cl)nc(Cl)n5)cc4)cc(-c4ccc(-c5nc(Cl)nc(Cl)n5)cc4)c3)cc2)nc1,10.2
N#Cc1ccc(-c2ccc(NC(=O)c3ccc4nc(-c5ccc(-c6ccc(C#N)cc6)cc5)nc-4cc3)cc2)cc1,14.45
CC(C)CC(NC(=O)OC(C)(C)C)C(=O)NC(Cc1ccccc1)C(=O)NC(=O)C(CC1CCCCC1)C(O)C(O)C(C)C,35.33
Cc1cc(C)[nH]c(=Nc2nc(=Nc3ccc([N+](=O)[O-])cc3)nc(SCc3csc(-c4ccc(Cl)cc4)n3)[nH]2)n1,31.21
CN(C(=O)Cc1cccc(C(F)(F)F)c1)C1CCN(CCC(c2ccccc2)c2ccccc2)CC1,26.38
Cc1cc(C#N)[nH]c(=Nc2nc(-c3ccc(NC(=O)Nc4ccc(C#N)cc4)cc3)ccc2C#N)c1,23.22
Clc1ccc2cc(-c3ncn(-c4cc(-[n+]5ccc(-c6ccncc6)cc5)nc(-[n+]5ccc(-c6ccncc6)cc5)n4)n3)ccc2c1,24.82
N=C(N)c1ccc(-c2ccc(-c3cc(-c4ccc(-c5nc(Cl)nc(Cl)n5)cc4)cc(-c4ccc(-c5nc(Cl)nc(Cl)n5)cc4)n3)cc2)nc1,8.49
Oc1csc(=S)n1N=Cc1ccccc1C(F)(F)F,18.93
N=c1ncc(-c2cc3c(cc2F)ncc2ncn(C4CCN(Cc5ccoc5)CC4)c23)c[nH]1,28.03
Cn1c(-c2cccc(C#N)c2)c(-c2ccnc(C#N)n2)cc(C#N)c1=O,16.13
N#Cc1ccc(-c2cccc(-c3cccc(OCC(=O)Nc4cccc(C#N)c4)c3)n2)cc1,28.51
COc1cc(C#N)ccc1C(=O)c1ccn(-c2ccc(F)c(F)c2)c1,24.18
N#Cc1ccc(-c2ccc(-c3nc(-c4ccc(C#N)cc4)nc(-c4ccc(-c5ccc(C#N)cn5)c(F)c4)n3)cc2)cc1,8.57
O=C(O)c1cccc(Oc2cccc(C3Nc4ccccc4C(=O)N3Cc3cccs3)c2)c1,31.24
N#Cc1ccc(-c2ccc(-c3nc(-c4cncc(C#N)c4)nc(-c4cncc(C#N)c4)n3)cc2)cc1,7.18
Cc1ccc(C=Nc2cc(O)c(N)cc2O)cc1,10.65
CC(C)(C)c1ccc(O)c(-c2nc(-c3ccc(C(=O)Nc4ccccc4)cc3)cc3c(-c4ccc(CN)cc4)c[nH]c23)c1,42.45
Cc1cccc(N2C(=O)N3CCCC3C(C#N)=C2N=Cc2ccccc2)c1,24.34
N#CC(=Cc1ccccc1)C(=O)NCc1cccnc1,18.47
CCN(CC)c1cc(-c2ccc(-c3cccc(-[n+]4ccc(-c5ccncc5)cc4)n3)cc2)nc(Cl)n1,17.26
N#Cc1ccc(-c2nc(-c3ccc(-c4ccc(C#N)cn4)nc3)nc(-c3ccc(-c4ccc(C#N)cn4)c(F)c3)n2)cc1,7.88
CC1COCCN1c1nc(-c2cncc(C#N)c2)nc2c1ccc1ccccc12,19.3
Cc1cc(C#N)cc2oc(-c3ccc(C=CC(=O)NCCCc4ccccc4)cc3)nc12,26.59
Cc1cc(C)c(NC(=O)c2ccc(Cn3c(C)ccc3C)cc2)c(C)c1,24.33
CCN(CC)CCNC(=O)c1cc(NC(=O)CBr)cc(Nc2ccc3c(c2)C(=O)c2ccc(N)cc2C3=O)c1,22.54
Nc1ccc2c(c1)C(=O)c1ccc(Nc3nc(Nc4ccc5c(c4)CNNC5=O)nc(Nc4ccc5c(c4)C(=O)c4ccc(N)cc4C5=O)n3)cc1C2=O,9.85
CN(Cc1ccc(-c2ccnc(C#N)n2)cc1)C(=O)CSc1ccc(F)cc1,31.76
N#Cc1ccc(CN=c2nc(-c3ccc(C#N)c(F)c3)[nH]n2C(=O)c2ccc(Cl)cc2)cn1,27.82
CC1(C)C=C(n2ccccc2=O)c2cc(C#N)ccc2C1=O,14.22
N#Cc1cccc(Cn2nc(C#N)c3cncnc32)c1,22.07
COc1cc(NC(=O)c2cc(-c3ccco3)nc3ccccc23)c2ncccc2c1,28.37
C#Cc1cccc(N=c2cc[nH]c3cc(-c4cc(C#N)cc(C#N)c4)ccc23)c1,22.36
O=C(C=Cc1ccc(OCc2ccccc2)cc1)c1ccc(-c2ccccc2)cc1,16.02
Cc1nc(-c2ccc(C#N)nc2)ncc1-c1nc2cccnc2n1-c1ccc(C#N)cc1,27.35
O=C(Nc1ccccc1)Nc1ccccc1F,19.6
N#Cc1ccc(-c2ccc(-c3nc(-c4ccc(C#N)cc4)nc(-c4ccc(-c5ccc(F)cc5)nc4)n3)cc2)cc1,12.47
CC(C)(C)c1ccc(S(=O)(=O)NC(=O)Cc2nc(-c3ccc(C#N)cc3)nc(-c3ccc(C#N)cc3)n2)cc1,21.11
N#Cc1ccc(-c2ccc(-c3c(N=O)nc(-c4ccccn4)[nH]c3=O)cc2)cc1,24.58
CCOC(=O)CCCC(=O)NC1CCc2ccccc2N(Cc2ccc(-c3ccccc3-c3nnnn3C)cc2)C1=O,28.07
CCCCC#Cc1ccc(CC(=O)O)cc1,25.29
C#CC(CSc1ccccc1)N=c1[nH]c(-c2ccc(-c3ccc(-c4nc(-c5ccc(C#N)cc5)nc(-c5ccc(C#N)cc5)n4)cc3)cc2)nc2ccc(F)cc12,40.65
CC(C)S(=O)(=O)n1c(=N)[nH]c2cc(N=C(c3ccccc3)c3ccccc3)c(F)cc21,33.64
CCOC(=O)c1nc2c(s1)CCc1cc(-c3ccc(C#N)cn3)ccc1-2,27.14
O=S(=O)(c1ccc(F)cc1)N1CCN(Cc2ccco2)CC1,22.46
N#Cc1ccc(Cn2c(-c3ccc(-c4ccccc4)cc3)nc3c(F)cccc32)cc1,26.5
Cn1c(C#N)c(C=Nc2ccc(C#N)cc2)c2ccccc21,17.25
CCN(CC)c1ccc(C=Nc2cc(O)c(N)cc2O)cc1,10.23
N#Cc1ccc(-c2ccc(-n3cc(C#N)ccc3=O)cc2F)cc1,20.89
N#Cc1ccc(-c2ccc(-c3nc4cc(-c5cccc(-c6ccc(-c7csc(-c8ccc(C#N)cc8)n7)cc6)c5)ccc4[nH]3)cc2)cc1,25.21
Cn1c(=O)c2c(=NCCN)[nH]c(-c3ccc(Oc4ncccc4C#N)cc3)cc2n(C)c1=O,28.28
O=C1NC(c2ccc(OCc3ccccc3)cc2)Nc2ccccc21,19.63
COc1cc2c(cc1O)CCC1c3c(-c4ccc(Cl)cc4)cnc(-c4ccc(Br)cc4)c3CC21,30.66
N#Cc1ccc(-c2ccc(-c3nc(C(=O)NCCCN4CCOCC4)cc(-c4ccc(-c5ccc(C#N)cn5)cc4)n3)cc2)cc1,10.86
CC(C)(O)C#Cc1ccc(-c2nc(Cl)nc(Cl)n2)cc1Cl,20.37
CON=Cc1ccc(=NC(=O)c2cc(NC(=O)c3cc(Nc4ccc5c(c4)C(=O)c4ccc(N)cc4C5=O)ncc3F)cn2C)[nH]c1,33.21
C=Cc1nc2cc(-c3cccc(C#N)c3)ccc2nc1C(C#N)c1ccc(C#N)c(-c2cncc(C#N)c2)n1,29.47
COCc1cc(-c2ccc(C#N)cn2)nc(-c2ccc(C#N)cc2)n1,8.98
Fc1cccc(CCC2CNCCN2Cc2cn3ccncc3n2)c1,38.02
CN=c1[nH]c(-c2ccc(C=CC#N)cc2)nc2ccccc12,21.46
Nc1ccc2c(c1)C(=O)c1ccc(NS(=O)(=O)c3ccc(F)cc3)cc1C2=O,14.5
CC(C)c1cc(-c2ccc(C#N)cc2)nc(-c2cc(C#N)cc(-c3ccc(C#N)cc3)c2)n1,16.44
N#Cc1ccc(-c2ccc(-c3cc(C(F)(F)F)nc(-c4ccc(-c5ccc(C#N)cn5)nc4)n3)cc2)nc1,7.52
N=c1ccc(-c2ccc(F)cc2F)c[nH]1,20.72
O=S1(=O)CCc2[nH]c(=NN=Cc3cccc4ccccc34)nc(N3CCOCC3)c2C1,16.48
Nc1cc(O)c(N=Cc2ccccc2)cc1O,6.53
Nc1ccc2c(c1)C(=O)c1ccc(NCc3cc4ccccc4nc3Cl)cc1C2=O,21.14
C=CC(C)N(C(=O)c1ccccc1)C(=CC(C#N)C#N)[N+](=O)[O-],34.63
N#Cc1ccc(-c2ccc(-c3nc(-c4ccc(C#N)cc4)nc(-c4ccc5c(c4)CCC(=O)N5)n3)cc2)cc1,15.63
N#Cc1ccccc1C#N,7.96
COc1nc(Sc2cc(C#N)cnc2-c2cccc(C#N)c2)nc(-c2ccc(F)cc2)n1,24.97
N#Cc1ccc(-c2ccc(-c3nc(-c4ccc(C#N)cc4)nc(-c4ccc(-c5ccc(CCC(=O)O)cn5)nc4)n3)cc2)cc1,22.11
N#Cc1cccc2c1C(=O)c1ccc(N)cc1C2=O,15.25
O=c1c2ccccc2nc(-c2ccc(Cl)cc2)n1Cc1nc2ccccc2s1,25.98
N#Cc1cccc(-c2ccc(-c3nc(N4CCOCC4)c4ccc(C#N)cc4n3)cc2)c1,12.22
N#Cc1cc(-c2cccc(C#N)n2)cc(-c2nc(-c3ccccc3)nc(C3CCC3)n2)c1,21.16
O=[N+]([O-])c1ccc(C=NN=c2[nH]ncc3ccccc23)cc1,19.87
N#Cc1ccc(-c2nc(-c3ccc(C#N)cc3)nc(-c3ccc(F)c(F)c3)n2)cc1,11.19
CN(Cc1nc(-c2ccc(C#N)cc2)nc(C(C#N)C#N)n1)c1ccccc1,29.86
COc1ccc(C(=O)Nc2ccc(NC(=O)c3ccco3)c(F)c2)cc1Cl,30.15
Cn1ncc(NC(=O)c2ccnc(-c3cccc(Cl)c3)n2)c1C1CCC(N)C(F)CO1,20.26
CCC(C)C(NC(=O)c1cc(-c2ccc(C#N)cc2)nc(-c2ccc(Cl)c(Cl)c2)c1)C(O)=NO,30.1
Cc1cc(-c2ccccc2)cc(-c2ccc(-c3cc(-c4ccc(-c5cccc(-c6ccc(C#N)cc6)n5)cc4)nc(-c4ccc(-c5ccc(C#N)cc5)cc4)n3)cc2)n1,24.6
N#Cc1ccc(-c2nc(-c3cncc(C#N)c3)nc(-c3ccccn3)n2)cc1,9.71
CN1CCN(Cc2ccc(NC(=O)c3cc(C#Cc4cc(F)cc(Cl)c4)cc(-c4nc5ccccc5s4)n3)cc2C(F)(F)F)CC1,31.63
N#Cc1ccc(-c2ccc(-c3nc(-c4ccc(C#N)cc4)nc(-c4ccc(-c5cnc(OCC6CCNCC6)nc5)cc4)n3)cc2)cc1,18.05
N#Cc1ccc(-c2nc(-c3cncc(C#N)c3)nc(-c3ccc(F)c(F)c3C#N)n2)cc1,9.56
N#Cc1ccc(-c2cc(COc3ccc(C4CC4)cn3)nc(-c3ccc(C#N)cc3)n2)cc1,16.6
N#Cc1ccc(N=c2cc[nH]c3ccc(C#N)cc23)cc1,16.78
CSCCC(NC(=O)C=Cc1ccc(C#N)cc1)C(=O)O,27.19
N#Cc1ccc(OCc2cc(-c3ccc(C#N)cc3)nc(-c3ccc(C#N)cc3)n2)cc1,8.99
Cc1[nH]c(=NC(=O)c2cccc(-n3cccn3)c2)sc1-c1csc(CN2CCN(C)CC2)n1,29.56
COc1c(Cc2cccc(C)c2)cc(C2OC(CO)C(O)C(O)C2O)c2c1CCC(NS(=O)(=O)c1ccc(C#N)cc1)C2,32.23
O=C(C=Cc1ccc(Cl)c(Cl)c1)N1CCN(CCCc2ccccc2)CC1,19.38
CC(=NN)c1ccc(-c2ccccc2)cc1,18.38
CONC=Nc1cccc(-c2nc3ccccc3s2)c1,21.58
N#Cc1ccc(C(=O)Nc2cc(F)c(F)c(C3(CF)CC(C(F)(F)F)OC(=N)N3)c2)nc1,13.64
C=c1c(=Cc2[nH]c(=Nc3cccc(C(F)(F)F)c3)n(C3CCCCC3)c2O)cc(C)n1-c1ccc(F)cc1,24.96
CN(C)c1ccc(C=Cc2cccc3ccccc23)cc1,17.41
Cc1ccc(CNC(=O)c2cc(-c3ccc(C#N)cc3)nc(-c3ccc(C#N)cc3)n2)cn1,20.59
N#Cc1ccc(-c2nc(-c3cccc(C#N)c3)cc(-c3cncc(C#N)c3)n2)cc1,10.85
N#Cc1ccccc1-c1csc(CCNC(=O)c2ccco2)n1,21.9
C=CCn1c(=O)c2c(=O)n3ccccc3nc2n(Cc2ccccc2)c1=O,21.98
N#CC=Cc1cc(C(=O)c2ccccc2)cc(C#N)n1,18.52
N#Cc1nc(COc2ccc(Cl)cc2)oc1NC(=O)Nc1ccc2c(c1)OCCO2,33.82
Nc1ccc2c(c1)C(=O)c1ccc(NC(=O)c3cnccn3)cc1C2=O,15.4
CCN(CCC(=O)Nc1ccc2[nH]cnc(=Nc3ccc(C)cc3)c2c1)Cc1ccccc1OC,29.69
N#Cc1ccc(-c2ncc(C#N)cc2-c2ccc(C#N)cn2)cc1,9.26
N#Cc1ccc(CCNC(=O)c2ccc(-c3ccc(C#N)cn3)cn2)cc1,20.58
N#Cc1ccc(-c2ccc(-c3cc(-c4ccc(-c5nc(Cl)nc(Cl)n5)cc4)cc(-c4ccc(-c5nc(Cl)nc(Cl)n5)cc4)n3)cc2)nc1,10.55
N#Cc1cc(Cl)cc(C(=O)N=c2[nH]c3c(s2)CNCC3)c1,27.84
CC(C(=O)NCCc1ccccc1)c1ccc(-c2ccc(C#N)cc2)c(F)c1,21.37
N#Cc1cncc(-c2nc(-c3ccnc(C#N)c3)nc(-c3cc(C#N)cc(C#N)n3)n2)c1,17.72
N#CCC(=O)c1c(N)c(C(=O)c2ccccc2)c(Cl)c(Cl)c1C#N,27.41
CC(N)C(=O)Nc1cccc(-c2ccc(-c3nc4cc(C(F)(F)F)ccc4[nH]3)nc2)c1,21.16
CC#Cc1cccc(-c2nc(-c3ccc(C#N)cc3)nc(C3CC3)n2)c1,16.57
CC(C)(C)c1cc(-c2ccc(-c3ccc(C#N)cn3)nc2)nc(-c2ccc(-c3ccc(C#N)cc3)cc2)n1,8.57
N#Cc1ccc(-c2ccc(-c3nc(-c4ccc(C#N)cc4)nc(-c4cc(C#N)cc(C5CCCN5)n4)n3)cc2)cc1,15.55
O=C(O)CCc1ccc(C#Cc2ccncc2F)cc1,14.62
C=CCn1cc(C2CC(C)(C)Oc3cc(OC)ccc32)c2ccccc21,35.73
Cc1cnc(Cl)nc1-c1ccc(N(Cc2cccc(-c3ccc(C#N)cc3)c2)C(=O)CCCc2ccc(O)cc2)cc1,30.61
N#CC=Cc1cc(Br)c2ccccc2n1,18.71
C=c1c(=Cc2sc(=S)n(Cc3ccc(C)cc3)c2O)cc(C)n1-c1cccc(C(=O)O)c1,20.84
Cc1n[nH]c(=NC(=O)C2c3ccccc3Oc3ccccc32)s1,20.31
N#Cc1ccc(N2C(=O)C(=Cc3ccccn3)SC2=S)cc1C(F)(F)F,18.47
COc1ccc(-c2nc(CNCCCN3CCc4ccccc4C3)nc(-c3ccc(C)cc3)n2)cc1OC,29.8
N#Cc1cc(NC(=O)CN2CCC(n3cc(-c4ccccn4)cn3)CC2)ccn1,34.38
N#Cc1ccc(-c2ccc(-c3nccc(-c4cncc(C#N)c4)n3)cc2)cc1,12.85
NC(=NO)c1ccc(CC(NS(=O)(=O)Cc2ccccc2)C(=O)N2CCCC2C(=O)Nc2ccc3c(c2)CCC3)cc1,36.37
C=CCc1ccc(-c2nc(-c3ccc(C#N)cc3)nc(-c3ccc(-c4ccc(C#N)cc4)cc3)n2)cc1,16.27
CCN(CC)CCCNC(=O)c1nn(-c2cccc(Cl)c2Cl)c(=NCc2ccccc2)[nH]1,22.67
O=c1nc(-c2ccccc2-c2ccc(-c3nc(Cl)nc(Cl)n3)cc2)[nH]o1,15.91
C[N+]1(C)CC(c2ccccc2)c2ccccc21,22.88
Clc1nc(Cl)nc(-c2ccc(-c3cc(-c4ccc(-c5nc(Cl)nc(Cl)n5)cc4)cc(-c4ccc(-c5ncc(Cl)s5)cc4)c3)cc2)n1,12.33
N#Cc1ccc(Cn2cc(Cc3ccccn3)c(=O)n(CC3CCCN3)c2=O)cc1,28.81
CC(C)(C#N)c1nc(-c2ccc(C#N)cc2)cc(-c2nc3c(-c4ccc(Oc5ccccc5)cc4)cnnc3[nH]2)n1,48.92
N#CC(C#N)=Cc1ccc(C(=O)O)cc1,16.53
N#Cc1cncc(-c2nc(-c3ccc(C#N)nc3)nc(-c3cncc(C#N)c3)n2)c1,10.83
Cc1ccc(-c2ccc3c(c2)C(c2ccccc2)CC(C)(C)O3)c(C)n1,24.72
N#Cc1ccc(-c2cc(-c3ccccn3)nc(-c3cccc(C#N)n3)n2)cn1,14.65
O=c1[nH]c2c(O)ccc(CCNCCCCc3ccccc3)c2s1,16.64
COc1ccc(NCC(=O)NN=Cc2ccc(F)cc2)cc1,19.65
Cc1cc(C)cc(OCCCCn2cc(-c3ccc(C#N)cc3)nc2-c2ccc(-c3ccc(C#N)cc3)cc2)c1,23.88
Cc1cccc2c(CC(=O)O)c3n(c12)CCC(NC(=O)c1cc(C(F)(F)F)cc(C(F)(F)F)c1)C3,32.95
CC(C)NC(=O)OCc1cc(C2CCN(C(=O)COc3ccc(C#N)cc3)CC2)n(-c2ccc(C#N)cc2)n1,35.97
N#Cc1ccc(-c2nnc(-c3ccc(-c4nc(-c5cc(F)c(C#N)c(F)c5F)ncc4Cl)cc3)nc2-c2ccc(C#N)cc2)cc1,22.31
N#Cc1cncc(-c2ccc3ncc(-c4cncc(C#N)c4)n3n2)c1,15.16
N#Cc1ccc(-c2cc(C#N)cnc2-c2cnc(C#N)nc2)nc1,11.05
N#Cc1ccc(Cc2ccc(F)c(C3OC(CO)C(O)C(O)C3O)c2)cn1,23.34
N#Cc1ccc(-c2cc(COc3ccc(CCC(=O)O)c(F)c3)nc(-c3ccc(C#N)cc3)n2)cc1,9.96
Cc1cc(=NCCN=c2ccc(C#N)c[nH]2)nc(-c2ccc3ccccc3c2)[nH]1,21.68
CCOc1nc(C2C(CO)N(S(=O)(=O)N=c3cc[nH]cn3)C2(C)C)ccc1C#Cc1ccc(F)cc1,39.04
Cc1ccc(C(O)c2nc(-c3ccc(C#N)cc3)c[nH]2)cc1C,17.99
Cc1ccc(C(=O)c2cc(C(=O)c3ccccc3)c3cc(-c4cc(-c5ccc(C#N)cc5)cc(-c5ccc(C#N)cc5)n4)ccc3c2)cc1,40.22
N#Cc1ccc(-c2ccc(-c3nc(COc4ccc(F)c(F)c4)nc(-c4ccc(-c5ccc(C#N)cn5)nc4)n3)nc2)nc1,13.72
N#Cc1cncc(-c2nc(C#N)nc(-c3ccc(C#N)nc3)n2)c1,10.41
N#Cc1ccc(-c2ccc(-c3cccc(-c4ccc(-n5c(-c6ccccc6)nnc5-c5ccc(-c6ccc(C#N)cc6)cc5)cc4)c3)cc2)cc1,20.63
Nc1cc(O)c(N=Cc2ccc(Cl)cc2)cc1O,9.38
N#Cc1ccc(C(c2ccccc2)c2ccc(F)cc2)cc1,18.36
N#Cc1ccc(-c2ccc(-c3nc(-c4ccc(-c5cccnc5)nc4)nc(-c4ccc(-c5ccc(C#N)cn5)nc4)n3)cc2)cc1,13.22
FC(F)(F)c1ccc2[nH]c(-c3cccc(-c4ccc(CNCc5ccncc5)cc4)c3)nc2c1,15.84
Nc1cc(O)c(N=Cc2ccc(-c3cccc([N+](=O)[O-])c3)cc2)cc1O,18.32
Cc1nc(-c2cccc(-c3nc(C4CC4)c4ccc(-c5cccc(C#N)n5)cn34)c2)[nH]c(=N)c1C#N,31.64
Nc1cc(O)c(N=Cc2ccccn2)cc1O,11.24
CN1CCN(c2nc(-c3ccc(C#N)cc3)nc3ccc(C#N)cc23)CC1,14.48
OC1(C(F)(F)F)c2ccccc2-c2ccc(OCCN3CCCC3)cc21,19.22
Cc1ccc(N=Nc2c(C)[nH]n(-c3ccccc3)c2=O)cc1,15.87
N#CC(C#N)=c1ccc(=C(C#N)C#N)cc1,7.83
N#Cc1ccc(-c2cccc(C#N)n2)cc1,10.06
Cc1nccc(-c2ccc(NCc3nc(-c4ccc(C#N)cc4)nc(-c4ccccn4)n3)cc2)n1,19.23
CC(=O)c1cc(=O)n(-c2ccccc2)[nH]1,17.89
Cc1nc(=O)nc(N=CN(C)C)n1-c1ccccc1,23.53
N#Cc1ccc(-c2ccc(-c3nc(-c4ccc(-c5ccc(C#N)cn5)cc4)nc(C(F)(F)F)n3)cc2)cc1,7.32
O=C1c2ccc(Cl)cc2C(=O)N1c1ccc(N=Cc2ccc(-c3ccccc3)cc2)cc1,21.56
CC(C)c1nn(-c2cccc(C(N)=O)c2)c2cccc(-n3cnc(-c4cncc(C#N)c4)c3)c12,24.88
N#Cc1ccc(-c2ccc(-c3nc(-c4ccc(C#N)cc4)nc(-c4ccccc4N)n3)cc2)cc1,14.05
COc1ccc(C2=C(CCN3CCC(N4CCCCC4)CC3)c3cccc(F)c3CC2=NCCN2CCCC2)cc1F,42.31
N#Cc1ccc(-c2nc(-c3ccc(C#N)cc3)nc(-c3cn(-c4ccc(F)cc4)nc3-c3ccc(C#N)cc3)n2)cc1,17.5
N#Cc1ccc(-c2c(C#N)c(C(F)F)nn2-c2ccccc2)cc1,18.05
O=S(=O)(c1ccc(F)c(C(F)(F)F)c1)N1CCN(CCc2ccccc2)CC1,24.31
Cc1cc(C)[nH]c(=Nc2cc(-c3cc(NC(=O)c4cccc(C(F)(F)F)c4)ccc3C)ncn2)n1,22.15
Cc1cc(OCc2nc(-c3ccc(C#N)cc3)nc(-c3ccc(C#N)cc3)n2)ccc1CCC(=O)O,10.02
CN(C1CCOCC1)C1CCN(c2nc(C#N)nc(-c3cncc(C#N)c3)n2)CC1,19.42
N#Cc1cccc(-n2cnc(C(=O)Nc3ccc(Oc4ncnc5ncccc45)c(F)c3)cc2=O)c1,33.86
N#Cc1ccc(-c2ccc(-c3nc(Cl)nc(Cl)n3)cc2)cc1,6.79
CC(C)c1cc(-c2ccc(-c3ccc(C#N)cc3)cc2)nc(-c2ccc(-c3ccc(C#N)cc3)cc2)n1,14.46
N#Cc1ccc(-c2ccc(-c3nc(-c4ccc(-c5ncc(C#N)cn5)c(F)c4)cc(C(F)(F)F)n3)cc2)cc1,9.62
N#Cc1ccc(NC(=O)c2[nH]c3ccccc3c2S(=O)(=O)c2ccc(Cl)cc2)cc1,20.38
N#Cc1ccc(C2(F)CCN(C(=O)c3ncccc3NC(=O)c3nc(C#N)c[nH]3)CC2)cc1,20.43
Cc1ccc(-c2cc(C(=O)OCC(=O)NCc3ccccc3Cl)c3ccccc3n2)cc1,23.8
CCCc1cc(-c2ccc(-n3nc(-c4ccc(C(F)(F)F)cc4F)[nH]c3=N)cc2C#N)nc(-c2ccc(-c3ccc(C#N)cc3)cc2)n1,33.43
N#Cc1cccc(C#Cc2ccc(Cl)nc2)n1,16.99
Nc1cnc2cccn2c1,19.0
CCc1nc(-c2ccc(-c3ccc(C(F)(F)F)cn3)cc2)nnc1-c1cccc(F)c1,18.26
N#Cc1cc(C(=O)Nc2ccc3c(c2)OCCO3)cc(-c2nc(Cl)ncc2CO)c1,29.62
CC1(c2cc(F)cc(F)c2)CC(Cc2cncn2CC(F)(F)F)N=C(c2ccc(-c3ccc(C#N)cn3)cc2)N1,34.01
CC(C)(C#N)COc1cc(F)c(-c2ccc(-c3nccc(C#N)n3)c(F)c2)cn1,23.01
CC1(C)CC=C(c2nc(C3CCN(C4COC4)C3)ncc2NC(=O)c2ccc(F)c(-c3ccc(C#N)cn3)n2)CC1,22.42
N=C(NCc1ccc(Cl)cc1Cl)c1ccc(-c2ccc(-c3ccc(C(=N)NC4CCC4)cc3)o2)cc1,25.28
C=CC=c1ccc(=C(C#N)C#N)cc1,12.54
N#Cc1ccc(NC(=O)Cn2cnc(-c3ccc(-c4ccc(C#N)cc4)cc3)n2)cc1,16.77
N#Cc1ccc(CNC(=O)c2cc(-c3ccc(-c4ccc(C#N)cn4)nc3)nc(-c3ccc(-c4ccc(C#N)cc4)cc3)n2)cc1,10.19
Cc1cccc(C#N)c1N1CCN(CC2=Cc3c(C#N)cccc3CC2)CC1,33.66
CN1Cc2cccc(Oc3nc(=Nc4ccc(C(=O)NC5CC5)c(Cl)c4)[nH]cc3C(F)(F)F)c2C1=O,21.93
N#Cc1cccc(N2C(=O)c3ccc(C4(O)C(=O)Nc5ccccc54)cc3C2=O)c1,18.71
N#Cc1ccc(C(=O)c2ccc3nc(C(=O)NCCc4ccc(C#N)nc4)nc(C#N)c3c2)cc1,29.53
C=CCOc1ccc2c(C)ccc(C(C)=O)c2c1C,26.09
N#Cc1ccc(-c2ncc(C=Nc3ccc(O)cc3)c(-c3ccccc3)n2)cc1,18.12
N#Cc1ccc(-c2cnc(-c3ccc(-c4ncc(F)cn4)cc3)c(-c3ccc(CCNCC(O)c4cccnc4)cc3)n2)cc1,37.32
N#Cc1ccc(C=CC(=O)N=c2[nH]c(-c3cccnc3)cs2)cc1,19.26
N#Cc1cncc(-c2nc(N3CCOCC3)c3ccccc3n2)c1,11.87
Clc1ccc2c(=NN=Cc3ccccn3)cc[nH]c2c1,16.1
Cc1ccc(-c2nc(C#Cc3ccc(-c4csc(=N)[nH]4)nc3)[nH]c(=NC(=O)Cc3ccccn3)n2)cc1,34.73
COc1nc(C)nc(C2(c3ccc(-c4cnc(=N)[nH]c4)nc3)CCC2)n1,16.54
N#Cc1ccc(-c2ccc(-c3nc(-c4ccc(Cl)cc4)cc(-c4ccc[nH]c4=NC(=O)COc4ccccc4)n3)cc2)cc1,21.45
N#Cc1ccc(-c2cnc(N3CC(C#N)C3)c(C#N)c2)nc1,16.83
CC(C)c1c(C(=O)Nc2ccc3c(c2)OCO3)cnn1-c1ncc(-c2ccc(C#N)cn2)nn1,31.38
N#CCc1cc(-c2cccc(-c3cncc(C#N)c3)c2)nc(C#N)n1,18.0
N#CN=C(N)c1ccc(Nc2ccc3c(c2)C(=O)c2ccc(N)cc2C3=O)nn1,23.49
FC(F)(F)c1ccc(-c2ccc(-c3cc(-c4ccc(-c5nc(Cl)nc(Cl)n5)cc4)cc(-c4ccc(-c5nc(Cl)nc(Cl)n5)cc4)c3)o2)nc1,10.82
N#Cc1ccc(-c2cc(C#N)cc(-c3cnc4nc(-c5ccc(C#N)cc5)nn4c3)c2)cc1,18.77
CCCCOC(=O)N1CCN(C(=O)c2cc(N)c(O)cc2N=Cc2ccc(-c3cccc(-c4ccc(C=Nc5cc(O)c(N)cc5O)cc4)n3)cc2)CC1,13.69
CC(C)Cc1c[nH]c(-c2ccc(-c3ccc(N=C(N)c4cccs4)cn3)cn2)n1,23.97
N#Cc1ccc(-c2ccc(-c3nc(N=c4ccc(C(F)(F)F)c[nH]4)c4ncccc4n3)cc2)cc1,17.3
COC(=O)C1CC23Cc4c([nH]c5ccccc45)C2(CC(=O)c2ccccc23)N1C(=S)S,41.18
CC(C)(N=Cc1ccc(-c2nc(-c3ccc(C#N)cc3)nc(-c3ccc(-c4ccc(C#N)cc4)cc3)n2)cc1)c1ncccn1,28.97
N#Cc1ccc(-c2ccc(-c3nc(C(=O)NCC4CCCO4)nc(-c4ccc(-c5ccc(C#N)cn5)c(F)c4)n3)cc2)cc1,10.54
COc1ccc(C=Cc2cccc(C=CC#N)n2)cc1,14.03
Cc1cc(C)c2c(=N)[nH]c(=N)[nH]c2c1-c1nc(-c2cccc3c2CCC3(N)CO)nc(-c2c3ccccc3c(C#N)c3ccccc23)n1,32.79
N#Cc1cnc(-c2cn(Cc3cc(Cl)nn(-c4ccccc4)c3=O)c3cccnc3c2=O)nc1Cc1ccc(F)cc1F,49.7
Cc1nc(-c2cc(C#N)cnc2-c2ccc(-c3cc(F)cc(C#N)c3)nc2C)co1,24.66
N#Cc1ccc(-c2ccc(-c3nc(C#N)cn3-c3ccc(S(=O)(=O)N=c4cccc[nH]4)cc3)cc2)cc1,18.5
CCc1ncnc(-c2ccc(C(=O)N3CCN(CC)CC3)c(OC)c2)c1C#Cc1ccc(=N)[nH]c1,22.39
N#Cc1ccc(Nc2oc(-c3ccc(-c4ccc(C#N)cn4)cc3)nc2C#N)cc1,11.86
O=c1cc(CCc2ccc(Cl)c(Cl)c2)[nH][nH]c1=O,20.24
O=C(NCC1CCCCC1)c1ccc(N2CCCC2=O)cc1N1CCOCC1,32.14
Nc1ccc2c(c1)C(=O)c1cc(N=CN3CCN(C=O)CC3)ccc1C2=O,11.99
CN1Cc2cccc(Oc3cc[nH]c(=Nc4ccc(C#N)c(C(F)(F)F)c4)n3)c2C1=O,17.55
CCCCCCCc1cc(=O)oc2cc(OC)ccc12,21.89
Clc1nc(Cl)nc(-c2ccc(-c3cc(-c4ccc(-c5ccccc5)cc4)cc(-c4ccc(-c5nc(Cl)nc(Cl)n5)cc4)c3)cc2)n1,12.47
Nc1cc(O)c(N=Cc2cc(Br)c(O)c(Br)c2)cc1O,13.58
Clc1nc(Cl)nc(Cl)n1,11.18
CN(C)CC=CC(=O)Nc1cccc(-c2ccc3ncc(-c4ccccc4)n3n2)c1,23.14
N#Cc1ccc(C2(C#N)CCN(c3ccnc(-c4cccc(C#N)n4)n3)CC2)cc1,21.64
N#Cc1nc(N)cc(=Nc2ccc3cc[nH]c3c2)[nH]1,26.07
CCOCc1ccc(-c2nc(-c3ccc(-c4ccc(C#N)cn4)cn3)n(C)n2)c(F)c1,23.54
N#Cc1ccc(C(O)(c2ccc(C#N)nc2)c2cnc(C#N)nc2)cc1,21.26
COCc1nc(-c2ccc(-c3ccc(C#N)cn3)nc2)nc(-c2ccc(-c3ccc(C#N)cn3)nc2)n1,10.46
FC(F)(F)c1cc(-c2nc(CC3CCCC3)nc(-c3ccc(Cl)c(Cl)c3)n2)ccc1-c1ccc(-c2nc(Cl)nc(Cl)n2)s1,20.83
Cn1c(=O)c2cc(C#N)ccc2c2ccc(F)cc21,23.93
c1cc(-c2cc[n+](-c3nc(-[n+]4ccc(-c5ccncc5)cc4)nc(-[n+]4ccc(-c5ccncc5)cc4)n3)cc2)ccn1,6.97
COc1ccc(C(=O)c2c[nH]c(-c3ccc(-c4ccc(C#N)cc4)cc3)n2)c(O)c1,23.82
NC(=O)c1ccc(-n2nc(C(N)=O)c3c2-c2cc(NS(=O)(=O)c4cccc(-c5ccccc5)c4)ccc2CC3)cc1,31.03
N#CC=Cc1cc(C=CC#N)nc(C=CC#N)n1,6.3
Cc1ncc([N+](=O)[O-])n1CCOC(c1ccccc1)c1ccccc1,15.81
N#Cc1ccc(-c2nc(-c3ccc(C#N)cc3)nc(-c3cccc4cnccc34)n2)cc1,16.53
COC(=O)C1=C2CCCC1N(C)c1ccc(C#N)cc1N2CCc1ccc([N+](=O)[O-])cc1,37.41
Cn1c(-c2ccc(-c3ccc(C#N)cn3)cc2)nc(-c2cncc(C#N)c2)c(C#N)c1=O,18.13
COc1cc(C=CC#N)c(OC)cc1C=O,18.24
N#Cc1cncc(-c2nc(-c3ccncc3)nc(-c3cncc(C#N)c3)n2)c1,9.64
NC(=O)c1sccc1-c1ccc(NC(=O)c2cc(C(F)(F)F)nn2-c2ccccn2)cc1,25.88
CC1(C)NCC(Cc2ccc(C#N)cc2)N(Cc2ccc(Cl)cc2Cl)C1=O,28.23
Clc1nc(Cl)nc(-c2ccc(-c3cccc(-c4cc(-c5ccc(-c6nc(Cl)nc(Cl)n6)cc5)cc(-c5ccc(-c6nc(Cl)nc(Cl)n6)cc5)c4)c3)cc2)n1,12.14
N#Cc1nc(=Nc2ccc(F)c(Cl)c2)[nH]c(=Nc2ccc(F)cc2)[nH]1,21.56
COc1ccc(CCN(C)C(=O)C2CCN(C(=O)c3ccc(F)cc3)CC2)cc1OC,26.4
N#Cc1ccc(-c2ccc(-c3nc(C(N)=O)cc(-c4ccc(-c5ccc(C#N)cn5)cn4)n3)cc2)cc1,17.3
CC(C)CNC(=O)c1ccc(-c2ccc(-c3ccnc(-c4cc(C#N)cc(C(=O)O)c4)n3)cc2C(=O)Nc2ccccc2)c(C(=O)O)c1,29.69
CC(=O)Nc1cc(-c2cccc(-c3ccc(C#N)cc3)c2)cn(-c2ccc(C)cc2)c1=O,24.8
CN1C(=O)CCC1c1nc(-c2ccc(-c3ccc(C#N)cc3)cc2)nc(-c2ccc(-c3ccc(C#N)cc3)cc2)n1,15.41
C#CCC(C)(C)N=Cc1ccc(C(=O)Nc2ccc(C(=O)Nc3ccc(C(=O)Nc4cccc[n+]4CCCC)cc3)cc2)nc1,47.0
COCc1cc(-c2ccc(C#N)cc2)nc(-c2ccc(C#N)cc2)n1,6.17
N#Cc1cc(C(=O)N=c2cc[nH]c(C#N)n2)cc(-c2ncc(C#N)cc2F)c1,23.89
Cc1cc(-c2cn(-c3ccc(N4CCC(c5ccc(C#N)cc5)=NC4=O)cc3)nn2)nc(F)c1F,32.42
CC1C(=O)c2ccccc2C(=O)C1=NCCCl,21.24
Cc1cc(C(F)(F)F)nc(=Nc2cc(CO)cc(-c3nc(C)c(C(=O)O)s3)c2)cn1,24.42
CCCCN(Cc1ccc(O)c(Cl)c1)Cc1ccc([N+](=O)[O-])s1,32.73
N#Cc1ccc(-c2ccc(-c3nc(COc4ccccc4)nc(-c4ccc(C#N)cc4)n3)cc2)cc1,14.17
N#Cc1ccc(-c2ccc(-c3nc(-c4ccc(-c5ccc(C#N)cn5)cc4)nc(-c4ccc(-c5ccc(C#N)cn5)nc4)n3)cn2)cc1,10.42
N#Cc1ccc(-c2ccc(-c3nc(-c4ccc(-c5ccc(C#N)cn5)nc4)nc(-c4ccc(-c5ccccc5Cl)c(F)c4)n3)cc2)cc1,19.75
CCN(CC)CCCn1nc(-c2ccc(OCCCN(C)C)cc2)c2c3c(c(C)nc2c1=O)-c1ccccc1C3=O,28.11
c1cc(N2CCN(C3CCCC3)CC2)c2occc2c1,24.51
COC(=O)c1ccc(-c2ccc(-c3nc(-c4ccc(-c5ccc(C#N)cc5)cc4)nc(-c4ccc(-c5ccc(C#N)cc5)cc4)n3)cc2)cc1,13.51
Cc1ncc(-c2ccc(C(=O)c3ccc(-c4cccc(C#N)n4)nc3C)cc2)cc1C#N,24.36
N#Cc1ccc(C=CC(=O)c2ccc(C#N)cc2)cc1,13.67
N#Cc1ccc(-c2cc(C(N)=O)nc3c(-c4ccc(C#N)nc4)cccc23)cc1,20.05
N#Cc1ccc(-c2ccc(-c3nsc(-c4ccc(-c5ccc(C#N)cc5)cc4)n3)cc2)cc1,10.54
N#Cc1cncc(-c2cnc3cc(-c4ccc5ncccc5c4)cn3n2)c1,25.25
OCc1nc(-c2ccccc2)c(-c2ccccc2)n1C1CCCCC1,23.98
N#Cc1ccc(-c2nc(-c3[nH]nc4cc([N+](=O)[O-])ccc34)nc(-c3[nH]nc4ccc(-c5nn[nH]n5)cc34)n2)cc1,38.37
CS(=O)(=O)c1cc(-c2nc(C#N)nc3c2ccn3CC#N)ccc1NC(=O)C1CC1,28.74
Cn1ccnc1C=CC(=O)C=CC=Cc1ccccn1,15.4
N=C(N)c1ccc(-c2nc(-c3ccc(C=Nc4cc(O)c(N)cc4O)cc3)nc(-c3ccc(C=Nc4cc(O)c(N)cc4C(=O)N=CC4CCCCC4)cc3)n2)cc1,17.65
N#Cc1ccc(-c2cc(C3CNC3)nc(-c3cncc(C#N)c3)n2)cc1,17.12
N#Cc1ccc(-c2nccc(-c3cnc4cc(C#N)ccc4n3)n2)cc1,21.04
Cc1cc(-c2nncc(-c3cccc(C(F)(F)F)c3)n2)ccc1C#N,22.57
N#Cc1ccc(-c2ccc(-c3nc(-c4ccc(-c5ccc(C#N)cc5)cc4)nc(-c4ccc(-c5ccccc5)nc4)n3)cc2)cc1,13.64
C=Cc1nc(-c2ccc3nc(C=Cc4ccc(NC(=O)C(=C)Br)cc4)n(-c4ccc([N+](=O)[O-])cc4)c(=O)c3c2)no1,36.7
Cc1ccccc1N=c1nc(Cl)[nH]c(=NNC(=O)c2ccc(Cl)cc2)[nH]1,22.73
COc1cccc(-c2ccc3c(c2)c(C#Cc2ccsc2)c(-c2ccc(C#N)cc2)n3CCN=C(N)N)c1,30.74
N#Cc1ccc(-c2ccc(-c3ccc(C#N)c(F)c3)nc2)c(C#N)c1,16.42
COc1cc2[nH]c(=Nc3ccc(N)cc3)[nH]c(=N)c2cc1OC,21.18
N#Cc1ccc(-c2ccc(-c3nc(C(=O)NCC4CCN(C#N)CC4)cc(-c4ccc(-c5ccc(C#N)cn5)cc4)n3)cc2)cc1,17.59
Cc1ccc(-c2ccc(C#N)n2C=Cc2ccc(O)cc2O)cc1-n1cc(C#N)nc1-c1ccc(-c2ccc(C#N)cc2)cc1,39.73
CN(Cc1ccnc(-c2ccc(C(F)(F)F)cc2)n1)c1nc(-c2ccc(C#N)cc2)nc(-c2ccc(C(F)(F)F)c(F)c2)n1,30.53
O=C(COC(=O)c1cc(F)c(F)cc1Cl)N=c1[nH]c2ccccc2s1,23.19
N#Cc1cc(-c2c(C#N)cnn2-c2ccccc2)ccn1,18.64
CCOC(=O)Cc1nc(-c2ccc(NCc3cccc(-c4ccc5nc[nH]c(=Nc6ccccc6)c5n4)n3)cc2)no1,25.26
Cc1ccc(-c2nn(-c3ccccc3)cc2C(=O)N=c2cc[nH]c(-c3ccc(C#N)cc3)n2)cc1,20.06
c1c[nH]c(-c2ccc(-c3ccc(-c4ccc(-c5cc(-[n+]6ccc(-c7ccncc7)cc6)nc(-[n+]6ccc(-c7ccncc7)cc6)n5)cc4)cc3)cn2)c1,16.32
N#CC=Cc1cc(-c2ccc(C#N)cc2)nc(C=CC#N)n1,8.94
N#Cc1ccc(-c2ccc(-c3nc(CC(=O)O)nc(-c4ccc(C#N)cc4)n3)cc2)cc1,17.36
Cc1cc(-[n+]2ccc(-c3ccncc3)cc2)nc(-[n+]2ccc(-c3ccncc3)cc2)n1,9.35
Cc1ccc(-c2nc(-c3ccc(Cl)cc3)cc(-c3nn(-c4ccc(Cl)c(Cl)c4)c(Cn4cncn4)c3-c3ccccc3)n2)cc1C#N,33.87
N#Cc1cccc(-c2cccc(-c3cnccn3)n2)n1,17.37
Cc1cc(=Nc2ccc(Cl)cc2)n2[nH]cnc2n1,17.43
COc1ccc(-c2csc(N=Cc3ccc(-c4nc(-c5ccc(C#N)cc5)nc(-c5ccc(C#N)cc5)n4)cc3)n2)cc1,16.94
O=C(NCc1ccccc1)c1ccc(-c2ccc(-c3cc(-c4ccc(-c5nc(Cl)nc(Cl)n5)cc4)cc(-c4ccc(-c5nc(Cl)nc(Cl)n5)cc4)n3)cc2)nc1,11.14
O=CN1CCN(Cc2ccc(O)c3ncccc23)CC1,22.77
Cc1cc(Oc2ccc(NC(=O)c3nc(-c4ccccn4)nn3-c3ccc(Cl)cc3Cl)cc2F)nc(C)n1,28.59
C(#Cc1ccc2nc(-c3ccc4ncccc4c3)cnc2n1)c1ccsc1,29.49
FC(F)(F)c1cc(-c2ccc(-c3nc(Cl)nc(Cl)n3)cc2)cc(-c2ccc(-c3nc(Cl)nc(Cl)n3)cc2)c1,10.08
CN(C)C=Nc1nc(N=CN2CCN(C=O)CC2)[nH]c(=NN=Cc2cccc(CN3C(=O)C(=O)c4cc(F)ccc43)c2)n1,30.73
ON=C(NCC1CCCO1)c1ccc(Oc2ccc3c(c2)OC(c2ccccc2)CC3)nc1,23.13
N#Cc1ccc(-c2nc(-c3ccccc3)nc(-c3cncc(C#N)c3)n2)cc1,13.7
N#Cc1ccc(CNC(=O)c2nc(-c3ccc(-c4ccc(C#N)cc4)cc3)nc(-c3ccc(-c4ccc(C#N)cn4)cc3)n2)cc1,9.59
N#Cc1ccc(-c2ccc(-c3nc(-c4ccc(-c5ccccc5)cc4)nc(-c4ccc(-c5ccc(C#N)cc5)cc4)n3)cc2)cc1,11.46
CC(C)N(CCOc1cnc2c(N=c3[nH]c(=Nc4ccc(C#N)cc4)c4ccccc4[nH]3)cccc2c1)C(C)C,33.83
CN1CCN(C(=O)c2ccc(-c3ccn4[nH]c(=NC(=O)c5ccc(C(C)(C)C)cc5)nc4c3)cc2)CC1,31.65
CS(C)(=O)=Nc1cc(C(F)(F)F)c2ncc(C#N)c(-c3cnn(-c4ccc(F)cc4)c3)c2c1,35.76
COc1ncc(-c2nc3c(n2C(C)C)C(c2ccccc2)N(c2cc(Cl)cn(C)c2=O)C3=O)c(OC)n1,21.88
N#Cc1ccc(-n2cc(C#Cc3cccc(F)c3F)cn2)cc1,17.9
CCc1cccc(-c2cc(-c3ccc(C)cc3)[nH]c(=N)c2C#N)c1,21.05
Fc1c(Nc2ccccc2Cl)c(Nc2ccccc2)cc2cccnc12,30.96
CN1CCN(C=c2sc(=C(C#N)C=C(C#N)C(=O)Nc3sc4c(c3C#N)CCC4)c(C#N)c2C#N)CC1,36.74
N#Cc1ccc(-c2nc(CNC(=S)Nc3ccc4cnccc4c3)nc(-c3ccc(C#N)cc3)n2)cc1,27.63
N#Cc1ccc(-c2nn(CCCN3CCC(C#N)C3)c3cc(CCCC(=O)Nc4ccc(C#N)c(C#Cc5ccc(F)c(C#N)c5)c4)ncc23)cc1,47.09
N#Cc1ccc(-c2ccc(-c3cc(-c4ccc(-c5nc(Cl)nc(Cl)n5)cc4)cc(-c4ccc(-c5nc(Cl)nc(Cl)n5)cc4)c3)cc2)nc1,7.69
N#Cc1cccc(C(=O)N2CCC(N=c3cccc[nH]3)CC2)c1,17.07
CCN(CCCCCCCCC=Cc1cc(O)c2c(c1)C(=O)c1ccc(O)cc1C2=O)Cc1ccc(OC)cc1,36.73
N#Cc1c(F)c(Cl)c(F)c(C#N)c1F,16.11
N#CC(C(=O)NCc1ccc2c(c1)OCO2)c1noc(COc2ccc(Br)cc2)n1,28.8
COc1ccc(Sc2[nH]c(=N)c(C#N)c(-c3ccc(C#N)cc3)c2C#N)cc1,18.84
N#Cc1ccc(-c2csc(-c3ccc(-c4nccc(-[n+]5ccc(-c6ccncc6)cc5)n4)cc3)n2)cc1,12.31
Cc1[nH]c(=O)n(C(O)c2ccc(Cl)cc2)c(=O)c1N=Nc1ccc(Cl)cc1,30.92
Clc1nc(Cl)nc(-c2ccc(-c3cc(-c4ccc(-c5nc(Cl)nc(Cl)n5)cc4)cc(-c4ccc(-c5nc(Cl)nc(Cl)n5)cc4)c3)cc2)n1,7.03
Fc1cc(-c2cc(CN3CCOCC3)nc(C(F)(F)F)n2)ccc1-c1cc(-c2ccccc2)c2ccc(C3=NCCCN3)cc2n1,37.54
N#Cc1cccc(C(=O)N2CC3CC(c4nc(CN5CCCC5)no4)C2CO3)c1,32.09
CC(C)CN=c1nc(N2CCCCC2)nc(Oc2ccc(=O)n(C)n2)c(=O)[nH]1,32.95
COc1nc(OC)nc(-c2ccc3[nH]c(-c4c(Cl)c(C(C)(C)C)nn4C)nc3c2)n1,28.09
N#CC=Cc1ccnc(-c2ccc(C#N)cc2)n1,7.23
Oc1ccccc1-c1nnc(-c2ccc(-c3nc4cc(C(F)(F)F)ccc4[nH]3)cc2)o1,21.31
Cc1ccc(-c2cc(C(=O)NCc3ccncc3)nc(-c3ccc(C)cc3)n2)cc1,22.09
N#Cc1ccc2ccc(Nc3nc(Nc4ccc5c(c4)C(=O)c4ccc(N)cc4C5=O)nc(Nc4ccc5c(c4)C(=O)c4cc(N)ccc4C5=O)n3)cc2c1,14.6
CCCCCCc1ccc(C#Cc2ccccn2)cc1,18.58
O=C(Nc1ccc(-c2nc(CC3CCCCC3)nc3ccccc23)cc1)c1ncc(Cl)c(=Nc2ccccc2)o1,36.66
N#Cc1ccc(-c2nc(-c3ccc(O)cc3)nc(-c3cncc(C#N)c3)n2)cc1,13.11
O=C(O)c1c(Cc2ccc(Br)cc2)c(=O)ccn1Cc1ccc(-c2ccccc2-c2nn[nH]n2)cc1,25.01
N#Cc1ccc(-c2ccc(CCCc3nc(-c4ccc(C#N)cc4)nc(-c4ccc(-c5ccc(C#N)cc5)cc4)n3)cc2)cc1,16.29
N#Cc1cn(Cc2ccc(Cl)cc2)c2ccccc2c1=O,15.48
N#Cc1ccc(N=c2c(C#N)c[nH]cc2-c2ccc(F)c(C#N)c2)cc1,17.86
Cc1cc(-c2ccc(-c3nc(-c4ccc(-c5ccc(C#N)cc5)cc4)nc(-c4ccc(-c5ccc(C#N)cc5)cc4)n3)cc2)ccn1,18.83
CCC(NC(=O)c1nc(-c2ccc(-c3cccc(C=C4NC(=O)N(C)C4=O)n3)cc2)sc1C)(c1ccc(C#N)cc1)c1ccc(C#N)cc1,51.76
N#CC1CCc2c(C(=O)O)c(=O)c3cc(F)c(N4CCNCC4)cc3n21,21.85
CC(O)CC(=O)Nc1cccc(C(=O)c2ccc3nn(CC(=N)N)nc3c2)c1,38.61
N#CC=Cc1ccnc(C=Cc2ccc(-c3cc(C(=O)O)cs3)nc2)n1,22.41
CNC(=O)c1ccccc1N=c1[nH]c(=NCCO)[nH]c2c(Cl)c[nH]c12,31.5
N#Cc1cncc(-c2cc(C#N)ccc2Oc2ncccc2C#N)c1,16.42
CN1CCN(c2ccc(C(=O)N=c3[nH][nH]c4ccc(-c5cccc(F)c5)cc34)cc2)CC1,23.66
CC(C)c1ccc(-c2noc(CCC(=O)Nc3ccc4c(c3)OCCO4)n2)cc1,23.04
N#Cc1ccc(-c2ccc(-c3cc(COc4ccc(F)cc4)nc(-c4ccc(-c5ccc(C#N)cn5)nc4)n3)cn2)nc1,11.85
N#Cc1ccc(-c2nc(-c3ccc(C#N)cc3)nc(C3CCOC3)n2)cc1,11.47
Cc1c(C(=O)c2ccc(Cl)cc2)c(CC(=O)NCc2ccc(F)cc2Cl)n(C)c1C(=O)c1ccccc1F,37.79
Cc1cc(-c2ccc(-c3ccc(C#N)cn3)cc2)nc(C#N)n1,9.58
N#Cc1ccc(-c2cc(C#N)c(=O)[nH]c2-c2ccc(Cl)cc2)nc1,14.68
Cc1nc(=Nc2ccc(N3CCN(C)CC3)nc2)[nH]c2nc(-c3ccc(C#N)cc3)ccc12,31.3
CC(C)(C)C(=O)Nc1cccc(C(=NN=Cc2cc(C#N)ccc2C#N)c2ccc(-c3ccc(C#N)cc3)cc2)c1,41.94
CC(=O)NC(Cc1cccc(F)c1)C(=O)NC1(C#N)CC1,20.62
Cc1cc(C#N)cc2nc(-c3ccc(C=NN=c4sc(Cc5nnc(-c6ccc(F)cc6)o5)c(O)n4Cc4ccccc4)cc3)sc12,36.76
N#Cc1ccc(-c2cncc(Nc3ccc4c(c3)C(=O)c3ccc(N)cc3C4=O)n2)cn1,14.18
N#Cc1cc(-c2ccc3[nH]cnc(=Nc4ccc(OCc5ccccn5)c(Cl)c4)c3c2)ccn1,19.99
Cc1ccc(Cc2nc(C#N)c(N(C)C)n2C=NCc2nnc(Cc3cccn3C)n2C)cc1,44.51
N#Cc1ccc(-c2ccc(-c3nc(N4CCOCC4)c4ccc(-c5ccc(-c6ccc(C#N)cc6)nc5)cc4n3)cc2)cc1,21.93
Fc1ccccc1-n1nnc(-c2cccnc2)n1,18.92
COc1ccc(S(=O)(=O)N(Cc2ccccc2)C2CC(C(=O)O)Oc3ccc(C#N)cc32)cc1OC,31.86
COC(=O)c1ccc2ccc(-c3ccc(C=Cc4cc(C(=O)O)nc(C(=O)O)n4)cc3)nc2c1,39.84
N#Cc1ccc(-c2ccc(-c3nc(-c4ccc(C#N)cc4)nn3-c3ccc(-c4cc5ccccc5o4)cc3)cc2)cc1,21.19
CNS(=O)(=O)c1cccc2c(Sc3ccc(C#N)cc3)cc(C(=O)Nc3ccc(-c4ccc(C#N)cc4)cc3)nc12,35.39
Cc1cc(-c2ccc(C(=O)c3ccccc3)cc2)nc(CNCc2cc3ccccc3c(C#N)n2)n1,28.84
N#Cc1cc(F)cc(-c2csc3cc[nH]c(=N)c23)c1,23.41
CCCN(Cc1ccccc1C#N)c1nc(-c2ccc(C#N)cc2)nc(-c2ccc(-c3ccc(C#N)cc3)cc2)n1,21.4
N#Cc1ccc(-c2ccc(-c3nc(-c4cc(CC(=O)O)ccc4O)n(-c4ccc(Cl)cc4)n3)cc2)cc1,26.56
N#Cc1ccc(-c2ccc(-c3cnn(-c4cccc(Nc5ccc6c(c5)C(=O)c5ccc(O)cc5CC6)c4)c3)cc2)cc1,29.61
Cn1c2ccc3ccccc3c2c(=O)n2nc(C(=O)O)cc12,25.81
N#Cc1ccc(-c2ccc(-c3nc(-c4ccc(C#N)cc4)nc(-c4ccc(-c5ccc(C#N)cn5)nc4)n3)cn2)cc1,8.03
N#Cc1ccc(-c2ccc(-c3nc(-c4ccc(C#N)cc4)nc(-c4ccc(-c5ccc(F)cc5)c(F)c4)n3)cc2)cc1,13.5
CCC(C)C1CN(Cc2cc(C#N)nc3ccccc23)c2ccc(C#N)cc2N1C(=O)c1ccc(-c2cnn(C)c2)cc1,36.53
N#Cc1ccc(-c2ccc(-c3nc(-c4cccc(-c5ncccn5)c4)nc(-c4cccc(C#N)n4)n3)cc2)cc1,18.09
Cn1c(-c2ccc(-c3ccc(C#N)cc3)cc2)nnc1-c1ccc(-c2nc3cc(C(F)(F)F)ccc3[nH]2)cc1,13.9
N#Cc1ccc(C(=O)C=Cc2ccc3ccccc3n2)cc1,17.11
N#Cc1ccc(-c2nc(-c3ccccc3)nc(-c3c(F)c(F)c(C#N)c(F)c3F)n2)cc1,13.92
Cc1nc(-c2ccc3[nH]c(-c4ccc(-c5ncc(C6=CCCNC6)cn5)cc4)nc3c2)[nH]c1C,33.22
COCCCCOc1ccc(-c2cn(-c3ccc(C(=O)O)cc3)cc2C#N)cn1,25.83
CCn1c(-c2ccc(-c3cccc(-[n+]4ccc(-c5ccncc5)cc4)c3)cc2)cc(-c2ccc(-c3ccc(C#N)cc3)cc2)[n+]1C,28.9
C#CCNCc1cnc(-c2ccc(-c3nc(-c4ccc(C#N)cc4)nc(-c4ccc(-c5ccc(C#N)cc5)cc4)n3)cc2)cn1,22.56
Cc1cc(OCc2cc(-c3ccc(C#N)cc3)nc(-c3ccc(C#N)cc3)n2)ccc1CCC(=O)O,9.91
Cc1cnc(Cl)nc1-c1ccc(OCc2nc(-c3ccc(C#N)cc3)nc(-c3ccc(C#N)cc3)n2)cc1,16.49
CN(C)C=Cc1cccc2c(N)cccc12,24.84
N#Cc1ccc(-c2cc(-c3ccccc3)c(C#N)c(N=CC=Cc3ccccc3)n2)cc1,17.61
Cc1c(C(COc2ccc(C#N)cc2)=NO)c(-c2ccc(F)cc2)cn1C,35.58
N#Cc1ccc(-c2nc(-c3ccc(C#N)cc3)nc(-c3ccc(CNC4CCc5[nH]c(=N)sc5C4)nc3)n2)cc1,25.9
CN1CCN(Cc2cc(-c3ccc4c(=Nc5cccc(Cl)c5)[nH]cnc4c3)ccc2N2CCN(C)CC2)CC1,26.82
Cc1ccc(-c2nn(-c3ccccc3)cc2C=CC(=O)c2nc3cc(C#N)ccc3n2C)cc1,34.07
COc1ccc(NC(=S)N2CCCC3COc4ccccc4C32)cc1Cl,31.09
N#Cc1ccc(N=CN2CCN(C=O)CC2)cc1,8.17
N#CC=Cc1c2c(cc3ccccc13)C(=O)c1cccc(O)c1C2=O,18.69
CC(C)Oc1ccccc1N1CCN(CCC(=O)Nc2ccc(C#N)cc2)CC1,22.3
N#Cc1ccc(-c2ccc(-c3nc(-c4ccc(Cl)cc4)c(-c4ccc(C#N)cc4)cc3C#N)cc2)cc1,15.34
Cn1cc(-c2cnc3ccc(Nc4cccc(NC(=O)c5ccc(-c6ccccn6)cc5)c4)cc3n2)cn1,31.26
CN1CCN(CCC(=O)Nc2ccc3c(c2)C(=O)c2ccc(Nc4cc(Nc5cccc(Cl)c5)nc(Nc5ccc6c(c5)C(=O)c5ccc(N)cc5C6=O)n4)cc2C3=O)CC1,22.36
O=C(NN=Cc1ccccn1)c1ccc2c(c1)OCCO2,18.17
CNC(=O)c1cc(-c2ccc(-c3ccc(C#N)cn3)cc2)nc(-c2ccc(-c3ccc(C#N)cc3)cc2)n1,9.22
Cc1cccc(-c2cnc3ccc(-c4ccccc4C(F)(F)F)nn23)n1,27.32
N#Cc1cc(F)c(F)c(C#N)c1F,6.96
N#Cc1cncc(-c2nc(-c3ccc(C#N)nc3)nc(-c3ccc(F)cn3)n2)c1,14.54
C=CC(C)(C)c1nc(C=Cc2nc(-c3ccc(C#N)cc3)n[nH]2)nc(-c2cccc(C#N)n2)n1,31.31
Nc1ccc2c(c1)C(=O)c1ccc(Nc3ccc4c(c3)C(=O)c3cc(N)ccc3C4=O)cc1C2=O,9.89
N#Cc1cc(-c2nc(-c3ccc(-c4ccc(-c5ncc(F)cn5)cc4)nc3)nc(C3CCCCC3)n2)cc(-n2cc(C(F)(F)F)cn2)c1,28.08
N#Cc1ccc(-c2cc(C#N)cnc2-c2ccc(-c3c[nH]c(=N)cn3)c(F)c2)cc1,13.15
N#Cc1ccc(-c2ccc(-c3nc(-c4ccc(-c5ccc(C#N)cn5)nc4)nc(-c4ccc(-c5ccc(C#N)cn5)nc4)n3)cc2)cc1,10.62
CN(C(=O)c1c(O)n(C)c(=O)n(C)c1=O)c1ccccc1,19.62
N#Cc1ccc(-c2ccc(-c3cc(-c4ccc(F)cc4)nc(-c4ccc(-c5ccc(C#N)cc5)cc4)n3)cc2)cc1,11.62
Cc1cccc(C(=O)N2CCc3nc(C(C)(C)C)ncc3C2)c1,26.91
Cc1cc(N(C)CC(=O)NCCc2ccc(Cl)cc2)nc(-c2ccc(Cl)cc2Cl)n1,25.59
O=C1CCNc2c1ccc1ccccc21,20.52
N#Cc1ccc(CCN2CCC3(CCc4ccccc4)c4cc(O)ccc4CC3C2)cc1,21.73
N#Cc1ccc(N2C3=C(C(=O)CCC3)C(c3ccc(-c4cccc(C#N)c4)cc3)N2Cc2cccnc2)cc1,22.44
COc1ccc(N=c2nc(N(C(=O)C=CCN(C)C)c3ccc(Br)cc3)[nH]c3ccnn23)cc1,33.17
N#Cc1ccc(-c2nc(-c3ccc(-c4cccc(C#N)c4)nc3)nc(-c3ccc(-c4ccc(C#N)cc4)c(C#N)c3)n2)cc1,14.71
CC(=O)c1cc2c(cc1O)C1CCC(C(C)CCCC(C)C)C1(C)CC2=O,32.67
CSc1nc(Cl)c(C#N)c(-c2ccc(Cl)cc2)n1,12.94
C=CC(=O)N=c1cc(C(=O)N=c2cc(C)c(C=NO)c(C)[nH]2)[nH]cn1,34.53
COc1ccccc1N1CCN(CC(O)CNC(=O)c2ccccc2Nc2ccc(F)cc2)CC1,20.35
Cc1cc(C)c(N=c2nc(C)cc(N=c3cc(C4CC4)[nH][nH]3)[nH]2)c(C)c1,21.23
NC(=S)NN=C1C2CS(=O)(=O)CC2OCC2OC12,38.9
N#CC=Cc1cccc(C=CC#N)n1,8.92
COc1cc(C=c2cc(C)c(C#N)c(CC(C)(C)C=C(C)C)c2=Cc2ccccn2)oc(=O)c1,47.39
C=Cc1cccc(-n2cnc3cc(-c4cc(C#N)nc(-c5cccc(C#N)c5)n4)ccc32)c1,29.13
O=C(O)C1=CCC(Cn2cnc3ccc(-c4ccc(Cl)cc4)cc3c2=O)CC1,29.5
O=C(NCc1ccc(-n2cncn2)cc1)c1ccc(-c2cnn(Cc3ccccc3)c2)cc1,28.21
N=C(N)c1ccc(-c2cncc(-c3ccc(C(=N)N)cc3)c2)cc1,15.36
COc1ccc2c(c1)C(=O)N(CC1(C#Cc3csc(Cc4ccccc4)n3)NC(=O)NC1=O)C2,27.42
CCOC(=O)C1=C(c2ccc(-n3ccc(C#N)c3)cc2)N=C(C)C(C(=O)OC)C1C#Cc1ccccc1,23.09
N#Cc1cccc(-c2ccc(C(=O)N(Cc3ccccc3)C3CCC(O)CC3)cc2)c1,24.79
Cc1nc(-c2nc3cc(C(=O)O)ccc3n2C2CCCCC2)ccc1OCc1nc(-c2ccc(C#N)cc2)nc(-c2ccc(C#N)cc2)n1,20.33
N#CC=Cc1cccc(Oc2ccc(SC(F)(F)F)cc2)n1,16.35
N#Cc1cncc(-c2cnn3ncc(-c4nc(-c5ccc(C#N)nc5)ncc4C#N)c3c2)c1,27.22
COc1nccc(-c2nc(-c3cncc(C#N)c3)nc(-c3ccc(C)c(C)c3)n2)n1,19.21
N#Cc1ccc(-c2ccc(-c3cc(-c4ccc(-c5nc(Cl)nc(Cl)n5)c(F)c4)nc(-c4ccc(C#N)cc4)n3)cc2)cc1,10.51
COc1cc2c(cc1OC)C(c1ccc3ccc(C#N)cc3c1)=NN(C)C(=O)C2,24.68
N#Cc1cccc(C(=O)O)c1,17.08
Cc1cc(-c2ccnc(C(=O)Nc3cc(-c4ccncc4)ccc3N3CCN(C)CC3)c2)ccn1,25.03
N#CC=Cc1cncc(-c2ccc3[nH]cnc(=Nc4ccc(O)cc4)c3c2)c1,28.51
O=C(Cc1nc(-c2ccc(Cl)cc2)no1)N1CCN(c2ccc(F)cc2)CC1,19.98
NC(=NO)c1ccc(-c2nc(-c3ccc(C#CCCCCCl)cc3)nc(-c3ccc(C(N)=NO)cc3)n2)cc1,28.18
N#Cc1ccc(-c2ccc(Cc3nc(=N)[nH]c(=N)[nH]3)cc2)cc1,16.68
O=C1CNC(c2ccc(Cl)cc2)=c2cc(Cl)cnc2=N1,22.51
Cn1cnc(-c2ccc(C(=O)NCc3cn(Cc4ccc(-c5ccc(C#N)cc5)cc4)nn3)c(Cl)c2)c1,35.05
O=C(CN(C(=O)c1csnn1)c1ccccc1)NC1CCCC1,19.72
CC(=O)c1cccc(-c2nc(-c3ccc(-c4cccc(C#N)c4)cc3)nc(-c3cncc(C#N)c3)n2)c1,16.22
CN(CCCc1ccccc1)c1ncnc2[nH]ccc12,23.02
N#Cc1ccc(-c2cccc(-c3ccc(-c4ccc(-c5nc6ccccc6c(=N)[nH]5)cc4)cc3)n2)cc1,18.94
Cc1cc(-c2cccc(C#N)n2)cc(-c2nc(-c3cc(C#N)cc(-n4cc(C(N)=O)c(-c5ccc(C#N)cc5)n4)c3)nc(C3CC3)n2)n1,31.49
CCC(C(=O)N=c1cc(C)o[nH]1)N1C(=O)c2ccccc2C1=O,20.11
O=C(C=Cc1ccccc1)c1ccc(-n2cnc3ccccc32)cc1,20.26
N#Cc1ccc(-c2cc(-c3cc(F)cc(C#N)c3)cc(C#N)n2)nc1,14.4
N#Cc1ccc(-c2nc3ccccc3cc2-c2ccccc2)cc1,16.54
CCn1c2ccccc2c2cc(C(=O)NCCCN)ccc21,28.08
N#CC=Cc1ccccc1,7.86
N#Cc1ccc(-c2cc(-c3ccncc3)nc(-c3ccc(-c4cccc(C#N)n4)cc3)c2)cc1,16.0
Fc1ccc2c(c1F)Nc1ccccc1C=C2,22.89
Cc1cccc(N=c2[nH]cnc3cc(Nc4ccc5c(c4)C(=O)c4ccccc4C5=O)ccc23)c1,26.8
N#Cc1cncc(-c2nc(-c3cncc(C#N)c3)nc(-c3ncc(F)cn3)n2)c1,12.12
N#Cc1c(-c2ccc(C(=O)Nc3ccc(C(F)(F)F)nc3)cc2)ccc(F)c1F,15.93
CC(=NN=c1[nH]c(-c2ccc(C#N)cc2)cs1)c1ccccc1O,19.96
Cc1cc(-c2nc(-c3ccc(Cl)cc3)cn2N=Cc2ccc(Cl)c(Cl)c2)[nH]n1,25.1
N#Cc1ccc(-c2nc3nnc(C45CC6CC(CC(C6)C4)C5)n3nc2Cc2ccc(-c3ccccc3-c3nc(=O)o[nH]3)cc2)cc1,30.95
N#Cc1ccc(-c2ccc(-c3cc(-c4ccccc4)nc(-n4cnc(-c5nc(-c6ccc(C#N)cc6)nc(-c6ccc(C#N)cc6)n5)c4)n3)cc2)cc1,20.32
Cc1nc2ccc(Nc3cc(Nc4ccc5c(c4)C(=O)c4cc(N)ccc4C5=O)nc(Nc4ccc5c(c4)C(=O)c4ccc(N)cc4C5=O)n3)cc2n1C,20.51
CC(C)(C)c1cc(Nc2ccc3c(c2)C(=O)c2ccc(N)cc2C3=O)nc(Nc2ccc3c(c2)C(=O)c2ccc(N)cc2C3=O)n1,18.36
N#Cc1ccc(-c2ccc(-c3nc(-c4ccc(-c5ccc(C#N)cn5)cc4)nc(-c4cccc(C=CC(=O)O)c4)n3)cc2)cc1,19.99
CCN(CC)CCNC(=O)c1cccc(NC(=O)NCCCCCCCCCCCCNC(=O)NS(=O)(=O)c2cccc(C)c2)c1,37.65
N#Cc1ccc2nc(-c3ccccc3)nc(-c3ccc(F)cc3)c2c1,20.29
CN(CC=Cc1ccccc1)Cc1cc(C#N)nc(-c2ccc(-c3ccc(C#N)cc3)cc2)c1,26.53
CCNC(=O)c1cn2c(n1)CCC2,24.07
COc1cc2nc[nH]c(=NCc3cccc(F)c3F)c2cc1C#Cc1cccc(CN)n1,30.22
N#Cc1ccc(-c2ccc(-c3nc(-c4ccc(-c5ccc(C#N)cc5)cc4)nc(-c4cc(F)c(C#N)c(F)c4F)n3)cc2)cc1,13.47
CC1COCCN1c1nc(N2CCN(CC(=O)N(C)C)CC2)nc2nc(-c3ccc(-c4ccc(C#N)cc4)cc3)ccc12,20.2
CCCCCc1ccc(-c2nccc(-c3ccc(C=Nc4cc(O)c(N)cc4O)cc3)n2)cc1,18.74
N#Cc1ccc(-c2ccc(C(=O)NC3CCN(CCO)CC3)c(F)c2)nc1,16.65
CCCCCN(Cc1ccccc1)c1nc(-c2ccc(C#N)cc2)nc(-c2ccc(-c3ccc(C#N)cc3)cc2)n1,22.3
Cc1ccc(CN=c2cc(C)nc(-c3ccc(C#N)cc3)[nH]2)cc1,19.76
N#Cc1ccc(-c2ccc(-c3nccc(-c4cccc(-c5ccc(C#N)cc5)c4)n3)cc2)cc1,13.18
N#Cc1ccc(-c2nc(-c3ccc(C#N)c(-c4cnc(C#N)nc4)c3)nc(C3CC3)n2)cc1,17.59
C=CCN1C(=O)c2ccc(C)cc2NC(=O)C1C(=O)N=c1[nH]c(-c2ccccn2)cs1,35.47
N#CC(Cc1ccc2c(c1)OCO2)NC(=O)C1CCC(CN)CC1,22.19
N#Cc1ccc2c(c1)[nH]c(=Nc1ccccn1)c1cc(C#N)cn12,24.22
N#Cc1ccc(-c2ccc(C(=O)Oc3nc(-c4ccc(C#N)cc4)nn3-c3ccccc3)cc2)cc1,22.09
N#Cc1cncc(-c2ccc(-c3ccncc3)c(C(=O)N3CCN(C(=O)c4ccccc4)CC3)n2)c1,22.71
N#CC=Cc1c2c(C=CC(=O)Nc3ccc(C#N)cc3N)ccc(C#N)c2cn1Cc1ccc(C#N)cc1,37.46
N#Cc1cccc(-c2nc(-c3cccc(C#N)n3)nc(-c3ccc(C4OCCc5cc(C#N)ccc54)s3)n2)c1,25.82
CCN(CC)c1ccc(C=Nc2ccc(Cl)c(Cl)c2)cc1,18.94
N#Cc1ccccc1Cn1ccnc1CN1CCC(c2nccnc2-c2ccc(F)cc2)CC1,25.74
N#Cc1c2ccccc(-c3nc(-c4c5ccccc5c(C#N)c5ccccc45)nc(-c4c5ccccc5c(C#N)c5ccccc45)n3)c-2c2ccccc12,14.97
Cc1cc2c(C(=O)CN3C(=O)NC(c4ccccc4)(c4ccccc4)C3=O)c(C)nc(C)c2c(O)c1C(=O)C(C)C,41.92
COc1ccc(-c2c(-c3ccc(C#N)cc3)[nH]c(-c3ccc(-c4ccc(C#N)cn4)cc3)c(C#N)c2=O)cc1,20.45
Cn1cc(-c2nc(-c3ccc(C#N)c4ccccc34)nc(C(c3cccc4ccccc34)c3cccc4ccccc34)n2)c2ccccc21,38.5
N#Cc1nsc2ncccc12,20.5
Cc1cccc(-c2cc(C#N)nc(N(C)CCO)n2)c1COc1ccc2c(c1)CNC2=O,44.64
Cc1nc(N(C(=O)Cc2ccc(C#N)cc2)C2CCCCC2)nc(C(F)(F)F)n1,28.32
N#Cc1ccc2[nH]cc(-c3cc(C4CCCCC4)nc(C#N)n3)c2c1,24.27
Cc1cc(C#N)ccc1-n1ncc2cc(C(=O)c3ccc4c(c3)C(=O)N(c3ccc(C#N)cc3)C4=O)ccc21,26.16
Cc1cc(-c2nc(-c3cncc(C#N)c3)n3c2CCC3)ccc1C(=O)N=c1cc(C#N)cc[nH]1,22.71
N#Cc1ccc(-c2ccc(-c3nc(CC(N)=O)c(CCc4ccccc4)n3-c3ccc(C#N)cc3)cc2)cc1,22.14
CNC(=O)c1cccn1-c1cc(NC(=O)c2ccc(-c3ccc(C#N)cc3)nc2)cc(-c2ccc(C#N)cn2)c1,31.12
N#Cc1ccc(C#Cc2nc(-c3ccncn3)ncc2Oc2ccc(C#N)cc2C#N)cc1,23.17
C#CCNCc1cn(-c2ccc(F)cc2)nc1-c1cccc(C#N)c1,20.56
CN(C)CCOc1ccc(-c2cc(-c3nc4cccc(-c5nnc(-c6ccccc6)c(-c6ccccc6)n5)c4o3)nc(-c3ccc(C#N)cc3)n2)cc1,40.59
N#Cc1ccc(-c2ccc(-c3nnc(-c4ccccc4)c(-c4ccc(C#N)cc4)n3)cc2)cc1,10.83
C=CCn1c(C=NNC(=O)c2ccc(-c3cccc(-c4ccc(C#N)cc4)n3)cc2)nc(C#N)c1N,19.74
CCCC(=O)c1cnn(-c2ccc(NC(=O)c3ccc(=O)n(-c4ccccc4)n3)cn2)c1C,23.89
CC(C)n1cnc2c(=NCc3ccccc3)[nH]c(Cl)nc21,16.98
Nc1ccc(C(=O)Nc2ccc3c(c2)C(=O)c2ccc(N)cc2C3=O)cc1,14.81
O=C(c1cncc(NC(=O)C2CC=C(CO)C(O)C2)c1)c1ccccn1,30.54
N#Cc1ccc(Nc2ccc3c(c2)C(=O)c2ccc(N)cc2C3=O)cc1,9.05
O=C(N=c1cc(C(=O)NCc2cnon2)[nH]n1-c1ccccc1)c1ccc(Cl)c(-c2ccc(F)cn2)c1,29.16
N#Cc1ccc(-c2ccc(-c3nc(-c4ccc(-c5ccc(C#N)cn5)cc4)nc(C4CC4)n3)cc2)cc1,7.92
Cc1nn(-c2ccccc2F)c2cnc(-c3ccc(-c4ccc(C#N)cc4)cc3)nc12,20.53
N#CC=Cc1cc(CCCCN)nc(C=CC#N)n1,12.88
N#Cc1ccc(-c2cc(C(C#N)c3ccc(C#N)cc3)nc(-c3cncc(C#N)c3)n2)cc1,17.0
C=CC(=O)OCCc1cc(C=CC#N)nc(C=CC#N)n1,13.63
N#Cc1cccc[n+]1[O-],12.9
N#Cc1ccc(-c2nc(-c3ccc(C#N)cc3)nc(-c3c(F)c(F)c(C#N)c(F)c3F)n2)cc1,11.87
CC(=O)c1cc(C(=O)c2ccc(C#N)cc2)nc2c(C)c(C(=O)N=c3[nH]c4ccc(NC(=O)Cn5cccc(N)c5=O)cc4[nH]3)sc12,53.29
N#Cc1cc(-c2ccc3c(-c4ccc(F)c(-c5ccnc(F)c5)c4)nnn3c2)ccn1,24.83
Cc1ccc(NC(=O)c2ccc(F)c(C#N)c2F)cc1C(=O)OCc1nnc(-c2ccc(-c3nc(Cl)nc(Cl)n3)cc2)o1,32.19
Cn1c(O)c(C=Nc2ccc(S(N)(=O)=O)cc2)c(=O)n(C)c1=O,18.86
COC(=O)C(Cc1ccc(-c2ccns2)cc1)N=c1cc(C(N)=O)[nH]c(-c2ccc(C#N)cn2)n1,36.88
N#Cc1ccc(-c2nc(C#N)nc(-c3cncc(C#N)c3)n2)cc1,9.38
CCCNC(=O)c1nc(-c2ccc(-c3ccc(C#N)cc3)cc2)nc(-c2ccc(-c3ccc(C#N)cn3)cc2)n1,11.51
N#Cc1ccc(-c2ccc(-c3nc4cc(C#N)ccc4[nH]3)cc2)cc1,11.58
N#Cc1ccc(-c2nc(Cl)c(Cc3cccc(Cl)c3)c(C#N)n2)cn1,27.86
CC1CCN(C=Nc2cc(N3CCCCC3)nc(N=CN3CCN(C=O)CC3)n2)CC1,16.48
CCCCc1cn(Cc2ccccc2CC(=O)O)c(CCCCCCc2nnc(-c3ccc(-c4ccccc4)cc3)n2Cc2ccc(-c3ccc(C(F)(F)F)cc3)cc2)n1,37.36
CC(C)(N)c1nc(-c2cc[nH]c(=Nc3ccc(N4CCOCC4)cc3)n2)c(-c2ccc(C#N)cc2)[nH]1,20.76
CSc1nc(C)cc(C)c1C#N,14.74
N#Cc1ccc(-c2ccc(-c3nc(-c4ccc(-c5ccc(C#N)cc5)cc4)nc(-c4ccc(-c5ccccn5)cc4)n3)cc2)cc1,10.72
C#CCN(Cc1ccc(-c2ccc(-c3cccc(C#N)n3)nc2)cc1)c1nccc(NC(CC)CC)n1,28.09
Cc1ccc(-c2nnc(-c3ccc(C#N)cc3)o2)o1,18.35
CN(C)c1ccc(C=Nc2cc(O)c(N)cc2O)cc1,7.32
N#Cc1ccc(Oc2ccc3c(c2)C(=O)NC3=O)nc1C(F)(F)F,25.58
Cc1cc(=Nc2ccc(O)c(N)c2)c2cc(Cl)ccc2[nH]1,28.32
Fc1ccc(-c2cccc(-c3nc(CNc4cc(F)cc5cccnc45)nc(-c4ncccn4)n3)c2)c(F)c1,34.53
CCC(C)NC(=O)C1CCC(=O)N1Cc1ccc(Cl)c(Cl)c1,25.08
N#Cc1ccc(-c2c(CN)sc3ccccc23)cc1,21.85
N#Cc1ccc(-c2nc(-c3ccc(C#N)cc3)nc(-c3ccc(C#N)cc3)n2)cc1,7.72
N#Cc1ccc(OC(C(=O)O)c2ccc(-c3ccc(C#N)cc3)cc2)cc1,18.05
Cc1oc(-c2ccc(C#N)cc2)nc1CN(C)Cc1cccc(Oc2ccccc2)c1,26.76
CN(C)C1CCCN(Cc2ccc(-c3cn4c(-c5cncc(C#N)c5)nc(-c5cncc(C#N)c5)nc4n3)cc2)C1,22.08
O=C(c1ccc(-c2noc(C(F)(F)F)n2)cc1)N1CCc2ccccc21,17.11
N#Cc1ccc(-c2ccc(-c3nccc(N=CN4CCN(C=O)CC4)n3)cc2)cc1,11.15
CC(C)=c1ncc(=C(C#N)C#N)c(C)n1,15.26
Cn1cc(-c2ccc(-c3cccc(N(CCCO)C4CCN(C(=O)c5cc(F)c(F)cc5Cl)c5ccc(C#N)cc5C4)n3)cc2)cn1,45.81
COc1cc(C(C)n2nc(-c3cncnc3)c3ccc(-c4ccc(-c5ncc(C)c(=N)[nH]5)cc4)nc32)cc(OC)c1OC,44.33
N#Cc1ccc(-c2cnc(-c3ccc(-c4ccc(-c5cc(-c6ccccc6)ncn5)cn4)cc3)s2)cc1,24.03
N#Cc1cccc(CN=c2cc3c(cnn3-c3cccc(C#N)c3)c[nH]2)c1,23.36
N#Cc1ccc(-c2ccc(C(=O)NC3CCCCC3NC(=O)c3ccccc3)cc2)cc1,21.66
CN(Cc1ccc(F)c(C#N)c1)Cc1cnc(-c2ccc(-c3ccc(C#N)cc3)cc2)nn1,27.87
NC(=O)c1ccc[n+](Cc2ccc(-[n+]3cc(N(CCCl)CCCl)ccc3C=Nc3ccc(S(=O)(=O)Nc4ccc5sc6cc(N)ccc6c(=O)c5c4)cc3)cc2)c1,40.78
N#CC(=NCc1ccc(Cl)cc1Cl)C(N)=O,25.14
N#Cc1ccc(N(Cc2ccc(-c3ccccc3)cc2)n2cnnc2)cc1,23.51
CSC(=NC1c2cc(C#N)ccc2OC(C)(C)C1O)Nc1ccc(F)cc1,15.81
N#Cc1ncc(C=NO)c(Oc2ccnc(-c3ccccn3)c2F)n1,18.21
CNC(=O)C#Cc1ccc(-n2ccc3nccc(Oc4ccc(O)cc4)c3c2=O)cc1F,42.0
CCN1CCN(c2ncc(-c3cc[nH]c(=Nc4ccc5c(c4)C(=O)c4ccc(N)cc4C5=O)n3)cc2C#N)CC1,19.98
Cc1nc2ccccn2c1C(=O)NN=Cc1ccc(O)cc1,19.72
Cc1ccc(S(=O)(=O)N=c2[nH][nH]c3c2CCN(c2ccc(C#N)cc2)C3)cc1C#N,26.61
N#Cc1ccc(C(=C(F)c2cc(F)cc(F)c2)c2ccc(C#N)cc2)cc1,20.52
C#Cc1nc(OCC)cc(-c2cccc(-c3nc(-c4ccc(C#N)cc4)nc(-c4ccc(C#N)cc4)n3)n2)n1,28.73
CCC(C)(C)c1ccc(-c2nc(N(C)Cc3cnccn3)nc3ccc(NC(=O)c4ccc(-c5ccccn5)nc4)cc23)cc1C#N,41.49
N#Cc1ccc(-c2cc(COCC3(C#N)CC3)nc(-c3ccc(C#N)cc3)n2)cc1,9.94
CCCCN(c1cc(-c2ccc(C#N)cn2)nc(C#N)n1)C1CCCCC1,28.61
CCN(Cc1ccc(F)cc1)C(=O)Cn1c(O)cn(C)c1=O,30.58
CC(C)N1CCC(NC(=O)c2cc(-c3ccc(-c4ccc(C#N)cn4)c(F)c3)nc(-c3ccc(-c4ccc(C#N)cc4)cc3)n2)CC1,10.57
N#Cc1ccc(-c2ccc3c(C#N)nc(-c4cccc(C#N)c4)cc3n2)cc1,20.16
C=CC1=C(C(=O)NCCc2ccc(C(N)=NO)cc2)C(c2ccc(-c3cccc(C#N)c3)cc2)OC1,28.4
N#CC=Cc1cncc(-c2cc(C#N)cc(-c3cncs3)c2)c1,22.96
O=C1COc2ccc(C(=O)N3CCCC(n4cccn4)C3)cc2N1,22.44
CC(=NN=c1nc(-c2ccc(C#N)cc2)cc(-c2ccc(O)cc2)[nH]1)c1ccccn1,22.49
N#CC(NC1CCC(c2ccccc2)(c2ccccc2)C1)C1CCOCC1,32.74
N#Cc1ccc(-c2ccc(-c3nc(N(CC4CC4)C4CCN(C(=O)Cc5ccc(F)cc5)CC4)c4ccccc4n3)cc2)cc1,28.72
N#Cc1cncc(-c2cc(-c3ccc(-c4nc(Cl)nc(Cl)n4)cc3)cc(-c3ccc(-c4nc(Cl)nc(Cl)n4)cc3)n2)c1,11.37
N#Cc1cccc(-c2ccc(Sc3ccc4cc(-n5cnc6ccccc6c5=O)ccc4n3)c(F)c2)c1,36.41
N#CCc1cc(-c2ccc(C#N)cn2)nc(-c2ccc(C#N)cc2)n1,15.08
O=c1ccc(-c2cccs2)n[nH]1,18.56
N#Cc1cc(-c2ccc(-n3c(O)c(O)c(C(=O)C(F)(F)F)c3-c3ncon3)cc2)ccc1F,34.94
COc1cc2c(cc1O)C(c1ccc(O)c(O)c1)c1cc3c(cc1COC2)OCO3,30.69
CN1CCN(c2nc(-c3ccc(F)cc3)c(C=CC(=O)C=Cc3cccc(C(F)(F)F)c3)c(-c3ccc(C#N)cc3)n2)CC1,24.91
N#Cc1cc(-c2ccc(-c3nc(Cl)nc(Cl)n3)cc2)ccc1N,13.59
N#Cc1ccc(-c2nc(-c3ccc(-c4ccncc4)cc3)nc(-c3cncc(C#N)c3)n2)cc1,20.22
O=C1NNC(=O)C1=Cc1cccc2ccccc12,21.8
Cc1ccc2nc(C=Cc3ccc(Cl)cc3)nc(Sc3ccccc3[N+](=O)[O-])c2c1,26.47
N#Cc1ccc(-c2ncc(-c3cccc(-c4cc(F)cc(C#N)n4)c3)cn2)nc1,24.5
N#Cc1ccc(-c2nc(-c3cncc(C#N)c3)nc(-c3cccc(C#N)n3)n2)nc1,9.89
CC(Cc1ccccc1)=NNC(=O)C=NC(=O)CCc1ccccc1,20.45
CCC1N(CC2CC2)c2c(ccc(F)c2F)C(=O)N1c1ccc(-c2ccccc2S(C)(=O)=O)cc1,32.91
C[N+](C)(C)c1ccc2cc(-c3cc[n+](Cc4cccc(-c5cccc(C[n+]6ccc(-c7ccncc7)cc6)c5)c4)cc3)ccc2c1,27.46
CC#CC1(CO)OC(n2cnc3c(=N)[nH]c(Cl)nc32)C(O)C1O,23.38
Nc1ccc2c(c1)C(=O)c1c(ccc3ncn(CCCN4CCCCC4)c13)C2=O,27.14
CCc1nc(=NC(=O)c2nc(C=CC#N)ccc2Cl)cc(-c2ccc(C#N)cc2)[nH]1,21.69
Cc1c(NC(O)c2cc(O)n(-c3ccc(F)cc3)c2)c(=O)n(-c2ccccc2)n1C,22.08
N#Cc1cccc(CN2CCC(CNC(=O)c3cc4c(s3)CCNC4)CC2)c1,35.67
N#Cc1cc(Nc2[nH]c(=Nc3ccc(-c4ccc(-c5cnn(CCN6CCN(c7ccc(F)cc7)CC6)c(=O)c5)nc4)cc3)ccc2C(N)=O)ccc1F,45.94
Cc1cc(-c2nc(-c3ccc(F)c(C#N)c3F)c3nc(-c4ccc(C#N)cc4)ncn23)ccn1,21.85
N#Cc1ccsc1NC(=O)c1cc(S(=O)(=O)Nc2ccccc2)ccc1F,24.97
N#Cc1ccccc1Nc1cc(C(F)(F)F)cc(C(F)(F)F)c1,18.48
N#Cc1ccc(-c2nc(C(F)(F)F)n(-c3ccc(C#N)cc3)c2-c2ccc3[nH]ncc3c2)cc1,27.87
C=Cc1cc(-c2cc(C#N)cc(C#Cc3ccc(F)cc3)c2)nc(C#N)n1,22.64
CN1CCc2c(cccc2Nc2ccc(-c3cccc(C#N)c3)cc2)C1,20.17
N#Cc1cncc(-c2nc(-c3cncc(C#N)c3)nc(-c3ncccn3)n2)c1,11.05
N#CC=Cc1cc(CBr)nc(C=CC#N)n1,8.32
N#Cc1ccc(-c2nc(-c3ccc(C#N)cc3)nc(-c3cccc(C#N)c3)n2)cc1,9.25
C#Cc1cccc(Nc2cc(N=c3cc[nH]cc3)c3c(=O)n(C)ccc3c2)c1,36.5
Cc1c(N=C2C=CC(=O)C=C2)c(=O)n(-c2ccccc2)n1C,16.22
N#CC1CCN(c2ncc(C#Cc3ccc(F)cc3)cn2)CC1,16.07
N#CN=C(Nc1ccc(C#N)cc1)N1CCN(c2ccc(C#N)c(C(F)(F)F)c2)C(c2ccccc2)C1,19.42
CCc1nc(-c2ccc(-n3nc(CCC(C)CCCC=C(C)C)cc3-c3ccc(C#N)cc3)cc2)no1,28.92
CN1CCC(c2ccc(-c3ccccc3)cc2)C(c2ccc(Cl)cc2)C1,24.59
N#Cc1ccc(-c2ccc(-c3nc(C(=O)NCc4ccc(F)c(Br)c4)cc(-c4ccc(-c5cccnc5)cc4)n3)cc2)cc1,22.57
N#Cc1ccc(Nc2ccc(C(=O)NN=Cc3ccc(NC(=S)OCc4ccc(-c5ccccc5)cc4)cc3)cc2C#N)cc1,34.01
Cc1cc(C=CC#N)cnc1-c1ccc(-c2cc(-c3ccc(-c4nc(Cl)nc(Cl)n4)cc3)cc(-c3ccc(-c4nc(Cl)nc(Cl)n4)cc3)n2)cc1,17.27
N#Cc1ccc(-c2ccc(-c3nc(C(=O)NC4(c5ccc(Cl)cc5)CC4)nc(-c4ccc(-c5ccc(C#N)cn5)nc4)n3)cc2)cc1,18.31
COc1ccc(-c2nc(=Nc3ccc4c(c3)OCCO4)[nH][nH]2)cc1,23.93
N#Cc1ccc(-n2cc(-c3c(F)c(F)c(C#N)c(F)c3F)nn2)cc1,16.01
N#Cc1ccc2nccc(Cn3c4c(n(Cc5ccccc5)c3=O)C(=O)N(c3ccc(-c5ccccc5)cn3)C4c3ccc(Cl)cc3)c2c1,45.58
N#Cc1ccc(C(=O)Nc2ccccc2N=c2ccc(-c3ccc(CC(C#N)NC(=O)C(N)NOC(F)(F)F)nc3)c[nH]2)o1,53.65
CCOCCCNC(=O)c1cc(-c2ccc(-c3ccc(C#N)cn3)cc2)nc(-c2ccc(-c3ccc(C#N)cc3)cc2)n1,12.01
N#CC=Cc1ccc(C#N)c(C=CC#N)n1,13.99
N#Cc1ccc(-c2cc([S+]([O-])C(F)(F)F)nc(-c3ccc(F)cc3)c2-c2ccccc2)cc1,25.69
N#Cc1ccc(-c2cn3cc(-c4ccnc(C5CC5)n4)nc(-c4ccnc(-c5cccc(C#N)c5)n4)c3n2)cc1,27.85
CC1(C)CCC(C)(C)c2cc(Nc3cc(Nc4ccc5c(c4)C(=O)c4ccc(N)cc4C5=O)nc(Nc4ccc5c(c4)C(=O)c4ccc(N)cc4C5=O)n3)ccc21,12.0
N#Cc1cccc(-c2ccc3c(C#N)cc(C#Cc4cccc(C#N)n4)nc3c2)c1,24.28
N#Cc1ccc(-c2ccc(-c3nc(-c4cccc(-c5cccc(C#N)n5)c4)nc(-c4cccc(C#N)n4)n3)cc2)cc1,19.17
CC(C)(C)OC(=O)N=C(CCCCN(C=O)CC#N)C(=O)N=c1[nH]nc(-c2ccccc2)s1,42.43
N#Cc1ccc(-c2ccc3c(c2)C(=O)N(CCc2nccc(C#N)n2)CCO3)cc1,19.91
N#Cc1ccc(-c2nc(-c3ccc(C#N)cc3)nc(C3CCCCC3)n2)cc1,10.52
Cc1nc(CC(=O)Nc2ccc(Cl)cc2)cs1,18.34
COc1cc(-c2nc(-c3cc4ccccc4oc3=O)nc(C)c2-c2cc(OC)c(OC)c(OC)c2)cc(OC)c1OC,31.72
Cn1cnc(=NC(CC2CCCC2)c2ccc(-c3cnc(C#N)nc3)nc2)cc1C=CC#N,26.02
CN(C)c1ccc(-n2cc(C(F)(F)F)nc2-c2ccc(-c3ccc(C#N)cc3)cc2)cc1,12.88
N#Cc1cc(-c2cncc(C3(Cc4ccccc4)NC(=N)c4c(F)cccc43)c2)ccn1,31.1
OC(CNCc1ccc(F)cc1Cl)(c1ccccc1)c1ccc(Cl)cc1,27.85
N#Cc1ccc(-c2nccnc2C#Cc2ccccn2)cc1,17.97
N#Cc1ccc(-c2ccc(-c3nc(-c4ccc(C#N)cc4)nc(-n4ccc(-c5ccc(C#N)cc5)n4)n3)cc2)cc1,15.67
N#Cc1ccc(-c2nc(-c3ccc(C#N)cc3)nc(-c3ccc(Cl)c(Cl)c3)n2)cc1,10.75
CNCCN(C)c1nc(-c2ccc(-c3ccc(C#N)cc3)cc2)nc2ccccc12,17.76
N#CC=Cc1cc(-c2ccc(-c3ccc(C#N)cc3)cc2)nc(C=CC#N)n1,11.43
N#Cc1ccc(CN2CCN(C=Nc3ccc4nonc4c3)CC2)cc1,20.55
C=c1[nH]n(-c2ccc(Cl)cc2)c(=O)c1=Cc1ccc(-c2ccc(C(=O)O)cc2)o1,19.98
CC1(C)CCc2c(c(C#N)c3[nH]c4ccccc4n3c2=NCc2ccccc2)C1,15.71
Nc1cc(=O)c2cccnc2n1Cc1ccc(F)cc1,22.17
N#Cc1ccc2c(c1)CN(C(=O)Nc1ccc(-c3ccc(C(=O)NCCC(c4ccccc4)c4ccccc4)cc3)cc1)C2,35.34
N#CC=Cc1cccc(-c2ccc(C#N)cc2)n1,8.54
N#Cc1ccc(Cn2cc(C=NNC(=N)N)c3ccccc32)cc1,18.84
C=Cc1ccc(CN=c2cc[nH]c(-c3cccc(C#N)c3)n2)nc1,27.81
N#Cc1cccc(C2CC3CCC(C2)N3)c1,21.74
Cc1cc(C)n(C(CNC(=O)c2ccc(-c3ccc(C#N)cc3)cc2)c2ccc(F)cc2)n1,29.92
Cc1cc(-c2cc(C(C)N3Cc4cc(C#N)ccc4C3=O)ccc2C)nc(C#N)n1,21.48
N=C(N)c1ccc(OC(=O)c2ccc(CC(N)C(O)=NO)cc2)cc1,26.29
Cn1nc(-c2cccc(C#N)c2)c2cc(-c3ccc(-c4cc(F)cc(C#N)c4)cc3)ccc21,20.33
CCC(=O)N=c1nc(-c2ccncc2)[nH]c(-c2ccc(C3CCCCC3)nc2)n1,23.85
N#CC(=NO)c1ncnc(-c2ccc(Oc3ccc(C#N)cc3)cc2)n1,21.18
N#Cc1ccc(-c2nc3cccnc3nc2C(NC2CCC(N)CC2)c2ccc(-c3cccc(C#N)c3)cc2)cc1,30.13
Nc1ccc2c(c1)C(=O)c1ccc(NC(=O)C=Cc3ccc(Cl)cc3)cc1C2=O,13.01
C=CCNC(=O)C(Cc1ccc(-c2cccc(C(C)=O)c2)cc1)=NC(=O)c1ccccc1,25.56
Cc1ccc(-c2[nH]c(=NC(=O)c3cccc(Cl)c3)sc2Cc2ccc(Cl)cc2)cc1,21.87
FC(F)(F)c1ccc2[nH]c(-c3ccc(-c4ccc(NC(=Nc5ccc(Oc6ccc(-c7ccccc7)cc6)cc5)Nc5nc6ccccc6s5)cc4)cc3)nc2c1,39.72
COc1cccc(C=Nc2cc(O)c(N)cc2O)c1,11.65
N#Cc1ccc(-c2ccc(-c3nc(-c4ccc(C#N)cc4)nc(-c4ccc(-c5cc(C(F)(F)F)cc(C(F)(F)F)c5)cc4)n3)cc2)cc1,19.59
O=CN1CCN(C=Nc2ccccc2)CC1,9.44
Brc1ccc(N=c2ncc3cc(Oc4ccc5ccccc5c4)ccc3[nH]2)cc1,28.73
N#Cc1cncc(-c2nc(C#N)c(-c3ccccc3)c(C#N)n2)c1,17.74
C=C(C)c1nc(C(C#N)=c2ccc(=C(C#N)C#N)cc2)nc(C(C#N)=c2ccc(=C(C#N)C#N)cc2)n1,9.71
C=Cc1ccccc1-c1c(C(=O)C(C)C)c(O)c(O)n1-c1ccc(-c2ccoc2)cc1,20.55
N#Cc1ccccc1NCCNC(=O)c1ccc(F)c(Br)c1,28.62
Cc1nccn1-c1ccc(-c2ncc(Cl)cc2COc2ccc(C#N)cn2)cc1,21.14
C=CC(=O)Nc1ccccc1N=c1[nH]c(=Nc2cc(C#N)c(CC(=O)N3CCOCC3)cc2OC)[nH]cc1Cl,31.05
CCOc1ccc(C(=O)NC(=O)Nc2ccc(C#N)cc2)cc1F,23.23
N#Cc1ccc(-c2ccc(-c3nc4ccccc4[nH]3)cc2)cc1,13.53
N#Cc1c(-c2ccc(Cl)cc2)cc(-c2ccc(Br)cc2)n(C2OC(CO)C(O)C(O)C2O)c1=S,16.99
Cc1nc(OCc2cc(Br)ccc2-c2ccc(C#N)cn2)ccc1-c1nc(C(F)(F)F)ncc1-c1cccc(C#N)n1,30.64
CC(=NO)c1c(C)cc(-c2nc(-c3ccsc3)nc(-c3cccc(C#N)n3)n2)cc1F,27.23
N#Cc1ccc(-c2ccc(-c3nc(-c4ccc(-c5ncccn5)cc4)nc(C(F)(F)F)n3)cc2)cc1,15.05
O=C(O)C=C1C=Cc2cc3ccccc3cc21,28.2
CN(C)c1ccc(-c2nc(-c3ccccc3)nc(-c3ccc(C=CC#N)cc3)n2)cc1,13.29
N#CC=Cc1ccc(F)c(-c2nc(-c3ccc(C#N)nc3)nc(-c3cncc(C#N)c3)n2)c1,12.61
N#Cc1ccccc1-c1cnc2ccc3c(=O)n4c(nc3c2c1)C(=Cc1cccc(F)c1)CCC4,39.18
N#Cc1ccc(-n2ccc(=O)c(-c3ccccc3)n2)cc1C(F)(F)F,21.85
COc1ccc(N=Cc2ccccc2)cc1,12.04
N#Cc1ccc(-c2ccc(-c3ccc4c(n3)-c3cc5cc(C(=O)NCCN6CCOCC6)ccc5nc3C4)cc2)cc1,24.77
C=Cn1c(-c2ccc3nc(-c4ccc(OCCN5CCCC5)c(OC)c4)nc(NC4CCC(O)CC4)c3c2)nc2ccccc21,41.25
CCOC(=O)C(C)C=C(O)C=Cc1cncn1Cc1ccccc1C(F)(F)F,33.63
CC(C#N)(CC[n+]1ccccc1)Cc1ccc(-c2ccccc2)cc1,24.32
N#CCCn1nc(-c2ccc(-c3ccc(C#N)cc3)cc2)nc(-c2ccc(-c3ccccc3)cc2)c1=O,19.65
N=c1[nH]cc(-c2ccc(CN3CCOCC3)cc2)cc1-c1nc(C2CCCNC2)c2ccncc2n1,26.5
O=c1[nH]c(O)c(Cc2ccc3c(c2)COCC3)s1,25.4
C=c1c(=CCCC)c(C#N)c(O)n1-c1ccc(C(=O)O)cc1,17.46
CCc1noc(-c2ccc(-c3nc(-c4ccc(C(N)=O)cc4C(F)(F)F)c4cc(-c5ccc(N(C)C)cc5)c(Cl)cc4n3)cc2)n1,34.06
N#Cc1ccc(-c2ccc3nc(Cc4ccc(C=CC(=O)O)cc4)sc3c2F)cc1,29.74
N#Cc1ccc(-c2ccc(-c3nc(C#N)c(Nc4cccc(C#N)c4)o3)cc2)cc1,17.34
N#Cc1ccc(-c2ccc(-c3csc(-c4nnc5ccc6ccccc6n5c4=O)n3)cc2)cc1,22.48
Oc1cc(OCCOc2cc(O)c3ccoc3c2Cl)cc(OCc2ccc(Cl)c(Cl)c2)c1,40.8
N#CN=C(NCCc1ccccn1)Nc1ccccc1Br,23.39
N#Cc1ccc(-c2c[nH]c(=N)c(-c3ccc4oc(-c5ccccc5)cc4n3)n2)cc1,21.77
Cc1ccc(-c2ccnc(N=c3cc(C45CC6CC(CC(C6)C4)C5)[nH]c(C)n3)c2)cn1,32.3
Cc1c(C=NO)c(-c2ccccc2)nc2ccccc12,23.11
COCCN(CCOC)c1cccc2c(-c3ccc(C#N)cc3C)nc(C#N)nc12,26.25
N#Cc1ccc(-c2nc(-c3ccncc3)nc(-c3cncc(C#N)c3)n2)cc1,9.12
Cc1ccccc1OCC(=O)Nc1ccc2c(c1)=NC(=O)C=2Cc1cccs1,29.32
C=Cc1ccc(=CC#N)c(=Cc2ccc(-c3ccc(-c4nc5ccc(C6=NCCN6)cc5[nH]4)cc3)cc2)c1,31.25
CCOCc1nc(-c2ccc(C#N)cc2)nc(-c2ccc(-c3ccc(C#N)cn3)cc2)n1,21.54
N=C(N)c1ccc(-c2ccc(-c3cc(-c4ccc(-c5nc(Cl)nc(Cl)n5)cc4)cc(-c4ccc(-c5nc(Cl)nc(Cl)n5)cc4)c3)cc2)nc1,8.82
CC(=O)NC(Cc1ccc(-c2cccc(NC(N)=O)c2)cc1)C(=O)NCc1ccc(C(=O)Nc2cccc(C#N)c2)cc1,35.83
CN(CCc1ccc(NS(C)(=O)=O)cc1)Cc1ccccc1Cl,23.97
CCc1cc(-c2ncc(C#N)cc2-c2ncnc(-c3ccc(C#N)cc3)n2)cc(C#N)n1,21.66
N#Cc1ccc(N=c2ccc(-c3ccc(C(N)=O)cc3C#Cc3cc(F)cc(C#N)c3)n[nH]2)cc1,29.56
COc1cc2c(cc1OC)CC(C(=O)NCCc1cc(-c3ccccc3)nc(-c3ccc(C(C)(C)C)cc3)c1)NC2,37.72
Cc1ccc(C(=O)NCCNC(=N)N)nc1Nc1ccc2c(c1)C(=O)c1ccc(N)cc1C2=O,21.53
Cc1cc(-c2cc(C(=O)NC3CCNC3=O)nc(-c3ccc(-c4ccc(C#N)cn4)cc3)n2)ccc1-c1cncnc1,31.59
Cc1nc(-c2cccc(C#Cc3cccc(N)c3)c2)nc(-c2cncc(C#N)c2)n1,20.35
Cc1ccc(C#Cc2c(N)nc[nH]c2=NC(=O)c2cn3c(n2)C(c2ccc(F)c(F)c2)CCC3)cn1,33.08
CCc1ccc(-c2c(-c3ccc(C#N)cc3)cc(-c3ccc(C#N)cc3)n2Cc2ccc(C(=O)NCCC(=O)O)cc2)cc1,23.19
COc1ccc(-c2cc3oc(-c4ccc(C(N)=O)cc4)cc3cn2)cc1-n1ccccc1=O,36.79
COc1ccc(Oc2ccc(N=Cc3ccc(-c4cc(-c5ccc(-c6ccc(C#N)cc6)cc5)nc(-c5ccc(C#N)cc5)n4)cc3)cc2)cc1,21.34
Cc1ccc(-c2cc[nH]c(=Nc3ccc(-c4ccnc(C(=O)Nc5ccc(C)c(C)c5)c4)cc3)n2)cn1,23.5
N=C(COc1ccc(Cl)cc1Cl)NOC(=O)COc1ccc2cc(Br)ccc2c1,33.58
Cc1cc(CN2CCC(C#N)(c3ccccc3)CC2)ccn1,22.75
Cn1cncc1CNCc1ccc(-c2cccc(-c3nc(C#N)nc4c3ncn4C)n2)cc1F,35.98
CCOc1cc2[nH]cc(C#N)c(=Nc3ccc(F)c(Cl)c3)c2cc1NC(=O)C=CCN(C)C,16.38
C=CCn1c(=O)[nH]c(O)c(C(C)=Nc2cccc(F)c2)c1=O,19.75
N#Cc1ccc(-c2ccc(-c3nn(-c4ccc(C#N)cc4)cc3C#N)cc2)cc1,13.2
N#Cc1ccc(-c2ccc(C=Nc3ccc(-n4c(-c5ccc(C(F)(F)F)cc5)nc5c(Br)cc(Br)cc5c4=O)cc3)cc2)cc1,22.05
CN(CC(=O)Nc1ccc2c(c1)N(C)C1c3ccccc3CC1C2)c1cccnn1,30.89
N#Cc1cncc(-c2nc(C#N)nc(-c3cncc(C#N)c3)n2)c1,7.25
Cc1cc(OCc2nc(-c3ccc(-c4ccc(C#N)cc4)cc3)nc(-c3ccc(-c4ccc(C#N)cn4)c(F)c3)n2)ccc1OCC(=O)O,13.44
N#Cc1ccc(-c2nc(-c3ccc(F)cc3)nc(-c3cncc(C#N)c3)n2)cc1,9.44
N#Cc1ccc(-c2ccc(-c3nc(-c4ccc(Cl)cc4)c(-c4ccc(Cl)cc4)n3-c3ccc(Cl)cc3)cc2)cc1,15.18
Cn1cc(-c2nc(-c3cncc(C#N)c3)nc(-c3cncc(C#N)c3)n2)nc1C#N,11.72
CN(C)CC=CC(=O)N1CCN(c2ccccc2CNCCCNc2cc(=O)c3ccccc3[nH]2)CC1,27.1
N#Cc1cccc(-c2ccc(-c3ccc(C#N)nn3)cn2)c1,13.26
CC(C)Oc1nc(-c2ccc(C#N)cc2)nc2cc(-c3ccc(C#N)cc3)c(-c3ccc(C#N)cc3)nc12,24.69
N#Cc1cncc(-c2cc(-c3ccc(C#N)cc3F)nc(C#N)n2)c1,15.22
O=C(NCC1CC1)c1ccc(C#Cc2ccccc2OCc2ccccc2F)nc1,32.67
CC(=O)N1CCN(CCCNc2cc(C#N)cc3cnc(-c4ccc(C#N)cc4)cc23)CC1,35.63
Fc1ccc(-c2csc(=Nc3nccs3)[nH]2)cc1,22.94
N#Cc1cccc(Cn2cnc3c(N=Cc4ccc(Br)cc4)nc(C#N)nc32)c1,31.05
N#Cc1ccc(C2NC=NC2c2cc(-c3cccc(C#N)c3)nc(-c3cncc(C#N)c3)n2)cc1,26.33
N#Cc1ccc2occ(CNC(=O)Nc3ccc4c(c3)NC(=O)CO4)c2c1,31.8
N#Cc1ccc(-c2ccc(-c3nc(-c4ccc(Br)cc4)cc(-c4ccc(Cl)cc4)c3C#N)cc2)cc1,17.87
N#Cc1cc(F)cc(-c2cc(C(=O)C(F)(F)F)cc(-c3ccc(-c4cccnc4)cc3)c2)c1,25.66
COc1cccc(C(=O)C=Cc2ccc(-n3cncn3)cc2)c1,18.06
COc1cc(C#N)ccc1-c1nc(C#N)nc2nc(-c3cncc(C#N)c3)ccc12,26.0
N#Cc1ccc(Cn2cncc2C#Cc2ccccc2C#N)cc1,16.49
CCCCOc1ccc(C=NNC(=O)C(C#N)=Cc2ccc(C#N)cc2)cc1,27.65
N#Cc1ccc(-c2ccc(-c3nc(C=Cc4cc(F)c(F)c(F)c4)nc(-c4ccc(-c5ccc(C#N)cc5)cc4)n3)cc2)cc1,17.86
N#Cc1ccc(-c2cc(-c3nc(C#N)nc4c3ccn4C3CN(C=O)C3)nc(C#N)n2)nc1,22.44
Cc1ccccc1-c1ccc2nc(-c3ccc(-c4ccccc4C#N)cn3)c(C)nc2c1,38.01
CN1C(=CC(=O)COC(=O)c2nc3ccccc3n2C)C(C)(C)c2cc(F)ccc21,36.04
Cc1cc(-c2cc[nH]c(=NC(c3ccc(Cl)c(F)c3)c3ccc(-c4ncccc4F)cc3F)n2)ccc1F,26.27
O=C1NC(=O)C(CN2CCOCC2)(C(=O)Nc2ccc(Cl)c(Cl)c2)N1,25.17
CC(=O)Nc1ccc2nc(N=CN3CCN(C=O)CC3)nc(N(C)c3cccc(Cl)c3)c2c1,27.56
N#Cc1ccc(-c2ccc(-c3nc(-c4ccc(Br)cc4)n(-c4ccc(Br)cc4)n3)cc2)cc1,17.08
N#Cc1cc(Cl)cc(Oc2ccnc(Cc3cc(C#N)nc4cnc(C#N)cc34)n2)c1,28.4
CC(=O)N(Cc1ccc(-c2ccc(CNCCc3ccccn3)cn2)cc1)Cc1ccncc1C#N,33.05
O=C(NOCc1cccnc1)c1ccc(-c2nc(F)c(F)c(-c3ccccc3)n2)cc1,28.87
N#Cc1cncc(-c2nc(-c3ccccc3)nc(C3CCOC3)n2)c1,19.35
C=CCC1Nc2ccccc2-c2ccc(OC)cc2-n2cccc21,27.65
Cc1ccc(-c2ncc(C(=O)Nc3cccc(Cn4cc(NC(=O)c5ccc(-c6ccccc6)cc5)cn4)c3C)c(C(F)(F)F)n2)cc1,32.21
N#Cc1ccccc1,18.23
Nc1ccc2c(c1)C(=O)c1ccc(NC(=O)CCc3ccc(OCc4ccccc4)cc3)cc1C2=O,21.14
CN(C)C(=O)c1ccc(-c2nc(-c3ccc(C#N)nc3)nc(-c3cncc(C#N)c3)n2)cc1,17.18
N#Cc1ccc(CN2CCN(Cc3cccc(C=NNc4ccc(C#N)cc4)c3)CC2)cc1,20.42
CCc1cc[nH]c(=Nc2cc(C)nc(-n3cc(C#N)c(C)n3)n2)c1,24.35
CC(C)c1nc(-c2cccc(NS(=O)(=O)c3ccc(F)cc3)c2)c(-c2cc[nH]c(=NCCCO)n2)s1,26.12
N#Cc1ccc(-c2ncc(C#N)cc2-c2nccc(Cl)n2)cc1,17.13
N#CC=Cc1ncc(C(=O)N2CCN(Cc3ccc(C#N)cc3)CC2)cn1,27.15
N#Cc1ccc(-c2ccc(-c3nc(-c4ccc(C#N)cc4)nc(-c4cncc(C#N)c4)n3)cc2)cc1,8.23
N#Cc1ccc(-c2c(C(=O)c3ccccc3)[nH]c(N)c2C(=O)c2ccncc2)cc1,21.78
O=S(=O)(Cc1cnccn1)c1ccccc1,23.37
N=C(N)c1ccc(-c2ccnc(-c3ccc4cc(C(=N)N)ccc4c3)c2)cc1,20.72
N#Cc1cccc(-c2ccc(C(C#N)c3[nH]c(=N)[nH]c(=N)c3-c3ccccc3)cc2)c1,20.51
N#Cc1ccc(Cn2cc(CNc3ccc(C#N)cc3)nn2)cc1,18.11
Cc1ccc(C#N)cc1C(=O)N1CCC(c2nc(-c3ccc(F)cc3)c(-c3ccc(F)c(Cl)c3)[nH]2)CC1,35.86
N#Cc1ccc(-c2nc(-c3ccc(C#N)cc3)nc(-c3ccccc3C#N)n2)cc1,10.76
N#Cc1ccc(C=C2CCC(=Cc3ccc(C(=O)NCCC(=O)O)cc3)C2=O)cc1,20.37
CC(C)n1c(-c2ccc(NC(=O)COc3ccc(C#N)cc3)cc2Cl)nc2cc(Cl)c(C#N)cc21,31.26
N#Cc1cncc(-c2cc(-c3cn4ncnc4c(-c4cncc(C#N)c4)n3)cc(C#CCn3ccc(-c4ccc(F)cc4)n3)n2)c1,31.65
Cc1ccc2c(Cl)c(C(=O)NNC(=O)c3ccc(Cl)cc3)sc2c1,27.5
FC(F)(F)c1ccc(-c2ccc(-c3ccn(CC4=NCCN4)n3)cc2)cc1,21.22
N#Cc1cccc(COc2cc3ncnc(-c4ccc(-c5cncc(C#N)c5)c(C#N)c4)c3cc2F)c1,27.6
N#Cc1ccc(-c2ccc(NC(=O)CN=c3ccc(F)c[nH]3)c(-c3ccc(-c4ccc(F)c(C#N)c4)nc3)n2)cc1,38.38
N#Cc1nccc(CCCCCCCCO)n1,25.73
N#Cc1ccc(-c2cc(C#N)cnc2-c2ccc(C#N)cc2)cc1,8.73
N#Cc1ccc(C2(C(F)(F)F)c3ccccc3-c3ccc(-c4cc5cc(C(N)=O)ccc5n4CCN4CCCCC4)cc32)cc1,36.29
N#Cc1cncc(-c2ccnc3[nH]c(-c4cc(F)c(-c5ccc(C#N)nc5)cc4F)cc23)c1,29.39
COc1cc(-c2nc(-c3ccccc3)[nH]c(=Nc3ccc([N+](=O)[O-])cc3)n2)cc(OC)c1OC,22.93
Cc1ccc(-n2cc(CNC3CC4CC(C3C)C4(C)C)nn2)cc1,22.66
Cc1cc(-c2ccc3c(c2)CCc2ccc(F)c(F)c2-3)ccc1C(=O)O,34.17
CC(C)c1nc(C(=O)N=c2[nH]nc(CCCCc3ccc(=NC(=O)Cc4ccc(Cl)cc4)[nH]n3)s2)cs1,36.3
COc1cc2nc[nH]c(=Nc3ccc(C)cn3)c2cc1C#CCNC(=N)N,31.71
N#Cc1ccc(NN=Cc2ccccc2Cl)cc1,16.36
Cc1nc(C#N)c(C#N)nc1-c1cc(Nc2ccc3c(c2)C(=O)c2ccc(N)cc2C3=O)nc2ncnn12,24.52
COc1cc(-c2nc(C=Cc3ccc(N(C)CC4CCN(C)CC4)cc3)nc(C=Nc3ccc4c(c3)C(=O)c3ccc(N)cc3C4=O)n2)cc(OC)c1OC,30.4
N#Cc1ccc(-c2cc(-c3ccc(Cl)cc3)nc(-c3ccc(C#N)cc3)n2)cc1,13.97
CCc1nc(C(C#N)=c2ccc(=C(C#N)C#N)cc2)nc(C(C#N)=c2ccc(=C(C#N)C#N)cc2)n1,13.55
CCC(=O)Nc1cc2c(-c3cccc(-n4nc(-c5ccc(F)c(F)c5)ccc4=O)c3)nccc2cc1NC1CC1,31.95
N#Cc1cccc(-c2c[nH]cnc2=NCc2ccc(-c3cccc(F)c3)c(F)c2)c1,28.17
N=C1N(C2CCCCC2)CC(CCc2ccccc2)(c2ccccc2)N1C(=O)c1cc(-c2ccc(F)cc2F)nc2ccccc12,43.78
N#Cc1ccc(C(=O)C=Cc2ccc(Nc3ccc4c(c3)C(=O)c3ccc(N)cc3CC4)cc2)cc1,19.82
COc1cc(C=CC(=O)NCCc2ccc(O)cc2)ccc1O,18.05
Cc1cc(C)n(-c2nc(-c3ccc(C#N)cc3)nc(-c3ccc(-c4ccc(C#N)cc4)cc3)n2)n1,14.9
Clc1nc(Cl)nc(-c2ccc(-c3cc(-c4ccc(-c5nc(Cl)nc(Cl)n5)cc4)nc(-c4ccc(-n5ccnc5)cc4)c3)cc2)n1,13.43
N#Cc1ccc(-c2ccc(-c3cc(-c4ccc5occ(C=Nc6ccc(N=Cc7ccccc7O)cc6)c5c4)ccc3C#N)cc2)cc1,32.14
N#Cc1ccc(-c2nc(Cc3ccc(-c4ccccc4C#N)cc3)nc(-c3ccccn3)n2)cc1,22.29
N#CC=Cc1ccc(-c2ccc(-c3nc(-c4ccc(C#N)cc4)nc(-c4ccc(-c5ccc(C#N)cc5)cc4)n3)cc2F)cn1,19.68
Nc1ccc(S(=O)(=O)n2cc(C(=O)NCc3cc(Cl)ccc3-n3cncn3)c3ccccc32)cc1,28.46
N=C(N)c1ccc(-c2ccc(-c3ccc(CCC(=O)c4c(O)cc(O)cc4O)cc3)cn2)cc1,27.08
CCOC(=O)c1ccsc1NC(=O)c1ccc(-c2ccc(C#N)cc2)cc1,24.51
N#Cc1cc(C#N)cc(-c2ccc(N=c3cc[nH]c4cc(Cl)ccc34)cc2)c1,26.25
N#Cc1ccc(Cl)cc1OC(=O)N1CCC2(C=Cc3ccccc32)CC1,28.59
CCn1c(C#N)ccc1-c1ccc(-c2nc(-c3ccc(-c4ccc(C#N)cc4)cc3)nc(-c3ccc(-c4ccc(C#N)cc4)cc3)n2)cc1,19.88
CC(C)(C)c1ccc(CNC(=O)c2cc(-c3ccc(C#N)cc3)nc(-c3ccc(C#N)cc3)n2)cc1,16.18
Cc1ccccc1-c1nnc(-c2cnc(Cc3cccc(C(F)(F)F)c3)o2)s1,27.45
N#Cc1ccc2cc(C(=O)Nc3ccc(-c4nc5ccccc5[nH]4)cc3)c(=O)oc2c1,33.25
C#Cc1cccc(N=c2cc(-c3ccc(C(F)(F)F)cc3)[nH]c3ncc(-c4nc(C#N)c(C#N)[nH]4)cc23)c1,33.66
Nc1cc(O)c(N=Cc2c(O)ccc3ccccc23)cc1O,13.87
N#Cc1ccc(-c2nnc3sc(-c4ccccc4)nn23)cc1,18.22
N#Cc1ccc(-c2ncnc(-c3cc(C#N)cnc3-c3ccc(C#N)cc3)n2)cc1,10.31
N#Cc1ccc(N=CN2CCN(C=O)CC2)cc1[N+](=O)[O-],17.56
Cc1cc(=Nc2nc(Cn3ccnc3)nc(-c3cncc(C#N)c3)c2C#N)[nH]n1C,29.72
NC(=O)c1ccc(-c2ccc(-c3cc(-c4ccc(-c5nc(Cl)nc(Cl)n5)cc4)cc(-c4ccc(-c5nc(Cl)nc(Cl)n5)cc4)n3)cc2)nc1,7.56
Cc1ccc(-c2nc(=Nc3ccc(-c4ccc(C#N)cn4)cc3)cc(C)[nH]2)c(C)n1,19.99
N#Cc1cccc(Nc2nc(Nc3ccc4c(c3)C(=O)c3ccc(N)cc3C4=O)nc(Nc3ccc4c(c3)C(=O)c3ccc(N)cc3C4=O)n2)c1,8.74
COC(=O)c1cccc(Nc2c3c([n+](C)c4ccccc24)-c2ccc(OC)c(OC)c2OC3)c1,35.21
Nc1ccc(C=Cc2cc[n+](Cc3ccc(C#Cc4ccc(-[n+]5ccc(-c6cccc(-c7ccoc7)c6)c6ccccc65)cc4)cc3)c3ccccc23)cc1,45.56
Cc1cccc(=NC(=O)c2ccc3c(c2)OCO3)[nH]1,16.13
N#Cc1cncc(-c2nc(-c3ccccn3)nc(C3CC3)n2)c1,11.22
CCCC(C)COc1ccc(C(CC(=O)Nc2ccc(C)c(C)c2)NC(=O)c2ccc(C(F)(F)F)nc2)cc1,36.54
O=C1c2cccc(Br)c2C(=O)N1Cn1nnc2ccccc21,26.01
N#Cc1cccc(Nc2cncc(Nc3ccc4c(c3)C(=O)c3ccc(N)cc3C4=O)n2)c1,12.79
Cc1c(-c2ccc(Cl)cc2)c(=O)oc2ccc(-c3ccc(C#N)cc3)cc12,24.71
COc1ccc2[nH]c(C)cc(=Nc3ccc(Oc4ccc(C=Nc5ccc(O)cc5)cc4)cc3)c2c1,25.57
COc1ccc(C(=O)NC(Cc2ccccc2)C(=O)Nc2c(C)cccc2C)cc1,25.71
N#Cc1ccc(-c2cnc3nnc(-c4cccc(C#N)n4)n3n2)cc1,20.91
N#Cc1cccc(-c2ccc(NC(=S)NCCOc3nc(C#N)cc(N=c4cc(C5CC5)[nH][nH]4)n3)cc2)c1,33.96
CN(C)C(=NC#N)c1nnc2ncccn12,23.7
CC(C)(C)c1cccc2ccc(C=Cc3ccc(O)c(C(N)=O)c3)nc12,28.27
N#Cc1cnc(-c2ccc(C(=O)N=c3cc(C(F)(F)F)cc[nH]3)cc2)cn1,18.04
N#Cc1ccc(-c2nc(-c3ccc(C(F)(F)F)nc3)nc(-c3cncc(C#N)c3)n2)cc1,14.91
N#Cc1cccc(-c2ccc3c(c2)N=CC2CCCN2C3=O)c1,23.64
COc1ccc(-c2cc3cccnc3c(OCC(=O)Nc3ccccc3)n2)cc1OC,34.6
CN(C)c1ccc(C=CC=C2CC(O)(C#Cc3ccc(-c4cc(-c5ccc(C#N)cc5)cc(-c5ccc(F)cc5)n4)cc3)CC(=Cc3cccc4ccccc34)C2=O)cc1,34.15
C=CC(=O)N1CC(Cn2c(=NCC)[nH]c3ccc(-c4cncc(C)n4)nc32)C1,39.25
N#Cc1ccc(Nc2oc(-c3cccc(-c4cccc(C#N)c4)c3)nc2C#N)cc1,16.83
N#Cc1cncc(-c2nc(-c3cncc(C#N)c3)nc(-c3cnn(C4CCNCC4)c3)n2)c1,18.23
N#Cc1ccc2c(c1)C(=O)c1c-2n(CCN2CCCCC2)c(=O)c2ccccc12,20.71
CCc1nc(CCOC)cc2nc(C#N)nc(-c3ccc(-c4cnn(C)c4)cc3)c12,27.39
N#Cc1cncc(-c2cncc3cccc(C#N)c23)c1,20.26
N#Cc1ccc(-c2ccc(-c3nc(-c4ccccc4)n(-c4ccccc4Cl)n3)cc2)cc1,23.41
N#Cc1cccc2c(-c3ccc(NC(=O)N4Cc5ccccc5C4)cc3)cc(C(F)(F)F)nc12,21.21
N#Cc1ccc(-c2nc(-c3cncc(C#N)c3)nc(-c3ccc(F)c([N+](F)F)c3)n2)cc1,19.79
N#Cc1ccc(-c2nc(-c3cncc(C#N)c3)nc(-c3ccncn3)n2)cc1,12.28
N#Cc1ccc(-c2cc(-c3ccc(C#N)cc3)nc(-c3cccc(C#N)n3)n2)cc1,12.4
N#Cc1ccc(-c2ccc(-c3nc(-c4ccc(C#N)cc4)nc(-c4ccc(-c5ccc(C#N)cn5)nc4)n3)cc2)cc1,7.5
Cn1nc2sccc2c1-c1nc(-c2ccc(C#N)cc2)nc(-c2ccc(C#N)cc2)n1,20.17
Cc1nc(=Nc2cccc(C(F)(F)F)c2)nc(-c2ccc(-c3ccc(C#N)cc3)nc2)[nH]1,20.04
CCC1OCC(=O)C1NC(=O)C(CC#Cc1ccccc1)NC(=O)C1CCC(C(F)(F)F)CC1,36.01
COc1cc(C=Cn2cnc(=N)[nH]c2=O)cc(OC)c1OC,18.43
N#Cc1ccc(-c2ccc(-c3cc(C(=O)NC4CN5CCC4CC5)nc(-c4ccc(-c5cccc(F)n5)cc4)n3)cc2)nc1,24.9
N#Cc1ccc(-c2ccc(-c3nc(=NC(=O)C(F)(F)F)cc(Cc4ccc(-c5ccccc5C(=O)O)cc4)[nH]3)cc2)cc1,30.98
COc1ccc2c(c1)c(C=C1Cc3cc(OC)c(OC)cc3C1=O)cn2C,18.1
O=C(N=c1ccc(Cl)c[nH]1)C1=Cc2cc(F)c(F)cc2OC1,24.61
N#Cc1ccc(-c2ccc(-c3nc(C(=O)NCCCCCN=c4cc[nH]c5cc(Cl)ccc45)nc(-c4ccc(-c5ccc(C#N)cc5)cc4)n3)cc2)cc1,21.52
O=C(c1ccc2c(c1)Nc1nc(Cl)nnc1S2)c1ccccn1,36.19
N#Cc1ccc(C(=O)Nc2ccc(-c3nc(-c4c(F)c(F)c(C#N)c(F)c4F)nc(C(F)(F)F)n3)c(F)c2)cc1,28.17
CCN1CCN(C=NC(=NO)c2cccnc2Oc2ccc3c(N4CCN(CC)C4=N)cc(C)nc3c2)CC1,59.47
Cc1cccc(-c2ccc(-c3nc(-c4ccc(C=Nc5ccc(O)c(C(=O)O)c5)cc4)cc(-c4ccc(C)c(N=c5cc[nH]c6cc(Cl)ccc56)c4)n3)cc2)n1,38.94
Cc1ccc(-c2nc(=Nc3ccc4c(c3)OCO4)[nH]nc2-c2ccc(-c3ccc(C#N)cc3)cc2)cc1,18.0
CCC(C)Cn1ccc2c(-c3cccc(C#N)c3)nc(C#N)nc21,24.45
CC(C)c1ccc(-c2ccc(C#N)nc2)cc1-c1cc(-c2ccc(C#N)cc2)nc(-c2cc(C#N)cc(C(N)=O)c2)n1,30.35
O=c1nc(SCc2ccc(F)cc2)n(Cc2ccc(-c3ccc(C(F)(F)F)cc3)cc2)cc1Cc1cncnc1,20.05
CC(O)(C#Cc1cc2c(cc1F)OCCn1cc(C(N)=O)nc1-2)CO,19.97
N#Cc1ccc(C=Cc2nc(-c3ccc(-c4ccc(C#N)cc4)cc3)cc(-c3cccc(NC(=O)C=Cc4ccc(-c5cccc(-c6ccc7ccccc7c6)n5)cc4)c3)n2)cc1,31.15
N#Cc1ccc(-c2ccc(-c3nc(-c4cccc(C#N)n4)nc(-c4c[nH]c5cc(C#N)ccc45)n3)cc2)cc1,16.3
Cc1nc(-n2c(-c3ccc(OCc4nc5ccc(-c6nc(-c7ccc(C#N)cc7)no6)cc5n4C)cc3)nc3cc(F)c(F)cc32)sc1C,43.73
N#Cc1ccc(-c2nccc(-c3ccc(C=Cc4ccc(-c5cccc(-c6ccnc(-c7ccc(C(F)(F)F)cc7)n6)n5)cc4)cc3)n2)cc1,28.66
Cc1cc(C)nc(OCc2ccccc2)n1,18.5
N#Cc1ccc(-c2ccc(-c3nc(-c4cccc(C#N)n4)nc(C4CCOCC4)n3)cc2)cc1,20.24
N#Cc1cncc(-c2cn(Cc3ccc(Cl)c(Cl)c3)cn2)c1,19.67
COc1ccc(O)c(C=NN=Cc2ccc(-c3nc(C=Cc4ccccc4)nc(-c4c5ccccc5c(C#N)c5ccccc45)n3)cc2)c1,33.05
N#Cc1ccc(-c2ccc(C(=O)N3Cc4cc(Nc5ccc(F)cc5)c(C#N)nc4C3)cc2)nc1,23.02
CC(C)n1cnc2c(=N)[nH]c(=NN=Cc3ccc([N+](=O)[O-])cc3)[nH]c21,24.98
N#Cc1ccc(-c2ncc(-c3nccc(-c4cncc(C#N)c4)n3)c(CC3CCCC3)n2)cc1,21.54
O=C(Cn1ncc(Cl)c(Cl)c1=O)NNC(=O)c1ccccc1,22.17
N#Cc1ccc(-c2ccc(-c3nccc(-c4cccc(Cl)c4Cl)n3)cc2)cc1,15.29
CC(C(=O)N=c1ccc(-c2ccccc2)c[nH]1)N1Cc2ccc(C#N)cc2C1,28.15
N#Cc1ccc(-c2ccc(-c3nc4ccccc4s3)cc2)cc1,13.68
CN1CCC(NC(=O)c2cc(-c3ccc(-c4ccc(C#N)cn4)cc3)nc(-c3ccc(-c4ccc(C#N)cc4)cc3)n2)CC1,9.52
CC(N)C(=O)NC1CCN(c2ccnc(-c3nc(-c4ccc(C#N)cc4)cc4c(=O)n(C)cnc34)n2)CC1,32.08
N#Cc1cccc(NC(=O)c2cnc(SCc3ccncc3)c(Cl)c2)c1,27.25
CC1(C)CC(=O)N(C=CC#N)c2nc(-c3ccccc3)ccc21,30.06
N#Cc1ccc(-c2ccc(Cc3nc(Cc4cccnc4)c4ccc(Cl)cc4n3)cc2)cc1,24.84
N=C(N)NCc1cc(-c2ccc(C(=N)N)cc2)ccc1-c1cc(-c2ccccc2)nc(-c2cccc(C(=N)NC3CCC3)c2)c1,43.55
Cc1cc(-c2nc(-c3ccc(C#N)cc3)nc(-c3cncc(C#N)c3)n2)ccc1C(N)=O,14.35
CC(C)c1nc(-c2nc(-c3cccc(C(F)(F)F)c3)n(C)n2)cc(C(F)(F)F)n1,23.87
CCOC(=O)c1cnn(-c2nc(-c3ccccc3)cc(C(F)(F)F)n2)c1C(F)(F)F,23.93
Cc1nc(C#N)cn1-c1cccc(-c2ccnc3c(C#N)c(C#N)ccc23)n1,27.13
CNC(=O)c1ccc(N=c2nc(-c3ccc(-c4ccc(C#N)cn4)cc3)nc(C#N)[nH]2)cc1,19.26
N#Cc1ccc(S(=O)(=O)NC(=O)Nc2cccc(C#N)c2)cc1,23.48
N#Cc1cc(C#N)cc(-c2ncnc3[nH]ccc23)c1,16.73
CN1c2cc(Nc3cc(Nc4ccc5c(c4)C(=O)c4ccc(N)cc4C5=O)nc(Nc4ccc5c(c4)C(=O)c4ccc(N)cc4C5=O)n3)ccc2C(=O)C2CCCCC21,11.64
N#Cc1ccc(-c2ccc(-c3nc(C(=O)Nc4ccc(F)c(C#N)c4)cc(-c4ccc(-c5ccc(C#N)cn5)cc4)n3)cc2)cc1,16.05
N#Cc1ccc(-c2ccc(-c3noc(-c4cc(-c5ccc(C#N)cc5)nc(-c5cccc(C#N)c5)n4)n3)cc2)cc1,19.57
Cc1cc(C)n(C(=O)NN=Cc2ccccc2O)n1,22.59
CCCNC(=O)c1ccc(-c2ccc(-c3cc(-c4ccc(-c5nc(Cl)nc(Cl)n5)cc4)cc(-c4ccc(-c5nc(Cl)nc(Cl)n5)cc4)n3)cc2)nc1,11.04
N#Cc1c2ccc(O)cc2c(-c2nc(-c3nc4ccc(N5CCCCC5)cc4[nH]3)c(N)c(-c3nc(-c4ccc(Cl)cc4)cs3)n2)c2cc(C(F)(F)F)ccc12,44.52
CSc1cc(C=CC#N)nc(C=CC#N)n1,13.56
N#Cc1ccc2[nH]c(-c3ccc(-c4cc(C(=O)O)nc(-c5ccc(C#N)nc5)n4)cc3)nc2c1,27.17
CC(C)Oc1ccc(-c2nc(-c3ccc(-c4ncc(C#N)cn4)cc3)nc(C3CC3)n2)cc1C#N,14.31
O=Cc1cn(-c2ccccc2)nc1-c1ccncc1,15.66
N#Cc1ccc(-c2nccc3cc(-c4cnc(C#N)nc4)ncc23)cn1,24.5
N#Cc1ccc(-c2nc(-c3ccc(C#N)cc3)nc(-c3ccc(C#N)c(-c4ccc(C#N)cc4)n3)n2)cc1,13.38
N#Cc1ccc(-c2ccc(-c3nc(-c4ccc(-c5ccc(C#N)cc5)cc4)n(-c4ccccc4)n3)cc2)cc1,10.25
N#Cc1cncc(-c2nc3ccc(Cl)cc3o2)c1,17.24
N#Cc1c[nH]c2cccc(N3C(=O)c4ccccc4C3=O)c12,24.34
N#Cc1ccc(-c2cn(-c3ccc(C#N)c(C#N)c3)nn2)cc1,15.48
CS(=O)(=O)c1ccc(O)c(C=NCCN=Cc2ccccc2)c1,22.8
Cc1nc(-c2ccc(-c3nc(-c4ccc(-c5ccc(C#N)cc5)cc4)nc(-c4ccc(-c5ccc(C#N)cc5)cc4)n3)cc2)cn1-c1ccc(-c2ccc(C(N)=O)cc2)cc1,22.91
N#Cc1cnc2c(c1)C1(CCSC(=N)N1)c1cc(-c3cccnc3)ccc1O2,22.4
N#Cc1ccc(-c2ccc(-c3nc(-c4ccc(-c5ccc(C#N)cn5)c(F)c4)cc(C(F)(F)F)n3)cn2)nc1,8.07
N#Cc1ccc(-c2nc(CF)nc(-c3ccc(C#N)cc3)n2)cc1,8.22
NC1(c2nc(-c3ccccn3)no2)CC1,22.06
COc1ccc(-c2nc3ncn(C4CC(C#N)(C#N)C4(C)C)c3c(=NC3CC3)[nH]2)cc1,35.29
Cc1cccc(-c2nc(-c3ccc(C#N)cc3)nc(-c3cncc(C#N)c3)n2)n1,9.68
Cn1cnc2ccc(-c3nc(-c4ccc(-c5ccc(C#N)cc5)cc4)nc(-c4ccc(C#N)cn4)n3)cc21,21.67
Cn1c(-c2nc(C#N)ccc2-c2ccc(Cl)cc2)nc2c(OC3CCNCC3)cccc21,25.5
C=Cn1cnn(-c2ccc(-c3nnc(C=Cc4ccccc4)o3)cc2)c1=O,33.78
N#Cc1ccc(C(=O)N=c2cc(C#N)nc(-c3ccc(-c4ccc(-c5ccc(C#N)cc5)cc4)cc3)[nH]2)cc1,22.44
CCN1CCN(C=Nc2ccc(C#N)c(Cl)c2)CC1,18.67
N#Cc1ccc(-c2nc(COc3ccc(-c4nc5cc(C(=O)O)ccc5n4C4CCS(=O)(=O)CC4)cc3)nc(-c3ccc(C#N)cc3)n2)cc1,16.51
N#CC(c1ccc(Cl)cc1)(c1ccc(Cl)c(Cl)c1)c1ccc(Cl)cn1,29.25
Cc1cc2c(cc1S(=O)(=O)Nc1ccccc1F)C(=O)C1=NC3=CCCC(=O)C3C(c3ccc(F)c(F)c3F)C1C(=O)CC2,38.12
Cc1nn(CC(=O)NCCc2ccc(F)cc2)c(=O)c2cc3sccc3n12,24.85
N#Cc1ccc(-c2nccc(-c3ccc(C#N)cn3)n2)cc1,11.33
N#Cc1cncc(-c2cc(C#N)cc(C#Cc3ncnc(F)c3F)c2)c1,17.15
N#CC=Cc1cccc(-c2cncc(C#N)c2)c1,14.55
N#Cc1cccc(CN2CCC(=O)N(C(=O)c3cc(N)c(O)cc3N=Cc3ccc(-c4nc(C#N)cc(-c5ccc(C=Nc6ccccn6)cc5)n4)cc3)c3ccccc32)c1,36.7
Cc1c(-c2ccc(-c3ccc(C#N)cn3)cc2)nc(-c2ccc(-c3ccc(C#N)cc3)cc2)nc1C(C)F,13.02
Nc1ccc2c(c1)C(=O)c1ccc(Nc3ccnc(Nc4ccc5c(c4)C(=O)c4ccc(N)cc4C5=O)n3)cc1C2=O,7.35
O=C(CCl)N1c2ccccc2Oc2ccccc21,17.0
Cc1nnc(C=Cc2ccc3ccc(C#N)cc3n2)n1N,22.47
COc1cc2c(cc1C=O)CCCC21C(C)=NN=C1c1ccccc1,36.27
Cc1ccc(-c2cc(Br)cc(C#N)c2)n1-c1ccc(-c2ccc(C#N)cc2)cc1,22.67
N#Cc1ccc(-c2ccccc2-c2c[nH]c(=Nc3c(F)cccc3F)o2)cn1,22.46
N#Cc1cc(-c2cncc(Oc3cccc(F)c3)n2)n[nH]c1=O,28.37
CSc1ncc(-c2cccc(-c3ccc(C(=O)Nc4ccc(C#N)c(C#N)c4)cc3)c2)nc1C=NO,26.36
CCOC(=O)c1cc2nc(-c3ccc(-c4ccc(C#N)cn4)cc3)c(Cl)cc2[nH]1,22.03
N#Cc1ccc(-c2ccc(-c3ccc(C#N)cn3)cc2)cc1,7.86
N#Cc1ccc(C2(Cc3cccc(OC(F)(F)F)c3)NC(=N)c3ccccc32)cc1,18.93
COc1cc(C=CC(=O)c2ccc(OCCn3nnc4ccccc4c3=O)cc2)ccc1O,28.01
N#Cc1ccc(-c2cc(=NC(=O)c3ccc(F)cc3)n(-c3ccc(F)cc3)[nH]2)cc1,22.28
N#Cc1ccc(N2CCN(CCNC(=O)c3cccc(C#N)c3)CC2)cc1,18.06
N=C(N)c1ccc(O)c(N=Cc2ccc(-c3nc(-c4ccc(C=Nc5cc(O)c(N)cc5O)cc4)nc(-c4ccc(C=Nc5cc(O)c(N)cc5C(=O)O)cc4)n3)cc2)c1,16.64
Cc1ccc(-c2cc(-c3ccc(-c4ccc(C#N)cc4)cc3)nc(C)c2-c2nc(-c3ccc(C#N)cc3)nc(-c3ccc(-[n+]4ccc(-c5ccncc5)cc4)cc3)n2)cc1,23.68
N#CCCCc1c[nH]c(-c2ccc(-c3ccc(C#N)cc3)cc2)n1,18.85
N#Cc1ccc(-c2nc(-c3ccc(C=NN=C(N)N)cc3)nc(-c3ccc(C=Nc4ccc(N)c(O)c4)cc3)n2)cc1,17.92
O=C(O)c1ccc(-c2ccc(-c3cc(-c4ccc(-c5nc(Cl)nc(Cl)n5)cc4)cc(-c4ccc(-c5nc(Cl)nc(Cl)n5)cc4)n3)cc2)nc1,8.12
COc1cc(C=C2C(=O)Nc3ccc(Br)cc32)ccc1-n1cnc(C)c1,20.51
Cc1ccc(-c2nc(-c3ccc(C#N)cc3)nc(-c3cncc(C#N)c3)n2)cn1,9.35
C=CC(=O)N1CCC(c2nc(C(=O)Nc3ccc4[nH]ccc4c3)cc(-c3cncc(C#N)c3)n2)CC1,29.39
C=Cc1csc(N2N=C(c3ccc(F)cc3)CC2c2nc(-c3ccc(-c4ccccc4)cc3)nc(-c3cc[n+](-c4nc(N(CC)CC)nc(-[n+]5ccc(-c6ccncc6)cc5)n4)cc3)n2)n1,44.47
CC(=O)NC(C(=O)N=c1nc(-c2ccc(C#N)cc2)cc(-c2ccc(C)cc2)[nH]1)C(C)(C)C,31.08
Cc1cc(=Nc2nc(-c3ccccn3)cc(C#N)c(=NCc3cccc(CN4CCCC4)c3Cl)n2)[nH][nH]1,38.91
CNC(=O)c1cc(N)c(O)cc1N=Cc1ccc(-c2nc(-c3ccc(C=Nc4cc(O)c(N)cc4O)cc3)nc(-c3ccc(C(=N)N)cc3)n2)cc1,15.15
N#Cc1ccc(-c2cc(-c3ccc(C#N)cc3)c(C#N)c(SCc3csc(-c4ccc(C#N)cc4)n3)n2)cc1,15.68
Cc1ccc(S(=O)(=O)N2CCc3c(cccc3N3CCNCC3)C2)cc1,29.86
Cc1cc(-c2ccc(C(=O)Nc3ccc4c(c3)OC(F)(F)O4)cc2)nc(C2CCC3CC(C)OC(=N)N3C2)n1,35.24
C[n+]1c(-c2ccc(C=NNC(=N)N)cc2)cn2ccccc21,17.81
CCCCc1nc(-c2nc(-c3ccc(C#N)cc3)nn2C(=NN)c2ccc(C#N)cc2)c(N)n1-c1ccccc1,35.13
CC1CN(c2nc(Cl)ncc2Cl)CC1(O)CN,25.34
N#Cc1ccc(-c2ccc(CNc3ccccc3)cc2)cc1,16.22
CC1(c2cccc(NC(=O)c3ccc(C#N)cn3)c2)CCSC(=N)N1,15.99
Cc1ccc(COc2ccccc2-c2cc(Cl)cc(C=C3SC(=N)NC3=O)c2)c(C)c1,37.59
CCC(=O)N(Cc1ccc(C#N)cc1)c1ccc(C#N)cc1,22.45
CN(CC=Cc1ccc(C#N)cc1)Cc1cccc2ccccc12,19.67
N#CCn1c(-c2ccc(C#N)cc2)nc(-c2ccc(F)cc2)c1-c1ccc(-c2ccc(C(=O)O)cn2)cc1,15.76
Cc1c(CN2CCN(c3nc(-c4ccc(F)c(F)c4)nc(-n4cnc5ccccc54)n3)CC2)cnn1C(C)(C)C#N,35.33
COc1cc(C2c3cc4c(cc3C(OC(=O)c3nc(CN5CCN(C)CC5)n(-c5ccccc5)n3)c3cc5c(c(OC)c32)OCO5)OCO4)cc(OC)c1O,35.22
NCCCn1c(=O)ccc2c(F)c(F)ccc21,29.05
N#Cc1ccc(-c2ccc(-c3nc(-c4ccc(-c5ccc(C#N)cc5)cc4)nc(-c4ccc(-c5ccsc5)cn4)n3)cc2)cc1,18.02
Cc1c(C#N)nc(CNC2CCN(C)CC2)n1-c1ccc(C#N)cc1,24.29
N#Cc1cn(Cc2cccc(C(=O)Nc3cc(C(F)(F)F)cc(C(F)(F)F)c3)c2Cl)nc1-c1ccc(C(F)(F)F)cc1,33.13
N#CCc1ccc(-c2cc(-c3ccc(-c4cccc(C#N)c4)cc3F)nc(OCC3CNC(=O)C3)n2)cc1,29.23
N#Cc1cncc(-c2nc(-c3ccc(Cl)nc3)nc(C3CC3)n2)c1,12.94
N#Cc1c(N)[nH]c(=O)c2c1C(=O)C(c1ccccc1)=CC2=O,28.61
N#Cc1cncc(-c2nc(-c3cccc(C#N)n3)nc(C3CCOCC3)n2)c1,10.43
N#Cc1cccc(-c2cccn3nc(-c4ccc(N)cc4)nc23)c1,25.93
N#Cc1cc([N+](=O)[O-])c2nc[nH]c(=Nc3ccccc3)c2c1,23.79
N#CCCN(Cc1ncnc(Cc2cccc(Cl)c2)n1)C1CCCC1,30.21
CCn1cc(C(=O)O)c(=O)c2cc(F)c(N3CCN(CC(=O)Nc4ccccc4)CC3)cc21,19.88
N#Cc1ccc(-c2ncc(C#N)cc2-c2ccnc(C#N)n2)cc1,11.61
C#CCCC(C#N)c1ccc(-c2ccc(-c3nc(-c4ccc(Cl)c(Cl)c4)cs3)cc2C(=O)O)cc1,30.07
Cc1cc(C2=C(c3ccc(C=Nc4nc(-c5ccc(-c6cc(-c7ccccc7)nc(-c7ccc(C#N)cc7)n6)cc5)cs4)cc3)c3ccccc3C2=O)on1,40.17
N#Cc1ccc(Cc2nccc(Nc3ccc4c(c3)C(=O)c3ccc(N)cc3C4=O)n2)cc1,11.98
N#Cc1ccc(-c2ccc(-c3cc(C#N)nc(C(N)=O)c3)s2)cc1,21.79
Cc1cc(N=c2cnccc(C#N)c2)nc(N2CCC(Oc3ccc(C#N)nc3)C(F)C2)n1,36.57
CCCCOc1ccc(C#N)cc1,15.01
N#Cc1ccc(-c2nc(-c3cccc(C#N)n3)nc(-c3cccc(C#N)n3)n2)nc1,11.13
N#Cc1ccc(CN2CCCC(NC(=O)c3ccc4ccccc4c3)C2)cc1,24.13
CC(C)CC(N=c1ccc(NC(=O)OC(C)(C)C)c(N)[nH]1)c1nc(C2CC2)nn1C1CCCC1,43.31
N#Cc1ccc(CN2CCC(NC(=O)N3CC(=O)N(c4ccc(-c5ccccc5)cc4)C(c4nnc5ccc(-c6ccc(-c7ncc[nH]7)cc6)cn45)C3)CC2)cc1,38.48
NC(=O)c1nc(-c2ccccc2)cc(Br)c1Nc1cc(NC(=O)C2CCC2)c(F)cc1F,34.91
N#CCc1ccc(-c2c3ccccc3nc3c2c(=O)ccn3Cc2c(F)c(F)c(F)c(F)c2F)cc1,35.87
Cc1cc(=O)ccn1C1=CC(C)(C)C(=O)c2ccc(C#N)cc21,16.0
N#CC(C#N)=NNc1ccccc1,13.51
Cc1ccc(C(=O)Nc2ccc3c(c2)C(=O)CCC3)cc1-n1nnc(-c2ccc(C#N)cc2)n1,24.67
N#Cc1ccc(Oc2ccnc(-c3nc(C(F)(F)F)c[nH]3)n2)cc1,17.22
N#Cc1ccc(-c2ccc(-c3nc(-c4ccc(-c5ccc(C#N)cc5)cc4)n(-c4ccc(Cl)cc4)n3)cc2)cc1,9.38
N#CC1C(=NC(=O)c2ccc(Cl)cc2)Oc2c(c3ncccc3c3ccc(O)cc23)C1c1ccccc1Cl,46.58
N#Cc1ccc(-c2ccc(-c3cc(C(F)(F)F)nc(-c4ccc(-c5ccc(C#N)cc5)cc4)n3)cc2)cc1,9.06
N#Cc1ccc(-n2nnc3cc(F)c(F)cc32)cc1,23.55
NC(CCCc1ccccc1)C(O)=NO,20.34
N#Cc1ccc(C#N)c(C#N)c1,8.68
C=c1[nH]n(-c2cccc(C(=O)O)c2)c(=O)c1=Cc1cccc(C(F)(F)F)c1,18.78
COc1ccc2oc3ccc(C#N)cc3c(=O)c2c1,22.8
CCc1nc(C#Cc2ccc(C(F)(F)C(F)(F)F)cc2)ccc1-c1nc(-c2ccc(C#N)cc2)nc(-c2ccc(C#N)cc2)n1,16.83
CN(C)c1ccc(C=C(SCc2ccccc2)C(=O)c2ccc(C(=O)O)cc2)cc1,19.41
COCc1nc2ccccc2n1-c1ccc(-c2cccc(C#N)n2)cc1,20.48
N#CC=Cc1ccco1,13.61
N#Cc1ccc(C(=O)CON=C(N)c2ccc(Br)cc2)cc1,26.37
N#Cc1ccc(OCc2cc(-c3ccc(C#N)cc3)nc(-c3ccccc3)n2)cc1,16.93
CS(=O)(=O)c1ccc(-c2c(-c3ccc(C#N)cc3)nc(-c3ccc(C#N)cc3)nc2C2CCCCC2)cc1,20.47
O=C1C(=CN=c2cccc(-c3cccnc3)[nH]2)C(Cl)C(=O)c2ccccc21,24.71
N#Cc1ccc(COc2ccc3c(=O)cc(-c4ccc(C#N)cc4)oc3c2)cc1,17.52
O=C(C=C1C=C(c2ccncc2)Oc2ccc(F)cc21)c1ccccn1,33.03
Cc1ccc2c(c1)OC(c1ccccc1)C2,21.04
Cc1nc(N(C)c2ccc(C#N)cc2)c2cc(-c3cnc(C#N)nc3)ccc2n1,22.64
N#Cc1cc(C#N)cc(Oc2cccc(F)c2C#N)c1,18.56
N#Cc1ccc(Sc2ccc(-c3nc4cc(C(F)(F)F)ccc4[nH]3)cn2)cc1C(F)(F)F,29.23
O=C(c1cc(=NCc2ccccc2)nc(-c2ccc3ccccc3c2)[nH]1)N1CCCC1,31.21
Cc1ccc(-c2nc(-c3ccc(C=Nc4cc(O)c(N)cc4O)cc3)cc(-c3ccc(-c4cc(-c5ccc(C=Cc6ccc(C=CC#N)cc6)cc5)nc(N5CCN(C)CC5)n4)cc3)n2)c(N)c1,26.68
Cc1ccccc1OCCC(=O)Nc1ccc([N+](=O)[O-])cc1,22.7
CCC(Cn1ccnc1)(OCc1cccnc1)c1ccc(F)c(-c2cc(-c3cncc(C#N)c3)nn2-c2ccc(C#N)cc2)c1,49.82
N#Cc1ccc(-c2nc(-c3c(F)c(F)c(C#N)c(F)c3F)nc(-c3c(F)c(F)c(C#N)c(F)c3F)n2)cc1,9.45
N#Cc1cccc(-c2cc(-c3[nH]nc4ccc(N=c5ccc(N=CN6CCN(C=O)CC6)nc(N=CN6CCCC6)n5)cc34)ccn2)c1,37.67
N#Cc1ccc(N=c2nc(-n3ccnc3-c3ccc(NC(=O)c4cc(C(F)(F)F)cc(C(F)(F)F)c4)cc3)cc[nH]2)cc1,27.5
CC(C)(C)Cc1c(O)cccc1CCc1cc(C#N)[nH]c(=Nc2ccc(C#N)cn2)n1,25.33
CN(c1ccc(C#N)cc1)c1nc(C#N)nc(N2CCC(C#N)CC2)n1,20.25
CCSCC(c1ccc(C#N)cc1)N1CCc2cc(C#Cc3ccc(C#N)cc3)cnc2C1C,34.53
N#Cc1ccc(-c2nc(=NCc3ccccc3)cc[nH]2)cc1,13.92
CC=c1ccc(=C(C#N)C#N)cc1,10.25
N#Cc1cccc(C#Cc2cnc(C#N)nc2C#N)c1,21.18
Cn1cc(O)n(C(COc2ccc(OCc3cc(-c4ccc(C#N)cc4)nc(-c4ccc(C#N)cc4)n3)cc2)c2ccc(C#N)cc2F)c1=O,33.27
O=C1c2cc3ccccc3cc2C2CN1CC(F)=N2,27.29
N#Cc1cc(C#N)cc(-c2ccc3ncc(-c4cc(C#N)cc(C#N)c4)n3c2)c1,22.13
COc1cccc(CNc2ccc3nccn3n2)c1,24.14
N#Cc1ccc2c(c1)Cn1cc(-c3ccc4oc(Cc5ccc(F)cc5)nc4c3)nc1-2,28.6
O=C(C=Cc1cn(Cc2ccccc2)c2ccccc12)C1=C(C=Cc2ccc(Br)cc2)N=C2C(C1)C(c1ccc(Br)cc1)=NN2c1ccccc1,39.24
N#Cc1ccc(-c2ccc(NC(=O)c3cc(COC(=O)NCC4CCCO4)cc(-c4ccc(C#N)cc4)c3)cc2)cc1,36.57
N#Cc1ccc(-c2cc(C(N)=O)nc3c(C(=O)NCc4ccccc4)cccc23)cc1,24.37
Cc1cc(CCc2cc(-c3ccc(C#N)nc3)nc(-c3ccc(C#N)cc3)n2)[nH]c(=N)c1,21.34
N#Cc1ccc(N=c2nc3c(c[nH]2)c2ccncc2n3C2CCCC2)nc1,19.85
N#Cc1cccc(Cn2nnc(-c3cccc(-c4cncc(C#N)c4)n3)n2)c1,17.45
N#Cc1ccc(Cn2ncc3c(N)cc(-c4ccc(NC(=O)Nc5ccc6c7c(cccc57)CC6)cc4)nc32)cc1,33.6
CC(=O)Nc1ccc(S(=O)(=O)N=c2nc(C)cc[nH]2)cc1,21.27
Cc1ccc(C(=O)Nc2sc3c(c2C#N)CCCC3)o1,21.7
CCc1nc2ncccc2n1Cc1cnn(Cc2noc(C(C)C)n2)n1,41.34
CN(Cc1ccnc(-c2ccc(C#N)cc2)n1)C(=O)c1ccc(C#N)cc1,20.36
CCCCc1ccc(-c2nc(-c3ccc(-c4ccc(C#N)cc4)cc3)nc(-c3ccc(-c4ccc(C#N)cc4)cc3)n2)c(C#N)c1,17.88
O=c1nc(-c2ccc(CCCn3ccc(-c4ccc(-c5ccccc5)cc4)n3)cc2)[nH]o1,24.48
N#Cc1ccc(-c2nc(-c3cncc(C#N)c3)nc(-c3cnc(CCCO)c(C#N)c3)n2)cc1,12.85
N#CCc1nc(-c2ccc(C#N)cc2)nc(N(Cc2ccc(F)cc2)C(=O)c2cccnc2)n1,29.93
Cc1ccc2nc(-c3ccc(OCCCN4CCCCCC4)cc3)nc(C)c2c1,29.19
Cc1ccc(-c2nc(-c3ccc(C#N)cn3)ccc2-c2cccc(-c3ccc(-c4ccc(C#N)cc4)cc3)n2)cc1,23.23
N#CCC(=O)NC1CCC(c2cc(-c3ccc(OC(F)F)c(C#N)c3)nc(C#N)n2)C1,23.64
N#Cc1ccc(-c2cccc(-c3nc(=NC4CCNC4)c4cccc(C(F)(F)F)c4[nH]3)c2)nc1,22.17
COc1cc(C=Cc2csc3ccccc23)cc(OC)c1,24.08
N#Cc1ccc(-c2ccc(-c3nc(N4CCN(c5ccc(F)cc5)CC4)n(Cc4ccccc4)c(=S)n3)cc2)cc1,24.16
COc1cc(-c2nnn(-c3ccc(OCCN(C)C)c(C#N)c3)n2)ccc1N,25.54
O=C(CC=Nc1ccc(C(F)(F)F)cc1)c1ccc(F)cc1,19.93
O=C(Nc1ccc(S(=O)(=O)N=c2nccc[nH]2)cc1)c1ccccc1,18.83
N#Cc1cncc(-c2nc(-c3cc(F)cc(C#N)c3)nc(-c3cccc(C#N)n3)n2)c1,14.66
N#Cc1cn(C2CC2)c(=O)n(CC(=O)c2ccc(F)cc2)c1=O,22.49
CC1(C)NC(=O)c2ccc(Nc3nc(Nc4ccc5c(c4)C(=O)c4ccc(N)cc4C5=O)nc(Nc4ccc5c(c4)C(=O)c4ccc(N)cc4C5=O)n3)cc2NC1=O,10.93
N#Cc1ccc(C(CN=c2[nH]cc(C#N)c(Cl)c2Cl)(Cc2ccc(Cl)cc2)c2cc(F)c(F)c(C#N)c2F)cc1,27.87
N#Cc1ncc(C#N)c(C#Cc2ccc(-c3cc(F)c(F)cc3F)cc2)n1,20.57
O=C(CCNC(=O)c1ccnc(-c2ccccn2)c1)Nc1ccc(Br)cc1,29.51
Cc1cc(C)nc(-n2nc(-c3ccc(-c4ccc(C#N)cc4)cc3)nc2-c2ccc(-c3ccc(CC#N)cc3)cc2)c1,24.88
CC(C)(O)c1ncc(-c2ccc(-c3ccnc(-c4ccc(C#N)cc4)n3)cc2C#N)cn1,24.5
Brc1ccc(C=NN=c2nc(N3CCCCC3)[nH]c(N3CCCCC3)n2)cc1,16.83
N#Cc1ccc(-c2ccc(-c3nc(-c4ccc(-c5ccc(C#N)nc5)cc4)nc(-c4cc(F)c(F)cc4F)n3)cc2F)nc1,23.22
Cc1noc(-c2ccc3ncc(-c4ncnc(-c5ccc(C#N)cc5)n4)n3c2)n1,22.51
N#Cc1c(Cc2ccc(Cl)cc2Cl)nc(N=Cc2ccc(-c3ccc([N+](=O)[O-])cc3)o2)nc1-c1ccc(Cl)cc1,25.9
N#Cc1ccc(-c2ccc(-c3ccc(N=CN4CCN(C=O)CC4)cc3)cn2)cc1,12.77
O=C1Nc2cc3c(cc2C12OC=Nc1ccc4c2c1OC(c1ccc([N+](=O)[O-])cc1F)N4)OCO3,53.78
N#Cc1cccc(NC(=O)Cn2cnc3ccccc3c2=O)c1,17.01
N#Cc1nnc(-c2cccc(-n3cncn3)c2)n(Cc2ccc(F)c(F)c2)c1=O,29.16
O=C(NC(=O)C(F)(F)C(F)(F)F)c1cnc(-c2ccc(-c3cc(-c4ccc(-c5nc(Cl)nc(Cl)n5)cc4)cc(-c4ccc(-c5nc(Cl)nc(Cl)n5)cc4)c3)cc2)cn1,19.38
O=C1CCc2ccc(Oc3nc(-c4ccc(NS(=O)(=O)c5cccnc5)cc4)c(F)cc3F)cc2N1,38.9
Cc1cccc(NC(=O)Cc2c(O)n(-c3cc(C)cc(C)c3)c(=S)n2Cc2cccnc2)c1,28.86
N#Cc1ccc(-c2nc(-c3ccc(C#N)cn3)nc(-c3cccc(F)c3C#N)n2)cc1,18.87
N#Cc1ccc(C(=O)c2ccc(-c3ccc(C=NNC(=O)c4ccc(OCc5cc(-c6ccc(C#N)cc6)nc6ccccc56)cc4)cc3)cc2C(=O)O)cc1,40.22
Cc1cccc(N=c2cc(-n3ccc4c(F)nc(C#N)cc43)[nH]cc2C(=O)NCC(F)C(C)(C)O)n1,33.11
N#Cc1ccc(-c2ccc(-c3nc(-c4ccc(C#N)cc4)nc(C4CCCN4)n3)cn2)cc1,22.88
CC(=O)Nc1ccc2c(c1)C(=O)c1cc(N)ccc1C2=O,15.42
Nc1ccc2c(c1)C(=O)c1ccc(Nc3cc(NC(=O)CN4CCOCC4)nc(Nc4ccc5c(c4)C(=O)c4ccc(N)cc4C5=O)n3)cc1C2=O,13.21
CSc1cc2ccc(C#N)cc2c(-c2ccc(C#N)cc2)c1C#N,20.25
N#CC=Cc1nc(C=CC#N)nc(C=CC#N)n1,6.36
COc1cc(C=NNC(=O)c2ccc(Oc3ccc(-c4cccc(C#N)c4)cc3)c(C#N)c2)cc(OC)c1O,25.16
N#Cc1ccc(-c2cc3ncc(-c4cc(C(=O)NC5CC5)cc(C(F)(F)F)c4)n3cn2)cc1,27.38
Cc1cc(-c2ccnc(C#N)n2)c(N=c2cccc[nH]2)cn1,31.47
Cc1ccc(F)c(Nc2cc[nH]c(=NC(C)c3nc(-c4cccc(C#N)c4)nc(C4CC4)n3)c2C#N)c1,29.29
O=Cc1ccn(-c2cc(N3CCCCCC3)nc(N=c3cc(C4CC4)[nH][nH]3)n2)c1,28.36
CC(C(=O)Nc1ccccc1C#N)n1c(O)c2c(c1O)CC=CC2,21.86
N#Cc1ccc(-c2ccc(-c3nc(CO)cc(-c4ccc(-c5ccc(C#N)cn5)cn4)n3)cc2)cc1,13.8
N#Cc1ccc(N2CCN(S(=O)(=O)c3cccc4cccnc34)CC2)cc1,19.53
C#Cc1cccc(N=c2[nH]cnc3ccncc23)c1,17.79
O=C1c2ccc(-c3cnn(CCN4CCNCC4)c3)cc2COc2nc(-c3cncnc3)nc(-c3cccnc3)c21,40.14
O=[N+]([O-])c1cnc(Sc2nc(Cl)nc(Cl)n2)s1,19.38
N#Cc1ccc(-c2ccc(-c3nc(N4CCCCC4)c4cccnc4n3)cc2)cc1,15.67
Cc1ccnc(CNCC(O)c2ccccc2)c1,20.47
N#CC=Cc1ccnc(-c2ccc(F)cc2C(F)(F)F)n1,17.9
CC(C)OC(=O)c1cc(N=Cc2ccc3ccccc3n2)ccc1O,27.41
CNC(=O)CC(c1ccc(-c2cncc(C#N)c2)nc1)c1ncccn1,21.72
Cc1csc(-c2nc(-c3nc(C#N)c[nH]3)cc(=NCc3ccccc3)[nH]2)n1,21.98
N#Cc1ccc(-c2ccc(-c3nc(COc4ccc(F)c(F)c4)nc(-c4ccc(-c5ccc(C#N)cn5)nc4)n3)cc2)nc1,10.42
Cc1ccc(-n2[nH]c(-c3ccccn3)cc2=NC(=O)c2cnn3cccnc23)cc1,18.78
N#Cc1ccc(-c2cccc(-c3cccc(C#N)c3)c2)cc1,12.89
O=C(Nc1ccc(Br)cc1)c1ccccn1,19.24
N#Cc1ccc(-c2ccc(-c3nc(-c4ccc(Cc5ccccc5)cc4)nc(-c4ccc(-c5ccc(C#N)cn5)cc4)n3)cc2)cc1,15.19
N#Cc1ccc(-c2ccc(-c3cc(C#N)nn3-c3ccc(C#N)cc3)cc2)cc1,10.57
Clc1nc(Cl)nc(C(Cl)Cl)n1,13.26
N#CC=Cc1cccc(C=Cc2ccc(OCCN)cn2)c1,26.52
CC(C)=CCn1c(=O)c(CCc2ccccc2)c(NO)c2ccccc21,36.67
N#Cc1ccc(-c2ccc(-c3nc(-c4ccc(C(C#N)C#N)cc4)nc(-c4ccc(-c5ccc(C#N)cn5)c(F)c4)n3)cn2)cc1,15.46
N#Cc1ccn2c(NC(=O)Nc3ccccc3)c(-c3ccccc3)nc2c1,24.22
CC1(C)c2ccc(-n3cc(-c4cncc(C#N)c4)cn3)cc2C(=O)c2cc(C(=O)NCc3ccc(S(=O)(=O)N4CCOCC4)cn3)[nH]c21,26.68
CC(=O)N=c1nc(F)c2ccc(-c3ccc(C#N)nc3)cc2[nH]1,20.14
N#Cc1cnc2c(NCc3nnc4cc(C#N)c(F)cc4c3Cl)cccc2c1,35.27
CS(=O)(=O)N1CCCC(c2nc(-c3cncc(C#N)c3)nc(-c3ccc4nccnc4c3)n2)C1,23.95
O=c1c(O)cccn1CCCCn1cc(-c2ccccc2)nn1,23.28
N#CC1C(C(=O)c2ccc(-c3ccccc3)s2)C1c1ccccc1,31.68
Cn1nc(C(=O)Nc2sc3c(c2C#N)CCC3)c(C#N)c1C(=O)NCc1ccco1,28.2
N#Cc1ccc(-c2nc(CC3CC3)nc(-c3ccc(-c4ccc(C#N)cn4)cc3)n2)cc1,9.27
N#Cc1ccc(-c2c[nH]c(CCCc3ccc(F)cc3)n2)cc1,23.24
Cn1c(=NCc2ccc(F)cc2)[nH]c2cc(-c3ccc(C#N)cc3)sc2c1=O,21.93
COc1cc(C(=O)C=CC=CCC(=O)C=Cc2cc(Cc3ccc[nH]c3=N)cc(CC=C(C)C)c2OC)ccc1O,36.1
CC(=O)N1CCN(C(=O)C=Cc2ccc(C(=O)n3c(C)c(CC(=O)N4CCN(Cc5ccc(C(C)=NO)cc5)CC4)c4ccc(Cl)cc43)cc2)CC1,49.82
Nc1ccc2c(c1)C(=O)c1ccc(Nc3nc(Nc4ccc5c(c4)CNC5=O)nc(Nc4ccc5c(c4)C(=O)c4ccc(N)cc4C5=O)n3)cc1C2=O,7.87
N#Cc1ncc(C#CC#Cc2ccc(CCC(=O)O)c(F)c2)cn1,20.44
COc1ccc(C=CCN2CCC(Oc3ccc(C(=O)NCCC4=CCCCC4)cc3)CC2)cc1OC,29.4
N#Cc1ccc(-c2ccc(-c3nc(-c4ccc(-c5ccc(C#N)cn5)nc4)nc(-c4ccc(-n5cncn5)c(F)c4)n3)cc2)cc1,14.75
Cc1nc(C)c2c(=O)n(C3CCCCC3C#N)ccc2c1-c1nc(-c2ccc(C#N)cc2)nc(-c2c3ccccc3c(C#N)c3ccccc23)n1,31.79
CON=Cc1ccc(-c2ccc3c(-c4ccc5c(C(=O)Nc6ccc(C#N)cc6)cccc5c4)cccc3c2)cc1,39.78
CC(C(=O)Nc1ccc(-c2ccccc2)cc1)n1nnc(-c2ccc(-c3ccc(C#N)cc3)cc2)n1,26.37
CN1CCN(Cc2ccc(NC(=O)c3ccc(-c4cc(Oc5ccc(F)c(NS(=O)(=O)c6ccc(C#N)cc6)c5)nc(N5CCOCC5)n4)cc3)cc2C(F)(F)F)CC1,37.9
CC(C)(C)c1nn(CCO)c2c1N=C(c1ccc(C(=O)N3CCC(F)(c4ccc(C#N)cc4)CC3)c(-c3cncs3)c1)CNC2=O,31.56
N#Cc1ccc(NC(=O)NCc2ccc(C(=O)c3nc(-c4ccc(-c5ccccc5Cl)cc4)oc3-c3ccc(Cc4ccccc4)cc3)cc2)cc1,44.11
Fc1ccc(-c2nc(-c3ccncc3)cc(-c3cccc(F)c3F)n2)cc1,26.59
N#Cc1ccc(C(=O)NCc2cn(-c3ccccc3)c3ccccc3c2=O)c2ccccc12,26.16
CSC(=N)NN=Cc1ccc(C#N)cc1,20.76
Cc1nn(-c2cc(C#N)nc(C#N)n2)c(C)c1CC(=O)NCc1ccncc1,26.64
CCc1ccc(NC(=O)Cn2cc(C#N)c(=O)n(-c3cc(OC)cc(OC)c3)c2=O)cc1,28.65
O=CN1CCN(C=Nc2ccc3[nH]c(=O)ccc3c2)CC1,16.82
CCOc1cc2[nH]cnc(=Nc3ccc(F)c(Cl)c3)c2cc1NCCCN(C)C,20.95
Cc1cc(C(=O)Nc2cccc(C(=O)c3ccc4c(C=Cc5ccccc5)[nH]nc4n3)c2)nc(-c2cccs2)n1,28.56
N#Cc1ccc(O)cc1,15.16
Cc1cc(=O)n(-c2nc(-c3ccccc3)c(C#N)c(=O)n2C)[nH]1,17.86
CCOc1ccc(C2(C#N)CCC(C(=O)O)CC2)cc1OCc1ccc(F)cc1,24.56
CCc1cc(=Nc2ncc(-c3ccc(C)cc3C)nc2OC)nc(CN)[nH]1,33.86
N=Cc1ccc(C(=O)N=CCCc2ccc(CCC(=O)N=Cc3ccccc3)cc2)cc1,35.57
Cc1c(C(=O)Nc2ccc(-c3nc(CC4CCCCC4)nc4cc(F)ccc34)cc2)cnn1-c1ccc(F)cc1,30.03
N#Cc1cnn(-c2nc(C#N)nc3sc(C#N)cc23)c1,27.4
COC(=O)c1c(N)n(C)c2nc(C#N)nc(-c3cccc(S(=O)(=O)Nc4ccc(F)cc4F)c3)c12,34.67
COC(c1ccccc1)c1ccc(C#N)cc1,21.05
N#Cc1cncc(-c2cnc3ccccc3n2)c1,14.93
N#Cc1ccc(-c2nc(-c3ccc(F)cc3)c(-c3ccc(F)cc3)[nH]2)cc1,12.78
N#CC=Cc1ccc(-c2nc(-c3ccc(-c4ccc(-c5nc(-c6ccc(O)cc6)c(C#N)c(N)c5C#N)cc4)cc3)c(-c3ccc(F)cc3)[nH]2)cc1,30.35
Cc1ccc2[nH]c(C(C#N)=Cc3ccc(Cl)nc3)nc2c1,21.86
COc1cc(C#N)ccc1OCC(=O)OCN1C(=O)c2ccccc2C1=O,29.42
N#Cc1cncc(-c2ccc(-c3nc4ccc(C#N)cc4o3)cn2)c1,20.5
N#CC=Cc1nc(C=CC#N)c(O)c(CO)n1,16.69
Clc1cc(-c2nc3ccccc3o2)nc(Cl)n1,18.2
COC(=O)c1ccccc1Cc1c(C(C)C)nc(-c2ccc(-c3ccc(C#N)cc3)cc2)n1-c1ccc(F)cc1,26.87
N#Cc1ccc(-c2nc(-c3ccc(-c4ccccc4S(N)(=O)=O)cc3)nc(CC(F)(F)F)c2-c2nccc(C#N)n2)cc1,33.95
COc1ccc(C(=O)C=Cc2cc(C(F)(F)F)cc(C(F)(F)F)c2)c(O)c1,21.33
N#Cc1ccc(-c2ccc(OCc3ccc4[nH]c(=N)ccc4c3)cc2)cc1,19.36
N#Cc1ccc(S(=O)(=O)c2ccc(CNC(=O)c3cn4cccnc4n3)cc2)cc1,24.96
CCc1cc(C(=O)NNC(=O)c2cc3ccccc3n(C)c2=O)sc1C,31.11
CN(c1nc(C(=O)NCC(O)CN2CCc3ccccc3C2)cc(-c2cncc(C#N)c2)n1)S(C)(=O)=O,38.52
O=C(NCC1CCN(CC(c2ccccc2)c2ccccc2)C(=O)C(CCN2CCCCC2)N1)c1cccc2ccccc12,20.93
CCOC(=O)N1CCN(c2nc(-c3cccnc3)nc(-c3cncc(C#N)c3)n2)CC1,26.35
N#Cc1ccc(-c2csc(C(C#N)C(=O)N=c3cc[nH]cc3)n2)cc1,21.46
N#Cc1ccc(-c2ccc(-c3nc(-c4ccc(Oc5ccc(Cl)cc5)cn4)no3)cc2)cc1,22.55
N#Cc1c2ccccc2c(-c2nc(-c3c4ccccc4cc4ccccc34)nc(-c3c4ccccc4c(C#N)c4ccccc34)n2)c2ccccc12,13.47
CC(=O)c1ccc(-c2ccc(-c3cc(-c4ccc(-c5ccc(C#N)cc5)cc4C)nc(-c4ccc(C#N)cc4)n3)cn2)cc1F,30.56
Cc1oc(-c2ccccc2)nc1COc1cccc(CN(O)C(N)=O)c1,16.51
N#Cc1cc(N=c2cc(-c3ccc(Cl)c(C#N)c3)nc(CCc3ccccc3)[nH]2)cc(-c2cccc(C#N)n2)c1,34.12
COc1cc(C#N)ccc1-c1nc(COc2ccc(OCC(=O)O)c(C)c2)nc(-c2ccc(C#N)cc2)n1,18.43
N#Cc1ccc(-c2nc(-c3ccc(F)cc3)nc(-c3cccc(C(F)(F)F)c3)n2)cc1,10.81
Clc1ccccc1-c1csc(N=Cc2cccnc2)n1,22.7
CNC(=S)C1(c2ccccc2)CCCCC1,17.57
N#CC=Cc1cccc(-c2cncc(C#N)c2)n1,9.14
Cc1ccc(-c2nc(-c3ccc(C#N)cc3)nc(-c3cnc(CC4CCCCC4)c(C#N)c3)n2)cn1,14.23
N#Cc1ccc(-c2cc(-c3ccc(-c4ccc(C(N)=O)cn4)cc3)nc(-c3ccc4ccc(OCC(N)=O)cc4c3)c2)cc1,29.57
N#Cc1cccc(-c2ccc(-c3ccc(-c4ccc(CN5CCNCC5)cc4C#N)cc3F)cc2)n1,22.37
N#Cc1ccc(C=CC(=O)Nc2ccc(-c3cccc(C#N)n3)cc2)cc1,22.96
N#Cc1ccc(-c2ccc(-c3nc(C(=O)NC4CCCCC4O)cc(-c4ccc(-c5ccc(C#N)cn5)cc4)n3)cc2)cc1,10.47
N#Cc1ccc(-c2cc(-n3cc(C#N)c(-c4cccnc4)n3)nc(C(F)(F)F)n2)cc1,22.0
CN(C)c1cccc(-c2nnc(CN(C)S(C)(=O)=O)o2)n1,35.97
C(#Cc1ccccc1)COc1cccc(OCc2ccccc2)c1,20.52
Cc1cc(-c2nc(C(=O)NC3CCN(C)CC3)nc(-c3ccc(-c4ccc(C#N)cc4)cc3)n2)ccc1-c1ccc(C#N)cn1,15.08
N#Cc1ccc(-c2ccc(-c3nc(-c4c(F)c(F)c(C#N)c(F)c4F)nn3-c3ccc(C#N)cc3)cc2)cc1,12.12
N#Cc1ccc(Oc2ccc(S(=O)(=O)N=c3cncc[nH]3)cc2)cc1Cl,24.33
N#Cc1ccc(-c2ccc(-c3nc(-c4ccc(-c5ccc(C#N)nc5)nc4)nc(-c4ccc(-c5ccc(C#N)cn5)nc4)n3)cc2)cc1,13.5
Cn1nc(-c2cc(F)cc(C#N)c2F)c2ccccc2c1=O,23.62
N=C(N)c1ccc(CNC(=O)c2cc(N)c(O)cc2N=Cc2ccc(-c3cccc(-c4ccc(C=Nc5cc(O)c(N)cc5O)cn4)n3)cn2)cc1,17.91
CCOc1ccc(OCc2nc(-c3ccc(C#N)cc3)nc(-c3ccc(C#N)cc3)n2)cc1,9.48
Cc1cc(C=NN=c2[nH]c(-c3ccc(Cl)c(Cl)c3)cs2)nn1-c1ccccc1,24.47
N#CC(C#N)=c1ccc(=C=NNc2c(Cl)cc(Cl)cc2Cl)cc1,18.23
O=c1ncn(-c2ccccc2)[nH]1,18.23
N#Cc1ccc(-c2ccc(-c3nc(-c4cncc(C#N)c4)nc(-c4ccnc(C#N)c4)n3)cc2F)nc1,13.25
Cc1cc(-c2cccc(-c3ccc(-c4ccc(C#N)cc4)cc3)n2)ccc1-c1nc(C#N)cc(-c2ccc(C=Nc3cc(O)c(N)cc3O)cc2)n1,18.43
N#Cc1ccc(-c2ccc(-c3nc(-c4ccc(C#N)cc4)nc(-c4cccc(C(F)(F)F)c4)n3)cc2)cc1,8.87
CC(C)NC(=N)c1ccc2[nH]c(-c3ccc(-c4ccc(C(=N)N(C)C)cc4)cc3)nc2c1,23.84
Cc1nc(-c2ccccc2)nn2c(-c3ccc(-c4ccc(C#N)cc4)cc3)nc(-c3ccc(-c4ccc(C#N)cc4)cc3)c12,19.62
Cc1ccc(C)c(-n2c(C=Cc3ccc(C#N)cc3)nc3ccccc3c2=O)c1,19.21
N#Cc1c(-c2ccc(Cl)cc2)[n+]([O-])c2ccccc2[n+]1[O-],14.56
CC(=CC(=O)O)Cc1cc(-c2cc(C=O)c(CO)c(O)c2O)nc(-c2ccc(C(=N)N)cc2)n1,51.04
N#Cc1ccc(-c2csc(-c3nc(-c4ccc(Cl)c(C#N)c4)n4cnc(-c5ccc(C#N)cc5)nc34)n2)cc1,14.68
Cc1ccn(-c2ccc3c(C)n(-c4ccc(-c5cc(-c6ccc(C#N)cc6)nc(N(C)C)n5)cc4)nc3c2)c(=O)c1,35.69
Cc1cc(C)n(CCc2nc(-c3cccc(C#N)n3)cs2)n1,22.46
c1cc2cc(N3CCN(CCc4c[nH]c5ccc(-n6cnnc6)cc45)CC3)ccc2cn1,28.34
Cc1nc(C(N)=O)cc(-n2cc(-c3ccc(C#N)cc3)nc2-c2ccc(C#N)cc2)n1,27.62
N#Cc1cncc(-c2nc(-c3ccc(C#N)nc3)nc(-c3cccc(C#N)n3)n2)c1,8.43
Cc1cc(=Nc2nc(-c3ccc(-c4ccc(C#N)cc4)cc3)nc3ccccc23)[nH][nH]1,12.68
Cc1cccc(C(=O)C2(NC(=O)c3cccc(COCC4CC4)n3)CCCC2)n1,34.33
N#Cc1ccc(CC(=O)Nc2cccc(-c3nc(C#N)nc4ccccc34)c2)cc1,19.83
N#Cc1ccc(-c2cc(C(F)(F)F)nc(-c3ccc(C#N)cc3)n2)cc1,8.66
N#Cc1cncc(-c2nc(C(N)=O)nc(=Nc3ccccc3)[nH]2)c1,19.13
C=C1CN(Cc2cc(F)cc(C#N)c2)CCN(Cc2ccc(C#N)cc2)C1=O,30.31
N#Cc1ccc(-c2nc(-c3ccc(C(=O)N4CCC(F)(F)C4)c(F)c3)cc(-c3cccc(C#N)n3)n2)cc1,22.07
N#Cc1ccc(N=c2[nH]c(N3CCOCC3)nc(=Nc3ccc(N=c4cc[nH]c5cc(Cl)ccc45)cc3)[nH]2)cc1,20.38
N#CC(=CC1CC1)C(=O)N1CCCC1C#Cc1ccc2c(=Nc3cccc(F)c3F)c(C#N)c[nH]c2c1,29.33
CC(C)c1cc(C#N)cc2nc(-c3ccc(NC(=O)CN4CCN(c5cccc(Cl)c5Cl)CC4)cc3)oc12,23.13
Cc1ncc(-c2ccc(N=c3c(C(=O)C4CC4)c[nH]c4ccc(-c5cc(F)c(O)c(F)c5)cc34)cc2F)n1C1CC1,33.94
COCCN1CCC(c2nc(-c3ccc(OC(C)C)c(C#N)c3)cc(C3CCOCC3)n2)CC1,20.17
COc1ccc(-c2nc(CCNC(=O)Cc3ccc(C#N)cc3)ncc2-c2ccncc2)cc1,33.46
Fc1cc(F)c2sc(-c3cc4ccc(Cc5cc6ccc(C7=NCCN7)cc6o5)cc4o3)cc2c1F,35.95
N#Cc1ccc(-c2ccc(-c3nc(-c4ccc(Cl)c(Cl)c4)nn3-c3cnc4ccc(C(=NOCCN)c5cccnc5)cc4n3)cc2)cc1,27.74
Cc1nc(-c2ccc(C#N)cc2)ccc1Oc1ccc(C#N)cn1,20.95
N#Cc1ccc(-c2ccc(C#N)c(C#N)c2)cc1,13.16
N#CC1(NC(=O)c2nc(-c3ccc(Cl)cc3)c(-c3ccc(Cl)cc3)c(-c3ccc(Cl)cc3)n2)CCCCC1,20.3
N#Cc1ccc(-c2nc(-c3ccc(C#N)cc3)nc(-c3ccc4c(c3)C(=O)C3(CCOCC3)O4)n2)cc1,22.14
Cn1ccc(=NC(=O)c2cc(-c3ccc(F)cn3)c(Cl)cc2Cl)[nH]1,22.14
N#Cc1nc(Oc2nc(Cl)c(Cl)cc2Cl)cc(-c2ccc(C(F)(F)F)cc2Cl)n1,23.98
CN1CCC(NC(=O)c2cc(-c3ccc(-c4ccc(C#N)cn4)c(F)c3)nc(-c3ccc(-c4ccc(C#N)cc4)cc3)n2)CC1,10.39
N#Cc1ccc(-c2ccc(-c3nc(-c4ccccc4)no3)cc2)cc1,11.96
N#Cc1ccc(-c2ccc(Cn3c(C(F)(F)F)nc4cccc(N5CCCNCC5)c43)cc2)cc1,29.19
O=c1c2ccccc2nnn1CCCl,15.55
N#Cc1ccc(CN2C(=O)N=C(Cc3ccc(Br)cc3)C2=O)cc1,19.6
Cc1nc2c(-c3ccc(F)cc3F)cccn2c1Nc1cccc(C#N)c1C,32.37
CC(C)CC(=O)N1CCC(c2cc(-c3cccc(C#N)c3)nc(-c3ccc(C#N)cc3)n2)CC1,23.37
N#Cc1ccc(-c2nc(-c3ccc(C#N)cc3)nc(C(C#N)C#N)n2)cc1,15.08
Nc1ccc2c(c1)C(=O)c1ccc(Nc3ncccc3Cl)cc1C2=O,12.39
Cn1c(-c2ccc(-c3ccc(C#N)cn3)cc2)nc(-c2ccc(-c3ccc(C#N)cc3)cc2)c1-c1ccc(-c2cnc(-c3ccc(F)cc3)cn2)nc1,23.71
Cc1c(C(=O)c2ccc(C(C)C)cc2)c(=O)n(-c2ccccc2)n1C,22.02
N#Cc1ccc(-c2ccc(-c3ncc(C#N)cn3)cc2)cc1,8.69
N#Cc1cccc(-c2cc(-c3ccc(-c4nc(Cl)nc(Cl)n4)cc3)cc(-c3ccc(-c4nc(Cl)nc(Cl)n4)cc3)c2)c1,9.68
N#Cc1ccc(-c2ccc(-c3nc4c(C#N)cc(C(F)(F)F)cc4nc3-c3ccc(C=C4Cc5ccc(O)cc5C4=O)cc3)cc2)cc1,28.47
N=C(N)NCCCCc1c[nH]cn1,20.47
COc1cc(-c2ccc3c(c2)ncc2c(-c4ccc(C#N)cc4)nn(-c4ccc(C#N)cc4)c23)ccc1N,28.78
COc1cc(-c2cnc(C3(O)CCC(C(C)=O)CC3)nc2C2CC2)c(F)cc1-n1cnc(C)c1,34.95
N#Cc1ccc(-c2ccc(-c3cc(-c4nc(C#N)ccc4C#N)nc(-c4ccc(C#N)cc4)c3C#N)cc2)cc1,21.0
COc1ccc(N(C)c2cc(-c3ccncc3)nc(-c3ccc(C(F)(F)F)cc3)n2)c(OC)c1,31.19
Cc1cc(C2=NN(c3ccc(Br)cc3)C(=O)C2C#N)ccc1Cl,23.49
COc1ccc(N=c2nc(N3CCN(Cc4cc(C(F)(F)F)ccc4C)CC3)nc(-c3ccccc3)[nH]2)cc1OC,35.56
CN(Cc1cccs1)C1CCCc2ncc(C#N)cc21,25.47
N#Cc1ccc(-c2ccc(-c3cccnc3C(=O)Nc3ccc(C(=O)N4CCC(OC5CCOCC5)CC4)nc3)cc2F)cc1,44.53
N#Cc1c(-c2ccccc2)nnc(-c2ccc(F)cc2)[n+]1[O-],17.7
N#Cc1cccc(NC(=O)c2cccc3ccccc23)c1,18.9
CCn1c(-c2ccc(C#N)cc2)nc2cc(F)c(F)cc21,20.8
N#Cc1ccc(Nc2sc(C(=O)c3ccccc3)c(N)c2C(=O)Nc2cccc(F)c2)cc1,26.19
CCCCCC(C(=O)NC1CCc2ccccc2N(C(C)C)C1=O)n1c(O)c(CCCNC(=N)N)[nH]c1=O,33.19
CSc1cc(C#N)c(C#N)c(C#N)c1C#N,17.35
N#Cc1cccc(OCC(=O)NNC(=O)c2ccccc2[N+](=O)[O-])c1,26.67
C#CCNc1ccccc1[N+](=O)[O-],23.84
N#Cc1ccc(-c2nc(-c3cncc(C#N)c3)nc(-c3ccc(C#N)cc3F)n2)cc1,11.62
COc1ccc(C=NN(CC(C)C)c2nc(C#N)ncc2F)c(OC)c1OC,29.42
N#Cc1ccc(-c2ccc3nc(CNC(=O)c4cc(F)cc(F)c4)nn3c2)cc1,28.07
N#Cc1cncc(-c2ccc(C#Cc3cnccc3C#N)cn2)c1,18.6
N#Cc1ccc(C#CCCc2ccc(=N)[nH]c2)cc1,24.95
COc1cc(OC)cc(N(CC#Cc2cccc(C#N)c2)c2ccc(-n3cnc(Cl)c3Cl)nc2)c1,26.66
C#CCn1c2c(c3ccccc31)CC(=Cc1ccccc1)C2=O,23.87
CC(C)(C#N)c1nc(-c2ccc(-c3cccc(C#N)c3)cc2)nc(-c2ccc(-c3ccc(C#N)cn3)cc2)n1,15.54
N#Cc1ccc(-c2nc(-c3cncc(C#N)c3)nc(C3CC3)n2)cc1,7.93
O=C(O)CCN=c1cc(-c2ccccc2)[nH]c(-c2ccccc2)n1,24.02
N#Cc1ccc2c(c1)C(=Cc1nc3ccccc3s1)C=C2c1ncc(-c2ccc(Cl)cc2)nn1,31.58
N#CCc1cc(-c2ccc(C#N)cc2)nc(C#N)n1,15.26
CC(=O)N1CCN(c2cc(C#Cc3ccc(C#N)cn3)nc(C#N)n2)CC1,18.98
Cc1cc(-c2ccc(C(=O)N3CCCCC3)nc2)nc(-c2cc(OCc3cccc(C#N)c3)cc(-c3cccc(C#N)n3)n2)c1,35.3
N#Cc1ccc(C=CCOC(=O)C=Cc2ccc(F)cc2)cc1,19.08
Cc1cc(C=C2C(=O)NC(=O)NC2=O)cc(OS(=O)(=O)c2ccc(C(F)(F)F)cc2)c1,33.57
COc1ccc(-c2ccc(-c3nccc(-c4ccc(-c5ncc(F)cn5)cn4)n3)nc2CO)cc1,27.67
N#Cc1ccc(Cn2nc(-c3cccc(C#N)c3)ccc2=O)cc1,16.21
N#Cc1nccc(-c2cc(C3CC4CCC(C3)N4C3CCOCC3)nc(-c3c[nH]c(=N)c(OC(F)F)c3)n2)n1,27.16
Cc1noc(-c2ccc(OCCC#Cc3nc(-c4ccc(-c5ccc(C#N)cc5)cn4)cs3)cc2)n1,26.43
N#Cc1ccc(-c2cccc(-c3cc(C#N)cc(-c4ccc(C#N)cc4)n3)n2)cc1,17.55
CN=c1[nH]c(-c2ccc(C#N)cc2)nc2ccc(-c3ccc(S(=O)(=O)NC(C)=O)cc3)cc12,29.3
NS(=O)(=O)c1ccc2c(c1)C(=O)c1cccc(NC(=O)c3cccs3)c1C2=O,25.53
N#Cc1ccc(-c2ccc(-c3cc(-c4cccc(C#N)c4)nc(-c4ccc(C#N)cc4)n3)cc2)cc1,13.23
Cc1cc(-c2ncc(-c3cc(C#N)cc(C#N)c3)c3cc(=NC(=O)NCc4cncnc4)[nH]nc23)ccn1,27.64
N#Cc1ccc(-c2ccc(-c3nc(-c4ccccc4)c(C#N)c(N4CCOCC4)n3)cc2)cc1,15.13
N#Cc1cncc(-c2nc(-c3ccc(-c4ccc(C#N)nc4)cc3)nc(C3CC3)n2)c1,16.82
N#Cc1ccc(-c2ccncc2)nc1,11.14
N#CC=Cc1cc(C#N)cc(NC(=O)c2ccc3c(c2)C(=O)c2ccc(C(N)=O)cc2C3=O)c1,26.84
Cc1ccc2c(-c3nc(C)nc(=N)[nH]3)c3cccc(F)c3nc2c1,35.01
N#Cc1ccc(-c2ccc(-c3nc(-c4ccc(-c5ccc(C#N)cn5)cc4)nc(C4CCCCC4)n3)cc2)cc1,8.7
N#Cc1ccc(-c2ccc(-c3nc(CF)nc(-c4ccc(-c5ccc(C#N)cn5)nc4)n3)cc2)nc1,11.55
CCCCCCOC(=O)N1CCN(C(=O)c2cc(N)c(O)cc2N=Cc2ccc(-c3cccc(-c4ccc(C=Nc5cc(O)c(N)cc5O)cn4)n3)cc2)CC1,15.79
CNCCOc1ncc2c(-c3ccc(C#N)cc3F)nc(-c3ccc(-c4ccc(C#N)cc4)cc3)nc2n1,29.04
N#Cc1ccc(Nc2ccc3c(c2)C(=O)c2ccc(C(=O)Nc4ccc(F)cc4)cc2CC3)cc1,22.64
CCCCCC(=O)N1c2ccccc2S(=O)(=O)c2ccccc21,22.77
CC(F)(F)c1ccc(C(O)(c2ccc(C#N)cc2)c2ccc(C#N)cc2)cn1,20.76
C#CCNC(=O)c1cc(-c2ccc(C#N)cc2)nn1Cc1ccc(C#N)cc1,28.97
N#Cc1ccc(-c2ccc(C(=O)N=c3cc[nH]c(-c4ccccn4)n3)cc2)cc1,23.3
Cc1cc(-c2ccc(-n3cc(C#N)c(-c4cccnc4)n3)cc2)nc(-c2ccc(-c3ccc(C#N)cc3)cc2)n1,25.81
N#Cc1ccc(-c2ccc(-c3nc(-c4ccc(Br)cc4)nc(-c4ccc(-c5ccc(C#N)cn5)nc4)n3)cc2)nc1,10.71
Cc1ccc(-c2cc(C(=O)N3CCCc4ccccc43)c3ccccc3n2)cc1,19.06
C=c1cc(C(=O)NC)ccc1=Cc1c(O)[nH]c2ccc(N=CN3CCN(C=O)CC3)cc12,18.58
N#CC=Cc1ccc(F)c(C#N)c1,14.21
N#Cc1ccc(C#N)cc1,9.15
N#Cc1ccc(N=c2c(C#N)c[nH]c3cc(C#Cc4ccc(-c5cccc(C(N)=O)n5)cc4)ccc23)cc1,24.66
Cc1cc(OCc2nc(-c3ccc(-c4ccc(C#N)cn4)cc3)nc(-c3ccc(-c4ccc(C#N)cn4)nc3)n2)ccc1OCC(=O)O,9.18
Cc1ccc(C(=O)Nc2cn(C(CC#N)C3CC3)c(=O)cc2-c2nc(F)c(F)cc2C#N)cc1N=C(N)N,45.84
O=C(Nc1ccc(OC(F)(F)F)cc1)c1ccc(N2CCC2)c(-c2ccccn2)c1,21.76
COC(=O)c1ccc(-c2ccc(CNC(=O)c3c(F)cc(F)cc3F)cc2)cn1,32.12
N#Cc1ccc(-c2ccc(-c3cn(-c4ccc(C(=O)O)c(O)c4)cc3C#N)cc2)nc1,14.18
CNCC(NC(=O)c1ccc(-c2ccc(F)cc2C#N)cc1F)c1ccc(OC)c(F)c1,23.1
Nc1ccc2c(c1)C(=O)c1ccc(N=Cc3ccccn3)cc1C2=O,11.52
Cc1cc(OCc2nc(-c3ccc(C#N)cc3)nc(-c3ccc(C#N)cc3)n2)ccc1OCC(=O)O,10.22
Cc1ccnc(CN2CCOc3ccc(-c4cc(-c5ccc(C#N)nc5)nc(-c5cccc(C#N)c5)n4)cc3C2=O)c1,26.21
Cc1cccc(-c2nc(COc3ccc(CCC#N)cc3)n(CCC3CCCCC3)c2-c2ccc(C#N)cc2)n1,22.6
C#Cc1ccc(-c2cc(=O)c3cc(OC)c(OC)cc3o2)cc1,22.27
CCCCCCCCCCOc1cccc2ccc(C#N)cc12,22.51
CCOC(=O)c1cnc(N2CCC(Cc3ccccc3)CC2)c2cccnc12,25.21
Cc1ccc(-c2nc(-c3cncc(C#N)c3)nc(-c3cccc(C#N)n3)n2)nc1,12.11
N#Cc1ccc(C(=O)N2CCC(NC(=O)c3cnc4cc(C#Cc5cccc(C#N)c5O)sc4c3)C2)cc1,51.25
CCOc1ccc(NC(=O)CN2C(=O)COc3ccc(S(=O)(=O)Nc4ccc(OC)cc4)cc32)cc1,26.95
COc1cccc2c(=Nc3ccc(F)cc3F)c(C#N)c[nH]c12,25.35
N#Cc1ccc2[nH]cc(C(=O)C(=O)c3ccccc3C#N)c2c1,26.32
N#Cc1ccc(-c2nc(-c3ccc(C#N)cc3)nc(-c3ccc(C=CC=CC(=O)O)cc3)n2)cc1,18.21
C=Cc1c(C)[nH]cc(C#N)c1=Nc1ccc(S(=O)(=O)NCCN2CCCC2)cc1,25.21
CSCCC(NC(=O)CNS(=O)(=O)c1ccc(C#N)cc1)C(=O)O,26.05
N#Cc1ccc(N=Cc2ccc([N+](=O)[O-])cc2)cc1,16.96
N#Cc1cncc(-c2nc(-c3cc(F)cc(F)c3)nc(C3CC3)n2)c1,16.29
O=Nc1ccc(C2=C(c3ccccc3)Cc3cc(O)ccc32)cc1,20.89
N#Cc1cccc(-c2ccc3c(c2)C(CO)=CCO3)c1,20.21
O=C(O)COc1ccc(C(=O)c2ccc3c(c2)OCO3)c2ccccc12,24.78
Cc1noc(-c2cc3cc(-c4c(-c5cccc(C#N)n5)nc(C(O)c5ccc(C#N)cc5)n4C)ccc3cn2)n1,26.51
C1=Nc2cccnc2NC(NCc2cccnc2)=N1,29.49
Nc1ccc2c(c1)C(=O)c1ccc(Nc3cc(Nc4ccc5c(c4)C(=O)CC5)nc(Nc4ccc5c(c4)C(=O)c4ccc(N)cc4C5=O)n3)cc1C2=O,8.28
Cc1ccccc1N=c1[nH]c(C#N)nc(=Nc2ccccc2)[nH]1,21.25
CC(C)c1nc(C#Cc2ccc3c(=Nc4cc(Cl)cc(Cl)c4)nc[nH]c3c2)cs1,26.98
N#Cc1ccc(CN(CCc2ccc(-c3ccncc3)cc2)C(=O)Nc2ccc(F)c(Cl)c2)cc1,26.03
N#Cc1cncc(-c2ccc(C#N)c(C#N)n2)c1,11.14
CCOc1cc2[nH]c(C)cc(=NN=Cc3cccnc3)c2cc1OC,24.22
N#Cc1ccc(-c2ccn3nc(-c4ccc(F)cc4)cc3n2)cc1,14.42
CCCC(c1ccc(F)cc1Cl)N(CC1CCCN1)C(=O)c1ccc(Cl)c(C#N)c1,42.95
N#Cc1ccc(-c2cn(-c3ccc(C#N)c(Cl)c3)cn2)cn1,19.11
N#Cc1ccc(Cc2nc(C(=O)c3ccc(C#N)cc3)nn2-c2ccccc2C#N)cc1,25.32
N#Cc1ccc(-c2ccc(-c3nnc4cc(C#N)ccc4n3)cc2)cc1,13.95
Cc1nc(-c2cccc(NC(=O)CC#N)c2)no1,22.63
N#CCc1ccc2c(c1)C(O)(C(F)(F)F)c1cc(-c3ccccc3)ccc1-2,22.59
N#Cc1ccc(-c2ccc(-c3nc(-c4ccc(-c5cccc(C#N)n5)cc4)cc(C(F)(F)F)n3)cc2)cc1,10.36
Cc1c(C#N)cncc1-c1[nH]c(=Nc2ccc(C(=O)NCC#N)cn2)ncc1C#N,24.25
CS(=O)(=O)c1ccc(-c2cccc(-c3ccc4[nH]c(-c5ccc(-c6ccc(C#N)cc6)cc5)nc4c3)c2)cc1,24.08
N#Cc1ccc(-c2ccc(-c3nc(-c4ccc(C#N)cc4)nc(-c4cc(-c5ccccn5)nc5ccccc45)n3)cc2)cc1,19.48
N#Cc1cncc(-c2nnc(-c3ccc(Cl)cc3Cl)o2)c1,19.0
N#Cc1ccc(-c2nc(C(=O)NCc3cc(C#N)c(C#N)cn3)cc(-c3cccc(C#N)n3)n2)cc1,22.51
N#Cc1ccc(-c2nc(-c3ccccc3)nc(-c3ccc(NC(=O)c4ccccc4)cc3)n2)cc1,13.21
Cc1ccc(-c2cc(C(=O)N3CCN(c4ccc(Cl)cc4)CC3)c3ccccc3n2)cc1,22.73
Cc1nc(-c2ccc(C#N)cc2)cc(=O)n1CC(=O)N(CCC#N)c1ccccc1,29.34
N=C1NC(c2ccc(-c3ccncc3)cc2)Cc2ccccc21,20.02
N#Cc1ccc(-c2ccc(-c3nc(N=Cc4cccs4)nc(-c4ccc(C#N)cc4)n3)cc2)cc1,16.02
Cc1nc(-c2ccc(C#N)cc2)c(C#N)cc1-c1ccc(-c2nc(Cl)nc(Cl)n2)cc1,13.65
CC(=O)c1ccc2c(c1)C(=O)c1ccc(N)cc1S2(=O)=O,20.25
N#Cc1ccc(-c2ccc(-c3ccc(-c4cnccn4)nc3)cc2)cc1,20.35
Cc1cc(N=c2[nH]c3ccccc3n2-c2nc(=N)cc(Nc3ccc(Cl)cc3)[nH]2)cc(C(C)C#N)n1,34.37
Nc1ccc2c(c1)C(=O)c1ccc(Nc3nc(Nc4ccc5c(c4)C(=O)c4ccc(N)cc4C5=O)nc(Nc4ccc5c(c4)C(=O)c4ccc(N)cc4C5=O)n3)cc1C2=O,8.19
Cc1n[nH]c(=S)n(N=Cc2cccs2)c1=O,18.43
Cc1c(-c2cccc(Cl)c2)c(=O)n(CCc2cccc(F)c2)c(=O)n1CCn1ccnc1,32.29
N#Cc1ccc(-c2ccc(C(=O)C=Cc3ccc(-c4ccc(S(N)(=O)=O)cc4)cc3)cc2)cc1,18.05
O=C(Nc1ccc(N2C(=O)c3ccc(F)cc3C2=O)c(Cl)c1)c1cccc(Cl)c1Cl,29.22
N#Cc1cccc(NC(=O)n2c(O)c(C=Nc3ccc(C#N)c(Cl)c3)c3ccccc32)c1,30.39
Cc1nn(CC(=O)N=c2ccc(-c3ccccc3F)c[nH]2)cc1-c1nc(-c2cccc(C#N)n2)nc(C2CCOCC2)n1,33.39
N#Cc1ccc(-c2nc(-c3ccc(-c4nc5cc(C(N)=O)ccc5[nH]4)cc3)nnc2-c2ccc(C(F)(F)F)cc2)cc1,23.14
N#Cc1ccc(-c2cc(-c3cc[nH]c(=NC4CCOCC4)n3)ccn2)nc1,19.03
CC(=O)c1cccc(C=Cc2nc3c(C)nccn3c2-c2ccc(C#N)cc2)n1,21.26
CC(O)(c1ccc(Cl)cc1)c1cc(-c2ccc(-c3ccc(C#N)cn3)cc2)nc(-c2ccc(-c3ccc(C#N)cc3)cc2)n1,12.91
N#Cc1cc(-c2ccccc2)ccc1F,14.01
N#Cc1cncc(-c2nc(C#N)nc(N3CCC4(CC3)CC4)n2)c1,14.47
N#Cc1ccc(C#Cc2cccc(C#N)n2)cc1,11.69
N#Cc1c(Nc2ccc(Cl)cc2)ccc2c1N(C1CC1)CNC2=O,27.08
N#Cc1ccc(-c2coc(-c3ccc(-c4cncc(C(=O)NCc5nccs5)c4)cc3)n2)cc1,25.81
Nc1ccccc1NC(=O)CCCCNC(=O)c1cccc(-c2ccccc2)n1,19.53
Cc1ncc(-c2ccc(C#N)cn2)cc1C#Cc1cnc(C)c(NS(C)(=O)=O)c1,20.55
N#Cc1ccc(-c2cc(C(=O)N=c3cc(C(=O)N=c4ccc(C#N)c[nH]4)[nH]n3-c3ccccc3)c(Cl)cc2F)nc1,18.83
COc1ccc(NC(=O)c2cccn(Cc3ccccc3)c2=O)cc1,21.3
CC(=O)c1c(CC=C(C)C)cc2c(C3OC(CO)C(O)C(O)C3O)oc(O)c2c1O,36.9
COC(=O)C1CCCN(C(=O)C(CCCc2ccccc2)NS(=O)(=O)c2cccc(-c3ccc(F)cc3)c2)C1,35.85
Nc1cc(O)c(N=Cc2ccc([N+](=O)[O-])cc2)cc1O,11.88
N#Cc1ccc(-c2cncc(-c3cc(-c4ccc(C#N)cc4)nc(-c4cncc(C#N)c4)n3)c2)cc1,16.43
CCc1nn(-c2ccc(F)cc2F)c2ncnc(-n3nc(C)cc3C)c12,32.06
CN(C)c1cc(NC(=O)c2cc(S(N)(=O)=O)ccc2F)ccn1,30.65
N#Cc1ccc(OCc2nc(-c3ccc(C#N)cc3)nc(-c3ccc(C#N)cc3)n2)cc1,10.79
N#CC=Cc1cccc(-c2nc(-c3ccc(C#N)cc3)nc(-c3cncc(C#N)c3)n2)n1,9.43
N#Cc1ccc(-c2cc(C#N)cc(-c3ccc(C#N)c(Cl)c3)c2F)nc1,13.91
N#Cc1cncc(-c2nc(-c3cncc(C#N)c3)nc(-c3ccnc(C#N)n3)n2)c1,10.68
N#Cc1ccc(-c2ccc(-c3cc(C#N)nn3-c3ccccc3F)cc2)nc1,19.47
N#Cc1ccc(-c2ccc(-c3nc(C(=O)N=c4[nH]cccc4N4CCC(N)CC4)cc(-c4ccc(-c5ccc(C#N)cn5)cc4)n3)cc2)cc1,12.27
C=c1c(=Cc2c(O)n(-c3ccccc3)c(=S)n(-c3ccc(C)cc3)c2=O)cc(C)n1-c1ccc(C#N)c(Cl)c1C#N,27.64
O=CN1CCN(C=Nc2ccc(C(=O)O)cc2)CC1,13.48
O=C(C[N+]12CCC(C1)C(OC(O)c1ccc3cccnc3c1)C2)Nc1ccc2c(c1)C(=O)c1ccccc1C2=O,42.48
Cc1ccc(-c2nc(C)c(C#N)c(-c3ccc(N=Cc4ccc(-c5ccc(C#N)cc5)cc4)cc3)n2)cc1,18.3
Cc1ccc(S(=O)(=O)NC(=S)NCc2ccccc2)cc1,19.17
c1ccc(-c2cc[n+](Cc3ccc(-c4ccc(-c5cccc(-[n+]6ccc(-c7ccncc7)cc6)n5)cc4)cc3)cc2)cc1,14.24
Cc1ccc(NC(=S)N=Nc2cccc(C#N)c2)cc1C,24.57
CN(CCc1ccccn1)C(=O)c1cc(-c2ccc(F)c(Cl)c2)nc(-c2ccc(-c3ccc(C#N)cc3)cc2)n1,30.8
N#Cc1ccc(-c2ccc(-c3nc(-c4ccc(C#N)cc4)c4ccccc4n3)cc2)cc1,11.17
Cc1nccc(-c2ccc(S(=O)(=O)Nc3ccc4c(c3)C(c3ccccc3)CNC4)cc2)n1,23.34
N#Cc1cccc(NC(N)=NO)c1,16.1
Clc1ccc(C2(Cn3ccnc3)OCC(COc3ccc(Br)cc3)O2)cc1,27.19
CC(C=CC=CC=Cc1cc(C=Cc2ccc(-c3ccccc3)cc2)nc2ccccc12)=CC(=O)N1CCc2c(ccc(O)c2C)C1c1cccnc1,45.98
Nc1ccc2c(c1)C(=O)c1ccc(NC(=O)c3ccccc3)cc1C2=O,11.29
N#Cc1ccc(NC(=O)c2cccc(-c3nc(N4CCCC4CF)[nH]c(=Nc4ccc(C#N)nc4)n3)c2)cc1,34.62
CCCNC(=O)c1ccc(-c2ccc(-c3cc(-c4ccc(-c5nc(Cl)nc(Cl)n5)nc4)cc(-c4nc(-c5ccc(C#N)cc5)nc(-c5ccc(C#N)nc5)n4)c3)cc2)nc1,33.77
O=c1nc(-c2ccc(Cl)cc2)ccn1N=Cc1ccncc1,25.39
CN1CCC(NC(=O)c2ccccc2NC(=O)c2ccc(C(F)(F)F)cc2OCc2cc(C#N)cc(C#N)c2)C1=O,42.26
CCn1c(=O)n(Cc2nnnn2CCC#N)c2ccccc21,22.92
N#Cc1ccc(-c2nc(COc3ccc(-c4cccc(Cl)n4)cc3)nc(-c3ccc(C#N)cc3)n2)cc1,14.84
CC#CCOc1ccc(C2CCC(NC(=O)Nc3ccc(OC(F)(F)F)cc3)CC2)cn1,35.71
N#Cc1ccc(-c2nc(-c3ccnc(C#N)c3)cc(-c3ccc(C#N)cn3)n2)cc1,14.33
COc1ccc(Cl)cc1C(=O)n1cccn1,22.1
N#CC=Cc1cc(C(Br)Br)nc(C=CC#N)n1,10.31
NC(=O)N1CCCc2cc(-c3ccc(F)cn3)cnc21,19.15
Cc1cc(-c2nc(C(F)(F)F)cc3c(-c4cc(F)nc(Cl)c4)cnn23)ccc1C#N,22.19
O=c1ccc(-c2ccc(F)cc2)cc2ncc(-c3cccc(-c4nc5cc(Br)ccc5[nH]4)n3)cc12,32.63
CC(C)(C)NC=Nc1cccc2ccccc12,22.25
O=C(O)c1c(-c2ccc[nH]c2=O)c2c(F)cc(F)cc2n1Cc1ccc(Cl)cc1,27.03
Nc1ccc2c(c1)C(=O)c1ccc(Nc3nc(Nc4ccc5c(c4)C(=O)c4ccc(N)cc4C5=O)nc(Nc4ccc5ccccc5c4)n3)cc1C2=O,13.28
N#Cc1ccc(-c2cc3c(c(N)c2C(N)=O)SC(=Nc2ccccc2)c2ccccc2S3)cc1,32.1
N#Cc1ccc(-c2ccc(Cc3nc(-c4ccc(C#N)cc4)nc(-c4ccc(-c5ccc(C#N)cc5)cc4)n3)cc2)cc1,10.8
N#Cc1ccc(-c2nc(-c3ccc(C#N)cc3)nc(-c3ccc(Oc4ccc(F)cc4)cc3)n2)cc1,15.56
CCc1cc(-c2ccc(C#N)cc2)nc(-c2ccc(C#Cc3ccc(C(C)=O)cc3)nc2CC)n1,16.73
N#Cc1ccc(-c2ncc(C#N)cc2-c2nc(-c3ccc(C(F)(F)F)cc3)nc(C3CC3)n2)nc1,24.92
N#Cc1ccc2cncc(C(=O)Nc3cn(CC(=O)N4CCN(CCN5CCCC5)CC4)nc3-c3cc(Cl)ccc3OC(F)F)c2n1,35.82
C=CCn1cc(C=C(C#N)C#N)c2ccccc21,18.0
Cc1ncc(C2CC3(N(C)C)CC(c4ccc(C#N)cc4)C2C(c2ccc(Cl)c(Cl)c2)C3)s1,36.93
N#Cc1cc(C#N)c2ccccc2c1,15.21
Cc1cc(=O)n(CC#N)nn1,19.46
N#Cc1cncc(-c2cc(N3CC(N)C3)c(C#N)c(-n3nc(C#N)c4cc(C#N)cnc43)c2)c1,31.84
Cc1cnn(-c2ccc(Nc3ccccc3C#N)nc2C#N)c1,22.07
Cc1nc(-c2ccc(C#N)cc2)nc(-c2cc(Cl)ccc2OC(F)F)c1NC(=O)c1cc(C(C)(C)C)cn1C,26.33
N#Cc1cc(C(F)(F)F)cnc1N1CCCC(C(=O)N2CCN(c3ccc(C(F)(F)F)cn3)CC2)C1,31.46
C#Cc1ccccc1C#N,15.55
CC(=O)Nc1ccc(OCc2nc3ccccc3c(=O)n2N=Cc2cc(C)n(-c3ccccc3)c2C)cc1,27.59
N#Cc1ccc(-c2ccc(Cc3cccc(-c4ccc(-c5ccc(C#N)cn5)cn4)n3)cc2)cc1,23.09
CC(=O)Nc1ccc(C#Cc2ccc3ncc(-c4ccc(C(=O)NC5CC5)cc4)n3c2)cc1,25.44
N#Cc1cncc(-c2nc3c(C(=O)C(=O)N4CCN(C(=O)c5ccccc5)CC4)cccc3[nH]2)c1,20.76
Cc1nc(N=c2[nH]cc(Cl)cc2Cl)cc(-c2cc(C#N)c(C#N)s2)n1,30.63
C=Cc1ccc(Cn2c(CC(=O)NN=Cc3ccc(OC)cc3OC)nc3ccccc32)cc1,31.53
O=C1NN=C(c2cnns2)C1=Cc1c[nH]c2ccccc12,20.83
O=[N+]([O-])c1nnnn1CCc1ccc(Br)cc1,30.25
N#Cc1ccc(-c2nc(COc3ccc(-c4ccnc(C#N)c4)cc3)nc(-c3ccc(C#N)cc3)n2)cc1,11.41
CNc1ccc2nc(-c3ccc(Cl)o3)nc(C(N)=O)c2c1,28.23
N#Cc1ccc(-c2ccc(-c3nc(C(=O)NC4CCNC4)cc(-c4ccc(-c5ccc(C#N)cn5)cc4)n3)cc2)cc1,10.82
N#Cc1ccc(COc2ccc(Nc3ccc([N+](=O)[O-])cc3C#N)cc2C#N)cc1,21.07
O=C(Nc1ccc(F)cc1)c1ncn2c1C(=O)NCc1ccccc1N2,32.37
N#Cc1nc(Oc2ccccc2)cc(C(N)=NO)n1,17.22
CCC1=CC(=O)C=CC1=Cc1cc(C=CC#N)nc(C=CC#N)n1,16.06
Oc1c(C=Nc2ccc(F)cc2F)c2ncccc2n1-c1ccccc1,28.06
CCCCCc1nc2cccc(C#N)c2n1Cc1ccc(-c2ccc(C(=O)O)cc2)cc1,27.25
Cc1ccc(C(CO)NC(=O)c2ccc(-c3nnc(C(C)C)nc3-c3cc[nH]c(=NCC4CCCO4)n3)cc2F)cc1,30.26
C[S+]([O-])c1ccc(-c2ncnc(-c3ccc[nH]c3=Nc3ccc(C(=O)Nc4cccc(C(F)(F)F)c4)cc3)n2)cc1,30.85
CC(C)(C)NS(=O)(=O)c1cccc(-c2ccc3nc(OCC4CCCO4)nc(=O)n3c2)c1,23.64
N#Cc1cncc(-c2ccc3c(c2)C2(COC(=N)N2)c2cc(C#N)ccc2O3)c1,16.18
N#Cc1ccc(-c2cc(-c3ccccn3)nc(-c3cccc(C#N)n3)c2)cc1,15.32
N#Cc1ccc(CN2CCN(C(=O)C=Cc3ccc(F)cc3)CC2)cc1F,25.52
N#Cc1cncc(-c2nc(-c3cc(C#N)ccn3)cc(C3CC3)n2)c1,11.95
Nc1ccc2c(c1)C(=O)c1ccc(Nc3cc(Nc4ccc5c(c4)C(=O)NC5=O)nc(Nc4ccc5c(c4)C(=O)c4ccc(N)cc4C5=O)n3)cc1C2=O,10.64
COc1ccc(Nc2cnc3c(N4CCN(C(=O)OC(C)(C)C)CC4)nc(-c4cc(-c5ccc(-c6ccc(C(F)(F)F)cn6)cc5)nc(-c5ccc(C(F)(F)F)cc5)n4)cn23)cc1,42.53
N#Cc1cccc(-c2ccc(C#Cc3nc(C#N)ncc3F)cc2)c1,22.16
Clc1cc(-c2ccccc2)cc(Cl)c1Cl,17.21
NNc1cnn(CC(=O)NC(CCCN=C(N)N)C(N)=O)c1,33.9
N#Cc1cccc(N=c2nc(-c3cccc4nccn34)cc[nH]2)c1,23.5
N#Cc1ccc(-c2ccc(-c3cccc(-[n+]4ccc(-c5ccncc5)cc4)n3)cc2)cc1,9.02
NC(=NO)NN=Cc1ccccc1C(F)(F)F,19.07
N#Cc1ccc(-c2ccc(-c3ncnc(C#N)n3)cc2C#N)cn1,11.83
N#CC(c1cc(C(F)(F)F)cc(C(F)(F)F)c1)c1nn(C(=O)Cc2ccccc2)c(=O)c2ccccc12,32.33
O=C(C=Cc1ccc(F)cc1)C=Cc1ccc(C=Nc2ccc(C(=O)O)cc2)cc1,20.58
O=C1NC(=O)C(Cc2ccccc2)(c2ccccc2)N1,18.19
N#Cc1ccc(-c2nc(-c3ccc(C#N)nc3)nc(-c3cncc(C#N)c3)n2)nc1,10.21
CCCN1CCC(NC(=O)NCCCc2ccccc2)CC1,22.89
N#Cc1ccc(-c2nc(-c3ccc(CCCF)cc3)nc(-c3cncc(C#N)c3)n2)cc1,14.36
Cc1ccc2cccnc2c1C[n+]1ccc(-c2ccc(C#N)cc2)cc1,26.6
COc1ccc(N=C(NC#N)Nc2ccc(C#N)nc2)cc1,19.24
Cn1nc(Cc2ccc(S(N)(=O)=O)cc2)c2ccc(C#N)cc21,30.27
CC(=O)N1CCCC1C(=O)N1CCC(c2nc3ccc(-c4ccc(C#N)nc4)cc3n2CC(N)=O)c2ccc(-c3csc(-c4ccccc4)n3)cc2C1,50.05
COC(=O)c1cc(-c2ccc(C(=O)N3CCOCC3)cc2)n(C(=O)c2ccccc2)n1,26.42
N#Cc1cc(-c2c[nH]c(=N)[nH]c2=N)n(C#N)c1,21.52
ON=Cc1cc(-[n+]2ccc(-c3ccncc3)cc2)nc(-[n+]2ccc(-c3ccncc3)cc2)n1,8.97
CCCc1nc(=O)c(C(C)=O)c(C2CCCCC2)n1-c1nc(-c2ccccc2)nc(-n2ccnc2)n1,34.97
CC(=O)Nc1ccc(-n2nc(C#N)nc2-c2cc(C#N)cn2-c2ccc(F)c(C#N)c2)cc1,23.63
N#Cc1ccc(-c2cc(C=Cc3ccccc3Cl)nc(C=Cc3ccc(-c4ccc(C=CC5=CC(=NO)C(OCc6nc(-c7ccc(C#N)cc7)no6)N=N5)cc4)cc3)n2)cc1,37.44
CC(=O)c1sc(=NC(=O)NC2CCCC(CCCO)C2c2ccc(C#N)cc2)[nH]c1C,27.82
N#CC=Cc1ccccc1F,11.31
N#Cc1ccc(-c2nc(CCBr)c(C#N)c(-c3cc(-n4nc(C#N)cc4-c4ccc(C#N)cc4)c(Br)cn3)n2)cc1,32.43
Cc1c(C#N)cc(-c2ccc(F)cc2)n1-c1ccc(C#N)cc1,19.09
N#Cc1ccc(-c2ccc(-c3nc(-c4ccc(-c5ccc(C#N)cn5)nc4)cc(C(F)(F)F)n3)cc2)cc1,6.79
Cc1nc(-c2ccc(-c3cccc(C#N)c3)cc2)ccc1-c1nc(Cl)nc(Cl)n1,12.98
CONC(=O)c1cn(-c2ccc3c(c2)CCC3=O)c2cc(C#N)c(F)cc2c1=O,30.68
N#Cc1ccc(-c2ccc(-c3cc(C(F)(F)F)nc(-c4ccc(-c5cccc(C#N)c5)cc4)n3)cc2)nc1,8.3
c1cnc(Oc2ccc(-c3nc(-c4cccs4)no3)cc2)nc1,27.63
N#Cc1ccc(-c2ccc(-c3nc(-c4ccc(-c5ccc(C#N)c(F)c5)cc4)nc(C4CCNCC4)n3)cc2)cc1,19.08
N#Cc1ccc(-c2ccc(-c3nc(-c4ccc(-n5cncn5)cc4)nc(-c4c(F)c(F)c(C#N)c(F)c4F)n3)cc2)cc1,13.21
Cc1ccc(N=Cc2ccc(C=Nc3ccc(N=CN4CCN(C=O)CC4)cc3)cc2)cc1,16.64
N#Cc1ccc(-c2ccc(-c3cncc(C#N)c3)nc2)nc1,9.45
Cc1ccc(-c2ccccc2C(=O)Nc2cc(C(F)(F)F)c(-n3ccc4c(=N)[nH]cnc43)cc2C)cc1,41.88
CC(C)c1ccc(NC(=O)c2ccc(-c3ccc(-c4cccc(C#N)n4)cc3)nc2)cc1,20.19
N#Cc1cncc(-c2nc(-c3cccnc3OCc3ccccc3C#N)nc(C3CC3)n2)c1,20.94
Cc1ccc(N=c2c(C(N)=O)c[nH]c3ccc(NC(=O)c4cc5ccccc5nc4Cl)cc23)cc1,37.35
Nc1ccc2c(c1)C(=O)c1ccc(Nc3nc(Nc4ccc5c(c4)C(=O)c4ccc(N)cc4C5=O)nc(Nc4ccc5c(c4)N4CCCCC4C5=O)n3)cc1C2=O,10.8
Cn1c(C#N)ccc1-c1ncc(C#N)cc1C#N,14.4
CN1CCCN(c2nccc(-c3ccncc3)n2)CC1,20.98
COc1cc(-n2ncc(C#N)c2C)ccc1NC(=O)c1cc(C(F)(F)F)nn1-c1cccc(-c2cncc(C#N)c2)c1,29.7
Cn1c(-c2ccc(-c3ccc(-c4c(-c5ccc(N)c6ccccc56)oc5cc(-c6ccc7cc(C(=N)N)ccc7c6)ccc45)cc3)cc2)nc2ccc(C#N)cc21,48.32
N#CCc1c(-c2ccc(Cl)cc2)nc(-c2c(F)cccc2F)n1Cc1ccc(F)c(F)c1,21.77
N#Cc1ccc(-c2nc(-c3ccc(C#N)cc3)nc(-c3cc(F)cc(-c4ccc(-c5nc(Cl)nc(Cl)n5)cc4)c3)n2)cc1,13.45
CN1c2cc(O)ccc2C=C(c2ccc(C#N)cc2)c2c(C#N)ccc(CO)c21,34.93
CN(C)C(=O)N1CCCN(CCCOc2ccc3c4c(c(=O)oc3c2)CCCC4)CC1,29.95
COc1ccc(-c2cc(C(=O)N3CCN(Cc4ccccc4)CC3)cc(-c3ccc(C#N)cc3)n2)cc1,19.92
N#Cc1ccc(-c2ncc3c(=NC4CCN(C(=O)C5CCCC5)C4)nc[nH]n23)cc1,30.2
N#Cc1cncc(-c2cc(N=c3nc(C(F)(F)F)cc[nH]3)cc(-c3cccnc3)c2)c1,21.36
CN(CCOCCN1C(=O)COc2ccccc21)CC(=O)Nc1ccc(Oc2ccc(F)cc2F)cc1,39.45
Cc1ccc2cnc(-c3ccc(-c4cccc(C#N)n4)c(F)c3)cc2n1,28.17
N#Cc1ccc(-c2nnc(N3CCC(N)C3)c3cc4cccnc4cc23)cc1F,27.54
C#CCN(c1ccc(OC)c(F)c1)S(=O)(=O)c1ccc2c(c1)C(=O)c1cc(NC(=O)c3nc4cccc(OCC(N)=O)c4cc3C)ccc1C2=O,51.94
N#CN=C1C(Cc2ccc(F)c(F)c2)N(c2ccc(C#N)c(C#N)c2)C(=S)N1c1ccc(C#N)cc1,34.87
N#Cc1ccc(-c2ncc(C#N)cc2-c2ccnc(C#N)c2)nc1,14.56
CC1(C)CCC(C)(C)c2c(C(=O)O)cc(-c3cc(-c4ccc(C#N)cc4)nc(-c4ccc(C#N)cc4)n3)cc21,22.16
COc1cc(-c2nc(-c3cncc(C#N)c3)nc(-c3cncc(C#N)c3)n2)ccc1-n1cnc(C)c1,12.59
N#Cc1ccc(-c2ccc(-c3noc(-c4cc(F)nc(F)c4F)n3)cc2)cc1,18.82
N#Cc1ccc(-c2cc(-c3cccc(C#N)c3)nc(-c3cncc(C#N)c3)n2)cc1,11.92
Cc1cc(-c2cc(C(=O)NC3CCCC(N4CCOCC4)C3O)ccc2CN)nc(C#N)n1,34.01
Cc1ccc(C(CO)NC(=O)c2ccc(NC(=O)N3Cc4ccc(F)cc4C3)cc2)cc1,21.72
N#Cc1ccc(-c2cccc(-c3cnc(-c4ccc(C#N)cc4)c(C(N)=O)c3)n2)cc1,22.81
N#Cc1cncc(-c2ccc(-c3nn(-c4ccc(C#N)c(C(F)(F)F)c4)cc3C#N)cn2)c1,29.31
Cc1nccn1-c1cc(C(=O)Nc2ccc(C(F)(F)F)n(C)c2=N)cc(-c2cncc(C#N)c2)c1,29.38
CC12C(=O)c3cccnc3C(=O)c3[nH]cc(c31)-c1nc3ccc(Cl)cc3nc12,43.83
CCCCOc1ncc(-c2ccc(-c3nc(C#N)ccc3C#N)cc2)cn1,24.47
O=C(CSc1nc2c(cnc3cc(F)c(F)cc32)c(=O)n1-c1ccccc1)NCC1CCCO1,31.08
N#Cc1ccc(CCNCC(O)c2ccccc2NC(=O)c2ccc(-c3ccc(C#N)cc3)cc2)cc1,28.81
CCC(=O)N(Cc1nc(C#N)cs1)c1ccc(C#N)c(F)c1,26.98
Oc1ccc(-c2ccc3c(c2)OCCO3)cc1-c1ccc(-c2nc(Cl)nc(Cl)n2)cc1,21.48
O=C(Nc1ccc(-c2nc(-c3ccccc3)nc(-c3cccc(C(F)(F)F)c3)n2)cc1)c1ccccc1,19.77
CN=C(N)c1cc2ccc(-c3cncc(-c4ccc(C#N)cc4)c3)cc2cn1,28.83
CC(C)(C)c1ccc(Cc2nc(C#N)c(NCc3ccccc3)o2)cc1,19.4
N#Cc1ccc(-c2cc(C(=O)N=c3ccc(-c4ccccc4)c[nH]3)ccn2)cc1,21.35
N#Cc1ccc(-c2cc(-c3ccc(Cl)cc3)c(C#N)c(Cl)n2)cc1,12.41
CC1CC(=NN=Cc2ccc(Oc3cccc(C(=N)N)c3)cc2)CC(C)(C)C1,29.22
COc1ccc(C(=O)C=Cc2ccc(-n3ccnc3)cc2)cc1OC,17.27
N#Cc1ccc(-c2nc(-c3cncc(C#N)c3)nc(-c3ccc4nccn4c3)n2)cc1,12.47
CCN(CC)CCSc1nc(C(=O)Nc2ccc(C#N)cc2)nc2ccccc12,30.64
CN(C)C(=O)NC1CCC(CCN2CCN(c3nccc4ccccc34)CC2)CC1,20.32
CC1(C)C(=O)Nc2ccc(C=C(C#N)c3ccc(F)cc3)cc21,24.35
CCN(CC)Cc1c(O)ccc2cc(-c3ccc(-c4nc(CCC(N)=O)no4)cc3)ccc12,31.27
N#Cc1ccc(-c2ccc(-c3cn(-c4ccc(C#N)cc4)c(-c4ccc(-c5ccc(C#N)cc5)cc4)n3)cc2)cc1,12.53
N#Cc1ccc(-c2ccc(-c3nc4ccc(Br)cc4c(=O)n3N=Cc3ccc(-c4ccc(Cl)cc4)o3)cc2)cc1,22.91
C=CC(=O)N1CCCC1c1nc(-c2ccccc2)cc(-c2ccc3c(=NCc4ccc(-c5ccccc5)cc4)[nH]ccn23)n1,30.34
N#Cc1ccc(Sc2ccc(C#N)c(Cl)c2)c(C#N)c1,23.61
CCc1cc(-c2ncncn2)c(C(=O)c2ccc(-c3cccc(C#N)c3)cc2)nc1-c1cncc(C#N)c1,26.81
N#Cc1cccc(NC(=O)c2cccc(Cn3nc(-c4ccc(F)cc4)cc3C(=O)Nc3cccc(F)c3F)c2)c1,31.48
C=CCOc1nc(-c2ccc(OCCN3CCCCC3)cc2)c(C=c2cnc(=CCCC)nc2)c2ccccc12,38.44
Cc1cc2c(=Nc3ccc(C#N)cc3)[nH]cnc2cc1-c1cccc(C#N)c1,21.18
Cn1cnc(-c2cc[nH]c(=Nc3ccc4cnn(Cc5ccc(F)cc5)c4c3)n2)c1,24.85
CCN(CC)C(=O)C1CCCN1C(=O)c1ccc(-c2ccc(Oc3ccc(C#N)cc3)cc2Cl)cc1,33.81
Cc1nc(-c2ccc(CN(Cc3ccccc3OCC(=O)O)C(=O)Nc3ccc(F)cc3)cc2)no1,28.05
N#Cc1ccc(-c2ccc3c(c2)CCC(=O)N3)cc1F,21.74
COc1ccc(C=NCc2ccc(C=CC(O)=NO)cc2)cc1,20.39
N#Cc1nc(Cl)c(=NN=Cc2ccccc2F)[nH]c1N,19.87
CCCCCn1nc(C(=O)Nc2ccc3c(c2)C(=O)c2ccccc2C3=O)cc1-c1ccc(-c2ccc(C#N)cc2)cc1,26.06
O=C(NCCN1CCCCC1)c1ccc2c(=O)n(-c3cccc(Cl)c3)c(=S)[nH]c2c1,30.91
N#Cc1ccc(CNc2ccc3[nH]c(=O)n(O)c(=O)c3c2)cc1,21.87
O=C(C=Cc1ccco1)N=c1[nH]ccs1,17.96
Cc1cccc(Cl)c1NN=C(C#N)C#N,18.04
O=C1Nc2ccc(Cl)cc2C(C#Cc2ccccn2)(C2CC2)N1,17.81
N#Cc1ccc2nc(-c3c(F)c(F)c(C#N)c(F)c3F)ccc2c1,19.72
N#Cc1cnc(=Nc2ccc3c(c2)C(=O)c2cc(N)ccc2C3=O)[nH]c1,22.36
Clc1cccc(-c2noc(CN3CCCC3Cn3cccn3)n2)c1,19.26
CNC(=O)c1cc(-c2cncc(C#N)c2)nc(C)c1C=Cc1nc(C(=O)NCCCO)n2ccc(C#N)cc12,44.1
COC(=O)C=Cc1cccc(-c2ccc(OCc3ccc(Cl)cc3)c(C(C)=O)c2)c1,31.07
CN1CCN(c2nc(C#N)nc(=Nc3cc4c(cc3C#N)OCCO4)[nH]2)CC1,24.3
CCn1nc(-[n+]2ccc(-c3ccncc3)cc2)ccc1=O,19.25
CC(C)Cc1ncc(-c2nc(-c3ccc(C#N)cc3)nc(-c3cccc(C#N)c3)n2)cc1C#N,14.34
Cc1cc(C=O)cc(C=Nc2nnc(-c3ccc(C#N)cc3)s2)c1O,26.21
COCCS(=O)(=O)NCCC(=O)N1CCn2c(c(C)n(-c3ccccc3C(C)(F)F)c2=O)C1,51.94
Cc1cc(C(=O)NC(Cc2cccc(F)c2F)c2cc(-c3ccc4nn(C)cc4c3)nc(-c3cccc(C#N)n3)n2)no1,44.1
N#Cc1ccc(-c2nnc3ccc(-c4cccc(N5CCNCC5)n4)cn23)cc1,20.65
CC(C)Cn1c(=O)n(C)c(=O)c2cc(NC(C)c3cccnc3)ccc21,26.64
Cc1cc(C)n(-c2nc3ccc(-c4cc(-c5cncc(C#N)c5)nc(C)n4)cn3n2)n1,23.06
N#Cc1ccc(N=c2nc(-c3cnc(N4CCCC4(CO)CCO)c(C#N)c3)cc[nH]2)cc1,28.42
N#CC(C#N)=c1ccc(=C(C#N)c2cc(-c3ccc(F)cc3)nc(Cc3ccc(-c4ccsc4)cc3)n2)cc1,19.75
N#Cc1ccc(-c2ccc3c(c2)C(O)(C(F)(F)F)c2ccccc2-3)cc1,13.76
N#Cc1cc(-c2cncc(-c3cnc(-c4ccc(OCC5(C(=O)O)CCCC5)nc4)nc3)n2)ccc1Cl,30.45
N#Cc1c(Cl)cncc1Oc1ccc(-c2cc(C(N)=O)cc(-c3ccc(Cl)cc3)n2)cc1Cl,26.32
CC(C)(C)c1nc(C#N)cc(-c2ccc3c(c2)CN(c2ccc(-c4ccc(C=CC(O)=NO)cc4)cc2)C3=Nc2cccc(C#N)c2)n1,42.84
Clc1ccc(-[n+]2cc(Cc3ccccc3Cl)nc(-c3ccc(-c4ccccc4)cc3)n2)cc1,22.83
N#Cc1cnc(C=NO)nc1,14.17
N#CC=Cc1cc2ccccc2cn1,13.92
N#Cc1nccc(-c2cc(Cl)cc(-c3cccc(NC(=O)c4ccc(F)cc4Cl)c3)c2)n1,27.39
Cc1ccc(-n2c(C=Cc3cccc(N(C)C)c3)nc(C#N)c2N)cc1,15.39
Cc1ccc(-n2[nH]c(C(C)(C)C)cc2=NC(=O)Nc2ccc3c(c2)C(=O)c2ccc(N)cc2C3=O)cc1,15.46
CC(C)c1cc(NC(=O)C2CCCN2)cc(-c2nc3cnccc3c(=O)[nH]2)c1O,36.3
N#Cc1ccc(-c2ccc(-c3nc(C(=O)NC(CCCNC(=N)N)C(N)=O)cc(-c4ccc(-c5ccc(C#N)cn5)cc4)n3)cc2)cc1,15.97
N#Cc1cc(-c2c3ccccc3nc3ccc(Br)cc23)cc(-c2cccc3cccnc23)c1N,36.17
Cc1ccn2c(C=NOCc3ccc(-c4ccc(C(=O)O)cc4)cc3)c(-c3ccc(C#N)cc3)nc2c1,20.74
C#CCN(Cc1ccccc1)c1ccc2c(c1)C(=O)c1ccc(N)cc1C2=O,18.74
N#Cc1ccc(-c2ccc(-c3nc(-c4ccc(C#N)cc4)nc(-c4ccccc4Br)n3)cc2)cc1,15.72
N#Cc1ccc(-c2ccc(-c3ncc(-c4ccncn4)c(-c4ccc(F)cc4)n3)cc2)cc1,19.84
N#Cc1cc(Br)c(Oc2nc(Cl)nc(Cl)n2)c(Br)c1,23.66
O=c1[nH]c(=S)c(C2c3ccccc3C(c3ccc(O)cc3)c3ccccc32)cn1C1CC(F)(F)C1,38.0
Cn1cncc1C=CC(O)=NO,14.82
N#Cc1ccc(-c2ccc(-c3nc(-c4ccc(-c5ccccc5)cc4)nc(-c4ccc(-c5ccc(C#N)cn5)cc4)n3)cc2)cc1,11.86
N#CNC(=N)NCCC1NC(CNC(=O)c2ccc3ccccc3c2)CCN(Cc2ccccc2)C1=O,31.99
CCC(=O)N1CC2C(C1)C2c1nc(-c2cccc(C#N)c2)nc(-c2cncc(C#N)c2)n1,19.8
N#Cc1ccc(-c2nc(-c3ccc(C#N)cc3)nc(-c3ccc(C#N)nc3)n2)cc1,11.32
c1cncc(-c2cc[n+](-c3nccc(-[n+]4ccc(-c5ccncc5)cc4)n3)cc2)c1,14.22
CCCCCc1ccc(-c2ccc(-c3nc4cc(N)ccc4[nH]3)cc2)cc1,22.14
N#Cc1cn(-c2ccc(C(=O)O)cc2)c2ccc(F)cc12,15.67
CCOC(=O)CCCCON=C(c1ccccn1)c1nc(-c2ccc(F)cc2)nn1Cc1ccc(Cl)c(Cl)c1,39.11
N#Cc1ccc(-c2nnc(CO)nc2-c2ccc(-c3ccc(C#N)cn3)cc2)cc1,27.18
Cc1cc(=NN=Cc2ccncc2)nc(-c2ccc(Cl)cc2)[nH]1,20.5
N#Cc1ccc(COC(=O)C2C(COc3nc(-c4ccc(-c5ccc(C#N)cn5)cc4)nc(N4CCOCC4)n3)=NC(=O)NC2c2ccc(C#N)cc2)cc1,35.11
Cc1nn(C)c2c1=NC(c1ccc(-c3ccc(N=Cc4ccc(-c5cccnc5)cc4)o3)cc1)C(C(=O)c1ccc(-c3ccccc3)cc1)C(c1ccc(O)cc1)N=2,42.12
N#Cc1ccc(-c2nc(-c3ccncc3)sc(=NC3CCCCC3)n2)cc1,21.32
N#Cc1ccc(-c2cc(C#N)nc(C#N)n2)cc1,12.73
Cc1cn2c(-c3ccc(-c4nc[nH]n4)cc3)cnc(N=c3cc(C)n(C)[nH]3)c2c1Cl,25.37
N#Cc1ccc(-c2ccc(-c3cc(C#N)nc(-c4ccc(-c5ccc(C#N)cn5)nc4)n3)cn2)nc1,13.05
CS(=O)(=O)C(F)(F)c1ccc(C(O)c2ccc(-c3cccc(C#N)n3)cc2)nc1,25.76
N#Cc1ccc(-c2ccc(-c3nc(C=Cc4nc(C#N)c5ccccc5n4)nc(-c4ccc(C#N)cc4)n3)cc2)cc1,17.29
N#Cc1ccc(C(=O)Nc2cc(C(F)(F)F)ccc2Cl)cc1,17.91
CC(=NN)c1cccnc1,20.35
Cc1cc(=O)oc2cc(-c3ccc(-n4c(O)cc(=O)c(C#N)c4-c4ccccc4)cc3)sc12,29.42
C=Cc1nc(=NCc2ccon2)[nH]c2c1CCc1c-2cnn1-c1ccc(F)cc1,36.23
CN(C)CCCNC(=O)c1ccc(-c2ccc(-c3cccc(-c4ccc(-c5cccc(-c6ccc(N)c(Cl)c6)n5)cc4)c3)nc2)cc1,30.29
N#Cc1ccc(-c2nc(-c3ccc(Br)cc3)c(-c3ccc(C#N)cn3)cc2C#N)cc1,11.17
O=C(COc1cccc2ccccc12)NNC(=S)Nc1ccccc1,20.63
C#Cc1cccc(NN=C(C#N)c2nn[nH]n2)c1,25.67
N=CCCCCC=CC=CC#CC#CCCCCC(S)CC(=O)O,40.27
CC(C)(C)c1nc(-c2cccc(NC(=O)c3cccnc3)c2)nc(-c2ccc(C#N)c(C#N)c2)n1,23.37
N#Cc1ccc(-c2ccc(-c3nc(C(=O)N4CCC(C(=O)O)CC4)cc(-c4ccc(F)cc4)n3)cc2)cc1,27.14
Cn1nnnc1-c1ccccc1-c1ccc(Cn2c(Nc3ccc(C#N)cc3)c(C#N)cc(C#N)c2=N)cc1,24.96
N#Cc1ccccc1COC1CCC(C#N)(c2ccc(F)cn2)C1,28.91
N#Cc1cc(-c2ccc(F)cc2)cnc1Oc1cccc(Cl)c1,22.21
CCCCn1c(=O)c(C=Nc2ccccc2Cl)c(O)c2ccccc21,25.13
CC(C)(C)c1cc(C(=O)C=Cc2ccc(-n3cc(C=O)c(-c4ccc(C#N)cc4)c3)cc2)c(O)c(C(C)(C)C)c1,25.78
Cc1cc(C#N)ccc1-c1ccc(-c2nc(C(=O)CC#N)cc(-c3ccc(-c4ccc(C#N)cn4)cc3)n2)cc1,21.06
COc1cc(N=c2[nH]cccc2-c2ncc3ccccc3n2)cc(OC)c1OC,23.24
N#Cc1ccc(-c2ncc(C#N)cc2-c2ccc(C#N)cc2F)cc1,14.92
N#Cc1ccc(-c2ccc(CN(C(=O)Cn3c(CCc4cccc(F)c4F)nc4cnccc43)c3ccnc(C#N)n3)cc2)cc1,24.48
N#Cc1cc(C(=O)c2ccc3ncccc3c2)n2ccc(Cl)cc12,24.36
C=C(C)c1c[nH]c(C(C#N)=c2ccc(=C(C#N)C#N)cc2)n1,14.66
N#CC=Cc1cccc(-c2ccc(C#N)c(F)c2)n1,14.17
CC(=O)c1cccc(NC(=O)N2CCN(C(=O)c3ncccc3C)CC2)c1,27.95
C#Cc1cccc(Nc2ccc3c(c2)C(=O)c2ccc(N)cc2C3=O)c1,11.64
N#Cc1c(F)cccc1F,12.09
N#Cc1ccc(-c2cc(C(=O)Nc3ccc(OC(F)(F)F)cc3)cnc2N2CCNCC2)cn1,19.4
N#Cc1cn(-c2ccccc2)n(-c2ccccc2)c1=O,23.06
N#Cc1ccc(-c2ccc(-c3nc(-c4ccc(C#N)cc4)nc(C(F)(F)F)n3)cc2)cc1,16.24
COCc1[nH]cnc(=NC(=O)c2cc(-c3ccc(-c4ccc(C#N)cn4)nc3)nc(-c3ccc(-c4ccc(C#N)cc4)cc3)n2)c1C#N,20.21
CN1CCN=C(c2ccccc2)c2cc(-c3ccncc3)ccc21,23.75
CCN(CC)CCN(Cc1ccccc1)C(=O)c1cc(-c2ccc(C#N)cc2)nc2ccccc12,25.42
N#Cc1ccc(-c2ccc(-c3noc(C(=O)C=Cc4ccc(-c5ccccc5)cc4)n3)cc2)cc1,21.16
FC(F)(F)c1nnc2ccc(N=c3nc(C4(c5ccccc5)CC4)nc(N4CCOCC4)[nH]3)nn12,32.19
Cc1ccc(-c2cnc3c(C(=O)Nc4cccc(C#N)c4)cnn3c2)cn1,25.73
N#Cc1cccc(C#N)c1,8.1
N#Cc1ccc(-c2nc(C#N)nc3nc(-c4ccc(C#N)nc4)ccc23)cc1,17.94
N#Cc1ccc(-c2ccc(-c3nc(-c4ccc(C#N)cc4)nc(-c4ccccc4NN=C(NS(=O)(=O)c4ccc(C#N)cc4)c4ccccc4)n3)cc2)cc1,29.87
N#Cc1ccc(CN(C=O)c2nccc(-c3cncc(C#N)c3)n2)cc1,21.54
Cc1cc(-c2nc(N3CC4CC4C3)nc(N3CC4CC4C3C#N)n2)ccc1-c1nc(C(=O)O)cs1,37.42
CCCCCNC(=O)Nc1cncc(-c2ccc(C(C)=NO)c(OC)c2)c1,27.72
N#Cc1ccc(N2CCN(C(=O)c3ccc4c(c3)OCO4)CC2)nc1,20.8
N#Cc1ccc(-c2cc(CN=c3nc(C#N)[nH]c(N4CCCCC4)n3)nc(-c3ccc(C#N)cc3)n2)cc1,23.39
CONC(=O)c1cc(C#N)cc(NC(=O)c2csc(N=c3cc(C(F)(F)F)cc[nH]3)n2)c1,30.47
Cc1noc(-c2ccc(-c3cc(-c4ccc(-c5cccc(C#N)n5)cc4)c4c(c3)c(=O)nc(N3CCOCC3)n4C3CCCC3)cc2)n1,34.79
N#Cc1ccc(C(c2ccc(Cl)cc2)c2cccs2)cc1F,27.61
Cc1noc(-c2ccc(-n3nc(C(=O)NCCN(C)C)nc3-c3ccc(C)c(C)c3)cc2)n1,26.64
N#Cc1nc(-c2ccc(-c3ccccc3C(F)(F)F)cc2)[nH]c1C#N,19.43
COc1cc(NC(=O)COc2ccccc2C)ccc1NC(=S)NC(=O)c1ccc(C)cc1,29.06
N#Cc1cc(CN2CCN(C=NC(=O)c3ccccc3)CC2)ccn1,23.24
CC(c1ccc(OCCN)cc1)c1nc(-c2ccc(C#N)cc2)nc(-c2ccc(C#N)cc2)n1,24.02
N#Cc1ccc(-c2noc(-c3cccc(C(=O)N(Cc4ccccc4)c4ccc(C#N)cc4)c3)n2)cc1,29.2
N#Cc1ccc(NC(=O)Nc2ccc(-c3cnc4c(=NC(=O)c5ccc(C(F)(F)F)cc5)[nH]ccn34)cc2)cn1,26.04
COc1cc(Cl)c(C#N)cc1N=c1[nH]cccc1-c1nc(C=NC(=O)CCCN2CCN(C)CC2)c(C#N)[nH]1,25.65
CC(NC(=O)N=c1cc2[nH]nc(C3CC3)c2c[nH]1)c1ccc(S(C)(=O)=O)cc1,30.2
N#Cc1ccc(-c2cc(-c3ccc(-c4cccc(C#N)n4)cc3)nc(-c3ccc(C#N)cc3)n2)cc1,11.55
N#Cc1ccc(-c2cc3c(n2-c2ccc(F)cc2)CCN(c2ccc(-c4ccnc(C#N)c4)cc2)C3=O)cc1,25.91
CCC1CC2(CCC1OC)COc1cc(F)c(F)cc1C21N=C(N)N(C)C1=O,32.81
N#Cc1ccc(-c2ccc(-c3nc(-c4ccc(-c5ccc(C#N)cn5)nc4)nc(-c4ccc(-c5ccc(C#N)cn5)c(F)c4)n3)cc2)cc1,8.96
N#Cc1ccc2nc(NCc3ccccc3)c(C#N)c(C#N)c2c1,27.67
C=Cc1ccc(C2CNc3c(ccc(CCC)c3O)C2)cc1,31.15
CC(CO)OCn1c(C=CC#N)cc(=O)n(CCCl)c1=O,26.93
N#Cc1c(NC(=S)c2ccc([N+](=O)[O-])cc2)cc2c(c1C#N)C(=O)c1ccccc1C2=O,29.28
CCCc1nn(-c2ccc(OC)cc2)c2ccc3ccccc3c12,24.16
N#Cc1cncc(-c2nc(-c3cccc(C#N)n3)nc(-c3ccc(C#N)cc3C#N)n2)c1,14.07
N#Cc1ccc(-c2ccc(-c3ncnc(-c4cncc(C#N)c4)n3)cc2)cc1,8.86
CCn1nc(-c2ccccc2C(Nc2ccc(C(=N)N)cc2)OCc2cccc(F)c2)nc1-c1ccc(-c2ccc(C#N)cn2)cc1,43.13
O=C(C=Cc1cc(=O)oc2ccccc12)c1ccc(F)c(F)c1,22.31
N#Cc1ccc(-c2nc(-c3cncc(C#N)c3)nc(-c3ccc(NC(N)=O)c(F)c3)n2)cc1,19.66
N#Cc1ccc(-c2cc(-c3cccc(C(=O)Nc4cccc(Cl)c4)c3)cc(-c3cccc(C#N)n3)n2)cc1,21.32
N#Cc1ccc(-c2ccc(-c3nc(-c4ccc(-c5ccc(C#N)cc5)cc4)n(-c4ccc(-c5nnc(-c6ccc(C#N)cc6)o5)c(Br)c4)n3)cc2)cc1,18.59
CC(=C1CNC(C(=O)O)C1CC(=O)O)c1ccc(-c2ccc3c(c2)C(=O)OC3)cc1,27.29
N#Cc1cnn(Cc2ccc(F)cc2C#N)c(=O)c1,20.72
COc1cccc(C#Cc2cc(C=CC#N)nc(C=CC#N)n2)c1,19.42
N#Cc1ccc(-c2nc(-c3ccc(Cl)cc3)nc(C=NC=O)c2C#N)cc1,21.0
N#CCCCCN(Cc1cccc(-n2ccnc2)c1)C(=O)Cc1cccs1,39.69
COCCN=c1[nH]cnc2ccc(N=c3c(C#N)c[nH]cc3C=CCC3CC3)cc12,30.56
N#Cc1ccc(-c2ccc(-c3nc(C(=O)NC4CCN(CCO)CC4)cc(-c4ccc(-c5ccc(C#N)cn5)cc4)n3)cc2)cc1,12.19
N#CC=Cc1ncc(-c2ccccc2)c2ccccc12,20.13
N#Cc1ccc(-c2nc3ccccc3c(=O)[nH]2)c(C#N)c1,20.08
N#CCc1nc(-c2cncc(C#N)n2)nc(-c2nc(C#N)c[nH]2)n1,31.62
CC1(C)CC(=O)c2cc3c(C#N)c4ccccc4nc3nc2C1,23.24
N#Cc1ccc(-c2ccc(-c3cc(-c4ccc(C#N)cc4)nc(-c4ccc(-c5ccc(C#N)cc5)cc4)n3)cc2)cc1,10.21
N#CCCN=c1nc(C#N)[nH]cc1NC(=O)c1ccc(-c2ccccc2C#N)cc1,25.18
N#Cc1c(S(=O)(=O)c2cc(F)cc(F)c2)ccc(C(N)=O)c1N,26.63
N#Cc1c(F)c(F)c(-c2nc(-c3c(F)c(F)c(C#N)c(F)c3F)nc(-c3c(F)c(F)c(C#N)c(F)c3F)n2)c(F)c1F,6.9
N#Cc1ccc(NC(=O)c2cnc(Oc3ccc(OC4CCN(Cc5ccccc5)CC4)cc3)nc2)cc1,30.4
CC(C)(c1ccc(Cl)cc1)c1nc(-c2ccc(-c3ccc(C#N)cc3)cc2)nc(-c2ccc(-c3ccc(C#N)cn3)cc2)n1,12.06
CCCc1cc(=Nc2ccccn2)n2c([nH]c3ccccc32)c1C#N,23.94
Cc1nc(C#N)cc2ccc(-c3nc(-c4ccc(-c5ccc(C#N)cn5)nc4)cc(C(F)(F)F)n3)ccc3c(cc12)C=C3,27.74
N#Cc1ccc(-c2c[nH]c(=N)nc2-c2ccncc2)cc1,18.51
Cc1ccc(C(=O)N=c2[nH]c(-c3cccc(F)c3F)cs2)cn1,23.0
Cc1cccc(C(=O)Nc2ccc(C(=O)NN=Cc3ccccc3O)cc2)c1,24.84
COC(=O)c1cccc(-c2cc(-c3ccc(-c4nc(Cl)nc(Cl)n4)nc3)ccc2F)n1,24.45
N#Cc1ccc(C(=O)Cc2c(F)ccc(Nc3c(Cl)cc(C#N)cc3Cl)c2F)nc1,30.56
Cc1ccc(C=NNC(=O)c2nc(N3CCCCC3)nc(N3CCOCC3)n2)cc1,25.33
CCc1nc(C#N)c(CN(C)c2ccc(C#N)cc2)o1,30.09
CN(C)C=Nc1cc(-c2ccccc2)nc(CC(=O)Nc2ccc3c(c2)C(=O)c2ccc(N)cc2C3=O)n1,24.69
N#Cc1ccc(-c2ccc(-c3nc(C(=O)NC(C#N)Cc4ccccc4)cc(-c4ccc(-c5ccc(C#N)cn5)cc4)n3)cc2)cc1,21.43
CCCNC(=O)c1cc(-c2ccc(-c3ccc(C#N)cn3)cc2)nc(-c2ccc(-c3ccc(C#N)cc3)cc2)n1,10.07
N#Cc1ccc(-c2csc(-c3ccc(C=Nn4ncc5ccccc5c4=O)cc3)n2)cc1,22.69
Cc1nn(-c2ccc(F)c(Cl)c2)c(=O)c2nn(-c3ccc(C#N)cc3)c(C)c12,24.43
N#Cc1ccc(C2(c3nc(-c4cncc(C#N)c4)nc(-c4ccc(F)c(C(F)(F)F)c4)n3)CCC2)cc1,19.02
O=C(O)CNS(=O)(=O)c1ccc(CCNC(=O)c2cnc(Cl)c(Cl)c2)cc1,28.29
COc1cccc2c(-c3nc(-c4c5ccccc5cc5ccccc45)nc(-c4c5ccccc5c(C#N)c5ccccc45)n3)ccnc12,22.25
N#Cc1ccc(-c2ccc(-c3nc(-c4ccc(C#N)cc4)nc(-c4ccc(N=Cc5ccc(Cl)c(Cl)c5)cc4)n3)cc2)cc1,17.36
Cc1cc(-c2nc(-c3ccc(C#N)cc3)nc(-c3cncc(C#N)c3)n2)ccn1,15.48
CC(=O)NC1CCc2cc(-c3nc(-c4ccc(C#N)cc4)nc(-c4ccc(C#N)cc4)n3)ccc21,16.33
C1=C(C2=Nc3ccccc3C(c3ccccc3)N2CCN2CCCC2)OCCO1,31.44
N#Cc1ccc(C(=O)OCc2nc(-c3ccc(C#N)cc3)nc(-c3ccc(C#N)cc3)n2)cc1,12.75
c1ccc(CCCNCCc2ccncc2)cc1,18.4
COCC1CCN1Cc1cnc(C#N)nc1-c1ccc2c(c1)CCCO2,33.2
N#Cc1ccc(-c2cc(-c3c(F)c(F)c(F)c(F)c3F)nc3ncn(-c4cccc(C(F)(F)F)c4)c(=O)c23)cc1,32.87
Cc1ccc(C#N)c(-c2nc(-c3ccc(C#N)cc3)nc(C3CC3)n2)c1,12.76
COc1ccc(CN=c2[nH]c3c(C#N)cn(CC#N)c3c(=O)n2Cc2ccc(-c3ccc(C#N)cc3)cc2)cc1,30.67
Cc1cc(Cc2cccc(C#N)c2)c(=O)n(-c2ccccc2)n1,21.49
CCCCc1nn(CCc2ccccc2)c(=O)n1Cc1ccncc1,24.54
N#CC=Cc1cccc(-c2ccc(-c3ccc(C#N)cc3F)cn2)n1,18.49
N#Cc1cc(C#Cc2ccc(-[n+]3ccc(-c4ccncc4)cc3)nc2)cs1,18.98
N#CSc1snnc1-c1nc2ccccc2[nH]1,28.1
N#CCc1cc(-c2cc(-c3ccc(C#N)cn3)c[nH]c2=NCC(F)(F)F)nc(C#N)n1,27.82
Cc1cccc(-c2nc(-c3cncc(C#N)c3)nc(-c3cnc(CCC#N)c(C#N)c3)n2)n1,20.22
N#Cc1ccc(-c2ccc(-c3nc(-c4ccccc4)nn3-c3ccc(C#N)cc3)cc2)cc1,13.73
COc1cccc2c1-c1c(-c3csc(C#Cc4cccnc4)c3)nn(CCCC(C)C(=O)O)c1CCC2,50.84
N#Cc1ccc(-c2ccc(-c3nc(C(=O)NC(C#N)CO)nc(-c4ccc(-c5ccc(C#N)cc5)cc4)n3)cc2)cc1,20.04
N#Cc1ccc(N2CCN(C3CCC(c4c[nH]c5ncccc45)CC3)CC2)cc1,25.34
Cn1c(=O)nc2n(-c3ccc(F)cc3)c3ccccc3cc-2c1=O,20.92
O=C(C=Cc1cccn1Cc1ccc(-c2ccc(F)cn2)cc1)CC(=O)C(=O)O,24.65
N#Cc1ccc(-c2ccc(-c3ccc4c(c3)C3COCC3[S+]4[O-])cc2)cc1,33.32
Cc1nc(-c2ccc(-c3cncc(C#N)n3)c(F)c2)nc(N(C)CCN(C)C)n1,29.56
N#Cc1ccc(COc2ccc3c(c2)ncn3CC=Cc2cccc(-c3ccc(C(=O)O)c(C(=O)O)c3)c2)cc1,36.72
CCCCc1nc(-c2ccc(C#N)cc2)c(CCCNC(=O)Nc2ccc(F)c(Cl)c2)nc1C,30.58
Cc1ccc(C(=NO)Nc2cccc(C#N)c2)c(Oc2ccc(F)c(Cl)c2)n1,21.45
N#Cc1ccc(-c2nn(-c3ccccc3)cc2CNCCN=c2ccc(C#N)c[nH]2)cc1,19.2
CC(=NNS(=O)(=O)c1ccc(C#N)cc1)c1sc(-c2ccc(Cl)cc2)nc1C,26.12
N#Cc1ccc(-c2nc(C#N)cc(C=Cc3ccccc3)n2)cc1,16.37
Cn1nc(-c2nc(-c3ccc(C#N)cc3)nc(-c3ccc(C#N)cc3)n2)c2ccc(Cl)cc21,17.73
COc1cc(-c2cccc(C#N)c2)c(F)cc1Cn1cnc2c(N(C)C)nc(C(F)(F)F)nc21,37.56
N#Cc1cccc(-c2ccc(NC(=O)c3cc(C(F)(F)F)nn3-c3ccccc3C#N)c(F)c2)c1,16.83
N#Cc1ccc(-c2ccc(-c3cc(-c4ccccc4)nc(-c4ccc(-c5ccc(C#N)cc5)cc4)n3)cc2)cc1,10.81
CCCCc1nc(CCCC)n(Cc2ccc(-c3ccccc3-c3nn[nH]n3)cc2)c(=O)c1-c1ccc(-c2ccc(C#N)cn2)nn1,28.39
Fc1cc2cc[nH]c2cc1C1CCCCC1,28.23
N#Cc1ccc(-c2nc(N=Cc3ccc4c(c3)OCO4)nc(-c3ccc(C#N)cc3)n2)cc1,16.0
N#Cc1c(Cl)nc(=O)n(CSc2ccc(F)cc2)c1-c1ccc(Cl)cc1,21.2
N#Cc1cncc(-c2nc(-c3ccc(N4CCC(C#N)CC4)nc3)nc(-c3cncc(C#N)c3)n2)c1,16.56
Cc1cc(-c2ccc(NC(=O)C(=O)c3c[nH]c4ccccc34)cc2)ccn1,19.64
Cn1c(-c2ccc(C=NNC(=O)CNc3cccc(C#N)c3)s2)nc(-c2ccc(F)cc2)c1-c1ccc(F)cc1,32.09
Clc1cnc(-c2ccc(-c3cc(-c4ccc(-c5nc(Cl)nc(Cl)n5)cc4)cc(-c4ccc(-c5nc(Cl)nc(Cl)n5)cc4)c3)cc2)nc1,7.85
CCc1nc(-c2ccc(C=CC(=O)Nc3ccc(CN4CCN(C=O)CC4)c(C(F)(F)F)c3)cc2)nc(-c2cccc(C#N)c2)n1,35.89
Cn1cc(-c2ccc(OCc3nc(-c4ccc(C#N)cc4)nc(-c4ccc(C#N)cc4)n3)nc2)cn1,19.7
N#Cc1cccc(-c2ncn(-c3ccc(-c4cc(C#N)c(C#N)c(C=O)c4)cc3)n2)c1,27.5
N#Cc1cccc(-c2cccc(-c3nc4ccccn4c3C#N)c2)c1,20.86
N#Cc1cccc(-c2cccc(Nc3ccc4c(c3)C(=O)c3ccc(N)cc3C4=O)n2)n1,11.71
N#Cc1ccc(-c2nc(Cc3ccc(CCCNc4cccc(C#N)n4)cn3)c(C#N)c(C3CCCC3)n2)cc1,39.14
N#Cc1ccc(-c2cc(-c3cccnc3)nc(-c3ccc(C#N)cc3)n2)cc1,15.63
N#Cc1ccc(-c2cc(=NC(=O)c3ccccc3)nc(-c3ccccc3)[nH]2)cc1,13.86
O=C(NCc1cccnc1)c1ccc(-c2ccc(F)cc2)nc1,19.53
N#Cc1ccc(-c2ccc(Cn3nnc4ccc(C#N)cc43)cn2)cc1,18.79
NC(=O)Nc1ccc(Nc2nc(Nc3ccc4c(c3)C(=O)c3ccc(N)cc3C4=O)nc(Nc3ccc4c(c3)C(=O)c3ccc(N)cc3C4=O)n2)c2ccccc12,25.55
Nc1ccc2c(c1)C(=O)c1ccc(Nc3cccc(F)c3)cc1C2=O,17.12
Cc1nccc(CN(C)C(=O)c2cc(COc3ccccc3)nc(C)n2)n1,20.52
N#Cc1ccc(-c2ccc(-c3ccc(-c4nc(Cl)nc(Cl)n4)cc3)cc2)cc1,9.19
O=C(CSc1nc(=Nc2cccc(F)c2)cc(-n2ccnc2)[nH]1)c1ccc(Cl)cc1,30.84
CC1CN(c2cncc(C=CC#N)n2)CCN1C(=O)c1cc2cc(C#N)ccc2[nH]1,26.01
Cn1c(Cc2ccc(C#N)cc2)nnc1-c1nc(-c2ccc(F)cc2)c2ccc(-c3ccccc3C#N)cc2n1,33.53
N#Cc1ccc(-c2ccc(-c3nc(-c4ccc(-c5ccc(C#N)cc5)cc4)nc(-c4ccc(C#N)c(F)c4)n3)cc2)cc1,12.46
Cc1cccc(C)c1NC(=O)C1CCN(C(=O)c2ccccc2F)CC1,23.04
N#Cc1ccc(-c2nccc(-c3ccc(C#N)c4c3CCN(C(=O)NCC(F)(F)C(F)(F)F)C4)n2)cc1,25.91
Cn1cc(-c2cc(F)c(CN3C(=O)C(NC(=O)CCc4ccc(C#N)nc4)CCc4ccccc43)c(F)c2)cn1,29.04
N#Cc1ccc(-c2ccc(-c3nc(-c4ccc(-c5cccc(C#N)c5)cc4)nc(C4CCC4)n3)cc2)cc1,15.81
CC#Cc1nccc(Oc2ccc3nc(C4CCCCN4c4nc(C)c(C(=O)O)s4)n(-c4ccc(C#N)cc4)c(=O)c3c2)n1,42.36
O=c1c2cc(-c3ccc(Cl)cc3)ncc2ncn1-c1ccccc1,19.39
N#Cc1ccc(-c2ccc(-c3cccc(C#N)c3)nc2)nc1,9.43
O=CN1CCN(C=Nc2ccnc(N=CN3CCN(C=O)CC3)n2)CC1,6.58
N#Cc1ccc(-c2ccc(C=Cc3cc(C#N)nc(-c4ccc(C#N)cc4)n3)cc2)cc1,15.62
N#Cc1ccc(-c2ncc(C#N)cc2-c2ncnc(-c3cncc(C#N)c3)n2)cc1,9.26
Cc1ccc(-n2[nH]c(=O)c(C=Nc3ccc(Cl)cc3)c2O)cc1C,23.4
N#Cc1ccc(C=Cc2ccc(C=C3C(=O)Nc4ccc(F)cc43)c(OCc3ccc(F)cc3)c2)cc1[N+](=O)[O-],40.32
N#Cc1ccc(-c2cc(=NC(=O)C3CCC(=O)NC3)nc(C#N)[nH]2)nc1,16.76
Nc1ccc2c(c1)C(=O)c1ccc(NC(=O)Nc3ccc(C(=O)O)cc3)cc1C2=O,19.06
COc1ccc(NC(=O)COC(=O)C=Cc2ccc(C#N)cc2)c([N+](=O)[O-])c1,25.71
N#Cc1ccc(-c2cc(COc3ccc(OCC4CCNCC4)cc3)nc(-c3ccc(C#N)cc3)n2)cc1,15.92
N#Cc1cccc(-c2nc(N3CCN(Cc4ccc(F)cc4)CC3)nn3cnnc23)c1,26.64
O=[N+]([O-])c1ccccc1S(=O)(=O)n1nc(-c2cccnc2)sc1=NC1CCCCC1,37.81
N#Cc1ccc(-c2ccc(-c3nc(C#N)nc4cc(C#N)ncc34)cc2)cc1,15.98
N#CC(C#N)=c1ccc(=C(C#N)c2nc(C(C#N)=c3ccc(=C(C#N)C#N)cc3)nc(-c3ccc(Cl)cc3)n2)cc1,15.32
COc1cc(OC)cc(C(=O)NC2CCC3C4CCc5cc6ccccc6cc5C4CCC23C)c1,34.52
N#Cc1ccc2c(c1)CCN(c1ncc(C(=O)NCCN3CCC(F)(F)CC3)c(-c3ccc(C(=O)NC(C#N)C#N)cc3)n1)C2,39.05
OC(COc1ccc2c(c1)C13CCN(CC4CCC4)C(CCC14CCCCC43)C2)CSc1nccc2ccccc12,47.92
COc1ccccc1C(=O)NCC1CCN(CCCCCC(=O)c2ccc(F)cc2)CC1,27.05
NC(=O)c1ccc2c(c1)C(=O)c1ccc(NC(=O)c3cccnc3)cc1CC2,21.81
O=C(Nc1cccnc1)c1ccc(NC(=O)N2Cc3ccccc3C2)cc1,17.91
N#Cc1ccc(NC(=O)Nc2ccccc2C#N)cc1,17.37
CN(C)S(=O)(=O)Nc1ccc(-c2nc(-c3ccc(C#N)cc3)nc(-c3ccc(C#N)cc3)n2)cc1,19.62
N#Cc1cnc(-c2ccc(-c3cnc(OCC4CCOCC4)c(C#N)c3)nc2)nc1,18.78
COc1ccc2c(-c3cc(-c4ccc(C#N)cc4)nc(-c4ccc(F)cc5c(C#N)c6ccccc6c4-5)n3)nccc2c1,34.2
Cc1cc(OCc2nc(-c3ccc(C#N)cc3)nc(-c3ccc(C#N)cc3)n2)ccc1CN1CC(C(=O)O)C1,15.56
CCCCNc1nc(N=Cc2ccc(O)c(OC)c2)nc(N=CN2CCN(C=O)CC2)n1,27.16
N#Cc1ccc(-c2ccc(-c3nc4cc(-c5csc(-c6ccc(C#N)cc6)n5)nc(N5CCOCC5)c4c(=O)c(C#N)c3C#N)cc2)cc1,24.23
N#Cc1ccc(N=c2cc[nH]c(=Nc3ccc(C#N)cc3)[nH]2)cc1,16.82
N#Cc1ccc(-c2ccc(-c3nc(-c4ccc(C#N)cc4)nc(-c4cnc(Cl)nc4)n3)cc2)cc1,16.13
O=C(Cc1ccccc1)N=c1[nH]c(N2CCOCC2)nc(=NC(=O)c2ccc(Br)cc2)[nH]1,32.62
CCSc1nc(=O)c2ccccc2[nH]1,20.77
N#Cc1ccc(-c2nc(-c3cncc(C#N)c3)nc(-c3ccc(F)c(Cl)c3)n2)cc1,13.27
N#CC#Cc1ccccc1,13.04
N#Cc1ccc(-c2cc(-c3cncc(C#N)c3)nc(C#N)n2)nc1,9.66
N#Cc1ccc(-c2cc(C(=O)NC3CCCCC3N)nc(-c3cccc(C#N)c3)c2)cc1,22.59
N#Cc1ccc(Nc2c(-c3ccc(-c4ccc(C#N)cc4)cc3)nc3ccc(-c4ccc(C#N)cc4)cn23)cc1,17.37
N#Cc1ccc(-c2ccc(-c3nc(C(=O)NCc4ccc(C(O)=NO)cc4)nc(-c4ccc(-c5ccc(C#N)cn5)cc4)n3)cc2)cc1,12.71
N#Cc1ccc(-c2nc(-c3ccc(C#N)nc3)nc(-c3cncc(C#N)c3)n2)cc1,8.95
COc1cc(C#CCNCC[N+](C)(C)CC[N+]2(C)CCCCC2)cc(OC)c1OC,35.62
N#Cc1ccc(-c2ccc(-c3nc(C(=O)Nc4cccnc4)nc(-c4ccc(-c5ccc(C#N)cn5)c(F)c4)n3)cc2)cc1,13.38
CCN(CC)CCCN=c1cc2c(O)cc(N=CN3CCN(C=O)CC3)c(O)c3c-2c(c1O)CC3,36.57
CC(Oc1ccc(-c2cnc3ccc(-c4ccncc4)nn23)cc1)c1ccccc1,25.65
N#Cc1cncc(-c2nc(N3CCOCC3)c3cc(Cl)ccc3n2)c1,14.91
N#Cc1cccc(-c2ccc(S(=O)(=O)Nc3ccc(-n4cccc4)cc3)cc2)n1,20.42
CN(Cc1cccc(C#N)c1)C(=O)C1CC2(CC(c3cccc(NC(=O)c4ccccc4)c3)=NO2)CN1C(=O)c1ccc(-c2ccc(C#N)cc2)c(C(F)(F)F)c1,33.46
Cn1cc(NC(=O)c2cnc3ccccc3c2)cc1C(=O)Nc1ccn(C(N)=O)c1,28.58
N#Cc1ccc(-c2ccc(-c3nc(C(=O)NC4CCCNC4)cc(-c4ccc(-c5ccc(C#N)cn5)cc4)n3)cc2)cc1,11.22
FC(F)(F)c1ccc2[nH]ccc(=NN=Cc3ccccn3)c2c1,18.14
COc1ccc2c(c1)nc(C=Cc1ccc(-c3cccc(C#N)n3)nc1)n2C(C)c1ccccc1,28.36
CCN(C=Nc1[nH]c(=Nc2ccc(C#N)cc2)nc(-[n+]2ccc(-c3ccncc3)cc2)c1C#N)CC,23.1
N#CC(=N)NC(=O)c1cn(Cc2ccc(-c3ccncc3)cc2)c2ccccc2c1=O,26.96
CCOCn1c(Oc2ccc(Cl)cc2Cl)c(C=CC(=O)O)c(=O)[nH]c1=O,25.07
CC(C)N(C(=O)Cn1c2ccc(C#N)cc2c2c(=O)n(C)c(=O)n(C)c21)c1ccc(F)cc1,36.38
CC(C)(c1cccc(-c2cc3cc(-c4ccc(C#N)cc4)cnc3[nH]2)n1)C(F)(F)F,27.53
Cn1nc(-c2cccc(C#N)c2)nc1C(=O)c1cc(C#N)cc(C#N)c1,22.26
N#CCC(=O)N(c1ccc2c(c1)OCCO2)c1c(N)n(Cc2ccccc2)c(=O)[nH]c1=O,25.14
C=CC(=O)Nc1cc(C=Cc2nc(C=C(C#N)C#N)cn2C)nc(-c2cc(F)cc(C(=O)Nc3cc(C(=O)NCCN4CCOCC4)n(C)c3)c2)c1,35.64
N#CCCc1nc(C#N)nc(-c2ccc(C#N)cc2)n1,13.17
N#Cc1ccc(-c2ccc(-c3nc(-c4ccc(C#N)cc4)nc(-c4cccc(-c5ccc(C#N)cc5)c4)n3)cc2)cc1,11.91
Cc1ccc(-c2cncc(NCc3ncc[nH]3)n2)cc1,31.92
N#Cc1ccc(COC(=O)c2ccccc2)cc1,19.99
N#Cc1ccc2[nH]c(=O)c(=O)[nH]c2c1,18.15
N#Cc1ccc(-c2ccc(-c3nc(-c4ccc(-c5ccc(C#N)cc5)cc4)nc(-c4cccc(C#N)c4)n3)cc2)cc1,10.54
N#Cc1ccc2[nH]c(O)c(C=Nc3ccccc3F)c2c1,21.8
NC(=O)c1ccc2[nH]c(-c3cc(F)c(F)c(F)c3F)nc2c1,26.29
N#Cc1ccc(-c2ccc(-c3nc(-c4ccc(-c5ccc(C#N)cn5)c(F)c4)nc(C4CCC4)n3)cc2)cc1,11.32
N#Cc1ccc(-c2nc(-c3cncc(C#N)c3)nc(-c3cncc(C#N)c3)n2)nc1,9.35
N#Cc1ccc(-c2ccc(Cn3nc(-c4ccc(-c5ccnc(C(F)(F)F)n5)cc4)ncc3=O)cc2)cc1,23.37
N#Cc1ccc(-c2ccc(-c3nccc(C#N)n3)cc2)cc1,10.86
Cc1nc2c(-c3ccnc(Oc4cccc(-c5ccc(=O)n(C)c5)c4F)c3)nc(C#N)nc2n1-c1ccc(C#N)cc1,27.84
N#Cc1ccc(-c2cc(COC3CC4CC4C3)nc(-c3ccc(C#N)cc3)n2)cc1,17.81
N#Cc1cccc(-c2ccc(-c3nc4cc(C#N)ccc4n3CCC(=O)NCc3ccccc3)cc2)c1,31.88
[O-]c1cc(-[n+]2ccc(-c3ccncc3)cc2)nc(-[n+]2ccc(-c3ccncc3)cc2)n1,9.23
N#Cc1cccc(N=Cc2noc(-c3ccc4c(c3)S(=O)(=O)c3cc(C5=NCCN5)ccc3C4=O)n2)c1,30.06
NN=CC(c1ccncc1)c1cccs1,27.47
N#Cc1ccc(-c2nc(-c3ccc(-c4cccc(C#N)n4)cc3)cc(-c3cccc(C#N)c3)n2)cc1,11.91
N#Cc1ccc(-c2nc(=NC(=O)Cc3ccccc3F)nc(-c3ccc(C#N)cc3)[nH]2)cc1,20.24
N#Cc1ccc(-c2cc(-c3c(OCCN)c4cc(C#N)ccc4c4ccccc34)nc(-c3c4ccccc4c(C#N)c4ccccc34)n2)cc1,33.29
O=[N+]([O-])c1ccc(N=Nc2ccc(N3CCCCC3)cc2)c(C=Nc2cccc(Cl)c2)c1,39.71
C[n+]1c2ccccc2c(C#N)c2[nH]c3c(c21)CCCC3=Cc1ccc(C(F)(F)F)cc1,29.1
CCc1nccc(-c2ccc(N=c3cc[nH]c4ccc(-c5cccc(C)n5)cc34)cc2)n1,24.07
Cc1ccc(COc2ccc(Cl)cc2Cn2cc(C(=O)O)cn2)cc1,29.71
Cc1nc(N=CC(=O)O)nc2ccc(NC(=O)C3C(=O)N(C)C(=O)N(C(=O)c4ccc(C#N)cc4)C3c3ccc(C#N)cc3)cc12,40.64
N#Cc1ccc(-c2ccc(-c3nc(-c4ccc(C#N)cc4)nc(-c4ccc(N=CN5CCN(C=O)CC5)cc4)n3)cc2)cc1,8.56
CCCCCCc1ccc(-c2ccc(NC3CCc4cc(-c5cccc(C#N)c5)ccc43)cc2)nc1C(=O)O,34.26
Cn1c(-c2ccc(-c3ccc(C#N)cc3)cc2)nc2ccc(-c3ccc(C#N)cc3)cc21,21.4
Clc1nc(Cl)nc(-c2ccc(-c3c[nH]c(-c4ccc(-c5nc(Cl)nc(Cl)n5)cc4)n3)cc2)n1,17.63
N#Cc1ccc(-c2ccc(-c3nc(-c4ccc(-c5ccc(C#N)cc5)cc4)n(-c4ccc5ccccc5c4)n3)cc2)cc1,16.64
N#Cc1ccc(-c2ccc(-c3nsc(-c4ccc(-c5ccc(C#N)cn5)cc4)n3)cc2)cc1,12.66
O=CN1CCN(C=Nc2cc3ccc(C4=NCCCN4)cc3nc2-c2ccc(-c3cccc(-c4ccc(-c5ccc(C(F)(F)F)cn5)o4)c3)cc2)CC1,31.62
N#CC=Cc1ccnc(-c2cnc(-c3ccc(C#N)cn3)nc2)n1,18.97
COc1nc2ccc(C(F)(F)c3ccc(C#N)cc3)cc2c(Cl)c1Cc1ccc(C(F)(F)F)nc1,26.37
N#CC=Cc1cccc(N=c2cc(C3CC3)[nH][nH]2)n1,16.43
N=c1ncc(-c2ccc(-c3cnc(-c4ccccc4)cn3)c(F)c2F)c[nH]1,21.09
N#Cc1ccc(-c2ccc(-c3nc(-c4ccc(Sc5ccccc5)cc4)nc(-c4ccc(C(F)(F)F)c(F)c4)n3)cc2)cc1,28.52
N#Cc1ccc(-c2ccc(=O)n(Cc3ccnc(C(=O)Nc4ccccc4)n3)n2)cc1,27.45
COc1ccc(NC(=O)Nc2ccc(C=CC(O)=NO)cc2)cc1,18.43
Cn1c(-c2ccc(-c3ccncn3)cc2Cl)nnc1C1(c2ccc(Cl)cc2)CCC1,21.77
OC1c2cc(F)cc(F)c2CCC1n1cc(-c2ccc(Cl)cc2)nn1,23.19
Cc1ccc(C#Cc2nc(C#N)cn2C)nc1-c1nc(-c2cncc(C#N)c2)nc(-c2cccc(C#N)n2)n1,23.34
CC(C)(c1ccccc1)c1nc(-c2ccc(-c3ccc(C#N)cc3)cc2)nc(-c2ccc(-c3ccc(C#N)cn3)cc2)n1,11.06
N#Cc1ccc(=NC(=O)c2cccc(CN3C(=O)NC(CCc4ccccc4)C(O)C3Cc3ccccc3)c2)[nH]c1,20.47
N#Cc1cncc(-c2cn3ccc(-c4cc(-c5ccncc5)nc(C(F)(F)F)n4)cc3n2)c1,23.39
N#Cc1ccc(-c2cc(-c3ccccc3C#N)nc(-c3ccc(C#N)cc3)n2)cc1,12.62
Cn1nccc1-c1cc([N+](=O)[O-])ccc1Oc1ccc(-c2cc(=O)n3ccc(C#N)cc3c2N)cc1,38.93
N#Cc1ccc(-c2nc(-c3cccc(C#N)n3)cc(-c3cc(F)ccc3F)n2)cc1,15.3
COc1ccc(-n2cc(C(O)NNc3ccccc3Cl)cc2O)cc1,25.69
N#Cc1ccc(-c2nc(-c3ccc(C#N)cc3)nc(-c3cccs3)n2)cc1,11.33
Cc1nc(-c2cccc(C=CC#N)c2)ccc1-c1ccc(C#N)cc1,21.25
N=c1[nH]c(N)c(N=Nc2ccc(Cl)cc2)c(=N)[nH]1,21.27
CCc1cnc(-c2ccc(C#N)cc2)nc1-c1cnc(-c2ccc(F)cc2F)c(F)c1F,21.27
CC(C)N=C(N)c1ccc(NC(=O)N=c2cc(C(C)(C)C)[nH]n2-c2ccc(C(=O)NCCC(=O)O)cc2)cc1,28.16
N#Cc1ccc(-c2cn(C(=O)OCc3ccc(OCc4nc(-c5ccc(C#N)cc5)nc(-c5ccc(C(F)(F)F)cc5)n4)cc3)cn2)cc1,26.63
N#CC(C=Cc1c(Cl)cccc1Cl)c1ccccn1,26.16
CN1C(=O)C(C#N)CC2=C1C(c1ccc(C#N)cc1)N(C(=O)C(C)(C)C)C(=O)N2c1cccc(C(F)(F)F)c1,24.12
N#Cc1cccc(-c2cc(=NCCc3cccnc3)[nH]c(-c3ccccn3)n2)c1,19.9
C=CC(=O)Nc1ccc(S(=O)(=O)N2CCN(C(=O)Oc3ccccc3)CC2)cc1,22.63
N#Cc1ccc(-c2ccc(-c3cc(C(F)(F)F)nc(-c4ccc(-c5ccc(C#N)cn5)nc4)n3)cn2)nc1,8.07
N#Cc1ccc(CNC(=O)c2cncc(-c3ccc(-c4cccc(C#N)n4)nc3)c2)cc1,22.69
COc1ccccc1-c1ccc(-c2nc(-c3ccc(-c4ccc(C#N)cc4)cc3)nc(-c3ccc(-c4ccc(C#N)cc4)cc3)n2)cc1,15.05
Cc1ccc(-c2cn3cc(C(=O)c4c[nH]n(C)c4=O)cc(C#N)c3n2)cc1,27.02
CC(=O)c1ccc(N2CCN(Cc3nc(-c4cccc(C#N)c4)[nH]c3C)CC2)cc1,24.25
N#Cc1ccc(-c2ccc(-c3nc(Cn4nc(C(=O)NCc5ccc(F)c(F)c5)c5ccc(F)cc54)nc(-c4cccc(C#N)n4)n3)cc2)cc1,30.18
N#Cc1ccc(-c2cc(-c3ccc(C#N)cc3)[nH]c(=NC(C#N)c3ccccc3)n2)cc1,18.08
Cc1c2c(-c3ccc(-c4ccc(C#N)cc4)cc3)nc(Cc3ccc(-c4ccc(C#N)cc4)cc3)nc(=O)c2nn1-c1ccccc1,25.24
Cc1nc(-c2ccc(C#N)cc2)cnc1-c1ccc(C=Nn2c(COc3ccc(C#N)cc3)c(O)n(-c3ccc(Cl)cc3)c2=S)cc1,26.91
COc1cc(F)c(C(=O)Nc2ccc3c(c2)-c2c(c(C(N)=O)nn2-c2ccc(-c4ccnc(C)n4)cc2)CC3)c(F)c1,22.82
Cc1nc(-c2ccc(C#N)cn2)cc(-c2cc(C#N)cnc2-c2ccc(C#N)cc2)n1,15.42
Cc1c(OCc2nc(-c3ccc(Cl)cc3)no2)ccc2ccc(=O)oc12,23.49
N#Cc1ccc(-c2ccc(-c3cc(C4CCN(CC(F)F)CC4)n4ccnc4c3C#N)cc2)cc1,23.4
Cc1noc(-c2ccc3nc(-c4cnc(C#N)nc4-c4cncc(C#N)c4)oc3c2)n1,28.45
N#Cc1cccc(-c2cc3cc(C(=O)c4ccc(C#N)c(F)c4F)cnn3c2)c1,30.18
Nc1ccc2c(c1)C(=O)c1ccc(Nc3cc(Nc4ccc5c(c4)CNNC5=O)nc(Nc4ccc5c(c4)C(=O)c4ccc(N)cc4C5=O)n3)cc1C2=O,10.23
CCCCCCC1(c2ccc(-c3ccc4[nH]c(=N)ncc4c3)nc2N)CC1,39.57
CC(=O)Nc1cn2cc(-c3nc(-c4cncc(C#N)c4)ncc3C#N)ccc2n1,25.96
Cc1ccc2c(C)nc(C=CC=CC=CC=CBr)nc2n1,33.54
N#Cc1ccc(-c2nc(C=Cc3ccc(-c4ccc(C#N)cn4)cc3)nc(-c3ccc(C#N)cc3)n2)cc1,13.16
CCCCOC(=O)c1cc(N)c(O)cc1N=Cc1ccc(-c2nc(C=Cc3ccc(-c4cccc(C(=N)N)n4)o3)nc(-c3ccc(C=Nc4cc(O)c(N)cc4O)cc3)n2)cc1,26.45
COc1cc2nc(-c3ccc(Cl)cc3)c([N+]([O-])=Nc3ccc(C#N)cc3)c(C#N)c2cc1Cl,33.16
COc1ccc(-c2ccn3c(C)n[nH]c(=N)c23)cc1,26.91
CCC(CC)C(C(=O)O)N1CC(CN2CCCC(Cc3ccc(C#N)cc3)C2)C(c2cccc(F)c2)C1,30.92
N#Cc1ccc(-c2cc(C#N)nc(-c3ccncn3)c2)cc1,15.72
N#Cc1ccc(N=Cc2nc(-c3ccc(C#N)cc3)c(-c3cccc(-c4ccncc4)n3)c(-c3cccc(F)c3)n2)cc1,39.16
CN1c2ccccc2OC(C)(C)c2cc(-c3ccc(C#N)nc3)cnc21,27.98
CN(CCO)C(=O)c1cc(-c2ccc(Cl)cc2)nn1Cc1ccc(-c2cnc3ccccc3n2)cc1F,31.3
N#Cc1ccc(-c2ncc(C#N)cc2-c2ccncc2C#N)cc1,14.7
N#Cc1ccc(-c2nc(Cc3ccccc3)nc(-c3cncc(C#N)c3)n2)cc1,12.92
N=c1ncc(-c2nc(N3CCOCC3)nc(N3CCSCC3)n2)c[nH]1,20.34
Nc1ccc(C=Nc2cc(O)c(N)cc2O)cc1,12.81
N#Cc1ccc(-c2ccc(C=CC(=O)c3ccccc3Cl)cc2)cc1,17.25
Cc1cc(CF)n(-c2nc(-c3ccc(C#N)cc3)nc(-c3ccc(-c4ccc(C#N)cn4)cc3)n2)n1,18.68
N#Cc1cc(-c2ccc(-c3cncc(Cl)n3)cn2)ccc1F,18.82
COc1ccc(-c2nc3ccc(C#N)cc3s2)cc1C=CC(=O)c1ccc2c(c1)C=CC(C)(C)O2,35.09
CN1CCN(Cn2nc(O)n(N=Cc3ccc(-c4ccccc4)o3)c2=S)CC1,20.21
N#Cc1nc(-c2ccccc2)oc1NCc1cccnc1,17.94
Cc1ccc(C=NNC(=O)c2cc(C=NNc3ccc(S(N)(=O)=O)cc3)nc(-c3ccccc3)n2)s1,28.32
COc1ncnc(N(C#N)CC#N)n1,18.25
COc1ccc(-c2cc(-c3cccc(C#N)c3)nc(-c3ccc(C#N)cc3)n2)cc1,14.19
Cc1nc(-c2ccc(-c3ccc(C#N)cc3)cc2)nnc1-c1ccc(-n2ccnc2)cc1,18.99
N#Cc1cccc(NC(=O)c2cccc(-c3cncc(C#N)c3)c2)c1,15.33
CC(C)c1ccc(C(CCN)NS(=O)(=O)c2cccc(Cl)c2C#N)cc1,35.4
Cc1cc(CCc2nc(=O)c3ccccc3n2C2CCCCC2)nc(C#N)n1,32.25
N#Cc1ccc(-c2ccc(-c3nc(-c4ccc(C#N)cc4)nc(-c4cccnc4)n3)cc2)cc1,10.79
O=C(Cc1cc(-c2ccc(F)cc2)[nH]c(=S)n1)C(=O)Nc1ccc(F)cc1,32.0
Cc1ccc(C=c2c(=O)n(-c3cc(C(=O)O)cc(C(=O)O)c3)c(=C(C#N)C#N)n2C)c(C)c1,28.44
CCCCOC(=O)N1CCN(C(=O)C(CCC(=O)O)NC(=O)c2cc(C(=O)N3Cc4ccccc4C3)[nH]n2)CC1,30.39
Cc1ccc(C#N)c(SCc2ccc(C#N)cc2)n1,16.58
N=c1[nH]c2c(ncn2C2C=CC(CO)C2)c2ncncc12,28.74
Cc1nc(C=O)cn1-c1nc(Cl)nc(Cl)n1,15.29
Cn1c(=NC(=O)Nc2ccc(Cl)c(Cl)c2)sc2cccc(C#N)c21,28.63
N#Cc1ccc(Nc2ccc(CCCCc3cccc(NS(=O)(=O)c4cccc(C#N)c4)c3)cc2)cc1,32.58
N#Cc1cccnc1,6.83
N#CC=Cc1cccc(-c2nc(-c3cncc(C#N)c3)nc(-c3cccc(C#N)n3)n2)n1,11.21
Cn1ncc(NC(=O)c2nc(-c3ccc(C#N)cc3)nc(-c3ccc(C#N)cc3F)n2)c1C1CCC(N)C(F)CO1,17.75
N#Cc1ccc(-c2ccc(-c3nc(-c4ccc(-c5ccc(C#N)cc5)cc4)nc(-c4ccc(-n5cncn5)cc4)n3)cc2)cc1,11.99
N#Cc1nc(-c2ccc(-c3cnn(C4CC4)c3)c(C#N)c2)nc(N2CCC(F)C2)n1,21.19
Cc1cc(C#N)cc(C(=O)c2nc3ccccc3s2)c1,23.08
N#CC(=Cc1cn(Cc2ccccc2)nc1-c1ccc(Cl)cc1)C(N)=O,22.23
N#Cc1ccc2c(c1)C(CC(=O)c1ccc(C3CCCCC3)cc1)NC(c1ccc(-n3ccnc3)cc1)=N2,29.91
O=C1NCN(c2ccccc2)C12CCN(C1CCCCC1c1ccccc1)CC2,17.54
N#Cc1ccc(N=c2ncc3cc(Oc4ccccc4)ccc3[nH]2)cc1,19.64
Cc1cccc(-n2[nH]c(-c3ccccc3)nc2=Nc2nc(-c3ccc(F)cc3)cs2)c1,23.74
CCn1cc(N(C)C=O)c2ccc(Oc3nc(C#N)cc(-c4ccc(-c5cc(F)cc(C#N)c5)cc4)n3)cc21,44.05
CCc1ccc2c(c1)c(=O)n(-c1ccc(OC)c(OC)c1)c(=O)n2CC(=O)Nc1cccc(C)c1,26.27
O=C(C=Cc1ccc(Cl)c(O)c1)c1ccccc1O,25.1
C#Cc1cc(-c2nc(-c3cc(CN4CC(C(=O)O)C4)c(C)cc3C)no2)ccc1O,29.87
Cc1ccc(-c2cc(Br)ccc2OCc2ccc(F)cc2)n1-c1ccc(C(=O)NCCCn2ccnc2)cc1,25.49
CN=CNc1ccc(N)c(-c2ccc(C(=O)N3CCN(C(=O)C(C)C)CC3)cc2)c1,41.96
N#Cc1ccc(-c2nc(COCc3ccccc3)nc(-c3ccc(C#N)cc3)n2)cc1,12.82
Cc1ccc2ncc(S(=O)(=O)c3cccc(C#N)c3)c(N3CCOCC3)c2c1,21.87
N#CC=Cc1cc(CO)nc(C=CC#N)n1,10.34
CC12CCC(=O)N1C(C(=O)NCc1ccc(Cl)cc1)CS2,20.25
COc1cc(C=Cc2ccccc2C(=O)NCC2CCCO2)cc(OC)c1OC,28.15
CCCC=c1ncc(=Cc2c(O)n(CCCC)c(=O)n2CCCC#N)n1Cc1ccccc1,22.81
C#Cc1cccc(C=NC2C(O)OC(CO)C(O)C2O)c1,27.12
N#Cc1cc(CNC(=O)c2cc(C3CC3)nc(-c3ccc(C#N)c(F)c3)n2)cc(C(O)=NO)c1,31.44
Cc1ccc(-c2cc(C(F)(F)F)nc(-c3cncc(C#N)c3)n2)cc1F,20.16
C=CCc1c(OC)cccc1OCCCN1CCN(c2ccccn2)CC1,27.67
N#CC=Cc1cccn1Cc1ccc(NC(=O)c2cccc(Cl)c2Cl)cc1,26.22
O=C(O)c1cc(O)c(NN=Cc2cc(Br)c(O)c(Br)c2)cc1O,29.8
N#Cc1ccc(-c2ccc(C3=Nc4cc(C#N)ccc4NC(=O)C3)cc2)cc1,17.6
C=CCC1=C(F)C(n2ccc(=O)[nH]c2=O)CC1O,19.98
Cc1c(C#N)cccc1-c1nc(-c2cncc(C#N)c2)nc(C2CC2)n1,17.36
N#Cc1ccc(-c2nc3ccc(N4CCCNCC4)cn3n2)cc1,18.6
N#Cc1ccc(-c2ccc(N3C(=O)N(c4c[nH]c(=N)c(C#N)c4)C(=O)C4(CCCN(Cc5ccc6c(c5)CC(=O)N6)C4)C3=O)cc2)cc1,41.55
N#Cc1ccc(-c2ccc(-c3nc(COc4ccc(OCC5CC5C(=O)O)cc4)nc(-c4ccc(-c5ncccn5)cc4F)n3)cc2)cc1,24.13
CNC(=O)c1ccc(-c2cnc3ccc(N(C(C)=O)c4ccc5c(c4)n(CC=C(C)C)c(=O)n5CCC(N)=O)cc3n2)cc1F,50.39
N#CC=Cc1cc(C=Cc2ccc(C#N)cc2)nc(C=CC#N)n1,8.25
N#Cc1ccc(-c2nc(=NC(=O)c3ccc(Cl)cc3Cl)nc(-c3cncc(C#N)c3)[nH]2)cc1,26.67
Cc1nc2c(=O)n(Cc3ccccc3)c(=O)n(Cc3cccc(C(F)(F)F)c3)c2c2cccn12,28.32
COCCn1cc(-c2ccc(N=c3nc4c(ccn4Cc4ccc(C#N)cc4)c[nH]3)nc2)cn1,26.18
CCCNCC(O)c1nc(-c2ccc(F)cc2)c(-c2ccc(F)cc2F)[nH]1,34.62
N#Cc1ccc(-c2ccc(-c3cc(-c4cccc(-c5ccc(C#N)cc5)c4)nc(-c4ccc(-c5ccc(C#N)cc5)cc4)n3)cc2)cc1,13.48
N#Cc1ccc(-c2ccc(-c3nc(-c4ccc(-c5ccc(C#N)cc5)cc4)nc(-c4ccc(-c5ccc(C(=O)O)cc5)cc4)n3)cc2)cc1,9.37
Cc1cccc(Nc2c(N=Cc3ccc(C#N)cc3)c(=O)c2=O)c1C,17.5
N#Cc1ccc(-c2ccc(-c3ncnc(-c4ccc(-c5ccc(C#N)cc5F)cc4)n3)cc2)cc1,14.4
N#Cc1ccc(-c2cccc(-[n+]3ccc(-c4ccncc4)cc3)n2)cc1,10.2
Cc1ccc(NC(=O)c2cnc(C#N)cn2)cc1-c1cnc(C(=O)NC(C)CO)c(F)c1,31.69
C(=NN=C1NCCc2ccccc21)c1ccccc1,18.25
N#CC=Cc1ccc(-c2ccc(C#N)c(C#N)c2)c(C=Cc2cncc(C#N)c2)c1,25.84
COc1ccc(C2=NOC(C(=O)NCc3ccccn3)C2)cc1OC,22.94
Cc1ccc(-c2cc(-c3ccccc3)nc(SCC(=O)NN=Cc3ccccc3F)n2)cc1,24.24
FC(F)(F)c1ccc2[nH]c(-c3ccc4[nH]c(-c5ccccc5)nc4c3)nc2c1,22.56
N#Cc1ccc(-c2nc(-c3ncnc4c3nnn4Cc3ccccc3F)ccc2F)cc1F,28.89
N#Cc1ccc(-c2ccc(-c3nc(C(=O)NC4CCCCC4)cc(-c4ccc(-c5ccc(C#N)cn5)cc4)n3)cc2)cc1,8.83
COC(=O)C(Cc1ccc(O)c(C(=O)O)c1)NC(=O)c1cc(-c2ccc(C=O)cc2)ccc1-c1cc(CCCCCO)cc(C(=O)O)n1,53.31
N#Cc1ccc(-c2ccc(CCN3CCC(N=c4[nH]c5ccccc5n4Cc4ccc(F)cc4)CC3)cc2)s1,20.99
CCN(CCO)Cc1ccc(-c2ccc3c(=Nc4ccc(C=Cc5cc(C)cc(=O)[nH]5)cc4)cc(C)[nH]c3c2)cc1,31.42
CCCn1c(=O)c(-c2ccc(OC)cc2)nn2c3c(=O)[nH]c(=O)n(C)c3nc12,28.83
Cn1nc(Cl)nc1C=Cc1ccc(-c2cccc(C#N)c2)nc1,19.61
O=c1nc(OCC2COCCO2)cc2n1CCc1ccc(-c3cncnc3)cc1-2,19.08
O=[N+]([O-])c1ccccc1C=NN=Cc1c(O)ccc2ccccc12,21.82
c1ccc(-c2cnn3c2ncc2ccccc23)cc1,19.35
Cc1nc(=Nc2cccc(C#N)c2)nc(-c2cc(-c3nnn(C=CC#N)n3)ccc2-n2cccc2)[nH]1,31.19
COc1ccc(N=Cc2ccc(-n3c(C)ccc3C)cc2)c(OC)c1,18.57
CN1CCC(n2cc(C#N)c3ccc(N=c4[nH]cnc(N=c5cc(C6CC6)[nH][nH]5)c4F)cc32)CC1,32.2
CC(N)(CO)c1ncc(C#N)c(-c2ccc(-c3ccc(C#N)nc3)nc2)n1,15.56
N#Cc1cnc(=Nc2cc(-c3ccc(C#N)c(F)c3)cc(-c3cccc(F)n3)c2)[nH]c1,28.11
Cc1cn2c(n1)N(C)c1ccccc1C(C#N)=N2,27.6
N#Cc1nn(-c2nccc(-n3nccn3)n2)c2ccccc12,31.72
N#CN=C(N=c1cc[nH]cc1)NCCCc1ccccc1,16.95
CC(C)N=c1[nH]c(-c2ccc3nn(C)cc3c2)cc2ncn(C)c(=O)c12,22.24
Cc1[nH]c(=O)c(C#N)cc1-c1ccccc1C#N,16.97
N#Cc1ccc(-c2ccc(-c3cc(C=Cc4ccc(-c5ccc(C#N)cc5)nc4)nc(-c4ccc(C#N)cc4)n3)cc2)cc1,17.91
COC(=O)C(c1ccc(C#N)cc1)(c1ccc(C#N)cc1)c1sc(-c2ccc(-c3nccc(-[n+]4ccc(-c5ccncc5)cc4)n3)cc2)nc1C,30.33
N#Cc1ccc(-c2nc(=S)n(-c3ccccc3)c(=S)n2-c2ccc(Cl)c(Cl)c2)cc1,22.12
N#Cc1ccc(-c2ccc(-c3ccc4c(c3)CCN4C(=O)C(F)(F)F)nc2)nc1,21.32
Cc1ccc(-c2nc(-c3ccc(C#N)cc3)nc(-c3cncc(C#N)c3)n2)cc1,10.4
COc1ccc(NC(=O)CCc2nc(-c3ccc4c(c3)OCO4)c(-c3ccc(F)cc3)[nH]2)cn1,28.12
Cc1cc(-c2n[nH]c(Cc3c(F)cccc3Cl)n2)ccc1C#N,23.01
Cc1ccc2c(c1)N(CC(=O)NCc1cccs1)C(=O)C(C)O2,20.23
COc1nc(C#N)nc(-c2cc(C#N)c(CCC3CCC(F)(F)CC3)nc2C(C)C)n1,25.02
C=C(C)CCOC(=O)c1ccc(N=CN2CCN(C=O)CC2)cc1,27.5
Cc1n[nH]c2ccc(-c3nc(=NC(C)c4ccccc4)[nH]cc3C#N)cc12,30.4
N#Cc1cncc(-c2nc(-c3ccc(C#N)nc3F)nc(C3CC3)n2)c1,16.13
N#Cc1ccc(-c2nc(-c3ccccc3)nc(-c3ccc([N+](=O)[O-])cc3)n2)cc1,20.0
N#Cc1ccc(-c2ccc(-c3nc(-c4ccc(-c5ccc(C#N)cn5)cc4)nc(-c4ccc(-c5ccc(F)cc5)nc4)n3)cc2)cc1,16.21
N#Cc1ccc(-c2nc(COCC3CC3)nc(-c3ccc(C#N)nc3)n2)cc1,10.58
N#Cc1ccc(-c2csc(N=Cc3ccc4ccccc4c3)n2)cc1,18.35
O=C(O)Cn1nc(-c2ccc(-c3cccc(-c4cccc(-c5ccccc5)n4)n3)cc2)nc1-c1c(F)cccc1F,33.39
N#Cc1ccsc1NC(=O)COc1ccc(Cl)cc1,19.93
O=C(C=Cc1cccnc1)c1ccccc1,15.67
CC(O)(c1ccc(C#N)nc1)c1cc(-c2ccc(C#N)nc2)c2cc(C#N)ccc2n1,26.32
O=c1c2ccccc2nc(-c2cccc(F)c2)n1N=Cc1ccc(-c2ccc(F)cc2)o1,27.68
N#Cc1ccc(-c2ccc(-c3nc(C(=O)NC4CCCCCC4)nc(-c4ccc(-c5ccc(C#N)cn5)nc4)n3)cc2)cc1,14.27
OCC1OC(c2ccc(Cl)c(Cc3ccccc3)c2)C(O)C(O)C1O,16.77
N#Cc1ccc(-c2ccc(-c3nc(-c4ccc(-c5ccc(C#N)cc5)cc4)nc(-c4ccc(-c5ccc(C#N)cn5)cc4)n3)cc2)cc1,11.11
CC(=Cc1ccc(-c2cc(-c3ccc(C#N)cc3)nc(C#N)n2)cc1)N(C)C(=O)OCc1ccccc1,38.36
N#Cc1ccc(-c2nc(-c3ccc(-c4ccc(C#N)cn4)nc3)nc(-c3cncc(C#N)c3)n2)cc1,8.69
N#CC=Cc1ccc(N2CCN(CCO)CC2)c(C#N)n1,17.72
Fc1ccc(N=c2[nH]c(=NCc3ccccc3)[nH]c3ccccc23)cc1,21.96
COCc1cc(-c2ccc(C#N)nc2)nc(-c2ccc(C#N)cc2)n1,9.08
C=CCCCCCC=CC#CCCCC(=O)O,25.17
Cc1ccc(-n2c(=O)c(=Cc3ccc(F)cc3)n(-c3ccc(Cl)cc3)c2=C(C#N)C(=O)N=c2[nH]c(-c3ccc(C#N)cc3)cs2)cc1,30.35
c1ccc(CC2=NC(c3ccccc3)C(c3ccccc3)N2)cc1,17.05
CC(C)(CNC(=O)c1c[nH]c(-n2ccc(-c3ccc(OC4CCOCC4)c(C#N)c3)n2)cc1=NC1CCCCC1)C(F)(F)F,36.62
N#Cc1ccc(-c2ccc(-c3cc(-c4ccncc4)nc(-c4ccc(-c5ccc(C#N)cc5)cc4)n3)cc2)cc1,13.4
Cc1ccc(C#N)nc1CNc1cccc(N)c1C#N,26.71
Cc1cc(Cl)cc2cc(Cn3nc(-c4ccc(C#N)cc4)c4c(C(=N)C#N)nc(-c5ccc(C#N)c(F)c5)nc43)c(Cl)nc12,34.15
N#Cc1ccc(-c2nc(-c3ccccc3)nc(-c3ccc(C#N)cc3)n2)cc1,8.8
CN(C)CCNC(=O)c1cccc(-c2ccc(C=Nc3cc(O)c(N)cc3O)cc2)c1,13.73
Cc1ccc(O)c(CNc2cccc(NC(=O)c3cccc(-c4ccc(C#N)cc4)n3)c2)c1,32.24
Cn1nc(-c2ccccc2)nc1C(C#N)=Cc1cccs1,26.52
NC(=O)CSc1nc(=Nc2ccccc2)nc(Cl)[nH]1,22.47
Cc1[nH]nc(OC2OC(CO)C(O)C(O)C2O)c1Cc1ccc(-c2ccc(C#N)cc2)cc1,18.88
N#Cc1ccc2c(c1)-c1ccc(C(N)=O)cc1N=C(CCc1ccccc1)N2,25.84
CC(=O)Nc1ccc(-c2ccc(-c3nc(-c4ccc(O)cc4)no3)cc2)nc1,22.85
N#Cc1cnc2n(c1=O)CCCS2,20.29
N#Cc1cc(N=Cc2ccc(-c3nc(-c4c5ccccc5c(C#N)c5ccccc45)nc(-c4ccc(O)c5[nH]ccc45)n3)cc2)ccc1O,25.51
CC(C)NC(=O)C1CCC(Cn2c(=S)[nH]c3ccccc3c2=O)CC1,21.45
COc1ccc(F)cc1COc1cc(-c2cc(C)nc(C#N)n2)ccc1C#N,25.54
C=CC=CC=CC=CC=Cc1ncc[nH]1,21.8
N#Cc1ccc(Cn2cncc2-c2ccc(-c3cccnc3)cc2)cc1,18.38
Cc1nc(-c2cccc(C(=O)N=c3nc(C(F)(F)F)cc[nH]3)n2)c2cc(-c3cncc(N(C)C)c3)cnn12,28.52
N#Cc1ccc(-c2cc(C=Cc3ccccc3Cl)nc(C=Cc3ccc(F)cc3)n2)cc1,23.59
CC(=NC(=O)c1cccc(-c2ccc(C#N)cc2)n1)c1nc(-c2ccc(C)cc2)cs1,27.55
CNc1cc(O)c(N=Cc2ccccc2)cc1O,14.66
CC(C)C1CN(C(=O)OC(C)(C)C)CC1N=c1cc(N=c2nc(-c3cncc(C#N)c3)cc[nH]2)nc[nH]1,33.76
N#Cc1cncc(-c2cccc(C(=O)N(Cc3ccccn3)C3CC3)c2)c1,23.62
ON=C(O)C(Cc1ccccc1)CN1CCN(c2cccc3cc[nH]c23)CC1,32.52
C=CC(=O)Nc1cc(N=c2c(C(C)=O)c[nH]c3ccc(-c4cc(F)c(O)c(Cl)c4)cc23)ccc1C,21.84
CC(=O)C1=C(Cc2cccc3ccccc23)C(=O)NC1=O,25.68
N#Cc1cncc(-c2nc(-c3cnc(C4(O)CCc5cc(C(=O)O)ccc54)nc3)nc(-c3cncc(C#N)c3)n2)c1,20.9
Cn1nc(-c2ccc(C#N)cc2)c(-c2ncnc3[nH]c(-c4ccccc4C#N)nc23)c1C1CCNCC1,34.52
N#Cc1ncnc(-c2ccc(-c3ccoc3)c(C#N)c2)n1,14.5
O=C(O)c1ccc(-c2ccc(Cn3ccc(=NCCCCCc4ccccn4)cc3)cc2)nc1C=Cc1ccc(-c2ccc(F)cc2)cc1,40.15
N#Cc1cc(C#N)cc(Oc2ccc(C#N)cc2C#N)c1,10.43
Nc1ccc2c(c1)C(=O)c1ccc(Nc3cnc4ccccn34)cc1C2=O,17.7
N#Cc1ccc(-c2cc(Cn3nc(-n4cnc(Cl)n4)ccc3=O)cc(C#N)n2)cc1,24.47
N=C(N)c1ccc(-c2ccc(-c3cccc(-c4ccc(-c5nc(Cl)nc(Cl)n5)s4)c3)cn2)nc1,17.43
N#Cc1ccc(-c2nc(-c3ccc(-c4ccc(C#N)cn4)cc3)nc(-c3cccc(C#N)c3)n2)cc1,16.06
Nc1cc(O)c(N=Cc2ccc3c(c2)OCO3)cc1O,10.52
N#Cc1ccc2c(c1)OCCN2C(=O)c1ccc(-c2cc(-c3ccc(C#N)nc3)nc(C3CCC3)n2)cc1Cl,27.33
CNC(=O)c1ccc(-c2ccc3nc(=Nc4cc(OC)c(OC)c(OC)c4)[nH]n3c2)cc1F,22.79
N#Cc1ccc(-c2nc(-c3ccc(-c4ccccc4)cc3)nc(-c3cc[n+](-c4nc(Cl)nc(Cl)n4)cc3)n2)cc1,16.87
O=C(c1cc(-c2cnco2)n(-c2ccc(F)cc2)n1)N1CCC(c2cccnc2)C1,31.85
Cc1nc(C(C)(C)C)nc(-c2cccc(C#N)n2)c1-c1ccc(C#N)cc1,20.97
NC(=NN=Cc1ccc(-c2ccc(-c3cc(-[n+]4ccc(-c5ccncc5)cc4)nc(-[n+]4ccc(-c5ccncc5)cc4)n3)cc2)nc1)NN=Cc1cccc(N)c1,23.88
N#Cc1ccc(Nc2cc(Nc3ccc4c(c3)C(=O)c3ccc(N)cc3C4=O)nc(Nc3ccc4c(c3)C(=O)c3ccc(N)cc3C4=O)n2)cc1,7.82
Cc1ncc(-c2ccn(CC(Cc3ccnc(C#N)c3)c3ccc(-c4ccc5[nH]ccc5c4)cc3)c(=O)c2)nc(=O)c1F,49.83
CCOc1ccccc1N1CCN(CCCCn2c(=O)c(-c3ccccc3)c(C)n(Cc3c(F)cccc3F)c2=O)CC1,27.69
O=C(O)CCc1cc(C(=O)c2cccc(Cc3nn[nH]n3)c2)ccc1-c1nc2cc(F)c(F)cc2[nH]1,39.25
O=C(COC(=O)C=Cc1ccc(OCCO)cc1)Nc1ccc(N2CCOCC2)cc1,30.17
COc1ccccc1NC(=O)CSc1nnc(CNC(=O)c2cccnc2)n1CCc1ccccc1,27.3
N#Cc1cnc(-c2cc(C#N)cnc2-c2ccc(C#N)nc2)nc1,12.6
N#Cc1ccc(-c2cc(C#N)cc(C3=CCCCC3)c2)nc1,15.99
CCNC(=O)c1ccc2c(c1)nc(-c1ccc(-c3ccc(C#N)cc3)cc1)n2Cc1ccccn1,21.79
O=S(=O)(Cc1ccccc1)N1CCc2ccc(C#Cc3ccccn3)nc2C1,24.62
N#CC=Cc1cc(C#N)nc(C=CC#N)n1,8.14
CNc1oc(C=Cc2ccc(O)c(OC)c2)nc1C#N,19.38
N#Cc1cncc(-c2nc(-c3cccc(C#N)n3)cc(C3CC3)n2)c1,9.68
COc1ccc(C(=O)c2cnc3c(c(-c4cc(F)cc(C#N)c4)nn3Cc3cc4cc(C#N)ccc4[nH]3)c2N)cc1,35.24
Cc1cc(-c2ccc(C(=O)N=c3[nH]c(C)c(C=O)s3)cc2C)no1,37.02
O=C1c2ccc(NC(=S)NCc3cccnc3)cc2C(=O)c2ccc(NC(=S)NCc3ccccc3)cc21,21.26
N#Cc1cccc(-c2nc(-c3cncc(C#N)c3)nc(C3CC3)n2)c1,9.14
N#Cc1cncc(-c2nc(-c3ccc(COc4ccccc4)cc3)nn2-c2ccc(OCC3CC3)nc2)c1,29.34
N#Cc1ccc(-c2ccc(-c3nc(-c4ccc(-c5ccc(C#N)cn5)c(F)c4)nc(C4CC4)n3)cc2)nc1,10.96
N#Cc1ncc(C#N)c(C#Cc2ccccc2)n1,11.6
Nc1ccc2c(c1)C(=O)c1ccc(Nc3ccnc(N4CCN(Cc5ccccc5)CC4)n3)cc1C2=O,13.09
Clc1ccc(Cl)c(Sc2nc(-n3cccc3)nc3ccc(Cl)cc23)c1,29.27
N#Cc1ccccc1-c1ccc(-c2c[nH]c(=N)cn2)c(F)c1,13.51
N#Cc1ccc(-c2nc(-c3ccc(C#N)cc3)nc(-c3cc4c(ccc5cnc(C#N)cc54)cn3)n2)cc1,26.3
COCCN(CC(C)=Cc1ccc(Cl)c(Cl)c1)C(=O)Nc1ccc(C#N)cc1,32.15
O=C1NC(=O)c2cc(NC(=O)c3ncnc(OCCCCOc4ccc5c(c4)CCC5)c3Br)ccc21,44.94
N#Cc1ccc(-c2ccc(C=NN=CNc3ccccn3)c(-c3ccc(C#N)cc3)n2)cc1,23.42
O=Cc1ccc(F)cc1-c1ccc(-c2ccc(C(=O)O)cc2)nc1,28.24
N#Cc1ccc(N2CCN(c3ccc(F)cc3C#N)CC2)cc1,20.23
N#Cc1ccc(-c2ccc(-c3nc4cc(C#N)ccc4cc3C=O)cc2)cc1,18.56
N#Cc1nc(C#N)n(Cc2ccccc2Cl)n1,17.19
O=C(Nc1ccccc1)N(Cc1ccccc1)Cc1ccc(-c2csnn2)cc1,22.09
N#Cc1ccc(-c2ccc(-c3nc(C(=O)O)cc(-c4ccc(-c5ccc(C#N)cn5)cc4)n3)cc2)cc1,9.68
N#Cc1ccc(-c2nc(=O)c3c4c(sc3[nH]2)CCCC4)cc1,21.87
N#Cc1ccc(-c2nc(Cc3ccccc3)nc(-c3ccc(C#N)cc3)n2)cc1,13.98
N#CC=Cc1ccc(-c2ccc(C#N)cn2)cc1,11.4
N#Cc1ccc(-c2ccc(-c3cc(-c4ccc(F)cc4)nc(-c4ccc(C#N)cc4)n3)cc2)cc1,12.03
N#Cc1cncc(-c2nc(-c3ccc(-c4ccc(C#N)nc4)nc3)nc(-c3cncc(C#N)c3)n2)c1,9.36
COc1cc(-c2nc(-c3ccc(-c4ccc(C#N)cc4)cc3)nc(C3CC3)n2)ccc1-c1ccc(C#N)cn1,12.23
N#Cc1cncc(-c2nc(N3CCOCC3)c3cc(N)ccc3n2)c1,19.37
O=c1cc(-c2ccc(O)c(O)c2)oc(O)c1-c1ccccc1,19.54
N#Cc1ccc(-c2ccc(-c3ccc(C#N)cn3)cn2)cc1,7.42
Cc1cc(-c2nc(-c3cncc(C#N)c3)nc(-c3cnc(C4CCOC4)c(C#N)c3)n2)ccc1C(N)=O,26.07
N#CC(=Cc1ccc[nH]1)c1ccccc1C#N,18.36
COc1ccc2c3cc[n+](Cc4ccccc4)c(Br)c3n(Cc3ccccc3)c2c1,25.71
N#Cc1ccc(-c2nc(-c3ccc(C#N)cc3)nc(-c3ccc(F)c(-c4cncnc4)c3)n2)cc1,16.3
CNC(=O)c1cc(-c2ccccc2)c2cc(-c3cnc(C#N)c(NS(=O)(=O)c4ccc(F)cc4)c3)ccc2n1,24.73
N=C(N)c1ccc(N)c(-c2ccc[n+](Cc3ccc(NC(=O)c4ccc(NC(=O)c5ccc(N=Cc6ccc(C=Nc7cc(O)c(N)cc7O)cc6)c(O)c5)cc4)cc3)c2)c1,38.55
N#Cc1cncc(-c2nc(-c3ccc(C(F)(F)F)cc3)nc(-c3cncc(C#N)c3)n2)c1,14.4
N#Cc1ccc(C(c2ccc(C(F)(F)F)cc2)n2c(=O)c(-c3nc4ccccc4[nH]3)nc3ccccc32)cc1,28.98
Cc1cc(O)cc(C)c1CC(NC(=O)C1CCCN1C(=O)c1cccc(C(=N)N)c1)c1nc(C(=O)N2CCNCC2)co1,39.04
N#Cc1ccc(-c2ccc(-c3ncc4ccccc4n3)cc2)cc1,12.45
N#Cc1ccc(-c2ccc(-c3nccc(-[n+]4ccc(-c5ccncc5)cc4)n3)cc2)cc1,8.78
Cc1ccc2c(c1)nnn2O,18.49
CC(O)(c1ccc(-c2cnc(C#N)nc2)cc1)c1nnc2ccc(-c3ccc(-c4cccc(C#N)n4)nc3)cc2n1,28.08
N#Cc1cc2cc(NC(=O)Nc3ccc(Cl)cc3)c(C#N)c(C#N)c2cc1O,33.8
O=C1C(Cl)=C(n2c(=O)ccc3ccc(Cl)cc32)C(=O)c2ccccc21,26.27
Cc1nc(-c2ccncc2NC(=O)c2cc(C#N)c(F)cn2)cc(=N)[nH]1,26.32
N#Cc1c(-c2ccncc2)cc(-c2ccc(Br)cc2)[nH]c1=N,17.46
NC(=O)c1ccc(N=CN2CCN(C=O)CC2)c2cncnc12,18.21
Nc1ccc2c(c1)C(=O)c1ccc(Nc3nc(Nc4ccc5c(c4)CCNC5=O)nc(Nc4ccc5c(c4)C(=O)c4ccc(N)cc4C5=O)n3)cc1C2=O,8.69
NC(=O)c1ccc(CC(N)C(=O)NC(CCCN=C(N)N)C(=O)NC(C=C[N+](=O)[O-])CCCN=C(N)N)cc1,32.99
Cn1c(-c2ccc(Cl)cc2)c(-c2cc(-c3ncccn3)nc(C(=O)NCc3ccc(NS(C)(=O)=O)cc3)n2)cc(C#N)c1=O,31.25
CC(NC(=O)c1ccc(-c2c(F)cc(N=c3nc4c(-c5cccc(C#N)c5)cccn4[nH]3)cc2F)cn1)C(C)(C)O,40.32
COCc1cn2c(-c3cncc(C#N)c3)nc(-c3cncc(C#N)c3)nc2n1,16.94
Cn1c(-c2nc(Cc3cc(F)cc(F)c3)no2)cc2ccccc21,25.08
N#Cc1ccc(C=NN=c2[nH]c(O)c(Cc3ccc(Cl)cc3)s2)cc1,17.47
N#Cc1ccc(-c2ccc(-c3nc(-c4ccc(-c5ccc(C#N)cc5)cc4)nc(-c4ccc(-c5ccc(O)c(C#N)c5)cc4)n3)cc2)cc1,17.57
Cc1oc(-c2ccc(-c3nc(-c4ccc(-c5ccc(C#N)cc5)cc4)ncc3CC#N)cc2)nc1C(=O)N(C)Cc1ccccc1,23.55
Cc1cc(Sc2ccc(C#N)c(NS(=O)(=O)c3ccc(Br)cc3)c2)c2ccccc2n1,27.89
N#Cc1ccc(-c2ccc(-c3nc(-c4ccc(C#N)cc4)nc(-c4ccc(-c5nc(Cl)nc(Cl)n5)c(F)c4)n3)cc2)cc1,8.54
CC(C#Cc1cc(-c2ccc(C#N)cc2)n(-c2ccc(C#N)cc2)n1)NC(=O)c1ccc(C#N)cc1,22.52
Cn1cc(C(NCc2ccccc2)c2nc(-c3ccc(C#N)cc3)cs2)nn1,23.1
Cc1cc(OCc2nc(-c3ccc(-c4ccc(C#N)cn4)nc3)nc(-c3ccc(-c4ccc(C#N)cn4)nc3)n2)ccc1OCC(=O)O,10.76
N#Cc1ccc[n+](Cc2ccc(Br)cc2)c1,18.57
N#Cc1ccc(CCNC(=O)Cn2nc(-c3ccc(-c4ncc(C(F)(F)F)cn4)cc3)cc2-c2ccccc2)cc1,28.74
N#Cc1ccc(-c2ccc(C=Cc3nc(-c4ccc(-c5ccc(C#N)cn5)cc4)nc(-c4cccnc4)n3)cn2)cc1,23.4
CN(C)CC1=NCC2CS(=O)(=O)CC2S1,31.8
Cc1cnc(Cl)nc1-c1ccc(N(Cc2ccc(C(=O)NCCc3ccc(C(C)(C)C)cc3)cc2)C(=O)c2ccc(F)cc2)cc1,27.61
N#Cc1cccc(NC(=O)Nc2ccc(-n3ccc(C=O)n3)cc2)c1,23.84
N#Cc1ccc(-c2ccccc2)c(C#N)c1,13.36
N#Cc1cc(-c2ccc3nnc(Cc4ccc5ncccc5c4)n3c2)ccn1,19.1
N#Cc1ccc(-c2ccc(-c3n[nH]c(-c4cccc(C#N)c4)n3)cc2)cc1,16.12
Cc1cc(-n2nc(C#N)c(C)cc2=O)ccc1C#N,20.22
N#Cc1cccc(-c2ccc3[nH]c4ccc(CN5CCN(Cc6ccncc6)CC5)cc4c3c2)c1,32.29
O=C1OC(Cn2ccc(=O)[nH]c2=O)CN1c1ccc(N2CCN(Cc3ccc(C=CC(O)=NO)o3)CC2)c(F)c1,27.7
O=C(O)c1ccc(-c2ccc(-c3cc(-c4ccc(-c5nc(Cl)nc(Cl)n5)cc4)cc(-c4ccc(-c5nc(Cl)nc(Cl)n5)cc4)c3)cc2)nc1,8.9
CS(=O)(=O)c1ccc(-n2cc(-c3nc(-c4ccc(C#N)cc4)nc(-c4ccc(-c5ccc(C#N)cc5)cc4)n3)nn2)cc1,18.09
O=C(N=c1cc[nH]cn1)Nc1ccc(-c2cccc(-c3nc4ccccc4[nH]3)c2)cc1,20.86
N#Cc1ncc(C#N)c(-c2cc(-c3ccc(F)c(C#N)c3)nc(N3CCOCC3)n2)n1,23.31
N#Cc1cccc(-c2ccc(C#Cc3ccc(CNCc4ccc(-c5ccc(C(F)(F)F)cc5)cc4)nc3)cc2)n1,21.92
CSc1ccccc1NS(=O)(=O)c1ccc(N2CCNC2=O)cc1,27.43
O=C(CN1CCN(S(=O)(=O)c2ccc(Cl)cc2)CC1)Nc1ccc(F)cc1,21.3
Cc1cc(-c2cccc(-c3ccc(C#N)cc3)n2)ccc1-c1ccc(-c2nc(=NCc3ccncc3)nc(-c3ccccn3)[nH]2)cc1,22.4
Cc1nc2cc(Sc3ccccc3NC(=O)Cc3ccccc3Cl)ccc2n1C,29.49
Cc1nc(-c2cc(N(CC3CCS(=O)(=O)CC3)S(=O)(=O)CC(=O)N(C)C)ccc2Oc2ccc(F)cc2F)cn1C,37.44
N#Cc1ccc(-c2ccc(-c3ncnc(-c4ccc(-c5ccc(C#N)cc5)nc4)n3)cc2)cc1,11.09
Cc1ccc(-c2cc(-c3ccc(F)cc3)cc(C(N)=O)c2N)cc1,19.8
N#Cc1ccc(-c2nc(COc3ccc(F)c(F)c3)nc(-c3ccc(C#N)cc3)n2)cc1,11.24
N#Cc1ccc(OCc2nc(-c3ccc(-c4ccc(C#N)cc4)nc3)nc(-c3ccc(-c4ccc(C#N)cn4)c(F)c3)n2)cc1,15.93
CN(C)CCNC(=O)c1cccc2c(=N)c3ccccc3[nH]c12,16.69
Nc1ccc2c(c1)C(=O)c1ccc(Nc3cc(Nc4ccc5c(c4)N(CCCO)C4CCCCC4C5=O)nc(Nc4ccc5c(c4)C(=O)c4cc(N)ccc4C5=O)n3)cc1C2=O,22.75
N#CCNC(=O)C(Oc1ccccc1C#N)C1CCCCC1,21.86
N#Cc1ccc(C=NNC(=O)c2cc(-c3cccc(C#N)c3)nc(-c3ccc(C#N)cc3)n2)cc1,20.17
C#CCN=C(C)c1cc(C=CC(C)(CCC(=C)C(C)C)C2=COC3(CC(=O)C(C(C)=O)C(=O)C3(C)C)C2)cn1C,60.4
Cc1cc(=O)c2cc(NC(=O)COCc3ccc(-c4ccc(C(F)(F)F)cc4)cc3)ccc2[nH]1,38.82
CN1CCN(C(=O)c2ccc[nH]2)C(c2ccc(-c3cncc(C#N)c3)nc2)C1,27.25
N#Cc1ccc(-c2nc3cc(C(=O)O)ccc3c3cnccc23)cc1,21.18
CN(C)C(=N)c1ccc(C=Nc2ccc(-c3cc(-c4ccc(-c5ccc(C(C)(C)C6CC6)cc5)cc4)ccc3O)cc2O)cc1,42.74
N=c1c2ccccc2[nH]c2cc(-c3cccc(Cl)c3)ccc12,23.12
Cc1cc(C(F)(F)F)nn1-c1cc(C#N)nc(-c2nc3ccccc3n2C)n1,28.75
CCCc1cc(-c2ccc(-c3cnc(OC)nc3)c(C#N)c2)nc(C#N)n1,18.58
Cc1nc(-c2cccc(N)c2)c(-c2ccc(F)cc2)nc1-c1cccc(C=CC#N)c1,28.7
N#Cc1ccc(-c2nc(-c3ccc(F)c(C#N)c3)nc(C(OCc3ccc(F)cc3F)(c3cc(C#N)cc(C#N)c3)C(F)(F)F)n2)cc1,29.56
CC(C)(C)c1nn(CCCC#N)c(=NC(=O)c2ccc(F)c(C(F)(F)F)c2)s1,20.86
Cc1ncc([N+](=O)[O-])n1CCNC(=O)C1C(C(=O)NCc2ccc(C#N)cc2)C2CCC1C21CC1,31.84
CC(=O)Nc1ccc2c(c1)C(=O)c1ccc(N)cc1C2=O,13.54
N#Cc1ccc(-c2ccnc3ccc(-c4cccnc4)cc23)cc1,20.51
Brc1cccc(-c2ccc3c(c2)COc2ccsc2-3)c1,33.45
Cc1ccc(OCc2nc(-c3ccccn3)no2)cc1C,20.83
C=CC(=O)N1CCC(NC(=O)c2ccc3nc(-c4ccc(C=CC(O)=NO)cc4)sc3c2)CC1,36.29
COc1cc(-c2cncnn2)ccc1N=c1nc2c(=Cc3ccc(-c4cccc(C(=O)N5CCN(C)CC5)n4)cc3)cnn2c(=N)[nH]1,33.74
CN1C(=O)c2ccccc2C(=CC#N)c2cc([N+](=O)[O-])ccc21,25.3
N#Cc1ccc(OCc2nc(-c3ccc(-c4ccc(C#N)cn4)nc3)nc(-c3ccc(-c4ccc(C#N)cn4)nc3)n2)cc1,11.09
CC(=NNC(=S)NC1CCCCC1)c1cncc(Cl)n1,22.83
N#Cc1ccc(-c2ccc(-[n+]3ccc(-c4ccncc4)cc3)nc2)cc1,11.76
N#Cc1ccc(-c2nc(N3CCOCC3)nc3c2C(=O)c2ccc(-c4cccc(F)c4)cc2CC3)cn1,23.31
CCN1CCN(c2cc(=Nc3nc(C)cc(-c4ccc5nccnc5c4)n3)nc(C)[nH]2)CC1,26.82
CCc1cc(C(F)F)nc(-c2ccc(-c3ccc(CC#N)cc3)cc2)n1,19.48
COc1ccc(-c2c(C#N)c(N3CCOCC3)c(O)c3c2C(=O)c2ccccc2C3=O)cc1,32.26
COc1cc(-c2nc(-c3ccc(-c4ccc(C#N)cc4)cc3)n(Cc3ccc(C#N)cc3)n2)ccc1-n1cnc(C)c1,17.89
CCCC(=O)c1cnn(-c2ccc(NC(=O)Nc3ccc4c(c3)C(=O)c3ccc(N)cc3C4=O)cc2)c1C,21.78
Cc1ccc(C=Nn2c(-c3ccc(C#N)cc3)nc3ccccc3c2=O)cc1,15.33
CC(=O)c1cccc(NC(=O)Cc2cc(-c3ccccc3)ncn2)c1,27.37
COc1ccc(CCc2cc(C(=O)NC(=O)C(=O)Nc3ccc(F)c(F)c3)no2)cc1,35.01
CC=Nc1ccccc1NN=C1C(C=Cc2ccc(N(C)C)cc2)=CCc2ccccc21,38.14
C=c1c(=Cc2sc(=Nc3ccc(C)cc3)n(C)c2O)cc(C)n1Cc1ccccc1,19.9
N#Cc1ccc(CNc2ccc3ncnc(C=Cc4ccccn4)c3c2)cc1,21.23
N#Cc1ccc(-c2ccc(-c3cc(-c4ccccc4)nc(-c4ccc(C#N)cc4)n3)cc2)cc1,11.51
N#Cc1ccc(-c2ccc(-c3n[nH]c(-c4cc(F)cc(-c5cncc(C#N)c5)c4)n3)cc2)cc1,21.79
Cc1cnc(-c2ccc(C(N)=O)c(F)c2F)c(C)c1,23.03
NC(N)=NC(=O)c1nc(Cl)c(=Nc2ccccc2Cl)[nH]c1N,18.77
Cc1cnn(CC2CCN(CC=Cc3ccc(CN4CCCCC4=O)nc3)CC2)c1,35.83
Cc1ccc(NC(=O)Nc2ccc(-c3nc4cc(C#N)cc(C)c4o3)cc2)cc1Br,30.02
COCc1ccccc1-c1c(C(=O)CC(C)C)c(O)c(O)n1-c1ccc(-c2ccoc2)cc1,17.02
CC(=O)c1cc(-c2ccc(-c3ccc(C#N)cn3)cc2)nc(-c2ccc(-c3ccc(C#N)cc3)cc2)n1,12.88
Cc1cc(C)[nH]c(=NCc2ncn3cc(OCCCN4CCCCC4)ccc23)n1,33.68
N#Cc1ccc(-c2cc(Cl)nc3nc(CO)nc(N=c4ccc(C#N)c[nH]4)c23)cc1,27.09
N#Cc1ccc(-c2ccc(-c3ccnc(Sc4cccc(F)c4)n3)cn2)nc1,19.49
S=c1n(CN2CCN(c3ccccc3)CC2)nc(Cc2ccc(-c3ccccc3)cc2)n1-c1ccccc1,21.43
FC(F)(F)c1cccc(-c2nnc3n2N=C(c2ccc4c(c2)SCCCS4)CS3)c1,35.4
N#Cc1cc2nc(-c3ccc(F)cc3)c(-c3ccc(F)cc3)nc2cn1,19.17
CCNC(=O)c1cccc(-c2cc(C#N)ccc2Oc2ccc(C#N)cc2F)n1,31.0
N#Cc1ccc(C2=NOC(c3ccccc3)N2c2nc(-c3ccc(C#N)cc3)cc(-c3ccc4c(c3)OCO4)n2)cc1,28.42
N#Cc1c2ccccc2c(-c2nc(-c3c4ccccc4c(C#N)c4ccccc34)nc(-c3c4ccccc4c(C#N)c4cc(Cl)ccc34)n2)c2ccccc12,15.57
N#Cc1ccc(-c2cc(C#N)c(Sc3ccccc3)cn2)cc1,18.49
Cc1ccc(-c2nnc(COC(=O)c3ccc(C#N)cc3)o2)cc1,18.79
Cc1cc(C2NC(=N)N=C3CCCC(=O)C32)cc2c(N3CCOCC3)nc(-c3cncc(C#N)c3)nc12,29.63
N#Cc1cc(F)cc(C(=O)Nc2nc(-c3ccc(F)cc3)c3ccccc3n2)c1,23.97
FC(F)(F)c1cnc(-c2ccc3cc(Cc4ccc(C5CC5)cc4)c(-c4nc(-c5ccc(Cl)cc5)cs4)cc3c2)nc1,41.63
COc1ccc(-c2cc(=Nc3cccc(C)c3)[nH]c(=NN=Cc3c[nH]c(=N)cn3)[nH]2)cc1,29.8
CCN(CC)N=Nc1nc(OC)nc(-c2ccc(-c3ccc(C#N)cc3)cc2)n1,21.02
N#CCn1c(-c2ccc(C#N)cc2)nc(-c2ccc(C#N)cc2)c1-c1ccccc1,10.74
O=C(C=Cc1ccccc1C=CCc1ccccc1)NS(=O)(=O)c1c(F)c(F)c(F)c(F)c1F,23.28
N#Cc1ccc(-c2csc(=Nc3ccncc3)[nH]2)c(F)c1,22.05
Cc1ncc(-c2ncc(C#N)cc2-c2nc(Cl)nc(Cl)n2)cc1Cl,12.69
N#Cc1cncc(-c2nc(-c3cncc(C#N)c3)nc(-c3ccc(Cl)c(Cl)c3)n2)c1,12.77
COC(=O)c1cccc2c1NC(=O)c1ccccc1C2=CC#N,23.5
N#Cc1ccc(-c2ccc(-c3cccc(-c4ccc(-c5cccc(-c6cn(CCc7ccccc7)nn6)c5)cc4)n3)cc2)cc1,29.97
COc1cccc(CNc2cc(C(F)(F)F)cc3ncc(-c4ccc(C#N)cc4)nc23)c1,24.98
N#Cc1cccc(-c2cc(-c3ccncc3)nc(CNC3CCCCCCC3)n2)n1,24.07
N=c1c2c([nH]c3c1CCCC3)CCCC2,18.81
N#Cc1ccc(-c2ccc(-c3cc(C(F)(F)F)nc(-c4ccc(-c5cccc(C#N)c5)cc4)n3)cc2F)nc1,10.6
NCCCNC(=O)c1ccc(-n2cnc3ccccc3c2=O)cc1,24.92
N#Cc1ccc(CNC(=O)c2nc(-c3ccc(-c4ccc(C#N)cc4)cc3)nc(-c3ccc(-c4ccc(C#N)cn4)nc3)n2)cc1,10.59
N#CC=Cc1ncc(-c2cc(F)cc(C(F)(F)F)c2)c(C=CC#N)n1,25.52
C[n+]1cccc(C=NO)c1,14.95
Cc1cccc(-c2nc(-c3nc4cc(C#N)ccc4[nH]3)c3ccc(-c4cnc(-c5ccccc5)nc4)cc3n2)n1,30.56
N#Cc1cccc(-c2cc3c(cc2F)ncc2[nH]c(C(=O)N4CCOCC4)cc23)c1,31.95
CC(=NOCc1ccc(C2(CC#N)CCc3ccc(C(O)=NO)cc3C2)cc1)c1ccc(C=Nc2ccc(C#N)cc2)c(C)c1,38.26
CN1CC2(CC(c3cccc(C#N)c3)=NO2)C(=S)Nc2c(Cl)cc(-c3ccccc3)cc21,37.96
Cc1nc(-c2ccc(C#N)cc2)c(-c2ccc3c(c2)OCO3)cc1COCc1ccc2c(c1)COC2=O,30.79
N#Cc1ccc(NN=Cc2cccc(F)c2C#N)cc1,14.7
CN1CCC(NC(=O)c2nc(-c3ccc(-c4ccc(C#N)cc4)cc3)nc(-c3ccc(-c4ccc(C#N)cn4)cc3)n2)CC1,10.43
N#Cc1cncc(-c2nc(-c3cccc(C#N)n3)nc(-c3cccc(C#N)n3)n2)c1,9.46
Cc1cc(C)cc(NC(=O)c2ccc(N=c3nc[nH]c4cc5c(cnn5-c5cccc(CC#N)c5)cc34)cc2)c1,40.54
N#Cc1ccc(-c2nc(-c3cncc(C#N)c3)nc(-c3cccc(F)c3C#N)n2)cc1,10.96
Cn1c([N+](=O)[O-])cnc1Sc1ncc(-c2ccc(F)cc2)n1-c1ccccc1,22.7
Cc1cc(-c2cc(-c3cc(C)nc(C#N)n3)c(C(F)(F)F)cc2F)cc(C)n1,27.76
CC(C(=O)NCc1ccc(C(F)(F)F)nc1CC(C)(C)C)c1ccc(NS(C)(=O)=O)c(F)c1,25.43
N#Cc1ccc(CN=c2cc(-n3ccccc3=O)nc[nH]2)cc1,24.33
Cc1ccc(-c2cc(Oc3ccc(NC(=O)c4cccc(C(F)(F)F)c4)cc3F)ccn2)c(C#N)n1,27.38
N#Cc1ccc(-c2ccc(-c3nc(-c4ccc(-c5ccc(C#N)cn5)cc4)nc(C4CCCC4)n3)cc2)cc1,9.76
Cc1nn(CC(=O)O)c(C)c1C=NN=c1nc(N2CCOCC2)[nH]c(N2CCOCC2)n1,27.97
CN1CCN(c2cnc(-c3ccc(-c4ccc(C#N)cc4)cc3)nc2C#N)CC1,15.5
N#Cc1ccc(-c2nc(COc3ccc(OCC(=O)O)c(F)c3)nc(-c3ccc(C#N)cc3)n2)cc1,13.63
CCS(=O)(=O)Nc1cccc(-n2c(N)cc(=O)n(C)c2=O)c1,26.52
Cn1c(=C(OC(=O)c2ccc(C#N)c(-c3ccccc3)c2)c2ccc(F)cc2)ccc1=C(C#N)c1cccc(C(C#N)=c2ccc(=C(C#N)C#N)cc2)n1,36.02
O=C(Nc1c(F)cccc1Cl)c1ccccc1Sc1ccc2c(C=Cc3ccccn3)[nH]nc2c1,30.01
CSc1nccc(C(=O)Nc2cc(-c3ccc(Cl)cc3)c(-c3ccc(C#N)cc3)c(-c3ccccc3)c2C#N)n1,31.75
CC(C)Oc1cnc(-c2ccc(-c3cc(-c4ccc(-c5nc(Cl)nc(Cl)n5)cc4)cc(-c4ccc(-c5nc(Cl)nc(Cl)n5)cc4)n3)cc2)cc1Br,22.98
Cc1ccnc(N(N=Cc2ccc(Cl)cc2)NC(=S)Nc2ccc(Cl)cc2)n1,28.23
N#Cc1cc(N2CCN(S(=O)(=O)c3ccccc3C#N)CC2)nc(C(F)(F)F)n1,24.34
N#Cc1ccc(-c2cc(C(=O)n3cc(C=O)c4ccccc43)nc(-c3ccc(C#N)cc3)n2)cc1,22.51
Cc1ccc(-c2nc(C(=O)NCc3ccc(C#N)nc3)cnc2-c2ccc(C#N)cc2)cc1,17.71
N#Cc1ccc(-c2cc(C(N)=O)nc(-c3ccc(C#N)cc3)n2)cc1,11.96
N#Cc1ccc(-c2cc(-c3ccc(Cl)cc3)nc(C=NO)n2)cc1,23.04
COC(C(=O)O)c1ccc(-c2ccc(C#N)cc2)cc1,23.62
N#Cc1cc(-c2cc[nH]c(=Nc3ccc(Cl)c(F)c3)n2)cnc1N1CCC(O)C1,23.19
CC(N=c1nc(N2C(=O)OCC2C(C)O)cc[nH]1)c1ccc(-c2ccc(C#N)cn2)cc1,16.03
Cc1csc(CN2CC3C(CNC(=O)c4cccc(F)c4)C3C2)n1,29.06
O=C(c1cc2cc(Br)ccc2[nH]1)N1CCc2ccccc2C1,28.14
COc1ccc(C(C)(C)c2c(N)n(CCC#N)c(=O)[nH]c2=O)cc1,32.32
S=C(NN=Cc1ccccc1)Nc1ccccc1,15.26
O=C(c1ccc(-c2nnc(Cc3ccc(C(F)(F)F)cc3)o2)cn1)N1N=C(c2cccnc2)CC1c1ccc(Cl)cc1,30.68
COc1cc(C=NNC(=O)c2ccc(C=CC(=O)c3cccnc3)cc2)ccc1O,28.31
Cc1[nH]n(-c2ccccc2)c(=O)c1-c1ccccn1,21.67
CN(C)CCNC(=O)c1cc2c(=O)n3c(nc2s1)CCCCC3,23.15
N#CC=Cc1cccc(-c2nc(-c3ccc(C#N)cc3)nc(-c3ccc(C#N)cc3)n2)n1,10.14
O=c1c2ccccc2nc(C=Cc2ccncc2)n1-c1ccccc1,17.44
CS(=O)(=O)N1CCCC(c2nc(-c3cc[nH]c(=NCc4ccncc4)n3)c(-c3ccc(F)cc3)[nH]2)C1,24.76
O=C(c1ccc(Cl)cc1)c1ccc(-c2ccc(-c3cccc(-c4ccc(-c5nc(Cl)nc(Cl)n5)cc4)c3)cc2C(=O)O)nc1,15.96
CN1C(=O)CSc2ccc(NC(=O)Nc3cccc(Cl)c3)cc21,21.56
Clc1nc(Cl)nc(-c2ccc(-c3ccc(-c4nc(-c5ccc(Cl)c(Cl)c5)no4)cc3)cc2)n1,14.91
N#Cc1ccc(-c2nc(-c3ccccc3)nc(-c3cccnc3)n2)cc1,15.01
CCN=c1nc(-c2cncc(C#N)c2)nc(-c2ccc(-c3ccc(C#N)cn3)nc2)[nH]1,23.57
N#Cc1ccc(-c2ccc(CN3CCN(Cc4ccc5c(c4)CCO5)CC3)cn2)cc1,21.78
Nc1c(Cl)[nH]cnc1=NCCc1ccccc1,19.98
Cc1cc(C)n(-c2ccc(N=c3nc(Sc4ccccc4)cc(Oc4ccc5c(c4)CCC5=O)[nH]3)cc2)n1,32.08
CC1=NC2(NC1=N)c1cc(-c3ccc(C#N)cc3)ccc1C1CCCOC12,21.25
N#Cc1ccc(-c2ccc(-c3cc(C(=O)NC4CC4)nc(-c4ccc(-c5ccc(C#N)cc5)cc4)n3)cc2)cc1,13.52
N#Cc1ccc(-c2cccn3c(=O)cc4c(c23)C(=O)N(O)C4)cc1,29.1
N#CCCN1C(=O)C(=NCCc2cccs2)C(Cl)C1=O,28.22
N#CCC1CCCCC1N1CCN(c2cc(N=c3cc(C#N)cc[nH]3)[nH]c(=Nc3cc(NCCCN)ccn3)n2)CC1,39.19
Cc1cc(C2=NN(C(=O)c3cccs3)C(c3ccc(C#N)cc3)C2)ccc1OCC(=O)O,29.72
C#CCOc1cccc(-n2nnc(-c3cccnc3)n2)c1,21.81
Cc1nc(-c2ccc(C)s2)nc(C2CCCN2C(O)c2ccc(O)[nH]2)n1,30.92
COc1cc(C=Cc2ccc(OC)c(OC)c2)cc(OC)c1,18.98
Cc1nc(N=c2[nH]c(-c3cccc(C#N)c3)cs2)c2c(C)ccn2n1,26.52
O=C(c1ccccc1)c1ccc(-c2ccc(-c3cc(-c4ccc(-c5nc(Cl)nc(Cl)n5)cc4)cc(-c4ccc(-c5nc(Cl)nc(Cl)n5)cc4)n3)cc2)nc1,8.45
CCNC(=O)c1nc(-c2ccc(-c3ccc(C#N)cn3)cc2)n(C(=N)N)n1,27.61
CCC(=O)Nc1ccc2c3c(cccc13)C(=O)N2CC(CC)CC,29.27
N#Cc1ccc(-c2ccc(-c3ncnn3-c3cccc(Cl)c3Cl)cc2)cc1,16.37
N#Cc1ccc(-c2ccc(Cn3ccc(=O)[nH]c3=O)cc2)cc1,16.05
N#Cc1ccc(-c2nc(COCC3CC3)nc(-c3ccc(C#N)cc3)n2)cc1,8.25
N#CC(C#N)=c1ccc(=C(C#N)c2nc(C3CC3)no2)cc1,11.87
CC(C)n1c(C(N)=O)cc2cc(-c3ncnc(=N)[nH]3)ccc21,27.32
N#CN1CCC(NC(=O)c2cc(=NC(=O)c3cc(-c4ccccn4)c(F)cc3Cl)n(-c3ccccc3)[nH]2)C1,25.44
CCC(NC(=O)c1cnc2cc(-c3nccs3)ccn12)(c1nc(C#N)cc(-c2ccc(Cl)cc2)n1)C(F)(F)F,37.81
O=C(NCCCCC(O)=NO)c1nccc2ccccc12,22.22
Cc1cccc(-c2ccc(-c3nc(-c4cncc(C#N)c4)cn4cnnc34)cc2)n1,20.42
CN(C)c1nc(C(F)(F)F)nc2c1ncn2Cc1ccnc(-c2ccc(C#N)cn2)c1,26.99
N#Cc1ccc(-c2nc(CO)nc(-c3cc(F)c(F)c(C#N)c3F)n2)cc1,22.44
N#Cc1ccc(-c2ccc(F)c(Cl)c2)c(C#N)c1,22.07
N#Cc1ccc(-c2nc(CC3CC3)cc(-c3cccc(F)c3)n2)cc1,15.37
Cc1cc(C(=O)NC(CC(C)C)c2cccc(C(O)=NO)n2)nc(-c2ccc(F)cc2)n1,30.05
O=C(O)CCCCCn1ncc2ccsc2c1=O,25.57
O=C(O)c1cc(N=Cc2ccncc2)ccc1O,17.6
Cc1ccc2oc(SCc3ccc(C#N)cc3)c(CC(=O)O)c2c1,32.87
CC(C)(N)COCc1ccc(-c2nc(-c3ccc(C#N)cc3)nc(-c3ccc(-c4cc5ncccc5o4)cc3)n2)c(Cl)c1,35.4
Cc1ccc(C)c(-c2nc(COc3ccc(OCC(=O)O)c(C)c3)nc(-c3ccc(C#N)cc3)n2)c1,17.5
CN(Cc1cccc(C(=O)c2ccccc2)c1)Cc1nc(-c2ccco2)no1,36.37
N#Cc1ncnc(-c2ccc(C#N)c(C#N)c2)n1,10.4
CC(CO)n1cc(C(=O)c2cc(NC(=O)c3cccc(C#N)n3)ccc2C#N)c2cncc(F)c21,27.58
Cc1nc(-c2cccc(C#N)c2)cc(=NC(O)c2cccc(Oc3ccc(F)cc3)c2)[nH]1,23.53
N#Cc1cncc(-c2nc(-c3ccccn3)nc(C3C4CN(Cc5cnccn5)CC43)n2)c1,20.78
C=CCN(Cc1c[nH]cn1)c1ccccc1,17.55
N#Cc1cncc(-c2nc(-c3cncc(C#N)n3)n3ncccc23)c1,18.27
CCCN(CCC)C(=O)c1cc(C)cc(C(=O)NC(Cc2cccc(C(=O)N(C)C)c2)C(O)CNCc2cccc(OC)c2)c1,30.76
C#CCOc1nc(=Nc2ccc(C#N)cc2)nc(C#N)[nH]1,14.86
N#Cc1ccc(-c2cc(C(=O)NCc3ccc(C(O)=NO)cc3)nc(-c3ccc(C#N)cc3)n2)cc1,17.96
Clc1ccc(-c2nc(-c3ccc(Cl)cc3Cl)nc(=NCCc3ccccc3)[nH]2)cc1,19.56
C=CCN(CCCc1ccc(OC)c(OC)c1)C(=O)C1CCCN(CCc2cccc(OC)c2)C1,30.38
N#CC=Cc1cc(C#N)cc(C(=O)Nc2cc(C#N)cc(C#N)c2)n1,19.51
COCCNC(=S)N1CCN(Cc2ccccc2)CC1,19.03
CC1=CCCC(C)(C)C1C=Cc1cccc(C=c2[nH]c(=O)c(=Cc3ccc(NC(=O)CN4CCN(C)CC4)cc3)nc2C)n1,31.63
O=c1cc(-c2ccc(Cl)c(Cl)c2)[nH]c(N=Cc2ccc(F)cc2)n1,21.71
COC(=O)C(Cc1ccc(F)c(F)c1)C(=O)C=Cc1ccc(C#N)cc1,35.92
N#Cc1ccc(-c2ccc(CCc3nc(C#N)cn3-c3ccccc3)cc2)cc1,15.12
O=C(c1nc(Cc2c[nH]c3cccnc23)ccc1F)N1CCNCC1,25.63
CCN(CC)c1nc2cc(NC(=O)c3ccc(Cl)cc3)ccc2[nH]1,22.08
Cn1cnc2cc(-c3nc(-c4ccc(C#N)cc4)nc(-c4ccc(C#N)cc4)n3)ccc21,13.47
COc1ccc2c(c1)C(=O)CN2CC#Cc1cnc2c(c1)cc(C#N)c(=O)n2Cc1ccc(-c2ccc(C#N)cc2)cc1,38.0
N#Cc1ccc(NC(=O)c2ccc(-c3cc(-c4ccc(C#N)cc4)cc(-c4cccc(-c5ccc(C[n+]6cn(N)c(-c7ccc(-c8ccc(C#N)cc8)cc7)n6)cc5)n4)c3)cc2)cc1,30.2
N#Cc1ccc(N=Cc2ccccc2)cc1,11.89
N#Cc1ccc(-c2cc(-c3cnc(C#N)nc3)nc(-c3ccc(C#N)cn3)c2)cc1,18.34
N#CCC1(n2cc(-c3ncnc4[nH]ccc34)cn2)CN(C2CCN(C(=O)c3cc(F)c(C#N)c(F)c3F)CC2)C1,21.93
N#Cc1ccc(NC(=O)c2cccc(N=Cc3ccc(C=Nc4ccc(Cc5ccc(N)cc5)cc4)cn3)c2)cc1,24.29
N#CC(C#N)=c1ccc(=C(C#N)c2nc(C(C#N)=c3ccc(=C(C#N)C#N)cc3)nc(C(C#N)=c3ncc(=CCCO)nc3Cl)n2)cc1,23.37
COc1cc2cc(C(C)=O)nc(C(=O)CCCCCCc3c(C)c(C)cc(C)c3C)c2cc1OC,43.86
CCN1CCN(c2ccc(NC(=O)c3nc(-c4cccc(C#N)c4)nc(CO)c3C)cc2F)CC1,29.2
Cc1cccc(-c2csc(=NC(=O)C3=COCCO3)[nH]2)c1,20.53
CCCCN1CCC(C(=O)OCCN(CC)CC)(c2cccc(C)c2)CC1,28.7
CCCS(=O)(=O)c1ccc(-c2nc(=NCc3ccc4c(c3)OCO4)nc(-c3ccc(C#N)cc3)[nH]2)cc1,29.38
Cc1cc(OCc2nc(-c3ccc(C#N)cc3)nc(-c3ccc(C#N)cc3)n2)nc(-c2ccc(C#N)cc2)c1,13.29
N#Cc1ccc(-c2nc(-c3ccc(C#N)cc3)nc(-c3cc(C(F)(F)F)cc(C(F)(F)F)c3)n2)cc1,11.57
Cc1cc(=Nc2cccc(C#N)c2)c2cc(NC(=O)Nc3cccc(Cl)c3)ccc2[nH]1,23.88
Cc1ccc(S(=O)(=O)N2CCN(c3cc4c(C=C(C#N)C#N)ccnc4cn3)CC2)cc1,27.7
N#Cc1ccc(-c2ccc(-c3nc(-c4ccc(-c5ccc(C#N)cn5)cc4)nc(-c4ccc(-c5ccc(C#N)cn5)nc4)n3)cc2)cc1,8.3
N#Cc1cncc(-c2nc(C#N)nc(-c3ccc(-c4nc(-c5ccc(C#N)nc5)nc(C5CC5)n4)c(C(F)(F)F)c3)n2)c1,23.4
N#Cc1ccc(-c2cc(=NCCN3CCOCC3)[nH]nc2-c2ccc(Cl)cc2)cc1,19.24
CC1CN(Cc2ncc(-c3ccc4nc(C#N)ccc4c3)cc2C(=O)Nc2ccc(-c3ccccc3)cc2)CC(C)N1C,37.61
N#Cc1cc(-c2nc(F)c(F)c(=N)[nH]2)ccc1-c1cccc(-c2ccc(-c3nc(Cl)nc(Cl)n3)cc2)c1,21.73
N#Cc1cncc(-c2nc(-c3cncc(C#N)c3)nc(-c3cc(C#N)cc(-c4c[nH]c(=O)o4)c3)n2)c1,21.17
CCN1CCC(c2cn(C)c3cc(F)c(-c4nc(C(=O)N=c5cccc[nH]5)cc(C5CC5)n4)cc23)CC1,38.35
N#Cc1ccc(C=O)c(-c2ccc(F)cc2)n1,17.28
N#Cc1ccc(-c2ccc(-c3nc(C(=O)NCc4cccnc4)cc(-c4ccc(-c5ccc(C#N)cn5)cc4)n3)cc2)cc1,11.21
N#CCNC(=O)C(Cc1cccc(Oc2ccccc2)c1)N=c1ccc(C#N)c[nH]1,31.73
Cc1cc(=Nc2nccc(-c3nccn3Cc3ccccc3C#N)n2)cc(C)[nH]1,23.33
N#Cc1ccc(C(=S)Nc2ccc(N=C(N)N=C(N)N)cc2)cc1,22.01
Cc1ccc(NC(=O)Cn2c(=O)n(-c3ccc(C)cc3)c(=O)c3c4ccccc4ncc32)cc1,25.09
Fc1ccc(NC(=S)N(CCN2CCOCC2)Cc2cccnc2)cc1Cl,21.28
N#Cc1ccc(C(C#N)c2cccc(-c3ccc4c(c3)CCCC43CCC(N)C3=O)n2)cc1,39.32
Nc1ccc2c(c1)C(=O)c1c(ccc3cccnc13)C2=O,18.67
FC(F)(F)c1ccc(CC=NNC2=NCCN2)cc1,24.63
N#Cc1ccc(Nc2ccc3c(c2)C(=O)c2ccc(N)cc2C3=O)c(N)c1,11.94
CS(=O)(=O)N1CCc2cc(S(=O)(=O)Nc3ccc(F)c(C(=O)Nc4cccnc4)c3F)ccc21,33.87
N#Cc1cncc(-c2ccc(-c3ccccn3)c(-c3cc(C(=N)N)cc4ccccc34)c2)c1,33.8
N#Cc1cncc(-c2ccc3ncc(-c4ccc(F)cc4)n3n2)c1,16.15
C#CCCCOc1ccccc1-c1cc(-c2ccc(C#N)cc2)nc(-c2ccc(C#N)cc2)n1,20.8
N#Cc1cccc(-c2ccc(Cc3cccc(C4CCNCC4)c3)cc2)c1,23.84
N#Cc1ccc(-c2ccc(Cn3nc(-c4cccc(C#N)n4)c4cnc(C#N)nc43)cc2)cc1,18.45
Fc1ccc(C=Nn2cnnc2)cc1F,16.45
N#Cc1ccc(-c2ccc(-c3nnc4n3-c3cccnc3Nc3ccccc3-4)cc2)cc1,15.42
Nc1ccc2c(c1)C(=O)c1ccc(NC(=O)Cn3cnc4cc(NS(=O)(=O)c5ccc(F)cc5)ccc43)cc1C2=O,29.93
N#Cc1ccc(C#Cc2ccc(C#N)c(C#N)n2)cc1,13.99
N#Cc1ccc(-c2nc(-c3cncc(C#N)c3)nc(-c3ccc(-c4ccc(C#N)cn4)c(F)c3)n2)cc1,8.12
C=CCOc1nc(-c2cccc(C#N)c2)cc(O)c1C(=O)c1cc(F)c(=O)n(-c2ccc(F)cc2)c1,31.8
COc1ccc(-c2ccc(-c3nc(-c4ccc(C#N)cc4)nc(-c4cncc(C#N)c4)n3)cn2)cn1,19.1
N#Cc1ccc(-c2ccc(-c3nc(N=c4ccc(C#N)c[nH]4)c4cc(F)ccc4n3)cc2)cc1,16.99
N#Cc1ccc(-c2nc3ccccn3c2-c2cc[nH]c(=Nc3cccc(Br)c3)n2)cc1,22.96
NCCCCCCNC(=O)c1cccc(N=Cc2ccc(-c3nc(-c4ccc(C=Nc5ccc(C(N)=O)c(O)c5)cc4)nc(-c4ccc(C=Nc5cc(O)c(N)cc5O)cc4)n3)cc2)c1,23.39
Cc1cc(Nc2nc(C#N)nc(Nc3ccc4c(c3)C(=O)c3ccc(N)cc3C4=O)n2)[nH]c(=N)n1,15.31
N#Cc1cncc(-c2nc(-c3cncc(C#N)c3)nc(-c3ccc(C#N)c(Cl)c3)n2)c1,13.79
CC(C)(C)OC(=O)N1CCC(N(Cc2ccc(-c3ccc(C#N)cc3)cc2)C(=O)C2CCS(=O)(=O)CC2)CC1,27.17
Cn1c2c(c3cc(C#N)ccc31)CCN(C(=O)c1cccc(C(F)(F)F)c1Cl)C2,28.07
N#Cc1ccc(-c2cc(-c3ccc(C#N)cc3)nc(-c3ccc(C#N)cn3)c2)cc1,14.48
CC(=O)Nc1cc(O)c(N=Cc2ccc(O)cc2)cc1O,13.9
COc1ccccc1NC(=O)NC(=O)COc1ccccc1F,28.16
Cc1nc(-c2cncc(C#N)c2)nc(-c2cncc(C#N)c2)n1,10.37
O=S(=O)(NC1=NCN(Cc2ccccc2)CN1)c1ccccc1,19.35
CCCCc1nc(OCC(=O)Nc2ccc(C#N)cc2)c2ccccc2n1,25.86
N#Cc1ccc(-c2nc(-c3ccccc3)nc(-c3ccnc(-c4ccc(-c5nc6cc(C#N)ccc6[nH]5)cc4)n3)n2)cc1,21.1
N#Cc1cncc(-c2nc(-c3ccc(C(F)(F)F)nc3)nc(-c3cncc(C#N)c3)n2)c1,12.76
N#Cc1ccc(-c2ccc(-c3nc(Cl)nc(-c4ccc(-c5ccc(C#N)cc5)cc4)n3)cc2)cc1,10.25
O=C(Cc1ccc(Cl)c(Cl)c1)N(CCCCCCn1c(=O)c(=O)[nH]c2ccccc21)C1CCc2ccccc2C1,31.65
Cc1cc(-c2ccc(C3CCN(C4CCOCC4)CC3)c(C#N)c2)[nH]c(=Nc2ccccn2)n1,20.86
Cc1cccc(-n2c(C)nc(-c3ccc(F)cc3)c2-c2ccccc2)c1,20.53
CC(=O)NC(C)Cc1ccc(C#Cc2ccc(-c3nc(-c4ccccc4)nc(-c4ccc(C#N)cc4)n3)cn2)cc1,17.12
Oc1ccc(F)cc1-c1csc(=Nc2ccncc2)[nH]1,25.15
Cc1ccc(-c2cc(CNC(=O)c3cccc(O)c3)c3cc(O)ccc3n2)cc1,34.17
N#Cc1cncc(-c2nc(C#N)nc(N3CCCC3CO)n2)c1,14.26
N#Cc1cc2ccc(C=Cc3ccncc3)nc2cc1C#N,21.48
COCc1cc(-c2ccc(-c3ccc(C#N)cn3)nc2)nc(-c2cncc(C#N)c2)n1,13.5
C=c1[nH]c(C)cc1=Cc1ccc(N(C)C)cc1,15.52
O=C(NC1CCCCC1)NC(c1ccc(Oc2ccc(Cl)cc2)cc1)(c1cccnc1)c1cscn1,36.32
N#Cc1ccc(-c2ccc(-c3nc(-c4ccc(-c5ccc(Cl)c(Cl)c5)nc4)nc(C(F)(F)F)n3)cn2)nc1,15.76
N#Cc1ccc(-c2cc(C(=O)NC3CNC(C(=O)NC4CCCC4C#N)C3)nc(C(F)(F)F)n2)nc1,32.88
N#Cc1ccc(-c2ccc(-c3nc(C(=O)C(=O)Nc4ccc(C(N)=O)cc4)cc(-c4ccc(-c5ccc(C#N)cn5)c(F)c4)n3)cc2)cc1,29.32
CC1CCC(NC(=O)c2ccc(CSCc3ccccc3)o2)CC1,23.02
Cn1cc(C#Cc2cc(-c3nc(C#N)nc4c3ncn4C)cc(N3CCNC(=O)C3)c2)cn1,35.29
CC(=O)OC1CNCCC1c1ccc(OCc2cc(-c3ccc(C#N)cc3)nc(-c3ccc(C#N)cc3)n2)cc1,18.17
N#Cc1ccc(-c2cccc(-c3cccc(-c4ccc(C(=O)NC(CCCN)C(N)=O)cc4)c3)n2)cc1,25.94
Cc1ccc2nc(-c3ccc(C=NNC(=O)c4ccc([N+](=O)[O-])cc4)cc3)sc2c1,17.68
N#Cc1ccc(-c2ccc(-c3nc(F)nc(C#N)n3)cc2)cc1,15.24
N#Cc1ccc(-c2ncc(-c3ccc(C4=NOC(c5ccc(C=O)cc5)C4)cc3)c(Cl)n2)cc1,30.9
O=C1NC(=S)SC1=Cc1ccc(-c2c(Cl)cccc2Cl)o1,19.73
N#Cc1ccc(-c2nc(-c3ccc(Cl)cc3Cl)c3n2CCCC3)c(Cl)c1,18.82
N#Cc1ccc(-c2[nH]c(=NC(=N)N)[nH]c(=N)c2C#N)cc1,19.82
CNC(=O)c1nc(-c2ccc(-c3ccc(C#N)cc3)cc2)nc(-c2ccc(-c3ccc(C#N)cn3)c(Cl)c2)n1,17.32
N#Cc1ccc(Nc2c(N)cccc2F)cc1C#N,23.23
N#Cc1cncc(-c2ccc(-c3ccc(C#N)[nH]c3=NC(=O)c3cc(-c4ccccn4)c(C#N)cc3Cl)cc2)n1,29.21
COC(=O)c1ccc(OCc2cc(-c3ccc(F)cc3F)nc(-c3ccc(C#N)cc3)n2)cc1,21.21
N#Cc1cncc(-c2cc(-c3ccc(-c4nc(Cl)nc(Cl)n4)cc3)cc(-c3ccc(-c4nc(Cl)nc(Cl)n4)nc3)n2)c1,13.29
C=C(C(=O)OCC)C(c1ccccc1)c1ccc(C(=O)Nc2ccc(F)cc2)c(=O)o1,32.77
N#Cc1ccc(-c2cc3c(=N)[nH][nH]c3c(-c3ccccc3)n2)cc1,19.22
Cn1nc(-c2ccnc(C#N)n2)c2c(-c3ccc(F)cc3Cl)nc(-c3ccc4c(c3)OCO4)cc21,32.96
NC(=S)NN=Cc1ccc(-c2nc3cc(C(=O)c4ccccc4)ccc3[nH]2)cc1,22.22
ON=C(c1cccc(Cl)c1)c1nnc(Cc2cccc3ccccc23)o1,27.64
N#Cc1ccc2ccc(-c3noc(-c4c[nH]c(=N)c(C#N)c4)n3)n2c1,24.52
COc1ccc(Sc2c(C)c(=O)[nH]c(=O)n2COCCO)cc1,17.4
Cn1cc(C=NNC(=S)NCCN=c2c3c([nH]c4ccccc24)CCCC3)c2ccccc21,30.32
N#Cc1ccc(-c2ccc(-c3cc(-c4ccc(-c5nc(Cl)nc(Cl)n5)cc4)cc(-c4ccc(-c5nc(Cl)nc(Cl)n5)cc4)n3)c(C(F)(F)F)c2)nc1,12.25
Cn1cc(Cl)c(-c2nc(-c3cccc(C#N)n3)ncc2-c2ccc3c(c2)CCC3=NO)n1,35.61
CCN(CC)C(=S)c1cc(Cc2ccc(-c3ccc(NS(C)(=O)=O)cc3)cc2)nn1CC,39.1
Clc1nc(Cl)nc(-c2ccc(Cl)c(Cl)c2)n1,12.47
N#Cc1ccc(-c2ccc(-c3cc(-c4cccc(-c5cn(-c6cccc(C#N)c6)cn5)c4)nc(-c4ccc(C#N)cc4)n3)cc2)cc1,25.59
N=C(N)N=CCc1cc(F)cc(F)c1,20.84
CCc1c(C)[nH]c(=O)c(N=c2nc(C(F)(F)F)cc[nH]2)c1C(=O)c1c(F)c(F)c(C#N)c(F)c1F,34.54
N#Cc1ccc(-c2ccc(-c3nc(-c4ccc(-c5ccc(C#N)cn5)nc4)nc(C(F)(F)F)n3)cc2)cc1,7.71
N#Cc1ccc(NC(=O)c2cccc3c2-c2c(C#N)cccc2C3)cc1,28.36
N#Cc1cncc(-c2nc(CCc3ccc4ccccc4n3)nc(-c3ccccn3)n2)c1,16.08
Cc1ccnc(Oc2ccc3cc(C#N)ccc3c2)n1,19.71
C=CCNC(=O)C1CCN(c2nc(-c3ccccc3)ccc2C(N)=O)CC1,30.64
N#Cc1ccc(NC(=O)c2cnn(-c3ccc(C#N)cc3)c2-n2cccc2)cc1,20.53
N#Cc1nc(-c2cc[nH]c(=Nc3ccccn3)n2)ccc1N1CCN(CCN2CCOCC2)CC1,22.59
N#Cc1ccc(CNC(=O)c2c3ccccc3c(O)n2Cc2ccc(Cl)c(Cl)c2)cc1,24.8
Cc1csnc1C(=O)Nc1cc(C(=O)N2CCCc3ccccc32)ccc1N1CCN(C)CC1,34.38
N#Cc1ccc2c(C=Cc3cnc4ccccc4c3)nc(-c3ccccc3)nc2c1,26.53
CC1(O)CC(c2cn3nc(-c4ccc(C#N)cc4)nc3c(-c3ccc(-c4ccc(F)cc4C#N)cc3)n2)C1,29.65
CCCCNc1ccc(C(N)=O)cc1,19.53
O=C(CCc1ccccc1)N=CC(=O)NN=CC1CC=CCC1,20.79
N#Cc1ccc(-c2ccc(-c3nc(-c4ccc(-c5ccc(C#N)cn5)cc4)cc(C4CCCCC4)n3)cc2)cc1,11.65
COc1cc(Cn2c(=O)n(C)c(=O)c3cn(Cc4ccccc4)nc32)cc(OC)c1OC,26.23
COc1ccc(-c2c(-c3cccc(C(F)(F)F)c3)nc(-c3ccc(C#N)cc3)n2Cc2ccc(C#N)cc2)cc1,22.23
Cc1nnc(C(=O)NC2(C(=O)NC(C)c3ccc(-c4ccc(C#N)cn4)cc3)CC2)s1,26.69
N#Cc1ccc(-c2nc(-c3ccc(C#N)cn3)nc(-c3cccc(C#N)n3)c2F)cc1,20.36
Cc1ccc(NC(=O)c2ccc3c(c2)C(=O)N(Cc2cccnc2)C3=O)cc1,17.49
Cc1ccnc(-c2ccc(-c3cnc(C#N)nc3)cc2C)c1,21.53
N#Cc1cccc(-c2cc(C#N)nc(-c3ccc(CNCCCc4ccccc4)cc3)c2)n1,20.57
N#Cc1ccc(-c2nc(Cc3c[nH]c4ccccc34)nc(-c3cncc(C#N)c3)n2)cc1,17.37
N#CC=Cc1ccc(C#Cc2ccc(CCC(=O)O)cc2)cc1,15.25
COc1ccc2c(c1Cl)CCc1c(-c3ccc(-c4ccc(O)cc4)cc3)nc(-c3ccc(C#N)cc3)nc1-2,25.38
Cc1ccc(CN2CCC3(CC2)C(=O)NCN3Cc2ccccc2)cc1C#N,23.72
N#Cc1ccc(-c2ccc(=O)n(Cc3cc(C#N)cc(-c4ccc(C#N)nc4)c3)n2)cc1,21.1
N#Cc1ccc(-c2ccc(-c3nc(C(=O)NC4CC4)cc(-c4ccc(-c5ccc(C#N)cn5)c(F)c4)n3)cc2)cc1,11.85
CCCCc1nc(-c2ccc(-c3ccc(-c4ccc(-c5nc(Cl)nc(Cl)n5)cc4)cc3)cc2)nn1Cc1ccccc1,24.56
Cc1ccc(-c2nc(C(N)=O)cc(-c3ccc(NS(=O)(=O)N(C)C)cc3)n2)cc1,27.07
N#Cc1cncc(-c2cc(-c3ccnc(C#N)n3)nc(-c3cncc(C#N)c3)n2)c1,13.82
COc1ccc(C=Cc2nc3c(c(=O)[nH]2)C(=O)C(=Nc2ccc(OC)cc2)CC3)cc1,22.1
CCc1noc(CC(C)(c2ccc(C#N)c(-c3ccncc3)c2)c2ccc(C#N)cn2)n1,34.91
N#Cc1cc(-c2cc(F)cc(Nc3ccc(F)cc3)c2)c2cccc(C#N)c2n1,23.13
O=C(c1cccc([N+](=O)[O-])c1)C1CC2C3C4NC2(CC13)OO4,51.05
Cc1[nH]c(=NC2CC2)c(C#N)cc1-c1nc(=Nc2ccc(C#N)cc2)nc[nH]1,20.72
N#Cc1ccccc1-c1ccc2c(c1)C(=O)c1ccccc1C2=O,18.71
N#Cc1ccc(-c2cc(-c3ccccc3)nc(-c3ccc(C#N)cc3)n2)cc1,11.29
N#Cc1ccc(NC(=O)c2ccc3c(c2)C(=O)c2ccc(Nc4ccc(F)cc4F)cc2CC3)cc1,18.84
CC(C)Cn1cc[nH]c1=NC(=O)c1ccc(-c2ccccc2N)nc1,27.58
Cn1c(-c2ccccc2)nc(=O)c2cc3c(cc21)OCO3,24.79
N#Cc1cccc(CCNCc2ccc[nH]2)c1,23.54
Cc1cc(=NC(=O)c2ccc3c(c2)c(C)c(C)n3Cc2ccc(-c3ccccc3C(=O)O)cc2)[nH]c(-c2ccc(C#N)cc2)n1,30.89
C#CCN(C=O)c1cc2c(=NCc3ccc(Cl)cc3)[nH]c(N3CCNCC3)nc2c(F)n1,39.13
CCOC(=O)c1ccc(-c2ccc(-c3cc(C#N)cc(-c4ccc(-c5nc(Cl)nc(Cl)n5)cc4)c3)cc2)nc1,17.24
N#Cc1ccc(-c2ccc(-c3nc(-c4ccc(C#N)cc4)nc(N4CCN(Cc5ccccc5)CC4)n3)cc2)cc1,18.53
N#Cc1ccc(-c2ccc(CNC(=S)SCc3noc4ccccc34)cn2)cc1,29.39
COc1ccccc1C=NNC(=O)c1cccc(Cl)c1,23.74
CCOC(=O)C1C(C)=NS(=O)(=O)N(C)C1C(=O)N=Cc1cccc(Cl)c1,23.05
NC(N)=NC(=O)C=Cc1ccc(C2=C(c3ccccc3)CCOc3ccccc32)cc1,27.31
CC(Oc1cc(C=O)nc(-c2ccnc3ccc(-c4cnn(C(C)C)c4)cc23)c1)C1CNC(=O)C1,37.09
N#Cc1ccc(-c2nc(-c3cccc(OC(F)(F)F)c3)cc(-c3ccnc(C#N)c3)n2)cc1,20.9
CC(C#N)c1ccnc(-c2nc(-c3cncc(C#N)c3)nc(-c3cnc4cc(C#N)ccc4c3)n2)n1,31.25
N#Cc1ccc(-c2cc3c(cn2)NOC2(CCC2)C32COC(=N)N2)cn1,28.74
N#Cc1ccc(-c2ccc(-c3cnnc(-c4ccc(-c5ccc(C#N)cc5)cc4)n3)cc2)cc1,10.64
CN1CCN(c2ncnc3c2nc(-c2ccc(F)cc2)n3C)CC1,22.65
N#Cc1ccc(-c2ncn3c(-c4cncc(C#N)c4)nc(-c4ccc(-c5ccnc(C6CC6)n5)cc4)c3n2)cc1,16.35
O=C(CN1CCC(c2cccc[n+]2[O-])CC1)Nc1cccc(Cl)c1Cl,20.61
N#Cc1cccc(NC(=O)c2cccc(Nc3ccc4c(C=Cc5ccccn5)[nH]nc4c3)c2)c1,19.75
N#Cc1c[nH]c2cc(Nc3ccc4c(c3)C(=O)c3ccc(N)cc3C4=O)c(F)c(N)c2c1=Nc1ccc(F)c(Cl)c1,17.6
Cc1nc(-c2nc(-c3ccc(C#N)cc3)nc(-c3cncc(C#N)c3)n2)ccc1F,12.16
Cc1noc(-c2ccc(-c3cccc4c(C#N)c(-c5ccc(-c6ccc(C#N)cc6)cc5)cn34)cc2)n1,20.15
N#Cc1ccc(-c2nc(-c3[nH]c(C#N)c(F)c3F)nc(-c3c(F)c(F)c(C#N)c(F)c3F)n2)cc1,16.76
O=C(O)CCc1cc2c(S(=O)(=O)c3ccc(F)c(F)c3F)cc(F)cc2n1Cc1ccc(-c2ccc(F)cn2)cc1,37.96
O=Cn1cnc2cc([N+](=O)[O-])c(-n3ccnc3)cc21,24.76
N#Cc1c(F)c(F)c(-c2nc(-c3cc(F)cc(-c4ncccn4)c3F)c[nH]2)c(F)c1F,23.78
Cc1ccc2cccc(Br)c2n1,19.64
Cc1nc(C#Cc2ccc(C#N)nc2)cs1,18.38
CC(C)CCn1nc(-c2cccs2)c(=O)c(C2=NS(=O)(=O)C(=NC(C(N)=O)c3ccncc3)N2)c1O,35.32
N=C(N)NS(=O)(=O)c1ccc(Br)cc1,21.38
N#Cc1ccc(-c2ncc(Cc3ccc(Cl)c(Cl)c3)c(C#N)n2)cc1,19.63
O=C1Nc2ccccc2C1=C1CC(=O)c2ccc3ccccc3c21,23.85
CC(=O)OCC(=O)N1CCC(c2nc(-c3ccc(C#N)c(C#N)c3)nc(-c3cccnc3Cl)n2)CC1,28.11
Cn1c(=NCc2ccncc2)[nH]c(-c2ccc(Cl)cc2Cl)c(C#N)c1=O,21.41
N#Cc1ccc(-c2ccc(-c3nc(-c4ccc(C5=NCCN5)nc4)no3)cc2)cc1,17.6
O=C(C=Cc1ccc(F)cc1)N=C1NCCS1,17.47
NC(=O)c1cc(-c2ccccc2)cc2c(=NC3CCNCC3)[nH]cnc12,25.38
CCNC(=O)N1CC(NC(=O)c2cc(C#N)[nH]c2-c2ccc(Cl)c(C#N)c2)C(c2ccc(C#N)cc2)C1,39.16
O=C(O)c1cnn(-c2ccc(Oc3ccc(=NC(=O)C4CC4)[nH]c3)cc2)n1,29.36
COc1ccc(-c2nc(-c3ccc(C#N)cc3)nc(-c3cncc(C#N)c3)n2)cc1OC,13.77
N#CCCc1sc(-c2nc(-c3ccc(C#N)cc3)nc(-c3ccc(C#N)cc3)n2)cc1C#N,15.43
N#Cc1ccc(C=Cc2ccc(-c3cc(-c4ccc(-c5nc(Cl)nc(Cl)n5)cc4)nc(-c4ccc(-c5ccc(C#N)cc5)cc4)n3)cc2)cc1,15.72
Cc1ncc(-c2nc(-c3ccc(C#N)cc3)nc(-c3ccc(C#N)cc3)n2)c(-c2ccc(C3CCN(C(C)C)CC3)cc2)n1,18.72
CN(Cc1cc(C#N)ccc1-c1ccccc1)c1ccc(C#N)cn1,23.21
Cc1nc(-c2ccc(C(=O)NCC3Cc4cccc(-c5ccc(C(F)(F)F)cc5C(F)(F)F)c4O3)cc2)co1,32.78
CCCN=c1[nH]cc(-c2nc(-c3ccc(C#N)cc3)c3ccccc3n2)s1,20.22
COc1cc(N=c2cc(C)[nH]c(C)c2C#N)ccc1-c1cnco1,23.21
Cn1cc(C(=O)NC(Cc2c[nH]cn2)C(=O)NCCc2cc(Cl)c(N)c(Br)c2)c(=O)n(-c2ccc(F)cc2)c1=O,47.98
CN1CCN(c2nc(=Nc3ccc4c(c3)C(=O)c3ccc(N)cc3C4=O)cc(-c3cccc(O)c3)[nH]2)CC1,19.77
COC(=O)c1ccc(O)c(NC(=O)C(N)Cc2ccccc2)c1,24.47
c1ccc(-c2ccc(CN3CCCCC3)cc2)cc1,17.37
CN(C)CCNc1ccc(-c2ccc(-c3ccc(-c4ccc(-c5ccc(-c6cc(-[n+]7ccc(-c8ccncc8)cc7)nc(-[n+]7ccc(-c8ccncc8)cc7)n6)cc5)cc4)cc3)o2)n[n+]1C,17.88
N#Cc1ccc(-c2ccc(-c3nc(C(=O)NCc4cnc5n4CCCC5)c[nH]3)cc2)cc1,29.67
CCC(N)c1ccc(Cl)c(C(=O)c2cccnc2)c1F,16.44
O=C(N=c1nn[nH][nH]1)c1nc2ccncc2cc1Cl,27.03
CCOc1cc(C2c3ccc4ccccc4c3OC(=N)C2C#N)ccc1O,22.92
Cc1cncc(-c2ccc3c(Oc4ccc(NC(=O)c5nn(-c6ccc(F)cc6)nc5C)cc4F)ccnc3n2)n1,30.76
O=[N+]([O-])c1ccc(=NN=Cc2ccc(OS(=O)(=O)C=Cc3ccccc3)cc2)[nH]c1,22.78
N#CN=C(N)Nc1ccc2c(c1)Cc1ccccc1-2,22.84
N=C(N)c1ccc2ccc(C#Cc3nc(C(=N)N)co3)cc2c1,27.28
CC(C)c1cc2cc(Cc3ccc(-c4ccccc4)cn3)ccc2nc(-c2ccc(-c3ccc(C#N)cc3)cc2)c1=O,28.35
Cc1cc(C(=O)Nc2ccc(-c3ccc(CN(C)C)cc3)cc2)nn1-c1cccc2ccccc12,23.64
Cc1cc(-c2ccc(NC(=O)Nc3cccc(C(F)(F)F)c3)cc2)nc(C2CCCN(CCc3ccccc3)C2)n1,32.62
N#Cc1ccc(-c2cc[nH]c(=Nc3cccc(C#N)c3)n2)cc1,14.59
CCOC(=O)c1ccc(CCNC(=O)CCCc2ccccc2)cc1,28.16
N#Cc1cncc(-c2nnc(Cl)c(-c3ccc(C#N)nc3)n2)c1,13.81
CC(C)(C)c1csc(=NCC2CCC(NC(=O)c3cn(-c4ccc(F)cc4)nc3COCCF)CC2)[nH]1,43.95
N#Cc1cncc2c1C(=O)c1nccc3ccnc(c13)C2=O,25.72
N#Cc1ccc(-c2ccc(-c3nc(-c4ccc(-c5ccc(C#N)cn5)nc4)nc(-c4cccc(NC(N)=O)c4)n3)cc2)nc1,19.55
CC1(C)Oc2ccc(C(N)=O)cc2C(Cl)=C1c1ccc(C#N)cc1C(=O)O,34.01
CCOC(=O)c1nn(-c2ccccc2)c(=O)c(C#N)c1C,18.46
Cc1noc(-c2ccc(-c3nc(-c4ccc(C#N)cc4)nc(-c4ccc(C[N+](C)(C)C)cc4)n3)cc2)n1,21.05
N#CCCc1ccc(C#Cc2ccc(C#N)cc2)nc1,17.05
N#CC(C#N)c1cc(=NC(=O)c2ccc(Br)cc2NS(=O)(=O)c2ccccc2)[nH]c(-c2ccccc2)n1,31.37
Cc1cccc2c1nc(-c1cccc(NC(=O)c3ccccn3)c1)n2CC(=O)NC(C)C,29.97
N#Cc1ccc(-c2nc(C#N)nc(=Nc3ccc(Cl)c(Cl)c3)[nH]2)nc1,21.67
N#Cc1ccc(OCc2nc(-c3ccc(-c4ccc(C#N)cc4)nc3)nc(-c3ccc(-c4ccc(C#N)cn4)nc3)n2)cc1,12.84
N#Cc1nc2c(ncn2C2CCCC2)c(=NCc2ccc(CN3CCOCC3)cc2)[nH]1,28.47
C=CCOc1ccc(-c2nnn(-c3cccc(-n4cnc5cc(-c6cccc(C#N)n6)ccc54)c3)n2)cc1,35.02
N#Cc1cc(Oc2cnccc2C#N)nc(-c2cnc(C#N)c(C#N)c2)c1,24.76
Nc1ccc2c(c1)C(=O)c1ccc(Nc3cc(N)nc(Nc4ccc5c(c4)C(=O)c4cc(N)ccc4C5=O)n3)cc1C2=O,14.0
N#Cc1c(NC2=NCCN2)[n+]([O-])c2cc(C(F)(F)F)ccc2[n+]1[O-],19.88
O=C1CC(c2ccc(Cl)c(Cl)c2)C2(N1)C(=O)Nc1ccc(Cl)cc12,26.02
COc1cc(C(=O)C(C#N)Cc2ccsc2)cc(OC)c1OC,28.38
COCc1cc(C=CC#N)cc2c1NC(=O)c1cccnc1O2,23.42
Cc1cccc2nc(-c3ccccn3)nc(Nc3ccc4c(c3)C(=O)c3ccc(N)cc3C4=O)c12,17.19
COc1ccc(C(=O)OCC(=O)Nc2ccc(C(=O)Nc3ccc(F)cc3)cc2)cc1OC,32.11
N#Cc1ccc(-c2ccc(CCC3CCCc4c3nc(-c3ccc(-c5ccc(C#N)nc5)cc3)nc4C(F)(F)F)nc2)cc1,32.35
Cc1ccc(C(=O)C=Cc2ccc(OCC(=O)COc3ccc(C(=O)C=Cc4ccccc4)cc3)cc2)cc1,24.34
O=C(NN=Cc1ccco1)c1cccnc1,15.9
C=Cc1nc(N(CC)c2ccccn2)c2cc(OC)c(OC)cc2n1,29.37
N#Cc1cncc(-c2nc(-c3cncc(C#N)c3)nc(-c3cccc(CO)c3)n2)c1,14.91
N#Cc1cncc(-c2cc(N3CC4CC3CO4)nc(-c3cccc(C#N)n3)n2)c1,14.51
N#Cc1cccc(-c2cnc3c(NC(=O)c4ccccc4)cc(C#N)cn23)c1,22.42
N#Cc1cccc(-c2cc(-c3cncc(C#N)c3)nc(-c3ccnc(C#N)c3)n2)c1,16.21
N=c1cc(C=Cc2ccc(C(F)(F)F)cc2)cc(-c2ccc(Cl)cc2Cl)n1CC(=O)N=Cc1ccc(C(N)N)cc1,28.37
N#Cc1ccc(-c2ccc(-c3nc4cccnc4[nH]3)cc2)cc1,18.65
N#Cc1ccc(-c2ccc(-c3nc(-c4ccc(C#N)cc4)nc(-c4ccc(-c5cccnc5)cc4)n3)cc2)cc1,13.51
N#Cc1ccc(-c2nc(C(=O)NCCOc3ccccc3)cnc2C2=CCN(C(=O)Nc3cccc(C(F)(F)F)c3)CC2)cc1,29.55
Cc1ccc2c(c1)c(C)c(C#N)c(C=Cc1ccc(-c3ccccc3C#N)cc1)[n+]2C,28.24
N#Cc1ccc(-c2ncc(Cl)c3cc4c(cc23)OCO4)cc1,24.54
CN(C)C=Nc1nccc(N=CN2CCN(C=O)CC2)n1,10.9
CC1=NC2C(CC3C4=C(C=CC3(C)C2c2ccoc2)C2=C(CC4)CC(=O)CC2)O1,41.33
O=C(Nc1ccc(Cl)cc1C(=O)Nc1ccc(Cl)cc1)c1ccc(-c2ccc(-c3ccnc(Cl)n3)cc2)cc1,25.03
Nc1ccc2c(c1)C(=O)c1ccc(Nc3nc(-c4ccc(-c5nc6ccccc6s5)cc4)ns3)cc1C2=O,25.78
N#Cc1ccc(-c2ccc(-c3cc(-c4ccc(Cl)c(Cl)c4)nc(-c4ccc(C#N)nc4)n3)cc2)cc1,17.71
N#Cc1ccc(-c2cc(NC=O)c3ncc(-c4ccnc(C#N)c4)n3c2)cc1,27.34
CC(C)Cc1ccc(-c2nc(-c3cncc(C#N)c3)nc(-c3ccc(C#N)cn3)n2)cn1,17.92
COc1ccc(C=CC(=O)OCC(=O)Nc2ccc(C)c(F)c2)cc1,25.9
CNCc1cc(-c2ccc(C=Nc3ccc[n+](C)c3)cc2)cc(-c2ccc(Nc3cc[n+](C)cc3)cc2)c1,28.94
N#Cc1ccc(-c2ccc(C=Cc3nnc(-c4ccc(F)c(C(F)(F)F)c4)o3)cc2)cc1,21.96
N#Cc1ccc2c(c1)c(N1CCN(C=Nc3ccc(C#N)c(Cl)c3)CC1)nn2-c1ccccn1,36.68
N#Cc1ccc(-c2ccc(-c3cc(N4CCOCC4)cc(C#N)n3)cn2)cn1,17.14
Cc1c(N(Cc2ccc(F)c(C(F)(F)F)c2)S(=O)(=O)c2ccc(CO)cc2)sc2ccccc12,24.68
Cc1nc(-c2cccc(C(=O)Nc3ccccc3-c3cccc(C#N)c3)c2)nc(C2CCN(C(=O)OC(C)(C)C)CC2)n1,32.61
Nc1ccc2c(c1)C(=O)c1ccc(NC(=O)c3ccc(Cl)nn3)cc1C2=O,16.78
N#Cc1cc(C#N)c(=N)[nH]c1Nc1ccc2c(c1)C(=O)c1ccc(N)cc1C2=O,15.93
N#Cc1ccc(-c2ccc(-c3nc(CCc4ccc(-c5ccc(C(F)(F)F)cc5)cc4)nc(-c4ccc(-c5ccc(C#N)cn5)cc4)n3)cc2)cc1,16.1
Cc1cc(-c2ccc(NC(=O)C3(c4ccc(Cl)cc4)CC3)c(C#N)c2)nc(=NCC2CC2)[nH]1,32.25
N#Cc1ccc(-c2ccc(-c3nc(-c4ccc(-c5ccc(C#N)cc5)cc4)n(-c4ccc(F)cc4)n3)cc2)cc1,13.46
C=c1nc(C(=N)NC#N)ncc1=CC(Cc1cccs1)C(=O)N1CCN(C(=O)c2ccco2)CC1,41.84
N#Cc1ccc(-c2nn(Cc3cccc(-c4cccc(C(=O)NCc5ccccc5)n4)n3)c3[nH]cnc(=N)c23)cc1,32.54
N#Cc1ccc(-c2cc(-c3cccc(NC(=O)c4cn(-c5ccc(C#N)cn5)c(O)n4)c3)nc(-c3ccccc3)n2)cc1,28.17
CC(Cc1ccc(-c2cccnc2)cc1)N=c1nc(N2C(=O)OCC2C(C)C)cc[nH]1,23.77
CCCn1c(=O)c2ccc(C)cc2c2ccccc21,23.74
COc1cnc(-c2ccc(F)cc2F)[nH]c1=Nc1ccc(C#N)cc1,29.15
N#Cc1ccc(-c2ccc(-c3ncn(-c4ccc(C#N)c(F)c4)n3)cc2)cc1,15.26
N#Cc1ccc(N=c2nc(-c3ccc(-c4ccc(C#N)cc4)cc3)nc(Sc3ccc(C#N)cc3)[nH]2)cc1,21.53
N#Cc1ccc(OCCCSc2oc(-c3ccc(-c4ccc(C#N)cc4)cc3)nc2C#N)cc1,20.11
Nc1cc(O)c(N=Cc2cccnc2)cc1O,10.46
CCCc1cc(C=CC#N)nc(C=CC#N)n1,8.78
O=C(C=Cc1ccccc1)Nc1ccc2c(c1)C(=O)N1CCCC1C=N2,18.06
COc1cc2c(cc1C#Cc1ccc(C(N)=O)cc1)CCn1cc(-c3ccc(-c4ccc(C#N)cc4)cc3)nc1-2,23.98
CCCCc1nc(C(C#N)=c2ccc(=C(C#N)C#N)cc2)nc(C(C#N)=c2ccc(=C(C#N)C#N)cc2)n1,14.49
CN(C)CCCNC(=O)c1cc(NC(=O)c2cc(NC(=O)Cn3cnc(NC(=O)c4ccc(F)cc4)c3)cc(C(N)=O)n2)cn1C,32.56
N#Cc1cncc(-c2nc(-c3ccccn3)nc(-c3cccc(C#N)n3)n2)c1,10.17
CCNc1ccc(N=c2nc3c(c[nH]2)cc(C#N)c(=O)n3C2CCCC2)nc1,24.81
N#Cc1cncc(-c2ccc(C(=O)c3cccc(F)c3F)s2)c1,17.85
N#Cc1ccc(C=NCc2ccncc2)cc1,18.03
N#CC=Cc1cnn(-c2ccc([N+](=O)[O-])cc2)c1,20.27
N#Cc1ccc(-c2ccc(-c3nc(-c4ccc(-c5ccc(C#N)cn5)cc4)nc(-c4ccc(-c5ccc(C#N)cc5)o4)n3)cn2)cc1,22.78
N#Cc1ccc(C2=Nc3ccc4nc[nH]c(=O)c4c3C3=NCCN23)cc1,29.33
Cc1cc(-c2cc(N(C)Cc3ccc(-c4ccc(C#N)cc4)cc3)ncc2C#N)nc(C#N)n1,24.96
N#CCC1(n2cc(C(N)=O)c(=Nc3ccccc3)[nH]2)CN(C(=O)OCC(F)F)C1,21.25
CN1C(=O)C(Cc2ccccc2)N(Cc2cccc3c2oc(=O)c2ncccc23)c2ccccc21,36.78
N#Cc1cccc(NC(=O)c2ccc(Cl)cc2)c1,17.5
CC1c2ccc(-c3ccc(C#N)cc3)cc2CCN1C=NO,27.01
N#Cc1ccc(-c2ccc(-c3cc4c(cc3C#N)C(=O)N(Cc3ccc(C(N)=O)cc3)CC4)cc2)cc1,19.95
O=C(C=Cc1ccccc1)c1ccccc1Br,17.79
Nn1c(C2CCC(=O)NN2)nc2ccccc2c1=O,28.53
N#Cc1ccc(-c2nc(-c3ccc(Cl)cc3)nc(-c3ccc(C#N)cc3)n2)cc1,10.1
O=C(NCCCn1ccnc1)c1ccc(-c2cccc(-c3nc4cc(F)ccc4[nH]3)c2)cc1,22.8
N#Cc1cccc(NC(=O)c2ccc(C(=O)N=c3[nH]nc(C4CCCCC4)s3)nc2)c1,27.37
N#Cc1ccc(-c2n[nH]c(-c3c(F)c(F)c(C#N)c(F)c3F)n2)cc1,15.8
N#Cc1ccc(-c2ccc(-c3nc(COc4ccc(F)c(F)c4F)nc(-c4ccc(-c5ccc(C#N)cn5)nc4)n3)cn2)nc1,11.68
CC(=O)c1ccc(NCc2cnc3[nH]c(=N)[nH]c(=N)c3n2)cc1,21.64
CC(=Cc1cc(C=CC#N)nc(C=CC#N)n1)C(=O)NC1CC1,15.17
N#Cc1ccc(-c2nc(-c3cncc(C#N)c3)nc(-c3nc(C4CC4)[nH]c3-c3ccc(Br)cc3)n2)cc1,16.51
N#Cc1ccc(-c2ccc(-c3nc(-c4ccccc4)nc(-c4ccc(-c5ccc(C#N)cn5)cc4)n3)cc2)cc1,11.98
N#Cc1ccc(Nc2c(C#N)nc(-c3ccccc3)nc2C#N)cc1,18.07
OCC(O)C1OC(n2cnc3c(Cl)nc(Cl)nc32)C(O)C1O,23.15
CNC(=O)C(CCC#N)c1ncnc(-c2ccc(-c3cnc(=N)[nH]c3)c(F)c2)n1,28.7
N#Cc1c(F)c(F)c(-c2cc(C(F)(F)F)nc(-c3c(F)cccc3Cl)n2)c(F)c1F,16.45
NC(=O)c1nn(-c2ccc(F)cc2)c2c1CCc1ccc(N=CN3CCN(C=O)CC3)cc1-2,17.56
Cc1cc(-c2cnc(C(=O)NCCC#N)c(C)c2)nc(-c2ccc(C=CC#N)cc2Cl)c1,25.67
N#Cc1cc(Cl)cc(Cl)c1,15.78
Cn1c(O)c(C=Nc2cc(-c3cc(C(F)(F)F)ccc3F)nn2-c2ccccc2)c(=O)n(C)c1=O,29.28
CN(C)CCN1CCN(c2cc(C#N)cc(N=c3nc4c(-c5ccc(C(=O)N=c6cc(C(F)(F)F)cc[nH]6)cc5)nccn4[nH]3)n2)CC1,24.44
N#Cc1ccc(-c2cc(C(=O)NCc3cn(CC(=O)O)nn3)nc(-c3ccc(C#N)cc3)n2)cc1,20.48
Cc1ccc(-n2[nH]c(-c3ccc(C#N)cc3)nc2=NC#N)cc1,15.55
N#Cc1ccc(C=Nc2ccc(N=Cc3ccc(C#N)cc3)cc2)cc1,17.28
COc1ccc(-c2ccc(-c3onc(C)c3C(=O)N=c3[nH]c(-c4ccc(C#N)c(F)c4)cs3)cc2)cc1,30.3
N#CC=Cc1ccc(C#N)cc1,11.64
N#Cc1ccc(-c2cc(-c3cccc(C#N)c3)nc(-c3ccc(C#N)cc3)n2)cc1,9.64
O=C(C=Cc1cc[n+](Cc2ccc(F)cc2)cc1)c1cccc2ccccc12,22.79
COCC(N=Cc1ccc(C(N)=NO)cc1)C(O)=NO,24.44
Cc1nc2ccc(CN=C(Cc3ccc(-c4cccc(C#N)c4)cc3)C(=O)O)cc2n1CC(=O)O,34.07
COc1cc(-c2ccc(F)c(C#CC(C)(O)c3noc(C)n3)c2)ccn1,27.36
Cc1c(Cl)c(C#N)nn1CCCC(=O)N1CCCS(=O)(=O)C1,32.99
CC(=O)c1cccc(N=c2nc(-c3nc(C#N)c[nH]3)nc(-c3ccc(-c4cccc(C#N)c4)cc3)[nH]2)c1,26.7
N#Cc1cccc(-c2noc(-c3ccccc3)n2)n1,17.0
N#Cc1ccc(-c2ccc(-c3nc(-c4ccc(C#N)cc4)c(-c4ccc(-c5ccc(C#N)cc5-c5cccc(C#N)n5)cc4)nc3Cc3ccccc3)cc2)cc1,31.0
CCCCCCCCCCCCCCCCCCNC(=O)c1ccc(C=Cc2ccc(Sc3ccc[n+](CCCCCCCCCCCCCO)c3)cc2)cc1,39.83
O=C(O)CNC(=O)C(=NO)C1=CCC2CN3CCCCC3C12,44.19
CN1CCCCC(Nc2ccc(C(F)(F)F)cc2N=Cc2ccc(F)cc2)C1,25.88
N#Cc1cncc(-c2nnc(-c3cccc(C#N)n3)c(CC3CC3)n2)c1,18.29
C#CC(C)n1cc(-c2ccc(-c3nc(Cl)nc(Cl)n3)cc2)cn1,23.44
COc1cc2c(cc1OC)C(C(=O)Nc1ccc(C#N)c(C(F)(F)F)c1)C(c1ccc(C#N)cc1)N(C)C2=O,25.2
Cc1ccc2c(c1)NC(=O)C(CC(=O)NCc1ccccc1C)O2,23.97
COc1ccc2nc(-c3ccncc3)sc(=NC(=O)CCC(F)=C(F)F)c2c1,36.74
CCOC(=O)c1cnn(-c2cc(C#N)cc(-c3nc(-c4ccc(-c5ccc(C#N)cn5)cc4)cc(C(F)(F)F)n3)c2)c1,20.5
CN1C(=O)NC(=O)C12Cc1ccc(NC(=O)Cn3c(-c4cncc(C#N)c4)nc4ccccc43)cc1C2,20.62
Cc1cn(-c2ccc(-c3nc(C#N)c4ccc(NC(=O)C(N)C(C)C)cc4n3)cc2)cn1,33.48
N#Cc1ccc(-c2ccc(-c3ccc(C#N)cn3)c(F)c2)cc1,12.68
N#Cc1cccc(-c2cc(-c3nccs3)nc(CNC3CCCCC3)n2)n1,26.05
N#Cc1ccc(-n2ncc(-c3ccc(CC4CCCCC4)cc3)cc2=N)cc1,31.04
CCOC(=O)Cc1nc(-c2ccc(-c3ccc(C#N)cn3)cc2)nc(-c2ccc(-n3cc(C)cn3)c(OC)c2)n1,28.32
CCN(CC)CCCCC(C#N)c1nc(-c2ccc(-c3ccc(C#N)cc3)cc2)nc(-c2ccc(-c3ccc(C#N)cc3)c(C)c2)n1,23.15
COc1cccc(-n2c(C=Cc3ccc(-c4ccccc4)cc3)nc3cc(-c4ccc(C#N)cc4)ccc3c2=O)c1,24.3
CN(Cc1cccc(Cl)c1)C1CCN(C(=O)c2cc(=NC(=O)c3ccc(F)c(Cl)c3)n(-c3ccc(C#N)cc3)[nH]2)CC1,36.22
C[S+]([O-])c1nc2ccccc2n1CCc1nc(-c2ccc(C#N)cc2)nc(-c2ccc(C#N)nc2)n1,32.22
Cc1nc(C#N)c(N2CCN(C(=O)C#N)CC2)nc1C,25.09
N#Cc1ccc(-c2cc(-c3ccc(-c4nc(Cl)nc(Cl)n4)cc3)cc(-c3ccc(-c4nc(Cl)nc(Cl)n4)cc3)c2)cc1,7.34
C=c1[nH]c(=O)c2ccccc2c1=C(C)C,24.16
N#CCc1c[nH]c(=NC(=O)c2ccc(-c3cc(-c4c[nH]c5ncc(-c6ccccc6)cc45)nc(-c4ccccc4)n3)cc2)cn1,36.12
N#Cc1ccc(-c2ccc(-c3nc(-c4ccc(-c5ccc(C#N)cc5)cc4)nc(-c4ccc(-c5ccc(C#N)cn5)nc4)n3)cc2)cc1,12.74
Cc1ccc(CC(=O)Nc2cccc(C#N)c2)cc1,17.01
O=C1c2ccccc2C(=O)N1n1nc(C2CC2)sc1=Nc1ccccc1,24.84
CN1CCCC2C(c3ccc(C#N)cc3)c3ccccc3C21,18.0
COc1cc(C=NNc2ccc(O)c(C(=O)O)c2)cc(OC)c1OC,20.27
COc1cc(C(Nc2ccc3c(c2)C(=O)c2ccc(N)cc2C3=O)C(=O)O)ccc1OCCO,31.42
N#Cc1c(Cl)nc(N)c(-c2ccc(Cl)cc2)c1C#N,16.84
Nc1cc(O)c(N=Cc2ccncc2)cc1O,10.5
N#Cc1cnc2c(Nc3ccccc3)nc(Nc3ccc4c(c3)C(=O)c3ccc(N)cc3C4=O)cc2n1,20.53
N#Cc1ccc(-c2ccc(-c3ncnc(-c4ccc(C#N)cc4)n3)cc2)cc1,10.48
CC(C)NC(=O)c1ccc(-c2ccc(NC(=O)CC=Nc3ccc(N)cc3O)cc2)cc1,31.07
N#Cc1ccc(-c2nc(-c3ccc(-c4ccc(C#N)cn4)nc3)nc(-c3ccc(-c4c[nH]c(=N)cn4)c(F)c3)n2)cc1,15.37
O=C(Nc1cccc(C2CN=c3c(ncc(=O)n3Cc3ccc(F)c(F)c3)=N2)c1)c1ccccn1,25.86
CC1NNC(=O)c2ccc(Nc3cc(Nc4ccc5c(c4)C(=O)c4ccc(N)cc4C5=O)nc(Nc4ccc5c(c4)C(=O)c4ccc(N)cc4C5=O)n3)cc21,12.08
COc1ccc(-n2c(=O)cc(N3CCCCC3)[nH]c2=O)cc1,19.89
N#Cc1cnc(N(Cc2cccc3ccccc23)CC2CC(=O)NC(=O)C2)cn1,35.7
CC1(C)CC1c1ccc(-c2cc(-c3cccc(C#N)n3)cc3[nH]c(=O)n(C4CCOCC4)c23)cc1,32.69
CS(=O)(=O)c1ccc(C(F)(F)F)cc1-c1ccc(-c2cccc(C#N)n2)cn1,24.96
N#Cc1cccc(-c2cc(-c3ccc(-c4nc(Cl)nc(Cl)n4)cc3)cc(-c3ccc4ccccc4c3)c2)c1,22.65
COc1ccc(CC=NC(=O)Cc2ccc(OC)c(OC)c2)cc1,24.74
CNc1ccc(-c2nc(-c3ccc(C#N)cc3)nc(-c3c(F)c(F)c(C#N)c(F)c3F)n2)c(C)c1,17.78
CC1C(NC(=O)N(C)C)C(=O)N(Cc2ccc3ccc(F)cc3n2)c2ccc(C#N)cc2N1C(=O)CC#N,37.44
N#Cc1ccc(N=c2[nH]cc(-c3ncnc(C#N)n3)cc2C#N)cc1,15.07
CN(C)c1ccc(C=Cc2ccc(-c3ccc(-c4nc5ccccc5s4)cc3)cc2)cc1,23.24
c1ccc(-c2nn3c(-c4cccnc4)nnc3s2)cc1,18.72
Cc1cc(C)c(NC(=O)c2ccc(N3CCC(F)(F)C3)c(-n3cnc(C4CC4)c3)c2)c(C)c1,26.84
COc1cc2occ(-c3ccc(O)cc3)c(=O)c2c(OC)c1OC,21.36
N#CCCCCc1cccc(C(=O)c2ccccc2)c1,21.58
CCOC(=O)C(Cc1ccc(OCc2ccc(C(C)(C)C)cc2)c(OC)c1)=NC(=N)C(Cl)(C(=O)c1ccc(C#N)cc1)[N+](=O)[O-],57.05
O=C(O)c1ccc(-c2cc(C(=O)NCc3ccc(F)cc3)cc(-c3ccc(CO)s3)c2)cc1,35.59
CC1=Nc2nc(-c3ccccc3)nn2C(c2ccco2)C1,24.87
CC(C)(C)c1ccc(S(=O)(=O)N2CCC3=Cc4c(cnn4-c4ccc(C#N)cc4)CC3(Cn3cncn3)C2)cc1,24.68
N#CC=Cc1nc(=Nc2ccc(C#N)cc2)nc(-c2ccc(C#N)cn2)[nH]1,16.56
N#Cc1ccc(-c2cccc3c(=O)n(-c4ccc(-c5ccc(-c6nc(-c7ccc(C#N)c(C#N)c7)no6)cc5)cc4)cnc23)cc1,30.55
N#CC=Cc1ccc(C(=O)c2cc(F)c(F)cc2F)cn1,25.64
Cn1c(-c2ccc(-c3ccc(C#N)cc3)cc2)nc(C#N)c1Cc1ccccc1,16.02
CC(C)NS(=O)(=O)Nc1cc(-c2ccc(C#N)cc2)nc(-c2cc(C#N)nc(C#N)n2)n1,30.08
N=C(N)c1cccc(C2=NOC(Cc3ccc(-c4ccccc4)cc3)C2)c1,20.01
CC(=O)N1CC(c2nc(-c3cncc(C#N)c3)cn2C(N)=O)C1,26.66
O=C(NNCCCN1CCOCC1)c1ccc(-c2ccc(-c3cc(-c4ccc(-c5nc(Cl)nc(Cl)n5)cc4)cc(-c4ccc(-c5nc(Cl)nc(Cl)n5)cc4)n3)cc2)nc1,23.49
N#Cc1ccc(-c2ccc(-c3nc(-c4ccc(-c5ccc(C#N)nc5)cc4)nc(-c4cc(-c5ccc(F)c(F)c5)c(-c5ccc(Cl)c(C#N)c5)nn4)n3)cc2)cc1,27.67
N#Cc1ccc(-c2ccc(-c3nc(Cl)nc(Cl)n3)cc2C#N)cc1,10.03
N#Cc1cncc(-c2nc(-c3ccc(C=Cc4ccnc(C#N)c4)nc3)nc(-c3ccncn3)n2)c1,28.82
N#Cc1ccc(-c2cc3ccccc3c3ncn(-c4ccc(C#N)cc4)c(=O)c23)cc1,24.42
CN(C)Cc1ccc(N=c2cnc(C#N)c(N=c3cc(C4CC4)[nH][nH]3)[nH]2)cc1,22.05
N#Cc1cc(-c2cc[nH]c(=Nc3ccc(C(F)(F)F)nc3)n2)cnc1N1CCC(F)C1,18.69
CCN1c2ccccc2NC(=O)c2ccc(-c3cccc(C#N)c3)nc21,19.07
CN(C)c1c(F)c(Nc2ccc3c(c2)C(=O)c2ccc(N)cc2C3=O)nc(-c2cccc(CN)c2)c1F,31.71
N#Cc1ccc(-c2ccc(-c3cc(-c4ccc(Cl)cc4)nc(-c4ccc(C#N)cc4)n3)cc2)cc1,11.7
N#Cc1cncc(-c2ccc(C3CCN(CC(F)(F)F)CC3)cc2)c1,23.64
COc1cc(F)ccc1-c1nc(=Nc2cncc(C#N)c2)[nH]cc1F,15.47
c1cc(CNCC2CCCN(Cc3nc(C4CC4)no3)C2)n[nH]1,26.95
N=C(N)N1c2ccccc2Sc2ccc(Cl)cc21,20.29
N#Cc1ccc2cc(-n3nc(C(F)(F)F)cc3C(=O)Nc3ccc(-c4ccncc4)cc3)ccc2c1,24.1
N#Cc1cc(NCc2c[nH]cnc2=N)cc(-c2ccccc2)c1,22.6
CC1OC(OC2C(Oc3ccc4c(=O)cc(-c5cc(O)c(O)c(O)c5)oc4c3)OC(CO)C(O)C2O)C(O)C(O)C1O,24.4
Cc1cc(-c2nc3ccc(C#N)cc3s2)cc(C=CC#N)n1,27.74
CC(C)(O)C(C)(C)c1nc(-c2ccc(C(=O)O)cc2)nc(-c2ccc(C#N)c(C#N)n2)n1,35.5
CC1(C)c2cc(OCc3ccccc3)ccc2C(=O)c2c1[nH]c1cc(C#N)ccc21,18.02
CC(C)(C)c1nc(-c2ccc3nc(CNc4ccc(C(=N)N)cc4)n(Cc4ccc(C(=O)O)c(Cl)c4)c3c2)[nH]c(=N)n1,42.56
CC(C)c1noc(CCCN(C)C(=O)c2cc3ccn(CCCN(C)C)c(=O)c3c(-c3cccc(C#N)c3)n2)n1,37.76
Cc1cc2[nH]c(C#N)cc2cc1-c1nc(-c2ccc(-c3ccc(C#N)cc3)cc2)nc(-c2ccc(-c3ccc(C#N)cc3)cc2)n1,19.3
CC1CC=Cc2cc(S(C)(=O)=O)c(Sc3ccc(Cl)cc3Cl)cc21,35.75
N#Cc1ccc(CNc2cccc(-c3[nH]c(-c4ccc(-c5ccc(C#N)cc5)cc4)nc(=N)c3C#N)c2)cc1,16.94
COC(c1ccccc1)c1ccccn1,25.21
N#Cc1ccc(-c2ccc(-c3nc(-c4ccc(C#N)cc4)nc(-c4ccc(NNC(=O)c5cccnn5)cc4)n3)cc2)cc1,25.67
N#Cc1ccc(N=c2nc(N=Cc3nc(-c4ccc(C#N)s4)co3)[nH]c(=Nc3ccc(C#N)cc3)[nH]2)cc1,20.66
N#Cc1ccc(-c2nn(-c3ccccc3)[n+](-c3cccc(C#N)c3)n2)cc1,15.66
N#Cc1ccc(-c2ccc(-c3nc(C(=O)NCc4ccc(-c5ccncc5)cc4)nc(-c4ccc(-c5ccc(C#N)cn5)cc4)n3)cc2)cc1,12.66
O=c1ccc(-c2ccc(-c3ccc(-c4nc(Cl)nc(Cl)n4)cc3)cc2)n[nH]1,20.66
N#Cc1ccc(-c2cccc3c(-c4ccncc4)cnn23)cc1,20.08
N#Cc1ccc(-c2cc(C#N)cnc2-c2ccc(Cl)cc2)nc1,11.37
Cc1nccc(-c2ccc(NC(=O)C3CCCN(C(=O)c4nn(C)cc4OC(C)C)C3)cc2)n1,38.91
CCOc1ccc(-c2nc(-c3ccc(C#N)cc3)nc(-c3cncc(C#N)c3)n2)cc1C#N,11.93
CCNCc1nc(-c2ccc3c(=NCc4ccc(-c5ccc(F)cc5)cc4)cc(C)[nH]c3c2)cs1,30.51
N#Cc1ccc(-c2cn(CC(=O)N3CCN(c4ccc(Cl)c(Cl)c4)CC3)c(-c3cccnc3)n2)cc1,24.87
N#Cc1ccc(-c2nc3cc(N=CN4CCN(C=O)CC4)ccc3n2CCCN2CCCC2)cc1,19.32
CCOC(=O)CN1Cc2c(NC(=O)NCc3cnn(-c4ccc(F)cc4)c3C)cccc2C1=O,35.86
O=C(C=Cc1ccc(O)cc1)C=Cc1cc(O)ccc1O,19.43
Cc1ccc(C2=NN(C(=O)CCC(=O)O)C(c3ccc(Cl)nc3)C2)c(O)n1,29.19
NC(=S)NNC(=O)Cc1ccc(Br)cc1,24.05
N#Cc1ccc(-c2cccc(C=NN=c3c(Cl)c[nH]cc3Cl)n2)cc1,17.71
N#Cc1ccc(Cc2c(Cc3ccc(Cl)cc3)nc(-c3ccc(Cl)cc3Cl)nc2-c2ccc(C#N)cc2)cc1,20.66
CNC(=O)c1cccc(-c2nc(-c3ccc(C#N)cc3)nc(-c3cncc(C#N)c3)n2)c1,18.3
N#Cc1ccc(NC(=O)c2cccc(Nc3ccc4c(c3)C(=O)c3ccc(N)cc3C4=O)n2)cc1,14.22
Cc1cccc(-c2nccn2-c2ccc3c(=NS(C)(=O)=O)[nH]oc3c2)n1,25.03
N#Cc1ccc(-c2ccc(-c3nc(N4CCOCC4)c4ncccc4n3)cc2)cc1,14.16
O=C(Cc1ccccc1)N=c1[nH]nc(Cc2ccccc2)s1,17.7
Cc1ccc(-c2ncc(=O)n(CC(=O)N(CCC#N)c3ccccc3)n2)o1,25.8
N#Cc1cnc(-c2ccc(-c3ccc(C#N)c(F)c3)nc2)nc1,14.07
CN1C(=C2CC3CCC=CC3CC(=O)O2)C(=O)c2c1c(O)c1ccccc1c2O,50.26
Cc1cc(=NC(=O)c2ccc(CN)c(-c3ccc(C#N)cc3)c2)[nH]o1,26.82
NC(=O)c1ccc2c(c1)C1C=CCC1C(c1ccc(F)cc1)N2,22.72
Cc1cc(C)c(C#N)c(Sc2nnc(-c3ccc(C#N)cc3)n2N=Cc2ccccn2)n1,25.21
CC1(C)CC(C)(C)c2cc(NC(=O)C=Cc3ccc(C(C)(C)C)cc3)ccc2O1,18.76
N#Cc1cn(-c2ccc(-c3cc(F)cc(F)c3)cc2F)nn1,22.51
N#Cc1cccc(-c2nc(-c3cncc(C#N)c3)nc(-c3ccnc(Cl)n3)n2)c1,13.3
N#Cc1ccc(-c2cnc(-c3cncc(C#N)c3)nc2C(=O)Nc2c[nH]c(C(=O)NCCN3CCOCC3)c2)nc1,25.02
N#Cc1cnc(-c2ncc(C#N)n2C#N)c(C#N)c1,22.37
N#Cc1ccc(OCc2nc(-c3ccc(C#N)cc3)nc(-c3ccc(C#N)nc3)n2)cc1,13.04
Nc1ccc2c(c1)CCc1cc(Nc3ccc4c(c3)C(=O)c3ccc(N)cc3C4=O)ccc1C2=O,15.76
O=C(N=c1[nH]c(C(F)(F)F)cc(=Nc2cccc(C=NO)c2)[nH]1)Nc1ccc(N=c2[nH]cnc3c(F)cc(F)cc23)cc1,35.55
CCCn1c(=O)c2[nH]c(C=Cc3c(F)cccc3F)nc2n(CCC)c1=O,26.48
N#Cc1ccc(-c2ccc(-c3nc(-c4ccc(C#N)cc4)nc(-c4ccc(NC(=O)c5ccncc5)cc4)n3)cc2)cc1,18.72
CC(C)c1nc(-c2ccc(C#N)cc2)c(-c2cc(C#N)cn2C)n1-c1ccc(C(=O)Nc2cccc(C#N)c2)cc1,19.55
Clc1ccc(Sc2nccnc2-c2ccc(-c3ccccc3)cc2)nc1,21.73
N#Cc1cccc(-c2ccc(-c3nc(C#N)c4cc(C#N)ccc4n3)cc2)c1,14.3
Cc1cc(C)c2c(N=Cc3ccc(N(C)C)cc3)cc(O)c(C=NC=CN=c3nc(-c4ccc(C=NC(CCCN=C(N)N)C(N)=O)cc4)nc(Cc4ccc(N)cc4)[nH]3)c2c1,49.69
Nc1c(C(=O)N=c2nccc[nH]2)c(=O)c2ccccc2n1-c1ccc(F)cc1,26.2
CCN(CC)c1nc(C(=O)Nc2cccc(C#N)c2)c2ccccc2n1,23.5
N=C(N)c1ccc(NC(=O)NCCN2CCN(C(=O)c3ccccc3)CC2)cc1,31.61
CC(=O)n1cncc1CC(C#N)c1ccc(F)c(F)c1,30.85
Oc1ccc(Br)cc1C=NCCCN=Cc1cc(Br)cc(Br)c1O,20.79
CC(=O)NC(c1cccnc1)C1CCN(C2(C)CCN(C(=O)c3c(C)cc(Cl)nc3C)CC2)CC1,31.23
Nc1cc(O)c(N=CC=Cc2ccccc2)cc1O,12.08
CN1C(=O)c2cc(Oc3ccc(C#N)cc3)ccc21,23.76
N#Cc1c(F)c(F)c(-c2nc(-c3cccc(Cl)c3Cl)cc(C(F)(F)F)n2)c(F)c1F,18.44
O=C(O)c1ccc(C(Cc2ccccc2)NC(=O)c2cc(Cl)ccc2O)o1,33.02
N#Cc1cncc(C#N)c1,9.07
C=CCn1nc(-c2ccc(C#N)cc2)c2cc3ccccc3nc21,22.08
CCC(=O)N=c1[nH]c(C#N)c(C#N)c2cccnc12,29.07
C#CCNC(=O)Cn1cccc(NCc2ccc(F)cc2)c1=O,21.28
N#Cc1cccc(Nc2ccc3nc(-c4cccc(C#N)c4)cnc3c2)c1,23.13
N#Cc1ccccc1Cn1cc(C(=O)O)c(=O)c2ccc(C(F)(F)F)nc21,23.87
N#Cc1cncc(-c2ncnc(-c3cncc(C#N)c3)n2)c1,7.71
N#Cc1cccc(C(=O)NCc2ncccc2CN2CCC(F)C2)c1,25.97
N#CCc1ccc(-c2nc(-c3cncc(C#N)c3)nc(-c3cncc(C#N)c3)n2)cc1C#N,11.88
CN(C)c1ccc(C=Cc2ncc(C=CC#N)c3ccccc23)cc1,18.35
N#Cc1cncc(-c2nc(-c3ccc(Cc4ccc(-c5cccc(C#N)n5)cc4C(F)(F)F)nc3)nc(C3CC3)n2)c1,24.43
CC=NC(=O)c1[nH]c(C(F)(F)F)nc1Cc1ccc(-c2ccc(C#N)cc2)cc1,32.75
N#Cc1ccc(-c2nc(-c3cncc(C#N)c3)nc(-c3ncc(F)cn3)n2)cc1,11.36
O=S(=O)(NCCN1CCN(Cc2ccccc2)CC1)c1cccc(F)c1F,23.46
N#Cc1cn(C2CCC(c3nc(C#N)nc(-c4cccc(NC(=O)c5nnc6ccc(F)cn56)c4)n3)C2)nn1,29.98
Cc1cc(SC(=NO)NCc2ccccc2)c(O)n1-c1ccc(C#N)cc1,28.99
c1ccc(Cc2ccc(-c3ccccc3-c3nn[nH]n3)cc2)nc1,19.34
C=C(C)C(C)=CCCC(=O)c1cn(CCC(C)C)cc(-c2ccc(OC)cc2)c1=O,33.59
CCc1nc2ccc(C(=O)N3CCN(c4ncccn4)CC3)cc2nc1CC,20.4
Nc1cccc(-c2cncc(-c3ccc(-c4nc(Cl)nc(Cl)n4)cc3)n2)c1,20.18
O=C(Nc1ccc(Cl)cc1)c1nc(-c2ccco2)ccc1Nc1cc(Cl)cc(Cl)c1,27.62
CCCCC(CC)=NN=c1sc(Cc2ccccc2)c(O)n1-c1ccccc1,24.29
N#Cc1ccc(-c2ccc(-c3nc(-c4ccc(-c5ncc(C#N)cn5)nc4)cc(C(F)(F)F)n3)cc2)nc1,13.26
CNCCC(N=c1cc(C(F)(F)F)[nH]c(-c2ccc(Cl)c(Cl)c2)n1)c1ccccc1C,30.3
CCc1nc2[nH]c(=N)[nH]c(=N)c2c(C)c1Cc1cccc(-c2ccc(S(=O)(=O)O)c(C#N)c2)c1,35.24
N#CC=Cc1ccoc1,15.24
CON=Cc1ccc(C[n+]2ccc(-c3ccccc3)cc2)cc1,16.31
COc1ccc(-c2cc(CSc3ccccc3)nc(-c3ccc(NC(=O)c4ccccc4OC)cc3)n2)cc1,31.93
Cn1cc(-c2cc(-c3ccncc3)nc(-c3ccc(C#N)cc3)n2)cn1,18.88
CC(NC(=O)c1nc(-c2ccc(-c3ccc(C#N)cc3)cc2)n(-c2ccc(C#N)cc2)n1)C(=O)O,22.99
N#Cc1ccc(-c2ccc(-c3n[nH]c(=Nc4ccc(C(N)=O)cc4)s3)cc2)cc1,19.46
N#CC(c1ccc(C#N)cc1)=c1nc(Cl)cc2c(=C(C#N)C#N)n(Cc3ccccc3)cc12,34.7
CC(C)n1c(C(=O)N=c2[nH]cc(Cl)c(=Nc3cccnc3)[nH]2)nc2cccc(C3CCC3)c21,33.41
CC(C)(C)c1cc(C(=O)NN=Cc2ccc(C#N)cc2)[nH]n1,18.11
N#CC=Cc1ccc(Nc2cccc(C#N)c2)c(C#N)n1,12.79
CC(C)=CCCC(C)=CCC1c2c(ccc3oc(=O)ccc23)NC(c2ccc(-c3ccccc3)cc2)OC1(C)C,35.51
CC1(C)CCC(C)(C)c2cc(-c3csc(-c4ccc(C#N)cc4)n3)ccc21,17.14
CC(=NN=C(N)N)c1ccc(C=Nc2ccc(C#N)cc2)cc1,21.35
Nc1cc(O)c(N=Cc2ccc(N(CCCl)CCCl)cc2)cc1O,9.78
N#Cc1ccc(-c2nc(-c3ccc(C#CC4CC4)cc3)nc(C3CC3)n2)cc1,11.88
N#Cc1cccnc1Nc1ccc2c(c1)C(=O)c1ccc(N)cc1C2=O,11.74
N#Cc1ccc(-c2noc(C3CCN3C(=O)c3ccc(-c4ccccc4)cc3)n2)cc1,21.99
Cn1cc(C#N)c2cc(-c3nc(-c4ccc(C#N)cc4)nc(-c4cncc(C#N)c4)n3)ccc21,13.35
N#Cc1ccc2c(c1)COc1cc(Cl)ccc1N2,27.03
COc1ccc(C(=O)C=Cc2cc(C(=O)NN3CCC4(C=Cc5ccccc54)CC3)nc3cc(OC)ccc23)cc1,42.91
C#CCNC(=O)c1c(C(F)(F)F)nc(CCC)n1Cc1ccc(-c2ccccc2-c2nn[nH]n2)cc1,26.02
N#Cc1cnc2c(ccn2-c2cc(=NC3COC3)nc(C#N)[nH]2)c1,19.68
C#CC=CCCCCCCCCC=CCCCCC#CC(O)C#CCCCCCCC=CC(O)C#C,25.11
Cc1cc(C)[nH]c(=NS(=O)(=O)c2ccc(NC(=O)c3c(-c4ccccc4Cl)noc3C)cc2)n1,24.72
N#Cc1ccc(-c2cc(C3CCCC3)nc(-c3ccc(C#N)cc3)n2)cc1,9.77
COc1cc2c(cc1C(=O)N(CCN(C(C)C)C(C)C)C(=O)c1ccc(-c3ccc(C#N)cc3)cc1)C(c1ccncc1)=NCC2,47.22
N#CC(C#N)=c1ccc(=C(C#N)c2nc(C(N)=O)nc(C(C#N)=c3ccc(=C(C#N)C#N)cc3)n2)cc1,9.26
CCCCCCC(C)(C)c1cccc(C(CC)(CC)c2ccc(OCCc3csc(C)n3)cc2)c1,37.6
Fc1cc(C=Nc2nc(NCc3ccccc3)nc(N3CCNCC3)n2)cc(F)c1F,30.13
Cc1nc(-c2ccc(-c3ccc(C#N)cc3)cc2)cc(-c2ccc(-c3cc(-c4ccncc4)nc(-c4ccc(C#N)cc4)n3)cc2)n1,20.63
N#CC=Cc1ccnc(C=NO)n1,12.29
N#Cc1ccc(-c2nc(-c3ccc(C=Nc4cc(O)c(N)cc4O)cc3)nc(-c3ccc(C=Nc4cc(O)c(N)cc4C(=O)Nc4ccc(C5=NCCN5)cc4)cc3)n2)cc1,14.12
Cc1nnc(-c2ccc(-c3nc(-c4ccc(-c5cccc(C=CC#N)n5)cc4)nc(-c4ccc(Cl)cc4Cl)n3)cc2C#N)o1,23.92
CS(=O)(=O)NC(=O)CCc1c(C(C#N)C#N)ncn1-c1ccccc1NC(=O)c1ccccc1,45.46
CC(C)(c1cccc(F)c1)c1nc(-c2ccc(-c3ccc(C#N)cc3)cc2)nc(-c2ccc(-c3ccc(C#N)cn3)c(F)c2)n1,16.16
N#Cc1ccc(-c2cc(C(=O)Nc3ccc(Br)cc3)c(O)cc2-c2ccc(C(=N)N)cc2)cc1,27.67
CNC(=O)C=CC#Cc1cc(-c2ccc(Cl)cc2)nc(-c2ccc(C#N)cc2)c1C#N,24.83
C=CCn1c(=C)c(C(=O)OC2CCCC2)c(O)c1=C(N)c1ccccc1,29.29
N#Cc1ccc(-c2ccc(-c3ccc(-c4ccc(C#N)cc4)c(O)c3C=O)cn2)cc1,25.11
Cc1cc(Br)n(-c2nc(N(C)C)nc(N(C=O)Cc3ccc(Cl)c(Cl)c3)n2)n1,36.53
Cc1ccccc1N1CCN(c2nc3ccccc3cc2C#N)CC1,22.22
COc1ccc2c(c1)C(=O)C(=O)N2Cc1nc(C#N)c(C=Cc2ccccc2)[nH]1,26.92
N#CC=CC=Cc1ccc2ccccc2n1,15.51
Cc1nc(-c2nnc(-c3nnn(-c4ccc(Cl)cc4)c3C)nc2-c2ccc(Br)cc2)co1,27.66
N#Cc1ccc(-c2nc(-c3ccccc3)nc(-c3cccc(C(F)(F)F)c3)n2)cc1,11.34
Cc1ccc(S(=O)(=O)NNNc2ccc(C#N)cc2)cc1,21.58
OCC1C(O)C(O)C(O)CN1Cc1ccccc1,19.51
CC(C)Cc1ccc(-c2nc(-c3ccc(C#N)cc3)nc(-c3ccc(-c4ccc(C(=O)O)nc4)cc3)n2)cc1C#N,17.4
COCc1nc(-c2ccc(C#N)cc2)nc(-c2ccc(C#N)cc2)n1,9.93
C=c1[nH]n(-c2ccc(C#N)cc2)c(=O)c1=Cc1cc(C)c(C)cc1C,23.09
N#Cc1cccc(NC(=O)CCC(=O)N2c3ccccc3Sc3ccc(F)cc32)c1,26.7
N#Cc1ccc(CNCc2ccc(C#Cc3cccc(C#N)n3)cc2)cc1,19.34
NC(=O)C(=O)Nc1ccc(-c2nc(-c3ccc(C=NO)cc3)nc(-c3cccs3)n2)cc1,26.74
CC(C)C(NS(=O)(=O)c1ccc(C#N)cc1)C(=O)Nc1cccnc1,27.86
N#Cc1ccc(C(c2cccc(C#N)c2)c2cc(C#N)cc(C(F)(F)F)c2)cc1,21.21
CN(C)c1nc(-c2ccc(-c3ccc(N=C(N)c4cc(Cl)nc(Cl)n4)cc3)cc2)nc(N2CCOCC2)n1,25.58
N#Cc1ccc(-c2nc3ccc(C#N)cc3c(=O)n2N=Cc2ccccc2C#N)cc1,23.88
N#Cc1ccc(-c2cc(-c3ccc(C#N)cc3)nc(-c3ccccn3)c2)cc1,12.87
O=S(=O)(NN=Cc1cccc(C(F)(F)F)c1)c1ccc(Cl)cc1,26.72
N#Cc1ccc(-c2nc(C(N)=O)cc(-c3ccc(-c4ccc(C#N)cn4)c(F)c3)n2)cc1,15.14
CCCCn1c(O)c(N=Cc2ccccc2)c2ccccc21,18.41
C=CCc1cc(O)c(N(C=CC(=O)c2ccc(C(=O)O)cc2)CC(=O)OC)cc1C=O,42.73
COc1cc2c(cc1OC)CN(CCOCCOc1ccccc1[N+](=O)[O-])CC2,24.92
Cc1ccc(C2=C(c3ccc(S(C)(=O)=O)cc3)C(=Cc3cccc(C(F)(F)F)c3)OC2=O)cc1,20.6
COc1nc(C=NO)ccc1C=Nc1ccc(C#N)cc1,21.27
COc1cc(C#N)cnc1-c1ccc(-c2cc(C#N)c(=O)n(C)c2C)cc1F,17.17
N=c1[nH]cnc2c1nc(C1CCCCC1)n2COCCO,23.13
N#Cc1ccc(-c2ccc(-c3nc(-c4ccc(-c5ccc(C#N)cn5)cc4)nc(-c4ccc(-n5cc6ccccc6n5)cc4)n3)cc2)cc1,22.84
Cn1cc(-c2ccn3c(-c4ccc(C#N)cc4)nc(-c4cc(-c5ccc(C#N)cc5)nc(-c5cccc(C#N)c5)n4)c3c2)cn1,25.59
CCCCN(CC)c1ccnc(C(O)=NO)c1,24.56
N#Cc1ccc2c(=Nc3cccc(Cl)c3)[nH]nc(-c3ccc(C#N)nc3)c2c1,24.54
CC(C)(O)CNC(=O)c1ccc(-c2ccc(-c3nc(-c4cncc(C#N)c4)nc(C4CCC4)n3)cn2)cc1,24.43
N#Cc1cccc(-c2nc(-c3cncc(C#N)c3)nc(-c3cncc(C#N)c3)n2)c1,8.33
N#Cc1ccc(-c2nc(-c3ccccn3)nc(N3CCOCC3)n2)cc1,14.22
COc1ccc(-n2nc(C(N)=O)c3c2C(=O)N(Cc2nc(C)c(C)o2)C3)cc1,34.66
N#Cc1ccc(-c2ccc(-c3nc(N=c4nccc[nH]4)nc(-c4ccc(C#N)cc4)n3)cc2)cc1,16.94
CC1Cc2ccccc2N1C(=O)c1ccc(C#N)cc1,19.42
CC(C)C(NC(=O)c1cc(Br)c(Br)o1)C(=O)Nc1ccc(-n2cncn2)cc1F,30.44
CN1CCN(c2ccc(-n3nccc3-c3ccc4nc(C#N)ccc4c3)cc2F)CC1,30.55
CCC1OCCC2(N=C(N)c3ccc(C#Cc4ccc(F)cc4)cc32)C12COC2,26.43
CCc1ccc(-c2noc(CN3CCN(c4ccccc4F)CC3)n2)cc1,18.92
CC(CCCC(=O)O)CCSCCCSC1C(=O)CC(O)C1C=CC(O)Cc1ccccc1,32.97
Cn1c(-c2cccc(N)c2)c(-c2cccc(C#N)c2)cc(C#N)c1=O,21.8
Cc1cc(-c2nc(-c3cccnc3)nc(-c3cncc(C#N)c3)n2)nc(C#N)n1,18.82
Cn1nc(-c2ccc(Cl)cc2Cl)nc1-c1ccc(Cl)cc1,15.12
N#Cc1ccc(-c2ccc(-c3cc(-c4ccccc4)nn3C(=O)c3ccc(C(=O)NCCC(=O)O)cc3)cc2)cc1,18.4
CN(C)C(=O)c1cccc(Nc2ccc(C#N)cc2C(=O)N=c2[nH]c3ccccc3s2)c1O,30.17
Cn1c(-c2ccc(-c3ccc(C#N)cc3)cc2)nnc1-c1ccc(-c2ccc(C#N)cc2)nc1,20.06
Cc1nc2nc(-c3ccc(C#N)cc3)nn2c(-c2cncc(C#N)c2)c1CN,20.02
N#Cc1cccnc1N1CCC(CNC(=O)c2cc(F)c(F)cc2F)CC1,30.26
Nc1ccc2c(c1)C(=O)c1ccc(Nc3nc(-c4ccc(-c5ccccc5)cc4)cs3)cc1C2=O,14.53
NC(=O)c1cc(-c2cc(-c3ccc(-c4nc(Cl)nc(Cl)n4)cc3)cc(-c3ccc(-c4nc(Cl)nc(Cl)n4)cc3)n2)ccc1-c1ccc(C(=O)N=c2cccc[nH]2)cn1,20.16
Cn1c(C=CC(=O)C=CC=Cc2cc(-c3ccc(F)cc3)nc3ccc(C#N)cc23)nc2ccccc21,30.47
Nc1cc(O)c(N=Cc2ccccc2O)cc1O,12.81
Cc1cc(C)c(C#N)c(SSc2nnc(CNc3ccc(Cl)cc3)n2CC2CCCO2)n1,29.8
CC(=O)NC(C)Cc1ccc(C#Cc2ccc(C#N)cc2)cc1,11.76
CCN(CC)c1ccc(N=Nc2ccc(NC(=O)c3ccc(S(N)(=O)=O)cc3)cn2)cc1,35.1
COc1ccc(N=Cc2ccc(O)cc2O)cc1,13.57
Clc1ccc(-c2nc(=NC3=NCCC3)cc(-c3ccccc3)[nH]2)cc1,31.43
Cc1ccc(CC2CCN(Cc3c(C(=O)NN=CC=Cc4ccco4)nnn3-c3no[nH]c3=N)CC2)cc1,23.74
Cc1[nH]c2ccccc2c1-c1nc(-c2cncc(C#N)c2)nc(-c2ccc(C#N)c3ccccc23)n1,24.6
CCCCc1nc2cc(S(=O)(=O)N=c3[nH]ccs3)ccc2n1Cc1ccc(-c2ccccc2-c2nn[nH]n2)cc1,25.03
CC(C)Cc1ccc(-c2nc(-c3ccccc3)nc(-c3ccc(C#N)cc3)n2)cc1C#N,13.29
C#CCS(=O)(=O)c1ccc(C#N)cc1,23.13
N#Cc1ccc(C(=O)N2CCC(N=c3cnc(C#N)c[nH]3)CC2)cc1,22.03
N#Cc1ccc(-c2cc(C3CC3)nc(-c3ccc(C#N)cc3)n2)cc1,9.48
ClCc1nc(-[n+]2ccc(-c3ccncc3)cc2)nc(-[n+]2ccc(-c3ccncc3)cc2)n1,13.61
COc1ccccc1C=CC(=O)c1cccc(N)c1,18.85
N#Cc1ccc(-c2ccc(-c3cn(-c4ccc(Cl)nn4)c(-c4ccc(-c5ccc(C#N)cc5)cc4)n3)cc2)cc1,23.0
CC1(C)C=C(c2ccc3c(c2)C(=O)N(c2ccc(C(=O)O)c(O)c2)C3=O)c2ccccc21,25.79
Cc1n[nH]c(-c2ccc(-c3ccc(-c4ccc(C#N)cn4)cn3)c(C#N)c2)n1,16.12
N#Cc1ccc(-c2ccc(-c3[nH]c(S(=O)(=O)c4ccc(C#N)cc4)c(C#N)c3-c3ccc(-c4cnnc5ccccc45)cc3)cc2)cc1,31.53
Fc1cc(N=c2nc(-c3cnc4ccccn34)cc[nH]2)ccc1N1CCN(C2COC2)CC1,25.26
Cn1c(-c2ccc(NC(=O)Cc3ccc(C#N)cc3)cc2Cl)nc2cc(C#N)c(C#N)cc21,28.94
CC=CC(=O)C(Cc1c[nH]c2ccccc12)NC(=O)c1ccc(-c2cccc(C#N)c2)c(OC)c1,38.78
COc1ccc(N=Cc2ccc3ccccc3c2)cc1,16.52
N#Cc1ccc(-c2ccc(-c3nc(-c4ccc(C#N)cc4)nc(-c4ccc(N5CCN(C(=O)CBr)CC5)cc4)n3)cc2)cc1,26.17
CCc1ccccc1-n1c(-c2ccc(-c3ccc(C#N)cc3)cc2)nc2c(C)ccnc21,22.69
Cn1c(N(Cc2ccccn2)c2ccc(C#N)cc2)nc2ccccc21,26.91
O=C1Nc2ccc([N+](=O)[O-])cc2C1=NN=Cc1ccco1,20.78
N#CC=Cc1nc(C=CC#N)nc(C=Cc2ccc(C#N)cc2)n1,13.68
COc1cccc(C=CC(=O)c2ccccc2C(=O)O)c1,25.96
COc1cc2c(Oc3ccc(NC(=S)NNC(=O)c4cccc(C)n4)cc3F)ccnc2cc1OCCCN1CCC(C)CC1,30.71
CC1CN(C(C)CO)C(=O)c2cccc(NC(=O)Nc3ccc(C(F)(F)F)cc3)c2OC1CN(C)CC1CCCCC1,23.01
N#Cc1ccc(-c2cc(-c3ccncc3)nc(-c3ccc(C#N)cc3)n2)cc1,10.64
CC(C)(C#N)c1cc(C(=O)Nc2ccc(-c3ccccc3)cc2)n(-c2cccc(-c3ccc(-c4ccccn4)cc3)c2)n1,29.78
N#Cc1ccc(-c2ccc(-c3nc(CO)nc(-c4ccc(-c5ccc(Cl)cc5)cc4)n3)cc2)cc1,11.45
CC(C)CN(C(=O)COC(=O)CNC(=O)c1ccco1)c1ccc(F)cc1,28.75
N#CC=Cc1cccc2ccccc12,12.87
N#Cc1ccc(OCc2nc(-c3ccc(-n4cccc4)cc3)cnc2-c2ccc(C#N)nc2)nc1,34.56
C=c1ccc(=c2nc(C(=O)Nc3ccc(C=NO)cc3)c(=C(O)NCc3ccc(F)cc3)[nH]2)cc1,25.19
Cc1cc(=NCCN=c2nccc(-c3ccc(C#N)cc3)[nH]2)[nH]c(=N)[nH]1,20.48
Clc1ccc(-c2ccc(-c3cc(-c4ccc(-c5nc(Cl)nc(Cl)n5)cc4)cc(-c4ccc(-c5nc(Cl)nc(Cl)n5)cc4)n3)cc2)nc1,8.95
CCOC(=O)c1cc(N=Cc2ccc(C)s2)ccc1Cl,22.64
CCCCCc1ccc(-c2nc(COc3ccc(C=C4C(=O)NC(=O)NC4=O)cc3)nc(-c3ccccc3F)n2)cc1,22.7
CN1CCN(c2nccc(Nc3ccc4c(c3)C(=O)c3ccc(N)cc3C4=O)n2)CC1,9.75
COc1cc(C#N)ccc1Oc1nc(Cl)nc(N(C)C)n1,18.8
N#Cc1ccc(CN=c2nc(C(F)(F)F)cc(-c3ccco3)[nH]2)cc1,23.21
C=CCn1c(SCC(=O)N(C)Cc2ccccc2)nnc1-c1ccc(OC)c(OC)c1,26.63
Cc1[nH]c(N2CCN(Cc3ccc(C(F)(F)F)cc3)CC2)nc(=NS(=O)(=O)c2ccc(C#N)cc2)c1Cc1ccccn1,34.82
N#Cc1cccc(-c2ccc(-c3ccc(-n4ccccc4=O)nc3)cc2)n1,16.96
CCCCCC#Cc1ccc(=O)n(-c2ccc(-c3coc(O)c3CCC)cc2)c1,30.5
Cc1ccc(-n2ncc(C#N)c2-c2ccc(-c3ccc(C#N)cc3)cc2)cc1,16.03
N#CC=Cc1ccnc(-c2ccc(-c3cccc(C#N)c3)cc2)n1,9.83
Cn1cccc1C(=O)c1ccc2ccccc2c1,21.41
Cc1nc(-c2ccc(Cl)cc2Cl)c(-c2ccc(NS(=O)(=O)Cc3ccc(F)cc3)cc2Cl)s1,30.61
COc1cc(OCC#N)ccc1C=C1SC(N=c2[nH]c3ccccc3o2)=NC1=O,31.48
Cc1c(-c2cccc(C#N)c2)ccn1Cc1ccc(-c2ccc(C#N)cc2)cc1,20.17
COc1cc2nc(CCN)nc(Nc3cc(C=NO)nc(Nc4ccc5c(c4)C(=O)c4ccc(N)cc4C5=O)n3)c2cc1NC(=O)OC(C)(C)C,37.06
CC(=O)NCC1CN(c2ccc(-c3ccc(C=Cc4nc(-c5ccc(C#N)cc5)nc(-c5ccc(C#N)cc5)n4)cc3)cc2)C(=O)O1,21.05
Clc1ccc(COc2nc3ccccc3nc2N2CCN(c3ccccc3)CC2)cc1Cl,28.45
Nc1nc(=O)[nH]c(N)c1N=Nc1cccc(C(=O)O)c1,21.79
COCCNC(=O)c1cc(-c2ccc(-c3ccc(C#N)cn3)cc2)nc(-c2ccc(-c3ccc(C#N)cc3)cc2)n1,10.14
C#CCCCn1cnc2c(Oc3ccc(C(=O)OC)cc3)nc(Cl)nc21,21.63
Cc1nc(SCc2nc(-c3ccc(C#N)cc3)nc(-c3ccc(C#N)cc3)n2)nc(-c2ccc(C#N)cc2Cl)n1,26.63
Nc1ccc2c(c1)C(=O)c1ccc(Nc3nc(Nc4ccc5c(c4)C(=O)c4cc(N)ccc4C5=O)nc(Nc4ccc5c(c4)C4CCN(CCO)CC4C5=O)n3)cc1C2=O,23.13
N#Cc1ccc(C=Cc2ccccc2Cl)nc1,16.43
N#Cc1ccc(-c2nnc(-c3cccc(N=C=S)c3)o2)cn1,19.44
CN(C)C=NS(=O)(=O)c1ccc(-n2nc(C(F)(F)F)cc2-c2ccc(N=C3C=CC(=Nc4ccc(N(C)C)cc4)C=C3)cc2)cc1,32.01
O=C(NCc1ccccc1)c1ccc2c(c1)N(S(=O)(=O)c1cccs1)CCO2,25.19
N#Cc1ccc(-c2cc(C#N)c(-c3ccc(C#N)cc3)nc2-c2ccc(C#N)cc2)cc1,14.96
CC(C)(C)c1cc(-c2ccc(-c3ccc(C#N)cn3)cc2)nc(-c2ccc(-c3ccc(C#N)cc3)cc2)n1,7.91
CCCCCCCCCCCCCCCCOC(=O)CCC(C)=CCc1c(OCOC)cc2nc(-c3ccc(OCC)cc3)cc(-c3ccc(OC)cc3)c2c1OC(C)=O,47.73
N=c1[nH]c2scc(-c3ccccc3)c2c2nc(-c3ccco3)nn12,23.1
COc1ccc(-c2ncc(C#N)cn2)cc1Oc1ccc(S(=O)(=O)N=c2[nH]ccs2)cc1C#N,31.67
Cc1cc(C(=O)OCCCCCCCCc2ccccc2)cc(C=Cc2ccc(O)cc2)n1,30.82
N#Cc1ccnc(-c2ccc(-c3nn(CC(=O)Nc4cc(Cl)ccc4-n4cncn4)c4ccccc34)cc2)c1,32.15
COc1ccc(-n2nc(C(=O)NCc3cccc(OC)c3)c3ccccc3c2=O)cc1,24.19
CN(C)C=Nc1nc(C#N)nc(N=CN2CCN(C=O)CC2)n1,12.1
N#CC1=CCC2(CC1)NC(=O)Nc1ccc(-c3cccc(C#N)c3)cc12,25.84
O=C(NC(CO)Cc1ccc(F)cc1)N1CCc2[nH]c(=O)nc(-c3ccc(-c4ccc(O)cc4)cc3)c2C1,30.66
C[n+]1ccccc1C=Cc1ccc(C=Cc2ccc(C(F)(F)F)cc2)cc1,19.51
O=C1COc2cc3ccccc3cc2N1CCCN1CCCCC1,26.62
CC1(C)CCCc2cc(-c3ccnc(C=CC#N)c3)ccc21,26.01
NC(=O)C1=CC2CC(=O)c3ccc(Nc4nc(Nc5ccc6c(c5)C(=O)c5ccc(N)cc5C6=O)nc(Nc5ccc6c(c5)C(=O)c5ccc(N)cc5C6=O)n4)cc3N2C1,23.09
COC(=O)c1ccc(-c2ccc(-c3nc(-c4ccc(C#N)cc4)nc(-c4ccc(F)c(C(F)(F)F)c4)n3)cc2)cc1,18.56
C=C(C)C(=O)Nc1ccc2nc(C=Cc3cccc(-c4ccc(C#N)cc4)n3)n(C)c2c1,31.88
COc1cc(NC(=O)CN)cc(-c2nn(-c3cc(C(=O)O)c4c(C)nc(C)cc4c3)cc2C#N)c1,40.62
CN1CCN(c2nc(N=c3[nH]cc(C(=O)C=Cc4ccc(Cl)cc4)s3)nc(=NCCc3ccccc3)[nH]2)CC1,28.94
CCN(CC)CCCN1C(=O)C(C)(c2cn(C)c3ccccc23)Oc2ccc(-c3ncccc3C#N)cc21,36.42
CCOC(=O)C1CN(Cc2ccccc2)CCC1C=Cc1ccccc1,25.64
N#Cc1ccc(-c2ccc(-c3nn4c(C(F)(F)F)ccnc4c3C#N)cc2)cc1,15.52
N#Cc1ccc(-c2ccc(-c3nc(-c4ccc(C#N)cc4)nc(-c4ccc(-c5ccc(C#N)cn5)cc4)n3)cc2)cc1,8.09
CNc1ccc(NC(=O)CCCOc2ccc(C(C)=O)cc2)cc1S(=O)(=O)Nc1ccc(OC)cc1,32.3
N#Cc1ccc(-c2nc(-c3ccc(NCCCn4ccc(=NCCCc5ccc(F)c(N)c5)cc4)cc3)cc3ccccc23)cc1,44.34
CCC(C)N=C(N)c1ccc(-c2cc(-c3cc4ccccc4nc3C)nc(-c3cccc(C#N)n3)n2)cc1,34.9
CN(C)c1oc(-c2ccc(-c3ccc(C#N)cc3)cc2)nc1C#N,11.4
N#Cc1cc(CC(=O)NCc2ccc(CN)cc2)ccc1-c1cc2c(s1)CNC(C(=O)O)C2,42.39
N#Cc1ccc(-c2cnc3c(c2)C(=O)c2ccc(-n4ccc(C(F)(F)F)n4)cc2C3=O)cc1,21.76
N#Cc1ccc(-c2ccc3c(c2)cc(-c2ccc(Cl)cc2)n3S(=O)(=O)c2ccc(C#N)cc2)cc1,29.1
N#Cc1ccc(-c2nc(-c3ccc(C#N)cc3)nc(-c3ccc(=NCCCc4ccccc4)[nH]c3)n2)cc1,21.17
N#Cc1ccc(-c2nc(-c3cncc(C#N)c3)nc(-c3cc(C#N)no3)n2)nc1,20.76
C[S+]([O-])c1ccc(-c2nc(-c3ccc(-c4ccc(C#N)cn4)nc3)nc(-c3ccc(-c4ccc(C#N)cn4)nc3)n2)cc1,15.47
Cc1ccccc1-c1nc(-c2cncc(C#N)c2)nc(-c2cncc(C#N)c2)n1,13.04
COc1ccc(N=c2nc(C#N)nc(-c3cccc(C#N)c3)[nH]2)cc1,15.36
N#Cc1ccc(C(=O)Nc2ccc3c(c2)C(=O)C(=O)NC3=O)cc1,19.13
Cc1ccc2c(c1C)CN(C)CC2c1ccccc1,19.0
COc1ccc(-n2c(CCc3c[nH]c4ccc(Br)cc34)nc3ccccc3c2=O)cc1OC,25.88
Nc1ccc2c(c1)COc1cc(NC(=O)c3nc[n+]([O-])c(-c4ccc(F)cc4)n3)ccc1C2=O,27.35
N#Cc1cncc(-c2nc(-c3ccc(C#N)nc3)nc(-c3ccc[nH]c3=O)n2)c1,17.12
COc1cc(-c2ncnc3ccc(C#Cc4ccc(C#N)cc4)cc23)ccc1C(=O)NC1CC1,28.74
CNC(=O)c1ccc(-c2nc(-c3nc(Cl)nc(Cl)n3)cc(-c3cccc(OCCC4CC4)c3F)n2)cc1,29.24
N#Cc1ccc(C#N)c(C#N)n1,11.94
CC1CN(C(C)CO)C(=O)c2cc(NC(=O)c3ccccc3)ccc2OC1CN(C)S(=O)(=O)c1ccc(Cl)cc1,21.95
Cc1cc(C=O)c(C)n1-c1cccnc1,18.09
N=C(N)NCCCC(N)C(=O)NCC(N)=O,24.19
Cn1c(C#N)ccc1-c1ccccc1-c1cc(C#N)cnc1-c1ccc(C#N)cc1,21.93
N#Cc1ccc(-c2ccc(-c3nc(-c4ccc(-c5ccc(C#N)cc5)cc4)nc(-c4cccc(-c5ccc(C#N)cc5)c4)n3)cc2)cc1,9.71
COc1nc(C#N)ccc1NC(=O)N1c2ccccc2Sc2ccccc21,25.13
CC(=O)NCCc1nc(-c2ccc(C#N)cc2)nc(-c2ccccn2)n1,22.01
N#Cc1ccc(-c2ccc(-c3nc(-c4ccc(Cl)c(Cl)c4)nc(-c4ccc(NCN5CCN(c6ccnc7ccccc67)CC5)cc4Cl)n3)cc2)cc1,39.19
CCC1CN(C(=O)c2cncc(Cc3nn(CC4CCOCC4)c4ccccc34)c2)CCN1c1ccncn1,43.01
Cc1cn2cc(C(F)(F)F)cc2c(C#Cc2cnnc(F)c2F)n1,20.04
N#Cc1ccc(-c2ccc(-c3nc(-c4ccc(-c5ccc(S(=O)(=O)c6ccccc6)cc5)cc4)[nH]c(=NC(=N)Cc4ccc(F)cc4)n3)cc2)cc1,36.54
N#Cc1cnc(-c2ccc(C3(O)CC(O)C(CO)O3)nc2)c(-c2ncccn2)c1,31.86
CN1CC(C(=O)Nc2ccccc2)Cc2ccccc21,23.6
CCCc1nc2ccccc2c(=O)n1CC(=O)Nc1ccc2c(c1)OCCO2,23.54
CCc1cnc(-n2nc(C)cc2C)n1Nc1ccc2c(c1)ncn2Cc1ccc(-c2ccc(C#N)cc2)cc1F,40.15
CC(C)NC(=O)c1cc(-c2ccc(NC(=S)NCc3ccc(C(C)C)cc3)cc2)ccn1,28.43
O=S(=O)(N=c1cc(Cl)n(Cc2ccccc2)[nH]1)c1ccc(Cl)c(Cl)c1,25.2
N#Cc1ccc(-c2nc(-c3ccccc3C#N)nc(C3CCN(C(=O)NC4CCCCC4)CC3)n2)cc1,18.81
Nc1ccc2c(c1)C(=O)c1ccc(NC(=O)C3CC(c4ccccc4)=NO3)cc1C2=O,15.57
N#Cc1ccc(C2c3c(cc(-c4cccc(C#N)c4)nc3Oc3ccc(F)cc3)C(=O)N2c2ccccn2)cc1,21.98
CC(=O)NC(C)Cc1ccc(C#Cc2ccc(C=CC#N)nc2)cc1,14.2
N#Cc1ccc(N=c2[nH]c(-c3cncc(C#N)c3)cs2)cc1,15.09
N#Cc1ccc(NC(=O)c2ccc(-c3ccc(-c4cc(-c5ccc(-c6nc(Cl)nc(Cl)n6)cc5)cc(-c5ccc(-c6nc(Cl)nc(Cl)n6)cc5)n4)cc3)nc2)cc1,13.05
O=C(C=Cc1cccc(F)c1F)c1cc(-c2cccs2)ccc1N1CCCC1,26.04
Cc1cccc(C=Nc2ccc3c(c2)C(=O)c2cc(N)ccc2C3=O)n1,17.07
N#Cc1ccc(-c2nc(-c3ccc(C#N)cc3)c(C(C#N)c3cccc(F)c3C#N)s2)cc1,22.8
COC(=O)C(C)=Nc1ccc2[nH]c(C)nc2c1,24.86
CC(C)NC(=O)CN(Cc1ccc(C#N)nc1)c1cccc(-c2cnc(-c3ccc(C#N)cc3)c(-c3ccccc3)n2)c1,34.84
CC(C)(O)c1cc(-c2ccc(-c3ccc(C#N)cn3)cn2)nc(-c2ccc(-c3ccc(C#N)cc3)cc2)n1,10.12
N#Cc1ccc(-c2ccc(-c3cccc(C=Cn4ncc(C#N)n4)n3)cc2)cc1,21.84
Cc1nc2c(c(C#N)c(N)n2-c2ccccc2)c2ncnn12,24.07
CCCOc1ccc(C(=O)Nc2ccc3[nH]c(=NC(=O)c4ccco4)sc3c2)cc1,26.3
CCc1noc(C(C)N2CCN(CCS(C)(=O)=O)CC2)n1,24.02
COc1cccc(-c2nnc(-c3ccc(C#N)cc3)n2N=CC(C)=Cc2ccc(-c3ccc(Br)cc3)cc2)c1,41.12
COCCOc1cc(F)ccc1-c1nc(=NC2CC2)n2ncc(=Cc3[nH]c(=O)[nH]c3O)c2n1,25.13
N#Cc1ccc(-c2ccc(-c3nc(-c4ccc(-c5ncc(C#N)cn5)cc4)cc(C(F)(F)F)n3)cc2)nc1,13.74
C(=NN=c1scc(-c2ccccc2)n1-c1cccc2ccccc12)c1ccco1,27.91
COc1cc(-c2ccc(Cl)c(C)c2)ccc1-n1c(=O)ccc2ccc(-c3cc(F)c(O)c(Cl)c3)nc21,21.82
N#Cc1ccc(NC(=O)c2ccc(CN3CCc4ccccc4C3)cc2)cc1,16.04
N#Cc1ccc(-c2nc(-c3cncc(C#N)c3)nc(-c3cccc(F)c3F)n2)cc1,12.83
c1ccc(Cc2cccc(NCc3cccnc3)c2)nc1,23.44
N#Cc1ccc(-c2ccc(-c3cn4cc(-c5ccc(C#N)cc5)nc4cn3)cc2)cc1,14.31
c1cc(-c2ccc(NCCN3CCCCC3)nc2)nc(=Nc2ccc(N3CCCCC3)nn2)[nH]1,33.1
N#Cc1ccc(-c2ccc(CC(=O)NCc3nc(-c4ccc(C#N)cc4)nc(-c4cncc(C#N)c4)n3)cc2)cc1,19.95
N#Cc1ccc(-c2nc(C3CCOCC3)n(-c3ccc(-c4ccc(C#N)cn4)cc3)n2)cc1,19.23
C[N+](C)(C)c1ccnc(-c2nc(-c3ccc(C#N)cc3)nc(-c3ccc(-c4ccc(C#N)cc4)cc3)n2)c1,25.64
Cc1cccc2c(=Nc3ccc(CC#N)c(Cl)c3)c3ccc(CCC(N)=O)cc3[nH]c12,41.02
CCC(CC)(c1ccc(-c2c(-c3ccccc3C#N)c(C)c(C)c3oc4cc(Cl)ccc4c23)cc1)c1ccc(C(C)(C)C)cc1,55.08
CCN1CCN(c2ccc3c(=Nc4ccc(N=c5c6ccc(Cl)cc6[nH]c6ccc(OC)cc56)cc4)c4ccccc4[nH]c3c2)CC1,29.58
CCCCCn1cnc2c(-c3ccc(C#N)cc3)nc(Cl)nc21,15.77
CC1Sc2ccc(C(=O)NCc3cccs3)cc2NC1=O,19.03
N#Cc1c(C(=O)NN=Cc2ccc(F)cc2)nn(-c2ccc(Cl)cc2Cl)c1-c1ccc(Cl)cc1,21.36
N#Cc1ccc(-c2cc(C(=O)N=c3ccc(C#N)c[nH]3)nc(-c3ccc(C#N)cc3)n2)cc1,17.07
N#Cc1cc2nc(-c3ccc(F)c(C#N)c3)[nH]c(=NCCCC(N)=O)c2cn1,33.19
N#Cc1ccc(-c2nc(-c3ccc(-c4cccc(C#N)c4)cc3)nn2-c2ccccc2)cc1,17.07
CS(=O)(=O)N1CCc2cc(-c3cc(-c4cccc(C#N)n4)nc(C#N)n3)cnc21,24.77
COC(=O)c1ccc(C=CC=C(C#N)C#N)cc1,21.98
N#Cc1ccc(-c2ncc(C#N)cn2)cc1,8.44
COc1ccc(N(CC(=O)Nc2cccc(Cl)c2C)S(C)(=O)=O)cc1,22.45
CC(=O)NC1C(O)OC(CN=[N+]=[N-])C(O)C1OC(C)=O,30.55
CC(=O)NCCNCc1noc(-c2ccc3nc(-c4ccc(NC(=O)Nc5ccc(C#N)cc5)cc4)nc(N4CCOCC4)c3c2)n1,31.26
CCc1cc(-c2cc(C)nc(-c3ccc(-c4cccc(C#N)c4)cc3)n2)nc(-c2ccc(C#N)cc2)n1,17.4
Nc1ccc2c(c1)C(=O)c1ccc(N=Cc3nc(-c4cccc(N=C=S)c4)ns3)cc1C2=O,23.17
CC(=Nn1c(N)c(C#N)c(-c2ccc(-c3cc(-c4ccc(C#N)cc4)nc(-c4ccc(C)cc4)n3)cc2)c(C#N)c1=O)c1ccc(-c2ccc(C#N)cc2)o1,27.45
Cc1nn(C)c(C)c1CC(=O)NCC(O)c1ccccc1,25.03
Cc1cc(-c2cn(-c3ccc(F)cc3)c(C)n2)cc(C(=O)Nc2ccc(Oc3ccnc4cc(-c5csc(C)n5)ncc34)c(F)c2)n1,30.0
CC(=O)N(C)c1ccc(N=C(N)c2ccc(C(C)NN=Cc3ccc(-c4ccccc4)nc3-c3ccc(C#N)cc3)cc2)cc1,33.53
N#Cc1ccc(-c2ccc(-c3cc(-c4ccccc4O)[nH]c(=N)c3C#N)cc2)cc1,16.32
N=c1[nH]cc(-c2ccccc2)nc1-c1c[nH]c2ccc(-c3cccnc3)n12,24.81
N#Cc1ccc(-c2ccc(-c3nc(C4=CCCCC4)nc(-c4ccc(-c5ccc(C#N)cc5)cc4)n3)cc2)cc1,13.07
N#Cc1ccc(CNc2ccc3c(c2)C(=O)c2ccc(N)cc2C3=O)cc1,14.08
N#CC(=Cc1ccc(C=CC(O)=NO)cc1)C(=O)NCc1ccccc1,17.21
O=CN1CCN(c2ccc3ncn(-c4cccc(NC(=O)c5cc(F)ccc5F)c4)c3c2)CC1,30.67
Clc1ccc(CC2COCC2Cc2cccnc2)cc1Cl,18.84
CNC(=O)c1cc(-c2ccc(-c3cccc(C#N)c3)c(F)c2)nc(-c2ccc(-c3ccc(C#N)cc3)cc2)n1,18.69
Cc1ccc(C#N)nc1-c1ccc(-c2cnc(-c3ccc(C#N)cc3)c(C#N)c2)nc1,19.84
NCC(=O)NCC(Cc1ccccc1)NC(=O)Cn1c2c(c3ccccc31)CCCC2,30.58
N#CC(=Cc1ccc(-c2ccc(-c3ccc(C#N)cc3)nc2)s1)c1nc2ccccc2[nH]1,27.79
CC1COCCN1c1nccn2cnc(-c3ccc(-c4cccc(C(=O)O)n4)cc3)c12,25.54
CC(C)=CC(=O)Nc1cc(-c2nnc3cc(-c4cncc(C#N)c4)ccc3n2)ccc1F,26.43
N#Cc1cccc(Cn2ccc3ncccc3c2=O)c1,16.63
N#Cc1ccc(F)c(-c2ccc(C#CCOc3ccc(F)c(C(N)=O)c3F)cn2)c1,26.66
Cc1ncc(-c2ccc(N=c3nc(-c4ccccn4)cc[nH]3)cc2)o1,18.44
C=CCN(c1ccccc1)S(=O)(=O)c1cccc(C(=O)N2CCN(C(c3ccccc3)c3ccccc3)CC2)c1,27.39
NC(=O)c1ccc(N=C(Nc2ccc(C(=O)Nc3ccccc3N)cc2)Nc2ccc(C(N)=Nc3ccccc3)cc2)cc1,34.33
N#Cc1ccc(-c2nc(-c3ccc(C#N)cc3)nc(-c3ccc(F)c(-c4ccc(-c5nc(Cl)nc(Cl)n5)cn4)c3)n2)cc1,13.25
COc1cc(C2CC(c3ccc(N)cc3)=NO2)cc(OC)c1OC,23.24
CCc1csc(C(CCCN=C(N)N)NC(=O)C(=O)Nc2cc(C(=O)c3cccs3)cc(-c3ccc(C#N)cc3)c2)n1,45.17
CC(=O)N1CCN(c2cc(-c3ccc(C#N)cn3)nc(N3CCOCC3)n2)CC1,15.86
CN1CCc2cc3cc1c2CC1NC(c2c[nH]c4ccccc24)OC1CO3,39.05
Oc1ccccc1N(Cc1ccccc1)Cc1ccc(-c2ccc(CNCCc3ccc(-c4ccccc4)cc3)cn2)cc1,25.94
COc1ccc(CCNC(=O)c2ccc3c(c2)N(Cc2cc(C)ccc2C)C(=O)c2ccccc2[S+]3[O-])cc1OC,21.65
Cc1nnc(-c2ccc(-c3cc4cccnc4c(-c4ccc(-c5nc(C6CC6)[nH]c5-c5cccc(C#N)c5)nc4)n3)cc2)o1,32.27
CCCCc1nc(-c2ccc(-c3ccc(C#N)cc3)cc2)nc(-c2ccc(-c3ccc(C#N)cc3)cc2)n1,14.5
COc1ccc(CCNC(=O)CN2C(=O)c3cc(C#N)c(C)cc3Sc3ccc(C#N)cc32)cc1,33.65
Cc1cccc(C=Cc2ccn3c(-c4cccc(NC(=O)NCC(F)(F)F)c4)nnc3c2)n1,24.95
N#Cc1ccc(-c2ccc(-c3nc(C(=O)NCC4CCCO4)cc(-c4ccc(-c5ccc(C#N)cn5)cc4)n3)cc2)cc1,10.44
N#Cc1cc2ccn(Cc3ccc(F)c(F)c3)c2nc1-c1ccco1,23.86
N#Cc1ccc(-c2ccc(-c3nc(-c4ccc(-c5ccc(C#N)nc5)cc4)cc(C(F)(F)F)n3)cc2)cc1,14.74
N#Cc1cc(F)cc(-c2cnc(-c3ccc(-c4ccc(C(=O)O)cc4)cc3)nc2)c1,19.62
O=C(C1CC1)N1CCC(c2cncc(-c3cnc4c(-n5cnc(-c6ccncc6)c5)cccc4c3)n2)CC1,34.67
N#Cc1ccc(C(=O)Nc2cccc(Nc3ccc4c(c3)C(=O)c3ccc(N)cc3C4=O)c2)cc1,15.92
N#Cc1ccc(-c2ccc(-c3ccc(C#N)cc3)cc2)cc1,11.93
N#Cc1ccc(CNC(=O)c2cc(-c3ccc(-c4ccc(C#N)cn4)cc3)nc(-c3ccc(-c4ccc(C#N)cc4)cc3)n2)cc1,8.94
CCCc1cc(C(=O)Nc2cccc(-c3nc(CN4CCCCC4)cc(C(N)=O)n3)c2)no1,33.97
Nc1ccc2c(c1)C(=O)c1ccc(NC(=O)c3ccc(Cl)cc3)cc1C2=O,12.07
CC(=O)N1CCC2(CC1)CC(N=c1ccc(C#N)c(Nc3ccc(C#N)cc3)[nH]1)c1ccccc12,23.8
CCOC(=O)c1nc(-c2ccc(NC(=O)c3ccc(Nc4ccc(C#N)cc4)cc3C(=O)O)cc2C(=O)O)cnc1C#N,28.39
CONC(=O)c1ccccc1COc1ccccc1C=C1SC(=Nc2ccc(C(=N)N)cc2)NC1=O,33.69
N#CC=Cc1cccs1,12.42
C=CCNc1oc(-c2ccc(C)cc2)nc1C#N,14.21
N#Cc1ccc(-c2csc(C(=O)c3ccc(C#N)c(F)c3F)n2)cc1,21.09
COc1ccc(-c2noc(CSc3nc4ccccc4n3CCCC#N)n2)cc1OC,25.24
N#Cc1ccc(-c2cc(C#N)ccc2C(c2ccccc2)n2ccnc2)cc1,20.83
Cc1cccc(C)c1-c1cc(C=Cc2ccc(-c3ccc(C=O)cc3)nc2)cc(-c2nc3cc(C(=O)O)ccc3o2)c1,35.48
Cc1c(-c2cccc(C#N)c2)c(=O)c(C(=O)Nc2cccc(F)c2)cn1C,29.28
N#Cc1ccc(-c2nc(-c3ccc(C#N)cc3)nc(-c3ccc4ncnn4c3)n2)cc1,18.2
O=C(Cc1ccc(Br)cc1)NNC(=O)c1ccccn1,20.94
C#CC[N+](C)(C)CCNc1nc(N2CCOCC2)nc(-n2cccc2)n1,31.59
CN(C)c1oc(-c2ccc(C#N)cc2)nc1C#N,12.16
N#Cc1nc(-c2ccc(C#N)c(F)c2)c(F)c(-c2ncc(-c3ccc(C#N)c(F)c3)c(F)c2F)n1,24.19
O=C(C=Cc1ccc(F)cc1)C=Cc1ccc(NC(Cc2ccccc2)c2nc3ccccc3o2)cc1,42.82
CC(=O)N1N=C(c2ccc(F)cc2)OC1c1ccc(C#N)cc1,17.14
N#CC=Cc1ccnc(N=CN2CCN(C=O)CC2)n1,11.09
CCNC(=O)c1cc(-c2ccc(-c3ccc(C#N)cn3)cn2)nc(-c2ccc(-c3ccc(C#N)cc3)cc2)n1,12.09
N=c1nc(Cn2cccn2)[nH]c(=Nc2ccc(Cl)cc2)[nH]1,20.16
O=C(CN1CCN(c2ccc(F)cc2)CC1)Nc1ccc2c(c1)OCCO2,17.92
N#Cc1ccc(N=C=NC(=N)N)cc1,18.85
O=C(Nc1ccc(Cl)cc1)Nc1cccc2[nH]ncc12,22.1
Cc1cc(-c2ccc(-c3cccc(C#N)c3)cc2F)nc(C#N)n1,15.62
N#Cc1ccc(-c2ccc(-c3cc(C(F)(F)F)nc(-c4ccc(-c5ccsc5)cc4)n3)cc2)nc1,12.24
CC(C)c1cccc(C=C2C(=O)Nc3ccc(Nc4cccc(Nc5ccc6c(c5)C(=O)c5ccc(N)cc5C6=O)n4)cc32)n1,23.4
c1ccc2cc(-[n+]3ccc(-c4ccncc4)cc3)ccc2c1,17.51
Cc1cc2ccccc2cc1-c1cc(C#N)c(C#N)c2c(=O)cc(C(=O)O)oc12,32.15
CCc1cc(C#N)cnc1-c1ccc(N(C)C(=O)c2cnccn2)cc1,26.27
N#Cc1ccc(-c2nc(-c3ccc(C#N)cc3)nc(-c3cnccc3-c3ccccn3)n2)cc1,12.96
CC(C)CC=c1ccc(=C(C#N)C#N)cc1,11.94
CC(C)=CCCC(C)=CCOc1cccc2oc(=O)cc(C)c12,20.6
N#Cc1cccc(-c2nc(-c3cccc(C#N)n3)nc3cc(C#N)c(C#N)c(N)c23)c1,16.6
N#Cc1ccccc1CN1CCC(C(=O)NC(c2ccc(Cl)cc2)c2cnc(C(F)(F)F)nc2)CC1,27.85
N#Cc1ccc(-c2nc(C#N)cc(-c3cccc(C#N)c3)n2)cc1,13.51
N#Cc1ccc(-c2ccc(-c3nc(-c4ccc(-c5ccc(C#N)cc5)cc4)nc(-c4nc(Cl)nc(Cl)n4)n3)cc2)cc1,10.59
N#Cc1c(F)c(F)cc(C(=NOCCCC(=O)O)c2ccnc(Cl)n2)c1F,21.49
Cc1ccc(-n2cnc3sc4c(c3c2=O)CC(C)(C)OC4)cc1,22.66
Cc1cc(-c2ncnc(-c3ccc(-c4ccc(C#N)cc4)cc3)n2)ccc1C(N)=O,16.36
CN1CCC(N(C)c2ccc(-c3nc(=Nc4ccc(C5CCNC5)cc4)cc[nH]3)nc2C#N)CC1,30.02
N#CC(=Cc1ccccc1)c1ccsc1,18.86
Cc1nc(-c2ccc(N=c3nc(-c4cnc(N5CCCC5)c(C#N)c4)cc[nH]3)cc2)c2ccccc2n1,21.64
N#Cc1ccc(-c2ccc(-c3nc(CCCN)nc(-c4ccc(-c5ccc(C#N)cc5)cc4)n3)cc2)cc1,14.43
CC1(CF)CCN(Cc2cc(=O)n3ccccc3n2)c2ccc(Cl)cc21,33.61
N#Cc1c(Cl)c(N)c(Cl)c(Cl)c1Cl,15.27
Cc1ncnc(N2CCC(N3CCCC3=O)C2)c1C#Cc1ccc(C#N)cc1,26.36
N#Cc1ccc(-c2ccc(Cn3ccnc3)cc2)cc1,13.79
N#Cc1ccc(-c2ccc(-c3cc(C(N)=O)cc(-c4cncc(C#N)c4)n3)cn2)nc1,13.14
Cc1cc(C)c2c(C=Cc3cn(Cc4cccc(F)c4)c4ccccc34)c(-c3ccccc3)[nH]c2c1,41.94
COc1cc(C=CC(=O)NCc2ccc(C(O)=NO)cc2)cc(OCc2ccccc2)c1OCc1ccccc1,31.62
Cc1cccc(Cl)c1Cn1cnc(C)c1C=NN=c1[nH]c(=Nc2ccc(C#N)cc2)[nH]c(=Nc2ccc(C#N)cc2)[nH]1,28.62
N#CC(C#N)=c1ccc(=C(C#N)c2nc(-c3cncc(C#N)c3)cs2)cc1,14.52
N#Cc1cncc(-c2nc(-c3cncc(C#N)c3)nc(-c3cc(C#N)c4cccn4c3)n2)c1,14.57
ClCc1cc(-c2ccccc2Cl)no1,15.39
N#Cc1ccc(-c2cccc(-c3ccc(C=C4C(=O)NC(=O)NC4=O)[nH]3)c2)nc1,21.76
N#Cc1ccc2nc(CNS(=O)(=O)c3ccc(F)cc3)n(-c3ccccc3F)c(=O)c2c1,29.38
N#Cc1c(-c2ccc(F)cc2)[n+]([O-])c2ccccc2[n+]1[O-],16.01
Cc1ccc2[nH]c(=O)c(CN(CCc3ccccc3)S(=O)(=O)c3ccccc3)cc2c1,25.51
N#Cc1ccnc(C=Cc2ccc3c(=N)[nH]ccc3c2)c1,24.8
Cc1cc(C)cc(Sc2c(C#N)nc(C=Cc3ccc(C#N)cc3)n2-c2ccccc2)c1,20.63
Cn1cc(NC(=O)c2cccc(NC(=O)c3ccc(-c4ncccc4C(F)(F)F)cc3)c2)cc1C(=O)NCCN1CCOCC1,22.37
Cc1cc(-c2ccc(-c3cncc(C#N)c3)nc2)nc(C#N)n1,13.03
N#Cc1ccc(-c2cc(C(c3ccccc3)n3ccnc3)ccc2C#N)cc1,18.03
N#Cc1ccc(-c2ccc(-c3nc4cc(C(O)=NO)ccc4[nH]3)cc2)cc1,20.63
CN(C)c1ccc(-c2nccc(-c3ccncc3)n2)cc1,22.12
N#Cc1ccc(-c2cccc(C(=O)N=c3cc(C(=O)NCc4ccc(F)cn4)[nH]n3-c3ccccc3)c2)nc1,16.51
CCC(C)C(N)c1nc(C(=O)NCCc2ccccc2)cs1,24.65
Cc1nc(-c2ccc(-n3c(O)c(O)c(C(=CCCN(C)C)c4ccc(C#N)cc4)c3-c3ccc(-n4cccn4)cc3)cc2)no1,32.85
COc1ncc(-c2ccc(-c3nc(-c4cncc(C#N)c4)c4ccc(F)cn34)cc2)cn1,23.84
COc1ccc(CC(N=Cc2ccccc2F)C(N)=O)cc1,26.18
N#Cc1cccc(N=Cc2c(O)[nH]c3ccccc23)c1,15.59
N#Cc1ccc(-c2ccc(-c3cc(-c4ccc(-c5nc(Cl)nc(Cl)n5)c(F)c4)nc(-c4ccc(Cl)cc4Cl)n3)cc2)cc1,12.9
CC1CN(Cc2cn(C)nc2-c2ccccc2)CCN1c1ccc(C#N)cc1,20.75
CCCCCCCCCC=CCCc1cccc(OC)c1OC,21.66
N#CC(C#N)C(C#N)C(=O)Nc1ccc2c(c1)Cc1ccccc1-2,24.42
N#Cc1ccc(C#Cc2cccc(C#N)c2)cc1,10.29
Cc1cc(-c2cccc(-c3nc(=NCCN(C)C)c(Cl)c[nH]3)n2)nc(-c2ccc(Cl)c(C(F)(F)F)c2)n1,36.09
O=C(NCc1cc(C(F)(F)F)cc(C(F)(F)F)c1)Nc1ccc(-c2noc(C(F)(F)F)n2)cc1,21.68
N#Cc1ccc(-c2nc(-c3ccc(-c4cccc(C#N)n4)cc3)cc(-c3ccc(Cl)c(Cl)c3)n2)cc1,15.93
Cc1cc(C=CC#N)nc(-c2cccc(-c3nc(-c4ccc(-c5ccc(C#N)cc5)cc4)nc(-c4ccc(Cl)cc4Cl)n3)c2)n1,19.48
Cc1nc(-c2ccc(-c3ccc(C#N)cc3)cc2)nc(-c2ccc(-c3ccc(C#N)cc3)cc2)n1,10.32
O=C(O)c1cccc(N=Cc2ccc(Cl)cc2)c1,17.78
Cc1nc(-c2ccc(-n3c(O)c(O)c(C(=O)C(C)C)c3-c3ccccc3-c3ccc(C#N)cc3)cc2)co1,16.76
O=C(N=C(Cc1ccco1)C(=O)N1CCOCC1)c1ccccc1,19.29
Cc1cn(-c2cc(C(=O)Nc3cnn(C)c3C3CCC(=O)N3)ccc2OC(F)F)cn1,30.07
N#Cc1cc(Oc2cnc3cc(-c4cnc(=N)[nH]c4)ccc3n2)ccc1C=NO,37.48
O=C(C=Cc1ccc(O)c(O)c1)c1ccc2c(c1O)C(=O)CC(c1ccc(O)cc1O)O2,26.2
N#Cc1ccc(C(=NC=O)C(C#N)CN2C(=O)c3ccccc3C2=O)cc1,24.19
N#Cc1ccc(-c2cc(=NC3CC3)n3ncc(=Cc4[nH]c(=O)[nH]c4O)c3n2)cc1,12.63
CCCc1cc(-c2ccc(N3CCC(C(=O)O)C(OC)C3)c(C#N)c2)nc(C#N)n1,22.4
N#Cc1cncc(-c2nc(-c3ccc(C#N)c(Cl)c3)nc(N3CCOCC3)n2)c1,16.28
Cc1ccc(-c2nc(C#N)c(Nc3ccc(C#N)cc3)o2)cc1,16.8
COc1ccc(NC2CCCN(C(=O)c3ccc(F)cc3)C2)cc1,19.04
NC(=O)c1ccccc1N=Cc1ccccc1,18.08
COc1nc(C#CC#Cc2ccccc2)nc(OC)n1,19.52
N#Cc1cccc(C(=O)N2CC3ON=C(c4ccccc4C#N)C3C2)c1,23.69
N#Cc1nnccc1N=c1c(C(=O)C2CC2)c[nH]c2ccc(-c3cc(F)c(O)c(Cl)c3)cc12,25.12
O=C(Cc1cccc(C(F)(F)F)c1)OCc1nc2ccccc2n1-c1ccc(-c2ccoc2)cc1,36.63
N#Cc1ccc(-c2c(C#N)ccc3ccccc23)nc1,17.75
N#Cc1ccc(C(=O)c2cc(F)c(F)c(C#N)c2F)cc1,10.97
Cc1cccc(CCC(=N)NCc2cc(C#N)nc(C=CC(O)=NO)c2)c1,31.67
N#Cc1c(NC(=O)c2cccc([N+](=O)[O-])c2)sc2c1CCC2,24.79
Cc1cccnc1-c1cc(CO)nc(-c2ccc(C#N)cc2)n1,15.79
O=C(COc1ccc(Cl)cc1)Nc1ccc2c(=O)[nH]nc(-c3ccc(F)cc3)c2c1,24.94
N#Cc1ccc(Oc2ccc(C#N)c(-c3ccccc3C#N)c2)cc1,20.86
N#Cc1ccc(-c2ncnc(-c3cc(C#N)cnc3-c3ccc(C#N)c(F)c3)n2)cc1,14.39
N#Cc1ccc(-c2ccc(-c3nc(-c4ccc(C#N)cc4)nc(-c4ccc(C#N)cc4)c3C#N)nc2)cc1,15.27
N#Cc1ccc(N=CN2CCN(C=O)CC2)c(OC(F)F)c1,24.54
N#Cc1ccc(-c2nc(C#N)c(N=Cc3cccc(OCCO)c3)o2)cc1,23.97
N#Cc1c(F)cccc1S(=O)(=O)N1CCC(n2cc(C(N)=O)c(=Nc3ccc(F)cc3)[nH]2)C(C#N)C1,28.52
Cc1ccccc1-c1nnc(CN2CCN(c3ccc(F)c(F)c3)CC2)o1,26.63
Cn1c(-c2ccc(-c3ccc(C#N)cc3)cc2)nc2cnc(C3CCCCC3)c(=O)n21,24.32
N#Cc1c(-c2ccc(Cl)cc2)nc(-c2ccc(-c3cccc(-c4ccc(-c5nc(Cl)nc(Cl)n5)c(F)c4F)c3)cc2)[nH]c1=N,21.24
O=C(C=Cc1ccc(F)c(F)c1F)c1ccc2c(c1)CCCC2,24.8
N#Cc1ccc(CSc2nc(=O)c3c(n2CC(=O)N(Cc2ccccc2)c2ccc(-c4ccc(C#N)cc4)cc2)CCC3)cc1,22.73
N#Cc1ccc(-c2cc(C3CC3)nc(-c3cncc(C#N)c3)n2)nc1,10.03
N#Cc1ccc(-c2ccc(-c3cc(CO)nc(-c4ccc(OCCCCN)c(Cl)c4)n3)cc2)nc1,23.37
c1ccc(-c2ccc(-c3nccc(-[n+]4ccc(-c5ccncc5)cc4)n3)cc2)cc1,9.98
Cc1nnc(-c2ccc(-c3ncnc(C#N)n3)cc2C#N)o1,14.94
CN1CCN(C2=Nc3ccccc3Nc3c2cnn3Cc2ccccc2)CC1,17.77
O=C(NCc1cccnc1)c1cc(=NC(=O)c2cc(-c3ncccn3)c(F)cc2Cl)n(-c2ccccc2)[nH]1,22.59
N#Cc1ccc(-c2nc(-c3cnc(-c4ccc(C(=O)O)cc4)cc3Cl)[nH]c(=N)n2)cc1,24.47
CN(C)CC=CC(=O)Nc1ccc2c(c1)C(=O)c1ccc(N)cc1C2=O,13.86
N#Cc1cc(-c2ccc3c(c2)-c2cc(OCC4CC4(F)F)nc(=O)n2CC3)ccc1F,23.75
Cc1cc(C)c[n+](CC(=O)c2ccc3ccccc3c2)c1,19.03
O=C(c1ccccc1)c1ccc(-c2ccc(-c3cc(-c4cccc(-c5ccc(-c6nc(Cl)nc(Cl)n6)cc5)c4)ccn3)c(-c3ccccc3)n2)nc1,25.84
CCn1c(=N)c(C#N)cc2c(=O)n(CCc3ccccc3)c(SCc3ccc(F)cc3)nc21,26.33
c1ccc(-[n+]2ccc(-c3ccncc3)cc2)cc1,9.93
N#Cc1ccc(-c2nc(-c3ccc(NC(=O)C(F)(F)c4ccccc4)cc3)cc(-c3cccc(C#N)n3)n2)nc1,20.05
N#Cc1ccc(-c2ccc(-c3nc(-c4ccc(C#N)cc4)nc(-c4ccc(-c5ncc(C#N)cn5)c(F)c4)n3)cc2)cc1,10.67
CCN(CCN)C(=O)c1cc(C#N)c(-c2cccc(C(F)(F)F)c2)c(-c2ccc(NC(=O)Cc3ccc(C(F)(F)F)cc3)cc2)n1,44.54
CN(C)CC(=O)Nc1ccc2c(c1)C(=O)c1ccc(N)cc1C2=O,13.5
CCOC(=O)CNC(=O)c1[nH]nc(-c2ccc3[nH]ncc3c2)c1-c1ccc(Cl)cc1,34.79
COC(=O)C1=CN(Cc2ccc(F)cc2)C=C(C(=O)OC)C1c1ccc(-c2cccc(C)c2)cc1,28.29
C=CCCOc1ccc(C(=O)c2c(-c3ccc(O)cc3)oc3c(C(CC(C)C)CC(C)C)c(O)cc(O)c3c2=O)cc1,40.02
N=c1[nH]c(=NN=Cc2ccccc2)[nH]c2c1ncn2C1OC(CO)C(O)C1O,16.59
CC(N=c1[nH]c(=N)[nH]c(N)c1C#N)c1nc2cc(C(N)=O)c(F)cc2c(=O)n1-c1ccccc1,32.75
N#Cc1ccc(-c2ccc(-c3nc(-c4cncc(C#N)c4)nc(-c4cncc(C#N)c4)n3)cn2)cc1,10.76
N#Cc1ccc(C2CC(c3ccccc3F)=Nc3nc(-c4ccc(-c5ccc(C#N)cn5)cc4)nn32)cc1,22.22
N#Cc1cncc(-c2cc(-c3ccc(F)cc3)c3nnc(Cc4cc(-c5cc(F)cc(F)c5)ccc4C#N)n3c2)c1,29.92
N#Cc1ccc(-c2cn3ccnc3c(=N)[nH]2)cc1,15.44
CC(NC(=O)c1cc(-c2ccc(C#N)cc2)nc(-c2ccc(C#N)cc2)n1)c1ccccc1,17.3
COc1cc(C(=O)NC2CCCc3c2cnn3-c2cccc(-c3ccc4c(c3)COC4=O)n2)ccn1,33.01
N#Cc1ccc(-c2ccc(CNCc3cc(-c4nc(-c5ccc(F)cc5)nc(-c5ccc(C#N)cc5)n4)ccn3)cc2)cc1,18.57
O=C(Nc1ccc(-c2cccc(C(F)(F)F)c2)cc1)c1cc(-c2cccc(C(F)(F)F)c2)nc(-c2ccncc2)n1,24.91
N#Cc1cccc(C(=O)NCC2Cc3cccc(-c4ccncc4C#N)c3O2)n1,30.4
CCc1[nH]c(=N)[nH]c(=N)c1-c1cccc(C#N)c1,13.61
NC(=S)c1nccc2ncc(-c3ccc(C(F)(F)F)cc3)nc12,34.31
N#Cc1ccc(-c2ccc(-c3nc(C(=O)NCc4ccc(F)c(F)c4)nc(-c4ccc(-c5ccc(C#N)cn5)cc4)n3)cc2)cc1,11.86
Cc1cnnc(-c2ccc(-c3cccc(C#N)c3)cc2)n1,17.38
N#Cc1ccc(-c2nc(-c3ccc(C=NN=C(N)N)cc3)oc2-c2ccccc2)cc1,25.52
Nc1cccc(-c2ccc3ncc(-c4ccc(F)cc4)n3n2)c1,20.95
O=C(CBr)Nc1ccc(SCC(C(=O)O)n2c(=O)n3n(c2=O)C(C(=O)NCCc2ccccn2)=CCC3)cc1,29.7
CCN(CC)c1nc(C)nc2c1c(C)nn2-c1cc(C)c(C)cc1C,22.3
CC(C)c1cc(-c2ccc(C#N)cc2)c2c(-c3ccc(F)cc3)nc(-c3ccc(C#N)cc3)nc2n1,17.28
N#Cc1cc(-c2cc(NS(=O)(=O)c3ccc(Oc4ccccc4)cc3)cc(-c3c(O)ccc4nc(C#N)ccc34)c2)ncn1,38.98
O=C1c2ccccc2C(=O)N1Cc1ccc([N+](=O)[O-])cc1,18.44
CC(C)n1c(C#N)nc2ccc(-c3cc(C#N)cc(N(C)C)n3)cc21,22.37
COc1nc(C)c(C(=O)N2CCOCC2)c(C)c1C#N,25.39
c1ccc(-c2cc[n+](-c3cccc4ccccc34)cn2)nc1,21.83
N#Cc1ccc(-c2nnc(-c3ccccc3)nc2-c2ccc(C#N)cc2)cc1,13.29
N#Cc1ccc(C#Cc2nccc(F)c2F)cc1,15.24
Nc1ccc(N=Cc2ccc(-c3ncc(-c4ccc(NC(=O)CC(=O)Nc5ccc(F)cc5)cc4)o3)cc2)cc1O,30.11
N#Cc1ccc(-c2cc(C#N)c3c(c2)[nH]c2ccncc23)cc1,21.57
N#Cc1cccc(C#Cc2ccc3cccc(C#N)c3c2)n1,23.76
CC(C)(C)OC(=O)N1CCC(c2c(C(=O)NCc3cccc(C#N)c3)cnn2-c2ccc(C#N)cc2)CC1,21.53
O=S(=O)(Nc1ccc(-c2nc3ccccc3s2)cc1)c1cccc(C(F)(F)F)c1,25.73
N#CC(C#N)=NNc1ccc(-c2nc(-c3ccccc3F)no2)cc1,20.39
N#Cc1ccc(-c2ccc(-c3nc(=NCCc4ccc(F)cc4F)nc(-c4ccc5c(c4)CCO5)[nH]3)cc2)cc1,29.23
N#Cc1ccc(-c2nc(COc3ccccc3)nc(-c3ccc(C#N)cc3)n2)cc1,12.73
Cc1c(-c2ccc(-c3ccc(C#N)cc3)cc2)c(=O)oc2c(C)c(O)ccc12,21.64
Clc1nc(Cl)nc(-[n+]2ccc(-c3ccncc3)cc2)n1,9.83
Cc1nc(C#Cc2nnc(-c3cccc(Cl)c3)s2)cs1,22.52
N#Cc1ccc(-c2ccc(Cn3c4ccccc4c4c(N5CCOCC5)nc(C5CCCC(O)C5)nc43)cc2)cc1,31.26
N#CC=Cc1ccc(C=Cc2ccc(C#N)cc2F)cc1,16.69
N#Cc1ccc(-c2ccc(Cn3cccc3CN3CCN(c4ccc(F)cc4)CC3)cn2)cc1,24.23
Cn1ccc2c(-c3ccc(S(=O)(=O)Nc4cccc(F)c4)cc3)nc(C#N)nc21,19.75
CN(C)c1ccc(-c2ccn(-c3ccc(C#N)cc3)c(=S)n2)cc1,28.89
N#Cc1ccc(-c2nc(-c3c(F)c(F)c(C#N)c(F)c3F)c(C#N)cc2-c2ccccn2)cc1,17.45
N#Cc1ccc(-c2ccc(-c3nc(-c4ccc(-c5ccoc5)nc4)nc(-c4ccc(-c5ccc(C#N)cn5)nc4)n3)cc2)cc1,15.99
Cc1nn(C)c(C)c1S(=O)(=O)N1CCC(C(=O)NCc2ccco2)CC1,21.17
N#Cc1ccc(-c2nc(-c3ccc(-c4nc(Cl)nc(Cl)n4)c(F)c3)cc(-c3cccs3)n2)cc1,13.01
COc1ccc2c(C=NO)c3ccccc3[n+](C)c2c1,22.51
N#Cc1ccc(-c2nc3cnc(Cl)nc3n2Cc2ccc(F)cc2)cc1,20.71
CC(=NNc1ccc(Cl)cc1)c1nc2c(cnn2-c2ccc(C#N)cc2)s1,31.62
CNC(=O)c1ccc(Oc2ccnc3[nH]c(=O)cnc23)cc1OC,29.6
N#Cc1ccc(-c2ccc(-c3nc(-c4ccc(-c5ccncc5)cc4)cc(C(F)(F)F)n3)cc2)cc1,15.0
N#Cc1cncc(-c2cnc(C#N)c(C#N)n2)c1,12.58
N#Cc1ccc(-c2ccc(-c3csc(-c4ccncc4)n3)cc2)cc1,13.94
COc1ccc(CCNCC(O)COc2ccc(OCCOC3CCCC3)cc2)cc1OC,25.2
N#Cc1cncc(-c2nc(-c3ccc(C#N)nc3)nc(-c3cnccn3)n2)c1,15.98
N#CC=Cc1cccc(C#N)c1,10.1
N#Cc1ncnc(-c2cc(C#N)c(-c3cc(C#N)c(C#N)s3)nc2CC2CC2)n1,19.51
N=c1[nH]c2nc(-c3ccco3)nn2cc1Br,22.72
Cc1cccc(-c2nc(-c3cncc(C#N)c3)nn2Cc2ccc(C#N)cc2)c1,20.71
N#Cc1ccc(NC(=O)c2ccc(COc3cc(Cl)ccc3Cl)o2)cc1,23.42
CCON=CC1=C2CCC(C(C)CCCC(C)C)C2(C)CCC1,27.93
N#Cc1ccc(-c2ccc(-c3ncc(-c4ccc(N=NCC5(C(=O)O)CC5)cc4)nc3-c3ccc(F)cc3)cc2)cc1,29.48
Oc1cc(F)cc(-c2ccc(-c3cccc(F)c3F)c(-c3ccncc3)n2)c1,25.06
CN(C)C=Nc1c(C#N)ncn1-c1ccccc1C#N,16.07
NCc1ccccc1,13.73
N#CCCc1ccc(-c2nc(-c3ccc(C#N)cc3)nc(-c3ccc(C#N)cc3)n2)cc1C#N,15.37
COc1ccc(C=Cc2ccc(NCc3ccccc3O)cc2C=CC(O)=NO)cc1,26.04
COc1ccccc1-c1nn(Cc2nc(-c3cccc(C#N)c3)no2)c(=O)c2ccccc12,29.44
CNC(=O)c1cc(F)c2c(=O)n(-c3cccc(-c4nc(C#N)c5ccccn45)c3CO)ccc2c1,23.31
CCN1CCN(c2[nH]c(=N)c(C#N)c(CC#N)c2C#N)CC1,21.29
N#Cc1ccc(-c2ccc(-c3ccc(C#N)nc3)nc2C#N)nc1,9.54
CN(C)CCn1ncc2c3nc4ccc(CN5CCN(C)CC5)cc4nc3c3ncc4ccc(Cl)cc4c3c21,44.7
N#Cc1ccc(CC(NC(CO)c2ccc(F)c(F)c2)c2cccc(C#N)c2)cc1,26.73
CCC(c1ccc(C#N)cc1)n1nc(-c2cccc(C#N)n2)c(C)c(-c2ccccc2)c1=O,28.94
N#Cc1ccc(-c2ccccc2)nc1,11.2
Cc1ncc(-c2nc(-c3ccc(C#N)cc3)nc(-c3ccc(C#N)cc3)n2)c(-c2ccccc2)n1,17.16
CC(NS(=O)(=O)c1ccc(C#N)cc1)c1ccccc1,19.11
c1cc(-c2cc[n+](-c3ccnc(-[n+]4ccc(-c5ccncc5)cc4)n3)cc2)ccn1,7.69
N#Cc1ccc(-c2c[nH]c(=Nc3cc(C#N)ccn3)c(-c3nc(C#N)c[nH]3)n2)cc1,19.58
Cn1cnc(-c2cc(C#N)nc(=Nc3ccc4c(ccn4C)c3)[nH]2)c1,25.38
C#CCN(Cc1cccc(C=CC#N)c1)c1ccnc(C#N)n1,22.96
C=C(C)C1OC(=O)c2ccccc2N1C=Nc1ncccc1C#N,36.83
CC(=O)N1CCc2c(sc(NC(=O)c3ccccn3)c2C(N)=O)C1,24.35
N#CC=Cc1nc(-c2ccccc2)nc(-c2ccccc2)n1,16.08
Cc1cc(-c2nc(-c3ccccc3Cl)nc(-c3ccc(Cl)cc3Cl)n2)cc(-c2ccccn2)n1,21.51
Cc1nccc(-c2ccc(-n3nncc3-c3ccc(-c4nc(C(F)(F)F)cc(C(F)(F)F)n4)c(F)c3)cc2)n1,26.59
N#Cc1ccc(-c2c(C#N)c(=N)n3c([nH]c4ccccc43)c2C#N)cc1,16.42
CC(=Nn1cc(C#N)nc1-c1ccc(Cl)cc1)c1ccc(O)cc1,24.5
Cc1nc(C(C)OC(C)(C)C)nc2c1ncn2Cc1ccc(-c2ccccc2-c2nc(=O)o[nH]2)cc1,35.07
N#Cc1ccc(-c2ccc(-c3cc(C#N)nn3-c3ccc(-c4nc(C(F)(F)F)cn4-c4ccc(Cl)cc4Cl)cc3)cc2)cc1,22.69
O=CN1CCN(C=Nc2ncnc(N3CCOCC3)n2)CC1,15.02
Clc1ccc(-c2cc3nnc(Cl)nc3c(-c3ccc(Cl)cc3)n2)cc1,21.96
N#Cc1ccc(-c2nc(=NCc3cccc(NC(=O)CCCO)c3)c3cc(F)ccc3[nH]2)cc1,36.39
Cc1ncsc1CCC(=O)N1CCCC(Nc2ccc(F)cc2)C1,23.4
Cc1ccc(-c2nn[nH]n2)c(-c2ccc(-c3nc(Cl)nc(Cl)n3)cn2)c1,23.9
N#CC(C=C(Cl)c1ccc(Cl)cc1)=C(OCCCc1ccccc1)C(N)=O,37.6
C=c1[nH]n(C(=O)Cc2ccc(C)cc2)c(=O)c1=Cc1ccco1,20.61
Cc1c(O)c(Cl)cc2c(CN3CCOCC3)cc(=O)oc12,27.14
O=[N+]([O-])c1cccc(C=NCc2ccc(Cl)cc2)c1,20.7
Cc1ccc2cccc(Oc3cc(C#N)cc(Cl)n3)c2n1,23.09
N#Cc1ccc(OC(=O)c2ccc(-c3cc(Cl)ccc3Cl)o2)cc1,20.32
NC(=O)C(Cc1ccccc1)NC(=O)C(Cc1c[nH]cn1)NC(=O)C(N)Cc1ccc(O)cc1,26.4
Cc1ccnn1CCC(=O)Nc1ccc(-c2ccc(C#N)cc2)cc1,22.83
CN1CCCN(c2ncc(C(=O)NCc3cccnc3)cc2-c2cccc(C#N)c2)CC1,25.16
COc1cc2c(cc1OC)-c1c(C)cc(C)cc1C(=O)C2=O,27.03
COc1ccc(C(=O)C=Cc2ccc(-c3nc(-c4ccc(C#N)cc4)nc(-c4ccc(C=Nc5ccc(C#N)cc5)cc4)n3)cc2)cc1,22.01
O=C1Nc2ccc(Cl)cc2C1=Nc1ccccc1,15.52
C#CCN(c1ccccn1)c1nc(-c2cc(F)ccc2F)nc2c(N(C)C)cc(C(C)=O)cc12,38.22
N#Cc1cc(Cl)cc(-c2ncc(C#N)cc2-c2ccnc(C#N)n2)c1,12.68
N=C1CCCCC(c2ccccc2C(F)(F)F)N1,25.27
N#Cc1ccc(-c2ccc(CN3CCCN(Cc4ccc(-c5cccc(Cl)c5)cc4C#N)c4ccccc43)cc2)cc1,35.12
N#Cc1ccc(Cn2cnc3cc(-c4ccc(Cl)cc4)ncc3c2=O)cc1,19.09
N#Cc1ccc(-c2cc(C(F)(F)F)n3nc(-c4ccc(C#N)cc4)cc3n2)cc1,19.46
O=C(C=Cc1ccc(Cl)cc1)c1ccc2ccccc2c1,17.29
C=CCN(C(C)=O)C(C)Cc1ccc(C#Cc2cccc(C=CC#N)n2)cc1,30.7
COc1c2ccc(=O)oc2c(-c2cccc(C#N)c2)c2oc(=O)ccc12,28.28
COc1ccc(C=NNC(=O)CSc2nnc(C)c3ccccc23)cc1OC,28.3
CC1=CC(C)(C)Nc2ccc3c(c21)Cc1ccccc1-3,18.09
N#Cc1c(N=CN2CCN(C=O)CC2)nc(-c2ccc(Cl)cc2)nc1-c1ccccc1,15.22
O=c1nc(C=Cc2ccc(F)cc2)[nH]c(O)c1[N+](=O)[O-],16.82
COc1cc(CNC(=O)Cc2cccc(C#N)c2)ccc1OC(C)C,25.65
N=c1c(Cl)c(Cl)[nH]c(Cc2cc(O)c(O)c(Br)c2Br)c1Cl,27.05
N=Cc1cc[n+](CCCCCCCNC(=O)c2cc(N)c(O)cc2N=Cc2ccc(-c3nc(C=Cc4ccc(-c5ccccc5)cc4)nc(-c4ccc(C=Nc5cc(O)c(N)cc5O)cc4)n3)cc2)cc1,21.75
Cc1cc(-n2cnc(-c3cccnc3)c2)c2c(-c3ccc(C#N)cn3)nn(-c3ccccc3)c2n1,31.21
Cn1c(=O)cc(Oc2nc(Oc3ccc(C#N)cc3)nc(=Nc3ccc(C#N)cc3)[nH]2)c2ccccc21,19.86
N#Cc1ccc(-c2ccc(C=NNC(=O)c3cc(-c4ccc(F)cc4)nc4cc(Cl)ccc34)o2)cc1,22.83
Cc1cc(C)[nH]c(=NC(=O)c2ccc3c(c2)C(=O)N(c2cccc(C#N)c2)C3=O)n1,20.84
CCCCN(CCCC)CCCCNC(=O)c1ccc2ccc(C=Cc3ccc(C#N)cc3)nc2c1,30.08
N#Cc1ccc(-c2ccc(C(=O)NCCCCCC(=O)Nc3cc(-c4ccccc4)ccc3N)cc2)cc1,20.74
N#Cc1ccc(-c2ccc(-c3ccc(-c4nc(Cl)nc(Cl)n4)cn3)cc2)cc1F,16.34
N#Cc1ccc(-c2ccc(-c3nc4cc(C#N)ccc4[nH]3)cc2)c(F)c1,18.5
CCN(CC)CCOC(=O)c1ccc(N=Cc2c3ccccc3c(C=Nc3ccc(N(C)C)cc3)c3ccccc23)cc1,23.6
O=S(=O)(NCc1ccc2c(c1)C(O)C(Cc1ccccc1)CO2)c1ccc(-n2cnc(C(F)(F)F)c2)c(C(F)(F)F)c1,33.42
N#Cc1ccc(-c2ccc(-c3cc(-c4cccc(-c5nc6ccccc6[nH]5)c4)nc(-c4ccc(C#N)cc4)n3)cc2)cc1,18.6
Cc1c(C(=O)NCc2ccc(F)cc2)sc2nc3n(c(=O)c12)CCC3,21.73
N#Cc1ccc(-c2ccc(-c3nc(C(=O)NCCCCCN=c4cc[nH]c5cc(Cl)ccc45)nc(-c4ccc(-c5ccc(C#N)cn5)cc4)n3)cc2)cc1,15.22
N#Cc1ccc(-n2c(O)c3c(c2O)CCCC3)cc1Cl,16.81
CCCSc1cc2ncnc(-c3cccc(NC(=O)Nc4ccc(N(C)CCN(C)C)cc4)c3)c2cc1OC,39.38
O=C(NCCO)Nc1ccc(-c2nc3ncccc3s2)cc1,29.79
N#Cc1ccc(-c2cc(Oc3ccc(C#N)cn3)nc(-c3ccc(C#N)nc3)c2)cc1,18.42
N#CC=Cc1cccnc1,10.94
N#Cc1ccc(-c2ccc(-c3nc(C#N)cn3-c3nc(N4CC[S+]([O-])CC4)nc4ccccc34)cc2)cc1,26.13
N#Cc1ccc(-n2cc(-c3nnc4ccccn34)cn2)cc1C(F)(F)F,24.7
N#Cc1cc(-c2ccc(-c3ccccc3S(N)(=O)=O)cc2)c(CN)[nH]c1=O,26.16
COc1cc(OC)cc(N(CCCN(C)C(=O)NC(C)Cc2ccc(-c3ccccn3)cc2)c2ccc3ncc(-c4cnn(C)c4)nc3c2)c1,32.15
C#CCOCCn1c(=O)c(=Nc2ccc(Oc3ccc(Cl)cc3)c(Cl)c2)n(Cc2ccc(Cl)cc2)c(=O)n(CC(CC#N)C(=O)O)c1=O,38.27
C[n+]1ccc(-c2cc[n+](CC#Cc3ccc(-c4ccc(-c5nc(-c6ccc(C=Nc7ccc(C#N)cc7N)cc6)n[n+](-c6ccc(C=NN=C(N)N)cc6)n5)cc4)cc3)cc2)cc1,31.42
Cn1c(-c2cccc(C#N)n2)c(-c2ccc(C#N)cc2)cc(C#N)c1=O,14.51
N#Cc1ccc(-c2c3nc(C4CCNCC4)[nH]c(=N)c3nn2-c2ccc(C#N)cc2)cc1,24.36
CC(=O)NCCCCC(NC(=O)C(CCCN=C(N)N)NC(C)=O)C(=O)NC(C=O)CCCN=C(N)N,32.62
N#Cc1cccc(OCc2nc(-c3ccc(-c4ccccc4)cc3)nc(-c3ccc(C(F)(F)F)cn3)n2)c1,19.65
CS(=O)(=O)NC1CCN(Cc2cccc(C#N)c2)CC1,21.88
Cc1cc(OCc2nc(-c3ccc(C#N)cc3)nc(-c3cccc(Br)c3)n2)ccc1OCC(=O)O,15.44
N#Cc1ccc(-c2ccc3ncc(-c4cnc(C#N)nc4)n3c2)cc1,20.84
Cn1c(C#N)ccc1-c1ccnc(-c2cncc(C#N)c2)n1,11.37
CSc1nc2ccccc2c(=O)n1Cc1cccc(C)c1,23.72
O=C1C(=Cc2ccc([N+](=O)[O-])cc2)Cc2cccc(O)c21,22.45
CN1CCC(=Nc2ccccc2-c2nc(-c3ccc(C#N)cc3)nc(-c3ccc(C#N)cc3)n2)CC1,22.23
CC1(C)SCN(C(=O)CN2CCN(Cc3cccc(C#N)c3)CC2)C1C(=O)Nc1ccc(C(=N)N)cc1,34.03
Cc1ccn(-c2nc(-c3ccncc3)nc(N3CCN(CCO)CC3)n2)n1,21.55
N#Cc1ccc(-c2ncc(C#N)cc2-c2ncc(C#N)cn2)cc1,9.59
COc1ccc(-c2nc(N=CN3CCN(C=O)CC3)c(C#N)nc2C)cc1OC,23.89
COc1ccc(N(C)Cc2nc(-c3ccc(C#N)cc3)nc3ccccc23)cc1,21.3
CCCCc1nc(-c2ccc(-c3ccc(C#N)cc3)cc2)c(-c2ccc(F)cc2)nc1C(=O)N1CCN(C(c2ccc(F)cc2)c2ccc(F)cc2)CC1,24.14
COc1ncc2nc(-c3ccc(C#N)cc3)nc(-c3ccc(C(=O)NN=C(C)c4ccc(C)cc4)cc3)c2c1C#N,27.56
N#Cc1ccc(-c2ccc(-c3nnc(-c4ccncc4)o3)cc2)cc1,15.5
CNC(=O)c1cnn(Cc2nc(-c3ccc4ccccc4c3)oc2C)c1,30.17
CCS(=O)(=O)c1ccc2c(c1)c(C)cc(=O)n2Cc1ccnc(-c2cccc(C#N)c2)n1,28.82
COc1ccc(-n2c(Cc3ccccc3)nnc2SCC(=O)Nc2ccc(C(C)=O)cc2)cc1,22.58
Cc1ccc(-n2c(C)cc(C3=NN=C(N(Cc4ccccc4)Cc4ccccc4)C(c4ccco4)C3C#N)c2C)cc1,31.63
Oc1c(Cl)cc(Cl)cc1N=Cc1ccccc1,15.75
COc1ccc(N=c2[nH]c(-c3ccc(C#N)cc3)nc(-c3cccc(C(=O)O)c3)c2C#N)cc1,25.3
Cc1nc2cc(F)ccc2n1C1CCN(Cc2cccc3ccc(Cl)cc23)CC1,27.0
CCCCCN(C)S(=O)(=O)NCCc1nc(-c2ccc(C#N)cc2)[nH]c1-c1ccc(-n2cncn2)cc1,42.1
CC(C)CC(NC(=O)Cc1ccc2c(c1)OCO2)C(=O)NCCCCCC(=O)Nc1ccc(C(=N)N)cc1,37.83
Cc1nn(-c2ccc(-c3ccnc4ccc(N=c5ccc(F)c[nH]5)n34)cc2C#N)cc1C#N,34.39
Cc1nc2ccccc2n1-c1ccc(C(=O)OC(C)C)cc1,26.68
O=C(COc1ccccc1)N1CCCCC1c1nc(-c2cccs2)no1,21.82
CC(=O)Sc1cccc(-c2ccc(CN(CC#N)c3ccnc(C#N)n3)cc2)c1,28.33
Cc1cc(=NC(=O)COc2ccc(Br)cc2)nc(C)n1C,28.4
Cc1[nH]c(=O)[nH]c(=N)c1N=Nc1ccccc1,19.76
CC1CC(c2ccc(C(C)(C)C)cc2)=NC1CN1CCN(c2ccccc2)CC1,24.41
Oc1csc(=S)n1N=Cc1cn(-c2ccccc2)nc1-c1ccccc1,17.02
NCCc1nnc2ncccn12,24.51
COc1cnc(C#N)nc1-c1nc(Oc2ccc3nc(C(=O)Nc4cccnc4Cl)ccc3c2)n(-c2ccccc2)n1,35.37
N#Cc1ccc(-c2nc(C=Cc3ccc(-n4ccnc4)cc3)nc(-c3ccc(C#N)cc3)n2)cc1,16.85
Nc1ccc2c(c1)C(=O)c1ccc(Nc3nc(Nc4ccc5c(c4)C(=O)c4ccc(N)cc4C5=O)nc(Nc4ccc5c(c4)C(=O)N4CCCC4C5=O)n3)cc1C2=O,9.83
N#CCCN(NCc1ccccn1)C(=S)NC(=O)c1ccc(C#N)cc1,29.59
N#Cc1cncc(-c2nc(-c3ccc(C#N)nc3)nc(-c3ccc(-c4ncccn4)c(F)c3)n2)c1,14.55
Cn1cnc(-c2ccc(-c3ccc(C#N)cc3)cc2)n1,12.04
COc1ccc2c(c1)CCC21Cc2cc(Nc3cc(Nc4ccc5c(c4)C(=O)c4cc(N)ccc4C5=O)nc(Nc4ccc5c(c4)C(=O)c4ccc(N)cc4C5=O)n3)ccc2C1=O,18.25
CN(c1ccc(Cl)cc1)S(=O)(=O)c1cccc(C#N)c1,21.76
Cc1c(C(=O)Nc2cccc(C#N)c2)sc2ncnc(N3CCc4ccccc4C3)c12,26.39
Fc1ccc(C=NN=c2cnc3ccccc3[nH]2)cc1,17.34
Cc1noc(-c2ccc(-n3nnnc3-c3ccc(-c4ccc(C#N)cc4)cc3)cc2)n1,14.21
CC(=O)Nc1cc(Nc2ccc(C(C)=O)cc2)c(C=O)cc1O,35.74
N#Cc1cccc(-c2cncc(C3=Cc4ccc(-c5cccc(C#N)c5)cc4CC3)c2)c1,23.87
O=C(O)c1ccccc1N=CCc1ccccc1,21.23
CC(C=CC=Cc1c2cc(C#N)ccc2c(C#N)n1-c1ccc(C#N)cc1[N+](=O)[O-])=CC(=O)O,34.11
Cc1nc(-c2ccc(-c3nc(-c4ccc(C#N)cc4)nc(-c4cccc(C#N)c4)n3)cc2)no1,16.25
COc1ccc(C=CC=C2SC(=O)N(Cc3ccc(C(=O)O)cc3)C2=O)cc1,19.22
N#Cc1ccc(-n2c(-c3ccc(C#N)cn3)c(C#N)c3ccccc32)cc1,18.99
N#Cc1cncc(-c2nc(-c3nccc(-c4ccc(C#N)s4)n3)nc(C3CC3)n2)c1,21.31
N#Cc1nc(CCCN2c3ccccc3Sc3ccccc32)cnc1NCCN1CCOCC1,32.96
N#CNC=Nc1ccnc(OCCc2ccc(Cl)cc2)c1,25.54
N#Cc1ccc(N(CC(=O)Nc2ccc(F)cc2)S(=O)(=O)c2ccc(C(N)=O)cc2)cc1,24.48
N#Cc1ccc(-n2cncn2)nc1,15.83
N#Cc1ccc(-c2ccc(-c3nc(-c4cncc(C#N)c4)nc(-c4cccc(C#N)n4)n3)cc2F)nc1,11.84
N#CCCCn1c(Cn2ccnc2)c(C#N)c2ccc(F)cc21,25.01
COc1cc(N2CCCN(C(=O)NC(C)C#N)CC2)ccc1N=c1nc2c(c[nH]1)C(CO)Cc1c(C(N)=O)nn(C)c1-2,46.6
N#Cc1cccc(C(=O)NC2CCN(Cc3ncc4ccccc4n3)CC2)c1,26.03
N#Cc1ccc2c(c1)C(N1CCN(C(=O)C3CN4CCC3CC4)CC1)c1ccc(Cl)cc1CC2,26.33
COCCN1CCN(C(=O)c2cc3cc(N=c4nc(-c5ncccc5C#N)cc[nH]4)cc(C)c3[nH]2)CC1,30.42
Cc1cc(-c2cc[n+](Cc3ccc(Cl)cc3)cc2)ccc1Cl,18.6
N#Cc1ccccc1N=CN1CCN(C=O)CC1,11.51
COc1ccc(N=c2nc(C#N)nc(-c3cc(F)cc(C#N)c3)[nH]2)cc1OC,22.11
CC(=O)CN=c1nc(-n2c(C=Cc3ccc(F)cc3F)nc3cc(C#N)ccc3c2=O)cc[nH]1,36.4
N#Cc1ccc(Oc2ccc(-c3cccc(C#N)n3)cc2C2=CCCCC2)c(C#N)c1,21.2
N#Cc1cncc(-c2noc(C=Cc3ccc(-c4ccc(C#N)nc4)c(F)c3)n2)c1,23.75
CC(C)OC(=O)N1CCC(c2nc(-c3ccc(C#N)cc3)nc(-c3ccc(-c4ccc(C#N)cn4)nc3)n2)CC1,19.45
N#Cc1ccc(-c2ccc(NC(=O)OCC(=O)Nc3ccc(C#N)c(C(F)(F)F)c3)c(C(=O)O)c2)cc1,32.38
O=C(NCc1cccs1)c1nc(-c2cc[nH]c(=Nc3cccc(Cl)c3F)n2)ccc1F,27.08
COc1cc(N=c2[nH]c(C)cc(=Nc3cc(NCC(C)C)c([N+](=O)[O-])cn3)[nH]2)cc(-n2cnc(C)c2)c1,36.38
NC(=O)n1cc(NC(=O)N2CC(F)CC2C(=O)N=c2[nH]cc(S(=O)(=O)c3ccccc3)s2)c2ccccc21,32.97
CNC(=S)c1nc(-c2ccccc2)cc(C(F)(F)F)n1,25.39
N#Cc1ccc(-c2nc3ccccn3c2C=NNC(=N)N)cc1,19.45
COc1ccc(-c2cc(C(N)=O)c3cc(C)n(-c4cccc(C(=O)NCCCn5ccnc5)c4)c3n2)cc1,31.38
N#Cc1ccc(-c2ccc(-c3nc(-c4cccc(C#N)c4)cn3Cc3ccc(-c4ccccc4)cc3)cc2)nc1,23.11
N#Cc1cncc(Oc2ccccc2)n1,17.26
CNc1c(C#N)nc(-c2cc(-c3ccc(C#N)nc3)nc(-c3ccc(F)cc3F)c2)n1-c1ccc(-c2nc(C)no2)cc1,30.2
Cc1cc(=Nc2ccc(C#N)cc2)[nH]c(=Nc2ccc(C#N)cc2)[nH]1,14.37
Clc1cnc(Cl)c(Cl)n1,10.96
CCC(NC(=O)C(CC(C)C)NC(=O)c1ccc(-c2ccc(-c3ccc(C(C)(C)C)cc3)cc2)cn1)C(=O)COC(=O)c1cccnc1,49.61
N#Cc1cccc(N=CN=C2C(C#N)CC=CC3CCCN23)c1,34.94
CCCCCCCC=CCC=CCCOC(=O)COc1ccccc1,30.0
c1ccc(-c2cccnc2)cc1,14.63
CONC(=O)c1nc(-c2ccc(-c3ccc(C#N)cc3)cc2)nc(-c2ccc(-c3ccc(C#N)cn3)cc2)n1,12.69
Cc1cc(-c2oc3cc(OCC(=O)NC4CC4)ccc3c2C)[nH]c(=Nc2ccc(C#N)c(C#N)c2)n1,34.19
N#Cc1ccc(-c2ccc(-c3ccc4[nH]cnc(=NCc5ccc(Cl)c(Cl)c5)c4c3)cc2)cc1,26.92
N#Cc1ccc(S(=O)(=O)N=c2[nH]cc(C#N)nc2-c2ccc(-c3ccc(F)c(F)c3)cc2)cc1,22.33
CC(C)Oc1ccc(-c2ccc(C#Cc3nc(C(Cl)(Cl)Cl)nc(=NC(CN)Cc4ccccc4)[nH]3)cn2)cc1,35.04
Cc1cc(=NS(=O)(=O)c2ccc(NC(=O)CC#N)cc2)nc(C)[nH]1,21.53
Cc1ccc(-c2cnc3ncc(-c4cccc(-c5cnnc(-c6ccc(C#N)nc6)n5)c4)cn23)cc1,34.78
C1=Cc2ccccc2C1,15.58
N#Cc1c2cccc-2c(-c2ccc(NC(=O)Nc3ccccc3F)cc2)n2c1CCC2,23.28
O=C(COC(=O)CCOc1ccccc1)Nc1ccc(F)cc1F,20.48
Cc1ccc(NC(=O)Nc2ccc3nc(C(F)(F)F)cc(C(=O)O)c3c2)cc1,33.16
N#Cc1ccc(-c2ccc(-c3nc(-c4ccc(-c5ccc(C#N)cc5)cc4)nc(-c4ccc(-c5cccc(C#N)c5)c(F)c4)n3)cc2)cc1,13.78
N#Cc1ccc(-c2nc(C(=O)NCc3ccc(F)cc3)cc(-c3ccc(NC(=O)Nc4c(F)c(F)nc(F)c4F)cc3)n2)cn1,35.44
N#Cc1ccc(-c2nnc(-c3ccc(Oc4cccc(C(=S)Nc5ccc6c(c5)C(=O)c5cc(N)ccc5C6=O)n4)cc3)o2)cc1,31.02
N#Cc1ccc(-c2nc(-c3ccc(N4CCN(Cc5ccc6c(c5)OCO6)CC4)cc3)nc3ccsc23)cc1,28.56
COCc1cc(-c2ccc(-c3ccc(C#N)cc3)cc2)nc(-c2ccc(-c3ccc(C#N)cc3)cc2)n1,13.84
N#Cc1cccc(S(=O)(=O)Cc2noc(C(=O)Nc3ccc4c(c3)C(=O)c3ccc(N)cc3C4=O)n2)c1,28.05
NC(=O)c1cc(-c2cccc(F)c2)nc2c1CN(Cc1ccccc1)CC2,26.77
COC(=N)c1nc(C=Cc2nccc3cc(OCc4cccc(NCc5cncn5C)c4)ccc23)cs1,44.64
N#CC=Cc1ccnc(-c2ccc(C#N)cn2)n1,11.39
N#Cc1ccc(N=c2nc(-n3ccc(C4CC4)n3)cc[nH]2)cn1,24.91
CCN1CCN(c2ccc(NC(=O)c3nc(-c4ccc(OC)cc4O)nn3-c3ccccc3)cc2)CC1,33.0
N#Cc1ccc(-c2ccc3cc(CC=CCC(=O)O)ccc3n2)cc1,29.17
N#Cc1ccc(-c2nc(-c3ccc(C=O)cc3)nc(-c3cccc4ccccc34)n2)cc1,20.65
N=C(N)c1ccc(-c2ccccc2C(c2cc3ccccc3[nH]2)c2cc3cc(C(=N)N)ccc3[nH]2)cc1,34.72
N#Cc1ccc(-c2ccc(-c3nc(-c4ccc(-c5ccc(C#N)cc5)cc4)nc(-c4cccnc4)n3)cc2)cc1,11.75
N#Cc1ccc(CNc2cc(-c3ccc(C#N)cc3)nc(-c3cccc(C#N)n3)n2)cc1,21.2
N#Cc1cccc(S(=O)(=O)NC(CCCN=C(N)N)C(=O)N2CCCCCC2)c1,23.06
N#Cc1ccc(CN2CCc3c(sc(NC(=O)c4ccc5ncsc5c4)c3C#N)C2)cc1,20.73
N#Cc1ccc(-c2ccc(-c3ncnc(C#N)n3)cc2C#N)nc1,10.91
CC1C(=O)NC(c2ccccc2)c2cc(Cl)ccc2S1(=O)=O,20.99
N#Cc1ccc(-c2cc(C#N)n(-c3ccc(C#N)cc3)c2)cc1,16.29
CC(C)S(=O)(=O)c1ccccc1N=c1[nH]c(C#N)nc(=Nc2ccc(C#N)cc2)[nH]1,26.6
Cc1ccc(-n2[nH]c(C3CCN([S+]([O-])c4ccc(C#N)cc4)CC3)cc2=NC(=O)c2cnn3cccnc23)cc1,20.04
N#Cc1ccc(-c2ccc(-c3nc(-c4cccs4)nc(-c4c(F)c(F)c(C#N)c(F)c4F)n3)cc2)cc1,15.21
CC1=C(C#N)C(c2cccc(C#N)c2Cl)C(C#N)C(C(F)F)=N1,29.42
Cc1cccc(-c2nn3c(C4CC4)cc(-c4ccc(C#N)cc4)nc3c2-c2ccc(F)c(C#N)c2)n1,23.58
COC1NC(c2ccc(-c3ccc(C(F)(F)F)cc3)cc2)=c2cc(C(F)(F)F)ccc2=NC1=O,33.76
O=C(CCN1CC=C(c2ccccc2)CC1)c1cccc(Cl)c1,23.45
CC(n1cnnc1-c1nc(NC(=O)c2c(F)cccc2F)cs1)C(F)(F)F,20.96
N#Cc1ccc(-c2ncc(C#N)cc2-c2ncon2)nc1,16.44
Clc1ccc(C[n+]2ccc(-c3ccc(Cl)cc3)cc2)cc1,16.42
N#Cc1cn(-c2ccccc2)c(=O)n(CC(=O)Nc2cccc(Cl)c2)c1=O,22.23
COc1ccc(N=c2[nH]cnc3sc(C#N)c(-c4ccccc4)c23)cc1,21.62
Cc1nc(N2CCC(CN3CCCC3)CC2)nc2ccc(NC(=O)c3cccc(C#N)c3)cc12,21.1
c1ccc2c(c1)[nH]c1nc3ccc4ncccc4c3nc12,27.89
COc1cccc(C#Cc2cc(C#N)nc(=NCCc3cc(C#N)cc(-c4ccc(F)cc4)n3)[nH]2)c1,40.76
N#Cc1ccc(-c2ccc(-c3nc(COc4ccc(CN5CCOCC5)c(F)c4F)nc(-c4ccc(-c5ccc(C#N)cn5)nc4)n3)cc2)nc1,16.07
N#Cc1ccc(N2CCN(c3ccc(-c4cncc(C#N)c4)nn3)CC2)nc1,19.5
N#Cc1ccc(CN2CCOc3ccc(-c4ccc(C#N)cn4)cc3C2=O)cc1,16.65
N#Cc1cncc(-c2nc(CN3CC4CC(C3)c3cccc(=O)n3C4)nc(-c3ccc(C(F)(F)F)nc3)n2)c1,24.26
NC(=O)c1cc(-c2cnc(C(F)(F)F)cn2)c(F)cc1Oc1ccc(-c2cnc3c(c2)S(=O)(=O)CCN3)cc1,35.95
C=c1[nH]c(=Cc2c(C(C)(C)C)nc(=NC)[nH]c2C)c(=O)n1-c1ccccc1,24.88
COc1ccc(C=Nc2nc(-c3ccc(C#N)cc3)c(C#N)c(=O)n2C)cc1OC,16.41
N#Cc1ccc(-c2csc(=NC(=O)C3Cc4ccccc4O3)[nH]2)cc1,23.47
Cc1ccccc1N=c1[nH]c(C#N)nc(=Nc2ccc3cc(C#N)c(Cl)nc3c2)[nH]1,32.29
Cc1cc(-c2cccc(-c3ccc(C(=O)NCCC4CCCN4C)cc3)c2)c2ccccc2c1C#N,28.69
Cn1c(=O)c(-c2ccc(C#N)nc2)cc2nc[nH]c(=NCc3ccccc3)c21,29.98
N#Cc1ccc(-c2nc(=N)c(C#N)c(-c3ccc(-c4cccnc4)c(F)c3)[nH]2)cc1,19.48
N#Cc1ccc(-c2c(-c3ccc4nc(C#N)cnc4c3)nc(C(N)Cc3ccccc3)n2-c2ccc(F)c(F)c2)cc1,35.43
Cc1ccnc(CN(CCC#N)Cc2nc(-c3ccc(C#N)cc3)no2)n1,24.28
N#Cc1ccc(-c2nc(-c3ccc(C#N)cc3)nc(-c3ccnc(C#N)c3)n2)cc1,13.93
CC(=NNC(N)=O)C(=O)c1ccc(-c2ccccc2)cc1,27.99
NCc1ccc(C(N)Cn2cncn2)cc1,27.59
Nc1ccc2c(c1)C(=O)c1ccc(Nc3nc(Nc4ccc5c(c4)C(=O)c4ccccc4C5=O)nc(Nc4ccc5c(c4)C(=O)c4ccc(N)cc4C5=O)n3)cc1C2=O,9.62
N#Cc1ccc(-c2nc(-c3cc(F)c(F)c(C#N)c3F)c(C#N)cc2-c2ccccc2)cc1,20.91
N#Cc1cnc(-c2ccc(-c3ccc(C#N)cc3C(F)(F)F)nc2)nc1,17.55
Cc1ccc2ncn(-c3nc(C)nc(N4CCN(C)CC4)n3)c2c1,24.66
N#CCn1c(=O)c(C#N)c(-c2ccc(C#N)cc2)c2ccc(S(=O)(=O)NC(F)F)cc21,37.82
Cn1c(C(C)(C)C)nc2c(-c3n[nH]c(-c4ccc(-c5ccc(C#N)cc5)cc4)n3)nc(-c3cc(C(F)(F)F)cc(C(F)(F)F)c3)cc21,38.26
CN(CC(CCN1CCC2(CCc3cc(C#N)ccc32)CC1)c1ccc(Cl)c(Cl)c1)S(=O)(=O)c1ccccc1,26.76
Cn1c(C(C#N)=Cc2cccs2)nc2cnccc21,24.61
N#Cc1ccc(-c2nc(-c3ccncc3)nc(-c3cncc(C#N)c3)n2)nc1,13.29
CN(C)C=Nc1cccc(-c2cccc(-c3c(O)cc(C=Cc4ccc(C#N)cc4)nc3-c3ccc(F)cc3)c2)c1,28.11
O=S(=O)(NCCc1ccccc1)c1ccc(Oc2cccc(N=Cc3ccccc3Cl)c2)cc1,28.43
O=C(CN1CCN(c2ccc(F)cc2)CC1)Nc1cccc(Cl)c1,18.01
Cc1cc(-c2nc(-c3ccc(-c4ccc(C#N)cn4)nc3)nc(C(F)(F)F)n2)cnc1OC1CC1,20.89
N#Cc1ccc(-c2ncc(NC(=O)Nc3cc(C#N)ccc3Sc3ccccc3)c(-c3ccc(C#N)cc3)n2)cc1,35.52
N#Cc1ccc(-c2c[n+](-c3ccccn3)cc(-c3ccccc3)n2)cc1,18.25
CCc1n[nH]c(=NS(=O)(=O)c2ccc(NC(=O)COc3ccc(Cl)cc3)cc2)s1,24.39
N#Cc1ccc(-c2nc(-c3cccc(F)c3F)c3ncccn23)cc1,16.76
FC(F)(F)c1cc(-c2cc(-c3ccc(-c4nc(Cl)nc(Cl)n4)cc3)cc(-c3ccc(-c4nc(Cl)nc(Cl)n4)cc3)c2)cc(C(F)(F)F)c1,11.04
Cc1nn(C(C)C(=O)N(C)C2CCCCC2)c(=O)c2nn(-c3ccccc3)c(C)c12,24.07
C[n+]1ccc(Nc2ccc(-c3ccc(-[n+]4ccc(-c5ccccc5)cc4)cc3)cc2)c2ccccc21,20.43
COc1ccc(OCC(=O)N2CCCCC2)cc1,23.65
COc1ccc(C=CC#N)cc1,10.97
N#Cc1cncc(-c2nc(-c3ncnc(C4CC(F)(F)C4)n3)cc(C3CC3)n2)c1,15.48
O=c1cc(Cc2ccc(F)cc2)[nH]c(SCc2ccccc2)n1,18.35
Cc1cccc(CN2CCCC3(CCCN3Cc3ccc(Cl)c(F)c3)C2=O)n1,29.06
ClCCCc1ncnc(-c2ccccc2)n1,21.75
CC(C)OC(=O)Cn1c(=S)[nH]c2ccccc21,26.96
COc1cc(C=CC(=O)c2ccc(-n3cccc3)cc2)cc(OC)c1OC,16.35
N#Cc1c(-c2ccccc2)[n+]([O-])c2ccc(C3NC(C=NC(=O)c4ccccc4)NO3)cc2[n+]1[O-],36.26
N#Cc1ccc(-c2cc(C=Cc3ccccc3)nc(-c3ccc(C#N)cc3)n2)cc1,14.92
N#Cc1ccc(-c2cc(C(F)(F)F)nn2-c2ccc(-c3cncc(C#N)c3)cc2Cl)nc1,20.48
Cc1c(C(=O)NCc2ccc(S(N)(=O)=O)cn2)nn(-c2ccc(Cl)cc2Cl)c1-c1ccc(Cl)cc1,27.25
CCn1ncc(C(=O)NC2CCN(C(c3ccc(C#N)cc3)c3cc(F)c(F)c(C#N)c3F)CC2)c1C,27.42
COc1cc(N=c2[nH]cccc2NS(=O)(=O)c2ccc(-c3nc(C(F)(F)F)cc(C(F)(F)F)n3)cc2)cc(OC)c1OC,34.17
Cc1ncc(CN2CCC(=C(c3ccccc3)c3ccc(C=CC(=O)O)cc3)CC2)cn1,25.01
Cc1cccc2[nH]c(-c3cccc(OCc4cccc(CNCc5ccc(-c6ccc(C(F)(F)F)cc6)cc5)c4)c3)nc12,30.76
O=C(Nc1ccc(Nc2ccc3c(c2)C(=O)c2ccc(O)cc2C3=O)cc1)c1ccc(N(CCCl)CCCl)c(F)c1,29.82
CCc1ccc(C#Cc2ccc(C(C)NC(C)=O)cc2)cc1,19.56
N#Cc1ccc(-c2ccc(-c3cc(-c4cccnc4)nc(-c4ccc(-c5ccc(C#N)cc5)cc4)n3)cc2)cc1,12.74
N#Cc1ccc(-c2cc(C(=O)N=c3cc(C(=O)NCC4CC4)[nH]n3-c3ccccc3)c(Cl)cc2Cl)nc1,18.34
Cc1ccccc1CN1CCN(CC(=O)Nc2ccc(C#N)c(C#N)c2)CC1,23.78
N#Cc1cccc(N=c2nc3sc(Cc4ccc5c(c4)OCO5)nn3c(=N)[nH]2)c1,30.34
N#Cc1ccc(-c2ccc(-c3nnc(-c4cncc(C#N)c4)o3)cc2)cc1,15.8
Cc1ccccc1Cc1c[nH]c(=NC(=O)C2CCCC2)s1,21.51
Cc1ccc(Cl)cc1-c1nc(-c2ccc(C#N)cc2)n2ccnc2c1F,26.36
Clc1ccc(Cl)c2ncccc12,19.51
C=C(C)c1cccc(NC(=O)c2[nH]c(C(F)(F)F)nc2-c2cccc(C)c2)c1,29.01
N#Cc1cccc(-c2nc(-c3ccc(C=Nc4cc(O)c(N)cc4O)cc3)nc(-c3ccc(C=Nc4cc(O)c(N)cc4C(=O)NCCCN=c4cc[nH]c5cc(Cl)ccc45)cc3)n2)c1,16.82
N#Cc1ccc(-c2ncc(C#N)cc2N2CCCC2)cc1,17.39
N#CC(C#N)=c1ccc(=C(C#N)c2nc(C(=O)c3cccc(C#N)c3)nc(C(C#N)=c3ccc(=C(C#N)C#N)cc3)n2)cc1,13.53
O=S(=O)(N=c1cc[nH]cn1)c1ccc2c(c1)OCCN2c1ccc(F)cc1F,24.29
CN1CCN(Cc2ccc(NC(=O)C=Cc3ccc(-c4ccccc4)o3)cc2)CC1,22.7
N#Cc1ccc(-c2ccc(-c3ccccc3C#N)cn2)cc1,12.77
N#Cc1ccc(-c2ccc(-c3cc(-c4nc(C#N)c(N)n4-c4ccccc4)nc(-c4ccc(C#N)cc4)n3)cc2)cc1,21.72
N#Cc1ccc(NC(=O)c2cc(N)c(O)cc2N=Cc2ccc(-c3nc(-c4ccc(C=NN=C(N)N)cc4)nc(-c4ccc(C=Nc5cc(O)c(N)cc5O)cc4)n3)cc2)cc1,16.02
N#Cc1c(N)n(N=Cc2cc(F)ccc2F)c2nc3ccccc3cc12,26.17
N#Cc1cccc(Nc2ccc3c(c2)C(=O)c2ccc(N)cc2C3=O)c1,9.04
COCCOc1cc2[nH]cnc(=Nc3cccc(Cl)c3Cl)c2cc1OCCOC,23.19
CC(=O)N1CCC(n2cc(-c3cc(-c4ccnc(C#N)c4)ncn3)cn2)C1,30.48
O=C(NC1CCCC1)c1nn(-c2ccc(Cl)cc2Cl)c(-c2ccc(Cl)cc2)c1Cn1cncn1,19.2
COC(=O)C(CCSC)NC(=O)CC(Cc1cccc(O)c1)(NC(=O)COc1ccc2ccccc2c1)C(=O)NC(Cc1ccccc1)C(N)=O,59.94
Cc1c[nH]c(=NC(=O)CCC(=O)c2ccc(-c3ccccc3)cc2)s1,23.39
N#Cc1ccc(-c2nn(-c3ccc(Br)cc3)cc2C(=O)c2ccnc(-c3ccc(-c4ccc(C#N)cn4)cc3)n2)cc1,29.93
N#Cc1ccc(-c2ccc(-c3ncnc(-c4ccc(-c5cccc(C#N)c5)cc4)n3)cc2)cc1,10.01
N#Cc1ccc(C#Cc2ccc(C#Cc3ccccc3F)cc2)nc1,19.54
N#Cc1ccc(C2=NN(c3ccnc(-n4cccn4)n3)C(c3ccc4c(c3)CCO4)C2)cc1,27.68
CC(=O)Nc1ccc(S(=O)(=O)NCc2nc(-c3ccccc3)nc(-n3cccc3)n2)cc1,26.53
Cn1cc(-c2ccc(Oc3ncnc(-c4ccc(-c5ccc(C#N)cc5)cc4)n3)cc2F)cc(C#N)c1=O,20.46
Cc1cc(-c2ccc3[nH]c(=O)c(C#N)c(C)c3c2)nc(-c2ccnc(C#N)n2)n1,31.39
O=C(O)c1cc(N2C(=O)C(=Cc3ccccc3)SC2=S)ccc1O,25.21
N#Cc1cc(C(N)=O)ccc1-c1ccc(CCc2ncncc2Cl)cn1,24.41
O=c1nc(Cc2ccccc2)n(Cc2nnc(-c3cccs3)o2)o1,33.04
N#Cc1ccc(-c2ccc(-c3nc(-c4ccc(-c5ccc(C#N)cn5)nc4)cc(C(F)(F)F)n3)cc2)nc1,9.06
COc1ccc(C=Cc2nc(-c3ccc(C#N)cc3)nc(=NN=Cc3ccccc3)[nH]2)cc1OC,16.09
N#Cc1ccc(-c2ccc(-c3cc(C4CCC(F)(F)CC4)n(-c4ccc(C(=O)O)cc4)n3)cc2)cc1,19.93
N#Cc1ccc(-c2ccc(-c3nc(-c4ccc(-c5ccc(C#N)cn5)nc4)nc(-c4ccc(-c5ccc(C#N)cn5)nc4)n3)cc2)nc1,10.52
CC(C)OC(=O)N1CCC(c2cc(-c3ccc(C#N)cc3)nc(-c3ccc(C#N)cc3)n2)CC1,14.51
N#Cc1ccc(-c2nc(-c3cccnc3)cc(-c3cccc(-c4cccc(C#N)c4)n3)n2)cc1,18.6
Fc1ccc(-c2cc(C(F)(F)F)nc3c2cnn3-c2ccccc2)cc1,25.81
NC(=O)c1ccc(-c2ccc3c(c2)CCN3C(=O)Nc2cccc(Cl)c2F)[nH]1,34.89
O=C(Nc1ccc(C2CC2)nc1C(=O)Nc1ccc(Cl)cc1)c1cc(OCC(F)(F)F)ccc1Cl,30.16
N#Cc1ccc(-c2ccc(-c3cc(C(F)(F)F)nc(-c4ccc(-c5ccc(C#N)cn5)cc4)n3)cc2)nc1,8.13
COc1cc2[nH]cnc(=Nc3ccc(-c4nc(CC5CC5)no4)cc3)c2cc1OCCCN1CCOCC1,25.64
N#Cc1ccc(-c2nc3ccccc3s2)cc1N,18.7
N#Cc1ccc(-c2nc(-c3ccc4ncnn4c3)cc(-c3ccc(-c4ccncn4)nc(=NC4CCCNC4)n3)n2)cn1,35.92
Cc1c(CC(N)=O)nc(-c2ccc(C#N)cc2)nc1-c1ccc(-c2ccc(-c3cn(C)nn3)cc2)c(F)c1,26.83
N#Cc1ccc(-c2cccc(NC(=O)c3cccc(-c4nc(C5CC5)ncc4F)n3)c2)cn1,28.74
CN(C)C(=O)c1csc(-c2c(Cl)cccc2C=Cc2cccnc2)n1,35.18
N#Cc1ccc(C=Cc2nc3ccccc3c(=O)n2-c2cccc(C#N)n2)cc1,15.91
C=CCn1c(=O)[nH]c(O)c(C(Cc2ccc(CO)o2)=Nc2ccccc2)c1=O,29.29
N#Cc1cccc(-c2cc(-c3ccc(C(=O)N4CCCC4CN4CCCC4)c(F)c3)ncn2)n1,21.56
O=C(Nc1ccccc1-c1ccccc1)C1CCCN(S(=O)(=O)c2ccccc2)C1,23.97
Clc1nc(Cl)nc(-c2ccc(-c3ccc4[nH]c(-c5nc6ccccc6s5)nc4c3)cc2)n1,31.47
O=C(C=Cc1ccc(-c2ccccc2)cc1)c1cccc(O)c1,18.44
C=c1c(=Cc2sc(C=Nc3ccccc3)cc2OCC)cc(C)n1Cc1ccc(C#N)cc1,28.12
N#Cc1ccc(-c2ccc(-c3nc(C=Nc4ccc(C(=O)O)cc4)c(-c4ccc(C(=O)O)cc4)[nH]3)cc2)cc1,20.17
N#Cc1ccc(-c2ccc(-c3nc(-c4ccc(Br)cc4)nc(-c4ccc(-c5ccc(C#N)cn5)nc4)n3)cn2)nc1,9.44
Nc1cc(O)c(N=Cc2ccc(C=Nc3cc(C(=O)O)cc(C(=O)O)c3)cc2)cc1O,13.63
CN1C(=O)C2Nc3ccc(C#Cc4ncccn4)cc3C2N(C)C1=O,24.62
NC(=S)NN=Cc1cnccn1,17.4
CN(C(=O)Cc1cccc(Cl)c1)C(CN1CCC(O)C1)c1ccccc1,22.86
CN(C)CCOc1ccc(-c2cc(-c3ccc(C#N)cc3)c3cn[nH]c3n2)nn1,32.75
CCCC(C#N)c1csnn1,25.94
Cc1cc(=NC(=O)CCC(=O)OCC(=O)c2ccccc2C)[nH]o1,24.2
N#Cc1ccc(-c2cc(C(F)(F)F)nc(-[n+]3ccc(-c4ccncc4)cc3)n2)cc1,17.12
Cc1cc(-c2ccc(-c3ccc(C#N)cn3)c(F)c2)nc(-c2ccc(-c3ccc(C#N)cn3)nc2)n1,17.58
N#Cc1ccc(-c2cc(C3CC3)nc(-c3ccc(C4CCC(CC(=O)O)CC4)cc3)n2)nc1,17.03
CC1(C)CC(=O)CC(=NNC(=O)c2ccc(N(CCCl)CCCl)cc2)C1,28.61
COc1ccc(Cn2c(C#N)ccc2-c2ccccc2)cc1,19.01
Fc1ccc(-c2cn[nH]c(=S)n2)cc1,19.36
N#Cc1ccc(-c2nccc(-c3ccc(-c4ccc(C#N)cn4)cc3)n2)cc1,12.11
Cc1ccc2c(-c3nc(-c4ccc(-c5ccc(C#N)cc5)cc4)nc(-c4ccc(-c5ccc(C#N)cn5)cc4)n3)ccc(C)c2n1,17.17
COc1ccc(-c2cc(-c3ccccc3)nc(-c3ccc(-c4ccc(-c5ccc(C#N)cc5)cc4)cc3)c2)cc1,18.61
CCNC(=O)c1ccc(-c2nc(-c3ccc(-c4ccc(C#N)cc4)cc3)nc(-c3ccc(-c4ccc(C#N)cc4)cc3)n2)cc1,15.33
CCCCn1c(=O)c2ccccc2n(Cc2ccc(-c3ccccc3-c3nc(=O)o[nH]3)cc2OCCC)c1=O,27.92
NC1CCC2CC1c1ccccc12,23.84
COc1ccc(-c2ccc(C(=O)c3cc4cc(OC(=O)c5cc6cc(C#N)ccc6[nH]5)ccc4[nH]3)cn2)cc1OC,40.35
CC(C)CC(NC(=O)OCc1ccccc1)C(=O)NC(C=O)Cc1ccccc1,21.57
N#Cc1ccc(-c2ccc(-c3nc(-c4ccc(C#N)cc4)nc(-c4cccc(C#N)n4)n3)cc2)cc1,13.14
N#Cc1ccc(-c2nc3ccccc3c(=O)n2-c2ccc(C#N)cc2)cc1,16.9
O=c1[nH]nc2n1-c1ccccc1SC2,17.98
N#Cc1ccc(-c2ccc(-c3nc(C(=O)NC4C5CC6CC(C5)CC4C6)nc(-c4ccc(-c5ccc(C#N)cn5)cc4)n3)cc2)cc1,13.16
CC1(C)CCC(=O)Nc2cc(Nc3nc(Nc4ccc5c(c4)C(=O)c4ccc(N)cc4C5=O)nc(Nc4ccc5c(c4)C(=O)c4ccc(N)cc4C5=O)n3)ccc21,9.98
OCC1CCC(N=c2[nH]nc(-c3ccc(F)cc3)s2)CO1,33.31
O=C(O)CCC(=O)OCC1(CO)CC(=Cc2ccccc2)c2cc(F)ccc2O1,28.24
N#Cc1cncc(-c2nc(-c3cccc(C#N)n3)nc(N3CCC3)n2)c1,13.14
N#Cc1ccc(-c2c(-c3ccccc3)oc(=O)c(C#N)c2N)cc1,18.71
CC1(C)C(=O)Nc2ccc(-c3ccnc(-c4ccc(C#N)cc4)c3)cc21,17.54
Cc1nc(-c2ccc3c(c2)CCN(C)C3=O)sc1-c1ccccc1,20.76
N#Cc1cc(-c2cnc3c(C#N)cccc3n2)ncc1C(F)(F)C(F)(F)F,30.3
CN1CCN(NC(=O)c2cc(-c3ccc(-c4ccc(C#N)cn4)cc3)nc(-c3ccc(-c4ccc(C#N)cc4)cc3)n2)CC1,18.74
N#Cc1ccc(-c2ccc(-c3cccc(-c4ccc(C#N)s4)n3)cc2)nc1,17.19
N#CC=Cc1ccc(Cn2cnc3c(Cl)nc(N4CCNCC4)nc32)cc1,24.48
Cc1nn(Cc2ccc(-c3ccc(C#N)cc3)nc2)c(C)c1CC(=O)NS(C)(=O)=O,24.55
N#Cc1ccc(-c2ccc(-c3nc(-c4ccc(C#N)cc4)nc(-c4ccc(-c5ccccc5)cc4)n3)cc2)cc1,11.81
Cc1ccc(C(=O)c2nc(-c3ccccc3)nn(Cc3ccccc3)c2=N)cc1,21.88
N#Cc1ccnc(-c2ccc3c(C#N)nn(-c4cccc(C(=O)Nc5ccc(C(F)(F)F)cc5)c4)c3c2)c1,28.19
CC(=O)N1CCN(C(=O)c2cccc(CN=c3ncc(C#Cc4cccc(F)c4)c[nH]3)c2)CC1,29.07
N#Cc1ccc(=NC(=O)c2cc(C#N)cc(-c3cncc(C#N)n3)c2)[nH]c1,20.32
N#Cc1ccc(-c2nc(-c3ccc(C=Nc4cc(O)c(N)cc4O)cc3)nc(-c3ccc(C=Nc4cc(O)c(N)cc4C(=O)NCCCN)cc3)n2)s1,16.8
N#Cc1ccc(-c2ccc(-c3nc(=N)c(C#N)c(-c4ccc(C#N)cc4)[nH]3)cc2)cc1,14.09
N#Cc1ccc(-c2ccc(-c3nc(-c4ccc(C#N)cc4)nc(-c4ccc(N=Cc5cccnc5)cc4)n3)cc2)cc1,17.38
Cc1cccc(Cc2cc(C#N)c3c(c2)C(NC(=O)c2ccccc2Cl)(C(F)(F)F)C(=O)N3)c1,32.18
CS(=O)(=O)N1CCC(NC(=O)c2cc(-c3ccc(-c4ccc(C#N)cn4)nc3)nc(-c3ccc(-c4ccc(C#N)cc4)cc3)n2)CC1,13.22
N#Cc1ccc(N=Cc2ccn(-c3ccccc3)c2)cc1,16.92
Cc1cc(C)nc(-n2[nH]c(C)cc2=NC(=O)c2ccc(S(=O)(=O)N3CCCCC3)cc2)n1,22.42
CCNC(=S)Nc1ccc(-c2cc(-c3ccc(C#N)cc3)nc(C=Cc3ccc(C=CC(=O)NS(=O)(=O)c4cccs4)o3)n2)cc1,41.52
N#Cc1ccc(-c2nc(CF)nc(-c3ccc(C#N)cc3F)n2)cc1,11.87
CN1CCN(CCONc2c(C3=c4ccccc4=NC3=O)[nH]c3ccccc23)CC1,20.34
Cc1ccccc1C=Nc1cc(O)c(N)cc1O,12.47
N#Cc1ccc(C(c2cnc(C(F)(F)F)nc2)N2CCC(NC(=O)c3cccc(C(F)(F)F)c3)CC2)cc1,24.85
CC(Nc1c(Nc2ccc3c(c2)C(=O)CCCC3)c(=O)c1=O)c1ccccc1,25.17
CCn1c2nc(C)nc-2c2cnc(C)c-2sc1=NN=Cc1ccc2cccnc2c1,52.15
N#Cc1ccc(S(=O)(=O)NCCOc2ccccc2F)o1,31.32
Nc1ccc2c(c1)C(=O)c1ccc(NC(=O)c3cnc(Cl)nc3Cl)cc1C2=O,15.56
Cc1cc(-c2ccc(Oc3ccc(S(=O)(=O)CCC4CC4)cc3C#N)cc2)[nH]c(=N)n1,30.84
Cc1nc(C(=O)NCc2cc(F)ccc2CN)cc(-c2ccc(C#N)cn2)n1,30.19
CCOc1ccc(-c2nc(-c3cc4ccccc4nc3Cl)nc(-c3c4ccccc4c(C#N)c4ccccc34)n2)c2ccccc12,32.99
O=C(C=Cc1ccc(O)cc1O)c1ccc(-c2ccccc2)cc1,20.44
N#Cc1ccc(-c2ccc(-c3nc(-c4ccc(-c5ccc(C#N)cn5)nc4)nc(-c4ccc(-c5ccc(C#N)cn5)c(F)c4)n3)cc2)nc1,11.36
N#CC(Cc1ccc2[nH]ccc2c1)c1ccc(-n2cccc2)cc1,32.84
N#Cc1ccc(NC(c2ccncc2)c2cccnc2)cc1,20.63
O=C(c1ccc2ccccc2c1)N1CCN(C(c2ccc(F)cc2)c2ccc(F)cc2)CC1,18.71
Cc1ccc(=NS(=O)(=O)c2ccc(N=Cc3c(O)ccc4ccccc34)cc2)[nH]c1,23.28
N#Cc1ccc(-c2cc(-n3cncn3)cc(C(=O)Nc3ccc(OC(F)(F)F)cc3)n2)cc1,21.67
Cc1cccnc1Nc1ccc2c(c1)C(=O)c1ccc(N)cc1C2=O,12.41
C#CCCCCCC(=O)c1ccc(-c2ccc(C=CCCCOc3cccc(C(=O)O)c3)c(CCCCCC)c2)cc1,43.22
COc1ccc(C(=O)NCCc2ccccc2)nc1-c1cccc(C#N)n1,23.18
Cc1ccc(-n2ccnc2C(C#N)(C#N)c2ccc(Cl)cc2)cc1,25.93
N#Cc1ccc(-c2nc(-c3ccccc3Cl)nc(-c3c(F)c(F)c(C#N)c(F)c3F)n2)cc1,11.73
Cc1ncc2cc(F)cc(Nc3ccc4c(c3)C(=O)c3ccc(N)cc3C4=O)c2n1,20.39
N#Cc1ccc(NC(=O)NC(=O)c2c(F)cccc2F)cc1,15.87
CCC(=O)N=Cc1nc(-c2ccc(-c3ccc(-c4nc(-c5ccc(C#N)cc5)nc(-c5csc(C#N)c5)n4)cc3)cc2)nc(C(F)(F)F)n1,33.04
NC(=O)c1nn(-c2ccc(F)cc2)c2c1CCc1cc(N=c3[nH]cnc(N)c3Cl)ccc1-2,23.51
CCCCn1c(=O)[nH]c(O)c(C(C)=Nc2ccc(-c3nc4ccccc4s3)cc2)c1=O,20.53
N#Cc1ccc(-c2ccc(-c3cc(C#N)cn3-c3ccc(NC(=O)C(=O)NC(N)=O)cc3)cn2)cc1,25.86
Cc1c(F)c(Oc2cccc(C(=N)N)c2)nc(Oc2ccc(C#N)cc2C#N)c1F,13.27
CCCCc1cc(Cc2ccc(C#N)cc2)c(C(C)C)nc1-c1ccc(C#N)cc1,22.54
Cc1nc2ccc(Nc3nc(Nc4ccc5c(c4)C(=O)c4ccc(N)cc4C5=O)nc(Nc4ccc5c(c4)C(=O)c4ccc(N)cc4C5=O)n3)cc2n1C,11.34
C=CC#Cc1cn(C=Cc2cc(OCc3ccccc3)c(O)o2)c(=O)[nH]c1=O,22.76
N#Cc1ccc(-c2cccc3c2ccn3CCCc2ccc(-c3ccc(Cc4cccnc4)cc3)cc2)cc1,37.26
N#Cc1ccc(=NC(=O)C2=C(C(=O)Nc3cc(C#N)cc(C(F)(F)F)c3)C3CCC2C32CC2)[nH]c1,27.78
O=C(NC(Cc1c[nH]c2ccccc12)C(=O)N=c1cc[nH]cc1)c1ccc(-c2ccccc2)cc1,22.6
N#Cc1ccc(-c2ccc(-c3cn(C(=O)n4ccnc4)cc3C#N)cc2)cc1,23.72
N#Cc1ccc2c(N=NC(=S)Nc3ccc(-c4nc(-c5ccc(C=NN=C(N)NN)cc5)nc(-c5ccc(-c6cc(C(F)(F)F)ccc7[nH]c=7n6)cc5)n4)cc3)c[nH]c2c1,43.67
N#Cc1ccc(C#N)c(Sc2c(O)c(N=Nc3ccccc3)c3ccccc3c2O)c1,28.32
N#Cc1ccc(-c2ccc(-c3nc(-c4ccc(F)cc4)nc(-c4ccc(-c5ccc(C#N)cn5)nc4)n3)nc2)nc1,14.58
N=c1nc(-c2cccnc2Oc2ccc(NC(=O)Nc3ccc(Cl)c(C(F)(F)F)c3)c(Cl)c2)cc[nH]1,28.84
Cn1c(C(=O)c2ccc(C(=O)O)cc2)c(Cc2ccc(-c3cnc(-c4ccccc4)nc3)cc2)c2ccccc21,28.81
C=CCNC(=S)NN=Cc1cccc(F)c1,18.28
N#Cc1ccc(-c2nc(-c3ccccc3Cl)nc3c2CCc2ccccc2-3)cc1,16.89
N#Cc1cccc(-c2ccc(-c3cc(-c4cccc(C#N)n4)nc(-c4ccccn4)n3)cc2)n1,17.31
Cc1cc(C#CC#Cc2nc(C#N)cc(C#N)n2)ncc1N,24.54
N#Cc1ccc(-c2ccc(-c3nc(-c4ccc(Cl)cc4)nc(-c4ccc(-c5ccnc(Cl)c5)cc4)n3)cc2)cc1,20.72
CC1(C(O)=NO)CSC(c2ccc(O)cc2)=N1,23.87
CN1CCN(c2nc(=Nc3ccc(C#N)cc3)nc(C#N)[nH]2)CC1,15.69
N#Cc1ccc(C#CCN2CCN(CC=Cc3ccccc3)CCC2=O)cc1,25.68
COc1ccc2c(c1)C(=O)c1cc3c(cc1C1COC(C)(C)C=C21)ON(Cc1ccccc1)C(C(=O)NCCN(C)C)=C3,43.47
NC1=NC(c2cc(NC(=O)c3ccc(Cl)cn3)ccc2F)(C(F)F)C2CC2O1,17.06
N#CCCCn1c(Sc2nc(-c3ccc(C#N)cc3)cc(-c3ccc(-c4ccc(C#N)cc4)cc3)c2C#N)nc2c(Cl)ncnc21,27.56
CCc1cnc(-c2c(F)cccc2Cl)nc1-c1nc(COC)cc(-c2ccccc2Cl)n1,23.25
Cc1nc(C)c2cc(CN=c3cc[nH]c(=Nc4cccc(C#N)c4)[nH]3)ccc2n1,27.87
N#Cc1ccc(-c2nc(-c3ccc(-c4ccc(C#N)cn4)nc3)cc(C(F)(F)F)n2)cc1,11.24
Cc1nc(-c2ccc(C(=O)NCC#N)cc2)nc2cc(Cn3cc(-c4ccc(-c5ccc(C#N)cc5)cc4)nc3C)ccc12,31.02
c1cc[n+](-c2ccc(-c3ccc(-[n+]4ccc(-c5ccncc5)cc4)cc3)cc2)cc1,14.78
Cc1ccc(-c2nc(-c3ccc(NC(=O)c4ccc(-c5ccc(C#N)cc5)cc4)cc3)nc(-c3ccc(-c4ccc(C#N)cc4C)cc3)n2)cc1,22.34
CCCCCNC(=O)c1cc(N)c(O)cc1N=Cc1ccc(-c2nc(-c3ccc(C=Nc4cc(O)c(N)cc4O)cc3)nc(-c3ccc(C=Nc4cc(O)c(N)cc4C#N)cc3)n2)cc1,21.27
CCOc1ccc(Cl)cc1N=c1[nH]nc(-c2ccc(C#N)cc2)o1,23.21
CC(C)=c1ccc(=CCC(O)=NO)c(O)c1,22.08
N#Cc1ccc(NN=Cc2ccc(-c3cc[n+](C(=NN=Cc4ccc(F)c(F)c4)c4ccc(C#N)cc4)cc3)cc2)cc1,31.78
O=C(Cc1nc(=O)cc(N2CCOCC2)[nH]1)N1CCN(C(c2ccc(F)cc2)c2ccc(Cl)cc2)CC1,30.22
N#Cc1ccc(-c2cc(CNC3CC3)nc(-c3cncc(C#N)c3)n2)cc1,13.9
Cc1c(N=CC2NCCN2)c(=O)n(-c2ccccc2)n1C,16.61
N#Cc1ccc(-c2nc(-c3cncc(C#N)c3)nc(-c3ccc(Cl)c(C(F)(F)F)c3)n2)cc1,14.26
N#Cc1cc(C#N)cc(OCc2cc(-n3cc(C#N)cn3)nc(-c3ccc(Cl)c(Cl)c3)n2)c1,25.8
C[N+](C)(C)CC=NNc1ccc(-c2nc(-c3ccc(C#N)cc3)nc(-c3ccc(C#N)cc3)n2)cc1,21.5
CC(=O)NS(=O)(=O)c1ccccc1-c1ccc(Cc2nc(-c3ccc(-c4ccc(C#N)cc4)nc3)n(C)c2C)cc1,26.21
N#Cc1ccc(C#CCOC(=O)N2c3ccccc3C=Cc3ccccc32)nc1,32.67
N#Cc1ccc(-c2ccc(C#N)cc2)cc1,10.35
CCc1ncc(C(=O)C=Cc2ccc(F)c(F)c2)cn1,24.78
N#Cc1ccc(-c2ccc(-c3cc(C(=O)NCCCO)nc(-c4ccc(-c5ccc(C#N)cc5)cc4)n3)cc2)cc1,14.43
COc1ccc(OCc2nc(-c3ccc(C#N)cc3)nc(-c3ccc(C#N)cc3)n2)cc1,9.5
O=C(NCc1ccccc1)c1ccc(-c2ccc(CN(Cc3ccc(O)cc3)C(=O)CCN3CCOCC3)cc2)cc1,33.35
N#Cc1ccc(-c2nc(-c3cccc4ccccc34)nc(-c3c4ccccc4c(C#N)c4ccccc34)n2)cc1,10.73
N#CC=Cc1ccccc1C=CC(=O)NS(=O)(=O)c1ccc(F)c(F)c1,23.26
O=C(NCc1ccc(-c2noc(C(F)(F)F)n2)cc1)c1ccc2ccccc2n1,21.63
Clc1ccccc1C1(Cn2ccnc2)SCCS1,21.16
N#Cc1ccn(-c2ccc(C(=O)O)cc2)c1,12.64
Cn1cnc2c(=NC(C)(C)CO)[nH]cnc21,25.56
CC(C)(O)C#Cc1cc2c(cc1F)C1CC(C1)n1cccc1-2,20.2
COc1ccc2c(c1)N(Cc1ccc(-c3ccc(C#N)cc3)cc1)C(=O)CC2=O,25.53
COc1cccc(COc2cc(C=CC(=O)C=Cc3ccc(N(C)C)cc3)ccc2OC)c1,31.93
Cc1cc2c(cc1-c1cc(CCc3cnc(C(N)=O)cc3C#N)cc(OCc3ccccc3)c1)C(C)(C)CCC2(C)C,31.66
N=C(N)NC(=O)Cn1c(-c2ccccc2)ccc1-c1ccccc1,19.01
Cc1cc(C)n(-c2ccc(C#N)c(C#N)c2)n1,16.14
C=CCn1c(C)cc(=Cc2c(O)[nH]c(=NCC)[nH]c2=O)c1=C,31.21
Cn1nc(-c2ccc(C#N)cc2)sc1=Nc1ccccc1-c1nc(C#N)c[nH]1,23.91
N#Cc1ccc(-c2ccc(-c3cc(C(F)F)nn3-c3ccc(N)cc3)cc2)cc1,18.88
N#Cc1ccc(-c2nc(Cc3ccccc3)sc2-c2nc(C#N)[nH]c(=NC3CCCC3)n2)cc1,26.8
O=C(NN=Cc1cccnc1)c1ccccc1Cl,19.4
N#Cc1c(F)cccc1C=NN=c1cnc2ccccc2[nH]1,18.79
O=C(NC1CCCCC1)c1ncc(-c2ccc(Cl)cc2)c(-c2ccc(Cl)cc2)n1,16.76
C(=NNC1=NCCN1)c1c2ccccc2cc2ccccc12,14.07
CC(C)c1nc(-c2ccc(-c3cc(-c4ccncc4)cc[n+]3-c3ccccc3)cc2)no1,24.96
N#Cc1ccc(-c2ncc(-c3ccc(NS(=O)(=O)c4ccc(F)c(C#N)c4)cc3)cc2C#N)cc1,27.36
N#Cc1ccc(-c2ccc(-c3nc(-c4cncc(C#N)c4)nc(-c4cncc(C#N)c4)n3)cc2F)nc1,9.75
COc1ccc(Nc2oc(-c3ccc(C=C4N=C(c5ccccc5)OC4=O)c(F)c3)nc2C#N)cc1,34.66
C=Cc1nc(=Nc2cc(F)cc(F)c2)n2ncn(-c3ccc(C)cc3)c2n1,28.18
N#Cc1ccc(-c2nc(-c3ccc(Cl)c(O)c3)nc(-c3cccc4ccccc34)n2)cc1,15.96
Cn1c(-c2ccc(Cl)cc2Cl)nc(-c2ccc(Cl)cc2Cl)c1C#N,18.64
N#Cc1ccc(-c2nc(Cl)c(Cl)c(Cl)c2Cl)cc1,18.64
NC(=O)c1nn(-c2ccc(O)cc2)c2c1CCc1ccc(NC(=O)c3csc(-c4ccccn4)n3)cc1-2,27.61
N#Cc1cccc(-c2ccc(-c3ncc4ncc(C#N)cc4n3)cc2)c1,16.23
CN(C(=O)Cc1c(F)c(F)cc(-c2ccc(C#N)nc2)c1F)c1nc(C#N)ncc1F,28.77
Oc1cc(-c2sc(-c3ccc(Cl)cc3)nc2-c2ccc(Cl)cc2)ccc1N=Cc1ccc(Cl)cc1,19.99
Cc1cc(=NN=Cc2cccc3ccccc23)[nH]c2cc(C(F)(F)F)ccc12,27.4
CSc1ccc(-c2nc3ccc(C(=O)NCc4ccccn4)cc3nc2-c2ccc(C#N)cc2)cc1,27.95
COc1ccc(OCc2cc(-c3ccc(C#N)cc3)nc(-c3ccc(C#N)cc3)n2)cc1,10.67
Cn1cnc2c(-c3ccc(C#N)cc3)ncnc21,16.96
N#CC(C#N)=c1ccc(=C(C#N)c2nc(C(=O)Nc3ccc(C#N)cc3)nc(C(C#N)=c3ccc(=C(C#N)C#N)cc3)n2)cc1,14.33
O=c1c2ccccc2nc(C=Cc2cccnc2)n1Cc1ccccc1,20.58
CSc1nc(C#N)cc(-c2ccc(-c3ccc(C#N)cc3)cc2)c1C#N,19.9
N#Cc1cc(OCC2CCN2)nc(-c2ccc(C#N)cc2-c2ccccc2)c1,27.91
CC(C)(C)OC(=O)NC(CC(O)=NO)Cc1ccccc1,21.37
N#Cc1ccc(N2CCN(C(=S)Nc3cccnc3)CC2)nc1,22.46
N#Cc1cc(C#N)c(=Nc2ccccc2)[nH]c1N,16.04
Cc1ccc(C)n1-c1ccc(C(=O)N2c3ccccc3NCCCC2C)cc1,26.02
CN(C)c1ccc(NC(=O)Nc2ccc3c(c2)C(=O)c2ccc(NC(=S)Nc4ccc5cc(O)ccc5c4)cc2C3=O)cc1,24.4
N#Cc1ccc(-c2ccc(-c3cc(C=NNC(=O)Nc4ccc([N+](=O)[O-])cc4)c4cc(-c5nc(-c6ccc(C=NC(=N)N)cc6)oc5-c5ccc(C(=N)N)cc5)ccc4n3)cc2)cc1,40.83
Cc1ccc(Nc2c(-c3ccc(-c4ccc(C#N)cc4)cc3)nc3nc(C(F)(F)F)cc(C(F)(F)F)c3c2O)cc1,30.51
Cc1cc(C)n(-c2nc(Cl)nc(Cl)n2)n1,9.2
CC1(C)CC(=O)CC(=Nc2cc(-c3ccc(-c4ccc(C#N)cc4)cc3)nc(-c3ccc(-c4ccc(C#N)cc4)cc3)n2)C1,18.62
Cc1nc(-c2ccc(OC(C)C)c(C#N)c2)ccc1-c1nc(Cl)nc(Cl)n1,12.1
Cn1c(C#N)cnc1-c1cc(-c2ccc(C#N)cc2)ncn1,15.99
N#Cc1nc2c(c3ccc(N)cc13)C(=NO)c1ccccc1-2,21.56
Cc1ccc(SCc2nc(-c3ccc(C#N)cc3)nc(-c3ccc(CCN4CCN(c5ncccn5)CC4)cc3)n2)cc1Cl,31.73
COC(=O)C(C)NC(=O)c1nc2ccccc2nc1Sc1ccccc1,30.23
N#Cc1ccc(Nc2cncc(Nc3ccc4c(c3)C(=O)c3ccc(N)cc3C4=O)n2)cc1,9.69
N#Cc1ccc(-c2ccc(-c3nc(CCc4ccccc4)nc(-c4ccc(-c5ccc(C#N)cc5)cc4)n3)cc2)cc1,14.99
CN1C(=O)C(=Cc2ccc(OCc3ccc(F)cc3F)cc2)SC1=Nc1cccc(C(=O)O)c1,24.24
Cc1cccc2c(=NCC(C)N)[nH]c(-c3ccc(-c4cccc(C#N)n4)cc3F)nc12,25.48
CS(=O)(=O)C(C(=O)NCc1ccccn1)c1nc(C#N)c2c(-c3ccc(-c4ccco4)cc3)cccc2n1,37.84
N#CC=Cc1ccnc(-c2ccc(-c3ccc(C#N)cc3)cc2)n1,8.36
Nc1cc(O)c(N=Cc2ccc(-c3cccc(C(=O)O)c3)cc2)cc1O,12.91
N=c1ccc(CNC(=O)c2ccc[nH]c2=Nc2cnn(CCN(CCO)CCO)n2)c[nH]1,41.45
N#Cc1cccc(-c2ccc(-c3nc(Cl)nc(Cl)n3)cc2)c1,10.08
N#Cc1ccc(-c2nc(-c3ccc(F)cc3)sc(=Nc3cccc(Cl)c3)n2)cc1,22.92
N#Cc1ccc(-c2ccnc(C=Cc3ccnc4cc(F)c(-c5ccc(C#N)cc5)cc34)c2)cc1,25.77
O=C(CCOc1ccc(Br)cc1)N=c1[nH]nc(C(F)(F)F)s1,25.04
Cc1c(N=Cc2cc([N+](=O)[O-])ccc2O)c(=O)n(-c2ccccc2)n1C,19.62
N#Cc1c(-c2ccc(-c3ccc(-c4ncccn4)cc3)cc2)cnc2c3cccc(C(F)(F)F)c3nn12,35.67
CCC(c1ccc(OC(F)(F)F)cc1)c1nc(C#N)nc(-c2cncc(C#N)c2)n1,17.35
CCN(CC)CC(=O)N1c2ccccc2C=Cc2ccc(N)cc21,24.2
COc1ccccc1Nc1ccc2c(c1)C(=O)c1ccc(N)cc1C2=O,13.06
COc1ncc(-c2nc(-c3ccc(C#N)cc3)nc(-c3cncc(C#N)c3)n2)cn1,13.86
N#Cc1ccc(-c2ccc(-c3cc(-[n+]4ccc(-c5ccncc5)cc4)nc(-[n+]4ccc(-c5ccncc5)cc4)n3)cc2)cc1,7.94
N#Cc1ccn2c(C=NNC(=O)c3cccnc3)c(-c3ccc(Cl)cc3)nc2c1,20.98
c1ccc2c(c1)Cc1cc3ccccc3n1C2,18.93
CC(C)=CC(CC(C)C)c1oc(=O)c(C=Cc2ccccc2)nc1O,31.73
Cc1nc(-c2ccc(C#N)cc2)c(-c2ccc(C#N)cn2)cc1C=NO,15.15
CCCCN(CC#Cc1cccc(C=CC(=O)O)c1)c1ccc2ccccc2c1,33.88
N#Cc1ccc2c(c1)CN(C(=O)Nc1ccc([N+](=O)[O-])cc1)C2,20.55
CNC(=O)c1ccc(-c2ccc(-c3nc(C#N)c[nH]3)cc2)nc1,22.02
Cc1ccc(C=CC#N)nc1,12.06
N#Cc1ccc(-c2cccc(C(=O)N(Cc3cccc(C#N)c3)C3CC3)n2)cc1,22.2
Cc1ccc(-c2ccc(-n3c(O)c(O)c(C(=O)c4ccc(C#N)cc4)c3-c3ccccc3OCC#N)cc2)s1,20.82
NC(=O)c1oc2c(C(N)=O)c(F)cnc2c1-c1ccc2c(c1)CCC2=NO,32.51
C=c1[nH]n(-c2ccc(C#N)cc2)c(=O)c1=Cc1cc(C(F)(F)F)cc(C(F)(F)F)c1,20.85
O=c1[nH]c(O)c(N=Nc2ccccc2)c(=O)n1C1CCCCC1,19.86
N#Cc1cncc(-c2nc(-c3cncnc3)nc(-c3cccc(C#N)n3)n2)c1,13.04
Cn1c(C(=O)c2ccc(C#N)cc2)cnc1-c1ccc(-c2cc(-c3ccc(-c4nc(Cl)nc(Cl)n4)cc3)cc(-c3ccc(-c4nc(Cl)nc(Cl)n4)cc3)n2)cc1,11.62
O=C(O)CNC(=O)c1cc(-c2ccc3c(c2)OCO3)n(-c2ccc(-c3ccsc3)cc2)n1,26.24
CNS(=O)(=O)c1cccc(-c2ccc(S(=O)(=O)N(CC(C)C)c3ccc(F)cc3)s2)c1,40.74
Cc1cnn(CC2CCCN2Cc2nc(-c3ccc(-c4ccc(C#N)cc4)cc3)no2)c1,20.83
CC(=O)NC(C)c1ccc(OC2CCN(c3ccc(C#N)c(Cl)c3)C2)cc1,19.35
Cc1nc(Nc2ccc3c(c2)OCCO3)c([N+](=O)[O-])c(=Nc2cccc(C)c2C)[nH]1,26.54
Cc1ccc(-c2noc(Cn3cnc(-c4ccc5cc(C#N)ccc5c4)n3)n2)cc1,24.4
O=C(N=c1cc[nH]c(-c2ccncc2)n1)c1cccc(F)c1,21.83
N#Cc1ccc(-c2ccc(-c3noc(-c4ccc(C=Cc5nccc6ccccc56)cc4)n3)cc2)cc1,22.19
N#Cc1cncc(-c2nc(-c3cncc(C#N)c3)nc(-c3ccc(F)cn3)n2)c1,12.69
ON=C(CC(c1ccc(Cl)cc1)c1c(O)ccc2ccccc12)c1ccncc1,29.25
N#Cc1ccc(-c2nc(-c3ccc(C=Nc4cc(O)c(N)cc4O)cc3)nc(-c3ccc(C=Nc4cc(O)c(N)cc4C(=O)NCCC(=N)N)cc3)n2)cc1,13.9
N#Cc1ccc(C(=O)Nc2ccc(OCC=C(Cl)Cl)cc2)o1,25.93
Cc1ccc(C2CC(=O)Oc3ccc4ccccc4c32)cc1,19.19
Brc1ccc(C=NC2CCN(Cc3ccccc3)CC2)cc1,18.65
N#Cc1ccc(-c2ccc(-c3nc(-c4ccc(C#N)cc4)nc(-c4ccc(-c5ccncc5)cc4)n3)cc2)cc1,11.6
COc1cc(-c2ccc(C#N)cc2)ccc1-n1nc(C#N)ccc1=O,18.59
N#Cc1cccc(-c2c(F)c(CN3CCC(C#N)C3)n3cc[nH]c(=N)c23)c1,40.64
N#Cc1ccc(-c2ccc(-c3nc(-c4ccc(F)cc4)nc(-c4ccc(-c5ccc(C#N)cn5)nc4)n3)cn2)nc1,11.92
N#Cc1ccc(N=c2[nH]c(=NCCO)[nH]c(=Nc3ccc(C#N)cc3)[nH]2)cc1,18.18
N#Cc1ccc(-c2cc(C#N)nc(-c3ccc(C#N)cn3)c2)cc1,12.02
COC12C(=COC(N)=O)c3c(O)c(NC#N)c(C)c(O)c3N1CC1NC12,20.26
CN(C)c1ccc(-c2nc(-c3ccc(-c4ccc(C#N)cc4)cc3)nc(-c3ccc(-c4ccc(C#N)cn4)cc3)n2)cc1,13.2
CSc1ccc(C=NN=c2[nH]c(-c3ccc(C#N)cc3)cs2)cc1,15.04
N#Cc1ccc(Cn2cnc(-c3cncc(C#N)c3)c2C(=O)c2cccc(C#N)c2)cc1,23.51
CC(C)c1nc(-c2ccc([S+](C)[O-])cc2)[nH]c(=Nc2ccc(C#N)cc2)n1,22.09
N#Cc1ccc(-c2ccc(-c3nc(CF)nc(-c4ccc(-c5ccc(C#N)cn5)nc4)n3)cn2)nc1,9.71
COc1ccc(C=CC(=O)c2sccc2Cl)cc1-c1cccc(=O)c(Cl)c1,37.23
N#Cc1ccc(-c2ccc(-c3nn(-c4ccc(C#N)cc4)nc3-c3ccccc3)cc2)cc1,14.24
Cc1cc(C)n(-c2nc(=N)c(C#N)c(-c3ccc(Cl)cc3)[nH]2)n1,17.03
CC(c1ccc(-c2ccc(C#N)cc2)cc1)n1cnc(C(=O)NCc2ccc(C#N)cc2)c1,27.59
N#Cc1c(N=Cc2ccc(C=Nc3ccc(C(=O)O)cc3)cc2)ccc2c(=O)c3ccccc3[nH]c(=O)c12,32.81
CCc1cc(-c2nc(-c3cncc(C#N)c3)nc(-c3csc(CN(C)C)c3)n2)ccc1C(=O)O,29.32
Cc1ccccc1CN(C)C(=O)c1cc2cccc(C#N)c2c(=O)n1-c1ccc(F)cc1,33.73
CCCCc1nc2ccc(OCC(=O)O)cc2c(=O)n1Cc1ccc(-c2ccccc2-c2nc(=O)s[nH]2)cc1,24.93
N#Cc1ccccc1-c1nc(CNCCc2ccccc2)co1,18.01
Cc1cccc(-c2cccc(Cc3cc(=NCC4CC4)[nH]c(C(F)(F)F)n3)c2)n1,36.61
Nc1ccc2c(c1)C(=O)c1ccc(Nc3nc(Nc4ccc5c(c4)C(=O)c4ccc(N)cc4C5=O)nc(Nc4ccc5c(c4)C4=C(CCCC4)C5=O)n3)cc1C2=O,12.48
CC(=Nn1c(Cc2ccccc2Nc2c(Cl)cccc2Cl)nc2cc3c(cc21)OCO3)c1ccc(Cl)cc1,36.84
Fc1ccc(N=Cc2ccncc2)cc1,15.76
N=C(N)c1ccc2ccccc2c1,14.75
N#Cc1ccc(-c2ccc(-c3cc(N)c4c(n3)nc3ccccn34)cc2)cc1,26.89
N#Cc1ccc(CNC(=O)Cc2ccc3c(c2)OCO3)cc1,21.31
N#Cc1ccc(C(c2ccc(-c3ccc(F)cc3)cc2)n2ccnc2)cc1,16.61
C=Cc1cc(-c2cc(-c3ccc(C#N)cc3)cc(C(C)(C)SCC3(CC(=O)O)CC3)c2)ccc1F,35.2
N#Cc1cncc(-c2nc(-c3cc(N4CC(F)C4)nc(C#N)n3)nc(C3CC3)n2)c1,17.08
N#CCc1ccc(-c2ccc(-c3cccc(-c4ccc(-c5ccc(C=C6C(=O)Nc7ccccc76)cc5)cc4)n3)cc2)cc1,23.39
Cc1nc2c(=O)n(CCNCC(O)COc3ccc(Cl)cc3Cl)ccc2n1C,34.37
N#Cc1ccc(Nc2ccc3c(=Nc4cccc(C#N)c4)nc[nH]c3c2)cc1,21.13
COc1cc(C(=O)c2ccn(-c3nc4ccccc4n(-c4ccccc4)c3=O)n2)cc(OC)c1OC,27.79
Fc1cc(-c2cc(-c3ccc(-c4nc(Cl)nc(Cl)n4)cc3)cc(-c3ccc(-c4ccc(C(F)(F)F)cn4)cc3)n2)ccc1-c1nc(Cl)nc(Cl)n1,13.25
N#Cc1ccc(N=c2c(C#N)c[nH]cc2C=Cc2ccc(CN3CCN(CCO)CC3)cn2)cc1,21.5
Cc1cc(-c2ccnc(N3CCOCC3C)n2)ccc1-c1cnc(-c2cccc(C#N)n2)c(C#N)n1,26.37
CC(C)n1ccnc1C=CC(=O)C=Cc1ccc2nccnc2c1,27.37
N#Cc1ccc(CN(c2ccccc2)S(=O)(=O)c2ccc(C#N)cc2)cc1,20.81
FC(F)(F)c1ccc(-c2nc(CN3CCN(c4ncccn4)CC3)co2)cc1,16.37
CN(C)c1nc(C#N)cc(Nc2ccc3c(c2)C(=O)c2ccc(N)cc2C3=O)n1,18.38
CC(=O)c1sc(=Nc2cc3c(c(C#N)c2C#N)CCC3)[nH]c1C,27.37
CCS(=O)(=O)Nc1cncc(-c2cncc(C#N)c2Br)c1,22.6
NC(N)=NCCCC(NC(=O)C(N)Cc1c[nH]c2ccccc12)C(=O)NC(CCCN=C(N)N)C(=O)NC(Cc1ccccc1)C(=O)NC(C=O)Cc1ccccc1,36.57
N#Cc1ccc(-c2cnnc(=NCc3ccc4cc(Cl)ccc4n3)[nH]2)cc1,28.94
N#Cc1ccc(-c2ccc(-c3ccc(CNCCCNCCCCCCCNCCCNCCCc4ccccc4)cc3)cc2)cc1,23.25
COc1cc(Nc2ccc3c(C(F)(F)F)nc(-c4ccc(C#N)cc4)nc3c2)cc(OC)c1,27.0
CCOc1ccc(NC(=O)c2nn(-c3ccc(OC)cc3)c(=O)n(C)c2=O)cc1,21.55
Cc1cc(-c2cncc(C#N)c2)nc(-c2ccc(C#N)cc2)n1,12.83
Nc1ccc2c(c1)C(=O)c1ccc(NC(=O)c3cccc(N4CCCCC4)n3)cc1C2=O,21.39
Cc1cc(-c2nccc(C3CCCCC3)n2)nc(-c2cncc(C#N)c2)n1,20.34
N#Cc1ccc(-c2ccc(-c3nc(-c4ccc(NC(=N)N)cc4)nc(-c4ccc(C(=N)N)cc4)n3)cc2)cc1,16.94
N#Cc1ccc(-c2nc(-c3ccc(Cl)cc3Cl)n(-c3ccccc3Cl)n2)cc1,14.94
N#Cc1ccc(-c2nc(-c3ccccc3)cc(-c3cncc(C#N)c3)n2)cc1,14.1
N#Cc1ccc(-c2ccc(-c3nnc(-c4cccnc4)c(-c4ccc(-c5ccc(C#N)cn5)nc4)n3)cc2)cc1,18.62
N#Cc1ccc(-c2ccn(-c3ccc4c(c3)CCCN4C(N)=O)n2)c(F)c1,25.63
O=C(Cc1c[nH]c2c(Cl)cccc12)NCCCNCc1ccc(Cl)c(Cl)c1,33.64
CC1COCCN1c1nc(-c2ccc(C#N)cc2C=CC#N)c2c(n1)N(c1ccc(S(C)(=O)=O)cc1)CC2,37.1
COC(=O)c1ccc(-c2nc(-c3ccc(C#N)cc3)c[nH]2)c2cc(OC)ccc12,30.36
CC(=NN)c1nc(-c2ccc(N=c3cc(C)cc[nH]3)cc2)n(-c2cccc(-c3nc(C)no3)c2)n1,40.95
Cc1nc(-c2cc(CN3CCN(S(C)(=O)=O)CC3)c[nH]c2=Nc2ccccn2)[nH]c(=N)n1,20.49
COc1ccc(Cl)cc1NC(=O)Cn1c(O)c(C)n(-c2ccc(C)cc2)c1=O,22.71
CC(C)Oc1ccc(-c2noc(-c3cc(CN4CCN(c5ccc(C#N)cn5)CC4)nc(-n4ccnc4)n3)n2)cc1C#N,25.41
N#Cc1cccc(-c2cc(C#N)ccn2)c1,14.88
N#Cc1cccc(Cc2nc(C#N)c(C#N)c3nc(-c4ccc(-c5ccc(-c6nc(Cl)nc(Cl)n6)cc5)cc4)nn23)c1,27.66
Cc1ccc(-c2nc(C#N)c(Nc3ccc(C#N)cc3)o2)o1,14.65
Cc1c(NC(=S)NC(=O)c2cc3c(c(-c4cccc(C#N)c4)n2)Cc2ccccc2-3)c(=O)n(-c2ccccc2)n1C,32.7
CN1CN(C2CC2)C(=O)c2nc(-c3cccc(OCc4ccc(C#N)cc4)c3)n(Cc3ccccc3)c2C1=O,34.86
N#CC=Cc1cnc(-c2ccc(C#N)cn2)cn1,13.97
COC(=O)C=Cc1ccc(C2N(Cc3ccc(C#N)cc3)CCN2Cc2cccc(C)c2)cc1,37.63
O=C(Nc1cccnc1)c1ccc(-c2ccc(-c3cc(-c4ccc(-c5nc(Cl)nc(Cl)n5)cc4)cc(-c4ccc(-c5nc(Cl)nc(Cl)n5)cc4)n3)cc2)nc1,12.69
N#Cc1ccc(NC(=N)c2ccc(C(=O)C=CC(=O)N3CCN(c4nc(=N)[nH]c5ccc(-c6ccc(-c7nc(Cl)nc(Cl)n7)cc6)nc45)CC3)cc2)cc1,46.2
CCOC=NCCN1CCN(CCc2ccccc2)C1=C(C#N)C#N,29.43
COc1cc(C=CC(=O)N2Cc3ccccc3C3=Nc4ccccc4C32)ccc1O,37.05
COc1nc(C#N)nc(N=Cc2ccc(O)c(OC)c2)n1,21.21
N#Cc1ccc(-c2ccc(-c3nc(-c4ccc(C=Cc5ccnc(F)c5)cc4)nc(-c4ccc(-c5ccc(C#N)cc5)cc4)n3)cc2)cc1,17.42
COc1cc(-c2cccc3c(C(C#N)C(=O)C(=O)NCCc4c[nH]c5ccccc45)c[nH]c23)ccc1O,35.69
COc1cc2c(cc1C#N)CC(NC(=O)c1cnccn1)(C(N)=NO)CC2,34.31
N=C(N)c1cccc(-c2ccc(C=Nc3nc4cc(C(=N)N)ccc4[nH]3)o2)c1,24.84
CC1CN=C(c2ccc(-c3cncc(C#N)c3)nc2)NC1,23.39
NC(=O)CSc1nnc(CNC(=O)c2ccc(-c3ccc(C(F)(F)F)cc3)o2)n1Cc1ccccc1,32.62
c1ccc(Cn2cc(-c3ccc4ccccc4c3)nn2)cc1,22.51
N#CC(C#N)=c1ccc(=Cc2cccc([N+](=O)[O-])c2)cc1,15.39
N#Cc1ccc(-c2ccc(-c3nc(OCC=CC#CC#CC=CC#Cc4cccc(C#N)c4)nc(-c4ccc(-c5ccc(C#N)cc5)cc4)n3)cc2)cc1,26.11
N#Cc1ccc(-c2ccc(C#N)c(F)c2)cc1,13.62
N#Cc1ccc(C#Cc2cc(C#N)cnc2-c2cncc(C#N)c2)cc1,13.82
Cc1ccccc1-n1c(O)c(C#N)c(N=NC(S)=NO)c1O,24.87
N#Cc1ccc(-c2ccc(Cn3cccc(C=NN=c4[nH]c(-c5ccc(C#N)cc5)cs4)c3=O)cc2)cc1,18.74
Cn1cc(CCN=c2[nH]c(C#N)c(C#N)c3ccc(-c4cncc(C#N)c4)nc23)c2ccccc21,32.8
N#Cc1cccc(C(=O)C=Cc2ccc3ccccc3n2)c1,23.01
N#Cc1ccc(-c2ccc(-c3nc(-c4ccc(C#N)cc4)nc(-c4ccc(CCl)cc4)n3)cc2)cc1,15.99
COc1ccc(C(=O)NCc2c(C(=O)NS(=O)(=O)C3CCOCC3)n(-c3ccccc3)c3cc(Cl)ccc3c2=O)c(F)c1,36.15
Cn1cc(-c2cncc(C#N)c2)c(-c2ccnc(-c3ccc(C#N)cc3)n2)n1,18.69
Cc1ccc(C(=O)Nc2c(C#N)c3n(c2C(=O)Nc2sc4c(c2C#N)CCCC4)CCC3)cc1C,30.19
CCOc1ccc(C2CC(=O)Nc3ccccc3S2)cc1,21.13
Cc1cc(C(=O)N2CCC3CN(c4nccc(C#N)n4)C3C2)c(C)o1,30.04
c1ccc2c(CN3CCOCC3)cncc2c1,21.67
N#Cc1ccc(S(=O)(=O)N2CCC(CNc3c(C#N)nc(C#N)[nH]c3=N)CC2)cc1,28.41
Cc1cc(-c2ccccc2)nc(-n2[nH]c(C3CC3)cc2=NC(=O)CC(C)C)n1,26.29
CCCCn1[nH]c(-c2ccc(OC)cc2)cc1=NC(=O)c1cc2cccc(OCCCNCCO)c2n1C,40.75
N#Cc1cc(C#N)n(-c2cc(C3CCN(C4COC4)CC3)nc(-c3cccc(C#N)n3)n2)c1,22.78
CC(C)(O)c1cc(-c2ccc(-c3ccc(C#CC(F)(F)F)nc3)cc2)nc(-c2ccc(-c3cccc(C#N)n3)c(C(F)(F)F)c2)n1,34.95
CC(C)c1ccc(C=Nc2nc(-c3ccc(S(C)(=O)=O)cc3)cs2)cc1,22.15
Cc1nc2c(c(-c3ccc(C#N)cc3)c1N)N(Cc1ccccc1)CCC2,27.19
Cc1ccc(N(CC(=O)Nc2ccccc2)S(=O)(=O)c2ccc(C)cc2)cc1,22.65
CCOC(=O)c1nc2nc(C)cc(=Nc3ccccc3)n2[nH]1,21.08
CC1OC(=O)N2C1CC1CC(C=Cc3nc(C#N)nc(-c4ccc(-c5cnc(C#N)c(F)c5)cc4)n3)C12,31.95
O=C1CNC(Cc2ccc3c(c2)NCC2(CC2)C3)CN1Cc1ccc2ccccc2c1,42.33
Cn1c(=O)cc(-[n+]2ccc(-c3ccncc3)cc2)c2cc(C#N)cnc21,25.15
c1ccc(-[n+]2ccc(-c3ccncc3)cc2)nc1,9.11
N#Cc1ccc(-c2nc(-c3cncc(C#N)c3)nc(-c3cc(Cl)c(C#N)cc3F)n2)cc1,19.24
CC(O)(C=Cc1ccc2cccc(C#Cc3cnc(N4CCN(C5CC5)CC4)nc3)c2c1)c1ccc(C#N)cc1,42.03
Cc1nc(-c2ccn3c(-c4cccc(NC(=O)NCC(F)(F)F)c4)cnc3c2)nc(C(F)(F)F)n1,18.66
N#Cc1cc(-c2ccc(NC(=O)c3nc4nc(C5CC5)cc(C(F)F)n4n3)cc2)ccn1,23.73
N#Cc1ccc(-c2ccc(-c3nc(-c4ccc(-c5cccnc5)cc4)nc(-c4ccc(-c5ccc(C#N)cn5)cc4)n3)cc2)cc1,10.86
CCOC(=O)c1ccc(N=Cc2ccccc2)c(O)c1,17.83
N#Cc1ccc(-c2ccc(-c3nc(-c4ccncc4)nc(-c4ccc(C#N)cc4)n3)cc2)cc1,12.87
O=C(NCc1ccc(-c2ccccn2)cc1)C1CCC(=O)N(CCCc2ccccc2)C1,20.29
CC1CC(=Nc2ccc3c(c2)C(=O)CC3)NC(=Nc2cccc(Cc3ccccc3)n2)CN1C,28.41
CC1NC(=O)c2ccc(Nc3nc(Nc4ccc5c(c4)C(=O)c4ccc(N)cc4C5=O)nc(Nc4ccc5c(c4)C(=O)c4ccc(N)cc4C5=O)n3)cc2N(C)C1=O,13.58
O=C(c1cc2cccnc2n1Cc1ccc(F)c(F)c1)N1CCN(C2CCC2)CC1,29.95
N#Cc1ccc(-c2nc(COc3ccc(OCC4CS4)cc3)nc(-c3ccc(C#N)cc3)n2)cc1,15.18
Cc1[nH]c(=NC(=O)c2cccc(C#N)c2)ccc1-c1nc(C(N)=O)nc(-c2cccnc2)n1,32.65
N#Cc1ccc(-c2ccc(-c3nc(C#N)cn3-c3ccc(-c4ccc(C#N)nc4)cn3)cc2)nc1,19.19
CC(C)n1c2ccc(O)cc2c2c3c(c4ccc(Cl)cc4c21)C(=O)NC3=O,31.95
N#Cc1ccc(-c2ccc(-c3nc(C#N)cn3-c3ccc(F)cc3)cn2)nc1,15.16
CSc1ccc(-c2ccc(COC3COc4nc([N+](=O)[O-])cn4C3)nc2)cc1,23.26
COCc1nc(-c2cc(F)cc(C#N)c2)nc(-c2ccc(C#N)cn2)n1,18.98
COc1cc(N(C)C)ccc1N=c1nc(-c2ccc(-c3ccc(C#N)cc3)cc2)nc(-c2cccc3ccccc23)s1,28.49
N#Cc1c(F)c(F)c(-c2nc(-c3ccc(-c4nc(Cl)nc(Cl)n4)cc3)cc(-c3ccc(-c4nc(Cl)nc(Cl)n4)cc3)n2)c(F)c1F,12.72
N#Cc1cccc(-c2cc(C#N)nc(CC(C#N)COc3cc(-c4ccnnc4)nc(C#N)n3)c2)c1,39.13
N#Cc1ccc(C=CC(=O)c2cccc(C=Cc3ccccc3-n3cncn3)n2)cc1,26.28
N#Cc1ccc(-c2ccc(-c3nc(-c4ccc(-c5ccc(C#N)cc5)cc4)nc(-c4ccc(-c5cccc(C#N)c5)cc4)n3)cc2)cc1,10.39
N#Cc1ccc(-c2nc(-c3ccc(C#N)cc3)nc(-c3cccc(-c4ccccn4)c3)n2)cc1,17.55
Cc1c(ON=Cc2cccc(Cl)c2)ccc(C#N)c1Cl,23.89
Cc1nc2ccc(S(=O)(=O)Nc3ccc(F)cc3F)cc2c(=O)n1-c1ccc(F)cc1,26.57
Nc1cccc(Nc2ccc3c(c2)C(=O)c2ccc(N)cc2C3=O)c1,7.83
COCC=Cc1ccc2nc(-c3cccnc3)c(NCc3ccccc3)n2c1,26.37
O=C(NN=Cc1ccc(OCc2ccccc2)cc1)c1cc[nH]n1,21.61
N#Cc1ccc(-c2nc(-c3ccc(C#N)cc3)nc(-c3cccc(C4CC(c5ccccc5)=NO4)c3)n2)cc1,17.66
CC(N=c1nc(N2C(=O)OCC2C(C)O)cc[nH]1)c1cn(-c2cccc(C(F)(F)F)n2)cn1,25.99
CC(=O)c1ccc(NCc2csc(-c3ccccc3)n2)cc1,22.25
CN(C)C(=O)c1cccc(Nc2c(Nc3ccc(-c4cccc(CC5CC5)n4)cc3Oc3ccc(F)cc3F)c(=O)c2=O)c1O,30.27
C=c1c(=Cc2cc(O)c3ccccc3c2N)cc(C)n1-c1ccccc1,23.52
CCC(NC(=O)N1Cc2c(-c3ccc(-c4cnn(CCO)c4)cc3)cnn2C(=O)C1C)c1ccc(C#N)cc1,37.9
Fc1ccc2c(c1)CCC2=Cc1ccncc1,19.35
Cn1nc(-c2cc(C(F)(F)F)cc(C(F)(F)F)c2)nc1-c1ccc(-c2ccc(C#N)cc2)cc1,16.26
CCCCOC(=O)N1CCN(C(=O)c2cc(N)c(O)cc2N=Cc2ccc(-c3cc(-c4ccc(C#N)cc4)cc(-c4ccc(C=Nc5ccc(O)cc5)cc4)n3)cc2)CC1,22.48
CN(C)CCCN1C(=O)c2cccc3cccc(c23)C1=O,15.42
N#Cc1ccc(Nc2cc(Oc3ccc(Cl)cc3C#N)ccc2C#N)cc1,18.33
CCc1cc(C)nc(N=c2[nH]c(C)ccc2C#N)c1,23.71
N#Cc1ccc(-c2ccc(-c3nc(C(=O)NC4CCCC4)cc(-c4ccc(-c5ccc(C#N)cn5)cc4)n3)cc2)cc1,9.05
Nc1ccc2c(c1)COc1cc(Nc3ccc(Cl)cc3)ccc1C2=O,17.01
Nc1ccc2c(c1)C(=O)c1ccc(Nc3cc(NCCO)nc(Nc4ccc5c(c4)C(=O)c4ccc(N)cc4C5=O)n3)cc1C2=O,9.83
N#Cc1c(-c2ccc(-c3nc(Cl)nc(Cl)n3)cc2)csc1N,13.26
CCC(C)C(NCC(=O)O)C(=O)N1CCCC1C(=O)NCc1ccc(C(=N)N)cc1,28.79
N#Cc1ccc(-c2ccc(-c3n[nH]c(-c4cncc(C#N)c4)n3)cc2)nc1,17.11
CC(C)CN1CCN(c2nc(=Nc3ccc(C(F)(F)F)cn3)c3c([nH]2)CCN(c2nccc(N4CCN(C(=O)c5ccccc5)CC4)n2)CC3)CC1,38.01
N#Cc1cc(-c2ccc(F)cc2)n[nH]c1=O,14.82
N#Cc1ccc(-c2ccc(-c3nc(-c4ccc(-c5ccc(C#N)cc5)cc4)nc(-c4ccc(-c5ccc(C#N)o5)c(C#N)c4)n3)cc2)cc1,15.39
N#Cc1ccc(-c2ccc(-c3nc(-c4ccncc4)n[nH]3)cc2)cc1,14.55
Cc1ccn2c(=O)n(Cc3ccc(Cl)cc3Cl)nc2c1,26.22
CNC(=Nc1ccc2c(c1)CCc1ccc(N=C(N)c3cnccn3)cc1C2=O)c1ccccc1,25.52
CCc1ccc(OCc2cc(-c3ccc(F)cc3)nc(-c3ccc(C#N)cc3)n2)cc1,19.62
N#Cc1ccc2c(c1)NC(=O)NC21CCCCC1,16.72
OC1(C(F)(F)F)c2ccccc2-c2ccc(-c3cccnc3)cc21,13.83
N#Cc1cc(-c2cc(CN=c3ncc(C#Cc4ccc(C(=O)NCC(N)=O)nc4)c[nH]3)on2)ccc1F,37.08
N#Cc1ccc(-c2nc(-c3ccc(C#N)cc3)nc(C(C#N)c3ccccc3Cl)n2)cc1,14.58
COc1ccc(NC(=O)CN(C)Cc2nc(-c3ccc(C#N)cc3)no2)cc1,20.8
O=C(O)c1cc(-c2nc(-c3ccc(Cl)c(Cl)c3)cs2)ccc1-c1ccc(=NC(=O)c2c(F)cccc2F)[nH]c1,28.13
N#Cc1cccc(-c2cc(C#N)nc(-c3ccc(C(=O)NCc4ccc(F)cc4)cc3)c2)n1,28.53
C=CCN(CC=C)c1ccc(N=c2cc(CC)[nH]c3cc(Cl)cc(N)c23)c2ccccc12,41.1
N#Cc1c(F)c(F)c(-c2cc(C(=O)NC3CC3c3ccccc3)cc3nc(C(F)(F)F)cc(N4CCC(C(=O)O)CC4)c23)c(F)c1F,36.68
Cc1ccc(C=CC(=O)c2c(CC(C)C)nc(O)c(C(=O)C=CC=Cc3ccccc3)c2O)cc1,24.73
O=C(O)c1ccc(-c2ccc(C=Cc3ccc(-c4ccc(-c5nc(Cl)nc(Cl)n5)cc4)cn3)o2)cc1,18.8
Cc1nc(-c2ccc(S(=O)(=O)NC3c4c(c5cccc(-c6cn(C)c(=S)[nH]6)c5ccc4=O)NC(=O)N3C)cc2)cs1,53.77
N#Cc1ccc(-c2nc(-c3ccc(C4(O)COC4)nc3)nc(-c3cncc(C#N)c3)n2)cc1,13.71
C=C1C(O)CC(=CC=C2CCCC3(C)C2CCC3C(C)CCCC(C)(C)O)CC1O,19.96
O=C1C(NCc2ccncc2)Cc2ccccc2CN1c1nc2ccccc2s1,32.53
CNC(=N)c1c(Nc2cnc3cc(Cl)ccc3c2)cc(-c2ccc(-c3ccc(C#N)cc3)cc2)nc1-c1ccc(C#N)cc1,36.69
CC(NC(=O)c1nncnc1C#N)c1nc(C(C)(C)C)no1,29.3
O=C1Nc2ccc(S(=O)(=O)N3CCc4ccccc43)cc2C1=O,19.81
N#Cc1ccc(-c2ccc(-c3nc(C#N)cn3-c3ccc(C(N)=O)c(C#N)c3)cc2)nc1,18.2
CCOC(=O)c1nnc2c(=NCCc3ccccc3)[nH]c3cc(Cl)ccc3n12,24.95
Nc1ccc2c(c1)C(=O)c1ccc(Nc3cnccn3)cc1C2=O,15.64
COCc1cc(C)nc(S(=O)(=O)Cc2ccccc2)n1,19.65
CCn1c(=O)[nH]c(=O)c2c(F)c(-n3cc(Cl)nc(Cl)c3=O)ccc21,31.53
CC1(C)CN(c2ccc(-c3cc[nH]c(=Nc4ccc(C=O)nc4)n3)cn2)CCN1,28.05
COC(=O)c1cc(N)c(O)cc1N=Cc1ccc(-c2nc(-c3ccc(C=Nc4ccccc4O)cc3)cc(-c3ccc(C=Nc4cc(O)c(N)cc4C(=O)NCC(=O)O)nc3)n2)cc1,38.63
CCC(=O)Nc1ccc2c(c1)C(=O)c1cc(NC3CCS(=O)(=O)C3)ccc1C2=O,26.56
C#CCN(Cc1ccc2nc(-c3cccc(OC)n3)nc(OCC)c2c1)c1ccc(C#N)cc1,26.23
Cc1ccc(Sc2cc(C#N)ccc2C#N)c(C#N)c1,18.91
CC(Oc1ccc(Oc2ccc(C(F)(F)F)cc2)cc1)C(O)=NO,22.25
O=C1C(c2ccccc2)=C(c2ccccc2)CC2CCCN12,17.38
Cc1cn2ccc(-c3ccc(-c4ccc(C#N)cc4)cc3)c(C#N)c2n1,15.2
N#Cc1ccnc2c(C#N)c(SCCN3CCOCC3)nnc12,25.3
c1ccc(CNc2sccc2-c2ncccn2)cc1,26.3
CCN(CC)CCCN=C(N)NS(=O)(=O)c1ccc2ccccc2c1,29.12
CCCOc1cncc(-c2cc(-c3ccc(C#N)cc3)nc(-c3cc(C)c(OCC(O)CNC(=O)CO)c(CC)c3)n2)c1,25.47
CCC(C)Oc1cc2c(cc1OC)CC(=O)N(c1ccc(C(C#N)C#N)cc1)C2c1ccc(C)cn1,32.83
Cc1ccc(-c2nc(C=CC#N)cs2)c(=Nc2ccc3ccccc3c2)[nH]1,28.4
CCc1ccc(C2Cc3ccccc3-c3nn(C(C)C)c(=O)n32)cc1,31.11
CC1(C)C=Cc2cc(-c3ccc(C#N)cc3)c(C#N)c(C#N)c2O1,22.11
Cc1nn(-c2ccc(C(N)=O)cc2C(F)(F)F)c2ncc(-c3cncc(C#N)c3)cc12,22.21
COCc1nc(-c2cccc(C#N)n2)c(-c2ccc(C#N)cc2)n1-c1ccc(-c2ccc(C)cn2)cc1,18.73
N#Cc1cncnc1,10.31
Cn1c(=O)[nH]c2nc(CCN3CCC(c4cc(C(F)(F)F)cc(C(F)(F)F)c4)CC3)ccc2c1=O,28.41
C#CCn1c(C2CCCCC2)nc(-c2cc[nH]c(=NCc3ccc(C#N)cc3)c2)c1-c1ccc(C(F)(F)F)cc1,28.39
COc1ccccc1C=C(C#N)C#N,15.22
N#Cc1c(F)c(F)c(C#N)c(F)c1F,8.94
COc1cc(C)c(N=c2nc3c(-c4cc(C#N)cc(C(C)=O)c4)nccn3[nH]2)cc1C,29.07
CSSC(=CC(=O)c1ccc(O)cc1)CCC(=O)c1cc(O)c(O)cc1O,41.13
CN1Cc2cccc3c(Cl)cc([N+](=O)[O-])c(c23)C1=O,31.95
CC(=O)c1ccc(-c2ccc(-c3nc(-c4cncc(C#N)c4)nc(-c4cncc(C#N)c4)n3)cc2)cc1,12.85
N#Cc1ccc(-c2ccc3c(N4CCOCC4)nc(-c4ccc(C(N)=O)c(N)c4)nc3c2)cc1,19.55
N#Cc1c(-c2ccccc2)nc2ccccc2c1C(Cc1ccccc1Cl)=NC(=O)c1ccncc1,34.32
CCC(=O)c1cc(-c2ccc(-c3ccc(C#N)cn3)cc2)nc(-c2ccc(-c3ccc(C#N)cc3)cc2)n1,13.25
CC(=O)c1ccc(NC(=O)c2cc(S(=O)(=O)Nc3ccccc3Cl)ccc2Cl)cc1,29.47
COc1cc2c(cc1OC)CN(CCCCn1cnc3c(Cl)ncnc31)CC2,20.99
O=CN1CCN(C=Nc2cccc3ccccc23)CC1,16.72
N#Cc1ccc(NC(=O)c2ccc(-n3cc(-c4ccccc4C#N)cn3)cc2)cc1,19.38
N#Cc1ccc(-c2nc(-c3ccc(NC(=O)Nc4ccccc4)cc3)nc(-c3ccc(-c4ccc(C#N)cn4)cc3)n2)cc1,17.7
CC(NCc1cn(-c2ccc(F)cc2)nc1-c1ccc(C#N)cc1)c1ccncc1,22.76
OC(c1ccccc1)c1nc(-c2ccc(F)cc2)nc(-c2ccc(C(F)(F)F)cc2)n1,25.3
CC(C)n1cnc(-c2ccc(F)cc2)c1-c1cccc(C#N)n1,19.33
Nc1ccc2c(c1)C(=O)c1ccc(Nc3cc(NC4CCNCC4)nc(Nc4ccc5c(c4)C(=O)c4ccc(N)cc4C5=O)n3)cc1C2=O,11.11
O=C(Nc1ccc(C(=O)OCc2cc(C(F)(F)F)cc(C(F)(F)F)c2)cc1)c1ccccc1,20.23
Cc1nc(-c2ccc(C=Nc3cc(O)c(N)cc3O)cc2)nc(-c2ccc(C=Nc3cc(O)c(N)cc3C(=O)N3Cc4ccccc4CC3CCN)cc2)n1,16.48
CCn1c(-c2ccc(Cl)cc2)cc(-c2ccc(Cl)cc2)nc1=Nc1ccc(-c2cc(-c3ccc(Cl)cc3)nc(-c3ccc(C#N)cc3)n2)cc1,25.11
Cc1ccc(C(=O)c2ccc3ccc(O)c(C(=O)c4cccc5ccccc45)c3c2)cc1,31.92
COC(=O)CC(=O)Nc1ccccc1Oc1ccccc1,26.38
CCc1c(Cc2cc(C)cc(C)c2)n(CC#N)c(=O)[nH]c1=O,22.04
Nc1ccc(N=Cc2cccc(C(=O)C=Cc3ccc(-c4ccc(C=Nc5cc(O)c(N)cc5O)cc4)cc3)c2)cc1,20.3
CCOC1c2nccc3c2-c2cccc(c2C1O)C(=O)C3=O,36.45
CCCC=Cc1ccc(CN2CCCN(Cc3ccc(-c4ccc(C#N)cc4-c4ccc(C#N)cc4)cc3)S2(=O)=O)cc1,28.56
N#Cc1cncc(-c2nc(-c3cccnc3)nc(-c3cncc(C#N)c3)n2)c1,9.9
Cc1ccccc1CN=c1nc(C#N)[nH]c(=Nc2ccc(F)c(F)c2)[nH]1,23.61
N#Cc1ccc(-c2cc(-c3cccc(C#N)c3)nn2-c2nc(Cl)nc(Cl)n2)cc1,19.09
COc1ccc(C=C2N=c3ccc(=C(C#N)C#N)cc32)cc1,17.09
N#Cc1ccc(N=c2cc(Oc3cc(C#N)cc(C#N)c3)nc[nH]2)cc1,16.17
O=c1cc2ccccc2c(C#Cc2ccccc2)n1CCc1ccccn1,27.27
Cc1noc(-c2cccc(-n3nnc(-c4ccc(-c5ccc(C#N)cc5)cc4)n3)c2)n1,19.22
Nc1ccc(N=c2[nH]c(-c3cccnc3)cs2)cc1,20.91
O=CNCCc1ccccc1,15.38
NC(=S)n1cnc(-c2ccc(Cl)cc2)n1,17.52
N#Cc1ccc(-c2nc3c(cc2-c2ccccc2)CCN3c2cccc(Cl)c2F)cc1,24.11
N#Cc1ccc(-c2ccc(-c3cc(-c4ccc(-c5ccc(C#N)cc5)cc4)nc(-c4ccc(C#N)cc4)n3)cc2)cc1,11.49
O=C1COC2(CCN(Cc3c(F)cccc3F)CC2)CN1Cc1ccncc1,27.37
N#Cc1cc(C(=O)c2ccccc2F)n2cccc(OCc3ccccc3)c12,24.55
O=C(C=CC=Cc1ccccc1)c1c(O)c2ccccc2oc1=O,19.65
O=C(NN=Cc1ccc(SCc2ccc(Cl)nc2)cc1Cl)Nc1ccc(F)cc1,32.3
Cc1cc(NCc2cccc(F)c2)[nH]c(=Nc2cccnc2C(=O)Nc2ccc(CN3CCNCC3)cc2)n1,31.67
CC=CCn1c(O)c(N=NC(=O)C2CCCCC2C(=O)O)c2ccccc21,29.69
CC1(C)SC(=S)N(N=Cc2ccc([N+](=O)[O-])cc2[N+](=O)[O-])C1Nc1ccc(S(=O)(=O)Nc2cc(F)cc(C#N)c2)cc1,48.68
c1ccc(-c2cc(-[n+]3ccc(-c4ccncc4)cc3)nc(-[n+]3ccc(-c4ccncc4)cc3)n2)cc1,9.49
CCN(Cc1ccccc1)c1ccc(-c2nc(-c3ccccc3)c(C#N)c(-c3ccc(-c4ccc(-c5csc(Cl)n5)cc4)cc3)n2)cc1,26.05
N#Cc1cncc(-c2nc(-c3ccc(-c4nnc(C(F)(F)F)o4)cc3)cn3c(-c4ncnc(C#N)n4)cnc23)c1,33.35
O=[N+]([O-])c1ncnc(Nc2ccc(Cl)cc2)n1,23.86
N#Cc1ccc(-c2nc3cc(NC(=O)c4ccc(-c5cccc(C#N)c5)nc4)ccc3o2)cc1,18.22
N#Cc1c(N)oc(-c2ccccc2)c1-c1ccc(F)cc1,17.47
C=CCN1CCCC1CNC(=O)c1ccc(-c2cc(-c3nc4ccccc4[nH]3)nc(-c3ccc(-c4ccc(C#N)cc4)nc3)n2)cc1,29.75
CC1(c2ccccc2)C(=O)Nc2ccccc21,18.37
Cc1nc(-c2cccc(C#N)c2)cc(=NC(C)c2csc(-c3ccc(F)c(C)c3)n2)[nH]1,23.83
Nc1ccc(Nc2nc(Nc3ccc4c(c3)C(=O)c3ccc(N)cc3C4=O)nc(Nc3ccc4c(c3)C(=O)c3ccc(N)cc3C4=O)n2)cc1,11.93
CCOC(=O)c1ccc(CNC(=O)c2nn(-c3ccc(C#N)cc3)c(=O)c(Cc3ccc(-c4ccccc4)cc3)c2C)o1,28.66
N#Cc1ccc(-c2ccc(CNC(=O)C3CNCCN3CCc3ccncc3)cc2)cc1,27.38
N#Cc1ccc(-c2ccc3nc(C(=O)N4C5CCCC4CC(N)C5)cn3c2)cc1,34.08
Nc1ccc2c(c1)C(=O)c1ccc(Nc3nc(Nc4ccc5c(c4)C(=O)c4ccc(N)cc4C5=O)nc(Nc4ccc5c(c4)C4CNC(=O)N(CCC6CC6)C4C5=O)n3)cc1C2=O,22.46
CCOC(=O)Cn1nc(-c2ccc(OCCc3ccc(F)cc3)cc2)ccc1=O,26.71
N#Cc1cnc(-c2ccc(-c3cccc(C#N)n3)nc2)c(C#N)c1,12.51
N#CC(C#N)=c1ccc(=C2c3cc(Cl)ccc3-c3ccc(C#N)cc32)cc1,21.34
N#Cc1ccc(-c2cc(C#N)cc(C#Cc3ccc(C(O)=NO)nc3)c2)cc1,20.32
N#Cc1cncc(-c2ncnc(-c3ccccc3C(N)=O)n2)c1,17.93
N#Cc1ccc(-c2nc(-c3ccc(C4(O)CCC(CO)CC4)nc3)nc(-c3cncc(C#N)c3)n2)cc1,14.84
N#Cc1ccccc1N1CCC(Cc2ccccc2)CC1,21.57
OCc1ccc2cc(O)ccc2c1,23.15
COc1cc(C=O)cc(C=Cc2ccc(OCC(=O)c3cc(C)n(-c4ccc(OC(F)F)cc4)c3C)cc2)c1OC,36.26
O=C(CCCN1C(=O)c2ccccc2C1=O)NN=Cc1cc(Br)c(O)c(Br)c1,21.95
N#Cc1ncc(-c2ccnc(C3CCN(CC4CCCN4)CC3)n2)c(-c2ccc(F)cc2)n1,27.69
Cc1nc(=NC(=O)c2cccnc2)cc(-c2ccc3ncsc3c2)[nH]1,25.21
O=C(C=Cc1cccc(F)c1)c1ccccc1,16.88
N#Cc1cc(C#N)cc(Oc2c(C(F)(F)F)ccn(CCCNCC(c3ccc(F)cc3)c3ccc(F)cc3F)c2=O)c1,30.96
Cn1c(=N)n(CCOc2ccc(Cl)cc2)c2ccccc21,18.62
N#Cc1c(Sc2ccc(Br)cc2)[nH]c(=N)c(C#N)c1-c1ccco1,18.9
N#Cc1ccc(C(=O)c2ccc(-c3cc(-c4ccc(C#N)cc4)nc(-c4ccc(C(N)=O)cn4)n3)nc2)cc1,26.94
Cc1cc(=Nc2ccccc2N2CCC(C)(C)C(N)C2)[nH]c(-c2ccccn2)n1,33.9
CC(O)(c1ccc(Cl)cn1)c1nc(-c2ccc(-c3ccc(C#N)cc3)cc2)nc(-c2ccc(-c3ccc(C#N)cn3)nc2)n1,10.79
COc1ccc(Cc2n[nH]c(=S)n2N=Cc2cccc(C)c2)cc1,24.56
CCOC(=O)c1ccc(NCc2cccc(C#N)c2)cn1,23.09
N#Cc1ccc(C(O)c2nc3ccccc3n2-c2ccccc2)cc1C#N,25.73
O=C(O)CN1C(=O)C(=Cc2cn(-c3ccc(Cl)c(Cl)c3)nc2-c2ccc(Cl)c(Cl)c2)SC1=S,26.18
CC(C)N(C(=O)Cc1cc(F)ccc1F)C(C)CN1CCC(Cc2ccccc2)CC1,31.98
N#Cc1ccc(-c2ccc(NC(=O)OCCc3c[nH]c4ccccc34)c(Cl)c2)cc1,28.82
N#Cc1cncc(-c2noc(-c3cccc(C#N)c3)n2)c1,13.32
N#Cc1ccc(-c2nc(OCC3CCCO3)cc(-c3cc(C#N)cnn3)n2)cc1,19.48
COC(=O)c1cnc(N2CCN(C(=O)Nc3ccc(F)c(Cl)c3)CC2)c(Cl)c1,26.51
N#Cc1ccc(-c2ccc(-c3nc(-c4ccc(OCc5cccc(-c6ccc(C#N)cc6)n5)cc4)nc(-c4ccc(-c5ccc(C#N)cn5)nc4)n3)cc2)cc1,17.38
COC(=O)c1cccc(-c2ccc(C=Cc3n(C)c4ccccc4[n+]3C)cc2)c1,24.16
N#Cc1ccc(-c2cnc3ncc(-c4ccc(-c5cccc(C#N)n5)cc4)n3c2)cc1,19.7
CCOC(=O)CC(O)C=Cc1c(-c2ccc(C#N)cc2C(F)(F)F)oc2cccc(CC(=O)O)c12,44.34
CC(=NNc1ccc(C#N)cc1)c1nc(-c2ccc(-c3ccc(C#N)cc3)cc2)c(-c2cccc(NC(=O)Oc3ccccc3)c2)o1,32.22
N#Cc1ccc(-c2nc(-c3cncc(C#N)c3)nc(-c3cc4cc(F)ccc4o3)n2)cc1,17.5
COC(=O)c1nc(-c2ccc(C#N)cc2)nc(-c2ccc(C#N)cc2)c1C1=NN(C(C)=O)C(c2ccc(C#N)cc2)C1,24.5
N#Cc1ccc(-c2cc(=NC(=O)c3ncccc3C(F)(F)F)nc(-c3ccc(F)cc3)[nH]2)cc1,22.29
O=C(c1ccc(F)cc1F)N1CCN(c2ccc(-c3nc(Cl)nc(Cl)n3)nn2)CC1,22.12
Cn1ncnc1-c1ccc(-c2ccc(C3=NC(c4cc(C#N)cc(C5CCCC5)n4)=c4c5nn(c4nc(=N)[nH]5)CCOCC3)cc2)cc1,34.61
N#Cc1cncc(-c2nc(-c3ccc(C#N)nc3)nc(-c3ccccn3)n2)c1,9.88
CN1C2CCC1CC(=C(C#N)c1cc(C(=O)Nc3cccc(C=CC(O)=NO)c3)nc(-c3ccc(C#N)cc3)n1)C2,32.54
O=c1c2c(Cl)cc(-c3ccc(-c4cn[nH]c4)nc3)cc2ncn1Cc1ccccc1,27.21
N#Cc1ccc(-c2c[nH]c(-c3ccc4c(c3)C(=O)c3ccc(N5CCOCC5)nc3C4=O)n2)cc1,24.53
CSc1ccc2c(c1)CC1(CCCC1)n1c-2c(C#N)c2ccccc21,31.28
Cc1ncc(C)c(-c2ccc(NC(=O)c3cc(-c4ccc(N5CCN(CCO)CC5)c(C(F)(F)F)c4)nc(C#N)n3)cc2)n1,36.2
C=C(C)N(C#N)C(=O)N1CC(N(C)CC)CC1C#N,43.94
Cn1nc2c(c1-c1ccc(-c3cnn(CC(C)(C)O)c3)cc1)-c1nc(=Nc3ccc(C4CCNCC4)nn3)[nH]cc1CC2,26.6
N#Cc1ccc(-c2nc(-c3cncc(C#N)c3)cc(C#N)c2C#N)cc1,14.58
O=C(CC1c2cc(F)c(F)cc2Cn2cccc21)NCc1ccc(-c2ccncc2)cc1,37.43
Cc1cc(C)c2cnc(-c3ccc(-c4ccc(C#N)cc4)cc3)nc2n1,18.94
CCC(C)Oc1ncc(-c2nc(Br)no2)cc1C#N,27.25
COc1ccc2ccnc(-n3cc(COC(=O)NC(C)C)nc3-c3ccc(C#N)cc3)c2c1,32.66
N#Cc1ccc(-c2ncc(C3CCCC3)cc2-c2ccncc2)cc1,20.12
N#Cc1cccc(-c2ccc(-c3cc(-c4nc(C5CC5)[nH]c4-c4ccc(F)cc4)ccn3)cc2)n1,20.89
Cc1nccc(-c2ccc(NC(=O)c3c(C)nc(-c4ccc(C#N)cc4)nc3C(F)(F)F)cc2)n1,21.84
ClC(Cl)(Cl)c1nc(N=Cc2ccccc2)nc(-c2ccccc2)n1,19.27
N#Cc1c2ccc(F)cc2c(C#N)c2nc3ccc(N)cc3nc12,26.69
NS(=O)(=O)c1nc2cc(Cl)c(Cl)cc2[nH]1,24.95
N#Cc1ccc(-c2ccc(CC(C(=O)N=c3[nH]cc(F)s3)n3ccnc3)cc2)cc1,24.0
COc1ccc(N=c2[nH]nc(-c3ccc4cc(OC)ccc4c3)o2)cc1,24.9
N#Cc1cc(-c2ccc3nnc(-c4ccc(F)c(C(N)=O)c4)nc3c2)cnc1C1CCNCC1,26.34
N#Cc1ccc2ncn(Cc3ccccc3C#N)c(=O)c2c1,20.44
N#Cc1cccc(-c2nc(-c3ccc4c(c3)CCC4)cc(-c3ccccc3C#N)n2)n1,25.98
CNCc1cc(-c2ccc(C=O)cc2)ccc1-c1ccccc1C,26.48
N#Cc1ccc(-c2ccc(-c3nc(C(=O)NC4CCCC4)cc(-c4ccc(-c5ccc(C#N)cn5)c(F)c4)n3)cc2)cc1,11.73
N#Cc1ccc(Cc2nnc(-c3ccccc4c(C#N)c5ccc(C#N)cc5c3-4)nc2-c2ccccc2)cc1,25.75
COC(=O)c1c(NC(=O)C2C(C)=NC(C)=C(C(=O)N=c3cccc[nH]3)C2c2ccc(C)o2)sc2c1CCCC2,35.96
COC(=O)NN=Cc1cccc2ccccc12,17.73
N#Cc1ccc(-c2ccc(-c3nc(-c4ccc(-c5ccc(C#N)cc5)cc4)n(-c4ccccc4F)n3)cc2)cc1,15.28
N#Cc1ccc(-c2ccc(=O)[nH]n2)cn1,19.08
Cc1ccc2nc(Cl)c(C=NC(C#N)C#N)cc2c1,26.21
C=CCSc1c(C#N)c(-c2ccco2)c(-c2ccc(-c3c[nH]c(=S)cn3)cc2F)[nH]c1=N,44.3
N#Cc1cccc(-c2ccc(C(C#N)(C#N)c3nc(=O)c4sccc4[nH]3)cc2)c1,26.67
N#Cc1cc(-c2ccc(-c3cscn3)cc2)n2nccc2c1OC1CCN(c2ccccc2)CC1,36.1
N#Cc1cccc(Nc2ccc3c(c2)C(=O)c2ccc(N)cc2C3=O)n1,14.43
N#Cc1ccc(-c2nc(-c3ccc(C#N)cc3)nc(-c3cc(F)cc(-c4cnccn4)c3)n2)cc1,15.74
N#Cc1nc(Oc2ccccc2)nc(-c2ccc(-c3ccccc3C#N)c(C#N)c2)n1,22.59
Nc1ccc(Cl)c(Cl)c1,15.86
Cc1cnc(Cl)nc1-c1ccc(NC(=O)c2ccc(-c3ccc(-c4ncc[nH]4)cc3)nc2C)cc1,38.42
Nc1ccc2c(c1)C(=O)c1ccc(NC(=O)c3ccccc3Sc3cc4ncnc(C=Cc5ccccn5)c4cn3)cc1C2=O,22.08
c1ccc(CC2Cc3ccc(-c4ccncc4)cc3O2)cc1,28.7
CCC(C)=CCC12N=C(C)N(CC)C1=NC(c1ccc(Cl)cc1)(C(C)C)C(c1ccc(Cl)cc1)S2,59.21
COc1c(C#N)cn(C)c1C(=O)Nc1ccc(C=CC#N)nc1C#N,21.67
N#CC=Cc1nc(-c2ccc(C#N)cc2)nc(-c2ccc(-c3ccc(C=O)cn3)cc2)n1,19.1
COC(=O)NC(Cc1ccccc1)C(=O)NC(Cc1ccccc1)C(=O)Cc1c[nH]cn1,29.36
Cc1ccc(CCNC(=O)c2cc(C(=O)O)cc(C(=O)NC(Cc3ccccc3)C(=O)C(O)Nc3cccc(-c4nc(=O)o[nH]4)c3)n2)nc1,42.29
CN1CCN(CCNc2cc(Nc3ccc4c(c3)C(=O)c3ccc(N)cc3C4=O)nc(Nc3ccc4c(c3)C(=O)c3ccc(N)cc3C4=O)n2)CC1,13.31
N#Cc1ccc(-c2nc(-c3ccc(-c4cccc(C#N)c4)nc3)nc(-c3ccc(-c4ccc(C#N)cn4)nc3)n2)cc1,14.71
N#Cc1ccc(-c2ncccc2C#N)cn1,12.0
CC(C)(O)c1cnn(-c2ccc(-c3ccc(-c4nc5cccnc5c(=O)n4-c4ccc(O)cc4)cc3)cc2)n1,35.93
N#Cc1c(N)c(C#N)c2c3c(sc2c1-c1ccccc1)CCCC3,23.49
Cc1ccc(-n2[nH]c(CN3CCC(C#N)(c4cccnc4)CC3)cc2=NC(=O)c2cnn3cccnc23)cc1,30.16
N#CC=Cc1nc(C#N)cc(-c2ccnc(Oc3ccc(C#N)cc3)n2)n1,23.08
COC(=O)c1cc(N=Cc2ccc(C=Nc3ccc(C)cc3)cc2)ccc1O,18.12
Cc1cncc(C(=O)Nc2cccc(-c3cccc(-c4ccnc(-c5ccc(C#N)cc5)n4)c3)c2)n1,27.85
Clc1nc(=Nc2ccccc2)nc(Cl)[nH]1,13.99
Cc1cc(C=Cc2ccccc2)cc(C)c1O,14.69
N#CC=Cc1n[nH]c2c(O)n(-c3ccc(-c4ccsc4)cc3)c(-c3cccc4ccccc34)c12,25.0
N#Cc1ccc(F)cc1C#N,12.73
NC1=NC(c2ccc([N+](=O)[O-])cc2)N(c2ccc(Cl)cc2)C(N)=N1,20.07
N#Cc1ccc(-c2nc(-c3ccc(-c4ccc(C#N)cn4)nc3)nc(-c3cc(C#N)cc(-c4cncnc4)c3)n2)cc1,16.35
CN(Cc1c[nH]c(=NC(=O)c2nc(Cl)c(=Nc3cc(C#N)cc(C#N)c3)cnc2C#N)[nH]1)C(N)=O,33.2
Cc1ccnc(Cc2cc(C3CCN(C)C(C)C3)nc(C)n2)c1,31.68
N#Cc1ccc(N=c2nc(-c3ccc(OC(F)(F)F)cc3)cc[nH]2)cc1,12.78
N#Cc1ccc(-c2ccc(CN=c3cc(C(N)=O)nc(-c4ccc(C#N)cc4)[nH]3)cc2)cc1,18.74
N#Cc1ccc(-c2cc(-c3ccc(C(N)=O)c4ccccc34)nc(-c3c4ccccc4c(C#N)c4ccccc34)n2)cc1,16.95
N#Cc1ccc(-c2ccc(-c3nc(C#N)c(NCCc4ccc(F)cc4)o3)cc2)cc1,15.49
CC(C)n1cc(C(=O)c2cncc(NC(=O)c3ccc(C#N)cn3)c2)c2cncnc21,19.74
COC(=O)C1=Cc2ccccc2OC1c1cccnc1,24.39
Cn1ncc(-c2nc(-c3ccc(C#N)cc3)nc([N+](=O)[O-])n2)c1-c1ccc(C(F)(F)F)cc1,28.14
Cc1ccc(-n2c(=S)[nH]c3cnc(-c4cc(-c5ccc(C#N)nc5)nc(-c5cncc(C#N)c5)n4)cc3c2=O)cc1C,32.25
CC(C)Oc1nn2c(-c3ccc(C#N)cc3)cc(-c3cccc(C#N)c3)nc2c1-c1cncc(C#N)n1,25.85
O=[N+]([O-])c1ccc(C=Nn2c(-c3cccnc3)n[nH]c2=S)o1,21.49
N#Cc1cccc(NC(=O)c2ccc(C=Cc3ccc(C=Cc4cccc5c4N=C(N)NC5)cc3)cc2)c1,29.99
CC(C=CC1CC(O)N=C1C)=CCC(=O)c1ccc(C)c(C)c1C,39.06
N#Cc1ccc(-n2ncc3c2-c2c(c(=O)oc4ccccc24)CC3)cc1,25.66
CC(C)(C)CC(=O)N1CCSC1C(=O)NCc1cc(Cl)ccc1-n1cncn1,28.41
CC(=O)c1nc(-c2cc(C(F)(F)F)nc(-c3ccncc3)n2)c2nc(C#N)nc(-c3ccc(C#N)cc3)c2n1,30.72
Cn1c(C#N)cc2cccc(NC(=O)NCC3CN(c4ccc(N5CCOCC5)c(F)c4)C(=O)O3)c21,29.49
N#Cc1ccc(-c2ccc(-c3nc(CS(=O)(=O)c4ccc(Cl)cc4)nc(-c4ccccn4)n3)cn2)cn1,28.34
CC(F)c1cc(-c2ccc(-c3ccc(C#N)cn3)c(F)c2)nc(-c2ccc(-c3ccc(C#N)cc3)cc2)n1,14.41
N#Cc1ccc(-c2cncc(-c3ccc4nc[nH]c(=N)c4c3)c2)cn1,19.7
O=C1CSC(c2cccc(Cl)c2)N1,19.51
N#Cc1c(F)cc(-c2ccc(-c3cccs3)cc2)cc1F,26.14
N#CC1(c2ccccc2F)SCC(=O)N1CCCN=c1cc[nH]c2cc(Cl)ccc12,23.51
COc1cc(-n2ccc(-[n+]3ccc(-c4ccncc4)cc3)cc2=O)ccc1OCCOCCO,35.15
N#CC=Cc1cc(-c2ccc(-c3ccc(-c4nc(Cl)nc(Cl)n4)c(F)c3)cn2)nc(C=CC#N)n1,19.86
N#Cc1ccc(OCc2nc(-c3ccc(C#N)cc3)nc(-c3ccccc3Cl)n2)cc1,15.46
Cc1ccc2c(C(=O)N3CCN(c4cccnc4)CC3)c(-c3ccc(C#N)cc3)c(-c3ccccc3)nc2c1,29.79
Cc1ccc(C(=O)Nc2cc(=NN=CC=Cc3ccccc3)nc(-c3ccc(C#N)cc3)[nH]2)cc1,26.3
N#Cc1ccc(-c2ccc(-c3nc(-c4ccc(-c5ccc(C#N)cc5)cc4)c4cccnc4n3)cc2)cc1,13.65
COc1cc(C2c3cc4c(cc3C(NCc3cncc(-c5ccc(C#N)cc5)n3)C3COC(=O)C23)OCO4)cc(OC)c1O,24.13
CCCCC(=O)N=c1nc(-c2ccc(C)cc2)[nH]n1-c1ccc(Cl)cc1,24.54
CCN=c1[nH]c(C2CC2)c(-c2cc[nH]c(=Nc3ccc(-c4cnc(C)o4)c(OC)c3)n2)cc1C#N,25.48
N#Cc1c[nH]c2cc(C#Cc3ccc(CN)cc3)ccc2c1=Nc1ccc(C(F)(F)F)cc1,21.29
N#Cc1c(C(F)F)nn(-c2ccc(S(N)(=O)=O)cc2)c1-c1ccc(Cl)cc1,18.25
N#Cc1cc(-c2cccc(C(=O)Nc3ccc(C(=O)N4CCOCC4)nc3)n2)cc([N+](=O)[O-])c1,30.26
Cn1c(C#N)ccc1-c1nc(C(=N)N)ccc1C#N,22.32
N#Cc1ccc(C=Cc2ccccc2)c2ccc(Cc3ccc(C(=O)Nc4ccccc4)cc3)nc12,25.2
CC(=O)Nc1cccc(-c2ccc(C(=O)N=c3[nH]cc(-c4ccc(F)c(C(F)(F)F)c4)cc3F)o2)c1,39.17
N#Cc1ccc(Cn2c(=Nc3ccc(OCc4cccc(F)c4)c(Cl)c3)nc(N(CC3CC3)C3CC3)c3c(C#N)cc(C#N)cc32)cc1,35.76
N#Cc1ccc(-c2ncn(Cc3ccc(C#N)nc3)c2-c2ccc(F)cc2)cc1,20.63
CCCCc1nc2ccc(-c3ccc(C#N)s3)cc2c(=O)n1Cc1ccc(-c2ccccc2-c2nn[nH]n2)cc1,24.9
N#Cc1ccc(-c2nc(-c3cc4ccc(C#N)cc4o3)nc3ccccc23)cc1,19.38
Cn1cc(CNC(=O)c2cc(=NC(=O)c3cc(-c4ccc(C#N)cn4)c(Cl)cc3Cl)n(-c3ccccc3)[nH]2)cn1,17.04
N#Cc1ccc(-n2nc(C(F)(F)F)cc2-c2ccc(C=Cc3cc(C(F)(F)F)nc(=O)[nH]3)cc2)cc1,27.74
N#Cc1ccc(-c2nc(C=Cc3ccccn3)nc(-c3cnc(C#N)nc3)n2)cc1,24.71
Nc1ccc2c(c1)C(=O)c1ccc(Nc3cc(NC(=O)C(c4ccccc4)c4ccc(C(O)=NO)cc4)nc(Nc4ccc5c(c4)C(=O)c4ccc(N)cc4C5=O)n3)cc1C2=O,28.47
Cc1ccc(Oc2ccc(-c3c(C#N)c4ccc(C5CC5)cc4n3C)nc2)nc1,32.15
O=C(Nc1ccc(Oc2ccncn2)c(F)c1)Nc1ccc(Cl)c(C(F)(F)F)c1,27.76
Cc1nc2cc(-c3nc(-c4ccc(-c5ccc(C#N)cc5)cc4)nc(-c4ccc(-c5ccc(C#N)cc5)cc4)n3)ccc2[nH]1,13.83
COc1ccc(-c2ccc(C#N)c(-c3ccc(C#N)cn3)c2)cn1,25.63
Cc1nc(-c2ccc(-c3ccc(-c4cc5nc(-c6nc7cc(-c8ccc(C#N)nc8)ccc7[nH]6)ccc5[nH]4)nc3)cc2)no1,30.5
CCN(CC)C(=O)c1ncccc1NC(=O)c1nc(C#N)c[nH]1,16.99
N#Cc1ccc(-c2cc(C#N)nc(-c3ccc(-c4ccc(F)c(C#N)c4)cc3)n2)cc1,16.21
N#Cc1ccc(-c2ccc(C=Nc3nc(N)cc(=O)n3-c3ccccc3)o2)cc1,22.15
N#Cc1ccc(-c2nc(COc3ccc(CCC(=O)O)cc3)nc(-c3ccc(C#N)cc3)n2)cc1,9.61
Cn1c(=O)n(C)c2cc(-c3ccc(CC(C#N)NC(=O)C4NC5CCC4C5)cc3)ccc21,21.9
CC1COCCN1c1nc(-n2cnc3cc(C#N)cnc32)nc2cc(-c3ccc(C#N)nc3)cnc12,31.99
N#Cc1ccc(-c2ccc(-c3cc(-c4ccc(C#N)cc4)nc(-c4ccc(C#N)cc4)n3)cc2)cc1,9.5
N#Cc1ccc(-c2cc(-c3ccc(C#N)cc3)nc(-c3ccc(C#N)cc3)n2)cc1,8.69
CCCc1cc(-c2nc(-c3ccc(C#N)cc3)nc(-c3ccc(C#N)cc3)n2)cnc1-c1cc(CC2=NC(=O)N(C)C2=O)nc(-c2ccc(C#N)cc2)n1,32.36
Cc1ccc(N=Cc2c(C)oc3cc(Cl)ccc3c2=O)cc1C,19.98
CCOC(=O)C1CCCC(NC(=O)c2nc(-c3ccc(NC(=O)NCc4ccccc4C)cc3)nn2C)C1,43.11
N#Cc1cncc(-c2nc(-c3cccc(C#N)n3)nc(-c3ccnc(C#N)n3)n2)c1,13.26
CCOc1ccc(C#Cc2ccc(-c3nc(-c4ccc(C#N)cc4)nc(-c4ccc(-c5ccc(C#N)cc5)cc4)n3)cc2)cc1C#N,23.18
CCCCNC(=O)c1cc2ccccc2s1,23.01
C=c1[nH]c(=Cc2c(O)[nH]c3ccccc23)c(C)c1C(=O)N1CCN(C=O)CC1,16.65
Fc1cccc(Cl)c1Cn1ccnc1,19.01
Cc1cccc(Cl)c1Cl,17.75
N=c1cc2oc3ccc(-c4ccc(CCCN)cc4)cc3n2[nH]c1=N,35.07
N#Cc1ccc(-c2ccc(-c3nc(C(=O)NCCN4CCCCC4)cc(-c4ccc(-c5ccc(C#N)cn5)c(F)c4)n3)cc2)cc1,12.14
CCN(CC)c1ccc2c(c1)CCc1c(ccc(Cl)c1N=c1cc(N(C)CCO)[nH]c(C#N)n1)C2=O,32.58
COc1cc(N=Nc2ccc(N=Nc3ccc(N(C)N=O)cc3)cc2)c(N)cc1N,30.4
N#Cc1ccc(-c2ccc(C(=O)Nc3cc(C#N)cc(-c4ccncc4)c3)cc2)nc1,20.59
Cc1ncc(-c2nc(-c3ccc(C#N)cc3)nc(C3CC3)n2)cc1C#N,15.16
N#Cc1ccccc1NC(=O)C=Cc1nc2ccccc2[nH]1,25.11
Cn1c(-c2ccc(Cl)cc2)nc2c1ccc1c2n(C2CCC(C#N)CC2)c(=O)n1C,30.07
O=c1c(C(=Nc2ccccc2)Nc2ccccc2)c(O)nc2sccn12,25.78
CCCCCC(=O)Nc1ccc(-n2nc(CCCC)n(Cc3ccccc3F)c2=O)cc1,24.35
CCc1cnc(=Nc2cc(C#N)cc(-n3ccc(C)n3)n2)[nH]c1,23.53
N#Cc1ccc(-c2nc(-c3ccnc(C#N)n3)nc(C3CCC3c3nc(-c4ccc(C(F)(F)F)nc4)nc(C4CC4)n3)n2)cc1,27.35
CCC(C#Cc1ccc2c(c1)-c1nc(C(N)=O)cn1CCO2)c1ccccc1,31.06
N#Cc1ccc(N=c2nc(C#N)nc(-c3ccc(-c4ccc(C#N)cc4)cc3)[nH]2)cc1,16.41
N#Cc1ccc(-c2ccc(-c3cn(Cc4cccc5ccccc45)c(-c4cccc(C#N)c4)n3)cc2)cc1,21.68
N#Cc1ccc(C(=O)c2ccc(OCC#CCn3cnc4c(C#N)nc(-c5ccccc5)cc43)cc2)cc1,33.81
CC1(C)CCC(O)(c2ccc(-c3nc(-c4ccc(C#N)cc4)nc(-c4cc(C(F)(F)F)cc(C(F)(F)F)c4)n3)cn2)CCC1C(=O)O,19.19
CCc1nc(C(C)C)c(C(O)=NO)n1CC=Cc1ccc(Cc2nc3ccccc3nc2C)cc1,41.3
Cc1cc(=NC(=O)c2ccc(-c3cn4nc(-c5ccc(-c6ccc(C#N)cc6)cc5)c(-c5ccc(-c6nc(CO)no6)cc5)nc4n3)cc2)cc(C)[nH]1,26.29
N#Cc1ccc(-c2ccc(-c3nc(-c4ccc(C#N)cc4)nc(-c4cncc(-c5ccc(C#N)cc5)c4)n3)cc2)cc1,16.18
CNC(=O)c1ccc(NC(=O)N2CCCc3cc(-n4cnc5c(C#N)cccc5c4=O)ccc32)cn1,31.92
C#Cc1cccc(N=c2[nH]cnc3cc(OCCCNC=S)c(OC)cc23)c1,23.03
Cc1nn(-c2cc[nH]c(=Nc3cc(S(N)(=O)=O)ccc3Cl)n2)cc1CN1CC(O)C1,25.43
Cc1cccc2cc(Cn3nnc(-c4ccc5[nH]c(C(N)=O)nc5c4)n3)c(Cl)nc12,35.97
CN(C)CCN(Cc1cccnc1)c1nc(-c2ccc(C#N)cc2)nc(-c2ccc(Cl)s2)n1,31.2
O=C(Cc1cccc(Br)c1)N1CCCCC1N1CCC(n2c(=O)oc3ccc(Cl)cc32)CC1,43.82
C=CC(=CCCc1cc(O)oc1O)CCC=C(C)CCC=C(C)CC(C)CC(C)CC,33.73
CCCc1n[nH]c(=NC(=O)CCC(=O)NCCc2ccc(Cl)cc2)s1,23.12
CC(C1CCC1)n1c(C(=O)N(C)C)cc2c[nH]c(=Nc3ccncn3)nc21,22.35
Cc1nc(C2CC2)nc(-n2nc(C(F)(F)F)cc2-c2ccc(C#N)cc2)n1,16.23
C=CCOC=Nc1nc(-c2ccc(-c3ccc(C#N)cc3)cc2)nc(-c2ccc(-c3ccc(C#N)cc3)cc2)n1,19.3
O=C1Nn2cnnc2Sc2ccc(Cl)cc21,19.82
CSc1ccc(S(=O)(=O)N(CC(=O)NCc2ccc(F)cc2)c2ccc(C)cc2)cc1,22.94
COc1ccccc1COC(=O)C=Cc1ccc(-c2ccccc2)cc1,26.81
N#Cc1ccc(Cn2c(=O)[nH]c(=NCCN=C(N)N)n(Cc3ccc(-c4ccc(C#N)cc4S(=O)(=O)NC(=O)c4ccccc4)cc3)c2=O)cc1,31.59
Cn1nc(-c2ccc(C#N)cc2)c2c(-c3ccc(Cl)cc3)c3c(nc21)CCCCC3,26.66
N#Cc1ccc(-c2ccc(-c3ncc4nc(-c5cccc(C#N)c5)nc(N5CCNCC5)c4n3)cc2)cc1,24.24
N#Cc1ccc2[nH]cc(C=Nc3ccc(Cl)cc3)c2c1,18.6
Cc1cc(-c2cnc3ccc(-c4cncc(C#N)c4)nn23)ccc1C#N,18.07
CC(=CCN(Cc1ccc2c(c1)C(=O)c1cc(O)ccc1C2=O)C(=O)C=CCC(C)(C)N)Cc1ccccc1,37.85
Nc1ccc2c(c1)C(=O)c1ccc(Nc3nc(Nc4ccc5c(c4)CCC4(OCCO4)C5=O)nc(Nc4ccc5c(c4)C(=O)c4ccc(N)cc4C5=O)n3)cc1C2=O,12.26
CNC(=O)CCCC[S+]([O-])c1cnc2ccc(-c3ccc(C#N)nc3)cc2c1-c1ccnc(C#N)n1,37.09
Cc1cc(C)cc(Cc2ccc3nc(=NC(=O)c4ccc(F)cc4)[nH]c(-c4ccccc4)c3c2)c1,32.14
CN(C)C(=O)c1cc(-c2cc(-c3ccnc(C#N)c3)nc3c(C#N)cc(C(=O)c4ccc(Cl)s4)n23)ccc1Cl,38.59
Clc1cc(Cl)nc(Cl)n1,12.94
N#Cc1ccc(N=c2cc(OCC3CC3)[nH]c(-c3ccc(C#N)cc3)n2)cc1,18.74
CCCCn1c(=O)[nH]c(=O)c2c1nc(-c1ccnc(-c3ccccc3)n1)n2Cc1ccc(-c2ccccc2-c2nc(=O)o[nH]2)cc1,26.54
COc1ccc(-c2n[nH]c(-c3ccc(Cl)cc3Cl)n2)cc1,20.08
CC(C)CC(Sc1ccccc1)C(=O)c1cc(C#N)n(C)c(=O)c1C#N,34.77
N#Cc1ccc(-c2nc(-c3nc(=O)o[nH]3)cc3c2CCCC3)cc1,25.91
N#Cc1ccc(-c2ccc(-c3nc(-c4ccc(C#N)cc4)nc(-c4cccc(C=CC(O)=NO)c4)n3)cc2)cc1,17.25
O=C1C(=Nc2ccc(Cl)cc2)C(Cl)C(=O)c2ccccc21,15.45
CC(=O)c1ccc(N2CCN(C(=O)c3ccc(NC(=O)c4ccc(-c5ccccc5)nc4C)cc3)c3ccccc3C2)cn1,37.44
COc1cc(OC2CCC(C(C)C)CC2)ncc1-c1cc2cc(CN3CCCC3CO)ccc2c(C)n1,45.55
NC(Cc1ccc(-c2ccccc2)cc1)C(=O)O,19.38
N#Cc1ccc(-c2nc(-c3ccc(C=C4SC(=NCCc5ccc(Cl)cc5Cl)NC4=O)cc3)cs2)cc1,25.56
CNN(CCC#N)c1nc(-c2ccccc2)nc2ccccc12,24.0
Cn1nc(-c2ccc(-c3ccc(C#N)cc3)cc2)nc1-c1ccc(-c2ccc(C#N)cc2)cc1,11.76
N#Cc1ccc(-c2ccc(-c3nc(-c4ccc(-c5ccc(C#N)cc5)cc4)nc(-c4ccc(-c5ccc(C#N)cc5Cl)cc4)n3)cc2)cc1,14.27
N#CC=Cc1cccc(Br)n1,9.72
CC(C)c1nc(=NCCc2ccccc2)nc(-c2cncc(C#N)c2)[nH]1,20.87
Cc1ccc2c(-c3cnc(-c4ccc(C#N)cc4)nc3)nc(-c3cccc(C#N)n3)nc2c1,20.9
N#Cc1ccc(-c2ccc(=NC(=O)Cc3cccc(F)c3)[nH]c2C#N)cn1,24.03
CCOc1cc2c(C=Cc3nc(F)nc(C=CC#N)n3)c(C#N)c(=N)n(C(C)C)c2cc1OCC,29.49
O=C(NCCCCc1ccccc1)C(Cc1ccccc1)Cc1ccccc1,28.96
Nc1ccc2c(c1)C(=O)c1ccc(Nc3ccccn3)cc1C2=O,9.39
N#Cc1cccc(-c2ccc(C(O)c3cc(C(F)(F)F)nc(=N)[nH]3)cc2)c1,23.79
Cc1nc(CC(C)C)c(C(=O)c2ccc(Cl)cc2)nc1C(=O)NCCc1ccccc1,26.07
Cc1occ2c(-c3ccc(C#N)cc3)c(OCC(=NO)c3ccc(C#N)cc3)ccc12,27.59
C=CCOc1ccc(C=NN=c2cc(C)[nH]c3ccc(C)cc23)cc1,21.59
N#Cc1ccc(-c2nc(-c3ccc(OC(F)(F)F)c(CF)c3)n3c2CCOC(CF)C3)nc1,17.56
Cc1nc(-c2ccc(-n3c(-c4ccc(-c5ccc(C#N)cc5)cc4)nnc3C(C)C)cc2)no1,16.59
N#Cc1cccc(-c2c(C#N)c3cc(F)c(C#N)cc3n2C2CCCC2)c1,19.41
N#Cc1cccc(-[n+]2ccc(-c3ccncc3)cc2)n1,13.45
CC1CC2(NCCC2C)C(=O)C2CC3(C)c4ccc5cc(-c6ccc(C#N)cc6)ccc5c4OCC3CC12,61.22
N#Cc1ccc(-c2ccc(-c3c(C#N)c(-c4cccc(C#N)c4)c(C(CCCCCC(=O)O)c4ccc(-c5ccccc5C#N)nc4)n3O)cc2)cc1,49.84
N#Cc1ccc(-c2ccc(-c3ccc(-c4nc(-c5ccc(-c6cccc(C#N)c6)cc5)cc(C(F)(F)F)n4)cc3)cc2)cc1,21.05
COc1cc(C=CC(=O)C=C(C[O-])C(C=CC=Cc2ccc3c(c2)OCO3)=NO)ccc1O,42.16
CC(C)c1[nH]c(=Nc2cc(C(C)(C)C#N)nc(C(F)(F)F)n2)nc(-c2ccc(-c3ccc(C#N)cc3)cc2)c1C#N,28.42
Cn1cc(-c2nc(N(Cc3ccc(-c4ccc(C#N)cc4)cc3)c3nc4ccccc4s3)cc(C(F)(F)F)n2)cn1,32.64
C=c1c(C#N)c(O)n(-c2ccc(C)cc2)c1=C,15.3
N#Cc1ccc(-c2ccc(-c3nc(-c4ccc(C#N)cc4)nc(-c4ccc(N=Cc5c(O)cccc5O)cc4)n3)cc2)cc1,25.55
Clc1nc(Cl)nc(-c2ccccc2)n1,9.99
COC(C)(c1ccc(-c2nc(-c3ccc(C#N)cc3)nc(-c3ccc(CC(C)C)c(C#N)c3)n2)cc1)C(F)(F)F,22.62
Cn1c(O)c(C=Nc2cc(O)c(N)cc2O)c(=O)c2cc(C#N)ccc21,18.4
CC(C)C(=O)NCC(=O)N1CCC(c2nc(-c3cncc(C#N)c3)nc(-c3cc(C#N)cnn3)n2)CC1,21.33
N#Cc1ccc2cnc(N3CCc4c(n(Cc5ccc(Cl)cc5)c5ccccc45)C3)nc2c1,30.53
Nc1ccc2c(c1)C(=O)c1ccc(Nc3cc(Nc4ccc5c(c4)CCC5)nc(Nc4ccc5c(c4)C(=O)c4ccc(N)cc4C5=O)n3)cc1C2=O,11.04
Cc1nc(C=NNC(=O)c2ccc(C#N)cc2)n2cc(Cl)ccc12,28.78
CC(Cc1ccccc1)=NOC(Cc1ccc(-c2ccc(F)cc2Cl)cc1)=NO,31.83
N#Cc1ccc(-c2ccc(-c3nc(OCCCN4CCCCC4)c4ccccc4n3)cc2)cc1,18.11
COc1cc(C(=O)N=c2[nH]c(-c3ccc(F)c(F)c3)cs2)ccc1-c1ccc(C(C)NC(=O)CN)nc1,33.06
N#Cc1ccc(-c2ccc(Cn3c(=O)c(C#N)cc4cc(C#N)c(C#N)nc43)cc2)cc1,21.69
Cn1cc(C(F)(F)F)nc1-c1ccc(-c2ccc(-c3ccc4cc(C#N)ccc4c3)nc2)nc1,31.82
CNC(=O)c1cc(Sc2ccc(NC(=S)c3ncccc3C#N)cc2)ccn1,26.28
N#Cc1ccc(-c2ccc(-c3nc(-c4cncc(C#N)c4)cc(-c4cncc(C#N)c4)n3)cn2)cc1,17.33
N#Cc1ccc(-c2nc(-c3ccncc3)c(-c3ccc(F)c(F)c3)c(-c3ccc(F)cc3)n2)cc1,22.26
Nc1ccc2c(c1)C(=O)c1ccc(Nc3ccc4cccnc4c3)cc1C2=O,19.33
N#Cc1ccc(-c2ccc(-c3nc(-c4ccc(-c5ccc(C#N)cn5)nc4)nc(-c4ccc(-c5cccc(C#N)c5)cn4)n3)cc2)cc1,22.21
Cc1ccc(C)n1-c1ccc(S(=O)(=O)N(CC(F)(F)C(F)(F)F)c2cccc(C#CC(C)(C)C)c2)cc1[N+](=O)[O-],40.34
CC1C=C2CCc3c(-c4ccc(F)cc4)nc(SCC#N)nc(=O)c3CC2(C)C2(C)C3CCC4(C)C(c5ccc(F)nc5)=CC=C4C3CCC12O,53.39
CCC(C)Oc1ncc(-c2nc(C(C)C)c(-c3nc(C#N)nc4ccc(OC)cc34)s2)cc1C#N,34.58
N#Cc1ccc(-c2ccc(-c3nc(-c4ccc(C#N)cc4)nc(-c4ccccc4NC(=O)c4cccnc4)n3)cc2)cc1,20.03
CN1C(=O)C(=Cc2ccccc2Cl)Sc2ccc(C(=O)NCc3ccccc3)cc21,26.04
O=C(Nc1ccc(-c2ccnc(C(=O)NCCCO)c2)cc1)Nc1ccc(F)cc1F,24.33
N#Cc1ccc(-c2cc(-c3cncc(C#N)c3)nc(-c3cccc(C#N)n3)n2)nc1,16.2
COc1cc(-n2c(Cc3ccccc3)n[nH]c2=S)cc(OC)c1OC,20.05
Cc1cccc(-c2nc(-c3ccc(-c4ccc(C#N)cc4)cc3)nc(-c3ccc(-c4ccc(C#N)cc4)cc3)n2)c1,15.84
Cc1c(N=Cc2ccco2)c(=O)n(-c2ccccc2)n1C,14.43
N#Cc1ccc(-c2ccc(C(=O)Nc3ccc4c(c3)C(=O)c3ccc(N)cc3C4=O)cc2)cc1,12.01
O=C(Cc1ccccc1)N=c1ccc(CCCCc2n[nH]c(=NC(=O)C(CO)NC(=O)Cc3ccc(F)cc3F)s2)n[nH]1,30.06
Cc1ccn2nc(-c3ccnc(N4CCC(c5ccc(F)cc5)CC4)n3)nc2n1,33.97
CCN(CC)c1oc(COc2ccc(C)cc2)nc1C#N,17.91
N#Cc1ccc(-c2ccc(-c3nc(-c4ccc(-c5ccc(C#N)cc5)cc4)nc(-c4ccc(-c5ccc(C#N)cc5)nc4)n3)cc2)cc1,10.93
C=CCn1c(=O)c(C(=O)c2cccc(C(C)C)n2)cc2c(C)cccc21,30.83
CCCCOC(=O)C=Cc1ccccc1,17.0
N#Cc1ccc(-c2nc3nccc(-c4ccc(C#N)cc4)n3n2)cc1,16.15
N#Cc1ccc(-c2ccc(-c3nc4cc(C#N)ccn4c3NC3CCCC3)cc2)cc1,15.91
N#Cc1ccc(-c2ccc(-c3nc(-c4ccc(C5=NCCN5)cc4)c4n3CCOc3ccccc3-4)cc2)cc1F,25.17
N#Cc1cccc(C(=O)N=c2[nH]c(-c3ccc(OC(F)F)cc3)cs2)c1,21.54
N#CC1C(=N)Oc2[nH]nc(-c3[nH]nc4ccccc34)c2C1c1ccco1,34.35
C#CCOc1ccc(-n2nc(C=Cc3ccc(C#N)cc3)cc(C#N)c2=O)cc1,24.68
N#CC=Cc1cnnc(-c2cncc(C#N)c2)n1,10.92
N#Cc1ccc(-c2nc(-c3cccc(C#N)n3)cc(-c3ccnc(F)c3F)n2)cc1,14.86
CS(C)(=O)=NC(=N)c1ccc(-c2nc(N3CC4CC3CO4)nc(-c3ccc(C#N)cn3)c2F)cc1F,25.41
O=c1[nH]ccn1-c1cc(Cl)cc(Cl)c1,20.07
N#Cc1ccc(-c2nc(=Nc3ccc(F)c(Cl)c3)nc(CCl)[nH]2)cc1,17.51
Cc1cc(C(=O)N(C)c2cccc(C#CCN3CCCCC3C)c2)ccc1CN1CCNC(C)C1,41.28
Cc1nc(-c2ccc(-c3nc(-c4ccc(Cl)c(Cl)c4)cs3)c(C)c2)cc(-c2ccnc(-c3ccc(C#N)cc3)n2)n1,22.62
N#Cc1ccc(CN2CCC(C#N)(c3ccc(-c4cccc(C#N)c4)cc3)CC2)cc1,19.64
N#Cc1cncc(-c2nc(-c3cccc(C(F)(F)F)c3)nc(-c3ccc(-c4ccc(C(=O)O)cc4)c(F)c3)n2)c1,19.69
N#Cc1ccc(-c2nc(-c3cncc(C#N)c3)nc(-c3ccccc3F)n2)cc1,10.72
COCC1CCCN1c1nc(-c2cc(Cc3ccccc3)cc(C3CCNCC3)n2)nc(-c2nc(C=NO)no2)n1,43.16
Cc1cc(N(CCC#N)CCC#N)ccc1C=Nc1cc(O)c(N)cc1O,15.0
N#Cc1ccc(N2CCN(C(c3ccc(Cl)cc3)c3ccc(C#N)nc3)CC2)cc1,20.89
N#Cc1cccc(-c2ccc(-c3ccc(-c4nc(Cl)nc(Cl)n4)cc3)cc2)n1,14.92
Cc1n[n+](Cc2ccc(C#N)cc2)c(C=NO)n1-c1ccccc1,22.54
NC(=NO)c1cccc(-c2cc[n+](Cc3ccc(-c4ccc(-c5ccc(C[n+]6ccccc6)cc5)cc4)cc3)cc2)c1,21.51
CCCc1n[nH]c(=NC(=O)Cn2nc(C(F)F)cc2C(F)(F)F)s1,26.8
N#Cc1ccc(-c2nc(-c3ccc(-c4ccc(C#N)cn4)cc3)nc(Cl)c2-c2ccc(Br)cc2)cc1,22.76
N#Cc1ccc(-c2ccc(-c3nc(C(=O)NCc4ccncc4)nc(-c4ccc(-c5ccc(C#N)cn5)cc4)n3)cc2)cc1,12.48
CN=c1nc(-c2cncc(-c3nc4c(s3)CCCc3cc(C#N)n(C(C)C)c3-4)n2)cc[nH]1,28.92
CNc1c(-c2nc(-c3c(F)c(F)c(C#N)c(F)c3F)nc(-c3c(F)c(F)c(C#N)c(F)c3F)n2)sc2ccccc12,27.51
CN(CC(=O)Nc1ccccc1)Cc1ccccc1,19.27
CCN(CC)c1ccc(NC(=O)c2ccc(-c3ccc(C#N)cc3)cc2)c2ccccc12,21.89
COCC(N=c1[nH]cnc(N)c1-c1ccc(-c2cnn(C)c2)cc1)c1nc(C)c(C#N)c(-c2cnc(-c3cncc(C#N)c3)c(C#N)c2)n1,27.19
CCC(C)n1ccnc1C=C1CCc2cc(-c3nc(C#N)nc(-c4cccc(C#N)c4)n3)ccc21,24.54
O=c1ccn(CSc2ccccc2)c(=O)[nH]1,18.59
N#Cc1cc2nc[nH]c(=Nc3ccc(Cl)cc3)c2cc1C#N,16.49
N#Cc1cncc(-c2ccc(-c3csc(C#N)c3)cc2)n1,18.43
C=CC(=O)Nc1cccc(N=c2cc(Nc3ccc4c(c3)CCC4=NO)nc(N3CCNCC3)[nH]2)c1,25.6
FC(F)(F)c1ccc2c(c1)nc(-c1ccc(-n3cccc3)cc1)n2-c1ccc(Cl)c(Cl)c1,24.35
COc1ccc(CCn2c(-c3cccc(C)c3)c(O)[nH]c2=O)cc1,25.75
N#Cc1ccc(NC(=O)c2ccc(-c3nc(=NCCOCC(O)CCN4CCN(c5cccc(C#N)c5)CC4)nc[nH]3)cc2)cc1,43.32
N#CC(c1ccccc1)c1nc(-c2ccccc2)no1,17.75
CCOC(=O)Cc1csc(=NC(=O)CSc2nc(-c3ccccc3)cc(-c3ccc(C)cc3)n2)[nH]1,25.96
N#Cc1ccc(C#Cc2ccc(-c3nc(C#N)cc(C#N)n3)cn2)cc1,15.72
N#Cc1ccc(Cl)nc1Oc1cccc(NS(=O)(=O)c2ccc(Cl)cc2)c1,24.39
CC(C)(C)N=c1ncc(-c2ncc3ccn(-c4ccc(F)c(F)c4)c3n2)c[nH]1,28.85
N#Cc1ccc(CCNC(=O)c2ccc(-c3cn[nH]c3)c(C#N)c2)cc1,22.22
N#Cc1ccc2c(C(NC(=O)COc3ccccc3)c3nccn3Cc3ccccc3)c[nH]c2c1,30.85
Cc1nc(C2CC2)cc(=Nc2[nH]c(=Nc3ccc(C(=O)Nc4c(C)cccc4C)cc3)ncc2F)[nH]1,30.75
CC(=O)n1ccc(C=C2CCCC(=Cc3nccnc3Cl)C2=O)c1,31.97
CNC(=S)Nc1ccc(-c2cccc(-c3nc(CC(C)C)cc(C(N)=O)n3)c2)cc1,28.8
N#Cc1c(F)c(F)c(-c2nc(-c3ccc4c(c3)OCO4)cs2)c(F)c1F,20.45
N#Cc1ccc(NC(=O)C2(c3ccc(-c4ccc(-c5cc(=NC(O)c6c[nH]c(O)c6)[nH]n5-c5ccc(Cl)cc5)cc4)cc3)CC2)cc1,28.99
CCc1nc2c(=N)[nH]c(-c3cc(C#N)cnc3CC3CCCCN3C)nc2n1Cc1ccc(OC)cc1,42.28
CN1CC2CC1CN2c1cc(-c2nc(C#N)nc3[nH]c(CN4CCOC(C5CCCCC5)C4)cc23)ccn1,35.07
Cc1ccc(-c2ccncc2)cc1-n1ncc2ccc(N3C(=O)C(C)(C)c4cc(F)ccc43)cc2c1=O,52.62
N#Cc1ccc(-c2ccc(-c3nc(C(C#N)c4ccc(F)c(O)c4)[nH]c(=N)c3C#N)cc2)cc1,26.48
N#CC=Cc1cc(-c2ncc(C#N)cc2-c2ccc(C#N)cn2)nc(C#N)n1,15.11
Cc1cc(-c2ccccc2)nc(=NCc2ccc(-c3ccc(C#N)cc3)cc2)[nH]1,20.31
Cc1cc2nc(C)c3c(c2cc1C)-c1ccccc1C3,26.38
Fc1ccc(N2CCN(CCCCc3cccc4c5c(oc34)CCCC5)CC2)cc1,25.58
N#Cc1ccc(-c2cccc(COCC3(c4ccccc4)CCNCC3)c2)nc1,19.76
N#CCOc1ccc(-c2cncc(=Nc3ccc(C#N)cc3)[nH]2)cc1C#N,20.55
CC(=O)c1csc(-c2ccc(-c3ccc(CN(C)C4CCc5[nH]c(=N)[nH]c(=N)c5C4)cc3C)cc2)n1,42.09
N#CC=Cc1ccnc(-c2cncc(C#N)c2)n1,8.26
C=CCN1C(=O)C(=Cc2cc(Cl)c(OCC#N)c(Cl)c2)C(=O)N(C)C1=S,26.21
N#Cc1ccc(-c2nc(Oc3cccc(F)c3)nc(-c3ccc(C#N)s3)n2)cc1,20.88
N#Cc1ccc(-c2nc(-c3ccc(Br)cc3)nc(-c3cncc(C#N)c3)n2)cc1,11.57
CC(C)n1c(-c2cncc(C#N)c2)nc(-c2cncc(C#N)c2)nc1=O,14.14
N#Cc1ccc(-c2ccc(-c3cccc(C#N)c3)nc2)cc1,10.96
N#CCSc1nc(=Nc2ccc(Cl)cc2)c(C#N)c(-c2ccc(-c3cnccn3)cc2)[nH]1,26.05
CC(C)C(NC(=O)c1cc(=O)cc(-c2ccc(C#N)cc2)n1C)c1ccccc1,25.69
O=C(NCCc1ccc(Cl)cc1)c1ccc(-c2cc(Cl)ccc2Cl)nc1,21.25
Fc1ccc(-n2c(SCc3ccccn3)nc3cc(Cl)c(Cl)cc32)cc1,25.6
COc1cc2c(cc1OC)C(CN)NCC2,20.6
N#Cc1ccc(N=c2c(C#N)c[nH]c3ccc(NCc4cn(C5CCNC5=O)nn4)cc23)cc1Cl,27.92
CC(C)N=c1cc[nH]c(Nc2c(C#N)nc(-c3cn[nH]c3)nc2NC2CCCC2O)c1C#N,42.03
CCCc1nn2c(=O)cc(COC(=O)c3ccc(Cl)nc3)nc2s1,27.2
CON=C1CN(C(=O)Cn2c(-c3cccc(-c4ccc(C#N)cc4)c3)nc3cc(F)ccc32)C2CC12,36.87
Cn1c(O)c(N=NC(=O)Cc2ccc(S(N)(=O)=O)cc2)c2cc([N+](=O)[O-])ccc21,27.29
Cc1nc(-c2ccc(C#N)cn2)ccc1-c1nc(-c2ccc(C#N)c(-c3ccc(C#N)cc3)c2)nc(C(F)(F)F)n1,20.88
Cc1cc(C(=O)c2ccc(Cl)cc2)cnc1-c1ccc(-c2cc(-c3ccc(-c4nc(Cl)nc(Cl)n4)cc3)cc(-c3ccc(-c4nc(Cl)nc(Cl)n4)cc3)n2)cc1,10.69
CC(C)(C)c1ccc(CN(CCC(=O)c2cnc(-c3ccc(C#N)cn3)cn2)c2ccccn2)cc1,35.77
c1ccc(C(CN2CCN(Cc3cccnc3)CC2)c2ccccc2)cc1,21.61
CCn1c(C=Cc2cccnc2)nc2ccccc2c1=O,20.01
N#Cc1ccn(CN2CCC(c3cc(F)c4c(c3)C(NS(=O)(=O)C3CC3)CC4)CC2)c1,37.27
Nc1cc(=S)[nH]c(=O)n1C1OC(CO)C(O)C1O,19.64
CC(=O)N1CCC(c2cncc(-c3ccc(-c4ccnc5cc(C#N)cn45)cc3)n2)CC1,25.11
N#Cc1cccc(-c2ccc3ccc(=Nc4ccccc4)[nH]c3n2)n1,22.9
N#CC(C#N)=NNc1ccc(N=Nc2ccccc2)cc1,18.47
COCCN1CCN(c2ncc(C#N)c(-c3ccc(-c4ccc(C#N)cc4)cc3)c2C#N)CC1,24.32
CS(=O)(=O)c1c[nH]c2c(-c3ccc(Nc4ccc5c(c4)C(=O)c4ccc(N)cc4C5=O)cc3)cccc2c1=N,27.61
N#Cc1cncc(-c2ccccc2)n1,16.57
CCCCN(C)CCCNC(=O)c1cc2sccc2n1Cc1ccc(-c2ccccc2C#N)cc1,31.24
COc1ccccc1COc1ccc(C=CC(=O)c2ccnc(-c3cn(Cc4ccc(C#N)cc4)nn3)c2)cc1OC,33.54
O=C(Nc1ccc(C(=O)C(F)(F)F)cc1)c1cccc(-c2cnc3nccn3c2)c1,33.97
N#Cc1ccc(-c2ccc(-c3ccncc3)cc2)nc1,13.36
Cc1cc(C)n(C2CCc3cc(-c4ncnc(-c5ccccc5)n4)ccc32)n1,23.19
N=c1ccc(N=Nc2cccc(Cl)c2)c(N)[nH]1,19.98
CCc1cccnc1Cn1[nH]c(=N)cc1C,27.26
COc1ccc(CCn2c(-c3ccc(-c4ccc(C#N)cc4)cc3)nc(C)c2C(=O)NCc2ccc(C#N)cc2)cc1,30.66
COCC(CNCCS(C)(=O)=O)c1cccc2ccc(-c3nc(-c4ccc(C#N)cc4)nc(-c4cc(C)c(F)c(C)c4)n3)cc12,35.45
CC(=O)c1sccc1CC(NC(=O)C(Cc1ccccc1)NC(=O)C(Cc1ccccc1)NC(=O)C(NC(=O)OC(C)(C)C)C(C)C)C(=O)C(N)=O,52.21
Cc1nc(=NC(=O)c2cccc(Cl)c2)c2cnn(C)c2[nH]1,25.96
N#Cc1ccc(-c2ccc(CNc3ccc4c(c3)C(=O)N3CCCC3C=N4)cn2)cc1,24.92
N#CC=Cc1nc(-c2ccc(-c3nc(Cl)nc(Cl)n3)cc2)co1,15.49
N#Cc1ccc(NC(=S)Nc2ccc(F)cc2)cc1Cl,21.74
N#CC=Cc1ccc2nc(-c3ccc(-c4ccc(C#N)cc4)cc3)[nH]c2c1,14.95
N#Cc1cc(-c2nc(C3CCNCC3)cc(C3CCC(F)(F)CC3)n2)ccc1C(N)=O,28.88
Cc1ccc(-c2nc(-c3cncc(C#N)c3)nc(-c3cccc(C#N)n3)n2)nc1C#N,14.56
N#Cc1c(-c2ccccc2)nc2[nH]c(=O)c(=N)[nH]n2c1=N,20.46
Cc1ccc(OCc2noc(-c3cccc(NC(=O)c4ccc(F)cc4)c3)n2)cc1,21.72
CCOc1c(C=CC#N)cccc1OC,21.25
Nc1cc(O)c(N=Cc2ccc(-c3ccc(C=Nc4ccc(C(=O)O)cc4O)cc3)cc2)cc1O,14.92
N#Cc1ccc(-c2cc3c(C(=O)N4CCN(c5ccccn5)CC4)coc3c3c2-c2ccccc2C3=O)cc1,33.41
N#Cc1c(Cl)nc(N2CCCN(C(=O)Nc3ccc(Cl)cc3)CC2)c(C#N)c1Cl,26.25
C=c1[nH]c(=Cc2c(O)[nH]c3cc(NC(=O)Cc4ccc(-c5ccccc5)cc4)ccc23)c(C)c1C(=O)N1CCN(CCO)CC1,27.66
CCOC(=O)c1sc(NC(=O)c2ccnc(-c3ccc(C#N)cc3)c2)c(C#N)c1C,21.09
Cc1ccc(-c2nccc(CNCC3CCC4(CC3)OCC(=O)N4C)n2)cc1,28.12
COc1ccccc1C=Cc1nc(=N)[nH]c(=S)[nH]1,21.82
N#CC=C(c1nc(C(C#N)=c2ccc(=C(C#N)C#N)cc2)nc(C(C#N)=c2ccc(=C(C#N)C#N)cc2)n1)c1c(F)c(F)c(C#N)c(F)c1C#N,23.3
COCCOc1noc(-c2ccc(-c3cnc(-c4ccc(NC(=O)C(C)c5ccc(CC(C)C)cc5)cc4)n3C)cc2)n1,38.1
N#Cc1ccc(-c2cncc(C(=O)N=c3cccc[nH]3)n2)cn1,19.41
C#CCN(Cc1ccc(-c2ccc(C(=O)NCC3CC3)cc2)nc1)C(CC)c1nc2c(F)cc(F)cc2c(=O)n1Cc1ccc(C#N)cc1,38.48
N#Cc1ccc(-c2ccc(-c3nc(-c4ccc(C#N)cc4)cc(C(F)(F)F)n3)cc2)cc1,11.88
N#Cc1cnc(-c2ccc(=NC(=O)CN3CCN(Cc4ccccc4)CC3)[nH]n2)o1,30.02
N#Cc1ccc(-c2ccc(-c3cccc(F)c3)cc2F)nc1,14.29
CN1CCCC(NC(=O)c2cc(-c3ccc(-c4ccc(C#N)cn4)cc3)nc(-c3ccc(-c4ccc(C#N)cc4)cc3)n2)C1,14.12
N#Cc1cccc(Cn2c(O)c(CCc3ccccc3)[nH]c2=O)c1,19.24
O=C(O)c1cn(C2CC2)c2cc(N3CCN(CCc4cccc(F)c4)CC3)c(F)cc2c1=O,28.32
N#Cc1ccc(-c2ccc(-c3ncc(-c4ccccc4CNCCc4cccc(F)c4)c(-c4ccc(C#N)cc4)n3)cc2)cc1,30.39
CN(C)CCN1CCN(c2nc(-c3ccc(-c4ccc(C#N)cc4)cc3)nc3ccc(CNCc4ccc(-c5ccccn5)cc4)cc23)CC1,24.57
Cn1nc(C(=O)c2ccc(-c3ccc(C#N)cn3)cc2)cc1-c1ccc2c(c1)CCN2Cc1ccccc1C#N,36.3
CC(C)Cc1cc(-c2ccc(-c3ccc(C#N)cn3)cc2)nc(-c2ccc(C#N)cc2)n1,11.34
Cc1cccc(N=Nc2c(-c3ccc(Cl)cc3)[nH]c3ccccc23)c1,23.06
COc1ccc2c(Cc3ccc(=O)n(Cc4ccc(C#N)cc4)n3)nc(C)nc2c1,25.97
N#Cc1ccc(-c2cnc(-c3ccc(-c4c[nH]c(=N)cn4)c(F)c3Cl)c(C#N)c2)nc1,14.3
COc1c(C(=O)c2ccc(O)cc2)cccc1[N+](=O)[O-],31.71
N#Cc1ccc(-c2nc3sc(C(=O)Nc4ccc(C(N)=O)cc4)cn3n2)cc1,26.51
CCOc1ccc(-c2cc(COc3ccc(C#N)cc3)nc(-c3ccc(C#N)cc3)n2)cc1,18.44
CCCCCCCCc1ccc(N2C(=O)c3ccc(OC(=O)c4ccc(C=CC(=O)c5ccc6c(c5)C(C)(C)CCC6(C)C)cc4)cc3C2=O)cc1,33.73
CCc1cc(-c2nc(-c3ccc(C#N)cn3)nc(N3CCOCC3)n2)cnc1CCC(=O)NC1CCCCC1,24.57
N#Cc1ccc(-c2nnc(-c3ccc(C#N)c(C#N)c3)n2N)cc1,18.61
N#Cc1ccc(-c2nc(CCc3ccc(-c4ccnc(F)n4)cc3)nc(-c3cccc(C(F)(F)F)c3)n2)cc1,21.67
CC(C)CNC(=O)c1cc(-c2ccc(-c3ccc(C#N)cc3)cc2)nc(-c2ccc(-c3ccc(C#N)cc3)cc2)n1,14.74
O=C(OC1CNC(C#Cc2cc3[nH]cnc(=Nc4ccc(OCc5cccc(F)c5)c(Cl)c4)c3s2)NC1)N1CCOCC1,26.1
N#Cc1ccc(-c2ccc(-c3nc(-c4ccc(-c5ccc(C#N)cc5)cc4)c(C#N)c(-c4cc(-c5ccc(Cl)cc5)ncn4)n3)cc2)cc1,27.61
N#Cc1ccc(OC2CCN(C(=O)c3cccc(C#N)c3)CC2)nc1,20.8
N#Cc1cc(Cl)c(Cl)c(-c2cc[nH]c(=Nc3nc(Cl)cc(C(F)(F)F)n3)c2F)c1,33.52
COC(=O)C=Cc1ccc2ccccc2c1,19.28
CN1CCC23CC(O)=CC2C1Cc1c(OC2OC(CO)C(O)C(O)C2O)ccc(-c2ccccc2)c13,33.17
N#Cc1ccc(-c2nc3cc(-c4ncc(-c5cnccn5)nn4)ccc3n2Cc2ccc(-c3ccccc3C#N)cc2)cc1,30.4
Cc1ccc(N=c2[nH]c(N3CCN(CC(F)(F)F)CC3)nc(=Nc3ccc4c(c3)C(=O)CC(C(=O)CO)CN4)[nH]2)cc1C#N,41.23
N#Cc1ccc(-c2ccc(-c3nc(-c4ccc(-c5ccc(C#N)cc5)cc4)nc(-c4cc(C#N)cc(C#N)c4)n3)cc2)cc1,11.69
Cc1cc(N2CCN(C)CC2)nc2ccc(NC(=O)C=Cc3ccc(-c4ccc(C#N)cc4)cc3)cc12,19.6
CC(=O)N=c1cc(-c2c[nH]c3ccccc23)[nH]c(-c2ccc(C(=O)O)cc2)n1,23.33
N#Cc1ccc(-c2cc(-c3ccc(C#N)cc3)nc(-c3cccc(C#N)n3)c2)cc1,13.69
N#Cc1cccc(-c2cn(-c3ccc(C(=O)NN)c(O)c3)nc2-c2cccc(C#N)c2)c1,31.22
N#Cc1cccc(-c2cn(-c3ccc(N(Cc4ccccc4)c4ccccc4)cc3)cn2)c1,25.72
N#Cc1cccc(C(=O)NN=Cc2c(O)[nH]c(=O)n(-c3ccccc3)c2=O)c1,24.28
COc1cccc(-c2cccc(-c3nc(Cc4ccc(F)cc4)nc(-c4ccc(C#N)cc4)n3)c2)c1,20.71
N#Cc1cc(Cn2cnc(N3CCNC(=O)C3)cc2=O)cc(N=c2nc(-c3cccnc3)cc[nH]2)c1,30.21
C1=Cn2cccc2Cc2ccccc21,18.96
NS(=O)(=O)Oc1ccc2c(c1)CC(=C1CCN(C=O)CC1)C2=O,29.5
N#Cc1ccc(-c2nc(-c3cc(C(F)(F)F)cc(C(F)(F)F)c3)nc(-c3ccccc3F)n2)cc1,12.26
CN=c1cc(-c2ccc(C#N)cc2)c(C#N)c2[nH]c3ccccc3n12,17.24
Cc1cc(C)c2c(=O)cc(-c3cccc(F)c3)oc2c1,21.76
CC1CN(Cc2ccc(NC(=O)c3cnc(C4CC(F)C(N)C(F)CO4)c(NC(=O)c4cnc(C#N)c(C#N)c4)c3)cn2)CC(C)N1,41.92
Cc1cc(-c2nc(-c3ccc(C#N)cc3)nc(-c3ccc(N(C)C)cc3)n2)ccc1C=CC#N,19.12
N#Cc1cccc(C#Cc2ccc(-c3nc4[nH]c(=O)c5ccccc5n4c(=N)c3C#N)cc2)c1,21.5
CCn1ccc(N=c2nc3c(c[nH]2)CCc2nn(C)c(Cc4ccc(-c5cccc(C#N)c5)cc4)c2-3)n1,21.9
COc1ccc(-c2ccc(C=Cc3ccnc4ncccc34)cc2)cc1,24.92
N#Cc1ccc(-c2cc(Cl)nc(Cl)n2)cc1,11.61
O=C(COC(=O)c1ccc(F)c(S(=O)(=O)N2CCOCC2)c1)Nc1cc(C(=O)Nc2ccc(F)cc2)cc2c1C(=O)c1ccccc1C2=O,31.6
CC(N=c1[nH]cnc(N)c1C#N)c1nc2cccc(Cl)c2c(=O)n1-c1ccccc1,23.02
Cc1cc(-c2cc(C(F)(F)F)nc(-c3ccc(-c4ccc(-c5nc(Cl)ncc5N=c5[nH]ccs5)cc4F)nc3)n2)ccc1-c1ccc(C#N)cn1,30.51
Nc1ccc2c(c1)C(=O)c1ccc(Nc3nc(Nc4ccc5c(c4)CCC5=O)nc(Nc4ccc5c(c4)C(=O)c4cc(N)ccc4C5=O)n3)cc1C2=O,12.65
N#CC#Cc1cncc(-c2cc(Cl)nc3c(-c4ccc(C#N)c(F)c4)c(-c4ccc(OC(F)F)c(C#N)c4)nn23)n1,43.12
O=C(NCCc1ccccc1)C(Cc1cccc2ccccc12)=NC(=O)c1ccccc1,23.33
N#Cc1ccc(-c2nc(Br)c(-c3ccc(Cl)cc3)c(-c3ccc(Cl)cc3)n2)cc1,16.88
N#CC=Cc1ccc(C(F)(F)F)cc1,13.88
Cc1nc(-c2ccc(C#N)cc2)ncc1C1CCN(c2ncc(-c3c(C#N)cnc4ccccc34)s2)CC1,33.74
O=C(Nc1ccc(C2CNCCO2)cc1)c1cnn(-c2ccccc2)c1,18.05
Cc1nc2cc(C(Nc3ccc(C(=O)NC(C)C(N)=O)cc3)c3ccc(C#N)cc3)ccc2n1C(C)(C)C,39.08
N=C(N)c1ccc(OC2(C(=O)NC(Cc3ccc(-c4ccccc4)cc3)C(=O)NCc3ccc(-c4ccco4)cc3)CCCCC2)cc1,35.66
N#Cc1ccc(-c2cccc(-c3ccc(-c4ccc(Nc5nc(Nc6ccc7c(c6)C(=O)c6ccc(N)cc6C7=O)nc(N6CCNCC6)n5)cc4)cc3)n2)cc1,24.96
Cc1ccccc1C#CC=CC#Cc1ccc(C#N)cc1,16.61
N#Cc1ccc(-c2ccc(C3(c4noc(-c5cncc(C#N)c5)n4)CCC3)nc2)nc1,11.68
N#Cc1ccc(C(=O)N2CCC(c3nccnc3N=c3nc(C(F)(F)F)cc[nH]3)CC2)cc1,25.89
CC(C)n1cnc2c(=Nc3ccc(-c4ccco4)cc3)[nH]c(=NC3CCC(N)CC3)[nH]c21,27.2
Cn1c(=O)c(C(=O)Nc2ccc(C#N)cc2)c(O)c2cc(-c3ccc(O)c(Br)c3)ccc21,31.37
O=CN1CCN(C=Nc2ccc(-c3nc4cc(Cl)ccc4o3)cc2)CC1,18.3
O=C(c1ccc(F)cc1)N1CCN(c2nc(-c3ccncc3)nc3ccccc23)CC1,19.58
COc1ccc(-n2cc(C(=O)CC(=O)C(=O)N=c3cccc[nH]3)c3cc(C#N)ccc32)cc1,31.4
Cc1nc(=N)nc(-c2cc(C(C)(C)C#N)c[nH]c2=Nc2cccnc2)[nH]1,16.61
N#Cc1cccc(-c2cc(-c3ccc(NC(=O)NCc4cccnc4)cc3)nc(-c3ccccn3)n2)n1,22.14
N#Cc1ccc(-c2ccc(-c3c[nH]c(=N)n3CCc3cccc(F)c3F)cc2)cc1,23.87
N#Cc1ccc(C=Cc2[nH]n(-c3ccc(Cl)cc3)c(=O)c2C=Nc2ccnc(Nc3ccc4c(c3)C(=O)c3ccc(N)cc3C4=O)n2)cc1,22.77
N#Cc1ccc(-c2ccc(-c3ncc4ccc(C(F)(F)F)cc4n3)cc2)cc1,16.11
Cc1ccc(S(=O)(=O)N2CCN(C(=O)c3oc4ccc(C)cc4c3C)CC2)cc1,22.28
CCc1nc(N2CC(C)N(c3ncc(C#N)cn3)C(C)C2)nc(C(C)(C)C)n1,23.96
COc1cc(C(=O)NN=Cc2ccc(N=Cc3ccc(C)cc3)nc2-c2ccc(F)cc2)cc(OC)c1OC,30.1
N#Cc1ccc(-c2ccc(CNCC3CCc4c(C(=O)N5CCOCC5)cnn4C3)cc2)cc1,26.63
N=c1cccc(-c2ccc(-c3cccc(C4CC5CN(Cc6ccccc6)CCN5C4)c3)cc2)[nH]1,31.85
Nc1cc(O)c(N=Cc2cccs2)cc1O,11.19
N#Cc1cc(=O)n(N=Cc2c[nH]nc2-c2ccccc2)nc1-c1ccc(Cl)c(Cl)c1,29.84
O=C(Cc1cc(Cl)c(Cl)c(Cl)c1)NCCC(c1ccccc1)c1ccc(Cl)c(Cl)c1,30.71
COc1cc(CC2=c3ccc(C)cc3=NC2=O)ccc1-n1cnc(C)c1,23.46
CC(c1cc2c(cn1)ncc1ccccc12)n1nnc(-c2ccc(-c3ccc(C#N)cc3)cc2)n1,27.54
CC1(c2ccc(Cl)cc2)CC(=O)c2c(-c3ccc(Cl)cc3)coc2C1,28.38
CCCCCCCCCCC1=C2CC(=O)C=CC2(C)C2CCC3(C)C(=O)CCC3C2C1,27.03
Cc1ncc(-c2ccc(-c3nc(-c4ccc(C#N)cc4)c4c(=O)n(C)c(-c5ccc(F)c(F)c5)nn34)cc2)n1C,34.23
NCCCN=c1cc(-c2ccc(-c3ccc(-c4nc5cc(F)ccc5[nH]4)cc3)cc2)[nH]c2ccccc12,25.23
N=C(N)c1ccc(-c2cc(-c3ccc(C(=N)N)cc3)nc(-c3ccc(C(=N)N)cc3)c2)cc1,14.91
O=C(C=Cc1ccco1)N1CCC(c2nc(-c3ccc(F)cc3)no2)CC1,22.14
N#Cc1ccc(CC(N=c2cc[nH]c(-c3ccccc3)n2)c2ccccc2)cc1,23.43
Cc1ccc(-c2cc(C(=O)Nc3ccc(S(=O)(=O)N=c4nc(C)cc[nH]4)cc3)c3cc(-c4cccc(C#N)c4)ccc3n2)cc1,29.94
Cc1[nH]cc(C#N)c(=Nc2ccc(Br)cc2)c1C#N,16.79
Cc1cc(=Nc2ccc(N3CCN(C=O)CC3)c(C#N)c2)nc(-c2ccc(F)c(C(F)(F)F)c2)[nH]1,23.9
N#Cc1ccc(COc2ccc(-c3nc(-c4c(F)c(F)c(C#N)c(F)c4F)nc(-c4c(F)c(F)c(C#N)c(F)c4F)n3)cc2)cc1,15.52
COCCN1CCN(C(=O)c2cc(-c3ccncc3OC)nc(-c3ccc(-c4ccc(C#N)cc4)cc3)n2)CC1,30.45
CCOC(=O)C(Cn1ccnc1)n1cnc2cc(C)ccc2c1=O,26.9
CN=CCNc1ccc2c(c1)CN=C(C(C#N)C#N)N2,28.15
N#Cc1ccc(-c2nc(SCCN=c3ccc(Cl)c[nH]3)nc(-c3ccccc3)c2C#N)cc1,26.27
CNC(=O)c1cc(-c2nc(C(=O)N=c3cnc(C(=O)N4CCOCC4)c[nH]3)nc(-c3ccc(-c4ccc(C#N)cc4)cc3)n2)ccc1-c1ccc(C#N)cn1,23.27
N#Cc1ccc(-c2ccc(-c3nc(-c4ccc(-c5ccc(C(=O)O)cc5)cc4)nc(C4CCCC4)n3)cc2)cc1,13.91
CN(C(=O)c1cc(C2CCCCC2)nc(-c2ccc(C#N)cc2)n1)c1cccc(Cl)c1Cl,29.7
CN1CCN(c2ncc(C=C(C#N)C#N)c(-c3ccc(F)cc3)n2)CC1,17.78
N#Cc1cccc(-c2cc(C(=O)N3CCN(c4cccc5ccccc45)CC3)c3ccccc3n2)c1,31.13
N#Cc1ccc(Nc2ccc(C#N)c3c(C#N)c(N=Cc4ccccn4)c4ccccc4c23)cc1,28.34
CC(c1ccc2c(c1)OCO2)N1CCN(c2ncc(C(F)(F)F)cc2Cl)CC1,27.97
Cn1ccc(-c2ccc(N3C(=O)c4ccccc4C3=O)cc2Cl)n1,23.67
Cc1nc(-c2ccnc3cc(S(=O)(=O)N=c4ccc(C#N)c[nH]4)ccc23)ccc1C#N,29.06
CC1CCCCN1Cn1[nH]c(=O)c2ccccc21,28.56
ON=Cc1ccc2ccccc2c1,16.99
CCCCCc1ccc(C(=O)N(CCN(Cc2ccccc2)C(=O)c2ccccc2)Cc2ccc(-c3ccc(C(C)(C)C)cc3)cc2)cc1,31.06
COc1ccc(NCCCCCCCNc2c(N)c(C#N)c(C#N)c3nc(C#N)c(C#N)nc23)cc1,36.4
N#Cc1ccc(-c2ncncc2C=Nn2c(N)c(C#N)c(-c3ccc([N+](=O)[O-])cc3)c(C#N)c2=O)cc1,29.45
CCCCN(CCCC)C(=O)c1cc(C)n(-c2ccc(OC(=O)Nc3ccc4ccccc4c3)cc2C(=O)N2Cc3ccccc3CC2CO)n1,37.81
N#Cc1ccc(Nc2oc(-c3ccc(-c4ccc(C#N)cn4)c(F)c3)nc2C#N)cc1,13.87
Cc1ccc(S(=O)(=O)N(C)c2ccc(C(=O)Nc3ccc4c(c3)C(=O)c3ccc(N)cc3C4=O)cc2)cc1,23.9
N#Cc1cccc(-c2cc(C(N)=O)c3nc[nH]c(=NCc4ccccn4)c3c2)c1,20.14
Cn1c(CCC(=O)c2ccc(C#N)cc2)nnc1-c1ccccc1,18.55
N#Cc1ccc(-c2ccc(-c3nc(N4CCOCC4)c4cccc(Cl)c4n3)cc2)cc1,15.32
c1ccc(CC2CCN(Cc3nnc(-c4ccco4)o3)CC2)cc1,20.61
C[n+]1c2ccccc2cc2cc(NC(=O)CCCC(=O)NCCN=c3c4ccccc4[nH]c4ccccc34)ccc21,29.17
N#Cc1cc(N=c2nc(-c3ccccn3)cc[nH]2)cc(NCc2ncccn2)c1,22.19
Cc1cc(-c2cc(C#N)cc(-c3ccc(C#N)cn3)c2)nc(C#N)n1,10.5
CC(c1cc(=O)n(-c2ccc(F)cc2)c(=O)n1C)n1ccc2cc(N=c3ccc(C#N)c[nH]3)ccc21,49.13
Cn1cc(-c2ccc(-c3nc4ccc(C#N)cc4nc3N3CCCN(Cc4ccccc4F)CC3)cc2)cn1,26.99
C=CCc1nc(CCl)nc(C)c1C,22.76
Cn1c(=O)c(=O)[nH]c2cc3ccc(Cl)cc3cc21,24.49
COCC(NC(=O)C(=O)c1cc(C(=O)Nc2ccc(-c3ccc(F)cc3[S+]([O-])C(F)(F)F)cc2)n(-c2ccc(C#N)cn2)n1)c1ccc(Cl)cc1,54.36
N#Cc1cccc(-c2c[nH]n3ccc(=NC4CCC(N)CC4)nc23)c1,19.24
C=CCn1c(C(=O)OCC)cc(C2=c3ccc(-n4ccnc4-c4ccccc4)cc3=NC2=O)c1O,38.65
CN1CCN(c2nc(-c3ccc(-c4ccc(C#N)cc4)cc3)nc3ccc(C#N)cc23)CC1,11.71
Cc1cc(-c2nc(-c3ccc(C#N)cc3)nc3nc(-c4cncc(C#N)c4)nc(N4CCOCC4C)c23)nc(=O)o1,21.8
N#Cc1ccc(-c2ccc(C#N)c(C#N)c2)nc1,9.69
N#CC=Cc1cccc(C=Cc2ccc(OCc3ccc(C#N)cc3F)cc2)n1,19.89
Cc1ccc(-n2cc(C#N)c3ncccc32)cc1C(=O)Nc1ccc(CN2CCN(C)CC2)cc1,24.15
N#CC(C#N)=C(c1nc(C(C#N)=c2ccc(=C(C#N)C#N)cc2)nc(C(C#N)=c2ccc(=C(C#N)C#N)cc2)n1)[N+](=O)[O-],17.38
Cc1cnc(-c2ccc(-c3ccc(-c4cc(F)cc(C#N)n4)nc3)cn2)c(C#N)c1,24.97
CC(C)(C)OC(=O)N1CCC(c2nc(-c3ccc(C#N)cc3)nc(-c3ccc(C#N)cc3)n2)CC1,18.41
CCOc1ccc(NC(=O)c2c(NCc3ccccc3)cc(-c3ccc(C)cc3)oc2=O)cc1,24.26
N#CC(C#N)=c1ccc(=C(C#N)c2nc(C(=O)O)nc(C(C#N)=c3ccc(=C(C#N)C#N)cc3)n2)cc1,15.34
O=C(Nc1ccc(-c2noc(C(F)(F)F)n2)cc1)c1cc(-c2ccc(C(=O)N3CCCCC3)cc2)ccn1,26.67
CCN(CC)c1ccc(-c2cc(=O)c3ccc4c(c3o2)CC(CNC(C)=O)O4)cc1,28.57
Cn1cc(-c2cccc(C#N)c2)cc(C(=O)NCC#Cc2ccc3c(-c4ccc(-c5cc(F)cc(C#N)c5)cc4)cc(C#N)nc3c2)c1=O,32.69
N#Cc1ccc(N=c2[nH]c(Cl)cc(=N)[nH]2)cc1,17.69
Nc1ccc2c(c1)C(=O)c1ccc(Nc3nc(Nc4ccc5c(c4)OCCCC5=O)nc(Nc4ccc5c(c4)C(=O)c4ccc(N)cc4C5=O)n3)cc1C2=O,12.58
N#Cc1ccc(OCc2nc3ccccc3n2CC=C2c3ccccc3COc3ccc(C(=O)O)cc32)cc1,24.02
COc1ccc(NC2(C#N)c3ccccc3-c3ccccc32)cc1,21.29
Clc1c[nH]c(=NC2CCNCC2)cc1-c1cccc(=NC2CCCC2)[nH]1,23.05
Cc1cc(C#N)cc(C)c1Oc1cc(Nc2ccc(CNc3ccc(C(=N)NC#N)cc3)c(C(=O)NNCCO)n2)c(N)c2c1C(=O)c1ccccc1C2=O,44.96
COc1cc(OC)cc(N(CCNC2CCCNC2=O)c2ccc3ncc(-c4ccnc(C)n4)nc3c2)c1,36.71
N#Cc1ccc(-c2ccc(-c3nc(-c4ccc(-c5ccc(C#N)cn5)cc4)nc(-c4ccc(Br)cc4F)n3)cc2)cc1,16.75
N#Cc1ccc(-c2nc(-c3cc(C#N)n4cc5c(cc34)CCO5)no2)cc1,28.56
Cc1cccc(-n2c(C=Cc3ccc(C#N)cc3)nc3ccccc3c2=O)c1C,19.01
Cc1cc(-c2nc(-c3ccc(C(C)C)cc3)no2)ccc1-c1ccc(-c2cccc(-[n+]3ccc(-c4ccncc4)cc3)n2)cc1,25.9
CC1CN(C(=O)c2cc(CN3CCC(N4Cc5cccc6cccc(c56)C4=O)CC3)nc(C#N)n2)CC(C)N1,35.25
C=CCn1c(O)c(C=Nc2ccc(C#N)cc2)c2cc(-c3cccnc3)ccc21,25.31
N#Cc1ccc(-c2ccc(-c3nc(C(=O)NCc4ccc(Cl)cc4)nc(-c4ccc(-c5cncnc5)cc4)n3)cc2)cc1,20.4
N=c1cc(N=CC=Cc2ccccc2)nc[nH]1,17.88
N#Cc1cncc(-c2nsc(-c3cncc(C#N)c3)n2)c1,11.12
N#Cc1ccc(-c2cccc(COc3cc(C#N)cc(C(F)(F)F)n3)c2)nc1,22.62
CN1CCN(c2nc(-c3ccc[nH]3)nc(-c3ccco3)n2)CC1,28.85
N#Cc1ccc(-c2ccc(-c3ccc(-c4nc(-c5ccc(C#N)nc5)[nH]c(=NC(=N)N)c4C#N)cc3)cc2)cc1,27.33
Cc1c(C#N)c(=O)oc2cc3ccccc3cc12,22.62
C=C1CCCC(C)(C)C1C=CC#N,21.35
CC(C)(C)n1nnnc1C(Nc1ccc(C#N)cc1)c1cccc(C#N)c1F,23.92
CC(=NO)c1cc2cc(S(=O)(=O)c3cccc(C#N)c3)ccc2n1C,29.57
CCCCCCCN=Cc1ccc(C=NCCCNCC=CCNCCCN)cc1,24.99
N#Cc1c(-c2ccc(Cl)c(Cl)c2)[nH]c2ncccc2c1=O,22.58
N#Cc1c2ccccc2c(-c2nc(-c3nncc4ccccc34)nc(-c3c4ccccc4c(C#N)c4ccccc34)n2)c2ccccc12,13.39
N#Cc1ccc(C#Cc2ccc(CC(N)CNC(=O)C=Cc3ccc(C=NCCO)cc3)cc2)cc1,31.56
Cc1nc(-c2cncc(C#N)c2)nc(-c2ccc(-c3cnccn3)cc2)c1C,17.33
N#Cc1ccc(-c2ccc(-c3nc(-c4ccc(-c5ccc(C#N)cn5)cc4)nc(C(Cl)(Cl)Cl)n3)cc2)cc1,10.7
Cc1ccc2c(c1)[n+]([O-])c(-c1ccco1)n[n+]2[O-],23.8
CN(Cc1ccccc1)C(=O)c1noc(COc2ccc3c(c2)CCC(c2ccccc2)O3)n1,24.88
Nc1ccc2c(c1)C(=O)c1ccc(Nc3nc(Nc4ccc5c(c4)C(=O)CC5)c(F)c(Nc4ccc5c(c4)C(=O)c4ccc(N)cc4C5=O)n3)cc1C2=O,12.82
CCC(=O)N=c1nc(-c2cccs2)cc(-c2ccccc2)[nH]1,24.03
OCC1OC(c2ccc(F)c(Cc3ccc4ncccc4c3)c2)C(O)C(O)C1O,24.81
C=CCc1cc(C=CC=Cc2cc(=O)oc3cc(OC)cc(OC)c23)cc(OC)c1O,33.44
N#Cc1ccc(-c2nc(-c3ccc(C#N)cc3)n3ncnc(N4CCC4)c23)cc1,14.75
CS(=O)(=O)c1ccccc1-c1ccc(-n2c(-c3ccc(-c4ccc(C#N)cc4)cc3)nc3cc(C(=O)O)ccc32)cc1,21.05
CCCNCc1ccc(-c2ccc(C=Nc3ccc(-n4c(C)nc5ccc(Br)cc5c4=O)cc3)cc2)nc1,25.2
CC1(C)C2CCC1(CS(=O)(=O)N1CCC3(C=Cc4ccccc43)CC1)C(=O)C2,17.11
Cn1nccc1-c1cnc(-c2ccc(-c3nc(-c4ccc(-c5ccc(C#N)cc5)cc4)nc(C4CCCN4C(=N)N)n3)cc2)cc1-c1ccc(C#N)cc1,35.67
CC(C)(CNCC1CCOCC1)c1nc(-c2ccc(F)c(-c3ccc(C#N)cc3)c2)no1,28.88
Nc1ccc2c(c1)C(=O)c1ccc(Nc3cc(N)nc(Nc4ccc5c(c4)C(=O)c4ccc(N)cc4C5=O)n3)cc1C2=O,11.26
O=C(CCCn1ccnc1)Nc1ccc(C(=O)O)cc1,27.87
N#Cc1ccc(-n2cc(C(=O)c3ccc(C(F)(F)F)cc3F)nn2)cc1F,31.29
COc1cc(-c2ccc(-c3nc(-c4ccc(-c5cncc(C#N)n5)cc4)cc(C(F)(F)F)n3)cc2)ccc1Cl,22.23
CC#Cc1ncc(-c2ccc(C#N)cn2)cc1C(=O)N=c1cc(C(=O)NC)[nH]cn1,27.61
C=c1[nH]c(=Cc2ccc(N)cc2C)c(=O)n1-c1ccc(-c2nc(-c3ccc(C#N)cc3)nc(-c3ccc(C=Nc4cc(O)c(N)cc4O)cc3)n2)cc1,32.31
Nc1ccc2c(c1)C(=O)c1ccc(Nc3cc(Nc4ccc5c(=O)[nH][nH]c(=O)c5c4)nc(Nc4ccc5c(c4)C(=O)c4ccc(N)cc4C5=O)n3)cc1C2=O,13.09
N#Cc1cnc(-c2ccc(-c3nc(-c4ccc(-c5cccc(C#N)c5)cc4)nc(C(F)(F)F)n3)cc2F)nc1,14.74
N#Cc1ccc(C(=O)N=C(N)Nc2ccc(C#Cc3c(F)c(F)nc(F)c3F)cc2)cc1,25.44
CN1C(=O)c2ccccc2Sc2ccc(NC(=O)c3ccccn3)cc21,21.9
CC#Cc1cc(-c2c(C)[nH]c3cc(C#N)ncc23)ccn1,35.93
Cc1cc(CC#N)[nH]c(=Nc2ccc(S(C)(=O)=O)cc2-c2nc(-c3ccc(C#N)cc3)nc(-c3ccc(C#N)cc3)n2)n1,34.19
C=c1c(=Cc2nc(-c3cccs3)nn(-c3ccccc3)c2=O)ncn1-c1cccc(F)c1F,32.63
CN1CCN(C2CCc3sccc32)CC1,28.48
Cc1cc(C)c2c(c1)C1CCC(=O)N1C2CN(C)C,33.44
N#Cc1ccc(-c2ccc(-c3nc(C(=O)NC4CCN(CCO)CC4)cc(-c4ccc(-c5ccc(C#N)cn5)nc4)n3)cc2)cc1,13.74
N#Cc1ccc(-c2nc(C(=O)NCc3ncccn3)nc(-c3ccc(C#N)cc3)n2)cc1,13.04
CNC(=O)CCc1ccc(NC(=O)c2ccc(C#N)c(-c3ccc(C#N)cc3)c2)cc1,23.69
CC(=O)Nc1cc(NCc2ccc(C#N)cc2)c2c3c1c(=O)c1cc([N+](=O)[O-])ccc1n3C(C)=CC(C)(C)O2,45.63
N#Cc1ccc(Oc2ccc(N(CC(F)(F)F)S(=O)(=O)c3ccccc3)cc2C#N)cc1,21.44
CN(Cc1cncc(-c2cnc3ncnc(C#N)c3c2)c1)C(=O)NCC(C)(C)C,38.56
CC(C)COc1ccc(-n2cc(C(=O)N(c3ccccc3)c3ccc(F)cc3)nn2)cc1C#N,30.39
CCn1cc(C#N)c2c(-c3ccc(C#N)cc3)nc(-c3ccc(C#N)cc3)nc21,15.21
N#Cc1ccc(-c2ccc(-c3nc(-c4cncc(C#N)c4)nc(C4CC4)n3)cc2F)nc1,10.15
Cc1cccc2cc(-c3cccc(-c4ccc(C#N)cc4)n3)c(=O)oc12,22.51
N#Cc1ccc(-c2ccc(-c3nc(COc4ccc(C=C5C(=O)NC(=O)NC5=O)cc4F)nc(-c4ccc(-c5ccc(C#N)cn5)nc4)n3)cc2)nc1,18.78
CCc1cn2c(n1)CCC(NC(=O)c1ncnc3cc(OC(F)(F)F)ccc13)C2,41.42
N#CC(=Cc1ccc(C#N)cc1)C(=O)c1cn(Cc2ccc(-c3ccccc3C#N)cc2)c2ccccc12,27.67
CC(C)(C)c1ccc(CNC(=S)NCc2ccc(C=CC(O)=NO)cc2)cc1,18.22
CC(C)N1Cc2cccc(OCc3nc(-c4ccc(C#N)cc4)nc(-c4ccc(-c5ccc(C#N)cc5)cc4)n3)c2C1=O,20.89
CC(C)c1cc(-c2nc(-c3ccc(C=Nc4cc(O)c(N)cc4O)cc3)nc(-c3ccc(C=Nc4cc(O)c(N)cc4C(=O)NCCCCc4ccc(CN)cc4)cc3)n2)cc(C(C)C)c1,25.48
CN1CCC(Nc2cc(Nc3ccc4c(c3)C(=O)c3ccc(N)cc3C4=O)nc(Nc3ccc4c(c3)C(=O)c3ccc(N)cc3C4=O)n2)CC1,10.28
N#Cc1ccc(S(=O)(=O)c2ccc(CNC(=O)N3Cc4ccncc4C3)cc2)cc1,21.45
Cc1cc(OCc2nc(-c3ccc(-c4ccc(C#N)cn4)cc3)nc(-c3ccc(-c4ccc(C#N)cn4)nc3)n2)ccc1OCCCC(C)(C)C,17.65
N#Cc1ccc(-c2ncc(C#N)cc2-c2nc(-c3ncc(C#N)cn3)cc(C3CC3)n2)cc1,19.27
CC(C)(C)c1ncc(C(=O)NCc2ccccn2)c(-c2cncc(C#N)c2)n1,17.25
N#Cc1ccc(-c2ccc(-c3nc(-c4ccc(-c5cc(C#N)ccc5C#N)cc4)cc(C(F)(F)F)n3)cc2)cc1,14.02
O=C(CN(c1ccccc1)c1ccccc1)NCC1CCCCC1,24.15
N#Cc1cc(S(=O)(=O)N=c2[nH]cns2)ccc1Oc1ccccc1F,22.25
CC1OC(=O)C2CC3C(S(=O)(=O)CCO)=CCC3C(C=Cc3ccc(-c4ccc(Cl)c5ncccc45)cc3)C12,46.57
N#Cc1ccc(-c2nc(-c3ccncc3F)cc(N3CC4CC3C4)n2)cc1,24.05
Cc1cn(-c2ccc(C=CC=C(F)C(=O)Nc3ccc(F)c(Cl)c3)cc2F)cn1,31.47
N#Cc1ccc(Cn2c(-c3cccc(C#N)n3)nc(-c3cccc(C#N)c3)c2C(=O)Nc2ccc(Cl)cc2)cc1,31.69
NC(=O)c1cc(-c2ccc(Oc3ncccc3C=NOCc3ccccc3)cc2)nc(-c2ccc(Cl)cc2)n1,30.72
CC(=O)Nc1ccc(N=c2nc(-c3ccccn3)cc[nH]2)cc1,17.66
N#Cc1ccc(-c2nc(-c3ccc(-c4ccc(C#N)cn4)cc3)nc(-c3ccc(-c4ccc(-c5ccc(-c6ccncc6)nc5)cc4)nc3)n2)cc1,23.54
Cc1cc(-c2ccncc2)c2cc(N=c3cccc[nH]3)ccc2n1,25.58
CC(CNCc1coc(-c2ccccc2)n1)c1ccccc1,18.35
N#Cc1ccc(-c2nc(=NC3CCNCC3)cc[nH]2)cc1,25.58
COc1ccc(N2Cc3cnc(-c4cnc(C#N)nc4)cc3C2=O)c(C#N)c1,25.58
O=C1C(=Cc2ccc(Cl)c(Cl)c2)CCCC1=Cc1ccc(Cl)cc1Cl,18.9
O=CN1CCN(C=Nc2nc(N=CN3CCNCC3)cc(N3CCCCC3)n2)CC1,16.17
CC(CN1CCOCC1)NC(=O)c1cc(-c2c3ccccc3c(C#N)c3ccccc23)nc(-c2c3ccccc3c(C#N)c3ccccc23)n1,28.87
N#Cc1ccc(-c2ccc(-c3cc4cc(-c5ccncc5)c(Cl)cc4[nH]3)cc2)nc1,25.91
N#Cc1cccc(S(=O)(=O)N2CC(c3cccc(C(F)(F)F)c3)CC2=O)c1,26.58
O=C(O)CCc1ccc(OCc2nc(-c3ccc(-c4cccc(C(F)(F)F)n4)cc3)nc(-c3ncccn3)n2)cc1,25.68
N#Cc1ccc(-c2c(C=Cc3ccc4ccccc4n3)nc3ccc(-c4cc(N)cc(C(F)(F)F)n4)cn23)cc1,30.48
N#Cc1cc(Nc2ccc3c(c2)C(=O)c2ccc(N)cc2C3=O)n(Cc2ccc(-c3ccc(-n4c(O)c[nH]c4=O)c(F)c3)nc2)n1,29.91
Cc1nc(-c2ccc(-c3nc(-c4ccc(-c5ccc(C#N)cc5)cc4)nc(-c4cncc(C#N)c4)n3)cc2C)n(CC(C)(C)C)n1,18.54
N#Cc1ccc(-c2ccc(-c3nc(-c4ccc(-c5ccc(C#N)cn5)cc4)nc(-c4ccc(-c5cccc(F)c5)c(F)c4)n3)cc2)cc1,15.03
C#CCn1cnc(-c2ccc(-c3ccc(C#N)cc3)cc2)c1C#N,18.99
N#Cc1ccc(-c2ccc(-c3nc(-c4ccc5c(ccn5-c5ccc(C#N)c(F)c5F)c4)cc(-c4ccc(Cl)cc4Cl)n3)cc2)cc1,29.63
COc1ccc(-c2cc3ccc(-c4cc(CF)nc(C5CC(C)(O)C5)n4)cc3cn2)cc1F,31.35
N#Cc1ccc(-c2ccc(-n3nccc3-c3ccc4c(c3)CCCN4C(=O)c3ccc(F)cc3Cl)cc2)cc1,28.75
COc1cc(-c2cccc(F)c2)c(F)cc1-n1c2c(ccc1=O)C=C1C=CC(=NS1(=O)=O)C=CON2,26.8
N#Cc1ccc(-c2ccc(-c3noc(-c4ccc(-c5cccc(C#N)c5)cc4)n3)cc2)cc1,11.92
CCN(C)C(=O)n1nc(C(=O)O)cc1-c1cccc(C(F)(F)F)c1,35.27
N#Cc1cc(=NCc2ccc(Cl)nc2)nc(-c2ccc(F)cc2)[nH]1,23.74
Clc1ccc(-c2cc3cccnc3c3ncccc23)cc1,25.07
CCc1cccc2c(=NC(=O)CSc3cc(C)c4cc(C)ccc4n3)cc(C)[nH]c12,30.94
N#Cc1ccc(C=Cc2cc(C#Cc3ccccc3)nc(C#N)n2)cc1,14.58
N#Cc1ccc(-c2ccc(-c3ccc(NC4=NS(=O)(=O)CCN4)cc3)cn2)cc1,21.75
COc1ccc(CCNC(=O)C2CCN(S(=O)(=O)c3cn(C(C)C)cn3)CC2)cc1,23.65
COc1cc2nc(-c3ccc(C#N)cc3)nc(N3CCCC3)c2cc1OC,16.9
N#CC=Cc1ccc(-c2nc(=Nc3ccc(N)c(Cl)c3)c3cc(-c4cccnc4)ccc3[nH]2)cc1,28.6
CCC(=O)c1ccc(N2CCN(C(=O)c3ccc(-c4nc(COc5ccccc5)ncc4C)cc3)CC2)cc1,28.85
Cc1nc(C)c(-c2ccc(C=Cc3cc(F)c4ccc(C#N)cc4n3)cc2)cc1C=NO,35.66
CC(C)c1nc(-c2cccc(C#N)n2)cnc1-c1cccc(Cn2ccc(C#N)n2)n1,27.69
N#Cc1ccc(-c2cc(-c3ccc(F)cc3)nc(N=c3[nH]c4ccc(F)cc4s3)c2C#N)cc1,21.01
N#Cc1ccc(-c2nc(-c3ccc(C#N)cc3)nc(-c3cn(Cc4ccccc4F)nn3)n2)cc1,22.94
N#Cc1ccc(-c2nc(CF)nc(-c3ccc(C#N)cn3)n2)cc1,11.86
N#Cc1ccc(-c2nc(C#N)c(C#N)cc2-c2ccnc(C#N)c2F)cc1,22.37
CCC(CC)OC1=CC(C(=O)O)CC(NC(O)C(=O)CC[S+](C)[O-])C1NC(=O)C=CCN(C)C,47.52
N#Cc1ccc(-c2ccc(-c3nc(-c4ccc(-c5ccc(C#N)cn5)cc4)nc(-c4cccc(-c5ccccc5)c4)n3)cc2)cc1,16.89
NC(=S)NN=Cc1ccc([N+](=O)[O-])c2ccccc12,21.92
CCCC=c1ncc(=Cc2ccnc(C=CC#N)n2)n1Cc1ccc(C(=O)OC)cc1,21.37
CC(=O)Nc1ccc(NC(=O)Nc2cc(C#N)c(C34CC3C4)nc2C#N)cc1F,43.05
CC(F)=C1CCC(c2ccc(-c3cnc(=N)[nH]c3)nc2)(c2ccc(-c3ccc(C#N)cn3)cn2)CC1,25.95
COc1ccc(C=CC(=O)C=CC=Cc2ccccc2C(F)(F)F)cc1,27.22
CC(=O)Nc1ccn(Cc2ccc(Cl)cc2Cl)c1O,25.47
NC(N)=NOCCCOc1cccc(C(=O)N(C2CCCCC2)C2CCC2)c1,30.3
CC(C)COC(=O)N1CC(Cc2ccc(C#N)cc2)C(NC(=O)Nc2ccc(F)cc2)C1,31.8
Cc1c(C#N)c2cc(NCc3ccccc3)ccc2n1-c1ccc(-c2ccc(C#N)cc2)cc1,18.32
N#Cc1ccc(-c2nc(-c3ccc(F)cc3)nc(-c3ccc(C#N)cc3)n2)cc1,9.09
Cc1ccc(Cl)cc1-c1ccc(C(=O)NCCc2ccc(S(N)(=O)=O)cc2)o1,31.71
N#Cc1cc(C(=O)N2CCN(c3ccccn3)CC2)cc2c3ccccc3n(CC(=O)O)c12,28.07
N#CC=Cc1cccc(C(=O)c2ccc(C#N)c(C(F)(F)F)c2)c1,23.51
CCOC(=O)c1cccc(NC(=O)C(C)Oc2ccc(Br)cc2)c1,28.44
O=C1NC(=Nc2ccccc2)SC1=Cc1ccc(-c2cccc(C(=O)O)c2)o1,21.69
CS(=O)(=O)c1ccc(CN2CCN(CCN(CC3CC3)c3ccc(Cl)cn3)CC2)cc1,30.26
N#Cc1ccc(-c2nc(-c3cnc(C#N)nc3)cc(-c3cccnc3F)n2)cc1,16.49
CN(C)CC1CCN(C(=O)c2ccc(C#N)cc2)CC1,22.74
CN(CC#Cc1ccccc1)c1ccc2[nH]c(CO)nc2c1,24.03
N#Cc1ccc(-c2ccc(-c3nc(-c4ccc(-c5ccc(C#N)cn5)cc4)nc(-c4ccc(-c5ccc(C#N)cc5)cn4)n3)cc2)cc1,14.07
N#Cc1ccc(-c2cc(Cn3c(C(C#N)C#N)nc4cc(Cl)c(Cl)cc43)n(-c3ccccc3)n2)cc1,26.76
Cc1onc(-c2ccccc2Cl)c1C(=O)NNC(=O)COc1ccccc1,26.85
CCOC(=O)OCCC(C(=O)Nc1ccc2c(c1C#N)CCC(C)(C)C2)c1ccc(C#N)c(-c2cc(Cl)ccc2C#N)c1,43.31
COC(=O)c1cc2cc(NC(=O)c3ccc(-c4cccc(-c5ccc6ccc(F)cc6n5)c4)cc3)ccc2[nH]1,29.88
COc1cc(-c2cc(F)cc(Cl)c2)c(F)cc1-n1c(=O)ccc2nc(=Nc3ccc(N4CCN(C(C)=O)CC4)cc3)[nH]cc21,27.41
COCCN=c1ncn(-c2cccc(-c3c(F)c(F)c(F)c(F)c3F)c2)c2ccc(C#N)nc12,32.71
N#Cc1cccc(-c2cnc3[nH]cc(-c4ccnc(-c5cccnc5)n4)c3c2)c1,18.28
O=C(NNC(=S)Nc1ccccc1)c1cccs1,18.35
Cc1ccc(C(=O)C=Cc2cccc(OCC(=O)c3ccccc3)c2)c(C)c1,26.5
Cc1cc(N2CCN(C(=O)c3cccc4ccccc34)CC2)nc(=Nc2ccc(Cl)cc2)[nH]1,27.23
C=CN=C1C(=O)N(C(=O)Nc2ccccc2)C(=C)NN1C(=S)Nc1ccccc1,32.81
CC1CCc2cc(F)ccc2N1C(=O)c1cnc(-c2nc(Cl)c(-c3ccc(C#N)cc3)nc2C(F)(F)F)o1,39.7
N#CCOc1nc(=Nc2ccc(C#N)cc2)nc(OCC#N)[nH]1,18.99
N#Cc1cncc(-c2cc3cc(C#N)ncc3cn2)c1,14.84
O=CN1CCN(c2c(F)cc3c(=O)c(C(=O)O)cn(C4CC4)c3c2F)CC1,22.89
CCCCOC(=O)C1(C)CCC2(C)CC(NC=O)C(=O)C3(C)C2=C1CC(=O)C1C2(C)c4nc5nc(C)n(C)c(=O)c5nc4C(C)(C)C2CCC13C,63.51
Cc1ccc(C(=O)c2ccc(-c3ccc(-c4cccc(-c5ccc(-c6nc(Cl)nc(Cl)n6)cc5)c4)cn3)nc2)cc1,13.86
Cc1cc(-c2ccc(NC(=O)C(Cc3ccccc3)N=C(NC#N)Nc3cccnc3)cc2)nc(C(F)(F)F)n1,33.04
N#Cc1cncc(-c2nc(-c3cccc(F)c3)nc(-c3cncc(C#N)c3)n2)c1,11.24
N=c1ncc(-c2cc(-c3ccsc3)nc(N3CCOCC3)n2)c[nH]1,20.33
Cc1cccc(C(C)(O)c2cc(-c3ccc(C#N)cc3)nc3ccccc23)c1,34.74
CC(C)N=c1[nH]c(-c2nc(-c3ccc(-c4ccc(C#N)cn4)cc3)nc(C3(c4ccc(=N)[nH]c4)CC3)n2)cc2ncn(C)c(=O)c12,32.6
CN(CCCN=c1c2ccc(Cl)cc2[nH]c2ccc(C#N)cc12)CCNC(=O)c1ccc2c3c(C(=O)NCc4ccccn4)cccc3n(CCCBr)c2c1,53.34
O=C(O)c1cn(Cc2ccc(-c3ccccc3)cc2)cc(O)c1=O,19.53
N#Cc1ccc(-c2ncc(-c3ccc(C#N)cc3)c(-c3ccc(F)cc3)n2)cc1,11.12
N#Cc1ccc(-c2ccc(-c3nc4c(n3-c3ccc(C#N)cc3)C(=O)N(c3ccc(-c5ccccc5CN5CCCCC5)cc3)CC4)cc2)cc1,21.16
N#Cc1ccc(-c2ccc(-c3nccc(C4CCCCC4)n3)cc2)cc1,19.17
CCC(=O)Nc1sc(C(=O)Nc2ccccc2Cl)c(C)c1C#N,25.67
N#CCCN(Cc1ccccc1)C(=O)c1ccc(-c2ccc(C#N)cc2)cc1,18.15
O=C(O)CCc1cc(CC(=O)O)ccc1C(=O)c1nc(CNc2ccc(C(=O)NC(CCC(=O)O)C(=O)O)cc2)nc2ccccc12,40.33
CC(C)CC(=O)c1c(O)c(O)n(-c2ccc(-c3ccoc3)cc2)c1-c1ccc(F)cc1,17.29
N#Cc1ccc(-c2nc(-c3ccc(NC(=O)c4ccccc4)cc3)nc(-c3ccc(Cl)c(Cl)c3)n2)cc1,20.46
COc1ccc(-c2cc(C)nc(Sc3nnc(-c4cccnc4)n3C)c2C#N)cc1,32.65
CNNC(=S)Nc1ccc(C)cc1,20.47
COc1cc(-c2nc(=NCc3cc(F)cc(-c4cncc(C#N)c4)c3)[nH]cc2-c2cc(N3CCN(C)CC3)ncn2)ccc1Cl,50.3
CC(O)(CO)C(=O)Nc1ccc(-c2cnc(-c3cncc(C#N)c3)c(C#N)c2)nc1,22.98
N#Cc1ccc(-c2ncc(-c3ccc(F)cc3)cc2C#N)cn1,18.43
Cc1ccc(NN=c2[nH]c(-c3ccncc3)nc3nc(-c4ccc(C#N)nc4)ccc23)cc1,28.16
COc1ccc(C=CC(=O)c2cc3ccccc3o2)cc1,20.29
Nc1ccc2c(c1)C(=O)c1ccc(NC(=O)c3ccccn3)cc1C2=O,12.2
N#Cc1ccc(-c2nc(-c3cncc(C#N)c3)nc(-c3ccccc3C#N)n2)cc1,11.71
N#CCOc1nc2c(cc1C#N)CCOC2,27.16
N#Cc1ccc([N+](=O)[O-])cc1C#N,17.36
N#Cc1ccc(C#Cc2ccc(-c3nc(-c4ccc(-c5ccc(NC(=O)C=Cc6cc(C(=O)c7ccccc7)cc(-c7ccccc7)c6)cc5)cc4)nc(-c4ccc(C(F)(F)F)cc4)n3)cc2)cc1,39.42
N#Cc1ccc(-c2ccc(-c3nc(-c4cccc(C#N)c4)nn3-c3ccc(OCCCF)cc3)cc2)cc1,22.15
Nc1ccc2c(c1)C(=O)c1ccc(Nc3nc(Nc4ccc5c(c4)NC4CCCCC4C5=O)nc(Nc4ccc5c(c4)C(=O)c4ccc(N)cc4C5=O)n3)cc1C2=O,10.15
Cc1nc2cc(OCC(=O)N3CCCC3C(=O)Nc3ccc(C(=N)N)cc3F)ccc2s1,32.58
Cc1ccnc(N2CCN(c3ccn4ncc(-c5ccc(-c6cnccn6)cc5)c4n3)C(C)C2)n1,28.78
CNC(=O)c1ccc(C2NC(=O)N=C3C(=Cc4ccc(-n5cnc(C)c5)c(OC)c4)CNCC32)cc1,32.62
Cn1c(C=CC#N)nc(C#N)cc1=O,18.12
O=C(NOC1CCCCC1)c1cccc(SSc2ccccc2C(=O)O)c1,34.55
COc1ccc(C2=NN(C(=O)c3ccc(-c4ccc(C#N)cc4)o3)C(c3ccc4c(c3)OCO4)C2)cc1OC,27.37
N#CCn1c(-c2ccc(C#N)cc2)nc(-c2ccc(C#N)cc2)c1-c1ccc(C#N)cc1,10.8
N#Cc1c[nH]c2ccc3c(C=Cc4ccc(-c5ccccn5)cc4)nccc3c12,29.35
Cc1ccccc1-n1c(SCC#N)nnc1-c1ccccn1,20.85
Cc1ccc(-c2ccc(-c3nc(C(=O)NC4(CC5CCCN5)CC4)cc(-c4ccc(-c5ccc(C#N)cn5)cc4)n3)cc2)cc1,38.94
Cc1cccc(-c2c(-c3ccnc(-c4ccc(C#N)cc4)n3)cnn2C)c1,21.73
C=CCC1(C(F)Cl)NC(=O)c2ccc(OC(=O)c3ccccc3OCC)cc2O1,45.91
N#Cc1ccc(-c2ccc(-c3ccn(Cc4ccccc4C#N)n3)cc2)cc1,19.6
CN(Cc1ccccc1)C(=O)c1nc(C2CCCCN2C(=O)c2ccncn2)nc2c(C#N)cccc12,45.44
Cc1ccc(-c2nn(-c3ccccc3)cc2C(=O)N(C)CC(=O)Nc2ccccc2C#N)cc1,22.97
N#Cc1c(Sc2ccc(Cl)cc2)nc(-c2ccccc2)nc1-c1ccc(CSc2ccccc2)cc1,32.68
CN(C)c1nc(C#N)nc2nncnc12,21.39
N#Cc1cncc(-c2nc(-c3cncc(C#N)c3)nc(-c3ccc(C#N)nc3Cl)n2)c1,14.8
CCOC(=O)c1cc(N=Cc2cnc(=S)n(C)c2O)cc(C(=O)OC)c1,25.59
CC(CO)N1Cc2c(NC(=O)NC3CC(C)(C)Oc4ccc(F)cc43)cccc2C1=O,26.86
CC(=O)Nc1ccc(N=Cc2ccccc2O)cc1O,12.73
CN(C)C1C(=O)C(C(N)=O)C(=O)C2(O)C(O)c3c(cc4ccc(N=Cc5ccccc5)c(O)c4c3O)CC12,22.62
CC1CC(c2ccc(C#N)cc2)N(Cc2ccoc2)C1=O,22.97
N#CC(=Cc1cc2cc(S(=O)(=O)Nc3ccc(F)cc3F)ccc2o1)C(=O)NCc1ccco1,32.56
N#CC=Cc1ccncc1,11.59
N#Cc1cc(Cl)cc(-c2nc(C#N)nc(=Nc3ccccc3)[nH]2)c1,19.18
N#Cc1ccc(-c2ncc(C#N)cc2-c2ncnc(-c3cc(C#N)cc(C#N)c3)n2)cc1,13.0
CCCCCCCC=c1cc(CCC(=O)OC)c(=Cc2ccc(-c3cccc(C#N)c3)[nH]2)[nH]1,28.33
Cc1ccc(C=Nc2ccc3[nH]c(C(=O)OC(C)C)cc(=O)c3c2)nc1,30.78
Clc1nc(Cl)nc(-c2cccs2)n1,10.19
COC(=O)CCc1ccc(-c2cc(F)c3c(c2)CCc2nnc(C)n2-3)cc1,28.81
N#CC=Cc1cccc(C=Cc2nc(-c3ccc(-c4cnn(Cc5cccc(C#N)c5)c4)nc3)ncc2-c2ccc3ccc(F)cc3n2)n1,46.62
CC(C)CC1COC(=O)N1c1nc(-c2cncc(C#N)c2)nc(-c2ccc(-c3cnc(-c4ccc(C(=O)O)nc4)nc3)c(F)c2)n1,37.7
CCCCn1c2c(c3ccc(F)cc3c1=O)C(=O)c1cc(NC(C)=O)ccc1-2,26.57
N#CCNc1cc(NCc2cccc(C#N)c2)cc2c(=Nc3ccc(F)c(Cl)c3)[nH]cnc12,25.89
O=CN1CCN(C=Nc2ccnc(F)c2F)CC1,15.35
Cc1ccc(C(=O)Nc2cccc(C(F)(F)F)c2)cc1C#Cc1cnc(=NCc2ccc(C#N)nc2)[nH]c1,24.91
NC(N)=NC(=O)c1nc(Cl)c(=NCCOc2ccccc2)[nH]c1N,22.07
N#Cc1ccc(-c2nc(-c3cncc(C#N)c3)nc(-c3cc(C#N)ccc3C#N)n2)cc1,11.69
Cc1ccc(CSCCNC(=O)c2ccc(C)nc2)cc1,19.53
Cc1nc(C#Cc2cccc(-c3nc(C(F)(F)F)no3)c2)cs1,21.52
COC(=O)CC1c2ccc(-c3ccc(C#N)cc3)cc2S(=O)(=O)N1Cc1ccc(-c2ccc(C#N)cc2)nc1,27.93
N#Cc1ccc(-c2nc(-c3ccc(C=C4SC(=Nc5ccccc5)N(c5ccc(C#N)cc5)C4=O)cc3)cs2)cc1,18.25
Cc1ccc2c(n1)N(CCNCc1ccccc1)CCC2,31.99
O=c1n(Cc2ccc(F)cc2)nnn1-c1ccccc1,19.2
O=C(c1ccccc1)N1N=C(c2ccc(-c3ccccn3)nc2)CC1c1ccc(Cl)cc1,26.67
N#Cc1ccc(-c2nc(-c3ccccc3C#N)nc(C3CC3)n2)cc1,9.95
N#Cc1ccc(-c2ccc3nc[nH]c(=NCc4cc(-c5ccc(C#N)cc5)nc(-c5cccc(F)c5)n4)c3c2)cc1,27.44
N#Cc1c[nH]c(C#N)n1,14.7
N#Cc1cccc(-c2ccc(-c3ccccc3)n2CC(=O)N=C(N)N)c1,16.14
CC1CC(=O)Nc2ccccc2N1S(=O)(=O)c1cccc(C#N)c1,21.58
N#Cc1ccc(-c2nc(-c3cncc(C#N)c3)nc(-c3ccc(Cl)cc3F)n2)cc1,17.24
Cc1sc(C(C=NC(O)c2ccc(F)c(F)c2)NN)nc1-c1nc(-c2ccc(C#N)cc2)cs1,46.87
N#Cc1ccc(-c2nc(COc3ccc(OCC(=O)O)cc3)nc(-c3ccc(Cl)c(F)c3)n2)cc1,18.25
CNC(=O)NS(=O)(=O)c1ccccc1C,26.74
N#Cc1ccnc2c(NCc3ccc(F)c(Cl)c3)cccc12,27.21
N#Cc1ccc(Nc2ccc(C=Cc3nc(C#N)ccc3N)cc2)cc1,19.54
N#Cc1ccc(-c2ccc(-c3nc(-c4ccsc4)nc(C4CCCN4C(=O)c4ccc(-c5ccccc5)cc4)n3)cc2)cc1,23.06
N#CC=Cc1cc(C=C(C#N)C#N)nc(C=CC#N)n1,9.31
O=c1cnn(-c2ccc(S(=O)(=O)c3ccccc3)cc2)c(=O)[nH]1,18.05
N#Cc1ccc(-c2ccc(-c3nc(C(N)=O)c4cc(O)ccc4n3)cc2)cc1,16.46
NC(=O)c1cc(Nc2ccc3c(c2)C(=O)c2cc(N)ccc2C3=O)cc(C(=O)O)c1,24.98
Fc1ccc(CNc2ccc3c(c2)CC2CCNCCN32)c(F)c1,27.49
N#Cc1ccc(-c2ccc(-c3nc4c(n3-c3ccc(F)cc3)N3CC(C(F)(F)F)=NN3CC4)cc2)cc1,20.67
N#Cc1ccc(-c2nc(-c3ccc(C#N)cc3)nc(-n3ccnc3C#N)n2)cc1,18.95
N#Cc1ccc(-c2ccc(-c3nc(-c4ccc(-c5ccc(C#N)cn5)nc4)nc(-c4ccc(-c5ccccn5)c(F)c4)n3)cc2)cc1,13.94
N=c1n(Cc2ccc(F)cc2)c2ccccc2n1Cc1ccc2ccccc2c1,25.55
Cn1c(O)c(C(=Nc2ccc3c(c2)OCO3)N=c2[nH]c(-c3cccs3)nn2-c2ccccc2)c(=O)n(C)c1=O,36.03
N#Cc1ccc(-c2nc(CCc3ccc(-c4nc(=O)o[nH]4)cc3)nc(-c3cccc(C(F)(F)F)c3)n2)cc1,19.43
N#Cc1c(-c2ccc(Br)cc2)cc(C(=NCc2ccccc2)C(Cl)(Cl)Cl)c2c(=O)n3ccccc3nc12,37.5
O=C(Cc1ccccc1)N=c1ccc(CCCCc2n[nH]c(=NC(=O)Cc3cccc(F)c3F)s2)n[nH]1,19.08
N#Cc1c(-c2ccc(F)cc2)cc(-c2ccc(O)cc2)[nH]c1=N,19.34
N#Cc1cccc(C#Cc2ccccc2)n1,10.98
Cc1nc(C(Cc2ccc(C#N)cc2)N=c2nc(C#N)nc(-c3ccc(C#N)cc3)[nH]2)nc2ccc(F)cc12,25.49
N#CC=CC#Cc1ccccc1,13.03
N#Cc1ccc(-c2ccc(-c3nc(C(=O)NCc4ccc(Cl)c(Cl)c4)cc(-c4ccc(-c5ccc(C#N)cn5)c(Cl)c4)n3)cc2)cc1,17.11
CC1CN(Cc2ccc(C(=O)Nc3ccc4c(c3)C(=O)c3ccc(N)cc3C4=O)cc2)CC(C)O1,22.22
C(=Cc1nc2nc(-c3cccs3)ccn2n1)c1ccccc1,24.01
N#Cc1ccc(-c2nc(-c3cccc(C#N)n3)nc(N(CC(O)C(F)(F)F)c3ccc(F)c(C#N)c3)n2)cn1,25.55
N#Cc1ccc(-c2ccc(-c3cc(C(N)=O)nc(-c4ccc(-c5ccccc5)cc4)n3)cc2)nc1,14.89
N#Cc1ccc(C2=NCC(=O)N(Cc3cccc(NC(=O)OCc4ccccc4)c3)c3ccc(Cl)cc32)cc1,28.83
Cc1ccc(N=C(N)SCc2cccc(C)c2)cc1,22.38
C=CC(=O)Nc1cccc(N=c2[nH]c(=Nc3ccc(N=[N+]=[N-])c(N4CCOCC4)c3)[nH]cc2C(F)(F)F)c1,34.43
Cc1cc(=N)n(-c2nc(-[n+]3ccc(-c4ccncc4)cc3)nc(-[n+]3ccc(-c4ccncc4)cc3)n2)[nH]1,27.73
N#Cc1ccc(-c2ccc(-c3nc(-c4ccc(C#N)cc4)cc(-c4cccc(-c5ccc(CN6CC7CCC(=O)N7C6=N)cc5)c4)n3)cc2)cc1,34.11
CN1CCN(CCNCc2cc(C(N)=NO)cc(-c3ccc(-c4cccc(C#N)n4)cc3)n2)CC1,32.27
O=Cc1ccn(-c2ccc(-c3nc(Cl)nc(Cl)n3)cn2)c1,19.25
Cc1cc(C)cc(Sc2nc(C(C)(C)C)nc(C)c2C#N)c1,23.59
N#Cc1ccc(F)cc1,9.74
N#Cc1ccc(C#N)c(N2CC(c3ccc(F)c(C#N)c3)CC2=O)n1,28.14
N#Cc1ccc(-c2cn(-c3cc(C#N)nc4ncccc34)c(-c3cc(F)cc(C#N)c3)n2)cc1,24.65
N#Cc1ccc(-c2cccc(-c3cc(-c4ccc(C#N)cc4)nc(-c4ccc(F)cc4)c3C#N)c2)cc1,20.5
N#Cc1ccsc1N=Cc1ccc(Oc2coc(C=Cc3ccc(O)c(O)c3)nc2=O)cc1,36.13
Nc1ccc2c(c1)C(=O)c1ccc(Nc3nc(Nc4ccc5c(c4)CC(=O)NNC5=O)nc(Nc4ccc5c(c4)C(=O)c4ccc(N)cc4C5=O)n3)cc1C2=O,9.46
Cc1ncc(-c2nc(-c3ccc(C(=O)c4ccc(F)cc4)cc3)cc(C(C)C)n2)nc1C=NO,31.41
C=C(C)C1CCC2(C(=O)NCc3ccccc3)CCC3(C)C(CCC4C5(C)Cc6cc(-c7cccnc7)nc(OC7CC7)c6C(C)(C)C5CCC43C)C12,36.08
Cc1nc(=NCCc2ccsc2)cc(-c2ccc(F)c(-c3ccc(-c4nccs4)nc3)c2)[nH]1,41.74
N#Cc1ccc2c(c1)CN(Cc1ccc(-c3ccncc3)cn1)c1cccc(C#N)c1N2,34.5
N#Cc1ccc2[nH]cnc(=Nc3ccc4c(c3)CCN4C3CCCCC3)c2c1,24.41
N#Cc1ccc(-c2cncc(-c3cc(C#N)cnc3-c3ccc(C#N)cc3)n2)cc1,12.42
OCC1CCCN1Cc1cnc(CSc2ccccn2)nc1,33.81
CNC(=O)CN=c1[nH]c(C#CCO)cn2c(-c3cncc(-c4cnc(OC)c(F)c4)n3)cnc12,31.58
CN(C)CCc1ccc(C2=CC(C(=O)NCc3ccccc3)(C(F)(F)F)OC(c3ccc(C#N)cc3)=N2)cc1,30.17
N#Cc1ccc(Cn2c(-c3cccc(C#N)n3)cc(-c3ccc(C#N)cc3)c2-c2ccccc2N)cc1,26.18
CCCC[n+]1cccc(NC(=O)c2ccc(NC(=O)c3ccc(NC(=O)c4ccc(-n5nnc(-c6cc(C=O)cc(N=[N+]=[N-])c6)n5)cc4)c(C)c3)cc2)c1,33.94
COC(=O)c1ccnc(C(=O)N2Cc3cc(OC)c(OC)cc3CC2C#N)c1C(=O)OC,32.69
O=C(c1cnn(-c2ccccc2)c1-n1cccc1)N1CCN(c2cccc(C(F)(F)F)c2)CC1,25.57
COc1cc(-c2nc(-c3cncc(C#N)c3)nc(-c3cncc(C#N)c3)n2)ccc1-c1ccc(C#N)cc1,12.59
CCCc1cc(-c2cccc(-c3ccc(OC)c(NC(=O)N=c4cc[nH]cc4)c3)c2)nc(C#N)n1,24.04
CCn1nc(C2CC2)nc1-c1ccc2[nH]c(-c3c[nH]c4ccccc34)cc2n1,31.89
N#Cc1ccc(-c2ccc(-c3nc(-c4ccc(-c5ccc(C#N)cc5)cc4)nc(-c4ccc(-c5ccc(C(N)=O)cc5)cc4)n3)cc2)cc1,11.18
O=C(NN=Cc1ccc[nH]1)c1ccc(Cl)nc1Cl,26.23
N#Cc1ccc(NC(=O)COc2ccc(C(=O)C=Cc3ccc(C(=O)O)cc3)cc2)cc1,26.67
N#Cc1ccc2[nH]c(C(O)c3cccc(-c4ccccc4)c3)nc2c1,26.63
N#Cc1ccc(-c2nc(-c3cncc(C#N)c3)nc(-c3ccc(-c4cnc(CO)cn4)c(F)c3)n2)cc1,20.01
N#Cc1ccc(-c2cc(-c3ccc(=N)[nH]c3)nc(-c3ccc(C#N)cc3)n2)cc1,17.6
COc1cccc(-c2cc(C(=O)NC(C)C)nn2-c2ccc(-c3ccc(C#N)cc3)cc2)c1,21.69
CCC(CC)c1cc(-c2cc(C=CC(=O)O)cc(C=CC(=O)c3ccc(OCc4ccccc4)c(OCC=C(C)CCC=C(C)C)c3)c2)cc(O)c1O,49.36
Cc1cccc(C=NN=c2cc(C)[nH]c(=N)[nH]2)n1,19.58
CCN(CC)c1ccc(C2SCC(=O)N2NC(=O)c2oc(C)nc2-c2ccc(C)cc2)cc1,31.38
N=c1[nH]cc(-c2ccc3c(cnn3Cc3cccc(F)c3)c2)cc1C(O)=NO,35.89
N#Cc1ccc(CN=c2cc(-c3ccc(C#N)cc3)[nH]c(-c3cnccn3)n2)cc1,22.52
Oc1cccc(C=Nc2ccccc2)c1,17.64
NC(=O)NCCNC(=O)c1cn2cc(Cc3cccc(Cl)c3F)ccc2n1,31.26
Cc1oc(=O)c(C=Nc2ccc(Nc3ccc(N=C=NC4=CC=C5C=CC(=N5)C=CNc5cc(N)ccc54)cc3)c(N)c2)c2ccccc12,41.31
Cc1cc(CNC(=O)c2cc(C#N)[nH]c2-c2cccc(C#N)c2)on1,24.54
N#Cc1ccc(OCc2nc(-c3ccc(-c4ccccc4)cc3)nc(-c3ccc(-c4ccc(C#N)cc4)cc3)n2)cc1,15.66
N#Cc1ccc(-c2ncc(C=NNC(=O)c3ccccn3)c(-c3cccs3)n2)cc1,24.88
N#Cc1ccc(-c2ccc(Cc3nc(C(=O)N4CC(C(=O)O)Oc5ccccc54)nc(-c4ccc(C#N)cc4)n3)cc2)cc1,30.47
N#Cc1ccc(CC(=O)NCc2ccc(-c3nc(C(=O)NC4CCN(Cc5ccccc5)CC4)no3)cc2)cc1,23.83
N#Cc1ccc(-c2cc(C(O)CCN=c3cc[nH]c4cc(Cl)ccc34)cc(-c3ccc(C#N)cc3)n2)cc1,26.81
O=C(Nc1ccccc1)Nn1c(Cl)nc2ccccc2c1=O,23.61
N#Cc1ccc(-c2ccc(C#N)c(-c3ccc(C#N)cn3)n2)cc1,13.37
N#Cc1ccc(-c2nc(-c3ccc(F)cc3)cc(-c3ccc(Cl)cc3)n2)cc1,16.15
Nc1ccc2c(c1)C(=O)c1ccc(Nc3ccnc(N4CCC(N)C4)n3)cc1C2=O,15.19
O=C(O)CN1CCN(CCCC(Cl)(c2cccc(Cl)c2)c2ccc(Cl)cc2Cl)CC1,40.62
Cc1ccc(NC(=O)Cc2ccc(F)cc2)cc1N=c1nc(-c2cccnc2)cc[nH]1,23.09
O=c1nc(-c2c(F)cc(F)cc2F)sn1-c1nc(-c2ccc(Br)c(F)c2F)ncc1F,33.45
Cc1ncsc1C=CC(=O)NCCc1ccc(C#N)cc1,22.6
COc1ccc(C=Nc2nc(-c3ccc(O)cc3)cc(-c3ccc(OC)c(OC)c3)n2)cc1OC,22.5
N#CC=Cc1ccc2ccccc2c1,13.37
N#Cc1ccc(-c2ccc(-c3nc(-c4ccc(C#N)cc4)nc(-c4ccc(-c5ccc(Cl)cc5)cc4)n3)cc2)cc1,14.75
N#Cc1ccc(-c2nc(-c3ccc(NC(=N)Nc4ccc(C#N)nc4)cc3)nc(-c3ccc(-c4ccc(C#N)cn4)nc3)n2)cc1,27.32
Cc1nc(-c2ccc(C#N)cc2F)ccc1C(=O)Nc1ccc(C#N)cc1Cl,27.48
NS(=O)(=O)c1ccc(CCN2C(=O)c3cccc4cccc(c34)C2=O)cc1,18.82
CN1CCN(c2nc(=Cc3ccccc3)c(=O)[nH]c2=Cc2ccccc2)CC1,22.29
C=C(c1ccc(-c2cc(C#N)cc(C#N)c2)nc1)c1ccc2nc(N)[nH]c2c1,30.61
CCc1ccc(-n2c(=O)[nH]c(O)c(C=Nc3ccc(Cl)cc3)c2=O)cc1,18.78
N#Cc1cc(C2CC2)cc2nc[nH]c(=Nc3cc(N4CCC(C#N)CC4)nc(N4CCCC(N)C4)n3)c12,47.7
Cc1cccc(C)c1N=c1nc(C#N)nc(C(=O)NCc2ccccc2)[nH]1,27.98
N#Cc1ccc(-c2cc(-[n+]3ccc(-c4ccncc4)cc3)nc(-[n+]3ccc(-c4ccncc4)cc3)n2)cc1,8.66
N#Cc1ccc(-c2nc(-c3ccc(C(O)c4ccccn4)cc3)nc(-c3cncc(C#N)c3)n2)cc1,20.88
N#Cc1ccc2[nH]c(=NC3=NCN(Cc4ccc(F)cc4)S(=O)(=O)N3)c(C#N)nc2c1,29.83
CC(C(=O)N=c1ccc(-c2cc(F)cc(F)c2)c[nH]1)c1ccc(-c2cc(-c3cnc(C#N)cn3)cc(C#N)n2)cc1,31.03
O=c1c(-c2ccccc2)c(-c2ccccc2)[nH]n1-c1ccccn1,19.78
CC(NC(=O)c1cc(-c2ccc(-c3ccc(C(N)=O)cc3)cc2)cc(S(=O)(=O)NC(C)(C)C[N+](C)(C)C)c1)C(=O)O,43.29
N#Cc1cc(CN=c2ccnc[nH]2)cc(-c2ccc(F)cc2F)n1,24.42
N#Cc1ccc(C(=O)c2cc(C#N)cc(CCc3cccc(CO)n3)c2-c2ccc(-c3ccc(C#N)cc3)cc2)cc1,25.61
N#Cc1ccc(CN2CCN(C3Cc4ccccc4C3)CC2)cc1,18.07
N#Cc1ccc(-c2cccc(-c3ccc(-c4ccc(CNCCCN=c5cc(C#N)[nH]c6ccccc56)cc4)cc3)n2)cc1,20.51
CC(c1ccc(F)cc1)N(C)C(=O)CNC(=O)c1ccc2c(c1)CCO2,26.66
N#Cc1ccc(CNc2oc(C=Cc3ccc(N=CN4CCN(C=O)CC4)c(F)c3)nc2C#N)cc1,26.25
CCCNc1cc(O)c(N=Cc2ccc(-c3nc(-c4ccc(C=Nc5ccc(C(=O)O)c(O)c5)cc4)nc(-c4ccc(C=Nc5cc(C(N)=O)ccc5O)cc4)n3)cc2)cc1O,28.8
N#Cc1ccc(-c2nc(C3=CCCCC3)cc(-c3cc(C(F)(F)F)ccc3F)n2)cc1,22.07
N#Cc1ccc(-c2ccc(-c3n[nH]c(-c4ccc(-c5ccc(C#N)cc5)cc4)n3)cc2)cc1,9.31
CC(=O)c1sc(C(NC(=O)c2nn(-c3ccc(-c4ccc(C#N)cc4)cc3)c3c2CCCC3)C2CCCC2)nc1C,36.64
O=C(C=CC=Cc1ccc(Cl)cc1)c1cccs1,20.16
Cc1cc(-c2ccc(NC(=O)C3c4ccccc4CCN3C(=O)C=Cc3c(-n4cnnn4)ccc(Cl)c3F)cc2)ccn1,22.05
N#Cc1ccc(-c2nccc(-c3cnn(-c4cccc(Cl)c4)c3)n2)cc1,20.51
N#Cc1ccc(N=Cc2ccc(Cl)cc2)cc1,12.65
N#Cc1ccc(-c2nc(-c3ccncc3)nc(-c3ccc(F)c(C(=O)Nc4ccc(F)cc4F)c3)n2)cn1,25.29
N#Cc1ccc(-c2ccc(-c3nc(-c4ccc(-c5ccc(C#N)nc5)nc4)nc(-c4ccc(-c5ccc(C#N)cn5)nc4)n3)cn2)cc1,14.36
O=C(NCc1cccnc1)c1nn2cccnc2c1Cl,24.66
N#Cc1ccc(-c2nc(-c3ccc(C#N)cc3)nc(-c3cccc(NC(=O)c4ccc(Cl)cn4)c3)n2)cc1,17.25
N#Cc1ccc(-c2nc(CSc3nc(=N)c(C#N)c(-c4nc(N5CCOCC5)nc5ccccc45)[nH]3)cs2)cc1,22.16
CN1CCCCC1C(=O)N=Cc1cccc(C(=N)N)c1,20.79
CCC(CC)CN1C(=O)C(=Cc2ccc(-c3ccc(-c4nc5cc(C(=N)N6CCS(=O)(=O)CC6)ccc5[nH]4)cc3)o2)SC1=S,37.81
Cc1ccc(S(=O)(=O)Nc2cc(F)c(F)c(F)c2S(N)(=O)=O)cc1,23.24
Cc1nn(-c2ccc(C#N)cc2)nc1C(=O)N=Nc1c(O)[nH]c2ccc(Cl)cc12,27.49
Cn1c(C#N)c(O)n(CC(=O)c2ccc(Br)cc2)c1=S,32.16
COc1cccc(C2=Cc3ccccc3C3=NCCN23)c1,20.58
N#Cc1ccc(-c2nc(-c3ccc(OCCC(F)(F)F)cc3)nc(-c3cncc(C#N)c3)n2)cc1,18.48
O=C(CCCc1ccccc1)NCc1ccccn1,21.6
Nc1ccc2c(c1)C(=O)c1ccc(Nc3nc(Nc4ccc5c(c4)C(=O)c4ccc(N)cc4C5=O)nc(Nc4cccc5c4CCC5=O)n3)cc1C2=O,12.34
CC1(C)Cc2[nH]c(-c3ccc(-c4ccc(C#N)cc4)cc3)nc2-c2ccccc21,20.15
CC1(C)CN(c2nc(-c3ccc(C#N)cc3C#N)nc3c2CN(Cc2ccccc2)C3)c2c(F)cc(F)c(-c3ccc(C#N)cc3)c21,41.93
CN(Cc1ccccc1)C(=O)c1ccccc1Nc1ccc2c(C=Cc3ccccn3)[nH]nc2c1,21.01
COCCNCc1sc(C(C)(C)C)nc1-c1ccc(C(=O)NCc2nccs2)cc1,32.98
N#Cc1cccc(S(=O)(=O)Nc2cc(C#N)ccc2Oc2cccc(Cl)c2)c1,22.8
N#Cc1ccc(-c2ccc(-c3cnc4cc(C#N)ccc4c3)cc2)cc1,17.86
N#Cc1nc(-c2ccc(-c3cccc(C4(O)CCOCC4)c3)cc2)cnc1NCc1ccc(C(F)(F)F)nc1,34.99
CC1CCCCC1NC(=O)c1ccc2c(c1)N(Cc1ccc(F)cc1)C(=O)c1ccccc1S2,23.2
CN(c1ccc(F)cc1)c1oc(-c2ccc(-c3ccc(C#N)cc3)cc2)nc1C#N,12.29
CN1CCN(c2ccc3nc[nH]c(=Nc4cc(C(=O)Nc5cccc(C(C)(C)C)c5)ccc4C(F)(F)F)c3n2)CC1,29.5
O=c1nc(CN2CCCN(Cc3ccccc3)CC2)[nH]c2ccccc12,22.5
N#Cc1ccc(-c2ccc(-c3cc(-c4csc(=NN=Cc5ccc(Br)c([N+](=O)[O-])c5)[nH]4)nc(-c4ccc(C#N)cc4)n3)cc2)cc1,32.21
CC(=O)Nc1ccc(-c2cc(-c3ccc(-c4nc(Cl)nc(Cl)n4)cc3)cc(C#N)n2)cc1,16.73
O=C(NC1CCCCCC1)C1CCN(S(=O)(=O)c2ccccc2)CC1,18.14
Cc1nnc(CCCCOc2ccc(-c3nc(-c4ccc(C#N)cc4)nc(-c4cnc(CNCC(C)C)c(C)c4)n3)cc2C)o1,32.44
CC(C)(O)CCCC(CCC1CCCC2(C)CC(C(C)(C)O)CCC12)C1CCC23CC24CCC(OC2CN(C5COC5)CCO2)C(C)(C)C4CCC13C,59.62
NCCCCNC(CCCN)C(=O)NCCCNCCCCNCCCN,27.72
Cc1cc(O)c(C(=O)C=Cc2ccc(-n3cccn3)cc2)cc1Cl,24.06
C=CCN1C(=O)C(=Cc2ccc(-c3ccc(Cl)cc3C(F)(F)F)o2)SC1=Nc1ccc(O)cc1,23.39
S=c1[nH]ncc2nccn12,18.04
Cc1nc(C(C)(C)C)sc1-c1cc[nH]c(=Nc2cnccc2N2CCCC2)n1,30.84
N#CCc1ccc(Cl)c(NC(=O)C(Cc2ccc(-c3ccc(C#N)cc3)nc2)N=C(NC#N)Nc2ccc(C#N)nc2)c1,38.96
CC(=NS(=O)(=O)c1ccccc1)N(C(=O)c1ccc(C#N)cc1)c1cccc(C=CC#N)c1,35.06
N#CCc1ccc(-c2ccc(C#N)c(-c3cc[nH]c(=Nc4ccc(CN5CCNCC5)nn4)c3)n2)cc1C#N,35.64
Cc1cc(C)cc(S(=O)(=O)c2cn(C)c3nc(-c4ccc(C#N)cc4)ncc23)c1,24.73
CCOC(=O)C=Cn1nc(-c2ccc(-c3ccc(C#Cc4cccs4)cc3)cc2)c(-c2ccc(-c3cccc(-c4ccc(OC(F)(F)F)cc4)n3)cc2)c(C#N)c1=O,45.93
Cn1cc(Sc2cccc(Cl)c2)c(C#N)n1,18.71
COC(=O)c1ccc(C(C)(c2ccc(F)cc2)n2nnc(-c3ccccc3-c3ccc(COc4ccc(-c5cccc(CCC(O)=NO)n5)cc4)cc3)n2)cc1,49.7
N#Cc1ccc(-c2cccc(C#N)c2)cc1,12.23
N#Cc1ccc(-c2ccc(-n3c(-c4ccc(C#N)cc4-c4ccc(F)cc4)nc(-c4ccc(C#N)cc4)c3-c3ccncc3)cc2)cc1,18.09
Cn1c(=O)c(C#N)cc2cc(-c3cnc(C#N)nc3)ccc21,25.18
N#Cc1ccc(-c2cn3cnc(-c4cncc(C#N)c4)cc3n2)cc1,18.04
N#Cc1cnc2c(c1)c(C#N)nn2-c1ccc(C#N)c(Cl)c1,20.81
CCOc1cc(=O)n(C)cc1-c1cc(C(=O)N=c2cc(C#N)cc[nH]2)ccc1Oc1cccc(C)n1,25.03
CNC(=O)c1cc2c(ccc3ccccc32)c(-c2ccc(C#N)cc2)n1,23.11
NCCc1nnc2n1-c1ccc(Cl)cc1C(c1ccccc1)=NC2,16.67
N#Cc1ccc(-c2ccc(-c3nc(-c4ccncc4)cc(-c4cncc(C#N)c4)n3)cc2)nc1,15.14
CC(C)c1nc(C(=O)c2cc(-c3ccc(C#N)cc3)nc(-c3cccc(C(F)(F)F)c3)n2)cc(-c2ccc(Cl)c(Cl)c2)n1,37.01
C=c1c(=Cc2ccc(C(C)(C)C)c[n+]2CC)cc(C)n1-c1ccc(C#N)cc1,27.62
CN1CCN(c2cc(=Nc3nc4ccc(C#N)cc4[nH]3)nc(C#N)[nH]2)CC1,20.22
N#Cc1cncc(-c2cccc(-n3[nH]c(C(F)(F)F)nc3=Nc3ccccn3)c2)c1,24.22
N#Cc1ccc(C(=O)C(CC(=O)O)C(=O)NC(Cc2ccc(OCc3ccccc3)cc2)C(=O)NC(Cc2ccccc2)C(=O)NCCc2ccccc2)cc1,43.22
CCCCOc1ccc(S(=O)(=O)Nc2ccc(C=CC(O)=NO)cc2)cc1,20.95
Cc1c(C=NNC(=O)c2ccncc2)cnn1C,18.74
N#Cc1ccc(-c2noc(-c3ccc(C=Nc4nc(-c5ccccc5)cs4)cc3)n2)cc1,15.48
Cc1cc(C(=O)O)ccc1-c1ccc(C(C)(C)c2cc(C=Cc3ccc(C#N)cc3)nc(C#N)n2)cc1,29.53
Cc1ccc(-c2cn3nc(S(N)(=O)=O)sc3n2)cc1,20.51
N#Cc1ccc(-c2nc(-c3ccc(-c4cccc(C#N)c4)cc3)nc(-c3cncc(C#N)c3)n2)cc1,14.43
COc1ccc(NC(=O)c2cc(O)n(-c3ccc(F)cc3)c2)c(OC)c1,24.63
N#Cc1cc(C#N)cc(Oc2ccc(NS(=O)(=O)Cc3ccccn3)cc2C#N)c1,24.04
C[N+](C)(C)CCc1ccc(C(c2c[nH]c3ccccc23)c2c[nH]c3cc(C#N)ccc23)cc1,28.9
CN=c1[nH]c2cc(F)c(-c3ccc(-c4ccc(OCCCN(C)C)nc4)cc3)cc2c2ccc(-c3ccc(CNC(C)=O)cc3)nc12,44.65
N#Cc1nc(Cl)c(-c2ccccc2)c(C#N)n1,16.31
Cc1csc(C(C)OC(=O)c2nc(-c3ccc(C#N)cc3)ccc2-c2noc(-c3ccccc3Cl)n2)n1,41.67
Cc1nc2cc(F)ccc2n1C(=O)c1ccc(Cl)cc1,21.35
Cc1cc(C)n(-c2nc(-c3nc(Cl)nc(Cl)n3)cc(=NC(=O)COCc3ccccc3)[nH]2)n1,25.07
N#CC=Cc1cncc(-c2cncc(C#N)c2)n1,11.58
Nc1ccc2c(c1)C(=O)c1ccc(Nc3nc(Nc4ccc5c(c4)OCCNC5=O)nc(Nc4ccc5c(c4)C(=O)c4ccc(N)cc4C5=O)n3)cc1C2=O,11.47
C#CCN(CCCN)c1nc(C#N)nc(-c2ccc(-c3ccc(C#N)cc3)cc2)n1,21.12
O=C(c1ccc(C#Cc2cccc(F)c2F)cn1)N1CCC(F)(F)C1,21.15
CNc1nc(N=Nc2ccc(SC(F)F)cc2)c(-c2ccc(F)cc2)nc1C#N,33.75
N#Cc1ccc(-c2nc(SCc3ccccn3)nc(-c3c4c(cc5ccccc35)CCCC4)c2C#N)cc1,31.4
N#Cc1ccc(-c2ccc(-c3nc4c(c(C(F)(F)F)n3)NC(=O)c3cccnc3N4C3CC3)cc2)cc1,26.6
N#Cc1cccc(-c2ccc(C(=O)NCc3ccccc3)c(=O)[nH]2)c1,23.67
C#CCNC(=O)c1ccc2c(c1)C(=O)c1cc(Nc3cc4c(cn3)C(=O)c3cc(NC(=O)C=Cc5ccccc5)ccc3C4=O)ccc1C2=O,33.16
N#Cc1ccc(-c2nc3cc(-n4cnc(C(F)(F)F)cc4=O)ccc3n2C2CCC2)cn1,28.31
Cc1cc(=O)n(C)c(=O)n(CC=CCN2CCN(c3ccccc3C#N)CC2)c1=O,25.64
Cc1cccc(N=Cc2ccc(C=Nc3ccc(O)cc3)cc2)c1,18.61
Nc1cc(O)c(N=Cc2cccc(Cl)c2Cl)cc1O,15.33
Cc1ccc(N=Cc2cc(F)ccc2O)cc1Cl,18.77
Cc1cc(-c2nc(-c3ccc(C#N)cc3)nc(SCc3ccccn3)c2C#N)ccc1O,25.24
CC1(Cc2ccccc2)C=Cc2cc(C=CC(=O)c3cccs3)ccc2O1,31.58
N#Cc1ccc(-c2nc(-c3ccc(C#N)cc3)c(C#N)c(-c3ccc(C(=O)NCCO)cc3)n2)cc1,22.87
N#Cc1cccc(-c2cc(C3CC3)n(-c3cccc(C#N)n3)n2)n1,18.03
Clc1ccc(-c2nnc3sc(-c4cccs4)nn23)cc1,21.36
N#Cc1ccc(-c2cc(C(N)=O)nc3ccc(C(F)(F)F)cc23)cn1,20.21
Cc1nc(-c2cc(Cl)c(Cl)c(Cl)c2)nc(-c2ccc(-c3cc(-c4cccc(OC(F)(F)F)c4)c(C#N)c(C)n3)c(F)c2)c1C,33.67
N#Cc1ccc(-c2ccc(-c3nc(CN(Cc4cccnc4)Cc4cccnc4)co3)cc2)nc1,23.54
Cc1nc(C#N)cc(-c2ccc(C#Cc3csc(C)n3)c(C#N)c2)n1,25.72
N#Cc1ccc(-c2nc3c4ccccc4[nH]c(=N)n3n2)cc1,19.97
Cc1nc(=N)nc(-c2cnn(-c3cc(NC(=O)c4ccc(O)cn4)ccc3C)c2)[nH]1,30.18
N#Cc1ccc(-c2ccc(-c3nc(CC4CC4)nc(-c4cc(F)cc(C#N)c4)n3)cn2)nc1,14.42
CC(=O)N1CCC(Oc2cnc(-c3cc(C4CC4)nc(-c4cncc(C#N)c4)n3)cc2C#N)CC1,20.37
CC(C)(C)n1cc(-c2ccc3nc(-c4ccc(C#N)cc4)cc(-c4ccncc4)c3n2)cn1,26.05
Cc1ccc(Cl)cc1NC(=O)CSc1nnc(-c2ccccc2)n1Cc1ccco1,24.95
N#Cc1ccc(-c2nc(-c3ccc(F)cc3)cc(C(O)CO)n2)cc1,20.89
CN1CCC(c2ccccc2)C(OCc2ccccn2)C1,20.81
COc1ccc(OCc2nc(-c3ccc(C#N)cc3)nc(-c3ccc(C#N)cc3)n2)cc1Cc1ccc(C#N)cn1,16.74
Nc1cc(O)c(N=Cc2ccc(Br)cc2)cc1O,11.12
N#Cc1ccc(-c2nc(-c3ccncc3)nc(-c3ccc(C#N)cc3)n2)cc1,11.97
O=C(N=c1cco[nH]1)c1cc(N=c2cc(C3CC3)[nH][nH]2)ncn1,24.64
N#Cc1ccc(-c2ccc(-c3nccc(-c4ccc(Cl)c(Cl)c4)n3)cc2)cc1,15.22
Nc1cc(O)n(Cc2cc(Cl)ccc2O)c1O,25.08
N#Cc1cncc(-c2nc(Cl)nc(Cl)n2)c1,8.5
Fc1ccc(-c2cc(-[n+]3ccc(-c4ccncc4)cc3)nc(-[n+]3ccc(-c4ccncc4)cc3)n2)cc1,10.88
N#Cc1ccc(-c2ccc(-c3cncnc3)cc2)cc1,15.55
N#Cc1ccc(-c2ccc(-c3nc4cnc(Cl)nc4[nH]3)cc2)cc1,15.95
Cc1cc(-c2cccc(CN3CCN(c4ccccc4C)CC3)c2)nc(C#N)n1,24.68
N#Cc1ccc(-c2cc(-c3ccc(Cl)c(C(N)=O)c3F)nc(-c3ccc(C#N)cc3)n2)cc1,21.85
CC1CCC(Cn2c(-c3cccnc3Cl)cc3c(-c4cncc(C#N)c4)nc(C#N)cc32)CC1,25.85
O=C(NN=Cc1ccccc1[N+](=O)[O-])c1ccncc1,18.6
O=C1CCCCN1c1ccc(-n2nc(-c3ccccc3)cc2C2CCNCC2)cn1,31.78
CC1(C)CC(=O)C(=Cc2nc(C#N)c(Nc3cccc(C#N)c3)n2CC=O)C(=Nc2ccccc2)C1,46.53
N#Cc1ccc(C#Cc2cc(-c3ccc(C#N)cc3)nc(-c3c(F)c(F)c(C#N)c(F)c3F)n2)cc1,17.39
Cc1ccc(C(=O)NN=Cc2ccccc2O)cn1,16.23
N#Cc1ccc(-c2ccc(-c3nc(C(=O)NCCO)cc(-c4ccc(-c5ccc(C#N)cn5)cc4)n3)cc2)cc1,9.01
CN1CCOc2ccc(N=c3nc(-c4ccc(-c5ccc(C#N)cc5)cc4)cc(-c4ccc(C#N)cc4)[nH]3)cc21,24.63
COc1ccc(-n2c(C(=O)NCc3ccc(O)cc3)cc3c2CC(C)(C)CC3=O)cc1,34.5
CCc1cc(-c2ccc(F)cc2)nc(-c2cc(CCc3ccccc3)nc(-c3ccc(C#N)cc3)n2)n1,27.33
CC(C)CNC(=O)c1cc(-c2ccc(-c3ccc(C#N)cn3)cc2)nc(-c2ccc(-c3ccc(C#N)cc3)cc2)n1,11.94
N#Cc1ccc(-c2ccc(-c3noc(-c4ccc(-c5ccc(CCCCCC(O)C(O)=NO)cc5)cc4)n3)cc2)cc1,29.3
N#Cc1cnc(-c2cc(F)cc(-c3nc(Cc4ccc(S(N)(=O)=O)cc4)nc(-c4cncc(C#N)c4)n3)c2F)nc1,25.47
CCCCCCN(N=O)C(=O)Cc1ccccc1,23.63
N#Cc1ccc(-c2nc(-c3cccc(C#N)n3)nc(-c3cccc(C#N)n3)n2)cc1,8.72
Cc1cccc2c(-c3[nH]c(=N)c(C#N)c(Br)c3C#N)c(C#N)c(=S)[nH]c12,31.59
N#Cc1cccc(-c2ccc(C=CCn3nc(-n4ccc5ccccc54)ccc3=O)cc2)n1,26.18
CN1CC2CCCCC2C(=O)c2ccc(Nc3nc(Nc4ccc5c(c4)C(=O)c4ccc(N)cc4C5=O)nc(Nc4ccc5c(c4)C(=O)c4ccc(N)cc4C5=O)n3)cc21,11.87
N#Cc1ccc(-c2ccc(NC(=O)c3cc(C(N)=O)nn3-c3ccc(F)cc3)c(F)c2)cn1,28.63
N#Cc1cnc2c(C3CCCNC3)c[nH]c2c1,20.75
CC(=O)c1c(-c2ccc(C#N)cc2)nc(C#N)c2cc(C#N)ccc12,28.89
C=Cn1c[n+](-c2ccccn2)nc1-c1ccc(CCCCC)cc1,21.19
CC1=CC(C)(C)Nc2cc3c(cc21)-c1ccccc1C3,16.44
N#Cc1cccc(-c2cc(C(=O)NCC3CCN(C#N)C3)nc(-c3cncc(C#N)c3)c2)c1,21.19
O=Cc1ccn(-c2ccc(-c3cc(-c4ccc(-c5nc(Cl)nc(Cl)n5)cc4)cc(-c4ccc(-c5nc(Cl)nc(Cl)n5)cc4)c3)cc2)c1,13.35
Cc1cc2c(C)c(C)oc2c(C)c1CCC(=O)NS(=O)(=O)c1ccc(C#N)cc1,30.96
COc1ccccc1N1CCN(CCCNC(=O)c2ccc(C=Cc3nc(C#N)n(-c4ccccc4)c3C)cc2)CC1,31.16
Cc1cc(-c2nc(C#N)nn2-c2cnccn2)ccc1OCCCc1nc(=O)o[nH]1,36.47
N#Cc1ccc(NC(=O)c2cccc(N=Cc3ccc(-c4nc(-c5ccc(C=Nc6ccc(C(=N)NCCN)cc6)cc5)nc(-c5ccc(C=Nc6cc(O)c(N)cc6O)cc5)n4)cc3)c2)cc1,23.74
CCOc1ccc(-c2cn(-c3cccc(C(=O)O)n3)c(-c3cncc(C#N)c3)n2)cc1OC(F)F,26.36
NC(=O)c1ccc(-n2c(C=Cc3cccc(-c4cccc(-c5ccc(-c6nc(Cl)nc(Cl)n6)cc5)c4)c3)nc3ccccc3c2=O)cc1,29.87
N#Cc1ccc(-c2cc(-c3ccc(-c4ccc(C(F)(F)F)cc4)cc3)cc(-c3ccc(-c4nc(Cl)nc(Cl)n4)cc3)n2)cc1,14.93
Cc1nn(C)c2nc(C#N)nc(-c3cccc(NC(=O)c4ccccc4)c3)c12,19.35
O=S1(=O)COCCN1Cc1cccnc1,22.41
CC1=NC(C)Cc2c1c(C#N)c1ccccc1c2-c1cc(-c2ccc(C#N)c(F)c2)nc(C#N)n1,36.05
N#Cc1ccc(CN=Cc2c(O)[nH]c(=O)n(-c3ccc(C#N)c(C(F)(F)F)c3)c2=O)cc1,17.61
N#Cc1ccc(Oc2cc(C#N)cc(-c3cncc(C#N)c3)c2)nc1,22.89
N#Cc1ccc(-c2c[nH]c3ncc(-c4ccc(C#N)nc4)cc23)nc1,17.61
CCc1ncc(-c2ccc(-c3nc(-c4ccc(C#N)cc4)nc(-c4ccc(-c5ccc(C#N)cc5)cc4)n3)cc2F)cn1,19.31
C=CCn1c(C#N)cc(-c2ccc(Br)cc2)nc1=S,20.23
O=C(O)CCCC=CCCC1=C(Cc2ccc(C(=O)O)cc2)CCC1,30.34
Nc1ccc2c(c1)C(=O)c1ccc(NC(=O)c3ccc(F)cc3)cc1C2=O,13.51
N#Cc1ccc(-c2ccc3ccc(-c4nc(-c5cncc(C#N)c5)nc(-c5cccc(C(F)(F)F)c5)n4)nc3n2)cc1,25.94
Cc1ccc2c(=O)n(-c3ccc(C(=O)NN4C(=O)CSC4c4cc(Br)ccc4O)cc3)c(-c3ccco3)nc2c1,38.75
Cc1nccc(-c2ccc(-c3cn4ncnc4nc3-c3ccccc3)cc2)n1,27.99
N#Cc1ccc(-c2ccc(-c3nc(-c4ccc(C#N)cn4)cc(-c4cccc(C#N)n4)n3)cn2)nc1,19.48
COc1ccc(-n2nc(-c3cc4ccc(Cl)cc4c(=O)n3C)nc2-c2ccc(Cl)cc2Cl)cc1Cl,37.6
CC(C)N1CCC(NC(=O)c2cc(-c3ccc(-c4ccc(C#N)cn4)cc3)nc(-c3ccc(-c4ccc(C#N)cc4)cc3)n2)CC1,10.37
CCCC1c2c(cc(-c3cncc(C#N)c3)nc2C(F)(F)F)CCN1C(=O)c1ccc(C#N)cc1,30.57
N#Cc1ccc(-c2ccc(-c3nc(COc4ccc(F)c(C(F)(F)F)c4)cc(-c4ccc(F)cc4)n3)cc2)cc1,25.64
N#Cc1ccc(-c2ncc(C#N)c(-c3ccc(C#N)cc3)n2)cc1,10.5
N#Cc1ccc(-c2ccc(-c3nc(C(=O)O)cc4cc(-c5ccc(C#N)cc5)ccc34)cc2)cc1,22.03
Nc1ccc2c(c1)C(=O)c1ccc(Nc3ccc4c(c3)C(=O)c3ccc(N)cc3C4=O)cc1C2=O,8.45
N#Cc1ccc(-c2nc(-c3cncc(C#N)c3)cc3c4c(n(CC5CCOCC5)c23)COCC4)cc1,30.49
N#Cc1ccc(-c2ccc(-c3nc4ccc(C#N)cc4o3)cc2)cc1,15.31
CCOCCN(c1cc(C#N)cc(OC)c1)c1ccc2ncc(-c3cnn(C)c3)nc2c1,24.47
Cc1cc2c(n1CCc1ccccc1)C(=O)N(CCCN(C)C)C2=NC(=O)c1cccc(C#N)c1,39.7
CCN(CC)c1ccc(N=C2C(=O)c3ccccc3C(=O)C2Cl)cc1,18.96
COc1ccc(C(=O)C=Cc2ccc(C=CC(O)=NO)cc2)cc1,19.5
N#Cc1ccc(-c2ccc(-c3cccc(C#N)n3)cc2C#N)cc1,13.03
N#Cc1cccc(C(NC2Cc3ccccc3C2)c2cccc(-c3ccncc3)c2)n1,26.68
Cc1n[nH]c(=S)n1NCc1ccccc1,17.83
CC(C)(C)NC(=O)C(c1cccnc1)N(C(=O)c1ccco1)c1ccc(-c2ccccc2)cc1,20.98
Cc1cc(C)n(CCCNC(=O)c2ccc(-c3ccc(C#N)cc3)s2)n1,27.43
COc1ccc2nc(-c3ccc(-n4nc(CCC(=O)N5CCN(Cc6ccc(C#N)cc6)CC5)cc4-c4ccccc4)cc3)sc2c1,26.32
O=C1c2ccccc2C(=O)c2cc(Cn3nnc4ccccc43)ccc21,24.55
CC(N=c1cc(-n2ccc3cncnc32)[nH]cc1C(=O)NCCC(F)(F)F)C(F)(F)F,26.76
CC(C)(COc1ccc(-c2ccc(-c3nc(C#N)nc4c(F)c(F)ccc34)cc2)cn1)C(=O)O,21.74
O=C(CN1CCOC1=O)N1CC2CC(C1)c1cccc(=O)n1C2,26.41
N#Cc1ccc2c(c1)CCC(NCc1cccc3cc(F)ccc13)C2Cc1cccnc1,26.09
N#Cc1ccc(-c2nc3ccc(C#N)cn3c2Cc2ccc(CN3CCCC3CO)cc2)cc1,27.66
COc1cc(C=Nn2c(-c3cc4ccccc4nc3Cl)n[nH]c2=S)cc(OC)c1OC(C)=O,33.67
Cc1ccc(-c2cc(-c3cccc(C#N)c3)nc(-c3cc(C(F)(F)F)cs3)c2)o1,28.87
N#CCc1cc(-c2ccc3[nH]nc(-c4ccc(C#N)cn4)c3c2)nc(CC#N)n1,31.25
N#CC=Cc1ccccc1Cl,10.6
N#CC=Cc1cccc(Oc2ccc(F)cc2)n1,13.14
N#Cc1ccc(-c2ccc(-c3ncc(=N)[nH]c3C#N)nc2)nc1,17.3
Cn1c(Nc2ccc3c(c2)C(=O)c2ccc(N)cc2C3=O)nc(Nc2ccc(C#N)cc2)cc1=Nc1ccc(C#N)cc1,14.29
N#Cc1ccc(-c2ccc(-c3nc(C(=O)NCCc4ccccc4)cc(-c4ccc(-c5ccc(C#N)cn5)cc4)n3)cc2)cc1,11.26
N#Cc1ccc(-c2ccc(CN=c3[nH]ncc4ccccc34)cc2)cc1,19.38
CCN1CCN(C=NN=C2CCC(C)n3c2ncc(C(=O)c2ccccc2)c3=O)CC1,32.21
CN(C)C(=O)c1cccc(Nc2c(Nc3c(N)n(Cc4ccccc4)c(=O)n(C)c3=O)c(=O)c2=O)c1O,23.76
CC1(C)C(=O)c2ccc(C#N)cc2C(n2ccc3cc(C#N)ccc32)C1O,18.48
O=C(Nc1ccc2sc(CO)nc2c1)c1ccon1,25.83
C=c1c(=Cc2c(O)[nH]c(=O)n(-c3ccc(C)cc3)c2=O)cc(C)n1-c1ccc(C#N)cc1,15.57
N#Cc1cncc(-c2nc(-c3cnc(N4CCCC4)cn3)nc(C3CC3)n2)c1,15.43
N#Cc1ccc(-c2ccc(-c3nc(-c4ccc(C#N)cc4)nc(-c4ccc5cccnc5c4)n3)cc2)cc1,11.46
Cc1nc(CN2CCCC2c2nc(-c3ccc(-c4ccc(O)cc4)cc3)nc(N3CCOCC3)n2)cs1,27.98
Cc1ccc2ccccc2c1C=Nc1cc(O)c(N)cc1O,15.11
CC1(C)CC(S)(CC#N)CC(CC=Cc2cc(C#N)nc(C=Cc3ccc4ccccc4n3)c2)(C(N)=O)C1,51.68
CC(C)=Cc1cc(=O)nc(-c2nc(-c3ccccc3)ncc2-c2ccc(C=Cc3c(-c4ccc(Cl)cc4)nc(-c4cccc(C#N)c4)c(=O)n3C(C)C=Cc3ccccc3)cc2)[nH]1,45.76
N#Cc1ccc(-c2ccc(C(=O)N3CCN(C(=O)c4cccnc4)CC3)c(F)c2)nc1,14.54
N#Cc1ccc(-c2ccc(-c3nc4cc(C(=O)NCCc5ccccc5)ccc4n3CCc3ccccc3)cc2)cc1,19.76
COC(=O)C1C(=O)CC(=Nc2ccc(S(=O)(=O)N=c3[nH]c(-c4ccc(OC)cc4)cs3)cc2)CC1C,29.07
COc1ccc(C2=c3sc(=Cc4cccc(F)c4)c(=O)n3CCN2)cc1,27.33
CCn1cc(C=CCN2CCN(Cc3ccc4c(c3)OCO4)CC2)cc1C#N,27.04
N#Cc1ccc(-c2nc(-c3cccc(C#N)c3)cc(-c3cccc(C#N)n3)n2)cc1,10.12
O=C(C=Cc1cccnc1)N=c1ccc(-c2ccccc2)nc(-c2ccccc2)n1,22.86
N#Cc1ccc(-c2ccc(-c3nc(C#N)ncc3C#N)cc2)nc1,18.16
N#Cc1ccc(-c2ccc(-c3nc(Cn4c(CCc5ccc(F)cc5)nc(=O)c5ccccc54)no3)cc2)cc1,22.38
COc1ccc(-c2csc(=NC3=NCCN3)[nH]2)cc1,19.24
Cc1ccsc1-c1cnc2cc(C(=NO)c3ccc(C#N)nc3)ccc2n1,32.31
N#Cc1cccc(-c2ccc(-c3cnc(N4CCC(F)C4)[nH]c3=NC(=O)c3cccc(-c4cncc(C#N)c4)n3)cc2)c1,29.28
O=C(c1nn(-c2cccc(Cl)c2)c(=O)c2ccccc12)N1CCOCC1,20.45
C#CCOc1ccc2cccc(CCNC(=O)CCC)c2c1,25.58
N#Cc1ccc(-c2nc(-c3cncc(C#N)c3)nc(-c3c[nH]c4ccccc34)n2)cc1,18.86
COC(=O)NC(C)Cc1ccc(C#CC#Cc2cnc(C#N)nc2)cc1,20.73
CN1CCCN(Cc2ccnc(-c3ccc(-c4nc(C(F)(F)F)c[nH]4)nc3)c2)CC1,26.99
N#Cc1ccc(N=Nc2cc(NC(=O)c3ccc4ccc(C#N)cc4c3)ccc2N)cc1,33.7
COc1ccc(S(=O)(=O)Nc2cccc(C(=Cc3cc(OC)c(OC)c(C)c3OC)C(=O)c3ccc(OC(F)(F)F)cc3)c2)cc1,44.55
CN1CCN(c2ccc3nc4ccc(SCCNC(=O)Cc5c(Cl)cccc5Cl)cc4nc3c2)CC1,43.26
N#Cc1cccc(-c2nc(-c3cncc(C#N)c3)nc(-c3ccnc(C#N)c3)n2)c1,12.81
Cn1cc(-c2cc(C#N)cc(-c3nc(C#N)nc4ncccc34)c2)cn1,21.36
N#Cc1ccc(N2c3cc(-c4nc(C#N)ccc4C#N)ccc3C(=O)CC2c2cccc(C=O)n2)c(C#N)c1,34.18
N#Cc1cccc(NC(=S)Nc2ccc3c(c2)C(=O)c2ccc(N)cc2C3=O)c1,14.54
COc1ncc(-c2ccc(-c3ccc(=O)n(C)n3)cc2)cn1,23.67
O=C1NC(=S)NC(=O)C1=Cc1ccccc1F,17.51
N#Cc1ccc(-c2nc(-c3ccc(C#N)cc3)nc(-c3ccnc(-c4ccccn4)c3)n2)cc1,15.49
CC(C)(C)c1cc(-c2ccc(-c3ccc(C#N)cn3)cn2)nc(-c2ccc(-c3ccc(C#N)cc3)cc2)n1,11.34
COc1ccc(-n2nc(C(=O)NCCc3ccc(F)cc3)c3c4cc(OC)c(O)cc4n(C)c3c2=O)cc1,37.24
N#Cc1ccc(CN2C(=O)c3ccccc3C2=Nc2ccc3nsnc3c2)cc1,24.89
CC1COc2cc(-c3ccc(C#N)cn3)ccc2N1C(=O)c1ccc(-c2cccc(C#N)c2)nc1,20.44
COc1cc(NC2CCN(C(=O)c3cnccc3C#N)CC2)cc(OC)c1OC,30.7
N#CC=Cc1cccc(-c2ccc(-c3cccc(C#N)c3)cc2)n1,10.76
Cc1noc(-c2cccc(-c3cc(-c4ccc(C#N)nc4)nc(=NC(C)c4ccccc4)[nH]3)c2)n1,24.0
CCc1nccc(-c2ccc(-n3cnc(C)n3)c(F)c2)c1C#Cc1ccc(=N)[nH]c1,21.87
CN1CCN(Cc2ccc(-c3nccc4c(-c5ccc(-c6ccc(C#N)cc6)cc5)cc(C(N)=O)nc34)cc2)CC1,29.58
N#Cc1ccc(-n2nnc(-c3cccnc3)n2)cc1,17.73
CC(C)(C)c1cc(=NC(=O)c2ccc(-c3ncsc3C#N)cc2)n(-c2cccc(C#N)c2)[nH]1,26.77
COc1cc(C#N)ccc1CCc1cc(-c2ccc(-c3ccc(-n4c(C=Cc5ccc(C#N)cc5)nc5cc(C#N)ccc5c4=O)cc3)cc2)nc(-c2ccc(C#N)cc2)n1,33.76
COc1ccc(C2=C(c3ccc(OC)c(OC)c3)C(=O)N(Cc3ccc(C#N)cc3)C2=O)cc1,16.65
N#Cc1cccc(-c2nc(=O)oc3ccc(-c4ccc(C#N)o4)cc23)c1,28.28
CC(C)(C)NC(=O)N=c1[nH]c2c(s1)CCCC2,27.01
Cc1cc(C)n(-c2ccc(C=Nc3nc(-c4ccc(C#N)cc4)cs3)cc2)n1,16.06
CC(=O)Nc1ccc2c3c(cccc13)-c1ccccc1-2,23.75
O=C(O)c1ccccc1CNCCC(c1ccccc1)c1ccccc1,24.12
O=C(NCc1ccc(F)c(F)c1)c1nn(-c2ncc(C(F)(F)F)cc2Cl)cc1Cl,25.61
N#Cc1ccc(-c2cc(COc3ccc(C#N)cn3)nc(-c3ccc(C#N)cc3)n2)cc1,16.18
COC1(c2ccc(Cl)cc2)c2ccccc2C(=O)N1Cc1ccc(C#N)cc1,17.16
O=S(=O)(NCCOCCCc1c(F)c(F)cc(F)c1F)c1ccc(Cl)cc1,29.76
N#Cc1ccc(CC(=O)N2CCC(Oc3cccc(F)c3)CC2)cc1,22.81
Cc1ccc(-c2cc(C#N)c(-c3ccc(-c4ccc(C#N)cn4)cc3)nc2-c2ccc(C#N)cc2)cc1,18.85
COc1cc(C=Cc2nc3ccc(Nc4ccc(C#N)c(C#N)c4)cn3n2)ccc1-n1cnc(C)c1,26.9
N#Cc1ccc(-c2ccc(-c3nc(-c4ccc(-c5ccc(C#N)cc5)cc4)nc(C(F)(F)F)n3)cc2)cc1,10.72
N#Cc1c2ccc(F)cc2c(-c2ccccc2C(=O)O)c2cc3c(nc12)CCCC3,30.28
C=CCNC(=O)c1cc(O)ccc1CCC(=O)CC(=O)CC(=O)C=Cc1ccc(-c2ccccc2)cc1,34.3
Cc1ccnc(-n2cc3ccc(C(=O)NCc4ccc(C)c(C)c4)cc3n2)n1,33.5
Cc1c(Cl)c(C#N)cc(NCc2ccccc2)c1Nc1c(F)cccc1F,28.91
N#Cc1ccc2nc(-c3cccc(OCCCCCC(O)=NO)c3)cn2c1,25.76
COCc1nc(-c2ccc(-c3ccc(C#N)cn3)cc2)nc(-c2ccc(C#N)nc2)n1,17.87
N=C(N)c1ccc(-c2nc(-c3ccc(C=Nc4cc(O)c(N)cc4O)cc3)nc(-c3ccc(C=Nc4cc(O)c(N)cc4C(=O)NCCCCCN)cc3)n2)cc1,14.13
CC(=O)C=Cc1ccc(-c2cc(-c3ccc(C=Nc4cc(O)c(N)cc4C(=O)NCCCCCCCN)cc3)nc(-c3ccc(C=Nc4cc(O)c(N)cc4O)cc3)n2)cc1,24.15
CCOC(=O)c1nnn(-c2nc(-c3ccc(F)cc3)c(-c3ccnc(C#N)c3)n2-c2ccccc2)c1C,32.8
CCCCn1c(=O)n(CCCN)c(=O)c2[nH]c(-c3ccc(-c4ccccc4)c(F)c3)nc21,32.32
Cc1ccccc1N=c1[nH]c(C#N)nc(=NC2CCCNC2)[nH]1,24.43
N#Cc1ccc(C(=O)Nc2ccc(F)c(C3(C(F)F)N=C(N)OC4CC43)c2)nc1,16.11
N#Cc1ccc(-c2ccc(-c3nc(C#N)cn3-c3ccc(NC(=O)c4cccc(C#N)c4)cc3)cc2)nc1,22.1
O=C1C(=O)c2nc(C=Cc3ccc(F)cc3)oc2-c2ccccc21,26.04
N#Cc1cccc2c1ccc1c(C#N)c(C#N)c3ccsc3c12,34.33
O=CN1CCN(C=Nc2cccc(CC3=NC(=O)NC3=O)c2O)CC1,16.45
COCc1cc(-c2ccc(C#N)c(F)c2)nc(-c2ccc(C#N)cc2)n1,9.43
C(=Cc1ccc(-c2cccnc2)cc1)CNCc1cccc(-c2ccc(CNCCCCc3ccccc3)cc2)n1,33.02
COCCNC(=O)c1ccc(N=c2nc(Oc3ccc(C#N)cc3)c(C#N)c(-c3ccc(-c4csc(C)n4)cc3)[nH]2)cc1,33.91
CCN1C(=CC=Cc2sc3ccccc3[n+]2CC)Sc2cc([N+](=O)[O-])ccc21,23.51
CC(C)(C)c1ccc(-c2nc(CC3CC3)nc(-c3ccc(C#N)cc3)n2)cc1,14.36
Cn1c(=O)c2c(nc(C=CC#N)n2Cc2ccccc2Cl)n(C)c1=O,23.46
N#Cc1cncc(-c2nc(-c3cncc(C#N)c3)nc(-c3cc(F)cc(C(F)(F)F)c3)n2)c1,13.17
N#Cc1ccc(-c2ccc(-c3cc(-c4ccco4)nc(-c4ccc(-c5ccc(C#N)cc5)cc4)n3)cc2)cc1,17.24
N#Cc1ccc(C2(O)c3ccccc3CSc3ccccc32)cc1,26.69
N#Cc1cccc(-c2cc(F)cc(-n3nc(C(F)(F)F)cc3C#N)c2)n1,17.81
N#Cc1ccc(-c2nc(-c3ccccc3)c3[nH]cnc3n2)cc1,19.89
N#Cc1ccc(-c2csc(=NN=Cc3c(O)ccc4ccccc34)[nH]2)cc1,19.64
N#Cc1cccc(-c2ccc(-c3ccc(NCc4ccncc4)cc3)cn2)n1,18.12
Cc1ccc(-c2cc(C(=O)Nc3ccc(-c4ccc(C#N)cc4)nc3C(=O)NC(C)C(F)(F)F)nc(-c3ccc(Cl)cc3)n2)c(F)c1,33.22
CS(=O)(=O)c1cc(-c2ccc(C#N)cc2)c(C#N)cc1-n1nnc(-c2ccncn2)n1,29.02
N#Cc1ccc(-c2ccc(-c3nc(-c4ccc(-c5ccc(C#N)cc5)cc4)nc(-c4cccc(F)c4F)n3)cc2)cc1,13.62
Nc1cc(O)c(N=Cc2ccccc2F)cc1O,11.57
CCC(C)=CC1CC2c3cccc4c3C(CO4)CN2C1=O,28.92
N#CC=Cc1ccc(-c2ccc(-c3nc(C(=O)NCCCc4ccccc4)nc(-c4ccc(-c5ccc(C#N)cc5)cc4)n3)cc2)cn1,19.28
N#Cc1ccc(CN2CCN=C2n2[nH]c(-c3ccc(-c4ccc(C#N)cc4)cc3)c(C#N)c2=N)cc1,31.17
O=S(=O)(NCCc1csc(-c2ccc(F)cc2)n1)c1ccc(F)cc1,21.75
N#Cc1cncc(-c2nc(-c3cccnc3)nc(-c3cccc(C#N)n3)n2)c1,15.08
N#Cc1ccc(-c2ccc(-c3cccc4nc[nH]c(=N)c34)cc2)cn1,19.11
CN1CCN(C=Nc2ccc3c(c2)C(=O)c2ccc(N=Cc4nc(-c5ccc(C#N)cc5)no4)cc2C3=O)CC1,15.9
COc1ccccc1N1CCN(CCCCNC(=O)c2ccnc(C#Cc3ccc(C)cc3)n2)CC1,28.73
CC1CCC(Cn2c(-c3ccc(C#N)cc3)cc3nc(C#N)nc(-c4ccc(F)cc4F)c32)CC1,21.26
C=CC(C)(C)C=CC=Cc1nc(C)c(-c2ccc(-c3cccc(O)c3)nc2)s1,39.4
N#Cc1ccc(-c2nc(-c3ccc(C#N)cc3)nc(C(O)c3ccc(F)cc3)n2)cc1,15.83
COc1ccc(-n2c(C)cc(C)c(C#N)c2=O)cc1,15.54
N#Cc1ccc(-c2nn(-c3ccccc3)cc2C=CC(=O)c2cnc3ccccc3c2)cc1,20.85
N#Cc1cncc(-c2nc(-c3nccc(C#N)n3)cc(C3CC3)n2)c1,12.97
N#Cc1ccc(-c2ccc(-c3nc4ccccc4c(=O)n3-c3ccccc3)cc2)cc1,17.01
N#Cc1ccc(COc2ccccc2C=NN=c2nc(N3CCCCC3)[nH]c(N3CCCCC3)n2)cc1,19.2
FC(F)(F)c1ccc(-c2cc(Cc3ccncc3)cc(N=c3ccc(-c4cccc(C(F)(F)F)c4)n[nH]3)c2)cc1,35.5
NS(=O)(=O)c1ccc(-c2ccc(C=Cc3nc4ccccc4c(=O)n3-c3ccccc3)c(-c3ccc(-c4n[nH]c(=O)o4)cc3)n2)cc1,28.81
NNC(=O)c1ccc(-n2nc(C(N)=O)c3c2-c2cc(NC(=O)c4cc(C=Nc5cccc(C(F)(F)F)c5)sn4)ccc2CC3)cc1,42.73
N#Cc1cccc(-c2cc(-c3cnnc4ccc(F)cc34)nc(N3CCOCC3)n2)c1,20.81
CC(CN(C)C)NC(=O)c1ccc(-c2ncc(C#N)cc2-c2ccc(C#N)cn2)cc1F,16.57
N#Cc1cccc(-n2cccc2C=CC(=O)O)n1,24.75
SCCCC#Cc1ccccc1C#CC=CC#Cc1cccnc1,28.77
N#Cc1ccc(-c2ncc(C#N)cc2Cl)nc1,15.72
N#Cc1ccc(-c2cc(COCC3CC3)nc(-c3ccc(C#N)cc3)n2)cc1,9.27
O=C(Cn1nc(Cc2ccccc2Cl)n(N=Cc2ccc(-c3ccccn3)cc2)c1=O)NN=Cc1cc([N+](=O)[O-])ccc1O,33.94
Cc1ccc(NC(=O)Cn2cc(C#N)c3ccccc32)c(C)c1,17.81
C=CCn1c(-c2ccc(C#N)cc2)nc2cc(C(c3ccc(C#N)cc3)n3cncn3)ccc2c1=O,25.86
COc1cc(N=c2cc(N=Cc3ccc(-c4nc(-c5ccc(C=Nc6cc(O)c(N)cc6NC(C)=O)cc5)nc(-c5ccc(C=NN(C)C6=NCCN6)cc5)n4)cc3)[nH]c(C)n2)cc(OC)c1,37.41
N#Cc1cccc(N=c2nc(C#N)nc(-c3ccc(C(=O)N4CCC(CN)C4)cc3)[nH]2)c1,34.55
N#Cc1cccc(-c2nc(-c3ccc(C#N)c(Cl)c3)c(C#N)cc2-c2ccccc2)n1,20.47
NCCCCC(NC(=O)C(Cc1c[nH]c2ccc(OCCCN3CCCCCC3)cc12)NC(=O)c1ccccc1)C(N)=O,41.91
O=CN1CCN(S(=O)(=O)c2cnc(-c3ccc4[nH]c(=O)cc(C(F)(F)F)c4c3)s2)CC1,36.9
N#Cc1c[nH]c2cc(C#Cc3cccc(CN4CCOCC4)n3)cc(Cl)c2c1=Nc1ccc(Br)cc1,27.36
N#Cc1ccc(-c2cc(C(N)=O)nc3cc(-c4cccs4)ccc23)cc1,21.73
COc1cccc(NC(=O)CCC(C)=NNC(=Nc2ccc(C#N)cc2)Nc2ccccc2)c1,36.94
Oc1occ(-c2ccc(-c3nc4ccccc4s3)cc2)c1-c1ccccc1,23.93
CCc1ccc(-c2nc(-c3ccc(C#N)cc3)nc(-c3ccc(C)c(C#N)c3)n2)cc1,17.69
Cc1ccc(-n2c(=O)[nH]c(O)c(C=NCc3ccc(Cl)cc3)c2=O)cc1,19.02
Cc1cccc(-c2nc(-c3ccc(C#N)cc3)nc(-c3ccc(C#N)cc3)n2)c1,14.75
CN1CCN(CCN(C(=O)Cc2cccc(Cl)c2)C2CCN(Cc3ccc(C(=O)O)cc3)CC2)CC1,35.7
N#Cc1cccc(Cn2nc(-c3cccc(C#N)c3F)c3c(=N)nc[nH]c32)c1,25.5
N#CCc1noc2ccc(-n3ccc(C#N)n3)cc12,24.78
CC(=O)NC1CCC(N=c2ncc(C#N)c[nH]2)CC1,20.74
C[N+]1=C(O)C=C2CCc3cc(O)ccc3C=C21,29.42
N#Cc1ccc(-c2ccc(-c3cc(C#N)cc(-c4cc(-c5ccc(-c6nc(Cl)nc(Cl)n6)cc5)cc(-c5ccc(-c6nc(Cl)nc(Cl)n6)cc5)c4)c3)cc2)cc1,14.03
N#Cc1ccc(-c2ccc(C(=O)Nc3ccc(C#N)c(C#N)n3)c(F)c2)nc1,14.13
CN1CCC(Oc2ccc3c(=O)cc(-c4ccc(-c5ccc(C#N)cc5)cc4)oc3c2)CC1,27.52
N#Cc1ccc(-c2nc(-c3ccc(Cl)cc3)c(-c3ccccc3)cc2C#N)cn1,17.67
N#Cc1ccc(NC(=O)c2c(Cl)cccc2Cl)cc1C#N,18.18
CC(C)Cc1cc(-c2cccc(F)c2F)nc(-c2ccc(C#N)cc2)n1,16.43
N#Cc1cncc(-c2cc(C#N)cc(Oc3cccnc3)n2)c1,17.95
O=C(C=Cc1coc2cc(Cl)ccc2c1=O)Nc1cc(Cl)c(Cl)c(Cl)c1,28.53
[O-][n+]1cc2c(OCc3ccccc3)cccc2c2cccc(OCc3ccccc3)c21,34.79
CC(C)Cc1ccc(-c2nc(-c3cccnc3F)nc(C3CCC(CO)CC3)n2)cc1C#N,26.27
CC(=O)N(N=Cc1ccc2c(c1)OCO2)c1nc(Cl)ncc1C#N,22.44
O=CN1CCN(C=Nc2c(O)ccc3c2CCCC3)CC1,23.8
CC(C)Oc1ccc(-c2nc(-c3cccc(-c4ccccn4)c3)n[nH]2)cc1C#N,26.27
N#Cc1ccc(-c2cc(-c3ccc(N=CN4CCCCCC4)cc3)cc(C#N)c2C#N)cc1,24.59
N#Cc1cncc(-c2nc(-c3ccc(C#N)nc3)nc(-c3cccnc3F)n2)c1,11.52
CC(C)n1cc(-c2nc(-c3cncc(C#N)c3)nc(-c3cncc(C#N)c3)n2)cn1,16.41
N#Cc1ccc(-c2cccc(-c3ccc(-c4ccc(-c5cccc(-c6cncc(-c7ccc(C#N)cc7)n6)c5)cn4)cc3)n2)cc1,22.05
CCCNc1cc(Nc2ccc3c(c2)C(=O)c2ccc(N)cc2C3=O)nc(Nc2ccc3c(c2)C(=O)c2ccc(N)cc2C3=O)n1,11.32
N#Cc1ccc(-c2ccc(-c3nc(-c4ccc(C#N)cc4)nc(-c4ccc(-c5cncc(C#N)c5)cc4)n3)cc2)cc1,13.51
COc1ccc(C(NC(=O)c2ccc(-c3ccnc(C#N)n3)cc2F)c2cnn(C)c2)cc1F,23.56
Cn1cc(C=Nn2nc(-c3ccccc3)[nH]c2=Nc2ccccc2)c(Br)c1Cl,36.18
Cc1cc(-c2sc(-c3ccc(C#N)cc3)cc2-c2ccc(-c3ccc(C#N)cc3)cc2)nc(C#N)n1,22.01
C=C(c1cc(OC)c(OC)c(OC)c1)C(C)OC1CC(n2cc(C#CCOc3ccc4ccc(=O)oc4c3)nn2)C2OC(C)(C)OC12,48.38
N=C1NC(=O)C(=Cc2cccc(OCCc3ccccc3)c2)S1,20.57
Cc1ccc(N(CC(=O)N2CCN(C)CC2)S(=O)(=O)c2ccccc2)cc1,21.03
CN1CC(c2ccc(-c3ccccc3C#N)cc2)=Nc2c1[nH]c(Cc1ccc(C(=N)N)cc1)nc2=O,37.36
C=CCNC(=O)Cc1nc2c3ccccc3nc(SCc3ccc(Cl)c(Cl)c3)n2c1O,30.58
Cc1ccccc1C=Cc1ccccn1,19.36
Cc1nc(C2OCCC2(C#N)c2ccc3nc(C)n(C)c(=O)c3c2)cc(-n2cnc3c(C#N)ncnc32)n1,49.16
N#Cc1ncccc1C(=O)Oc1cccc2cccnc12,25.7
N#Cc1ccc(-c2ncc(C#N)cc2-c2ccnc(-c3cccc(F)c3)n2)cc1,16.49
NC(=O)c1cccc(Nc2ccc3c(C=Cc4ccccc4)nccc3c2)c1,21.21
N#Cc1[nH]c2c(-c3ccc(F)c(N=c4nccc[nH]4)n3)ccnc2c1C#N,27.28
COc1cccc(C2CN(c3nc(C)cc(C#N)n3)CCN2Cc2ccc(-c3ncc(-c4cccc(C#N)n4)nc3-c3ccc(F)cc3)cc2)c1,34.98
N#Cc1ccc(-c2ccc(-c3nc(C#Cc4cccc(C#N)c4)nn3-c3ccc(-c4ccc(C#N)cc4)cc3)cc2)cc1,21.39
CCOC(=O)Cc1coc(-c2ccc(-c3ccc(NC(=O)c4ccccc4-c4cccc(C(=N)N)c4)cc3)cc2)n1,29.09
CCOc1ccc2c(=NN=Cc3ccccn3)cc(C)[nH]c2c1,18.21
N#Cc1ccc(-c2ccc(-c3cccc(C#N)n3)nc2)nc1,10.23
N#Cc1ccccc1-c1cn(-c2ccc(C(=O)O)cc2)cc1C#N,13.69
N#Cc1ccc(-c2nc(-c3ccc(-c4ccc(C#N)cn4)nc3)nc(-c3ccc(-c4ccc(C#N)cc4)s3)n2)cc1,11.32
N#Cc1ccc(-c2ccc(-c3nc(-c4ccc(C#N)cc4)nc(-c4ccc(-c5ccc(F)cc5F)nc4)n3)cc2)cc1,15.47
N#Cc1ccc(N2C(=O)c3ccccc3C2=O)nc1C#N,15.67
COc1cc(-c2nc(-c3cncc(C#N)c3)nc(-c3cncc(C#N)c3)n2)ccc1Oc1ccc(C#N)cc1,17.16
N#Cc1ccc(-c2ccc(-c3ccc(-c4cc(-[n+]5ccc(-c6ccncc6)cc5)nc(-[n+]5ccc(-c6ccncc6)cc5)n4)cc3)cc2)cc1,8.05
N=CCNc1ccc(NC(=O)CN)c2c(O)c3ccc(NC(=O)C=NC(=O)C(N)CN)c(Cl)c3c(O)c12,36.48
COc1cc(C=CC(=O)OC(c2ccccc2)c2c[nH]c3cc(C#N)ccc23)ccc1OC(C)=O,34.54
N#Cc1cc(F)nc(-c2cc(-c3ccc(-c4cccc(C#N)n4)c(F)c3)nc(-c3cccc(C#N)n3)n2)c1,20.21
N#Cc1ccc(-c2nc(-c3ccc(-c4ccc(C#N)cn4)cc3)nc(-c3ccc(-c4ccc(C#N)nc4)nc3)n2)cc1,12.83
CN=c1[nH]c(=Nc2ccccc2)c2cc(C#N)c(Cl)cc2[nH]1,19.9
O=C(O)c1cc(C=NO)c2c3ccsc3n(Cc3ccccc3)c2n1,38.56
CCc1nc2nc(C(C)C)nc(C)c2c(=O)n1-c1ccc2c(c1)CCN2C(=O)COC,35.66
N#CC(C#N)C1=NCCN1c1ccccc1,17.31
N#Cc1ccc(-c2ccc(-c3nc(-c4ccc(-c5ccc(C#N)cn5)cc4)nc(C4CCC4)n3)cc2)cc1,9.75
N#CC=Cc1ccc(Cc2nc(C#N)cn2Cc2ccc(-c3ccc(C(F)(F)F)cc3)cc2)cc1,20.93
O=C1OC(CCCCNc2cc(Nc3cccnc3)ccc2[N+](=O)[O-])c2ccccc21,34.96
COc1c(CNCc2noc(-c3ccc(C)cc3)n2)c(C)nn1C,19.92
CC(=O)c1ccc(-c2ccc(Cn3c(CC(C)(C)C(=O)O)nc4c(F)ccc(F)c43)cc2)cc1,30.79
N#Cc1ccc(-c2[nH]c(=N)sc2N=Nc2ccccc2)cc1,16.66
N#Cc1cc(N=c2nc3c(c[nH]2)cc(C#N)c(=O)n3CC2CC2)cc(F)c1F,25.87
N#Cc1cccc(-c2cc(-c3ccc(NC(=O)NCc4ccncc4)cc3)nc(-c3cccnc3)n2)c1,27.27
N#CC=Cc1cc(-c2ccc(C#N)cc2)nc(C#N)n1,20.51
Cc1nc(C2CC2c2nc(-c3ccc(C#N)cc3)nc(-c3cncc(C#N)c3)n2)cc(-n2cc(C3CCOC3)nn2)n1,22.6
Cc1cc(-c2n[nH]c3cc(=NC(=O)NCc4ccc(F)c(F)c4)[nH]cc23)ccn1,20.4
CCn1c(Cc2ccc(-c3ccccc3C#N)cc2)nnc1-c1nc(C2CC2)c[nH]c1=N,30.97
Cc1cc[nH]c(=NS(=O)(=O)c2cc(-c3nc4cc(Cl)ccc4s3)c(Cl)cc2Cl)n1,29.29
COc1c(C#N)c(=N)[nH]c2c(Nc3ccc4nc(C)ccc4c3)c(C#N)c(C#N)c(N)c12,30.65
CC1(C)C(=O)NN=C1c1ccc2nc(-c3ccc(C#N)cc3)oc2c1,20.18
O=C(Cc1ccc(-c2cccc(F)c2)cc1)Nc1ccc2ccoc2c1,28.41
Cc1ccc(N=C(NC#N)Nc2ccccc2)c(C)c1,18.8
Cc1cc(C)cc(Sc2c(-c3ccc(C#N)cc3)nn(Cc3ccc(-c4ccncc4)cc3F)c2C(=O)O)c1,31.89
O=C(NC1CC1)c1ccc2sc(-c3ccc(C=Cc4ccc5ccccc5n4)cc3)nc2c1,32.17
CN=c1ncc(-c2ccc(CN(Cc3ccccc3C)c3cccc(C=CC(=O)OC)c3)cc2)c[nH]1,35.39
N#Cc1ccc(-c2nc(-c3ccc(Br)cc3)nc(-c3ccc(C#N)cc3)n2)cc1,11.13
COc1cc(C)c(C=CC(C)=CCC=C(C)CCC=C(C)CC(=O)O)c(C)c1C,28.77
CN1CCN(C=CN=Nc2ccc(Cl)cc2)CC1,16.9
N#Cc1ccc(N(CCn2nc(C#N)nc2-c2cncc(C#N)c2)Cc2cccc(C#N)c2)cc1,26.01
Cc1ccccc1Cn1nc(C)c(NC(=O)c2cc(-c3ccc(C#N)cc3)nc(-c3ccc(C#N)cc3)n2)c1C,21.65
N#Cc1ccc(-c2nc(-c3ccc(-c4ccc(-c5cc(N6CCCC6CO)[nH]c(=N)n5)cc4)cc3)co2)cc1,29.47
CN(C)CCN(C)c1nc(N(C)c2ccc(F)c(Cl)c2)c2cc(N(C)C)ccc2n1,24.89
NC(=O)c1cncc(-c2cnc3c(C(F)(F)F)nc(=NC4CCN(Cc5ccccc5)CC4)[nH]c3c2)c1,38.72
CC1CC(=O)NN=C1c1ccc(N=C2NCCO2)cc1,20.84
Cn1cc(NC(=O)c2ccc(-c3ccc(C(=O)N=c4cc[nH]cc4)cc3N)cc2)cc1C(=O)NCCN,34.52
Cc1c(C(=O)Nc2ccc(-c3ccc(S(=O)(=O)NC(C(=O)O)C(C)C)cc3)cc2)oc2ccccc12,22.59
CC(=O)N1CCc2c(sc(N=Cc3ccc(O)cc3)c2C#N)C1,19.62
O=C(N=c1nn[nH][nH]1)c1cccc(-c2ccccc2Cl)n1,21.23
Cn1c(=O)c2c(SCC(=O)N3CCCc4ccccc43)nc(-c3ccccc3)nc2n(C)c1=O,24.52
N#Cc1ccc(-c2ccc(-c3nc4ccc(N5CCN(CCO)CC5)nc4[nH]3)cc2)cc1,18.45
Cc1cc(C)c(NC(=O)Nc2cccc(C#N)c2)c(C)c1,21.68
N#Cc1ccc(-c2nc(Cl)nc3nc(-c4ccc(C#N)c(F)c4)cnc23)cc1,24.47
N#Cc1c(F)c(F)c(-c2nc(-c3cc(Cl)c(C(F)(F)F)cc3Cl)n3c2CCOC(CF)C3)c(F)c1F,22.65
N#Cc1ccc(C#CC#Cc2cc(C#N)nc(C#N)n2)cc1,16.66
CC1(C)CCc2c(cc(-c3cccnc3)n2-c2ccc3c(c2)CCC3)C1,23.35
CN(c1cc(C(N)=O)nc(-c2ccc(-c3cccc(C#N)c3)cc2)n1)C1CCN(Cc2ccccc2)CC1,25.55
CC(NC(=O)Cc1cc(F)cc(F)c1)C(=O)NC(Cc1ccccc1)C(=O)NCc1ccc(CN)cc1,21.35
N#Cc1ccc(CN2CCOc3ccc(-c4ccc(F)c(Cl)c4)cc3C2=O)cc1,20.16
N#Cc1ccc(-c2noc(CN3c4ccccc4Sc4ccc(C#N)cc43)n2)cc1,17.25
N#CC(=Cc1ccccc1)C(=O)c1c[nH]c2ccccc12,18.49
N#Cc1ccc(-c2nc(-c3cnc(CCCO)c(C#N)c3)nc(-c3ccccc3C#N)n2)cc1,15.43
COc1ccc(C2=Nc3ccccc3NC(=O)C2)cc1Cl,20.27
N#Cc1cncc(-c2nc(-c3ccc(C#N)c(C#N)c3)n3cc(C#N)cnc23)c1,22.7
N#CNC(=O)c1ccc(-c2cc(-c3cc4ccccn4c3)nc(C#N)n2)cc1F,29.55
Cc1nc(=Nc2cc(-c3ccc(Cl)cc3)c3cnc(C4OCC56CC5CC4OC(N)=N6)cc3n2)cc[nH]1,42.63
CCCCCCCCCCCCCCCCNC(=O)c1ccc(N=Cc2ccc(-c3cccc(-c4ccc(C=Nc5cc(O)c(N)cc5O)cc4)n3)cc2)cc1O,21.69
Cc1ccc(-c2ncc(C#N)cc2-c2nc(-c3cncc(C#N)c3)nc(C3CC3)n2)cc1F,18.78
N#Cc1ccc(-c2csc(N=Cc3cc4c(cc3O)OCO4)n2)cc1,16.1
COC(=O)CCCC=CCC1C(c2ccccc2)=NC(N)=NC1c1ccc(C)cc1,26.35
Cc1nc(C=Nc2nc(-c3ccccc3)cs2)ccc1-c1ccc(-c2nn[nH]n2)s1,30.71
Cc1cc(-c2ccc(C#N)cc2)nc(-c2ccc(C#N)cc2)n1,10.57
C=c1cn[nH]c1=Cc1c2n(c3ccccc13)N1N=NCC1C2C#N,36.32
N#Cc1ccc(-c2n[nH]c3cccc(-c4ccc(F)cc4)c23)cc1,16.65
N#Cc1ccc(-c2ccc(-c3nc(C(=O)O)cc(-c4ccc(-c5cccs5)cc4)n3)cc2)cc1,19.8
C=CCNC(=O)c1ccccc1NC(=S)NCc1ccco1,24.06
N#Cc1ccc(-c2cc(-c3ccc(C#N)cc3)n3nc(-c4ccc(C#N)cc4)c(-c4ccccc4)c3n2)cc1,17.6
N#Cc1ccc(Br)c(C#N)c1,14.15
O=C(O)CCCc1ccc(-c2ccc(-c3nc(-c4cc(C(F)(F)F)cc(C(F)(F)F)c4)no3)cc2C(F)(F)F)cc1,24.82
N#Cc1ccc(-c2cc(C(=O)NC3CCOCC3C#N)nc(C#N)n2)nc1,20.48
N#Cc1ccc(-c2nc(-c3cccc(Cl)c3)nc(-c3cncc(C#N)c3)n2)cc1,12.95
N#Cc1ccc(C(=O)c2cc(CN3CCCCC3)c(O)c(CN3CCCC3)c2)c2ccccc12,26.53
Cn1c(N)c(C(=O)COC(=O)CN2C(=O)c3ccccc3C2=O)c(=O)n(C)c1=O,20.75
O=C1C(c2ccccc2)=C(c2ccccc2)CC2c3cc(O)c(O)cc3CCN12,23.36
N#CC=Cc1cccc(C=Cc2ccc(C=CC(O)=NO)nc2)n1,13.78
O=C(C=Cc1cnc2ccccc2n1)Nc1ccc(-c2nc(-c3ccccc3)no2)cc1,24.04
C[n+]1ccc(-c2ccc(C=Nc3cc(O)c(N)cc3O)cc2)nc1-c1ccc(C=Nc2cc(O)c(N)cc2C(=O)NCCCNCCCCN)cc1,16.9
N#CC1NC(=S)N(Nc2ccccc2)C(=S)C1C#N,24.47
CNC(=O)c1nc(-c2ccc(-c3cnc(-c4ccncc4)c(-c4ccc(C#N)cc4)c3)cc2)c2ccccc2n1,24.55
N#Cc1cncc(-c2nc(-c3ncccn3)nc(C3CC3)n2)c1,12.87
O=C(c1ccc(-c2ccc(-c3cc(-c4ccc(-c5nc(Cl)nc(Cl)n5)cc4)cc(-c4ccc(-c5nc(Cl)nc(Cl)n5)cc4)n3)cc2)nc1)N1CCc2ccccc21,17.87
N#Cc1ccc(-c2ccc(Cn3ccc(-c4ccc(F)cc4)cc3=O)cc2)cc1,18.48
O=C(Nc1cccc(-c2cc(C3CC(F)(F)CN3)nc(C3CC3)n2)c1F)c1ccc2cc(O)ccn12,36.21
N#CC=Cc1ccc(-c2ccc(C#N)nc2)c(-c2ccc(C#N)cn2)n1,19.42
Cc1cccc(-c2cc3nc(-c4ccc(=N)[nH]n4)n(CC4CCC(C)CC4)c3c(-c3cccc(C#N)c3)n2)n1,25.15
CC(=O)c1cccc(NC(=O)CCNS(=O)(=O)c2ccc(F)c(F)c2)c1,26.56
CCOC(=O)c1cccc(N=Cc2cc3ccccc3[nH]c2=O)c1,21.04
N#Cc1ccc(-c2ccc(S(=O)(=O)NCCc3cc(C(N)=O)c4[nH]c(=N)n(S(=O)(=O)C(F)(F)F)c4c3)cc2)cc1,32.72
N#Cc1ccc(-c2ccc(-c3nc(-c4ccc(O)cc4)n(N=Cc4ccncc4)n3)cc2)cc1,20.96
O=C(NCC1CCCN1)c1cnc(-c2ccc(-c3cc(-c4ccc(-c5nc(Cl)nc(Cl)n5)cc4)cc(-c4ccc(-c5nc(Cl)nc(Cl)n5)cc4)n3)cc2)cn1,15.38
COc1cc(OCc2cc(-c3ccc(C#N)cc3)nc(-c3ccc(C#N)cc3)n2)nc(-c2cccc(C#N)n2)c1,17.43
N#Cc1ccc(-c2ccc(-c3nc(-c4ccc(NC(=O)c5ccc(F)cc5)cc4)nc(-c4ccccc4O)n3)cc2)cc1,22.54
N#Cc1ccc(-c2ccc(-n3c(O)c(O)c(C(=O)c4ccccc4)c3-c3ccc(C#N)cc3)cc2)cc1,15.23
O=C(Oc1ccccc1)c1cc(-c2ccccn2)n[nH]1,25.59
N#Cc1ccc(CCCN2c3ccccc3C=CC2CCCCN2CCCN(CCc3ccccc3)C2=N)cc1,34.85
Cn1c(C(O)(c2ccc(C#N)cc2)c2ccc3c(c2)C(=O)N(Cc2ccc(C(=O)O)cc2)C3=O)cnc1-c1ccc(F)cc1O,43.39
N#Cc1ccc(-c2ccc(-c3nc(Cc4nc(-c5ccc(-c6ccccc6)cc5)no4)oc3Cc3cccc4ccccc34)cc2)cc1,27.24
Cc1ccc(-c2ccc(C#N)c(NC(=O)c3ccc(C#N)cn3)c2)cc1,25.12
CC(C#N)NC(=O)c1ccc(C#Cc2ccc(C#N)cc2)cn1,17.33
Cc1ccc(CCCCCOc2c(Cl)cc(-c3cc(-c4ccc(C#N)cc4)nc(-c4cnccn4)c3)cc2C(=O)NS(=O)(=O)c2ccccc2)cc1,34.76
CC1CCc2cc(-c3ccc(C#N)nc3)ccc2N1c1cc(C#N)c2ccccc2n1,32.93
O=C(N=c1nc(C2CC2)c(C(=O)NC2CCCCC2)c[nH]1)c1ccc2ccccc2c1,28.0
CCOC(=O)C(=O)CC(=O)C=Cc1nc(C=C2C(=O)N(C(=O)c3ccc(-c4ccc(C#N)cc4)cc3)c3ccccc32)cn1Cc1ccccc1,33.85
Cc1cc(C2CCN(C(=O)c3ccc(-c4ccc(C#N)cn4)cc3)CC2)n(-c2ncccc2F)n1,26.62
N#Cc1cncc(-c2nc(-c3cc(C4CCCNC4)ncn3)nc(-c3cccc(C#N)n3)n2)c1,16.67
CN(C)c1ccc2c(c1)=NC(=O)C=2Cc1ccc(-c2ccc(C#N)cc2)cc1,17.21
c1ccc(-[n+]2ccc(-c3cccnc3)cc2)cc1,15.42
CCN(CC)c1ccc(N=Cc2ccccc2)cc1,14.75
Cn1c(-c2ccc(-c3ccc(C#N)cc3)cc2)c(-c2ccc(F)cc2)nc(-c2nccc(C=CC#N)n2)c1=O,26.31
Cc1cc(C#N)ccc1-c1cc(C=Cc2nc(C#N)c(N)o2)nc(=Nc2ccc3[nH]c(C(=O)O)cc3c2)[nH]1,36.03
N#CCCN1CCC(c2nc(-c3ccc(-c4ccc(C#N)cn4)cc3)nc(-c3ccc(C#N)c(C(F)(F)F)c3)n2)CC1,18.23
N#Cc1ccc(-c2ccc(C=CC(=O)Nc3c(C(=O)c4ccccc4)[nH]c4cc(C#N)ccc34)cc2)cc1,26.53
N#Cc1ccc(-c2ccc(Cl)c(-c3cc(Cl)c(Cl)cc3Cl)n2)cc1,17.96
N#Cc1cccc(N=c2nc(-c3cnc(C4CCCNC4)c(C#N)c3)cc[nH]2)c1,18.46
CCNC(=O)N1CCC(c2nc(-c3ccc(C#N)cc3)nc(-c3cc(C)ccc3Cl)n2)CC1,19.68
Cc1ccc(Nc2ccc3c(c2)C(=O)c2ccc(N)cc2C3=O)c(Cl)c1,14.64
Cc1nc(-c2ccc(F)cc2F)ccc1C(=O)Nc1ccc(O)c(C(C)C)c1,27.97
CCN1CCN(C(=O)c2cc(-c3ccc(OC)c(OC)c3)nc(-c3ccc(Oc4ccc(F)cc4)cc3)n2)CC1,32.15
C#Cc1cccc(Nc2c(-c3ccc(-c4ccc(O)c(C#N)c4)cc3)nc3ccc(C)cn23)c1,25.47
N#Cc1ccc(-c2ccc(-c3nc(C=Cc4ccccc4)cc(C=Cc4ccc(-c5cccc(C(=O)O)c5)o4)n3)cc2)cc1,19.21
COc1ccccc1CN=c1cc(-c2ccccn2)[nH]c(-n2nc(C)cc2C)n1,20.57
N#Cc1c2ccccc2c(-c2nc(-c3cccc4ccccc34)nc(-c3c4ccccc4c(C#N)c4ccccc34)n2)c2ccccc12,10.17
N#Cc1cncc(-c2ccc(-c3nc(C#N)nc(C#N)n3)cc2C#N)c1,12.92
N#Cc1ccc(-c2ccc(-c3cccc(COC4CC5CCC(CC5)C4c4ccc(-c5ccccc5)cc4)c3)cc2)cc1,35.23
N#Cc1ccc(-c2ccc(CNc3ccc4c(=NCCN5CCOCC5)[nH]cnc4c3C#N)cc2)cc1,32.69
ON=C(O)C=Cc1ccc(-c2ccc(-c3cc(-c4ccc(-c5nc(Cl)nc(Cl)n5)cc4)cc(-c4ccc(-c5nc(Cl)nc(Cl)n5)cc4)c3)cc2)nc1,10.95
CC(=O)N1CCC(c2nc(NC3CCOCC3)cc(-c3ccc(-c4cccc(C#N)n4)nc3)n2)CC1,25.85
COc1ccc(C=C(C#N)C(=O)c2c3c(cc4ccc(OC)c(F)c24)-c2cc4c(cc2COC3=O)OCO4)c(OC)c1,37.42
C=C=Cc1nc(SC)c(CBr)n1C,32.38
Fc1cccc(NN=Cc2cn(-c3ccccc3)nc2-c2ccncc2)c1,23.55
Cc1ccc(N=c2cc(C)[nH]c(-c3cccc(C#N)c3)n2)cc1,16.32
Cc1ccc(C#N)cc1-c1ccc(-c2nc(-c3ccc(-c4ccccn4)cc3)nc(-c3ccc(-c4ccc(C#N)cn4)nc3)n2)cc1,24.96
Cc1cnc(C=CC#N)cc1-c1ccc(-c2ccc(C=NNC(=O)c3cc(N=CCN(C)C)ccc3NNc3ccc(C#N)cc3)cc2)cn1,38.42
COc1cccc(-c2cnc3c(=N)[nH]ccc3n2)c1F,22.87
N#Cc1ccc(-c2nc3ccc(NC(=O)c4ccc(-n5cccn5)cc4)cn3n2)cc1,21.73
CS(=O)(=O)Nc1ccc2[nH]c(-c3ccc(-c4ccc(C#N)cc4)cc3)nc2c1,19.01
N#Cc1ccc(-c2ccc(Cn3cnc(-c4cccc(C#N)c4)n3)nc2)cc1,16.22
N#CC=Cc1cc(=NCCCO)n(C#N)c(=N)[nH]1,26.41
NC(=O)N1CCCc2cc(-c3cc(F)nc(Cl)c3)cnc21,21.2
N=C(NCc1ccc2ccc(C(N)=O)cc2c1)Nc1ccc(-c2ccc(OCCn3cccn3)c3[nH][nH]c(=N)c23)cc1,48.24
CCCCc1ccc(C2(C(F)(F)F)CC(c3ccc(C)cc3)=C(c3ccccc3)C(=O)N2)cc1,27.68
CN(Cc1ccc(-c2ccc(C#N)cn2)cc1)C(=O)c1cc(-c2ccc(C#N)cc2)n(-c2ccc(C#N)cc2)n1,23.2
N#Cc1cccnc1C#N,10.31
Cc1noc(-c2ccc(-c3c[nH]c(=N)c(-c4nc5ccccc5n4C4CCNCC4)n3)cc2)n1,21.33
CC(C)CCc1ccc2c(C#N)c(-c3cccc(C(=O)O)n3)[nH]c2c1,36.55
c1ccc(C(c2ccccc2)C2C(NCc3ccccn3)C3CCN2CC3)cc1,19.2
N#CC=Cc1nccc(-c2ccc(C#N)cc2)n1,11.5
CC(C)(C(=O)N=c1[nH]cco1)C1c2ccccc2-c2ccccc21,30.79
Cc1cc(=O)oc2cc(OCC(=O)NCc3ccccc3)ccc12,18.12
Clc1ccc(-c2cc(-c3ccc(-c4nc(Cl)nc(Cl)n4)cc3)cc(-c3ccc(-c4nc(Cl)nc(Cl)n4)cc3)c2)cc1,9.97
COc1cc(OC)cc(OS(=O)(=O)c2ccc(C)cc2)c1,20.95
C=CCNC(=O)c1nc(-c2ccc(Cl)cc2Cl)n(-c2ccc(C#N)cc2)c1C,23.25
N#Cc1ccc(CNC(=O)Oc2ccc(C#N)cn2)cc1,25.66
CCOCn1cccc(C#N)c1=O,21.28
N#Cc1cncc(-c2nc(-c3ccc(S(=O)(=O)NC4CCN(CCO)CC4F)cc3)nc3ncnn23)c1,41.26
Cc1ccc(C=Nn2c(C)nnc2C)c(N2CCN(c3ccc(Cl)cc3)CC2)n1,32.19
N#Cc1cncc(-c2cc(-c3ccc(F)cc3)nc(-c3cncc(C#N)c3)n2)c1,14.28
C=C1C(O)C(=O)C=C2C1C(=O)C=C1COC(=O)C3OC123,40.96
N#Cc1ccc(-c2ccc(-c3nc(-c4cncc(C#N)c4)nc(-c4cncc(C#N)c4)n3)cn2)nc1,9.39
N#Cc1ccc(-c2cc(-c3ccc(NC(=O)c4ccc(C(F)(F)F)cc4)cc3)nc(-c3ccccc3)n2)cc1,18.57
N#Cc1ccc(-c2cc(CO)nc(-c3ccc(C#CC4CCCC4)cc3)n2)cc1,15.1
COc1ccc(OC)c(N(CC(=O)NCc2ccccc2)S(=O)(=O)c2ccccc2)c1,22.75
N#Cc1ccc(-c2ccc(-c3nc(C(=O)NCCO)cc(-c4ccc(-c5ccc(C#N)cn5)nc4)n3)cc2)cc1,12.04
Cc1ccc(C2=NS(=O)(=O)N=C(OCc3ccccc3)C2)cc1,19.77
N#Cc1ccc(C=Cc2[nH]nc3cc(Nc4ccc5c(c4)C(=O)c4ccc(N)cc4C5=O)ccc23)cc1,13.52
N#Cc1ccc(NC(=O)c2ccc(-c3nc(-c4cccc(C5CC5)n4)nc4[nH]c(-n5cccn5)cc34)cc2)cc1,33.53
N#Cc1ccc(-c2cc(C#Cc3ccc(C#N)nc3)nc(-c3ccc(C#N)cc3)n2)cc1,13.59
CCCCc1c(-c2nc(C)nc(-c3ccc4ccccc4c3)n2)c2cccc(C#N)c2n1CC(=O)O,28.81
N#Cc1ccc(-c2nc(COc3cccc(C#N)c3)nc(-c3ccc(C#N)cn3)n2)cc1,21.14
N#Cc1cncc(-c2nc(-c3cccc(C#N)n3)nc(-c3ccc(-c4ccc(C#N)nc4)cc3C#N)n2)c1,17.93
NCCCNCCCCNCCCNC(=O)c1cc(N)c(O)cc1N=Cc1ccc(-c2nc(-c3ccc(C=Nc4cc(O)c(N)cc4O)cc3)nc(C=O)c2O)cc1,21.41
N#CC=Cc1cc(-c2ccc(S(=O)(=O)Nc3cc(-c4nccc(C#N)n4)ccc3F)cc2)nc(Cl)n1,35.8
N#Cc1ccc(Cn2cncc2-c2cncc(C#N)c2)cc1,15.51
N#Cc1cccc(-c2ccccc2)c1,13.23
CNC(=O)c1cc(Oc2ccc(C=O)cc2)ccn1,18.68
N#Cc1ccccc1-c1ccc(-c2nc(-c3c(F)c(F)c(C#N)c(F)c3F)nc(-c3ccccc3)c2C#N)cc1,19.68
N#Cc1cc(Nc2cc(Nc3ccc4c(c3)C(=O)c3ccc(N)cc3C4=O)nc(Nc3ccc4c(c3)C(=O)c3ccc(N)cc3C4=O)n2)ccc1F,15.06
N#Cc1ccc(-c2nc(-c3cc(F)c(C#N)c(F)c3F)no2)cc1,15.23
CN(C)CC(N)c1nc(-c2ccc(-c3ccc(C#N)cc3)cc2)c(-c2ccc(F)c(F)c2)o1,27.19
Nc1ccc2c(c1)C(=O)c1ccc(Nc3nc(Nc4ccc5c(c4)CC4CCCN4C4(CCC4)C5=O)nc(Nc4ccc5c(c4)C(=O)c4ccc(N)cc4C5=O)n3)cc1C2=O,15.72
N#Cc1ccc(N2CCN(S(=O)(=O)c3ccc(F)c(Cl)c3)CC2)nc1,23.61
COc1cc(O)c(C(=O)C=Cc2cc(OC)c(OC)c(OC)c2)c(CCc2ccccc2)c1,24.88
CCc1ccc(S(=O)(=O)Nc2ccccc2C(=O)Nc2ccc(F)cc2)cc1,23.29
N#Cc1ccc(-c2nc(-c3ccc(C#N)cc3)c3ccc(CN4CC(C#N)C4)cc3n2)cc1,21.61
N#Cc1ccc(-c2nc(COCC3(C#N)C(=O)NC(=O)NC3=O)nc(-c3ccc(C#N)cc3)n2)cc1,16.91
N#Cc1ccc(NC(=O)N=c2nc(-c3ccc(-c4ccc(C#N)cc4)o3)[nH]c3ncn(-c4ccccc4)c(=O)c23)cc1,28.09
Cn1nnc(-c2ccc(-c3cc4cc(C#Cc5ccc(CN)cc5)c(C#N)cc4cn3)cn2)n1,36.79
O=C(N=c1ccc(Cl)c[nH]1)c1c(F)cccc1F,17.28
COc1cc(-c2nc(-c3ccc(-c4ccc(C#N)cn4)cc3)nc(-c3nc(N(C)C)c(C#N)c(N)c3C#N)n2)cc(OC)c1OC,41.36
N#Cc1ccc(-c2c(C#N)cnc(F)c2-c2ccc(C#N)nc2)cc1,20.0
N#Cc1cccc(C#Cc2cccc(F)c2F)n1,11.29
N#Cc1cccc(CC(CNC(=O)Cc2c(F)c(F)cc(F)c2F)c2ccc(Cl)c(Cl)c2)c1,31.97
Cc1ccc(C2c3[nH]c4ccccc4c3CCN2C(=O)Nc2cccc(Cl)c2)cc1,26.15
N#Cc1ccc(-c2nccc(CN3CCc4cc(F)c(C#N)cc4C3=O)n2)cc1,28.74
CCCCc1cc(-c2c(F)c(F)c(C#N)c(F)c2F)nc(-c2cccc(Cl)c2F)n1,15.51
N#Cc1ccccc1-c1cc(=O)n2c(n1)SCC2,21.06
Cc1cc(C(C)C)cc[n+]1NC(=S)Nc1cccc(Cl)c1,33.41
O=Cc1ccc(C(=O)NN=Cc2ccc(-c3ccccc3)o2)cc1,23.33
Clc1ccc2c(=NN=Cc3ccc4ccccc4c3)cc[nH]c2c1,21.15
CC(=O)c1ccc(-c2ccc(-c3cccc(C(C#N)C(O)(C=CC4CCSN4Cc4ccc(F)c(F)c4)C(F)(F)F)n3)cc2)cc1,51.94
CC1=Cc2cc(F)ccc2C(c2ccc(-c3ccc(C(=O)O)cc3)cc2)N1Cc1ccc(-c2ccc(C#N)cc2)cc1,26.1
N#Cc1nc2c(nc1N)C(=O)c1ccccc1C2=O,18.42
N#Cc1ccc(-c2ccc(-c3nc(-c4cncc(-c5ccc(C#N)cc5)n4)c4nccn4c3-c3ccccc3)cc2)cc1,25.65
COc1ccc(C(=O)C(=Cc2ccc(OC)c(OC)c2)S(=O)(=O)c2ccc(C)cc2)cc1,23.98
CC(=O)c1cccc2c1CCC(N1CCN(Cc3ccc(C#N)cc3)C(C)C1)C2,26.72
N#Cc1ccc(C=Nc2c(O)cc(Nc3ccc(C#N)cc3)c3ccccc23)cc1,19.39
N#CC=Cc1nc(C#N)nc(C=Cc2ccc(-c3ccc(C#N)cc3)nc2)n1,18.56
Cc1ccc(-c2cc(-[n+]3ccc(-c4ccncc4)cc3)nc(-[n+]3ccc(-c4ccncc4)cc3)n2)nc1,13.25
N#Cc1ccc(-c2ccc(-c3nc(-c4ccc(-c5ccc(C#N)cc5)cc4)nc(-c4ccc(-c5ncccn5)cc4)n3)cc2)cc1,11.5
CCOC(=O)c1cc2c([n+](C)c1=C(N)[N+](=O)[O-])-c1ccccc1C=2,44.84
C#CC(=O)Nc1cc(-c2ccc(C(=O)N3CCC(F)(F)C3)cc2)c(F)c(-c2ccc(C#N)cn2)c1,30.34
N#Cc1ccc(-c2ccc(-c3cc(-c4ccc(-c5ccc(C#N)cn5)nc4)nc(-c4ccc(-c5ccc(C#N)cn5)c(F)c4)n3)cn2)nc1,19.56
C=CCn1ccnc1C=NO,16.07
CC1(C)CC(=O)C=C(c2ccc(-c3ccc(C#N)cc3)cc2)C1=O,16.76
Cc1ccc(-c2c(-c3ccc(NC(=O)Nc4cccc(C#N)c4)cc3)nc(C3CCC3)n2CCN2CCN(C)CC2)cc1,27.14
CCOc1cc(=O)n(C)cc1-c1ncc(C)cc1Oc1ccc(C#N)cc1,24.81
N#Cc1ccc(-c2cccc(-c3ccnc4ccccc34)c2)cc1,17.87
Fc1cc(F)cc(-c2nc(Cl)nc(Cl)n2)c1,12.95
Cc1ccc(NC(=O)c2cccc(C(F)(F)F)c2)cc1-c1ccc(C(=O)NCC2CC2)cc1,17.04
CN1CCc2cccc(Oc3nc(-c4cccc(C#N)c4)[nH]c(=Nc4cccc(C(N)=O)c4)n3)c2C1=O,27.01
N#Cc1cc(C#N)cc(-c2ncc(C#N)cc2-c2c[nH]c3cc(F)ccc23)c1,28.83
N#Cc1ccc(C=Nc2ccc(-c3c(Cl)c(N)c(C#N)c(C(F)(F)F)c3Cl)cc2)cc1,29.9
N#Cc1ccc(-n2c(=O)ccc3cc(S(=O)(=O)N=c4cco[nH]4)ccc32)cc1,18.49
N#Cc1ccc(-c2ccc(-c3cc(C(F)(F)F)nc(-c4ccc(-c5ccc(Cl)cc5F)cc4)n3)cc2)nc1,13.86
COc1ccc(-n2nc(C=Cc3cccc(C=CC(O)=NO)n3)nc2-c2ccc(-c3ccc(C#N)cc3)cc2)cc1,23.78
COc1cc(O)c(C(=O)C2CCN(CCc3ccc(N(C)C)cc3)CC2)c(OC)c1,27.73
COC(=O)Cc1ncc(-c2nc(-c3ccc(-c4ccc(OC(F)(F)F)cn4)nc3)nc(-c3ccc(C#N)c(C(=O)O)c3)n2)cc1C#N,39.68
O=C(Cc1cccs1)NCc1cc2n(n1)CCN(Cc1ccncc1)C2,26.42
Oc1cc(Br)c(-c2ccc(-c3ccc(Cl)s3)o2)cc1O,30.99
O=C(O)CC(O)CC(O)C=Cn1c(-c2ccc(F)cc2)nc(C2CCCC2)c1-c1ccccc1,23.2
CC(=O)NCCn1c(=O)c2cnccc2c2cc(-c3cc(F)cc(C#N)c3)cnc21,33.11
c1ccc(CCOc2cc(N=c3cc(C4CC4)[nH][nH]3)[nH]c(=NCc3ccccc3)n2)cc1,25.24
N#Cc1ccc(-c2csc(N=Cc3ccc(F)cc3)n2)cc1,13.51
CCc1cc(C(F)(F)F)nn1-c1cc(Cc2ccc(-c3cscn3)cc2)nc(C)n1,35.77
O=c1ccc(-c2cnc3ccc(-c4cccnc4)nn23)cn1CCO,25.55
CS(=O)(=O)Nc1cc(-c2nc(C(F)(F)F)nc3ncc(-c4cccc(CNCC5CCCO5)c4)cc23)ccc1Cl,31.93
CC(C)n1ncc2cc(N=c3nc(-c4ccccn4)cc[nH]3)ccc21,20.91
N#Cc1ccc(-c2ccc(-c3[nH]c(=NCc4ccccc4)sc3C#N)cc2)cc1,18.38
N#Cc1ccc(Cn2c(-c3ccc(F)cc3F)nc(-c3cncc(C#N)c3)c2CCC(F)(F)F)cc1,29.15
CC(C)COc1ccc(-c2cc[nH]c(=Nc3ccc(C#N)cc3)n2)cc1C#N,19.07
Cn1cc(C(=O)C(=O)Nc2cccc(Cl)c2)c2ccccc21,24.82
Nc1ccc2c(c1)COc1cc(Nc3ccc(F)cc3)ccc1C2=O,13.12
CC(c1ccc2oc3ccccc3c2c1)n1cc[n+](CC(=O)c2ccc(F)cc2F)c1,32.69
N#Cc1ccc2c(c1)N(Cc1cccc(NC(=O)CSC3CCCCC3)c1)CC(=S)N2,39.58
CC(=O)Nc1cccc(-n2cnnn2)c1,20.86
CC(C)(C)c1cc(C(N)=O)nc(-c2ccc(Oc3cccc(C#N)c3)cc2)n1,22.34
N#CC=Cc1cc(C=CN=C(N)N)nc(C=CC#N)n1,10.79
Cc1nc(C(=O)N2CCC(F)(F)C3(CCN(c4cnccn4)C3)C2)cs1,25.82
N#Cc1ccc(-c2ccc(-c3nc(-c4ccc(F)cc4)c(C=Cc4cccc(C=NO)n4)c(-c4ccc(-c5ccc(C#N)cc5)cc4)n3)cc2)cc1,22.99
Nc1ccc(Nc2ccc3c(c2)C(=O)c2ccc(N)cc2C3=O)nc1,13.75
CCNC(=O)N=c1cc(C(F)(F)F)c2ccc(-c3ccc(OC(=O)c4ccccc4)cc3)nc2[nH]1,29.07
CCN(CC)C1CCC(=C(C#N)c2nc(Cc3ccc(-c4ccc(C#N)c(F)c4)nc3)cc(-c3ccccc3)n2)CC1,43.56
CCC(NS(=O)(=O)c1sc(CC(C)C)cc1-c1ccc(CCNC(=O)c2cccc(C(=O)N(C)Cc3ccc(-c4ccc(Cl)cc4)cc3)c2)cc1)C(=O)O,53.97
C=CCCCCCCCCCCCC=CCCCCCCCc1ccccc1,25.15
O=C1Nc2ccc(Cl)cc2C1=CC=Cc1ccccc1,17.58
N#Cc1ccc(NCc2nc(-c3ccc(C#N)cc3)nc(-c3ccc(-c4ccc(C#N)cc4)cc3)n2)cc1,13.59
N#Cc1ccc(CN2CCN(CCCC(c3ccccc3)c3ccc(F)cc3)CC2)cc1Cl,26.56
CNC(=S)N1CCC(c2cccnc2)=N1,24.22
CS(=O)(=O)c1ccc(C=NNC(=O)c2ccc(O)c(Cl)c2)cc1,29.41
CNCc1ccccc1Oc1ncccc1C(=O)Nc1ccc2c(c1)CCC(=O)N2C,34.03
N#Cc1ccc(Cl)c(COc2nc(=N)[nH]c(=Nc3c(Cl)cc(Cl)cc3Cl)[nH]2)c1,34.67
CN=c1nc(N(C(=O)Nc2ccc(F)cc2F)c2ccccc2)[nH]c(C(F)(F)F)n1,31.06
Cc1ccc(-c2c(-c3nc(N=Cc4c(O)n(C)c(=O)n(C)c4=O)cc(-c4ccccc4)n3)nnn2-c2ccc(C)cc2)cc1,35.58
CS(=O)(=O)Nc1ccc(SC(Cc2ccc(-c3nc(-c4cc(C#N)cc(C(F)(F)F)c4)sc(=NCCN)n3)cc2)C(=O)O)cc1,49.57
Cc1nnc(-c2ccc(-c3ccc(C#N)cc3F)cc2)nc1C(=O)NCCSc1ccccn1,29.99
N#Cc1ccc(COc2cccc(-c3nc(-c4ccc(-c5ccc(C#N)cc5)cc4)nc(-c4ccc(-c5ccc(C#N)cc5)cc4)n3)c2)cc1,15.97
CCOC(=O)C(C=Nc1ccc(-c2cc(-c3cccc(C#N)c3)nc(-c3ccc(C#N)cc3)n2)cc1)C(=O)OCC,23.61
N#Cc1ccc(-n2cc(C(=O)Nc3ccc(C#N)c(F)c3)c(C(F)(F)F)n2)cc1,27.71
N#Cc1ccc(-c2ccc(-c3nc(-c4ccc(-c5ccc(C#N)cn5)cc4)nc(-c4ccc(-c5cccc(Cl)c5)nc4)n3)cc2)cc1,16.14
Cn1nccc1CN1CC=C(c2ccc(C#N)cc2)CC1,22.83
O=C(O)Cc1ccc2c(c1)C(=O)c1ccccc1CO2,16.65
N#Cc1ccc(Cn2c(CN3CCN(C=O)CC3)nc3ccccc32)cc1,19.92
Cc1cc2cc3c(=O)[nH]c(=O)nc-3n(-c3ccccc3)c2cc1C,22.44
CCOc1cccc(-c2cn3cc(Br)ccc3n2)c1,25.59
CN(C)c1ccc2ncc(-c3ccc(-c4ccnc(C(F)F)n4)c(F)c3)nc2c1,27.09
CCN(CC)CCOc1c(Br)cc(-c2nc3ccc(Br)cc3s2)cc1Br,28.6
CC(C)(C)c1[nH]c(=NC(c2ccc(Cl)cc2)c2ccc(-c3ccc(C#N)cc3)cc2)ccc1F,22.9
Cc1cc(C#N)ccc1-c1cccc(-c2noc(-c3ccc(-c4ccc(C#N)cc4)cc3)n2)c1,24.08
Nc1cc(O)c(N=Cc2ccc(-c3ccccc3)cc2)cc1O,11.98
Nc1ccc2c(c1)C(=O)c1ccc(N=C3NCCO3)cc1C2=O,20.49
COc1ccc(C=Cc2ccnc3ccc(N=Cc4ccccn4)cc23)cc1,23.5
Cc1ccc(-n2[nH]c(C(C)(C)C)cc2=NC(=O)c2ccc(-c3ccnc(-c4cccc(C#N)n4)c3)cc2)cc1,22.18
CNc1c(F)cc(C(=O)Nc2ccc(C)c(-c3nc(-c4ccc(-c5ccc(C#N)cc5)cc4)nc(-c4ccc(-c5ccc(C#N)cn5)nc4)n3)c2)cc1Cl,36.06
O=C(c1ccco1)N1CCN(Cc2ccc3c(c2)OCO3)CC1,17.64
Cc1nc(C)nc(-c2cc3ccc(C#Cc4cc5c(cc4C#N)OCO5)cc3[nH]2)n1,35.17
C(=NNCCNc1ccccc1)c1c[nH]c2ccccc12,27.01
Cc1ccc(-n2nnnc2C(CC(C)C)N2CCC(=O)CC2)cc1,25.8
CCn1c(O)c(C=Nc2ccccc2)c(=O)n(CC)c1=S,18.92
CN1CCN(c2nc(Cl)nc3ccccc23)CC1,20.48
N#Cc1ccc(-c2ccc(-c3cc(-c4ccc(-c5ccc(C#N)cc5)cc4)nc(-c4ccc(-c5ccc(C#N)cc5)cc4)n3)cc2)cc1,9.88
N#Cc1ccc(-c2ccc(-c3nc(-c4ccc(NC(=N)N)cc4)cc(-c4ccc(O)cc4Cl)n3)cn2)nc1,30.23
Cc1ncc2ccccc2c1C=Nc1oc(-c2ccc(C#N)cc2)nc1C#N,18.29
C#Cc1ccc(-n2cnc([N+](=O)[O-])c2)cc1,20.69
Cn1c(C2CC2c2ncc(-c3ccc(C#N)cn3)cn2)nc2ccccc21,21.8
O=C(O)CC1(C(=O)O)CC2CC2(c2cccc(N=c3scc(-c4ccc(Cl)cc4)n3-c3ccc(Cl)cc3)n2)C1,36.5
CC(C)c1nn(-c2nc(-c3ccc(Cn4ccnc4)cc3)nc(N3CCOCC3)n2)c2ccccc12,29.94
N#Cc1ccc(NC(=O)Nc2cc(-c3ccc(C#N)cc3)cc(-c3ccc(C(=O)N4CCOCC4)cc3)c2)cc1,23.06
CCC(C)Oc1ncc(-c2cc(-c3ccc(C#N)cc3)nc(-c3ccc(C#N)cc3)n2)cc1C#N,20.97
N#Cc1ccc(-c2cn3cc(-c4ccc(N)c(F)c4)sc3n2)cc1,21.02
Nc1ccc2c(c1)C(=O)c1ccc(Nc3cc(NC4CCCC4)nc(Nc4ccc5c(c4)C(=O)c4ccc(N)cc4C5=O)n3)cc1C2=O,13.05
Cc1nc(-c2ccc(-n3c(O)c(O)c(C(=O)CC(C)C)c3-c3ccc4cccnc4c3)cc2)no1,21.32
N#Cc1nc(C(=O)NCC(=O)O)c(O)c2cc(F)ccc12,20.96
Cc1ccc(CNC(=O)C2CCCN(S(=O)(=O)c3ccccc3)C2)cc1,19.35
COCc1nc(C(C)C)nn1-c1ncccn1,20.94
N#Cc1ccc(-c2nc(COc3cc(C#N)cc(C#N)c3)nc(-c3ccc(C#N)cc3)n2)cc1,9.92
C=C(C)CSc1nnc2c(n1)-c1ccccc1Nc1ccccc1-2,25.44
N#Cc1ccc(-n2cc(C(F)(F)F)cn2)cc1C#N,18.87
Cc1c[nH]c(Cc2ccc(-c3c(-c4nc(-c5ccc(C#N)cc5)nc(-c5ccc(C#N)cc5)n4)cnc4ccc(-c5cn(C)c(C)n5)nc34)cc2)n1,29.36
N#Cc1ccc(-c2nc(CC(N)=O)nc(-c3ccc(-c4ccc(Br)cn4)cc3)n2)cc1,25.94
N#Cc1cc(F)ccc1N=c1cc[nH]c(N2CCC(CO)C2)n1,27.47
N#Cc1ccc(-c2ccc(-c3nc(-c4ccc(-c5ccc(C#N)cc5)cc4)nc(-c4cc(-c5cc(Cl)ccc5Cl)cc(-n5ccnc5)c4)n3)cc2)cc1,24.03
CCOC(=O)c1sc2cc(Oc3cc(-c4cccc(C#N)n4)nc(-c4ccc(C#N)cc4)n3)ccc2c1C,27.87
N#Cc1ccc(-c2ccc(-c3ncnc(-c4ccc(-c5ccc(C#N)cc5)cc4)n3)cc2)cc1,7.34
ON=C(NCc1ccco1)c1ccnc(Oc2ccc(F)cc2)c1,20.03
COc1cc(C=Cc2cc(NC(=O)c3ccc(Cl)c(Cl)c3)ccc2Cl)cc(OC)c1OC,27.98
Cc1cc(C#N)ccc1-c1cc(-c2cccc(C#N)n2)nc(-c2ccc(C#N)cc2)n1,16.33
N#Cc1cccc(Cn2cc(Cl)nc2C(=O)NCc2ccc3c(c2)OCO3)c1,31.43
Cc1cc(-c2cc(F)cc(-c3ccc(C#N)cn3)c2F)nc(-c2ccc(C#N)cc2)n1,15.21
CCC(=O)NCc1cccc(-c2nc(-c3ccc(C#N)cc3)nc(-c3ccc(C#N)cc3)n2)c1,15.83
Cc1ccc2c(c1)c(N=NC(=O)C=NC(=O)c1ccccc1)c(O)n2CC(=O)O,31.04
Cc1noc(-c2ccc3c(=Nc4ccc(-c5nc6ccccc6s5)cc4)c(CN)c[nH]c3c2)n1,31.04
Cc1cc(-c2cncc(-c3ccc(C#N)cn3)c2)nc(C#N)n1,13.47
Fc1ccccc1-c1ccnc2c(N3CCOCC3)nc(-c3ccncc3)nc12,20.74
CCCCCCC(C#N)c1nc(-c2ccc(-c3ccc(C#N)cc3)cc2)nc(-c2ccc(-c3cccnc3)cc2)n1,21.23
CCCCCCCCCCCCCCOc1ccc(C(=O)O)cc1,20.84
N#Cc1ccc(-c2ccc(-c3nccc(-c4cncc(-c5cccc(C#N)c5)c4)n3)cc2)cc1,18.74
N#Cc1ccc(Sc2ccc3c(c2)C(=O)c2ccccc2C3=O)cc1,18.06
O=C(NCc1ccc(Cl)cc1Cl)c1ccc2c(c1)C(=O)N(Cc1cccnc1)C2=O,22.31
CC(C)(C)CNC(=O)c1cc(C(=O)NC(Cc2ccccc2)C(O)CNCc2cccc(C(F)(F)F)c2)cc(N2CCCCS2(=O)=O)n1,32.21
N#Cc1ccc(-c2nc(-c3cccc(-c4cccc(-c5cc(C#N)cc(C(F)(F)F)c5)n4)c3)cc(-c3ccc(-c4nc(Cl)nc(Cl)n4)c(C#N)c3)n2)cc1,20.89
N#Cc1ccc(-c2ccc(-c3nc(-c4ccc(-c5ccc(C#N)cn5)c(F)c4)nc(C4CC4)n3)cc2)cc1,8.53
Cn1c(-c2cnc(C#N)nc2)nc2ccc(Nc3ccccc3C(=O)N=c3nc[nH]cc3Cl)cc21,27.97
N#Cc1ccc(-c2ccc(-c3nc(-c4ccc(C#N)cc4)nn3-c3cccc(F)c3)cc2)cc1,14.55
O=C1C=C(O)C(=O)C(c2c[nH]c3ccccc23)=C1O,15.95
COc1ccc(Nc2oc(-c3ccc(C#N)cn3)nc2C#N)cc1,21.87
Cc1ccc(-n2[nH]c(C(=O)NCc3ccc(S(N)(=O)=O)cn3)cc2=NC(=O)c2cc(-c3ccc(C#N)cn3)c(F)cc2Cl)cc1,22.84
S=C=Nc1ccc(CN2CCCCC2)cc1,18.34
Cc1ccc(S(=O)(=O)N=C2C=CC(O)(C(=O)O)C=C2)cc1,25.95
COC(=O)c1c(Cl)ccn1-c1ccc(C#N)cc1C#N,22.62
O=c1c(Oc2ccccc2)cc2nc(F)c(N3CCN(c4ccccn4)CC3)nc2n1CC(F)(F)F,38.62
Clc1nc(Cl)nc(-c2ccc(-c3ccc4cc(-c5cccc(-[n+]6ccc(-c7ccncc7)cc6)n5)ccc4c3)cc2)n1,17.22
COc1ccc(CCn2c(-c3cccnc3)nc3cc(C=CC#N)ccc32)cc1,30.5
COc1cc(C=Cc2nc(C=Cc3ccc(C#N)cc3)n(-c3ccccc3C#N)n2)ccc1-n1cnc(C)c1,20.38
C=c1[nH]c(=Cc2c(O)[nH]c(C=Cc3ccc4ccccc4n3)c2C)c(C)c1C(=O)N1CCN(C(=O)CNCC)CC1,45.72
CS(=O)(=O)c1ccc(N2CCc3ncncc3C2)nc1,32.12
COc1cncc(-c2ccc(-c3nc(-c4ccc(C#N)cc4)nc(-c4ccc(-c5ccc(C#N)cc5)cc4)n3)cc2)c1,18.81
CN(C)c1ccc(C=NN2C(=O)c3ccc(C#N)cc3C2=O)cc1,21.62
CCNc1ccc(-c2nc(N3CCOCC3)c3ccc(-c4cnc(C)c(C#N)c4)cc3n2)cc1S(C)(=O)=O,37.6
O=C(c1ccc(F)c(Cl)c1)N1CC2CCC(C1)N(Cc1cccnc1)C2=O,30.38
Cc1nc2cc(C#N)ccc2n1-c1ccc(Nc2ccc(C#N)cc2)cc1,21.62
Cc1cc(C(F)(F)F)nc(C(=O)Nc2sc3c(c2C#N)CCN(C(=O)OC(C)(C)C)C3(C)C)c1Cl,33.51
Cc1cc(-c2cn(-c3cc[nH]c(=N)n3)cc2-c2cccnc2)cc(C#N)c1F,32.54
N#Cc1ccc(-c2nc(COc3ccc(F)c(C(N)=O)c3F)nc(-c3cccc(F)c3F)n2)cc1,17.85
N=c1[nH]c(C2CCN(C(=O)C3CCCC3)CC2)nc2c1nnn2Cc1ccc(F)cc1,27.34
Nc1ccc2c(c1)C(=O)c1cc(N=Cc3ccccn3)ccc1C2=O,13.21
N#Cc1ccc(-c2ccc(-c3nc(-c4ccc(-c5ccc(C#N)cn5)cc4)nc(-c4ccc(-c5cccnc5)nc4)n3)cc2)cc1,14.46
Cc1ccc2c(Cl)c(C(=O)NCc3ccc(F)c(Cl)c3)n(Cc3ccc(-c4ccc(C(F)(F)F)cc4)cc3)c2c1,34.76
N#Cc1ccc(-c2ccc(C=Cc3onc(C#N)c3COc3ccccn3)cc2)cc1,25.96
Cc1nccc(OCc2cc(-c3ccc(Cl)c(Cl)c3)nc(-c3ccc(C#N)cc3)n2)n1,19.85
N#Cc1c(-c2ccc(N)c(C(=O)Nc3cnccc3C(=O)N3CCCNCC3)n2)ccc(F)c1F,34.89
CC(=O)NCc1ccc2ccc3ccccc3c2n1,22.42
CCOC(=O)c1cn(CCc2ccc(Cl)cc2)c(=O)c2c1[nH]c1ccccc12,30.79
CCCC(C)C#Cc1ccc(N=Cc2c(O)[nH]c(=O)c3cc(C(F)(F)F)ccc23)cc1,29.13
N#Cc1nc(N=CNn2cnnc2)c2ccn(CCO)c2n1,29.57
Oc1ccccc1C=Nc1ccc(F)cc1,13.78
Cc1nccc(-c2cc(C(N)=O)nc(C3CCCC(O)C3)n2)c1C#Cc1ccc(=N)[nH]c1,26.49
CC1(C)CC(c2nc(NC(=O)c3nc(-c4ccc(-c5ccc(C#N)cc5)cc4)nc(-c4ccc(-c5ccc(C#N)cn5)cc4)n3)ccc2F)CCO1,16.17
CC1=NC(=N)C(C#N)C(c2cccc([N+](=O)[O-])c2)C1C#N,19.26
C=c1nc2c(C#N)c(O)c(=Cc3cc(C)n(-c4ccc(C)cc4)c3C)c(=O)n2[nH]1,24.57
FC(F)(F)CN=c1cc2n(-c3ccc(Cl)cc3)c3ccccc3[nH]c-2cc1=Nc1cccnc1,27.37
CCN1C(=O)C(=Cc2ccc(-c3ccc(Nc4ccc([N+](=O)[O-])cc4)cc3)o2)C(=O)N(CC)C1=S,26.69
N#Cc1ccc(-c2cc(C(=O)N3CCC(CNCCCc4cccnc4)CC3)cc(-c3ccc(C#N)cc3)n2)cc1,29.48
Cc1nc(C(=O)N2CCN(S(=O)(=O)c3ccccc3C#N)CC2)cs1,25.47
C=C(C)Cn1c(=NC(c2ccc(F)cc2)c2ccc(C#N)cc2)ccc2ncn(C)c(=O)c21,33.71
Cc1cc(C#N)ccc1-c1nc(-c2cccc(F)c2)n[nH]1,19.84
CC(N=C=O)c1ccccc1,21.65
COC(C)(C)CN=c1[nH]c2c(F)cc(-c3cc[nH]c(=NC4CCCNC4)c3)cc2n(Cc2cccc(F)c2)c1=O,50.81
N#CNC(=Nc1ccc(NC(=O)c2ccco2)cc1)NCc1ccncc1,31.12
CC(=O)Oc1cc(C#N)cc(-c2cc(-c3ccc(C#N)cc3)nc(-c3ccc(-c4nc(Cl)nc(Cl)n4)cc3)c2)c1,17.67
O=C(NCc1ccccc1)c1cc2c(=O)n(Cc3ccco3)ccc2s1,24.72
N#Cc1ccc(C(Nc2ccc(F)cc2)c2ccc3cccnc3c2O)cc1,18.75
Nc1cc(CO)cc(N=c2c3ccccc3[nH]c3ccccc23)c1,17.23
COCCNC(=O)c1ccc(N=c2nc(-c3nc(C#N)cn3C)cc[nH]2)cc1,25.82
CCCCCC(c1ccc(-c2ccc(C#N)cc2)cc1)n1c2ccccc2c2ccc(C#N)cc21,31.42
Cc1c2c(cc3c(=O)cc(C(=O)O)oc13)C1(OC(OCCCCc3ccc(C#N)cc3)C(O)C(C)(C)O1)C(C)(O)C(OCc1ccc(C(C)(C)C)cc1)C2,57.75
CC(O)(c1ccc(F)c(F)c1)c1nc(-c2ccc(-c3ccc(C#N)cc3)cc2)nc(-c2ccc(-c3ccc(C#N)cn3)cc2)n1,11.48
N#Cc1ccc(N=c2cc(-c3ccc(C#N)cn3)[nH]c(C(F)(F)F)n2)cc1,20.04
N=C(N)NN=Cc1ccccc1Sc1ccc([N+](=O)[O-])cc1,26.83
O=c1[nH]c2ccccc2cc1-c1ccc(=O)n(Cc2ccccn2)n1,29.56
Cn1c(Cc2ccc(-c3ccc(F)cc3)cc2)nc2cc(-c3cccc(C#N)n3)nc-2c1-c1cn(CCc2c[nH]c3ccccc23)nn1,39.81
Cc1ccc(-c2cc(C(=O)Nc3ccc(Br)cc3C)nc(-c3cccs3)n2)cn1,27.65
N#Cc1ccc(Nc2ccc3c(c2)C(=O)c2ccc(N)cc2C3=O)c(F)c1,14.5
COc1ccc2[nH]c(-c3nc(-c4ccc(C#N)cc4)nc(-c4ccc(-c5ccc(C#N)cc5)cc4)n3)cc2c1,19.79
N=c1nc[nH]c2c1c(-c1ccccc1)c(-c1ccccc1)n2Cc1ccccc1,20.64
N#Cc1cncc(-c2cc(-c3ccc(C#N)o3)nc(-c3cncc(C#N)c3)n2)c1,18.99
Nc1cc(O)c(N=Cc2ccc(C=Nc3ccc(C(=O)O)c(O)c3)cc2)cc1O,13.8
CC1(C)Cc2c(OCc3ccccc3)ccc(C(=O)C=Cc3ccccc3[N+](=O)[O-])c2O1,29.26
N#Cc1cccnc1Oc1ccc(F)c(Cl)c1,18.74
O=C(O)C(Cc1ccc(O)cc1)N1C(=O)C(Cc2cccnc2)=NC1=S,22.95
CCOC(=O)COc1cccc2[nH]cc(-c3nc(-c4ccc(C#N)cc4)nc(-c4ccc(C#N)cc4)n3)c12,24.87
CCNc1cc(=Nc2cc(C(=O)Nc3ccc(-n4nc(-c5ccc(C([O-])=NC#N)nc5)nc4C)cc3)ccc2C)[nH]cn1,40.25
O=C(Nc1ccc2c(C=Cc3cccc(C(=O)O)n3)cccc2c1)c1ccccc1,20.35
N#Cc1ccc(-c2ccc(-n3nc(-c4cccc(C#N)n4)nc3-c3ccc(-c4ccccc4)cc3)cc2)cc1,19.96
Cn1ncc(NC(=O)c2nc(-c3cc(C(F)(F)F)ccc3Cl)sc2N)c1C1CCCOC1,31.06
N#Cc1c(NC(=O)CN2CCN(CC=Cc3ccccc3)CC2)sc2c1CCC2,21.53
CCCc1nc2c(C)cc(C)cc2n1Cc1nc(-c2ccc(F)c(F)c2)no1,21.67
COc1ccc(-n2c(-c3ccc(-c4ccc(C#N)cc4)cc3)nc(-c3ccc(Cl)cc3)c2CNN)cc1,23.16
C=CC1(C)CCC2C(C1)c1c(O)cc(C=CCC(C)C(O)C(C)(C)O)cc1OC2(C)C,40.39
N#Cc1ccc(-c2ccc(-c3nc(-c4ccc(N=CN5CCN(C=O)CC5)cc4)nc(-c4ccc(-c5ccc(C#N)cc5)cc4)n3)cc2)cc1,9.67
Cc1cc(C)cc(NC(=O)Nc2ccc(Oc3cc(=NC(=O)C4CC4)[nH]cn3)c(F)c2)c1,25.46
COc1ccccc1CN1CC(c2noc(-c3ccc(=N)[nH]c3)n2)C1,28.22
Cc1cc(C)cc(Sc2c(C3CC3)c(=O)[nH]c(=O)n2COCc2ccccc2)c1,24.91
N#Cc1ccc(-c2ccc(-c3nc(-c4ccc(C#N)cc4)nc(-c4ccc(-c5ncccn5)c(F)c4)n3)cc2)cc1,11.12
CCc1cc(-c2ncnc(-c3ccc(-c4ccc(C#N)cc4)cc3)n2)ccc1C1CC2CN(Cc3ccccc3)CC1N2,24.43
N#Cc1ccc(-c2ccc(-c3nc(-c4ccc(-c5ccc(C#N)cc5)cc4)n(-c4ccc(-c5ccc(C#N)cc5)cc4)n3)cc2)cc1,11.74
N#Cc1ccc(-c2nnnc(C#N)n2)cc1,12.5
OC1(Cn2ccc3cc(Cl)ccc32)CCN(Cc2ccc3ccccc3n2)CC1,28.73
Cc1ccc(S(=O)(=O)NCCNc2cccc3c(-c4ccc(C#N)cc4)ccnc23)cc1,22.35
Fc1ccc(-c2ncnc3[nH]c(-c4ccc(Cl)c(CNCC5CC5)c4)nc(=NCc4ccccn4)c23)cc1,33.73
N#Cc1c(C#Cc2ccccc2)[n+]([O-])c2ccccc2[n+]1[O-],14.64
CC(C(=O)N=c1ccc(C(=O)NCc2ccc(C#N)cc2)c[nH]1)c1cccc(NS(C)(=O)=O)c1F,39.62
O=c1c2cc(Cl)ccc2nc(C=Cc2ccc(Cl)cc2)n1CCCCCCCl,29.26
N#Cc1cc(CN2CCN(c3ncccn3)CC2)c(N2CCOCC2)cc1C#N,29.2
Cc1cccc(N=Cc2cc3ccccc3nc2Cl)c1,17.29
Cc1cc2nc(-c3ccccc3)nn2c(C)c1CC#N,20.13
N#Cc1cccc(CNc2cc(-n3c(C=Cc4cccc(C(=O)O)c4)nc4cc(F)ccc4c3=O)ccc2C#N)c1,37.11
N#Cc1ccc(-c2[nH]c3ccccc3c2C=NNC(=O)c2cccnc2)cc1,22.61
N#Cc1ccc(-c2ccc(C=NN=c3nc(N4CCCCC4)[nH]c(N4CCOCC4)n3)cc2)cc1,17.22
CCCc1nc2ccc(NC(=O)C(c3ccccc3)c3ccccc3)cc2c(=O)n1Cc1ccc(-c2ccccc2-c2nnnn2C)cc1,28.17
N#Cc1ccc(-c2nc(C=Nc3ccc(Nc4ccccc4)c(S(=O)(=O)Nc4ccc5c(c4C(=O)O)CCCC5)c3)cs2)cc1,30.37
COc1ccc(-c2cc(-c3ccc(C#N)cc3)nc(-c3c4ccccc4c(C#N)c4ccccc34)n2)c2cc(Br)ccc12,19.11
CC(C)CN(CCC(Cc1nc(-n2ccc(C#N)c2)nc2ccccc12)c1ccccc1)CC(C)C,36.81
Cc1cc(C)cc(C(=O)NC2N=C(c3ccc(C(=O)O)cc3)c3ccccc3N(CCCN(C)C)C2=O)c1,31.22
Cc1ccc(Cc2nn(CN3CCN(C4CCCC4)CC3)c(=S)n2N=Cc2ccccc2F)cc1,26.31
CN(C)CCCCNC(=O)c1cc(-c2ccc(-c3ccc(C#N)cn3)cc2)nc(-c2ccc(-c3ccc(C#N)cc3)cc2)n1,12.16
N#Cc1ccc(-c2nc(-c3cncc(C#N)c3)nc(-c3ccc(F)c(C#N)c3)n2)cc1,11.65
Cc1cc(-c2nc(CC3CC3)nc(-c3cccc(C#N)n3)n2)ccc1C#N,18.57
COc1cc([N+](=O)[O-])c(C=Nc2cc(C)ccc2O)cc1C(C)C,29.49
C=C(C)c1nc(-c2ccc(-c3ccc(C#N)cc3)cc2)nc(-c2ccc(-c3ccc(CO)cc3)cc2)n1,16.99
N#Cc1cncc(-c2nc(-c3cncc(C#N)c3)nc(-c3cnccn3)n2)c1,12.22
N#Cc1ccc(-c2cnc3ccc(C#N)cc3c2CCNCc2ccc(C=CC(O)=NO)cc2)cc1,26.81
Brc1cccc(N=Cc2ccc(N=Cc3ccccc3Br)cc2)c1,21.49
N#Cc1ccc(-c2ccc(-c3nc(-c4ccc(C#N)cc4)c4ccc(Cl)cc4n3)cn2)cc1,20.02
CN(C(=O)N1CC2C(C1)C2c1nc(-c2cncc(C#N)c2)nc(-c2cccc(C#N)n2)n1)C1CCCCC1,24.41
Nc1cccc(N=CN2CCN(C=O)CC2)c1,13.56
Cn1c(C#N)ccc1-c1ccc(-c2cc(F)cc(C#N)c2)nc1,16.28
COCc1nc(-c2ccc(C#N)cn2)ncc1-c1ccc(C(=O)NCc2c(F)c(F)c(C(=N)N)c(F)c2F)n1C,43.41
Cc1csc(SCCC(=O)Nc2ccc(Cl)cc2C(F)(F)F)n1,31.76
N#Cc1ccc(-c2ccc(-c3nc(C(=O)NN4CCCCC4)nn3-c3cccc(-c4ccc(C#N)cc4)c3)cc2)cc1,18.37
Nc1cc[n+](Cc2ccccc2C[n+]2ccccc2C=NO)cc1,25.18
CC(C)(c1cccc(C#N)c1)c1nc(-c2ccc(-c3ccc(C#N)cc3)cc2)nc(-c2ccc(-c3ccc(C#N)cn3)cc2)n1,14.98
N#Cc1ccc(-c2cnn(-c3ccc(C(=O)NCCN4CCOCC4)cc3)c2)cc1,17.44
N#CCn1cc(C#N)c2cc(-c3cn(Cc4ccccc4C#N)nn3)ccc21,26.5
N#Cc1ccc(-c2noc(CC(NC(=O)c3cc(Cl)cc(Cl)c3)C(=O)NC(CC(=O)NC(CCCN=C(N)N)C(N)=O)Cc3ccccc3)n2)cc1,42.22
N#Cc1ccc(-c2nc(-c3c(F)cc(F)cc3F)nc(-c3c(F)c(F)c(C#N)c(F)c3F)n2)cc1,16.31
N#Cc1ccc(-c2nc(CO)cc(-c3ccc(C#N)c(C#N)c3)n2)cc1,11.77
N#Cc1ccc(N(Cc2ccccc2)c2cc(-c3nn[nH]n3)cc(C#N)n2)cc1,20.67
CN(C)C1CC=C(c2cncc(F)c2)CC1,26.44
CCOC(=O)c1cc(-c2ccc(-c3ccc(C#N)cn3)cc2)nc(-c2ccc(-c3ccc(C#N)cc3)cc2)n1,10.21
Cc1cc(C)c(-c2nc(-c3cccc(C#N)n3)nc(C(O)c3cc(F)cc(F)c3)n2)c(C)c1,33.98
CNC1CCC(N(Cc2ccc3ncc(CCc4cncc(C#N)c4)cc3c2)C(=O)NC2CCCCC2)CC1,37.73
CC(=O)N1CCN(c2nc(-c3ccc(C#N)cc3)c(C#N)c3ccccc23)CC1,19.75
O=C(NCc1ccccn1)c1ccccc1Nc1ccc2c(C=Cc3ccccn3)[nH]nc2c1,19.95
N#Cc1ccc(-c2nc(-c3cncc(C#N)c3)nc(-c3ccc(C#N)cc3C#N)n2)cc1,12.45
Cc1ccc(-c2nc(-c3cccc(C(=O)N4CCC(F)(c5ccc(C#N)cc5)CC4)c3C)n[nH]2)nc1,32.91
CC=C(C)C(=O)N1CCCC(Cc2ccnc(-c3ccc(C#N)cc3C)n2)C1,37.0
N#Cc1ccc(Nc2ccc(C#N)cc2Cl)cc1,14.01
N#Cc1ccc2c(-c3ccc(C#N)c(C#N)c3)nccc2c1,21.17
CC(C(O)=NO)N1C(=O)c2cc(C#Cc3ccccn3)ccc2S1(=O)=O,26.69
N#Cc1cccc(-c2nc(N3CCOCC3)c3nc(N4CCN(c5ccccc5)CC4)ccc3n2)c1,24.36
Cc1cc(OCc2nc(-c3ccc(C#N)cc3)nc(-c3cc(C(F)(F)F)ccc3C#N)n2)ccc1OCC(=O)O,18.82
Brc1ccc(OCCCOc2ccc(-c3ccccc3)cc2)nc1,24.97
Cc1cccc(N(CC(=O)NCCC2=CCCCC2)S(C)(=O)=O)c1,22.81
Cn1c(N)c(C(=O)CSc2nnnn2-c2ccc(F)cc2)c(=O)n(C)c1=O,21.08
COC(=O)C1C2(C)CCC(OC(=O)c3cccc(F)c3)C(=O)C2C2C(C)(O)C=CC(=O)C21C,30.55
COc1ccc(NC(=O)c2ccc(CNc3ccc(Cl)c(Cl)c3)cc2)cc1,28.13
COc1cccc(-c2ccc3c(N4CCOCC4C)nc(N4CCN5CCC4CC5)nc3c2)c1,27.22
N#Cc1ccccc1C=NNC(=O)C[n+]1ccccc1,19.29
N#Cc1ccc(-c2ccc(-c3nccc(-c4ccccc4)n3)cc2)cc1,14.63
Cc1ccc(-n2cc(C(=O)c3c[nH]c(=O)c(C#N)c3)cc(C#N)c2=O)cc1,22.56
CCN(CC)CCCn1c(=O)c(C=Nc2ccc(N(CC)CC#N)cc2)c(O)n(C2CCCCC2)c1=O,34.24
N#Cc1ccc(C(F)(F)F)c(C#N)c1F,15.26
N#CCCc1sccc1-n1nc(-c2ccc(C#N)cc2)nc1-c1ccccc1,31.81
N#Cc1cc2cc(N)ccc2nc1Nc1ccc2c(c1)C(=O)c1ccc(N)cc1C2=O,13.26
C#Cc1ccc(Nc2[nH]c(=O)n(C(C)COC)c(=O)c2N=O)cc1,29.4
N#Cc1c[nH]c(=NC(=O)Nc2ccc(C#N)c(Cl)c2)cn1,14.01
N#Cc1ccc(-c2ccc(-c3nc(C=Cc4ccccc4)nc(-c4ccc(-c5ccc(C#N)cc5)c(C#N)n4)n3)cc2)cc1,21.04
C=C(C)c1cc(-c2ccc(C#N)cc2)nc(-c2ccc(C#N)cc2)n1,10.54
CN(C)C(=O)c1ccc(-c2nc(-c3ccc(C#N)cc3)nc(-c3ccc(OCC(F)(F)F)cc3)n2)cc1,23.61
O=C(N=c1cc2ccc(-c3cnc(Cc4ccc(Cl)cc4)nc3-c3ccc(F)cc3)cc2c[nH]1)C1CC1,22.49
CCCCCCNc1cccc2c(Sc3ncc(Cl)c(=Nc4ccc5c(c4)C(=O)c4cc(N)ccc4C5=O)[nH]3)cccc12,40.56
N#Cc1ccc(-c2c(C#N)c(N)n(-c3ccnc4ccccc34)c2C#N)cc1,23.8
CC(C)(C)OC(=O)NC(Cc1ccc(Cl)cc1Cl)C(=O)N1CCN(C2(CNC(=O)Cc3ccc(Cl)cc3)CCCCC2)CC1,26.36
CN(CC(=O)N1N=CCC1C#N)c1ncnc(-c2cnc(Cl)c(C#N)c2)n1,34.07
COc1cc(F)ccc1-c1cc(-c2ccc(C#N)cc2)nc(-c2ccccc2F)c1,25.94
Cc1cc(C)nc(N2CCN(C(=O)c3cc(COc4ccccc4)on3)CC2)n1,23.55
COc1ccc(-c2c(C(=O)c3ccc(F)cc3)c(O)c(O)n2CCN2CCOCC2)cc1OC,20.15
Cc1ccc(C(=O)C[n+]2ccc(-c3ccccc3)cc2)cc1,19.79
OC1CCC(N=c2nc(-c3cnc4ccccn34)cc[nH]2)CC1,18.74
COC(=O)C(NC(=O)c1ccc(-c2ccc(C#N)cc2)cc1-c1ccc(C(F)(F)F)cc1)c1ccc(-c2ccc(C#N)cc2)cc1,27.08
N#Cc1ccc(-c2nc(COCC3(C#N)CC3)cc(-c3cccc(F)c3F)n2)cc1,16.34
N#Cc1ccc(-c2ccc(CCNC(=O)C(Cc3cccnc3)NC(=O)C3(c4ccc(Cl)cc4Cl)CC3)cc2)cc1,29.67
CCOC(=O)c1[nH]c2ccccc2c1N=NC(=O)CSc1nnnn1C,27.53
N#Cc1ccc(-c2nc(-c3ccc(-c4ccc(C#N)cn4)cc3)nc(C(F)(F)F)n2)cc1,10.33
N#Cc1ccc(C=Nc2cc(O)c(N)cc2O)cc1,11.94
Cc1[nH]c(=N)sc1C(=O)NC1COCC1N1CCCC(C#N)C1,37.16
COc1ccccc1-c1cc(-c2cccc(C#N)n2)nc(-c2ccc(C#N)cc2)n1,15.71
COCc1ccccc1C(=O)C=CN(C)C,24.51
CN1CCN(c2nc(-c3ccc(C#N)cc3)c3c(n2)C(Cc2ccc(-c4ccc(C#N)cc4)cc2)CC(=O)NC3=O)CC1,39.18
CCOC(=O)CN(CC1CC1)c1cc(C)nc(N2CCCCC2)n1,34.58
Cc1cc(-c2cc(NC(=O)c3ccc(OC(F)(F)F)cc3)cc(-c3ccc(C(=O)NCCC(=O)O)nc3)c2)ccn1,27.41
N#CC(=Cc1ccc(-c2cc(C(=O)O)ncn2)cc1)c1cc(C#N)c2nc(-c3ccc(-c4ccc(C#N)cc4)cc3)cn2n1,29.41
N#Cc1cccc(COc2ccc3nc4c(cc3c2)Cn2c-4cc3ccccc3c2=O)c1,24.51
C=Cc1nc(=Nc2ccc(C#N)c(Cl)c2)[nH]c(NC2CCN(Cc3ccccn3)CC2)c1C#N,33.63
CCN(CC)CCCNC(=O)c1ccc(-c2cccc(-c3nc4cc(C#N)ccc4[nH]3)c2)cc1,19.25
N#Cc1ccc(-c2c(F)ccc(-c3nc(CF)nc(-c4cncc(C#N)c4)n3)c2F)nc1,14.78
N#Cc1nc(C(=O)NCc2ccc(C(F)(F)F)cc2)c(C2CCCC2)c2cccnc12,24.67
COc1cc(C=CC(=O)c2ccc(N=c3cc(N4CCCCC4)[nH]c(C)n3)cc2)cc(OC)c1OC,25.51
COc1cc(OC)c(C=C(SCc2ccc(C#N)cc2)C(=O)c2ccc(C#N)cc2)c(OC)c1,24.63
O=C(NN=Cc1cc(Br)ccc1O)c1ccc(-c2nc3ccccc3s2)cc1,21.97
C[N+]1(CCC(=O)NC2c3ccccc3C=Cc3ccccc32)CCC(Cc2ccccc2)CC1,29.16
N#Cc1cncc(-c2nc(-c3cncc(C#N)c3)nc(-c3ccc(F)c(C#N)c3)n2)c1,10.89
COc1ccc(C=CC#N)nc1C#CC#Cc1cc(C=Cc2ccc(C#N)cc2)nc(C#N)n1,29.04
c1ccc(-c2cc[n+](-c3nccc(-[n+]4ccc(-c5ccncc5)cc4)n3)cc2)cc1,14.17
O=S(=O)(NCc1ccccc1Cl)c1ccc(-n2cccn2)cc1,25.03
CC(=O)NC(Cc1c(-c2ccccc2)[nH]c2ccccc12)C(=O)NC(CC(=O)NCC(C)(C)C)c1ccccc1,35.98
N#Cc1ccc(-c2ccc(-c3nc(-c4ccc(-c5ccc(C#N)cn5)c(C#N)c4)nc(C4CC4)n3)cc2)cc1,10.42
N#Cc1c(NC(=O)c2ccccc2[N+](=O)[O-])sc2c1CCCC2,19.64
Cc1ccc(-c2c(C#N)cn(-c3ccccc3)c2O)cc1,20.95
N#Cc1ccc(-c2nc(-c3cc[n+](-c4nc(Cl)nc(Cl)n4)cc3)cc(-c3c(F)c(F)c(F)c(F)c3F)n2)cc1,17.73
C#CCOCCOC1c2cc(F)ccc2N=C(C=Cc2c(O)ccc3c(C#N)cccc23)C1C#N,43.23
N#Cc1ccc(-c2cccc(-c3cc4ccccc4[nH]c3=O)n2)cc1,17.99
CCC1(O)CC(=O)OCc2c1cc1n(c2=O)Cc2c-1nc1c(c2-c2ccccc2)CCCCC1,22.8
N#Cc1ccc(-c2ccc(-c3ccc(-c4nc(-c5ccc(-c6cccc(C#N)c6)cc5)nn4-c4ccc([N+](=O)[O-])cc4)nn3)cc2)cc1,22.72
COCCN(C)c1ncc(-c2cc[nH]c(=Nc3cccc(CS(C)(=O)=NC#N)c3)n2)cc1C#N,26.12
N#Cc1cccc(C#Cc2cccc(F)c2)n1,14.51
Cn1c(=O)[nH]c(=O)n(C)c1=NN=Cc1ccc(-c2nc3cc(C#N)ccc3o2)cc1,24.04
N#Cc1ccc(-c2ccc(-c3nc(Cc4ccc(-c5ccc(C(F)(F)F)cc5)cc4)nc(-c4ccc(C#N)cc4)n3)cc2)cc1,12.0
Cc1cccc(N=Cc2c(O)ccc3ccccc23)c1,18.04
N#Cc1ccc(-c2nc(COc3cc(F)c(S(=O)(=O)N=c4[nH]cc(F)s4)cc3Cl)cc(-c3ccc(C#N)cn3)n2)cc1,20.05
COc1ccc(C=NNC(=O)C(Cc2c(C)n(C)n(-c3ccccc3)c2=O)=NC(=O)c2ccccc2Cl)cc1,33.89
N#Cc1cncc(-c2cc(C(=O)c3cccnc3)cc(=NC(=O)CCc3cnccn3)[nH]2)c1,26.62
N#Cc1cccc(-n2nncc2-c2ccccc2)c1,17.57
CC1COCCN1c1nc(-c2cccc(-c3ccc(C#N)cc3)c2)nc2ncccc12,18.71
CNC(=O)c1cnc(-c2cc(-c3cncc(C#N)c3)nc(-c3cccc(C#N)n3)n2)cn1,23.75
N#Cc1ccc(Oc2ccc(N=Cc3sc(=S)n(-c4ccccc4)c3O)cc2)cc1,24.19
N#CC=Cc1cccc(C#N)n1,9.08
Cc1nc(-c2ccc(-c3nc(-c4ccc(C#N)cc4)nc(-c4ccc(-c5ccc(C#N)cn5)cc4)n3)cc2)no1,13.58
N#Cc1cc(NC(=O)c2cc(F)ccc2Cl)ccc1F,21.68
N#Cc1cccc(-c2ccc3cc(C#N)cnc3c2)c1,16.94
N#Cc1ccc(-c2nc(CCC3CCCCC3)nc(-c3ccc(Cl)c(Cl)c3)n2)cc1,14.91
O=C(O)CCCC(O)C(O)c1cc(C=Cc2ccc(C(F)(F)F)cc2)no1,38.63
Nc1ccc2c(c1)C(=O)c1ccc(Nc3cc(Cl)ccn3)cc1C2=O,13.29
N#Cc1ccc2c(c1)c(=O)n(C1CCC(CO)CC1)c1nc(=NCC3CC3)[nH]cc21,33.09
COc1ccn(-c2ccc(S(=O)(=O)N(CCc3ccc(Br)cc3)Cc3ccccc3)cc2)n1,30.0
N#Cc1ccc(-c2ncccc2C#N)cc1,10.07
N#Cc1ccc(-c2cc(C(=O)NCc3cnc(C#N)cn3)nc(-c3cccnc3F)c2)nc1,23.25
N#Cc1ccc(S(=O)(=O)Oc2ccc3oc4c(c3c2)CCCC4)cc1,22.27
O=C(N=c1cc(C(=O)NCc2nccnc2-n2ccnc2)[nH]n1-c1ccccc1)c1ccc2ccccc2c1,34.3
CNCc1ccc(C#Cc2ccc(C#N)cc2-c2ccc(-c3nc(C#N)nc4c3ccn4C)c(F)c2)cc1,26.01
CC=CCC1C=CC2C1=CC(C(=O)OC)C(C(=O)OCc1ccccc1)C2CCC(=O)OC,43.65
N#Cc1ccc(-c2nc(-c3cncc(C#N)c3)nc(-c3ccc(F)c(F)c3)n2)cc1,10.95
N#Cc1cccc(-c2ccc3c(c2)CCC3COC(=O)N2CCC3(CC2)Oc2ccc(Cl)cc2NC3=O)c1,36.13
CS(=O)(=O)c1ccc(-c2nc(-c3ccc(C#N)cc3)c(C(N)=O)cc2-c2ccc(C#N)cn2)cc1,18.97
CN(C)CCN1C(=O)c2cccc3cc([N+](=O)[O-])cc(c23)C1=O,18.23
COc1ccc(CCN=c2[nH]c(=NCc3ccccc3)c3nc(Cl)ncc3[nH]2)cc1OC,28.55
CN1CCN(CC=Cc2ncc3cc(-c4nc(-c5ccc(C#N)cc5)nc(-c5ccc(-c6ccc(C#N)cc6)cc5)n4)ccc3n2)CC1,23.29
S=C(NCc1ccccc1)NC12CC3CC(CC(C3)C1)C2,19.87
CCCCc1[nH]cnc1C=C1C(N=Cc2ccc(-c3ccc(C(=O)Nc4ccc(F)cc4)cc3)nc2)=NC(c2ccc(-c3nc(Cl)nc(Cl)n3)cc2)=NC1=NC(CC)CC,54.16
Cn1ccnc1CNC(=O)C1CN(C(=O)C(N)Cc2ccccc2)N=C1c1ccc(Cl)cc1Cl,38.0
CC(C)C1Cc2cc(F)c(F)cc2C([n+]2ccc(-c3ccncc3)cc2)C1(Cl)C#N,35.11
N#Cc1ccc(-c2ccc(-c3nc4cc(C(=O)O)ccc4n3C3CCCCC3)cc2)cc1,17.44
N#Cc1ccc(Nc2cccc(Nc3ccc4c(c3)C(=O)c3ccc(N)cc3C4=O)c2)cc1,18.58
CC(C)Oc1ccc(-c2nc(-c3cncc(C#N)c3)nc(-c3cncc(C#N)c3)n2)cc1Cl,12.0
Cc1ccc(C=CC(=O)c2ccc(C)cc2)cc1,18.52
N#Cc1ccc(Nc2c(Nc3cc(C#N)c(C#N)cc3Cl)c(=O)c2=O)cc1,18.3
CNC(=O)Cn1cc(-c2cnc3[nH]c(=Nc4ccc(-c5ccc(C#N)s5)cc4F)oc3c2)cn1,31.83
COc1ncc(-c2ccc3c(c2)c2c(c(=O)n3C)n(C)c(=O)n2CC(C)C)cn1,33.19
CN1CCN(CCNC(=O)c2cn(-c3ccc(C#N)cc3)c(-c3ccc(-c4ccc(C#N)cc4)cc3)n2)CC1,17.21
N#Cc1ccc(C(c2cc(C#N)c(=O)n(-c3ccccc3)c2)n2ccnc2)cc1,17.48
Oc1cccc(-c2ccccc2)c1,17.11
COc1ccccc1C(=O)Nc1ccc2c(c1)C(=O)c1ccc(N)cc1C2=O,16.76
N#CCCN=c1nc[nH]c(Nc2ccc(C#N)cc2)c1C#N,18.7
CC(=O)N1CCC(n2cc(NC(=O)c3cnc(C)nc3C)c(-c3ccc(C#N)cc3)n2)CC1,27.72
Clc1ccc(N=CNc2ccc(N=c3cc[nH]c4cc(Cl)ccc34)cc2)cc1,20.9
Cc1cccc2c3c([nH]c12)C1CC3C(CCC#N)c2c(c3ccccc3n2C)N1C,41.96
CC(=O)Nc1cncc(-c2cc(-c3cccc(C#N)n3)nc(-c3cccc(C#N)n3)n2)c1,18.51
CC(=O)c1ccc2c(c1)C(=Cc1ccc(S(C)(=O)=O)cc1)C(=O)N2,27.94
N#Cc1c(NC(=S)Nc2cccnc2)sc2c1CCCC2,23.17
CCOCCNc1ccc(C(=O)C=Cc2ccccc2)cc1,22.69
CC(=O)N=c1cc(-c2ccc(F)cc2)[nH]c(-c2ccc(C#N)cc2)n1,12.79
N#Cc1ccc(-c2cc(COc3ccc4c(c3)CCC4)nc(-c3ccc(-c4ccccc4)cc3)n2)cc1,20.56
Nc1ccc2c(c1)C(=O)NC(c1[nH]nc(-c3ccc(-c4ccccc4)cc3)c1O)C2=O,40.85
N#Cc1cccc(Nc2cc(Nc3ccc4c(c3)C(=O)c3ccc(N)cc3C4=O)nc(Nc3ccc4c(c3)C(=O)c3ccc(N)cc3C4=O)n2)c1,8.75
N#Cc1ccc(-c2ccc(-c3nc(-c4ccc(-c5ccccc5C#N)c(F)c4)nc(C4CC5CCC4N5)n3)cc2)cc1,21.46
N#Cc1cccc(C#Cc2cccc(NC(=O)Nc3ccc(Cl)c(C(F)(F)F)c3)c2)n1,18.42
N#Cc1cnc(-c2nc(-c3ccc(F)cc3)c(CC3CC3)n2-c2ccc(C#N)cc2C#N)c(O)c1,27.46
COCCc1[nH]c(=N)[nH]c1-c1ccc(-c2ccc(C(=O)NC(CO)c3ccc(F)cc3)cc2)cc1,36.07
CCCNCCC(=O)Nc1ccc2c(c1)C(=O)c1cc(N=C(N)c3cccs3)ccc1C2=O,23.57
Cc1ccccc1C(=O)Nc1cccc2c1C(=O)c1cc(NC(=O)C=CC(=O)O)ccc1C2=O,25.69
COc1cc2cc(-c3ccc(-c4nc(-c5cncc(C#N)c5)nc(-c5cccc(C#N)n5)n4)cc3)[nH]c2cc1F,29.4
N#Cc1ccc(-c2ccc(-c3nc(-c4cncc(C#N)c4)nc(-c4cncc(C#N)c4)n3)o2)cc1,16.48
Cn1c(-c2nc(-c3ccc(C#N)cc3)c[nH]c2=N)nc(C#N)c1-c1cccc(C#N)n1,22.47
C#CCOCc1nnc2n1-c1ccc(-c3ccc(C#N)cc3)cc1C(c1ccc(C#N)cc1)=NC2,29.04
Cn1c(C#N)ccc1-c1ccc(-c2ccc(C#N)cn2)cc1,10.13
N#Cc1ccc(-n2cc(C=CC(=O)c3ccccc3)c(Cl)n2)cc1C#N,28.18
N#CC=CC(C#N)c1nc(C(=O)N=c2[nH]c(-c3ccccc3)cs2)nc(-c2ccco2)n1,31.38
N#Cc1ccc(-c2cn(-c3ccc(OCc4ccccc4Cl)cc3)cc2C#N)cc1,20.32
N#Cc1ccc(-c2ccc(-c3cccc(Cl)c3Cl)nc2-c2nc(-c3cncc(C#N)c3)nc(-c3cccc(C#N)n3)n2)cc1,23.89
N#Cc1ccc(-c2nc(-c3cccc(F)c3)nc(-c3cncc(C#N)c3)n2)cc1,11.33
N#Cc1cccc(-c2cc(-c3ccc(-n4cc(-c5ccncc5)cn4)cc3)[nH]c(=N)c2C#N)c1,27.22
Cn1c(-c2ccc(C(F)(F)F)cc2)c(-c2nnnn2-c2ccccc2)c(=N)c2ccccc21,38.57
N#Cc1ccc(-c2nc(COc3ccc(-c4nc5cccnc5n4C4CCCCC4)nc3)nc(-c3ccc(C#N)cc3)n2)cc1,17.98
N#Cc1cccc(-c2nc(=N)[nH]cc2-c2nccc3ccc(C#N)cc23)c1,31.86
CCCCCc1nc(-c2cccc(C#N)n2)c(-c2nc(-c3ccc(C#N)cc3)nc(C)c2C)c(Br)c1Br,40.21
N#Cc1ccc(-c2ncccc2C(=O)N=c2[nH]c3c(s2)CC(CO)CC3)nc1,27.77
Cc1oc(-c2cccc(Cl)c2)nc1CSc1nc(N=c2[nH]c3ccccc3[nH]2)cc(-c2ccccc2)n1,31.53
N#Cc1ccc(-c2ccc(-c3nc(-c4ccc(-c5ccc(C#N)cn5)cc4)nc(-c4ccc(-c5ccc(Cl)c(C(N)=O)c5)nc4)n3)cc2)cc1,23.49
N#Cc1ccc(CC(=O)N=c2[nH]nc(CCSCCc3nc4ccc(-c5ccccc5)cc4[nH]3)s2)cc1,32.25
N#Cc1ccc2nc(CN3CCN(c4ncnc(F)c4F)CC3)ccc2c1,21.76
Cc1c(CN(c2ccc(Br)cc2)C(C)C)nc(-c2ccc(Cl)cc2Cl)n1-c1ccc(Cl)cc1,26.36
CC(=O)Nc1cc(-c2cccc(-c3ccccc3)c2)cc(-c2cc(-c3ccc(C#N)cc3)cc(-c3ccc(-c4cc(C)nc(Cl)n4)cc3)c2)c1,34.34
C=CCN(C)CCOc1ccccc1-c1ccccc1,22.93
N#Cc1ccc(-c2nc(-c3cncc(C#N)c3)nc(-c3cccc(C(F)(F)F)c3)n2)cc1,9.54
N#Cc1ccc(-c2nnc(-c3cncc(C#N)c3)nc2-c2cccc(C#N)n2)nc1,15.38
N#Cc1ccc(C=Cc2ccc(-c3nc(-c4ccc(C(=O)O)cc4)nc(-c4ccc(C(F)(F)F)cc4)n3)cc2)nc1,25.86
C=C(c1cc(C)nn(-c2cccc(C#N)c2)c1=S)c1c(C)nc2ccccn12,32.23
N#Cc1cccc(-c2nc(C#N)ccc2C#N)c1,19.09
N#Cc1ccc(-c2ccc(-c3nc(-c4ccc(-c5ccc(C#N)cn5)nc4)nc(C(F)(F)F)n3)cn2)nc1,8.29
N#Cc1ccc(-c2ccc(-c3nc(-c4ccc(-c5ccc(C#N)cc5)cc4)nc(-c4ccc(C(F)(F)F)cc4F)n3)cc2)cc1,13.24
O=C1NC(=S)SC1=Cc1ccc(-c2cc(-c3ccc(-c4nc(Cl)nc(Cl)n4)cc3)cc(-c3ccc(-c4nc(Cl)nc(Cl)n4)cc3)c2)o1,18.02
C=CCOc1c(C=NN=c2[nH]c3ccccc3n2C)c(C)nn1-c1ccccc1,29.72
CC(C)(C)c1ccc(CCn2c(-c3ccc(C(=O)O)cc3)nc3c(O)cc(-c4ccccc4)cc32)cc1,33.08
N#CC=Cc1cc(-c2ccc(-c3ccc(C#N)cc3)cc2)nc(-c2ccc(-c3ccc(C#N)cc3)cc2)n1,10.15
Cn1cc(C#N)cc1-c1nc(Cl)nc(Cl)n1,11.94
Cc1ccnc(-c2ccc3c(c2)c(C#N)nn3-c2cccc(C(=O)Nc3cccc(C(F)(F)F)c3)c2)n1,22.86
N#Cc1ccc(-c2cc(-c3cc(F)cc(C#N)c3)c3c(N4CCOCC4)nc(=NCc4ccc(-c5ccc(C#N)cn5)nc4)[nH]c3c2)cc1,39.17
Cc1cc(-c2ccc(-c3nccc(C#N)n3)c(F)c2)nc(-c2cc(C#N)cc(-c3cccc(C#N)c3)n2)n1,20.89
COc1ccc(NC(=O)C2CCN(S(=O)(=O)c3cn(C)cn3)CC2)cc1Cl,22.96
NC1C=C(C#Cc2ccsc2)CC(N)C1F,29.67
N#Cc1ccc(-c2ccn(-c3ccc(F)cc3)c(=O)c2C(=O)Nc2ccc(C#N)nc2)cc1,24.55
CCN(CC)c1ccc(C=Nc2cnc(N(C)C)nc2OC)cc1,30.28
Cc1sc2c(c1C)S(=O)(=O)Nc1ccccc1N2C,27.41
N#Cc1ccc(-c2nccc(-c3cc(C#N)c4c(c3)C(=O)C(=O)c3ccccc3-4)n2)cc1,21.45
CCN(Cc1ccc(-c2cc(C(F)(F)F)nc(=NCc3ccc(-c4ccc(C#N)cc4)cc3)[nH]2)cc1)C(=O)C1CC1,35.94
N#Cc1ccc(-c2nc(-c3cncc(C#N)c3)nc(-c3ccc4ccccc4c3)n2)cc1,12.44
N#CCNC(=O)c1cccc(-c2nc(-c3ccc(C#N)nc3)cn2-c2nc(-c3cncc(C#N)c3)nc(-n3cc(C#N)cn3)n2)c1,32.43
N#Cc1ccccc1S(=O)(=O)NC1C(C(N)=O)=Cc2nc(=N)ccn2C1c1cc(F)ccc1F,41.53
O=C(c1cc(-n2nc3ccccc3n2)c(O)cc1O)N1CCN(C(=O)c2cc(F)c(F)c(F)c2F)CC1,33.35
N#Cc1ccc(-c2ccc(-c3nnnc(-c4ccc(-c5ccc(C#N)cc5)cc4Cl)n3)cc2)cc1,18.33
CCn1nc(-c2ccccc2)nc1-c1nc(COc2ccc(OCC(=O)O)c(C#N)c2)nc(-c2ccc(C#N)cc2)n1,27.31
N#Cc1ccc(Cn2cc(-c3ccc(C#N)cc3)cn2)cc1,14.41
O=C1c2cc(N3CCOCC3)ncc2-c2ncccc21,22.46
N#CCCC1Cc2cc(-c3ccc4c(c3)C(=O)N(C3CC3)C4=O)ccc2-c2c(C#N)c3cc(C#N)ccc3n21,28.45
C=CCn1cc2ncn(CCCCCC)c2nc1=N,29.05
C=c1c(=Cc2sc(=Nc3ccccc3)n(C)c2O)cc(C)n1-c1ccc(C#N)cc1,18.16
Cc1nc(=Nc2ccc3c(c2)CCCN3C)nc(-c2cccc(C(=O)Nc3ccc(F)cc3)c2)[nH]1,29.27
N#Cc1ccc(-c2ccc(-c3n[nH]c(C(Cc4ccccc4)NC(=O)Cc4cc(F)cc(F)c4)n3)cc2)cc1,23.23
N#Cc1cc(N)c(Nc2cc(F)c(F)c(C#N)c2)cc1F,23.21
COC(=O)C=Cc1cccc(NC(=O)c2cc(-c3ccc(C)cc3)nc3ccccc23)c1,21.82
Cc1cc(-c2cc(C(F)(F)F)nc(-c3ccc(-c4ccc(C#N)cc4)cc3)n2)ccc1-c1ccc(C#N)cn1,9.87
CC=Cc1ccc2c(=Nc3ccc(C#N)cc3)c(C#N)c[nH]c2c1,19.65
N#Cc1ccc(N2CCN(C(=O)c3ccc4cc5n(c4c3)CCNC5=O)CC2)cc1,22.89
N#Cc1ccc(-c2ccc(-c3ccc4c(c3)NCCC4Nc3ccc(C(=N)N)cc3)cc2)nc1,20.38
NC(=O)c1ccc2c(c1)C(=O)c1cc(Nc3ccnc(Nc4ccc5c(c4)C(=O)c4c(Cl)cc(O)cc4C5=O)n3)ccc1C2=O,35.71
Nc1ccc(-c2ccc(Cn3c4c5c(cccc5cc3=O)C(=O)c3ccccc3-4)cc2)cc1,26.84
COc1ccc(C(=O)c2nc(C(C)C)cc3c2C(C#N)C=C(c2ccc4c(c2)OCCO4)O3)cc1,39.63
C=CC(=O)N=c1c2c([nH]n1-c1ccc(F)c(C#N)c1)CCN(C(=O)c1ccc(-c3ccccc3)cc1)C2,27.16
O=C(C=Cc1ccc(O)cc1)C=Cc1ccccn1,18.05
Cc1ccc(-c2nn(-c3ccc(C#N)cc3)cc2C=CC(=O)Nc2cccc(Cl)c2)cc1C,28.82
N#Cc1nc(-c2ccc(C(=O)N3CCNCC3c3cccc(F)c3)c(Cl)c2)nc(N2CCC2)n1,26.73
N#Cc1ccc(-c2ccc(-c3nc(-c4ccc(N=C=S)cc4)nc(-c4ccc(-c5ccc(C#N)cc5)cc4)n3)cc2)cc1,14.28
S=C(NCc1ccc(Cl)cc1)N1CCN(c2ccccc2)CC1,20.09
Cc1ccc(C(=O)C=Cc2c(-c3ccc(F)cc3)nc3ccc(C)cn23)nc1,26.93
Cc1c(N=C2NC(=O)C(=Cc3ccc(-c4cccc(C(=O)O)c4)o3)S2)c(=O)n(-c2ccccc2)n1C,19.39
COc1ccc2cc(-c3cc(-c4ccc(C#N)cc4)nc(-c4ccc(C#N)cc4)n3)ccc2c1,19.78
N#Cc1ccc(-c2ccc3nc(-c4cccc(C#N)c4)n(N=Cc4cc(C=NCCN=c5cc[nH]c6cc(Cl)ccc56)c5ccc(Cl)cc5c4)c(=O)c3c2)cc1,42.88
CCc1cc(-c2nc(-c3ccc(-c4ccc(C#N)cc4)nc3)nc(-c3ccc(C)c(C)c3)n2)cc(C)c1OCC(O)CNC(=O)CO,19.97
CCCOc1cnc(C#Cc2ccc(CC(C)NC(C)=O)cc2)cn1,17.69
COc1ccc(-c2ccc(C=C3N=C(c4ccc(C#N)cc4)OC3=O)[nH]2)cc1C#N,26.68
N#Cc1ccc(N=c2nc(C#N)[nH]c(=Nc3ccccc3)[nH]2)cc1,13.98
N#Cc1cccc(-c2ccc(-c3ccc4ccc(-c5cccc(-[n+]6ccc(-c7ccncc7)cc6)c5)nc4c3)cn2)n1,29.68
CCC(=O)N=c1nc2cc(C)ccc2cc2c1[nH]c1ccccc12,37.35
N#Cc1ccnc(-c2ccc(-c3nc(-c4cc(-c5cnn(C6(C#N)CC6)c5)nc(N5CC6CC5CO6)n4)nc(C4CC4)n3)cc2C#N)c1,39.38
Cc1ccc(C2Nc3ccccc3C(=O)N2NS(=O)(=O)c2ccc(C)cc2)cc1,20.01
N#Cc1ccc(-c2nc(C#N)cc(-c3ccc(C(=O)NCCc4cc(C#N)ccn4)nc3)n2)cc1,29.23
CC(C)c1nc(N2CCC3(CCN(C)C3)CC2)c2c(cnn2-c2ccc(NC(=O)C3CC3)cn2)n1,43.89
N#Cc1ccc(-c2ccc(-c3nc(C(=O)c4ccc(F)c(F)c4)cc(-c4ccc(-c5ccc(C#N)cn5)cc4)n3)cc2)cc1,12.99
COc1ccc(C=Cc2cc(C=CC#N)nc(C=CC#N)n2)cc1,11.61
N#Cc1cc(-c2cccc(OC(=O)NC3CCCCC3)c2)cn2c(-c3cccc(Oc4ccccc4)c3)cnc12,37.77
N#Cc1ccccc1C1=NC(c2ccc(F)cc2)C(c2ccc(F)cc2)N1,17.55
CC(C)(C)c1ccc(C#Cc2cc(C#N)ccn2)cc1-c1ccnc(C#N)c1,27.64
N#Cc1ccc(-c2nc(-c3ccc(C#N)cn3)cc(-c3cc4ccccc4s3)n2)cc1,22.76
CN(C)C(=O)Cc1c(-c2ccc(C#N)cc2)nc2ccc(C#N)cn12,18.58
CC(=O)c1ccc(CCC(=O)N=CC(=O)N(C)c2ccc(Cl)c(COc3cccn4c(Br)c(C)nc34)c2Cl)cc1C,28.48
CCOc1ccc(-c2nc(CCNCc3ccc(OC)c(OC)c3)co2)cc1,25.26
CCOc1ccccc1C=Nc1nc(-c2ccc(-c3ccc(C#N)cc3)cc2)nc(-c2ccc(-c3ccc(C#N)cc3)cc2)n1,21.87
Clc1nc(Cl)nc(-c2ccc(-c3cc(-c4ccc(-c5nc(Cl)nc(Cl)n5)cc4)cc(C4N=[N+]=N4)c3)cc2)n1,20.73
Cc1cccc(C)c1N=CN1CCN(C=O)CC1,11.95
N#CC(C#N)=c1ccc(=Cc2c(O)[nH]c3ccc(F)cc23)cc1,16.69
CC(C)C(NS(=O)(=O)c1ccc(-c2ccc(NC(=O)c3cn(C4CC4)c4c(F)c(N5CCN(C)CC5)c(F)cc4c3=O)cc2)cc1F)C(=O)O,36.82
N#Cc1ccc(C(NCc2ccc(C(O)=NO)cc2)c2nnn(Cc3ccccc3)n2)cc1,25.09
Cn1c(C#N)ccc1-c1ccc(S(=O)(=O)N2CCCCC2)cc1,18.96
CN1C(=O)C2(C=C(C#N)C(=O)CN2C)c2cc(Br)ccc21,30.81
Cc1nc(C=CC(N)=O)ccc1C=c1ccccc1=C=Cc1ccc(-c2ccccc2C=Cc2cccc(C3=NCCN3)c2)cc1,43.4
Cc1cc(-c2cnn3ccc(C#Cc4cncc(N)c4)cc23)ccc1C#N,30.32
CC(C)(C)C(=O)OCCc1ccccc1-c1cc(-c2ccc(C#N)cc2)n(-c2ccc(C(=O)O)c(O)c2)c1,38.68
N#Cc1ccc(-c2cc(-c3ccccc3)nc(-c3ccc(-c4cc(-c5ccc(C=NO)cc5)nc(-c5ccc(C#N)cc5)n4)cc3)c2)cc1,20.53
O=C(NN=CC=Cc1ccco1)c1ccncc1,14.2
N#Cc1ccc(-c2ccc(C3=CN4CCC3CC4)cc2)cn1,19.76
N#Cc1ccc(-c2nc(-c3ccc(C=Nc4cc(O)c(N)cc4O)cc3)nc(-c3ccc(C=Nc4cc(O)c(N)cc4C(=O)NC(CCCNC(=N)N)C(N)=O)cc3)n2)cc1,18.77
CN(C)CCNC(=O)c1cc(-c2ccc(-c3ccc(C#N)cc3)cc2)n(-c2ccccc2)n1,18.19
N#Cc1c(F)ccc(F)c1F,9.92
CC(=O)N1CCN(C(=O)c2cnc(-c3ccc(-c4ccc(C(=O)Nc5cn(C)nc5C)nc4)cc3F)cn2)CC1,40.37
Clc1nc(Cl)c2ccccc2n1,15.92
COc1cc(C2Oc3cc4ccccc4c4cc(OC)c(OC)c2c34)cc(OC)c1OC,31.33
CC1CCCCN1CCNC(=O)c1c[nH]c2ccc(S(=O)(=O)N(C)c3ccccc3)cc2c1=O,30.04
CCc1cc(-c2ccc(-c3ccc(-c4nc(-c5ccc(OCCCF)cc5)c[nH]4)cc3)c(F)c2)nc(-c2ccc(-c3ccc(C#N)cc3)cc2)n1,31.39
N#Cc1ccc(-c2ccc(C(=O)Nc3ccc4c(c3)CCc3cc(N5CCNCC5)ccc3C4=O)cc2)cc1,19.08
CN1CCN(c2ccc3[nH]c(-c4onc5ccc(NC(=O)CC#N)cc45)nc3c2)CC1,31.67
CN(C)CCNC(=O)c1ccc(N)c2cc3cc(OCCCn4cnc(-c5ccc(-c6ccc(-c7ccc(-c8ccc(C#N)cc8)cc7)cc6)cc5)c4C=O)ccc3nc12,43.12
Cc1c(-c2cc[nH]c(=Nc3ccc4ccc(C#N)cc4c3)n2)cnn1-c1ccc(C#N)cc1,33.08
N#Cc1cn(CC(=O)NCc2ccccn2)c(=O)c(=Nc2cc(C#N)c(C#N)cc2Cl)[nH]1,26.0
N#Cc1ccc(C(Cc2ccc(-c3ccccn3)cc2)n2ccc3ccc(C#N)cc3c2=O)cc1,31.09
CCCC1Oc2cc3ccc(=O)oc3cc2C(=O)C1C,26.04
C[S+]([O-])c1nc(=Nc2ccc(F)cc2)c(C#N)c(-c2ccc(F)cc2)[nH]1,26.75
CN(Cc1ccc(C#N)cc1)Cc1c2ccccc2cc2ccccc12,21.85
Cc1ccc(C)c(NC(=O)Cn2ccc3cc(C)ccc3c2=O)c1,26.1
Nc1cc(O)c(N=Cc2ccc3ccccc3c2)cc1O,13.77
Cc1ccc(NC(=O)c2ccc(Cl)cc2)cc1-c1ccc(C#N)c(=O)[nH]1,28.16
N#Cc1ccc2c(OC(c3cccc4ccccc34)C3(C#N)CC3)cccc2n1,36.04
Cc1ccc(-n2c(-c3ccc(-c4ccc(C#N)cc4)cc3)nc(C(N)=O)c2N)cc1,22.33
O=C1CC(c2ccccc2)OC(=O)C1Cc1ccccc1,21.36
COc1cccc(C(=O)N=c2cc(-c3ccccc3)[nH]c(-c3ccccc3)n2)c1,19.78
N#Cc1cncc(-c2nc(-c3cncc(C#N)c3)nc(-c3cccc(C(F)(F)F)c3)n2)c1,13.38
N#Cc1cccc(-c2ncnc3ccc(-c4cc[nH]c(=NC5CCC(N)CC5)c4)cc23)n1,25.33
O=CNCCc1ccccn1,16.74
Cc1cc(CN=c2nc(-c3ccc(C#N)cc3)nc(-c3ccc(C#N)cc3)[nH]2)[nH]c(=N)c1,21.51
Cc1ccc(C2c3ccc4c(c3NS(=O)(=O)N2C)OCO4)c(C)c1,27.56
CCCN(CCC)c1ccc(C=C(C#N)C#N)cc1,20.6
Cn1c(O)c(C(c2cccc(CN3CCOCC3)c2)c2ccc3cnccc3c2O)c(=O)n(C)c1=O,31.62
CN(C)Cc1ccc(OCc2nc(-c3ccc(-c4ccc(C#N)cc4)cc3)nc(-c3ccc(-c4ccc(C#N)cc4)cc3)n2)c(F)c1F,19.49
N#Cc1ccc2c(c1)[nH]c(=N)n2CC(=O)c1ccc(Cl)cc1,18.61
Cc1cc(C#N)ccc1-c1nc(COCC2CC2)nc(-c2ccc(C#N)cc2)n1,16.49
N#CC(C#N)=CC=Cc1cnc2cccc(C(=O)Nc3ccccc3N)c2n1,29.61
N#Cc1c[nH]c(=NCC2CCc3ccccc3O2)cn1,24.25
COc1ccc(C)cc1N=Cc1cccnc1,17.43
COc1ccc(C=CC(=O)NCCc2c[nH]c3ccccc23)cc1OC,19.67
N#Cc1ccc(-c2cc(C#N)nc(-c3ccc(C#N)cc3)c2)cc1,10.59
N#Cc1ccc(-c2ccc(-c3nc(C(=O)NCCN4CCCC4)cc(-c4ccc(-c5ccncc5)cc4)n3)cc2)cc1,19.75
Cc1ccc(-n2[nH]c(C#N)cc2=NC(=O)c2ccc(-c3cccc(C#N)c3)nc2)nc1,24.2
CCOC(=O)c1c2n(C)c3ccccc3nc-2ccc1=O,26.27
N#Cc1ccc(-c2ccc(-c3nc(C(N)=O)c4ccccc4n3)cc2)cc1,13.02
Cc1nc(C)c(C#N)c(-c2cc(=NC(=O)Nc3ccc(F)cc3)[nH]c(-c3ccc(C#N)cc3)n2)n1,27.58
COCc1nc(-c2ccc(C#N)cc2)nc(-c2ccc(C#N)cc2)c1C,10.92
N#Cc1ccc(Oc2ccc(-c3nc(C#N)cc(C#N)n3)cc2)cc1,12.87
CC1CCCC(C)N1N=Cc1ccccc1,15.88
N#CC(=Cc1ccc(-c2ccc(C#N)cc2)o1)c1nc2ccccc2s1,17.33
N#Cc1ccc(-c2nnc(Cl)nc2C=Cc2ccc(-c3ccc(C#N)cn3)nc2-c2ccccc2)cc1,28.17
CN1CCN(c2ccc(C=Nc3cc(O)c(N)cc3O)cc2)CC1,13.21
N#CCc1ccc(-c2cc(-c3cc(C#N)nc(C(F)(F)F)c3)nc(-c3ccc(C#N)cc3)n2)nc1,23.86
N#Cc1ccc(-c2nc(-c3ccc(C#N)cc3)nc(-c3ccc4cccnc4c3)n2)cc1,17.81
CN=c1nc(C(F)c2ccc(C#N)c(-c3ncccc3C)c2)nc(-c2csc(C#N)n2)[nH]1,37.49
c1cc(N2CCNCC2)n2nccc2c1,23.82
CC(C)(C)c1nc(C(O)=NO)ccc1Oc1nc(C(F)(F)F)ccc1NC(=O)Nc1cccc(C#N)c1,28.87
Cc1cc(N2CCN(C=O)CC2)[nH]c(=NCCCNC(=O)CNCCN=c2cc[nH]c3cc(Cl)ccc23)n1,35.42
N=C(N)NCCCC(NC(=O)NCCc1ccccc1)C(=O)NC(Cc1c[nH]c2ccccc12)c1nc(-c2ccc(-c3ccccc3)cc2)c[nH]1,32.54
Cc1cc(-c2nc(-c3cncc(C#N)c3)nc(-c3cncc(C#N)c3)n2)ccn1,11.28
N#Cc1ccc(-c2ccc(-c3nc(CNc4cccc(C#N)c4)nc(-c4ccc(C#N)cc4)n3)cc2)cc1,17.08
Cn1c(-c2ccc(-c3cccc(C#N)c3)cc2)nc(C#N)c1NC(=O)Cn1cc(C#N)nn1,24.92
COCCC(=O)N1CCc2nc(-c3cccc(C#N)n3)nc(-c3ccc(C#N)cc3)c2C1,24.79
CCCCNC(=O)c1ccc(C#N)c(-c2ccc(-c3ccc(C#N)cc3)cc2)n1,16.92
Cc1cc(-c2cc(-c3ccc(C#N)cn3)nc(C3CCC3)n2)cc(C#N)n1,17.41
O=C(Nc1cccnc1)c1cnc(-c2ccc(-c3cc(-c4ccc(-c5nc(Cl)nc(Cl)n5)cc4)cc(-c4ccc(-c5nc(Cl)nc(Cl)n5)cc4)n3)cc2)cn1,13.67
N=c1[nH]c(-c2ccccc2Cl)cs1,15.4
N#Cc1ccc(-c2nc(Oc3cccnc3)nc(-c3ccncc3)n2)cc1,19.82
N#Cc1ccc(-c2ccc(-c3nc(-c4ccc(-c5ccc(C#N)cn5)cc4)nc(-c4ccc(-n5cccc5)cc4)n3)cc2)cc1,14.18
Cc1ccc(C)c(-n2cc(C(O)N=c3cccc(Cl)cc3Cl)cc2O)c1,26.52
N#Cc1ccc(-c2cnc3ccc(-c4ccc(-c5nc(C(F)(F)F)cs5)nc4)cc3n2)cc1,21.97
CCc1ccccc1C(=O)N1CCN(c2nc(C)nc3ccccc23)CC1,27.86
N#Cc1ccc(CN(c2nccc(C#N)n2)c2nnc(-c3ccc(C#N)cc3)s2)cc1,25.23
CC(C)(C)CC1N=c2ccccc2=C1c1nc(-c2ccc(-c3ccc(F)cc3)cc2)[nH]c1C#N,35.67
N#Cc1c[nH]c2ccc(NCc3ccc(C(F)(F)F)nc3)cc2c1=Nc1ccc(F)c(Cl)c1,19.97
N#CCc1nncn1-c1nc(NCc2cccnc2)cnc1-c1ccc(-c2nc[nH]n2)cc1,30.67
CN(C)c1ccc2c(-c3cncc(C#N)c3)nc(C#N)nc2n1,26.82
N#Cc1cncc(-c2cc(=NCC#Cc3ccc(Cl)cn3)nc(C#N)nn2)c1,26.11
O=C(N=c1[nH]c(-c2ccc(Cl)cc2Cl)cs1)c1cc(-c2ccccn2)nc2ccccc12,24.84
N#Cc1ccc(-c2cc(-c3ccc(F)c(C#N)c3)nc(-c3ccc(C#N)cn3)n2)nc1,17.45
CN1CCN(c2cc(=Nc3ccc(F)c(F)c3)n3c(n2)N(C)c2cc(C#N)ccc2N3CC(F)F)CC1,39.17
COCC(=O)Nc1ccc(-c2cc(-c3ccc(C#N)cc3)nc(-c3ccncc3)n2)cc1,22.43
O=C1C(=Cc2ccc(Cl)cc2)COc2cc(Cl)c(Cl)cc21,19.42
CC(CN1CCOCC1)NC(=O)N1CCc2c(-c3ccc(C#N)cc3)nc(N3CCOCC3)nc2C1C,29.55
CCCCn1c(C)c(C(O)N2CCCCCC2)cc(CC(=O)NCc2ccc(F)cc2)c1=O,22.11
N#Cc1ccc(-c2nc(C=NNC(=S)Nc3ccc(F)cc3)nc(-c3ccc(C#N)cc3)n2)cc1,18.81
Cn1cc(C#N)cc1C#Cc1c(F)c(F)cc(-c2c[nH]c(=N)cn2)c1F,19.65
N#Cc1cccc(-c2ccc(-n3ccc(-c4ccc(F)c(C#N)c4)n3)nc2)c1,22.43
N#Cc1ccc(-c2ccc(-c3nc(C4CCC4)n4ccnc(F)c34)cc2)cc1,15.86
N#Cc1cc2[nH]c(=O)c(-c3ccccc3)nc2cc1N,17.11
N#CC=CCc1ccnc(C=CC#N)n1,15.46
N#Cc1ccc(-c2nc(C#N)ccc2C(=O)NCCOc2ccc(Cl)cc2Cl)cc1,22.47
CC1CN(C=NN=Cc2ccc(-c3cc[n+](Cc4ccc(-c5cccc(-c6cccc(C[n+]7ccc(C(N)=NO)cc7)c6)n5)cc4)c4cc(C#N)ccc34)cc2)CCN1,49.82
N#Cc1cncc(-c2nc(=NCc3ccc(F)c(F)c3)cc[nH]2)c1,19.57
Cc1cccc2c(C=Nc3ccc(N=NC#N)cc3)c(N)nnc12,28.22
N#Cc1ccc(OCc2nc(-c3ccc(C#N)cc3)nc(-c3cncc(C#N)c3)n2)cc1,13.02
CN1CCC(NC(=O)c2ccc(-c3cc(-c4cccc(C#N)n4)nc(-c4ccc(C#N)cc4)n3)nc2)CC1,26.35
CC(=O)C(Cc1cc(F)cc(F)c1)N(C)CC(=O)C(Nc1ccc(C)c2nc(C#N)ccc12)c1ccc(-c2nc3ccccc3[nH]2)cc1,49.94
N#Cc1ccc(C(=O)N2CCN(c3nc(-c4cccc(C#N)c4)nc4ccccc34)CC2)cc1,20.51
CN1CCN(Cn2nc(-c3ccncc3)n(N=Cc3ccccc3)c2=S)CC1,18.08
C[SH](=N)(CCC(CC1CCCC1)C(=O)N1CC(F)CC1C#N)c1ccc(-c2ccc(F)cc2F)cc1,49.13
N#CC(Cc1ccc(-c2ccccc2)cc1)NCCCCCCCCNC(=O)C(N)Cc1nc(-c2ccc(C(=N)N)cc2)no1,37.79
COc1cc(N=Cc2ccc(-c3cc(-c4ccc(-c5cccc(-[n+]6ccc(-c7ccncc7)cc6)n5)cc4)nc(Cl)n3)cc2)ccc1-c1nnc(-c2ccc(F)cc2)o1,27.51
COC(=O)c1cccc(C(=CC=CC(C)=CC=CC(C)CC(=O)OC(C)C)c2ccc(OC)cc2)c1,36.29
N#Cc1ccc(-c2cc(C#N)c(=NCCn3cc(C#N)cn3)[nH]c2N)nc1,20.2
N#Cc1ccc(S(=O)(=O)Nc2ccc3c(c2C(=O)O)CCCC3)cc1,17.07
Cc1nc(=NCCCO)nc(-c2cnc(N3CCc4cccc(N5CCOCC5)c4C3)c(C#N)c2)[nH]1,36.79
COC(=O)c1ccc(C(=O)CCC(=NC(=O)c2ccccc2)c2c(O)c(O)c3ccccc3c2O)cc1,34.09
CNC(=O)c1cc(-c2ccncc2)nc2ccc(-c3ccc(C#N)o3)cc12,30.3
CCCc1cc(-c2ccc(C#N)cc2OCc2ccccc2)nc(C#N)n1,17.33
N#Cc1ccc(C#CC=CC#Cc2ccc(-c3cc(-c4ccc(-c5nc(Cl)nc(Cl)n5)cc4)cc(-c4ccc(-c5ccc(C(F)(F)F)cn5)cc4)n3)cc2)cc1,20.46
CC12CC(c3ccc(Cl)c(Cl)c3)C(=N)C(C#N)C1CCC2(C#N)C#N,32.88
N#Cc1ccc(-c2ccc(-c3nc(C#N)c(C4CCCC4)c(=Nc4ncccn4)[nH]3)cn2)cc1,27.7
N#Cc1ccc(-c2ccc(-c3nc(-c4ccc(-c5ccc(C#N)cc5)cc4)nc(-c4cnc5ccccc5c4)n3)cc2)cc1,12.13
COC(=O)C(C)=NOC(C)c1cc(-c2ccc(C#N)cc2)nc(-c2ccc(C#N)cc2)n1,27.93
C=CC(=O)Nc1ccc(S(=O)(=O)N2CCN(C(=O)c3nn(-c4ccccc4)c4c3CS(=O)(=O)c3ccccc3-4)C(CN(C)C)C2)cc1,35.72
COc1ccc(C=Nc2ccc(-c3nc(-c4ccc(C)cc4)nc(-c4ccc(-c5ccc(C#N)cc5)cc4)n3)cc2)cc1OC,19.02
CC(C)CC(C(=O)Cc1ccc(C#N)cc1)N1CC(C(=O)N2CCN(C(=O)CC(C)(C)C)CC2)C(c2cccc(F)c2)C1,42.22
Oc1ccccc1-c1ccc(-c2ccnc(N3CCNCC3)c2)cc1,26.1
CCOc1ccc(-c2nnc(-c3ccc(N=Cc4ccc(-c5ccc(C#N)cc5)cc4)c(O)c3)s2)cc1,18.56
N#Cc1ccc(-c2nc(=N)[nH]c3cc(-c4ccccn4)ccc23)cc1,20.85
Cc1ccc(-c2ccc(NC(=O)Nc3cccc4ccccc34)c3ccccc23)nc1,25.98
CC1Cc2c(ccnc2-c2cc(F)cc(C#N)c2)CN1C(=O)c1ccc(-c2cncc(F)c2)s1,29.38
Cc1ccc(-c2noc(C(C#N)=Cc3ccc4c(c3)OCO4)n2)cc1C,23.0
CC(C#N)(Cc1cccnc1)c1ccc(C#Cc2ccccc2)cc1,22.37
N#Cc1cc(-c2ccccc2)c2c(c1C#N)CCCC2,14.87
N#Cc1cncc(-c2cc[nH]c(=NCCc3ccc(-c4ccccc4)cc3)n2)c1,18.26
COc1ccc(-c2c(=C(O)O)c(=C(O)O)cc3ccc(C#Cc4ccc(C#N)cc4)cc23)cc1,28.19
CN(C)c1ccc(F)c(-c2nc(-c3ccc(C#N)cc3)nc(-c3ccc(-c4ccc(C#N)cc4)cc3)n2)c1,17.21
C#CCNCc1ccc(N=c2nc3c(-c4ccc(F)cc4OC)cccn3[nH]2)cc1,29.77
Cc1nc(-c2nc(-c3cccc(C#N)c3)nc(-c3cncc(C#N)c3)n2)c2cnc(C#N)cn12,20.06
COc1ccc(-c2nc(-c3ccc(C#N)cc3)nc(-c3ccc(C#N)c(C(F)(F)F)c3)n2)cc1,14.22
CSc1ccc(C(=O)N=c2cc[nH]c(C(C)(C)C)c2)cc1N=c1[nH]c(C)nn2cc(CN3CCC(C(N)=O)CC3)nc12,35.81
CCOc1ccc(NC(=O)c2ccccc2NC(=O)c2ccc(C(=O)NC)cc2)cc1,30.06
N#Cc1cccc(-c2cccc(C(CN=C(N)N)NC(=O)c3ccc(-c4ccccc4)cc3)n2)c1,31.37
NC(=O)NCC(=O)NC1CCCc2c1[nH]c1ccccc21,24.63
CCc1ncncc1C(=O)N1c2ccccc2CC1C(=O)Nc1ccc(C(=O)Nc2ccccc2)cc1,35.94
N#Cc1cccc(-c2cc(-c3ccc(CNCCc4ccc(Cl)cc4Cl)cc3)nc(-c3ccncc3)n2)n1,21.94
FC(F)(F)c1ccc(-c2ccc(-c3cc(-c4ccc(-c5nc(Cl)nc(Cl)n5)cc4)cc(-c4ccc(-c5nc(Cl)nc(Cl)n5)cc4)c3)s2)nc1,10.51
CC(F)(F)c1nc(-c2ccc(C#N)cc2NC(=O)c2nccnc2F)c2ccccc2n1,40.97
CCOC(=O)C(=O)c1ccc(CCN=c2nc(Cl)[nH]c(Cl)n2)cc1,33.9
Cc1cc(C#N)cc2c1nc(-c1ccccc1)n2Cc1ccc(C#N)c(F)c1F,27.09
N#Cc1ccc(-c2ccc(-c3ccc(=NC(=O)C4CCC4)[nH]n3)cc2)cc1,23.5
N#Cc1ccccc1Sc1ccc(C(=N)N)cc1F,21.46
N=C(N)c1ccc(C=NC2CC(Cc3ccc(F)cc3)C(=O)C(C3CCCc4cc(F)ccc43)C2=O)cc1,28.64
N#Cc1ccc(-c2nc(-c3ccc(C#N)nc3)c(-c3ccc(C#N)cn3)cc2C#N)cc1,13.7
CC1CN(C(=O)Cn2cc(-c3cccc(C#N)n3)nc2-c2ccc(F)cc2)CCN1c1ncc(C#N)cn1,26.19
N#Cc1cc(-c2ccc(CN(c3cccc(C#N)n3)S(=O)(=O)c3ccc(C(F)(F)F)cc3)cc2)ccn1,26.67
N#CC=Cc1cc(C=Cc2cnc(-c3ccc(C#N)cc3)c(C(=O)c3ccc(C#N)cc3)c2)nc(C=CC#N)n1,21.37
Cc1ccc(C2=NN(N=Cc3ccc(-c4ccc(C#N)cc4)o3)C(c3ccc(-c4ccccc4)cc3)C2)cc1C,29.12
CNC(=O)c1c(NC(=O)c2nc(C3CC3)c[nH]c2=Nc2cncnc2)cnn1CC(F)(F)F,21.83
N#Cc1ccc(-c2nc(-c3ccc4ncc(C#N)cc4n3)c3ccccc3n2)cc1,24.47
CS(=O)(=O)c1ccc(Oc2cccc(Cl)c2C(=O)N=c2ccc(Cl)n[nH]2)cn1,30.34
N#CC=Cc1ccnc(-c2ccc(-c3ccnc(-c4ccc(Cl)c(Cl)c4)n3)cc2)n1,14.02
N#Cc1ccc(-c2ccc3nc(-c4cnccn4)[nH]c(=NC4COC4)c3n2)cc1,28.84
C(=Cc1nccc2[nH]cc(Cc3ccccc3)c12)c1ccccc1,32.35
Cc1cccc(-n2nc(-c3ccc(F)cc3)c3c(N)c(C(=O)Nc4ccc(C#N)cc4)sc32)c1,24.94
COc1cccc(-c2nc(-c3ccc(C#N)cc3)nc(-c3cccc(C#N)c3)n2)c1,18.53
Cn1cc(C(c2ccc(O)cc2)c2cc(C(=O)O)c3ccc(C#N)cc3c2)c2cc(C#N)ccc21,33.7
N#CCN1CCC(n2nc(-c3nc(-c4ccc(C#N)cc4)nc(-c4cc(F)cc(C#N)c4)n3)c3ccccc32)CC1,28.09
N#Cc1ccc(N=Cc2ccc(C=CC(=NO)c3ccc(C#N)cc3)cc2)cc1,19.47
ON=CC=Cc1ccc(Cl)cc1Cl,15.79
Cc1cccc(-c2nc(CNC(c3ccccc3)c3ccccc3)co2)c1,21.62
COc1cccc(N(C)c2nc(-c3cc(F)ccn3)nc(C#N)c2C#N)c1,27.05
Cc1ccc(-c2n[nH]c(=NN3C(=O)C(=Cc4ccc(Cl)cc4)N=C3N=c3[nH]c(-c4ccc(Cl)cc4)cs3)nc2-c2ccc(C)cc2)cc1,34.98
CCOC(=O)C1CN(C)CC1Cc1ccc(OC)c(OC)c1,33.73
CNC1CCN(c2ccc(NC(=O)c3ccc(C#N)o3)cc2Cl)CC1,23.11
N#Cc1cncc(-c2nc(-c3cncc(C#N)c3)nc(-c3nccc(C=O)n3)n2)c1,17.7
CCc1nnnn1-c1ccc(-c2nc(COc3cccc(C#N)c3)ncc2C)cc1,30.26
N#Cc1ccc(-c2ccc(-c3nnc(-c4ccc(-c5ccc(C#N)cc5)cc4)c(-c4cc(-c5ccc(C#N)cc5)nc(-c5ccc(C#N)cn5)n4)n3)cc2)cc1,25.34
CCN(c1ccc(C#N)cc1)c1nc(C)cc(-c2cnc(=NC(=O)C(C)NC)[nH]c2)n1,32.52
N#Cc1ccc(-c2cc(C(=O)NCc3cccc(C#N)c3)cc(-c3ccc(C#N)nc3)n2)cc1,21.14
CN(C)c1ccc(N=Cc2ccco2)cc1,19.49
N#Cc1ccc(-c2nc(-c3ccc(-c4cccc(C#N)c4)o3)nc(C3CC3)n2)cc1,18.65
Cc1cc(C#N)cc2[nH]c(-c3ccc(-c4ccc(C#N)cc4)cc3)nc12,18.36
O=CN1CCN(C=Nc2ccc(-c3nc4cc(-c5cccc(-c6ccccc6)c5)ccc4[nH]3)cc2)CC1,18.78
CCc1cc(NCCc2ccccc2)c(=O)[nH]c1C,20.16
Cc1cccc(-n2c(=O)c(C#N)c3n(c2=O)CCCCC3)c1,20.51
CCCCNCC(O)c1cc(-c2cccc(-c3cccc(C#N)c3)c2)nc2ccc(C#N)cc12,26.56
CCOC(=O)c1nc(=O)c2nc(-c3ccccc3)c(-c3ccc(C#N)cc3)cc2[nH]1,28.23
C[n+]1c(-c2ccc(C=NNC(=N)NN=Cc3ccc(C(=N)N)cc3)cc2)cn2ccccc21,25.7
N#Cc1ccc(-c2ccc(NC(=O)c3cc4ccccc4n3Cc3cccc(C(=N)N)c3)cc2)cc1,22.14
Cc1cc(-c2nc(-c3ccc(Cl)cc3)cs2)ccc1-c1nnc(-c2ccc(-c3ncc(C(F)(F)F)cn3)cc2)c(CCc2ccc3ccccc3n2)n1,33.41
N#Cc1ccc(CNC(=O)c2ccc(-c3ccc(-c4c[nH]c(=N)cn4)cc3)c3ncccc23)cc1,20.97
N#Cc1ccc(-c2ccc(-c3nc(-c4ccc(-c5ccc(C#N)cc5)cc4)nc(-c4ccc(-c5cncc(C#N)c5)cc4)n3)cc2)cc1,10.88
N#Cc1cccc(-c2ccc(-c3cnn(-c4ncccn4)n3)cc2)c1,22.23
N#Cc1ccc(-c2ccc(-c3nc(-c4ccc(-c5ccc(C#N)cn5)nc4)nc(C(F)(F)F)n3)cc2)nc1,8.79
COc1cc(C=CC(=O)c2cc(NS(=O)(=O)c3ccc(C)cc3)ccc2O)ccc1O,25.01
CCn1c(=O)nc(-c2ccc(-c3cnc(C#N)nc3)cc2)c2cnc3cc(C#N)cnc3c21,31.52
Cc1ccccc1Cn1nc(C#N)nc1-c1cncc(C#N)c1,19.66
CC1(c2cccc(-c3ccc(C#N)cc3)c2)CC(C(F)(F)F)OC(=N)N1,22.34
Cc1nc(-c2ccc(C(F)(F)F)nc2)cc(=O)n1Cc1nc(-c2ccc(C#N)nc2)nc(N=c2nc[nH]cc2F)c1F,39.17
N#Cc1ccc(-n2c(=O)c3cnc4ccccc4c3n2-c2ccccc2)cc1,27.58
O=C(Nc1cc(F)c(F)cc1F)c1ccccc1Sc1ccc2c(C=Cc3ccccn3)[nH]nc2c1,24.6
N#Cc1ccc(-c2cc(C#N)nc(-c3ccncc3)c2)cc1,13.35
Cc1cc2cc(N=c3cnc4ccc(-c5nc(C#N)nc(C6CCCNC6)n5)nc4[nH]3)ccc2[nH]1,33.94
O=C1C(=Cc2ccc(Cl)cc2)CCCC1=Cc1ccc(Cl)c(Cl)c1,15.3
Cc1ccccc1C=Cc1ccc(C#N)c(C#N)c1C#N,22.47
CCCCCCN(Cc1ccccc1)OC,28.47
C=Cc1cnc(-c2ccc(-c3cnc(Cl)c(C#N)c3)nc2)nc1C#N,27.88
N#Cc1cc(Cn2cncn2)ccc1-c1cccc(-c2nc(=O)o[nH]2)c1,22.73
O=c1ccn(C#Cc2ccc(C(F)(F)F)cc2)c(=O)[nH]1,24.48
COc1cc2[nH]cc(C#N)c(=Nc3ccc(C#N)cc3)c2cc1OC,13.91
CC1(C)CCC(c2nc(-c3ccc(F)cc3)cc(-c3ccc(C#N)cc3)n2)=C2C(=C(C#N)c3ccccc32)O1,20.48
CC(N=c1nc(C#N)[nH]c(NC(CO)c2ccccc2)c1C#N)c1cccc(Cl)n1,34.32
Cc1cc(-c2cc(F)c(-c3ncnc(S(=O)(=O)N4CCC(F)C4)n3)cc2F)nc(-c2ccc(-c3ccc(C#N)cc3)cc2)n1,33.42
Cc1cc(C#N)cc(Oc2ccc(C#N)cn2)c1,17.15
OCCn1cc(-c2ccc(-c3nccnc3OC3CCN(c4ncc(Cl)cn4)CC3)cc2Cl)cn1,34.37
N#CC(C#N)C=Nc1ccc2ncccc2c1,19.57
N#Cc1ccc(-n2cc3ccc(C#N)cc3c2C#N)cc1,16.84
CC(=O)Nc1ccc2c(c1)C(=O)c1ccc(Nc3ccnc(Nc4ccc5c(c4)C(=O)c4ccc(N)cc4C5=O)n3)cc1C2=O,15.16
C=CCc1cccc(C(=O)NC)c1O,24.99
Cc1cc(-c2ccc(-c3ccc(C#N)cn3)cn2)nc(-c2ccc(-c3ccc(C#N)cn3)nc2)n1,11.98
O=C1CN(CCc2cccc(F)c2F)CCN1N=Cc1ccccn1,23.66
OCC=CC1=C2c3ccccc3CC2(c2ccccc2)N=C1Br,40.89
COC(=O)C1C(c2ccc(-c3ccccc3)cc2)CC2CCC1N2C,19.95
C(=NN=c1cnc2ccccc2[nH]1)c1ccccn1,17.91
N#Cc1ccc(-c2ccc(-c3cc(C#N)cc(-c4ccc(-c5nc(Cl)nc(Cl)n5)cc4)c3)cc2)nc1,14.87
Cc1cc(=NC(=O)c2ccc(=O)n(CCc3ccccc3)n2)[nH]o1,25.35
Cn1c(=NN=Cc2ccncc2)[nH]c(-c2ccc(-c3ccccc3)cc2)c(C#N)c1=O,25.26
N#Cc1cncc(-c2nc(-c3cncc(C#N)c3)nc(-c3cccnc3Cl)n2)c1,11.28
C#Cc1cc(F)ccc1C1OC(c2ccccc2)=NN1C(=O)C1CC1,35.52
O=C(CN1C(=O)SC(=Cc2cccnc2)C1=O)Nc1ccc(C(F)(F)F)cc1,25.79
N#Cc1cccc(N=c2[nH]c(C(F)(F)F)nc(=NC(CNc3cccc(C(F)(F)F)c3)CSc3ccccc3)[nH]2)c1,36.69
N#CCCCCn1nc(-c2ccc(Cl)cc2)n(-c2ccc(-c3cccc(C#N)c3)cc2)c1=O,22.56
N#CCCN1CCC(NC(=O)c2cc(-c3ccc(-c4ccc(C#N)cc4)cc3)nc(-c3ccc(-c4ccc(C#N)cc4)cc3)n2)CC1,19.84
Cc1ccc(-c2csc(=Nc3ccccc3)[nH]2)cc1,20.09
N#Cc1cnn(-c2ccc(C#N)c(C#N)c2)c1,11.97
CCOC(=O)N1CCC(c2cc(-c3ccc(C#N)nc3)nc(-c3ccc(C#N)cc3)n2)CC1,15.28
Cc1ccc(C(=O)Nc2ccc(C#N)cc2)cc1NC(=O)c1ccc(CN2CCNCC2)c(NC(=O)c2ccc(-c3ccccn3)cc2)c1,31.22
N#Cc1ccccc1Oc1ccccc1CO,21.69
CN(C)C(=O)c1cc(C#N)cc(Nc2ccc(C#N)n(Cc3ccc(Cl)cc3)c2=O)c1O,24.64
CCCCCc1nc(=NCc2ccccc2F)c2cc(C#N)ccc2o1,33.73
N#Cc1nc(=Nc2ccc(C#N)c(C(F)(F)F)c2)cc(C(N)=O)[nH]1,28.3
N#Cc1cccc(Cn2cnc(-c3cncc(C#N)c3)c2)c1,16.92
N#Cc1ccc(-c2nc(-c3cncc(C#N)c3)nc(-c3ccc(-c4ccccc4C#N)c(F)c3)n2)cc1,14.95
CNC(=O)OCn1c(=O)c(-c2ccccc2)cc2ccc(-c3ccc(N4CCNC(=O)C4C(=O)NCc4ccco4)cc3)cc21,54.7
O=c1c2ccccc2nc(C=Cc2ccc([N+](=O)[O-])cc2)n1-c1ccccc1,18.41
CC=C=Cc1cccn1Cc1ccc(-c2ccccc2C#N)cc1,29.27
N#Cc1cc(N=c2nc(-n3ncc4cc(-c5cnn(CCO)c5)cnc43)[nH]cc2C(=O)NCC(F)(F)C(F)(F)C(F)(F)F)cc(N2CCOCC2)c1,35.45
C=CCn1c(Cc2ccc3ccccc3n2)nc2cc(C(=O)NCc3cccc(C#N)c3)ccc21,28.83
COC(=O)C12CC(CC(=O)NCc3cccs3)C(=O)N(Cc3ccc(-c4ccccc4)cc3)C1=CCC(C)(C)C2,26.39
C[N+](C)([O-])CCNc1cc(Nc2ccc3c(c2)C(=O)c2ccc(N)cc2C3=O)nc(Nc2ccc3c(c2)C(=O)c2ccc(N)cc2C3=O)n1,14.88
COc1ccc(-n2c(=O)c3c(C)c(C(=O)N(C)C)sc3n(Cc3ccccc3)c2=O)cc1OC,21.48
COc1nc(-c2ccc3c(c2)OCO3)nc2ccccc12,22.08
CC(=O)Oc1ccc2c(c1)C(=O)CCc1ccc(C)cc1-2,29.73
C#Cc1cc(Cl)ccc1N(CC#Cc1c(CC)[nH]c(=N)[nH]c1=N)c1cc(OC)cc(OC)c1,28.22
N#Cc1ccc(N=c2nc(C#N)nc(-c3ccc(C#N)cc3)[nH]2)cc1,15.15
Cc1cc(OCc2nc(-c3ccc(-c4ccc(C#N)cc4)cc3)nc(-c3ccc(-c4cc(C(F)(F)F)ccc4F)cc3)n2)ccc1OCC(=O)O,27.15
Cc1ccc(C(=O)C=Cc2cn(-c3ccc(F)cc3)nc2-c2ccccc2)cc1,20.66
COC1C(O)C(C)OC(Oc2ccc3c(c2)OC2C4(CC=C(C)C)CC(C)=CC2(C3=O)C2(OCCCC2C)O4)C1O,52.67
N#CCCN=c1[nH]cc(-c2cc(N3CCC(F)(F)CC3)nc(C#N)n2)cc1C#N,17.44
N#Cc1nc(Cl)nc(C#N)c1N,16.74
N#Cc1ccc(-c2ccc(OCCNc3cccc(F)c3C#N)cc2)cc1,29.81
COc1ccccc1N1CCN(Cc2c(C)nc3ccccn23)CC1,21.28
N#Cc1ccc(-c2ccc(-c3cnc(F)c(C#N)c3)nc2)nc1,14.62
Cc1ccc(S(=O)(=O)c2cnn3c(-c4ccc(C#N)cc4)nc(-c4cccc(C#N)c4)nc23)cc1,27.95
N#Cc1ccc2[nH]c(=NC(=O)c3cc4nc5n(c(=O)c4s3)CCCC5)sc2c1,26.26
CC(C)=CCCC(C)=CCCC(C)=CCC=CCC=CC=CC=CC=CC=C(C)C=CC=C(C)CCc1cc(C)oc1O,35.64
Nc1ccc2c(c1)C(=O)c1ccc(Nc3nc(Nc4ccc5c(c4)C(=O)CC5)nc(Nc4ccc5c(c4)C(=O)c4cc(N)ccc4C5=O)n3)cc1C2=O,10.35
O=C(C=NC(=O)c1ccc(Cl)cc1)NN=C(Cc1ccc(Cl)cc1)c1ccc(Cl)cc1,30.63
CCc1n[nH]c(=NC(=O)c2cc(-c3ccc(C)o3)nc(Sc3ccc(C#N)cc3)n2)s1,31.39
N#Cc1nc2ccc(C#CCNC(=O)c3cccn(C(CO)c4ccc(F)c(F)c4)c3=O)cc2s1,23.76
CCCn1cc(-c2nc(-c3c4ccccc4c(C#N)c4ccccc34)nc(-c3c4ccccc4c(C#N)c4ccccc34)n2)c2ccccc21,18.0
CCCCCCCCCCCCCCCC(=O)CC=CCCCCC(=O)NCCO,31.31
CN1c2ccccc2Nc2ccc(-c3ccccn3)cc21,24.58
FC(F)(F)c1cc(-c2ccc(-c3cnc(C(F)(F)F)cn3)cc2)cc(-c2ccc(-c3nc(Cl)nc(Cl)n3)nc2)c1,17.48
Cc1ccc(-c2ccc(C(=O)N3CCC4c5ccc(C#N)cc5OC4C3)cn2)cc1,33.96
O=c1cc(-c2cccc(-c3ccccc3)c2)sc(N2CCOCC2)c1,14.24
N#CCc1ccc(-c2nc(-c3ccc(C#N)cc3)nc(-c3ccc(C#N)cn3)n2)cc1C#N,15.71
CS(=O)(=O)c1ccc(-c2nc(-c3ccc(C#N)cc3F)nc(-c3cccnc3-c3ccccc3)n2)cc1,29.53
COCC1CN(Cc2cccc(C#N)c2)Cc2nccn21,16.82
N#Cc1nc(-c2ccc(Cl)cc2)c(-c2nc(C=Cc3ccccc3)nn2-c2ccccc2)nc1C#N,29.16
N#Cc1ccc(F)cc1F,12.06
Cc1cn(-c2cccc(C#N)c2)cn1,20.05
[O-][S+](CC=CCn1cnc2c(F)ncnc21)c1ccc(Br)cc1,34.62
N#Cc1ccc(-c2nccc(-c3cc(F)cc(F)c3F)n2)cc1,20.07
N#Cc1ccc(-c2ccc(-c3nc4ccccc4c(=O)[nH]3)cc2)cc1,13.73
Cc1cccc(NC(=O)CSc2ncc3c(n2)-c2ccc(Cl)cc2N(C(C)(C)C)S3(=O)=O)c1,27.59
N#Cc1ccc(Oc2ccc(C#CC3(C(N)=O)c4ccccc4-c4ccccc43)cc2)cc1,34.16
CC1=NC2(NC1=N)c1cc(-c3cncc(C#N)c3)ccc1CC21CCC(OC(F)F)CC1,21.11
C=c1c(C#N)c(O)n(CCCCCCC#N)c(=O)c1=Cc1ccc(OC)cc1,33.16
N#Cc1ncc(C(c2ccc(Cl)cc2)c2cccc(C(F)(F)F)c2)cn1,24.25
ON=C(O)C=Cc1ccc(C=NCc2ccc3c(c2)OCO3)nc1,20.79
N#Cc1ccc(-c2ccc(-c3cc(-c4ccc(F)nc4)nc(-c4ccc(C#N)cc4)n3)cn2)cc1,15.89
N#Cc1ccc(NC(=O)c2cc(N)c(O)cc2N=Cc2ccc(-c3nc(-c4ccc(C=Nc5cc(O)c(N)cc5O)cc4)nc(-c4ccc(C(=N)N)cc4)n3)cc2)cc1,11.37
C=C(c1ccc(C)cc1)C1COC2(CCC(Nc3ccc(C#N)cc3)CC2)OO1,21.94
Cc1nc(=Nc2ccc(C3CCNCC3)cn2)nc(-c2cnc(N3CC4CC4C3)c(C#N)c2)[nH]1,32.75
COc1cc(C2C(C#N)N(C(=O)Nc3ccccc3)C2CO)ccc1-c1ccsc1,27.43
CONC(=O)c1cc(N2CCOc3cc(-c4ccc(C#N)c(F)c4)ccc32)nc2c1CCCN2,27.02
Cc1ccc(S(=O)(=O)N(Cc2ccc(F)cc2)c2oc(-c3ccco3)nc2C#N)cc1,26.62
N#Cc1ccc(-c2nc(-c3cncc(C#N)c3)nc(-c3cccs3)n2)cc1,12.43
N#Cc1ccc(-c2cc(-c3ccc(C#N)cc3)c[n+](CC(=O)c3ccc(-c4ccccc4)cc3)c2)cc1,20.97
Cc1cc(C#N)ccc1-c1ccc(-c2nc(Cl)nc(Cl)n2)cc1,13.01
CNc1c(C#N)nc(-c2ccc(C3CCCCC3)cc2)n1-c1ccc(F)cc1,23.5
Cc1cc(OCc2nc(-c3ccc(C#N)cc3)nc(-c3ccccn3)n2)ccc1OCC(=O)O,15.28
COc1cc(-c2ccc(-c3ccc(C#N)cn3)cc2)ccc1-c1nc(C)c(C)s1,23.91
N#Cc1cccc2c1CCN(C1CCC(n3nc(-c4ccncc4)cc(C#N)c3=O)CC1)C2,28.52
CN(CCN1c2ccccc2CCc2ccc(C(N)=O)cc21)CC(O)c1cc(O)cc(O)c1,45.19
N#Cc1cncc(-c2nc(-c3ccc(C#N)nc3)nc(-c3cnnc4cccnc34)n2)c1,20.87
N#Cc1ccc(-c2ccc(-c3cc(=NC(=O)c4cccc(C#N)c4)n(-c4ccccc4)[nH]3)cc2)cc1,16.43
O=c1c2ccccc2nc(COc2ccccc2)n1N=Cc1ccc(Cl)cc1,16.77
N#Cc1ccc(-c2nc(-c3ccc(C4(O)CCCC4)nc3)nc(-c3cncc(C#N)c3)n2)cc1,16.69
N#Cc1ccc(-c2ccc(-c3nc(C(=O)c4ccc(Cl)cc4)nc(-c4ccc(-c5ccc(C#N)cn5)cc4)n3)cc2)cc1,11.17
CN(C)C1CCC(N=c2nc[nH]c3ccc(-c4ccc(Cl)c(F)c4)cc23)CC1,26.07
N#Cc1cccc(-c2cc(-c3ccc(-c4nc(Cl)nc(Cl)n4)cc3)cc(-c3ccc(-c4nc(Cl)nc(Cl)n4)cn3)c2)c1,15.12
O=C(N=c1[nH]cccc1C(=O)O)c1ccc(-c2ccc(-c3cc(-c4ccc(-c5nc(Cl)nc(Cl)n5)cc4)cc(-c4ccc(-c5nc(Cl)nc(Cl)n5)cc4)n3)cc2)nc1,17.73
CCCn1c(CSc2nc3ccc(Cl)cc3o2)nnc1-c1ccccc1,32.93
O=C(N=c1nc(-c2ccccc2)cc(-c2ccccn2)[nH]1)c1ccccc1,20.25
Cc1nc(-c2ccc(-c3ccc(C#N)cc3)cc2)nc(-c2ccc(-c3ccc(C#N)cc3)cc2)c1C#N,13.06
N#CC1CC(F)CN1C(=O)C1=CC(c2csc3ccc(F)cc23)CC(OCc2ccc(CO)cc2)O1,34.35
c1cc(-c2cc[n+](-c3cc(-c4ccncc4)nc(-[n+]4ccc(-c5ccncc5)cc4)n3)cc2)ccn1,10.95
COc1cccn2c(-c3ccc(-c4ccc(C(=O)NCCO)cc4)c(Cl)c3)nc(-c3ccc(C#N)cc3)c12,27.96
C#CCC(C(=O)Nc1ccc(C#N)c(C(F)(F)F)c1)n1cc(F)nn1,29.29
CCCCn1c(C=Cc2ccc(C(C)(C)C)cc2)nc2cc(Cl)c(Cl)cc21,25.11
Cc1ccc(Cc2noc(CN3CCCCC(NC(=O)C(CC(C)C)=NC(=O)CCc4c(F)c(F)c(F)c(F)c4F)C3=O)n2)cc1,33.38
N#CC(C#N)=Cc1ccc(F)c(F)c1,16.52
CSc1ccc(S(=O)(=O)CC2CC(N)CCC2NC(=O)CNC(=O)c2ccc(F)cc2)cc1,25.49
CC(C)c1cc(-c2ccc(C#N)cc2)nc(-c2ccc(C3CC3)cc2)n1,15.41
N#Cc1ccc(CCC(=O)O)cc1,18.92
N#CN=C(NCCCNCc1ccc(Cl)c(Cl)c1)Nc1ccc(Cl)cc1,24.6
N#Cc1cncc(-c2ncc(C#N)cc2-c2ccnc(C#N)c2)c1,17.28
N#Cc1ccc(C(=NO)N2CCSCC2)cc1,17.27
O=C(c1ccc(-c2ccccc2)cc1)N1CCN(c2ccc(-c3nc(Cl)nc(Cl)n3)cn2)CC1,15.65
O=C(c1cnn2cccnc12)N1CCN(c2cccc(C(F)(F)F)c2)CC1,21.33
N#CNC(=O)C1CCCCC1=NC(=O)C=Cc1ccn2nc(-c3cc(F)c(C#N)c(F)c3F)nc2c1,41.84
CC1=NN(C=S)NCCN1c1ccc(N2CC(CNC(=O)c3cc(C)ccc3O)OC2=O)cc1F,40.73
COc1cc(-c2ncnc3ccc(-c4ccc(S(C)(=O)=O)cc4)cc23)ccc1C#N,23.58
CC(=O)c1ccc(-c2nc(N3CCN(CC=Cc4ccccc4)CC3)ccc2NC(=O)c2ccncc2)cc1,33.66
Cc1ccc(C#N)cc1-n1nc(C#N)nc1C,18.21
N#Cc1ccc(N=c2nc3c(c[nH]2)Cc2c-3ccnc2Cc2ccc(F)cc2)cc1,32.81
N#Cc1ccc(-c2ccc(-c3nc(-c4ccc(C#N)cc4)nc(-c4ccc(C=CC(=O)O)cc4)n3)cc2)cc1,15.75
CC1(C)CCC(C)(C)c2cc(Cc3cccc(-c4ccc5ccccc5c4)n3)ccc21,23.94
N#Cc1ccc(-c2nc(-c3cccnc3)cc(-c3cccc(C#N)c3)n2)cc1,13.49
CN=c1[nH]c(=Nc2ccc(C3CNCCO3)cc2)[nH]cc1C#N,19.47
N#Cc1ccc(-c2ccc(-c3nc(-c4ccc(-c5ccc(C#N)cn5)c(F)c4)nc(-c4ccc(Cl)cc4Cl)n3)cc2)cc1,14.72
N#Cc1ccc(-c2ccc(-c3nc(C(=O)OCC4CCCCC4)cc(-c4ccc(-c5ccc(C#N)cn5)cc4)n3)cc2)cc1,14.2
N#Cc1ccc(-c2ncc(C#N)cc2-c2ccc(F)nc2)cc1,13.28
CN(C)c1nc(F)nc(-n2cc(-c3ccc(C#N)nc3)cn2)n1,26.49
Cc1nc(-c2cnc(=N)[nH]c2)cn2c(-c3cncc(C#N)c3)nnc12,18.26
N#Cc1ccc(N=Cc2c(O)[nH]c(=O)n(-c3ccc(C#N)c(C(F)(F)F)c3)c2=O)cc1,20.78
Cc1c(-c2ccc(-c3ccc(C#N)cc3)cc2)nc(-c2ccc(C(F)(F)F)cc2)nc1-c1cc2ccc(C#N)cc2o1,32.23
O=Cc1cn(-c2ccccc2Br)c(=O)[nH]c1=O,26.17
N#Cc1ccc(C(c2ccccc2)c2ccn(Cc3ccc(-c4ccccc4-c4nn[nH]n4)cc3)c(=O)c2)cc1,29.33
Cc1cc(=NCc2ccc(-c3ccc(C#N)cc3)cc2)ccc(-c2cc(C#N)c(-c3ccc(C#N)cc3)nc2C)n1,23.29
N#Cc1ccc(-c2ncc(-c3ccc(F)c(F)c3)c(-c3ccc(F)cc3)n2)cc1,17.85
CC1(C)C(=O)Nc2c(-c3ccc(F)cc3)nc(-c3ccc(C#N)cc3)nc21,15.7
N#Cc1cc(C#N)c2nc(-c3ccncc3)[nH]c(=NCc3ccccc3)c2c1,18.95
Cc1ccc(CNC(=O)c2n[nH]n(CCc3ccc(-c4ccc(C#N)cc4)nc3)c2=N)cc1,23.65
N#Cc1cc(C(N)=O)nc(-c2ccc(Oc3ccc(C#N)c(C#N)c3)cc2)n1,16.05
CN=c1nc2ccc(-c3cc(C(=O)Nc4cccc(C(F)(F)F)c4)ccc3C)cc2c[nH]1,25.02
N#Cc1cccc(-c2ccc(-c3cc(C#N)nc(Nc4cc(C#N)nc(Nc5ccc6c(c5)C(=O)c5ccc(N)cc5C6=O)n4)n3)cc2)c1,20.81
CC(=NO)c1ccc(C=Nc2ccc(S(N)(=O)=O)cc2)cn1,30.01
Cc1cnc(-c2ccc(C#N)cc2)nc1-c1ccc(-c2cnc(CO)s2)nc1,26.95
CCCCn1c(-c2ccc(NS(=O)(=O)c3ccccc3)cc2)csc1=Nc1ccc(-c2noc(CC3CCCN3C(=N)N)n2)cc1,33.66
Cn1nc(-c2cc(F)c(F)cc2F)nc1-c1cccc(-c2ccc(C#N)cc2)c1,21.48
CCC(C#Cc1ccc(NCc2ccc(-c3nccc(F)n3)c(C(=O)O)c2)cc1)(CC)c1cccc(C(=CCCCC(=O)O)c2ccc(C#N)c(-c3ccccc3C)c2)c1,67.62
O=C(N=C1NC2CCCCC2S1)c1ccccc1,22.09
N#Cc1ccc(-c2ccc(-c3nc(-c4ccc(C#N)cc4F)ns3)cc2)cc1,18.63
COCc1cc(-c2ccccc2C#N)nc(-c2ccc(C#N)cc2)n1,10.98
COc1c(C#N)cccc1CN(C)C(=O)c1ccccn1,23.1
CCOc1ccc(C(=O)NN2C(=O)NC3(CCCc4ccccc43)C2=O)cc1,26.23
N#Cc1ccc(-c2nc(-c3ccc4c(c3)OCO4)cc(=NCCSCc3ccccc3)[nH]2)cc1,25.93
Cc1c[n+](C2=C(C=CC#N)CC=CC2=O)ccc1C=NO,30.95
N#Cc1c(F)cccc1N=CN1CCN(C=O)CC1,15.19
N#Cc1ccc(-c2ccc(-c3cc(C(F)(F)F)nc(-c4ccc(-c5cccc(F)c5)cc4)n3)cn2)nc1,12.36
N#Cc1ccc(-c2c(C(=O)c3ccccc3)c(O)c(O)n2Cc2ccco2)cc1,16.36
CC(Nc1ccc([N+](=O)[O-])cc1C#N)c1ccnc(-c2ccc(C#N)cc2)n1,24.43
COC(=O)c1c(N=CCCNCc2cccc(C#N)c2)ccc(OC)c1O,38.46
N#CC(C#N)=C(C#N)c1ccccc1C#N,16.74
Nc1ccc(-c2cnc(C(=O)Nc3ccc4c(c3)C(=O)c3ccc(N)cc3C4=O)cn2)cc1,23.79
Cc1nc(=NS(=O)(=O)c2ccc(NC(=O)c3ccc(N4CCOCC4)c([N+](=O)[O-])c3)cc2)c(C)c[nH]1,30.97
CSCC(=O)C(CC(O)=NO)NC(=O)c1ccccc1NC(=O)C=Cc1ccccc1,33.64
COc1cc(-c2nc(-c3ccc(-c4ccc(C#N)cc4)cc3)nc(-c3ccc(-c4ccc(C#N)cc4)cc3)n2)cc(OC)c1OC,13.11
Clc1nc(Cl)nc(-c2ccc(-c3csc(Cl)n3)cc2)n1,17.51
N#Cc1cc(=NC2CCN(C(=O)c3nccc4ccccc34)CC2)[nH]c2ccn(-c3cccc(F)c3)c12,42.62
CC1(C)CCC(n2cnc3c(=Nc4ccc(F)c(C#N)c4)[nH]c(=N)[nH]c32)CC1,27.43
O=C(C=Cc1coc2ccccc2c1=O)NCC(F)(F)F,24.75
N#Cc1ccc(-c2nc(C(=O)O)cc(-c3ccc(-c4ccc(Cn5c(Cl)nc6ccccc65)c(C(=O)O)c4)cc3)n2)cc1,27.81
O=C(N1CCOCC1)N1CCC(c2ccc(Br)cc2)(S(=O)(=O)c2ccc(Cl)cc2Cl)CC1,35.87
CCCc1cn2c(=O)c(=Cc3cccnc3)sc2n1,22.34
N#Cc1ccc(CNC(=O)CC2CN(C(=O)c3cncc(C#N)c3)c3ccccc3NC2=O)cc1,34.27
N#Cc1ccc(COc2ccc(-c3ccnc(-c4ccc(-c5ccc(C#N)cc5)cc4)n3)cc2)cc1,19.21
CC(=NC(=O)Oc1cccnc1)c1nc(-c2cncc(C(C)(C)C#N)c2)cs1,36.69
CN(C)CCCNC(=O)Cn1c2ccccc2c2ccccc21,23.23
COc1cc2c(cc1Cl)C(=O)N(CCC[N+](C)(C)Cc1ccc(C#N)cc1)CC2,30.56
CCC(CC)COCc1ccc(-c2cc(C)cc(=Nc3nccc(C(F)(F)F)n3)[nH]2)cn1,32.99
N#Cc1ccc(-c2nc(-c3cc(F)cc(F)c3C#N)nc(C3CC3)n2)cc1,17.1
N#Cc1ccccc1N=c1[nH]c(=Nc2ccc(-c3cccnc3)cn2)[nH]c2ccc3ccccc3c12,39.97
N#Cc1ccc(-c2ccc(-c3nc(C(=O)NC4CCOC4)cc(-c4ccc(-c5ccc(C#N)cn5)cc4)n3)cc2)cc1,11.54
Nc1cc(O)c(N=Cc2ccc(-c3ccc(C=NNc4ccc(Cl)c(Cl)c4)cc3)cc2)cc1O,23.03
N#Cc1ccc(-c2ccc(-c3nc(-c4ccc(-c5ccc(C#N)cc5)cc4)nc(-c4ccc(-c5ccc(C(=O)N6CCCC6)cc5)cc4)n3)cc2)cc1,14.29
FCCNCc1cccc(-c2ccc3ncc(-c4ccncc4)nc3c2)c1,27.18
N#Cc1ccc(-c2ccc(-c3nc(COc4ccc(F)cc4)nc(-c4ccc(-c5ccc(C#N)cn5)nc4)n3)cn2)nc1,11.28
N#Cc1cc(F)nc(-c2cc(C(=O)N=c3nn[nH][nH]3)nc(-c3ccccc3C#N)n2)c1,25.28
N#Cc1ccc(Oc2ccc(-[n+]3cc([O-])on3)cc2)cc1,18.34
O=C1c2ccccc2C(Cc2ccncc2)(c2ccccc2)N1CCCF,27.39
O=C(c1ccc2ncccc2c1)N1CCC(N2Cc3ccccc3C2=O)CC1,25.22
CN1CCC(CCCCNC(=O)c2cc(-c3ccc(-c4ccc(C#N)cn4)cc3)nc(-c3ccc(-c4ccc(C#N)cc4)cc3)n2)CC1,14.12
Cc1cc(=O)n(-c2cccc(C#N)c2)[nH]1,19.55
N#Cc1ccc(-c2nc(=NC(=O)c3ccc(F)cc3)cc(-c3ccc(Cl)cc3)[nH]2)cc1,18.27
Cn1sc(=O)n(-c2ccccc2)c1=O,16.64
O=C(C=Cc1nn(Cc2ccc3c(c2)C(=O)c2ccccc2C3=O)c2ccccc12)NS(=O)(=O)c1cccs1,33.33
N#Cc1ccc(C(=O)Nc2ccc(-c3nc(-c4ccc(C#N)cc4)nc(-c4ccc(-c5ccc(C#N)cc5)cc4)n3)cc2)cc1,16.52
COc1ccc(C(=O)CSc2nc(=O)n(C3CC(N=[N+]=[N-])CO3)c3ccc(Cl)cc23)cc1,35.03
N#Cc1ccc(N=c2nc(C(NC3CC3)c3ccc(C#N)cc3)nc(C3CC3)[nH]2)cc1,21.21
N#Cc1ccc(-c2ccc(CNc3cc(=O)oc4ccc(Cl)cc34)cc2)cc1,22.18
COc1cccc(-c2nc(C(=O)NC(CC(=O)O)c3ccccc3Cl)ccc2Cl)c1F,28.21
C#CCOc1cc(C=C2SC(=Nc3cccc(-n4cc(-c5ccc(-n6cnc(C)c6)c(OC)c5)nn4)c3)NC2=O)ccc1-c1ccc(C#N)cc1C,41.87
N#Cc1c(O)ccc2c1C(=O)c1ccc(NCc3ccccc3)cc1C2=O,16.92
N#Cc1ccc(-c2c(-c3cncc4[nH]c(-c5cccc(C#N)c5)cc34)[nH]c(=O)c(C#N)c2Br)cc1,32.88
N#Cc1ccc(C(=O)Nc2ccc3c(c2)OCCO3)cc1,17.2
N#Cc1ccc(-c2nc(-c3cccc(F)c3)cc(-c3cccc(C#N)n3)n2)cc1,12.37
N#Cc1ccc(-c2nc(-c3ccc(C#N)cc3)nc(-c3ccc(N)c(C#N)c3)n2)cc1,16.07
COCCN=c1cc(-c2ccc3ncc(-c4ncnc(OC)n4)n3c2)[nH]c(C)n1,31.56
N#CCc1ccc(N(C(=O)c2cnccn2)C(C(=O)NCc2cccs2)c2ccncc2)cc1,35.43
N#Cc1c[nH]c(=Nc2ccc(Cl)cc2C(N)=O)cc1C(F)(F)F,32.59
N#CC(=Cc1ccccc1)c1ccc(Cl)c(Cl)c1,16.06
N#Cc1cncc(-c2nc(-c3ccncc3)nc(-c3ccc(C#N)nc3)n2)c1,12.09
Cc1nc(-c2c(CC3CC3)nc(-c3ccc(C#N)cc3)nc2-c2ccc(C#N)cc2)nc(=O)[nH]1,18.78
CCc1cc(-c2nc(-c3cccc(Cl)c3)nc(N3CCN(C4CC4)CC3)n2)ccc1C(=O)NS(C)(=O)=O,32.84
CCCc1cc(=O)[nH]c(-c2nccc3c2[nH]c2ccccc23)n1,25.45
O=c1cnn(-c2ccc(Sc3ccc(Cl)cc3)cc2)c(=O)[nH]1,22.92
Cc1cc(-c2nc(C#N)nn2C(C)C)cc(C2CCC(C(=O)OCCO)CC2)n1,20.89
Cc1cc(Cl)c(S(=O)(=O)Nc2ccccc2Cl)cc1OCC(N)=O,24.16
Cc1ccc(NC(=O)c2ccc(-c3ccc(C#N)cc3)cc2)cc1N1CCN(C)CC1,22.29
Cn1cc(CC#N)c2c(=Nc3ccc4ccccc4c3)nc[nH]c21,30.96
N#Cc1ccc(-c2ccc(-c3nc(-c4ccc(-c5ccccc5)cc4)nc(-c4ccc(-c5ccc(C#N)cn5)nc4)n3)cc2)cc1,12.66
COCCOc1cc(N=c2cc(C3CC3)[nH][nH]2)[nH]c(=Nc2ccc(C#N)cc2)n1,21.66
Cc1c(CO)cc(-c2cccc(-c3cc(-c4ccc(C#N)cc4)nc(-c4ccc(C#N)cc4)n3)c2)nc1C#N,31.91
C=CC(F)(F)Cc1ccc2c(c1)-c1ccccc1C2(O)C(F)(F)F,32.89
N#Cc1ccc(-c2ccc(-c3nc(-c4ccc(C#N)cc4)cc(=Nc4ccccc4F)[nH]3)cc2)cc1,22.52
CNC(=O)c1cn(-c2nc[nH]c(=Nc3ccc4[nH]c(-c5cc(F)cc(C#N)c5)cc4c3)n2)cc1C,35.2
N#Cc1ccc(-c2ccc(CNCc3cccc(-c4cccc(-c5nc(N6CCOCC6)c6ccccc6n5)c4)c3)cc2)cc1,16.0
N#Cc1ccc(N=c2nc(F)c(C#N)c[nH]2)cc1,12.7
N#Cc1ccc(-c2ccc(-c3nc(-c4ccc(C#N)cc4)nc(-c4ccc(-c5ccc(C=O)cc5)cc4)n3)cc2)cc1,14.15
N#Cc1ccc(-c2cc(C(C#N)c3ccccc3)nc(-c3ccc(C#N)cc3)n2)cc1,17.78
N#Cc1cccc(-c2ccc(-c3nc(-c4cccs4)sc3-c3ccc(-c4ccc5[nH]c(=N)n(CCn6ccnc6)c5c4)cc3)cc2)n1,43.66
N#Cc1cncc(-c2cc3ccnn3c(-c3cccc(C#N)c3)n2)c1,16.58
N#Cc1ccc(-c2nc(-c3cncc(C#N)c3)nc(-c3ccc(Cl)c(Cl)c3)n2)cc1,12.01
COc1ccc(OCc2ccc(CCC(=O)O)c(C(=O)NC(CC(=O)O)c3ccc(Cl)cc3Cl)c2)cc1,35.84
N#Cc1ccc(CN=c2ccn(Cc3ccc(-c4ccc(C#N)cc4)cc3)c3ccc(-c4ccc(C#N)nc4)cc23)cc1,30.03
Cc1ccc(-c2cc(N=c3scc(O)n3Cc3ccco3)c(=O)n(-c3ccccc3)c2)cc1,26.4
N#Cc1cncc(-c2nc(-c3cncc(C#N)c3)nc(-c3ccc(-c4ccc(C5(C#N)CC5)cc4)c(F)c3)n2)c1,15.4
C=C(C)C(=O)Nc1cccc(-c2nc(C#N)nc(=Nc3ccc4ccccc4c3)[nH]2)c1,29.62
N#Cc1ccc(C(=O)NN=Cc2ccccn2)cc1,15.43
N#CC=Cc1nc(C#N)ccc1Cc1ccccc1,14.68
N#Cc1cncc(CC(=O)Nc2cc(Cl)c(Cl)c(Cl)c2)c1,24.17
CCCCCCCNCC(c1ccccc1)c1ccccc1,21.3
C#CCNC(=O)c1cn(-c2cccc(C#N)c2)c(=O)c2ccccc12,20.62
Cc1nc(-c2ccc(-n3c(O)c(O)c(C(=O)CC(C)C)c3-c3ccc(-c4ccc(C#N)cc4)cc3)cc2)cs1,16.27
Nc1cc(O)c(N=Cc2cccc(Cl)c2)cc1O,10.39
COc1ccc(N=Cc2sc(=S)n(CCC#N)c2O)cc1,23.1
CCOC(=O)Cc1n[nH]c(=NS(=O)(=O)c2ccccc2)o1,24.32
N#Cc1ccc(NCc2nc3cc(C(=O)N(CCC(=O)O)c4cccc(C#N)c4)ccc3n2CCN)cc1,30.52
N#Cc1ccc(-c2nc(-c3cc(F)cc(C#N)c3)sc2-c2ccc(C#N)cc2)cc1,15.59
COCCN(CC(O)CO)c1ccc(C=NNC(=O)c2ccncc2)c(C)c1,34.27
CC1(C)OC(=O)C(C=Nc2ccccc2)C(=O)O1,16.8
CCCC1(CCCC(=O)O)COc2cc(-c3ccc(-c4cccc(O)c4)cc3)ccc2O1,33.09
CCN(C)c1nc(C)nc2c1CCN(C(=O)C1CCOCC1)C2,30.79
COc1ccc(C=CC(=O)OCCCCCc2nnn(C3CC4CCC(C3)N4)n2)cc1O,45.21
N#Cc1ccc(-c2ccc(-c3ncc(-c4ccccc4)c(-c4ccc(C#N)cc4)n3)cc2)cc1,12.17
N#Cc1ccc(N2Cc3ccccc3C2=O)nc1,18.32
O=C(N=c1nn[nH][nH]1)c1ccc(CN2CCc3cc(OCC4CC4(F)F)ccc3C2)cc1,24.92
N#Cc1ccc(-c2cc(-c3ccco3)nc(-c3ccc(C#N)cc3)n2)cc1,12.66
N#Cc1ccc(-c2ccc(-c3cc(C(F)(F)F)nc(-c4ccc(-c5ccccc5)cc4)n3)cc2F)nc1,15.76
CC(C)(C#N)c1cc(-c2ccc(-c3ncc(C#N)cn3)nc2)nc(-c2ccc(Cl)c(Cl)c2)n1,19.73
N#Cc1cncc(-c2cc(C#Cc3cnc(C#N)nc3)cc(OC(C#N)CF)c2)c1,28.04
N#Cc1ccc(-c2ccc(-c3nc(-c4ccc(-c5ccc(C(F)(F)F)nc5)cc4)nc(-c4ccc(-c5ccc(C(N)=O)cn5)nc4)n3)cc2)nc1,22.97
COC(=O)c1ccc(-c2cc(-c3ccc(F)cc3)[nH]c(=N)c2C#N)cc1,21.11
Oc1cc(O)n(Cc2cccc(F)c2)c1,25.96
N#Cc1ccc(-c2ccc(-c3cn4cc(C#N)ccc4n3)cc2)cc1,15.53
N#Cc1cc(Cl)cc(C(=O)N2CCC(CCCN3CC4CCN(C4)C3)(c3ccc(Cl)c(Cl)c3)CC2)c1,35.29
CC(=O)c1ccc(NN=CC=Cc2ccco2)cc1,20.8
C=CCn1nc(C#N)nc1-c1ccnc(-c2ccc(C#N)cc2)n1,21.16
Cc1oc(-c2ccc(C(=O)NCCc3cc(-c4ccncc4)nc4ccc(F)cc34)cc2)nc1C(=O)O,34.0
Cc1ncc(-c2nc(-c3nc(C#N)c[nH]3)nc(CC#N)c2C(=O)NCc2ccc(C#N)cc2)cc1Cl,34.2
N=c1nc(-c2ccc(-c3ncn4c(-c5cccc(Cl)c5)cnc(N=c5cccc(C(F)(F)F)[nH]5)c34)cc2)cc[nH]1,32.64
O=C(NCCOC(=O)C(F)(F)F)c1cc(=NC(=O)c2cc(-c3ccc(F)cn3)ccc2Cl)n(-c2ccccc2)[nH]1,28.01
CCCCN(CC)C(=O)CCn1c(=O)c2ccccc2n(Cc2cccc(Cl)c2)c1=O,31.07
COc1cc(C#N)cc(-c2ccc(-c3nc(N4CCN(C)CC4)c4ccccc4n3)cc2)c1,20.46
Cc1cc(=Nc2ccc(N=C(C#N)c3ccc(C#N)cc3)c(O)c2)nc(-c2ccccn2)[nH]1,29.6
CC=C(c1ccc(Cl)cc1)c1c(C)[nH]c(=S)n(-c2ccccc2)c1=O,31.41
N#Cc1ccc(-c2nc(-c3ccc(C#N)cc3)nc(-c3ccc(CCCO)c(C#N)c3)n2)cc1,13.93
Cc1cc(OCCC(=O)NCCc2ccc(F)cc2)no1,32.68
Cc1ccc(-c2nnc(-c3ccc(C=Nc4ccc(C#N)cc4)cc3)o2)cc1,22.56
Cc1ccc(C=C(C#N)C2=CC(=C(C#N)C#N)C=CN2C)cc1[N+](=O)[O-],27.62
O=C(O)c1ccc(CN=Cc2ccc(C=Nc3ccc(O)cc3)cc2)cc1,22.58
COc1nc(CN2CCn3cccc3C2C)ccc1-n1cnc(C)c1,24.72
CC(C)N(CCC(O)c1ccc2c(c1)C(=O)c1cc(C#N)ccc1CO2)C(C)C,26.28
N#Cc1ccc(-c2nc(COc3ccc(-c4cccc(C#N)c4)cc3F)nc(-c3ccc(C#N)cc3)n2)cc1,12.27
C=C[n+]1ccc(-c2cc[n+](-c3ccccn3)cc2)cc1,14.87
C[n+]1cccc2ccc3ccccc3c21,16.43
COc1ccc(-c2ccc(C(=O)Nc3cc(F)c(-c4ccc(C#N)cn4)cc3C#N)cn2)nc1,27.67
N#Cc1c2ccccc2c(-c2nc(-c3ccsc3)nc(-c3ccc4c(c3)OCO4)n2)c2ccccc12,20.32
CC1=NC(=O)NC(c2ccc(C)cc2O)C1C(=O)Nc1ccc2c(c1)OCCO2,28.06
CC(C)(C)N(C(=O)CSC(=S)N1CCCC1)c1c(N)n(Cc2ccccc2)c(=O)[nH]c1=O,29.28
Cn1cc(-c2ccc(-c3ccc(-c4nc(Cl)nc(Cl)n4)cc3)cn2)nc1C=NC#N,16.46
O=c1c(-c2ccc(Cl)cc2)c(-c2ccc(F)c(F)c2)c(-c2ccc(Cl)cc2)nn1Cc1ccccc1F,32.45
N=C(N)c1cccc(OC(C(=O)O)c2ccc(C#CC#Cc3cccc(C(N)=NO)c3)cc2)c1F,41.17
ON=Cc1cc[n+](-c2cc(-[n+]3ccc(-c4ccncc4)cc3)nc(-[n+]3ccc(-c4ccncc4)cc3)n2)cc1,14.82
CCCc1nn2c(=O)c3ccccc3nc2nc1C,25.85
N#Cc1ccc(C(=O)C2CCN(CCC=C(c3ccccc3)c3ccccc3)CC2)cc1,21.56
C=C1C[S+]([O-])CC1CCC,24.74
Fc1ccc2[nH]c(-c3cccc(-c4ccc(-c5nc(Cl)nc(Cl)n5)cc4)c3)nc2c1,19.03
N#Cc1ccc2c(Cc3ccc(F)cc3)nc(-c3c(F)c(F)c(-c4ccc(C#N)nc4)c(F)c3F)nc2c1,30.68
COc1cc2ccc(-c3cc4ccccc4c(N4CCCN(C)CC4)n3)cc2cc1OC,30.69
N#Cc1ccc(-c2ccc(-c3nc(-c4ccncc4)no3)cc2)cc1,13.46
Cc1cc(C#N)ccc1-c1ccc(-c2nc(-c3ccc(C#N)cc3)nc(-c3ccc(-c4cc(C(=O)Nc5ccccc5)ccc4C)cc3)n2)cc1,29.35
Cc1ccccc1NC(=O)CN1C(=O)NC(Cc2ccccc2)C1=O,22.51
N#Cc1ccc(C#N)nc1,9.04
N#Cc1ccc(-c2nc(-c3ccc(C#N)cc3)nc(-c3c[nH]c4ccc(F)cc34)n2)cc1,12.82
Cc1c(CCC(=O)NCc2cccnc2)c(=O)oc2c(C)c(O)ccc12,26.07
CC(C)(C)CCNC(=O)Cc1n[nH]c(=NC(=O)c2cc(-c3ccc(N=CN4CCN(C=O)CC4)cc3)nc(-c3cccc(-c4cccc(C#N)c4)c3)n2)s1,39.3
N#Cc1cccc(CCN2CCC=C(CCC(O)=NO)C2=O)c1,19.8
Cc1nc(-c2ccc(C#N)cc2)nc(C2CC2c2cc(-c3ccc(C#N)cc3)nc(-c3cncc(C#N)c3)n2)n1,17.49
N#Cc1ccc(N=c2[nH]c(N=c3ccc(C#N)c[nH]3)nc(=NN=Cc3ccc(Cl)cc3Cl)[nH]2)cc1,21.39
CN1CCN(c2ccc(-c3cc4ncc(-c5cccc(C#N)c5)cn4n3)cc2)CC1,21.66
N#Cc1cccc(-c2ccc3c(c2)ncn3-c2nc(-n3nccc3C#N)ccc2C#N)n1,29.11
N#CCC(N=Cc1nc(=S)c(-c2ccccc2)c[nH]1)=Nc1ccc(-c2ccc(C#N)cc2)cc1,26.67
N#Cc1ccc(NC(=O)c2ccc(-c3ccc(-c4nncc(C(F)(F)F)n4)nc3)cc2)cc1,17.47
Cc1ccc(Cc2nn3cc(-c4ccc(C=NNC(=O)c5ccc(-c6nc(-c7ccc(C#N)cc7)nc7ccccc67)nc5)cc4)nc3s2)cc1,31.85
N#Cc1ccc(-c2ccc(Cc3nc(-c4ccc(C#N)cc4)nc(-c4ccccn4)n3)cc2)cc1,15.28
Cn1c(SCC(=O)N2CCCc3cc(C#N)ccc32)nnc1-c1cccs1,27.69
N#Cc1ccccc1CS(=O)(=O)c1ccc(Cl)cc1,20.26
CC(N=c1[nH]c(=N)[nH]c(N)c1C#N)c1nc2ccccc2c(=O)n1-c1ccccc1,17.95
N#Cc1cccc(-c2ccc(-c3ccc(-n4cccn4)nc3)cn2)n1,18.66
COc1ccc(Br)cc1C#CC(=O)N=c1cc(N)nc(C#N)[nH]1,30.14
Cc1ccc(Cc2c(Cl)nc(C=CC#N)nc2Cl)cc1,22.1
Cc1ccc(CN(C)Cc2c(O)cc(O)c3c(=O)cc(-c4ccc(N(C)C)cc4)oc23)cn1,34.34
Cc1nc(C)n(-c2cncc(Nc3ccc(-c4ccnc(CNC(=O)OCc5ccccn5)c4)c(C(F)(F)F)c3)n2)n1,43.57
N#Cc1ccc(-c2cc3nc(-c4cncc(C#N)c4)ccc(=NCc4cccc(CO)n4)n3n2)cc1,26.84
CC(N=c1nc(-c2sc(-c3ccccc3)nc2CO)cc[nH]1)c1ccccc1,23.48
Cc1cc(-c2cc(-c3ccc(-c4nc(Cl)nc(Cl)n4)cc3)cc(-c3ccc(-c4nc(Cl)nc(Cl)n4)cc3)c2)ccc1-c1nc(Cl)nc(Cl)n1,12.97
COc1ccc(NC(=O)c2cc(-c3cccc(-c4ccc(C#N)cc4)c3)nc3ccccc23)cc1,20.89
N#Cc1ccc(-c2cc(C#N)cc(C(=O)Nc3cncc(C(=O)NCc4ccc(F)cc4)c3)n2)cc1,28.28
N#Cc1ccc(-c2nnc(Cl)c(-c3ccc(C#N)cc3)n2)cc1,17.79
N#Cc1ccc(-c2ccc(-c3nc(-c4ccc(-c5ccc(C#N)cc5)cc4)n(-c4ccccn4)n3)cc2)cc1,14.48
CN(C)S(=O)(=O)c1ccc2c(c1)N(CC(=O)NCCN1CCCC1)C(=O)CS2,30.03
Cc1cc(-c2ccc(C=Nc3cc(O)c(N)cc3O)cn2)nc(-c2ccc(C=Nc3cc(O)c(N)cc3C(=O)NCCCCCCCCn3cc(C=NNC(=N)N4CCCCC4)c4ncccc43)cc2)n1,36.51
CC(=O)NC(C)Cc1ccc(C#Cc2c(Cl)ccc(C#N)c2Cl)nc1,26.73
N#Cc1ccc(-c2ccc(-c3nc(-c4ccc(-c5ccc(C#N)cn5)cc4)cc(C(O)CO)n3)cc2)cc1,9.84
Cc1c(C)[n+]([O-])c(-c2ccc(Cl)cc2)c(C#N)[n+]1[O-],21.11
O=C1c2ccccc2-c2c1c1ccccc1c(=O)n2CCCCl,19.14
CNc1c(C#N)cc(-c2ccc(C#N)nc2)c2oc3ccccc3c12,23.73
COc1ccc(Cc2ccc(-c3ccc(O)c(F)c3)cc2)cc1,20.37
N#Cc1ccc(-c2ccc(-c3nc(C#N)nc(N4CCCC(N)C4)n3)cc2)cc1,13.89
Cc1ccc(NC(=O)c2nc(-c3cccc4ccc(N)cc34)cc3cc(O)c(O)c(C=O)c23)cc1,38.59
CC(C)Nc1ccc(C=C(C#N)c2nc(-c3ccc(C#N)cc3)nc3ccccc23)nc1,32.21
C#Cc1ccc2c(c1)Sc1c(sc(NC(=O)c3ccccc3)c1C#N)C(=O)N2,29.24
N#Cc1ccc2nccc(-c3cn(-c4ccc(C(=O)O)c(O)c4)cc3C#N)c2c1,22.65
OCC(Cc1ccccc1)N=c1cc(-c2ccc(Cl)cc2)[nH]cn1,23.24
N#Cc1cccc(N2C(=O)N(Cc3ccc(F)cc3)CN(Cc3ccc(C(=O)O)cc3)C2=O)n1,36.73
N#Cc1ccc(-c2cc(-c3ccc(Cl)cc3)[nH]c(=N)c2C#N)cc1,15.58
COc1cccc(-c2cc(=NC(C)c3cccc(-c4cc(F)cc(C#N)c4)c3)nc(C)[nH]2)c1,23.63
O=C(c1ccc2c(c1)C(=O)N(Cc1ccc(Cl)cc1)C2=O)N1CCN(c2ccccc2)CC1,19.45
COC(=O)C(=Cc1nnc2ccccc2n1)C(=O)OC,28.47
CC1CCCC(NC(=O)COC(=O)c2ccc(Cl)nc2)C1C,26.95
N#Cc1ccc(-c2ccc(-c3nc(-c4ccc(-c5ccc(C#N)cc5)cc4)nc(-c4ccc5ccc(C#N)cc5c4)n3)cc2)cc1,14.1
N#Cc1ccc(-c2nc(-c3ccc(C#N)cc3)nc(C(C#N)c3ccc(C4=NCCO4)cc3)n2)cc1,24.3
N#Cc1ccc(Oc2nc(Cl)nc3ccccc23)cc1,20.15
Cn1cc[n+](C)c1-c1ccc(C=NNC(=O)C[n+]2ccccc2)cc1,22.13
C=CC=c1cccc(C(=O)c2ccc(C#N)cc2)c1=CN1CCN(CCO)CC1,30.23
N#Cc1ccc(-c2ccc(-c3nc(-c4ccc(C#N)cc4)nc(-c4ccc5ncccc5c4)n3)cc2)cc1,14.28
N#Cc1ccc(C=C2CN(Cc3ccccc3)CC(=Cc3ccc([N+](=O)[O-])cc3)C2=O)cc1,19.67
N#Cc1ccc(S(=O)(=O)Cc2cccc(C#N)c2)cc1,20.35
CCc1nc(-c2nc(-c3ccc(C#N)cc3)nc(-c3ccc(C#N)cc3)n2)c(C)nc1-c1ccc(F)cc1-c1cccnc1,22.8
COC1CCC(N=c2ccc(C(F)(F)F)c[nH]2)C(NC(=O)c2cccc(C#N)n2)C1,23.31
Cc1nc(-c2nc3cc(C(=O)NCCN(C)C)ccn3c2-c2cccc(-c3ccncc3)c2)ccc1F,29.83
CCOC(=O)c1ccc(NC(=O)Cc2c(O)n(-c3cccc(C)c3)c(=O)n2Cc2ccccc2)cc1,24.15
O=C1c2ccccc2N2CCCNCC12,24.86
N#Cc1ccc(-c2ccc(C(=O)Nc3cc(C#N)cc(C#N)c3)cc2C#N)cc1,21.62
COc1ccc(-c2ccc(N=Cc3ccc(OC)c(OC)c3)cc2OC)cc1,23.83
CC(C)Oc1nc(C#N)nc(-c2c(F)cc(-c3ccc(C#N)cc3)c(F)c2F)n1,22.57
COc1cc(-c2ncnc(C#N)n2)ccc1C(=O)N1CCN(c2ccc(C(=O)O)cc2)CC1,31.85
Cc1cc(N(C)CCCN2CC(C)CC(C)C2)c2cnc(N(C)C)nc2n1,37.2
CC(C)=CCN1CCCC1c1nc(-c2cccc(C#N)n2)nc(C2CCN(C(=O)C3CCN(C)C3)CC2)n1,43.46
CCN=c1nc2c(-c3cccc(C#N)c3)nn(CCCCc3ccccc3)c2n[nH]1,37.7
N#Cc1ccc(NC(=O)c2nccnc2C(=O)Nc2ccc(C(=N)N3CCCCC3)cc2)cc1C(F)(F)F,31.62
O=C(Nc1cccc(-c2ccc(-n3cnc4c(F)cccc43)nc2)c1)c1ccco1,32.35
CC(C)(C)c1cc(=NC(=O)Nc2ccc(OCCN3CCOCC3)c3c2N2CCCC2CC3=O)n(-c2ccccc2)[nH]1,35.06
Cn1cc(NC(=O)c2cc(NC(=O)c3cc(-c4ccc(C#N)cn4)nc(N4CCCC4)n3)cn2C)cc1C(=O)NCCN1CCOCC1,20.6
Cn1c(C#N)cc2c1C(=O)c1c-2n[nH]c1-c1ccccn1,23.64
CC(C)c1ccc2c(c1)CCC1C2CCCN1C(=O)NCc1ccccn1,28.24
N#Cc1ccc(-c2ccc(-c3cc(C(=O)NCCN4CCCCC4)nn3-c3ccc(F)cc3)cc2)cc1,18.97
Cc1cc(C)c(C)c(C=CC#N)n1,15.21
O=C1C(=Cc2ccc(C=Nc3ccc(F)c(Cl)c3)cc2)CCc2ccccc21,26.15
COc1ccc(-c2cc(-c3ccc(C#N)cc3)nc(-c3ccc(C#N)cc3)n2)cn1,18.45
N#Cc1ccc(-c2nc(-c3ccccc3)nc(-c3ccc(NC(=O)c4cccnc4)cc3)n2)cc1,15.81
N#CNC(=O)c1ccc(-c2ccc(-c3nc(-c4cncc(C#N)c4)nc(-c4cccc(C(F)(F)F)c4)n3)cc2)cn1,20.88
COc1cc(N=c2nc(-c3nc(C)nc(C#N)n3)nc(C)[nH]2)ccc1-n1cnc(C)c1,36.33
N#Cc1ccc(-c2nc(=O)c(-c3ccco3)c(N)[nH]2)cc1,20.08
N#Cc1cc(-c2cccc(C#CC3(CN4Cc5ccccc5C4=O)NC(=O)NC3=O)c2)cnc1C#N,27.24
N#Cc1cc(-c2ccc(F)cc2)nc(C(F)(F)F)c1OC(=O)c1cc(C2CCCN2)nc2ccccc12,42.39
N#Cc1ccc(-n2nc(C(F)(F)F)cc2C(=O)Nc2ccc(C(=N)N3CCCC3)cc2F)cc1,20.57
N#Cc1ccc(-c2nc(-c3ccco3)cc(C(F)(F)F)n2)cn1,23.6
COc1ccc(S(=O)(=O)c2ccc(-c3nc(-c4ccc(C#N)cc4)nc(-c4ccco4)n3)cc2)cc1,27.43
N#Cc1ccc(-c2ccc(-c3nc(-c4cccc(C#N)n4)nn3-c3ccc(F)cc3)cc2)cc1,15.17
N#Cc1ccc(-c2nc(-c3ccc(C=O)cc3)cc(-c3ccc(-c4cn(-c5ccc(S(N)(=O)=O)cc5)cn4)cc3)n2)cc1,23.22
N#CC=Cc1cccc(N2CCC(Oc3ccc(F)cn3)CC2)n1,22.03
N#Cc1ccc(-c2ccc(-c3nc(-c4ccc(-c5ccc(C#N)cn5)cc4)nc(C4CCCCN4)n3)cc2C#N)cc1,20.25
Cc1cc(C=Nc2ccc(C#N)cc2)ccc1C=Nc1cccc(Cl)c1,24.21
N#Cc1cccc(N=c2cccc(-c3cc[nH]c(=NC4CCC(N)CC4)c3)[nH]2)c1,20.24
N#Cc1ccc(-c2ccnc(-c3cc(C#N)cnc3-c3ccc(C#N)cc3)n2)cc1,11.44
CCCCn1nc(C)c(-c2ccc(OC)cc2)c1-c1ccc(F)cc1,26.36
N#Cc1ccc(-c2ccc(-c3nc(N4CC=Nc5ccc(Cl)cc54)nc(C(F)(F)F)n3)cc2)cc1,30.88
N=c1[nH]c(-c2ccc(Cc3ccccc3)cc2)cs1,19.88
O=C(N=c1ccc(-c2cc(C(F)(F)F)nc(=NCCc3ccc(F)cc3)[nH]2)c[nH]1)NCc1ccccn1,26.02
Cc1nc(-c2cccc(CN3C(=O)NC(=O)C34c3ccc(C#N)cc3CC43CCc4ccccc4C3)c2)no1,37.92
FC(F)(F)c1cccc(-c2nc(-c3ccncc3)c3ccccc3c2C=Cc2ccccn2)c1,33.09
Nc1ccc(N=Cc2ccc(-c3ccc(C=Nc4ccc(N=Nc5ccccc5C(=O)O)c(O)c4)cc3)cc2)c(O)c1,31.38
O=[N+]([O-])c1ccc(Cc2nc[nH]n2)cc1,21.33
CSc1ccc(S(=O)(=O)CC2CC(N3CCN(S(C)(=O)=O)CC3)C(=O)CC2NC(=O)CNC(=O)c2cccc(C(F)(F)F)c2F)cc1,35.65
O=C(c1cc(F)cc(F)c1)c1sc(N=c2cccc[nH]2)nc1-c1ccccc1,26.09
COc1ccc(Nc2nc(=Nc3ccc(C#N)cc3)[nH]c(=NN=Cc3cccc(C=NC4=CC(C)(C)N(O)C(C)(C)C4)c3)[nH]2)cc1,37.68
N#Cc1ccc(-c2ccc(-c3nc(-c4ccc(-c5ccc(C#N)cc5)cc4)nc(-c4cc(NC(=O)c5cccc(-c6ccc(F)cc6)n5)ccc4Cl)n3)cc2)cc1,24.75
COc1cc(C=C2SC(=Nc3ccccc3)NC2=O)ccc1O,16.39
CC(NS(=O)(=O)C(F)(F)F)c1ccc(S(=O)(=O)c2ccc3c(c2)Cc2ccccc2-3)cc1,30.9
Nc1ccc2c(c1)C(=O)c1ccc(Nc3nc(Nc4ccc5c(c4)C(=O)NC5=O)nc(Nc4ccc5c(c4)C(=O)c4ccc(N)cc4C5=O)n3)cc1C2=O,9.0
O=C(Nc1ccccc1)c1ccc2c(=NCCCCCCN=c3c4ccccc4[nH]c4ccc(Cl)cc34)c3ccccc3[nH]c2c1,34.96
N#CC=Cc1cccc([N+](=O)[O-])c1,16.83
CCN(CC)c1nc(N2CCOCC2)nc(N2CCOCC2)n1,14.8
CCc1nc2c(OCc3cccc(C#N)c3)cccn2c1N(C=O)CCC(C)C,22.41
N#Cc1ccc(-c2ccc(-c3nc(-c4ccccc4)nc(C(N)=O)c3N)cc2)cc1,17.82
N#CC=Cc1cccc(-c2nc(-c3cncc(C#N)c3)nc(-c3cncc(C#N)c3)n2)n1,12.77
N#Cc1ccc(C2=NN(c3ccc(-c4cccc(C#N)c4)nc3)CC2)cc1,24.0
N#Cc1ccc(-c2ccc(-c3cc(C(F)(F)F)nn3-c3cccc(C#N)c3)cc2)cc1,14.66
N#Cc1cc2ccc(C(c3ccc(Cl)cc3)c3ccc(Cl)cc3)cc2cn1,19.13
N#Cc1nc(-c2cccnc2-c2ccc(-c3ccnc(C4CC4)n3)c(F)c2)nc2c1CCn1c-2cc2ccccc21,35.0
COc1ccc(CCN(C)c2ccc(C#N)cn2)cc1OC,24.73
O=Cc1c(O)c(O)cc2cc(-c3ccccc3)[nH]c(=O)c12,22.53
N#Cc1ccc(-c2ccc(-c3ccc(-c4onc(C(=O)Oc5ccc(-c6nc7cc(C#N)ccc7[nH]6)cc5)c4Br)cc3)cc2)cc1,32.05
ON=C(O)CCCCCOc1ccc2[nH]cnc(=Nc3ccc(F)c(Cl)c3)c2c1,23.42
N#CC=Cc1cccc(Cc2ccc(C=CCO)c3cc(F)ccc23)c1,30.8
N#Cc1ccc(-c2cccc(C(=O)NCc3nn4ccccc4c3F)n2)cc1,30.25
N#Cc1ccc(N2CCN3CCCCC3C2)cc1,20.65
C=C(C)Cn1c(=O)c(C#N)cn(C)c1=O,19.66
N#Cc1cncc(-c2cc3cc(-c4nc(C#N)nc(C5CC5)n4)nc(-c4cccc(C#N)c4)n3n2)c1,27.06
Cc1ccc(C(OCCCc2ccccc2)(c2ccc(C#N)cc2)c2cccc(C=Cc3cc(C=Cc4ccc(C#N)cc4)[nH]c(=N)n3)c2)cc1,37.26
Nc1ccc2c(c1)C(=O)c1cc(Nc3cccc(NC(=O)c4ccc(C=CC(=O)O)cc4)c3)ccc1C2=O,19.04
S=c1cc[nH]c(-c2ccccc2)n1,12.97
Cc1cc(=NC(=O)c2ccc(C#N)cn2)[nH]n1Cc1cc(F)cc(N2CCNCC2)c1,26.93
CCOC(=O)c1cc(C(=O)C=Cc2ccc(O)c(OC)c2)ccc1C,25.18
CCCOc1nc(C#N)ccc1-c1ccc(-c2ncnc(C#N)n2)cc1C#N,21.5
N#CC=Cc1cccc(-c2ccncc2)c1,14.8
N=c1nc2cc(Nc3ncnc(Nc4ccc5c(c4)C(=O)c4ccc(N)cc4C5=O)n3)ccc2c(C=Cc2ccccn2)[nH]1,16.57
FC(F)(F)c1cccc(-c2no[n+](-c3ccccn3)n2)c1,23.1
N#Cc1ccc(Oc2ccc(-c3nc(Cl)nc(Cl)n3)cc2)cc1,11.94
N#Cc1ccc(-c2ccc(-c3nc(C(N)=O)c(-c4ccc(C#N)cc4)[nH]3)cc2)cc1,17.22
N#Cc1ccc(-c2ccc(-c3nc(C(F)(F)F)cn3-c3ccc(C#N)cc3)cc2)cc1,11.24
N#Cc1ccc(C(=O)N2CCc3ccc(F)cc32)cn1,25.54
N#Cc1ccc(CN2C(=O)CN=C(c3ccccc3)c3cc(C#N)ccc32)cc1,16.92
N#Cc1ccc(C=CC(=O)c2ccc(-c3ccc(F)cc3)cc2)cc1,15.73
Brc1ccc(=NC=Nc2cccnc2)[nH]c1,23.24
N#Cc1ccc(C=Cc2nc(-c3ccc(-c4ccc(C#N)cc4)cc3)nn2-c2ccccc2F)cc1,18.0
CNC(=O)c1cccc(N=c2nc(N3CCC(NC(=O)c4ccc(C#N)cc4)CC3)nc[nH]2)c1,22.71
N#Cc1cccc(-c2nc(N3CCOCC3)c3cc(C(=O)NNC=O)nc(-c4cccc(F)c4)c3n2)c1,40.85
C=CC(=O)NCc1ccccc1OCC#CCN1CCOCC1,29.49
O=C(C=C1c2ccccc2C(=O)c2cccc(Cl)c21)c1ccc(-c2ccc(-c3nc(-c4ccc(Cl)c(Cl)c4)cs3)c(-c3ccc(Cl)cc3Cl)n2)cc1,34.36
N#Cc1ccc(-c2nc(-c3ccc(C#N)cc3)nc(-c3ccc(F)c(C#Cc4nccs4)c3)n2)cc1,17.43
N#Cc1ccc(-c2cc(-c3ccncc3)nc(-c3ccc(F)cc3)c2-c2ccc(F)cc2)cc1,16.3
O=C1C(=Nc2cccc(Cl)c2)C(Cl)C(=O)c2cccnc21,18.07
N#Cc1ccc(Oc2ccc(S(=O)(=O)N=c3ccc(F)c[nH]3)cc2C#N)cc1,14.93
N#Cc1ccc(-c2nc(-c3cncc(C#N)c3)nc(-c3cn4cccnc4n3)n2)cc1,15.87
N=C(N)c1ccc(N=CC2N=NC(Cc3ccccc3)N2C(=N)N)cc1,31.88
COc1ccc(Cn2cc(C#N)c3c(OCc4ccccc4)nc(Cl)nc32)cc1,31.32
N#Cc1cccc(C(=O)CC(=O)C(=O)O)c1,23.59
N#Cc1cc(-c2ccc(C(F)(F)F)nc2)c(C#N)c(F)c1C#N,28.43
CC(C)c1nccc(C#Cc2cnc(CCC(N)=O)c(F)c2)n1,28.28
CCCCc1ncc2[nH]c(=NCc3ccc(-c4ccc(C#N)cn4)cc3)nc(N=c3cc(C)[nH][nH]3)c2c1Cl,35.24
Fc1ccc(Cc2nc(-c3ccccc3)cc(-c3cccc(N=c4[nH]cnc5cc6c(cc45)OCCO6)c3)n2)cc1,26.08
N#Cc1cncc(-c2nn3cc(CNc4cc(Cl)ccc4O)nc3cc2-c2ccnc(C#N)c2)c1,32.69
CNC(=O)c1ccc(-n2nc3ccccc3n2)nc1,26.56
[O-][n+]1cccnc1C=NO,14.76
O=C(Nc1ccc(C(=O)N2CCN(CCO)CC2)cc1)N1Cc2cccc(F)c2C1,22.26
O=C(C=Cc1ccccc1[N+](=O)[O-])c1ccc(Br)cc1,21.09
C=CC(C)(C=Cc1nccn1Cc1ccc(-c2ccccc2)cc1)CCC=C(C)CCC=C(C)C,30.42
CN1CCN(C2=Nc3ccccc3Nc3nn(Cc4ccccc4)cc32)CC1,16.65
N#Cc1ccc(-c2ccc(-c3nc(-c4ccc(C=Nc5cccc(C6N=NN=N6)c5)cc4)nc(-c4ccc(C=Nc5ccc(N)cc5O)cc4)n3)cc2)cc1,28.72
N#Cc1ccc2c(c1)C1C(c3ccccc3)C=NN1C(=Nc1ccc(F)cc1)N2,29.64
N#Cc1cc(-c2cc(-c3ccc(F)cc3)n[nH]c2=O)ccn1,24.44
N#Cc1ccc(-c2cc(-c3nc4c(Br)cc(Br)cc4c(=O)n3-c3ccc(N=Cc4ccc(-c5ccc(C#N)cn5)cc4)cc3)c(O)cc2C#N)cc1,35.41
CC(C#N)N1CCN(Cc2cccc(N=c3nc(-c4cccnc4)c(F)c[nH]3)c2)CC1,27.02
COc1ccc(-c2csc(N=Cc3ccc(OCc4ccccc4)cc3)n2)cc1,21.14
Cc1cnn(-c2ccc(-c3nc(-c4ccc(-c5ccc(C#N)cc5)cc4)nc(-c4ccc(-c5ccc(C#N)cc5)cc4)n3)cc2)c1,18.82
O=c1ncn(-c2ccc(Br)cc2)c2ccccc12,19.4
O=c1c2cnc(-c3ccccn3)nc2nc2ccccn12,23.25
CCOc1ccc(N=Cc2ccccc2O)cc1,14.21
COc1cc(C=Cc2ccc3c(c2)C(=O)c2cc4c(cc2-3)C(C)(C)CCC4(C)C)cc2c1C(C)(O)C=CC2(C)C,37.59
N#Cc1ccc(-c2nc(-c3ccccc3)nc(-c3cccc(NC(=O)Nc4ccc(Cl)cc4)c3)n2)cc1,23.2
Cc1ccc(C(=O)N2CC(c3ccc(C#N)cc3)C2)cc1-c1nc(-c2cncc(C#N)c2)nc(-c2cncc(C#N)c2)n1,16.76
N#Cc1ccc(-c2cc(-c3cccc(-c4ccc(-c5nc(Cl)nc(Cl)n5)cc4)c3)nc(-c3ccc(C#N)cc3)n2)cc1,11.35
N#Cc1ccc(CN2CCN(C(=O)c3cc(-c4ccc(-c5ccccn5)cn4)nc(-c4ccc(-c5ccc(C#N)cc5)cc4)n3)CC2)cc1,21.43
COc1ccc(CN(CCC#N)c2nc(Cl)ncc2Cl)cn1,20.15
COc1cc(-c2cn(Cc3cccc(C#N)c3)nn2)ccc1-n1cnc(C)c1,19.38
O=C(c1cccnc1Oc1ccc(Cl)cc1)N1CCC(N2C(=O)Cc3ccccc32)CC1,28.85
N#Cc1cncc(-c2nncc(C#N)n2)c1,11.78
N#Cc1ccc(-c2ccc(-c3nc(-c4ccc(Oc5ccc(Cl)cc5)cc4)nc(-c4ccc(-c5ccc(C#N)cn5)cc4)n3)cc2)cc1,15.31
O=C1C(=Nc2ncnc(-c3ccc(-c4ccccc4)cc3)n2)C(Cl)C(=O)N1c1ccccc1F,28.7
N=C(N)c1ccc(-c2ccc(-c3ccc([S+](N)c4ccc(Cl)c(Cl)c4)cc3Cl)cc2)cc1,31.66
C=CCC1(C(=O)OCC)NCC(=O)N(Cc2cc(F)cc3cccnc23)c2ccccc21,33.95
COc1ccc(Br)cc1C=NN=c1cc[nH]c(C)n1,20.16
N#Cc1cncc(-c2cc(C#N)nc(-c3ccc(C#N)cc3O)n2)c1,18.18
Cc1ccc(C2=C(C#N)C(=O)NC(C)(c3ccc(OC(C)C)cc3)C2)cc1,22.08
COc1ccc(C=Nc2cc(O)c(N)cc2O)cc1,11.27
N#Cc1ccc(-c2ccc(-c3nc(-c4ccc(C#N)cc4)nc(-c4ccc(-c5cccc(C(F)(F)F)n5)cc4)n3)cc2)cc1,13.73
COc1ccc(C=CCn2c(O)c(CC(=O)Nc3ccc(F)cc3)sc2=Nc2ccccc2)cc1,23.66
N#Cc1ccc(-c2cccc(-c3cc(C#N)cn3-c3ccc(C(=O)O)cc3)n2)cc1,16.68
CC(C)N=c1cc(-n2ncc3ncc(C#N)cc32)[nH]cc1C(=O)NCC(C)C(C)(C)O,22.77
Cc1nn(C)c(C)c1C=Nc1c(C)n(C)n(-c2ccccc2)c1=O,20.04
N#Cc1ccc(-c2nc(-c3ccc(C(F)(F)F)cc3Cl)nc(-c3c(F)c(F)c(C#N)c(F)c3F)n2)cc1,19.23
N#Cc1ccc(-c2ccc(C=CC(=O)Nc3ccc(NC(=O)c4cnccn4)cc3Cl)o2)cc1,23.19
N#Cc1ccc(-c2cc(COc3cccc(C#N)c3)nc(-c3ccc(C#N)cc3)n2)cc1,10.95
CN(C)c1ccc(C#Cc2cccc(C#N)c2)cc1,18.06
N#Cc1cccc(-c2nc(C#N)nc3c2[nH]c(=O)n3CC2CCCCC2)c1,24.0
N#Cc1ccc(-c2csc3[nH]c(-c4ccccc4C#N)nc(=O)c23)cc1,17.75
O=C(CSCc1ccc(Cl)c(Cl)c1)NCc1ccccc1,22.1
CCC(=O)NCc1cc(-c2c(C(=O)CC(C)C)c(O)c(O)n2-c2ccc(-c3ccoc3)cc2)ccn1,24.23
CN(C(=O)CN1CCc2ccc(Nc3ccnc(C#N)c3)cc2C1)C1CC1,32.64
C=CCN=c1nc(Cl)c2ncn(Cc3ccccc3)c2[nH]1,23.42
CC(C)(C#N)c1cc[nH]c(=NC(=O)c2cc(CC#N)cc(-c3nc(-c4cncc(C#N)c4)nc(C4CCC4)n3)c2)c1,29.78
COc1ccc(CN(CCCCN2C(=O)c3ccc(-c4ccc(C#N)cc4)cc3C2=O)Cc2ccccc2O)cc1OC,37.74
C#CCOc1ccc(C=CC(=O)C=Cc2cc(OC)c(OC)c(OC)c2)cc1OC,19.7
CS(=O)(=O)c1ccc(C(c2nc(-c3ccc(C#N)cc3)nc(-c3cccc(C#N)c3)n2)C(F)(F)F)cc1,29.39
CCN1C(=O)C(=Cc2cccnc2)SC1=S,17.6
Cc1cnn(C2CCCN(CCC(CCc3ccc(OCc4ccccc4)cc3)(C(O)=NO)S(C)(=O)=O)C2)c1,34.21
N#Cc1c(Cl)c(Cl)c(Cl)c(C#N)c1Cl,13.44
N#Cc1ccc(-c2ccc(-c3c[nH]c(-c4ccc(C#N)s4)n3)cn2)cc1,21.28
Cc1nc(C#Cc2ccc(F)c(F)c2)cs1,15.8
CCCCc1ccc(-c2nc(CNCCCCc3ccccc3)co2)cc1,20.11
Cc1cc(N=Cc2ccc(-c3ccc(N=Nc4c(O)cc(S(=O)(=O)O)c5ccccc45)cc3)cc2)cc(C#N)c1C#N,27.09
Cn1nc(-c2ccc(C#N)cc2)nc1-c1ccc(-c2ccc(C#N)cn2)c(F)c1,14.07
N#Cc1ccc(Cn2cnc3c(ncn3Cc3ccc(-c4ccc([N+](=O)[O-])cc4)cc3)c2=O)cc1,28.19
C#CCn1c(=O)n(CC=C)c(=O)n(Cc2cc(OC)c3ccccc3c2)c1=O,30.94
CC(=O)Nc1ccc2nc3cc(N)ccc3cc2c1,23.52
CCCN(Cc1ccc(F)cc1F)C(=NO)c1ccc(C)nc1Oc1ccc(OC)cc1,29.32
Cc1ccc(NC(=O)c2cnc3ccc(CCn4ccc(OCc5ccc(F)cc5)cc4=O)cn23)c2ncc(C#N)cc12,53.61
CCC1CN2C(=O)N(Cc3ccccc3)c3[nH]c(CN4CC(O)C(Oc5ccc(F)cc5)C4)nc(=O)c3C2=N1,39.76
O=C(C=Cc1ccc2ccccc2n1)c1ccc(-c2ccccc2)cc1,18.69
C(=NN=c1nc(-c2ccccc2)cn[nH]1)c1ccccc1,15.75
N=C(N)c1cccc(Oc2cccc(NS(=O)(=O)c3ccc(C=CC(O)=NO)cc3)c2)c1Cl,30.23
N#CC1=CCC(c2cn(-c3ccccc3)nc2-c2ccc(-c3ccc(Cl)cc3)cc2)C=C1,31.01
CN(C)Cc1ccc(-c2nc(-c3ccc(-c4ccc(C#N)cc4)cc3)nc(C(F)(F)F)n2)s1,19.11
N#Cc1ccc(-c2ccc(Cc3nc(N=Cc4ccc(O)cc4)[nH]c3O)cc2)cc1,22.89
N#CCCN(C(=O)c1ccccc1)c1ccc(-c2nc(-c3ccc(C#N)cc3)nc(-n3c(O)ccc3O)n2)cc1,30.39
Cc1cc(C)n(Cc2cc(C=NNC(=O)c3ccccc3)cc(C#N)c2O)n1,25.58
CCOC(=O)C1=C(c2ccccc2)OC(=N)C1C#N,17.91
CCN1CCN(c2ccc(-n3c(C)nc4cc(C(F)(F)F)ccc43)nc2)CC1,27.42
N#Cc1cccc(-c2ccc(OCCN3CCOCC3)cc2)c1,17.29
COc1cc(C=Cc2cc[nH]c(=NC(C)CCO)n2)ccc1-n1cnc(C)c1,29.28
N#Cc1cccc(Cn2c(C#N)cc3c(NC(=O)NCc4ccc(-c5ccccc5C#N)cc4)cccc32)c1,29.45
COc1ccc2c(c1)CCc1c(CCl)nc(N3CCN(CCN)CC3)nc1-2,37.51
O=C(CCNC1CCOCC1)Nc1ccc2c(c1)C(=O)c1ccc(NC(=O)NCc3ccccc3)cc1C2=O,24.43
CCCCn1nc(CC)c(CC)c1C1=NS(=O)(=O)c2cc(OCCNS(=O)(=O)CC#N)ccc2N1,43.27
N#Cc1ccc(-c2ccc(-c3nc(C#N)c(NC(=O)c4ccc(-c5ccc(C#N)cn5)cc4)c(-c4ccc(-c5ccc(C#N)cc5)cc4)n3)cc2)cc1,18.83
CCOC(=O)c1csc(=NC(=O)c2cc(=O)c3ccccc3[nH]2)n1-c1ccccc1,28.84
N#Cc1ccc(-c2cccc(-c3ccc(-c4ccc(-n5nc(Cc6ccccc6)nc5C=Cc5ccncc5)cc4)cn3)n2)cc1,32.0
CC(C)c1nc(C2CCCCN2C(=O)COc2ccccc2)[nH]c1-c1cccc(C#N)n1,24.8
N#Cc1ccc(-c2ccc(-c3nc(C(=O)NC4CCC4)cc(-c4ccc(-c5ccc(C#N)cn5)cc4)n3)cc2)cc1,9.95
N#Cc1cnc(-c2ccc(C#N)nc2)c(-c2ccc(-c3cnc(=N)[nH]c3)c(F)c2)c1,16.76
N#Cc1ccc(-c2cc(-n3ccc4cc(C5CC5)ccc4c3=O)ncc2-c2cccc(C#N)c2)cc1,23.63
Cn1c(=O)c2c(-c3cccs3)nc(-c3ccc(C#N)cc3)nc2n(C)c1=O,19.8
COc1cc2c(cc1OC)-c1nc(=O)c3c(nc1C2)c1ccccc1n3CC(=O)c1ccc(F)cc1,36.13
CN(C)N=CC1=C2C=Cc3c(C=CC#N)ccc(C(=O)NC4CC5CC6=NCC654)c3C=CN=CC=C1S2(=O)=O,80.86
N#Cc1ccc(-c2ccc(-c3nc(-c4ccc(CN5CCC(Cc6cccc(C(N)=O)c6)CC5)cc4)nc(-c4ccc(-c5ccc(C#N)cc5)cc4)n3)cc2)cc1,21.47
CCCCc1nn(Cc2ccc(-c3ccc(C#N)nc3S(=O)(=O)NC(=O)OCCC(C)C)cc2F)c(=O)c2cccn12,30.77
N#Cc1ccc(-c2ccc(-n3nc(C(=O)NC45CC6CC(CC(C6)C4)C5)cc3-c3ccc(Cl)cc3)cc2)cc1,19.91
N#Cc1ccc(-c2cc(-c3ccc(C#N)cc3)nc(-c3ccc4ccccc4c3)c2)cc1,16.73
COCc1ncc(-c2cccnc2)c(-c2ccc(OCc3ccc4ccccc4n3)cc2)n1,25.49
CCCCN=c1cc(-c2nnc(-c3cccc(-c4ccc(C#N)cc4)c3)o2)[nH]c(C(C)(C)C)n1,33.02
CN(C)C(=O)CN1CCN(c2ccc(=Nc3nc(-c4ccc(-c5ccc(C#N)cc5)cc4)nc4ccccc34)[nH]c2)CC1,24.33
COc1ccc(NC(=O)Nc2cc(C#N)cc(-c3cc(C#N)ccc3F)c2)cc1,24.25
O=C(Cc1nc(=O)cc(N2CCOCC2)[nH]1)Nc1ccc(F)c(F)c1,19.44
Cn1c(C=Cc2ccc(F)cc2)nc(Cl)c1-c1nc(-c2ccc(C#N)cc2)nc(-c2ccc(C#N)cc2)n1,24.64
Cc1ccc(-c2nc(-c3ccc(NC(=O)c4ccccn4)cc3)nc(-c3ccc(-c4ccc(C#N)cc4)cc3)n2)cc1,18.62
C=CCn1c[n+](-c2ccc(C#N)cc2)c2ccccc21,19.72
Cc1ncc(-c2cccc(OC(F)(F)F)c2)c(OCC2CC2c2ccc(Cl)cn2)n1,24.47
N#Cc1ccc(-c2nc(C#N)c(C#N)nc2-c2ccc(C#N)cc2)cc1,13.25
CC(=O)N1CCC(c2nc(-c3cncc(C#N)c3)nc(C#N)c2C(N)=O)CC1,21.44
CC(c1cc(C#N)cc(-c2ccccn2)c1)n1cc(-c2ccc(-c3ccccc3)cc2)c(-c2ccccn2)n1,29.78
CC(N=c1cc[nH]c(NC2CCCCC2N)c1)c1cccc(Cl)c1,28.66
Fc1ccc(C2=C(c3ccccc3)CCN(Cc3ccco3)C2)cc1,28.12
N#Cc1cccc(-c2nc(C(=O)O)cc(C(=O)c3cc4cc(Cl)ccc4[nH]3)n2)c1,25.43
C=c1[nH]c(=Cc2ccc(C#N)cc2)c(=O)n1C(=O)Nc1ccccc1,21.08
Cc1cccc(NC(=O)Nc2ccc(Oc3cc(-c4ccc(-c5ccc(Cl)c(F)c5)c(C#N)c4)ncn3)cc2F)c1,27.41
CS(=O)(=O)CCNCc1ccc(-c2ccc3nc[nH]c(=Nc4ccc(OCc5ccc(Cl)c(Cl)c5)c(Cl)c4)c3c2)o1,29.58
N#Cc1ccc2oc(CC(N)C(=O)O)cc2c1,26.1
N#Cc1ccccc1CC1(C#N)CC(=O)c2ccccc21,23.4
CCc1nc(C(=O)NCc2nc(Cc3ccc(OC)c(OC)c3)no2)no1,28.64
C=c1[nH]c(=Cc2cc(C)n(-c3ccc(C#N)cc3F)c2C)c(O)c1C(=O)OCC,19.5
Cc1cc(C#N)ccc1-c1nc(-c2cncc(C#N)c2)nc(-c2nc(-c3ccccn3)nc(N3CCOCC3)n2)n1,29.53
C#CCN(C(=Nc1ccc(-c2ccc(C#N)nc2)cc1)Sc1ccc(C#N)cc1)c1ccc(C#N)cc1,37.35
N#Cc1ccc(-c2ccc(-c3nc(-c4ccc(Cl)cc4)nn3-c3ccc(Br)cc3)cc2)cc1,17.39
CNC(=O)C1Cn2cc(C(N)=O)nc2-c2cc(C#CC(=O)c3ccccn3)ccc2O1,25.2
N#Cc1ccc(-n2c(C=CC(=O)O)nc(C(F)(F)F)c2C=Cc2ccc(C(F)(F)F)cc2)cc1,27.2
C=c1c(=CCC)nc(OS(=O)(=O)c2ccccc2)n1-c1ccc(Cl)cc1,24.78
O=C(CCC(F)(F)F)Nc1cc(O)c(N=Cc2ccc(-c3ccccc3)cc2)cc1O,25.69
Cn1nccc1-c1cc(C#Cc2ccc(C#N)c(F)c2)nc(C#N)n1,20.71
N#Cc1cncc(-c2cc(-c3nc4cc(C#N)ccc4[nH]3)nc(-c3ccc(C4CCCCC4)cc3)n2)c1,31.18
O=C1C(c2ccc(Cl)cc2)=[N+]([O-])c2ccccc21,17.19
N#Cc1ccc(-c2ccc(-c3nc(COc4c(F)cc(CN5CC(O)C5)c(F)c4F)nc(-c4ccc(-c5ccc(C#N)cn5)nc4)n3)cc2)nc1,17.92
N#Cc1ccc(-c2c(C#N)cn(C3CCS(=O)(=O)C3)c(=O)c2C#N)cc1,19.4
Cc1cc(O)cc(-c2nn(C)cc2-c2ccnc(-c3cc(C#N)cc(C#N)c3)n2)c1,19.67
N#CC(=NO)c1ccc2nccn2c1,22.73
N#CC=Cc1cc(Cc2ccnc(F)n2)ccc1-c1ccc2c3c[nH]nc3c(=O)n(CC(F)(F)F)c2c1,39.9
N#Cc1cncc(-c2nc(-c3cncc(C#N)c3)nc(-c3cnc(-c4cc(F)c(F)cc4F)c(F)c3F)n2)c1,16.49
N#Cc1ccc(-c2ccc(-c3nc(-c4ccc(C#N)cc4)nc(-c4cccc(C#N)c4)n3)cc2)cc1,10.63
N#CCN(c1ccc(C(=O)O)cc1)c1ccc2c(c1)CCc1ccc(Nc3nccc(Nc4ccc5c(c4)C(=O)c4ccc(N)cc4C5=O)n3)cc1C2=O,27.84
N#CC(C#N)=CN1CCN(C(=O)c2ccc(C#N)cc2)C1=S,18.07
N#Cc1ccc(-c2ccc(-c3cc(-c4ccc(-c5cccc(C#N)c5)nc4)nc(-c4ccc(-c5ccc(C#N)cc5)cc4)n3)cc2)cc1,16.17
CN(C)c1ccc(-c2nc(=N)[nH]c3c2C(=O)c2ccccc2-3)cc1,16.53
COc1ccc(C=CCCCCN(C)CCc2ccc(-c3ccc(C#N)cc3)cc2)c(OC)c1OC,29.88
COc1cc(CC=NC(=O)C=CC=Cc2ccc(-c3ccccc3)cc2)ccc1O,25.31
Cc1cc(-c2cc(C(F)(F)F)nc(-c3ccc(-c4ccc(C#N)cn4)cc3)n2)ccc1-c1ccc(C#N)cn1,12.64
Cc1cc(C)c(-c2cc(C(N)=O)nc(-c3ccccc3C)c2)c(OCC(C)C)c1,31.52
CC1=NC2(NC1=N)c1cc(-c3cc(F)cc(C#N)c3)ccc1CC21CCN(CC#N)C1,31.44
N#Cc1ccc(-c2ccc(-c3nc(C(=O)CCc4ccc(-c5ccccc5)cc4)nc(-c4ccc(-c5ccc(C#N)cn5)cc4)n3)cc2)cc1,14.95
CN(Cc1ccc(C#N)cc1)C(=O)CNC(=O)c1cc(-c2ccco2)nc2ccccc12,27.84
N#CCc1ccc(-c2ccc(-c3nc(-c4ccc(-c5ccc(C#N)cc5)cc4)nc(-c4ccc(-c5ccc(C#N)cc5)cc4)n3)cc2)cc1,12.49
N#Cc1ccc(-c2ccc(-c3ccc(CC(N)C(N)=O)cc3)cc2)cc1,25.29
N#Cc1ccc(-c2ccc(-c3nc(C(=O)Nc4ccc(-n5cc(C(F)(F)F)nc5-c5ccccc5)c(F)c4)n[nH]3)cc2)cc1,29.7
N#Cc1ccc(C=Nc2c(O)c(C(=O)O)c(N=Cc3ccc(-c4ccc(C#N)cc4)cc3)c3ccccc23)cc1,31.21
O=C(Nc1ccc(Cl)s1)c1ccc(-c2ccc(-c3nc(-c4ccc(Cl)c(Cl)c4)cs3)cc2C(=O)O)cc1,25.06
N#Cc1nc2cc(Cl)c(Cl)cc2n1Cc1ccccc1,17.19
Cc1ccc(S(=O)(=O)CCc2n[nH]c(=N)n2C2CC2)cc1,29.1
COc1ccc(CNC(=O)c2cccc(NC(C)=O)c2)cc1,23.54
CC(C)NC(=O)Nc1ccc(-c2cc(-c3cncc(C#N)n3)nc(C(F)(F)F)n2)cc1C#N,34.27
N#Cc1cccc(-c2c(F)c(F)c(-c3nc(Cl)nc(Cl)n3)c(F)c2F)n1,15.57
Cc1ccc(S(=O)(=O)NNC(=N)C=NNC(=S)NN=C(c2ccccc2)c2ccc(C#N)cc2)cc1,34.42
N#Cc1ccc(-c2nc(-c3ccc4cc(C5=CCN(C=Nc6cccc(C#N)n6)CC5)ccc4c3)nc(-c3ccc(C#N)cn3)n2)cc1,32.68
CC(NC(=O)CCCn1c(O)cccc1=O)c1ccccc1,26.61
COc1cc(C=CC(=O)OCCCN2C(=O)C=CC2=O)cc(OC)c1OC,26.61
Cc1[nH]c(=N)ncc1-c1ccc2c(c1)c(=O)c(C(=O)NCc1ccc(-c3ccccc3C#N)cc1)cn2C(C)(C)C,39.16
N#CC=Cc1cc(C#N)c2nc(-c3ccc(-c4ccc(C#N)cc4)cc3)nn2c1,17.73
CN1CCCC1Cc1nc(-c2ccc(N=c3scc(CC(=O)Nc4ccc(C#N)cc4)n3C)cc2)nc(-c2ccc(Cl)c(Cl)c2)n1,31.8
Nc1ccc2c(c1)C(=O)c1ccc(Nc3nc(Nc4ccc5c(c4)C(=O)c4ccc(N)cc4C5=O)nc(Nc4ccc5c(c4)C4NC(=O)N(C(=O)C6CCC(N)CC6)C4C5=O)n3)cc1C2=O,17.19
COc1ccc(-c2nc(N3CCN(Cc4cccnc4)CC3)c3[nH]c4ccccc4c3n2)cc1,26.28
C#CC#Cc1ccc(-c2cc(C#N)cc3c2ccn3S(=O)(=O)Cc2ccccc2)s1,41.66
N#Cc1ccc(-c2ncc(C#N)cc2-c2ncc(C#N)cc2Cl)cc1,16.42
OCC(=NN=c1[nH]c(-c2ccc(-c3ccccc3)cc2)cs1)c1ccccc1,23.28
O=C(NCCO[N+](=O)[O-])c1ccccc1,20.85
N#Cc1cccc(-c2cccc(CNCC(F)(F)c3cc(F)c(F)cc3F)n2)c1,28.58
Clc1ccc(-c2csc(N=c3[nH]c4ccccc4n3-c3ccccc3)n2)cc1,18.96
COc1cc(C)c(C=CC#N)nc1C,17.79
N#CC(=Cc1ccc(Cl)cc1)n1c(O)cc(=O)n(-c2ccc(F)cc2)c1=O,30.16
COc1cc2c(C3CCN(CC4CC(=O)c5ccc(C#N)cc5C4)CC3)noc2cc1F,27.51
Oc1c(C=NCCCN=c2cc[nH]c3cc(Cl)ccc23)ccc2ccccc12,24.73
N#Cc1cncc(-c2nc(-c3cccc(Cl)c3)nc(-c3cncc(C#N)c3)n2)c1,11.69
N#Cc1ccc(-c2ccc(-c3nc(C#CC(O)CCCCCCCCCc4ccccc4)nc(-c4ccc(C#N)cc4)n3)cc2)cc1,26.64
N#Cc1ccc(-c2ccc(-c3nc(-c4ccc(CNC5CCCCC5NC(=O)Cc5ccc(-c6ccccc6)cc5)cc4)nc(-c4ccc(-c5ccc(C#N)cn5)cc4)n3)cc2)cc1,29.87
O=Cc1ccc(OC2C(O)C(O)C(O)C(O)(COC3OC(CO)C(O)C(O)C3O)C2O)cc1,28.39
COc1ccccc1C=NN=C(N)NCCSc1ccccc1,25.08
N#Cc1ccc(-c2nc(COc3ccc(F)c(C(N)=O)c3F)nc(-c3ccc(C#N)cc3)n2)cc1,13.47
N#Cc1ccc(-c2ccc(-c3nc(C(N)=O)cc(-c4ccc(-c5ccc(C#N)cn5)c(F)c4)n3)cc2)cc1,9.93
Nc1ccc2c(c1)-c1ccc([N+](=O)[O-])cc1C2=O,17.05
CCN=c1nc(-c2ccc(-c3cccc(Nc4ccc5c(c4)C(=O)c4ccc(N)cc4CO5)c3)cc2)cc[nH]1,32.18
COc1cc(OC)c(C(=O)C=Cc2ccc(C=C(C#N)c3ccccc3)cc2)c(OC)c1,22.37
N#Cc1cc(N2CCCNCC2)cc(-c2ccc(-c3cnc(=N)[nH]c3)nc2)n1,22.9
Cc1cc(Nc2ccc3c(c2)C(=O)c2ccc(N)cc2C3=O)nc(Nc2ccc3c(c2)C(=O)c2ccc(N)cc2C3=O)n1,10.86
O=C(NCCn1c2ccccc2c2ccccc21)c1ccco1,28.2
N#Cc1ccc(-c2ccc(-c3nc(Oc4ccccc4F)nc(-c4ccc(C#N)cc4)n3)cc2)cc1,14.54
COc1cc(NC(C)=O)c(O)cc1N=Cc1ccc(-c2ccc(C=Nc3cc(C)cc(C)c3)cc2)cc1,25.0
CCN1c2cccnc2C(=O)N(C2CCN(C(=O)C=CC#N)CC2)c2ncc(C#N)cc21,31.64
N#Cc1ccc(Cc2cnc(-c3nc4ccccc4c(=O)n3N=CC=Cc3ccco3)o2)cc1,29.84
COc1ccc(Cl)c(N=c2c(C#N)c[nH]c3ccc(C#Cc4ccc(-c5nc(-c6ccc(C#N)cc6)cs5)cc4)cc23)c1,29.45
N#Cc1cc(C(=O)O)ccc1-c1cc(-c2ccc(-c3nc(Cl)nc(Cl)n3)cc2)c(CO)c(-c2ccc(Cl)cc2)n1,21.99
N#Cc1ccc(-c2ccc(C=Cc3cncc(Cl)n3)c(C#N)n2)nc1,26.1
N#CC=Cc1cc(-c2ccc(-c3ccc(C#N)o3)cc2)cc(C#N)n1,19.51
N#CC(c1nc(=O)c2cc(-c3ccc(F)cn3)ccc2[nH]1)N1CCNCC1,32.21
O=C(NCCCN1CCc2ccccc2C1)C1CCCN(C(=O)Cc2ccccc2)C1,27.63
N#Cc1ccc(-c2ccc(C(=O)Oc3cccc4ccccc34)cc2)cc1,20.91
N#Cc1c[nH]c(-c2ccc(-c3cnc(C#N)nc3)cn2)n1,17.92
O=C(CC1CCCCC1)NCC1CN(c2ccc3c(c2)OCCO3)C(=O)O1,32.17
Cc1cc(C)c2sc(-c3ccc(-[n+]4ccc(-c5ccc(-c6ccc(C#N)cc6)cc5)cc4)cc3)nc2c1,22.59
Cc1nc(-c2ccc(C#N)cc2)c(C(C(C)C)n2cccc2)s1,27.43
CNC(=O)c1ccc(-c2cc(-c3cccc(C#N)n3)nc(-c3cccnc3)n2)cc1,20.74
COc1c(Br)cc(-n2cc(C#N)nc2-c2ccc(-c3ccc(C#N)cc3)cc2)c(C#N)c1Br,27.21
N#Cc1ccc(-c2cc(-c3nc4cc(C(F)(F)F)ccc4[nH]3)cc(-c3cccc(C#N)c3)n2)cc1,20.96
N#Cc1cc2c(=O)c3cc(-c4nc(C#N)c(C#N)[nH]4)ccc3oc2c(F)c1F,31.13
COc1cccc(CCNC(=O)c2cccc(-c3ccc(-c4ccc(C#N)cc4)cc3)c2)c1,24.76
Cc1ccc(-c2nc(C(=O)Nc3ccccc3)cc(-c3ccc(C#N)s3)n2)cc1,21.12
N#Cc1ccc(Cl)cc1,13.44
Cc1cc(C(C)C)nc(OC(C(=O)O)C2(O)c3cc(-c4ccccc4C#N)ccc3CC3CC(C#N)=CN32)n1,46.55
Cc1ccc(C#Cc2ccc3c(c2)N(CCN(C)C)C(=O)CC3(C)C)cc1,22.24
N=C(N)c1ccc2ccc(C=C3SC(Nc4ccc(S(N)(=O)=O)cc4)=NC3=O)nc2c1,38.02
N#Cc1ccc(-c2cc3nc(-c4ccc(C#N)cc4)cn3c(-c3ccc(C#N)cc3)n2)cc1,16.4
N#Cc1ccc(-c2nc(-c3nc(C#N)c[nH]3)nnc2-c2cccc(C3CC3)n2)cc1,23.41
N#Cc1ccc(-c2ccc(-c3nc(-c4c(F)c(F)c(C#N)c(F)c4F)nn3-c3ccc(C#Cc4ccc(CN5CCOCC5)cc4)cc3Cl)cc2)cc1,27.47
N#Cc1ccc(-c2ccc(-c3nc(C(=O)NC4CCCCCC4)cc(-c4ccc(-c5ccc(C#N)cn5)cc4)n3)cc2)cc1,11.87
CNC(=O)c1cc(=NC(=O)c2cc(OC(C)C)c(F)c(-c3nccc(C=CC#N)n3)c2)cc[nH]1,20.92
N#CC=Cc1ccc(CNc2cc(Nc3ccc(C#N)cc3)c3c4c(cccc24)-c2ccccc2C3=O)c(C#N)c1,34.82
O=CN=c1[nH]nc(Cc2c(F)cccc2Cl)n1CCN=c1cc[nH]c2cc(Cl)ccc12,38.05
N#Cc1cncc(-c2nc(-c3ccnc(C4CC4)n3)cc(-c3nc(C4CC4)n(-c4ccc(Cl)cc4)n3)n2)c1,25.76
COc1cc(-c2nc(C3CCN(C(C)=O)CC3)n(-c3ccc(F)cc3)c2C)ccc1-n1cnc(C)c1,24.04
N#Cc1ccc(-c2ccc(-c3nc(-c4ccccc4F)n(Cc4ccc(-c5ccc(C(F)(F)F)cc5)cc4)n3)cc2)cc1,18.67
Cc1nc(=N)nc(-c2cc(C(=O)Nc3ccc(C#N)c(C(F)(F)F)c3)c[nH]c2=Nc2cccnc2)[nH]1,18.6
O=C(NCc1ccc(F)cc1)c1c(O)n2ccccc2c(NCc2ccccc2)c1=O,27.99
C=CCn1c(=O)ccc2nc3[nH]c(=NCCCN(C)C)[nH]c(=Nc4cc(Cl)cc(Cl)c4)c3cc21,28.53
N#Cc1ccc(-c2ccc(-c3ncc(C(=O)NCc4cccc(C#N)n4)c(-c4ccc(C(=O)NCCN5CCCC5)cc4)n3)cc2)cc1,35.96
N#Cc1c2c(cc3sc(Nc4ccc5c(c4)C(=O)c4ccc(N)cc4C5=O)nc13)CCC2,15.5
CCOc1ccc2[nH]c(=O)cc(CNc3ccccc3)c2c1,22.3
N#Cc1ccc(Nc2ncc(C#N)cc2C(=O)c2ncccc2F)cc1,24.87
N#Cc1ccc(-c2ccc(-c3cccc(N=c4[nH]c5ccc(C(=O)O)cc5s4)n3)cc2)cc1,24.82
N#Cc1ccc(-n2ccc(-c3cccc(C#N)c3)n2)cc1,19.88
N#Cc1cnc(-c2cccc(C#N)n2)c(-c2ccnnc2)c1,21.87
N#Cc1cncc(-c2nc(-c3ccc4c(c3)ncn4CCCN3CCOCC3)cc(=N)[nH]2)c1,27.24
COc1ccc(C(=O)Nc2ccc(CN3CCN(Cc4ccc5c(c4)OCO5)CC3)c(O)c2)cc1F,34.25
Cc1nc(-c2ccc(C#N)cc2)ccc1-c1n[nH]c(=S)n1N=Cc1ccccc1F,22.06
COCCn1cc(CN=c2cc[nH]c(Cl)c2C)c(C)n1,33.36
N#Cc1ccc(-c2nc(Nc3ccc4c(c3)OCc3cc(N)ccc3C4=O)nc(-c3cccc(C#N)n3)n2)cc1,17.6
CC(=O)c1ccc(COC(c2ccc(C#N)c(C=Cc3ccc(C#N)cc3)c2)c2cncn2C)cc1,26.27
Cc1cccc(=NC(=O)c2cccc(-c3ccc4c(c3)C(=O)N(NC(=O)c3ccncc3)C4)n2)[nH]1,26.62
COc1cc(C=C2SC(N=c3[nH]c(-c4ccc(C#N)cc4)cs3)=NC2=O)ccc1OCc1ccccn1,26.08
CC(C=Cc1cccn1-c1ccc(C(=O)NCCOc2nc(C(F)(F)F)ccc2C#N)cn1)=CC=CC(F)=CC(=O)O,43.4
CCOC(=O)c1ccccc1NS(=O)(=O)Cc1ccccc1,23.31
N#Cc1cnc2ccccc2c1-c1ccc(S(=O)(=O)Nc2ccc(Cl)cc2)cc1,32.87
C#CCCCn1cnc2c(N(CC)CC)nc(Cl)nc21,17.07
N#Cc1ccc(-c2ccc(-c3ccc(C#N)c(F)c3)nc2)nc1,10.98
Cc1cncc(-c2c(-c3ccc(-c4ccc(C#N)cc4)cc3)nc(C(F)(F)F)n2-c2cc(C)cc(C(=O)O)c2)c1,36.67
CC(C)CC(N)c1nc2ccccc2n1Cc1ccc(F)cc1,20.44
CC(C)(O)c1nc(-c2ccc(-c3ccc(C#N)cc3)cc2)nc(-c2ccc(-c3cccc(Cl)c3)c(C#N)c2)n1,17.51
CC(C(=O)N1CCN(c2nc(=NCc3ccc(C=CC#N)cc3)nc(Cl)[nH]2)CC1)n1cnc(C#N)n1,35.09
N#Cc1c2ccccc2c(-c2nc(-c3c[nH]c4ccccc34)nc(-c3c4ccccc4c(C#N)c4ccccc34)n2)c2ccccc12,13.28
Cc1cc(=Cc2ccccc2)c2n[nH]c(=C(C#N)c3ccc(C#N)cc3)c2n1,32.3
N#Cc1ccc(-c2ccc(-c3cc(C(N)=O)nc(-c4ccc(Cl)c(Cl)c4)n3)cc2)nc1,17.32
Cc1[nH]oc(=NS(=O)(=O)c2ccc(NC(=S)NC(=O)c3ccc(Cl)cc3)cc2)c1C,23.89
Clc1nc(Cl)nc(-n2cc(Br)cn2)n1,11.84
N#Cc1ccc(-c2nc(-c3ccc4c(c3)N=CN(CC=Cc3ccccc3)O4)nc(-c3ccc(-c4cccc(C#N)c4)cc3Cl)n2)cc1,41.12
N#Cc1ccc(-c2cc(-n3ccnc3)cc(-c3nc(C#N)ncc3C#N)n2)cc1,21.35
N#Cc1nc(C#N)c(=N)n(-c2ccc(Cl)cc2)n1,15.47
N#Cc1cccc(-c2cccc(-c3cccc(C(F)(F)F)n3)n2)n1,22.5
N#Cc1cccc(-c2nc(C#N)ccc2COCc2ccc(C#N)cc2-c2cccnc2)c1,17.82
O=C(O)C=CC(=O)Nc1ccc2c(c1)OCCO2,20.12
N#Cc1ccc(-c2nc(-c3ccc(C#N)cc3)nc(-c3c[nH]c(=N)cn3)n2)cc1,18.1
N#Cc1ccc(-c2csc(N=CC(=O)c3ccc(F)cc3)n2)cc1,21.0
COc1ccc(CCn2c(C)cc(=O)nc2CCc2ccc(F)cc2)cc1OC,26.03
N#Cc1ccc(-c2nc(-c3ccc(C#N)cc3)nc(-c3ccc(C(F)(F)F)s3)n2)cc1,13.76
Cc1ccnc[n+]1-c1ccnc(-c2ccc(C#N)cc2F)n1,31.16
FC(F)(F)Oc1cccc(CNC2CCN(CCc3ccncc3)CC2)c1,22.0
CC(C)c1cnc(=NC(=O)C(C)(C)OCc2ccc(-c3ccc(C#N)nc3)cn2)[nH]c1,39.58
O=C(N=c1[nH]cc[nH]1)c1ccccc1Cl,21.21
N#Cc1ccc(-c2ccc(-c3nc(-c4cc(C#N)cc(-c5ccc(C(=O)O)cc5C(=O)O)n4)no3)nc2)nc1,24.25
N#Cc1ccc(-c2ccc(-c3ccc(-c4cccc(-c5cc(C#N)cc(-c6ccccn6)n5)n4)nc3)cn2)nc1,22.28
N#Cc1cc(COc2ccc(-c3ccc(C(=O)O)cc3)cc2)ccc1-c1ccc(C(F)(F)F)cc1C#N,26.11
ON=C(O)C=Cc1cnc(-c2ccc(-c3cc(-c4ccc(-c5nc(Cl)nc(Cl)n5)cc4)cc(-c4ccc(-c5nc(Cl)nc(Cl)n5)cc4)c3)cc2)nc1,13.23
N#CC=Cc1cccc(C(=O)c2ccc3cccc(OCC(=O)N4CCOCC4)c3n2)n1,34.8
Cc1ccc(C2=NC(=CC=Cc3ccccc3)C(=O)N2c2ccc(-c3ccc(-n4c(-c5ccc(F)cc5)nc5ccccc5c4=O)cc3)cc2)cc1,27.65
Cc1cccc(Nc2[nH]c(-c3ccccc3)nc(=N)c2[N+](=O)[O-])c1C,26.95
CC(C)(C)c1nc(-c2c(F)c(F)c(C#N)c(F)c2F)nc(-c2ccc(C#N)cc2)c1C(=O)O,22.76
CC(=O)N1N=C(c2cc(C)cc(C)c2)CC1c1ccc(OCc2nc(-c3ccc(C#N)cc3)nc(-c3ccc(CC(C)C)cc3)n2)cc1,29.7
Cn1c(C=Nc2nc(-c3ccc(Cl)cc3)cc(-c3ccc(Cl)cc3)c2C#N)c(-c2ccc(Cl)cc2)n1-c1ccccc1,25.24
CCC(=O)N1CC(=O)Nc2ccc(Br)cc2C1c1ccc(F)cc1,22.13
O=C(c1cc2ccccc2o1)c1c(O)c(O)n(CCc2c[nH]c3ccccc23)c1-c1cccc(Br)c1,28.56
Oc1ccc(N=Cc2ccc(F)cc2F)cc1,15.61
S=C(c1cccc(Cl)c1)N1CCOCC1,17.94
O=c1cc(CCCO)c2ccc(O)cc2o1,18.44
Cc1nc(C#N)cc(-c2ccc(-c3ccc(-c4ncc(Br)cc4C#N)cc3F)nc2)n1,30.9
Cc1ccc2cc(C(=O)NN=Cc3ccc(-c4ccc(Cl)cc4)o3)c(C)nc2c1,26.41
N#Cc1ccc(CC(=O)NN=Cc2ccccc2O)cc1,19.36
N#Cc1ccc(NC(=O)Cn2cnc([N+](=O)[O-])c2)cc1Cl,18.89
CC(C)N=c1cc(-n2ccc3cc(C#N)cnc32)cc(C#N)cc1C(=O)NCCC(C)(O)c1ccc(F)cc1,29.94
Cc1nc2ccccc2c(=O)n1-c1ccc(C(=O)NCCCCN2CC(c3ccccc3)OC2=O)cc1,29.4
CN(C)c1nccc(-c2cc(C#N)cc(NC(=O)c3ccccn3)c2)n1,22.53
N#Cc1ccc(-c2ccc(=Nc3ccncc3)[nH]n2)cc1,20.07
N#Cc1ccc(CNc2ccc3ncnc(Nc4ccc(-c5ccc(-c6ccc(C#N)cc6)cc5)cc4)c3c2)cc1,21.54
CC(=O)Nc1cc(-c2cccs2)cn2c(-c3ccc(-c4ccc(C#N)cc4)cc3)cnc12,25.15
N#Cc1ccc(N=c2nc(Oc3cc(Cl)cc(C#N)c3)nc3ccccn23)cc1,23.9
O=Cc1ccc2c(c1)C(=O)c1cc(OCCCl)ccc1C2=O,29.05
N=c1cnc(-c2ccc(-c3cccc4ccncc34)cc2F)c[nH]1,20.33
Cc1nc(C)n(-c2ccc3ncn(Cc4ccc5c(-c6ccc(C#N)cc6)cc(C#N)cc5c4)c3n2)n1,31.91
N#Cc1ccc(N2CCN(c3nc(-c4ccco4)nc4sccc34)CC2)cc1,23.97
CC(C)(O)c1nc(-c2ccc(-c3ccc(C#N)nc3)cc2)c(-c2nccc(C#N)n2)[nH]1,20.57
N#Cc1ccc(-c2noc(-c3ccc(-c4cc(C=Nc5cccc(F)c5)ccc4C(=O)N=c4ccc(C(=O)O)c[nH]4)cc3)n2)cc1,41.85
COC(=O)Cc1cc(-c2ccc3ccccc3c2)c(-c2nc(-c3cncc(C#N)c3)nc(C3CC3)n2)cn1,34.24
c1ccc(C(c2nnnn2Cc2ccco2)N2CCN(c3ncccn3)CC2)cc1,20.2
Cc1c(C=CC(=O)N2CCN(Cc3ccc(C#N)cc3)CC2)cc(C(=O)Nc2ccc(C#N)cc2)n1-c1ccc(C#N)cc1,28.48
N#Cc1cc(-c2ccc(C(CF)NC(=O)Cn3c(-c4ccc(F)c(C#N)c4)cc4c(NC(=O)OC5CCCC5)cc(C(F)(F)F)cc43)cc2)ccc1F,55.81
N#CC=Cc1ccc(Cc2cc(C=CC=CC(O)=NO)nc(Cl)n2)cn1,33.46
N#Cc1ccc(-c2nc3nccc(C(=O)N=c4nn[nH][nH]4)n3n2)cc1,27.48
Cn1c(=S)n(-c2ccc(Cl)cc2)c(=O)c2c3ccccc3oc21,24.5
N#Cc1ccc(NC(=S)Nc2ccc(F)c(F)c2F)cc1C#N,22.52
N#CC=Cc1cc(C=Cc2ccc(F)c(F)c2C#N)nc(C=CC#N)n1,18.51
Cc1ccccc1-n1nc(-c2ccc(-c3ccc(C#N)cc3)cc2)nc1-c1ccc(-c2ccc(C#N)cc2)cc1,13.29
CC1CN(C(C)CO)S(=O)(=O)c2cc(C#N)ccc2OC1CN(C)Cc1cccc(C#N)c1,19.45
Nc1ccc2c(c1)C(=O)c1ccc(NC(=O)CCc3ccc(-c4ccccc4)cc3)cc1C2=O,15.92
COc1ccc(-c2nc(-c3ccccc3)nc(-c3c4ccccc4c(C#N)c4ccccc34)n2)c2ccccc12,15.13
COC1C(=O)N(Cc2ccc(C#N)cc2-c2ccc(OC(F)F)cc2)C1c1ccc(C#N)cc1,23.28
C=CCOC(=O)c1cc(Cl)ccc1O,23.73
O=C(C(=O)N1CCN(C(=O)c2ccccc2)CC1)c1c[nH]c2c(-c3cnc(F)cc3F)ccc(F)c12,27.66
N#Cc1ccc(-c2nc(-c3ccc(C#N)cc3)c(C#N)c(=Nc3ccc(Cl)cc3)[nH]2)cc1,21.24
COc1ccc(-c2nc(-c3cncc(C#N)c3)nc(-c3c(F)ccc(OC)c3F)n2)cc1,16.55
CC(C)Cn1c2ccccc2c2c3c(c4c(c21)CCC4)CNC3=O,27.0
CNCCN(C)Cc1ccccc1NC(=O)c1cc(-c2ccc(C#N)cc2)nc2ccccc12,30.22
Cc1nn(C)cc1NC(=O)C1Cc2c(-c3cccc(C#N)c3)ccnc2O1,23.41
N#Cc1c2ccccc2c(-c2nc(-c3ccc(Cl)cc3)cc(-c3ccc(O)c4ccccc34)n2)c2ccccc12,19.39
N#Cc1cc(F)cc(-c2ccc3[nH]nc(-c4ccnc(N5CCCC5)c4)c3c2)c1,30.32
COc1ccc(-n2nc3c(C#N)nc4c(ncn4C4CCN(S(=O)(=O)c5cc(F)cc(C#N)c5)CC4)c3n2)cc1,39.59
Fc1ccc(-c2[nH]c(C3CC3)nc2-c2ccc(-c3cnn4cccc(-c5ccncc5)c34)cn2)cc1,30.41
N#CCCn1c(-c2nc(-c3ccc(-c4ccc(C#N)cc4)cc3)nc(-c3ccc(-c4ccc(C#N)cc4)cc3)n2)cc2ccc(C#N)cc21,22.91
[N-]=[N+]=NC1OC(n2cnc3c(Cl)nc(=N)[nH]c32)C(O)C1O,23.84
CN(C)CCCOc1ccc(-c2cc(-c3ccc(C=O)cc3)cc(-c3ccccc3)n2)cc1,21.6
CN1CCN(c2nc(SCc3ccccc3)c3[nH]c(=O)cc(Nc4ccc5c(c4)C(=O)c4cc(N)ccc4CO5)c3n2)CC1,41.35
Cn1c(-c2cc(-c3ccc(Cl)cc3)n(-c3ccc(Cl)cc3)n2)cnc1Br,23.03
N#Cc1cccc(Cc2nc(Cl)c(Cc3ccc(-c4ccccc4-c4nn[nH]n4)nc3)c(Cl)c2C#N)c1,43.3
N#Cc1ccc(-c2ccc(C(=O)c3ccc(CCC(=O)Nc4ccc5cc(C#N)ccc5c4)cc3)cc2)cc1,26.92
N#Cc1ccc(-c2ccc(-c3nc(-c4ccc(-c5ccc(C#N)nc5)cc4)nc(N4CCOCC4)n3)cc2)cc1,16.49
Clc1ccc(-c2cc(Cc3cccn3N=Cc3ccc(Cl)c(Cl)c3)nn2-c2ccccc2)cc1,32.91
Cc1cc(-c2nc(-c3ccc(-c4ccc(C#N)nc4)cc3)nn2C)cc(C(F)(F)F)c1C,19.63
N#CC=Cc1ccc(-c2nc(-c3ccc(C#N)cc3)nc(-c3ccc(-c4cc(-c5ccccc5)cc(-c5ccc(C#N)cc5)n4)cc3)n2)cc1,20.25
Cn1cc(-c2cc(-c3ccc(C#CC#N)cn3)nc(C#N)n2)nc1C#N,26.15
N#Cc1cc(F)cc(-c2ccc(-c3ncccc3NCc3ncc(C(N)=O)cn3)cc2)c1,34.36
COc1cc(N2CCN(C)CC2)ccc1N=c1[nH]c(=N)n(-c2cccc3ccccc23)[nH]1,26.92
Cc1ccc(-c2cc(-c3ccc(C#N)cc3)nc(N=Cc3ccc(F)cc3)n2)cc1,12.45
N#Cc1ccc(-c2nc(-c3ccc(-c4ccc(C#N)cn4)nc3)nc(-c3ccc[nH]c3=NCc3ccccc3)n2)cc1,21.91
N#Cc1ccc(-c2nc(-c3ccc(Cl)cc3)nc(-c3cncc(C#N)c3)n2)cc1,12.92
C=CC(=O)Nc1cccc(N=c2nc(-c3ccc(C#N)cc3)cc(C(F)(F)F)[nH]2)c1,19.73
COc1ccc(-c2cc(-c3ccc(C#N)cc3)nc(-n3nnn(Cc4ccc5ccccc5c4)c3=O)c2)cc1,37.46
N#Cc1c[nH]c(=NC(=O)N=c2cc[nH]c3cc(C#Cc4cccnc4)ccc23)cn1,20.68
N#Cc1ccc(-c2nc(-c3ccc(F)cc3)c(Sc3ccccn3)c(-c3ccc(F)cc3F)n2)cc1,22.57
O=C(CCCCn1c(=O)c2ccccc2n(Cc2ccccc2)c1=O)NCc1ccco1,23.11
C=c1c(=CCCC)c(O)nn1CC=Nc1ccc(OCC)cc1,30.21
N#CC(=NC1=NC(=O)C(=Cc2ccc(-c3ccnn3-c3cccc(C(=O)O)c3)cc2)S1)Nc1ccc(Br)cc1,37.38
N#CC(C#N)=c1ccc(=c2[nH]c(=O)c(=Cc3ccc(C#N)cc3)[nH]c2=O)cc1,17.42
N#Cc1ccc(-c2nc(-c3ccc(-c4ccc(C#N)cn4)nc3)nc(-c3ccc(-c4ccc(C#N)cn4)c(C#N)c3)n2)cc1,11.55
CCC(C=CCC(C)=CCOc1ccc2ccc(=O)oc2c1)C(O)COC(C)=O,38.73
C#CCN(Cc1ccc2nnc(-c3cccc(C#N)n3)nc2c1)c1ccc(C#N)cc1,18.88
N#CC#Cc1ncnc(-c2ccc(-c3ccc(C#N)cc3)cc2)n1,14.57
N#Cc1cnc(-c2nc(-c3cccc(C#N)n3)nc(=NCc3ccncc3)[nH]2)c(O)c1,23.86
CN(C)c1ccc(-c2nc(-c3ccc(-c4ccc(C#N)cc4)cc3)nc(-c3ccc(-c4ccc(C#N)cc4)cc3)n2)cc1,9.67
N#Cc1cccc(C(=O)Nc2cccc(-c3cccc(-c4nc(N5CCOCC5)c5ccccc5n4)c3)c2)c1,19.86
O=C(O)c1ccc(N=Cc2ccc(-c3nc(-c4ccc(-c5nc6ccccc6s5)cc4)nc(-c4ccc(C=Nc5ccc(Cl)cc5)c(F)c4)n3)cc2)cc1O,39.76
Cc1cc(C)cc(-c2c(C(N)=O)c3cc(OCCO)c(=NC(=O)c4cccc(C#N)c4)c(-c4ccc(C(=O)NC5CC5)cc4)nc3[nH]c2=O)c1,42.04
CNC(=O)C(C)Oc1cc(F)ccc1N=c1[nH]cnc2c[nH]c(=NC(=O)CNC(=O)Nc3ccn(C)c(=O)c3)cc12,43.28
N#Cc1ccc(-c2ccc(-c3nc(-c4ccc(-c5ccc(C#N)cc5)cc4)n(-c4ccccc4)c3C#N)cc2)cc1,10.85
Cn1nc(-c2ccc(F)cc2)c2cc(N=CN3CCN(C=O)CC3)ccc21,17.84
CCc1cc(-n2cc(C#N)c(-c3ccc(-c4ccc(C#N)cc4)cc3)n2)ccc1C=CC#N,19.7
N#Cc1ccc(-c2ccc(-c3cccc(-c4ccc(-c5nc(Cl)nc(Cl)n5)cc4)c3)cc2)cc1,11.27
Cn1nc(-c2ccc(Cl)c(Cl)c2)nc1-c1ccc(-c2ccc(C#N)cn2)cc1,12.09
O=C(O)c1c(Cc2ccc(C(=O)N3CCN(c4ccc(F)cc4)CC3)cc2)c(=O)c2ccccc2n1Cc1cccc(-c2ccc(F)cc2)c1,33.02
N#Cc1nc(=NC(CNCc2ccccc2)c2ccccc2)nc[nH]1,32.68
CC(=NNC(=N)N=c1cc[nH]cc1)c1ccccc1,22.68
C=C1CCc2cc(Oc3cc(=NN=Cc4ccc(C)cc4)[nH]c(-c4ccc(-c5ccc(C#N)cc5)cc4)n3)ccc2C1,28.07
Clc1ccccc1C=NN=c1nc(N2CCOCC2)c2c([nH]1)CCSC2,18.41
CN1CCC(NC(=O)c2nc(-c3ccc(-c4ccc(C#N)cc4)cc3)nc(-c3ccc(-c4ccc(C#N)cn4)c(F)c3)n2)CC1,10.89
N#Cc1ccc(-c2ccc(-c3nc(-c4ccncc4)c(-c4ccc(C#N)cc4)o3)cc2)cc1,16.09
COCC#Cc1ccc(-n2c(C(F)(F)F)nc3cc(S(=O)(=O)c4ccc(C#N)cc4)cc(C#N)c32)cc1,30.92
CCCOC(=O)c1ccc(N=Cc2ccc(N=Cc3ccccc3O)cc2)cc1O,24.54
Cc1cccc(CC(=O)C=C(C=CC=CC(CC(=O)O)NC(=O)c2ccccc2)CC(=O)c2cccc3c2Oc2ccccc2C3(C)C)c1,56.3
N#CC(=Cc1ccc(-c2ccc(O)c(C(=O)O)c2)o1)C(=O)Nc1cccc([N+](=O)[O-])c1,25.5
N#Cc1cccc(N=c2[nH]cnc3c2cnn3-c2ccc(OCCN3CCCC3)cc2)c1,23.73
N#Cc1ccc(Cl)c(Cc2cc(C3OC(CO)C(O)C(O)C3O)ccc2Cl)c1,19.98
N#Cc1cc(C#Cc2nc(C(N)=O)c(F)c(F)c2F)nc(C#N)n1,27.44
NC(=O)c1ccccc1N=Cc1cccc(F)c1,20.58
CC(=O)c1nc(CC2CCCC(CSc3cccc(C(=N)N)c3)N2)nc2ccccc12,40.9
N#CC1CCC(N=c2ccc(C(=O)Nc3ccc4c(c3)C(=O)c3cc(C(=O)O)ccc3C4=O)n[nH]2)CC1,31.44
Cn1c2ccccc2c(=O)c2cccc(NCCCN)c21,23.97
N#CC=Cc1cccc(-n2nc(Sc3ccc(C#N)cc3)c3cc(C#N)ccc32)n1,25.16
N#Cc1ccc2[nH]c(-c3ccc(NC(=O)c4ccc(NC(=O)c5cc(-c6ccc(F)cc6)c6ncccc6c5)cc4)cc3)nc2c1,32.51
CCCCCCCCOC1CC(CNC(=O)C=Cc2ccccc2)C(O)C(O)(CN)C1NC(=O)C1CCNCC1,44.52
Cc1ccc(C2CC(=O)C3C(=Nc4ccccc4NC3c3ccccc3)C2)cc1,18.57
CC(=NN=C(N)N)c1cc(C=NC23CC4CC(CC(C4)C2)C3)ccc1O,26.06
N#CC=c1ccc(=C(C#N)C#N)cc1,11.34
CC(=O)c1sc(=NC(=O)c2ccc(C)c(S(=O)(=O)N3CCCC3)c2)[nH]c1C,25.47
COc1cc(C#N)cnc1-c1ccc(C#N)nc1,19.61
CC(C)(C)c1ccc(C=Cc2cc(C=Cc3ccc(O)c(C=Nc4cc(N)ccc4O)c3)nc(-c3ccc(C=Nc4cc(O)c(N)cc4O)cc3)c2)cc1O,41.8
CC(=O)Oc1ccc2c(=O)c(Oc3ccc(C(C)=O)cc3)c(C(F)(F)F)oc2c1,29.53
Cc1cc(-n2ccccc2=O)cnc1-c1cc(F)cc(C#N)c1,22.45
Cn1c(C#N)ccc1-c1ccc(-c2ccc(C(N)=O)c(O)c2)cc1Cl,27.08
N#CC(=Cc1ccc(-c2ccc([N+](=O)[O-])cc2)o1)c1ncc2cnn(-c3ccc(S(N)(=O)=O)cc3)c2n1,37.61
Cc1nc(Sc2nc(SCc3ccccc3)nc(-c3ccccc3)n2)nc(C(F)(F)F)n1,26.1
CCCCCn1cc(Sc2ccccn2)c(=O)c2cc3c(cc21)OCO3,29.15
CCCN1CCNC2c3ccc(N=c4cc[nH]c5cc(Cl)ccc45)cc3C(=O)CC21,28.41
CC(C)CCNC(=O)c1ccc(N2CCC(C(O)(c3ccc(F)cc3)C3CCCCC3)CC2)nn1,29.63
C#CCN(C)C1CCN(c2cc[nH]c(=NCc3ccc(-c4ccc(F)c(C)n4)cc3)n2)CC1,40.6
Clc1ccc(CNCCc2ccccn2)cc1Cl,21.18
N#Cc1cncc(-c2cc(N3CCOCC3)nc(C#N)n2)c1,13.45
Cn1cnc(-c2cccc(-c3ccc(-c4nc(CC5CCCCC5)nc(-c5ccc(-c6ccc(C#N)cc6)cc5)n4)cc3)n2)c1,26.28
N#Cc1ccc(NC(=S)OCCc2ccccc2)cc1,16.45
N#Cc1ccc(-c2ccc(-c3nc(-c4ccc(-c5ccc(C#N)cn5)cc4F)cc(C(F)(F)F)n3)cc2)cc1,12.45
CC(C)N(Cc1ccccn1)C(=O)c1cc2ccccc2c(-c2ccccc2)n1,26.65
Cc1c(OC2CCN(C)CC2)ccc2cc(NC(=O)c3ccc(-c4ccccc4)cc3)c(=O)oc12,19.49
N#Cc1cncc(-c2cc(-c3ccc(F)nc3)nc(-c3ccc(C#N)nc3)n2)c1,16.06
C=CCn1c(Cn2c(Cc3ccccc3)cc(-c3ccccc3)c2-c2ccc(C#N)cc2)nc2ccccc21,30.48
Fc1cc(-c2ccccn2)ccc1-c1ccnc(-c2ccc(Cl)c(Cl)c2)n1,17.14
N#Cc1c(-c2ccc(-c3ncccn3)nc2)cc(C2CCN(C#N)CC2)nc1-c1c(F)cc(F)cc1F,32.75
COC(=O)c1ccc(NC(=O)c2cc3c(s2)C(=O)c2ccccc2C3=O)cc1,28.03
N#Cc1ccc(N2C(=O)CN(C(=O)c3cc(N)c(O)cc3N=Cc3ccc(-c4nc(-c5ccc(C=Nc6cc(O)c(N)cc6O)cc5)nc(=N)[nH]4)cc3)c3ccccc3C2=O)cc1,29.33
COC=C(C#N)C(C#N)=Cc1ccc(-c2ccccc2C#N)n1C,34.23
N#Cc1ccc(-c2nc(-c3ccc(C=Nc4cc(O)c(N)cc4O)cc3)nc(-c3ccc(C=Nc4cc(O)c(N)cc4C(=O)NCCCn4ccnc4)cc3)n2)cc1,13.6
N#Cc1cccc(Oc2ccc([N+](=O)[O-])cc2C#N)c1,16.23
N#Cc1ccc(-c2nc(=N)[nH]c3cc(C#N)c(-c4ccc(-c5ccc(C#N)nc5)c(F)c4)cc23)cc1,24.67
Cc1ccccc1N(C(=S)Nc1ccc(-c2ccc(C#N)cc2)cc1-c1ccc(C#N)cc1)c1ccccc1,33.36
N#Cc1ccc(-c2nc(CCc3ccccc3)nc(-c3ccc(C#N)cc3)n2)cc1,11.34
N#CC=Cc1cc(C#N)nc(-c2ccc(-c3ccc(C#N)cc3)cc2)n1,15.28
CC(C)Oc1cc(-c2ccc(-c3ccc(C#N)cn3)cc2)nc(-c2ccccn2)n1,17.76
N#Cc1cccc(N=Cc2cn(O)c(=O)c3ccc(NC(=O)C=Cc4ccc(NC(=O)CBr)cc4)cc23)c1,48.4
N#Cc1ccc(-c2ccc(-c3ccc(-c4ccc5c(=O)nc(-c6cc7ccccc7o6)[nH]c5c4)cn3)nc2)cc1,37.39
C=c1[nH]n(-c2ccc(C#N)cc2)c(=O)c1=Cc1csc(-c2ccccc2)n1,21.18
N#Cc1ccc(-c2ccc(-c3nc(-c4ccc(-c5ccc(C#N)cn5)nc4)nc(C4CCCCC4)n3)cc2)cc1,11.4
N#Cc1ccc(-c2ccc(-c3ccc(CN4CCN(C=O)CC4)cc3C#N)cc2F)nc1,20.87
COc1cccc(N(C)Cc2cc(Cl)ccc2C#N)n1,24.85
Cn1c(-c2ccc(Br)cc2Cl)nc(-c2ccc(Cl)cc2Cl)c1-c1ccc(Cl)cc1,22.53
N#Cc1ccc(Nc2ccc(Br)cc2F)nc1C#N,21.73
Cc1ccnc(N=C2NCCO2)n1,19.94
N#Cc1cncc(-c2ccc3cc(C#N)cnc3c2)c1,13.33
Cc1ccc(Br)cc1C(=O)N=c1cc(C(=O)NCc2ccc(C#N)cc2)[nH]n1-c1ccccc1,32.41
N#Cc1ccc(-c2ccc(-c3nccc(-c4ccncc4)n3)cc2)cc1,11.57
N#Cc1cc(-c2nccnc2C2CN(c3ccccn3)C2)ccc1F,18.32
CCCc1nccc(C=Nc2nc(-c3ccc(F)cc3)cs2)n1,22.77
COc1ccc(Cn2[nH]c(=NC(=O)c3cc(C)nn3-c3ccccc3)cc2C)cc1OC,33.62
COc1ccc(C=CC(=O)C=Cc2ccc(Cl)nc2)c(Cl)c1Cl,27.11
CC(=O)c1ccc(N2CCN(c3nc4cc(-c5ccc6[nH]c(-c7nc(C)no7)nc6c5)nc(-c5ccc(C#N)cc5)c4n3-c3cccc(C#N)c3)CC2)cc1,45.49
C=Cn1c(Nc2ccc3c(c2)C(=O)c2ccc(N)cc2C3=O)nc2cc(C(=O)NCCN(CC)CC)ccc21,24.45
COc1ccc(C=Nn2c(-c3cnccn3)n[nH]c2=S)cc1OC,19.08
Cc1ccc(NS(=O)(=O)c2ccc(C(=O)Nc3sc4c(c3C#N)CCN(C)C4)cc2)c(Cl)c1,26.64
Cn1nc(C(C)(C)C)cc1C(=O)N1CCCC1c1nc2ccsc2o1,33.99
CC(=S)NCCNC(=O)c1cc(-c2nc(C#N)ccc2-c2cc(F)c(F)c(F)c2)nc2c(C#N)cccc12,44.28
CCNC(=S)c1nn(-c2ccc(Cl)cc2Cl)c(-c2ccccn2)c1OC(=O)NC,38.7
CN(C)C1CCN(C(=O)c2cc(Cc3n[nH]c(=O)c4c3NCCC4)ccc2F)CC1,22.64
COc1ccc(CC(=O)NC(=S)NC(Cc2c[nH]c3ccccc23)CC(C)C)cc1OC,38.04
CCc1ccc(-n2c(-c3ccc(-c4ccc(C#N)cc4)cc3)nc3ccccc3c2=O)cc1,20.38
N#Cc1ccc(-c2ccc(-c3nc(-c4ccc(C#N)cc4)nc(-c4ccc(-c5ncccc5C#N)nc4)n3)cc2)cc1,15.59
N#Cc1ccc(-c2nnc3ccc(-c4cccc(C#N)c4)cn23)cc1,13.09
CSc1nc(-c2ccc(F)cc2)c(-c2cc[nH]c(=NC(C)c3ccccc3)n2)n1CCO,22.25
C1=Nc2ccccc2C2c3ccccc3CCCN12,23.53
N#Cc1ccc(C(O)c2nc(-c3ccc(Oc4ccc(C#N)cn4)cc3)cs2)cc1,24.36
Cc1cc(OCc2nc(-c3ccc(C#N)cc3)nc(-c3ccc(C#N)cc3)n2)ccc1OC(C)(C)C(=O)O,15.59
N#Cc1cn(-c2ccc(C(N)=O)cc2)c2ccc(OCCCCN3CCN(c4cccc(Cl)c4Cl)CC3)cc12,21.77
N#Cc1ccc(CN(Cc2cccc(C#N)c2)Cc2ccc(-c3cccc(C#N)c3)c(C#N)c2)cc1,22.33
N#Cc1cnc2c(Nc3ccc4c(c3)C(=O)c3ccc(N)cc3C4=O)cccc2n1,14.72
N#CNC=NC(=O)c1cc(-c2ccc(-c3ccc(C#N)cn3)cc2)n(-c2ccncc2)n1,29.88
COc1cc2cc(-c3ccc(C#N)cc3)nc(-c3cccc(-c4cccc(C#N)c4)c3)c2cc1OC,22.14
CC(=O)NC1CC(c2nc(-c3ccc4c(ccn4-c4ncc(C#N)cn4)c3)cc(N3CCOCC3C)n2)C1,32.21
Cc1ccc(-c2nc(-c3ccc(C#N)cc3)ncc2COCc2cccnc2)cc1,21.89
c1ccc(CN2CCc3nnc(CN4CCCC4)n3CC2)cc1,21.71
C=c1[nH]c(=Cc2c(O)cnc3ccc(-c4cnc(Cl)c(NS(=O)(=O)c5ccc(F)cc5F)c4)cc23)c(C)c1C(=O)N1CCN(C)CC1,24.33
N#Cc1ccc(C=NNC(=O)C=NC(=O)Cc2ccccc2)cc1,19.7
Cc1cc(OCc2nc(-c3ccc(C#N)cc3)nc(-c3ccc(C#N)cn3)n2)ccc1CCC(=O)O,14.47
CC(c1cc(C#N)cc(-c2ccc(C#N)cc2)c1)c1cccc(-c2ccc(Cl)nc2)n1,28.13
CSc1ccc(-c2nc(N(C(C)=O)c3cccc(C)c3)cc(C(F)(F)F)n2)cc1,27.63
N#Cc1cccc(C=Cc2nccc(-c3cncc(C#N)c3)n2)c1,22.04
N=C(N)c1ccc(-c2cccc(-c3ccc(C(=N)N)cc3)n2)cc1,13.4
N#Cc1ccc(-c2ccc(-c3nc(SCC(=O)O)n[nH]3)cc2Cl)nc1,21.08
CCOc1ccc(-c2nc(-c3ccc(C#N)cc3)cc(-c3ccc(CCCO)cc3OCC(=O)c3cncc(C(=O)OC)c3C)n2)cc1C#N,49.05
Cc1ccc(N=Cc2ccc(C=Nc3ccc4c(c3)C(=O)c3ccc(N)cc3C4=O)cc2)cc1,13.74
N#Cc1cccc(-n2cc(C#N)ccc2=O)c1,13.03
N#Cc1cncc(-c2nc(C#N)nc(N3CCCC3)n2)c1,11.67
CC1=CCC(C#Cc2cnc(-c3cc(C#N)cc(C#N)c3)c(F)c2)CC1,32.33
Cc1csc(CNCCc2nc(-c3ccc(C(F)(F)F)cc3)cs2)n1,23.49
N#Cc1ccc(-c2ccc(-c3ccc(-c4nc(C=Cc5ccccc5)nc(-c5ccc(C#N)cc5)n4)cc3)cc2)cc1,21.58
C=c1oc(O)c2ccc(=C(C#N)C#N)cc12,15.77
N#Cc1c(N=CCc2ccc(Cl)cc2)sc2c1CCCC2,23.66
Cc1cc(C#N)ccc1NC(=O)Cn1nc(-c2ccc(C#N)cc2)c(-c2cccc(C#N)n2)n1,22.04
N#Cc1ccc(N=c2[nH]c(-c3cc(F)c(-c4cccc(F)c4)c(F)c3F)cs2)cc1,19.96
N#Cc1ccc(-c2nc3ccc(C(=O)O)cc3nc2-c2ccc(C=CCn3cc(Cc4ccc(-c5ccc(Cl)cc5)cc4)nn3)cc2)cc1,28.55
CN(C)c1ccc(-c2nc(-c3ccc(-c4ccc(C#N)cc4)cc3)nc(-c3ccc(-c4ccc(C#N)cn4)cc3)n2)cn1,15.85
Cc1cc(C(F)(F)F)nc(-c2cc(C#CC#Cc3ccc(C#N)cc3)nc(-c3ccc(C#N)cc3)c2)n1,22.86
Cc1nc(N2CCOCC2)nc2ccc(NC(=O)c3ccc(NS(C)(=O)=O)c(F)c3)cc12,26.19
N#Cc1ccc(-c2ccc(C=Cc3ncccn3)nc2)cc1,15.63
CC(C)=CCCC(C)=CCCC(C)=CCCC(C)=CC[n+]1nn(-c2ccc3c(c2)C(=O)N(C)CC3)c2ccccc21,40.14
N#Cc1ccc(-c2ccc(-c3nc(Sc4nc5cccnc5n4Cc4ccccc4)ncc3C#N)cc2)cc1,27.68
N#Cc1cccc(-c2cc(-c3nc(C#N)c(C#N)[nH]3)nc(-c3cccc(C#N)n3)n2)n1,17.37
N#Cc1ccc(-c2ccc(-c3cncc(C#N)n3)cc2)cc1,9.69
Cc1cnc(-c2ccc(-c3ccc(C(=O)N=c4cc(C(C)(C)C#N)cc[nH]4)cc3)nc2)nc1C(F)(F)F,22.72
CC(=O)NC1CCN(c2cc(-c3ccc(C#N)cn3)nc(C#N)n2)C1,16.68
Cc1cc(-c2cc[nH]c(=Nc3nccs3)n2)c(F)c(C(=O)N=c2cc[nH]c(C#N)n2)n1,30.49
COC(=O)C=CCc1ccc(OC(=O)Cc2ccccc2)c(OC(=O)c2ccc(C#N)cc2)c1,35.81
CC1(C)CCC(C)(C)c2cc(Sc3cc4cc(Cl)ccc4c(C(N)=O)n3)ccc21,34.25
COc1nccc(-c2ccc3nccc(-c4cccc(-c5cncc(C#N)n5)n4)c3c2)n1,29.57
Cn1cc(-c2ccccc2)nc1C=Cc1ccc2cc(C(=O)NCc3cccnc3)sn2c1=O,33.32
N#Cc1ccc(-c2ccc(-c3ncc(C#N)cn3)cn2)cc1,9.79
CC(C)(C)C(=O)COc1ncnc(Cl)n1,21.85
CCCC1NC2CCC(O)(c3ccccc3)CN2C(c2ccc(Cl)cc2)O1,39.19
N#Cc1ccc(-c2ccc(-c3nc(-c4ccc(C#N)cc4)nc(-c4ccccc4F)n3)cc2)cc1,10.8
N#Cc1ccc(-c2ccc(-c3nc(-c4ccc(-c5ccc(C#N)cn5)cc4)nc(-c4ccc(Cl)cc4Cl)n3)s2)cc1,11.21
N=c1ncn(Cc2ccc(F)cc2F)c2cnc(-c3ccco3)nc12,27.37
N#Cc1ccc(-c2ccc(-c3nc(C4CC4)n(-c4ccc(C#N)cn4)c3O)cn2)cc1,20.41
O=C(NC(Cc1c[nH]c2ccccc12)C(=O)Nc1cccc(C=CC(O)=NO)c1)c1ccc(N=NN2CCOCC2)cc1,34.64
COc1ncc(C)nc1C=CC#N,15.92
N#Cc1cccc(-n2c(=O)[nH]c(O)c(C=NCCCn3ccnc3)c2=O)c1,24.21
N#Cc1ccc(NC(=O)Nc2sc3c(c2C#N)CCCCCC3)cc1,23.7
N#Cc1ccc(C=Cc2ccc(-c3ccc(-c4ccc(N=Cc5ccncc5)cc4)cc3)cn2)cc1,22.0
COCCNC(=O)c1cc(=NC(=O)c2ccc(Cl)c(-c3ccc(C#N)cn3)c2)n(-c2ccccc2)[nH]1,16.86
N#Cc1ccc(C2CN(c3nc(-c4cccc(C(F)(F)F)c4)cc(=N)[nH]3)CCN2)cc1,24.12
C#CCN(CC#C)Cc1ccc(OCc2nc(-c3ccc(C#N)cc3Cl)nc(-c3ccc(OC(F)(F)F)cc3Cl)n2)cc1,35.48
Cc1[nH]oc(=NS(=O)(=O)c2ccc(-n3cc(-c4ccc(Cl)cc4)[nH]c3=O)cc2)c1C,25.12
N#CC=CCc1cc(C=CC#N)nc(C=CC#N)n1,16.73
Clc1ccc(-c2cc(=NCCc3ccccc3)[nH]c(-c3ccc(Cl)cc3)n2)cc1,18.31
CCN1C(=O)CCc2cc(-c3ccn(C(F)F)n3)cc(-c3cc(F)c(C(=O)NC)c(F)c3)c21,42.8
N#Cc1ccc(-c2ccc3c(=O)n(-c4ccc(-c5ccc(C(=O)O)cc5)cc4)c(C=Cc4ccc(-c5ccc(C#N)cn5)cc4)nc3c2)cc1,20.04
O=C(Nc1cccc(-c2ccnc(-c3cccc(C4CCNCC4)n3)c2)c1)c1cccnc1,34.21
Nc1ccc2c(c1)C(=O)c1ccc(Nc3ncccc3Nc3c(F)cc(F)cc3F)cc1C2=O,21.02
CCCc1cccc(=N)[nH]1,19.24
N=c1nc(N2CCNCC2)c2ccccc2[nH]1,19.78
N#Cc1cncc(-c2nc(-c3ccc(F)nc3)nc(-c3cccc(C#N)n3)n2)c1,15.71
CC(C)c1cc(-c2ccccc2)cc2c1cc(-c1ccc(C#N)cc1)c(=O)n2C,27.55
Nc1cc(O)c(N=Cc2ccc(O)cc2)cc1O,13.69
Cc1cccc(C#Cc2ccc(C(=O)NC3CCN(C)CC3)cc2)c1,22.73
CC(C)(Oc1ccc(OCc2nc(-c3ccc(-c4ccc(C#N)cc4)cc3)nc(-c3ccc(-c4ccc(C#N)cn4)c(F)c3)n2)cc1)C(=O)O,13.86
CC1=NC2(Cc3ccc(NC(=O)Cn4ccc5ccccc54)cc3C2)NC1=N,19.53
COc1ccc(-c2ccc(-c3nc4ccc(C)cn4c3NCc3ccncc3)cc2)cc1F,25.34
N#Cc1ccc(OC(=O)CCc2ccc(F)cc2)c(C#N)c1,22.13
Cc1cccc(-c2nc3ccccc3c(=O)n2N=Cc2ccc3ccccc3n2)c1,20.11
Cc1cc(-c2ccc(C#N)nc2)ccc1-c1nc(C(C)(O)c2ccc(C#N)cc2Cl)ccc1C#N,26.07
N#Cc1nccc(-c2ccc(C(=O)N3CCN(C=O)CC3)c(F)c2)n1,18.19
N#Cc1ccc(-c2ccc(-c3nc(-c4ccc(Cl)cc4Cl)nc(C=C(O)C(N)=O)c3C#N)cc2)cc1,31.98
N#Cc1ccc(-c2nnc(-c3ccc(C#N)cc3)c(-c3ccc(F)cc3)n2)cc1,12.48
Nc1ccc2c(c1)C(=O)c1ccc(N3C(=O)CCN=C3c3ccccn3)cc1C2=O,23.65
N#Cc1ccc(-c2ccc(-c3nc(CCF)nc(-c4ccc(-c5ccc(C#N)cn5)cc4)n3)cc2)nc1,18.14
N#Cc1ccc(NC(=O)c2cccc(NCc3cc(NC(=O)c4cc(-c5ccc(C#N)cc5)ncn4)ccc3C#N)c2)cc1,25.12
Cc1ccc(N(CC(=O)NCc2ccco2)C(=O)CNS(=O)(=O)c2ccccc2)cc1,23.72
C=Cc1cc(C=CC#N)nc(C=CC#N)n1,8.88
CCC=Nc1ccc(Br)c(Br)c1O,20.83
COc1ccc(NC(=O)c2cc(C=Cc3ccc(C#N)cc3)nc(C#N)n2)cc1,21.78
COc1cccc(-c2ccc(-c3nc(-c4ccc(C#N)cc4)nc(-c4ccc(-c5ccc(C#N)cc5)cc4)n3)cn2)c1,17.73
Cc1ccc(C)c(C(C#N)c2nc(-c3ccc(C#N)cc3)nc(-c3ccc(C#N)c(C(F)(F)F)c3)n2)n1,25.52
CN(C)C1CCN(C(=O)c2cc(-c3ccc(-c4ccccc4)cc3)nc(-c3ccc(-c4ccc(C#N)cc4)cc3)n2)CC1,21.29
O=S(=O)(c1ccccc1)N(OCc1ccccc1)C(CSn1nnc2ccccc21)Cc1ccccc1,44.88
N#Cc1ccc(-c2cc3c(=N)[nH]cc(C#N)c3sc2=NCc2c(Cl)cccc2Cl)cc1,27.98
N#Cc1ccc(-c2ccc(-c3cc(-c4ccc(C#N)cc4)nc(-[n+]4ccc(-c5ccncc5)cc4)c3)cc2)cc1,11.83
Cc1ccc(-n2cc(C=CC(=O)Nc3ccc(Cl)cc3)c(-c3cccnc3)n2)cc1,25.16
CC(C)N=C(N)c1ccc(OCC(=O)Nc2sc3c(c2C(=O)O)CCCC3)cc1,37.57
N#Cc1ccc(-c2ccc(CN3C(=O)C(NC(=O)Nc4ccccc4)CCc4ccccc43)c(F)c2)nc1,27.93
C=CCc1cc(-c2ccc(-c3ccccc3)cc2)nc(C=NO)c1O,21.27
Cn1ccc2cc(C(c3ccc(C#N)cc3)n3ccnc3)ccc21,22.18
Cc1ccc2cc(NC(=O)c3ccc(-c4ccc(C#N)cc4)cc3)ccc2n1,18.15
Fc1cccc(Cl)c1Cn1cc(-c2cccc(C(F)(F)F)n2)nn1,28.44
CCOC(=O)C1(C)N=C(c2c(Cl)cccc2Cl)NN1,25.92
N#Cc1ccc(-c2ccc(-c3nc(-c4ccc(-c5ccc(C#N)cn5)nc4)nc(-c4ccc5[nH]c(=S)[nH]c5c4)n3)cc2)cc1,21.63
N#Cc1cc(N2CCCC2COCc2ccccc2)nc2ccc(F)cc12,27.56
O=Cc1cc(C2c3cc4c(cc3Nc3coc(O)c32)OCO4)cc2ccccc12,23.29
N#Cc1cccc(CN2CCC(CNC(=O)C3CN(c4nc5nc(-c6cccnc6)nn5c(=N)[nH]4)CO3)CC2)c1,33.23
CCCc1ccc2[nH]c(-c3c(O)[nH]c4ccc(C#N)cc34)c(N=O)c2c1,29.14
N#Cc1ccc(-c2nc(-c3ccc(NCc4ccncc4)cc3)nc(-c3c(F)c(F)c(C#N)c(F)c3F)n2)cc1,16.62
N#Cc1ccc(-c2csc(N=Cc3ccccc3F)n2)cc1,15.25
N#Cc1cn(-c2ccc(C(=O)O)c(O)c2)c2ccc(-c3ccccc3F)cc12,22.57
N#Cc1cncc(-c2ccc(-c3ccn(CC4CC4)c(=O)c3C#N)cc2F)n1,20.69
N#CCn1c(C#N)cccc1=O,14.6
N#Cc1ccc(C=Cc2cc(C#Cc3ccc(Cl)nc3)nc(C#N)n2)cc1,21.26
CCCCc1ccc(-c2noc(CN(Cc3ccccc3)Cc3ccccc3)n2)cc1,17.77
CN(C)Cc1cc(-c2cc3c(-c4ccc(-c5ccc(C#N)cn5)c(OCc5ccnc(C#N)c5)c4)ncnc3cn2)ccc1F,39.57
N#Cc1ccc(NC(=S)N=c2cccc(Nc3ccc(C#N)cc3)[nH]2)cc1,23.4
CCCc1cc(-c2cc(C#N)cnc2-c2ccc(C#N)cc2)nc(C#N)n1,16.56
Cn1c(C#N)ccc1-c1cc(-c2ccncc2)nc(-c2ccc(C#N)cc2)n1,17.25
CCN1CCN(c2nc3cc(C)c(C)cc3[n+](C)c2-c2ccc(C=Nc3cc(O)c(N)cc3O)cc2)CC1,21.43
COc1ccc(CNC(=O)c2cc3ccccc3n2C(C)C)cc1OC,25.32
Cc1cc(C(=O)c2ccccc2)c(C)n1CC#N,24.12
Cc1ccc(S(=O)(=O)NCCCCN2C(=O)c3cccc4cccc(c34)C2=O)cc1,21.33
O=Cc1nc2c(cc1CO)CCCN2C(=O)N=c1cc(Oc2ccccc2)nc[nH]1,26.0
N#Cc1cccc2ccc3c(c12)NS(=O)(=O)c1ccccc1-3,23.18
O=C(COCc1ccco1)N1CCN(c2ccccc2F)CC1,20.84
Cc1[nH]c2ccccc2c1C=NN=c1nc(N2CCOCC2)c2sccc2[nH]1,25.38
Cn1cc(-c2ncc(-c3nc(C#N)cc(C#N)n3)c(F)c2F)ccc1=O,20.66
CC1=CC(C)(C)Nc2ccc(OS(C)(=O)=O)cc21,21.2
C#CC[N+](C)([O-])C=Cc1ccccc1-c1nc(-c2ccc(C=Nc3cc(O)c(N)cc3O)cc2)nc(-c2ccc(C=Nc3cc(O)c(N)cc3C(=O)Nc3ccc(C#N)cc3)cc2)n1,28.7
N#CC=Cc1cccc(C#Cc2cc(F)cc(C#N)c2)c1,13.37
CC(N)c1cccc(C#N)c1,20.31
N#Cc1ccc(-c2ccc(-c3ccc(C#N)cn3)nc2)nc1,12.16
Cc1ccc(-c2nc(-c3ccc(C(=O)NN=Cc4ccc(-c5ccccn5)cc4)cc3)nc(-c3ccc(-c4ccc(C#N)cc4)cc3)n2)cc1,20.19
N#CC=Cc1cccc(N2CCOc3cc(S(=O)(=O)N=c4cc[nH]cn4)ccc32)c1,23.52
Cc1ccc(-c2cc(-c3ccc(-c4ccc(C#N)cc4)cc3)nc(-c3ccc(-c4ccc(C#N)cc4)cc3)n2)cc1,17.95
CC#CCn1c(=Nc2cc(C#N)cc(NC(=O)C(CCC)c3ccccc3)n2)[nH]c2ccc(N3CCCC3C(=O)N3CCC(F)C3)cc21,46.3
CCC1NC(=O)C2CC(C)CN2C1=O,28.46
N#Cc1ccc(-c2ccc(-c3csc(-c4ccc5ccc6ccc(C#N)cc6c(=O)c5c4)c3)cc2)cc1,28.7
N#Cc1ccc(-c2nc(-c3ccccc3)cc(-c3cccc(C#N)c3)n2)cc1,14.03
CCc1nc(-c2ccc(C#N)cc2)c(C#N)c2c1CCN(C(=O)COc1ccc(C#N)cc1)C2,24.09
Cc1cc(=NC(=O)CSc2nnc(CO)n2Cc2ccccc2)[nH]o1,20.1
CN(C)CC(=O)Nc1ccc(Cl)c(-c2nc(-c3ccc(C#N)cc3)nc(-c3ccc(-c4ccc(C#N)cc4)cc3)n2)c1,21.16
COC1(c2cc(Sc3cccc(Cc4ccccn4)c3)ccc2C)CCOCC1,35.82
CC(=NC=CCC(N)(C(=O)O)C(=O)CCl)C(Cl)=C(Cl)Cl,44.39
O=C(NCc1ccccc1)c1ccc(C#Cc2cccnc2)nc1,22.61
Cc1ccc(Oc2nc(C#N)ncc2C(F)(F)F)cc1,23.05
C=CCOc1ccc(-c2nnc(-c3ccccn3)o2)cc1,20.89
N#Cc1ccc(-c2ccc(-c3nc(-c4ccc(-c5ccc(C#N)cc5)c(F)c4)cc(C(F)(F)F)n3)cc2)cc1,10.69
N#Cc1ccc(Cn2nncc2-c2ccc(-c3ccc(C#N)cc3)cc2)cc1,16.23
Cc1cn(-c2cc(NC(=O)C=Cc3cccc(OC(F)(F)F)c3)ccc2C#N)c(=O)n1Cc1cc(C(F)(F)F)cc(-c2ccc(C#N)cc2)c1F,31.56
N#Cc1ccc2c(c1)C(=O)c1ccc(Nc3cccc4cncnc34)cc1C2=O,24.99
N#CC1CCCCC1n1cc(C(N)=O)c(=Nc2ccccc2)[nH]1,19.07
CC(CO)N=c1nc(-n2ccnc2-c2cccc(NC(=O)c3cccc(C(F)(F)F)c3)c2)cc[nH]1,27.04
N#Cc1ccc(CSc2nc(Cl)c(C#N)c(-c3ccc(Cl)cc3)c2C#N)s1,19.5
Cc1sc(C=C(C#N)c2cc(=NCCc3cccc(F)c3)nc(-c3ccc(Cl)c(Cl)c3)[nH]2)nc1C(=O)O,38.25
N#Cc1cncc(-c2nc(-c3cncc(C#N)c3)nc(-c3cncs3)n2)c1,14.16
CC(=O)Oc1ccc(-n2c(N)c(C#N)c(-c3ccccc3)c(C#N)c2=O)cc1,22.47
COc1ncc(-c2cccc(C(=O)N=c3nc(-c4ccc(C#N)cc4)[nH][nH]3)c2)cn1,21.24
CN(C(=O)c1ccc(-c2ccc(C[S+](=O)(=O)c3nc4cc(F)c(F)cc4n3Cc3ccc(-c4ccccc4C(=O)O)cc3)c(F)c2)cc1)C1CCCNC1,56.78
CCN1CCCN(c2nc(=Nc3cccc(C#N)c3)c3cc(OC)c(OC)cc3[nH]2)CC1,25.09
CCCSc1nc(=NCc2ccccc2)c2ncn(C3OC(CO)C(O)C3O)c2[nH]1,21.75
CNC(=O)c1cc(Cl)cc(Cl)c1NC(=O)c1cc(C(C)C)nn1-c1ncc(C#N)cn1,22.2
CN1CCC(NC(=O)c2ccc3c(C4CCCC4)c(-c4ncccn4)n(C)c3c2)(C(=O)Nc2ccc(C=CC(=O)O)nc2)CC1,25.29
N#Cc1cncc(-c2cnc3cc(-c4ccnc(-c5cccc(C(=O)Oc6ccccc6)c5)n4)ccn23)c1,30.61
COc1cc2nccc(C(Cn3cncn3)(c3ccc(Cl)cc3)c3nc(C#N)ccc3C#Cc3ccc(C)nc3)c2cc1C#N,47.12
Nc1ccc2c(c1)C(=O)c1ccc(Nc3cc(NCCNCCO)nc(Nc4ccc5c(c4)C(=O)c4ccc(N)cc4C5=O)n3)cc1C2=O,11.53
CC(=O)N=c1cc(-c2cccc(-c3ccccn3)c2)[nH]c(-c2ccc(C#N)cn2)n1,23.95
Nc1ccccc1NC(=O)c1ccc(CNC(=O)C=Cc2ccco2)cc1,17.83
CN(C)CCC=C1c2ccccc2C=Cc2ccccc21,14.75
N#CC1=NOC(Cc2ccc(C=CC(O)=NO)ncc2=O)C1,39.13
N#Cc1cncc(-c2nc(-c3ccc(-c4ccc(C#N)nc4)cc3)nc(-c3cncc(C#N)c3)n2)c1,10.1
N#Cc1cncc(-c2nc(-c3cncc(Cl)c3)nc(-c3cncc(C#N)c3)n2)c1,13.11
N#Cc1ccc(-c2nc(C#N)nc(-c3cccc(C#N)n3)n2)cc1,12.87
CC(C)Cc1ccc(-c2nc(-c3ccc(C#N)cc3)nc(-c3ccc(C#N)cc3)n2)cc1C#N,12.33
N#Cc1ccc(C#Cc2ccc(-c3nc(-c4ccccc4)nc(C4CCNCC4)n3)cc2)cc1,22.81
Clc1ccc(Cn2cc(C=NN=c3cccc(Cl)[nH]3)c3ccccc32)cc1,24.99
Cc1ccn(C(C#N)C(=O)Nc2ccc3c(c2)C(=Cc2ccc(-c4cncc(C#N)c4)nc2)CC3)n1,31.77
Cc1cc(N)ccc1-c1cc(C2CCCC2)nc(-c2c(F)c(F)c(C#N)c(F)c2F)n1,24.38
N#Cc1ccc(-c2ccc(C=Nc3cc(O)c(N)cc3O)cc2)cn1,13.41
N#Cc1cccc(-c2ccc3c(c2)C(=O)c2cc(Cl)ccc2C3=O)n1,21.56
NC(=O)c1nn(-c2ccc(N)cc2)c2c1CCc1cc(Nc3ncccc3-c3ccccc3)ccc1C2,25.43
Cc1ccccc1N(CCC#N)CCC#N,17.99
N#Cc1cc(NC(=S)NN=Cc2cccc(F)c2)cc(C(F)(F)F)c1,22.99
N#Cc1ccc(-c2cc(C(=O)NCc3nnc4ccc(C(F)(F)F)cn34)ccc2C#N)cc1,26.83
CN1CCC(N2CCN(c3nc(-c4nc(-c5cccc(C#N)c5)c5ccccc5n4)nc(N4CCN(C)CC4)n3)CC2)CC1,33.53
N#Cc1ccc(-c2nc(COc3ccc(C4CCC(=O)OC4)cc3)nc(-c3ccc(-c4ccc(C#N)cn4)nc3)n2)cc1,24.13
CC(C)c1nc(=Nc2ccc3c(c2)CNC3=O)c2c([nH]1)CCN(c1ncc(C(=O)O)cc1C#N)CC2,27.42
N#Cc1ccc(N=Nc2cc(C(=O)N=C3CCNCC3)cn3ccnc23)nc1,37.03
N#Cc1cncc(-c2cc(N3CC4CCC(C3)O4)nc(-c3cccc(C#N)n3)n2)c1,14.98
COc1cc(-c2cccc(C#N)n2)c(F)cc1-n1c(=O)ccc2cc(S(=O)(=O)N=c3cco[nH]3)ccc21,23.07
CC1(C)C(=O)Nc2cc(-c3csc(-c4cnc(=N)[nH]c4)n3)ccc21,29.14
N#Cc1ccc(-c2ccc(-c3cccc(C#N)c3)cc2)nc1,11.05
Cc1cc(-c2nc(-c3cncc(C#N)c3)nc(-c3cccc(C#N)n3)n2)ccn1,10.02
NC(=O)c1cccc(Nc2ccc3c(C=Cc4ccccn4)[nH]nc3c2)c1,22.99
CCN(C)CC#Cc1ccc2[nH]cnc(=Nc3cccc(C#N)c3)c2c1,24.32
COc1ccc(Cl)c2nc(N3CCN(C)CC3)cc(-c3ccc(Br)cc3)c12,27.06
Cc1ccn(-c2ccc(-c3cc(=Nc4cccc(C#N)c4)[nH]c(CCc4ccccc4)n3)cc2)n1,21.58
Cc1cc(=NCCCCCCn2c(O)c3n(c2=O)CCC3)nc(-c2ccc(C#N)cc2)[nH]1,27.7
Cc1cnn(CCN(C)Cc2cc(Cl)ccc2C#N)c1,22.96
N#CC=Cc1ccc(-c2ccc(C3=NC(=S)NC(c4ccc(C#N)cc4)C3)cc2)cn1,22.72
CCN1CCC(NC(=O)c2cc(-c3ccc(-c4ccc(C#N)cn4)cc3)nc(-c3ccc(-c4ccc(C#N)cn4)cc3)n2)CC1,20.05
Fc1ccc(C(CCCN2CCC(c3ccccc3)CC2)c2ccc(F)cc2)cc1,18.37
Cc1nc(-c2ccc(-n3c(-c4cccc(C(F)(F)F)c4)nc(C(=O)c4ccc(Cn5ccnc5C)cc4)c3O)cc2)co1,29.46
N#Cc1ccc(-c2ccc(-c3nc(Cc4ccccn4)nc(-c4ccc(-c5ccc(C#N)cn5)cc4)n3)cc2)cc1,14.91
N#Cc1cccc(C#Cc2ccc(C(F)(F)F)cc2-c2cncc(C#N)c2)c1,15.85
N#Cc1cnc(-c2ccc(O)c(Cl)c2)c(-c2ccc3c(n2)N(c2nnc(Cl)c(C#N)n2)CCO3)c1,32.32
CCn1ccc(=O)c(-c2cc(-c3ccc(-c4ccc(C#N)cc4)cc3)cc(-c3ccc(-c4nc(Cl)nc(Cl)n4)cc3)c2)c1O,30.03
Cc1ccc(-c2nc(S(=O)(=O)c3ccc(C)cc3)c(S(=O)(=O)c3ccccc3)o2)cc1,21.35
N#Cc1cccc(-c2nc(=O)c3ccccc3o2)c1,16.23
Cc1ccc(C=Cc2nc(-c3ccc(C#N)cc3)nc(-c3ccc(-c4ccc(C#N)cc4)cc3)n2)nc1,19.51
CC(CS)C(=O)Nc1ccc2c(c1)COc1ccc(N(Cc3ccc(C=CC(=O)O)cc3)S(=O)(=O)c3ccc(C#N)cc3)cc1C2=O,37.62
Cc1cccc(-c2nc(-c3cncc(C#N)c3)nc(-c3cncc(C#N)c3)n2)n1,11.31
COc1cccc(-c2nc(-c3ccc(C#N)cc3)c3c(n2)-c2c(cc(C(=O)Nc4ccc(CN5CCN(C)CC5)cc4)n2C)CC3)c1OC,41.11
N#Cc1ccc(-c2nc(-c3ccc(-c4cccc(-[n+]5ccc(-c6ccncc6)cc5)n4)cc3)nc(C3CCCN3C(=N)N)n2)cc1,18.36
COc1cccc(-n2c(-c3ccc(-c4ccccc4)nc3OC)nn(Cc3ccc(S(=O)C(F)(F)F)cc3)c2=O)c1F,46.02
N#Cc1cncc(-c2nc3c([nH]2)-c2ccc(-c4cccnc4)cc2C3)c1,19.65
N#Cc1ccc(-c2ccc(-c3nncn3-c3ccc(NC(=O)C(=O)c4c[nH]c5ccccc45)cc3)cc2)cc1,32.56
N#Cc1ccc(-c2ccc(-c3cc(C(=O)NC4CCCC4)nc(-c4ccc(-c5ccc(C#N)cc5)cc4)n3)cc2)cc1,12.25
N#Cc1ccc(-c2cc(-c3cnc(C#N)c(C#N)c3)nc(C#N)n2)nc1,13.46
CN(C)CCN(C(=O)Nc1ccc(OC(F)(F)F)cc1)C1CCc2cc(Oc3ccc(C#N)cn3)ccc2C1,30.12
Cc1cc(C)cc(NS(=O)(=O)c2c(C)nc3sc(C)c(C)n3c2=O)c1,24.36
N#Cc1ccc(-c2nc(-c3ccc([N+](=O)[O-])cc3)nc(-c3cncc(C#N)c3)n2)cc1,11.52
N#Cc1ccc(-c2cccc(-c3ccc(-c4ccc(-c5nc(Nc6ccc7c(c6)C(=O)c6ccc(N)cc6C7=O)nc(-n6ccc(C=NO)c6)n5)cc4)cc3)n2)cc1,22.38
CCOC(=O)C(C)(C(=O)OCC)c1c(C)nc(-c2ccc(-c3cccc(-[n+]4ccc(-c5ccncc5)cc4)n3)cc2)n1C,28.5
O=c1cc(-c2ccccc2)oc2cc(O)c(O)c(O)c12,17.07
CN(C)CCCOc1ccc(-c2cc(N3CC4CC3CO4)nc(-c3cncc(C#N)c3)n2)nc1,20.38
N#Cc1ccc(-c2cc(Oc3ccc(-c4nc5ccc(C(F)(F)F)cc5s4)cc3)cc(C#N)n2)cn1,29.47
COc1cc(-c2nc(-c3ccc(C#N)cc3)nc(-c3ccc4ccnn4c3)n2)ccc1-c1ccc(C#N)cc1,22.69
N#Cc1ccc(-c2cc(Cc3ccc(-c4cccc(C#N)n4)cc3)nc(-c3ccc(Cl)cc3)n2)cc1,21.85
N#Cc1ccc(-c2ccc(CN3C(=O)NC(=S)N(c4ccccc4)C(=O)C3Cc3ccccc3)cc2)cc1,28.24
CC(=O)Oc1c(C#N)c2ccccc2c2ncccc12,24.47
C=C(C)c1nc(-c2ccccn2)cc(-c2noc(-c3nc(C#N)cn3C)n2)n1,38.14
CC1CCc2cc(C#N)ccc2N1CC(=O)N1CCN(c2nc(Cl)ncc2Cl)CC1,28.52
N#Cc1cncc(-c2nc(-c3cncc(C#N)c3)nc(-c3cc(C#N)c(F)cn3)n2)c1,13.02
Cc1ccc(C(N=C2NS(=O)(=O)c3ccccc32)C(=O)OCC[n+]2ccc(C=NO)cc2)cc1,32.7
N#Cc1ccc(-c2ccc(-c3cc(F)cc(C#N)c3)nc2)nc1,10.1
N#CCc1cc(=Nc2ccc(C#N)cc2)[nH]c(-c2ccc(Cl)cc2)n1,15.97
N#CCCNc1cc(O)c(N=Cc2ccccn2)cc1O,14.62
N#Cc1ccc(-c2nnc(-c3ccc(-c4cccc(-c5ccc(-c6nc(Cl)nc(Cl)n6)cc5)c4)cc3)o2)cc1,14.73
N#Cc1ccc(NS(=O)(=O)c2cc(-c3cc(F)cc(-c4nc(-c5ccc(-c6ccc(C#N)cc6)cc5)nc(-c5ccc(-c6ccc(C#N)[nH]6)nc5)n4)c3)ccc2C#N)cc1,42.42
N#Cc1ccccc1-n1c(O)ccc1O,19.09
N#CC(C#N)=c1ccc(=C(C#N)c2nc3ccccc3o2)cc1,15.29
N#Cc1ccc(-c2cc(-c3ccc(C(=O)NC4(C#N)CCNCC4)cc3)c(F)c(-c3cccc(C#N)n3)n2)cc1,36.2
CC1(c2ccccc2)NC(=O)N(CC(=O)NCc2ccc(F)cc2)C1=O,22.44
Nc1ccc2c(c1)C(=O)c1ccc(Nc3nc(=Nc4ccc(Cl)c(Cl)c4)nc(CCl)[nH]3)cc1C2=O,19.09
N#Cc1ccc(-c2ccc(C(=O)NCc3ccc4c(c3)CCN4C(=O)c3ccc([N+](=O)[O-])cc3)cc2)cc1,28.2
Cc1noc2cc(N=c3nc(-c4ccc(C#N)cc4)nc(-c4ccc(-c5ccc(C#N)cc5)cc4)[nH]3)ccc12,27.64
N#CC=Cc1nnc(-c2ccc(-c3cccc(-c4cc(C(=O)O)nc(-c5ccc(C#N)cc5)n4)c3)cc2)s1,30.6
Clc1ccc(C=Nc2nc3ccccc3[nH]2)cc1,20.17
N#Cc1ccc(C#N)c(OC2CN(c3ccc4ccccc4n3)C2)n1,19.68
N#Cc1cncc(-c2ccc3c(c2)C(=O)N(CC(=O)Nc2ccc4c(c2)OCCO4)CCO3)c1,27.85
COc1cc(O)nc(C=CC=C(C)C=CC2=C(C)CCCC2(C)C)c1C,24.95
CC(=O)Nc1ccc(NC(=O)CSc2nc(=O)c(C#N)c(C3CCCCC3)[nH]2)cc1,24.46
N#Cc1cc(-c2ccc(F)cc2)nnc1OCC=Cc1ccc(-c2ccccc2)cc1,23.17
O=C(NC1CC2CCCC(C1)N2C1CC1)c1ccccc1,27.7
N#Cc1ccc(C#Cc2ccc3c(c2)C(=O)N(C2CCC(=O)NC2O)C3=O)cc1,16.98
N#Cc1ccc(N=c2ccc(-c3ccc4ccccc4c3)n[nH]2)cc1,18.97
N#Cc1ccc(-c2ccc(-c3cc(OCCc4c[nH]c5ccc(C#N)cc45)nc(=O)c(-c4ccc(C#N)nc4)n3)cc2)cc1,36.21
Cc1cc(C#N)cc(-n2nc(-c3ccc(C#N)cc3)c3c2CCN(C(=O)Nc2cccc(C#N)c2)C3)n1,26.08
N#Cc1ccc(C(=N)Nc2cccnc2)cc1,20.5
N#Cc1ccc(Sc2[nH]c(=N)c(C#N)c(-c3ccc(Cl)cc3)c2C#N)cc1,13.25
N#Cc1ccc(-c2ccc(-c3nc(C(=O)NC4CCNCC4)cc(-c4ccc(-c5ccc(C#N)cn5)c(F)c4)n3)cc2)cc1,15.0
COCCN(C)c1nc(C)nc(Cc2[nH]c(=Nc3ccc(C4CNCCO4)cc3)ncc2Cl)n1,32.54
CC(C)C1C(=O)N(c2ccc(C#N)cn2)CC12CCN(Cc1cn(-c3ccccc3)nc1-c1ccc(C#N)cc1)CC2,21.94
CC1(N)CCN(c2ccc[nH]c2=NC(=O)c2cncc(-c3cncc(C#N)c3)n2)CC1,20.03
Cc1cccc2sc(C3CCCN3c3nc(-c4ccc(F)c(-c5nc(C(F)(F)F)co5)n4)nc(N(C)CCO)n3)nc12,38.08
N#Cc1cncc(-c2cnc3cccc(Cl)c3c2)c1,18.71
C#CC(=O)CC=CCCCCC=CCCC=CCC#CC#CCCCCC,33.81
CCCCCCCCn1cc(-c2ccc(C#N)cc2)c(CCC(=O)O)c1C(=O)O,36.11
CCOC(=O)C1C(C)=Nc2ccnn2C1c1ncc[nH]1,31.32
CSc1sc(C(=N)N)cc1-c1ccc(NC(=O)c2c(Cl)cccc2Cl)cc1,24.34
Cc1ccc(S(=O)(=O)NCCCC(c2ccccc2)c2cc(-c3ccc(C#N)cc3)nc(-c3ccc(-c4ccc(C#N)cc4)cc3)n2)cc1,23.33
N#CCCCn1c(-c2ccc3c(c2)C(=O)N(Cc2ccc(C(=O)O)cc2)C3=O)cc2ccccc21,34.78
N#CCn1c(-c2ccc(C#N)cc2)nc(-c2ccc(C#N)cc2)c1-c1ccncc1,12.26
COc1cc(N=Cc2ccccn2)ccc1-c1nnc(-c2ccc(C=Nc3ccc(N)c(O)c3)cc2)o1,24.0
CNC(=O)N1CCN(C(=O)CC(NC(=O)c2ccc(N(C)Cc3nc(C#N)c4nc[nH]c(=N)c4n3)cc2)C(=O)OC)CC1,36.49
CN(Cc1ccc(-c2nc(-c3ccc(C#N)cc3)nc(-c3cccnc3)n2)cc1)C(=O)C=Cc1ccc(C#N)cc1,27.6
N#CC(=Cc1ccccc1)C(N)=O,17.8
N#Cc1ccc(C=CC(=O)NC2CCC(CN3CCC(c4cccc5ccccc45)CC3)CC2)cc1,21.19
Cn1nc(C(=O)NCc2ccc(F)cc2)cc1C(=O)Nc1ccc(-c2nc(C(N)=O)nc3ncccc23)cc1,35.69
N#Cc1ccc(-c2nc3ccccn3c2C=NN=C(N)N)cc1,18.16
N#Cc1c(F)c(F)c(-c2nc(-c3ccc(C#Cc4ccccc4)cc3)nc(C3CC3)n2)c(F)c1F,18.78
O=C(c1ccccc1F)N1CCN(c2ccc(-c3noc(C(F)(F)F)n3)nc2)CC1,20.65
N#Cc1ccc(-c2ccc(-c3nnc(Cc4nc(C#N)[n+]([O-])c5cc(C#N)ccc45)n3N)cc2)cc1,35.89
O=C(NCc1cccs1)C1CCC(=O)N(Cc2cccc(Cl)c2Cl)C1,27.42
N#Cc1c[nH]c2ccc(NCc3cccc4cnccc34)cc2c1=Nc1ccc2[nH]ccc2c1,28.75
CC(C)NC(=O)c1cccc(-c2cnc3ccc(-c4cc(Cl)cc(C#N)c4)cn23)c1,26.27
CC(C)(C(=NO)c1ccc(C#N)cc1)c1ccccc1,22.87
N#Cc1ccc(-c2ccc(C=NNC(=O)c3ccncc3)o2)cc1,13.83
Cn1cc(-c2ccc(-c3nc4c(N5CCN(Cc6ccc(F)cc6F)CC5)nc(C#N)nc4s3)cc2)cn1,26.48
N#Cc1cccc(-c2ccc3c(-c4cccc(C#N)n4)cnn3c2)c1,20.19
CCN1CCN(c2nccn3c(Cc4cccc(C#N)c4)c(-c4ccc(C#N)cc4)nc23)CC1,26.27
N#Cc1cccc(C(CC(c2ccccn2)c2ccccn2)=NO)c1,27.58
N#Cc1ccc(-c2nc(-c3ccc(F)cc3)cc(-c3ccc(Cl)cc3)n2)c(Cl)c1,17.34
Clc1cccc(N=c2nc(N=Cc3ccc4ccccc4n3)[nH]c3ccccc23)c1,27.7
Cc1ccc(OCCN(CCn2cnc3cc4c(cc3c2=O)OCC4)Cc2ccnc(C#N)c2)c(-c2nc(C)n[nH]2)c1,48.22
CC(C)S(=O)(=O)NCC1CC(c2ccccc2F)=NO1,20.3
N#Cc1ccc(-c2ccc(-c3nc(C#N)nc4c(-c5ccc(F)c(C#N)c5)nc(C#N)nc34)cc2)cc1,19.22
N#Cc1ccc(CCn2nc(Cc3ccc(-c4ccccc4C#N)cc3)c3ccccc3c2=O)cc1,21.74
N#Cc1ccc(-c2ccc(-c3nccc(-c4ccc(F)cc4)n3)cc2)cc1,15.36
CCCCc1nc(-c2ccc(C#N)cc2)nc(-c2ccc(C=Cc3cccc(OCCc4ccc(F)cc4)c3)cc2)n1,31.93
N#Cc1ccc(-c2ccc(-c3nc(-c4ccc(-c5cccc(C#N)n5)c(Cl)c4)cc(C(F)(F)F)n3)cc2)cc1,14.71
Cc1ccc(-c2nc(OC3CCC(O)CC3)nc(-c3ccc(-c4ccc(-c5cc[nH]c(=NCCCC(F)(F)F)n5)cc4)cc3)n2)cn1,43.68
N#Cc1cccc(-c2cccc(-c3ccc(CN4C(=O)c5ccccc5C4=O)cc3)n2)n1,18.68
N#Cc1cccc(Oc2ccc(S(=O)(=O)N=c3ccc(F)c[nH]3)cc2C#N)c1,14.23
N#CC(=Cc1cn(-c2ccccc2)nc1-c1ccc(C#N)cc1)c1ccccn1,17.72
CN1CCN(C(=O)c2ccc(=Nc3nc(C4CCN(C(=O)c5cc(F)cc(F)c5)C4)cn4nc(-c5ccco5)nc34)[nH]c2)CC1,35.81
Cc1cc(CC#N)cc(N=Cc2c(O)[nH]c(=O)c3ccccc23)c1,22.66
CC(=O)c1cccc(-c2ccc(C(=O)c3ccc(O)cc3)s2)c1,22.81
C=CCc1cc(C=Cc2cc(C=Cc3ccccc3)nc(Cl)n2)ccc1OC,20.99
Cc1cc(OCCCS(C)(=O)=O)cc(C)c1-c1cccc(COc2ccc(-c3cccc(C#N)n3)cc2)c1,17.7
COc1cc(-n2c(C)nn(Cc3ccccc3)c2=O)ccc1-c1ccc(C#N)nc1,24.91
CCN(CC)CC=NC(=O)CNC(=O)c1nc(-c2ccc(Cl)cc2)n(-c2ccc(Cl)cc2)n1,29.34
Cc1ccc(CNC(=O)c2cc(OC3CCN(C)CC3)cc(-c3cn(C)nc3C)n2)cc1,31.72
N#Cc1ccc2nc(-c3cccc(OCCCOc4ccc(-n5cccn5)cc4)c3)oc2c1,30.65
CC1=CCCC(C)(C)C1C=Cc1cc(C#N)nc(C(=N)C#N)n1,35.7
N#Cc1ccc(-c2ccc(-c3c(F)cccc3-c3cccc4c3C(=O)OC4)cc2)cc1,24.25
COC(=O)N1CCC2(CC1)C(=N)NC(C)(c1cc(Cl)ccc1F)CS2(=O)=O,28.01
Cc1nccc(C=CC#N)n1,14.98
N#Cc1ccc(Cc2nc(-c3ccc(-c4ccccc4C(=O)O)cc3)nc(-c3ccccc3)c2-c2ccccc2)cc1,22.76
Cn1c(-c2ccc(N=CN3CCN(C=O)CC3)cc2)c(C#N)c2ccc(F)cc21,22.44
N#CC=Cc1cccc(C=Cc2ccnc(C=CC#N)n2)n1,12.18
N#Cc1ccc(-c2ccc(-c3nc(-c4ccc(-c5ccc(C#N)cn5)cc4)nc(-c4ccc(-c5ccc(C#N)cc5)nc4)n3)cc2)cc1,9.06
Brc1cccc(N=c2[nH]cnc3ccsc23)c1,18.76
N#Cc1ccc(-c2ccc(-c3nc(CC4CC4)nc(-c4cncc(C#N)c4)n3)cc2F)nc1,14.87
Cn1ccc2cc(-c3nc(N4CCOCC4)c4ncnc(-c5cncc(C#N)c5)c4n3)ccc21,29.23
CNC(C)C(=O)N=c1cc(-c2c(C(F)(F)F)nc3[nH]c(=O)cc(C)n23)cc(NC(=O)c2nc(C#N)cn2C)[nH]1,43.34
Cc1ccc(-c2cc(-c3nc(-c4ccccc4)c(C#N)c(=N)[nH]3)cc(-c3ccc(C#N)cc3)n2)cc1,22.82
Cc1nc(CNC(=O)c2cc(-c3ccc(C#N)cc3)nc(-c3ccc(C#N)cc3)n2)cs1,16.27
N#Cc1cccc(C#Cc2cnc(-c3cccc(F)c3)nc2)c1,21.72
N#Cc1ccc(-c2ccc(-c3nc4ccc(C(F)(F)F)cc4[nH]3)cc2)cc1,18.36
N#Cc1ccc(-c2cnccc2-c2nc(-c3cncc(C#N)c3)nc(-c3cccc(C#N)n3)n2)cc1,14.87
N#Cc1ccc(-c2ccc(-c3ccc4ncn(-c5ccc6ncccc6c5)c4c3)cn2)nc1,31.21
Cc1cc(C#Cc2ccc(-c3ccc(C#N)cc3)nc2)nc(-c2ccc(C#N)cc2)n1,14.65
O=Cc1ccccn1,12.88
Cc1ccc(-c2nccc(C(=O)NCCc3ccc(C#N)cc3)n2)cc1C#N,21.61
Nc1ccc2c(c1)CCc1cc(NS(=O)(=O)c3ccccc3)ccc1C2=O,16.25
N#Cc1ccc(-c2ccc(-c3nc(-c4ccc(-c5cccc(C#N)c5)nc4)nc(-c4cc(C#N)cc(-c5ccc(C#N)cc5)c4)n3)cc2)cc1,18.35
N#Cc1cccc(NC(=O)NC2CCC(Oc3ccc(-c4cncc(C#N)c4)cn3)CC2)c1,23.73
N#Cc1ccc(-c2cc(C#N)cnc2-c2ccc(Cl)cc2)cc1,13.05
N#Cc1cc[nH]c(=O)c1,17.35
N#Cc1cccc(CN=c2cccc(-c3cc(=NC4CCC(C(N)=O)CC4)[nH]cc3Cl)[nH]2)c1,24.1
N=C(N)N=Cc1ccc(-c2nc(-c3ccc(C=NO)cc3)nc(-c3ccc(C=Nc4cc(O)c(N)cc4O)cc3)n2)cn1,17.88
N#CCC=C1C(=O)Nc2ccc(Cl)cc21,23.83
O=C(O)c1n[nH]c2ccc(-c3ccccc3Cl)cc12,25.64
N#Cc1ccc(-c2ccc(-c3nc(-c4cccc(-c5ccc(C#N)cc5)n4)no3)cc2)cc1,14.54
COc1ccc(-c2csc(=NC(=O)CSc3ccc(C#N)cc3C#N)[nH]2)cc1,18.86
CC(=O)c1cc(N)c(O)cc1N=Cc1ccc(-c2nc(-c3ccc(C=Nc4cc(O)c(N)cc4O)cc3)nc(-c3cccc(C=CC(O)=NO)c3)n2)cc1,17.5
CC(C)(N)c1nc2cc(Cl)c(Cl)cc2n1CC(=O)c1ccccc1,28.52
COCC(=O)Nc1ccc(-c2nc(=Nc3ccc(F)c(F)c3)cc[nH]2)cc1C#N,21.57
O=[N+]([O-])c1ccc2c(=Nc3ccc(N(CCCl)CCCl)cc3)c3ccccc3[nH]c2c1,21.32
N#Cc1cc(Cl)ccc1C(=O)NCC1CCCNC1,22.1
N#Cc1cn(Cc2ccc(F)cc2)c2cccc(F)c2c1=O,20.11
Brc1cc(Br)c2cccnc2c1NCc1ccncc1,24.23
N#Cc1ccc(-c2nc(-c3cccc(F)c3)cc(-c3cc(C(F)(F)F)cc(C(F)(F)F)c3)n2)cc1,19.2
N#CCOC1CCC(c2ccc(-c3nc(-c4ccc(C#N)cc4)nc(-c4cncc(C#N)c4)n3)cn2)CC1,21.29
N#Cc1ccc(-c2ccc(-c3nc(-c4ccc(-c5ccc(C#N)cc5)cc4)nc(-c4ccc(-c5ccc(C#N)cc5)s4)n3)cc2)cc1,12.92
COc1ccnc2ccc(C3=Nc4nc(ccc4Sc4cnc5ccccn45)N=C3)c(F)c12,33.08
O=C1c2ccccc2C(=O)N1CC=NN=c1[nH]c(-c2ccc(Cl)c(Cl)c2)cs1,21.77
CC(C)c1cc(-c2ccc(-c3ccc(C#N)cn3)cn2)nc(-c2ccc(-c3ccc(C#N)cc3)cc2)n1,11.64
N=C(N)c1ccccn1,17.45
N#Cc1ccc(-c2ccc(-c3nc(-c4ccc(C(N)=NO)cc4)nc(-c4ccc(N)c(N)c4)n3)cc2)cc1,21.9
CN(CCO)C(=O)c1cc(NC(=O)C2CC=CC2)[nH]c(=NC(=O)c2cccc(-c3ccncc3F)c2)c1,38.66
N#Cc1cccc(-c2cn(Cc3nc(-c4ccc(Cl)cc4)no3)nn2)c1,20.04
N#CC(C(Cc1ccc(Cl)cc1)=NC(=O)c1ccccc1)c1ccc(Cl)cc1,22.64
C=CC(=O)N1CCC(n2nc(Sc3ccc4nc(C#N)ncc4c3)n(Cc3cn(Cc4ccc(C#N)cc4)nn3)c2=O)CC1,40.89
CC(=O)N1N=C(c2ccc(F)c(F)c2)CC1c1cc2ccccc2c2c1c(=O)c(C(=O)O)cn2C,32.45
CCOc1cc(N2CCC(N3CCC(C)(C)C3)CC2)ccc1N=c1[nH]c2c(c(=Nc3c(F)cc(C#N)cc3C(N)=O)[nH]1)CCN2,40.94
C=c1[nH]c(=Cc2cccc(-c3ccccc3)n2)cc(C(O)c2ccc(C(C)(C)C)cc2)c1=O,36.68
Cn1c(C#N)ccc1-c1cc(F)cc(-c2nc(-c3ccc(C#N)cc3)nc(-c3ccc(C#N)cc3)n2)c1,16.95
N#Cc1cc(C=Nc2ccc(-c3n[nH]c(=Nc4ccc(Cl)cc4)s3)cc2)n(-c2ccc([N+](=O)[O-])cc2)c1,32.28
Cc1c(C#N)cccc1-c1[nH]c(=Nc2cccc(C(=O)Nc3cccc(C#N)c3)c2)ncc1F,24.11
N#Cc1ccc(-c2cccc(C(=O)N=c3cc[nH]cc3)c2)nc1,19.4
CCCCCCCCCCOc1cc(CCCCC)cc(CN(CCC=Cc2ccccc2)C(=O)CO)c1,34.65
N#Cc1cc(C(=O)N=CC(C#N)C(=O)Nc2cccc(C(F)(F)F)c2)ccc1F,32.45
N#Cc1cncc(-c2ccc3nc(-c4cncc(C#N)c4)cn3c2)c1,13.3
N#Cc1ccc(C=CC(=O)N2CCN(CC#Cc3cccnc3)CC2C#N)cc1,26.83
N#Cc1ccc(-c2ccc(-c3nc4c(N5CCOCC5)nccn4c3C#N)cc2)cc1,18.02
N#Cc1c(NC(=O)CSc2ncccn2)sc2c1CCCC2,20.93
CCOc1nc(-c2ccc(C#N)cc2)cc(-c2ccc(NCCc3ccc(Cl)cc3)c([N+](=O)[O-])c2)c1C#N,25.47
N#Cc1nn(-c2ccc(F)cc2)c(=O)o1,23.99
N#Cc1ccc(C=CS(=O)(=O)Nc2ccc(C#N)cc2-c2nc(-c3cc(F)c(Cl)cc3Cl)no2)cc1,32.66
CCN(CC)C(=O)c1ccc2c(c1)C(Cl)=C(Cc1cccc(F)c1F)CC2,28.0
O=C(COc1ccc(N=C2C(=O)c3ccccc3C(=O)C2Cl)cc1)Nc1ccc(F)cc1,28.49
N#Cc1ccc(-c2ccc(Cn3nc(-c4ccc(C#N)cc4)sc3=Nc3ccc(Cl)cc3)cc2)cc1,19.11
O=C(Cn1c(O)c2c(c1O)CC=CC2)N=c1[nH]c(-c2ccccc2)cs1,18.07
CN(N)c1nc(Oc2cc(=O)oc3ccccc23)nc(N(C)c2ccc(Cl)cc2)n1,32.88
N#Cc1ccc(Sc2ccc(CNC(=O)Nc3cccnc3)cn2)cc1,25.29
O=C(CNc1ccc(F)cc1)NN=Cc1cn(-c2ccc(F)cc2)nn1,23.92
N=c1[nH]cnc(Nc2ccc3c(c2)C(=O)c2ccc(N)cc2C3=O)c1N=Nc1cccnc1,29.03
O=Cc1ccc(-c2ccc(C=Cc3cccc(-c4ccccc4)c3)c(C(=O)O)n2)cc1,21.87
N#Cc1ccc(NC(=O)N2CCN(C(c3ccc(F)cc3)c3ccc(F)cc3)CC2)cc1,14.52
Cc1cc(C)n(-c2nc(Nc3ccc4c(c3)C(=O)c3ccc(N)cc3C4=O)cc(-c3ccc(C(=O)N(C)C)cc3)n2)n1,27.13
COc1cccc2[nH]c(CN3CCN(c4ncccn4)CC3)nc(=O)c12,25.31
COCCOc1nc(-c2ccc(C#N)cc2)cc(-c2ccc(-c3ncc(F)cn3)cc2)n1,31.91
CN(C)CCOC(=O)c1cc2cc(F)ccc2nc1-c1ccc(-c2ccc(C#N)cc2)cc1,24.76
C=CCn1c([S+]([O-])c2ccc(C#N)cc2)nc2ccccc21,23.94
Cn1c(C#N)ccc1C=Cc1nc(-c2ccc(F)cc2)c(-c2ccc(C#N)cc2)o1,21.23
O=Cc1cccnc1,17.46
Cc1cc(F)ccc1C(F)(F)c1nc(-c2ccc(-c3ccc(C#N)cc3)cc2)nc(-c2ccc(-c3ncc(C#N)cc3Cl)nc2)n1,25.42
O=C(NCC#CCNCc1cccc(Cl)c1)c1ccc(F)c([N+](=O)[O-])c1,37.03
Cc1cccc(N=c2nc(C#N)nc(-c3cncc(C#N)c3)[nH]2)c1,16.29
N#Cc1ccc(CN2CCCC(Cn3cccn3)C2)cc1,17.44
O=C1c2ccccc2C(=O)c2cc(-c3ccc(C=C4SC(=O)N(Cc5ccc(Cl)cc5)C4=O)o3)ccc21,26.23
N#Cc1c(F)c(F)c2c(c1F)c(N1CCCC(C(=O)O)C1)c(F)c1cccn12,42.02
CC(C)C(NC(=O)c1[nH]c(-c2ccccc2)nc1C(=O)NCc1ccc(-c2ccccc2)cc1)C(=O)C(F)(F)F,31.75
CSc1ccc(CN2CCN(C(=O)c3ccnc(-c4ccc(C)cc4)n3)CC2)cc1,21.85
N#Cc1cc(Nc2cn(C(N)=O)c3ccccc23)cnc1C#N,23.33
CCCCCCCCCCCCCCCCCCCCNC(=O)c1cc(N)c(O)cc1N=Cc1ccc(-c2cc(CS(=O)(=O)c3ccc(C#N)cc3)nc(-c3ccc(C=Nc4cc(O)c(N)cc4O)cc3)n2)cc1,29.19
O=C1C(=O)N(CCN2CCN(NCc3ccccc3)CC2)c2ccccc21,19.81
Cn1c(=O)c2c(-c3ccsc3)cc(-c3ccc(OCCCn4ccnc4)cc3)nc2n(C)c1=O,32.79
N#Cc1ccc(-c2cc3ncccc3c(-c3ccc(C(=O)NCCO)cn3)n2)cc1,28.31
CNC(=O)c1cc2cc(OC)c(OC)c(N)c2[nH]1,31.74
Cn1cc(-c2ccc3c(c2)ncn3-c2cc(F)cc(-c3ccccn3)c2)cn1,25.08
CCOC(=O)c1cc(-c2ccc(C#N)cc2)nn1-c1ccc(C#N)cc1,19.19
N#Cc1cnnc(Cl)n1,13.76
N#Cc1ccc(C(=O)Nc2ccc(C3CNCCO3)cc2)nc1,17.91
N#Cc1ccc(-c2ccc(-c3nc(C=Cc4ccc5c(c4)OCO5)nc(-c4ccc(-c5ccc(C#N)cc5)cc4)n3)cc2)cc1,16.88
Cc1noc(-c2ccc3[nH]c4nccnc(=Nc5cccc(C#N)c5)c4c3c2)n1,27.78
N#Cc1ccc(NC(=O)c2nc(C#N)ccc2Nc2ccc(C#N)cc2)cc1,13.81
N#Cc1cccc(-c2nc(Nc3ccc4c(c3)C(=O)c3cc(N)ccc3C4=O)sc2C#N)c1,15.01
N#Cc1ccc(-c2nc(CCC3CC3)nc(-c3ccccc3F)n2)cc1,14.02
N#Cc1ccc(-c2cc(=N)[nH]c(-c3nn(Cc4ccc(C#N)c(-c5ccc(C#N)cn5)c4)nc3-c3ccc(Cl)cc3)n2)cc1,35.58
O=C1c2nn(-c3ccccc3)cc2CCN1c1ccc(-c2cnc(C3CC3)cc2CN2CCC(O)C2)cc1,36.54
N#Cc1ccc(-c2ccc(-c3nc4cc(-c5nc6cc(C(=N)N)ccc6[nH]5)ccc4[nH]3)cc2)cc1,15.4
Cc1cc(CCc2ccccc2CCO)[nH]c(=N)c1,25.15
O=C(Nc1ccccc1[N+](=O)[O-])c1ccc(N=Cc2ccc(-c3ccc(N=Cc4cc(Cl)ccc4Cl)c(O)c3)cc2)cc1,33.66
N#Cc1ccc(-c2oc3c4c(ccc3c2C#N)C(=O)CC4)cc1,26.82
Clc1ccc(CN2CCN(Cc3coc(-c4ccccc4)n3)CC2)cn1,23.25
N#Cc1ccc(-c2nccc(-c3ccc4cc(-c5cccnc5)ccc4c3)n2)cc1,27.31
COCCCc1cc(CN(C)C(=O)C2CC(C(C)(C)C(=O)C=Cc3ccc(F)cc3)CCC2c2cccc(-c3ccc(C#N)n3C)n2)cc(C(F)(F)F)c1,52.47
CNC(=O)C(CC(C)C)N1CCN(c2ncccc2C#N)CC1,26.0
CCOC(=O)Cc1csc(=NC(=O)c2ccc(S(=O)(=O)N3CCCCC3)cc2)[nH]1,22.64
Nc1c(S(=O)(=O)O)cc(N=Cc2ccccc2)c2ccccc12,17.92
N#Cc1ccc(-c2ccc(-c3nc(-c4ccc(-c5ccccc5)cc4)nc(C(F)(F)F)n3)cc2)nc1,11.86
O=C(Nc1cccc(-c2ccccn2)c1)C1Cc2ccc(OCC(O)=NO)cc2CN1Cc1ccc(-c2ccccc2)cc1,25.9
N#Cc1ccc(-c2ccc(-c3ccc(C#N)nn3)cn2)cn1,14.41
N#Cc1ccc(-c2ccc(-c3nc(-c4ccc(-c5ccccc5)nc4)cc(C(F)(F)F)n3)cc2)cc1,14.9
CCCC(=O)Nc1ccc2c(c1)C(=O)c1ccc(NC(=O)Cn3cnc(-c4cccc(C#N)c4)n3)cc1C2=O,28.41
N#Cc1ccc(-c2ccccc2C#N)cc1,10.59
CCC(C)C(CNC)NCCOc1ccc(-c2ccc(C#N)cc2)cc1,24.44
COc1cc(OC)c2c(c1)C(=O)c1cc3c(cc1C2=O)OC1=CC(C)(C)CC(=O)C1C3c1ccc(F)cc1,30.02
FC(F)(F)c1cccc(NNCc2ccccc2)c1,20.76
Cc1nc(N(C)CCN(C)C)nc2ccc(NC(=O)c3ccccn3)cc12,19.28
Cc1cccc(NC(=O)Nc2ccc(-c3nc(C(=O)NC(C)(C)C)n4nc(Cl)ccc34)cc2F)c1,34.67
N#Cc1cc(C#N)c(=NCCO)[nH]c1C#N,20.55
CC(C)(C)c1ccc(C=Nc2ccc(N)cc2O)cc1,18.79
N#Cc1ccc(-c2ncn(-c3ccc(C(=O)N=c4nn[nH][nH]4)c(-c4ccc(F)cc4)c3)c(=O)n2)cc1,32.09
N#Cc1c(-c2ccccc2)[nH]c(-c2cccnc2)nc1=S,21.64
COc1cc(-c2nc(-c3cncc(C#N)c3)nc(-c3cn(CCCO)c4ccccc34)n2)ccc1Cl,33.59
CC(=O)N=c1[nH]c(-c2ccc(-c3cc(C(=O)NCc4ccc(C#N)cc4)ccn3)cc2)cs1,22.53
N#Cc1ccc(-c2ccc(C(=O)N=c3nc(-c4ccccn4)[nH]c(-c4ccccn4)n3)cc2)cc1,19.9
CS(=O)(=O)Nc1ccc(C=NCc2ccc(-c3ccc(-c4ccc(C#N)cc4)nc3)cc2)cc1,28.1
N#Cc1ccc(-c2noc(CC(=O)Nc3ccc(F)cc3)n2)cc1,17.95
O=C(NCc1cccnc1)c1cc(-c2cccc(F)c2)nc2ccccc12,20.61
N#Cc1cccc(-c2nc(-c3cncc(C#N)c3)nc(C3CCC3c3cc(C#N)cc(C#N)c3)n2)c1,23.61
N#Cc1ccc(-c2ccc(CN3C(=O)C(CC(N)=O)CC(c4ccc(Cl)cc4)C3c3ccc(Cl)cc3)cc2)nc1,24.46
Cn1ccnc1C1CCN(C(=O)c2ccc(=O)[nH]c2)CC1,21.96
N#Cc1ccc(C(=NO)NCc2cccc(C#N)c2)cc1,19.09
O=CN1CCN(C=Nc2ccc(-c3nc(-c4ccc(CN5CC(C(=O)O)C5)cc4F)no3)cc2)CC1,14.78
CNS(=O)(=O)c1cccc(CN=c2cc[nH]c(-c3ccc4c(c3)CCO4)n2)c1,28.0
N#Cc1cncc(-c2ccc(-c3cccc(OC(F)F)c3)cc2)n1,25.95
N#Cc1cnc(N2CCC(CNS(=O)(=O)c3ccccc3C#N)CC2)nc1,23.38
N#Cc1ccc(-c2ccc(-c3nc(-c4ccc(C#N)cc4)cc(-c4ccc(-c5ccc(C#N)cc5)nc4)n3)cc2)cc1,12.18
CCN(CC)CCC(=O)N(C)CCC=C(c1ccccc1)c1ccccc1,26.93
N#Cc1ccc(-c2cc(-c3cccc(O)c3)cc(-c3nc(C=NO)cc4ccc(O)cc34)c2)cc1,35.0
CC(C)Cn1cnc2c(=N)n(COCCO)cnc21,28.43
N#CC=Cc1cnc(F)cn1,15.5
C=CC(=O)Nc1cccc(-c2cn(-c3cnnc(C#N)n3)c(-c3cc(C)cc(C)c3)n2)c1,28.29
CCCCOc1ccc(-c2ccc(S(=O)(=O)NC(CCCN=C(N)N)C(=O)N3CCC(CCN)CC3)cc2)cc1,27.95
Fc1ccc(-c2cc(CC3CCCN3)c3ccccc3n2)cc1,22.32
N#CC=Cc1cc(C(O)(C(F)(F)F)C(F)(F)F)ccc1OCc1cc(F)cc(F)c1,30.54
N#CC=Cc1ccc(N=[N+]=[N-])c(C#N)c1,13.18
N#Cc1ccc(N=c2cc[nH]c3ccc(-c4cnc(C#N)nc4)cc23)cc1,19.56
N#Cc1cccnc1OCC(O)CN1CCN(c2ncc(F)cn2)CC1,25.59
N#Cc1ccc(-c2nc(C(=O)N3CCCC(=Cc4ccccc4)C3)nn2-c2cccc(-c3cccc(C#N)n3)c2)cc1,37.51
Cc1ccc(S(=O)(=O)N(CC(=O)NN=Cc2ccc(-c3ccc(C(F)(F)F)cn3)o2)c2ccccc2)cc1,24.34
CC(C)OC(=O)N1c2ccccc2CC1CCN1CCc2cc(C#N)ccc2C1,23.5
Cn1c(C#N)ccc1-c1ccccn1,12.93
Cn1nc(-c2ccc(C=Nc3nc(-c4ccc(C#N)cc4)nc(-c4ccc(C#N)cc4)n3)cc2)cc1C(F)(F)F,17.76
Cc1ccccc1-c1ccc(-c2nc(C#N)cn2Cc2cnccc2C#N)c(F)c1F,28.14
N#CC=Cc1c(Cl)cccc1Cl,12.01
Cc1c(C2=CCN(C(=O)c3ccccc3)CC2)nc(-c2c(F)c(F)c(C#N)c(F)c2F)nc1-c1cccc(C#N)c1,28.54
Cc1nc(=Nc2cccc(C(F)(F)F)c2)c(C#N)c(C(C)C)[nH]1,27.76
CCN(CC(=O)Nc1ccccc1F)C(=O)C(=O)c1cn(Cc2ccc(C#N)cc2)c2ccccc12,28.1
N#Cc1ccc(C=Cc2nc(-c3ccc(C#N)cc3)nn2-c2ccc(-c3ccncc3)cc2)cc1,21.82
CCCCCc1ccc(C#Cc2cc(C#N)nc(C(=O)OC)n2)cc1,26.23
CC(C)(C#N)c1cc(-c2cccc(S(N)(=O)=O)c2)nc(C(O)c2ccc(-c3cccc(C#N)n3)cc2)n1,38.54
Cc1cc(-c2ccc(C#N)cn2)c2c(C#N)cc(-c3ccc(C#N)s3)nc2n1,23.79
N#Cc1cccc(N=c2nc(Cc3cc(C#N)c(Cl)[nH]3)[nH]c(-c3ccccn3)n2)c1,30.01
N#Cc1cccc(Cn2cc(-c3ccc4c(c3)CCC4=NO)c(-c3cccc(C#N)n3)n2)c1,23.54
CC(=O)N1CCN(c2nc(CCc3cc(C#N)cc(C(C)(C)C#N)c3)cc(=Nc3ccc(C#N)nc3)[nH]2)CC1,28.13
Cc1cc(C)[nH]c(=NC(=N)NN=Cc2ccc(-c3cc(=O)oc(-c4ccc(C5=NCCN5)cc4)n3)cc2)n1,30.44
COCCn1c(=NCc2ccc(-c3cccc(C#N)c3)cc2)c(-c2ccc(C#N)cc2F)cc2cnc(C)nc21,29.46
Cn1cc(-c2ccc(C(=O)N3CCCc4ccc(-c5ccncc5)cc43)cc2)cn1,27.29
CS(=O)(=O)N1CCC(c2nc(-c3cccc(C#N)c3)cc(-c3cncc(C#N)c3)n2)CC1,20.71
N#CCc1cc(-c2ccc(-c3ccc(N4CCN(c5ccc6c(c5)OCO6)C4=O)cc3)cc2)nc(-c2ccc(-c3ccc(C#N)cc3)cc2)n1,33.57
COc1cccc(COc2c(OC)ccc3cc4[n+](cc23)CCc2cc3c(cc2-4)OCO3)c1,20.99
N#Cc1ccc(-c2csc(-c3ccc(C=NN=Cc4ccc(O)nc4-c4ccc(C#N)cc4)cc3)n2)cc1,23.22
N#Cc1ccc(-c2ccc(-c3cccc(-c4ccc(-c5csc6c5-c5cc(C#N)ccc5C(=O)C6=O)cc4F)n3)o2)cc1,37.1
O=c1c2ccccc2ncn1N=C1CC(c2ccc(C(F)(F)F)cc2)=Nc2c(Cl)cc(Cl)cc21,30.04
Cc1cccc(-n2c(C=Cc3c(O)ccc4ccccc34)nc3ccccc3c2=O)c1C,24.4
N#Cc1cccc(-c2nnc(CNCCCn3cccc3C#N)o2)c1,22.88
Cc1c(OCCN(C)C)cn2ncnc(Oc3ccccc3F)c12,23.45
Cc1cccc(NC(=O)c2cccc(-c3ccc(C#N)nc3)c2)c1,28.36
CCCCN=c1cc(-c2nc(Cl)nc(Cl)n2)nc(C)[nH]1,17.66
Fc1ccc2ccn(-c3ccnc(-c4ccccc4)n3)c2c1,25.37
N#Cc1ccc(-c2ccc(-c3nc(-c4ccc(Cl)cc4)nc(-c4ccc(Oc5ccc([N+](=O)[O-])cn5)cc4)n3)cc2)cc1,18.16
COc1cnc(C)c(NC(=O)c2ccc3c(c2)CN(C2=CC(C)(C)Oc4ccc(C#N)cc42)CC3)c1,42.85
N#Cc1cccc(-c2nc(Cl)nc(Cl)n2)c1,9.75
N#Cc1ccc(Cn2ccc(=NC(=O)c3ccc(-c4cccc(C#N)c4)nc3)cc2)cc1,23.89
Cc1c(C(=O)NCc2ccc(-c3ccc(C#N)cc3)cc2)nn(-c2ccc(Cl)cc2Cl)c1-c1ccc(Cl)cc1,21.17
CCOc1ccccc1-c1ccc(-c2ccc(C#N)cc2C#N)nc1,26.47
N#Cc1cccc(-c2cccc(-c3nn4cc(C#N)cc4nc3-c3cncc(O)c3)c2)c1,36.19
ON=C(O)C=Cc1ncc(CCc2c(F)c(F)c(F)c(F)c2F)s1,29.26
Cc1ccc(-c2cn(-c3cccc4c3ccn4C)nn2)cc1F,35.94
Cc1nc(-c2cccc(-c3noc(-c4cncc(C#N)c4)n3)c2)no1,22.32
CCN(Cc1ccccc1)Cc1ccc(C=C2CCc3cc(OCCCCCN4CCCCCC4)ccc3C2=O)cc1,21.91
O=C(Nc1ccc(Cl)cc1C(=O)N=c1[nH]ccs1)C(=O)NC1CCCCC1,31.32
N#Cc1ccc(-c2ccc(NC(=O)Cn3nc(-c4cccc(C#N)c4)nc3-c3ccc(-c4ccc(C#N)cc4)cc3)cc2)cc1,18.72
CNCc1ccc(-c2cc(C(=O)NC3CCC(F)(F)CC3)ccc2C#N)nc1,26.41
N#Cc1ccc(-c2cc(F)cc3c2CC(NC(=O)c2noc(C=Cc4cccc(F)c4)n2)CO3)cc1C#N,38.27
N#Cc1ccc(-c2nc(-c3cncc(C#N)c3)nc(C3CC3)n2)nc1,8.91
Cc1nc(-c2cncc(-c3ccc(N(C)C)cc3)c2)ccc1C1(C)CCOCC1,26.89
O=C1c2ccccc2-c2ncc(N=CN3CCCC3)cc21,26.33
O=C1N(Cc2ccc(Cl)cc2)c2ccc(Cl)cc2C12CCCNC2,28.25
CCN=c1scc(C)n1N=Cc1ccc(O)cc1OC,27.96
CCCc1ccc(C(O)c2nc(-c3ccc(C#N)cc3)c[nH]2)cc1,16.55
CC1CCCc2ccc(C(=O)Nc3ccc(C#N)c(C#N)c3)cc21,25.31
N#CC=Cc1cccc(C=NO)n1,11.0
NC(=O)c1ccc(-c2ccc(-c3cc(Br)c(O)c(C(=O)O)c3)cc2)cc1,26.64
COC(=O)c1ccc(-c2ccc(-c3cc(-c4ccc(-c5cc(C#N)cc(Cl)n5)cc4)cc(-c4ccc(-c5nc(Cl)nc(Cl)n5)cc4)n3)cc2)nc1,22.23
C#CCN=c1ccc2cc(OC)ccc2[nH]1,25.13
N#Cc1ccc(-c2cc(-c3ccc(C#N)cc3)c(C#N)c(CCc3ccccc3)n2)cc1,18.44
COc1ccc(-c2ccc3ccc(C#N)cc3c2)cn1,21.81
N#Cc1cncc(-c2ccc(-c3ccc(F)c(F)c3C#N)cn2)c1,15.52
Cc1nc(=NCc2ccc(-c3ccc(F)cc3C#N)cc2)cc(-c2cncc(C#N)c2)[nH]1,24.37
N#Cc1ccc(-c2ccc(CNCCCCNCc3cccnc3)cn2)cc1,22.84
Cc1nc(-c2ccc(-c3nc(-c4ccc(C#N)cc4)nc(-c4ccc(C(=O)NCCN(C)C)cc4)n3)cc2)no1,24.17
CN1CCN(CCCN=c2[nH]c(-c3cc(-c4cccc(C#N)c4)cc(C=CC#N)n3)ncc2C#N)CC1,27.42
O=C1c2ccccc2C(=O)c2c1oc1ccc(OCc3cn(Cc4ccc(Cl)nc4)nn3)cc21,30.87
Cc1cc(=NC(=O)c2ccccn2)[nH]c(-c2ccccn2)n1,21.29
N#Cc1cncc(-c2nc(-c3ccc(F)nc3)nc(-c3cncc(C#N)c3)n2)c1,10.51
N#Cc1c(-c2ccccc2Cl)c(-c2ccc(Cl)cc2)n(-c2ccc(F)cc2)c1N,21.14
N#Cc1ccc(-c2ccc(-c3nc(-c4ccc(C=Nc5ccc(C(=O)O)c(O)c5)cc4)cc(-c4ccc(-c5ccc(C=Nc6cc(O)c(N)cc6O)cc5)cc4)n3)cc2)cc1,22.52
N#Cc1ccc(-c2nc(-c3cccc(C(F)(F)F)c3)nc(-c3ccccn3)n2)cc1,12.44
