SMILES,NLL
CCc1nc(-c2ccc(C#N)cn2)c[nH]1,20.93
Cc1nc(-c2cccc(C#N)c2F)c(C#N)nc1-c1cc(C#N)cc2occc12,28.89
N#Cc1ccc(-c2ccc(OC(c3ccc(-c4ccc(C(N)=O)cc4)nc3)c3ccc(N)c(C#N)c3)cc2)cc1,37.77
N#Cc1ccc(-c2cc(C#N)nc(-c3cccc(-c4ccc(C#N)c(C#N)c4)n3)c2C#N)cc1,14.3
N#Cc1ccc(-c2cc(-c3ccc(C#N)nc3)nc(-c3cccc(C#N)n3)n2)cn1,9.64
N#Cc1ccc(-c2nc(C#N)c(-c3cncn3Cc3ccc(-c4ccccc4-c4nc(=O)o[nH]4)cc3)nc2-c2ccc(C#N)cc2)cc1,23.45
N#Cc1ccc(C#Cc2nc(-c3ccc(OC4CCC(C(=O)O)CC4)c(C#N)c3)nc(-c3ccc(C#N)nc3C#N)n2)nc1,15.51
N#Cc1ccc(C(c2ccc(C#N)cc2)c2cnccn2)cc1,13.31
COC(=O)c1nc(-c2ccc(-c3cccc(C#N)n3)c(C#N)n2)n(-c2ccc(C#N)cc2)n1,20.51
N#Cc1ccc(C#Cc2ccc(C#N)c(-c3cncc(C#N)n3)c2)cc1,11.26
Cn1nc(-c2nn(-c3ccc(Cl)cc3Cl)c(-c3ccccc3C(F)(F)F)c2C#N)nc1-c1ccc(-c2ccc(C#N)cc2)cc1,18.97
N#CC=Cc1cccc(-c2cc(-c3cccc(C#N)n3)nc(-c3ccc(C#N)nc3)n2)n1,14.82
N#Cc1cnc(N2CCC(n3c(-c4cc[nH]c(=N)n4)cc4c(C#N)nc(-c5ccc(-c6ccc(C#N)nc6)cc5)nc43)CC2)nc1,30.81
N#Cc1ccc(-c2cc(-c3nc(-c4ccc(C#N)nc4)nc(-c4ccc(C#N)cc4C#N)c3C#N)ccn2)nc1,14.14
N#CC=Cc1cc(-c2cccc(C#N)c2)cc(C=CC#N)n1,12.98
N#Cc1ccc(-c2onc(-c3cc(-c4ccc(C#N)nc4)nc(-c4ccc(O)cc4)n3)c2C#N)cc1,18.89
Cn1cnc(-c2ccc3c(Oc4ccc(-c5cnc(C#N)c(C#N)n5)cc4)c(-c4cnc(C#N)nc4)nc(C#N)c3c2)c1,18.43
N#Cc1cc(C#N)nc(-c2cccc(-c3ccncc3)c2)n1,11.35
N#Cc1ccc(-c2nc(C#N)c(-c3ncco3)cc2-c2ccc(C#N)nc2)nc1,19.7
N#Cc1ccc(-c2cnc(-c3ccc(-c4cc(-c5cccc(F)c5)nc(-c5ccc(C#N)nc5)n4)cc3)nc2C#N)cc1,22.68
N#Cc1ccc(-c2ncc(-c3cc(-c4ccccc4C#N)cc(-c4ncc(C#N)c(-c5ccc(C#N)nc5)n4)n3)cn2)cn1,18.84
N#Cc1ccc(-c2cc(-c3cccnc3F)nc(-c3cc(C#N)cc(-c4ccc(C#N)nc4)c3C#N)n2)nc1,21.12
C#CCn1nc(-c2ccc(C#N)nc2)cc1-c1ccc(C#N)nc1,23.33
COc1ccc(-c2c(-c3cnc(-c4ccc(-c5ccc(C#N)cc5)cc4)c(-c4ccc(C#N)cc4)n3)cnn2-c2ccc(C#N)cc2)cc1,20.7
N#Cc1ccc(-c2ccc(-c3nc(-c4cnc(OC5CCC(C(N)=O)CC5)c(C#N)c4)nc(-c4cc(C#N)ccn4)n3)cc2C#N)cc1,17.06
N#Cc1ccc(-c2ccc(C#CC#Cc3ccc(-c4ccc(C#N)cc4)nn3)cn2)cc1,13.23
N#Cc1cccc(-c2cc3c(ncn3Cc3cncc(C#N)n3)c(C#N)n2)c1,11.23
N#CC(C#N)=c1ccc(=C(C#N)c2nc(C(N)=O)nc(C(C#N)=c3ccc(=C(N)c4ccc(C#N)cc4)cc3)n2)cc1,18.28
Cc1nc(CNC(=O)c2cc(-c3ccc(C#N)cc3)n(-c3ccc(-c4cccc(C#N)n4)cc3F)n2)ccc1C#N,25.02
Cc1cc(C#N)ccc1-c1ccc(-c2cc(-c3ccc(C#N)nc3)nc(-n3cnc4cc(-c5ncc(C#N)cn5)ccc43)c2C#N)cc1,28.98
N#Cc1cccc(C#Cc2ccc(-c3cnc(-c4cccc(C#N)n4)nc3)cc2)n1,11.26
N#Cc1ccc(COCc2ncc(-c3cnccn3)c(-c3cnc(-c4ccc(C#N)nc4)c(C#N)n3)n2)nc1,23.6
Cc1cc(C#N)ccc1-c1cc(C(c2ccc(C#N)c(C#N)c2)n2cncn2)ccc1C#N,20.23
N#Cc1cccc(-c2cc(-c3ccc(Cl)nc3)nc(-c3cccc4c3CCCC4N)n2)c1,23.31
N#Cc1ccc(-c2cc(-c3ccc(C#N)cc3)nc(-c3cnc(-c4ccc(-c5cc6c(ncn6CC6OC(CO)C(O)C(O)C6O)c(C#N)n5)cn4)cn3)c2)cc1,21.35
OCC1OC2OC3C(CO)OC(OC2C(O)C1O)C(O)C3O,12.09
Cc1cn(-c2ccc(C#Cc3nc(C#N)ccc3-c3cc(-c4ccc(C#N)nc4)c(C#N)c(C)n3)cc2)cn1,19.94
CCc1nn(-c2ccc(-c3ccc(C#N)cc3)cc2)c2cc(C#N)cc(-c3ccc(C#N)cc3)c12,23.31
N#Cc1ccc(-c2cc(-c3ccc(C#N)cc3)c(-c3ccc(C#N)cc3)cc2-c2ccc(C#N)cc2)cc1,10.66
Cc1nc(-c2cccc(Cc3nc(-c4cccc(C#N)n4)cc4ccc(C#N)nc34)c2)ncc1C#N,26.9
Cc1nc(-c2ccc(C#N)cc2)c(C#N)c(-c2cccc(-c3ccc(C#N)nc3)n2)n1,13.91
N#Cc1cccc(C=Nc2ccc(-c3nc(-c4ccc(N=Cc5cc(C#N)cc(C=O)c5O)nc4)nc(-c4ccc(C#N)c(F)c4F)n3)cn2)c1,10.31
N#Cc1cccc(-c2ccc(=NC(Oc3ccc(-c4cccc(C#N)n4)c(F)c3)c3cccc(-c4ccncn4)n3)[nH]c2)n1,38.27
COc1ccc(C(c2ccc(OC)cc2)=c2c3ccccc3c(=C(c3ccc(OC)cc3)c3ccc(OC)cc3)c3ccccc23)cc1,7.01
N#Cc1ccc(-c2nc(-c3ccncc3)nc(C#N)c2-c2ccc(C#N)cc2)cc1,13.84
N#CC(C#N)=c1ccc(=C(C#N)c2nc(-c3ccc(F)cc3)nc(C(O)c3ccc(C#N)cc3)n2)cc1,10.6
N#Cc1cccc(-c2cc(-c3ccc(C(C#N)C#N)cc3)ccc2-c2nc(C#N)c[nH]2)n1,20.9
N#Cc1cccc(-c2nc(-c3ccc(OC4CCC(C(=O)O)CC4)c(C#N)c3)nc(-c3ccc(C#N)c(-c4ccccc4)c3)n2)n1,10.82
N#Cc1ccc(-c2ccc(-c3cc(-c4ccc(-c5ccncc5)cc4)nc(-c4ccc(C#N)nc4)n3)cn2)nc1,16.27
Cc1nc(-c2cc(F)c(C#N)c(F)c2F)nc(-c2nc(N3CCOC(c4ccc(C#N)cc4)C3)nc(-c3ccc(C#N)cc3C)c2C#N)n1,15.72
N#CC(C#N)=c1ccc(=C(C#N)c2nc(C(=O)c3ccc(C#N)cc3)nc(-c3ccc(C#N)nc3)n2)cc1,8.06
N#Cc1cccc(-c2ccc(N=c3nc(-c4cnc(C#N)nc4)c(C#N)c[nH]3)nc2)n1,9.56
N#Cc1ccc(-c2ccc(-c3nc(-c4ccc(C#N)nc4)c4ccc(-c5ncncn5)cc4n3)cn2)cc1,13.35
CC(C)c1nc2c(-c3ccc(C#N)cn3)cc(-c3ccc(C#N)cn3)cc2n1-c1ccc(-c2ccc(C#N)cc2)cc1,19.86
Cc1cc(C#N)c(Cl)cc1-c1nc(C2CC2)nc(-c2nc(-c3ccc(-c4ccc(C#N)nc4)cc3)cc(C(F)(F)F)n2)c1C#N,18.11
COc1ccc(-c2nc(-c3ccc(C#N)cc3)cc(-c3cnccc3-c3ccc(C#N)cc3)n2)cn1,18.68
N#Cc1ccc(-c2ccc(C=CC(=O)c3ccc(-c4ccc(C#N)cc4)cn3)cc2)cc1,10.81
N#Cc1cc(-c2ccc(C#N)c(C#N)n2)c2cc(-c3ccncc3)ccc2c(=O)c1,22.14
N#CC(C#N)=c1ccc(=C(C#N)c2nc(C(=O)n3ccnc3)c(-c3ccc(C#N)cc3)c(-c3ccc(C#N)cn3)n2)cc1,19.75
N#Cc1ccc(CN2CCC(c3cc(-c4ccc(C#N)cc4)n(-c4ccc(C#N)c(C#N)c4)n3)CC2)cc1,18.26
N#Cc1cc(-c2cc3c(ncn3CC3CCNCC3)c(C#N)n2)ccn1,13.52
N#Cc1ccc(C#Cc2ccc3c(c2)N(CC(O)Cc2ccc(O)c(C(=O)O)c2)C(=O)C(=Cc2ccc(-c4ccc(C#N)cc4)cc2)C3=O)cc1,38.32
N#Cc1cccc(-c2ccc(N(Cc3cccc(-c4ccnc(C#N)c4)c3)c3cc(C#N)nc(C#N)n3)cc2)c1,19.75
N#Cc1ccc(-c2nc(-c3cnc(C#N)nc3)c3cc(-c4ncncn4)c(-c4cnc(C#N)c(C#N)n4)n3n2)cn1,17.96
N#Cc1ccc(-c2cc(C#N)nnc2-c2ccc(-c3cccc(C#N)c3)cc2)nc1,12.31
N#Cc1ccc(-c2ccc(-c3cc(-c4cnc(C#N)nc4)nc(C#N)n3)cc2F)cn1,10.81
CCC1(CC)C(=O)C(C(=O)C=Cc2ccc(C#N)cc2)C(=O)C(C=O)=C1O,14.87
Cc1ccc(-c2nc(C(=O)c3ccc(-c4ccc(C#N)cc4)cc3)nc(-c3nccc(-c4cccc(C#N)c4)n3)c2C#N)c(C)c1,19.61
N#Cc1ccc(C(=O)c2ccc(C#N)cc2-c2nccc(-c3nc(C#N)nc(-c4ccc(-c5cccc(C(=O)O)c5)cc4)n3)c2C#N)cc1,24.98
N#Cc1ccc(-c2ncc(C#N)nc2-c2ccc(-c3cnc(-c4ccc(C#N)nc4)c(C#N)n3)cn2)cc1,13.74
N#Cc1ccc(-c2cc(-c3ccncc3)cc(-c3ccc(-c4cc(C#N)c(C#N)cn4)cc3)c2)nc1,16.43
N#Cc1ccc(-c2cc(-c3ccc(C#N)nc3)nc(-c3ccc(-c4cnc(Nc5ccc(C#N)c(C#N)n5)c(C#N)n4)cn3)c2)cn1,21.73
Nc1cc(C(=O)O)[nH]c1C(=O)O,26.37
N#Cc1ccc(-c2ccc(C#N)nc2-c2ccnc(-c3ccc(C#N)nc3)c2)cc1,11.3
N#Cc1cccc(-c2ccc(Sc3ccc(C#N)c(C#N)c3)c(C#N)c2)n1,17.01
N#Cc1cccc(-c2csc(C(O)c3cccc(C#N)c3)n2)c1,16.2
CCc1noc(-c2ccc(Nc3ccc4c(c3)CCc3cc(Nc5ccc(C#N)cc5)ccc3C4=O)nc2-c2ccc(C#N)nc2)n1,25.38
N#Cc1ccc(C#Cc2nc(C#N)cnc2-c2ccc(C(=O)NCCc3ccncc3)c(F)c2)nc1,27.15
C=Cn1nc(-c2ccc(-c3ccc(C#N)cn3)cc2)c(-c2ccccn2)n1,19.53
N#Cc1ccc(-c2cc[n+](-c3cc(-c4ccc(C#N)nc4)nc(-c4ccc(C#N)nc4)n3)cc2)cc1,11.22
N#Cc1ccc(C#Cc2nc(-c3ccc(-c4ccc(-c5ccc(C#N)nc5)c(C#N)n4)cc3)nc3ccccc23)nc1,23.92
N#Cc1cc(-c2ccc3c(C#N)nc(-c4cccc(-c5ccc(C#N)c(F)c5)c4)nc3c2)ccn1,22.66
N#Cc1ccc(CNC(=O)C(Cc2ccc(C#N)cc2)=NC(=O)CCc2ccc(-c3ccccc3C#N)cc2)cc1,31.41
N#Cc1ccc(-c2ccc(-c3nc(C#N)nc(-c4ccc(-c5cccc(C#N)n5)c(C#N)n4)n3)cc2C#N)nn1,19.8
N#Cc1ccc(-c2nc3c(C#N)cnn3cc2N=Cc2ccc(-c3nc(C#N)c(-c4ccc(C#N)cc4)o3)cc2)cc1,15.32
CC1c2ccccc2CCN1c1cc2c(-c3ccc(C#N)nc3)cc(-c3cccc(C#N)n3)nc2cc1C#N,26.34
N#Cc1cnc(-c2ccc(-c3ccc(C#Cc4cccc(-c5nccc(C#N)n5)c4)c(C#N)c3)cc2C#N)nc1,23.25
N#Cc1ccc(Oc2nnc(-c3cnc(-c4ccc(C#N)nc4)c(C#N)n3)cc2C#N)cc1,12.35
N#Cc1ccc(-c2cc(-c3cnc(CN)c(-c4ccc(C#N)c(C#N)n4)c3)nc(-c3ccc(C#N)cc3)n2)cc1,22.53
N#Cc1ccc(-c2cc(-c3ccc4sc(-c5ccncc5)nc4c3)cc(-c3ccc(C#N)nc3)n2)nc1,23.17
CC(O)C(C)NC(=O)c1cc(-c2nc(-c3ccnc(C#N)c3)cc(-c3cccc4cc(-c5ncncn5)ccc34)n2)c(C#N)c(-c2cccc(C#N)c2)n1,41.78
N#Cc1ccc(-c2ccc(-c3nc(C#N)cc(-c4ccc(C#N)nc4)n3)cc2)cc1,13.65
N#Cc1ccc(-c2nc(-c3ccc(C#N)nc3)nc(-c3nc(C#N)c[nH]3)n2)cc1,16.15
N#Cc1cc(-c2cc(-c3cccc4cc(F)ccc34)nc(-c3cccnc3)n2)cnc1OC1CCC(C(=O)O)CC1,21.37
Cc1nc(-c2cc(-c3cccc(C#N)n3)nc(-c3ccc(C#N)c4ccccc34)n2)c2ccccc2n1,12.18
N#Cc1ccc(Nc2nc(Nc3ccc(Br)s3)ncc2C#N)cc1Cl,14.54
N#CC(C#N)=c1ccc(=C(C#N)c2nc(-c3ccc(C#N)nc3)nc(C(c3ccc(C#N)cc3)(c3ccc(C#N)nc3)c3ccc(C#N)nc3)n2)cc1,16.39
N#Cc1ccc(-c2cc(-c3ccc(C#N)cn3)cc(Nc3ccc4c(c3)C(=O)c3ccc(N)cc3C4=O)c2C#N)cc1,18.65
N#Cc1ccc(-c2ccc(-c3ccc(C#Cc4ccc(C#N)c(C#N)n4)nc3)nc2C#N)cc1,15.83
CCn1c(=O)c(=CNc2ccc(C#N)c(C#N)c2)n(Cc2ccc(C#N)cc2)c(=O)c1=C1CC(=O)C(C(=O)O)=CC1=O,39.51
N#Cc1ccc(-c2ccc(C#Cc3cccc(C#N)n3)nc2)cc1,11.34
N#Cc1ccc(-c2ccc(-c3cc(-c4ccc(C#N)nc4)nc(-c4cc(C#N)ccn4)n3)nc2)nc1,22.18
N#Cc1ccc(-c2cc(-c3ccc(C#N)cc3)cc(-c3ncc(-c4ccc(C#N)cc4)c(C#N)n3)c2)cc1,16.37
N#Cc1ccc(-c2cc(-c3ccc(Oc4cccc(N)c4C#N)cc3)nc(-c3ccc(C#N)cc3)n2)cc1,14.93
N#Cc1ccc(-c2ccc(-c3cc(C#N)c(-c4ccc(-c5nc(C#N)ccc5-c5ccc(C#N)cc5)nc4)cn3)nc2C#N)cc1,15.93
N#Cc1ccc(-c2ccc(-c3nc(-c4ccc(C#N)c(Cl)c4)nc(-c4cccc(C#N)n4)n3)cc2C#N)nc1,17.16
CCc1noc(-c2ccc(N=c3[nH]c(-c4ccc(-c5ccc(C#N)cc5)cc4)nc4ccccc34)cc2)n1,17.32
CCCc1ccc(O)c(Cc2nc(-c3ccc(C#N)cc3)cs2)n1,24.32
CN(C)c1ncc(-c2nc(Nc3ccc4c(c3)C(=O)c3cc(N)ccc3C4=O)c3cc(-c4ncncn4)ccc3n2)cn1,27.05
N#Cc1ncc(-c2ccc(-c3ccc(C=O)cc3)cn2)cn1,20.91
CS(=O)(=O)c1ccc(-c2ccc(C#Cc3nc(C#N)c(C#N)nc3-c3ccc(C#N)cc3)cc2)cc1,19.76
CCCCc1nc(C=CC#N)c(C=O)n1Cc1ccc(-c2ccccc2-c2nn[nH]n2)cc1,18.07
N#Cc1ccc(-c2ccc(-c3c(-c4ccc(Cl)cn4)cc(-c4ccc(C#N)cc4)n3C#N)nc2C#N)cc1,26.05
Cc1cc(C#N)c(F)cc1-c1cc(C#N)cc(-c2nc(C#N)cc(-c3cncc(C#N)n3)n2)c1C#N,19.44
N#Cc1ccc(-c2cc(-c3ccc(NCc4ccccc4C#N)cc3)cc(-c3ccc(C#N)nc3)n2)nc1,16.38
COc1ccc(NC(=O)Nc2cccc(-c3cc4[nH]cnc4c(C#N)n3)c2)cc1C#N,19.66
N#Cc1ccc(-c2cc(-c3cc(-c4ccc(C#N)nc4)nc(-c4cccc(OC(F)(F)F)c4)c3)ccc2C#N)cc1,24.52
N#CC=Cc1ccc(C#N)c(-c2ccc(-c3cccc(C#N)n3)nc2)n1,15.89
N#Cc1ccc2c(ccn2-c2ccc(-c3ccc(-n4c(=O)c5ccccc5n5cccc5c4=O)cc3)cc2)c1,24.2
CNc1nc(C)c(C)nc1C#N,15.94
N#Cc1c(C#Cc2ccc(CN3CCC(O)C3)cn2)cccc1Oc1ccc(-c2c[nH]c(=N)c(C#N)c2)c(F)c1,33.11
N#Cc1ccc(-c2cc(-c3ccc(C#N)nc3)nc(-c3c(N)sc4ccccc34)n2)cc1,17.59
N#Cc1cccc(-c2ccc(-c3ccc(-n4c5ccccc5c5ccccc54)cc3)nc2C#N)n1,9.82
CN1CCN(c2nc(-c3ccc(C#N)nc3)c(C#N)c(C#N)c2C#N)CC1,16.89
N#CC=Cc1cc(-c2ccnc(C#N)n2)cc(C=CC#N)n1,12.79
N#Cc1ccc(-c2ccc(-c3cc(-c4ccc(C#N)nc4)nc(-c4ccc(C#N)nc4)n3)cc2C#N)nc1,14.59
CCCCNc1cc2nc(-c3ccc(C#N)cc3)n(-c3ccc(-c4ccc(C#N)cc4)cc3)c2cc1N,23.29
OCC1OC(OC2C(CO)OC(O)C(O)C2O)C(O)C(O)C1O,6.11
N#CC=Cc1c(-c2ccc(C#N)cc2)nc2cc(C#N)c(-c3ccc(C#N)cn3)cc2c1-c1ccc(C#N)cc1,25.37
N#Cc1ccc(-c2cc(-c3ccc(C#N)c(-c4ccc(C#N)cc4)n3)nc(-c3ccc(C#Cc4cnc(C#N)c(C#N)n4)cc3)n2)cc1,22.92
N#Cc1cc[nH]c(=Nc2ccc(-c3cccc(C#N)n3)cn2)c1,8.52
N#Cc1cncc(-c2ccc3nc(-c4ccc(-c5ccnc(C#N)c5)cc4)n(-c4ccc(-c5cccc(C#N)n5)cc4)c3c2)c1,26.56
N#Cc1ncc(-c2ccc(-c3cc4c(ncn4Cc4ccc(-c5ccncc5)nc4)c(C#N)n3)cc2)cn1,12.11
N#Cc1nc(C#Cc2ccccc2)nc2ccccc12,16.41
Cn1ccc(-c2ccc(N(Cc3cccc(C#N)c3)c3ccc(-c4cncc(C#N)n4)cc3)c(C#N)n2)cc1=O,22.85
N#CCn1cnc2c(C#N)nc(-c3cncc(C#N)c3)cc21,9.18
N#Cc1ccc(-c2cc(C#N)cc(-c3cccc(-c4cc(C#N)c(C#N)cc4-c4ccc(C#N)nc4)n3)c2C#N)nc1,24.02
CC(C)Oc1ccc(-c2nc(-c3ccc(C#N)nc3)cc(-c3ccc(-c4ccc(C#N)nc4)c(C#N)n3)n2)cc1C#N,17.53
N#CC=Cc1nc(C#N)c(C#N)nc1C#N,10.09
N#Cc1cccc(-c2cc(-c3ccccc3C#N)nc(-c3cccc(C#N)n3)n2)n1,11.08
N#Cc1ccc(-c2ccc(-c3cc(-c4ccc(-c5ccc(C#N)cn5)cc4)c(CF)cn3)nc2)cc1,31.29
OCC1OC2OC3C(CO)OC(OC4C(CO)OC(OC5C(CO)OC(OC6C(CO)OC(OC7OC(OC1C(O)C2O)C(O)C7O)C(O)C6O)C(O)C5O)C(O)C4O)C(O)C3O,12.83
CCn1c(C#N)ccc1-c1cccc(-c2nccc(-c3cnc(OC4CCC4)c(C#N)c3)n2)c1,16.77
N#Cc1ccc(-c2cc(-c3cnc(-c4cccc(C#N)n4)c(C#N)n3)ccc2F)nc1,10.18
N#Cc1ccc(-c2ccc(C#Cc3ccc(-c4cccc(C#N)n4)cc3)nc2)cc1,10.95
N#Cc1ccc(-c2cc(-c3cccc(C#N)n3)c3ccc(-c4cnc(C#N)nc4)cc3n2)cn1,14.1
N#Cc1ccc(-c2ncc(-c3ccc(-c4ccc(-c5ccc(C#N)nc5)nc4)nc3)nc2C#N)cc1,10.39
C#Cc1ncnc(=NC(c2ccc(C#N)nc2)c2ccc(-c3nc(C#N)c[nH]3)c(-c3ccc(C#N)cc3C#N)c2)[nH]1,28.67
N#Cc1cncc(-c2ccc(-c3nc(C#N)c[nH]3)nc2)c1,13.78
N#Cc1ccoc1C(=O)Nc1ccc(-n2nc(C(F)(F)F)cc2C2CC2)cc1,23.12
COc1ccc(C#N)cc1-c1nc(-c2ccc(C#N)cc2)cc(-c2cc(C)n(-c3ccc(C)cn3)c2C)n1,26.65
N#Cc1ccccc1C=NNC(=O)C(C#N)c1ccc(-c2ccccc2)c(F)c1,22.69
N#Cc1ccc(-c2cc(-c3cnc(-c4ccc(C#N)nc4)c(C#N)c3)nc(C(F)(F)F)n2)cc1,16.85
N#Cc1ccc(-c2ccc(C#Cc3cc(C#N)cc(-c4ccc(C#N)nc4)c3)nn2)cc1,15.1
N#Cc1ccc(-c2nc(C3CC3)nc(-c3cc4ncccc4c(-c4ccnc(C#N)n4)n3)c2C#N)cc1,23.63
N#Cc1cc(C(c2ccccc2)c2ccc(-c3ccccc3)cc2)ccc1N,19.95
N#Cc1ccc(-c2ccc(-c3nc(C#N)cnc3-c3ccc(-c4cccc(C#N)c4)cc3)cn2)nc1,10.41
N#Cc1ccc(Nc2ncc(-c3ccc(C#N)cc3)cc2-c2cncc(-c3ccc(C#N)cc3)n2)cc1,12.54
N#Cc1ccc(-c2cc(C#Cc3ccc(-c4ncc(C#N)cc4O)cn3)ccc2C#N)nc1,22.08
COc1ccc(-c2nc(C#N)ccc2C#Cc2ccc(C#N)cc2)cc1C#N,13.73
N#Cc1ccc(-c2cc3ncc(C#N)cc3nc2-c2ccc(C#N)nc2)cc1,14.69
N#Cc1ccc(-c2c[nH]c(=N)c(-c3cc(-c4ccncc4)nc(C#N)n3)n2)cc1,14.83
N#Cc1ccc(-c2nccc(-c3nc(N=c4cc(C#N)cc[nH]4)nc(-c4ccc(C#N)cc4)c3C#N)n2)cc1,18.2
N#Cc1ccc(-c2cc(-c3cc4c(ncn4CC4CC4)c(C#N)n3)cc(-c3cccs3)c2)cn1,17.15
N#Cc1ccc(-c2cccc(-c3nc(-c4ccc(C#N)nc4)nc(-c4cccc5ccccc45)n3)c2C#N)c(C#N)c1,11.82
N#Cc1cccc(-c2ccc(-c3ccc(-c4cnc(C#N)nc4)c(F)c3)nc2C#N)n1,14.03
N#CC(C#N)=c1ccc(=C(C#N)c2nc(C(=O)c3ccc(C#N)cc3)c3ccc(-c4ccc(NC=O)cc4)cc3n2)cc1,18.38
N#Cc1ccc(-c2cn(-c3ccc(-c4ccc(C#N)c(C#N)c4)cc3)c(=O)nc2-c2ccc(C#N)cc2)cc1,18.44
Cc1c(C#N)c2ccc(-n3cc(-c4ccncc4)nn3)cc2n1Cc1ccccc1,30.59
N#Cc1cccc(-c2ccc(-c3cnc(C#N)nc3)c(F)c2F)n1,14.31
N#Cc1ccc(-c2ccc(-c3cc(-c4ccc(C#N)nc4)nc(C#N)n3)cc2C#N)cc1,11.12
N#Cc1ccc(-c2cc(-c3cccc(C#N)n3)ccc2-c2ccc(C#N)nc2)cc1,12.15
N#Cc1ccc(-c2ccc(-c3nc(C#N)c4ncn(CC5CCOCC5)c4n3)cc2)cc1,13.95
N#Cc1ccc(Nc2nc(-c3ccc(C#N)cc3)c(C#N)nc2-c2ccc(-c3ccc(C#N)cn3)nc2)cc1,10.3
N#Cc1cnn(-c2nc(-c3ccc(OC4CCC(C(=O)O)CC4)c(C#N)c3)nc(-c3cccc(C#N)n3)n2)c1,14.85
N#Cc1ccc(-c2nc(C#N)c(Nc3cccc(-c4ccc(C#N)nc4C#N)c3)o2)cc1,25.16
N#Cc1ccc(-c2ccc(-c3nc(C#N)cc(-c4ccc(C#N)nc4)n3)cn2)nc1,7.7
OCC1OC2OC3C(CO)OC(OC4C(CO)OC(OC5C(CO)OC(OC6C(CO)OC(OC7C(CO)OC(OC1C(O)C2O)C(O)C7O)C(O)C6O)C(O)C5O)C(O)C4O)C(O)C3O,8.26
COc1ccc(-c2ccc(-c3cc(C4CCC4)nc(C#N)n3)cc2C#N)cn1,19.79
N#Cc1ccc(-c2ccc(-c3nc(C#N)nc(-c4ccc(-c5cccc(C#N)c5)cc4)n3)cn2)nc1,12.25
N#Cc1ccc(-c2nc(-c3ccncc3)ns2)cn1,17.33
N#Cc1ccc(-c2nc(=Nc3ccc(-c4cccc(C#N)n4)cn3)[nH]cc2F)cn1,15.2
N#Cc1ccc(-c2cc(-c3ccc(-c4cccc(C#N)n4)cc3)nc(-c3cc(-c4ccc(C#N)nc4)cc(-c4ccc(C#N)cc4C#N)c3C#N)n2)cc1,12.9
CSc1nnc(-c2ccc(C#N)cc2)c(-c2ccc(C#N)cc2)n1,21.65
Cc1cc(-c2nc(-c3ccc(C#N)cc3)nc(-c3ccc(-c4ccc(C#N)cc4)cc3)n2)c(C#N)c(-c2c(Cl)cccc2Cl)n1,21.09
Cn1cc(-c2cc(-c3cc(-c4ccc(C#N)cc4)ncn3)c3cc(C#N)cnc3c2)cn1,26.18
N#Cc1ccc(-c2nc3ccc(-c4ccc(-c5ccc(C#N)nc5)c(C#N)n4)cn3c2CN2CCOCC2)cc1,29.96
N#Cc1ccc(-n2cc(C#N)c(-c3cccc(-c4cncc(C#N)c4)c3)n2)cc1,16.89
N#Cc1cc(-c2ccc(-c3c[nH]c(=N)cn3)c(F)c2)c(-c2ncncn2)c(C#N)n1,16.25
Cc1nc(-c2ccc(-c3ccc(C#N)cc3)c(C#N)c2)ccc1-c1nc(C#N)cc(C=O)n1,17.95
N#Cc1cc(-c2ccc(-n3ccc(C#N)c3)c(Cl)c2)cc(-c2cccc(C#N)n2)c1,28.26
N#Cc1ccc(C#Cc2ccc(-c3cccc(C#N)n3)nc2)nc1,12.44
N#Cc1ccc(-c2cc(-c3ccc(-c4ccc(C#N)nc4)c(C#N)n3)nc(-c3cccc(C#N)n3)n2)cn1,16.3
N#Cc1ccc(-c2cc(C#N)cc(C(=O)Nc3cc(C#N)cc(-c4nc(-c5cccnc5)nc(-c5cnc(OC6CCOCC6)c(C#N)c5)n4)c3)c2)cc1,20.16
N#Cc1ccc(-c2ncc(-c3ccc(-c4nccc(C#N)n4)cc3)nc2C#N)cn1,10.79
N#Cc1cccc(-c2cc(-c3noc(C#N)n3)nc(-c3ccc(C#N)nc3)n2)c1,16.13
N#Cc1ccc(-c2ccc(-c3ncnc(-c4ccc(C#N)nc4)n3)cc2C#N)nc1,10.7
N#Cc1ccc(-c2nc(-c3ccc(C#N)nc3)c(C#N)nc2-c2cccc(C#N)c2)cc1,12.89
N#Cc1ccc(Oc2ccc(-c3cc(C#N)nc(-c4cc(-c5ccc(C#N)nc5)nc(-c5c(C#N)cccc5C#N)c4C#N)n3)nc2C#N)cc1,23.72
N#Cc1ccc(-c2c(C#N)cc(C#N)n2-c2ccc(-c3cccc(C#N)n3)cc2)cc1,14.52
N#Cc1cnc(-c2cccc(-c3cnc(-c4ccc(-c5cccc(C#N)n5)c(C#N)n4)cn3)c2)cn1,13.2
N#Cc1ccc(-c2ccc(-c3cnc(-c4ccc(F)cc4)c(-c4ccc(C#N)cc4)n3)cc2C=NN=c2ccc(Cl)n[nH]2)cc1,23.58
N#Cc1ccc(C#N)c(-c2cc(C#N)nc(-c3c(F)c(F)c(C#N)c(F)c3F)n2)c1,16.03
N#Cc1ccc(-c2ccc(-c3nc(-c4cccc(C#N)n4)nc(-c4cccc(C#N)n4)n3)cc2C#N)cc1,10.2
N#Cc1ccc(-c2ccc(-c3nc(-c4cc(C#N)nc(-c5ccc(C#N)nc5)c4C#N)cc(C(F)(F)F)n3)c(C#N)c2)cc1,22.36
N#Cc1cccc(-c2ccc(-c3cnc(C#N)c(C#N)n3)cc2C#N)c1,11.67
N#Cc1ccc(-c2ccc(-c3cc(-c4ccc(C#N)cc4)c(C#N)c(N)n3)nc2)cc1,11.22
N#Cc1ccc(-c2cc(-c3cc(-c4ccc(C#N)nc4)nc(-c4cccc(-c5ccc(C#N)cn5)n4)n3)ccc2C#N)cc1,19.79
N#Cc1ccc(-c2nc(-c3ccc(-c4cnc(C#N)c(C#N)n4)c(C#N)c3)nc(=N)[nH]2)cc1,27.51
N#Cc1ccc(-c2cc(-c3ncc(-c4cc(O)c(O)c(C#N)c4)s3)cc(-c3cccc4ccccc34)c2)cn1,26.19
N#Cc1ccc(-c2cnc(-c3cnc(C#N)nc3)cn2)cn1,10.68
N#CCn1cnc2c(C#N)nc(-c3ccc(-c4c[nH]c(=N)c(C#N)n4)cc3)cc21,16.77
N#Cc1ccc(C(C#Cc2ccc(C#N)cc2-c2ccc(C#N)c(C#N)c2)c2ccc(C#N)cc2C(F)(F)F)cc1,27.04
N#Cc1cccc(-c2nc(C#N)cnc2C#Cc2ccc(-c3cccc(C#N)n3)cc2F)c1,13.42
Cc1nc(-c2nc(C#N)c(-c3cccc(C#N)n3)nc2OCC#N)nc(C(C)(F)F)n1,23.63
Cc1nnc(-c2ccc(-c3cccc(C#N)n3)cc2)n1-c1ccc(F)c(-c2cccc(C#N)c2)c1,24.39
N#Cc1ccc(-c2ccc(-c3cc4c(ncn4Cc4ccc(C#N)nc4)c(C#N)n3)cn2)nc1,10.48
Cc1cc(C#N)ccc1NC(=S)Nc1ccc(-c2nc(-c3ccc(C#N)nc3)nc(N3CCOCC3)n2)cc1,29.44
N#Cc1ccc(-c2nc(-c3ccc(C#N)c(-c4cccc(C#N)c4)c3)nc3cc(-c4ccc(-c5ccc(C#N)cn5)nc4)ccc23)cc1,23.66
N#Cc1ccc(-c2ccc(-c3nc(C#N)c4ncn(CC5CC5)c4n3)cc2)cn1,12.55
N#Cc1ccc(-c2ccc3c(-c4cc(-c5ccc(C#N)nc5)ncn4)cc(C#N)nc3c2)cc1,16.32
N#Cc1cccc(-c2ccc(-c3ccc(-c4ccc(C#N)o4)cc3)nc2)n1,18.41
N#Cc1cccc(-c2cc(C#N)nc(-c3ccc4nc(C(N)=O)cc(-c5cnc(C#N)nc5)c4c3)c2)n1,27.51
N#Cc1ccc(-c2cc(-c3ccnc(C(=O)O)c3)nc(-c3c(C#N)c(-c4ccccc4)n4ccccc34)n2)cc1,25.33
N#Cc1ccc(Cn2cncc2-c2ccc(-c3ccc(C#N)cc3)cc2)cc1,10.55
Cc1cc(-c2ccc(-c3nc(C#N)cc(-c4nc(-c5ccc(C#N)cc5F)c(C#N)c(=N)[nH]4)c3C#N)nc2)c(=O)[nH]n1,40.47
N#Cc1ccc(-c2cc(-c3ccc(C#N)cc3)c(C#N)c(-c3cc(-c4cccc(C#N)n4)nc(-c4ccc(C#N)cc4)n3)n2)cc1,11.92
Cc1ccc(-c2nc(C)nc(-c3nc(C#N)nc(-c4ccc(-c5cnc(C#N)c(C#N)n5)cc4)n3)c2C#N)c(C)c1,16.23
COc1cc(-c2nc(C#N)nc(Nc3ccc4c(c3)C(=O)c3ccc(N)cc3C4=O)n2)ccc1-n1cnc(C)c1,15.8
N#Cc1ccc(-c2cc(-c3cccc(C#N)c3)cc(-c3cc(-c4ccc(C#N)nc4)ccn3)c2)nc1,13.38
N#Cc1ccc(-c2ccc(C#Cc3cccc(C#Cc4nccc(C#N)n4)c3)cc2)cc1,16.17
N#Cc1ccc(-c2ccc(-c3nc(C#N)c(-c4ccc(-c5cccc(C#N)c5)cc4)nc3-c3cccc(-c4ccc(C#N)cc4C#N)c3C#N)cc2)nc1,12.79
Cc1nc(C)nc(-c2cc(-c3ccc(C#N)cc3)nc(C3CCN3c3nccc(C#N)n3)n2)n1,28.47
CC(=O)OC(Cn1cnc2c(C#N)nc(-c3ccc(-c4cnc(C#N)nc4)nc3)cc21)C(C)C,21.23
N#Cc1ccc(-c2cc(-c3ccc(C#N)cc3)nc(-c3ccc(C#N)nn3)c2)cc1,11.23
N#Cc1ccc(-n2c(C#N)ccc2-c2ccc(-c3ccc(C#N)cn3)cc2)cc1,11.62
N#CCCSc1nc(-c2ccc(-c3ccc(C#N)cc3)cc2)c(C#N)nc1-c1ccc(-c2ccc(C#N)cn2)nc1,16.28
N#Cc1ccc(-c2ccc(C#CC(=O)c3ccc(-c4cccc(C#N)c4)nn3)nc2)cc1,14.86
Cc1nc(C)c(C#N)c(-c2ccc(-c3cccc(C#N)c3)cc2)n1,11.01
N#Cc1ccc(CC2=C(O)C(=CNc3ccc(-c4ccc(C#N)cc4)cc3)C(=O)C(C=O)=C2O)cc1,10.52
N#Cc1ccc(-c2ccc(C#N)nc2-c2ccc(-c3cccc(C#N)n3)cn2)cc1,10.25
CCc1nc(-c2ccc(C#N)cc2)c(C#N)c(-c2cc(-c3ccc(C#N)nc3)cc(-c3ccc(C#N)cc3)n2)n1,17.53
COCc1nc(CC#N)nc(-c2cnc(-c3ccc(C#N)nc3)nc2-c2ccc(C#N)cn2)n1,27.75
Cc1cc(C#N)c(Cl)cc1-c1c(C#N)c(-c2ccnc(-c3ccc(C#N)nc3)n2)c2cc(-c3ncncn3)ccn12,20.77
N#Cc1ccc(-c2nc(-c3ccc(C#N)cc3)c(-c3nc(N=CN4CCOCC4)nc(-c4ccc(C#N)nc4)n3)s2)cc1,17.36
Cc1nc(C)nc(C)n1,10.4
N#Cc1ccc(-c2cc(-c3ccc(C#N)cn3)nc(-c3cccc(-c4ccc(C#N)cc4C(N)=O)c3C#N)n2)nc1,15.19
N#Cc1ccc(-c2ncc(-c3ccc(-c4cnc(C#N)nc4)c(F)c3)nc2C#N)cn1,14.47
N#Cc1nc(-c2ccc(F)cc2)cc2c1ncn2CC1CNC(CO)C1,19.58
N#CC=Cc1cc(-c2ccccc2C#N)cc(-c2ccc(C#N)nc2)n1,12.75
N#CCn1cnc(-c2cnc(-c3ccc(C#Cc4nc(C#N)c(-c5ccc(C#N)cc5)cc4-c4ccc(C#N)cc4)nc3)cn2)c1,21.48
Cc1ccc(-c2c(C#N)c(-c3nc(-c4cccc(C#N)c4)cc(-c4cccc(C#N)n4)n3)nn2-c2ccc(C#N)cc2)c(C)c1,13.18
N#Cc1ccc(-c2ccc(-c3cc(-c4cc(-c5nccs5)cc(-c5ccc(-c6cnc(-c7cccc(C#N)n7)c(C#N)n6)cc5)c4-c4ccncc4)ccc3C#N)cn2)nc1,23.14
N#Cc1ccc(-c2cc(-c3nccc(C#N)n3)nc(-c3ccc(C#N)cc3)n2)cc1,11.07
N#Cc1ccc(-c2cc(-c3ccc(C#N)cc3)nc(-c3ccc(C#N)nc3)n2)cc1,13.57
N#Cc1cccc(-c2cc(-c3cccc(C#N)n3)cc(-c3nccc(C#N)n3)c2)n1,10.2
N#Cc1ccc(-c2ccnc(-n3cnc(-c4cccc(C#N)n4)c3)n2)nc1,14.14
N#Cc1ccc(-c2cc3cc(-c4cccnc4)nc(C#N)c3c(C#N)n2)cn1,17.12
N#Cc1cncc(-c2cc(F)cc(-c3nc(C#N)c[nH]c3=Nc3cccc(-c4cnc(C#N)nc4)n3)c2)n1,28.85
N#Cc1ccc(-c2ccc(-c3cc(-c4ncc(C#N)cn4)nc(-c4cccc(-c5ccc(C#N)cn5)c4C#N)n3)cn2)nc1,12.63
N#Cc1ccc(-c2cc(N=Cc3cc(C=O)c(O)c(C=O)c3O)nc(C#N)n2)cn1,16.09
Cn1cc(-c2cscn2)nc1C(=O)Nc1cccc(-c2ccc(-c3ccc(C#N)cn3)c(C#N)n2)c1,26.74
CN(C)CCN=c1[nH]c(C=CC#Cc2ccc(C#N)cc2)cc(-c2ccc(C#N)cc2)c1-c1ccc(C#N)cc1,28.45
N#Cc1ccc(-c2nc(-c3ccc(C#N)nc3)nc(-c3ccc(C#N)cn3)n2)cc1,9.17
N#Cc1ccc(-c2occc2-c2cc(C#N)ccc2-c2ccc(-c3ccc(C#N)cn3)cc2)cc1,23.72
N#Cc1ccc(C#N)c(-c2cc(-c3ccsc3)nc(-c3ccc(C#N)nc3)n2)c1,19.86
Cc1cc(C#N)ccc1-c1cccc(-c2nc(-c3ccc(C#N)nc3)nc(-c3cccc4ccccc34)n2)c1C#N,11.68
N#Cc1ccc(-c2cc[n+](-c3nc(C#N)c(N)n3-c3ccc(-c4cc(-c5ccc(C#N)cc5)nc(-c5ccccc5C#N)n4)cc3)cc2)cc1,16.09
N#Cc1ccc(-c2nc(-c3cccs3)c(-c3cccc(C#N)n3)nc2-c2ccc(-c3ccc(C#N)nc3)cc2)c(Cl)c1,22.77
N#Cc1ccc(-c2ccc(-c3nc(-c4ccc(C#N)nc4)nc(-c4cccc(C#N)n4)n3)cc2C#N)cc1,9.05
N#Cc1ccc(-c2nccc(-c3nc(-c4ccc(C#N)nc4)nc(-c4ccc(-n5cncn5)cc4C#N)n3)c2C#N)c(C(F)(F)F)c1,22.36
C#CC(O)C1OCC(N)C(O)C1O,25.48
C=CCn1cc(Cn2cnc3c(C#N)nc(-c4ccc(C#N)cc4)cc32)nn1,19.03
CC(=O)c1nc(CCc2ccc(C#N)c(-c3ccc(C#N)c(C#N)c3)c2)cnc1CO,30.82
N#Cc1cncc(-c2nc(C#N)cc(C#N)c2-c2cccc(C#N)n2)n1,16.42
N#Cc1ccc(-c2nc(-c3ccc(-n4c5ccccc5c5ccccc54)cc3)cc(-c3nc(N4CCC(C#N)C4)nc(-c4ccc(C#N)cc4)c3C#N)n2)cc1,20.33
N#Cc1nccc(-c2cc(-c3nccs3)cc(C3C=COC3)c2)n1,36.94
N#Cc1ccc(-c2nc(C#N)c3c(NC4CCCCC4)c(C#N)cc(-c4ccc(C#N)nc4)c3c2O)cn1,22.98
CN1CCC(Oc2ccc(-c3nc(-c4ccc(-n5c6ccccc6c6ccccc65)cc4)nc(-c4ccc(C#N)nc4)n3)cc2C#N)CC1,17.82
N#Cc1cnc(-c2ccc(-c3nc(C#N)cnc3C#N)cc2C#N)cn1,9.52
N#Cc1ccc(-c2cc(-c3ccc(C#N)nc3)nc(-n3ccnc3)n2)nc1,18.37
N#Cc1ccc(-c2cc(-c3cccc(C#N)n3)nc(C#N)n2)cn1,8.8
N#CC(C#N)=c1ccc(=C(C#N)c2nc(-c3ccc(C#N)nc3)nc(C(C#N)c3cnccn3)n2)cc1,10.72
N#Cc1ccc(-c2ccc(-c3cc4c(cc(-c5cccc(C#N)n5)n4C4CCC4)c(C#N)n3)cc2)nc1,16.76
N#Cc1ccc(-c2ccc(C#N)nc2-c2ccc(C#N)c(C#N)n2)cc1,12.13
Cc1cn(-c2ccc(Oc3ccc4nc(C(=O)N5CCN(C6CCCC6)C5=O)ccc4c3)cc2)cn1,30.74
N#Cc1cc(C#N)nc(-c2ccc(-c3cncs3)cc2-c2ccc(C#N)c(C#N)n2)n1,29.62
N#Cc1ccc(C=Cc2ccc(-c3cccc(C#N)c3)cc2)nc1,14.23
N#CC(C#N)=c1ccc(=C(C#N)c2nc(-c3ccc(C#N)nc3)cc(-c3cccc(C#N)n3)n2)cc1,10.93
N#CC=Cc1cc(-c2cccc(C#N)n2)cc(C=CC#N)n1,10.38
N#Cc1cccc(-c2ccc(-c3nc(C#N)cnc3-c3ccncc3)cc2)n1,12.42
N#Cc1ccc(-c2ccc(-c3cc(-c4cncc(C#N)c4)ncn3)cc2C#N)cc1,18.7
N#Cc1cncc(-c2ccc(-c3nccc(C#N)n3)c(-c3cccc(C#N)n3)c2)n1,14.41
COc1cc(-c2cnc(C#N)nc2)ccc1-c1nc(C#N)c(C)c(Cl)c1C#N,24.63
N#Cc1ccc(-c2ccc(-c3cccc(-c4ccc(-c5ncc(C#N)cn5)cn4)c3)cn2)nc1,16.0
COc1nc(-c2ccc(N=Cc3cc(C#N)cc(CN4CCN(C=O)C(=O)C4=O)c3O)nc2)ncc1C=CC#N,29.24
N#Cc1ccc(-c2cc(C(=O)N=c3ccc(C#N)c(C#N)[nH]3)c3cc(-c4ccnc(C5CC5)n4)ccc3n2)cc1,28.74
Cc1cc(C#N)c(Cl)cc1-c1nc(C2CC2)nc(-c2nc(NCc3ccc(C#N)cc3)cc(-c3ccc(F)c(C#N)c3)n2)c1C#N,16.17
N#Cc1ccc(C#CC#Cc2ccc(C(=O)C=CC=Cc3ccc(C#N)cc3)cc2)cc1,21.84
N#Cc1ccc(-c2c(C#N)nc(-c3ccc(C#N)nc3)nc2-c2cccs2)cc1,14.97
N#Cc1ccc(-c2cc(-c3ccc(C#N)cc3)n(-c3ccc(-c4cc(C#N)cc(-c5cccc(C#N)n5)c4)cc3)n2)cc1,16.55
N#Cc1csc(-c2ccc(-c3cccc(NS(=O)(=O)c4cccc(Cl)c4)c3)nc2C#N)n1,27.98
COc1ccc(Cl)cc1-c1nc(-c2cc(F)cc(C#N)c2)nc(-c2cc(C#N)cc(-c3c(Cl)cccc3C(F)(F)F)c2C#N)n1,31.57
Cn1cc(C#N)c(-c2ccc(-c3ccc(C#N)cc3C#N)cc2)cc1=O,16.58
N#Cc1ccc(C#N)cc1,10.98
N#Cc1ccc(-c2ccc(-c3nc(C#N)cc4nc(C#N)ccc34)cc2)cc1,20.27
Cc1nc(C#N)c(-c2ccc(-c3cncc(C#N)c3)nc2)c(-c2ccc(-c3cnc(C#N)cn3)c(C#N)n2)n1,25.16
N#Cc1ccc(-c2cc(C#N)nc(-c3nc(-c4cccc(-c5ccc(C#N)cc5C#N)c4C#N)nc(-c4cncc5cc(C#N)ccc45)n3)c2C#N)cc1,24.55
CC1=CC2OC3C(O)C=C(CO)C4C(C)(C(=O)C(C)C(O)C4(O)C2(O)C1=O)C(C)C3O,31.64
N#CC=Cc1cc(-c2cc(-c3ccc(C#N)cn3)cc(C#N)n2)cc(-c2nc(C#N)ccc2Cl)c1,30.6
Cc1cc(C#N)c(Cl)cc1-c1nc(C2CC2)nc(-c2cccc(-c3cc(C#N)c(C#N)nc3-c3cccc(-c4ccc(C#N)cn4)c3)n2)c1C#N,18.36
Cc1cc(-c2cccc(C#N)n2)ccc1N=c1ccc(-c2ccc(-n3c(C)nc4ccccc43)cc2)c(C#N)c(=O)n1Cc1ccc(-c2ccc(C#N)cc2)cc1,29.92
N#Cc1cccc(-c2ccc(=Nc3ccc(-c4cccc(C#N)n4)cn3)[nH]c2)c1,10.31
N#Cc1ccc(-c2cc(C(=O)Nc3ccc(-c4cc(-c5nc(C#N)c[nH]5)cc(C#N)n4)cc3)nc(C3(NC(=O)c4nc(C#N)cs4)COC3)n2)c(F)c1,44.63
N#Cc1ccc(-c2cc(C#N)c(-c3ccc(C#N)cc3)nc2C(=O)c2ccc(C#N)cn2)cc1,18.68
CCOc1ccc(-c2nc(C3=CCCC3(C)C)nc(-c3ccc(-c4ccc(C#N)nc4)nc3)n2)cc1C#N,16.29
N#Cc1ccc(-c2ccc(-c3nc(C#N)c4nc(C#N)cnc4c3O)cc2)nc1,14.59
N#Cc1cccc(-c2ccc(-c3ncc(C#N)nc3-c3ccc(-c4cnc(C#N)nc4)cc3)nc2)n1,17.13
N#Cc1ccc(-c2cc(C#N)nc(-c3ccc(-c4cccc(C#N)n4)c4cc(-c5ccc(C#N)nc5)ccc34)n2)cc1,15.41
N#Cc1ccccc1N=Cc1ccc(C=O)cc1,12.2
N#Cc1ccc(-c2cncc(N=c3ccc(-c4ccncn4)c[nH]3)n2)cc1,21.56
N#Cc1ccc(-c2cccc(-n3cc(-c4cccc(C#N)n4)c4ncccc43)c2)cn1,19.18
Cc1cccc2c1C(O)C(=CN1CCN(Cc3ccccc3)CC1)C2=O,29.89
Cc1nc2cc(-c3ncncn3)ccc2n1-c1ccc(-c2ccc(C#N)cc2)cc1,8.82
N#Cc1ccc(C#Cc2ccccc2C#N)c(COc2ccc(-c3ccc4cc(C#N)c(C#N)nc4c3)cc2)c1,36.69
N#Cc1ccc(-c2ccc(-c3ncc(-c4cccc(C#N)n4)nc3-c3ccc(C#N)cc3)cc2)cc1,11.15
N#CC=C(c1ccc(N)cc1)c1ccc(C#N)cc1,10.92
O=C(O)c1ccc(-n2c3ccccc3c3ccccc32)cc1,13.93
N#Cc1ccc(-c2cccc(-c3nc(-c4ccc5ccccc5c4)cc(-c4cccc(C#N)n4)n3)c2C#N)c(C(F)(F)F)c1,19.6
CC1CCCCN1c1nc(-c2nc(-c3ccc(C#N)cc3)cc(-c3csc(C#N)c3)n2)c(C#N)c(-c2ccc(C#N)cc2C(F)(F)F)n1,24.96
N#Cc1ccc(-c2nc(C#N)c(C#N)nc2-c2ccc(-c3cnc(C#N)c(C#N)n3)cc2)cn1,13.62
COc1ccc(-c2cc(-c3ccc(C#N)cc3)ccc2-c2ccc(C#Cc3ccc(-c4ccc(C#N)cc4)cc3)cc2)cc1,16.29
N#Cc1ccc(-c2ccc(-c3ccc(C#N)nc3-c3ccc(C#N)cc3C#N)cc2)nc1,11.33
Cc1cc(-c2cc3c(Nc4ccc(C#N)cc4)cc(-c4ccc(C#N)nc4)nc3cc2-c2cnc(C#N)nc2)nc(C)n1,32.93
Cc1ccc2nc(C(C#N)=Cc3ccc(-c4ccc(Cl)c(C(=O)O)c4)o3)n(Cc3ccco3)c(=O)c2c1,31.28
N#Cc1ccc(C#N)c(-c2ccc(C#N)nc2)c1,12.4
N#Cc1cncc(-c2cncc(-n3cnc4ccccc43)n2)c1,17.62
N#Cc1ccc(-c2ccc(Cn3c(=O)ccn(C4SC(=CCl)C(O)C4O)c3=O)cc2)cc1,23.7
C#Cc1cc(Nc2nc(C#N)ccc2-c2ccncc2)cc(-c2ccc(C#N)cn2)c1-c1ccccc1,26.28
CC(C)COc1ccc(-c2nc(-c3ccc(C#N)nc3)nc(-c3nc4cc(F)ccc4s3)n2)cc1C#N,26.27
CC(F)CNc1cc(-c2ccc(-c3ccc(C#N)cn3)cc2)c(C#N)cc1C#N,24.61
N#Cc1ccc(C#Cc2cccc(C#N)n2)cc1,9.88
COC(=O)c1ncc(-c2cccc(C#N)c2C#Cc2ccc(-c3cncc(C#N)n3)cc2C#N)cn1,29.83
N#Cc1ccc(-c2cc(-c3cccc4cc(-c5ncncn5)ccc34)nc(-c3ccccc3C#N)n2)cc1,15.3
N#Cc1ccc(-c2ccc(-c3cc4ncn(-c5ccc(-c6ccc(C#N)nc6)cc5)c(=O)c4c(C#N)n3)cc2)nc1,16.73
N#CC(=Cc1cccn1-c1cccc(C#N)c1)c1cc(-c2ccc(C#N)cc2)nc(-c2ccc(C#N)cc2)n1,18.41
Cc1cc(C#N)c(F)cc1-c1nc(C2CCN(C#N)C2)nc(-c2nc(C#N)nc(-c3ccc(-n4cc(C#N)c5ccccc54)nc3)n2)c1C#N,26.14
Nc1ccc(C(c2ccc(N)cc2)(c2ccc(N)cc2)c2ccc(N)cc2)cc1,7.26
N#Cc1cnc(-c2ccc(-c3cc(-c4ccc(C#N)nc4)nc(-c4ccc(C#N)nc4)n3)cc2)nc1,10.02
N#Cc1ncc(-c2nc3ccc(F)c(-c4ncncn4)c3cc2-c2ncncn2)nc1C#N,13.21
N#Cc1ccc(-c2nc(-c3ccc(N=Cc4cccc(C#N)c4)nc3)nc(-c3ccc(N=Cc4cc(C#N)cc(C=O)c4O)nc3)n2)cc1,10.21
N#Cc1ccc(-c2ccc(C#Cc3ccc(C#N)nc3-c3ccc(C#N)cc3)cn2)cc1,14.84
N#Cc1ccc(-c2cc(-c3nc(C#N)c[nH]3)ccc2-c2ccc(C#N)nc2)cc1,16.21
Cn1c(-c2ccc(-c3nc(C#N)cc(-c4ccc(C#N)cc4)c3C#N)nc2-c2cccc(C#N)c2)ccc(C#N)c1=O,20.23
CN(C)C=C(C#N)C(=O)c1c(O)c(O)n(-c2ccc(-c3ccc(C#N)cc3)cc2)c1-c1nccs1,21.61
C#CCn1c(=S)c(C#N)cc2c(C(=O)c3ccccc3)c3ccccc3c(C#N)c21,29.65
Cc1cc(C#N)ncc1-c1cc(-c2ccnc(-c3cnc(C#N)nc3)c2)nc(-c2ccc(C#N)cc2)n1,18.54
Cn1c(C#N)ccc1-c1cc(C#Cc2ccc(-c3ccc(C#N)cc3)nn2)cc(-c2cncc(C#N)n2)c1,20.24
N#Cc1ccc(C#Cc2ccc(C#N)cc2-c2ccc(C#N)cc2)cc1,11.64
N#Cc1ccc(-c2cc(-c3ccccc3C#N)nc(N=Cc3ccc(Cl)cc3Cl)c2C#N)cc1,20.81
N#Cc1ccc2[nH]c(C#Cc3ccc(-c4cncc(C#N)n4)cc3)c(Br)c2c1,26.9
CC(C)c1cc(-c2ccc(C#N)cc2)c(C#N)c(-c2nc(-c3ccccn3)cc(-c3ccc(C#N)cn3)n2)c1,20.05
N#Cc1ccc(COc2ccc(-c3nc(-c4cccc(C#N)n4)nc(-c4cccc(C#N)n4)n3)cc2C#N)cc1,11.97
N#Cc1ccc(-c2ccc(-c3cc(-c4cc(-c5cccc(C#N)n5)ccc4F)on3)cc2C#N)cc1,23.51
CNCc1cc(C=Nc2ccc(-c3nc(-c4ccc(C#N)nc4)nc(-c4cc(C#N)c(N)s4)n3)cn2)cc(C=O)c1O,26.52
N#Cc1ccc(-n2ccc3cc(-c4ccnc(C#N)n4)ccc32)c(C(O)C2CCCN2)c1,25.27
N#Cc1ccnc(-c2cc(-c3cnc(C#N)nc3)cc(-c3cccc(F)n3)c2)n1,18.57
CS(=O)(=O)c1cc(-c2cccc(C(=O)O)n2)ccc1-n1cc(-c2nc(C#N)c[nH]2)c(-c2ccc(C#N)cc2)n1,37.85
N#Cc1ccc(-c2ccc(-n3c(C(=O)c4ccc(-c5cccc(C#N)c5)nc4)cc4ccc(OCc5ccc(-c6ccccc6)cc5)cc43)cc2)cc1,24.95
N#Cc1ccc(-c2cc(-c3ccc(C#N)nc3)nc(-c3c[nH]cnc3=Nc3ccc(OCc4cccc(C#N)c4)c(Cl)c3)n2)nc1,20.79
COc1c(C#N)cc(C=Nc2ccc(-c3nc(-c4ccc(C#N)cc4)cc(-c4cccc5cc(-c6ncncn6)ccc45)n3)cn2)cc1CO,25.77
Cc1cn(-c2ccc(-c3cc4c(ncn4C=Cc4cc(C#N)cc(C#N)c4)c(C#N)n3)cc2)cn1,24.81
N#Cc1ccccc1-c1ccc2c(c1)CNCC2c1ccnc(-c2ccc(F)c(C#N)n2)n1,32.41
Cc1cc(C#N)nn1CCN=c1nc(-c2ccc(C#N)nc2)cc(-c2ccncn2)[nH]c1=O,27.5
N#Cc1ccc(-c2nc(N3CCC4(CC3)COC4)c(-c3ccc(-c4ncc(C#N)cn4)cc3)nc2C#N)cc1,17.2
CC(N)(C#N)C(C(=O)N=c1[nH]c(-c2ccc(C#N)cc2)cs1)c1ccc(-c2ccc(C#N)cc2)cc1,28.64
Cn1c2ccccc2c2ccc(N)cc21,17.66
N#Cc1ccc(-c2cc(Cc3nnc(-c4ccc(C#N)cc4)o3)nc(-c3ccc(C#N)cn3)c2)cc1,16.82
N#Cc1ccc(-c2cc(C#N)nc(-c3cccc(-c4cc(C#N)nc5ccc(-c6ncncn6)cc45)n3)c2C#N)cc1,13.21
N#Cc1ccc(-c2ccc(-c3nc(-c4cccc(C#N)n4)cc(-c4cccc(C#N)n4)n3)nc2C#N)cn1,13.05
Cc1cc(C#N)c(Cl)nc1-c1cccc(-c2nc(C#N)nc(-c3ccc(C#N)cc3)n2)c1C#N,12.63
N#Cc1ccc(-c2nc(-c3ccncc3F)nc(-c3ccc(C#N)nc3)c2C#N)cc1,17.14
N#Cc1ccc(-c2ccc(CNCc3ccc(C#Cc4ccc(-c5cnc(C#N)c(C#N)n5)cc4)cc3)cc2)cc1,14.72
Cc1nc(-c2ccc(C#N)c(F)c2F)cc(-c2ccc(C#N)n2-c2ccc(C#N)cc2)c1C#N,21.8
C#CCN(Cc1ccc(-c2ccccc2-c2nn[nH]n2)nc1)c1ccccc1,22.96
N#Cc1ccc(-c2cc(-c3ccc(-c4cccc(C#N)n4)c(C#N)n3)nc(-c3cc(C#N)nc(-c4cccc(C#N)c4)n3)c2C#N)cc1,19.54
Cc1ccc(C(Nc2ccc(C#N)c3ccccc23)c2cnccn2)cc1-c1ccc(C#N)nc1,33.33
Cc1nc(Nc2ccc3c(c2)C(=O)c2ccc(N)cc2C3=O)nc(-c2ccc(C#N)cc2)n1,11.64
N#Cc1ccc(C#Cc2cc(-c3ccc(C#N)nc3)cc(-c3ccc(C#N)cn3)n2)cc1,12.33
Cc1cc(-c2ccnc(C#N)n2)nc(-c2ccc(OC3CCOCC3)c(C#N)c2)n1,13.39
Cn1ccnc1-c1cccc(S(=O)(=O)Nc2cccc(-c3ccc(-c4cccc(C#N)n4)c(C#N)n3)c2)c1,26.13
N#Cc1ccc(-c2cc(-c3ccc(C#N)nc3)nc(-c3cc(-c4ccc(C#Cc5cccc(C#N)n5)cc4)cnn3)c2C#N)cc1,19.85
N#Cc1cc(-c2ccc(C#N)c(Cl)c2)cc(-c2cnc(-c3cnc(C#N)nc3)cn2)c1,17.67
N#CC(C#N)=c1ccc(=C(C#N)c2nc(Nc3ccc4c(c3)C(=O)c3ccc(C#N)cc3C4=O)cc(-c3ccc(C#N)nc3)n2)cc1,14.34
N#Cc1ccc(-c2ccc(-n3c(C=Cc4ccc(-c5ccc(C#N)cc5C#N)cc4)nc4cc(-c5ncncn5)ccc43)cc2)cc1,14.26
N#Cc1ccc(-c2cc(-c3ccc(-c4ccc(C#N)nc4)c(C#N)c3)cc(-c3ncccn3)c2)nc1,14.22
N#Cc1ccc(-c2ccc(-c3cc4c(ncn4CC4CCCCC4)c(C#N)n3)cc2)cc1,12.31
N#Cc1ncc(-c2ccc(-c3cc4c(ncn4CC4CNCCO4)c(C#N)n3)cn2)cn1,12.32
CN1CCN(c2ccc(-c3ccnc(-c4ccc(-c5cccc(C#N)n5)c(F)c4)n3)cn2)CC1,21.02
N#Cc1ccc(Nc2ccc3c(c2)C(=O)c2ccc(N)cc2C3=O)cc1,8.13
N#Cc1ccc(-c2nc(-c3ccc(N)c(N)c3)nc(-c3cnc(OC4CCC(C(=O)O)CC4)c(C#N)c3)n2)c(Cl)c1,14.48
N#Cc1cc(-c2ccc(-n3cc(C#N)c4cc(-c5ccc(C#N)nc5)ccc43)cc2)nc(C(F)(F)F)c1,22.09
N#Cc1ccc(-c2nc(C#N)c(-c3ccc(-c4cc(O)cc(C#N)c4)cc3)nc2C#N)cc1,20.91
N#Cc1ccc(-c2nc(-c3ccc(C#N)c(-c4ccc(C#N)nc4)c3)nc(-c3ccc(C#N)cc3Cl)n2)nc1,18.53
N#Cc1ccc(-c2cc(-c3cnc(-c4ccc(C#N)nc4)c(C#N)c3)ncn2)cn1,12.03
N#Cc1ccc(-c2nc3nc(Br)n(Cc4cccc(C#N)c4)c3nc2-c2ccc(C#N)cc2)cc1,29.34
COc1cc(-c2ccc(C#N)cc2)cc(-c2ccc(Cl)cc2)c1C=O,19.49
N#Cc1ccc(-c2ccc(-c3ncc(-c4ccc(-c5ccc(C#N)cn5)nc4)nc3C#N)cc2)nc1,9.16
O=Cc1cc(Br)c2cccc3c2c1-c1ccc(Br)cc1-3,30.38
N#Cc1ccc(-c2nc(-c3ccncc3)nc(N(C(=O)C3CCCO3)C3CCC(O)CC3)n2)cn1,28.19
N#Cc1ccc(-c2cc(C#N)nc(-c3cnc(C#N)c(F)c3C#N)c2)cn1,18.05
CC1(C)C=C(Nc2ccc(C#N)cc2)c2cccc(-c3nc(-c4cccc(C#N)c4)cnc3-c3ccc(C#N)c(C#N)n3)c2N1,32.37
N#Cc1ccc(Nc2oc(C=Cc3ccc(C#N)c(-c4ccc(C#N)nc4)c3)nc2C#N)cc1,11.98
N#Cc1ccc(-c2cc(-c3cccc(C#N)c3)cc(-c3ccncc3)n2)nc1,14.82
N#Cc1ccc(-c2ccc(-c3cc(C#N)nc(-c4cccc(-c5c(C#N)cccc5C#N)c4C#N)n3)cn2)nc1,15.56
N#Cc1ccc(-c2ccc(-c3nc(C#N)ccc3N3CCC(c4cncc(-c5ccc(F)c(C#N)c5)n4)CC3)cn2)nc1,14.13
N#Cc1ccc(-c2nc(-c3ccc(N)c(N)c3)cnc2-c2ccncc2)cn1,14.0
CCc1nc(-c2nc(C#N)cc(-c3cc(F)c(C#N)c(F)c3F)n2)c(C#N)c(-c2ccccc2C(F)(F)F)n1,15.3
N#Cc1ccc(-c2ccc(-n3nc(-c4ccccc4C#N)cc3-c3ccc(C#N)c(-c4ccc(C#N)cc4)c3)cc2)cc1,17.87
N#Cc1cccc(-c2cc(-c3ccc(-c4cccc(C#N)n4)c(C#N)n3)ncc2OCc2cc(-c3cnccn3)cc(C(F)(F)F)c2)n1,27.59
N#Cc1ccc(-c2cc(-c3ccc(C#N)cn3)nc(C(=O)Nc3ccc(C#N)nc3)c2C#N)cc1,17.68
N#Cc1ccc(-c2ccccc2N=Cc2ccc(-c3ccc(-c4ccc(C#N)cc4)c(C#N)n3)cc2)cc1,12.96
N#Cc1ccc(-c2cc(C#N)c(-c3cccc(C#N)n3)nc2Cc2cccnc2)cc1,19.18
N#Cc1ccc(-c2ccc(-c3ccc(-c4ccc(-c5cccc(C#N)n5)c(C#N)n4)nc3)nc2C#N)cc1,12.99
N#Cc1ccc(-n2c3ccccc3c3ccccc32)cc1,9.88
N#Cc1ccc(-c2cc(-c3ccnc(-c4cccc(C#N)n4)c3)ccn2)cc1,17.26
N#Cc1ccc(C(CO)N=c2nc(C#N)[nH]c(Cl)c2-c2c(F)cc(F)c(C#N)c2F)cc1,28.79
N#Cc1ccc(-c2nc(-c3cnc(-c4cnc(C#N)cn4)cn3)cnc2-c2cccc(C#N)n2)cc1,18.36
CCc1cc(-c2nc(-c3ccc(C#N)nc3)nc(-c3ccc(C#N)cn3)n2)c(C#N)c(-c2ccc(C)cc2C)n1,16.77
N#Cc1ccc(-c2cc3c(ncn3Cc3cn(-c4ccc(C#N)cc4)nn3)c(C#N)n2)cc1,10.65
N#Cc1ccc(-c2ccc(-c3ccc(-c4ccc(-c5ccc(-c6cccc(C#N)n6)c(C#N)n5)nc4)[n+]([O-])n3)cc2)nc1,28.82
N#CC(C#N)=C1C(=Cc2ccc(-c3ccc(C#N)cc3)cc2)C(=O)C(c2ccc(C#N)nc2)C(C=O)=C1O,13.46
N#Cc1ccc(-c2cc(-c3ccc(C#N)c(-c4ccc(C#N)cc4)c3)nc(-c3ccc(-n4c5ccccc5c5ccccc54)cc3)n2)cc1,12.33
N#Cc1ccc(-c2nc(Nc3ccc4c(c3)C(=O)c3ccc(N)cc3C4=O)nc(-c3cccc(C#N)c3C#N)n2)cn1,13.53
CC(C#N)c1nc(-c2cncc(C#N)c2)c(C#N)nc1-c1nccc(C#N)n1,19.38
N#Cc1cc(-c2cc3c(ncn3Cn3cncn3)c(C#N)n2)ccn1,20.59
CCOc1cccc2c(C#N)nc(C(C#N)=c3ccc(=C(C#N)C#N)cc3)nc12,15.25
N#Cc1ccc(-c2ccc(-c3ncnc(-c4cccc(-c5ccc(C#N)nc5)c4F)c3C#N)c(C(F)(F)F)c2)cc1,25.06
N#Cc1ccc(-c2cc(-c3ncncn3)c3ccc(-c4cccc(C#N)n4)cc3n2)cn1,10.58
Cc1cc(-n2cc(-c3ccc(C#N)cc3)nc2-c2ccc(-c3ccc(C#N)cc3)c(C#N)c2)cc(C#N)c1C#N,21.49
N#CC=Cc1cccc(-c2nc(C#N)nc(-c3cccc(-c4cncc(C(=O)O)c4CO)c3C#N)n2)c1,25.9
C#Cc1c(F)c(F)c(-c2cc(C=CC#N)nc(C=Cc3ccc(-c4ccc(C#N)cc4)c(C#N)n3)n2)c(F)c1F,24.96
N#Cc1ccc(-c2cccc(-c3ncc(-c4nc(-c5ccc(C#N)nc5)cc(-c5ccc(C#N)c(C#N)c5)n4)c(C#N)c3-c3ccc(C#N)cc3)n2)cc1,24.11
N#Cc1cncc(-c2cc(C#Cc3ccccc3)ccc2C#N)c1,16.89
N#Cc1ccc(-c2cc(C(=O)Nc3ccc(C#N)nc3Cl)ncn2)cc1,21.06
N#Cc1ccc(C(Nc2ccc(-c3nc(-c4ccc(C#N)cn4)cc(-[n+]4ccc(-c5ccc(C#N)cn5)cc4)n3)cc2C#N)c2ccc(C#N)cc2)cc1,19.42
Cc1ncc(-c2ccc(-c3sc(N)c(C(=O)c4ccc(C#N)cc4)c3C#N)cc2)c(-c2cc[nH]c(=Nc3ccc(-c4cc(C#N)nc(CCC#N)n4)cc3)n2)n1,36.8
N#Cc1cccc(C#Cc2ccc(C#N)cc2-c2cnc(C#N)nc2)c1,15.88
N#Cc1ccc(-c2ccc(-n3cnc(-c4ccc(C#N)nc4)c3)c(C#N)c2)nc1,17.89
CN1CCC(C)(C)c2ccc(Nc3nc(-c4ccc(C#Cc5ccc(C#N)cc5)nc4)nc(-c4cc(-c5ncc(C#N)c(=N)[nH]5)cc(-c5ccc(C#N)cc5)c4C#N)n3)cc21,37.66
COc1cccc(-c2nc(C)c(C#N)c(N3CCC(c4nc(-c5ccc(C#N)cc5)cn4CCC#N)CC3)n2)n1,29.57
N#Cc1ccc(-c2ccc(-c3ncc(-c4ccc(-n5cc(-c6ccc(C#N)cc6)cn5)cc4)nc3-c3ccc(C#N)cc3)cc2)cc1,11.64
Cc1ccc(-c2nc(C)nc(-c3nccc(-c4ccc(C#N)nc4)n3)c2C#N)c(C)c1,14.0
N#Cc1ccc(-n2cc(-c3cccc(C#N)n3)c3ccc(-c4cccc(C#N)n4)cc32)cc1,11.7
N#Cc1cncc(-c2cc(-c3ccc(C#N)c(C#N)c3)nc(-c3cnc(C#N)nc3)n2)c1,15.78
N#Cc1ccc(-c2ccc(-c3ncc(-c4ccccc4C#N)nc3-c3ccc(C#N)cc3)cc2)cc1,10.92
N#Cc1ccc(C=Nc2ccc(-c3cn(-c4ccc(-c5ccc(C#N)cn5)c(C#N)c4)cn3)cn2)cc1,22.73
N#Cc1ccc(Nc2oc(C=Cc3ccc(-c4ccc(C#N)cc4)cc3)nc2C#N)cc1,10.55
C=CCn1c(=Cc2ccc(-c3ccc(C=Cc4ccc(C#N)cc4)cc3)cc2OC)ccc(=CNc2ccc(N(Cc3ccc(C#N)cc3)c3ccc(F)cc3)cc2)c1=O,33.34
Cn1cnc2cc(-c3cc(-c4ccc(C#N)cc4)cc(-c4ccc(C#N)nc4)c3)nc(C#N)c21,15.7
COc1ccc(-c2cc(-c3ccc(-c4ccc(C#N)nc4)c(C#N)c3)nc(-c3ccc(C#N)cc3OC)n2)cc1C#N,17.84
N#Cc1ccc(-c2nc(C#N)c(C#N)nc2-c2cc(C#N)cc(-c3ccncc3)c2)cc1,14.41
N#Cc1ccc(-c2cc(-c3cc(N)c(N)c(N=O)c3)cc(-c3ccncc3)n2)cn1,25.13
N#Cc1cncc(-c2ccc(-c3nnc(-c4ccc(C#N)nc4)c(C#N)n3)cc2)c1,12.84
CCc1nc(-c2ccc(-c3ccc(C#N)cn3)nc2)c(C#N)nc1-c1ccc(-c2cnc(-c3ccc(C#N)cc3)c(C#N)n2)cn1,17.47
N#Cc1ccc(C(c2ccc(C#N)c(-c3cccc(C#N)c3)c2)(c2ccccn2)c2cnc(C#N)cn2)cc1,23.47
N#Cc1ccc(-c2ncnc(-c3cccc(C#N)c3)c2C#N)cc1,16.73
N#Cc1ccc(-c2ncc(-c3ccccc3N)c(-c3ccc(C#N)nc3)n2)cc1,16.51
Cc1nc(N(C=O)Cc2ccccc2)c2cnn(-c3ccc(NC(=O)c4ccc(-c5ccc(C#N)cc5)c(-c5ccc(C#N)cc5)c4)cc3)c2n1,23.42
N#Cc1ccc(-c2ccc(-c3nc(C#N)c(-c4ccc(C#N)c(C#N)c4)nc3C#N)cn2)nc1,11.62
Cn1c(-c2ccc(C=Nc3ccc(-c4cc(-c5ccc(C#N)cc5)cc(-c5ccc(C#N)cc5)n4)cc3)cc2)nc(C#N)c1N,12.37
N#Cc1cccc(-c2ccc(-c3ncn(C(=O)Nc4ccccc4)n3)nc2C#N)n1,24.93
N#Cc1ccc(-c2nc(C#N)c(-c3ccc(-c4cnc(C#N)nc4)nc3)nc2C#N)cc1,13.33
N#Cc1ccc(-c2ccc(CNc3nc(C#N)c(-c4ccc(-c5cnc(C#N)nc5)cc4)nc3C#N)cn2)cn1,16.05
N#Cc1ccc(-c2ncccc2-c2cnc(-c3cnc(C#N)c(C#N)n3)c(F)c2)nn1,18.08
N#Cc1ccc(-c2nc(N3CC(N)C(F)C3)c(-c3ncccn3)nc2C#N)cn1,20.73
Cn1c(C#N)ccc1-c1cc(-c2cncc(C#N)n2)ncc1NC(=O)c1cnc(Br)s1,23.72
N#Cc1ccc(-c2ccc(N=Cc3ccc(-c4cnc(-c5ccc(C#N)c(C#N)c5)c(C#N)n4)o3)cc2)cn1,19.93
N#Cc1cc(-n2cccc2C#N)cc(-c2ccncc2)n1,21.95
N#Cc1ccc(-c2cc(CC(C#N)Nc3cccc(-c4nccc(C#N)n4)c3)nc(-c3ccc(C#N)cc3)c2)cc1,26.25
COc1cc(-c2ccc3c(=O)n(-c4ccc(-c5ccc(C#N)nc5)cc4)c(C=Cc4ccc(-c5ccc(C#N)cc5)cc4)nc3c2)ncc1C#N,22.68
Cn1c(C#N)cnc1-c1nc(-c2ccc(F)cc2)c(-c2ccnc(-c3cccc(C#N)n3)n2)cc1C#N,19.6
Cc1cc(-c2cnc(-c3cc(-c4ccc(C#N)cc4)cc(-c4ccc(C#N)cc4C#N)c3C#N)nn2)cc(-c2ccc(C#N)nc2)n1,22.31
CC(C#N)(c1cc(C#N)nc(-c2ccnc(-c3ccc(C#N)nc3)c2C#N)n1)c1nc(C#N)cc(-c2ccc(C#N)nc2)n1,31.54
N#Cc1ccc(-c2cc(-c3ccc(C#N)cc3)c(-c3ccc(-c4ccc(C#N)nc4)cc3)c(C#N)c2C#N)cc1,14.3
N#Cc1ccc(-c2nc3c(C#N)c(-c4ccc(C#N)cc4)c(C#N)cn3c(=O)c2C#N)cc1,14.73
Cc1nc2ccccc2n1-c1nc(-c2cnc(C#N)cn2)cc(-c2cccc(C#N)n2)n1,19.09
N#Cc1ccc(-c2cc(C=Cc3ccccn3)c3ccc(C#Cc4nc(-c5ccccc5C#N)ccc4C#N)cc3n2)nc1,30.42
N#Cc1ccc(-c2cc(-c3cccc(C#N)n3)c(-c3cnc(-c4cccc(C(N)=O)c4)c(C#N)n3)cn2)nc1,19.96
O=CN1CCN(C=Nc2nc(N=CN3CCN(C=O)CC3)nc(N=CN3CCN(C=O)CC3)n2)CC1,7.73
COc1ccc(-c2cc(-c3cnc(C#N)nc3)cc(-c3ccc(N)cc3N)c2)cc1C#N,28.41
N#Cc1ccc(-c2nc(-c3cnc(C#N)nc3)nc(-c3ccc(OC4CCOCC4)c(C#N)c3)n2)cc1,13.36
N#Cc1ccc(-c2nc3c(Cl)nc(-c4cccc(C#N)c4)cn3c2-c2cccc(-c3ccncc3)c2)cc1,24.37
N#Cc1ccc(-c2ccc(C(=O)C=Cc3ccc(-c4cccc(C#N)n4)cc3-c3ccc(C#N)cc3)cc2)cc1,20.5
N#Cc1ccc(-c2ccc(N=c3c4ccccc4[nH]c4c(C#N)c(-c5ccc(C#N)cc5)cc(-c5ccc(C#N)nc5)c34)cc2)cc1,30.52
Cc1nc(-c2ccc(C#N)cc2)c(C#N)nc1-c1cc(C#N)cc(-c2cncc(C#N)n2)c1,21.3
CNC(=O)Cc1c(C#N)nc(-c2ccc(C#N)nc2)c(-c2ccc(C#N)cc2)c1-c1ccc(C#N)cc1,27.12
N#Cc1ccc(-c2ccc(-c3ccc(-c4cncnc4C#N)c(Br)n3)nc2C#N)cc1,28.62
CCCOc1ncc(-c2ccc(-c3nc(C#N)ncc3-c3cnc(C#N)nc3)cc2F)cn1,21.68
N#Cc1ccc(-c2cc(-c3ccc(-c4cnc(C#N)c(C#N)n4)c(C#N)n3)cc(-n3cc(-c4ccc(F)cc4)nn3)c2)nc1,20.72
N#Cc1ccc2c(c1)C(=O)N(CC1(C#N)C(O)=C(C=O)C(=O)c3ccccc31)C2=O,16.01
N#Cc1ccc(-c2ccc(-n3c(C#Cc4cnc(-c5ccc(C#N)nc5)c(C#N)n4)cc4cccc(F)c43)cc2)cc1,20.94
N#Cc1cccc(-c2ccc(-c3cc4c(ncn4Cc4ccncn4)c(C#N)n3)cn2)n1,20.25
N#Cc1ccc(-c2cc(-n3cc(-c4cccc(C#N)n4)cn3)ccc2C#N)cn1,14.45
N#Cc1ccc(-c2nc(-c3cccc(C#N)n3)nc(C#N)c2C#N)cn1,13.45
N#Cc1ccc(-c2ccc(-c3nnc(-c4ccncc4)c(-c4ccc(-c5ccc(C#N)cn5)cc4)n3)nc2C#N)cc1,14.06
Cc1nc(-c2cnc(-c3cccc(C#N)n3)c(C#N)n2)ccc1C#Cc1ccc(-c2ccc(C#N)cc2)cc1,17.22
N#CC(=Cc1cc(C#N)n(-c2ccc(C#N)c(-c3ccc(C#N)cc3)c2)c1)c1nc(C(C#N)=c2ccc(=C(C#N)C#N)cc2)nc(-c2ccc(C#N)cn2)n1,20.6
CCc1nc(C#N)cn1-c1cc(-c2ccc(C#N)cn2)cc(-c2cccc(C#N)n2)n1,15.68
N#Cc1ccc(-c2ccc(-c3cc4c(ncn4CCN=c4ccc(C#N)c[nH]4)c(C#N)n3)cc2)nc1,12.14
N#Cc1ccc(Nc2cccc(-c3cnc(Nc4ccc(-c5ccc(-c6cccc(C#N)n6)cc5)cc4)c(C#N)c3)c2)cc1,23.66
N#Cc1ccc(-c2ccc(-c3cc(C#N)c(-c4cccc(C#N)n4)cn3)s2)nc1,19.95
Cn1nc(-c2cnc(C#N)nc2)nc1-c1cnc(N=Cc2cc(C#N)cc(C=O)c2O)nc1C#N,17.34
N#Cc1ccc(-c2cccc(C(=O)C=Cc3ccc(F)c(F)c3)c2)cc1,20.32
CCc1cc(C#N)ccc1-c1cc(C#N)cc(-c2nc(-c3ccc(-c4ccccc4O)cc3)nc(-c3ccc(C#N)nc3)n2)c1C#N,26.95
N#Cc1ccc(-c2cccc(=Nc3ccc(-c4cccc(C#N)n4)cn3)[nH]2)cc1,12.26
N#Cc1ccc(-c2cc(-c3ccc(-c4cnc(C#N)c(C#N)n4)nc3)nc(-c3ccc(C#N)cn3)n2)nc1,18.15
N#Cc1ccc(-c2ccc(C=Cc3ccc(-c4ccc(C#N)nc4)c(-c4ccc(C#N)c(C#N)c4)n3)nc2)cc1,20.13
N#Cc1ccc(-c2ccc(-n3cnc(-c4ccc(C#N)nc4)n3)cc2)cn1,13.34
N#Cc1cc(C#N)cc(Oc2nc(C#N)nc(-c3ccc(-c4nc(C#N)cnc4C#N)c(Cl)c3)c2C#N)c1,23.16
COC(=O)C12CC(CC(=O)N3CCC(c4ccc(F)cc4)CC3)C(=O)N(Cc3ccc(-c4ccc(C#N)cc4)cc3)C1=C(c1cccc(-c3ccc(C#N)cc3)c1)C(=O)C2=O,32.55
N#Cc1ccc(-c2nc(Cl)nc(C#N)c2-c2ccc(C#N)cc2)cc1,9.57
N#Cc1ccc(-c2ccc(-c3ncc(-c4ccccc4N)nc3-c3ccc(C#N)cc3)cc2)cc1,11.64
N#Cc1ccc(-c2ccc(C#N)c(=O)[nH]2)nn1,24.65
N#Cc1cccc(-c2ccc(-c3nc(-c4ccccc4C#N)cnc3C#N)s2)c1,17.94
N#Cc1ccc(COc2cc(C#N)ccc2C=Nc2ncc(-c3nccc(C#N)n3)cn2)cc1,16.56
CCc1ncnc(-c2ccc(C(=O)NCc3ccccn3)c(F)c2)c1C#Cc1ccc(C#N)cc1,21.29
N#Cc1cccc(-c2nc(-c3cncc(C#N)c3)nc(-c3ccc(N)c(C(N)=O)c3)n2)c1,18.55
COc1cc(C#N)cc(-c2nc(C#N)nc(-c3ccc(C#N)nc3)n2)c1F,13.11
N#Cc1ccc(-c2ccc(C=Cc3nc4ccccc4n3-c3ccc(-c4ccc(C#N)cc4)cc3)cc2)cc1,8.32
N#Cc1ccc(-c2ccc(C#Cc3ccc(-c4cc(-c5ccc(C#N)cc5)nc(-c5ccccc5F)n4)cc3)cc2)cc1,19.37
N#Cc1cc(-c2cc3c(ncn3Cc3cnc(C#N)c(C#N)n3)c(C#N)n2)ccn1,11.18
N#Cc1cccc(-c2cnc(N=Cc3ccc(C#N)c(C#N)c3O)c(F)c2)n1,15.54
N#Cc1nc(-c2ccc(-c3c[nH]c(=N)cn3)cc2)cc2c1cnn2-c1cccc(N2CCCC(N)CC2)n1,20.78
N#Cc1ccc(-c2cc(-c3cccc(C#N)n3)cc(-c3cccc(C#N)n3)n2)cn1,10.7
N#Cc1ccc(C=Nc2nc(Nc3ccc(C#N)cc3)nc(Nc3ccc(C#N)c(C#N)c3)n2)cc1,16.43
N#Cc1cccc(-c2nc(-c3cnc(C#N)c(C#N)c3)nc3[nH]cc(C#N)c23)c1,23.45
N#Cc1cccc(-c2cc(-c3nc(C#N)c(C#N)nc3C#N)nc(-c3ccc(C#N)c(C#N)c3)n2)n1,19.33
N#Cc1ccc(-c2cc(-c3ccc(C#N)c(-c4ccc(C#N)nc4)c3)nc(C#N)n2)cn1,15.84
N#Cc1ccc(-c2cc(C(=O)Nc3ccc(C#N)c(C#N)c3)nnc2N2CCC(N)(C#N)C2)cn1,22.89
N#Cc1ccc(-c2cc[n+](-c3nc(-[n+]4ccc(-c5ccncc5)cc4)nc(-[n+]4ccc(-c5ccncc5)cc4)n3)cc2)cc1,10.12
N#Cc1ccc(-c2cc(-c3ccc(C#N)nc3)nc(-c3ccnc(-c4ccc(-c5ccc(C#N)nc5)nc4)n3)c2C#N)c(C#N)c1,13.68
N#Cc1ccc(-n2c(-c3ccccc3C#N)cc3c(C#N)nc(-c4nccc(C#N)n4)cc32)cc1,22.33
N#Cc1ccc(-c2ccc(-c3cc4c(ncn4CC4CC4)c(C#N)n3)cc2)nc1,9.79
N#Cc1ccc(-c2cc(C#N)ccc2C#Cc2ccc(-c3nc(C#N)cnc3-c3ccc(C#N)cc3)cn2)cc1,12.24
COCCOCn1ccc(C#Cc2ccc(Br)s2)n1,21.62
N#Cc1ccc(-c2cc(-[n+]3cc(-c4ccc(C#N)cc4)c(C#N)cc3C#N)nc(-[n+]3ccc(-c4ccncc4)cc3)n2)cc1,17.7
N#Cc1cncc(-c2ccc(-c3nc(N4CCOCC4)nc(C(F)(F)F)n3)cc2C#N)c1,22.52
Cn1cc(C#N)cc1-c1nc(-c2ccc(C#N)nc2)nc(-c2ccnc(C#N)c2)n1,19.84
N#Cc1ccc(-c2cc(-c3ccc(C#N)cn3)cc(CNc3cccc(C#N)c3)n2)cc1,16.74
N#Cc1ncc(C#N)c(C#Cc2ccc(C#N)c(C#N)c2)n1,14.69
N#Cc1ccc(-c2cc(-c3ccc(C#N)cc3)nc(-c3cc(C#N)nc(-c4ccc(C#N)cc4C(=O)O)c3C#N)n2)cc1,16.97
Cc1cc(C#N)c(Cl)cc1-c1cc(-c2ccc(C#N)nc2)nc(-c2nc(C#N)nc(-c3cnc(C#N)nc3)n2)c1C#N,19.81
C#CC1(O)C(=O)C(=O)c2cc(C#N)ccc2C1=O,19.38
N#Cc1ccc(-c2cc(-c3ccc(-c4ccc(C#N)cn4)nc3)nc(-c3cccc(-c4ccccc4C(=O)O)c3C#N)n2)cc1,14.96
N#Cc1ccc(C#Cc2cccc(CN(C#N)c3cc(-c4ccccc4C#N)ccc3C#N)c2)cc1,35.03
N#Cc1cccc(-c2ccc(-c3nc(C#N)nc(N4Cc5ccccc5C4)c3C#N)cc2)c1,14.45
N#Cc1cccc(-c2nc(C#N)c3ncn(Cc4ccc5nc(C#N)c(C#N)nc5c4)c(=O)c3n2)c1,17.23
N#Cc1cncc(-c2cc(-c3ccc(N)c(N)c3)nc(-c3cnc(OCC(F)(F)F)c(C#N)c3)n2)c1,21.43
N#Cc1ccc(-c2ncc(-c3cc4c(cn3)C(=O)C(Cl)C4)nc2-c2ccc(C#N)cc2)cc1,26.8
N#Cc1ccc(-c2ccc(Cl)c(C(=O)N=c3[nH]cnc(N)c3N3CCC(O)(C#N)C3)n2)nc1,29.91
N#Cc1ccc(-c2cc(-c3ccccc3C#N)nc(-c3cccc(-c4c(C#N)cccc4C#N)c3C#N)n2)cc1,18.77
N#Cc1ccc(-c2cc(C#N)nc(-c3nc(-c4ccc(C#N)nc4)nc(-c4cccc(C#N)c4)n3)c2C#N)cc1,15.09
Cc1cc(-c2nc(-c3cccc(C=CC#N)n3)nc(-c3ccc(-c4ccc(C#N)cc4)c(C#N)n3)n2)ncc1C#N,16.7
N#Cc1cccc(-c2ccc(N(Cc3ccc(F)cc3)C(=O)c3ccc(O)cc3O)cc2)n1,19.87
N#CC(C#N)=C1C(=O)C(C#N)C(C=Cc2ccc(-c3ccc(C#N)cc3)cc2)=C(O)N1c1ccc(C#N)c(C(F)(F)F)c1,25.47
N#Cc1ccc(-c2ccc(CN=c3nc(C#N)c(-c4ccc(C#N)cc4)c(-c4nc(C#N)c[nH]4)[nH]3)cn2)cc1,23.0
Cc1ccc(C=C(C#N)c2nc(C(=N)C#N)nc(C(C#N)=c3ccc(=C(C#N)C#N)cc3)n2)cc1[N+](=O)[O-],18.22
N#Cc1ccc(Cn2cnc3c(C#N)nc(-c4ccc(C#N)c(C#N)c4)cc32)cn1,12.13
N#Cc1ncc(-c2cc(-c3cnc(C#N)nc3)nc(-c3ccc(F)cc3C#N)c2)cn1,13.77
N#Cc1ccc(-c2ccc(N=Cc3c(-c4ccc(C#N)cc4)nc(-c4ccc(C#N)cc4)c(C#N)c3O)nc2)cc1,8.49
N#Cc1ccc(-c2cc(-c3ccc(C#N)cc3)nc(-c3nc(C#N)cc(-c4ccc(C#N)cc4)c3C#N)n2)cc1,9.35
N#Cc1ccc(-c2ccc(-c3ccc(C#N)n3-c3ccc(-c4cccc(C#N)n4)cc3)nc2)nc1,10.21
N#Cc1ccc(-c2cc(C#N)ccc2C(=O)Nc2ccc(N3C(=O)c4ccc(C#N)cc4C3=O)cc2)cc1,19.33
CN1CCCC1C(=O)Nc1ccc2c(c1)C(=O)c1cc(Nc3nc(C#N)cc(-c4ccc(C#N)cc4)n3)ccc1C2=O,21.16
N#Cc1ccc(-c2ccc(-c3nc(C#N)c(-c4ccc(C#N)nc4)nc3N3CCC(O)C3)nc2)c(C#N)c1,17.72
N#Cc1ccc(-c2ccc(C#Cc3ccc(-c4cccc(C#N)n4)cn3)cn2)nc1,12.07
N#Cc1ccc(-c2cc(-c3ccc(C#N)nc3)cc(Nc3ccc4ncncc4c3)n2)nc1,22.75
N#Cc1ccc(-c2ccc(-c3nc(C#N)c4c(c3O)C(=O)c3ccccc3C4=O)cc2)nc1,22.48
N#Cc1ccc(-c2cc(-c3ccc(C#N)nc3)nc(C#N)n2)cn1,8.48
N#Cc1ccc(-c2cc(-c3cccc(C#N)n3)cc(-c3nc(-c4ccc(C#N)c(F)c4F)nc(-c4ccc(C#N)nc4)c3C#N)n2)cn1,19.0
N#Cc1ccc(-c2cc(-c3nc(-c4ccc(C#N)cc4)c(-c4ccc(C#N)nc4)nc3-c3nc(C#N)cc(-c4ccc(C#N)cc4)c3C#N)ccc2C#N)cc1,21.87
COc1cc(Nc2ccc(-c3nc(C#N)c(C#N)nc3-c3ccc(C#N)nc3)cn2)ccc1-n1cnc(C)c1,15.2
N#Cc1ccc(-c2cc(-c3ccc(C#N)nc3)nc(-c3ncc(Cl)cn3)c2)cn1,17.64
N#Cc1ccc(-c2ccc(-c3nnc(-c4ccc(C#N)nc4)c(C#N)n3)cn2)cn1,10.73
N#Cc1ccc(-c2cc(-c3ccccc3C#N)nc(-c3cccc4ccccc34)c2)cc1,10.69
Cc1nc(-c2cc(C#N)ccc2-c2cc3c(ncn3CC3CCNCC3)c(C#N)n2)nc(C#N)c1F,18.25
N#Cc1ccc(-c2ccc(Cc3nc(-c4ccc(C#N)nc4)nc(C(F)(F)F)n3)cc2)cc1,11.49
N#Cc1ccc(-c2cc(N=Cc3ccc(C#N)c(C#N)c3)nc(-c3ccc(C#N)cc3)n2)cc1,22.18
N#Cc1ccc(-c2ccc(Cn3cc(C#N)c4cccc(-c5nc(C#N)ccc5-c5ccc(C#N)cc5)c43)cc2)cc1,19.77
N#Cc1ccc(C(=O)c2c(O)c(O)n(-c3ccc(-c4cccc(C#N)n4)cc3)c2-c2ccc(-c3ccc(C#N)cn3)cc2)cc1,12.32
N#Cc1ccc(-c2cc(C(=O)Nc3ccc(C#Cc4nc5ccccc5c(=O)[nH]4)cc3)cc(-c3cccnc3)n2)cn1,33.55
COc1cccc(CC=Cc2ccccc2N)c1,27.77
N#Cc1ccc(-c2cc(-c3ccc(N)cc3)nc(-c3ccc(C#N)cc3)c2)cc1,12.6
Cc1cc(C#N)c(Cl)cc1-c1nc(N2CCOC(c3ccccn3)C2)nc(-c2nc(-c3nccnc3C#N)nn2C)c1C#N,23.27
COc1c(F)cc(F)cc1C=Nn1c(C#N)cnc1-c1ccc(C#N)cc1,25.71
N#Cc1ccc(-c2nc(C#N)c(C#N)nc2-c2ccc(-c3cc(C#N)cnc3-c3cnc(C#N)nc3)nc2)nc1,17.53
CC(N=c1nc(C#N)cc(-c2cc(C#N)ccn2)[nH]1)c1ccc(-c2ccc(Cl)cc2)c(-c2ccc(C#N)cc2)n1,29.68
N#Cc1ccc(-c2nc(-c3ccc(OC4CCC(C(=O)O)CC4)c(C#N)c3)nc(-c3ccc(C#N)c(-c4cc(C#N)ccc4C#N)n3)n2)cc1,13.59
N#Cc1ccc(-c2ccc(-c3cc(-c4ccc(C#N)cc4)cc(-c4ccc(C#N)nc4)n3)nc2)cc1,12.39
N#Cc1ccc(-c2ccc(-c3ccc(-c4ccccc4C#N)c(C#N)n3)cc2)nc1,13.59
N#Cc1cccc(-c2cc(-c3nc(C#N)cc4cc(F)ccc34)nc(-c3ccc(C#N)c4ccccc34)n2)n1,14.66
N#Cc1ccc(C=Nc2ccc(Oc3ccc(NC(=S)C=Cc4ccco4)cc3)cc2)cc1,28.09
COC(=O)C1CCC(Oc2ccc(-c3nc(-c4ccnc(C#N)c4)nc(-c4cccc(C#N)n4)n3)cc2C#N)CC1,20.73
N#CC=Cc1cccc(-c2ccc(-c3ccc(C#N)cn3)c(C#N)c2)n1,15.97
N#Cc1ccc(-c2ccc(-c3ncc(C#N)nc3Oc3ccc4cc(C#N)ccc4c3)nc2C#N)cc1,24.49
N#Cc1ccc(NC=C2C(=O)C(=CNc3ccc(N)cc3)C(=O)C(=O)C2c2ccc(C#N)cc2)cc1,14.91
Cc1nc(OC2CCOC2)c(C#N)cc1-c1cc(-c2cc(C#N)nn2C)cc(C#N)n1,26.74
N#Cc1ccc(-c2nc(-c3ccc(-c4cccnc4C#N)c(F)c3)cc(-c3cncc(C#N)n3)n2)nc1,14.87
N#Cc1ccc(-c2ccc(-c3nc(C#N)cc(-c4ccc(C#N)cc4)c3C3CCCCC3)nc2)cc1,25.88
Cc1ccc(-c2c(C#N)c(-c3nc(-c4ccc(C#N)nc4)cc(-c4ccc(C#N)nc4)n3)nn2-c2ccc(C#N)cc2C#N)c(C)c1,14.79
N#Cc1ccc(-c2nc(-c3ccc(-c4ccncc4)cc3)nc(-c3cc(C#N)ccc3C#N)n2)cc1,15.13
N#Cc1ccc(-c2nc(-c3cccc(-c4cc5c(ncn5Cc5cccc(C#N)n5)c(C#N)n4)c3)ncc2C#N)cn1,19.67
N#Cc1ccc(-c2nc(-c3ccc(C#N)c(F)c3F)nc(-c3ccccc3F)c2C#N)cc1,16.32
C#Cc1cccc(N=c2c(C#N)c[nH]c3ccc(-c4ccc(-c5ccc(C#N)cn5)cc4)cc23)c1,22.43
CCc1nc(-c2cccc(-c3ccc(-c4ncc(Cl)cn4)c(C#N)c3)n2)c(C#N)c(-c2ccc(C)cc2C)n1,18.88
N#Cc1ccc(-c2cccc(C(=O)Nc3ccc(-c4cccc(C#N)n4)cn3)n2)cc1,12.6
N#Cc1ccc(C#N)c(-c2ccc(-c3cc(-c4ccccc4C#N)nc(C#N)n3)cc2F)n1,13.37
N#Cc1cc(C#N)cc(Oc2cc(C#N)cc(-c3cnc(C#N)nc3)n2)c1,17.26
N#Cc1cncc(-c2ccc(N=c3ccc(C#N)c(C#Cc4ccncc4)[nH]3)nn2)c1,27.54
N#Cc1ccc(-c2cc(-c3nc(-c4ccc(C#N)cc4)c(-c4ccc(C#N)cn4)nc3C#N)nc(-c3ccc(C#N)c(F)c3F)n2)cc1,17.25
N#Cc1ccc(-c2cc(-c3ccncc3)cc(-c3cc(-c4ccc(C#N)nc4)cc(-c4cc(-c5ccc(C#N)cc5)cc(-c5ccc(C#N)cc5)c4)c3)c2)cc1,21.2
N#Cc1ccc(-c2cc(C#N)cnc2-c2cccc(C#N)c2)nc1,13.64
N#Cc1cccc(Cn2c(-c3cccc(C#N)n3)c(C#N)c(=O)c3ccc(-c4ccc(C#N)nc4)cc32)c1,27.91
N#Cc1ccc(-c2ccc(-c3nc(C#N)ccc3-c3ccc(-c4cc(C#N)c(C#N)cn4)cn3)cc2)nc1,14.23
N#Cc1ccc(-c2cc(-c3ccc(C#N)cn3)nc(-c3cccc(-c4cccc5ccccc45)n3)c2C#N)cc1,12.82
N#Cc1ccc(-c2nc(-c3ccc(C#N)c(C#N)c3)nc(-c3ccc(C#N)cc3)c2C#N)cc1,17.12
COc1cc(-c2nc(CNCCN3CCOCC3)cc(-c3nc(C#N)nc(-c4cncc(C#N)n4)n3)c2C#N)c(C)cc1C#N,26.65
COc1ccc(C#N)cc1-c1ncc(-c2ccnc(-c3ccc(C#N)nc3)c2)nc1C#N,15.8
N#Cc1ccc(-c2ccc(-c3nc(C#N)c(-c4ccc(C#N)cc4)nc3N)cc2)cc1,9.38
N#Cc1nc(C#N)c2nc(-c3ccc(-c4cn[nH]c4)cc3F)nc(C#N)c2n1,24.69
Cc1cc(C#N)c(F)cc1-c1nc(C2CC2)nc(-c2cccc(-c3ccc(C#N)cc3C#N)n2)c1C#N,15.83
Cc1ccc(S(=O)(=O)Nc2cc(N=Cc3cc(C=O)cc(C=O)c3O)ccc2Oc2ccc(C#N)cc2)cc1,28.09
N#Cc1ccc(-c2ccc(-c3nc(C#N)nc(C#N)c3-c3cnc(C#N)nc3)cc2)nc1,15.15
N#Cc1ccc(-c2nc(-c3ccc(-c4ccc(C#N)cc4)c(C#N)c3)nc(-c3ncc(C#N)c(N4CC(O)C(C#N)C4)n3)n2)cc1,16.08
N#Cc1ccc(Cn2cnc3c(C#N)nc(-c4cccc(C#N)n4)cc32)cn1,11.61
N#Cc1ccc(-c2nc(Oc3ccccc3)nc(-c3ccc(-c4ccncc4)cc3-c3ccc(-c4cccc(C#N)n4)cc3)n2)cc1,17.76
N#Cc1ccc(-c2ccc(-c3ccc(N=c4ccc(-c5ccncn5)c[nH]4)nc3)nc2C#N)cn1,20.32
COc1ccc(-c2cc(-c3ccc(-c4ccc(C#N)nc4)nc3)nc(-c3ccc(C#N)cc3)n2)cc1C#N,14.8
N#Cc1ccc(-c2cc(-c3ccc(-c4ccc(-c5ccc(C#N)cc5)c(C#N)c4)cc3)nc(-c3ccccc3C#N)n2)cc1,17.36
N#Cc1cccc(-c2ncc(-c3cnc(-c4cncc(C#N)c4)c(C#N)n3)cc2C#N)c1,18.5
Cc1cc(C#N)c(F)cc1-c1cc(C#N)nc(-c2cccc(-c3cncc4cc(-c5ccc(C#N)cc5)ccc34)n2)c1C#N,21.54
N#Cc1ccc(-c2ccc(-c3cc(-c4cccc(C#N)n4)cc(C#N)n3)cn2)nc1,8.47
Cn1cnc2cc(-c3cc(F)ccc3Nc3ccc(C#N)cn3)nc(C#N)c2c1=O,25.35
N#Cc1ccc(-c2nc(-c3ccc(-c4cccc(C#N)n4)cn3)ccc2C#N)cn1,11.35
N#Cc1ccc(-c2ccc(-c3ncnn3-c3ccc(C#N)cc3)cc2)cc1,11.01
C=CCn1c(-c2ccc(-c3ccc(C#N)cc3)cc2)c(C#N)cc(-c2ccc(C#N)cc2)c1=O,16.44
N#Cc1ccc(-c2cccc(-c3cc4c(ncn4Cc4cccc(C#N)n4)c(C#N)n3)c2)cn1,15.25
CC1(C)CC(Oc2ncc(-c3nc(-c4ccc(C#N)c(F)c4F)nc(-c4ncc(C#N)cc4Cl)n3)cc2C#N)CO1,24.3
N#Cc1ccc(-c2nc(C#N)ccc2-c2cc3c(ncn3Cc3ccc(-n4cccn4)cc3)c(C#N)n2)cc1,18.36
COc1ccc2[nH]ccc(=NN=Cc3ccc(C#N)cc3)c2c1,19.87
CCOc1cnc(-c2nc(-c3ccc(C#N)cn3)cc(-c3ccc(C)o3)n2)cc1C#N,25.51
N#Cc1ccc(C#Cc2ccc(-c3nc(C#N)ccc3-c3ccc(-c4ccc(C#N)cn4)cc3)cn2)nc1,10.62
COc1cc(C=O)cc2c1C(=O)c1c(C)cc(O)c(C=O)c1C2=O,20.26
N#Cc1ccc(-c2nc(-c3cccc(C#N)n3)cc(C(C#N)c3ncc(C#N)c(Oc4ccc(C#N)c(C#N)c4)n3)n2)cc1,25.73
N#Cc1ccc(-c2ccc(-c3nn(-c4ccc(-c5cnc(-c6cccc(C#N)n6)c(C#N)n5)cc4)c(-c4ccc(C#N)cc4)c3C#N)cc2)cc1,19.88
N#Cc1ccc(N2CCCN(CCCCOc3ccc4c(c3)C(=O)c3ccc(N)cc3C4=O)CC2)cc1,22.8
CCCCc1nn(-c2ccccc2)c(C(F)(F)F)c1-c1cccc(-c2nc(-c3ccc(-c4cnc(C#N)cn4)cc3)cc(-c3cccc(C#N)n3)n2)c1C#N,30.86
N#Cc1c[nH]c(=N)c(-c2cc(C#N)c(-c3c(F)c(F)c(C#N)c(F)c3F)cn2)n1,20.35
N#Cc1ccc(-c2cc(-c3cncc(OC4CCNC4)c3)nc(-c3cccc(C#N)n3)c2)cn1,25.68
N#Cc1ccc(-c2cc(-c3c(C#N)nc(-c4ccc(C#N)o4)nc3C#N)cc(Br)n2)nc1,28.43
N#Cc1ccc(-c2ccc(C#Cc3ccc(-c4cc5cc(C#N)c(C#N)cc5n4Cc4cccc(C#N)c4)cc3)c(N)c2)cc1,25.56
N#Cc1ccc(-c2cc(-c3ccc(C#N)cc3)cc(-c3cc(-c4ccc(C#N)cc4)cc(C#N)n3)c2)cc1,16.89
N#Cc1ccc(-c2cc(Nc3ccc(C#N)c(F)c3)ccc2C#N)cn1,18.37
N#Cc1ccc(-c2nc(-c3ccc(C#N)nc3)cc(-c3cccnc3C#N)n2)cc1,14.88
CCCOc1nc(-c2ccc(C#N)cc2)c(C#N)c(O)c1C=Nc1ncc(-c2cncc(C#N)n2)cn1,16.87
N#Cc1ccc(-c2cc3c(ncn3CC3CC(O)C(CO)O3)c(C#N)n2)cc1,16.02
COc1ncc(-c2ccc(Nc3nc(-c4ccccn4)nnc3C#N)cc2)cc1C#N,14.9
N#Cc1ccc(-c2nc(-c3ccc(C#N)nc3)nc(-c3cccc(C#N)n3)n2)cc1,7.72
N#Cc1ccc(CNCc2cccc(-c3ccc(-c4nccc(C#N)n4)cc3)c2)cc1,12.63
N#Cc1ccc(-c2nc(-c3cccc4ccccc34)nc(-c3ccc(C#N)c4ccccc34)n2)cn1,10.91
N#Cc1cnc(-c2nc(-c3ccc(F)cn3)c(-c3cccc(C#N)n3)cc2C#N)nc1,14.79
N#Cc1ccc(-c2ccc(-c3nc(=Nc4ccc(-n5cccn5)c(C#N)c4)cc(C(N)=O)[nH]3)cn2)nc1,25.71
N#Cc1ccc(-c2ccc(C=CC=Cc3cc(-c4ccc(C#N)cc4)c4ncccc4n3)cc2)cc1,25.8
Cn1cnc2c(C#N)nc(-c3ccc(-c4ccc(-c5cncc(C#N)n5)cn4)cc3Cl)cc21,18.13
N#Cc1ccc(C#Cc2cc(-c3ccc(C#N)cc3)c(-c3ccc(-c4ccc(C#N)cn4)cc3)cn2)cc1,11.93
CC(c1ccncc1)c1nc(C(C#N)=c2ccc(=C(C#N)C#N)cc2)ns1,18.95
N#Cc1cc(-c2ccc(C#N)[nH]2)cc(-c2nc(C#N)c(-c3cc(F)c(C#N)c(F)c3F)nc2N)c1,23.14
Cc1cc(C#N)cnc1C1=C(c2cccc(C#N)c2)C(=O)N(Cc2ccc(-c3ccccc3-c3nn[nH]n3)cc2)C1=O,29.16
N#Cc1cncc(-c2ccc(-c3nc(C#N)c4ncn(CC5CCOC5)c4n3)cc2)c1,17.61
N#CC=Cc1nc(C#N)c(NCc2ccc(C#N)cc2)nc1-c1ccc(C#N)nc1,12.96
N#Cc1ccc(-c2cc(-c3csc(-c4nc(C#N)c(Cl)nc4C#N)n3)nc(-c3ccc(C#N)nc3)n2)cn1,24.81
Cn1ccc(-c2ncc(-c3cc(-c4ccc(C#N)nc4)nc(-c4ccc(C#N)nc4)c3)c(C#N)n2)cc1=O,25.54
N#Cc1cncc(-c2cc(-c3ccc(C#N)nc3)nc(-c3ccc(-c4ccc(C#N)nc4)nc3)n2)c1,15.65
N#CC(C#N)=c1ccc(=C(C#N)c2ncnc(C(c3ccc(C#N)cc3)=c3ccc(=C(C#N)C#N)cc3)n2)cc1,12.08
N#CC(C#N)=c1ccc(=C(C#N)c2n[nH]c(C(C#N)=c3ccc(=C(C#N)C#N)cc3)n2)cc1,9.87
Cc1cccc(CO)c1-c1cccc(-c2nc(-c3ccc(C#N)nc3)nc(-c3ccc(C#N)cn3)n2)c1C#N,15.24
CC(C)n1nc(-c2ccc(-c3cccc(C#N)c3)cc2)nc1-c1ccc(C#N)nc1,10.21
N#Cc1ccc(-c2ccc(-n3nc(-c4ccc(C#N)cc4)c(C#N)c3-n3cccc3)cc2)cc1,14.32
N#Cc1cnc(-c2nc(-c3ccccn3)c(-c3cnc(C#N)c(C#N)n3)cc2C#N)nc1,13.81
N#Cc1ccc(-c2ccc(C=Cc3nc(C#N)c(Nc4ccc(C#N)c(C#N)c4)o3)cc2)cn1,19.36
N#Cc1ccc(-c2cc(-c3cccc(C#N)n3)cc(C#N)c2C#N)cn1,12.93
C#CC(O)C#CC=CC#CC#CC#CC#Cc1ccc(C(=O)c2nc(C(C#N)=Cc3ccc(-c4cc(-c5ccc(C#N)cc5)[nH]c(=N)n4)cc3)nc(C(C#N)=c3ccc(=C(C#N)C#N)cc3)n2)cc1,31.91
N#Cc1ccc(-c2ccc(-c3ccnc(-c4nc(-c5ccc(C#N)cc5)cc(-c5ccc(C#N)cc5)c4C#N)n3)cn2)cc1,16.33
N#Cc1cncc(-c2ccc(C#Cc3cncc(C#N)n3)cn2)c1,15.06
Cc1nc(-c2ccc(-c3ccc(C#N)cc3)cc2)c(-c2ccc(C#N)cc2)nc1Cc1ccc(-c2cccc(C#N)n2)cn1,12.29
N#Cc1ccc(-c2cc(-c3ccc(C#N)nc3)c(=N)n(-c3ccccc3)c2-c2ccc(C#N)cc2)cc1,16.6
Cn1[nH]nc(C#N)c1=N,12.54
CC1(C)CNc2cc(Nc3ncc(C#N)cc3-c3ccc(-c4ccc(C#N)cn4)c(C#N)n3)ccc21,23.07
N#Cc1ccc(CN(c2ccc(-c3ccnc(OC4CCN(c5ccc(C#N)cn5)CC4)c3C#N)cc2)c2ccc(-n3c4ccccc4c4ccccc43)cc2)cc1,28.39
N#Cc1ccc(-c2cc(-c3ccc(Nc4ccc(C#N)c(C#N)c4)c(C#N)n3)ccc2F)cn1,20.39
N#Cc1cccc(-c2ccc(-c3ccccc3-c3cncc(C#N)n3)c(N)c2)n1,21.99
N#Cc1cccc(-c2ccc(C#Cc3ccc(-c4cccc(C#N)n4)cc3)cc2)n1,10.2
N#Cc1ccc(-c2cnc(-c3cc(C#N)cc(-c4ccc(C#N)nc4)c3)nc2C#N)cc1,11.41
N#Cc1ccc(C(c2ccc(-c3nc(C#N)ccc3-c3ccc(C#N)nc3)cc2C(=O)c2ccccc2)n2ccnc2)cc1,26.89
N#Cc1cccc(-c2cccc(OCCn3cnc4c(C#N)nc(-c5ccc(C#N)c(C#N)c5)cc43)c2)n1,24.23
N#Cc1ccc(-c2ccc(-c3cnc(-c4ccncc4)cc3-c3ccc(-c4cccc(C#N)n4)cc3)cc2)nc1,11.93
Cc1nc(C)c(C#N)c(COc2ccc(-c3cnc(-c4cccc(C#N)c4)c(C#N)n3)cc2)n1,21.23
N#Cc1ccc(-c2nc(-c3ccc(C#N)nc3)nc(-c3ccc(OC4CCC(O)CC4)c(C#N)c3)n2)nc1,13.74
C#Cc1[nH]c(C)nc(=O)c1C#N,20.52
Cc1ccc(-c2c(C#N)c(-c3nc(-c4ccc(-c5ccc(C#N)cc5)cc4)cc(-c4ccc(C#N)nc4)n3)nn2-c2ccc(C#N)cc2)c(C)c1,16.86
N#Cc1ccc(-c2ccc(CSc3nnc(-c4cc(-c5ccc(C#N)cc5)nc(-c5cc(F)ccc5F)c4C#N)n3-c3ccc(-c4ccc(C#N)cc4)cc3)cc2)cc1,27.74
N#Cc1ccc(-c2nn3c(C#N)cnc3c(=N)cc2-c2ccc(Oc3ccc(Cl)cn3)c(N)c2)cc1,43.92
N#Cc1ncc(-c2cc(N)c(C#N)c(-c3ccc(C#N)c(Cl)c3)c2)cn1,16.43
N#Cc1ccc(-c2cc(-c3ccc(C#N)nc3)nc(-c3ccc(C#N)nn3)c2)cn1,12.24
N#Cc1ccc(-c2cc(C#N)nc(-n3cc(-c4ccc(C#N)cn4)nc3-c3cccc(C#N)n3)n2)cc1,20.9
CCn1cccc1C1=Cc2c(cnc3nccnc23)NC1C,46.86
C=CCn1c(-c2cccc(-c3ccc(C#N)cc3F)n2)cc(C#N)nc1=Nc1ccc(-c2ccc(C#N)cc2)cc1,35.58
Cn1cncc1Cn1cnc2c(C#N)nc(-c3cc(N)cc(-c4cccc(C#N)c4)c3)cc21,21.97
N#Cc1ccc(N)c(-c2cnc(-c3ccc(-c4ccccc4)c(C#N)c3)c3nc(C#N)ccc23)n1,25.03
N#Cc1ccc(-c2ncc(-c3cc(-c4ccccc4C#N)cc(-c4ccc(C#N)cc4C#N)n3)cn2)cc1,14.26
CN1CCC(Oc2ccc(-c3nc(C#N)nc(-c4cc(C#N)cc5cc(C#N)ccc45)n3)cc2C#N)CC1,25.44
CCc1nc(=O)c2c(-c3ccc(C#N)cc3)c(C#N)c(C#N)nc2n1Cc1ccc(-c2ccc(C#N)cc2)cc1,18.33
N#Cc1ccc(-c2cncc(Cn3cnc4c(C#N)nc(-c5ccc(-c6ccc(C#N)cn6)cc5)cc43)n2)cc1,15.92
N#Cc1c(-c2cccc(-c3ccc(N)c(N)c3)n2)nc(C2CC2)nc1-c1ccccc1C(F)(F)F,14.02
N#Cc1ccc(C(=C2CCN(Cc3ccc(-c4ccc(C#N)cn4)cc3)CC2)c2ccc(C#N)cc2)cc1,18.57
N#Cc1ccc(-c2ccc(-n3c(C#Cc4ccc(-c5ccc(C#N)cn5)cc4)cc4ccc(C#N)cc43)cc2)cc1,12.32
Cn1nccc1-c1nc(-c2ccc(F)cc2C#N)cc(-c2nc(-c3cnc(Oc4ccc(F)cc4)c(C#N)c3)ns2)c1C#N,39.52
CC(=NCC1=C(N=c2nc(C)cc(C)[nH]2)C(=O)C(=O)C(C=O)=C1O)c1ccc(C#N)cc1,21.77
N#Cc1ccc2c(c1)CC(Nc1ccc(-c3cccc(C#N)n3)cn1)C2,15.82
N#Cc1cccc(-c2ccc(-c3cn4ncnc4c(C#N)n3)cc2C#N)c1,12.12
N#Cc1ccc(-c2ccc(-c3nc(-c4ccc(C#N)cc4)cc(-c4ccnc(Nc5ccc(N)cc5)c4)c3-c3ccc(C#N)cc3)cc2)cc1,26.2
N#Cc1ccc(C#Cc2ccc(-c3ccc(C#N)nc3)nc2)nc1,12.11
N#Cc1ccc(-c2ccnc(-n3[nH]cc(-c4cccc(-c5ccc(-c6ccc(C#N)nc6)cc5)n4)c3=N)n2)cc1,19.18
N#Cc1cnc(-c2ccc(-c3ccc(-c4cccc(C#N)n4)cn3)cc2C#N)cn1,13.48
N#Cc1ccc(-c2nc(C#N)ccc2Cc2ccc(-c3ccc(-c4nc(C#N)c(C#N)[nH]4)cn3)cn2)cc1,27.64
N#Cc1ccc(-c2cncc(Nc3ccc4c(c3)C(=O)c3ccc(N)cc3C4=O)n2)cc1,8.87
Cn1c(C#N)ccc1-c1ccc(NC(=O)c2ncccc2-c2ccc(-c3ccc(C#N)cc3)c(C#N)c2)cc1C#N,17.96
N#Cc1ncc(-c2ccc(-c3cc4c(ncn4CC4CCN(C#N)C4)c(C#N)n3)cc2)cn1,13.43
N#Cc1ccc(COc2cc(-c3ccc(-c4ccc(-c5ccc(C#N)nc5)c(C#N)c4)nc3)ncc2C#N)cn1,23.23
N#Cc1ccc(-c2cc(C#N)nc(-c3ccc(-c4nc(C#Cc5ccsc5)n5nc(CN6CCOCC6)cc5n4)cc3)c2)cn1,33.49
N#Cc1ccc(-c2cc(-c3ccc(C#Cc4ccc(C#Cc5ccc(-c6ccc(-c7cccc(C#N)n7)cc6)cc5)cc4)nc3-c3ccc(C#N)cc3)ncc2C#N)cc1,22.75
N#Cc1ccc(-c2cc(C(=O)NCc3nnc(F)c(C#N)c3F)c(-c3ccc(C#N)cn3)cc2-c2cccnc2)cc1,36.37
N#Cc1cc(-c2cnc(C#N)nc2)cc(-c2ccnc(C#N)n2)n1,14.16
N#Cc1ccc(-c2ccc(-c3cc(-c4ncccc4CO)ccc3C#N)cn2)nc1,28.83
N#Cc1ccc(-c2nc(-c3ccc(-c4ccc(C#N)s4)c(C#N)c3)sc2-c2ccc(C#N)c(C#N)n2)cc1,28.6
N#Cc1ccc(COc2cnc(-c3cnc(-c4ccc(C#N)cc4)c(C#N)n3)cc2C#N)cc1,11.47
N#Cc1cccc(-c2cc3c(ncn3CC3CC3)c(C#N)n2)n1,11.96
N#Cc1ccc(C#Cn2c(C#N)ccc2-c2cc(-c3cnc(C#N)nc3)cc(-c3ccc(F)cn3)c2)nc1,16.09
N#Cc1cc(-c2cncc(C#N)n2)cc(-c2ncc(C#N)c(C#N)n2)c1,13.3
N#Cc1ccc(-c2oc(-c3ccc(-c4cnc(-c5ccc(C#N)nc5)cn4)nc3)nc2C#N)cc1,13.17
Cn1cc(-c2ccc(-c3cc4c(ncn4Cc4cncc(C#N)n4)c(C#N)n3)cc2)cn1,11.44
N#Cc1ccc(-c2ccc(Cn3c(=O)n(-c4ccc(-c5ccc(C#N)cc5)cc4)c(=O)c4cc(NC(=O)Oc5ccccc5)ccc43)cc2)cc1,24.49
N#Cc1ccc(-c2ccc(-c3cc4c(ncn4Cc4ccc5ncccc5c4)c(C#N)n3)cn2)cc1,17.59
N#Cc1ccc(-c2cccc(-c3cc4c(ncn4C4CCN(C=O)C4)c(C#N)n3)c2)nc1,19.25
N#Cc1cccc(N=c2cnc(N=C3OCOC3CO)nc(-c3cnc(N4CC(O)C(F)(F)C4)c(C#N)c3)n2)c1,38.45
N#Cc1ccc(-c2cc(Cn3c4ccccc4c4ccccc43)cc(-c3ccc(C#N)cn3)c2)cc1,18.67
N#Cc1ccc(-c2nc(C#N)cnc2-c2ccc(-c3cccc(C#N)n3)c(C#N)n2)cn1,17.62
N#Cc1ccc(-c2cc(-c3cc(-c4ccc(C#N)nc4)cc(-c4cnc(C#N)nc4)c3)ccc2C#N)cc1,13.6
N#Cc1cnc(-c2ccc(-c3nc(C#N)ccc3-c3nc(C#N)nc(C#N)n3)cc2C#N)cn1,16.78
N#Cc1ccc(-c2cc(C#N)cc(-c3cnc(-c4ccc(C#N)nc4)c(C#N)n3)c2)nc1,11.57
CC(C)COc1ccc(-c2nc(-c3ccc(C#N)nc3)nc(-c3cccc(C#N)n3)n2)cc1C#N,9.84
N#Cc1ccc(C=Cc2ccc(-c3cccc(C#N)n3)cc2)c(F)c1,16.31
N#Cc1ccc(-c2nc(-c3ccc(C#N)nc3)nc(-c3ccc(-c4ccc(C#N)nc4)nc3C#N)n2)cc1,12.06
COc1cc(-c2cc(C#N)cc(-c3nc(-c4ccc(-c5ccc(C#N)cn5)nc4)cc(-c4ccc(C#N)cn4)n3)c2C#N)c(C)cc1C#N,14.25
N#Cc1c[nH]c(-c2ccc(-c3cc(-c4ncc(N)c(C#N)n4)ccn3)cc2)n1,19.07
Cc1ccc(-c2c(C#N)c(-c3nc(-c4ccc(C#N)cc4)cc(-c4ccc(F)c(C#N)c4)n3)nn2-c2ccc(C#N)cc2)c(C)c1,13.93
CS(=O)(=O)N1CC2(CCN(c3nc(-c4ccc(C#N)nc4)c(C#N)nc3-c3ccc(-c4ccncn4)cc3)CC2)CC1CO,26.67
N#Cc1ccc(-c2cc(-c3ccc(C#N)nc3)nc(NC(=N)NC(=O)c3ccc(F)cc3)c2C#N)cc1,23.47
N#Cc1ccc(-c2ccc(-c3ccc(-c4cccc(C#N)n4)c(C#N)n3)cn2)nc1,8.46
N#Cc1ccc(-c2nc(-c3ccc(C#N)nc3)ncc2-c2ccc(-c3ccc(C#N)cn3)cn2)cc1,11.58
N#Cc1ccc(-c2cc3c(ncn3CC3OC(C#N)C(O)C3O)c(C#N)n2)cc1F,20.69
N#CCc1nc(-c2ccc(C#N)cc2F)sc1-c1ccc(Sc2ccc(-c3cccc(C#N)n3)cc2)cc1,33.49
N#Cc1ccc(-c2ccc(-c3cc(-c4cccc(C#N)n4)cc(C#N)n3)nc2)nc1,7.82
N#CC(C#N)=c1ccc(=C(C#N)c2nc(C#N)c3ccc(C#N)cc3n2)cc1,9.54
N#Cc1ccc(-c2cc(-c3ccc(C#N)nc3)cc(-c3ccc(-c4ncc(C#N)c(C#N)n4)cn3)c2)nc1,15.28
N#Cc1ccc(-c2cc3cccc(Oc4cccc(Nc5ccc(-c6ccc(F)cc6)c(C#N)c5)n4)c3cc2C#N)cc1,31.91
CCOC(=O)c1nc(C#Cc2cc(-c3ccc(C#N)cc3)cc(-c3ccc(C#N)nc3)n2)ccc1OC,22.66
N#CCn1ncc(-c2cc(-c3cnc(C#N)nc3)nc(-c3cncc(C#N)c3)c2)c1-c1ccncc1,25.38
N#Cc1ccc(-c2cc(C#N)cc(-c3ncc(-c4ccc(C#N)cn4)c(-c4ccc(C#N)cn4)n3)c2C#N)cc1,17.46
N#Cc1ccc(-c2ccc(-c3nc(C#N)cc(-c4ccc(C#N)cc4C#N)n3)cn2)nc1,10.24
N#Cc1ccc(-c2ccc(-c3ccc(-c4cc(-c5ccc(C#N)nc5)ncn4)cn3)nc2C#N)cc1,16.28
N#Cc1nc(N)c(C#N)c2c1CCCC2,18.23
Cc1c(C#N)c2n(c1-c1cccc(C#N)n1)CCc1cc(OCc3cccc(-c4cccc(C#N)n4)n3)ccc1-2,27.53
N#Cc1ccc(-c2cnc(-n3nc(-c4ccc(C#N)cc4)ccc3=O)c(C#N)c2)cc1,14.75
N#Cc1cc(-c2ccc(-c3cnc(-c4ccc(C#N)c(C#N)c4)c(C#N)n3)cc2)ccn1,13.11
N#Cc1ccc(C(=O)c2ccc(-c3ccccc3C#N)c(-c3ccc(-c4ccc(-c5ccc(C#N)cn5)cc4)nc3)n2)cc1,28.96
N#Cc1ccc(-c2ccc3ccc(-c4ccc(-n5ncc6cc(-c7cnc(-c8ccc(C#N)cn8)nc7)ccc65)cc4)nc3c2)cc1,24.02
N#Cc1cnc(-c2ccc(-c3cc4c(ncn4CC4CNCCO4)c(C#N)n3)cc2)nc1,13.07
N#Cc1cc(-c2cccc3ccccc23)nc(-c2ccc(OC3CCC(C(=O)O)CC3)c(C#N)c2)n1,13.57
N#Cc1ccc(-c2cc(-c3c[nH]c(=N)cn3)ccc2F)n1CCF,18.83
N#Cc1ccc(-c2cc(-c3ncccn3)nc(-c3cc(-c4ccc(C#N)nc4)nc(-c4ccc(C#N)o4)c3C#N)n2)cn1,18.91
Cc1cn(-c2ccc(-c3ccc4c(c3)c(-c3ccc(C#N)cn3)cn4-c3ccc(-c4cccc(C#N)n4)cc3)cn2)cn1,20.64
N#Cc1ccc(-c2ccc(-c3cc(C#N)[nH]c(=Nc4cc(F)c(-c5cccc(C#N)n5)cn4)n3)cc2)nn1,22.07
N#Cc1cnc(-c2cc(-c3ccc(-c4nccnc4C#N)cc3)cc(-c3cncc(C#N)n3)n2)nc1,17.13
N#Cc1ccc(-c2csc(CC=Nc3ccc(C#N)c(C(F)(F)F)c3)n2)cc1,23.0
N#Cc1ccc(Oc2ncnc3c2ccn3-c2cccc(-c3cccc(C#N)n3)c2)c(C#N)c1,23.93
N#Cc1ccc(Cn2cnc3c(C#N)nc(-c4cccc(C#N)c4)cc32)nc1,12.3
Cc1c(C#N)c(-c2ccc(C#N)cn2)nc(N)c1C(=O)c1ccc(F)c(F)c1,24.2
N#Cc1ccc(-c2ccc(-c3cc4c(ncn4Cc4ccc(-c5ccc(C#N)nc5)nc4)c(C#N)n3)cc2)nc1,11.25
N#Cc1ccc(-c2ccc(-c3ccc(C#N)nc3-c3cncc(C#N)c3)nc2C#N)cc1,19.56
N#CC#Cc1cc(-c2ccc(-c3ccc(C#N)cc3)cc2)n(-c2ccc(-c3cnc(C#N)c(C#N)n3)nc2)n1,26.97
N#Cc1ccc(-c2c(C(=O)c3ccc(F)cc3)c(O)c(O)n2-c2ccc(-c3cccc(C#N)n3)cc2)cc1,20.29
N#Cc1ccc(-c2nn(-c3ccc(C#N)c(C#N)n3)c(N=CN3CCN(c4ncncn4)CC3)c2-c2ccc(-c3ccc(C#N)cn3)cc2)cc1,26.92
N#Cc1ncc(-c2ccc(-c3cc4c(ncn4Cc4ccncc4)c(C#N)n3)cc2)cn1,11.21
Cn1ncc(-c2cc(-c3ccc(C#N)cc3)nc(-c3ccccc3)n2)c1-c1ccc(C#N)c(F)c1,16.65
N#Cc1ccc(-c2ccc(-c3nc(-c4cnc(C#N)nc4)nc(-c4ccc(N)c(N)c4)n3)cc2C#N)cc1,15.78
N#Cc1cccc(-c2ccc(-c3cc(-c4cccc(C#N)n4)cc(-c4ccncc4)n3)cc2)n1,15.39
N#Cc1ccc(C#Cc2cc(C#N)nc(C#N)n2)cc1,13.95
CC1(O)CCC(Oc2ccc(-c3nc(-c4ccc(C#N)nc4)nc(-c4ccc5c(c4)OC(C)(O)C5=O)n3)cc2C#N)CC1,34.31
N#Cc1ncc(-c2ccc(-c3cc(-c4cncc(C#N)c4F)nnc3C#N)cc2)cn1,16.67
N#Cc1ccc(-c2cc(-c3ccc(C#N)nc3)cc(-c3cccc(F)c3)c2)nc1,17.24
Cn1cnc2c(C#N)nc(-c3ccc(-c4cnc(C#N)c(C#N)n4)cc3)cc21,12.52
Cc1ccc(-c2nc(C)nc(-c3cccc(-c4cc(-c5ccc(C#N)cn5)cc(C#N)n4)n3)c2C#N)c(C)c1,16.11
N#Cc1cncc(-c2cc(-c3cnc(C#N)cn3)cc(-n3ccnc3)c2)c1,12.81
N#Cc1ccc(-c2cc(-c3ccc(C=C4SC(=O)N(c5ccc(C#N)c(C(F)(F)F)c5)C4=O)cc3)nc(-c3ccc(C#N)nc3)n2)cc1,22.75
N#Cc1ccc(-c2cc(-c3ccc(C#N)cc3)nc(-c3cccc(C#N)n3)c2)cc1,13.47
N#Cc1cccc(-c2cnc(-c3cnc(C#N)nc3)nc2C#N)n1,12.43
N#Cc1cccc(C=CCn2cnc3c(C#N)nc(-c4ccc(F)cc4)cc32)c1,15.19
N#CCc1cccc(-c2nc(-c3ccc(C#N)nc3)nc(-c3cncc(C#N)c3)n2)c1,18.93
N#Cc1cnc(-c2cc(-c3ccc(C#N)nc3)cc(-n3cnc4cc(-c5cnc(C#N)nc5)ccc43)c2)nc1,14.18
N#Cc1cncc(-c2ccc(C#Cc3ccc(F)c(NC(=O)c4ccc(-c5ccccn5)nc4)c3)cc2)n1,24.38
N#Cc1ccc(-c2ccc(-c3ccc(C#N)nc3)c(C#N)n2)cc1,11.38
N#Cc1ccc(-c2ccc(Cc3nc(-c4cccc(C#N)n4)cn3Cc3ccc(-c4ccccc4)cc3)cc2)cc1,18.26
COc1cc(C=C(C#N)c2nc(C(C#N)=c3ccc(=C(C#N)C#N)cc3)nc(C(C#N)=c3ccc(=C(C#N)C#N)cc3)n2)cc(OC)c1OC,13.23
N#CCCn1cnc2c(C#N)nc(-c3ccc(C#N)nc3)nc21,11.91
N#Cc1cccc(-c2cc(-c3ccc(-c4nccc(C#N)n4)cc3)nc(-c3ccccc3C#N)c2)c1,21.99
Cc1nc2ccccc2n1-c1cc(-c2ccc(C#N)nc2)cc(-c2cncc(C#N)n2)n1,15.57
CN(CC#Cc1ccccc1)Cc1ccc(-c2ccc(C#N)cc2)cc1,18.11
N#Cc1ccc(-c2ccc(-c3ncc(OCc4ccc(F)cc4)cc3-c3cccc(C#N)n3)cc2)nc1,20.06
N#Cc1ccc(-c2cc(-c3cccc(C#N)n3)cc(-c3ncc(-c4cccc(C#N)n4)cn3)c2)cn1,11.21
N#Cc1ccc(-c2ccc(-c3cc4c(cc(-c5cnc(C#N)nc5)n4Cc4cnc(C#N)cc4C#N)c(C#N)n3)c(F)n2)nc1,30.93
Cc1cc(C)[nH]c(=Nc2nc(N=Cc3ccc(C#N)cc3)nc(Nc3ccc(-c4nc(C(F)(F)F)cs4)cc3)n2)n1,21.86
N#Cc1cccc(-c2nc(C#N)c(-c3ccc(Cl)cc3Cl)nc2C#N)n1,16.79
Cn1cnc2c(C#N)nc(-c3ccc(-c4ncncn4)cc3)cc21,12.59
N#Cc1ccc(Nc2c(C#N)nc(-c3ccc(Cl)c(-c4ccc(C#N)cn4)c3)nc2C#N)cc1,16.63
N#Cc1ccc(-c2cc(C#Cc3ccc(-c4cnc(C#N)nc4)nn3)ccc2C#N)cn1,12.81
COc1ncc(-c2ccc(NC=C3C(=O)C(=Cc4ccc(C#N)cc4)C(=O)C(=CN4CCN(C)CC4)C3=O)cc2)cc1C#N,18.54
N#Cc1ccc(-c2cc(C#N)ccc2C(C=O)n2ccc(-c3ccc(C#N)c(-c4ccncc4)c3)n2)cc1,30.69
N#Cc1ccc(Nc2ccc(C(c3ccc(N)cc3)(c3ccc(NC=O)cc3)c3ccc(N)c(-c4cc(-c5ccc(C#N)cc5)nc(-c5ccc(C#N)cc5)c4)c3)cc2)cc1,26.0
N#Cc1ccc(-c2cccc(COc3ncc(-c4ncc(-c5ccc(C#N)cc5)nn4)cc3C#N)c2)cc1,19.19
N#Cc1ccc(C#Cc2nc(C#N)cc(-c3nc(-c4ccc(C#N)nc4)cc(-c4ccc(C#N)cc4)c3C#N)n2)cc1,17.26
Cc1cc(C)nc(-n2c(-c3ccc(-c4cccc(C#N)c4)cc3)cc(Nc3ccc(C#N)cc3)c2O)n1,19.13
N#Cc1ccc(C#Cc2cccc(-c3ccnc(C#N)c3)c2)c(-c2cnc(C#N)nc2)c1,18.68
N#Cc1cc(-c2nc(C#N)c(-c3cccc(C#N)n3)nc2C#N)ncn1,14.02
Cc1ncc(-c2ccc(-c3cc(-c4cccc(C#N)n4)cc(C#N)n3)cn2)c(-c2ccc(C#N)nc2)n1,18.35
N#Cc1ccc(-c2ccc(-n3c(=O)cc(-c4ccc(C#N)cc4)c4cc(C#N)ccc43)cc2)cc1,10.64
Cc1ccc(-c2cc(-c3nc(-c4ccc(C#N)cc4)nc(-c4cc(-c5ccc(C#N)cc5)cc(-c5ccccc5C#N)c4C#N)n3)nc(-c3ccc(C#N)cc3)n2)cc1,24.44
N#Cc1ccc(-c2cn(-c3cccc(-c4cccc(C#N)n4)c3)nc2C#N)cc1,11.54
N#Cc1ccc(-c2cc(-c3ccc(Nc4cc(-c5cccc(C#N)n5)ccc4C#N)cc3)nc(-c3ccc(C#N)nc3)c2)cc1,15.92
N#Cc1ccc(-c2cc(-c3ccc(C#N)cc3C#N)nc(-c3cccc(-c4ccccc4CO)c3C#N)n2)nc1,17.1
N#Cc1cnc(-c2ccc(-c3cc(-c4cc(F)c(C#N)c(F)c4C#N)cc(C#N)n3)cc2)cn1,15.1
CCc1nc2c(C)cc(C)nc2n1Cc1nc(-c2ccc(C#N)cc2C#N)cc(-c2ccc(C#N)cc2)c1C#N,29.9
N#Cc1ccc(-c2ccc(C#Cc3cccc(C#N)n3)cc2)c(C#N)c1,14.17
N#Cc1ccc(-c2cncc(C(=O)NCc3nccc(-c4ccc(NC(=O)c5ncccc5-c5cccc(C#N)c5)cn4)n3)c2)cc1,34.21
N#Cc1ccc(-c2cc(-c3ccc(-c4ncncn4)cn3)nc(-n3nccn3)c2C#N)cc1,18.83
N#Cc1cncc(-c2cc3c(ncn3CC3CC3)c(C#N)n2)c1,9.28
N#Cc1ccc(-c2ccc(Cc3ccc(-c4nc(C#N)c(C#N)cc4-c4nc(C#N)c[nH]4)cn3)nc2)nc1,27.32
N#CC(C#N)=C1C(=Cc2ccc(C#N)cc2)C(=O)C(Nc2ccc(-c3cc(-c4ccc(C#N)cc4)nc(-c4ccc(C#N)nc4)c3)cc2)C(C=O)=C1O,10.41
N#Cc1ccc(-c2ccc(C#Cc3ccc(-c4cccc(C#N)n4)cn3)cc2C#N)cc1,12.25
N#Cc1ccc(C(c2ccc(C#N)c(-c3cc(C#N)ccc3C#N)c2)c2cncc(C#N)n2)cc1,13.89
N#CC=Cc1cc(Cl)cc(-c2nc(C#N)ccc2-c2ccc(-c3ccc(C#N)nc3)cc2)c1,22.97
N#Cc1ccc(C#N)c(-c2nc(C#N)c3ncn(CC(=O)O)c3n2)c1,15.18
N#Cc1cccc(-c2ccc(C#CC(O)(c3ccc(F)cc3)c3ccc(C#N)nc3)cc2)c1,19.59
N#Cc1ccc(-c2ccnc(-c3ccc(-c4ccncc4)cc3)n2)cc1,12.9
CC1CCC(Oc2ccc(-c3nc(-c4cc(C#N)ccn4)nc(-c4cccc(-c5cnc(C#N)nc5)c4F)n3)cc2C#N)CC1C,22.93
Cc1[nH]c(=N)c(C#N)c(-c2ccc(C#N)cc2)c1C#N,12.96
COc1ccc(-c2cc(-c3ccc(-c4ccc(C#N)c(F)c4)nc3)nc(-c3cccnc3)n2)cc1C#N,18.02
N#Cc1ccc(-c2ccc(CN=c3cc(-c4ccc(-c5ccc(C#N)cc5)cc4)nc(-c4ccc(C#N)cc4)[nH]3)cc2)cc1,15.7
N#Cc1ccc(N=c2nc(-c3ccc(N=Cc4cc(C=O)cc(C=O)c4O)nc3)cc[nH]2)cc1,23.66
COc1nc(-c2cc(-c3ccc(C#N)nc3)nc(-c3ccc(-c4ccc(C#N)cc4)c(C#N)n3)n2)ncc1C#N,15.8
N#Cc1ncc(-c2ccc(-c3nc(C#N)c(C#N)nc3C#N)cc2)nc1C#N,11.33
N#Cc1ccc(Cn2c(NC3CCC(O)CC3)nc3cc(-c4cncc(C#N)c4)ccc32)cc1,21.27
N#Cc1ccc(C#Cc2ccc(-c3nc(C#N)c(-c4ccc(C#N)cc4)nc3-c3ccc(F)cc3)cn2)cc1,18.56
N#Cc1ccc(Nc2cc(-c3ncnc4ccc(-c5ncncn5)cc34)nc(Nc3sc(Br)nc3C#N)n2)cc1C(F)(F)F,22.54
N#Cc1cccc(-c2ccc(Oc3ncc(-c4ccc(-c5cc(C(=O)O)nc(C#N)n5)cc4)cc3C#N)cc2)n1,16.3
N#Cc1ccc(-c2ccc(-c3cc4c(ncn4CC4CC4)c(C#N)n3)cn2)nc1,14.54
N#Cc1ccc(C=CC(=O)c2cccc(-c3cccc(C#N)n3)c2)cc1,14.03
Cn1c(-c2nccnc2-c2ccc(F)cc2)nc(-c2ccc(C#N)cc2)c1-c1ccc(-c2ccc(C#N)cn2)cc1,22.55
N#Cc1ccc(-c2cc(C#CC(CCN3CCC(C#N)(c4ccccc4)CC3)c3ccccc3C#N)ccc2C#N)cc1,27.52
N#Cc1ccc(-c2ccnc(C(=O)Nc3ccc(Oc4cccc(-c5ccc(C#N)cn5)c4)cc3F)n2)cc1,20.71
N#Cc1ccc(-c2ccc(-c3cc(C#N)nc(C#N)n3)cc2C#N)cn1,9.58
N#Cc1ccc(-c2cc(-c3cccc(C#N)n3)cc3cc(-c4c[nH]cn4)cnc23)cc1,20.89
N#Cc1ccc(Oc2nc(-c3ccc(C#N)cc3)cc(OCC#Cc3cccc(-c4cccs4)c3)c2C#N)cc1,27.67
Cc1cc(C#Cc2cc(-c3ccc(C#N)nc3)cc(-c3ccc(C#N)c4ccccc34)c2)ccc1N=c1nccc[nH]1,37.13
N#Cc1ccc(Cc2ccc(-c3ccc(-c4cc5c(ncn5CC5CC(CO)C(O)C5O)c(C#N)n4)cc3)nn2)cc1,22.4
N#Cc1ccc(-c2ncncc2C#Cc2cn(-c3ccc(-c4cccc(C#N)n4)cc3)nn2)cc1,20.64
COc1ccccc1C1c2c(C(C)(C)C)n[nH]c2C(=O)N1c1ccc(-c2ccc(C#N)cc2)cc1,22.49
N#Cc1ccc(-c2ccc(-c3nc(-c4ccc(C#N)cn4)nc(-c4cccc(-c5ccc(C(N)=O)cc5C(F)(F)F)c4C#N)n3)cc2)cc1,19.47
Cc1nc(C)c2nc(Cc3ccc(-c4ccccc4-c4nc(=O)o[nH]4)cc3)c(C)nc2n1,22.03
Cc1cc(-c2ccc(C#N)cn2)nc(-c2nc(N3CCOC(c4ccc(C#N)cc4)C3)nc(-c3cc(F)c(C#N)cc3C)c2C#N)n1,13.48
CC(C)C(c1ccc(C#N)c(-c2ccc(C#N)nc2)c1)c1nc(C#N)cc(Nc2ccc(C#N)c(F)c2)n1,30.71
N#Cc1ccc(-c2cc(C#N)nc(-c3ccc(OC4COC4)c(-c4ccc(C#N)cc4)c3)n2)cc1,19.8
N#Cc1ccc(-c2cnc(-c3nc(C#N)cn3-c3ccc(-c4ccnc(C#N)c4)cc3)cn2)cc1,20.33
Cn1cc(-c2ccc(C#N)cc2)c2ccc(-c3ccncc3)cc2c1=O,17.17
Cn1cc(C#N)nc1-c1cccnc1Oc1ccc(N=Cc2ccc(C#N)o2)cc1,27.29
Cc1nccc(-c2ccc(-n3nc(-c4ccccc4C#N)nc3-c3ccc(-c4ccncc4)cc3)cc2)n1,19.35
CS(=O)(=O)c1ccc(C2C(=O)C(=Cc3ccc(-n4ccnc4)cc3)C(=C(C#N)C#N)C(O)=C2C=O)cc1,15.52
CN(c1ccc(-c2ccccc2)cc1)c1cc(C(=O)C(=O)Nc2ccc(-n3ccc4ccccc43)cc2)c2ccccc2n1,36.04
COc1ccc(S(=O)(=O)n2c(C#N)ccc2-c2cc(-c3ccc(C#N)cc3)nc(-c3ccc(C#N)nc3)c2C#N)cc1,30.11
N#Cc1ccc(-c2cnc(C#N)nc2-c2ccc(C#N)nc2)cc1,9.21
COc1cc(C2CCCCC2)ccc1-c1nc(-c2cccc(C#N)n2)nc(-c2ccc(C#N)c(C)n2)n1,21.58
N#Cc1ccc(-c2cc(-c3ccc(C#N)nc3)nc(-c3nc(C#N)nc(-c4ccc(C#N)cc4Br)n3)c2C#N)cc1,17.75
N#Cc1cc(-c2cc(-c3cccc(C#N)n3)nc(-c3ccc(-c4cccc(C#N)n4)c(C#N)n3)c2)c(F)cn1,22.7
N#Cc1ccc(-c2cccc(-c3nc(-c4ccc(-c5ccncc5)cc4)nc(-c4ccc(C#N)nc4)n3)c2C#N)nc1,12.4
CC(C)(O)COc1ccc(-c2nc(-c3ccc(C#N)nc3)nc(-c3ccc(F)c(N)c3)n2)cc1C#N,22.91
N#Cc1ccc(-c2cc(-c3ccc(-n4ncc(-c5ccc(C#N)nc5)n4)nc3)nc(-c3ccccc3C#N)c2)nc1,19.25
N#Cc1ccc(-c2nc(-c3ccc(C#N)nc3)cc(-c3cnc(C(=O)c4ccc(-n5nc(C#N)c6cc(C#N)ccc65)cc4)c(C#N)c3)n2)nc1,30.84
N#Cc1ccc(-c2ccc(C#Cc3cc(-c4ccc(C#N)cc4)c(-c4ccc(C#N)c(C#N)n4)cn3)cc2)cc1,14.07
Cc1cc(C#N)ccc1-c1nn(C)c(-c2nc(-c3ccc(N)cc3)cc(-c3ccc(C#N)cn3)n2)c1C#N,20.8
N#Cc1ncc(C#Cc2ccc(Br)s2)nc1C#N,10.27
N#Cc1cncc(-c2cc(C#N)nc(-c3ccc(C(Nc4ccc(C#N)c(C(F)(F)F)c4)c4ncccn4)cc3)c2)n1,23.0
N#Cc1ccc(C(=O)Nc2ccc(-n3c4ccccc4c4ccccc43)cc2)cc1,14.8
N#Cc1cccc(-c2ccc(C#N)c(Oc3ccc(C#N)c(C#N)c3)c2)n1,21.64
Cc1cc2ccccc2n1-c1ncc(-c2ccc(-c3ccc(C#N)cn3)cc2)c(-c2ccc(C#N)cc2)n1,22.41
C#Cc1ccc(C(=O)c2nc(C(C#N)=c3ccc(=C(C#N)C#N)cc3)nn2Cc2ccc(-c3ccccc3)cc2)cc1,14.82
N#Cc1cc(F)c(C#N)c(-c2ccc(-c3ccc(C#N)nc3)cc2)c1,14.98
N#Cc1ncc(-c2ccc(-c3cc4c(ncn4CC4CCN(C#N)CC4)c(C#N)n3)cn2)cn1,14.27
N#Cc1ccc(-c2cc(-c3ccc(C#N)nc3)cc(C#N)n2)nc1,10.85
O=C=Nc1ccccc1,18.73
CC(=O)c1nc(C(C#N)=c2ccc(=C(C#N)C#N)cc2)nnc1C#N,11.12
N#Cc1ccc(-c2nc(-c3cc(N)c(C#N)c(-c4ccc(C#N)nc4)c3)ncc2C#N)cc1,13.7
CC(=O)c1cc2cc(-c3cccc(C#N)n3)ccc2n1-c1ccc(-c2ccc(C#N)cc2)cc1,15.47
Cn1c(C#N)ccc1-c1cc(C=CC#N)nc(-c2ccc(C#N)nc2)c1,13.27
N#Cc1ccc(Oc2ccc(-c3nc(-c4ccc(C#N)cc4)cc(-c4ccc(C#N)cc4)n3)cc2C#N)cc1,17.77
N#Cc1ccc(-c2nc(-c3cccc(-n4nccn4)c3)n[nH]2)cn1,22.38
N#CC(C#N)=c1ccc(=C(C#N)c2nc(C(=O)OCc3ccc(C#N)cc3)nc(-c3ccc(C#N)cc3)n2)cc1,12.33
Cc1cc(C(N)=O)nn1-c1cccc(C#Cc2c(C#N)cnc3ccc(N=C(C=O)c4nc5ccccc5[nH]4)cc23)c1F,53.53
Cc1nccn1-c1ccc(C#N)c(-c2cc3cc(-c4cncc(C#N)n4)cnc3c(C#N)n2)c1,28.72
Cc1[nH]n(-c2ccc(C#N)c(-c3ccncn3)c2)c(=Nc2ccc(Oc3ccccc3)cc2)c1C=Nc1ccc(N)c(N)c1,28.74
N#Cc1ccc(-c2cc(-c3ccc(C#N)c(C#N)c3)cc(-c3ccncc3)n2)cn1,18.48
N#Cc1ccc(-c2ccc(-c3nc(C#N)cnc3-c3ccc(-c4cccc(C#N)c4)cc3)cc2)nc1,8.08
COc1cccc(-c2cc(-c3ccc(-c4ccc(-c5ccc(C#N)cn5)cc4)s3)c(C#N)c(-c3ccc(C#N)cc3)n2)c1F,22.2
N#Cc1ccc(-c2ccc(-c3ccccc3-c3cc(-n4cccc4)nc(-c4ccc(C#N)nc4)n3)cc2)nc1,22.53
CC(C#N)NS(=O)(=O)c1cnc(-c2cc(-c3ccc(C#N)cn3)cc(-c3cncc(C#N)n3)c2)cn1,27.39
N#Cc1ccc(-c2cc(-c3ccc(C#N)nc3)nc(-c3ccc(C#N)nc3)n2)nc1,11.84
Cc1cc(C#N)cnc1-c1cc(C(c2ccc(C#N)cc2)c2cccn2Cc2ccc(-c3cnc(C#N)nc3)nc2)ccc1C#N,21.93
C=C(C#N)C(O)c1ccc(C#N)cc1,14.85
N#Cc1ccc(-c2cc(-c3ccc(C#N)cc3)c(C#N)c(-c3ccc(C#N)cn3)c2)cc1,13.43
N#Cc1ccc(Nc2c(C=O)c(O)c(C=O)c(O)c2C=Nc2ccc3c(c2)OCO3)cc1,24.52
N#Cc1ccc(-c2ccc(C#Cc3nc(-c4ccc(C#N)cc4)cc(-c4ccncn4)n3)cc2)cc1,16.34
N#Cc1ccc(-c2ccc(-c3nc(-c4ccc(C#N)cc4)nc(-c4ccc(Oc5cccc(F)c5)c(C#N)c4)n3)nc2)cc1,17.48
N#Cc1ccc(-c2ncc(-c3ccc(-c4cc(-c5ccc(C#N)nc5)ccc4C#N)cc3)nc2C#N)cc1,14.98
CC1CN(c2ccnc(-c3ccc(C#N)cc3)n2)CCN1c1ccc(-c2ccc(C#N)cn2)nc1C#N,25.26
N#Cc1ccc(-c2cc(C#Cc3ccc(C#N)cc3-c3cccc(C#N)c3)nc(-c3ccc(C#N)nc3)n2)nc1,16.74
N#Cc1ccc(C2CCN(c3nc(-c4ccc(C#N)nc4)c(-c4cc(-c5ccc(C#N)nc5)no4)nc3C#N)CC2)cc1,23.24
C#CCn1nc(-c2nc(-c3ccc(C#N)nc3)cc(-c3ccc(C#N)nc3)n2)c(C#N)c1-c1cc(Cl)c(C#N)cc1C,15.99
N#Cc1ccc(-c2ccc(-n3ccc4cc(-c5ccc(C#N)cn5)nc(C#N)c4c3=O)cc2)cc1,14.21
N#Cc1ccc(-c2cc[n+](Cc3ccc(-c4ccc(C#N)cc4)cc3-c3ccc(C#N)cc3)cc2)cc1,17.6
N#Cc1ccc(Nc2cccc(F)c2C#N)cc1C#N,14.89
N#CC(C#N)=c1ccc(=C(C#N)c2nc(C(=C3OC(=O)c4ccccc43)c3ccc(C#N)cn3)nc(C(C#N)c3cccs3)n2)cc1,25.81
N#Cc1ccc(-c2nc(-c3cnc(-c4ccc(C#N)cc4)c(C#N)c3)cc(-c3cccc(-c4ccc(C#N)cc4C#N)c3C#N)n2)cc1,20.9
Cc1cc(C#N)c(C#N)c(C)n1,13.09
N#Cc1ccc(-c2ccc(-c3ccc(NC(=N)c4ccc(-c5ccc(C#N)cc5)cn4)cc3)cc2)cc1,11.83
N#CC(C#N)=c1ccc(=C(C#N)c2nc(-c3ccc(C#N)nc3)cc(-c3cccs3)n2)cc1,11.68
N#Cc1ccc(-c2cc(-c3ccc(N=Cc4c(O)ccc5ccc(C#N)cc45)cc3)nc(-c3ccc(C#N)nc3)n2)cc1,22.9
CCc1cc(-c2ncncn2)ccc1-c1nc(-c2nc(C#N)cc(-c3ccc(C#N)cc3)c2C#N)ccc1F,23.49
N#Cc1ccc(-c2c(C#N)nc(Cl)nc2-c2ccc(-c3ccc(C#N)cn3)cc2)cc1,11.63
N#Cc1ccc(-c2nc(-c3nccc(C#N)n3)cnc2-c2ccc(-c3ccc(C#N)cn3)cc2)cc1,9.54
N#Cc1ccc(-c2nc(-c3ccc(-c4ccc(C#N)cc4)c(C#N)c3)nc(-c3ncccn3)n2)cc1,9.73
N#Cc1ccc(Nc2cc(Nc3cc(Nc4ccc(C#N)cc4)c(C#N)c(C#N)n3)nc(C#N)n2)cc1,19.38
N#Cc1ccc(-c2cccc(-c3nnc(C#N)c(-c4ccc(-c5ccc(C#N)nc5)cc4)n3)c2C#N)c(C(F)(F)F)c1,13.5
N#Cc1ccc(N2CCN(c3nc4ccc(-c5ccc(C#N)nc5)cc4c(C#N)c3C#N)CC2)nc1,23.42
N#Cc1cccc(-c2cc3c(ncn3Cc3ccc(-c4ccc(C#N)cc4C#N)nc3)c(C#N)n2)c1,15.04
Cc1cc(-c2nc(-c3ccc(OCc4ccc(C#N)cc4)c(C#N)c3)nc(-c3ccc(C#N)c(F)c3F)n2)ccc1F,21.65
CCc1nc(-c2cc(-c3nccs3)nc(-c3cc(F)c(F)c(F)c3F)n2)c(C#N)c(-c2cc(Cl)c(C#N)cc2C)n1,18.65
N#Cc1ccc(-c2cc(-c3nc(C#N)nc(-c4ccc(C#N)c(C#N)c4)n3)c(C#N)c(-c3ccc(C#N)cc3C#N)n2)nc1,17.62
N#Cc1ccc(-c2ccc(-c3nc(-c4ccc(-c5ccc(C#N)cn5)c(C#N)c4)nc(-c4ccc(C#N)c5ccccc45)n3)cc2C#N)cc1,14.97
N#Cc1ccc(-c2cc(-c3ccc(-c4ncncn4)cc3)ccc2C#N)cn1,12.72
N#Cc1nc(-c2cccc(F)c2)cc2c1ncn2CC1CNCCO1,16.68
N#Cc1ccc(Cc2ccc(-c3cc(-c4ccc(C#N)nc4)cc(C#N)n3)cc2)cc1,13.93
N#Cc1ccc(C#Cc2nc(-c3cnc(C#N)nc3)cc(-c3cccc(C#N)n3)n2)cc1,13.3
N#Cc1ccc(-c2cncc(C#N)n2)c(C#N)c1,15.43
N#Cc1ccc(-c2cc[n+](-c3nc(-c4ccc(C#N)cc4)c(-c4ccc(C#N)cc4)c(-[n+]4ccc(-c5cccc(C#N)n5)cc4)n3)cc2)cc1,11.51
C=C1C(=CNc2ccc(Oc3ccc(N=Cc4ccc(C#N)cc4)cc3)cc2)C(O)=C(C=O)C(=O)C1(C#N)C#N,11.36
N#Cc1ccc(-c2nc3cc(-c4ncncn4)ccc3n2-c2cnc(C#N)c(C#N)n2)cc1,17.72
Cn1cccc1-c1ccc(-c2nc(-c3ccc(C#N)cc3)nc(-c3cc(C#N)cc(-c4ccc(C#N)cc4)c3C#N)n2)cc1,19.71
CCC(=O)c1cc(-c2ccc(C#N)cc2)c(C#N)c(-c2nc(-c3ccc(F)c(C#N)c3)nc(-c3ccc(C#N)c(F)c3F)n2)c1,21.19
N#Cc1cccc(-c2ccc(C#Cc3ccc(C#N)c(C#N)n3)cc2)n1,10.73
N#Cc1ccc(C(C#N)c2ccnc(-c3cnc(-c4cccc(C#N)n4)c(C#N)n3)n2)nc1,19.02
N#Cc1ccc(-c2cc(COc3ccc(-c4cccc(C#N)n4)cc3)cc(-c3ccc(C#N)cc3)c2)cc1,13.63
COc1ncc(-c2cc3c(ncn3CC3CCNCC3)c(C#N)n2)cc1C#N,15.21
N#Cc1ccc(-c2ccc(-c3nc(COCc4ccc(-c5ccco5)cc4)nc(C#N)c3-c3ccc(-c4ccc(C#N)nc4)cc3)cc2)nc1,24.27
N#Cc1ccc(-c2ccc(-c3nc(-c4ccc(C#N)nc4)nc(-c4ccc(C#N)c(F)c4F)n3)cc2C#N)cc1,13.4
N#Cc1ccc(-c2ccc(-c3ccc(-c4ccc(C#N)c(C#N)c4F)c(F)c3)nc2C#N)cc1,21.34
N#Cc1ccc(-c2cc(-c3cccc(C#N)c3)nc(-c3nc(C#N)cc(-c4ccc(C#N)cc4)c3C#N)n2)cc1,8.75
N#Cc1ccc(-c2ccc(-c3ccc(C#Cc4ccc(-c5ccc(C#N)cc5C#N)nc4)nn3)nc2C#N)nc1,19.81
N#Cc1ccc(-c2cc(-c3cc(-c4ccccc4C#N)c(C#N)cn3)nc(N)c2C#N)cc1,11.74
CCC(=O)N(c1ccc(C#N)c(C#N)c1)C1CCN(CCc2ccccc2)CC1,20.86
CC(C)N1CCC(C#N)(c2cc(-c3ccc(-c4ccc(C#N)cc4)c(C#N)c3)nc(C#N)n2)CC1,23.07
N#Cc1ccc(-c2ccc3nc(-c4ccc(C#N)cc4)nc(N4CCN(c5ccccc5)CC4)c3c2)cc1,17.31
N#Cc1ccc(-c2cc(-c3ccc(-c4ccc(C#N)cn4)cc3)c(-c3ccc(-c4cccc(C#N)c4)cc3)nn2)cc1,11.77
N#Cc1ccc(-c2ccc(-c3cnc(C#N)c(-c4nc(C#N)cc(-c5ccc(C#N)cn5)c4C#N)n3)cc2C#N)cc1,20.32
CCCC1(Oc2ccc(-c3ccc(Cl)c(C#N)c3)cc2)C(=O)C(=Cc2ccc(C#N)cc2)C(=O)C(C=O)=C1O,19.84
N#Cc1ncc(-c2ccc(-c3cc4[nH]cnc4c(C#N)n3)cc2C#N)cn1,10.78
Cc1cn(-c2ccc(C=NNC(=O)c3cc(-c4ccc(-c5ccc(C#N)cc5)cc4)n(-c4ccc(C#N)c(-c5ccc(C#N)c(-c6ccc(C#N)nc6)c5)c4)n3)cc2)cn1,29.7
Cc1nc(-c2ccc(C#N)nc2)c(C#N)nc1-c1ccc(-c2cnc(C#N)nc2)cc1,15.57
CC(=O)OCCOCn1cnc2c(C#N)nc(-c3ccc(C#N)cc3)cc21,13.06
N#Cc1ccc(-c2ccc(OC3(c4ccc(-c5ccc(C#N)cc5)nc4)CCC(C(N)=O)CC3)nc2)cc1,30.08
N#Cc1ccc(-c2cc(-c3ccc(C#N)cc3)nc(-c3ccc(-c4ccc(C#N)cn4)cc3C#N)c2)cc1,12.32
N#Cc1cccc(Cn2cnc3c(C#N)nc(-c4ccc(-c5cnn(CCN6CCOCC6)c5)cc4)cc32)c1,14.2
CC(C)CC(=O)c1c(O)c(O)n(-c2ccc(-c3cccc(C#N)n3)cc2)c1-c1ccc(C#N)cc1,10.76
COc1ccc(C(=C(C#N)c2ccc(N)cc2)c2ccc(N)cc2)cc1,16.6
N#Cc1ccc(-c2ccc(-c3cc(C#N)nc(Nc4ccc5c(c4)C(=O)c4ccc(N)cc4C5=O)n3)cc2)nc1,10.64
N#Cc1cccc(-c2ncc(-c3cc(-c4cc(C#N)ccc4C#N)ccn3)cn2)c1,16.88
N#Cc1ccc(-c2nc(C#Cc3ccccn3)cs2)nc1,16.19
N#CC(C#N)=c1ccc(=C(C#N)c2nc(-c3ccc(C#N)nc3)nc(C(NCCCN)c3ccc(C#N)cc3-c3ccc(C#N)cc3)n2)cc1,24.79
N#Cc1ccc(-c2cc(-c3nc(C#N)c4nc[nH]c(=NCc5ccc(-c6ccc(C#N)nc6)cc5)n34)cc(C(F)(F)F)c2)nc1,23.81
N#Cc1ccc(-c2cc(C#N)cnc2C#Cc2ccc(-c3ccc(N)cn3)c(C#N)c2)nc1,27.11
N#Cc1ccc(-c2ccc(-c3nc(-c4ccc(C#N)cc4)oc3-c3ccc(C#N)cc3)cc2)cc1,13.46
Cn1c(C#N)ccc1-c1nc(-c2ccc(-c3ccc(C#N)nc3)cc2C#N)ncc1C#N,17.74
N#Cc1cc(-c2cccc(N)c2)nc(Cl)n1,19.92
N#Cc1ccc2c(c1)CN(CC1(C#Cc3ccc(-c4cncc(C#N)n4)nn3)NC(=O)NC1=O)C2=O,19.7
N#Cc1ccc(-c2cc(-c3ccc(-c4ccc(C#N)nc4)nc3)nc(-c3ccc(C#N)cc3)n2)cc1,15.29
Cc1nc(-c2cc(-c3ccc(C#N)cc3)n(-c3ccc(-c4cccc(C#N)n4)cc3)n2)ncc1C#N,16.57
N#Cc1ccc(-c2cc(-c3ccc(C#N)nc3)nc(-c3cccc(-c4ccncc4)c3)c2)cc1,13.02
Cc1nc(-c2ccc(-c3ccccc3C#N)c(C#N)n2)ccc1-c1cc(-c2ccc(-c3ccc(C#N)cn3)cc2)cc(-c2cccs2)c1,23.6
N#Cc1ccc(-c2nc(-c3cncc(C#N)c3)nc(-c3ccc(-c4ccc(C#N)nc4)c(C#N)c3)n2)nc1,13.34
N#Cc1nnc(C#N)c(-c2ccc(-c3cnc(C#N)c(C#N)c3)c(F)c2F)n1,19.76
N#Cc1ccc(-c2ccc(-c3nc(C(c4ccc(C#N)cc4)c4ccc(C#N)cc4)c(-c4ccc(-c5ccc(C#N)cn5)nc4)nc3C#N)cc2C#N)cc1,17.84
Cn1cnc2cc(-c3cccc(C(F)(F)F)c3)nc(C#N)c2c1=O,23.51
N#Cc1ccc(-c2nc3c(nc2C#N)CN(C(=O)c2ccco2)CC3)cc1,21.89
N#Cc1cc(C#N)nc(-c2c(F)c(F)c(C#N)c(F)c2F)c1,13.27
N#Cc1ccc(-c2ccc(-c3nc(-c4ccc(-c5ccc(C#N)cc5)c(C#N)c4)nc(C4OC(=O)c5ccccc54)c3C(N)=O)cc2)cc1,27.74
N#Cc1ccc(Cn2c(-c3ccc(-c4cccc(C#N)n4)c(C#N)n3)nc3cc(C#N)ccc32)cc1,17.9
Cc1cc(-c2nc(-c3ccc(C#N)nc3)nc(-c3cncc(C#N)c3)n2)cc(C)n1,12.29
N#Cc1cc(-c2cc(=O)n(-c3ccc4ccc(-c5ccc(-c6cccc(C#N)n6)nc5)cc4c3)cn2)ccn1,29.3
N#Cc1ccc(-c2cnc(-c3ccc(-c4ccncc4)cc3-c3ccncc3)cn2)cn1,15.35
C#CC(Cc1cccc(C#N)n1)n1cnc2c(C#N)nc(-c3ccc4ncc(-c5cnc(C#N)nc5)cc4c3)cc21,33.54
N#Cc1cc(-c2ccc(-c3c[nH]c(=N)cn3)c(F)c2)c(-c2ncncn2)c(OC2CC2C#N)n1,23.6
COc1ccc2c(c1C#N)CCC(c1ccc(-c3cnc(C#N)nc3)nn1)=C2c1ccnc(-c2cccc(C#N)c2)c1,31.67
N#Cc1ccc(-c2ccc(-c3cc(-c4cccc(C#N)c4)cc(C#N)n3)nc2)nc1,10.07
N#Cc1cc(-c2cnc(C#N)nc2)cc(-c2ccc(-c3cnc(OCC4CC(F)(F)C4)cn3)cc2)n1,16.45
N#Cc1ccc(-c2cc(-c3ccc(-c4cc5c(ncn5Cc5ccc6ncccc6c5)c(C#N)n4)cc3)nc(-c3cccnc3)c2)cc1,19.95
N#CC=Cc1cccc(-c2ccnc(-c3cc(-c4ccc(C#N)cn4)nc(-c4ccccc4C(F)(F)F)c3C#N)n2)c1,21.42
Cc1nc(C(C)(C#N)c2ccc(-c3cc4[nH]cnc4c(C#N)n3)cc2)sc1-c1ccnc(C#N)c1,27.69
CC(C)=CCCC(C=Cc1ccc(C(=O)Oc2ccc(C#N)cc2)cc1)C(C)(C)C=O,32.09
CCc1c(C#N)ccc(C)c1-c1cc(-c2ccc(C#N)cc2C#Cc2ccc(C#N)cn2)ncn1,26.96
N#Cc1ccc(-c2cc(-c3ccc(-n4c5ccccc5c5ccccc54)cc3)nc(-c3ccc(C#N)nc3)c2)cc1,14.3
COc1ccc(C=Cc2nc(=Nc3nc(N=Cc4ccc(C#N)cc4)nc(-c4ccc(C#N)nc4)n3)cc(C#Cc3ccc(-c4ccc(C#N)cn4)nc3)[nH]2)cc1C#N,28.84
N#Cc1ccc(-c2cccc(-c3nc(-c4ccc(C#N)nc4)cc(-c4ccc(-c5ccc(C#N)c(F)c5)nc4)n3)c2C#N)c(C#N)c1,15.11
N#Cc1ccc(-c2ccc(-c3ncncc3-c3ccc(N)c(C#N)n3)cc2)nc1,22.11
Cc1nc(-c2ccc(-c3cncc(C#N)c3)cc2)c(C)c(C#N)c1O,25.01
C=c1c(=C(C#N)c2nc(-c3ccncc3)ccc2C#N)cc(C#N)c(=O)n1-c1cnc(C#N)c(C#N)n1,31.52
N#CC(C#N)=c1ccc(=C(C#N)c2nc(-c3ccc(C#N)nc3)nc(C(c3ccc(C#N)cc3)c3ccc(C#N)cc3)n2)cc1,13.73
N#Cc1ccc(N2CCN(CN3C(=O)C(=CNc4cccc5c(N)cccc45)c4ccccc43)CC2)cc1,18.57
N#CC(C#N)=c1ccc(=C(C#N)c2nc(C(C#N)=c3ccc(=C(C#N)C#N)cc3)nc(C(C#N)C(=O)C#CC#Cc3ccccc3)n2)cc1,16.13
N#Cc1ccc(-c2cc(-c3cncc(C#N)n3)ccc(=NC(=O)c3nc(CNc4ccc(-c5nc(C#N)c[nH]5)cc4)nc(-c4ncccn4)n3)c2)cc1,38.61
N#Cc1ccc(-c2cc(C=Cc3ccc(-c4ccc(C(=O)O)cc4)cc3)c3ccccc3n2)cc1,18.38
N#Cc1ccc(C#Cc2cnc(-c3ccc(C#N)nc3)cn2)nc1,11.5
N#Cc1ccc(-c2nc(-c3cccc(C#N)n3)nc(-c3ccc(C#N)cc3)c2C#N)cc1,11.29
N#Cc1cccc(-c2ccc(-n3c4ccccc4c4ccccc43)cc2)n1,10.2
N#Cc1ccc(-c2ccc(C#Cc3cccc(C#N)n3)c(-c3ccc(C#N)cc3)c2)cc1,10.28
CC(=O)Nc1ccc(-n2cc(C#Cc3cncnc3)c3cc(-c4ncncn4)ccc32)cc1,29.05
Cc1cc(-n2c(=O)[nH]c(O)c(C=Nc3ccc(N(C)c4cncc(C#N)n4)cc3)c2=O)ccc1C#N,27.55
Cn1cc(-c2ccc(-c3cc4c(c(C#N)n3)c(=N)c(C#N)cn4-c3ccnc(N4CCC(=O)CC4)n3)cc2)cn1,25.18
N#Cc1ccc(C=Nc2ccc(Oc3ccc(C=CC=Cc4cccc(C#N)c4)cc3)cc2)cc1,14.28
COc1cc(-c2nc(N3CC(C)(C)C3)nc(-c3nccc(-c4ccnc(-c5ccc(C#N)nc5)c4)n3)c2C#N)c(C)cc1C#N,18.9
N#Cc1cccc(-c2cnc(-c3cccc(C#N)n3)c(C#N)n2)n1,10.34
N#Cc1ccc(-c2nc(-c3cncnc3)ccc2CNc2cccnc2N2CCCCC2)cc1,35.45
N#Cc1ccc(-c2c(C#N)cc3c(cc(-c4ccc(C#N)nc4)c4cc(-c5cnc(C#N)nc5)ccc43)c2F)nc1,26.86
N#Cc1ccc(-c2ccc(-c3cc(-c4ccncc4)cc(-c4ccsc4)n3)nc2)cc1,23.18
N#Cc1ccc(-c2cc(-c3ccc(-c4ncc(C#N)nc4C#N)cc3)cc(-c3cccc(C#N)n3)n2)cn1,12.86
N#Cc1ccc(-c2ccc(C=Nc3ccc(-c4cc(-c5ccc(C#N)cc5)nc(-c5ccccc5-c5ccc(C#N)cc5)n4)cc3)c(-c3ccc(C#N)cc3)c2)cc1,17.48
N#Cc1ccc(-c2ccc(-c3cc4nc(-c5ccc(C#N)nc5)nc(N5CCOCC5)c4c(C#N)n3)cc2)nc1,13.14
N#Cc1ccc(Nc2ccc3c(C#N)cn(-c4ccc(-c5cccc(C#N)n5)c(C#N)c4)c3c2)c(C(=O)O)c1,25.31
N#Cc1ccc(-c2cc(-c3cnc(C#N)nc3)nc(-n3cccc3-c3ccc(C#N)cc3)n2)cc1,21.51
N#Cc1ccc(-c2ccc(-c3ccc(C#Cc4cccc(C#N)n4)cc3)nc2C#N)cc1,11.55
N#Cc1ccc(-c2cc(-c3ccc(Cl)c(C#N)c3)cc(-c3cccc(C#N)n3)c2)cn1,15.56
N#Cc1cccc(C#Cc2ccc(-c3cnc(-c4cncc(C#N)n4)nc3)cc2C#N)n1,15.36
N#Cc1ccc(-c2ccc(-c3nc(C45CC6CC(CC(C6)C4)C5)oc3-c3ccc(-c4ccc(C#N)cn4)cc3)cc2)nc1,23.0
CC(=O)N1CCN(C(=O)COc2ccc(-c3cc(-c4ccc(C#N)nc4)cc(C#N)c3-c3ccncc3)cc2)CC1,23.39
N#Cc1ccc(-c2ccc(-c3nc(-c4ccc(C#N)nc4)cc(-c4ccccc4C#N)n3)cn2)nc1,9.31
N#Cc1ccc(-c2ccc(-c3ccc(C#N)nc3-c3nccc(C#N)n3)cn2)nc1,9.64
N#Cc1cncc(-c2cc(Nc3ccc4c(c3)CCNC4=O)cc(-c3cnc(C#N)cn3)c2)c1,21.73
N#Cc1cccc(-c2ccc(-c3cnc(-c4ccc(C#N)c(C#N)c4)c(C#N)n3)cc2C#N)n1,14.63
N#Cc1ccc(-c2nc(-c3ccc(OCC(N)CO)c(C#N)c3)nc(-c3ccccn3)n2)cc1,21.29
N#Cc1cccc(-c2ccc3c(-c4ccnc(-c5nc(C#N)cc(-c6ccc(C#N)cc6Cl)c5C#N)n4)ccc(C#N)c3c2)c1,21.53
N#Cc1ccc(-c2c(C#N)cc(-c3ccc(C#N)nc3)nc2C#N)cc1,12.06
N#Cc1ccc(-c2ccc(-c3ccc4cccc(Nc5ccc(-c6cccc(C#N)n6)cc5)c4n3)cc2)nc1,20.88
N#Cc1cccc(-c2ccc(-c3ncc(C#N)cc3C#N)cc2)c1,11.58
Cc1nc(CN(C)Cc2cc(-c3ccc(C#N)cc3)nc(-c3ccc(C#N)cc3)n2)cs1,23.42
N#Cc1ccc(-c2ccc(-n3nc(-c4ccc(-c5ccc(C#N)cc5)c(C#N)n4)c4ccccc43)cc2)cc1,15.83
N#Cc1cccc(-c2ccc(-c3ncc(C#N)c(C#N)n3)nc2C#N)n1,11.78
Cn1ccc(-c2cc(C#N)cc(C(=O)c3ccc(C#N)c(-c4ccc(C#N)cc4)n3)c2)n1,23.81
N#Cc1ccc(-c2ccc(-c3nc(-c4ccc(C#N)nc4)cc(-c4ccc(C#N)nc4)n3)cn2)cn1,9.88
CC(C)(C)c1ccc(C#Cc2ccc(C#CC3C=CC(OC4OC(CO)C(O)C(O)C4O)C(O)C3O)cc2)cc1,25.68
N#Cc1ccc(-c2ccc(-c3nc(C#N)cnc3-c3ccc(C#N)cn3)cn2)nc1,11.39
Cc1cnc(-c2ccncc2)n1-c1ccc(-c2ccc(C#N)cc2)cc1,15.44
N#Cc1cncc(-c2cc(-c3cc(C#N)ccc3C#N)nc(-c3ccc(OC4CCC(C(=O)O)CC4)c(C#N)c3)n2)c1,20.31
N#Cc1ccc(-c2csc3nnc(-c4cnc(N=Cc5cc(C#N)cc(C=O)c5O)nc4)n23)cc1,21.28
N#Cc1ccc(-c2ccc(-c3cc(-c4ccc(C#N)nc4)cc(C#N)n3)cn2)nc1,7.4
N#Cc1ccc(-c2cc(-c3cccc(C#N)n3)cc(=NC3CCC(O)CC3)[nH]2)cc1,19.75
N#Cc1ccc(-c2cccc(-c3c(-c4ccc(C#N)c(C#N)n4)cnc4cc(N)c(N)cc34)c2)cc1,25.87
CCc1nc(-c2nccc(-c3ccc(-c4cnc(C#N)nc4C)c(C#N)c3)n2)c(C#N)c(-c2ccc(C)cc2C)n1,19.92
N#Cc1ccc(-c2cc(-c3cc(-c4ccc(N)cc4)nc(-c4ccc(C#N)cc4)n3)c(C#N)c(-c3ccc(C#N)cc3)n2)cc1,16.38
N#Cc1ccc(-c2ccc(-c3ccc(C#N)c(-c4ccc(C#N)nc4)n3)cc2C#N)cc1,10.54
N#Cc1ccc(-c2cc(C#N)nc(-c3nc(C#N)c[nH]c3=N)c2)cc1,12.52
N#Cc1ccc(-c2cn(-c3ccc(-c4cccc(C#N)n4)cc3)cc2C#N)cc1,10.18
N#Cc1ccc(-c2cc(-c3cc(-c4cccc(C#N)n4)ccc3C#N)nc(-c3ccc(C#N)nc3)n2)cc1,15.52
Cc1cc(C#N)c(Cl)nc1-c1cccc(-c2nc(C#N)nc(-c3cc(C#N)cc(-c4ccc(C#N)n4C)c3)n2)c1C#N,24.09
N#Cc1ccc(-c2ccc(-c3nc(C#N)c(-c4ccc(C#N)c(C#N)c4)nc3N)cc2)cc1C#N,18.19
N#Cc1ccc(C#N)c(-c2cc(-c3cnc(C#N)nc3)cc(-c3ccc(-c4ccc(C#N)nc4)nc3)n2)c1,15.65
N#Cc1ccc(-c2ccc(C#Cc3ccc(-c4ccc(-c5ccc(C#N)cc5)c(C#N)n4)cc3)cc2)cc1,11.51
N#Cc1ccc(-c2cc(-c3ccc(-c4cccc(C#N)n4)cc3)ccc2C#N)cc1,9.08
N#Cc1ccc(C=Nc2sc(C#N)c(-c3ccc(C#N)cc3)c2C#N)cc1,14.6
C#Cc1ccc(-c2cc(-c3ccc(C#N)cc3)cc(-c3ccc(C#N)nc3)n2)c(C#N)c1,22.62
COc1cc(C#N)ccc1Cn1nc(-c2ccc(-c3ccc(C#N)cc3)cc2)ccc1=O,18.75
N#CC(C#N)=c1ccc(=C(C#N)c2nc(C(c3ccc(C#N)cc3)=c3ccc(=C(C#N)c4ccc(C#N)cc4)cc3)cc(-c3ccc(F)cc3)n2)cc1,15.58
N#Cc1ccc(-n2nc(-c3ncnc(-c4ccc(-c5ccc(C#N)nc5)c(C#N)c4)n3)c(C#N)c2-c2ccc(C#N)cc2C(F)(F)F)cc1,15.22
N#Cc1ccc(-n2cc(C#N)c3cc(-c4cnc(C#N)c(C#N)n4)ccc32)c(C#N)c1,10.47
N#Cc1ccc(-c2cnc(-c3ccc(-c4cc(C#N)c5ncnc-5c(C#N)n4)cc3)cn2)cn1,15.85
N#Cc1ccc(-c2nccc(-c3nc(N4CCC(c5ccc(-c6cccc(C#N)n6)nn5)CC4)nc(-c4ccc(C#N)cc4)c3C#N)n2)cc1,26.32
COc1ccc(-n2nc(C)c3ccc(-c4ccc(-n5cc(-c6cnc(C#N)cn6)ccc5=O)c(OC)c4)cc32)cc1,36.86
N#Cc1ccc(-c2ccc(-n3c(N)c(C#N)c(C#N)c3-c3ccc(C#N)c(C#N)n3)cc2)cc1,17.41
N#Cc1ccc(-c2cccc(-c3ncnc(-c4ccc(C#N)nc4)n3)c2)cn1,13.58
N#Cc1ccc(-c2ccnc(-c3cccc(-c4ccc(-c5cnc(C#N)nc5)c(C#N)c4)n3)c2C#N)cn1,14.24
N#Cc1cccc(-c2ccc(-c3ncc4ccccc4c3C#Cc3ccc(N)cc3)cc2)c1,19.0
N#CC(C#N)=c1ccc(=C(C#N)c2nc(C(=O)c3ccc(C#N)c(-c4ccc(C#N)cc4)c3)nc(C(F)(F)F)n2)cc1,11.69
N#Cc1cccc(-c2ccc(-c3nc(-c4ccc(C#N)nc4)cnc3C#N)cc2)c1,13.4
N#Cc1ccc(-c2ccc(-c3ccc(C#N)cn3)nc2)cc1,11.6
N#Cc1ccc(-c2cc(-c3ccc(-c4ccc(C#N)o4)cn3)cc(-c3cccc(C#N)n3)c2)cn1,16.43
N#Cc1cccc(N=c2nc(-c3cnn(-c4cc(C#N)c(C#N)cn4)c3)cc[nH]2)c1,23.66
N#Cc1ncc(-c2ccc(-c3cc4c(ncn4CC4CCNCC4)c(C#N)n3)cc2)cn1,9.36
N#Cc1ccc(-c2ccc(-c3cc(C#N)nn3-c3ccc(N4CCN(C(=O)c5ccc(C#N)nc5)CC4)c(F)c3)cc2)cc1,28.25
N#Cc1ccc2c(c1)c1ccccc1n2Cc1ccccn1,18.2
N#CCCNc1nc(C#Cc2ccc(C#N)cc2)c(C#N)nc1C#N,21.19
C#Cn1nc(-c2ccccn2)cc1-c1cnc(-c2cccc(C#N)n2)c(C#N)n1,18.06
N#Cc1ccc(-c2cc(C#N)n3cc4nc(-c5ccc(-c6cccc(F)c6F)nc5)nc(Oc5ccc(-c6ncncn6)cc5)c4c3c2C#N)cc1,46.52
COc1cc(OC)nc(C(=O)c2cc(-c3ccc(C#N)cc3)c(C#N)cc2-c2ccc(C#N)cc2)c1,19.98
Cc1cc(-c2cc(-c3cc(C(F)(F)F)ccc3C#N)nc(-c3ccc(C#N)nc3)n2)cc(C)n1,18.17
N#Cc1cc(-c2ccc3nccc(Cn4cnc5c(C#N)nc(-c6cncc(C#N)n6)cc54)c3n2)[nH]n1,29.64
N#CC(=C1C(=O)C(C=O)=C(O)C(C=O)=C1O)c1cccc(-c2ccc(C#N)cc2)n1,12.02
N#Cc1ccc(-c2cc(-c3ccc(C#N)cn3)cc(-c3nc(C#N)cnc3C#CCCc3ccccc3)c2)cc1,22.75
Cn1ccnc1-c1ccc(Oc2cc(-c3nc(C#N)c4ncn(CC(=O)O)c4n3)c(F)c(F)n2)cc1,27.29
N#Cc1ccc(-c2ccc(-c3nc(-c4ccc(C#N)nc4)nc(-c4cnc(OCCO)c(C#N)c4)n3)cc2C#N)cc1,16.48
CC1(O)Cc2cc3n(c(=O)c2COC1=O)Cc1cc2cc(-c4ccc5c(c4)OCO5)ccc2cc1-3,35.59
CS(=O)(=O)c1ccc(-c2nc(-c3ccc(C#N)cc3)c(-c3ccc(C#N)cc3)cc2-c2ccc(C#N)cc2)cc1,15.57
Cc1cccc2nc(C#Cc3ccc(-n4ncc(-c5cccnc5)n4)cc3)n(-c3ccc(C#N)cc3)c12,37.98
N#CC=Cc1ccc(-c2cc(-c3ccc(C#N)cn3)nc(N)c2C#N)cn1,20.63
Cc1cc(C#N)c(F)cc1-c1nc(C2CC2)nc(-c2cccc(-c3cccc(C#N)n3)n2)c1C#N,13.27
N#Cc1ccc(-c2cc(C#N)c(-c3ccc(-c4cccc(C#N)n4)cc3)nn2)nc1,15.82
N#Cc1cccc(-c2nc(-c3cnc(C#N)nc3)cc(-c3ccc(C#N)c(C#N)c3)c2C#N)n1,14.7
COc1nc2nc(-c3ccc(C#N)cc3)c(C#Cc3ccc(-c4cncc(C#N)n4)cc3)c(C#N)c2cc1C#N,23.37
Cc1ccnc(CNc2ccc(-c3ccc(-c4cnc(C#N)c(C#N)n4)cc3)cc2C#N)n1,16.6
N#Cc1ccc(-c2nc(-c3ccc(-c4cccc(C#N)c4)cc3)c(-c3ccc(-c4ccc(C#N)cn4)cc3)cc2C#N)cc1,12.87
N#CC(=Cc1cc(C#N)c(O)c(-c2ccc(C#N)cc2)c1)c1nc(C#N)nc(C(C#N)=c2ccc(=C(C#N)C#N)cc2)n1,12.98
CC(C)(C)n1nc(-c2ccc(N=Cc3cc(C#N)cc(C=O)c3O)nc2)nc1-c1cccc(-c2ccc(C#N)cc2C#N)c1C#N,16.84
N#Cc1ccc(CCn2cnc3c(C#N)nc(-c4ccc(-c5ccc(C#N)cc5)cc4)cc32)cc1,10.73
CC(C)Oc1ncc(-c2nc(-c3ccc(C#N)cn3)nc(-c3ccc(C#N)cc3-c3ncccn3)n2)cc1C#N,18.28
Cc1cc(C#N)c(Cl)nc1-c1nc(C#N)cc(-c2nccc(-c3ccnc(-c4ccc(C#N)cn4)c3)n2)c1C#N,16.11
N#Cc1ccc(-c2cc(C#N)nc(-c3ccc(-c4nccc(C#N)n4)cc3)c2)c(C#N)c1,11.71
N#Cc1ccc(-c2cc(C#N)cc(-c3ncnc(N=Cc4cccc(C(=O)O)c4O)n3)c2C#N)cc1,19.71
CC(C)n1cnc(-c2cnc(COc3cc(C#N)ccn3)nc2-c2cnc(C#N)c(C#N)n2)c1,25.79
CN1CCC(COc2[nH]c(=Nc3cc(-c4ncc(C#N)cn4)nc(C(F)(F)F)n3)ccc2C#N)CC1,28.95
N#Cc1ccc(-c2ccc(-c3ccc(-c4nc(C#N)cnc4-c4ccccc4)cc3)cc2)cc1,16.1
N#Cc1ccc(-c2nc(O)c(-c3ncc(-c4ccc(C#N)nc4)c(-c4ccc(C#N)nc4)n3)nc2C#N)c(F)c1,19.91
Cc1nc(C#N)ccc1-c1cc(-c2ccc(C#N)nc2)cc(-c2ccc(C#N)s2)n1,21.64
N#Cc1ccc(-c2ccc(-c3ccc(-c4cnc(-c5cccc(C#N)n5)c(C#N)n4)cn3)cn2)cc1,11.97
N#Cc1ccc(-c2cc(-c3ccc(C#N)cn3)nc(-c3ccc(-c4ccc(C#N)cc4)c(C#N)c3)n2)cc1,12.34
N#Cc1cc(-c2cnc(C#N)nc2)cc(-c2nc(F)c(C#N)c(F)c2F)n1,11.56
N#CC(C#N)=Cc1ccc(Oc2ccc(N=CC=Cc3ccc(C#N)cc3)cc2)cc1,13.99
Cc1ccc(-c2nc(C3CC3)nc(-c3nc(-c4cccc(C#N)n4)nc(-c4cccc(C#N)n4)n3)c2C#N)c(C)c1,13.34
N#Cc1ccc(-c2cc(-c3ccc(C#N)cc3)nc(-c3ccc(-c4cccc(C#N)n4)cc3)c2)cc1,11.48
Cc1nc(-c2ccc(-c3ccc(C#N)cc3)cc2)c(-c2ccc(C#N)cc2)nc1Cc1ccc(F)c(F)c1,18.3
N#Cc1cc(-c2ccncc2)cc(-c2ccnc(C#N)c2)c1,12.67
N#Cc1ccc(-c2cc(C#N)cnc2-c2ccc(C#N)cn2)cc1,12.89
CNC(=O)c1cc(NC(=O)c2cccc(C#N)c2)ccc1-n1ccc(-c2cccc(C#N)c2)cc1=O,23.67
N#Cc1ccc(-c2ccc(C#Cc3ccc(-c4cncc(C#N)n4)cn3)cc2)cc1,12.67
N#Cc1ccc(-c2cc(C#N)nc(-c3nc(-c4ccc(C#N)nc4)nc(-c4ccc(C#N)nc4)n3)c2C#N)cc1,11.09
N#Cc1ccc(-c2ccc(C#CC(=O)C3(OCC#Cc4ccc(-c5cccc(C#N)n5)cc4)CC3)cc2)cc1,28.94
N#Cc1ccc(-c2cc(-c3ccc(C#N)cc3)c(C#N)c(-c3nc(-c4ccc(C#N)c(-c5ccccc5)c4)nc(-c4cccc(C#N)n4)n3)n2)cc1,12.92
N#Cc1ccc(-c2ccc(-c3ccc(C#N)nc3-c3cnc(C#N)nc3OCc3ccccc3)cc2)nc1,18.42
N#Cc1ccc(-c2ncc(-c3ccc(-c4cccc(-c5nc(C#N)ccc5C#N)c4)nc3)nc2C#N)cc1,13.55
Cc1c(-c2cnc(-c3cnc(-c4ccc(C#N)nc4)nc3)c(C#N)c2)nc(-c2ccc(C#N)cc2)n1-c1ccc(F)cc1,24.53
N#Cc1cccc(-c2nc(-c3ccc(OCC(O)CO)c(C#N)c3)nc(-c3ccncc3Cl)n2)n1,26.0
N#Cc1ccc(-c2nc(C#N)c(-c3ccc(-c4ccc(C#N)nc4)cn3)nc2C#N)c(C#N)c1,12.06
N#Cc1ccc(-c2cc(C#N)nc(-c3ccc(-n4c5ccccc5c5ccccc54)cc3)n2)cc1,12.15
N#Cc1ccc(-n2c(-c3ccccc3C#N)cc3cnc(-c4ccc(C#N)cn4)cc32)cc1,18.19
N#Cc1ccc(C=Nc2ccc(-c3nc(-c4ccc(N=Cc5cc(C#N)cc(C=O)c5O)nc4)nc(-c4ccc(C#N)c(F)c4F)n3)cn2)cc1,11.62
N#CC(C#N)=c1ccc(=C(C#N)c2cc(C#N)nc(C(C#N)=c3ccc(=C(C#N)C#N)cc3)n2)cc1,10.27
CC(C)Cn1ncc(-c2ccc(-c3ccc(C#N)cn3)cn2)c1-c1cnc(C#N)c(C#N)n1,15.67
COc1ncc(Nc2nc(C#N)nc(-c3ccc(-c4ncco4)c(C#N)c3)n2)cc1-c1ccnc(C#N)c1,25.42
Cc1nc(CN=c2cc(C#N)nc(-c3cc(-c4ccc(C#N)cn4)nc(-c4ccc(C#N)cn4)c3C#N)[nH]2)sc1C,30.8
N#Cc1ncc(-c2cc(-c3ccncc3)cc(-c3ccsc3)n2)cn1,16.62
N#CC(=Cc1ccc(-c2cc(-c3ncc(C#N)c(C#N)n3)nc(-c3cc(-c4ccc(C#N)cc4)cc(-c4ccc(C#N)cc4)c3C#N)n2)cn1)S(=O)(=O)c1ccc(C#N)cc1,33.95
N#Cc1cc(-c2ccncn2)cc(-c2cccc(-c3ncc(C#N)c(C#N)n3)c2)n1,18.29
N#Cc1ccc(C=CC(=O)c2ccc(-c3cccc(C#N)n3)c(-c3ccc(C#N)s3)c2)cc1,26.04
CN(C)c1ccc(-c2cc3c(ncn3Cc3ccc(-c4ccccc4)cc3)c(C#N)n2)cc1C#N,14.92
COc1cnc(C2CC3(CCN(c4nc(-c5ccc(C#N)nc5)c(C#N)nc4-c4nc(-c5cccc(C#N)c5)c[nH]4)C(C#N)C3)CO2)cn1,42.24
CC(NCc1cc(-c2ccncc2)c(C#N)cn1)c1ccc(C#Cc2ccc(-c3ccc(C#N)cn3)nc2)cc1,28.44
Nc1cccc(O)c1N,17.94
N#Cc1ccc(-c2cc(-c3ccc(C#N)nc3)c(C#N)c(-c3cccc(C(F)(F)F)n3)n2)nc1,15.75
N#Cc1ccc(-c2nc3c(C#N)c(-c4ccc(C#N)nn4)nc(C#N)c3cc2-c2ccc(C#N)nc2)cc1,24.63
N#Cc1ccc(-c2ccc(-c3cccc(C#N)n3)nc2C#N)cc1,11.28
N#Cc1ccc(-c2ccnc(-c3cccc(-c4nc(C#N)ccc4C#N)c3)n2)cc1,17.21
N#Cc1ccc(-c2nc(C#N)cnc2C#Cc2ccc(-c3cncc(C#N)n3)cn2)cc1,13.39
N#Cc1ccc(Cn2cnc3c(C#N)nc(-c4cc(C#N)cc(C#N)c4)cc32)nc1,11.67
N#Cc1ccc(-n2nc(-c3ccc(C#N)nc3)cc2-c2ccc(-c3ccc(C#N)cn3)cc2)cc1,15.31
N#Cc1ccc(-c2cnc(-c3ccc(C#N)nc3)c(-c3ccc(-c4ccc(-c5cccc(C#N)n5)c(C#N)n4)cc3)c2)cn1,19.0
N#Cc1ccc(Oc2ccc(-c3cc(-c4cnc(C#N)nc4)cc(-c4cccc(C#N)n4)c3)cc2C#N)cc1,22.19
N#Cc1ccc(-c2cc(-c3ccccc3C#N)cc(-c3nc(-c4ccc(C#N)nc4)cc(-c4ccc(F)c(C#N)c4)n3)c2C#N)c(C#N)c1,16.14
N#Cc1ccc(-c2ccc(-c3ncc(-c4cnc(-c5ccc(C#N)cc5)cn4)nc3-c3ccc(C#N)cc3)cc2)cc1,12.85
N#Cc1ccn(-c2ccc(NC(=O)c3ccc4c(c3)C(=O)c3cc(-c5cccc(C#N)n5)ccc3-4)cc2)c1,22.35
N#CC(C#N)=c1ccc(=C(C#N)c2nc(-c3ccc(C#N)cc3)cc(-c3cccc(N)c3)n2)cc1,16.1
N#Cc1ccc(-c2ncc(-c3cc(-c4ccc(C#N)nc4)cc(C#N)n3)nc2C#N)cc1,11.64
COCc1nc(C#N)nc(N2Cc3cc(C#N)ccc3C2=O)c1C#N,20.21
N#Cc1cnc(-c2ccc(-c3cc4c(ncn4CC(O)CO)c(C#N)n3)cc2)cn1,15.69
N#Cc1ccc(CN2CCC(c3cc(-c4ccc(C#N)cc4)nc(-c4ccc(C#N)cn4)n3)CC2)cc1,19.39
N#Cc1ccc(-c2nc(-c3cnc(OC4CCC(C(=O)O)CC4)c(C#N)c3)nc(-c3ccc(C#N)cn3)n2)cc1,8.83
N#Cc1cc[nH]c(=Nc2nc(C#Cc3ccc(Br)s3)cc(-c3cnc(C#N)cc4nc(C#N)nc3-4)n2)c1,29.53
COc1ccccc1-c1cc(-c2ccc(C#N)cc2)nc(-c2nc(C#N)cc(-c3ccc(C#N)cc3)c2C#N)n1,16.11
N#Cc1ccc(-c2ncc(-c3ccnc(-c4ccc(C#N)nc4)c3)cn2)nc1,12.51
N#Cc1ccc(-c2ccc(-c3ccc(-c4cccc(C#N)n4)c(C#N)n3)cc2)nn1,13.57
C=Cn1c(O)c(C#N)c(C)c1C=c1ccc(=CNc2ccc(-n3ccc(-c4ccc(C#N)cc4)n3)cc2)c(=O)n1-c1cccc(N)c1,33.14
COc1ccc(Nc2c(-c3ccc(C#N)cc3)nc3ccccn23)cc1OC,21.44
N#Cc1ccc(-c2ccc(-c3cc4c(ncn4Cc4ccc(-c5ccc(C#N)cc5)nc4)c(C#N)n3)cc2)cc1,10.74
C=c1c(C#N)c(O)n(Cc2ccc(C#N)cc2)c(=O)c1=Cc1ccc(C=O)cc1,17.22
N#Cc1ccc(-n2c3ccc(-c4cnc(=N)[nH]c4)cc3c3cccnc32)cc1,21.7
N#Cc1cc(-c2cnc(C#N)nc2)nc(-c2ccc(-c3ncncc3C#N)c3cc(-c4ncncn4)ccc23)n1,22.94
N#Cc1ccc(-c2cc(C#CC#Cc3ccc(C#Cc4ccc(-c5cccc(C#N)n5)cc4)cc3)cc(-c3ccc(C#N)nc3)n2)cc1,22.59
N#Cc1ccc(-c2nc(-c3cnc(-c4ccc(C#N)nc4)c(C#N)n3)nc(-n3ccc4ccccc43)n2)cn1,11.94
Cc1cc(C#N)ccc1-c1nc(N2CCOC(c3ccccn3)C2)nc(-c2nc(-c3ccc(Cl)c(C#N)c3)nn2C)c1C#N,15.32
N#Cc1ccc(-c2ccc(Cn3c(=O)n(-c4ccc(C#N)cc4)c4ccccc43)cc2)cc1,20.98
N#Cc1ccc(-c2nc(-c3ccc(N=Cc4ccc(F)cc4OCC(F)(F)F)nc3)nc(-c3cnc(N=Cc4ccc(C#N)c(C#N)c4O)nc3C#N)n2)c(F)c1F,37.81
N#Cc1cc(-c2ccncn2)nc(-n2cc(C#N)c3ccccc32)n1,9.93
N#Cc1ccc(-c2nc3c(C#Cc4ccccc4)cc(-c4cncc(C#N)n4)cn3c2-c2cccc(C#N)n2)cc1,22.81
C=CC1=C(O)C(=CNc2ccc(C=CC=Cc3cc(C)c(O)c(C=Nc4ncc(-c5cccc(N=Cc6ccc(C=O)cc6)n5)cn4)c3)cc2)C(=O)C(C=O)C1=O,43.02
Cc1cc(-c2cccc(C#N)n2)ccc1N=Nc1cccc2c(N=CN=c3ccc(C#N)c(OCc4ccc(C#N)nc4)nc3C)cc(C#N)cc12,50.2
N#Cc1ccc(-c2csc(-c3ccc(Nc4nc(-c5ccc(C#N)cc5)nc5cc(-c6ncncn6)ccc45)cc3)n2)cc1,19.27
N#Cc1ccc(-c2cc(-c3cccc(-c4ccc(-c5ncc(C#N)c(C#N)n5)cn4)c3F)ccc2C#N)cc1,17.76
N#CC=Cc1ccc(-c2cccc(C#N)n2)c(-c2ccc(-c3ccc(C#N)nc3)nc2)n1,15.41
COc1nc(-c2cc3cccc(-c4ncccn4)c3cn2)ccc1-c1cccc(C#N)n1,29.04
N#Cc1cc(-c2ccnc(-n3cc(C#N)cn3)c2)cc(-c2cccc(C#N)n2)c1,17.3
N#Cc1cc(C#N)nc(C#Cc2cccc(-c3cnc(C#N)nc3)c2)n1,12.71
N#Cc1cccc(-c2nc3c(C#N)cccc3cc2-c2cc3[nH]cnc3c(C#N)n2)n1,21.76
N#Cc1ccc(-c2ccc(-c3cc(-c4ccc(C#N)nc4)cc(C#N)n3)cc2)nc1,12.19
N#Cc1ccc(-c2cc(-c3cccc(C#N)n3)cc(-c3cnc(C#N)nc3)n2)cn1,9.19
Cc1ccc(C#Cc2cccc(C#N)n2)cc1,13.62
N#Cc1cccc(-c2cccc(C#Cc3ccc(-c4ccc(C#N)c(F)c4)c(C#N)c3)n2)n1,18.59
N#Cc1ccc(-c2nnc(-c3ccc(-c4ccc(C#N)nc4)cc3)nc2C#N)cc1,15.42
N#Cc1ccc(-c2ccc(-c3cccc(NC(=O)c4nc(-c5cnc(C#N)nc5)cnc4C#N)c3)nc2C#N)cn1,21.34
N#Cc1ccc(-c2ncc(C#N)nc2-c2ccnc(-c3ccc(C#N)nc3)c2)cc1,10.35
N#CC=Cc1cccc(C#Cc2cc(-c3ncncn3)ccc2N)c1,18.61
COc1ccc(C#Cc2ccc(-c3cnc(C#Cc4ccc(-c5cncc(C#N)n5)cc4)nn3)cn2)nc1C#N,25.36
CCc1nccc(-c2ccc(N=c3nc(-n4ccc5cnc(C#N)cc54)cc[nH]3)cc2)n1,22.96
CN(C(=O)c1ccc(-c2cccc(C#N)c2)nc1C(F)(F)F)c1ccc(C#Cc2ccc(-c3cncc(C#N)n3)nc2)c(F)c1,35.51
Cc1nc(C#N)ccc1-c1nc(-c2ccc(C#N)nc2)cc(-c2nc(-c3cccc(C#N)n3)cc(-c3ccc(C#N)cn3)c2C#N)c1C#N,21.36
N#CC(C#N)=c1ccc(=C(C#N)c2nc(-c3csc(C#N)c3)cc(-c3cccc(C#N)n3)n2)cc1,14.22
N#CC(C#N)=c1ccc(=C(C#N)c2nc(N3CCOCC3)nc(C(C#N)(C#N)c3ccc(C#N)cn3)n2)cc1,14.83
N#Cc1cccc(-c2ccc(-c3nc(-c4ccc(C#N)nc4)nnc3C#N)cc2)c1,9.77
N#Cc1cccc(-c2nc(-c3cncc(C#N)c3)nc(-c3ccnc(-c4cnc(C#N)nc4)c3)n2)c1,17.59
N#Cc1ccc(C#Cc2ccc(C#Cc3ccc(C#N)cc3-c3ccc(C#N)cc3)cc2)cc1,13.08
N#CC=Cc1nc(-c2nc(-c3ccc(OC4CCC(C(=O)O)CC4)c(C#N)c3)nc(-c3ccc(C#N)cn3)n2)ccc1C#N,18.65
N#CC=Cc1nc(C(=O)Nc2cccc(C#N)c2)c(C#N)c(-c2cccc(C(F)(F)F)c2)n1,28.46
N#Cc1ccc(-n2[nH]cc(-c3nc(-c4ccc(F)cc4)cc(-c4cncc(C#N)c4)n3)c2=N)cc1,19.52
Cc1cc(C(=O)Nc2ccc(-c3cccc(C#N)n3)cc2)nn1Cc1nn(-c2ccc(-c3ccc(C#N)cc3)cc2)c2ccc(C#N)cc12,31.03
N#Cc1cncc(-c2nc(-c3cccc4ccccc34)nc(-c3cc(C#N)nc4c(-c5ccc(C#N)nc5)cc(C#N)cc34)n2)c1,27.5
N#Cc1cnc(C#N)c(-c2ccc(-c3cc(-c4ccc(C#N)nc4)nc(-c4cccc(C#N)n4)c3)cc2)c1,18.23
Cn1cc(-c2ccc(C(c3ccc(C#N)nc3)(c3nc(C#N)nc(C(C#N)=c4ccc(=C(C#N)C#N)cc4)n3)C3CC3)cc2)cn1,26.19
N#Cc1ncc(-c2ccc(-c3cccc(-c4cc(Cl)ccc4-c4ncncn4)c3F)nc2)nc1C#N,23.9
N#Cc1ccc(-c2cccc(-c3cc[nH]c(=Nc4ccc(-c5cccc(C#N)n5)cn4)n3)c2)nc1,14.36
N#Cc1ncc(-c2ccc(-c3nc(C#N)c4ncn(CC5CCCO5)c4n3)cn2)cn1,12.78
N#Cc1cccc(-c2cc(C#Cc3ccccc3C#N)nc(-c3cccc(C#N)n3)c2)n1,15.98
N#Cc1ccc(-c2ccc(-c3nc(C#N)cn3-c3cc(N)cc(C#N)c3)cc2)nc1,19.13
CC(C)=CCc1cc(-c2coc3cc(O)c(CC=C(C)C)c(O)c3c2=O)ccc1O,20.16
CC1(C=Cc2ccc(-c3ccc(C#N)cc3)cc2)C=C(C=O)C(=Nc2ccc(-c3ccc(C#N)cc3)cc2)C(=O)O1,21.99
N#Cc1ncc(-c2ccc(-c3cc4c(ncn4CC4CCN(C=O)CC4)c(C#N)n3)cc2)cn1,10.72
N#Cc1ccc(-c2cc(-c3nc(C#N)nc(-c4nc(C#N)nc(-c5c(F)cccc5F)c4C#N)n3)ccn2)cn1,21.33
CCc1nc(C#N)ccc1-c1nc(C#N)cc(-c2ccc(C#N)nc2)n1,22.72
N#Cc1ccc(-c2ccc(-c3cc(-c4cnc(C#N)nc4)cc(-c4ccncn4)c3)nc2)nc1,13.81
CN(C)c1ncc(-c2ccc(-c3cc(-c4ccc(C#N)cn4)nc(-c4ccc(C#N)cc4)n3)c(C#N)n2)cn1,18.54
N#Cc1ccc(-c2cc(-c3ccc(-n4c5ccccc5c5ccccc54)cc3)nc(-c3ccc(C#N)c(C#N)c3)n2)cc1,12.66
N#CCn1cnc2c(C#N)nc(-c3ccc(C#N)nc3)nc21,10.83
N#Cc1cccc(-c2ccc(-c3nc(C#N)c(C#N)nc3C#N)cc2)c1,10.59
N#Cc1cccc(-c2nc(-c3ccc(OCC(F)(F)C(F)(F)F)c(C#N)c3)nc(-c3ccc(C#N)c(F)n3)n2)n1,16.55
N#Cc1ccc(-c2ccc(-c3cnc(-c4ccc(C#N)nc4)c(C#N)n3)cc2)cc1,14.36
N#Cc1ccc(-c2ccc(-c3nc(C#N)c(C#N)nc3C#N)cc2)nc1,8.34
N#Cc1ccc(C#Cc2ccc(-c3nc(C#N)ccc3C#N)cn2)c(-c2ccc(C#N)nc2)c1,13.56
N#Cc1ccc(-c2ccc(C#Cc3ccc(-c4ccc(C#N)cc4)cn3)cc2)cc1,9.51
N#Cc1ccc(-c2nc(-c3ccc(Oc4ccc(-c5cccc(C#N)n5)cc4)c(C#N)c3)nc(-c3cccc(C#N)n3)n2)cn1,16.75
N#Cc1ccc(-c2ccc(-c3cnc(-c4ccc(-c5ccc(C#N)cn5)cc4)n3-c3ccc(-c4cccc(C#N)n4)cc3)cc2)nc1,17.96
N#Cc1ccc(-c2cc(-c3cccc(C#N)n3)nc(-c3ccc(C#N)nc3)n2)cn1,9.74
N#Cc1ccc(-c2ccc(-n3cc(C#N)c(=O)c4cc(-c5ccc(C#N)nc5)c(C#N)nc43)cn2)cc1,22.85
N#Cc1ccc(C#N)c(-c2nc(-c3cc(C#N)c(C#N)c(C#N)c3)cc(-c3ccccc3C#N)n2)c1,18.81
Cc1cc(-c2nc(-c3ccc(C#N)cc3)nc(-c3ccc(C#N)c(-c4ccco4)c3)n2)ncc1C#N,24.0
N#Cc1ccc(-c2cc(-c3ccnc(C#N)c3)cc(-c3ccc(-c4cncc(C#N)n4)cn3)c2)nc1,14.28
N#Cc1cccc(-c2ccc(-c3cnc(C#N)c(-c4ccc(C#N)c(Cl)c4)n3)cc2C#N)c1,13.89
N#Cc1ccc(-c2cc(OCc3cn4cc(-c5ccc(C#N)cn5)cnc4n3)cc(-c3cccc(C#N)c3)c2)nc1,31.5
Cn1cc(-c2ccc(C#N)cn2)ccc1=Nc1ccc(-c2cc(-c3ccc(C#N)cn3)nc(-c3ccc(C#N)cc3C#N)c2)cc1,19.45
N#Cc1ccc(-c2cc(C#N)nc(-c3cccc(-c4ccc(C=Cc5ccc(Cl)cc5)cc4)n3)c2C#N)cc1,19.38
N#Cc1ccc(-c2cc(C#N)ccc2C#Cc2ccc(C#Cc3ccc(-c4nc(C#N)cnc4C#N)c(C#N)c3)cc2)cc1,18.01
N#Cc1ccc(-c2nc(-c3ccc(C#N)nc3)nc(-c3ccc(C#N)c(-c4ccncc4)c3)n2)cc1,12.79
N#Cc1cccc(-c2ccn3c(=N)c(C(=O)NCCc4nc(C#N)cc(C#N)n4)nc(C#N)c3c2)c1,27.48
N#Cc1ccc(-c2cc(C#N)cc(-c3nc(-c4ccc(-c5cccc(C#N)c5)cc4)c(-c4ccc(-c5ccc(C#N)cn5)nc4)[nH]3)c2C#N)cc1,15.13
N#Cc1ccc(-c2ccc(-c3nc(C(c4ccc(-c5ccccc5)cc4)(c4ccc(F)c(C#N)c4)n4ccnc4)cnc3-c3ccc(-c4cccc(C#N)c4)cc3)cc2)nc1,23.48
N#Cc1ccc(-c2ccc(-c3ccc4nc(-c5cccc(C#N)c5)c(C=O)n4c3)cn2)nc1,20.71
N#Cc1ccc(-c2nc(-c3cccnc3C#N)cnc2-c2ccc(-c3ccc(C#N)cn3)cc2)cc1,11.1
Cc1ccc(-c2nc(C)nc(-c3cccc(-c4ncc(-c5cccc(C#N)c5)s4)n3)c2C#N)c(C)c1,17.88
N#Cc1cccc(-c2cc(-c3cnc(C#N)nc3)cc(-c3ncc(-c4ccc(C#N)nc4)c(C#N)n3)c2)c1,16.59
N#Cc1ccc(-c2cc(-c3cc(C#N)cc(C#N)n3)ccc2C#N)cc1,15.3
N#Cc1ccc(-c2cc(C#N)cc(-c3cc(-c4ccc(-c5ccc(C#N)nc5)cn4)nc(-c4cccc(C#N)n4)n3)c2C#N)cc1,19.27
Cc1cc(C#N)c(F)cc1-c1nc(C2CCC2)nc(-c2cccc(-c3nccc(C#N)n3)n2)c1C#N,15.4
N#Cc1ccc(-c2nc(N3CCC(F)(F)C(O)C3)c(-c3cnc(-c4cc(Cl)ccc4C#N)cn3)nc2C#N)cn1,26.02
N#Cc1ccc(-c2cc3c(ncn3Cc3ccc4nc(C#N)cc(-c5ccc(C#N)nc5)c4c3)c(C#N)n2)cn1,15.04
N#Cc1ccc(-c2cc(-c3ccccc3C#N)nc(-c3ccc(C#N)c(-c4ccc(C#N)nc4)n3)n2)cn1,15.76
Cc1onc(-c2cc(-c3ccc(C#N)cn3)ccc2Cl)c1COc1ccc(-c2ccc(C#N)cc2)cc1,25.29
N#Cc1ccc(-c2ccc(-c3ncc(-c4ccc(-c5ccc(C#N)cn5)cc4)nc3-c3ccc(C#N)cc3)nc2C#N)cc1,27.54
N#Cc1cccc(-c2ccc(-c3nccc(-c4nccc(-c5ccc(C#N)nc5)c4C#N)n3)cn2)c1,16.23
N#Cc1cncc(-c2cc(-c3cccc4ccccc34)nc(-c3cncc(C#N)c3)n2)c1,17.11
N#Cc1ccc(-c2cc(-c3ccc(C#N)nc3)nc(-c3cccc4ccccc34)c2)cn1,13.19
N#Cc1ccc(-c2cc(-n3ccc4ccccc43)nc(-c3cnc(-c4cnc(C#N)c(C#N)n4)c(C#N)n3)n2)cc1,14.87
Cc1ncc(C#N)nc1-c1ccc(-c2ccc(C#N)n2-c2ccc(-c3cccc(C#N)n3)cc2)nc1,16.31
N#Cc1ccc(-c2ccc(CNCc3ncc(-c4cc(C#N)ncn4)cc3C#N)cc2)cc1,25.57
N#Cc1ccc(-c2ccc(C=Cc3cc(-c4ccc(C#N)cc4)n[nH]3)nc2)cc1,17.15
N#Cc1ccc(-n2cc(C#N)c(-c3cc(-c4cnc(C#N)cc4C#N)cc(C(C#N)c4ccc(Cl)cn4)c3)n2)cc1,33.61
N#Cc1ccc(-c2nc(-c3ccc(C#N)nc3)ncc2-c2ccc(C#N)cn2)cc1,21.59
Cc1cc(C#N)c(Cl)cc1-c1nc(C2CC2)nc(-c2ccc(F)c(-c3ccc(C#N)cn3)n2)c1C#N,15.29
N#Cc1ccc(-c2c(-c3cccc(C#N)n3)cc(-c3ncncn3)c3cc(-c4ncncn4)c(-c4ncncn4)cc23)cc1,17.93
N#Cc1ccc(-c2nc(-c3ccncc3)cc(-c3ccc(-c4cccc(C#N)n4)cc3)n2)cn1,8.53
N#Cc1ncc(-c2nc(-c3cnc(OC4CCC(C(=O)O)CC4)c(C#N)c3)nc(C(F)(F)F)n2)cn1,17.77
N#Cc1ccc(-c2cc(-c3ccc(C#N)nc3)nc(-[n+]3ccc(-c4ccc(C#N)cc4)cc3-c3ccc(C#N)nc3)c2)cc1,11.65
N#Cc1cncc(-c2ccc(Oc3cc(-c4ccccc4C#N)nc(C#N)n3)cc2)n1,16.68
N#CC(C#N)=c1ccc(=C(C#N)c2nc(C(C#N)=c3ccc(=C(C#N)C#N)cc3)c3ccccc3n2)cc1,11.88
N#Cc1c(C#N)c(N)n(-c2ccccc2)c(=O)c1C#N,14.93
N#Cc1ccc(-c2cc(C#N)ccc2-c2cc(-c3ccccc3C#N)nc(-c3ccc(C#N)nc3)n2)cc1,19.04
N#Cc1ccc(-c2nc(-c3cccc(C#N)c3)cc(-c3ccc(C#N)cn3)n2)cc1,14.13
N#Cc1ccc(-c2ccc(NC(c3ccc(C#N)cc3)c3cccnc3)cc2)cc1,15.23
N#Cc1cccc(-c2ccc(-c3cccc(-n4ccnc4)c3)nc2C#N)n1,22.82
Cc1cc(C#N)nn1-c1nc(-c2ccc(C#N)nc2)cc(-c2cccc(C#N)n2)n1,13.05
Cn1nc(-c2nccc(-c3ccc(C#N)nc3)c2C#N)nc1-c1ccc(-c2ccc(C#N)cc2)cc1,12.97
N#Cc1cccc(-c2ccc(N=c3nc(-c4ccc(-c5ncncn5)cc4)cc(C#N)[nH]3)nc2)n1,11.55
N#Cc1ccc(-c2nc(C#N)cnc2C(=O)Nc2ccc(-c3cccc(C#N)n3)cc2)cc1,15.82
N#Cc1ccc(-c2cc(C(=O)Nc3ccc(C#N)c(C#N)c3)ccc2-c2cccc(C#N)n2)cc1,17.69
N#Cc1ccc(-c2cccc(Cn3nc(Cc4ccc(-c5cccc(C#N)c5)cc4)c(-c4ccc(C#N)cc4)c(C#N)c3=O)n2)cc1,21.24
N#Cc1cccc(-c2ccc(-c3cc(-c4ccncc4)nc(C#N)n3)cc2)n1,11.36
Cc1cc(-c2ccco2)c(C#N)cc1-c1nc(-c2ccc(-c3cccc(C#N)c3)cc2)nn1C,16.53
N#Cc1cccc(-c2ccc(-c3nnc(-c4ccc(C#N)nc4)cc3-c3cccc(C#N)n3)cc2)c1,13.22
Cc1nc(-[n+]2ccc(-c3cccc(C#N)n3)cc2-c2ccc(C#N)nc2)c2cc(C#Cc3ccc(C#N)cc3)ccc2c1C#N,13.19
N#CC=Cc1cc(C=O)c(O)c(C=Nc2ccc(-c3nc(-c4ccc(C#N)nc4)nc(-c4ccc(N=Cc5cc(C#N)cc(C=O)c5O)nc4)n3)cn2)c1,19.48
N#Cc1ccc(-c2cc(C#N)[nH]c(=Nc3ccc(-c4cccc(C#N)n4)cn3)n2)cc1,9.44
N#Cc1cccc(-c2nn(-c3ccc(C#N)c(C#N)c3)cc2-c2nc(C#N)c[nH]2)n1,20.22
N#Cc1ncc(-c2ccc(-c3cc4c(ncn4CC4CC4)c(C#N)n3)cc2)nc1C#N,8.97
N#Cc1cc[nH]c(=Nc2nc(N3CC(N)CC(F)C3)nc(=Nc3ccc(-c4cccc(C#N)n4)cn3)[nH]2)c1,18.32
Cn1c(COC(=O)c2nc(-c3ccc(C#N)cc3)ccc2C#Cc2ccc3nc(Cl)nc(Cl)c3c2)nc(C#N)c1N,40.19
N#Cc1ccc(-c2cc(-c3ccc(C#N)nc3)nc(-c3ccc(-c4nc(Cl)nc(Cl)n4)nc3)c2)cc1,17.5
N#Cc1cnc(-c2ccc(-c3cc4c(ncn4CC(O)CO)c(C#N)n3)cc2)nc1,13.52
N#Cc1ccc(-c2nc(-c3ccc(C#N)nc3)c(C#N)c(O)c2C=Nc2ccc(-c3cccc(C#N)n3)cn2)cc1,13.84
N#Cc1cc(-c2cc(-c3cccc(C#N)n3)cc(-c3cccc(C#N)n3)c2)ccn1,12.52
N#Cc1ccc(-c2cc(-c3ccc(C#N)cc3)nc(-c3ccc(N=Cc4ccc(-c5cccc(-c6ccccc6C#N)n5)cc4)cc3)n2)cc1,19.63
CC(C)(C)Cn1cnc2c(C#N)nc(-c3ccc(-c4cnc(C#N)nc4)nc3)cc21,12.52
N#Cc1ccc(-c2nc(-c3cc(C#N)c(C#N)cn3)nn2-c2ccc(-c3ccc(O)c(C#N)c3)cc2)cc1,20.57
Cc1cccc(N=C2N=C(c3ccc(C#N)c(C#N)c3)C3(CCc4cc(C#N)ccc43)N=C2c2ccc(C#N)cc2)c1,44.5
N#Cc1ccc(-c2ccc(-c3cc4c(ncn4Cc4cccc(-c5ncc(C#N)cn5)c4)c(C#N)n3)cc2)nc1,12.53
N#Cc1ccc(-c2cc(-c3ccccc3C#N)c(C#N)c(=N)[nH]2)cc1,15.39
N#Cc1ccc(-c2cc(-c3ccc(C#N)cc3)nc(-c3ccc(C#N)nc3-c3ccc(-c4cccc(C#N)c4)cc3)c2)cc1,10.48
N#Cc1ccc(-c2cc(-c3cccc(C#N)n3)cc(-c3ncncn3)c2)cn1,13.66
Cn1nc(-c2cnc(C#N)cn2)c(C#Cc2ccc(-c3ccc(C#N)cc3)cc2)c1-c1ccc(Br)cc1,21.53
CCc1nc(-c2nc(-c3ccc(C#N)nc3)cc(-c3ccc(C#N)nc3)n2)c(C#N)c(-c2ccc(C)cc2C)n1,15.69
N#Cc1ccc(-c2cc(C#N)nc(-c3ccc(-c4ccnnc4)cc3)c2)cc1,18.62
N#Cc1ccccc1-c1cc2c(ncn2Cc2ccc(-c3ccccc3)cc2)c(C#N)n1,14.28
N#Cc1ccc(C#Cc2ccc(-c3nc(C#N)ccc3-c3ccc(-c4cnc(C#N)nc4)cc3)cn2)nc1,15.52
N#CCn1cc(-c2ccc(-c3cc4c(ncn4Cc4cncc(C#N)n4)c(C#N)n3)cc2)cn1,15.39
N#Cc1ccc(-c2ccc(-c3oc4cc(C#N)ccc4c(=O)c3Cl)cc2)nc1,24.57
N#Cc1ccc(-c2cc(-c3ccc(C#N)c4nc(C#N)ccc34)nc(-c3cccc(-c4ccc(C#N)cn4)c3C#N)n2)cc1,19.55
N#Cc1ccc(-c2ccc(-c3ccc(-c4cccc(C#N)n4)cn3)cn2)nc1,12.34
N#CC(C#N)=C1C(=O)C(C=O)=C(O)C(C=O)=C1O,10.05
C=CC(=O)n1nc(-c2ccc(C#N)cc2)cc1-c1cc(-c2ccc(C#N)nc2)nc(-c2ccc(C#N)cc2C#N)c1C#N,27.7
Cc1ccccc1-c1nc(C#N)cc(-c2cc(-c3ccc(C#N)cc3)nc(-c3ccc(C#N)cn3)n2)c1C#N,18.2
COCc1nc(C#N)nn1-c1ccc(-c2cc(-c3cccc(C#N)n3)cc(C#N)n2)cc1,18.97
CC#CC(=O)N1CCC(Cn2cnc3c(C#N)nc(-c4cncc(C#N)c4)cc32)CC1,14.94
N#Cc1ccc(-c2cccc(-c3nc(-c4ccc(C#N)nc4)cc(-c4cccc5ccccc45)n3)c2C#N)nc1,12.73
N#Cc1ccc(-c2ccc(-c3nc(C#N)ncc3C#N)cc2C#N)cn1,9.17
Cc1nc(-c2ccc(-c3cccc(C#N)n3)c(C#N)n2)cnc1-c1ccc(-c2nccc(C#N)n2)cn1,14.92
N#Cc1ccc(-c2cc(OCc3ncc(-c4cccc(C#N)n4)cn3)cc(-c3cccc(C#N)n3)c2)cc1,18.42
N#Cc1ccc(-c2nc(-c3ccc(-c4cccc(C#N)c4)cc3)c[nH]2)cc1,12.65
N#Cc1ccc(-c2ccc(-c3ccc(-c4nc(-c5ccc(-c6ccc(C#N)cn6)cc5)nc(-c5ccc(C#N)cc5)c4-c4ccncc4)cc3)cc2)cc1,23.15
N#Cc1ccc(CNC(=O)c2ccc(-c3cc(-c4cccc(C#N)n4)cc(C#N)n3)cc2)nc1,16.37
N#CC(C#N)=c1ccc(=C(C#N)c2nc(-c3ccc(C#N)nc3)cc(-c3cccc(C#N)c3)n2)cc1,10.58
CN1CCC(N(C)c2cc(-c3cccc(C#N)n3)nc(-c3ccc(C#N)cn3)n2)CC1,20.25
N#Cc1ccc(Nc2ccc3c(c2)C(=O)C(=O)c2ccc(N)cc2C3=O)cc1,11.06
N#Cc1ccc(-c2ccc(-c3ccc(N=C(N)c4ccc(-c5ccc(C#N)cc5)cn4)cc3)cc2)cc1,14.61
N#Cc1nc(C#N)c(N=CN2CCN(C=O)CC2)nc1C#N,12.85
Cc1ccc(-c2c(C#N)c(-c3nc(-c4ccc(C#N)nc4)cc(-c4ccc(-c5ccc(C#N)cn5)nc4)n3)nn2-c2ccncn2)c(C)c1,20.49
N#Cc1ccc(-c2cc(-c3ccc(-c4nccc(C#N)n4)cc3)cc(-c3ccc(C#N)c(F)c3)c2)nc1,16.28
N#CC=Cc1cccc(-c2nc(-c3ccc(C#N)nc3)cc(-c3cnc(C#N)nc3)n2)n1,14.51
N#Cc1ccc(-c2ccc(-c3cc(-c4ccc(C#N)cc4)nn3-c3ccc([N+](=O)[O-])cc3C#N)cc2)cc1,19.3
N#Cc1ncc(-c2nc(-c3ccc(C#N)c(C#N)n3)cc(C3CC3)n2)cn1,20.51
N#Cc1cccc(-c2ccc(-c3cc4c(ncn4Cc4ccc(-c5ccccc5)cc4)c(C#N)n3)cc2)n1,10.05
Cc1cc(Nc2ccc(C#N)cc2)n2nc(C)c(-c3ccc(Cl)cc3)c2n1,19.5
N#Cc1ccc(-c2ccc(-c3nc(-c4ccc(C#N)cn4)nc(N4CCCC4c4ncc(Cl)cn4)n3)cc2)cc1,18.73
N#Cc1ccc(-c2ccc(C#Cc3nc(-c4ccc(C#N)o4)c(C#N)nc3-c3cccc(C#N)n3)cn2)nc1,15.72
N#CC=Cc1cc(-c2ccc(C#N)cn2)cc(-c2ccc(C#N)cn2)n1,12.83
N#Cc1cc(-c2cncnc2)c(-c2ccc(-c3ccc(C(=O)O)nc3)nc2)nn1,26.48
N#Cc1ccc(-c2ncc(-c3ccc(Cl)cn3)c(C#Cc3ccc(-c4ccc(C#N)cn4)cc3)n2)cc1,14.5
N#Cc1ccc(-c2ccc(-c3nc(-c4ccc(C#N)cc4)cn3-c3ccccn3)cc2)cc1,15.81
N#Cc1cnc(C#N)c(-c2ccc(-c3ccc(-c4nc(Cl)nc(Cl)n4)cc3C#N)cc2)n1,15.1
N#Cc1cncc(Cn2cnc3c(C#N)nc(-c4ccc(-c5cnc(C#N)nc5)c(C#N)c4)cc32)n1,12.97
N#Cc1ccc(-c2cccc(-n3nc(-c4ccc(-c5ccnc(C#N)c5)nc4)ccc3=O)c2)cn1,24.04
N#Cc1ccc(-c2nnc(COc3ccc(-c4cccc(C#N)n4)cc3)nc2-c2ccc(-c3ccc(C#N)cn3)cc2)cc1,17.15
N#Cc1ccc(-c2cc(-c3ccc(C#N)nc3)nc(-c3cc(-c4ccc(C#N)nc4)nc(C(C#N)C#N)n3)c2C#N)cc1,19.58
N#Cc1cccc(-c2ncc(-c3cncc4ccccc34)nc2C#N)n1,12.51
Cn1nc(-c2ccc(-c3ccncn3)c(N(CCC#N)C(=O)C3CCC(C#N)CC3)c2)nc1-c1cccc(-c2ccc(C#N)cc2C#N)c1C#N,35.63
CC(C)(c1ccc(C#N)c(-c2cccs2)c1)c1nc(C(C#N)=c2ccc(=C(C#N)C#N)cc2)nc(C(F)(F)F)n1,17.48
N#Cc1nc(-c2ccc(-c3ccncc3)nc2)cc2c1ncn2CC1OC(CO)C(O)C1O,17.05
N#Cc1ccc(-c2ccc(-c3cc4c(ncn4Cc4ccc(-c5ccncc5)nc4)c(C#N)n3)cc2)cc1,12.2
N#Cc1ccc(-c2cc(-c3cncc(C#N)n3)cc(-c3ccc(C#N)n3Cc3ccc4c(c3)OCO4)c2C#N)nc1,24.32
COc1cc(C2=NCCN2)ccc1-c1nc(-c2ccc(C#N)cc2)nc(-c2ccc(-c3ccc(C#N)cc3)cn2)n1,15.43
N#CC=Cc1cc(-c2cncc(C#N)c2)cc(-c2nc(C#N)cc(-c3cccc(C#N)n3)n2)n1,14.83
N#Cc1cccc(-c2ccc(-c3nc(C#N)cc(-c4ccc(C#N)nc4)n3)cc2C#N)c1,11.27
N#Cc1ccc(-c2nc(C#Cc3ccc(C#N)nc3)ncc2-c2ccc(C#N)cn2)cc1,16.52
CCOC(=O)c1ccccc1-c1nc(-c2ccc(C#N)nc2)cc(-c2nc(C)nc(-c3cccc(C#N)c3)n2)c1C#N,20.78
N#Cc1cccc(-c2ccc3c(c2)c(C#N)cn3-c2ccc(-c3cccc(C#N)n3)cc2)c1,17.06
Cn1ccc(-c2ccc(-c3cc4c(ncn4Cc4ccccn4)c(C#N)n3)cn2)n1,20.4
N#CC=Cc1ccc(-c2ccc(Nc3ncc(C#N)cc3-c3cnc(C#N)c(C#N)n3)cc2)o1,19.71
N#Cc1ccc(-c2nc(C#N)c3ncn(CCN=C(N)N)c3n2)cn1,19.72
Cc1nc(C)c(CN2CCc3c(c4ccccc4n3-c3ccc(C#N)cc3)C2)nc1C,31.67
N#Cc1ccc(Nc2nc(-c3c(F)c(F)c(C#N)c(F)c3F)nc(-c3ccc(-c4cccc(C#N)c4)cc3)c2C#N)cc1,20.5
Cn1cc(-c2ccc(-c3cc(-c4cccc(C#N)n4)nc(-c4ccc(C#N)nc4)n3)c(C#N)n2)cn1,20.03
N#Cc1cccc(-c2ccc(-c3cc(C#N)c(C#N)nn3)cc2)c1,12.58
COc1nc(C#N)c(-c2ccc(C#N)cc2)cc1-c1nc(C#N)cc(-c2nc(-c3ccc(C#N)nc3)cc(-c3ccc(OC(C)C)c(C#N)c3)n2)c1C#N,20.61
N#Cc1ccc(-c2nc(-c3ccc(-c4ccc(C#N)cc4)c(C#N)c3)nc(-c3ccc(C#N)nn3)n2)cc1,11.09
CC(C)c1cnc(-c2nc(-c3cncc(C#N)c3)nc(-c3ccc(-c4ccc(C#N)cc4)c(C#N)c3)n2)cn1,23.36
N#Cc1ccc(-c2ccc(C=Cc3ccc(-c4ccc(C#N)cc4)c(C#N)c3)s2)cc1,18.52
N#Cc1ccc(-c2ncc(-c3ccc4c(-c5noc(-c6ccc(C#N)nc6)n5)cccc4c3)nc2-c2ccc(C#N)cc2)cc1,23.01
Cc1cc(=O)c2ccc(C#N)cc2n1-c1ccc(-c2ccc(C#N)cc2)cc1,12.37
N#Cc1ccc(-c2cc3c(=NCc4cccc(-c5ccccn5)c4)[nH]cnc3c(C#N)n2)cc1C#N,19.42
N#Cc1cncc(-c2cccc(-c3nc(C#N)nc(C#N)n3)n2)c1,15.83
N#Cc1ccc(-c2nc(-c3cnc(OC4CCC(C(=O)O)CC4)c(C#N)c3)nc(-c3cccc(C#N)n3)n2)cc1,9.77
Cc1nc(Cn2cnc3c(C#N)nc(-c4ccc(-c5ccc(C#N)cn5)cc4)cc32)cc(-c2ccc(C#N)nc2)c1C#N,13.86
N#Cc1ccc(C(F)(C(=O)NC2CC2)c2nc(-c3ccc(-c4cnc(C#N)cn4)c(C#N)c3)c(C#N)nc2C#N)cn1,31.3
N#Cc1cc(F)c(C#N)nc1-c1ccc(-c2c(C#CC3(O)CCCCC3)ccc3nc(C#N)c(C#N)nc23)cc1,39.97
N#Cc1ccc(-c2nc(C#N)ccc2C#Cc2cc(-c3cnc(C#N)nc3)nc(-c3ncc(C#N)cn3)n2)cc1,17.61
N#Cc1ccc(C2CC(C(N)=NCc3ccc(-c4ccncc4)nc3)=NC(=O)N2C(c2ccc(C#N)cc2)c2cccc(C#N)n2)cc1,39.57
N#Cc1cccc(-c2ccc(C#Cc3ccc(-c4ncc(C#N)cc4C#N)cn3)cn2)c1,16.25
Cc1cc(C)c(-c2nc(N3CCN(S(=O)(=O)c4ccc(C#N)cc4)CC3)nc(-c3cc(-c4ccc(C#N)nc4)cc(-c4ccc(C#N)nc4)n3)c2C#N)c(C)c1,28.13
N#Cc1ccc(-c2nc(N)c(-c3ccc(Cl)cc3)nc2C#N)cc1,13.49
CCn1c(C#N)ccc1-c1cc(C#N)nc(-c2ccc(-c3ncc(C#N)c(C#N)n3)cc2)c1,15.83
N#Cc1ccc(-c2cc(-c3cccc(C#N)n3)nc(-n3ccc4ccccc43)n2)cc1,13.41
N#Cc1ccc(-c2ccc(-c3noc(C4CC(=O)N(c5ccc(C#N)cc5)C4)n3)cc2F)cc1,22.92
N#Cc1ccc(-c2cc(-c3ccc(-c4cccc(C#N)n4)cc3)nc(-c3ccc(C#N)nc3)n2)cn1,9.67
N#Cc1ccc(-c2ccc(-c3ncnc(-c4ccc(-c5ccc(C#N)nc5)c(C#N)c4)n3)cn2)nc1,10.68
N#Cc1ccc(-c2ccc(C(c3ccc(C#N)cc3)n3cncn3)cc2)cc1,13.3
C#CCOc1nc(-c2ccc(C#N)nc2)c(C#N)nc1-c1ccc(-c2ccc(C#N)cn2)nc1,12.34
CCc1nccn1-c1ccc(-c2nc3cc(-c4ccc(C#N)cc4)ccc3n2-c2ccc3cc(C#N)ncc3c2)c(F)c1,34.72
CN(Cc1ccccc1)c1cc(Nc2ccc(-c3nc(-c4ccc(C#N)cc4)cs3)cc2)nc(C#N)n1,19.54
Cc1nc(-c2ccc(-c3ccc(C#N)nc3)cc2)c(-c2ccc(C#N)cc2)cc1-c1ccc(-c2ccc(C#N)cn2)cc1,23.82
N#Cc1ccc(-c2ccc(-c3nc(C#N)ncc3-c3ncc(C#N)cn3)cn2)nc1,13.55
N#Cc1ccc(-c2cc(-c3ccc(OCc4ncc5ccccc5n4)cc3)cc(-c3ccnc(-c4c(F)cc(OCC(=O)O)cc4F)c3C#N)n2)cc1,36.15
N#Cc1ccc(-c2cc(-c3ccc(C#N)nc3)cc(-c3nc(C#N)c(-c4ccc(C#N)cc4)o3)c2)cc1,14.32
N#Cc1ccc(-c2cc(-c3ccc(-c4nccc(C#N)n4)cc3)nc(-c3ccc(C#N)nc3)n2)cn1,11.06
Cn1c(C#N)ccc1-c1ccc(-c2ccnc(-c3ccc(C#N)cn3)c2)cc1C#N,13.4
N#Cc1cccc(-c2ccc(COc3cc(-c4cccc(C#N)n4)cc(-c4cccc(C#N)n4)c3)nc2)n1,14.17
Cc1cc(C#N)ccc1-c1c(C#N)c(-c2nc(-c3ccc(-c4ccc(C#N)nc4)nc3)nn2C)nn1-c1ccc(C#N)cc1,14.81
Cc1nc(N2CCOCC2)c(C#N)c(-c2ccc(C#N)cc2)c1C#N,11.88
N#Cc1cncc(-c2nc(-c3ccc(C#N)nc3)nc(-c3cc(-c4cnc(C#N)nc4)ccc(=N)n3)n2)c1,21.88
CN=c1ccc(-c2nc(N3CCC(C(=O)Nc4cccc(C#N)c4)CC3)c3c(ccc4c3n(-c3ccc(C#N)cc3C#N)c(=O)n4C)n2)c[nH]1,45.32
COc1nc(-c2ccc(F)cc2)c(-c2coc(-c3ccc(C#N)cc3)c2C#N)nc1-c1ccc(-c2ccc(C#N)nc2)nc1,29.83
N#Cc1ccc(-c2cncc3cc(-c4ccc(OCC5CC5)c(C#N)c4)ccc23)nc1,19.66
N#Cc1ccc(-c2ccc(Cc3cc(C#N)c(=O)n(Cc4ccc(-c5cccc(C#N)c5)cc4)n3)cc2)cc1,17.5
N#Cc1ccc(-c2cc(-c3cnc(C#N)nc3)cc(-c3ncnc(-c4ccc(C#N)nc4)n3)c2)cc1,14.26
N#Cc1cccc(C2C(OCCF)OC(=O)N2C2CCCCC2)c1,36.87
N#Cc1ccc(Nc2oc(C=Cc3ccc(Br)s3)nc2C#N)cc1,14.56
COc1cnc(-c2ccc(-c3cc(-c4ccc(C#N)nc4)cc(C#N)n3)cc2)cn1,12.75
N#Cc1ccc(-c2ccc(-c3cc4ncn(Cc5ccc(-c6ccccc6-c6nccc(C#N)n6)cc5)c(=O)c4c(C#N)n3)cc2)nc1,17.26
N#Cc1ccc(-c2nc(-c3ccc(OC4CCCC4)c(C#N)c3)nc(-c3cccc4ccccc34)n2)cn1,15.48
N#Cc1ccc(Cn2nc(C#N)nc2-c2cnc(-c3ccc(C#N)nc3)nc2)cn1,24.04
N#Cc1ccc(-c2cc(-c3cc(C#N)ccc3C#N)cc(-c3cccc(C#N)n3)n2)nc1,13.19
Cc1cc(C#N)c(Cl)cc1-c1c(C#N)c(-c2nc(-c3ccc(-c4cccc(C#N)c4)cc3)nn2C)nn1C,11.13
N#Cc1cccc(C#Cc2ccc(-c3ccn(-c4cnc(C#N)c(C#N)n4)c3)cc2)n1,16.59
N#Cc1ccc(-c2cc(-c3ccc(C#N)nc3)nc(-c3cccs3)c2)cc1,16.81
N#Cc1ccc(-c2ccc(Cc3nc(-c4ccc(C#N)nc4)nc(-c4ccc(C#N)nc4)n3)cc2)cc1,11.06
N#Cc1ccc(CNCc2coc(-c3ccc(C#N)cc3)n2)cc1,16.63
N#Cc1ccc(-c2ccc(-c3cc(C#N)nc(-c4ncc(C#N)cc4F)c3)cn2)nc1,19.51
N#Cc1ccc(-c2cc(-c3ccc(-c4cnc(-c5ccc(C#N)nc5)nc4)cc3)nc(-c3ccc(C#N)cn3)c2)cc1,19.98
N#Cc1ccc(C#CC#Cc2ccc(C(c3ccc(C#N)cc3)c3ccc(N)c(C#N)c3)cc2)cc1,17.21
N#CC(=Cc1cn(-c2ccccc2)nc1-c1ccc(C#N)cc1)c1nc(C(C#N)=c2ccc(=C(C#N)C#N)cc2)nc(-c2ccc(C#N)nc2)n1,13.14
N#Cc1ccc(C=Cc2nc(C#N)c(Nc3ccc(C#N)c(C(F)(F)F)c3)nc2C#N)cc1,12.1
N#Cc1ccc(C2=C(CN=C=S)C(O)=C(C=O)C(=O)C2=O)cc1,11.75
COc1nc(C#N)cc(C)c1C(=O)NCc1ncc(-c2cccc(-c3ccnc(-c4ccc(-c5cccc(C#N)n5)c(C#N)n4)c3F)n2)s1,35.67
N#Cc1ccc(-c2cc(C#N)c(-c3cnc(C#N)nc3)nc2-c2ccc(C#N)nc2)nc1,15.01
N#Cc1cccc(-c2cc(-c3cccc(C#N)n3)nc(-n3ccc(-c4cncnc4)c3)c2)n1,15.66
Cc1cc(C#N)ccc1-c1cc(C#N)cc(C(C#N)c2nc(-c3ccc(C#N)nc3)cs2)c1,20.22
COC(=O)c1ccc(-c2ccc(-c3ccc(C#N)cc3)cc2)n1-c1ccc(-c2ccc(C#N)cc2)cc1,16.56
N#Cc1ccc(N=c2[nH]c(Nc3ccc(Oc4ccc(C#N)cc4)cc3)nc(=NCCc3ccccc3)[nH]2)cc1,23.04
N#Cc1ccc(-c2ccc(-c3cc(-c4ccccc4C#N)cc4ccnc(C#N)c34)cc2F)nc1,22.26
CC1(C)C(=O)Nc2c1nc(-c1ccc(C#N)cc1)[nH]c2=NCc1ccc(-c2cccnc2)cc1,24.76
N#Cc1ncc(-c2ccc(-c3cc4c(ncn4Cc4ccc(N)c(C#N)n4)c(C#N)n3)cc2)cn1,12.41
N#Cc1cnc(-c2ccc(-c3cc(-c4cncc(C#N)n4)cc(C#N)n3)cn2)cn1,12.21
N#Cc1ccc(-c2ccc(-c3nc(-c4ccc(C#N)cc4)cn3-c3ccc(F)cc3F)cc2)cc1,16.21
CCN1CCN(Cc2cc(C#Cc3ccc(-c4cccc(C#N)n4)cc3)ccc2C#N)CC1CCO,30.01
COc1ncc(-c2ccc(N=Cc3c(-c4ccc(C#N)cc4)nc(-c4ccc(C#N)cc4C#N)c(C#N)c3O)nc2)cc1C#N,12.19
COc1cc(C#N)ccc1C#Cc1c(F)c(N)c2c(=O)c(C#N)c3sc4ccccc4n3c2c1F,29.55
N#Cc1cccc(C(=O)c2cnc(-c3cccc(C#N)c3)cc2C#N)c1,23.86
N#Cc1ccc(-c2nc(C#N)c(-c3ccc(-c4cnc(-c5ccc(C#N)c(F)c5F)c(C#N)n4)cn3)nc2C#N)cn1,17.9
N#Cc1ccc(-c2ccc(-c3cc(C#Cc4nccc(C#N)n4)c4cccnc4c3C#N)cn2)nc1,25.69
N#Cc1ccc(-c2nc(-c3ccc(C#N)cn3)c(C(N)=O)nc2-c2ccc(-c3ccc(C#N)cn3)cn2)cc1,19.47
N#Cc1ccc(C(=O)c2c(O)c(O)n(-c3ccc(-c4ccoc4)cc3)c2-c2ccc(C#N)cc2)cc1,14.73
N#Cc1ccc(-c2cn(-c3ccc(-c4cccc(C#N)n4)cc3)c(-c3ccc(C#N)cc3)c2-c2ccc(C#N)cc2)cc1,11.43
Cc1cc(C#Cc2ccc(-c3ccc(C#N)cn3)nc2C#Cc2ccc(-c3cccc(C#N)n3)cc2)nc(C)n1,15.75
Cc1nc(C)c(C#Cc2ccc(-c3ccc(C#N)nc3)c(C#N)c2)c(-c2ccc(C#N)c(Cl)c2)n1,21.86
N#Cc1ccc(-c2ccc(-c3nc(-c4ccc(C#N)cc4)n(CNc4ccc(C#N)c(C(F)(F)F)c4)n3)cc2)cc1,15.41
N#Cc1ccc(-c2ccc(C#Cc3ccc(-c4noc(-c5ccc(C#N)cc5)n4)nc3)cc2)cc1,16.63
Cc1nc(-c2ccc(C#N)nc2)cc(-n2cnnc2-c2cccc(C#N)n2)n1,20.91
C=C(c1ccc(C#N)cc1)c1nc(-c2ccc(-c3ccc(C#N)cc3)c(C#N)n2)c(C#N)nc1-c1ccc(-c2ccc(C#N)cc2)cc1,19.51
N#Cc1cnc(-c2ccc(-c3ccnc(-c4c(Cl)c(N)nc(-c5cc(C#N)ccc5C(F)(F)F)c4C#N)n3)cc2)nc1,25.64
N#Cc1ccc(C#N)c(-c2ccc(-c3ccnc(-c4cnc(C#N)nc4)n3)cc2)n1,17.38
N#Cc1ccc(COc2ccccc2-c2cnc(-c3cccc(C#N)n3)c(C#N)n2)nc1,15.23
Cc1ccc(-c2ccc(C#N)cc2)n1-c1ccc2nc(C#N)cc(-c3cnc(C#N)c(C#N)n3)c2c1,23.71
N#Cc1ccc(NC(=O)c2ccc(NC=C3C(=O)C(=CNc4ccc(N)cc4)C(=O)C(=CNc4ccc(N)cc4)C3=O)cc2)cc1,10.77
N#Cc1ccc(-c2csc(-c3ccc(C=Nc4cccc5ccccc45)cc3)n2)cc1,18.15
N#Cc1cccc(-c2ncc(-c3nc(-c4ccc(C#N)nc4)nc(-c4cccc(C#N)n4)n3)cc2C#N)c1,13.46
N#Cc1ccc(-c2ccc(-c3ncc(C#CCOc4cc(-c5cccc(C#N)n5)cc(-c5cccc(C#N)n5)c4)nc3-c3ccc(C#N)cc3)cc2)cc1,22.73
N#Cc1ccc(-c2ccc(-c3ccc(-c4cc(-c5ccc(-c6cnc(C#N)cn6)cc5)c(C#N)nn4)c(Cl)c3)nc2C#N)cc1,21.88
N#Cc1ccc(-c2cc(-c3ccc(C#N)c(Cl)c3)cc(-c3ncc(C#N)cn3)c2)nc1,14.33
N#CCCCC#Cc1ccc(-c2nc(-c3ccc(C#N)cc3)cs2)c(-c2ccc(C#N)o2)c1,29.27
N#Cc1ccc(-c2nc(-c3cc(-c4cccc(C#N)n4)cc(-c4ccc(CC(C#N)Nc5ccccc5)cc4)n3)ncc2C#N)cc1,33.49
N#Cc1ccc(-c2cc(-c3ccc(C#N)cc3)nc(Nc3cc(Br)c(Br)s3)n2)cc1,10.14
N#Cc1ccc(-c2cc(C=Cc3cccc(C#N)n3)nc(-c3ccc(-c4cccc(C#N)n4)c(C#N)n3)n2)nc1,16.09
Cn1cc(-c2cccc(Cn3cnc4c(C#N)nc(-c5ccc(-c6ncc(C#N)cn6)nc5)cc43)c2)cn1,15.29
N#Cc1ccc(C(=O)C=Cc2ccc(Br)c(NC3=NCC(F)C3)c2)cc1,23.85
Cc1cc(C#N)c(F)cc1-c1nc(N2C(=O)C(C(N)=O)C2c2ccc(C#N)cc2)nc(-c2nc(-c3ccc(C#N)nc3)cc(-c3cccc(C#N)c3)n2)c1C#N,21.28
N#CC(C#N)=c1ccc(=C(C#N)c2nc(C#N)c3nc(Cl)c(C#N)cc3n2)cc1,17.55
N#CCCn1cnc2c(C#N)nc(-c3cc(-c4cnc(C#N)nc4)cc(C#N)n3)nc21,18.65
N#Cc1ccc(-c2cc(C#N)c(-c3ccc(-c4cnc(C#N)nc4)c(C#N)c3)nc2C#N)nc1,20.09
Nc1ccc2nc3cc(N)c(N)cc3nc2c1,12.45
N#Cc1ccc(-c2nc(-c3ccc(C#N)nc3)cc(-c3ccc(C#N)cn3)n2)cc1,10.95
N#Cc1ccc(-c2cc(Oc3ccc(-c4cccc(C#N)n4)cc3)c(C#N)cc2C#N)cn1,16.08
CN1CCC(Cn2cnc3c(C#N)nc(-c4ccc(-c5cnc(C#N)c(C#N)n5)cc4)cc32)C1,19.4
N#Cc1ccc(-c2cc(-c3nc(C#N)nc(C#N)n3)ccn2)cc1,12.51
N#Cc1cc(C#N)cc(-c2cc3c(ncn3Cc3ccncc3)c(C#N)n2)c1,12.12
N#Cc1ccc(-c2cccc(-n3cnc4cc(C#N)ccc43)c2)nc1,16.95
N#Cc1cccc(-c2cc3c(ncn3Cc3nc(C#N)c(C#N)c(C#N)n3)c(C#N)n2)c1,15.23
N#Cc1ccc(-c2ccc(-c3nc(C#N)c(C#N)c(C#N)c3C#N)nc2C#N)cc1,15.1
N#Cc1ccc(-c2ccc(-c3nc(C#N)c4c(=N)nc(OCc5ccc(-c6ccccc6)cc5)[nH]n34)cc2)cn1,19.09
N#Cc1ccc(-c2nc(C#N)c(C#N)nc2-c2ccc(Oc3ccc(-c4ccc(C=Nc5ccc(-c6ccc(-c7cccc(C#N)n7)cc6)cc5)cc4)nc3C#N)cc2)cc1,21.75
N#Cc1ccc(-c2nc(Cc3cccnc3)nc(-c3ccc(C#N)cc3)c2-c2ccc(C#N)cc2)cc1,16.52
CN(C(=O)c1ccc(C#N)cc1)c1nc(-c2ccc(C#N)cc2)c(C#N)c(-c2ccnc(-c3ccc(-c4cccc(C#N)c4)cc3)n2)n1,17.82
N#Cc1ccc(-c2ccc(N)c(C#Cc3ccc(-c4cccc(C#N)n4)cn3)c2)cc1,16.06
N#CCn1c(-c2cnc(C#N)nc2)nc(-c2ccc(C#N)nc2)c1-c1cncc(C#N)n1,19.69
N#Cc1ccc(Oc2cc(-c3ccc(-c4cnc(C#N)nc4)c(C#N)c3)nc(C#N)n2)c(F)c1,22.67
N#Cc1cccc(-c2ccc(-c3cc(C#N)c(-c4cccc(C#N)n4)nc3-c3ccc(F)cn3)cc2)n1,16.51
Cc1cc(-c2nc(-c3ccc(OC4CCC(C(=O)O)CC4)c(C#N)c3)nc(-c3ccc(C#N)c(-c4ccccc4C#N)c3)n2)cc(C)n1,15.98
N#Cc1ccc(-c2ccc(-c3ccc(C#N)nc3-c3ccc(Cl)cn3)cc2)nc1,15.8
C=Cc1ncc(-c2ccc(-c3cccc(C#N)n3)c(C#N)n2)nc1C#Cc1ccc(C#N)cn1,21.83
N#CC(C#N)=c1ccc(=C(C#N)c2nnc(N)c(C(=O)c3ccc(C#N)cc3)n2)cc1,11.44
N#Cc1cnc(-c2ccc(-c3nc(C#N)cnc3C#N)cc2C#N)nc1,9.4
Cc1cc(COc2ccc(-c3cccc(C#N)n3)cc2)nc(-c2ccc(-c3ccc(C#N)cc3)c(C#N)c2)n1,17.07
N#Cc1cccc(-c2ccc(-c3ncc(-c4nc(-c5ccc(C#N)nc5)nc(-c5ccc(C#N)cc5C#N)n4)cc3C#N)cc2)c1,15.72
N#CC(C#N)=C1C(=Cc2ccc(C#N)cc2)C(=O)C(Nc2ccc(-c3ccc(Oc4ccc(-c5cccc(C#N)n5)cc4)c(C#N)c3)cc2)C(C=O)=C1O,21.3
N#Cc1ccc(C#Cc2cc(-c3cccc(C#N)n3)cc(-c3cccc(C#N)n3)c2)cc1,12.35
N#Cc1ccc(-c2cc(C#N)nc(-c3ccc(C#N)cc3)c2C=NO)cc1,17.49
N#Cc1ccc(-c2ccc(-c3nc(-c4ccc(C#N)nc4)nc(-c4ccccc4C#N)n3)c3ccccc23)nc1,13.99
N#Cc1ccc2c(c1)CN(c1nc(-c3ccc(C#N)nc3)c(C#N)nc1-c1ccc(-c3nccc(C#N)n3)cc1)CC2,15.43
COCCOc1ccc(-c2ccnc(-c3nc(N4CCC(NC#N)C4)nc(-c4cc(Cl)c(C#N)cc4C)c3C#N)n2)cc1C#N,31.62
N#Cc1ccc(-c2nc(N3CC(O)C3)nc(-c3cccc(-c4cccc(C#N)c4)n3)c2C#N)cc1,14.6
N#Cc1cncc(-c2ccc(C#Cc3ccc(-c4cccc(C#N)n4)cc3)cn2)c1,12.17
N#Cc1ccc(-c2cccc(-c3nc(C#N)nc(-c4cc(C#N)c(OC5CCC(F)(F)C(F)(F)C5)nn4)n3)c2C#N)c(C(=O)O)c1,27.9
N#CNCC1Cc2c(nc(C#N)nc2-c2ccc(C#N)c(-c3ccc(C#N)cc3)c2)CN1c1cc(C#N)ncn1,27.79
N#Cc1cccc(-c2ccc(C#Cc3ccc(-c4cc(-c5cccc(C#N)n5)cc(-c5cccc(C#N)n5)n4)cc3)nc2)n1,18.82
N#Cc1ccc(-c2nc(-c3nc(-c4ncncn4)c(-c4cnc(C#N)nc4)cc3C#N)ncc2C#N)cc1,16.03
N#Cc1csc(-c2cc(-c3cncc4ccccc34)nc(-c3ccc(C#N)c4ccccc34)n2)n1,16.48
N#Cc1ccc(C(=O)CSc2nc(=O)n3nc(-c4ccncc4)ccc3n2)cc1,25.74
CC(C)Oc1ncc(-c2nc(-c3cccc(C#N)n3)nc(-c3ccc(C#N)cc3Cl)n2)cc1C#N,16.58
N#Cc1ccc(-c2cc(-c3ccc(C#N)nc3)nc(-c3nc(CC4=NCCN4)nc(-c4ccc(C#N)cc4)c3C#N)n2)cc1,20.15
N#Cc1ccc(-c2cc(-c3nc(C(C#N)c4ccc(C#N)cc4)nc4ccccc34)ccc2C#N)cc1,18.16
N#CC(C#N)=c1ccc(=C(C#N)c2nc(C(=O)c3ccc(C#N)cn3)n(-c3ccc(C#N)cc3)n2)cc1,14.7
N#Cc1ccc(C=Nc2nc(NC(=O)c3ccc(-c4ccc(C#N)cc4)nc3)cc(Nc3ccc(C#N)cc3)n2)cc1,15.39
COc1cc(C#N)ccc1-c1ccc(-c2cnc(C#N)cn2)cc1C#Cc1cccc(C#N)c1,22.69
Cc1cc(C#N)ccc1-c1cc(C#N)nc(-c2cccc(-c3ccc(C#Cc4ccc(C#N)cn4)nn3)n2)c1C#N,24.08
N#Cc1ccccc1-c1cc(C(c2ccc(F)cc2Cl)n2cncn2)ccc1C#N,22.59
N#Cc1ccc(-c2nc(-c3ccnc(-c4cnc(C#N)nc4)c3)n3cnc(-c4cnccn4)cc23)cc1,25.09
CCc1nc(-c2ccc(F)c(-c3nc(C)cc(C#N)n3)n2)c(C#N)c(-c2ccc(C)cc2C)n1,17.25
N#Cc1cnc(-c2ccc(-c3nc(C#N)c(C#N)nc3C#N)cc2C#N)nc1,10.6
N#Cc1ccc(-n2c(-c3ccc(-c4cccc(C#N)n4)cc3C#N)cc3ccc(-c4ncncn4)cc32)cc1,15.47
N#Cc1ccc(-c2cc(-c3nc(-c4ccc(-c5cccc(C#N)c5)cc4)nc(-c4ccccc4C#N)n3)c(C#N)c(-c3ccc(C#N)cc3C#N)c2)nc1,15.96
N#Cc1ccc(-c2ccc(CN=c3ccc(-c4ccc(C#N)cn4)nc(-c4ccccc4C#CC4=CC=C(n5c(C(=O)O)nc6ccccc65)C=CC=C4)n3)nc2)cc1,27.5
N#Cc1ccc(-c2cc(-c3ccc(C#N)cc3)nc(-c3ccc(-n4c5ccccc5c5ccccc54)cc3)n2)cc1,8.41
Cc1cc(=O)c2cc(-c3ccc(C#N)nc3)ccc2n1-c1ccc(-c2ccc(C#N)cc2)cc1,12.16
Cc1cc(-c2ccc(C#N)cn2)ccc1-c1nc(-c2ccc(C#N)c(-c3ccc(C#N)cc3)c2)nc(-c2ccccc2C#N)n1,19.66
N#Cc1ccc(-c2csc(Cc3ccc(-c4ccc(C#N)cc4)s3)n2)cc1,22.66
N#Cc1ccc(-c2cc[n+](-c3nc(C=Cc4ccc(-c5ccc(C#N)cc5)c(C#N)n4)nc(-c4ccc(C#N)nc4)n3)nc2)cc1,18.84
Cc1noc(-c2ccc(Nc3nc(-c4ccc(-c5ccc(C#N)cn5)cc4)c(-c4ccc(-n5c6ccccc6c6ccccc65)cc4)nc3C#N)cc2)n1,13.95
N#Cc1ccc(-c2ccc(C=Cc3nc4ccc(-c5ncncn5)cc4n3-c3ccc(-c4ccc(C#N)cc4)cc3)cc2)cc1,11.57
COc1ccc(N=c2cc(-c3ccncn3)nc(-n3c(-c4ccc(C#N)cc4)nc4cc(N)ccc43)[nH]2)cc1OC,26.6
N#Cc1nc(-c2ccc(-c3cncc(C(F)(F)F)n3)cc2)cc2c1ncn2CC1CCOC1,18.7
N#Cc1ccc(-c2ncc(-c3ccc(-c4ccc(C#N)cn4)c(C=O)c3)nc2C#N)cc1,16.24
N#CC(=Cc1cc(-c2ccc(C#N)cc2)c(C#N)cc1C#N)c1nc(C(C#N)=c2ccc(=C(C#N)C#N)cc2)nc(-c2ccncn2)n1,19.41
N#Cc1ccc(-c2ccc(-c3nc(C#N)c4c(C#N)nc(-c5ccc(C#N)nc5)cc4c3C#N)cc2)nc1,19.24
Cc1cc(C#N)c(Cl)cc1-c1c(C#N)c(-c2nc(C#N)nc(-c3c(F)c(F)c(C#N)c(F)c3F)n2)c2ncc(Cl)cn12,21.29
Cn1cc(-c2ccc(-c3cc4c(ncn4Cc4ccc(C#N)c(C#N)n4)c(C#N)n3)cc2)cn1,11.15
N#Cc1ncc(-c2cccc(C(O)c3c[nH]c(-c4ccc(N)nc4)cc3=N)n2)cn1,29.37
N#Cc1ccc(Oc2cc(-c3cc(C#N)ncn3)ccc2-c2nc(-c3cc(C#N)ncc3F)c(N)c(C#N)c2C#N)cc1,36.91
CCOC(=O)Cn1cnc2c(C#N)nc(-c3ccc(-c4ccc(C#N)nc4)c(C#N)c3)cc21,17.19
N#Cc1ccc(Oc2ccc(-c3ccc(-n4ccc5cc(F)ccc54)c(C#N)n3)cc2C#N)cc1,20.45
N#Cc1ccc(NC=C2C(=O)C(=CNc3cccc4c(N)cccc34)C(=O)C(=Cc3cccc(N)c3)C2=O)cc1C(F)(F)F,20.9
N#Cc1ccc(-c2cc(-c3cnc(C#N)nc3)ccc(=Nc3ccc(-c4cccc(C#N)n4)cn3)c2)cn1,13.63
N#Cc1cc2c(cn1)C(=O)C(=O)c1cc(C#N)c(-c3cnc(C#N)nc3)cc1-2,21.11
N#Cc1cc(N=c2nc(-c3cnc(C#N)nc3)cc[nH]2)cc(-c2cncc(C#N)n2)c1,21.45
Cc1c(C#N)c(-c2ccc(C#N)cc2)cn1-c1cc(-n2ccnc2)ccn1,24.31
N#Cc1cc(-c2cnc(-c3cccc(C#N)n3)cn2)cc(-c2cccc(C#N)n2)c1,9.7
N#Cc1ccc(-c2ccc(-c3nc(C#N)c(-c4ccc(C#N)nc4)nc3N3CCC(O)C3)cc2)cc1,13.48
Cc1cc(-n2cc(-c3ccc(C#N)cc3)nc2-c2cc(C(C)C)c(O)cc2O)ccc1OC(F)(F)Cl,42.92
CC(=O)c1ccccc1-c1nc(N2CCCC2c2ccc(C#N)cc2)nc(-c2nc(C)nc(-c3ncccn3)n2)c1C#N,25.57
N#CC=Cc1cc(-c2cc(C#N)ccc2C#N)cc(-c2cccc(-c3ccc(C#N)cc3)n2)n1,14.72
N#Cc1ccc(-c2ccc(-c3nc(-c4ccccc4C#N)nc(-c4c(F)cccc4C#N)n3)cc2)cc1,15.97
N#Cc1cccc(-c2ccc3c(c2)C(C=Cc2ccccc2C#N)=NCC(=O)N3)c1,29.52
N#Cc1ccc(-c2ccc(C=Nc3cccc(C#N)c3)o2)cc1,17.76
CCc1cc(-c2nc(C#Cc3ccc(C#N)nc3)cc(-c3ccc(F)cn3)n2)c(C#N)c(-c2cc(Cl)c(C#N)cc2C)n1,23.7
N#Cc1ccc(-c2cc(-c3cnc(C#N)cn3)cc(-c3cccc(C#N)n3)c2)cn1,9.6
N#Cc1ccc(-c2cccc(-c3nc(-c4cccc(C#N)n4)cc(-c4cccc5cc(C#N)ccc45)n3)c2C#N)c(C#N)c1,14.41
N#Cc1ccc(-c2nc(-c3ccc(OC4CCC(C(=O)O)CC4)c(C#N)c3)nc(-c3ccc(C#N)cn3)n2)cc1,8.39
CC1(CO)Cc2c(-c3ccc(C#N)cc3)cc(-c3cccc(C#N)n3)c(C#N)c2O1,28.15
N#Cc1ccc(-c2ncc(-c3cnc4c(O)c(-c5cccc(C#N)n5)nc(C#N)c4c3)cn2)nc1,15.57
N#Cc1ccc(C#Cc2cnc(C#N)c(C#N)n2)cc1,10.35
N#Cc1ccc(-c2ccc(-c3ccc(-c4ncc(-c5cc(-c6ccccc6)c(C#N)cn5)cn4)cn3)cn2)nc1,22.25
CC(=NN=c1cccc[nH]1)c1c(C)nc(-c2ccncc2)nc1C,28.11
N#Cc1ccc(-c2ncc(-c3nc(C#N)ccc3-c3ncc(C#N)c(C#N)n3)nc2C#N)cn1,16.22
N#Cc1ccc(-c2ccc(-c3nc(C#N)nc(-c4ccc(-c5cccc(C#N)c5)cc4)n3)cn2)cc1,12.2
N#Cc1cccc(-c2ccc(-c3cc(-c4ccncc4)ccc3-c3cccc(C#N)n3)cc2)n1,12.96
N#CC(C#N)=c1ccc(=C(C#N)c2nc(C(=O)c3cc(C#N)ccn3)n(-c3ccc(-c4ccc(C#N)cc4)cc3)n2)cc1,17.67
N#Cc1ccc(C#Cc2nc(C#N)cc(-c3cnc(-c4ccc(C#N)nc4)c(C#N)n3)n2)nc1,17.8
N#Cc1ccc(-c2nc(-c3ccc(C#N)cc3C#N)cc(-c3nn(-c4ccc(C#N)cc4)cc3-c3ccc(F)cc3)n2)cc1,23.57
COc1ccc(-c2cc(C=Cc3ccc(-c4ccc(C#N)nc4)cn3)ccc2-n2cnc(C)c2)cc1,25.01
N#Cc1ccc(-c2c(C#N)c3ccccc3n2-c2ccc(-c3cccc(C#N)n3)cc2)cc1,12.43
N#Cc1ccc(-c2cccc(-c3cc(-c4ccc(C#N)nc4)nc(-c4ccc(C#N)nc4)n3)c2)cn1,18.98
N#Cc1cccc(-c2ccc(C#Cc3ccc(NC=O)cc3)cc2)n1,14.56
Cn1cnc2c(C#N)nc(-c3cc(C#N)cc(-c4cnc(C#N)nc4)c3)cc21,10.14
N#Cc1ccc(-c2ncncc2-c2ccc(C#N)nc2)nc1,17.2
N#Cc1ccc(-n2cc(-c3cc(-c4ccncc4)cc(-c4ccc(-c5ccc(C#N)nc5)nc4)c3)cn2)cc1,22.34
CCCCCCCCCCCCCCCC(=O)C12OC(C(=O)C(=O)C=CC=CC=CC#CC=CC=CC=C(C#N)C#N)C(C)(O)C(=O)C1O2,60.52
N#Cc1ccc(Oc2ccc(-n3cc(O)n(Cc4ccc(-c5ccc(C#N)cn5)cc4)c3=O)cc2)cc1,18.38
N#CC(=Cc1nc(-c2ccc(C#N)nc2)nc(-c2ccc(C#N)cc2)c1C#N)c1nc(-c2ccc(C#N)nc2)ccc1F,32.57
N#Cc1ccc(-c2nc3ccc(-c4ccc(-c5ccc(C#N)cn5)cc4)c(-c4ccc(-c5ccc(C#N)nc5)cc4)c3cc2-c2ccc(-c3ccc(C#N)cn3)cc2)cc1,22.17
N#CC=CNc1ccc(N)cc1,14.92
N#Cc1ccc(-c2ccc(-c3ncc(C#N)nc3-c3cc(C#N)n4ccccc34)cn2)cn1,18.58
N#CCc1nc(-c2ccc(-c3cc(-c4nc(C#N)no4)cc(C#N)n3)cc2Cl)no1,27.0
CCOC(=O)C1C(c2ccccc2)=NC(=S)NC1C=NCc1ccc(C#N)cc1,25.29
N#Cc1ccc(-c2ccc(-c3ccc(-c4ccc(-c5ccncc5)cc4)cc3)nc2C#N)cc1,12.36
CCN(CC)CCOc1cnc(-c2cc(-c3cccc(C#N)c3)cc(-c3ccc(C#N)cn3)n2)cc1C#N,20.0
N#Cc1cc(C#N)cc(Oc2cc(-c3ccc(-c4cnc(C#N)nc4)cc3)nc(Cl)n2)c1,18.79
N#Cc1ccc(C#Cc2ccc(C#N)c(C#N)c2)nc1,9.85
CN(N=Cc1ccc(C#N)cc1)C1CC=C(C#N)CC1,26.74
N#Cc1ccc(-c2nc(-c3ccc(-c4ccncc4)cc3)nc(-c3ccc(C#N)c(C#N)c3)n2)cn1,15.29
N#Cc1ccc(C=Nc2nc(Nc3ccc(F)cc3)nc(-c3ccc(-c4ccc(C#N)cc4)cc3)n2)cc1,12.58
N#Cc1cccc(-c2ccc(-c3cc(-c4ccncc4)ccc3-c3ncc(C#N)c(=NCCN4CCOCC4)[nH]3)cc2)n1,19.24
N#Cc1ccc(-c2ccc(-c3nc(-c4ccc(OC5CCC(C(=O)O)CC5)c(C#N)c4)nc(-c4ccccc4C#N)n3)cc2)cc1,11.17
N#Cc1ccc(-c2ccc(-c3nc(-c4cccc(C#N)n4)nc(-c4ccc(C#N)cc4)c3-c3ccccn3)nc2)cc1,16.38
N#Cc1cccc(-c2ccc(-c3nc(CNc4ccc(F)c(C#N)c4)nc(-c4ccc(C#N)s4)n3)cc2)n1,26.99
N#Cc1ccc(-c2cc3n[nH]c(-c4ncncn4)c3cc2-c2ncncn2)nc1C#N,15.05
Cc1cc(C)nc(N=CN2CCN(C=O)CC2)n1,15.82
N#Cc1ccc(C(=O)c2cc(C#N)c(=O)n(-c3ccc(C#N)cc3)c2)cc1,14.28
COc1ccc(-c2nc(-c3ccc(C#N)cc3)nc(-c3ccc(C#N)nc3)n2)cc1C#N,13.43
CCc1c(-c2ccc(C#N)cc2)nc(-c2cccc(-c3ccc(C#N)cc3)c2)n1-c1cccc(C#N)c1,27.21
N#Cc1ccc(-c2ncc(-c3ccc(C#Cc4ccc(C#N)cn4)nc3)nc2C#N)cc1,13.23
N#Cc1ccc(-c2cc(-c3ccc(-c4ccc(C#N)cn4)nc3)nc(-c3ccc(-c4ccc(C#N)cn4)nc3)n2)cc1,11.69
N#Cc1ccc(-c2cc(-c3cc(-c4cccc(C#N)n4)cc(-c4ccc(C#N)nc4)n3)ccc2C#N)cc1,13.88
N#Cc1ccc(C#Cc2ccccc2-c2ccc(C(O)=NO)cc2)cc1,21.07
N#Cc1c(N)cc(N)c(C#N)c1-c1ccccc1,13.98
C=CCn1cnc2c(C#N)nc(-c3ccc(-c4ccc(C#N)cn4)nc3)cc21,13.27
N#Cc1ccc(-c2ncc(-c3ccc(-c4ccc(C#N)cn4)cc3)c(-c3ccc(-c4cnc(C#N)cn4)nc3)n2)cc1,16.42
Cn1c(C#N)ccc1-c1ccc(-c2ncnc(-c3cnc(OC4CC(O)C(O)C(CO)O4)c(C#N)c3)n2)cc1C#N,14.11
Cc1nccc2nc(-c3ccc(-c4cnc(C#N)nc4)c(F)c3)nc(C#N)c12,20.8
Cc1ccc(-c2nc(C)nc(-c3nc(-c4ccc(-c5ccc(C#N)nc5)nc4)nn3C)c2C#N)c(C)c1,10.05
N#Cc1ccc(-c2cccc(C(=O)C=Cc3ccc(F)cc3)c2)cc1,16.23
N#Cc1ccc(-c2ccc(C#Cc3cc(-c4ccc(C#N)cc4)cc(-c4ccc(C#N)cn4)c3)cc2)cc1,14.05
N#Cc1ncc(C(c2cnc(C#N)nc2)c2ccc3ccccc3c2-c2ccc(-c3c[nH]c(=N)cn3)c(F)c2)cn1,30.29
N#Cc1nccc(-c2cc(-c3ccccc3C#N)cc(-n3cnnc3C#N)c2)n1,21.53
N#Cc1ccc(-c2ccc(C#Cc3ccc(C#N)cn3)nc2)cc1,11.08
N#Cc1ccc(-c2c(Cl)c(-c3ccc(-n4c(C#N)c(-c5ccc(C#N)cc5)c5c(-c6ccc(C#N)cc6)c6ccccc6nc54)cc3)nc3ccccc23)cc1,32.49
N#Cc1cnc(-c2cccc(Cn3cnc4c(C#N)nc(-c5ccc(-c6ccnc(C#N)n6)cc5)cc43)c2)nc1,11.43
N#Cc1ccc(-c2cc(-c3nc(-c4ccc(C#N)nc4)nc(-c4nccc(-c5ccc(C#N)nc5)c4C#N)n3)ccn2)cn1,15.59
N#Cc1ccc(-c2cc(-c3cccc(C#N)n3)nc(N)c2C#N)cc1,10.47
CC(=O)N1CCC(c2nc(-c3ccnc(-c4ccnc(C(F)(F)F)c4)n3)c(C#N)c(-c3c(F)cccc3F)n2)CC1,25.96
N#Cc1ccc(-c2nn(-c3cccc(C#N)c3)c(-c3ccc(C#N)cc3)c2C#N)cc1,14.28
N#Cc1ccc(-c2ccc(-c3ncc(C#N)nc3-c3ccccn3)nc2)cn1,19.34
N#Cc1ccc(CCn2cnc3c(C#N)nc(-c4ccc(-c5ccc(C#N)cn5)cc4)cc32)cc1,11.45
COc1cc2c(cc1OC)C(=O)C(=Cc1ccc(C#N)cn1)C2,17.15
N#Cc1ccc(-c2cnc(C#N)c(C#N)n2)nc1,10.24
N#Cc1ccc(-c2cc(-c3ccccc3N)nc(-c3nc(C4CC4)nc(-c4ccccc4C(F)(F)F)c3C#N)n2)nc1,16.18
N#CC=Cc1ccc(-c2ccc(-c3nc(C#N)c(C#N)nc3C#N)cc2)cn1,16.8
C#Cc1cc(-c2cccc(C#N)n2)ccc1Oc1ccc(-c2cccc(C#N)n2)cc1,19.68
Cn1c(-c2ccc(C=Nc3cc(C#N)ccc3-c3cc(-c4cccc(C#N)n4)c4ccccc4n3)cc2)nc(C#N)c1N,17.64
CN(C)c1cccc(-c2cc[nH]c(=Nc3ccc(C#N)cc3)n2)c1,22.8
N#Cc1ccc(-c2ccc(-c3ccc4c(c3)c(-c3ccc(C#N)cc3)c3ccccc3[n+]4-c3ccccc3)cc2)cc1,19.3
Cc1nc(-c2cnc(-c3ccc(C#N)cc3)c(C#N)n2)c(C#N)cc1N=c1ccc(C#N)c[nH]1,18.29
N#Cc1ccc(-c2cc(C#N)c(CNC3CCN(Cc4ccccc4)C3)nc2-c2ccc(C#N)nc2)cc1,26.2
N#Cc1cc(-c2ccc(-c3cccc(C#N)n3)c(C#N)n2)cc(-c2cnc(C#N)nc2)n1,11.49
N#Cc1cccc(-c2ncc(C#Cc3ccc(-c4cncc(C#N)n4)cc3)cn2)c1,12.43
N#Cc1ccc(C(=O)c2nc(-c3ccc(C#N)nc3)cc(-c3cc(C#N)ccc3F)n2)cc1,20.08
N#Cc1ccc(-c2cc(N3CCCC3C(=O)N3CCN(c4nc(=Nc5ccc(S(N)(=O)=O)cc5)c(C#N)n[nH]4)CC3)ccc2C#N)nc1,37.85
N#Cc1ccc(-c2cc(C#N)cc(-c3nc(-c4ccccn4)nc(-c4nc(-c5cccc(-c6ccc(C#N)cn6)c5C#N)nc(C(F)(F)F)n4)n3)c2C#N)cc1,27.1
Cn1cc(-c2cnc3c(O)c(-c4cc(C#N)cc(-c5cncc(C#N)n5)c4)nc(C#N)c3c2)cn1,15.15
N#Cc1cccc(-c2cc(-c3cccc(C#N)n3)ccc2C#Cc2ccnc(-c3ncncn3)c2)c1,16.9
Cc1cc(C#N)c(C#N)cc1-c1nc(C#N)nc(-c2cncc(-c3cc(C#N)ccn3)n2)c1C#N,23.66
N#Cc1ccc(-c2cn(-c3cc(-c4ccc(C#N)nc4)nc(-c4cnc(C#N)nc4)c3)cn2)cn1,18.6
N#Cc1ccc(-c2cc(-c3cccc(C#N)n3)nc(-c3c(F)c(F)nc(F)c3F)c2C#N)cc1,16.12
N#Cc1ccc(-c2c(C#N)nnc(-c3ccc(-c4cccc(C#N)c4)cc3)c2C#N)cc1,13.39
Cc1noc(-c2ccc(-n3nc(-c4cc(C#N)cc(-c5ccc(C#N)cn5)c4C#N)nc3-c3ccccc3C#N)cc2)n1,20.17
N#Cc1ccc(-c2ccc(CON=Cc3cc(-c4ccc(C#N)cc4)cc4cc(C#N)ccc34)cc2)cc1,23.61
N#Cc1ccc(-c2cc(C#N)cc(C#Cc3cccc(C#N)n3)c2)cc1,14.35
Cc1nc(-c2ccc(-c3ccc(C#N)cc3)c(C#N)c2)c(C#N)nc1-c1cccc(NCc2ccccn2)c1,19.38
CS(=O)(=O)c1ccc(-c2cc(-c3ccc(C#N)cc3)nc(C(C#N)=c3ccc(=C(C#N)C#N)cc3)n2)cc1,15.13
N#Cc1cnc(-c2ccc(F)c(C#Cc3ccc(-c4cncc(C#N)n4)cc3)c2)cn1,23.14
N#Cc1cc(-c2ccc(-c3cnc(C#N)c(C#N)n3)cc2)nc(C#N)c2ncnc1-2,12.27
N#Cc1ccc(-c2ncc(Cn3ccc(-c4ccc(-c5cc6c(ncn6CC6CCNCC6)c(C#N)n5)cc4)c3)nc2C#N)cn1,18.26
Cc1cc(C#N)c(Cl)cc1-c1nc(Nc2ccc(C#N)cc2)nc(-c2ccc(F)c(-c3ccc(C#N)cn3)n2)c1C#N,17.34
Cc1nc(C#N)c(-c2ccc(C#N)nc2)nc1-c1cc(C#N)cc(C#Cc2ccc(C#N)cn2)c1,18.6
N#Cc1ccc(-c2cc(-c3ccc(-c4ccc(C#N)cn4)cn3)cnc2-c2ccncn2)cc1,15.63
N#Cc1ccc(-c2ccc(-c3ccc(C#N)n3-c3ccc(-c4ccc(-n5cc(C(=O)O)cn5)cc4)cc3)nc2)nc1,27.07
N#Cc1ccc(-c2cc(-c3cnc(C#N)nc3)cc(-c3cccc(C#N)n3)n2)nc1,10.1
N#Cc1cccc(NC=C2C(=O)C(=CNc3cccc4c(N)cccc34)C(=O)C(Nc3ccc(C#N)c(C(F)(F)F)c3)C2=O)c1,15.48
N#Cc1ccc(-c2cc(C#N)cc(-c3nc(-c4ccc(C#N)nc4)nc(-c4ccc(C#N)cc4C#N)n3)c2C#N)cc1,12.94
N#Cc1ccc(-c2ccc(-c3ccc(-c4nc(-c5ccc(C#N)nc5)ccc4C#N)cc3)nc2C#N)cc1,14.37
N#CC(C#N)=c1ccc(=C(C#N)c2ncnc(C(=O)c3ccc(C#N)cc3)n2)cc1,12.48
N#Cc1ccc(-c2cc(Cc3ccc(C#N)nc3)nc(-c3ccc(C#N)nc3)c2)cc1,19.93
N#Cc1ccc(-c2ccc(-c3nc(C#N)c(-c4ccc(C#N)cc4)c(N4CCOCC4)n3)cc2)cc1,12.44
N#Cc1ccc(-c2nc(-c3ccc(C#N)nc3)cc(-c3nc(-c4ccc(F)nc4)ccc3C#N)n2)cc1,15.55
Nc1ccc2c(c1)-c1nc3cc(N)c(N)cc3nc1C2=O,15.24
N#Cc1ccc(-c2nc(-c3ccc(C#N)nc3)nc(-c3ccncn3)c2C#N)cc1,17.29
N#Cc1ccc(-c2cc(C#Cc3ccc(C#N)c(F)c3)nc(-c3cccc(C#N)n3)c2)cn1,18.04
N#Cc1ccc(-c2cc(C#Cc3csc(C#N)n3)ccc2C#N)cn1,14.67
N#Cc1ccc(C#Cc2cc(-c3cccc(C#N)c3)nc(-c3cccc(C#N)n3)n2)nc1,17.27
N#Cc1ccc(-c2ccc(-c3nc(-c4ccc(C#N)nc4)nc(-c4cnc(OC5CCOCC5)c(C#N)c4)n3)cn2)nc1,13.25
CCCN=c1nc(-c2ccc(C#N)cn2)[nH]c(-c2ccc(C#N)cc2)c1C#Cc1ccc(-c2ccc(C#N)cn2)s1,29.06
N#Cc1ccc(-c2nc(-c3ccc(-c4ccc(C#N)cc4)c(C#N)c3)nc(-c3cc(C#N)cc(-c4ccc(C#N)cc4)c3C#N)n2)cc1,14.73
N#Cc1ccc(-c2ccc(-n3cc(C#N)c(=O)c4c(C#N)nc(-c5ccc(-c6ccc(C#N)cn6)cc5)cc43)cc2)cc1,15.12
N#Cc1cccc(-c2cc(-c3ncc(-c4cnc(-c5cccc(C#N)n5)c(C#N)n4)cn3)cc(-c3ccc(C#N)nc3)n2)c1,18.87
COc1ccc(NC(=O)c2ccc(-c3nc(-c4ccc(C#N)cc4)cc(-c4ccc(C#N)cc4)n3)cc2C(=O)c2ccc(O)c(C#N)c2)cc1,34.06
N#Cc1cccc(-c2ccc(-c3cccc(COc4ccc(-c5nc(C#N)cc(C#N)n5)cc4)c3)nc2)n1,19.71
N#Cc1ccc(-c2cc3[nH]cnc(=N)c3c(C#N)n2)cc1C#Cc1ccc2c(-c3ncncn3)cc(-c3ncncn3)cc2c1,31.62
N#CC(C#N)=c1ccc(=C(C#N)c2nc(C(=O)c3ccc(C#N)cc3)n(Cc3ccc(-c4ccccc4-c4nc(=O)o[nH]4)cc3)n2)cc1,11.29
N#Cc1ccc(-c2c(C#N)nc(CO)nc2-c2ccc(-c3nc(C#N)cs3)cc2)nc1,24.64
N#Cc1ccc(-c2cc(-c3cccc(C#N)n3)ccc2-c2ccc(-c3cccc(C#N)n3)cc2)cc1,14.38
N#Cc1cc(-c2ccc(C#N)c(C#N)n2)c(C#N)nc1Cl,18.89
C=CS(=O)(=O)Nc1ccc(-c2ccc(-c3ccc(C#N)c(-c4ccc(C#N)nc4)n3)c(C#N)c2)cc1,31.9
N#Cc1ccc(-c2nc(-c3ccc(-c4ccc(C#N)nc4)c(C#N)n3)nc(-n3ccc4ccccc43)n2)cn1,13.04
N#Cc1nc(-c2ccc(-c3ccc(C(=O)O)c(O)c3)cc2)cc2c1ncn2CF,27.84
Cc1cc(C#N)c(F)cc1-c1nc(C#N)nc(-c2nc(-c3ccc(F)c(C#N)c3)nc(C(C#N)(c3ccc(C#N)cc3)c3ccc(-c4ccc(C#N)cc4)cc3)n2)c1C#N,29.63
N#Cc1cccc(-c2ccc3nccc(-c4ccc(-c5cnc(C#N)c(C#N)n5)cc4)c3c2)n1,16.92
N#Cc1ccc(-c2cc(-c3ccc(C#N)nc3)nc(-c3cccc(C#N)n3)c2C#N)cc1,10.8
N#Cc1ccc(NC(=O)NCCn2cnc3c(C#N)nc(-c4ccc(-c5ccc(C#N)cn5)cc4)cc32)cc1,14.84
N#Cc1ccc(-c2ncc(-c3ccc(C=Nc4ccccc4-c4nc5ccccc5c(=Nc5ccc(C#N)nc5)[nH]4)cc3)nc2C#N)cc1,19.42
N#Cc1cc(C#N)c(-c2cc(-c3ccc(C#N)c(C#N)c3)c(C#N)cc2C#N)cn1,19.54
N#Cc1ccc(-c2cc(-c3cccc(C#N)n3)ncn2)cn1,15.37
N#Cc1ccc(-c2cc(-c3ccc(C#N)nc3)cc(-c3cccc(C#N)n3)n2)cc1,10.8
CC(C)(CO)c1cn(-c2ccc(-c3ccc(-n4cc(C#N)c(-c5ccc(C#N)nc5)cc4=O)cc3C#N)cc2)cn1,30.02
Cn1cc(-c2cc(C#Cc3cc(-n4cc(C(N)=O)nn4)ccc3C#N)cc(-c3cccc(C#N)n3)c2)cn1,31.12
N#Cc1ccc(-c2nc(-c3ccc(C#N)cc3)n(-c3ccc(-c4ccc(-n5c(N)c(C#N)c6ccc(-c7ncncn7)cc65)cc4)cc3)n2)cc1,14.96
N#Cc1ccc(-c2nc(-c3ccc(C#N)nc3)nc(-c3cnc(OC4CCOCC4)c(C#N)c3)n2)nc1,11.51
N#Cc1ccc(-c2cc3ncn(CCN)c(=O)c3c(C#N)n2)cc1C#N,16.79
COc1ccc(C=Cc2cc(O)cc(C=Cc3ccc(OC)cc3)c2)cc1,19.69
N#CC=Cc1nc(C(Nc2ccc(C#N)c(C#N)c2)c2ccc(C#N)cc2-c2ccc(C#N)cc2)ccc1C#N,19.47
N#Cc1cc2cc(-c3ccc(-c4ccc(Nc5nc(N=CN6CCN(C=O)CC6)nc(N=CN6CCN(C=O)CC6)n5)cc4)cc3)ccc2nc1C#N,22.8
N#Cc1ccc(-c2cc(-c3ccccn3)nc(-c3ccc(C#N)nc3)n2)cn1,12.07
CC(C)Oc1nnc(-c2cnc(-c3cccc(C#N)n3)c(C#N)n2)cc1C#N,13.43
N#Cc1ccc(-c2[nH]c(-c3ccccc3F)nc2-c2ccc(-c3ccc(C#N)cn3)cc2)cc1,22.22
O=CN1CCN(C=Nc2nc(N=CN3CCNCC3)nc(N=CN3CCN(C=O)CC3)n2)CC1,13.02
N#Cc1ccc(-c2ccc(C=Cc3cc(-c4cccnc4)nc(-c4ccc(C#N)nc4)n3)cc2)cc1,23.9
N#Cc1ccc(-c2ccc(-c3cc(-c4ccc(C#N)cc4)nc(Nc4ccc5c(c4)CCc4ccc(C#N)cc4C5=O)c3C#N)cc2)cc1,12.15
CN1CCN(c2cc(-c3ccc(C#N)cc3)cc(C=CC(=O)Nc3ccc(-c4cnc(-c5ccc(C#N)cc5)c(C#N)n4)cc3)n2)CC1,26.33
N#Cc1ccc(-c2cc(-c3cccc(C#N)n3)cc(-c3ccc(-c4nccnc4C#N)cc3)n2)cn1,11.57
N#CC(C#N)=c1ccc(=C(C#N)c2nc(C(N)=O)nc(-c3ccc(C#N)nc3)n2)cc1,14.04
N#Cc1ccc(-c2cc(-c3ccc(C#N)cn3)nc(-c3cccc(-c4ccc(C#N)cn4)c3C#N)n2)cc1,13.03
N#Cc1cnc(-c2cc(-c3cccc(C#N)n3)cc(-n3ccnc3)c2)nc1,13.62
N#Cc1cnc(-c2cc(-c3ccc(-c4cnc(C#N)nc4)c(C#N)c3)nc(-c3cccc(C#N)n3)c2)nc1,13.59
N#Cc1cccc(-c2ccc(N=Cc3ccc(C#N)c(C#N)c3O)nc2)n1,9.92
N#Cc1ccc(-c2ccc(-c3nccc(C#N)n3)nc2C#N)cc1,8.51
N#Cc1ccc(-c2ccc(-c3cnc(-c4cnc(C#N)c(C#N)n4)c(C#N)n3)c(-c3ccc(C#N)cn3)n2)nc1,17.61
N#Cc1ccc(-c2cc(-c3nnc(-c4cccc(C#N)n4)c(C#N)n3)ccc2C#N)cn1,10.71
N#Cc1cccc(-c2cc3c(ncn3CC3CC3)c(C#N)n2)c1,10.03
N#Cc1ncc(-c2ncc(-c3nc(C#N)c4cc(-c5ncncn5)cnc4c3O)cn2)cn1,15.22
Cc1cc(=NN=Cc2ccc(C#N)cc2)nc(C)[nH]1,18.01
Cn1c(-c2ccc(C#Cc3nc(-c4cnc(C#N)cn4)ncc3-c3cnc(-c4cncc(C#N)c4)c(C#N)n3)cc2)ncc(C#N)c1=O,34.92
N#Cc1ccc(-c2ccc(N3CCC(Oc4nc(C#N)nc(-c5ccc(F)cc5F)n4)CC3)c(C#N)n2)cc1,24.77
N#Cc1ccc(C2CCN(C(=O)c3ccc(C#N)c(-c4ccnc(C#N)n4)c3)CC2)cc1,17.23
N#Cc1ccc(-c2cc(C#N)nn2-c2ccc(NC(=O)c3ccc(-c4cccc(C#N)c4)cc3)cc2)cc1,20.48
N#Cc1ccc(-c2nc(-c3cc(-c4cnc(-c5ccc(C#N)nc5)c(C#N)c4)ncn3)ncc2C#N)cc1,18.38
N#Cc1ccc(-c2nc(-c3ccc(C#N)c(C#N)c3)nc(-c3ccc(C#N)c(-c4ccccc4C#N)c3)n2)cn1,17.73
N#Cc1cccc(-c2cc(-c3ccc(-c4ncc[nH]4)cc3)cn3c(-c4cncc(C#N)n4)cnc23)n1,26.85
N#Cc1ccc(Cc2cc(O)n(-c3cc(-c4ccc(C#N)c5cc(C#N)ccc45)ccn3)c2O)cc1,27.45
N#Cc1ccc(-c2ccc(C#Cc3nc(-c4cccc(C#N)n4)c(-c4ccc(C#N)cc4)nc3-c3cccc4cc(C#N)ccc34)cc2)cc1,19.86
COc1ncnc(-c2ccc(C(C)NC(=O)c3cc(-c4cnc(C#N)nc4)cc(-c4ccc(-c5ccc(C#N)nc5)c(C#N)n4)c3)cc2)c1C#N,36.25
N#CCCn1cnc2c(C#N)nc(-c3ccc(-c4ccc(C#N)nc4)nc3)cc21,15.51
N#Cc1ccc(-c2nc(-c3ccc(-c4ccc(C#N)nc4)nc3)cnc2-c2ccc(-c3ccc(C#N)cn3)cc2)cc1,14.48
N#Cc1ccc(-c2cc(-c3ccc(Nc4nccnc4C#N)cc3)cc(-c3ccc(C#N)nc3)n2)nc1,13.81
N#Cc1nc(C=Cc2cccc(-c3c[nH]cn3)c2)c[nH]c1=N,25.65
N#Cc1ccc(-c2ccc(-c3ccnc(-c4ccnc(-c5ccc(C#N)nc5)c4)n3)cn2)cn1,22.19
NS(=O)(=O)c1ccc(Nc2ccc(C=CC(=O)C=Cc3ccc(O)cc3)cc2)cc1,24.45
N#Cc1ccc(-c2ccc(-c3nc(C#N)cnc3C#N)cc2)cn1,10.52
N#Cc1cccc(-c2cc(C#Cc3ccc(-c4cccc(C#N)n4)cc3)nc(C#N)n2)c1,16.43
N#Cc1ccc(-c2cc(-c3ccc(C#N)cn3)nc(-c3nccc(-c4ccc(-c5ccncc5)cc4)n3)c2C#N)cc1,13.82
N#Cc1cccc(-c2cc(-c3ccc(C#N)nc3)nc(-c3ccc(C#N)nc3)n2)c1,14.16
N#Cc1cc(Cl)cc(-c2cc(-c3nccc(C#N)n3)nc(-c3cccc(C#N)n3)n2)c1,15.73
CC(C)COc1ccc(-c2cc(-c3ccc(-c4ccc(C#N)nc4)c(F)c3)nc(C#N)n2)cc1C#N,13.28
N#Cc1cccc(-c2ccc(-c3nnc(-c4ccc(C#N)nc4)cc3-c3ccncc3)cc2)c1,11.86
N#Cc1ccc(-c2ncc(-c3cnn(-c4ccc(F)c(F)c4)n3)nc2C#N)cc1,19.2
N#Cc1ccc(-c2ccc(C#Cc3ccc(C#Cc4ccc(-c5cccc(C#N)n5)cc4)cc3)nn2)cc1,13.33
N#Cc1cncc(-c2nc(-c3ccc(C#N)c(-c4ccccc4C#N)c3)nc(-c3cccc(C#N)n3)n2)c1,13.44
N#Cc1ccc(C=C2C(=O)C(C=O)=C(O)C(C=O)=C2O)cc1,9.56
N#Cc1ccc(-c2cc(-c3cc(C#N)nc(-c4ccc(-c5ccc(C#N)cn5)nc4)n3)c(C#N)c(-c3ccc(C#N)cc3C#N)c2)nc1,14.71
N#Cc1ccc(-c2ccc(CN(Cc3ccc(-c4ccc(C#N)cc4)cc3)c3cc(-c4ccc(C#N)nc4)cnc3C#N)cc2)cc1,17.81
N#Cc1ccc(-c2ccc(-c3nc(C#N)c4ncn(CC(O)CO)c4n3)cc2)cn1,12.33
N#Cc1ccc(-c2cc(C#N)ccc2-c2[nH]n(-c3ccc(-c4ccc(-c5nc(Cl)nc(Cl)n5)cc4)cc3)c(=N)c2C#N)cc1,21.85
N#CC=Cc1cc(-c2cccc(C#N)n2)nc(-c2ccc(-c3ccc(C#N)cc3)c(C#N)n2)n1,14.08
COc1ccc(-n2c(-c3ccc(-c4ccc(C#N)cc4)cc3)nc3cc(-c4ccc(C#N)cc4)ccc32)cc1,14.88
CC(=O)c1ccc(C#Cc2cnc(-c3ccc(C#N)nc3)c(-c3cc(F)c(C(N)=O)cn3)c2)cn1,39.41
CC(=O)N=c1cc(-c2ccc(-c3cnc(C#N)c(C#N)n3)cc2)[nH]c(-c2ccc(C#N)cc2)n1,15.92
CCc1nc(-c2cc(C#N)cc(-c3cccc(C#N)c3)n2)c(C#N)c(-c2cc(Cl)c(C#N)cc2C)n1,12.39
N#Cc1ccc(-c2cccc(-c3nc(-c4ccc(C#N)nc4)nc(-c4cnc(C#N)c(-c5ccc(C#N)nc5)c4)n3)c2C#N)c(C#N)c1,16.66
N#Cc1cccc(-c2ccc(-c3nc(C#N)nc(C#N)n3)cc2C#N)c1,13.14
COc1ncc(-c2ccc3c(c2)c(=O)c(C#N)cn3-c2cccc(-c3ncccc3C#N)c2)cn1,26.09
N#Cc1ccc(-c2cc(C(=O)c3nc(-c4ncncn4)cc(C(F)(F)F)n3)cc(-c3cncc(C#N)n3)c2)cn1,25.78
N#CC(=Cc1ccc(-c2cccc(C#N)c2)o1)c1nc(C(C#N)=c2ccc(=C(C#N)C#N)cc2)nc(C(C#N)C#N)n1,12.99
N#Cc1ccc(C#Cc2cc(-c3ccc(C#N)cc3)ccc2-c2ccc(C(=O)c3ccc(C#N)cc3)c(C(=O)C=Cc3ccc(-c4ccc(C#N)cc4)cc3)c2)cc1,26.88
N#CC(C#N)=c1ccc(=C(C#N)c2nc(C(C#N)=c3ccc(=C(C#N)C#N)cc3)nc(C(C#N)=c3ccc(=C(C#N)C#N)cc3)n2)cc1,9.38
N#Cc1ccc(-c2ccc(-c3nc(-c4ccc(C#N)nc4)ccc3C#N)cc2C#N)cc1,14.94
Cc1ccc(-c2ccc(-c3cccc(C#N)n3)c(C#N)n2)nc1C#N,19.32
N#Cc1cc(C#N)cc(-c2nccc(-c3cccc(-c4ccc(C#N)nc4)c3C#N)n2)c1,21.35
COC(=O)c1c(-c2ccc(C#N)nc2)nc(-c2ccc(C#N)cc2)n1-c1ccc(-c2ccc(C#N)cc2)cc1,20.08
N#Cc1ccc(-c2cc[n+](-c3ccc(-[n+]4ccc(C=C5CCCc6ccc(-c7cccc(-c8ccc(C#N)cc8)n7)cc65)cc4)cc3)cc2)cc1,27.56
C[n+]1c(C=Cc2ccc(-c3ccc(C#N)cc3)cc2)ccc2ccccc21,15.16
N#Cc1ccc(-c2nc(C#N)c(-c3ccc(-c4ncncn4)cn3)nc2C#N)cn1,12.42
N#Cc1ccc(-c2cn(-c3ccc(-c4ccc(C#N)cn4)cc3)c(-c3ccc(C#N)cc3)c2-c2ccc(C#N)cc2)cc1,11.82
N#Cc1ccc(-c2nc(-c3cc(C#N)ccc3C#N)ccc2C#N)cc1,15.47
N#Cc1cncc(-c2ccc(-c3cc4c(ncn4Cc4cnc(C#N)nc4)c(C#N)n3)cc2)n1,10.95
N#Cc1ccc(-c2nccc(-c3cc(-c4cnc(C#N)c(C#N)n4)cc(-c4ccc(C#N)nc4)n3)n2)nc1,22.53
N#Cc1ccc(C#CCc2cccn(-c3ccc(C=C(c4ccc(C#N)cc4)c4ccc(-c5cccc(C#N)n5)cc4)cc3)c2=O)cc1,28.18
N#Cc1ccc(-c2ccc(Cc3nc(C(N)=O)nn3C3CCN(C(=O)Cc4cn(-c5ccc(C#N)cc5)cn4)CC3)cc2)cc1,38.31
COc1ccc(C=CC=CC(=O)Nc2cc(Nc3ccc4c(c3)C(=O)c3c(N)cccc3C4=O)ccc2F)cc1-c1cccc(C#N)c1,30.65
N#Cc1ccc(-c2nccc(-c3nc(-c4ccc(C#N)nc4)cc(-c4ccc(C#N)cc4)c3C#N)n2)cc1,11.04
N#Cc1ccc(Cn2nc(-c3ccc(-c4cccc(C#N)c4)cc3)nc2-c2ccc(C#N)cc2)cc1,12.25
Nc1cc(C(=O)c2cc(Br)c(O)c(Br)c2)ccc1Br,18.77
N#Cc1ccc(-c2nc(-c3ccc(N=CCc4ccsc4)cc3)nc(-c3ccc(C#N)nc3)n2)cc1,23.02
N#Cc1ccc(-c2c(C#N)nc3cc(-c4ccc(-c5ncncn5)nc4)nc(C#N)c3c2C#N)cc1,21.6
C#Cc1nc(OC)nc(-c2nc(-c3ccc(C#N)cc3)nc(-c3ccc(-c4ccc(C#N)cc4)c(C#N)c3)n2)n1,20.56
N#Cc1ccc(C=CC(=O)Nc2ccc(-n3cnnn3)cc2)cc1,16.98
N#Cc1ccc(-c2cccc(-c3cnc(C#N)c(-c4ccc(-c5ccc(C#N)nc5)cc4)n3)c2C#N)nc1,14.28
N#Cc1cc(-c2cccc(C#N)n2)c(-c2cnc(C#N)nc2)cn1,15.08
CN(C)c1ccc(C#Cc2cc(-c3cccc(C#N)n3)cc(-c3nc(C#N)c[nH]3)c2)cn1,20.38
N#Cc1ccc(-c2ccc(-n3c(C#N)ccc3-c3cc(C#N)ncc3-c3ccc(-c4ccc(C#N)cn4)nc3)cc2)nc1,15.36
Cn1nc(-c2ccc(-c3cccc(C#N)c3)cc2)c(C#N)c1NCc1ccc(-c2cccc(C#N)n2)cc1,14.44
C#CCN(C)c1ccc(C#N)cc1-c1nc(-c2ccc(C#N)nc2)nc(-c2ccc(C#N)nc2)n1,28.2
N#Cc1ncc(Cn2cnc3c(C#N)nc(-c4ccc(-c5cnc(C#N)c(C#N)n5)cc4F)cc32)nc1C#N,19.57
N#Cc1cccc(Cn2cccc2)c1,16.51
N#Cc1cc(-c2cnc(C#N)nc2)cc(-c2cc3c(ncn3Cc3ccc(-c4ccccc4)cc3)c(C#N)n2)c1,12.08
N#Cc1ccc(-c2ccc(-c3ccc(-c4cnc(C#N)c(C#N)c4)cn3)cc2C#N)cn1,15.58
N#Cc1ccc(-c2ccc(-c3nc(-c4ccc(C#N)cc4)nc(-n4ccc5ccccc54)n3)cc2)cc1,12.67
CCOC(=O)Cn1nc(-c2ccc(C#N)nc2)cc1C(O)(c1ccc(-c2ccc(F)cc2)cc1)c1ccc(N)c(C#N)c1,39.59
N#Cc1ccc(-c2cc3c(ncn3CC3OC(CO)C(O)C3O)c(C#N)n2)cc1,10.45
N#Cc1ccc(-c2ccc(-c3nc(COc4ccc(-c5nc6cc(C#N)ccc6[nH]5)cc4)nnc3C#N)cc2C#N)nc1,18.62
N#Cc1ccc(-c2ccc(C#N)c(-c3nccc(C#N)n3)c2)cc1,18.23
N#Cc1cc(-c2ccncc2)cc(-c2cnc(-c3cnc(C#N)nc3)nc2)n1,14.84
N#Cc1ccc(-c2cn[n+](-c3cc(-c4ccc(C#N)nc4)nc(C=Cc4ccc(-c5nc6ccccc6nc5-c5ccc(C#N)cc5)cc4)n3)o2)cc1,26.14
N#Cc1c(N)ccc(N)c1C#N,11.9
N#Cc1ccc(-c2cc(-c3ccc(C#N)nc3)nc(-c3cnccc3C#N)n2)cn1,17.12
N#Cc1ccc(-c2ccc(=Nc3cccc(-c4cnc(-c5ccc(C#N)cc5)c(-c5ccccc5)n4)c3)[nH]c2)cc1,17.62
Cn1c(-c2cc(-c3ccc(N=Cc4cccc(C#N)c4)nc3)nc(-c3ccc(N=Cc4cc(C#N)cc(C=O)c4O)nc3)n2)c(C#N)c(-c2ccc(C#N)cc2)c1-c1ccc(C#N)nc1,22.95
N#Cc1ccc(C=CC(=O)c2ccc(-c3ccc(C#N)cc3)cn2)cc1,10.44
N#CC(C#N)=c1ccc(=C(C#N)c2nc(-c3ccc(C#N)cc3)nc(=S)n2-c2ccc(-c3ccc(C#N)cc3)cc2)cc1,13.82
N#Cc1cnc(-c2cc(C#Cc3ccc(-c4ccnc(C#N)c4)cn3)cc(-c3ccncc3)c2)cn1,20.55
N#Cc1c[nH]c(-c2cc(C#N)c(-c3ncccn3)nc2-c2ncncn2)n1,19.22
N#Cc1ccc(-c2cc(-c3c(-c4ccc(C#N)cc4)[nH]c(-c4ccc(C#N)cc4)c3C#N)nc(-c3ccc(C#N)cc3)n2)cc1,17.19
N#Cc1ccc(-c2ccc(Cl)cc2)c(-c2cc(Oc3ccc(Cl)c(Cl)c3)c(Br)cc2C#N)n1,31.29
N#Cc1ccc(Nc2sc(Br)cc2-c2nc(-c3ccc(C#N)nc3)c(C#N)[nH]2)cc1,20.25
Cc1nc(C=NO)cn1-c1ccc(-c2cc(-c3cccc(C#N)n3)cc(C#N)n2)cc1,17.89
CC(=O)Nc1cc(-c2cc3c(ncn3C)c(C#N)n2)ccc1-c1cnc(C#N)nc1,16.8
N#Cc1ccc(-c2cc(-c3ccccn3)ccc2C(=O)Nc2ccc(Nc3ccccc3)cc2)nc1,25.23
N#Cc1ccc(-c2nn(-c3ccc(-c4ccccc4C#N)cc3)cc2-c2cncc(C#N)n2)cc1,21.37
N#Cc1ccc(C#Cc2cc(-c3ccc(-c4ccc(C#N)cc4)c(C#N)c3)on2)cc1,19.77
CC1CC(Cn2cnc3c(C#N)nc(-c4ccc(-c5ccc(C#N)cc5)cc4)nc32)C(=O)O1,14.88
Cn1nc(-c2cc3nc(-c4ccc(C#N)cc4)ccc3c(C#N)n2)nc1-c1ccc(C#N)cn1,22.67
N#Cc1ccc(-c2c(C#N)c(=O)n(-c3ccc(-c4cccc(C#N)n4)cc3)c3ccc(Cl)cc23)cc1,19.34
N#Cc1ccc(Oc2ccc(N=c3nc(C#N)[nH]cc3-c3ccc(-c4cncnc4)cc3)cc2)cc1,22.23
Cc1cc(C#N)ccc1-c1nc(N2CCC(c3ccc(C#N)cc3)CC2)nc(-c2nc(-c3ccc(-c4ccc(C#N)nc4)nc3)nn2C(C)C)c1C#N,18.21
N#Cc1cc[nH]c(=Nc2cc(C#N)nc(=Nc3cc(F)c(-c4cccc(C#N)n4)cn3)cn2)c1,17.98
N#Cc1ccc(-c2nc(-c3ccc(-c4ccccn4)cc3)c3ccc(-c4cnc(C#N)c(C#N)n4)cc3c2C#N)cn1,28.05
CN1CCC(Oc2ccc(-c3nc(-c4ccc(C#N)nc4)nc(-c4cc(C#N)ccn4)n3)cc2C#N)CC1,13.32
N#Cc1ccc(-c2cnc3c(C#N)nc(-c4cncc(C#N)c4)cc3n2)cc1,15.06
N#Cc1ccc(-c2cc(-c3ncncn3)c3ccc(-c4ncc(C#N)c(N5CCOCC5)n4)cc3n2)cn1,23.67
N#Cc1ccc(-c2cn(-c3ccc(C#N)cc3)c3cc(-c4cccc(=O)[nH]4)ccc23)cc1,17.55
N#Cc1ccc(-c2nc(C#N)c3ncn(CC4CCNCC4)c3n2)cc1,11.43
C=CCOc1nc(-c2ccc(-c3ccc(C#N)cc3)nc2)nnc1Cc1ccc(F)nc1,36.76
COc1ccc(-c2nc(-c3ccc(N=Cc4cc(C#N)cc(C=O)c4O)nc3)ns2)cc1C#N,11.75
C=C(c1ccc(C#N)cc1)c1nc(C(C#N)=C2CCC(C#N)=NN2c2ccc(C#N)cc2)nc(C(C#N)=c2ccc(=C(C#N)C#N)cc2)n1,24.53
N#Cc1ccc(-c2cc(-c3nc(-c4ccc(C#N)cc4)n(-c4ccc(-c5ccc(C#N)cn5)cc4)n3)ccc2C#N)cc1,17.51
N#Cc1ccc(C#Cc2cc(-c3cncc(C#N)n3)ccc2C#Cc2ccc(-c3cnc(-c4cncc(C#N)n4)cn3)cc2)nc1,17.72
N#Cc1cccc(-c2cc3c(ncn3Cc3ccc(C#N)nc3)c(C#N)n2)c1,10.91
O=C1C2=c3c(ccc4ccccc34)=NC(c3ccccn3)C2C(=O)c2ccccc21,21.43
N#Cc1ncc(-c2cc(-c3cc4c(ncn4CC4CC4)c(C#N)n3)ccn2)cn1,12.67
N#Cc1ccc(-c2ccc(-c3c(C#CCO)ccc4nc(C#N)ccc34)cc2)cn1,31.08
N#Cc1ccc(-c2cc(-c3ccc(Nc4cc5ncc(C#N)cc5cc4N)cc3)nc(-c3ccc(C#N)nc3)c2)cc1,22.68
N#Cc1ccc(-c2ncc3ncnc-3c(C#N)n2)cn1,20.59
N#Cc1ccc(-c2ccc(-c3ccc(-c4ccc(C#N)nc4-c4ccccc4C#N)cc3)nc2C#N)cc1,14.73
N#Cc1ccc(-c2cc(-c3cnc(C#N)nc3)cc(-c3nccc(C#N)n3)c2)cn1,11.33
O=CC1=C(O)C(Cc2ccccc2)=NC1=O,11.45
N#Cc1ccc(-c2nc(C#N)cc(-c3ccc(-c4cccc(C#N)n4)c(C#N)n3)n2)cn1,15.43
O=C(c1ccc(F)cc1)C1CCN(C2CCN(C(=O)c3cccc4ccccc34)CC2O)CC1,27.26
N#Cc1ccc(-c2nc(C3CC3)nc(-c3ccnc(-c4ccc(-c5cnn(C6COC6)c5)cc4)n3)c2C#N)cc1,19.64
N#Cc1ccc(-c2cc(-c3ccccc3C#N)cc(-c3ccc(C#N)nc3)c2C#N)nc1,12.59
N#Cc1ccc(-c2nc(-c3ccc(-c4cnc(OCC(CO)C(=O)O)nc4)cc3)c3cc(-c4ncc(C#N)cn4)[nH]c3n2)nc1,35.13
N#Cc1ccc(-c2nc(-c3ccc(C#N)c(C#N)c3)c(C#N)c(-c3ccc(C#N)cn3)c2C#N)cc1,21.77
N#Cc1ccc(C=c2[nH]c(=O)c(=Cc3ccccc3C#N)[nH]c2=O)cc1,18.36
Cc1cccc(Cn2cnc3c(C#N)nc(-c4ccc(-c5cnc(C#N)nc5)cc4)cc32)n1,13.67
N#Cc1cccc(C#Cc2ccc(C#N)c(-c3ccc(-c4cncc(C#N)n4)cc3)c2)n1,13.72
N#Cc1ccc(-c2ccc(-c3nc(C#N)c(N)nc3C#N)cn2)nc1,14.85
N#Cc1ccc(-c2ccc(-n3cnc4ccc(-c5ccc(C#N)cc5)nc43)cc2)cc1,15.65
N#Cc1ccc(-c2cc(-c3ccccc3C#N)c(C(c3ccc(C#N)cc3)n3ccnc3)nc2-c2ccc(-c3ccc(C#N)cn3)cc2)cc1,24.0
N#Cc1ccc(-c2cc(-c3ccc(-c4nc(C#N)c(-c5ccc(C#N)nc5)nc4-c4ccc(C#N)cc4)nc3)c(C#N)c(-c3ccc(C#N)cc3)n2)cc1,19.76
N#Cc1ccc(-c2cc(-c3ccnc(C#N)n3)ccn2)cn1,14.64
Cn1cc(C#N)nc1-c1cnc2cc(-c3ccc(-c4ccc(C#N)cn4)c(C#N)c3)nc(C#N)c2c1,23.3
N#Cc1ccc(-c2nc(N3CCOC(c4ccccc4F)C3)nc(-c3nc(-c4ccc(C#N)nc4)cc(-c4cncc(C#N)c4)n3)c2C#N)cc1,20.35
N#Cc1ccc(-c2cc(-c3ccc(-n4cc(-c5ccc(C#N)cc5)nc4-c4ccc(C#N)cc4)c(N=Cc4cccs4)c3)cc(-c3ccc(C#N)nc3)n2)cc1,32.67
N#Cc1ccc(-c2ccc(CC#Cc3ncc(-c4ccc(-c5ccc(C#N)cc5)cc4)c(-c4ccc(C#N)cc4)n3)cc2)cc1,17.16
CC1(C)Oc2cccc3cccc(c23)C(=O)C(C=O)=C1O,18.39
N#Cc1ccc(C(=O)NCc2ccc(C#Cc3cc(-c4ccc(C#N)nc4)cc(-c4ncc(C#N)cn4)c3)cc2)cc1,29.13
N#Cc1ccc(-c2cc(-c3ccc(C#N)nc3)nc(-c3cnc(-c4ccc(C#N)nc4)c(C#N)n3)c2)c(C#N)c1,14.66
N=C(N)N1CCCC(c2nnc(-c3ccc(-c4ccnc(Nc5ccc6c(c5)C(=O)c5ccc(N)cc5C6=O)n4)cc3)o2)C1,27.12
N#Cc1ccc(-c2ccc(-c3ccc(-c4ncccc4C#N)cc3F)nc2C#N)c(C#N)c1,15.97
Cc1cc(C#N)c(Cl)cc1-c1c(C#N)c(-c2ncnc(-c3ccc(-c4ccc(C#N)cc4)nc3)n2)nn1-c1ccc(C#N)cc1,14.48
N#Cc1ccc(-c2nc(C#N)c(-c3ccc(C(N)=O)cc3)nc2C#N)cc1,21.58
N#Cc1ccc(-c2ccc(-c3nc(C#N)c[nH]3)nc2C#N)cn1,13.43
N#Cc1ccc(-c2nc(C#N)nc(C#N)n2)nc1,14.99
COc1cc2c(cc1Cl)C(c1cc(OC)c(OC)c(OC)c1)C1C(=O)OCC1C2OC(=O)Cc1cccc(C#N)c1,33.01
N#Cc1cccc(COc2nc(-c3ccc(-c4cccc(C#N)c4)cc3)cc(C#N)c2C#N)c1,17.46
N#Cc1ccc(-c2ccc(-c3nc(-c4ccc(C#N)nc4)c(-c4ccncc4)c(-c4cccc(C#N)n4)n3)nc2)cc1,23.11
N#Cc1ccc(-c2cc(C#N)nc(-c3ccc(-c4nccc(C#N)n4)cc3)c2)cn1,9.0
N#Cc1ccc(-c2cc(-c3ccncc3)c(-c3ccc(C#N)cc3)c(C#N)n2)cc1,14.71
C=CCn1c(=Cc2ccc(-c3cc(-c4cc[n+]([O-])cc4)nc(-c4ccc(C#N)cc4)n3)cc2OC)nc(-c2ccc(F)cc2F)c1=C(C#N)c1ccc(C#N)cc1,34.56
N#Cc1ccc(Nc2cc(-c3ccc(C#N)cc3)cc(-c3ccc(C#N)cc3)n2)cc1,16.22
COc1ccc(-c2nc(C)cc(Cn3c(-c4cccc(F)c4)cc4cc(C#N)ccc43)n2)cc1C#N,28.19
N#Cc1ncc(-c2ccc(-c3cnc(-c4ccc(C#N)c(C#N)c4)c(C#N)n3)cc2)cn1,14.28
N#CC=Cc1cc(-c2cnc(C#N)nc2)cc(-c2cc(-c3cnc(C#N)cn3)cc(-c3ccc(C#N)nc3)n2)n1,16.08
N#Cc1ccc(-c2cc(-c3cnc(C#N)nc3)cnc2C#N)nc1,12.15
N#Cc1ccc(-c2cncc(-c3ccnc(-c4nc(-c5ccc(C#N)cc5)cc(-c5ccc(C#N)cc5)c4C#N)n3)c2)cc1,19.31
N#Cc1ccc(C#Cc2ccc(-c3cnc(C#N)cn3)cn2)cc1,13.14
N#CC(C#N)=c1ccc(=C(C#N)c2nc(C(C#N)=c3ccc(=C(C#N)C#N)cc3)nc(C(c3ccc(C#N)cc3)=c3ccc(=C(C#N)C#N)cc3)n2)cc1,12.8
N#Cc1ccc(Nc2cncc(Nc3ccc(C#N)cn3)n2)cc1,15.64
Cc1cc(C)n(-c2cnc(-c3ccc(-c4ccc(C#N)cn4)cc3)c(-c3ccncn3)n2)n1,16.13
N#Cc1ccc(-c2cc(-c3ncccc3N)nc(-c3cccc(-c4ncc(C#N)cc4C#N)c3C#N)n2)nc1,21.55
N#Cc1ccc(-c2ccc(-c3nnc(-c4ccc(C#N)cc4)nc3-c3ccc(C#N)cc3)cc2)cc1,13.35
N#Cc1ccc(-c2ccc(-c3ncc(-c4ncc(C#N)cn4)nc3-c3ccc(C#N)nc3)cc2)cc1,15.21
N#Cc1ccc(-c2cc(-c3ccc(C#N)cc3)nc(-c3ccc(C=Nc4ccc(F)cc4N)cc3)c2)cc1,13.91
N#Cc1cccc(-c2ccc(C#Cc3ccc(-c4cccc(C#N)c4)nn3)cn2)c1,11.87
N#CC(=Cc1ccc(-c2ccc(C#N)cc2)o1)c1nc(=N)c(C#N)c(-c2ccc(-c3ccc(C#N)cc3)cc2)[nH]1,16.61
N#Cc1ccc(-c2ccc(-c3nc4ccc(-c5ccnc(C#N)c5)cc4n3Cc3ccc(-c4cnc(C#N)nc4)cc3)cc2)cc1,24.88
N#Cc1ccc(-c2nc(C#CC#Cc3cnc(C#N)nc3)ccc2-c2cncc(C#N)n2)cc1,21.49
N#Cc1ccc(-c2cc(C(=O)N(C#N)c3nc(C#N)nc(C#N)n3)cnc2-c2ccc(C#N)cc2)cc1,26.75
N#Cc1ccc(C#Cc2ncc(C#N)nc2-c2ccc(-n3ccnc3)c(C#N)c2)cn1,19.01
Cc1cc(C#N)ncc1CNCc1nc(-c2ccc(-c3ccc(C#N)cc3)cc2)cc(-c2ccc(C#N)nc2)n1,24.86
N#Cc1cccc(-c2nc(-c3ccc(OC4CCC(C(=O)O)CC4)c(C#N)c3)nc(-c3cc(C#N)ccc3C#N)n2)c1,12.82
N#Cc1cc(-c2ccc(C#N)nc2)cc(-c2ccc(-c3cccc(C#N)n3)cn2)c1,9.64
N#Cc1ccc(-c2nc(C#N)c(-c3ccc(C#N)cc3)c(-c3nc(C#N)c(C#N)n3C#N)n2)cc1,17.97
N#Cc1ccc(-c2nc(CC(c3ccc(F)cc3)c3ccc(C#N)cc3)cc(-c3ccccc3C#N)n2)cc1,28.94
C#Cc1cccc(N=c2nc(Nc3ccc(-c4ccc(C#N)cc4)cc3)[nH]c(-c3ccc(C#N)cc3)n2)c1,25.12
N#Cc1ccnc(-c2cnc(-c3ccc(C#N)c(C#N)c3)c(C#N)n2)n1,11.52
N#Cc1ccc(-c2ccc(-c3nc(C#N)c(-c4cccc(C#N)n4)nc3C#N)nc2)nc1,9.19
N#Cc1ccc(-c2ccc(-c3nc(C#N)c(-c4cccc(C#N)n4)nc3N3CCC(O)C3)cn2)nc1,11.03
N#Cc1ccc(-c2cc(OCc3ccc(-c4ccccc4)cc3)c(-c3ccc(O)c(C#N)c3)c(C#N)c2C#N)cc1,21.89
N#Cc1cnc(-c2nc(-c3ccc(N)c(N)c3)cc(-c3nc(C#N)cc(-c4ccc(C#N)nc4)c3C#N)n2)nc1,22.33
Cc1ccc(C#N)cc1CN=c1ccn(CC(=O)c2ccc(C#N)c(-c3ccc(C#N)cn3)c2)cc1C#N,30.04
Cn1c(-c2ccc(C#N)cc2)nc(-c2ccc(-c3ccc(C#N)cc3)cc2)c1-c1ccc(C#N)cc1,13.6
N#Cc1cccc(-c2cc(-c3ccc(-c4ccc(-c5ccco5)nc4C#N)nc3)cc(-c3ncncn3)c2)n1,22.33
N#Cc1cnc(-c2ccc(-c3nc(C#N)c4ncn(CCO)c4n3)cc2C#N)cn1,16.49
Cc1ccc(-c2cc(C#N)c(-c3ccc(C#N)cc3)cc2-c2ccc(C#N)cc2)nc1,19.46
N#Cc1ccc(-c2cc(-c3ccc(C#N)nc3)nc(-c3nccc(-c4ccc(C#N)c(C#N)c4)n3)c2C#N)c(C#N)c1,17.85
N#Cc1ccc(-c2ccc(C#Cc3cc4ccccc4nc3-c3ccc(C#N)cc3)cc2)cc1,19.23
N#Cc1cccc(-c2ccc(N=c3cc(N=c4nc(C#N)cc[nH]4)cc(C#N)[nH]3)nc2)n1,16.6
N#Cc1ccc2c(ccc(=O)n2-c2ccc(-c3ccc(Nc4nc(C#N)c(-c5ccc(-c6ccc(C#N)nc6)cc5)nc4C#N)cc3)cc2)c1,16.22
Cc1cnc(Cl)nc1-c1ccc(N(Cc2ccc(-c3ccccc3)cc2)c2cc(-c3ncncn3)nc(C#N)n2)cc1,14.97
N#Cc1ccc(-c2ccc(-n3cc(C#N)c4cc(-c5nc(C#N)nc(-c6cccc(C#N)n6)n5)ccc43)cc2)cn1,23.15
N#Cc1ccc(-c2ccc(-c3nc(-c4ccc(C#N)nc4)nc(-c4cnc(C#N)nc4)n3)cc2C#N)cc1,11.08
CCCNc1ccc2nc(Cc3cccc(C#N)c3)n(-c3ccc(-c4ccc(C#N)cc4)cc3)c(=O)c2c1,25.94
Cc1cc(-c2cccc(C#N)n2)ccc1C#Cc1ccc(C#N)nc1C#Cc1ccc(-c2cccc(C#N)n2)cc1,19.89
N#Cc1ccc(-c2nc(-c3ccc(-c4cncnc4)cc3)nc(-c3ccc(OC4CCC(C(=O)O)CC4)c(C#N)c3)n2)cn1,17.77
N#Cc1ccc(-c2ccc(-c3ncc(-n4ccc5ccccc54)nc3-c3ccncc3)cc2)nc1,10.92
Cn1c2ccccc2c2cc(OC3=C(C=O)C(O)=C(C=O)C(=O)C3=O)ccc21,16.54
Cc1cc(C#N)c(F)cc1-c1nc(N2CCOCC2C#N)nc(-c2cc(-c3ccc(C#N)cc3)nc(-c3ncc(C#N)cc3Cl)n2)c1C#N,25.42
N#CC(C#N)=c1ccc(=C(C#N)c2ccc(-c3ccncc3)cn2)cc1,14.73
N#Cc1ccc(-c2cc(C#N)cc(-c3nc(-c4ccc(C#N)nc4)nc(-c4ccc(C#N)c(F)n4)n3)c2C#N)cc1,15.77
N#Cc1ccc2c(c1)C(=O)c1ccc(Nc3cc(Nc4ccc(C#N)c(C#N)c4)ncn3)cc1CC2,11.67
N#Cc1ccc(-c2ccc(Nc3c(-c4cnc(-c5ccc(C#N)cn5)cn4)nc(C#N)c(-c4ccc(C#N)cc4C#N)c3C#N)cc2)cc1,21.12
N#Cc1ccc(-c2ccc(-c3nc(C#N)cnc3-c3ccc(C#N)cn3)cc2)nc1,9.26
N#Cc1ccc(C=Cc2nc(Nc3ccc4c(c3)C(=O)c3ccc(N)cc3C4=O)nc(-c3ccc(C#N)cc3)n2)cc1,15.45
N#Cc1ccc(-c2nc(-c3ccc(C#N)nc3)cc(-c3ccnc(-c4ccc(C#N)cn4)c3)c2C#N)cc1,13.95
Cc1ccc(-c2nc(-c3cncc(C#N)c3)nc(-c3ccc(-c4ccc(C#N)cc4)s3)n2)c(C)n1,19.62
N#Cc1ccc(-c2ccc(-c3nc(-c4ccc(C#N)nc4)c(-c4ccc(C#N)nc4)nc3-c3ccc(C#N)cc3)cc2)cc1,13.11
Cc1cc(C#N)c(-c2ccc(C#N)cn2)cc1-c1nc(C#N)cc(-c2nc(-c3ccc(C#N)cc3)cc(-c3cccc(C#N)c3)n2)c1C#N,16.25
N#Cc1ccc(-c2nc(-c3ccc(F)c(C#N)c3)nc(-c3nc(C#N)cc(-c4ccc(C#N)nc4)c3C#N)n2)cn1,15.93
N#Cc1cccc(-c2cc(C#N)c(-c3ccc(-c4cnc(C#N)c(C#N)n4)cc3)cn2)n1,16.75
N#Cc1ccc(-c2ncc(-c3ccc(-c4nc(C#N)cnc4C#N)cn3)cc2C#N)cn1,13.78
N#Cc1ccc(-c2ccc(-c3cc4c(ncn4CCc4ccccc4C#N)c(C#N)n3)cc2)cn1,14.82
N#Cc1ccc(-c2ccc(N=Cc3c(-c4ccc(C#N)nc4)nc(-c4ccc(C#N)cc4)c(C#N)c3O)nc2)cc1,9.79
N#Cc1ccc(-c2ccc(-c3cnn4c(-c5ccc(-c6ccc(C#N)nc6)c(C#N)c5)cc(C#N)nc34)cc2)nc1,20.59
C=c1[nH]n(-c2ccc(-c3nc(-c4ccc(C#N)cc4)cc(-c4ccc(C#N)cc4)n3)cc2)c(=O)c1=Cc1ccc(-c2ccc(C#N)cc2)o1,15.61
N#Cc1ccc(-c2cc(-c3ccc(C#N)nc3)cc(-c3ccc(-c4cccc(C#N)n4)cn3)c2)nc1,10.13
Nc1ccc2c(c1)C(=O)c1cc(Nc3ccc(F)cc3F)ccc1-2,17.9
Cc1cc(-c2cccc(C#N)n2)cc(C)c1Nc1nc(-c2ccc(C#N)cc2C#N)cs1,24.04
N#Cc1ncc(-c2ccc3c(-c4ncncn4)c[nH]c3c2)nc1C#N,10.96
N#CC=Cc1cccc(-c2nc(-c3ccc(C#N)nc3)nc(-c3cnc(-c4ccc(C#N)cc4)c(C#N)c3)n2)n1,13.2
N#CC=Cc1cc(-c2ccc(C#N)cc2)cc(-c2ccc(C#N)cc2)n1,15.85
N#Cc1ccc(-c2cc(-c3csc(-c4cnc(C#N)c(N)n4)c3)nc(-c3ccc(C#N)cc3)n2)cc1,19.73
N#Cc1ccc(-c2cnc(-c3ccc(-c4ccc(C#N)cn4)cc3)c(-c3ccc(C#N)nc3)n2)cc1,15.02
Cc1nn(C)c(C)c1-c1ccc(C#Cc2ccc(C#N)cc2)c(C#Cc2cncc(Cl)c2)c1,33.47
N#Cc1ccc(-c2cc(C#N)nc(-c3cc(-n4cccn4)nc(-c4cccc(C#N)c4)n3)c2C#N)cc1,20.75
N#Cc1ccc(CC2=C(O)C(=CNc3ccc(-c4cccc(C#N)c4)cc3)C(=O)C(C=O)=C2O)cc1,10.6
N#Cc1ccc(-n2c(=O)ccc3cc(-c4cnc(C#N)c(C#N)n4)ccc32)c(F)c1,18.31
N#Cc1ccc(-c2ccc(-c3ccc(-n4cc(C#N)cc4-c4ccc(C#N)cc4)cc3)nc2C#N)cc1,15.08
N#Cc1cc(-c2cc3c(ncn3Cc3ccc(-c4ccccc4C#N)cc3)c(C#N)n2)ccn1,13.46
N#Cc1ccc(-c2cc(-c3ccc(C#N)cn3)nc(-c3ccc(C#N)nc3)c2C#N)cc1,12.99
Cc1nc(-c2ccc(C#N)nc2)sc1CC(C#N)NC(=O)C1NC2CCC1C2,28.3
N#Cc1ccc(-c2cc(-c3ccc(C#N)nc3)cc(-c3ccc(-n4c(N)c(C#N)c5nc6ccccc6nc54)nc3)n2)cc1,26.66
N#CC(C#N)=c1ccc(=C(C#N)c2ncnc(C(c3ccc(C#N)cc3)(c3ccc(C#N)cc3)c3ccc(C#N)cc3)n2)cc1,12.45
Cn1cnc2c(O)c(-c3c(C#N)nc(-c4ccc(C#N)cc4)nc3C#N)nc(C#N)c21,22.38
N#Cc1ccc(-c2sc(-c3ccc(OCc4ccccc4C#N)c(C#N)c3)nc2-c2cccc(C#N)n2)cc1,18.68
Cc1cc(C#N)ccc1-c1nc(C#N)cc(-c2nc(C#N)nc(-c3ccc(C#N)cc3)n2)c1C#N,17.17
COc1ccc(C2C(=O)c3cc(C#N)c(OC)cc3OC2c2ccc(C#N)cc2)cc1,22.88
N#Cc1ccc(C#Cc2ccc(C#N)c(-c3ccc(C#N)c(F)c3)c2)nn1,18.07
N#Cc1ccc(CN2CCN(CC3=CC(=Cc4nc5ccccc5s4)C(=O)C(C=O)=C3O)CC2)cc1,23.83
N#CC(C#N)=c1ccc(=C(C#N)c2nc(C#N)c3cc(N)c(C#N)cc3n2)cc1,10.33
N#Cc1cnc(-c2cc(F)cc(Cc3ccc(-c4cccc(C#N)n4)cn3)c2)nc1,20.66
N#Cc1cc(-c2cc(C#Cc3cccc4ccccc34)c3c(=N)cc(-c4cnc(C#N)nc4)[nH]c3c2)ncn1,32.61
N#Cc1ccc(-c2ccc(C=Cc3ccnc(-c4ccc(C#N)cn4)c3)nc2)cc1,18.1
N#Cc1ccc(-c2ccc(-c3cc(-c4ccc(C#N)cc4)nc(-c4cc(C#N)nc(-c5ccccc5C(N)=O)c4C#N)n3)cc2)cc1,14.74
Cn1cc(-c2cccc(-c3nc(-c4cc(C#N)cc(-c5ccc(C#N)cn5)c4C#N)nn3C)c2)cn1,21.57
N#Cc1ccc(-c2ccc(-c3ccc(-n4ccc(-c5ncc(C#N)cn5)n4)nc3)nc2C#N)cc1,24.82
N#Cc1cnc(-c2nc(Cc3ccccc3)c(C#N)c(-c3cccc(Br)c3)n2)nc1C#N,22.24
N#Cc1ccc(-c2cc(-c3cncc(C(O)CO)c3)nc(-c3ccc(C#N)nc3)n2)cc1,27.63
Cc1cc(C#N)c(Cl)cc1-c1c(C#N)c(-c2nc(-c3ccc(C#N)nc3)cc(-c3ccc(F)c(C#N)c3)n2)nn1CC#N,14.04
N#Cc1ccc(-c2ccc(-c3ccc(-c4cccc(C#N)n4)cc3)nc2C#N)cc1,13.4
N#Cc1ccc(-c2cc(-c3ccc(-c4ccc(C#N)cn4)cn3)cc(-c3ccc(C#N)nc3)n2)cc1,13.18
N#Cc1ccc(-c2ccc(-c3ccc(C#N)nc3-c3ccc(-c4ccc(C#N)cn4)cc3)o2)cc1,14.86
N#Cc1ccc(-c2cc(-c3cc(C#N)ccc3OCc3ccc(-c4cccc(C#N)n4)cn3)ccc2C#N)nc1,18.38
N#Cc1ccc(-c2ccc(-c3ccc(-c4cccc(C#N)n4)c(C#N)n3)cc2)cc1,12.23
N#Cc1ccc(-c2ccc(CN3C(=O)C(=Nc4ccc(C#N)c(C#N)c4)c4ccccc43)cn2)nc1,22.25
N#CC1C(=N)C(=Cc2ccc(N)cc2)C(C=Nc2ccc(Nc3ccc(NC(=O)c4ccc(NC=C5C(=O)C(=CNc6ccc(N)cc6)C(=O)C(=CNc6ccc(N)cc6)C5=O)cc4)cc3)cc2)C1=O,23.57
CNc1ccc(-c2ccc(-c3ccc(O)c(C#N)c3)nc2)cc1N,18.84
CC(C)(O)C(F)CNC(=O)c1c[nH]c(-n2ccc3ccccc32)nc1=Nc1ccc(-c2ccnc(C#N)n2)cc1,20.57
N#Cc1ccc(C(=O)CSc2nnc(-c3ccc(F)cc3)nn2)cc1,26.34
N#Cc1ccc(-c2ccc(-c3cc(-c4ccc(-n5cc(-c6ccc(C#N)nc6)cn5)cc4)no3)cn2)cc1,22.14
N#Cc1ccc(-c2ccc(C=Cc3ccc(-c4ccc(C#N)cc4C#N)nc3)cn2)cc1,18.43
N#Cc1ccc(C=Cc2nc(C#N)c(Nc3ccc(C#N)cc3)o2)cc1,10.16
N#Cc1ccc(-c2cc(-c3ncncn3)cc3nc(-c4cncc(C#N)n4)ccc23)nc1,20.84
N#Cc1ccc(-c2ccc3c(-c4cc(-c5cncc(C#N)c5)nc(-c5ccccc5C#N)n4)cccc3c2)nc1,17.16
N#Cc1ccc(-c2cc(-c3ccc(C#N)nc3)nc(-c3ccc(-c4ccnc(-n5ccc6ccccc65)c4)cc3)n2)cc1,22.68
N#Cc1cccc(-c2cc(-c3ccc(-n4ccnc4)cc3)nc(-c3ccc(C#N)c4ccccc34)n2)n1,16.1
N#Cc1ccc(-c2cc(-c3ncc(C#N)cn3)nc(-c3cc(-c4ccc(C#N)s4)c[nH]c3=N)n2)nc1,22.0
N#Cc1ccc(-c2c[nH]c(=N)c(-c3cc4ncn(-c5ccc(-c6ccc(C#N)cn6)cc5)c4cn3)n2)cc1,13.95
N#Cc1ccc(-c2cc(-c3cnco3)ccc2C#N)cc1,15.87
N#Cc1ccc(-c2nc(-c3ccc(C#N)nc3)ncc2-c2nc(C#N)ccc2C#N)cc1,17.34
N#Cc1ccc(-c2ccc(-c3cnc(-c4ccc(C#N)nc4)c(C#N)n3)nc2)nc1,12.54
Cc1cc(C#N)ccc1-c1nc(N2CCC(c3ccccc3)C2)nc(-c2nc(C#N)nc(-c3ccc(C#N)cc3)n2)c1C#N,16.0
CC1CC(=O)c2ccnc(-c3cc(-c4ccc(C#N)cc4)cc(-c4ccc(C#N)cn4)c3)c2O1,27.93
N#Cc1cccc(-c2cc(C#N)nc(-c3cc4c(ncn4C4CCCCO4)c(C#N)n3)c2)n1,25.57
N#CC=C(C#N)c1cc(-c2ccc(C#N)cn2)cc(-c2cc(C#N)nc(-c3ccc(-c4ccc(C#N)cn4)nc3)c2)c1C#N,22.25
N#Cc1ccc(C#Cc2cnc(C#N)nc2)nc1,11.67
N#Cc1ccc(-c2ccc(-c3cc(C#N)nc(-c4ccc(-c5ccc(C#N)cn5)nc4)c3)cn2)cc1,12.3
N#Cc1cncc(-c2cc3c(ncn3Cc3ccnc(C#N)n3)c(C#N)n2)c1,10.75
COc1cc(-c2ccnc(-c3cccc(-c4cc(C#N)ccc4C(=O)c4ccc(C#N)cc4)c3C#N)n2)ccc1-n1cc(C#N)cn1,22.46
N#Cc1ccc(-c2cc(-c3ccc(-c4nc(C#N)c(-c5ccc(C#N)cc5)o4)cc3)cc(-c3ccc(-c4ccc(C#N)cc4)c(N)c3)c2)cc1,17.43
N#Cc1ccc2c(c1)C(=O)c1ccc(-n3cnc(-c4ccc(C#N)nc4)c3)cc1C2=O,19.88
N#Cc1cccc(-c2ccc(-c3ncc(C#N)[nH]3)cc2)c1,11.22
N#Cc1cccc(-c2ccc(-c3nc(C#N)nc(C#N)n3)nc2)n1,13.88
COc1cc(F)ccc1-c1nc(-c2ccc(C#N)cn2)nc(C#Cc2ccc(-c3cccc(C#N)n3)cc2)c1C#N,30.33
N#Cc1ccc2c(C#N)ccc(-c3nc(C#N)cc(-c4ccc(C#N)c5ccccc45)n3)c2c1,12.43
N#Cc1ccc(C#Cc2ccc(-c3cc(C#N)c(C#N)cc3C#N)cn2)nc1,15.55
N#Cc1ccc(-c2cc(-c3ccc(C#N)nc3)nc(N)c2C#N)cc1,9.18
N#Cc1ccc(-c2ncc(-c3ccc(C=Nc4ccc(-c5ccc(-c6cnc(C#N)c(C#N)n6)cc5)cc4)cc3)nc2C#N)cc1,15.8
N#Cc1cncc(-c2cc(-c3nc(C#N)ccc3C#N)nc(C#N)n2)c1,15.87
N#Cc1cccc(-c2ccc(NCc3cnc(C#N)nc3)nc2)n1,12.15
N#Cc1ccc(-c2ccc(-c3cc(C#N)cnc3C#Cc3ccc(-c4ncc(C#N)cc4F)nc3)cc2C#N)nc1,24.6
N#Cc1cnc2cc(-n3cnc4cc(-c5ccc(F)cc5)ccc43)ccc2c1NC1CCCNC1,34.8
CCCc1n[nH]c(C2CN(Cc3cscn3)CCO2)n1,25.82
N#Cc1cccc(-c2ccc(NCCNCc3ccc(-c4ccc(-c5ccc(C#N)c(C#N)c5)cn4)s3)nc2)n1,24.01
Cc1nc(Nc2cc(-c3ncncn3)cc(-c3ccc(C#N)cc3)n2)cc(-c2ccc(C#N)nc2)n1,21.7
N#Cc1ccc(-c2cc(C(c3ccc(C#N)nc3)c3ccc(C#N)cn3)ccc2C#N)cc1,14.73
N#CC(=Cc1ccc(C#N)cc1)c1ccc(-c2ccc(C#N)cc2)cc1,10.72
N#Cc1cncn1Cc1ccc(F)cc1,18.78
N#Cc1ccc(-c2c[nH]c(=N)c(-c3ccc(N(c4ccc(F)cc4)c4ccc(NC=C5C(=O)C(C=O)=C(O)C(C=O)=C5O)cc4)cc3)n2)cc1,17.01
N#Cc1ccc(N=c2nc(N=c3cc(C4CC4)[nH][nH]3)cc(-c3ccc(-c4cnc(C#N)nc4)c(F)c3)[nH]2)cc1,26.84
N#Cc1ccc(-c2ccc(-c3ccc(-c4nc(C#N)cnc4-c4cnc(C#N)nc4)cn3)cn2)nc1,16.87
N#Cc1ccc(-c2cc(-c3ccc(-c4cnc(C#N)c(C#N)n4)cc3C#N)ncc2Br)nc1,22.93
N#Cc1ccc(-c2ccc(C#Cc3ccc(-c4nc(C#N)ccc4-c4ccc(C#N)nc4)cc3)cc2)cc1,14.09
N#Cc1ccc(-c2ccc(-c3nc(-c4ccc(C#N)nc4)nc(-c4ccc(C#N)c(C#N)c4)n3)c(C#N)c2)cc1,12.93
N#Cc1nc(-c2ccc(Cl)nc2)cc2c1ncn2CCc1ccccc1,23.16
N#Cc1ccc(-c2cc(C#Cc3ccc(C#N)c(C#N)n3)cc(-c3nc(-c4cnc(-c5ccc(-c6cccc(C#N)n6)c(C#N)n5)cn4)ncc3C#N)c2)cn1,25.93
Cc1ccc(-c2nc(C3CC3)nc(-c3nc(-c4ccc(-c5ccncc5)cc4)nc(-c4ccc(C#N)cc4Cl)n3)c2C#N)c(C)c1,19.89
N#Cc1ccc(-c2cc(-c3ccc(C#N)cc3)c(C#N)c(-c3nc(-c4ccc(C#N)cc4)nc(-c4ccccc4C#N)n3)c2)cc1,16.45
C#CCOc1nc(N(c2ccc(C#N)cc2)c2ccc(C#N)cc2)nc(-n2ccc3ccccc32)nc1=N,26.47
Cc1ccc(-c2cc(C#N)nc(-c3nc(C#N)cc(-c4cccc(C#N)c4)n3)c2C#N)c(C)c1,17.96
N#Cc1ccc(C(=O)Nc2nn(-c3ccc(Cl)c(Cl)c3)[n+](-c3ccc(Cl)cc3)c2C#N)cc1,28.3
N#Cc1ccc(-c2ccc(N=c3nc(-c4cnn(-c5cc(C#N)ccn5)c4)cc[nH]3)cc2)nc1,18.0
N#Cc1ccc(-c2cc(N(Cc3nccc(C#N)n3)C(=O)c3ccc(-c4cccc(C#N)n4)cc3)ccc2C#N)nc1,25.19
N#Cc1ccc(-c2cc(F)c(-c3ccc(-c4cccc(C#N)n4)cn3)cn2)cn1,15.23
Cc1ccc(C#N)cc1-c1ccc(-c2ccc(C#N)cn2)nc1,12.85
N#Cc1ccc(-c2ccc(-c3cc4c(ncn4Cc4cncc(C#N)n4)c(C#N)n3)cc2C#N)cn1,13.97
N#CC(=C1CCCC1)c1nc(C(C#N)=c2ccc(=C(C#N)C#N)cc2)nc(=O)[nH]1,13.71
N#Cc1cccc(Nc2cc(-n3cnc4cc(-c5ccc(O)c(C#N)c5)ccc43)cc(-c3ccc(C#N)nc3)n2)c1,29.29
Cc1noc(-c2ncc(-c3nc(C#N)c(C#N)cc3C#Cc3ccc(C#N)cn3)cn2)n1,29.01
N#Cc1ccc(CN(c2ccc(-c3ccc(S(N)(=O)=O)cc3)cc2)c2ccc(C#N)c(-c3ccc(C#N)nc3)c2)cn1,25.76
CC(=O)c1cc(N)c(C#N)c(C#N)c1O,19.91
N#Cc1ccc(-c2cc(-c3cnc(-c4cccc(C#N)n4)c(C#N)n3)c3cc(C(F)(F)F)ccc3n2)cn1,18.43
N#Cc1ccc(-c2cc(-c3ccc(C#N)cc3)c(C#N)c(-c3nc(-c4ccc(C#N)cc4)nc(-c4ccc(C#N)nn4)n3)n2)cc1,12.01
N#Cc1ccc(C(c2ccc(N)cc2)(c2ccc(N)cc2)c2ccc(N)cc2)cc1,11.47
N#Cc1ccc(-c2cn(-c3ccc(-c4ccc(C#N)nc4)cc3)nc2C#N)cc1,10.5
CNc1nc(-c2cccc(-c3ccc(-c4cccc(C#N)n4)cc3)n2)c(C#N)c(-c2cc(Cl)c(C#N)cc2C)n1,16.97
N#Cc1cccc(-c2ccc(C#Cc3ccc(-c4ccc(-c5cccc(C#N)n5)c(C#N)n4)cn3)cc2)n1,12.55
N#Cc1ccc(-c2cc(C#N)nc(-c3nc(-c4ccc(C#N)nc4)cc(-c4cccc(C#N)c4)n3)c2C#N)cc1,11.67
N#Cc1cncc(-c2ccc3c(c2)ncn3-c2cccc(-c3ncc(C#N)c(C#N)n3)c2)c1,20.07
Cc1ccc(C)n1-c1ccc(-c2ccc(-c3cccc(NC(=O)c4cccc(C#N)n4)c3C#N)cc2)cc1,25.92
N#Cc1ccc(-c2cc(C#N)cc(-c3ccc(-n4cnc(-c5ccncn5)n4)cc3)c2)cc1,20.17
Cc1cc(Cl)cnc1-c1cc(-c2cc(-c3ccc(C#N)nc3)nc(-c3cc(-c4ccc(C#N)cc4)nc(-c4c(F)cccc4Cl)c3C#N)n2)ccc1F,27.34
COc1ccc(C(c2ccc(OC)cc2)=c2c3ccccc3c(=C(C#N)C#N)c3ccccc23)cc1,15.07
Cc1ccc2nc(C(C#N)=Cc3ccc(C#N)cc3)c(C#Cc3ccccc3)nc2c1,28.44
N#Cc1ccc(-c2nc(-c3ccc(OC4CCC(=O)NC4)c(C#N)c3)nc(-c3nccnc3C#N)n2)cn1,21.18
N#Cc1ccc(-c2cncc(-c3ccc4ncccc4c3)n2)cc1,15.49
N#Cc1ccc(-c2ccc(-n3c(C#N)ccc3-c3ccc(-c4ccc(C#N)cn4)cc3)cc2)cc1,11.4
Cc1cc(C#N)c(F)cc1-c1nc(-c2ccc(C#N)cc2)cc(-c2nc(C#N)nc(-c3cccc(C#N)c3)n2)c1C#N,17.2
N#Cc1ccc(-c2nc(N)c(-c3ccc(-c4ccc(N)c(N)c4)cn3)nc2C#N)cn1,16.9
CN1CCC(Oc2ccc(-c3nc(-c4ccc(Cl)c(Cl)c4)nc(-c4cccc(C#N)n4)n3)cc2C#N)CC1,17.34
N#Cc1ccc(-c2nc(C3(C#N)CC3)nc(-c3nc(-c4ccnc(C#N)c4)nc(N4CCOCC4)n3)c2C#N)cc1,25.49
N#Cc1ccc(Oc2ncc(-c3ccnc(C#N)c3)cc2C#N)cc1,13.36
N#Cc1cc(-c2cc3c(ncn3CC3CCCO3)c(C#N)n2)ccn1,13.13
N#Cc1ccc(-c2ccc(-c3nc(C#N)c(Nc4ccc(-c5ccc(F)cc5C#N)cc4)nc3C#N)cc2)cn1,17.67
N#CC(C#N)=C1C(=Cc2ccc(C#N)cc2)C(=O)C(N=c2ccc(C#N)c(C#N)[nH]2)C(C=O)=C1O,12.52
N#Cc1ccc(-c2cc(-c3ccc(C#N)nc3)nc(-c3cnc(-c4cnc(-c5ccc(C#N)nc5)nc4)c(C#N)c3)n2)cc1,24.92
N#Cc1ccc(-c2cc(C#N)nc(-c3ccc(Oc4ccc(-c5cccc(C#N)n5)cc4)nc3)n2)cn1,18.78
N#Cc1ccc(-c2cc(-c3ccc(C#N)nc3)nc(-c3ccc(C#N)cn3)c2)cc1,11.18
N#Cc1ccc(-c2cc(C#N)cc(-c3ccc(-c4nccc(C#N)n4)cn3)c2)nc1,19.7
N#Cc1ccc(NCCCn2nnc(-c3cc(C#Cc4ccccc4N)cc(-c4ccc(C#N)cc4)n3)n2)cc1,24.9
N#Cc1ccc(-c2cc(-c3cnc(C#N)nc3)ccn2)nc1,11.46
Cc1ccc(-n2[nH]c(-c3ccc(C#N)cn3)cc2=NC(=O)c2ccc(-c3ccc(C#N)cn3)cc2)cc1,22.11
N#CC=Cc1ccc(-c2cc(-c3ccc(C#N)cn3)nc(-c3cccc(-c4ccc(C#N)cc4C#N)c3C#N)n2)nc1,19.99
N#Cc1ccc(-n2ccc3cc(-c4cncc(C#N)c4)cnc32)cc1,13.72
N#Cc1ccc(C(c2ccc(C#N)cc2)(c2cccc(-c3cnc(C#N)nc3)c2)n2ccnc2)cc1,15.47
N#Cc1ccc2c(c1)C(=O)N(CC1(C#N)C(=O)N(c3ccc(C#N)c(C(F)(F)F)c3)C(=O)C(C=O)=C1O)C2=O,16.28
N#Cc1ccc(-c2cccc(-c3nc(-c4ccc(C#N)nc4)nc(-c4ccnc(C#N)n4)n3)c2C#N)cc1,20.01
Cc1c(-c2ccc(C#N)cn2)c(C#N)nn1-c1ncc(C#N)cn1,20.66
N#Cc1ccc(-c2nc(N)c(-c3ccc(-c4ccc(C#N)cn4)nc3)nc2C#N)cc1,8.32
COc1cnc(-c2ccc(-c3cccc(C#N)n3)c(C#N)n2)nc1C#N,15.56
CC1=NC(C)=C(C#N)C(c2ccc(-c3ccc(C#N)cc3)cc2)C1C#N,13.04
N#Cc1ccc(-c2cc(-n3nnc4cc(-c5ccnc(-c6cnn(C7CCNCC7)c6)c5)cnc43)ccc2C#N)cc1,31.97
N#Cc1ccc(-c2cccc(-c3ccc(-c4ncc(-c5ccc(C#N)cn5)c(C#N)n4)nc3)c2)cc1,22.73
N#Cc1ccc(-c2nc(-c3ccc(C#Cc4ccc(Br)s4)cc3)nc(-c3c(F)cc(C#N)c(F)c3F)n2)cn1,20.5
N#Cc1cccc(-c2ccc(-c3nc(C#N)cnc3C(=O)O)c3ccc(-c4ncncn4)cc23)n1,24.73
Cc1nc2cc(-n3ccnc3)cc(-c3ccc(-c4cccc(C#N)n4)cc3)c2n1-c1ccc(-c2ccc(C#N)cc2)cc1,16.39
N#Cc1ccc(-c2cnc(C#N)c(N)n2)cn1,9.74
N#Cc1ccc(-c2ccc(N=Cc3ccc(-c4nc(C#N)c(-c5ccc(C#N)cc5)o4)cc3)cc2)cc1,12.09
N#Cc1ccc(-c2cc(-c3cnc(C#N)nc3)cc(-c3cccc(C#N)n3)n2)cc1,16.2
Cc1cc(C#N)ccc1-c1ccc(-c2nc(C#N)c(-c3ccc(C#N)cc3)nc2N)cc1,11.27
Cc1cc(C(C#N)=c2ccc(=C(C#N)c3ccc(C#N)cc3)cc2)nc(C(C#N)=c2ccc(=C(C#N)C#N)cc2)n1,15.7
Cc1cn(-c2ccc(C=Cc3nc(=Nc4cccc(C#N)n4)nc[nH]3)cc2O)cn1,25.64
N#Cc1ccc(-c2cc(C=Cc3ccc(-c4ccc(C#N)cc4)nc3)nc(-c3ccc(C#N)cc3)c2)cc1,15.56
COc1cc(-c2nc(C#N)c[nH]2)cc(-c2ncnnc2-c2ccc(C#N)cc2)c1F,21.31
N#Cc1ccc(-c2cc(-c3ccc(N=c4ccc(-c5cc(C#N)ccn5)c[nH]4)cc3)cc(-c3ccc(C#N)cn3)n2)cc1,17.93
N#Cc1ccc(Nc2cc(-c3cccc(C#N)n3)nc(-c3ccc(C#N)nc3)n2)cc1,11.05
C#Cc1cc(C#N)cc(-c2cccc(-c3cc(-c4ccc(C#N)nc4)cc(-c4ccc(C#N)nc4)n3)c2)c1,24.89
N#Cc1ccc(-c2ccc(-c3cccc(C#N)n3)cc2)c(C#Cc2ccc(-c3cccc(C#N)n3)cc2)c1,14.86
CC(c1cc(C#N)cc(-c2ccc(C#N)cn2)n1)C(Cn1nccn1)(c1ccc(F)cc1F)c1ccc(F)cc1F,23.4
N#Cc1ccc(-c2cc(-c3ccc(C#N)cc3)nc(-c3cccc(-c4ccc(-n5c6ccccc6c6ccccc65)cc4)c3)c2)cc1,13.79
CN1CC=C(c2ccc(N=c3ccc(C#N)c(-c4ccc(-c5ccccc5)c(C#N)c4)[nH]3)nc2)CC1,35.49
N#Cc1ccc(N=c2cc(-c3ccc(C#N)cc3)[nH]c(-c3ccc(C#N)nc3)n2)cc1,16.77
COc1ccc(C=CC#N)cc1-c1cc(C#N)nc(-c2nn(C)c(-c3cc(Cl)c(C#N)cc3C)c2C#N)n1,19.92
N#Cc1ccc(-c2ccc(-c3cc(-c4ccccc4C#N)cnc3C#N)cc2)c(F)c1,18.84
N#Cc1ccc(-c2ccc(Cc3nc(-c4ccc(N=Cc5cccc6ccccc56)nc4)nc(-c4cccs4)n3)cc2)cn1,33.66
Cc1ncc(C#N)c(-c2ccc(-n3cc(C(=NO)c4ccc(C#N)cn4)c4ccccc43)cc2)n1,25.12
N#Cc1ccc(C(=CCn2cnc3c(C#N)nc(-c4ccc(C#N)cc4)cc32)c2ccc(-c3ccc(C#N)cc3)cn2)cc1,20.6
N#Cc1ccc(-c2ccc(-c3nc(C#N)cnc3-c3ccncc3)cc2)nc1,9.79
N#Cc1cccc(-c2cc3c(ncn3Cc3cccc(C#N)n3)c(C#N)n2)c1,11.91
N#Cc1ccc(-c2nc(-c3ccc(-c4ccc(C#N)cc4)c(C#N)c3)nc(-c3cccc(C#N)n3)n2)cc1,7.54
Cc1c(-c2ccc(C#N)cc2)c(-c2ccc(C#N)cc2)cc(-c2ccc(C#N)cc2)[n+]1-c1cc([O-])ncn1,35.43
N#Cc1ccc(-c2ccc(-c3cc4c(ncn4Cc4cccc(-c5cccc(C#N)c5)c4)c(C#N)n3)cn2)nc1,13.12
N#Cc1ccc(-c2ccc(-c3cnc(-c4nc(C#N)c(-c5ccc(C#N)cc5C#N)nc4N)nc3)cn2)nc1,18.31
Cc1c(C#N)cc(-c2ccc(-c3ccc(C#N)cn3)cc2)n1-c1cccc(C#N)n1,20.88
N#CCCn1cnc2c(C#N)nc(-c3ccc(-c4cnc(C#N)nc4)c(C#N)c3)cc21,12.07
Cc1cc(C#N)c(Cl)cc1-c1nc(OCC(C)(C#N)C#N)nc(-c2nccc(-c3cnc(C#N)nc3)n2)c1C#N,24.13
N#Cc1ccc(-c2ccc(-c3cc(-c4ccc(C#N)cc4)nn3-c3ccc(N=c4cc[nH]c5cc(C6=CCN(C7CCOCC7)CC6)ccc45)cc3)cc2)cc1,31.92
N#Cc1cc(C#N)cc(-c2ccc3nc(-c4ccc(C#N)nc4)c(C#N)cc3c2)c1,13.09
N#Cc1ccc(C(c2nc(-c3ccc(C#N)nc3)c(C#N)nc2-c2ccc(F)cc2Cl)n2ccnc2)cc1,19.52
N#CC(C#N)=CC1=C(C#N)C(=O)c2ccccc2C1=O,17.37
N#Cc1ccc(-c2ccc(Cn3nc(-c4ccc(C#N)cc4)nc3-c3ccc(-c4cccc(C#N)n4)cc3C#N)cc2)cc1,17.89
Cn1c(C#N)ccc1-c1ccc(-c2ccc(-c3nc(C#N)c(-c4cnc(C#N)c(C#N)n4)nc3NC3CCOCC3)cn2)cc1C#N,19.46
CC(=C1C(=O)C(C=O)=C(O)C(C=O)=C1O)c1ccc(C#N)cc1,11.86
N#Cc1ccc(-c2nc(-c3cnc(-c4cnc(C#N)nc4)nc3)cnc2-c2ccncc2)cc1,20.65
N#CCc1nc(-c2ccc(C#N)nc2)c2cc(-c3ccc(C#N)cn3)ccc2n1,23.72
N#Cc1cccc(-c2ccc(-c3nc(-c4cccc(-c5cc(C(F)(F)F)ccc5F)c4C#N)nc(-c4cccc(-c5ccc(C#N)cc5C#N)c4C#N)n3)cc2)c1,18.07
CCc1nc(-c2ccc(F)c(-c3c(F)c(F)c(C#N)c(F)c3F)n2)c(C#N)c(-c2ccccc2C(F)(F)F)n1,15.24
N#CC(C#N)=c1ccc(=C(C#N)c2nc(Cc3ccc(-c4ccc(C#N)nc4)cc3)nc(-c3ccc(C#N)c(C#N)n3)n2)cc1,22.32
N#Cc1ccc(-c2ccc(C#Cc3ccc(C#Cc4ccc(-c5cccc(C#N)n5)cc4)cc3)cc2)cc1,12.16
N#Cc1ccc(-c2cn3c(-c4cnc(C#N)c(C#N)n4)cc(-c4ccc(C#CC5CN(C#N)C5)s4)nc3n2)cc1,35.58
Cc1cc(C)nc(N2CCN(C(=O)c3cc(-c4ccc(-c5ccc(C#N)cc5)cc4)nn3Cc3ccccc3)CC2)n1,20.8
N#Cc1ccc(-c2ccc(-c3cc(-c4ccc(C#N)cn4)c(C#N)c(-c4ccc(C#N)cc4Cl)n3)cc2)nc1,17.32
N#Cc1ccc(-c2ccc(-c3nc(C#N)nnc3-c3ccc(-c4ccc(C#N)nc4)nc3)cc2)nc1,11.09
Cn1cc(-c2ccc(-c3ccc4ncnc-4n3-c3ccc(C#N)cc3C#N)nc2)cn1,32.74
Cc1cc(C#N)ccc1-c1nc(N2CC(C#N)C2)nc(-c2nc(-c3cccc(C#N)c3)[nH]c(=N)c2C#N)c1C#N,18.57
Cn1cc(C#N)nc1Cn1cnc2c(C#N)nc(-c3ccc(-n4nc(C#N)nc4C4CC4)nc3)cc21,20.92
N#Cc1ccc(-c2cc3[nH]cnc3c(C#N)n2)cn1,14.15
N#Cc1ccc(Cn2cc(C#N)cc2-c2cc(C#N)c(C#N)cn2)c(-c2ccc(C#N)nc2)c1,19.44
N#Cc1ccc(-c2nnc(-c3nc(Cl)nc(Cl)n3)c(-c3ccc(C#N)nc3)n2)cn1,17.2
N#Cc1ccc(-c2cc(-c3ccc(Nc4nc(C#N)nnc4C#N)cc3)cc(-c3ccc(C#N)nc3)n2)cc1,13.96
N#Cc1ccc(C=C2C(=O)c3ccccc3C2(O)c2ccc(-c3ccc(C#N)cc3)cc2)cc1,26.25
N#Cc1ccc(C(=O)c2cccc(-c3nc(-c4ncc(C#N)cn4)cc(-c4ccc(-c5ccc(C#N)cn5)c5ccccc45)n3)c2C#N)cc1,20.93
N#CC(=Cc1ccc(C#N)cc1)c1nc(C(C#N)=c2ccc(=C(C#N)C#N)cc2)nc(-c2ccc(-c3ccc(C#N)cc3)cc2)n1,13.17
CCn1c(C#N)ccc1-c1cc(C#N)nc(-c2cccc(C#N)c2)n1,10.9
N#Cc1ccc(-c2ncc(-c3nc(Cc4ccc5ncccc5c4)nc(-c4ccc(C#N)nc4)n3)cn2)cc1,26.25
N#Cc1ccc(-c2ccc(-c3ccc(-c4ccnc(-c5cccc(N)c5)c4)cc3)nc2C#N)c(C#N)c1,21.43
Cc1cncc(-c2ccc(-c3ccnc(-c4cccc(-c5ncc(C#N)cc5C#N)c4C#N)n3)cn2)n1,26.89
Cc1nnc(CC2=C(C#N)C(=O)OC2(C)c2ccc(-c3ccc(C#N)cc3)cc2)n1Cc1ccc(-c2ccc(C#N)cc2)cc1,34.52
N#Cc1ccc(-c2nnc(-c3cnc4c(c3)c3cc(Cl)ccc3n4-c3ccc(C#N)cc3)s2)cc1,23.87
N#Cc1ccc(-c2cccc(C#Cc3cnc(=N)[nH]c3)n2)nn1,23.83
N#Cc1ccc(-c2cc[n+](-c3nc(-c4ccc(C#N)nc4)cc(-[n+]4ccc(-c5ccc(C#N)cn5)cc4)n3)cc2)cc1,12.68
N#Cc1ccc(-c2ccc(-c3csc(=N)[nH]3)cc2)cc1,16.92
N#Cc1ccc(-c2cc(-c3ccccc3C#N)nc(-c3ccc(-n4c5ccccc5c5ccccc54)cc3)n2)cn1,10.05
N#Cc1ccc(C#Cc2ccc(-c3ccc(C#N)nc3)nc2)cn1,12.94
N#Cc1ccc(-c2cc(-c3ccc(-c4ccc(-c5ccc(C#N)cc5)c(C#N)n4)o3)cc(-c3ccc(F)cc3F)c2)cc1,24.43
N#Cc1ccc(-c2ccc3c(c2)C(N)CCOc2ccc(-c4ccnc(C#N)n4)nc2-3)cn1,28.74
CCn1c(C#N)ccc1-c1cc(C#Cc2cnc(C#N)nc2)cc(-c2cncc(C#N)n2)c1,20.51
N#Cc1ccc(Nc2cc(Nc3ccc4c(c3)C(=O)c3ccc(N)cc3C4=O)nc(Nc3ccc4c(c3)C(=O)c3ccc(C#N)cc3C4=O)n2)cc1,8.6
N#Cc1ccc(Oc2ccc(-c3nc(-c4ccc(C#N)cc4)nc(Cl)c3C#N)cc2C#N)cc1,16.33
N#Cc1nccc(-c2ccc(-c3cc4c(ncn4CC4CC4)c(C#N)n3)cc2)n1,9.64
N#Cc1cc(-n2cccc(C#N)c2=O)ccc1N1CCC(c2ccc(F)cc2)CC1,22.16
N#Cc1ccc(-c2cc(-c3ccc(C#N)cn3)cc(-c3nccc(-c4ccc(-c5ccc(C#N)cn5)nc4)n3)c2C#N)cc1,13.41
N#Cc1cc(-c2ccc(C#N)nc2)cc(-c2cc(-c3ccc(C#N)nc3)c(F)cn2)c1,13.76
N#Cc1cccc(C#Cc2cccc(C#N)n2)c1,16.25
CCc1nc(-c2cccc(-c3ccccc3C)n2)c(C#N)c(-c2ccc(C)cc2C)n1,15.73
CC(C)(C)C(=O)Cn1cnc2c(C#N)nc(-c3cncc(C#N)c3)cc21,14.48
N#Cc1ccc(C#Cc2ccc(-c3nc(-c4ccc(C#N)nc4)nc(-c4ccc(C#N)nc4)n3)cc2)c(-c2ccc(-c3nc(C#N)c[nH]3)cc2)c1,21.14
N#Cc1ccc(-c2ccc(-c3cccc(C(C#N)C(C#N)C#N)c3)cn2)nc1,21.32
N#Cc1ccc(-c2nc(-c3ccc(C#N)nc3)c(C#N)nc2-c2ccc(C#N)cc2Cl)cc1,14.21
N#Cc1ccc(-c2ccc(-c3ccc(C#N)nc3-c3ccc(-c4ccc(C#N)cn4)nc3)cc2)nc1,9.25
Cc1cc(C#N)c(Cl)cc1-c1c(C#N)c(-c2nc(-c3ccc(C#N)cc3)cc(-c3cccc(C#N)c3)n2)nn1CCN=c1cc[nH]c2cc(C#N)ccc12,18.24
N#Cc1ccc(-c2cc(-c3cnn(-c4ccc(F)cc4)c3)nc(-c3ccc(C#N)nc3)n2)cc1,17.68
N#Cc1ccc(-c2ccc(-c3nc(C#N)cnc3-c3ccc(-c4cncc(C#N)c4)cc3)cc2)nc1,10.16
N#Cc1cccc(-c2cc3c(ncn3Cc3cnc4cc(C#N)c(C#N)nc4c3)c(C#N)n2)c1,16.52
N#Cc1ccc(-c2ccc(-c3cc4ncnc(-c5cccc(-c6ccc(C#N)nc6)c5)c4cn3)nc2C#N)nc1,22.7
N#Cc1ccc(-c2ccc(-c3cc4c(ncn4Cc4ccc(-c5ccncc5)cc4)c(C#N)n3)cc2)nc1,9.98
C#CCOc1c(-c2cccc(C)c2)nc(C#N)c(-c2ccc(C#N)cc2)c1C#N,26.5
N#Cc1cncc(-c2nc(C#N)ccc2-c2ccc(-c3cccc(C#N)n3)cn2)c1,16.42
Cc1nc(-c2ccc(-c3ccc(C#N)cc3)cc2)c(-c2ccc(C#N)cc2)nc1-c1ccc(C#N)cn1,10.47
COC=C1N=C(C)C(C#N)C(C(=O)OC)=C1C(=O)OC,19.92
C=c1c(C(=O)OC)c(O)c(=Cc2cnn(-c3ccc(C)cc3)c2C)n1-c1ccc(OCC)cc1,29.0
N#Cc1ccc(-c2cc(-c3ccc(C#N)nc3)nc(-c3ccc(C#N)nc3)c2)cc1,9.26
COc1cc(C#N)ccc1-c1nc(-c2cncc(C#N)c2)nc(-c2ccc(C#N)c(-c3cc(C#N)ccc3C#N)n2)n1,16.21
Cc1cc(-c2cc(-c3ccc(C#N)cn3)cc(-c3ccc(C#N)nc3)n2)cc(C)n1,14.03
N#Cc1ccc(-c2cc(-c3ccc(C#N)nc3)ccc2C#N)cc1,18.33
N#Cc1cncc(CNc2ccc(-c3ncnc4ccc(-c5ncncn5)cc34)cn2)n1,16.31
N#Cc1ccc(-c2ccc(-c3cc(-c4cncc(C#N)c4)cc(C#N)n3)cn2)nc1,10.83
N#Cc1ccc(-c2cc(-c3ccc(C#N)cc3)c(-c3ccc(-c4ccc(C#N)cn4)cn3)nc2C#N)cc1,13.46
N#CC(=Cc1ccc(C#N)cc1)c1cc(-c2ccc(C#N)cc2)nc(-c2ccc(C#N)cc2)n1,16.86
N#Cc1ccc(-c2ccc(-c3nc(-c4ccc(-c5ccc(C#N)cn5)nn4)nc(-c4cc(Cl)ccc4Cl)n3)cc2C#N)cc1,20.96
N#Cc1cccc(-c2ccc(N=c3nc(C#N)cc(C#N)[nH]3)nc2)n1,8.76
N#Cc1ccc(-c2cccc(-c3ccc(-c4cccc(-n5c6ccccc6c6ccccc65)n4)cc3)c2)cc1,19.71
N#Cc1ccc(C=CC(=O)c2ccc(C#N)cc2-c2ccc(C#N)cc2)cc1,12.69
Cc1nc(=N)nc(-n2cc(-c3cnc(C#N)nc3)c3c(C#N)nc(-c4ccc(-c5c[nH]c(=N)cn5)cc4)cc32)[nH]1,18.62
N#Cc1ccc(-c2cc(C[n+]3ccc(-c4ccc(C#N)nc4)cc3)cc(-c3ccc(C#N)cc3)c2)cc1,15.52
CCCn1c(C#N)ccc1-c1nc(-c2cccc(C#N)n2)nc(-c2nc(C#N)cc(-c3ccc(C#N)cc3)c2C#N)n1,23.05
N#Cc1ccc(-c2nc(-c3ccc(C#N)nc3)cc(-c3nc(-c4ccnc(C#N)n4)nc(C4CC4)n3)c2C#N)c(C#N)c1,20.23
N#Cc1ccc(-c2cc(Oc3cc(-c4cncc(C#N)n4)cc(-c4cnc(C#N)cn4)c3C#N)ccc2C#N)nc1,22.66
N#CC(C#N)=c1ccc(=C(C#N)c2nc(-c3ccc(C#N)nc3)cc(C(Cc3ccccc3)(c3ccc(C#N)cc3)c3ccc(C#N)nc3)n2)cc1,22.33
N#Cc1ccc(-c2cc(-c3ccc(-n4ccc(C#N)cc4=O)cc3)cc(-c3ccc(-c4ccc(-c5ccc(C#N)cc5)c(C#N)n4)cc3)n2)cc1,26.49
COc1ccc(C(c2ccc(C#N)cc2)c2ccc(C#N)c(-c3ccc(C#N)nc3)n2)cc1,17.88
CCCS(=O)(=O)Nc1ccc(-c2ccc(-c3ccc(C#N)cc3)c(C#N)n2)cc1OC1OC(CO)C(OC2OC(CO)C(O)C(O)C2O)C(O)C1O,31.31
N#Cc1ccc(-c2ccc(C#Cc3nc(-c4ccncc4F)nnc3N)cn2)cc1,21.2
N#Cc1cccc(Nc2cc(C#N)cc(-c3ccc(-c4ccc(C#N)nc4)c(C#N)c3)c2)c1,16.77
N#Cc1ccc(-c2nc(C#N)c(-c3ccc(C#N)c(F)c3F)nc2C#N)cc1C#N,17.83
N#Cc1cncc(-c2ccc(Nc3ccc(-c4ccc(F)cc4)c(C#N)c3)c(C#N)c2)n1,16.55
N#CC(=C1C(=O)C(O)=CC(C=O)=C1O)c1ccc(C#N)cc1,20.88
N#Cc1ccc(-c2ccc(-c3ccc(-c4ccncc4)cc3)nc2C#N)cc1,10.22
C#CCOC(=O)c1nc(C(C#N)=c2ccc(=C(C#N)C#N)cc2)ncc1-c1ccc(C#N)cc1,17.49
N#Cc1c(N)[nH]c(=Nc2ccc(-c3cccnc3)cc2)c2ccc(-c3ccncn3)cc12,23.16
Cc1cc(-c2nc(-c3ccc(C#N)nc3)nc(-c3cnc(OC4COC4)c(C#N)c3)n2)cc(C)n1,18.33
N#CC(C#N)=C1C(=Cc2ccc(C#N)cc2)C(=O)C(Nc2ccc(-c3cc(C#N)cc(-c4ccc(F)cc4)c3)cc2)C(C=O)=C1O,10.94
Cn1c(-c2ccc(C=Nc3cccc(-c4nc(-c5ccc(C#N)nc5)cc(-c5ccc(C#N)cc5)c4C#N)c3)cc2)nc(C#N)c1N,16.27
COc1ccc(-c2cn(-c3ccc(C#N)cc3)nn2)cc1,16.57
Cc1nc(C)c(-n2ncc3cc(C#N)cnc32)cc1-c1ccc(C#N)cn1,19.45
N#Cc1ccc(S(=O)(=O)CCn2cnc3c(C#N)nc(-c4cncc(C#N)c4)cc32)cc1,15.52
N#Cc1ccc(-c2ccc(-c3nc(C#N)c(C#N)nc3C#N)cc2)cn1,11.3
N#Cc1cccc(C=Nc2ccc(-c3nc(-c4ccc(C#N)nc4)nc(-c4ccc(N=Cc5cc(C#N)cc(C=O)c5O)nc4)n3)cn2)c1,9.44
N#Cc1nc(-c2ccc(-c3cnccn3)cc2)cc2c1ncn2CC(O)=NO,18.0
N#Cc1ccc(-c2nc(-c3ccnc(OC(F)F)c3)nc(-c3nc(C#N)c[nH]3)n2)cc1,25.35
N#Cc1ccc(-c2nc(-c3nccc(-c4ccc5cccnc5c4)n3)c(C#N)c(-c3ccccc3C(F)(F)F)n2)nc1,21.94
N#Cc1ccc(-c2nn(-c3ccc(-c4cocn4)cc3)cc2-c2nccc(-c3ccc(C#N)c(C#N)n3)n2)cc1,23.37
N#Cc1ccc(-c2ccc(CN3CCN(Cc4ccc(F)c(C#N)c4)C(=O)C3=O)cc2)cc1,20.48
N#Cc1ccc(-c2nc(-c3cnc(C#N)nc3)nc(-c3ccc(OC4CCC(C(=O)O)CC4)c(C#N)c3)n2)cc1,16.06
CCc1c(-c2nc(-c3ccc(-c4cnc(C#N)nc4)cc3)cc(-c3ccc(C#N)nc3)n2)cnc(-c2ccc(C#N)cc2)c1-c1ccc(C#N)cc1,19.7
N#Cc1ccc(-c2ccc(-c3cnc(C#N)nc3-c3ccc(-c4ccc(C#N)nc4)c(F)c3)cc2)nc1,14.05
Cc1nc(-c2ccc(C#N)cc2)c(C#N)c(-c2cccc(-c3ccc(-c4ccc(C#N)cn4)nc3)n2)n1,15.52
N#Cc1ccc(-c2ccc(C#Cc3ccc(-c4cccc(C#N)n4)cc3)cc2)cc1,9.48
N#Cc1ccc(-c2ccc(-c3nc(C#N)c4nc[nH]c(=N)c4c3-c3ccc(C#N)nc3)c(F)c2)cn1,21.73
Cc1nc(-c2ccc(C#N)c(-c3ccc(C#N)nc3)c2)nc(C#N)c1C,22.32
N#Cc1ccc(-c2cc(-c3ccc(C#N)nc3)nn2-c2ccc(C(=O)O)cc2)cc1,18.67
N#Cc1ccc(-c2ccc(-c3ccc(=Nc4ccc(-c5ccncc5)cc4)[nH]n3)cc2)cn1,18.18
COc1cc(N=Cc2ccc(-c3ccc(C#N)cc3)cc2)ccc1-c1cnc(-c2ccc(C#N)cc2)nc1,17.42
N#Cc1ccc(-c2nc(-c3ccc(-c4ccc(C#N)cn4)nc3)[nH]c(=N)c2C#N)cc1,13.78
N#CC(C#N)=c1ccc(=C(C#N)c2nccc(C(=O)Oc3ccc(C#N)cc3)n2)cc1,13.6
N#Cc1cccc(-c2ccc(-c3cc(-c4cnc(C#N)nc4)nnc3C#N)cc2)n1,18.18
N#CC(C#N)=Cc1ccc(-c2cc(-c3ccc(C#N)cc3)nc(-c3ccc(C#N)cc3)n2)cc1,16.76
N#Cc1ccc(-c2cc(-c3cncc(C#N)c3)cc(-c3ccc(C#N)cn3)n2)nc1,11.97
N#Cc1cccc(C#Cc2ccc(-c3ccc(-c4cccc(C#N)n4)cc3)cc2)n1,13.71
N#Cc1ccc(-c2cc(-c3nc(-c4ccc(C#N)nc4)nc(-c4ncccn4)n3)c(C#N)c(-c3ccc(C#N)cc3)c2C#N)cc1,16.67
C#Cc1c(N)ccc(-c2ccc(C#N)cc2)nc1=N,18.63
N#Cc1ccc(-c2ccc(-c3nc(C#N)nc(C#N)c3C#N)cc2C#N)cc1,14.95
N#Cc1ccc(-c2ccc(-c3nc4ccc(-c5ccnc(C#N)c5)cc4nc3-c3ccc(-c4ncc(C#N)cn4)cc3)cn2)nc1,25.9
N#CC=Cc1nc(C#N)c(C#N)nc1N(Cc1ccc(-c2ccc(C#N)cn2)cc1)c1nc2ccc(-c3ccc(C#N)cn3)cc2s1,27.82
N#Cc1ncc(-c2ccc(-c3cc4c(ncn4Cc4ccc(-c5ccccc5)cc4)c(C#N)n3)cc2)cn1,9.26
N#Cc1ccc(-c2cc(-c3ccc(F)c(Nc4cnc(C#N)nc4C#N)c3)cc(-c3ccc(C#N)cc3C#N)n2)cc1,21.15
N#Cc1ccc(-c2ncc(-c3ccc4c(C#N)ccc(-c5cncc(C#N)n5)c4c3)cc2C#N)cn1,21.73
N#Cc1ccc(-c2cc(-c3ccc(-c4cccc(C#N)n4)cc3)cc(-c3ccc(C#N)nc3)c2)nc1,12.63
N#CC(=Cc1ccc(-c2cccc(C#N)c2)o1)c1nc(C(C#N)=c2ccc(=C(C#N)C#N)cc2)nc(C(F)(F)F)n1,11.25
N#Cc1ccc(-c2ccc(-c3ccc(F)cc3C#N)nc2C#N)cc1,14.12
N#Cc1ccc(-c2nc(-c3ccc(C#N)nc3)c(C#N)cc2-c2ccncc2)nc1,15.26
N#Cc1ccc(-c2cc(-c3ccncc3)cc(-c3ccncn3)c2)cn1,17.12
N#Cc1cnc(-c2ccc(-c3cc(Nc4ccc(C#N)c(C(F)(F)F)c4)c(C#N)cn3)cn2)cn1,19.33
N#Cc1ccc(C#Cc2cc(-c3ccc(C#N)cc3)c(-c3cncc(C#N)n3)cn2)cc1,14.01
CS(=O)(=O)c1ccc(C2C(=O)C(=Cc3ccc(-n4cccc4)cc3)C(=C(C#N)C#N)C(O)=C2C=O)cc1,13.82
N#Cc1cnc2c(C#N)nc(-c3ccc(Oc4ccc(-c5ncncc5C#N)cc4)nc3)cc2n1,24.8
N#CC(C#N)=c1ccc(=C(C#N)c2nc(C#N)nc(C(C#N)=c3ccc(=C(C#N)C#N)cc3)n2)cc1,8.56
N#Cc1ccc(-c2c(C#N)c(-c3ccc(C#N)cn3)nn2-c2ccc(Cl)cc2Cl)cc1,17.98
N#Cc1ccc(-c2cc(-c3ccc(N)c(N)c3)nc(-c3cccc(-c4ccc(C#N)cc4C#N)c3C#N)n2)nc1,11.92
N#Cc1ccc(-c2cnc(C#N)c(-c3ccc(-c4cnc(C#N)nc4)cc3)c2)cn1,11.77
Cc1noc(-c2ccc3ccc(-c4ccc5ccc(-c6ccc7[nH]c(-c8ccc(-c9cccc(C#N)c9)cc8)nc7c6)nc5n4)nc3c2)n1,22.37
N#Cc1ccc(-c2cccc(-c3nccc(-c4ccc(-n5cc(-c6ncncn6)cn5)cc4)n3)c2C#N)c(C#N)c1,12.93
N#Cc1ccc(-c2cnc(C#N)c(N3CCN(C4CCN(CCc5ccccc5)CC4)CC3)n2)cn1,26.11
CC(C)(C#N)c1cc(-c2ccc(-n3ccc(C#N)c3)cc2)[nH]c(=Nc2cccnc2C#N)c1,28.14
N#Cc1ccc(-c2cc(-c3cccc(C#N)n3)nc(-c3ccc(C#N)nc3)c2C#N)cc1,9.95
N#Cc1ccc(-c2cc(-c3ccc(C#N)nc3)nc(-c3ccc(-c4cccc(C#N)c4)cc3)c2C#N)cc1,10.1
Cn1ccc(=O)c(O)c1C(c1ccc(-c2cccc(C#N)c2)cc1)c1ccc(C#N)cc1C#Cc1ccc(C#N)cc1,26.83
N#Cc1ccc(-c2cc(-c3ncc(C#N)c(C#N)n3)cc(-c3ccccc3C#N)c2)cn1,16.41
N#Cc1ccc(-c2ccc(-c3cnc(-c4ccc(C#N)cc4)c(C#N)n3)cc2)cc1,9.07
N#Cc1ccc(-c2cc(-c3cc4[nH]cnc4c(C#N)n3)ccc2F)cn1,12.91
N#Cc1ccc(C#Cc2ccc(-c3nc(-c4ccc(C#N)nc4)nc(-c4ncc(C#N)c(-c5ccc(C#N)cc5)n4)n3)cc2)cc1,21.56
CC(=O)NC(c1ccc(C#N)cc1)c1nc(-c2cccc(C#N)c2)cc(-c2ccc(C#N)nc2F)n1,25.7
Cn1cc(-c2cccc(-c3cnc(-c4ccc(C#N)cc4)c(C#N)n3)c2)cn1,17.37
N#Cc1cccc(-c2ccnc(C3CCCN(C(=O)c4nc(C#N)c[nH]4)C3)n2)c1,21.36
Cn1c(C#N)ccc1-c1ccc(-c2cc(-c3ccc(C#N)cc3)c(-c3cc(C#N)c(C#N)cc3O)cn2)cc1C#N,23.81
N#Cc1ccc(-c2cc(-c3nc(-c4cnc(C#N)cn4)nc(-c4cc(C#N)cc(-c5c(C#N)cccc5C#N)c4C#N)n3)ccc2C#N)nc1,20.75
CCCCc1nc(=O)n(-c2ccc(-c3ccc(-n4ccnc4)cc3)cc2)c(=O)n1Cc1ccc(-c2ccccc2S(=O)(=O)NC(=O)c2ccc(NC)cc2)cc1,25.42
Cc1ccc(-[n+]2c(-c3ccc(C#N)nc3)ccc3c(C#N)cc(N4CCOCC4)nc32)cc1,21.63
N#Cc1cccc(-c2ncc(-c3ccc(C#N)c4cccnc34)nc2C#N)n1,16.12
N#CCCn1cnc2c(C#N)nc(-c3ccc(-c4cnc(C#N)nc4)cc3)cc21,10.35
N#Cc1ccc(-c2ccc(C#Cc3cnc(-c4ccc(-c5cnc(C#N)nc5)c(C#N)c4)nc3)nc2)cc1,14.56
N#Cc1ccc(-c2ccc(-c3cc4c(ncn4CCn4ccnc4)c(C#N)n3)cc2)cn1,13.19
N#Cc1ccc(-c2nc(-c3cnc(Oc4ccc(-c5cncc(C#N)n5)cc4)c(C#N)c3)nc(-c3cccnc3C#N)n2)cc1,16.35
N#Cc1ccc(Cn2cnc3c(C#N)nc(-c4ccc(-c5ccc(C#N)nc5)cc4)cc32)cn1,13.21
N#Cc1cccc(-c2cc(F)c(C#N)c(-c3ccc(-c4cnc(C#N)nc4)cc3)c2)n1,14.66
Cn1c(C#N)cnc1-c1nc(C#N)c(-c2cncc(C#N)c2)nc1C(C)(C)C,19.37
N#Cc1ccc(C#Cc2ccc(C#N)nc2-c2ccc(C#N)c(C#N)c2)cc1,17.3
N#Cc1ccc(-c2cc(-c3cc(C#N)cc(C#N)c3)nc(-c3cc(C#N)cc(-c4ccc(C#N)cn4)c3C#N)n2)cc1,17.65
N#Cc1ccc(Nc2cccc(N)c2C#N)cc1,13.49
N#Cc1ccc(-c2ncc(-c3ccc(-c4cnc(-c5cccc(C#N)n5)c(C#N)n4)cn3)cn2)cn1,10.67
Cn1c(C#N)ccc1-c1ncc(-c2ncc(N3CCC(c4ccc(F)cn4)CC3)c(C#N)n2)cc1C#N,23.82
N#Cc1ccc(-c2cc(C#N)nc(-c3ccc(C#N)cc3)c2C#Cc2ccc(-c3cncc(C#N)n3)cc2)cc1,15.47
N#Cc1ccc(-c2cc(C#N)nc(-c3nc(-c4ncc(C#N)cn4)cc(-c4c(F)c(F)c(C#N)c(F)c4F)n3)c2C#N)cc1,13.42
Cn1c(C#N)ccc1-c1ccc(-n2cc(O)n(-c3ccc(C#N)c(C#N)c3)c2=O)cc1,22.39
N#Cc1ccc(-c2nccc(-c3nc(-c4ccc(C#N)nc4)cc(-c4ccccc4C#N)c3C#N)n2)cc1,13.89
N#Cc1cc(-c2nc(-c3cccnc3)nc(-c3ccc(F)c(-c4ncccc4C#N)c3)n2)ccc1OC1CCC(C(=O)O)CC1,28.98
N#Cc1ccc(C(c2ccc(F)cc2)c2ccc3c(=O)c(C#N)cn(-c4ccc(C#N)cc4)c3c2)cc1,25.83
N#Cc1ccc(-c2c[nH]c(-c3cc(-c4ccc(C#N)cn4)c(F)cc3C#N)n2)cc1,21.04
Cc1nc(Nc2ccc(-c3cccc(C#N)c3)cc2)nc(-c2ccc(C#N)nc2)c1C#N,19.53
N#Cc1ccc(-c2ccc(-c3nc(-c4ccc(C#N)nc4)nn3-c3ccc(C#N)cc3)cc2)cc1,13.68
N#Cc1ccc(-c2nc(-c3ccc(C#N)c(-c4ccccc4C#N)c3)nc(-c3ccccn3)n2)cc1,16.38
N#Cc1ccc(-c2cc(C#N)nc(-c3ccc(NC(=O)C4CC4)nc3)n2)cn1,13.77
N=c1nc(-c2ccncc2)c(-c2ccc(-c3cncnc3)nc2)c[nH]1,26.31
N#Cc1cncc(-c2cc3c(ncn3CC(O)CO)c(C#N)n2)c1,11.58
C[n+]1ccc(C#N)cc1CO,21.0
N#Cc1cccc(-c2cccc(-c3ccc(-c4cccc(C#N)n4)c(C#N)n3)c2)c1,15.71
N#Cc1ccc(-c2cccc(-c3nc(-c4cnc(C#N)cn4)cc(-c4cccc(C#N)n4)n3)c2C#N)nc1,18.03
N#Cc1ccc(-c2cnc(-c3nc(C#N)c(-c4cccc(C#N)n4)nc3N3CCC(O)C3)cn2)cn1,15.37
N#Cc1cc(-c2ccc(C#N)nc2)cc(-c2cccc(C#N)n2)c1,11.24
N#Cc1ccc(N=c2nc(-c3ccc(C#N)cc3)[nH]n2Cc2ccc(-c3ccc(C#N)cc3)cc2)cc1,18.54
N#Cc1ccc(-c2ncc(-c3ccc(-c4ccccc4-c4ncncn4)cc3)nc2C#N)cc1,14.48
C#Cc1cc(Nc2ccc(C(C#N)=c3ccc(=C(C#N)C#N)cc3)nc2)ncn1,25.65
N#Cc1cc(-c2nc(C#N)nc(-c3ccc(-c4ncc(F)cc4-c4cnc(C#N)c(C#N)n4)c(F)c3)n2)c(C#N)c(-c2ccc(C#N)s2)c1,30.1
N#Cc1ccc(-c2ccc(Oc3cccc(-n4c5ccccc5c5ccccc54)c3)nc2)cc1,21.53
Cn1cnc2c(C#N)nc(-c3ccc(-c4cnc(C#N)nc4)cn3)cc21,12.66
N#Cc1ccc(-c2nc(-c3cc(-c4cccc(C#N)n4)nc(-c4ccc(C#N)c5ccccc45)n3)c3ccc(-c4cnc(C#N)nc4)cn23)nc1,17.08
N#Cc1ccc(-c2ccc(N=Cc3nc(-c4ccc(C#N)nc4)nc(-c4ccc(C#N)cc4)c3C#N)cc2)cc1,13.89
N#Cc1cccc(-c2ccc(CC(=O)N3CCN(C(=O)c4ccnc(-c5ccc(C#N)cc5Cl)c4)C(CN4CCCC4)C3)cc2)c1,43.02
Cc1nc(-c2ccco2)c(C#N)cc1-c1ccc(NC(=O)C2COc3ncccc32)cc1,24.53
Cn1cc(-c2ccc(-c3nc(C#N)c4ccn(Cc5ccnc(-c6ccc(C#N)cc6)n5)c4n3)cc2)cn1,24.05
N#Cc1ccc(-c2ccc(-c3ccc(C#N)c(-c4ccc(C#Cc5ccc(C#Cc6cccc7cnc(-c8cccnc8)cc67)cc5)cn4)c3)cc2)cc1,32.98
N#Cc1ccc(-c2cc(-c3ccc(-c4cnc(C#N)cn4)c(C#N)c3)nc(-c3ccc(F)c(F)c3F)n2)nc1,16.53
N#Cc1ccc(-c2ccc(-c3nc(-c4ccc(C#N)nn4)cc(-c4ccc(F)cc4C#N)n3)cc2C#N)cc1,16.59
N#Cc1ccc(-c2ccc(-c3nc(-c4ccc(C#N)nc4)nc(-c4ccc(C#N)cc4)c3C#N)cc2)cc1,10.42
N#Cc1ccc(-c2ncc(-c3ccc(N4CCN(C(=O)Cc5ccc(-c6ccccc6)cc5)CC4)cn3)c(-c3cccc(C#N)n3)n2)cc1,27.29
N#Cc1ccc(-c2nc(C#N)c3ncnnc3c2-c2ccc(-c3ccc(C#N)nc3)cc2)cc1,19.81
N#Cc1ccc(-c2ncc(-c3ccc(-c4cc(-c5ccncc5)ccc4C#N)cc3)nc2C#N)cn1,18.46
N#Cc1ccc(-c2cc(C3CC3)n(-c3ccc(-c4ccnc(C#N)c4)cn3)n2)cc1,20.58
N#Cc1ccc(-c2cc(-c3ccc(NCc4ccc(-c5cccc(C#N)c5)cn4)cc3)c(C#N)c(OCC(=O)O)n2)cc1,17.57
N#Cc1ccc(-c2ccc(-c3nc(-c4ccc(-c5ccc(C#N)cc5)c(C#N)c4)nc(-c4nc(C#N)cs4)n3)c(C#N)n2)cc1,18.34
N#Cc1ccc(-c2ccc(-c3nc(C#N)cnc3-c3ccccn3)cc2)nc1,11.15
Cc1c(C#N)c(-c2ccc(C#N)nc2)nn1-c1ccc(C#N)c(-c2nc(Cc3ccc(C#N)nc3)nc(-c3ccc(C#N)nc3)n2)c1F,37.95
N#Cc1ccc(-c2nc(-c3ccc(NC4CCC(O)CC4)c(C#N)c3)nc(-c3cnc(OC4CCC(C(=O)O)CC4)c(C#N)c3)n2)cc1,18.15
N#Cc1ccc(Nc2nc(C(c3ccc(C#N)cc3)c3ccc(C#N)c(-c4cc(C#N)ccc4C#N)c3)ncc2-c2ncncn2)cc1,21.11
Cc1cc(C#N)ccc1-c1nc(Nc2ccc(-c3ccc(C#N)cc3)c(C#N)c2)nc(-c2cccc(-c3cccc(C#N)c3)n2)c1C#N,15.9
N#Cc1ccc(-n2c(-c3ccc(-c4ccccc4)cc3)nc3cc(-c4nc(C#N)cc(-c5ccccn5)n4)ccc32)cc1,21.09
Cc1cc(-c2ccc(C#N)cc2)n2c(nc3ccccc32)c1C#N,15.62
N#Cc1ccc(-c2ccc(-c3cc(-c4ccc(C#N)cc4)nn3-c3ccc(NC4CCCN(C(=O)Cn5nc(C#N)ccc5=O)C4)cc3)cc2)cc1,28.51
N#Cc1ccc(-c2cc(-c3ccc(C#N)cn3)nc(-c3nc(-c4ccccc4)cnc3-c3ccc(C#N)cn3)c2C#N)cc1,18.79
N#Cc1cc(C#N)c2oc(-c3ccc(C#Cc4ccc(C#N)nc4-c4cc(Cl)ncn4)cc3)nc2c1,24.22
N#Cc1ccc(-c2cc(-c3nc(-c4ncccn4)nc(-c4c(F)c(F)c(C#N)c(F)c4F)n3)c(C#N)c(-c3ccccc3C(N)=O)n2)cn1,24.65
N#Cc1ccc(-[n+]2c3ccc(-c4ccc(-c5cnc(-c6cccc(C#N)n6)cn5)cc4)ccc-3c3cnc(C#N)cc32)cn1,31.35
N#Cc1ccc(-c2ccc(-c3nc(C#N)c(-c4ccc(C#N)c(-c5ccc(C#N)nc5)c4)nc3CCO)cc2)nc1,28.13
N#CC(C#N)=c1ccc(=C(C#N)c2nc(-c3ccc(C#N)cc3O)cc(-c3ccccc3F)n2)cc1,16.81
N#Cc1ccc(-c2nc(-c3ccc(-c4cccc(C#N)n4)cc3)cc(-c3ccc(-c4nc(C#N)cnc4C#N)cc3)n2)nc1,14.23
N#Cc1ccc(-c2ccc3c(=O)n(-c4ccc(-c5ccc(-c6ccc(-c7ccc(C#N)cc7)c(C#N)n6)cc5)c(-c5ccncc5)c4)cnc3c2)cc1,16.33
N#Cc1ccc(-c2cc(-c3ccc(C#N)nc3)nc(OCc3ccc[nH]3)n2)cn1,21.15
N#Cc1ccc(-c2cc(C(N)=O)nc(-c3cccc4cc(F)ccc34)n2)c2ccccc12,17.81
COc1cc2cc3c(C#N)cc(c4c(=O)c(cc2cc1N)-c1nc2cc(N)c(N)cc2nc1-4)-c1ccccc1N3C,48.85
Cn1cc(-c2cc3c(-c4ccc(C#N)cc4)cc(-c4cnc(C#N)nc4)nc3c(C#N)n2)cn1,22.87
N#Cc1ccc(-c2nc(C#N)c(C#N)nc2-c2ccc(-c3cnc(C#N)nc3)nc2)cn1,12.84
N#Cc1ccc(-c2cc(-c3cc(-c4ccccc4C#N)cc(C#N)n3)ccn2)cn1,12.45
N#Cc1ccc(-c2ccc(-c3ccc(C#N)c(-c4ccc(-c5ccc(-c6cccc(C#N)n6)c(C#N)n5)nc4)c3)cn2)nc1,20.51
N#CC(C#N)=c1ccc(=C(C#N)c2nc(C(=O)O)c(O)c(-c3cccc(-c4ccc(C#N)c(-c5ccc(C#N)cc5)c4)n3)n2)cc1,17.06
N#Cc1ccc(-c2cc(-c3ccc(C#N)cc3)nc(-c3cc(C#N)cc(-c4ccc(C#N)cc4)c3C#N)n2)cc1,10.43
N#CC(C(=O)c1ccc(Cl)cc1)c1ccc(Cl)cc1,18.65
CC(=O)c1c(O)c(C=O)c(O)c(C(=Nc2cccc(C(=O)N3CCN(C=O)CC3)c2)c2ccc(C#N)cc2)c1O,27.45
C=Cc1nc(-c2ccc(C#Cc3ccc(C#N)cc3)[nH]c2=Nc2ccc(Cl)cc2)cc(-c2ccccc2C#N)c1C#N,30.08
N#Cc1ccc(-c2ccc(-c3nccc(-c4ccc(C#N)nc4)n3)s2)cc1,15.7
COc1nc(-c2ncc(C#N)cn2)nc(-c2ccc(C#N)nc2)c1C#N,16.09
N#Cc1cnc(-c2ccc(-c3cc(-c4cc(-c5cccc(C#N)n5)cc(C#N)n4)ccn3)cn2)cn1,17.49
N#Cc1ccc(-c2ccc(-c3nc(C#N)c(-c4cncc(C#N)c4)nc3C#N)nc2)nc1,10.3
COc1cc(C=Cc2ccncc2)ccc1-n1ccc2ccccc21,22.73
N#Cc1ccc(-c2ccc(CC(O)(c3nnc(-c4ccc(-c5ccnc(C#N)c5)cc4)c(-c4ccncc4)n3)C(F)(F)F)cc2)nc1,20.29
N#CC(=Cc1ccncc1)c1nc(C(C#N)=Cc2ccc(C#N)cc2)nc(C(C#N)=c2ccc(=C(C#N)C#N)cc2)n1,16.0
N#Cc1ccc(-c2nc(C#N)c(-c3ccc(C#N)cc3)c(C#N)c2N)cc1,12.31
N#Cc1ccc(-c2nc(-c3ccc(-c4ccc(C#N)cc4)c(C#N)c3)nc(-c3ncc(C#N)c(OC4CCOCC4)n3)n2)cc1,13.37
N#Cc1ccc(-c2ccc(-c3nc(-c4ccc(C#N)c(-c5ccccc5)c4)nc(-c4cccnc4C#N)n3)cc2C#N)cc1,17.43
N#Cc1ccc(-c2cc(-c3ccc(C#N)cn3)nc(-c3cc(-c4ccc(C#N)nc4)cc(-c4ccc(C#N)cc4C#N)c3C#N)n2)nc1,21.27
N#Cc1ccc(-c2cc(-c3cnc(C#N)c(C#N)n3)nc(-c3ccc(C#N)nc3)n2)cn1,12.81
Cc1cc(C#N)c(Oc2ccccc2)cc1-c1nc(C#N)nc(-c2nccc(-c3ccc(-c4ccncc4)cc3)n2)c1C#N,17.3
N#Cc1ccc(-c2ccc(-c3c(C#N)cc(-c4nc(C#N)nc(C#N)n4)c(F)c3-c3ccccn3)cn2)nc1,22.01
N#Cc1ccc(-c2nc(-c3ccc(-c4ccc(C#N)cc4)c(C#N)c3)no2)cc1,17.65
N#Cc1ccc(-c2ccc(-c3cnc(C#N)c(C#N)n3)cn2)nc1,11.82
N#Cc1ccc(-c2csc(-c3cc(-c4ccc(C#N)cc4)c(C#N)nc3-n3cc(C#N)c(C#N)n3)c2)cc1,23.6
N#Cc1ccc(Oc2ccc(-c3nc(-c4ccc(C#N)cn4)cc(-c4ncc(C#N)cn4)n3)cc2C#N)cc1,17.74
N#Cc1ccc(-c2ccc(C#CCCC3CCN(Cc4ccccc4)CC3)cn2)cc1,21.6
N#Cc1ccc(-c2ncc(C#N)nc2-c2ccc(-c3cnc(C#N)c(C#N)n3)cn2)cc1,13.15
N#Cc1ccc(-c2cc(-c3ccc(-c4cnc(C#N)cn4)cc3)cnc2-c2ncncn2)cc1,24.24
CCc1nc(-c2ccc(C#N)cc2)c(C#N)c(-c2cc(-c3ccncc3)nc(-c3ccc(C#N)cc3)n2)n1,19.95
N#Cc1ccc(-c2ccc(CCC(=O)c3nc(-c4ccc(C#N)nc4)no3)cc2)cc1,21.01
Cc1cc(C#N)ccc1-c1nc(Nc2ccc(C#N)cc2)cc(-c2nc(-c3ccc(C#N)nc3)cc(-c3ccc(C#N)nc3)n2)c1C#N,11.59
N#Cc1ccc(C#Cc2ccc(Oc3cccc(-c4cncc(C#N)n4)c3)cc2)c(-c2ccc(C#N)nc2)c1,19.12
N#Cc1ccc(-c2ccc(-c3ccc(-c4cnc(C#N)cn4)cc3F)nc2C#N)cc1,11.43
N#Cc1ccc(C#Cc2ccc(C#Cc3cnc(N)c(C#N)n3)cc2)cc1,17.68
N#Cc1cccc(-c2ccc(-c3cnc(Oc4ccc(C#N)c(C#N)c4)c(C#N)c3)c(F)c2)n1,18.89
N#CC(=Cc1ccc(C#N)cc1)c1nc(C(C#N)=c2ccc(=C(C#N)C#N)cc2)nc(-c2cnc(C#N)nc2)n1,11.12
N#Cc1ccc(-c2cn(-c3cc(C#N)cc(C(F)(F)F)c3)cc2C(c2ccc(C#N)cc2)c2ccc(C#N)cn2)cc1,27.7
N#Cc1cc(-c2cc3c(ncn3C3CCN(Cc4ccccc4)CC3)c(C#N)n2)ccn1,14.76
N#Cc1ccc(-c2ccc(C#Cc3ccc(-c4cnc(C#N)nc4)nc3)cn2)cn1,13.44
N#Cc1ccc(-c2nc(-c3cnn(Cc4ccccc4C#N)c3)nc(-c3cnc(C#N)nc3)c2C#N)cc1,26.01
N#Cc1cccc(-c2ccc(-c3ccc(-c4cnc(F)c(C#N)c4)s3)nc2C#N)n1,24.66
N#Cc1ccc(-c2ccc(-c3ccnc(-c4ccc(C#N)nc4)c3)cn2)cn1,12.9
N#Cc1ccc(-c2nc(C3CCOCC3)c3cc(-c4cnc(C#N)c(N5CCOCC5)c4)ccc3n2)cc1,28.76
O=C1N=c2ccccc2=C1CC(=O)c1ccc(Br)s1,18.27
N#Cc1ccc(C(=O)C=Cc2cn(-c3ccc(C#N)cc3)nc2-c2ccc(C#N)cc2)cc1,11.6
N#Cc1ccc(-c2cc(-c3cccc(C#N)c3)cc(-c3cnc(C#N)nc3)n2)cc1,15.64
COc1ccc(-c2ccc3c(-c4cncc(-c5ccc(C#N)cc5)n4)ccnc3c2)cc1C#N,18.17
N#Cc1ccc(-c2nc(-c3ccc(C#N)nc3)nc(-c3ccc(OCC4COc5ccccc5O4)c(C#N)c3)n2)cc1,18.97
N#Cc1ccc(-n2cc(-c3ccc(-c4cccc(C#N)n4)c(C#N)n3)nn2)cc1,12.94
N#Cc1ccc(-c2cc(-c3ccncc3)nc(-n3ccc(-c4ccc(C#N)nc4)n3)n2)cc1,16.95
N#Cc1ccc(-c2nc(C3CC3)nc(-c3cc(-c4ccnc(C#N)n4)nc(-c4cccnc4)n3)c2C#N)c(C(F)(F)F)c1,23.32
N#Cc1ccc(-c2ccc(-c3ccc(-c4cnc(C#N)cn4)cc3)nc2C#N)nc1,10.65
Cc1ccc(C#Cc2cc(C#N)ccc2-c2ccc(-c3nccc(C#N)n3)cn2)cn1,13.45
N#Cc1ccc(-c2cc(-c3ccc(C#N)cc3)nc(-c3nc(-c4ccnc(C#N)c4)nc(-c4ccccc4C#N)n3)c2)cc1,22.15
CC(=O)C1CCC2(O)C3CC(=O)C4C=CCC(=O)C4(C)C3C(O)CC12C,36.07
N#Cc1ccc(-c2nc(C#Cc3ccc(C#N)c(C#N)c3)ccc2C#N)nc1,16.19
N#Cc1cccc(-c2cc(C(F)(F)F)c(-c3ccc4nc(C#N)cc(-c5cnc(-c6ncccn6)nc5)c4n3)cn2)n1,36.4
N#Cc1ccc(-c2cc(-c3ccc(-n4c5ccccc5c5ccccc54)cc3)c(C=Cc3ccccc3)nc2-c2ccncc2)cc1,23.31
N#Cc1cc(-c2ccc3c(-c4cccc(C#N)n4)cc(-c4cccc(C#N)n4)nc3c2)ccn1,15.59
N#CC(C#N)=c1ccc(=C(C#N)c2nc(C(=O)c3ccc(C#N)cc3)n(Cc3ccc(-c4ccc(C#N)cc4)cc3)n2)cc1,9.4
Cc1ccc2c(-c3cc(-c4cnc(OC5COC5)c(C#N)c4)nc(-c4cccnc4)n3)cccc2n1,23.02
N#Cc1ccc(-c2cccc(-c3nc(-c4ccc(-c5ccncc5)cc4)nc(-c4ccc(C#N)nc4)n3)c2C#N)c(C#N)c1,17.59
N#Cc1ccc(-c2cnc(Nc3ccc4c(c3)C(=O)c3ccc(N)cc3C4=O)cc2-c2ccncc2)cc1,16.13
N#CC(C#N)=c1ccc(=C(C#N)c2nc(Nc3ccc(C#N)c(F)c3)nc(C(F)(C#CC3CC3)c3ccc(C#N)c(-c4ccc(C#N)cc4)c3)n2)cc1,24.85
N#Cc1ccc(C(=O)c2ncccc2C#Cc2ccc(-c3cncc(C#N)n3)cc2)cc1,17.18
N#Cc1ccc(-c2ccc(C#N)cc2-c2cnc(-c3cccc(C#N)n3)c(C#N)n2)cc1,15.81
Nc1ccc2c(c1)C(=O)c1ccc(NC=C3C(=O)C(=CNc4ccc5c(c4)C(=O)c4cc(N)ccc4C5=O)C(=O)c4ccccc43)cc1C2=O,21.12
N#Cc1ccc(-c2ccc(-c3cc(C(=O)O)cc(-c4ccc(C#N)cc4)n3)cc2)cc1,10.8
N#Cc1ccc(-c2ccc(C#Cc3ccc(C#N)nc3-c3ccc(C#N)cc3)nn2)cc1,11.42
N#CC(C#N)=C1C(=Cc2ccc(C#N)cc2)C(=O)C(NNc2ccc(-c3cccc(-c4ccc(C#N)cc4)n3)cc2)C(C=O)=C1O,15.2
N#Cc1ccc(C2CN(C=Nc3nc(N=CN4CCN(C=O)CC4)nc(Nc4ccc(C#N)c(C#N)c4)n3)CCO2)cc1,17.6
N#Cc1ccc(N2CC(COc3ncc(-c4nc(-c5ccc(C#N)nc5)nc(-c5cccc(C#N)c5)n4)cc3C#N)C2)nc1,27.65
N#Cc1ccc(-c2cc(-c3ccc(C#N)cn3)cc(-c3ccc(-c4ccc(C#N)cn4)nc3-c3ccc(-c4cccc(C#N)c4)cc3)n2)cc1,13.61
N#Cc1ccc(-c2cc(-c3ccc(C#N)c(-c4ccc(C#N)nc4)c3)nc(-c3ccc(C#N)nc3)n2)cn1,12.45
N#Cc1ccccc1-c1cc(-c2ccc(-n3c4ccccc4c4ccccc43)cc2)nc(-c2c(F)cccc2Cl)n1,17.74
Cc1ocnc1-c1ccc(-c2cc(C#N)nn2-c2ccc(NC(=O)c3cccc(C#N)c3)cc2)cc1,34.2
N#CC1=CCc2c(F)cccc2-n2cnc(C#N)c21,30.03
CN1C(=O)CC2(CN(c3cc(-c4ncc(C#N)cn4)c(C#N)cn3)CC2c2ccc(C#N)cc2)C1=O,34.21
N#Cc1ccc(C(Cn2cncn2)OC(=O)c2ccc(C#N)c(C#N)c2)cc1,19.49
N#Cc1ccc(-c2cc(-c3cnc(C#N)nc3)nc(-c3ccc(-c4ccc(C#N)nc4)c(C#N)c3)c2)nc1,15.49
N#Cc1ccc(-c2nc(N)c(-c3ccncc3)nc2C#N)cc1,12.75
N#Cc1c(NC(=O)c2ncc(Br)s2)sc2c1CCN(Cc1ccccc1)C2,26.95
N#Cc1ccc(-c2cc(-c3ccc(C#N)cc3)nc(-c3ccc(N=Cc4ccc(C=O)cc4)cc3)n2)cc1,11.93
N#CC=Cc1cccc(-c2cc(-c3ccc(C#N)cc3)ncn2)n1,13.88
N#Cc1ccc(COC(=O)c2nc(-c3ccc(C#N)nc3)nc(-c3ccc(C#N)cc3)c2Cc2ccc(-c3ccc(C#N)cc3)cc2)cc1,21.87
N#Cc1ccc(C#CC2=C(O)C(CO)C(O)C(O)C2O)cc1,12.65
N#Cc1ccc(-c2nc(-c3ccnc(-c4ccc(C#N)cn4)c3)nc(-c3cccc(-c4ccc(C#N)cc4C(N)=O)c3C#N)n2)cc1,17.98
N#Cc1cccc(-c2ccc(-c3nc(C#N)c(C#N)nc3NC3CCC(O)CC3)cc2)n1,15.22
N#CC=Cc1cnc(Nc2ccc(-c3ccc(C#N)cc3)cc2)c(C#N)n1,10.52
Cn1ccc(-c2ccc(-c3ncc(C#N)cc3-c3ccc(C#N)cn3)cn2)cc1=O,21.55
N#Cc1ccc(-c2ccc(-c3nc(-c4ccc(-c5ccc(C#N)nc5)nc4)c4c(n3)-c3ccc(C#N)cc3C4)cn2)nc1,19.64
N#Cc1ccc(-c2ncc(-c3ccc(C#CC#Cc4ccc(-c5cccc(C#N)n5)cc4)cc3)nc2C#N)cn1,18.82
Cc1cc(C)nc(SCc2cnc(C#N)c(C#N)n2)n1,15.36
N#Cc1ccc(Oc2ccc(-c3nc(C#N)c4ncn(CCO)c4n3)cc2C#N)cc1,13.58
Cc1cc(C#N)c(F)cc1-c1nc(C2CCN2C(=O)c2ccc(-c3cocn3)cc2)nc(-c2nc(C#N)nc(-c3cccc(C#N)n3)n2)c1C#N,23.7
O=C(NCC#Cc1ccc2c(-c3ncncn3)ccnc2c1)c1cccn(-c2ccc(F)cc2)c1=O,24.7
N#Cc1c(Cc2cccc3ccccc23)c(C=O)n(Cc2ccc(-c3ccccc3-c3nc(=S)o[nH]3)cc2)c1C#N,34.75
Cc1nc(C2CC2c2nccc(-c3ccc(F)c(C#N)c3)n2)nc(-n2c(C(F)F)nc3ccccc32)n1,25.99
N#Cc1ccc(C#Cc2cc(-c3cncc(C#N)n3)cc(-c3cncc(C#N)n3)c2)cc1,12.18
Cc1nc(-c2ccc(C#N)cc2)c(C#N)nc1-c1ccc(-c2ccc(C#N)nc2-c2nccc(C#N)n2)cc1,13.89
N#Cc1ccnc(-c2ccc(-c3nc(C#N)cnc3C#N)c(F)c2)c1,16.68
N#Cc1ccc2cccc(-c3cc(-c4cccc(C#N)n4)nc(-c4cc(-c5ccc(C#N)nc5)nc(-c5c(C#N)cccc5C(F)(F)F)c4C#N)n3)c2c1,30.49
N#Cc1ccc(C(=O)c2c(-c3ccc(C#N)cc3)cn(-c3ccc(-c4nc(-c5ccc(C#N)nc5)cc(-c5ccccc5C#N)n4)cc3)c2C=Nc2ccc(F)c(C(F)(F)F)c2)cc1,43.58
N#Cc1ccc(-c2cc(-c3ccc(-c4ccc(-c5ccc(C#N)cc5)c(C#N)n4)cc3C#N)ccc2C#N)cc1,14.84
Cc1cn(-c2ccc(Nc3ccc(-c4cccc(C#N)n4)cn3)cc2)cn1,15.31
N#Cc1ccc(Nc2c(-c3ccc(Br)cc3)nc3ccc(C#N)cn23)cc1,14.6
Cc1cc(C#N)c(Cl)cc1-c1nc(C2CC2)nc(-c2cccc(-c3ccc(-c4ncc(C#N)cn4)cc3)n2)c1C#N,16.2
N#CCn1cnc2c(C#N)nc(-c3ccc(-c4cnc(C#N)nc4)cc3)cc21,9.45
CN1CCN(c2nc(-c3ccc(-c4cccc(C#N)c4)cc3)cc(-c3ccc(-c4ccc(C#N)cc4)c(C#N)n3)n2)CC1,17.5
N#CC(=Cc1cn(-c2ccc(-c3ccc(C#N)cn3)cc2)nc1-c1ccc(C#N)cc1)c1nc(-c2ccc(C#N)nc2)c2cc(-c3csc(-c4ccc(C#N)cc4)n3)ccc2n1,24.05
Cn1cc(-c2cccc(-c3cc(-c4cccc(C#N)n4)cc(-c4cccc(C#N)n4)n3)c2)cn1,17.68
Cc1nc(C)c2nc(C#N)c(-c3ccc(C#N)cc3)n2c1-c1ccc(C#N)cc1,21.94
N#Cc1ccc(-c2ccc(-c3cc(F)c(C#N)cc3-c3ncncn3)c(F)c2)nc1,14.14
N#Cc1ccc(-c2cc(-c3ccc(C#N)n3CCC3CC(O)CC(=O)O3)cnc2C#N)nc1,18.96
N#Cc1ccc(-c2ccc(-n3nc(C#N)cc3-c3ccc(C#N)cc3F)cc2)cc1,15.56
N#Cc1ccc(COc2ccc(-c3nc(-c4cncc(C#N)c4)nc(-c4cc(C#N)ccn4)n3)cc2C#N)nc1,22.47
CN(c1ccc(-c2cc(C#N)nc(-c3cnc(N=Cc4cccc(C#Cc5ccc(C#N)cc5)c4)nc3)n2)cn1)C1CCOCC1,20.53
Cn1c(C#N)ccc1-c1cnc(Cl)c(N=c2cc(-c3ccc(C#N)c(C#N)n3)cc(C#N)[nH]2)c1,29.52
N#Cc1ccc(-c2cc(-c3cncc(C#N)n3)c(-c3ccc(C#N)nn3)cn2)nc1,15.71
N#Cc1ccc(-c2ccc(-c3c(C#N)nc(-c4ccc(C#N)c5ccccc45)nc3-c3ccnc4cc(C#N)ccc34)cc2)cc1,16.22
N#Cc1ccc(-c2nc(-c3cccc4ccc(Cl)cc34)c[nH]c2=N)cc1,20.61
N#Cc1ccc(-c2ccc(-c3nc(-c4ccc(C#N)c(F)c4F)nc(-c4ccc(C#N)cc4)c3C#N)cc2)cc1,10.89
N#Cc1ccc(-c2ccc(-c3nc(-c4cccc(C#N)n4)cc(N4CCC5(CC4)CS(=O)(=O)c4ccccc4O5)n3)cc2)cc1,33.68
N#Cc1ccc(-c2nc(C#N)c3c(c2N)C2(CCCCC2)C(C#N)C(=O)N3)cc1,26.22
N#Cc1cccc(-c2ccc(-c3ncncc3-c3ccc(-c4ccc(C#N)nn4)cc3)cc2)c1,16.39
C=CCc1cc(C=C(C)C=CC=CC(O)c2cccc(C=Cc3ccc(C#N)cc3)c2)ccc1OC,40.65
N#Cc1ccc(-c2cc(-c3ccc(C#N)nc3)c(C#N)c(-c3nc(-c4ccc(C#N)nc4)cc(-c4ccc(C#N)nc4)n3)c2)nc1,16.44
N#Cc1ccc(C=Cc2nc3ccccc3c(=O)n2-c2ccc(-c3ccc(-c4cccc(C#N)n4)nc3)cc2)cc1,16.71
N#Cc1ccc(-c2ccc(-c3ccc(-c4ccc(C#N)cc4)c(C#N)n3)cc2)cc1,8.53
N#Cc1ccc(-c2cc(-c3ccc4cccnc4c3)nc(-c3cc(-c4ccc(C#N)c(-c5ccccc5)c4)cc(-c4ccc(C#N)cc4)c3C#N)n2)cc1,21.4
N#Cc1cncc(-c2cc(-c3ccc(C#N)c(F)c3)nc(C#N)n2)c1,13.08
N#Cc1ccc(C=Cc2cc(-c3ccc(F)c(-c4ncc(Cl)nc4C#N)c3F)nc(C#N)n2)cc1,31.54
N#Cc1ccc(-n2cc(C#N)c3c(-c4ccc(-c5cccc(C#N)n5)cc4)cc(C#N)nc32)c(C#N)c1,15.17
Cn1cnc2cc(-c3ccc(C#N)c(NS(=O)(=O)c4ccc(F)cc4)c3)nc(C#N)c2c1=O,19.19
N#Cc1cccc(-c2ncc(-c3nccc(C#N)n3)nc2C#N)n1,9.36
CC(C)COc1ccc(-c2nc(-c3ccccc3)nc(-c3ccc(C#N)cc3)n2)cc1C#N,16.6
CC(=O)C1=C(C(=O)Nc2cc(-c3ccc(-c4cccc(C#N)n4)cc3)c(C#N)nc2C#N)CN(C)C1,33.21
N#Cc1ccc(C(=O)c2c(O)c(O)n(-c3ccc(-c4ccc(C#N)cc4)cc3)c2-c2ccc(C#N)c(C#N)c2)cc1,15.0
Cc1nc2ccc(-c3ncncn3)cn2c1-c1nccc(-c2ccc(C#N)nc2)n1,20.13
C=CCn1cnc(-c2ccc(-c3ccc(-c4ccc(C#N)nc4)nc3)nc2)c1,24.66
N#Cc1ccc(C=Nn2c(-c3ccc(C#N)cc3)nc3ccc(C#N)cc3c2=O)cc1,16.05
CC(Cn1cnc2c(C#N)nc(-c3ccc(-c4ccc(C#N)cc4)c(C#N)c3)cc21)C(=O)O,18.71
Cc1nc(=N)nc(-n2ccc3c(C#N)nc(-c4cncc(C#N)c4)cc32)[nH]1,14.25
CC(C)COc1ccc(-c2nc(-c3cccc(C#N)n3)nc(-c3ccc(C#N)c(C#N)n3)n2)cc1C#N,14.36
N#Cc1ccc(-c2cc(-c3ccc(-c4ccncc4)cc3)nc(-c3nc(C#N)cc(-c4ccc(C#N)cc4)c3C#N)n2)cc1,11.57
N#Cc1ccc(-c2nc(=Nc3ccc(C#N)c(C(F)(F)F)c3)nc[nH]2)cc1,14.22
N#Cc1ccc(Nc2nc(C#N)c(-c3ccc(-c4cnc(C#N)cn4)c(C#N)c3)nc2C#N)cn1,14.74
N#Cc1ccc(C(=O)c2cc(-c3ccc(-c4ccc(C#N)cc4)cc3)n(-c3ccc(Cl)cc3)n2)cc1,17.02
N#Cc1ccc(-c2ccc(-c3ccc(-c4nc(=N)c5cc(-c6nc(CN)no6)ccc5[nH]4)cc3)cc2C#N)cc1,22.36
N#Cc1cncc(-c2ccc(N=c3nc(-c4ccc(-c5ccc(F)cc5)nc4)cc[nH]3)nc2)n1,19.82
N#Cc1ccc(-c2nc(CC3CCCN3C(=O)c3ccccn3)nc(-c3ccc(N=Cc4cc(C#N)cc(C#N)c4O)nc3)n2)cc1,28.09
CC(=O)N1C(Nc2ccc(N)cc2)c2ccc(-c3cccc(C#N)c3)cc2C(c2ccc(C#N)cc2)C1c1ccc(Cl)cc1,25.47
Cc1nc(C)c(C#N)c(-c2ccc(C#N)cc2)c1C#N,9.0
N#Cc1ccc(-c2cc(-c3ccc(C#N)c(-c4cnc(C#N)cn4)c3)c(C#N)c(-c3ncc(C#N)c(C#N)n3)c2)cn1,21.1
CC(C)(O)C#Cc1ncc(-c2nc(-c3cccc(C#N)n3)nc(-c3ccc(-c4cccc(C#N)n4)c(C#N)n3)n2)cn1,24.93
N#Cc1ccc(C#Cc2cccc(-c3ncc(-c4cncc(C#N)n4)cc3C#N)c2)nc1,14.48
N#Cc1ccc2c(c1)c(C#N)cn2-c1ncc(F)c(-c2ccncn2)n1,17.31
N#CC(C#N)=C1C(=Cc2ccc(C#N)cc2)C(=O)C(Cc2ccc(-c3ccc(C#N)nc3)cc2)C(C=O)=C1O,18.08
N#Cc1ccc(-c2ccc(-c3nc(C#N)nc(N4CCOCC4)n3)cc2)cn1,17.12
CN(c1cc(-c2ccccc2C#N)cc(-c2ccc(C#N)nc2-c2ccc(C#N)cc2)n1)c1ncc(-c2cccc(C#N)n2)cn1,26.36
CN(c1ccc(-c2ccc(C#N)cc2)cc1)c1cc(-n2cc(C#N)cn2)ncn1,23.7
N#Cc1ccc(-c2ccn(-c3cc(-c4ccc(C#N)nc4)nc(-c4cccc(C#N)c4F)c3)c(=O)c2)cn1,22.61
COc1ccc(-c2nc(-c3ccc(-c4ccc(C#N)nc4)nc3)nc(-c3cnc(C#N)nc3)n2)cc1F,19.17
N#Cc1cccc(-c2cc(-c3cnc(C#N)nc3)cc(-c3cc(-c4cccc(C#N)n4)ccn3)c2)n1,16.8
N#Cc1ccc(-c2ncc(-c3ccc(-c4ccc(C#N)cn4)cc3)c(-c3ccc(-c4cccc(C#N)c4)cc3)n2)cc1,10.23
N#Cc1cc2cc(Cn3cnc4c(C#N)nc(-c5ccc(-c6cccc(C#N)n6)cc5)cc43)cnc2cn1,16.1
N#Cc1ccc(-c2c(-c3ccnc(C#N)n3)c3ccc(OCc4cc(C#N)cc(C#N)c4)cc3n2C2CCC2)cc1,25.63
N#Cc1ncc(-c2ccc(-c3ccc(N)c(N)c3)cc2)nc1C#N,13.39
CC(C)(C)c1nc2cc(C#N)c(Nc3ccc(-c4ccccc4)cc3)cc2n1Cc1ccc(-c2ccc(C#N)cc2)cc1,27.74
N#Cc1ccc(-c2cc[n+](-c3cc(-c4ccc(C#N)cc4)nc(-[n+]4ccc(-c5ccc(C#N)cc5)cc4)n3)cc2)cc1,9.27
COc1ccc2c(-c3nc(C#N)cnc3-c3ccc(-c4ccc(C#N)cn4)nc3)ccc(C#N)c2c1,22.27
Cc1nccn1-c1cc(-c2ccc(C#N)nc2)nc(C#N)n1,15.63
O=C(C=Cc1ccc(O)cc1)c1ccc(-c2ccccc2)cc1,15.13
N#Cc1ccc(-c2cc(-c3ccc(C#N)cc3)nc(-c3cc(-c4ccc(C#N)nc4)nc4cc(F)ccc34)c2)cc1,15.38
N#CC(=Cc1ccc(C#N)cc1)n1cc(-c2ccnc(-c3ccc(C#N)nc3)c2)c(-c2ccc(F)cc2)n1,19.86
Cn1cncc1C(C#Cc1ccc(-c2cccc(C#N)n2)cc1C#Cc1ccc(C#N)cc1)c1ccc(C#N)cc1,18.58
N#Cc1cnc2c(ccn2Cc2ccc(-c3ccc(-c4cnc(C#N)c(C#N)n4)cc3)cc2)c1,21.05
N#Cc1ccc(-c2cc[n+](-c3cnc(-c4ccc(C#N)cc4)c(-c4ccc(C#N)cc4)n3)cc2)cc1,12.54
N#Cc1ccc(-c2cnc(-c3ccc(-c4nc(C#N)c[nH]4)cn3)cn2)cn1,14.19
N#Cc1cccc(-c2cnc(-c3ccncn3)c(-c3ccnc(C#N)c3)c2)c1,14.94
Cc1ccc(-c2nc(-c3ccc(C#N)nc3)cc(-c3nc(-c4ccc(C#N)nc4)cc(-c4cncc(C#N)c4)n3)c2C#N)c(C)c1,19.58
N#Cc1ncc(Cn2cnc3c(C#N)nc(-c4ccc(C#N)c(F)c4)cc32)cn1,15.31
N#Cc1ccc(-c2cc(C(C#N)c3ccccn3)ccc2C#N)cn1,18.66
N#Cc1ccc(-c2cc(-c3ccc(C#N)cc3)c(C#N)c(-c3nc(-c4ccc(C#N)cc4)nc(-c4ccc(-n5c6ccccc6c6ccccc65)cc4)n3)c2)cc1,16.6
N#Cc1cccc(-c2ccc(C#Cc3ccc(C#CCOC4C(O)C(O)C5C4OC(C(=O)O)C(O)(C(=O)O)C(O)(C(=O)O)C5C(=O)O)cc3C#N)cn2)n1,44.11
N#Cc1ccc(C=Nc2cnc(-c3ccc(C#N)cc3-c3ccc(-c4cnc(=N)[nH]c4)c(F)c3)cn2)cc1,20.69
NC(=O)c1nccc(-c2ccc(-c3cnc4cccnn34)cc2)n1,26.86
N#Cc1ccc(-c2cc(-c3ccc(Nc4nc(-c5ccc(C#N)nc5)cc(-c5ccc(C#N)cc5)c4C#N)cc3)nc(CC3CCCN3C(=N)N)n2)cc1,19.02
N#CC(C#N)=c1ccc(=C(C#N)c2nc(C(=O)OCc3cc(-c4ccc(C#N)cc4)c(C#N)s3)nc(C(F)(F)F)n2)cc1,24.61
N#CC=Cc1cc(-c2ccc(C#N)cc2)c(-c2ccc(C#N)cc2)c(C=CC#N)n1,12.23
N#Cc1ccc(-c2csc(-c3cc(-c4cncc(C#N)c4)nc(-c4cccc(C#N)n4)n3)n2)cc1,16.54
CN=c1[nH]c(C#Cc2ncc(-c3ccncc3)nn2)c(O)c2nc(-c3ccc(OC)cc3)cnc12,45.39
Nc1ccc(NC(=O)CN2C(=O)NC3(CCc4ccccc43)C2=O)cc1,22.44
Cc1cc(C)nc(Sc2nc(C#N)c(-c3ccc(C#N)cc3)c(C#N)c2-c2ccc(C#N)nc2)n1,19.93
N#CCn1cnc2c(C#N)nc(-c3ccc(-c4ccc(C#N)nc4)cc3)nc21,9.05
N#Cc1cccc(C#CC#Cc2cncc(-c3ccc(-c4cccc(C#N)n4)nc3)c2)n1,23.27
N#Cc1ccc(CC=Cc2ccc(-c3ccc(C#N)cc3)c(-c3ccc(-c4cccc(C#N)n4)cc3)c2)cc1,19.02
O=C1C=CC(=O)C1=CNc1ccc(F)cc1,20.83
N#Cc1cccc(-c2ccc(-[n+]3ccc(-c4cc5cc(-c6ccc(N)cc6)ccc5c(-c5ccccc5N)n4)cc3)cc2)n1,38.45
C=C(C)C=Cc1cc(O)c2c(C(=CC=C(C)C)OC(=O)c3ccc(C#N)cc3)cccc2c1O,30.44
N#Cc1ccc(-c2ccc(-n3c(C#Cc4ccc(-c5ccc(C#N)cn5)cc4)nc4cc(-c5ncncn5)ccc43)cc2)cc1,12.69
Cc1cc(C#N)ccc1-c1cc(-c2cccc(C#N)n2)nc(-c2ncc(F)c(-c3ccc(C#N)cc3)n2)c1C#N,21.97
COc1ncc(-c2ccc(OCc3nc(-c4ccc(C#N)cn4)cc(-c4cc(N)c(C#N)c(C#N)c4-c4ccc(C#N)nc4)n3)cc2)cc1C#N,24.92
Cn1nnnc1-c1ccccc1-c1ccc(Cn2cnc3c(C#N)nc(-c4ccc(C#N)nc4-c4ccc(C#N)cc4)nc32)cc1,18.87
N#Cc1ccc(-c2nc(-c3ccc(C#N)c(Cl)c3)no2)cn1,21.23
N#Cc1cc(-c2nc(-c3ccc(OC4CCC(C(=O)O)CC4)c(C#N)c3)nc(-c3ccc(C#N)c4ccccc34)n2)ccn1,15.05
CC1(C)CCCc2c(-c3ccc(-c4ccc(C#N)cc4)cn3)nc(C(=O)Nc3ccc(-c4nccs4)cc3)nc21,30.74
N#Cc1ccc(-c2ccc(C#Cc3nc(C#N)cnc3-c3ccc(-c4cccnc4C#N)cn3)cc2)nc1,18.91
N#Cc1ccc(-c2nc(C#N)c(-c3cnc(C#N)c(C#N)n3)nc2C#N)cn1,16.12
N#Cc1ccc(-c2nc(C#N)cc(-c3ccc(F)c(C#N)c3F)n2)nc1,15.99
N#Cc1cccc(-c2cc3c(ncn3CC3OC(CO)C(O)C3O)c(C#N)n2)c1,11.73
N#Cc1ccc(-c2cc(-c3cccc(C#N)n3)cc(Oc3ccc(-c4ccnc(C#N)c4)c(Cl)c3)c2C#N)cn1,22.88
N#Cc1ccnc(-c2ccc(-c3cc4c(cnn4-c4cccc(N5CCCC(N)C5)n4)c(C#N)n3)s2)n1,24.57
N#Cc1cnc(-c2cnc(-c3ccc(-c4cnc(-c5cccc(C#N)n5)c(C#N)n4)cc3)c(C#N)c2)cn1,18.28
N#Cc1ccc(-c2ccc(-c3nc(C#N)c4ncn(CC5OCC(O)C(O)C5O)c4n3)cc2)cc1,14.04
Cc1nc(-c2nc(-c3ccc(-c4ccc(C#N)cc4)c(C#N)c3)nc(-c3ccc(C#N)c(F)c3F)n2)n[nH]1,21.12
N=c1[nH]cc(-c2cccnc2)nc1-c1cc2ncn(-c3cccnc3)c2cn1,22.5
Cc1ccc(-c2nc(C#N)nc(-c3ccc(OC4CCC(C(=O)O)CC4)c(C#N)c3)n2)nc1C=CC#N,16.22
N#Cc1cc(-c2nc(C#N)cc(-c3cccc4cc(C#N)ccc34)n2)c(C#N)c(-c2ccccc2CO)c1,19.69
N#Cc1ccc(-c2cc(-c3ccccc3C#N)c(C#N)n2-c2ccc(C#N)cc2)cc1,13.53
CCn1c(C#N)ccc1-c1cc(C#N)nc(-c2ccc(C#N)c(C#N)c2)n1,13.84
N#Cc1cccc(C#Cc2nc(-c3ccc(C#N)nc3)c3ccccc3c2-c2cnc(-c3cccc(C#N)n3)c(C#N)n2)c1,22.92
N#Cc1cccc(-c2cc(C#N)nc(-n3cc(C#N)c4ccccc43)n2)n1,9.25
N#Cc1ccc(-c2cc(-c3ccc(C#N)cn3)cc(-c3cc(-c4cncnc4)cc(-c4ccc(C#N)nc4)n3)c2C#N)cc1,19.91
N#Cc1cc(-c2nc(-c3ccc(OC4CCC(C(=O)O)CC4)c(C#N)c3)nc(-c3cnn(CC4CC4)c3)n2)ccc1OC1CCC(C(=O)O)CC1,18.52
N#Cc1ccc(Nc2nc(Nc3ccc(Br)s3)c(C#N)cc2C#N)cc1Cl,11.78
N#Cc1ccc(-c2cc(-c3cnc(C#N)c(C#N)n3)nc(-c3ccc(-c4ccncc4)cc3)n2)cn1,14.54
N#Cc1ccc(-c2cc(-c3cnc(-c4ccc(C#N)c(-c5ccc(C#N)nc5)c4)nc3C#N)ccc2C#N)cc1,18.44
C#CCn1cc(C(=O)c2ccc(C#N)cc2)c2cc(-c3ccc(C#N)cn3)ccc21,21.86
N#Cc1ccc(-c2nc(-c3ccc(C#N)c(C#N)c3)nc(-c3cnc(OC4CCC5CC(C4)OC5C(=O)O)c(C#N)c3)n2)cn1,28.83
N#Cc1ccc(-c2cc(C#N)cc(-c3nc(-c4ccc(C#N)nc4)nc(-c4ccccc4N)n3)c2C#N)cc1,12.8
N#Cc1ccc(-c2ccc(-c3nc(-c4cccc(C#N)n4)nnc3-c3ccncc3)cc2)nc1,12.35
CC(C)n1nc(-c2nc(-c3ccc(C#N)cc3)cc(-c3cccc4ccccc34)n2)c2ccccc21,22.54
N#Cc1cccc(-c2ccc3c(c2)CCc2c(-c4cccc(C#N)c4)nc(-c4cccc(C#N)n4)nc2-3)c1,17.15
N#CC=Cc1cccc(C=Cc2cc(-c3cccc(C#N)n3)cc(C=CC#N)n2)n1,14.77
N#Cc1cc(NC(=O)c2ccc(F)cn2)cc(-c2nc(-c3ccc(C#N)nc3)nc(-c3cc(C#N)ccc3C#N)n2)c1,21.32
Cc1ccc(-c2nc(C)cc(-c3nc(-c4ccc(C#N)cc4)cc(-c4ccc(F)c(C#N)c4)n3)c2C#N)c(C)c1,13.24
N#Cc1ccc(-c2ccc(-n3c(-c4ccc(C#N)cc4)nc(-c4ccc(C#N)cc4)c3-c3ccc(C#N)cc3)cc2)cc1,10.83
N#Cc1ccc(-c2cc(-c3ccncc3)nc(-c3ccc(C#N)nc3)c2)cc1,11.58
N#Cc1ccc(-c2cccc(-c3ccc(-c4ccc(-c5ccc(C#N)cc5)c(C#N)n4)cn3)c2)cc1,17.86
N#Cc1ccc(-c2nc(-c3ccc(F)cc3)nc(-c3cc(-c4ccc(C#N)cn4)cc(-c4ccc(C#N)cc4)c3C#N)n2)cc1,14.6
N#Cc1cccc(-c2ccc(-c3nc(-c4cccc(-c5ccc(C#N)cc5C#N)c4C#N)n(C4CCOCC4)n3)cc2)c1,16.44
N#CC(C#N)=c1ccc(=C(C#N)c2nc(C#N)nc(C(C#N)c3ccc(C#N)cc3)n2)cc1,10.89
N#Cc1ccc(-c2cccc(-c3nc(-c4ccc(C#N)nc4)nc(-c4ncccn4)n3)c2C#N)nc1,17.04
N#Cc1ccc(-c2ccc(-c3ccc(-c4cc(-c5cccc(C#N)n5)cc5ccc(OCc6cn(C#N)nn6)cc45)nc3C#N)cn2)nc1,32.15
CCOC(=O)C1CN(c2ccc(C#Cc3ccc(C#N)cc3)c(-c3cc(C=CC#N)nc(-c4ccc(C#N)nc4)n3)n2)CCN1c1ccc(C#N)cn1,36.3
CN(C)c1nc(-c2ccc(C#N)nc2)cnc1C#N,11.41
N#Cc1ccc(-c2ccc(-c3nc(-c4ccc(C#N)cc4)c(-c4ccc(-c5ccncc5)cc4)nc3-c3ccc(C#N)cc3)cc2)cc1,13.18
N#Cc1ccc(-c2cc(C#N)nc(-c3nc(-c4ccc(C#N)nc4)cc(-c4ccc(OC(F)(F)F)c(C#N)c4)n3)c2C#N)cc1,11.95
N#Cc1ccc(-n2cc(C#N)c3cc(-c4cccc(C#N)n4)ccc32)cc1,11.97
N#Cc1ccc(C(=O)c2ccc(=O)n(-c3ccc(-c4ccc(-c5nc(C(N)=O)cs5)cc4)cc3)n2)cc1,27.78
Fc1ccc(Nc2ccc(-n3c4ccccc4c4ccccc43)cc2)c(F)c1,15.18
N#Cc1ccc(-c2ccc(-c3nc(C#N)nc(-c4nc(C#N)cc(-c5ccc(C#N)cc5)c4C#N)n3)cc2C#N)cc1,11.55
N#Cc1ccc(C(=O)c2cc(-c3ccc(C#N)cc3)cc(N3CCC4(CC3)CNC(C(=O)O)C4)c2)cc1,21.4
N#Cc1ccc(-c2nc(N)c(-c3ccc(-c4ncc(C#N)cn4)cc3)nc2C#N)cc1,11.78
N#Cc1ccc(-c2ncnc(-n3c4ccccc4c4ccccc43)n2)cn1,14.33
N#Cc1ccc(-c2cc(-c3ccc(C#N)nc3)nc(-c3ncccn3)n2)cn1,15.02
N#Cc1cc(-c2ccc(C#N)nc2)cc(-c2cc3c(ncn3CC3CC3)c(C#N)n2)c1,13.68
CNc1cc2nc3ccc(N)cc3c(C)c2cc1N,18.98
O=c1nc(-c2ccccc2)c2cc(Cl)ccc2n2cccc12,21.2
N#Cc1ccc(Oc2ccc(-c3nc(-c4cccc(C#N)n4)nc(-c4cccc(C#N)n4)n3)cc2C#N)cc1,10.74
N#Cc1ccc(-c2cc(-c3cccc(C#N)c3)cc(-c3ccc(-c4cccc(C#N)n4)cn3)c2)nc1,9.58
N#Cc1ccc(-c2cc(-c3ccc(C#N)cc3)nc(-c3cccc(-c4ccc(C#N)c(-c5ccc(C#N)cc5)n4)c3)n2)cc1,15.99
N#Cc1ccc(-c2c(-c3ccc(-c4ccc(C#N)cn4)cc3)cnc(C#CC#Cc3ccc(-c4ccc(-c5cccc(C#N)n5)cc4)cc3)c2-c2ccc(C#N)cc2)cc1,23.9
N#Cc1cncc(-c2cc(C#N)nc(-c3cc(C#N)nn3-c3ccccc3)c2)c1,25.32
N#Cc1cccc(-c2ccc(-c3cncc4cc(-c5ncncn5)ccc34)nc2C#N)n1,19.48
N#Cc1cccc(-c2cc(-c3cccc(-c4cnc(C#N)nc4)c3)nc(-c3ccc(C#N)c4ccccc34)n2)n1,13.09
Cc1nc(=N)nc(-n2c(C=Cc3ccc(C#N)cc3)cc3c(C#N)nc(-c4ccc(Cl)cc4)cc32)[nH]1,20.64
N#Cc1cc(-c2cc[n+](-c3nc(-[n+]4ccc(-c5ccncc5)cc4)nc(-[n+]4ccc(C#N)c(C#N)c4)n3)cc2)cc(C(F)(F)F)c1,22.26
N#Cc1ccc(-c2ccc(-c3cc(C#N)nnc3-c3ccc(-c4ccc(C#N)cc4)cc3)cc2)cc1,13.89
N#Cc1ccc(-c2ccc(C#N)nc2-c2ccnc(-c3ccc(C#N)nc3)n2)cc1,13.02
N#Cc1ccc(-c2cc(-c3ccc(-c4cccc(N)c4C#N)c(F)c3)nc(C#N)n2)cc1,20.62
N#Cc1ccc(-c2ccc(-c3nc(-c4cccs4)nnc3-c3ccncc3)cc2)nc1,15.04
Cc1nc(Oc2ccc(N=c3nc(-c4cccc(-c5ccc(C#N)cn5)c4)cc[nH]3)cc2Cl)nc(-c2ccc(C#N)cc2)n1,30.44
Cc1ccc(-c2c(C#N)c(-c3nccc(-c4cncnc4)n3)nn2-c2ccc(C#N)cc2)c(C)c1,19.56
N#Cc1cccc(-c2cc(-c3conc3C#N)nc(-c3c(F)cccc3C#N)n2)c1,24.6
C#Cc1cc(-c2cnc(-c3cnc(-c4cccc(C#N)n4)c(C#N)n3)cn2)ccc1-c1cnc(-c2ccc(C#N)nc2)c(C#N)n1,25.6
N#Cc1ccc(-c2ccc(-c3cc(C#N)cc(C#N)n3)cn2)nc1,9.89
CCn1nc(-c2cnc(C#N)nc2)nc1-c1cnc(-c2ccc(C#N)cc2)c(C#N)c1,16.53
N#Cc1ccc(-c2c(-c3ccc(-c4ccc(C#N)cn4)cn3)nc(C#N)c(-c3ccc(C#N)cc3C#N)c2C#N)cc1,16.24
N#Cc1ccc(C#Cc2cc(-c3cnc(C#N)c(C#N)n3)c(C#N)nc2-c2ccc(-c3cccc(C#N)c3)cc2)cc1,17.26
N#Cc1ccc(C(c2ccc(C#N)cc2)(c2ccc(C#N)cc2)n2cnc(C#Cc3ccccc3C#N)c2)cc1,20.53
N#Cc1ccc(-c2cnc(C#N)c(C#N)n2)nn1,13.15
N#Cc1ccc(-c2cc(-c3ccc(C#N)nc3)cc(C(C#N)c3ccc(C#N)cn3)c2)cc1,22.93
N#Cc1ccc2c(c1)C(=O)c1cc(Nc3ccc(C#N)c(C#N)n3)ccc1C2=O,11.94
Cn1c(C#N)ccc1-c1cc(-c2cc3ccccc3c(C#N)n2)ncc1C#N,22.96
N#Cc1ccc(-c2ccc(-c3cc(-c4ccc(F)c(C#N)c4)nc(-c4ccccc4C#N)n3)cc2)cc1,16.23
N#CC(C#N)=c1ccc(=C(C#N)c2nc(C(=O)c3ccc(C#N)cc3)n(C(=O)c3ccc(Br)cc3)n2)cc1,20.6
N#Cc1cncc(-c2ccc(-c3cc4c(ncn4CC4CCOC4)c(C#N)n3)cc2)n1,12.47
N#Cc1ccc(-c2ccc(-c3nc(C#N)c4ncn(CC5CCNCC5)c4n3)c(F)c2)cc1,19.28
N#Cc1ccc(-c2nc(C#N)cnc2-c2ccc(-c3ccc(C#N)nc3)nc2)cc1,10.63
N#Cc1ccc(C#Cc2ccc(-c3cc(-c4cnc(C#N)nc4)cc(C#N)n3)cn2)nc1,13.74
N#Cc1ccc(-c2cnc3cc(C#N)c(N)nc3c2)cn1,16.93
Cn1cnc(-c2cccc(-c3ccc(Oc4c(-c5ccc(C#N)cc5)nc(C#N)c5cccnc45)cc3)c2)n1,24.16
N#Cc1ccc2nccc(-c3ccc(-c4cccc(C#N)n4)c(C#N)n3)c2c1,16.37
N#Cc1ccc(-c2cc(-c3cc(C#N)cnc3-c3ccc(-c4ccc(C#N)nc4)nc3)cc(-c3ccc(C#N)nc3)n2)cc1,19.28
N#Cc1ccc(-c2nc(C=Cc3ccc(-n4cccc4)cc3)c3ccccc3c2C#N)cn1,19.84
Cc1cc(C#N)c(Cl)cc1-c1nc(-c2ccc(C#N)nc2)cc(-c2cccc(-c3cnc(C#N)nc3)n2)c1C#N,22.1
Cc1nc(-c2ccc(-c3ccc(C#N)cc3)cc2)c(-c2ccc(C#N)cc2)nc1-c1ccc(Cl)cc1N,14.17
N#Cc1ccc(-c2ccc(-c3cc(-c4ccncc4)cc(-c4ccc(C#N)nc4)c3)cn2)cc1,13.51
N#Cc1ccc(-c2ccc(-c3nc(C#N)c(C#N)nc3-c3ccc(C#N)cn3)cc2)nc1,12.74
N#Cc1ccc(-c2cc(-c3ccc(C#N)cc3)nc(-c3nc(C#N)nc(-c4ccc(C#N)nc4)c3C#N)n2)cc1,16.04
N#CCCn1c(-c2ncc(C#N)c(-c3ccc(C#N)cc3)c2C#N)nc(C#N)c1-c1ccc(C#N)cc1,21.25
N#Cc1ccc(-c2cc(-c3ccc(-c4ncnc(F)n4)cc3)cc(-c3cccc(C#N)n3)n2)cc1,21.15
N#Cc1ccc(-c2cc(-c3ccc(Nc4nccc(C#N)c4C#N)cc3)cc(-c3ccc(C#N)cn3)c2)cc1,18.65
CC(C)N1CCCC(Cn2nc(-c3ccc(C#N)cc3)c3c(C#N)nc(-c4cccc(C#N)c4)cc32)C1,21.95
N#Cc1ccc(-c2nc(C#N)c(-c3ccc(C#N)cc3)c(-c3ccc(-c4ccc(C#N)cc4)c(C#N)n3)n2)cc1,13.91
N#Cc1ncc(-c2ccc(-c3nc(C#N)c4ncn(CC5CCN(C=O)CC5)c4n3)cn2)cn1,12.48
CN(Cc1coc(-c2ccc(C#N)cc2)n1)c1ccc(-c2cccc(C#N)n2)cn1,19.28
N#Cc1ccc(-c2cc(N=c3nc(Nc4ccc(F)cc4)c4c(C#N)c[nH]c4[nH]3)cc(-c3cnc(C#N)nc3)c2)cn1,33.35
N#Cc1ccc(-c2ccc(C#Cc3ccc(-c4cncc(C#N)c4)nc3)cn2)nc1,19.08
N#Cc1ccc(-c2ccc(-c3cc(-c4cnc(C#N)nc4)cc(C#N)n3)cn2)nc1,7.25
Cn1cc(-c2cc(-c3ccc(-c4ccc(C#N)cn4)cc3)c(C#N)cc2C#N)cn1,22.35
N#Cc1ccc(-c2cc(C#N)c(=O)n(-c3ccc(-n4cccc4)c(-c4ccc(C#N)cc4)c3)c2)cc1,25.64
N#Cc1ccc(-c2ncc(C#N)nc2-c2ccc(-c3cnc(C#N)nc3)cn2)nc1,13.09
N#Cc1ccc(-c2cc(C(=O)O)n(-c3ccnc(-c4ccc(C#N)nc4)c3)c2)cc1,18.5
N#Cc1ccc(-c2ccc(-c3nc(-c4ccc(OC5CC6COC(C6)C5)c(C#N)c4)nc(-c4cncc(C#N)c4F)n3)cn2)cn1,30.52
Cc1ccc(-c2nc(C)nc(-c3nc(C#N)nc(-c4ccc(-n5cccn5)cc4F)n3)c2C#N)c(C)c1,18.3
N#Cc1ccc(-c2ccc(-c3nc(C#N)cc(-c4ccc(-c5ccc(C#N)cn5)nc4)n3)cc2C#N)cc1,17.11
N#Cc1cncc(-c2ccc(N=c3cc(-c4ccc(-c5ccccc5C#N)c(C#N)c4)nc(C#N)[nH]3)cc2)n1,20.81
N#Cc1ccc(C(F)(c2ccc(C#N)cc2)c2nccc(-c3cnc(C#N)cn3)n2)cc1,17.38
N#Cc1ccc(-c2cc(-c3ccc(-c4ncc(C#N)c(C#N)n4)nc3)nc(-c3ccc(C#N)cn3)n2)cc1,19.19
N#Cc1cc(C=O)c(O)c(C=Nc2ccc(-c3nccc(-c4ccc(C#N)nc4)n3)cn2)c1,10.55
N#Cc1cccc(-c2ccc(-c3cc(-c4cccc(C#N)n4)ccc3-c3ccnc(-n4cccn4)c3)cc2)n1,24.39
N#Cc1ccccc1CNc1cc(F)c(C#N)c(F)c1C#N,17.11
N#Cc1cccc(-c2ccc(-c3nc(C#N)cnc3C#N)cc2)c1,10.43
N#Cc1ccc(-c2cc(-c3ccncn3)cc(-c3ncc(-c4cnc(C#N)c(C#N)n4)s3)c2)cn1,18.99
Cn1c(C#N)ccc1-c1ccc(-c2nc(C#N)c(-c3cccc(C#N)n3)nc2N)cn1,16.04
N#Cc1cncc(-c2cnc(C=O)c(C#Cc3cccc(C#N)n3)c2)c1,20.13
CCc1nc(-c2ccc(-c3ccc(C#N)cc3)c(C#N)n2)sc1-c1cc(C(F)(F)F)ncn1,21.61
N#CC(C#N)=c1ccc(=C(C#N)c2nc(C(C#N)c3nc(C#N)c(N)o3)nc(C(F)(F)F)n2)cc1,14.0
Cn1c(C#N)ccc1-c1ccc(-c2nccc(C#N)n2)cc1C#N,9.08
N#Cc1ccc(-c2ccc(-c3nc(C#N)c(-c4cccc(C#N)n4)nc3C#N)cc2)nc1,11.47
N#Cc1ccc(-c2ccc(-n3cc(-c4ncncn4)c4cc(-c5ncncn5)c(-c5cccc(C#N)n5)cc43)cc2)cn1,16.58
Cc1cc(C=Cc2ccc(-c3nc(Cl)nc(Cl)n3)cc2)nc2ccccc12,21.13
CC(CNc1ccc(-c2cc(-c3ccc(C#N)cn3)cc(-c3cccc(C#N)n3)c2)cc1)NC(=O)c1ccc(-c2ccc(C#N)cc2)nc1,32.44
CC=CCC=CNc1ccc(-n2cc(-c3ccc(-c4ccc(F)c(C#N)c4)nc3)nc2-c2ccc(-c3ccc(C#N)cn3)cc2)cc1,35.78
N#Cc1ccc(-c2cc(-c3ccc(-c4cccc(C#N)n4)cc3C#N)ccc2C#N)nc1,12.95
Cc1cc(C#N)c(F)cc1-c1nc(C2CCN(c3ncc(C#N)cn3)CC2)nc(-c2nc(C#N)nc(-c3c(F)c(F)c(C#N)c(F)c3F)n2)c1C#N,16.91
N#Cc1ccc(-c2ccc(CCCOc3ccc(-c4cccc(C#N)c4)cc3)nc2)cc1,19.95
N#CC(=Cc1ccc(C#N)nc1)c1nc(C(C#N)=C2N=C(c3ccc(C#N)cc3)N(c3ccc(C#N)cc3)C2=N)nc(C(C#N)=c2ccc(=C(C#N)C#N)cc2)n1,21.9
Cc1nc(-c2ccc(-c3ccc(C#N)cc3)c(C#N)c2)ncc1C=CC(=O)N1CCCCC1,27.97
N#Cc1ccc(-c2cc(-c3cn(-c4ccc5cc(C#N)oc5c4)c4ccc(C#N)cc34)nc(-c3ccc(C#N)c(-c4ccccc4)c3)n2)cc1,34.73
N#Cc1cc(-c2ccc(-c3cccc(C#N)n3)cn2)cc(-c2cnc(C#N)c(C#N)n2)c1,11.8
N#Cc1ccc(-c2ccc(-c3cc4c(ncn4CC4CC(CO)C(O)C4O)c(C#N)n3)cc2)cn1,16.37
N#Cc1ccc(C=C2C(=O)C(=CNc3cccc4c(N)cccc34)C(=O)C(=CNc3cccc4c3ccc3ccccc34)C2=O)cc1,15.71
N#Cc1ccc(-c2ccc(-c3nc(NS(=O)(=O)c4ccc(-c5ccc(C#N)cc5)cc4)c(C#N)c(C#N)c3-c3ccc(C#N)cc3)cc2)cc1,21.33
N#Cc1ccc(-c2ncc(-c3cc(-c4ccc(C#N)c(-c5ccc(C#N)nc5)c4)nc(C(=O)O)n3)cn2)cn1,25.32
N#Cc1ccc(-c2ccc(-c3nc(C#N)cnc3-c3ccc(-c4ccc(C#N)nc4)c(C#N)n3)cc2)nc1,18.94
N#Cc1ccc(-c2cc(C#N)cc(-c3nc(-c4ccc(C#N)nc4)cc(-c4cc(-c5ccoc5)cc(-c5ccc(C#N)nc5)n4)n3)c2C#N)cc1,22.13
N#Cc1ccc(-c2nc(C#Cc3ccccc3N)cc(-c3ccc(C#N)cn3)n2)cc1,17.92
N#Cc1cncc(-c2ccc3c(-c4ccc(F)cc4)c(-c4cccc(C#N)n4)nc(-c4ncncn4)c3c2)n1,23.94
N#Cc1cccc(-c2ccc(-c3ccc(-c4nnc(-c5cccc(C#N)n5)c(C#N)n4)cn3)c(C#N)c2)n1,13.9
N#Cc1ccc(-c2nc(C#N)ccc2C#Cc2ccc(-c3ccc(C#N)cn3)cc2)cc1,10.59
Cc1cc2nc(-c3ccc(C#N)c(F)c3)cc(C(=O)O)c2n1-c1ccc(C#N)cc1,25.43
N#Cc1ccc(-c2cc(C#N)nc(-c3cccc(-c4ccc(-c5cccc(C#N)n5)cc4)n3)c2C#N)cc1,13.0
N#Cc1ccc(-c2ccc(-c3cc4c(ncn4Cc4ccc(-c5ccccc5)cc4)c(C#N)n3)cc2)cn1,9.44
Cc1cc(C#N)c(Cl)cc1-c1c(C#N)c(-c2nc(N=c3cc[nH]c(C#N)c3)nc(-c3cc(F)c(C#N)c(F)c3F)n2)c2cc(-c3ncncn3)ccn12,28.49
N#Cc1ccc(-c2cc(C#N)nc(-c3ccc(-c4ccc(C#N)nc4)c4ccccc34)n2)cn1,15.31
N#CC(=Cc1ccc(C#N)cc1)C(=O)c1cccs1,17.68
N#Cc1ccc(-c2ccc(-c3cc(-c4ccc(C#N)nc4C#N)cc(C#N)n3)cn2)nc1,11.41
N#Cc1ccc(-c2ccc(-c3nc(C#N)c(-c4ccc(C#N)nc4)nc3Nc3ccc4c(c3)OCc3ccc(C(=O)O)cc3C4=O)cn2)nc1,14.02
Cc1nc(-c2cccc(C#N)n2)nc(C2CCC(c3ccccc3)N(C(=O)c3ccc(-c4cccc(C#N)c4)cc3)CC2)n1,26.16
N#Cc1ccc(-c2cc(-c3ccc(C#N)cc3)c(C#N)c(-c3cncc(-c4ccc(C#N)cn4)n3)n2)cc1,19.24
N#Cc1ccc(-c2ccc(-c3nc(C#N)nc(-c4ccc(-c5ccc(C#N)nc5)c(C#N)n4)n3)cn2)cc1,22.49
N#Cc1ccc(-c2ccc(-n3c(O)c(O)c(C(=O)CCc4ccc(-c5ccc(C#N)c(C#N)c5)cc4)c3-c3ccc(C#N)cc3)cc2)cc1,19.3
N#Cc1ccc(-c2ccc(C=Cc3cncc(-c4ccc(C#N)cc4)n3)nc2)cc1,13.23
N#Cc1ccc(-c2nc(-c3ccc(C#N)cn3)c(C#CC3c4ccccc4C(=O)N3S(N)(=O)=O)nc2C#N)cc1,30.71
N#Cc1ccc(-c2nc(-c3ccc(C#N)nc3)nc(-c3cc(Cl)c(C#N)cc3C#N)n2)cn1,23.08
N#Cc1ccc(-c2cc(-c3ccc(Nc4nc(C#N)ncc4N)cc3)nc(-c3cnc(-c4ccc(C#N)nc4)nc3)c2)cc1,21.18
N#Cc1ccc(-c2nc(-c3ccc(F)c(C#N)c3F)nc(-c3ccc(C#N)cc3)c2C#N)cc1,14.05
N#Cc1ccc(-c2cccc(-c3nc(-c4ccc(-n5cccn5)cc4)nc(-c4ccc(C#N)nc4)n3)c2C#N)c(C#N)c1,14.5
Cc1cc(-c2oc(Cc3ccc(C#N)cc3)nc2-c2ccc(-c3ccc(C#N)cn3)cc2)nc(Cl)n1,24.28
N#Cc1ccc(C(=O)Nc2cn3cc(NC(=O)C4CC4)nc3cn2)c(C(F)(F)F)c1,26.6
Cc1cc(C#N)ccc1-n1c(-c2ccccc2C#N)cc2c(-c3cnc(C#N)cn3)cc(C#N)nc21,23.43
COc1c(N)cc(O)c2c(O)c3oc(=O)c(C#N)cc3cc12,25.18
Cc1nn(-c2nc(-c3ccc(C#N)nc3)cc(-c3ccncn3)n2)c(C)c1C#N,21.28
Cc1cc(C#N)cnc1-c1ccc(-c2ccc(Nc3nc(C(C#N)=c4ccc(=C(C#N)C#N)cc4)nc(-c4ccc(C#N)nc4)n3)cc2)cc1,22.86
N#Cc1ccc(-c2cc(-c3ccccc3F)nc(-[n+]3ccc(-c4cc(-c5ccc(C#N)cc5)c(-c5ccc(C#N)cc5)c(C#N)n4)cc3)c2)cc1,23.46
N#Cc1ccc(-c2ccc(-c3nc(-c4cnc(OC5CCC(C(=O)O)CC5)c(C#N)c4)nc(-c4ccccn4)n3)cc2C#N)cc1,14.14
N#Cc1ncc(-c2ccc(-c3nc(C#N)c(C#N)nc(=Nc4ccc(C#N)c(C#N)c4)c3C#N)cc2)cn1,16.56
N#Cc1ccc(-n2cnc3cc(-c4ccc(C#N)nc4)cnc32)cc1,14.64
N#Cc1ccc(-c2ccc(-c3ccnc(C#N)n3)cc2F)nc1,18.44
N#Cc1cc(-c2ccncc2)cc(-c2cc(N3CCC(N=c4nc(C#N)cc[nH]4)CC3)nc(C#N)n2)n1,26.41
N#Cc1ccc(-c2nc(-c3ccc(-n4cccn4)cc3)cc(-c3ccc(C#N)nc3)n2)cc1,12.83
N#Cc1ccc(-c2nc(-c3cccc(C#N)n3)c(C#N)cc2-c2ccc(C#N)cn2)cc1,13.19
N#Cc1ccc(-c2ccc(-c3nc(-c4ccccn4)nc(-c4ccc(C#N)c(F)c4F)n3)cn2)cc1,16.03
N#Cc1ccc(C=CNc2ccc(C(=O)c3ccc(N=Cc4cc(C=O)cc(C=O)c4O)cc3)cc2)cc1,19.59
N#Cc1ccc(C=CC2=C(O)C(C=O)=C(O)C(=Cc3cc(C#N)c(C#N)cc3Sc3ccccc3C#N)C2=O)cc1,28.47
N#Cc1cc(C#N)nc(-c2cccc(-c3ncncc3C#N)c2F)n1,14.75
N#Cc1cccc(-c2nc(C(c3ccc(-c4cccc(-c5ccccc5)c4)cc3)n3ccnc3)ccc2C#N)c1,21.87
N#Cc1ccc(Nc2nc(-c3ccc(C#N)cc3)cc(-c3ccc(C#N)cc3)n2)cc1,14.16
N#Cc1ccc(-c2ccc(-c3ccc(-c4cc(C#N)ccc4-c4ccc(C#N)nc4)cc3)nc2C#N)cc1,14.41
COc1nc(-c2cnc(N3C(C#N)CCCS3(=O)=O)nc2C)ncc1-c1ncc(C#N)cn1,34.36
N#Cc1ccc(-c2nc(-c3cnc(OCCO)c(C#N)c3)cc(-c3cccc(C#N)n3)n2)cn1,15.19
N#Cc1ccc(-c2nc(C#N)ccc2C#Cc2ccc(-c3cncc(C#N)n3)nc2)cc1,13.07
N#Cc1ccc(-c2ccc(-c3ccc(C#N)o3)cn2)nc1,14.74
N#Cc1ccc(-c2ccc(-n3c(=O)cc(-c4ccc(C#N)cc4)c4cc(OCc5ccc(-c6cnccn6)cc5)ccc43)cc2)cc1,21.95
N#Cc1ccc(-c2ccc(-c3nc(C#N)c(-c4ccc(C#N)nc4)nc3N3CCCC3)cn2)nc1,11.49
N#Cc1nc(-c2ccc(-c3ccc(-n4cccc4)cn3)cc2)cc2ncn(CCc3ccc4c(c3)OCC4)c(=O)c12,35.8
N#Cc1ccc(-c2ccc(-c3cc(-c4ccc(C#N)c(F)c4)nc(C#N)n3)cc2)cn1,13.69
N#CC(C#N)=C1C(=Cc2ccc(C#N)cc2)C(=O)C(Nc2ccc(-c3cc(-c4ccc(F)cc4)nc(-c4ccc(C#N)nc4)c3)cc2)C(C=O)=C1O,10.67
N#Cc1ccc(C(=C2C(=O)C(C=O)=C(O)C(C=O)=C2O)c2cc(N3CCN(c4ccccn4)CC3)c(C#N)cn2)cc1,25.61
N#Cc1ccc(-c2c(C#N)c3cc(-c4cc(F)cc(C#N)c4)ccc3n2-c2ccccn2)cc1,22.04
N#Cc1cccc(-c2cc(-c3cccc(C#N)n3)nc(-n3cccc3)c2)n1,13.47
CC(c1ccccn1)n1nc(-c2ccc(-c3cccc(C#N)c3)cc2)nc1-c1ccc(C#N)nc1,13.59
Cc1cn(-c2ccc(Nc3cc(-c4ccncc4)cc(-c4ccc(C#N)nc4)n3)cn2)cn1,28.9
N#CC=Cc1cccc(-c2nc(-c3ccc(C#N)cc3)nc(-c3ccc(F)c(C#N)c3F)n2)n1,16.76
N#Cc1ccc(-c2ccn(-c3ccc(-c4cccc(-c5ccc(C#N)c(-c6ccccc6)c5)n4)cn3)n2)cc1,16.41
N#Cc1ncc(C#N)c(-c2cccc(CNc3ccc(C#N)c(C#N)c3)c2)n1,24.89
N#CCn1cc(-c2ccc(-c3ccc(C#N)cn3)cc2)c(-c2ccc(-c3cccc(C#N)c3)cc2)n1,13.34
N#Cc1cccc(-c2ccc(-c3cc(-c4ccncc4)ccc3-c3nc(C#N)c(C#N)[nH]3)cc2)n1,14.67
N#Cc1c[nH]c(-c2ccc(-c3ncc(-c4ccncc4)cc3C#N)cc2)n1,14.75
N#Cc1ccc(C#Cc2ccc(-c3nc(-c4ccccc4)nc(-c4ccc(C#N)nc4)n3)cn2)cc1,19.17
N#Cc1ccc(-c2nc(N)c(-c3cccc(C#N)c3)nc2C#N)cc1,12.53
N#Cc1ccc(-c2nc(-c3ccc(-c4ccc(C#N)cc4)c(C#N)c3)nc(-c3ccc(C#N)cn3)n2)cc1,9.69
N#Cc1ccc(NS(=O)(=O)c2ccc(-c3ccc(-c4cc5c(ncn5CCCN=c5ccc(C#N)n[nH]5)c(C#N)n4)cc3)cc2)cc1,32.87
N#Cc1ccc(C=Nc2nc3ccc(C#N)cc3s2)cc1,20.73
N#Cc1ccc(-c2cc(-c3ccc(C#N)cc3)nc(-c3cccc4ccccc34)c2)cc1,10.09
CC(C)(C)c1nc(-c2ccc(C#N)cc2)cnc1C=c1sc(=C(C#N)c2nc(C#N)c(Nc3ccc(C#N)cc3)o2)c(N)c1C#N,33.4
N#Cc1ccc(-c2ccc(-c3ccc(-c4ccc(C#N)cn4)nc3)nc2C#N)cc1,8.92
N#Cc1ccc(-c2cc(C(c3ccc(C#N)cc3)c3ccc(C#N)cc3)c(-c3ccc(C#N)cc3)c(-c3ccc(C#N)nc3)n2)cc1,16.79
N#Cc1cncc(-c2ccc(-c3cc(C(=O)O)nc(C#N)n3)cc2)c1,15.47
N#Cc1ccc(-c2ccc3nc(-c4cnn(Cc5cc(C#N)ccc5C#N)c4)cn3n2)cc1,20.98
N#Cc1ccc(-c2cc(-c3ccc(C#N)nc3)cc(-c3nc(-c4cccc(-c5ccc(C#N)nc5)n4)nc(-c4ncccn4)n3)c2C#N)cc1,17.54
N#Cc1ccc(Nc2ccc3c(=O)c4ncccc4sc3c2C#N)cc1,30.99
N#Cc1ccc(-c2ccc(-c3cnc(-c4ccc(C#N)nc4)cc3-c3cccc(C#N)n3)cc2)nc1,9.34
N#Cc1cc(-c2cc(-c3ccc(C#N)c(C#N)c3)ccc2C#N)ccn1,17.92
N#Cc1ccc(-c2ccc(-n3c(-c4ccc(C#N)cc4)ccc3-c3nccc(-c4cccc(C#N)n4)n3)cc2)cc1,18.66
N#Cc1ccc(-c2cc(-c3cnc(-c4ccc(C#N)cc4)c(-c4ccc(C#N)cc4)n3)ccc2-n2ccnc2)cc1,20.91
N#Cc1ccc(-c2nc(-c3ccc(C#N)nc3)cc(-c3nc(C#N)nc(-c4ccc(-c5cccc(C#N)n5)cc4)n3)c2C(F)(F)F)cc1,22.43
N#Cc1ccc(-n2cc(CCO)cn2)cc1C#N,17.61
COc1ccc(Sc2cnc(C#N)c(C#N)c2)cc1,20.6
N#Cc1cccc(-c2ccc(-c3cnc(OCc4ccnc(-c5cnc(C#N)nc5)n4)c(C#N)c3)cc2F)n1,29.96
N#Cc1ccc(-c2cc(-c3nc(C#N)cc4ccccc34)nc(-c3cccc(-c4nccc(C#N)c4CO)c3C#N)n2)cn1,19.28
N#Cc1cncc(-c2nc(C#N)c3ncnc-3c(-c3ccc(-c4cnc(C#N)nc4)c(C#N)n3)n2)c1,18.12
N#Cc1ccc(-c2ncnc(C#N)n2)cn1,11.75
N#CC=Cc1nc(C#N)cc(Cc2ccc(-c3ccc(C#N)cc3)cc2)n1,16.81
N#Cc1ccc(-c2ccc(-c3nc(-c4ccc(C#N)cc4)nn3-c3ccc(-c4ccc(C#N)cc4)cn3)cc2)cc1,12.05
Cc1cc(-c2ccnc(-c3cc(-c4cccc(C#N)n4)cc(-c4ccc(C#N)cn4)c3C#N)n2)cc(C)n1,20.16
COc1ccc(-c2ccc(C=C3CC(=O)N(C#N)C(Cc4ccc(-c5ccc(C#N)cc5)cc4)C3=O)cc2)cn1,35.6
Cn1cnc2c(C#N)nc(-c3ccc(Oc4ccc(C#N)cc4)cc3)cc21,14.05
N#Cc1ccc(C#N)c(-c2cc[nH]c(=Nc3ccc(C(=O)Nc4ccc(N)c(C#N)c4)cc3)n2)c1,25.9
N#Cc1ccc(-c2ccc(-c3nnc(C#N)c(C#N)n3)nc2C#N)cc1,10.86
CC(C#N)=CCn1cnc2c(C#N)nc(-c3cccc(C#N)c3)cc21,18.04
Cc1nc(=NCc2cc(F)cc(C#N)c2)cc(-c2ccc(-n3ccnc3)cc2)[nH]1,25.06
N#CC=Cc1cc(-c2cccc(C#N)n2)cc(-c2ccc(C#N)cn2)n1,9.38
N#Cc1ccc(-c2nc(=N)c(C#N)n[nH]2)cc1,10.55
N#Cc1ccc(-c2cc(-c3ccc(C#N)cc3)nc(-c3ccc(C=Nc4ccc(-c5ccc(-n6cnc7ccc(C#N)nc76)cc5)cc4)cc3)c2)cc1,24.85
Cn1cnc2c(C#N)nc(-c3ccc(-c4ccc(C#N)cn4)c(C#N)c3)cc21,11.83
CC1(C)CN(c2nc(-c3ccc(C#N)cc3)c(C#N)nc2-c2ccc(-c3ccc(C#N)nc3)cc2)CCO1,20.89
N#Cc1ncc(-c2ccc(-c3cc4c(ncn4CCc4ccccn4)c(C#N)n3)cn2)cn1,13.81
N#Cc1ccc(-c2nc(-c3ccc(-c4ccncc4)cc3)cnc2-c2ccc(-c3ccc(C#N)cn3)cc2)cc1,11.53
N#Cc1ccc(-c2csc(-c3nc(-c4ccc(C#N)cc4)ccc3C#N)n2)cc1,13.99
N#Cc1ccc(-c2cc3nc(-c4ccc(C#N)nc4)nc(N4CCOCC4)c3c(C#N)n2)cn1,12.73
N#Cc1cc(C#N)c2sc(-c3cccc(-n4c(N)c(C#N)c5ccccc54)c3)nc2c1,19.83
N#Cc1ccc(-c2ccc(-c3cc(-c4ccc(C#N)cc4)nc(Nc4ccc5c(c4)C(=O)c4ccc(N)cc4C5=O)n3)cc2)cc1,12.1
N#Cc1ccc(-c2ccc(-c3ccnc(-c4ccc(-c5ccc(C#N)nc5)c(C#N)c4)c3)cn2)nc1,15.45
N#Cc1ccc(-c2cc(-c3ccc(-c4nccc(C#N)n4)cc3)nc(-c3ccc(C#N)nc3)c2)cc1,9.71
N#Cc1cccc(-c2ccc(-c3nc4cc(-c5cnc(C#N)nc5)cc(-c5ncncn5)c4cc3-c3ncncn3)cc2)n1,15.3
CN1CCCC1CCOc1cnc2cc(Oc3ccc(-c4ccc(C#N)nc4)cn3)c(C#N)cc2n1,31.79
CC(=O)c1ccc(-c2nc(C#N)nc(C#N)n2)cc1,16.51
N#Cc1ccc(Cn2cnc3c(C#N)nc(-c4ccc(-c5ccncc5)nc4)cc32)cn1,14.84
N#Cc1cccc(-c2cccc(Cn3cnc4c(C#N)nc(-c5ccc(-c6ncc[nH]6)cc5)cc43)c2)c1,20.74
N#Cc1ccc(-c2cc(-c3cc(N)c(C#N)c(C#N)c3)ccc2C#N)cc1,16.65
N#Cc1ccc(-c2cc(C#N)ccc2Cc2cc(C#N)c(-c3ccc(C#N)nc3)nc2C#N)cc1,21.88
N#Cc1ccc(-c2ccc(-c3cc(-c4ccncc4)nc(-c4ccc(-c5ccc(C#N)cn5)nc4)c3)cc2)cc1,12.94
N#CC(C#N)=c1ccc(=C(C#N)c2nc(-c3ccc(C#N)nc3)nc(C(C#N)c3ccccn3)n2)cc1,9.46
N#Cc1ccc(Cc2ncc(C#N)nc2-c2ccc(C#N)cc2)cc1,14.22
Cc1cc(-c2cnc(-c3cccc(C#N)n3)c(C#N)n2)cc(-c2ccc(C#N)nc2)n1,15.69
O=C(O)C1=CC(C(=O)O)OC(OC2OC(CO)C(O)C(O)C2O)C1,16.88
N#CC(C#N)=c1nc(C#N)n(-c2ccc(-c3cc(-c4ccc(C#N)c(F)c4F)nc(-c4ccc(C#N)cc4)n3)cc2)c(=O)c1=Cc1ccc(-c2ccc(C#N)cc2)o1,28.25
N#Cc1ccc(-n2cc(-c3cccc(-c4ccc(C#N)nc4)c3)c3ccc(-c4ncncn4)cc32)cc1,18.0
N#Cc1ccc(-c2ccc(-c3nc(-c4ccc(C#N)nc4)nnc3C#N)cc2)cn1,10.44
C=CC(=O)c1ccc(OCc2cc(C#N)cc(-c3ccc(C#N)cc3)c2)cc1,21.92
Cn1c(C#N)cc2c(-c3cc(C#N)ccc3C3=NC(C(O)=NO)CO3)ncnc21,36.68
N#Cc1ccc(-c2cc(-c3cc(C#N)ccc3N)nc(-c3ccc(C#N)c(F)c3F)n2)cc1,17.5
Cc1cc(C#N)c(Cl)cc1-c1nc(N2CC(C)C(C#N)C2)nc(-c2nccc(-c3cnc(-c4ccc(C#N)nc4)c(C#N)c3)n2)c1C#N,23.76
N#Cc1ccc(-c2ccc(-c3cc(-c4ccc(C#N)cn4)nn3-c3ccc(-c4cccc(C#N)n4)cc3)cc2)cc1,15.99
N#Cc1ccc(-c2nc(-c3cccc(NS(=O)(=O)Cc4ccccc4)c3)cc3nc(C#N)c(C#N)n23)cc1,32.56
N#Cc1ccc(-c2ccc(-c3nn(-c4ccc(C#N)cc4)cc3-c3cccc(-c4ccc(C#N)cc4)c3)cc2)cc1,13.65
N#Cc1ccc(-c2cc(-c3ccc(-c4cnc(C#N)c(C#N)n4)c(C#N)n3)c(F)cn2)cn1,15.17
N#Cc1ccc(-c2cc(C=Cc3ccc(-c4ccncc4)cn3)nc(-c3cccc(F)c3F)c2)cc1,20.74
N#Cc1ccc(-c2cc(-c3cccc(C#N)n3)cc(-c3ccccc3C#N)n2)cn1,12.75
CC(C)(C)OC(=O)N1CCN(c2ccc(-c3cc(C#N)[nH]c(=Nc4ccc(C#N)nc4)n3)cn2)CC1,27.45
N#Cc1ccc(-c2cc(-c3cccc(C#N)c3)nc(-c3cc(C#N)cc(-c4ccc(C#N)cn4)c3C#N)n2)nc1,14.35
Cc1nc2ccccc2c(=O)n1-c1ccc(-c2nc(-c3ccc(C#N)nc3)cc(-c3ccccc3C#N)n2)cc1,22.37
N#Cc1ccc(C(=O)c2cc(-c3cncc(C#N)c3)cc(-c3cccc(C#N)n3)c2N)cc1,14.36
N#Cc1cncc(-c2ccc(Cc3ccc(-c4cnc(C#N)c(C#N)n4)nc3)cc2)c1,21.64
CNc1ccc(-c2nc(C#N)c(-c3ccc(C#N)cc3)nc2-c2ccc(C#N)nc2)cc1,23.8
N#Cc1ccc(-c2ccc(-c3nc(C#N)c4ncn(CC5CCC(C#N)CC5)c4n3)cc2)nc1,13.52
N#Cc1ccc(-c2cc(-c3nc(C#N)c(-c4ccc(C#N)nc4)cc3N)ccn2)cn1,13.94
N#Cc1ccc(-c2ccc(-c3ncnc(C#N)n3)cc2C#N)cn1,11.07
Cc1nc2ccc(C#N)cc2nc1-c1cc(-c2ccc(C#N)cc2)cc(C#N)c1-c1ccc(-c2ccc(C#N)cc2)cc1,25.11
N#Cc1cnc(-c2nc(-c3ccc(F)cn3)c(-c3cnc(C#N)c(C#N)n3)cc2C#N)cn1,13.28
N#CC=Cc1cccc(-c2cc(-c3ccc(C#N)nc3)ncn2)n1,12.93
O=C1c2ccccc2Cc2ncc(C#Cc3ccsc3)cc21,24.48
N#Cc1ccc(-c2nc(-c3ccc(C#N)c(-c4ccc(C#N)c(F)c4)c3)ccc2C#N)cc1,15.07
COc1nc(-c2ccc(-c3cncc(C#N)c3)cc2)nc(-c2cccc(-c3cc(-c4ccc(C#N)cc4)c(C#N)cc3C(N)=O)c2C#N)n1,25.5
N#Cc1ccc2cccc(-c3nc(-c4ccc(C#N)nc4)nc(-c4ccc(OC5CCC(C(=O)O)CC5)c(C#N)c4)n3)c2c1,19.1
Cc1cc(C#N)ncc1-c1ccc(-c2ccc(-n3c4ccccc4c4ccccc43)cc2)nc1C#N,17.86
COc1ccc(C2(c3ccc(OC)cc3)OCc3ccc(N)cc3-c3ccc(N)cc32)cc1,16.73
Cc1nc2c(c(C#N)c(-c3ccc(C#N)cc3)n2-c2ccc(-c3ccccc3C#N)cc2)c(-c2ccc(C#N)cc2)c1CN,23.88
N#Cc1cccc(-c2cc(-c3ccco3)cc(-c3ccc(C#N)o3)c2)n1,23.3
N#Cc1ccc(-c2ccc(-c3cccc(-c4nc(-c5ccc(C#N)cc5)nc(-c5ccc(-n6cccc6)cc5)n4)c3C#N)c(C(F)(F)F)c2)cc1,21.79
N#Cc1ccc2cc(-c3cc(C#N)c(N=Cc4c(O)c(C=O)c(O)c(C=O)c4O)nc3C#N)ccc2c1,19.98
N#Cc1ccc2c(C#N)cn(-c3ccc(-n4c5ccccc5c5ccccc54)cc3)c2c1,17.96
N#Cc1ccc(-c2cc(C#N)nc(-c3nc(-c4cnc(C#N)cn4)cc(-c4ccnc(C#N)n4)n3)c2C#N)cn1,19.27
N#Cc1ccc(NC(=O)C2=C(C(=O)O)C3CCC2C3)cc1C(F)(F)F,16.73
N#CC(C#N)=C1C(=Cc2cc(-c3ccc(C#N)cc3)nc(-c3cccc(C#N)c3)c2)C(c2ccc(F)cc2)C(C=O)=C1O,18.43
N#Cc1ccc(C#Cc2ccc3c(c2)C(=Cc2ccc(-c4cccc(C#N)c4)o2)c2ccccc2C3=O)cc1,29.55
N#Cc1ccc(-c2cnc(-c3cnc(C#N)c(C#N)n3)cc2-c2cccc(C#N)n2)nc1,13.22
CC(O)c1cc(C=CC#N)nc(-c2nc(C#N)nc(-c3ccc(OC4CCC(c5ncc(C#CC#CCO)cn5)C(C)(C)C4)c(C#N)c3)n2)c1,42.5
N#Cc1nc(-c2cncc(N)c2)cc2c1ncn2Cc1ccc(-c2ccccc2)cc1,16.28
Cc1nc(-c2ccc(C#N)cn2)cc(-c2cc(-c3ccc(C#N)nc3)nc(-c3ccc(-c4ccc(C#N)cc4)c(C#N)n3)n2)n1,22.02
N#Cc1ccc(-c2nc(-c3ccc(OC4CCC(C(=O)O)CC4)c(C#N)c3)nc(-c3ncccn3)n2)cc1,13.84
N#Cc1cccc(-c2ccc(-c3cc(-c4cccc(C#N)n4)cc(C#N)n3)nc2)n1,9.66
N#Cc1cncc(-c2nc(C#N)ncc2-c2ccc(-c3cccc(C#N)n3)cc2)c1,12.74
Cc1nc(N=Cc2c(O)c(C=O)c(O)c(C=O)c2O)c(C#N)c(-c2ccc(C#N)cc2)c1C#N,14.17
COc1cc(-c2ccc(C#N)nc2)c(C#N)cc1-c1cc(C#N)nc(C#N)n1,16.95
Cn1c(-c2ccc(C=Nc3ccc(-c4cc(-c5ccc(C#N)nc5)nc(-c5ccc(C#N)nc5)c4)cc3)cc2)nc(C#N)c1N,14.01
Cc1ccn(-c2ccc(-c3cnc(-c4ccc(-c5ccc(C#N)cc5)cc4)c(-c4ccc(C#N)cc4)n3)cc2)n1,15.24
N#Cc1ccc(-c2cc[nH]c(=Nc3cc(-c4cnc(C#N)nc4)cc(-c4cncc(C#N)c4)c3)n2)cc1,19.38
N#Cc1ccc(-c2c(C#N)c(C#N)c(-c3ccc(C#N)nc3)n2-c2ccc(C#N)cc2C#N)cc1,13.78
N#Cc1ccc(C#Cc2nn(Cc3ccc(-c4ccc(C#N)cc4)cc3)c3ccncc23)cc1,19.53
N#Cc1ccc(-c2ccc(-c3cc(C4CN(C5COC5)C4)ncn3)cc2C#N)cn1,20.62
Cc1cc(-c2cncnc2)nc(-c2nc(N3CCC(c4ccc(F)cc4)C3)nc(-c3ccc(C#N)cc3C#N)c2C#N)n1,30.14
N#Cc1ccc(CCN=c2nc(-c3cccc(C#N)n3)cc(-c3cccc(C#N)n3)[nH]2)cc1,20.64
N#Cc1ccc(-c2cc(-c3cccc(C#N)n3)cc(-n3cc(-c4nc5cc(C#N)ccc5[nH]4)cn3)c2)nc1,25.06
N#Cc1cc(C=O)c(O)c(C=Nc2ccc(-c3nc(-c4ccc(C#N)c(N)c4)nc(C4CC(c5nc(C#N)cs5)C4)n3)cn2)c1,25.09
N#Cc1ccc(-c2cc(-c3ncc(C#N)cn3)cc(C#Cc3ccc(-c4ccc(C#N)cn4)c(C#N)n3)n2)cc1,21.28
Cc1cc(C#N)ccc1-c1cccc(-c2nc(-c3ccc(C#N)nc3)nc(-c3ccc(C#N)cn3)n2)c1C#N,16.78
N#Cc1ccc(COc2ccc(-c3nc(-c4ccc(C#N)cc4)nc(-c4ccc(C#N)nc4)n3)cc2C#N)cc1,11.83
N#CC=Cc1nc(-c2ccc(C#N)nc2)ccc1-c1cnc(-c2ccc(C#N)nc2)c(C#N)n1,13.02
N#Cc1cccc(-c2cc(-c3cccc(C#N)n3)cc(C#N)n2)c1,10.15
N#Cc1ccc2c(-c3cccc(C#N)n3)cc(-c3ccc(C#N)nc3)nc2c1,11.48
N#Cc1cc(-c2cnc(C#N)c(C#N)n2)cc(-c2ccc(C#N)cc2C#N)c1,17.54
Cc1nccn1-c1ccc(-c2cc(-c3ccc(C#N)nc3)cc(-c3cccc(C#N)n3)c2)cn1,21.55
C[N+](C)(C)CC(=O)NN=C1c2cc(N)ccc2-c2cc(N)ccc21,21.86
N#Cc1ccc(-n2cc(-c3ccc4c(-c5ccc(C#N)nc5)cc(C#N)nc4c3)nn2)cc1,18.51
N#Cc1ccc(C(O)(c2ccc(F)cc2)c2ccc(-c3nc(=Nc4ccc(-c5cccc(C#N)n5)cn4)[nH]cc3C#N)cn2)nc1,26.03
N#CC=Cc1cncc(-c2ccnc3ccc(-c4cnc(C#N)nc4)cc23)n1,21.64
N#Cc1cncc(-c2c[nH]c(-c3cc(-c4ccc(C#N)nc4)cc(C(N)=O)n3)n2)c1,28.61
Cc1cc(C)nc(SCc2cc(C#N)cc(-c3ccc(C#N)cc3)n2)n1,16.5
N#Cc1ccc(-c2ccc(-c3nc(C#N)cc(-c4cnc(C#N)nc4)n3)cn2)cn1,16.89
N#Cc1cccc(-c2ccc(C#Cc3ccc(-c4ccc(-c5cncc(C#N)n5)c(C#N)n4)cc3C#N)cc2)n1,19.3
N#Cc1ccc(-c2cc(-c3cccc(C#N)n3)nc(-c3ccc(C#N)c(-c4ccccc4C#N)c3)n2)cn1,23.16
N#Cc1c(N)n(-c2ccc(N)cc2)c(=O)c2cc(-c3ccncc3)ccc12,25.91
N#Cc1ccc(C#Cc2ccc(-c3cccc(C#N)n3)cc2)cn1,12.7
N#Cc1ccc(-c2cc(-c3ccc(C#N)nc3)c(=O)n(-c3ccc(-c4cnc(-c5cncc(C#N)c5)c(C#N)c4)c(F)c3)c2)nc1,23.01
N#Cc1ccc(-c2ccc(Nc3ncc(C=Cc4ncc(-c5ccc(C#N)cc5)c(-c5ccc(C#N)cc5)n4)nc3C#N)cc2C#N)cc1,20.81
N#Cc1ccc(-c2ccc(C#Cc3ccc(C#Cc4ccc(-c5ccc(-c6nc(C#N)c(C#N)nc6-c6ccc(C#N)c(C#N)n6)cc5)cc4)cc3)cc2)cc1,20.38
Cc1cc(C#N)c(Cl)cc1-c1nc(Nc2ccc(N(C)C)cc2)cc(-c2nccc(-c3ccc(C#N)nc3)n2)c1C#N,20.96
N#CC=Cc1nc(C(C#N)=c2ccc(=C(C#N)C#N)cc2)nc(C(O)c2ccc(C#N)cc2)n1,14.23
N#Cc1ccc(-c2nc(C#N)c3ncn(CC4CNC4)c3n2)cn1,17.23
N#Cc1ccc(-c2ccc(-c3ncc(-c4cnccn4)nn3)cc2C#N)cc1,20.5
CC(=O)N1CCC(c2c(C(=O)N3CCN(c4ccc(C#N)cn4)CC3)nc(C#N)c3cc(-c4cnc(C#N)nc4)ccc23)CC1,29.29
N#CC(C#N)=c1ccc(=C(C#N)c2nc(Cc3ccc(-c4ccc(C#N)cc4)cc3)nc(-c3ccc(C#N)nc3)n2)cc1,12.01
N#Cc1ccc(-c2cc(C#N)cc(-c3nc(-c4ccc(C#N)nn4)cc(-c4cc(C#N)c(F)c(Cl)c4F)n3)c2C#N)cc1,23.41
N#Cc1cccc(-c2cnc(Nc3ccc(-c4cnc(C#N)c(C#N)n4)nc3)cn2)n1,15.93
COc1nc(-c2ccc(-c3ccc(C#N)cc3)nc2)nc(-c2cnc(C#N)cc2C(F)(F)F)n1,22.72
Cc1nc(CNCc2ccc(-c3cccc(-c4nc(C#N)c[nH]4)c3)cc2)cs1,16.85
CC(=O)c1ccc(-n2c(=C(C#N)C#N)c(C#N)c(N)c(=CNc3ccc(C#N)cc3)c2=O)cc1,19.53
COc1ccc(C#N)nc1-c1nc(-c2ccc(OCC3CC3)c(C#N)c2)nc(-c2ncc(C#N)c(OC)n2)n1,23.98
N#CCn1cnc2c(C#N)nc(-c3ccc(F)cc3)nc21,13.08
Cn1cc(CCc2ccc(-c3ccc(C#N)cc3)cn2)nc1-c1ccncn1,20.78
N#Cc1ccc(-c2cc(-c3ccc(N4CCOCC4)c(-c4ccncc4)c3)c(C#N)c(-c3ccc(C#N)cc3)n2)cc1,18.92
N#Cc1ccc(C#Cc2ccc(-c3cc(-c4ccc(C#N)nc4)cc(-c4cccc(C#N)n4)n3)cn2)cc1,12.64
N#Cc1ccc(-c2nc(C#N)cn2-c2ccc(-c3ccc(-n4cnc(C#N)c4)cc3)cc2)cc1,17.15
N#Cc1ccc(-c2ccc(-n3c(C=Cc4ccc(C(=N)N)cc4C#N)nc4ccccc43)cc2)cc1,23.12
N#Cc1ccc(-c2cc(-c3ccc(C#N)n3-c3ccc(-c4cccc(C#N)n4)cc3)c(C#N)c(C#N)n2)nc1,16.36
N#Cc1ccc(-c2ccc(-c3ccc4cc(C#N)c(C#N)cc4n3)cc2)nc1,17.69
CCN(c1ccc(C#N)cc1)c1nc(C(C#N)=c2ccc(=C(C#N)C#N)cc2)nc(C(C#N)c2ccccn2)n1,17.7
N#Cc1ccc(C#Cc2ccc(-c3nc(C#N)ccc3-c3ccc(-c4ccc(C#N)cn4)nc3)cn2)cc1,13.2
N#Cc1cc(-c2ccc(-c3cnc4cccc(C#N)c4n3)cc2)cnc1C#N,22.79
N#Cc1ccc(-c2cc(-c3ccnc(C#N)c3)cc(-c3cnc(C#N)nc3)n2)cn1,19.22
N#Cc1ccc(-c2ccc(-c3ccc(C#N)nc3-c3cc[n+](-c4cc5ccccc5cc4C#N)cn3)cc2)cc1,26.12
Cc1cc(C#N)c(Cl)cc1-c1c(C#N)c(-c2nc(-c3ccc(-c4ccc(C#N)nc4)nc3)nc(-c3cc(F)c(F)c(F)c3F)n2)nn1C,18.99
N#Cc1ccc(-c2ccc(-c3c(C#N)nc(-c4ccc(-c5ccc(C#N)cn5)nc4)nc3-c3ccncc3)cc2)cc1,12.55
N#Cc1ccn(-c2ccc(-n3c4ccccc4c4ccccc43)cc2)c1,12.95
N#Cc1ccc(C=NNC(=O)C2CCCc3ccccc32)cc1,22.19
N#Cc1ccc(-c2cc(-c3ccncc3)cc(-c3ccc(C#N)nc3)c2)c(C#N)c1,12.75
Cc1cc(C#N)ccc1-c1nccc(-c2nc(C#N)cc(-c3ncc(-c4cccnc4)nn3)n2)c1C#N,23.02
N#Cc1cnc(C(=O)Nc2nc(C#N)c(C#N)nc2-c2cccc(-c3ccc(C#N)nn3)c2)c(OC2CC2)c1,26.2
CC(C)COc1ccc(-c2nc(-c3ccc(C#N)nc3)nc(-c3ccc(C#N)cn3)n2)cc1C#N,13.11
N#Cc1ccc(-c2c(C#N)nc(-c3cc(F)c(C#N)c(F)c3F)nc2-c2cccs2)cc1,18.96
N#Cc1ccc(-c2ccc(-c3nc(C#N)ccc3-c3nc(C#N)c4ncn(CC5CNCCO5)c4n3)cc2)cc1,18.45
CC(=NOCc1ccc(C#N)cn1)c1nc(-c2ccc(C#N)cc2)c(-c2nc(-c3ccc(C#N)nc3)cc(-c3ccc(-c4ccc(C#N)cc4)nc3)n2)n1C,40.65
N#Cc1ccc(C#Cc2cc(C#N)ccc2-c2nc(-c3cnc(C#N)cn3)cc(-c3ccc(Cl)cc3C#N)n2)cc1,17.28
N#Cc1ccc(-c2cc(-c3ccc(C#N)cn3)cc(-c3ccc(-c4ccncc4)cc3)n2)cc1,13.6
N#Cc1cccc(-c2ccc(-c3cc(Cl)ncn3)c(-c3cc(C#N)c(C#N)[nH]3)c2)n1,31.75
N#Cc1ccc(-c2ccc(-c3cc(-c4cnc(C#N)nc4)cc(-c4ccncc4)n3)cn2)cn1,14.54
N#Cc1ccc(-c2cc(-c3ccc(C=Cc4cccs4)cc3)cc(-c3cccc(C#N)n3)n2)cn1,23.76
COc1ccc(-c2nc(-c3nn(-c4ccc(C#N)cc4)c(-c4ccc(C)cc4C)c3C#N)no2)cc1,19.41
N#Cc1ccc(CN(C=CC(=O)c2ccc(F)cc2)C(=O)c2ccc(C#N)cc2)cc1,24.67
N#Cc1ccc(COc2c(Br)cc(Br)cc2C=Cn2cnc(Cl)c2C=O)cc1,20.54
Cn1cnc2c(C#N)nc(-c3ccc(-c4ccc(C#N)cn4)nc3)c(Cl)c21,17.92
N#Cc1ccc(-c2nc(C#N)ccc2C#Cc2ccc(F)cc2)cc1,13.72
N#Cc1ccc(C#N)c(-c2cc(-c3ccc(-c4ccc(C#N)nc4C#N)cc3)nc(-c3ccc(C#N)nc3)n2)c1,17.16
N#Cc1ccc(Oc2ncc(-c3ncc(C#Cc4ccc(-c5cnc(-c6ccc(C#N)cc6)nc5)cc4)cn3)cc2C#N)cc1,25.59
N#Cc1ccc(-c2cc[nH]c(=Nc3ccc(-c4cccc(C#N)n4)cn3)n2)nc1,8.92
N#Cc1ccc(-c2cc(-c3ccc(C#N)cn3)nc(-c3nc(-c4cccc(C#N)n4)nc(-c4ccccc4C#N)n3)c2C#N)cc1,18.09
N#Cc1ccc(-c2ccnc(-c3cc(-c4cccc(C#N)c4)cc(-c4ccc(C#N)cn4)c3)c2C#N)cc1,18.95
COc1nnc(-c2nc(-c3ccc(C#N)c(C#N)c3)nc(-c3cnc(OC4CC(O)C(O)C(CO)O4)c(C#N)c3)n2)cc1C#N,17.6
N#Cc1cncc(-c2ccc(-c3cnc(C#N)cn3)nc2)c1,14.78
CN1CCc2ccc(N=c3nc(-c4ccc(C#N)cc4)[nH]c(-c4ccc(-c5ccc(-c6ccc(C#N)cc6)c(C#N)c5)cc4)n3)cc2CC1,26.08
N#Cc1ccc(N=c2nc(Nc3ccc(C#N)cc3)[nH]c(-c3ccc(C#N)cc3)n2)cc1,16.84
N#Cc1ccc(-c2ccc(CNc3ccc(-n4c(CCC(=O)O)ccc4-c4ccc(Cl)cc4)cc3)cc2)cc1,23.2
N#Cc1ccc(-c2nc(C#N)c(-c3ccc(C#N)cc3)c(-c3ccc(C#N)cc3)n2)cc1,10.35
N#Cc1ccc(-c2nc(-c3ccc(Br)s3)nc(C#N)c2-c2ccc(C#N)cc2)cc1,13.45
CN1CCC(N(C)c2ccc(C(=O)c3ccccc3)s2)CC1,27.65
N#Cc1ccc(-c2ccc(Cn3cnc4c(C#N)nc(-c5ccc(C#N)nc5)cc43)cc2)cc1,11.21
N#Cc1cccc(-c2cc(C#N)nc3cc(-c4ccnc(C#N)n4)ccc23)n1,14.51
Cn1cnc2c(C#N)nc(-c3cccc(NC(=O)Nc4cccc(C#N)c4)c3)cc21,15.13
N#CC(C#N)=CN1CCN(Cc2ccc(-c3nc(-c4ccc(C#N)nc4)nc(-c4ccccc4C#N)n3)cc2)CC1,21.95
COc1nnc(-c2nc(-c3ccc(OC4CCC(OC)CC4)c(C#N)c3)nc(-c3cccc(C#N)n3)n2)cc1C#N,18.94
Cc1nn(-c2cc(-c3ccnc(C#N)c3)nc(-c3cnc(-c4cccc(C#N)n4)c(C#N)n3)n2)c2ccccc12,17.51
N#Cc1cnc(N=Cc2cc(C#N)cc(CN3CCN(C=O)CC3)c2O)c(Br)c1,15.34
N#Cc1cccc(COc2ccc(-c3cccc(CNC(=O)c4cnc(-c5ccccc5)nc4)c3)cc2C#N)c1,30.76
N#Cc1ccc(C#Cc2ccc3cc(-c4ccc(C#N)cn4)c(-c4ccc(C#N)nc4)nc3n2)cc1,19.5
CC(C)c1ccc(-c2ncn(-c3ccc(N)c(C(=O)N=c4ccc(C#N)c[nH]4)c3)n2)cc1,31.82
N#Cc1ccc2c(c1)C(=O)c1ccc(Nc3cc(Nc4ccccc4Cl)ccn3)cc1CC2,17.6
Cn1cnc2c(C#N)nc(-c3ccc(C#N)c(NC(=O)c4cc(C#N)cc(-c5cnc(C#N)nc5)c4)c3)cc21,16.05
N#Cc1cc(-c2cc3c(ncn3Cc3ccc4nccnc4c3)c(C#N)n2)cc(-c2ncco2)c1,22.61
CCOC(=O)CNc1cc(C(=O)c2cnn(-c3ccc(C#N)cc3)c2)cc(-c2ccc(C#N)nc2)c1,27.32
N#Cc1ccc(-c2ncc(-c3cncc(C#N)c3)nc2-c2ccc(C#N)nc2)nc1,16.25
N#Cc1ccc(-c2cc(-c3ccc(C#N)cc3)nc(-c3cccnc3C#N)c2)cc1,10.89
Cn1cc(C#N)cc1-c1cc(-c2cccc(C=CC#N)n2)nc(-c2cccc(C#N)n2)n1,15.3
N#Cc1ccc(COc2ccc(-c3nc(-c4ccc(C#N)nc4)nc(-c4ccc(C#N)nc4)n3)cc2C#N)cc1,13.54
N#Cc1cc(-c2ccc(C#N)nc2)cc(-c2ccnc3scc(-c4ccc(-n5cccn5)nc4)c23)c1,30.74
CC(C)(C)CC(=O)c1c(O)c(O)n(-c2ccc(-c3cccc(C#N)n3)cc2)c1-c1ccc(C#N)cc1,14.83
N#Cc1ccc(C#Cc2cc(-c3cccc(C#N)n3)cc(-c3nccc(C#N)n3)c2)cc1,18.38
CON=C(C#N)C(=S)c1cnc(C#N)c(-c2cc(-c3ncc(C#N)cn3)cc(-n3cc(C#N)nc3C)c2)n1,33.82
N#Cc1ccc(-c2nc(-c3ccc(C#N)c(C#N)c3)cnc2-c2ccc(-c3ccc(C#N)cn3)cc2)cc1,14.24
N#Cc1ccc(-c2ccc(-c3c(C#N)n(-c4ccc(-c5ccc(C#N)cc5)cc4)c4ccc(C#N)cc34)cc2)cc1,15.76
N#Cc1ccc(-c2ncc(-c3ccc(-c4cccc(C#N)n4)cn3)nn2)cc1,15.73
Cn1cncc1C(c1ccc(C#N)cc1)c1nc(-c2ccc(C#N)nc2)c(C#N)nc1-c1ccc(-c2cnc(C#N)nc2)cc1,19.78
CC(C)=CC(O)C#Cc1cc(-c2ccc(C#N)cc2)n(-c2ccc(C#N)c(C(F)(F)F)c2)n1,21.64
N#Cc1ccc(C#Cc2nccc(-c3ccnc(C#N)c3)n2)cc1,13.18
C#Cc1ccc(C#N)nc1-c1ccc(Nc2nccc(C#N)c2C#N)cc1,29.72
N#Cc1cc(-n2[nH]c(C#N)c(-c3ccc4ccccc4c3)c2=N)c(Cl)cc1Cl,34.72
N#Cc1cnc2c(C#N)nc(-c3ccc(C#N)nc3)c(Oc3ccc(-c4cccc(C#N)n4)cc3)c2c1,16.95
N#Cc1ccc(NC(=N)c2ccc(C#N)c(-c3ccc(-c4ncncn4)cc3)c2)cc1,20.49
C=CCn1cc(-c2ccc(C#N)cc2)nc1-c1ccc(N=Cc2cc(C#N)cc(C=O)c2O)nc1,18.07
N#Cc1ccc(-c2ccc(C#Cc3ccc(C#N)cc3-c3cncc(C#N)c3)nc2)nc1,14.83
Cc1nc(-c2nc(-c3ccc(C#N)cc3)nc(-c3ccc(-c4ccc(C#N)cc4)c(C#N)c3)n2)ccc1C#N,14.27
N#Cc1ccc(-c2ccc(C(O)c3ccc(Cl)c(-c4ccc(C#N)cc4C#N)n3)cc2)cc1,18.68
N#CC(=Cc1ccc(C#N)cc1)c1nc2cc(-c3ccc(C#N)nc3)ccc2s1,19.19
N#Cc1ccc(-c2cc(-c3ccc(C#N)nc3)nc(N=Cc3ccc(C#N)cc3C#N)c2C#N)cc1,17.0
N#Cc1ccc(-c2ccc(C(=O)c3nc(-c4ccc(C#N)nc4)cc(-c4cccc(C#N)c4)n3)cc2)cc1,14.69
N#Cc1ccc(-c2nc(-c3ccc(C#N)nc3)nc(-c3ccc(-c4ccc(C#N)nc4)nc3)n2)c(Cl)c1,19.98
Cc1cc(C=NN2CCOCC2)c(C)n1-c1ccc(-c2cc(-c3ccc(C#N)cc3)cc(-c3ccccc3C#N)n2)cc1,24.54
N#Cc1ccc(-c2ccc(-c3nc(C#N)c(-c4cncc(C#N)n4)nc3C#N)nc2)nc1,11.9
N#Cc1ccc(-c2ccc(-c3nc(-c4ccc(C#N)cc4)nc(C#N)c3C#N)cc2)cc1,13.34
N#Cc1ccc(-c2ccc(-c3cc(-c4ccc(C#N)nc4)oc(=O)c3Cl)cc2)cc1,23.51
Cc1nc(C#N)c(-c2ccc(-c3ccc(C#N)cc3)cc2)c(-c2ccc(-c3ccc(-c4ccc(C#N)cc4)c(C#N)n3)cc2)n1,13.63
N#Cc1ccc(-c2ncc(-c3cnc(-c4cnc(C#N)nc4)cn3)cc2C#N)cn1,13.66
N#Cc1ccc(-c2cc(=Nc3nccc(-c4ccc(C#N)nc4)n3)[nH]cc2-c2cccc(C#N)n2)nc1,19.94
N#Cc1ccc(-c2cc(C#N)cc(-c3nc(-c4ccc(C#N)nc4)cc(-c4cccc(C#N)c4)n3)c2C#N)nc1,14.43
N#Cc1ccc(-c2ccc(-c3cc(-c4ccc(-c5ccc(C#N)nc5)c(C#N)c4)cc(-c4cccc(C#N)n4)n3)cc2)cn1,28.56
N#Cc1cccc(-c2nc(C#N)ccc2C#Cc2ccc(C#N)c(C#N)c2)c1,11.13
N#Cc1ccc(C=C2CNCC(=Cc3ccc(Br)s3)C2=O)cc1,18.31
COc1ccc(C(c2ccc(C#N)cc2)=c2c3ccccc3c(=C(c3ccc(OC)cc3)c3ccc(OC)cc3)c3ccccc23)cc1,10.29
N#Cc1ccc(-c2cc(-c3ccc(C#N)c(C#N)c3)nc(-c3ccc(-n4c5ccccc5c5ccccc54)cc3)n2)cc1,13.04
Cc1nnc(C#Cc2cnc(-c3cccc(C#N)c3)cn2)c(C)n1,19.99
N#Cc1ccc(-c2ccc(-c3cc(OC4OC(CO)C(O)C(O)C4O)ccc3-c3ccc(C#N)cc3)cc2)cc1,16.45
N#Cc1ccc(C(c2ccc(C#N)c(-c3ccccc3C#N)c2)n2ccc(C#N)c2)cc1,19.13
N#Cc1ccc(-c2cc(-c3ccc(C#N)nc3)nc(-c3ccc(C(F)(F)F)cc3C#N)n2)cn1,16.82
N#Cc1ccc(-c2ncc(-c3cc(-c4ccc(C#N)nc4)cc(NC(=O)Nc4cc(C#N)cc(C#N)c4)n3)cn2)cc1,21.91
C[S+]([O-])c1ccc(-c2cccc(-c3cnc(-c4ccc(C#N)nc4)c(C#N)n3)c2)cc1C#N,23.02
COc1ccc(-c2ccc(Cn3cnc4c(C#N)nc(-c5ccc(-c6ccc(C#N)cn6)cc5)cc43)cc2)cn1,13.76
Cc1c(C#N)c2c(N3CCN(C(=O)c4cc(Br)ccc4NS(=O)(=O)c4ccc(C#N)cc4)C(C)C3)ncnc2n1-c1ccc(Br)cc1Cl,36.98
N#Cc1ccc2c(c1)CCc1cc(Nc3cc(-c4cnc(C#N)nc4)c4ccc(-c5ccnc(C#N)n5)nc4n3)ccc1C2=O,24.09
COc1ccc(C=Cc2cc(C(=O)c3ccc(N)cc3)ccc2N)cc1N,17.91
N#Cc1ccc(-c2ccc(-c3cc4c(ncn4Cc4ccnc(C#N)n4)c(C#N)n3)cc2)nc1,10.4
N#Cc1ccc(-c2cc(-c3ccc4ccccc4c3)cc3c2c(-c2ccncn2)nn3-c2ccc(-c3cnc(C#N)nc3)cn2)nc1,37.95
N#Cc1ccc(-c2nc(-c3ccc(C#N)nc3)nc(-c3ccc(OC4CCC(C(=O)O)CC4)c(C#N)c3)n2)nc1,15.07
N#Cc1ccc(-c2ccc(-c3nc(-c4ccc(C#N)nc4)cc(-c4cc(C#N)cc(-c5ccc(C#N)cc5)c4C#N)n3)cn2)cc1,13.66
N#Cc1ccc(-c2ncc(-c3nccc(C#N)n3)nc2C#N)cn1,9.14
N#Cc1ccc(-c2ccc(-c3cc4c(ncn4CC4CCNCC4)c(C#N)n3)cc2)cn1,10.36
N#CC(=Cc1cccnc1)c1cc(-c2ccc(C#N)cc2)cc2ccccc12,20.71
N#Cc1ccc(-c2cnc(-c3cc(-c4cccc(C#N)n4)cc(-c4cnc(C#N)nc4)n3)cn2)cn1,12.44
Cc1nc(-c2ccc(-c3ccc(C#N)cc3)cc2)c(-c2ccc(C#N)cc2)nc1Cc1ncc(-c2ccc(C#N)cc2)c(C#N)n1,13.94
Cn1c(-c2ccnc(-c3nc(C#N)ccc3C#N)n2)cc(-c2cccc(C#N)n2)cc1=O,27.18
N#Cc1ccc(-c2ccc(-c3nc(C#N)c(-c4cccc(C#N)n4)nc3N=c3cccc(C#N)[nH]3)cn2)nc1,14.35
CC(=O)N(C)c1cc(-c2ccc(C#N)c(-c3ccc(C#N)cn3)c2)ccc1-c1cnc(C#N)c(C#N)n1,21.46
N#Cc1cc(Nc2cc(-c3ccncc3)nc(-c3ccccn3)n2)ccc1-c1ccc(F)cc1,25.22
COC(=O)c1ccc(C(O)(c2ccc(C#N)cc2)c2ccc(C#N)c(-c3ccc(C#N)cn3)c2)cn1,27.43
N#Cc1ccc(-c2ccc(-c3c(C#N)cnn3-c3ccc(-c4cnc(-c5ccc(C#N)c(C=Cc6ccc(C#N)s6)n5)c(-c5ccc(C#N)cc5)n4)cc3)cn2)cc1,33.35
Cc1ccc(N2CCN(C(=O)c3ccc(-c4ccc(C#N)cc4)nc3)CC2)c(-c2nc3ccccc3c(=N)[nH]2)n1,33.29
CC1COCCN1c1nc(-c2cccc(C#N)n2)nc2c(C#N)c(-c3ccc(-c4cccc(C#N)n4)cc3)nc(N3CCOCC3C)c12,28.8
N#Cc1ccc(-c2cc(-c3ccc(C#N)cc3)nc(-c3nc(C#N)c(-c4ccc(C#N)cc4)nc3C(C#N)C#N)n2)cc1,20.9
N#Cc1ccc(C#N)c(-c2nc(-c3nc(-c4ccc(C#N)nc4)nc(-c4ccc(C#N)nc4)n3)ccc2C#N)c1,14.19
CNc1c(C#N)nc(-c2ccc(-c3ccc(-c4cnc(C#N)cn4)c(F)c3)nc2C#N)n1C#N,24.21
Cc1cc(-c2nc(C#N)nc(-c3ccc(-c4ccncc4)cn3)n2)c(C#N)c(-c2cc(Cl)c(C#N)cc2C)n1,18.51
N#Cc1ccc(-c2nc(-c3ccc(C#N)nc3)nc(-c3ccc(C#N)nc3C#N)n2)cc1,8.97
N#Cc1ccc(-c2nc(Nc3ccc4c(c3)C(=O)c3ccc(N)cc3C4=O)nc(Oc3ccccc3C#N)n2)cc1,20.74
N#Cc1ccc(-c2cc(C#N)cc(-c3nc(-c4ccc(C#N)nc4)cc(-c4ccc(C#N)nc4)n3)c2C#N)nc1,14.15
N#Cc1ccc(-c2ccc(-c3cc4c(ncn4Cc4ccc(-c5ccc(C#N)nc5)cc4)c(C#N)n3)cc2)nc1,12.96
N#Cc1ccc(-c2cc(C#N)nnc2-c2ccc(-c3cccc(C#N)c3)cc2)cc1,11.06
CC(O)(c1ccc(C#N)cc1)c1nc(C(C#N)=c2ccc(=C(C#N)C#N)cc2)nc(-c2ccc(C#N)nc2)n1,12.15
Cc1nc2cc(C#N)ccc2n1-c1nc(-c2ccncc2)cc(-c2ccc(C#N)cc2)n1,16.66
N#Cc1ccc(-c2cc(-c3ccc(C#N)cn3)nc(-c3nc(-c4ccc(C#N)nc4)cc(-c4ccc(C#N)cc4CO)c3C#N)n2)cc1,24.34
N#Cc1ccc(-c2ccc(-c3nc(C#N)cc(C#N)n3)cn2)nc1,8.83
N#CC=Cc1cccc(Oc2ccc(C#N)c(Nc3ccc(C#N)cc3)c2)c1,19.19
N#Cc1ccc(Oc2c(C#N)cc(-c3nc(C#N)nc(C#N)n3)cc2C#N)cc1,15.54
N#CC=Cc1cc(-c2cccc(C#N)n2)cc(-c2ccc(C#N)nc2)n1,9.25
N#Cc1ccc(-c2ccc(-c3ncc(Cl)cc3-c3ccc(-c4ccc(C#N)cn4)cc3)cc2)cc1,15.16
N#Cc1ccc(-c2cc(-c3nccs3)nc(-c3cccc(C#N)n3)n2)cn1,15.23
CN1CCCC(c2nc(-c3ccc(C#N)cc3)c(C#N)c(-c3nccc(-c4ccc(C#N)nc4)n3)n2)C1,23.03
N#Cc1cnc(-c2cccc(Oc3cc(-c4cncc(C#N)n4)cc(-c4cncc(C#N)n4)c3)c2F)nc1,18.7
N#Cc1ccc(-c2ncc(-c3cc(-c4cccc(C#N)n4)cc(-c4ccc5ncccc5c4)n3)cn2)cn1,17.32
N#Cc1cncc(-c2ccc(-c3cc(C#Cc4ccccn4)ccc3C#N)cc2)n1,15.02
N#Cc1ccc(-c2ccc(C#Cc3ccc(C#Cc4ccc(-c5ccnc(C#N)n5)c(-c5ccc(C#N)cc5)c4)cc3)cc2)cc1,19.92
N#Cc1ccc(-c2nc(-c3ccc(C#N)nc3)nnc2C#N)nc1,11.31
Cc1nc(-c2ccc(C#N)c(F)c2F)c(C#N)nc1-c1cnn(-c2ccc(F)cc2)c1,22.06
N#Cc1ccc(-c2ccc(-n3c(-c4ccc(C#N)cc4)nc4cc(-c5ncncn5)ccc43)cc2)cc1,11.51
N#Cc1cncc(-c2ccc(-c3ccc(C#Cc4cnc(C#N)c(C#N)n4)cc3)cc2)n1,13.85
N#Cc1ccc(-c2ccc(-c3nc(C#N)c(-c4ccc(C#N)c(F)c4F)nc3N)cn2)nc1,13.17
Cc1ccc(-c2nc(C3CC3)nc(-c3nc(-c4ccc(C#N)nc4)cc(-c4ccc(OC(F)F)c(C#N)c4)n3)c2C#N)c(C)c1,13.55
N#Cc1ccc(-c2nc(-c3ccc(-c4cccc(C#N)n4)c(C#N)n3)cnc2C#N)cn1,12.97
Cc1ccc(-c2nc(-c3ccc(C#N)cc3)cc(-c3nc(-c4ccc(C#N)cc4)cc(-c4cccc(C#N)c4)n3)c2C#N)c(C)c1,12.22
N#Cc1ccc(-c2ccc(-c3nc(-c4ccc(C#N)cn4)cc(-c4ccc(C#N)cn4)n3)c(Cl)c2)cc1,17.38
N#Cc1ccc(=Nc2cc(-c3ccc(C#N)nc3)cc(-c3nc(C#N)c[nH]3)n2)[nH]c1,15.29
Cc1cc(C#N)c(Cl)cc1-c1nc(C2CC2)nc(-c2nc(C#N)cc(-c3ccc(F)c(C#N)c3)n2)c1C#N,12.85
N#Cc1ccc(-c2cc(N)c(-c3cc4nc(-c5ccccc5C#N)cnc4cn3)nc2C#N)nc1,28.77
N#Cc1cccc(-c2cc(C(=O)Nc3cncc4ncc(-c5ccc(C#N)nc5)nc34)ccc2Cl)c1,32.95
Cn1c(Cc2ccc(-c3ccc(C#N)cn3)cc2)nc(-c2ccc(C#N)cc2)c(-c2nc3ccc(C#N)cc3s2)c1=N,25.21
N#CC=Cc1cc(C#N)cc(-c2cc(-c3ccc(C#N)cc3C#N)nc(-c3ccc(C#N)cc3)n2)n1,13.29
N#Cc1ccc(-c2ccc(-c3cc4c(ncn4Cc4ccc(-c5ccccc5)cc4)c(C#N)n3)cc2)nc1,8.93
Cc1ccc(-c2nc(C)nc(-c3nc(C#N)nc(-c4ccc(-c5ccc(C#N)cn5)cc4F)n3)c2C#N)c(C)c1,14.09
CCCN(C)C(=O)Oc1ccc(-c2cc(-c3ccc(C#N)nc3)cc(C#N)n2)cc1F,30.89
N#Cc1ccc(NC(=O)Nc2ccc(-n3cc(-c4ccc(-c5ccc(C#N)cc5)cc4)c(-c4ccc(N)c(N)c4)n3)cc2)cc1,17.14
N#Cc1ccc(-c2nc(-c3ccc(OC(F)(F)F)c(C#N)c3)nc(-c3ccc(-c4ccc(C#N)cn4)c(C#N)c3)n2)cc1,19.19
N#Cc1ccc(-c2cc(-c3ccc(N)c(N)c3)ncn2)cc1,14.28
N#Cc1cccc(-c2cc(-c3ccc(C#N)c(C#N)c3)c(C#N)c(-c3cccc(C#N)n3)c2)n1,14.42
N#Cc1ccc(-c2cc(-c3ccc(C#N)cc3)cc(-c3cccc(C#N)n3)c2)cc1,12.73
N#Cc1ccc(-c2cc(C#N)nc(-c3c(F)c(F)c(C#N)c(F)c3F)n2)cn1,10.57
CCNc1nc(-c2cccc(C#N)n2)c(C#N)nc1-c1ccc(-c2ccc(C#N)cn2)nc1,15.22
N#Cc1cc(-c2cnc(-c3ccncc3C#Cc3cnc(C#N)nc3)cn2)cc(-c2cccc(C#N)n2)c1,26.91
N#Cc1cccc(C#Cc2cc(-c3ccc(-c4cncc(C#N)n4)cc3)cnn2)n1,18.61
CCOc1ncc(-c2ccc(C#Cc3ccc(-c4cccc(C#N)n4)cc3)nc2)cn1,23.45
N#Cc1ccc(N=c2[nH]c(-c3ccc(C#N)cc3)nc3cc(-c4ccc(C#N)cc4)ncc23)cc1,22.96
N#Cc1ccc(-c2nc(Cc3cccc4ccccc34)nc(-c3nc(-c4ccc(C#N)nc4)cc(-c4nc(C#N)co4)n3)c2C#N)cc1,23.44
N#Cc1cncc(-c2cc(Nc3ccc4c(c3)CCc3nc(C(N)=O)ncc3-4)nc(-c3cnc(C#N)cn3)c2)c1,26.71
N#CCc1ccccc1-c1nc(Cc2cccc(-c3ccc(C#N)cn3)c2)nc(-c2cccc(-c3cccc(C#N)c3F)n2)c1C#N,26.74
N#Cc1cncc(-c2ccc(-c3ccc(F)c(C#N)c3)nc2C#N)c1,17.1
N#Cc1ccc(-c2nc(-c3ccc(F)c(-n4cncn4)c3)cnc2-c2ccc(-c3cccc(C#N)n3)cc2)cn1,19.86
N#Cc1ccc(-c2ccc(C#Cc3nc(-c4ccc(C#N)nc4)cc(-c4ccncn4)n3)nc2)cc1,16.86
N#Cc1ccc(-c2cc(-c3ccnc4cc(C#N)ccc34)ccn2)nc1,20.7
N#Cc1ccc(-c2cc(-c3ccc(C#N)nc3)nc(-c3ccc(-c4cnc(-c5ccc(C#N)nc5)cc4C#N)cc3)c2C#N)cc1,19.18
COc1ccc(-c2cc[nH]c(=NC3Cc4ccccc4CC3CO)n2)cc1OCc1ccc(C#N)cc1,33.65
N#Cc1ccc(-c2ccc(-c3cc(CCOCc4ccccc4)c4ncnc-4c(C#N)n3)cc2)cc1,20.15
N#Cc1ccc(-c2cc(C#CC(O)(Cc3cccc(Cl)c3)c3ccc(C#N)cc3)nn2-c2ccc(C#N)cc2)cc1,26.14
N#Cc1ccc(-c2ccc(-c3nc(C#N)c(C#N)nc3-c3ccc(C#N)nc3)cn2)cn1,13.34
N#Cc1cnc(-c2nc(-c3cccc(C#N)n3)cc(-c3ccc(C#N)nc3)c2F)nc1,15.61
Cn1c(-c2ccc(-c3cnc(C#N)cn3)cc2)nc(C#N)c1-c1ccc(C#N)cc1,11.36
CCCCc1ncc(Cn2cnc3c(C#N)c(-c4ccc(C#N)cc4)ccc32)n1C,30.18
N#Cc1ccc2c(-c3nc(C#N)cc(-c4ccc(C#N)nc4)n3)c[nH]c2c1,16.56
N#CC=Cc1cccc(-c2nc(-c3ncncn3)nc(-c3cc(-c4ccccc4C#N)nc(-c4ccc(C#N)nc4)c3C#N)n2)n1,25.86
Cc1cc(C#N)c(C#N)cc1-c1cccc(-c2nc(-c3ccc(C#N)cn3)cc(-c3ccnc(C#N)n3)n2)c1C#N,19.27
N#Cc1cncc(-c2cccc(-c3cc4c(ncn4CC4CC4)c(C#N)n3)c2)n1,13.04
N#Cc1ccc(-c2cc(-c3ccc(C#N)nc3)nc(Nc3nc(C#N)ncc3F)c2C#N)cc1,15.87
C=COC[n+]1ccc(C=Cc2ccc3ccccc3n2)cc1,30.15
N#Cc1ccc(-c2ccc(-n3c(C#Cc4ccc(-c5cccc(C#N)n5)cc4)nc4ccccc43)cc2)cc1,11.65
Cn1nc(C(C#N)=c2ccc(=C(C#N)C#N)cc2)nc1C(=O)c1ccc(C#Cc2cccc(C#N)c2)nc1,20.28
N#Cc1ccc(-c2cc(-c3cncc(C#N)c3)nc(-c3cccc(-c4c(C#N)cccc4C#N)c3C#N)n2)nc1,20.64
N#Cc1ccc(-c2ccc(-c3ncc(-c4cccc(C#N)n4)s3)cn2)cc1,13.17
N#Cc1ccc(-c2cc(N3CCOCC3)nc(C(N)=O)n2)cn1,17.47
N#Cc1ccc(C#Cc2ccc3c(c2)OCc2cc(C#Cc4ccc(-c5noc(C(F)(F)F)n5)cc4)ccc2C3=O)cc1,28.21
N#Cc1ccc(-c2ccc(-c3nccc(-c4ccncc4)n3)cn2)nc1,14.67
N#Cc1ccc(-c2cc(-c3nc(C#N)c(C#N)nc3C#N)ccc2C#N)cn1,12.83
N#Cc1ccc(-c2nc(N3CC(F)(F)C3)c(-c3cccc(C#N)n3)nc2C#N)cc1,15.62
N#Cc1ccc(C=Cc2nc3ccccc3c(=O)n2-c2cccc(C#N)c2)cc1,14.61
CC(=O)c1c(O)c(O)n(-c2ccc(-c3ccc(C#N)cc3)cc2)c1-c1ccc(Cl)cc1C#N,20.75
CC(C)C(c1ccc(C#N)cc1)N(C#N)c1cc(-c2cccc(C#N)n2)nc(-c2ccc(C#N)cc2)n1,22.59
N#Cc1ccc(-c2ccc(-c3cc(-c4ccc(-c5ccc(C#N)cc5)cc4)n(-c4ccc(-c5cc(-c6ccc(C#N)cc6)nc(-c6ccccc6C#N)n5)cc4)n3)cc2)cc1,22.06
N#Cc1ccc(-c2nc(Nc3ccc(F)c(C#N)c3)cc(-c3nc(-c4ccc(C#N)nc4)cc(-c4ccc(F)c(C#N)c4)n3)c2C#N)c(C(F)(F)F)c1,17.46
N#Cc1ccc(-c2cc(-c3cccc(N)c3)nc(-c3ccc(C=Nc4cc(O)c(N)cc4O)cc3)n2)cc1,16.4
N#Cc1ccc(-c2ccc(-c3cc(-c4ccc(C#N)cc4C#N)nc(-c4ccccc4C#N)n3)cc2)cc1,17.32
N#Cc1ccc(C#Cc2cnc(-c3cnc(-c4cnc(C#N)nc4)c(C#N)c3)nc2)c(F)c1,15.85
N#Cc1cccc(-c2ccc(-n3cccc3)c(Cn3cnc(C#N)n3)n2)n1,25.95
N#Cc1ccc(-c2nc(-c3ccccc3C#N)nc(-c3c(F)c(F)c(C#N)c(F)c3F)n2)cn1,17.69
N#Cc1ccc(-n2c3ccccc3c3cc(C#N)c4ccccc4c32)cc1,15.29
N#Cc1cnc(-c2cccc(C#N)c2F)nc1-c1nc(CC2CCCC2)nc(-c2ccccc2C(F)(F)F)c1C#N,27.26
CC1OC2OC3OC(CO)C(OC4OC5OC(CO)C(OC6OC(CO)C(OC(C(O)C2O)C(C)(CO)OC4C(O)C1O)C(O)C6O)C(O)C5O)C(O)C3O,23.34
N#Cc1ccc(-c2ncc(-c3ccc(-c4ccc(C#N)nc4)cc3)nc2C#N)cc1,9.92
Cc1ccc2cc(-c3ccc(N)c(C#N)c3)cc(-c3cncc(C#N)n3)c2n1,26.74
N#Cc1ccc(-c2cc(-c3cccc(C#N)n3)n3ncnc3n2)cn1,17.27
N#Cc1ccc(-c2ccc(-c3ccc(-c4cnc(-c5ccc(C#N)cc5)c(C#N)n4)cn3)c(-c3ccc(C#N)cc3)c2)cc1,15.47
N#CC(c1ccccn1)=c1ccc(=C(C#N)CO)c(Oc2ccc(-c3ccc(C#N)nc3)c(C#N)c2)c1,24.76
N#Cc1cccc(-c2ccc(-c3ccc(N=C(c4ccc(-c5cnc(C#N)c(C#N)n5)cc4)N4C(=O)NC(=O)C4c4ccccc4C#N)cc3)cn2)c1,39.18
N#Cc1ccc(Nc2cc3c(cc2C#N)C(=O)c2ccc(-c4nc5ccccc5s4)cc2C3=O)c(C#N)c1,30.88
COc1ccc(-c2cc(-c3ccc(S(C)(=O)=O)cc3C#N)nc(-c3ccc(C#N)cc3)n2)cc1C#N,20.2
Cc1c(C(N)=O)nnn1-c1ccc(-c2ccnc(-c3nc(Cc4ccc(C#N)cc4)nc(-c4ccc(Cl)cc4Cl)c3C#N)n2)cc1,21.77
Cc1cc(-c2ccc(C#N)cn2)nc(-c2nc(N3CCC(F)C3)nc(-c3ccc(C#N)cc3)c2C#N)n1,20.21
N#Cc1ccc(-c2ccc(-c3nc(-c4ccc(C#N)cc4)c(C#N)c(C#N)c3N)nc2C#N)cc1,15.17
Cc1cnc(-n2nc(C#N)cc2-c2ccc(-c3ccc(C#N)cc3)cc2)c(C#N)c1,16.76
O=Cc1cc(C=Cc2cc(=O)c3c(O)c(O)c(O)cc3o2)ccc1O,26.72
N#Cc1nccc(-c2cc(C(N)=O)nc(-c3nc(C4CC4)nc(-c4c(F)cccc4F)c3C#N)n2)n1,20.74
N#Cc1cccc(-c2ccc(-c3cc4nc(C#N)c(NC5CNCC5F)nc4cc3C#N)nc2C#N)n1,27.93
N#Cc1ccc(-c2ccc(-c3cc(-c4cccc(C#N)n4)nc(-c4cccc(-c5ccc(C#N)cc5C#N)c4C#N)n3)cn2)nc1,12.72
N#Cc1ccc(-c2ccc(-c3nc4nc(C#N)ccc4nc3-c3cncc(C#N)n3)cc2C#N)cn1,26.28
C#CCn1ncc2cc(-c3cc(C#N)cnc3-c3cc(C#N)cc(C#N)c3)ccc21,30.48
N#Cc1ccc(-c2cc(-c3cnc(-c4ccc(C#Cc5ccc(C#N)cn5)nn4)c(C#N)c3)nc(C#N)n2)cc1,22.42
N#Cc1ccc(-c2cc(C#N)c(-c3ccc(C#N)cc3)nc2-c2ccc(C#Cc3ccc(C#N)cn3)nc2)cc1,13.14
N#Cc1ccc(-c2cc(-c3cnc(-c4ccc(-c5cccc(C#N)c5)cc4)c(C#N)c3)nc(-c3ccc(C#N)cc3)n2)cc1,13.16
N#Cc1cc(C#N)c(-c2ccc(-c3cnc(C#N)nc3)cc2)c(-c2cccc(C#N)n2)c1,18.05
N#Cc1cncc(-c2ccc(-c3nccc(-c4cccnc4)n3)c(-c3cccc(C#N)n3)c2)n1,22.42
N#Cc1ccc(Nc2c3c(c4ccc(C#N)cc4c2C#N)C(=O)c2ccccc2C3=O)cc1,26.21
N#Cc1ccc(-c2cc3c(ncn3Cc3ccc(-c4ccccc4-c4nn[nH]n4)cc3)c(C#N)n2)cc1,11.8
Cc1csc(C(C#N)=c2ccc(=C(C#N)C#N)cc2)n1,17.33
N#Cc1ccc(-c2ccc(C=Cc3nc(-c4ccc(C#N)nc4)c4ccccc4n3)nn2)cc1,19.63
N#CC(=Cc1ccc(C#N)cc1)c1nc(C(C#N)=c2ccc(=C(C#N)C#N)cc2)nc(C(F)(F)F)n1,9.95
N#Cc1cncc(-c2cc(-c3cnc(C#N)cn3)cc(-c3cnc(C#N)c(C#N)n3)c2)c1,13.19
N#Cc1ccc(-c2ccc(-c3nc4c(nc3-c3ccc(-c5ccc(C#N)cc5)cc3)-c3ccccc3CC4)cc2)cc1,19.74
Cc1cc(C#N)ccc1-c1nc(N2CCCC(N)C2)nc(-c2cccc(-c3cccc(C#N)n3)n2)c1C#N,18.17
Cc1cc(C#N)ccc1-c1nc(Nc2ccc(C#N)cc2)cc(-c2cccc(-c3ccc(Oc4ccc(C#N)cc4)c(C#N)c3)n2)c1C#N,18.12
N#Cc1ccc(-c2nc(-c3cncc(C#N)n3)c(C#N)nc2-c2ccc(F)cc2F)cc1,16.93
N#Cc1ccc(-n2cc(C#N)c3cc(-c4cncc(C#N)c4)ccc32)cc1,15.91
N#Cc1cccc(-c2cc(-c3ccc(C#N)nc3)nc(NC3CCCc4nc(-c5ccnc(C#N)c5)ccc43)c2C#N)c1,25.2
N#Cc1ccc(-c2ccc(-c3nc(-c4ccc(C#N)cc4)nc(C#N)c3-c3ccc(C#N)cc3)cc2)cc1,13.75
N#Cc1cccc(-c2cc(-c3cccc(C#N)n3)ccc2C#Cc2ccc(-c3cccc(C#N)n3)cc2)c1,10.78
N#Cc1ccc(-c2ccc(-c3cc(-c4nc(-c5ccc(C#N)nc5)cc(-c5ccccc5C#N)c4C#N)nc(C#N)n3)cc2C#N)nc1,21.41
N#Cc1ccc(-c2ccc(-c3nc(C#N)c(-c4cccc(C#N)c4F)nc3C#N)nc2)nc1,13.05
N#Cc1ccc(C(c2ccc(C#N)c(-c3ccc(C#N)cn3)c2)c2ccc(C#N)cn2)cc1,12.27
N#Cc1cccc(-c2cc(-c3cnc(C#N)nc3)nc(C#N)c2C#N)n1,14.97
N#Cc1ccc2c(ccn2-c2ccc(-c3cc(-c4cccc(C#N)n4)cc(C#N)n3)nc2)c1,16.86
CCN(CC)CC1C(=O)C(C)(C)C(=O)C(C=O)=C1O,12.73
N#Cc1ccc(-c2ccc(-c3cc(-c4csc(C#N)c4)cc(-c4ccccc4C#N)n3)cn2)cn1,20.35
N#Cc1ccc(-c2cc(-c3cccc(C#N)n3)cc(-c3ccc(-c4cnc(C#N)nc4)cc3)n2)cn1,15.67
N#Cc1ccc(-c2cc(-c3ccc(C#N)cc3)nc(-c3ccc(-c4cccnc4C#N)cc3)c2)cc1,13.08
N#Cc1ccc(-c2ccc(-c3cc(Br)cc(C#N)c3)nc2)nc1,17.55
CC(C)N1CCN(c2ccc(N3C(=O)C(C)(C(=O)OCc4ccccc4)CC3c3ccc(-c4ncc(-c5ccc(C#N)cn5)nc4C#N)cc3C#N)cc2C#N)CC1,46.5
Cc1cc(C#N)c(Cl)cc1-c1nn(C)c(-c2cccc(-c3ccc(-c4ccc(C#N)cn4)cn3)n2)c1C#N,14.81
N#Cc1ccc(C(c2ccc(C#N)cc2)c2nc(-c3ccc(C#N)nc3)c(C#N)nc2-c2cccc(-c3ccncc3)c2)cc1,15.97
N#Cc1ccc(-c2ccc(-c3cc4c(ncn4CCCN4CCOCC4)c(C#N)n3)cc2C#N)cc1,15.1
CC#CC(=O)Nc1ccc(-c2cc(-c3cccc(C#N)n3)cc(C#N)n2)cn1,18.7
N#Cc1ccc(-c2ncc(C#N)nc2-c2ccc(C#N)cn2)cc1,11.41
N#Cc1ccc(C=Nc2nc(Nc3ccc(-c4cccc(C(=O)O)n4)cc3)nc(N(Cc3ccc(-c4ccccc4)cc3)c3ccc(C#N)cc3)n2)cc1,20.79
N#Cc1ccc(-c2nnc(-c3cnc(C#N)nc3)cc2C#N)cn1,10.21
N#Cc1ccc(-c2ncc(-c3cnc(-n4ccc(-c5ccc(C#N)nc5)n4)nc3)cc2C#N)cc1,18.99
CC(C)Oc1ccc(-c2cc(-c3ccc(C#N)cn3)nc(-c3ccc(-c4cccc(C#N)n4)cc3C#N)n2)cc1C#N,16.48
N#Cc1ccc(-c2ccc(-n3ccc4cc(-c5ccnc(C#N)c5)ccc43)cn2)nc1,21.15
N#Cc1ncc(-c2cc(-c3cc(-c4ccccc4C#N)cc(CN)n3)ccn2)cn1,23.95
N#Cc1ccc(-c2nc(C#N)nc(-c3nc(C#N)cc(-c4ccc(C#N)cc4)c3C#N)n2)cc1,11.39
Cn1c(C#N)ccc1-c1cccc(-c2ncc(-c3ccc(-c4cnc(C#N)c(C#N)n4)cc3)cc2C#N)c1,17.38
N#Cc1ccc(-c2ccc(-c3nccc(C#N)n3)nc2C#N)c(C#N)c1,10.25
N#Cc1ccc(-c2nc(-c3ccc(C#N)c(-c4ccc(C#N)cc4)c3)nc(-c3cccc(-c4ccc(C#N)cc4C#N)c3C#N)n2)cc1,14.6
N#Cc1ccc(Nc2ccc3c(=O)c4cc(N)ccc4[nH]c(=O)c3c2)cc1,9.62
Cc1cc(C#N)ncc1-c1cccc(-c2nc(C#N)nc(-c3ccc(C#N)cc3)n2)c1C#N,15.81
N#Cc1cccc(-c2cc(-c3ccccn3)cc(-c3ccnc4ccccc34)c2)n1,24.65
N#Cc1cc(C#N)cc(Oc2ccc(-c3cn4nc(CO)nc4c(C#N)n3)cc2)c1,20.83
N#Cc1ccc(-c2cc(Oc3ncccc3C#N)cc(-c3cncc(C#N)n3)c2)cn1,18.82
N#Cc1ccc(-c2nc3ccccc3n2-c2cc(-c3ccc(C#N)nc3)cc(-c3cnc(C#N)nc3)n2)cc1,18.29
CCc1nsc(-c2ccc(N=c3nc[nH]c4cc(C#Cc5ccc(-c6cncc(C#N)n6)cc5)ccc34)cc2)n1,26.81
N#Cc1cccc(-c2ccc(-c3cccc(-c4ccc5c(cnc(=N)n5-c5ccc(-c6ccc(-c7nc8cc(F)ccc8s7)cc6)cc5)c4)c3)cc2)n1,24.81
Cc1cc(C#N)c(Cl)nc1-c1nc(C#N)cc(-c2nc(Nc3ccc(O)c(C#N)c3)cc(-c3ccc(F)c(C#N)c3)n2)c1C#N,21.18
N#Cc1ccc(-c2ccc(C#Cc3ccc(-c4cccc(C#N)n4)cn3)cc2)cc1,8.99
N#Cc1ccc(-c2nc(C#N)cc(-c3cncc(C#N)n3)c2-c2ncncn2)cc1,20.06
N=c1[nH]c(-c2cc(Br)sc2Br)c(Cl)c(=O)[nH]1,22.52
N#Cc1ccc(-c2ncc(-c3nc4c(cc3C#N)CC(=O)CC4)nc2C#N)cc1,29.02
C#Cc1cc(NCc2ccc(C#N)cc2)c(C#N)c(-c2cc(C#N)cc(-c3cnc(C#N)nc3)c2)c1,24.52
N#Cc1ccc(-c2ncc(-c3ccc(=Nc4ccc(-c5cccc(C#N)n5)cn4)cc(C#N)c3)cc2C#N)cc1,12.67
N#Cc1ccc(-c2ccc(-c3cc4c(ncn4CC4CCNCC4)c(C#N)n3)cc2)nc1,11.16
N#Cc1ccc(-c2cc(-c3cc(-c4cccc(C#N)n4)cnc3C#N)ccc2C#N)nc1,14.7
Cn1c(C#N)ccc1-c1cc(C=CC#N)nc(-c2ccc(C#N)cn2)c1,13.37
N#Cc1ccc(C(c2ccc(C#N)cc2)(c2ccc(N)c(C#N)c2)c2ccc(N)c(-c3ccc(C#N)nc3)c2)cc1,22.07
N#Cc1ccc(-c2ccc(-c3nc(-c4ccc(C#N)nc4)nc(-c4cccc(C#N)c4)n3)cc2CN)cc1,19.56
N#Cc1ccc(-c2ccc(-c3nc(C#N)ncc3-c3ncncn3)cc2C#N)nc1,15.06
N#Cc1ccc(-c2ccc(-c3nc4cc(C#N)ccc4n3Cc3ccc(-c4ccccc4C(=O)O)cc3)cc2)cc1,15.49
COc1cccc(-c2nc(C#N)c3cc(-c4cnc(-c5ccc(C#N)cn5)nc4)cnc3c2O)c1,17.87
C=C(C)Cn1cnc2c(C#N)nc(-c3cncc(C#N)c3)cc21,13.36
N#Cc1ccc(-c2nc(-c3ccc(-c4ccc(C#N)cc4)c(C#N)c3)nc(-c3cnccn3)n2)cc1,10.85
CN(C)C=Nc1nc(-c2ccc(C#N)cc2)c(-c2ccc(-c3ccc(C#N)cn3)cc2)cc1C#N,14.67
N#Cc1ncc(-c2ccc(-c3cc(C4CCN4C(=O)c4ccc(C#N)c(F)c4)nc(C#N)n3)cc2C#N)cn1,19.97
N#Cc1cccc(-c2ccc(-c3ccc(-c4nc(C#N)c(N)nc4-c4ccncc4)cc3)cc2)n1,16.53
N#Cc1ccc(-c2cc(-c3cccc(C#N)n3)nc(-n3ncc4ccccc43)n2)cn1,10.93
N#Cc1ccc(-c2ccc(-c3cc(-c4ccc(C#N)nc4)cc(-c4ccccc4C#N)n3)cn2)nc1,9.6
COc1cccc(-c2nc(-c3ccc(OC4CCC(OC)CC4)c(C#N)c3)nc(-c3cccc4ccccc34)n2)c1F,22.2
N#Cc1ccc(C(=C2C(=O)C(C=O)=C(O)C(C=O)=C2O)c2ccc(N)cc2)cc1,10.52
N#Cc1ccc(-c2nc(C#Cc3cccc(C#N)n3)cc(-c3ccc(-c4ccc(C#N)cc4)c(C#N)c3)n2)cc1,16.18
N#Cc1ccc(-c2ccc(-c3ncc(C#N)nc3-c3ccc(-c4ccc(C#N)cn4)cc3)cn2)cc1,10.48
Cc1cc(C#N)ccc1-c1cc(-c2cccc(-c3cccc(C#N)c3)n2)c(C#N)c(-c2ccc(Cl)cc2Cl)n1,24.98
N#Cc1ccc(-c2ccc(-c3ccc(C#N)nc3)nc2C#N)cc1,8.85
N#Cc1ccc(CN(Cc2ccc(-c3ccccc3)cc2)c2nc(-c3ccncn3)c(-c3nc(C#N)c[nH]3)nc2C#N)cn1,25.46
N#Cc1ccc(-c2cc(C#N)c(-c3ccc(-n4ccnc4)cc3)[nH]2)cc1,19.32
Cc1cn(-c2cc(Nc3ccc(C#N)cc3)cc(-c3cc(C#N)cc(-c4ccc(C#N)cc4)c3)c2)cn1,21.45
N#Cc1nccc(-c2ccc(-c3cnc(C#N)c(C#N)n3)c(F)c2)n1,10.28
Cc1ccccc1OC1C(OCc2cccc(C#N)c2)C=CC(C#Cc2ccc(-c3cc(Cl)cc(C#N)n3)cc2)OC1CO,45.45
N#Cc1ccc(-c2ccc(-c3ncc(-c4ccc(C#N)cc4C#N)nc3-c3ccc(C#N)cc3)cc2)cc1,15.27
N#Cc1cccc(-c2ccc(-n3c(Cc4ccccc4C(F)(F)F)nc(C#N)c3-c3ccc(Br)cc3)cc2)c1,24.21
N#Cc1ccc(-c2ccc(-c3nc(-c4ccc(C#N)nc4)c(-c4ccc(F)cn4)cc3C#N)cc2)nc1,16.18
COc1cnc(-c2ccc(-c3nc(-c4ccc(C#N)cc4)nc(-c4ccc(C#N)nc4)n3)cc2)nc1C#N,20.29
N#Cc1cncc(-c2nc(-c3cccc(C#N)n3)nc(-c3cccc(C#N)n3)n2)c1,8.94
N#Cc1ccc(-c2nc(N3CCc4cc(N)c(C#N)cc4C3=O)c(-c3ccc(-c4ccc(C#N)nc4)cc3)nc2C#N)cc1,23.26
CC(=O)OCOC(=O)c1c(-c2nccc(-c3nc(C#N)nc(-c4cccc(C#N)c4)n3)c2C#N)nc2c(-c3ccc(C#N)cn3)c(C#N)cnc2c1C#N,40.66
N#Cc1ccc(-c2cc(-c3ccc(N=Cc4c(-c5ccc(C#N)cc5)nc(-c5ccc(C#N)cc5)c(C#N)c4O)nc3)nc(-c3ccc(C#N)nc3)n2)cc1,9.82
N#Cc1c[nH]c(-c2nc(-c3cnc(C#N)nc3)cc(N3CC4COCC4C3)n2)n1,18.6
N#Cc1ccc(N(C#N)c2nc(C#N)nc(N(CC(=O)O)c3ccc(C#N)cc3)n2)cc1,28.8
N#Cc1ccc(-c2ccc(-c3cc4c(ncn4CCc4cn(-c5cccnc5)c5ccccc45)c(C#N)n3)cc2)cn1,24.64
CC=CNc1ccc(C#CCC2(CCC)C(=O)C(C#N)(c3ccccc3)C(=O)C(C=O)=C2O)cc1,27.55
N#Cc1ccc(-c2cc(-c3ccc(-c4ccc(C#N)nc4)c(C#N)c3)nc(OCC3(F)CCOCC3)c2C#N)nc1,24.99
Cc1cc(C#N)ccc1-n1c(-c2ccc(C#N)cc2)nc2cc(-c3ncncn3)ccc21,11.26
N#Cc1ccc(-c2csc(-c3ccc(-n4c5ccccc5c5ccccc54)cc3)n2)cc1,11.81
N#CC=Cc1ccc(Oc2ccc(N=Cc3ccc(C#N)cc3)cc2)cc1,13.02
N#Cc1ccc(-c2ccc(-n3nc(-c4nc(C#N)cc(-c5ccc(C#N)cc5)c4C#N)nc3-c3ccccc3C#N)cc2)cc1,17.96
Cn1nccc1-c1cc(C=CC#N)nc(-c2ccc(C#N)cn2)c1,15.29
N#Cc1ccc(-c2ncc(-c3ccc(-c4ccncc4)cc3)nc2-c2ccc(C#N)cc2)cc1,13.46
N#Cc1cccc(-c2nc(-c3ccc(C#N)nc3)c(C#N)c(N)c2C#N)c1,16.45
Cn1cc(-c2cc(C#N)ccc2C#Cc2ccc(-c3cc(-c4ncncn4)cc(-c4ncc(C#N)c(-c5ccc(C#N)cc5)n4)n3)cc2)ccc1=O,27.32
N#Cc1ccc(C#Cc2nc(-c3cccc(C#N)n3)n(-c3ccc(C#N)c(C#N)c3)n2)cc1,14.81
N#Cc1cc(Nc2cc(C#N)cc(-c3ccc(-n4cc(-c5ccncn5)cn4)cc3)c2)cc(C(N)=O)c1,24.98
N#Cc1ccc2c(c1)[nH]c1cc(N)c(N)cc12,25.97
N#Cc1ccc(-c2ccc(-c3cc(-c4ccc(-c5ccc(C#N)cc5)c(C#N)c4)nc(-c4ccc(C#N)nc4)n3)cc2)cc1,14.66
N#Cc1ccc(-n2c(=O)ccc3cc(-c4cnc(N)c(C#N)c4)ccc32)c(C(F)(F)F)c1,25.04
N#Cc1cccc(C#Cc2cc(-c3cnc(C#N)nc3)cc(-c3ccncn3)c2)n1,15.14
COC(=O)c1nc(C(C#N)=Cc2ccc(C#N)cc2)nc(C(C#N)=c2ccc(=C(C#N)C#N)cc2)n1,12.71
N#Cc1ccc(-c2cc(-c3cccc(C#N)n3)cc(-c3cc(-c4ccc(C#N)cn4)nc(-c4ccc(C#N)cn4)c3C#N)n2)nc1,17.34
N#Cc1ccc(-c2cnc(-c3ccc(-c4cccc(C#N)n4)cn3)nc2C#N)c(C#N)c1,16.86
N#Cc1ccc(C#Cc2nc(-c3ccc(C#N)cc3)c3c(C#N)nc(-c4ccc(C#N)cc4)c(O)c3n2)cc1,15.43
N#Cc1ccc(-c2ccc(-c3nc(-c4ccc(C#N)cn4)[nH]c(=NCC(O)c4ccc(C#N)cn4)n3)nc2C#N)cc1,28.36
N#Cc1ccc(-c2ccc(-c3cc(-c4ccncc4)nc(-c4ccc(C#N)s4)n3)cc2)cc1,17.14
N#Cc1ccc(C(c2ccc(C#N)c(-c3ccccc3C#N)c2)n2ccnc2)nc1,14.3
N#Cc1ccc(-c2cc3c(C#N)nc(-c4cccc(C#N)c4)cc3nc2-c2ccncc2)cc1,14.13
N#Cc1ccc(-c2ccc(-c3ccc(-c4cccc(C#N)n4)cn3)cn2)cn1,9.48
Cc1cc(C#N)c(Cl)nc1-c1nc(C#N)cc(-c2nc(-c3ccc(C#N)cn3)cc(-c3cc(-c4ccc(C#N)cn4)ncc3F)n2)c1C#N,19.73
N#Cc1ccc(-c2cc(-c3cnc(C#N)cn3)nc(-c3ccc(-c4ccc(F)c(C#N)c4)c(C#N)c3)n2)cn1,17.98
N#Cc1ccc(-c2nc(-c3ccc(OC4CCC(C(=O)O)CC4)c(C#N)c3)nc(-c3ccc(Br)cc3Cl)n2)c(F)c1,22.53
N#Cc1ccc(Oc2ccc(-c3nc(-c4ccc(C#N)cc4)c(-c4ccc(C#N)cc4)nc3C#N)cc2C#N)cc1,12.75
Cc1noc(-c2ccc(N=Cc3c(-c4ccc(C#N)c(C#N)c4)nc(-c4ccc(C#N)cc4)c(C#N)c3O)nc2)n1,15.65
N#Cc1ncc(-c2cncc(C#Cc3ccnc(N4CCOCC4)n3)c2)cn1,22.81
N#Cc1cc(F)cc(-c2cc3c(ncn3Cc3cnc(C#N)c(C#N)n3)c(C#N)n2)c1,10.58
CC1CN(C(=O)c2cc(-c3ccc(C#N)nc3)cc(C#N)n2)CCN1c1nc(-c2cccc(C#N)n2)c(C#N)nc1-c1ncccn1,28.38
N#Cc1ccc(-c2ccc(-c3cc(C#N)cc(-c4ccc(C#N)nc4)c3)nc2)nc1,12.92
N#Cc1ccc(C=C2c3ccc(C#N)cc3C(=O)c3ccc(-c4ccc(C#N)cc4)cc32)cc1,19.54
N#CC=Cc1ncc(C=O)nc1-c1ccc(C#N)nc1,24.26
N#Cc1ccc(-n2nc(-c3ccc(C#N)nc3)c3ccc(-n4ccnc4)cc32)cc1,16.66
N#Cc1cc(C#N)c(Nc2ccc(-n3ccc4ccccc43)nc2)c(-c2nc(-c3ccc(C#N)c(C#N)c3)nc(-c3nccs3)n2)c1,31.53
CN1CCC(C(Cn2cnc3c(C#N)nc(-c4ccc(-c5ccc(C#N)cc5)nc4)cc32)c2ccc(-c3ccc(C#N)cc3)cc2)CC1,22.19
CCc1noc(-c2ccc(N=c3nc[nH]c4cc(-c5ccc(C#N)cc5)ccc34)cc2)n1,15.35
N#Cc1ccc(-c2cc(-c3cccc(C#N)n3)nc(-c3nnc(-c4cccc(C#N)n4)c(C#N)n3)c2)cc1,18.17
COc1cccc(-c2nc(-c3ccc(C#N)cc3)c(-c3ccc(C#N)cn3)c(-c3ccc(-c4ccc(C#N)cn4)cc3)n2)c1F,15.23
N#Cc1ccc(-c2cc(-c3ccc(-c4cccc(C#N)n4)cc3)c(-c3ccc(C#N)nc3)s2)cc1,17.41
N#Cc1ccc(-c2cc(C#N)cc(Nc3ccc4c(c3)C(=O)c3ccc(N)cc3C4=O)n2)cc1,10.38
COC(=O)C1=C(c2ccc(C#N)cc2)CC2CCC1N2C(=O)Nc1ccc(C#N)c(-c2ncncn2)c1,18.77
N#Cc1ccc(-c2cccc(Nc3ccn4c(=O)c(C(=O)O)cc(C#N)c4c3)c2)cc1,24.17
COc1ccc(-c2cc(-c3ccc(C#N)c(C#N)n3)nc(-c3ccc(C#N)nc3)n2)cc1C#N,13.53
C#Cc1cc(-c2cc(-c3ccc(-c4cnc(C#N)c(C#N)n4)c(F)c3)nc(-c3ccc(C#N)cn3)n2)ccn1,21.76
CC1CN(c2cc(-c3ccc(-c4ccc(C#N)c(C#N)c4)c(C#N)c3)nc(C#N)n2)CCN1,24.12
N#Cc1cccc(-c2nc(-c3cccc(C#N)n3)nc(-c3ncccn3)n2)c1,12.32
N#Cc1ccc(-c2cc(-c3c(C#N)c(-c4ccc(C#N)cc4)nc(C#N)c3-c3ccc(C#N)cc3)c(N)c(C#N)n2)cc1,24.25
N#Cc1ccc(-c2cc(-c3cnc(OC4CCC(O)CC4)c(C#N)c3)nc(-c3cnc(-c4cncc(C#N)c4)c(C#N)c3)n2)nc1,21.54
N#Cc1ccc(-n2c3ccc(-c4cccc(C#N)n4)cc3c3ccc(C#N)cc32)cc1,17.15
N#Cc1ccc(CCc2ccc(-c3ccc(C#N)cc3)c(C#N)c2)cc1,18.18
Cc1cc(C#N)c(Cl)cc1-c1nc(Nc2ccc(C#N)cc2)cc(-c2nc(-c3ccc(F)cc3)cc(-c3ccc(C#N)cc3)n2)c1C#N,17.89
C=Cc1nc(-c2ccc(C#N)cc2)c(C#N)c(Cl)c1C#N,23.28
N#Cc1ccc(-c2ccc(-n3cc(-c4ccc(-c5cccc(C#N)n5)c(C#N)n4)cc3O)cc2)cc1,17.11
N#Cc1ccc(-c2ncc(-c3ccccn3)c(-c3ccc(-c4ccc(C#N)cn4)cc3)n2)cc1,12.24
COc1ccc2c(C#N)c(C)nc(-[n+]3ccc(-c4cccc(C#N)n4)cc3-c3ccc(C#N)cn3)c2c1,18.94
N#CC(C#N)=C1C(=Cc2ccc(-c3ccc(C#N)cc3)cc2)C(=O)C(C=O)=C1O,10.34
N#Cc1nc(C(=O)Nc2ccc3c(c2)C(=O)c2ccc(N)cc2C3=O)n(CCO)c1C#N,32.11
N#Cc1ccc(-c2ccnc(COc3ccc(-c4ccc(-c5ccc(C#N)cc5)c(C#N)c4)cc3)n2)cc1,18.44
N#Cc1ccc(-c2nc(C#N)ncc2-c2cc3c(-c4ccnc(C#N)c4)cc(C#N)nc3cn2)cn1,26.32
N#Cc1ccc(-c2ncc(-c3cc(-c4cncc(C#N)n4)cc(C#N)n3)cn2)cn1,11.78
N#Cc1ccc(-c2cc(-c3cnn(-c4ccc(C#N)cc4)c3)nc(-c3ccccc3C#N)c2)cc1,15.53
N#Cc1ccc(-c2ccc(F)c(CNCC3CCN(c4cccc(C#N)n4)C3=O)n2)cc1,25.28
N#Cc1ccc(-c2nc(-c3ccc(-c4cccc(C#N)n4)cc3)ccc2C#N)cc1,8.94
N#Cc1ccc(F)c(-c2cncc(-n3ccc4c(-c5ccnc(-c6ccc(C#N)nc6)n5)ccnc43)n2)c1,29.17
N#Cc1ccc(-c2cc(=N)n(-c3cccc(-c4cccc(C#N)c4)c3)[nH]2)cc1,23.41
N#Cc1ncc(-c2c(-c3ccc(-c4c[nH]c(=N)cn4)cn3)cnn2C2CCC2)nc1C#N,14.62
N#Cc1ccc(-n2c3ccc(C#N)cc3c3cc(C#Cc4ccc(-c5cccc(C#N)c5)cc4)ccc32)cc1,18.08
N#Cc1ccc(COc2ccc(-c3ncc(-c4cc(C#N)ccc4C#N)nc3C#N)cc2C#N)nc1,25.63
COc1nn(C)nc1-c1nc(-c2cnc(C#N)nc2)nc(-c2ccc(-c3ccc(C#N)cc3)c(C#N)c2)n1,29.52
N#Cc1cccc(-c2nc(-c3ccc(C#N)c(-c4ccc(C#N)nc4)c3)nc(-c3ccc(F)c(C#N)c3F)n2)c1,26.18
N#Cc1ccc(Nc2cc(-c3ccc(OCc4ccncc4)c(C#N)c3)cc3c2C(=O)c2ccccc2C3=O)cc1,26.24
Cc1nc(-[n+]2ccc(-c3cccc(C#N)n3)cc2)c2ccc(-c3ccncc3)cc2c1C#N,22.85
CN1CCC(Oc2ccc(-c3nc(C#N)cc(-c4ccc(-c5ccc(C#N)cn5)c5ccccc45)n3)cc2C#N)CC1,15.58
N#Cc1ccc(-c2cc(-c3ccc(-c4ccc(F)cc4)cc3)c(-c3cccc(C#N)n3)nc2-c2ccncc2)cc1,20.18
N#Cc1ccc(-n2nc(C#N)c3c(-c4ccc(C#Cc5ccc(F)cc5F)c(F)c4)nc(C#N)nc32)cc1,22.94
N#Cc1ccc(Cn2nc(-c3ccc(C#N)cc3)nc2-c2cccc(C#N)n2)cc1,15.7
N#Cc1cc(-c2ccc(N=Cc3ccc(-c4cnc(C#N)nc4)cc3O)cc2)ccn1,22.6
N#Cc1ccc(-c2cc(-c3cncc(C#N)n3)cc(N=Cc3c(O)c(C=O)c(O)c(C=O)c3O)n2)cc1,16.53
N#Cc1ccc(-c2nc(=Nc3ccc(-c4cccc(C#N)n4)cn3)[nH]c(-c3ccc(-c4cccc(C#N)c4)cc3)c2C#N)cc1,13.6
COc1csc(-c2ccc(Nc3nc(-c4ccc(C#N)cc4)c(-c4ccc(-c5ccc6ccc(C#N)cc6c5)cc4)nc3C#N)cc2)n1,32.84
Cc1cc(C#N)ccc1-c1nc(N2CCCC(C#N)C2)nc(-c2cccc(-c3cnnc(C#N)c3)n2)c1C#N,17.21
N#Cc1ccc(-c2cc(F)c(Oc3ccc(-c4cccc(C#N)n4)cc3)cc2C#N)nc1,20.32
N#Cc1cc(-c2cnc(C#N)nc2)nc(-c2nc(-c3ccc(OCc4ccccc4C#N)c(C#N)c3)cnc2C#N)n1,27.62
N#Cc1ccc(-c2ncncc2-c2ccc(-c3cccc(C#N)n3)cc2)cc1,16.22
Cn1cc(-c2ccc(-c3cc4c(ncn4C)c(C#N)n3)cc2C#N)cn1,14.1
N#Cc1c(F)c(F)c(F)c(F)c1F,13.2
N#Cc1cnc(-c2ccc(C(C#N)(c3ccc(Cl)cc3)c3ccc(-c4ccc(C#N)nc4)nc3)cc2)nc1,33.58
N#Cc1ccc(C#Cc2ccc(-c3ccc(-c4cccc(C#N)n4)cn3)cn2)nc1,11.04
N#Cc1ccc(-c2cnc(-c3ccc(-c4ccc(C#N)cc4C#N)c(C#N)n3)nc2C#N)cc1,14.04
Cc1nc(-c2ccc(C#N)c(-c3cccc(C#N)c3F)n2)nc(-c2nccc(-c3ccc(C#N)nc3)c2C#N)n1,20.71
N#Cc1ccc(Nc2nc(C#N)nnc2C#N)cc1,10.55
CC#CC(=O)N1CCC(Cn2cnc3c(C#N)nc(-c4cccc(C#N)c4)cc32)CC1,15.16
COc1ccc(-c2nc(-c3ccc(C#N)cc3)cc(-c3ccccc3NC(=O)c3ccc(C#N)cn3)n2)cc1OC,23.39
N#Cc1ccc(-c2cc(-c3ncncn3)cc(-c3ccc(C#N)nc3)n2)nc1,17.18
Cc1cc(C#N)sc1-c1nc(C#N)cc(-c2nc(C#Cc3ccc(C#N)cn3)cc(-c3ccc(C#N)cc3)n2)c1C#N,20.4
Cc1cc(C#N)ccc1-c1nc(N(C)C)nc(-c2nc(C#N)nc(-c3cccc(C#N)c3)n2)c1C#N,14.86
N#Cc1ccc(-c2ccc(-n3cc(-c4ccc(-c5ncccn5)cc4)c(-c4ccccn4)n3)cc2C#N)nc1,28.39
N#Cc1ccc(-c2nc(-c3ccc(-c4cccc(C#N)n4)cc3)ccc2C#N)c(F)c1,15.38
N#Cc1ccc(-c2cc(C#N)nc(-c3ccc(-c4ccncc4)cc3)n2)cc1,11.93
N#Cc1cccc(Cn2cnc3c(C#N)nc(-c4ccc(-c5cnc(C#N)nc5)cc4)cc32)n1,10.21
COc1ccc(-c2cnc(-c3ccc(-c4ccc(C#N)cn4)nc3)c(-c3ccc(C#N)o3)n2)cc1OC,26.16
N#Cc1ccc(-c2nc(-c3ccc(-c4cccc(C#N)n4)cc3)ccc2C#N)cn1,9.37
N#Cc1ccc(-c2nc(-c3ccc(C#N)nc3)nc(-c3ccc(OC4CCC(C(=O)O)CC4)c(C#N)c3)n2)cc1,11.73
N#Cc1cccc(-c2nc(-c3cnc(C#N)nc3)nc(-c3ccc(C#N)c(F)c3F)n2)n1,15.26
Cc1ccc(-c2ccc(-c3ccc(C#N)cc3)c(C#N)n2)cc1N=Cc1ccccc1O,22.67
N#Cc1ccc(-c2cc3c(ncn3CC=Cc3cccc(C#N)c3)c(C#N)n2)cc1,13.54
Cc1cc(C(F)(F)F)nc(-n2ncc(C#N)c2-c2nc(Oc3ccccc3)nc(-c3ccc(C#N)nc3)n2)n1,28.56
Cc1cc(C#N)c(N)cc1-c1cc(-c2ccc(C#N)cc2)cc(-c2ccc(C#N)nc2)n1,20.7
CC(=O)N(C#N)c1cc(-c2ccc(-c3cc(-c4cccc(C#N)n4)cc(C#N)n3)cc2)nc(C#N)n1,19.97
N#Cc1ccc(-c2nc(-c3ccc(C#N)nc3)ccc2C#N)cc1,9.38
CC(C)(C)c1nc(C(C#N)=c2ccc(=C(C#N)C#N)cc2)nc(C(C)(C#N)c2ccc(C#N)c(-c3ccc(C#N)cn3)c2)n1,14.07
N#Cc1ccc(-c2ccc(N3CCc4nc(-c5c(C#N)cccc5C#N)nc(-c5cnc(C#N)nc5)c4C3)cc2C#N)nc1,27.39
N#Cc1ccc(CSc2nc(-c3ccc(-c4ccc(C#N)cc4)cc3)c3ccccc3n2)cc1,20.09
N#Cc1cccc(-c2nc3cnc(C#N)cc3cc2Cn2cnc3c(C#N)nc(-c4ccc(-c5cccc(C#N)n5)cc4)cc32)c1,20.87
N#Cc1ccc(-c2nc(-c3ccc(OC4CCC(C(=O)O)CC4)c(C#N)c3)nc(C3CCOCC3)n2)nc1,17.28
COc1ccc(-c2nc(C#N)c(-c3ccc(C#N)c(-c4ccccc4)c3)nc2C)cc1NC(=O)C(=O)Nc1cccc(C#N)c1,28.46
N#Cc1ccc(C#Cc2cnc(-c3nc(-c4ccc(C#N)nc4)cc(-c4ccc(C#N)cc4)c3C#N)cn2)cc1,17.26
N#Cc1ccc(-c2ccc(-c3nc(-c4ccc(C#N)cc4)nc(-c4cncc(C#N)c4)n3)cn2)cc1,18.11
Cc1cc(C#N)ccc1C1CC(C#N)=NN1c1nc(-c2ccc(C#N)cc2)c(C#N)nc1-c1ccc(F)cc1,29.75
N#Cc1cccc(-c2ccnc(-c3cccc(-c4cc(F)c(C#N)c(C#N)c4)c3)c2)n1,19.35
N#Cc1cc(C#N)c2sc(C=Cc3ccc(-c4cccc(C#N)n4)cc3)nc2c1,17.38
N#Cc1ccc(C#Cc2ccc(-c3cnc(C#N)nc3)nc2)nc1,13.05
N#Cc1ccc(-c2ccc(-n3nc(C#N)cc3C(=O)NCc3ccc(-c4cccc(C#N)c4)cc3)cc2)cc1,17.0
N#Cc1cc(-c2cnc(-c3cccc(C#N)n3)cn2)cc(-c2ccnc(C#N)n2)c1,14.95
N#Cc1ccc(Nc2cc(=O)nc(N3CCCCC3)[nH]2)cc1,24.36
CC(C)COc1ccc(-c2nc(-c3ccc(C#N)cc3)nc(-c3cccc(C#N)n3)n2)cc1C#N,9.57
N#Cc1ccc(-c2nccc(-c3cc(-c4cccc(C#N)n4)cc(C(C#N)c4ccc(C#N)cc4)n3)n2)cc1,28.01
Cc1nc(N(CC2CC2)C2CCOCC2)nc(-c2ccc(C#N)cc2)c1-c1cccc(C#N)n1,26.34
N#Cc1ccc(-c2nc(-c3cccc(C#N)n3)c(C#N)nc2-c2cccc(-c3nccc(C#N)n3)c2)cc1,14.07
N#Cc1ccc(-c2nc(C#N)c(NCCc3ccc(F)cc3)o2)cc1,18.95
N#Cc1ccc(-c2cc(-c3ccc(C#N)cc3C#N)nc(-c3cnccc3C#N)c2)nc1,22.74
N#Cc1ccc(-c2ccc(C#Cc3ccc(C#Cc4cscn4)cc3)cc2)cc1,16.23
Cc1cc(C#N)cc(O)c1-c1cc(C(c2ccc(C#N)cc2)n2ccnc2)cc(-c2ccc(C#N)cc2)n1,22.42
CC(C)c1c(C#N)ncn1-c1ccc(-c2ccc(C#N)cc2)cn1,19.11
N#Cc1ccc(C(c2ccc(C#N)cc2)c2c(Nc3ccc(Br)cc3)sc(Br)c2-c2cc(C#N)ncn2)cc1,23.6
N#Cc1cc(C#N)cc(-c2cc3c(ncn3Cc3cncc(C#N)n3)c(C#N)n2)c1,10.92
N#Cc1ccc(-c2ccc(C#Cc3nc(C#N)cnc3-c3cccc(C#N)c3)cc2)nc1,15.56
N#Cc1ccc(-c2cc(-c3cc(-c4ccccc4C(F)(F)F)cc(-c4cncnc4)n3)c(C#N)c(-c3ccc(C#N)s3)c2)cc1,37.84
N#Cc1cccc(-c2ccc(-c3nnccc3-c3ccc(-c4cnc(C#N)c(C#N)n4)cc3)cc2)n1,14.11
N#Cc1ccc(-n2cncc2-c2ccc(-c3ccc(F)c(C#N)c3)cc2)cc1,17.71
N#Cc1ccc(-c2cc(-c3cnc(C#N)nc3)cc(-c3cnc(C#N)nc3)c2)cn1,14.72
N#CC=Cc1ccc(-n2c(-c3ccc(C#N)cc3)nc3cc(-c4ncncn4)ccc32)cc1,17.27
N#Cc1ccc(-c2nc(-c3ccccn3)cc(-c3nc(-c4ccc(C#N)nc4)cc(-c4ccc(C#N)cc4)c3C#N)n2)cc1,11.45
CC(C)(C#N)c1cc(-c2ccc(C#N)cc2)n(-c2ccc(-c3ccc(C#N)cc3)cc2)c1O,16.69
N#Cc1ccc(-c2nc(C#N)c(C#N)nc2-c2cccc(-c3ccncc3)c2)cc1,10.68
Cc1ccc(-c2cccc(CNCc3cc(-c4ccc(C#N)cc4)nc(-c4ccc(C#N)nc4)n3)c2)cc1,29.2
N#CC(C#N)=C1C(=Cc2ccc(C#N)cc2)C(=O)C(c2ccc(-c3ccc(-c4ccc(C#N)nc4)cc3)cc2)C(C=O)=C1O,16.75
N#Cc1ccc(-c2cc(-c3ccc(C#N)cn3)cc(-c3ccnc(-c4ccc(-c5cccc(C#N)c5)cc4)n3)c2C#N)cc1,13.21
N#Cc1ccc(-c2nc(-c3ccc(C#N)nc3)nc(-c3cccc(C#N)n3)c2C#N)cc1,11.65
N#Cc1ccc(-c2c(C#N)nnn2-c2ccc(-c3ccc(O)c(C#N)c3)cc2)cc1,11.15
N#Cc1ccc(-c2nc(C#N)c(Nc3ccc(Br)cc3)o2)cc1,20.94
Cc1cc(C#N)c(Cl)cc1-c1nc(C2CC2)nc(-c2cccc(-c3cnc4cc(C#N)ccn34)n2)c1C#N,22.53
N#Cc1ccc(C#Cc2ccc(-c3cc(-c4cccc(C#N)n4)cc(-c4cccc(C#N)n4)n3)cc2)nc1,13.91
N#Cc1ccc(-c2ccc(-c3cc4c(ncn4CC4CCC(C#N)CC4)c(C#N)n3)cc2)nc1,12.47
N#Cc1ccc(-c2ccc(C=CC=Nc3nc(-c4ccc(C#N)nc4)nc(-c4ccc(C#N)cc4)c3C#N)cn2)cc1,23.69
N#Cc1ccc(-c2nc(C#N)c3nc(C#N)cnc3c2Oc2ccc(-c3cnc(C#N)c(C#N)n3)cc2)cc1,17.67
N#Cc1ccc(-c2cc(C3CCCN3c3ccnc(C#N)n3)nc(-c3ccccc3C#N)n2)cn1,23.33
N#Cc1ccc(-c2nn(-c3ccc(C#N)cc3)cc2C=NN=c2[nH]c3ccccc3s2)cc1,18.13
N#CC(C#N)=c1ccc(=C(C#N)c2ccc3cc(-c4ccnc(C#N)c4)ccc3n2)cc1,17.85
N#Cc1ccc(-c2ccc(-c3cc(-c4cccnc4C#N)cc(C#N)n3)cn2)nc1,13.99
N=c1nc(N)[n+](CCCN=C(N)N)c(-c2ccc(C=NN=C(N)N)cc2)[nH]1,25.37
Cc1ncnc(-c2ccc(-c3cnc(C#N)cn3)c(C#N)c2)c1C#Cc1ccc(-c2cnc(-c3nc(C#N)cnc3C#N)cn2)cc1,23.93
COc1ccccc1-c1cc(C(C#N)c2nc(C(=O)c3ccc(C#N)cc3)nc(C(C#N)=c3ccc(=C(C#N)C#N)cc3)n2)ccc1C#N,23.01
N#Cc1ccc(-c2ccc(C#Cc3ccc(C#N)cc3-c3ccc(C#N)cc3)cc2)cc1,13.65
N#Cc1ccc(-c2ccc(C#Cc3ccc(C#N)nc3-c3cccc(C#N)c3)cc2)nc1,9.53
CCn1c(C#N)ccc1-c1cc(C#N)c(-c2ncc(-c3ncc(C#N)c(OC)n3)cn2)cc1C#N,30.74
N#Cc1ccc(-c2nc(-c3ccc(C#N)nc3)nc(-c3ccc(OCc4ccccc4F)c(C#N)c3)n2)cc1,19.36
Cc1cn(-c2ccc(-c3cc(Nc4ccc(C#N)c(C#N)c4)nc(Nc4ccc(Br)s4)c3)cn2)cn1,20.47
N#Cc1ccc(-c2ncc(C#N)c(N)n2)c(-c2ccc(-c3ccc(C#N)nc3)c(C#N)n2)c1,20.7
N#Cc1ccc(-c2cc(-c3nc(-c4cnc(OC5CCC(C(=O)O)CC5)c(C#N)c4)nc(-c4ccccn4)n3)ccc2C#N)cc1,13.31
N#Cc1cccc(-c2ccc(-n3c4ccccc4c4ccccc43)cc2)c1,12.41
N#Cc1ccc(-c2nc(-c3ccc(-c4ccc(C#N)cn4)nc3)ccc2C#N)cc1,12.14
N#Cc1ccc(-c2ccc(Cn3nc(-c4ccc(-c5ccc(C#N)cc5)nc4)cc3-c3ccc(-c4ccc(C#N)nc4)cc3)cn2)cc1,30.39
N#Cc1ccc(-c2ncc(-c3nncc(C#N)n3)nc2C#N)cn1,10.81
Cc1c(C#N)c(C#N)nn1-c1nc(-c2cncc(C#N)n2)cc(-c2nc(C#N)cs2)n1,23.42
CCN=CNc1ccc(Oc2ccc(N=Cc3ccc(C=O)cc3)cc2)c2ccccc12,21.28
C[n+]1ccc(-c2ccc(-c3nc(-c4ccc(C#N)nc4)nc(-c4cc(-c5ccc(C#N)cc5)cc(-c5ccc(C#N)cc5)c4C#N)n3)cc2)cc1,18.37
CC(O)COc1ncc(-c2nc(-c3ccc(C#N)nc3)nc(-c3cc(-c4ccc(C#N)cc4)c(C#N)cn3)c2C#N)cc1C#N,21.9
N#Cc1ccc(-c2cc3c(ncn3CCN)c(C#N)n2)cc1F,16.14
Cc1cccc(Nc2c(-c3ccc(C#N)cc3)nc3ccc(C#N)cn23)c1,17.45
N#Cc1ccc(-c2cc(C#N)cc(C#Cc3cc(C#N)cc(-c4cncc(C#N)n4)c3)c2)cc1,16.87
Cn1c(-c2cccc(C#N)c2F)nc(C#N)c1-c1cnc(-c2ccc(OCc3ccc(C#N)cc3)c(C#N)c2)c(C#N)n1,23.39
COc1cc(C#Cc2ccc(C#Cc3ccc(-c4cccc(C#N)n4)nc3C#N)cc2)ccc1-c1ccc(-c2cnc(C#N)c(C#N)n2)c(C#N)n1,25.73
N#Cc1ccc(-c2nc(C(=O)Oc3ccc(Br)c4ccccc34)n(-c3ccc(N)cc3O)n2)cc1,37.53
N#CC=Cc1cccc(-c2cc(F)cc(-c3cc(C#N)nc(-c4ccc(C#N)nc4)c3C#N)n2)c1,18.74
N#Cc1ccc(-c2cc(-c3ccc(C#N)cc3)c(C#N)c(-c3nc(-c4ccc(C#N)cc4)cc(-c4ccc(-c5ccc(C#N)cn5)cc4)n3)c2)cc1,13.17
N#Cc1ccc(-c2cc(-c3nc(C#N)ccc3-n3ccnc3)ccc2C#N)cc1,19.41
N#Cc1ccc(-c2nc(-c3cnc(OC4CCC4)c(C#N)c3)cc(-c3cccc4ccccc34)n2)cc1,16.49
N#Cc1ccc(-c2ccc(CN=c3nc(-c4ccccn4)[nH]c(-c4ccccn4)n3)cc2)cc1,19.5
N#Cc1ncc(-c2cc3c(ncn3Cc3cnc(C#N)c(C#N)n3)c(C#N)n2)cn1,13.85
CCCC#Cc1cnc(-c2nc(C#N)c(-c3cccc(C#N)n3)nc2C#N)s1,23.42
N#Cc1cc(F)ccc1-c1ccc(-c2cc3c(ncn3CCN)c(C#N)n2)cc1,18.27
Cc1nc(C)c(-c2cc(C#N)ccc2C#N)c(C#N)c1C#N,18.17
N#Cc1ccc(-c2ccc(C#Cc3cc4cc(-c5cccc(C#N)c5)ccc4c(C#N)n3)cc2)nc1,21.82
N#Cc1ccc(-c2cc(-c3ccccc3C#N)nc(-c3cc(C#N)cn4cccc34)c2)cc1,20.4
N#Cc1cccc(-c2nc(-c3ccc(C#N)c(C#N)c3)nc(-c3ccc(C#N)c4ccccc34)n2)c1,14.22
N#Cc1cccc(-c2cc(-c3ccncc3)cc(-c3nc(C#N)c[nH]3)c2)n1,16.41
Cc1nc(-[n+]2ccc(-c3cccc(C#N)n3)cc2-c2ccc(C#N)cc2)c2cc(C#N)ncc2c1C#N,16.97
N#Cc1cccc(-c2c(C(=O)c3ccco3)c(O)c(O)n2-c2ccc(-c3ccsc3)cc2)c1,25.16
N#Cc1ccnc(-c2cc[nH]c(=Nc3cccc(C#N)c3N)n2)c1,26.09
N#Cc1ccc(-c2cc(-c3ccc(-c4nccnc4C#N)cc3)nc(-c3ccc(C#N)nc3)n2)cn1,13.63
N#Cc1cnc(-c2ccc(-c3ccccc3-c3cnc(-c4cccc(C#N)n4)c(C#N)n3)nc2)cn1,13.61
N#Cc1ccc(-c2ccc(-c3nc(NC(=O)c4ccc(N)cc4)nc(-c4cccnn4)n3)cc2C#N)nc1,32.91
N#Cc1cccc(-c2ncc(-c3nc(C#N)cnc3-c3cncc(C#N)n3)nc2C#N)n1,14.0
N#CC(C#N)=C1C(=Cc2ccc(C#N)cc2)C(=O)C(N=c2cc(C#N)c3cc(C#N)ccc3[nH]2)C(C=O)=C1O,15.57
CCN1CCN(c2nc(=N)nc(-n3cc(-c4ccc(C#N)cc4)c4c(C#N)nc(-c5cccc(C#N)c5)cc43)[nH]2)CC1,27.77
N#Cc1ccc(-c2cc(-c3ccc(-c4cccc(C#N)n4)cc3)nc(C#N)n2)nc1,11.47
CC(C)(C)COc1ncc(-c2cc(-c3cccc(C#N)n3)cc(C#Cc3ccc(C#N)cn3)n2)cc1C#N,18.35
N#Cc1ccc(-c2cc(-c3cnc(C#N)c(C#N)n3)cc(C#N)n2)cc1,13.98
N#Cc1ccc(-c2cc(-c3ccc(C#N)c(C#N)c3)c(C#N)c(-c3cccc(C#N)n3)c2)nc1,12.45
N#Cc1ccc(-c2nc(Nc3cccc(C#N)c3)nc(-c3ccc(C#N)nc3)n2)cc1,14.72
N#Cc1ccc(-c2ccc(-n3nnc(C#N)c3-c3nccc(C#N)n3)cc2)cc1,19.69
N#Cc1ccc(-c2ccc(-c3cc4c(ncn4Cc4ccc(-c5ccccc5C(=O)O)cc4)c(C#N)n3)cc2)cn1,20.58
CC(C)COc1ccc(-c2nc(-c3ccc(C#N)nc3)nc(-c3ccc(C#N)nc3)n2)cc1C#N,14.2
N#Cc1ccc(-c2ccc(-c3nnc(-c4ccc(F)c(O)c4F)nc3-c3ccc(C#N)cc3)cc2)cc1,19.21
CC(C)c1nc(-c2cccc(C#N)c2)c(C#N)cc1-c1cc(-c2cncc(C#N)c2)nc(C#N)n1,20.52
COc1ccc(-n2c(CCc3ccc(-c4ccc(C#N)cn4)cc3)nc3ccccc3c2=O)cc1,24.22
N#Cc1ccc(-n2c3ccccc3c3cc(C#N)c4ccc(-c5ccc(C#N)nc5)cc4c32)cc1,18.83
N#Cc1ccc(-c2ccc(-c3cc(-c4nc(C#N)cs4)nc(-c4cccc(-c5ccc(C#N)cc5C#N)c4C#N)n3)cn2)nc1,16.7
N#Cc1ccc(-c2ccc(-c3nc4c(C#N)nc(-c5ccc(OC6CCOCC6)c(C#N)c5)cc4nc3-c3ccc(-c4cncc(C#N)n4)cc3C#N)cc2)nc1,30.18
Cn1c(C#N)ccc1-c1ncc(C#N)nc1-c1cccc(-c2ccc(-c3c[nH]c(=N)cn3)cn2)c1,16.3
N#Cc1ccc(-c2cccc3c2cnn3-c2cncc(-c3ccncn3)n2)cc1,21.22
N#Cc1cc(-c2ccc(-c3cc(C#N)nc4cc(-c5ncncn5)ccc34)nc2C#N)ccn1,19.72
COc1ccc(-c2nc(-c3ccc(C#N)c(F)c3F)nc(-c3ccc(C#N)c(-c4ccc(C#N)cc4)c3C#N)n2)cc1C#N,24.45
N#Cc1ccc(-c2ccc(C#Cc3ccc(C#N)c(C#N)n3)nn2)cc1,11.24
N#Cc1ccc(Nc2ccc(NC(c3ccc(N)cc3)c3ccc(-c4ccc(C#N)cc4)cc3)cc2)cc1,18.12
Cc1ccn(-c2nc(-c3ccc(NCc4cccc(C#N)c4)nc3)nc(N3CCOCC3)n2)n1,20.99
N#Cc1ccc(-c2cccc(-c3cnc(-c4cnc(C#N)c(C#N)n4)cn3)c2)nn1,17.23
COc1cc(-c2cc(-c3ccc(C#N)cc3)nc(-c3ccc(C#N)nc3)c2)ccc1NC(=O)C(C)(C)C#N,24.47
N#CC(C#N)=c1ccc(=C(C#N)c2ncc(-c3ccc(C#N)cc3)cc2C#N)cc1,11.66
N#CC=Cc1nc(CCc2ccc(-c3ccc(C#N)cc3)cc2)ccc1-c1cccc(C#N)n1,14.82
COc1ccc(C2C3c4cc(OC)c(OC)cc4OC(OC4C(=O)OCC42)c2cc(OC)c(OC)cc23)cc1,27.99
N#Cc1cccc(-c2cccc(C#Cc3nc(C#N)ccc3N)c2)n1,14.43
N#Cc1ccc(C=C2C(=O)C(=CNc3ccc(C#N)cc3)C(=O)C(=CNc3ccc(-c4cc(-c5ccc(C#N)cc5)cc(-c5ccc(C#N)cn5)c4)cc3)C2=O)cc1,20.68
C=CCn1c(=O)c(=C(C#N)c2nc(C#N)c(OC(=O)c3ccccc3)c(-c3ccc(C#N)cc3)n2)n(Cc2ccco2)c(=O)c1=Cc1ccc(C#N)cc1,30.54
N#Cc1cncc(-c2ccc(-c3nc(C#N)nc(C(N)=O)n3)cc2)c1,19.43
N#Cc1cncc(-c2ccc(Nc3ccc(-c4cnc(C#N)c(C#N)c4)cc3)nc2)n1,14.5
N#CC(C#N)=c1ccc(=C(C#N)c2nc(-c3ccc(C#N)cn3)nc(C(c3ccc(C#N)cc3)c3ccc(C#N)cc3)n2)cc1,13.65
N#Cc1ccc(-c2nc(C=Cc3cccc(-[n+]4ccc(-c5cccc(C#N)n5)cc4)n3)cc(-c3ccc(C#N)nc3)n2)cc1,13.04
N#Cc1cc(-c2cc3nc(C#N)ncc3c(C#N)n2)ccn1,15.93
N#Cc1ccc(-c2ccc(C#N)c(-c3ccc(C#N)nc3)n2)cn1,10.36
N#Cc1ccc(-c2ccc(-c3cnc(C#N)c(-c4ccc(C#N)nc4)c3)cn2)nc1,12.59
CCNc1nc(Nc2ccc3c(c2)CCc2ccc(OC)cc2C3=O)ccc1C#N,25.58
N#Cc1cccc(-c2ccc3c(c2)OC(CO)CN(C(=N)N)C3=O)n1,31.75
CCOC(=O)c1nc(C(=O)c2nc(-c3ccc(NC(C)=O)nc3)cs2)nc(C(C#N)=c2ccc(=C(C#N)C#N)cc2)n1,29.23
N#Cc1ccc(-c2ccc(-n3ccnc3-c3ccc(-c4ccc(C#N)cn4)c(C#N)n3)nc2)cc1,18.07
Cc1cnc(Cl)nc1-c1ccc(N(Cc2ccc(-c3ccc(C#N)cc3)cn2)C(=O)c2ccc(-c3cncc(C#N)c3)cc2)cc1,18.22
N#Cc1ccc(-c2ccc(-c3cc(-c4ccc(O)cc4)cc(-c4ccc(C#N)cc4)c3)cc2)cc1,18.19
N#Cc1ccc(-c2ccc(F)c(C#Cc3ccnc(-c4ccc(C#N)nc4)n3)n2)cn1,21.51
N#Cc1ccc(-c2ccnc(-c3nc(C#N)c(-c4ccc(-c5ccc(C#N)nc5)cc4)nc3-c3cnc(C#N)nc3)n2)cc1,17.99
N#Cc1ccc(-c2ccc(-c3cc(-c4ccccn4)nc(-c4cnc(C#N)nc4)n3)cc2C#N)cn1,15.38
N#Cc1ncc(-c2ncc(-c3cc(N4CCC(C#N)C(O)C4)nc(C#N)n3)cc2F)cn1,20.86
N#Cc1ccc(-c2cccc(C#N)n2)c(-c2ccc(Cn3ccc4nc(-n5cnc(C#N)c5)ccc4c3=O)cc2)c1,27.52
N#Cc1ccc(-c2ccc(-c3c(C#N)cc(-c4ccc(C#N)cc4)c(C#N)c3C#N)cc2)cc1,15.17
N#Cc1cccc(-c2cc(-c3ccc(C#N)c(F)c3)ncc2C#N)n1,12.85
N#Cc1ccc(-c2cc(-c3ccc(-c4ccc(-c5cccc(C#N)n5)c(C#N)n4)cn3)cc(-c3cccc(C#N)n3)c2)cn1,13.29
N#Cc1cc(C#N)cc(-c2cc3c(ncn3Cc3ccc(-c4ccccc4)cc3)c(C#N)n2)c1,10.78
N#Cc1cccc(-c2nc(N)c(-c3c(F)c(F)c(C#N)c(F)c3F)nc2C#N)n1,12.68
N#CC(C#N)=c1ccc(=C(C#N)c2nc(-c3ccncc3)nc(C(F)c3cc(-c4ccc(C#N)nc4)cc(C#N)n3)n2)cc1,26.24
N#CC(C#N)=c1ccc(=C(C#N)c2ccc(C#N)c(-c3ccc(C#N)cc3)n2)cc1,12.15
N#Cc1ccc(-c2cc3c(ncn3CC3CC3)c(C#N)n2)cc1,11.82
N#Cc1ccc(C#Cc2ccc(C#Cc3ccc(-c4ccnc(C#N)n4)cc3C#N)s2)cc1,19.58
N#CC=Cc1ccc(-c2ccc(-c3ccc(C#N)cn3)cc2)c(-c2ccc(-c3ccc(C#N)cc3)cc2)n1,15.43
N#Cc1ncc(-c2ccc(-c3cc4c(ncn4CC4CC4)c(C#N)n3)cc2)cn1,9.69
N#Cc1ccc(-c2nc(-c3ncc(C#N)c(N)n3)cnc2-c2ccc(-c3ccc(C#N)nc3)cc2)cc1,16.89
N#Cc1ccc(-c2ccc(C#N)cc2-c2ccc(C#N)cc2)cc1,13.43
N#Cc1ccc(-c2nc(C#N)c(C#N)nc2-c2ccc(-c3cccc(C#N)n3)cc2)cn1,11.41
N#Cc1ccc(-c2nc(-c3ccc(OC4CCC(C(=O)O)CC4)c(C#N)c3)nc(-c3ncc(C#N)c(N)n3)n2)cc1,14.71
N#Cc1ccc(OCc2ccccc2-c2onc(-c3nccc(-c4ccc(C#N)nc4)n3)c2C#N)cc1,16.8
Cn1nc(-c2ccc(-c3ccc(C#N)nc3)nc2)nc1-c1cc(-c2ccc(C#N)nc2)nc(-c2ccccc2C(F)(F)F)c1C#N,12.17
N#Cc1ccc(-c2cc(-c3ccc(-c4ccc(C#N)nc4)c(F)c3)nc(C#N)n2)cn1,9.24
C#Cc1ccc(C=CC2C(c3ccc(C#N)cc3)=C(C(=O)O)Oc3ccc(C#N)cc32)cc1,25.54
N#CCn1cnc2c(C#N)nc(-c3ccc(Oc4ccc(C#N)cc4)c(C#N)c3)nc21,11.9
N#Cc1ccc(-c2ccc(-c3cc4c(ncn4Cc4cccc(C#N)n4)c(C#N)n3)cc2)cn1,11.68
N#Cc1ccc(-c2cc(-c3ccc(C#N)nc3)cc(-c3ccc(-c4ccc(C#N)cc4)s3)c2)cc1,14.6
COc1c(Cn2cc(C#N)nc2C(c2ccc(C#N)cc2)c2ccc3cc(C#N)cnc3c2)ccc(C#N)c1C#N,35.5
N#Cc1ccc(-c2ccc3[nH]c(=O)c(-c4nc5ccccc5nc4-c4ccc(C#N)cc4)c(-c4ccc(Br)cc4)c3c2)cc1,32.38
COc1nc(C#N)c(C#N)nc1-c1cc(C#N)nc(-c2ccc(C#N)cn2)c1,17.77
N#Cc1ccc(-c2nc(C#N)nc(C#N)c2-c2ccc(C#N)cn2)cc1,12.43
N#Cc1ccc(-n2cc(C#N)c3cc(-c4cccc(C#N)n4)ccc32)c(F)c1,13.58
N#Cc1cccc(-c2ccc(-c3cc(C#N)c(-c4cccc(C#N)n4)cc3OC(=O)c3ccncc3)cc2)n1,25.92
N#Cc1cccc(-c2ncc(-c3nc(C#N)nc4ccccc34)nc2C#N)n1,17.12
N#CC(C#N)=c1ccc(=C(C#N)c2nc3cc(-c4cnc(C#N)cn4)ccc3n2Cc2ccc(-c3ccccc3-c3cc[nH]c(=N)n3)cc2)cc1,21.5
N#CC=Cc1ccc(-c2ccc(-c3ccc(C#N)cn3)cc2)c(-c2ccc(C#N)cc2)n1,14.14
N#Cc1ccc(-c2ccc(-c3nc(-c4cncc(C#N)c4)nc(-c4nc(C#N)c[nH]c4=N)n3)cc2C#N)cc1,17.56
N#Cc1ccc(-c2cc(-n3cc(C#N)c(-c4ccc(-c5ccc(C#N)cc5C#N)cc4)n3)ccc2C#N)cc1,13.56
Cc1ncnc(-c2ccc(C#N)cc2)c1C#Cc1ccc(-c2cncc(C#N)n2)cc1,13.04
N#Cc1ccc(C=C2CCCCC(=Cc3ccc(C#N)cc3)C2=O)cc1,20.02
N#CC(=Cc1ccc(-c2cccc(C#N)c2)cc1)c1nc(C(C#N)=c2ccc(=C(C#N)C#N)cc2)nc(C(C#N)=c2ccc(=C(C#N)C#N)cc2)n1,10.25
N#Cc1ccc(-c2cc3c(ncn3CC(=O)O)c(C#N)n2)cc1,15.86
Cc1cc(C#N)ccc1-c1nc(Nc2ccc(C#N)cc2)cc(-c2nccc(-c3ccc(C#N)nc3)n2)c1C#N,15.53
N#Cc1ccc(OCC#Cc2ccc(-c3ccc(-c4ccc(-c5cccc(C#N)n5)c(C#N)n4)cc3C#N)cn2)cc1,25.41
Cc1nc(Nc2ccc3c(c2)nc(Cc2ccc(C#N)cc2)n3C)c(C#N)c(C)c1C#N,20.62
N#Cc1ccc2c(c1)CCc1cc(Nc3cc(Nc4ccc(C#N)c(C#N)c4)ncn3)ccc1C2=O,14.67
Cn1nnc(-c2ccc(-c3cc(-c4c(F)c(F)c(C#N)c(F)c4F)nc(-c4ccc(C#N)nc4)n3)cc2)n1,23.95
N#Cc1cnc(-c2cccc(-c3ccc4c(C#N)nc(-c5ccc(-c6ccnc(C#N)n6)cc5)nc4c3)c2)nc1,26.6
N#Cc1ccc(-c2ccc(-c3cnc(C#N)cn3)cc2C#N)cn1,13.47
N#Cc1ccc(-c2cc(C#N)nc(-c3cn(-c4ccc(-c5ccc(C#N)cn5)cc4)nc3-c3ccc(C#N)cc3)n2)cc1,14.44
CCc1noc(-c2ccc(Nc3ncc(-c4ccc(C#N)cc4)cc3-c3cnc(C#N)c(C#N)n3)cc2)n1,19.26
N#Cc1ccc(-c2cc(C#N)nc(-c3nc(-c4cccnc4)nc(-c4ccc(C#N)nc4)n3)c2C#N)cc1,15.41
N#Cc1cccc(-c2nc(-c3ccc(C#N)nc3)nc(-c3c(F)c(F)c(C#N)c(F)c3F)n2)c1,14.95
N#CC(C#N)=c1ccc(=C(C#N)c2nc(C(=N)N)nc(-c3ccc(C#N)nc3)n2)cc1,15.44
N#Cc1cccc(-c2ccc(-c3nc(Cl)nc(Cl)n3)cc2)c1,12.06
N#Cc1ccc(-c2nc(-c3cnc(-c4ccc(C#N)nc4)c(C#N)n3)sc2-c2ccc(C#N)cn2)cc1,16.66
C#Cc1ccc2c(-c3nc(-c4ccc(C#N)nc4)nc(-c4ccc(C#N)c5ccccc45)n3)ccc(-c3cccc(C#N)n3)c2c1,23.87
N#Cc1ccc(-c2c(C#N)nc(-c3ccc(C#N)c(Cl)n3)nc2-c2cccc(C#N)n2)cc1,18.12
N#Cc1ccc(C(=NN=Cc2ccc(-c3cnc(-c4ccc(C#N)cc4)c(C#N)n3)cc2)c2ccncc2)cc1,21.1
COc1nc(N2CCC(Cn3cnc4c(C#N)nc(-c5ccc(-c6ccc(C#N)nc6)nc5)cc43)CC2)ncc1C#N,23.05
Cc1cc(C#N)c(Cl)cc1-c1nc(CCO)nc(-c2ccc(F)c(-c3ccc(C#N)c(C#N)c3)n2)c1C#N,18.32
N#Cc1ccc(-c2ccc(-c3c(C#N)nc(-c4ccc(C#N)cc4)n3CCOc3ccc(-c4cccc(C#N)n4)cc3)cc2)cc1,22.78
Cc1cc(=O)[nH]c(SCc2nnc(-c3ccc(Cl)cc3)o2)n1,22.9
N#Cc1ccc(-c2ccnc(-c3nc(-c4ccc(C#N)nc4)nc(-c4ccc(C#N)c5ccccc45)n3)c2)nc1,16.44
N#Cc1ccc(-c2c(C#N)c(-c3ccc(C#N)nc3)nc(C#N)c2C(=O)O)cc1,20.37
N#Cc1ccc(-c2cc(Nc3ccc4c(c3)CCc3cc(Nc5ccc(F)cc5F)ccc3C4=O)nc(-c3ccncc3)c2)cn1,19.78
N#Cc1ccc(-c2cc(C#N)ccc2C#CC#Cc2ccc(-c3cccc(C#N)n3)c(C#N)n2)cc1,19.03
Cc1nc(C#N)cn1-c1ccc(-c2cc3cc(-c4ccncc4)nc(C#N)c3cc2-c2nc(C#N)cn2C)cc1,33.31
N#Cc1ccc(-c2cc(-c3ccc(C#N)nc3)cc(-c3nc(N)c(C#N)nc3-c3ccc(C#N)cn3)c2)cc1,18.49
N#CC(=C1C(=O)C(C=O)=C(O)C(C=O)=C1O)c1ccc(C#N)cc1,9.47
N#Cc1ccc(-c2cc(-c3ccnc(-c4ccc(C#N)nc4)c3)nc(-c3nc(C4CC4)nc(-c4ccccc4C(F)(F)F)c3C#N)n2)nc1,15.5
N#Cc1ccc(-c2ccc3cc(-c4cccc(-c5ccncc5)c4)cc(-c4ccc(C#N)cc4)c3c2)cc1,19.14
N#Cc1ccc(-c2cc(-c3nc(-c4cccc(C#N)c4)cc(-c4ccc(C#N)cn4)n3)ccc2C#N)cc1,18.22
N#Cc1cc(C#N)cc(-c2cc3c(ncn3Cc3ccc(-c4ccccc4C#N)cc3)c(C#N)n2)c1,12.5
N#Cc1ccc(C=Cc2nc3ccccc3c(=O)n2-c2cc(-c3ccc(-c4ccc(C#N)cn4)cc3)cc(-c3cccc(C#N)n3)c2)cc1,18.1
N#CC(=Cc1ccc(C#N)cc1)c1ccc(-c2ccc(C#N)cc2)cn1,11.02
N#CCn1cnc2c(C#N)nc(-c3ccc(C#N)cc3-c3cnc(C#N)cn3)nc21,16.61
N#Cc1ccc(-c2ccc(-c3ccc(C#Cc4nc5ccc(C(F)(F)F)cc5[nH]4)cc3)nc2C#N)cc1,23.82
Cc1nc(Cc2ccc(C#N)cc2)nc(-c2nc(-c3ccc(C#N)nc3)nc(-c3cccc(-c4ccc(C#N)cn4)c3C#N)n2)n1,23.11
CN1CC(Cn2cnc3c(C#N)nc(-c4cccc(C#N)c4)cc32)CC1CO,15.97
N#Cc1ccc(-c2cc3c(ncn3CC3CC3)c(C#N)n2)cn1,10.46
N#Cc1ccc(-c2cc(C(F)(F)F)n(-c3ccnc(C#N)n3)n2)cc1,14.53
N#Cc1ccc(-c2ccc(Cn3cnc4c(C#N)nc(-c5ccc(-c6cnc(C#N)nc6)cc5)cc43)cn2)nc1,12.23
N#CC(C#N)=C1C(=Cc2ccc(C#N)cc2)C(=O)C(c2ccc(C#N)cc2)C(C=O)=C1O,10.88
N#Cc1ccc(-c2ccc(-c3nc(-c4cccc(C#N)n4)nc(-c4ccc(F)c(C#N)c4F)n3)cn2)cc1,16.68
N#Cc1cnc2c(c1)CCN(c1cc(-c3nc(-c4cncc(C#N)n4)n4c3C=NC=NC=NC3=CC3=C4)ccc1C#N)C2,28.29
N#Cc1ccc(-c2cc(-c3ccc(Cl)c(C#N)c3)cc(-c3cccc(C#N)n3)c2)nc1,21.57
N#Cc1ccc2c(-c3ccc(-c4ccc(-c5nccc(C#N)n5)cc4)cc3)nc(C#N)nc2c1,20.98
Cc1nc(C)n(-c2ccc(-c3cc(-c4ccc(C#N)nc4)cc(-c4ccc(-c5cccc(C#N)n5)cn4)c3)cc2)n1,22.76
COc1cccc(-c2nc(OCC(=O)O)c(-c3ccc(Oc4ccc(C#N)cc4)cc3)nc2C#N)c1OC,26.59
N#Cc1ccc(-c2cccc(-c3ncnc(-c4ccc(-c5ccc(C#N)nc5)c(C#N)c4)n3)c2C#N)c(C#N)c1,13.46
N#Cc1ccc(-c2nc(-c3ccc(-c4cccc(C#N)c4)cc3)cc(-c3cc(F)ccc3C#N)n2)nc1,17.82
N#Cc1ccc(C#Cc2ccc(-c3cnc(C#N)nc3)cc2C#Cc2ccc(C#N)cc2C#Cc2ccc(C#N)cc2)cc1,19.85
Cn1cc(-c2ccc(-c3cc4c(ncn4Cc4cc5cc(C#N)ncc5cn4)c(C#N)n3)cc2)cn1,17.63
N#CC=Cc1cc(-c2ccc(C#N)nc2)nc(-c2ccc(-c3ccc(C#N)cc3)c(C#N)c2)n1,12.62
O=CN1N=Cc2nc3ccccc3nc2N1,29.6
N#Cc1cccc(-c2ccc(-c3cnc(-c4cccc(-c5nccc(C#N)n5)c4)cn3)nc2C#N)n1,13.41
N#Cc1ccc(-c2cc(-c3ccc(C#N)cn3)cc(N)c2C#N)cc1,9.67
CCCCc1nc2ccc(-c3nc(-c4ccc(C#N)cc4)cs3)cc2n1Cc1ccc(-c2ccccc2-c2nn[nH]n2)cc1,21.94
N#Cc1cccc(Nc2ccc(-c3nc(-c4ccc(C#N)nc4)nc(-c4ccc(C#N)cc4C#N)n3)cc2)c1,20.58
N#Cc1ccc(-c2nnnc(-c3ccc(-c4ccc(C#N)nc4)c(C#N)c3)n2)cn1,20.25
N#Cc1ccc(-c2ncc(-c3ccc(-n4c5ccccc5c5ccccc54)cc3)nc2C#N)s1,21.97
COc1cc(C#N)ccc1-c1cc(-c2cccc(C#N)n2)cc(-c2cccc(C#N)n2)n1,15.98
COc1cc(-c2nc(C#N)ccc2-c2ccc(C#N)cc2)ccc1-c1cc(C)nc(C#N)n1,18.09
N#Cc1ccc(-c2cccc(-n3c(-c4ccc(C#N)cc4)nc(-c4ccc(C#N)cc4)c3-c3ccc(C#N)cc3)n2)cc1,19.02
N#Cc1ccc(-c2nc(C#N)c(C#N)nc2-c2ccc(-c3cc(C#N)cc(-c4cnc(C#N)nc4)c3)nc2)cc1,12.23
N#Cc1ccc(-c2nc(-c3cnc(OC4CCC(C(=O)O)CC4)c(C#N)c3)nc(-c3ncc(C#N)c(NCCN4CCOC4=O)n3)n2)cc1-c1ccccc1,26.41
N#Cc1ccc(-c2nc(-c3cc(-c4ccc(C#N)nc4)cc(-c4ccc(C#CCO)nc4)n3)ncc2C#N)cc1,20.07
CN(C)c1nc(-c2cncc(C#N)c2)cc(-c2nc(C#N)c[nH]2)n1,17.89
N#CC(=Cc1ccc(-c2ccc(C#N)cc2)cc1)c1nc(-c2ccc(C#N)cc2)cs1,12.55
N#Cc1ccc(-c2cc(-c3ccc(-c4cccc(C#N)n4)c(C#N)n3)ccn2)cn1,9.42
Cc1cc(C#N)ccc1NN=C(C#N)C(=O)Nc1cnc(-c2ccc(-c3ccc(C#N)cc3)cc2F)c(-c2ccc(C#N)cc2)c1C#N,31.68
C#CCn1c(C(=O)O)c(C#N)c2ccccc21,25.81
Cc1nc(C#N)ccc1-c1nc(C#N)cc(-c2nc(-c3ccc(C#N)cc3)cc(-c3ncccc3C#N)n2)c1C#N,24.56
N#Cc1cc(C#N)cc(-c2ccc3c(-c4ccc(C#N)c(C#N)c4)nc(C#N)nc3c2)c1,20.39
N#Cc1ccc(-c2cc(-c3ccc(O)c(C(=O)c4ccc(F)cc4)c3)nc(-c3ccc(C#N)nc3)n2)cc1,24.07
N#Cc1ccc(-c2cc(-c3cnc(C#N)c(C#N)n3)cc(-c3ccc(C#N)cc3C#N)c2)nc1,15.73
N#Cc1ccc(Cn2cncc2-c2ccc(-c3ccc(S(N)(=O)=O)cc3)cc2)cc1,23.31
N#Cc1ccc(NC(=O)c2cnc(N3CCn4cc(C#N)nc4C3)c(-c3cncc(F)c3)c2)cc1,24.5
CC(C)(C)C(N)Cn1cnc2c(C#N)nc(-c3ccc(C#N)c(C#N)c3)cc21,23.02
N#Cc1ccc(-c2nc(-c3ccc(C#N)nc3)nc(-c3nc(C#N)cnc3C#N)n2)cn1,14.37
N#Cc1ccc(C(=O)c2ccc(N)c(-c3cccc(C#N)n3)c2)cc1,15.99
N#Cc1cc(-c2nc(-c3cnc(C#N)nc3)cc(-c3ccc(-c4ccc(C#N)nc4)c(C#N)c3)n2)c(C#N)c(-c2ccc(C#N)o2)c1,18.04
N#Cc1ccc(-c2cc(-c3ccccc3C#N)nc(-c3ccc(-n4nccn4)cc3)n2)cn1,12.99
N#Cc1cccc(-c2cc(-c3nccc4ccccc34)nc(-c3ccc(C#N)c4ccccc34)n2)n1,12.68
N#Cc1cc(C#N)nc(-c2ccc(-c3cnc(N)c(N)c3)cc2)n1,15.99
N#Cc1ncc(-c2ccc(-c3c(C#N)c(C#N)[nH]c(=NC4CCCC4)c3C#N)cc2)cn1,23.76
Cc1cc(-c2ccc(-c3nc(C#N)c(-c4ccc(C#N)cc4)c(N4CCCCC4)n3)cc2)cc(C)n1,18.31
N#Cc1ccc(-c2nc(C#N)nc(-c3cc(C#N)cc(-c4ccc(C#N)cc4C#N)c3C#N)n2)cc1,17.65
N#Cc1ccc(-c2cnc(-c3ccc(C#N)nn3)c3cc(-c4ccc(N5CCOCC5)nc4)ccc23)nc1,26.77
N#Cc1ccc(Cn2cnc3c(C#N)nc(-c4ccc(-c5cnc(C#N)nc5)nc4)nc32)cn1,12.95
Cc1c2c([nH]c(=N)c1C#N)OC(=N)C(C#N)C2c1ccc(-c2ccc(C#N)cc2)cc1,25.29
CN1CCN(c2ccc(-c3cc4c(ncn4Cc4cc5ccc(-c6cnc(C#N)c(C#N)n6)nc5cc4F)c(C#N)n3)cc2)CC1,24.86
N#CC(c1ccccn1)=c1ccc(=C(c2ccc(C#N)cc2)c2ccc(C#N)cc2)n2cccc12,15.22
N#Cc1ccc(-c2cc(-c3ccncc3)c(-c3ccc(-c4cncc(C#N)c4)cc3)nn2)nc1,14.51
C=Cc1cn(-c2ccc(-c3cccc(C#N)c3)cc2)c(-c2ccc(C#N)nc2)c1C#N,16.93
N#Cc1cccc(-c2ccc(-c3cc(-c4nc(C#N)ncc4C#N)ccn3)cn2)c1,13.17
Cc1cc(-c2ncc(C#N)c(-n3cccn3)n2)nc(-c2nc(N3CC(c4ccccc4)C3)nc(-c3ccc(C#N)cc3C)c2C#N)n1,24.31
N#Cc1ccc(C#Cc2cc(C#N)ccc2-c2ccc(-c3cncc(C#N)n3)cc2)nc1,14.81
N#Cc1ccc(-c2ccc(-c3ccc(C#N)nc3-c3cnc(C#N)c(C#N)n3)nc2)nc1,10.41
COc1ccc(-c2cc(-c3ccc(C#N)cc3)cc(-c3ccc(C#N)nc3)n2)cc1OC,17.38
Cn1nc(-c2ccc(C#N)nc2)cc1-c1cc(-c2ccccc2C#N)nc(-c2ccc(C#N)nc2)n1,16.99
COc1cc(Nc2nc(-c3ccc(-c4ccccc4C#N)c(C#N)c3)ncc2C#N)ccc1-n1cnc(C)c1,26.39
N#Cc1ccc(-c2cc(-c3ccc(-c4ncncn4)cc3)nc(-c3ccc(C#N)nc3)n2)cc1,11.21
CCCc1noc(-c2cnc(N=Cc3ccc(C#N)cc3)c(-c3cncc(Nc4ccc(-c5cncc(C#N)n5)cc4)c3)c2)n1,33.82
N#Cc1ccc(-c2ccc3c(C#N)nc(-c4cccc(C#N)c4)c(O)c3n2)cc1,13.47
N#Cc1ccc(-c2nc(-c3cc(-c4ccncc4)cc(-c4cccc(C#N)n4)c3)cnc2-c2ccc(-c3ccc(C#N)cn3)cc2)cc1,17.74
Cc1nc2ccc(NCCn3cnc4c(C#N)nc(-c5ccc(-c6ccc(C#N)nc6)cc5)cc43)cc2n1-c1ccc(C#N)cc1,22.34
Cn1cc(-c2cnc3[nH]c(C#N)nc(=Nc4ccc(C#N)cc4)c3c2)cn1,24.04
N#Cc1ccc(-c2cc(-c3ccncc3)cc(-c3ccc(-c4cccc(C#N)n4)cc3)n2)cn1,9.72
N#Cc1ccc(OC(=O)c2ccc(C#N)c(-c3ccc(C#N)nc3)c2)cc1,17.72
Cc1nc(-c2ccc(Cn3cc(C#N)c4c(C#N)nc(-c5ccc(-c6ccc(C#N)nc6)cc5)nc43)cc2)ncc1C#N,20.67
N#Cc1ccc(-c2cncc(-c3ccnc(-c4cnc(C#N)nc4)n3)c2C#N)cc1,20.55
N#Cc1cccc(-c2cc3c(ncn3CC3CCC(O)CC3)c(C#N)n2)c1,12.8
N#Cc1ccc(-c2cc(-c3cc(C#N)ccn3)nc(-c3ccc(C#N)c(F)c3F)n2)cc1,17.5
CC(C)(C)c1nc2ccccc2n1-c1nc(-c2cccc(C#N)n2)cc(N2CCOCC2)n1,21.46
Cc1cc(Nc2ccc(Oc3ccccc3)cc2)cc(=Nc2ccc(-c3cccc(C#N)n3)cn2)[nH]1,14.88
N#Cc1ccc(-c2ncc(C#N)nc2-c2ccnc(-c3ccc(C#N)cc3C#N)c2)cc1,18.46
N#Cc1ccc2c(c1)CN(CCn1cc(Cn3cnc4c(C#N)nc(-c5ccc(-c6cnc(C#N)nc6)cc5)cc43)nn1)CC2,18.34
N#Cc1ccc(-c2ccc(-c3cc4c(ncn4CCNC(=O)Nc4ccc(C#N)c(-c5cncnc5)c4)c(C#N)n3)cc2)nc1,22.62
N#Cc1nc(C#Cc2ccccc2)c(C#CCCO)nc1N,19.65
N#Cc1ccc(-c2cnc(-c3ccc(-c4cccc(C#N)n4)cc3)c(C#N)c2)nc1,15.01
N#Cc1ccc(-c2nc(-c3ccc(-c4ccc(C#N)cn4)c(C#N)c3)nc(-c3ccc(C#N)c(-c4ccccc4C#N)n3)n2)cc1,18.06
COc1cc(C=C(C#N)c2cc(-c3ccc(Cl)cc3)nc(C(C#N)=c3ccc(=C(C#N)C#N)cc3)n2)ccc1-n1cnc(C)c1,21.56
N#Cc1ccc(COc2ccc(-c3nc(-c4ccc(-c5ccc(C#N)cc5)cc4)nc(-c4ccc(C#N)nc4)n3)cc2C#N)cc1,17.26
Cc1nc(C#N)ccc1-c1nc(-c2ccc(C#N)nc2)cc(-c2nc(C)c(C#N)c(-c3ccc(-c4ccc(C#N)nc4)nc3)n2)c1C#N,27.4
COc1ccc(-c2cc(-c3ccc(-n4ccccc4=O)c(C#N)c3)nc(-c3nccs3)c2)cn1,32.78
N#Cc1cc(-c2ccncc2F)nc(-n2c(C(F)(F)F)nc3ccccc32)n1,18.73
N#Cc1ccc(-c2cc(C#N)c(-c3ccc(C#N)nc3)nc2-c2ccc(C#N)cn2)nc1,10.51
N#Cc1cccc(-c2ccc(OCCn3cnc(C#N)n3)cc2)n1,22.04
N#Cc1ccc(-c2cc(C#Cc3cnc(C#N)c(C#N)n3)nc3ccccc23)cc1,22.97
COc1cccc(-c2nnc(-c3ccc(-c4cccc(C#N)n4)cc3)c(-c3ccc(C#N)cc3)n2)c1F,15.91
N#Cc1ccc(-c2nc(-c3cnc(OC4CCC(C(N)=O)CC4)c(C#N)c3)nc(-c3cccc(C#N)n3)n2)cc1,14.9
N#Cc1ccc(-c2cc(C(O)(Cc3ccc(C#N)cn3)c3cccc(-c4ccc(C#N)nc4)n3)ccc2C#N)cc1,30.77
N#Cc1ccc(-c2ccc(-c3nc(CF)nc(C#N)c3-c3ccc(-c4cccc(C#N)c4)cc3)cc2)cc1,16.45
CN1CCC(O)(c2nnc(-c3ccc(-c4cccc(C#N)c4)cc3)[nH]2)CC1,19.14
N#Cc1ccc(Nc2ccc(C#Cc3ccc(N)c(C#N)n3)cc2)cc1,17.22
N#Cc1ccc(-c2cc(-c3ccc(C#N)cc3)nc(-c3ccc(-c4cccc(C#N)c4)cc3)n2)cc1,21.77
CC(=O)Nc1ccc(CC(=O)Nc2cccc(-c3cc4c(=NCc5nc(C#N)c[nH]5)[nH]cnc4c(C#N)n3)c2)cc1,33.45
N#Cc1cnc(-c2ccc(-c3cc4c(ccn4-c4ccc(C#N)c(N=c5cc[nH]c(C#N)n5)c4)c(C#N)n3)cc2)cn1,19.94
N#CC=Cc1cc(-c2ccc(C#N)cc2)cc(-[n+]2ccc(-c3ccc(C#N)cc3)cc2)n1,12.6
N#Cc1cccc(-c2ccc(C#Cc3ccc(-c4cnc(-c5ccc(C#N)nc5)c(C#N)n4)cc3)nc2)c1,20.34
N#CC(C#N)=Cc1cc(-c2ccc(C#N)cc2)cc(-c2cccc(C#N)n2)c1,17.22
Cc1cc(C#N)c(C#N)cc1-c1nccc(-c2ccnc(-c3cncc4ccc(-c5cccc(C#N)n5)cc34)n2)c1C#N,17.98
N#Cc1ccc2c(c1)-c1cc(Nc3nc(-c4ccncn4)cnc3C#N)ccc1CCc1cc(-c3cccc(C#N)n3)ccc1-2,19.96
Cn1cnc2c(C#N)nc(-c3ccc(C#N)c(-c4ccccc4C#N)c3)cc21,18.08
N#Cc1ccc(-c2ccc(-c3cc(C#N)nc(-c4ccc(-c5ncncn5)cc4)c3)cn2)nc1,15.86
N#Cc1c[nH]c(-c2ccc(-c3ccc(-c4ccncc4C#N)cc3)cn2)n1,20.66
COc1ccc(-c2ccc(CN3CC(=Cc4ccc(C#N)cc4)C(=O)C(=Cc4ccc(C#N)cc4)C3)cc2)cc1C#N,22.49
N#Cc1ccc(-c2ccc(C#N)nc2-c2cc(-c3ccc(C#N)nc3)nc(-n3ccnc3)c2)cc1,19.69
CC(C)(O)Cn1cnc2c(C#N)nc(-c3ccc(C#N)cc3)nc21,16.19
N#Cc1ccc(-c2cc(-c3ncc(C#N)c(-c4ccc(C#N)c(C#N)n4)n3)nc(-c3nccc(-c4ccc(C#N)nc4)c3C#N)n2)cn1,18.47
CN(C)c1nc(-c2ccc(C#N)cn2)cnc1C#N,13.21
N#Cc1ccc(-c2cc(C#N)nc(-c3ccc(-c4cccc(C#N)n4)cn3)c2)cn1,10.54
N#Cc1ccc(-c2cc(-c3ccc(-c4nccc(C#N)n4)cc3)cc(-c3ccc(C#N)cn3)c2)cc1,10.09
COc1nc(-c2ccc(OC3CCN(C)CC3)c(C#N)c2)nc(-c2nccc(Cc3cc(C#N)cc(-c4ccc(C#N)cn4)c3)n2)n1,23.19
Cn1cc(-c2ccc(C#N)cc2C#N)cc1C#Cc1ccc(C#N)c(-c2ccc(C#N)cn2)c1,17.42
N#Cc1ccc(-c2ccc(-c3nnc(C(=O)Oc4ccc(-c5cc(F)c(F)cc5F)cc4)nc3-c3ccc(C#N)cc3)cc2)cc1,24.27
N#Cc1ccc(-c2c(C#N)nc(Cl)nc2-c2ccc(N)c(C#N)c2)cc1,13.58
N#Cc1ccc(-c2cc(-c3ccccc3C#N)nc(-c3ccc(-n4ccnc4)cc3)n2)cn1,14.6
Cc1nc(-c2ccc(F)c(F)c2)cc(=Nc2cc(-n3ccnc3-c3ccc(F)cc3)ncn2)[nH]1,22.28
N#Cc1ccc(-c2nc(-c3cccc(C#N)n3)nc(-c3ccc(C#N)nc3)c2C#N)cc1,10.14
N#Cc1ccc(-c2cc(-c3ccc(-c4ncc(C#N)cn4)cn3)cnc2-c2ccc(C#N)nc2)cc1,17.41
N#Cc1ccc(-c2cc(C#N)[n+](-c3ccc(C#N)cc3)c(-c3ccc(C#N)cc3)c2)cc1,20.38
N#Cc1ccc(-c2ccc(-c3nc(-c4cccc(-c5ccc(C#N)cc5C#N)c4C#N)nc(N4CCCC4CO)n3)cn2)nc1,20.09
N#Cc1ccc(CNc2cnc(-c3ccc(-c4cccc(C(F)(F)F)c4)cc3)nc2C#N)cc1,20.91
N#Cc1ccc(C#Cc2ccc(-c3ccc(C#N)cc3-c3cncc(C#N)n3)cn2)nc1,13.54
Cc1nc(-c2ccc(C#N)nc2)c(C#N)cc1-c1cc(-c2ccc(C#N)nc2)nc(C#N)n1,11.83
CC(=NO)c1nc(-c2ccc(C#N)cc2)cc(-c2cccc(NC(=O)c3cnc4ccc(-c5ccc(C#N)cn5)cn34)c2)n1,27.18
N#Cc1ccc(-c2ccc(-c3cc4c(ncn4CC4CC4)c(C#N)n3)cc2)cn1,11.42
N#Cc1ccc(-c2ccc(-c3ncnc(-c4ccc(C#N)nc4)n3)cc2C#N)cc1,9.37
N#Cc1ccc(-c2cc(-c3ccc(-c4ccc(C#N)nc4F)c(C#N)c3)nc(C#N)n2)cn1,15.55
N#Cc1ccc(-c2ccc(-c3nc(C#N)cn3-c3ccc(-c4ccc(C#N)cn4)cc3)cc2)cc1,14.22
CC1(O)c2cc(-c3cncc(C#N)n3)ccc2-c2cc(-c3ccncc3)cc(C#N)c21,20.32
N#CC(C#N)=c1ccc(=C(C#N)c2nc(C(N)=O)nc(C(C#N)c3cc(C(=O)c4ccc(C#N)cc4)ncn3)n2)cc1,30.27
N#Cc1ncc(-c2ccc(-c3cc4c(ncn4CC4CCC(O)CC4)c(C#N)n3)cc2)cn1,11.74
N#Cc1ccc(-c2ncnc(-c3nc(C#N)c[nH]c3=N)n2)cn1,13.38
N#Cc1ccc(-c2cc(-c3ccc(C#N)nc3)cc(-c3ccc(-c4ccncc4)cc3)n2)cc1,15.73
N#Cc1ccc(-c2cc(-c3ccc(C#N)cn3)c(C#N)c(=N)[nH]2)cc1,16.03
N#Cc1ccc(-c2ccc(N(c3ccc(C#N)cc3)c3ccc(NC=C4C(=O)C(C=O)=C(O)C(C=O)=C4O)cc3)cc2)cc1,13.3
N#Cc1ccc(Oc2ncc(-c3ccc(C#N)cc3)cc2C#N)cc1,12.23
N#Cc1cccc(-c2cc(C#N)nc(-c3cc(-c4cnc(C#N)nc4)nc(C#N)n3)c2)n1,16.32
N#Cc1ccc(-c2nc(-c3ccc(C#N)c(-c4ccc(C#N)cc4)c3)cc(-c3ccc(C#N)cn3)n2)cc1,14.73
C#CCOc1ccc(-c2ccc(NCc3ccc(-c4ccc(C#N)cc4)c(-c4ccc(-c5ccc(C#N)cc5)cc4)n3)cc2)cc1C#N,21.57
CC=CC1=C(OC)C(CC#N)=C(c2ccc(C#N)c(C#N)c2)C(=O)C1,35.54
Cc1cc(C=C(C#N)c2nnc(N)c(C#N)n2)c(C)n1-c1ccc(C#N)cc1,16.48
N#Cc1ccc(-c2cc(-c3cccc(C#N)n3)nc(-c3ccc(C#N)c(-c4ccccc4)c3)n2)nc1,14.6
O=C1Nc2cccnc2N(C(=O)CCCCCCN2CCN(c3ccccc3F)CC2)c2ccccc21,31.25
N#Cc1ccc(-c2ccc(-c3nc(C(=O)Nc4ccccc4C#N)cnc3-c3ccc(-c4cccc(C#N)c4)cc3)cc2)nc1,18.22
N#Cc1ccc(-c2ccc(-c3nc(-c4ccc(C#N)nc4)nc(-c4ccnc(C#N)c4)n3)cn2)cc1,16.08
N#Cc1ccc(-c2ccc(O)c(-c3cc(-c4ccncc4)nc(-c4ccc(C#N)nc4)n3)c2)cc1,17.47
CC(=O)c1cccc(Cn2cnc3c(C#N)nc(-c4ccc(-c5ccc(C#N)cn5)cc4)cc32)n1,15.58
N#Cc1ccc(-c2cc(-c3cn(Cc4ccc(C#N)nc4-c4ccc(C#N)cc4)cn3)ccc2-c2cccc(C#N)n2)cc1,26.69
CC1(C)CC(=O)c2c(c(C#N)c(N)c(C#N)c2-c2ccc(Br)cc2)C1,18.18
N#Cc1ccc(-c2cc(-c3cccc(C#N)n3)cc(C#N)n2)nc1,9.81
N#Cc1cc(-c2cc(C#N)[nH]c(=Nc3ccc(C#N)c(C#N)c3)c2)cc(-c2cnc(C#N)c(C#N)n2)c1,18.24
CC1(C)Oc2ccc(C#N)cc2C(N(c2ccc(-c3cnc(C#N)c(C#N)n3)cc2)c2ccc(C#N)c(C#N)n2)C1O,25.88
N#Cc1cnc(-c2ccc(-c3nc(C#N)c(-c4ccc(C#N)nc4)nc3N)cc2)nc1,11.88
Cc1nc(C#N)ccc1-c1cc(-c2nc(-c3cccs3)cc(-c3ccc(C#N)cc3)c2C#N)nc(-c2ccc(C#N)cc2)n1,21.65
N#Cc1ccc(-c2ccc(-c3cc(-c4ccc(C#N)nc4)sc3C#N)cn2)nc1,17.12
Cc1cc(C#N)c(Cl)cc1-c1nc(N2CC(F)C(F)C2)nc(-c2ccnc(-c3ccc(C#N)nc3)n2)c1C#N,19.94
N#Cc1ccc(-c2ccc(-c3nc(COc4ccc(-c5cccc(C#N)n5)cc4)c(-c4ccc(C#N)nc4)nc3C#N)cc2C#N)cc1,16.03
N#Cc1cccc(-c2ccc(-c3nn(-c4ccc(F)cc4)c(NN)c3C#N)cc2)c1,18.57
N#Cc1ccc(-c2cc(=NCC3CCOCC3)c3cc(-c4cncc(C#N)c4)ccc3[nH]2)cc1,23.97
COc1ccc(-c2ccc(-c3cc(C#CC4(O)C(=O)N(C)c5ccccc54)nc(-c4ccc(C#N)cc4)n3)cc2OC)cc1,36.15
CN1CCc2c(cccc2-c2cc(-c3ccc(C#N)cc3)cc(-c3ccc(C#N)cc3)n2)C1=O,17.5
N#Cc1ccc(-c2cc(-c3ccc(C#N)nc3)cc(-c3ncc(C#N)cn3)c2)nc1,10.54
N#Cc1ccc(-c2nc(C#N)c3ncn(CC4CCCO4)c3n2)c(-c2cccc(C#N)n2)c1,15.65
N#Cc1ccc(-c2nc(-c3ccc(C#N)cn3)nnc2-c2ccc(-c3ccc(C#N)cn3)cc2)cc1,15.1
Cc1nc2cc(Cn3cnc4c(C#N)nc(-c5ccc(-c6ccc(C#N)cn6)cc5)cc43)cc(C#Cc3ccc(C#N)cc3)c2s1,20.23
N#Cc1ccc(-c2ccc(C#N)c(C#N)n2)c(C#N)c1,16.92
N#Cc1cccc(-c2nc(CNCc3ccccc3C#N)co2)c1,17.91
N#Cc1ccc(-c2cnc(Nc3nc(-c4ccc(C#N)nc4)c(Br)s3)nc2Nc2ccc(C#N)c(C#N)c2)cc1,14.98
CN1CCN(C=C(C#N)c2cc(-c3ccc(C#N)cc3)cc(-c3ccc(C#N)cc3)n2)CC1,17.96
Cc1ccc(C(O)=NO)c(C)c1,20.85
N#Cc1ccc(-c2nc(-c3ccc(-c4cccc(C#N)c4)cc3)cc(-c3cnc(-c4ccc(C#N)nc4)nc3)n2)nc1,17.33
Cn1nc(-c2ccc(C#N)nc2)nc1-c1cnc(N=Cc2ccc(-c3ccc(C#N)cc3)c(C#N)c2)nc1,14.87
Cc1cc(C#N)ncc1-c1cc(C(C#N)c2nc(-c3cnc(C#N)cn3)cs2)ccc1C#N,35.88
N#Cc1ccc(-c2ccc(C#Cc3cccc(C#N)n3)nc2)cn1,13.82
N#Cc1ccnc(CCC#Cc2ccc(-c3cc(-c4cnc(C#N)nc4)nc(-c4cccc(C#N)n4)c3)cc2)c1,28.74
Cc1ccc(-c2nc(C)cc(-c3nc(-c4ccc(C#N)nc4)cc(-c4cccc(C#N)c4)n3)c2C#N)c(C)c1,12.52
Cc1ccc(-c2nc(C3CC3)nc(-c3nc(-c4ccc(C#N)nc4)nc(-c4cccc(C#N)c4)n3)c2C#N)c(C)c1,14.6
N#Cc1cc2nc(-c3ccc(-c4cnc(C#N)nc4)cc3)nc(C#N)c2cn1,14.57
N#Cc1ccc(Nc2sc(C#CC=C3C(=O)C(=O)c4ccccc4C3=O)nc2C#N)cc1C#N,26.48
N#CC(=Cc1ccc(-c2ccc(C#N)cc2F)o1)c1nc2ccccc2c(=O)n1-c1ccc(-c2cccc(C#N)c2)c(C#N)c1,21.97
N#Cc1ccc(-c2ccc(-c3nnnc(-c4ccc(C#N)c(C#N)c4)n3)cc2C#N)cc1,18.29
N#Cc1ccc(-c2ccc(-c3ccc(-c4ccc(OCc5ncc(N)c(C#N)n5)cc4)cc3-c3ccc(C#N)cc3)cc2)cc1,18.1
N#Cc1nccc(-c2ccc3c(-c4ccncc4)c(-c4ccc(CN5CC6Cn7c(nc8ccccc87)C65)cc4)c(-c4ccccc4)nc3c2)n1,43.82
C=CCSc1nc(-c2ccc(C#N)nc2)cc(-c2cccc(C#N)n2)n1,20.53
Cn1nc(-c2ccc(C#N)cc2)nc1-c1cc(-c2ccc(C#N)cn2)cc(-c2ccc(C#N)cc2)c1C#N,13.65
N#Cc1cnc(-c2cc(-c3cccc(C#N)n3)cc(Br)c2C#N)cn1,20.34
N#Cc1ccc(C(=O)c2c(O)c(O)n(-c3ccc(-c4ccc(C#N)cc4)cc3)c2-c2ccccc2)cc1,14.7
N#Cc1ccc(-c2nc(-c3cnc(-c4ccc(C#N)nc4)c(C#N)c3)nc(C3CCCN3C(=O)c3cnc(-c4ccc(F)cn4)nc3C#N)n2)nc1,26.64
N#Cc1ccc(-c2nc(-c3ccc(C#N)c(-c4ccc(C#N)cc4)c3)nc(-c3cccc(-c4ccccc4CO)c3C#N)n2)cc1,22.26
COc1cc(OC)c(F)c(C(=O)c2cccc(-c3ccc(NC(=NC(C)C)Nc4ccc(C(C)(C)C)cc4)cc3)n2)c1F,36.86
N#Cc1ccc(-c2ccc(-c3ccc(-c4ccc(C#N)c(C#N)n4)c(C#N)n3)nc2)nc1,20.04
N#Cc1ccc(-c2nc(-c3ccc(C#N)c(-c4ccccc4C#N)n3)nc(N3CCOCC3)n2)nc1,15.91
N#CC(C#N)=c1ccc(=C(C#N)c2nc(-c3ccc(C#N)nc3)cc(-c3ccccc3C#N)n2)cc1,11.96
N#Cc1ccc(-c2cc(-c3ccc(C#N)cc3)c(C#N)c(-c3cccc(-c4cnc(C#N)nc4)n3)n2)cc1,16.73
N#Cc1nccc(-c2cc(-c3ccncn3)cc(-c3ccccc3C#N)c2)n1,17.95
N#Cc1cc[nH]c(=Nc2cc(-c3ccc(C#N)nc3)cc(-c3ccc(-c4ccccc4C#N)c(C#N)n3)n2)c1,17.79
N#Cc1ccc(-c2ccc(C#Cc3nc(-c4ccc(F)cc4)nc(-c4nc(C#N)nc(-c5ccc(C(N)=O)cc5C(F)(F)F)c4C#N)n3)nc2)cc1,26.75
N#Cc1ccc(-c2nc(C#N)c3cc(Nc4ccc(C#N)cc4C(=O)O)ccc3n2)cc1,19.58
N#Cc1ccc(-c2nc(C#N)c(C#N)c(-c3ccc(C#N)nc3)n2)cn1,11.29
N#CC(C#N)=c1ccc(=C(C#N)c2nc(C(C#N)=c3ccc(=C(C#N)c4cccc(C=O)n4)cn3)[nH]c(=N)n2)cc1,24.5
N#Cc1ccc(NN=Cc2ccc(-c3ccc(C#N)cc3)nc2-c2ccc(C#N)cc2)cc1,15.56
N#Cc1ccc(Nc2nc(-c3ccc(C#N)nc3)cc(-c3ccc(C#N)cc3)c2C#N)cc1,12.45
CC(C)CC(NC(=O)OCc1ccc(Br)cc1Cl)C(=O)c1nc2ccccc2[nH]1,36.71
N#Cc1ccc(-c2cc(-c3ccc(C#N)nc3)nc(-c3cccc(-c4nc(Cl)nc(Cl)n4)c3)c2C#N)cc1,14.34
N#Cc1ccc(-c2ccc(-c3nc(C#N)cc(C#N)n3)cc2C#N)cn1,12.53
COc1ncc(-c2cc(-c3ccc(-c4ccc(C#N)cn4)s3)nc(-c3ccc(C#N)cc3C)n2)cc1C#N,22.69
N#Cc1cc(-c2ccc(C#N)nc2)cc(-c2cnc(C#N)c(C#N)n2)c1,12.29
Cc1ccccc1-c1nc(-c2cnc(C#N)cn2)cc(-c2nc(-c3cnc(C#N)nc3)cc(-c3cccc(C#N)n3)n2)c1C#N,24.23
N#Cc1ccc(-c2nc(-c3ccc(-c4ccc(C#N)nc4)cc3)cc(-c3ccc(C#N)nc3)c2C#N)cc1,18.09
Cc1c(C#N)cc(-c2ccc(C#N)c3ccccc23)nc1-c1cccc2ccccc12,16.73
N#Cc1ccc(-c2cc3nc(N=Cc4c(O)c(C=O)c(O)c(C=O)c4O)nc(C#N)c3cc2Cl)cn1,21.7
N#Cc1cncc(-c2ccc(N=c3nc(-c4cnc(N5CCC(O)C5)c(C#N)c4)cc[nH]3)nc2)n1,16.48
N#Cc1ccc(Nc2cc(-c3ccc(C#N)nc3)cc(-c3cccc(C#N)n3)n2)cc1,14.19
N#CCn1cnc2c(C#N)nc(-c3ccc(-c4ccc(C#N)nc4)cc3)cc21,11.58
N#Cc1ccc(-c2cc(-c3ccc(-c4cccc(C#N)n4)cn3)nc(-c3cccc4ccccc34)n2)cc1,14.7
N#Cc1ccc(-c2ccc(-c3nc(-c4cnc(C#N)nc4)no3)cc2C#N)cc1,15.11
N#Cc1cncc(-c2cc(C#N)ccc2C#Cc2cncc(C#N)n2)c1,11.2
N#Cc1ccc(-c2nc(C#N)c(-c3cccc(-c4ccc(-c5ccc(C#N)cn5)cc4)c3)c(C#N)c2C#N)cc1,19.86
Cc1cc(C#N)c(Cl)cc1-c1c(C#N)c(-c2nc(-c3ccc(F)c(C#N)c3)nc(-c3ccc(OC4CCN(C)CC4)c(C#N)c3)n2)c2ccccn12,20.03
N#Cc1ccc(C#Cc2ccc(-c3nc(C#N)nc4ccc(-c5ccc(-c6cncc(C#N)c6)c(C#N)n5)nc34)cc2)cc1,29.33
N#Cc1ccc(-c2nc(C#N)c(N)nc2-c2cc(-c3ccc(C#N)cn3)cc(-c3c(F)c(F)c(F)c(F)c3F)c2)cc1,23.56
Cc1c(C#N)c(C#N)cn1-c1ccc(-c2ccc(C#N)cn2)c(-c2ccc3ncc(-c4ccc5nc(-c6cccc(-c7ccc(C#N)cc7)c6)[nH]c5c4)nc3c2)n1,38.79
N#Cc1ccc(C#Cc2ncc(-c3ccc(C#N)cn3)c(-c3ccc(C#N)cn3)n2)cc1,12.32
Cc1cc(C#N)c(F)cc1-c1nc(C2(C#N)CC2)nc(-c2nccc(-c3ccnc(-c4ccc(C#N)nc4)c3)n2)c1C#N,17.84
N#Cc1ccc(Oc2ccc3c(c2)C(=O)c2cc(Nc4ncc(C#N)cc4C#N)ccc2C3=O)nc1,21.79
N#Cc1ccc(-c2ccc(-c3cc(-c4ccc(C#N)nc4)nc(-c4ccc(-c5ccncc5)cc4)n3)nc2)cc1,14.34
N#Cc1ccc(-c2nc(-c3cnc(OC4CCC(C(=O)O)CC4)c(C#N)c3)nc(-c3ccc(C#N)c(C#N)n3)n2)cc1,12.73
N#Cc1ccc(-c2ncc(-c3ccc(-c4nc(C#N)ccc4-c4ccc(C#N)cn4)nc3)nc2C#N)cc1,13.8
Cn1cc(-c2ccc(-c3cc4c(ncn4CC4CCNCC4)c(C#N)n3)cc2)cn1,9.77
N#CC(C#N)=c1ccc(=C(C#N)c2nc(C(=O)NCc3ccc(C#N)cc3)n(Cc3ccc(-c4ccccc4-c4nc(=O)o[nH]4)cc3)n2)cc1,18.15
COc1nc(C#N)c(-c2ccc(C#N)nc2)nc1-c1cc(C#N)nc(-c2cc(F)c(-c3c[nH]c(=N)cn3)c(F)c2F)n1,31.3
N#Cc1ccc(-c2cc(-c3ccc(OC(F)(F)F)cn3)nc(-c3ccc(C#N)c(F)c3F)n2)c(C#N)c1,18.78
N#Cc1ccc(C#Cc2nc(-c3ccc(C#N)cc3)nc3ccccc23)cc1,14.44
N#Cc1ccc(-c2ccc(-c3nc(-c4ccc(-c5cccc(C#N)n5)cc4)nc(-c4ccc(C#N)cc4)c3C#N)cc2)cc1,18.12
N#CC=Cc1cc(-c2cncc(C#N)c2)cc(-c2ccc(C#N)nc2)n1,10.82
C#Cc1nc2c(O)c(-c3ccc(-c4ccc(C#N)nc4)nc3)nc(C#N)c2n1Cc1ccc(-c2ccc(C#N)cc2)cc1,20.54
N#Cc1cc(-c2cccc(C#N)n2)cc(-c2nccc(-c3ccc(C#N)c(-c4ccc(C#N)nc4)c3)n2)c1,18.74
Cn1cnc2c(C#N)nc(-c3ccc(-c4ccc(C#N)nc4)c(C#N)c3)cc21,12.7
N#CC(C#N)=c1ccc(=C(C#N)c2nc(C(=O)c3ccc(C#N)cc3)nc(-c3ccc(C#N)cc3)n2)cc1,9.25
N#Cc1ccc(-c2cc3c(ncn3Cc3ncc(C#N)c4ccc(-c5cccc(C#N)n5)cc34)c(C#N)n2)cc1,26.87
N#Cc1ccc(-c2cc(-c3ccc(-c4ccc(C#N)nc4)nc3)nc(-c3cccc(C#N)n3)c2F)c(C#N)c1,16.02
N#Cc1cccc(-c2ccc3ncnc-3c(C#N)n2)c1,13.97
N#Cc1ccc(-c2cc(C#N)c(C#N)cc2C(=O)c2ccc(C#N)c(-c3ccc(C#N)nc3)n2)cc1,14.12
N#Cc1ccc(-c2cc(-c3ccc(C#N)c(C#N)n3)c3c(=O)[nH]c4ccccc4c3n2)cc1,20.52
N#Cc1ccc(-c2nc(-c3ccc(C#N)nc3)c(C#N)cc2-c2ccc(C#N)nc2)cc1,12.42
CN(C)c1ccc(-c2cnc(-c3ccc(-c4ccc(C#N)cn4)cc3)c(-c3ccc(C#N)cc3)n2)nc1,16.73
Cn1nnc(-c2cc(C#N)ccc2-c2ccc(Cc3nc(C#N)c(-c4nccc(C#N)n4)o3)c(F)c2)n1,27.31
N#Cc1ccc(-c2ccc(-c3ccc(-n4nc(C#N)cc4-c4ccc(C#N)cc4)cc3)s2)cc1,16.94
N#CC(C#N)=c1ccc(=C(C#N)c2cccc(Cn3c(C#Cc4ccc(F)cc4)c(-c4ccc(C#N)cc4)c4cc(-c5ncccn5)ccc43)n2)cc1,36.83
Cn1cnc(C(N)=O)c1-c1ccc(-c2nc(C#N)c(C#N)[nH]2)c(C#N)n1,21.26
N#Cc1cc(C#Cc2cccc(C#N)n2)cc(-c2cncc(C#N)n2)c1,11.45
N#Cc1ccc(-c2ccc(-c3ccc(C#N)nc3-c3cc(-c4ccccn4)nc(-c4cnc(C#N)nc4)n3)cc2)nc1,17.73
N#CC(C#N)=c1ccc(=C(C#N)c2nc(-c3ccc(-c4ccc(C#N)cn4)cc3)cc(-c3cccc(C#N)c3)n2)cc1,12.21
Cc1nc(C)c(C#Cc2ccc(-c3ccc(C#N)cc3)cc2)c(-c2cnccn2)c1C#N,17.74
N#Cc1ccc(-c2nc(-c3cccc(C#N)n3)c(C#N)c3ccc(-c4ncncn4)cc23)nc1,18.4
COc1ccc(-c2cc(-c3ccc(-n4ccnc4C)cc3)nc(-c3ccc(C#N)cc3)n2)c(F)c1F,16.65
COc1cc2nc(C(C#N)=c3ccc(=C(C#N)C#N)cc3)nc(C#N)c2cc1-c1ccc(O)c(C#N)c1,17.7
N#CC(C#N)=C1C(=O)C(OCCBr)=C(Oc2ccc(C#N)cc2)C(C=O)=C1O,22.51
Cc1cc(C#N)ncc1-c1nc(-c2ccc(-c3ccc(C#N)nc3)cc2)nc(-c2c(C#N)cccc2C#N)n1,17.69
N#Cc1ccc(-c2cc(C#N)cc(-c3cccc(-c4ccc(-n5ccc6cc(C#N)ccc65)cc4)n3)c2C#N)cc1,17.27
N#Cc1ccc(-c2ccc(-c3cc(C#N)c(F)cc3-c3ccc(-c4ccc(C#N)cn4)nc3)nc2)nc1,16.95
CNCC1C(=O)c2ccc(NC=C3C(=O)C(=CNc4ccc(C#N)cc4)C(=O)C(O)=C3OC3CNCCO3)cc2C(=O)C(C=O)=C1O,29.78
N#Cc1ccc(-c2nc(-c3cnc(C#N)nc3)cnc2-c2ccc(-c3cccc(C#N)n3)cc2)cc1,14.2
N#Cc1ccc(-c2ccc(-c3cc[n+](-c4nc(-[n+]5ccc(-c6ccc(C#N)cc6)cc5)nc(-[n+]5ccc(-c6ccc(C#N)cn6)cc5)n4)cc3)cc2)cc1,18.75
N#Cc1ccc(-c2nc(-c3ccc(C#N)cn3)c(C#N)nc2-c2ccc(-c3ccc(C#N)nc3)cc2)cc1,10.82
N#CC=Cc1cc(C(C#N)c2ccc(C#N)cc2)nc(-c2cc(-c3ccc(C#N)cn3)cc(-c3ccc(C#N)nc3)n2)n1,17.27
N#Cc1ccc(-c2ccc(C#Cc3cccc(C#N)n3)cc2)nc1,13.62
N#Cc1ccc(-c2ccc(-n3c(CC4CCN(c5nccc(C#N)n5)CC4)nc(C#N)c3C#N)cc2)cc1,26.68
CN(C)c1cc(C#N)cc(-c2ccc(=Nc3ccc(-c4cccc(C#N)n4)cn3)[nH]c2)c1,19.55
N#Cc1ccc(-c2cc(-n3ccc4ccccc43)nc(-c3ccc(-c4cccc(C#N)n4)c(C#N)n3)n2)cc1,11.78
N#Cc1ccc(-c2cc(-c3ccc(C#N)cc3)c(C#N)c(-c3nc(-c4cc[n+](-c5cc(C#N)ccn5)cc4)nc(-c4cnc(C#N)nc4)n3)n2)cc1,22.9
N#CC(=Cc1ccc(-c2cccc(F)c2C#N)cc1)c1nc(C(C#N)=c2ccc(=C(C#N)C#N)cc2)ns1,18.02
C=c1c(=Cc2c(O)[nH]c(=O)n(Cc3ccccc3)c2=O)cc(C)n1-c1ccc(C#N)cc1,15.96
Cc1nnc(C#Cc2ccc(-c3cncc(C#N)c3)c(C#N)c2)c(C)n1,15.08
N#Cc1ccc(-c2ccc(-c3ccc(-c4ccc(C#N)cc4C#N)cc3)nc2C#N)cc1,11.69
N#Cc1ccc(-c2nc(-c3cccc(-n4cc(-c5ccc(C#N)cc5)c(C#N)n4)c3)nc(-c3ccc(C#N)c(F)c3F)n2)cc1,17.34
CN(CC#N)CC1=CCCN1C(=O)c1ccc(C#N)nc1-c1ccc(C#N)c(C#N)c1,34.65
COc1ccc(-c2ccc3c(C#N)cc(-c4ccco4)nc3c2)cc1C#N,23.66
N#Cc1ccc(-c2ncc(-c3ccc(-c4ccc(-n5c6ccccc6c6ccccc65)cc4)cc3)nc2C#N)cc1,13.15
N#Cc1ccc(-c2cc(C#N)nc(Nc3ccc4c(c3)C(=O)c3ccc(N)cc3C4=O)n2)cc1,10.24
N#Cc1ccc(-c2cc(-c3cnc(C#N)nc3)cc(C#N)c2C#N)nc1,11.4
N#Cc1ccc(-c2cc(-c3nc(-c4ccc(F)cc4)nc(-c4cc(-c5ccc(C#N)nc5)nc(-c5ccc(C#N)cc5C(F)(F)F)c4C#N)n3)ccc2C#N)cc1,19.74
N#Cc1cccc(-c2cc(-c3ccc(C#N)nc3)nc(-c3cccc(-c4ncccc4CO)c3C#N)n2)c1,15.69
N#Cc1ccc(-c2nc(-c3cncc(C#N)c3)nc(-c3ccc(-c4cccc(C#N)c4)c(C#N)c3)n2)nc1,17.03
N#Cc1ccc(-c2ccc(-c3ccc(-c4ccc(C#N)cc4F)cc3)nc2C#N)cc1,14.02
N#Cc1ccc(-c2ccc(-c3ccc(-c4cccc(C#N)n4)cn3)cc2C#N)cc1,11.4
Cc1nc(C)c(-c2cc(-c3ccc(C#N)nc3)cc(-c3ccc(C#N)nc3)n2)nc1C,17.81
N#Cc1ccc(-c2cc(-c3ccc(C#N)s3)cc(-c3cnc(C#N)cn3)c2F)cn1,16.27
N#Cc1ccc(-c2cc(-c3ccc4nc(-c5cnc(C#N)c(C#N)n5)ccc4c3)ccn2)cn1,22.17
CC(C)Cn1cnc2c(C#N)nc(-c3cc(-c4cnc(C#N)nc4)cc(N4C(C#N)CCC4CO)c3)cc21,24.34
CCOc1ncc(-c2nc(-c3cncc(C#N)c3)nc(-c3cc(C#N)cc(C#N)n3)n2)cc1C#N,18.48
N#Cc1ccc(C#Cc2ccc3c(c2)C(=O)c2cc(C#Cc4cccc(C#N)n4)ccc2S3(=O)=O)cc1,26.15
Cc1nc(-c2cc(-c3ccc(C#N)cc3)cc(-c3ccc(C#N)nc3)n2)c(C#N)cc1C#N,18.22
N#Cc1ccc(-c2ccc(C#Cc3ncc(-c4ccc(C#N)cn4)c(-c4ccc(C#N)cc4)n3)cc2)cc1,15.64
Cn1ncc(-c2cc(-c3ccc(C#N)nc3)cc(C#N)n2)c1-c1ccc(C#N)cn1,18.0
Cn1cc(-c2cccc(Cn3cnc4c(C#N)nc(-c5ccc(-c6ccc(C#N)cc6)nc5)cc43)c2)cn1,19.1
N#Cc1ccc(-c2ccc(C(c3ccc(C#N)cc3)n3ccnc3)cc2)cc1,16.1
Cn1c(Cc2ccccc2Nc2c(Cl)cccc2Cl)nnc1-c1ccncc1,21.42
CC1CCCN1c1cc(-c2cnc(C#N)c(C#N)n2)nc(-c2ccc(F)c(C#N)c2F)n1,24.36
N#CC(C#N)=c1ccc(=C(C#N)c2nc(C(N)=O)nc(C(C#N)c3ccc(C#N)cn3)n2)cc1,14.08
Cc1nc(-c2ccccc2)cc(=NC(C)c2ccc(-n3cnnn3)cc2)[nH]1,22.16
N#Cc1ccc(-c2ccc(-c3c(C#N)c4cc(-c5cccc(C#N)c5)ccc4n3Cc3cccc(C#N)c3)cc2)nc1,14.78
N#Cc1cccc(-c2ccc(-c3cc4c(ncn4Cc4cnc(C#N)c(C#N)n4)c(C#N)n3)cc2)n1,10.28
Cc1nnc(-c2ccc(-c3ccnc(C#N)c3)cc2)n1-c1ccc(Oc2cc(C#N)cc(C#N)c2)nc1,33.02
N#Cc1ccc(-c2cc(-c3ccc(C#N)nc3)nc(-c3nccc(-c4ccc(C#N)cn4)n3)c2C#N)cc1,12.87
Cn1cnc2cc(-c3cccc(-c4ccc(C#N)nc4)c3C#N)nc(C#N)c2c1=O,16.23
Cc1nc(-c2ccc(-c3ccc(C#N)cn3)cc2)c(-c2ccc(C#N)cc2)nc1Cc1nccs1,17.46
N#Cc1ccc(-c2ccc(-c3cc(C#N)ccc3Cn3cncn3)cc2F)cc1,19.89
N#Cc1ccc(-c2cncc(-c3ccc4c(ccn4Cc4ccc(OC(=O)c5ccc(F)cc5)cc4)c3)n2)cc1,30.35
N#CC(C#N)=c1ccc(=C(C#N)c2nc(C#N)nc(C(F)c3ccc(C#N)cn3)n2)cc1,11.67
Cc1cc(C#N)ccc1-c1cccc(-c2nc(C#N)cc(-c3cc[nH]c3-c3ccc(C#N)cc3)n2)c1C#N,21.64
N#CC(CC(C#N)c1nc2cc(C#N)ccc2n1Cc1ccc(-c2ccc(C#N)cc2)cc1)=Nc1ccc(-c2ccnc(C#N)c2)cc1,28.12
N#Cc1cc(-c2ncccc2-c2cc(-n3cnc(C#N)c3)cs2)cc(-n2nc(C#N)c3ccccc32)c1,35.47
N#Cc1cncc(-c2cccc(-c3cc4c(ncn4Cc4ccnc(C#N)n4)c(C#N)n3)c2)n1,12.82
CN(C)c1ncc(C(C#N)Cc2ccc(-c3ccc(C#N)nc3)cc2)c(-c2ccc(C#N)nc2)n1,33.96
N#Cc1ccc(C(c2ccc(C#N)c(-c3ncc(C#N)cn3)c2)n2cncn2)cc1,17.88
N#Cc1ccc(-c2ccc(-c3cc4cc(C#N)ccc4n3-c3ccc(-c4ccc(C#N)cn4)cc3)cc2)nc1,20.67
N#Cc1ccc(-c2cccc(-c3nc(-c4ccc(C#N)nc4)cc(-c4cnc(Cl)nc4)n3)c2C#N)c(C#N)c1,23.8
N#Cc1ccc(-c2ccc(-c3ccc(C#N)cc3)c(C#N)n2)cc1,10.22
N#Cc1cncc(-c2cc(-c3cnc(C#N)cn3)cc(C#N)n2)c1,16.64
Cn1nc(-c2ccc(C#N)cc2)nc1-c1ccc(C#N)c(-c2ccccc2)c1,15.33
CC1COCCN1c1cc(-c2cnc(-c3cccc(C#N)c3F)nc2-c2ccc(C#N)cc2)nc(=N)[nH]1,25.52
COC(=O)c1nc(C(C#N)=c2ccc(=C(C#N)C#N)cc2)nn1-c1ccc(-c2ccc(C#N)cc2)cc1,10.45
N#Cc1cc(-c2nccc(C#N)n2)cc(-c2nc(C#N)ccc2C#N)c1,13.1
N#Cc1ccc(-c2nc(-c3ccnc(-c4cnc(-c5ccc(C#N)nc5)nc4)c3)nc(-c3cc(C#N)cc(-c4ccc(C#N)cc4C#N)c3C#N)n2)cc1,23.46
N#Cc1ccc(-c2nc(-c3ccc(-c4ccc(C#N)nc4)c(C#N)c3)c(C#N)s2)cn1,18.83
N#Cc1cccc(-c2cnc(-c3cccc(C#N)n3)nc2)c1,17.58
Cn1cc(-c2cc(C=Cc3ccc(C#N)nc3)ncc2-c2ccc(C#N)nc2)ccc1=O,26.2
N#Cc1ccc2c(c1)C1(COC(=N)N1)c1cc(-c3cncc(C#N)n3)cnc1O2,18.1
Cc1nc(-c2ccc(C#N)cn2)cn1-c1nccc(-c2ncc(C#N)cn2)n1,19.93
N#Cc1cc(C#N)nc(N(c2cc(C#N)nc(C#N)n2)c2ncc(-c3ccc(C#N)nc3)cn2)c1,26.83
N#Cc1ccc(-c2nc(-c3ccc(N(Cc4ccccc4)c4ccccn4)cc3)nc(-c3ccc(C#N)nc3)n2)cc1,15.86
N#Cc1ccc(-c2ccc(-c3cccc(C#N)n3)cc2-c2cccc(C#N)n2)cc1,17.67
N#CCCC(N=c1nc(C#N)cc(C#N)[nH]1)c1nccc(-c2ccc(Cl)cc2)n1,22.85
N#Cc1cnc(-c2cccc(-c3cc4c(ncn4Cc4ccc(C#N)nc4)c(C#N)n3)c2)nc1,13.36
N#Cc1ccc(-c2nc(C#N)cnc2-c2ccc(-c3ccc(C#N)cn3)cn2)cc1,12.65
N#Cc1ccc(-c2cc(-c3ncc(C#N)cn3)cc(-c3cc(-c4cccc(C#N)n4)cc(-c4cnc(C#N)nc4)n3)c2C#N)cc1,18.8
C=CCn1nc(C(=O)Nc2sc3c(c2C#N)CCCC3)c([N+](=O)[O-])c1C,26.62
Cc1cc(C#N)cc2nc(-c3cc(NC(=O)Nc4ccc(N)cc4)c(F)cc3F)oc12,30.08
N#Cc1ccc(-c2ccc(-c3nc(C(F)(F)C(C#N)c4ccc(-c5ccc(C#N)cc5)cc4)cnc3-c3ccc(C#N)c(Cl)c3)cc2)cc1,28.17
N#Cc1cccc(-c2cccc(-c3nc(C#N)cc(-c4cnc(C#N)nc4)n3)n2)c1,15.26
Cc1cc(C#N)cc(C#N)c1-c1cc(-c2ccccc2C#N)cc(-c2cccc(C#N)n2)n1,19.42
N#Cc1ccc(-c2cc(-c3ccc(-c4c[nH]c(=N)cn4)cn3)cc(-c3nc(C#N)cs3)c2)cn1,18.64
N#Cc1ccc(-c2cccc(-c3cc(-c4ccc(C#N)nc4)c(F)cn3)c2)cn1,14.25
N#Cc1ccc(-c2ccc(-c3nc(-c4ccc(C#N)cn4)nc(-c4ccc(C#N)c(F)c4F)n3)c(Cl)c2)cc1,15.67
Cn1cccc1C#Cc1ccc(C#Cc2cc(-c3cncc(C#N)n3)cc(-c3cncc(C#N)n3)c2)cc1,24.61
N#Cc1ccc(C(=O)Nc2cc(Nc3ccc4c(c3)C(=O)c3ccc(N)cc3C4=O)ccc2F)cc1,11.72
COc1ccc(-c2ccnc(-c3ccc(-c4ccc(C#N)n4C)c(C#N)c3)n2)cc1C#N,12.21
N#Cc1ccc(-c2ccc(-c3nc(C#N)c(C#N)nc3C#N)cc2C#N)cn1,10.22
C=CCn1cnc2c(C#N)nc(-c3ccc(-c4ccc(C#N)nc4)cc3)nc21,11.08
N#Cc1cnc(-c2ccc(-c3nc(C#N)c(C#N)nc3C#N)cc2)cn1,9.34
N#CC=Cc1cc(-c2nc(C3CC3)nc(-c3ccc(Cl)cc3)c2C#N)nc(-c2ccc(C#N)nc2)n1,24.41
N#Cc1ccc(-c2cc(-[n+]3cccc(C#N)c3)nc(-c3ccc(C#N)cc3)n2)cc1,14.59
N#Cc1ccc(-c2cc(-c3ccc(C#N)cn3)cc(-c3nc(C#N)cc(-c4ccc(-c5ccncc5)cc4)n3)c2C#N)cc1,16.29
Cc1nc(-c2cccc(C#N)n2)nc(-c2nc(C(=O)c3ccc(-c4ccc(C#N)cc4)cc3)nc(-c3ccc(C#N)cc3)c2C#N)n1,21.0
N#Cc1ncc(-c2ccc(-c3nc(C(=O)Nc4cnc(C#N)c(C#N)c4)cnc3C#N)cc2)cn1,20.75
N#Cc1ccc(-c2cc(-c3ccccc3C#N)nc(-c3cc(-c4ccc(C#N)cn4)cc(-c4ccc(C#N)cc4)c3C#N)n2)cc1,17.15
N#Cc1ccc(-c2nc(-c3ccc(C#Cc4ccc(C#N)nc4)nc3)nc(-c3cc(-c4ccncn4)cc(-c4ccc(C#N)cc4C#N)c3C#N)n2)nc1,29.59
N#Cc1ccc(NCc2ccc3c(c2)OCO3)c(C#N)c1,16.62
N#Cc1ccc(-c2ccc(-c3nc(=Nc4ccc(-n5cncn5)cc4)cc(-c4ccccn4)[nH]3)cc2)cc1,26.36
N#Cc1ccc(C=Cc2nc(-c3ccc(C#N)cn3)nc(-c3ccc(-c4cccc(C#N)n4)c(C#N)n3)n2)nc1,15.79
N#Cc1cccc(NC=C2C(=O)C(=CNc3cccc4c(N)cccc34)C(=O)C(=Cc3ccc[nH]3)C2=O)c1,17.37
N#Cc1ccc(-c2ncc(C#N)cc2-c2ccc(-c3cnc(C#N)nc3)cc2)nc1,13.46
N#Cc1ccc(-c2nc(C#N)nc(-c3cnc(-c4cccc(C#N)n4)c(C#N)n3)n2)cn1,12.59
N#Cc1ccc(-c2ncc(C#N)nc2-c2ccc(C#Cc3ccc(-c4ccc(C#N)nc4)nc3C#N)nc2Cl)cc1,25.49
N#Cc1ccc(-c2cncc(-c3ccc(-c4nccn4-c4ccc(C#N)cc4)cc3)n2)cc1,20.75
N#Cc1ccc(-c2ccc(-c3nc(-c4ccc(C#N)cc4)c(-c4ccc(F)cn4)cc3C#N)cc2C#N)cc1,13.94
N#Cc1cccc(-c2cc(C#N)nc(-n3cc(-c4ncncn4)cc3C(N)=O)n2)n1,15.16
N#Cc1ccc(-c2ccc(-c3cc(-c4ccc(C#N)cn4)cc(-c4ccc(C#N)nc4)n3)c(C#N)c2)cc1,16.66
CCOc1nc(-c2cccc(C#N)n2)c(C#N)nc1-c1nc(C(C#N)=c2ccc(=C(C#N)C#N)cc2)nc(C(C#N)c2ccccn2)n1,15.01
N#Cc1cccc(-c2cc(C#N)c(-c3ccc(C#N)nc3)nc2-c2ccc(-c3cccc(C#N)n3)cc2)c1,14.75
N#Cc1ccc(-c2ccc(-c3cc4ncn(Cc5ccc(-c6cnc(F)nc6)cc5)c(=O)c4c(C#N)n3)cc2)nc1,19.82
C=CCn1cnc2c(C#N)nc(-c3ccc(C#N)c(Cl)c3)cc21,16.49
N#Cc1cc(C#Cc2nc(C#N)ncc2C#N)cc(-c2ccnc(C#N)c2)c1,17.09
N#Cc1ccc(-c2ccc(-n3c(-c4ccc(C#N)cc4)cc(C#N)c(C#N)c3=O)cc2)cc1,14.29
N#Cc1ccc(-c2nc(-c3ccc(-c4cncc(C#N)c4)nc3)nc(C#N)c2C#N)cc1,17.73
N#Cc1ccc(-c2cc(-c3ccc(-c4cc(C#N)[nH]c4-c4ccc(C#N)cn4)cc3)nc(-c3ccc(C#N)cc3)n2)cc1,19.15
Cn1nc(-c2ccc(C#N)cc2)nc1-c1cc(-c2ccc(C#N)nc2)nc(-c2ccc(C#N)cc2C(F)(F)F)c1C#N,15.82
Cc1nn(C)c(C)c1-c1nc(-c2ccc(OC3CCN(C)CC3)c(C#N)c2)nc(-c2cccc(-c3ccccc3C#N)c2C#N)n1,26.72
N#Cc1cc(CN=c2[nH]cc(C#N)nc2-c2cc(C#N)ccn2)cc(-c2cnc(C#N)nc2)c1,14.77
N#Cc1ccc(Sc2cc(-c3ccc(C#N)cc3)nc(-c3cnc(-c4ccc(C#N)cc4)nc3)n2)cc1,24.71
N#Cc1ccc(-c2ccc(-c3cc(-c4ccccc4C#N)nn3-c3ccc(-c4ccc(-c5ccc(C#N)cc5)s4)cc3)cc2)cc1,17.93
N#Cc1ccc(-c2nc(-c3cnc(OC4CCC(C(=O)O)CC4)c(C#N)c3)nc(-c3ncccn3)n2)cn1,14.99
N#Cc1ccc(-c2ccc(-c3nc(Cn4c(C#N)cc5ccccc54)cc(-c4ccc(C#N)nc4)n3)cc2)cc1,21.54
N#Cc1ccc(-c2ccc(-c3nc(C#N)c(C#N)nc3C#N)cc2)cc1,10.23
N#Cc1ccc(-c2cc(-c3ccc(C#N)nc3)c(C#N)c(-c3ccc(C#N)nc3)c2)nc1,11.41
N#Cc1cccc(-c2ccc(-c3cc(-c4ccncc4)cc(-c4cnc(C#N)nc4)n3)cc2)n1,10.1
N#Cc1ccc(-c2ccc(-c3ccc(-c4ccc(N)c(C#N)c4)cc3)nc2C#N)cc1,13.37
Cc1nc2c3cc(-c4nccc(-c5cncc(C#N)c5)n4)ccc3nc(C#Cc3ccncc3)n2n1,31.43
N#Cc1ccc(N=Cc2ccc(-c3ccc(-c4ccc(C#N)cc4)c(C#N)c3)cc2)cc1,16.82
CC(C)COc1ccc(-c2nc(-c3cccc(C#N)n3)nc(-c3cccc(C#N)n3)n2)cc1C#N,9.64
N#Cc1ccc(-c2ccc(-c3nc4cccnc4n3Cc3cccc(C#N)c3)cc2)cc1,17.84
CC(C)CC(=O)c1c(O)c(O)n(-c2ccc(-c3ccncc3)cc2)c1-c1ccc(C#N)nc1,22.35
Cn1c(C#N)ccc1-c1cccc(-c2ncc(C#N)nc2-c2nc(C#N)c(C#N)[nH]2)c1,17.03
CC(C)c1nc(N=Cc2cc(Br)ccc2O)c(-c2cc(-c3ccc(C#N)nc3)c3ncccc3n2)c(=O)[nH]1,43.18
N#Cc1cccc(-c2cnc(N=c3cccc(C#N)[nH]3)nc2)n1,15.23
N#Cc1cncc(-c2cc3c(ncn3CCCO)c(C#N)n2)c1,12.83
Cn1cc(Nc2ccc(C#N)c(C(=O)c3ccc(C#N)cc3)c2)cc(-c2ccc(-c3cnc(C#N)cn3)cn2)c1=O,20.52
N#Cc1ccc(C=CC=C2C(=O)C(C=O)=C(O)C(C=O)=C2O)cc1,12.99
N#Cc1ccc(-c2cc(-c3cc(-c4cccc(C#N)n4)cc(-c4ccc(C#N)nc4)n3)ccn2)cc1,17.0
N#Cc1ccc(-c2cc(C(F)(F)F)c3c(-c4ccc(C#N)cc4)c(C#N)n(-c4ccccc4)c3n2)cc1,20.51
N#Cc1cc(Cc2nnc(N)c(C#N)n2)ccc1-c1ccc(C#N)c(-c2ccccc2)c1,15.32
N#Cc1ccc(C=Nc2ccc(Oc3ccc(NC(=O)C4CCCN4)cc3)cc2)cc1,15.17
N#Cc1ccc(-c2ccc(-c3nc(=O)c(C#N)nn3-c3ccc(-c4ccc(-n5c(=O)ccc6cc(C#N)ccc65)cc4)cc3)cc2)cc1,20.77
N#Cc1ccc(-c2nc(Cl)c(-c3ccc(-c4ccc(C#N)nc4)cc3)nc2C#N)cc1,14.88
CN(CCO)Cc1ccccc1-c1ccc(N2Cc3c(C#N)nc(-c4ccc(C#N)cc4)n3-c3ccc(Cl)cc32)cc1,31.95
N#Cc1ccc(-c2ccc(-n3nc4nc(C#N)cc(-n5cnc(-c6cccnc6)c5)c4c3-c3ccc(C#N)cc3)cc2)cc1,25.58
N#Cc1cnc(C#N)c(-c2cnc(-c3cnc(C#N)nc3)c(C#N)c2)n1,14.09
N#Cc1cccc(C#Cc2ccc(C#N)c(-c3ccc(C#N)nc3)c2)c1,12.76
N#Cc1ccc(-c2cc(C#N)nc(-c3ccc(-c4nc(C#N)c[nH]4)cn3)c2)cn1,12.25
N#Cc1cccc(-c2ccc(-c3nc(C#N)ccc3-c3ccc(-c4cccc(C#N)n4)cn3)cc2)n1,14.44
Cc1cc(C#N)nc(-c2ccc(-c3ccnc(C#N)c3)c(C#N)c2F)n1,28.06
N#Cc1ccc(-c2ccc(-c3nc(-c4ccc(C#N)nc4)cnc3C#N)cc2)cn1,11.71
N#CC(C#N)=C1C(=Cc2ccc(C#N)cc2)C(=O)C(N=c2[nH]c(-c3ccc(F)cn3)nc3cc(N)ccc23)C(C=O)=C1O,19.46
N#Cc1ccc(-c2ccc(-c3ncc(-c4ncncn4)c4ccc(-c5cccc(-c6cnc(C#N)nc6)n5)cc34)nc2C#N)nc1,23.55
N#Cc1ccc(-c2ccc(-c3ccc(-c4nnc(-c5ccncc5)s4)cn3)nc2C#N)cc1,18.15
Cc1nc(C)c(-c2ccc(C#N)cn2)nc1C#N,9.76
Cc1cccc(=NS(=O)(=O)c2ccc(-c3nc(-c4ccc(C#N)cc4)cc(-c4ccc(-c5ccc(C#N)cn5)nc4)n3)c(C#N)c2)[nH]1,25.19
Cc1cc(-c2ccc(-c3cccc(C#N)n3)cc2)ccc1OCc1ncc(C=C2C(=O)Nc3ccc(Cl)cc32)o1,34.89
N#Cc1ccnc(-c2cccc(-c3nc(-c4cnc(C#N)nc4)c[nH]3)c2)c1,17.76
CC(=O)N=c1cc(-c2cccc(C#CCN3CCOCC3)c2)[nH]c(-c2ccc(C#N)cc2)n1,28.19
N#Cc1ccc(-c2ccc(-c3cccc(C#N)n3)c(C#N)n2)c(C#N)c1,11.31
N#CC=Cc1nc(C#N)c(-c2ccc(C#N)cc2)cc1-c1ccc(-c2nc(C#N)cnc2C#N)cc1,16.06
N#Cc1ccc(-c2nc(C#N)c(-c3ccc(C#N)nc3)nc2-c2ccc(C#N)c(F)c2)cc1,16.57
N#Cc1cccc(-c2cccc(C#Cc3ccc(C#Cc4ccc(-c5cccc(C#N)n5)nc4)cc3)c2)c1,16.92
N#Cc1ccc(-c2cccc(-c3cnc(-c4cccc(C#N)n4)c(C#N)n3)c2)cn1,15.01
N#Cc1ccc(-c2nc3c(cc2-c2ccc(-n4cccn4)cc2)c2cc(O)ccc2n3-c2ccc(C#N)cc2)cc1,25.64
C#CCn1c(=O)c(C#N)cn(Cc2ncc(-c3ccc(-c4ccc(C#N)cc4)c(C#N)c3)cn2)c1=O,26.14
N#Cc1ccc(-c2ccc(C#Cc3cc(-c4cnc(C#N)nc4)ccc3C#N)nn2)cn1,19.89
N#Cc1cccc(-c2nc(-c3cccc(C#N)n3)nc(-c3cccc(C#N)n3)n2)c1,15.0
N#Cc1ccc(-c2cc(C#N)ccc2C#Cc2ccc(F)c(-c3ccnc4c(-c5ccc(-c6ccc(C#N)cn6)cc5)cc(C#N)cc34)c2)cc1,24.75
N#Cc1cccc(-c2cc(-n3ccc4ccccc43)nc(-n3ccc(-c4ccncn4)c3)n2)c1,22.09
N#Cc1ccc(-c2ccc(C#N)c(=O)[nH]2)cc1,18.45
N#CCn1c(C#N)cc(-c2ccc(F)cc2)c1-c1ccc(-c2cccc(C#N)n2)cc1,20.81
N#Cc1cnc(-c2cc(-c3cnc(C#N)nc3)cc(-c3nccnc3C#N)c2)nc1,18.52
N#CCCN=c1[nH]c(Nc2ccc3c(c2)C(=O)c2ccc(N)cc2C3=O)nc(=Nc2ccc(C#N)cc2)[nH]1,16.54
N#Cc1ccc(C(=O)Nc2ccc(-n3ccc(-c4ccc(-c5c[nH]c(=N)cn5)cc4)cc3=O)cc2)nc1,19.54
N#Cc1cc(C(=O)Nc2ccc(C#N)c(Nc3ccc4c(c3)C(=O)c3ccc(N)cc3C4=O)c2)cc(C#N)n1,16.76
N#Cc1ccc(-c2cc(-c3ccc(-n4c5ccccc5c5ccccc54)cc3)cc(-c3nc(-c4ccc(C#N)cc4)c(C#N)c(O)c3C#N)c2)cc1,19.52
CCCCNc1ccc(-c2oc(=O)c(C=O)c(O)c2CN(C)C)cc1,27.02
N#Cc1ccc(-c2ccc(-n3nc(-c4ccc(C#N)nc4)cc3-c3ccc(C#N)cc3)cc2)cc1,11.42
N#Cc1ccc(-c2cc(C#N)cc(-c3nc(-c4ccc(C#N)cn4)nc(-c4cccc(C#N)n4)n3)c2C#N)cc1,11.8
CNc1nc(C#N)c(C#N)nc1C#N,12.92
N#Cc1ccc(Nc2cc(-c3nc(-c4ccc(F)c(C#N)c4)nc(-c4ccc(C#N)cn4)n3)c(C#N)c(-c3ccc(C#N)cc3)n2)cc1,21.84
N#CC(C#N)=c1ccc(=C(C#N)c2nc(C(C#N)=c3ccc(=C(C#N)C#N)cc3)[nH]c(=O)n2)cc1,12.83
N#Cc1ccc(-c2cc(-c3ccc(-n4ccnc4)cc3)nc(-c3ccc(C#N)cc3)n2)cc1,14.1
N#Cc1ncc(-c2cn3[nH]cnc(=Nc4ccc(-c5cccnc5)cc4)c3n2)cn1,22.79
N#Cc1ccc(-c2nc(C#N)cnc2C#Cc2ncc(-c3ccc(C#N)nc3)cn2)cc1,15.27
N#Cc1ccc(-n2cccc2)cc1C#N,12.59
CNc1cc(F)c(-c2cc[nH]c(=Nc3ccc(-c4cccc(C#N)n4)cn3)n2)cc1C#N,18.77
N#Cc1cccc(-c2ccnc(-c3cc4ccc(-c5ncncn5)cc4c(C#N)n3)c2)n1,18.66
N#Cc1ccc(-c2cc(-c3ccc(-c4nc(-c5ccc(C#N)nc5)nc(-c5ccc(C#N)cc5)c4C#N)cc3)cc(-c3ccc(C#N)c(-c4ccccc4)c3)n2)cc1,21.53
N#Cc1ccccc1C=NNC(=O)c1ccncc1,18.0
N#Cc1cc(C=O)c(O)c(C=Nc2ccc(-c3nc4cc(-c5ccncc5)cc(Nc5ccc(-n6cc(-c7ccncc7)cn6)cc5)c4[nH]3)cn2)c1,42.87
N#CC(=Cc1ccc(-n2cccc2)cc1)c1cc(-c2ccc(C#N)cc2)cc(-c2ccc(C#N)cc2)n1,12.48
N#Cc1cc(-c2cc3c(ncn3CC3CC3)c(C#N)n2)cc(-c2ccc(C#N)cc2C#N)c1,13.95
N#Cc1ccc(-c2csc(-c3ccc(-c4nccc(C#N)n4)cc3NC=O)n2)cc1,16.1
N#Cc1ccc(-c2ccc(-n3cc(-c4cnc(C#N)c(C#N)n4)c4ccc(C(F)(F)F)nc43)cc2)cc1,20.69
N#Cc1cc(-c2ccncc2)cc(-c2nc(CO)c(-c3nccc(-c4cncnc4)n3)nc2C#N)c1,29.39
N#Cc1ncc(-c2ccc(-c3cc4c(ncn4Cc4ccc5nc(-c6ccc(F)cc6)ccc5c4)c(C#N)n3)cc2)nc1C#N,16.91
N#Cc1ccc(-c2cc(-c3cnc(C#N)c(C#N)n3)cc(-c3nc(C#N)c[nH]c3=N)n2)cn1,14.5
N#Cc1ccc(-c2cc3c(ncn3Cc3ccc(-c4ccncc4)nc3)c(C#N)n2)cc1,13.43
N#Cc1ccc(-c2c(C#N)c(N)cc3[nH]c(-c4ccc(C#N)cn4)cc(=O)c23)cc1,29.49
N#Cc1cc(-c2ccc(C#N)nc2)cc(-c2cc3c(ncn3Cc3cccc(C#N)n3)c(C#N)n2)c1,12.69
C=C1OC(c2cnc(C)nc2OC)CN1c1nc(-c2ccc(C#N)cc2)c(C#N)c(-c2nc(-c3ccc(F)cc3)cc(C(F)(F)F)n2)n1,24.94
N#Cc1cccc(-c2ccc(-c3cc(-c4c(F)cccc4C#N)nc(-c4ccc(C#N)nc4)n3)nc2)c1,14.29
CC(=O)c1cc(-c2ccc(C#N)cc2)n(CC(=O)c2cc(C)n(C3CC3)c2C)c1C,31.47
N#Cc1ccc(-c2cc(C#N)nc(-c3cc(-c4cccc(C#N)n4)cc(C#N)c3C#N)c2)cn1,17.39
N#Cc1ccc(-c2ccc(-c3ccc(-c4nc(C#N)c[nH]4)nc3)nc2C#N)cc1,14.21
N#Cc1ccc(-c2ccc(C#Cc3ccc(C#Cc4cc(C#N)cc(-c5ccc(C#N)cc5)c4)cc3)cc2)cc1,17.64
N#Cc1ccc(-c2cc(-c3cccc(C#N)n3)nc(-c3nc(C#N)c[nH]c3=N)c2)cc1,15.14
N#Cc1ccc(C(=O)Nc2cccc(C(=O)c3cnn4cc(-c5ncncn5)cnc34)c2)nc1,22.53
N#Cc1ccc(-c2nc(-c3ccc(OC4CCC(C(=O)O)CC4)c(C#N)c3)nc(-c3cccc(C#N)n3)n2)cc1,9.27
N#Cc1cccc(-c2ccc(-c3nc(C#N)c(-c4cccc(C#N)n4)nc3N)cc2)c1,14.91
CSc1ccc(-c2cc(-c3ccc(C#N)nc3)nc(-c3c(C)[nH]c(-c4ccccn4)nc3=N)n2)cc1,26.5
CN1C(=O)NC(=O)C12Cc1ccc(Nc3c(C#N)cc(-c4ccc(-c5ccncc5)cn4)c4ccnn34)cc1C2,42.09
N#Cc1ccc(-c2ccc(C=Cc3ccc(-c4cccc(C#N)n4)cc3)nc2)cn1,17.9
N#Cc1ccc(-c2cc(-c3cccc(C#N)n3)nc(-n3ccc4ccccc43)n2)cn1,10.48
N#Cc1ccc(-c2cnn(-c3cnc(-c4cc(C#N)cc(-c5cccc(C#N)n5)c4)cn3)c2)nc1,17.27
N#Cc1ccc(-c2cc3c(ncn3Cc3c[nH]cn3)c(C#N)n2)c(F)c1,16.92
Cn1cc(C#N)nc1-c1cc(C#N)cnc1-c1ccc(C(=O)Nc2ccc(C#N)nc2)c(F)c1,19.03
CC(C)(O)COc1ccc(-c2nc(-c3ccc(C#N)cn3)nc(-c3cccc(C#N)n3)n2)cc1C#N,14.62
COc1ccc(C#Cc2nc(-c3cnnc(-c4ccc(-c5cccc(C#N)c5)cc4)n3)c(C#N)c(-c3ccccc3C(F)(F)F)n2)cc1,25.31
N#CC1C(=N)Oc2ccccc3ccc=3c2C12C(=O)Nc1ccccc12,24.81
N#Cc1ccc(-c2cc[n+](-c3nc(-[n+]4ccc(-c5ccc(C#N)nc5)cc4)nc(-c4ccc(C#N)cc4)c3-c3ccc(F)cc3)cc2)cc1,11.75
COc1nc(-c2ccc(C#N)nc2)cc(-c2ccc(-c3ccc(C#N)cc3)cc2)c1C#N,16.44
N#Cc1ccc(-c2cc(-c3nc(-c4ccc(-c5ccncc5)cc4)cc(-c4ccc(C#N)nc4)n3)c(C#N)c(-c3cc(F)c(F)c(F)c3F)n2)cc1,17.34
C=CCNc1oc(-c2ccccc2)nc1C#N,20.88
N#Cc1ccc(-c2ccc(-c3cc(N)c(O)c(O)c3)cc2C#N)cc1,20.11
Cn1c(-c2ccc(C#N)cc2-c2ccc(F)cc2)nc(-c2ccc(C#N)cc2)c1-c1ccc(-c2ccc(C#N)cn2)cc1,16.34
N#Cc1ccc(-c2cc(C#N)nc(-c3nc(-c4ccc(C#N)nc4)cc(-c4cnc(C#N)nc4)n3)c2C#N)cc1,13.94
N#CC(C#N)=Cc1cccc(-c2nc(-c3ccc(-c4ccc(F)cc4)nc3)nc(-c3ccc(-c4ccc(C#N)cc4)nc3)n2)c1,26.7
N#Cc1ccc(-c2ccc(-c3ccc(-c4cccc(C#N)n4)cn3)cc2C#N)cn1,11.36
N#Cc1ccc(-n2nccc2Cn2cnc3c(C#N)nc(-c4cncnc4)cc32)nc1,24.35
N#Cc1ccc(-c2nc(-c3ccccc3C#N)nc(-c3cc(Br)cc4ccccc34)n2)cn1,20.34
N#Cc1ccc(-c2ccc(-c3cnc(N=Cc4cc(C=O)c(O)c(C=O)c4O)nc3-c3cccc(-c4ccc(C#N)nc4)c3)cc2)cc1,22.58
N#Cc1ccc(-c2ccc(-c3cc(-c4ccc(C#N)cc4)nn3-c3ccc(-c4ccc(C#N)cc4)cc3)cc2)cc1,11.37
N#Cc1ccc(-c2nc(C#N)c3ncn(Cc4ccc5nccnc5c4)c3n2)cc1,15.74
N#Cc1ccc(-c2nc(-c3ccc(OC4CCC(C(=O)O)CC4)c(C#N)c3)nc(-c3ccccn3)n2)cc1,10.86
CCN(C)c1nc(Cc2ccc(C#N)cc2)nc2c1N=CC2=Cc1c(O)[nH]c(=O)n1Cc1ccc(-c2ccc(C#N)cc2)cc1,33.06
N#Cc1ccc(C#Cc2ccc(-c3cccc(C#N)n3)cc2)c(-c2cnc(C#N)nc2)c1,12.08
N#Cc1ccc(-c2cc(C#N)nc(-c3cccc(-c4cccc5cc(-c6ccc(C#N)nc6)ccc45)n3)c2C#N)cc1,14.85
N#Cc1ccc(-c2cc(-c3ccc(-c4cnc(C#N)nc4)nn3)c(C#N)c(-c3ccccc3C#N)c2)nc1,20.04
N#Cc1ccc(-c2ccc(S(=O)(=O)c3ccc(-c4ccc(C#N)cn4)c(C#N)c3)cc2C#N)nc1,21.87
N#Cc1cc(-c2ccc(-c3ccc(C#N)c(N)c3)cc2)co1,21.8
N#Cc1ccc(-c2cc(-c3ccc(C#N)c(F)c3)cc(-c3ccc(-c4ccc(C#N)cn4)nc3)n2)cc1,19.42
N#CCC1=NC(CC#N)C(=O)Nc2cc(-c3ccc(-c4ccc(C#N)cn4)cc3)c(-c3ccncc3)n21,26.24
Cc1ncc(-c2ccc(-c3cn4nc(-c5cnc(C#N)nc5)cc4c(C#N)n3)cc2C#N)cn1,22.09
N#Cc1ccc(-c2ccc(-c3nc(-c4cccc(C#N)n4)nc(C4CCCCN4C(=O)COc4ccccc4)n3)cc2C#N)cc1,18.31
N#Cc1ccc(-c2nc(-c3ccc(C#N)nc3)nc(-c3cccc(C(=N)N)c3)n2)cn1,15.1
N#Cc1ccc(N=c2nc(-c3ccc(C#N)cc3)[nH]c(-c3cc(C#Cc4ccc(-c5cccc(C#N)n5)cc4)cc(-c4ccc(C#N)nc4)c3)c2C#N)cc1,27.93
N#Cc1ccc(-c2cccc(-c3nc(C#N)nc(-c4cc(F)c(C#N)c(F)c4F)n3)c2C#N)c(C#N)c1,11.52
N#Cc1ccc(-c2nn(-c3ccc(F)cc3)c(-c3ccc(C#N)cc3)c2C(N)=O)cc1,21.66
N#Cc1ccc(-c2ccc(-c3cc4c(ncn4C4CCN(C#N)C4)c(C#N)n3)cc2)nc1,13.6
Cc1cc(C#N)c(Cl)cc1-c1nc(C2CC2)nc(-c2cccc(-c3ccnc(-c4ccc(C#N)nc4)c3)n2)c1C#N,14.3
N#Cc1ccc(-c2ccc(-c3nc(-c4cccnc4)nc(-c4ccc(C#N)c(F)c4F)n3)cc2C#N)nc1,19.02
N#Cc1ccc(-c2cccc(-c3ncnc(-c4ccc(C#N)c(-c5ccc(C#N)nc5)c4)n3)c2C#N)c(C#N)c1,15.3
N#Cc1ccc(-c2ncc(-c3ccnc(-c4ccc(C#N)nc4)c3)nc2C#N)c(F)c1,13.75
N#Cc1ccc(-c2cc(C(c3ccccc3)c3ccc(C#N)c(-c4ccc(C#N)cn4)n3)ccc2C#N)cc1,18.94
N#Cc1ccc(-c2ccc(C=NNc3ccc(N)c(Br)c3)c(C#N)c2)cc1,25.71
N#Cc1ccc(-c2cc(C=Cc3ccccn3)nc(-c3ccc(C#N)cc3)c2)cc1,11.13
Cc1nc2cnc(-c3cccc(C#N)c3)cc2n1-c1ccc(-c2ccc(C#N)cc2)cc1,15.99
Cc1ccc(C=c2sc(=C(C#N)c3nc(C(C#N)=c4ccc(=C(C#N)C#N)cc4)nc(-c4ccc(C#N)cc4)n3)nc2N)c(C)c1,21.76
N#CC(=Cc1ccc(-c2ccc(C#N)cc2)o1)c1nc(C(C#N)=c2ccc(=C(C#N)C#N)cc2)nc(-c2cccc(C#N)n2)n1,12.45
N#Cc1ccc(-c2ccc(-n3c(-c4ccc(C#N)cc4)nc4ccc(N)cc43)cc2)cc1,12.74
N#CCCNc1ccc(N)cc1,13.15
N#Cc1ccc(-c2ccc(-c3nc(C#N)cc(-c4cc(-c5ccc(C#N)nc5)cc(-c5ccc(C#N)cn5)c4C#N)n3)cn2)nc1,16.1
N#Cc1ccc(-c2cccc(CNCc3ccc(-c4nc(C#N)c5cc(C#N)ccc5n4)cc3-c3ccc(C#N)nc3)n2)cc1,23.09
N#Cc1ccc2c(c1)C(=O)c1ccc(Nc3cc(-c4ccc(-c5cncc(C#N)n5)c(C#N)n4)cc(-c4nccs4)n3)cc1CC2,23.67
Cc1cc(C#N)c(Cl)cc1-c1nc(C2CC2)nc(-c2cc(C#N)nc(-c3cccc(C#N)n3)n2)c1C#N,13.05
CSc1nc(-c2ccc(-c3cc(-c4ccc(C#N)cc4)cc(C#N)n3)c(F)c2)cc(C(c2ccc(C#N)cc2)c2ccc(C#N)cc2)n1,27.98
N#Cc1ccc(-c2ccc(N(Cc3cc(C#N)cc(C#N)c3)c3ncc(-c4cnc(C#N)nc4)cn3)nc2)cc1,23.79
N#Cc1ccc(-c2ccc(-c3cc4c(ncn4CC4CCC(C#N)N4)c(C#N)n3)cc2C#N)nc1,13.43
N#Cc1ccc(-c2cc(-c3ccc(-c4cnc(C#N)c(C#N)n4)nc3)ccc2C#N)cc1,14.75
N#Cc1cc(-c2ccccc2C#Cc2ccc(-c3c[nH]c(=N)cn3)c(F)c2)cnc1OCC(O)(Cn1ccnc1)c1ccc(F)cc1F,26.67
N#CC=Cc1cc(-c2cc(-c3cnc(C#N)nc3)cc(C#N)n2)ccn1,14.68
CN1C(C)(C)CC(NC(=O)c2ccc3cc(Oc4ccc(-c5cncc(C#N)n5)cn4)ccc3n2)CC1(C)C,24.06
N#CC(c1ncc(C#N)c(-c2ccc(C#N)nc2)n1)=c1[nH]c(=O)c(=Cc2ccc(-c3ccc(C#N)cc3)cc2)s1,19.82
Cc1nccc(-c2ccc(Nc3nccc(NS(=O)(=O)Cc4ccccc4)c3F)cc2)n1,24.48
CC(C)(O)c1nc(-c2ccc(-c3cc(-c4ccc(C#N)nc4)cc(-c4ccc(C#N)nc4)n3)cc2)nc(-c2ccc(C#N)cn2)n1,30.05
Cc1ccccc1C=NN=c1ccc(-c2ccc(C#N)cc2)n[nH]1,18.41
C#Cc1nn(-c2ccc(-c3cc(-c4ccc(C#N)cc4)nc(-c4ccc(C#N)nc4)c3)cc2)c2nc(C#N)ccc12,28.36
N#Cc1ccc(-c2cc(-c3cnc(C#N)nc3)nc(-c3ccccc3N)n2)cn1,16.88
N#Cc1ccc(-c2nc(C#N)c(-c3ccc(-c4ccc(N)cc4)cc3)nc2C#N)cn1,19.67
N#Cc1ccc(-c2ccc(-c3ncc(-c4ccc(-c5ccc(-c6ccc(C#N)cc6)c(C#N)n5)cc4)n3-c3ccc(-c4ccc(C#N)cc4)cc3)cc2)cc1,20.33
Cc1nc(C)c(-c2cncc(C#N)c2)nc1-c1ccc(C#N)nc1,16.37
N#Cc1ccc(-c2ccc(-n3c(-c4ccc(-c5ccc(C#N)nc5)cc4)nc4cc(-c5ccnc(C#N)n5)ccc43)cc2)cc1,15.01
N#Cc1ccc(-c2cc(-c3nc(C#N)cnc3C#N)nc(-c3ccc(OC4CCC(C(=O)O)CC4)c(C#N)c3)n2)nc1,14.92
N#Cc1ccc2c(ccn2-c2cc(-c3cccc(C#N)n3)cc(C#N)n2)c1,16.23
N#Cc1ccc(CNc2ccc3c(c2)OCc2ccc(N)cc2C3=O)c(-c2cnc(C#N)nc2)c1,28.13
N#Cc1ccc(-c2cc(C#N)ccc2C#Cc2ccc(-c3cccc(C#N)n3)cn2)cc1,13.41
C=CCn1cnc2c(C#N)nc(-c3ccc(-c4ccc(OC)c(C#N)c4)nc3)nc21,15.81
N#Cc1cc(C#Cc2ccc(-c3cccc(C#N)n3)nc2)cc(-c2cccc(C#N)n2)c1,14.61
CCc1nc(-c2ccc(-c3ccc(C#N)cc3)cc2)c(-c2ccc(C#N)cc2)nc1-c1ccc2c(c1)OCO2,23.46
Cc1nc(C)c(-c2cc[nH]c(=Nc3ccc4c(c3)CCC4=O)n2)nc1C#N,26.08
CC(C#N)(C#N)OC(=O)N1CC=C(c2nc(-c3ccc(-c4cccc(C#N)c4)cc3)nc(-c3cccc(C#N)n3)n2)CC1,25.99
Cc1ccc(-c2cccc(-c3ccc(C#N)cc3)c2)n1-c1ccc(C#N)cn1,19.86
Cc1cc(C#N)ccc1-c1nc(N2CCOC(c3cnccn3)C2)nc(-c2nc(-c3ccc(C#N)cc3)cc(-c3ccc(C#N)cn3)n2)c1C#N,23.34
Cc1cc(-c2cc(-c3ccc(C#N)cc3)cc(-c3nnc(-c4ccc(C#N)cc4)o3)c2)cc(C)n1,18.36
N#Cc1ccc(CCC(=O)N=Cc2nc(-c3ccc[nH]c3=Nc3ccc(C#N)nc3)cnc2C#N)cc1,21.63
Cc1nc(-c2ccc(C#N)cc2)cc(-c2[nH]c(-c3cccc(C#N)n3)cc2C#N)n1,19.42
N#Cc1ccc(-c2ccc(-c3ccc4c(c3)C3(C5OC(O)C(O)C5O)COC5C=C(CO)C(O)C5C3O4)cn2)cn1,42.37
Cc1ccc(-c2ccnc(-c3nc(-c4ccc(C#N)nc4)nc(-c4ccccc4C#N)n3)c2)cc1C#N,22.11
COc1cc(C2c3cc4c(cc3C(Nc3ccc5c(c3)cc(C#N)c(=O)n5C)C3COC(=O)C23)OCO4)cc(OC)c1O,24.37
N#Cc1ccc(-c2ccc3c(-c4nc(C#N)cc(-c5cccc(C#N)n5)n4)ccc(C#N)c3c2)cc1,13.09
N#Cc1ccc(-c2ccc(-n3ncc(C#N)c3-c3ccc(C#N)c(C#N)n3)cc2)nc1,14.71
Cn1cc(-c2ccc(CC(=O)NCCn3cnc4c(C#N)nc(-c5ccc(C#N)cc5)cc43)cc2)cn1,24.04
Cn1cc(-c2ccc(-c3cc4c(ncn4CC4CCN(C=O)CC4)c(C#N)n3)cc2)cn1,12.84
N#Cc1ccc(-c2nc(-c3ccc(N=Cc4cc(C#N)cc(C#N)c4)nc3)nc(-c3cnc4cc(-c5ncncn5)ccc4n3)n2)cc1,21.03
N#CCn1cc(-c2ccc(-c3ccc(C#N)cn3)nc2)c(-c2ccc(-c3ccc(C#N)cc3)cc2)n1,16.34
CNc1nc(-c2ccc(C#N)cc2)nc(COc2ccc(C#N)cc2)c1C#N,24.73
N#Cc1cc[nH]c(=Nc2ccc(-c3ncnc4ccc(-c5ncncn5)cc34)cn2)n1,13.89
N#Cc1ccc(-c2ccc(-c3nc(-c4ccc(-c5ccc(C#N)nc5)nc4)nc(-c4ccc(C#N)cc4F)n3)cn2)cc1,14.34
N#Cc1ccc(-c2cc(-c3ccc(-c4ccncc4)cc3)cc(-c3ccc(C#N)nc3)c2)nc1,13.69
N#Cc1ccc(N=Cc2c(O)c(C=O)c(O)c(C=O)c2O)cc1,12.45
Cc1nc(CON=Cc2cc(C#N)ccc2Oc2ccc(C#N)c(C#N)c2)cs1,23.29
N#Cc1ccc(-c2cc[n+](-c3nc(-c4ccc(C#N)cc4)cc(-c4ccc(C#N)nc4)n3)cc2)cc1,14.92
N#Cc1cncc(-c2ccc(-c3cc(C#N)nc4cc(-c5cccc(C#N)n5)ccc34)cc2)c1,20.79
CC(C)Cn1cnc2c(C#N)nc(-c3ccc(-c4ccnc(C#N)n4)cc3)cc21,15.26
N#Cc1cnc(-c2cccc(COc3ccccc3-c3ccc(-c4nc(C#N)cnc4C#N)cc3)n2)cn1,25.91
N#Cc1cncc(-c2ccnc(C=Cc3nc(C#N)c(Nc4ccc(C#N)c(C(F)(F)F)c4)o3)c2)c1,15.8
Cc1ncnc(Cn2cnc3c(C#N)nc(-c4ccc(C#N)nc4)cc32)n1,13.83
N#Cc1ccc(Nc2cc(=Nc3cc(C#N)c(-c4cccc(C#N)n4)cn3)nc(C#N)[nH]2)cc1,18.31
N#Cc1ccc(C#N)c(C#N)c1,9.53
Cc1c(C#N)c2ccc(-c3cnc(C#N)nc3)cc2n1-c1ccc(-c2ccc(C#N)cc2)cc1,13.03
N#Cc1cccc(-c2nc(-c3cnc(OC4CCOCC4)c(C#N)c3)cc(-c3ccc(-c4ccccc4C#N)c(C#N)n3)n2)n1,18.85
N#Cc1cnc(-c2ccc(-c3cc(-c4ccc(C#N)nc4)cc(C#N)n3)cc2)nc1,8.63
CC(C)(O)c1nc(-c2ccc(-c3ccc(C#N)cn3)c(C#N)c2)c(C#N)nc1-c1ccc(F)cn1,22.24
CC(C)(c1ccc(C#N)c(-c2ccc(-c3ncc(C#N)cn3)c(C#N)c2)c1)c1cc(C#N)nc(-c2ccc(-c3ccc(C#N)cn3)nc2)n1,24.23
Cc1cc(CCc2nc(CC#N)cc(-c3ccc(C#N)cc3)n2)nc(-c2ccsc2)n1,25.4
N#Cc1cc(F)c(C#N)c(-c2ccc(-c3cccc(C#N)n3)c(C#N)n2)c1,11.85
N#Cc1ccc(-c2ccc(-c3nc(-c4ccc(C#N)cc4)cc(-c4cccc(C#N)c4)n3)c(C#N)c2)cc1,13.42
N#Cc1ccc(-c2cccc(-c3nc(-c4ccc(C#N)nc4)cc(-c4cc(F)c(C#N)c(F)c4F)n3)c2C#N)nc1,16.21
N#Cc1cc(-c2nc(-c3ccc(C#N)c(-c4ccccc4)c3)nc(-c3ccccn3)n2)ccc1OC1CCC(C(=O)O)CC1,11.36
N#Cc1ncc(-c2ccc(-c3cc(-c4ncncn4)cnc3C#N)cc2)cn1,13.25
Cc1cc(C#N)c(F)cc1-c1nc(C2CN(c3ccc4ccccc4n3)C2)nc(-c2nccc(-c3ccc(-c4ccncc4)cc3)n2)c1C#N,24.94
N#Cc1cccc(-c2ccc(C#Cc3ccc(-c4ccnc(C#N)n4)cc3)cc2)n1,14.38
N#Cc1ccc2c(c1)nc(C1COc3ccccc3C1)n2-c1nc(C#N)cc(-c2ccc(C#N)nc2)n1,24.5
N#Cc1ccc(C=Cc2nc(C#N)cc(-c3cccc(C#N)n3)n2)c(-c2ccc(-c3cnc(C#N)c(C#N)c3)cc2)c1,31.82
N#Cc1ccc(-c2cc(-c3ccc(-c4ccc(C#N)cn4)c(C#N)c3)cc(-c3ncccn3)c2)nc1,13.3
N#Cc1ccc(-c2ccc(-c3ccc(-c4ccncc4)cc3-c3ccncc3)cc2)cc1,11.84
N#Cc1cncc(-c2cc(C#N)c(F)cc2-c2ccnc(C#N)n2)n1,18.09
CCOc1ccc(C#Cc2ccc(C(C)(C#N)Cc3ccc(-c4ccc(C#N)cc4)cc3)cc2)nc1,26.93
N#Cc1ccc(-c2cc(-c3ccc(C#N)cc3)nc(-c3ccc(-c4ccc(C#N)cn4)s3)c2)cc1,14.16
Cc1cc(C#N)ccc1-c1nc(C2CC2)nc(-c2nc(-c3ccc(C#N)cc3)nc(-c3cccc(C#N)n3)n2)c1C#N,13.09
N#Cc1ccc(C#Cc2ccc(-c3ccc(-c4cncc(C#N)n4)nc3)cn2)cc1,12.23
CCn1c(C2CN(c3nc(C#N)c(-c4ccc(-c5ncc(C#N)n5C)c(C#N)c4)nc3C#N)C2)nc2ccccc21,24.83
Cn1c(C#N)ccc1-c1nc(C#N)c(C#N)nc1-[n+]1cc(C#N)ccn1,20.25
N#Cc1c[nH]c(-c2ncc(-c3ncc(C#N)nc3C#N)nc2NCc2ccccc2C#N)n1,34.12
N#Cc1ccc(CNC(Cc2ccc(C#Cc3ccc(C#N)nc3)cc2)C(O)=NO)cc1,20.67
N#Cc1ccc(-c2nc(C(N)=O)cc(-c3ccc(C#N)nc3)n2)cc1,15.11
COc1cccc(C#Cc2cnc(C#N)c(C#N)n2)c1,13.78
Cn1c2ccccc2c(=O)c2nc(-c3ccc(-c4ccc(C#N)cn4)cc3)c(-c3ccc(-c4c[nH]c(=N)cn4)cc3)nc21,26.6
N#CC(C#N)=C1C(=Cc2ccc(C#N)cc2)C(=O)C(Nc2ccc(-c3cc(C(N)=O)cc(-c4ccc(C#N)cc4)c3)cc2)C(C=O)=C1O,14.39
Cc1cc(-c2cc(C#N)cc(-c3cccc(C#N)n3)n2)nc(C(=N)C#N)n1,22.84
N#Cc1cccc(-c2ncc(C#Cc3ccc(-c4cc(-c5ccc(C#N)nc5)nc(-c5ccccc5C#N)c4)cc3)cn2)c1,20.03
N#Cc1ccc(-c2ccc(-c3ccc(C(F)(F)F)cc3)nc2C#N)cc1,15.67
N#CC(C#N)=c1ccc(=C(C#N)c2nccc(-c3nccc(-c4ccc(C#N)cc4)n3)n2)cc1,11.37
N#CCn1cnc2c(C#N)nc(-c3cc(-c4cnc(C#N)nc4)cc(-c4cccc(C#N)n4)c3)cc21,15.15
N#Cc1cccc(Cn2cnc3c(C#N)nc(-c4ccc(C#N)c(C#N)c4)cc32)n1,13.03
N#CC(C#N)=c1ccc(=C(C#N)c2nc(C#N)c3[nH]c(-c4ccc(C#N)nc4)nc3n2)cc1,17.13
N#Cc1ccc(-c2cc(-c3cncc(C#N)n3)cc(Nc3ccc4c(c3)C(=O)c3cc(C#N)ccc3C4=O)n2)cc1,13.02
Cc1c(C(=O)Nc2ccc(Cl)c(-c3nc(C#N)cnc3-c3ccc(C#N)cc3)c2)nn(-c2ccc(Cl)cc2)c1-c1ccc(Cl)cc1,27.1
N#Cc1ccc(-c2ccc(Cc3nc(-c4ccc(C#N)nc4)[nH]c(=N)n3)c(-c3ccc(C#N)nc3)c2)cn1,26.4
N#Cc1ccc(-c2cccc(-c3ccc(-n4c5ccccc5c5ccccc54)cc3)n2)cc1-c1ccccc1,10.61
N#Cc1ccc(-c2cc(SCC#Cc3ccc(C#N)c(-c4ccc(C#N)cn4)c3)nc(-c3ccc(-c4ccc(C#N)nc4)cc3)n2)cc1,23.09
COc1cc(-c2nc(C#N)cc(-c3nc(-c4ccc(-c5ccc(C#N)cc5)cc4)cc(-c4ccc(C#N)nc4)n3)c2C#N)c(C)cc1C#N,14.8
N#Cc1ccc(-c2cc(-c3cc(Br)cc(C#N)c3)nc(-c3nc(C#N)cc(-c4ccc(C#N)cc4)c3C#N)n2)cc1,16.67
COc1cc(C#N)c(F)c(-c2ccnc(-c3cnc(-c4ccc(C#N)n4C)c(C#N)c3)n2)c1F,21.04
N#Cc1ccc(Oc2nc(C#N)ccc2-c2cnc(-c3cnc(=N)[nH]c3)cn2)cc1,19.79
N#CC=Cc1cc(-c2ccc(C#N)nc2)cc(-c2ccc(-c3cccc(C#N)c3)nc2)n1,12.91
N#Cc1ccc(-c2cc(-c3cccc(C#N)n3)cc(-c3ccc(C#N)nc3)n2)nc1,9.29
N#Cc1ccc(-c2nc(Nc3ccc4c(c3)C(=O)c3ccc(N)cc3C4=O)c(-c3ccc(-c4ccc(-c5cccc(C#N)n5)cc4)cc3)nc2C#N)cc1,17.62
N#Cc1ccc(-c2cncc(-n3cc(C#N)c4ccccc43)n2)cn1,10.55
N#Cc1ccc(-c2nc(-c3ccc(-c4cnc(C#N)cn4)c(C#N)c3)cc(-c3cc(C#N)c(OC4CC4)cn3)n2)cn1,20.76
N#Cc1ccc(-c2ccc(-c3cc(C(=O)OCC(=O)Nc4ccc(N)cc4)cc(-c4ccc(C#N)cc4)c3)cc2)cc1,23.04
N#Cc1ccc(Cn2cc(-c3ccc4[nH]c(-c5ccc(C#N)cc5)cc(=O)c4c3)nc2-c2ccc(C#N)cc2F)cc1,34.26
N#Cc1ccc(-c2cc(-c3ccc(-c4ccc(N)c(N)c4)s3)nc(-c3ccc(C#N)cc3)n2)cc1,15.64
N#Cc1ccc(-c2cc(-[n+]3cc(C#N)c(-c4ccc(C#N)cc4)cc3-c3ccc(C#N)nc3)nc(-c3ccc(C#N)nc3)n2)cc1,15.84
N#Cc1ccc(-c2cc(-c3ccncc3)cc(C#Cc3ccc(-c4nc(C#N)c(-c5c(F)c(F)c(C#N)c(F)c5F)nc4C#N)nc3)n2)cn1,27.87
COc1cc(C(=O)Nc2cccc(NC(=O)COc3ccccc3C#N)c2)cc(OC)c1OC,28.88
N#COCCn1cc(-c2nc(-c3ccc(C#N)c(C#N)c3)nc(-c3cccc(-c4ncc(C#N)cc4C(=O)O)c3C#N)n2)cn1,27.71
N#Cc1ccc(-c2cc(-c3ccc(-c4nccc(C#N)n4)cc3)cc(-c3ccc(C#N)nc3)c2)cc1,13.58
COc1ncc(-c2cc(-c3ccc(C#N)cn3)c3ncnc-3c(C#N)n2)cc1NS(=O)(=O)c1ccc(F)cc1F,19.97
N#Cc1cc(-c2ccc(C#N)nc2)c(C#N)c(-c2nc(-c3ccc(F)c(C#N)c3)nc(-c3cc(-c4ccc(C#N)nc4)c(C#N)cn3)n2)c1,21.61
Cn1cnc2c(C#N)nc(-c3cccc(-c4cccc(C#N)c4)c3)cc21,13.17
N#Cc1cccc(-c2nc(-c3ccc(OC4CCC(C(=O)O)CC4)c(C#N)c3)nc(-c3ncccn3)n2)n1,11.04
N#CC=Cc1cccc(-c2ccc(-c3cccc(C#N)n3)c(C#N)n2)n1,10.1
N#Cc1ccc(C(Oc2ccc(-c3cccc(C#N)n3)cc2)c2nnc(N)c(C#N)c2C#N)cn1,26.64
N#Cc1ccc(COc2ccc(-c3ccc(-c4ccc(SCc5cnc(-c6ccc(C#N)cc6)c(-c6ccc(C#N)cc6)n5)nc4C#N)c(C#N)n3)cc2C#N)cc1,34.24
N#Cc1ccc(-c2ccc(-c3ccc4c(c3)C(=O)c3cc(Nc5ccc(-c6cccc(C#N)n6)cn5)ccc3C4=O)nn2)cc1,20.12
N#Cc1ccc(-c2nc(-c3ccc(-c4cccc(C#N)c4)cc3)nn2C(c2ccc(C#N)cc2)c2ccc(C#N)cc2)cc1,12.65
N#Cc1ccc(-c2ccn(-c3ccc(-c4ccc(C#N)cc4)c(C#N)n3)c2)cc1,13.05
CC(C)COc1ccc(-c2nc(-c3ccc(CO)nc3)nc(-c3ccc(-c4ccc(C#N)nc4)nc3)n2)cc1C#N,24.86
CN1CCN(c2cc3c(cc2N)c(=O)c(C(=O)O)cn3C2CC2)CC1,20.45
N#Cc1ccc(-c2cc(C#N)nc(-c3nn(Cc4ccccn4)c4ccccc34)n2)cc1,24.27
N#Cc1ccc(-c2cc(N=c3cc(C#N)cc[nH]3)cc(-c3cncc(Nc4cc(C#N)cc(-c5ccncc5)c4)c3)c2)cc1,31.92
N#Cc1ccc(-c2cc(-c3ccc(C#N)nc3)nn2-c2ccc(-c3ccc(C#N)cn3)cc2)cc1,12.2
N#Cc1ccc(-c2nc3nc(-c4cccc(C#N)n4)c(-c4cc(-c5c(F)cccc5C#N)c(C#N)c(C#N)n4)cn3c2C=Nn2c(N)c(C#N)c(-c3ccc(Cl)cc3)c(C#N)c2=O)cc1,30.96
Cc1nccn1-c1nc(-c2cccc(C#N)c2)nc(-c2cnc(C(F)(F)F)nc2C#Cc2ccc(-c3cncc(C#N)n3)cc2)n1,27.13
N#Cc1ccc(-c2ccc(Cn3c(C#N)ccc3-c3ccc(-c4ccc(-c5cocn5)cc4)cn3)cc2)cc1,24.83
N#CN=C(c1nc(C(=N)C#N)nc(C(C#N)=c2ccc(=C(C#N)C#N)cc2)n1)n1cc(-c2cccnc2)nn1,24.75
COC(=O)C1=C(C)N(Cc2ccc(C#N)cc2)C(NCc2ccc(-c3ccc(C#N)cc3)cc2)=NC1c1ccc(F)cc1,18.88
N#Cc1ccc(-c2ccc(-c3cnc(-c4ccncc4)cc3-c3ccc(-c4ccc(C#N)cc4)cc3)cc2)cc1,15.31
N#Cc1ccc(-c2cc(C#N)nc(-c3cc(-c4ccc(C#N)nc4)nc(-c4cccc(C#N)c4)n3)c2C#N)cc1,11.94
N#Cc1cc(-c2cccc(C#N)n2)cc(C#Cc2ccc(C#Cc3ccc(-c4ncc(C#N)c(C#N)n4)o3)cc2)n1,26.53
N#Cc1ccc(C=Nc2ccc(S(N)(=O)=O)cc2F)cc1,20.62
N#Cc1ccc(-c2cc(-c3ccc(-c4ccc(-c5cccc(C#N)n5)c(C#N)n4)cc3)ccc2C#N)cc1,9.91
COC(=O)c1c(C)[nH]c(C)c1C(=O)CSc1nc(C)nc(C)c1C#N,24.92
N#CC(=C1C(=O)C(C=O)=C(O)C(C=O)=C1O)c1ccc(N)cc1,12.95
COc1c(-c2ccc(C#N)nc2)nc(C#N)c2cc(C#N)ccc12,16.26
Cc1cc(-c2nc(C#N)cc(-c3ccc(C#N)nc3)n2)cc(C)n1,12.1
N#Cc1ccc(-c2cc(C#N)nc(-c3cc(-c4ccc(C#N)nc4-c4ccc(-c5nc(=O)cc(C#N)[nH]5)cn4)nc(-c4cccnc4)n3)c2C#N)cc1,34.61
N#Cc1ccc(-c2cccc(-c3nc(C#N)cc(-c4ccc(-c5cnc(N6CCCC6C#N)nc5)nc4)n3)c2C#N)c(C#N)c1,27.4
N#Cc1ncc(-c2cnn(-c3ccc(NC(=O)c4ccc(-c5ccncc5)cn4)cc3)c2)nc1C#N,23.38
N#Cc1cc(C#Cc2ccc(-c3cccc(C#N)n3)cc2)cc(-c2cccc(C#N)n2)c1,11.89
N#Cc1ccc(-c2nc(-c3ccc(-c4cccc(C#N)c4)cc3)nc(-c3ccc(N=Cc4cccc(C#N)c4)nc3)n2)cc1,13.51
Cc1cc(C#N)nc2nc(N)c(C#N)c(-c3ccc(F)cc3F)c12,24.43
N#Cc1c(N)cc(-c2cccs2)cc1-c1ccc(F)cc1,15.39
Cc1cc(C#N)c(Cl)cc1-c1nc(CCO)nc(-c2ccc(F)c(-c3cccc(C#N)c3)n2)c1C#N,17.18
N#Cc1ccc(-c2cc(C#N)c(-c3ccc(C#N)cc3)nc2-c2ccc(C#N)nc2)cc1,11.37
CC(C)NCc1cc(-c2cnc(C(C)C)nc2-c2ccc(C#N)nc2)cc(-c2ccc(C#N)cc2)n1,32.2
CCn1cnc2c(C#N)nc(-c3cc(-c4ccc(C#N)cc4)nc(-c4ncc(C#N)c(=S)[nH]4)c3)cc21,24.45
N#Cc1ccc(-c2cc(CNC(=O)C(Cc3ccccc3)N=C(N)N)cc(-n3ccnc3)c2)cc1,32.47
N#Cc1ccc(-c2cc(-n3c(-c4ccc(C#N)nc4)nc4cc(-c5ncncn5)ccc43)cc(-c3ccccc3C#N)n2)cc1,28.31
N#Cc1ccc(N=Cc2c(F)cc(C#N)c(F)c2F)c(C(=O)c2nc(C#N)c[nH]2)c1,21.28
N#CC(C#N)=c1ccc(=C(C#N)c2nc(-c3ccncc3)cc(-c3ccccc3C#N)n2)cc1,12.62
N#Cc1ccc(C=Nc2cc(N)c(Nc3ccc(C#N)cc3)cc2Nc2ccccc2C#N)cc1,23.81
N#Cc1ccc(-c2nn(-c3ccc(-c4ccc(-c5ccccc5C#N)c(C#N)n4)cc3)cc2C#N)cc1,18.36
N#Cc1ccc(-c2ccc(-c3nc(Cc4cccc(C#N)n4)nc(-c4ccc(C#N)nc4)n3)cc2)cc1,14.09
N#Cc1cccc(-c2cc(-c3cnc(C#N)nc3)cc(-c3cnc(C#N)nc3)c2)n1,13.11
N#Cc1ccc(-c2nc(N3CCc4ccc(C#N)cc4C3)c(-c3ccc(C#N)cc3)nc2C#N)cc1,15.2
N#Cc1ccc(-c2nc(-c3ccc(-c4ccc(C#N)cc4)c(C#N)c3)nc(-c3ncc(C#N)c(N(c4ccc(C#N)cc4)c4cccc(F)c4)n3)n2)cc1,22.95
N#Cc1ccc(N=c2nc(-c3cc(C#N)ncn3)c(-c3ccc(C#N)nc3)c[nH]2)cc1,16.55
CCCCN=C(N)Nc1ccc(Oc2ccc(N=Cc3ccc(C=O)cc3)cc2)cc1,14.26
N#Cc1ccc(C#Cc2[nH]c(-c3cccc(C#N)n3)nc(=N)c2-c2ccc(C#N)cc2)cc1,14.44
CCC(O)c1cc(-c2ccc(C#N)cc2)c(C#N)c(-c2nc(C#N)cc(-c3cnc(C#N)nc3)n2)c1,20.67
CN(C)c1nc(-c2cnc(-c3ccc(C#N)nc3)c(C#N)c2)cnc1C#N,16.04
Cc1nc(-c2nc(-c3ccc(-c4cccc(C#N)c4)nc3)nc(-c3cccc(-c4ccccc4C(N)=O)c3C#N)n2)ncc1C#N,20.27
N#Cc1ccc(-c2cc(-c3ccc(C#N)nc3)nc(-c3ccc(-c4cnc(C#N)nc4)c(C#N)c3)c2)cn1,14.2
Cc1ccc(Nc2cc(N)cc(N)c2C#N)c(C#N)c1,19.57
N#Cc1ccc(-c2ccn(-c3ccc(-c4cccc(C#N)n4)cn3)n2)cc1,11.36
Cc1nc(-c2cn(Cc3ccc(-c4ccc(C#N)cc4)cc3)c(-c3ccc(-c4ccc(C#N)cc4)cc3)n2)ncc1C#N,17.6
CC(Nc1cc(-c2nc(C3CC3)nc(-n3cc(C#N)cn3)n2)ccc1C(=O)O)c1cc(C#N)ccn1,32.44
N#Cc1cc(Cc2cccc(Cl)c2F)c(C#N)c(C#N)n1,26.23
N#CC1=C(C#N)C(C#N)C(C#Cc2ccc(C#N)cc2)=C(C#N)C1C#N,19.03
N#Cc1ccc(-c2ccc(Cn3c(Cn4cncn4)c(-c4ccc(C#N)c(C#N)c4)c4ccccc43)cc2)cc1,19.86
Cc1ccc(C#N)c(C#Cc2ccc(C#N)nc2)c1CNC(=O)Nc1cc(C#N)cc(-c2cncc(C#N)n2)c1,38.32
N#Cc1ccc(-c2ccnc(CNc3ccc(-c4cnc(-c5ccc(C#N)cn5)c(C#N)c4)cc3)c2)nc1,22.53
Cc1cccc(C2CN(Cc3cc(-c4ccc(C#N)cc4)nc(Cc4ccc(C#N)cc4)n3)C2)n1,19.18
COc1nc(N2CCOCC2)nc2c1CCC(COc1cnc(-c3cccc(-c4cnc(-c5cccc(C#N)n5)c(C#N)n4)c3)nc1)O2,24.65
N#Cc1ccc(Oc2nnc(-c3cnc(-c4ccc(C#N)cc4)c(C#N)n3)cc2C#N)cc1,11.64
Cc1ccccc1-c1nc(-c2ccc(C#N)nc2)cc(-c2nc(-c3ccc(C#N)nc3)cc(-c3cccc4ccc(C#N)nc34)n2)c1C#N,18.93
N#Cc1cccc(-c2ccc(-c3cc(-c4cccc(C#N)n4)cc(-c4cccc(C#N)n4)c3)nc2)n1,11.75
N#Cc1ccc(-c2nc(-c3ccc(-c4cnc(C#N)nc4)c(C#N)c3)cc(-c3cnc(C#N)cn3)n2)cn1,20.07
N#Cc1ccc(C#Cc2nc(N)c(C#N)nc2C#Cc2ccc(-c3cncc(C#N)n3)cc2)cc1,11.54
COC(C)(C)Cn1c(=O)n(C)c2cc(-c3cc(C#N)cc(-c4cnc(C#N)nc4)c3)nc(C#N)c21,25.72
Cn1c(C#N)ccc1-c1cccc(N)c1,17.1
CC1(C#N)CCC(Cn2cnc3c(C#N)nc(-c4ccc(N5CCC6(C(=O)O)COCC6C5)c(C#N)c4)cc32)CC1,27.39
COc1ccc(C2C(=O)C(=Cc3cccc(C(=Cc4ccc(C#N)cc4)c4ccc(C#N)cc4)c3)C(=C(C#N)C#N)C(O)=C2C=O)c(OCc2ccc(F)cc2)c1,31.16
N#Cc1ccc(C2(CCN3C(=O)c4ccc(C#N)cc4C3=O)C(=O)NC(=O)C(C=O)=C2O)cc1,14.14
N#Cc1ccc(-c2ncccc2-c2ccc(-c3cnc(-c4cccc(C#N)n4)cn3)cc2)nc1,17.58
N#Cc1ccc(-c2ccc(C#N)c(-c3cc(-c4ncncn4)nc4cc(-c5cccc(C#N)n5)ncc34)c2)cn1,30.04
N#Cc1ccc(C2=CC3C(=O)C(C(=O)C2)C(c2ccc(C#N)cc2)N3c2cc(-c3noc(-c4ccc(C#N)cc4)n3)c(C#N)c(-c3ccc(C#N)cc3C(F)(F)F)n2)cc1,28.31
N#Cc1cc(N=c2c(F)c[nH]cc2Cl)c(C#N)nc1C#N,25.02
COCCOCn1cnc2c(C#N)nc(-c3ccc(C#N)cc3)cc21,14.42
N#Cc1nc(-c2ccc(-c3ccc(F)nc3)nc2)cc2c1ncn2C1CCNCC1,19.1
N#Cc1ccc(-c2cnc(-c3cnc(C#N)nc3)cc2C#N)cn1,12.15
CCCc1nc(C)c2c(=O)nc(-c3ccc(-c4ccc(-c5ccc(C#N)cn5)cc4)c(-c4ccc(C#N)cc4)c3)nc(C3CCC3)n12,27.34
N#Cc1ccc(-c2nc(-c3ccc(N)c(C(=O)c4ccc(Cl)cc4)c3)nc(-c3ccccc3C#N)n2)cn1,16.49
N#Cc1ccc(C#Cc2ccc(-c3cccc(C#N)n3)c(-c3cccc(C#N)n3)c2)cn1,14.22
CC(=O)N1CCN(c2ccc(C#N)nc2-c2ccc(-c3ccc(C#N)cn3)nc2)CC1,18.63
N#Cc1ccc(-c2cc(-c3ccc(C#Cc4cccc(C#N)n4)nc3)nc(C#N)c2C#N)cn1,25.24
N#Cc1ccc(-c2nc(C#N)c3ncn(CC4CCNCC4)c3n2)c(-c2cccc(C#N)n2)c1,14.68
N#Cc1ncc(-c2ccc(-c3nc(C#N)nc(C#N)n3)cc2C#N)cn1,13.1
N#Cc1ccc(-c2ccc3nc(-c4cc(-c5cccc(C#N)c5)cc(N)c4C#N)sc3c2)cc1,31.08
N#Cc1ccc(-c2cc(N)cc(-c3ccc(C#N)cc3)c2)cc1,13.59
Cc1cc(C(F)F)nn1CC(=O)N=c1cc(-c2ccc(C#N)cc2)[nH]c(-c2cccc3ccccc23)n1,20.33
N#Cc1ccc(-c2nc(-c3ccc(C#N)nc3)nc(-c3ncnn3-c3ccc(C#N)cc3)n2)cc1,16.74
N#Cc1ccc(-c2ccc(-c3cc(-c4ccccc4C#N)nc(-c4ccc(-c5cccc(C#N)n5)cc4)n3)cn2)nc1,15.43
Cc1nc(C#N)cn1-c1cc(-c2ccc(C#N)c(C#N)c2)cc(-c2ccc(C#N)cn2)c1,20.66
N#Cc1ccc(-c2nc(N3CCC3)c(-c3ccc(-c4ccc(-c5cnc(C#N)c(C#N)n5)cc4)cn3)nc2C#N)cc1,16.39
N#Cc1ccc(-c2ccc(CN=c3[nH]c(-c4ccc(C#N)cc4)nc4ccccc34)cc2)cc1,16.23
N#Cc1cnc(-c2cccc(-c3ccc(-c4cccc(C#N)n4)c(C#N)n3)c2)cn1,8.7
N#Cc1ccc(-c2ccc(C(=O)n3nc(-c4cnc(-c5ccc(C#N)cc5)c(-c5ccc(C#N)cc5)n4)cc3-c3ccc(C#N)cc3)cc2)cc1,23.02
N#Cc1ccc(-c2cc(-c3ccc(-c4ccc(C#N)nc4)c(F)c3)nc(C#N)n2)nc1,13.5
N#Cc1ccc(-c2nc(N)c(-c3c(F)c(F)c(C#N)c(F)c3F)nc2C#N)cc1,11.71
N#Cc1ccc(Nc2cc(Nc3ccc4c(c3)CCc3ccc(C#N)cc3C4=O)nc(C#N)c2C#N)cc1,9.25
N#Cc1ccc(-c2cn(-c3ccc(C#N)cn3)c(-c3ccc(-c4ccc(C#N)cn4)cc3)n2)cc1,16.18
N#Cc1cccc(-c2ccc(-c3cccc(NC(=O)C(Cc4ccccc4)NC(=O)C(CCC4CCCCC4)NC(=O)c4ccncc4)c3)nc2C#N)n1,34.99
O=C(O)c1ccc(C(=O)C=Cc2ccc(Cl)cc2)c(O)c1,21.87
CC(=O)NCc1ccc(C#N)nc1-c1cc(N2CCN(C(=O)OC(C)(C)C)CC2)nc(C#N)n1,31.03
N#Cc1ccc(Nc2nc(Cc3ccc(-c4ccc(C#N)cc4)cc3)c3ccccc3c2C#N)cc1,16.35
N#Cc1cc(C#N)nc(-c2nc(-c3ccc(OC4CCC(O)CC4)c(C#N)c3)nc(-c3ncc(C#N)cc3Cl)n2)c1,18.73
Nc1cccc2c(NC=C3C(=O)C(=CNc4cccc5c(N)cccc45)C(=O)C(=CNc4cccc5c(N)cccc45)C3=O)cccc12,10.9
N#Cc1ccc(-c2c(C#N)nc(-c3cccc(C#N)n3)nc2-c2cc(-c3ccc(C#N)nc3)c(C#N)c(C#N)n2)cc1,16.31
N#Cc1cnc(-c2ccc(COc3nc(-c4ccc(C#N)nc4)nc(-c4ccc(C#N)nc4)n3)cc2)nc1,16.99
Cc1cc(C#N)ccc1-c1cccc(-c2nc(-c3ccc(N)c(N)c3)nc(-c3nc(-c4ccc(C#N)nc4)cc(-c4ccc(C#N)cc4)c3C#N)n2)c1C#N,18.57
COc1ccc(-c2ccc(-c3ccc(-n4cc(-c5ccc(C#N)cc5)nn4)cn3)cn2)cc1C#N,22.59
N#Cc1ccc(CCn2cnc3c(C#N)nc(-c4ccc(-c5ccnc(C#N)c5)cc4F)c(C#N)c32)cc1,25.69
N#Cc1ccc2c(-c3ccc(-c4cccc(C#N)n4)cc3)cc(-c3ccncc3)nc2c1,11.69
Cc1nc(-c2cc(-c3ccc(C#N)nn3)nc(-c3c(Cl)cc(-c4nc(C#N)c[nH]4)c(F)c3F)n2)ncc1C#N,19.95
N#Cc1ccc(-c2cc(-c3ccccc3N)nc(-c3ccccc3C#N)c2)cc1,12.08
N#Cc1ccc(-c2ccc(-c3cc(-c4cccc(C#N)n4)nc(-c4ccc(C#N)nc4)n3)cc2)nc1,14.61
N#Cc1ccc(-c2nc(-c3cc(F)cc(-c4ccc(C#N)nc4)n3)cc(N3CCOCC3)n2)nc1,21.99
N#Cc1ccc(-c2nc(C#Cc3c(F)c(F)nc(F)c3F)cc(-c3ccc(-c4ccc(C#N)cc4)c(C#N)c3)n2)cc1,20.03
N#Cc1cc(C#N)cc(-c2ccc3nc(=NCCOCCOCCN)ccn3c2)c1,34.98
N#Cc1nccc(C#Cc2ccc(-c3ccccc3C#N)c(F)c2)n1,18.82
CC(=O)Nc1nc(-c2cnc(C#N)nc2)nc(-c2ccc(-c3ccc(C#N)cn3)c(C#N)n2)n1,23.57
N#Cc1ccc(-c2cnc(-c3ccc(C#N)nc3-c3ccc(Cl)cc3)cc2C#N)cc1,18.98
N#Cc1cccc(OC(=O)c2c(-c3ccc(OCc4cc([N+](=O)[O-])ccc4-c4ccc(F)cc4)cc3)n(C3CCCCC3)c3ccc(C#N)cc23)c1,43.64
N#CC(C#N)=c1ccc(=C(C#N)c2nccc(-c3ccc(C#N)nc3)n2)cc1,10.58
N#Cc1ccc(-c2ccc(-c3ccc(-c4nc(Cl)nc(Cl)n4)cc3C#N)cc2)c(C#N)n1,13.96
N#Cc1ccc(-c2cc(C#N)cc(-c3ccc(-c4nccc(C#N)n4)cc3)c2)cc1,13.94
N#CC=Cc1cc(-c2ccc(C#N)nc2)cc(-c2ccc(-c3cccc(C#N)n3)cn2)n1,12.67
N#Cc1nc(-c2ccc(-c3cc4[nH]cnc4c(C#N)n3)cc2)cnc1OCC(N)Cc1ccccc1,24.53
Cn1c(C#N)ccc1-c1c(C#N)cc(-c2cccc(C#N)n2)cc1-c1ccc(-c2ccc(C#N)cn2)nc1,16.44
N#Cc1ccc(-c2ccc(-c3ccc(-c4c(O)cc(CO)cc4-c4ccc(O)cc4)cc3)cc2)cc1,27.04
N#Cc1ccc(-c2ccc(-c3ccccc3Cn3c(Br)c(C#N)c4cc(C#N)ccc43)cc2)cc1,31.82
N#CCc1cc(C#N)cc(-c2ccc(-c3ccc(C#N)nn3)cc2)c1,16.93
N#Cc1ccc(-c2ccc(-c3cc(-c4cnc(C#N)nc4)nc(C#N)n3)cc2C#N)cn1,11.66
N#CC=Cc1cc(C#N)cc(-c2cc(-c3ccc(C#N)cc3)nc(-c3ccc(C#N)c(Cl)c3)n2)n1,15.4
N#Cc1ccc(-c2nc(-c3ccc(C#N)nc3)n(-c3cccc(-c4ncncn4)c3)c2-c2ccc(C#N)cc2)cc1,17.31
Cc1ccc(-c2noc(-c3nc(-c4ccc(-c5ccc(C#N)nc5)c(C#N)c4)cc(-c4cccc(C#N)n4)n3)c2C#N)c(C)c1,19.73
Cc1nnc(-c2ccc(-c3cc4c(ncn4Cc4cnc(C#N)nc4)c(C#N)n3)cc2C#N)n1C,15.34
N#Cc1ccc(-c2cc(C#N)nc(-c3ccc(-c4cnc(C#N)nc4)c4ccccc34)n2)cc1,13.58
COc1ccc(-c2cc(-c3ccc(C#N)cc3)ncc2-c2ccc(C#N)cn2)cc1,20.17
N#Cc1ccc(C=Nc2nc(Nc3ccc(F)cc3)nc(-c3ccc(C#N)nc3)n2)cc1,10.79
N#CC(C#N)=CCn1cnc2c(C#N)nc(-c3ccc(C#N)cc3)cc21,12.6
N#Cc1ccc(-c2cccc(-c3nc(-c4ccc(C#N)nc4)cc(-c4ccccc4C#N)c3C#N)n2)cc1,15.44
N#Cc1ccc(-c2cnn(-c3ccc(-c4nccc(-c5ccc(C#N)cc5)n4)cc3)c2)cc1,15.5
N#Cc1ccc(-c2ccc(C#Cc3ccc(-c4ccc(C#N)cc4)nn3)cc2)cc1,10.17
Cc1ccc(-c2nc(N3CCOCC3)nc(-c3nc(-c4ccc(C#N)nc4)cc(-c4ccc(F)c(F)c4)n3)c2C#N)c(C)c1,20.9
Cc1nc(C(C#N)=c2nc(Nc3ccc(C#N)cc3)c(C#N)nc2=C(C#N)C#N)nc(C(=O)c2ccc(C#N)cc2)c1-c1ccc(C#N)nc1,35.14
N#Cc1ccc(-c2nnc(-c3ccc(-c4cccc(C#N)c4)cc3)o2)cc1,10.74
N#Cc1ccc(-c2ccc(-c3cc(C#Cc4cccc(C#N)n4)nc(-c4c(F)cc(C#N)c(F)c4F)n3)cc2C#N)cc1,17.83
N#Cc1ccc(-c2ccnc(C=Nc3ccc(-c4ccc(-c5ccc(C#N)cc5)o4)cc3)c2)cc1,20.55
N#Cc1ccc(-c2cccc(-c3ncc(-c4ccncc4)c(-c4ccc(-c5ccc(-c6cccc(C#N)n6)cn5)cc4)n3)c2C#N)nc1,29.71
N#Cc1ccc(-c2ccc(-c3nc(CCN)c(-c4ccc(C#N)cc4)nc3-c3ccc(C#N)cc3)cc2)cc1,18.84
N#Cc1ccc(-c2nc(C#N)ncc2-c2ccc(-c3cccc(C#N)n3)cc2)cn1,12.27
N#Cc1ccc(C=CC(=O)c2cc(C#N)cc(C=Nc3ccc(-c4ccc(-c5ccc(C#N)cc5)nc4)cn3)c2O)cc1,16.2
N#Cc1ccc(-c2nc(C#N)nc(-c3ccc(C#N)nc3)n2)cn1,9.97
N#Cc1ccc(-c2cc(-c3cnc(C#N)nc3)nc(N3CCOCC3)c2C#N)cn1,14.15
N#Cc1ccc(-c2cc(-c3ccncc3)nc(-c3cccc4ccccc34)n2)c(F)c1F,17.26
Cc1nc(-c2ccc(C#N)nc2)c(C#N)cc1-c1cnc(C#N)c(-c2ccc(-c3cnc(C#N)cn3)cc2)c1,17.3
N#Cc1cccc(C#Cc2cc(-c3cnc(C#N)nc3)cc(-c3cncc(C#N)n3)c2)n1,12.69
N#Cc1ccc(-c2ccc(C#Cc3ccc(-c4ccnc(C#N)n4)c(-c4ccc(C#N)nc4)n3)nn2)nc1,19.7
Cn1cc(-c2cc(C#N)cc(-c3cccc(C#N)n3)c2)cn1,17.63
N#Cc1ccc(-c2cc(-c3ccc(-c4ccc(C#N)cn4)c(C#N)c3)nc(-c3cc(-c4ccc(C#N)nc4)cc(-c4ccc(C#N)cc4C#N)c3C#N)n2)nc1,19.97
Cn1c(-c2ccc(-c3cc(-c4ccc(N)c(N)c4)cc(-c4ccc(C#N)nc4)n3)cc2)ncc(C#N)c1=O,18.62
N#Cc1ccc(-c2ccc(C#Cc3ccc(-c4ccc(C#N)cc4)c(C#N)n3)nn2)cc1,10.48
N#Cc1ccc(-c2cccc(-c3cc(-c4ccc(C#N)nc4)cc(-c4nc(C#N)c[nH]4)c3)c2)nc1,19.75
N#Cc1ccc(-c2ncc(C#N)c(-c3cccc4cc(-c5ncncn5)ccc34)n2)cn1,21.82
COc1cc2c(=O)c(=O)c3c(C(C)C)c(O)c(O)c(C=O)c3oc2c(OC)c1C#N,35.26
N#Cc1cc(-c2ccncc2)cc(-c2ccc(-c3ncc(C#N)c(C#N)n3)nc2)c1,14.51
N#Cc1ccc(-c2cc(-c3ccc(C#N)nc3)cc(C3(O)CCCC3=O)n2)nc1,29.58
N#Cc1ccc(-c2ccc(-c3cc(C#Cn4cnn(-c5ccc(C#N)c(-c6ccc(C#N)cc6)c5)c4=O)sc3-c3ccc(C#N)c4nc(C#N)ccc34)cc2)cc1,42.33
N#Cc1ccc(-c2ccc3c(ccn3-c3ccc(-c4cccc(C#N)n4)cn3)c2)cn1,13.51
N#Cc1ccc(C=Cc2nc3ccccc3c(=O)n2-c2ccccc2)cc1,16.05
N#Cc1ccc(-c2cc(-c3ccc(-c4ccc(-c5cccc(C#N)n5)cc4)cc3)cnc2-c2ccc(C#N)cc2)cc1,15.56
N#Cc1ccc(-c2cnc(-c3ccc(Oc4ccc(-c5cncc(C#N)n5)cc4)c(C#N)c3)c(C#N)n2)cc1,14.13
Cc1nc(C#N)c(C#N)nc1-c1cc(F)cc(-n2cnc(-c3ccc(C#N)cn3)c2)c1,25.73
N#Cc1ccc(-c2ccc(-c3cc4c(ncn4Cc4ccc(-c5ccccc5-c5cnccn5)cc4)c(C#N)n3)cc2)nc1,15.56
N#Cc1ccc(-c2nn(-c3ccc(-c4cccc(C#N)n4)cc3)c3ccc(-n4cncn4)cc23)cn1,21.26
N#CCNC(=O)c1ccc(-c2cc[nH]c(=Nc3ccc(-c4cccc(C#N)n4)cn3)n2)cc1,18.89
N#Cc1ccc(-c2ccc(Cn3cnc4c(C#N)nc(-c5ccc(-c6ccc(C#N)nc6)cc5)cc43)nc2C#N)cc1,15.38
Cc1cc(C#N)c(F)cc1-c1nc(N2CCOC(c3ccc(C#N)cc3)C2)nc(-c2nc(C#N)cc(-c3cccc(C#N)c3)n2)c1C#N,13.68
Cc1cc(C)c2c(-c3cc(-c4ccc(C#N)nc4)nc(-c4ccc(C#N)cc4)n3)cc(C#N)cc2n1,22.79
N#Cc1cccc(Nc2cc(-c3nc(-c4ccc(-c5cccc(C#N)c5)cc4)nc(-c4ccc(C#N)nc4)n3)c(C#N)c(-c3ccc(C(N)=O)cc3C(F)(F)F)n2)c1,21.8
Cc1cc(C#N)ccc1-c1nc(N2CCC(c3ccccc3)C2)nc(-c2nc(-c3ccc(C#N)nc3)cc(-c3ccc(OC(F)F)c(C#N)c3)n2)c1C#N,14.91
CC(=O)N1CC(c2nc(-c3cnc(C#N)nc3)nc(-c3ccc(-c4ccc(C#N)cc4)c(C#N)c3)n2)C1,12.97
CS(=O)(=O)Nc1ccc(-c2ccnc(-c3cc(-c4ccc(C#N)nc4)nc(-c4ccc(C(N)=O)cc4C(F)(F)F)c3C#N)n2)cc1C#N,20.74
Cc1nc(C)c2c(-c3ccc(-c4cnc(C#N)cn4)cc3)cc(C#N)nc2c1C#N,21.02
N#Cc1ccc(-c2ccc(N=c3nc(-c4ccc(C#N)cc4)cc(-c4ccc(C#N)cc4)[nH]3)cc2)cc1,14.1
N#Cc1ccc(C=Nc2nc(Nc3ccc(-c4cncc(C#N)n4)cc3)cc(-c3cc(O)c(C#N)cn3)n2)cc1,21.12
N#Cc1cccc(-c2ccc(-c3cc(-c4cccc(C#N)n4)c4ccc(-c5cncc(C#N)n5)cc4n3)cc2)n1,18.18
Cc1cc(C#N)ccc1-c1nc(-c2ccc(C#N)c(Cl)c2)nc(-c2cc(CCc3nc(C#N)cn3C)nc(-c3ccc(C#N)cc3)c2C#N)n1,27.31
N#Cc1ccc(-c2ccnc(-c3nc(-c4cnc(C#N)c(C#N)n4)cc(-c4ncccn4)n3)c2C#N)cn1,19.78
N#Cc1ccc(-c2cncc(-n3ccc4c(-c5ccc(C#N)nc5)cccc43)n2)cc1,15.93
Cc1cc(C#N)c(Cl)cc1-c1nc(CCC#N)nc(-c2nc(-c3ccc(OC(C)C)c(C#N)c3)cc(-c3ccc(C#N)s3)n2)c1C#N,19.27
N#Cc1ccc(-n2ncc3c(-c4cc(-c5ccc(C#N)nc5)ncn4)cc(C#N)nc32)cc1,15.88
N#Cc1ccc(-c2nc(N3C(=O)NCCC3c3ccc(C#N)cc3)nc(-c3cccc(-c4cc(C#N)c(C#N)cn4)n3)c2C#N)cc1,22.75
CCc1ncnc(-c2cncc(C#N)c2)c1C#Cc1ccc(-c2ccnc(C#N)n2)nc1,18.54
N#Cc1ccc(-c2cc(-c3ccc(-c4cccc(C#N)n4)cc3)nc(-c3ccc(C#N)c(F)c3F)n2)cc1,11.98
N#Cc1ccc(-c2ccc(C#N)cc2-c2cc(-c3ccc(-c4ccc(C#N)c(C(F)(F)F)c4)cc3C#N)cc(C#N)n2)cc1,36.9
CC(c1ccc(-c2ccc(C#N)cc2)cc1)n1cnc2cc(-c3ccc(C#N)cc3)ccc2c1=O,20.64
N#Cc1ccc(-c2nc(Cn3ccnc3)c(-c3ccc(NC(=O)c4cccnc4)cc3)cc2C#N)nc1,30.06
N#Cc1ncc(-c2cccc(-c3cc4c(ncn4CC(=O)O)c(C#N)n3)c2)nc1C#N,16.9
Cc1nccn1-c1ccc(-c2ccc(-c3nc(C#N)c(-c4ccc(C#N)cc4)nc3N)cc2)cc1F,19.22
N#Cc1ccc(-c2ccc(-c3nc(-c4ccc(C#N)cc4)nc(-c4ccc(C#N)nc4)n3)nc2)cc1,10.35
N#Cc1ccc(-c2csc(-c3ccc(-c4cccc(C#N)n4)c(-c4ccncc4)c3)n2)cn1,14.54
N#Cc1ccc(-c2ccc(-c3nc(C(C#N)C#N)nc(-c4ccc(C#N)nc4)c3-c3ncncn3)cc2)nc1,19.71
N#Cc1ccc(-c2cc(C#N)nc(-c3cccc4cc(-c5cccc(C#N)n5)ccc34)c2)cn1,13.67
N#Cc1ccc2c(c1)nc(-c1ccc(C#N)c(C#N)c1)c1c(C#N)nc(-c3ccc4ccccc4c3)cc12,24.47
N#Cc1ccc(-c2nc(-c3cnc(-c4cccc(C#N)n4)c(C#N)n3)cnc2C#N)cn1,13.45
N#Cc1ccc(C(O)c2nc(-c3ccc(C#N)nc3)nc(-c3ccc(F)c(F)c3F)n2)cc1,18.53
N#Cc1ccc(-c2cc(-c3ccc(C#N)nc3)cc(-c3cccc(C#N)n3)n2)nc1,9.56
CCc1nc(-c2nc(C#Cc3ccc(C#N)cn3)cc(-c3cccc(Cl)c3)n2)c(C#N)c(-c2ccc(C)cc2C)n1,23.9
CCc1nc(-c2nc(C)cc(-c3ccc(OC)c(C#N)c3)n2)c(C#N)c(-c2ccc(C)cc2C)n1,16.74
N#Cc1ccc(-c2cc(-c3ccc(C#N)s3)c(-c3ccc(-c4cnc(C#N)c(C#N)n4)cc3)cn2)nc1,15.6
Cc1cc(C#N)c(F)cc1-c1nc(C2CC2)nc(-c2cccc(-c3cnc(N4CCCC4C#N)c(C#N)c3)n2)c1C#N,18.18
N#Cc1ccc(=NC2CCCC2Nc2ncc(-c3ccnc(C#N)n3)cc2-c2cnc(C#N)nc2)[nH]c1,19.86
N#Cc1ccc(-c2nc(-c3ccc(C#N)nc3)nc(-c3nc(Cc4ccc(F)cc4)nc(-c4cccc(C#N)n4)n3)n2)cc1,24.15
N#Cc1ccc(-c2cc(-c3ccc(-c4ccc(C#N)cn4)nc3)nc(-c3nc(C4CC4)nc(-c4c(F)cccc4Cl)c3C#N)n2)cc1,17.79
COC1CCC2(CC1=N)Cc1ccc(C#Cc3ccc(C#N)cn3)cc1C21N=C(N)c2ccc(C#N)cc21,32.91
N#Cc1ccc(-c2nc(-c3ccccc3N)cnc2-c2ccc(-c3ccc(C#N)cn3)cc2)cc1,11.54
C=c1[nH]c(=C(C#N)c2ccc(-c3ccc(C#N)cc3)cn2)c(=O)n1N=Cc1ccc(N2CCOCC2)cc1,24.55
N#Cc1ccc(C(Cc2nc(C#N)nc(C(=O)C(F)(F)F)n2)c2ccc(C#N)c(-c3ccc(C#N)cc3C(F)(F)F)c2)cc1,24.7
Cc1nccc(-c2cc(-c3ccc(C#N)cn3)cn(C3CCN(c4nc(=N)nc(-c5ccc(C#N)cc5)[nH]4)CC3N)c2=O)n1,36.19
Cc1cc(C#N)c(F)cc1-c1nc(C2CC2)nc(-c2nc(-c3ccc(C#N)c(C=CC#N)c3)cc(-c3ccc(C#N)cn3)n2)c1C#N,20.42
N#Cc1ccc(C(c2ccncc2)(c2ccc(N)cc2)c2ccc(N)cc2)cc1,15.7
CCc1cc2cc(-c3ncncn3)ccc2n1-c1ccc(-c2ccc(Cl)cc2)cc1,21.2
N#Cc1cncc(-c2nc(-c3ccc(OC4CCC(C(=O)O)CC4)c(C#N)c3)nc(-c3cccc(C#N)n3)n2)c1,12.37
N#Cc1ccc(-c2ccc(-c3cc(C#N)ccc3-c3cccc(C#N)n3)cc2F)nc1,17.56
N#Cc1cccc(C#Cc2ccc(-c3cccc(C#N)n3)cc2)n1,10.26
N#Cc1ccc(-n2cc(C#N)nc2-c2ccc(-c3ccc(C#N)cn3)cc2)cc1,15.13
N#CCCn1cnc2c(C#N)nc(-c3ccc(-c4cnn(Cc5ccc(C#N)cc5C#N)c4)cc3)cc21,20.15
N#Cc1ccc(-c2ccc(-c3ncc(-c4ccc(C#N)nc4)nn3)cc2C#N)cc1,12.97
N#Cc1ccc(-c2ccc(-n3nc(-c4ccc(C#N)nc4)nc3Cc3ccc(C#N)c(-c4ccccn4)c3)cc2)cc1,27.93
Cc1cc(C#N)ccc1-c1cc(-c2ccc(-c3ccc(C#N)cc3)cc2)n(-c2ccc(-c3ccc(C#N)cc3)cc2)c(=O)n1,12.93
Cn1cnc2c(C#N)nc(-c3ccc(-c4cnc(C#N)cn4)c(C#N)c3)cc21,12.69
N#Cc1ccc(-c2cc(-c3ccc(C#N)cc3)c(C#N)c(Oc3ccc(-c4cccc(C#N)n4)cc3)n2)cc1,12.47
CCCc1nc2cc(C#N)ccc2n1Cc1ccc(-c2ccccc2-c2noc(=O)n2C)cc1,24.14
N#CC=Cc1cc(-c2cnc(-c3ccc(C#N)nc3)c(C#N)n2)cc(C=CC#N)n1,12.42
N#Cc1cc(-n2ccnc2)nc(-n2c(C(=O)c3ccccc3C#N)nc3ccccc32)n1,25.37
N#Cc1ccc(-c2cc(-c3ccc(C#N)cc3)c(-c3ccc(-c4ccc(C#N)o4)cc3)c(C#N)c2C#N)cc1,16.72
N#Cc1ccc(-c2ccc(-c3nc(-c4ccc(C#N)nc4)nc(-c4ccc(-c5ccc(C#N)cn5)nc4)n3)cn2)cc1,11.1
N#Cc1ccc(-c2ccc(-c3ncc(C#N)c(C#N)n3)cc2C#N)cc1,12.84
N#Cc1ccc(-c2nc(C#CCCc3ccc(-c4ccccc4)cc3)cnc2-c2cnc(C#N)nc2)cc1,22.38
N#Cc1ccc(-c2ccc(-c3cc(-c4cccc(C#N)n4)ccc3C#N)cn2)cc1,13.06
Cc1oc(-c2ccc(OCCOc3cnc(-c4nccs4)cn3)c(C#N)c2)nc1COc1ccc(-c2ccc(C#N)cc2)cc1,29.13
N#Cc1cc(-c2cc3[nH]cnc3c(C#N)n2)cc(-c2cc(C#N)ccc2F)c1,15.65
N#Cc1ccc(-c2cc(C#N)cc(-c3nc(-c4ccc(C#N)nc4)cc(-c4ccc(C#N)cn4)n3)c2C#N)cc1,13.35
N#Cc1ccc(-c2ccn(-c3ccc(CN(C#N)c4cc(C#N)nc(C#N)n4)cc3)c(=O)n2)cc1,23.29
N#CC(C#N)=c1ccc(=C(C#N)c2nc(C(C#N)c3cccs3)[nH]c(=N)n2)cc1,15.34
N#Cc1cc(-c2cnc(C#N)nc2)nc(-c2ccc(OC(F)F)c(-c3ccncc3)c2)n1,22.94
Cc1nc(-c2ccc(-c3ccc(C#N)cc3)c(C#N)c2)nc(-c2ccc(C#N)cn2)n1,17.46
N#Cc1ccc(-c2ccc(-c3nc(-c4cnc(C#N)c(C#N)n4)nc(C#N)c3-c3ccc(C#N)cc3)cc2)cc1,19.56
N#Cc1ccc2ccc(-c3nc(-c4ccccc4C#N)nc(-c4cccc5ccccc45)n3)cc2c1,21.84
N#Cc1cccc(-c2ccc(OCc3ccc(-c4cccc(C#N)n4)cn3)cc2)n1,10.34
N#Cc1ccc(-c2cc(-c3ccc(-c4ccc(C#N)cn4)cc3)c(C#N)c(=N)n2Cc2ccccc2)cc1,19.74
N#Cc1cccc(-c2ccc(C#Cc3ccc(-c4cncc(C#N)n4)cc3)cn2)c1,11.02
COc1ccc(Nc2ccc(N=c3nc[nH]c4ccc(-c5cc(Cl)c(O)c(OC)c5)cc34)cc2)cc1,25.08
Cc1cc(C#N)c(Cl)cc1-c1nc(CC(C)(C)C#N)nc(-c2cc(C#N)c(-c3ccc(C#N)cc3)c(-c3cccc(C#N)c3)n2)c1C#N,25.65
Cc1c(C#N)cncc1-c1nc(C#N)c2cc(C#N)c(NCc3ccc(C#N)cc3)cc2n1,27.99
N#Cc1ccc(-c2cc(C#N)nc(-c3nc(-c4ccc(NCc5ccc(C#N)cn5)cc4)cc(-c4ccc(C#N)nc4)n3)c2C#N)cc1,20.36
N#Cc1ccc(C2=c3cc(O)ccc3=NC(=O)CN2)cn1,21.06
N#Cc1ccc(-c2cc(-c3ccc(C#N)cc3)nc(-c3ccc(-n4c(C#N)ccc4-c4ccc(C#N)cc4C#N)cc3)n2)cc1,17.09
N#Cc1ccc(-c2ccc(-c3nc(C#N)c(Nc4ccc(-c5ccc(-n6cc(C#N)c7ccccc76)cc5)cc4)nc3C#N)cc2)cn1,16.02
N#Cc1ccc(-c2cc(-c3ccccc3F)ncn2)cn1,19.84
N#Cc1ccc(-c2c(-c3ccc(C#N)cn3)cc3nc(C#N)cc(-c4ccc(-c5ccc(C#N)cn5)cc4)n23)cc1,18.37
N#Cc1ccc(-c2cc(-c3cccc(C#N)c3)nc(-c3nc(C4CC4)nc(-c4ccc(C#N)cc4)c3C#N)n2)cc1,14.9
COC(=O)C(C#N)=Cc1nc2c(C#N)nc(-c3ccc(-c4ccc(F)cc4)cc3)n2c(=O)c1=C(C#N)c1ncc(-c2ccc(C#N)cc2)c(C#N)n1,37.18
N#Cc1ccc(-c2cc(-c3ccc(-c4ncncn4)cc3)cc(-c3ncc(C#N)cc3O)n2)nc1,18.36
Cc1cc(C#N)c(Cl)cc1-c1nccc(-c2nc(C#N)nc(-c3c(F)c(F)c(C#N)c(F)c3Cl)n2)c1C#N,21.36
N#Cc1ccc(-c2cccc(-c3cc4c(ncn4CC4CCNCC4)c(C#N)n3)c2)cn1,16.06
N#Cc1ccc(-c2cc(-c3cccc(C#N)n3)nc(-c3cccc(C#N)n3)n2)nc1,11.68
N#CC(=Cc1cccc(C#N)c1)c1nc(-c2ccc(C#N)cc2)no1,18.98
N#Cc1cccc(-c2cc(-c3ccc(-c4cnc(C#N)c(C#N)n4)cc3)c3cc(-c4ncncn4)ccc3n2)n1,14.76
Cc1nn(C)c(C)c1-c1cc(C(c2ccc(C#N)cc2)c2cn(C)nn2)ccc1C#N,17.38
N#Cc1ccc(-c2nc(=O)c3c(-c4ccc(C#N)cc4)cc(-c4cccc(C#N)n4)nc3[nH]2)cc1,17.79
N#Cc1ccc(-c2nc(-c3cccc(C#N)c3)cc(-c3cccc(C#N)n3)c2C#N)cc1,19.59
N#Cc1ccc(Cn2cnc3c(C#N)nc(-c4ccc(-c5ccnc(C#N)n5)cc4)cc32)nc1,11.63
N#Cc1ccc(-c2cc(-c3ccc(-c4nc(C#N)c5ccccc5n4)cc3)cc(-c3ccc(C#N)cc3)n2)cc1,14.76
Cc1nnc(C#Cc2cncc(C#N)c2)c(C)n1,13.12
Cc1noc(-c2ccc(-c3nc(-c4ccc(C#N)cc4)cc(-n4ccc5ccccc54)n3)nc2C#N)n1,19.58
N#Cc1ccc(-c2nc(-c3nc(-c4ncccn4)nc(-c4c(F)c(F)c(C#N)c(F)c4F)n3)c(C#N)c(-c3ccccc3C(N)=O)n2)cn1,23.14
N#Cc1ccc(-c2cc(-c3ccc4cnc(-c5ccc(-n6ccnc6)cc5)nc4c3)ccc2C#N)cn1,32.39
N#Cc1ccc(-c2ccc(-c3nc(-c4ccc(C#N)nc4)nc(-c4cc(C#N)nc(-c5ccccc5CO)c4C#N)n3)cc2)nc1,18.12
CCN(Cc1ccc2c(c1)OCCO2)Cc1ccnc(-c2ccc(C#N)cc2)n1,22.63
N#Cc1ccc(-c2nc(C#N)ccc2-c2ccc(C#N)cc2C#N)cc1,13.15
N#Cc1cnc(-c2ccc(-c3nc(C#N)nc(C#N)n3)cc2Cl)cn1,15.56
Cc1cc(-c2ccccc2)nc(CCc2noc(-c3ccc(C#N)nc3)n2)n1,13.99
N#Cc1ccc(-c2ccc(C#Cc3nc(-c4ccc(-c5ccc(C#N)nc5)cc4)nc4ccccc34)cn2)cc1,22.49
N#Cc1cnc(-c2nc(-c3ccc(-c4ccc(C#N)c(Cl)c4)nc3)cc(-c3ccccc3C#N)n2)c(Cl)c1,16.22
N#Cc1ncc(-c2ccc(-c3cnc(C#N)[nH]c3=N)cc2)c(-c2cnc(C#N)c(F)c2)n1,25.08
N#Cc1cncc(-c2ccc(-c3nccc(C#N)n3)nc2C#N)n1,10.01
N#Cc1ccc(C=CC2=NC(C=O)C(Br)(Br)CO2)nc1,34.21
N#Cc1ccc(-n2ccc3cc(-c4ncncn4)cc(-c4ccc(C#N)c(-c5cnc(C#N)cn5)c4)c32)nc1,25.99
COCc1nc(-c2ccc(-c3ccc(C#N)cn3)cc2)c(C#N)nc1-c1cc(C#N)c(OC)cn1,19.63
N#Cc1ccc(C#Cc2ccc(CN3CCN(Cc4ccc(C#N)cc4)C(=O)C3)cn2)cc1,20.0
N#Cc1ccc(-c2cc(-c3ccc(C#N)cc3)nc(-c3ccc(-n4c(O)cn(-c5cccc(C#N)c5)c4=S)cc3)n2)cc1,23.25
Cc1nccc(-c2ccc(Nc3c(C#N)nc(-c4ccc(-c5ccc(C#N)nc5)c(C#N)c4)nc3C#N)cc2)n1,22.32
N#Cc1ccc(Cn2cc(Cn3cnc4c(C#N)nc(-c5ccnc(-c6cccc(C#N)n6)c5)cc43)nn2)cc1,24.44
CC(C)Oc1ccc(-c2nc(-c3cncc(C#N)c3)cc(-c3cccc4ccccc34)n2)cc1C#N,15.15
N#Cc1ccc(-c2ccc(-c3nc[nH]c3-c3ccc(-c4cccc(C#N)n4)c(C#N)n3)cc2)cn1,17.39
N#CCn1cnc2c(C#N)nc(-c3ccc(-c4cnccn4)c(F)c3)nc21,23.26
N#Cc1cc(-c2ccc(Cn3cnc4c(C#N)nc(-c5ccc(-c6cnc(C#N)nc6)cc5)cc43)cn2)ccn1,16.99
N#Cc1ccc(-c2ccc(-c3cc4c(ncn4CCCN)c(C#N)n3)cc2)cn1,11.81
N#Cc1ccc(-c2cc(-c3ccc(-c4ncc(C#N)cn4)cc3)nn2-c2ccc(C#N)cc2C#N)cc1,15.58
COc1cc(-c2ccc(C#N)c(C#N)c2)ccc1-c1cc(C#N)nc(-c2cccc(-c3ccc(C#N)cc3C#N)c2C#N)n1,23.34
N#Cc1ccc(C#Cc2ccc(C#N)c(-c3ncccc3C#N)c2)nc1,18.34
Cn1c(C#N)ccc1-c1cccc(-c2ncc(F)cc2-c2ccc(C#N)nc2)c1,14.67
Cc1ncnc(Cn2cnc3c(C#N)nc(-c4ccc(C(C)C)cc4)cc32)n1,18.8
N#Cc1ccc(Nc2cc(Nc3ccc4c(c3)CCc3ccc(N)cc3C4=O)nc(-c3ccc(C#N)cc3)c2C#N)cc1,15.5
N#Cc1ccc(-c2nnc(-c3nc(-c4ccc(C#N)nc4)nc(-c4cc(-c5ccc(C#N)nc5)cc(-c5ccc(C#N)cc5C#N)c4C#N)n3)s2)cc1,23.6
CC(C)(C#N)c1cc(F)ccc1-c1cccc(-c2nc(-c3ccc(C#N)cc3)cc(-c3ncccn3)n2)c1C#N,25.92
N#Cc1ccc(-c2c(C#N)cc(-c3ccc(C#N)cc3C#N)nc2C#N)cc1,17.9
COc1ccc(-c2cc(CNc3ccc(-c4nc(C#N)ccc4C#N)cn3)ccc2F)cc1C#N,19.32
N#Cc1ccc(-c2ccc(-c3nc(-c4c(Cl)cccc4C#N)nc(-c4c(C#N)cccc4C#N)n3)cn2)nc1,18.87
N#Cc1ncc(-c2ccc(-c3ncnc(C#N)n3)cc2C#N)cn1,12.99
N#Cc1ccc(-c2nc(-c3ccc(-c4cccc(C#N)c4)cc3)c(C#N)c(-c3ccc(C#N)nc3)n2)cc1,12.77
N#Cc1ccc(-c2ccc(C#Cc3ccc(-c4nc(C#N)ccc4C#N)cn3)cn2)cc1,14.59
N#Cc1ccc(-c2cccc(-c3cc(-c4cc(F)cc(C#N)c4)nc(-c4cccc(C#N)n4)n3)n2)cc1,17.84
Cc1nc([N+](=O)[O-])cn1CC(=O)NN=Cc1cccnc1,25.37
N#Cc1ccc(-c2ccc(-c3ccc(-c4ccc(-c5ccc(C#N)cn5)nc4)nc3C#N)cc2)nc1,11.29
COc1ncc(C#N)cc1-c1ccc(-c2nc(C#N)nc(C#N)n2)cc1C#N,15.57
N#Cc1cccc(-c2ccc(-c3cc(-c4ccncc4)cc(C#N)n3)cc2)c1,16.29
N#Cc1ccc(-c2ncnc(-c3ccc(-c4ccc(C#N)nc4)c(C#N)c3)n2)cn1,10.72
N#Cc1cncc(-c2nc(C(F)(F)F)c(-c3cc(C#N)nc(C#N)n3)nc2C#N)c1,14.73
N#Cc1ccc(-c2nc(-c3ccc(NC(=O)c4ccc(Br)s4)cc3)nc(-c3ccc(C#N)nc3)n2)cc1,15.01
COc1c(C#N)cccc1-c1nc(-c2cncc(C#N)c2)cc(-c2cccc(C=CC#N)c2)n1,23.02
N#Cc1cccc(-c2cc3c(ncn3Cc3ccc4nc(C#N)ccc4c3)c(C#N)n2)c1,12.9
N#Cc1ccc(-c2cc(-c3ccc(C#N)nc3)nc(S(=O)(=O)c3ccc(C#N)cc3)c2C#N)cc1,15.65
N#Cc1nc(C#CC#Cc2ccc(-c3ccncc3)cc2)ccc1O,22.57
N#Cc1ccc(-c2ccc(-c3cc4c(ncn4Cc4cnc5nc(C#N)ncc5c4)c(C#N)n3)c(F)c2)nc1,16.69
N#Cc1ccc(-c2ccc(-c3nc(C#N)c(-c4ccccc4C#N)nc3C#N)cc2)cn1,13.08
N#CC(=Nc1c(F)cc(-c2ccccc2F)cc1C#N)c1nc(C(=O)c2ccc(C#N)cc2)nc(C(C#N)=c2ccc(=C(C#N)C#N)cc2)n1,27.85
COc1cc(C#N)ccc1-c1cc(C(=O)c2cnc(-c3ccncc3)s2)cc(-c2ccc(C#N)cn2)c1,34.18
N#Cc1ccc(-c2ccc(-c3cc(-c4ccc(C#N)cn4)nc(-c4cccc(-c5ccc(C#N)cn5)c4C#N)n3)nc2)cc1,16.78
Cc1cc(C#N)ccc1-c1cccc(-c2nc(C#N)cc(-c3c(F)c(F)c(C#N)c(F)c3F)n2)c1C#N,14.76
N#Cc1ccc(-c2nnc(-c3c(-c4ccc(C#N)cc4)nc4ccc(-c5ccncn5)cn34)o2)cc1,27.67
Cn1cc(-c2cncc(C#Cc3cnc(C#N)nc3)c2)nc1C#N,19.1
N#Cc1cc(-c2ccc(-c3cnc(-c4ccc(C#N)c(F)c4)cn3)cc2)c(-c2ccc(F)cn2)cn1,28.83
N#Cc1ccc(C(=C2C(=O)C(C=O)=C(O)C(C=O)=C2O)c2ccc(-c3ccc(C#N)cc3)cc2)cc1,10.79
COC1CCN(C(=O)C(Cc2ccc(C#N)cc2)n2cnc(C(Cc3ccc(-c4cccc(C#N)c4)cc3)c3ccc(C#N)cc3)c2)C1,38.58
N#Cc1ccc(C(=O)Nc2cc(C#N)cc(-c3nc(-c4cnc(OC5CCCC5)c(C#N)c4)nc(-c4ccccc4C#N)n3)c2)nc1,23.55
N#Cc1ccc(NC=C2C(=O)C(=CNc3ccc(N)cc3)C(=O)C(=CNc3ccc(N)cc3)C2=O)cc1,9.18
CC(C)Oc1ncc(-c2nc(-c3ccc(C#N)nc3)nc(-c3ccc(-c4ccc(C#N)nc4)nc3)n2)cc1C#N,14.23
N#Cc1ccc(-c2nc3c(C#N)c4cc(C#N)c(C#N)cc4c(C#N)c3nc2-c2ccc(C#N)cc2)cc1,24.88
Cc1cc(C#N)c(F)cc1-c1nc(N2CCC(c3ccc(C#N)cn3)CC2)nc(-c2nc(-c3ccc(C#N)cc3)nn2C)c1C#N,21.43
N#CC=Cc1cccc(-c2nccc(-c3nc(C4CC4)nc(-c4c(F)cccc4F)c3C#N)n2)n1,18.86
N#Cc1ncc(-c2ccc(C#N)c(C#N)n2)c(-c2ccncn2)n1,16.92
N#Cc1ccc(-c2ccc(-c3cc[n+](Cc4cccc(-[n+]5ccc(-c6ccnc(C#N)c6)cc5)c4)cc3)cc2C#N)cc1,22.45
N#Cc1ccc(-c2cn3ccc(-c4cccc(C#N)c4)cc3n2)cc1,16.3
N#Cc1ccc(-c2ncc(-c3cc(-c4cnc(C#N)nc4)nc(-c4nc(C#N)c[nH]4)c3)cn2)cn1,18.05
N#Cc1cc(-c2cnc(C#N)c(C#N)n2)cc(-c2cccnc2)n1,15.24
N#Cc1ccc2c(c1)C(=O)c1cc(Nc3nc(C#N)c(-c4ccc(-c5ccc(C#N)nc5)nc4)nc3C#N)ccc1C2=O,16.86
N#Cc1ccc(Nc2nc(C#N)nc(-c3cccc(NC(=O)c4ccc(C#N)cn4)c3)n2)cc1,21.4
Cc1cc(-c2nc(-c3cc(-c4cccc(C#N)n4)cc(-c4ccc(C#N)cc4C(N)=O)c3C#N)cc(-c3ccc(C#N)c(C#N)c3C#N)n2)ccn1,32.32
N#Cc1cccc(-c2cc3c(ncn3Cc3cnc(-c4ccc(C#N)nc4)cn3)c(C#N)n2)c1,15.51
N#Cc1ccc(-c2cnc(-c3nn(-c4ccc(Cl)cc4Cl)c(-c4ccc(Cl)cc4)c3C#N)nc2)cc1,20.4
N#Cc1ccc(-c2nccc(-c3ccc(C=CC(O)=NO)cc3)n2)nc1,23.7
Cc1cc(-c2nc(F)c(C#N)c(F)c2F)nc(-c2nc(N3CC(c4nc5ccccc5n4C)C3)nc(-c3ccc(C#N)cc3C)c2C#N)n1,16.58
N#Cc1ccc(Cn2cc(-c3ccc(C#N)nc3)nc2-c2cccc(C#N)n2)cc1,14.27
N#Cc1ccc(-c2nc(-[n+]3ccc(-c4cccc(C#N)n4)cc3-c3ccc(C#N)nc3)nc3cc(C#N)c(C#N)cc23)cc1,14.29
N#Cc1ccc(C=Nc2nc(Nc3ccc4c(c3)C(=O)c3ccc(N)cc3C4=O)nc(-c3ccc(C#N)cc3)n2)cc1,13.72
N#Cc1ccc(-c2cc(C#N)nc(-c3cc(-c4ccncc4)ccn3)c2)cn1,15.51
N#Cc1ccc(-c2cc(-c3ccc(C#N)nc3)nc(-c3nc(N4CCOC(c5cccc(C#N)c5)C4)nc(-c4ccc(C#N)cc4)c3C#N)n2)cc1,18.02
N#Cc1ccc(C=Nc2nc(-c3ccc(C#N)cc3)c3c(C#N)nc(-c4cccnc4)nc3n2)cc1,20.77
N#Cc1ccc(-c2cccc(-c3nc(-c4ccc5c(c4)c(C#N)cn5Cc4ccncc4)cc(-c4cccc(C#N)n4)n3)c2C#N)c(C#N)c1,24.35
CN(C(=O)c1ccc(C#N)cc1-c1ccc(C#N)cn1)c1nccc(-c2ccc(C#N)nc2)n1,19.53
C#CCOc1nc(-c2ccc(C#N)cn2)c(C#N)nc1-c1ccc(-c2cccc(C#N)n2)cn1,17.66
N#Cc1ccc(-c2cc(-c3cc(C#N)nc(-n4nc(-c5ccc(-c6ccc(C#N)cn6)cc5)c5ccccc54)n3)ccc2C#N)cc1,20.98
N#Cc1cncc(-c2ccc(-c3cc(-c4cccc(C#N)c4F)nc(C#N)n3)cc2C#N)c1,13.66
N#Cc1ccc(-c2ccc(-n3c(C#N)ccc3-c3cc(C#N)c(C#N)cc3C#N)cc2)cc1,13.9
N#Cc1ccc(-c2nnc(C#N)c(-c3ccc(-c4ccc(C#N)nc4)cc3)n2)c(Cl)c1,11.97
Cc1nc2cc(C#N)ccc2n1-c1ccc(-c2cc(-c3ccc(C#N)cc3)c(C#N)c(-c3ccc(C#N)cc3)n2)cc1,19.64
COC=C(C(=O)OC)c1cc(C#N)ccc1COc1ccc(-c2nsc(-c3ccc(-c4ccc(C#N)nc4)c(C#N)c3)n2)cc1C#N,36.21
N#Cc1ccc(C2=NN=c3ccc(=C(c4ccc(C#N)cc4)c4ccc(C#N)cc4)cc3C2)cc1,19.58
Cn1c(C#N)ccc1-c1ccc(-c2nc(-c3ccc(C#N)cc3)nc(-c3nc(-c4ccc(C#N)nc4)cc(-c4ccc(C#N)cc4)c3C#N)n2)cn1,17.99
N#Cc1ccc(-c2ccc(C#Cc3nc(-c4ccc(C#N)nc4)cc(-c4ccc(C#N)cc4)c3C#N)cc2)cc1,15.56
N#Cc1ccc(C#Cc2ccc(-c3cccc(C#N)n3)cc2)c(-c2cccc(C#N)n2)c1,12.39
N#Cc1cccc(-c2cc(-c3ccc(C#N)c(F)c3)nc(C#N)n2)n1,9.85
N#Cc1cccc(-c2ccc(-c3ccncc3)cc2-c2ccncc2)n1,12.85
COc1cc(C2N=C(N)Nc3nc4ccccc4cc32)ccc1-n1cnc(C)c1,25.6
N#Cc1ccc(-c2cc(-c3ccc(-n4nnnc4-c4ccccc4)cc3)cc(C#N)c2O)cc1,21.09
CC(C)(C)c1cc(C#N)ccc1-c1nc(C#N)cc(-c2nc(-c3c(F)cccc3F)c(C(F)(F)F)nc2-c2ccc(C#N)cc2)c1C#N,30.92
N#Cc1ccc2cc(Cn3cnc4c(C#N)nc(-c5ccccc5C#N)cc43)cnc2c1,18.62
N#Cc1ccc(-c2cc(-c3ccc(-c4ccc(-c5ccc(C#N)cc5)c(C#N)n4)cc3)nc(-c3cc(-c4ccc(C#N)cn4)cc(-c4ccc(C#N)cc4)c3C#N)n2)cc1,17.03
Cc1cc(C=Nc2ccc(-c3nc(-c4ccc(C#N)cc4)nc(-c4ccc(N=Cc5cc(C#N)cc(C=O)c5O)nc4)n3)cn2)cc(C)c1O,19.08
CN(C)C(=O)c1cccc(N=Cc2ccc(-c3ccc(-c4ccc(C#N)cc4)c(C#N)n3)cc2)c1O,13.08
N#Cc1nc(-c2ccc(-c3ccncc3)cc2)nc2c1ncn2Cc1ccncc1,18.84
COc1cc(N=c2nc(C#N)[nH]c(-c3ccc(C#N)nc3)n2)ccc1-c1cnc(C)o1,17.73
N#Cc1ccc(-c2cc(-c3cnc(C#N)nn3)nc(-c3cccc(-c4ccc(C#N)nc4)c3C#N)c2)nc1,19.96
N#Cc1cncc(-c2cc(C#N)ccc2C#Cc2ccc(C#N)c(C#N)c2)c1,11.56
N#CC(C#N)=C1C(=Cc2ccc(-n3cccc3)cc2)C(=O)C(Nc2ccccc2)C(C=O)=C1O,14.95
N#Cc1ccc(-c2cnc(-c3ccc(-c4ccc(C#N)cc4)nc3)c(-c3ccc(C#N)cc3)c2)cc1,12.82
N#Cc1ccc(-c2cc(-c3ccnc(C#N)c3)cc(-c3ccc(C#N)nc3F)n2)cn1,19.09
N#Cc1ccc(-c2ncc(-c3ccc(-c4ccc(-n5cc(-c6ccncn6)cn5)cc4)cn3)nc2C#N)cc1,15.0
COc1cccc(-c2nc(C#N)c3c(-c4ccc(C#N)cc4)nc(-c4ncc(F)cn4)c(C#N)c3c2O)c1F,30.84
N#Cc1ccc(-c2csc(-n3nc(-c4ccc(C#N)cc4)ccc3=S)n2)cc1,18.06
N#CC(C#N)=c1ccc(=C(C#N)c2nc(-c3cccc(C#N)c3)cc(-c3ccc(C#N)cc3O)n2)cc1,13.67
CC(C)(C)C(=O)c1ccc(COc2ccc(Cc3nc(=O)nc(-c4cccc(-c5ccc(C#N)cc5)c4)o3)cc2)cc1,31.24
N#Cc1ccc(-c2ccc(-c3cc4c(ncn4CC4OCC(O)C(O)C4O)c(C#N)n3)cc2)cn1,11.96
N#Cc1ccc(-c2ccc(-c3nc(C#N)nc(-c4cc(-c5cnc(C#N)nc5)cc(-c5ccc(C#N)cc5C(=O)O)c4C#N)n3)cc2)nc1,23.19
N#Cc1cccc(-c2ccc(-c3ccccc3S(=O)(=O)c3ccccc3N)cc2)n1,24.87
N#Cc1cc2c(nc1C#N)C(=O)c1cc(-n3c4ccccc4c4ccccc43)ccc1C2=O,21.68
COCc1nc(C)cc(-c2ccnc(C#N)c2)n1,20.11
N#Cc1ccc(-c2ccc(C#Cc3nnc4ccc(-c5c[nH]c(=N)cn5)cn34)nc2C#N)cn1,29.42
CC(=CC#N)C(C#N)c1nc(-c2ccc(C#N)cc2)nc(N2CCN(C)CC2)n1,31.11
Cn1c(-c2ccc(-c3ncc(C#N)cn3)cc2)nc(C#N)c1-c1ccc(C#N)cc1,10.72
N#Cc1ccc(-c2cc(-c3ccc(C#N)nc3)ccc2NC(=O)c2cc(SC3CCCCC3)ccc2-c2ccc(C#N)cn2)nc1,26.39
N#Cc1ccc(=NCCn2cnc3c(C#N)nc(-c4ccc(-c5cnc(C#N)c(C#N)n5)cc4)cc32)[nH]c1,15.44
Cn1cc(-c2ccc(-c3cc4c(ncn4Cc4cn(Cc5ccc(-c6ccc(C#N)cc6)cc5)c(=O)cc4-c4ccc(C#N)cc4)c(C#N)n3)nc2C#N)cn1,31.05
N#Cc1ccc(-c2ccc(-c3cc(-c4ccc(C#N)nc4)nc(-c4ccc(C#N)nc4)n3)cn2)nc1,10.2
N#Cc1ccc(-c2ncc(-c3cc(-c4ccc(C#N)nc4)nc(-c4ccc(C#N)nc4)n3)nc2-c2ccc(C#N)cc2)cc1,14.1
N#Cc1ccc(-c2ccc(-c3ccc(C=Nc4cccc(C#N)c4)cc3)nc2C#N)cc1,14.66
N#Cc1ccc(-c2ccc(-c3cc(-c4ccccc4C#N)cnc3C#N)cc2)cn1,13.18
N#Cc1ccccc1-c1ccc(-c2ncc(-c3ccc(N)c(N)c3)c(C#N)n2)nc1C#N,17.62
CC(C)c1nnc(-c2ccc(-c3cccc(C#N)c3)cc2)c(-c2ccc(-c3ccc(C#N)cc3)cn2)n1,14.36
N#Cc1ccc(-c2nc(C#N)c(-c3ccc(OC4CC4)c(C#N)c3)nc2C#N)c(Cl)n1,24.47
N#Cc1c(F)c(C#N)c(F)c(C#N)c1F,10.23
CC1(C)Cc2nc(N3CC(Oc4cnc(-c5cc(-c6cccc(C#N)n6)cc(C#N)n5)cc4C#N)CC3=O)sc2C1,23.51
N#Cc1ccc(-c2cc(-c3ccc(-n4cc(-c5ccc(-c6ccc(C#N)cn6)cc5)cn4)cc3)ccc2C#N)cc1,16.21
N#Cc1c[nH]c(-c2cccc(N)c2)nc1=N,19.69
N#Cc1cccc(-c2ncc(-c3ccc(-c4nc(C#N)ncc4-c4ccncc4)cn3)nc2C#N)n1,18.77
N#Cc1ccc(-c2ccc(-c3cnc(-c4cccc(C#N)n4)c(C#N)n3)cc2)cc1,11.87
N#Cc1ccc(Cn2nc(-c3cccc(C#N)n3)cc2-c2ccccc2C#N)cc1,19.09
N#Cc1ccc(-c2cc(-c3cc(-c4ccc(F)cc4)nc(-c4c(F)cccc4C#N)c3)ccc2C#N)cc1,21.53
O=CN1CCN(C2C(=O)c3ccccc3C(=O)C2=Nc2cccc(Cl)c2)CC1,20.82
N#Cc1ccc(-c2nc(C#N)c(C#N)c(-c3ccc(C#N)nc3)n2)nc1,13.44
N#Cc1ccc(-c2cc(N=c3ccc(C#N)c[nH]3)nc(-c3ccc(C#N)cn3)c2)cc1,13.67
Cc1nc(C#N)c(-c2ccc(-c3cccc(C#N)c3)cc2)nc1-c1cc(-c2ccc(C#N)cc2)cc(-c2ccc(C#N)cc2)c1C#N,13.8
N#Cc1ccc(-c2nc(C3CC3)nc(-c3cc(-c4cccc(C#N)n4)nc(-c4cc(C#N)c(OC(F)(F)F)cn4)n3)c2C#N)cc1,23.83
Cc1nc2cc(-c3ccc(C#N)nc3)nn2c(-c2cc(-c3ccc(C#N)nc3)c(C#N)cn2)c1C#N,26.09
N#Cc1cc[n+](-c2cnc(NCc3ccccc3)c(C#N)n2)cc1,14.59
N#Cc1ccc(-c2cc(-c3cnc(-c4ccc(-c5cccc(C#N)n5)c(C#N)n4)cn3)ccc2C#N)cc1,12.56
Cc1cc(C#N)c(F)cc1-c1nc(C2CCC(C#N)=C(c3ccc(C#N)cc3)C2)nc(-c2ccc(Cl)c(-c3ccc(C#N)cc3)n2)c1C#N,30.65
CNc1ccc(C#Cc2ccc3c(c2)NC(=O)CC(c2ccc(-c4ccc(C#N)nc4)cc2)=N3)cc1,25.4
N#Cc1ccc(-c2cc(-c3ccccn3)ccc2C#N)cc1,15.55
Cc1cc(C#N)c(Cl)nc1-c1nc(C2CCC2)nc(-c2nc(C#N)cc(-c3c(F)c(F)c(C#N)c(F)c3F)n2)c1C#N,17.88
N#Cc1cccc(-c2ccc(-c3cc(-c4ccncc4)cc4cc(-c5ncncn5)ccc34)cc2)n1,15.62
N#Cc1cc([N+](=O)[O-])ccc1Nc1ccc(-n2cc(-c3cccnc3)nn2)cc1,20.73
N#Cc1ccc(-c2ccc(-n3ccc(-c4ccc(C#N)c(-c5ccc(C#N)cc5)c4)n3)cc2)cc1,14.19
N#Cc1ccc(-c2cccc3c(C#N)c(-c4ccc(-c5cccc(C#N)c5)cc4)nn23)cc1,12.24
Cc1ccc(-c2ccc(=Nc3ccc(-c4cc(-c5cnc(C#N)cc5C#N)nc(-c5ccc(C#N)nc5)n4)cn3)[nH]c2)cn1,26.39
Cn1nc(-c2cc(C#N)cc(-c3ccc(C#N)cc3)c2C#N)nc1-c1ccnc(-c2ccc(C#N)cn2)c1,13.86
COc1ccc(C2C3=CC(C)(C)CC(=O)C3c3c2c(O)n(-c2ccc(C#N)cc2)c3O)cc1,26.48
N#Cc1ccc(-c2ccc(-c3nc(C#N)c4ncn(CC(O)CO)c4n3)cc2)cc1,11.66
CC1c2cc(C#N)ccc2N=C(N2CCN(C)CC2)N1C,25.15
N#Cc1ccc(-c2nc(-c3ccc(C#N)cc3)c(C=Nc3ccc(-c4cccc(-c5ccc(C#N)cn5)c4)cn3)c(O)c2C#N)cc1,12.4
N#Cc1ccc(-c2noc(-c3ccc(C=NO)cc3)n2)cc1,22.8
Cc1cc(C#N)ccc1-c1cccc(-c2nc(-c3cccc(C#N)c3)cc(-c3cccc(C#N)n3)n2)c1C#N,16.2
N#Cc1ccc(-c2ccc(-c3[nH]c(=Nc4ccc(-c5cccc(C#N)n5)cn4)ccc3C#N)cc2)nc1,15.15
Cn1c(=O)c2nc3cc(N)ccc3c(Cl)c2n(C)c1=O,25.44
Cc1cc(C=CC(=O)CC(=O)C(=O)O)c(C)n1-c1ccc(-n2ccc(-c3ccc(C#N)cc3)c2)cc1,26.35
C#Cc1ccc(-n2c3ccccc3c3cc(N)ccc32)c(Cl)c1,17.19
N#Cc1ccc(-c2ncc(-c3cc(-c4ccncc4)nc(-c4ccc(F)c(F)c4)c3)nc2C#N)cc1,23.8
N#Cc1ccc(-c2ccc(-c3nc(-c4ccc(C#N)cn4)nc(-c4ccc(C#N)c(F)c4F)n3)cc2C#N)cc1,11.73
N#Cc1ccc(-c2ccc(-c3nc(CO)c(-c4ccc(C#Cc5ccccn5)cc4)cc3-c3ccc(C#N)cc3)cc2)cc1,20.82
N#Cc1ncc(-c2ccc(-c3cc4c(ncn4CC4CC4)c(C#N)n3)cc2C#N)cn1,11.87
N#Cc1ccc(-c2cccc(-c3cc(-c4ccc(C#N)cc4)cc(-n4c5ccccc5c5ccccc54)c3)c2)cc1,14.35
CC(C)CN1C(=O)c2ccc(C#N)cc2C1=O,21.73
COc1ncc(-n2cnc(-c3ccc(C#N)nc3)n2)cc1-c1nc(C#N)cnc1C#N,30.73
N#Cc1ccc(-c2ccc3c(C(c4ccc(-c5ccc(C#N)nc5)cc4)c4cc(-c5ccc(C#N)cn5)c(C#N)cn4)cc(C#N)cc3n2)cc1,29.99
COc1cc(F)ccc1-c1nnc(CC#N)c(-c2ccc(C#N)cc2)n1,21.86
N#Cc1cccc(-c2cc3c(ncn3CCO)c(C#N)n2)c1,13.07
N#Cc1ccc(-c2nc(-c3cnc(Oc4ccccc4F)c(C#N)c3)nnc2-c2ccccc2)cc1,21.22
N#Cc1ccc(-c2ccc(-c3nc(-c4ccc(C#N)nc4)nc(-c4ccc(C#N)nc4)n3)cc2C#N)nc1,15.33
N#Cc1ccc(-c2ccc(C(=O)OCc3ccc(C#N)c(S(=O)(=O)c4ccc(C#N)cc4)c3)cc2)cc1,23.57
N#Cc1ccc(-c2ncc(-c3ccc(C#N)cn3)c(-c3ccc(C#N)nc3)n2)cc1,11.15
N#Cc1ccc(-c2nc3c(cc2C#N)COc2ccccc2-3)cn1,16.62
Cc1nc(C)c(-n2ccc(-c3ncc(C#N)c(C#N)n3)cc2=O)nc1C#N,17.68
N#Cc1cc(-c2ccc(C#N)nc2)nc(-c2ccc(-c3ccncc3)c3cc(-c4ncncn4)ccc23)c1,15.06
N#Cc1ccc(-c2nc(-c3ccc(-c4cnc(C#N)nc4)cc3)nc(-c3ccc(N=Cc4ccc(N)c(C#N)c4)nc3)n2)cn1,22.6
N#Cc1cccc(-c2cc(-c3cncc4cc(-c5ncncn5)ccc34)nc(-c3ccc(C#N)c4ccccc34)n2)n1,11.58
N#Cc1ccc(-c2ccnc(-n3cc(C#N)c4ccccc43)n2)cn1,16.25
N#CC#Cc1cc(-c2nc(-c3ccc(C#N)cc3)cc(-c3ccc(C#N)nc3)n2)c(C#N)c(-c2ccccc2C(N)=O)n1,22.66
N#Cc1cc(-c2cc(F)cc(-c3ccc(-n4cncn4)nc3)c2)ccc1-c1cnc(C#N)c(C#N)n1,24.68
N#Cc1ccc(-c2nc(C#N)cnc2-c2ccc(-c3ccc(C#N)nc3)nc2)nc1,14.32
N#Cc1ccc(COc2ccc(-c3cc(C(N)=O)nn3-c3ccc(C#N)c(C#N)c3)cc2)nc1,23.54
N#CC(C#N)=c1ccc(=C(C#N)c2nc(-c3ccc(C#N)cc3)cc(-c3ccc(C#N)cn3)n2)cc1,9.9
COc1ncc(-c2ccc(C=C(C#N)c3cc(=Nc4ccc(-c5cc(-c6ccc(C#N)cc6)cc(-c6ccc(C#N)cn6)c5)cc4)c4ccc(N)cc4o3)cc2)cn1,31.27
N#Cc1cnc(-c2ccc(-c3cc(C#N)c(C#N)cc3-c3cnc(C#N)nc3)cc2F)cn1,19.31
N#Cc1ccc(-c2cc(-c3cncc(C#N)n3)cc(-c3cnc(-c4ccc(C#N)nc4)nc3)n2)nc1,13.95
N#Cc1cccc(-c2ccc(-c3ccc(-c4cccc(C#N)n4)c(C#N)n3)cc2)c1,16.85
COc1nc(-c2nc(-c3ccc(C#N)nc3)nc(-c3ccc(OCc4ccc(C#N)cc4)c(C#N)c3)n2)ncc1C#N,15.82
N#Cc1cnn(-c2nc(-c3ccc(C#N)nc3)cc(-c3cccc(C#N)n3)n2)c1,12.13
Cc1cc(-c2ccc(C#N)cc2C#Cc2ccc(-c3ncc(-c4ccc(C#N)cc4)cn3)cc2C(F)(F)F)cc(C)n1,22.03
N#Cc1ccc(N2CCC(Cn3cnc4c(C#N)nc(-c5ccc(C#N)nc5)cc43)CC2)nc1,16.62
Cc1c(C=O)cc(-c2ccc(C#N)cc2)n1-c1ccc(-c2ccc(C#N)cc2)cc1,13.0
CC(C)COc1ccc(-c2nc(-c3ccc(-c4ccc(C#N)nc4)nc3)nn2C(=O)O)cc1C#N,19.69
N#Cc1cc(-c2c(C#N)cn3c(=N)c(C#N)n[nH]c23)cnc1Cl,36.04
N#Cc1ccc(-c2cc(-c3ccc(-c4ccnc(C#N)n4)c(C#N)c3)ncn2)cn1,15.27
N#Cc1ccc(-c2nc(-c3cccc(C#N)n3)c(C#N)nc2-c2ncc(C#N)cn2)cc1,14.68
CCc1nc(-c2ccc(Nc3nc(-c4ccc(C#N)cc4)cc(-c4ccc(-c5ccc(C#N)cc5)cc4)n3)cc2)no1,14.78
Cc1cc(-c2nc(C(C#N)c3ccc(-c4cc(C#N)ccn4)cc3)ncc2-c2cc3[nH]cnc3c(C#N)n2)nc(C)n1,23.01
C#CC#CC#CC#CC#CC#CC#CC#CC#CCCCCC(=O)O,21.62
N#Cc1cccc(-c2ccc(-c3nc4ccccc4n(Nc4ccccc4)c3=O)cc2)c1,26.19
N#Cc1ccc(-c2ncc(-c3ccc(-c4cccc(C#N)n4)cn3)cc2C#N)cn1,10.15
N#Cc1ccc(C=Nc2ccnc(N=c3cc(C#N)cc[nH]3)n2)cc1,14.4
CCOc1ccc(Oc2ccc(NC(=O)Cc3ccc(-c4ccccc4)cc3)cc2)c(-c2cc(-c3ccc(C#N)nc3)ncn2)c1C#N,38.52
Cc1[nH]c2cc(C#N)ccc2c1C(=O)CN1CCN(c2ccccc2O)CC1,29.25
Cc1cc(-c2ccc(-c3ccc(C#N)cn3)nc2)nc(-c2nc(N3CCN(C(C)c4ccc(F)cc4)CC3)nc(-c3ccc(C#N)cc3Cl)c2C#N)n1,26.9
N#Cc1ccc(-c2cc(-c3nc(C#N)c(-c4ccc(C#N)nc4)nc3C#N)ccc2C#N)cn1,16.17
N#Cc1ccc(-c2ccc(-c3nc(C#N)c(-c4ccc(-c5ccc(C#N)nc5)nc4)nc3C#N)nc2C#N)cc1,17.19
N#Cc1cccc(-c2ccc(N=c3nc(-c4ccc(OC5CCOCC5)c(C#N)c4)cc[nH]3)nc2)n1,9.83
N#Cc1ccc(-c2cnc(-c3cc(C#N)c(C#N)nc3-c3ccc(-c4cccc(C#N)c4)cc3)cn2)nc1,15.57
N#Cc1cc(-c2cnc(C#N)nc2)cc(-c2cc(C#N)nc(C#N)n2)n1,14.27
Cc1nccc(-c2ccc(Nc3nc(C)c(-c4ccc(CN=c5c(C#N)cc(C#N)nn5-c5ccc(C#N)cc5)cc4)nc3C#N)cc2)n1,34.95
N#CNC(=Nc1ccc(-c2ccc(C#N)cc2)cc1)NCc1ccc(-c2ccc(C#N)o2)cc1,26.15
CN(C(=O)c1ccc(C#N)cc1)c1cc(-c2cnc(C#N)nc2)cc(-c2cc3c(ncn3CC=Cc3ccccc3)c(C#N)n2)c1,23.57
CC1CN(Cc2cccc(F)c2)CCN1c1cnc(-c2ccc(-c3cnc(-c4ccc(C#N)cc4)cn3)cc2F)c(-c2ccncn2)n1,30.59
N#Cc1ccc(-c2ccc(C=Nc3ccc(-c4nc(-c5ccc(C#N)nc5)nc(-c5ccc(N=Cc6cc(C#N)cc(C=O)c6O)nc5)n4)cn3)cc2C#N)cc1,12.49
N#Cc1ccc(-c2ccc(OCC(O)Cn3c(-c4ccc(C#N)c(C#N)c4)nc(-c4ccc(C#N)cc4)c3C#N)cc2C#N)cc1,37.87
Cc1nc2cc(C#Cc3ccc(-c4ccc(C#N)cc4)c(C#N)n3)ccc2c(=O)n1-c1ccc(-c2ccc(C#N)cc2)cc1,18.57
N#Cc1ccc(-c2nc(-c3ccc(-c4ccc(C#N)cc4)c(C#N)c3)nc(-c3ccc(C#N)c(F)c3F)n2)cc1,15.58
N#Cc1ccc(N2CCC(CO)C2)c(-c2cc(C(=O)Nc3ccc(N)cc3)c(F)cn2)n1,28.02
N#Cc1ccc(-c2cccc(C#Cc3ccc(C#N)c(-c4ccccc4C#N)c3)c2)cc1,19.4
N#Cc1ccc(-c2cc(-c3cccc(C#N)n3)nc(-c3cc(C#N)ccc3CCc3ccccc3)n2)nc1,20.22
C#CC#CC#CC#CC#CC#Cc1ccc(C#Cc2ccc(C#N)cc2)cn1,16.32
Cc1[nH]c(-c2ccc(-c3cccc(C#N)c3)cc2)nc1-c1ccc(-c2ccc(C#N)cn2)cc1,15.28
N#Cc1ccc(-c2ccc(C#Cc3ccsc3)cc2C#N)cn1,20.8
Nc1ccc(C(=C(c2ccc(N)cc2)c2ccc(N)cc2)c2ccc(N)cc2)cc1,14.07
N#Cc1ccc(-c2cc(-c3ccc(C#N)cn3)cc(-c3ccc(-c4cnc(-c5ccc(C#N)cc5)c(C#N)n4)cn3)c2)cc1,14.34
N#Cc1ccc(-c2nc(-c3cc(-c4ccc(C#N)nc4)cc(-c4ccc(C#N)cn4)c3)no2)cc1,21.53
N#Cc1ccc(-c2ccc(CNc3ccc(S(=O)(=O)c4ccc(Oc5ccc(C#N)c(C#N)c5)c(C#N)c4)cc3)cc2)cc1,23.39
N#Cc1cccc(-c2cccc(C(=O)Nc3nc(C#N)c(=N)[nH]c3N)n2)c1F,23.64
N#Cc1ccc(-c2ccc(N3CC(Cn4cnc5c(C#N)nc(-c6ccc(Cl)cc6)cc54)OC3=O)cc2)cc1,19.46
N#Cc1ccc(C#Cc2ccnc(-c3nc(C#N)ncc3C#N)c2)nc1,18.39
CN(C)c1[nH]c(C(C#N)c2ccc3cc(-c4cc(C#N)ccn4)ccc3n2)nc1C#N,26.8
N#Cc1ccc(-c2ccc(-c3nc(C#N)c(-c4ccc(C#N)c(C#N)c4)nc3C#N)nn2)cn1,15.83
N#Cc1cccc(-c2ccc(-c3nc(C#N)c[nH]3)cc2)c1,11.15
N#Cc1ccc(-c2ccc(-n3c(C=Cc4cc(C#N)ccn4)nc4ccccc43)cc2)cc1,14.26
N#Cc1ccc(-c2ccc(-c3nc(=Nc4ccc(-c5cccc(C#N)n5)cn4)cc(C#N)[nH]3)cn2)cn1,16.96
N#Cc1ncc(-c2ccc(-c3cc4ccncc4c(C#N)n3)cn2)nc1C#N,16.7
N#Cc1ccc(-c2ccc(-c3cccc(C#Cc4cccc5ccc(-c6cn7ccccc7n6)cc45)c3)nc2)cc1,24.32
CN1CCC(Oc2ccc(-c3nc(-c4cnc(C#N)nc4)nc(-c4ccc(C#N)n4CC4CCCO4)n3)cc2C#N)CC1,29.78
N#Cc1ccc(C#Cc2ccc3c(c2)CCN(CC(=O)O)C3=O)cc1,15.88
Cc1ccc(-c2nc(C)nc(-c3nc(C#Cc4ccc(C#N)cn4)nc(-c4ccc(C#N)cc4)n3)c2C#N)c(C)c1,19.04
N#Cc1ccc(C#Cc2cc(-c3ccc(C#N)nc3)nc(-c3cc(-c4ccc(C#N)cc4)c(C#N)cn3)n2)cc1,11.22
Cn1nc(C(F)(F)F)c(F)c1-c1cc(F)c(C#Cc2cncnc2)cn1,28.27
Cc1nc(=N)nc(-c2cc(C#N)ccc2-c2ccc(C#CC#Cc3ccc(C#N)cc3C#Cc3ccc(C#N)cc3)cc2)[nH]1,17.94
N#Cc1ccc(Cn2cnc3c(C#N)nc(-c4ccc(C(N)=O)c(F)c4)cc32)nc1C#N,20.43
N#Cc1ccc2c(c1)-c1cc(C#N)c(-c3ccc(C#N)nc3)cc1C2(O)C(F)(F)F,18.0
C=C1C(c2cnc(C#N)c(C#N)n2)CCN1c1nc(-c2cccc(C#N)n2)c(C#N)nc1-c1cc(-c2cnc(C#N)cn2)ccc1C#N,32.29
N#Cc1ccc(-c2cc(-c3ccc(-c4cnc(-c5ccc(C#N)cc5)c(C#N)n4)cc3)ccc2C#N)cc1,9.18
CCc1nc(-c2nc(-c3ccc(C#N)nc3)cc(-c3cccc(C#N)c3)n2)c(C#N)c(-c2ccc(Cl)cc2Cl)n1,16.95
N#Cc1ccc(-c2cc(C#N)nc(-c3cc(-c4ccc(C#N)nc4)nc(-c4ccc(C#N)nc4)c3C#N)n2)nc1,15.11
N#Cc1ccc(-c2cc(C#CC(F)(F)c3nc(C#N)cc(-c4cccc(C#N)n4)n3)ccc2C#N)cc1,18.92
N#CC=Cc1cccc(-c2cc(-c3ccc(C#N)cc3)nc(-c3ccc(OC4CCOCC4)c(C#N)c3)n2)n1,15.39
N#Cc1ccc(-c2cn(-c3ccc(-c4ccc(-c5cnc(C#N)c(C#N)n5)cc4)cc3)nn2)cn1,18.97
N#Cc1ccc(-c2cc(-n3ccc4cc(Br)ccc43)nc(-c3cnc(C#N)nc3)n2)cn1,22.3
C=c1[nH]c(=Cc2ccc(-c3cccc(C#N)c3)cc2)c(=O)n1-c1ccc(O)c(C(=O)O)c1,19.3
N#Cc1cccc(-c2ccc(-c3c(C#N)c(=N)n4nc(C#N)cc4c4ncccc34)cc2)n1,26.66
N#Cc1ccc(-c2ccc(-c3cccc(-c4ccc(-n5cc(C#N)cn5)cc4)n3)cn2)cc1,17.58
N#Cc1ncc(-c2ccc(-c3nc(C#N)c4nc(C#N)c(C#N)nc4c3O)cc2)cn1,16.3
N#CC(C#N)=c1ccc(=C(C#N)c2nc(-c3cnc(-c4cnc(C#N)nc4)nc3)cc(C(O)(c3ccc(F)cc3)c3ccc(C#N)cc3)n2)cc1,21.7
N#Cc1ccc(-c2cccc(-c3ccc(-c4cc(-c5ccc(-c6ccc(C#N)cn6)cc5)[nH]c(=NN)n4)cc3)c2)cc1,23.72
N#CC1=C(c2ccc(C#N)cc2)CC(c2ccc(-c3ccc(C#N)cn3)cc2)(C(F)(F)F)NC1=O,19.76
N#Cc1ccc(-c2ccc(-c3nc4cc(-c5ncncn5)ccc4cc3-c3cccc(C#N)n3)cc2)nc1,23.87
Cc1nc(=N)nc(-n2cc(C#N)c3c(C#N)nc(-c4ccc(F)cc4)cc32)[nH]1,16.39
Cc1nc(C=O)cn2c(-c3ccc(-c4ccc(C#N)cn4)cc3)nc(C#N)c12,16.89
N#Cc1ccc(C#Cc2ccc(-c3nc(C#Cc4cc(C#N)cc(C#N)c4)nc(-c4cccc(C#N)c4)n3)cn2)cc1,33.3
N#Cc1ccc(N=c2[nH]n(C3CC(O)C(N)CC3C#N)cc2C(=O)Nc2sc(-c3cccc(C#N)c3)nc2C#N)cc1,32.42
N#Cc1ccc(C#Cc2ccc(-c3cc(-c4ccc(C#N)nc4)nc(-c4ccc(C#N)cc4Cl)n3)cc2)cc1,17.37
Cc1cc(-c2nc(-c3ccc(C#N)nc3)cc(C(C#N)c3ccc(C#N)cc3)n2)cc(C)n1,21.23
N#Cc1ccc(-c2nc(C#N)cc(-c3ccc(-c4cccc(C#N)n4)cc3)c2-c2ccc(F)cc2)cc1,16.89
CCn1c(C#N)ccc1-c1cc(-c2nc(-c3ccc(C#N)nc3)cc(-c3cccc(C#N)n3)n2)ccc1C#N,15.74
N#Cc1ccc(-c2ccc(-c3nc(-c4ccc(C#N)nc4)c(C#N)c(-c4ccc(C#N)nc4)n3)c(C#N)c2)cc1,18.41
CN1CCC(Oc2ccc(-c3nc(C(=O)c4ccc(C#N)cc4)nc(-c4ccc(N=Cc5cc(C#N)cc(C=O)c5O)nc4)n3)cc2C#N)CC1,18.69
Cc1cnc(Cl)nc1-c1ccc(N(Cc2nc(-c3ccc(C#N)cn3)nc(-c3ccc(C#N)cc3)c2C#N)c2ccc(-c3cccc(C#N)c3)cc2)cc1,22.87
N#Cc1ccc(Nc2cc(C#Cc3cc(F)cc(C#N)c3)cc(C#N)n2)nc1,20.24
N#Cc1ncc(-c2ccc3c(-c4cnc(C#N)nc4)nc(-n4ccc(-c5cncnc5)n4)nc3c2)cn1,20.35
N#Cc1ccc(-c2nc(-c3cccc(C#N)n3)nc(-c3nc(C#N)cc(-c4ccc(C#N)cc4)c3C#N)n2)cc1,9.98
N#Cc1ccc(-c2cc(C#N)nc(-c3c(-c4ccc(F)cc4C#N)[nH]cnc3=N)c2)cn1,34.07
Cc1nc(C)nc(-c2ccc(C#N)cn2)n1,13.92
N#Cc1cccc(-c2ccc(-c3nc(-c4cnc(C#N)nc4)nc(-c4cnc(OCC5CC5)c(C#N)c4)n3)cc2)c1,16.68
N#Cc1ccc(-c2cc(C3=CC(C#N)NC(c4ccc(C#N)cc4)(C(F)(F)F)C3)ccc2C#N)cc1,23.17
N#Cc1ccc(-c2cc(C#N)nc(-c3cccc(-c4ccc(-n5ccc6cc(F)ccc65)c(C#N)c4)n3)c2C#N)cn1,23.37
N#Cc1ccc(-c2cc(C#Cc3ccc(C#N)nc3)nc(-c3ccc(C#N)nc3)c2)cc1,14.89
Cc1nc(C#N)ccc1-c1nc(-c2ccc(C#N)cc2)nc(-c2ccc(OC3CCC(C(=O)O)CC3)c(C#N)c2)n1,13.96
N#Cc1cncc(-c2cc(-c3ccc(-c4cccc(C#N)n4)cn3)cc(-n3cccn3)c2)c1,14.24
N#Cc1ccc(-c2nc(C#N)ccc2CN2CCC3(CC2)CNC(=O)C3)cc1,28.3
Cc1nn(-c2ccc(NC(=O)c3ccc(C#N)cc3)cc2)c2[nH]c(-c3ccc(C#N)cc3)nc(=O)c12,21.88
N#Cc1cncc(-c2cc(C#N)c(-c3ccc(-c4nccnc4C#N)cc3)cn2)n1,15.37
N#Cc1nc(-c2ccc(-c3nc[nH]n3)nc2)nc2c1ncn2CC1CCC(F)(F)CC1,22.42
N#Cc1ccc(-c2ccc(-c3ccc(-c4nc(C#N)c(-c5cccc(C#N)n5)o4)nc3)cc2C#N)cn1,19.87
CC1(C)OCC(COc2cnc(-c3ccc(-c4nc(C#N)c(-c5cccc(C#N)n5)nc4C#N)cc3)nc2)O1,20.64
CN1CCN(Cc2nc(-c3ccc(C#N)nc3)ccc2F)CC1,20.81
N#Cc1ccc(-c2ccc(-c3cc(C#N)cn3-c3cc(-c4cccc(C#N)n4)ccn3)cc2)cc1,15.42
COCCC(=O)Nc1ccc(-c2ccc(-c3cnc(C#N)c(C#N)n3)nc2)cc1C#N,26.33
N#Cc1ccc(-c2c(C#N)nc3ccc(-c4ncncn4)cc3c2-c2ccc(C#N)cc2)cc1,12.78
CNCCn1cc(-c2cc3nc(-c4ccc(C#N)cn4)[nH]c3c(C#N)n2)cc(N=c2cccc(C#N)[nH]2)c1=O,37.1
Cc1nc(C)c(-c2ccc(C#N)nc2)nc1C#N,10.21
N#Cc1ccc(-c2cc(-c3ccc(-c4cnc(C#N)c(C#N)n4)c(C#N)n3)nc(C#N)n2)nc1,12.77
Cc1cc(C#N)c(N)cc1-c1nc(C#N)cc(-c2nccc(-c3ccc(-n4cc(C#N)cn4)nc3)n2)c1C#N,19.0
N#Cc1ccc(-c2ccc(-c3nc(-c4ccc(C#N)nc4)nc(-c4ccc(C#N)nc4)c3C#N)cc2)cc1,13.57
N#Cc1ccc(-c2ncc(C#N)nc2-c2cc(N)c(N)c(NCc3ccc(-c4ccc(C#N)c(C#N)c4)cc3)c2)cc1,22.86
N#Cc1cnc(-c2ccc(-c3cc4c(ncn4CC=O)c(C#N)n3)cc2)cn1,17.75
N#Cc1ccc(-c2ccc(-c3c(-c4ccc(-c5cccc(C#N)c5)cc4)nnc(C#N)c3C#N)cc2)cc1,13.11
N#Cc1ccc(Nc2ccc(-c3ccc(-c4cccc(C#N)n4)c(-c4ccc(C#N)cn4)n3)nc2C#N)cc1,17.36
N#Cc1cccc(-c2cccc(-c3cc4c(ncn4Cc4ccc(-c5ccccc5)cc4)c(C#N)n3)c2)n1,13.66
Cc1cccnc1CN(Cc1ccc(-c2ccc(C#N)nc2)cc1)C(=O)CCc1ccc(-c2ccc(C#N)cc2)cc1,27.44
Cc1cc(C#N)c(Cl)cc1-c1cc(-c2ccc(C#N)cn2)cc(-c2nc(-c3ccc(C#N)cc3)cc(-c3ccc(C#N)nc3)n2)c1C#N,17.51
N#Cc1ccc(-c2nc(C(=O)c3ccc(F)cc3)cnc2-c2ccc(C#N)cn2)cc1,25.39
N#Cc1cccc(-c2ncc(-c3ccc(-c4nc(C#N)ccc4C#N)nc3)nc2C#N)n1,16.46
N#CC(C#N)=c1ccc(=C(C#N)c2nc(C(=O)c3ccc(C#N)c(C#N)c3)nc(-c3ccc(C#N)cc3)n2)cc1,17.31
N#Cc1ccc(-c2ccnc(CNc3ccc4c(c3)C(=O)c3cc(NC=C5C(=O)C(=O)c6ccccc6C5=O)ccc3C4=O)n2)cc1,20.81
N#Cc1ccc(-c2cc(-c3ccc(F)cc3)nc(-c3ccc(C#N)cc3Cl)n2)cc1,19.73
Cc1cc(C#N)c(Cl)cc1-c1nc(N2CCN(C(=O)CO)CC2C)nc(-c2nc(C#N)nc(-c3cncc(C#N)c3)n2)c1C#N,25.97
N#Cc1ccc(-c2ccc(-c3ccc(-c4cnc(-c5cccc(C#N)n5)c(C#N)n4)cc3)nc2C#N)cc1,12.53
N#Cc1ccc(C=CN2CCc3c(sc(NC(=O)c4ccc(-c5ncccn5)c(C#N)c4)c3C#N)C2)cc1,26.03
N#Cc1ccc(-c2nc(-c3ccc(-c4ccc(C#N)nc4)c(C#N)c3)nc(-c3cccc(C#N)n3)n2)cn1,11.77
Cc1cc(-c2nc(-c3cnc(OC4CCC(C(=O)O)CC4)c(C#N)c3)nc(-c3cccc(C#N)n3)n2)cc(C)n1,17.3
N#Cc1cccc(-c2ccc(N=c3nc(-c4ccc(OC5COCC5C#N)nc4)cc[nH]3)nc2)n1,20.3
N#Cc1ccc(-c2cc(-c3ccc(-c4ccc(C#N)nc4)c(C#N)c3)nc(C#N)n2)cn1,11.24
N#Cc1ccc(-c2nc(-c3ccc(C#N)nc3)c(C#N)c(-c3nc(-c4ccc(C#N)nc4C#N)nc(-c4ccc(C#N)nc4)c3C#N)n2)cn1,24.69
N#Cc1cccc(-c2ccc(-c3ccc(-c4ccc(-c5nc(C#N)cc(C#N)n5)cc4)nc3)nc2C#N)n1,14.06
N#Cc1ccc(-c2cc(C#N)nc(-c3ccc(-c4nc5cc(N)ccc5[nH]4)cc3)n2)cc1,17.96
N#Cc1ccc(-c2ccc(-c3cc(-c4ccc(C#N)nc4)nc(-c4ccc(C#N)c(F)c4F)n3)cn2)nc1,12.59
N#Cc1ccc(-c2ccc(Oc3ccc(-c4nc(C#N)c(C#N)nc4C#N)cc3C#N)cc2)nc1,21.81
N#Cc1ccc(-c2cc3c(ncn3CCO)c(C#N)n2)cc1C#N,14.29
N#Cc1ccc(-c2noc(-c3cc(-c4cccc(C#N)n4)ccc3-c3nccc(C#N)n3)n2)cc1,19.38
C=Cn1cc(C#N)c(=O)c2c(C#N)nc(-c3cccc(C#N)c3)cc21,21.87
N#Cc1ccc(C#N)c(-c2cc(-c3cc(F)c(C#N)c(F)c3)nc(C#N)n2)n1,18.11
N#Cc1ccc(-c2cc(-c3ccc(-n4ccnc4)cc3)nc(-c3ccc(C#N)nc3)n2)cc1,18.76
N#CC(=Cc1ccc(-c2cccc(C#N)c2)o1)c1nc(C(C#N)=c2ccc(=C(C#N)C#N)cc2)nc(C(C#N)=c2ccc(=C(C#N)C#N)cc2)n1,9.07
N#Cc1ccc(-c2ccc(Cn3cnc4c(C#N)nc(-c5cccc(-c6ncc(C#N)cn6)c5)cc43)cc2)cc1,15.53
N#Cc1cnc(-c2cc(-c3ccc(C#N)nc3)cc(-c3cccc(C#N)n3)c2)nc1,11.12
N#CC(C#N)=C1C(C#N)=C2c3ccccc3C(F)=CN2C(=N)C1C#N,28.3
N#Cc1ccc(-c2oc(-c3ccc(C=Nc4ccc(-c5ccc(C#N)cn5)cc4)cc3)nc2C#N)cc1,14.62
N#Cc1ccc(-c2c(C#N)c(C#N)cc3nc(-c4cnc(C#N)nc4)c(-c4ncncn4)cc23)cn1,23.8
N#Cc1ccc(Cl)c(NC(=O)Nc2cc(Nc3ccc(C#N)c(C#N)c3)nc(C#N)n2)c1,20.16
N#Cc1ccc(-c2nc(-c3ccc(OC4CCC(C(=O)O)CC4)c(C#N)c3)nc(-c3cccc(C#N)n3)n2)nc1,8.63
N#Cc1ccc(C#Cc2cc(-c3ccc(-c4cncc(C#N)n4)cc3C#N)c(Br)s2)cn1,16.33
N#CC(C#N)=c1ccc(=C(C#N)c2nc(-c3ccc(C#N)nc3)cc(-c3ccc(C#N)cn3)n2)cc1,8.8
N#CC(C#N)=c1ccc(=C(C#N)c2nc(-c3cc(-c4ccc(C#N)cc4)c(C#N)cn3)cc(-c3ccc(C#N)cc3F)n2)cc1,15.1
CNC(=O)c1nccc(-c2ccc(Nc3ccc(-c4cccc(C#N)n4)cn3)c(C#N)c2)n1,23.47
COCc1nc(-c2ccc(-c3ccc(C#N)cc3)c(C#N)c2)c(C#N)nc1-c1ccc(C#N)nn1,12.19
Cc1cc(COc2ccc(-c3cc(-c4ccc(C#N)cc4)cc(-c4ccc(C#N)cn4)c3)cc2)c2c(N)c(C#N)ncc2n1,21.98
N#Cc1ccc(-c2ccc(Nc3cc(N)c(C#N)c(=N)[nH]3)cc2C#N)cn1,19.16
N#Cc1ccc(-c2c(C#N)cc(-c3cccc(C#N)c3)cc2-c2ccc(-c3ccc(C#N)cn3)cn2)cc1,11.92
CN(c1nc(C#N)nc(-c2ccc(-c3ccc(C#N)cn3)c(C#N)c2)c1C#N)C1CCC(O)CC1,19.62
N#Cc1ccc(C=O)c(-c2c(C#N)c(-c3nc(C#N)nc(-c4ccc(F)c(C#N)c4)n3)nc3ncccc23)n1,23.19
N#Cc1ccc(C(=O)c2nc(-c3ccc(C#N)nc3)c(C#N)cc2-c2ccc(C#N)cc2)cc1,12.57
CC(C)Oc1ncc(-c2nc(-c3ccc(C#N)nc3)nc(-c3ccc(C#N)cc3C#Cc3ccc(C#N)cc3)n2)cc1C#N,18.47
N#Cc1ccc(-c2ccc(-n3c(N)c(C#N)c(C#N)c3-c3ccc(-c4ccc(C#N)cc4C#N)cc3)cc2)cc1,14.52
N#Cc1ccc(-c2cc(-c3ccncc3)nc(-c3cccc4ccccc34)c2)cc1,15.9
COc1ccc(-c2ccc(=O)n(C3c4cc(C#N)ccc4OC(C)(C)C3O)n2)cn1,22.63
N#Cc1c[nH]c(-c2cc(-c3ccncc3)cc3nc(-c4ccc(C#N)c(F)c4)ccc23)n1,26.29
N#CC(=Cc1ccc(-c2ccc(C#N)cc2)cc1)c1nc(C(C#N)=c2ccc(=C(C#N)C#N)cc2)nc(-c2ccc(C#N)c(-c3ccc(C#N)cc3)c2)n1,20.16
N#Cc1ccc(-c2ccc(-c3ccc(C#N)c4nc(-c5ccc(C#N)cn5)ccc34)cc2)nc1,21.32
N#Cc1ccc(-c2cc(-c3ccc(-c4nc(Cl)nc(Cl)n4)cc3)cc(-c3ccccc3C#N)n2)cc1,15.4
N#Cc1ccccc1-c1ccc(-c2cccc(COc3ccc(C=O)cc3)c2)nc1C#N,23.05
Cn1c(C#N)ccc1-c1cc(OC2CCOCC2)nc(-c2ccc(C#N)cn2)c1,21.1
N#Cc1ccc(-c2n[nH]c(-c3ccc(-c4cc(C#N)ccc4C#N)cn3)n2)cc1,25.66
N#Cc1ccc(-c2ccc(-c3ccc(-n4c5ccccc5c5cc(-c6ccc(=N)[nH]c6)ccc54)cc3)cc2)nc1,39.75
C=Cc1c(C#N)nc(-c2ccc(C#N)cc2)nc1-c1ccc(-c2ccc(C#N)cc2)nc1,21.73
N#Cc1ccc(-c2ccc(-c3cc(-c4ccncc4)ccc3-c3ccc(-c4ccc(C#N)cn4)cc3)cc2)cc1,11.03
N#Cc1ccc(-c2cc(-n3c(C#N)nc4c(OC5CCN(Cc6cccc(C#N)c6)CC5)cccc43)ccc2C#N)cc1,31.07
N#Cc1ccc(C#Cc2ccc(-c3cncc(C#N)n3)cc2-c2csc(C#N)c2)nc1,24.76
Fc1ccc(C#Cc2nc(Oc3ccc(-n4cccc4)cc3)nc(-c3ccncn3)n2)cc1,37.77
Cc1nc(C#Cc2ccc(-c3ccc(-c4cccc(C#N)n4)cc3)nc2)cs1,17.42
N#Cc1ccc(-c2nc(-c3ccc(N=Cc4cc(C#N)cc(C#N)n4)nc3)nc(-c3ccc(C#N)c(F)c3F)n2)nc1,21.63
N#Cc1ccc(-c2cc(-c3cc(-c4ccc(Br)s4)nc(-c4cnc(C#N)nc4)n3)c(C#N)c(-c3cccc(C#N)n3)n2)cn1,30.87
N#Cc1cc(F)cc(C#Cc2cnc(-c3cnc(C#N)nc3)cn2)c1,18.33
N#Cc1ccc(-c2nc(=Nc3ccc(C#N)c(C(F)(F)F)c3)nc(C#N)[nH]2)cn1,12.18
COc1ccc(-c2cc(-c3ccc(C#N)cc3)cc(-c3nc(-c4ccc(-c5cccc(C#N)c5)cc4)nc(-c4ccc(C#N)c(F)c4F)n3)c2C#N)c(C(F)(F)F)c1,22.85
N#Cc1ccc(C(=O)n2cc(C(=O)c3cncc(C#N)c3)c3ccc(-c4ncncn4)cc32)cc1,25.04
N#Cc1ccc(-c2ccc(-c3cccc(C4=NCCN4)c3)nc2C#N)cc1,17.17
N#Cc1cncc(-c2nc(-c3ccc(-c4ccc(C#N)nc4)c(C#N)c3)nc(-c3cccc(C#N)n3)n2)c1,13.68
N#Cc1ccc(-c2ccc(-c3nc(C#N)c(-c4ccc(C#N)cc4)o3)nc2)cc1,14.52
N#Cc1ccc(-c2ncc(C#N)nc2-c2ccc(-c3ccc(C#N)nc3)cn2)cc1,10.49
N#Cc1cccc(-c2ccc(-c3ccc(-c4ccc(C#N)nc4-c4nccc(C#N)n4)cc3)nc2C#N)n1,11.99
N#Cc1ccc(-c2[nH]c(=Nc3ccc(-c4cncc(C#N)n4)cn3)ncc2C#N)cn1,15.08
CC(C)(C(=O)O)c1cc(-c2ccc(C#N)cc2)c(C#N)c(-c2cccc(-c3ccc(C#N)cc3)n2)n1,18.07
N#Cc1ccc(-c2cccc(-c3nc(-c4ccc(-c5ccc(C#N)cc5F)nc4)nc(-c4ccc(-c5cccc(C#N)n5)cn4)n3)c2C#N)nc1,19.06
N#Cc1cccc(-c2ccc(-c3ccc(C#N)c(-c4cncnc4)c3)nc2C#N)n1,14.51
N#Cc1ccc(-c2cc(-c3ccc(-c4ccc(-c5ccc(C#N)c(C#N)c5)c(C#N)n4)cc3)nc(C#N)n2)cn1,16.16
Cc1cc(C#N)cc(C#N)c1-c1cc(-c2ccc(C#N)cc2C#N)nc(-c2ccc(C#N)c(-c3ccc(C#N)cc3)c2)n1,16.84
N#Cc1ccc(-c2ccc(-c3ccnc(-n4cc(C(=O)Nc5cccnc5)cn4)n3)cc2)cc1,22.47
N#Cc1ccc(-c2cc(-c3ccc(-c4ccccc4C#N)cc3)cc(-c3ccc(C#N)nc3)c2)cn1,21.02
CC(O)c1nc(-c2cnc(-c3ccccc3)cc2C#N)c(C#N)nc1-c1nc(Cl)nc(N(C)C2CC=CCC2)n1,45.17
COc1cc(-c2nc(-c3ccc(OC4CCC(F)(F)CC4)c(C#N)c3)nc(-c3cc(C#N)cc(-c4cc(F)c(C#N)cc4C)c3C#N)n2)ncc1C#N,24.14
N#Cc1ccc(-c2ccc(-n3c(=O)ccc4cc(-c5ccc(C#N)nc5)ccc43)cc2)cc1,11.16
N#Cc1ccc(-c2cc(C#N)nc(-c3ccc(-c4ccncc4)cc3)c2)cn1,12.12
N#Cc1cccc(-c2ncc(-c3ccc(-c4cnc(-c5cnc(C#N)nc5)nc4)nc3)nc2C#N)n1,14.09
N#Cc1ccc(-c2c(-c3ccc(C#N)cn3)cc(-c3ccccc3C#N)nc2C#N)cc1,17.06
C#Cc1cc(-c2cnc(C#N)c(C#N)n2)ccc1-c1cnc(-c2ccc(C#N)c(C#N)c2)c(C#N)n1,20.39
N#Cc1ccc(-n2c3ccccc3c3cc(-c4cccc(C#N)n4)ccc32)cc1,11.44
N#Cc1cncc(-c2cc(C#N)n(-c3ccc(C#N)c(C#N)c3)n2)n1,17.75
N#Cc1ccc(-c2ccc(-c3ncc(C#N)c(C#N)n3)cc2)c(-c2cnccn2)c1,19.71
Cc1nc(C#N)cn1-c1ccc(-c2nc(-c3cc(C#N)cc(-c4cnc(C#N)c(C#N)n4)c3C#N)nc(N(C)C#N)n2)cc1C#N,31.9
Cc1ccc(N)cc1N,16.33
N#Cc1ccc(-c2ccc(Cn3cnc4c(C#N)nc(-c5ccc(-c6ccc(C#N)nc6)cc5)cc43)cc2)cc1,10.47
N#Cc1ccc(-c2cc(-c3cccc(-c4nc(-c5ccc(C#N)cc5)c(C#N)c5ccccc45)c3)ncc2C#N)cc1,20.88
N#Cc1ccc(-c2cc(-c3cnc(Oc4ccc(-c5cccc(C#N)n5)cc4)c(C#N)c3)nc(-c3ccc(C#N)nc3)n2)cc1,21.41
N#Cc1ncc(-c2cnc3c(c2)ncn3-c2ccc(C#N)c(C#N)c2)cn1,22.31
CCc1cc(-c2ccc(C#N)cn2)nc(-n2c(-c3ccc(C#N)cc3)c(C#N)c(C#N)c2-c2ccc(C#N)cc2)c1C#N,26.01
Cc1cc(C#N)c(C#N)cc1-c1nc(C#N)cc(-c2nc(-c3ccc(C#N)nc3)nc(-c3ccc(F)c(C#N)n3)n2)c1C#N,20.35
N#Cc1ccc(-c2ccc(C#Cc3ccc(-c4cccc(C#N)n4)cc3)cn2)nc1,15.39
N#Cc1cc(-c2ccc(-c3cnc(N=Cc4ccc(OC5OC(CO)C(O)C(O)C5O)c(C#N)c4O)nc3)nc2)ccn1,23.88
N#Cc1ccc(-c2ncc(-c3ccc(C#N)nc3)nc2-c2ccc(C#N)cc2)cc1,12.16
N#Cc1ccc(-c2ccc(-c3nc(C#N)c(-c4cccc(C#N)n4)nc3N=c3nc(C#N)cc(C#N)[nH]3)cn2)nc1,16.01
Cc1cc(C#N)nc(-c2cc(N=c3nc(C(F)(F)F)cc[nH]3)cc(-c3ccc(C#N)nc3)c2)c1,24.42
N#Cc1ccc(-c2ccc(-c3cc4c(ncn4Cc4cncc(C#N)n4)c(C#N)n3)cc2)nc1,12.13
N#Cc1ccc(-c2cc(-c3cccc(C#N)n3)cc(-c3ccc(C#N)c4ccccc34)n2)cn1,17.61
CCCn1cnc2c(C#N)nc(-c3ccc(Oc4ccc(C#N)cc4)cc3)cc21,19.03
N#Cc1nc(C#N)nc(-c2cc(C#N)c(C#N)cc2-c2ccc(C#N)c(F)c2)n1,15.2
N#Cc1cccc(-c2nc(-c3cnc(OC4CCC(C(N)=O)CC4)c(C#N)c3)nc(-c3ccccc3N)n2)c1,18.7
N#Cc1cccc(-c2ccnc(-c3nc(C#N)nc(C#N)n3)c2F)n1,20.3
N#Cc1ccc(-c2nc(-c3ccc(C#N)nc3)nc(-c3ccc(C#N)nc3)n2)nc1,10.26
N#Cc1ccc(Nc2cc(N)c(C#N)c(Nc3ccc(C#N)nc3)c2)cc1,17.81
N#CC(C#N)=c1ccc(=C(C#N)c2nc(C(=Cc3ccc(C#N)cc3)c3ccc(C#N)cc3)nc(-c3ccc(C#N)cn3)n2)cc1,13.15
N#Cc1ccc(-c2nc(-c3ccnc(C#N)c3)nc(-c3ccc(C#N)c(-c4ccccc4)c3)n2)cc1,16.69
N#Cc1ccc(-c2cc(C#N)ccc2C#Cc2ccc(-c3cccc(C#N)n3)cc2)cc1,9.64
N#Cc1ccc(-c2ncc(-c3cncc(C#N)c3)nc2-n2nc(-c3ccc(C#N)cc3)c3ccccc32)cc1,16.25
Cc1cc(C#N)c(Cl)cc1-c1nc(C2CCC2)nc(-c2nc(-c3ccc(C#N)cn3)cc(-c3c(F)c(F)c(C#N)c(F)c3F)n2)c1C#N,14.72
Cc1ccc(S(=O)(=O)C=Cc2ccc(C#N)cc2)cc1,14.58
Fc1ccc(-c2ccc(C(c3ccc(-c4ccc(F)cc4)cn3)n3cncn3)cc2)cc1,19.57
O=Cc1cccc(-n2c3ccccc3c3ccccc32)c1,17.29
N#Cc1cc(-c2cccc(-c3cc(-n4cnc5ccccc54)cc(-n4cc(C(N)=O)cn4)n3)n2)c(C#N)c(-c2ccccc2C(F)(F)F)c1,37.18
CN(C)c1ccc2nc(-c3ccc(-c4ccc(C#N)nc4)cc3)c(=O)n(Cc3ccc(-c4ccc(C#N)cc4)cc3)c2c1,29.73
Cc1ccc(-c2ccc3c(c2)C(C#N)(c2ccnc(C#N)n2)CN3)n1-c1ccc(-c2ccc(C#N)cc2)cc1,33.3
C=C(C#N)C(=O)c1cc(-c2ccc(C#N)cc2)c(C#N)c(-c2nc(C#N)nc(-c3cccc(C#N)c3)n2)n1,25.92
Cc1cc(C(=O)NN=Cc2cc(Br)c(O)c(Br)c2O)cc(-c2ccc(C#N)cc2)c1O,25.33
N#Cc1ccc(-c2ccc(-c3cc4c(ncn4Cc4ccc(-c5ccc(C#N)cc5C#N)cc4)c(C#N)n3)cc2)cc1,15.19
N#Cc1ccc(-c2ccc(-c3cc(-c4ccc(C#N)cc4)nn3-c3cccc(-c4ccc(C#N)cn4)c3)cc2)cc1,14.62
Cc1cc(C=CC(=O)c2ccc(C#N)cc2)c(C)n1-c1ccc(-c2ccc(C#N)cc2)cc1C#N,16.92
N#CC=Cc1cc(-c2ccc(C#N)c(C#N)c2)cc(C=CC#N)n1,13.14
N#Cc1ccc(-c2cc3c(ncn3Cc3cc4ccc(-c5c[nH]c(=N)c(C#N)n5)cc4nc3C(F)(F)F)c(C#N)n2)cn1,26.48
N#Cc1cc(-c2nc(C#N)c(C#N)nc2C#N)cnc1N=Cc1ccc(C#N)c(C#N)c1O,20.09
N#Cc1ccc(-c2ncc(-c3nccc(C#N)n3)cc2C#N)cn1,11.1
N#Cc1ccc(-c2c(C#N)c(C#N)c(-c3cccc(C#N)n3)n2-c2ccc(Cl)cc2)cc1,16.91
N#Cc1ccc(-c2ccc(C#CC#Cc3nc(-c4ncc(C#N)c(C#N)n4)ncc3C#Cc3ccc(-c4ccc(C#N)cc4)nn3)cc2)cc1,20.71
CCN(CC)CC1=C(O)C(=Nc2ccc(-c3nc(-c4ccc(C#N)cc4)cc(-c4ccc(C#N)c(-c5ccc(C#N)cc5)c4)n3)cc2)C(=O)C(C=O)=C1O,24.41
Cc1c(C=c2ccc(=C(C#N)c3ccc(C#N)cn3)c(C)c2OCc2ccc(C#N)cc2)c(C)n(-c2cc(C#N)cc(C(F)(F)F)c2)c1C#N,34.54
CN1CCC(Cn2cnc3c(C#N)nc(-c4ccc(-c5cn(Cc6ccccc6C#N)nn5)c(-c5cnc(C#N)nc5)c4)cc32)CC1,24.68
CCCc1nc(-c2ccc(-c3ccc(C#N)cn3)c(C#N)c2)c(C#N)nc1-c1ncccn1,17.63
N#Cc1ccc(-c2ccc(-c3ccc(-c4ccc(-n5cc(-c6ncc[nH]6)cn5)cc4)cn3)nc2C#N)nc1,30.97
N#Cc1ccc(-c2nc(CNc3cccc(C#N)c3)co2)cc1,15.63
N#Cc1ccc(-c2cc(C#N)nc(-c3cccc(C#N)n3)c2)nn1,18.86
N#Cc1ccc(-c2ccc(-c3cnc(C#N)c(C#N)n3)cc2C#N)cn1,11.39
Cc1ccc(-c2nc(C)cc(-c3nc(-c4ccc(C#N)cc4)cc(-c4ccc(OC(C)C)c(C#N)c4)n3)c2C#N)c(C)c1,14.51
N#Cc1ccc(-c2ccc(-c3cnc(C#N)c(Nc4ccc5c(c4)C(=O)c4cc(-c6cccc(C#N)n6)ccc4CC5)n3)cc2)cn1,14.4
Cn1c(CCCCc2nc(-c3ccc(-c4cccc(C#N)n4)c(C#N)n3)n(-c3ccc(-c4ccc(C#N)cc4)cc3)n2)nc(-c2ccc(F)cc2)cc1=O,28.09
Cn1c(-c2ccc(-c3ccc(-c4cnc(C#N)c(C#N)n4)nc3)cn2)nc(C#N)c1-c1ccc(C#N)cc1,18.26
N#Cc1ccc(-c2nc(-c3cccc(C#N)n3)cc(-c3nc(-c4ccc(C#N)nc4)cc(-c4ccc(C#N)cc4)c3C#N)n2)cc1,11.5
N#Cc1ccc(-c2ccc(-c3cccc(C#N)n3)cn2)c(-c2cnc(C#N)c(C#N)n2)c1,13.43
N#Cc1ccc(C#Cn2nc(-c3ccc(C#N)nc3)cc2-c2cnc(-c3cccc(C#N)n3)c(C#N)n2)cc1,15.46
N#CC(C#N)=c1ccc(=C(C#N)c2nnc(O)c(C(N)=Nc3ccc(-c4ccc(C#N)cc4)cc3)n2)cc1,11.75
N#Cc1ccc(-c2cncc(-n3ccc4c(C#N)nc(-c5ccc(C#N)cn5)cc43)n2)cc1,14.88
N#Cc1ccc(-c2cc(C#N)nc(-c3ccc(-c4cccc(C#N)n4)nc3)c2)cn1,17.61
N#Cc1ccc(-c2nc(-c3ccc(C#N)nc3)nc(-c3nc(C#N)c[nH]3)n2)cn1,20.01
Cn1cnc(-c2cc(-c3cncc(C#N)c3)cc(-n3cc(C#N)cn3)n2)c1,16.01
N#Cc1cncc(-c2cccc(C(=O)Nc3ccc(-c4cccc(C#N)n4)cn3)n2)c1,15.16
Cc1cc(-n2nc(-c3ccc(C#N)cc3)nc2-c2ccc(-c3ccc(C#N)cc3)cc2)cc(C#N)n1,18.6
N#Cc1ccc(-c2c(C#N)nc(-c3ccc(-c4ccc(C#N)cn4)cc3)n2-c2ccc(-c3cccc(C#N)n3)cc2)cc1,13.58
Cc1nc(Oc2cccc(-n3ccnc3)c2)c(C#N)cc1-c1nc(-c2ccc(C#N)cc2)c(-c2ccc(-c3ccc(C#N)cc3)cc2)nc1C,28.0
N#Cc1ccc(-c2nc(-c3ccc(C#N)cc3C#N)c(N)c(C#N)c2C#N)cc1,13.64
Cn1c(C#N)ccc1-c1cncc(-c2cc(-c3ccc(C#N)nc3)ccn2)c1,15.31
N#Cc1cnn(-c2ccc(-c3nc(-c4ccc(OC5CCC(C(=O)O)CC5)c(C#N)c4)nc(-c4ccc(C#N)c(F)c4F)n3)cc2)c1,15.18
Cc1ccc(-c2nc(N3CCCCCC3)nc(-c3nc(-c4ccc(C#N)nc4)nc(-c4ccc(C#N)c(C#N)c4)n3)c2C#N)c(C)c1,22.05
N#Cc1ccc(-c2ccc(Nc3ccc4c(c3)C(=O)c3ccc(N)cc3C4=O)c(C#N)c2)cn1,14.43
N#Cc1ccc(-c2c(-c3cccc(C#N)n3)cn(-c3ccc(C#N)cc3)c2-c2ccc(C#N)cc2)cc1,15.07
Cc1nnc(-c2ccncc2)nc1-c1cc(-c2nc3ccccc3[nH]2)cc(-c2ccc(C#N)cc2)c1C#N,25.77
N#Cc1cccc(-c2ccc(-c3nc(C#N)c(C#N)nc3-c3ccc(-c4cccc(C#N)n4)cc3)cn2)c1,19.11
CN=C(N)Nc1ccc(Oc2ccc(N=Cc3cc(-c4ccc(C#N)nc4)cc(-c4ccc(C#N)nc4)n3)cc2)cc1,18.0
N#Cc1cncc(-c2cc(C#N)nc(-c3ccc(C(=O)C#Cc4ccc(C#N)c(C#N)c4)nc3)c2)n1,18.09
Cc1ccc(C(=O)Nc2ccc(-c3ccc(-c4ccc(C#N)cc4C)c(C#N)n3)cc2)s1,29.07
Cc1cc(-c2cccc(C#N)n2)nc(-c2nc(N3CC(C#N)C3)nc(-c3cc(Cl)c(C#N)cc3C)c2C#N)n1,17.5
N#Cc1ccc(N=c2nc(C#N)nc(Nc3cccc(-c4ccncc4)c3)[nH]2)cc1,22.89
N#Cc1ccc(-c2nc(-c3ccc(C#N)s3)cc(C#N)c2C#N)cn1,15.31
C=c1c(=Cc2sc(=S)n(Cc3ccc(C#N)cc3)c2O)cc(C)n1-c1ccc(C(=O)O)cc1,17.26
N#Cc1ccc(C#Cc2cc(C#N)ccc2-c2nc(-c3ccc(C#N)nc3)cc(-c3ccc(Cl)c(C#N)c3)n2)cc1,13.88
N#Cc1ccc(-c2ccc(Cc3c(C#N)c4ccc(-c5ccc(C#N)cc5)cc4n3-c3ccc(C#N)cc3)cc2)cc1,18.42
N#Cc1ccc(Nc2cc(Nc3ccc4c(c3)C(=O)c3ccc(N)cc3C4=O)nc(Nc3ccc4c(c3)C(=O)c3ccc(N)cc3C4=O)n2)cc1,13.15
N#Cc1ccc(C=Nc2nc(C#N)ccc2-c2ccccc2F)cc1,22.44
COC12C(=COC(N)=O)c3c(O)c(N=Cc4ccnc(C#N)c4)c(C)c(O)c3N1C(O)C(O)C1OC12,34.35
N#Cc1cc(-c2ccc(Nc3ccc(-c4ncncn4)c(O)n3)cc2)ccc1OC1CCOC1,22.77
N#Cc1cc(-c2cccc(C#N)n2)cc(-c2cc3c(ncn3Cc3cnc(C#N)c(C#N)n3)c(C#N)n2)c1,14.71
COC(=O)c1cc(-c2ccc(-c3ccc(C#N)cc3)cc2)n(-c2ccc(-c3cccc(C#N)n3)cc2)n1,16.06
Cc1cc(C#N)c(Cl)cc1-c1nc(CC#N)nc(-c2nccc(-c3ccc(C#N)cc3)n2)c1C#N,18.74
Cc1cc(N2C(=O)OCC2C#N)[nH]c(=Nc2cc(-c3cnc(C#N)nc3)cc(-c3ncc(C#N)cn3)c2)n1,26.56
N#Cc1cccc(-c2ccc(-c3cc4c(ncn4CC4CC(CO)c5ccccc54)c(C#N)n3)cc2)n1,19.8
N#CCC(C#N)(c1ccc(-c2cccc(C#N)c2)nc1)c1[nH]nc(-c2ccc(-c3cccc(C#N)n3)cc2)c1C#N,30.74
Cc1ccc(-c2nc(C#N)c3cc(-c4ccc(C#N)cc4)ccc3n2)cc1NC(=O)c1ccc(C#N)cc1,30.58
N#CC=Cc1cnn(-c2ccc(-c3cc(-c4ccc(C#N)cc4)nc(-c4ccc(C#N)nc4)n3)cc2)c1,20.47
N#Cc1ccc(-c2cc3ccc(C#N)cc3c3c2ncn3-c2ccc(-c3cnc(C#N)nc3)cn2)cc1,21.2
N#Cc1cnc(-c2ccc(N=c3cc(C#N)nc(-c4ccc(OC5CCOCC5)c(C#N)c4)[nH]3)nc2)cn1,19.55
N#Cc1ccc(-c2ccc(C=Cc3ncc(-c4ccc(C#N)cc4)cc3-c3ccc(C#N)cc3)cc2)cc1,14.3
C=c1c(=Cc2c(O)n(-c3ccccc3)c(=O)n(-c3ccc(-c4nc(-c5ccc(C#N)cc5)cc(-c5ccc(C#N)cc5)n4)cc3)c2=O)cc(C)n1-c1ccc(C(=O)O)cc1,23.86
Cc1cn(-c2ccc(-c3ccc(Nc4nc(C#N)c(-c5ccc(-c6ccc(C#N)nc6)cc5)nc4C#N)cc3)cc2)cn1,13.97
Cc1nc(-c2nc(-c3nc(C4CC4)nc(-c4c(F)cccc4F)c3C#N)cc(C3CCCO3)n2)nc(N(C)C)n1,36.72
Cc1noc(-c2ccc(N=Cc3c(-c4ccc(C#N)cc4)nc(-c4ccc(C#N)cc4)c(C#N)c3O)nc2)n1,12.96
Cn1nc(-c2ccc(-c3ccc(C#N)nc3)nc2)nc1-c1cnc(-c2ccc(C#N)nc2)c(C#N)n1,14.4
N#Cc1ccc(-c2ccc(-c3nc(CO)c(-c4nccc(C#N)n4)nc3C#N)cc2C#N)cn1,14.24
CC1(C#N)CCCN(c2nc(-c3ccc(C#N)nc3)c(C#N)nc2-c2ccc(-c3ccncc3)cc2)C1,21.5
N#Cc1ccc(-c2nc(-c3ccc(OC4CCC(C(=O)O)CC4)c(C#N)c3)nc(-c3ccc(C#N)c4ccccc34)n2)cc1,14.66
N#Cc1ccc(-c2ccc(-c3ccccc3-c3ccc(C#N)c(-c4ccncn4)c3)nc2C#N)cn1,22.56
CC(C)c1nc(C#N)c(-c2cccc(C#N)c2)nc1-c1ccc(-c2cc(-c3cccc(C#N)n3)cc(C#N)n2)cc1,25.13
CC(C)C(C)C=CC(C)C1CCC2(O)C3C(C(O)CC12C)C1(C)C=CC(=O)C(C)(C)C1C3(C)O,35.73
N#Cc1ccc(-c2ccc(-c3cc(-c4ccc(-c5ccc(C#N)nc5)c(C#N)c4)nc(N4CCOCC4)n3)cn2)nc1,20.74
N#Cc1cc(C(=O)O)cc(-c2nc(C#N)nc(-c3ccnc(-c4ccc(C#N)cc4C(F)(F)F)c3C#N)n2)c1,22.51
N#Cc1cccc(-c2ccc(-c3nc4c(C#N)c(O)ccc4[nH]3)cc2)c1,21.07
N#Cc1ccc(-c2cc(-c3ccc(C#N)nc3)nc(-c3ccc(-c4ccccc4C#N)nc3C#N)n2)cn1,15.77
N#Cc1ccc(-c2cc3c(c(C#N)n2)c(=O)c(-c2ccccn2)cn3-c2cncc(C#N)n2)nc1,21.56
N#Cc1ccc(-c2c(C#N)nc(-c3ccc(-c4ccc(C#N)cn4)nc3)nc2-c2ccc(-c3cccc(C#N)n3)c(C#N)n2)cc1,14.31
COc1cc(C2CCNCC2)cc(-c2ncc(-c3ccc(-c4ccc(C#N)cn4)cn3)c(-c3cccc(C#N)n3)n2)c1F,24.73
Cc1nc(-c2ccc(C#N)c(F)c2F)nc(-c2ccncc2)c1-c1nc(C#N)cc(-c2cccc3cc(C#N)ccc23)n1,23.5
N#Cc1ccc(-c2nc(N(c3ccc(-n4cccn4)cc3)C3CCN(c4nccnc4C#N)CC3)ncc2C#N)cc1,26.86
N#Cc1ccc(Nc2ccc3c(c2)CCc2cc(Nc4ccc(-c5ccc(C#N)cn5)cn4)ccc2C3=O)cc1,15.04
N#Cc1ccc(-c2ccc(-c3cnc(C#N)cc3-c3ccc(C#N)nc3)cc2)nc1,14.84
N#Cc1cc(C#N)c(Cn2cnc3c(C#N)nc(-c4ccc(-c5cnc(C#N)nc5)nc4)cc32)cn1,16.11
N#Cc1ccc(-c2ccc(C#Cc3ccc(C#N)cn3)cc2)cc1,11.35
Cc1cc(C#N)ccc1-c1nc(Nc2ccc(C#N)cc2)cc(-c2nc(-c3ccc(C#N)cc3)nc(-c3c(Cl)cc(Cl)c(Cl)c3Cl)n2)c1C#N,24.06
N#Cc1ccc(-c2ccc(-c3nc(-c4ccc(C#N)nc4)cc(-c4ncc(-c5ccc(C#N)cn5)cn4)c3C#N)nc2C#N)cc1,17.34
CS(=O)(=O)c1ccc(-c2cccc(-c3nc(-c4ccc(C#N)nc4)cc(-c4ccc(C#N)cc4)c3C#N)n2)cc1,16.99
N#Cc1ccc(-c2ccc(-n3cc(-c4cc(C(=O)O)c(O)c(-c5ccc(C#N)cc5)c4)nn3)cc2)cc1,21.36
N#Cc1ccc(-c2cc(-c3ccc(Nc4ccc(C(N)=O)nc4)cc3)cc(-c3ccc(C#N)nc3)c2)nc1,28.38
N#Cc1c(-c2ccc(N)c3ccccc23)cc(-c2ccncc2)cc1[N+](=O)[O-],31.86
N#Cc1ccc(-c2cc(Nc3ccc(-c4cccc(C#N)n4)cn3)cc(-c3cncc(C#N)c3)c2)nc1,13.78
N#Cc1ccc(-c2cc(-c3ccc(-n4c5ccccc5c5ccccc54)cc3)ncc2C#N)cc1,15.11
Cc1cnc(C(=O)NN=Cc2cc(C#N)n(-c3ccc(Cl)cc3)c2-c2cccc(C#N)n2)cn1,32.58
N#Cc1ccc(-c2nnc(-c3ccc(C#N)nc3)o2)nc1,14.86
N#Cc1ccc(-c2cnc(C#N)c(Oc3cc(-c4ccc(C#N)nc4)cc(-n4c(=O)ccc5cc(C#N)ccc54)c3)c2)c(F)c1,32.66
N#Cc1ccc(-c2cc(C#N)nc(-c3ccc(C#Cc4cnc(N)c(C#N)n4)nc3)c2)cn1,15.11
N#Cc1cccc(-c2ccc(-c3cc(-c4cncc(C#N)n4)c(C#N)cn3)c(C#N)c2)n1,20.04
N#Cc1ccc2c(c1)N(Cc1ccc(-c3ccncc3)c(N)c1)C(=O)c1ccccc1N2,28.33
N#Cc1ncc(-c2ccc(-c3cc4c(ncn4CC4CCOC4)c(C#N)n3)cc2)nc1C#N,11.97
N#Cc1ccc(C#Cc2ccc(Cc3ccc(-c4cnc(C#N)c(C#N)n4)cc3)cc2C#N)cc1,21.04
Cc1cc(-c2nc(-c3ccc(C#N)nc3)nc(-c3cnc(OCC(F)(F)F)c(C#N)c3)n2)cc(C)n1,12.78
N#Cc1nc(-c2ccc(-c3cccc(C(=O)O)n3)cc2)cc2c1ncn2CC1CCS(=O)(=O)CC1,19.37
COc1ccc(-c2cc(C)nc(C)c2C#N)cc1NC(=O)COC(=O)c1cnc(-c2ccc(Cl)s2)cn1,44.55
N#Cc1ccc(N=c2cc[nH]c(OCc3cc(C#N)c(C#N)cc3-c3ccc(C#N)cc3)n2)cc1,29.38
Cc1cn(-c2ccc(C#Cc3ccc(-c4ccc(C#N)cc4)cn3)cc2F)cn1,24.24
Nc1ccc2cc3cc(N)c(N)cc3nc2c1,11.45
N#Cc1cccc(-c2ccc(-c3nc(=N)c(-c4ccc(C#N)nc4)c[nH]3)cc2)c1,11.71
N#Cc1cccc(-c2ccc(-c3nccc(C#N)c3C#Cc3ccc(=N)[nH]c3)cc2)n1,14.72
Cc1ccc(-c2nc(C)cc(-c3nc(-c4ccc(C#N)cc4)cc(-c4ccc(C#N)nc4)n3)c2C#N)c(C)c1,14.17
N#Cc1cccc(-c2ccc(N=c3cc(C#Cc4ccc(-c5cncc(C#N)n5)cc4)n4[nH]ccc4c3C#N)nc2)n1,26.32
N#Cc1ncc(-c2ccc(-c3cc4c(ncn4CC4OCCO4)c(C#N)n3)cc2)nc1C#N,14.74
N#Cc1ccc(C2=NN(c3nc(-c4ccc(C#N)cc4)c(C#N)nc3-c3ccc(-c4ccc(C#N)cc4)cc3)C(c3ccc(C#N)cc3)C(c3cccc(C#N)c3)C2)cc1,19.21
CS(=O)(=O)c1cccc(Nc2cc[nH]c(=Nc3ccc(-c4cccc(C#N)n4)cn3)c2)c1,19.32
C#Cc1cc(-c2cc(-c3ccnc(C#N)c3)cc(C#N)n2)ccn1,18.18
N#Cc1ccc(C#CC#Cc2ccc(-c3cccc(C#N)c3)cn2)cc1,13.84
N#Cc1ccc(-c2ccc(C#N)c3c2CCN(C2CCOCC2O)C3=O)nc1,23.66
N#Cc1ccc(-c2nn(C(F)F)cc2-c2ccnc(-c3cnc(C#N)nc3)c2)cc1,23.65
N#Cc1ccc(-c2cc(-c3ccc(C#N)cc3)c(C#N)c(-c3cc(-c4cc(C#N)ccc4C#N)c(C#N)c(F)c3C#N)c2)cc1,23.32
N#Cc1ccc(-c2ccc(-c3cc(C#N)c(C#N)nc3-c3ccc(-c4cccc(C#N)c4)cc3)cc2)cc1,13.42
N#Cc1ccc(-c2nc3ccc(N)cc3c(C#N)c2-c2ccc(C#N)cc2)cc1,16.22
N#Cc1ccc(-c2cnc(C#N)c(-c3ccc(-c4ccc(C#N)nc4)cc3)n2)nc1,13.93
N#Cc1cnc(-c2ccc(Oc3c(-c4ccc(F)cc4)nc(C#N)c4ncn(Cc5cnc(C#N)c(C#N)n5)c34)cc2)nc1,22.29
N#Cc1cnc(-c2nc(-c3ccc(C#N)nc3)cc(-c3nc(C#N)c[nH]c3=N)n2)c(F)c1,18.82
N#CC(C#N)=c1ccc(=C(C#N)c2nc(-c3ccc(-c4ccc(C#N)cc4)cc3)cc(-c3cccc4ccccc34)n2)cc1,17.91
Cc1cc(C#N)ccc1-c1nc(N2CCCC(C#N)C2)nc(-c2nccc(-c3ccc4[nH]cnc4c3)n2)c1C#N,20.8
N#Cc1cccc(-c2ccc(N=c3nc(-c4ccc(C#N)c(C#N)c4)cc[nH]3)nc2)n1,9.57
CCOC(=O)C1=CN(Cc2ccc(-c3ccc(C#N)cc3)cc2)C=CC1=CC#Cc1ccc(-c2ccc(C#N)cc2)cc1,25.7
N#Cc1ccc(-c2cc(-n3ccc4cc(F)ccc43)nc(-c3ccc(-c4ccc(C#N)cc4)c(C#N)n3)n2)cc1,17.09
N#Cc1ccc(C#N)c(-c2nc(C#N)c3ncn(CC(N)=O)c3n2)c1,16.28
N#Cc1ccc(-c2cc(-c3ccc(-c4cncc(C#N)n4)cn3)cc(-c3cccc(C#N)n3)c2)cn1,11.22
N#Cc1ncc(-c2ccc(-c3ccc(-c4c[nH]c(=N)c(C#N)c4)nc3)nc2)nc1C#N,17.93
Cc1nn(-c2cc(-c3ccc(C#N)nc3)cc(-c3ccc(-c4cccc(C#N)n4)c(C#N)n3)n2)c2ccccc12,16.2
N#Cc1ccc(-c2cccc(-c3cc(-c4ccc(-c5cccc(F)c5)cc4)cc4c(N)cccc34)c2)cc1,26.63
N#Cc1ccc(-c2ccc(-n3ccc(-c4ccc(C#N)c(-c5ccccc5)c4)cc3=O)cc2)cc1,14.2
N#Cc1cc(C#N)cc(-c2cc3c(ncn3Cc3ccnc(C#N)n3)c(C#N)n2)c1,10.81
Cn1nccc1-c1ccc(Cn2cnc3c(C#N)nc(-c4ccc(-c5ccc(C#N)cn5)cc4)cc32)nc1,16.78
N#Cc1ccc(-c2nc(-c3cnc(OC4CCC(C(=O)O)CC4)c(C#N)c3)nc(-c3ccc(C#N)nc3C#N)n2)cc1,11.85
N#Cc1cc(-c2cnc(C#N)nc2)cc(-c2ccc(-c3c[nH]c(=O)cn3)cc2)n1,14.99
N#Cc1cc(C#N)cc(Oc2ccc(-c3cc4c(ncn4CC4CC4)c(C#N)n3)cc2C#N)c1,15.5
Cc1nc(=N)nc(-n2cc(-c3cncc(C#N)n3)c3c(C#N)nc(-c4ncc(OC(F)(F)F)cn4)cc32)[nH]1,23.29
N#Cc1ccc(-c2cc(-c3nc(C#N)c(-c4ccc(C#N)nc4)nc3C#N)cc(-c3cnc(C#N)nc3)n2)nc1,19.56
C#Cc1ccc(Nc2ncc(-c3ccc(C#N)cc3)cc2-c2cncc(-c3ccc(C#N)cc3)n2)cc1,14.72
N#Cc1ccc(-c2ccc(-c3ccc(C#N)nc3-c3ccnc(-c4ccc(C#N)nc4)c3)cc2)nc1,10.35
N#Cc1cnn(-c2nc(-c3cccc(C#N)n3)cc(-c3ccc(-c4cccc(C#N)n4)c(C#N)n3)n2)c1,18.27
Cn1c(-c2cccc(CN3CCCC3C#N)c2)nc(C#N)c1-c1ccc(C#N)nc1,20.06
N#Cc1ccc(-c2ccc(-c3nc(C#N)cnc3C(c3ccc(C#N)c(-c4ccc(C#N)cc4Cl)c3)c3cccc(C#N)n3)cn2)nc1,33.94
CN1CCCC1Cn1cnc2c(C#N)nc(-c3ccc(C#N)cc3C#N)cc21,16.46
N#Cc1ccc(-c2cc(C#N)nc(-c3ccc(C#N)nc3C(=O)Nc3ccc(-c4cccc(-c5cnc(C#N)c(C#N)n5)c4)cc3)c2C#N)cc1,22.27
N#Cc1ccc(-c2ccn(-c3ccnc(-c4nc(C#N)c(-c5ccc(C#N)nc5)nc4C#N)c3)c(=O)c2)cn1,20.65
N#CC(=Cc1ccc(-c2cccc(C#N)c2)o1)c1nc(C(C#N)=c2ccc(=C(C#N)C#N)cc2)nc(-c2ccc(C#N)nc2)n1,10.8
Cc1cc(C#N)c(Cl)cc1-c1nc(C2CCCCC2)nc(-c2nc(-c3ccc(-c4cccc(C#N)c4)cc3)nn2C)c1C#N,16.74
Cc1cc(-c2ccc(-c3cccc(C#N)n3)nc2)ccc1-c1cc(C#N)nnc1C#N,17.81
COc1nc(-c2ccc(C#N)nc2)c(C#N)nc1-c1nc(C#N)cnc1-c1cnc(C#N)cn1,21.92
CC1C(Cc2ccc(C#N)cc2)N(Cc2ccc(C#N)cc2)C(=O)C(=O)N1Cc1ccc(C#N)cc1,23.3
N#Cc1cc(-c2cccc(C#N)n2)cc(C#Cc2ccc(C#N)c(C#N)c2)n1,16.48
COc1cc(C#N)ccc1-c1nc(-c2ccc(C#N)c(C#N)c2)nc(-c2cnc(OC3CCOCC3)c(C#N)c2)n1,12.65
Cn1nnnc1-c1ccccc1-c1ccc(Cn2cnc3cc(-c4ccccc4C#N)nc(C#N)c3c2=O)cc1,17.89
N#CC(=O)c1nn(Cc2cc3ccn(-c4ccc(-c5ccc(C#N)cc5)cc4)c(=O)c3cc2Cl)c2ccccc12,28.66
N#Cc1ccc(-c2nc(N3CCOC(c4ccccc4-c4ccc(F)cc4)C3)nc(-c3nc(C#N)nc(-c4ccc(C#N)nc4)n3)c2C#N)cc1,22.95
COC(=O)c1nc(C(C#N)=c2ccc(=C(C#N)C#N)cc2)nnc1-c1cccc(-c2ccc(C#N)cc2)n1,13.33
N#Cc1ccc(-c2cccc3c2ncn3-c2ccc(-c3cccc(C#N)n3)cn2)cc1,20.37
Cc1cnc(N=Cc2ccc(-c3cc(-c4ccc(C#N)cc4)cc(-c4ccc(C#N)cc4)n3)cc2)c(C)n1,18.03
N#Cc1ccc(-c2ccc(-c3nc(C#N)c4ncn(CC5CCNCC5)c4n3)cc2)cc1,10.5
N#Cc1cc(-c2cc[nH]c(=Nc3ccc4c(cnn4Cc4cccc(F)c4)c3)n2)ccc1NCc1cccnc1,26.04
N#CC=Cc1cccc(-c2ccc(C#N)cc2C#Cc2ccc(C#N)nc2)n1,16.92
N#CC=Cc1ccc(Nc2ccc(-n3c4ccccc4c4ccccc43)cc2)c(C#N)n1,19.32
N#Cc1ccc(-c2cc(-c3cccc(=O)[nH]3)nc3c(-c4ncncn4)cc(-c4cnc(C#N)nc4)cc23)cn1,32.88
N#Cc1ccc(-c2cn(-c3ccc(C#N)cc3)c3cc(-c4ncncn4)ccc23)cc1,10.19
N#Cc1cnc(-c2cc(C#N)c(F)cc2-c2cccc(-c3nnc(-c4cccc(C(F)(F)F)c4)c(C#N)n3)n2)cn1,30.54
N#Cc1ccc(-c2cc(C#N)nc(-c3c(F)c(F)c(C#N)c(F)c3F)n2)c(C#N)c1,10.28
N#Cc1ccc2ccn(-c3cncc(-n4ccc5ccc(Cl)cc54)n3)c2c1,25.57
c1cncc(-c2cc[n+](-c3nc(-[n+]4ccc(-c5ccncc5)cc4)nc(-[n+]4ccc(-c5ccncc5)cc4)n3)cc2)c1,13.1
N#Cc1ccc(-c2ncc(-c3cnc(C#N)c(-c4ccc(-c5ccc(C#N)nc5)nc4)n3)c(C#N)c2-c2ccc(C#N)cc2)cc1,17.52
N#Cc1cccc(-c2ccc(N=c3nc(-c4ccc(C#N)c(-c5ccc(C#N)c(C#N)c5)c4)cc[nH]3)nc2)n1,16.39
Cc1cnc(-c2nc(-c3ccc(C#N)cc3)nc(-c3ccc(OC4CCC(C(=O)O)CC4)c(C#N)c3)n2)c(C)n1,16.99
N#Cc1cn(-c2ccc(-c3nc(C#N)ccc3-c3cc4c(ncn4C4CCN(C#N)C4)c(C#N)n3)cc2)cn1,25.03
N#Cc1ccc(-c2cc3c(ncn3CC3CCNCC3)c(C#N)n2)cc1,12.92
COc1ccc(C(c2ccc(OC)cc2)=c2c3ccccc3c(=C(c3ccc(OC)cc3)c3ccc(OC(C)=O)cc3)c3ccccc23)cc1,14.29
N#Cc1ccc(-c2ccc(-c3nnc(SCC(O)(Cn4cncn4)c4ccc(F)cc4F)n3-c3ccc(-c4ccc(C#N)cc4)cc3)cc2)cc1,19.47
N#Cc1cccc(-c2cc3[nH]cnc3c(C#N)n2)c1,12.09
N#Cc1cc(C(c2ccc(N)cc2)(c2ccc(N)cc2)c2ccc(N)cc2)ccc1N,12.83
N#Cc1ccc(CC(NC(=O)c2cccc(-c3ccc(NC(=O)c4ccc5c(c4)C(=O)c4ccccc4C5=O)cc3)c2)C(=O)O)cc1,23.67
N#Cc1ncc(-c2ccc(-c3cc4c(ncn4CCN)c(C#N)n3)cn2)cn1,13.67
N#Cc1ccc(-c2oc(-c3ccc(C=Nc4ccc(-c5ccc(C#N)s5)cc4O)cc3)nc2C#N)cc1,16.78
N#Cc1ccc(-c2cc(-c3ccc(C#N)cc3)nc(-n3cc(-c4ccc(-c5ccc(C#N)cn5)nc4)cn3)n2)cc1,19.02
N#CC(=Cc1cccc(Oc2ccccc2)c1)c1nc2ccccc(c2=O)n1-c1ccc(C#N)cc1,22.89
N#Cc1c[nH]c(=N)c(-c2cc(-c3cnc(C#N)c(F)c3)cc(-c3ccc(C#N)o3)n2)n1,18.91
Cc1ccc(-c2cc3c(ncn3CC3CCNCC3)c(C#N)n2)cc1C#N,14.75
N#Cc1ccc(-c2nc(-c3ccc(F)c(C#N)c3F)nc(-c3cccc(C#N)n3)c2-c2ccc(C#N)cn2)cc1,17.72
N#Cc1ccc(-c2ccc(-c3nc(C#N)cc(-c4cccc(-c5ccc(C#N)cn5)c4C#N)n3)cn2)nc1,10.41
N#Cc1ccc(-c2cc(-c3ccc(C#N)cc3)nc(-c3cc(O)cc(-c4ccc(-n5ccnc5-c5ccc(Cl)cc5)nc4)c3)n2)cc1,37.19
N#Cc1ccc(-c2nc(-c3ccc(Cl)cc3C#N)nc(-c3ccc(C#N)s3)c2C#N)cc1,19.72
N#Cc1cc(-c2ccnc(-c3c[nH]n(-c4ccc(C#N)c(C(F)(F)F)c4)c3=N)n2)cc(N(Cc2ccccc2)Cc2ccccc2)n1,35.23
N#Cc1ccc(-c2cn3c(-c4ccc(-c5cnc(C#N)nc5)cc4)cnc3c(-c3cccc(C#N)c3)n2)cc1,18.55
N#Cc1ccc(-c2ccc(-c3nc(OCC4CCCNC4)c4cc(C#N)ccc4n3)cn2)cc1,25.25
N#Cc1ccc(-c2cc(-c3ccc(C#N)cc3)cc(-c3ccc(-c4ccc5ccccc5n4)cc3)c2)cc1,17.02
N#Cc1ccc(-c2ccc(OCC(O)CN3C(=O)c4ccccc4C(=O)C(c4ccccc4)(c4ccc(-c5cccc(C#N)c5)cc4)C3=O)cc2)cc1,35.14
N#Cc1ccc(-c2nc(C#N)ccc2-c2ccc(-c3ccc(C#N)cn3)cc2)cc1,11.1
Cn1c(C#N)ccc1-c1cc(C(c2cnc(C#N)nc2)c2ccc(C#N)cn2)ccc1C#N,21.53
N#Cc1ccc(-c2ccc(-c3c(C#N)c4cc(-c5ccc(C#N)cn5)ccc4n3-c3ccc(-c4cncc(C#N)n4)cc3)cc2)nc1,24.75
CON=C(c1cnc(-c2ccc(C#N)nc2)cn1)c1ccc(-c2cncc(C#N)c2)cc1C#N,26.04
N#Cc1ccc(-c2ccc(-c3nnnc(-c4ccc(-c5cccc(C#N)c5)cc4)n3)cc2C#N)cc1,12.27
N#Cc1ccc(-c2cc(Nc3ccc(C#N)c(C(F)(F)F)c3)nc(-c3ccc(C#N)nc3)n2)cn1,15.12
N#CC(=CC1CCNCC1)c1ncc(-c2ccc(C#N)cc2)c(-c2ccc(C#N)cc2)n1,17.37
N#Cc1ccc(-c2ccc(-n3nc(-c4ccc(-c5cccc(C#N)c5)cc4)cc3-c3cnc(-c4cc(C#N)ccc4C#N)c(C#N)n3)cc2)cc1,21.29
N#Cc1ccc(-c2cc(-c3cccc(C#N)n3)cc(-c3ccoc3)n2)nc1,17.63
Cn1c(-c2ccc(Cl)cc2C#N)nc(-c2ccc(C#N)nc2)c1-c1cc(-c2ccc(C#N)nc2)nc(-c2cccc(C#N)n2)n1,26.15
N#Cc1cccc(-c2nc(-c3ccc4ccccc4c3)nc(-c3cccc(C#N)n3)n2)c1,17.83
N#Cc1ccc(-c2cc(CCc3ccc(-c4ccc(C#N)nc4)cc3)nc(-c3ccc(C#N)cc3)c2)cc1,15.02
N#Cc1ccc(-c2ccnc(-c3nc(-c4ccc(N=Cc5cccc(C#N)c5)nc4)nc(-c4ccc(N=Cc5cc(C#N)cc(C=O)c5O)nc4)n3)c2C#N)cc1,15.41
N#Cc1ccc(-c2nc(-c3ccc(OC4CCC(O)CC4)c(C#N)c3)nc(-c3cnc(-c4ccc(C#N)nc4)c(C#N)n3)n2)cn1,15.45
N#Cc1cc(-c2cnc(C#N)nc2)cc(-c2cc(-c3cnc(C#N)nc3)cc(C#N)n2)c1,13.6
N#Cc1ccc(-c2nnc3ccccc3c2-c2ccnc(C#N)n2)cc1,19.57
N#Cc1ccc(-c2nc(-c3cccc(C#N)n3)cnc2-c2cccc(-c3ccnc(C#N)n3)c2)cn1,14.15
N#Cc1cccc(-c2cc3cncc(-c4cc(-c5cccc(C#N)n5)nc(-c5ccc(C#N)c6ccccc56)n4)c3cn2)n1,20.01
N#CCc1ccc(C#N)cc1-c1cc(-c2cnc(C#N)nc2)cc(C#N)n1,21.56
N#Cc1ccc(C#Cc2ccc(-c3c[nH]c(=N)cn3)c(F)c2)c(-c2ccc(C#N)c(C#N)n2)c1,15.11
COc1nc(-c2ccc(-c3ccc(-c4ccc(-c5ccc(C#N)cn5)cc4)c(-c4ccc(C#N)cc4)c3)cc2)ncc1C#N,16.24
N#Cc1cccc(-c2ccc(N=c3nc(C#N)cc(N=c4cnc(C#N)c(OCC5CCNCC5)[nH]4)[nH]3)nc2)n1,19.79
Cc1cnc(C(=O)ONC(=N)c2cc(-c3ccc(C#N)cc3)nc(-c3ccc(C#N)nc3)c2C#N)cn1,26.85
Cc1ccc(-c2nn(Cc3ccc(-c4ccc(C#N)cc4C)cc3)c(=O)c(-c3nc(-c4ccc(C#N)nc4)cc(-c4ccc(C#N)cn4)n3)c2C#N)c(C)c1,29.19
N#CC(C#N)=c1ccc(=C(C#N)c2nc(-c3ccc(C#N)nc3)nc(N3CCN(c4ccc(F)cc4)CC3)n2)cc1,13.4
N#Cc1ccc(-c2cc3c(c(C#N)c2C#N)Oc2ccc(C#N)cc2C3=C2CCCN(C=O)C2)cc1,31.49
N#Cc1ccc(-c2ccc(C#CC=Cc3ccc(-c4ccc(-c5cccc(C#N)n5)cc4)cc3)nc2-c2ccc(C#N)nc2)nc1,30.71
C1=Cc2cc(N3CCN(c4ccccc4)CC3)nc3cccc1c23,27.85
N#CC(C#N)=c1ccc(=C(C#N)c2nc(-c3ccc(C#N)cc3)cc(-c3cccc(C#N)c3)n2)cc1,13.01
Cc1cc(C)c(-c2nc(-c3ccc(Cl)c(C#N)c3)nc(-c3ccc(OC4CCC(C(=O)O)CC4)c(C#N)c3)n2)cc1C#N,19.04
N#Cc1ccc(C#Cc2c[nH]cn2)cc1,14.62
N#Cc1ccc(-c2ccc(C#N)n2C2OC(C=O)C(O)C2O)cc1,16.79
Cc1nc(-c2nc(-c3cccnc3)cc(-c3ccc(C#N)cc3)c2-c2ccc(-c3ccc(C#N)cc3)cc2)nn1-c1ccc(C#N)c(C(F)(F)F)c1,26.29
N#Cc1cccc(-c2ccc(-c3nc(-c4ccc(C#N)nc4)nc(-c4cccc(C#N)c4F)n3)cc2)c1,13.23
N#Cc1ccnc(-c2cc[nH]c(=Nc3ccc(N4CCNCC4)cc3)n2)c1,20.03
N#Cc1ccc(-c2ccc(-c3cccc(-c4cnc(-c5ccc(C#N)cn5)nc4)c3)cc2C#N)cc1,18.72
Cc1cc(C#N)c(Cl)cc1-c1c(C#N)c(-c2nc(C#N)cc(-c3cncc(C#N)c3)n2)nn1CC#N,14.69
N#Cc1ccc(-c2nn(-c3ccc(C#N)cc3)c(-c3ccccc3C#N)c2C#N)cc1,18.11
N#Cc1cncc(-c2ccc(-c3ccnc(C#N)n3)nc2C#N)c1,13.25
N#Cc1ccc(-c2nc(C#N)c(C#N)nc2-c2ccc(-n3c4ccccc4c4ccccc43)cc2)cc1,11.39
N#Cc1ccc(NC(=O)c2nc(-c3ccc(-c4cnc(C#N)nc4)cc3)c(C#N)nc2C#N)cn1,15.1
Cc1cc(C#N)c(Cl)cc1-c1c(C#N)c(-c2cncc(-c3cccc(C#N)c3)n2)c2ccccn12,16.7
N#Cc1ccc(-c2cccc(Cn3cnc4c(C#N)nc(-c5cccc(C#N)c5)cc43)c2)cc1,11.01
N#Cc1cncc(-c2cc(-c3cnc(C#N)nc3)cc(-n3cnc4ccccc43)n2)n1,14.62
N#Cc1ccc(-c2nc(-c3ccc(NC(=O)c4ccc(C#N)cc4-c4ccc(C#N)c(C#N)n4)cc3)nc(-c3ccc(C#N)nc3)n2)cc1,18.11
N#Cc1ccc(-c2cc(C#N)nc(-c3nc(-c4ccc(C#N)nc4)cc(-c4nc(F)nc(F)c4F)n3)c2C#N)cc1,18.24
N#Cc1cc(-c2cnc(-c3cccc(C#N)n3)c(C#N)n2)cc(-c2nccc(C#N)n2)c1,11.22
Cc1ccc(NC(=O)c2ccccc2C#N)cc1-c1cnc(-c2ccc(C#N)nc2)c(C#N)n1,25.87
N#Cc1ccc(-c2ccc(-c3cc4c(=N)ncn(CC5CCC(C#N)CC5)c4c(C#N)n3)cc2C#N)cc1,27.16
N#Cc1ccc(-c2ccc(CN(c3ccc(-c4cccc(C#N)n4)cc3)c3cccc(-c4ccc(C#N)nc4)c3)cc2)cc1,16.58
N#Cc1ccc(-c2cc(-c3ccc(C#N)cc3C#N)nc(-c3cccc(-c4ccc(C#N)cc4C(F)(F)F)c3C#N)n2)cc1,16.01
N#Cc1ccc(-c2ccc(C#Cc3nc(=O)c4cc(-c5ccc(C#N)cc5)ccc4n3-c3ccc(-c4ccc(C#N)cc4)cc3)cc2)cc1,19.42
Cc1ccc(C(=O)NN=Cc2ccc(C=Cc3ccc(C=Cc4ccc(Nc5ccc(C#N)cc5)cc4)cn3)cc2)cn1,28.39
N#Cc1ccc(-c2ccc(-c3ccc(C#N)nc3-c3ccc(C#Cc4ccc(-c5cccc(C#N)n5)nc4)cc3)cn2)cc1,19.61
N#Cc1ccc(-c2nc(-c3ccc(OC4CCC(O)C(O)C4)c(C#N)c3)nc(-c3ccc(C#N)nn3)n2)cc1,15.63
N#CC(C#N)=c1ccc(=C(C#N)c2nc(-c3ccc(C#N)nc3)nc(C(F)c3ccc(C#N)cc3)n2)cc1,10.97
N#Cc1ccc(-c2cc(C(N)=O)cc3c2C(=O)c2cc(N)ccc2C3=O)cn1,18.07
N#Cc1ccc(-c2cc(-c3ccc(-c4ccc(C#N)cn4)c(C#N)c3)c(C#N)cn2)nc1,16.27
Cc1c(C#N)c(NC(=O)c2cc(Br)sc2Br)n(Cc2ccc(-c3ccccc3-c3nn[nH]n3)cc2)c1C,24.05
N#CCc1nccc(-c2ccc(C#Cc3c(N)[nH]cnc3=Nc3ccc(O)c(C#N)c3)cc2)n1,25.03
N#Cc1ccc(C(=O)c2cc(-c3ccc(C#N)cn3)c3ccc(-c4ccnc(C#N)c4)cc3c2-c2ccc(F)cc2)cc1,33.09
N#Cc1ccc(-c2cc(-c3cc(-c4cccc(C#N)c4)nc(-c4ccc(C#N)nc4)n3)c(C#N)c(-c3ccc(C(F)(F)F)cc3C(F)(F)F)c2)nc1,22.87
N#Cc1ccc(-c2cc(-c3ccc(C#N)nn3)nc(-c3ccc(O)cc3O)n2)cc1,17.41
COc1ccc(-c2ccc(C#N)cc2OCCOCCON=C(C)C2CCC3C4CCC5=CC(=O)C=CC5(C)C4C(O)CC23C)cc1,44.49
N#Cc1ccc(-c2ncc(-c3ccc(-c4cccc(C#N)n4)cn3)cn2)cn1,8.74
N#Cc1ccc(-c2cccc(Cn3cnc4c(C#N)nc(-c5ccc(-c6cnc(C#N)c(C#N)n6)cc5)cc43)c2)cc1,12.53
Cc1cc(C#N)c(Cl)nc1-c1cccc(-c2cnc(C#N)c(-c3ccc(-c4cccc(C#N)c4)cc3)n2)c1C#N,15.7
Cc1ncc(-c2nc(Cc3ccc(-c4ccccc4)cc3)nc(-c3nc(-c4ccc(-c5cccc(C#N)c5)cc4)nn3C)c2C#N)cc1C#N,25.34
N#Cc1ccc(C(=O)C=Cc2cc(F)c(F)c(F)c2F)cc1,16.99
N#Cc1ccc(-c2ccc(-n3ccnc3)cc2-c2ccc(-c3ccc(C#N)cn3)cc2)cc1,22.21
C#CCOc1ccc(N=Cc2ccc(-c3cc(-c4ccc(C#N)cc4)cc(-c4ccc(C#N)cc4)n3)cc2)cc1,12.5
Cc1c(C#N)c2cc(-c3ncncn3)ccc2n1-c1ccc(C#N)cc1C#N,13.07
N#Cc1cccn(CC(Cl)c2ccc(Cl)cc2)c1=O,30.34
COc1cc(C(=C2C(=O)C(C=O)=C(O)C(C=O)=C2O)c2ccc(C#N)cc2)nc2cc(N=Cc3ccc(C#N)cc3)ccc12,21.34
Cc1cc(C#N)c(Cl)cc1-c1nc(C2CC2)nc(-c2nc(Nc3ccc(C#N)c(F)c3)nc(-c3c(F)c(F)c(C#N)c(F)c3F)n2)c1C#N,15.04
N#CCCCCC#Cc1cc(-c2ccc(C#N)cc2)n(-c2ccc(C#N)cc2)n1,22.59
N#Cc1ccc(-c2nnc(C#N)c(-c3ccc(-c4ccc(OCCO)nc4)cc3)n2)nc1C#N,19.93
CCn1cc(-c2ccc(-c3cc4c(ncn4CC4CCOCC4)c(C#N)n3)cc2)cn1,15.42
N#CC(C#N)=CC=C(C#N)c1nc(C(C#N)=Cc2ccc(C#N)c([N+](=O)[O-])c2)nc(C(C#N)=c2ccc(=C(C#N)C#N)cc2)n1,22.93
N#Cc1ncc(-c2ccc(-c3cc4c(ncn4CCO)c(C#N)n3)cc2C#N)cn1,13.74
N#Cc1ccc(-c2onc(-c3cccc(-c4ccc5c(cnn5-c5ccc(C#N)cc5)c4)n3)c2C#N)cc1,19.21
N#Cc1ccc(-c2ccc(-c3ncc(C#N)nc3-c3ccc(-c4ccc(C#N)cn4)nc3)cc2)cc1,14.08
N#Cc1ccc(-c2cnc(C#Cc3cnc(-c4ccc(OC5CCCCCC5)c(C#N)c4)nc3)cn2)cc1,20.33
N#Cc1ccc(C=Cc2ccnc(C=Cc3ccc(-c4ncsc4C#N)cc3)c2)cc1,33.7
Cc1cc(C(=O)NC2CCN(Cc3ccc(C#N)cc3)CC2)nc(-c2ccc(C#N)nc2)c1,23.67
N#Cc1ccc(-c2ncc(-c3cc(-n4cccn4)cc(-c4ccc(C#N)nc4)n3)cn2)c(F)c1,20.56
COc1cc(C#N)ccc1-c1nc(-c2ccc(C#N)cc2)cc(-c2ccc(C#N)cc2)c1C#N,14.21
N#Cc1ccc(-c2cc(-c3cccc(C#N)n3)nc(-n3ccnc3)n2)cn1,11.93
N#Cc1ccc(-c2nc(-c3ccc(C#N)nc3)cc(-c3ccc(-c4ccncc4)nn3)n2)cc1,16.92
N#Cc1ccc(-c2cc(-c3cccc(C#N)n3)c(C#N)nc2C#N)cc1,16.08
Cn1nc(-c2ccc(OC3CCOCC3)c(C#N)c2)nc1-c1cc(C#N)cc(-c2ccc(C#N)nc2)c1C#N,18.59
N#Cc1cc(F)cc(-c2ccc(C#Cc3cc(-c4cccc(C#N)n4)cc(-c4ccc(C#N)nc4)n3)cc2)c1,20.89
Cn1c(C#N)ccc1-c1cc(-n2cc(-c3ccc(C#N)cc3)cn2)ccc1C#N,16.04
N#Cc1cccc(NCc2ccc(-c3cccc(C#N)n3)cn2)c1,15.24
N#Cc1ccc(-n2c(C(=O)Nc3ccc(-c4cnc(C#N)c(C#N)c4)cc3)cc3ccc(-c4ccc(N5CCOCC5)nc4)cc32)cc1,29.35
N#Cc1ccc(-c2nc(C#N)ccc2-c2ccc(-c3cccc(C#N)n3)cn2)cc1,11.81
N#Cc1ccc(-c2cc(-c3c(-c4ccc(C#N)cc4)nc4cc(C#N)ccn34)ccn2)cc1,16.14
N#Cc1ccc(C(=O)c2c(N)cc(-c3ccc(C#N)nc3)cc2-c2ccc(C#N)cc2)cc1,16.43
N#Cc1cccc(-c2ccc(C#Cc3ccccn3)cn2)c1,14.07
Cn1cnc2c(C#N)nc(-c3ccc(-c4cnc(C#N)nc4)c(F)c3)cc21,13.97
C=CCn1cnc2c(C#N)nc(-c3ccc(-c4ccc(C#N)nc4)c(C#N)c3)cc21,14.33
N#Cc1ccc(-c2cc(Sc3[nH]c(=N)c(C#N)c(-c4ccccc4C#N)c3C#N)ccc2C#N)cn1,18.75
N#Cc1ncc(-c2ccc(-c3cc(-c4ccncn4)nc(-n4cncn4)n3)cc2C#N)cn1,19.6
N#Cc1cccc(-c2nc(-c3cncc(C#N)c3)nc(-c3cccc(C#N)n3)n2)c1,10.13
Cc1ncc(C#Cc2c(C)nc(-c3cccc(C#N)n3)nc2C#N)c(C)n1,13.68
N#Cc1cccc(-c2ccc(-c3ccc(Nc4cc5c(cc4C#N)ncn5-c4ccc(-c5ccncc5)cc4)cc3)cc2)n1,22.89
CCOc1nc(-c2cccc(C#N)n2)c(C#N)nc1-c1ccn(-c2ccc(C#N)cc2)n1,19.29
N#Cc1ccc(-c2nc(-c3cccnc3-c3ccc(-c4nc(C#N)ccc4C#N)c(F)c3)[nH]c2C#N)cc1,21.16
N#Cc1ccc(-c2ccc(-c3nc(-c4ccc(-c5ccc(C#N)cc5)c(C#N)c4)nc(-c4cnccn4)n3)cc2C#N)cc1,12.94
N#Cc1ccc(-c2cc(-c3ccc(-c4cccc(C#N)n4)c(C#N)n3)ccn2)nc1,11.95
N#Cc1ccc(-c2ccc(N=Cc3ccc(-c4ccc(C#N)cc4)s3)c(-c3ccc(C#N)nc3)n2)cc1,22.86
N#Cc1ccc(-c2cc(-c3ccc(Nc4cc(-c5ccc(C#N)cc5)c(C#N)s4)cc3)nc(-c3ccc(C#N)cc3O)n2)cc1,23.12
N#Cc1ccc(-c2c[nH]c(-c3ccc(-c4cnc(-c5ccc(C#N)cc5)c(C#N)n4)cc3)n2)cc1,18.54
N#Cc1ccc(CNC(=O)C2=NNc3cc(C#N)ccc3S2)cc1,26.42
Cc1cc2[nH]c(=O)c3cc(Nc4ccc(C#N)cc4)ccc3c(=O)c2cc1C#N,19.55
COc1ccc(-c2ccnc(-n3ncc(C(=O)NCc4ccc(C#N)cn4)c3C)n2)cc1C#N,19.05
Cn1cnc2c(C#N)nc(-c3ccc(C#Cc4ccc(C#N)cn4)cc3)cc21,16.47
Cc1nccc(-c2ccc(Nc3ccc4c(C#N)nc(-c5ccc(-c6ccc(C#N)cn6)cc5)c(O)c4n3)cc2)n1,15.05
N#Cc1cnc(-c2ccc(-c3nc(C#N)cnc3C#Cc3ccc(-c4cncc(C#N)n4)cc3F)cc2C#N)nc1,18.32
Cc1cc(C#N)c(Cl)cc1-c1nn(C)c(-c2ccnc(-c3ccc(-c4ccc(C#N)nc4)c(C#N)c3)n2)c1C#N,12.64
CCc1cc(-c2nc(-c3ccc(C#N)nc3)cc(-c3ncnn3C)n2)c(C#N)c(-c2c(C)cc(C)cc2C)n1,23.34
Cc1cc(F)ccc1Nc1nc(Nc2ccc(C#N)cc2)c2cnccc2n1,26.48
N#Cc1ccc(C#Cc2cccc(-c3cncc(C#N)n3)c2)c(-c2ccc(-c3cnc(C#N)cn3)nc2)c1,20.19
Cc1cc(C#N)ccc1-c1nc(Nc2ccc(C#N)cc2)cc(-c2nc(-c3ccc(C#N)nc3)nc(-c3ccc(F)c(C#N)c3)n2)c1C#N,11.46
Cc1ccc(-c2nc(Cc3ccc(C#N)cc3)nc(-c3nc(-c4cccc(C#N)c4)nc(-c4ccc(C#N)c(-c5ccc(C#N)cn5)c4)n3)c2C#N)c(C)c1,26.5
N#Cc1ccc(-c2ccc3c(c2)C(=O)C(=O)c2ccc(-c4ccnc(C#N)n4)nc2-3)cn1,18.54
N#Cc1ccc(-c2cc(C#N)cc(-c3nc(-c4ccc(C#N)c(C#N)c4)nc(-c4ccc(C#N)c(C#N)c4)n3)c2C#N)cc1,16.6
Cc1cc(C#N)cc2nc(-c3cccc(-n4cc5ccccc5c4O)c3)oc12,26.5
N#CC(C#N)=C1C(=Cc2ccc(-n3cccc3)cc2)C(=O)C(c2ccc(C#N)cc2)C(C=O)=C1O,10.2
NC1=NC(=O)C(Nc2ccc(Nc3ccc(NC(=O)c4ccc(NC=C5C(=O)C(=CNc6ccc(N)cc6)C(=O)C(=CNc6ccc(N)cc6)C5=O)cc4)cc3)cc2)=N1,15.33
N#Cc1ccc(-c2ccc(-c3ccc(-c4nccc(C#N)n4)cc3)nc2C#N)cc1,9.8
Cc1ccc(-c2c(C#N)c(-c3nc(-c4ccc(C#N)nc4)nc(C(F)(F)F)n3)nn2-c2ccc(C#N)cc2)c(C)c1,18.41
N#Cc1ccc(-c2ccc(C#Cc3nc(C#N)c(-c4ccncn4)o3)cc2)cc1,24.39
Cn1c(-c2ccc(-c3ccc(C#N)cc3)cn2)nc(-c2ccc(C#N)nc2)c1-c1ccnc(-c2ccc(C#N)nc2)c1,15.89
N#Cc1cccc(-c2ccc(C#Cc3ccc(-c4cccc(C#N)n4)cn3)cn2)c1,10.73
N#CCCCOc1nc(-c2ccc(F)c(C#N)c2F)c(C#N)nc1-c1ccc(-c2cnc(-c3ccc(C#N)cc3)cn2)nn1,26.86
Cc1cc(-c2nc(C=Cc3ccc(C#N)cc3)nc(-c3ccc(C#N)nc3)n2)ncc1C#N,20.17
Cc1[nH]c(=Nc2ccc(-c3nc(-c4ccc(N=Cc5cc(C#N)cc(C=O)c5O)nc4)nc(N(C)C)n3)cn2)ccc1C#N,25.47
N#Cc1cccc(-c2ccc(C(=O)Nc3ccc(-c4nc(COc5ccc(-c6nc(-c7cccnc7)nc(-c7ccc(C#N)cc7F)n6)cc5)nc(-c5ccc(C#N)c(F)c5F)n4)cc3)cc2)c1,36.0
N#Cc1ccc(-c2cnc(C#N)c(-c3ccc(-c4cnc(C#N)cn4)cc3)c2)cn1,13.71
N#Cc1ccc(Cc2nc(-c3ccc(C#N)nc3)nc(-c3cc(-c4ccccc4C#N)nc(-c4ccc(C#N)c(F)c4F)n3)n2)cc1,21.71
CC(=CCC(=O)O)C(Br)=C1C(=O)C(=O)c2cc(C)ccc2C1=O,41.59
N#Cc1ccc(-c2ccc3c(-c4cccc(C#N)n4)cc(C#N)n3c2)nc1,11.68
N#Cc1ccc(-c2ccc(Cn3c(Cn4ccnc4)c(-c4ccc(C#N)cc4)c4cc(-c5cccc(C#N)c5)ccc43)cc2)cc1,21.19
N#Cc1ccc(CN(c2ccc(-c3nc(COc4ccc(-c5cncc(C#N)c5)nc4)ncc3F)cc2)c2ccncn2)cc1,27.52
N#Cc1ccc(-c2ccc(C=Nc3ccc(-c4ccc5c(ccc(=O)n5-c5ccc(-c6ccc(C#N)cn6)nc5)c4)cn3)cc2C#N)cc1,19.9
N#Cc1ncc(-c2ccc(-c3nc(C#N)c(-c4ccc(C#N)o4)nc3C#N)nc2)cn1,14.51
Cc1ncc(-c2ccc(-c3cc4ncn(C)c(=O)c4c(C#N)n3)cc2F)nc1C,21.67
CC1CC(C)CN(c2nc(-c3ccc(C#N)cc3)c(C#N)c(-c3nc(-c4ccc(C#N)cc4)nc(-c4ncc(C#N)c(C#N)n4)n3)n2)C1,18.21
N#Cc1ccc(-c2cc(-c3ccc(C#N)cc3)nc(-c3ccc(N=Cc4cc(C=O)cc(C(=O)C=Cc5cccs5)c4O)nc3)n2)cc1,22.97
N#Cc1ccc(C#Cc2cc(-c3c(F)c(F)c(C#N)c(F)c3F)nc(-c3nc(C#N)nc(-c4cc(C#N)ccc4C(F)(F)F)c3C#N)n2)cc1,21.75
N#Cc1ccc(-c2nnc(C=O)cc2C#N)cc1,15.68
N#Cc1ccc(-c2cccc(-c3nc(-c4ccc(C#N)nc4)cc(-c4cncc5ccccc45)n3)c2C#N)c(C#N)c1,13.89
CC(=O)OC1CC(=O)N(C(=O)c2ccc(C#N)cc2)C1Cc1ccc(-c2ccc(C#N)cc2)cc1,28.71
Cc1nc(-c2cnc(Oc3ccc(-c4cccc(C#N)n4)cc3)c(C#N)c2)nc(-c2ccc(C#N)cn2)n1,19.98
N#Cc1cc(-c2cccc(-n3c(=O)ncc4cc(C#N)c(=N)[nH]c43)c2)ccn1,24.29
N#Cc1ccc(-c2cc(C#N)nn2-c2ccc(-c3ccc(C#N)nc3)cc2)cc1,12.0
CN(C)c1ncc(-c2ncc(-c3cc4c(ncn4C)c(C#N)n3)cn2)cn1,19.21
N#Cc1ccc(-c2ccc(-c3cc4c(ncn4Cc4cc(C#N)ncn4)c(C#N)n3)cc2)nc1,10.95
N#Cc1cccc(-c2cc(C#N)nc(-c3ccc(-c4cnc(-c5cccc(C#N)n5)c(C#N)n4)cn3)c2)c1,13.09
Cc1cc(C)n(-c2ccc(-n3c4ccccc4c4ccccc43)cc2)n1,15.64
Cc1nc(C(C#N)=C2C(=O)C(C=O)=C(O)C(C=O)=C2O)nc2ccc(C#N)cc12,16.34
Cc1c(C#N)sc(NC(=O)c2nc(C#N)c[nH]2)c1-c1ccc(C#N)cc1,24.29
N#Cc1ccc(-c2cc(C#N)ccc2C(=O)NCc2ccc(-c3cccc(C#N)c3)cn2)cc1,18.38
N#Cc1ccc(-c2ccc(-c3nc(C#N)ncc3-c3ccc(-c4ccc(-n5cccn5)cc4)cc3)cc2)cc1,22.19
N#Cc1cccc(-c2ccc(-c3nnc(C#N)c(C#N)n3)nc2C#N)n1,9.22
N#Cc1ccc(-c2cc(-c3ccc(C#N)cc3)c(C#N)c(-c3ccc(C#N)cc3C#N)n2)cc1,11.02
CC(C)Oc1cc(-c2ccc(C#N)cn2)cc(C(C)(C)c2nc(C(C#N)=c3ccc(=C(C#N)C#N)cc3)nc(-c3ccc(C#N)nc3)n2)c1F,21.42
N#Cc1ccc(-c2nc(-c3ccc(-c4cnc(-c5cccc(C#N)n5)c(C#N)n4)cc3)ccc2C#N)cc1,10.95
N#Cc1ccc(-c2ccc(-c3nc(-c4cccc(-c5ccc(C#N)cc5C#N)c4C#N)nn3-c3ccc(-c4ccc(C#N)cc4)cc3F)cc2)cc1,18.5
N#Cc1ccc(-c2ccc(-c3nc(-c4ccc(C#N)nc4)cc(-c4cnc(C#N)nc4)n3)cn2)cn1,14.69
N#Cc1ccc(-c2nc(-c3ncccn3)nc(-c3cc(-c4ccc(C#N)nc4)cc(-c4cnc(C#N)cc4C#N)c3F)n2)cc1,26.52
Cc1cc(C#N)c(Cl)cc1-c1cc(C#N)nc(-c2nccc(-c3ccc(N)c(C#Cc4ccc(C#N)cn4)c3)n2)c1C#N,22.45
N#Cc1cccc(-c2cc(C#N)nc(-c3ccc(-n4cc(C(F)(F)F)cn4)cc3)c2)n1,18.05
Cc1cc(C#N)c(Cl)cc1-c1nc(CN=c2cccc(C#N)[nH]2)nc(-c2cc(-c3ccc(C#N)nc3)cc(-c3ccc(C#N)nc3)n2)c1C#N,22.34
Cc1cc(C#N)c(Cl)cc1-c1nc(N2CC(O)C2)nc(-c2cccc(-c3ccc(-c4ncncn4)cc3)n2)c1C#N,18.33
N#Cc1ccc(-c2ccc(-c3nn(-c4cc(C#N)c(-c5ccc(F)c(C#N)c5)cn4)nc3-c3ccc(C#N)cc3)cc2)cc1,26.4
N#Cc1ccc(-c2ccc(-c3cc(-c4ccc(C#N)cc4)nc(Nc4ccc(-c5cccc(C#N)n5)cc4)n3)cc2)cc1,12.54
CN1CCN(c2ccc(-c3cn(-c4cncc(-c5ccc(C#N)cc5)n4)c4ccccc34)cn2)CC1,23.26
N#Cc1ccc(-c2nc(-c3ccc(-c4ccc(C#N)cc4)c(C#N)c3)nc(-c3ccc(-c4ccc(C#N)cn4)nn3)n2)cc1,11.56
N#Cc1ccc(-c2cccc(-c3ccc(-n4c(-c5ccc(C#N)cc5)c(C#N)c5cc(C#N)ccc54)cc3)n2)cc1,16.79
Cc1ccc(-n2cc(C#N)cc2C=Nc2ccc(-c3cnc(-c4ccc(C#N)cc4)c(-c4ccc(C#N)cc4)n3)cc2)cc1C,25.6
N#Cc1ccc(-c2c(-c3ncncn3)cc3c(-c4ncncn4)cccn23)nc1C#N,18.3
Cc1cc(-c2nc(-c3cnc(C#N)nc3)nc(-c3cccc(C#N)c3)n2)ccn1,14.76
N#Cc1ccc(NC(=O)Nc2ccc(-c3nc(C#N)c(C#N)nc3-c3ccc(C#N)nc3)cc2)cn1,19.09
N#Cc1ccc(-c2nc(-c3ccc(N)c(N)c3)nc(-c3cnc(OC4CCC(C(=O)O)CC4)c(C#N)c3)n2)cc1,12.08
N#Cc1cccc(-c2ccc(-c3cc(-c4cccc(C#N)n4)cc(F)c3C#N)cn2)c1,16.03
N#Cc1cncc(-c2ccc(C#CC#Cc3ccc(-c4ccc(C#N)c(F)c4)nc3)cc2)n1,17.33
COc1cc(N=c2nc3ccc(-c4ncc(C#N)c(C#N)n4)cc3nc(-c3ccc(-c4ccc(C#N)cn4)cc3)c2C#N)c(C)cc1C#N,27.5
Cc1cc(-c2cc(-c3ccc(C#N)nc3)cc(-c3cccc(C#N)n3)n2)ccn1,15.08
N#Cc1cccc(-c2nc(N)c(-c3ccc(-c4ccc(F)c(C#N)c4)cn3)nc2C#N)c1,18.39
N#Cc1ccc(-c2cc(-c3nc(C#N)ccc3C#N)nc(C(F)(F)F)n2)nc1,14.61
N#Cc1ccc(-c2c(-c3ccc(-c4cccc(C#N)n4)cc3)cc(-c3ccncc3)c(N)c2C#N)cc1,14.81
C[n+]1c(C#Cc2ccc(-c3ccc(-c4ccc(C#N)cc4)c(C#N)n3)cc2)ccc(C#N)c1-c1ccc(C#N)cc1,25.48
N#Cc1ccc(-c2ccc3c(c2)c(-c2ncncn2)cn3-c2ccnc(-c3ccc(C#N)nc3)c2)cn1,18.96
N#Cc1ccc2c(-c3cnc(C#N)nc3)ccc(-c3cnc(-c4cccc(C#N)n4)c(C#N)n3)c2c1,14.01
N#Cc1ccc(-c2ncc(C#N)nc2-c2ccc(-c3nccc(C#N)n3)c(Cl)c2)cc1,19.58
N#Cc1ccc(N=c2c(C#N)c[nH]c3ccc(-c4cccc(C#N)c4)cc23)cc1,18.5
N#Cc1nc(C#N)c(C#N)nc1N,12.08
N#CC(=C1C(=CC=Cc2ccc(C#N)cc2)C(=O)C(=CNc2ccc(-c3ccc(C#N)cc3)cc2)C(C=O)=C1O)c1ccccn1,26.32
N#Cc1ccc(-c2c(C#N)nc(-c3ccc(-c4cccc(C#N)n4)cc3C#N)c(-c3ccc(C#N)nc3)c2C#N)cn1,20.04
N#Cc1ccc(-c2cc(C#N)nc(-c3nc(-c4ccc(C#N)nc4)cc(-c4ccc(C#N)cn4)n3)c2C#N)cc1,11.8
Cn1c(C#N)ccc1-c1cc(C(c2ccc(F)cc2)c2ccc(C#N)cc2)ccc1C#N,17.44
N#Cc1ccc(-c2nc(C#N)c(C#N)nc2-c2cccc(N=c3nc(C(F)(F)F)cc[nH]3)c2)cc1,15.28
N#Cc1ccnc(-c2cc(C#N)c(C#N)cc2-c2nc(C#N)c(C#N)[nH]2)n1,15.26
N#Cc1ccc(C#Cc2ccc3c(C(=O)c4ccc(C#N)cc4)nc(C(=O)c4ccc(C#N)cn4)c(-c4ccc(C#N)cc4)c3c2)cc1,24.95
N#Cc1ccc(-c2ccc(-c3cnc(N4CCOCC4)c4cc(-c5cccc(C#N)c5)cn34)cc2)nc1,22.08
CC(=O)Nc1c(-c2cccc(C#N)c2)nc(C#N)c2ncn(CCO)c12,22.03
N#Cc1ccc(-c2nccc(-c3ccc(C#N)nc3)n2)nc1,10.99
N#Cc1ccc(-c2cc[n+](-c3cc[n+](-c4nc(-[n+]5ccc(-c6ccncc6)cc5)nc(-c5ccc(C#N)cc5)c4-c4ccc(F)cc4)c(-c4ccc(C#N)cc4)c3)cc2C#N)cc1,20.21
Cc1ncn(-c2ccc(-c3cc(C#N)cc(-c4ccc(F)cc4C#N)c3)cc2)n1,19.85
CC(C)COc1ccc(-c2nc(-c3cccc(C#N)c3)nc(-c3cncc(C#N)n3)n2)cc1C#N,16.96
N#Cc1cccc(-c2nc(-c3cccc(C#N)n3)nc(-c3cccc(-c4cnc(C#N)nc4)n3)n2)c1,18.08
N#Cc1ccc(-c2c(C#N)c(-c3ccc(C#N)cc3C#N)nn2-c2ccc(-c3cccc(C#N)c3)cc2)cc1,17.35
N#Cc1cnc(-c2cc(-c3cccc(C#N)c3)nc(-c3cccc(-c4ccnc(C#N)c4CO)c3C#N)n2)nc1,19.82
N#Cc1ccc(-c2ccc(-c3ncc(-c4ccc(C#N)nc4)c(C#N)n3)cc2C#N)cn1,11.06
N#Cc1cnc(-c2cccc(Cn3cnc4c(C#N)nc(-c5cccc(C#N)c5)cc43)c2)nc1,13.09
N#Cc1cnc(-c2cc(-c3ccc(C#N)nc3)nc(-c3ccc(-c4cnc(C#N)nc4)c(C#N)c3)c2)nc1,12.39
Cc1cc(C#N)ccc1-c1nc(N2CC(C#N)C2)nc(-c2nc(-c3cccc(C#N)c3)nc(N3CCOCC3C)n2)c1C#N,22.91
N#Cc1ccc(Nc2cc(C#N)c(C#N)cc2Nc2cccc([N+](=O)[O-])c2C#N)cc1,22.7
Cc1ccc(-c2c(C#N)c(-c3nc(-c4ccc(C#N)cc4)cc(-c4ccc(C#N)cn4)n3)nn2-c2ccc(C#N)cc2)c(C)c1,17.26
N#Cc1ccc(-c2ccc(-c3cc4c(ncn4CC4CCC(O)CC4)c(C#N)n3)cc2)nc1,10.71
N#Cc1ccc(-c2nc3cc(C#N)cnc3nc2-c2ccc(C#N)cc2)cc1,14.07
N#Cc1ccc(-c2ccc(N=Cc3c(-c4ccc(C#N)o4)nc(-c4ccc(C#N)cc4)c(C#N)c3O)nc2)cc1,17.33
N#Cc1ccc(-c2ccc(-c3cc(-c4ccc(C#N)nc4)cc(-c4cccc(C#N)n4)c3)nc2)nc1,10.53
N#Cc1ccc(-c2ccc(-c3nc(C#N)c(C#N)cc3C#Cc3ccc(-c4ccccc4-c4cncc(C#N)n4)cc3)nc2)cn1,27.12
N#Cc1ccc(-c2ccc(-c3n[nH]c(=Nc4ccncc4)nc3-c3ccc(C#N)cc3)cc2)cc1,20.36
N#Cc1ccc(-c2cc(C#N)nc(-c3cccc(-c4ccc(-c5nccc(C#N)n5)cc4)n3)c2C#N)cc1,14.26
Cc1cc(C#N)c(F)cc1-c1nc(N2CC(n3ccc(C#N)n3)C2)nc(-c2cccc(-c3ccc(C#N)cc3)n2)c1C#N,19.23
Cc1nc(-c2ccc(C#N)cc2)c(C#N)nc1-c1ccc(-n2ncc(C#N)c2-c2ccc(-c3ccc(C#N)cn3)cc2)nc1,18.57
N#Cc1ccc(-c2cc(C#N)cc(C(c3ccc(C#N)cc3)c3ccccn3)c2)cc1,19.95
N#Cc1ccc(-c2nc(-c3ccc(-c4ccc(C#N)nc4)nc3)nc(-c3cccc(-c4ccc(C#N)cn4)c3C#N)n2)cc1,13.01
N#Cc1ccc(-c2ccc(-c3nc(-c4ccc(C#N)nc4)cc(-c4ccc(C#N)s4)n3)cn2)cn1,12.93
COc1cccc(-c2nc(C#N)c3nc(-c4ccc(-c5ccc(-c6nc(C#N)cn6C)cn5)nc4)cnc3c2O)c1,23.71
N#CCCn1cnc2c(C#N)nc(-c3cccnc3)cc21,15.11
N#Cc1ccc(-c2cc(-c3cccc(C#N)n3)cc(C#N)c2-c2nccc(-c3ccc(C#N)nc3)n2)c(C#N)c1,27.08
N#Cc1ccc(-c2cc(-c3ccc(C#N)cc3)nc(-c3ccc(-c4ccc(C#N)nc4)c4ccccc34)c2)cc1,14.64
N#Cc1ccc(-c2nc(=Nc3ccc(-c4cccc(C#N)n4)cn3)[nH]c(C#N)c2C#N)cc1,9.75
C#Cc1cc(C(=O)Nc2ccc(-c3ccc(C#N)nc3)c(C#N)c2)cc(-c2ncnc(C#N)n2)c1,31.04
N#Cc1ccc(-c2cc(C#N)nc(-c3ccc(-c4ccc(C#N)c(Cl)c4)c(C#N)n3)n2)cn1,16.16
N#Cc1cncc(-c2cc3c(ncn3CCC(N)=O)c(C#N)n2)c1,15.28
Cn1c(C#N)ccc1-c1ccc(-c2ncnc(-c3ccc(-c4ccc(C#N)cc4)c(C#N)n3)n2)cc1C#N,14.15
N#Cc1cccc(Cc2cc(-c3nc(C#N)c[nH]3)c(Nc3ccc4c(c3)OCc3ccc(C#N)cc3C4=O)nn2)c1,25.88
Cc1cc(C#N)c(Cl)cc1-c1c(C#N)c(-c2cc(-c3ccc(C#N)nc3)nc(-c3ccc(OC(F)(F)F)c(C#N)c3)n2)nn1CC#N,18.27
N#Cc1cnc(-c2ccc(-c3cc(-c4ccc(-c5ccccc5-c5cccc(Oc6ccccc6)c5)cc4)cc(-c4ccc(C#N)nc4)c3)cc2)nc1,29.92
N#Cc1ccc(C#Cc2cccc(-c3nc(-c4cccc(C#N)n4)nc(-c4cccc(C#N)n4)n3)c2)cc1,17.98
N#Cc1ccc(-c2ccc(Nc3cc(C#N)cc4c3c(-c3ccc(C#N)cc3)cn4-c3ccc(-c4ccc(C#N)cc4)cc3)cc2)cc1,14.43
N#Cc1cc(-c2ccncc2)cc(-c2nc(-c3ccc(OC4CCC(C(=O)O)CC4)c(C#N)c3)nc(-c3cccc(C#N)n3)n2)c1,17.27
N#Cc1ccc(-c2cc(C#N)nc(-c3nc(-c4ccc(C#N)nc4)nc(-c4cccc(C#N)n4)n3)c2C#N)cc1,11.6
CC(C)Oc1ccc(-c2cc(-c3ccc(C#N)nc3)nc(-c3cc(C#N)nc(-c4ccccc4C(C)(C)C)c3C#N)n2)cc1C#N,19.1
N#Cc1ccc(-c2nc(-c3ccc(-n4cncn4)cc3)cc(-c3cnc(OC4CCC(C(=O)O)CC4)c(C#N)c3)n2)cc1,17.74
N#Cc1ccc(-c2ccc(-c3ccc(C#N)nc3)cc2-c2ccc(C#N)cc2)cc1,12.58
N#CCn1cnc2c(C#N)nc(-c3ccc(-c4cccc(C#N)c4)cc3)cc21,11.43
N#Cc1ccc(-c2cccc(-c3ccc(-c4nc(-c5cnccn5)nc(C#N)c4-c4ccc(C#N)cc4)nc3)n2)cc1,23.58
N#Cc1ccc(C(=O)N=c2cc[nH]n2C2CCN(Cc3ccc(-c4ccc(C#N)nc4)cn3)CC2)cc1,24.4
N#Cc1ccc(C(C#N)c2nc(-c3ncncn3)c3cc(-c4ccc(C#N)nc4)ccc3n2)cc1,19.91
N#Cc1ccc(-c2cc(-c3nc(C#N)cnc3-c3cnc(C#N)c(C#N)n3)ccn2)nc1,13.26
CC1CN(C(c2ccc(C#N)cc2)c2ccc(C#N)c(C#N)c2)C(C)C(C)N1Cc1ccc(C#N)cc1,21.99
N#CCCn1cnc2c(C#N)nc(-c3ccc(-c4ccc(C#N)nc4)cc3)nc21,12.03
CC1CC(Cn2cnc3c(C#N)nc(-c4ccc(-c5ccc(C#N)nc5)cc4)cc32)OO1,19.48
N#Cc1ccc(C#Cc2cc(C#N)cc(-c3cccc(C#N)n3)c2)nc1,14.64
N#Cc1ccc(-c2cc(-c3ccc(C#N)c(C#N)c3)nc(Nc3sc(Br)cc3Br)n2)cc1,17.51
N#CCn1cnc2c(C#N)nc(-c3ccc(F)cc3)cc21,14.14
Cn1c(=O)c2nc(-c3cnn(Cc4cccc(-c5ccc(C#N)cc5)n4)c3)nc(-c3ccc(C#N)nc3)c2n(C)c1=O,19.35
N#Cc1cccc(-c2ccc(-c3ccc(-c4ccc(NC(=O)c5c(Cl)cncc5Cl)c(C#N)c4)cc3)nc2C#N)n1,23.97
N#Cc1ccc(-c2nc(-c3ccc(C#N)nn3)nc(-c3cc(C#N)c(OC4COC(C(=O)O)C(O)C4)nc3CO)n2)cn1,32.23
N#Cc1cnc(-c2ccc(-c3ccc(-c4nc(C#N)c[nH]4)cc3)cc2)c(OC2OC(CO)C(O)C(O)C2O)c1,18.41
N#Cc1ccc(-c2ccc(-c3cc4c(ncn4Cc4ccc(-c5cc(C#N)ccc5-c5nccc(C#N)n5)cc4)c(C#N)n3)cn2)cc1,19.93
N#Cc1ccc(-c2nc(C#N)c(-c3ccc(-c4cnc(C#N)nc4)cc3)nc2C#N)cc1,12.83
N#Cc1cccc(-c2ccc(-c3cc(-c4ccc(-c5cccc(C#N)c5)c(C#N)c4)nnc3C#N)cc2)c1,17.73
N#Cc1ccc(-c2cc(-c3ccc(C#N)cn3)cc(-c3ccc(-c4ccccc4-c4ccncc4)cc3)n2)cc1,15.13
N#CC=CNc1cc(-c2ccc(C#N)nc2)cc2c(C#N)cn(-c3ccc(C#N)cc3C#N)c12,17.02
N#Cc1ccc(-c2cc(-c3ccc(-c4nc(C#N)cnc4C#N)cc3)cc(-c3ccc(C#N)nn3)c2)cc1,17.48
N#Cc1ccc(-c2cc(-c3ccc(C#N)nc3)cc(CNc3ccc(-c4cccc(C#N)n4)cc3)n2)cc1,14.55
N#Cc1ccc(-c2nc(N3CCC(O)C3)c(-c3ccc(-c4cnccn4)cc3)nc2C#N)cc1,17.04
N#Cc1ccc(-c2ccc(-n3nc(-c4ccc(C#N)nc4)nc3-c3ccc(-c4ccc(C#N)nc4)nc3)c(C#N)c2)cc1,21.44
COc1nc(-c2ccc(F)cc2F)nc(-c2ccc(-c3cccc(C#N)c3)cc2)c1C#N,21.2
N#Cc1ccc(-c2ccn(-c3ccc(C#N)c(Cl)c3)n2)cn1,15.02
N#Cc1ccc(-c2cnc(C#N)c(-c3ccc(C#N)c(Cl)c3)n2)cn1,11.62
N#Cc1ccc(-c2nc(-c3ccc(C#N)nc3)nc(-c3ccc(C#Cc4ccc(C#N)cc4-c4cccc(C#N)n4)nc3)n2)cc1,18.24
N#Cc1ccc(-c2cc(-c3ccc(-c4cnc(-c5ccc(F)c(C#N)c5F)c(C#N)n4)cc3)ccc2C#N)cc1,13.48
N#Cc1ccc(-c2ccc(-c3nc(-c4cnc(C#N)nc4)nc(-c4cnc(C#N)nc4)n3)cc2)cc1,16.6
N#Cc1ccc(-c2ccc(-c3cc4c(ncn4Cc4cncc(-c5cccc(C#N)n5)c4)c(C#N)n3)cc2)nc1,16.3
N#Cc1ccc(-c2nc(-c3cccc(C#N)n3)nc(-c3cc(-c4ccc(C#N)nc4)cc(-c4ccc(C#N)cc4)c3C#N)n2)cc1,10.98
Nc1cccc(-c2ccc(C#CC3(O)CN4CCC3CC4)cc2)c1,21.14
Cc1cc(C#N)c(C#N)cc1-c1cccc(-c2nnc(C#N)c(-c3ccc(-c4cccc(C#N)c4)cc3)n2)c1C#N,11.79
Cn1cc(-c2ccc(-c3ccc(C#N)cc3)c(C#N)n2)c(NCc2ccc(-c3cncnc3C#N)cc2F)n1,43.19
N#Cc1ccc(-c2nc(N3CCN(Cc4nc(C#N)c(C#N)[nH]c4=Nc4ccc(OCc5ccccn5)cc4)CC3)c3ccccc3n2)cc1,29.43
N#Cc1ccc(C=Cn2cc(-c3nc(-c4ccc(C#N)nc4)nc(-c4cc(F)c(F)c(F)c4F)n3)c(-c3ccc(-c4ccc(C#N)cc4)cc3)n2)cc1,21.08
N#Cc1ccc(-c2cc(-n3c4ccccc4c4cc(-c5cncc(C#N)n5)ccc43)ccc2C#N)cc1,18.01
N#Cc1ccc(-c2cccc(-c3nc(C#N)c4cc(-c5ccncc5)ccc4c3O)c2)cn1,15.96
N#Cc1ccc(-c2ccc(C=Cc3ccnc(-c4ccsc4)c3)nc2)cc1,21.59
N#Cc1ccc(-c2cc(-c3ccc(C#N)nc3)nc(-c3ccc(C#N)nn3)c2)nc1,11.3
N#Cc1cccc(-c2cc(C#N)c(N)c(-c3ccc(F)c(C#N)c3F)c2)n1,20.14
N#Cc1ccc(-c2cc(-c3cccc(C#N)n3)cc(C#N)n2)c(C#N)c1,13.7
N#Cc1cc(-c2cnc(Oc3ccc(-c4cccc(C#N)n4)cc3)c(C#N)c2)ccn1,14.85
N#Cc1ccc(-c2ncc(-n3cccc3-c3ccc(OCc4ccccn4)c(C#N)c3)nc2-c2ccc(C#N)cc2)cc1,22.36
CS(=O)(=O)c1ccc(-c2ccc(C(C#N)=NC=Cc3ccc(C#N)cc3)cc2)cc1,32.87
N#Cc1nc(C#N)nc(-c2ccc(-c3ccccc3C#N)nc2)n1,15.52
Cn1c(C#N)ccc1-c1cccc(-c2ncc(-c3nccc(-c4ccc(C#N)nc4)n3)cc2C#N)c1,17.05
N#Cc1cc(-c2cccc(C#N)n2)cc(-c2nccc(C#N)n2)c1,9.9
N#Cc1ccc(-c2ccc(-c3nc(-c4ccc(C#N)cc4)nn3-c3ncc(C#N)cn3)cc2)cc1,15.83
N#Cc1ccc(-c2cc(-c3cccc(C#N)n3)cc(C#N)n2)cn1,11.58
N#Cc1cc(-c2ccc(C#N)nc2)c(C#N)c(-c2nc(-c3ccc(-c4ccncc4)cc3)c(-c3ccc(C#N)nc3)o2)c1,21.34
N#Cc1nc(-c2ccc(-c3cnn(CCN4CCc5ccccc5C4)n3)cc2)cc2c1ncn2CC1CCNCC1,23.76
N#Cc1ccc(-c2ccc(-c3nc(-c4ccc(C#N)nc4)nc(-c4cc(C#N)ccc4C#N)n3)cn2)nc1,14.51
Cc1nc(-c2ccnc(-c3ccc(C#N)cc3)c2)nc(-c2nc(N3CCC(c4ccc(C#N)cc4)CC3)nc(-c3sccc3Cl)c2C#N)n1,28.77
N#Cc1ccc(-c2ccc(-c3cnc(-c4ccc(C#N)nc4)c(C#N)n3)cn2)nc1,10.11
N#Cc1cccc(-c2ccc(-c3ccc(-c4ccc(-c5nc(C#N)cs5)c(C#N)n4)cc3)nc2)n1,19.76
N#Cc1cnc(-c2ccc(-c3cc4c(ncn4CC4CCNCC4)c(C#N)n3)cc2)nc1,12.15
N#Cc1ccc(C2(Cc3ccccc3)C(=O)N(Cc3ccc(-c4cccc(C#N)n4)cc3)c3ccc(-c4nc(C#N)ccc4Cl)cc32)cc1,33.33
CC(C)(O)C(c1ccc(-c2ccc(C#N)cc2)cc1)n1nc(-c2cnc(C#N)nc2)nc1-c1cnc(C#N)nc1,25.31
Cn1c(C#N)ccc1-c1cc(C#N)cc(-c2ccc(-c3cccc(C#N)n3)cn2)c1,10.28
Cc1nc(-c2ccc(C#N)cc2)nc(-c2ccc(-c3ccc(Nc4nc(C#N)c(-c5ccc(-c6cccc(C#N)c6)cc5)c(C#N)c4C#N)cc3)cc2)n1,20.71
N#Cc1ccc(-c2cc(-c3ccc(N)c(C#N)c3)cc(-c3cccc(C#N)n3)c2)cn1,13.84
Cn1c(C#N)ccc1-c1ccc(-c2cn(-c3ccc(C#N)cc3)cn2)cc1C#N,13.18
N#Cc1cccc(Oc2ccc(-c3cnc(-c4cccc(C#N)n4)c(C#N)n3)cn2)c1,18.17
N#Cc1cccc(-c2cc(-c3cccc4ccccc34)nc(-c3ccc(C#N)c4ccccc34)n2)n1,9.39
N#Cc1ccc(-c2nc(-c3ccc(C#N)cn3)ccc2-c2ccc(-c3cccc(C#N)n3)cc2)cc1,21.41
N#Cc1ccc2c(-c3cc(-c4cccc(C#N)n4)nc(-c4ccc(C#N)c5ccccc45)n3)nc(C#N)nc2c1,11.61
N#Cc1ccc(-c2cc(-c3ccc(-c4ccncc4)cc3)nc(-c3cccc(-c4ccc(C#N)cc4C(F)(F)F)c3C#N)n2)nc1,14.25
N#Cc1ccc(C#Cc2ccc(-c3nc(C#N)ccc3-c3ccc(-c4ccc(C#N)cn4)cc3)cn2)cc1,10.53
CN(C)c1nc(-c2nc(C#N)c(-c3cccc(C#N)n3)nc2OCc2ccc(-c3ccc(C#N)nc3)cc2)ncc1C#N,23.64
N#Cc1ccc(-c2nc(-c3ccc(N)c(N)c3)cnc2-c2ccccn2)c(C#N)c1,17.47
N#Cc1cc(-c2cc(C#Cc3ccc4ccccc4n3)nc(-c3ccc(-c4ncc(C#N)c(C#N)n4)cn3)n2)ccc1N,26.98
N#CC(C#N)=c1ccc(=C(C#N)c2ncc(Nc3ccc(-c4cc(-c5ccc(C#N)nc5)nc(C5CC5)n4)cc3)nn2)cc1,23.87
N#Cc1ccc(-c2cc(-c3ccc(-c4cccc(C#N)n4)cc3C#N)c3ccc(-c4ncncn4)cc3n2)cn1,18.75
N#Cc1ccc(-c2cc(-c3ccc(-c4ccncc4)cc3)nc(-c3cc(C#N)cc(-c4ccc(C#N)cc4)c3C#N)n2)cc1,12.5
Cn1cncc1C(O)(c1ccc(C#N)cc1)c1nc(C(C#N)=Cc2ccc(C#N)nc2)nc(C(C#N)=c2ccc(=C(C#N)C#N)cc2)n1,22.54
N#Cc1ccc(-c2cc(-c3ccc(C#N)cc3)n3ccnc3c2-c2cccc(C#N)n2)cc1,21.28
N#Cc1ccc(Cn2ccnc2-c2ccc(-c3ccc(C#N)nc3)c(C#N)c2)cc1,14.25
N#Cc1ccc(-c2ncc(C#N)nc2-c2ccc(-c3ccc(C#N)cn3)nc2)cc1,10.17
Cc1nnc(C#Cc2ccc(-c3cnc(-c4cnc(-c5ccc(C#N)c(C#N)c5)c(C#N)n4)cc3F)nc2)o1,38.04
N#Cc1ncc(-c2ccc(-c3cc4c(ncn4CCCN)c(C#N)n3)cc2)cn1,11.21
CN(c1ncc(-c2cnc(C#N)n2C)cn1)c1nc(-c2cccc(C#N)n2)c(Cc2ccc(C#N)cc2)s1,25.97
N#Cc1cccc(-c2cc(-c3ccccc3C#N)nc(-c3ccccc3C#N)n2)c1,14.53
N#Cc1ccc2cc(-c3nc(-c4ccc(C#N)nc4)nc(-[n+]4ccc(-c5ccncc5)cc4)n3)ccc2c1,18.2
C#CCn1nc(-c2nc(C#N)nc(-c3c(F)c(F)c(C#N)c(F)c3F)n2)c(C#N)c1-c1cc(Cl)c(C#N)cc1C,14.83
N#Cc1ccc(-c2ccc(Cl)c(-c3cnc(-c4cc(F)ncc4F)c(C#N)n3)c2)s1,38.03
N#Cc1ccc(-c2ccc(-c3cc(-c4cnc(C#N)nc4)cc(-c4cnccn4)c3)cn2)nc1,18.92
N#Cc1ccc(-c2cc(-c3ccccc3C#N)nc(-c3ccc(-n4cc(C#N)c5ccccc54)cc3)n2)cn1,17.23
N#Cc1cncc(-c2nc(C#Cc3cnc(C#N)nc3)c(-c3ccc(-c4ccc(C#N)nc4)cn3)nc2C#N)c1,15.53
N#Cc1cncc(-c2nc(C#N)cc(-c3ccc(C#N)nc3)n2)c1,12.76
N#Cc1ccc(COc2ccc(-c3nc(C#N)c(-c4ccc(-c5ccc(C#N)cc5)cc4)nc3C#N)cc2C#N)cc1,13.17
COc1ccc(-c2cc(C(c3ccc(C#N)cc3)c3ccc(C#N)o3)cc(-c3cccc4cc(C#N)ccc34)n2)cn1,24.77
Nc1ccc2c(c1)C(=O)c1ccc(NC=C3C(=O)C(=CNc4ccc(C(=O)O)cc4)C(=O)C(=CNc4ccc5c(c4)C(=O)c4c(F)cc(N)cc4C5=O)C3=O)cc1C2=O,18.35
CC1(C)CNC(Nc2ccc(C#N)c(C(F)(F)F)c2)=N1,18.57
N#Cc1sc(Br)cc1-c1sncc1Br,16.49
Cn1c(C#N)ccc1-c1cc(-c2ncnc(N)c2C#Cc2ccc(-c3cncc(C#N)n3)cn2)ccn1,34.1
N#Cc1ccc(-c2nc(-c3ccc(-c4ccc(C#N)cc4)c(C#N)c3)nc(-c3ccc(-c4ccc(C#N)nc4)cn3)n2)cc1,12.27
N#Cc1ccc(-c2ccc(-c3ccc(-c4ccc(C#N)cc4)c(C#N)n3)cn2)cc1,12.97
N#Cc1ccc(-c2ccc(-c3cc(-c4ccc(-c5ccc(C#N)cn5)nc4)nc(Nc4ccc(-n5ccnc5)cc4)c3C#N)cc2)cc1,20.16
N#Cc1ccc(-c2cc(-c3cccc(C#N)n3)ccn2)cn1,8.96
N#Cc1ccc(C(=O)Nc2cc(C#N)cc(-c3cccc(-c4nc(C#N)c[nH]4)c3)c2)cc1,21.65
N#Cc1cc(-c2ccc(C#N)nc2)cc(-c2ccc(-c3cncc(C#N)n3)cn2)c1,16.65
Cn1ccc(-c2cc(C#N)cc(-c3nc(-c4cccc(C#N)n4)nc(-c4ncc(C#N)c(N=c5cnc(C#N)c[nH]5)n4)n3)c2)n1,28.62
N#Cc1ccc(Nc2cc(-c3nc(-c4cc(C#N)cc(C#N)c4)nc(-c4cnc(OC5CCOC5)c(C#N)c4)n3)c(C#N)c(-c3ccc(C#N)cc3)n2)cc1,27.28
Cc1nc(=O)c2c([nH]1)c(C(=O)c1ccccc1)cn2-c1ncc2ncn(C3OC(CO)C(O)C3O)c2n1,34.13
N#Cc1ccc(-c2ncc(-c3ccc(-n4c5ccccc5c5ccccc54)cc3)nc2C#N)cc1,10.03
N#Cc1ccc(C#Cc2nc(C#N)cnc2C#Cc2ccccc2)cc1,15.85
N#Cc1ccc(-c2ncc(Oc3ccc(F)cc3F)c(C#N)c2C#N)nc1C#N,22.65
Cc1nc(-c2ccc(-c3ccc(C#N)nc3)cc2)cc(=NCc2ccc(-c3ccccc3)cc2)c(=N)[nH]1,18.69
N#Cc1ccc(-c2ccc(-c3nc(-c4cnc(OC5CCC(C(=O)O)CC5)c(C#N)c4)nc(-c4ncccn4)n3)cc2C#N)cc1,14.14
N#Cc1ccc(-c2cc(-c3nc(-c4ccc(C#N)cn4)ccc3-c3ccc(C#N)nc3)nc(-c3ccc(C#N)cc3)n2)cc1,20.96
N#Cc1ccc(-c2cc(-c3cncc(C#N)c3)nnc(=O)c2C#N)nc1,23.0
N#Cc1ccc(-c2cc(-c3ccc(-c4ccc(C#N)nc4)c(C#N)c3)cc(-c3ncncn3)c2)nc1,14.95
N#CC(C#N)=c1ccc(=C(C#N)c2nc(C(C#N)=c3ccc(=C(C#N)C#N)cc3)nc(C(N=C(N)c3ccc(C#N)cc3)(c3ccc(C#N)cc3)c3ccc(-c4ccccc4)c(F)c3)n2)cc1,22.89
N#Cc1ccc(CN(Cc2ccc(-c3ccc(C#N)cn3)cc2)C(=O)c2cc(-c3ccc(C#N)cn3)c(Br)s2)cc1,21.15
CN(Cc1ccccc1C#N)c1nc(-c2ccc(C#N)c(C#N)c2)c(C#N)nc1-c1ccc(-c2ccc(C#N)cn2)nc1,23.64
N#Cc1ccc(-c2ccc(-c3cc(C#N)nc(-c4cnc(C#N)nc4)c3)nc2C#N)cc1,12.38
Cc1csc(-c2cc(-c3cccc4ccccc34)nc(-c3ccc(C#N)nc3)n2)n1,22.64
COC(=O)c1c(O)cc(O)c(C(C)=Nc2ccc(Nc3ccc(N)cc3)cc2)c1O,29.17
N#Cc1ccc(-c2ccc(-c3cc(-c4ccnc(C#N)n4)c4cc(-c5cnc(C#N)nc5)ccc4n3)nc2C#N)cn1,25.87
CCOC(=O)c1noc(-c2ccc(-c3ccc(C#N)cc3)cc2)c1-c1ccc(SC#N)cc1,31.1
N#Cc1ccc(-c2cc(-c3cccc(C#N)n3)c(-c3ccc(-c4cnc(C#N)c(C#N)n4)cc3)cn2)nc1,13.41
N#Cc1ccc(-c2cc(-c3ccc(-c4ccncc4)c(C#N)c3)nc(-c3ccc(C#N)nc3)n2)cn1,12.73
CCCc1nc(-c2nc(-c3ccc(N)cc3)nc(-c3ccc(C#N)nc3)n2)c(C#N)c(-c2ccc(Cl)cc2Cl)n1,24.65
N#Cc1ccc(-c2nnc(C#N)nc2-c2ccc(-c3cnc(C#N)nc3)nc2)cn1,15.65
CCc1cc(-c2ccc(-c3cnc(C#N)nc3)c(-c3ccc(C#N)nc3)n2)c(C#N)c(-c2c(C)cc(C)cc2C)n1,18.23
COC(=O)c1cc(-c2ccc(C#N)cc2)nc(C(C#N)=c2ccc(=C(C#N)C#N)cc2)n1,11.83
CC(C)CC(=O)c1c(O)c(O)n(-c2ccc(-c3ccc(C#N)cc3)cc2)c1-c1cccc(C#N)c1,23.35
Cc1cc(-c2cc(C#N)cc(-c3cnc(-c4ccc(C#N)cc4)c(C#N)n3)c2)cc(C)n1,19.42
COc1cc(C=Nc2ccc3nc(C#N)c(C#N)nc3c2)cc(Oc2cccc3cccnc23)c1C#N,36.26
N#Cc1ccc(C#Cc2cncc(-c3cnc(-c4ccc(C#N)nc4)c(C#N)c3)c2)cc1,16.65
N#Cc1cc(C=O)c(O)c(C=Nc2ccc(-c3nc(-c4ccc(C#N)nc4)nc(-c4ccccc4N=c4cc[nH]cc4)n3)cn2)c1,18.84
N#Cc1ccc(-c2ccc(-c3cnc(C#N)nc3)cn2)nc1,10.54
N#Cc1ccc(-c2ccc(-c3cnc(-c4ccc(C#N)c(C#N)c4)c(C#N)n3)cn2)nc1,10.38
N#Cc1ccc(-c2ccc(C#N)nc2-c2ccc(-c3cnc(-c4cccc(C#N)n4)c(C#N)n3)cn2)cn1,13.26
N#Cc1ccc(Oc2ccc(-c3cc4ncc(-c5cccc(C#N)c5)cc4c(C#N)n3)cc2)nc1,28.59
N#Cc1cccc(-c2ccc3c(-c4ncncn4)cc(-c4ncncn4)cc3c2)n1,13.75
N#CC1=CC2C(CC1=O)C(=CC#Cc1ccccn1)CC(=N)C2(C#N)C#N,28.74
N#Cc1ccc(-c2ccc(-c3nc4ccccc4n3Cc3ccccc3)cc2)cc1,16.32
N#Cc1cnc(-c2cccc(Oc3cc(F)c(-c4c[nH]c(=N)c(C#N)c4)cc3C#N)c2)nc1,26.06
N#Cc1ccc(-c2cnc(C#CC3=CCC(C#N)CC3N=c3nccc(C#N)[nH]3)nc2)cn1,28.64
N#Cc1ccc(-c2ccc(-c3cc(-c4ccc(C#N)cc4)nn3-c3ccc(-c4ccc(C#N)cc4)cn3)cc2)cc1,13.73
N#Cc1ccc(-c2ccc(Cn3cnc4c(C#N)nc(-c5ccc(C#N)cc5)cc43)cc2)cc1,12.75
N#Cc1ccc(-c2cc(-c3cccc(C#N)n3)c(-c3cnc(-c4cccc(C#N)n4)c(C#N)n3)cn2)cn1,12.44
Cc1cc(C#N)ccc1Nc1oc(C=Cc2cccnc2)nc1C#N,21.32
C#CCNC(=O)c1ccc(-c2cc(-c3cccc(C#N)n3)cc(C#N)n2)cc1,19.4
N#Cc1ccc(-c2nc(-c3ccc(C#N)nc3)nc(-c3nc(C#N)cc(-c4ccc(C#N)cc4)c3C#N)n2)cc1,11.7
N#Cc1ccc(-c2ccc(C(=O)Nc3ccc(-c4nc(Cc5ccc(-c6ccccc6)cc5)nc(-c5ccc(C#N)nc5)n4)cc3)cn2)cc1,23.68
CC1(C)CC(=O)c2c(N3CCOCC3)nc(-c3ccc(C#N)cc3)c(C#N)c2C1,14.3
N#Cc1ccc(-c2ncc(C#N)nc2-c2ccc(C#N)c3cc(C#N)c(C#N)cc23)cc1,14.83
Cn1c(-c2ccc(F)cc2)nc(=Nc2ccc(C#N)cc2)nc1-c1cc(-c2cnc(C#N)cn2)cc(-c2ccc(C#N)cc2C#N)c1C#N,20.77
CC(=O)NCCn1cnc2c(C#N)nc(-c3ccc(-c4ccc(C#N)nc4)nc3)cc21,17.58
Cn1c(C#N)ccc1-c1cc(-c2nccc(C#N)n2)ccc1C#N,12.87
N#Cc1ccc(-c2cccc(-c3cncc(-c4ccc(-c5cnc(C#N)cn5)c(F)c4)n3)c2C#N)c(C#N)c1,20.37
CCC1(CO)CCCCN1c1nc(-c2ccc(C#N)cc2)c(C#N)c(-c2ccnc(-c3ccc(F)c(C#N)c3)n2)n1,26.9
N#Cc1ccc(-c2ccc(-c3cc(-c4ncc(C#N)c(C#N)n4)nc(-c4ccc(C#N)nc4)c3C#N)cc2)nc1,15.84
N#Cc1ccc(-c2ccc(-c3cc4c(ncn4CC4CCN(C=O)CC4)c(C#N)n3)cc2)cc1,13.72
C#Cc1ccc(C(=O)c2nc(C(C#N)=c3ccc(=C(C#N)C#N)cc3)nc3cc(-c4ccc(C#N)cc4)ccc23)cc1,14.0
N#Cc1ccc(-c2ccc(-c3cc(-c4cccc(-c5ccc(C#N)cc5C#N)c4C#N)nc(-c4ncc(C#N)cc4Cl)n3)cn2)nc1,18.57
N#Cc1ccc(C(=O)Nc2cc(Nc3ccc4c(c3)C(=O)c3ccc(N)cc3C4=O)ccc2C#N)cc1,13.04
N#Cc1cccc(-c2cc(-c3cccc(C#N)n3)nc(-n3ccc4ccccc43)c2)n1,11.09
N#Cc1ccnc(-c2nc(-c3ccc(C#N)nc3)nc(-c3ccc(OC4CCC(C(=O)O)CC4)c(C#N)c3)n2)c1,11.7
CC(C)Oc1ncc(-c2cc(C#N)cc(-c3ccc(-c4cnc(C#N)cn4)cc3)n2)cc1C#N,22.86
N#Cc1ccc(-c2ccc(C#Cc3cnc(C#N)c(C#N)n3)cc2)cc1,9.24
N#Cc1ccc(CNC(=O)Cn2[nH]c(-c3ccc(C#N)cn3)cc(=NCc3ccc(-c4ccc(C#N)nc4)c(C#N)c3F)c2=O)cc1,30.89
CC1CCC(Cn2c(-c3ccncn3)nc3c(-c4ccc(-c5cnc(C#N)c(C#N)n5)cc4)ccc(-c4ncncn4)c32)CC1,20.19
Cc1nc(C)c(-c2nc(-c3cccc(C#N)c3)nc(-c3cncc(C#N)c3)n2)c(C)n1,16.8
COc1ccc(N2CCN(c3nc(C)c(C#N)cc3C#N)CC2)cc1,17.98
N#Cc1ccc(-c2cc(-c3cccc(C#N)n3)cc(O)c2O)cn1,18.99
N#CC(C#N)=c1ccc(=C(C#N)c2nc(-c3ccc(-c4ccc(C#N)cn4)cc3)cc(-c3ccc(C#N)nc3)n2)cc1,12.25
Cc1nc(-c2ccc(C#N)nc2)c(C#N)nc1-c1ccc(Nc2ccc(C#N)cc2C(=O)c2ccc(C#N)cc2)nc1,24.51
N#Cc1ccc(-c2nc(Nc3ccc4c(c3)C(=O)c3ccc(N)cc3C4=O)nc(-c3cnc(-c4ccc(C#N)cn4)c(C#N)n3)n2)cc1,19.4
N#Cc1ccc(-c2cc(-c3ccc(C(=O)c4ccc5ccccc5n4)cc3)cc(-c3cnc(-c4ccc(C#N)cn4)nc3)n2)nc1,25.16
N#Cc1ccc(-c2ccc(CN3CCOc4ccc(-c5cccc(-c6ccc(C#N)nc6)n5)cc4C3=O)cc2)cc1,23.87
N#Cc1ccc(C#Cc2cnc(-c3ccc(C#N)nc3)nc2)nc1,13.85
N#Cc1ccc(-c2ccc(-c3occ(C#N)c3-c3ccc(C#N)nc3)cc2)cc1,18.47
COc1ccc2c(S(=O)(=O)c3cccc(C#N)c3)c(C(=O)c3ccc(Cl)cc3)[nH]c2c1,29.45
Cc1nc(COc2ccccc2)ncc1-c1ccc(-c2cc[nH]c(=NCc3cccc(C#N)n3)c2)cn1,29.54
N#Cc1ccc(-c2cc(-c3nc(C#N)ccc3C#N)cc(F)c2C#N)nc1,12.24
N#CC(=Cc1ccc(C#N)cc1)c1cc(-c2ccc(C#N)cc2)cc(-c2ccc(C#N)nc2)c1,13.36
N#Cc1ccc(-c2ccc(-c3ccc(C#Cc4cnc(C#N)c(C#N)n4)cc3)nc2C#N)cc1,11.0
N#Cc1ccc(-c2ccc(=O)n(-c3ccc(-c4ccc(Nc5c(-c6ccc(F)cc6)nc(C#N)c(-c6ccc(C#N)cc6)c5C#N)cn4)cc3)n2)cc1,27.47
CN1CCC(Cn2cnc3c(C#N)nc(-c4ccc(-c5ccc(C#N)nc5)c(F)c4)nc32)CC1,20.51
N#Cc1ccc(-c2cncc(C#Cc3ccc(-c4cccc(C#N)n4)cc3)c2)cc1,15.66
N#Cc1ccc(C#N)c(-c2cc(-c3cccc(C#N)n3)cc(-c3nc(C#N)c[nH]3)n2)c1,13.78
COc1cc(-c2ccc(=O)n(CC(=O)c3ccc(C#N)cc3)n2)ccc1-n1cnc(C)c1,20.59
COc1ccc(-c2cc(OCCN3CCCC3)c3c(=O)cc(-c4ccc5c(c4)OCO5)oc3c2)cc1,26.65
C#Cc1ccc2c(c1)C(=O)N(CC1C(=O)C(CC(C)=Cc3ccc(-c4cccc(C#N)c4)cn3)C(=O)C(C=O)=C1O)C2=O,30.03
N#Cc1ccc(-c2ccc(-c3cc(-c4cccc(C#N)c4)cc(-c4ccc(C#N)cn4)c3)nc2)nc1,9.67
N#Cc1cccc(-c2ccc(C#Cc3ccc(-c4cncc(C#N)n4)cc3)cc2C#N)c1,16.28
N#Cc1cccc(Cn2c(-c3ccccc3)cc3cc(-c4cncc(C#N)c4)ccc32)c1,20.36
Cc1nc(-c2ccc(-c3ccc(C#N)cc3)cc2)c(-c2ccc(C#N)cc2)nc1Cc1nccc(C#N)n1,12.62
N#Cc1cccc(COc2ccc(-c3cc(-c4ccncn4)nc(OC4CCNCC4)n3)cc2C#N)c1,20.22
CN(Cc1cc(C#N)c2ccc(-c3ccccc3C#N)cc2c1)c1ncc(C=CC#N)nc1C#N,28.93
N#Cc1ccc(-c2cc(C#Cc3cnc(N)c(C#N)n3)nc(-c3ccc(C#N)nn3)c2)cn1,16.57
N#Cc1ccc(-c2ccc(-c3cc(-c4ccc(C#N)cn4)nc(C#N)n3)cn2)cc1,15.77
N#Cc1ccc(-c2cc(-c3ccc(Nc4nc(C#N)c(N5CCCC(C#N)C5)nc4C#N)cc3)nc(-c3ccc(C#N)cc3)n2)cc1,20.06
N#Cc1ncc(-c2nc(=O)n(-c3cccc(-c4ncccn4)c3)c3ccc(-c4ccc(C#N)c(F)c4)cc23)cn1,26.33
N#Cc1ccc(-c2nc(C#N)c(C#N)cc2-c2cnc(C#N)c(C#N)n2)nc1,11.71
N#Cc1cccc(-c2ncc(-c3cc(C#N)c(-c4nnco4)cc3-c3ncccn3)nc2C#N)n1,18.33
CCc1nc(CCCC(F)(F)F)c(C=O)n1Cc1ccc(-c2ccccc2-c2nn[nH]n2)nc1,34.26
N#Cc1ccc(-c2cc(-c3nc(C#N)c4cncnc4n3)ccn2)cn1,17.75
N#Cc1ccc(-c2nc(C3CC3)nc(-c3nc(-c4ccc(C#N)nc4)cc(-c4cccc(C#N)c4)n3)c2C#N)cc1,13.55
N#Cc1ccc(-c2nc(-c3cnc(OC4CCC4)c(C#N)c3)nc(-c3ccccc3C#N)n2)cn1,19.91
Cc1nc2ccccc2n1-c1nc(-c2ccc(C#N)nc2)cc(-n2ccc3ccccc32)n1,12.34
Cc1ccc(C=Cc2nc(C#N)c(Nc3ccc(C#N)cc3)o2)cc1,13.71
CCn1c(C#N)ccc1-c1ccc(-c2nccc(C#N)n2)cc1C#N,11.45
N#Cc1ccc(-c2ccc(-c3ccc(-n4c5ccccc5c5ccccc54)cc3)cn2)cc1,13.25
N#Cc1ccc(-c2ccc(CN3CCC4(CC3)CCN(c3ccc(-c5ccccn5)cn3)CC4)cc2)cc1,28.04
N#Cc1ccc(-c2nc(-c3ccc(N)c(N)c3)nc(-c3cc(C#N)cc(-c4ccc(C#N)cc4)c3C#N)n2)cc1,13.19
Cc1nc(C)c(C#N)c(-c2ccc(C#N)cc2)n1,11.8
N#Cc1ccc(-c2cc(C#N)c(-c3ccc(C#N)nc3)nc2-c2ccc(-c3cnc(C#N)cn3)nc2)nc1,14.28
O=C1C(=Cc2ccc(Br)cc2)CCc2cc(O)ccc21,21.03
COCc1nc(C(F)(F)F)nc(-c2ccc(-c3ccc(C#N)cc3C#Cc3ccc(C#N)cc3)cn2)c1C#N,26.1
N#Cc1ccc(-c2ccc3c(c2)c(=O)ccn3-c2ccc(-c3ccc(-c4ccnc(C#N)c4)c(F)c3)c(C#N)c2)cc1,25.58
N#Cc1ccc(-c2cccc(-c3nc(-c4ccc(C=Cc5cccc(C#N)c5)cc4)nc(-c4ccc(C#N)cc4F)n3)c2C=O)cc1,25.03
N#CC(=Cc1ccc(C#N)cc1)Cn1cnc2c(C#N)nc(-c3cnc(-c4cnc(C#N)nc4)nc3)cc21,19.6
N#Cc1ccc(-c2nc(C#N)c(-c3ccc(C#N)cc3)c(-c3ccc(-c4ccc(C#N)cn4)cc3)n2)cc1,13.72
N#Cc1ccc(-c2nc(-c3ccc(C#N)nc3)nc(-c3ccc(N)c(N)c3)n2)c(Cl)c1,12.99
N#Cc1cn(-c2ccc(-c3ccnc(-c4cc[n+]([O-])cc4)c3)cn2)c2ncccc12,27.62
N#Cc1cnc(-c2ccc(-c3cnc(C#N)c(C#N)n3)cc2F)cn1,13.25
Cc1ncc(N)c(-c2cccc(-c3nc(N4CC(F)(F)C4)nc(-c4cc(Cl)c(C#N)cc4C)c3C#N)n2)n1,19.73
Cc1cc(-c2nc(C#N)c3ccc(-c4cn(C)cn4)cc3c2Oc2ccc(-c3cnn(Cc4ccncc4)c3)cc2)cc(C)n1,27.22
CON=C1CN(c2ccc3c(c2)CN=C(c2cc(C#N)ccn2)c2ccc(C#N)cc2-3)CC1N,33.57
Cc1cc(C#N)c(Cl)cc1-c1nc(N2CCCC(N)C2)nc(-c2nccc(-c3ncc(-c4ccccn4)s3)n2)c1C#N,22.71
N#Cc1ccc(-c2ccc(-c3nc(-c4ccc(-c5ccccc5C#N)c(C#N)n4)nc(C#N)c3-c3cccc(C#N)n3)nc2C#N)cn1,26.08
CN(C)C=Nc1sc2c(c1C#N)CCCC2=Cc1ccc(C#N)cc1,18.13
N#Cc1ccn(-c2ccc(-c3ccc(-c4nc(C#N)c5ncn(CCN=C(N)O)c5c4C#N)cc3)cc2)c1,30.72
N#Cc1ccc(-c2cc(-c3ccc(C#N)cc3)c(-c3ccc(-c4ccc(C#N)cn4)cc3)c(N)c2C#N)cc1,13.71
Cc1nccc(-c2ccc(-n3nc(-c4cc(C#N)cc(-c5ccc(C#N)cc5)c4C#N)nc3-c3ccc(-c4ccc(C#N)nc4)cn3)cc2)n1,17.59
CN(c1ccc(N)cc1)c1ccc(-c2nc(-c3ccc(C#N)cc3)nc(-c3ccc(C#N)nc3)n2)cc1,18.71
N#Cc1cnc(OCC2CC2)c(-c2cc(-c3ccc(C#N)nc3)ncn2)c1,18.84
CCc1nc(C#N)nn1-c1nc(-c2ccc(C#N)nc2)nc(-c2cc(C#N)cc(-c3ccc(-c4ccc(C#N)cn4)nc3)c2)n1,26.04
Cn1c(C#N)ccc1-c1nc(-c2ccc(C#N)nc2)nc(-c2ccccc2C#N)c1C#N,21.15
CSc1nc(Cc2ccc(-c3cccc(C#N)n3)cc2)nc(-c2ccc(-n3cc(-c4nc(C#N)c[nH]4)c(-c4ccc(C#N)cc4)n3)cc2)n1,29.07
N#Cc1ncc(-c2cc(C#Cc3cnc(-c4ccc(OC5CCOCC5)c(C#N)c4)nc3)ccn2)cn1,19.52
Cc1nc(-c2ccc(C#N)nc2)c(C#N)nc1-c1cccc(-c2ncc(C#N)cn2)c1,14.97
CC(C#N)(C#N)Oc1cnc(-c2cc(-c3cccc(C#N)n3)cc(C#N)n2)cc1C#N,13.33
N#Cc1ccc(-c2ccc(-c3ccc(-c4ccc(C#N)c(C#N)c4)cc3)nc2C#N)cc1,16.35
N#Cc1cncc(-c2ccc(-c3cc(-c4csc(C#N)c4)nc(C#N)n3)cn2)c1,22.57
N#Cc1ccc(-c2nc(-c3ccc(C#N)nc3)nnc2-c2ccc(-c3ccc(C#N)cn3)cn2)cc1,12.22
Cc1nc(-c2ccc(C#N)cc2)c(C#N)nc1-c1cc(-c2ccncc2)cc(-c2ccc(C#N)nc2)c1,17.97
N#Cc1ccc(-c2ccc(-c3ccc(N=Cc4ccc(-c5ccc(-c6cccc(C#N)n6)c(C#N)n5)cc4)cc3)cc2)cc1,14.3
N#Cc1ccc(-c2ccc(C(=O)N3CCc4c(sc(Nc5ccc(-c6ccnc(C#N)c6)cn5)c4C#N)C3)cc2)cc1,21.77
N#Cc1ccc(-c2cc(-c3cnc(C#N)nc3-c3ccc(C#N)nn3)ccc2C#N)cc1,15.91
N#Cc1ccc(-c2nc(-c3cn(-c4ccc(C#N)cc4)nn3)nc(-c3ccc(C#N)cc3)c2C#N)cc1,14.81
N#Cc1ccc(-n2nccc2-c2ccc3c(=O)n(C4CC5CCCC(C4)N5C4CCOCC4)cc(C#N)c3c2)nc1,42.23
COc1ncc(-c2ccc(Cc3ncc(Nc4ccc(-c5ccc(C#N)c(=O)[nH]5)cc4)c(-c4cccc(-c5ccc(C#N)nc5)n4)n3)cc2)cn1,39.61
N#Cc1ccc(C#Cc2ccc(-c3cc(C#N)c(C#N)cc3C#N)cc2)c(-c2ccc(-c3ccc(C#N)nc3)cc2)c1,19.74
N#Cc1ccc(-c2ccc(-c3cc(-c4ccc(C#N)cc4)nn3-c3ccc(C#N)cc3)cc2)cc1,12.7
N#Cc1ccc(-c2ccc(-c3nc(C#N)cc(-c4ccc(C#N)nc4)n3)cn2)cc1,10.88
CC(C)c1nc(C2CCN(c3ncc(C#N)cn3)CC2)nn1-c1ccc(-n2cnc(CC#N)c2)cc1,27.1
N#Cc1ccc(C=C2C(O)=C(C=O)c3ccc(C#N)cc32)cc1,12.05
N#Cc1ccc(-c2ccc(C#Cc3cc(C#N)cc(-c4cccc(C#N)n4)c3)cc2)cc1,12.38
COc1ccc2c(C#N)ccc(-c3nc(-c4ccc(C#N)c5ccccc45)nc(C#N)c3-c3ccc(C#N)cc3)c2c1,17.12
N#Cc1cccc(-c2cc(-c3ccc(C#N)nc3)nc(-c3cc(C#N)ccn3)c2)c1,15.11
Cn1c(-c2cc(-c3ccc(C#N)cc3)ccn2)nc(-c2ccc(C#N)cc2)c1-c1ccc(-c2ccc(C#N)cc2)cc1,21.44
N#Cc1ccc(C=NNC(=O)c2cnccn2)cc1,18.13
N#Cc1ccc(-c2cc3cnc(C#N)nc3cc2-c2ccc(C(=O)C=O)cc2)cc1,28.62
N#Cc1ccc(-c2cc3c(nc(C(O)c4ccc(C#N)c(F)c4)n3CC3CCC(C#N)CC3)c(C#N)n2)cn1,20.94
N#Cc1ccc(-c2cc(C#N)nc(-c3ccc(-c4ncc(C#N)c(C#N)n4)cc3)c2)c(C#N)c1,14.68
N#Cc1ccc(-c2ccc(-c3ncc(-c4nc(Cl)nc(C#N)c4-c4ccc(F)cc4)cc3-c3ccc(C#N)nc3)cn2)cc1,22.07
N#Cc1ccc(-c2cc(-c3ccc(C#N)cc3-n3cccc3)nc(-c3ccc(C#N)cc3)n2)cc1,14.65
N#Cc1ccc(C#Cc2cc(-c3cncc(C#N)n3)ccc2C#Cc2ccc(-c3cncc(C#N)c3)cn2)nc1,17.27
N#Cc1ccc(-c2nc(N)c(-c3ccc(-c4ccncc4)cc3)nc2C#N)cc1,10.12
N#Cc1ncc(-c2ccc(-c3nc(C#N)c4nc[nH]c4c3C#N)cc2)cn1,14.85
CS(=O)(=O)c1ccc(-c2ccc(C#Cc3ccc(C#N)cn3)nc2-c2ccc(C#N)cc2)cc1,17.26
N#Cc1ccc(-c2cc(-c3nc(-c4ccc(C#N)nc4)c(C#N)c(-c4ccc(C#N)cc4)c3C#N)cc(-c3ccc(C#N)cn3)n2)cc1,13.03
N#Cc1cccc(-c2ccc(-c3cc(-c4cccc(C#N)n4)c(C#N)cc3C#N)cc2)c1,14.46
N#Cc1ccc(-c2cc(-c3cccc(C#N)c3)nc(-c3cccc(C#N)n3)n2)nc1,11.37
N#Cc1cc(=N)c(C#N)c(N)[nH]1,16.09
N#[N+]c1cc2c(cc1N)oc1ccccc12,22.04
N#Cc1ccc(-n2cnc3cc(-c4ccc(F)nc4)c(F)cc32)nc1C#N,24.36
N#Cc1ccc(-c2ccc(C(=O)c3nc(-c4ccc(C#N)cc4)c(C#N)c4ccccc34)cc2)cc1,16.86
N#Cc1ccc(-c2cc(C#N)cc(C#Cc3ccc(N)c(C#N)n3)c2)cc1,18.78
N#CC(=Cc1ccc(C#N)cc1)c1nc(C(C#N)=c2ccc(=C(C#N)C#N)cc2)nc(-c2ccc(C#N)nc2)n1,9.72
N#Cc1ccc(-c2nc(C#N)c(C#N)c(C#N)n2)nc1,12.64
N#Cc1ccc(-c2cc(-c3ccc(C#N)nc3)nc3c(-c4cccc(C#N)n4)cc(-c4ccc(C#N)nc4)nc23)cc1,21.8
N#Cc1cnc(-c2cccc(Cn3cnc4c(C#N)nc(-c5cncc(C#N)c5)cc43)c2)nc1,12.3
N#Cc1ccc(C(=O)c2ccc(-c3cc(-c4cncc(C#N)n4)nc(-c4ccc(C#N)cn4)n3)cc2)nc1,15.76
N#Cc1cccc(-c2ccc(-c3nc(=O)c4ccc(C#CC5(O)CCCCC5)cc4[nH]3)cc2)c1,19.33
N#Cc1ccc(-c2ccc(C#N)nc2-c2ccc(C#N)cc2)cc1,13.29
N#Cc1csc(-c2nc(-c3ccccc3C#N)c(C#N)c3cc(-c4ccc(OCC5CCCOC5)c(C#N)c4)ccc23)n1,35.84
N#Cc1cnn(-c2ccc(=Nc3ccc(-c4nc(C#N)c[nH]4)cn3)cc(-c3cnc(C#N)nc3)c2)c1,21.02
N#Cc1ccc(-c2ccc(C#Cc3ccc(-c4ccc(C#N)nc4)nc3)nn2)cc1,10.77
CCOc1nc(-c2nc(-c3ccc(C#N)c(-c4ccccc4C#N)c3)nc(-c3cc(-c4ccccc4C#N)cc(-c4ccc(C#N)cc4)c3C#N)n2)ncc1C#N,21.83
Cc1cc(Cn2cnc3c(C#N)nc(-c4cc(C#N)cc(-c5cnc(C#N)nc5)c4)cc32)ncn1,12.97
N#Cc1ccc(-c2ccc(N=c3cc(-c4ccc(C#N)cc4)nc(-c4ccccn4)nn3)cc2)cc1,18.32
Cc1cn(-c2cc(-c3cccc(C#N)n3)cc(-n3cc(C#N)nc3C)c2)cn1,21.06
N#Cc1ccc(-c2nc(-c3cc(-c4ncc(C#N)cn4)ccn3)ncc2C#N)cc1,17.79
N#Cc1ccc(-c2ncc(-c3ccc(-n4cc(C#N)c5ccccc54)nc3)cc2C#N)cn1,18.48
N#Cc1ccc(-c2cc(CN3CCCC3C#N)nc(-c3ccc(C#N)cc3)n2)cc1,17.81
Cc1nnc(C(C#N)=c2ccc(=C(C#N)C#N)cc2)nc1C(N)=Nc1ccccc1N,20.02
CSc1ccc(-c2cnc(-c3ccc(C#N)nc3)cc2-c2cccc(C#N)n2)cn1,18.17
CC(=O)c1ccccc1-c1[nH]c(-c2ccc(C#N)cc2)c(-c2nc(-c3ccc(C#N)cc3)cc(-c3ccc(C#N)cc3)n2)c1C#N,23.31
CC(C#N)Oc1cnc(C#Cc2ccc(-c3cc(-c4cncc(C#N)n4)nc(-c4ccc(C#N)cn4)n3)cc2)cn1,24.72
CC(C=CNc1ccc(-c2ccc3cnc4cc(F)ccc4c3n2)cc1)NN,47.88
N#Cc1cc(-c2cnc(C#N)nc2)cc(-c2cc(C#N)ccn2)c1,19.4
COc1cc(-c2nc(C3CCCNC3)nc(-c3cc(C#N)nc(-c4cccc(C#N)c4)n3)c2C#N)c(C)cc1C#N,24.2
N#CC(C#N)=c1ccc(=C(C#N)c2nc(Nc3ccc4c(c3)C(=O)c3ccc(N)cc3C4=O)c3cc(C#N)ccc3n2)cc1,15.12
N#Cc1cccc(-c2nnc(C#N)c(C#N)n2)n1,12.62
N#Cc1ccc(-c2nc(C#N)c(-c3ccc(-c4ccc(C#N)nc4)cn3)nc2C#N)c(OCCN)c1,20.35
N#Cc1cccc(-c2ccc(N=c3nc(C#N)cc(NCCN4CCOCC4)[nH]3)nc2)n1,17.11
N#Cc1cccc(-c2ccc(-c3cc(-c4ccncc4)nc(-c4cccc(C#N)c4F)n3)cc2)n1,15.24
CNc1nnc(-c2ccc(C#N)c(-c3ccc(C#N)nc3)c2)nc1C#N,14.51
N#Cc1cccc(NC(=O)c2ccc(-c3c[nH]c(=N)c(-c4nc(C#N)cs4)c3)cn2)c1,21.46
N#Cc1ccc(-c2cc[nH]c(=Nc3ccc(-c4cccc(C#N)n4)cn3)n2)cc1,8.45
N#Cc1ncc(-c2ccc3c(C#N)nc(-c4cn(C5CCNCC5)cn4)c(C#N)c3c2)cn1,26.43
N#Cc1ccc(-c2ccc(-c3cc(-c4ccc(C#N)nc4)cc(-c4ccc(C#N)cn4)c3)nc2)nc1,13.49
N#Cc1ccc(-c2ccc(-c3nc(CC(F)(F)F)c(-c4cccc(C#N)n4)nc3-c3ccc(C#N)cc3)cc2)cc1,17.78
C#Cc1ccc(-c2cc(-c3ncncn3)c(-c3ncncn3)c3ccc(-c4ncncn4)cc23)cn1,22.89
N#Cc1ncc(-c2ccc(-c3nc(C#N)c(N4CC(F)C4)nc3C#N)cc2C#N)cn1,16.22
N#CC(C#N)=c1ccc(=C(C#N)c2nc(C#N)c3cc(N4CCOCC4)ccc3n2)cc1,10.92
Cc1ccc(C)n1-c1ccc(C(=O)CC#N)cc1,25.55
Cc1cc(=Nc2ccc(-c3ccc(C#Cc4nc(C#N)ccc4C#CC#Cc4ccc(-c5cccc(C#N)n5)c(F)c4)cn3)nc2C#N)[nH]c(C)n1,28.38
C#Cc1c(C#N)cc(-c2cnc(C#N)nc2)cc1-c1nc(C#N)nc(C#N)n1,21.65
N#Cc1ccc(C=Cc2nc3ccccc3n2-c2ccc(-c3ccc(C#N)cc3)cc2)cc1,9.23
COc1ncc(C#N)cc1-c1ncc(-c2ccc(-c3cncc(C#N)n3)cn2)nc1C#N,14.58
N#Cc1ccc(-c2cc(-c3ccc(C#N)cn3)cc(C(c3ccc(C#N)cc3)n3ccnc3)c2)cc1,16.98
Cc1cc(C(=O)c2ccc(-c3cccc(C#N)c3)cc2)cc(-c2nc(C#N)cnc2-c2ccc(C#N)cc2)c1,23.83
N#Cc1ccc(-c2ccc(-c3nc(-c4c(F)c(F)c(C#N)c(F)c4F)nc(-c4ccc(C#N)cc4)c3C#N)cc2)cc1,13.68
N#Cc1cc[nH]c(=NCc2cc(-c3ccc(C#N)nc3)on2)c1,19.99
N#Cc1ccc(-c2nc(-c3ccc(C#N)nc3)c(-c3ccc(C#N)cc3)nc2C#N)cc1,13.3
Cc1cc(-c2cnc(-c3ccc(-c4nc(C#N)cc(C#N)n4)cc3)nc2)nc(C#N)c1N,25.21
N#CC(C#N)=c1ccc(=C(C#N)c2nc(C#N)c3cc(-c4ccnn4-c4ccc(C#N)cc4)ccc3n2)cc1,16.21
N#Cc1ccc(-c2ccc(C#N)cc2C(=O)Nc2ccc(-c3cc(-c4ccc(C#N)nc4)cc(C#N)n3)cc2)nc1,15.09
N#Cc1ccc(C(=O)c2c(O)c(O)n(-c3ccc(-c4cccc(C#N)n4)cc3)c2-c2ccc(C#N)cc2)cc1,12.57
N#Cc1cccc(-c2ccc(-c3nccc(-c4ccc(F)cc4)n3)cc2)n1,21.28
N#Cc1ccc(-c2nc(-c3ccc(-c4ccc(C#N)nc4)c(C#N)c3)nc(-c3ccc(C#N)c(F)c3F)n2)nc1,16.48
COC1CCN(c2cc(-c3ccc(C#N)c(F)c3)nc(C#N)n2)CC1(C)C,14.51
N#Cc1ccc(-c2ccc(-c3cccc(-c4nccc(-c5ccncc5)n4)c3)nc2C#N)cc1,17.94
N#Cc1ccc(NC(=O)c2nc(-c3ccc(C#N)nc3)cc(N3CCC4(CCNC4=O)CC3)c2N)cc1,28.52
N#CC(C#N)=c1ccc(=C(C#N)c2nc(-c3ccc(C#N)cc3)cc(-c3cccc(C#N)n3)n2)cc1,11.9
N#Cc1cnc(-c2ccc(-c3cc4c(cnn4CC4CCCN(Cc5ccno5)C4)c(C#N)n3)cc2)cn1,29.81
Cc1cc(=NCCCNc2ccc(N)cc2)[nH]c2cc(C#N)c(-c3ccc(C#N)cc3)cc12,25.5
N#Cc1cnc(-c2cccc(-c3nc(-c4ccc(-c5ccncc5)cc4)cc(-c4cnc(C#N)nc4)n3)c2C#N)c(C#N)c1,17.87
N#Cc1ccc(-c2ccc(-c3ccc(C#CC[n+]4ccc(-c5ccc(C#N)nc5)cc4-c4ccc(C#N)cc4)cc3)cc2C#N)cc1,22.82
Cc1nc(-c2ccc(C#N)cc2)nc(-c2nc(-c3cc(OCc4ccc(C#N)nc4)c(C#N)cn3)cc(-c3ccc(C#N)cc3)c2C#N)n1,25.58
N#Cc1cccc(-c2nc(-c3ccc(C#N)nc3)cc(-c3nc(-c4cccc(C#N)n4)nc(-c4ccc(C#N)c(F)c4F)n3)c2C#N)c1,17.49
N#Cc1ccc(-c2cc(-c3ccc(Oc4ccc(-c5cccc(C#N)n5)cc4)cc3)nc(-c3ccc(C#N)c(F)c3F)n2)cc1,16.09
N#Cc1ccc(-c2nc(C(c3ccc(C#N)cc3)c3ccc(C#N)cc3)c(-c3cnc(-c4cnc(C#N)nc4)c(C#N)n3)nc2C#N)cc1,26.7
N#Cc1ccc(-c2cc(-c3ccc(-c4cccc(C#N)n4)cc3)ccc2C#N)nc1,13.22
N#Cc1ccc(-c2nc(-c3ccc(C#N)nc3)nc(-c3ccccc3N)n2)c(C#N)c1,17.77
N#Cc1ccc(C#Cc2ccc3c(c2)C(=O)c2ccc(C#N)cc2C3=O)cc1,16.21
Cc1nnc(C(c2ccc(C#N)cc2)c2ccc(C#N)c(-c3ccc(C#N)nc3C)c2)o1,19.87
N#Cc1ccc(-c2ccc(-c3nc(-c4ccc(C#N)cc4)c(-c4ccc(C#N)nn4)nc3-c3ccc(C#N)cc3)cc2)cc1,13.68
N#Cc1ccc(-c2ccc(C#CC#Cc3ccc(C#N)c(-c4ccc(C#N)nc4)c3)nc2)cc1,12.98
N#Cc1ccc(-c2nc(-c3ccc(C#N)cc3)nc(-c3cnc(OC4CCC(C(=O)O)CC4)c(C#N)c3)n2)cc1,11.71
C#CCOC(=O)c1nc(C(C#N)=Cc2ccc(OC)c(C#N)c2)nc(C(C#N)=c2ccc(=C(C#N)C#N)cc2)n1,19.46
N#Cc1cc(-c2ccc(C#N)nc2)cc(-c2cc3c(ncn3CCc3ccncc3)c(C#N)n2)c1,17.36
N#Cc1ccnc(-c2ccc(-c3nc(=N)[nH]c(-c4ccccc4C(F)(F)F)c3C#N)nc2-c2ccc(-c3ccc(C#N)nc3)cc2)c1,26.04
N#Cc1ccc(-c2nc(C#N)cnc2-c2ccc(-c3c[nH]c(=N)cn3)nc2)cc1,18.32
N#Cc1c[nH]c(-c2ccc(-c3cc4c(ncn4Cc4cnccn4)c(C#N)n3)cc2)n1,18.26
N#Cc1ccc(-c2ccnc(-c3nccc(-c4ccc(-n5cnc(-c6ccccn6)n5)cc4)n3)c2C#N)cc1,14.48
N#Cc1ccc(-c2cccc(-c3nc(-c4ccc(-n5cc(C#N)cn5)c(C#N)c4)nc(-c4cnc(OCC5CC5)c(C#N)c4)n3)c2C#N)nc1,26.12
N#Cc1ccc(-c2ccc(-c3cc(-c4cnc(C#N)c(C#N)n4)cc(C#N)n3)cn2)cc1,15.04
Cc1nc(C#N)c(C#N)nc1-c1cnc(N)c(-c2ccc(C#Cc3ccc(C#N)cc3-c3ccc(C#N)cc3)cc2)c1,29.78
N#Cc1cnc(-c2ccc(-c3nc(C#N)cc(C#N)n3)c(F)c2)cn1,12.25
CCc1nc(C#Cc2ccc(C#N)cc2)nc2c1[nH]c(=O)c1ccccc12,26.54
N#Cc1ccc(-c2cc3c(ncn3Cc3cccc(-c4ccc(C#N)nc4)c3)c(C#N)n2)cc1,14.64
Cn1nc(C(C#N)=c2ccc(=C(C#N)C#N)cc2)nc1C(=O)c1ccc(C#N)cc1,9.28
N#Cc1ccc(C#N)c(-c2ccc(-c3cc4[nH]cnc4c(C#N)n3)cc2)n1,15.69
Cc1cc(C#N)ccc1-c1cccc(-c2nc(-c3ccc(-c4ccc(C#N)cc4)nc3)nc(-c3ccc(C#N)cn3)n2)c1C#N,14.46
N#Cc1ccc(-c2ccc(C(C#N)c3nc(-c4ccc(C#N)cc4)cs3)cc2)cc1,14.45
Cc1ccc(Cl)c(-c2cc(-c3ccc(-c4ccc(C#N)cc4)cn3)nc(-c3cccnc3)n2)c1F,18.77
Cc1cc(C#N)c(Cl)cc1-c1nc(N2CCN(c3cncc(C#N)n3)CC2)nc(-c2nccc(-c3ccc(F)c(C#N)c3)n2)c1C#N,22.51
Cc1cc(C#N)c(Cl)cc1-c1nc(C2CC2)nc(-c2cccc(-c3cnc(OC(C)C4CC4)c(C#N)c3)n2)c1C#N,17.71
COC(=O)c1ccc(C=NNc2ccc(C#N)cc2)cc1,19.48
Cc1nc(C)c(C#N)c(-c2ccc(C#N)c(C#N)n2)c1C#N,13.23
Cc1nc(-[n+]2ccc(-c3cccc(C#N)n3)cc2)c2cc(-c3ccc(-c4ncc(C#N)cn4)cc3)ccc2c1C#N,17.31
N#Cc1ccc(-c2cc(S(=O)(=O)Nc3ccc(C#N)c(C#N)c3)c3ncccc3c2)cc1,22.96
N#Cc1ccc2c(c1)Cc1cc(-c3cc(-c4ccc(-c5cnc(C#N)nc5)cc4)c4ncnc-4c(C#N)n3)ccc1-2,32.37
N#Cc1ccc(-c2ccc(-c3nc(-c4cccc(C#N)n4)ncc3-c3ccncc3)cc2)nc1,16.43
Cc1c(C#N)c(-c2ccc(C#N)cc2)nc(N2CCN(c3nc(C#N)cc(-c4ccc(Oc5ccc(C#N)cc5)c(C#N)c4)n3)CC2)c1C#N,26.24
N#Cc1ccc(-c2nc(-c3ccc(OC4CCOCC4)c(C#N)c3)nc(-c3ccc(C#N)c(C#N)n3)n2)cc1C#N,24.46
N#Cc1ccc(-c2cccc(-c3nc(-c4cnc(C#N)cc4F)nc(-c4cccc5ccccc45)n3)c2C#N)c(C#N)c1,21.09
N#CCc1nc(C#N)cc(-c2cc3[nH]cnc3c(C#N)n2)n1,17.16
N#Cc1ccc(C=Nc2nc(Nc3ccc(-c4ccc(C#N)c(C#N)c4)cc3)cc(-c3ccc(C#N)cc3)n2)cc1,14.68
COc1ncc(-c2ccc(C(C)c3nc(C#N)nc(C(C#N)=c4ccc(=C(C#N)C#N)cc4)n3)cn2)cn1,20.41
N#Cc1ccc(-c2cc[n+](-c3nc(-c4ccc(C#N)cc4)c(-c4ccc(C#N)cc4)c(-[n+]4ccc(-c5ccc(C#N)cc5)cc4)n3)cc2)cc1,10.45
N#Cc1cccc(-c2ccc(-c3cccc4cc(-c5cnc(C#N)c(C#N)n5)ccc34)nc2C#N)n1,18.82
N#Cc1ccc(-c2nc(N3CCOC(c4ccccc4F)C3)nc(-c3cc(C#N)nc(-c4ccc(C#N)cn4)n3)c2C#N)cc1,20.02
C=c1ccc(=c2[nH]c(=O)c(=Cc3ccc(N(C)C)cc3)s2)cc1,16.1
N#Cc1ccc(Nc2ccc(-c3ccc(-n4ccc(C#N)c(C#N)c4=O)cc3)cc2)c(-c2cnc(C#N)c(C#N)n2)c1,24.27
Cn1c(C#N)ccc1-c1cc(-c2ccc(C#N)cc2C#N)c2ccccc2c1,22.6
Cn1cc(-c2cc(C#N)nc(-n3cc(C#N)c4cc(-c5ncncn5)ccc43)n2)cn1,25.52
N#CC(C#N)=c1ccc(=C(C#N)c2nc(C(C#N)=c3ccc(=C(C#N)C#N)cc3)nc(C(C#N)C(C#N)c3ccc(C#N)cc3)n2)cc1,13.78
N#CC(=Cc1ccc(-c2cccc(C#N)c2)cc1)c1ncc(-c2cncnc2)c(-c2ccc(-c3cnc(C#N)nc3)nc2)n1,25.46
N#Cc1ncc(C#Cc2ccc(-c3c(F)c(F)nc(F)c3F)cn2)nc1C#N,20.14
N#Cc1ccc(-c2cncc(-c3cn(-c4ccc5ccccc5c4)nc3-c3ccc(C#N)nc3)n2)cc1,22.01
Cc1nc(N(C)C)nc(-n2nc(C)c(CN=c3cnc(-c4ccc(C#N)cc4)c(-c4ccc(C#N)cc4)[nH]3)n2)n1,30.42
CON=C1C(C#N)=C(C#N)C(C#N)C(c2ccc(C#N)cc2-c2cnc(C#N)nc2)C1C#N,26.61
N#Cc1ccc(-c2cc(-c3ccc(C#N)nc3)nc(-c3nc(-c4ccc(-n5cccn5)cc4)nc(-c4ccc(C#N)nc4)n3)c2C#N)cc1,18.16
N#Cc1ccc(-c2nc(-c3ccc(C#N)nn3)cc(-c3nc(C#N)c[nH]3)n2)cn1,13.66
COc1cc(C(=O)C=Cc2ccc(C#N)cc2)c(C#N)c(OC)c1OC,15.92
N#Cc1ccc(-c2ccc(-c3cc(-c4ccsc4)nc(Nc4ccc5c(c4)C(=O)c4ccc(N)cc4C5=O)n3)cc2)nc1,18.63
CN(C)C1CCN(c2cc(-c3ncncn3)cc(-c3ccncn3)n2)C1,22.81
N#Cc1ccc(-c2cc(C#N)cc(-c3nc(-c4cnn(-c5ccc(F)c(F)c5)c4)nc(-c4ccc(C#N)c(F)c4F)n3)c2C#N)cc1,21.2
N#Cc1ccc(-c2ccc(-c3nc(-c4ccc(C#N)nc4)nc(-c4ccccn4)n3)cc2C#N)cc1,14.53
CCCCCCCC(=O)c1c(O)c(O)n(-c2ccc(-c3cccc(C#N)n3)cc2)c1-c1ccc(-c2ccc(C#N)cc2)cc1,14.74
N#Cc1ccc(Cc2nc(-c3noc(-c4ccc(-c5ccncc5)cc4)n3)c(C#N)c(-c3ccc(Cl)cc3Cl)n2)cc1,20.21
Cc1nc(-c2c(F)c(F)c(C#N)c(F)c2F)c(C#N)nc1-c1ccc(-c2nc(-c3ccc(C#N)cc3)cs2)cn1,18.05
CC1COCCN1c1nc(-c2ccc(C#N)nc2)nc2c(-c3ccncc3)cc(-c3ccc(C#N)nc3)cc12,17.05
N#Cc1ccc(-c2ccc(-c3cc(-c4ccc(C#N)nc4)cc(-c4ccc(N)c(C#Cc5ccccc5)c4)c3)cc2)cc1,20.14
COc1nc(-c2cnc(-c3ccc(-c4ccc(C#N)cn4)cc3)c(-c3ccc(C#N)nc3)n2)ncc1C#N,14.48
N#Cc1ccc(-c2ccc(CN=c3nc(C#N)[nH]c4cc(C#N)ccc34)nc2)cc1,17.53
N#Cc1ccc(-c2cc(-c3ccc(C#N)c(-c4ccc(C#N)c(C#N)n4)c3)c(F)c(-c3ccc(C#N)nc3)n2)nc1,22.39
N#Cc1ccc(-c2cc(-c3cccc(C#N)n3)cc(-c3ncnc(C#N)n3)c2)cn1,14.17
N#Cc1nc(-c2cccnc2C#Cc2ccc(-c3ccc(-n4cccn4)nc3)cc2)ccc1N,27.58
Cc1ccc(-c2cc(C#N)nc(-c3nc(-c4ccc(C#N)nc4)cc(-c4ncc(C#N)c(C)n4)n3)c2C#N)cc1,27.17
N#CC(=O)c1cc(-c2ccc(C#N)cn2)cc(-c2ccc(C#N)cc2)c1C#N,17.61
Cc1cc(-c2ccc(OC3CCOCC3)c(C#N)c2)[nH]c(=Nc2ccc(-c3cccc(C#N)n3)cn2)c1,13.45
N#Cc1ccc(-c2ccc(-c3ccc(-c4ccc(-c5cccc(C#N)c5)cc4)nc3)nc2C#N)cc1,11.0
N#Cc1ccc(-c2ccc(C#Cc3nc(-c4cccc(C#N)n4)c(C#N)nc3-c3nccc(C#N)n3)cc2)cn1,14.96
N#Cc1ccc(-c2cc(C(=O)NC3C(O)OC(CO)C(O)C3O)nc3ccc(Oc4cccnc4)cc23)nc1,32.67
Cc1nc(-c2ccc(C#N)nc2)c(C#N)nc1-c1nccc(C#N)n1,10.66
N#Cc1ccc(-c2cc(-c3ccc(C#N)nc3)nc(-c3nc(C#N)cc(-c4ccc(C#N)s4)n3)c2C#N)cc1,15.24
N#Cc1ccc(-c2cc(-c3ccc(-c4nccc(C#N)n4)cc3)cc(-c3cnc(-c4ccc(C#N)cn4)nc3)c2)cc1,15.41
N#Cc1ccc(C#Cc2csc(-c3nc(C#N)ccc3C#N)n2)cc1,17.53
N#Cc1ccc(-c2ccc(-c3c(-c4ccc(C#N)cc4)c(-c4coc5cc(C#N)ccc5c4=O)c(C(=O)O)n3Cc3ccc(-c4ccccc4-c4nn[nH]n4)cc3)cc2)cc1,29.57
N#Cc1cccc(-c2cc(-c3cccc4cc(Br)ccc34)nc(-c3ccc4nc(C#N)ccc4c3)n2)n1,24.4
CC#CC#Cc1cccc(C2=NOC(O)C2)c1F,31.05
N#Cc1ccc(-c2cc(C#N)cc3c(-c4ccnc(-c5cccc6ccccc56)n4)cccc23)nc1,27.51
N#Cc1ncc(-c2ccc(NC(=O)C=CCCc3ccc(-c4ccncc4)cn3)cc2)c(C#N)c1OC(=O)CO,42.29
N#Cc1ccc(-c2ccc(-c3cc(-c4cccc(C#N)n4)cc4c3C(=O)c3cc(N)ccc3C4=O)cc2)cn1,16.52
N#Cc1cccc(-c2ccc(C#Cc3cc(C#N)ccc3F)cc2)c1,16.97
N#Cc1ccc(-c2cc(C#N)nc(-c3nccc(-c4cccc(C#N)c4)n3)c2C#N)cc1,13.76
N#Cc1ccc(-c2ccc(C#Cc3ccnc(C#N)n3)nc2)cc1,11.32
CN1CCC(Oc2ccc(-c3nc(-c4ccc(-c5cncc(C#N)c5)cc4)nc(-c4ccc(C#N)cn4)n3)cc2C#N)CC1,17.46
Cc1nc(N2CCC(O)CC2)nc(-c2ccc(C#N)cc2)c1C#N,18.62
N#Cc1ccc(-c2cccc(-c3cccc(-c4ccc(N)c(N)c4)c3)c2)nc1,17.98
COCCNC(C#N)c1ccc(-c2cccc(-c3nc(C#N)cc(-c4cc(F)c(C#N)c(F)c4F)n3)c2C#N)c(C(F)(F)F)c1,28.28
N#Cc1ccc(-c2ncc(-c3cc(-c4cnc(C#N)nc4)cc(C#N)n3)nc2C#N)cc1,12.06
N#Cc1ccc2ccc(N=c3cc(Nc4ccc5c(c4)C(=O)c4cc(Br)ccc4C5=O)[nH]c(Nc4ccc(Oc5ccccc5)cc4)n3)cc2c1,33.65
N#Cc1ccc(-c2nc(-c3ccc(C#N)cn3)nc(-c3cc(-c4ccc(C#N)cn4)cc(-c4ccc(C#N)cc4)c3C#N)n2)cc1,11.16
N#Cc1ccc(-c2ccc(-c3cc4c(ncn4Cc4ccc(-c5ccccc5C#N)cc4)c(C#N)n3)cc2)cc1,11.5
N#CC(C#N)=c1ccc(=C(C#N)c2nc(N3CCN(c4ccccn4)CC3)c3ccccc3n2)cc1,15.52
N#Cc1ccc(-c2nc(-c3cc(C#N)cc(-c4ccc(C#N)nc4)n3)nc(-n3ccc4ccccc43)n2)cc1,18.3
N#Cc1ccc(-c2cc(C#N)ccc2C#Cc2cc(-c3cnc(C#N)nc3)cc(C(F)(F)F)n2)cc1,19.29
N#CC(C#N)=c1ccc(=C(C#N)c2nc(-c3ccc(-c4ccc(C#N)cc4)cc3)nc(C(C#N)c3ccccn3)n2)cc1,13.89
N#Cc1ccc(-c2nc(-c3ccc(C#N)cc3)c(-c3ccc(Sc4ccc(C(N)=O)cc4)cc3)cc2C#N)cc1,23.43
N#Cc1ccc(-c2cccc(-c3nc(C#N)cc(-c4ccc(-c5ccncn5)cc4Cl)n3)c2C#N)c(C#N)c1,21.02
N#Cc1ccc(-c2nc(-c3cnc(C#N)nc3)nc(-c3ccccc3C#N)c2C#N)cn1,15.03
N#Cc1nccc(-c2cc(-c3cc(C#N)c(C#N)cn3)nc(-c3ccc(OC4COCO4)c(C#N)c3)n2)n1,26.49
N#CC=Cc1nc(-c2cc(-c3ccc(C#N)cn3)cc(-c3ccc(C#N)cn3)c2C#N)ccc1C#N,15.95
N#Cc1ccc(-c2cc(C#N)nc(-c3cncc4c(C#N)nc(-c5ccccc5)cc34)n2)cc1,27.58
N#Cc1ccc(-c2cc(-c3ccc(C#N)cc3)c(C#N)c(-c3nc(-c4ccc(C#N)nc4)nc(-c4ccc(C#N)cc4F)n3)n2)cc1,20.07
N#Cc1ccc(-c2ccc(-c3cnc(C#N)c(C#N)n3)nn2)c(-c2cnc(C#N)c(C#N)n2)n1,17.02
N#Cc1ccc(-c2cc(-c3ccc(C#N)nc3)cc(-c3cc4c(ncn4Cc4cncc(C#N)n4)c(C#N)n3)c2)nc1,18.41
N#Cc1ccc(-c2cc(-c3c(C#N)nc4ccccn34)nc(-c3ccc(C#N)c(-c4ccccc4)c3)n2)cc1,15.98
N#Cc1cc(-n2ccc3cc(C#N)c(C#N)nc32)ccc1Oc1cc(O)cc(-c2ncncn2)c1,27.97
N#Cc1cc(-c2cnc(C#N)nc2)cc(-c2ccc(-c3ccc(-c4cccnc4)c(C#N)c3)nc2)n1,24.24
NC1=NC(=O)C(=CNc2ccc(N)cc2)C(=O)C1=CNc1ccc(N)cc1,16.66
N#Cc1ccc(C2=NN(c3nc(-c4ccc(C#N)cc4)cs3)C(c3ccc(F)cc3)C2c2c(F)cc(C#N)c(F)c2F)cc1,34.61
N#Cc1ccc(N=c2[nH]ccc(=NCc3cn(-c4ccc(-c5ccc(C#N)cc5)c(C#N)c4)cn3)[nH]2)cc1,21.91
C#Cc1ccc2c(c1)C(c1ccc(C#N)cc1)(n1cnc(C#N)c1)C(=O)N2,25.8
Cn1c(C#N)ccc1-c1cc(C#N)cc(-c2ccnc(C#N)c2)c1,18.79
N#Cc1ccc(C(=O)N2CCC(C3c4c(cc(-c5cnc(C#N)nc5)nc4C#N)C(=O)N3c3cccc(C#N)c3F)CC2)nc1,32.51
N#Cc1ncc(Cn2cnc3c(C#N)nc(-c4c(F)c(F)c(C#N)c(F)c4F)cc32)cn1,13.05
N#Cc1ccc(-c2cccc3cc(-c4cncc(C#N)n4)cn23)cc1,22.49
N#Cc1ccc(CC(N=c2cc(C#N)cc[nH]2)c2cc3cccc(Br)c3cn2)cc1,32.56
N#Cc1ccc(-c2ccc(-c3nc(C#N)c(-c4cccc(C#N)n4)nc3C#N)c(F)c2)nc1,13.85
Cc1cc(C)n(-c2cc(-c3cccc(C#N)n3)nc(-c3ccc(C#N)nc3)n2)n1,15.39
N#Cc1ccc(-c2c3ccc(-c4cncc(C#N)c4)cc3nn2-c2ccc(N)cc2)cc1,21.8
N#Cc1ccc(-c2cc(-c3ccc(-n4c5ccccc5c5ccccc54)cc3)ccc2-c2ccc(-c3cccc(C#N)n3)cc2)cc1,13.36
N#Cc1cncc(-c2cnc(-c3cnc(C#N)c(C#N)n3)c(-c3cccc(C#N)n3)c2)c1,20.86
CC(O)(c1ccc(C#N)cc1)c1nc(-c2ccc(C#N)cc2)cc(-c2ccc(C#N)nc2)n1,19.73
N#Cc1ccc(-c2cc(-c3ccc(C#N)cn3)nc(-c3cccc(C#N)n3)c2)cc1,13.13
N#Cc1ccc(-c2ccc(-c3nc(C#N)ccc3-c3ccc(C#N)cc3)nc2C#N)cc1,17.55
COC(=O)Nc1cccc(-c2nc(-c3ccccc3)nc(-c3ccc(OCC(C)C)c(C#N)c3)n2)c1,23.52
N#Cc1ccc(-c2cc(-c3cccc(C#N)n3)ccc2CN2CCN(c3ncccn3)CC2)cn1,19.36
N#Cc1ccc(-c2cc(-c3ccc(-c4ccc(C#N)nc4)nc3)nc(C#N)c3ncnc2-3)cc1,17.27
N#Cc1ccc(-c2ccc(-c3cc4c(ncn4CC4CN(C(=O)c5cccnc5)CCC4=O)c(C#N)n3)cn2)nc1,27.67
Cc1nc(C#N)cn1-c1cc(F)cc(-c2nc(C#N)ccc2C#N)n1,20.44
N#Cc1ccc(-c2ccc(Cn3nc(C#N)nc3-c3ccc(-c4cccc(C#N)n4)c(C#N)n3)cc2)cc1,17.27
N#Cc1cncc(-c2ccc(Oc3cnc(-c4cnc(-c5cncc(C#N)n5)c(C#N)n4)cc3C#N)cc2)n1,19.34
N#Cc1ccc(-c2ccc(NC(=O)c3ccc(N)c(Cl)c3)cc2C#N)cc1,15.99
N#Cc1cncc(-c2nc(-c3ccccc3C#N)nc(-c3ccc(C#N)c(F)c3F)n2)c1,15.0
N#Cc1ccc(-c2nc(-c3ccc(-c4cnc(-c5ccc(C#N)cn5)o4)c(C#N)c3C#N)cnc2-c2ccc(-c3ccc(C#N)cn3)cc2)cc1,23.23
N#Cc1ccc(-c2nc3cnc(C#N)c(C#N)c3cc2-c2ccncc2)cc1,15.19
COc1ccc(C=C2CCCCCC(=CNc3cccc(-n4c5ccccc5c5ccccc54)c3)C2=O)cc1,26.03
COc1ncc(-c2cc(-c3ccc(-c4ccc(C#N)cc4)cc3)nc(-c3ccc(C#N)cc3Cl)n2)cc1C#N,19.82
N#Cc1ccc(-n2cnc(CCO)c2)cc1,18.58
N#CC=Cc1ccnc(-c2cccc(-c3ccc(C#N)cn3)c2C#N)n1,15.72
CCn1cnc(-c2nc(-c3ccc(OC(C)C)c(C#N)c3)nc(-c3cccc(-c4ccc(C#N)cc4C#N)c3C#N)n2)cc1=O,32.12
N#Cc1ccc(-c2cc(COc3ccc(-c4nc(-c5cc(C#N)cc(-c6ccc(C#N)cc6)c5C#N)no4)cc3C#N)ccn2)cc1,31.98
N#Cc1cnc(-c2cc(-c3nc(C#N)cc(C#N)n3)nc(-c3ccc(-c4ccc(C#N)nc4)c(C#N)n3)n2)nc1,18.59
N#Cc1nccc(-c2ccc(-c3cnc4c(O)c(-c5ccc(-c6ncncn6)cc5)nc(C#N)c4c3)cc2)n1,20.37
Cc1cc(C#N)c(F)cc1-c1nc(N2CC(C#N)C2)nc(-c2cccc(-c3ccc(F)nc3)n2)c1C#N,17.03
N#Cc1cccc(-c2nc(C#Cc3cccc(N)c3)nc(-c3c[nH]c(=N)c(C#N)c3)n2)n1,28.15
COc1ccc(N=CN(C)C)cc1Nc1cc(-c2ccc(C#N)nc2)c(C#N)c(=N)[nH]1,29.57
Cc1nc2c(C#N)nc(-c3ccc(C#N)cc3Oc3ccc(S(=O)(=O)Nc4ccc(C#N)cc4)cc3F)cc2n1C,26.21
N#Cc1ccc(-c2cccc(-c3cnc(-c4cccc(C#N)n4)c(C#N)n3)c2)nc1,9.3
N#Cc1ccc(-c2c(-c3cnc(-c4ccc(C#N)nc4)cn3)ncc(C(O)c3ccc(C#N)cn3)c2C#N)cc1,20.45
CN1CCN(c2nc(-c3ccc(-c4ccc(C#N)cc4)cc3)nnc2C#N)CC1,13.54
N#Cc1ccc(-c2cc(-c3cnc(C#N)cn3)cc(-n3cnc(C#N)c3)c2)cn1,13.04
Nc1ccc2c(c1)CC1(NC(=O)C=Cc3ccc(Cl)c(Cl)c3)C3Cc4ccc(O)cc4C21CCN3CC1CC1,39.04
N#Cc1cnc(-c2ccc(-c3cc4c(ncn4CC4CC4)c(C#N)n3)cc2)nc1,11.24
N#Cc1cnc(-c2cc(C#N)cc(-c3nc(C#N)cnc3-c3ccc(C#N)nc3)c2)nc1,13.53
N#CC=Cc1cc(-c2ccc(-c3cccc(C#N)n3)cc2C#N)cc(-c2ccc(C#N)nc2)n1,14.5
N#Cc1ccc(C(c2ccc(C#N)cc2)c2cnc(C#N)nc2)cc1,16.31
N#Cc1cnc(-c2cc(-c3cnc(-c4cccc(C#N)n4)c(C#N)n3)nc(C#N)n2)cn1,12.88
N=c1ncc(-c2ccc(-c3cccnc3-c3cnc(N4CCOC4=O)cn3)cc2)c[nH]1,25.35
N#Cc1ccc(C2=NC(=O)C(C#N)C(c3ccccc3C#N)C2C#N)cc1,17.55
N#Cc1ccc(-c2ccc3c(-c4ccc(C#N)cc4)nc(-[n+]4nc(-c5ccc(C#N)nc5)cc(-c5ccc(C#N)cc5)c4C#N)nc3c2)cc1,19.07
N#Cc1cc(-c2ccc(-c3ccc(-n4cccn4)cc3)nc2)c(C#Cc2ccc(=N)[nH]c2)[nH]c1=N,29.89
N#Cc1ccc(-c2cccc(-c3nc(-c4ccncc4)cs3)c2)cc1,17.32
CNC(=O)c1ccc2c(c1)C(=O)c1ccc(Nc3ncc(C(=O)O)cc3Cl)cc1C2=O,24.5
N#Cc1ccc(-c2ccc(-c3c(-c4ccc(-c5ccncc5)cc4)csc3C#N)cc2)cc1,15.45
N#Cc1ccc(-n2cc(C#N)c3cc(-c4nc(-c5ccc(C#N)nc5)cc(-c5cncs5)n4)ccc32)c(C#N)c1,22.53
N#Cc1cccc(-c2ccc(-c3nc(C#N)nc(C#N)n3)c(F)c2)n1,16.71
N#Cc1ccc(-c2ccc(-c3cc4ccc(-c5cnc(=N)[nH]c5)cn4c3-c3ccnc(C#N)c3)cc2)cc1,29.11
N#Cc1ccc(C=Nc2nc(N=Cc3ccc(C#N)cc3)nc(-c3ccc(C#N)nc3)n2)cc1,9.35
Cn1cnc(-c2cc3nccc(Oc4ccc(-c5cccc(C#N)n5)cc4F)c3s2)c1,22.75
N#Cc1ccc(-c2cc(-c3ccc(C#N)nc3)cc(-c3ccc(-c4cnc(-c5cccc(C#N)n5)c(C#N)n4)cn3)c2)nc1,13.88
N#Cc1ccc(Oc2ccc(-c3nc(-c4ccc(C#N)cc4)cc(-c4cnccn4)n3)cc2C#N)cc1,18.27
N#Cc1ccc(-c2cccnc2-c2ccc(C#N)c(Cl)c2)nc1,14.21
N#Cc1ccc(-c2ccc(-c3ccc(F)cc3F)nc2C#N)c(C#N)c1,16.83
Cc1nc(C)nc(-c2cc(-c3ccc(-c4cnc(C#N)c(C#N)n4)cc3C#N)nc(C#N)n2)n1,26.05
Cc1cc(-c2cc(C#N)cc(C=CC#N)n2)nc(-c2ccc(OC3CCOC3)c(C#N)c2)n1,13.19
N#Cc1ccc(-c2cc(C#N)nc(-c3ccc(-c4nc(C#N)c(C#N)nc4C#N)cc3)n2)cc1,15.62
N#Cc1ccc(-c2ccc(-c3cc4c(ncn4Cc4ccc(-c5cccc(-c6cccc(C#N)n6)c5)cc4)c(C#N)n3)cc2)cc1,14.42
N#Cc1cccc(-c2ccc(C#Cc3ccc(-c4cccc(C#N)n4)c(C#N)c3)cn2)c1,12.55
N#Cc1cccc(-c2cc(-c3ccc(-c4nc(C#N)cnc4C#N)cn3)cc(-c3nc(C#N)c[nH]3)c2)n1,18.93
COc1ccc(C=CC(=O)OC2=NC(c3ccc(OC)c(Br)c3)c3cc(Br)ccc3NC2=O)cc1,31.87
Cc1cc(C(=O)c2sc(-c3cc(C#N)cc(-c4ccc(C#N)cn4)c3)nc2-c2cccc(C#N)n2)c(-c2ccnc(C#N)n2)cc1F,47.11
N#Cc1ccc(-c2ccc(-c3cc(-c4cc(-c5ccc(C#N)cc5)nc5ccccc45)[nH]c(=N)c3C#N)cc2)cc1,17.03
N#Cc1ccc(-c2cc(-c3cnc(C#N)nc3)nc(-c3ccc(N)c(N)c3)c2)cc1,13.36
N#Cc1ccc(-c2nc(-c3ccnc(-c4ccc(C#N)nc4C#N)n3)ccc2C#N)cn1,16.22
N#Cc1ccc(C#Cc2nccn3cccc23)nc1,17.28
N#Cc1ccc(-c2cnn(-c3ccc(-c4cccc(C#N)n4)cc3)c2-c2ccc(C#N)cc2)cc1,12.69
N#Cc1cccc(-c2ccc3c(c2)c(C#N)cn3-c2cccc(-c3cncnc3)c2)c1,22.68
N#Cc1ncc(-c2cccnc2Nc2ccc(C#CC3CCN(c4ccncn4)CC3)cc2)nc1C#N,27.03
N#Cc1cc(C#N)cc(-c2cc3c(ncn3Cc3cnc4ccc(C#N)cc4c3)c(C#N)n2)c1,14.38
N#Cc1ccc(-c2ccc(Nc3nc(-c4ccc(C#N)nc4)cc(-c4ccc(C#N)c(C#N)c4)n3)cc2)nc1,21.25
C#CCN(C=O)C1CCCC(Cn2c(=O)nc(SCc3ccc(C#N)cc3)c3cc(C#N)ccc32)C1,47.77
N#Cc1ccc(Oc2ccc(-c3nc(-c4ccc(-c5ccc(C#N)cn5)nc4)nc(-c4cc(C#N)c(C#N)cn4)n3)cc2C#N)cc1,20.31
N#Cc1cnn(-c2ccc(Nc3ccc4c(c3)CCc3ccc(-c5ccc(C#N)nc5)cc3C4=O)nn2)c1,19.15
Cc1ccnc(C(=O)Nc2cccc(C#N)c2)c1[N+](=O)[O-],23.14
N#Cc1cnc(C#N)c(-c2cc(C3CC3)nc(-c3cnc(OC4CCOCC4)c(C#N)c3)n2)n1,16.19
N#Cc1ccc(NC2C(=O)c3ncccc3C(=O)C2=Nc2cc(Br)cc(C#N)c2)cc1,24.19
N#Cc1ncc(-c2cc(-c3ccncc3)cc(-c3ccncn3)c2)cn1,18.23
N#CC=Cc1nc(C#N)ccc1C=Cn1cc(C#N)nc1C#Cc1ccc(C#N)cc1,26.15
CN(C)C=Nc1nc(-c2cccc(C#N)n2)c(C#N)nc1-c1ccc(-c2ccc(C#N)nc2)cc1,18.29
CC1(C)C(=O)C(C=Nc2ccc(-c3cccc(C#N)n3)cn2)C(=O)C(C=O)=C1O,20.44
N#Cc1ccc(-c2nc(-c3ccc(C#N)nc3)c(N3CCC(c4cncc(-c5ccc(F)c(C#N)c5)n4)C3)nc(=O)c2C#N)cc1,25.13
N#Cc1ccc(-c2cc(C(Cc3cc[n+]([O-])cc3)c3ccc(F)cc3)ccc2C#N)c(F)c1,22.4
N#Cc1ccc(C#Cc2ccc(-c3cccc(C#N)n3)cc2-c2cccc(C#N)c2)cc1,11.72
N#Cc1ccc(-c2ccc(C#Cc3ccc(-c4ccncc4)cn3)nc2C#N)cc1,14.16
N#Cc1cnc(-c2ccc(-c3cnc(C#N)nc3)c(C#N)c2)c(-c2cc(F)c(F)cn2)c1,26.7
N#Cc1ccc(-c2ccc(CNCCn3cnc4c(C#N)nc(-c5ccc(-c6ccc(C#N)cn6)cc5)cc43)cc2)cc1,11.46
Cc1cc(C#N)c(Cl)cc1-c1nc(N2CC(F)C2)nc(-c2cccc(-c3ccc(-c4ccc(C#N)cc4)cc3)n2)c1C#N,15.32
N#Cc1ccc(-c2ccc(-c3nc(C#N)c(-c4ccc(C#N)s4)nc3C#N)cc2)cn1,20.27
N#Cc1ccc(-c2nc(-c3ccc(C#N)nc3)nc(-c3ccc(C#N)nc3)n2)cn1,13.88
N#Cc1ccc(-c2cc(-c3cc(-c4ccc(-c5cccc(C#N)n5)cn4)ccn3)ncc2C#N)cc1,17.77
CCOc1nc(-c2ccc(C#N)cc2)cc2nc(-c3ccc(-c4ncncn4)cc3)c(-c3ccc(C#N)cc3)nc12,26.36
Cc1nc2ccc(-c3cccc(-c4ccc(C#N)cc4)c3)cc2c(=O)n1-c1ccc(N=Cc2ccc(C=O)cc2)cc1,20.19
N#Cc1ccc(-c2ccc(-c3cnc(-c4ccc(C#N)cn4)nc3-c3ccc(C#N)nc3)cc2)nc1,13.37
C#Cc1ncc(C#Cc2c(CC)ncnc2-c2ccc(C#N)c(-c3cnc(C#N)nc3)c2)cn1,20.66
N#Cc1ccc(-c2nc(-c3ccc(N=Cc4cccc(C#N)c4)nc3)nc(-c3ccc(N=Cc4cc(C=O)cc(C=O)c4O)nc3)n2)cc1,14.43
N#Cc1ccc(-c2cc(-c3ccc(C#N)nc3)[nH]c(=NCc3ccncc3)n2)cn1,15.4
COCOc1c(-c2cnc(-c3cccnc3)c(C#N)c2)nc(C#N)c2ncnn12,33.47
CC(=CCn1cnc2c(C#N)nc(-c3ccc(F)cc3)nc21)CCC=C(C=O)C(C)C,27.77
N#Cc1ccc(-c2nn(-c3ccc(S(N)(=O)=O)cc3)cc2C#N)cc1,16.6
N#Cc1ccc(C=Nc2nc(-c3ccc(C#N)cc3)c(C#N)c(-c3nc(-c4ccc(-c5ccc(C#N)cc5)nc4)cc(-c4ccc(C#N)cn4)n3)n2)cc1,19.16
N#Cc1ccc(-c2ccc(S(=O)(=O)NC(Cc3ccccc3)C(=O)N3CCC(CCN)CC3)cc2)cc1,23.6
N#Cc1ccc(-c2ccc(-c3ccnc(-c4nn(-c5ccc(-c6cc(C#N)cc(C#N)c6)cc5F)c(-c5ccc(C#N)cc5C(F)(F)F)c4C#N)n3)cc2)cc1,23.55
N#Cc1ccc(-c2nc(N3CCOCC3)c3c(-c4ncncn4)ccnc3n2)cc1,13.53
Cc1nc2nccc(-c3ccc(C#N)cc3)c2c(=O)n1-c1cccc(-c2ccc(C#N)nc2)c1,20.96
N#Cc1ccc(-c2ccc(-c3cnc(-c4cncc(C#N)n4)cc3-c3ccc(C#N)cn3)cc2F)nc1,21.24
N#Cc1ccc(C#Cc2cccc(-c3ccc(-c4cccc(C#N)n4)c(C#N)n3)n2)c(N)c1,19.36
N#Cc1ccc(-c2nc(-c3ccncc3)cc(-c3ccsc3)n2)cn1,15.14
N#Cc1ccc(-c2nc(=NC(=O)C3CCCN3S(=O)(=O)c3ccc(C#N)cc3)[nH]c(C#N)c2-c2ccc(C#N)cc2)cc1,24.63
N#Cc1cccc(-c2ccc(-c3nc(C#N)ccc3C(=O)Nc3ccccc3Cl)cc2)n1,26.61
Cc1cccc(Cn2c(=O)n(C)c(=O)c3c2nc(-c2ccc(C#N)cc2)n3Cc2ccc(-c3ccc(C#N)cc3)cn2)n1,27.53
N#Cc1ccc(-c2ccc(-c3nc(-c4ccc(C#N)s4)c(C#N)cc3-c3ccc(-c4ccc(N)c(N)c4)cc3)cc2)cc1,21.1
N#Cc1ccc(-c2nc(-c3cccc(C#N)n3)cc(-c3ccccc3C#N)n2)cc1,12.16
N#Cc1ccc(-c2ccc(Cn3nc(-c4ccccc4)c(-c4ccc(C#N)cc4)c3C#N)cc2)cc1,18.46
N#Cc1ccc(-c2cc3c(ncn3CC3CCNCC3)c(C#N)n2)cc1NC(=O)c1ccc(-c2ccncc2C#N)cc1,25.17
N#Cc1ccc(-c2cncc(-c3ccc(-c4ccc5nc(-c6ccncc6)cn5n4)cc3)n2)cc1,25.74
N#Cc1cccc(-c2cc(-c3cccc(C#N)n3)nc(-c3nccc(C#N)n3)c2)n1,14.04
CC1(C)CC(c2cc(-c3ccc(-c4ccc(C#N)nc4)c(C#N)c3)nc(C#N)n2)C1,13.83
N#Cc1ccc(-c2c(-c3nc(C#N)c(C#N)[nH]3)cc(-c3ccc(F)cc3F)nc2C#N)cc1,18.57
N#Cc1ccc(-c2ccn(-c3ccc(-c4ccc(C#Cc5cccc(C#N)n5)cc4)cn3)n2)cc1,14.96
COc1cc(-c2cc(-c3ncc(C#N)cn3)cc(-c3ccc(C#N)nc3)n2)ccc1-n1ccnc1C,24.99
Cc1cc(C#N)ccc1-c1nc(N2CC=C3CC(c4ccc(C#N)cc43)C2c2ccc(C#N)cc2)nc(-c2nccc(-c3ccc(-c4ccc(C#N)cc4)c(C#N)c3)n2)c1C#N,28.54
Cc1cc(-c2nc(-c3ccc(C#N)nc3)nc(-c3ccc(OC4CCC(C(=O)O)CC4)c(C#N)c3)n2)cc(C)n1,16.48
Cc1nn(-c2ccc(-c3cc(-c4ccc(C#N)cc4C#N)nc(-c4ccc(C#N)nc4)n3)cc2)c(CC#N)c1C#N,20.7
Cc1cc(-c2cncc(C#N)n2)cc(C#Cc2ccc(-c3cccc(C#N)n3)cc2)n1,17.6
N#Cc1cccc(Oc2ccc(-c3ncc(-c4ncc(C#N)o4)nc3C#N)cc2C#N)c1,22.11
COc1cc(C(=O)c2cc(-c3ccc(C#N)cn3)cn2C)cc(OC)c1OC,22.71
CN(C)c1ncccc1-c1cccc(-c2nc(-c3ccc(C#N)nc3)nc(-c3ccnc(-c4ccc(C#N)cc4)c3)n2)c1C#N,28.89
N#Cc1ccc(-c2cc(C#N)nc(-c3cccc(-c4ccnc5cc(-c6ccnc(C#N)n6)ccc45)n3)c2C#N)cc1,15.91
N#Cc1ccc(-c2ncnc(-c3ccc(-n4ncc5cnccc54)c(C#N)c3)n2)cn1,17.57
N#Cc1ccc(-c2ccc(-c3nnc(-c4ccc(C#N)nc4)c(C#N)n3)cc2C#N)cc1,12.41
N#Cc1ccc(-c2cc(C#N)ccc2C#Cc2ccc(-c3cc(C#N)nc(Cl)n3)cc2)cc1,15.73
N#Cc1ccc(-c2ccc(-c3nccc(C#N)n3)c(-c3cnc(-c4cccc(C#N)n4)c(C#N)n3)c2)nc1,12.23
N#Cc1ccc(-c2nc3ccc(-c4cnc5ccc(-c6ccc(C#N)cn6)cc5n4)cc3nc2-c2ccc(-c3ccc(C#N)cn3)cc2)cc1,18.65
N#Cc1ccc(-n2cc(C#N)c(-c3cccc(-c4cccc(C#N)c4)n3)n2)cc1,17.44
N#Cc1ccc(NS(=O)(=O)c2ccc(-n3c(N)c(C#N)c4ccccc43)cc2)cc1,24.41
N#Cc1ccc(-c2nc(-c3ccc(C#N)cc3)c(-c3cccs3)cc2C#N)cc1,16.98
COC(=O)Cn1c(C(O)(c2ccc(C#N)cc2)c2ccc(C#N)nc2)cc(-c2ncncn2)c1-c1ccc(C#N)cc1,32.45
N#CC(C#N)=C1C(=Cc2ccc(C#N)cc2)C(=O)C(Nc2ccc(C#N)cc2)C(C=O)=C1O,9.35
N#Cc1ccc(-c2ccc(-c3ncc(C#Cc4ccc(-c5ncc(C#N)cn5)cc4)cn3)nc2C#N)cc1,18.73
N#Cc1ccc(-c2ccc(-c3cnc(C#N)c(C#N)n3)cn2)cn1,9.85
Cc1cc(C#N)c(Cl)cc1-c1nc(C2CC2)nc(-c2nc(-c3ccc(C#N)cc3)nc(-c3cccc(C#N)n3)n2)c1C#N,14.11
N#Cc1cccc(-c2ccc(N=c3nc(-c4nccc(C#N)c4C#N)cc[nH]3)nc2)n1,13.25
N#Cc1ccc(-c2ccc(C(=O)Nc3ccc4c(c3)CCc3cc(Nc5ncc(F)cc5F)ccc3C4=O)cc2)cc1,18.91
N#Cc1ccc(-c2ccc(-c3ccc(-c4ccc(C#N)nc4)c(C#N)c3)nc2)cc1,13.78
N#Cc1cccc(-c2cc(-c3cnc(C#N)c(C#N)n3)cc(-c3ncccn3)c2)n1,12.88
N#Cc1cccc(-c2ccc(-c3ncc4cccnc4c3C#Cc3ccc(-c4cocn4)cc3)cc2)c1,20.17
N#Cc1cccc(-c2cc(C#N)nc(=Nc3ccc(-c4cccc(C#N)n4)cn3)[nH]2)c1,14.17
Cc1nc(-c2nc(-c3ccc(C#N)c(-c4ccccc4C#N)c3)nc(-c3ccc(C(F)(F)F)nc3C#N)n2)ncc1C#N,19.63
CCOC(=O)c1ccc(NC=C2C(=O)C(C=O)=C(O)C(C=O)=C2O)cc1,18.08
CC(C)Oc1ccc(-c2ccc(-c3ccc(-c4ccc(C#N)cc4)c(C#N)n3)cc2)cc1C#N,17.17
N#Cc1ccc(-c2nn(-c3nc(-c4cccc(C#N)n4)nc(-c4ccccc4C#N)n3)c3ccccc23)cc1,19.62
N#Cc1ccc(-c2ccc(-n3nc(-c4cccc(C#N)n4)c4cc(-c5cncc(C#N)n5)ccc43)cc2)nc1,16.54
N#Cc1cccc(-c2ccc(-c3ncc(C#N)nc3-c3cc(C#N)nc4cc(-c5ncncn5)ccc34)cc2)n1,17.48
N#Cc1ccc(-c2nc(-c3ccc(-c4ccc(C#N)cn4)cc3)nc(-c3ccc(C#N)c(F)c3F)n2)cc1,17.1
N#CC(C#N)=c1ccc(=C(C#N)c2nc(Nc3ccc4c(C#N)nc(C(=O)O)cc4c3)nc(C(F)=Cc3ccc(C#N)cc3)n2)cc1,28.12
N#Cc1cc[nH]c(=Nc2cc(C#N)nc(=Nc3ccc(-c4cccc(C#N)n4)cn3)[nH]2)c1,9.32
N#Cc1ccc(-c2nc(-c3ccc(C#N)nc3)cc(N3CCC(F)C3)n2)nc1,18.06
CC(=O)N1c2c(C#N)c(-c3ccc(-c4cnc(C#N)nc4)cc3)nn2CC1c1ccc(F)cc1,33.8
N#Cc1cccc(-c2ccc(-c3nccc(C#N)n3)nc2C#N)n1,7.7
N#CC=Cc1nc(-c2ccc(C#N)cn2)nc(-c2nc(C#N)ccc2-c2ccc(-c3ccc(C#N)cn3)cc2)n1,17.41
N#Cc1ccc(-c2cc(-c3ccc(-c4cccc(C#N)n4)cc3)nc(-c3cnc(C#N)nc3)n2)cc1,13.74
N#Cc1ccc(-c2cc(-c3ncccn3)nc(C#N)c2-c2ccc(C#N)cc2)cc1,13.39
N#Cc1ccc(-c2cc(-c3cc(N=c4cnc(Br)c[nH]4)nc(-c4ccc(O)c(C#N)c4)c3)ccc2C#N)cc1,34.15
N#CC(C#N)=C1C(=Cc2ccc(C#N)cc2)C(=O)C(Nc2ccc(Nc3ccc(C#N)cc3)cc2)C(C=O)=C1O,10.59
Cc1ncc(C)c(-c2ccc(Nc3ccc(-c4cscn4)cc3C#N)cc2)n1,19.04
C=C(C(=O)C#N)c1c(C)n(-c2ccc(C#N)cc2)c2ccccc12,25.53
N#CC(=Cc1ccc(C#N)cc1)c1nnc(Cl)c(C#N)n1,12.27
N#Cc1cccc(-c2ccc(-c3nc(-c4ccc(C#N)nc4)nc(-c4ccccc4C#N)n3)cc2)c1,9.81
Cc1nn(Cc2ccc(-c3ccccc3-c3nc(=O)cc(C4CC4)[nH]3)cc2)c(=O)cc1C=Nn1c(C)nnc1C,27.04
N#Cc1cccc(COc2ccc(-c3nc(C#N)c(-c4ccc(-c5ccc(F)c(C#N)c5)cc4)nc3C#N)cc2C#N)c1,19.44
N#Cc1ccc(C(=O)c2nc(-c3ccc(C#N)cc3)c(-c3ccc(-c4ccc(C#N)cc4)cc3)cc2-c2ccncc2)cc1,15.82
N#Cc1ccc(-c2ccc(-c3cc(C4CCC(=O)CC4)nc(C#N)n3)cc2C#N)cn1,16.39
N#Cc1ccc(-c2ccc(-c3nc(-c4cccc(C#N)n4)c(C#N)cc3-c3cncc(C#N)n3)nc2)nc1,13.08
N#Cc1ccc(N=c2nc(-c3ccc(-c4cc(C#N)cc(C#N)c4)cc3)nc(Nc3ccc4c(c3)C(=O)c3ccc(N)cc3C4=O)[nH]2)cc1,26.8
N#Cc1ccc(-c2nc3sc4c(c3c(-c3ccc(C#N)cc3)c2-c2cccc(N)c2C#N)CCCC4)cc1,19.76
CCCC1(O)C(=O)c2ccc(O)cc2C(=O)C(C=O)=C1O,13.37
COc1cnc(-c2ccc(-c3nc(-c4ccc(OCC(C)C)c(C#N)c4)nc(-c4cc(C#N)ccc4C#N)n3)cc2)nc1,16.16
CC(C)C(c1cc(C#N)nc(-c2ccc(-c3cncnc3)nc2)c1)c1ccc(C#N)c(-c2ccc(C#N)nc2)c1,27.52
Cn1c(=O)c(-c2ccc(-c3cccc(C#N)n3)cc2)nc2cc(-c3cc(-c4ccc(C#N)cc4)cc(C#N)n3)ccc21,25.4
N#Cc1ccc(C#N)c(-c2cnc(-c3cnc(C#N)cn3)c(-c3ccc(C#N)nc3)n2)c1,19.03
N#Cc1ccc(-c2ccc(-n3c(=O)cc(-c4ccc(C#N)cc4)c4cc(Cl)c(C#N)cc43)cc2)cc1,15.05
N#Cc1ccc(-c2cccc(-c3cc(-c4ccc(C#N)nc4)cc(-c4cnc(C#N)nc4)n3)n2)cc1,16.23
N#Cc1ncc(-c2cccc(-c3cc4c(ncn4CC4CCC(C#N)N4)c(C#N)n3)c2)cn1,14.7
C#CCn1cnc2c(C#N)nc(-c3ccc(-c4ccc(C#N)nc4)cc3)cc21,11.21
N#Cc1ccc(-c2ncc(-c3ccc(-n4c5ccccc5c5ccccc54)cc3)cn2)cc1,13.54
N#Cc1ccc(-c2cc(-c3c(F)c(F)c(C#N)c(F)c3F)nc(-c3nc(-c4ccc(C#N)c(F)c4F)nc(-c4ccccc4C(F)(F)F)c3C#N)n2)cn1,17.95
N#Cc1ccc(-c2cc(-c3ccnc4ncc(-c5ccc(-c6cncc(C#N)n6)nc5)cc34)ncn2)cn1,21.65
N#Cc1cnc(-c2ccc(-c3cc4c(ncn4CCN4CCOCC4)c(C#N)n3)cc2)cn1,14.2
N#Cc1cncc(-c2ccc3c(O)c(-c4cccc5nc(C#N)ncc45)nc(C#N)c3c2)c1,25.86
O=CN1CCC(Cc2c[nH]cn2)CC1,18.69
Cc1cc(C#N)c(Cl)cc1-c1cc(-c2ccc(C#N)nc2)cc(-c2nc(-c3cnc(C#N)nc3)cc(-c3cccc(C#N)c3)n2)c1C#N,19.25
N#Cc1cccc(-c2cc3c(ncn3Cc3ccc(C#N)c(C#N)n3)c(C#N)n2)c1,11.26
N#Cc1ccc(-c2cc(-c3ccc(-c4ccc(C#N)cn4)nc3)nc(-c3cccc(-c4ccc(C#N)cn4)c3C#N)n2)cc1,12.58
N#Cc1ccc(C#Cc2ccc(-c3nc(-c4ccc(C#N)nc4)nc(-c4cc(F)c(C#N)c(F)c4)n3)cn2)cc1,19.52
N#Cc1ccc(-c2ccc(-c3cc(-c4ccc(C#N)nc4)nc(OC(F)(F)F)n3)nc2)cn1,27.08
CN1CCN(c2ncc(-c3ccc4c(C#Cc5ccc(=N)[nH]c5)c(-c5ccc(-c6ccc(C#N)cc6)cc5)nc(C#N)c4c3)cn2)CC1,26.89
N#Cc1ccc(-c2cc(-c3cnc(C#N)nc3)nc(-c3cnc(-n4ccc(-c5ccccn5)n4)cn3)c2)cc1,25.17
N#Cc1ccc(C#Cc2cc(-c3cccc(C#N)n3)cc3nc(-c4ccc(C#N)nc4)ccc23)cc1,18.64
CCc1nc(C#Cc2ccc(Br)s2)ccc1-c1ccc(C#N)cn1,23.48
Cc1nc(COc2ccc(-c3nc(-c4ccc(C#N)cc4)c(C#N)cc3-c3cccs3)cc2C#N)nc(-c2ccc(C#N)cc2)c1C#N,24.46
N#CC(C#N)=c1ccc(=C(C#N)c2nc(-c3ccc(C#N)cn3)nc(C(N)c3ccc(C#N)cc3)n2)cc1,11.13
N#Cc1ccc(-c2nc(-c3ccc(C#N)nc3)nc(-c3cc(-c4cc(C#N)c(C#N)cn4)ccc3C#N)n2)cn1,16.59
N#Cc1ccc(-c2cc(-c3cc(-c4ccc(C#N)nc4)cc4cc(OC5OC(CO)C(O)C(O)C5O)ccc34)ccc2C#N)cc1,21.18
N#Cc1ccc(-c2cc(C#N)nc(-c3nccc(-c4cccc(C(=O)O)c4)n3)c2C#N)cc1,16.51
N#Cc1ccc(-c2ccc(-c3nc(CO)c(-c4cccc5ccccc45)nc3-c3ccc(C#N)cc3)cc2)cc1,13.21
N#Cc1ccc(-c2nc(-c3ccc(-c4ccc(C#N)nc4)nc3)c(-c3ccc(C#N)cn3)cc2C#N)cc1,12.3
N#Cc1cccc(-c2ccc(N=c3nc(-c4ccc(N)c(C#N)c4)cc[nH]3)nc2)n1,11.86
N#Cc1ccc(-c2ccc(-c3nc(-c4ccc(C#N)cc4)cn3-c3ccc(F)cc3)cc2)cc1,12.27
Cc1cc(C#N)cnc1C=Nc1cc(-c2ccc(C#N)s2)nc(C=CC#N)n1,27.25
Nc1ccc(NC2Oc3ccccc3C=C2[N+](=O)[O-])cc1,19.31
N#Cc1ccc(-c2ccc(-c3nc(C#N)c(-c4ccc(C#N)cc4)cc3-c3ccc(C#N)cc3)nn2)cc1,17.0
CNc1cc2cc(Cn3cnc4c(C#N)nc(-c5ccccc5)nc43)ccc2nc1C#N,24.85
Cn1c(N(Cc2ccccc2)c2ccc(C#N)cc2)nc(-c2ccc(C#N)cc2)c(C#N)c1=O,24.74
N#Cc1ccc(-c2cc(-c3ccc(-n4cc(C=O)c(-c5ccc(C#N)cc5)n4)cc3)nc(-c3ccccc3C#N)c2)cc1,15.0
N#CCCn1cnc2c(C#N)nc(-c3ccc(C#N)c(N)c3)cc21,12.31
CC1=CC(C=O)=C(O)C(=C(C#N)C#N)C1,16.82
N#Cc1ccc(-c2cc(-c3cnc(-c4cccc(C#N)n4)c(C#N)n3)nc(-c3ccc(C#N)nc3)n2)cn1,12.17
N#Cc1ccc(-c2cc(-c3ccc(OC4CCOCC4)c(C#N)c3)nc(-c3ccc(C#N)nc3)n2)nc1,13.57
N#Cc1ccc(-c2ccc(-c3cc(C#N)cn3-c3ccc(-c4ccc(C#N)cc4)cn3)cc2)cc1,11.3
N#Cc1ccc(-c2ccc(-c3nc(C#Cc4ccc(C#N)nc4)cs3)cc2C#N)cc1,16.7
N#Cc1ccc(-c2ccc(-c3nc(-c4ccc(C#N)nc4)cc(-c4ccc(C#N)nc4)n3)cc2)cn1,14.01
N#Cc1ccc(-n2cc(C#N)c(-c3ccc(-c4ccc(-c5cccc(C#N)n5)cc4C#N)cn3)n2)cc1,16.71
N#Cc1ccc(-c2ccc(-c3cc(C#N)nc(-c4ccc(-c5ncc(C#N)cn5)cc4)c3)cn2)cc1,11.5
N#Cc1ccc(-c2ccc(-c3cc4c(cc(C#N)n4-c4ccc(C#N)c(-c5ccc(C#N)c(F)c5)c4)c(C#N)n3)cn2)cn1,26.35
COc1ccc(O)c(C=Nc2ccc(NS(=O)(=O)c3ccc(C#N)cc3)cc2O)c1,20.29
Cn1cc(-c2ccc(-c3cc4c(ncn4Cc4ccc(C#N)nc4)c(C#N)n3)cc2)cn1,12.32
Cc1cc(C#N)c(Cl)nc1-c1nccc(-c2nc(-c3ccc(-c4ccnnc4)cc3-c3cncc(C#N)n3)nn2C)c1C#N,28.57
N#Cc1ccc(-c2ccc(Cn3cnc4c(C#N)nc(-c5ccc(-c6ccc(C#N)cn6)cc5)cc43)cc2C#N)cc1,14.26
N#Cc1ccc(-c2ccc(-c3cccnc3Oc3ccc(-n4ccc(C#N)c4)cc3)cn2)nc1,18.34
Cc1cc(Cn2cnc3c(C#N)nc(-c4ccc(-c5cnn(C)c5)nc4)cc32)ncn1,15.0
N#Cc1ccc(-c2ncn(Cc3cccc(-c4ccc(C#N)cn4)c3)c2-c2cccc(C#N)n2)cc1,16.81
N#Cc1ccc(-c2ccc(-c3nc4cc(-c5nc6cc(C#N)ccc6[nH]5)ccc4[nH]3)cn2)nc1,14.99
N#Cc1ccc(-c2cc(-c3ccc(-c4ccc(-c5ccc(C#N)cc5)c(C#N)n4)cn3)ccn2)cc1,16.62
N#Cc1ccc(C2=CC3C(c4ccc(C#N)cc4)=CNC(C2=O)C(=O)N3Cc2ccc(-c3ccc(C#N)cc3)cc2)cc1,28.84
COc1ccc(-c2cc(-c3ccc(C#N)cc3)nc(-c3cc(C#N)cc(-c4ccc(C#N)cc4)c3C#N)n2)cc1C#N,17.19
N#Cc1ccc2c(c1)C(=O)c1ccc(Nc3nc(C#N)c(C#N)nc3-c3ccc(-c4cccc(C#N)n4)c(C#N)n3)cc1C2=O,13.9
N#Cc1cncc(-c2ccc(-c3cc(-c4ccccc4C#N)cc(-c4ccc(C#N)cc4C#N)n3)cc2)c1,15.83
CCc1nc(-c2nc(-c3ccc(C#N)cn3)cc(-c3ncccc3N)n2)c(C#N)c(-c2ccc(C)cc2C)n1,19.46
N#Cc1ccc(-c2ccc(-c3cc(-c4ccc(-c5ccc(C#N)cc5)cc4)n(-c4ccc(C#N)cc4)n3)cc2)cc1,13.66
N#Cc1ccc(-c2nc(-c3ccc(C#N)cc3)n3c2c(-c2ccc(-c4ncccn4)nc2)nc2cc(-c4cccc(C#N)n4)ccc23)cc1,28.43
COc1ncc(-c2cccc(CCNc3cnc(-c4ccc(-c5ccc(C#N)cn5)c(C#N)n4)c(C#N)c3)c2F)cn1,37.92
N#Cc1nc(=O)n(Cc2ccccc2)c(C=O)c1O,24.11
N#Cc1ccc(-c2ccc(-c3ccc(-c4cc5c(cc4C#N)c(C#N)cn5-c4ccc(C#N)cc4)nc3)nc2-c2ccc(C#N)cc2)cc1,24.24
N#Cc1ccc(-c2cc(-c3cncc(C#N)c3)cc(-c3ccc(-c4cccc(C#N)n4)cn3)c2)nc1,12.03
CCOc1ccc(-c2nc(-c3ccc(C#N)nc3)nc(-c3ccc(C#N)cn3)n2)cc1C#N,13.43
N#Cc1cccc(-c2ccc(N=c3cc(Nc4ccccc4C(N)=O)nc(-c4ccccn4)[nH]3)nc2)n1,18.92
N#Cc1ccc(-c2cc(-c3ncncn3)nc(-n3ncc4ccccc43)n2)cn1,11.87
CN(C)c1ncc(-c2ccc(-c3cc4c(ncn4CC4CCCO4)c(C#N)n3)cn2)cn1,16.15
N#Cc1ccc(Oc2cnc(-c3cnc(-c4ccc(C#N)c(C#N)c4)c(C#N)n3)cc2C#N)cc1,17.13
Cc1cc(-c2nc(-c3ccc(OC4CC(C)(C)OC4=O)c(C#N)c3)nc(C3CCOCC3)n2)cc(C)n1,21.28
N#Cc1ccc(-c2ccc(-c3ccc(C#N)nc3-c3ccc(-c4ccc(C#N)nc4)nc3)cc2)cc1,11.76
N#Cc1ccc(-c2ccc(C#Cc3ccc(Br)s3)nc2C#N)nc1,12.76
N#Cc1ccc(-c2ccc(-c3nc(C#N)c(-c4ccc(C#N)nc4)nc3N3CCC(c4cnc(-c5ccc(F)cc5)c(C#N)n4)CC3)cn2)nc1,16.79
CC(=O)c1c(-c2ccc(-c3ccc(C#N)cc3)cc2)cn(-c2ccc(C#N)c(C#N)n2)c1C,23.07
N#Cc1ccc(-c2ccc(C#Cc3ccc(-c4nc(C#N)c(-c5nc(C#N)cnc5C#N)cc4C#N)nn3)cc2)cc1,19.53
N#Cc1ccc(C(=O)N2CCN(c3nc(N)c(C#N)c(-c4ccc(Br)cc4)c3C#N)CC2)cc1,19.24
Cc1cc(C#N)c(Cl)cc1-c1nc(Nc2ccc(C#N)cc2)nc(-c2nc(-c3ccc(F)cc3)nc(-c3cccc(-c4ccc(F)cn4)c3C#N)n2)c1C#N,23.94
C=C(C)c1nc(C(C#N)=c2ccc(=C(C#N)C#N)cc2)nc(C(c2ccc(C#N)cc2)c2ccc(C#N)cc2)n1,16.8
N#Cc1ccc(-c2cc3c(c(C#N)n2)c2ccccc2n3CC=CCO)cc1,21.81
N#Cc1ccc(-c2ncc(-c3cnc(-c4cnc(C#N)nc4)cn3)nc2C#N)cc1,12.82
COc1cc(C#N)ccc1C(=O)N1CCc2nc(-c3ccc(C#N)cc3)nc(-c3ccc(C#N)cc3)c2C1,28.04
N#Cc1ccc(-c2cc(-c3ccc(C#N)cn3)c(C#N)c(-c3cc(C#N)nc(-c4ccc(-c5ccc(C#N)cn5)nc4)n3)c2)nc1,12.95
CN(C)CCn1cnc2c(C#N)nc(-c3cc(C#N)cc(-c4ccc(C#N)nc4)c3)cc21,13.06
N#Cc1ccc(-c2nc(-c3ccc(C#N)nc3)c(C#N)c(-c3ccc(C#N)nc3)n2)cn1,11.7
N#Cc1ccccc1CN1CCCC(NC(=O)c2nnccc2C#N)C1,26.05
Cc1cn(-c2ncc(-c3cnc4c(C#N)nc(C(C#N)=c5ccc(=C(C#N)C#N)cc5)nc4c3)cn2)cn1,18.9
N#Cc1ccnc(-c2cccc(-c3nc(C#N)nc4cc(-c5nccc(C#N)n5)ccc34)c2)n1,22.09
N#Cc1ccc(-c2cc(-c3ccc(C#N)nc3)nc(-c3nc(C#N)cc(-c4ccc(C#N)cc4)c3C#N)n2)cc1,11.2
N#Cc1ncc(-c2ccc(-c3ccc(-c4ccncc4)cn3)nc2)nc1C#N,22.74
N#Cc1cccc(C=Cc2nc(C#N)c(Nc3ccc(C#N)c(C#N)c3)o2)c1,12.94
N#Cc1ccc(-c2nc(C#N)c(C#N)nc2-c2ccc(-c3cnc(C#N)nc3)cc2)cc1,13.14
N#Cc1cncc(-c2ccc(-c3cc(-c4ccccc4C#N)nc(C#N)n3)cc2C#N)c1,12.48
N#Cc1ccc(-c2ccc(-c3nc(-c4ccc(C#N)cc4)c(-c4ccc(-c5ccc(C#N)nc5)nc4)nc3C#N)cc2)cc1,17.56
N#Cc1ccc(-c2ccc(-c3ccc(-c4cccc(C#N)n4)cc3)o2)cc1,12.38
N#Cc1ccc(-c2nc(C#N)cnc2-c2ccc(C#N)c(Cl)c2)cc1,11.19
N#Cc1ccc(-c2ccc(-c3oc4ccc(-c5cccnc5)cc4c(=O)c3C#N)cc2)c(C#N)c1,26.3
Cc1cc(C#N)c(Cl)cc1-c1c(C#N)c(-c2nc(C#N)nc(-c3cc(F)c(C#N)c(F)c3F)n2)nn1CC#N,11.8
N#Cc1ccc(-c2nc(-n3cccn3)cn3cc(-c4ncc(F)c(=N)[nH]4)cc23)cn1,30.71
Cn1nc(-c2cc(C#N)cc(-c3ccc(C#N)cn3)c2C#N)nc1-c1ccc(-c2ccc(C#N)cc2)cc1,15.64
N#Cc1cc(-c2ccc(-c3cnc(C#N)c(C#N)n3)c(C#N)c2)nc(C#N)n1,11.7
N#Cc1ccc(N2CCCN(C(=O)CN3C(=O)SC(=Cc4ccc(-c5cccc(C#N)c5)cn4)C3=O)CC2)cc1,35.1
N#Cc1ccc(-c2cc(C#N)[nH]c(=N)n2)c(C2=CCN(C=O)CC2)c1,22.29
N#Cc1cc(C#N)cc(-c2ccc(Cn3cnc4c(C#N)nc(-c5ccc(-c6cccc(C#N)n6)cc5)cc43)cn2)c1,16.1
Cc1ccc(-c2nsc(-c3nc(-c4ccc(C#N)nc4)cc(-c4cccc(C#N)c4)n3)c2C#N)c(C)c1,17.72
N#CC=Cc1cc(-c2cnc(C#N)nc2)cc(-c2ccc(-c3cccc(C#N)n3)cc2)n1,12.63
Cc1nccc(-c2cccnc2)c1-c1ccc(-c2nccc(C#N)n2)c(F)c1,21.27
N#Cc1ccc(-c2cc(-c3csc(C#N)n3)cc(-c3ccncc3)n2)cn1,22.67
N#Cc1ccc(-c2ncc(-c3cc4[nH]cnc4c(C#N)n3)cc2C#N)cn1,11.15
N#Cc1ccc(-c2cc(C#N)nc(-c3nc(C#N)nc(-c4ccc(-c5cnc(C#N)nc5)cc4)n3)c2C#N)cc1,14.64
N#Cc1ccc(C#Cc2nc(C3CC3)nc(C#N)c2-c2ccc(-c3ccnc(C#N)n3)cc2C#N)cc1,17.64
Cc1cc(-c2cc(C(=O)NCc3ncc(F)cc3C#N)n(-c3ccc(-c4cccc(C#N)c4)cn3)n2)ccc1Cl,27.69
N#Cc1ccc(-c2ccc(-c3ccc(C#N)cc3C#N)cn2)cc1,14.37
N#Cc1ccc(-c2cc(-c3ccc(N)c(N)c3)ccn2)cc1,16.99
Cc1cccc(C#N)c1-c1nc(-c2ccc(OC3CCOC3)c(C#N)c2)nc(-c2ccc(C3CCC3)c(C#N)c2)n1,23.83
COc1cc(C#N)ccc1-c1cc(C#N)nc(-c2ccc(Oc3ccc(C#N)cc3)c(C#N)c2)n1,21.88
N#CNc1nc(Nc2ccc3ccn(-c4ccc(-c5ccc(C#N)cc5)cc4)c3c2)cc(C(F)(F)F)n1,31.43
Cc1cc(C#N)c(Cl)cc1-c1c(C#N)c(-c2nc(C#N)nc(-c3ccc(C#N)cn3)n2)nn1Cc1ccc(C#N)cc1,16.85
N#Cc1ccc(-c2cc(C#N)c(-c3ccc(-c4ccc(C#N)cc4)c(C#N)c3)nn2)cc1,14.72
N#Cc1cccc(Nc2ccc3c(c2)C(=O)c2ccc(N)cc2C3=O)c1,11.95
N#Cc1ccc(-c2cc(-c3ccc(C#N)nc3)nc(-c3ccc(-c4ccc(C#N)nc4)c(C#N)n3)c2C#N)nc1,19.04
N#Cc1cc(-c2cc3c(ncn3Cc3cnc(C#N)nc3)c(C#N)n2)ccn1,12.48
N#Cc1cccc(-c2oc3cc(C#N)ccc3c2C#CCOC2OC(CO)C(O)C(O)C2O)c1,33.64
N#Cc1ccc(-c2ccc(-c3nc(-c4cccc(C#N)n4)cc(-c4cccc5ccccc45)n3)s2)cc1,19.51
N#Cc1ccc(-c2cc(-c3ccc(-c4ccc(-c5cnc(C#N)c(C#N)n5)c(C#N)n4)cc3)cc(F)n2)nc1,20.43
N#Cc1cccc(-c2ccc(-c3ncc(N)c(C#N)n3)nc2C#N)n1,11.02
N#Cc1cc(-c2cncc(C#N)n2)cc(-c2cc3c(ncn3CC3CCN(C#N)CC3)c(C#N)n2)c1,14.67
N#Cc1cnc(-c2cc(-c3cccc(C#N)n3)cc(-c3cccc(C#N)n3)c2)nc1,11.18
CC1CCN(C=Nc2nc(N=CN3CCN(C=O)CC3)nc(-n3ccc(C#N)c3)n2)CC1,20.86
N#Cc1ccc(NC(=O)c2ccc(-n3cc(-c4ccc(-c5ccc(C#N)cc5)cc4)c(-c4ccc(C#N)cc4)n3)cc2)cc1,17.36
N#Cc1ccc(Cn2cnc(-c3ccc(N=Cc4c(-c5ccc(C#N)cc5)nc(-c5ccc(C#N)cc5)c(C#N)c4O)nc3)n2)cc1,23.45
N#Cc1ccc(-c2cccc(-c3ccc(-n4nc5ccc(N)cc5c4C#N)cc3)c2)cc1,22.75
N#Cc1ccc(-c2ccc(-c3cc(-c4ccc(C#N)cc4)nc(-c4ccc(C#N)cc4)n3)nc2)cc1,13.32
N#Cc1ccc(C=NNc2ccc(C#N)cc2)cc1,12.92
N#Cc1ccc(-c2ccc(-c3cc4c(ncn4Cc4ccncc4)c(C#N)n3)cc2)cn1,12.33
N#Cc1ccc(CCn2cc(Cl)c3c(C#N)nc(-c4ccc(-c5ccc(C#N)cn5)cc4)nc32)cc1,23.86
N#Cc1ccc(-c2ccc(-c3ncc(C#N)nc3-c3ccc(-c4cnc(C#N)cn4)cc3)nc2)nc1,15.61
Cc1nc(-c2cnc(OC3COC(CO)C(O)C3)c(C#N)c2)nc(-c2cc(C#N)cc(C=CC#N)n2)n1,18.44
N#Cc1cccc(-c2cc(-c3cccc4ccccc34)cc(-c3cnc(C#N)nc3)n2)n1,21.67
N#Cc1cccc(-c2ccc(-c3cc(-c4ccncc4)nc(-c4cnc(C#N)nc4)n3)cc2)n1,11.52
COc1ncc(C#N)cc1-c1nc(C#N)ccc1CN1CCN(c2ccc(C(F)(F)F)cn2)CC1,35.77
N#Cc1ccc(C#Cc2ccc(C#Cc3ccc(-c4ccc(C#N)cn4)cc3)cc2)cc1,17.35
N#Cc1ccccc1-c1ccc(-c2nc(-c3ccc(-c4ncncn4)c(F)c3F)nc(-c3cnccn3)c2C#N)cc1,29.38
N#Cc1ccc(Oc2ccc3nc(-c4cnc(-c5ccc(-c6ccc(C#N)cc6)cc5)c(-c5ccc(C#N)cc5)n4)c(C#N)nc3c2)cc1,21.12
N#Cc1ccc(-c2cc(-c3ccc(C#N)nc3)cc(-c3ncc(C#N)c(-c4ccc(C#N)cc4)n3)n2)cc1,14.47
N#Cc1ccc(-c2ccc(-c3nc4ccccc4nc3-c3ccc(C#N)cc3)cc2)cc1,14.06
Cc1cc(-c2ccc(-c3cccc(C#N)n3)c(C#N)n2)cc(-c2ccc(C#N)nc2C)n1,19.83
N#Cc1ccc(C(=C2C=C(C#Cc3cncc(C#N)n3)c3ccccc3C2(C#N)c2ccc(C#N)cc2)c2ccc3cnccc3c2)cc1,37.62
Cc1nc(-c2cccc(C#N)n2)c(C#N)nc1-c1cc(-c2ccc(C#N)cn2)nc(C=CC#N)n1,15.44
N#Cc1ccc(-c2ccc(-c3ccc(-c4ccc(C#N)cc4)c(-c4ccc(C#N)cc4)c3)cc2)cc1,14.37
Cc1ccc(-c2nc(C#N)c(-c3ccc(C#N)cc3)n2N=Cc2ccc(-c3cccc(C#N)n3)cc2)cn1,22.29
N#Cc1ccc(C(=O)c2nnn(C=Cc3ccc(F)c(F)c3)c2-c2ccccc2Cl)cc1,33.14
N#Cc1ccc(-c2nc(-c3cnc(=O)n(CCN)c3)nc(C#N)c2-c2ccc(C#N)cc2)cc1,26.53
N#Cc1ccc(-c2ccc(-c3cc(C#N)nn3-c3cccc(-c4ccc5cc(C#N)ccc5c4)c3)cc2)cc1,26.89
CC1COCCN1c1nc(-c2nc(-c3ccc(C#N)cc3)nc(-c3ccc(-c4ccc(C#N)cc4)c(C#N)c3)n2)ncc1C#N,14.01
N#Cc1cccc(-c2cc(-c3ccc(C#N)c(C#N)c3)c(C(=O)c3ccc(Cl)cc3)c(N)c2C#N)n1,20.62
N#Cc1ccc(Cn2cnc3c(C#N)nc(-c4ccc(C#N)c(NC(=O)c5cccc(C#N)c5)c4)cc32)cc1,20.61
N#Cc1ccc(-c2cc(-c3ccc(-c4cnc(C#N)nc4)c(C#N)c3)nc(-c3cc(C#N)cc(-c4ccc(C#N)cn4)c3C#N)n2)nc1,16.68
C=CC(C)=CC=CC(C)=CC=COc1cc2oc(-c3ccc(O)c(O)c3)c(OC)c(=O)c2c(O)c1C(=O)C=Cc1ccc(C#N)cc1,38.05
N#Cc1ccc(-c2ccc(-n3c(-c4ccc(C#N)cc4)c(-c4ccc(C#N)cc4)c4ccc(-c5cncc(C#N)n5)cc43)cc2)cc1,19.13
N#Cc1ccc(-c2ccc(-c3nc(CO)c(-c4ccc(-c5nc(-c6ccc(C#N)nc6)cc(-c6ccc(C#N)cc6)c5C#N)cn4)nc3C#N)cc2C#N)cc1,19.82
Cn1cc(-n2cccc2)nc1C(C#N)=c1sc2nc(-c3ccc(C#N)cc3)nn2c1=O,24.63
N#Cc1ccc(-c2nc(-c3ccc(F)c(C#N)c3F)nc(-c3cc(C#N)cc(-c4ccc(C#N)cc4)c3C#N)n2)cc1,15.9
N#Cc1ccc(-c2cnc(-c3ccc(-c4c(C#N)ncnc4-c4ccc(C#N)nc4Cl)cc3)cn2)cc1,23.75
N#Cc1ccc(-c2ccc(-c3nc(C#N)c(-c4ccc(-c5ccc(C#N)cc5)nn4)nc3C#N)cc2)cc1,14.61
Cc1cc(C#N)ccc1-c1nc(N2CCC(C(N)=O)CC2)nc(-c2nc(-c3ccc(N(O)C=O)cc3)nc(-c3ccc(C#N)nc3)n2)c1C#N,30.95
Cc1nc(C#N)nc(-c2ccc(-c3ccc(C#N)cc3)cc2)c1C#Cc1ccc(-c2cncc(C#N)n2)cc1,15.42
N#CC(C#N)=c1ccc(=C(C#N)c2nc(C(=O)c3ccc(C#N)cc3)nc(C(C#N)(C#N)c3ccc(-c4ccc(C#N)cc4)cc3)n2)cc1,18.24
N#Cc1ccc(CNC(=O)c2cc(-c3ccc(-c4ccc(C#N)nc4)c4cc(C#N)ccc34)ccn2)cc1,26.39
N#Cc1ccc2c(c1)nc(C#N)c(C#N)[n+]2[O-],15.08
N#Cc1cccc(-c2nc(-c3ccc(OC4CCC(C(=O)O)CC4)c(C#N)c3)nc(-c3cccc(C#N)n3)n2)c1,13.75
N#Cc1nc(-c2ccc(C#N)c3ccccc23)nc(-c2ccc(C#N)c3cc(-c4ncncn4)ccc23)n1,12.0
N#Cc1ccc(-c2cc(-c3ccc(C#N)cn3)cc(-c3ccc(C#N)nc3)c2C#N)cc1,12.13
N#Cc1ccc(Cn2cnc3c(C#N)nc(-c4cccc(-n5cccn5)c4)cc32)cn1,16.31
N#Cc1cncc(-c2ccc(-c3cc4c(ncn4CC(N)C(=O)O)c(C#N)n3)cc2)n1,17.08
N#Cc1ccc(-c2ccc(-c3ccc(-c4ccc(-c5ccc(N)c(N)c5)cc4-c4ccc(C#N)nc4)cc3)nc2)cc1,25.76
N#Cc1ccc(-c2nc3sccn3c2-c2ccc(N)cc2)cc1,22.33
N#CC(C#N)=c1ccc(=C(C#N)c2nc(-c3nccs3)c3cc(C#N)ccc3n2)cc1,22.08
N#Cc1ccc(-c2ncc(C#N)nc2-c2cc(C#Cc3ccc(C#N)cn3)nc(C#N)n2)cc1,22.85
N#Cc1ccc(-c2ccc(C=Cc3cnoc3C#N)cc2)cc1,19.25
N#Cc1ccc(-c2cc(C#N)c(C#N)c(-c3cccc(C#N)n3)c2)nc1,12.47
N#Cc1ccc(-c2cc(N=Cc3ccccc3)c(C#N)c(-c3ccccc3)c2)cc1,23.06
N#Cc1cc(-c2ccc(C=Cc3nc(C#N)c(Nc4ccc(C#N)c(C(F)(F)F)c4)o3)cc2)ccn1,12.26
N#Cc1ccc(-c2cnc(C#N)c(Oc3ccc(-c4cccc(C#N)n4)cc3)n2)cn1,14.22
Cc1cc(C)cc(NC(=O)C(C)n2c(=O)c(-c3ccccc3)nc3ccccc32)c1,29.03
N#Cc1ccc(CN2CCC(c3nc(-c4ccc(C#N)nc4)nc(-c4cccc(C#N)c4)n3)CC2)cc1,19.34
N#Cc1ccc(-c2ccc(-c3ccc(C#N)nc3-c3nccc(C#N)n3)cc2)nc1,8.74
N#Cc1ccc(-c2nc(C#N)c(C#N)nc2-c2ccc(-c3cccc(C#N)c3)c(C#N)c2)cc1,13.11
N#Cc1ccc(-c2ccc(-c3nc(-c4ccc(C#N)nc4)nn3-c3ccc(-c4ccc(C#N)cc4)cc3)cc2)cc1,11.92
N#Cc1ccc(-c2ccc(-c3nc4cc(-c5ccc(C#N)cn5)ccc4[nH]3)nc2C#N)cc1,20.2
N#Cc1ccc(-c2cc(-c3ccc(-c4ccc(-c5cccc(C#N)n5)c(C#N)n4)cc3)ccc2C#N)nc1,12.24
N#Cc1ccc(-c2ncc(-c3ccc(NC(c4ccc(C#N)c(F)c4)c4cccc(-c5ccc(C#N)nc5)n4)cc3)cc2C#N)nc1,25.2
N#Cc1ccc(-c2ccc(-c3cc(-c4ccccc4N)nc(-c4ccc(F)cc4)n3)cc2)cc1,25.23
N#Cc1ccc(-c2cn(-c3ccc(-c4nc(C#N)c(-c5ccncc5)nc4-c4ccc(C#N)cc4)cc3)cc2C#N)cc1,21.22
N#Cc1ccc(N=Cc2c(O)n(Cc3ccc(-c4ccccc4-c4cccc(C#N)n4)cc3)c3ccc(C#N)cc23)cc1,16.83
N#Cc1cccc(Nc2cc(-c3cccc(C#N)n3)nc(-c3ccc(-c4cnc(C#N)nn4)cc3)c2C#N)c1,23.32
COCc1c(-c2ccc(-c3cc(C#N)c(C#N)cn3)cc2)ccc(Nc2ccc3ccn(-c4ccc(-c5ccc(-c6cccc(C#N)n6)cc5)cc4)c3c2)c1C#N,35.84
Cc1c(Cc2ccc(-c3ccccc3-c3nc(=O)o[nH]3)cc2)c(C(=O)OCc2ccccc2C#N)nn1-c1ccc(C#N)cc1,28.17
N#Cc1ccc(-c2nc(-c3ccc(C#N)cn3)nc(-c3cncc(-c4ccc(C#N)cc4)c3C#N)n2)cc1,13.2
Cn1c(-c2cc(C#N)ccc2N=Nc2ccc(C#N)cc2)nc2ccccc2c1=O,24.13
N#CC(C#N)=c1ccc(=C(C#N)c2nc(C#N)c3cc(N)ccc3n2)cc1,9.48
N#Cc1ncc(-c2ccc(-c3nc(C#N)nc4nc(-c5cnc(=N)[nH]c5)cc(N5CCC5)c34)cc2)cn1,28.4
N#Cc1ccc(-c2ncc(-c3ccc(C#N)nc3)nc2-c2ccc(C#N)nc2)cc1,17.55
N#Cc1ccc(Nc2cc(Cl)c(C#N)c(Cl)c2C#N)cc1,13.35
N#Cc1ccc(-c2ccc(-c3nc(-c4nc(C5CC5)nc(-c5ccc(C#N)cc5)c4C#N)cc(C4CCOCC4)n3)cc2)cc1,21.26
N#Cc1cc(C#N)cc(-c2cc3c(ncn3Cc3cc4ncc(C#N)cn4n3)c(C#N)n2)c1,15.11
N#Cc1cccc(-c2ncc(-c3nnc(C#N)c(C#N)n3)nc2C#N)n1,10.43
N#Cc1ccc(-c2ccc(-c3nnc(-c4cccc(C#N)c4)n3-c3ccc(-c4cccc(C#N)n4)cc3)cn2)nc1,24.09
N#Cc1cc(-c2ccc3c(c2)nnn3-c2cccc(-c3ccc(-c4cccc(C#N)n4)cn3)c2)ccn1,26.77
NC(N)=c1ccc2nc3cc(F)ccc3c(=C(c3ccc(O)cc3)c3ccc(O)cc3)c2c1,27.97
N#Cc1ccc(-c2ccc(-c3nc(C#N)c(-c4ccc(-c5cncc(C#N)c5)cc4C#N)nc3C#N)nc2)nc1,20.57
N#Cc1ccc(-c2cc(-c3ncncn3)c3ccc(-c4cnc(C#N)c(C#N)n4)cc3n2)nc1,14.31
N#CC(C#N)=C1C(=Cc2cccc(C#N)c2)C(=O)C(Nc2ccc(-c3ccc(-c4cccc(-c5ccc(C#N)cc5)n4)cc3)cc2)C(C=O)=C1O,17.03
COc1nc(-c2cccc(C#N)n2)cc(-c2cc(C#N)c(Oc3ccccc3)c(Cl)n2)n1,31.92
N#Cc1ccc(-c2ccc(C#Cc3ncc(C#N)nc3-c3cccc(C#N)c3)cc2)nc1,10.27
N#Cc1ccc(-c2ccc(-c3cc(-c4noc(C#N)n4)cnc3C#N)cn2)cn1,22.93
N#CC=Cc1cccc(-c2nc(N3CCC(C#N)C3)nc(-c3ccc(C#N)cc3)c2C#N)n1,18.45
Cc1cnc(C#N)nc1-c1cccc(NCc2cc(-c3ccc(C#N)nc3)cc(-c3ccccn3)c2)c1,24.63
N#Cc1ccc(-c2cc(-c3ccc(C#N)nc3)nc(-c3ncccn3)c2)cn1,14.48
N#Cc1ccc(-c2cnc(-c3nc(-c4ccc(C#N)nc4)cc(-c4cnc(C#N)cn4)n3)cn2)cn1,20.13
N#Cc1ccc(-c2nc(C#N)cnc2C#Cc2ccc(-c3c[nH]c(=N)cn3)cc2)cc1,13.42
N#Cc1ccc(-c2nc(=N)c(C#N)n[nH]2)nc1,11.07
N#Cc1ccc(-c2cc(-c3ccc(C#N)cn3)nc(-c3ccc(Cl)cc3)c2C#N)cc1,16.45
N#Cc1ccc(-c2ccc(-c3nc(-c4cccc(C#N)c4)nc(-c4ccccc4C#N)n3)cc2)cc1,11.0
N#Cc1ccc(C(=O)Cn2cnc3c(C#N)nc(-c4ccnc(C#N)c4)cc32)cc1,14.09
N#Cc1ccc(-c2cc(-c3ccc(C#N)nc3)nc(-c3ccc(C#N)nc3)n2)cn1,12.75
N#Cc1cnc(-c2nc(-c3ccc(OCC4CC4)c(C#N)c3)nc(-c3cccc(C#N)n3)n2)cn1,14.28
N#Cc1ccc(Nc2cc(-c3cnc(C#N)c(C#N)n3)nc(Nc3ccc(Br)s3)n2)cc1Cl,13.35
N#Cc1ccc(-c2ccc(-c3nnc(C#N)c(-c4ccc(-c5cncc(C#N)c5)cc4)c3C#N)cc2)cc1,14.39
N#Cc1ccc(-c2ccc(Cl)c(C(=O)Nc3ccc(C#N)c(C#N)c3)n2)cn1,19.66
N#CCn1nnc(CCn2cnc3c(C#N)nc(-c4cc(C#N)cc(C#N)c4)cc32)n1,18.05
CCc1nc(-c2nc(C#N)nc(-c3ccc(-c4ccc(C#N)cn4)cc3C)n2)c(C#N)c(-c2ccc(C)cc2C)n1,16.19
N#Cc1ccc(-c2cc(-c3ccc(N=Cc4c(-c5ccc(C#N)cc5)nc(-c5ccc(C#N)cc5)c(C#N)c4O)nc3)nc(-c3ccc(C#N)cc3F)n2)cc1,11.66
N#Cc1cccc(-c2ccc(-c3nc(-c4c(F)cccc4C#N)nc(-c4ccc(C#N)cc4C#N)c3C#N)cc2)c1,13.7
N#CC(C#N)=c1ccc(=C(C#N)c2nccc(C(c3ccc(C#N)cc3)n3ccnc3)n2)cc1,11.1
N#Cc1ccc(-n2ncc3c2CCN(c2ccc(-c4ccc(-c5ccc(-c6ccc(C#N)cn6)cn5)c(C#N)n4)cn2)C3)cc1,26.65
N#Cc1ccc(-c2ccc(-c3nnc(-c4ccc(-c5cnc(C#N)nc5)nc4)s3)cc2C#N)cc1,16.23
N#Cc1ccc(-c2ccc(-c3ncc(N)c(C#N)n3)cc2C#N)cn1,11.83
Cc1nc(-c2ccc(-c3ccc(C#N)cn3)cc2)c(-c2ccc(-c3cccc(C#N)n3)cc2)cc1-c1ccc(C#N)cc1,17.13
N#Cc1ccc(OCc2ccc(F)cc2)c(-c2ccc(-c3cncc(C#N)n3)cc2)c1,19.0
N#Cc1cccc(-c2cnc3ccc(-c4cn(-c5ccc(C#N)c(F)c5)cn4)cc3n2)c1,25.96
CC(C)n1[nH]c(-c2ccc(C#N)nc2)cc1=Nc1nc(-c2ccc(C#N)cc2)cc(-c2ccc(C#N)nc2)n1,27.68
N#Cc1cc(C#Cc2cc(-c3ccnnc3)c(-c3cnc(C#N)c(C#N)n3)cc2C#N)cc(-c2ccc(C#N)nc2)c1,29.51
N#Cc1ccc(-c2ccc(-c3cc(-c4ccc(C#N)nc4)c(C#N)c(-c4ccc(C#N)nc4)n3)cn2)nc1,14.69
CC1(C)C(=O)N(c2ccc(C#N)cc2)N(c2nc(C#N)cc(-c3ccccc3C#N)n2)C(C(=O)O)=C1C(=O)O,46.07
N#Cc1cc(OCc2cc(-c3ccc(C#N)nc3)ccn2)c2c(C#N)nc(-c3cnc(C#N)nc3)cc2c1,21.77
N#Cc1ccc(-c2cc(-c3ccc(C#N)cn3)cc(-n3ccnn3)c2C#N)cc1,17.61
N#Cc1nc(-c2ccc(F)cc2F)cc2c1ncn2CC1CCCC1,19.65
N#Cc1ccn(-c2ccc(-c3nc(C#N)c4cccnc4c3O)cn2)c1,21.1
N#Cc1ccc(-c2nc(-c3ccc(-c4ccc(C#N)nc4)cc3)nc(C#N)c3ncnc2-3)cc1,12.28
N#Cc1ncc(-c2ccnc(-c3ccnc4ccc(-c5ccncc5)cc34)c2)cn1,24.1
Cc1cc(OCc2nc(-c3ccc(C#N)cc3)c(-c3ccc(F)cn3)c(-c3ccc(C#N)cc3)n2)ccc1OCC(=O)O,19.55
N#Cc1ccc(-c2cc(-c3ccc(C#N)cc3)nc(-c3ccc(Nc4ncnc5cc(C#N)ccc45)cc3)c2)cc1,15.7
N#Cc1ccc(-c2cc(-c3cccc(C#N)n3)nc(-n3ccc4cccnc43)n2)cn1,14.7
Cn1cc(-c2ccc(-c3nc(-c4nccs4)nc4c3cnn4-c3ccc(C#N)cc3C#N)cn2)[nH]c1=O,30.78
N#Cc1ccc(-c2nc(C#N)ccc2C#Cc2ccc(-c3c[nH]c(=N)cn3)c(F)c2)cn1,22.56
N#Cc1ccc(-c2ccc(C#Cc3ccc(-c4nc(C#N)ccc4-c4ccc(C#N)cc4)cn3)cc2-c2ccc(C#N)cc2)cc1,19.42
N#Cc1cnc(C#N)c(-c2ccc(-c3ccc(-c4nc(C#N)cc5cc(-c6ncncn6)ccc45)nc3)cc2)n1,23.63
N#Cc1ccc(C(=O)N=c2[nH]c(C#N)c(-c3cnc(N)c(C#N)n3)s2)c(-c2ccc(F)cc2)n1,28.78
COC(=O)c1nc(C(C#N)=c2ccc(=C(C#N)C#N)cc2)nnc1C=O,13.24
N#Cc1ccc(-c2cc(-c3ccc(-c4ccc(C#N)nc4C#N)c(F)c3)cc(-c3cnc(C#N)c(C#N)n3)n2)cn1,17.29
N#Cc1ccc(C=Nc2cc(-c3ccc(C#N)cc3)cc3c(-c4cnc(C#N)c(C#N)n4)nc(C#N)nc23)cc1,27.15
N#Cc1ccc(-c2ccc(-c3nc(-c4ccc(C#N)c(F)c4)nc(-c4cccc(C#N)n4)n3)cc2C#N)cc1,14.01
N#Cc1ccc(-c2ncc(-c3cc(-c4cnc(C#N)nc4)cc(-c4ncc(C#N)cc4Cl)n3)cn2)cc1,18.31
CCOC(=O)c1cc(-c2ccoc2)nc2cc(-c3ccc(C#N)nc3)nc(-c3cncc(C#N)c3)c12,33.78
COc1ccc(C(c2ccc(C#N)cc2)c2ccc(C#N)cc2)cn1,17.02
N#Cc1ccc(-c2cccc(-c3nc(-c4cnc5cc(F)ccc5c4)nc(-c4cccc(-c5ccc(C#N)cc5C(F)(F)F)c4C#N)n3)c2C#N)cc1,25.65
N#CC(C#N)=c1ccc(=C(C#N)c2nc(-c3ccc(-c4ccc(C#N)nc4)c(C#N)n3)nc(C3CCN(C=O)CC3)n2)cc1,21.03
Cc1nc(-c2ccccc2C#N)c2ccc(C#Cc3cncnc3)cc2c1C#N,28.74
N#Cc1cccc(-c2ccc(-c3nc(N4CCOCC4)c4ccc(-c5cccc(C#N)n5)cc4n3)cc2)c1,15.13
CC(=O)Nc1ccc(-c2cnc(-c3ccc(-c4ccc(C#N)cc4)cc3)c(-c3ccc(C#N)cc3)n2)cc1,16.01
N#Cc1ccc(-c2ccc(C#Cc3cc(C#N)ccc3-c3cc(-c4ccc(C#N)cc4C#N)c(C#N)c(-c4nc(C#N)nc(-c5ccc(C#N)cc5F)n4)n3)cc2)nc1,29.2
N#Cc1cccc(-c2nc(-c3cccc(-c4ccncc4)c3)nc(-c3ccc(C#N)c(F)c3F)n2)n1,18.33
N#Cc1ccc(-c2cc(-c3ccc(N)c(N)c3)nc3nc(C#N)c(C#N)nc23)c(F)c1,24.21
N#CCn1cc(-c2ccc(-c3cc4c(ncn4CC4CCCO4)c(C#N)n3)cc2)cn1,13.14
Cn1c(-c2ccc(C=Nc3ccc(-c4ccc(-c5ccc(C#N)cc5)cc4)cc3)cc2)nc(C#N)c1N,12.32
N#Cc1ccc(-c2cc3c(C#N)nc(-c4cccc(C#N)c4)nc3c3nc(-c4ccc(N=Cc5ccnc(C#N)c5)nc4)ccc23)cc1,28.81
COc1ccc(C=Nc2ccc(-c3ccc(C#N)cc3F)cc2C#N)c(C)c1,26.23
N#CC(=C(c1ccc(N)cc1)c1ccc(O)cc1)c1nccc(-c2ccc(C#N)cc2)n1,21.76
N#Cc1ccc(-c2cc(C#N)n(-c3ccc(-c4nc5cc(C#N)ccc5o4)cc3)c2-c2ccc(C#N)cc2)cc1,20.92
CC(C#N)(C#N)c1nc(=Nc2ccc(-c3cccc(C#N)n3)cn2)[nH]cc1C#N,21.63
N#Cc1ccc(-c2ncc(-c3nc(C#N)nc(-c4ccc(C#N)c(F)c4)n3)nc2C#N)cc1,13.96
N#Cc1ccc(Cn2nc(-c3ccc(-c4cccc(C#N)c4)cc3)nc2-c2ccc(C#N)nc2)cc1,14.73
N#Cc1ccc(C#N)c(-c2cc(-c3ccc(-c4cnc(C#N)nc4)c(F)c3)nc(C#N)n2)c1,11.97
N#Cc1ccc(-c2ccc(-c3nccc(-c4cn(-c5ccc(C#N)cc5)nn4)n3)cc2C#N)cc1,22.33
N#Cc1ccc(-c2cc(C#N)c(N=Cc3c(O)c(C=O)c(O)c(C=O)c3O)nc2C#N)cc1,12.24
Cn1ccc(-c2ccc(-n3c(Sc4ccc(C#N)c(C#N)c4)c(-c4ccc(C#N)cc4)c(C#N)c3-c3ccc(C#N)cc3)nc2)cc1=O,29.08
CN(C)C1CCc2cc(Nc3nc(Nc4ccc5c(c4)C(=O)c4ccc(N)cc4C5=O)nc(Nc4ccc5c(c4)C(=O)c4ccc(N)cc4C5=O)n3)ccc21,19.39
N#Cc1ccc(-c2cc(C#Cc3ccc(-c4ccc(C#N)nc4)cn3)ccc2C#N)cc1,13.56
CCNC(=O)c1ccncc1-c1cccc(-c2nc(-c3ccc(C#N)cc3)cc(-c3ccc(C#N)cn3)n2)c1C#N,27.31
N#Cc1ccc(-c2ccc(C#Cc3cc(-c4ccc(-c5ccc(C#N)cc5)cc4)nc(-c4ccc(C#N)cc4)n3)cc2)cc1,11.92
N#Cc1ccc(-c2cccc(CNc3cccc(-c4ccc(C#N)c(-c5ccc(C#N)cn5)n4)c3)n2)cc1,23.43
COc1ccc(-c2ccc(-n3c(-c4ccc(C#N)cc4)c(C#N)c(-c4ncccn4)nc3=O)cc2)cc1C#N,21.29
N#Cc1cnc(-c2nc(C#N)cc(-c3cccc(-c4ccccc4C#N)n3)c2C#N)c(O)c1,23.26
C=c1[nH]c(=Cc2cc(C)n(-c3cccc(C#N)c3)c2C)c(O)c1C(=O)OC,20.89
N#Cc1cn(-c2ccc(Cn3cnc4c(C#N)nc(-c5cccc(C#N)n5)cc43)cc2)cn1,16.47
N#Cc1ccc(-c2cc(-c3cccc4ccccc34)nc(-c3ccc(-c4ccc(C#N)cc4)nc3-c3ccc(C#N)cc3)n2)cc1,18.41
Cc1ccc(CNC(=O)Cc2ccc(-c3cnc(C#N)nc3)cc2C#Cc2ccc(-c3nc(C#N)cc(-c4ccc(C#N)nc4)n3)cc2)cc1,31.81
N#Cc1ccc(-c2cc(C#N)nc(-c3nc(C#N)nc4cc(-c5cnc(C#N)nc5)ccc34)n2)c(C#N)c1,18.92
Cc1cc(C#N)ccc1-c1cccc(-c2nc(C#N)cc(-c3ccc(-c4cc(F)cc(-c5ccncc5)c4)cc3)n2)c1C#N,22.4
N#Cc1cccc(CN=c2cncc(-c3cc(-c4cnc(C#N)nc4)cc(C4(C(F)F)N=C(N)OC5CC54)c3)cn2)c1,35.02
N#Cc1ccc(-c2ccc(-c3nc(C#N)nc(-c4ccc(C#N)cc4)n3)cn2)cc1,11.94
CSc1ccc(-c2ccc(C=C(C#N)c3nc(C(=O)Nc4ccc(C#N)c(C#N)n4)nc(C(C#N)=c4ccc(=C(C#N)C#N)cc4)n3)o2)cc1,27.69
N#Cc1ccc(-c2nc(C#N)nc3cc(-c4cnc(C#N)nc4)ccc23)cn1,15.94
N#Cc1ccc(-c2ccc(-c3nc(C#N)c(-c4ccnc(C#N)n4)nc3C#N)nc2C#N)cc1,12.9
N#Cc1ccnc(-c2ccc(C(=O)N3CCC(C#N)CC3)c(F)c2)n1,16.33
N#Cc1ccc(-c2ccc(Oc3nc(-c4ccc(C#N)cc4)cc(-c4ccc(C#N)cc4)c3C#N)cc2)cc1,17.2
N#Cc1ccc(-c2ccc(C#CC#Cc3ccc(-c4cccc(C#N)n4)nc3)nc2)cn1,19.12
N#CC(=C1CC(c2ccc(C#N)cc2)=NC(C=O)=C1O)c1nccc(-c2ccc(-c3ccc(C#N)cc3)nc2)n1,23.09
N#Cc1ccc(-c2cn(Cc3cc(-c4ccc(C#N)nc4)nc(-c4ccc(C#N)cn4)n3)cc2C#N)cc1,21.56
N#CCCN(Cc1ccc(C#N)o1)c1ccc(-n2nc(-c3ccc(C#N)c(-c4ccc(C#N)nc4)c3)nc2-c2ccc(-c3ccc(C#N)cc3)cc2)cc1,36.84
N#Cc1cccc(-c2ccc(CNc3nc(-c4ccc(C#N)nc4)cc(-c4ccc(C#N)nc4)c3C#N)cn2)c1,21.13
N#Cc1ccc(-c2ccc(-c3cc(C#N)nc(N=CN4CCCC(N)C4)n3)nc2C#N)nc1,23.7
Cc1c(C(=O)CC#N)cc(C#N)n1-c1nccc(-c2ccc(-c3ccc(C#N)cc3)cc2)n1,22.32
N#Cc1ccc(-c2ncc(-c3cncc(C#N)n3)nc2-c2ccc(C#N)nc2)c(O)c1,22.34
N#Cc1ccc(-c2ccc3ncc(-c4cc(-c5ccc(C#N)nc5)nc(-c5cnc(-c6cnc(C#N)cn6)cn5)c4)n3c2)nc1,27.06
N#Cc1cccc(-c2ccc3ccc(-c4cccc(C#N)n4)cc3c2)n1,15.91
N#Cc1ccc(Cn2cc(-c3ccc(-c4cc5c(ncn5CC5CCNCC5)c(C#N)n4)cc3)nn2)cc1,14.49
N#Cc1ccc(-c2ccc(C(O)(C#Cc3cccc(C#N)n3)c3ccc(C#N)cc3)cc2)cc1,17.51
N#Cc1ccc(C#Cc2ccc(-c3ccc(C#N)nc3)nn2)nc1,11.04
Cc1nc(-c2ccc(C#N)nc2)c(C#N)nc1-c1nc(-c2cccc(C#N)n2)cs1,17.55
N#Cc1ccc(-c2ccc(-c3nc(C#N)c4ncn(CCC5CCN(C#N)C5)c4n3)cc2)cc1,19.79
N#Cc1ccc(C2C(c3cccnc3)C(=O)N2c2nc(-c3ccc(C#N)nc3)c(C#N)nc2-c2ccc(-c3cccc(C#N)c3)cc2)cc1,25.5
N#Cc1ccc(-c2cc(-c3c(F)c(F)c(F)c(F)c3C#N)ccc2C#N)cc1,16.36
N#Cc1ccc(-c2nc(C#N)c(-c3ccc(-c4cc(-c5cccc(C#N)n5)cc(C#N)n4)cn3)nc2C#N)c(C#N)c1,15.07
N#Cc1ccc(C=Nc2nc(N=Cc3ccccn3)nc(-c3ccc(C#N)nc3)n2)cc1,13.9
N#Cc1ccc(C(C#N)(c2ccc(C#N)cc2)c2nc(-c3cnc(OCc4cccc(C#N)c4)c(C#N)c3)ccc2-c2ccc(-c3ccc(C#N)nc3)nc2C#N)cc1,30.19
N#Cc1ncc(-c2ccc(-c3ccc(-c4ccc(-n5cnc(-c6ccncc6)c5)cc4)cn3)cc2)nc1C#N,21.81
N#Cc1ccc(-c2ccc(C#Cc3ccc(-c4ccc(-c5cncc(C#N)n5)cc4)cn3)cn2)cn1,15.3
N#Cc1cc(F)cc(-c2cc(-c3nc(C#N)c(-c4ccccc4C#N)nc3N3CCC(N)(c4ccccc4)CC3)nc(C#N)n2)c1,27.97
N#CC(C#N)=c1ccc(=C(C#N)c2nc(-c3ccc(-c4ccc(C#N)cc4)cc3)cc(-c3ccc(C#N)nc3)n2)cc1,9.27
Cn1c(C2CC(Cn3cnc4c(C#N)nc(-c5ccc(-c6ccc(C#N)nc6)cc5)cc43)N(C#N)C2)nc(C#N)c1C#N,22.63
N#Cc1ccc(C#Cc2ccc(C(O)(c3ccc(C#N)cc3)C(F)(F)F)cc2)cc1,21.68
N#Cc1ccc(-c2cc(-c3nc(-c4cccc(C#N)c4)nc(-c4cc(-c5cccnc5)nc(-c5ccc(C(F)(F)F)cc5C(F)(F)F)c4C#N)n3)ccc2C#N)cc1,21.04
N#Cc1ccc(-c2cc(-c3ccnc(-c4ccc(C#N)nc4)c3)nc(-c3ccc(N=Cc4cccc(C#N)c4)nc3)n2)cc1,14.87
N#Cc1ccc(-c2cc(-c3ccc(-c4cc(=O)c5ccc(N)cc5o4)cc3)nc(-c3ccc(C#N)nc3)n2)cc1,18.55
N#CCc1ncc(-c2ccnc(C(=O)Nc3ccc(-c4cc(-c5cncc(C#N)n5)cc(C#N)n4)cc3)c2)cc1Cl,31.25
N#Cc1ccc(C=Nc2ccc(Oc3ccc(Nc4ccc(C#N)cc4)c(C#N)c3)cc2)cc1,11.68
N#Cc1cncc(-c2ccc(-c3cc(N4CC(c5cnc(C#N)cn5)C4)nc(C#N)n3)cc2C#N)c1,16.77
Cc1ccc(-n2c3ccccc3c3ccccc32)cc1,12.32
CCn1c(C#N)ccc1-c1cc(-c2ccc(C#N)cc2)cc(-c2cccc(C#N)n2)c1,15.95
N#Cc1ccc(-c2cc(-c3ccncc3C=Nc3cccc(C#N)n3)ccc2C#N)cn1,27.37
CN1CCC(Cn2cnc3c(C#N)nc(-c4ccc(-c5ccc(C#N)cn5)cc4)cc32)CC1,10.95
N#Cc1ccc(C=Nc2nc(-c3ccc(C#N)cc3)cnc2C#N)cc1,11.94
Cn1nc(-c2ccc(-c3ccc(C#N)nc3)nc2)nc1-c1cc(-c2ccc(C#N)cn2)cc(-c2ccc(C#N)cc2)c1C#N,12.19
N#Cc1ccc(C#Cc2cc(NN=Cc3ccc(-c4cccc(C#N)c4)nn3)ccc2C#N)cc1,24.29
N#Cc1ccc(-c2cc(-c3ccc(-c4cccc(C#N)n4)cc3)cc(-n3cc(C#N)c4ccccc43)c2)cc1,19.32
COc1cc(-c2ccc(C#N)nc2)cc2c1nc(C)c1nnc(-c3ccc(-c4cccc(C#N)c4)cc3)n12,22.54
N#CC(=Cc1cn(-c2ccccc2)nc1-c1ccc(C#N)cc1)c1nc(C(C#N)=c2ccc(=C(C#N)C#N)cc2)nc(-c2ccc(C#N)cc2)n1,11.81
N#Cc1ccc(-c2cc(C#N)nc(-c3cccc(-c4ccc(-c5cnc(C#N)cn5)cc4)n3)c2C#N)nc1,17.88
N#Cc1ccc(-c2nc(-c3ccc(-c4ccc(C#N)cn4)nc3)cn3c(-c4ccc(C#N)cc4)cnc23)cc1,16.55
COc1cc2c(-c3cncc(C#N)n3)cc(C#N)nc2cc1OC1CCC1,21.34
COc1cc(-c2cc(-c3ccc(C#N)nc3)cc(C#N)n2)ccn1,18.94
C#CCOCCOCCOCCN1CCN(c2ccc(Nc3cc(-c4ccc(-c5ccc(C#N)cc5)cc4)nc(N=Cc4ccc(C#N)cc4)n3)cn2)CC1C,29.74
Cc1cc(C#N)c(Cl)cc1-c1nc(CC(=O)O)nc(-c2nc(C#N)cc(-c3cccc(C#N)c3)n2)c1C#N,16.62
Cn1c(NNc2ccccc2)cc(=O)n(C)c1=O,19.42
Cn1cc(-c2cc(-c3ncncn3)c(-c3ccc(-c4ccc(C#N)cn4)cc3)cc2C#N)nc1C#N,19.96
N#Cc1ccc(-c2cc(-c3nc(-c4ccc(-c5cnc(C#N)cn5)nc4)nc(-c4ccc(C#N)c(F)c4F)n3)c(C#N)c(-c3ccc(C#N)cc3C#N)c2)nc1,18.89
N#Cc1ccc2nc3cc(C#N)ccc3nc2c1,20.8
N#Cc1cccc(CCn2cnc3c(C#N)nc(-c4cncc(C#N)c4)cc32)c1,14.72
Cc1cc(C#N)c(Cl)cc1-c1nc(Nc2ccc3c(c2)C(=O)c2ccc(N)cc2C3=O)nc(-c2nc(C#N)cc(-c3c(F)c(F)c(C#N)c(F)c3F)n2)c1C#N,16.93
Cc1nc(-c2ccc(C#N)cn2)ccc1-c1cnc(-c2ccc(-c3ccc(C#N)cn3)cc2)c(-c2ccc(C#N)nc2)n1,14.83
CCc1nc(=N)nc(-c2ccc(C#Cc3cnc(C)nc3-c3ccc(Oc4ccc(C#N)c5ccccc45)c(C#N)c3)nc2)[nH]1,34.3
N#Cc1cncc(-c2cc3c(ncn3CC(O)C3CCN(Cc4cccc(C#N)n4)CC3)c(C#N)n2)c1,19.76
N#Cc1ccc(-c2cn3c(c2C#N)c(C#N)c(-c2ccc(C#N)cc2)c2ccccc23)cc1,19.64
N#Cc1cccc(-c2ccc(-c3ncc(C#N)cc3-c3cccc(-c4ccc(C#N)c(C#N)n4)n3)cc2)c1,16.45
N#Cc1ccc(-c2ccc(C(=O)Nc3ccc(-c4nc(C#N)c(-c5ccc(C#N)cc5)nc4C#N)cc3)cc2)cc1,16.49
N#Cc1ccc(N=c2nc(-c3ccc(C#N)nc3)nc(-c3ccncc3)[nH]2)cc1,14.56
Cc1cc(C(c2ccc(C#N)cc2)c2ccc(C#N)c(-c3ccccc3C)c2)c(C)c(C#N)n1,26.15
N#Cc1ccc(-c2cc(-c3cccc(C#N)n3)cc(-c3ccc(C#N)s3)n2)nc1,12.05
N#Cc1ccc(-c2ccc(C#N)nc2-c2ccc(C#Cc3ccc(-c4ccncc4)cc3)cc2)nc1,17.97
CC(C)c1cc(-c2ccc(C#N)cc2)c(C#N)c(-c2cccc(-c3ccc(-c4cnc(C#N)c(C#N)n4)cc3)n2)c1,19.43
N#Cc1ccc(-c2ccc(-n3c(C=O)c(C#N)c4ccccc43)cc2)cc1,10.83
Cn1nc(C#N)cc1-c1ccc(-c2c(C#N)nc(C3CC3)nc2-c2ccc(-c3cnco3)c(C#N)c2)cc1,23.98
N#Cc1ccc(-c2ccc(-c3nc(C#N)c(-c4ccc(C#N)c(C#N)c4)nc3N)cn2)nc1,11.01
N#Cc1ccc(-c2ccc(-c3nc(-c4ccc(C#N)nc4)ccc3-c3ncccn3)cc2)cn1,18.82
N=c1ncc(-c2ccc(C(=O)c3nc(-c4cc(NC(=O)c5ccc6ccccc6c5)ccc4F)nc(N4CCOCC4)n3)cn2)c[nH]1,34.5
N#Cc1ccc(-c2nnc(-c3ccc(C#N)cn3)cc2-c2ccncc2)cc1,14.68
N#Cc1ccc(-c2cc(C#N)nc(-c3ccc(C#N)c(C#N)c3)n2)cc1,13.36
N#Cc1cccc(C(=O)Nc2cc(Nc3ccc4c(c3)C(=O)c3ccc(N)cc3C4=O)ccc2O)c1,17.26
N#Cc1cccc(-c2cc3c(ncn3Cc3ccc(-c4ccccc4C#N)nn3)c(C#N)n2)c1,13.97
N#Cc1ccc(-c2ccc(-c3ccc(-c4cnc(C#N)c(C#N)n4)cc3)cn2)cn1,14.81
N#Cc1ccc(C2OC(CO)C(O)C(O)C2O)cc1,15.99
N#CC(c1ccccn1)=c1ccc(=C(C#N)C(=O)NCc2ccc(C#N)cc2)c(-c2ccc(C#N)cc2)c1C#N,23.19
N#Cc1ccc(Nc2nc(-c3ccc(C#N)cc3)c(C#N)c(-c3nc(-c4ccc(C#N)cc4)c(-c4ccc(C#N)nc4)nc3-c3ccc(C#N)cc3)n2)cc1,19.64
N#Cc1ccc(-c2ncc(-c3ccc(-c4cnc(C#N)c(C#N)n4)nc3OC(F)F)nc2C#N)cn1,21.0
N#Cc1ccc(-c2ncc(-c3ccc(-c4cc(-c5cccc(C#N)n5)ncc4-c4cccc(C#N)n4)cc3)nc2C#N)cc1,20.8
N#Cc1ccc(-c2ccc(C=Cc3ccc(-c4cnc(-c5cccc(C#N)n5)c(C#N)n4)cc3)cc2)cc1,17.93
N#Cc1ccc(-c2cc(C#N)c(C#N)cc2-c2nc(C#N)cc(-c3cccnc3)n2)cn1,20.35
N#Cc1ccc(-c2cc3nc[nH]c(=N)c3nc2-c2ccc(C#N)cc2)cc1,14.39
N#Cc1ccc(-n2cc(-c3ccc(-c4cccc(C#N)c4)cc3)nn2)cc1,12.63
N#Cc1ccc(-c2cc(-c3cnc(C#N)nc3)cc(NC(=O)c3ccc(-c4cccnc4)nc3)n2)nc1,18.38
N#Cc1ccc(-c2ccc(-c3ncc(C#N)nc3-c3ccc(-c4ccc(C#N)cn4)cc3)cc2)cc1,10.47
N#Cc1cccc(-c2ccc(-c3nc(C#N)cc(C#N)c3C#N)nc2C#N)n1,12.08
N#CC=Cc1nc(-c2ccccc2C#N)cc(-c2ccc(C#N)nc2Cl)n1,25.05
Cc1cc(C#N)c(Cl)cc1-c1c(C#N)c(-c2nc(-c3ccc(C#N)nc3)cc(-c3cccc(C=CC#N)c3)n2)nn1CC#N,18.52
N#Cc1ccc(-c2nc(C#N)c(-c3ccc(C#N)nc3)nc2C#N)nc1,11.08
N#Cc1ccc(-c2ccc(-c3nc(-c4cc(C(F)(F)F)c(C#N)cn4)nc(-c4cccc(-c5ccc(C#N)cn5)c4C#N)n3)cn2)nc1,16.86
N#Cc1ccc(-c2nc(C(=O)NCCN)ccc2-c2ccc(C#N)nc2)cc1,20.81
Cc1nc(-c2cnc(N)c(C#N)c2)cccc1=Nc1ccc(-c2cccc(C#N)n2)cn1,13.95
N#Cc1ccc(-c2ccc(-n3c(C#N)ccc3-c3ncc(-c4cccc(C#N)n4)cn3)cc2)cc1,16.61
N#Cc1cccc(-c2cc(C#Cc3ccc(N)c(C#N)n3)cc(-c3ccccc3C#N)c2)n1,21.2
N#Cc1ccc(C#Cc2ccc(C#N)c(-c3cccc(C#N)n3)c2)cc1,13.12
N#Cc1cccc(-c2cc(C#N)nc(-c3ccncc3)c2)n1,13.26
N#Cc1ccc(C#Cc2ccc(C#N)nc2-c2cccc(C#N)c2)cc1,10.7
N#Cc1ccc(-c2nc3nc(-c4cnc(C#N)c(C#N)n4)c(-c4cncc(C#N)n4)cc3s2)cn1,25.3
N#Cc1ccc(-c2cc(-c3ccc(-c4ncncn4)cn3)c3ncccc3c2)cn1,18.48
N#Cc1ccc(Nc2cc(Nc3ccc4c(c3)C(=O)c3cc(C#N)ccc3C4=O)nc(N=Cc3cccc(F)c3)n2)cc1,17.2
Cc1cc(C#N)c(Cl)cc1-c1nc(C#N)cc(-c2ccc(F)c(-c3ccc(C#N)c(C#N)c3)n2)c1C#N,17.51
Cc1cc(C#N)ccc1-c1cnc(-c2ccc(-c3ccc(C#N)cc3)cc2)c(-c2ccc(C#N)cc2)n1,12.78
N#Cc1ccc(-c2ccc(-c3cc4c(ncn4Cc4ccc(-c5ccncc5)cc4)c(C#N)n3)cc2)cn1,13.59
COc1c(C#N)cnc(-c2ccc(Nc3ccc4cc(-c5cc(Cl)c(O)c(C#N)c5)ccc4c3-c3ccncc3)cc2)c1C#N,27.0
N#Cc1ccc(-c2cc(C#N)nc(-c3nc(-c4ccc(C#N)nc4)c(C#N)nc3C#N)c2C#N)cc1,14.77
N#Cc1ccc(NC(=O)c2ccc(-n3cc(-c4cccc(C#N)n4)c(-c4ccc(C#N)cc4)n3)cc2)cc1,20.96
N#Cc1ccc(-c2ccc(-c3cc4c(ncn4CCCn4cc(C#N)c(-c5ccc(C#N)nc5)c4)c(C#N)n3)cc2)cc1,20.51
Cc1ccccc1-c1nc(-c2ccc(C#N)cc2)cc(-c2nc(-c3ccc(C#N)nc3)cc(-c3ccc(C#N)nn3)n2)c1C#N,18.23
N#Cc1ccc(-c2ccc(-c3cc(-c4ccc(-c5ccc(C#N)nc5)nc4)nc(Nc4ccc5c(c4)C(=O)c4ccc(N)cc4C5=O)n3)cc2)nc1,16.95
COC1=CC(=O)c2cn(C)nc2C1=O,21.02
N#Cc1ccc(-c2ccc(-c3cc(-c4ccc(C#N)cn4)nc(-c4cnc(-c5cccc(C#N)n5)cn4)c3C#N)nc2)cc1,21.35
CCOc1ccc(-c2nc(-c3ccc(-c4cccc(C#N)c4)cc3)nc(C3CCCC3)n2)cc1C#N,16.85
N#Cc1ccc(-c2cccc(-c3cc(-c4ccc(C#N)cc4)nc(-c4cccc(C#N)n4)n3)n2)cc1,14.58
N#Cc1ccc(-c2ccc(-c3cc(-c4ccncc4)nc(-c4ccc(-c5ccc(C#N)cn5)cc4)c3)cc2)cc1,13.06
N#Cc1ccc(-c2nc(-c3ccc(C#N)nc3)c(C#N)cc2-c2ccc(C#N)cn2)cc1,11.31
N#Cc1ccc(-c2ccc(-c3nc(C#N)c(C#N)nc3C#N)cn2)cn1,11.64
O=C1c2ccc(Nc3ccc(F)cc3)cc2CCc2cc(Nc3cc(NCCO)cnn3)ccc21,17.94
N#Cc1ccc(-c2ccc(-c3nc(-c4ccc(C#N)nc4)nc(-c4ccc(C#N)c(C#N)c4)n3)nc2)cc1,11.58
N#Cc1ccc(-c2ccc(-c3coc4ccccc4c3=O)c(F)c2F)cn1,30.24
N#Cc1ccc(-c2cc(C#N)nc(-c3cccc(-c4nc(C#N)cc5ccccc45)n3)c2C#N)cn1,15.0
Cn1c(C#N)ccc1-c1ccc(-c2ccc(-n3c(-c4ccc(C#N)cc4)c(C#N)c4cc(C#N)ccc43)cc2)cn1,24.16
N#Cc1ccc(-c2ccc(-c3nc(-c4ccc(C#N)cc4)cc(-c4cnc(C#N)nc4)n3)cc2)cc1,14.24
CC1(Cc2ccc(C#N)cc2)C(=O)Nc2cc(C#N)ccc21,18.51
N#Cc1ccc(-c2ccc(C#Cc3ccc(C#N)cc3-c3ccc(C#N)c(C#N)n3)c(F)c2)nc1,16.41
N#Cc1ccc(-c2ccc(C(c3ccc(-c4ccc(C#N)nc4)c(C#N)c3)n3ccnc3)cc2)cc1,19.69
N#Cc1ccc(COc2cnc(-c3ccc(-c4ccc(C#N)cc4)c(C#N)n3)cc2C#N)cc1,13.31
N#CCn1cnc2c(C#N)nc(-c3cccc(C#N)c3)cc21,13.79
N#Cc1cccc(-c2ccc(C=Nc3ccc(-c4cccc(C#N)n4)cn3)o2)c1,11.73
CCOc1c(OC)cc2c3c1Oc1cc(OC(C)=O)c(OC(=O)C(C)C)cc1CC3N(C)CC2,39.66
N#CC(C#N)=c1ccc(=C(C#N)c2nc(OCc3ccc(C#N)cc3)nc(-c3ccc(C#N)nc3)n2)cc1,11.22
CNc1c(C#N)nc(-c2cc(-c3cnccn3)cc(-c3ccc(C#N)cc3)n2)n1-c1cccc(C#N)n1,23.05
Cn1c(C#N)ccc1-c1cc(C#Cc2cccc(-c3cccc(C#N)n3)c2)nc(-c2nc(C#N)co2)c1,27.92
N#Cc1ccc(-c2cc(-c3ccc(C#N)nc3)c(-c3cncc(C#N)n3)cn2)cc1,16.83
N#Cc1ccc(-c2ccc(CN=c3[nH]c(-c4ccc(C#N)cn4)nc(-c4ccc(-c5ccc(-c6cccc(C#N)n6)cc5)cc4)c3C#N)cc2)cc1,19.75
N#Cc1ccc2[nH]c(-c3cccc(-c4ccc(NC(=O)c5ncccc5-c5ccc(C#N)nc5)cc4)c3)nc2c1,17.44
N#Cc1ccc(-c2cc(-c3cccc(C#N)n3)nc(-c3ccc(OC4CCC(C(=O)O)CC4)c(C#N)c3)n2)nc1,17.22
N#Cc1ccc(-c2ccc(-c3cc(C#N)cc(-c4nc(C#N)cnc4C#N)c3F)cn2)nc1,15.61
N#CC=Cc1nc(C(=O)Nc2ccc(-c3ccc(C#N)cc3)c(C#N)c2)ccc1-c1ccc(C#N)cc1,13.87
Cc1ccc(-c2nc(-c3ccc(C#N)cc3)cc(-c3ccc(-c4ccc(C#N)cc4)cc3)n2)c(C)c1,17.62
N#Cc1ccc(-c2ccc(-c3cc(-c4ccc(C#N)nc4)cc(C#N)n3)cc2)cn1,17.84
N#Cc1ccc(-c2cc(-c3ccc(C#N)nc3)nc(-[n+]3ccc(-c4cccc(C#N)n4)cc3)c2)cc1,10.47
Cc1ccc(-c2nc(C)nc(-c3nc(C#N)nc(-c4cc(C#N)cc(S(C)(=O)=O)c4)n3)c2C#N)c(C)c1,18.56
N#Cc1cc(-c2ccc(-c3nc(C#N)nc(C#N)n3)cc2)ccn1,14.89
N#Cc1ccc(-c2nc(-c3cccnc3)nc(-c3c(C#N)c(-c4ccc(Cl)cc4Cl)[nH]c(=N)c3C=O)n2)cn1,37.19
N#Cc1ccc(-c2ccc(-c3nc(C#N)c(-c4ccc(C#N)nc4)nc3C#N)nc2)nc1,7.68
N#Cc1ccc(-c2ccc(-c3cc(-c4ccccc4C#N)nc(-c4ccncc4)c3C#N)nc2)cc1,16.71
N#Cc1ccc(-c2ccc(-c3cc(F)cc(-c4ccc5ccc(-c6ccc(-c7ncncn7)cc6)cc5c4)c3)cn2)nc1,27.8
N#Cc1ccc(-c2nc(-c3ccc(C#N)c(-c4ccc(C#N)cc4)c3)nc(-c3ccncc3F)n2)cc1,16.88
N#CC(=Cc1ccc(C#N)cc1)c1cc(-c2ccc(C#N)cc2)cc(-c2ccc(C#N)cc2)n1,13.28
N#Cc1nc(-c2cccs2)cc2ncn(-c3ccc(-c4ccc(-n5ccc6ccccc65)cc4)cc3)c(=O)c12,22.75
Cc1ccc(-c2c[n+](-c3cc(-c4ccc(C#N)cc4)cc(-c4ccc(C#N)cc4)n3)cnc2-c2ccc(C#N)nc2)cc1,34.83
Cc1ccc(-c2cc3c(ncn3Cc3ncn(C)n3)c(C#N)n2)cc1,17.5
Cc1cc(C#N)c(Cl)cc1-c1cc(C#N)cc(-c2nc(-c3ccc(C#N)nc3)nc(-c3ccc(C#N)s3)n2)c1C#N,17.72
Cc1cc(C#N)c(Cl)cc1-c1nc(N2CCC(C#N)C2)nc(-c2ccc(F)c(-c3cncc(C#N)c3)n2)c1C#N,14.71
Cn1cc(C#N)cc1-c1nc(-c2cncc(C#N)c2)cc(-c2ccnc(C=O)c2)n1,25.03
CC#Cc1ccc(C(=O)C2CCCN(Cc3cc(-c4nc(-c5ccc(C#N)cc5)c[nH]4)co3)C2)cc1,33.33
N#Cc1cccc(-c2ccc(-c3nc(C#N)c(C#N)cc3-c3ccnc(-c4cnc(C#N)nc4)c3)cc2)c1,15.96
N#Cc1ccc(-c2nc3ccc(C#N)cn3c2CC2CCCC2)cc1,24.25
Cc1nc(-c2ccc(C#N)cc2)cc(=Nc2nc(Nc3ccc4c(c3)C(=O)c3ccc(N)cc3C4=O)nc(-c3ccc(C#N)nc3)n2)[nH]1,17.75
N#Cc1ccc(-c2nc3cc(-c4ncncn4)ccc3n2-c2ccc(C#N)cc2)cc1,11.9
N#Cc1ccc(-c2cn(-c3cccc(-c4cccc(C#N)n4)c3)cc2C#N)nc1,14.4
N#CC#Cc1cccc(C=Nc2ccc(-c3nc(-c4ccc(C#N)cc4)cc(-c4ccc(N)c(N)c4)n3)cn2)c1,20.63
Cc1nc(C)c(C#N)c(SCC#N)n1,15.17
N#Cc1ccc(-c2ccc(-c3nc(-c4ccc(C#N)nc4)nc(-c4ccc5ccccc5c4)n3)cc2C#N)cc1,15.15
Cc1ccccc1-c1cccc(-c2nc(-c3ccc(C#N)nc3)cc(-c3ccc(C#N)cc3)c2C#N)n1,16.43
Cn1c(C#N)ccc1-c1ccc(-c2cc(C#N)cc(-c3ncc(C#N)cc3F)c2)nc1C#N,28.22
N#Cc1ccc(-c2ccc(-c3ccc(Br)cn3)nc2C#N)cn1,19.54
CCC1(C)C(C)C(=O)OC2OC3(C)OC(c4ccc(C#N)cc4)CC(=O)C3=CC(CO)CC21,46.48
C#Cc1nc(C)nc(N(C)C2CCCN(c3ncnc4[nH]ccc34)C2)n1,22.17
C=CCn1cnc2c(C#N)nc(-c3ccc(-c4ccc(C#N)nc4)c(C#N)c3)nc21,15.99
CC(C)(C)OC(=O)N1CCC(c2cc(-c3ccc(-c4cnc(C#N)nc4)c(C#N)c3)nc(C#N)n2)C1,17.87
Cc1ccc(-c2nc(-c3ccc(C#N)cc3)nc(-c3ccc(C#N)nc3)n2)c(C#N)n1,12.4
Cc1cc(=Nc2[nH]c(-c3ccc(C=Nc4ccc(-c5cccc(C#N)n5)cc4)cc3)nc2C#N)nc(C)[nH]1,17.55
N#Cc1ccc(-c2ccc(-c3ccc(-c4ncc(C#N)cn4)cc3C#N)cn2)nc1,13.85
Cc1cc(-c2cc(-c3cnc(C#N)cn3)cnc2C(=O)Nc2ccc(-n3ccc4cc(C#N)cnc43)cc2)ccc1C#N,30.2
N#Cc1ccc(-c2ccc(-c3ccc(-c4ccc(O)c(C#CCO)c4)cn3)nc2C#N)cc1,25.14
N#Cc1ccccc1-[n+]1ccccn1,20.24
Cc1cc(-c2ccc(-c3ccncc3)cn2)nc(-c2nc(N3CC(C)(c4ccccc4)OC3=O)nc(-c3ccc(C#N)cc3)c2C#N)n1,28.7
N#Cc1ccc2nc(-c3ccc(-c4cc5c(-c6cnc(-c7cnccn7)cc6C#N)cccc5n4-c4ccccc4)cc3)cc(-c3ncncn3)c2c1,43.91
CNCCn1cnc2c(C#N)nc(-c3ccc(-c4ccc(C#N)cc4)cc3)nc21,16.29
N#Cc1ccc(-c2cc(-c3ccc(C#N)nc3)nc(-c3ccc(C#N)nc3)c2C#N)cc1,13.89
Cc1ccc(-c2nc(CCC#N)nc(-c3nc(-c4cccc(C#N)c4)cc(-c4cnc(OC5CCC5)c(C#N)c4)n3)c2C#N)c(C)c1,21.56
N#Cc1cccc(-c2ccc(-c3nc(C#N)c4cc(-c5cncnc5)cnc4c3O)cc2)n1,15.66
N#Cc1cccc(-c2ccc(-c3ncccc3-c3cccc(C#N)n3)cc2)n1,14.56
Cc1nc(C#N)c(C#N)nc1-c1ccc(-c2ccc(C#N)nc2-c2ccc(-c3ccncc3)cc2)c(F)c1F,19.34
N#Cc1cnc(-c2ccc(-c3cnc(-c4ccc(C#N)nc4)c(C#N)n3)nc2C#N)c(OCCN2CCCCC2)c1,31.09
Cn1c(C#N)ccc1-c1ncc(C#N)nc1-c1cccc(-c2ncc(-c3nc(N)c(C#N)c(C#N)n3)cn2)c1,24.41
N#Cc1ccc(C#Cc2ccc(-c3cc(-c4ncncn4)cc(-c4ccc(C#N)cc4C#N)c3)cn2)nc1,23.72
N#Cc1cnc(-c2ccc(-c3nc(C#N)c(C#N)nc3C#N)cc2C#N)cn1,10.19
N#Cc1ccc(-c2ccc(-c3nc(C#N)c(C#N)nc3-c3cncc(C#N)c3)cc2)nc1,12.28
Cc1nc(C)c(-c2cc(C(F)(F)F)nc(-c3cnc(N=c4scc(-c5ccc(C#N)cc5)nc4C)nc3)n2)nc1C#N,26.74
N#Cc1ccc(-c2nc(C#N)c(-c3ccc(-c4cnc(C#N)nc4)c(C#N)c3)nc2C#N)cc1,16.49
N#Cc1ccc(-c2ccc(-c3cn(-c4ccc(C#N)cc4)c(-c4ccc(-c5ccc(C#N)cn5)cc4)n3)cc2C#N)cc1,17.19
N#CCn1cnc2c(C#N)nc(-c3ccc(-c4cnc(C#N)nc4)nc3)nc21,10.32
N#Cc1ccc(C=C2CC(=CNc3ccc(N)cc3)C(=O)C(=CNc3ccc(-c4ccc(OCc5ccccc5)c(C#N)c4)cc3)C2=O)cc1,22.83
N#Cc1ccc(-c2ccc(-c3cc(-c4cccc(C#N)n4)cnc3C#N)cc2)cn1,11.46
N#Cc1cncc(-c2cc3c(ncn3CC3CCNCC3)c(C#N)n2)c1,10.11
N#Cc1ccc(C=CC(=O)c2ccc(-c3ccc(C#N)cc3)nn2)cc1,13.89
COc1ccc(C(=O)OC2=C(O)C(=O)C(=C(C#N)C#N)C(O)=C2C=O)cc1N,22.1
N#Cc1ccc(-c2ccc(-c3cc4c(ncn4CC(N)=O)c(C#N)n3)cc2)cn1,13.08
N#Cc1ccc(-c2nn(-c3ccc(-c4ccc(C#N)nc4)cc3)c3ccc(N)cc23)cc1,18.09
N#Cc1ncc(-c2ccc(-c3cc4c(ncn4Cc4ccc(N)c(C#N)n4)c(C#N)n3)cc2C#N)cn1,13.15
N#Cc1ccc(-c2ccc(-c3ccc(C=Nc4ccc(-c5ccc(-c6cccc(-c7ccc(C#N)nc7)n6)cc5)cc4)cc3)nc2C#N)cc1,17.47
N#Cc1ccc(-c2c(C#N)nc(-c3ccc4cc(C#N)ccc4c3)c(O)c2C#N)cc1,21.45
N#Cc1ccc(-c2c(C#N)nc(-c3ccc(-c4cccc(C#N)c4)cc3)nc2C#N)cc1,13.97
N#Cc1cnc(-c2ccc(-c3cnc(-c4ccc(C#N)nc4)c(C#N)n3)s2)nc1,19.64
N#Cc1ccc(-c2ccc(-c3ccc(C[n+]4cccc(C#N)c4)cc3)cc2)cc1,15.1
N#Cc1nccc(N2CCC(C(=O)Nc3ccc(-c4ccc(C#N)c(C#N)c4)cc3)CC2)n1,22.36
N#Cc1ccc(-c2ccc(-c3ccc(-c4cc(-c5cccc(C#N)n5)nc(-c5ccc(C#N)nc5)n4)cn3)c(C#N)n2)cc1,21.05
Cc1nc(-c2ccc(-c3ccc(C#N)nc3)cc2)c(C#N)nc1-c1ccc(-c2ccc(C#N)cn2)nc1,16.51
N#Cc1ccc(-c2ccc(Cc3nc(-c4ccc(C#N)nc4)nc(-c4ccc(C#N)cc4F)n3)cc2)cc1,14.17
N#Cc1cnc(-c2cc(-c3cccc(C#N)c3)cc(-c3ccc(C#N)nc3)n2)nc1,13.49
CC1(c2ccc(-c3ccc(C#N)cn3)cc2)N=C(C(C#N)C#N)c2cc(-c3ccc(C#N)cc3C#N)c(C#N)c(-c3ccc(C#N)nc3)c2NC1=O,31.87
C#Cc1ccc(-c2cc(C#N)cc(C(c3ccc(C#N)cc3)(c3cnccn3)N3CCOCC3)c2)cc1,34.43
N#Cc1ccc(-c2ccc(-c3ccc(-c4ccc(-c5ccc(C#N)cn5)nc4)c(C#N)n3)cn2)nc1,11.33
N#Cc1ccc(-c2cnc(-c3cnc(C#N)nc3)c(C#N)c2)cn1,15.91
N#Cc1ccc(-c2cc(-c3ccc(-c4cccc(C#N)n4)cc3)nc(-c3ncc(C#N)cn3)c2F)cc1,17.41
N#Cc1ccc(-c2nc(N)c(-c3ccnc(-c4cnc(C#N)nc4)n3)nc2C#N)cn1,16.81
CN(C)c1ncc(-c2cccc(CNC(=O)c3cnc(-c4ccc(C#N)cc4)c(-c4ccc(C#N)cc4)n3)n2)cn1,23.4
N#Cc1ccc(-c2cc(C#N)cc(-c3nc(-c4ccc(C#N)nc4)nc(-c4cccc5ccccc45)n3)c2C#N)c(C#N)c1,13.82
N#Cc1ccc(-c2nc(C#N)nc(-c3ccc(-c4cccc(C#N)n4)cn3)n2)cn1,13.67
N#CC=Cc1ncc(-c2ccc(-c3ccc(C#N)nc3)c(C#N)c2)c(C#N)n1,15.44
N#Cc1ccc(-c2cnc(C=O)cn2)cn1,18.54
N#Cc1ccc(-c2cc(C#N)c(C#N)nc2C#Cc2ccc(-c3cccc(C#N)n3)cc2)cc1,12.39
N#CCn1c(-c2ccc(-c3cc(-c4ccc(C#N)cn4)cc(-c4cccc(C#N)n4)c3)nc2)ncc(C#N)c1=O,17.9
COCc1cc(-c2cc(-c3cncc(C#N)c3)nc(-c3ccc(C#N)nc3)n2)ccc1C#N,24.28
Cc1cc(C#N)ncc1-c1ccc(-c2nc(-c3ccc(C#N)cc3C#Cc3ccccc3)nnc2C#N)cc1,25.29
Cc1nc(-c2cccc(C#N)n2)c(C#N)nc1-c1cc(C)n(-c2ccc(C#N)cc2)c1,17.28
N#Cc1nc(-c2ccc(-c3cnn(CCN)c3)cc2)cc2c1ncn2CC1CCCO1,16.15
N#Cc1ccc(C2=NOC(COc3cnc(-c4cc(-c5ccc(C#N)nc5)cc(-c5cccc(C#N)n5)c4)nc3)C2)cc1,18.71
Cn1ccnc1CN=c1nc(-c2ccccc2C#N)[nH]c2cc(-c3ccccc3C#N)ccc12,26.39
N#Cc1ccc(-c2nc(-c3ccc(OCc4ccc(C#N)cn4)c(C#N)c3)nc(-c3ccc(C#N)s3)n2)cc1,18.91
CC(C)COc1ccc(-c2nc(-c3cncc(C#N)n3)nc(-c3ccc(Cl)cc3Cl)n2)cc1C#N,21.51
N#Cc1ccc(-c2nc(-c3cnc(C#N)nc3)cc(N)c2C#N)cn1,14.19
N#Cc1ccc(C(c2ccc(C#N)cc2)N2CCC(F)(c3ccc(C#N)cc3)CC2)cc1,15.6
N#CC(C#N)=C1C(=C(c2ccc(C#N)cc2)c2ccc(C#N)cc2)C2=C(Oc3ccccc3)C(=O)C(=CNc3ccc(C#N)cc3)C(=O)C2=CN1c1ccc(C#N)cc1,31.24
CCn1c(C#N)ccc1-c1cc(C#N)nc(-c2ccc(-c3nccc(C#N)n3)cc2)c1,12.56
Cc1ccc(-n2cc(C#N)nc2C)cc1-c1cc(-c2ccc(C#N)cc2)c(C#N)nc1C#N,24.37
N#Cc1ccc(Nc2cc(Nc3ccc4c(c3)C(=O)c3ccc(N)cc3C4=O)nc(-c3ccc(C#N)c(-c4ccc(C#N)cc4)c3)n2)cc1,14.51
N#Cc1ccc(C#Cc2nc(C#N)c3ncn(C4OC(CO)C(O)C4O)c3n2)cc1,15.73
Cc1cc(-c2nnc(C#N)c(-c3ccc(-c4ccc(C#N)cc4)cc3)n2)c(C#N)c(-c2ccc(C(F)(F)F)cc2C(F)(F)F)n1,18.6
Cc1cc(C#N)ncc1-c1ccc(-c2ccc(C#N)c(-c3ccc(C#N)cn3)c2)nc1C#N,19.48
N#Cc1ccc(-c2cc(-c3ccc(C#N)c(-c4ccc(C#N)cc4)n3)ccc2C#N)cc1,11.09
N#Cc1ccc(-c2c(-c3ccc(C#N)cn3)c3c(C#N)nc(-c4ccc(F)cc4F)cc3n2CC(N)=O)cc1,21.48
N#Cc1cccc(-c2nc(C(c3ccc(-c4c[nH]c(=N)cn4)cc3)c3nccc(-c4ccc(F)c(C#N)n4)n3)ccc2C#N)c1,27.64
N#Cc1ccc(-c2ccc(-n3nc(-c4ccc(C#N)cc4)nc3-c3ccc(C#N)cc3)cc2)cc1,11.91
N#Cc1ccc(-c2nc(-c3nc(-c4ccc(C#N)cn4)cc(-c4ccc(C#N)cn4)n3)cnc2-c2ccc(-c3ccc(C#N)c(C#N)c3)cc2)cc1,22.89
COc1cc(Cn2cnc3c(C#N)nc(-c4ccc(N5CCCC5)c(C#N)c4)nc32)cnc1C#N,25.68
N#Cc1ccc(-c2cc(-c3ccc(NC(=O)c4coc(C(F)(F)F)n4)cc3)cc(-c3cccc(C#N)n3)c2)nc1,24.37
N#Cc1ccc(Br)cc1,16.47
Cn1nnc(-c2ccc(-c3cc(-c4ccc(C#N)nc4)cc(-c4ncc(C#N)cn4)c3)c(C#N)c2)n1,22.89
N#Cc1cnc(-c2ccc(Oc3ccc(-c4noc(-c5ccc(-c6cccc(C#N)n6)c(C#N)n5)n4)cc3C#N)cc2)c(C#N)c1,30.45
N#Cc1ccc(-c2cc(-c3nc(-c4ccc(C#N)nc4)nc(-c4cccc5ccccc45)n3)c(C#N)c(C(N)=O)n2)cc1,18.42
N#Cc1ccc(-c2ccc(-c3cc4c(ncn4Cc4ccc(C#N)c(C#N)n4)c(C#N)n3)cc2)cn1,11.34
N#CC=Cc1nc(C(=O)c2cc(C#N)ccc2CN)ccc1-c1ccc(C#N)cc1F,22.2
N#Cc1ccc(-c2ccc(C#N)nc2-c2ncc(S(=O)(=O)c3ccc(C#N)cc3)cc2C#N)cc1,20.4
N#Cc1ccc(-c2nc(C=Cc3ccc(-c4cnc(C#N)nc4)cn3)nc(-c3ccc(C#N)nc3)n2)cc1,13.77
N#Cc1ccc(-c2cc(-c3cccc(C#N)n3)cc(C#N)n2)cc1,12.4
N#Cc1ccc(-c2cncc(-c3cc(-c4ccncc4)nc(-c4cccc(C#N)n4)c3)n2)cc1,18.18
N#Cc1cnc(-c2ccc(-c3cnc(C#N)c(C#N)n3)cn2)cn1,15.79
CN1CCC(Oc2ccc(-c3nc(-c4ccc(C#N)cn4)cc(-c4cccc5ccccc45)n3)cc2C#N)CC1,13.21
Cc1c(NC=C2C(=O)C(=CNc3ccc(N)cc3)C(=O)C(=O)C2N)cc2ccc3ccccc3c2c1C#N,32.24
N#Cc1cccc(-c2cc(-c3ccc(C#N)c(C#N)n3)nc(-c3ccc(OC4CCC(C(=O)O)CC4)c(C#N)c3)n2)n1,20.13
N#Cc1ccc(-c2ncc(C#N)nc2-c2ccc(-c3ccc(C#N)nc3)cn2)nc1,11.93
N#Cc1ccc(-c2c(C#N)nc(-c3cn(Cc4ccccc4)c4ccccc34)c(N)c2C#N)cn1,27.67
N#Cc1cccc(-c2ccc(Oc3ccc(-c4cnc(-c5cccc(C#N)n5)nc4)cc3)nc2)n1,17.08
N#Cc1ccc(-c2ccc(C#N)c(F)c2)c(-c2ccc(-c3cccc(C#N)n3)c(Cl)c2)c1,23.88
N#Cc1cncc(-c2cnc3ccc(-c4cncc(C#N)n4)cn23)c1,18.68
COc1ccc(-c2nc(C#N)c(-c3ccc(C#N)cc3)nc2N2CCN(CCC#N)CC2)cc1,25.0
Cc1cc(C#N)c(Cl)cc1-c1nc(N2CCCCC2c2ccc(C#N)cc2)nc(-c2nc(C#N)nc(-c3ccc(F)cc3F)n2)c1C#N,19.44
N#CC=Cc1nc(-c2ccc(C#N)nc2)cc(-c2ccc(-c3cnc(C#N)nc3)c(C#N)c2)n1,13.94
N#Cc1cncc(-c2cc(-c3cc(F)c(C#N)c(F)c3F)nc(-c3ccc(C#N)nc3)n2)c1,18.87
N#Cc1ccc(-c2cc(-c3nccc(-c4ccc(C#N)nc4)n3)ccc2C#N)c(C#N)c1,16.32
N#Cc1cc(-c2cnc(C#N)nc2)cc(-c2cc3[nH]cnc3c(C#N)n2)c1,10.06
COc1cc(C#N)cnc1-c1cnc(C#N)c(-c2ccc(C#N)cc2)n1,11.95
N#Cc1ccc(-c2ccc(-n3cc(-c4ccc(-n5cccc5)cc4)c(-c4ncncn4)c3)nc2C#N)cc1,20.06
Cc1ccn(-c2cc(F)c(C#N)c(-c3ccc(-c4ccc(F)c(C#N)c4)cc3)c2)n1,23.7
COc1cc(C=C(C#N)c2ccnc(-c3ccc(C#N)cc3)c2)ccc1OCc1ccc(C#N)cc1,21.77
Cc1cc(C#N)ccc1-c1nc(N2CCOCC2)nc(-c2ccnc(-c3ccc(-c4ccc(C#N)nc4)nc3)n2)c1C#N,14.14
Cn1nc(-c2ccc(-c3cncc(C#N)c3)nc2)nc1-c1cccc(-c2ccccc2C#N)c1C#N,19.28
COc1cccc(-c2nc(Nc3ccc(-c4ccc(-c5cccc(C#N)n5)cc4)cc3)c(-c3ccccn3)nc2C#N)c1F,19.95
Cn1cnc2c(C#N)nc(-c3ccc(-c4cnc(C#N)nc4)c(C#N)c3)cc21,12.8
COc1c2c(cc3c1-c1cc4c(cc1C(=O)C(=O)C3=O)OCO4)OCO2,19.46
N#Cc1ccc(-c2ccc(-c3nc(C#N)cnc3-c3cncc(C#N)n3)cc2)cc1,16.65
N#Cc1cccc(-c2ccc(C3(CN4C(=O)c5ccc(C#N)cc5C4=O)C(=O)NC(=O)C(C=O)=C3O)cc2)c1,15.34
N#Cc1ccc(-c2ccc(-c3nc(-c4ccc(C#N)c(F)c4F)nc(C(F)(F)F)n3)cn2)cn1,12.67
N#Cc1ncc(-c2ccc(-c3cnc(C#N)nc3)cc2)cn1,15.21
N#Cc1ccc(-c2c(C#N)nc(-c3cc(-c4cc(F)nc(F)c4)c(-c4ccc(F)cc4)cn3)nc2-c2ccncc2)cc1,24.17
Cc1ccccc1-c1cc(-c2nc(-c3ccc(-c4ccc(C#N)cn4)cn3)cs2)ccc1C#N,23.07
CCOc1nc(-c2ccc(C#N)cc2)c(C#N)nc1-c1ccc(-c2ccc(C#N)cn2)nc1,10.64
N#CC(c1nc(-c2cccc(C#N)c2)nc(-c2nc(N3CC(c4ccccc4)C3)nc(-c3ccc(C#N)cc3)c2C#N)n1)=c1ccc(=Cc2cnc(=O)[nH]c2O)cc1,27.44
N#Cc1ccc(-c2ccc(-c3nc(C(F)(F)F)c(-c4ccc(-c5cn(-c6cccc(C#N)c6)nn5)cc4)nc3-c3ccc(C#N)cc3)cc2)cc1,22.17
COc1cc(C#N)ccc1-c1nc(-c2cncc(C#N)c2)nc(-c2c(F)c(F)c(C#N)c(F)c2F)n1,13.5
CC#Cc1cc(C#N)[nH]c(=Nc2cc(-c3cnc(C#N)nc3)cc(-c3cncc(-c4ccc(C#N)cc4)n3)n2)n1,25.41
N#Cc1ccc(-c2ccc(-c3nc(C#N)c(C(N)=O)c4ccn(Cc5ccccc5)c(=O)c34)cc2)cc1,31.21
Cn1cc(C#N)cc1-c1cc(-c2cnc(-c3cncc(C#N)c3)c(C#N)c2)nc(-c2ccc(C#N)nc2)n1,16.29
N#Cc1ccc(C#Cc2ccc(C(=O)c3ccc(-c4cccc(C#N)c4)cc3)nc2)nc1,15.38
N#Cc1ccc(-c2ccc(-c3ccc(-n4ccc(C#N)cc4=O)c(C#N)n3)cn2)c(C#N)c1,20.93
N#Cc1cccc(-c2ccc(-c3nc(Cc4c(F)cccc4Cl)nc(-c4[nH]c5ccccc5c4C#N)n3)nc2C#N)n1,30.63
COc1cc(C#N)ccc1-n1nnc2c(-c3ccc(C#N)cc3)cccc21,27.87
N#Cc1ncc(-c2ccc(-c3nc(C#N)c4cccnc4c3O)cc2)nc1C#N,12.79
N#Cc1ccc(-c2nc(-c3ccc(C#N)nc3)c(C#N)cc2-c2ccccc2C#N)cc1,12.97
N#Cc1ccc(-c2cc(-c3ccc(-c4csnc4C#N)cc3)nc(-c3ccc(C#N)nc3)n2)cc1,22.65
N#Cc1ccc(-c2cc(-c3ccc(C#N)cn3)nc(-c3cc(C#N)cc(-c4ccc(C#N)cc4C#N)c3C#N)n2)cc1,14.12
N#Cc1ccc(Nc2ccc(-c3ccc(-c4cccc(C#N)n4)c(-c4ncc(C#N)cn4)c3)nc2C#N)cc1,20.84
C=CCn1c(-c2ccc(-c3ccc(C#N)cc3)cc2)nc(-c2ccc(C#N)cc2)c1-c1ccc(C#N)cc1,16.9
CCc1ncccc1-c1cccc(-c2nc(C3CC3)nc(-c3cc(Cl)c(C#N)cc3C)c2C#N)n1,20.34
N#Cc1ccc(-c2nc(-c3ccc(-c4ccc(C#N)nc4)nn3)cnc2-c2cnc(C#N)c(C#N)n2)cc1,21.5
N#Cc1ccc(-c2ccc(-c3nc(C#N)cnc3-c3ccnc(C#N)c3)cc2)nc1,14.54
CN(C)C=CC(=O)c1cc(C#N)nc(C(C#N)=c2ccc(=C(C#N)C#N)cc2)n1,14.63
Cc1cc(C#N)ccc1-c1nc(Nc2ccc(C#N)cc2)c(Cl)c(-c2nc(-c3ccc(C#N)nc3)nc(-c3ccccc3C#N)n2)c1C#N,15.99
CC(C)(C)C1(O)CCN(Cc2cc(-c3cnc(-c4ccc(-c5ccc(C#N)cn5)cc4)c(-c4ccc(C#N)cc4)n3)ccn2)CC1,33.89
N#Cc1ccc(-n2nc(C#Cc3ccc(-c4ccn(-c5ccccc5)c(=O)n4)cc3)nc2-c2ccc(-c3ccc(C#N)cn3)cc2)cc1,25.95
Cc1cc(C#N)c(Cl)cc1-c1nc(C2CC2)nc(-c2nc(C(=O)O)cc(-c3c(F)c(F)c(C#N)c(F)c3F)n2)c1C#N,16.51
N#Cc1ccc(-c2ccc(C#Cc3ccc(-c4cc(-c5ccc(C#N)cc5)c(-c5ccc(C#N)cc5)c(-c5ccc(C#N)cc5)n4)cc3)cc2)cc1,17.11
N#Cc1ccc(-c2cc3c(ncn3Cc3ccc(-c4ccncc4)cn3)c(C#N)n2)cn1,15.1
N#Cc1ccc(C(=O)N=c2cc(-c3ccc(-c4ccc(C#N)cc4)c(C#N)c3)[nH]c(-c3ccc(C#N)cc3)n2)cc1,15.53
N#Cc1cccc(-c2cc3c(ncn3Cc3ccc(-c4cnc(C#N)nc4)nc3)c(C#N)n2)c1,12.38
N#Cc1ccc(-c2nnc(C#N)c(-c3ccc(-c4cccc(C#N)c4)cc3)n2)cc1,11.45
N#Cc1ccccc1C#Cc1cscn1,20.57
Cc1nc(Cc2nc(-c3ccc(C#N)cn3)c(-c3ccc(-c4ccc(C#N)cn4)cc3)nc2C)no1,20.45
N#Cc1ccc(-c2nc(-c3ccc(-c4ccc(C#N)c(C#N)c4)nc3)nc(C3CCCC3)n2)cn1,20.27
N#Cc1cc(CNC(=O)c2ccc(-c3cc(F)cc(-c4nc(C#N)c[nH]4)c3)cc2)nc(C#N)n1,25.02
N#Cc1ccc(-c2ccc(-c3ccc(-c4ccncc4)cc3)cc2C#N)cc1,13.45
C#CC#CC#CC#CCCCC#CC#CC#CC=CCCCC#CC#CC(=O)C#CC#CC#CC#C,36.33
N#Cc1ccc(Oc2nc(-c3ccc(C#N)nc3)nc(-c3ccc(C#N)cn3)n2)cc1,14.6
N#Cc1ccc(-c2ccc(-c3cc(C#N)ccc3-c3ccc(C#N)cn3)nc2)cc1,18.94
N#Cc1ccc(C=Cc2nc3ccccc3c(=O)n2-c2ccc(-c3ccc(C#N)cc3)cc2)cc1,10.81
N#Cc1cccc(-c2nc(-c3cc(-c4ccc(C#N)nc4)cc(-c4cnccn4)n3)ncc2C#N)c1,18.52
N#Cc1ccc(-c2ccc(-c3cc4c(ncn4CC4CCC(N)CC4)c(C#N)n3)cc2)nc1,10.37
N#Cc1ccc(-c2ccc(NCc3cc(-c4cnc(-c5ccc(C#N)nc5)c(C#N)n4)nc(C#N)n3)cc2)cc1,19.07
N#Cc1ccc(C=C2OC(=O)C(n3cc(C#N)c(-c4ccc(C#N)cc4)cc3=O)=C2c2cccc(C#N)c2)cc1,21.24
N#Cc1ccc(-c2ncc(-c3ccc(-c4ccncc4)cc3)nc2C#N)cc1C#N,12.23
Cn1cc(-c2cc(-c3cccc(C#N)n3)cc(-c3ccc(C#N)nc3)c2F)cc(C#N)c1=O,23.75
N#Cc1ccc(-c2cc(-c3ccc(C#N)cc3)c(-c3ccc(-c4cc(-c5cccc(C#N)n5)cc(C#N)n4)cc3)o2)cc1,22.48
N#Cc1ccc(-c2ncnc(-c3ccc(C#N)nc3)n2)cn1,9.76
N#Cc1ccc(C=Nc2nc(Nc3ccc(C#N)c(C(F)(F)F)c3)cc(-c3ccc(-c4ccc(C#N)nc4)cc3)n2)cc1,14.09
N#Cc1ccc(NC=C2C(=O)C(=CNc3ccc(N)cc3)C(=O)C(=CNc3ccc(C#N)c(C#N)c3)C2=O)cc1N,12.37
N#CC(C#N)=c1ccc(=C(C#N)c2nc(C(=O)Nc3ccc(C#N)c(C#N)c3)n(C3CCCCC3)n2)cc1,17.38
Cn1cc(-c2ccc(-c3nc(C#N)c4ncn(Cc5cnc(C#N)c(C#N)n5)c4n3)cc2)cn1,15.82
N#Cc1cccc(-c2ccc(N=c3ccc(-c4cccc(C#N)n4)c[nH]3)nc2)n1,12.3
CC(C)(C)c1cc(-c2ccc(-c3ccc(C#N)cc3)nc2C#Cc2ccc(-c3ccc(C#N)cc3)cc2)nc(=N)[nH]1,20.13
N#Cc1cc(-c2cnc(C#N)nc2)cc(-c2cc3c(ncn3Cc3cnc(C#N)c(C#N)n3)c(C#N)n2)c1,11.93
N#Cc1ccc(-c2cc(S(=O)(=O)c3ccc(-c4cccc(C#N)n4)nc3N)ccc2C#N)nc1,24.8
N#CC=Cc1nc(C#N)cc(C#Cc2cccc(C#N)c2)n1,20.24
N#Cc1ccc(-c2ccc(-c3nc(-c4ccnc(C#N)c4)nc(-c4cc(-c5ccc(C#N)cc5)c(C#N)cn4)n3)cn2)cc1,16.41
Cc1nc(-n2cc(-c3cc(C#N)ncn3)c3c(C#N)nc(-c4ccc(-c5nc(C)no5)cc4)cc32)nc(C2(F)CCOCC2)n1,32.67
N#Cc1ccc(-c2ccc(-c3nc(C#N)c(-c4ccc(C#N)nc4)nc3C#N)cc2C#N)nc1,13.01
COc1ccc(-c2cc(-c3ccc(C#N)cc3)nc(-c3ccc(C#N)cc3)c2-c2ccc(C#Cc3ccc(-c4cccc(C#N)n4)cc3)cc2)cc1,13.34
N#Cc1ccc(Cc2nc(CN3CCC(N)C3)cc(-c3ccc(C#N)cc3)n2)cc1,17.95
Cc1ccc(-c2nc(-c3ccc(C#N)cc3)nc(-c3ccc(C#N)nc3)n2)c(C)n1,14.19
N#Cc1ncc(C#Cc2ccccn2)nc1C#N,13.63
N#Cc1ccc(-c2nc(-c3ccc(C#N)nc3)cc(-c3cnc(C#N)nc3)n2)nc1,15.21
N#CC=Cc1cccc(-c2nc(-c3ccc(C#N)nc3)nc(-c3ccc(-c4ccc(C#N)cc4)c(C#N)c3)n2)n1,10.44
Cc1nc2cc(-c3oc(C(C#N)=C4CCNCC4)nc3C#N)ccc2n1-c1ccc(-c2ccc(C#N)cc2)cc1,25.0
Cc1nc(=N)nc(-n2cc(C#N)c3cc(C#Cc4cnc(-c5cccc(C#N)c5)nc4)ccc32)[nH]1,18.49
N#CCc1cc(-c2nc(-c3cc(C#N)ccc3-c3ccc(F)cc3)c(-c3ccc(C#N)nc3)[nH]2)c(C#N)c(-c2ccccn2)n1,27.61
N#Cc1ccc(-c2cc(-c3cc(-c4ccc(C#N)nn4)nc4nc(-c5ccc(C#N)nc5)cn34)ccc2C#N)nc1,29.88
N#Cc1ccc(-c2cc(-c3ccc(-c4cccc(C#N)n4)c(C#N)n3)cc(-c3ccc(C#N)nc3)n2)nc1,13.22
N#Cc1ccc(-c2ccc(-c3cc(C#N)nc(COc4ccc(-c5cccc(C#N)n5)cc4)n3)cc2)nc1,18.41
N#Cc1ccc(-c2cc(C#N)nc(-c3nccc(-c4ccc(-c5ccc(C#N)cn5)nc4)n3)c2C#N)cc1,12.13
N#Cc1ccc(-c2cc(-c3ccc(C#N)c(F)c3)nc(C#N)n2)cn1,9.19
N#Cc1ccc(C(=O)c2cc3cc(-c4ccc(C#N)cc4)ccc3n2-c2ccc(-c3ccc(C#N)cc3)cc2)cc1,13.91
Cc1cc(-c2cccc(-c3nc(N(C)CC4CC4)nc(-c4ccc(C#N)cc4C)c3C#N)n2)cnn1,26.55
N#Cc1ccc(-c2ccc(-c3ncc(-c4ccc(-c5ccncc5)cc4)nc3-c3ccc(C#N)cc3)cc2)cc1,10.47
N#Cc1ccc2c(c1)C(=O)c1ccc(Nc3cc(-c4ccc(-c5cccc(C#N)n5)c(C#N)n4)nc(CO)n3)cc1CC2,24.94
N#Cc1ccc(-c2ccc(-c3nc(C#N)c(C#N)cc3C#N)cc2)cn1,11.34
N#Cc1ccc(-c2cc(-c3ccc(C#N)nc3)cc(-c3cccc(C#N)n3)c2)nc1,12.33
N#Cc1ncc(-c2ccc(-c3c(C#N)c[nH]c(=NC4CC4)c3C#N)cc2)cn1,21.12
N#Cc1ccc(-c2cnc(-c3ccc(-c4nc(Oc5ccc(C#N)c(-c6ccc(C#N)nc6)n5)nc(-c5ccc(Cl)cn5)n4)cc3)cn2)cc1,29.35
N#Cc1ccc(-c2ccc(CC(=O)c3nc(C#N)c(N)[nH]3)cc2)cc1,20.29
N#Cc1ccc(-c2cncc(-n3ccc4ccc(-c5ncncn5)cc43)n2)cc1,15.91
N#Cc1ccc(-c2cc3c(ncn3CC3OC(CO)C(O)C3O)c(C#N)n2)cn1,12.64
N#Cc1ccc(C#Cc2ccc(-c3ccc(-c4cccc(C#N)n4)cc3)cc2)nc1,11.12
N#Cc1cccc(-c2cc(C#N)nc(-c3ccccn3)c2)n1,13.48
Cc1nc(-c2ccc(-c3ccc(C#N)cc3)cc2)c(-c2ccc(C#N)cc2)nc1-c1cccc2ncccc12,17.7
N#Cc1ccc(-c2nc(C#N)c(-c3cncc(C#N)c3)nc2OCCCF)nc1,20.0
COc1ccccc1C1CN(c2nc(-c3nccc(-c4cccc(C#N)c4)n3)c(C#N)c(-c3cc(C#N)ccc3CO)n2)C1,20.95
Cc1cn(-c2ccc(-c3cc4c(ncn4Cc4cnc(C#N)c(-c5ccc(C#N)nc5)c4)c(C#N)n3)cn2)cn1,17.01
Cn1cnc(-c2ccc(-c3nc(C#N)c(-c4ccc(-c5ccc(C#N)cn5)cc4)c4c(C#N)nc(C#N)nc34)cn2)n1,29.89
CC(C)c1nc(-c2ccc(-c3ccc(C#N)cc3)cc2)c(-c2ccc(C#N)cc2)nc1-c1nccc(C#N)n1,11.69
N#Cc1cccc(-c2ccc(C#CC#Cc3cc(-c4ccc(C#N)nc4)cc(-c4ccc(C#N)nc4)n3)cn2)c1,16.65
N#Cc1ncc(-c2cccc(-c3cc4c(ncn4CCOCCO)c(C#N)n3)c2)cn1,17.26
N#Cc1ccc(-c2cc(-c3cccc(C#N)n3)cc(C#N)c2-c2ccc(C#N)nc2)nc1,18.16
COc1ccc(-c2cc(-c3ccc(C#N)cc3)cc[n+]2-c2ccc(C#N)c(-c3ccc(C#N)cc3)c2)cc1,19.07
N#CCn1cnc2c(C#N)nc(-c3cccc(NC(=O)c4cc(C#N)cc(-c5ccc(C#N)cc5)c4)c3)cc21,15.45
N#Cc1ccc(-c2ccc(-c3ccc(-c4nc(C#N)c(-c5ccc(C#N)cc5)o4)cn3)cn2)cc1,12.45
N#Cc1cnc(-c2ccc(-c3cc4[nH]cnc4c(C#N)n3)cc2C#N)cn1,12.01
N#Cc1cc(-c2cccc(Nc3cc(C#N)ccc3C#N)c2)cc(-c2cccc(C#N)n2)c1,16.62
N#Cc1ccc(Cn2cc(-c3ccc(C#N)cc3)nc2-c2ccc(-c3ccc(C#N)cc3)cc2)cc1,17.87
N#CC(C#N)=c1ccc(=C(C#N)c2nc3cc(-c4ccc(C#N)cn4)ccc3n2Cc2ccc(-c3ccccc3-c3cccc(C#N)n3)cc2)cc1,15.67
N#Cc1nc(-c2ccc(C#N)c(F)c2)cc(-c2ccccc2C#N)n1,11.89
N#Cc1ccc(C2=NC(=O)C(C#N)C(c3cn(-c4ccc(C#N)cc4)nc3-c3ccc(C#N)cc3)C2)cc1,21.77
N#CC=Cc1nc(-c2nc(-c3ccc(C#N)nc3)nc(-c3ccc(C#N)nc3)c2C#N)ccc1-c1ccc(C#N)cc1,14.26
N#Cc1ccc(C#Cc2cc(Nc3cc(NC(=O)c4cnccn4)cc(F)n3)cc(-c3cncc(C#N)n3)c2)cc1,31.17
C#Cc1ncc(-c2ccc(-c3cc(-c4cnc(C#N)nc4)cc(C#N)n3)cc2)cn1,15.59
N#Cc1ccc(-c2ccc(-c3nc(C#N)nc(C#N)c3C#N)cc2C#N)cn1,14.45
N#Cc1cc(-c2c[nH]c3ccc(-c4cncc(-c5ccc6c(c5)OCO6)n4)cc23)ncn1,26.68
Cc1cc(=NC(=O)Nc2ccc(C#N)c(C(F)(F)F)c2)[nH]o1,26.32
N#Cc1ccc(-c2cc(-c3ccc(C#N)nc3)cc(-c3nc(-c4ccc(C#N)c(C#N)c4)nc(-c4cccc(C#N)n4)n3)c2C#N)cc1,14.46
N#Cc1ccc(-c2cc(C#N)nc(-c3nc(-c4ccc(-c5ccncc5)cc4)nc(-c4ccc(C#N)c(F)c4F)n3)c2C#N)cc1,16.53
N#Cc1ccc(-c2cc(-c3ccc(-c4cccc(C#N)n4)cc3)nc(-c3ccc(C#N)c(F)c3F)n2)cn1,15.05
CN(c1nc2c(-c3ccc(C#N)cn3)cc(-c3cncc(C#N)c3)cc2nc1N)C1CC(C#N)C1,34.89
N#Cc1ccc(-c2[nH]c(-c3ccc(-c4cccc(C#N)c4)cc3)nc(=O)c2C#N)cc1,14.11
N#Cc1ncc(-c2nc(Cc3cccnc3)ncc2-c2ccc(F)cc2F)nc1C#N,19.16
N#Cc1cccc(-c2cc(-c3ccncc3)nc(-c3ccc(-c4cnc(C#N)c(C#N)n4)cc3)c2)n1,13.55
N#Cc1ccc(-c2ccc(-c3cc4c(ncn4Cc4cccc(-c5cccc(C#N)c5)c4)c(C#N)n3)cc2)nc1,12.49
N#CCCn1cnc2c(C#N)nc(-c3ccc(-c4ccc(C#N)nc4)cc3)cc21,12.05
CCc1nc2c(C#N)nc(-c3ccccc3)nc2n1Cc1ccc(-c2ccccc2-c2cccc(C#N)n2)cc1,21.31
N#Cc1ccc(-n2nc(-c3ccc(-c4cnc(C#N)nc4)cc3)c3nc(C#N)c(N)nc32)cc1,23.3
N#Cc1ccc(-c2nc(-c3cccc(C#N)n3)nc(-c3cccc(C#N)n3)n2)c(Cl)c1,12.04
N#Cc1ccc(-c2ccc(C#Cc3ccc(-c4cccc(C#N)n4)cc3)cn2)cn1,11.55
N#Cc1ccc(-c2ccc(C#CC#Cc3cc(-c4cncc(C#N)n4)ccc3C#Cc3ccc(-c4ccc(-c5ccc(C#N)cc5)c(C#N)n4)cc3)nn2)cc1,18.81
N#Cc1ccc(-c2cc(Cn3c(C#N)ccc3-c3cnc(C#N)c(C#N)n3)cc(-c3ccc(C#N)cc3)c2)cc1,16.63
Cc1ccc(-c2nc(C)nc(-c3ccc(F)c(-c4ccc(-n5cnc(C)c5)c(C#N)c4)n3)c2C#N)c(C)c1,16.44
CCn1c(C#N)ccc1-c1cc(-c2cnc(C#N)nc2)cc(-c2nc(C#N)cc(C#N)n2)c1,21.04
CCOC(=O)c1ccc(Br)cc1Oc1nc(Nc2ccc(C#N)cc2)c(F)c(C)c1F,31.02
N#Cc1ccc(C=CC(=O)c2nn(-c3ccc(-c4ccc(C#N)cc4)cc3)c(-c3ccc(C#N)cc3)c2C#N)cc1,23.93
N#Cc1cc(F)ccc1C(O)(C#Cc1ccc(-c2ccc(-c3ccnc(F)n3)cn2)cc1)c1cnccn1,29.43
N#Cc1ccc(-c2csc(N=c3nc(-c4ccc(C#N)cc4)[nH]n3-c3ccccc3)n2)cc1,18.39
N#Cc1ccc(-c2c(C#N)nc(-c3ccc(F)cc3F)nc2-c2cnc(C#N)c(C#N)n2)cc1,17.21
N#Cc1ccc(-c2cc(C(c3ccc(F)cc3)n3ccnc3)ccc2C#N)cc1,14.85
N#Cc1ccc(-c2cc(-c3ccc(-n4c(C#N)ccc4-c4ncccn4)cc3)nc(-c3ccc(C#N)cc3)n2)cc1,14.72
Cn1cc(-c2ccc(-n3nc(C#N)c4c5cc(C#N)ccc5ncc43)cc2)cn1,25.54
N#Cc1ccc2c(c1)nc(C(F)F)n2-c1ccc(C#Cc2cccc(C#N)n2)cc1C#N,18.8
N#Cc1cc(C(F)(F)F)nc(-c2ccc(CN=c3cccc(C#N)[nH]3)c(C#N)c2)n1,33.52
N#Cc1ccc(-c2ccc(CC(c3cc(-c4ccccc4)c(C#N)cn3)n3c(-c4ccc(N)c(C#N)c4)cc(C(F)F)c(C#N)c3=O)c(F)c2)cn1,49.41
N#Cc1nc(-c2ccncc2)cc2ncn(Cc3ccc(-c4ccncc4)cc3)c(=O)c12,15.26
N#Cc1nc(C#N)c(C#N)nc1C#N,11.74
N#CC=Cc1nc(C(F)c2nc(-c3cnc(C#N)cn3)c(C#N)cc2-c2ccc(C#N)cc2)ccc1-c1ccc(C#N)cc1,24.38
Cc1nc(-c2ccc(-c3ccc(C#N)cc3)cc2)c(-c2ccc(C#N)cc2)nc1-c1ncccc1N,12.75
N#Cc1ccc(-c2ccc(-n3nc(C(N)=O)c4c3-c3cc(Nc5ccc(-c6ccc(C#N)nc6)nc5C#N)ccc3CC4)cc2)cc1,13.22
N#Cc1ccc(C(c2ccc(C#N)cc2)c2nnc3ccccc3c2CO)cc1,25.19
Cn1c(-c2ccc(-c3cnc(-c4ccc(C#N)cn4)cc3-c3cccc(C#N)n3)cn2)ncc(C#N)c1=O,16.92
N#CC(=Cc1ccc(-c2cccc(C#N)c2)o1)c1nc(C(C#N)=c2ccc(=C(C#N)C#N)cc2)nc(-c2ccc(C#N)cc2)n1,10.26
N#Cc1ccc(-c2nc(N3CCOC(c4ccc(C#N)cc4)C3)nc(-c3cccc(-c4cncc(C#N)c4)n3)c2C#N)cc1,17.32
N#Cc1ccc(-c2ccc(-c3nc(C#N)cnc3C#N)cc2C#N)cn1,9.53
Cc1ncc(F)cc1-c1cc(-c2cc(C#N)cnn2)nc(-c2ccc(C#N)nc2)n1,23.08
N#Cc1cnc(Cl)c(-c2cc3c(ncn3CC3CC3)c(C#N)n2)c1,16.3
N#Cc1ccc(-c2cncc(-c3c(C#N)nc4ccccn34)n2)cc1,18.3
N#Cc1ncc(Cn2cnc3c(C#N)nc(-c4ccc(C#N)c(N)c4)cc32)cn1,12.64
N#Cc1ccc(-c2cc(-c3ccc(C#N)cc3)nc(-c3ccc(-c4ccncc4)cc3)c2)cc1,10.57
CC1(C)Oc2cc(-c3ccc(-c4cnc(C#N)cn4)nc3)c(C#N)cc2-c2c(-c3ccc(C#N)nc3)nc(C#N)nc21,25.93
N#Cc1ccc(Nc2cc(-c3ccc(C#N)nc3)nnc2C#N)cc1,13.33
N#Cc1ccc(-c2nc(C#N)c3cnn(Cc4ccncc4)c3n2)cc1,14.62
CC(=O)c1cnc(-c2cc(-c3ccc(C#N)cc3)c(C#N)c(-c3nc(-c4ccc(C#N)cc4)cc(-c4cnc(C#N)nc4)n3)c2)nc1,27.65
N#Cc1ccc(-c2ccc3c(-c4nc(C#N)cnc4-c4ccc(C#N)nc4)ccc(C#N)c3c2)cc1,13.78
C#Cc1cccc(N=c2[nH]cnc3ccc(-c4ccc(-c5ccc(C#N)cn5)cc4)cc23)c1,17.98
N#Cc1ccc(C#Cc2ccc(-c3cccc(C#N)n3)cc2)c(-c2ccc(-c3cncc(C#N)n3)cc2)c1,12.9
N#Cc1ccc(-c2nc(C#N)ccc2-c2ccc(C#N)cn2)cc1,12.92
N#Cc1cccc(-c2ccc(-c3ncc(C#N)nc3C#Cc3ccc(-c4cncc(C#N)n4)cc3)cc2)c1,13.4
N#Cc1ccc(-c2cc(-c3ccc(-c4cn5c(n4)sc4ccccc45)cc3)nc(-c3ccccc3N)n2)cc1,24.4
N#Cc1ncc(-c2cc(C#Cc3ccc(-c4ccc(OC5CCOCC5)c(C#N)c4)cc3C#N)ncn2)cn1,21.06
Cc1cc(C)n(-c2nc(N=CN3CCN(C=O)CC3)nc(N=CN3CCN(C=O)CC3)n2)n1,12.9
N#Cc1ccc(Nc2ccc(-c3cc(-c4ccccc4C#N)nc(-c4ccccc4C#N)n3)cc2)c(C#N)c1,19.19
Cc1ncnc(-c2cc(Cl)c(C(=O)Nc3cccc(C#N)c3)c(C)n2)c1C#Cc1ccc(C#N)cn1,21.71
N#Cc1nc2c3ccccc3n(-c3ccccc3)c2nc1C#N,18.39
N#Cc1ccc(-c2nc(-c3cc(-c4cnc(C#N)nc4)cc(-c4ccc(C#N)nc4)n3)ncc2C#N)cc1,16.03
N#Cc1ccc(-c2ccnc(-c3ccc(-c4nc(C#N)c(-c5ccc(C#N)cc5)o4)cc3)c2)cc1,15.12
N#Cc1ccc(-c2ncc(-c3ccc(-n4c5ccccc5c5ccccc54)cc3)nc2C#N)cn1,11.01
N#Cc1ccc(-c2ncc(-c3ccnc(-c4cnc(=N)[nH]c4)c3)nc2C#N)cn1,20.61
N#Cc1cnc(-c2cc(-c3ccc(C#N)nc3)cc(-n3cnc4cc(-c5cc(C#N)ncn5)ccc43)c2)nc1,14.69
N#Cc1ccc(Nc2ccc3c(c2)C(=O)c2cc(NC(=O)C4CC4)ccc2C3=O)nc1Cl,18.73
N#Cc1ccc(-c2ccc(-c3nc(C#N)c(-c4ccc(C#N)nc4)nc3N)cc2)cc1,11.84
N#Cc1cccc(-c2cc(-c3ccc(C#N)nc3)nc(-c3cccc(C#N)n3)c2)c1,14.31
N#CCc1ccc(N=Cc2c(O)c(C=O)c(O)c(C=O)c2O)c(O)c1,25.26
Cc1ccc(-c2cc(C#N)nc(C(F)(F)F)n2)cc1C#Cc1ccc(-c2cccc(C#N)n2)nc1,29.07
N#CCn1cnc2c(C#N)nc(-c3cccc(-c4ccc(C#N)cn4)c3)cc21,15.38
N#Cc1ccc(-c2cc(-c3ccc(C#N)nc3)nc(-c3nc(-c4ccc(C#N)c(-c5ccccc5)c4)nc(-c4cccc(C#N)n4)n3)c2C#N)cc1,12.45
N#Cc1ccc(-c2cc(-c3ccc(C#N)nc3)ncc2-c2ccc(-c3cnc(C#N)c(C#N)n3)cc2)cc1,15.65
N#Cc1nc(-c2ccc(-c3ncc[nH]3)cc2)cc2c1ncn2CC1CCCO1,17.62
N#Cc1ccc2c(c1)CC1(CCc3ccccc3O1)C21N=C(N)N(Cc2cccc(C#N)n2)C1=O,27.21
N#Cc1cnc(-c2nc(C#N)cc(-c3ccc(-c4cnc(C#N)c(C#N)n4)cc3)n2)cn1,17.35
N#Cc1cccc(-c2ccc(-c3nnc(C#N)c(-c4ccc(C#N)[nH]4)n3)c(Cl)c2)n1,17.24
Cn1c(C#N)ccc1-c1ccc(-c2ccnc(C#N)n2)cc1C#N,15.09
N#Cc1ccc(-c2ccc(C(=O)c3cc(-c4ccc(C#N)cc4)nc4ccc(-c5cnc(C#N)nc5)cc34)cc2)cc1,22.05
N#Cc1cccc(-c2ccc(C(=O)c3ccc(-c4cccc(C#N)c4)cc3)cc2)c1,13.89
N#Cc1ccc(-c2nc(-c3cccc(-c4ccc(Nc5cccc(C#N)c5C#N)cc4)c3)ncc2C#N)cc1,23.28
N#Cc1ccc(-c2cc(C#N)nc(-c3cc(C#N)c(C#N)cc3O)c2)cn1,17.4
Cc1cc(C#N)c(Cl)cc1-c1c(C#N)c(-c2nc(-c3ccc(-c4ccc(C#N)nc4)nc3)nn2C)nn1C,10.63
CN(c1ccc([S+](C)[O-])cc1)c1nc(-c2ccc(C#N)nc2)nc(-c2ccnc(C#N)c2)n1,27.21
CC(C)(N)C(=O)Nc1ccc2c(c1)c(C=O)cn2Cc1ccc(-c2ccc(-c3cccc(C#N)n3)cc2)cc1,32.27
N#Cc1ccc(-c2cnc(C#N)nc2-c2ccc(C#N)c(CN3CCC(c4ccc(C#N)cc4)CC3)c2)cc1,19.32
N#CCn1cc(-c2ccc(-c3cc4c(ncn4Cc4cc(C#N)c5c(c4)OCO5)c(C#N)n3)cc2)cn1,21.24
C#CCn1cnc2c(C#N)nc(-c3ccc(C#N)cc3)nc21,11.61
N#Cc1ccc(C#Cc2cncc(-c3ccc(-c4ccc(C#N)nc4)nc3)c2)cn1,21.22
N#Cc1ccc(-c2nc(-c3cccc(C#N)c3)nc(-c3cc(-n4cccn4)c(C#N)cc3N)n2)cc1,23.96
N#Cc1ccc(-c2cc(C#N)c(-c3ccc(C#N)nc3)nc2-c2ccc(-c3cccc(C#N)c3)cc2)nc1,12.39
N#Cc1ccc(-c2cnc(-c3cc(C#N)cc(-c4cccc(C#N)n4)c3)nc2)cc1,15.32
N#Cc1ccc(-c2cc(-c3cccc(C#N)n3)nc(-c3ccnc(-c4ccc(C#N)nc4)n3)c2)cc1,16.72
N#Cc1ccc(-c2ccc(-c3ncncn3)c(-c3ccc(-c4cccc(C#N)n4)cc3)c2)nc1,16.36
Cc1cc(C#N)ccc1-c1c(C#N)c(-c2nc(C#N)cc(-c3ccc(-c4ccncc4)cc3)n2)nn1-c1ccc(C#N)cc1,14.25
Cc1nc2ncc(-c3ccc(-c4ccc(F)cn4)nc3)cc2n1Cc1ccc(C(=O)c2ccc(C#N)cc2)o1,35.0
N#Cc1ccc(-c2nc(Cl)nc(C#N)c2-c2ccc(C#N)c(C#N)n2)cc1,11.19
N#Cc1cccc(-c2cc(-c3ccc(-c4nccc(C#N)n4)cc3)cc(-c3ncc(C#N)c(C#N)n3)n2)n1,16.69
N#Cc1ccc(-c2ccc(CNc3ccc(-n4c5ccccc5c5ccccc54)cc3)cc2)cc1,11.03
N#Cc1ccc(-c2ccc(-c3cc(C#Cc4ccc(-c5ccc(C#N)cn5)cn4)nc(-c4ccc(C#N)nc4)n3)cc2)nc1,23.83
Cc1nn(-c2ccc(C#N)cc2)cc1-c1cc(-c2ccc(C#N)cc2)nc(-c2ccc(C#N)cc2)n1,14.53
N#Cc1ccc(-c2cccc(-c3ccc(-c4ncccc4-c4ccc(-c5ccc(C#N)cn5)cc4)cc3)c2)cc1,15.48
N#Cc1cccc(-c2nc(C#Cc3ccc(-c4nc(C#N)cnc4C#N)cc3)nc(-c3nc(C#N)nc(-c4ccc(C#N)nc4)c3C#N)n2)c1,21.63
CN1Cc2cc(-c3nc(-c4ccc(C#N)nc4)nc(-c4ccc(OC5CCC(C(=O)O)CC5)c(C#N)c4)n3)ccc2C1=O,16.3
N#Cc1cccc(-c2ccc(-c3ccc(-c4ncc(-c5ccncn5)cn4)c(F)c3)nc2C#N)n1,21.88
Cc1ccccc1-c1cc(-c2cc(-c3ccc(C#N)cn3)nc(-c3c(C#N)cc(C#N)cc3C#N)n2)ccc1C#N,24.83
CC(C)(COc1ncc(-c2ccc(-c3nc(C#N)c(N)nc3C#N)cc2)cn1)C(=O)O,17.33
CC1=CC(OC2OC(CO)C(O)C(O)C2O)(C(=O)CO)C(C)(O)C(=O)C1=O,23.46
N#Cc1ccc(-c2ccc(-c3cc(-c4ccc(C#N)cn4)nc(C#N)n3)nc2C#N)cc1,17.24
N#Cc1ccc(-c2ccc(-c3nc(-c4ccccc4C#N)cn3-c3ccc(-c4ccc(C#N)cc4)cc3C#N)cc2)cc1,17.67
N#Cc1ccc(-c2ccc(-n3c(CO)cc4cc(-c5ncncn5)ccc43)cc2)cc1,10.57
N#Cc1ccc(-c2nc(C#N)nc(Nc3ccc4c(c3)C(=O)c3ccc(N)cc3C4=O)n2)cc1,12.25
N#Cc1ccc(C=C2C(=O)c3ccccc3C2=O)cc1,13.16
N#Cc1ccc(-c2nc(C#Cc3ccc(-c4ccc(-c5cccc(C#N)n5)cc4)cc3)cc(-c3ccc(C#N)nc3)n2)nc1,18.03
Cc1nc(-c2cccc(C#N)c2)ccc1C#Cc1ccc(-c2ncc(-c3ccccc3C#N)c(C#N)n2)cc1,20.7
N#Cc1ccc(-c2ccc(-c3cnc(C#N)nc3)c(C#Cc3cccc(C#N)n3)c2)cn1,19.69
N#Cc1ncc(-c2ccc(-c3ccc(-c4ccc(N)c(C#N)n4)c(C#N)n3)nc2)cn1,18.57
CC(C)Cn1cnc2c(C#N)nc(-c3cc(C#N)cc(-c4cnc(C#N)nc4)c3)cc21,13.15
N#Cc1ccc2ccc(C#Cc3cccc(C#N)n3)nc2c1,15.12
N#Cc1ccc(-c2ccc(-c3ccc(-c4ccc(C#N)cc4)c(C#N)n3)cc2C#N)cc1,12.51
N#Cc1ccc(-c2ccc(-c3cc4c(ncn4Cc4ccc5nc(C#N)ccc5c4)c(C#N)n3)cc2)cc1,12.07
N#Cc1ccc(-c2ccc(-n3ccc4cc(-c5ccc(C#N)nc5)ccc43)cc2)cc1,11.93
N#Cc1cc(-c2cc(-c3cccc(C#N)n3)cc(-c3ncc(C#N)c(C#N)n3)c2F)cnn1,23.45
N#Cc1ccc(-c2ccnc(-n3cc(C#N)c4ccccc43)n2)cc1,11.35
Cn1c(C#N)ccc1-c1cc(-c2ccc(-c3cccc(C#N)n3)cc2)ccn1,13.81
COc1c(C#N)cc(-c2ccc(-c3cc(-c4ccc(C#N)cn4)cc(-c4ccc(C#N)cc4)n3)cn2)n(C)c1=O,29.02
N#Cc1ccc(-c2csc(-n3nc4cc(N)c(N)cc4n3)n2)cc1,26.29
COc1nc(-c2cc(-c3ccc(C#Cc4cnc(-c5cccc(C#N)c5)nc4)c(N)c3)cc(-c3ccc(C#N)nc3)n2)ncc1C#N,26.63
N#Cc1ccc(-c2ccc(CN(c3ccc(-c4cccc(C#N)n4)cc3)c3ccc(-c4nc(Cl)ncc4O)cc3)cc2)cc1,17.09
N#Cc1ccc(-c2cc(-c3cc(-c4ccc(-c5ccncc5)cc4)cc(-c4cccc(C#N)n4)c3)ccc2C#N)cc1,18.11
N#Cc1ccc(-c2ccc(-c3nc(C#N)ccc3-c3ccncc3)cc2)nc1,12.06
N#Cc1cc(-c2cc3c(ncn3CC3CC3)c(C#N)n2)ccc1-n1cccn1,15.43
N#Cc1ccc(-c2nc(-c3ccc(C#N)c(C#N)n3)nc(-c3ccccc3C#N)n2)cn1,15.77
Cc1cc(-c2nc(-c3ccnc(C#N)c3)nc(-c3cnc(-c4ccc(C#N)nc4)c(C#N)c3)n2)nc(C)n1,22.13
N#Cc1ccc(-c2cc(-c3ccc(C#N)cc3)nc(-c3cccnc3-c3ccc(-c4cccc(C#N)c4)cc3)c2)cc1,12.58
Cc1cc(N2CCNCC2)nc(C(C#N)=Cc2ccc(-c3ccc(Cl)c(C#N)c3)o2)n1,28.72
N#Cc1ccc(-c2ccc(-c3nc(C#N)cc(C#N)n3)cc2)c(C#N)c1,15.29
N#Cc1ccc(-c2nnc(-c3ccc(-c4cccc(C#N)n4)cc3)o2)cc1,14.75
N#Cc1ccnc(C#Cc2ncc(-c3ccc(-c4cccc(C#N)n4)cn3)cn2)c1,18.05
N#Cc1ccc(-c2cc(-c3cccc(C#N)n3)cc(-c3ccc(C#N)nc3)n2)cn1,10.06
C=CCn1cnc2c(C#N)nc(-c3ccc(-c4ccc(N(C)C5CCCN(c6ccccn6)C5)nc4)nc3)cc21,36.6
Cc1cc(C#N)c(Cl)cc1-c1nc(N2CCOC(c3ccc(C#N)cc3)C2)nc(-c2nc(-c3cccc(C#N)c3)cc(C(F)(F)F)n2)c1C#N,16.22
N#Cc1ccc(-c2ccc(-c3nc(-c4ccc(-c5ccc(C#N)cc5)c(C#N)c4)nnc3C#N)cc2)cc1,12.48
N#Cc1ccc(-c2cc(-c3cncc(C#N)n3)ccc2C#N)nc1,12.71
N#Cc1ccc(-c2ccc(-c3nc4n(c3C#N)CCCO4)cc2)cc1,20.65
N#Cc1ccc(-c2ccnc(-n3ccc4ccccc43)n2)cc1,11.0
N#Cc1ccc(C=NC(=O)Cn2c(-c3ccc(-c4ccc(C#N)cc4)cc3)nc(C#N)c2-c2ccc(C#N)cc2)cc1,17.97
N#Cc1ccc(C(=O)c2cc(C#N)ccc2-n2c(-c3ccc(C#N)cc3)nc3cc(-c4ccc(C#N)nc4)ccc32)cc1,19.92
N#Cc1ccc(COc2ccc(-c3nc(-c4ccc(C#N)cc4)c(-c4ccc(C#N)cc4)nc3C#N)cc2C#N)cc1,12.71
N#Cc1ccc(-c2nc(Cc3ccc(-c4ccc(C(F)(F)F)cc4)cc3)nc(-c3ccccn3)n2)cn1,19.96
Cc1nccc(-c2ccc(-n3c(C4CCC4c4nc(-c5ccc6c(=Nc7ccc(C#N)c(C#N)c7)[nH]cnc6c5)no4)nc4ccc(C#N)cc43)cc2)n1,50.34
N#Cc1ccc(Cn2cc(-c3ccc(C#N)cc3)nc2-c2ccc(N)c(N)c2)cc1,18.42
N#CC=Cc1nc(-c2cc(-c3ncncn3)cc(-c3ccc(C#N)nc3)c2C#N)ccc1-c1nccs1,18.8
CN(C)CCN1C(=O)C2CCCN2C(=O)c2ccc(-c3ccnc(-c4ccc(C#N)cn4)c3)cc21,23.07
Cc1cc(-c2nc(C#N)nc(-c3cccc(-c4cnc(C#N)cc4C(=O)O)c3C#N)n2)cc(-c2ccc(C#N)cc2)n1,23.66
N#Cc1ccc(C#Cc2ccc(-c3cnn(-c4ccc(C#N)cn4)c3)cc2)nc1,16.46
N#CC(C#N)=C1C(=Cc2cccc(C#N)c2)C(=Cc2ccc(C#N)cc2)C(=O)C(C=O)=C1O,14.33
Cc1cc(C)n(-c2nc(=NN=Cc3ccc(C#N)cc3)cc(C)[nH]2)n1,13.67
N#Cc1ccc(-c2ccc(C=CCn3cc(-c4nc(C#N)ccc4-c4ccc(-c5ncc(C#N)cn5)nc4)cc3-c3ncc(C#N)cn3)cn2)cc1,36.4
N#Cc1ccc(-c2cc(-c3ccc(N=Cc4ccc(-c5ccc(-c6ccc(C#N)cc6)c(C#N)n5)cc4)cc3)n(-c3ccc(NC(=O)CN4CCC(O)C4)cc3)n2)cc1,28.92
N#Cc1ccc(-c2ccc(-c3ccc(-c4nc(-c5ccc(C#N)cc5Cl)c(-c5cccc(C#N)n5)[nH]4)cc3)cn2)nc1,29.2
COc1cc2nc(-c3ccc(C#N)cc3)cc(-c3cccc(-c4ccc(N=Cc5cc[n+](-c6cccc(N=Cc7ccccc7)c6C#N)cc5)cc4)n3)c(=O)c2cc1OC,34.09
N#Cc1ccc(COc2ccc(-c3ccc(C#N)c(-c4ccc(-c5cccc(C#N)n5)cc4)n3)cc2C#N)cc1,15.92
Nc1ccc2c(c1)-c1[nH]c(=O)c3ccccc3c1C2=O,19.98
N#Cc1ccc(-c2nnc(-c3ccc(-c4cccc(C#N)c4)c(C#N)n3)o2)cc1,15.12
N#Cc1ccc(-c2nc(C#Cc3ccc(-c4cccc(C#N)n4)cc3)nc(-c3cccc(C#N)n3)n2)cn1,13.93
N#Cc1ccc(-c2cc(-c3ccc(-c4ccc(C#N)nc4)c4cc(C#N)ccc34)nc(-c3ccc(C#N)cc3)c2C#N)cc1,19.79
COc1nc(-c2nc(C#N)cc(-c3nc(C#N)nc(-c4cccc(C#N)c4)n3)c2C#N)c(C)cc1C#N,18.06
CN1CCC(N(C)C(=O)C2CN(C(=O)Cc3ccncc3)CCc3c2ncn3-c2ccc(-c3cccc(C#N)c3)cc2)CC1,37.34
N#Cc1ccc(C#Cc2ccc(C#N)cc2-c2ccc(C#N)cn2)cc1,12.13
N#Cc1ccc(C=Nc2ccc3nc(C=Cc4ccc(N)cc4)sc3c2)cc1,21.09
Cc1cc(C#N)nnc1C(=O)N=c1nc(-c2ccc(C#N)cc2)cc(-c2ccc(C#N)cc2)[nH]1,27.31
Cc1nc(Cc2ccc(C#N)cc2)c2c(-c3cnc(C#N)nc3)c(C#N)cc(-n3cnc(-c4ccc(C#N)nc4)c3)c2n1,32.59
N#Cc1ccc(C#Cc2ccc(-c3ccc(C#N)nn3)cn2)nc1,12.34
CC(Nc1cc(-c2ccc(C#N)cn2)cc(-c2ccc(C#N)nc2)c1C#N)(c1nccc(C#N)n1)C1CC1,28.5
N#Cc1cccc(-c2ccc(-c3nnc(C#N)cc3-c3ccc(-c4ccc(C#N)nc4)cc3)cc2)c1,14.72
COCC(O)COC1CCc2c1nc(-c1nc(C#N)c(-c3ccc(C#N)nc3)cc1C#N)nc2N1CCOCC1C,35.47
N#Cc1ccc(-c2nc(-c3ccc(F)c(C#N)c3)cc(-c3ccc(-c4cccc(C#N)n4)cc3C#N)n2)cn1,21.69
N#CC=Cc1nc(-c2nc(-c3ccc(C#N)nc3)nc(-c3ccc(-c4ccc(C#N)cc4)nc3)n2)ccc1C#N,15.11
N#Cc1ccc(-c2cc(C#N)c(-c3ccc(-c4ccc(C#N)cn4)cc3)n2-c2ccc(C#N)c3ccc(-c4ccc(C(N)=O)cn4)nc23)cc1,32.51
N#Cc1ccc(Nc2ccc(C(=O)O)cc2C#N)cc1,17.56
Cc1cc(C#N)c(Cl)c(C)c1-c1nc(N2CCOC(c3ccc(C#N)cc3)C2)nc(-c2nc(C#N)cc(-c3c(F)c(F)c(C#N)c(F)c3F)n2)c1C#N,19.51
N#Cc1ccc(-c2ccc(C=C3COc4cc(C#N)ccc4C3=O)cc2)cc1,16.44
N#Cc1ccc(-c2cc(-c3nc(C#N)c(C#N)nc3-c3ccc(C#N)cc3)cc(N)c2C#N)cc1,12.45
N#Cc1ccc(-c2nc(C#N)c3ncn(CCc4ccccc4)c3n2)cc1,13.87
N#Cc1ccc(-c2ncc(-c3ccc(-c4ccsc4)cc3)nc2C#N)cc1,15.48
N#Cc1ccc(-c2ccc(-c3nc(-c4ncc(F)cn4)nc(-c4ccc(C#N)cc4Cl)n3)cc2C#N)cc1,18.14
N#Cc1ccc(-c2nc(C#N)cc(-c3cccc(C#N)n3)n2)cn1,12.61
C=CC(=O)Nc1cccc(-c2cc3c(ncn3Cc3cn(-c4ccc(C#N)cc4)nn3)c(C#N)n2)c1,20.25
Cn1ccc(=NC(=O)c2cc(F)c3c(c2)c(-c2ccc(C#N)cc2)cc(=O)n3-c2ccc(-c3ccc(C#N)cc3)cc2)[nH]1,25.21
N#Cc1ccccc1N=Cc1ccc(C=Nc2ccc(CN)cc2)c2ccccc12,29.14
C#CCN1CC(=O)n2c(-c3cccc(C#N)n3)nc(C)c2C1=O,30.87
N#CC1=C2C(c3ccc(C#N)cc3)C3C(=O)C(=Cc4cnccn4)COC3N2C(c2ccc(-c3ccc(C#N)cc3)cc2)C(C#N)C1C#N,43.42
C#CCOc1nc(-c2ccc(C#N)cc2)nc(C=C(C#N)c2nc(C#N)nc(C(C#N)=c3ccc(=C(C#N)C#N)cc3)n2)c1C#N,23.71
Cn1c(C#N)ccc1-c1cc(-c2cnccn2)cc(-c2cnc(C#N)c(C#N)n2)c1,14.68
CC1(C)OCC(Cn2cnc3c(C#N)nc(-c4ccc(C#N)cc4)nc32)O1,13.23
N#Cc1ccc(-c2nc(-c3cnc(OC4CCC(O)C4)c(C#N)c3)nc(-c3cc(C(=O)O)sc3C#N)n2)c(Cl)c1,31.28
N#Cc1ccc(-c2cc(-c3ccc(C#N)cc3)c(C#N)c(-c3ccc(C#N)cc3F)n2)cc1,11.53
N#Cc1ccc(-c2nc(-c3ccncn3)c(-c3ccc(-c4cccc(C#N)n4)cn3)cc2C#N)cn1,19.87
N#Cc1ncc(Cn2cnc3c(C#N)nc(-c4ccc(-n5ccc6cccnc65)nc4)cc32)cn1,19.06
N#Cc1ccc(-c2ccc(-c3onc(-c4cccc(-c5ccc(-c6nc(C#N)cs6)c(C#N)c5)n4)c3C#N)c(C(N)=O)n2)cc1,27.86
N#Cc1ccc(-c2nc(C(N)=O)cc(-c3nc(-c4ccc(C#N)cn4)cc(-c4ccc(C#N)cn4)n3)c2C#N)cc1,20.25
N#CCc1c(-c2ccc(C#N)nc2)ccc(NC(=O)c2cc(-c3ccc(C#N)cc3F)ccc2F)c1C#N,26.03
N#Cc1ccc(-c2cc(-c3ccc(-c4cccc(C#N)n4)cc3)c(-c3ccc(-c4c[nH]c(=N)cn4)c(F)c3)cn2)nc1,13.78
N#Cc1ccc(-c2nc(Cc3ccc(-c4ccccc4-c4nn[nH]n4)cc3)c(C#N)c(C#N)c2C#N)cn1,16.27
N#Cc1ccc(C#Cc2ccc(-c3cccc(C#N)n3)cc2)c(C#CCCC2NCC(O)C(O)C2O)c1,20.76
Cc1nnc(-c2ccc(-c3cccc(C#N)n3)c(C#N)n2)[nH]1,16.6
N#Cc1ccc(-c2cc(-c3cn(-c4ccc(C#N)cc4)nc3-c3ccc(C#N)cc3)nc(-c3ccc(C#N)c(F)c3F)n2)cc1,14.17
N#Cc1ccc(-c2ccc(C#Cc3nc(C#N)ccc3-c3nc(-c4cnc(C#N)nc4)cc(-c4ccc(-c5ccc(C#N)cn5)nc4C#N)n3)cc2)nc1,21.58
N#Cc1ccc(-c2cc(-c3ccc(-c4cnc(-c5cccc(C#N)n5)c(C#N)n4)cc3)cc(-c3ccc(C#N)cn3)n2)cc1,14.47
N#Cc1cnc(Oc2ccc(N=c3cccc[nH]3)cc2)c(C(=O)Nc2ccc(-c3ccccc3)cc2)c1,25.81
CCc1nc(-c2ccc(F)c(-c3cc(C#N)cc(C#N)c3)n2)c(C#N)c(-c2ccc(C)cc2C)n1,14.14
N#Cc1ccc(-c2ccc(-c3cc(-c4cncc(C#N)n4)cc(C#N)n3)nc2)nc1,10.72
CC(C)(C)OC(=O)NCCn1cnc2c(C#N)nc(-c3ccc(-c4c[nH]c(=N)cn4)c(F)c3)cc21,21.93
N#Cc1ccc(-c2cc(C#N)cc(-c3ncnc(-c4ccc(-c5ccc(C#N)nc5)nc4)n3)c2C#N)cc1,14.29
N#Cc1ccc(-c2cc(-c3cccc(C#N)n3)nc(-n3ccc4c(C#N)cccc43)n2)cn1,14.03
N#Cc1ccc(-c2ccc(NC(=O)c3cnc(C#N)c(-c4ccc(-c5ccc(C#N)cc5)cc4)n3)cc2)cc1,18.68
CN(c1nccc(-c2cc(-c3cnc(C#N)nc3)ncn2)n1)c1ccc(C#N)cc1C#N,18.37
N#Cc1cncc(-c2cc(-c3ccc(-c4cnc(C#N)c(C#N)n4)c(C#N)c3)nc(-c3ccc(C#N)nc3)n2)c1,13.89
N#Cc1ccc(-c2ncc(-c3cccc(-c4ccc(-n5cc(-c6ncncn6)cn5)cc4)c3)o2)nc1,24.58
N#Cc1ccc(-c2nc(-c3ccc(C#N)cn3)cc(-c3cccc(C#N)n3)n2)cc1,13.55
N#Cc1ccc(-c2nc(-c3ccc(C#N)cc3)c3cnn(-c4ccc(C#N)cc4)c3n2)cc1,14.35
N#Cc1ccc(-c2ccc(Cc3nn(Cc4ccc(-c5ccccc5-c5nn[nH]n5)cc4)c(=O)c4ccccc34)cc2)cc1,18.71
CC(C)n1nc(-c2ccc(-c3cccc(C#N)c3)cc2)nc1-c1cnc(-c2ccc(C#N)cn2)nc1,13.47
N#Cc1ccc(-c2nc(-c3ccc(Cl)cc3Cl)nc(-c3c(F)c(F)c(C#N)c(F)c3F)n2)cc1,17.43
N#Cc1ccc(CCn2cnc3c(C#N)nc(-c4ccc(-c5ccc(C#N)nc5)cc4)cc32)cc1,12.36
N#Cc1ccc(-c2c(C#N)nc(-c3ccc(F)cc3F)c3cc(C#N)c(=O)n(-c4ccc(-n5ncnc5CO)cc4)c23)cc1,31.17
CC1(C)CCc2cc(C3Oc4c(O)cc(C=O)cc4C3=O)c(O)cc2O1,28.97
Cc1nccc(-c2ccc(-n3cc(-c4ccc(C#N)cc4)c4ccc(-c5ncncn5)cc43)cc2)n1,16.99
N#Cc1cc(C#N)cc(-c2ccc(-c3ccc(-c4cccc(C#N)n4)cn3)cc2C#N)c1,16.22
N#Cc1cc(-c2ccc(-c3cccc(C#N)n3)c(C#N)n2)c2ccccc2c1,16.28
N#Cc1ccc(-c2ccc(-c3cc(-c4cc(C#N)ccc4F)cc(C#N)n3)nc2)nc1,14.6
N#Cc1ccc(-c2ccc(-c3cc(-c4ccc(C#N)nc4)nc(-c4cccc(C#N)n4)c3)nc2)nc1,12.87
N#Cc1cnc(-c2cc(-c3cncc(C#N)c3)cc(-n3cnc4cc(-c5cnc(C#N)nc5)ccc43)c2)nc1,14.21
N#Cc1ccc(-c2ccc(-c3nnc(C#N)nc3-c3ccc(C#N)nc3)cc2)nc1,12.86
N#Cc1ccc(C=Cc2nc(C#N)nc(C#Cc3ccc(-c4cccc(C#N)n4)cc3)n2)cc1,21.92
N#Cc1ccc(-c2ccc(-c3nc(C#N)c4nc[nH]c(=NCc5ccc(-c6ncccn6)cc5)c4n3)cc2)cn1,13.84
N#Cc1ccc(-c2cc(-c3nc(C#N)c[nH]c3=Nc3ccc(C#N)nc3)nc(-c3ccccc3C#N)n2)cc1,20.89
N#Cc1ccc(-c2cc(-c3ccc(-n4cc(-c5ccc(C#N)cc5)nn4)cc3)nc(-c3ccc(C#N)nc3)c2)cc1,15.06
N#Cc1ccc(-c2c(-c3ccc(-c4ccc(C#N)nc4)cc3)nc(C#N)c3ncnn23)cc1,14.37
N#Cc1ccc(-c2ccc(-c3ncc(NC(=O)Cc4cccc(C#N)n4)c(C#N)n3)cc2C#N)cn1,20.41
N#Cc1ccc(-c2cc(-c3ccc(C#N)cc3)c(C#N)c(-c3nc(-c4ccc(C#N)cc4)nc(-c4cccc(C#N)n4)n3)n2)cc1,9.88
Cc1cc(-c2cc(C3CC3)nc(-c3ccc(OC4CCN(c5ncc(C#N)cn5)CC4)c(C#N)c3)n2)no1,26.16
N#Cc1ccc(-c2ccc(C#Cc3ccc(-c4ccc(C#N)nc4)cn3)cc2)cc1,11.89
N#Cc1ccc(-c2cc(-c3ccc(C#N)nc3)nc(Nc3cc(-c4cnc(C#N)nc4)cc(-c4cncc(C#N)c4)c3)c2C#N)cc1,24.64
Cc1nc(C#N)ccc1-c1nc(N2CCC3(COC3)C2)c(-c2ccc(-c3ccc(C#N)cn3)nc2)nc1C#N,23.0
N#Cc1cccc(C(=O)Nc2cccc(-c3nc(C#N)c4ncn(CCO)c4n3)c2)c1,18.47
N#Cc1ccc(-c2ccc(-c3nc(C#N)c(-c4nc(-c5ccc(F)nc5)c5ccccc5c4C#N)nc3C#N)nc2C#N)cn1,29.13
N#Cc1ccc(-c2ccc(-c3ccc(-c4ccccc4C#N)cc3)nc2C#N)cc1,11.13
N#Cc1ccc(C=Cc2nc3ccccc3c(=O)n2-c2cccc(-c3cccc(C#N)c3)c2)cc1,14.21
N#Cc1cc(-c2ccc(C#N)nc2)c(C#N)c(-c2nc(C#N)nc(-c3ccc(-c4ccc(C#N)nc4)nn3)n2)c1,19.07
N#Cc1ccc(-c2ccc(-c3nc(-c4ncc(C#N)cn4)cc(-c4nc(C#N)ccc4C#N)n3)cc2C#N)cc1,17.65
N#Cc1ccc(-c2ccc(-c3c4c(C#N)cccn4c(=O)n3-c3cc(-c4ccc(C#N)nc4)cc(-c4cccc(F)n4)c3)cc2)cc1,31.65
Cn1cc(-c2ccc(-c3cc4c(ncn4Cc4cccc(C#N)n4)c(C#N)n3)cc2)cn1,10.95
Cc1cc2ccccc2n1-c1nc(-c2ccc(C#N)cc2)cc(-n2ccc3ccccc32)n1,14.49
CC(=O)NC(c1ccc(-c2cn[nH]c2)cc1)c1ccc2c(c1)OCO2,27.23
N#Cc1ccc(Nc2nc(-c3ccc(F)c(C#N)c3F)cnc2C#N)cc1,15.08
CCCCCC(=O)c1c(O)c(O)n(-c2ccc(-c3cccc(C#N)n3)cc2)c1-c1ccc(C#N)cc1,15.09
COc1ccc2c(c1)OC(=Cc1cccn1-c1ccc(-c3ccc(C#N)cc3)c(C#N)c1)C2=O,23.83
N#Cc1ccc(-c2ccc(-c3nc(-c4ccccn4)c(-c4ccc(-n5cncn5)cc4)nc3-c3ccc(C#N)cc3)nc2C#N)cc1,23.64
Cc1cc(C#N)c(Cl)cc1-c1nn(C)c(-c2nc(-c3ccc(C#N)nc3)cc(-c3cccc(C#N)c3)n2)c1C#N,16.06
N#Cc1ccc(NC=C2C(=O)C(=CNc3ccc(-c4ccc(-c5ccc(C#N)cc5)c(C#N)c4)cc3)C(O)=C(C=O)C2=O)cc1,14.19
N#Cc1ccc(CN(c2ccc(-c3cncc(C#N)n3)c(-c3ccncn3)c2)c2ccnc(C#N)n2)cc1,24.78
N#Cc1ncc(-c2ccc(-c3ccc(-n4c(C5CC5)nc5ccc(Br)nc54)cc3)cc2)nc1C#N,30.01
N#Cc1ccc(-c2ccc(-c3ncc(-c4ccc(OCc5ncc(N)c(C#N)n5)cc4)nc3-c3ccc(C#N)cc3)cc2)cc1,16.02
N#Cc1ccc(-c2ccc3c(c2)OCc2cc(C(=O)O)nn2-3)cn1,21.73
N#Cc1ccc(-c2nc(OCc3ccncn3)c(-c3ncccn3)nc2C#N)cn1,14.8
N#Cc1cnc(-c2ccc(-c3ccc(C#N)cc3-c3cnc(-c4cccc(C#N)n4)c(C#N)n3)nc2)nc1,13.36
N#Cc1ccc(-c2cc(-c3ccc(C#N)c(-c4ccccc4)n3)nc(-c3cccc(C#N)n3)n2)cn1,11.59
C#Cc1cc(-c2cc(C#N)c(-c3ccc(-c4cccc(C#N)n4)c(C#N)n3)nc2C#N)ccn1,22.62
C#Cc1cc(Nc2cc(-c3cncc(C#N)n3)cc(-c3ncncn3)n2)ccc1-c1ncc(C#N)o1,20.55
Cc1nn(-c2ccc(C#N)cc2)c2ncn(CCc3ccccc3)c(=O)c12,22.23
N#Cc1ccc(-c2ccc(-c3cn(-c4ccc(-c5cc(-c6ccc(C#N)cc6)nc(-c6ccc(C#N)cc6O)n5)cc4)cn3)cc2)cc1,22.86
N#Cc1ccc(-c2cc(C#N)nc(-c3nc(-c4ccc(C#N)nc4)cc(-c4cncc(C#N)n4)n3)c2C#N)cc1,15.97
N#Cc1cc(-c2cnc(C#N)nc2)cc(-c2cc(F)c(C#N)c(F)c2F)n1,10.74
O=CCc1nc(-c2ccc(-c3ccccc3)cc2)cn1Cc1ccc(-c2ccccc2-c2nn[nH]n2)cc1,24.39
N#CC=Cc1cc(C#N)cc(-c2nc(-c3ccc(C#N)cc3)nc(-c3ccc(C#N)nc3)n2)n1,12.29
N#Cc1ccc(-c2nc(SCCCO)c(-c3ccc(Oc4ccc(C#N)c(C#N)c4)cc3)nc2C#N)cc1,22.79
N#Cc1cc(-c2nnc(C#N)c(C#N)n2)cnc1-c1cccnc1,18.37
CC(C#N)(c1ccc(-c2ccc(C#N)nc2)cc1)c1nnc(C#N)c(N2CCC(Cc3ccc(F)cc3)CC2)n1,26.79
N#Cc1ccc(-c2c(C#N)nc(-c3ccccc3Cl)nc2-c2ccc(C#N)cn2)cc1,20.22
N#Cc1c(F)c(F)c(-c2cc3c(ncn3CC3CC3)c(C#N)n2)c(C#N)c1F,15.31
N#Cc1ncc(C#Cc2cccc(-c3ccc(-c4nc(C#N)c(C#N)o4)cn3)c2)cn1,19.55
CN1CCN(Cc2ccc(-c3cc(-c4nc(C#N)c[nH]4)cc(-c4ccc(-c5ccc(C#N)c6ccccc56)cn4)n3)cc2)CC1,27.03
N#Cc1cc(Br)cc(C=Cc2ccc(-c3nc4cc(Br)ccc4[nH]3)cc2)c1,24.67
N#Cc1ccc(-c2cc(-c3cnc(C#N)nc3)nc(-c3ccc(-c4ccc(C#N)nc4)c(C#N)n3)c2)cn1,21.12
N#Cc1ccc(-c2nc(C#N)ccc2C#Cc2ccc(-c3nc(C#N)c[nH]3)c(F)c2)cc1,17.3
N#CC=Cc1nc(C(NCc2ccc(Oc3ccc(C#N)cc3)cc2)c2ccc(C#N)cc2)ccc1-c1cncc(C#N)n1,26.95
N#Cc1cncc(-c2ccc3c(c2)c(C#N)cn3-c2ccc3c(N4CCOCC4)nc(-c4ncncn4)nc3c2)n1,24.42
N#Cc1ccc(-c2cc(-[n+]3ccc(-c4ccc(C#N)nc4)cc3)nc(-[n+]3ccc(C=NO)cc3)n2)cc1,15.87
N#Cc1ccc(-c2ccc(-c3nc(C#N)c(-c4ccc(C#N)nc4)nc3N3CCC4(COC4)C3)cc2)nc1,15.21
N#Cc1ccc(CN(c2ccc(-c3ccccc3)cc2)c2nc3ccc(-c4cccc(C#N)n4)cc3nc2C(c2ccc(F)cc2)c2ccc(C#N)cc2)cc1,28.25
N#Cc1ccc(-c2ccc(-c3cccc(-c4cnc(C#N)nc4)c3F)nc2C#N)cc1,18.43
N#Cc1ccc(-c2nc(C#N)c(C#N)nc2-c2ccc(C#N)cc2C#N)cc1,13.89
Cn1c(-n2cc(C#N)c3ccccc32)nc(-c2ccncn2)cc1=O,12.25
N#Cc1ccc(-c2ccc(-c3nc4ccc(Br)cc4c(=S)n3-c3ccc(C#N)c(C#N)c3)cc2)cc1,18.77
N#Cc1ccc(C=C2CCC(=Cc3ccc(-n4ccc(C#N)c4)cc3)C2=O)cc1,17.33
N#Cc1ccc(-c2cc3c(-c4ccc(C#N)cc4)cc(-c4cccc(C#N)n4)cn3n2)cc1,14.21
COc1ccc2c(c1)C(=O)C(C=Nc1cc(Nc3ccc(N)cc3)nc(N=Cc3ccc(C#N)cc3)n1)C2=O,29.22
Cc1nc(-c2ccc(C#N)cc2)c(C#N)nc1-c1nc(-c2ccc(C#N)nc2)cs1,18.44
N#Cc1ccc(-c2ccc(Cn3cc(-c4cnc(-c5ccc(C#N)cc5)c(-c5ccc(C#N)cc5)n4)nn3)cc2)cc1,20.43
N#Cc1ccc(-c2ccc(-c3nnccc3-c3ccc(-c4cnc(C#N)c(C#N)n4)cc3)cc2)cn1,14.56
N#Cc1ccc(-c2nc(-c3ccc(C#N)cc3)c(C=Nc3cc(C#N)ccn3)c(O)c2C#N)cc1,10.71
N#Cc1ccc(-c2ccc(-c3cc4c(ncn4CC4CCN(C=O)CC4)c(C#N)n3)cc2)nc1,9.78
N#Cc1cncc(-c2ccc(-c3cc4c(ncn4CC4CC4)c(C#N)n3)cc2)n1,9.36
N#Cc1ccc(-c2ccc(-c3cc(-c4ccc(C#N)nc4)cc(C#N)n3)cc2)c(C#N)c1,12.94
N#Cc1cccc(Oc2ncc(-c3nc(-c4ccc(C#N)nc4)nc(-c4ccc(C#N)nc4)n3)cc2C#N)c1,18.53
N#Cc1ccc(-c2ccc(-c3nc(C#N)c(-c4ccc(-c5ccc(C#N)cn5)nc4)nc3C#N)nc2C#N)cc1,11.21
N#Cc1ccc(-c2ccc(-c3nc(C#N)c(C#N)nc3C#N)c(F)c2)nc1,13.2
N#Cc1ccc(-c2nn(-c3cccc(-c4cccc(C#N)n4)c3)nc2-c2cccc(C#N)n2)cc1,16.72
N#Cc1ccc(-c2ccc(-c3cc(-c4ccc(C#N)cn4)nc(-c4cccc(-c5ccc(C#N)cc5C#N)c4C#N)n3)cc2)cc1,10.94
N#CC=Cc1cc(-c2ccc(C#N)nc2)cc(-c2ccc(C#N)cn2)n1,10.18
N#Cc1ccc(Nc2ccc(-c3ccc(-c4ccc(C(F)(F)C#N)cc4)cc3)nc2C#N)cc1,22.09
N#Cc1ccc(-c2nc(C#N)c(C#N)nc2-c2ccc(C=Nc3ccc(C#N)c(Cl)c3)cc2)cc1,17.66
N#Cc1ccc(-c2ccc3c(C#N)nc(-c4ccc(-c5ccc(CO)nn5)nc4)c(O)c3n2)cn1,19.84
N#Cc1ccc(-n2ccc(Cn3cnc4c(C#N)nc(-c5cccc(C#N)c5)cc43)n2)cc1,14.49
N#Cc1ccc(-c2cc(-c3cc(C#N)nc(=Nc4cc(C#N)ncn4)[nH]3)ccc2C#N)cc1,18.91
N#Cc1ccc(-c2nc3ccc(-c4cccc(C#N)n4)cc3nc2-c2ccc3ncc(-c4ccc(-c5ccc(C#N)cn5)nc4)nc3c2)cc1,20.17
N#Cc1ccc(-c2c(C#N)ncnc2-c2ccc(-c3cccc(C#N)n3)cc2)cc1,17.05
COc1ccc(-c2nc(-c3cccc(C#N)c3)nc(-c3ccc(C#N)c(-c4ccc(C#N)cc4)c3)n2)c(OC)c1,17.37
N#Cc1ccc(-c2ccc(-n3c(=O)cc(-c4ccc(C#N)cc4)c4cc(-c5cnc(C#N)nc5)ccc43)cc2)cc1,10.41
N#Cc1ccc(-c2cc(-c3ccc(C#N)nc3)nc(C=Cc3nc(C=Cc4cccc5ccccc45)cc(-c4ccc(C#N)nc4)n3)n2)cc1,27.91
COCCn1c(C#N)ccc1-c1cc(-c2nccc(-c3ccc(C#N)nc3)n2)ccc1C#N,15.1
N#CC(C#N)=c1ccc(=C(C#N)c2ncc(C#N)c(C#N)n2)cc1,12.01
N#Cc1ccc(C2(C#N)C(=O)Nc3ccccc3C2=O)cc1,17.89
N#Cc1ccc(-c2cc(-c3ccc(Br)cc3)nc(Nc3ccc4c(c3)C(=O)c3ccc(N)cc3C4=O)n2)cc1,17.21
N#Cc1ccc(-c2cncc(-c3nc(C#N)c(-c4ccc(C#N)cc4)cc3N)c2)cc1,17.38
Cc1cc(C#N)ccc1-c1nc(N2CCCC(C#N)C2)nc(-c2nccc(-c3ccc(-c4ccncc4)cc3)n2)c1C#N,16.43
N#Cc1cc(-c2cnc(C#N)nc2)nc(-c2ccc(-c3ccc(C#N)c(-c4coc(C#N)c4)n3)c(F)c2O)c1,27.82
N#Cc1ccc(-c2ccc(-c3cnc(C#N)nc3-c3ccc(C#N)nc3)cc2)nc1,11.89
COCc1nc(-c2cc(-c3cnc(C4(C#N)C5COCC54)c(Cl)c3)nc(C#N)n2)cc(-c2ccc(C#N)cc2)c1C#N,31.67
N#Cc1ccc(-c2nc(C#N)cc(-c3ccc(F)c(C#N)c3F)n2)cn1,18.76
N#Cc1ccc(-c2cc(-c3ccc(C#N)cc3)c(C#N)c(-c3nc(-c4ccc(C#N)cc4)nc(-c4ccccn4)n3)n2)cc1,12.44
N#Cc1ccc(-c2cc(CCc3ccc(N)cc3)nc(-c3ccc(C#N)cc3)c2)cc1,15.92
N#Cc1cccc(-c2ccc(-c3cnc(-c4nc(-c5ccccc5)c(Cl)cc4C#N)cn3)nc2C#N)n1,21.84
N#Cc1ccc(-c2ccc3c(ccn3-c3ccc(-c4cccc(C#N)n4)cc3)c2)cc1,15.83
Cc1cc(-c2cc(=O)nc(-c3ccc(C#N)nc3)[nH]2)cc(C)n1,16.92
CCOC(=O)c1nc2cc(-c3cccc(C#N)n3)ccc2c(=Nc2cccc(-c3ccc(C#N)cn3)c2)[nH]1,31.5
N#Cc1ccc(-c2nc(-c3ccc(N=Cc4cccc(C#N)c4)nc3)cc(N3CCNCC3)n2)nc1,18.88
CN(C)CC=CNc1ccc2c(c1)cc(-c1ccc(NC=N)cc1)c1ccc(N)cc12,32.62
COCCOc1ncc(-c2ccc(-c3cc(-c4ccc(F)cn4)nc(-c4ccc(C#N)nc4)n3)cc2C#N)cn1,21.66
Cn1cc(C#Cc2ccc(-c3nc(C#N)ccc3-c3ccc(-c4ccc(C#N)cn4)cc3)cn2)cc(N)c1=O,22.97
N#Cc1ccc(-c2ccc(-c3ncc(C#Cc4ccc(-c5cncc(C#N)n5)cc4)cn3)cc2C#N)cc1,11.55
CCc1nc2ccccc2n1Cc1ccc(-c2ccc(C#N)nc2)cc1F,20.09
N#Cc1ccc(-c2cc3cnc(Nc4ccc(-c5ccccc5)cc4)cn3n2)cc1,21.35
CN(C)c1ncc(-c2ccc(-c3cc4c(ncn4Cc4cn(-c5ccc(C#N)cn5)c5cccnc45)c(C#N)n3)cn2)cn1,21.45
N#Cc1ccc(-c2nc(-c3ccccc3N)nc(-c3nc(C#N)cc(-c4ccc(C#N)cc4)c3C#N)n2)cc1,15.39
Cc1nc(C#N)c(C#N)nc1-c1ccc(-c2cc(-c3ccc(C#N)cc3)cc(-c3ccc(C#N)cc3)n2)nc1,15.37
N#Cc1ccc(-c2cc(-c3cnc(C#N)nc3)nc(-c3cccc(C#N)n3)n2)cn1,11.49
N#Cc1cnc(-c2ccc(-c3cc4c(c(C#N)n3)c3cccnc(c3=O)n4Cc3cccc(N)n3)cn2)cn1,30.93
CN(C)c1ncc(-c2cc3c(cn2)c(-c2ccc(-c4ccc(C#N)cn4)nc2)nn3-c2ccc(F)cc2)cn1,26.93
Cn1cc(-c2ccc(C#N)n2-c2ccc(-c3ccc(C#N)cc3)cc2)cc1C=C(C#N)C#N,25.93
N#Cc1ccc(-c2cc(-c3ccncc3)c(-c3ccc(-c4ccc(C#N)nc4)cc3)nn2)cc1,13.92
N#Cc1ccc(-c2cc(-c3ccccc3C#N)nc(-c3ccc(N)c(N)c3)n2)cc1,13.4
N#Cc1ccc(-c2ncc(C#N)nc2-c2nccc(C#N)n2)cn1,11.52
N#Cc1cccc(-c2cc3nc(-c4cnc(=N)[nH]c4)nc(-c4ccc(C#N)nc4)c3c(C#N)n2)c1,20.0
N#Cc1ccc(-c2cc(C(=O)Nc3ccc(F)c(-c4ccnc(C#N)n4)c3)cc(-c3cncc(C#N)n3)c2)nc1,19.72
N#Cc1ccc(N2CCN(c3nc(C#N)c(-c4ccc(-c5ccc(C#N)nc5)c(C#N)c4)nc3C#N)CC2)nc1,18.91
COc1ncc(-c2ccc(-c3cc(-c4ccc(C#N)nc4)nc(C#N)n3)cc2F)cn1,12.69
N#Cc1ccc(C#Cc2ccc(-c3cc(-c4ccc(C#N)nc4)cc(C#N)n3)cc2)nc1,12.92
Cn1cc(-c2ccc(Cn3cnc4c(C#N)nc(-c5ccc(-c6ccc(C#N)cc6)c(C#N)c5)cc43)nc2)cn1,14.91
N#Cc1ccc(-c2cc(-c3ncc(C#N)c(-c4ccc(C#N)cn4)n3)ccc2C#N)cc1,15.28
N#Cc1ccc(-c2nc(-c3ccc(N=Cc4cccc(C#N)c4)nc3)nc(-c3c(F)cc(C#N)c(F)c3F)n2)nc1,18.16
COc1cc(OC)nc(-[n+]2ccc(-c3cc(-c4ccc(C#N)cc4C#N)nc(-c4ccc(C#N)nc4)n3)cc2)n1,27.9
N#Cc1ccc2c(-c3ccc(-c4cccc(C#N)n4)cc3)c(C#N)cnc2c1,19.53
N#Cc1ccc(-c2cncc(Cc3ccc(-c4ccccc4C#N)cc3)n2)cc1,17.44
N#Cc1cccc(-c2ccc(N)c(-c3nc(C#N)c[nH]3)c2)n1,14.46
N#Cc1ccc(-c2cc(=O)n(-c3nc(-c4ccc(C#N)nc4)cc(-c4cccc(C#N)n4)n3)cc2C#N)cc1,16.71
N#Cc1ccc(-c2cc(C#Cc3csc(C#N)n3)cc(-c3ccc(-c4cccc(C#N)n4)nc3)c2)nc1,19.53
N#Cc1cccc(-c2ccc(C#Cc3cnc(-c4ccc(C#N)c(F)c4)nc3)c(C#N)c2)n1,19.03
N#Cc1ccc(-c2nc(-c3ccc(N)cc3)nc(-c3ccc(C#N)c(F)c3F)n2)cc1,14.94
Cc1cc(C#N)ncc1-c1nc(-c2ccc(C#N)nc2)cc(-c2cccc(C#Cc3ccc(-c4ccc(C#N)cn4)cn3)c2)n1,29.52
N#Cc1ccc(-c2cnc(-c3ccc(C#N)cn3)cc2-c2cnc(C#N)nc2)cc1,11.47
N#Cc1ccc(-c2ccc(Nc3cc(=NC4CC4)n4ncc(=Cc5[nH]c(=O)[nH]c5O)c4n3)cc2)cc1,15.5
CN1Cc2c(cc(-c3cncc(C#N)n3)nc2-c2cnc(C#N)nc2)-c2ccc(C#CCN3CCc4ccccc4C3=O)cc21,29.99
N#Cc1ccc(-c2cccc(-c3nc(-c4cccc(C#N)n4)cc(-c4cncc5ccccc45)n3)c2C#N)nc1,17.72
Cc1[nH]c(=O)c(-c2ccnc(-c3ccc(C#N)cn3)n2)cc1C#N,16.66
N#Cc1ccc(-c2nc3ccc(-c4ccc(C#N)nc4)cc3nc2-c2ccc(C#N)cc2)cc1,14.45
N#Cc1ccc(-c2c(C#N)nc(-c3ccc(OCC4CC4)c(C#N)c3)nc2-c2ccc(C#N)nc2)cc1,19.7
N#Cc1ccc(-c2cc(-c3cnc(-c4ccc(C#N)cc4)c(C#N)n3)nc(OCC3CNC(=O)C3)c2C#N)cc1,21.67
N#Cc1ccc(-c2ccc(-c3cc(-c4cnc(C#N)nc4)cc(C#N)n3)nc2)nc1,11.6
N#Cc1cc(C#N)nc(-c2ccc(-c3cc(C#N)ncn3)cc2)c1,15.05
N#Cc1ccc(-c2ccc(-c3cc4ncc(-c5ncncn5)cc4c(C#N)n3)cc2C#N)cn1,15.9
N#Cc1ccc(-c2cc(-c3ccc(C#N)cc3)nc(-[n+]3ccc(-c4ccc(C#N)cc4)cc3-c3ccc(C#N)cc3)c2)cc1,10.93
COc1nc(-c2ccc(C(=O)O)nc2)ccc1-c1nc(C#N)ccc1-c1ncncn1,25.75
N#CC(=Cc1ccc(-c2ccc(C#N)cc2)o1)c1nnc(-c2ccc(-c3cccc(C#N)c3)cc2)c(-c2ccc(-c3ccc(C#N)cc3)cn2)n1,14.55
Cc1nc(C)c(C#N)c(-c2ccc(-c3ccc(C#N)cn3)c(C#N)n2)c1C#N,16.97
N#Cc1cccc(-c2cc(C#N)cnc2C#Cc2cc(C#N)ccc2F)c1,13.71
N#Cc1ccc(C#N)c(-c2ccc(C#Cc3ccc(-c4ccncc4)cc3)c(C#N)c2)n1,21.8
Cc1cc(-c2nccc(-c3nc(C(C#N)=Cc4ccc(C#N)cc4)nc(-c4ccc(C#N)nc4)c3C#N)n2)cc(C)n1,21.02
N#Cc1cnc(-c2ccc(C#N)c(-c3ccc(C#N)nc3)n2)c(C#N)c1,14.97
N#Cc1ccc(-c2ccc(-c3nnn(Cc4cccc(C#N)c4)c3-c3ccncc3)cc2)nc1,19.01
N#Cc1ccc(-c2ncc(-c3ncc(C#N)c(C#N)n3)cn2)cn1,13.4
N#Cc1ccc(C#Cc2ccc(-c3cc(-c4ccc(C#N)cc4)nc(-c4ccc(C#N)c(F)c4F)n3)cn2)cc1,16.63
N#Cc1ccc(-c2cc3c(ncn3Cc3cc4cc(C#N)ccn4n3)c(C#N)n2)cc1,16.95
Cn1cc(-c2cc(-c3cccc(C#N)c3)nc(-c3ccc(-c4c[nH]c(=N)c(C#N)c4)cn3)c2C#N)cn1,26.43
Cc1cc(C#N)ccc1-c1cccc(-c2nc(-c3cnc(C#N)nc3)cc(-c3ccnc(C#N)n3)n2)c1C#N,18.67
O=C(CN1CCOCC1)N=c1ccc(N=c2nc(-c3ccc(-c4ccc(F)cn4)nc3)cc[nH]2)c[nH]1,28.46
N#Cc1cccc(-c2ccc(-c3ncc(-c4nnc(CN)nc4C#N)cc3C#N)nc2C#N)n1,21.57
N#Cc1cccc(-c2ccc(-c3nc(-c4ccc(C#N)nc4)no3)cc2)c1,14.68
Cc1cc(C#Cc2ccc(-c3ccc(C#N)nc3)cc2F)c(=O)[nH]n1,29.65
N#Cc1cncc(-c2cc3c(ncn3Cc3ccc(-c4ccccc4C#N)cc3)c(C#N)n2)c1,12.09
N#Cc1ccc(-c2ccc(-c3nc(-c4ccccc4C#N)nc(-c4ccc(C#N)c(F)c4F)n3)cc2C#N)nc1,14.04
N#Cc1ccc(-c2nc(-c3ccc(OC(F)F)c(C#N)c3)nc(-c3ccc(OC4CCC(C(=O)O)CC4)c(C#N)c3)n2)c(C#N)c1,15.14
CN(C(=O)c1ccc(-c2nc(C#N)ccc2C#N)cc1)C1CCN(c2cc(-c3ccc(F)cc3)ncn2)CC1,24.5
N#Cc1cncc(-c2ccc(-c3nc(N4CCOCC4)c(C#N)nc3-c3cccc(C#N)n3)cc2)n1,18.82
Cn1cncc1C(c1ccc(C#N)cc1)(c1cnc(C#N)cn1)n1cc(-c2cc(-c3ccc(C#N)cn3)nc(-c3cccc(C#N)n3)c2)cn1,26.96
N#Cc1ccc(-n2nc(-c3nc(-c4ccc(-n5c6ccccc6c6ccccc65)cc4)nc(-c4ccc(C#N)nc4)n3)c(C#N)c2-c2ccc(C#N)c(C#N)c2)cc1,18.34
N#Cc1ccc(-c2ccc(-c3ccc(-c4cnc(-c5ccc(C#N)cc5)c(C#N)n4)cn3)cn2)cc1,10.92
CN(C)C=C1C(=O)C(=CNc2cccc3c(N)cccc23)C(=O)C(=Cc2ccc(C#N)cc2)C1=O,15.73
N#Cc1ccc(Cn2cc(CSc3nc(-c4ccc(C#N)cc4)cc(-c4ccc(C#N)nc4)n3)nn2)cc1,18.4
N#Cc1cnc(-c2cc(-c3ccccc3-c3cnc(C#N)c(C#N)n3)ccc2C#N)nc1,25.8
N#Cc1ccc(-c2c(C#N)nc(-c3ccc(-c4ccc(C#N)cn4)cc3)n2CC(N)=O)cc1,16.2
N#Cc1ccc(C#Cc2cc(-c3cccc(C#N)n3)cc(-c3cccc(C#N)n3)c2)nc1,10.68
N#Cc1ccc(-c2ccc(-n3ccc(-c4ccc(C#N)nc4)cc3=O)nc2C#N)cc1,12.18
N#CC(C#N)=c1ccc(=C(C#N)c2nc(C#N)nc(C(=O)c3c(F)c(F)c(F)c(F)c3F)n2)cc1,17.87
N#Cc1ccc(CNC(=O)Cn2cnc3c(C#N)nc(-c4cccc(-c5ncc(C#N)cn5)c4)cc32)cc1,19.45
N#Cc1ccc(-c2ccc(-c3nc(-c4ccc(C#N)nc4)nc(-c4ccc(-c5ccc(C#N)cn5)nc4)n3)cn2)nc1,11.75
N#Cc1ccc(C#N)c(-c2ccc(C#Cc3ccc(-c4cnc(C#N)nc4)nc3)nc2)n1,13.94
N#Cc1ccc(-c2ccc(-n3[nH]c(C#N)c(-c4ccc(C#N)cc4)c3=O)c(C#N)c2)cc1,26.78
N#Cc1cnn(-c2ccc(-c3ccc4c(c3)ncn4-c3ccc4ncccc4c3)cn2)c1,24.41
N#Cc1cnc(-c2cccc(-c3cnc(-c4cccc(C#N)n4)c(C#N)n3)c2)cn1,8.71
N#Cc1ccc(-n2ncc3c(Nc4ccc(-c5ccc(-n6c(=O)ccc7cccnc76)cc5)cc4)cc(-c4ccc(C#N)nc4)nc32)cc1,25.53
N#Cc1ccc(-c2ccc(Oc3nc(-c4ccc(C#N)nc4)cc(-c4ccncn4)n3)c(C#N)c2)nc1,18.63
N#CC(C#N)=c1ccc(=C(C#N)c2ncnc(Cc3ccc(-c4ccccc4)cc3)n2)cc1,15.23
COc1cccc(-c2nc(C#N)nc(-c3nc(-c4ccc(C#N)cn4)cc(-c4ccc(C#N)cc4)c3C#N)n2)c1C#N,22.78
N#Cc1cc(-c2ccncn2)cc(-c2cc(-c3ccc(C#N)nc3)nc(-c3ccc(C#N)nc3)n2)c1,18.64
N#Cc1ccc(C=Nc2ccc(Oc3ccc(NC=C4CC(=Nc5ccc(NN=Nc6ccc(C#N)cc6)cc5)C(c5ccc(C#N)cc5)C(C=O)=C4O)cc3)cc2)cc1,21.28
N#Cc1ccc(-c2cc(C(=O)O)nc(-c3ccc(F)cc3C#N)c2)nc1,19.97
N#Cc1ccc(-c2nc(C#N)c(C#N)nc2N=Cc2cc(Br)ccc2O)cc1,20.54
N#Cc1ccc(-c2cc(-c3ccc(C#N)cc3)n(-c3ccc(C#N)cc3)c2-c2ccc(C#N)s2)cc1,16.93
Cc1noc(-c2ccc(-n3nccc3-c3ccc(-c4ccc(C#N)cn4)cc3)cc2)n1,20.78
Cc1cc(C=C(C#N)C#N)c(C)n1-c1ccc(-c2cc(-c3ccc(C#N)cc3)nc(-c3ccc(C#N)cc3)n2)cc1,18.91
N#Cc1ccc(-c2ccc(C(O)c3ccc(C#N)c(-c4ccc(C#N)cn4)n3)cc2)cc1,14.58
N#Cc1ccc(C2CN(c3nc(-c4ccc(C#N)cc4C(F)(F)F)c(C#N)c(-c4nc(-c5cc(C#N)c(OC(F)F)cn5)cnc4-c4ccc(F)cc4)n3)CCO2)cc1,30.34
N#Cc1ccc(-c2nc3ccccc3c(-c3ccc(-c4cscn4)cc3)c2-c2cccc(-c3ccc(-c4ccc(C#N)cn4)cc3)c2)cc1,27.09
N#Cc1ccc(-c2ccc(-c3nc4c(-c5ccc(-c6ccc(C#N)cn6)cc5)ccnc4nc3-c3ccc(-c4ccc(C#N)cn4)cc3)cc2)cc1,24.54
N#Cc1cccc(-c2ccc(C#Cc3nc(C#N)cc(C#N)n3)nc2)c1,13.95
N#Cc1nc(-c2ccc(-c3ccc(O)cc3)cc2)c(-c2ccncc2)cc1-c1cccnc1,19.08
N#Cc1ccc(-c2ccc(C#N)nc2-c2ccc(C#Cc3ccc(C#N)c(-c4ccc(C#N)cn4)c3)cc2)cc1,16.75
N#Cc1ccc(-c2cc(-c3ccc(C#N)nc3)[nH]c(=Nc3ccc(C#N)c(C#N)c3)n2)cc1,20.78
N#CCn1c(=NCc2ccc(C#N)cc2)nc(-c2ccc(C#N)cc2)[nH]c1=O,22.8
N#Cc1ccc(-c2ccnc(-c3ccc(-c4ccc(-c5ccc(C#N)cc5)c(C#N)n4)cc3)c2)cc1,18.78
N#Cc1cccc(-c2ccc(-c3nc(C#N)nnc3-c3ccncc3)cc2F)n1,15.52
Cc1cnc(C#N)c(-c2ccc(-c3cc(-c4ccc(C#N)cc4)c(C#N)c(C#N)c3C#N)cc2)c1,17.04
C#CC(=O)Nc1cc(-c2ncc(C#N)cn2)nc(-c2ccc(-c3ccc(C#N)cc3)c(C#N)n2)n1,19.53
N#Cc1ccc(-c2ncnc(-n3cc(-c4cccc(C#N)n4)cn3)n2)cn1,15.86
N#Cc1cc(-c2cccc(C#N)n2)cc(-c2ncc(-c3ccc(C#N)c(F)c3)c(C#N)n2)c1,15.85
N#CC(=O)c1nc(C(C#N)=c2ccc(=C(C#N)C#N)cc2)nnc1N,10.98
CCOc1cc(-c2cccc(C#N)n2)ccc1-c1nc(-c2ccc(-c3ccc(C#N)nc3)nc2)nn1C(c1ccccc1)c1ccccc1,19.52
Cc1nc(-c2ccc(C#N)cc2)c(C#N)nc1-c1cccc(-n2cc(-c3ccc(C#N)cc3)c(C#N)n2)c1,21.51
Cc1cc(C#N)c(Cl)cc1-c1nc(N2CCCC(C#N)C2)nc(-c2ccc(F)c(-c3ccc(C#N)cn3)n2)c1C#N,19.13
CC1(C)OCC(Cn2cnc3c(C#N)nc(-c4ccc(-c5cnc(C#N)nc5)cc4)cc32)O1,14.42
N#Cc1ccc(-c2ncc(-c3ccc(Nc4ccc(F)cc4F)cc3)nc2C#N)cc1,21.47
N#Cc1ccc(-n2ncc3c(C#N)nc(-c4ccc(-c5c[nH]c(=N)cn5)cn4)cc32)cc1,16.4
N#Cc1cncc(-c2cnc(-c3cc(C#N)cc(-c4cccc(C#N)n4)c3)cn2)c1,13.76
Cc1cc(C(=O)O)c(-c2ccc(-n3cc(-c4nc(-c5ccc(C#N)cc5)nc(-c5ccc(C#N)nc5)n4)nn3)cc2)o1,28.76
Cn1cc(-c2cc(C#N)cc(-c3nc(C#N)ccc3-c3ccc(-c4ccc(C#N)cn4)cc3)c2)cn1,14.55
N#Cc1ccc(-c2cc(-c3ccc(C#N)nc3)nc(-[n+]3ccc(-c4cccc(C#N)n4)cc3-c3ccc(C#N)nc3)c2)cc1,10.98
N#Cc1ccc(-c2ccc(-n3c(C#Cc4cc(-c5ccc(C#N)nc5)ccc4C#N)cc4cccc(-c5ccc(-c6ccc(C#N)cn6)nc5)c43)cc2)cc1,21.64
CCc1noc(-c2ccc(N=c3ccc(-c4cc(C#N)c(-c5ccc(C#N)cn5)nc4C)c[nH]3)cc2)n1,17.74
Cc1cc(C#N)ccc1-c1cccc(-c2nc(-c3ccc(C#N)nc3)nc(-c3ccc(-c4ncc(C#N)cn4)cn3)n2)c1C#N,20.92
C#Cc1ccc(-c2cc(-c3nc(-c4ccc(C#N)cc4)cc(-c4ccc(C#N)cc4)c3C#N)nc(-c3ccc(C#N)cc3)n2)cc1,21.48
N#Cc1cc(-c2ccc(C#N)nc2)nc(-c2cnc(C#N)nc2OCC=Cc2ccccc2)c1,19.6
N#Cc1ccc(-c2ccc(Cc3cccc(-c4ccc(C#Cc5ccc(-c6cnc(C#N)c(C#N)n6)cn5)cc4)n3)cc2)cn1,21.94
CS(=O)(=O)c1ccc(-c2nc(-c3ccc(C#N)nc3)c(C#N)c(C#N)c2-c2ccc(C#N)cc2)cc1,22.46
N#Cc1ccc(-c2nc(C#N)c(C#N)nc2-c2ccc(F)cc2F)cc1C#N,18.27
Cc1nccc(-c2ccc(N=c3cc4c(ccn4-c4cc(-n5cc(-c6cnc(C#N)nc6)cn5)ncn4)c[nH]3)cc2)n1,30.59
N#Cc1ccc(-c2ccc(-c3ccc(-c4ccccc4C#N)c(C#N)n3)cn2)nc1,9.96
Cc1cc(C#N)ccc1-c1nc(N2CCC(C(N)=O)CC2)nc(-c2ccnc(-c3ccc(C#N)cc3)n2)c1C#N,19.23
N#Cc1ccc(-c2ccc(-c3ncc(-c4ccc(-n5cnc(-c6ccc(C#N)cc6)c5)cc4)nc3-c3ccc(C#N)cc3)cc2)cc1,16.2
COc1cccc(-c2ncc(-c3ccc(C#N)c(-c4ccc(C#N)cc4)c3)nc2C#N)c1F,17.73
N#Cc1ccc(-c2nc(C#N)c(C#N)nc2-c2ccc(-c3ccc(C#N)c(-c4nn(-c5ccc(C#N)cc5)cc4C#N)c3)cc2)cc1,19.47
N#Cc1ccc(C[n+]2cccc(C=C3C(=O)c4ccc(-c5cccc(-c6ccc(C#N)cc6)c5)cc4C3=O)c2)cc1,25.81
N#Cc1ccc(Nc2ccc3c(c2)C(=O)c2cc(-c4cncc(C#N)n4)ccc2C3=O)c(C#N)c1,19.79
Cc1nc(-c2cc(-c3ccc(C#Cc4ccc(C#N)nc4)nc3)cc(-c3cncc(C#N)n3)n2)ncc1C#N,17.32
N#Cc1ccc(-c2cc(-c3ccc(F)c(C#N)c3)nc(-c3ccccc3C#N)c2)cc1,16.41
N#Cc1ccc(-c2ccc(-c3nc(-c4cnc(OC5CCC(C(=O)O)CC5)c(C#N)c4)nc(-c4cccc(C#N)n4)n3)cn2)cn1,17.8
N#Cc1cccc(-c2ccc3c(-c4nc(C#N)cc(-c5ccc(C#N)nc5)n4)ccc(C#N)c3c2)c1,12.24
CN1CCC(N(Cc2ccc(-c3ccc(C#N)cc3)cc2)c2cnc(-c3cccc(C#N)n3)c(-c3ccncn3)n2)CC1,31.12
N#Cc1ccc(-c2ccc(C#Cc3ncc(C#N)nc3-c3ccc(C#N)cc3)nc2)cc1,12.32
Cc1nc(-c2ccncc2)c(-c2cccc(C#N)n2)nc1C(=O)Nc1ccc(N(C)S(=O)(=O)c2cccc(C#N)c2)cc1,33.52
COc1cc(C#N)c(C#N)cc1-n1c(-c2cccc(C#N)c2)c(-c2cccc(C#N)n2)c2cc(C#N)ccc21,26.27
N#CC(=Cc1ccc(C#N)cc1)C(F)=NCCn1cnc2c(C#N)nc(-c3ccnc(C#N)c3)cc21,22.63
N#Cc1ccc(-c2ccc(-c3nc(-c4ccc(C#N)nc4)cc(-c4cccc(C#N)n4)n3)cc2)cc1,14.76
N#Cc1ccc(-c2ccc(-c3ccc(C#N)c(C#N)c3)c(C#N)n2)cc1,15.96
Cc1cccc(-c2cc3c(ncn3Cc3cc4c(-c5ccc(C#N)nc5)cc(C#N)nc4cc3F)c(C#N)n2)c1,20.24
N#Cc1ccc(-c2ncc(-c3cc(-c4ccc(C#N)nc4)nc(Nc4ccc5c(c4)C(=O)c4ccc(N)cc4C5=O)n3)cn2)cc1,14.25
N#Cc1ccc(COc2ccc(-c3nc(Cl)nc(-c4cnc(C#N)cn4)n3)cc2C#N)cn1,28.96
N#CC=Cc1nc(-c2ccc(-c3ccc(C#N)nc3)c(C#N)c2)cc(-c2ccc(C#N)cn2)n1,15.59
N#Cc1ccc(-c2ccc(-c3ccc(-c4cc(-c5cccc(C#N)c5)cc(C#N)n4)cc3)nc2C#N)cc1,18.81
C#CCSc1nc(-c2ccccc2)nc(-c2ccc(C#N)nc2)n1,17.94
COc1cc(-c2nnc(-c3ccc(C#N)cc3)nc2-c2ccc(C#N)nc2)ccc1-c1ccc(C#N)cc1,20.07
CN(C)c1ccc(-n2nc(-c3ccc(C#N)nc3)cc2-c2ccc(C#N)cc2)cc1,18.67
Cc1cc(NC(=O)c2cc(-c3ccc(C#N)cc3)oc2C)c(-c2cc(Cl)ccc2OC(F)F)nc1N1CCC(C)(N)C(N)C1,43.67
N#Cc1ccc(C(=O)c2cc(C#N)cc(-c3nc(C#N)ccc3C#N)c2)cc1,17.13
N#CC=Cc1nc(C(C#N)=c2ccc(=C(C#N)C#N)cc2)c(N)cc1-c1ccccc1F,25.9
COc1cnc(-c2ccc(-c3nc(-c4cnc(OCC5CC5)c(C#N)c4)nc(-c4ccc(OC)c(F)c4F)n3)cc2)cn1,28.85
N#Cc1ccc(-c2cc(-c3cccc(C#N)n3)ncc2C#N)cc1,14.7
N#Cc1ccc(-c2ccc(-c3ccc(-c4cnc(C#N)cn4)cc3)nc2C#N)c(C#N)c1,16.2
CC(C)(O)CN1CCN(c2nc(C#N)c(-c3ccc(-c4ccc(C#N)nc4)cc3)nc2C#N)CC1,20.33
COc1cc(C#N)ccc1-c1nc(-c2cccc(C#N)c2)nc(-c2cnc(OC3COC3)c(C#N)c2)n1,16.99
CC(C)(O)C#Cc1cc(-c2nc(-c3cnc(C#N)nc3)nc(-c3ccc(OC4CCC(C(=O)O)CC4)c(C#N)c3)n2)cc(C#N)n1,21.65
N#Cc1ccc(-c2ccc(-c3nc(C#N)c4ncn(Cc5cc6c(cc5CO)OCC6)c(=O)n34)cc2)cc1,26.35
N#Cc1ccc(-c2ccc(-c3cc4c(ncn4Cc4cnc(C#N)c(C#N)n4)c(C#N)n3)cc2)nc1,9.07
N#Cc1ccc(-c2cc(-c3ccc(C#N)nc3)nc(-c3ccc(-c4cccc(C#N)c4)c(C#N)c3C#N)n2)cc1,15.85
Cn1nc(C(C#N)=c2ccc(=C(C#N)C#N)cc2)nc1C(c1ccc(C#N)cc1)c1ccccn1,13.73
N#Cc1ccc(CNc2nc3cccnc3c(-c3ccc(C#N)cc3)c2-c2ccc(C#N)cc2)cc1,24.38
N#Cc1ccc(-c2ccc(-c3nc(-c4ccc(-c5ccc(C#N)o5)cc4)cs3)cn2)cn1,22.33
N#CC=Cc1cccc(-c2cc(C#N)nc(-c3ccc(OC4CCN(c5ccc(C#N)cn5)CC4)c(C#N)c3)n2)n1,15.67
N#Cc1ccc(-c2ncc(-c3ccc(-c4cc(-c5ccccc5C#N)nc(-c5ccncc5)n4)cc3)nc2C#N)cc1,23.18
N#Cc1cncc(-c2cc(-c3ccc(Cl)cn3)nc(-c3ccc(Cl)cc3Cl)n2)c1,17.05
N#Cc1ccc(-c2cccc(=Nc3cccc(-c4cc(-c5ccnc(C#N)n5)cc(C#N)n4)c3)[nH]2)cc1,26.42
N#Cc1ccc(-c2cc(-[n+]3ccc(-c4cccc(C#N)n4)cc3)nc(-c3ccc(OCc4ccc(Br)cc4)c(C#N)c3)n2)cc1,20.11
N#Cc1ccc(-c2ccc(CNc3ncc(-c4ccnc(C#N)n4)cc3-c3cnc(C#N)nc3)cn2)cn1,16.23
N#Cc1ccc(-c2ccc(C#Cc3cc(-c4cnc(C#N)nc4)cnc3C=O)cn2)cn1,19.67
N#Cc1ccc(-c2cc(-c3ccc(-c4ccc(C#N)cn4)cc3)nc(-c3nn(-c4ccc(C#N)cc4)c(-c4ccc(C#N)cc4C(F)(F)F)c3C#N)n2)cc1,18.82
CN(c1ccc(C#N)nc1-c1ccc(-c2ccc(C#N)cn2)nc1)C1CCN(C#N)C1,20.02
N#CC(C#N)=Cc1ccc(-c2csc(C#N)c2)c(F)c1,22.3
N#Cc1ccc(-c2ccc(C=C3Oc4ccc(C#N)cc4C3=O)nc2)cc1,15.58
N#Cc1ccc(-c2ccc(-c3ccnc(-n4c5ccccc5c5ccccc54)n3)cc2)nc1,15.56
N#Cc1ccc(-c2ccc(-c3nc(C#N)c(-c4cccc(C#N)n4)nc3N)cn2)nc1,10.21
N#Cc1cnc(-c2ccc(-c3nc(COc4ccc(-c5cccc(C#N)n5)cc4)cnc3C#N)cc2C#N)cn1,13.7
Cc1cc(C#N)ccc1-c1cccc(-c2nc(C#N)nc(-c3cc(-c4cnc(C#N)nc4)nn3C)n2)c1C#N,18.87
Cc1cc(C#N)c(Cl)cc1-c1c(C#N)c(-c2cccc(-c3ccc(-c4ccncc4)cc3)n2)nn1C,18.48
N#Cc1ccc(-c2cc(-c3ccc(-n4cc(C#N)cn4)cc3)c(C#N)c(-c3ccc(C#N)cn3)n2)cc1,19.01
N#Cc1cncc(C#Cc2cccc(-n3nnc(-c4ccc(C#N)nc4)n3)c2)c1,28.59
N#Cc1ccc(-c2ccc(C#N)c(-c3ccc(C#N)cn3)c2)nc1,18.79
N#Cc1ccc(-c2nc(-c3ccc(Oc4ccc(-c5cccc(C#N)n5)cc4)c(C#N)c3)nc(-c3cccc(C#N)n3)n2)cc1,13.83
N#Cc1ccc(-c2ncc(-c3ccc(-c4cc(-c5ccncc5)cc(-c5ccc(C#N)nc5)n4)cc3)nc2C#N)cc1,12.42
N#Cc1ccc(-c2ccc(-c3nc(C#N)c4ncnc-4c(C=Cc4ccccn4)n3)cc2)nc1,15.79
N#Cc1ccc(-c2c(C#N)c(C#N)c(-c3ccc(C#N)c(F)c3F)n2-c2ncc(C#N)cc2C#N)cc1,20.85
N#Cc1ccc(-c2nc(C#N)c3ncn(CC=Cc4cccc(C#N)c4)c3n2)cc1,12.97
Cc1cc(C#N)ccc1-c1ccc(-c2nc(C#N)c(-c3ccc(C#N)c(-c4ccc(C#N)cc4)c3)nc2C(C#N)C#N)cc1,19.54
N#Cc1cccc(-c2cc(C#N)c(-c3ccc(-n4cccc4)cc3)c3ccc(-c4ccncc4)cc23)n1,22.48
CC(C=O)=C1C(=O)C(C=O)=C(O)C(C=O)=C1O,12.36
N#Cc1ccc(-c2nc(C#N)cnc2C#Cc2ccc(-c3cccc(C#N)n3)cn2)cc1,11.58
N#Cc1ccc(-c2cncc(-c3nc(-c4ccc(C#N)nc4)nc(-c4ccnc(C#N)c4)n3)c2C#N)cc1,20.3
COc1ncc(-c2ccc3c(c2)C(=O)c2ccc(Nc4ccc(-c5cnc6c(C#N)cc(C#N)cc6n5)cn4)cc2CC3)cn1,19.55
Cc1noc(-c2ccc(Nc3nc(-c4ccc(C#N)cc4)c(C#N)nc3-c3ccc(-c4ccc(C#N)cc4)cc3)cc2)n1,13.3
N#Cc1ccc(-c2nc(C#N)ccc2C#N)c(C#N)c1,13.07
N#Cc1ccc(-c2ccc(-c3ncc(-c4ncc(C#N)c(N=c5cccc(C#N)[nH]5)n4)nc3-c3ccc(C#N)cc3)cc2)cc1,16.86
N#Cc1ncc(-c2nc(-c3cccc4ccccc34)nc(-c3ccc(C#N)c4ccccc34)n2)cn1,14.15
CC(N)=NCCn1cnc2c(C#N)nc(-c3ccccc3)nc21,15.55
N#Cc1cncc(-c2ccc(C#Cc3ccc(-c4nc(C#N)cnc4C#N)cc3)cn2)n1,16.62
N#Cc1ccc(-c2ccc(-c3c(C#N)nc(-c4ccc(-c5cccc(C#N)n5)c(C#N)n4)nc3-c3ccc(-c4ccc(C#N)cn4)cc3)cc2)cc1,17.3
N#Cc1ccc(-c2nc3cc(C#N)c(C#N)cc3nc2-c2ccc(-c3cccc(C#N)n3)cc2)cc1,16.35
N#Cc1ccc(-c2cc(-c3ccc(C#N)nc3)no2)cc1,12.21
N#Cc1ccc(C#Cc2ccc(-c3ccc(-c4nc(C#N)ccc4C#N)cn3)cc2)nc1,14.18
N#Cc1ccc(-c2cc(C#N)nc(-c3ccc(-c4cnc(C#N)nc4)nc3)c2)cn1,12.95
N#CC(c1ncc(C#N)c(-c2ccc(C#N)cc2)n1)=c1ccc(=C(c2ccc(C#N)cc2)c2ccc3ccccc3n2)nc1-c1ccc(C#N)nc1,18.11
N#Cc1ccc(-c2cc(C(N)=O)c(-c3nc(-c4ccc(C#N)nc4)cc(-c4nc(-c5cc(F)c(C#N)c(F)c5F)nc(C5CC5)n4)c3C#N)cn2)cc1,21.99
N#Cc1ccc(-c2ccnc(-c3ccc(C#N)nc3)n2)nc1,12.51
N#Cc1cccc(-c2nc(-c3cnc(OC4CCC(C(=O)O)CC4)c(C#N)c3)nc(-c3ccc(C#N)c4ccccc34)n2)c1,14.08
Cc1ccc(-c2cc(-c3ccc(C#N)cc3)c(C#N)cn2)cc1-c1cnc(-c2ccc(-c3ccc(C#N)cc3)cc2)c(-c2ccc(C#N)cc2)n1,25.44
N#Cc1cncc(-c2cc(-c3ccc(C#N)o3)cc(-c3ccc(C#N)nc3)n2)c1,17.37
N#Cc1ccc(-c2ccc(-c3nc(C#N)cc(C#N)n3)cc2)cn1,13.66
N#Cc1ccc(-c2cc(-c3ccc(C#N)nc3)nc(-c3ccc4c(c3)OCCC4)c2)cc1,20.27
N#Cc1ccc(-c2cc(-c3cccc(C#N)c3)nc(-c3cccc(-c4ccc(C#N)cc4C#N)c3C#N)n2)cc1,14.64
C#Cc1cc(-c2ccc(C#N)nc2)nc(-c2ccc(-c3cnc(C#N)nc3)c3cc(OC)ccc23)c1,28.15
Cc1nc(=Nc2ccc(C#N)cc2)cc(Nc2ccc(Br)c(F)c2)nc1Nc1ccc(Br)s1,20.07
N#Cc1ccc(NC(=O)c2cn(-c3cc(-c4cccc(C#N)n4)cc(-c4ncc(C#N)s4)n3)c3ccccc23)cn1,29.6
N#Cc1ccc(-c2nc(=Nc3ccc(-c4cccc(C#N)n4)cn3)[nH]cc2C#N)cn1,10.37
N#Cc1ccc(O)c(-c2ncc(-c3cc(-c4ccc(C#N)nc4)c4cc(-c5ncncn5)ccc4n3)nc2C#N)c1,28.5
N#Cc1ccc(-n2ncc3cc(-c4ccc(-c5ccc(C#N)cn5)nc4)ccc32)cc1,15.3
N#Cc1ccc(C#Cc2ccc(-c3cnc(C#N)cn3)cc2)c(-c2ccc(-c3cncc(C#N)n3)c(-c3cccc(C#N)n3)c2)c1,27.61
N#Cc1ccc(C=Nc2nc(-c3ccc(-c4ccc(C#N)cc4)cc3)cc(N(Cc3ccncc3)Cc3ccccn3)n2)cc1,22.82
N#Cc1ccc(C#Cc2ccc(-c3oc(-c4ccc(-c5ccc(-c6cccc(C#N)n6)c(C#N)n5)cc4)nc3-c3ccc(F)cc3)cn2)nc1,20.32
N#CCN(c1ccc(F)cc1)c1cnc(-c2cnc(-c3cccc(C#N)n3)c(C#N)n2)cn1,19.93
N#Cc1ccc(-c2ccc(-c3ccnc(-c4ccc(C#N)nc4)c3)cn2)nc1,9.76
N#Cc1ccc(-c2ccc(-c3nn(-c4cc(-c5ccc(C#N)nc5)cc(-c5ncc(C#N)cn5)c4)c4ccc(C#N)cc34)cn2)nc1,19.17
N#Cc1cncc(-c2cc(-c3ccc(C#N)nc3)ncc2-c2cncc(C#N)n2)c1,12.03
N#Cc1ccc(-c2ccc(-n3ccc4cc(-c5ccc(F)nc5)ccc43)cc2)cc1,18.98
N#Cc1ccc(-c2cc(-c3ccc(Nc4nc(N5CCSCC5)cnc4C#N)cc3)cc(-c3cnc(C#N)nc3)n2)cc1,29.8
N#Cc1ccc(-c2cc(C#N)cnc2C#Cc2ccc(-c3cnc(C#N)c(C#N)n3)cc2)cc1,15.07
N#Cc1cc(C#N)cc(-c2cc3c(ncn3CCc3ccnc4ccccc34)c(C#N)n2)c1,18.45
N#Cc1ccc(-c2ccc(Cc3nc(-c4ccc(C#N)nc4)nc(-c4ccc(C#N)c(F)c4F)n3)cc2)cc1,12.81
N#Cc1cccc(-c2ccc(CNc3cc(-c4cncc(C#N)n4)cc(-c4ccnc(C#N)n4)c3)cc2)n1,19.6
N#Cc1ccc(-c2cc(-c3ccc(Nc4ccc(-c5nc(C#N)nn5C5CCOCC5)cn4)cc3)nc(-c3ccc(C#N)nc3)c2)cc1,31.24
N#Cc1ccc(Cn2cnc3c(C#N)nc(-c4cc(F)cc(C#N)c4)cc32)nc1,12.41
N#Cc1ccc(-c2cc(-c3ccc(C#N)c(C#N)c3)nc(-c3nc(C4CC4)nc(-c4ccccc4C(F)(F)F)c3C#N)n2)nc1,16.62
CN(C)CCCn1cnc2c(C#N)nc(-c3cncc(C#N)c3)nc21,16.45
N#Cc1ccc(-c2cc(-c3ccncc3)cc(C(=O)c3ccccn3)c2N)cc1,22.72
N#Cc1cccc(-c2cc(C#Cc3ccccc3)ccc2C#N)n1,14.26
Cc1cc(C#N)c(Cl)cc1-c1c(C#N)c(-c2nc(C#N)nc(-c3ccc(OCC4CC4)c(C#N)c3)n2)nn1CC#N,16.93
N#Cc1ccc(-c2nc(-c3ccc(C#N)nc3)nc(-c3cncc(C#N)c3)n2)nc1,11.39
N#Cc1ccc(-c2cc(-c3cccc(C#N)n3)ccc2Oc2ccc(C#N)cc2Cl)cc1,20.39
N#Cc1ccc(-n2nc(C#N)c3c(C#N)nc(-c4ccc(-c5cnc(C#N)nc5)cc4)cc32)cc1,13.51
N#Cc1nc(-c2ccnc(F)c2)cc2ncn(CC(F)(F)F)c(=O)c12,21.79
N#Cc1ccc(-c2cc[n+](-c3cccc(C=Cc4cc(-c5ccc(C#N)cc5)cc(-c5ccc(C#N)cc5)n4)n3)cc2)cc1,11.91
N#Cc1ccc(-c2cc(-c3ccc(C#N)nc3)nc(C=Cc3nc4cc(C#N)ccc4[nH]3)n2)cc1,20.16
N#Cc1ccc(-c2ccc(-c3ccc(C=Cc4cnc(-c5cccc(C#N)c5)nc4)cc3-c3ccncc3)cc2)cc1,27.45
COc1ncc(C#N)nc1-c1ccc(C#Cc2nc(C#N)c(N)nc2C#Cc2ccc(C#N)cn2)cc1,19.17
N#Cc1cccc(-c2ccc(-n3ccc4cc(C#N)cnc43)nc2)c1,18.31
Cc1ncnc(-c2ccc(C#N)cc2)c1C#Cc1ccc(-c2cnc(C#N)cn2)cn1,23.83
N#CC#Cc1cccc2c(-c3ccc(C#N)nc3)nc(-c3cc(C#N)c(C#N)cc3N)cc12,29.33
N#Cc1ccc(-c2ccc(Nc3ccc(C#N)nc3-c3c(F)c(F)c(C#N)c(F)c3F)cc2)cc1,15.35
N#Cc1ccc(-c2ncc(-c3cccc(C#N)c3)nc2-c2ccc(C#N)cc2)cc1,14.43
N#Cc1ccc(COCn2cnc3c(C#N)nc(-c4ccc(-c5cncc(C#N)n5)cc4)cc32)cc1,14.92
N#Cc1ccc(-c2cc(C#N)nc(-c3ccc(-c4cnc(C#N)nc4)nc3)n2)nc1,18.53
N#Cc1ccc(C(=O)c2nc(-c3cc(-c4cccc(C#N)n4)cc(-c4ccccc4C#N)c3)ccc2-c2ccc(C#N)nc2C#N)cc1,21.87
N#Cc1cccc(-n2ccnc2)c1,14.96
Cc1ccccc1C=Cc1cc(-c2ccc(C#N)cc2)cc(-c2ccnc(C#N)c2)c1,25.68
N#Cc1ccc(NC(=O)CN(c2cccc(C#N)c2)S(=O)(=O)c2ccc(C#N)cc2)cc1,23.47
N#Cc1cncc(-c2ncc(-c3cccc(-c4ccncc4)c3)nc2C#N)n1,16.02
N#Cc1ccc(-c2nc(=Nc3cccnc3C#N)[nH]cc2C#N)cc1,15.32
N#Cc1ccc(-c2ccc(-c3[nH]n(-c4ccc(-c5ccc(C#N)cc5)cc4)c(=NCc4ccc(-c5ccc(C#N)cc5)nc4)c3C#N)cc2)cc1,18.44
N#Cc1cccc(COc2cc(C#N)c(C#N)cc2-c2cccc(C#N)n2)c1,16.04
N#Cc1ccc(-c2ccc(-c3nc(C#N)c(-c4ccc(C#N)o4)nc3C#N)cn2)nc1,11.37
N#Cc1ncc(-c2ccc(-c3cccc(-c4cnc(C#N)c(=N)[nH]4)c3)cc2)nc1C#N,20.82
N#Cc1ccc(-c2cc3c(ncn3CC(N)=O)c(C#N)n2)cc1N,13.45
N#Cc1ccc(-c2ccc(C(=O)c3ncc(-c4ccc(C#N)cn4)cc3N)cc2)cc1,21.16
CC1=Nc2c(C#N)c(C)nn2C(c2ccc(C#N)cc2)C1C#N,17.55
N#Cc1cccc(-c2ccc3c(c2)c(C#Cc2cncnc2)c(C#N)n3-c2ccc(-c3cccc(C#N)n3)cc2)c1,20.08
N#Cc1ccc(-c2cccc(-c3ccc(-c4ccc(-c5cnc(C#N)cn5)c(C#N)c4)c(C#N)n3)c2)nc1,21.05
N#Cc1ccc(-c2ccc(-c3cc(N)cc(-c4ccc(-c5cc6c7ccccc7cnc6c6cc(N)ccc56)s4)c3)cc2)cc1,41.07
N#Cc1ccc(-c2cc(C#N)ccc2C#Cc2cccc(-c3cncc(C#N)n3)c2)cc1,16.05
C=Cn1cc(-c2ccc(-c3cc4c(ncn4Cc4ccc(C#N)c(C#N)n4)c(C#N)n3)cc2)cn1,14.33
N#Cc1ccc(-c2cc(-c3nc(C#N)c(-c4ccc(C#N)nc4)cc3C#N)nc(C#N)n2)cn1,16.47
N#Cc1ccc(C(c2ccc(C#N)cc2)c2ccc(C#N)nc2)cc1,12.68
N#Cc1ccc(-c2nc(C#N)c(-c3ccc(C#N)nc3)nc2-c2ccc(C#N)cc2)cc1,10.4
COc1ccc(-c2ccc(C#N)cc2)cc1-n1cc(-c2ncncn2)c2cc(-c3ccc(C#N)c(F)c3)ccc21,26.6
N#Cc1cccc(-c2ccc(-c3ccc(N=c4nc(C#N)cc(C#N)[nH]4)nc3)cn2)n1,16.96
Cc1nc(-c2ccc(-c3ccc(C#N)cc3)cc2)c(-c2ccc(C#N)cc2)nc1-c1ccc(N)c(N)c1,12.75
N#Cc1ccccc1-c1nc(-c2cnc(-c3ccc(F)c(C#N)c3F)c(C#N)n2)ccc1C#N,17.66
N#CC(C#N)=c1ccc(=C(C#N)c2nc(C(=O)c3ccc(C#N)cc3)n(-c3ccc(Oc4ccc(C#N)c(C#N)c4)cc3)n2)cc1,13.83
N#Cc1ccc(-c2cc(-c3ccc(C#N)cc3C#N)nc(-c3nc(C#N)cc(-c4ccc(C#N)cc4)c3C#N)n2)cc1,14.79
Cc1nc(C)nc(-c2ccc(N=c3nc(-c4ccncn4)cc[nH]3)cc2)n1,21.09
COc1ccc(-c2cnc(-c3cccc(C#N)n3)nn2)cn1,19.01
N#Cc1ccc(-c2cc(-c3ccc(C#N)nc3)c(C#N)c(-c3cc(-c4cnc(C#N)nc4)c(C#N)cn3)n2)cn1,20.21
N#Cc1ccc(-c2cc(N(c3ccc(Br)cc3)c3ccc(C#N)c(-c4ccc(C#N)nc4)n3)ccc2C#N)cn1,22.89
Cc1cc(-c2nc(C3CC3)nc(-c3cc(F)c(C#N)cc3C)c2C#N)nc(-c2ccc(-c3ccc(C#N)cc3)nc2)n1,18.24
N#Cc1ccc(-c2ccc(-c3cc(-c4ccc(C#N)cc4)nc(-c4nc(N5CC(c6ccccc6)C5)nc(-c5ccccc5C(F)(F)F)c4C#N)n3)cc2)cc1,17.92
N#CCc1nc(Nc2ccc(C#N)cc2)cc(-c2ccc(N=c3nc(-c4ccccn4)cc[nH]3)cc2)n1,23.27
CC(C)Cc1ccc(C(C)C(=O)Nc2ccc(-c3nc(C#N)c(-c4cccc(C#N)n4)o3)cc2N2CCN(C(=O)C(C#N)Cc3ccc(F)cc3)CC2C#N)cc1,53.29
N#Cc1ccc(-c2ccc(C#N)c(-c3ccccn3)n2)cn1,14.95
N#Cc1ccc(-c2cc(-c3ccc(C#N)cc3F)nc(-c3ccc(C#N)nc3)n2)cc1,15.86
N#Cc1ccc(-c2cccc(CN3CC(n4cccn4)C3)n2)cc1,18.44
Cc1cc(C#N)ccc1-c1nc(Nc2ccc(-c3ccc(C#N)cc3)c(C#N)c2)nc(-c2ccc(F)c(-c3ccc(C#N)cc3)n2)c1C#N,16.78
N#CC(=Cc1ccc(C#N)cc1)c1nc(-c2ccc(-c3ccc(C#N)cc3)cc2)cc(-c2ccc(C#N)nc2)n1,15.51
N#Cc1ccc(-c2nc(=N)[nH]c3c2COc2ccccc2-3)cc1,16.9
CCc1cc2c(o1)c(=O)n(-c1ccc(C#N)c(-c3cccc(C#N)n3)c1)c(=O)n2Cc1cccc(C#N)c1,36.85
N#Cc1ccc(-c2ccc(C#N)cc2-c2ccc(C#N)c(C#N)c2)cc1,13.89
N#CC=Cc1cc(-c2ccc(C#N)cc2C#N)cc(-c2ccc(C#N)nc2)n1,11.92
N#Cc1ccc(Cn2cc(Cn3cnc4c(C#N)nc(-c5cccc(C#N)c5)cc43)nn2)cc1,13.27
Cn1c(C(C#N)=c2ccc(=C(C#N)C#N)cc2)nc(-c2ccc(C#N)cc2)cc1=O,19.51
N#Cc1ccc(-c2ccc(-c3nc(-c4ccc(C#N)cc4)ccc3C#N)c(C#N)c2)cc1,17.25
N#Cc1ccc(-c2cc(-c3cccc(-c4ncc(C#N)cc4C#Cc4ccc(Cl)cn4)c3)ccc2C#N)cc1,23.55
N#Cc1ccc(-c2nc(-c3ccc(-c4cccc(C#N)n4)cc3C#N)c(C#N)nc2C#N)cc1,17.61
N#Cc1ccc(Nc2cc(-c3ccncc3)cc(N)c2C#N)cc1,18.74
Cc1cc(C#N)ccc1-c1nc(Nc2ccc(C#N)cc2)cc(-c2nc(-c3ccc(F)c(C#N)c3)cc(-c3cccc(C#N)n3)n2)c1C#N,11.94
N#Cc1ccc(-c2ccc(C#Cc3c(-c4ccncn4)nc4ccccc4c3C#N)cc2)nc1,23.94
N#Cc1ccc(-c2cc(-c3ccc(C#Cc4ccc(C#N)cn4)cc3)nc(CC3CCCN3C(=N)N)n2)cc1,20.88
N#Cc1ccc(-c2ccc(-c3cc(C(F)(F)F)nn3-c3ccc(-c4cccc(C#N)c4)cc3)cc2)nc1,15.48
N#Cc1ccc(-c2ccc(-c3nc(-c4ccc(C#N)nc4)cc(-c4ccc5cc(C#N)ccc5c4)n3)cc2C#N)cc1,16.67
N#Cc1ccc(-c2ccc(C(c3ccc(-c4ccc(C#N)c(C#N)c4)cc3)c3cnc4cc(-c5ccc(C#N)nc5)ccc4c3)cc2)cc1,31.66
N#Cc1ccc(-c2ccc(-c3nc(-c4ccc(OCc5ccncc5)c(C#N)c4)nc(-c4ccccc4N)n3)cc2C#N)cc1,22.08
N#Cc1ccc(-c2ccc(-n3ccc(-c4ccc(C#N)cn4)cc3=O)nc2C#N)cc1,15.15
N#Cc1ccc(-c2nc(-c3ccc(-n4cc(C#N)cn4)cc3)cc(-c3ccccc3C#N)n2)cc1,14.52
N#Cc1ccc(-c2cc(-c3ncc(C#N)cn3)cc(C=Cc3ccc(-c4cnc(C#N)nc4)nn3)n2)cc1,15.15
N#Cc1ccc(-c2ncc(-c3nc(-c4ccc(C#N)nc4)nc(-c4ccc(OC5CCC(C(=O)O)CC5)c(C#N)c4)n3)cn2)cn1,13.87
N#Cc1ccc(-c2ccc(-c3ncc(C#N)cn3)cc2C#N)nc1,14.34
Cc1cc(C#N)c(Cl)cc1-c1c(C#N)c(-c2nc(-c3ccc(C#N)cn3)cc(-c3c(F)c(F)c(C#N)c(F)c3F)n2)c2ccccn12,16.59
N#Cc1cncc(-c2ccc3c(c2)c(-c2cnc(C#N)nc2)cc(=O)n3-c2ccccc2)c1,18.43
N#Cc1ccc(-c2cc(-c3cc(C#N)c(C#N)cn3)ccc2C#N)cn1,13.36
Cn1c(C#N)ccc1-c1ccc(-c2cc(C#N)c(OC3CCN(c4ncc(-c5ccc(C#N)cc5)cn4)C3)cn2)cc1C#N,20.81
CC(C)(C#N)Oc1[nH]c(=Nc2cc(C#N)nc(=Nc3ccc(-c4cccc(C#N)n4)cn3)[nH]2)cnc1C#N,19.5
CN1CCC(Oc2ccc(-c3nc(-c4ccc(C#N)nc4)nc(-c4cccc5ccccc45)n3)cc2C#N)CC1,13.07
C#Cc1cccc2c1C(=O)c1c(c(C#N)c(N)n(Cc3ccc(-c4ccc(C#N)cc4)cc3)c1=O)C2=O,31.44
N#Cc1ccc(C#Cc2ccc(-c3ccc(C#N)nc3)nn2)c(-c2ccc(C#N)c(C#N)n2)c1,15.45
N#Cc1ccc(-c2ccc(-n3c(N)c(C#N)c(C#N)c3-c3ccc(C#N)c(-c4ccc(C#N)cc4)c3)cc2)cc1,18.23
N#Cc1ccc(-c2cc(-c3ccc(C#N)cc3)c(C#N)c(-c3ccc(C#N)nc3)c2)cc1,9.35
Cc1nc(-c2nc(-c3ccc(-c4ccc(C#N)cn4)nc3)nc(-c3ccnc(-c4ccc(C#N)cn4)c3)n2)ncc1C#N,18.1
Cc1nc2ccc(-c3ccncn3)nc2n1-c1ccc(-c2ccc(OC3CCC(O)CC3)c(C#N)c2)c(F)c1,29.15
N#Cc1ccc(-c2ccc(-c3cc4c(ncn4Cc4cccc(-c5ccccc5C#N)c4)c(C#N)n3)cc2)nc1,16.92
N#Cc1ccc(-c2nc(-c3ccc(C#Cc4cccc(C#N)n4)cc3)cc(-c3cncc(C#N)n3)n2)nc1,13.71
N#Cc1ccc(-c2cc(-c3cc(C#N)c(C#N)nc3C#N)ccc2C#N)cn1,13.34
Cc1c(-c2nc(-c3ccc(C#N)cc3)cc(-c3ccnc(C=CC#N)c3)n2)sc(N)c1C#N,19.26
CNc1ccc(C#CC#Cc2cnc(-c3ccc(-c4ccc(C#N)cc4)c(C#N)c3)nc2)cc1,20.62
N#Cc1ccc2c(c1)C(=O)c1ccc(N)cc1C2=O,10.6
N#Cc1ccc(-c2ccc(-c3nc(Nc4ccc(-c5ccccc5)cc4)c(C(N)=O)c(=N)[nH]3)c(F)c2)nc1,28.99
Cn1c(=O)c(-c2cnc(C#N)nc2)cc2c[nH]c(=Nc3cccc(-c4ccc(C#N)nc4)c3)nc21,25.25
N#Cc1cc(-c2ccc(C#N)nc2)nc(-c2ccc(-c3ccc(C#N)c(-c4ccc(C#N)nc4)c3)c(C#N)c2)c1,17.76
CC(=O)N1CCN(CCOc2ccc(-c3ccc(C#N)cc3)cc2)CC1,22.02
N#Cc1ccc(-c2cncc(-c3nc(-c4cccc(C#N)n4)nc(-c4cccc(C#N)n4)n3)c2F)nc1,24.22
Cc1cc(C#N)c(Br)nc1-c1nc(C#N)cc(-c2nccc(-c3ccc(-c4c[nH]c(=N)cn4)cc3)n2)c1C#N,22.75
N#Cc1c[nH]c(-c2ccc(-n3cnc(-c4ncccn4)c3)nc2)n1,27.41
N#Cc1ccc(-c2ccc(-c3nc(C#N)c(C#N)c(C4CC4c4cnc(C#N)c(C#N)n4)n3)cn2)cn1,29.24
CC(C)(C)n1nc(-c2ccc(-c3ccc(C#N)cc3F)nc2)nc1-c1cccc(-c2ccc(C#N)cn2)c1C#N,20.2
N#Cc1ccc(Cc2nc(-c3ccc(-c4ccc(C#N)cc4)c(C#N)n3)cn2-c2ccc(C#N)c(C#N)c2)cc1,18.14
N#Cc1ccc(Nc2nc(C#N)c(N)nc2C#N)cc1,12.82
N#Cc1ccc(-c2nc(C#Cc3ccccc3C#Cc3ccc(-c4nc(C#N)cn4-c4ccc(C#N)cc4)cc3)cs2)cc1,23.09
N#Cc1ccc(-c2cc(-c3ccc(-c4nn[nH]n4)cc3)nc(-c3cccc(-c4ccc(C#N)cn4)c3C#N)n2)nc1,20.49
N#Cc1ccc(-c2ccc(C(=O)Nc3cccc(-c4ccc(-c5ccc(C#N)nc5)c(C#N)n4)c3)cn2)cc1,18.21
CN1C(C)(C)CC(Oc2ccc(-c3nc(-c4cc(C#N)cc(-c5ccc(C#N)cc5)c4)nc(-c4ccccn4)n3)cc2C#N)CC1(C)C,26.75
N#Cc1ccc(-c2ccc(CN3C(=O)C(=O)c4cc(Cn5cncn5)ccc43)cc2)cc1,25.11
N#Cc1ccc(-c2cccc(-c3nc(-c4ccc(-n5ccnc5)cc4)nc(-c4ccc(C#N)nc4)n3)c2C#N)cc1,13.9
N#Cc1cncc(-c2ccc3c(-c4ncncn4)cncc3c2)n1,14.13
N#Cc1cccc(-c2nc(-c3ccc(OC4CCC(C(=O)O)CC4)c(C#N)c3)nc(-c3ncc(C#N)c(N4CCOCC4)n3)n2)c1,17.39
N#Cc1ccc(-c2ncc(-c3ccc(-c4ccc5c(C#N)c(N)n(-c6ccc(-c7nc8ccccc8o7)cc6)c(=O)c5n4)cc3)nc2-c2ccc(C#N)cc2)cc1,30.51
N#Cc1ccc(-c2cc(-c3ccc(-c4ccncc4)cn3)nc(-c3ccc(N=Cc4ccc(C#N)c(C#N)c4)nc3)n2)cc1,20.8
N#Cc1ccc(-c2cc(-c3ccc(-c4nc(C#N)cnc4C#N)cc3)cc(-c3ccc(C#N)cn3)c2)cc1,12.97
N#CC=Cc1ccc(-c2cccc(C#N)n2)c(C=CC#N)n1,14.93
N#Cc1ccc(-c2cc(-c3ccc(C#N)cc3)c(C#N)c(-c3nc(-c4ccc(NC=O)cc4)cc(-c4cc(C#N)c(C#N)cn4)n3)n2)cc1,19.39
N#Cc1ccc(-c2[nH]c(C#N)cc2-c2cccc(NC3CCCNC3)n2)cc1,24.67
N#Cc1ccc(-c2nc(-c3ncc(C#N)c(C#N)n3)cc(-c3nc(-c4ccc(C#N)nc4)cc(-c4ccc(C#N)cc4)c3C#N)n2)cc1,20.81
CC(=O)c1ccc(-c2nc(-c3ccc(C#N)c(F)c3F)nn2-c2cccc(C#Cc3cccc(C#N)c3)c2F)c(C#N)c1,35.67
Cc1ncccc1-c1cc(-c2ccc(C#N)nc2)cc(-c2ccc(C#N)nc2)n1,15.87
CC1(C)Oc2ccc(C#N)cc2C(=O)C(C=O)=C1O,10.42
N#CC(C#N)=c1ccc(=C(C#N)c2nc(C(=O)O)cc(-c3ccc(C#N)cc3)n2)cc1,11.43
N#Cc1ccc(C(=O)c2nn(-c3ccc(-c4ccc(C#N)cc4)cc3)c(-c3ccc(C#N)cc3)c2C#N)cc1,17.85
CN(C)CCN1C(=O)c2cccc3c(NCCCCCN4CCN(c5cncc(-c6ccc(-c7ccc(C#N)cc7)c(C#N)c6)n5)CC4)ccc(c23)C1=O,38.44
Cc1ccc(-n2cnc3ccc(-c4cc(-c5ccccc5C#N)nc(-c5ccc(C#N)cc5)n4)cc3c2=O)cc1,24.98
Cc1cc(C#N)c(F)cc1-c1nc(CC(F)(F)F)nc(-c2nc(-c3ccnc(-c4ccncc4)c3)nc(-c3ccc(C#N)cn3)n2)c1C#N,23.74
N#Cc1ccc(-c2cc(-c3ccc(-c4cccc(C#N)n4)cc3)nc(-c3ccc(C#N)cc3)n2)cc1,11.72
N#Cc1ccc(-c2nc3cc(-c4cnc(C#N)nc4)nc(-c4ccc(C#N)cc4)c3c3c2C(=O)N(C2CCN(C(N)=O)C2)C3=O)cc1,27.41
Cc1cc(C#N)c(Cl)cc1-c1nc(-c2ccc(C#N)cc2)cc(-c2cc(N=Cc3cccc(C#N)c3)nc(-c3ccc(C#N)cc3)n2)c1C#N,25.82
N#CCn1cnc2c(C#N)nc(-c3cncc(C#N)c3)nc21,9.29
CC(C1CC1)n1c(=O)n(CC#N)c2cnc3ccc(-c4ccncc4)nc3c21,33.9
CS(=O)(=O)Nc1ccc(NC(=O)c2cc(-c3ccc(C#N)cc3)nc(-c3ccc(C#N)c(F)c3F)n2)cc1,20.83
N#Cc1ccc(-c2cc(-c3cccc(C#N)c3)nc(-c3ccccc3C#N)c2)cc1,13.37
N#Cc1ccc(-c2nc(C#N)c(-c3ccnc(C#N)n3)cc2C#N)cn1,12.42
N#Cc1cccc(-c2ccc(-c3nc(NCc4ccc(-c5cnc(C#N)nc5)cc4)c(C#N)nc3C#N)cc2)c1,19.04
N#Cc1ccc(C#Cc2ccc3c(c2)C(=O)c2cc(C#N)ccc2C3=O)nc1,14.99
N#Cc1cncc(C#Cc2cc(C#N)cc(-c3ccncn3)c2)c1,20.05
N#Cc1ccc(-c2ccc(-c3cc(-c4cncc(C#N)c4)nc(-c4cccc(C#N)n4)n3)cn2)nc1,16.03
N#Cc1ccc(-c2ccc(-c3nc(C#N)c(-c4cccc(C#N)n4)nc3C#N)cn2)nc1,9.0
N#Cc1ccc(C2(O)CC(Cn3cnc4c(C#N)nc(-c5ccc(-c6ccc(C#N)nc6)cc5)cc43)C2)cc1,19.19
COc1cc(C#N)ccc1OC(C(=O)NCc1ccnc(C#N)c1)c1ccc(C=CC#N)cc1,38.86
N#Cc1ccc(-c2nn(-c3ccc(-c4cccc(C#N)n4)cc3)cc2C(=O)O)cc1,17.01
N#Cc1ccc(-c2ccc(C#Cc3cccc(C#N)n3)cc2)cn1,12.01
N#Cc1ccc(-c2ccc(-c3nc(C#N)cc(-c4ccc(C#N)nc4)n3)cn2)cn1,14.8
N#Cc1ccc(-c2ccnc(-c3ccc(-c4cc(C#N)n5nc(-c6ccc(C#N)cc6)c(-c6ccc(C#N)cc6)c5n4)cc3)n2)cc1,29.67
COCc1nc(-c2cnc(-c3ccc(C#N)nc3)c(C#N)c2)c(C#N)nc1-c1ccc(-c2ccc(C#N)cn2)cn1,17.84
N#Cc1cccc(-c2cc(N=c3nc(C#N)cc[nH]3)cc(-c3cnc(C#N)nc3)c2)c1,22.87
Cc1cc(-c2nc(-c3ccc(-c4ccc(C#N)cc4)c(C#N)c3)nc(-c3ccc(C#N)cn3)n2)cc(C)n1,13.29
Cn1c(C#N)ccc1-c1ncc(-c2cc(-c3cccc(C#N)n3)ccn2)cc1C#N,13.16
N#Cc1cncc(-c2ccc(Oc3ncc(-c4cccs4)cc3C#N)cc2)n1,20.8
N#Cc1cccc(-c2ccc(-c3ccc(-c4cccc(C#N)n4)c(C#N)n3)c(C#N)c2)n1,11.13
N#Cc1ccc(-c2ccc(-c3ccc(-c4ccc(-c5cccc(C#N)n5)c(C#N)n4)cn3)cc2C#N)cn1,11.34
N#Cc1cc(C#N)cc(-c2nc(-c3ccc(=O)[nH]c3)nc(-c3cccc(C#N)n3)n2)c1,18.61
COc1ccccc1C1CN(c2nc(-c3nc(-c4ccc(-c5ccc(C#N)cn5)cc4)nc(-c4c(C#N)cccc4C#N)n3)c(C#N)c(-c3ccc(C#N)cc3C)n2)C1,26.24
N#Cc1ccc(-c2cc(-c3ccc(C#N)nc3)nc(-c3cccnc3-c3ccc(-c4cc(C#N)ccc4C#N)cc3)n2)cc1,18.41
N#Cc1cccc(Sc2nc(Nc3ccc(C#N)c(C#N)c3)nc(Nc3ccc(C#N)c(C#N)c3)n2)c1,22.52
N#Cc1ccc(NC2=c3c(cc(C#N)c(=O)n3-c3ccc(C#N)c(-c4ccc(C#N)cc4)c3)=C(O)C2)cc1,28.57
N#Cc1ccc(-c2cc(-c3ncccn3)nc(-c3ccc(C#N)s3)c2)cn1,17.51
N#Cc1ccc(-c2ccc(C#Cc3ccc(-c4cccc(C#N)n4)cc3)nc2)cn1,13.95
N#Cc1ccc(-c2nc(C#N)c(-c3ccc(-c4ccc(C#N)cc4C#N)cc3)nc2C#N)cc1,13.57
N#Cc1ccc(-c2cc(-c3ccc(NC(=O)c4ccccn4)cc3)cc(-c3cnc(C#N)c(C#N)n3)n2)cn1,21.44
N#Cc1ccc(Sc2cccc(N)c2)cc1,19.05
N#Cc1ccc(-c2ccc(-n3c(-c4ccc(C#N)cc4)cnc3CCc3ccc(-c4ccccc4C#N)cc3)cc2)cc1,20.06
N#Cc1ccc(-c2nc(-c3cnc(OC4CCC(C(=O)O)CC4)c(C#N)c3)nc(-c3ccccc3C#N)n2)cn1,14.55
Cn1c(C#N)ccc1-c1ccc(-c2nccc(-c3ccc(C#N)nc3)n2)cc1C#N,13.18
N#Cc1cncc(-c2ccc(-c3cc4c(ncn4CC4CNC4)c(C#N)n3)cc2)n1,15.35
N#Cc1ccc(-c2cccc(-c3c(C#N)c(C#N)c4ccccn34)c2)cc1,14.55
N#Cc1ccnc(C(=O)Nc2ccc(-c3cccc(-c4cnc5c(C#N)cc(C#N)cc5n4)c3)cc2)c1,18.41
N#Cc1ccc2c(=Nc3ccc(-c4cccc(C#N)n4)cc3)[nH]c(-c3cccc(C#N)n3)nc2c1,23.9
N#Cc1ccc(-c2cc(-c3ccc(-c4cc[n+](-c5cc6ccc(C#N)nc6c(-c6ccc(C#N)cc6)n5)cc4)cc3-c3ccc(C#N)cc3)ccc2C#N)cc1,20.82
N#Cc1ccc(-c2cc[n+](-c3cccc(C=Cc4cc(-c5ccc(C#N)nc5)cc(-c5ccc(C#N)cc5)n4)n3)cc2)cc1,12.22
N#Cc1ccc(C(=C2C(=O)C(N)=C(N3CC3)C(C=O)=C2O)c2ccc(C#N)cc2)cc1,15.8
NC(=Nc1cc(N=CN2CCN(C=O)CC2)nc(N=CN2CCN(C=O)CC2)n1)c1ccncc1,22.47
CC(C)Oc1ncc(-c2nc(-c3ccc(C#N)nc3)nc(-c3nc(C#N)c[nH]3)n2)cc1C#N,14.83
N#Cc1ccc(-c2nnc(-c3ccc(N=Cc4cc(C#N)cc(C=O)c4O)nc3)nc2C#N)cc1,10.24
N#Cc1ccc(-c2ccc(C(=O)N3CCc4c(nc(C#Cc5ccccc5)nc4-c4ccc(C#N)cc4)C3)cc2)cc1,19.71
N#Cc1nccc(-c2ccc(-c3nc(C#N)c(C#N)nc3C#N)c(F)c2)n1,18.15
N#Cc1ccc(-c2cc(=O)nc(C=Cc3ccccc3C#N)n2-c2ccc(-c3cccc(C#N)n3)cc2)cc1,14.89
Cc1cc(CNc2ccc(-c3cccc(C#N)n3)cc2)c(C)n1-c1cccc(-c2cccc(C#N)n2)c1,22.05
N#Cc1ccc(-c2cc(Nc3cc(C#N)c(Br)s3)nc(-c3ccncc3)c2)cn1,16.01
CN1CCC(Cn2cnc3c(C#N)nc(-c4ccc(-c5cccc(C#N)n5)cc4)cc32)CC1,14.95
N#Cc1ccc(-c2ccc(-c3nc4ccc(-c5ccc(-c6ccc(C#N)cc6)nc5)cc4nc3-c3ccc(C#N)cc3)cc2)cc1,16.38
N#Cc1ccc(-c2ccc(-c3cc(-c4ccc(C#Cc5ccc(-c6cccc(C#N)n6)cc5)cc4)nc(-c4ccc(C#N)cc4)n3)cc2)cc1,13.51
Cc1nc(-c2ccc(C#N)nc2)c(C#N)nc1-c1cc(C#N)c(C#N)nn1,17.78
N#Cc1ccc(OC2CCN(c3ccc(-c4ccc(C#N)nc4)nn3)CC2)cc1,14.58
Cn1c(=O)n(CC(=O)N(Cc2cccc(-c3ncc(C#N)cn3)c2)c2ccc(-c3ccc(C#N)cc3)cc2)c2ccccc21,34.25
N#Cc1ccc(-c2nc(-c3ccc(C#N)nc3)c(C#N)nc2-c2ccc(C#N)cn2)cc1,15.38
N#Cc1ccc(-c2cc(-c3ccc(C#N)nc3)nc(-c3nc(C#N)nc(-c4ccc(C#N)cn4)n3)c2C#N)cc1,13.35
N#Cc1ccc(Nc2cc(Nc3sc(Br)cc3Br)nc(Nc3ccc4c(c3)CCC4)n2)cc1C(F)(F)F,20.02
N#Cc1cccc(Cn2cnc3c(C#N)nc(-c4cc(F)cc(-c5ccccc5)c4)cc32)n1,18.08
N#Cc1cncc(-c2cc(F)c(C#N)c(-c3cnc(-c4cccc(C#N)n4)c(C#N)n3)c2)n1,18.28
COc1cc(C#N)ccc1-c1nc(-c2cnc(OC3CCOCC3)c(C#N)c2)cc(-c2cncc3cc(-c4cccnc4)ccc23)n1,24.39
N#Cc1cnc(-c2cn(CC3COC3)c3nc(-c4cnc(C#N)c(C#N)n4)c(-c4ncncn4)cc23)cn1,25.38
N#CC(C#N)=C1C(=Nc2ccc(C#N)c(C#N)n2)C(=O)C(N)C(C=O)=C1O,12.82
N#Cc1ccc(CNCCc2nc(-c3ccc(Cl)cc3)no2)cc1,25.79
N#Cc1ccc(-c2cc(C#N)nc(-c3ccc(-c4cnccn4)cc3)c2)cn1,13.0
CCOc1ccc2nc(-c3ccc(C#N)cc3)c(-c3ccc(C#N)cc3)c(C#Cc3ccc(-c4ccc(C#N)cc4)cc3)c2c1,26.63
N#Cc1ccc(-c2nc(-[n+]3ccc(-c4cccc(C#N)n4)cc3)nc3ccccc23)cc1,14.1
Cc1cc(C#N)c(C#N)cc1-c1nc(C#N)cc(-c2nc(-c3ccc(C#N)cc3)cc(-c3ccc(C#N)cn3)n2)c1C#N,16.44
N#CC(C#N)=c1ccc(=C(C#N)c2nc(C(=O)c3ccc(C#N)c(-c4ccc(C#N)nc4)c3)cc(-c3cnc(C#N)nc3)n2)cc1,15.91
N#Cc1ccc2c(c1)C(=O)c1ccc(Nc3ccc(-c4cnc(C#N)c(C#N)n4)cn3)cc1OC2,14.4
COc1ccc(-c2cc(-c3ccc(C#N)nc3)cc(-c3cnc(C#N)nc3)n2)cn1,19.04
N#Cc1ccc(-c2cc(-c3nc(-c4ccc(C#N)nc4)nc(-c4cccc(C#N)n4)n3)c(C#N)c(-c3ccc(C#N)nc3)n2)cc1,14.77
N#Cc1cc(-c2ccnc(C#N)n2)cc(-c2c(F)c(F)c(C#N)c(F)c2F)n1,12.04
N#CC(=Cc1cc[n+](CC#Cc2ccc(F)cc2)c(C#N)c1)c1nc(C(C#N)=c2ccc(=C(C#N)C#N)cc2)nc(N2CCOCC2)n1,30.89
N#Cc1cccc(C#Cc2c(F)cc(F)c(-c3c[nH]c(=N)cn3)c2F)n1,17.73
N#Cc1ccc(-c2cc(-c3ccc(C#N)cc3)nc(-c3ccc(-c4nc(C#N)c5ncccc5c4O)cc3)c2)cc1,18.02
N#Cc1ncc(-c2cc(Br)c3c(n2)C(=O)C(=Nc2ccc(C#N)c(C(F)(F)F)c2)C(Br)C3=O)cn1,22.65
N#CC=Cc1cc(-c2ccc(C#N)nc2)cc(C=CC#N)n1,9.65
N#Cc1ccc(C(O)(c2ccc(-c3cc(C#N)cc(-c4cccc(C#N)n4)c3)cc2)c2ccc(C#N)nn2)cc1,20.85
N#Cc1cccc(-c2ccc(Oc3cc(-c4cccc(C#N)n4)ccc3C#N)cc2)n1,11.29
N#Cc1ccc(-c2cc(-c3cccc(C#N)n3)nc(-c3ccc(N)c(N)c3)n2)cc1,18.5
N#Cc1ccc(N=Cc2cc3ccc(N=Cc4c(N)c(C#N)c(-c5ccc(C#N)cc5)c(C#N)c4O)cc3c3ccccc23)cc1,35.99
N#Cc1cn(-c2ccc(-c3ccc(-c4nc(C#N)nc(NCc5ccc(-c6ccc(F)cc6)cc5)c4C#N)c(C#N)n3)cc2)cn1,28.69
N#Cc1ccc(-c2nc(-c3ccc(-c4cnc(C#N)nc4)nc3)nc(-c3ccc(OC4CCC(C(=O)O)CC4)c(C#N)c3)n2)cn1,13.19
N#CC=c1nc(-c2cc(-c3cnc(C#N)cn3)cc(-c3ccc(C#N)cn3)n2)n(-c2ccc(C#N)c(C(F)(F)F)c2)c1=Cc1ccccn1,50.27
N#Cc1ccc(-c2ccc(-c3ncnc(-c4ccc(-c5cc(C#N)c(C#N)cn5)cc4)c3C#N)c(C(F)(F)F)c2)cc1,22.27
N#Cc1ccc(-c2c(C#N)cc(C#N)cc2-c2ccc(-c3ccc(C#N)cn3)cc2)cc1,14.63
N#Cc1cnc(C(=O)Nc2cc(-c3ccnc(C#N)n3)nc(-c3ccc(OC4CCC(C(=O)O)CC4)c(C#N)c3)n2)cn1,23.78
N#Cc1cccc(C#Cc2ccc(-c3ccc(-c4nc(C#N)c[nH]4)nc3)nc2)n1,16.94
N#Cc1ccc(-c2cc(-c3ccc(-c4ccc(C#N)cn4)nc3)n(-c3ccc(-c4ccc(-n5ccccc6cc(C#N)c(=O)c5=6)cc4)cc3)c(=O)n2)cc1,24.94
N#Cc1ccn(-c2nc(N=c3cccc(C#N)[nH]3)cc(-n3cnc4ccccc43)n2)c1,24.04
COCc1nc(-c2ccc(-c3ccc(C#N)cc3)c(C#N)n2)c(C#N)nc1-c1ncc(C#N)n1-c1ccc(-c2ccc(C#N)cc2)cc1,15.76
N#Cc1ccc(NC(=O)c2cncc(-c3ccc(C#N)c4ccccc34)n2)cn1,23.38
N#Cc1ccc(-n2cc(C#N)c(=O)c3c(C#N)nc(-c4ccc(-c5ncncn5)cc4)cc32)cc1,14.76
CCOc1[nH]c(=NCc2ccc(-c3ccc(-c4cccc(C#N)n4)cc3)cc2)c(-c2ccc(C#N)cc2)cc1C#N,18.56
N#Cc1ccc(-c2nc(C#N)cn2-c2ccc(-c3ccc(-c4cccc(C#N)n4)c(C#N)n3)cc2)cc1,12.69
N#Cc1cc(-c2cnc(C#N)cn2)cc(-c2cnc(C#N)c(C#N)n2)c1,10.42
CC(C)(c1ccc(-c2cc(C#N)cc(-c3ccc(C#N)cn3)c2)nc1)c1nccs1,25.22
N#Cc1ccc(-c2cc(-c3ccc(C#N)cc3)nc(-c3cc(C#N)nc4ccc(C#N)cc34)c2)cc1,12.19
CN(c1ccc(-c2ccccc2)cc1)c1ccc2nc(C(C#N)=c3ccc(=C(C#N)C#N)cc3)nc(C#N)c2c1,16.15
N#Cc1ccc(-c2ccc(C#Cc3cc(-c4ccc(-c5ccc(C#N)cc5)cc4)cc(-c4ccc(C#N)nc4)n3)cc2)cc1,12.95
N#Cc1ccc(-c2nc(Cn3cc(-c4ccc(C#Cc5ccc(C#N)cn5)cc4)cn3)nc(-c3ccc(C#N)nc3)n2)cc1,18.99
N#Cc1ccc(-c2ncc(-c3ccc(-c4ccc(C#N)cn4)cn3)c(-c3ccc(C#N)cc3)n2)cc1,11.65
N#Cc1ccc(-c2nc(-c3ccc(OC4CCC(C(=O)O)CC4)c(C#N)c3)nc(-c3cccc(C#N)n3)n2)cn1,10.01
N#Cc1ccc(-c2nc(Cl)nc(Cl)n2)c(-c2ccc(-c3cnc(C#N)nc3)cc2)n1,14.2
N#CNNCc1c(O)c(C=O)c(=O)n(-c2ccc(Nc3cnc(Br)c(C#N)n3)cc2)c(=O)c1-c1ccc(C#N)cc1,27.19
N#Cc1ccc(-c2cc(-c3ccc(C#N)nc3)cc(C#N)n2)c(C#N)c1,14.91
N#Cc1ncc(-c2ccc(-c3cc4c(ncn4C4CCN(C#N)CC4)c(C#N)n3)nc2)cn1,17.65
N#Cc1ccc(-c2ccc(-c3cc(-c4cnc(C#N)nc4)c(C#N)cc(=Nc4ccc(-c5cccc(C#N)n5)cc4)n3)cc2)cc1,24.42
Cc1cc(C#N)c(Cl)nc1-c1c(C#N)c(-c2nc(C#N)nc(-c3ccc(F)cc3)n2)cc2c(OC3CCOC3)nccc12,31.96
N#Cc1ccc2c(ccn2-c2cc(Nc3ccc(C#N)c(C#N)c3)cc(-n3cc(C#N)c4cc(C#N)cnc43)c2)c1,28.6
CCCc1nc(-c2cc(-c3ccc(C#N)nc3)nc(-c3cccc(C#N)n3)n2)c(C#N)c(-c2cc(Cl)c(C#N)cc2C)n1,21.98
N#Cc1ccc(-c2cc(-c3ccc(-c4cccc(C#N)n4)cc3)on2)nc1,14.95
N#Cc1ccc(-c2ccc(-c3ccc(-c4nccc(C#N)n4)cn3)cc2C#N)cc1,11.06
N#Cc1cccc(-c2ncc(-c3cnc(Nc4ccc5c(c4)C(=O)c4ccc(N)cc4C5=O)nc3)nc2C#N)n1,10.51
N#Cc1ccc(C#Cc2ccc(-c3cccc(C#N)n3)cc2-c2ccc(C#N)cn2)nc1,19.22
Cc1nc(-c2cc(-c3cncc(C#N)c3)nc(-c3cccc(C#N)n3)n2)nc(-c2cccc(Cl)c2Cl)n1,21.91
N#Cc1ccc(-c2ccc(-c3ccc(-c4ccc(C#N)cc4)n3-c3ccc(-c4cc(-c5ccc(C#N)cc5)nc(-c5ccc(C#N)cc5)n4)cc3)cc2)cc1,15.57
N#Cc1ccc(-c2nc(-c3ccc(C#N)nc3)c(C#N)nc2-c2ccc(F)cn2)cc1,11.88
N#Cc1ccc(-c2cc(-c3ccc(C#N)cc3)nc(-c3ccc(-n4c(Sc5cccc(N)c5)nc5ccccc5c4=O)cc3)c2)cc1,26.76
N#Cc1ccc(C(c2ccc(-c3ccccc3C#N)cc2)C(O)c2ccc(C#N)c(-c3ccccc3C#N)c2)nc1,27.89
N#Cc1ccc(-c2ccc(-c3nc(C#N)c(-c4ccc(C#N)nc4)nc3N3CCC(C#N)CC3)cn2)nc1,10.47
N#Cc1cccc(-c2ccc(-c3nc(-c4cnc(-c5ccc(C#N)nc5)c(C#N)n4)cnc3C#N)cc2)c1,15.36
N#Cc1ccc(-c2ccc(-c3nnc(-c4ccc(N=Cc5cc(C#N)cc(C=O)c5O)nc4)nc3C#N)cc2)nc1,12.9
N#Cc1ccc(C(C#Cc2ccc(-c3ccnc(C#N)n3)c(-c3cnc(C#N)nc3)n2)c2ccc(C#N)cn2)nc1,23.41
N#Cc1ccc(-c2ccc(C[n+]3ccc(-c4ccc(C#N)cn4)cc3)cc2)cc1,12.81
N#Cc1ccc(-c2cc(-c3cnc(C#N)nc3)cc(-c3cnc(C#N)cn3)c2)cn1,12.77
N#Cc1ccc(C(=O)C=Cc2ccc(Cl)c(Cl)c2)cc1,14.41
CC(c1ccc(C#N)cc1)N1C(=O)NC(Cc2ncccn2)(c2cccc(C#Cc3ccc(C#N)nc3)c2)C1=O,24.3
Cc1ccc(-c2nc(-c3ccc(C#N)cc3)nc(-c3cnc(OC4CCC(C(=O)O)CC4)c(C#N)c3)n2)cn1,13.28
Cn1c(C#N)ccc1-c1cc(C=CC#N)nc(C=CC#N)c1,13.96
N#Cc1ccc(-c2nc(C#N)cnc2-c2ccc(-c3ncncn3)cc2Cl)cc1,13.91
Cc1csc(C(C)Oc2cnc(-c3cc(-c4cccc(C#N)n4)cc(C#N)n3)cc2C#N)n1,18.34
N#Cc1ccc(-c2cc3c(ncn3CC3CCNCC3)c(C#N)n2)c(F)c1,12.57
COc1ccc(C=Cc2nc(=N)c(C#N)c(-c3cncc(C#N)c3)nc2N2CCN(C(C)=O)CC2)cc1OC,31.06
N#Cc1ccc(-c2cc(-c3nccc(C#N)n3)nc(-c3cnc(-c4ccc(-c5ccc(C#N)cn5)cc4)c(-c4ccc(C#N)cc4)n3)n2)cc1,17.14
N#Cc1ccc(C=Cc2nc(-c3ccnc(C#N)c3)cc(-c3cccc(C#N)n3)n2)nc1,18.9
N#Cc1ccc(-c2ccc(-n3c(C#Cc4ccc(=N)[nH]c4)cc4cccc(-c5ccc(-c6ncccn6)nc5)c43)cc2)cc1,25.59
N#Cc1cc(-c2ccc(C#N)c3ccccc23)nc(-c2ccc(C#N)c3cc(-c4ccc(F)nc4)ccc23)n1,16.68
N#Cc1ccc(-c2nc(C(=O)O)cc(-c3ccc(-c4ccc(C#N)cn4)cc3)n2)cc1,17.41
Cc1cc(C#N)c(F)cc1-c1nc(C#N)cc(-c2nc(-c3ccc(-c4ccc(C#N)cc4)cc3)cc(-c3ccc(C#N)nc3)n2)c1C#N,15.59
Cc1cc(C#N)c(Cl)nc1-c1nc(N2CC(F)C2)nc(-c2nc(-c3ccc(C#N)cc3)ccc2C#N)c1C#N,18.63
N#Cc1ccc(Nc2ccc3c(c2)C(=O)c2ccc(N)cc2C3=O)c(F)c1,12.39
N#Cc1cccc(-c2ccc(-c3nn(Cc4ccc(-c5ccccc5-c5nn[nH]n5)cc4)c(=O)c4cc(C#N)c(C#N)cc34)cc2)c1,19.69
N#Cc1ccc(Oc2ccc(-c3nc(-c4ccc(C#N)cc4)nc(-c4ccccn4)n3)cc2C#N)cc1,14.74
N#Cc1ccc(-c2cc(-c3cccc(C#N)c3)nc(-c3cc(C#N)cc(-c4ccc(C#N)cn4)c3C#N)n2)cc1,12.23
N#Cc1nc2nc(-c3cc(F)c(C#N)c(F)c3F)nc(C#N)c2nc1C#N,12.73
Cc1cc(C#N)ccc1-c1nc(N2CCCC(c3ccccc3)C2)nc(-c2ncc(-c3ccc(C#N)cc3)c(-c3ccc(C#N)nc3)n2)c1C#N,21.14
CC(C)=CCCC(C)=CCn1cnc2c(C#N)nc(-c3ccc(C#N)nc3)cc21,14.31
N#Cc1ccc(-c2ccc(Nc3c(C#N)sc4cc(-c5ccc(-c6cnc(C#N)nc6)c(C#N)c5)nc(C#N)c34)cc2)cc1,21.1
N#Cc1ccc(C#Cc2ccc(-c3ccc(-c4cccc(C#N)n4)nc3)cn2)nc1,14.08
N#Cc1ccc(-c2ccc(-c3nc(C#N)c(-c4cccc(C#N)n4)nc3Cl)cn2)nc1,10.58
N#Cc1cc(F)c(C#N)c(C#N)c1F,13.37
N#Cc1ccc(-c2nc(C#Cc3ccc(-c4cccc(C#N)n4)cc3)cc(-c3cc(C#N)ccc3C#N)n2)nc1,20.41
N#Cc1ccc(Nc2nc(Nc3ccc(Br)s3)cc(-c3ccc(Cl)cc3)c2C#N)cc1,16.25
Cn1cc(-c2cccc(C#N)c2)cc1CN1CCc2cnc(C#N)nc2C1,21.63
N#Cc1ccc(-c2cc(C#N)nc(-c3cccc(-c4ccc(C#N)nc4)n3)c2C#N)cc1,12.34
N#Cc1c[nH]c(-c2ncc(-c3ccc(C#N)c(C#N)n3)nc2C#N)n1,14.9
N#Cc1ccc(C=Nc2ccc(Oc3ccc(NC=C4C(=O)C(C#N)(C#N)C(=O)C4=NO)cc3)cc2)cc1,18.1
N#Cc1ccc(-c2nc(=O)c(C#N)c(C#N)[nH]2)cc1,17.07
N#Cc1ccc(-c2cc(-c3ccc(-c4ccc(F)cc4C#N)cc3)nc(-c3cccc(-c4ccc(C#N)cn4)c3C#N)n2)nc1,18.06
N#Cc1ccc(-c2ccc(-c3nc(Cn4ccnc4)co3)cc2)cc1,18.71
Cc1nc(C#Cc2ccc(-c3cncc(C#N)n3)cc2)c(C#Cc2cnc(C#N)nc2)cc1C#N,22.39
CN(Cc1ccccn1)c1nccc(-c2nc(C#N)ncc2-c2ccc(-c3cnc(C#N)c(C#N)n3)c(C#N)c2)n1,28.14
N#Cc1cnc(-c2ccc(-c3ncn(Cc4ccc(-c5ccccc5-c5nn[nH]n5)cc4)c(=O)c3C#N)cc2)nc1C#N,20.74
N#Cc1ccc(-c2cc(-c3ccc(C#N)cc3)c(C#N)c(-c3cc(-c4ccc(C#N)cc4)nc(-c4ccc(C#N)cc4)c3)c2)cc1,13.96
N#Cc1cc(C#N)c(O)cc1O,15.45
N#Cc1ccc(-c2cccc(Cn3cnc4c(C#N)nc(-c5ccc(-c6ccc(C#N)cn6)nc5)cc43)c2)cc1,12.07
Cc1cc(C#N)ccc1C1Nc2ccccc2N=C(c2ccc(-c3cccc(C#N)c3)cc2)C1C#N,21.91
Cc1cc(C(N)=O)nn1-c1nc(C(C#N)=c2ncc(=CCC(O)=NO)cn2)nc(C(O)(c2ccc(C#N)cc2)c2ccc(-c3ccccc3)cc2)n1,39.44
N#Cc1ccc(-c2nc(=NC3CCNC3)c3cc(-c4ccc(C#N)nc4)n(-c4ccc(NC(=O)c5ccc(C#N)nc5)cc4)c3[nH]2)cc1,33.93
N#Cc1ccc(-c2cccc(C#N)n2)c(-c2ccc(-c3cnc(-c4cccc(C#N)n4)c(C#N)n3)nc2)c1,16.82
N#Cc1ccc(-c2ccc(-c3nc(C#N)ccc3-c3nc(Cl)nc(Cl)n3)cc2)nc1,12.34
N#Cc1ccc(-c2ccc(-c3cc4c(ncn4CC4CC(F)(F)C4)c(C#N)n3)cc2)nc1,11.56
N#Cc1ccc(C(c2cccnc2)c2nc(-c3ccc(C#N)nc3)nc(-c3ccc(-c4ccc(F)cn4)cc3)c2C#N)cc1,22.01
Cn1c(C#N)ccc1-c1ccc(C#N)c(-c2ccc(-c3ccc(-c4ccc(C#N)cc4)c(C#N)n3)cn2)c1,16.04
N#Cc1ccc(-c2nc(C#N)c(-c3ncc(C#N)c(C4CC4)n3)nc2C#N)cn1,15.99
N#Cc1ccc(-c2cc(-c3nc(C#N)cnc3C#N)c(F)cn2)cn1,13.09
N#CCC(=O)Cn1cnc2c(C#N)nc(-c3cccc(C#N)c3)cc21,20.02
Cc1cc(=NS(=O)(=O)c2ccc(NC(=O)c3cc(C#N)ccc3Nc3ccc(-c4ccc(C#N)cc4)cc3)cc2)nc(C)[nH]1,30.23
CC#Cc1[nH]n(-c2ccc(-c3ccc(C#N)cc3)cc2)c(=N)c1-c1nc(-c2ccccn2)nc(=N)[nH]1,38.01
N#Cc1ccc(-c2nc(-c3ccc(C#N)nc3)c(C#N)cc2-c2cc(C#N)c(C#N)cn2)cc1,15.3
Cn1ncc(NC(=O)c2cccc(-c3ccc(C#N)c(Cl)c3)n2)c1C1=CCC(CC#N)CC1,25.19
N#CC(=C1C(=O)C(=Cc2ccco2)C(=O)C(C=O)=C1O)c1ccccn1,18.78
N#Cc1ccc(-c2ccc(-c3nc(C#N)c4ncn(CC5CCN(C(=O)C=CCN6CCC(O)C6)CC5)c4n3)cc2)cn1,22.76
N#Cc1ccc(=Nc2cc(-c3cnc(C#N)cn3)ccc2C#N)[nH]c1,14.39
N#Cc1ccc(-c2ccc(-c3nsc(=O)n3-c3ccc(-c4ccc(C#N)cc4)cc3)cc2)cc1,17.77
N#Cc1cnc(-c2ccc(C(=O)N3CCN(S(=O)(=O)c4ccc5c(c4)OCO5)CC3)c(F)c2)c(-c2ccc(Cl)cc2)n1,26.81
N#Cc1ccc(-c2nc(C#N)c(-c3ccc(Oc4ccc(-c5ccccc5)cc4)c(C#N)c3)nc2-c2ccc(C#N)cc2)cc1,19.69
N#Cc1cnc(-c2ccc(-c3nccc4ncn(Cc5cc(C#N)c(C#N)c(C#N)n5)c(=O)c34)cc2)cn1,38.7
Cc1cc(Cn2cnc3c(C#N)nc(-c4ccc(C#N)c(C#N)c4)cc32)nc(C)n1,17.26
N#Cc1ccc(-c2nc(-c3nc(-c4ccc(C#N)nc4)c(C#N)c4ccccc34)cc(=O)nc2-c2ccc(C#N)cc2)cc1,27.64
CCN(CCCn1ccnc1C)c1cc(-c2nc(C#N)c[nH]2)nc(-c2ccc(C#N)cc2)n1,26.89
Cn1cc(-c2ccc(-c3cc4c(ncn4Cc4ccc(-c5ccccc5C#N)cc4)c(C#N)n3)cn2)cn1,16.52
N#Cc1ccc(-c2ccc(-c3cc(-c4ccc(-c5ncncn5)nc4)cc(-c4cccc(-c5ccncc5)c4)c3)cn2)cc1,24.24
N#Cc1ccc(-c2cccc(-c3cc(-c4ccc(C#N)cc4)nc(-c4ccc(Br)cc4)c3C#N)c2)cc1,21.01
N#Cc1ccc(-c2cc(-c3cn4ccc(-c5ncncn5)cc4n3)ccc2C#N)cc1,15.45
N#Cc1ccc(-c2cn(-c3ccc(-c4nc(-c5ccc(C#N)nc5)nc(-c5ccnc(-c6ccc(C#N)cn6)c5C#N)n4)cc3)nc2C#N)cc1,18.08
N#Cc1ccc(-c2nc(=NN=Cc3ncccc3F)[nH]c(-c3ccc(C#N)cc3)c2C#N)cc1,18.35
N#Cc1cncc(-c2ccc(NC(=O)Cc3ccc(-c4ccccc4)cc3)c(C#N)c2)n1,18.23
N#Cc1cnn(-c2ccc(-c3cc(-c4cccc(C#N)n4)cc(C#N)n3)cc2C#N)c1,18.26
N#Cc1ccc(-c2nc(-c3ccc(-c4cncnc4-c4ccc(C#N)nc4)cc3)cc(-c3ccc(C#N)cn3)n2)cc1,17.98
N#Cc1cccc(-c2ccc(C#Cc3ccc(-c4nc(C#N)ccc4C#N)cc3Cl)cc2)n1,17.17
N#Cc1cncc(-c2cc(C#N)cc(-c3nc(C#N)c[nH]3)c2)c1,18.67
N#Cc1ccc(-c2ccc(-c3cc(-c4ccncc4)c(-c4ccc(-c5cccc(C#N)n5)cc4)nn3)cn2)nc1,13.1
Cc1cc(C#N)c(-c2cnn(C3CCCCC3)c2)cc1-c1cccc(-c2nc(-c3ccc(C#N)cn3)cc(-c3ccc(-c4ccncn4)c4ccccc34)n2)c1C#N,29.83
C#Cc1ccc2c(-c3nc(C)nc(-c4cnc(OC5CCOCC5)c(C#N)c4)n3)cccc2c1,23.39
C=C1CC(CN)Oc2c1cc(-c1cccc(C#N)n1)cc2-c1ccc(C#N)nc1,23.14
N#Cc1ccc(-c2ccc(-n3nc(-c4ccc(-n5cccn5)nc4)ccc3=O)cc2)cc1,19.85
N#Cc1cccc(-c2nc(-c3ccc(C#N)c(C#N)c3)nc(-c3cccc(C#N)n3)n2)n1,14.13
N#Cc1ccc(C(=O)c2cnc(-c3ccc(-c4cccc(C#N)c4)nc3)c(-c3ccncc3)n2)cc1,18.88
O=C(C(=O)c1ccc(O)cc1O)c1ccc(Cl)cc1,18.83
N#Cc1ccc(-c2ccc(-c3cnnn3-c3ccc(-c4cc(-c5ccc(C#N)cc5)c5ccc(C#N)cc5n4)cc3)cc2)cc1,15.91
N#Cc1cccc(-c2cc(-c3cnc(C#N)nc3)cc(-c3nc(N)c(C#N)nc3C#N)c2)n1,16.37
N#Cc1ccc(-c2ccc(-c3cc(C(=O)N=c4ccc(C#N)c[nH]4)c(C#N)n3-c3ccc(C#N)cc3)cc2)cc1,22.05
N#Cc1ccc(COc2nc(-c3ccc(C#N)cc3)nc(-c3ccc(-c4cccc(C#N)c4)cc3)n2)cc1,13.05
N#Cc1cncc(-c2cc3ccnc(-c4ncncn4)c3c(C#CCO)n2)c1,25.22
N#Cc1ccc(-c2cc(-c3ccc(C=Cc4ccc(Br)cn4)cc3)nc(-c3ccc(C#N)cc3Cl)n2)nc1,27.4
CCN(CC)S(=O)(=O)c1cc(-c2cnc(C#N)c(C#N)n2)cc(-c2cnc(C#N)nc2)n1,25.75
CCn1c(=O)[nH]c2c(cc(C#N)c(=Nc3cccc(C#N)c3)n2Cc2ccc(-c3ccc(C#N)cc3)cc2)c1=O,28.39
N#Cc1ccc(-c2ccc(-c3cc(-c4ccccc4C#N)cc(C#N)n3)cn2)nc1,9.36
N#Cc1ccc(-c2ccc(-c3cc(-c4ccc(C#N)cn4)c4ccc(-c5cncc(C#N)n5)cc4n3)cc2)cc1,22.33
N#Cc1ccc(-c2cc(-c3ccc(C#N)cc3C#N)nc(C#Cc3cccnc3)c2C#N)cc1,20.22
CNc1ncc(-c2ccc(-c3cc(C#N)nc(-c4ccc(-c5ccc(C#N)cn5)nc4)n3)cc2)nc1C#N,17.53
N#Cc1ccc(-c2cc(-c3ccccc3C#N)cc(-c3cnc(-c4ccc(C#N)nc4)nc3)n2)cn1,11.89
N#Cc1cnc(-c2ccc(-c3cc(-c4ccc(N)c(C#N)c4)cc(C#N)n3)cc2)nc1,16.69
N#Cc1ccc(-c2cc(-c3ccccc3C#N)nc(-c3cccc4c3SCC(=O)N4)c2)cc1,26.75
N#Cc1ccc(-c2cc(-c3nc(-c4ccc(C#N)nc4)nc(-c4ccccc4C#N)n3)ccc2C#N)cc1,15.2
N#Cc1ccc(-c2nc(-c3ccc(C#N)c(F)c3)nc(-c3cnc(OC4CCC(C(=O)O)CC4)c(C#N)c3)n2)cc1,15.09
N#Cc1cc[nH]c(=Nc2cc(-c3ccc(-c4cc5[nH]cnc5c(C#N)n4)cc3)ccn2)c1,15.33
N#Cc1ccc(-c2cc(-c3ccc(-n4cc(C#N)cn4)cc3)nc(-c3cccc(-c4ccc(C#N)cc4)c3C#N)n2)cc1,13.62
Nc1ccccc1CNC(=O)c1cnc2cc(-n3cnc4cc(-c5ccc(-c6c[nH]cn6)cc5)ccc43)ccc2n1,36.46
N#Cc1nccc(-c2ccc(-c3ccc(N)c(C#N)n3)c(F)c2)n1,12.36
CN(O)C(=O)c1cnn(-c2cc(-c3ccc(-c4ccc(C#N)cn4)c(C#N)c3)ncn2)c1,25.71
N#Cc1ccc(-c2cc(-c3ccncc3)cc(-c3ccc(-c4ccc(C#N)nc4)c(C#N)c3)n2)cn1,16.38
N#Cc1ccc(-c2nc(CCc3ccc(N)cc3)cc(-c3nccs3)n2)cc1,22.47
N#Cc1ccc(-c2nc(Nc3ccc(Br)s3)nc(-c3ccc(C#N)nc3)n2)cn1,14.89
N#CC=Cc1nc(C#N)c(N2CCC(Oc3ccc(C#N)cc3)CC2)[nH]c1=Nc1cc(F)c(C#N)cc1F,29.52
N#Cc1ccc(-c2cc(C#N)ccc2CNCc2nc(-n3cncn3)cc(-c3ccc(C#N)cn3)c2C#N)cc1,30.95
Clc1ccc(-c2nc(OCc3ccccn3)ncc2-c2ncncn2)c(Cl)c1,23.16
N#Cc1ccc(NC(=O)Nc2ncc(-c3cccc(C#N)n3)c(-c3ccc(-c4cnc(C#N)nc4)nc3)n2)cc1,20.41
N#Cc1ccccc1-c1ccc(-c2cnc(-c3ccc(N4CCC(O)CC4)cc3)c(C(=O)O)n2)nc1C#N,28.29
N#Cc1ccc(-c2ncc(C#N)nc2C#Cc2ccc(-c3ncc(O)cn3)cc2)cc1,24.06
C=c1[nH]c(=Cc2cc(C)n(-c3ccc(C#N)cc3C)c2C)c(O)c1C(=O)OC,18.55
N#Cc1ccc(-c2cc(-c3ccc(C#N)nc3)nc(-c3nc(-c4ccc(C#N)nc4)cc(-c4csc(C#N)n4)n3)c2C#N)cc1,18.46
N#Cc1ccc(-c2cc(-c3cccc(OCc4ccc(-c5ccc(C#N)cc5)c(C#N)c4)c3)cc(-c3ccc(C#N)cn3)c2)cc1,23.06
Cc1cc(C#N)c(Cl)cc1-c1nn(Cc2ccc(-c3ccc(C#N)cc3)cc2)c(-c2ccc(-c3cnc(C#N)nc3)c(-c3cccc(C#N)c3)n2)c1C#N,21.17
N#Cc1ccc(-c2nc(-c3ccc(-c4cccc(C#N)c4)cc3)c(-c3ccc(N)cc3)cc2F)nc1,24.82
N#CC(C#N)=c1ccc(=C(C#N)c2nc(-c3ccc(C#N)cc3)nc(C(O)c3ccc(C#N)cc3)n2)cc1,11.45
N#Cc1ccc(-c2ccc(-c3ncc(-c4nccc(C#N)n4)cn3)cc2C#N)cc1,10.89
N#Cc1ccc(-c2nc(C#N)c(-c3ccc(-c4ccc(C#N)nc4)cc3)nc2C#N)cc1,13.51
N#Cc1ccc(C#Cc2ccc(-c3cc(-c4cccc(C#N)n4)cc(C#N)n3)cc2)nc1,12.0
CC(=C1C(=O)C(C=O)=C(O)C(C=O)=C1O)c1ccc(NC=C2C(=Cc3c4ccccc4c4ccc(N)cc4[n+]3C)C(=O)C(=O)C(C=O)=C2O)cc1,20.64
N#Cc1ccc(-c2ccc(C#Cc3ccnc(-c4ccc(-c5nc(C#N)c(C#N)[nH]5)cn4)n3)cn2)cc1,25.42
N#Cc1ncc(-c2cc(-c3cccc4nc(C#N)c(C#N)nc34)c(-c3ccc(N)cc3)cn2)nc1C#N,34.05
CCCC(=O)c1cnn(-c2ccc(Oc3ncc(C#N)cc3Nc3ccc(C#N)cn3)cc2)c1C,38.4
N#Cc1ccc(-c2ccc(C#N)nc2-c2cnc(-c3ccc(C#N)o3)c(C#N)n2)nc1,14.37
N#Cc1cnn(-c2ccc(-c3ccc(-c4cnc(-c5ccc(C#N)c(C#N)c5)c(C#N)n4)nc3)cc2F)c1,20.66
Cc1cc(C#N)c(-c2cccc(C#N)n2)cc1-c1nc(-c2ccc(C#N)cn2)nc(-c2cccc(-c3ccc(-c4ccncc4)cc3)n2)c1C#N,21.82
COc1cc(-c2ccnc(C#N)c2)cc2cc(-c3ccc(C#N)cc3)cc(-c3ccc(N)cc3)c12,25.97
Cn1c(C#N)ccc1-c1nc(C#N)c(C#N)nc1-c1cc(C#N)c(C#N)c(-c2ccc(C#N)cc2)c1,16.14
N#Cc1ccc(C#N)c(-c2cccc(-c3noc(-c4ccc(C#N)nc4)n3)c2)c1,17.41
N#Cc1ccc(C#Cc2cc(-c3cccc(C#N)n3)ccc2C#Cc2ccc(-c3ccnc(-c4ccnc(C#N)n4)c3)cc2)nc1,29.15
N#Cc1ccc(-c2nn(-c3ccc(-c4ccc(-c5cc(-c6ccc(-c7ccc(C(=O)O)cn7)cc6)cc(-c6ccc(-c7nc(Cl)nc(Cl)n7)cc6)c5)cc4)cc3N)cc2C=O)cc1,24.97
N#Cc1ccc(-c2ccc(-c3cc(-c4ccc(C#N)nc4)nc(Nc4ccc5c(c4)C(=O)c4ccc(N)cc4C5=O)n3)cc2)nc1,11.72
N#Cc1ccc(-c2cc(-c3cccc4cc(-c5ccccc5C#N)ncc34)nc(-c3ccc(C#N)nc3)n2)cc1,22.99
N#Cc1ccc(-c2ccc(-c3nc(-c4ccc(C#N)cc4)cc(-c4ccc(C#N)nc4)n3)c(C#N)c2)cc1,15.38
N#Cc1cccc(-c2cc(C#N)nc(-c3cc(C#N)c(Oc4ccc(F)cc4-c4ncncn4)cn3)c2)n1,19.52
N#Cc1ccc(-c2cccc(-c3nc(-c4ccc(-c5ccc(C#N)nc5)cc4)nc(-c4cncc(C#N)c4)n3)c2C#N)nc1,18.54
N#Cc1ccc(-c2nc(-c3cnc(C#N)nc3)nc(-c3csc(C#N)n3)n2)cc1,18.72
N#Cc1ccc(-c2ccc(-c3nc(C#N)cnc3-c3ccc(Cl)cn3)cc2)nc1,10.13
N#Cc1cccc(-c2cc(-c3cnccn3)cc(-c3ccc(-c4cccc(C#N)n4)c(C#N)n3)n2)n1,14.43
CCc1nc(C)c(C#N)c(-c2ccc(-c3cnc(C#N)nc3)cc2)c1C#N,18.88
Cc1cc(-c2ccc(C#N)cc2)ccc1-n1c(-c2ccc(C#N)cc2)nc2c(C#N)cc3ccc(C#N)cc3c21,20.73
N#Cc1ccc(-c2cc(-c3cccc(C#N)n3)nc(-n3cccc3)c2)cc1,12.77
Cn1cc(-c2cc(C#N)cc(-c3cn4ncnc4c(C#N)n3)c2)cn1,14.18
N#Cc1ccc([N+](=O)[O-])c(-c2cc3c(ncn3CC3CCNCC3)c(C#N)n2)c1,23.29
N#Cc1ccc(-c2cncc(-c3cc(-c4cccc(C#N)n4)cc4c(C#N)cc(-c5ccc(C#N)nc5)nc34)n2)cn1,26.87
Cc1cc(-c2nc(-c3ccc(C#N)nc3)cc(-c3cc(-c4ccc(C#N)cc4)c(Nc4ccc(C#N)cc4)c(C#N)n3)n2)ccn1,23.07
N#Cc1ccc(-c2cncc(NCc3ccc(-c4ccc(C#N)nc4)nc3)n2)cc1,21.4
Cn1nc(-c2cccc(C#N)c2)cc1C(=O)c1ccc(C#N)c(-c2cc(C#N)ccc2C#N)c1,19.75
N#Cc1ccc(C2=NOC(COc3nc(-c4ccc(-c5ccc(C#N)cc5)cc4)cc(-c4ccc(-c5ccc(C#N)cc5)cc4)c(C#N)c3=N)C2)cc1,24.32
N#Cc1ccc(-c2cc(-c3ccc(C#N)nc3)cc(-c3nc(C#N)cc(C#N)n3)c2)cc1,20.98
CC(N=c1nc(C#N)cc(C#N)[nH]1)c1cc(-c2cccc(C#N)n2)cc(-c2ccc(C#N)cc2)n1,21.8
N#Cc1ccc(-c2nc(-c3cccnc3C#N)nc(-c3cncc(C#N)c3F)n2)cc1,18.11
N#Cc1ccc(-c2ccc(-c3nc(N4CCOCC4)c(C#N)nc3-c3ccccc3)cc2C#N)cn1,20.84
N#Cc1ccc(-c2cc(C#N)nc(-c3cc(C#N)nc(-c4ccc(-c5ncncn5)cc4)c3)c2)cn1,19.2
N#Cc1ccc(-c2nc(S(=O)(=O)c3ccccc3F)c(C#N)cc2-c2ccc(C#N)nc2)cc1,23.03
Cn1cc(-c2ncc(-c3cccnc3C#Cc3ccc(C#N)cn3)cc2C#N)cn1,20.77
N#Cc1cncc(Cn2cnc3c(C#N)nc(-c4cc(-c5cnc(C#N)nc5)cc(N5CC(O)CC5CO)c4)cc32)n1,20.47
N#Cc1ccc(-c2cc(-c3cccc(-c4ccc(C#N)nc4)c3)ccn2)nc1,14.47
N#Cc1cnc(-c2cc(-c3ccc(C#Cc4cccc(C#N)n4)cc3)cc(-c3cncc(C#N)n3)n2)nc1,21.09
Cc1ccc(-n2[nH]c(-c3ccc(C#N)cc3)cc2=NC(=O)c2cnn3cccnc23)cc1,21.48
N#Cc1ccc(-c2cc(-c3ccncc3)c(-c3ccc(-c4ccc(C#N)cn4)cc3)nc2C#N)cc1,12.87
N#CC(C#N)=C1C(=Cc2ccc(C#N)c(C#N)c2)C(=O)C(C=O)=C1O,13.03
Cc1ccccc1NC(=O)c1cccc(-c2ncc(-c3ccccc3C#N)nc2C#N)c1,26.81
N#Cc1ccc(-c2cc(-c3ccc(C#N)cc3)c(C#N)c(-c3ccc(-c4ccc(C#N)cc4C#N)cc3)n2)cc1,15.85
N#Cc1ccc(-c2ccc(C#N)c(-c3nc(C#N)nc(-c4cc(C#N)cc(-c5ccc(C#N)o5)c4C#N)n3)c2)c(C#N)c1,28.41
CCOc1nc(-c2cccc(C#N)n2)c(C#N)nc1-c1ccc(C#N)cn1,14.32
N#Cc1ccc(-c2nc(-c3ccc(C#N)nc3)c(C#N)c(-c3cccc(C#N)n3)n2)cn1,12.13
N#Cc1cccc(-c2ccc(C#Cc3cnc(-c4ccc(C#N)c(-c5cccc(C#N)n5)c4)cn3)cc2)c1,24.64
CCOc1cnc(-c2cccc(-c3cnc(Nc4ccc(-c5noc(CO)n5)cc4)c(C#N)n3)c2)cn1,31.34
N#CC=Cc1ccc(-c2nc(C#N)cnc2-c2ccc(C#N)nc2)cc1,19.67
CC(C)(c1ccc(-c2cccc(C#N)c2)nc1)c1nc(C(C#N)=c2ccc(=C(C#N)C#N)cc2)nc(-c2cnc(C#N)nc2)n1,16.52
N#Cc1ccc(-c2nc(-c3ccc(-c4ccc(C#N)cn4)cc3)c(-c3ccc(NC(=O)c4ccccn4)cc3)nc2C#N)cc1,21.78
N#Cc1ccc(-c2cnn(-c3ccc(-c4ccc(C#N)cc4)c(C#N)n3)c2)cc1,14.95
N#Cc1ccc(-c2ccc(CN3C(=O)C(c4cc(C#N)ccn4)=C(c4cnc(-c5ccc(C#N)nc5)nc4)C3C#N)cc2)cc1,34.95
N#Cc1ccc(-c2ccc(-c3cc(-c4ccccc4C#N)nc(-c4c(C#N)cccc4C#N)n3)c(C#N)c2)cc1,17.71
N#CC=Cc1cc(-c2cncc(C#N)c2)cc(C=CC#N)n1,9.69
N#Cc1ccc(-c2ccc(C=Cc3nc(C#N)c(Nc4ccc(C#N)c(C(F)(F)F)c4)o3)cn2)cc1,13.71
CCOc1ccc(-c2ccc3c(CC(=O)O)c(C)n(Cc4ccc(-c5nccc(C#N)n5)cc4F)c3c2)cn1,32.71
N#CC(C#N)=c1ccc(=C(C#N)c2nc(-c3ccc(C#N)nc3)cc(-c3ccc(C#N)nc3)n2)cc1,8.51
N#Cc1cccc(-c2cncc3nc(-c4cnc(C#N)nc4)cn23)n1,20.46
N#Cc1ccc(Nc2oc(C=Cc3ccc(-c4ccc(=O)[nH]c4)cc3)nc2C#N)cc1C(F)(F)F,18.51
N#Cc1ccc(-c2cccn2-c2ccc(-c3cccc(C#N)n3)cc2)cc1,13.98
N#Cc1ccc(-c2ccc(C#N)nc2-c2ccnc(-c3ccc(C#N)c(F)c3)c2)nc1,14.44
N#Cc1ccc(-c2cc(-c3ccc(-c4ccncc4)nn3)ccc2C#N)cc1,14.64
N#Cc1cccc(-c2nc(C#N)nc(-c3cc(-c4ccc(C#N)nc4)nc(-c4ccccc4C=NO)c3C#N)n2)c1,23.25
N#Cc1ccc(-c2ccc(-c3nc(-c4ccc(-c5cccc(C#N)n5)cc4)nc4ccc(C#N)cc34)nc2)cc1,21.36
N#Cc1ccc(-c2ccc(-n3nc(-c4ccc(C#N)cn4)cc3-c3ccc(-c4ccc(C#N)cn4)cc3)cc2C#N)cc1,16.38
N#Cc1ccc(-c2nc(-c3cncc(-c4ccc(C#N)nn4)c3)nc(-c3ccccc3C#N)n2)cn1,20.81
COc1ccc(-c2ccc(Nc3ccc(C=Cc4cc(C#N)c(F)c5ccc(-n6ncc7cc(C#N)ccc76)cc45)nc3C#N)cc2)cc1C#N,41.73
N#Cc1cc(C#Cc2ccc(-c3cccc(C#N)n3)cn2)cc(-c2cncc(C#N)n2)c1,19.72
N#Cc1ccc(-c2cccc(-c3nc(-c4cc(Cl)cc5cc(-c6ccc(C#N)nc6)oc45)no3)c2)cc1,33.82
COc1c(C#Cc2ccc(-c3cccc(C#N)n3)cc2)cc(-c2nc(C#N)cs2)cc1-c1cccc(C#N)c1,26.53
N#Cc1ccc(-c2cc(C#N)c(O)n2-c2nc(C#N)c(C#N)nc2C#Cc2ccc(-c3cccc(C#N)n3)cc2)cc1,21.08
N#Cc1ccc(-c2ccc(-n3cc(C=NOCc4ccc(F)c(F)c4)c(-c4ccc(C#N)cc4)n3)cc2C#N)cc1,23.48
CC(C)c1cc(C#N)ccc1-c1cc(-c2ccc(C#N)cn2)nc(-c2nc(C#N)cc(-c3ccc(C#N)cc3)c2C#N)n1,21.29
N#Cc1cccc(-c2ccc(-c3ccc(-c4ccc(OC5OC(CO)C(O)C(O)C5O)cc4)cc3)nc2C#N)n1,15.8
C#CCOC(Cn1cnc2c(C#N)nc(-c3ccc(-c4ccc(C#N)nc4)cc3)cc21)C(C)C,20.05
N#Cc1ccc(-c2ccc(-c3ccc(-c4ccc(C#N)cc4)cc3-c3ccc(N)c(O)c3)cc2)cc1,15.5
N#Cc1ccc(-c2ccc(C#N)c(-c3ccc(-c4ccc(-c5cccc(C#N)n5)c(C#N)n4)cc3)n2)cc1,12.36
N#Cc1ccc(-c2nc(-c3cccc(C#N)n3)c(C#N)cc2-c2nc(C#N)c[nH]2)nc1,14.67
N#Cc1ccc(-c2cc(-c3ccc(C#N)cc3)nc(-c3ccc(-c4cnccc4-c4ccc(C#N)cc4)cc3)c2)cc1,16.33
N#Cc1ccc(-c2ccc(-c3ccc(-c4ccc(C#N)cn4)cn3)cc2-c2ccc(C#N)cc2)cc1,12.79
Cc1cc(C#N)ccc1-c1nc(Nc2ccc(C#N)cc2)cc(-c2nc(-c3ccc(C#N)nc3)cc(-c3ccc(N4CCc5cc(-c6ncncn6)c(-c6ccncn6)nc5C4)c(C#N)c3)n2)c1C#N,23.9
N#Cc1cc(OC(F)(F)F)nc(-c2nc(-c3cnc(OC4CCC(C(=O)O)CC4)c(C#N)c3)nc(-c3ccc(C#N)c(-c4ccccc4)c3)n2)c1,19.33
N#Cc1ccc(-c2ccc(-c3ccc(C#N)nc3-c3cc(C#Cc4cccc(C#N)n4)ccc3F)cc2)nc1,16.91
N#Cc1ccc(-c2c(N)c(-c3ccc(C#N)nc3)nc(-c3ccc(Br)cc3)c2C#N)cc1,19.79
Cc1ccc(N=Cc2ccc(-[n+]3c(-c4ccc(C#N)cc4)ccc4ccccc43)cc2)c(N)c1,25.19
N#Cc1ccc(-c2cccc(-c3cc(-c4ccc(C#N)nc4)nc(-c4ccc(C#N)nc4)n3)n2)cn1,14.4
N#Cc1cccc(-c2nc(C#N)ccc2C#Cc2cccc(C#N)n2)c1,14.6
N#Cc1cccc(-c2ccc(C#Cc3ccc(-c4cccc(C#N)n4)cc3)cn2)c1,8.42
Cc1ccc(-c2nc(C)nc(-c3cccc(-c4cc(C#N)cc(C=CC#N)n4)n3)c2C#N)c(C)c1,16.12
CN=c1nc(C#N)[nH]c2nc(-c3ccc(OC)c(C#N)n3)c(-c3ccc(-c4ccc(C#N)cc4)cc3)nc12,24.5
Cc1cc(C#N)ccc1-c1ccc(-c2nc(C#N)c(-c3ccc(C#N)cc3)nc2OCC#N)cc1,17.25
N#Cc1ccc(-c2ccc(C#Cc3ccc(-c4ccc(C#N)nc4)nn3)cc2)cc1,11.18
O=C1Nc2ccc(Br)cc2C1=CNc1cccc2c1ccc1ccccc12,19.97
N#Cc1cccc(-c2ccc3cccc(-c4nc(-c5ccc(OC6CCC(C(=O)O)OC6)c(C#N)c5)nc(-c5ccccc5C#N)n4)c3c2)n1,24.05
N#Cc1ccc(-c2nc(-c3cccc4ccccc34)[nH]c2-c2ccc(-c3ccc(C#N)cn3)cc2)cc1,14.16
COc1ccc(-c2cc(-c3cnc(-c4ccc(C#N)cc4)cn3)nc(-c3cccc(-c4ccc(C#N)nc4)c3C#N)n2)cc1C#N,29.45
Cc1cc(C#N)c(F)cc1-c1nc(C2CC2)nc(-c2nc(C#Cc3ccc(C#N)cn3)nc(-c3cccc(C#N)n3)n2)c1C#N,18.82
CC(C)C(=O)c1c(O)c(O)n(-c2ccc(-c3ccc(C#N)cc3)cc2)c1-c1ccc(C#N)cc1OCc1ccc(C#N)cc1,17.42
N#Cc1cc(F)cc(-c2cc3c(ncn3CC3CCC3)c(C#N)n2)c1,14.9
N#Cc1ccc(-c2ccc3c(-c4ccc(C#N)nc4)nc(C=Cc4ccccn4)nc3c2)cn1,23.79
CC(=O)Nc1ccc(-c2cc(-c3ccc(-c4ccc(-c5nc(C#N)c(C#N)n5C)cc4)cc3)[nH]c(=Nc3ccc(N)cc3)n2)cc1,24.12
N#Cc1cncc(-c2cc(C#Cc3nc(C#N)ncc3C#N)cc(-c3cncc(C#N)n3)c2)n1,15.98
N#CC=Cc1nc(-c2ccc(-c3ccc(C#N)cc3)cc2)nc(-c2ccc(C#N)cc2Cl)n1,17.12
N#CC(C#N)=c1ccc(=C(C#N)c2nc(-c3ccc(C#N)nc3)nc(C(F)(F)F)n2)cc1,11.89
N#Cc1ccc(-c2nc(-c3cnc(OC4CCC(C(=O)O)CC4)c(C#N)c3)nc(-c3ccc4ccccc4c3)n2)cc1,17.78
N#CC(C#N)=c1c(O)c(C=O)c2cc(C#N)ccc2c(=O)c1=Cc1ccccn1,21.59
COc1ccc(C#N)cc1-c1c(C#N)nc(-c2ccc(-c3cc(C)ns3)cn2)n1C,26.07
Cc1cc(C#N)ccc1-c1cc(C#N)cc(-c2nc(-c3ccc(-c4cccc(C#N)c4)cc3)c(C#N)nc2C(F)(F)F)c1C#N,18.22
N#Cc1ccc(-c2ncc(-c3cccc(-c4ncc(C#N)cn4)c3)nc2C#N)cc1,13.84
N#Cc1ccc2c(ccn2-c2ccc(-c3cnc(-c4ccc(C#N)c(F)c4F)nn3)cc2)c1,19.47
N#Cc1ccc(-c2ccc(-c3cc(-c4ccc(C#N)nc4)nc(-c4ccc(C#N)nc4)n3)cc2Cl)nc1,15.99
COc1cc(C=C2C(=O)C(c3ccc(C#N)cc3)C(C=O)=C(O)C2=C(C#N)C#N)ccc1-n1cnc(C)c1,10.2
N#Cc1ccc(-c2cc(-c3ccc(C#N)nc3)nc(-c3cc(C#N)nc(-c4cccc(C#N)c4)c3)c2C#N)cc1,18.21
N#Cc1ccc(-n2nc(-c3cccc(C#N)n3)c3c(C#N)nc(-c4ccc(C#N)nc4)cc32)cc1,15.32
N#Cc1ccc(-c2nc(-c3cnc(C#N)nc3)c(C#N)cc2-c2cccc(C#N)n2)nc1,11.54
O=C(O)C1=C(C(=O)Nc2ccc(-n3cnnn3)cc2)C2C=CC1C2,28.46
COc1ccc(-c2nc(-c3ccc(C#N)cc3)nc(-c3ncccn3)n2)cc1C#N,15.06
N#Cc1ccc(-c2ccc(C#Cc3ccc(C#N)c(-c4ccc(C#N)nc4)c3)cc2)nc1,14.48
CC1(C)Oc2cc(C#N)ccc2C(N2CCc3c(ncn3-c3ccc(C#N)c(Cl)c3)C2=O)C1O,25.5
N#Cc1cccc(-c2ncc(-c3cc(C#N)c(F)cn3)nc2C#N)n1,13.68
N#Cc1ccc(-c2nc(C#N)ncc2-c2ccc(-c3ccc(N)c(C#N)n3)nc2)cn1,17.39
N#Cc1ccc(-c2cc(-c3cccc(C#N)n3)cc(-n3cnc4cc(-c5ncncn5)c(-c5ncc(C#N)c(=N)[nH]5)cc43)c2)cc1,31.52
N#Cc1ccc(C=Nc2ccc(Oc3ccc(-c4cccc(C#N)n4)cc3-c3nccc(C#N)n3)cc2)cc1,16.15
COc1nccc(-c2ccc(-c3cnc(-c4ccc(C#N)nc4)c(C#N)n3)nc2)n1,21.33
N#CC(C#N)=c1ccc(=C(C#N)c2nc(C#N)c(C#N)n2Cc2ccc(-c3ccccc3C#N)cc2)cc1,15.35
CN(Cc1ccc(-c2ccc(C#N)cc2)cc1)c1nc(-c2ccc(-c3cccc(C#N)n3)cc2)nnc1C#N,15.71
N#Cc1ccc(-c2ncc(-c3nc(C#N)cc(-c4ccc(C#N)nc4)n3)cc2C#N)cc1,17.55
Cn1cncc1C#Cc1cc(-c2ccc(-c3cncc(C#N)n3)nc2)cc(-c2ncc(C#N)cn2)c1,19.87
N#Cc1ccc(-c2cc(C#N)cnc2-c2ccc(-c3ccc(C#N)nc3)c(C#N)c2)cc1,10.77
N#CC(C#N)=Cc1nc(C(C#N)=C2C(=O)C(C=O)=C(O)C(C=O)=C2O)c2cc(N)ccc2n1,19.95
N#Cc1cccc(-c2ccc(-c3ccc(S(=O)(=O)Nc4ccc5cccnc5c4)cc3)nc2C#N)n1,22.15
N#Cc1ccc(C(=C(CCC(=O)O)c2ccccn2)c2ccc(C#N)cc2)cc1,23.58
N#Cc1ccc(-c2ccc(-c3cccc4ccc(C#N)cc34)[n+](-c3ccc(C#N)cc3)n2)cc1,19.43
Cc1cnn(-c2ccc(-c3nc(-c4ccc(C#N)nc4)nc(-c4cccc(-c5ccc(C#N)cc5C#N)c4C#N)n3)cc2)c1,18.65
N#Cc1ccc(-c2cncc(-c3cc(-c4ccnc(C#N)c4)c[nH]c3=N)n2)cc1,17.43
N#Cc1cc(NC(=O)Nc2ccc(C#N)c(C#N)c2)cc(-c2ccc3ncnc-3c(C#N)n2)c1,19.56
N#Cc1ccc(OCC2(c3ccc(-c4ccccc4C#N)cc3)NC(=O)N(Cc3ccc(F)c(C#N)c3)C2=O)nc1,34.22
N#Cc1ccc(-c2cc3cccnc3n2-c2ccc(C#N)c(C#N)c2)cn1,16.73
N#Cc1ccc(-c2ccc(-c3nc(C#N)cnc3-c3ncncn3)cn2)nc1,12.33
N#Cc1ccc(-c2ccc(-c3cc(-c4ccncc4)cc(C#N)n3)cn2)nc1,12.44
N#Cc1ccc(C#Cc2nc(-c3ccc(C#N)cc3)cc(-c3cccc(C#N)n3)n2)cc1,13.07
CCCOc1ccc(-c2nc(C#N)ccc2-c2ccc(-c3ccc(C#N)cn3)cc2)cc1-c1ccnc(C#N)c1,23.98
N#Cc1ccc(-c2ccc(-c3nc(-c4cncc(C#N)c4)nc(-c4ccccc4C#N)n3)cc2Cl)nc1,17.96
Cc1cn(-c2ccc(OCc3ccc(C#N)cc3-c3cc(-c4ncc(C#N)c(C)n4)nc(-c4ccc(C#N)cc4)n3)cc2)cn1,22.73
N#Cc1ccc(-c2cn3c(-c4ccc(C#N)nc4)cnc3cn2)cn1,14.11
CCOc1cc(-c2nc(C#N)nc(-c3nc(C#N)nc(-c4ccc(-c5cnc(C#N)nc5)nc4)n3)c2C#N)c(C)cc1C#N,23.76
N#Cc1ccc(-c2ccc(-c3ccc4c(-c5ccc(C#N)cc5)nc(-[n+]5ccc(-c6cccc(C#N)n6)cc5)nc4c3)cc2)cc1,16.28
N#CC(C#N)=c1ccc(=C(C#N)c2nc(C(=O)c3ccc(C#N)cc3)nc(-c3nc(C#N)c(-c4ccc(C#N)o4)nc3O)n2)cc1,17.65
Cc1nc(-c2ccc(-c3ccc(C#N)cc3)cc2)c(-c2ccc(C#N)cc2)nc1-c1cc(C#N)c(OCc2ccc(-c3ccc(C#N)cc3)nc2)cn1,17.83
N#Cc1ccc(-c2ccc(-c3cc(-c4ccc(C#N)cc4)c(C#N)c(-c4ccc(C#N)nc4)n3)cc2)cc1,11.47
N#Cc1ccc(-c2cc(C(N)=O)nc(-c3ccc(-c4cnc5c(N)cccc5n4)cc3)n2)cn1,25.06
N#Cc1ccc(-c2nc(N3CC4(CCCNC4)C3)c(-c3ccc(-c4cnc(C#N)nc4)cc3)nc2C#N)cn1,23.33
Cn1nc(-c2ccc(-c3cnc(C#N)c(C#N)n3)c(C#N)n2)c2c1-c1ccccc1CC2,22.26
N#Cc1cccc(-c2ccc(-c3nc(C#N)cnc3-c3ccc(-c4nc(C#N)c[nH]4)cc3)nc2C#N)n1,16.43
N#Cc1ccc(-c2nc(-c3ccc(C#N)nc3)nc(-c3ncccn3)n2)cc1,10.3
N#Cc1cncc(-c2cc3c(ncn3Cc3ccc(C#N)c(C#N)n3)c(C#N)n2)c1,10.38
N#Cc1ccc(-c2cccc(-c3cccc(-c4nc(-c5cnn(C6CCNCC6)c5)c[nH]c4=N)n3)n2)o1,27.87
N#Cc1ccc(-c2ccc(-n3nc(-c4ccc(Cl)c(C#N)c4)ccc3=O)nc2)cn1,20.31
N#Cc1ccc(Nc2nc(N=CN3CCN(C=O)CC3)nc(N=CN3CCN(C=O)CC3)n2)cc1C#N,8.98
N#Cc1ccc(-c2ccc(-c3cccc(-c4cc5ccccc5s4)c3)cn2)nc1,24.87
N#Cc1ccc(-c2cc(-c3ccc(-c4ncc(N)c(C#N)n4)cn3)cc(-c3cccc(C#N)n3)c2)cn1,13.48
N#Cc1ccc(-c2ccc(C#N)cc2-c2cccc(-c3ccc(C=Nc4ccc(Cl)cc4)cc3)n2)cc1,21.16
N#Cc1ccc(-c2cccc(-c3nc(Nc4ccc(-c5ccccc5)cc4)c4cc(-c5cccc(C#N)n5)ccc4n3)c2)cc1,25.14
N#Cc1ccc(-c2c[nH]c(=N)c(-c3ccc4c(C#Cc5ccccn5)cc(-c5ccc(-c6ccc(C#N)cn6)cc5)cc4n3)n2)cc1,26.98
Cn1nc(C#Cc2ccc(-c3c[nH]c(=N)c(C#N)n3)cc2)cc1-c1nc(C#N)cs1,28.93
N#Cc1cc(-c2ccc(Nc3ncc(F)cc3F)cc2)ccc1OC1CCOCC1,19.73
N#Cc1ccc(C(=CC=Cc2ccc(C#N)nc2)c2ccc(-c3ccc(C#N)cc3)cn2)cc1,26.11
N#Cc1ccc(-c2ccc(C#Cc3ccc(-c4cccc(C#N)c4)nc3)nn2)cc1,10.79
N#Cc1ccc(-c2nc(C#N)cc(-c3nc(-c4ccc(F)cc4)nc(-c4cnc(OC5CCC(C(=O)O)CC5)c(C#N)c4)n3)c2C#N)c(C(N)=O)c1,27.04
N#Cc1ccc(-c2cc(-c3ccc(OC(F)(F)F)c(C#N)c3)nc(-c3cccc(-c4ccc(C#N)cc4C(=O)O)c3C#N)n2)nc1,16.78
N#Cc1ccc(-c2cc(-c3c(O)c4ccccc4n(-c4ccccc4)c3=O)nc(-c3ccc(C#N)nc3)n2)cc1,24.37
N#Cc1ccc(Nc2cc(-c3nc(-c4ccc(-c5cnc(C#N)nc5)nc4)nc(-c4ccc(C#N)cc4)c3C#N)c(C#N)c(-c3ccc(C#N)cc3C#N)n2)cc1,20.85
N#Cc1cncc(-c2nc(C#N)cn2-c2ccc(-c3ccc(C#N)nc3)cn2)c1,18.76
N#Cc1ccc(-c2ccc(-c3nc(C#N)c(-c4cccc(C#N)n4)nc3NC3CCC(O)CC3)cn2)nc1,10.71
N#Cc1ccc(-c2ccc(-c3cc(-c4ccc(C#N)cc4)c(C#N)c(-c4cccc(C#N)n4)n3)nc2)cc1,13.35
C#CCCCOc1ccc(Nc2nc(-c3ccc(C#N)cc3)c(C#N)nc2-c2ccc(C#N)c(-c3ccc(C#N)cc3)c2)cc1,21.69
N#Cc1cccc(-c2cc(NC(=O)c3cccc(-c4cccc(C#N)c4)n3)cc(C(=O)c3ccccc3)c2)c1,28.85
Cc1ncccc1-c1cc(-c2nc(C#N)c(C#N)nc2C)nc(-c2ccc(C#N)nc2)n1,21.41
N#Cc1ccc(-c2ccc(C#Cc3ccc(N4CCOCC4)c(C#N)n3)c(F)c2)nc1,22.74
N#Cc1c[nH]c(-c2ccc(-c3cc(-c4ccncc4)cnc3-c3cnc(C#N)c(C#N)n3)cc2)n1,14.89
N#Cc1ccc(-c2ccc(C#Cc3ccc(-c4cccc(C#N)n4)nn3)c3ccccc23)cn1,17.94
COc1cc(-n2cc(C#N)cn2)ccc1-c1cc2c(ncn2Cc2cnc(C#N)c(OC)c2)c(C#N)n1,22.36
Cc1cc(-c2ccc(-c3ccc(C#N)cn3)cc2)nc(-c2nc(N3CC(C#N)C3)nc(-c3ccc(C#N)cc3C)c2C#N)n1,19.67
Cc1nc(C)n(Cc2ccc(-c3ccccc3-c3nn[nH]n3)cc2)c(=O)c1C=CN(C)Cc1ccccc1,36.7
N#Cc1ccc(N=Cc2cc(Cl)ccc2O)cc1,20.57
N#CC=Cc1ccc(-c2ccc(-c3nc(C#N)cc(C#N)n3)cc2)c(C=CC#N)n1,17.01
N#Cc1ccc(-c2ccc(-c3cc(-c4ccc(C#N)cn4)cc(-c4ccc(C#N)cn4)c3C#N)cc2)cc1,14.29
N#Cc1ccc(-c2ccc(-c3ccc(-c4ncnc(-n5cnc(-c6cccnc6)c5)c4C#Cc4ccc(-c5cccc(C#N)n5)cc4)cc3)cn2)nc1,26.24
Cc1cc(C#N)c(Cl)cc1-c1nc(C2CC2)nc(-c2cccc(-c3cc(C#N)ccn3)n2)c1C#N,13.15
N#Cc1ccc(N2CC(Cn3cnc4c(C#N)nc(-c5ccc(-c6ncc(C#N)c(C#N)n6)cc5)cc43)OC2=O)c(F)c1,23.56
C=c1ccc(O)c(CO)c1=CNc1cc2c(cc1N)C(C)=CC(O)c1c(C(N)=O)nn(-c3ccc(F)c(F)c3)c1-2,40.43
N#Cc1ccc(-c2cc(-c3ccc(C#N)cc3)c(C#N)c(N=Cc3cc(C=O)cc(C=O)c3)n2)cc1,14.8
N#CC(=Cc1cc(C#N)ncn1)c1nc(-c2ccc(C#N)cc2)cc(-c2ccc(C#N)cc2C#N)n1,21.31
N#Cc1ccc(-c2ccc(C#Cc3cccc(C#Cc4ccc(-c5cnc(-c6cccc(C#N)n6)c(C#N)n5)cn4)n3)cc2)cc1,18.46
N#Cc1ccc(C#Cc2ccc(-c3nc(-c4ccc(C#N)cn4)nc(-c4cccc(-c5ccc(C#N)cc5C#N)c4C#N)n3)nc2)nc1,14.34
Cc1cc(C#N)c(Cl)cc1-c1nn(C)c(-c2cccc(-c3cc(-c4ccc(C#N)nc4)ncc3C#N)n2)c1C#N,15.04
N#Cc1cccc(-c2ccc(-c3ccc(C#Cc4cnc(C#N)c(C#N)n4)cn3)nc2C#N)n1,15.24
N#Cc1ccc(-c2nc(-c3ccc(-c4ccccc4C#N)cc3N)c[nH]c2=N)cc1,18.39
CN(C)Cc1ccc(-c2ccc(C#N)cc2)cc1-c1nc(C#N)cc(-c2ccc(C#N)nc2)c1C#N,26.19
Cn1c(-c2ccc(C#N)nc2)nc(-c2ccc(-c3ccc(C#N)cn3)cc2)c1-c1ccc(C#N)cc1,14.7
N#Cc1ccc(-c2ccc(C#Cc3ccc(C(O)=NO)cc3)cn2)cc1,20.48
N#Cc1cccc(-c2cc3c(ncn3CC3CC(CO)C(O)C3O)c(C#N)n2)c1,20.42
N#Cc1cc(-c2cncc(C#N)n2)cc(-c2cc3c(ncn3C3COc4ccc(C#N)cc4C3)c(C#N)n2)c1,21.83
N#CC=Cc1cc(O)nc(C=Cc2ccc(N)cc2)c1,20.8
N#Cc1ccc(-c2ccc(-c3nnc(-c4ccco4)nc3-c3ccc(C#N)cc3)cc2)cc1,17.36
N#Cc1ccc(-c2cccc(CNc3ccc(-c4cccc(C#N)n4)cn3)c2)nc1,15.43
C=C(c1ccc(C#N)cc1)c1nc(SC)nc(C(C#N)=c2ccc(=C(C#N)C#N)cc2)n1,14.89
N#Cc1ccc(-c2ccc(Cc3cc(O)n(-c4ccc(-c5ccc(C#N)cc5)cc4)c3-c3cccc(C#N)n3)cc2)cc1,20.96
N#Cc1cc[nH]c(=Nc2cc(C#N)nc(=Nc3ccc(-c4cccc(C#N)n4)cc3)[nH]2)c1,15.02
N#Cc1ccc(-c2cc(-c3cccc(C#N)n3)cc(-c3nccc(C#N)n3)c2)cc1,12.9
N#Cc1ccc(-c2ccc(-c3ccc(C#N)nc3)cc2)c(NC(Cc2ccc(-c3ccncn3)cn2)C(N)=O)c1,35.36
N#Cc1cccc(-c2ccc(-c3nnnc(-c4ccc(OC5CCC(C(=O)O)CC5)c(C#N)c4)n3)cc2)c1,14.55
N#Cc1ccc(-c2cc(-c3ccc(-n4c5ccccc5c5ccccc54)cc3)nc(-c3ccc(C#N)cc3NC(=O)CO)c2)nc1,19.65
N#CC(C#N)=c1ccc(=C(C#N)C#N)cc1,13.13
N#Cc1cccc(-c2ccc(C#Cc3ccc(-c4ccc(-c5nc(Cl)nc(Cl)n5)cc4)cc3)cc2)n1,18.31
N#CC(C#N)=Cc1ccn(Cc2ccc(-c3ccc(C#N)cc3)cc2)c(=O)c1,23.62
N#Cc1ccc(-c2cc(C#N)nc(-n3cc(-c4ccc(C#N)cc4)c(-c4ccc(C#N)cc4)c3)n2)cc1,16.42
CNc1ccc(-c2cc(C#N)[nH]c(=Nc3cccc(C(C)O)c3)n2)cc1C#N,26.26
CCc1cc(C#N)ccc1-c1nc(C2CCN(C(C#N)C3(O)CCC3)CC2)nc(-c2ccnc(-c3ncc(C)nc3C)n2)c1C#N,33.25
N#Cc1cccc(-c2ccc(Nc3ncc(-c4ccc(Oc5ccnnc5C#N)cc4)nc3C#N)cc2C#N)n1,22.58
N#Cc1ccc(-c2ccc(C(C#N)c3ccc(C#N)c(-c4cc(C#N)ccc4C#N)c3)nn2)cc1,15.86
N#Cc1ccc(-c2ccc(-c3nnn(-c4ccc(C#N)c(-c5ccc(C#N)nc5)c4)n3)nc2)cc1,19.54
N#Cc1ccc(CC2CCN(c3ncnc4ccc(-c5cccc(N)c5)cc34)CC2)cc1,25.02
N#Cc1ccc(-c2ccc(C#Cc3cccnc3-c3ccc(-c4cnc(C#N)cn4)c(C#N)c3)cn2)cc1,24.64
N#Cc1cccc(-c2ccc(-c3nc(N4CCCC4)c4ccc(N)cc4n3)cc2)n1,18.95
N#Cc1ccc(-c2nc(-c3ccc(Cl)cc3)n(-c3ccc(-c4ccc(C#N)cn4)cc3)c2-c2ccc(C#N)cc2)cc1,15.78
Cc1nc(-[n+]2ccc(-c3ccncc3)cc2-c2ccc(C#N)cc2)ccc1C#N,15.97
N#Cc1ccc(-c2cc(-c3ccc(C#N)cn3)cc(-c3cccc(C#N)n3)c2)nc1,11.18
N#Cc1ccc(-n2c3ccc(F)cc3c3cc(C#N)c(Cl)cc32)cc1,15.61
N#Cc1ccc(-c2cc(N)c(-c3ccc(-c4cc(-c5ccc(C#N)nc5)cc(-c5ccc(C#N)cc5)c4C#N)cn3)nc2C#N)cc1,22.29
N#Cc1c(N)cccc1[S+](N)[O-],20.28
N#Cc1cccc(-c2ccc(-c3nc(C#N)c4cc(N)ccc4n3)cc2C#N)c1,19.36
N#Cc1ccc(C(=O)c2cnc(C#N)c(-c3ccc(-c4cncc(C#N)n4)c(F)c3)n2)cc1,17.98
N#Cc1ccc(-c2ccc(-c3cc(-c4ccc(C#N)nc4)nnc3-c3ccncc3)cc2)cc1,16.24
N#Cc1ccc(-n2cc(-c3ccncn3)cc(C#N)c2=O)cc1,24.32
N#Cc1ccc(-c2cc[n+](-c3nc(C#N)c(N)n3-c3ccc(-c4nc5cc(C#N)c(C#N)cc5nc4-c4ccc(C#N)cc4)cc3)cc2)cc1,15.37
N#Cc1ccc(-n2cc(C#N)nc2-c2ccc(-c3ccc(-c4cc5c(ncn5CC5CCN(C#N)CC5)c(C#N)n4)cc3)cc2)cc1,17.82
N#Cc1ccc(-c2ccc(-c3cc4c(ncn4Cc4cc(-c5ncccn5)ccn4)c(C#N)n3)cn2)cn1,21.54
N#Cc1cccc(-c2ccc(-c3cc(-c4cccc(C#N)n4)ccc3-c3ccncc3)cc2)n1,13.53
CNc1ccc(-c2cc(-c3ccc(C#N)cc3)nc(-c3ccc(C#N)s3)c2)cc1,26.69
C#CCn1nc(-c2cncc(-c3cccnc3)n2)c(C#N)c1-c1cc(Cl)c(C#N)cc1C,24.12
Cc1cc(C#N)c(Oc2cccc(C#N)c2)cc1-c1nc(-c2ccccc2C#N)cc(-c2nc(-c3cccc(C=CC#N)c3)cc(-c3ccc(C#N)o3)n2)c1C#N,34.32
Cc1cc(N)ccc1-n1c(=O)nc(-c2ccc(C#N)nc2)c2cc(-c3cccnc3)ccc21,25.8
N#Cc1cncc(-c2nc(C#N)c3cnn(CC4CCCO4)c3n2)c1,16.46
N#Cc1ccc(-c2cnc(-c3ccc(-c4nc(Cl)ncc4C#N)cc3)c(C#N)n2)cc1,24.54
N#Cc1ccc(-c2cc(-c3cccc(C#N)n3)nc(-n3cc(C#N)c4ccccc43)n2)cn1,14.01
N#Cc1ccc(-c2ccc(-c3ncc(C#N)c(-c4ccc(C#N)nc4)n3)cc2C#N)cn1,16.51
N#Cc1cccc(Oc2ccc(-c3cc(-c4cnc(C#N)nc4)cc(C#N)n3)cc2)n1,16.81
N#CC(C#N)=c1ccc(=C(C#N)c2nc(C(=Cc3ccnc(C#N)c3)c3ccc(C#N)cc3)nc(-c3ccc(C#N)nc3)n2)cc1,14.35
N#Cc1ccc(-c2cnc(-c3ccc(N=Cc4cc(C#N)cc(C=O)c4O)nc3)s2)cc1,12.76
N#Cc1ccc(C(=O)c2cc(C#Cc3ccc(C#N)cn3)cc(-c3cncc(C#N)n3)c2)cc1,17.67
Cc1nc(C)c(C#N)c(-c2ccc(C#N)c(-c3ccc(C#N)nc3)c2)n1,12.98
Cc1ccc(-c2nc(CC(O)C3CC3)nc(-c3nc(-c4ccc(C#N)nc4)cc(-c4ccc(C#N)nc4Cl)n3)c2C#N)c(C)c1,27.66
N#Cc1ccc(C#Cc2cc(-c3cccc(C#N)c3)ccc2N)cc1,15.71
N#CC(C#N)=c1ccc(=C(C#N)c2nc(-c3ccc(C#N)c(F)c3F)nc(-c3c(F)c(F)c(C#N)c(F)c3F)n2)cc1,15.58
COCCn1cnc2c(C#N)nc(-c3cc(C#N)cc(C#N)c3)cc21,12.79
N#Cc1ccc(-c2cc(-c3ccc(C=Cc4ccccn4)cc3)nc(-c3ccc(C#N)cc3)n2)cc1,18.08
N#Cc1ccc(-c2ccc(-c3ccc(C#N)nc3-c3cnc(C#N)c(C#N)n3)cn2)nc1,13.75
N#Cc1ccc(-c2cccc(Cn3cnc4c(C#N)nc(-c5cccc(C#N)c5)cc43)n2)cc1,13.11
Cc1cc(C#N)ncc1-c1nc(-c2ccc(C#N)nc2)cc(-c2ccc(F)c(-c3ccc(C#N)cc3)n2)c1C#N,17.34
N#Cc1ccc(-c2nc(C#N)ccc2C#Cc2ccnc(-c3ccnc(C#N)n3)c2)cc1,17.64
N#Cc1ccc(-c2nc(-c3cnc(OC4COC(CO)C(O)C4)c(C#N)c3)nc(-c3ccccc3C#N)n2)cc1,18.02
N#Cc1ccc(-c2ccc(COc3ccc(-c4cc(-c5cccc(C#N)n5)nc(-c5cnc(-c6ccc(C#N)cc6)c(-c6ccc(C#N)cc6)n5)c4)cc3)cc2)cc1,24.87
N#Cc1ccc(-c2nc(-c3ccc(OC4CCC(O)CC4)c(C#N)c3)nc(-c3cccc(C#N)n3)n2)nc1,11.05
Cn1nnc(-c2ccc(-c3cc(C#N)ccc3C#N)cc2)n1,19.67
N#Cc1ccc(-c2cnc(-c3nc(C#N)cn3-c3ccc(-c4cccc(C#N)n4)cc3)cn2)cc1,16.54
N#Cc1ccc(-c2nc3n(-c4ccc(-c5cnco5)cc4)cc(-c4cc5nccnc5cc4F)cc-3c2-c2ccccc2)cc1,40.72
N#Cc1ccc(-c2nc(-c3ccc(Oc4ccc5c(c4)CCN(C4CC4)CC5)c(C#N)c3)nc(-c3ccc(F)c(C#N)n3)n2)cn1,23.36
N#Cc1ccc(-c2ccc(-c3ccc4cc(F)ccc4c3-c3ccc(C#N)cn3)cc2)nc1,17.74
N#Cc1ncc(-c2ccc(-c3cc4c(ncn4CCN=c4cccc(C#N)[nH]4)c(C#N)n3)cc2)cn1,14.0
N#CC1=C(C#Cc2ccc(CN3CCCCC3)cn2)C(c2ccc(C#N)cc2)=NOC1,34.85
N#Cc1ccc(-c2ccc(C(c3ccc(C#N)cc3C#N)n3ccnc3)cc2)cc1,18.08
Cc1nc2cccnc2n(-c2ccc(-c3cc(-c4ccc(C#N)nc4)nc(-c4ccc(C#N)nc4)n3)cc2)c1=O,19.73
COc1ccc(S(=O)(=O)c2ccc(-c3c(C#N)c(C(=O)c4ccccc4)c4cc(F)ccc4c3O)cc2)cc1,40.59
C=CCn1cnc2c(C#N)nc(-c3ccc(-c4ncc(C#N)cc4OC)cc3)cc21,19.7
N#Cc1ccc(-c2ccc(-c3cccc(C#N)n3)cc2)c(C#Cc2ccc(C#N)nc2)c1,16.07
Cc1nc(Cn2c(=O)nc(-c3c(Cl)cc(C#N)c(C#N)c3F)c3cc(C#N)ccc32)c(-c2ccc(C#N)cc2)cc1C#N,38.44
N#Cc1ccc2cncc(-c3ccc(-c4cnc(C#N)c(C#N)n4)c(C#N)n3)c2c1,17.08
N#Cc1cncc(-c2cc(C#N)ccc2C#Cc2ccc(C#N)nc2)c1,17.45
N#Cc1cnc(C#N)c(-c2cccc3ccccc23)n1,13.33
N#Cc1ccc(-c2c[nH]c(=N)c(-c3nc(C#N)ccc3-c3ccc(C#N)c(F)c3)n2)cc1,19.02
N#Cc1ccc(-c2ncc(-c3ccnc(-n4cc(C#N)c5c(F)cccc54)n3)nc2C#N)cc1,24.8
N#Cc1ccc(-c2ccc(-c3cc(C#N)c(-c4ccc(C#N)nc4)cc3-c3cnc(C#N)nc3)cc2)nc1,14.08
N#Cc1ccc(-c2nc(C#N)c(C#N)nc2-c2cncc(C#N)c2)nc1,12.41
Nc1ccc2c(c1)C(=O)c1ccc(Nc3nccc(Nc4ccc5c(c4)CCC5)n3)cc1C2=O,14.83
COc1ccc(-c2cc3c(ncn3CC(=O)O)c(C#N)n2)cc1,15.88
Nc1ccc(C(c2ccc(N)cc2)(c2ccc(O)cc2)c2ccc(Cl)cc2)cc1,19.06
CC1(O)CN(c2nc(-c3cccc(-c4cccc(C#N)c4)n3)c(C#N)c(-c3ccc(C#N)cc3C(F)(F)F)n2)C1,17.58
C=c1c(-c2ccc(C#N)cc2)cc(-c2ccc(C#N)cc2)nc1=Cc1nnc(N)c(C#N)c1O,18.66
CC(=O)Nc1ccc(C(=C2C(=O)C(C=O)=C(O)C(C=O)=C2O)c2ccc(C#N)cc2)cc1,12.5
N#Cc1ccc(-c2ccc(C(=O)NCc3cc(-c4ccc(C#N)cn4)ncc3C#N)cn2)nc1,26.17
Cc1cc2cc(-c3cncc(C#N)n3)ccc2n1-c1ccc(-c2ccc(C#N)cc2)cc1,9.6
CCn1c(C#N)ccc1-c1cccc(NC(=O)c2ccc(-c3ccc(C#N)cc3)cn2)c1,24.87
N#Cc1ccc(-c2ccc(-c3nc(-c4ccc(C#N)nc4)nc(-c4ccc(C#N)nc4)n3)cn2)cn1,10.0
CC1COCCN1c1nc(-c2cccc(C#N)n2)nc2ncnc(-c3ccc(-c4cccc(C#N)c4)cc3)c12,19.68
N#Cc1ccc(-c2cc(N)c(-c3ccnc(-c4ccc(C#N)cn4)c3)nc2C#N)cc1,11.39
COc1cc(OC)nc(C(O)c2ncnc(C(C#N)=c3ccc(=C(C#N)C#N)cc3)n2)n1,16.66
COc1[nH]c(=N)ncc1-c1nc(C(C#N)=C2N=C(c3ccc(C#N)cc3)NC2=O)nc(C(C#N)=c2ccc(=C(C#N)C#N)cc2)n1,18.43
N#Cc1cccc(-c2cc3c(ncn3Cc3ccc(-c4c(F)cccc4C#N)nn3)c(C#N)n2)c1,18.35
C#CC=C(c1ccc(C#N)cc1)c1c(O)c(O)n(-c2ccc(-c3ccc(C#N)cc3)cc2)c1-c1ccc(C#N)cc1,17.83
N#Cc1ccc(-n2cncc(C(=O)c3cc(C#N)cc(C#N)c3)c2=N)cc1,21.05
N#Cc1nc(C#N)c(C#N)c(Nc2ccc3c(c2)-n2ncc(C(=O)O)c2CC3)c1C#N,23.15
COc1ccc(-c2ccc(-c3cc[nH]c(=NCc4cc(-c5ccc(C#N)nc5)ncn4)n3)nc2C#N)cc1C#N,27.02
C=c1[nH]cc(CO)c(=CNc2ccc(C)cc2)c1=O,18.46
N#Cc1ccc(-c2cccc(C(=O)C=Cc3ccc(-c4ccc(C#N)nc4)c(C#N)c3)c2)cc1,21.06
N#CC(C#N)=C1C(=Cc2ccc(-n3cccc3)cc2)C(=O)C(c2ccc(-n3cccc3)cc2)C(C=O)=C1O,13.88
Cc1c(Cc2ccc(-c3ccccc3C#N)cc2)c(C(=O)O)n(-c2ccc(-c3ccc(C#N)cc3)cc2)c1-c1ccc(C#N)cc1,17.84
N#Cc1ccc(C=Nc2nc(-c3ccc(C#N)cc3)c(C#N)nc2-c2ccc(-c3ccc(C#N)cc3)cc2)cc1,11.57
N#Cc1cc(C#N)cc(-c2cc3c(ncn3CCN=c3cnc(C#N)c[nH]3)c(C#N)n2)c1,15.3
N#Cc1ccc(-c2cccc(Cn3cnc4c(C#N)nc(-c5ccc(N)c(C#N)c5)cc43)c2)cc1,18.81
Cc1cc(-c2nc(-c3cncc(C#N)c3)cc(-c3cnc(OCC(C)(C)C)c(C#N)c3)n2)ccn1,20.99
N#Cc1ccc(-c2ccc(-c3cc(C#Cc4ccc(C#N)c(F)c4)nc(-c4ccc(C#N)nc4)n3)cc2C#N)cc1,17.22
Cc1c(C#N)cccc1NC1CCc2c(-c3noc(-c4ccc(OC(C)C)c(C#N)c4)n3)cccc21,27.87
CCOc1ccccc1OC1CN(Cc2cccc(C)n2)C2COCC12,29.0
N#Cc1ccc(-c2ccc(-c3c(N)c(-c4ccc(C#N)cc4)n(-c4ccc(C#N)cc4)c(=N)c3C#N)cc2)cc1,16.15
COc1nc(-c2ccc(C#N)nc2)c(C(c2ccc(C#N)cc2)c2cc(C#N)ccn2)c2c1-c1cc(-c3ccc(C#N)cc3)ncc1CC2,37.61
N#Cc1cccc(-c2cnc(-c3ccc(-c4ccc(C#N)nc4)c(C#N)n3)s2)c1,16.95
Cc1nc(-c2ccc(C#N)cc2)c(C#N)nc1-c1ncc(-c2ccc(C#N)cc2)c(C#N)n1,16.69
N#Cc1ccc(-c2nc(-c3csc(N)c3C#N)cnc2-c2cccc(C#N)n2)cc1,19.62
N#Cc1ccc(-c2ccc3c(c2)Oc2nc(C#N)cc(-c4ccnc(-c5ccc(-c6cccc(C#N)n6)nc5)c4)c2C3)nn1,31.02
N#Cc1ccc(C(=O)c2cccc(-c3nc(-c4ccc(C#N)nc4)c4ccc(Cl)cc4n3)c2N)cc1,25.18
N#Cc1ccc(-c2ccc(-c3ccc(NC(=O)Nc4ccc(OC(F)(F)F)cc4)cc3)nc2C(=O)c2ccc(C#N)cn2)cc1,25.43
N#Cc1ccc(-c2cc[nH]c(=Nc3ccc(-c4cccc(C#N)n4)cn3)n2)cn1,12.87
N#CC=Cc1ccnc(-c2cccc(-c3nccc(-c4ccc(C#N)nc4)c3C#N)n2)n1,13.54
N#Cc1ccc(Nc2nc(-c3ccc(-c4ccc(C#N)nc4)cc3)nc(-c3ccc(C#N)c(F)c3F)n2)cc1,18.99
N#Cc1ccc(-n2nc(-c3cnc(-c4cccc(C#N)n4)c(C#N)n3)c3cc(C#N)ccc32)cc1,17.06
N#Cc1cccc(-c2cc(-c3cccc(C#N)n3)nc(-c3cccnc3C#N)c2)n1,13.99
N#CCn1cnc2c(C#N)nc(-c3ccc(-c4ncncn4)cc3)cc21,11.94
N#Cc1cccc(-c2ccc(N=c3nc(-c4ccc(OC5OC(CO)C(O)C(O)C5O)cc4)cc[nH]3)nc2)n1,14.12
CN(C)c1ncc(-c2ccc(Cn3cnc4c(C#N)nc(-c5ccc(-c6ccnc(C#N)n6)cc5)cc43)cn2)cn1,16.04
N#Cc1ccc(-c2cc(C(=O)Nc3cc(N)c(Cl)cc3F)cc(-c3cncc(C#N)n3)c2)cc1,31.27
Cc1cnc(-c2ncncn2)c2cc(-c3ncncn3)c(-c3cccc(C#N)n3)cc12,14.36
N#Cc1ccc(-c2cc(-c3ccc(-c4ccc(C#N)nc4)cc3)ccc2C#N)cc1,12.46
Cc1cc(C=CC=Nc2ccc(C#N)cc2)cn1-c1cc(C#N)cc(-c2ccc(-c3ccccc3C#N)cc2)c1,28.88
Cc1noc(Cn2cnc3c(C#N)nc(-c4ccc(-c5cnc(C#N)nc5)cc4)cc32)n1,13.24
N#Cc1cnc(-c2ccc(-c3cc4c(ncn4CCN=C(N)c4cccs4)c(C#N)n3)cc2)nc1,23.88
CN1CCC(C(O)Cn2cnc3c(C#N)nc(-c4cc(F)cc(C#N)c4)cc32)CC1,14.12
N#Cc1ccc(-c2nc(-c3cccnc3C#N)cnc2-c2ccc(-c3ccc(C#N)cn3)nc2)cc1,13.07
N#Cc1ccc(C#Cc2nc(-c3ccsc3C#N)nc(-c3nc(C#N)nc(-c4ccc(C#N)nc4)c3C#N)n2)cn1,31.9
Cc1nc(C#N)cc(-n2ccc3c(C#N)nc(-c4ccc(-c5ccc(-c6cncc(C#N)n6)cn5)cc4)cc32)n1,19.78
N#Cc1ccc(-c2cc(-c3ccc(-n4c5ccccc5c5ccccc54)cc3)nc(-c3ccc(C#N)cc3Cl)n2)cc1,17.38
N#Cc1cccc(-c2cccc(-c3cc(=NCC(F)(F)F)n4ncc(=Cc5[nH]c(=O)[nH]c5O)c4c3)c2)c1,31.26
N#Cc1cc(-c2ccc(-c3nc(C#N)c4cccnc4c3O)cc2)ccn1,14.68
N#Cc1ccc(-c2nc(COc3ccc(-c4cccc(C#N)n4)cc3)nnc2-c2ccc(-c3ccc(C#N)cn3)cc2)cc1,15.23
N#Cc1cnc(-c2nc(-c3ncncn3)c(C#N)cc2-c2cccc(C#N)n2)nc1,18.55
CC(C)(C)COc1ccc(-c2nc(-c3ccc(C#N)cc3)nc(-c3cccc(C#N)n3)n2)cc1C#N,13.49
N#Cc1ccc(-c2cc(-c3ccc(C#N)nc3)c(C#N)nc2-c2ccccc2)cc1,15.24
Cc1cc(-c2ccc(-c3ccc(C#N)cn3)nc2)cc(-c2ccc(C#N)nc2)n1,16.88
N#Cc1ccc(-c2ncc(-c3ccc(C#Cc4cccc(C#N)n4)cc3)nc2C#N)cc1,11.35
N#Cc1ccc2c(c1)CN(c1nc(-c3ccc(C#N)nc3)c(C#N)nc1-c1ccc(-c3cnc(C#N)nc3)cc1)CC2,13.93
N#Cc1cc(-c2ccc(-c3cc(-c4cccc(C#N)n4)cc(C#N)n3)cc2)c(C#N)nn1,11.65
N#Cc1ccc(-c2cc[n+](-c3nc(-[n+]4ccc(-c5ccncc5)cc4)nc(-[n+]4ccc(-c5ccc(C#N)cc5)cc4)n3)cc2)cc1,8.52
N#Cc1cccc(-c2ccc(-c3cnc(-c4cc(-c5ncncn5)ccn4)cn3)nc2C#N)n1,17.48
Cc1nnc(C=O)c(C)n1,13.05
CC(C)OC(=O)N1CCC(Cn2cnc3c(C#N)nc(-c4ccc(-c5ccc(C#N)nc5)cc4)nc32)CC1,16.48
N#Cc1cc(C(=O)c2nc(-c3ccc(C#N)nc3)nc(-c3ccc(C#N)nc3)n2)cc(-c2ccsc2)c1,23.83
N#Cc1ncc(-c2ccc(-c3cc4c(ncn4CCCN4CCOCC4)c(C#N)n3)cc2)cn1,12.6
N#Cc1ccc(C(c2ccc(Cl)cc2)c2cccnc2Br)cc1,21.17
N#CSc1nc(-c2ccc(C#N)cc2)c(-c2ccc(C#N)cc2)nc1-c1ccc(C#N)nc1,19.5
N#Cc1ccc(-c2cc(-c3ccc(C#N)cc3)nc(-[n+]3ccc(-c4cccc(C#N)n4)cc3)c2)cc1,9.81
N#Cc1ccc(-c2ncc(-c3ccc(C#Cc4nc(C#N)c5c(C#N)nc(-c6cccc(C#N)c6)c(O)c5n4)cc3)cn2)cc1,30.4
Cn1ncnc1-c1c(C#Cc2ccc(-c3ccc(C#N)cc3)cc2)c2cc(-c3cccc(C#N)n3)ccc2n1CCOc1ccc(-c2cccc(C#N)n2)cc1,34.31
N#Cc1ccc(-c2ccc(-c3c(-c4ccc(F)cc4)n(CC(=O)O)c4cc(-c5ccc(F)cc5F)nc(C#N)c34)cc2)cc1,21.12
N#Cc1ccc(-c2nc(-c3cccc(-c4ccc(C#N)cc4C#N)c3C#N)nc(-c3ccc(C#N)c4ccccc34)n2)cc1,18.64
N#Cc1ccc(-c2ccc(NC(O)c3cc(O)n(-c4cccc(C#N)c4)c3)cc2)cc1,25.27
N#Cc1ccc(C(C#N)N=c2[nH]c(-c3cccc(-c4ccc(-c5cnc(C#N)nc5)cc4)n3)c(C#N)c(-c3cccc(C#N)c3)c2C#N)cc1,26.9
N#Cc1cccc(-c2ncc(-c3ccc4c(c3)C(=O)c3cc(N)c(C#N)cc3-4)nc2C#N)n1,22.4
N#Cc1ccc(-c2cc(-c3cccc(C#N)n3)cc(-c3nccc(C#N)n3)c2C#N)cn1,15.42
N#Cc1cccc(-c2ccc(-c3nc(-c4cccc5c4OCC5NCC(N)C(=O)O)nc(C(F)(F)F)n3)cc2)c1,28.73
N#Cc1ccc(-c2ccc(C#Cc3ncc(-c4ccc(C#N)cn4)c(-c4ccc(-c5ccc(C#N)cn5)cc4)n3)cn2)cc1,17.81
CCOc1nc(-c2cnc(C#N)c(C#N)n2)ccc1-c1cc2c(cc1C#N)OCO2,20.07
N#Cc1ccc(-c2ccc(-c3nc(C#N)ccc3-c3ccncn3)cc2)nc1,10.64
Cc1cc(C#N)c(Cl)cc1-c1nc(C#N)cc(-c2nc(-c3ccc(C#N)cc3)nc(-c3ccc(F)c(C#N)c3)n2)c1C#N,15.97
N#Cc1cccc(-c2ccc(C#Cc3ccc(-c4cccc(C#N)n4)nn3)cc2)n1,12.28
Cc1cc(C#N)c(Cl)cc1-c1c(C#N)c(-c2cc(-c3ccc(C#N)c(-c4cc(C#N)ccc4C#N)c3)no2)nn1CC#N,25.09
N#Cc1ccc(-c2ccc(-c3nc(C#N)ncc3-c3ccc(-c4cccc(C#N)n4)c(C#N)n3)cc2F)cn1,14.26
N#Cc1ccc(-c2cc(-c3cc(C#N)nc(-c4ccc(C#N)nc4)c3)ccn2)cn1,16.89
N#Cc1cc(Oc2ccc(-c3cnc(-c4ccc(C#N)nc4)c(C#N)n3)c(C#N)c2)cc(-c2cccc(C#N)n2)c1,21.6
N#Cc1ccc(-c2cc(-c3cc(-c4ccc(C#N)cc4)c(-c4ccc(C#N)cc4)c(=O)o3)ccc2C#N)cc1,19.58
C=CC(=O)N1CC2(CCN(C(=O)c3ccc(-c4ccnc(C#N)c4C#Cc4cc(C#N)ccc4N)cc3F)C2)C1,34.02
N#Cc1ccc(-c2nc(-c3c(F)c(F)nc(F)c3F)nc(-c3ccc(C#N)nc3)c2C#N)cc1,13.86
N#Cc1ccc(-c2ccc(-c3ccnc(-c4ccncc4)c3)cn2)nc1,15.5
N#Cc1ccc(-c2ccc(C(=O)Nc3ccc(C#N)c(C#Cc4cnc(C#N)nc4)c3)cc2)nc1,18.34
N#Cc1ccc(-c2ccc(C#N)nc2-c2cc(-c3ccc(C#N)cc3C#N)c(C#N)c(C#N)n2)cc1,18.18
N#Cc1ccc(-c2ccc(-n3c(=O)cc(-c4ccnc(C#N)c4)c4cc(-c5ncncn5)ccc43)cc2)cc1,15.15
N#Cc1ccc(-c2cc(-c3cc(NC(=O)c4ccc(C#N)cn4)ccc3C#N)nc(-c3ccc(C#N)cc3)n2)cc1,22.43
N#Cc1ccc(C#Cc2ccc(-c3ccc(-c4nc(C#N)c(-c5ccc(C#N)cc5)o4)cn3)cn2)cc1,16.05
N#Cc1ccc(-c2cc(C#N)c(-c3ccc(C#N)nc3)nc2-c2ccc(C#N)nc2)nc1,9.96
N#Cc1ccc(NCc2cc(-c3ccc(C#N)cc3)cc(-c3cccc(C#N)c3)c2)cc1,17.18
N#CC(=O)c1ccc(-c2ccc(-c3cc(C#N)nc(-c4ccc(C#N)c(-c5ccccn5)c4)n3)c(F)c2)c(C#N)c1,32.19
N#Cc1cccc(-c2ccc(N=c3nc(-c4cnc(OC5COC6CCOC65)c(C#N)c4)cc(C#N)[nH]3)nc2)n1,15.75
N#CC(C#N)=C1C(=Cc2ccc(C#N)cc2)C(=O)C(Nc2ccc(-c3ccc(-c4cccc(C#N)n4)cc3)nc2-c2ccc(C#N)nc2)C(C=O)=C1O,16.69
COCc1nc(-c2ccc(C#N)cc2)c(C#N)c(-c2cccc(-c3cccc(C#N)c3)n2)n1,20.94
N#Cc1cccc(-c2ccc(-c3ccc(-c4cnc(-c5nc(C#N)ccc5C=O)c(C#N)n4)cc3C#N)nc2)n1,27.43
N#Cc1ccc(-c2cccc(-c3ccc(-c4ccncc4)cc3)n2)cc1,12.47
N#Cc1ccc2oc(=O)c3cc(Nc4ccc(-c5cccc(C#N)n5)cc4)ccc3c(=O)c2c1,20.83
CSC(=NC#N)N1CC(=Cc2ccc(-c3ccccc3C#N)cc2)c2cc(C#N)c(C#N)cc21,39.92
N#CC1=C(c2ccc(C#N)cc2)OC(=N)C(C#N)C1c1ccc(C#N)cc1,14.27
CC1(C)COC(Oc2ncc(-c3nc(-c4nccnc4C#N)nc(C(C)(O)c4ccc(-c5ccc(C#N)nc5)cc4)n3)cc2C#N)C1,22.36
Cc1cc(C#N)c(Cl)cc1-c1cc(C#N)cc(-c2nc(-c3cccc(C#N)n3)nc(-c3ccnc(C#N)n3)n2)c1C#N,16.44
Cc1cc(C#N)c(Cl)cc1-c1nc(N2CC(C)CC(C)C2)nc(-c2cccc(-c3ccc(C#N)nc3)n2)c1C#N,16.46
N#Cc1ccnc(-c2cncc(C#Cc3cccc(C#N)n3)c2)c1,20.63
N#Cc1ccc(-c2ccc(C(=O)Nc3cccc(-c4cc(-c5cncc(C#N)n5)cc(C#N)n4)c3)nc2)cn1,17.63
N#Cc1ccc(-c2cc(-c3ccc(C#N)nc3)nc(-c3ccc(-c4ccc(C#N)nc4)cc3)n2)nc1,14.66
CC1CCCCN1c1nc(-c2ccc(C#N)cc2)c(C#N)c(-c2cc(-c3ccc(N)c(N)c3)nc(-c3ccc(C#N)cc3)n2)n1,21.1
N#Cc1ccc(-c2ccc(-c3nc(C#N)cs3)nc2-c2cccc(C#N)n2)cn1,26.96
N#Cc1ccc(-c2ccc(N=Cc3ccc(-c4cc(C#N)cc(-c5ccc(C#N)cc5)n4)cc3)cc2)cc1,15.58
N#Cc1ccc(-c2ccc(-c3cc4c(ncn4Cc4ccc(-c5cccc(O)c5)cc4)c(C#N)n3)cc2)nc1,18.1
Cn1nccc1-c1cc(-c2cncc(C#N)n2)cc(Nc2ccc3c(c2)CCc2ccc(C#N)cc2C3=O)n1,14.33
N#CCCCC#Cc1cc(C#N)ccc1C#CCCc1ccc(F)cc1,27.09
N#Cc1cc(Cl)c(F)c(-c2nc(-c3ccc(C#N)nc3)c(C=Nc3ccc(-c4cccc(C#N)n4)cn3)c(O)c2C#N)c1,24.17
N#Cc1ccc(-c2ccc(-c3nc(C(=O)c4ccc(-c5ccccc5C#N)cc4)ccc3C#N)c3ccccc23)c(C#N)c1,31.19
CC(O)CC#Cc1ccc2c(c1)OC(C)(c1ccccc1)c1cc(-c3cccc(C#N)n3)cc(C#N)c1-2,34.85
N#Cc1ccc(C#CC#Cc2cc3cc(-c4nc(C#N)co4)ccc3cc2F)nc1,33.1
N#Cc1ccc(C(=O)N2CCN(C(c3cccnc3)c3cnc(C#N)nc3)CC2)cc1,21.64
N#Cc1cc(-c2nccc(-c3ccnc(Nc4cc(C#N)c(Br)s4)n3)c2C#N)c[n+]([O-])c1,29.86
COc1ccc(-c2cc(N)c3c(cnn3-c3ccc(-c4cccc(C#N)n4)cc3)c2)cn1,23.68
Cc1cc(C#N)c(Cl)cc1-c1nc(CC2CC2)nc(-c2nc(-c3ccc(C#N)nc3)cc(-c3ccc(OC(F)F)c(C#N)c3)n2)c1C#N,17.65
N#Cc1ccc(-c2ccc(-c3cc(-c4ccc(C#N)nc4)nc(C#N)n3)cc2C#N)nc1,12.04
N#Cc1ccc(-c2ccc(-c3nc(-c4ccc(C#N)c(-c5ccc(C#N)cn5)c4)nc(-c4ccccc4C#N)n3)cc2C#N)cc1,18.59
CC(N=c1[nH]cnc2c(C#N)nc(-c3cccc(C#N)c3)n12)c1ccc(F)cn1,18.53
N#Cc1ccc(-c2cc(-c3ccc(-c4ccc(C#N)nc4)c(C#N)c3)nc(C#N)n2)c(C#N)c1,12.63
N#Cc1cccc(-c2ncc(-c3cccc(-c4nccc(C#N)n4)c3)nc2C#N)n1,10.01
CN(C)c1ccc(-c2ccc3c4cccnc4n(-c4cccc(C#N)c4)c3c2)cn1,28.71
N#Cc1c(F)cc(NCc2ccccc2)c(C#N)c1F,13.08
N#Cc1ccc(-n2cnc(C#N)c2N)cc1C#N,13.06
CCCc1nc(-c2ccc(-c3ccc(-c4ccc(C#N)cc4)c(C#N)n3)nc2)ccc1CSc1nc(C(C#N)=c2ccc(=C(C#N)C#N)cc2)nc(C(C#N)C#N)n1,26.13
N#Cc1ccc(-c2cc(C#N)cnc2-c2ccc(-c3cnc(C#N)nc3)cc2)nc1,14.67
N#Cc1ccc(-c2ccc(-c3nc(C(=O)N=c4[nH]cnc(N)c4C#N)cnc3-c3ccncc3)cc2)nc1,16.35
N#Cc1ccc(-c2cccc(-c3cc(-c4cccc(C#N)n4)nc(-c4ccc(C#N)nc4)n3)c2C#N)nc1,16.66
CC(=O)c1ccccc1-c1nc(C(F)(F)F)cc(-c2nc(-c3ccc(C#N)nc3)cc(-c3ccc(F)c(C#N)c3)n2)c1C#N,21.4
N#Cc1ccc(-c2cc(-c3cnc(C#N)c(C#N)n3)cc(C#N)n2)nc1,9.98
N#Cc1ccc(-c2cc(-c3ccc(-n4c5ccccc5c5ccccc54)cc3)cc(-c3ccc(C#N)cc3)n2)cc1,12.19
N#Cc1ccc(-c2cc(OC3OC(CO)C(O)C(O)C3O)cc(-c3cccc(C#N)c3)c2)cc1,16.62
N#Cc1ncc(-c2c(C#N)ncnc2Nc2ccc3c(c2)OCc2ccc(N)cc2C3=O)cn1,25.47
Cc1nnc(-c2ccc(-c3ccc(C#N)nc3)c(C#N)c2)o1,16.48
N#Cc1cnc(Nc2ccc3c(c2)C(=O)c2ccc(N)cc2C3=O)cc1Nc1ccc(C#N)c(C(F)(F)F)c1,16.51
N#Cc1ccc(-c2cc(-c3cccc(C#N)n3)nc(-c3ccc(C#N)nc3)n2)nc1,9.59
Cc1nc(C)c(-c2ccc(C#N)n2CCC#N)nc1C#N,15.97
N#CC(C#N)=C1C(=Cc2ccc(C#N)cc2)C(=O)C(C=O)=C1O,9.58
COc1ccc(-c2nc(-c3ccc(OC4OC(CO)C(O)C(O)C4O)c(C#N)c3)nc(-c3ccc(C#N)cc3OC)n2)cc1C#N,21.28
N#Cc1ccc(-c2nc(-c3ccc(C#N)nc3)nc(-c3ccc(-c4cccc(C#N)c4)cc3)c2C#N)cc1,12.99
CC1(C)CC(Oc2ccc(-c3nc(COc4ccc(C#N)cc4)nc(-c4ccc(C#N)nc4C#N)n3)cc2C#N)CCO1,19.05
N#Cc1ccc(-c2cc3nc(-c4ccc(F)c(C#N)c4F)nc(N4CC5CCC(C4)O5)c3c(C#N)n2)cn1,20.74
Cc1cc(C#N)c(Cl)cc1-c1c(C#N)c(-c2nccc(-c3cccnc3C)n2)c2ccccn12,17.63
N#Cc1ccc(C#Cc2cc(-c3cccc(Nc4ccc(-c5cncc(C#N)n5)cc4)c3)c[nH]c2=N)nc1,20.59
Cn1nc(-c2c(F)cccc2F)c(C#N)c1-c1cccc(-c2ccc(-c3ncc(C#N)cn3)cc2)n1,21.6
C#CCOc1nc(C#N)c(-c2ccc(-c3ncc(C#N)cn3)c(C#N)c2)nc1C#N,16.3
N#Cc1ccc(-c2nc(-c3ccc(C#N)nc3)cc(-c3cc(C#N)c(C#N)c(-c4ccc(C#N)cc4)c3)n2)cc1,18.01
N#Cc1ccc(-c2ncc(-c3ccc(C(=Cc4cn(-c5ccc(C#N)cc5)nc4-c4ccc(C#N)cc4)c4ccccn4)cc3)s2)cc1,25.59
N#Cc1ccc(N=c2[nH]cnc3cc(-c4cnc(C#N)c(C#N)n4)c(C#N)cc23)cc1O,28.68
N#Cc1ccc(-c2cc(-c3cc(-c4ccccc4C#N)nc(-c4ccc(C#N)c(F)c4F)n3)nc(C#N)c2C#N)cc1,12.08
Cc1cc(C#N)c(Cl)cc1-c1nc(C2CC2)nc(-c2nc(-c3ccc(C#N)s3)nc(-c3c(F)c(F)c(C#N)c(F)c3F)n2)c1C#N,16.03
N#Cc1ccc(-c2ccc(C(=O)N3CCCC3c3nc(-c4ccc(C#Cc5ccc(C#N)cn5)cc4)cc(-c4cccc(C#N)n4)n3)cc2C#N)cc1,26.58
N#Cc1ccc(-c2cc(F)cnc2-c2cccc(-c3ccc(C#N)c(C#N)n3)c2)nc1,15.81
CN(Cc1cccc(-c2ccc(-c3nc4cc(C#N)cc(C#N)c4o3)cc2)c1)Cc1ccccc1O,24.77
N#Cc1ccc(-c2nc(-c3ccc(Cl)cc3C#N)cnc2-c2ccc(-c3ccc(C#N)cn3)cc2)cc1,14.46
N#Cc1cc(-c2ccc(-c3ccc4ncnc-4c(C#N)n3)cc2)ccn1,15.46
N#Cc1ccc(-c2ccc(-c3nc(-c4ccccn4)[nH]c(=Nc4ccc(-c5ccc(C#N)cn5)cc4Cl)n3)cc2)cc1,30.7
N#Cc1ccc(C(=O)c2ccc(-c3ccc(C#N)nc3C#Cc3ccc(-c4ccc(C#N)nc4)cc3)nc2)cc1,22.03
COc1ccc(-c2cc(-c3ccc(C#N)cc3)nc(-c3ccc(C#N)nc3)n2)cc1C#N,16.33
N#Cc1ccc(-c2nc3cc(C#N)c(C#N)cc3n2-c2cccc(C#N)c2)cc1,22.18
N#Cc1ccc(-c2cnc(-c3cc(N)c(C#N)c(-c4ccc(C#N)nc4)n3)cn2)cn1,16.99
N#Cc1ccc(-c2ccc(-c3nc4cc(-c5cnc(-c6cccc(C#N)n6)c(C#N)n5)ccc4[nH]3)cn2)cn1,17.29
N#Cc1ccnc(-c2ccc(-c3nc(C#N)cc(C#N)n3)cc2)c1,10.55
N#Cc1ccc(-c2ccc(-c3ccc(-c4ccc(-c5ncncn5)nc4)cc3)nc2C#N)cc1,14.39
N#Cc1ccc2c(-c3nc(-c4ccc(OC5CCC(C(=O)O)CC5)c(C#N)c4)nc(-c4cccc(C#N)n4)n3)cccc2c1,17.24
N#Cc1ccc(-c2ccc(Cn3ncc(-c4ccc(C#N)cc4)c3C#N)c(C#N)c2)cc1,19.45
N#Cc1ccc(-c2ccc(-c3cc4c(ncn4Cc4ccc(-c5cc[nH]c(=O)c5)cc4)c(C#N)n3)cc2)nc1,17.92
N#Cc1ccc(C#Cc2nc(-c3ccc(C#N)cn3)ncc2-c2ncnc3cc(C#N)c(-c4cc(C#N)ncn4)cc23)cc1,36.69
N#Cc1ccc(-c2ccc(Cn3ccn(Cc4cc(-c5ccc(C#N)nc5)nc(-c5ccc(C#N)c(F)c5)n4)c3=O)cc2)cc1,29.18
N#Cc1ccc(-c2c(-c3ccc(-c4ccc(O)c(C#N)c4)cc3)cc(N)c(C#N)c2C#N)cc1,13.19
N#Cc1ccc(-c2ccc(-c3nc(-c4ccc(-c5ccc(C#N)cc5)cc4C#N)nc(-c4c(F)cccc4C#N)n3)cc2)cc1,16.33
N#CC=Cc1ccc(Sc2ccc(Br)cc2)c(C#N)n1,17.84
COc1cc2c(cc1OC)C(=O)N1C=C(c3ccc(-c4ccncc4)cc3)CC1C=N2,19.57
N#Cc1ccc(-c2cc(-c3ccc(C#N)nc3)c(C#N)c(-c3nc4cc(C#N)ccc4[nH]3)c2)nc1,18.06
N#Cc1ccc(-c2ccc(-c3cccc(-c4ccc(C#N)cc4)n3)cc2)cc1,12.09
O=C1C=CC(=O)c2c1ccc1c3ccccc3n(Cc3ccccc3)c21,22.38
Cn1cc(C#N)nc1-c1ccc(-c2cccc(C#N)n2)cc1Cn1cc(-c2ccc(-c3[nH]cnc3C#N)cc2)cn1,34.61
N#Cc1ccn(-c2ccc(-c3ccncc3)cc2)c(=O)c1C#N,19.79
N#Cc1ccc(-c2nc(-c3ccc(-c4cnc(C#N)c(C#N)n4)cc3)cc(-c3ccc(N)c(N)c3)n2)cn1,15.21
N#Cc1ccc(-c2ccc(-c3cc4c(ncn4Cc4ccc(-c5ccc(C#N)nc5)nc4)c(C#N)n3)cc2)cc1,13.09
N#Cc1ccc(-c2ccc(-c3sccc3-c3ccc(-c4ccc(C#N)cn4)cc3)cc2C#N)cc1,19.66
N#Cc1ccc(-c2ccnc(-c3ccc(-c4nc(C#N)c5nc(C#N)c(C#N)nc5n4)cc3)n2)cc1,18.23
N#Cc1ccc(C=C2CCCC(=Cc3ccc(-c4ccc(C#N)cn4)cc3)C2=O)cc1,15.0
N#CC(=Cc1ccc(C#N)cc1)c1nc(-c2ccc(C#N)cc2)cc(-c2ccc(C#N)nc2)n1,12.83
N#Cc1ccc(-c2ncc(-c3cc(C#N)c(C#N)c(C#N)n3)cc2C#N)cn1,21.71
N#Cc1ccc(-c2ccc(-c3cc4nc(C#N)c(C#N)c(-c5ncncn5)c4cc3-c3ncncn3)cc2)nc1,15.58
Cc1nccc(-c2ccc(Nc3ccc(-c4ccc(-c5ccc(C6N=CC=N6)cc5)cc4)nc3C#N)cc2)n1,29.28
N#Cc1ncc(-c2nc(-c3ccc(N)c(NC4CC(F)(F)C4)c3)nc(-c3ccc(C#N)c4ccccc34)n2)cn1,30.33
Cc1cc(C#N)c(Cl)nc1-c1cccc(-c2nc(-c3cccc(C#N)c3)cc(-c3ccncc3F)n2)c1C#N,20.0
N#Cc1ccc(-c2ccc(-n3c(O)c(O)c(C(=O)CCCO[N+](=O)[O-])c3-c3ccc(-c4cccc(-c5ccc(C#N)cc5)n4)cc3)cc2)cc1,22.64
CC(C)(C#N)COc1ncc(-c2nc(-c3cncc(C#N)c3)nc(-c3cccc(C#N)n3)n2)cc1C#N,24.88
N#Cc1ccc(-c2cc(-c3cnc(-c4ccc(C#N)nc4)c(C#N)n3)nc(-c3cc(-c4ccc(C#N)nc4)c(C#N)cn3)n2)cn1,16.07
N#CC(=Cc1ccnc(C#N)c1)c1nc(C(C#N)=c2ccc(=C(C#N)C#N)cc2)nc(C(F)(F)F)n1,11.2
Cn1cc(-c2ccc(-c3nc(C#N)c4ncn(C5CCN(C=O)C5)c4n3)cc2)cn1,18.55
N#Cc1ccc2c(C#N)nc(-c3ccc(-c4cnc(C#N)nc4)cc3)c(O)c2n1,13.82
OCC1OC2OC3C(OC(CO)C(O)C3O)OC2C(O)C1O,14.66
Cc1ccc(C#N)nc1-c1cc(C(=O)N2CCC(c3ccccn3)CC2)cc(-c2ccc(C#N)cc2)c1,32.45
CN1CCN(c2ccc(N=c3nc(Nc4ccc5c(c4)C(=O)c4ccc(N)cc4C5=O)[nH]cc3Cl)cc2)CC1,20.67
N#Cc1ccc(-c2ccc(-c3ncc(Cl)cn3)nc2C#N)cn1,20.32
N#Cc1ccc(-c2nc(C(=O)NCc3ccc(F)cc3)cn2-c2ccc(-c3ccc(C#N)nc3)cc2C#N)cc1,24.86
N#Cc1ccc(-c2ccc(-c3cc4c(ncn4Cc4ccc(-c5ccccc5-c5nn[nH]n5)cc4)c(C#N)n3)cc2)cc1,13.69
N#Cc1ccc(-c2ccc(-c3cc(-c4ccccc4C#N)nc(-c4ccc(C#N)nc4)n3)nc2)cc1,11.86
N#Cc1ccc(Cn2nc(-c3ccc(-c4ccc(C#N)cc4)s3)cc2-c2ccc(C#N)cc2)cc1,20.17
N#Cc1ccc(-c2ccc(C=Cc3ccc(-c4ccc(C#N)cn4)cn3)cc2)nc1,13.71
N#CC(C#N)=C1C(=Cc2ccc(C#N)cc2)C(=O)C(Nc2ccc(-c3cc(-c4ccc(F)cc4)cc(-c4ccc(C#N)nc4)n3)cc2)C(C=O)=C1O,10.48
N#Cc1ccc(-c2ccc(-c3cc(N)c(N)c(-c4ccc(C#N)cc4)c3)cc2)cc1,12.51
NC(Cc1ccc2ccccc2c1)C(=O)NC(C=O)Cc1cccc2ccccc12,25.78
C#CCOc1nc(-c2ccc(C#N)nc2)cc(-c2nc(C#N)ccc2-c2ccc(C#N)cc2)n1,19.19
N#CC(C#N)=c1ccc(=C(C#N)c2nc(C(O)c3ccc(C#N)cc3)[nH]c(=Nc3ccc(C#N)cc3)n2)cc1,13.5
N#Cc1ccc(-c2nnc(COc3ccc(-c4ccc(-c5ccc(C#N)c(C#N)n5)cc4)cc3)nc2-c2ccc(C#N)cc2)cc1,23.77
N#Cc1ccc(-c2cc(-c3ccc(C#N)nc3)nc(-c3cc(C#N)c(OCC4(C#N)CC4)cn3)c2)cc1,18.44
N#Cc1ccc(-c2ccc(C#Cc3c(-c4ccc(-c5cnc(C#N)nn5)c(C#N)c4)ccnc3C#N)cn2)nc1,22.37
N#Cc1ccc(-c2nc(C#N)c3ncn(CC4CCCCC4)c3n2)cc1,12.17
N#Cc1ccc(-c2nc(-c3cncnc3)cc(-c3cccc(C#N)n3)n2)cn1,13.81
N#Cc1ccc(C2(F)CCN(C(=O)c3ccc(F)c(-c4nc(C#N)ncc4Cl)c3)CC2)cc1,23.08
Cc1ccc(-c2ccc(-c3nc(C#N)c4cc(C#N)n(-c5ccc(-c6cccc(C#N)c6)cc5)c4n3)cc2)o1,24.46
CC(=O)N(C)CCOc1cc(-c2cncc(C#N)n2)ccc1-c1cnc(-c2ccc(C#N)nc2)c(C#N)n1,27.83
CCc1cc(-c2nc(C#N)nc(-c3cc(F)c(C#N)c(F)c3F)n2)c(C#N)c(-c2ccccc2C(F)(F)F)n1,16.64
N#Cc1cnc(-c2cc(-c3ncncn3)cc3c2cc(C#N)n3-c2ccc(-c3cccc(C#N)n3)cc2)cn1,21.61
Cc1cc(C#N)c(F)cc1-c1nc(C2(C#N)CC2)nc(-c2nc(-c3ccc(C#N)cc3)cc(-c3ccc(C#N)nc3)n2)c1C#N,17.47
N#Cc1ccc(-c2ncc(-c3ccc(N(Cc4ccc(-c5cccnc5)cc4)c4nc(C#N)ncc4F)nc3)cc2C#N)nc1,25.73
COc1ncc(-c2ccc(N=Cc3c(-c4ccc(C#N)cc4)nc(-c4ccc(C#N)cc4)c(C#N)c3O)nc2)cc1C#N,10.76
N#Cc1ccc(-c2cnc(-c3ccc(C#N)cn3)cc2-c2cccc(C#N)n2)cc1,12.04
N#CC=Cc1cccc(-c2nc(-c3ccc(-c4cnc(C#N)cn4)c(C#N)c3)nc(-c3ccc(C#N)cn3)n2)n1,19.09
N#Cc1ccc(Nc2cc(-c3nc(-c4ccc(C#N)cc4)nc(-c4ccc(-c5ccc(C#N)cn5)nc4)n3)c(C#N)c(-c3ccc(C#N)cc3)n2)cc1,20.66
N#Cc1ccc(-c2ccc3c(-c4nc(-c5cccc(C#N)c5)nc(-c5ccccc5C#N)n4)ccc(Cl)c3c2)nc1,23.82
N=c1nc(-n2ccc3cc(-c4ccc(N5CCOCC5)nc4)ccc32)cc[nH]1,26.4
Cc1cc(C)[nH]c(=Nc2c(C#N)c(-c3ccc(C#N)cc3)c(C#N)c3nc4ccc(-c5ccc(-c6cncc(C#N)n6)cc5)cc4n23)n1,30.68
N#Cc1ccc(-c2cc(-c3ccncc3)c(-c3ccc(C#N)cn3)nc2-c2cccc(C#N)n2)cc1,16.69
N#Cc1ccc(-c2cccc(-c3nc(-c4ccc(C#N)nc4)nc(-c4ccc(C#N)nn4)n3)c2C#N)cc1,17.17
C#CC(C)(C)NC1CCC(n2nc(-c3ccc(-c4ccc5c(c4)C(=O)NC5)nc3)c3c(=N)[nH]cnc32)CC1,37.59
N#CC(C#N)=c1ccc(=C(C#N)c2nc(-c3ccc(C#N)nc3)nc(C(C#N)(C#N)c3ccc(C#N)cc3)n2)cc1,11.37
N#Cc1ccc(-c2cccc(-c3cn(-c4nccc(-c5ccc(C#N)nc5)n4)c4ccccc34)n2)cc1,18.81
N#Cc1cncc(-c2cc(-c3cncc4cc(-c5ccnc(C#N)c5)ccc34)nc(-c3cnc(C#N)nc3)n2)c1,19.12
N#CC=Cc1nc(C#N)c(Nc2ccc(-c3ccccc3)cc2)nc1-c1ccc(C#N)nc1,13.04
N#Cc1ccc(-c2cc(-c3ccc(-c4nncc(C#N)n4)cc3)cnc2-c2ccc(-c3ccc(C#N)cn3)cc2)cc1,14.48
N#Cc1cccc(-c2cnc(N(Cc3ccc(-c4ccccc4-c4cnc(C#N)c(C#N)n4)cc3)c3ncnc(C#N)n3)nc2)n1,21.51
N#Cc1ccc(-c2cc(-c3ccc(N=c4nc(C#N)[nH]c(-c5ccc(C#N)nc5)n4)cc3)nc(CC3CCCN3C(=N)N)n2)cc1,18.26
N#Cc1cccc(-c2cnc(C#N)c(-c3ccc(-c4cnc(C#N)nc4)cc3)c2)n1,10.67
N#Cc1cccc(-c2ccc(-c3cc4c(ncn4CCN=C(N)N)c(C#N)n3)cc2)n1,14.08
N#Cc1ccc(-c2cncc(-c3cc4c(ncn4CC4CC4)c(C#N)n3)c2)cn1,15.08
Cn1cncc1C(O)(c1ccc(C#N)cc1)c1nc(C#N)nc(C(C#N)=c2ccc(=C(C#N)C#N)cc2)n1,12.94
N#Cc1ccc(-c2cc(C(=O)NCc3ccc(C#N)cn3)c(C#N)c(-c3cccc(C#N)c3)n2)cc1,20.87
N#Cc1ccc(-c2nc(-c3cnc(OC4CCC(C(=O)O)CC4)c(C#N)c3)nc(-c3cccc(C#N)n3)n2)nc1,13.95
N#Cc1cccc(-c2ccc(C=Nc3ccc(C#N)c(C#N)n3)cc2C#N)c1,17.88
N#Cc1ccc(-c2cc(-c3cc(-c4ccc(C#N)nc4)nc(=NC(=S)Nc4cc(C#N)cc(C#N)c4)[nH]3)ccc2C#N)cc1,25.57
N#Cc1ccc(-c2ccc(Cn3c(-c4ccc(-c5ccc(C#N)cc5)cc4)nc4ccc(C#N)cc43)cc2)cc1,16.88
N#Cc1ccc(-c2ccc(-c3nc(-c4ccc(C#N)nc4)no3)cc2C#N)cc1,14.52
N#Cc1ccc(-c2cc(-c3cccc(C#N)n3)ccc2Cn2cncn2)cn1,15.67
N#Cc1ccc(-c2cc(=O)n3nccc(-c4cccc(C#N)n4)c3n2)cc1,19.83
N#Cc1ccc(-c2ccc(-c3nc(C#N)c(-c4ccc(C#N)nc4)nc3C#N)nc2)cn1,10.01
COc1cccc(-c2cc(-c3ccc(-c4cc(C#N)nc(Cl)n4)cc3)nc(-c3ccc(C#N)c(F)c3F)n2)c1F,23.22
CCc1nc(C#N)c(-c2ccc(-c3cnc(C#N)cn3)cc2)nc1-c1cc(-c2ccc(C#N)cn2)cc(-c2ccc(C#N)cc2)c1C#N,18.45
N#Cc1ccc(-c2ccc(-c3cc(C#N)ccc3-c3cccc(C#N)n3)cn2)nc1,16.2
N#Cc1cccc(-c2ccc(-c3ccc(-c4ccc(-n5cnc(C(F)(F)F)n5)cc4)cc3)nc2C#N)n1,16.28
O=C(O)c1ccc(C=NO)nc1,18.88
N#Cc1ccc(-c2ccc(Cc3nccc(-c4ccc(C#Cc5cnc(C#N)cn5)cc4)n3)cc2)cc1,16.25
N#Cc1cccc(-c2ccc(-c3ccc(-c4nc5cc(-c6ncncn6)ccc5[nH]4)nc3)nc2C#N)n1,19.38
N#Cc1ccc(-c2cccc(-c3ccc(-n4c(N)c(-c5ccc(C#N)cc5)c(C#N)c(C#N)c4=O)cc3)c2)cc1,22.28
N#Cc1ccc(-c2ccc3c(-c4ccc(F)c(-c5ccc(C#N)nc5)n4)nc(C#N)nc3c2)cn1,20.59
N#Cc1ccn(-c2ccc(C=Cc3nc(C#N)c(Nc4ccc(C#N)c(C#N)c4)o3)cc2)c1,12.13
N#Cc1ccc(-c2ccc(-c3ncnc(-c4ccc(C#N)c(Cl)c4)n3)cc2C#N)nc1,16.71
N#Cc1ccc(-c2cc(-c3nccc(C#N)n3)nc(-c3ccc(C#N)c(-c4ccc(C#N)cc4)c3)n2)cc1,13.08
Cc1ccc(-c2nc(-c3cnc(OC4CCC(C(=O)O)CC4)c(C#N)c3)nc(-c3ccc(C#N)c(F)c3F)n2)c(C)n1,16.37
N#Cc1ccc2c(c1)C(=O)C(C#N)(c1nc3c(F)cccc3[nH]1)C2=O,34.2
N#Cc1ccc2[nH]c(-c3ccc(-n4c5ccccc5c5ccccc54)cc3)nc(=NCc3cccnc3)c2c1,18.45
C=CCN=c1nc(C#N)cc(-c2ccc(C#N)cc2)[nH]1,21.98
N#Cc1ccc2c(-c3cnc(-c4cnc(C#N)nc4)c(C#N)n3)cc(-c3cnc(N4CCCC4)nc3)cc2n1,29.0
N#Cc1ccc(C(=Nc2ccc(-c3ccc(-c4cncc(C#N)c4)nc3)cc2)c2ccc(C#N)cc2)cc1,21.46
CC(=O)c1ccc(-c2nc(-c3cnc(OCC(C)C)c(C#N)c3)nc(-c3cccc(C#N)n3)n2)cn1,26.64
N#Cc1ccc(-c2cc(-c3cnc(C#N)c(C#N)n3)cc(Nc3ccc(Br)s3)n2)cc1,11.1
Cc1cc(C#N)c(Cl)cc1-c1nc(C2(C(=O)Nc3ccc(-c4ccnc(C#N)c4C#N)cc3)CC2)nc(-c2ncnc(-c3cccc(C#N)c3)n2)c1C#N,32.96
N#Cc1ccc(-c2ccc(C#N)c(-c3ccc(C#N)cc3)n2)cc1,9.39
O=C1c2ccc(OCc3ccc(-c4ncncn4)cn3)cc2CCc2cc(OCC3COc4ccccc4O3)ccc21,26.03
N#Cc1ccc(-c2cc(-c3ccc(-c4cccc(C#N)n4)nc3)cc(-c3cnc(C#N)nc3)c2)nc1,15.5
COCCOCn1cnc2c(C#N)nc(-c3ccc(-c4ccc(C#N)nc4)cc3)cc21,11.45
N#Cc1ccc(-c2cc(-c3ccc(C#N)nc3)nc(-c3cccc(C#N)c3)c2)cc1,11.18
N#Cc1ccc(-c2ccc(-c3cnc(-c4ccc(C#N)nc4)c(C#N)n3)cc2F)nc1,13.2
N#Cc1cccc(-c2nc(C#N)ccc2C#Cc2nc(C#N)cnc2C#N)c1,16.33
N#Cc1ccc(-c2cc(-c3cnc(CNc4ccc(C#N)c(C#N)c4)c(-c4ccc(C#N)cn4)c3)nc(-c3ccccc3F)n2)cc1,24.31
N#Cc1ccc(-c2cc(C#N)nc(-c3nc(-c4cccnc4)cc(-c4ccc(C#N)nc4)n3)c2C#N)cc1,13.41
N#Cc1ccc(-c2ccc(-c3cc4c(ncn4CC=Cc4ccc(-c5cnc(C#N)nc5)nc4)c(C#N)n3)cc2)nc1,18.02
CNCc1nnc(-c2ccc(-c3nc(-c4ccc(C#N)cc4)c4c(C#N)nc(-c5ccc(-c6cccc(C#N)n6)cc5)cc4n3)cc2)o1,28.29
COc1cc(C#N)ccc1-c1nnc(C#N)c(-c2ccc(C#N)cc2)n1,11.51
Cn1c(Nc2ccc(Br)s2)nc(Nc2cc(Cl)cc(Cl)c2)c(F)c1=O,22.0
N#Cc1cccc(-c2nc(C#N)c(-c3ccccn3)nc2C#N)n1,14.46
N#Cc1ccc(-c2cc(-c3ccc(-c4cccnc4C#N)cc3)cc(-c3cnc(C#N)nc3)n2)cn1,17.59
C#CCOc1ccc(C#Cc2ccc(C#N)c(-c3nc(-c4ccc(OC5CCCC5)c(C#N)c4)no3)c2)cc1,31.64
N#Cc1ccc(C#N)c(Cn2c(N3CCC3)nc(=O)n(-c3cccc(Oc4ccc(F)cc4)c3)c2=O)c1,32.12
N#CCCCN1CCc2c(c3cc(C#N)ccc3n2-c2ccc(C#N)cc2)C1,16.48
N#Cc1ccc(-c2cc(-n3cnc(C#N)n3)nc(-n3c4ccccc4c4ccccc43)n2)cn1,22.19
CN(C)c1ccc2c(-c3ccc(-c4cccc(C#N)n4)c(C#N)n3)nc(C#N)nc2c1,17.24
N#Cc1ccc(-c2ccc(-c3ccc(C#N)c(C#N)c3)nc2C=NNC(=O)c2ccncc2)cn1,28.13
N#Cc1cccc(-c2ccc(-c3cc(-c4ccc(C#N)nc4)cc(-c4nccs4)n3)cc2)c1,17.22
N#Cc1ccc(-c2cc(-c3nc(C#N)cc(-c4ccc(C#N)nc4)n3)nn2-c2ccc(Cl)cc2Cl)cc1,20.07
N#Cc1ccc(COc2cnc(-c3ccc(-c4cccc(C#N)n4)c(C#N)n3)cc2C#N)nc1,12.44
N#Cc1ccc(-c2cc(-c3ccc(-c4cnc(C#N)nc4)c(C#N)c3)nc(-c3ccc(Cl)c(-c4ccc(C#N)cc4C(=O)O)c3C#N)n2)nc1,29.86
CCC(=O)Oc1c(C#N)c(-c2ccc(C#N)cc2)c(-c2ccc(F)cc2)c(-c2ccc(-c3cccc(C#N)n3)cc2C(=O)OCCCOC(C)=O)c1C#N,39.85
CN(C)c1nc(C(C#N)=Cc2cn(-c3ccccc3)nc2-c2ccc(-c3ccc(C#N)cc3)cc2)nc(C(C#N)=c2ccc(=C(C#N)C#N)cc2)n1,15.54
N#Cc1ccc(-c2cc(-c3ccc(C#N)c(Cl)c3)nc(C#N)n2)cn1,11.51
N#Cc1cccc(-c2cc3c(=NCc4ccc(-c5ncccn5)cc4)[nH]cnc3c(C#N)n2)c1,10.95
N#Cc1ccc(C#Cc2ccc(-c3cc(C#N)cc(-c4ccc(C#N)cn4)c3)cn2)cc1,15.16
CCOc1ccc(C(=O)C(=O)Nc2ccc(-c3ccnc(C#N)c3)cc2)c2ccccc12,28.48
CC(=O)c1nc2cc(-c3ncncn3)ccc2n1-c1ccc(-c2ccc(C#N)cc2)cc1,12.28
N#Cc1ccc(-c2ccc(CCC(=O)c3c(O)c(O)n(-c4ccc(-c5ccc(C#N)cc5)cc4)c3-c3ccc(C#N)cc3)cc2)cc1,10.65
N#Cc1ccc(-c2ccc(C(=O)Nc3cccc(-c4nc(C#N)c5ccc(-c6ccc(C#N)nc6)nc5n4)c3)cn2)cc1,25.1
Cn1c(-c2ccc(-c3ccc(C#N)c(F)c3)cc2F)nc(C#N)c1-c1ccc(C#N)cc1C#N,22.95
N#Cc1ccc(-c2cc(-c3cncc(C#N)n3)cc(-c3cnc(-c4cccc(C#N)n4)c(C#N)n3)n2)nc1,14.12
N#Cc1cc(C#N)cc(-c2cccc(-c3ccc(-c4nc(C#N)c5ccccc5n4)s3)c2)c1,22.87
N#Cc1ccc(-c2ccc(C#Cc3ccc(C(N)=O)c(-c4cncc(C#N)n4)c3)cn2)cn1,20.56
N#Cc1ccc(-c2ccc(C#Cc3cccc(C#N)n3)cn2)cn1,10.65
N#Cc1ccc(-c2cc(-c3ccc(C#N)nc3)c(C#N)c(C#N)n2)cc1,13.0
N#Cc1cncc(-c2cc(C#N)nc(-c3ccc(-c4cnc(C#N)nc4)nc3)c2)n1,13.47
CC1(C)CC(Oc2ccc(-c3nnn(-c4cccc(C#N)c4)n3)cc2C#N)CC(C)(C)C1,21.85
CN(CC(N)=O)c1nc(C#N)ncc1-c1cc(C#Cc2ccc(C#N)cn2)c2c(-c3ccc(C#N)cn3)cc(-c3cncc(C#N)n3)cc2n1,31.85
N#Cc1ccc(-c2cccc(-c3nc(C#N)c4ncnn4n3)c2)cc1,19.03
CC(=O)n1nc(-c2ccc(-c3cccc(C#N)c3)cc2)cc1-c1cc(C#N)ccc1C#N,19.47
Cn1cc(-c2ccc(-c3cc4c(ncn4C4CCNC4)c(C#N)n3)cn2)cn1,21.19
Cc1ccc(-c2[nH]c(-c3ccc(C#N)cc3)nc(=O)c2C#N)cc1,15.32
N#Cc1ccc(-c2cc(CCc3ccc(-c4cnc(C#N)c(C#N)n4)cn3)nc(-c3cccc(C#N)n3)n2)cn1,18.15
N#Cc1ccc(CSc2ccc(-c3cccc(-c4nc(C#N)nc(-c5ccc(C#N)nc5)c4C#N)n3)cc2C#N)cc1,19.58
N#Cc1ccc(-c2ccc(C=Cc3cnc(-c4ccc(C#N)cc4)c(C#N)n3)cc2)cc1,12.26
C=CCn1c(-c2ccc(Cl)cc2)csc1=NN=Cc1ccc(-c2ccc(C#N)cn2)o1,21.66
Cc1nc(CNC(O)c2nc(-c3ccc(C#N)cn3)c(F)cc2C2CCC(F)(F)CC2)ns1,35.22
Cc1cc(C#N)ccc1-c1cccc(-c2nc(-c3ccc(-c4ccc(C#N)cc4)cc3)nc(-c3nc(N4CC(C)OC(C)C4)nc(-c4ccc(C#N)cc4C#N)c3C#N)n2)c1C#N,19.61
N#Cc1ccc(-c2ccc(CN=Cc3c(O)c(C=O)c(O)c(C=O)c3O)nc2)cc1,14.75
N#Cc1ccc(-c2nc(-c3ccc(-c4ccc(C#N)nc4)c(C#N)c3)sc2-c2ccc(C#N)nc2)nc1,22.88
N#CC=C(C#N)c1nc(C(F)(F)F)nc(C(=O)c2cnc(-c3ccc(C#N)cc3)c(C#N)n2)c1C#N,26.44
N#Cc1ccc(-c2nc(-c3ccc(-c4ccc(C#N)cn4)nc3)nc(-c3ccc(-c4ccc(C(F)(F)F)cn4)c(C#N)c3)n2)cc1,28.04
N#Cc1ccc(-c2cc(-c3ccc(-c4nccc(C#N)n4)cc3)cc(-c3cc(-c4ccc(C#N)cc4)c(C#N)cn3)c2)cc1,14.37
N#Cc1ccc(-c2ncc(-c3ccc(-c4nc(C#N)ncc4C#N)cc3F)nc2C#N)cn1,13.84
N#Cc1ccc(-c2cc(-c3ccc(C#N)cn3)nc(-c3cccc(-c4ccc(C#N)nn4)n3)c2C#N)cc1,14.07
N#Cc1ccc(-c2cc(-c3ccc(C#N)nc3)nc(Nc3ccc(-c4nc(C#N)ccc4C#N)cn3)c2C#N)cc1,15.14
Cc1[nH]c(-c2ccc(C#N)cc2)c(-c2ccc(C#N)cc2)c1-c1cccc(C#N)n1,21.46
N#Cc1ncc(-c2ccc(-c3ccnc(-c4ccncc4)c3)cc2)nc1C#N,16.2
N#Cc1ccc2[nH]c(-c3cccc(-c4ccc(NC(=O)c5ccc(-n6cnnc6)cc5)cc4)c3)nc2c1,18.94
Cn1c(C#N)ccc1-c1ccc(-c2nc(C#N)c(C#N)nc2C#N)cc1C#N,13.42
N#Cc1ccc(-c2csc(-c3cc(-c4ccc(C#N)nc4)nc4ccccc34)n2)cc1,17.27
N#Cc1ccc(-c2c(-c3ccc(-c4cnc(C#N)nc4)cc3)nc(C#N)c3ncnnc23)cc1,17.74
CN1N=C(c2ccc(C#N)cc2)N(C)c2ccc(C#Cc3cccc(C#N)c3)cc2C1=O,24.52
N#Cc1ccc(-c2cc(-c3ccc(C#N)nc3)nc(-c3cc(C#N)ccc3C#N)n2)cc1,15.87
N#Cc1ccc(-c2cc(-c3cccc(C#N)n3)cc(-c3nccc(C#N)n3)c2)cn1,9.4
N#Cc1ccc(-c2cc(-c3ccc(=Nc4ccc(-c5cccc(C#N)n5)cn4)[nH]c3)nc(-c3cccnc3)n2)cn1,16.6
CC(C)COc1ccc(-c2nc(-c3ccc(-c4ccc(C#N)cc4)c(C#N)c3)nc(-c3cnc(C#N)cn3)n2)cc1C#N,14.59
Cc1cc(C#N)c(Cl)cc1-c1nn(C)c(-c2nccc(-c3ccc(-c4ccc(C#N)cc4)cc3)n2)c1C#N,12.58
N#Cc1ccc(-c2cc(C#N)cc(-c3nc(-c4ccc(C#N)nc4)nc(-c4c(F)c(F)c(C#N)c(F)c4F)n3)c2C#N)c(C#N)c1,12.96
N#Cc1ccc(-c2cc(C#N)nc(-c3cccc4c(-c5ccc(C#N)cc5)cccc34)n2)cc1,17.66
N#Cc1ccc(-c2ccnc(-c3ccc(-c4ccc(C#N)nc4)c(C#N)c3)c2)cn1,11.46
N#Cc1ncc(-c2ccc(-c3nc(C#N)nc4c3ccc(=O)n4C3CCOCC3)cc2C#N)cn1,28.87
N#Cc1ccc(-c2ccc(-c3ccn(Cc4ccc(-c5ccc(C#N)cn5)cc4)c(=O)c3C#N)cc2)cc1,15.64
N#CC=Cc1cc(-c2cc(C#N)ccc2C#N)cc(-c2ccc(-c3cccc(C#N)n3)c(C#N)n2)n1,12.82
COc1c(-c2cc(C#N)ccn2)ccc(-c2cc(C)nc(C)n2)c1F,23.99
N#Cc1ccc(-c2cc(-c3ccc(-n4nc(C#N)c5cc(-c6cccnc6)ccc54)cc3)ccc2C#N)cc1,22.11
N#Cc1cccc(-c2nc(C(=O)c3cc(C#N)ccc3C#N)nn2-c2ccc(-c3cccc(C#N)n3)cc2)c1,24.56
N#Cc1ccc(Nc2cc(-c3cnc(C#N)nc3)cc(-c3cccc(C#N)n3)n2)cn1,15.5
N#Cc1ccc(-c2cc(-c3ccccc3C#N)nc(-c3cncc4cc(OC5CC5)ccc34)c2)c(C#N)c1,28.65
N#Cc1cccc(-c2ccc(-c3nc(-c4ccc(C#N)nc4)cc(-c4ccccc4C#N)n3)cc2)c1,10.3
N#Cc1ccc(-c2nc(-c3ccc(-c4cnc(C#N)c(C#N)n4)cc3)cc(-c3ccc(C#N)nc3)n2)nc1,13.61
N#Cc1nc(C#N)nc(-c2ccc(-c3cccnc3F)cc2)n1,20.21
N#Cc1ccc(C#Cc2ccc(C#N)cn2)cc1,11.02
N#Cc1ccc(-c2nsc(-c3ccnc(-c4ccc(C#N)nc4)c3)n2)cc1,15.62
N#Cc1ccc(-c2ccc(C#Cc3ccc(-c4cnc(-c5cccc(C#N)n5)c(C#N)n4)cn3)cn2)cc1,14.81
N#Cc1ccc(-c2ccn3ncc(-c4cc(-c5cncc(C#N)c5)nc(-c5cncc(C#N)c5)n4)c3c2)nc1,15.26
N#Cc1cc(N2C(=O)CC(C#N)(Nc3ccc(C#N)c(C(F)(F)F)c3)C2=O)ccc1OCc1ccccn1,30.29
N#Cc1ccc(-c2cccc(-c3ccc(-c4cnc(C#N)nc4)nn3)c2)c(-n2ccc(C#N)c2)c1,24.98
N#Cc1cccc(-c2ccc(-c3ccc(-c4ncncc4-c4ccncc4)cc3)nc2C#N)n1,18.15
N#Cc1ccc(C2CCN(C(=O)c3cc(-c4cnc(C#N)nc4)cc(-c4cc5c(ncn5Cc5ccc(C#N)cn5)c(C#N)n4)c3)CC2)cc1,21.59
C=Cc1cn2c(-c3ccc(C#N)cc3F)nc(C#N)c2c(C)n1,20.73
N#Cc1cnc(C#N)nc1,10.72
N#Cc1cncc(-c2ccc(C#Cc3cc(-c4ccc(C#N)c(F)c4)nc(C#N)n3)cc2)n1,15.45
CC(O)(c1ccc(-c2ccncc2)cc1)c1ccc2n1-c1ccc(-c3cccnc3)cc1CC2,29.28
N#Cc1ccc(-c2ccc(-c3cc4c(nc(-c5ncncn5)n4CC4CCCNC4)c(C#N)n3)cc2F)nc1,25.95
N#Cc1ccnc(-c2cc(-c3cc[nH]c(=Nc4ccc(-c5cccc(C#N)n5)cn4)n3)cc(-c3ncncn3)c2)c1,20.17
CCN1CC(Cn2cnc3c(C#N)nc(-c4ccc(C(C)=O)cc4)nc32)OC1=O,23.74
N#Cc1ccc(-c2cc(-c3cccc(C#N)n3)nc(-c3ccc(C#N)c(-c4ccc(C#N)cc4)c3)n2)cc1,11.37
Cn1cc(C#N)nc1-c1ccc(-c2ccc(C#Cc3ccc(C#N)cc3-c3cc(-c4ccncn4)ccn3)cc2)nc1,28.31
Cn1c(C#N)ccc1-c1cc(C#Cc2ccc(C#N)cn2)ccc1-c1cnc(C#N)nc1,14.2
N#Cc1ccc(-c2ccc(C#Cc3cccc(-c4noc(C=Cc5ccc(C#N)nc5)n4)c3)cn2)nc1,30.02
N#Cc1ccc(-c2nc(-c3ccc(F)cc3)nc(-c3nc(N4CCC(c5cccc(F)c5)C4)nc(-c4ccccc4C(F)(F)F)c3C#N)n2)c(F)c1F,22.86
N#Cc1ccc(-c2ccc(-c3nc(C#N)c(-c4cccc(C#N)n4)nc3N3CCC(c4cncc(C#N)n4)CC3)cn2)nc1,17.38
N#CC(=Cc1ccccc1C#N)c1nc(C(C#N)=c2ccc(=C(C#N)C#N)cc2)nc(-c2ccc(N)c(C#N)n2)n1,16.93
N#Cc1ccc(C=CC=CC=Cc2cc(-c3ccc(C#N)cc3)cc(-c3ccc(C#N)cc3)n2)cc1,14.36
N#Cc1ccc(-c2ccn(-c3ccc(-c4cc(-c5ccc(C#N)cc5)c(C#N)c(=N)[nH]4)cc3)c2)cc1,16.18
N#Cc1ccc(-c2cc(C#N)nc(-c3ccc(-c4ccc(C#N)nn4)nc3)n2)cn1,13.09
Cc1nc(C)c(-c2cc(N=c3ccc(-c4ccccc4)n[nH]3)nc(-c3cc(C#N)cc(-c4ccc(F)cc4F)n3)c2C#N)s1,36.76
N#Cc1ccc(-c2cc(-c3ccc(C(C#N)c4ccc(C#N)c(-c5ccc(C#N)cn5)c4)cc3)cc(-c3ccc(C#N)nc3)n2)nc1,22.36
C#CC1(C#N)CCc2c(c(C(C)C)n(-c3nc(C#N)cc(-c4cccc(C#N)n4)n3)c2C#N)C1,23.12
N#Cc1ccc(-c2ccc(-c3ccc(C#CC#Cc4ccc(-c5cccc(C#N)n5)cc4)cc3)nc2C#N)cc1,16.24
N#Cc1ccc(-c2cc(C#N)ncc2-c2ccc(C#N)cc2C#N)cc1,19.89
N#CC(C#N)=c1ccc(=C(C#N)c2nc(C#N)c3ccc(Oc4cccc(C#N)c4)cc3n2)cc1,22.29
N#Cc1ccc(-c2cc(-c3ccc(C#N)nc3)nc(C=C3C(=O)C(C=O)=C(O)C(CN4C(=O)c5ccc(C#N)cc5C4=O)C3=O)c2C#N)cc1,21.18
CN1CCC(CNc2cc(Oc3cc(Cl)cc(C#N)c3)cc3c(C#N)cn(-c4ccc(C#N)cc4)c23)CC1,27.92
CC1(C)OCC(Cn2cnc3c(C#N)nc(-c4ccc(-c5ccc(C#N)nc5)cc4)nc32)O1,15.25
N#Cc1ccc(-c2cc(-c3ccc(-c4cc(-c5cccc(C#N)n5)cc(C(=O)O)n4)cc3)ccc2C#N)cc1,23.74
N#Cc1ccc(-c2nc(-c3ccc(C#N)nc3)nc(-c3cnc(OCC(F)(F)C(F)(F)C(F)F)c(C#N)c3)n2)c(F)c1,25.44
Cc1cc(C#N)c(-c2ccc(C#N)cc2)cc1-c1nc(C#N)cc(-c2ccnc(-c3cnc(CF)nc3)n2)c1C#N,26.3
Cc1ccc(NC(=O)c2ccc(C#N)c(F)c2)cc1Nc1ccc2c(=O)n(C)c3cc(Nc4c(C#N)cc(C#N)cc4C#N)ccc3c(=O)c2c1,31.26
N#Cc1ccc(-c2ccc(-c3ncc(-c4ccc(Nc5ccccc5C#N)cc4)nc3-c3ccc(C#N)cc3)cc2)cc1,19.74
N#Cc1ccc(-c2cc(-c3ccc(Nc4ccc5c(c4)C(=O)c4ccc(C#Cc6cccc(C#N)c6)cc4C5=O)nc3)nc(COc3ccc(-c4cccc(C#N)n4)cc3)n2)cc1,22.26
Cc1cnc(C#Cc2ccc(C#N)c(C#N)n2)cn1,14.59
N#Cc1ccc(-c2nc(-c3cccc(CN=C(N)N)c3)nc(-c3cnc(OC4CCC(C(=O)O)CC4)c(C#N)c3)n2)cn1,25.62
N#CC(C#N)=c1ccc(=C(C#N)c2nc(C(=O)c3ccc(C#N)cc3)c3cc(C#N)ccc3n2)cc1,11.45
N#Cc1ccc(-c2nccc(-c3nc(-c4ccc(OC5CCC(C(=O)O)CC5)c(C#N)c4)nc(-c4cccnc4C#N)n3)c2C#N)cn1,18.06
COc1cccc(-c2nc(SCc3ccc(-c4ccccc4)cc3)c(-c3ccc(-c4ccncn4)cc3)nc2C#N)c1F,24.66
N#Cc1ccc(-c2cc(-c3ccc(Cl)c(Cl)c3)cc(-c3ccc(-c4ccc(-c5cccc(C#N)n5)c(C#N)n4)cc3)n2)cn1,27.07
C=c1[nH]c(=Cc2cc(C)n(-c3ccc(C#N)cc3)c2CN2CCN(C)CC2)c(O)c1C(=O)OC,25.11
N#Cc1ccc(-n2cnc3cc(-c4cc(C#N)ncn4)ccc32)c(C(F)(F)F)c1,18.65
N#Cc1ccc(-c2ncc(N)c(C#N)n2)cn1,12.05
COc1cc(F)c(F)c(-c2nc(-c3ccc(OC4CCC(C(=O)NC(C)C)CC4)c(C#N)c3)nc(-c3cc(C#N)c(OC4CCOC4)nn3)n2)c1F,34.44
N#Cc1cccc(-c2ccc3c(c2)C(=O)c2cc(C#Cc4ccc(-c5cncc(C#N)n5)cc4)ccc2C3=O)n1,16.91
N#Cc1ccc(-c2ccc(-c3ncc(-c4ccc(-n5c6ccccc6c6ccccc65)cc4)nc3-c3ccc(C#N)cc3)cc2)cc1,10.46
N#Cc1ccc(C(c2ccc(C#N)c(-c3cccc(C#N)c3)c2)c2ccc(C#N)c(-c3ccc(C#N)cc3F)c2)cc1,18.52
N#Cc1c[nH]c(-c2ccc(-c3nc(C#N)ncc3C#N)cc2F)n1,14.89
N#Cc1ccc(-c2ccc(-c3cc4c(ncn4CCc4cn(Cc5ccc(-c6ccccc6)cc5)nn4)c(C#N)n3)cc2)cc1,17.3
CN1CCc2c(c3ccccc3n2-c2ccc(-c3ccc(-c4cnc(C#N)c(C#N)n4)nc3)cn2)C1,22.83
N#Cc1ccc(-c2cc(-c3ccc(C#N)cc3)c(C#N)c(-c3cccc(C#N)n3)c2)cc1,10.21
N#Cc1ccc(-c2nc(C#N)c(C#N)nc2-c2ccc(-c3ccc(C#N)nc3)cc2)cc1,11.4
N#Cc1cccc(-c2cc(-n3cc(-c4ccncn4)cn3)cc(-n3ncc4ccc(-c5ncncn5)cc43)c2)n1,19.67
N#Cc1ccc(-c2cc(-c3ccc(C#N)nc3)nc(Nc3ccc4c(c3)C(=O)c3ccc(N)cc3C4=O)n2)cn1,12.09
CC(C)C(c1ccc(OCc2nc(-c3ccc(C#N)cc3C#Cc3ccc(C#N)cc3)ccc2F)nc1)(c1cc(C#N)cc(-c2ccc(C#N)nc2)c1)c1ncc(C#N)cn1,44.78
N#Cc1ccc(-c2ccc(-c3nc(-c4ccc(C#N)cc4)ncc3-c3ccc(-c4ccc(C#N)cn4)cc3)cc2)cc1,12.75
N#Cc1ccc(C=Cc2cc(C#N)[nH]c(=Nc3ccc(-c4nc(C#N)ccc4C#N)cn3)c2C#N)nc1,28.45
N#Cc1ccc(-c2nn3c(-c4cccc(C#N)c4)cc(-c4ccc(C#N)cn4)nc3c2-c2ccc(-c3cccc(C#N)n3)cc2)cc1,23.1
COc1cc(C#N)ccc1-c1ncc(-c2ccc(C#N)cc2)n1-c1ccc(-c2cccc(C#N)n2)cc1,18.66
N#Cc1cc(-c2cnc(C#N)nc2)cc(-c2cccc(-c3ncncc3C#N)c2F)n1,16.49
N#Cc1ccc(-c2nc(N)c(C#N)nc2C#N)nc1,14.04
N#Cc1ccc(-c2ccc(-c3cc(-c4cccc(C#N)n4)ccn3)cn2)cn1,12.92
N#Cc1ccc(-c2cccc(-c3nc(-c4cccc(C#N)n4)cc(-c4ncc(C#N)c(OCC(O)CO)n4)n3)c2C#N)c(C(=O)O)c1,27.69
Cc1nc(-c2ccc(C#N)cc2)c(C#N)nc1-c1ccc(NC(=O)C2=C(C(C)C)C(=N)NC2(C)c2ccc(C#N)cc2)cc1,32.04
N#Cc1ccc(-c2ccc(-n3c(C#N)ccc3-c3nc(C#N)c(N)nc3Br)cc2)cc1,26.12
N#Cc1cccc(-c2ccc(-c3nc(Nc4ccc(Br)s4)cc(-c4cccc(C#N)n4)n3)cc2)n1,16.8
N#Cc1ccc(-c2cc(-c3cnc(C#N)nc3)no2)cc1,14.16
CC(C)c1nc(-c2ccc(-c3ccc(C#N)cc3)c(C#N)n2)c(-c2ccc(C#N)cc2)nc1-c1cccc(C#N)c1,17.58
N#Cc1ccc(-c2cccc(-c3nc(C#N)c(C#N)nc3N)c2)cn1,13.63
Cc1nc(Oc2ccc(C#N)cc2)cc(=Nc2ccc(-c3cccc(C#N)n3)cn2)[nH]1,15.44
N#Cc1cccc(-c2ccc(CCNCC(O)c3ccc4c(c3)CCCC4)cc2)n1,31.79
N#Cc1ccc(-c2cc(C#N)nc(-c3nc(-c4ccc(-c5ccc(C#N)nc5)nc4)cc(-c4ccc(C#N)cn4)n3)c2C#N)cc1,15.97
N#Cc1cccc(-c2ccc(-c3ccnc(C#N)n3)cc2)c1,12.52
N#Cc1ccc(-c2cc(-c3ccc(C#N)cc3)c(C#N)c(-c3ccc(C#N)cc3)n2)cc1,12.48
N#Cc1ccc(-c2cc(-c3ncc(C#N)c(-c4ccc(C#N)cc4F)n3)c(C#N)c(-n3cccc3)c2C#N)cc1,18.6
N#Cc1cccc(-c2nc(N)c(-c3cnc(-c4cc(C#N)c(C#N)c(Cl)c4C#N)cn3)nc2C#N)n1,27.83
N#Cc1cnc(C(C#N)(C#N)c2cc(-c3ccc(C#N)nc3)cc(-c3cccc(C#N)c3)n2)nc1,27.14
Cc1cc(-c2cc(-c3ccc(OC(F)(F)F)c(C#N)c3)nc(-c3cccc(-c4ccccc4C=O)c3C#N)n2)ncc1C#N,23.24
N#Cc1ccc(-c2cc3cc(C#N)c(C#N)cc3nc2-c2ccc(-c3ccc(-c4ccc(C#N)nc4)c(C#N)c3)c(F)c2F)cc1,24.03
Cn1c(C#N)ccc1-c1cc(-c2cncc(C#N)c2)cc(-c2ccnc(C#N)c2)c1,23.29
N#CCn1cnc2c(C#N)nc(-c3ccc(-c4ccc(C#N)nc4)nc3)nc21,10.33
C=CCn1cnc2c(C#N)nc(-c3ccc(-c4cnc(C#N)nc4C#N)nc3)nc21,25.32
N#Cc1ccc(-c2cc(-c3ccc(C#N)cc3)nc(-c3nc(-c4ccc(Cl)cc4)nc(C#N)c3-c3ccc(C#N)cc3)c2)cc1,17.8
N#Cc1ccc(-c2ccc(-c3cc(-c4ccc(C#N)nc4)nc(-c4cc(-c5ccc(C#N)nc5)nc(-c5ccc(-c6ccccc6)nc5C(F)(F)F)c4C#N)n3)nc2)cc1,24.98
N#Cc1ccc(Nc2cc(Nc3ccc4c(c3)CCc3ccc(C#N)cc3C4=O)ncc2C#N)cc1,11.68
N#Cc1ccc(-c2cc(C#N)cnc2C#Cc2ccc(-c3ccc(C#N)cc3-c3cncc(C#N)n3)cc2)cc1,17.7
N#Cc1ccc(-c2ccc(-c3nc(C#N)cc(-c4ccc(OCc5ccccn5)c(C#N)c4)n3)cn2)nc1,15.71
N#Cc1cccc(-c2cc(F)cnc2-c2ccc(-c3ccc(-c4ccc(C#N)nc4C=O)c(C#N)n3)cc2)n1,30.15
CC(=O)N=c1nc(-c2ccc(C#N)cc2)[nH]c(-c2ccc(C#N)c(C#N)c2)n1,19.42
N#Cc1ccc(-c2cc(-c3ccc(N=Cc4c(-c5ccc(C#N)cc5)nc(-c5ccc(C#N)cc5)c(C#N)c4O)nc3)nc(-c3ccc(C#N)cc3)n2)cc1,11.01
N#Cc1ccc(-c2ccc(-c3nc(C#N)nc(C#N)n3)cn2)cc1,14.7
N#Cc1ccc(S(=O)(=O)c2ccc(C#N)c(-c3cccc(C#N)n3)c2)cc1,18.44
N#Cc1ccc(-c2ccc(C#Cc3cc(-c4ccc(C#N)nc4)cc4nc(-c5ncncn5)c(-c5ncncn5)cc34)cc2)cc1,21.66
Cn1c(C#N)ccc1-c1ccc(-c2ncc(C#N)c(C#N)n2)cc1C#N,9.92
N#Cc1nc(C#Cc2ccc(-c3ccc(-c4ccncc4)cc3)cc2)cs1,21.52
N#Cc1ccc(C(O)(c2ccc(C#N)c(-c3ccc(C#N)nc3)c2)c2ccc(C#N)c(-c3cc(C#N)ccc3C#N)n2)cc1,15.36
N#Cc1ccc(-c2cc(-c3nc(C#N)nc(C#N)n3)ccn2)cn1,10.65
Cc1cc(C(C)C)nc(=N)[nH]1,22.88
Cc1nc(C#N)cn1-c1ccc(Nc2ccc(Br)s2)c(Cl)c1,16.88
Cc1ncc(-c2nc(-c3ccc(C#N)cc3)nc(-c3ccc(OC4CCC(O)CC4)c(C#N)c3)n2)c(C)n1,18.74
Cn1c(C#N)ccc1-c1cc(-c2nccc(-c3nc(C#Cc4ccc(-c5cccc(C#N)n5)nc4)nc(-c4ccccc4C(F)(F)F)c3C#N)n2)ccc1C#N,24.81
COc1ncc(C#N)cc1-c1ccc2nc(-c3cnc(C#N)nc3)cc(-c3ncncn3)c2c1,19.17
Cc1cc(C#N)ccc1-c1nc(Nc2ccc3c(c2)CN(C)CC3)nc(-c2cc(C#N)cc(-c3cccc(C#N)c3)n2)c1C#N,15.61
C#Cc1cccc(C=Nc2ccc(-c3nc(-c4ccc(C#N)nc4)nc(-c4ccc(N=Cc5cccc(C#N)c5)nc4)n3)cn2)c1O,16.32
N#Cc1ccc(-c2cc(-c3cccc(C#N)n3)c3cc(-c4cccc(C#N)n4)ccc3n2)cn1,19.2
CN1CCC(Oc2ccc(-c3nc(-c4cccnc4)nc(-c4ccccc4C#N)n3)cc2C#N)CC1,17.62
N#Cc1cnc(-c2nc(-c3ccc(-c4cnc(C#N)nc4)nc3)c(C#N)nc2C#N)c(Cl)c1,17.5
Cn1cnc2cc(-c3ccc(-c4ccnc(C#N)n4)cc3)nc(C#N)c2c1=O,11.87
C=c1[nH]c(=Cc2cc(C)n(-c3ccc(C#N)c(C#N)c3)c2C)c(O)c1C(=O)OCC,16.18
CS(=O)(=O)c1cnc(-c2ccc(-c3cc(-c4ccc(C#N)cn4)nc(-c4ccc(C#N)cc4C#N)c3C#N)nc2)c(C#N)c1,20.59
N#Cc1ccc(-c2ccc(-c3ncc(-c4cnc(-c5cccc(C#N)n5)cn4)nc3-c3ccc(C#N)nc3)cc2)nc1,17.7
N#Cc1ccc(-c2ccc(-c3ccc(-c4nn(-c5ccc(C#N)cc5)cc4-c4cccc(C#N)n4)cc3)cc2)cc1,22.54
N#Cc1ccc(-c2nc(-c3nc(C#N)co3)cnc2-c2ccc(-c3ccc(C#N)cn3)cc2)cc1,16.8
N#Cc1ccc(-c2cc(-c3nc(-c4cnc(OC5CCC(C(=O)O)CC5)c(C#N)c4)nc(-c4cccc(-c5ccccc5)n4)n3)ccc2C#N)nc1,23.55
CC1=CCC2(OC3OC(CO)C(O)C(O)C3O)CC(C)=C(C=O)C(=O)C2C1O,25.16
N#Cc1ccc(C(=O)c2ncc3cc(Nc4ccc(C#N)cc4Oc4cc(C#N)cc(C#N)c4)ccc3c2C#Cc2ccc(-c3ccc(C#N)cn3)cc2)cc1,37.33
N#Cc1cnc2c(c1)C(=O)c1cc(Cl)nnc1C2=O,25.6
N#Cc1ccc(-c2ccc(C=CC3CC(=O)C4=C3C(=O)CCC4)cc2)cc1,17.89
Cc1nc(-c2ccc(-n3cc(-c4ccc(C#N)cc4)nc3-c3ccc(C#N)cc3)cc2)n(C)n1,18.96
N#Cc1ccc(-c2cc(-c3ccc(C#N)c(Cl)c3)cc(C#N)n2)nn1,18.06
CC(C#N)c1nc(-c2cc(-c3ccc(C#N)cn3)c(C#N)c(-c3cc[nH]c(=N)n3)n2)ncc1C#N,28.84
N#Cc1cccc(-c2ccc(OCC(N)Cc3ccccc3)c(C#N)c2)n1,21.42
Cn1ccc(=N)nc1-c1cncc(-c2ccc(C#N)cc2)c1C#N,21.7
N#Cc1ccc(-c2cc(-c3ccc(C#N)cn3)nc(-c3cccc(-c4ccc(C#N)cn4)c3C#N)n2)nc1,16.83
N#Cc1ccc(-c2ccc(-c3nc(C#N)c(-c4cncc(C#N)c4)nc3NC3CCCNC3)cc2)nc1,21.96
Cc1cc(C#N)nc(-c2ccc(-c3ccc(C#N)nc3)c(C#N)n2)c1C#N,14.46
N#CC(=Cc1ccc(-n2cccc2)cc1)c1cnc(C#N)c(-c2ccc(-c3cc(-c4cccc(C#N)n4)nc(-c4ccc(C#N)nc4)n3)cc2)n1,21.36
Cc1nc(Nc2ccc3c(=O)c4ccc(Nc5ccc(F)cc5F)cc4c(=O)[nH]c3c2)nc(Nc2ccc(Br)s2)n1,17.45
Cc1nc2cc(-c3nc(C#N)c[nH]3)ccc2n1-c1ccc(-c2ccc(C#N)cc2)cc1,13.9
N#Cc1ccc(-c2ccc(-c3cc(-c4cc(C#N)nc(-c5ccc(C#N)nc5)n4)ccn3)cn2)cc1,18.33
N#Cc1ccc(C(=C2C(=O)C(=CNc3ccc(Nc4ccc(C#N)c5ccccc45)cc3)C(=O)C(C=O)=C2O)c2ccc(C#N)cc2)cc1,17.09
Cc1nc2sc(-c3ccccc3)cc2c(=O)n1N,21.35
C=C(C#N)c1nc(C(C#N)=c2ccc(=C(C#N)C#N)cc2)nc(C(C#N)=c2ccc(=C(C#N)C#N)cc2)n1,16.48
COc1nc(-c2nc(-c3ccc(C#N)nc3)nc(-c3ccc(-c4ccc(C#N)cc4)c(C#N)c3)n2)ccc1-c1ccc(C#N)cn1,20.07
N#Cc1cccc(-c2nc(C#N)ccc2C#Cc2ccc(-c3ccc(C#N)nc3)nc2)c1,13.12
N#Cc1ccc(-c2ccc(CN=c3nc(-c4ccccc4)[nH]c(C#N)c3-c3ccc(C#N)nc3)cc2)cc1,21.94
N#Cc1ccc(-c2cnc(-c3cnc(-c4cnc(-c5ccc(C#N)nc5)nc4)s3)cn2)cc1,16.95
N#Cc1cccc(-c2nc(-c3ccc(OC4CCC(C(=O)O)CC4)c(C#N)c3)nc(-c3cccc(C#N)n3)n2)n1,10.09
N#Cc1ccc(-c2nc(C#CCN3C(=O)C(=O)c4c(C#N)cc(Cl)cc43)ncc2-c2cnc(C#N)c(C#N)n2)nc1,32.43
N#Cc1ccc(-n2cc(C#N)c(-c3ccc(-c4ccc(C#N)cc4C#N)cc3)n2)cc1,12.1
CN(C)C=Nc1nc(-c2ccc(C#N)cc2)c(C#N)nc1-c1ccc(-c2ccc(C#N)cc2)cc1,15.36
COc1ccc(C(c2ccccc2)=c2c3ccccc3c(=C(c3ccc(OC)cc3)c3ccc(OC)cc3)c3ccccc23)cc1,13.41
N#Cc1ccc(-c2cc(-c3cccc(C#N)n3)nc(-c3cccc(C#N)n3)n2)nn1,12.51
CC1CN(c2nc(-c3ccc(C#N)cc3)c(C#N)c(-c3cc(-c4ccc(C#N)nc4)nc(-c4ccc(C#N)cc4)n3)n2)CC(C)O1,15.09
N#CC(C#N)=C1C(=Cc2ccc(-n3cccc3)cc2)C(=O)C(c2ccccc2)C(C=O)=C1O,10.9
N#Cc1ccc(C2CCc3nc(C#N)cc(-c4cncc(C#N)n4)c3C2)cc1,21.64
Cc1cc(C#N)c(Cl)cc1-c1c(C#N)c(-c2nc(-c3cccc(-c4ccc(C#N)cc4)c3)nn2C)cc2nc(-c3ccc(C#N)cn3)cn12,22.67
N#Cc1cc(-c2cnc(C#N)nc2)cc(-c2nc(C#N)c3cccnc3c2O)c1,13.32
Cc1cc(C#N)c(Cl)cc1-c1c(C#N)c(-c2nc(-c3ccc(-c4ccc(C#N)nc4)nc3)c(C#N)nc2-c2nc(C#N)c(C#N)[nH]2)nn1CC#N,22.44
Cc1nc(C#N)c(-c2ccc(-c3ccc(C#N)nc3)cc2)nc1-c1cccc(-c2ccc(C#N)nc2)c1C#N,18.46
N#CC(=Cc1ccc(C#N)cc1)c1nc(C(C#N)=c2ccc(=C(C#N)C#N)cc2)nc(C(C#N)c2cccs2)n1,17.25
N#Cc1ccc(-c2nc(-c3ccc(-c4ccncc4)nc3)nc(-c3ccc(OC4CCC(C(=O)O)CC4)c(C#N)c3)n2)cc1,18.64
Cc1cc(-c2nc(-c3cccc(C#N)c3)nc(-c3cnc(OC4CCC(O)C4)c(C#N)c3)n2)cc(C)n1,19.9
N#Cc1ccc(-c2cc3c(cc2C#N)OCCN(C(=O)C2CC2)C3)cn1,17.49
N#Cc1ccc(-c2nc(-c3ccncc3)nc(-c3cnc(-c4ccc(C#N)nc4)c(C#N)n3)n2)nc1,20.35
COc1ccc(-n2cc(-c3ccc4nc(-c5cnc(C#N)c(C#N)n5)ccc4n3)cc2C)cc1,26.03
N#Cc1ccc(-c2cc(C3CC(CO)N(c4nc(C#N)cc(C#N)c4-c4ccc(C#N)c(C#N)n4)C3)ccc2C#N)nc1,37.01
N#Cc1ccc(-c2cc[n+](-c3cc(-[n+]4ccc(C#N)c(-c5ccc(C#N)cc5)c4)nc(-[n+]4ccc(-c5ccc(C#N)cc5)cc4)n3)cc2)cc1,12.8
Cc1cc(NC(=O)c2cccc(-c3ccc(C#N)nc3)c2)c[nH]c1=Nc1ccc(C#N)c(C#N)n1,32.61
N#Cc1ccc(-c2ccc(-n3nc(-c4cc(C#N)cc(-c5ccc(C#N)cc5)c4C#N)nc3-c3ccc(C#N)cc3C#N)cc2)cc1,16.81
CC(C)(C)C(=O)c1c(O)c(O)n(-c2ccc(-c3ccc(C#N)cc3)cc2)c1-c1ccc(C#N)nc1,15.46
N#Cc1cccc(-c2ccnc(-c3ccc(C#N)c(F)c3)c2)n1,11.58
N#Cc1ccc(-c2cc(-c3ccc(-c4ccc(C#N)nc4)cc3)n(-c3ccc(C#N)c(C#N)c3)c2O)cc1,18.57
N#Cc1ccc(-c2ccc(C#Cc3ccc(-c4cc(Cl)ccc4C#N)cc3)cn2)cc1,20.96
N#Cc1ccc2c(c1)C(=O)C(=Cc1c(C=O)c(O)cc3cc(C#N)ccc13)O2,30.05
CCc1nc(-c2ccc(Oc3ccc(C#N)cc3)c(C#N)c2)c(C#N)nc1-c1ccccn1,17.85
CN(c1ccc(-n2c(O)c3c(c2O)CCCC3)cc1)c1ccc2ccccc2n1,31.48
N#Cc1ccc(-c2csc(-c3cc(-c4ccc(C#N)cc4C#N)c(C#N)c(-c4ccnc(-c5ccc(-c6ccc(C#N)nc6)nc5)n4)n3)n2)cc1,24.17
N#Cc1ccc(-c2ccc(-c3ccc(-c4cc(F)cc(-c5ncc(C#N)cn5)c4)cc3)nc2C#N)cc1,21.07
N#Cc1ccc(Nc2cc(-c3nc(C#N)cnc3C#N)ccc2C#N)cc1,16.65
N#CC(C#N)=C1C(=Cc2ccc(C#N)cc2)C(=O)C(Nc2ccc3c(c2)c2ccccc2n3-c2ccc(C#N)cc2)C(C=O)=C1O,14.01
N#Cc1ccc(-c2ncc(-c3ncc(C#N)c(OCCC4(c5ccc(F)cc5)OCOCO4)n3)nc2-c2ccc(C#N)nc2)cc1,34.15
Cc1cc(C#N)c(F)cc1-c1nc(C2CC2)nc(-c2cccc(-c3ccnc(C#N)n3)n2)c1C#N,14.81
COc1cc(C=C(C#N)c2ncnc(C(C#N)=c3ccc(=C(C#N)C#N)cc3)n2)ccc1-n1cnc(C)c1,12.96
Cc1cc(C#N)c(Cl)cc1-c1ncnc(-c2nc(C#N)nc(-c3ccc(-c4cccc(C#N)c4)cc3C#N)n2)c1C#N,24.6
N#Cc1ccc(C#Cc2ccc(-c3ccc(-c4ccnc(C#N)n4)cc3F)cn2)nc1,14.32
N#Cc1ccc(C2(OCCCCCCOC3OC(CO)C(O)C(O)C3O)C(=O)C(=O)c3ccccc32)cc1,25.71
N#Cc1ccc(-c2ccc(-c3cc(-c4ccc(C#N)cn4)nc(-c4cc(-c5ccc(C#N)nc5)cc(-c5ccccc5C#N)c4C#N)n3)cn2)nc1,15.99
COc1cc(-c2ccc(Cn3nc(C)c(-c4ccc(-c5ccc(C#N)cc5)cc4)n3)cc2Cl)ccc1-n1cnc(C)c1,29.23
N#Cc1ccc(-c2ccc(-c3cc(-c4cnc(C#N)nc4)nc(-c4ccc(C#N)s4)c3)cn2)nc1,16.11
N#Cc1ccc(-c2cc(N(c3ccc(F)cc3)c3ccc(-n4c5ccccc5c5ccccc54)cc3)ccc2C#N)cn1,17.47
N#Cc1ccc(-c2ccc(-c3ccc(C#N)nc3-c3ccc(-c4cncc(C#N)c4)cc3)cc2)cc1,13.1
N#Cc1ccc(-c2ccc(C#N)c(-c3ccc(-c4ccc(F)c(C#N)c4)cc3)n2)cn1,13.65
N#Cc1ccc(-c2ncc(C(=O)N3CCN(C=O)CC3)nc2-c2ccc(C#N)cc2)cc1,15.18
N#Cc1ccc(-c2cc(-n3nc(-c4ccncc4)cc3C#N)ccc2C#N)cn1,19.74
Cc1ccc(-c2ccc(C#N)cn2)cc1C#Cc1cc(-c2cncc(C#N)n2)ccc1CO,23.99
COc1cc(C#N)ccc1-c1nc(-c2cnc(OC3CCC(C(=O)O)CC3)c(C#N)c2)cc(-c2ccc(C#N)c3cc(C#N)ccc23)n1,19.12
N#Cc1ccc(-c2ccc(CN(c3ccc(-c4nc(C#N)ccc4C#N)cc3)c3ccc(C#N)cn3)cc2)cc1,19.31
N#Cc1ccc(C(C#Cc2ccc(C#N)c(-c3ccc(C#N)nc3)c2)c2ccc(C#N)nc2)nc1,15.28
N#Cc1ccc(-c2ccc(-c3c(C#N)cc(N)c(C#N)c3[S+]#N)cc2)cc1,17.16
N#Cc1ccc(N=c2[nH]c3c(s2)COCC3)nc1,26.9
CNc1ccc(-c2cccc(-c3nc(C4CC4)nc(-c4ccc(C#N)cc4)c3C#N)n2)cc1,17.54
C#Cc1ncccc1-c1nc(-c2ccc(-c3ccc(C#N)cc3)c(C#N)c2)nc(-c2ccc(C#N)c(F)c2F)n1,18.88
N#Cc1ccc(-c2cc(-c3ccc(C#N)c(-c4cnccn4)c3)cc(-c3ccc(C#N)nc3)n2)nc1,23.5
N#Cc1ccc(-c2ccc(CNc3oc(-c4ccc(C#N)cc4)nc3C#N)cc2)cc1,13.52
N#Cc1ccc(-c2cc(-c3ccc(C#N)cn3)c3cccc(C#Cc4ccc(-c5c[nH]c(=N)cn5)c(F)c4)c3c2C#N)nc1,23.38
N#CC(=Cc1ccc(C#N)cc1)c1cnc(N=Cc2ccc(C#N)c(C#N)c2O)c(C#N)c1,25.31
Cc1nc(N2CCC(C(=O)O)CC2)c(C#N)nc1-c1ccc(C#Cc2ccc(Br)s2)cn1,24.96
Cn1cc(-c2ccc(-c3ccc(C#N)cn3)c(F)c2)cc1C#N,19.25
N#Cc1ccc(Nc2c(C#N)nc(-c3cccc(-c4ccc(C#N)nc4)c3)nc2-c2ccc(C#N)cn2)cc1,20.25
N#Cc1ccc(-c2ccc(-c3ccc(CCc4ccccc4)cc3)nc2C#N)cc1,20.1
CC(C)CC(=O)c1c(O)c(O)n(-c2ccc(-c3ccc(C#N)cc3)cc2)c1-c1ccc(C#N)cc1,11.05
N#Cc1ncc(-c2ccc(-c3cc4c(ncn4CC4CCCCC4)c(C#N)n3)cc2)cn1,11.09
Cc1cc(C#N)c(Cl)cc1-c1c(C#N)c(-c2nc(-c3ccc(-c4ccc(C#N)cc4)c(C#N)c3)ncc2F)nn1CC#N,18.1
N#Cc1ccc(-c2nc(-c3nc(C#N)cc(-c4ccc(C#N)cc4)c3C#N)nc(-c3ccnc4ccccc34)n2)cc1,16.84
Cn1cc(-c2cccc(-c3nc(C#N)ccc3C#N)c2)cc1C#N,18.96
N#Cc1ccc(-c2ccc(Cc3cc(-c4ccc(C#N)cc4)cc(-c4ccc(C#N)cc4)n3)nc2)cc1,13.6
N#Cc1ccc(-c2cccc(-c3nc(-c4ccc(C#N)nc4)cc(-c4ccc(C#N)cc4)c3C#N)n2)cc1,18.31
N#Cc1ccc(-c2ccc(=Nc3cccc(-c4cnc(-c5ccc(C#N)cc5)c(C#N)n4)c3)nc(C#N)c2)cc1,21.62
Cc1cnc(Cl)nc1-c1ccc(N(Cc2ccc(-c3ccccc3)cc2)c2nc(C#N)ncc2Br)cc1,16.64
N#Cc1c(-c2cccs2)cc(-c2ccc(Cl)o2)nc1N,25.92
COc1cc(-c2ccc(C#N)cc2)ccc1-n1c(C#N)cc2c(-c3ccc(C#N)cc3)c(-c3ccc(C#N)nc3)c3ccccc3c21,22.34
N#Cc1ccc(Nc2c(C#N)nc(-c3ccc(F)c(-c4cnccn4)c3)nc2C#N)cc1,14.74
N#Cc1cccc(-c2ccc(-c3cc(C#N)c(C#N)c(C#N)n3)c(Nc3ccc(C#N)c(C#N)c3)n2)c1,18.94
N#Cc1ccc(-c2nnc(-c3cnc(C#N)nc3)nc2C#N)cn1,12.05
N#Cc1ccc(-c2cccc(Cn3cnc4c(C#N)nc(-c5ccc(-c6cnc(C#N)nc6)cc5)cc43)c2)cn1,14.3
N#CC(C#N)=c1ccc(=C(C#N)c2nc(C#N)cc(C(C#N)c3cccc(-c4ccccc4C#N)c3)n2)cc1,20.99
Cc1cc(C#N)ccc1-c1cc(C#N)cc(-c2nc(-c3ccc(F)cc3)nc(-c3ccc(C#N)nc3)n2)c1C#N,16.82
N#Cc1ccc(C(=O)OC2C(O)C(O)C(O)C3(O)c4ccccc4N(Cc4ccc(-c5ccc(C#N)nc5)c(C#N)n4)C23)cc1,36.17
N#Cc1ccc(-c2cc(-c3cnc(-c4cnc(-c5ccc(C#N)nc5)c(C#N)c4)nc3C#N)ccc2C#N)cn1,14.11
N#Cc1ccc(-c2cc(C#N)nc(Nc3cccc(-c4cnc(C#N)cn4)c3)n2)cc1,18.56
N#Cc1cc(-c2cnc(C#N)nc2)nc(-c2ccc(-c3ccncc3)cc2)n1,16.85
Cc1ccc(-c2ccc(-n3cc(C#N)c4c(F)c(C#CC(C)(O)C#N)ccc43)cc2C#N)o1,41.74
N#Cc1ccc(-c2ccc(-c3cc(-c4ccc(-c5nc(Cl)nc(Cl)n5)cc4)nc(-c4ccc(C#N)c(F)c4F)n3)cc2)cc1,14.69
CN(c1nc(N=c2cc(C#N)cc[nH]2)c2cc(-c3ccc(C#N)nc3)c(-c3ccc(-c4ccc(C#N)cn4)cc3)cc2n1)S(C)(=O)=O,32.08
N#Cc1cncc(-c2cc(-c3ccc(C#N)nc3)nc3ccc(-c4ncncn4)cc23)c1,16.56
Cc1cc(C#N)cn1-c1[nH]c(=N)c(C#N)cc1C=C(C#N)c1nc(C(C#N)=Cc2ccc(-c3ccc(C#N)cc3)o2)nc(C(C#N)=c2ccc(=C(C#N)C#N)cc2)n1,22.62
N#Cc1ccc(-c2cc(C#N)nc(-c3ccc(-c4cnc(C#N)cn4)cc3F)c2)cn1,12.92
N#Cc1cccc(-c2ccc(NCC3=C(O)C(=O)C(=O)C(C=O)=C3O)cc2)c1,17.97
CN1Cc2ccc(Nc3cc(C#N)nc(Nc4ccc5c(c4)C(=O)c4ccc(N)cc4C5=O)n3)cc2C1,16.23
N#Cc1ncc(-c2ccc(-c3cc4c(ncn4Cc4ccc(-c5ccccc5C#N)cc4)c(C#N)n3)cc2)cn1,11.14
N#Cc1cccc(-c2cc(-c3ccc(-n4ccnc4)nc3)cc(-c3cccc(C#N)n3)c2)n1,17.24
Cc1cc(Cn2cnc3c(C#N)nc(-c4cccc(C#N)c4)cc32)ncn1,13.98
N#Cc1ccc(-c2cccc(-c3nc(-c4ccc(-c5ccncc5)cc4)cc(-c4ccc(C#N)nc4)n3)c2C#N)c(C#N)c1,14.39
CC1(C=O)C(=O)C=C2C=C(c3ccc(C#N)cc3)N(Cc3ccc(F)c(F)c3)C=C2C1=O,24.44
Cc1cc(C)n(-c2cc(-c3ccc(C#N)nc3)cc(-c3nc(C#N)c[nH]c3=N)n2)n1,19.03
N#CC=Cc1nc(Cc2ccc(C#N)cc2-c2ccc(C#N)cc2)c(C#N)c(-c2ccc(C#N)cc2)c1C#N,20.37
N#CC(=O)c1nc(-c2ccc(C#N)nc2)nc(-c2ccc(-c3ccc(C#N)cn3)cc2)c1C#N,19.65
N#Cc1cccc(-c2ccc(Nc3cc(-c4cncc(C#N)n4)ccc3C#N)cc2)n1,14.23
N#CC=Cc1nc(C(=O)NS(=O)(=O)c2ccc(C#N)cc2)c(C#N)c(-c2ccc(-c3ccc(C#N)cc3)cc2)n1,25.97
N#Cc1ccc(-c2ccc(C(=O)Nc3cccc(-c4cc5c(ncn5CCN5CCOCC5)c(C#N)n4)c3)cc2)cn1,20.19
N#Cc1ccc(-c2cc(C#N)ccc2C(=O)Nc2ccc(C#N)c(C#N)c2)nc1,14.06
N#Cc1ccc(-c2nnc(-c3ccc(C#N)nc3)nc2-c2ccc(-c3ccc(C#N)cn3)cc2)cc1,12.3
N#Cc1ccc(-c2ccc(-c3cc(-c4ccc(C#N)cc4)nc(=N)[nH]3)cc2)cc1,11.58
N#Cc1ccc(-n2nc(C#N)nc2COc2ccc(C#N)c(C#N)c2)cc1,24.55
N#Cc1ccc(-c2nc(Sc3ccc(N)cn3)ncc2C#N)cc1,20.11
N#Cc1ncc(-c2nccc(-c3cc(C#N)c(F)cc3-c3ccccc3)n2)cn1,21.9
N#Cc1ccc(C(=C2C(=O)C(=C(CSc3ccc(F)c(F)c3)C(=O)O)C(=O)C(C=O)=C2O)c2ccc(C#N)cc2)cc1,26.11
N#Cc1cccc(-c2cc(-c3cccc(C#N)n3)cc(-c3ncnc(C#N)n3)c2)n1,14.53
N#Cc1cc(C(=O)Nc2ccc(-c3cccc(C#N)n3)cc2)cc(-c2ccncn2)c1,23.06
CN(C#N)c1nc(C#N)nc(-c2ccc(-c3cnc(C#N)nc3)c(F)c2)c1C#N,18.27
N#Cc1ccc(-c2ccc(C(O)C3Cc4cc(C#N)ccc4C3=O)cc2)nc1,26.71
N#Cc1ccc(NCc2nc3ccccc3c(=O)n2-c2ccc(F)c(-c3ncncn3)c2)cc1,22.97
N#Cc1ccc(-c2nc(-c3ccncc3)nc(C#N)c2N)cn1,18.1
Cc1cc(-c2nc(-c3ccc(C#N)nc3)nc(-c3cnc(-c4ccc(C#N)nc4)c(C#N)c3)n2)cc(C)n1,13.16
N#Cc1ccc(-c2cc(-c3ccccc3C#N)nc(-c3ccc(-c4ccc(C#N)nc4)nc3)n2)cc1,12.06
N#Cc1cccc(-c2cc(C#Cc3ccc(C#N)c(C#N)n3)ccc2C#N)n1,17.3
N#Cc1ccc(-c2ccc(-c3ccc(-c4cnc(-c5cccc(C#N)n5)c(C#N)n4)nc3)c(-c3ccncn3)n2)nc1,17.24
N=c1[nH]cnc2c1ncn2C1OC(CO)C(O)C1O,14.98
C=CC(O)C#CC#CC#CC(O)c1ccccn1,20.48
N#Cc1cccc(-c2cccc(-c3nc(-c4ccc(C#N)nn4)nc(-c4ccc(C#N)c5ccccc45)n3)c2C#N)c1,26.81
N#Cc1ccc(-c2ncc(-c3ccc(Nc4cc(C#N)cc(-c5nccc(C#N)n5)c4)cc3)cc2C#N)cc1,17.29
N#Cc1ccc(C#Cc2cccc3nc(-c4ccc(C#N)cc4)c(-c4ccc(C#N)cc4)nc23)cc1,20.69
N#Cc1ccc(NS(=O)(=O)c2ccc(N3C(c4ccc(C#N)c(F)c4)=NCC4=C3c3ccccc3C(=O)C4=O)cc2)cc1,42.66
Cc1nc(Cn2cnc3c(C#N)nc(-c4ccc(-c5cncc(C#N)n5)cc4)cc32)cs1,16.88
Cc1cnc(-c2ccc(-c3cnc(C#N)c(-c4ccccc4C#N)c3)cc2)cn1,23.5
N#Cc1ccc(-c2oc(-c3ccc(-c4ccc(-c5ccncc5)cc4)cn3)nc2C#N)cc1,13.15
N#Cc1ccc(-c2cc(C#N)c(-c3ccc(C#N)nc3)nc2-c2cccc(C#N)n2)cc1,13.94
N#Cc1cncc(-c2cc(-c3ccc(C#N)nc3)nc(-c3ccc(C#N)c4ccccc34)n2)c1,15.49
N#Cc1ccc(C#Cc2ccc(-c3nc(C#N)cnc3C#N)c(-c3cncc(C#N)n3)c2)cn1,17.33
N#Cc1ccc(-c2nc(-c3cccc(C#N)c3)nc(-c3nc(-c4cccc5ccccc45)cc(-c4ccc(C#N)cc4)c3C#N)n2)cc1,23.61
Cc1cc(C#N)c(Cl)cc1-c1cc(C#N)cc(-c2nc(-c3ccc(OCC(C)O)c(C#N)c3)nc(-c3ncc(C#N)cn3)n2)c1C#N,22.1
N#Cc1cc2nc(C#N)c(C#N)nc2cc1Nc1ccc(-n2ccnc2CNCCN)cc1,36.61
N#Cc1ccc(-c2cc(-c3ccc(C#N)cc3)nc(Nc3cc(Cl)c(Br)s3)n2)cc1,10.03
N#Cc1ccc(C#Cc2cnc(-c3cncc(C#N)c3)nc2)cc1,14.36
N#Cc1ccc(-c2cc(-c3ccc(C#N)cn3)c(C#N)c(-c3nc(-c4ccc(C#N)nc4)nc(-c4ccccc4C#N)n3)c2)nc1,15.06
N#Cc1ccc(-c2c(-c3cccc(-c4ccc(-c5ccc(C#N)cn5)cn4)c3)[nH]c(C#N)c2C#N)cc1,16.21
Cc1cccc(COc2nc(-c3ccncn3)cc(-c3ccc(-c4cccc(C#N)n4)cn3)n2)n1,22.95
Cc1nc(C#N)nc(-c2ccc(-c3cc(-c4ccc(C#N)cc4)nc(-c4ccc(C#N)nc4)n3)cc2)c1C#N,18.86
N#Cc1cccc(-c2cc(C#N)ccc2C#Cc2ncc(F)cc2-c2ccc(N)c(C#N)n2)c1,24.77
N#CC(=Cc1ccc(-c2cccc(C#N)c2)cc1)c1nc(C(C#N)=c2ccc(=C(C#N)c3ccc(C#N)cc3)nc2N)nc(-c2ccc(C#N)nc2)n1,20.04
N#Cc1ncc(-c2ccc(-c3cc(-c4ccnnc4)c4cc(-c5ncncn5)ccc4n3)cn2)cn1,21.64
COc1ccc(C=CC2=NC(C)=C(C#N)C(c3ccc(O)cc3)C2C(=O)c2ccc(C#N)cc2)cc1,21.14
N#Cc1ccc(-c2cc(-c3ccc(-c4cccc(C#N)n4)cn3)cnc2-c2cnc(-c3ccc(C#N)cn3)cn2)cc1,19.07
N#Cc1ccc(-c2nc(-c3ccc(C#N)c(-c4ccc(C#N)nc4)c3)ccc2C#N)cc1,17.37
N#Cc1ccc(-c2cc(C#N)cc(-c3nc(C#N)nc(-c4ccc(C#N)c(-c5ccc(C#N)nc5)c4)n3)c2C#N)cc1,17.85
Cc1ccc(-c2nc(C3CC3)nc(-c3nccc(-c4ccc(C#N)cn4)n3)c2C#N)c(C)c1,18.91
N#Cc1ccc(-c2ccc(-c3ncc(-c4ccc(C#N)cn4)cn3)cc2C#N)cc1,10.58
N#Cc1ccc(C(Cc2ccc(-c3cnc(C#N)nc3)cc2)(c2ccc(-c3ccc(C#N)cc3F)nc2)c2ccc(C#N)cn2)cc1,23.47
N#Cc1ccc(-c2cc(-c3ccc(-n4c(-c5ccc(C#N)cc5F)nc(-c5ccc(C#N)cc5)c4-c4ccc(C#N)cc4)cc3)nc(-c3ccc(C#N)cc3)n2)cc1,19.07
Cc1nc(Cn2cnc3c(C#N)nc(-c4cc(C#N)cc(-c5cnc(C#N)nc5)c4)cc32)ccc1C#N,17.4
N#Cc1ccc(-c2cc(-c3ccncc3)nc(-n3c(Cc4ccc(F)cc4)nc4c(-c5ncncn5)cccc43)n2)cc1,27.91
N#Cc1ccc(-c2nn3c(Nc4ccc(-c5ccc(C#N)cn5)cc4)ccnc3c2-c2ccc(C#N)cc2)cc1,25.74
N#Cc1ccc(-c2cc(-c3ccc4c(cnn4-c4cc(C#N)cc(C#N)c4)c3)nc(C(N)=O)n2)cc1,26.24
NC1=C(C=O)C(=O)C(C=O)=C(O)C1=CNc1ccc(Oc2ccc(N=Cc3ccccc3O)cc2)cc1,21.38
CN(Cc1cc(C#N)cc(Cl)c1Cl)c1cc(-c2ncc(C#N)cn2)nc(-c2ccc(C#N)cc2C#N)n1,31.23
COc1cc(-c2nc(C3CC3)nc(-c3cccc(-c4cc(-c5ccc(C#N)nc5)ncn4)n3)c2C#N)c(C)cc1C#N,17.12
N#Cc1cc(-c2nc(N3CCOCC3)c3c(-c4ncncn4)ccnc3n2)ccc1Cl,16.74
C=Cc1ncccc1-c1ccc(-c2cnc(-c3ccc(C#N)nc3)c(C#N)n2)cc1,19.17
N#Cc1ccc(-c2ccc(Cn3cncc3CCCc3ccc(-c4cccc(C#N)n4)cc3)cc2)cc1,19.53
N#Cc1ccc(-c2ccc3c(C#N)nc(-c4ccc(-c5cnc(C#N)nc5)nc4)n3n2)cn1,13.74
COCc1c(C#N)c(=Nc2ccc(Oc3ccc(C#N)cc3)cc2)nc(-c2ccc(Cl)c(C#N)c2)n1C,30.34
Cn1c(C#N)ccc1-c1cc(C#N)cc(-c2ncc(-c3cnc(-c4ccc(C#N)cc4)c(C#N)n3)s2)c1,18.67
N#Cc1ccc(-c2ccc(-c3cc(-c4ccc(-c5cccc(C#N)c5)cc4)nc(-c4ccc(C#N)c(F)c4F)n3)cn2)nc1,11.61
N#Cc1ccc(-c2ccc(C=CCn3cnc4c(C#N)nc(-c5ccc(-c6ccc(-n7ccnc7)cc6)cc5)cc43)cc2)cc1,18.88
N#Cc1ccc(C#Cc2ccc3c(c2)c(-c2cccc(C#N)n2)nn3-c2ccc(C#N)c(N)c2)nc1,16.25
N#Cc1ccc(C2=C(Cc3ccc(-c4ccc(C#N)nc4)cc3)C(O)=C(C=O)C(=O)C2=O)cc1,13.97
N#Cc1cc(-c2ccc(-c3cc(N)[nH]c(=Nc4ccc(F)c(C#N)c4)n3)cc2)ccn1,23.97
N#CC(=Cc1ccc(-c2ccc(C#N)cn2)cc1)c1nc(C(C#N)=c2ccc(=C(C#N)C#N)cc2)nc(C(F)(F)F)n1,16.07
COc1cc(-c2nc(C#N)ccc2-c2nc(C#N)c[nH]2)nc(-c2ccc(C#N)nc2)c1C#N,24.93
COC1CN(c2nc(-c3ccnc(-c4ccc(C#CC#N)nc4)n3)c(C#N)c(-c3ccc(C#N)cc3C)n2)CC1C#N,24.75
N#Cc1ccc(-c2ccc(-c3ccc(-c4nccc(C#N)n4)cc3)cc2C#N)cn1,15.25
N#Cc1ccc(-c2cc(C(c3ccc(C#N)cc3)c3ccc(C#N)cc3)cc(-c3cccc4ccccc34)n2)cc1,15.92
N#Cc1cccc(-c2ccc(-c3cc4c(ncn4Cc4cnc(C#N)c(C#N)n4)c(C#N)n3)cn2)n1,14.47
CCNc1c(C#N)nc(-c2ccc(-c3cc(-c4cccc(C#N)c4)cc(-c4cccc(C#N)n4)c3)nc2)n1Cc1ccc(C#N)cc1,20.92
N#Cc1ccc(C#Cc2nc(C#N)ncc2-c2ccc(C#N)cc2)cc1,13.24
N#Cc1ccc(-c2ccc(-c3cnc(-c4ccc(C#N)nc4)cn3)nc2)nc1,11.81
Cn1c(-c2ccc(-c3ccc(C#N)cc3)cc2)nc(-c2ccc(C#N)cc2)c1-c1ccc(-c2ccc(C#N)cn2)nc1,14.26
N#Cc1ccc(-c2nc3ccc(Nc4ccc(-c5ccccc5C#N)cc4)cc3cc2C#N)cn1,22.92
Cc1cc(C)[nH]c(=Nc2nc(C#N)cc(-c3ccc(C#N)cc3C#N)n2)c1,23.97
N#Cc1ccc(-c2ccc(-c3nc(C#N)nc(-c4ccc(C#N)nc4)c3C#Cc3ccc(-c4ccc(C#N)cn4)cc3)cc2)cc1,14.0
N#Cc1ccc(-c2ccc(N=Cc3c(O)c(C=O)c(O)c(C=O)c3O)nc2)cc1,11.44
N#Cc1ccc(-n2cc(-c3cn4ncnc4c(C#N)n3)cn2)cc1,18.36
N#Cc1ccc(-c2ccc(C#N)c(CN3C(=O)c4cc(C#N)ccc4C34C(=O)Nc3cccc(F)c34)c2)nc1,36.38
N#Cc1ccc(-c2cc(N)c3c(=O)c(C#N)cn(Cc4ccc(-c5ccccc5)cc4)c3n2)cc1,25.1
COc1ccc(C#N)cc1-c1nc(-c2ccc(C#N)nc2)cc(-c2nc3cccnc3n2-c2ccccn2)n1,23.5
N#CC(=Cc1ccnc(C#N)c1)c1nc(C#N)nc(C(C#N)=c2ccc(=C(C#N)C#N)cc2)n1,11.33
N#Cc1ccc(Nc2cc(-c3ccc(-c4ccc(C#N)cc4)c(C#N)n3)nc(Nc3ccc(Br)s3)n2)cc1,13.48
N#Cc1cccc(-c2ccc(-c3nc(-c4ccc(C#N)nc4)c4ccc(C(F)(F)F)cc4n3)cc2)c1,15.94
N#Cc1ccc(-c2ccc(-c3c(C#N)cnn3-c3ccc(-c4cccc(C#N)n4)cc3)cc2)cc1,11.94
N#Cc1ccc(C#N)c(-c2nnc(C#N)c(-c3ccc(-c4ccc(C#N)nc4)nc3)n2)c1,14.51
N#Cc1ccc(-c2ccc(C#Cc3nc(-c4cccc(C#N)n4)c(C#N)nc3-c3nnc(C#N)c(C#N)n3)cc2F)cc1,24.26
N#Cc1ccc(-c2cc(-c3ccc(-n4ccc(-c5ccc(C#N)cn5)cc4=O)c(C#N)c3)nc(-c3ccc(C#N)c(F)c3F)n2)cc1,21.6
N#Cc1ccc(-c2ccc(-c3cc4c(ncn4CC4CC(=O)C(C=O)C4)c(C#N)n3)cc2)cc1,18.32
N#Cc1ccc(-c2ccc(-c3nnc(-c4ccc(C#N)cc4)nc3-c3ccncc3)cn2)cc1,11.45
N#Cc1ccc(-c2ccc(C#Cc3cccnc3)c(C#Cc3ccc(-c4cccc(C#N)n4)cc3)n2)cn1,19.93
N#Cc1ccc(-c2cnc(-c3cnc(-c4cccc(C#N)n4)c(C#N)n3)nc2)cn1,13.38
N#Cc1ccc(C=Cc2cc(-c3ccc(C#N)nc3)cc(-c3nccc(C#N)n3)c2)nc1,19.86
N#Cc1ccc(-c2ccc(CN(CC(=O)C(F)(F)F)c3ccc(-c4cccc(C#N)n4)cc3)cc2)nc1,23.18
N#Cc1ccc(-c2ncc(-c3ccc(-c4cccc(-c5nccc(C#N)n5)c4)cc3)nc2C#N)cc1,13.63
N#Cc1ccc(-c2cnc(-c3ccc(-c4cncc(C#N)n4)cc3)cn2)nc1,15.09
N#Cc1ccc(-c2ncc(-c3nc(-c4ccc(F)c(C#N)c4)nc(-c4ccc(C#N)c5ccccc45)n3)cc2C#N)cc1,16.13
N#Cc1ccc(-c2ncc(-c3cccc(CNc4ccc(N)c(N)c4)c3)cc2C#N)cc1,16.4
N#Cc1cc(-c2cccc(C#N)n2)cc(-c2ccc(-c3cccc(C#N)n3)cc2C#N)c1,13.27
C#Cc1ccc(NC(=O)Nc2cccc(-c3cc4c(ncn4Cc4cnc(N(C)C)nc4)c(C#N)n3)c2)cc1,26.24
N#Cc1cncc(-c2ccc(-c3cncnc3C#N)cc2C#N)c1,16.13
Cc1nc(-c2c[nH]c(=NN=Cc3c(C)nn(-c4ccc(C#N)cc4)c3C)nc2-c2ccc(C#N)cc2)cc(-c2ccc(C#N)cc2)c1C#N,27.43
C#Cc1ccc2c(C#N)c(C#N)c(N=Cc3c(O)c(C=O)c(O)c(C=O)c3O)c(C#N)c2c1,25.77
N#Cc1ccc(-c2nc(-c3cc(-c4ccc(C#N)nc4)cc(-c4cccc(C#N)n4)c3)ccc2C#N)cc1,12.04
CN1CCN(c2nc(-c3ccc(C#N)nc3)c(C#N)nc2-c2ccc(-c3ccc(C#N)cc3)cc2)CC1,14.8
N#Cc1ccc(-c2ncnc(CNc3cccc(-n4cc(C#N)c5c(-c6ccc(-c7ccc(C#N)cn7)cc6)cccc54)c3)n2)cc1,30.92
N#Cc1cccc(C#Cc2ccc(-c3nc(C#N)ccc3C#N)c(C#N)c2)n1,14.07
N#Cc1ccc(-c2cc(-c3nc(C#N)nc(-c4ccc(C#N)c5ccccc45)n3)c3ccccc3c2C#N)c(C#N)c1,20.33
N#Cc1ccc(-c2ncc(-c3ccc4nc(-n5cncn5)c(C#N)cc4c3)cc2C#N)cn1,19.27
N#Cc1ccc(-c2ccc(-c3nc(C#N)c(C#N)nc3F)cc2C#N)cn1,14.45
N#Cc1cnc(-c2ccc(-c3nc(C#N)c(-c4ccc(F)c(C#N)c4F)nc3C#N)cc2C#N)nc1,14.47
Cn1nnc(-c2ccc(-c3cc(-c4ccc(C#N)nc4)cc(-c4cccc(C#N)n4)c3)cc2)n1,19.24
COCCOCn1cnc2c(C#N)nc(-c3ccc(C#N)nc3)cc21,12.67
N#Cc1ccc(-c2cc(-c3cnc(C#N)nc3)c(C#N)cn2)cn1,14.7
N#CC(C#N)=c1ccc(=C(C#N)c2nc(-c3ccc(C#N)nc3)cc(C(O)O)n2)cc1,12.89
N#Cc1ccc(-c2ccc(-c3ccc(-c4cc(-c5cccc(C#N)c5)nc(C#N)n4)cc3)nc2C#N)cc1,14.52
N#Cc1ccc(-c2cn(-c3ccc(-c4ccnc(C#N)c4)c(C#N)c3)c3ccc(-c4ncncn4)cc23)cn1,28.53
N#Cc1ccc(-c2ccc(-c3nc(-c4ccc(C#N)cc4)nnc3-c3ccc(C#N)nc3)cc2)cc1,12.02
N#CC=Cc1cc(-c2ccc(C#N)cc2)cc(C(=O)Nc2ccc(-c3cc(C#N)cc(-c4cccc(C#N)n4)c3)cc2C#N)n1,18.96
N#Cc1cnc(-c2ccc(-c3c(C#N)nc4cc(-c5nccc(C#N)n5)ccn34)cc2C#N)cn1,12.86
CSCC1=C(C=O)C(=O)C(=O)C(C=O)=C1O,20.34
N#Cc1ccc(-c2ccc(-c3nc(C#N)cn3-c3cc(C#N)cc(-c4cc5c(ncn5CCO)c(C#N)n4)c3)cc2)nc1,25.26
N#Cc1ccc(-c2ncc(-c3ccc(-c4ccc(-c5ccc(C#N)nc5)nc4)cc3)nc2C#N)cc1,12.44
Cc1cc(C(=O)Nc2ccc(-c3cnc(C#N)nc3)cc2F)n(-c2ccc(C#N)cc2)n1,28.62
N#Cc1ccc(-c2cc(C(=O)O)nc(-c3cccc(-c4cccc(C#N)c4)n3)c2C#N)cc1,14.07
N#CCn1cnc2c(C#N)nc(-c3ccc(-c4cccc(C#N)n4)c4ccccc34)nc21,15.23
N#Cc1ccc(C#Cc2ccc(-c3cc(CO)cc(-c4cccc(C#N)n4)c3)nc2)cc1,15.56
Cc1nnc(Cn2c3ccccc3c3ccccc32)n1CNc1c(C)n(C)n(-c2ccccc2)c1=O,35.72
N#Cc1ccc(-c2cc3c(ncn3Cc3ccc(C#N)nc3)c(C#N)n2)cc1,11.38
N#Cc1ccc(-c2ncc(-c3ccc(F)c(-c4cnccn4)c3)nc2C#N)cn1,12.17
CCc1nc(-c2cccc(-c3cncc(C#N)c3)n2)c(C#N)c(-c2ccc(C)cc2C)n1,14.18
N#CC(C#N)=c1ccc(=C(C#N)c2nccc(C(O)(c3ccc(C#N)cc3)c3ccc(C#N)cc3)n2)cc1,11.62
N#Cc1ccc(C(=O)c2ccc(N)cc2-c2ccc(-c3ccc(C#N)cn3)nc2)cc1,17.85
N#Cc1ccc(-c2nc(-c3ccc(C#N)cc3)c(-c3ccc(-c4ccc(N)c(C#N)n4)cc3)[nH]2)cc1,17.95
N#Cc1ccc(-c2cc(-c3ccc(-c4ccncc4)cc3)nc(-c3cccc(-c4ccc(C#N)cc4C(=O)O)c3C#N)n2)nc1,16.55
N#Cc1ccc(-c2cc3c(ncn3Cc3ccc(-c4ncc(C#N)cc4-c4cccc(C#N)n4)cc3C(=O)N3CC3c3cccnc3)c(C#N)n2)cc1,35.49
N#Cc1ccc(-c2nc(C#N)nc(C#N)n2)cn1,12.17
N#Cc1cncc(-c2cc3c(ncn3CCc3cnc(C#N)c(C#N)n3)c(C#N)n2)c1,16.48
N#Cc1ccc(-c2cc(-c3ccc(C#N)nc3)cnc2-c2ccc(-c3cccc(C#N)c3)cc2)nc1,15.55
N#Cc1cccc(-c2ccc(-c3cc(C#N)c(OCc4ccc(F)c(F)c4)cn3)nc2C#N)n1,17.38
N#Cc1cccc(-c2cc(C#N)ccc2C#Cc2ccc3cccc(-c4ncncn4)c3n2)c1,20.85
N#Cc1ccc(-c2nc(C#N)c(C#N)nc2-n2ccc(-c3ccc(C#N)nc3)n2)cc1,17.22
CN1CCC(Oc2ncc(-c3cc(C#N)c(NC(=O)c4cnn5cc(C#N)cnc45)s3)cc2C#N)CC1,30.64
N#Cc1ccc(-c2cnc3nc(-c4ccc(-c5cccc(C#N)c5)cc4)sc3n2)cc1,15.52
N#Cc1ccc(-c2cc(-c3nc(C#N)c(C#N)nc3C=Cc3ccc(-c4ccc(C#N)nc4)cc3)ccc2C#N)cc1,17.81
N#Cc1ccc(-c2nc(-c3cc(-c4ncncc4C#N)cnc3N)ccc2C#N)cn1,23.64
N#CC(=C1CCN(Cc2cccc3ccccc23)CC1)c1ccnc(C(C#N)=c2ccc(=C(C#N)C#N)cc2)n1,22.68
N#Cc1cccc(-c2nc(-c3ccc(C#N)c(C#N)c3)nc(-c3ccc(Oc4ccc(Cl)c(Cl)c4)c(C#N)c3)n2)n1,19.32
N#Cc1ccc(-c2csc(C(Nc3ccc(C#N)c(C(F)(F)F)c3)c3ccc(-c4ccnc(=N)nc4)cn3)n2)cc1,17.66
N#Cc1ccc(-c2cc(-c3ccc(C#N)cn3)c(C#N)c(-c3nc(C#N)nc(-c4ccc(F)c(C#N)c4)n3)c2)nc1,14.43
N#Cc1ccc(-c2ccc(-c3ccc(-c4ccccc4)cc3)nc2C#N)cc1,14.86
N#Cc1cc(C#N)c(-c2nc(C#N)c(-c3cnc(C#N)nc3)cc2N)cn1,19.99
N#Cc1ccc(CN2CC(=O)Nc3ncc(-c4ccc(-c5ccc(C#N)cc5)nc4)nc32)cc1,21.47
C=CCn1c(=Cc2cc(C#N)c(-c3ccc(C(=O)O)cc3)cc2OC)c(C(=O)OCC)nc(=CNc2ccccc2CC)c1=O,42.96
N#Cc1ncc(-c2cccc(-c3ccc4c(-c5ncncn5)ccnc4c3)n2)cn1,16.65
C[n+]1nc(-c2ccc(C#N)cc2)cc(-c2ccc(C#N)cc2)c1C#N,14.87
N#Cc1ccc(-c2ccc(-c3nc(-c4cc(C#N)ccc4C#N)nc(-c4nc(-c5ccc(C#N)cn5)cc(-c5ccc(C#N)cc5)c4C#N)n3)cc2)cc1,16.41
N#Cc1ccc(-c2cc(-c3ccc(-c4ccc(-c5ccc(C#N)cc5C#N)c(C#N)n4)cc3F)ccc2C#N)nc1,20.1
N#Cc1ccc(C#Cc2ccc(C#N)nc2-c2ccc(-c3ccnnc3)c(C#N)c2)cn1,18.97
N#Cc1ccc(-c2cc(-c3ccc(-n4cncn4)cc3)ccc2-c2cccc(C#N)n2)cc1,20.46
N#CC(C#N)=c1ccc(=C(C#N)c2n[nH]c(C(C#N)(C#N)c3ccc(C#N)cn3)n2)cc1,14.64
Cc1nc(-c2ccc(-c3ccc(C#N)cc3)cc2)c(-c2ccc(C#N)cc2)nc1-c1ccc(C#N)nc1,11.47
N#Cc1ccc(-n2ccc3cc(-c4cnc(C#N)c(C#N)n4)ccc32)nc1C#N,14.01
N#Cc1cc(-c2ccncc2)cc(-c2ccc(-n3cnc(-c4ccc(N)cc4)c3)cc2F)c1,23.72
N#Cc1cccc(-c2nc(-c3cccc(C#N)n3)nc(-n3ccc(-c4cnc(C#N)nc4)c3)n2)n1,17.42
CC(C)Oc1ccc(-c2ccnc(-c3noc(-c4ccc(C#N)cc4C(C)C)c3C#N)n2)cc1C#N,18.96
CC1(C)CC(C)(C)c2c1sc(NC(=O)c1cc(C#N)nn1-c1ccc(-c3ccc(C#N)cc3)cc1F)c2C#N,29.46
N#Cc1ccc(F)c(-c2nc(-c3ccc(-c4ccc(-c5nc(C#N)nc(N)c5C#N)cc4)cc3)cn2-c2ccc(F)c(C#N)n2)c1,30.11
Cc1ccc(-c2nc(C#N)c(-c3ccc(C#N)nc3)nc2C#N)c(C#N)c1,13.95
N#CC(=Cc1ccc(C#N)cc1)c1ccccc1,12.11
N#Cc1ccc(-c2cc(C(O)(C#Cc3ccc(-c4cnc(C#N)nc4)cn3)c3ccc(C#N)nc3)ccc2C#N)nc1,19.17
N#Cc1ccc(-c2cc(C#N)nc(-c3nc(-c4cnc(C#N)cn4)cc(-c4ccc(Cl)cc4C#N)n3)c2C#N)cc1,21.0
N#Cc1ccc(-c2ccc(-c3ncc(C#N)cc3-c3ncc(C#N)cn3)nc2)nc1,14.35
N#CC(=N)c1nc(C(C#N)=c2ccc(=C(C#N)C#N)cc2)nn1-c1ccc(C#N)cc1,13.98
N#Cc1ccc(-c2ccc(-c3nc(C#N)c(C#N)nc3-c3ccc(C#N)nc3)cc2)nc1,11.3
N#Cc1ccc(-c2nc(N3CCN(C4COC4)CC3)c3cc(-c4cnc(C#N)nc4)ccc3n2)cc1,19.48
N#Cc1ccc(-c2ccc(C#CC(c3ccc(C#N)cc3)(c3ccc(C#N)nc3)c3ccc(C#N)cn3)cc2)cc1,14.02
N#Cc1ccc(-c2cc(-c3ccc(C#N)nc3)nc(-c3ccnc(-c4ccc(C#N)nc4)c3)c2)cc1,13.62
N#Cc1ccccc1-c1cc(-c2ccc(-n3c4ccccc4c4ccccc43)cc2)nc(-c2ccc(C#N)c(F)c2F)n1,9.93
N#Cc1cncc(-c2cc(-c3ccc(-c4ccc(C#N)nc4)nc3)nc(-c3ccc(C#N)nc3)n2)c1,13.31
N#Cc1ccc(-c2ncc(-c3ccc(C#N)c(C#N)n3)cc2-c2ccc(C#N)nc2)nc1,20.97
C[n+]1ccc(-c2ccc(-c3cc(-c4ccccc4)cc(-c4ccc(C#N)cc4)c3)cn2)cc1,25.11
N#Cc1ccc(-c2ccc(C#Cc3nc(C#N)c(-c4ccc(-c5ccc(C#N)cc5)cc4)nc3-c3ccc(C#N)nc3)cc2)cc1,18.35
N#Cc1ccc(-c2cc(-c3ccc(-c4cccc(C#N)c4)cc3)nc(-c3cccc(C#N)n3)c2)cc1,11.48
N#CC(C#N)=c1ccc(=C(C#N)c2nc(-c3ccc(-c4ccc(C#N)cc4)cc3)cc(C(O)O)n2)cc1,12.02
N#Cc1ccc(-c2cc(-c3ccc(C#N)nc3)nc(Sc3ccc(-c4ccncc4)cc3)n2)nc1,22.92
COc1nc(C#N)c(C#N)nc1-c1nc(C(C#N)=c2ccc(=C(C#N)C#N)cc2)nc2ncccc12,24.81
N#Cc1ccc(-c2cc(-c3ccc(-c4nc(C#N)nc(C#N)n4)cc3)cc(-c3ccc(C#N)nc3)n2)cc1,18.13
N#Cc1cccc(-c2ccc(-c3cc(-c4nnc(C#N)c(-c5ccc(C#N)nc5)n4)ccn3)cn2)c1,20.35
N#Cc1ccc(-c2ccc(-c3nc(C#N)c(-c4ccnc(C#N)n4)nc3C#N)nc2)cc1,16.02
N#Cc1ccc(-c2ccc(-c3ccc(-c4cnc(C#N)nc4)cc3)nc2C#N)cc1,11.15
N#Cc1ccc(-c2nc(C#N)c(-c3cccc(N)c3)nc2C#N)c(C#N)c1,18.24
N#Cc1ccc(C(O)(c2ccc(C#N)c(-c3ncc(C#N)cn3)c2)c2ccc(C#N)c(C#N)n2)cc1,16.46
Cc1ccc(-n2c(=N)c(-c3cncc(-c4ccc(C#N)cc4)n3)nc3cc(C#N)ccc32)c(C)c1,22.82
N#CC(C#N)=c1ccc(=C(C#N)c2nc(Nc3ccc(C#N)c(C(F)(F)F)c3)nc(OCc3cccc(C#N)c3)n2)cc1,16.62
N#Cc1ccc(-c2ccc(C#N)c(-c3ccc(C#N)nc3)c2)nc1,13.03
Cc1cc(-c2cccc(-n3cc(-c4ccc(C#N)nc4)cn3)c2F)cc(-n2cccn2)n1,29.64
Cn1cc(-c2ccc(-c3cc4c(ncn4CCNC#N)c(C#N)n3)cc2)cn1,15.78
N#Cc1ccc(-c2ccc(-c3cc4c(ncn4Cc4cc(C#N)ccn4)c(C#N)n3)cc2)nc1,14.71
N#Cc1ccc(-c2ncc(-c3ccc(-c4ccncc4)cc3)nc2C#N)cc1,11.43
N#Cc1ccc(-c2ccc(-c3nc(C#N)c(C#N)nc3Cl)cn2)c(C#N)c1,17.44
N#Cc1ccc(-c2ccc(-c3nc(-c4cccc(-c5ccc(C#N)cn5)c4C#N)no3)cc2)cc1,19.16
N#Cc1ccc(Oc2ccc(-c3ccc(-c4cnc(C#N)c(C#N)n4)nc3)cc2)cc1,19.37
CS(=O)(=O)Oc1c(-c2ccccc2C#N)nc(C#N)c2cc(-c3ccc(C#N)cc3)c(-c3ccc(C#N)nc3)nc12,35.51
N#Cc1ccc(Nc2oc(-c3ccc(C=Nc4cc(C#N)ccc4Oc4ccc(C#N)nc4C(C#Cc4ccc(F)cc4)c4ccc(-c5ccsc5)nc4)cc3)nc2C#N)cc1,35.49
N#Cc1ccc(-c2cc(-c3ccc(C#N)nc3)nc(-c3ccc(Oc4ccc(-c5nc(C#N)cs5)cc4-c4ncc(Cl)cn4)c(C#N)c3)c2)cc1,29.11
N#Cc1ccc(C(c2cccc(C#N)c2)c2cc(-c3ccc(=NCc4cccc(C#N)c4O)[nH]c3)ncc2C#N)cc1,40.57
N#Cc1ccc(C=C2C(=O)C(C=O)=C(O)C(C=O)=C2Oc2ccc3c(ccc4ccccc43)c2)cc1,16.39
N#Cc1cccc(COc2ccc(-c3cccc(C#N)n3)cc2C#N)c1,17.79
N#Cc1cc(-c2cncc(C#N)n2)cc(-c2cc3c(ncn3Cc3ccc(C#N)nc3)c(C#N)n2)c1,11.05
COc1ccc(C#N)cc1-c1cc(C#N)nn1-c1ccc(-c2ccc(C#N)cc2)cc1,18.4
N#Cc1ccc2c(-c3cc(C#N)nc(-c4ccc(-c5ccncn5)c(C#N)c4)c3)ccnc2c1,23.61
N#Cc1ccc(C#Cc2ccc(-c3ncc(C#N)nc3-c3ccc(-c4ccc(C#N)cn4)cc3)cn2)cc1,12.13
N#Cc1ccc2[nH]c(-c3ccc(-c4cccc(-c5nc6ccccc6[nH]5)c4)cc3)nc2c1,19.74
N#CC(C#N)=C1C(=Cc2ccc(-c3cccc(C#N)c3)cc2)C(=O)C(c2ccc(C#N)cc2)C(C=O)=C1O,10.68
N#Cc1cccc(-c2ccc(-c3ccc(-c4ccc(-n5c(=O)ccc6cc(-c7cnc(C#N)nc7)ccc65)cc4)cc3)nc2C#N)n1,22.46
N#Cc1ccc(-c2ccc(-c3cc(-c4cncc(C#N)c4)cc(-c4cccc(C#N)n4)c3)nc2)nc1,12.29
N#Cc1cccc(-c2ccc(-c3ccc(-c4cccc(C#N)n4)cc3C#N)nc2)n1,13.39
N#Cc1ccc(-c2cc(-c3ccc(C#N)c(C#N)c3)nc(C=Cc3ccc(Br)cc3)n2)cc1,23.8
N#Cc1ccc(-c2ccc(=Nc3ccc(-c4cccc(C#N)n4)cn3)[nH]c2)cc1,11.3
N#Cc1ccc(C=Cc2nc3cc(-c4ccc(-c5ccccc5)nc4)ccc3n2-c2ccc(-c3ccc(C#N)cc3)cc2)cc1,15.93
Cc1nccc(-c2ccc(Nc3c(C#N)c(-c4ccc(C#N)cc4)c(C#N)c(=O)n3N=Cc3ccc(C#N)cc3)cc2)n1,22.52
CCc1nc(-c2cc(-c3ccc(C#N)nc3)nc(-c3ccc(Br)s3)n2)c(C#N)c(-c2cc(Cl)c(C#N)cc2C)n1,16.67
N#Cc1ccc(-c2nc(-c3ccc(NC(C=O)C(O)=NO)cc3)nc(-c3ccc(C#N)nc3)n2)cc1,22.01
Cc1cccc(CO)c1-c1cc(C#N)cc(-c2nc(-c3ccc(C#N)nc3)nc(-c3ccc(F)c(C#N)c3)n2)c1C#N,18.33
N#Cc1ccc(-c2nnc(-c3ccc(C#N)c(-c4ccc(C#N)nc4)c3)cc2C#N)c(Cl)c1,16.94
N#Cc1ccc(-c2nc(-c3ccc(-c4cc5c(ncn5Cc5ccc6nc(C#N)ccc6c5)c(C#N)n4)cc3)cc(-c3ccc(C#N)nc3)n2)cc1,19.97
N#CC(=Cc1ccc(-c2ccc(C#N)cc2)o1)c1nc(C(C#N)=c2ccc(=C(C#N)C#N)cc2)nc(C(C#N)=c2ccc(=C(C#N)C#N)cc2)n1,9.22
N#CC=Cc1ccc(Oc2c(N)c(Br)cc(Br)c2NC=O)c(Br)c1,28.4
N#Cc1ccc(-c2ccc(C(=O)c3cc(C#N)cc(-c4cccc(C#N)c4)c3)o2)cc1,18.69
CN(C)c1ccc(-c2cc(-c3cc(C#N)cn3C)nc(-c3ccc(C#N)nc3)n2)cn1,17.7
N#Cc1cnc(-c2ccc(-c3cnc(-c4ccc(C#N)nc4)cc3-c3cccc(C#N)n3)cc2)nc1,9.97
Cc1nccn1-c1ccc(-c2ccc(-c3ncc(-c4ccc(C#N)cc4)c(C#N)n3)cc2)c(-c2ccncc2)c1,20.91
N#Cc1cc(-c2ccc(C#N)nc2)cc(-c2cc3c(ncn3Cc3nncc(C#N)n3)c(C#N)n2)c1,17.63
COc1cc(C)nc(-c2ccc(COc3ccc(C#N)cc3-c3ccc(-c4nccc(C#N)n4)cc3)cc2)n1,23.2
N#Cc1ccc(-c2nc(N3CCCC(C#N)C3)ncc2-c2ncncn2)cc1,22.78
N#Cc1ccc(-c2cc3nc(-c4cccc(C#N)c4)nc(C#N)c3c(C#N)n2)nc1,14.98
N#Cc1ccc(-c2ccnc(-n3c(CCc4ccc(-c5cccc(C#N)n5)cc4)cc(=O)c4cc(-c5cncc(C#N)n5)ccc43)n2)cc1,33.04
CCc1nc(CN2C(=O)CC(c3cncn3C)Cc3cc(-c4ccc(C#N)nc4)ccc32)c[nH]1,33.3
N#Cc1ccc(-c2ccc(-c3ccc(-n4c(N)c(C#N)c5c4-c4ccc(C#Cc6ccc(-c7cccc(C#N)n7)cc6)cc4CC5)nc3)cc2C#N)cc1,28.56
N#Cc1ccc(-c2ccc(-c3cc(-c4ccccc4C#N)cnc3-c3ccc(-c4cccc(C#N)c4)cc3)cc2)nc1,11.85
N#Cc1ccc(N=c2nc(-c3nc(C#N)c(C#N)nc3-c3ccc(C#N)cc3)cc[nH]2)cc1,12.83
N#Cc1c[nH]c(-c2ccc(-c3ccc(-c4nc(C#N)ccc4-c4ncnc(C#N)n4)c(F)c3)cc2)n1,25.22
N#Cc1cc(-c2cnc(C#N)nc2)cc(-c2cc(C#N)nc(-c3cnc(C#N)nc3)c2)n1,13.46
N#CC(C#N)=c1ccc(=C(C#N)c2nc(C#N)c3cc(Cl)c(C#N)cc3n2)cc1,19.89
N#Cc1cc(-c2cccnc2)cc(-c2cnc(C#Cc3cccc(N)c3)cn2)c1,28.17
N#Cc1ccc(-c2cc(-c3ccc(C#N)nc3)nc(SCc3ccc(-c4cccc(C#N)c4)cc3)n2)cc1,18.39
N#Cc1cccc(N=Cc2ccc(C=O)cc2)c1,16.41
N#Cc1cc(-c2ccc(-c3ncncn3)cc2)cc(-c2nc(C#N)c3c(-c4cccc(C#N)c4)nc(C#N)cc3n2)c1,25.42
N#CC(=Cc1cn(-c2ccccc2)nc1-c1ccc(C#N)cc1)c1nc(C(C#N)=c2ccc(=C(C#N)C#N)cc2)no1,12.25
N#CCn1ccnc1C1CN(c2cnc(C#N)c(-c3ccc(-c4ncc(C#N)cn4)c(C#N)c3)n2)CCO1,34.12
N#Cc1ccc(-c2nc(-c3ccc(-c4ccc(C#N)cn4)c(C#N)c3)nc(-c3cccnc3C#N)n2)cc1,15.76
N#Cc1cncc(-c2cc(C#N)cc(-c3cccc(C#N)n3)c2)c1,12.66
N#Cc1ccc(C#Cc2ccc(NC(=O)c3cc(-c4cccc(C#N)n4)nc(-c4cccc(C#N)c4)n3)cc2)nc1,24.86
N#Cc1ccc(-c2ncc(C#N)nc2-c2nncc(C#N)n2)cn1,12.71
Cc1cc(C#N)c(Cl)nc1-c1nc(N2CC(O)C2)nc(-c2ccnc(-c3ccc(C#Cc4ccc(C#N)cn4)nc3)n2)c1C#N,19.5
Cc1nc(C)c(C#Cc2ccc(-c3cc(C#N)c(C#N)cc3-c3cccc(C#N)n3)cc2)c(C)n1,21.18
N#Cc1cc(-c2ccc(-c3nc(-c4cnc(OC5CCC(C(=O)O)CC5)c(C#N)c4)nnc3C#N)cn2)ccc1F,16.7
N#Cc1cncc(-c2ccc(C#Cc3ccc(C#N)c(C#N)n3)nc2)n1,14.69
N#Cc1ccc(NC(=O)c2ncc(-c3ccc(C#N)nc3)c(-c3ccc(C#N)cc3)n2)cc1,15.19
C=Cc1cc(-c2nc(C#N)c(-c3ccc(C#N)nc3)n2C#N)ccc1-c1ccc(-c2ccc(-c3ccc(C#N)cc3)c(C#N)n2)cc1,27.57
N#Cc1ccc(-c2cccc(-c3nc(N4CCOCC4)nc(-c4cnc(C#N)cc4CO)c3C#N)n2)cn1,23.98
N#Cc1ccc(-c2ccc(C#Cc3ccc(C#Cc4ccc(-c5ccc(C#N)cc5)cn4)cc3)cc2)cc1,11.17
N#Cc1cccc(-c2ccc(Oc3ncc(-c4cncnc4)cc3C#N)cc2)n1,20.36
N#Cc1cncc(-c2cc(-c3ccnc(C#N)c3)cc(-c3ccc(C#N)nc3)n2)c1,17.68
N#Cc1ccc(-c2ccc(-c3cc4c(ncn4Cc4ccncc4)c(C#N)n3)cc2)cc1,12.86
Cc1nc2ccccc2c(=O)n1-c1ccc(C(=O)Nc2ccc(-c3cccc(C#N)n3)cn2)cc1,18.98
N#Cc1ccc(-c2csc(-c3nc(-c4ccc(C#N)cc4)n4ccc(-c5ncncn5)cc34)n2)cc1,20.66
N#Cc1ccc(Nc2cc(-c3cccc(C#N)n3)cc(-c3ncncn3)c2)cc1,12.34
N#Cc1ccc(C(c2cccnc2)N2CCN(c3cc(-c4cncc(C#N)n4)ncn3)CC2)cc1,17.77
N#Cc1ccc(-c2ccc(-c3nc(-c4ccc(C#N)nc4)cc(-c4ccc5ccccc5c4)n3)cc2C#N)cc1,17.52
Cn1c(C#N)ccc1-c1cc(C#N)cc(-c2cc(C#N)c(-c3ccc(C#N)cc3)cn2)c1,14.18
N#Cc1ccc(-c2cn(CCN3CCOCC3)c(=O)c(C#N)c2-c2ccc(-c3ccc(C#N)cn3)nc2)cc1,22.27
CC(=O)N1CCC(c2cc(-c3ccc(-c4ccc(C#N)nc4)c(C#N)c3)nc(C#N)n2)CC1,13.83
Cn1c(C#Cc2ccc(-c3ccc(C#N)cc3)nc2)nc2c(O)c(-c3ccc(-c4ccc(C#N)cn4)cc3)nc(C#N)c21,17.4
N#Cc1ccc(-c2cncc(N=c3[nH]ccs3)n2)cc1,18.38
N#Cc1ccc(C#Cc2cc(C#N)ccc2F)nc1,13.99
N#Cc1ccc(-n2ncc3c(Nc4ccc(-c5ccc(-c6ccc(C#N)cn6)nc5)cc4)ccnc32)cc1,19.44
N#Cc1ccc(-c2ccc(-c3cc4c(cc3C#N)ncn4-c3cc(C#N)cc(-c4ncncn4)c3)cn2)nc1,23.66
Cc1nc(C#N)cnc1-c1cc(C(c2ccc(C#N)cc2)(c2ccc(C#N)cc2)c2ccc(C#N)cn2)ccc1C#N,19.67
N#Cc1ccc(-c2nc(-c3ccc(C#N)nc3)nc(-c3ccc(C#N)nc3)c2C#N)cc1,15.82
N#Cc1ccc(-c2ccc(CC(=O)Nc3ccc(-c4cccc(C#N)n4)cn3)cc2)cn1,15.86
N#Cc1ccc(-c2ccc(-c3cc(-c4ccc(C#N)cc4C#N)cc(C#N)n3)cn2)nc1,9.79
N#Cc1ccc(-c2ccc(-c3ccc(C#N)c(C#N)n3)cc2C#N)cc1,15.81
CC(C=Cc1ccc(C#N)cc1)=Nc1ccc(-c2nc(-c3ccc(C#N)cc3)nc(-c3ccc(C#N)nc3)n2)cc1,17.73
N#CC(=Cc1ccc(C#N)cn1)C(=O)Nc1cccc(C#N)c1,24.0
Cc1nc(=N)nc(-n2ccc3c(C#N)nc(-c4cccs4)cc32)[nH]1,19.37
N#Cc1ccc(-c2cc(-c3cccc(C#N)c3)cc(-c3ccc(C#N)nc3)n2)nc1,11.63
N#Cc1ccc(C#Cc2cc(-c3cccc(C#N)c3)c(-c3ccc(C#N)c(C#N)n3)cn2)cc1,17.35
N#Cc1ccc(-c2nc(-c3cnc(-c4cnc(C#N)nc4)c(F)c3)ccc2C#N)cc1,14.94
N#Cc1ccc(-c2ccc(-c3ncc(C#Cc4ccc(-c5cccc(C#N)n5)nn4)cn3)cc2C#N)cc1,12.57
N#Cc1cccc(C(=O)Nc2ccc(-c3cc(-c4ccc(C#N)nc4)cc(-c4cnc(C#N)nc4)c3)cc2)c1,19.01
N#Cc1ccc(-c2cc(=O)n(-c3cccc(-n4nc(-c5ccc(C#N)nc5)c5ccccc54)n3)cc2C#N)cn1,21.77
C#Cc1cc(-c2ccc(C#N)cc2)nc(-c2nc(C#N)c3ncccc3c2O)c1,28.75
N#Cc1ccc(C#Cc2ccc(C(c3ccc(C#N)cc3)C3CC(CN4CCCCC4)OC3O)cc2)cc1,35.99
N=C(N)NN=Cc1ccc(N)cc1,19.12
Cc1cc(N2CCC(c3nc(-c4ccc(F)c(C(F)(F)F)c4)cn3C)CC2)c(C#N)c(C)n1,24.17
N#Cc1ccc(-c2cc(-c3ccc(-c4cccc(C#N)n4)cc3)cc(-c3cnc(C#N)c(C#N)n3)c2)cn1,16.12
CC1(C)CC(=O)N=C(c2ccccc2-c2ccc(Cn3c(-c4ccc(-c5cnc(C#N)c(C#N)n5)cc4)csc3=Nc3ccc(C#N)cc3)cc2)C1,29.71
N#CC(C#N)=c1ccc(=C(C#N)c2nn(Cc3ccc(-c4ccccc4-c4nc(=O)o[nH]4)cc3)c(=O)s2)cc1,17.38
N#Cc1ccc(Nc2cc(-c3ccc(Oc4cccc(F)c4)c(C#N)c3)nc(-c3nc(C#N)c[nH]3)c2)cc1,32.31
CC(C)Oc1ncc(-c2nc(-c3ccc(C#N)nc3)nc(-c3cnc(C#N)c(C#N)n3)n2)cc1C#N,17.47
CCc1nc(-c2ccc(Nc3c(C#N)cnc4ccc(-c5ccncc5)cc34)cc2)no1,29.43
N#Cc1ccc(-c2ccc(C#N)cc2C#Cc2ncc(C#N)c(-c3ccc(C#N)nc3)n2)cc1,21.87
N#Cc1ccc(COc2ccc(-c3ncnc(-c4ccc(-c5ccc(C#N)nc5)c(C#N)c4)n3)cc2C#N)cc1,11.7
N#CC=Cc1nc(CC(=O)Cc2ccc(-c3ccccc3)cc2)c(-c2ccc(-c3cnc(-c4cccc(C#N)n4)cn3)cc2)c(-c2ccc(C#N)cn2)c1C#N,36.33
N#Cc1ccc2[nH]c(-c3ccc(-c4csc(-c5ccc(N)c(N)c5)n4)cn3)nc2c1,25.6
N#Cc1ccc(-c2cc(C#N)nc(-c3nc(-c4ccc(C#N)nc4)cc(-c4ccc5c(c4)NC(=O)CO5)n3)c2C#N)cc1,19.78
N#Cc1ccc(-c2nc(-c3ccc(C#N)nc3)nc(-c3cc(-c4ccncc4F)ccn3)n2)cc1,19.79
N#Cc1cccc(C#Cc2ccc(-c3cccc(C#N)n3)c(C#N)c2)n1,11.58
N#Cc1ccc(-c2nc(-c3ccc(C#N)cc3O)cnc2-c2ccc(-c3ccc(C#N)cn3)cc2)cc1,12.97
N#Cc1ccc(-c2nc(-c3ccc(C#N)nc3)nc(-c3ccccc3C#N)n2)cn1,13.8
Cc1ccccc1C(O)(C#Cc1ncc(-c2ccc(C#N)nc2)c(Cl)n1)c1nnc(-c2cccc(-c3ccc(C#N)cn3)c2)c(C#N)n1,39.25
N#Cc1cccc(-c2ccc(C#Cc3cnc(C#N)c(C#N)n3)cc2)n1,9.43
N#Cc1ccc(-c2cc(C#N)cc(-c3nc(-c4ccc(C#N)nc4)cc(-c4ccc(F)c(-c5ccncc5)c4)n3)c2C#N)cc1,20.73
Cc1cc(C)c(-c2cccc(-c3nc(-c4ccc(C#N)nc4)cc(-c4ncc(C#N)cn4)n3)c2C#N)nc1C#N,26.6
N#Cc1ccc(C(=O)NN=Cc2cc(C=O)c(O)c(C=O)c2O)cc1,16.92
N#Cc1ccc(-c2cc(C#N)nc(-c3nc(C#N)nc(-c4ccc(C#N)cn4)n3)c2C#N)cc1,15.02
N#Cc1ccc(-c2cnc(C#Cc3ccc(-c4nc(-c5ccc(C#N)cc5)nc(-c5ccc(C#N)c(F)c5F)n4)cc3F)c(C#N)c2)cc1,22.3
CCc1nc(=O)n(Cc2nccnc2C#N)c(=O)n1Cc1ccc(-c2ccc(C#N)cc2)cc1,25.7
Cc1cc(C#N)nc(-c2ccc(-c3cc(-c4cnc(C#N)cn4)cc(C#N)n3)cc2)n1,20.41
N#Cc1cccc(-c2ccc(-c3ccc(C#Cc4ncc5ccccn45)cc3)nc2C#N)n1,21.53
N#Cc1ccc(-c2ccc(-c3cc(C(N)=O)nc(N4CC(O)C(F)(F)C4)n3)c(F)c2F)cn1,27.0
N#Cc1ccc(-c2cc(-c3nc(C#N)ccc3-c3ccc(Cl)nc3)ccn2)cn1,14.96
N#Cc1ccc(-c2cc(-c3nc(-c4ccc(C#N)nc4)nc(-c4cccc(C#N)c4)n3)c(C#N)c(-c3ccc(C(F)(F)F)cc3C(F)(F)F)n2)cc1,16.53
Cn1c(C#N)ccc1-c1ccc(-c2ncnc(-c3cnc(OCCC4CCOCC4)c(C#N)c3)n2)cc1C#N,14.53
N#Cc1ccc(C#Cc2cccc(-c3ccnc(C#N)n3)n2)nc1,13.38
N#Cc1ccc(-c2nc(-c3ccnc(-c4ccc(C#N)cn4)c3)nc(-c3cccs3)n2)cc1,18.16
N#CC=Cc1cc(-c2ccncc2)cc(-c2csc(-c3cnc(C#N)s3)n2)n1,28.01
N#CNc1cc(-c2ccc(C#N)cc2)nc(Nc2ccc3c(c2)C(=O)c2ccc(N)cc2C3=O)n1,14.27
CNCCn1cc(-c2nccc(-c3nc(C4CC4)nc(-c4ccc(C)cc4C)c3C#N)n2)cn1,23.49
N#Cc1cncc(-c2ccc(-c3cc(=Nc4ccc(-c5cccc(C#N)n5)cn4)[nH]c(-c4cccnc4)n3)cn2)c1,18.87
N#Cc1ccc(Cn2cnc3c(C#N)nc(-c4ccc(-c5cncc(C#N)n5)nc4)cc32)cn1,15.88
N#Cc1cnc(-c2cccc(-c3nc(C#N)cc(-c4cc(F)c(C#N)c(F)c4F)n3)c2C#N)c(C(=O)O)c1,14.5
N#Cc1ccc(-c2cn(Cc3ccc(-n4ccc(C#N)c(-c5ccc(C#N)cc5)c4=O)cc3)c(CC3(C(=O)O)CCCC3)n2)cc1,26.16
Cc1cc(C#N)c(Cl)cc1-c1nn(C)c(-c2nc(-c3ccc(-c4ccc(C#N)cc4)c(C#N)c3)ns2)c1C#N,17.96
COC(=O)c1nc(C(=NN)c2nc(C#N)c(N)o2)nc(C(C#N)=c2ccc(=C(C#N)C#N)cc2)n1,18.22
N#Cc1ccc(-n2cc(C#N)c(-c3ccc(-c4ccccc4-c4ncc(C#N)cn4)nc3)n2)cc1,15.78
N#Cc1ccc(-c2c(-c3ccc(-c4ccc(C(F)(F)F)cn4)cc3)cc(=O)[nH]c2CN)cc1,26.88
N#Cc1ccc(-c2cc(-c3ccc(C#N)cc3)nc(-c3ccco3)n2)cc1,17.84
N#Cc1ccc(NN=Cc2cccc(-c3ccc(C#N)cn3)n2)cc1,17.46
N#Cc1ccc(-c2ccc(-c3cc4c(ncn4CC4CCNCC4)c(C#N)n3)cn2)cn1,12.54
N#CC(=Cc1ccc(-c2ccc(C#N)cc2)o1)c1nc(C(C#N)=c2ccc(=C(C#N)C#N)cc2)ns1,12.05
N#Cc1ccc(-c2nc(COc3cc(C#N)cc(C#N)c3)nc(C#N)c2-c2ccc(-c3cnc(C#N)nc3)cc2)cc1,17.17
N#Cc1ccc(-c2ccc(-c3ccc(-c4cc(-c5ccc(C#N)nc5)ccc4C#N)c(C#N)c3)nc2C#N)cc1,15.96
N#Cc1ccc(-c2ccc(-c3ncc(-c4ccc(C#N)c(-c5ccc(C#N)nc5)n4)nc3-c3ccc(C#N)nc3)cc2)nc1,13.83
N#Cc1ccc(-c2ccc(-c3cn(CC(=O)c4cc(C#N)ccc4C#N)nn3)cc2)cc1,24.44
N#Cc1ccc(-c2nc(-c3ccc(C#N)nc3)nc(-c3ccc(Cl)cc3Cl)n2)c(Cl)c1,13.35
N#Cc1cnc(-c2cncc(-c3ccc(-c4ccc(-c5cccc(C#N)n5)c(C#N)n4)nc3C3CCOCC3)c2)nc1,26.21
N#Cc1ccc(C(=O)c2c(O)c(O)n(-c3ccc(-c4ccc(C#N)cc4)cc3)c2-c2ccc(C#N)cc2)cc1,13.32
N#CC1(C#N)NN=C(C2CC=NC=N2)S1,27.33
COc1ccc2c(c1)C(=O)c1ccc(Nc3cc(=Nc4ccc(-c5cccc(C#N)n5)cn4)[nH]c(C#N)n3)cc1CC2,16.78
N#Cc1cc(F)ccc1-c1ccc2c(Cl)c(N=c3nc(-c4ccncn4)cc[nH]3)ccc2c1,26.16
N#Cc1ccc(-c2ncc(-c3ccc(N)c(C#Cc4ccc(-c5nc(C#N)ccc5C#N)cc4)c3)nc2C#N)cn1,21.57
C#Cc1cccc(N=c2[nH]cnc3cc(-c4cccc(CC(C)=NC(=O)c5ccc(N=c6cnc(N7CCc8ccccc8C7)nc(-c7ccc(C#N)cc7)c6)cc5)c4)ccc23)c1,49.78
N#Cc1ccc(-c2ccc(-c3nc(C#N)ccc3N3CCC(O)C(C#N)C3)cn2)nc1,17.7
Cc1c(-c2cc(-c3cccc(C#N)c3)nc(-c3ccc(C#N)nc3)n2)cnn1-c1nc(C#N)cc(-c2ccncn2)n1,27.23
N#Cc1cccc(-c2ccc(-c3ccc(C#N)c(C#N)n3)c3ccc(-c4cnc(C#N)nc4)cc23)n1,18.75
N#Cc1cc(-c2ccc(C#N)nc2)cc(-c2ncnc(-c3ccc(OC4CCC(C(=O)O)CC4)c(C#N)c3)n2)c1,13.04
Cn1nccc1-c1cc(N)c(C#N)c(C#N)c1-c1ccc(C#N)nc1,18.9
CC(=O)c1ccccc1-c1nc(-c2ccc(C#N)cn2)nc(-c2nc(-c3ccc(C#N)nc3)cc(-c3cccc(C#N)c3)n2)c1C#N,20.76
C=C(CN1CCN(c2ccc(C#N)cn2)C(C)C1)c1ccc(C#N)c(-c2ccc(-c3nc(C#N)cnc3C#N)cc2)n1,34.92
Cc1nccc(-c2ccc(Nc3nc(-c4ccc(C#N)cc4)c(-c4ccc(-n5nc(-c6ccc(C#N)cc6)cc5-c5ccc(C#N)cc5)cc4)nc3C#N)cc2)n1,28.01
N#CC1=C(C(=O)CCCc2ccccc2)C2(O)Oc3c(C=O)c(O)cc(O)c3C2C(C#N)C1=O,42.13
COc1cnc(-c2cccc(-c3ccc(-c4cnc(Nc5ccc(C#N)c(C#N)c5)c(C#N)n4)nc3C#N)c2)nc1,19.53
N#Cc1ccc(-c2cc(-c3cncc(C#N)n3)c(C#N)cn2)cn1,10.57
CC(C#N)=CC(c1ccc(C#N)cc1)c1cc(-c2ccc(C#N)cc2)c(C#N)cc1-c1ccc(C#N)cc1,24.84
N#Cc1ccc(-c2ncn(-c3ccc(-c4ccc(-c5cncc(C#N)n5)nc4)cc3)n2)cn1,15.79
CCc1nn(-c2ccc(C#Cc3ccc(-c4cc(-c5ccc(C#N)cc5)cc(-c5ccc(-c6ccc(C#N)cc6)cc5)c4)cc3)cc2)cc1C=O,20.71
COc1ccc(-c2ccc(-c3cc(=NCc4ccco4)[nH]c(-c4ccccn4)n3)cc2)cc1C#N,27.98
CC(=O)N1CCC(Oc2ncc(-c3nc(-c4ccc(C#N)cc4)nc(-c4ccc(C#N)c(-c5ccc(C#N)cc5C)n4)n3)cc2C#N)CC1,23.58
N#CN=Cc1ccc(-c2cnc(-c3ccc(-c4ccc(C#N)cc4)cc3)c(-c3ccc(C#N)cc3)n2)s1,24.62
N#Cc1ccc(-c2ccc(-c3nc(-c4ccc(-n5c6ccccc6c6ccccc65)cc4)nc(-c4cccc(C#N)n4)n3)c(-c3ccc(C#N)cc3)n2)cc1,21.38
N#Cc1ccc(-c2cc(-n3cc(-c4cnc(-c5cccc(C#N)n5)c(C#N)n4)cc3C#N)ncc2C#N)cn1,23.62
N#Cc1cccc(-c2cc(-c3nnc(C#N)o3)ncc2-c2ccc(-c3nc(C#N)cnc3C#N)cc2)n1,23.64
N#Cc1ccn(-c2ccc(Oc3ccc(-c4cccc(C#N)n4)cc3-c3cnc(C#N)cn3)c(F)c2)c1,21.61
COc1cc(-c2cnc(C#N)nc2)cc(-c2nc(C#N)c3nc(C#N)ccc3c2O)c1,20.23
C[n+]1ccn(COCCO)c1C=Cc1ccncc1,27.36
Cc1nc(-c2cccc(N=c3ncc(C#N)c(-c4ccc(C#N)nc4)[nH]3)c2)nc(C2CC3CCC(C2)N3)n1,32.74
N#Cc1ccc(-c2ccc(-c3nc(-c4cccc(C#N)n4)c(-c4ccc(-c5ccc(C#N)cn5)cn4)cc3C#N)cn2)cc1,14.55
c1ccc2cc(-n3c4ccccc4c4ccccc43)ccc2c1,16.56
N#Cc1ccc(-n2nnnc2SC(C(=O)NCc2ccc(F)c(F)c2)c2ccccc2)cc1C#N,35.25
N#Cc1ccc(OCc2nc(-c3ccc(-c4ccc(C#N)cc4)c(C#N)c3)c(C#N)nc2-c2ccc(F)cn2)cc1,15.44
N#Cc1cnc(-c2cc(-c3ccc(C#N)nc3)cc(-c3nc(C#Cc4cc(C#N)nc(-c5ncncn5)c4)cs3)c2)nc1,23.96
N#Cc1ccc(Nc2ccc3c(c2)C(=O)c2ccc(N)cc2C3=O)cc1N,11.39
N#Cc1ccc(CNCc2cccc(-c3nc(-c4ccc(C#N)nc4)nc(-c4ccc(C#N)c(F)c4F)n3)c2)nc1,24.09
N#Cc1ccc(-c2c(C#N)cc(C(=O)n3ccc4cc(C#N)ccc43)cc2-c2ccc(C#N)nc2)cc1,29.03
N#Cc1ccc(-c2ccc(N)c(C#Cc3ccc(-c4cccc(C#N)n4)cc3)c2)nc1,14.07
Cc1ccc(-c2nc(-c3ncc(C#N)c(-c4ccccc4C(F)(F)F)c3C#N)n(C)n2)cc1,24.26
N#Cc1ccc(-c2nc(C#N)ccc2C#Cc2cc(C#N)ccc2F)cc1,14.38
N#Cc1ccc(-c2ccc(-c3cnc(-c4ccc(C#N)c(F)c4)nc3-c3ccc(C#N)cc3)cc2)cc1,15.43
N#Cc1ccc(-c2ccc(-c3sc(=NC(=O)c4ccc(C#N)nc4)nc(C#N)c3-c3ccc(-c4cccc(C#N)c4)cc3)cc2)nc1,25.77
N#Cc1ccc(-c2nc3ncc(C#N)cc3nc2-c2ccc(-c3ccc(C#N)nc3)cc2)cc1,17.58
Cc1cc(C#N)c(Cl)cc1-c1nc(Nc2ccc(C#N)cc2)cc(-c2nc(-c3ccc(C#N)nc3)cc(-c3ccnc(C#N)c3)n2)c1C#N,16.14
N#Cc1ccc(C=Nc2nc(Nc3ccc(C#N)cc3)cc(Nc3ccc(-c4ccc(C#N)nc4)c(C#N)c3)n2)cc1,20.38
CN(C(=O)c1cc(C#N)nn1-c1ccc(-c2ccc(C#N)cc2)cc1)c1cc(-c2ccc(C#N)cc2)cc(-c2ccnc(C#N)c2)c1,26.75
N#CC(=Cc1ccc(-c2ccc(C#N)cc2)o1)c1nc(Cc2ccc(-c3ccc(C#N)cc3)cc2)nc(-c2ccc(C#N)cc2)n1,17.77
N#Cc1ccc(N=c2cc(C#N)[nH]c3cc(-c4cnc(N)c(C#N)n4)ccc23)cc1,30.63
N#CC(C#N)=c1ccc(=C(C#N)c2nc(-c3ccc(F)cc3)nc(C(O)(C#N)c3ccc(C#N)cc3)n2)cc1,14.86
CC(C)COc1ccc(-c2nc(-c3ccc(C#N)nc3)nc(-c3cnc(N(C)C)nc3)n2)cc1C#N,15.71
N#Cc1ccc(-c2c(C=NNC(=O)c3ccncc3)cc(C#N)nc2-c2ccc(-c3nc(Cl)nc(Cl)n3)nc2)cc1,26.23
N#Cc1ccc(-c2cc(C#N)c(C#N)c(-c3ccc(-c4cccc(C#N)n4)c(C#N)n3)n2)cn1,13.65
N#Cc1ccc(C=Nc2nc(N=Cc3ccc(C#N)cc3)nc(Nc3ccc4c(c3)OCCO4)n2)cc1,12.97
N#Cc1ccc(-c2cc(-c3ccncc3)cc(-c3cnc(C#N)nc3)n2)cn1,14.2
N#Cc1ccc(-c2cc(-c3ccc(C#N)nc3)nc(C#N)n2)nc1,11.23
N#Cc1ccc(C(c2ccc(C#N)c(-c3cc(C#N)ccc3C#N)c2)n2ccnc2)nc1,17.48
N#Cc1ccc(C#Cc2ccc(-c3nc(C#N)ccc3-c3ccc(-c4ccc(C#N)cn4)cc3)cc2)cc1,11.7
Cc1ccc(C)c(NC(=O)Nc2ccc(-c3cc(-c4ccc(C#N)cn4)c[nH]c3=N)cc2)c1,27.19
N#Cc1nc(-c2ccncc2)cc(-c2nc(C#N)c(C#N)c(C#N)n2)c2ncnc1-2,19.47
N#Cc1ccc(-c2cc(-c3ccccn3)[nH]c(=NCCc3ccc(F)cc3)n2)cc1,19.85
N#Cc1ccc(-c2cc(-c3ccccc3C#N)nc(-c3ccc(C#N)nc3)n2)cn1,16.53
CN(C)C=Nc1nc(N=CN2CCN(C=O)CC2)nc(N=CN2CCN(C=O)CC2)n1,11.04
N#Cc1cc(-c2cc[nH]c(=Nc3ccc(C#N)c(C#N)c3)n2)ncn1,16.51
COc1ccc(-c2nc(C(C#N)=c3ccc(=C(C#N)C#N)cc3)nc(-c3ccc(C#N)nc3)n2)c(F)c1F,18.91
N#Cc1ccc(-c2cc(-c3ccc(C#N)cc3)c(C#N)c(-c3nccc(-c4cccc(NC=O)c4)n3)n2)cc1,17.58
Cn1c(C#N)ccc1-c1cc(C#N)nc(-c2ccc(-c3ncc(C#N)cn3)cc2)c1,11.65
N#Cc1cccc(-c2cnc(-c3cc(C#N)c(F)cc3-c3cccc(C#N)n3)cn2)n1,25.62
N#Cc1cc(-c2ccnc(C#N)c2)c2ncc(Nc3ccc(-c4ccc(-n5cnc6cc(C#N)ccc65)nc4)c(C#N)c3)cc2c1,37.82
Cc1nc(-c2cccc(-c3ccc(-c4cc(F)c(O)c(C#N)c4)cc3)n2)c(C#N)c(-c2ccc(C#N)cc2C(C)C)n1,31.19
COc1ccc2nc(-c3ccc(-c4cccc(C#N)c4)cc3)c(-c3ccc(-c4cc(F)c(O)c(C#N)c4)cc3)nc2c1,26.81
N#Cc1ccc(-c2ccc(-n3c(=O)ccc4cc(-c5cccc(-c6ccc(-c7cncc(C#N)n7)cc6)c5)ccc43)cc2)cc1,16.2
N#Cc1cccc(-c2cc(-c3cccc(C#N)n3)cc(-c3ncccc3C#N)c2)n1,14.11
Cc1nc(C#N)c(C#N)nc1-c1ccc(-c2ccc(C#N)nc2-c2ccc(F)cn2)cn1,21.61
N#CC=Cc1cccc(-c2ccc(C#N)nn2)n1,11.95
N#Cc1ccc(-c2ccc(-c3cccc(C#N)n3)c(C#N)n2)nc1,11.05
N#Cc1ccc(C=Cc2ccnc(-c3cc(-c4ccc(C#N)cn4)c(C#N)cc3-c3cncc(C#N)n3)c2)cc1,27.1
N#Cc1ccc(-c2cc(-c3ccc(C#N)nc3)nc(-c3nc4cccn4c4ccccc34)n2)cc1,21.59
N#Cc1ccc(S(=O)(=O)Nc2c(F)cnc(Nc3ccc(C#N)c(C#N)c3)c2F)cc1,13.5
Cn1c(=O)c(C#N)cc2ccc(-c3ccc(C#Cc4cccc(C#N)n4)c(F)c3)cc21,21.14
N#Cc1ccc(-c2nc(C3CC3)nc(-c3nc(-c4ccc(C#N)nc4)cc(-c4cc(Cl)ccc4C#N)n3)c2C#N)cc1,21.92
N#Cc1cccc(-c2cc(C#N)nc(-c3cccnc3)c2)n1,15.48
COc1cc2c(cc1C(N)=O)C(=O)c1ccc(Nc3ccc(-c4cccc(C#N)c4)cn3)cc1CC2,27.61
Cn1ccnc1CN1CCC(C)(Oc2ccccc2C#N)C1,24.03
Cc1ccccc1-c1cc(-c2nc(-c3ccc(C#N)cc3)nc(-c3cccc(-c4ncccc4C#N)c3F)n2)ccc1C#N,21.3
N#Cc1ccc(-c2cc(C#N)c(-c3ccc(C#N)nc3)nc2-c2ccc(C#N)nc2)cc1,11.62
N#Cc1cccc(-n2nc(C#N)c(N)c2C#N)c1,17.1
N#Cc1ccc(-c2nc(-c3ccc(-c4ccoc4)cc3)nc(-c3cccc(-c4ccc(C#N)cn4)c3C#N)n2)cc1,18.9
N#Cc1ccc(-c2ccc(C#N)c(C#N)n2)c(-c2ccnc(C#N)n2)n1,14.34
Cc1cc(-c2ccc(-c3ccc(C#N)cc3)c(C#N)n2)c(C)n1-c1ccnc(-c2cc(C#N)ccc2C=O)c1,25.36
N#Cc1ccc(-c2ccc(-c3nnc(-c4ccc5c(c4)OCO5)s3)cc2)cc1,23.87
N#Cc1ccc(-c2ccc(CN3C(=O)c4cc(C#N)ccc4Sc4ccc(C#N)cc43)cn2)cc1,18.61
Cn1cc(-c2cc(-c3ccc(C#N)nc3)nc(-c3ccc(C#N)cc3)n2)cc1-c1ccc(C#N)cc1,25.09
Cc1nc(-c2ccc(C#N)o2)c(C#N)nc1-c1ncc(-c2ccc(C#N)cc2C#N)c(C#N)n1,17.44
N#CC1=C(O)N(c2ccc(-c3ccc(C#N)cc3)cc2)C(=O)C1=CC=Cc1ccc(C#N)cc1,15.41
C=CCOc1ccc(-c2cc(-c3ccc(O)c(C#N)c3)cc(S(=O)(=O)C(C#N)=Cc3ccc(-c4ccc(-c5ccc(C#N)cc5)c(C#N)c4C#N)cc3)c2)cc1,35.68
N#Cc1ccc(Cn2cnc3c(C#N)nc(-c4ccc(-c5ccnc(C#N)n5)cc4)cc32)cn1,9.59
N#Cc1ccc(-c2nc(-c3ccc(C#N)nc3)nc(-c3ccc(-c4cccc(C#N)c4)nc3)n2)cc1,16.29
Cn1cncc1C(O)(C#Cc1ccc(-c2cccc(C#N)n2)cc1)c1ccc(C#N)cc1,17.36
N#Cc1ccc(C=Nc2nc(N=Cc3ccc(-c4cc(OCc5ccc(C#N)cn5)c(C#N)cn4)cc3)nc(-c3ccc(C#N)nc3)n2)cc1,20.61
CC(=O)NCCCOc1cc(C#N)cc2c1CC(C)C(N(c1ccc(-c3cccc(C#N)n3)cc1)c1ccc(C#N)cn1)C2,46.12
N#Cc1ccc(-c2cc(-c3ccc(C#N)cc3)nc(-c3ccc(C=Nc4ccc(-c5cccc(C#N)n5)cc4F)cc3)c2)cc1,13.14
N#Cc1ccc(OCc2cc(-c3ncncn3)cc(-c3cccc(C#N)n3)n2)c(-c2cccc(C#N)n2)c1,23.54
CC(C)n1nc(-c2cnc(C#N)nc2)nc1-c1ccc(-c2ccc(C#N)cc2)c(C#N)c1,10.28
N#Cc1ccc(-c2cc[n+](-c3nc(-[n+]4ccc(-c5ccc(C#N)cc5)cc4)nc(-[n+]4ccc(C#N)c(C#N)c4)n3)cc2)cc1,13.11
N#Cc1ccc(-c2nc(-c3ccc(F)c(-c4cnc(F)nc4)c3)nc(-c3cccc(-c4ccc(C#N)cc4C#N)c3C#N)n2)nc1,24.43
N#Cc1ccc(-c2ccc(-c3ncc(-c4nccc(C#N)n4)nc3-c3ccc(C#N)nc3)cc2)cc1,14.94
CCc1ncc(C#Cc2cc(-c3cccc(C#N)n3)cc(-c3cccc(C#N)n3)c2)cn1,17.92
N#Cc1ccc(-c2ccc(-n3c(-c4ccncc4)nc4ccc(Cl)cc43)cc2)cc1,18.15
N#Cc1ccc(-c2nc(-c3ccnc(C#N)c3)nc(-c3cnc(N4CCOCC4)c(C#N)c3)n2)cc1,22.07
N#Cc1ccc(-c2ncnc(-c3ccc(N=Cc4cccnc4)nc3)n2)cn1,18.27
N#Cc1ccc(-c2cccc(-c3cc(-c4ccc(C#N)cc4)nc(-c4ccc(-c5ccc(C#N)cn5)cc4)c3)c2)cc1,20.34
N#Cc1ccc(-c2cc(-c3ccc(C#N)cc3O)nc(-c3ccc(C#N)c(F)c3F)n2)cc1,16.02
N#Cc1ccc(C#Cc2cc(-c3cncc(C#N)n3)ccc2O)nc1,16.62
CCn1cc(-c2ccc(-c3cc4c(ncn4Cc4cccc(-c5ncc(C#N)cn5)c4)c(C#N)n3)cc2)cn1,17.23
N#Cc1ccc(-c2ccc(-c3nc(C#N)c4ncn(Cc5ccc(-c6ccccc6)cc5)c4c3Nc3ccc(F)c(C#N)c3)cn2)nc1,21.98
CC(C)(C)C(=O)COc1ccc(-c2nc(-c3ccc(C#N)cc3)nc(-c3cccc(C#N)n3)n2)cc1C#N,14.58
N#Cc1ccc(-c2ncc(C#N)c(-c3ccc(C#C[n+]4ccc(C=NO)cc4)cc3)n2)cn1,24.87
N#Cc1ccc(-c2cc(-c3ccc(-c4cnc(C#N)nc4)nc3C#N)nc(-c3ccc(C#N)c(C#N)c3)n2)cn1,16.14
N#Cc1ccc(-c2cc(-c3cccc4ccccc34)nc(-c3ccc(C#N)c(F)c3F)n2)c(C(F)(F)F)c1,19.1
N#Cc1ccc(Cn2cc(C#N)c(N=Cc3ccc(C=O)cc3)n2)cc1,25.41
N#Cc1ccc(C(=O)c2cc3cc(C#N)cnc3n2-c2ccc(-c3ccc(C#N)cc3)cc2)cc1,14.43
Cn1ccnc1-c1cc2c(cn1)-c1c(c(C#N)nn1-c1ccc(-c3ccc(C#N)cc3)cc1)CC2,18.62
N#Cc1ccc(-c2cc(-c3ccc(-c4ccc(C#N)cn4)nc3)c(-c3ccc(-c4ccc(C#N)cn4)nc3)cc2C#N)cc1,17.92
N#Cc1cccc(-c2cnc(-c3cccc(C#N)n3)c(-c3cnc(C#N)nc3)n2)n1,13.89
N#Cc1ccc2c(c1)CCc1ccc(Nc3ccc(C=Cc4ccc(-c5ccc(-c6cncc(C#N)n6)cc5)cc4)nc3C#N)cc1S2,27.16
Cn1c(C#N)ccc1-c1cc(C#N)nc(-c2ccc(C#N)cn2)c1,12.95
N#Cc1ccc(-c2ccc(-c3ncc(-c4ccncc4)cc3-c3ccncc3)cc2)nc1,10.95
Cn1c(-c2ccc(C#N)cc2)nc(-c2ccc(-c3cccc(C#N)n3)cc2)c1-c1ccc(C#N)cc1,15.39
Cc1cc(C#N)c(Cl)cc1-c1nc(N2CCOC(c3ccc(F)cc3)C2)nc(-c2nc(C#N)cc(-c3cccc(C#N)c3)n2)c1C#N,15.87
N#Cc1ccc(-c2cc(-c3ccc(-c4ccc(-c5cccc(C#N)n5)[nH]4)cc3)cc(-c3ccc(C#N)o3)n2)cc1,22.22
N#Cc1ccc(-c2ccc(Cn3cnc4c(C#N)nc(-c5ccc(C#N)nc5)cc43)cn2)cc1,9.98
N#Cc1ccc(-c2ccc(-c3nc4ccccc4nc3-c3ccc(-c4cccc(C#N)c4)cc3)cc2)nc1,12.28
N#Cc1ccc(C=Nc2ccc(C=CC(=O)c3ccc4cc(C#N)ccc4c3)cc2)cc1,27.23
Cn1nc(-c2ccc(-c3ccc(C#N)nc3)nc2)nc1-c1nc(C#N)cc(-c2ccc(C#N)cc2)c1C#N,10.93
N#Cc1ccc(-c2cc(-c3ncc(C#N)c(-c4ccc(C#N)cc4)n3)nc(-c3ccc(-c4cccc(C#N)c4)c(C#N)c3)n2)cc1,19.26
COc1cc(F)cc(-c2cc(-c3ccc4c(c3)OCO4)nc(-c3ccc(C#N)nc3)n2)c1,21.19
N#Cc1ccc(-c2ccc(C#Cc3nc(C#N)c(C#N)nc3C#Cc3ccc(C#N)cn3)cc2)cc1,16.72
N#Cc1ncc(-c2nc(Cl)c(-c3ncncn3)cc2C#N)cn1,21.99
Cc1ncnc(-c2ccc(-c3ccc(C#N)nc3)c(C#N)c2)c1C#N,15.0
N#Cc1cnc(-c2cc(N3CCN(C=O)CC3)ncn2)c2cc(-c3ncncn3)ccc12,21.16
N#Cc1ccc(-c2ccc(-c3nc(C#N)c(C#N)nc3-c3ccc(C#N)s3)cn2)nc1,13.84
N#Cc1ccc(Nc2cc(C(C#N)c3cnc(NC4CCC4)c(C#N)n3)nc(=N)[nH]2)cc1,28.87
N#Cc1ccc(-c2cccc(-c3nc(-c4ccc(-c5ncccn5)cc4)cc(-c4cccc(C#N)n4)n3)c2C#N)c(C(F)(F)F)c1,16.11
N#Cc1ccc(-c2cc(C#N)c(-c3cnc(C#N)nc3)c3ccc(-c4ncncn4)cc23)cc1,20.6
N#Cc1cnc(-c2cc(-c3ccc(C#N)c(C#N)n3)[nH]c(=NC(=O)c3cc(C#N)ccc3F)n2)nc1,28.12
N#Cc1ccc(-c2cnc(-c3ccc(-c4cccc(C#N)n4)cn3)cn2)cn1,8.47
N#Cc1ccc(-c2cc(C#N)cc(-c3nc(-c4ccc(C#N)nc4)cc(-c4cc(-c5ccc(C#N)nc5)cc(-c5cnc(C#N)nc5)n4)n3)c2C#N)cc1,17.25
N#Cc1ccc(-c2nc(-c3cc(C#N)c(-c4ccc(C#N)cc4)nn3)cs2)cc1,16.92
N#Cc1cncc(-c2ccc(-c3ncc(C#N)nc3-c3ccncn3)cc2)c1,15.75
N#Cc1ccc(-c2nc(-c3ccc(C#N)cc3)nc(-c3cnc(Oc4ccc(-c5cc[n+]([O-])c(C#N)n5)cc4)c(C#N)c3)n2)cc1,26.84
N#Cc1cccc(-c2ccc(-c3ccc(-c4cccc(C#N)n4)nn3)cc2)c1,10.18
N#Cc1ccc(-c2ccc(-c3cc(C#N)cnc3-c3ccc(-c4cccc(C#N)c4)cc3)cn2)nc1,10.88
COc1ccc(-c2ccc(-c3ccc(C#N)cc3)nc2C#N)cc1C#N,15.28
COc1cc(OC)c(C(C#N)C#N)cc1-c1ccc(C#N)n1C,29.46
N#Cc1cc(-c2cncc(C3CCN(c4ncc(-c5cnc(-c6ccccc6)c(C#N)c5)nc4C#N)CC3)n2)ccc1F,18.95
N#Cc1ccc(-c2cc(-c3nc(C#N)ccc3N3CCC(O)CC3)cc(F)c2C#N)nc1,17.59
N#Cc1nc(-c2ccc(CN3CCC(O)C3)cc2)cc2c1c(=O)c1cnc(F)cc1n2C1CC1,31.13
N#Cc1ccc(-c2ccc(-c3[nH]c(=Nc4ccc(-c5cccc(C#N)n5)cn4)nc(-c4ccc(C#N)cc4)c3C#N)cc2)cc1,10.82
COCc1nc(C#N)ccc1-c1nc(C#Cc2ccc(-c3ccc(C#N)cn3)cc2)c(-c2ccccn2)c(-c2ccc(-c3ccc(C#N)cn3)cc2)n1,25.03
CC(C=O)=CC=C1C(=O)C(C=O)=C(O)C(C=O)=C1O,11.39
N#Cc1cc(-c2ccc(C#N)nc2)cc(-n2ccc3cc(C#N)ccc32)c1,14.3
C#CCN(c1cc(OC)cc(-c2ccc(-c3ccc(OC4CCCC4)c(C#N)c3)c(C#N)n2)c1)c1ccc2ccc(C#N)nc2c1,29.51
N#Cc1ccc(-c2cc(-c3ccc(-c4cccc(C#N)n4)cc3)nc(-c3nc(-c4ccc(C#N)nc4)cc(-c4ccc(C#N)cc4)c3C#N)n2)cc1,15.52
Cn1cc(-c2ccc(-c3cc4c(ncn4Cc4cnc(C#N)nc4)c(C#N)n3)cc2)cn1,13.31
Cc1cc(-c2ccc(C#N)cn2)c2cc(-c3ncncn3)c(-c3ccnc(C#N)c3)cc2c1-c1ccc(C#N)cn1,31.19
N#Cc1ccc(-c2ccc(C#N)cc2-c2cnc(-c3cccc(C#N)n3)c(C#N)n2)nc1,11.67
N#Cc1ccc(-c2cc(N)c(-c3ccc(-c4cccc(C#N)n4)cc3)nc2C#N)cc1,11.02
N#Cc1ccc(-c2cc(Cl)c(-c3cc(-c4ccc(C#N)nc4)nc(C#CC#Cc4nc(C#N)cs4)n3)cn2)cn1,31.65
N#Cc1ccc(-c2cc(-c3cc(C(F)(F)c4ccc(-c5ccc(-n6c(=O)ccc7ncccc76)cc5)cn4)nc(-c4ccc(C#N)c(F)c4F)n3)nc(C#N)c2C#N)cc1,49.53
Cc1nc2cc(N)c(N)cc2n1Cc1ccc(F)cc1,22.71
N#Cc1ccc(-c2cc(C#N)c(-c3ccc(C#N)nc3)nc2-c2ccc(-c3cccc(C#N)c3)cc2)cc1,12.33
N#Cc1ccc(-c2ncc(-c3cc(F)c(F)cc3F)c(F)c2C#N)cc1,22.57
N#Cc1ccc(-c2ncc(C#N)c(COc3ccc(-c4cccc(C#N)n4)cc3)n2)cn1,15.43
N#Cc1ccc(-c2ccc(-c3cc(-c4ccccc4C#N)nc(N4CCC(c5ccc(C#N)cc5)C4)c(=N)c3C#N)cc2)cc1,20.28
Cc1cc(C#N)c(Cl)cc1-c1c(C#N)c(-c2nccc(-c3ccc(C#N)cc3C#N)n2)nn1-c1ccc(C#N)cc1,18.79
N#Cc1cncc(-c2ccc(-c3ccc(-c4nc(C#N)nc5cc(C#N)c(C#N)nc45)cc3)cc2)n1,17.73
CN(C)c1ccc(-c2nc(-c3ccc(C#N)[nH]3)c3cc(-c4ncncn4)ccc3c2-c2cccc(C#N)n2)cc1,30.81
N#Cc1cc2c(nc1N)CCCC2,18.68
Cc1ncc(-c2cc(N=c3cccc(C#N)[nH]3)[nH]c(=Nc3ccc(-c4cccc(C#N)n4)cn3)n2)c(C#N)n1,23.52
N#Cc1ncc(-c2cc(C#N)c3cc(-c4cnc(N5CCNCC5)nc4)nc(C#N)c3c2)cn1,23.2
N#Cc1ccc(-c2cc(-c3ccnc(C#N)c3)cc(-c3ncc(C#N)c(C#N)n3)c2)nc1,15.12
N#Cc1ccc(-c2ncc(-c3cccc(-c4cncc(C#N)c4)n3)nc2C#N)cc1,14.96
N#Cc1ccc(-c2nc(-c3ccc(C#Cc4ccc(Cl)cn4)cc3)cc(-c3cncc(C#N)n3)n2)nc1,17.21
CN1CCN(c2ccn3ncc(-c4cccc(C#Cc5ccc(-c6ncncn6)nc5)c4)c3c2)CC1,32.45
N#Cc1cnc(-c2ccc(-c3c(C#N)ncc4cc(-c5ncncn5)ccc34)cc2C#N)cn1,16.58
CN(C)c1ncc(-c2cccc(C#N)n2)cc1-c1cc(C#N)c(-c2ccc(C#N)nc2)c(C#N)n1,20.6
N#CC(C#N)=c1ccc(=C(C#N)c2nc(C(=O)c3ccc(-c4ccccc4)cc3)nc(N3CCOCC3)n2)cc1,14.97
Cn1nc(C#N)c(=N)nc1-c1cc(N2CCC(=O)CC2)nc(-c2ccc(C#N)c(-c3ccc(C#N)cn3)c2)n1,34.0
COc1ccc(C=C(c2ccc(C#N)cc2)c2ccc(C#N)cc2)cc1C#N,18.32
Cc1ccc(-c2nc(C(C#N)=Cc3ccc(C#N)cc3)nc(-c3nc(C#N)nc(-c4ccc(F)c(C#N)c4)n3)c2C#N)c(C)c1,24.47
CC1(C)CN(c2nc(-c3cnc(C#N)c(C#N)n3)cc3cc(N4CCOCC4)ccc23)c2cc(N3CCOCC3)ccc21,33.34
Cn1cc(N2CC(C)(C)c3nc(-c4nccs4)nc(-c4ccc(-c5ncc(C#N)cn5)nc4)c3C2=O)ccc1=O,35.36
N#Cc1ccc(-c2cc(-c3ccc(-c4cccc(C#N)n4)c(C#N)n3)nc(C#N)n2)nc1,12.23
N#Cc1ccc(-c2cc(-c3ccc(C#N)cc3)nc(-n3[nH]c(-c4ccc(C#N)cc4)cc3=N)n2)cc1,14.92
N#Cc1ccc(-c2cccc(Oc3cc(NCCC(=O)c4ccc(Br)cc4F)c(O)cc3N)c2C#N)cc1,34.43
CC(C)(O)Cn1cnc(-c2ccc(-c3cc(C#N)c(-c4ccc(C#N)cn4)c(C#N)n3)c(F)c2)c1,23.86
N#Cc1ccc(-c2ccc(-n3c(COCc4cccc(-c5ccc(C#N)nc5)n4)nc4ccccc43)cc2)cc1,17.18
CC(C(=O)NCC#N)c1cc(C#N)cc2c(C#N)c(-c3ccc(-c4cccc(C#N)c4)cc3)n(C)c(=O)c12,33.32
N#Cc1cccc(C=Nc2ccc(-c3nc(-c4ccc(N=Cc5cc(C#N)cc(C=O)c5O)nc4)nc(-c4ccc(F)cc4C#N)n3)cn2)c1,12.35
CCc1nnc2n1CC(=Cc1ccncc1)C(=O)C2C=Nc1cccc(C#N)c1,26.74
N#Cc1ccc(-c2nc(-c3ccc(C#N)nc3)c(C#N)cc2-c2ccc(S(N)(=O)=O)cn2)cc1,14.31
CC(C)Oc1cc(O)c(-c2nc(-c3cccnc3)nc(-c3ccc(OC4CCC(C(=O)O)CC4)c(C#N)c3)n2)cc1C#N,22.61
N#Cc1ccc(-c2cc(-c3ccc(C#N)cn3)nc(-c3ccc(C#N)cc3)n2)cc1,10.64
Cc1cc(-c2ccc(OC3OC(CO)C(O)C(O)C3O)cc2)c(C#N)c(C)n1,31.2
N#Cc1cncc(-c2cc(C#N)nc(C(=O)c3ccc(C#N)c(-c4cc(C#N)ccc4C#N)c3F)c2)c1,25.81
N#Cc1ccc(-c2cc(C#N)nc(-c3ccc(-c4cnc(C#N)nc4)nc3)n2)cn1,13.11
N#Cc1cc(C#N)cc(Oc2nc(=N)cc(Nc3ccc(C#N)c(C#N)c3)[nH]2)c1,20.92
N#Cc1ccc(-c2cc(-c3cccc(C#N)c3)nc(-c3cccc(-c4ccc(C(=O)O)cc4C(F)(F)F)c3C#N)n2)cc1,15.72
N#Cc1cncc(-c2ccc(-c3nc(C#N)cc(-c4ccc(C#N)nc4)n3)cc2C#N)c1,11.07
COc1ccc2c(c1)CCn1c-2cc(-c2ccc(C#N)cc2)nc1=O,21.76
N#Cc1ccc(-c2cc(C#N)cc(-c3nc(C#N)cc(-c4cncc5cc(-c6ccc(C#N)nc6)ccc45)n3)c2C#N)cc1,23.07
COc1ccc(-c2ccn(-c3nc(-c4ccc(F)c(C#N)c4)nc(-c4nc(C5CC5)nc(-c5cc(Cl)c(C#N)cc5C)c4C#N)n3)n2)cc1,26.95
COc1ccc(-c2c(-c3ccc(-c4cccc(C#N)n4)cc3)cc(-c3sccc3C#N)nc2-c2ccc(S(C)(=O)=O)cc2)nc1,26.61
N#Cc1ccc(-c2ccc(-c3nnc(-c4ccc(C#N)nc4)cc3C#N)cc2)nc1,13.29
N#Cc1ccc(-c2ccc(-c3ncc(-c4nc5cc(F)ccc5s4)nc3-c3ccc(C#N)nc3)cc2)nc1,20.37
N#Cc1ccc(-c2cc(-c3ccc(-c4cccc(C#N)n4)c(C#N)n3)cc(C#N)n2)nc1,12.03
N#Cc1cncc(-c2nc(N3CCC(O)(c4cnc(C#N)c(C#N)n4)CC3)c(-c3ccc(Cl)cc3)nc2C#N)c1,22.85
N#Cc1nnc(=NC(=O)c2ccc(-c3cccc(C(F)(F)F)n3)cc2)[nH]c1C#N,26.16
N#Cc1ccc(-c2cc3c(ncn3CC3CC(c4ccccc4)N(Cc4cccs4)C3c3ccc(C#N)cc3)c(C#N)n2)cc1,25.72
CC(C)n1nc(-c2ccc(C#N)nc2)nc1-c1cnc(-c2ccc(C#N)cc2)c(C#N)c1,14.65
N#Cc1ccc(-c2cc(C#N)nc(-c3nc(-c4ccc(-c5ccc(C#N)nc5)nc4)nc(-c4cncc(C#N)c4)n3)c2C#N)cc1,19.31
N#Cc1ccc(-c2ncc(C=Cc3ccncc3)nc2C#N)cc1,16.45
Cc1ncc(-c2cc(-c3ccc(-c4cccc(C#N)n4)c(C#N)n3)ccc2F)c(C)n1,15.62
N#Cc1ccc(-c2nc(-c3ccc(-c4cnc(C#N)nn4)cc3)cc(-c3ccc(C#N)nc3)n2)nc1,14.78
Cc1nccn1-c1cnc(-c2cccc(-c3ccc(C#N)nc3)c2F)nn1,31.05
N#Cc1ccc(-c2ccc(OCC#Cc3ccc(-c4cccc(C#N)n4)cn3)cc2)cc1,13.1
N#CC=Cc1nc(-c2cnc(C#N)nc2)cc(-c2cncc(F)c2)c1-c1ccc(C#N)cc1,20.64
N#Cc1ccc(-c2ccc(-c3cnc(-c4cccc(C#N)n4)c(C#N)n3)nc2)c(-c2ncncn2)c1,12.95
N#CCCn1c(-c2ccc(C#N)nc2)c(C#N)c(-c2ccc(C#N)cc2)c(C#N)c1=O,20.11
CC(C)COc1ccc(-c2nc(-c3ccc(-c4ccc(C#N)cn4)nc3)nc(-c3ccc(C#N)cc3Cl)n2)cc1C#N,17.34
CCOC(=O)c1nc(C(C#N)=c2ccc(=C(C#N)C#N)cc2)nc(-c2ccc(-c3ccc(C#N)cc3)cc2)n1,11.6
COc1cc(OC)c(C=CS(=O)(=O)Cc2ccc(-c3ccc(-c4ccc(C#N)cc4)c(N)c3)cc2)c(OC)c1,22.62
N#Cc1ccc(-c2cc(-c3ccc(C#N)nc3)nc(Nc3ccc4c(c3)C(=O)c3ccc(N)cc3C4=O)n2)cc1,10.63
N#Cc1cc(C#N)cc(OCc2ccc(C#Cc3ccc(C#N)c(C#N)c3)cn2)c1,20.49
Cn1nc(-c2ccc(-c3cnc(C#N)nc3)c(C#N)c2)nc1CCc1ccc(-c2cccc(C#N)n2)cc1,19.99
N#Cc1cncc(Cn2cnc3c(C#N)nc(-c4ccc(-c5cnc(C#N)o5)cc4)cc32)n1,17.95
N#Cc1ccc(-c2cnn(-c3cc(-c4cnc(C#N)cn4)cc(-c4cccc(C#N)n4)n3)c2)cn1,19.93
N#Cc1ccc(-c2nc(N)c(-c3c(F)c(F)c(C#N)c(F)c3F)nc2C#N)cn1,12.21
N#Cc1ccc(-c2[nH]c(-c3cccc(-c4ccncc4)c3)nc2-c2ccc(-c3ccc(C#N)cn3)cc2)cc1,17.35
N#Cc1ccc(-c2cc(Nc3ccc(-c4ccc(-c5cccc(C#N)n5)cc4)cc3)cc(-c3ccc(C#N)cn3)c2)cc1,19.89
Cc1cc(C#N)c(Cl)cc1-c1nc(C2CC2)nc(-c2nc(-c3ccc(F)c(C#N)c3)cc(-c3cnc(C#N)cn3)n2)c1C#N,13.56
N#CC(C#N)=C1C(=Cc2ccc(-n3cccc3)cc2)C(=O)C(c2ccc(-c3ccc(C#N)cc3)cc2)C(C=O)=C1O,10.02
N#Cc1ccc(OCC(=O)Nc2cc(C#N)ccc2N)cc1,16.51
N#Cc1ccc(-c2ccc(-c3nc(-c4ccc(-n5cccn5)cc4)nc(-c4ccc(C#N)nc4)n3)cn2)nc1,15.18
N#Cc1ccc(N=c2nc(-c3cccnc3)nc(-c3ccc(C#N)cc3)[nH]2)cc1,16.54
N#Cc1ccc(-c2cc(-c3nc(-c4cccc(F)c4F)ccc3C#N)cnc2-c2ccc(C#N)cc2)cc1,29.12
Cc1nc(Cn2cnc3c(C#N)nc(-c4ccc(O)c(C#N)c4)cc32)cc(-c2ccc(C#N)nc2)c1C#N,22.56
N#Cc1ccc(-c2nc(-c3ccc(C#N)nc3)nc(-c3ccc(-c4ccc(C#N)cc4)c(C#N)c3)n2)cc1,12.98
N#Cc1cccc(-c2cccc(-c3ccc(-c4ccc(C#N)nc4)nc3)c2)c1,20.54
NC(=O)C(=NC1OC(CO)C(OC2OC(CO)C(O)C(O)C2O)C(O)C1O)C1OC(n2ccc(=O)[nH]c2=O)C(O)C1O,26.18
N#Cc1ccc(-c2cc(C#N)c3cc(C#Cc4ncc(Br)s4)cnc3n2)cc1,24.73
N#Cc1ccc(C=Nc2nc(Nc3ccc4c(c3)CCc3cc(Nc5ccc(C#N)cc5)ccc3C4=O)cc(Nc3ccc(C#N)c(C(F)(F)F)c3)n2)cc1,17.65
CN1CCN(C=Nc2c(C#N)nc(C#N)c(-c3ccc(C#N)cc3)c2C#N)CC1,20.34
C=c1[nH]c(C)cc1=CSc1nc(-c2ccc(-c3ccc(C#N)cc3)cc2)c(C#N)nc1-c1ccc(-c2ccc(C#N)cn2)nc1,21.66
N#Cc1ccc(-c2ccc(CCC#Cc3cc(-c4ccc(C#N)cc4)c(-c4ccc(C#N)nc4)nn3)cc2)cc1,18.04
N#Cc1ccc(-c2nc(-c3cc(C#N)c(C#N)cc3-c3cccc(C#N)n3)ccc2C#N)cn1,11.94
N#Cc1ccc(-c2ccc(-c3nc(-c4ccccc4C#N)nc(-c4cc(-c5ccc(C#N)cn5)cc(-c5ccc(C#N)cc5)c4C#N)n3)cc2)cc1,13.81
N#Cc1ccc(-c2cc(-c3cccc(C#N)n3)nc(-c3ccc(C#N)nc3)c2C#N)cn1,12.01
N#Cc1ccc(-c2cc(-c3nc(-c4ccncc4)c(-c4ccc(N)c(N)c4)cc3C#N)ccc2C#N)c(F)c1,23.34
COc1ccc(-c2cn(-c3nc(N)cc(=O)n3C)nc2C#N)cc1F,24.44
N#CC(C#N)=C(c1ccc(C#N)cc1)c1ccc(-c2ccncc2)cc1,19.67
N#CC=Cc1nc(-c2ccc(C#N)nc2)cc(-c2ccc(C#N)cn2)n1,10.77
N#Cc1ccc(-c2cccc(C=Nc3ccc(N)c4ncccc34)n2)cc1,24.05
N#Cc1ccc(-c2cc(-c3cccc(C#N)n3)cc(-c3ccc(-c4c(F)cccc4C#N)nc3)n2)cn1,21.76
c1ccc(CCN2CCc3c(c4ccccc4n3-c3ccc(-n4c5ccccc5c5ccccc54)cc3)C2)cc1,26.38
COc1cc(C2c3cc4c(cc3C(Nc3ccc(C#N)cc3)C3COC(=O)C23F)OCO4)cc(OC)c1OC,26.68
N#Cc1cccc(-c2cc(-c3ccc(C#N)c(Cl)c3)cc(C#N)n2)n1,20.09
COC1CCC(Cn2cnc3c(C#N)nc(-c4ccc(-c5cccc(C#N)n5)nc4)cc32)CC1,19.98
N#Cc1cccc(-c2cc(-c3nc(-c4cccc(C#N)n4)nc4ccncc34)nc(-c3ccc(C#N)c4ccccc34)n2)n1,12.03
N#Cc1cccc(C=CCn2cnc3c(C#N)nc(-c4cc(C#N)cc(C#N)c4)cc32)c1,12.4
N#Cc1ccc(-c2cnc(-c3cc(-c4ccc(F)cc4C#N)cc(-c4cccc(C#N)n4)n3)cn2)cc1,17.13
N#Cc1ccc(-c2cc(C#N)cc(C(=O)c3cc(-c4ccc(C#N)cc4)cc(-c4ccc(C#N)nc4)n3)c2)cc1,15.63
N#Cc1ccc(-c2cc(-c3ccc(N=Cc4cccc(C(=O)O)c4O)nc3)cc(-c3ccc(C#N)nc3)n2)cc1,16.49
N#Cc1ccc(-c2cc(-c3cncc(C#N)c3)cc(-c3nccc(C#N)n3)c2)nc1,10.43
N#Cc1ccc(-c2ccc(-c3cccc(-c4cccc(-c5ccc(C#N)nc5)c4C#N)n3)nc2C#N)cc1,17.31
Cc1cc(C#N)c(C#N)cc1-c1nccc(-c2ccnc(-c3cccc4cccc(F)c34)n2)c1C#N,19.89
N#Cc1ccc(-c2nc(C#N)nc(-c3cccc(C#N)n3)n2)cn1,9.95
N#Cc1ccc(C=CC(=O)c2ccc(-c3cncc(C#N)c3)c(F)c2C#N)cc1,19.5
N#Cc1ccc(-c2cc(-c3ccc(-c4nncc(C#N)n4)cc3)cc(-c3cccc(C#N)n3)c2)cc1,13.73
N#Cc1ccc(-c2nc(-c3ccc(C#N)cc3)nc(-c3ccc(NC(=O)c4cccc(F)c4[N+](=O)[O-])cc3)n2)cc1,27.24
Cc1ccc(-c2c(C#N)c(-c3nc(-c4ccc(C#N)nc4)nc(-c4ccnc(C#N)c4)n3)cn2-c2ccc(C#N)cc2)c(C)c1,23.23
CC(=O)N1CCC(N(C)c2nc(-c3ccc(-c4c[nH]c(=NC5CC5)c(C#N)c4)nc3)nc(C#N)c2N)CC1,43.59
N#Cc1ccc(-c2cc(-c3ccc(-c4ccc(-c5ccc(C#N)cc5)c(C#N)n4)cc3)ccc2C#N)cc1,12.28
N#Cc1ccc(-c2cc[n+](-c3nc(-[n+]4ccc(-c5ccncc5)cc4)nc(-c4ccc(C#N)cc4)c3-c3ccc(C#N)cc3)cc2)cc1,11.4
CONC(=O)c1ccc(-c2ccc(C#N)nc2)cc1-n1cccc1,28.54
N#Cc1ccc(-c2cc(C#N)c(-c3cccc(C#N)n3)cn2)cn1,13.84
N#Cc1cccc(-c2ccc(-c3ccc(-n4c(N)c(C#N)c(C#N)c4N)cc3)cc2)n1,14.75
N#CC=Cc1ccc(Nc2ccc3c(c2)C(=O)c2ccc(C#N)cc2C3=O)c(C#N)n1,16.44
N#Cc1cccc(-c2nc(C#N)c3c(N4CCOCC4)nc(-c4ccc(F)c(C#N)c4F)nc3c2O)c1,18.78
N#Cc1ccc(-c2ccc(-c3cncc(-c4ccncc4)c3)nc2C#N)cc1,15.58
N#CC(C#N)=c1ccc(=C(C#N)c2nc(C(N)=O)nc(C(C#N)=c3ccc(=C(C#N)C#N)cc3)n2)cc1,10.64
Cc1nc2ccc(C#N)cc2n[n+]1-c1ccc(-c2nc(-c3ccc(C#N)cc3)cc(-c3ccc(C#N)cc3)n2)cc1,19.64
N#CCN1C(=O)c2cc3c(-c4cnc(C#N)nc4)cc(=O)n(-c4ccc(-c5ccc(C#N)cc5)cc4O)c3c(-c3ccccc3C#N)c2C1=O,40.87
N#Cc1ccc(-c2cc(-c3ccc(C#N)cn3)cc(-c3nc(C#N)nc(-c4ccncc4)n3)c2C#N)cc1,18.33
CN1CCN(c2nc(C3=CCOCC3)c(C#N)c(-c3ccc(-c4ccc(C#N)cc4)c(C#N)n3)n2)CC1,23.92
CCCc1nc(-c2ccc(C#N)cc2)c(C#N)c(-c2cc(-c3ccc(-c4ccc(C#N)cn4)cc3)nc(-c3ccc(C)nc3)n2)n1,25.11
N#CC=Cc1cc(-c2cccc(C#N)n2)nc(-c2cnc(C#N)nc2)n1,16.37
N#Cc1cccc(-c2ccc(-c3cc(-c4ccccc4C#N)cc(C#N)n3)c3ccccc23)c1,17.89
N#Cc1cc(-c2ccccn2)ccc1-c1cnc(-c2cnc(C#N)c(C#N)n2)cn1,22.81
N#Cc1cccc(C(=O)Nc2cc(-c3ccc(-c4cccc(C#N)n4)c(C#N)n3)cc(-c3cnc(C#N)nc3)n2)n1,18.0
COC(=O)c1cccn1-c1ccc(-c2ccc(-n3c(-c4ccccc4)cc4c3CCCC4)cc2)cc1,28.75
N#Cc1ccc(-c2ccc(C=Cc3nc(C#N)c(N)n3Cc3ccc(-c4ccc(C#N)cc4)cc3)cc2)cc1,13.93
N#Cc1ccc(-c2nn(-c3ccc(-c4nc(C#N)ccc4N4CCC(O)CC4)cc3)cc2C#N)cc1,18.46
Cc1cc(C#N)c(Cl)cc1-c1nc(C2CCC2)nc(-c2cccc(-c3ccc(C(F)(F)F)c(C#N)c3)n2)c1C#N,22.9
N#Cc1ccc(-c2nc(-c3ccccn3)cnc2-c2ccc(-c3ccc(C#N)cn3)cc2)cc1,14.67
N#Cc1ccc(-c2cc(-c3cnc(C#N)nc3)nc(-c3cccc4ccsc34)n2)cn1,19.63
Cc1cc(C#N)ccc1-c1nc(N2CCOC(c3ccccn3)C2)nc(-c2nc(-c3ccncc3)cc(-c3cccc(C#N)c3)n2)c1C#N,18.51
CCCC1(c2ccccc2)Oc2ccc(-c3cccc(C#N)c3)cc2C(=O)C(C=O)=C1O,16.34
N#Cc1ccc(Oc2ccc(Nc3cc(C#N)cc(N)c3C#N)cc2)cc1,15.6
N#Cc1ccc(-c2ccc(N=Cc3ccc(-c4nc(C#N)c(-c5ccc(C#N)cc5)o4)cc3)c(-c3ccc(C#N)cc3)c2)cc1,10.71
N#Cc1ccc2c3c(C(=O)O)cccc3n(-c3ccc(-c4ccc(-n5c(C6CCNCC6)nc6ccccc65)cc4C#N)cc3)c2c1,33.87
