SMILES,NLL
N#Cc1cccc(-c2ccc(-c3nc(-c4ccc(C#N)c(C#N)c4)nc(-c4c(F)c(F)c(C#N)c(F)c4F)n3)cc2)n1,16.37
N#Cc1cccc(-c2cc(-c3cc(F)c(C#N)c(C#N)c3)c(C#N)c(=N)[nH]2)n1,14.2
CCc1cc(C#N)nc(-c2nc(-c3cnc(OC(C)C)c(C#N)c3)nc(N3CC(N(C)C)C3)n2)c1,19.54
N#Cc1ccc(-c2ccc(-c3cc(C#N)nn3-c3ccccc3C#N)nc2)cc1,14.76
CC(C)(C)c1ccc2c(-c3ccc(-c4cc(C#N)n(-c5ccc(-c6ncc(-c7ccc(C#N)cc7)s6)c(F)c5F)n4)c(C#N)n3)ccc(C#N)c2c1,29.32
N#Cc1cc(-c2nc(-c3ccccc3OC(F)(F)F)nc(N3CC4CC3C4)n2)nc(N)c1C#N,17.52
COc1nc(-c2nc(-c3ccc(C#N)cc3)nc(-c3ccc(C#N)cc3)n2)ccc1-n1nc(-c2ccc(Cl)cc2)cc1C#N,19.7
N#Cc1cccc(-c2ccc(-c3nc(-c4csc(-c5cc(-c6ccc(Cl)c(C#N)c6)on5)n4)nc(-c4c(F)c(F)c(C#N)c(F)c4F)n3)cc2C#N)c1,35.01
Cn1c(-c2cnccc2-c2cccc(C#N)c2)nc(C#N)c1-c1cnc(-c2ccc(-c3ccc(C#N)cc3)cc2)c(-c2ccc(F)cc2)n1,23.42
N#Cc1ccc(-c2cccc(-n3cc(-c4cccc(-c5ccc(-c6ccc(C#N)nc6)c(C#N)c5)n4)c(C#N)n3)c2)cc1,22.19
CC(CC#N)n1nc(C#N)nc1-c1cnc(-c2c(F)cc(C#N)cc2F)c(C#N)c1,17.15
Cc1nc(-c2ccc(-c3ccc(C#N)cc3)c(C#N)c2)c(C#N)cc1-c1ccc(-c2cc(C#N)c(F)c(C#N)c2)cn1,14.13
CCOc1ccc(Nc2nnc(-c3cc(F)cc(-c4cnc(-c5cnc(C#N)nc5)c(F)c4F)c3)nc2C#N)cc1,30.08
N#Cc1cccc(-c2cnn(-c3ccc(-c4cc(C#N)c(-c5ccnc(-c6ccc(C#N)c(C#N)c6)n5)c(C#N)n4)cc3F)c2)n1,23.25
CN1CCN(c2nc(-c3ccc(OCCOc4ccc(C#N)c(C#N)c4)c(C#N)c3)nc(-c3c[nH]c(=N)c(C#N)c3)n2)CC1,30.45
Cc1cc(C2(NC(=O)c3nn(-c4ccc(C#N)cc4Cl)c(-c4ncc(-c5cccc(C#N)c5)cc4Cl)c3C#N)CC(F)(F)C2)nc(C#N)n1,33.37
CC(=O)NCC1CN(c2ccc(N3CCN(C(=O)CCn4c(C#N)nc(-c5ccc(-c6ccc(C#N)cc6)cc5)c4-c4ccc(C#N)cc4)CC3)c(F)c2)C(=O)O1,27.49
N#Cc1ccc(-c2ccnc(Cl)n2)cc1-c1ccc(-c2ccc(N)c(C#N)n2)c(F)c1,16.76
N#Cc1nc(-c2ccc(-c3cnco3)c(C#N)c2)cc(-c2ccc(-c3nc(C#N)c(C#N)nc3C#N)cn2)n1,17.38
N#Cc1ccc(-c2cc(N3CC4C(F)C4C3)nc(-c3cnc(OC(CF)CF)c(C#N)c3)n2)cc1F,20.19
N#Cc1cc(-c2nc(-c3cccc(OC(F)F)n3)nc(N3CC4CC3C4)n2)nc(C#N)c1C#N,18.1
N#Cc1ccc(-c2ccc(-c3ccc(-c4nc(-c5ccc(-c6ccc(C#N)c(C#N)c6)nc5)cc(N5CCOCC5)c4C#N)cc3)cc2)nc1,27.36
CC(C)(C)OC(=O)ON1c2ccc(C#N)nc2-c2c(-c3nc(C#N)cc(-c4ccc(C#N)o4)n3)c(C#N)c(C#N)c(C#N)c2C1(C)C,32.08
N#Cc1ccn(-c2cc(-c3nc(C#N)nn3-c3ccc(NC4CC4)cc3)ncn2)c1,31.28
N#Cc1ccc(-n2ncnc2C(=Cc2ccc(-c3ccc(C#N)c(C#N)c3)cc2)c2ccc(-c3ccc(C#N)nc3)nc2)cc1,33.65
N#Cc1ccc(-c2n[nH]c(-c3cccc(-c4ccc(-c5nc6c(C#N)cccc6[nH]5)cc4)c3)n2)cc1,17.35
N#Cc1ccc(-c2ccc(-c3c(C#N)c(Sc4ccc(C#N)c(C#N)c4)[nH]c(=N)c3C#N)cc2)cc1,12.39
N#Cc1cc(-c2nc(C3CC3)nc(N3CCC(C#N)CC3)n2)cnc1-c1ccc(F)cc1,17.82
N#Cc1nc(-c2ccc(-c3nc(-c4c(F)c(F)c(C#N)c(F)c4F)nc(-c4ccncc4)c3C#N)c(F)c2F)cnc1N,24.33
N#Cc1nccc(-c2ccc(-c3nc(N4CC5CCC(C4)O5)nc(-c4ccc(-c5ccc(C#N)c(C#N)c5)c(C#N)c4)c3C#N)nn2)n1,24.38
Cn1nc(C#N)nc1-c1cnc(-c2ccc(Cl)cc2)c(C#N)c1,9.74
N#Cc1cccc(-c2ncc(-c3ncc(-c4cccc(C#N)n4)cn3)cc2C#N)c1,13.66
Cc1ncc(-c2nc(-c3cc(F)cc(C#N)n3)nc(N3CC4CC3C4)n2)cc1C#N,11.55
C#CCSc1nc(-c2c3ccccc3c(C#N)c3cc(C)ccc23)nn1-c1ccccc1,28.63
CCN1CCN(c2nc(-c3ccc(C#N)c(C#N)c3)nc(-c3ccnc(C#N)n3)n2)CC1,15.53
N#Cc1ccc(-c2cc(-c3nc(=N)c(C#N)c(-c4ccccc4F)[nH]3)c(-c3ccc(C#N)cc3)nn2)cc1,24.5
Cn1c(C#N)cc(-c2ccc(-c3ncc(Br)c(C#N)n3)cc2)c(C#N)c1=O,26.7
N#Cc1ccc(-c2ccc(-c3ncc(C#N)n3-c3ccc(-c4nc(-c5ccc(-c6ccc(Cl)c(Cl)c6)c(C#N)c5)nc(C#N)c4N)cc3)nc2)cc1,24.0
COc1nc(-c2c(F)c(F)c(C#N)c(F)c2F)cc(-c2ccc(C#N)c(-c3ncc(C#N)n3C)c2F)c1C#N,27.78
N#CCCCCCn1c(C#N)cnc1-c1cnc(-c2ncc(C#N)s2)c(C#N)c1,28.82
N#Cc1cccc(-c2cccc(CCc3nc(-c4cccc(C#N)c4)nc(-c4cccc(C#N)n4)n3)c2)c1,22.26
COc1cc(-c2ccc(C#N)nc2)c(F)cc1-n1c(C#N)cc(-c2ccc(-c3ccc(C#N)nc3)nc2)c1C#N,19.79
CC(C)Oc1ncc(-c2nc(-c3nc(C#N)ccc3C#N)nc(N3CCOCC3)n2)cc1C#N,10.11
N#Cc1cccc(-c2ccc(-c3nc(=Nc4cc(F)c(C#N)c(C#N)c4)[nH]c(=N)[nH]3)cn2)c1,21.76
Cc1nc(C#N)ncc1-c1nc(-c2cc(C#N)c(C3CC3)c(C#N)n2)nn1Cc1ccnc(C#N)c1,27.28
N#Cc1ccc(-c2nc(C#N)c(C#N)nc2-c2cccc(-n3cc(C#N)ccc3=O)c2)cc1,15.81
N#Cc1ccc(-c2ccnc(-c3[nH]c(-c4ccc(C#N)cc4)nc3-c3ccc(F)c(C#N)c3)c2)cc1,16.63
N#Cc1ccc(-c2nn(C(c3cccc(-c4ccc(C#N)nc4)c3)c3ccc(Cl)c(Cl)c3)cc2C#N)cc1,30.57
N#Cc1ccc(-c2cc(-c3c(C#N)c(C(=O)NN=Cc4ccc(-c5cnc6ccc(C#N)cc6n5)nc4)nn3-c3ccc(S(N)(=O)=O)cc3)nc(-c3ccc(C#N)cc3)n2)cc1,26.72
COc1cccc(C(c2nnnn2Cc2ccc(-c3ccc(C#N)cc3)cn2)N2CCN(C(=O)COc3ccccc3)CC2)c1OC,34.39
Cn1nc(-c2ccc(C#N)c(C#N)c2)c(C#N)c1-c1nc(C#N)nc(-c2ccc(-c3ccc(C#N)[nH]3)nc2)n1,22.5
CC(C)Oc1ncc(-c2nc(-c3cccc(C#N)n3)nc(N3CCC(c4[nH]cnc(=N)c4OCC(F)F)CC3)n2)cc1C#N,23.33
N#Cc1ccc(S(=O)(=O)c2nc(-c3ccc(C#N)nc3)oc2N=Cc2cc(F)c(F)c(F)c2F)cc1,23.61
CCOc1ccc(-c2cn3c(-c4ccc(-c5ccc(OC)c(C#N)n5)c(C#N)n4)ccc(C#N)c3n2)cn1,35.9
N#Cc1ccnc(-c2cc(-c3cnc(-c4ccc(F)c(C#N)c4)c(C#N)c3)c(F)c(-c3cnc(C#N)c(C#N)n3)n2)n1,19.89
Cn1cc(-c2ccc(-c3cc(-c4ccc(C#N)cc4)nc(-c4ccc(-c5ccc(C#N)cc5)cc4)n3)cc2)cn1,16.54
N#Cc1ccc(-c2nc(C#N)c(C#N)nc2-c2cc(C#N)cc(-n3cc(-c4ccncc4)nn3)c2)cc1,15.64
N#Cc1ccc(-c2nc(-c3cc(C#N)c(C#N)c(C#N)n3)cc(N3CC(N4CCCCC4)C3)n2)cc1,16.95
N#Cc1ccc(-c2ncc(-c3cccc(C(=O)Nc4ccc(Br)cc4)c3)cc2C#N)cc1,20.78
N#Cc1ccc(-c2ncc(-c3cccc(-c4cc(C#N)c(-c5ccc(C#N)cc5)cn4)c3)cn2)cc1,17.61
N#Cc1ccc(-c2nc(-c3nc(-c4cnn(-c5ccc(F)cc5F)n4)nc(C(F)(F)F)n3)cc(C#N)c2C#N)cc1,23.99
N#Cc1cc(-c2nc(-c3ccc(F)cc3)nc(N3CCC(c4nc(-c5ccc(F)c(F)c5)cs4)CC3)n2)nc(C#N)c1C#N,20.65
N#Cc1ccc(-c2ccc(Cn3nc(C#N)nc3-c3cnc(-c4ccc(C#N)c(F)c4)c(C#N)c3)cc2C#N)cc1,21.95
N#Cc1ccc(-c2nc(-c3ccc(F)c(Nc4ccncc4)c3)nc(-c3c(F)c(F)c(C#N)c(F)c3F)n2)cc1,23.14
Cc1ncc(-c2nc(-c3nc(C#N)ccc3C#N)nc(N3CC(N(C)C4CCN(C)C4)C3)n2)cc1C#N,21.58
N#Cc1ccc(-c2ccc(-c3cc(-c4ccc(C#N)cc4)nc(-c4ccc(-c5ccc(C#N)nc5)cc4)c3)cc2)cc1,12.05
Cc1cc[nH]c(=Nc2ccccc2CCOc2ccc(C#N)cc2)c1,30.81
COc1cc(-c2cn(-c3ccncc3-c3ccc(C(F)(F)F)c(C#N)c3)nn2)ccc1-n1cc(-c2ccc(C#N)c(C#N)c2)nn1,21.31
N#Cc1ccc(-c2nc(-c3cc(C#N)c(-c4ccc(OC(F)(F)F)c(F)c4)nc3OCCO)nc(N3CC4CC3CO4)n2)cc1,31.65
COc1cc(-c2cc(F)cc(C#N)c2)ccc1N=C1SC(=Cc2ccc(-c3ccc(-c4csc(-c5ccc(C#N)cc5)n4)cc3)cc2)C(=O)N1CCCC#N,31.13
Cn1nnc(-c2ncc(-c3ncc(-c4cnc(-c5ccc(C#N)cc5)c(C#N)c4)nn3)cc2C#N)n1,17.67
N#Cc1cccc(-c2nc(-c3cc(C#N)c(C#N)c(C#N)n3)nc(N3CC4C(C3)C4(F)F)n2)n1,14.72
N#Cc1nc(-c2ccc(C#N)c(F)c2)cc(C(O)c2cc(C(F)(F)F)nn2-c2cccc(-c3nc(C#N)c(C#N)s3)c2F)n1,38.04
COCC(C#N)Nc1nc(-c2ccnc(F)c2)nc(-c2cc(C#N)c(C#N)c(N)n2)n1,21.89
COC(C)(C)C1CCCC(c2nc(-c3ccc(OC4CCOCC4)c(C#N)c3)nc(-c3cc(C#N)c(C#N)[nH]3)n2)C1,32.01
N#Cc1cc(-c2ccc(-n3cnnc3-c3cnnc(-c4ccccc4Cl)c3)cc2F)cnc1C#N,29.86
N#Cc1ccc(Nc2oc(-c3ccc(-c4ccc(Oc5ccc(Cl)cc5)c(C#N)c4)cc3C#N)nc2C#N)cc1C#N,26.6
N#Cc1cc(-c2cnc(C#N)c(C#N)c2)cc(-c2nc(-c3ccc(C(F)(F)F)c(C#N)c3)nc(N3CC4CC3C4)n2)n1,10.32
CN(C)CCCS(=O)(=O)Nc1cccc(-c2cc(C#N)nc(-c3cc(C#N)c(C#N)c(C#N)c3)n2)c1F,30.82
N#Cc1ccc(C(=O)C2CCN(C(=O)c3c(C#N)cccc3-n3nccn3)CC2)cc1,23.05
Cn1nc(-c2cncc(-c3ccc(-c4cc(F)c(C#N)c(-c5cccc(C#N)c5)n4)cc3)c2)nc1-c1cnc(C#N)c(C#N)c1,19.66
N#Cc1ccc(-c2ccc(-c3cc(-c4ccc(C#N)cc4F)nc(-c4nc5cc(C#N)c(F)cc5[nH]4)n3)cc2)c(F)c1,30.07
N#Cc1cccc(-c2c(C#N)c(Sc3nc(C#N)c(C#N)nc3C#N)nc(-c3ccccc3C#N)c2C#N)n1,27.59
N#Cc1ccc(-c2nn(CNc3ccccc3C#N)c(=S)n2-c2cccnc2)cc1,29.67
N#Cc1ccnc(-c2cc(-c3c(F)c(F)c(C#N)c(F)c3C(F)(F)F)cc(-n3ccnc3C#N)n2)n1,20.63
Cn1c(-c2ccc(-c3ccc(C#N)c(C#N)c3)nc2)nc(-c2nc(C#N)c(N)[nH]2)c1-c1ccc(-c2ccc(C#N)nn2)cc1,22.22
N#Cc1ccc(CNC(=O)Cn2c(Cl)c[nH]c(=NCC(F)(F)c3ccc(F)cc3)c2=O)cc1,22.67
Nn1cc(-c2ccccc2)[nH]c1=S,23.47
Cc1noc(-c2ccc(-c3cc(-c4ncc(N)c(C#N)n4)ncc3F)cc2C#N)n1,22.87
N#Cc1ccc(-c2ccc(-c3cc(-c4ccc(C#N)cc4)nc(-c4cc(Oc5ccccc5)ccc4C#N)c3)cc2)cc1,21.85
N#Cc1ccc(-c2c(C#N)c(-c3nc(-c4cnc(C#N)c(C#N)n4)no3)c3c(=N)[nH]c(C#N)cn23)cc1,23.44
N#Cc1ccc(-c2ccc(-c3nc(-c4cccc(-c5ccc(C#N)nc5)c4)nc(-n4nccc4C#N)n3)cn2)cc1,16.39
N#Cc1ccc(-c2ccc(-c3nc(-n4ccc(-c5ccc(C#N)cc5)n4)nc(-n4nccc4C#N)n3)cc2)cc1,16.1
CCc1nc(-c2ccc(-n3c(-c4ccc(C#N)cc4C#N)cnc3-c3ccc(-c4ccc(C#N)cc4)cc3)cc2)no1,19.11
CN(C)C(=O)N1CCCC(NC(=O)c2nn(-c3ccc(F)c(F)c3)c(-c3ccc(-c4ccc(C#N)cc4)cc3)c2C#N)C1,30.64
N#CCc1ccc(C#N)nc1-c1nc(-c2cc(C#N)c(C(F)(F)F)c(C#N)c2)nc(N2CC3CC2C3)n1,19.23
Cn1c(C#N)ccc1-c1ccc(-c2nc(C#N)c(Nc3ccc(C#N)c(C#N)n3)n2CCOC2OC(CO)C(O)C(O)C2O)cc1,29.98
N#Cc1c[nH]c(C(=O)Nc2c(C#N)cc(-c3nc(-c4cnc(C#N)c(C#N)c4)nc(N4CC5CCC(C4)O5)n3)cc2N2CCOCC2)n1,25.3
N#Cc1cnc(-c2nccc(-c3cncc(-c4ncccn4)c3F)n2)cc1C#N,25.32
CC(C)OC(=O)CCc1cc(-c2ccc(-c3cnc(C(O)C(N)C(=O)O)c(C#N)c3)cc2C#N)no1,47.38
N#Cc1cc(-c2nccc(-c3cc(C#N)c(-c4ccsc4)nc3C#N)n2)cnc1C#N,17.93
N#Cc1cc(-c2cc(F)c(-c3nc(C#N)c(N)[nH]3)c(F)c2C#N)cc(-n2nc(C(F)(F)F)cc2C#N)c1,16.75
N#Cc1ccc(-c2ccc(C#N)nc2-c2cnc(C(F)(F)F)c(C#N)c2)nn1,20.45
Cn1nc(C#N)cc1-c1nc(-c2ccc(C#N)cc2)nc(-c2ccc(C#N)cc2O)c1C#N,18.24
N#Cc1ccc(-c2cc(-c3ccc(C#N)s3)cc(-c3ccccn3)n2)cc1,15.03
N#Cc1ccc(-n2cc(-c3ccnc(-c4c(F)c(F)c(C#N)c(F)c4F)n3)nn2)cc1,12.52
N#Cc1ccc(-c2cc(-c3cccc(C#N)n3)cc(-c3nc(C(=O)NCc4ccncc4)ccc3C#N)c2F)cc1,23.55
Cc1cc(=Nc2nc(-c3cc(-c4nc(-c5ccc(C#N)cc5)nc(-c5ccc(-c6ccc(C#N)cc6)cc5)n4)nc(C#N)n3)ncc2C#N)cc(C)[nH]1,17.91
N#Cc1ccc(-c2ncc(-c3nc(N4CCC(F)(F)CC4)nc(N4CC5CC4CO5)n3)cc2C#N)cc1C#N,18.2
N#Cc1ccc(-c2ccc(-c3nc(-c4ccc(C#N)cc4)nn3-c3ccc(-c4nc5cc(C#N)c(=N)[nH]c5s4)cc3)cc2)cc1,28.95
N#Cc1ccc(-c2ccc(-c3cc(-c4ccc(C#N)cc4)cc(-c4cc(-c5ccccc5)nc(-c5ccc(C#N)cc5)n4)c3)cc2)cc1,17.72
N#Cc1cccc(-c2nc(-c3ccc(C(F)(F)F)c(C#N)c3)nc(N3CCC(c4nc(-c5ccncc5)cn4CCN4CCC4)CC3)n2)n1,26.48
CC(C#N)(C#N)Sc1cc(-c2ccc(-c3ccc(C#N)cc3)cc2)nc(-c2ccc(-c3ccc(C#N)cc3)cc2)n1,19.01
N#Cc1ccc(-c2ccc(Nc3c(Nc4cccc(C#N)c4)c(=O)c3=O)cc2C#N)cc1,22.02
Cc1nc2c(N3CCCCC3)nc(-c3ccc(C#N)cc3)nn2c(=O)c1CCN(C#N)CCn1nc(-c2ccc(F)cc2)cc1C#N,36.85
N#Cc1ccc(-c2nc(CCc3ccc(C#N)cn3)nc(-c3cc(C#N)c(C#N)c(-c4ccc(C#N)cc4)c3)n2)cc1,16.85
N#Cc1ccc(F)cc1-c1nc(-c2cc(-c3nnc(N)c(C#N)n3)ccc2F)c(C#N)cc1C#N,20.75
Cc1ncc2c(c1-c1nc(=Nc3cnc(C#N)c(Cl)c3)nc(-c3cnc(C#N)c(C#N)c3)[nH]1)CCCC2,33.45
COc1cc(-c2ccc3ncn(-c4ccc(-c5ccc(CN(C)c6cc(N=CN7CCN(C=O)CC7)nc(N=CN7CCN(C=O)CC7)n6)cc5)cc4)c(=O)c3c2)ccc1N(C)C,29.61
N#Cc1ccc(-c2ccc(-c3cc(-c4ccc(C#N)s4)cc(-c4nc(-c5ccc(C#N)cc5)nc(-c5ccc(-c6ccc(C#N)cc6)cc5)n4)n3)cc2)cc1,18.61
CN(C)C1CN(c2ncc(-c3nccnc3C#N)cc2-c2cc(F)c(C#N)c(C#N)c2)C1,29.68
COCc1nc(-c2nnc(C#N)o2)c(C#N)cc1-c1ccc(F)c(-c2ccc(C#N)cn2)c1,20.11
COc1nc(-c2ccc(-c3ccc(C#N)cc3)c(C#N)c2)nc(-c2nc(-n3ccc(=O)n(Cc4cccc(C#N)n4)c3=O)ccc2F)c1C#N,38.35
CC1C(Oc2cncc(C#N)c2)CN1c1nc(-c2ccc(F)c(C#N)c2)nc(-c2cnc(C#N)c(C#N)c2)n1,16.63
N#Cc1ccc(-c2nc(C#N)c(C#N)nc2-c2ccc(-c3cncc(-c4nc(-c5ccc(-c6ccc(C#N)c(C#N)c6)cc5)nc(-c5cnc(C#N)c(C#N)c5)n4)c3)cc2)cc1,17.66
CC(N)c1ncc(-c2cc(-c3cnc(-c4cnc(C#N)o4)c(C#N)c3)nc(C#N)n2)cn1,19.39
Cc1ccc(-n2nc(C(F)F)cc2C#N)cc1-c1nc(-c2ccc(-c3cccc(C#N)c3)cc2)nc(-c2cnc(C#N)c(C#N)c2)n1,19.53
CCCOc1ccc(-c2ccc(-c3nc(-c4ccc(-c5ccc(C#N)c(C#N)c5)nc4)n(C)n3)cc2C#N)cc1C#N,28.57
N#Cc1ccc(-c2ncc(-c3ccc(-c4ccc(C#N)nc4)nc3)cc2C#N)cc1,10.09
N#Cc1ccc(-c2cc(-c3ccc(C#N)cc3)c3c(C#N)nn(-c4ccc(-c5ccc(O)c(C#N)c5)cc4)c3n2)cc1,18.74
CC(Oc1ncc(-c2nc(-c3cc(N(C)C)cc(C#N)n3)nc(N3CC4COC4C3)n2)cc1C#N)C(F)(F)F,30.23
N#Cc1ccc(-c2cc(-c3cc(C(F)(F)F)c(-c4ccc(C#N)cc4)cn3)nc(CF)n2)cc1,30.31
Cc1cc(C)nc(-c2cc3c(-c4ccnc(C#N)c4)c(-c4ccc(C#N)cc4)nn3c(-c3ccc(C#N)cc3)n2)c1,31.24
N#Cc1ccc(-c2ccc(-c3nc(-c4ccc(NC(C#N)CO)c(C#N)c4)nc(-c4cnc(C#N)c(C#N)c4)n3)cc2C#N)cc1,16.4
N#CCCn1cc(-c2ccc(C#N)c(-c3ccnc(C#N)n3)n2)c(-c2cc(C#N)c(-c3ccc(C#N)c(F)c3)cn2)n1,30.34
N#Cc1ccc(-c2ncc(-c3nc(C#N)nn3-c3cccc(-c4cc(F)cc(F)c4)c3)cc2C#N)cn1,20.15
CC(C)(C)OC(=O)n1c(C#N)ccc1-c1ccc(-c2ccc(-c3cnc(C#N)c(C#N)c3-c3ccc4c(c3)CCC4=NO)nc2C#N)cn1,34.19
N#Cc1ccc(-c2nc(-c3ccc(-c4ccc(-c5ccc(C#N)cc5)c(=NC(=O)C(=O)N=Cc5ccc(C(N)N)cc5)[nH]4)cc3)c(C(F)(F)F)o2)cc1,35.27
N#Cc1ccc(C#N)c(-c2nc(-c3cc(C#N)c(N4CCOCC4)nc3C(C#N)C#N)nc(N3CC4CC3CS4)n2)n1,23.43
COc1cccc(C#Cc2ccc(-c3cnc(-c4ccc(Cl)c(C#N)c4)c(C#N)c3)nc2)n1,22.74
N#Cc1ccc(-c2nc(C#N)cc3c2CCc2cc(C#N)nc(-c4cccc(C#N)c4)c2-3)cc1,24.67
COC1CN(c2nc(-c3cnc(-c4ccc(C#N)cc4)c(C#N)c3)nc(N3CC4CC3C4)n2)CC1C,22.65
N#Cc1ccc(-c2ncc(C=CC(=O)c3cccc(-c4cccc(C#N)c4)c3)c(-c3ccc(C#N)cc3)n2)cc1,20.47
Cc1ncc(-c2cccc(C#N)n2)nc1-c1cc(C#N)c(C#N)c(Nc2cnc(C#N)c(F)c2)n1,20.74
CC(=O)NN(C)CC(Oc1c(C#N)cc(-c2nc(-c3cccc(C#N)n3)cc(N3CCOCC3)n2)nc1C#N)C(F)F,30.3
N#Cc1ccc(-c2ccc(-c3c(C#N)c(C(N)=S)nn3-c3ccc(C#N)cn3)cc2)cc1,24.74
C=CC(=O)Nc1cc(N=c2cnc(-c3cnc(-c4ccc(F)c(F)c4)c(C#N)c3)c[nH]2)ccc1C#N,25.36
N#Cc1ccc(-c2cc(C#N)no2)cc1,14.26
N#CCNC(=O)CCc1cc(-c2ccc(-c3ccc(C#N)cc3)cc2)n(-c2ccc(-c3ccc(-c4ccc(-c5ccc(C#N)cc5)cc4)c(C#N)n3)cc2)n1,19.78
N#Cc1ccc(-c2nc(-c3cc(C#N)c(C#N)c(C#N)n3)nc(N3CC4CC3C4)n2)cn1,12.06
N#Cc1ccc(-c2cc(-c3cc(-c4cnc(-c5ccc(F)cn5)nc4)nc(-c4ccc(-c5cc(F)c(C#N)c(C#N)n5)cc4)n3)cc(-c3ccc(-c4ccc(C#N)c(C#N)c4)cc3)n2)cc1,37.6
N#Cc1ccc(-c2nc(C#N)c(C#N)nc2-c2ccc(-c3cncc(-c4ccc(C#N)nc4)c3)cc2)cc1,16.68
N#Cc1ccc(-c2cc(-c3nc(-c4ccc(C#N)cc4)nc(-c4ccc(-c5cc(Cl)cc(Cl)c5)cc4)c3C#N)nc(-c3ccc(C#N)cc3)n2)cc1,21.17
CN(C)CC1CCN(c2nc(-c3cc(C#N)c(-c4ccc(C#N)c(C#N)c4)cn3)cs2)CC1,24.87
N#Cc1cccc(-c2cc(-c3cc(-c4cnc(C#N)c(C#N)c4)nc(N4CC5CC4C5)n3)n[nH]2)n1,18.54
N#Cc1ccc(-c2ccc(-c3nc(-c4cc(-c5ccc(-c6ccc(C#N)cn6)cc5)c(C#N)c(=N)[nH]4)c(O)[nH]3)cc2)cc1,24.13
Cn1nc(-c2ccccn2)cc1-c1nc(-c2ccc(C#N)cc2)nc(-c2c(F)c(F)c(C#N)c(F)c2F)n1,12.18
N#Cc1cc(-c2ccc(C#N)c(C#N)c2)cc(-c2ccc(-c3cnco3)c(C#N)c2)n1,18.1
N#Cc1ncc(-c2ncc(-c3ncc(-c4ccc(-c5nc(C#N)c(N)o5)nc4)cc3C#N)cc2C#N)o1,22.33
N#Cc1cccc(-c2cnn(-c3ccc(C#N)c(C#N)c3)c2)c1,14.34
N#Cc1ncc2c(n1)CCN(c1ccc(-c3cc(N4CC5CC4CO5)nc(-c4cnc(C#N)c(C#N)c4)n3)cc1C#N)C2,22.17
CC(C)Oc1ncc(-c2nc(-c3nc(C#N)c(Cl)c(OC(C)C)c3F)nc(N3CC4CC3C4)n2)cc1C#N,23.89
CCn1c(C#N)ccc1-c1ccc(-c2cc(-c3cccc(C#N)n3)nc(-c3ccc(C#N)cc3)n2)cc1,19.57
Cc1ccc(-c2nc(-c3cnc(C#N)c(C#N)c3)nc(-c3nc(C#N)ccc3C#N)n2)cc1C#N,13.21
CC1(O)CC(c2nc(-c3ccc(C#N)cn3)cc(-c3nc(-c4ccc(C#N)cc4)nc(-c4ccc(-c5ccc(C#N)cn5)cc4)n3)n2)C1,18.72
CC(C)(C)c1ncc(-c2nc(-c3ccc(-c4ccc(C#N)cc4)cc3)nc(-c3ccc(-c4ccc(C#N)cc4)nc3)n2)cc1C#N,16.63
CN(C)c1cc[nH]c(=NN=Cc2ccc(OCc3ccc(-c4ccc(C#N)cc4)cn3)c(Cl)c2)n1,33.92
Cn1nc(-c2cc(-c3ccc(C#N)cc3)nc(-c3ccc(C#N)cc3)n2)nc1-c1cnnn1-c1ccc(-c2ccc(C#N)cc2)cn1,27.56
COCc1c(-c2cnc(C#N)cn2)nc(-c2cc(C#N)c(C#N)c(Cl)n2)nc1N1CCC(F)(F)C1,22.16
Cc1nnc(-c2cc(-c3nc(CNC4(C)COC(n5cnccc5=O)C(C#N)C4)c(Cl)cc3F)ccc2F)o1,41.58
N#Cc1ccc(-c2ccc(-c3cc(C#N)cc(-c4nn(C5CC5)c5nc(-c6cccnc6)nc(C#N)c45)n3)cc2)cc1,29.92
Cc1c(-c2nc(C#N)nc(-c3ccc(C#N)cn3)c2C#N)ccc(-c2ccc(N)c(C#N)n2)c1C#N,20.75
CC(C)(O)c1nc(C=Cc2nc(-c3ccc(C#N)nc3)cc(-c3ccc(-c4ccc(-c5ccc(-c6ccc(C#N)cc6)cc5)c(-c5ccc(C#N)cc5)c4)cn3)n2)ccc1C#N,35.86
CCc1nc(-c2nnc(C#N)o2)c(C#N)cc1-c1cc(-n2c(C#N)cc3cc(-c4cc(F)c(C#N)c(C#N)c4)ccc32)cc(C#N)n1,24.97
COc1nc(-c2nc(-c3ccc(C#N)cc3)nc(-c3ccc(-c4cc(F)c(C#N)c(C#N)c4)cc3)n2)ccc1-n1nccc1C#N,13.79
N#Cc1ccc(-c2cc(-n3[nH]c(C#N)c(C#N)c3=N)nc(-c3cnc(C#N)cc3C#N)n2)cc1,27.5
CC1CC(OCC2CCOCC2)CCN1c1nc(-c2cnc(C(C)(C)O)c(C#N)c2)nc(-c2cccc(C#N)n2)n1,19.67
Cc1nnc(-c2ccc(C#N)c(C#N)c2)cc1-c1nc(N(CCF)C(=O)C2CCN(S(=O)(=O)c3ccc(C#N)cc3)CC2)nc(-c2ccc(C#N)cc2)c1C#N,41.19
N#Cc1ccc(-c2cc(C#Cc3ccc(-c4cc(C#N)cc(C#N)c4)cc3)nc(C#N)n2)cc1,18.44
CN(C)c1cc(N)c(-c2cnc(-c3ccc(-c4ccc(NC5CCN(Cc6ccc(C#N)cc6)CC5)c(C#N)n4)cc3)o2)cc1C#N,27.45
COc1c(Cl)cc(CN=c2nc(C#N)[nH]cc2C(=O)N(c2ccc(NS(=O)(=O)c3ccc(C#N)c(F)c3)c(C#N)c2)c2ccnc(C#N)n2)cc1Cl,43.06
N#Cc1ccc(-c2nccc(-c3cnc(-c4ccc(-c5ccc(C#N)nc5)nc4)c(C#N)c3)n2)cc1,16.45
CC(C#N)(C#N)Cn1cc(-c2cc3c(-c4ccc(C#N)cc4)nc(-c4ccc(C(C)(C)c5nc(C#N)nc(C(=O)N6CCC(N)C6)n5)c(C#N)c4)n3cn2)cn1,48.22
N#Cc1cc(-c2ncc(-c3cc(F)cc(-n4nccc4C#N)c3)cc2C#N)nc(C#N)n1,16.6
CCCOc1cc(C#N)cc(-c2cn(-c3ncc(-c4ccc(C#N)c(C#N)c4)cc3C#N)cn2)c1,27.08
Cn1nc(-c2cc(C#N)c(-c3ccc(F)c(F)c3)cn2)nc1-c1cnc(N2CCC(F)C2)c(C#N)c1,16.7
N#Cc1cc(-n2cccc2C#N)ccc1-c1ccc(-c2nc(C#N)c(C#N)nc2C#N)nc1,17.35
CNc1oc(-c2ccc(-c3ccc(-n4c(C#N)ccc4C#N)c(F)c3C#N)cc2)nc1C#N,16.06
N#Cc1ccc(-c2cc(-c3ccc(C#N)c(C#N)c3)c(C#N)c(-c3cnc(N)c(C#N)n3)n2)nc1,13.37
N#Cc1ccc(-c2cc(-c3nc(-c4ccc(C#N)cc4)nc(-c4c(F)c(F)c(C#N)c(F)c4F)n3)cc(-n3cccc3C#N)c2)cc1,17.3
Cc1ccc(-c2nc(-c3cccc(C#N)n3)nc(C3CCC(NC(C)C#N)CC3)n2)cc1C#N,15.18
N#Cc1ccc(-c2cc(-c3ccc(-c4cc(C#N)nc(C#N)n4)nc3)nc(-c3ccc(Cl)c(C#N)n3)c2)cc1,21.73
CC(=O)c1c[nH]c2cc(-c3ccc(OC4CCOCC4)c(C#N)c3)c(F)cc2c1=Nc1ccc(Cl)c(CO)c1,34.69
Cc1c(N=c2[nH]c(C#N)c(-c3ccc(-c4ccc(C#N)cc4)cc3)s2)c(=O)n(-c2ccc(-c3cc(F)c(C#N)c(C#N)c3)cc2)n1C,29.96
N#Cc1ccc(-c2cc(-c3cc(-c4cc(-c5nccc(C#N)n5)ccc4F)cc(C#N)c3C#N)c(F)cc2C#N)cc1,22.0
Cc1nc(C#N)cn1-c1cc(-c2ccc(-c3cc(N4CCOCC4)nc(Cl)n3)cc2)cc(-c2ccc(C#N)c(C#N)n2)c1,26.08
Cc1ncc(C#N)n1-c1cc(-c2ccc(C#N)nc2)nc(-c2ccc(-c3ccc(C#N)c(F)c3)cc2)n1,17.1
N#Cc1cc2c(Cl)c(-n3nnc(-c4ccc(-c5ccc(C#N)c(F)c5)c(C#N)c4)n3)nnc2c(C#N)n1,31.07
Cn1c(-c2ccc(C#N)cc2)nc(-c2ccc(-c3ccc(-c4ccc(C#N)cc4)cc3)cc2)c1-c1nc(C#N)cc(-c2ccc(C#N)[nH]2)c1C#N,24.09
Cn1cc(-c2cnc(-c3cc(C#N)nc(C#N)n3)cc2Oc2ccc(F)c(C#N)c2)cc1C#N,26.28
N#Cc1ccc(Cn2cnc(-c3ccc(-c4ccc5c(c4)OCO5)nc3)c2-c2ccc(-c3ccc(C#N)cc3)c(C#N)c2)cc1,25.5
N#Cc1cccc(-n2cnc(-c3cc(C#N)sc3C(F)(F)F)c2)n1,24.66
CC(C)(COc1ncc(-c2ncc(-c3cncc(C#Cc4ccc(C#N)c(C#N)c4)c3)cc2C#N)cn1)C(=O)O,31.04
Cn1cncc1CN(Cc1cccc(C#N)c1)c1cnc(-c2ccc(F)cc2)nc1,28.13
N#Cc1cc2ccccc2cc1C#N,15.42
N#Cc1noc(-c2ccc(-c3nc(C(N)=O)c(-c4ccc(-c5c[nH]c(=N)cn5)cc4)cc3C#N)cc2C#N)n1,14.95
N#Cc1cccc(-c2nc(-c3cnc(OC(F)F)c(Cl)c3)nc(C3CCCCC3)n2)n1,17.51
Cc1nccc(-c2cc(-c3cccc(-c4ccc(-c5ccc(C#N)cc5)cc4)c3)cc(-c3ccc(-c4nc(Cl)nc(Cl)n4)cc3)n2)n1,21.38
N#Cc1cc(-c2ccc(-n3cc(C#N)c(-c4ccc(C#N)c(C#N)c4)n3)c(F)c2C#N)ccc1F,21.86
N#Cc1ccc(-c2ccc(-c3nc(-c4ccc(C#N)nc4)cc(-c4cc(C#N)cc(-c5ccc(-c6ccc(C#N)cc6F)nc5)c4)n3)cn2)cc1,20.69
N#Cc1ccc(-c2ncc(-c3ccc(-c4cnc(N)cc4C#N)cc3)cc2C#N)cc1,17.81
Cc1cc(-c2cc(C#N)ccc2C#N)nc(S(=O)(=O)Nc2ccc(Cl)cc2C#N)c1C#N,28.32
N#Cc1ccc(-c2ccc(-c3cc(-c4ccc(-c5cc(-c6ccc(C#N)nc6)c(C#N)c(=N)[nH]5)cc4)cc(-c4cccc(-c5cc6ccncc6c(C#N)n5)c4)c3)cc2)cc1,36.2
CC(C)n1c(-c2ccc(C#N)c(-c3cncc(-n4cnc(C#N)c4)c3)c2)nc(C#N)c1NC1CC(CO)C(O)C1O,29.32
N#Cc1cc(-c2ccc(-c3nc(C(F)(F)F)ncc3-c3ccccc3C#N)cn2)ccc1F,24.66
N#Cc1ccc(-c2ncc(-c3ccc(-c4cnc(N=c5cc[nH]c(C#N)n5)c(C#N)n4)cc3)cc2C#N)cc1,14.44
Cn1c(-c2ccc(Cl)cc2)ccc1-c1nc(-c2ccc(-c3ccc(C#N)cn3)nc2)nc(-c2ccc(Br)s2)n1,24.62
Cc1cc(-c2cc(Cl)c(-c3noc(-c4cnc(OC(CCO)C(F)F)c(C#N)c4)n3)c(Cl)c2)nc(C#N)n1,34.62
Cn1c(-c2ccc(-c3cccc(C#N)n3)nc2)nc(-c2ccc(-c3ccc(-c4ccc(C#N)cc4)cc3)cc2C(=O)O)c1-c1ccc(C#N)c(C#N)c1,28.96
N#Cc1ccc2c(c1)C(=O)C1CCCCC1C2(C#N)C#N,25.27
N#Cc1ccc(-c2ccc(-c3cc(-c4cc(-c5ccc(C#N)c(Cl)c5)nc(-c5nc(C#N)c(N)n5C#N)c4)nc(C#N)n3)cc2C#N)cc1,27.63
CCOCCn1c(-c2ccc(C#N)cc2)nc2c(C#N)c(C#N)c(-c3ccc(C#N)cc3)c(-c3nc(-c4ccc(OC)cc4)nn3-c3ccc(C#N)cc3C#N)c21,33.61
CS(=O)(=O)N1CCN(c2ncc(C(=O)Nc3ccc(-n4nc(C(F)F)cc4C#N)cn3)cc2-c2ccnc(C#N)c2)CC1,30.62
N#Cc1ccc(-c2cc(-n3nccc3C#N)cc(-c3ccc(C#N)nc3)n2)cc1,13.11
N#Cc1nc(-c2nc(-c3nc(C(F)(F)F)nc(C(F)(F)F)c3C#N)cc(-c3ccc(Cl)c(F)c3F)c2C#N)cnc1NC(C#N)C(N)=O,32.98
CC(C)Oc1ncc(-c2nc(-c3cc(C4CC4)nc(C#N)c3F)nc(N3CCOCC3)n2)cc1C#N,20.37
Cn1c(C#N)ccc1-c1ccc(NS(=O)(=O)c2ccc(-c3noc(C(F)(F)F)n3)cc2)cc1,21.67
N#Cc1ccc(-c2ccc(-c3nc(-c4cc(-c5ccc(C#N)cc5)c(C#N)c(=N)[nH]4)c(C#N)c(-c4ccc(F)cc4O)n3)cc2)cc1,24.06
N#Cc1ccc(-c2ccc(-c3cnc(-c4ccc(-c5cnc(-c6ccc(C#N)cc6)c(C#N)c5)cc4)o3)cc2C#N)cc1,16.35
N#Cc1ccc(-c2ccc(-c3ccc4c(=O)cc(C5(C#N)CCCCC5)[nH]c4n3)o2)cc1,37.89
CC(C)Oc1ncc(-c2nc(-c3cnc(CC#N)c(C#N)c3)nc(N3CC4CC3CO4)n2)cc1C#N,16.45
N#Cc1ccc(-c2ccc(-c3cc[nH]c(=Nc4ccccc4C#N)n3)cc2)cc1,19.32
N#Cc1cccc(-c2c[nH]c(-c3c[nH]c4c(C#N)cc(-c5ccc(F)cc5F)cc34)n2)n1,32.38
Cn1nc(-c2cc(C#N)c(C#N)c(-c3ccc(C#N)c(C#N)c3F)n2)nc1-c1ccc(-c2nc(-c3ccc(Cl)c(Cl)c3)c(C#N)s2)c(C(F)(F)F)c1,27.05
Cc1cc(C#N)n(-c2cnc(-c3cc(C#N)c(-c4cnc(C#N)o4)nc3C(C)C)cc2F)n1,17.97
N#Cc1cc(C2=NC3=NC4CC(CC(c5cc(F)c(OCc6ccccn6)c(C#N)c5)=N2)N3C4)nc(C#N)c1C#N,27.97
CC(C=CC=C(C#N)c1cc(-c2nc(-c3c(F)c(F)c(C#N)c(F)c3F)nc(S(C)(=O)=O)n2)cc(-c2ccc(C#N)cc2)c1C#N)=CC(=O)O,37.1
N#Cc1ccc(-c2ccc(-c3nc(-c4ccc(C#N)c(C#N)c4)cc(-n4nccc4C#N)n3)cn2)cc1C#N,14.47
N#Cc1ccc(CNC(=O)c2cc(C#N)n(-c3cc(-c4ccc(C#N)cc4)cc(-c4ccc(C#N)nc4)c3)n2)cc1,19.83
N#Cc1ccc(-c2nc(-c3ccc(C#N)cc3)nc(-c3ccc(-n4cc(-c5ccc([N+](=O)[O-])cn5)c(C(F)(F)F)n4)cn3)n2)cc1,26.88
CC(C#Cc1cc(-c2cnc(-c3nc(C#N)no3)c(C#N)c2)nc(C#N)n1)c1ncc(-c2nc(C#N)nn2C)cc1C#N,22.96
CCOc1ccc(-c2ccc(-c3cc(C#N)c(-c4ccc(-c5cc(C#N)nc(Cl)n5)cc4C)nc3C(=O)O)cc2)cc1,30.74
CN1CCN(c2nc(C(C#N)c3c[nH]c(=N)c(C#N)c3)c(-c3ccccc3C#N)nc2C#N)CC1,32.11
N#Cc1cc(Oc2ccc(S(=O)(=O)N=c3[nH]c(C#N)c(F)s3)cc2C#N)c2ncccc2c1,24.41
Cn1c(-c2cc(-c3ccc(C#N)cc3)c(C#N)nc2-c2cc(C#N)c(C#N)c(-c3ccc(C#N)cc3)c2)nc(C#N)c1Nc1ccc(C#N)c(C#N)c1,35.86
CC1COCCN1c1nc(-c2cnc(-c3ccc(C#N)cc3)c(C#N)c2)nc(C2CC(F)(F)C2)n1,15.31
N#Cc1ccc(-c2ccc(-c3nc(-c4ccc(C#N)cc4)nc(-c4cc(-n5c(C#N)cnc5-c5ccc(-c6ccc(C#N)cc6)nc5)nc(C#N)n4)n3)cn2)cc1,14.87
CC(C)C(CO)NCc1ncc(-c2nc(-c3ccc(C#N)cc3)nn2C)cc1C#N,12.36
CN(C)CC(c1cccc(F)c1F)n1cc(C#N)c2ccc(N=c3[nH]ncc4ccccc34)cc21,47.61
Cc1cc(-c2cc(-c3ncc(C#N)c(C#N)n3)nc(-n3cncc3C#N)c2)ccc1C#N,23.59
N=c1ccc(C#Cc2nc(C(N)=O)ncc2-c2ccc(C(=O)N3CCN(C(F)F)CC3)c(F)c2)c[nH]1,24.25
Cn1nc(-c2cnc(-c3ccc(C#N)s3)c(-c3ccc(C#N)cc3)c2)nc1-c1cnc(C#N)c(C#N)c1,15.32
N#Cc1ccc(-c2nc(-c3cccc(-n4ccc(-c5ccc(F)c(C#N)c5)n4)n3)ncc2C#N)cc1,22.05
CC(=O)c1cc(-c2ncc(-c3cc(C(=O)NS(=O)(=O)c4ccc(C#N)cc4-c4cccc(C(F)(F)F)n4)c(Cl)c(Cl)n3)cc2C#N)on1,39.35
N#Cc1ccc(-c2nc(CN3CCN(c4nc(-c5ccc(C#N)cc5)c(C#N)c(-c5ccc(-c6ccc(C#N)nc6)cc5F)n4)CC3)no2)cc1,28.79
CC(C)Oc1ncc(-c2cc(C#N)c(Sc3cc(C#N)cc(C#N)c3)c(-c3nc(C#N)cn3C)n2)cc1C#N,14.78
N#Cc1nc(C#N)c(-c2ccc(COc3ccc(NC(=O)Nc4cc(F)c(F)c(F)c4)c(OC(F)F)c3)cn2)nc1C#N,40.5
CCNS(=O)(=O)c1cccc(-c2ccc(-c3ccc(-c4nc(C#N)c(C#N)nc4C#N)c(C#N)c3)cc2C#N)c1C#N,36.02
N#Cc1nc(-c2cnc(-c3ccc(F)c(C#N)c3)c(C#N)c2)n(CC2CNC2)n1,12.66
N#Cc1ccc(-n2cc(C#N)c3cc(-n4c(C#N)cnc4C#N)ccc3c2=O)cc1C#N,17.53
N#Cc1ccc(-c2nc(C#N)c(C#N)nc2-c2ccc(-c3cc(-c4cccc(C#N)n4)nc(-c4ccc(C#N)nc4)n3)cc2)cc1,15.97
N#Cc1cc(-c2cccc(C#N)n2)cc(-c2ccc(-c3nc(C#N)c(C#N)nc3-c3cccc(C#N)c3)cc2F)c1,22.47
N#Cc1cc(-c2ccc(-c3nc(C#N)ncc3C#N)s2)nc(-c2cccc(C(F)(F)F)c2F)n1,22.49
N#Cc1ccc(OCc2cnc(-c3ccc(C#N)nc3)c(-c3nc(C#N)nc(C#N)n3)c2)cc1,21.14
N#Cc1ccc(-c2ccc(-c3nn(-c4ccc(-c5cnc(C#N)s5)cc4C#N)nc3C#N)cc2C#N)nc1,17.56
N#Cc1nc(-c2cnc(-c3ccc(Cl)cc3)c(C#N)c2)n(CCN2CCC2)n1,13.09
CC(=O)NCc1cc(-c2nnc(-c3ccc(-c4ccc(C#N)nc4)cc3)c(-c3ccc(C#N)cc3)c2C#N)ccn1,27.44
CC(C)c1nc(N2CC(F)C2)c(C#N)cc1-c1nc(-c2cccc(C#N)n2)nc(N2CC3OCCC3(F)C2)n1,22.85
N#Cc1cccc(CN(CC2(N)CC2)C(=O)c2ccc(-c3ccc(C#N)cc3C#N)cc2Cl)c1,36.68
CC(=O)OCC=C(C#N)c1nc(-c2cc(C#N)nn2-c2ccc(F)cc2F)c(C#N)c(-c2ccc(-c3ccc(C#N)c(C#N)c3)cc2)c1C#N,28.83
Cn1nc(-c2cnc(-c3ccc(F)cc3)c(C#N)c2)nc1-c1cnc(OCCC2CCOCC2)c(C#N)c1,14.91
N#CCCN=c1[nH]cc(-c2nc(-c3ccc(-c4ccccc4C#N)c(C#N)c3)nc(-c3cnc(N4CC(F)C4)c(C#N)c3)n2)cc1C#N,22.79
Cc1nc(-c2ccc(C#N)cc2)c(C#N)cc1-c1ccc(-c2ccc(C#N)cc2)s1,19.27
N#Cc1ccc(-c2cc(-c3ccc(-n4cncc4C#N)c(F)c3)nc(-c3ccc(C#N)cc3)n2)cc1,17.92
CC(C)Oc1ncc(-c2nc(-c3cc(C#N)ccc3C#N)cc(N3CC4CCC(C3)O4)n2)cc1C#N,20.72
Cc1nc(-c2cnc(-c3ccc(C#N)cc3)c(C#N)c2)ccc1-c1cc(C#N)cnc1-c1ccc(C#N)cn1,20.97
Cc1cc(-c2cnc(-c3cc(-c4ccc(C#N)cc4)cc(-c4csc(-c5ccc(-c6cccc(C#N)n6)cc5)n4)c3)c(C)n2)cc(C#N)n1,36.71
N#Cc1ccc(-c2cc(-c3cc(C#N)cc(-n4nccc4C#N)c3)cc(F)c2C#N)cc1,13.44
N#Cc1ccc(CCN2CC(CNC(=O)Cc3ccc(-c4ccc(C#N)cc4)cc3)C(c3ccc(C#N)cc3)C2)cc1,29.72
N#Cc1ccc(-c2ccc(-c3cc(-c4ccc(C#N)cc4)cc(-c4cc(-c5cccc(C#N)n5)nc(-c5ccc(-c6ccc(C#N)cc6)nc5)n4)n3)cc2)cc1,14.13
N#Cc1ccc(-c2cc(-c3ccc(-c4nc(-c5cnc(C#N)c(C#N)c5)nc(-c5c(F)c(F)c(C#N)c(F)c5F)n4)c(F)c3F)cc(-c3ccc(Cl)c(Cl)c3)n2)cc1F,24.7
COc1ncc(-c2cc(-n3nc(C(F)(F)F)cc3C#N)nc(C#N)n2)cc1Cl,14.28
Cn1cc(-c2ccc(-c3cnc4c(c3)C(OCC(F)F)C(=O)N4)cn2)c(-c2cccc(C#N)n2)n1,36.19
COc1cc(C#N)ccc1N=c1nc(C#N)[nH]c(=Nc2ccc(C#N)cc2Br)[nH]1,19.72
N#Cc1cnc2c(c1)OCCC2NC(=O)c1cc(-c2ccc3ncc(C#N)n3c2)cc(C#N)n1,34.89
C#CCCCCCCCCCCC(=O)OC1C(O)COC(n2cnc(C#N)n2)C1OC(=O)CCCN,36.61
N#CCc1ncc(-c2nc(-c3cncc(C#Cc4ccc(F)c(F)c4)c3)nc(N3CCCC3C#N)n2)cc1C#N,29.81
N#Cc1ccc(-c2ccc(-c3nc(-c4cnc(-c5ccc(-c6ccc(C#N)nc6)cc5)c(-c5ccc(C#N)cc5)n4)nc(-n4nccc4C#N)n3)nc2)cc1,21.21
COc1ccc(-c2csc(NC(=O)CN3CCN(C)CC3)n2)cc1,26.88
N#Cc1ccc(-c2ccc(-c3c(Br)c(=O)n4ncnc4n3Cc3ccc(-c4ccccc4-c4nc(=O)s[nH]4)cc3)s2)cc1,37.39
CC(C)n1c(-c2cc(-c3ccc(-c4cnc(C#N)c(C#N)c4)s3)nc(-c3cccc(C#N)c3C#N)n2)nn(-c2cccc(F)c2F)c1=O,40.09
N#Cc1ccc(C#N)c(-c2nc(-c3ccc(C#N)c(C#N)c3)nc(N3CC4CC3CO4)n2)n1,11.55
N#CCn1cc(-c2cncc(-c3ccc(C#N)cc3)n2)c(-c2cnc(-c3cccc(C(F)(F)F)c3)c(C#N)n2)n1,17.25
COc1ccc2c(=O)n(-c3ccc4c(c3)-c3cccnc3C4=NO)cc(C#N)c2c1,32.99
N#Cc1cc(C#N)n(-c2nc(-c3cnc(C#N)c(C#N)c3)nc(-n3cccc3C#N)n2)n1,12.07
CCCS(=O)(=O)Nc1ccc(F)c(-c2nc(-c3cnc(C#N)c(C#N)c3)nc(-n3cnc(Cl)n3)c2F)c1F,26.79
N#Cc1ccc(-c2ccc(-c3ccc4c(n3)C(=O)c3ccc(Nc5nccc(Nc6ccc7c(c6)C(=O)c6ccc(N)cc6C7=O)n5)cc3C4=O)cc2C#N)cc1,12.83
Cc1ncc(-c2nc(-c3cccc(C#N)n3)nc(N3CC(NC(=O)OC(C)(C)C)C3)n2)cc1C#N,15.47
COc1cc(N2CCC(c3cnccn3)CC2)nc(C#N)n1,27.98
Cn1nc(-c2ccc(-c3nnco3)c(C#N)c2)nc1-c1cc(C#N)c(OCc2ccnc(C#N)c2)nc1F,22.46
N#Cc1ccc(-c2cccc(-c3c(C#N)c(F)cc4cc(-c5ccc(C#N)cc5)nn34)c2)cc1,29.92
CSc1cc(-c2ccc(F)nc2)cc(C(CC#N)N=c2cc(C#N)[nH]c3cc(-c4cc(C#N)c(C#N)o4)ccc23)c1,42.65
N#Cc1ccc(-c2cc(-c3ccc(-c4nc(C(F)(F)F)no4)c(C#N)c3)nc(N3CC(O)C3)n2)cc1Cl,21.72
N#Cc1cccc(-c2nc(-c3ccc(F)c(C#N)c3)nc(N3CCC(c4nc(C#N)n[nH]4)CC3)n2)n1,24.93
CC(C)(C#N)c1c(-c2cc(-c3cnnc(-c4ccc(C#N)cc4)c3C#N)nc(C#N)n2)nnn1CC(=O)Nc1cccc(C#N)c1,41.34
N#Cc1ccc(-c2c(C#N)c(C#CCCO)cc3ccnn23)cc1,26.34
N#Cc1cc(C#N)c(-c2ccccc2C#N)[nH]1,14.53
CC(C)Oc1ncc(-c2nc(-c3nc(C#N)ccc3C#N)nc(N3CCC(F)(F)C3)n2)cc1C#N,10.98
Cc1ncc(-c2nc(CCC3CC3)nc(-c3cccc(C#N)n3)n2)cc1C#N,10.38
N#Cc1ccc(-c2ccc(-c3nc(-c4ccc(OCCN5CCOCC5)cn4)sc3C#N)cc2)cc1,23.59
N#Cc1ccc(-c2ccc(-c3nc(-c4ccc(C#N)c(F)c4)nn3-c3cc(-c4ccc(-c5ccc(C#N)c(C#N)c5)nc4)cc(-c4cccc(-c5cccc(C#N)n5)c4)n3)cc2)cc1,24.38
N#Cc1cc(C#N)cc(-c2ccc(C#CCSCC3CN(c4ccc(-n5cnc(C#N)c5)nc4)C(=O)O3)cn2)c1,36.64
N#Cc1ccc(-c2nc(-c3nc(C#N)nc(-c4ccc(-c5cccc(C#N)c5)c(C#N)c4)n3)cc(-n3cnnc3)n2)cc1,24.54
Cc1ccc(C#N)n1-c1cc(-c2ccc(C#N)cc2)nc(-c2cc(-c3ccc(C#N)cc3)nc(-c3ccc(C#N)cc3)n2)c1,18.99
Cc1nc(-c2cnc(-c3ccc(C#N)c(F)c3)c(C#N)c2)c(F)c(-c2nc(Cl)nc(N3CCCC3)c2F)n1,21.83
N#Cc1ccc(-c2ccc(-c3nc(C#N)c(NCc4ccc(C#N)nc4)c(Cc4ccc(-c5ccc(C#N)c(C#N)c5)cc4)n3)cn2)cc1,25.81
N#Cc1ccc(C2=CCc3c(c(C#N)nc4cc(C#N)ccc34)-c3ccc(-n4nc(C#N)cc4C#N)cc32)nc1,31.42
N#Cc1cc(-c2ccn(-c3nc(-c4ccncc4)nc(-c4cnc(C5COC5)c(C#N)c4)n3)n2)ccc1F,25.18
COc1ccc(-c2nc(-c3cnc(C#N)c(C#N)c3)nc(N3CCCC3c3ccc(-c4ccc(-c5ccc(C#N)cc5)nc4)cc3)n2)cc1OC,31.42
N#Cc1ccc(-c2ccc(-c3ncc(F)c(C#N)c3C#N)cc2)cc1,13.45
CNc1cccc(-n2cc(-c3ccc(C#N)c(-c4cc(C#N)nc(-c5ccc(C#N)c(N6CCN(C)CC6)c5)n4)c3)nn2)c1,29.65
N#Cc1ccc(-c2cc(-c3cc(C#N)c(-c4ccc(F)c(C#N)c4)nn3)nc(-c3nnc(C#N)o3)c2F)c(F)c1,20.86
N#Cc1ccc(C#N)c(-c2nc(-c3csc(C#N)c3)nc(-c3cnc(C#N)c(C#N)c3)n2)n1,11.8
CC(Oc1ncc(-c2nc(-c3cccc(C#N)n3)nc(N3CCOCC3)n2)cc1C#N)c1ccc(C#N)cc1,13.35
N#Cc1cccc(Sc2cc(C#N)c(C#N)cc2-c2ccc(-c3cc(Cl)c(O)c(Cl)c3)c(C#N)c2)n1,28.71
N#Cc1cc(-c2nc(C#N)c(C#N)nc2C#N)ccc1-c1nc(-c2c(C#N)ccc(-n3nccc3C#N)c2F)cc(F)c1F,22.34
CC(C)Oc1ncc(-c2nc(-c3cc(-c4ccc(C#N)c(F)c4)cc(C#N)n3)nc(C3CCC3)n2)cc1C#N,16.96
COC1(F)CC2CN(c3nc(-c4cc(F)c(C#N)c(C#N)c4)nc(-c4ccc(C#N)c(F)c4F)n3)CC21,24.84
N#Cc1ccc(-c2sc(-c3ccc(-c4nc(C#N)cs4)nc3)cc2C#N)cc1,19.83
CC(C)Oc1ncc(-c2nc(-c3cccc(C#N)n3)cc(N3CC4CCC3C4)n2)cc1C#N,15.38
CCc1ncnc(C#Cc2ccc(-c3ccnc(C(F)(F)F)n3)cc2)c1-c1ccc(-c2cnc(-c3ccc(C(=O)NC)nc3)c(C#N)n2)cc1C#N,44.12
N#Cc1ccc(-c2ccc(-c3ccc(C#N)cc3-c3ccc(C#N)cn3)cc2-c2ccc(-c3cccc(C#N)n3)cc2)cc1,21.45
COCCc1c[n+](CC(=O)C=c2ccc(=C(C#N)C#N)cc2)cs1,37.18
N#Cc1cnc(-c2cc(-c3ccc(F)cc3C#N)cc(-c3ccc(-c4cccc(C#N)n4)cc3)n2)cn1,19.01
N#Cc1ccc(-c2ccc(-c3cc(-c4cc(-c5ccc(-c6cc(C#N)c(F)cc6C#N)nc5)nc(-c5ccc(-c6ccc(C#N)cc6)cc5)n4)nc(-c4ccc(C#N)cc4)n3)cc2)cc1,16.39
CCCOc1ccc(-c2cc(C#N)c(C#N)c(C#N)n2)nc1-c1cnc(C#N)c(C#N)n1,13.62
N#Cc1cccc(-c2ccc(NS(=O)(=O)c3ccc4c(c3)CN(C(=O)Nc3csc(C#N)n3)C4)cc2)c1,27.98
COCC(C)Nc1cc(-c2ccc(C#N)c(F)c2)nc(-c2cc(C#N)c(C#N)c(Cl)n2)n1,12.87
N#Cc1ncc(-c2nc(C#Cc3cnc(C#N)nc3-c3ccc(F)c(C#N)c3)c(C#N)cc2F)cn1,28.62
COc1nc(C#N)ncc1-c1ccc(-c2nc(C#N)c3c(C#N)nn(-c4ccc(C#N)c(C#N)c4)n23)c(F)c1,34.65
Cn1cc(-c2ccc(C#Cc3cc(-c4nc(C#N)nc(CCC#N)n4)ccc3C#N)cc2C#N)cn1,24.79
COc1cc(C#N)c2cc(-c3nc(-c4nc(C#N)cn5cc(-c6ccc(-c7ccc(C#N)nc7)cc6)nc45)oc3C#N)cc(C#N)c2c1,39.45
N#Cc1nc(-c2ccc(-c3cc(F)c(C#N)c(C#N)c3)cc2F)cc(-n2c(C#N)cnc2C#N)n1,18.5
CC(C)Oc1ncc(-c2cc(-c3ccc(-c4nnco4)c(C#N)c3)nc(-c3cccc(C#N)n3)n2)cc1C#N,12.86
N#Cc1cnn(-c2ccc(-c3nc(-c4ccc(-c5ccc(C#N)c(F)c5)nc4)nc(-c4c(F)c(F)c(C#N)c(F)c4F)n3)nc2)c1,17.68
N#Cc1cc(-c2cc(C#N)n(-c3cnc(-c4ccc(F)c(C#N)c4F)cc3F)c2)cnc1C#N,22.68
CCOc1ccc(-c2nc(CC#N)nc(-c3cc(C#N)c(C#N)[nH]3)n2)cc1C#N,13.51
N#Cc1ccc(-c2ccc(-c3[nH]c(-c4ccc(-c5ccc(C#N)nc5)nc4)nc3C#N)cc2)cc1,15.92
Cc1nn(C)c2cc(-n3nc(-c4nc(C#N)c(C#N)[nH]4)cc(-c4cncc(C#N)c4)c3=O)ccc12,26.74
CCCN(CCC)c1cc(C#N)c(-c2ccc(-c3ccc(C#N)cc3-c3ccc(C#N)c(C#N)c3)cc2C#N)nc1CO,29.68
COC(=O)C1CCC(c2cc(-c3cnc(-c4ccc(C#N)c(F)c4)c(C#N)n3)nc(-c3cc(C#N)c(C#N)[nH]3)n2)CC1,19.56
CN(C)c1nc(NCc2nc(-c3ccc(-c4ccc(C#N)cc4)cc3)nc(-c3ccc(-c4ccc(C#N)c(C#N)c4)cc3F)n2)c(C#N)cc1N,34.8
N#Cc1ccc(-c2ccc(-c3c(C#N)c(C(=O)NN=Cc4cc(C#N)ccc4C(F)(F)F)nn3-c3ccc(-n4cncn4)cc3)cc2)cc1,28.3
Cn1cnc(-c2cc(-c3ccc(C#N)cc3)cc(-c3nc(-c4ccc(C#N)cc4)nc(-c4ccc(C#N)cc4)c3C#N)n2)c1C#N,19.08
N#Cc1cn(Cc2cnc(-c3cc(C#N)c(-c4nc(C#N)c(C#N)nc4C#N)nc3C(F)(F)F)c(C#N)c2)c(=O)cn1,23.62
N#Cc1ccc(-c2nc(-c3nc(C#N)c(C#N)nc3-c3ccc(C#N)cc3)cc(-n3nccc3C#N)n2)cc1,12.95
CCc1cc(-c2cnc(N)c(C#N)n2)c(C#N)c(-c2cccc(-c3cc(-c4ccc(C#N)cc4)nc(-c4ccc(C#N)cc4)n3)c2)n1,19.03
Cc1c(C#N)ccc(-c2cc(-c3cnc(N4CCC5(COC(C)(C)C5)C4)nn3)nc(-c3cccc(C#N)n3)c2C#N)c1Cl,41.81
Cn1cc(CNC(=O)Cn2nc(C#N)nc2-c2ccc(-c3nnco3)c(C#N)c2)cc1C#N,17.2
N#Cc1cc(-c2cc(C#N)c(C#N)c(C#N)n2)nc(-c2nccc(-c3ccncc3)c2F)n1,21.53
N#COCCn1cc(C(=O)c2cccc(NS(=O)(=O)CCCF)c2F)cc(C#N)c1=O,28.4
N#Cc1ccc(-c2cc(C#N)nc(-c3ccc(-c4cc(=O)cc5c(=N)[nH]cnn45)cn3)c2)cc1,28.51
N#Cc1ccc(-c2nc(-c3ccc(C#N)cc3)c(C#N)c(-c3cnnc(-c4ccc(-c5ccc(C#N)c(F)c5)nc4)c3)n2)cc1,21.75
Cn1nc(-c2ccc(C#N)cn2)cc1-c1nc(-c2ccc(-c3ccc(C#N)c(F)c3)cc2)no1,19.8
COCC(Oc1ncc(-c2nc(-c3nc(C#N)ccc3C#N)nc(N3CC4CC3CO4)n2)cc1C#N)c1ccc(C#N)cn1,16.76
CCN(CC)C(=O)C=Cc1cc(C#N)n(-c2ccc(-c3ccc(C#N)cc3)c(C#N)c2)n1,21.17
N#Cc1cncc(C(CO)Oc2ncc(-c3nc(-c4cccc(C#N)n4)nc(N4CC5CCC(C4)O5)n3)cc2C#N)c1,14.35
Cc1ncc(-c2nc(-c3cc(-c4cnc(C#N)c(C#N)c4)cc(C#N)n3)nc(C3CC3)n2)cc1C#N,10.86
N#Cc1ccc(-c2ccc(-c3nc(-c4nc(-c5ccc(C#N)cc5)nc(-c5ccc(C#N)cc5)c4C#N)cc(-n4cccc4C#N)n3)cc2)cc1,12.81
N#Cc1ccc(-c2ccc(-c3cc(OCC(=O)Nc4cccc(C#N)c4)nc(-c4ccc(Cl)c(C#N)c4)n3)cn2)nc1,33.75
COc1ccc(CCN(CCC(=O)Nc2ccc(-c3ccc(-c4nc(N=c5cc(C)[nH]c(C)c5)nc(SC)n4)cc3)cc2)C(=O)Nc2ccc(F)cc2F)cc1OC,39.56
N#Cc1ccc(-c2cc(-c3cc(C#N)cc(-n4nccc4C#N)c3)nc(-c3ccc(C#N)cc3)n2)cc1,10.74
N#Cc1cccc(-c2ccc(-c3c(C#N)cc(-c4nc(CCO)c(-c5cccc(C#N)n5)s4)nc3C#N)cc2)n1,23.8
N#Cc1cncc(-c2c[nH]c3cc(-c4cccc(C#N)n4)ccc23)c1,25.06
Cc1ccc(Cc2cc(-c3ccc(-c4cccc(-c5ccc(NC(O)C#N)cc5)c4)cc3)nc(-c3ccc(C#N)cc3)n2)cc1C#N,33.56
CC(Oc1ncc(-c2nc(-c3cccc(C#N)n3)nn2C)cc1C#N)c1ccc(C#N)c(C(F)(F)F)c1,17.69
N#CC(C#N)=Cc1cnc2sc(C#N)cn12,21.95
N#Cc1ccc(-c2cc(C#N)nc(-c3cc(-n4c(C#N)ccc4C#N)nc(C#N)c3C#N)c2)cc1,16.38
N#Cc1ccc(CCn2c(C#N)cnc2C#N)cc1,12.3
CC1(F)CCCN(c2nc(-c3ccc(C#N)nc3Cl)nc(N3CCC(F)C3)n2)C1,26.92
N#CC(=Cc1cc(C#N)cc(-c2ccc(-c3ccccc3C#N)nc2)c1)c1cnc(N)c(C#N)n1,26.22
CC(=O)N1CC(n2cc(-c3cc4c(-c5cc(N6CC7COC7C6)nc(-c6cc(C#N)c(C#N)c(Cl)n6)n5)ccnc4[nH]3)cn2)C1,37.98
COCc1cc(C#N)nc(-c2cnnc(-c3ccc(C#N)c(C#N)c3)c2)n1,20.4
N#Cc1cc(-c2nc(C#N)c(C#N)nc2C#N)ccc1-c1ccc(-c2ccc(NC(=O)C(F)(F)NC(=O)OCc3ccccc3)cn2)cc1,38.37
N#Cc1ccc(-c2ccc(-c3nc(-c4ccc(-c5nnco5)c(C#N)c4)cc(-c4cnc(C#N)c(C#N)n4)n3)cn2)nn1,20.84
N#Cc1ccc(-c2ccc(C#N)nc2-c2ccc(-c3ncc(N)c(C#N)n3)cc2)cc1,18.89
N#Cc1cccc(-c2nc(-c3nc(C#N)ccc3C#N)nc(N3CC(N)C(c4cc(F)ccc4C#N)C3)n2)n1,18.35
N#Cc1ccc(-c2ccc(-c3nc(=N)c(C#N)c(-c4ccc(-c5ccc(C#N)cc5)cc4C#N)[nH]3)cc2)cc1,18.05
N#Cc1ccc(-c2nc(N=Cc3ccncc3)sc2C#N)cc1,16.83
N#Cc1ccc(-c2cc(-c3nc(C#N)c(N)o3)cc(-n3c(C#N)cc4cccc(-c5ccc(C#N)nc5)c43)c2)cn1,30.34
N#Cc1cncc(-c2nc(-c3ccc(C#N)nc3)nc(-c3cc(C#N)c(C#N)c(Cl)n3)n2)c1,19.9
Cn1nc(-c2cc(C#N)cc(-c3ccc(-c4nc(C#N)c(C#N)nc4C#N)cc3)c2)nc1-c1ccc(-c2ccc(C#N)cc2)cc1,15.14
CC(CO)N=c1nc(-c2ccc(-c3cc(C#N)cc(-c4nc(-c5ccc(-c6ccc(C#N)cc6)nc5)nc(-c5ccc(-c6ccc(C#N)cc6)cc5C#N)n4)c3)cn2)cc[nH]1,32.64
Cc1ncn(-c2nc(-c3ccc(-c4ccc(C#N)c(C#N)c4)c(C#N)c3)nc(-c3cnc(C#N)c(C#N)c3)n2)n1,13.05
N#Cc1ccc(-c2nc(CSc3nc(-c4ccc(-c5ccc(C#N)c(F)c5)cc4)cc(-c4ccc(C#N)s4)c3C#N)cs2)cc1,26.68
CC(C)Oc1ncc(-c2nc(-c3cc(N4CCC(C#N)C4)cc(C#N)n3)nc(N3CC4CC3C4)n2)cc1C#N,18.35
N#Cc1cc(-c2nc(-c3cnc(-c4ccc(F)c(C(F)(F)F)c4)c(C#N)n3)cc(C3CCN(C#N)CC3)n2)cnc1C#N,19.5
N#Cc1cc(C#N)nc(-c2cc(-c3ccc(C#N)c(C#N)c3)c(C#N)c(=N)[nH]2)n1,17.1
CCC(CO)n1cnc2c(-c3ccc(-c4ccc(C#N)c(F)c4)nc3)cc(C#N)nc21,24.99
N#Cc1ccc2cc(Nc3cncc(-c4ccc(-c5nc(C#N)c(C#N)nc5C#N)c(C#N)c4)c3)ccc2n1,25.12
N#Cc1ccc(-c2cc(-c3ccc(-c4cccc(C#N)n4)c(C#N)c3)nc(C#N)n2)nc1,16.25
Cn1cc(-c2cc(-c3ccc(C#N)c(C#N)c3)cc(C#N)n2)cc1-c1nc(-c2ccc(C#N)c(C(F)(F)F)c2)nc(-c2ccc(F)c(F)c2F)n1,27.82
N#Cc1ccc(-c2coc(C#CC=CC#Cc3cccc(-c4ccc(-c5nc(C#N)c(C#N)nc5-c5ccc(F)cc5)c(C#N)c4)c3)n2)cc1,29.65
N#Cc1ccc(-c2ncc(-c3ncc(-c4cncc(OCc5cccc(C#N)c5)c4)nc3C#N)o2)cc1,31.22
CCc1nc(-c2cnc(C#N)o2)c(C#N)cc1-c1cccc(-n2cc(C#N)c(-c3ccc(-c4ccc(C#N)cc4)cc3)n2)c1,25.29
N#Cc1ccc(-c2ccc(-c3cccc(-c4nc(-c5ccc(-c6ccc(C#N)cc6)nc5)nc(-c5ccc(-c6ccc(C#N)nc6)nc5)n4)c3)cc2)cc1,16.26
N#Cc1ccc(-c2cc(-c3c(-c4cc(C#N)ccc4N)nc4cc(C#N)ccn34)cc(-c3ccc(C#N)cc3)n2)cc1,27.53
CC(C#N)Oc1ncc(-c2nc(-c3cccc(C#N)c3)nc(N3CC4CC4(C)C3)n2)cc1C#N,22.93
N#Cc1ccc(-c2cc(-c3ccc(-c4ccc(C#N)cn4)nc3)nc(-c3cc(-c4ncccn4)nc(-n4ccc(-c5ccc(C#N)cc5)n4)n3)c2)cc1,17.27
COc1cc(Nc2nc(-c3ccc(F)c(C#N)c3)nc(=Nc3cc(C#N)cc(C#N)c3)[nH]2)ccc1-n1cnc(C)c1,33.34
CS(=O)(=O)c1ccc(-n2[nH]cc(-c3cnc(=N)[nH]c3)c2=O)cc1,28.9
Cc1ccc(-c2nc(-c3cccc(C#N)n3)nc(N3CCC(NC(N)=O)(c4ccccc4)C3)n2)cc1C#N,23.81
N#Cc1ccc(-c2cc(-c3ccc(C(F)(F)F)c(C#N)c3)nc(-c3cccc(C#N)n3)n2)cn1,18.21
Cc1nc(-c2c(C#N)csc2C(=O)Nc2ccc(-c3cccnc3)c(-c3ccc(-c4ccc(-c5ccc(C#N)cc5)c(C#N)c4)cc3)n2)ccc1C#N,32.29
Cn1nc(C#N)nc1-c1cnc(-c2nnc(C3CC3)o2)c(C#N)c1,13.36
N#Cc1ccc(-c2ccc(-c3nc(-c4ccc(-c5cccc(C#N)c5)cc4)cc(-c4cc(-c5ccc(C#N)cc5)nc(-c5ccc(C#N)cc5)n4)n3)cc2)cc1,12.98
N#Cc1cc(-n2c(C#N)ccc2-c2ccc(-c3ccc(F)cc3)c(C#N)c2)nc(-c2cnc(C#N)c(C#N)c2)n1,19.71
N#Cc1cncc(C=Cc2ccnc(-c3ccc(-c4ccc(C#N)c(C#N)c4)nc3)n2)c1,20.1
N#Cc1cc(-c2nc(-c3cnc(=N)[nH]c3)nc(N3CC4CC3CO4)n2)cnc1C#N,11.68
COCC=C(C#N)C(=O)N1CC(c2nc(-c3ccc(C#N)cc3)nc(-c3cnc(C#N)c(C#N)c3)n2)C1,27.25
COc1nc(-c2cc(-c3nccc(C#N)n3)cc(-c3ccc(C#N)c(C#N)c3)c2F)[nH]c(=NCCc2ccccn2)n1,25.64
N#Cc1cc(-c2nc(-c3ccc(OCC(=O)O)cc3)cc(N3CC(N4CCOCC4)C3)n2)cc(C#N)c1C#N,27.87
N#Cc1ccc(N=c2nc(Cl)[nH]c(Nc3ccc4c(c3)C(=O)c3ccc(C#N)cc3C4=O)n2)cc1,22.01
Cc1nc(-c2cc(C#N)c(-c3ccc(-c4ccc(Cl)c(C#N)c4)c(C#N)c3)cc2C(F)(F)F)ccc1-c1nc(-c2cccc(C(=O)O)n2)sc1C,39.56
N#Cc1ccc(-c2nc3c(C#N)c(-c4cc(C#N)ccc4OCC(=O)O)n(Cc4cccc(C#N)c4)c3cc2C#N)cc1,29.22
Cc1ncn(-c2cncc(-c3cc(-c4cnc(C#N)c(C#N)c4)nc(C#N)n3)c2F)n1,20.84
CN(C)CCCC1(c2cc(F)c(F)cc2F)Oc2ccc(F)cc2-c2cc(-c3cc(-c4cnc(N)c(C#N)n4)cc(C#N)n3)ccc21,30.43
CC(C)Oc1ncc(-c2nc(-c3ccc(Cl)c(F)c3C#N)nn2C)cc1C#N,15.86
COCC1C2CN(c3cc(-c4cc(C#N)c(N5CCC(F)(F)CC5)nn4)nc(-c4cnc(OC(C)C)c(C#N)c4)n3)CC12,22.05
N#Cc1ccc(-c2ccc(-c3cc(SCC(CCNC(=O)Nc4ccc(C#N)c(C#N)c4)C4CCC(F)(F)CC4)nc(C#N)n3)cn2)cc1,48.24
CC(C)(C)c1nc(N2CCOC(c3ccc(F)c(Cl)c3)C2)c2c(-c3ccnnc3)nc(-c3ccc(C#N)cc3)nc2n1,37.79
N#Cc1cc(-c2nccc(-c3cccc(SC(F)(F)F)c3)n2)nc(C#N)c1C#N,22.68
CCn1nc(-c2ccc(C#N)cc2)nc1-c1cc(C#N)c(C#N)c(Cl)n1,13.15
COc1nc(-c2ccc(-c3cnc(C#N)c(C#N)c3)c(C#N)c2)cc(N2CC(C)C(O)C2)n1,29.74
N#Cc1ccc(N=c2nc(-c3nc(-c4ccc(C#N)cc4)nc(-c4ccc(C#N)c(C#N)c4)n3)cc[nH]2)cc1,20.32
N#Cc1cncc(Nc2ccc3nc(C#N)nc(-c4ccc(-c5ncc(C#N)[nH]5)c(C#N)c4)c3n2)c1,35.86
N#CC=Cc1ncc(-c2nc(-c3ccc(C#N)c(C#N)c3)nc(-c3cnc(-c4ccc(F)c(F)c4)c(C#N)c3)n2)cc1C#N,18.61
Cn1cc(C#N)nc1-c1ccc(-c2ccc(C#N)n2C)cn1,19.09
N#Cc1nc(-c2ccc(C(=O)O)c(C#N)c2)cc(-c2nnc(N3CCCC(F)(F)C3)c(C#N)n2)n1,27.17
N#Cc1ccc(-c2nc(-c3nnc(-c4ccc(C#N)cc4)o3)cc(-n3nc(C(F)(F)F)cc3C#N)n2)cc1,11.61
CC(C)n1cc(-c2nc(-c3cnc(C#N)c(C#N)c3)nc(N3CCn4cc(C#N)nc4C3)n2)nc1C#N,21.62
Cn1nc(Cl)nc1-c1cnc(-c2ccc(Cl)cc2Cl)c(C#N)c1,15.28
N#Cc1ccc(-c2ccc(-c3cn(CC(=O)Nc4cc(F)cc(C#N)c4)c(-c4ccc(C#N)cc4)n3)cc2)cc1,18.31
COc1ccccc1NC(=O)Nc1cc2nc(CC#N)[nH]c2cc1-c1cc(-c2ccc(C#N)cc2)nc(-c2ccc(-c3ccc(C#N)cc3)cc2)n1,35.13
N#Cc1ncc(-c2cc(-c3cnc(-c4ccc(F)c(C#N)c4)c(C#N)c3)nc(C#N)n2)cn1,12.57
CC(CF)Oc1ncc(-c2cc(C#N)cc(-c3nccc(-c4ccc(C#N)s4)c3F)n2)cc1C#N,26.61
N#Cc1ccc(-c2cc(-c3ccc(-c4nc(C5CCCN(C(=O)C(C#N)C#N)N5)cc(-c5ccc(-c6ccc(C#N)cn6)cc5)c4C#N)nc3)nc(-c3ccc(C#N)cc3)n2)cc1,44.09
CC#CCn1c(Oc2ccc(C#N)cc2)nc(=Nc2ccc(C#N)c(C(F)(F)F)c2)nc1N1CCN(Cc2ccc(C#N)cc2)CC1,32.81
N#Cc1ccc(-c2ncc(-c3cc(C4CCC4)nc(-c4cnc(C#N)c(C#N)c4)n3)nc2C#N)cc1C#N,17.02
Cc1ncc(-c2nc(-c3cc(-c4ccc(OC(F)(F)F)c(F)c4)cc(C#N)n3)nc(C3CCCC3)n2)cc1C#N,18.22
COc1ccc(-c2cc(C#N)c(-c3cccc(C#N)n3)cn2)cc1-c1nc(-c2ccc(-c3ccc(C#N)cc3)nc2)no1,26.51
N#Cc1ccc(-c2ncc(-c3ccnc(C#N)c3)cc2-c2nc(-c3cccc(-c4cc(F)c(Cl)cc4Cl)n3)n[nH]2)cc1,29.57
COc1cc2c(cc1C#N)C(CC(C)=O)NCC2,29.91
N#Cc1ccc(-c2ccc(-c3nn(-c4ccnc(-c5ccc(C#N)c(C#N)c5)n4)cc3C#N)cn2)cc1,18.26
N#Cc1cccc(-c2ccc(-c3cc(-c4nc(C#N)c[nH]4)cc(-n4nc(C#N)c5cc(C#N)cnc54)c3)cc2)c1,23.83
N#Cc1ccc(-c2ccc(-c3cc(C(N)=O)nc(-c4cnc(C#N)c(C#N)c4)n3)cc2)nc1,13.06
Cc1ncc(-c2nc(-c3nc(C#N)cnc3C#N)nc(N3CC4CC3C4)n2)cc1C#N,11.53
N#Cc1cccc(NC(=O)n2cc(-c3ccccc3C#N)nn2)c1,25.44
N#Cc1nc(Nc2ccc3c(c2)CCC3)c(NC(=S)Nc2ccc(F)c(F)c2F)c(C#N)c1C#N,25.55
CC(C)Oc1ncc(-c2cc(C#N)c(SCc3ccc(Cl)c(C#N)c3)c(-c3cccc(C#N)n3)n2)cc1C#N,18.13
N#CCn1cc(-c2cnc(-c3cnc(C#N)c(C#N)c3)c(C#N)n2)c(-c2cnc(C#N)c(C#N)c2)n1,12.11
N#Cc1ccc(-c2c(F)cc(-c3c(F)c(-c4cccc(-n5ccccc5=O)c4)cc(Cl)c3C#N)c(F)c2F)cc1,30.79
COC(=O)Nc1c(C#N)nc(-c2nc(-c3cnc(C#N)c(C#N)c3)nc(N(C)c3ncc(-c4ccc(C#N)nc4)s3)n2)n1C,31.35
COCc1nc(C)nc(NC2CCCN(Cc3ccc(OC)c(C#N)c3)C2)c1C#N,33.0
C#CCOCCn1c(-c2ccc(-c3ccc(C#N)cn3)cc2)nc(-c2ccc(-c3ccc(C#N)cc3)s2)c1-c1ccc(-c2cc(C#N)c(C#N)cn2)nc1,29.73
N#Cc1ccc(-c2cccc(-c3nc(-c4ccc(C#N)cc4)nc(=Nc4cnc(C#N)c(C#N)c4)[nH]3)c2)cc1,14.0
N#Cc1ccc(-c2ccc(-c3nc(-c4cccc(C#N)n4)nc(-c4cc(-c5ccccn5)nc(C#N)n4)n3)cn2)nc1,14.04
N#Cc1ccc(N2CCCN(C(=O)Cn3c(-c4ccc(Cl)cc4)nc(-c4cc(C(=O)N5CC(c6ccc(C#N)c(-c7cc(C#N)ccc7C#N)n6)C5)ccc4C#N)c3C#N)CC2)nc1,47.1
N#Cc1ccc(C#Cc2nccnc2-c2ccc(C(=O)N3CCN(C4CC4)CC3)c(F)c2)cc1C#N,21.4
C=c1[nH]n(-c2cnc(-c3ccc(-c4ccc(C#N)c(F)c4)c(C#N)c3)c(C#N)c2)c(=O)c1=Cc1ccc(-c2cccc(C#N)c2)[nH]1,26.2
N#Cc1cc(-c2cnc(C#N)c(C#N)c2)cc(-c2nc(C#N)ncc2-c2cnc(N)c(C#N)n2)c1,18.83
N#CCn1c(-c2ccc(C#N)cc2)nc(-c2ccc(-c3nc(-c4ccc(C#N)cc4)no3)cc2)c1-c1cccc(C#N)c1,23.17
N#Cc1cc(C#N)nc(-c2nc(-c3cc(C#N)c(C#N)c(C#N)n3)nc(N3CC4CC3C4)n2)c1,16.54
COc1ccc(NC(=O)CN(C)C(=O)c2cnc(-c3ccc(C#N)cc3)nc2-c2ccc(F)cc2)c(OC)c1,30.03
CSc1nc(-c2ccc(-c3ccc(C#N)cn3)nc2)nc(-c2cc(C#N)c(-c3cc(-c4ccnc(Cl)n4)ccc3F)cn2)n1,24.97
N#Cc1ccc(Oc2nc(-c3cnc(C#N)c(C#N)c3)nc(-c3ccncn3)n2)nc1,18.09
N#Cc1ccc(-c2csc(-c3ccc(-c4ncc(-c5cnc(C#N)c(C#N)c5)nc4-c4ccc(F)c(C#N)c4)cc3C#N)n2)cc1,19.1
N#Cc1cc(-c2ccc(C#N)nc2)cc(-c2nc(C#N)cc(-c3ccc(C#N)c(C#N)c3)n2)c1,15.16
CNC(CC#N)c1ccc(-c2cc(-c3c[nH]c(-c4ccc(-c5nc6c(C(=O)O)cc(C)cc6[nH]5)cc4)n3)nc(-c3ccc(C#N)cc3)n2)cc1,36.08
N#Cc1ccc(-c2ccc(-c3cc(-c4nc(-c5ccc(C#N)cc5)nn4-c4ccccc4Br)cc(C#N)c3-c3ccc(-c4ccnc(Cl)n4)cc3)cc2)cc1,29.48
N#Cc1cc(-c2ccnc(Cl)n2)c(Cl)cc1-c1nc(-c2nc(C#N)c(C#N)[nH]2)ccc1C#N,29.89
N#Cc1ccc(-c2ccc(-c3cc(-c4cc(-c5cccc(C#N)c5)cc(C#N)n4)nc(-c4cnc(CC(N)=O)c(C#N)c4)n3)cc2)cc1,20.21
Cc1ncc(-c2nc(-c3cnc(N)c(C#N)n3)nc(-c3nc(C#N)cn3C)n2)cc1C#N,12.58
CN1CCN(c2ccc(N=c3[nH]cc(C#N)c(=Nc4cc(C#N)c(C#N)cc4Cl)[nH]3)cc2)CC1,26.0
N#CCC(=O)N1CCCC(CC#N)(n2ncc(=Nc3ccc(C#N)c(C#N)c3)[nH]2)C1,26.04
COC(=O)c1nc(=N)c(C#N)c(-c2ccnc(-c3cc(-c4ccccc4C#N)cc(-c4cc(C(=O)NC(c5ccc(C#N)cc5)c5ccc(F)c(C#N)c5)ccc4C#N)c3)c2)[nH]1,41.52
N#Cc1ccc(-c2nc(-c3ccc(OCCCN4CCCCCC4)cc3)nc(-c3ccc(-c4ccc(C#N)c(C#N)c4)nc3)n2)cc1,33.43
N#CCCN(c1cc(-c2c(F)c(F)c(C#N)c(F)c2F)nc(-c2ccc(-c3ccc(C#N)c(C#N)c3)cc2)n1)S(=O)(=O)c1ccc(C#N)cc1,24.23
N#CC=Cc1cc(-c2cccc(-c3cc(-c4cccc(-c5ccc(C#N)cc5)c4)c(C#N)c(-c4ccc(-c5ccc(C(F)(F)F)c(C#N)c5)nc4)n3)c2F)nc(C#N)n1,38.79
N#Cc1cc(F)cc(C(CO)Oc2ncc(-c3nc(-c4cccc(C#N)n4)nc(N4CC5CC4C5)n3)cc2C#N)c1,13.7
COC1CC(C)N(c2nc(-c3ccc(-c4cccc(C#N)n4)nc3)nc(-c3cnc(C#N)c(C#N)c3)n2)C1,20.23
N#Cc1cc(-c2ncnc(Cl)n2)cnc1-c1cc(F)ccc1F,20.89
N#Cc1cncc(-c2ncc(-c3cc(C#N)nc4c(-c5ccc(C#N)c(C#N)c5)ccc(F)c34)cc2C#N)c1,29.04
Cc1c(C#N)cc(-c2nc(-c3cccc(C#N)n3)nc(N3C(=O)OCC3CC(N)=O)n2)nc1C#N,19.08
N#Cc1cc(-c2cn(-c3ccc(C#N)c(C#N)n3)nn2)cc(-c2nnc(C#N)o2)c1,20.97
C=C(C)C(C#N)Nc1ncc(-c2ncc(-c3c(C(F)(F)F)ncc(-n4cccc4C#N)c3F)cc2Cl)nc1C#N,31.98
CCOc1cc(-c2nc(-c3ccc(C#N)c(C#N)c3)nc(-n3nc(C4CC4)cc3C#N)n2)ccc1C#N,25.89
N#Cc1ccc(-c2ccc(-c3cc(C#N)nn3-c3ccc(-c4cnc(-c5cc(F)cc(C#N)c5)c(C#N)c4)cc3C#N)cc2)cc1,14.53
N#Cc1cccc(-c2nc(-c3ccc(C#N)c(C#N)c3)cc(=O)n2-c2ccc(-c3cnc(-c4ccc(C#N)c(F)c4)c(C#N)c3)cc2F)n1,26.01
N#Cc1ccc(-c2ccc(-c3noc(-c4c(F)c(F)c(C#N)c(F)c4F)n3)cn2)cc1,17.02
N#CC=Cn1cc(C#N)c2cc(N=c3nc(-c4ccc(C#N)cn4)[nH]c(C(F)(F)F)n3)ccc21,29.86
CCc1ccc(-c2c(C#N)c(Sc3ccc(C#N)c(C#N)c3)[nH]c(=N)c2C#N)cc1,22.34
Cc1noc(-c2ccc(-c3nc(-c4cnc(C#N)c(C#N)c4)nc(C4N=C(C#N)NC4(C)C)n3)cc2)n1,37.19
N#Cc1ccc(-c2ccc(-c3nc(-c4ccc(-c5cccc(-c6ccc(C#N)cc6)n5)cc4)cc(-c4cnc(-c5ccc(C#N)c(C#N)c5)c(C#N)n4)n3)cc2)cc1,13.94
N#Cc1cc(-c2cncc(-n3c(C#N)ccc3C#N)c2)cnc1-c1ccc(F)cc1,15.27
Cc1nc(C#N)c(-c2ccc(-c3cc(-c4cccc(C#N)n4)nc(C4CC(F)(F)C4)n3)cc2C#N)n1C,22.59
N#Cc1ccc(-c2ccc(-n3ccnc3-c3ccc(-c4cccc(C#N)n4)cc3)cc2C#N)cc1,17.68
N#Cc1ccc(-c2nc(-c3ccc(C#N)cn3)nc(-c3cc(-c4ccnc(Cl)n4)ccc3C#N)n2)cc1,26.25
N#Cc1cccc(-c2nc(-c3cc(C#N)c(C#N)c(C#N)n3)cc(C3CC4C=CC3C4)n2)n1,16.33
N#Cc1ccc(-c2ncc(-c3ccc(-c4cc(-c5ccc(C#N)nn5)ccc4C#N)cc3)cc2C#N)cc1,15.77
Cc1ccc(NN=C(c2ccccc2)c2ccc(-c3ccc(C#N)c(C#N)c3C#N)nc2)cc1,35.77
N#CNC(=O)NCc1nc(-c2ccc(Cl)c(C#N)c2)nc(-c2c(F)cc(-c3ccc(C#N)cn3)cc2C#N)n1,29.96
N#Cc1ccc(-c2ccc(-c3nnc(-c4cc5c(o4)CCC(=O)C5=O)nc3-c3ccc(C#N)cc3)cc2)cc1,27.54
N#Cc1ccc(CC(=O)N=c2nc(-c3ccc(C#N)cc3)[nH]c(-c3ccc(-c4cccc(C(=O)NCCCN)c4)cc3)n2)cc1,26.75
N#Cc1ccc(-c2nc(-c3cccc(C#N)n3)nc(-c3nc(C#N)cc(-n4c(C#N)ccc4C#N)n3)c2Cl)cc1,24.65
N#Cc1nc(-c2cn(-c3ccc(C(=O)c4cnc(C#N)c(C#N)c4)c(C#N)c3)nn2)cc(-n2nccc2C#N)n1,20.04
N#Cc1cc(-c2cnc(C#N)c(C#N)c2)cc(C#Cc2cc(C#N)nc(C#N)n2)n1,18.74
CS(=O)(=O)c1ccc(-c2cnc(-c3ccc(C#N)o3)cc2-c2ccc(C#N)cc2)cc1,21.43
N#Cc1ccc(-c2cc(-c3cc(-c4ccc(-c5cc(F)cc(C#N)c5)cc4)nn3-c3ccc(C#N)c(-c4ccc(-c5ccsc5)cc4)c3)ccn2)cc1,33.26
Cc1nc(CCOc2cc(C#N)ccc2-c2ccc(-c3nc(C#N)c(C#N)nc3-c3ccc(C#N)cc3)cc2)cc(N)c1C#N,25.56
CC(C#N)n1c(-c2cc(NC(=O)C(F)(F)F)cc(-c3ccc(C#N)c(F)c3)c2)cnc1C#N,29.5
C#CCN(c1cnc(-c2ccc(C#N)cc2)c(C#N)c1)c1ccc(C#N)c(-c2ccc(C#N)cc2)n1,25.16
N#Cc1ccc(Nc2oc(-c3cc(-c4nc(-c5ccc(C#N)nc5)no4)nc(-c4ccc(-c5ccc(C#N)cc5)cn4)n3)nc2C#N)cc1,33.02
N#Cc1ccc(-c2cc(-c3cccc4c(-c5ccc(C#N)c(C#N)c5)csc34)nc(C#N)c2F)cc1,25.21
N#Cc1ccc(-c2nc(-c3cnc(-c4ccc(C#N)cc4)c(C#N)c3)cc(-c3cccc(C#N)n3)n2)cc1,12.54
Cn1c(-c2ccc(-c3ccccc3C#N)nc2)nc(C#N)c1-c1cc(C#CC#N)nc(-c2cnc(C#N)c(C#N)c2)n1,33.42
CCc1cc(-c2cnc(-c3ccc(C#N)cn3)nc2)nc(-c2cc(-c3ccc(C#N)c(C#N)c3)nc(-c3ccc(-c4ccc(C#N)cc4)cc3)n2)n1,22.79
Cn1nc(C#N)nc1-c1cnc(-c2ccc(C#N)cc2)c(C#N)c1,8.55
N#Cc1ccc(-c2cccc(-c3nc(-c4ccc(F)cc4)nc(-c4ccc(-c5cnc(C#N)c(C#N)c5)nc4)n3)c2)cc1,19.87
Cc1cc(C=C(C#N)C#N)c(C)n1-c1cccc(C(=O)O)c1,18.22
Cc1nccc(-c2ncc(-c3nccc(-c4ccc(C#N)cn4)n3)cc2C#N)n1,20.13
N#Cc1ccc(-c2ccc(CCc3nc(C#N)nc(-c4cccc(-c5cccc(-c6ccnc(-c7csc(C#N)c7)c6)c5)n4)n3)cc2)nc1,23.62
COc1cc(-c2ccc(N(C)C3CCCC3)c(C#N)c2)nc(-c2ccc(C#N)nc2)n1,34.2
N#Cc1ccnc(-c2ccc(C#N)c(-c3ccc(-c4ccc(N)c(C#N)n4)c(F)c3)c2)c1,16.45
Cc1nc(-c2ccc(-c3cccc(C#N)c3)cc2)nc(-c2ccc(C#N)cc2)c1-c1ccc(C#N)cc1,15.11
C#CCN=c1[nH]nc(C#N)nc1-c1ccc(-c2ncc(Cl)cc2F)c(C#N)c1,30.07
N#Cc1ccc(C#N)c(-c2ccc(-c3cc(-c4ccc(C#N)c(C(F)(F)F)c4)nc(-c4cc(C#N)c(C#N)[nH]4)n3)cn2)c1,24.11
N#Cc1cccc(-c2ccc(CCN=c3cc(C#N)[nH]c(-c4ccc(C#N)c(C#N)c4)n3)nc2)c1,20.99
N#Cc1cc(C#Cc2ccc(-c3cc(C#N)nc(C#N)n3)cc2C#N)nc(C#N)n1,14.27
CC(C)n1cc(C#N)c2cc(-c3nnc(-c4cnc(-c5ccc(C#N)cn5)c(C#N)c4)n3C)ccc21,19.15
N#CCC(=Nc1ccc(-c2cnc(-c3ccc(C#N)cc3)c(C#N)c2)c(Cl)c1)n1nc(C(F)(F)F)cc1C#N,25.08
N#CCCCc1nc2ccc(-c3ccc(C#N)cc3)cn2c1Cc1ccc(F)c(F)c1,30.03
N#Cc1ccc(-c2nc(-c3ccc(-c4cccc(C#N)c4)cc3)cc(-c3ccc(N)c(C#N)n3)n2)cc1,17.68
N#Cc1cc2nc(CNC(=O)c3ccc(Cl)c(-c4cnc(-c5nnco5)c(C#N)c4)c3)ccc2c(C#N)n1,31.85
N#Cc1ccc(C(O)c2ccc(Cl)cc2)cc1-c1cc(-c2cnccn2)ncc1C#N,23.41
Cc1cc(-c2ccc(C(c3ccc(-c4ccc(C#N)cc4)cc3)n3cnc(-c4ccc(-c5ccc(C#N)cc5)c(C#N)c4)n3)cc2)cc(C#N)n1,24.89
N#Cc1nccc(-c2cnc(-c3cncc(-c4nc(-c5cnc(C#N)c(C#N)c5)nc(N5CC6CC5CO6)n4)c3)c(F)c2)n1,24.07
Cc1cc(C#N)c(-c2ccc(-c3nc(Cl)nc(OCC4(C#N)CC4)n3)cc2F)cc1C#N,32.17
N#Cc1ccc(-c2cc(Cl)nc(-c3ccc(-c4ccc(C#N)nc4)nc3)n2)cc1,19.12
N#Cc1ccc(-c2cc(F)c(C=Cc3nc(-c4ccc(C#N)c(F)c4)cn3-c3ccccc3C#N)cn2)cc1,27.58
N#Cc1cc(-c2cn(-c3cc(C#N)nc(-c4nc(-c5ccc(C#N)c(C#N)c5)nc(N5CC6CC5CO6)n4)c3)cn2)ccn1,21.09
Cc1nc(-c2cnc(C#N)o2)c(C#N)cc1-c1ccc(-c2nc(C#N)c(C(F)(F)F)cc2C#N)cc1F,22.36
CC(C)Oc1ncc(-c2nc(-c3ccc(C#N)c(C#N)n3)cn2C)cc1C#N,9.42
N#Cc1cc(-c2cnc3nc(-c4ccc(F)c(C#N)c4)ccn23)cc(-c2ccc(-c3nc(C#N)c(C#N)nc3C#N)cc2)n1,24.46
CC1CN(CC2CCC(C#N)N2c2nc(-c3ccc(-c4ccc(C#N)cn4)cc3)nc(-c3cc(C#N)c(C#N)c(C#N)c3)n2)CN1C(=O)CN(C)C,28.84
N#Cc1cn(CC(=O)Nc2ccc(-c3cccc(Cl)c3F)c(C#N)c2)c(C#N)n1,27.6
N#Cc1cncc(-c2cc(-c3ccc(-c4ccccc4C#N)nc3)nc(-c3cc(C#N)c(C4CC4)nc3C(C#N)(C#N)C#N)c2)n1,28.8
N#Cc1ccc(-c2ccc(-c3nc(-c4ccc(Cl)c(C#N)c4)nc(-n4ncc(F)cc4=O)n3)cc2)cc1,22.36
N#Cc1ccc2c(c1)CCc1c(C#N)c(=N)n(-c3cc(Cl)cc(Cl)c3Cl)c(=O)n1-2,33.44
CCc1nc(-c2ccc(-c3cc(C#N)c(C#N)c(-c4ccc(C#N)cc4)n3)cc2)oc1-c1cccc(-n2c(C#N)ccc2-c2ccc(-c3ccc(C#N)cc3)cc2)c1,28.33
N#CCc1ncc(-c2nc(-c3cccnc3F)nc(N3CCC4CCCCC43)n2)cc1C#N,21.13
N#Cc1ccc(-c2cc(-c3ccc(C#N)cc3)c(-c3cc(F)ccc3F)cn2)cc1,19.86
Cc1c(-c2cc(-c3cccc(-c4cnc(C#N)c(C#N)c4)n3)nc(-c3ccc(-c4ccc(C#N)c(C#N)c4)nc3)c2C#N)ccc(C#N)c1C#N,27.9
Cn1cc(C#N)nc1-c1[nH]c(-c2ccc(C#N)c(C#N)c2)nc1-c1cnc(C#N)c(C#N)c1,12.69
N#Cc1ccc(-c2ccc(-c3cnc(-c4cnc(C#N)o4)c(C#N)c3)c(-c3ccc(-c4ccnc(C#N)c4)nc3)c2)cc1,24.9
N#Cc1ncc(-c2ccc(N=c3cc(Nc4ccccc4C#N)[nH]c(OCC(F)F)n3)cc2C#N)cn1,29.09
Cc1c(-c2cc(-c3ccc(-c4ccc(C#N)cc4)cc3)c(C#N)c(-n3ccccc3=O)n2)c(C#N)nn1CC#N,23.56
COC(=O)C(C)NC(=O)c1ccc(-c2cc(C#N)cc(-c3ccc(F)c(-c4cc(C#N)c(=N)n(C)n4)c3)c2)cc1C#N,37.81
N#Cc1ncc(-c2nc(-c3cnc(C#N)c(C#N)c3)nc(N3CCOCC3CF)n2)cn1,13.6
N#Cc1cc(-c2ccc(-c3ccc(C#N)c(C#N)c3)cc2)c2c(-c3ccc(C#N)[nH]3)c(C#N)c(C#N)nc2n1,24.2
N#Cc1cc(-c2cnc(Cl)c(-c3ccc(-c4ccc(NC(C#N)c5ccccn5)c(C#N)n4)cc3)c2)cs1,32.95
N#Cc1ccc(-c2nc(C#N)c(C#N)nc2-c2ncc(-c3cc(-c4ccc(=O)[nH]n4)cc(C#N)n3)nc2C#N)cc1,28.98
N#Cc1ccc(-c2ccc(-c3cc(-c4ccc(C#N)cc4)nc(-n4cc(-c5cc(F)c(C#N)c(F)c5F)c(C#N)n4)c3C#N)cc2)cc1,18.9
NS(=O)(=O)c1ccc(-n2nc(-c3ccc(Cl)cc3)cc2-c2ccc(-c3nc(Cl)nc(Cl)n3)cc2)cc1,22.19
N#Cc1ccc(-c2ccc(-c3nc(-c4ccc(-c5ccc(C#N)c(F)c5)nc4)nc(-c4ccc(-c5ccc(C#N)cc5)s4)n3)cc2)cc1,18.01
N#Cc1cccc(-c2cc(C(C#N)c3cnc(-c4ccc(Cl)c(F)c4)c(C#N)c3)nc(-c3cc(C#N)c(C#N)c(C#N)n3)n2)n1,28.04
N#Cc1cccc(-c2cc(N3CC4CN(CC(N)=O)CC4C3)nc(-c3cnc(C#N)c(C#N)c3)n2)n1,23.05
N#Cc1ccc(-c2ccc(-c3cc(-c4ccc(-c5ccc(C=C6SC(=S)N(c7ccc([N+](=O)[O-])cc7)C6=O)cc5)cc4)nc(-c4ccc(C(=O)O)cc4)n3)cc2)cc1,30.64
N#Cc1ccc(-c2cccc(COc3ccc4c(c3)CCC4c3ccc(C#N)cc3)c2)cc1,23.64
Cn1c2c(c3c(cc(-c4ccc(-c5ccc(C#N)cc5)cc4)n3C#Cc3ccc(-c4ccc(C#N)cc4)cc3)c1=O)=NCC(C#N)N=2,26.27
N#Cc1ccc(-c2ccc(-c3nc(-c4cc(-n5c(C#N)cnc5C#N)ccn4)nc(-c4cnc(N)c(C#N)n4)n3)cc2F)nc1,23.15
CN1CCN(c2ncc(-c3ccc4c(-c5cc(-c6ccc(C#N)nc6)[nH]c(=N)n5)ccnc4n3)cn2)CC1,36.0
N#CC(C#N)=c1ccc(=C(C#N)c2nc(-c3ccc(C#N)c(C#N)c3)cs2)cc1,12.27
N#CCCN(Cc1ccc(-c2ccc(C#N)cc2)nc1)c1cc(-c2ccc(F)cc2)nc(-c2cccc(C#N)n2)n1,26.85
N#Cc1ccc(-c2cc(-c3ccc(C#N)nc3)cc(-c3cccc(C#N)n3)n2)cc1,11.86
N#Cc1c(F)c(F)c(-n2c(C#N)ccc2-c2ccccc2C(F)(F)F)c(F)c1F,20.25
N#Cc1cc(-c2nc(-c3cnc(-c4cccc(F)c4)c(C#N)c3)nn2C2CN(C(=O)OC(C(F)(F)F)C(F)(F)F)C2)cnc1C#N,22.69
CC(C)(NCc1ncc(-c2ncc(C#N)c(-c3ccc(-c4ccc(C#N)c(C#N)c4)c(F)c3)n2)cc1C#N)C(=O)O,22.85
N#Cc1ccc(-c2ccc(-c3cc(-c4ccnc(-c5ccc(C#N)cc5)c4)nc(-c4ccc(-c5ccc(C#N)cc5)cc4)n3)cc2)cc1,13.85
N#Cc1ccc(-c2cccc(COc3ccccc3C=Cc3cc(C#N)c(=O)[nH]c3C#N)c2)cc1C#N,28.41
CC(C)Oc1ncc(-c2nc(-c3cccc(C#N)n3)nc(N3CC(C4CC[S+](SCC#N)CC4)C3)n2)cc1C#N,28.51
N#Cc1ccnc(-c2nccc(-c3ccc(-c4cnc(-c5ccc(F)cc5)c(F)n4)c(F)c3)c2F)n1,26.89
Cn1cncc1CN(Cc1cccnc1)c1ccc(-c2nc(-c3ccc(-c4ccc(C#N)cc4)cc3)nc(-c3ccc(-c4ccc(C#N)cn4)nc3)n2)cc1,24.08
N#Cc1cc(-n2nc(C(N)=O)cc2C#N)ccc1-c1ccc(C#N)c(-c2ccc(-c3cnc(C#N)c(C#N)c3)c(Cl)c2)n1,20.0
N#Cc1ccc(-c2ccc(-c3c(C#N)c(C#N)c(-n4cnc(C#N)c4)n3-c3ccc(-c4cnc(C#N)c(C#N)c4)cc3)cc2)cc1,19.66
Cc1ccc(C#N)nc1-c1cc(C#N)nc(-c2cc(-c3ccc(-c4ccc(C#N)cc4)cc3)c(C#N)c(-c3ccc(C#N)cc3)n2)c1,19.11
N#Cc1cc(-c2nc(-c3ccc(F)c(C#N)c3F)nc(N3CCCC3C(=O)O)n2)cnc1C#N,15.71
Cc1nc(=Nc2ccc(C#N)c(C#N)c2)[nH]c(=Nc2ccc(-n3cc(C#N)cn3)c(C#N)c2)[nH]1,28.12
N#Cc1ccc(-c2ccc(-c3cc(Cl)cc(-c4ncn(Cc5ccc(-c6ccccc6-c6nn[nH]n6)cc5)n4)n3)cc2F)cc1,27.79
N#Cc1ccc(-c2ccc(-c3nc(-c4ccc(C#N)cc4)nc(-c4ccc(C#N)c(F)c4)c3C#N)cc2)cc1,13.49
N#Cc1ccc(-c2ccc(-c3nc(-c4ccccc4)c4nc(-c5ccc(C#N)o5)[nH]c4n3)cc2)cc1,24.84
N#Cc1cc(-c2cc(C#N)n(-c3cc(F)c(C#N)c(Cl)c3F)c2)ccc1-c1cc(F)c(F)c(F)c1F,18.94
N#Cc1ccc(-c2ccc(-c3ncc(-c4cccc(-n5c(C#N)cccc5=O)c4)o3)nc2)cc1,19.2
CC(Oc1c(C#N)cc(-c2nc(-c3cccc(C#N)n3)cc(N3CCCC(N)C3)n2)nc1C#N)c1ccccc1C#N,23.89
N#CCCN1CCC(C2CN2c2nc(-c3ccc(C#N)cc3)nc(-c3cnc(C#N)c(C#N)c3)n2)CC1,20.07
N#Cc1cc(-c2ccc(-c3ccc(C#N)c(C#N)c3)c(C#N)c2)nc(-n2nc(C#N)cc2C#N)n1,20.83
N#CC(=Nc1ccc(Oc2ccc(C#N)c(C#N)c2)nc1)n1cc(C#CC#Cc2cccnc2)cn1,36.15
CC(C)Oc1ncc(-c2nc(-c3ccnc(-c4cc(-c5ncccn5)c[nH]c4=N)c3F)n(C)n2)cc1C#N,33.76
CC(Oc1nc(-c2nc(-c3ccc(C#N)nc3)cn2C)cc(C#N)c1C#N)c1ccc(C#N)cc1C(F)(F)F,19.28
N#Cc1ccc(-c2cc(-c3ccc(-c4ncc(N)c(C#N)n4)nc3)nc(-c3cc(F)c(F)cc3C#N)c2)cc1,22.17
N#Cc1ccc(-c2cc(-c3nc(C#N)cc(C(F)(F)F)n3)nc(-c3ccc(C#N)cc3)n2)cc1,12.39
CC(C)(C)c1nc(C2=CCNCC2)c(-c2nc(C#N)nc(-c3cccc(C#N)n3)n2)cc1C#N,21.27
Cc1cc(=Nc2ncc(-c3ccc(-c4cc(C#N)c(-c5ccc(C#N)cc5)nc4C(C)C)cn3)nc2C#N)cc(C)[nH]1,21.28
N#Cc1cc(-c2ncnc(-c3cnc(-c4cc(F)c(O)cc4F)c(C#N)c3)n2)cnc1C#N,15.56
N#Cc1ccc(-c2nc(-c3ccc(C#N)nc3)cc(-n3nc(C#N)cc3C#N)n2)cc1,10.82
N#Cc1cccc(-n2cc(C(c3cnccn3)N3CCc4ccccc43)cc(C#N)c2=O)c1,30.63
Cn1nc(-c2ccc(F)c(-c3ccc(C#N)cc3)c2)cc1-c1ccc(-c2cc(-c3ccc(C#N)cc3)nc(-c3ccc(C#N)cc3)n2)nc1,20.59
CC(c1ccc(C#N)cc1)n1c(-c2cc(F)cc(-c3cnc(C#N)nc3)c2)cnc1C#N,20.02
Cc1nc(-c2cc(-c3ccc(NCc4ccc(C(=O)Nc5ccccc5N)cc4)c(C#N)n3)nc(-c3cccc(C#N)n3)n2)cs1,29.57
N#Cc1cccc(-c2nc(-c3ccc(F)c(C4CCS(=O)(=O)C4)c3)nc(-c3nc(C#N)ccc3C#N)n2)n1,23.68
N#Cc1ccc(-c2nc(C#N)c(C#N)nc2-c2ccc(-c3cc(-c4cnc(C#N)c(C#N)c4)cc(-c4cc(C#N)c(=N)[nH]n4)n3)cc2)cc1,16.89
N#Cc1ccc(-c2ccc(-c3nn(-c4cc(C#N)cc(-c5ccc(-c6ccc(-c7ccc(C#N)c(C#N)c7)nc6C#N)s5)c4)nc3-c3cccc(C#N)n3)cn2)cc1,26.45
N#Cc1ccc(-c2cc(-c3cc(C#N)cc(C#N)c3)cc(-c3cc(C#N)nc(-c4ccc(C#N)nc4)c3)n2)cc1,19.01
N#Cc1cc(-c2nc(-c3cnc(C=NO)c(C#N)c3)nc(N3CCC(F)(F)C3)n2)nc(C#N)n1,21.14
CC(C#N)(CF)c1ccnc(-c2nc(-c3ccc(-c4ccc(C#N)cc4)nc3)nc(-c3ccc(-c4cnc(-c5ccc(C#N)cc5)c(C#N)c4)nc3)n2)c1,31.98
N#Cc1ccc(-c2ncc(-c3ccc(-c4nc(-c5c(C#N)cccc5C#N)n[nH]4)cn3)cc2C#N)cc1C#N,24.38
Cn1c(-c2cnnc(-c3ccc(-c4ccc(C#N)nc4)cc3)n2)cc(C#N)c1-c1ccc(-c2ccnc(C#N)n2)nc1,28.43
N#Cc1ccc(-c2cccc(-c3cc(-c4ccc(-c5ccc(C#N)c(C#N)c5)cc4)ccc3C#N)c2)nc1,21.16
N#Cc1ccc(-c2cc(-c3cc(-c4cc(C#N)cc(N5CCC5)c4)nc(C#N)n3)ccc2C#N)cc1,24.51
Cc1ccc(-n2nccc2C#N)cc1-c1nc(-c2ccc(C#N)cc2)nc(-c2c3nc4cc(C#N)ccc4c(C#N)c3nn2-c2ccc(C#N)cc2)n1,30.88
CC(=O)Nc1ccc(-c2cc(-c3cccc(-c4ccc(-c5ccc(C#N)cc5)cc4)c3)nc(-c3ccc(C#N)cc3)n2)cc1,16.07
CC(=N)N1CCC(Oc2cncc(-c3nc(-c4ccc(C#N)cc4)nc(-c4ccc(C#N)nc4)n3)c2F)CC1,28.12
Cc1nc(-c2ccc(-c3ccc(-c4ccc(C#N)cc4)c(C#N)c3)cc2C(F)(F)F)oc1-c1ccc(F)cc1C#N,23.1
N#Cc1ccc(-c2ccc(-c3nc(C#N)c(Cn4cccn4)n3-c3ccc(Cl)c(Cl)c3)cc2)cc1,20.14
Cc1nc(C#N)c(C#N)nc1-c1ccc(-c2nc(C(=O)c3ccc(Br)cc3)cn2C)cc1C#N,24.59
N#Cc1cc(-c2cc(-n3cc(-c4cnc(C#N)nc4)cn3)nc(-c3cnc(C#N)c(C#N)c3)c2C#N)nc(C#N)n1,21.41
Cc1cc(C)nc(Sc2nc(-c3ccc(C#N)cc3)cc(-c3ccncc3)c2C#N)n1,17.64
CC(C)(O)C#Cc1ncc(-c2nc(-c3cccc(C#N)c3)c(-c3ccc(-c4ccc(C#N)cc4)cn3)[nH]2)cc1C#N,26.58
N#Cc1ccc(-c2cc(-c3ccc(-c4cccc(-c5nnc(N)c(C#N)n5)c4)cc3)nc(-c3ccc(C#N)cc3)n2)cc1,13.46
N#Cc1ccc(-c2ccc(-c3ncc(-c4cnc(C#N)c(C#N)c4)c(-c4ccc(-c5ccc(C#N)cc5)cc4)n3)cc2)cc1,12.62
N#Cc1ccc(-n2nccc2C#N)cc1-c1ccc(F)c(C#N)c1F,12.09
N#Cc1ccc(-c2nc(-c3ccc(-c4cnc(C#N)c(C#N)c4)c(C#N)c3)nc(-n3cccc3)n2)cn1,26.44
COc1cc(OC)c(F)c(-c2nc(C#N)nc(-c3cc(C#N)c(C#N)c(-c4ccc(C#N)cc4)n3)n2)c1,18.54
CC1(C)CCC(C)(C)c2cc(-c3cn(-c4ccc(C(=O)O)c(O)c4)c(-c4ccc(-c5ccc(C#N)cc5)cc4)n3)ccc21,24.18
N#Cc1ccc(-c2ncc(-c3nc(C#N)nn3C3CCC4(CC3)CNC(=O)O4)cc2C#N)cc1,18.14
CC(C)N(CCOc1cc(C#N)cc(-c2c(-c3ccc(-c4cnc(-c5cnc(C#N)c(C#N)c5)c(C#N)n4)cn3)cnn2C)c1)C(C)C,36.13
Cn1c(-c2ccc(C#N)c(-c3cc(-c4ccc(-c5ccc(C#N)cn5)cc4)cc(-c4ccc(-c5nc(C#N)c(C#N)nc5C#N)cc4)c3)c2)cnc1C#N,21.58
N#Cc1ccc(-c2ccc(-c3nc4scc(-c5ccc(C#N)cc5)n4n3)cc2)cc1,22.07
N#Cc1ccc(-c2ccc(-c3ncc(-c4nc(C#N)c(NCCc5ccc(F)cc5)o4)o3)cc2)cc1,23.34
CNc1ncc(-c2cc(C#N)[nH]c(=Nc3ccc(C#N)cn3)n2)nc1C#N,19.46
N#Cc1ccc(-c2nc3cnc(-c4ccc(C#N)cn4)cn3c2-c2cccc(C#N)n2)cc1,23.26
CC(C)Oc1ncc(-c2nc(-c3ccc(C#N)nc3)cn2C(C)C)cc1C#N,9.33
N#Cc1ccc(-c2nc(C#N)c(C#N)nc2-c2ccc(-c3cc(-c4ccc(C#N)o4)cc(-c4ccccc4C#N)c3)cc2)cc1,22.1
N#Cc1ccc(-c2ccc(-c3cn(-c4nc(-c5cnc(C#N)c(C#N)c5)nc(-n5cnc(C#N)n5)n4)cn3)cc2C#N)cc1,24.91
N#Cc1ncc(-c2nc(-c3cc(C#N)c(C#N)c(-c4cnc(C#N)c(C#N)c4)n3)nc(N3CC4CC3CO4)n2)cn1,15.2
N#Cc1ccc(-c2cc(-c3cnc(C#N)c(C#N)c3)nc(-c3cnc(N)c(C#N)n3)c2C#N)cc1,15.98
CC(C#N)Oc1ncc(-c2nccc(-c3cc(Oc4ccc(C#N)cc4)cc(C#N)n3)n2)cc1C#N,22.18
N#Cc1ccc(-c2ccc(CNC(=O)Cc3c(O)n(-c4ccccc4)c(=O)n3CCc3ccc(F)cc3)cn2)nc1,29.95
N#Cc1ccc(-c2cc(-c3cc(-c4cccc(F)c4)nc(-c4ccccc4C#N)n3)nc(-c3ccc(C#N)cc3)n2)cc1,23.48
Cc1cc(=O)n2nc(COc3ccc(-c4nc(-c5ccc(C#N)cc5)nc(-c5ccc(-c6ccc(C#N)cn6)nc5)n4)cc3Cl)sc2n1,26.23
CC(C)Oc1ncc(-c2nc(-c3cc(F)c(-c4c[nH]c(=N)cn4)cc3F)nn2C)cc1C#N,20.43
CSC(N)=Nc1ccc(-c2cc(-c3ccc(C#N)cc3)cc(-c3ccc(-c4ccc(N)c(C#N)n4)cc3)n2)cc1,23.46
COc1ccc(CCNC(=O)C=Cc2cc(OC)c(OC)c(OC)c2)cc1OC,21.78
N#Cc1cc(-c2ccc(C#N)c(-c3ccccc3C#N)n2)cc(-n2nccc2C#N)c1,14.44
N#Cc1ncnc(-c2ccc(-c3ccc(F)cc3)c(C#N)c2)n1,12.83
Cc1nc(-c2ccnc(OCC3CC3)n2)c(C#N)cc1-c1nc(-c2cc(F)c(C#N)c(F)c2F)n[nH]1,30.09
N#Cc1ccc(-c2ccc(-c3ncc(C#N)n3-c3ccc(-c4ccc(C#N)cc4)c(C#N)c3)cc2)cc1,13.48
N#Cc1ccc(-c2ccc(-c3cc(C#N)c(-c4ccc(-c5ccc(C#N)cc5C#N)cn4)s3)cc2)nc1,23.17
N#Cc1ccc(-c2ccc(-c3cccc(-c4cc(-c5ccc(-c6nc(C#N)c(C#N)nc6-c6ccc(F)c(C#N)c6)cc5)nc(-c5ncccn5)c4)c3)cc2)cc1,20.77
N#Cc1ccc(-c2ccc(-c3nc(-c4ccnc(-c5cnc(C#N)c(C#N)c5)n4)cc(-c4cccs4)n3)cn2)nc1,17.01
N#Cc1cccc(-c2ccc3c(n2)C(=O)c2ccc(Nc4nc(C#N)nc(N5CCN(C6CCN(C=O)C6)CC5)n4)cc2C3=O)n1,22.97
N#Cc1ccc(-c2nc(C#N)c(C#N)nc2-c2ccc(-c3cccc(-c4cncc(C#N)n4)c3)cc2)cc1,11.9
CN1C(=O)C2CC1CN2c1nc(-c2cc(C#N)c(C#N)c(C#N)n2)nc(-c2ccccc2F)n1,18.21
N#Cc1ccc(-c2cc(Oc3ccc(C#N)cc3Cl)nc(-c3ccc(-c4ccc(C#N)c(C#N)c4)nc3)n2)cc1,18.29
N#Cc1ccc(-c2nc(C#N)c(C#N)nc2-c2ccc(-c3cccc(-c4ccc(C#N)nc4)c3)cc2)cc1,12.03
N#Cc1ccc(-c2nc(-c3cc(Cl)c(O)cc3O)c(-c3nnc(C4CC4)o3)cc2-n2nc(C#N)cc2C#N)cc1,20.86
C=CCCOc1cc(-c2cc(-c3ccc(O)c(OCC)c3)cc(-c3c(OC4OC(C)C(O)C(O)C4O)c(OC)c(OC)c(-c4ccc(OC)c(O)c4)c3OC)c2)cc(OC)c1O,48.59
CC(C)n1c(C#N)cnc1-c1cnc(-c2ccc(C#N)cc2)c(C#N)c1,11.44
N#Cc1ccc(Nc2c(-c3ccc(F)c(Cl)c3)cc3c(c2C#N)N(c2nc(Cl)nc(C#N)n2)C(=N)C3(C#N)C(F)(F)F)cc1,39.91
N#CCn1cc(-c2ccc(-c3cc(C#N)c(-c4ccc(C#N)cc4)nc3C(N)=O)cc2)cn1,13.84
N#Cc1cccc(-c2nc(-c3csc(C#N)c3)nn2-c2ccc(S(N)(=O)=O)cc2)n1,18.92
N#Cc1nc(-c2cnc(-c3cnc(C#N)c(C#N)n3)c(C#N)c2)cc(-c2cc(S(=O)(=O)c3ccccn3)ccn2)n1,24.23
N#Cc1ccc(-c2ccc(-c3nccc(-c4cccc(-c5cc(C#N)c(C#N)c(C#N)n5)n4)n3)cc2C#N)cc1,16.17
Cc1cc(-c2ncc(-c3cc(F)c(C)c(C(O)n4cccn4)c3F)cc2C#N)nc(C#N)n1,29.29
CNc1ccc(-c2ccc(-c3nc(-c4ccc(C#N)c(-c5ccc(-c6ccc(C#N)cc6)cc5)n4)sc3C#N)cn2)nc1C#N,27.18
N#Cc1ccc(-c2ccc(-n3nc(-c4ccc(-c5ccc(C#N)c(C#N)c5)c(C#N)c4)[nH]c3=O)c(C#N)c2)cc1,18.68
Cn1cc(C=CC(=O)N=c2[nH]nc(-c3nc(-c4ccc(C#N)c(C#N)c4)nc(C(C#N)c4cccc(C#N)c4)c3C#N)s2)cc1C#N,41.72
COc1cc(-c2nc(-c3ccc(C#N)cc3)ncc2-c2ccnc(-c3ccc(CNCCF)c(C#N)c3)n2)cc(OC)c1OC,21.0
N#Cc1cc(-c2ncc(-c3cccc(-c4cc(C#N)c(C#N)c(C#N)n4)n3)nc2C#N)cc(C(F)(F)F)c1,14.76
N#Cc1ccc(-c2ccc(-c3ncc(-c4c(C#N)ccc(-c5ccc(C#N)c(C#N)c5)c4F)s3)cn2)cc1C#N,23.74
N#Cc1cc(=NN=Cc2ccncc2)cc(-c2ccncc2)[nH]1,30.09
CCOC(=O)N1CCN(CCOc2ncc(N=c3nc(-c4cnc(N(C)C(=O)OC(C)c5cc(C#N)ccc5C#N)c(C#N)c4)cc[nH]3)cc2C#N)CC1,44.12
N#Cc1ccc(-c2ncc(-c3cc(=Nc4cc(C#N)cc(C#N)c4)c(C#N)c[nH]3)cn2)cc1,19.06
CC(C)Oc1ncc(-c2nc(-c3ccc(C#N)c(C#N)n3)nn2C2CC2)cc1C#N,15.75
N#Cc1ccc(-c2cccc(-c3cc(C#N)nn3-c3ccc(C#N)c(-n4c(C(F)(F)F)nc5ccc(-c6ccc(C#N)nc6)nc54)c3)c2)cc1,29.13
COCCN(Cc1ccc(-c2ccc(C#N)c(C#N)c2)cc1)c1ccc(-c2ccc(-n3nc(C(F)(F)F)nc3-c3ccc(-c4ccc(C#N)cc4)cc3)cc2)nc1C#N,28.43
N#Cc1ccc(-c2cc(-c3cnn(-c4nc(C#N)c(C#N)nc4C#N)c3)nc(-c3ccc(C#N)c(C#N)c3)n2)cc1,21.51
N#Cc1ccc(-c2cc(-c3cc(-c4ncccn4)nc(-c4ccc(C#N)cc4)n3)nc(-c3ccc(C#N)cc3)n2)cc1,14.53
Cn1nc(-c2cccc(-c3ccc(C#N)cc3)c2)nc1-c1cc(C#N)c(C#N)c(C#N)n1,10.45
N#Cc1ncc(-c2ncc(-c3nc(-c4ccc(C#N)c(C#N)c4)nc(-c4cnc(OC(F)(F)C(F)F)c(C#N)c4)n3)cc2F)cn1,22.49
N#Cc1ccc(-c2ccc(-c3ccc(-c4cnc(-c5cc(C#N)c(F)cc5F)n4CC(O)CO)cc3)cc2C#N)cc1,29.12
COc1cc(C=Cc2nc(-c3ccc(-c4ccc(C#N)cc4)cc3)nc(-c3ccc(-c4cccc(C#N)c4)c(C#N)n3)n2)ccc1OCC#N,27.57
N#Cc1ccc(-c2ccc(-c3nc(-c4ccc(OC(F)(F)C(F)(F)F)c(C#N)c4)cn(Cc4ncco4)c3=O)cc2)cc1,29.6
N#Cc1ccc(Nc2c(NC(c3ccc(Cl)c(F)c3)C3CCCCN3)c(=O)c2=O)cc1C#N,27.9
N#Cc1ccc(-c2ccc(-c3nc(-c4cc(-c5ccc(-c6cnc(C#N)c(C#N)c6)nc5)cc(-c5ccc(C#N)cc5)n4)nc(-n4nccc4C#N)n3)cc2)cc1,20.65
N#Cc1ccc(-c2ccc(-c3nc(-c4ccc(C#N)cc4)cc(-c4cnn(-c5cc(-c6ccc(C#N)c(C#N)c6)nc(-c6ccc(C#N)cc6)n5)c4)n3)cc2)cc1,16.04
N#CCCn1c(C#N)ccc1-c1cc(-n2cccc2C#N)nc(-c2ccc(C#N)cc2)n1,16.37
CCC(CO)Nc1cc(-c2ccc(C#N)cc2)nc(-c2cc(C#N)c(C#N)c(Cl)n2)n1,14.21
N#Cc1ccc(-c2cn3c(-c4cnc(-c5cnc(C#N)c(C#N)c5)c(C#N)c4)nc(C#N)c3cn2)nc1,19.34
N#Cc1ccc2ccn(-c3cc(C(=O)Nc4cc(C#N)nc(-c5nncn5C5CC5)n4)nc(C#N)n3)c2c1,21.03
CC1(C)OC(=O)C(Cc2cccc(-c3ccc(-c4cnc(N)c(C#N)n4)c(F)c3F)c2)C(=O)O1,29.59
N#Cc1ccc(-c2ccc(-c3nc(-c4ccc(-c5ccnc(C#N)c5)cc4)cc(-c4ccc(-c5cnc(C#N)nc5)c(F)c4)n3)cc2)cc1,22.58
COc1cc2c(C#N)c3c(c(-c4ccnc(C#Cc5ccsc5)c4)c2cc1OC)C(=O)OC3,24.79
N#Cc1ccc(-c2ncc(-c3ccc(-n4cc(-c5cc(C#N)cc(-c6ccc(C#N)nc6)c5)c(C#N)c(C#N)c4=O)c(C#N)c3)nc2-c2ccccc2)cc1,39.62
CC(C)Oc1ncc(-c2nc(-c3nc(C#N)ccc3C#N)nc(N3CC4CC3C4)n2)cc1C#N,6.8
N#Cc1ccc(-c2cc(C#N)n(-c3cccc(-c4nc(C#N)c(C#N)nc4C(F)(F)F)c3)n2)cc1C#N,19.78
CC(C)(C)c1ncc(-c2nc(-c3cccc(C#N)n3)nc(N3CC4CC3C4)n2)cc1C#N,11.85
Cn1nc(-c2cc(-c3cccc(-c4ccc(-c5ccc(C#N)c(C#N)c5)c(C#N)c4)c3)nc(-c3ccc(-c4ccc(C#N)cc4)cn3)n2)nc1-c1ccc(-c2ccc(C#N)cc2)cc1,23.57
N#Cc1nccc(-c2ccc(-c3cccn4c(-c5cnc(-c6c[nH]c(C#N)c6)cc5F)nnc34)cc2)n1,31.2
CN(CCC#N)c1oc(-c2ccc(-c3ccnc(N(Cc4cccnc4)C(=O)c4ccccc4F)c3)cc2)nc1C#N,38.25
N#Cc1ccc(-c2cc(-c3ccc(-c4nc(C#N)c(C#N)nc4-c4ccc(C#N)cc4)cc3)nc(-c3ccncn3)c2)cc1,11.84
N#Cc1cc(-c2ccc(-c3nc(-c4c(F)c(F)c(C#N)c(F)c4F)nc(-c4c(F)c(F)c(C#N)c(F)c4F)n3)c(F)c2F)cnc1C#N,14.6
N#Cc1ccc(-c2ccc(-c3cccc(-[n+]4ccc(-c5ccc(F)cc5)cc4)n3)cc2)cc1,17.39
Cc1ccc(-n2c(=O)[nH]c(O)c(C=Nc3cccc(-c4cc(-c5ccc(C#N)cc5)nc(-c5ccc(-c6ccc(C#N)cc6)cc5)n4)c3)c2=O)cc1,23.0
N#Cc1ccc(-c2cc(N3CC4CC3C4)nc(-c3cc(C#N)c(C#N)[nH]3)n2)nc1,18.97
Cc1nc(C#N)nc(-c2ccc(-c3nc(-c4cnc(C#N)c(C#N)c4)nc(N4CCC(C#N)CC4)n3)c(F)c2F)n1,16.74
N#Cc1ccc(-c2nc(-c3cc(C#N)c(C#N)c(C#N)n3)ccc2OCC(F)F)cn1,14.51
N#Cc1cncc(-c2cc(-c3cc(C#N)cc(-c4cnc(C#N)c(C#N)c4)c3)c(C#N)cn2)c1,25.32
N#Cc1ccc(-c2ncc(-c3ccc(N=c4nc(N5CCOCC5)nc[nH]4)cc3F)cc2C#N)cc1F,23.5
N#Cc1ccc(Sc2[nH]c(=N)c(C#N)c(-c3c(Cl)cccc3Cl)c2C#N)cc1,16.37
Cc1ncc(-c2nc(CNc3ccc(-c4ccc(C#N)c(F)c4)c(C#N)c3)nc(-c3nc(C#N)ccc3C#N)n2)cc1C#N,15.49
CC(C)Oc1ncc(-c2nc(-c3cccc(C#N)n3)nc(N3CCC4(COC4)C3)n2)cc1C#N,13.11
Cc1ccc(-c2nc(-c3ccc(-c4ccc(C#N)cc4)cc3)ncc2C(=O)NN=Cc2ccc(-c3ccc(C#N)cc3)nc2)cn1,30.4
N#Cc1cc(-c2nc(-c3cnc(N)c(C#N)n3)nc(-n3nccc3C#N)n2)cnc1C1CCCCC1,18.8
N#Cc1cccc(-n2nc(C(F)(F)F)cc2C=c2cnc(=Cc3ccc(-c4cc(C#N)cc(C(F)(F)F)c4)cc3)[nH]2)c1,27.58
N#Cc1ccc(-c2ccc(-c3cc(-c4cc(-c5ccc(C#N)cc5)nc(-c5ccc(-c6cnc(C#N)c(C#N)c6)c(C#N)n5)c4)nc(-c4ccc(C#N)cc4)n3)cc2)cc1,22.15
CC(C#N)Nc1cc(-c2ccnc(C(F)(F)F)c2F)nc(-c2cnc(C#N)c(C#N)c2)n1,25.5
N#Cc1ccc(-c2nc(C#N)nc(-c3cnc(-c4ccc(C#N)c(C#N)c4)c(C#N)n3)n2)cc1,17.94
N#Cc1cc(-c2ccc(-c3ccnc(-c4c(CN)c5ccc(-n6cc(C=O)nn6)cc5[nH]c4=O)c3)cc2F)cnc1C#N,48.59
CNc1cnc(-c2nc(-c3ccc(-c4ccc(C#N)cc4)nc3)nc(-c3ccc(-n4nccc4C#N)cc3F)n2)nc1C#N,22.4
Cc1[nH]cc(C#N)c(=Nc2cccc(-c3cc(C#N)nc(-c4cnc(C#N)c(C#N)c4)n3)c2)c1C#N,19.74
N#Cc1ccc(-c2ccc(-c3nc(-c4cc(C#N)c(C#N)cc4Cl)n(CCF)n3)cn2)cn1,19.34
CC(Oc1ncc(-c2nc(-c3nc(C#N)ccc3C#N)nc(N3CC(C#N)C3)n2)cc1C#N)C(F)(F)F,13.2
N#Cc1nc(-c2ccc(C#N)c(C#N)c2)cc(-c2ccc(-c3cc(-c4cnc(C(F)(F)F)c(C#N)c4)ccc3F)c(C#N)c2)n1,27.78
CNc1ncc(-c2nc(-c3ccc(-c4ccc(C#N)cc4)cn3)[nH]c2-c2ccc(-c3ccc(C#N)cc3)cc2)nc1C#N,20.8
CC(C)Oc1ncc(-c2ncn(-c3ccc(-c4ccc(C#N)cc4)c(C#N)c3)n2)cc1C#N,11.06
N#Cc1ccc(CNC(=O)N=c2cc(-c3ccc(-c4ccc(C#N)c(C#N)c4)cc3)nc(C#N)cc2N)cc1,26.28
CC(Oc1ncc(-c2nc(-c3cc(-n4ccc(C#N)n4)ccc3C#N)nc(N3CCOCC3)n2)cc1C#N)C(F)(F)F,17.53
COc1nc(-c2cn(-c3nc(-c4ccc(C#N)cc4)cc(-n4c(C#N)cnc4C#N)n3)nn2)ccc1-n1cnc(C)c1,26.04
N#Cc1cnc(-c2nc(-c3cnc(C#N)c(C#N)c3)n[nH]2)c(F)c1,19.65
N#Cc1ccc(-c2ccc(-c3nc(C#N)cc(=NN=Cc4ccccc4C=C[N+](=O)[O-])[nH]3)cc2)cc1,29.51
CC(C)c1cc(C#N)n(-c2cc(-c3ccc(C#N)c(F)c3)nc(-c3cccc(C#N)n3)n2)n1,15.6
Cn1c(C#N)cnc1-c1cccc(-c2cnc(-c3ccc(C#N)c(F)c3)c(C#N)c2)c1,12.99
N#Cc1cccc(-c2nc(-c3ccc(C(F)(F)F)c(C#N)c3)nc(N3CC4CCC(C3)O4)n2)n1,13.08
COCc1c(C#N)cc(-c2nc(-c3nc(C#N)ccc3C#N)nc(N3CCC(N4CCCC4)CC3)n2)cc1C#N,17.19
CC(C)c1nc(N2CCC(F)(F)CC2)c(C#N)cc1-c1nc(-c2nc(C#N)ccc2C#N)nc(N2CC3CC2C3)n1,14.27
N#Cc1nc(N=CN2CCN(C=O)CC2)cc(N=c2cc(C3CC3)[nH][nH]2)n1,16.42
Cc1cc(Cl)ccc1C(=O)c1nc(C#N)c(-c2nc(-c3cccc(C#N)n3)nc(-c3nc(C#N)c(C#N)[nH]3)n2)cc1C#N,27.0
COc1nc(-c2nc(-c3ccc(C#N)cc3)nc(-c3ccc(-c4ccc(C#N)o4)c(C#N)c3)n2)ccc1-n1nncc1C#N,17.41
CC(C)c1nc(N2CCc3c(cc(-c4ccc(C#N)cc4)nc3-c3ccc(C#N)cc3)C2)c(C#N)nc1-c1ccn(-c2cc(F)cc(F)c2)n1,39.89
N#Cc1ccc(-c2cc(C#N)c(-c3ccc(C#N)c(-c4ccccc4)c3)nc2Cn2cc(-c3ccnc(C#N)c3)cn2)cc1,23.1
N#Cc1ccc(-c2ncc(-c3nnc(C#N)c(C#N)n3)cc2C#N)cc1C#N,14.15
CN1C2CCC1CN(c1nc(-c3ccc(-c4ncccc4C#N)cc3)nc(-c3cnc(C#N)c(C#N)c3)n1)C2,17.55
N#Cc1ccc(-c2ccc(-n3cc(C#N)nc3C=Cc3c(F)cc(F)cc3F)cc2C#N)cc1,21.71
Cc1ccc(C#N)nc1-c1nccc(-c2cc(C#N)c(C#N)c(C#N)n2)n1,16.31
N#Cc1ncccn1,9.89
N#Cc1ccc(-c2cc(-c3cc(-c4ccnc(C#N)n4)nc(-c4cnc(N)c(C#N)n4)n3)nc(-c3ccc(C#N)cc3)n2)cc1,16.5
Cc1cc(C#N)n(-c2cc(-c3cc(C#N)nc(OCc4ccc(C#N)c(C#N)c4)c3F)nc(C#N)n2)n1,22.86
N#Cc1c(NCCn2ccnc2[N+](=O)[O-])[n+]([O-])c2cc(F)c(F)cc2[n+]1[O-],25.34
Cc1ncsc1-c1nc(-c2ccc(C#N)cc2)cc(-c2ccc(C#N)s2)n1,24.83
CN1C(=O)C(C#N)C(C#N)(c2ccnc(-c3ccc(C#N)c(C#N)c3)c2)c2ccc(-c3ncc(-c4ccc(Cl)cc4)[nH]3)cc21,30.99
N#Cc1ccc(-c2nc(-c3ccc(C#N)c(Br)c3)cc(-c3ccccn3)n2)cc1,19.21
N#Cc1ccc(-c2nc(-c3cnc(C#N)c(C#N)c3)c(-c3nccc(C#N)n3)[nH]2)cc1,13.02
N#Cc1ccc(=O)n(-c2cccc(-c3ccc(C#N)nc3)c2)c1,15.07
Cc1cn(-c2ccc(-c3ncc(-c4nc(C)nc(-c5cnc(N6CCCCC6)c(C#N)c5)n4)cc3C#N)cc2)cn1,18.45
CCn1cc(-c2ccc3nc(C#N)ccc3c2)cc(-c2cccc(-c3ccc(-c4ccc(C#N)cc4)nc3)n2)c1=O,35.86
CC(Oc1ncc(-c2cc(C3CC3)nc(-c3nc(C#N)ccc3C#N)n2)cc1C#N)c1cccc(C#N)c1,15.38
N#Cc1ccc(-c2cccc(-c3ccc(-c4nc(C#N)c(C#N)nc4-c4ccc(C#N)cc4)cc3)c2)cc1,11.66
N#Cc1cc(N2CCNCC(F)C2)nc(-c2nc(-c3cc(C#N)c(C#N)c(C#N)n3)ccc2C2CCC(F)(F)CC2)n1,17.04
CNC(N)=Nc1ccc(-c2ccc(-c3ccc(C#N)cc3)nc2)nc1-c1c2ccccc2c(C#N)c2ccccc12,31.54
N#Cc1ccc(C#N)c(-c2nc(-c3cnc(N4CCC(C#N)C4)c(C#N)c3)nc(N3CC4CC3C4)n2)n1,16.01
CC(C)(C#N)c1ncc(-c2cc(-c3cc(-c4nc(-c5ccc(C#N)cc5)[nH]c(=N)c4C#N)c(C#N)nn3)nc(C#N)n2)cc1C#N,27.92
N#Cc1cccc(-c2ccc(-c3cc(C#N)n(-c4ccc5c(c4)CCC5=NO)n3)cc2C#N)c1,18.98
CCCCCC=CCC=CCC=CCC=CCCCCC(=O)Nc1cnoc1-c1cc(C(C)C)c(O)cc1O,28.52
Cc1nc2cc(C#N)c(C#N)cc2c(=O)n1-c1cccc(-c2ccc(C#N)cc2)c1C#N,23.63
CCNC(=O)c1ccc(-c2ccc(-c3ccc(C#N)c(F)c3)cc2)n1CCc1ccc(-c2ccc(C#N)cc2)cc1,29.83
N#CCn1cc(-c2ccc(-c3nc(-c4ccc(C(=O)NCCN5CCCC5)cc4)nc(-c4ccc(-c5ccc(C#N)cc5)cc4)n3)cc2)cn1,22.63
COc1cc(F)cc(-c2ccc(-c3ccn(C)c(=N)n3)cc2C#N)c1,25.59
CC(C)Oc1ncc(-c2nc(-c3cccc(C#N)n3)nc(N3CCC(C)(O)C3)n2)cc1C#N,13.79
N#Cc1cccc(-c2cc(-n3nc(-c4cc(-n5nc(C(F)(F)F)cc5C#N)ccc4F)c4nc(-c5ccc(C#N)c(F)c5)ccc43)ccc2C#N)n1,38.84
N#CCc1cc(C#N)cc(=NC(=O)C(O)(C#Cc2cncc(-c3ccc(C#N)cc3)n2)c2cc(C#N)c3c(c2)CCO3)[nH]1,46.69
CCCS(=O)(=O)Nc1cc(F)cc(-c2cc(-c3cnc(C#N)nc3)nc(-n3nc(C(F)(F)F)cc3C#N)n2)c1F,20.59
N#Cc1ccc(-c2ccc(-c3nc(C#N)nn3-c3ccnc(-c4cc(C#N)nc(C#N)c4)c3F)cc2C#N)nc1,23.17
CC(C)Nc1ncc(-c2nc(C(=O)NCC3CCNCC3)nc(-c3nc(C#N)cn3C)n2)cc1C#N,29.12
N#Cc1ccc(-c2ccc(C#Cc3cc(-c4cnc(-c5ccc(F)c(F)c5)c(C#N)c4)ncn3)nc2)nc1,22.18
N#Cc1ccc(-c2ccc(-c3nc(C#N)cn(-c4cnc(C#N)c(C#N)c4)c3=N)cc2C#N)cc1,18.01
Cn1cc(-c2ccc(-c3cnc(-c4ccc(F)c(C#N)c4)c(C#N)c3)cn2)nc(C#N)c1=O,17.86
N#Cc1ccc(-c2ccc(-c3nc(C#N)cc(-c4ccc(-c5cc(F)c(C#N)c(F)c5)c(C#N)c4)n3)cc2)cc1,20.9
N#Cc1ccc(-c2ccc(-c3nc(-c4cccc(C#N)n4)cc(-c4cc(-c5ccc(-c6ccc(C#N)cc6)nc5)nc(-c5ccc(C#N)cc5)n4)n3)cc2)cc1,14.09
CS(=O)(=O)C1(CN=c2nc(Oc3ncnc(-c4ccc(-c5ccc(F)c(C#N)c5)c(C#N)c4)n3)cc[nH]2)CCOCC1,35.38
Cc1ncc(-c2nc(CNc3ccc(-c4ccc(C#N)cc4)cc3)nc(-c3cccc(C#N)n3)n2)cc1C#N,13.74
COCCN(C(=O)c1cc(C)n(-c2cc(-c3ccc(-c4ccc(C#N)c(C#N)c4)cc3)cc(-c3nnc(C#N)c(C#N)n3)c2)n1)c1cccc(F)c1,30.87
CC(Oc1c(F)cc(-c2nc(-c3cncc(C#N)c3)nc(N3CC4CC3C4)n2)cc1C#N)c1cc(F)c(C#N)c(F)c1,28.48
Cc1nc(-c2ccc(C#N)s2)c(C#N)cc1-c1nnn(-c2cc(C(=O)Nc3ccc(CN4CCN(C)CC4)c(C(F)(F)F)c3)ccc2F)n1,28.97
N#Cc1ccc(-c2ccc(-c3nc(NC(=O)c4ccccc4)c(C#N)nc3-c3ccc(-c4ccc(F)cc4)cc3F)cc2)cc1,27.38
N#Cc1ccc(C#N)c(-c2nc(-c3cnc(C#N)c(C#N)c3)nc(N3CC4CC3C4)n2)n1,11.15
CC(C)(C)c1c(Cc2nc(-c3c(F)c(F)c(C#N)c(F)c3F)c(C#N)c(=N)n2-c2ccc(-c3ccc(F)cc3C#N)cc2)nnn1-c1ccc(C#N)cc1,35.11
COc1cc(-c2ccc(C#N)cc2)cc(-c2ccc3c(c2)CCc2ccc(NC(C)=O)cc2C3=O)c1,18.41
Cc1ccc(-c2ccc(-c3nc4c(F)cccc4[nH]3)cn2)cc1NC(=O)c1cc(-n2cc(C#N)cn2)ncc1N1CCOCC1,42.39
N#CC=Cc1nc(-c2ccc(-c3ccc(Cl)c(Cl)c3)cc2)nc(-c2ccc(-c3ccc(C#N)cn3)nc2)n1,18.14
N#CCc1cc(-c2cnc(NCc3nc(C#N)c(C#N)s3)c(C#N)c2)nc(-c2cc(C#N)c(C#N)[nH]2)n1,26.19
N#Cc1ccc(-c2ccc(-c3cccc(-c4cc(-c5ccc(-c6ccc(C#N)c(C#N)c6)c(C#N)n5)nc(-c5ccc(-c6ccc(C#N)cc6)cc5)n4)c3)cc2)cc1,14.37
N#Cc1ccc(-c2ccc(-c3nc(-c4cncc(C#N)c4)cc(-c4ccc(C(N)=O)c(C#N)c4)n3)cn2)nc1,16.53
Cc1nc(N2CCCCC2)c(C#N)nc1-c1nc(Cl)nc(C#Cc2ccc(C#N)cn2)n1,24.97
N#Cc1ccc(-c2nc(-c3ccc(-c4cc(F)cc(C#N)c4)cc3OC(F)(F)F)cc(-n3nc(C#N)cc3C#N)n2)cc1,24.47
N#Cc1ccc(-c2ccc(-c3cc(-c4n[nH]c(-c5ccc(C#N)cc5)n4)[nH]n3)cc2)cc1,26.48
COc1cc(-c2nc(-c3ccc(OC(C)C)c(C#N)c3)cc(N3CCC(NS(=O)(=O)C4COC4)CC3)n2)cc(C#N)c1C#N,31.33
Cc1nc(-c2ccc(C#N)cc2)c(C#N)cc1-c1ccc(-c2cc(C#N)ccc2C#N)nc1,15.09
N#Cc1ccc(S(=O)(=O)N2C3CCC(C(=O)NC(C#N)Cc4ccc(-c5ccnc(F)c5)cn4)C2CC3)cc1,34.86
N#Cc1ccc(-c2ccc(-c3nc(C#N)cc(C#N)c3-c3ccc(-c4cccc(C#N)n4)cc3)nc2)cc1,20.84
N#Cc1cc(-c2nc(-c3cnc(NC4CCN(C5COC5)CC4C#N)c(C#N)c3)nc(N3CC4CCC(C3)O4)n2)cnc1C#N,28.72
N#Cc1ccc(-c2cccc(-c3c[nH]c(=N)c(-c4cc(-c5ccc(C#N)nc5)nc(-c5ccc(-c6ccc(-c7ccc(C#N)cc7)c(C#N)c6)cc5)n4)c3)n2)cc1,28.06
N#Cc1ccc(Nc2ccc(C#N)c(F)c2C#N)cc1,13.02
CCc1cc(-c2ccccn2)nc(-c2cnc(NCc3cccnc3)c(C#N)c2)n1,22.06
N#Cc1ccc(NNC=Nc2ccnc(C#N)n2)cc1,19.89
Cc1nc(-c2ccc(-c3ccc(C#N)cc3)cc2)nc(-c2ccc(C#N)cc2)c1-c1ccc(-c2cnco2)c(C#N)c1,16.81
N#Cc1ccc(-c2ccc(Cc3cc4cccc(C#N)n4n3)c(C#N)c2)cc1,29.13
Cc1nc(C#N)cc(-c2cc(F)cc(-c3ccc(-c4cc(C#N)nc(CCC#N)n4)cc3C#N)c2)n1,28.59
N#Cc1ccc(-c2ccc(CN(Cc3ccnc(C#N)n3)C3CCN(C(=O)C#Cc4cccc(-c5ccc(C#N)nc5)n4)C3)cc2)cc1,37.65
N#Cc1cc(-c2c(Br)cc(C#N)n2-c2cnc(C#N)c(C#N)c2)cc(-c2cnc(C#N)c(C#N)c2)n1,24.48
N#Cc1ccc(-c2cc(-c3nc4ccccc4n3-c3ccc(C#N)c(C#N)c3)cnc2N2CCOCC2)cc1,28.61
N#Cc1cc(-n2nccc2C#N)ccc1-c1cnc(-c2cc(F)c(-c3cnc(C#N)c(C#N)c3)cc2F)c(C#N)c1,19.98
N#Cc1ccc(-c2cc(Cl)c(-n3nc(C#N)nc3-c3ccc(-c4ccc(C#N)nc4)cc3)cc2C#N)cc1,18.38
N#Cc1ccc(-c2ccc(-c3nc(C(=O)N4CCN(Cc5ccc(F)c(F)c5)CC4)cn3-c3nccc(-c4cnc(C#N)c(C#N)n4)c3C#N)cc2)cc1,39.19
N#Cc1ncc(-c2cccc(-c3c(-c4ccc(F)cc4)nc4c(N5CCOCC5)nc(-c5ccc(C#N)c(C#N)c5)cn34)c2)cn1,27.56
Cc1cc(Nc2ccc3c(c2)C(=O)c2ccc(N)cc2C3=O)nc(C#N)n1,19.58
N#Cc1ccc(-c2cc(-c3ccc(C#N)cc3)nc(-c3nnn(CCn4nccc4C#N)n3)c2)cc1,19.61
N#Cc1ccc(-c2ccc(-c3nc(-c4ccc(C(N)=O)c(C#N)c4)cc(-c4cc(C#N)nc(N5CCC(F)C5)n4)n3)cc2)cc1,21.54
N#Cc1ccc(-c2ccc(S(=O)(=O)NC(CC3CCS(=O)(=O)C3)C(C#N)n3cnc4c(-c5ccc(-c6ccc(F)c(C#N)c6)cc5)ccnc43)cc2)cn1,46.32
COc1nc(Cn2c(=O)c(-c3ccc(-c4ccc(C#N)nc4)cc3)nn(CC#N)c2=O)ccc1-c1ccc(C#N)cn1,35.9
N#Cc1ccc(-c2cc(-c3cnc(C4=CCOCC4)c(C#N)c3)nc(-c3cc(C#N)c(C#N)c4c3NC(=O)CS4(=O)=O)n2)cc1,28.35
CC(=O)Nc1cc(-c2ccc(C#N)c(C#N)c2F)nc(-c2cc(C#N)c(C#N)c(C#N)n2)n1,18.48
N#Cc1ccc(-c2ccc(-c3ncc(C#Cc4ccc(-c5ccc6c(c5)OCO6)nc4)c(C#N)n3)cc2)cc1,25.42
N#Cc1cc(-c2cnc(-c3cnc(C#N)c(C#N)c3)c(C#N)c2)cc(-c2nc(C#N)c(-c3nc(C#N)c(C#N)nc3-c3ccc(Cl)cc3)cc2C#N)c1,23.52
COc1cc(OC)c(F)c(-c2ccc(NC(=O)Cc3cc(-c4ccc(C#N)cc4)n(-c4ccc(C#N)c(C#N)c4)n3)cc2C#N)c1,42.48
CC(C)Oc1ncc(-c2cc(C#N)cc(-c3nc(C#N)cc(N4CCOC(CO)C4)n3)n2)cc1C#N,18.52
N#CC(C#N)=Nc1ccc(-c2cc(-c3ccc(-c4ccc(C#N)cn4)cc3)nc(-c3ccc(-c4ccc(C#N)cc4)cc3)n2)cc1O,32.66
N#Cc1ccc(-c2ccc(-n3cnc(C(=O)N=c4ccn(Cc5ccccc5C#N)[nH]4)n3)cc2C#N)cc1,30.27
N#Cc1ccc(-c2cc(-c3nc(C#N)nc4c3oc(=N)n4CC3CC3)nc(-c3cnc(N)c(C#N)n3)c2C#N)cc1,27.11
Cc1nc(-c2ccc(-c3nc(-c4cc(CCC#N)nc(-c5ccc(-c6ccc(C#N)nc6)cc5)c4C#N)nc(-c4c(F)c(F)c(C#N)c(F)c4F)n3)s2)cc(C#N)c1C#N,40.18
N#Cc1ccc(-c2ccc(-c3cccc(-c4cc(C#N)c(-c5ccc(-c6nn[nH]n6)cc5)nc4C#N)n3)cc2)cc1,23.38
Cc1nc(-c2cc(-c3ccc(C#N)cc3)cc(-c3nc(-c4ccc(C#N)cc4)nc(-c4ccc(C#N)cc4)c3C#N)n2)cs1,17.48
COc1ncc(C#Cc2[nH]c(C3CC3)nc2-c2cnc(C#N)c(C#N)c2)cc1F,18.75
C=C(c1c(F)c(F)c(C#N)c(F)c1F)n1cc(Nc2sc(NCCN3CCOCC3)c(C#N)c2C#N)c(C#N)n1,29.23
Cc1ncc(-c2nc(-c3cccc(C#N)n3)nc(N3CCC(F)(C#N)CC3)n2)cc1C#N,14.05
CN(C)CCN(C)C1CCN(C(=O)c2ncc(-n3nnc(-c4cccc(-n5cnc(-c6ccc(-n7ccnc7)cc6)n5)c4)n3)cc2C#N)CC1,36.19
CNC(=O)c1cc(-c2nc(C#N)ccc2C#N)nc(-c2cnc(C)c(C#N)c2)n1,17.32
CC(CN=c1nc(-c2cn(Cc3ccncc3)nc2-c2cncc(C#N)c2)cc[nH]1)Cc1ccccc1,28.77
N#Cc1cccc(-c2nc(-c3ccc(CN4CCOCC4)c(C#N)c3)nc(N3CCC(COCCN4CC(F)C4)CC3)n2)n1,31.73
N#Cc1ccc(-c2nc(-c3cnc(C#N)c(C#N)n3)n3cc(F)ccc23)cc1C#N,21.9
N#Cc1ccc(-c2ccc(-c3nc(-c4ccc(C#N)cc4)nc(-c4cc(-c5nc(-c6cnc(C#N)c(C#N)c6)nc(-c6cc(F)c(C#N)c(F)c6F)n5)nc(C#N)n4)n3)cc2)cc1,16.95
COCCN1CCN(c2nc(-c3cc(Cl)cc(C#N)c3)nc(-c3cnc(CC#N)c(C#N)c3)n2)CC1,22.63
Cn1nc(-c2cc(-c3cnc(C(C)(C)C#N)c(C#N)c3)nc(C#N)n2)nc1-c1cnc(CNC(=O)CCN)c(C#N)c1,32.75
N#Cc1cc(-c2ccc(-c3ccc(F)c(F)c3)c(C#N)c2)nc(-c2ccc(-n3nc(C(N)=O)cc3C#N)cc2Cl)n1,19.0
CS(=O)(=O)c1ccc(CC(C#N)Nc2cc(-c3cc(F)ccc3F)nc(-c3cc(C#N)c(C#N)c(C#N)n3)n2)cc1,19.91
CNc1c(C#N)nc(-c2cc(C#N)c(-c3ccc(-c4ccc(C#N)c(-c5ccc(C#N)cc5)n4)cn3)cn2)n1C#N,20.07
N#Cc1ccc(Cn2c(=Cc3nc(-c4ccc(C#N)cc4)nc(-c4ccc(-c5cc(C#N)ccc5C#N)cc4)c3C#N)ccc2=C(O)O)cc1,32.53
N#Cc1ccc(-c2nc(C#N)nc(-n3nc(C(F)(F)F)cc3C#N)c2C=O)c(OCCn2cnc(-c3ccc(F)c(F)c3)c2)c1,32.12
N#Cc1cc(-c2nc(-c3ccc(-c4ccc(F)cc4)nc3)nc(-c3cc(C#N)c(C#N)c(C#N)c3)n2)cnc1C#N,18.85
COc1c(C#N)cc(-c2ccc(C#N)c(C#N)c2)cc1-c1cc(-c2ccc(C#N)nc2)nc(-c2ccc(-c3ccc(C#N)cn3)nc2)n1,22.71
CC(C)(C)Nc1nc(-c2ccc(C#N)cc2)nc(-c2ccc(-c3ccc(C#N)c(C#N)c3)cc2)c1C#N,16.3
N#Cc1ccc(-c2cc(-c3ncc(C#N)nc3C#N)nc(-c3ccc(C#N)nc3)c2F)cc1,18.14
N#Cc1nnc(-c2cc(CO)c(-c3nn(-c4ccc(-c5ccc(C#N)c(C#N)c5)cc4C#N)nc3C#N)cc2C#N)o1,29.34
N#Cc1cccc(-c2nc(-c3cnc(C(F)(F)F)c(C#N)c3)nc(N3CCC(N4CCCC4)CC3)n2)n1,14.37
Cn1c(C(=O)N2CC(N)C2)cc2cc(NC(=O)c3ccc(C#N)c(-c4cncc(-c5noc(C#N)n5)c4)n3)ccc21,31.45
N#Cc1cc([N+](=O)[O-])cnc1N1CCN(C(=O)c2cccc(F)c2)CC1,21.44
CC(C)Oc1ccc(-c2nnc(-c3nc(-c4ccc(-c5ccc(C#N)cc5)cc4)nc(-c4ccc(-c5ccc(C#N)cc5)cc4)n3)o2)cc1C#N,19.37
N#Cc1ccc(-c2cc(-c3ccc(C#N)c(C#N)c3)c3c(n2)C=CS3(=O)=O)cc1,29.06
CC(C)Oc1ncc(-c2nc(-c3cncc(C#N)c3)nn2C)cc1C#N,14.42
N#Cc1nc(-c2ccc(C#N)c(C#N)c2)cc(-c2nc(-c3cnc(C#N)c(C#N)c3)nc(N3CC4CC3CO4)n2)n1,14.23
N#CN=C(N)c1ccc(-c2ccc(-c3cccc(C#N)c3)s2)s1,31.0
N#Cc1ccc(Cl)c(Cl)c1,13.49
N#Cc1ccc(-c2ccc(Cc3cc(-c4ccc(-c5ccc(C#N)cc5)cc4)n(C(=O)c4ccc(Cl)cc4)n3)cc2)cc1,22.15
N#CC(C#N)=Cc1c(-c2ccc(OCc3ccc(C#N)cc3)c(OCc3cn(Cc4ccc(Cl)cc4Cl)nn3)c2)nc2cc(C#N)ccn12,34.99
N#Cc1ccc(-c2ccc(-c3cnc(-c4cc(F)c(F)c(C#N)c4)cc3C#N)cc2)c(Nc2ccc3c(cnn3Cc3ccc(F)c(F)c3)c2)c1,36.78
N#Cc1cccc(NC(=O)COc2cc(-c3ncnc4c(C#Cc5cc(C#N)nc(-c6cccc(C#N)n6)c5)csc34)ccc2C#N)c1,43.92
Cc1ccc(C#N)nc1-c1nc(-c2ccc(CC#N)c(C#N)c2)nc(N2CCC(c3nc(C(C)C)no3)CC2)n1,17.61
N#Cc1cncc(-c2nc3c(F)cc(C#N)nc3n2-c2cc(-c3ccc(-c4nc(Cl)nc(C#N)c4C#N)cc3)cc(-c3nc(C#N)cs3)n2)c1,33.34
N#CCc1nc(-c2ccc(-c3ccc(C#N)cc3)cc2)n(-c2nc(-c3ccc(-c4ccc(C#N)cc4)nc3)ncc2Cl)n1,20.83
N#Cc1nc(-c2ccc(-c3nnc(C#N)o3)c(C#N)c2)nc(C2CC2CN)n1,27.52
N#Cc1cccc(-c2ccc(-n3cc(-c4cccc(C#N)n4)c(-c4cnc(C#N)c(C#N)c4)n3)cn2)n1,17.11
N#Cc1nccc(-c2ccc(-c3c[nH]c(=Nc4ccc(-c5cnc(C#N)c(C#N)c5)c(C#N)c4)n4cnc(Cl)c34)cc2)n1,30.21
N#Cc1ccc(-c2ccc(N=c3nc(C#N)nc(-c4ccc(-c5cnco5)c(C#N)c4)[nH]3)cc2C#N)cc1,18.14
N#Cc1ccc(-c2ccc(-c3nc(-c4ccc(C#N)cc4)nc(-c4c(F)c(-n5nccc5C#N)nc(Cl)c4C#N)n3)cn2)cc1,19.02
N#Cc1ccc(-c2ncc(-c3cc(-c4cnnc(C(F)(F)F)n4)ccn3)cc2C#N)s1,17.03
N#Cc1ccc(-c2cc(Cn3nc(C#N)cc3C#N)cc(-c3ccc(C#N)cc3)n2)cc1,11.72
N#Cc1ccc(-c2ccc(-n3cnc(=N)n4c(C#N)cnc34)c(C#N)c2)cc1,24.13
N#Cc1ccc(-c2nc(-c3cccc(C#N)c3)cc(-c3c(-c4ccccc4C#N)c[nH]c3C#N)n2)cc1,25.51
N#Cc1ccc(-n2cnc(-c3ccc(C#N)c(C#N)c3)n2)cc1,12.35
N#Cc1cnc(-c2ncc(-c3ccc(-n4c(C#N)ccc4C#N)cc3)cc2C#N)c(Cl)c1,15.3
N#Cc1ccc(-c2ncc(-c3nc(-c4ccc(-c5nnco5)c(C#N)c4)nc(C(F)(F)F)n3)nc2C#N)cc1C#N,17.07
COc1cc(-c2nc(-c3ccc(CC#N)c(C#N)c3)n(C)c2-c2cnn(C)c2)cc(OC)c1OC,26.35
CCOC(=O)N1CCC(Oc2ccc(Cl)c(-c3cc4ncnn4c(-c4cccc(C#N)n4)n3)c2)CC1,33.19
N#Cc1ccc(-c2ccc(-c3ncc(-c4nccc(C#N)n4)cc3-c3cnc(-c4ccc(C#N)c(F)c4)c(C#N)c3)nc2)nc1,17.91
CNC1Cc2c([nH]c3ccc(C#N)cc23)C1(c1cccc(C#N)c1)c1ccnc(C#N)c1,38.19
N#Cc1ccc(-c2cc(C#N)c3nc4cc(-c5ccc(C#N)nc5)c(F)cc4nc3c2)cn1,30.07
N#Cc1cccc(-c2nc3cnc(-n4ccnc4-c4ccc(F)cc4)nc3n(Cc3c(F)c(F)cc(F)c3F)c2=O)n1,34.96
N#Cc1cncc(-c2ccc(-c3ccc(C#N)c(C#N)c3)cn2)n1,16.3
N#Cc1ccc(-c2cc(-c3cnc(-c4ccc(F)cc4)c(C#N)c3)nc(C#N)n2)cc1,14.45
N#Cc1ccc(-c2ccc(-c3nc(-c4ccc(CNC(=O)c5ccnc(-c6ccc(C#N)cc6)n5)cc4)nc(C4CCC4)n3)cc2)cc1,29.38
N#Cc1ccc(-c2nc(-c3cnc(C#N)c(C#N)c3)nc(N3CCC(c4cc(C#N)c(F)cn4)C3)n2)nc1,21.85
N#Cc1nc(-c2cccc(-c3nc(-c4cnc(C#N)c(C#N)c4)nc(-c4c(F)c(F)c(C#N)c(F)c4F)n3)n2)cc(-n2ccnc2)n1,25.96
Cc1[nH]c(=N)[nH]c(=N)c1C#CC(C)c1cccc(-c2ccc(-c3cnc(-c4ccc(C#N)cc4)c(C#N)c3)cc2)c1,22.64
N#Cc1ccc(-c2nc(-c3cccc(C#N)n3)nc(-c3cc(-c4ccccn4)nc(C4CCNCC4)n3)c2C#N)cc1,19.95
CC(C)(C)OC(=O)NCc1cccc(CC(=O)N=c2[nH]nc(CCCCc3cc(-c4ccc(-c5ccc(C#N)cc5)cc4)nc(-c4cccc(C#N)c4)n3)s2)c1,27.36
N#Cc1ccc(-c2nc(-c3ccc(C#N)cc3)c(C#N)c(-c3cc(-c4cnccn4)nc(-c4cccc(C#N)n4)n3)n2)cc1,12.74
N#Cc1cc(-c2nc(-c3cc(Cl)cc(-n4c(C#N)ccc4C#N)c3)nc(N3CCOC4CCCC43)n2)cnc1C#N,22.95
CC(C)Oc1ncc(-c2nccc(-c3ccc(C#N)o3)n2)cc1C#N,13.12
N#Cc1ccc(-c2cc(-c3nc(C=NO)nn3-c3cc(F)c(F)c(F)c3F)nc(-c3ccc(C#N)cc3)n2)cc1,20.31
N#Cc1ccc(-c2nc3c(cc(-c4ccc(C#N)c(C#N)c4)c4c(-c5ccc(-c6ccc(O)cc6)cc5)nccc43)[nH]2)cc1,30.62
COC1C(C)CN(c2nc(-c3cccc(C#N)n3)nc(-c3cc(C#N)c(C)c(C#N)n3)n2)CC1(F)F,20.91
N#Cc1ccc(-c2ccc(-c3cc(-c4ccc(-c5cnc(C#N)c(C#N)c5)cn4)nc(-c4ccccc4C#N)c3C#N)cc2)cc1,19.12
N#Cc1cncc(-c2cc(C#N)c(C#N)nc2C(=O)Nc2ccc(C#N)c(C#N)c2)c1,24.23
N#Cc1ccc(-c2nc(-c3cccc(C#N)c3)cc(-c3cccc(-c4ccc(-c5ccnc(C#N)n5)cn4)c3)n2)cc1,21.77
CC1CCC(Cn2nc(C#N)nc2-c2ccc(-c3cc(C#N)nc(Cl)n3)c(C#N)c2)CC1,20.89
CC(C#N)Nc1ncc(-c2nc(-c3ccc(F)c(-c4ccc(C#N)c(C#N)c4)c3)nn2C)cc1C#N,15.61
N#Cc1ccc(-c2nc(-c3ccc(-c4ncc(-n5cnc(C#N)c5-c5cc(F)c(Cl)cc5Cl)c(F)c4F)cc3F)no2)nc1C#N,40.08
N#Cc1ccc(-c2ncc(-c3cc(-c4ccc(C#N)nc4)nc(-c4ccc(-c5ccc(C#N)c(C#N)c5)nc4)n3)cc2C#N)cc1,16.74
N#Cc1ccc(-c2ccc(-c3cc(-c4c(F)c(F)c(C#N)c(F)c4F)c(C#N)c(-c4ccc(NCc5ccccc5)c(C#N)n4)n3)nc2)cc1,18.29
CC(C)Oc1ncc(-c2nc(-c3cccc(C#N)n3)nc(N3CC4(COC4)C3)n2)cc1C#N,10.48
N#Cc1ccc(-c2ncc(-c3ccc(-c4c(F)cccc4F)nc3)cc2C#N)cc1C#N,14.86
Cc1nc(-c2cc(-c3ccc(C#N)cc3)cc(C#N)n2)ncc1-c1ccc(-c2ccc(N)c(C#N)n2)nc1,28.18
N#Cc1ccc(C=C2CSc3ccccc3C2=O)cc1,21.27
CC1COCCN1c1nc(-c2cc(C#N)c(CO)c(C#N)c2)nc(-c2cc(C#N)cc(C#N)n2)n1,18.15
N#Cc1ccc(-c2nc(C#N)cc(OCc3ccc(C#N)c(-c4cc(C(F)(F)F)ccc4C#N)c3)n2)cc1,15.54
N#Cc1cc(=Nc2cc(-c3cccnc3)ccc2C#N)[nH]c(-c2ccc(C(F)(F)F)c(C#N)c2)n1,22.69
CCOC(=O)c1ccc(-c2cccc(-c3cc(C#N)c(C#N)c(-c4ccc(-c5ccc(C#N)cc5)nc4)c3)c2)c(C#N)c1,27.55
COCCN1CCN(c2ccc(-c3cc(C#N)c(C#N)c(C#N)n3)nc2-c2ccc(C#N)cc2)CC1=O,16.78
CS(=O)(=O)c1ccc(-c2nc(CCn3ccnc3)c(-c3ccc(C#N)cc3)cc2-c2ccc(C#N)cc2)cc1,27.85
N#Cc1nc(-c2ccc(-c3cnc(-c4ccc(F)c(C#N)c4F)c(C#N)n3)cc2Cl)cs1,31.78
CCCCc1nn(-c2ccccc2-c2ccccc2)c(=O)n1Cc1ccc(-c2ccccc2-c2nc(=O)s[nH]2)cc1,21.38
N#Cc1ccc(-n2cncc2-c2cc(Cl)c(-c3cc(C#N)c(C#N)c(Cl)n3)cc2Cl)cc1C#N,28.57
COC1CCC(NC(=O)c2nc(C#N)ncc2NC(=O)c2nc(-c3cnc(C(CC#N)NC#N)c(C#N)c3)nn2-c2ccc(C#N)cn2)CC1,38.32
N#Cc1cccc(OCc2cc(-c3cnc(-c4ccc(F)c(C#N)c4)c(C#N)c3)nc3ccccc23)n1,26.25
N#Cc1ccc(-c2cc(-[n+]3ccc(-c4ccccc4)cc3)nc(-[n+]3ccc(-c4ccncc4)cc3)n2)cc1,17.37
Cc1nc(-c2cc(C(=O)N3CCC4(CC3)CC(=O)c3cc(C#N)ccc3O4)ccn2)n[nH]1,28.26
CC(C#N)SCc1cccc(N)c1C#N,26.17
CCOc1ccccc1NC(=O)c1c(N)c2c(-c3ccc(OC)c(OC)c3)c(C#N)c(C#N)nc2n1Cc1ccccc1,27.54
Cc1ncc(-c2nc(-c3cccc(C#N)n3)nc(N3C4CCC3COC4)n2)cc1C#N,12.64
O=C(Nc1ccc(-c2nc3ccccc3[nH]2)cc1)C1CCCN(c2nccc(-n3ccnc3)n2)C1,30.69
N#Cc1ccc(-n2nc(-c3cnc(C#N)c(C#N)c3)cc2COc2ccc(C=Cc3cc(C#N)c(=O)[nH]c3C#N)cc2)cc1,27.44
CC(C#N)Oc1ccc(-c2nc(-c3cccc(C#N)n3)cc(C3CCCC3)n2)cc1C#N,19.17
N#Cc1ccc(-c2ccc(CN(c3cc(-c4ccccn4)nc(C#N)n3)S(=O)(=O)c3ccc(C#N)cc3)cc2)cc1,21.38
O=C1Nc2ccccc2C1=Cc1oc(-c2ccncn2)nc1C(F)(F)F,32.21
N#Cc1ccc(-c2nc(N=c3cc(C#N)cc[nH]3)cc(-c3ccc(-c4cccc(C#N)n4)nc3)n2)cc1,17.19
N#Cc1cc(-c2nc(-c3nc(F)ccc3F)nc(N3CCC(C#N)CC3)n2)cnc1C#N,17.95
N#Cc1ccc(-c2nc(-c3ccc(-n4nccc4C#N)cc3)nc(-c3ccc(F)c(F)c3)c2C#N)c(F)c1,25.75
Cc1ncc(-c2nc(-c3cccc(C#N)n3)nc(N3CC4CC3C4)n2)cc1C#N,10.69
CCOc1cc(C=Cc2ncc(C=Nc3cc(O)c(N)cc3O)cc2C=Nc2cc(O)c(N)cc2O)ccc1O,29.07
N#Cc1ccc(-c2ccc(-c3cc(-c4ccc(C#N)cc4)nc(-c4ccc(-c5ccccc5C#N)cc4F)c3)cc2)cc1,28.18
N#Cc1ccc(-c2nc(-c3nc(-c4ccc(C#N)cc4)nc(-c4ccc(-c5ccc(C#N)c(C#N)c5)cc4)n3)cc(-n3c(C#N)cnc3-c3ccc(C#N)cc3)n2)cc1,21.73
N#Cc1ccc(-c2ccc(-c3nc(-c4ccc(-c5ccnc(C#N)n5)c(F)c4)cc(-c4cnc(-c5cnc(C#N)c(C#N)c5)c(C#N)c4)n3)cn2)cc1,16.54
N#Cc1ccc(-c2ccc(-c3nc(-c4ccc(-c5cccc(C#N)n5)cc4)cc(-c4ccc(-c5ccc(C#N)cc5)c(C#N)c4)n3)cc2)cc1,12.66
N#Cc1ccc(-c2nc(-c3cc(-c4ccc(C#N)cn4)nc(C#N)n3)cc(-c3ccc(-c4cccc(C#N)c4)cc3)c2C#N)cc1,16.54
N#Cc1ccc(-c2cc(-c3ccc(-c4ccc(C#N)c(F)c4)cc3)cc(-c3ccc(-c4c(C#N)c(Sc5ccccc5)[nH]c(=N)c4C#N)cc3)n2)cc1,22.42
N#Cc1cc(-c2nnc(-c3cccc(-c4ccc(-c5cc(C#N)c(C#N)c(C#N)n5)cc4)c3)o2)ccc1-c1ncc[nH]1,29.34
N#CCOC(=O)c1ccc(-c2nc(-c3nc(C#N)ccc3C(F)F)nc(N3CC4CCC(C3)O4)n2)cc1C#N,21.23
N#Cc1cccc(-c2ccc3c(n2)C(=O)c2ccc(Nc4cc(F)c(C#N)cc4F)cc2C3=O)n1,14.57
CC(C)(CO)c1nc(-c2ccc(-c3cc(-c4cccc(O)c4F)cc(-c4ccnc(-c5ccc(-c6ccc(C#N)cc6)cc5)n4)n3)cc2)ncc1C#N,31.67
CC(C)C1C(=O)N(Cc2nncn2Cc2ccc(C#N)cc2)CC(=O)N1c1cc(Cl)c(F)c(C#N)c1,33.78
Cc1cc(C#N)ccc1-c1nc(-c2ccc(C#N)cc2)cc(-c2ccc(-c3nc(-c4ccc5nc(C6CC6)nn5c4)[nH]c3-c3ccncc3)c(F)c2)n1,31.89
N#Cc1ccc(-c2cc(C#N)cc(-c3ccc(=O)n(Cc4ccc(C#N)nc4)n3)c2)cc1,23.88
CN1CCC(N(C)c2ccc3c(c2)CCc2cc(Nc4ccc(N)c(C#N)c4)ccc2C3=O)CC1,28.38
N#Cc1ccc(-c2ccc(-c3c(C#N)c(C(=O)NS(=O)(=O)c4ccc(C#N)cc4)nn3-c3ccccc3Cl)cc2)cc1,21.94
Cc1ncc(-c2nc(COCC3(C#N)CCC3)cc(-c3cccc(C#N)n3)n2)cc1C#N,12.36
CC(C)Oc1ncc(-c2ccc(-n3nc(C#N)cc3CN3CCOc4ccc(C#N)cc4C3CC(=O)N(C)Cc3cc(C#N)nc(C#N)n3)c(C#N)n2)cc1C#N,48.05
CC(C)Oc1ncc(-c2cc(C#N)cc(-c3nc(C#N)cn3CCN3CCC3=O)n2)cc1C#N,18.05
N#Cc1nc(-c2nc(-c3cnc(C#N)c(C#N)c3)nc(N3CCC3)n2)c2nc(C#N)c(C#N)cc2n1,16.38
N#Cc1cc(-c2ncc(-c3cc(-c4ccc(-c5ccc(F)c(C#N)c5)nc4)c[nH]c3=N)nc2C#N)ccn1,22.46
N#Cc1cc(-c2cc(N3CC4CC3CO4)nc(-c3cnc(C#N)c(C#N)n3)n2)nc(C#N)c1C#N,14.22
N#Cc1ccc(-c2ccc(-c3cc(-c4ccc(-c5cccc(C#N)n5)nc4)ncc3-c3ccc(-c4ccc(C#N)cn4)nc3)cn2)cc1,20.78
N#Cc1ccc(-c2nc(-c3ccc(C#N)c(C#N)c3)cc(-n3nccc3C#N)n2)cc1,9.34
N#Cc1ccc(S(=O)(=O)c2cc3c4c(c2)CCN4C(=O)CC3)cc1,22.46
N#CCc1ncc(-c2nc(-c3cnc(C#N)c(C#N)c3)cc(-c3ccc(C#N)s3)n2)cc1C#N,12.76
C=CCN1CC(C)N(C(C)c2ccc(NC(=O)N3Cc4cc(Br)cnc4C3)cc2)CC1C,35.05
N#Cc1ccc(-c2nc(-c3ccc(-c4cccc(F)c4)cc3)nc(-c3cc(-c4nc(-c5ccc(C#N)cc5)nc(-c5ccc(C#N)cc5)c4C#N)nc(Cl)n3)n2)cc1,23.03
N#Cc1cc(-c2nccc(-c3ccc(-c4ccc5c(c4)COC5=O)nc3)n2)cnc1C#N,20.01
N#Cc1ccc(CSc2nc(-c3cnc(-c4cnc(C#N)c(C#N)c4)c(-c4ccc(C#N)cc4)c3)nc(C(F)(F)F)c2C#N)cc1,24.06
Cn1cc(-c2ncc(-c3c(C#N)ccc(-c4c[nH]c(=N)c(C#N)n4)c3F)cc2C#N)cn1,19.47
N#Cc1nc(C#N)nc(-c2cc(C#N)c(Oc3cncc(Nc4ccc(-c5cnc(C#N)c(C#N)c5)cc4)n3)c(C#N)c2)n1,31.7
N#CCc1nc(-c2cc(C#N)c(C#N)[nH]2)nc(-c2ccccc2C#N)n1,11.45
N#Cc1cc(-c2cc(-c3cc(C#N)c(N4CC(F)(F)C4)nn3)nc(N3CC4CC3C4)n2)cnc1C#N,15.03
N#Cc1nccc(-c2cc(C#N)c(-c3c[nH]c4c(C#N)nc(-c5ccc(C#N)c(C#N)c5)cc34)s2)n1,29.86
COc1cc(-c2cccc(C#N)n2)cc(-c2cc(F)c(F)c(-c3noc(-c4cc(C#N)c(N)c(C#N)c4)n3)c2F)c1,29.0
N#Cc1ccc(-c2nc(-c3ccc(C#N)c(F)c3)nc(-c3cccc4c3CC(CNC(=O)N=c3nc(C#N)[nH][nH]3)C4)n2)cn1,33.31
N#Cc1cc(-c2ncc(-c3n[nH]c(CF)n3)cc2C#N)cnc1C#N,17.06
N#Cc1cncc(-c2ncc(-c3nc(-c4cnc(C#N)c(C#N)c4)nc(N4CC(N)CC(F)C4)n3)cc2C#N)c1,17.76
COCC(=O)NCc1ncc(-c2nc(-c3ccc(C#N)nc3)cn2C)cc1C#N,19.12
N#Cc1ccc(-c2[nH]c(-c3cnc(C#N)c(C#N)c3)nc2C#N)cc1C(=O)OCc1ccc(C#N)c(-c2ccc(Cl)cc2)c1,41.38
N#Cc1ccc(-c2nnc(-c3ccc(C#N)cc3)c(-c3nc(-c4nnc(N5CC(O)C5)c(C#N)n4)cc(-c4ccc(F)c(C#N)c4F)c3F)n2)cc1,27.04
N#Cc1ccc(-c2cc(-c3cc(-c4nccc(C#N)n4)[nH]c(=N)c3C#N)nc(-c3ccc(C#N)cc3)n2)cc1,13.57
N#Cc1cccc(CNC(=O)c2cc(Nc3cn(CC(=O)N4CCC(F)(F)C4)nc3-c3cncc(C(F)(F)F)c3)cc(C#N)n2)n1,34.64
Cc1nc2cc(C#N)ccc2c(-c2ccc(-c3ccc(C#N)cc3)cc2)c1-c1cc(C2CN(c3ccc4c(c3)C(=O)NC4)C2)nc(-c2cnc(C#N)c(C#N)c2)n1,31.39
N#Cc1cccc(-c2cc(N3CCOCC3)nc(-c3cnc(C=Cc4cnc(C#N)nc4)c(C#N)c3)n2)n1,18.29
N#Cc1ccc(-c2ncc(-c3nc(C(F)(F)F)c(-c4ccc(Cl)c(-n5cccc5C#N)n4)s3)cc2C#N)cc1,20.55
N#Cc1ccc(-c2nc(-c3cc(C#N)nc(-c4ccc(C#N)c(C#N)c4)n3)nc(-c3ccc(C#N)s3)n2)cn1,20.46
COc1cc(-c2cnc(OC)c(-c3ccn(C)n3)c2)ccc1-c1nn(-c2ccc(C#N)c(C#N)c2)cc1C#N,36.24
CC(C)Oc1ncc(-c2nc(-c3cnc(N=CCc4ccc(C#N)cc4)c(C#N)n3)cn2C)cc1C#N,17.17
N#Cc1ccc(-c2nn(-c3cccc(C#N)n3)nc2-c2ccc(-c3ccc(-c4ccc(C#N)cn4)nc3)cc2)cc1,21.84
N#Cc1cccc(-c2cc(-c3cnc(C#N)c(C#N)c3)nc(-c3cccc(C#N)n3)n2)c1,14.6
CC(C)n1nc(Cl)nc1-c1cnc(-c2ccncc2F)c(C#N)c1,16.04
N#Cc1cc(-c2nc(-c3ccc(-c4c(F)c(F)c(C#N)c(F)c4F)[nH]3)cc(C#N)c2C#N)c(F)cc1F,24.75
N#Cc1ccc(-c2ccc(-c3nc(-c4ccc(C#N)cc4)nc(N)c3C=CC(=O)c3ccc(-c4ccc(C#N)cc4)nc3)cc2)cc1,22.68
N#Cc1ccc(-c2cc(N3CC4CC3CO4)nc(-c3cc(C#N)c(C#N)c(C#N)n3)n2)c(F)n1,17.24
N#Cc1ccc(-c2ccc(-c3cc(-c4ccc(-c5ccc(C#N)cn5)s4)nn3C3c4cc(C#N)ccc4CC3C(=O)O)cn2)cc1,36.21
CC(C)Cc1cc(C(=O)NCCc2csc(-c3cc(-c4ccc(C#N)cc4)nc(-c4ccc(-c5ccc(C#N)cc5)cc4)n3)n2)n(C)n1,30.97
N#Cc1ccc(-c2ccc(-c3nc(-c4ccc(F)cc4)cc(-c4cc(-c5ccc(-c6ccc(C#N)cn6)cc5)cc(-c5cccc(C#N)n5)n4)n3)cc2)cc1,20.99
N#Cc1ccc(-c2cccc(C=Cc3nc(-c4ccc(C#N)cc4)nc(-c4cc(C#N)c(C#N)c(C#N)n4)n3)n2)cc1,20.43
Cc1cc(C#N)n(-c2cc(-c3cc(C#N)nc(-c4cnc(-c5ccc(C#N)cn5)c(F)c4F)n3)nc(-c3ccc(F)c(C#N)n3)n2)n1,26.74
CCCc1nc(OCC)c(C#N)cc1-c1nc(-c2ccc(C#N)nc2)cc(N2CCOCC2)n1,29.23
N#Cc1ccc(-c2nc(Cn3cnc(-c4ccc(-c5ccc(F)cc5)c(C#N)c4)n3)cc(C#N)c2-c2ccc(Cl)c(Cl)c2)cc1,21.73
N#Cc1cc2c(O)c(N=CCC(=O)c3ncc[nH]3)c(=O)oc2cc1Cl,38.59
CC1(C)CC(=O)c2c([nH]c(-c3ccc(C#N)cc3)c2-c2nc3cc(C#N)cc(C#N)c3c(=S)n2N)C1,40.25
N#Cc1ccc(-c2cc(-c3nccc(C#N)n3)nc(-c3nc(C#N)c(N)c(-c4ccc(-c5cccc(C#N)c5)cn4)n3)c2)cc1,29.71
Cn1c(C#N)c(NC(=O)c2cncnn2)c(C#N)c1CC#N,28.12
Cc1ccc(-c2nc(-c3cnc(N4CCC(C#N)CC4)c(C#N)c3)nc(=Nc3ccc(C#N)cn3)[nH]2)c(C)n1,28.06
N#Cc1ccc(OCC(=O)N(c2nc3ccc(-c4cc(-c5ccc(C#N)cc5)ccn4)cc3s2)C2CC2)cc1,37.76
Cc1c(-c2nc(C#N)nc(-c3ccc(-c4nc(C#N)ncc4C#N)c(F)c3)n2)nc(N2CCCC(N)C2)nc1-n1cncc1C#N,27.53
N#Cc1ccc(-c2ncc(-c3nc(-c4cc(C#N)c(C#N)[nH]4)nc(C4CCCC4)n3)c(F)c2C#N)cn1,15.78
N#Cc1nc(-c2ccc(-c3ccc(C#N)c(C#N)c3)cc2)c(-c2ccc(C#N)c(C#N)c2)[nH]1,16.86
CCCCc1ncc(-c2cc(C#N)ccc2Cl)c(=O)n1Cc1ccc(-c2ccccc2-c2nn[nH]n2)cc1,22.75
N#Cc1ccc(-c2nc(C#N)c(C#N)nc2-c2ccc(-c3cc(-c4ccc(C#N)c(C#N)c4)ccc3O)cc2)cc1,19.52
Cn1cc(-n2nc(C#N)cc2C#N)cc1-c1c(F)c(F)c(C#N)c(F)c1F,15.44
N#Cc1ccc(-c2ccc(-c3ccc(-c4c(C#N)cc(-n5nc(C(F)(F)F)cc5C#N)c(F)c4C#N)nc3C#N)cc2C#N)cc1,14.36
N#CCn1c(-c2ccc(-c3ccc(C#N)cc3)cc2)nc(-c2ccc(-c3ccc(-c4ccc(F)cc4C#N)c(C#N)c3)cc2)c1-c1ccc(C#N)c(C#N)c1,19.6
N#Cc1ccnc(-c2cc(-c3ccc(C#N)c(C#N)c3)c(C#N)c(-c3cnc(N)c(C#N)n3)c2)n1,17.0
CC(C)NC(=O)N1CCc2c(c(-c3ccc(C(F)(F)F)c(C#Cc4ncccc4F)c3)nn2CCCN2CCOCC2)C1,26.93
N#CCc1ncc(-c2nc(-c3ccc(C#N)cc3)cc(-c3ccc(C#N)c(-c4ccc(C#N)cc4Cl)c3)n2)cc1C#N,17.69
N#Cc1ccc(-c2ccc(-c3nc(-c4ccc(-c5nc(C#N)c(N)o5)c(F)c4F)nc(-c4ccc(C#N)c(F)c4)c3C#N)cc2)cc1,22.37
N#CC(=Cc1cccc(-c2ccccc2C#N)c1)c1cc(-c2ccc(-c3ccc(C#N)cc3)cn2)nc(-c2ccc3c(c2)OCO3)n1,29.84
N#Cc1cc(-c2nc(-c3cnc(N4CC(F)C4)c(C#N)c3)nc(N3CC4(CSC4)C3)n2)cnc1C#N,20.6
N#Cc1ccc(-c2oc(-c3ccc(-c4ncc(NC(=O)c5ccc(-c6ccc(F)cn6)cc5)c(C#N)n4)cc3)cc2C#N)cc1,26.57
Cn1c(C2CN(c3nc(-c4ccccc4)nc(-c4ccc(C#N)c(C#N)c4)n3)C2)nc2ccccc21,22.74
N#CCc1ccc(-c2nc(-c3ccc(C#N)cc3F)nc(N3CCOCC3CF)n2)cc1C#N,13.48
CCN(c1cc(C#N)cc(-c2cc(-c3ccc(C#N)cc3OC)nc(-c3ccc(C#N)cc3)n2)c1)C1CCOCC1,23.14
N#Cc1ccc(-c2nnc(-c3sc(-c4cc(C#N)cc(C#N)n4)nc3C(N)=O)cc2-c2ccc(-c3ccc(C#N)nc3)nc2)cc1,24.65
CC(=O)Nc1ccc(-c2cc(-c3cnc(C#N)c(C#N)c3)nc(N3CC4CC3C4)n2)cn1,17.93
CN(Cc1cc(Cc2ccc(C#N)nc2)nc(C#N)n1)c1nc(C(=O)N=c2ccc(C#N)c[nH]2)cc(-c2ccccc2C#N)n1,39.71
CC(C)(C)C1CCc2c(sc(NC(=O)c3cnn(-c4ccc(C#N)cc4)c3)c2C#N)C1,23.43
N#Cc1ccc(-c2ccc(-c3c(-c4ccc(C#N)cc4)c(-c4ccc(F)cc4)nc4cc(O)ccc34)cc2)cc1,25.23
N#Cc1cc(-c2nc(CF)nc(-c3cc(F)c(NCCF)c(C#N)c3)n2)cnc1N1CC(F)(F)C1,29.88
N#Cc1nc(-c2cnc(C#N)c(C#N)c2)cc(-c2cnc(C#N)c(C#N)c2)n1,10.9
N#Cc1ccc(-c2cc(NC(=O)C3CCOCC3)nc(-c3cc(C#N)c(C#N)c(C#N)n3)n2)nc1C#N,18.43
N#Cc1ccc(-c2ccc(-c3nc(-c4ccc(-c5cccc(C#N)n5)cc4)cc(-c4ccnc(C#N)n4)n3)cn2)cc1,16.66
N#Cc1cccc(-c2ccc(-n3nc(-c4cc(C#N)c(-c5ccc(C#N)nc5)c(F)c4F)nc3-c3cc(F)c(F)c(C#N)c3F)cc2)c1,30.98
N#CCOc1cccc(-c2nc(C#N)nc(-c3cc(C#N)c(C#N)[nH]3)n2)c1F,16.91
N#Cc1ncnc(-c2cc(C#N)c(-c3ccc(F)c(C#N)c3)nc2C2CCC2)n1,13.08
N#Cc1ccc(-c2ccc(-c3nc(-c4cccc(-c5ccc(-c6cccc(C#N)n6)cc5)c4)nc(-n4nccc4C#N)n3)cc2)cc1,16.48
N#Cc1cccc(-c2ccc(-c3ncc(-c4ccc(-c5cnc(C#N)c(C#N)n5)c(C(=O)O)c4)cc3C#N)cc2C#N)n1,16.02
N#Cc1ccc(-c2ccc(-c3nc(N4CCOCC4)c4cc(-c5ccc(C#N)nc5)ncc4n3)cc2)c(C#N)c1,24.05
CC(Oc1ncc(-c2nnc(Cl)c(-c3ccc(-c4ccc(C#N)cc4)nc3)n2)cc1C#N)c1cc(F)c(F)c(F)c1,20.63
CN(C)c1cc(F)cc(-c2cc(-c3ccc(C#N)c(C#N)c3)nc(-c3ccc(-c4cccc(C#N)n4)c(C#N)c3)n2)c1,17.53
N#Cc1ccc(-c2ccc(-c3nn(-c4ccc(-c5ccc(C#N)n5C5CC5)cc4)nc3-c3cccc(C#N)n3)cn2)cc1,27.83
CN(C)C1CCN(CCc2nc(-c3ccc(-c4ccc(C#N)c(C#N)c4)c(C#N)c3)c(C#N)cc2-c2ccc(-c3ccc(C#N)c(Cl)c3)cc2)C1,31.69
COc1nc(C(C)(C)C#N)cc(-c2c[nH]c(=Nc3nc(C#N)nc(=Nc4nc(N=CCN(C)C)cc(N=CN5CCN(C=O)CC5)n4)s3)[nH]2)c1C#N,52.78
CC(=O)OCCn1c(Cc2ccc(-c3ccnc(C#N)c3)cc2)nc(-c2cccc(C#N)n2)c1-c1ccc(C#N)cc1,27.58
Cc1ccc(N=c2nc(-c3cnc(N)c(C#N)n3)nc(-c3cccc(-c4ccc(C#N)cc4)c3)[nH]2)cn1,19.57
N#Cc1cncc(-c2nc(-c3cc(-c4c[nH]c(=N)c(C#N)c4)nc(N4CCOCC4)n3)cc(F)c2C#N)c1,24.45
N#Cc1cc(-n2ccc3c(C#N)nc(-c4cnc(-c5cnc(C#N)c(C#N)c5)c(C#N)c4)cc32)ccn1,21.52
Cc1[nH]c(C#N)nc1-c1nc(-c2cccc(C#N)n2)nc(-c2cc(C#N)c(C3CC3)nc2C(F)(F)F)n1,15.89
COCC(=O)Nc1ccccc1-c1cc(N=c2ccc(C#N)c[nH]2)nc(=Nc2ccc(C#N)cc2)[nH]1,29.43
N#Cc1nc(-c2ccc(-c3cnc(C#N)c(C#N)c3)c(C#N)c2)n(-c2cc(F)c(-c3cnc(C#N)c(C#N)c3)c(F)c2)n1,22.12
Cn1nc(-c2cnc(-c3ccc(F)cc3)c(C#N)c2)nc1-c1cnc(C#N)c(C#N)c1,11.58
N#Cc1nccc(-c2cc(C#N)c(-c3nc(C#N)nc4cc(CN5CC6(COC6)C5)cc(F)c34)c(F)c2F)n1,39.02
COc1ccc(-c2nc(-c3ccc(C#N)cc3)oc2N=Cc2cccc(OC)c2O)cc1OC,25.91
N#Cc1ccc(-c2cc(-c3nc(-c4c(F)c(F)c(C#N)c(F)c4F)[nH]c3-c3ccc(C#N)c(C#N)c3)ccc2F)cc1,19.93
CC(C)Oc1ncc(-c2cc(C#N)nc(-c3cnc(C#N)c(-c4ccc(F)cc4C#N)c3)n2)cc1C#N,15.55
C=Cc1cc(C#N)nc(-c2nc(-c3cc(C#N)c(CO)c(C#N)n3)nc(N3C[SH]4(=O)CC3C4)n2)c1,34.76
C=Cc1nc(-c2cncs2)c(C#N)cc1-c1nc(C#N)nc(-c2nc(C(F)F)ncc2C2CC2)c1Cl,41.79
CS(=O)(=O)N1CCc2c(c(-c3ccc(F)c(C#Cc4cnc(C#N)c(C#N)c4)c3)nn2CC(O)CN2CCCCC2)C1,28.53
N#Cc1ccc(-c2ccc(NCc3cc(=O)c(-c4ccc(-c5ccc(C#N)cc5)c(C#N)c4)cn3Cc3ccc(-c4cccc(C#N)n4)cc3)cc2C#N)cc1,33.23
COC(=O)c1ccc(-c2ccc(-c3nc(-c4cc(C#N)c(C#N)c(C#N)c4)nc(N4CCOC(c5cc(C#N)c(F)c(C#N)c5)C4)n3)cc2)nc1,32.2
N#Cc1ccc(C#Cc2cc(-c3cnc(C#N)c(C#N)c3)nc(-c3ccc(C#N)c(C#N)c3)n2)cc1,12.33
CCCc1nc(-c2cnc(C#N)c(C#N)c2)nn1-c1cc(-c2ccc(C#N)nc2)cc(-c2ncccc2C#N)c1,24.22
Cn1nc(C2CC2)cc1-c1cnc(-c2cc(C#N)c(-c3nc(C#N)c(C#N)nc3C=CC#N)o2)nc1,30.3
Cn1c(C#N)cnc1-c1cc(-c2ccc(-c3ccc(-c4cccc(C#N)c4)nc3)o2)nc(-c2ccc(C#N)cc2)n1,18.06
Cc1nc(-c2ccc(-c3ccc(-c4ccc(C#N)cc4)nc3)c(C#N)c2)c(C#N)cc1-c1ccc(-c2cnc(N)c(C#N)n2)c(C#N)n1,20.65
N#Cc1ccc(-c2ccc(-c3ncnc(-n4[nH]c(C(C#N)c5cccc(Cl)c5)cc4=N)n3)cc2)cc1,26.97
N#Cc1ccc(C#N)n1-c1ccc(-c2nnc(-c3ccc(-c4cccc(Cl)c4)c(Cl)c3)s2)c(Cl)c1,17.91
N#Cc1cc(F)ccc1-c1ccc(-c2cc(C#N)c(-c3ccc(F)c(C#N)c3F)nc2C(=O)O)cc1,16.13
C#CCn1c(C#N)nc(-c2nc(-c3ccc(C#N)c(C(F)(F)F)c3)nc(-c3cccc(C#N)n3)n2)c1C#N,19.92
N#Cc1ccc(-c2ccc(-c3cc(-c4nc5ccccc5n4-c4ccc(C#N)cc4C#N)nc(-c4ccc(C#N)cc4)c3C#N)cc2)cc1,17.7
N#Cc1ccc(-c2c(C#N)c3cc4c(cc3n2Cc2ccc(Cl)cn2)C(=O)N(Cc2ccc(C#N)c(-c3ccccc3C#N)c2)CCO4)cc1,42.72
N#Cc1cc(-c2nc(-c3cnc(N4CCC4)c(C#N)n3)nc(Nc3nccc(N4CCNCC4)c3C#N)c2C#N)nc(C#N)c1C#N,33.46
CN1CC(c2ncc(-c3cccc(-c4nc(CC#N)nc(-c5nc(-c6ccc(C#N)cc6)nc(-c6ccc(-c7ccc(C#N)cc7)cc6)c5C#N)n4)n3)cc2C#N)C1,28.04
N#Cc1cc(-c2nc(C#N)c(N3CCc4nc(C#N)c(C#N)cc4C3)o2)cc(-c2ncccc2C#N)c1,25.58
Cc1nc(-c2ccc(-c3ccc(C#N)cc3)c(C#N)c2)c(C#N)cc1-c1ccc(-c2ccncc2C#N)cc1,10.69
N#Cc1cc(-c2ncc(-c3ncc(-c4cccc(CF)n4)cn3)cc2C#N)ccn1,28.49
N#Cc1ccc(-c2cc(-c3ccc(-c4nc(Cl)nc(Cl)n4)c(F)c3)cc(-n3c(C#N)ccc3C#N)c2)cn1,16.17
N#Cc1ccc(-c2ccc(CNC(=O)c3cc(C#N)c(C#N)nc3-n3cc(-c4nc(C#N)no4)cn3)cc2C#N)cc1,32.35
N#Cc1cc(-c2nc(-c3cnc(C#N)c(C#N)c3)nc(N3CC4CC4C3)n2)ccc1N1CCC(F)C1,15.93
Cc1c(C#N)c(C#N)nn1-c1ccc(NC(=O)c2c(-c3ccc(-c4ccc(C#N)cn4)c(C#N)c3)[nH]c(=O)[nH]c2=O)cc1,29.53
O=C(Nc1ccccc1Cl)N1CCN(CC=Cc2ccccc2)CC1,23.75
N#Cc1ccc(-c2cc(-c3ccc(C#N)cc3)c(O)c(-c3cnn(-c4cccc(C#N)c4)c3)c2)cc1,18.97
N#Cc1ccc(OCc2nnc(-c3ccc(-c4ccc(C#N)cc4)o3)o2)cc1,21.65
CC(C)n1nc(C#N)nc1-c1cc(-c2ccnc(Cl)n2)nc(N2CCOCC2)n1,20.4
N#Cc1ccc(-c2cc(C=Cn3cnc(C#N)n3)ccc2C#N)cc1,18.41
CC(C)(O)c1ncc(-c2nc(-c3cc(-c4cnc(C#N)c(C#N)c4)nc(C#N)n3)nc(N3CC4CC3C4)n2)cc1C#N,21.31
N#Cc1cccc(-c2ccc(-c3nc(-c4cnc(C#N)c(C#N)c4)nc(-c4cc(C#N)c(C#N)c(C#N)c4)n3)cc2F)n1,16.59
N#Cc1ccc(-c2ccc(-c3nc(-c4cnc(OC(CF)CF)c(C#N)c4)nc(N4CC5CC4C5)n3)cc2)nc1,16.68
Cn1nc(C#N)nc1-c1cnc(-c2ccc(C#N)cn2)c(C#N)c1,10.41
COCCN1CCN(c2nc(-c3cc(C#N)c(OC(CO)c4ccccc4)c(C#N)c3)nc(-c3nc(C#N)ccc3C#N)n2)CC1,21.55
Cc1noc(-c2ccc(-c3nc(C#N)nn3CC(F)(F)F)cc2C#N)n1,14.05
CC(C)CC1NCCn2c(-c3cnc(OC(C)C)c(C#N)c3)nc(-c3cccc(C#N)c3)c21,16.35
N#Cc1ccc(-c2ncc(-c3ccc(-c4cnc(C#N)c(C#N)n4)cn3)cc2C#N)cc1,12.89
CNc1cc(-c2nc(-c3ccc(C#N)c(C#N)c3)nc(N3CC(N)C(c4cc(F)c(F)cc4F)C3)n2)ccc1OC,25.06
COc1cccc(-c2cc(-c3cc(-c4ccc(C#N)cc4)c(C#N)c(C#N)n3)nc(-c3ccc(-c4ccc(C#N)cc4)nc3)n2)n1,19.35
N#CCc1ncc(-c2nc(-c3ccc(OC4CCNC4)c(C#N)c3)cc(N3CC4CC3CO4)n2)cc1C#N,24.16
N#Cc1ccc(-c2ccc(-c3cc(-c4cc(-c5cccc(-c6ccc(C#N)cc6)c5)cc(-c5ccc(-c6ccc(C#N)cn6)nc5)n4)nc(-c4ccc(C#N)cc4)n3)cc2)cc1,13.94
N#Cc1cnc(-c2ccc(-c3cccc(-c4cc(-c5ccccn5)nc(-c5cccc(C#N)n5)n4)c3)cn2)cn1,23.37
Cc1cc(C#N)n(Cc2ccc(-c3cnc(-c4ncc(C#N)cc4F)c(C#N)c3)nc2C#N)n1,28.39
N#Cc1cccc(C(NC(CO)C2CC2)c2ccc(-c3ccc(-c4nnco4)c(C#N)c3)cc2)c1,28.47
N#Cc1ccc(-c2nc(C#N)c(C#N)nc2-c2ccc(-c3cccc(-c4noc(-c5ccc(-c6ccc(C#N)nc6)nc5)n4)c3)cc2)cc1,14.88
CC(C)Oc1ncc(-c2nc(-c3nc(C#N)ccc3C#N)nc(N3CC4CC4(CO)C3)n2)cc1C#N,12.41
N#Cc1cccc(-c2nc(-c3ccc(C#N)c(C#N)c3)nc(N3CCN(C4CC4)CC3)n2)n1,14.15
N#Cc1ccc(-c2nc(-c3ccc(-c4ccc(C#N)cc4F)cc3)cc(-n3nc(C#N)nc3-c3nccs3)n2)cc1,24.89
COc1nc(-c2ccc(C#N)nc2)ccc(=O)c1-c1ccc(-c2cc(C#N)nn2-c2ccc(C#N)cc2)c(F)c1,31.65
N#Cc1ccc(-c2ccc(-c3ncn(-c4cc(C#N)c(-c5ccc(C#N)c(-c6ncc(Cl)cc6Cl)n5)cc4F)n3)cc2)cc1,25.68
N#Cc1ccc(-c2ccc(-c3nc(Cl)nc(-c4cc(C#N)c(C#N)c(C#N)c4)n3)c(F)c2F)cn1,18.09
N#Cc1ccc(-c2sc(-c3cc(C#N)c(-c4ccc(Cl)cc4)cn3)nc2C#N)cc1C#N,23.91
CC(C)n1c(-c2nc(C#N)ncc2-c2ccc(C3CC3)cc2)nc(C#N)c1-c1ccc(C#N)c(C#N)c1,23.18
COc1cc(-c2cc(C#N)nc(-c3ccc(F)cc3)n2)ccc1N=c1nc(-c2ccc(C#N)cc2)cn[nH]1,20.74
N#Cc1ccc([N+](=O)[O-])cc1C#N,17.42
N#Cc1ccc(C#N)c(-c2nc(-c3ccc(C(F)(F)F)c(C#N)c3)nc(N3CC4CC3C4)n2)n1,9.58
Cc1nccn1-c1ccc(Oc2nc(-c3ccc(-c4ccc(C#N)cc4)c(C#N)c3)nn(-c3ccc(C#N)c(C#N)c3)c2=O)c(C#N)c1,25.19
COc1cccc(C#Cc2ccc(-c3cnc(-c4cnc(C#N)c(C#N)n4)c(C#N)c3)c(C#N)c2)n1,20.69
N#Cc1ccc(-c2cc(-c3ccc(C#N)cc3)nc(-c3cc(C#N)c(N4CCCC(F)(F)C4)nn3)c2)cc1,15.98
N#Cc1nc(-c2ccc(-c3ccc(C#N)c(C#N)c3)cc2)nc(-c2ccc(-c3cnc(C#N)c(C#N)c3)c(F)c2F)n1,16.66
Cc1cn(-c2ccc(-c3cc(C#N)nc(OC4COc5nc([N+](=O)[O-])cn5C4)n3)cc2C#N)cn1,25.68
N#Cc1ccc(-c2cc(-c3ccc(C#N)c(C#N)c3)c(F)c(-c3c(F)c(F)c(C#N)c(F)c3F)c2)nc1,15.55
COc1cc(C(=O)N=c2[nH]c(-c3ncc(C#N)cn3)cc(-c3ccc(F)cc3O)c2C#N)ccc1F,30.71
Cc1nc(C#N)cn1-c1cc(C#N)nc(-c2c(-c3cccc(C#N)n3)ncc(-c3cncc(C#N)n3)c2F)c1,25.88
N#Cc1ccc(-c2ncc(-c3cnc(C#N)c(-c4ccc(Cl)c(Cl)c4)n3)cc2C#N)cn1,16.71
N#Cc1ccc(-c2cc(-c3ccc(C#N)c(C#N)c3)cnn2)cc1,17.04
N#Cc1ccc(-c2cc(-c3nnc(-c4cccc(C(F)(F)F)c4)c(C#N)n3)nc(C#N)c2F)cc1C#N,17.57
N#Cc1cc(-c2nc(-c3ccc(-c4ccc(F)c(C#N)c4F)nc3)nn2C2CCOC2)nc(C#N)c1C#N,19.15
N#Cc1ccc(-c2cc(-c3cc(C#N)cc(-c4ccc(-c5nc(C#N)ncc5C#N)cc4)c3)ncc2N2CCCCC2)nc1,34.01
N#Cc1ccc(-c2ccc(-c3nc(-c4ccc(-c5ccc(C#N)c(C#N)c5)cc4F)n(Cc4cccc(C#N)c4)n3)cc2)cc1,22.88
COc1ncc(-c2ccc(CC(CC#N)n3cnc4c(=O)nc(-c5cccc(C#N)n5)[nH]c43)nc2C#N)cn1,35.58
N#Cc1nccc(Nc2ccc3c(c2)C(=O)c2ccc(N)cc2C3=O)n1,11.05
Cc1ccc(C(=O)Nc2ccc(C#N)c(C(F)(F)F)c2)cc1-c1cnc(-c2cc(C#N)no2)c(C#N)c1,20.69
N#Cc1cncc(-c2nc(-c3ccc(-c4cnc(C#N)nc4C#N)c(C#N)c3)nc3c(=O)n(-c4cccc(C#N)c4Cl)cnc23)c1,29.45
N#Cc1ccc(-c2cc(-c3cnc(-c4ccc(-c5ccc(-c6ccc(C#N)cc6)c(C#N)c5)c(C#N)c4)nn3)nc(-c3ccc(C#N)cc3)n2)cc1,18.51
N#Cc1cc(-c2nc(-c3cnc(=N)[nH]c3)nc(N3CCC4CCCOC4C3)n2)cnc1C#N,21.2
N#Cc1ccc(-c2nccc(-c3cc(-c4nc(-c5cnc(C#N)c(C#N)c5)ns4)ccc3C#N)n2)cc1C#N,18.85
Cc1c(C#N)cccc1-c1nc(C#N)c(Nc2ccc(-c3ccc(C#N)cc3)c(F)c2)cc1C#N,21.44
N#Cc1csc(C(=O)N2CCCC(c3ncc(-c4cccc(-c5nc(C#N)ccc5C#N)n4)cc3C#N)C2)n1,23.02
N#Cc1ccc(-c2nc(-c3ccc(-c4nc(C=O)cs4)cc3)cc(-c3cc4cc(-c5cc(C#N)cc(-c6ccc(-c7ccc(C#N)cn7)cc6)n5)ccc4[nH]3)n2)cc1,30.97
N#Cc1ccc(-c2cc(-c3cccc(C#N)n3)nc(-c3cnc(C(=N)N)c(C#N)c3)n2)cc1,17.22
N#Cc1ccc(Cc2cc(C(F)(F)F)c3nccc(-n4nc(-c5cccnc5)nc4C#Cc4cccc(C#N)n4)c3c2)cc1,40.89
C#CCOc1cc(C#N)cc(-c2cn(Cc3nc(C#N)c4c(-c5ccc(C#N)cc5)cccc4n3)c(=O)n2CC#N)c1F,37.27
N#Cc1ccc(-c2cc(-c3ccc(-c4nc(Cl)nc(Cl)n4)cc3)cc(-c3ccc(-c4ccc(N)c(C#N)n4)c(C#N)c3)n2)cc1,18.07
N#Cc1ccc(-c2cc(-c3ccc(-c4ccc(C#N)c(C#N)c4)cc3)nc(-c3ccc(-c4ccc(C#N)cc4)nn3)c2)cc1,13.55
N#Cc1ccc(-c2nc(-c3ccc(-c4ccc(C#N)cn4)nc3)c(C#N)c(-c3cnc(-c4ccc(C#N)c(C(F)(F)F)c4)c(C#N)n3)n2)cc1,14.69
N#Cc1ccc(-c2ccc(-c3nnc(-c4ccc(-c5cnc(C#N)c(C#N)c5)s4)c(-c4ccc(-c5ccc(C#N)cn5)cc4)n3)cn2)cc1,23.94
N#Cc1cc(-c2cnc(C#N)c(C#N)c2)ccc1-c1cc(C#N)c2c(c1)CC(C(N)=O)C(C(F)(F)F)O2,24.96
Cn1cc(C#N)nc1-c1ccc(-c2cc(-c3cc(F)c(F)c(F)c3F)nc(-c3ccc(C#N)cc3)n2)nc1,19.34
N#CCCC1C2C(CN2Cc2ccc(C#N)cn2)CN1c1nc(-c2cnc(C#N)c(C#N)c2)nc(-c2cc(-n3nccc3C#N)ccc2F)n1,35.97
N#Cc1ccc(-c2nc(-c3ccc(C#N)cc3)c(C#N)c(-c3cnc(-c4ccc(C#N)cc4)c(C#N)c3)n2)cc1,11.88
N#Cc1ccc(-c2ncc(-c3cc(F)c(C#N)c(-n4cnc(-c5ccc(F)c(C#N)n5)n4)c3)cc2C#N)cn1,21.73
N#Cc1cccc(-c2nc(C#N)nc(-c3cc(C#N)c(CO)[nH]c3=NC(C#N)Cc3cc(F)cc(C#N)c3C#N)n2)n1,26.38
N#Cc1ccc(-c2cc(-c3ccc(-c4nc(C#N)c(N)nc4C#N)cc3)nc(-c3ccccn3)c2)cc1,12.68
Cc1nc(C#N)nc(-c2ccc(-c3cc(NS(C)(=O)=O)cc(-c4ccc(F)c(C(F)(F)F)c4)c3)cc2C#N)n1,37.51
C=Cc1nc(-c2cnc(-c3ccc(-c4nc(C#N)no4)c(C#N)c3)c(C#N)c2)nc(N2CCC(N=c3cc(C)nc[nH]3)CC2)n1,33.87
N#Cc1nc(-c2nc(-c3ccc(-c4cc(F)c(C#N)c(C#N)c4)cc3)nc(-c3ccc(C#N)c(C#N)c3)n2)cc(-n2cnc(-c3ccon3)n2)n1,28.31
O=CN1CCN(C=Nc2cc(N=CN3CCN(C=O)CC3)nc(N=CN3CCN(C=O)CC3)n2)CC1,11.94
N#Cc1cc(-c2ccc(C#Cc3cccc(C#N)n3)nc2)cc(-c2nnc(N)c(C#N)n2)c1,23.47
N#Cc1ccc(-c2ccc(-c3nc(-c4ccc(C#N)nc4)cc(-c4ncccc4C#N)n3)cn2)cc1,15.12
CC(C)Oc1ncc(-c2cc(C#N)nc(-c3cccc(C#N)n3)n2)cc1C#N,9.56
N#CCn1c(-c2ccc(-c3ccc(C#N)cc3)cc2)nc(-c2ccc(-c3cccc(-c4ccc(-c5ccc(C#N)cc5)cc4)c3)cc2)c1-c1ccc(C#N)cc1,20.13
CS(=O)(=O)c1ccc(C(c2ccc(C#N)cc2)(c2ccc(C#N)cc2)n2nnc(-c3cc(C#N)ccc3-c3ccc(Cn4cnc(-c5cc(F)c(F)c(F)c5F)n4)cn3)n2)cc1,36.98
N#Cc1cccc(-c2nc(-c3cc(-c4cc(C#N)c(=Nc5ccc(C#N)nc5)[nH]n4)ccn3)ccc2C#N)c1,23.58
Cc1ccc(C#N)nc1-c1nc(-c2cnc(OC(C)C)c(C#N)c2)cc(N2CC3CC3(C(=O)O)C2)n1,18.33
N#Cc1ccc(-c2ccc(-c3nc(-c4ccc(C#N)cc4)nc(-c4cc(C#N)cc(-c5nc(-c6ccc(C#N)cc6)nc(-c6cnc(C#N)c(C#N)c6)n5)c4)n3)cc2)cc1,15.16
N#Cc1ccc(-c2cc(-c3cc(C#N)c(-c4ccc(-c5cc(C#N)c(C#N)cn5)nc4)nn3)nc(C#N)c2F)cc1C#N,19.08
CC(C)(O)c1ncc(-c2nc(-c3nc(C#N)c[nH]3)cc(N3CC4COCC43)n2)cc1C#N,22.58
N#Cc1ccc(-c2cc(-c3ccc(O)c(CN)c3)nc(C#N)c2C#N)cc1C#N,24.35
N#Cc1ccc(-c2nnc(-c3cc(-n4cccc4C#N)ccc3C#N)o2)cc1,13.66
CN(c1nc(C#N)nc(-c2cc(-c3ccc(C#N)cc3)nc(-c3ccc(C#N)cc3)c2)n1)C(C)(C)C#N,25.21
Cc1nc(-c2ccc(C#N)c(F)c2)c(C#N)cc1-c1ccc(-c2cnc(C(F)(F)F)nc2-c2nnn(C(F)(F)F)n2)cc1,21.43
N#Cc1ccc(-c2cc(-c3ccc(C#N)nc3)nc(-c3cnc(C(F)(F)F)c(C#N)c3)c2)cc1,17.72
CC(C)Nc1cc(-c2cc(C#N)ccn2)nc(-c2cnc(NCC(N)c3ccc(F)c(F)c3)c(C#N)c2)n1,27.25
Cc1ncc(-c2nc(COc3ccc4c(c3)C(=O)N(C3CCCOC3)CC4)nc(-c3nc(C#N)cn3C)n2)cc1C#N,25.09
N#Cc1cccc(-c2cc(-c3ccccc3)c(OCC(=O)O)cn2)c1,25.23
N#Cc1ccc(-c2cc(-c3ccc(F)c(-c4ccc(C#N)c(C#N)c4)c3)cc(C#N)n2)cn1,13.87
CCCc1cc(-c2ccc(C#N)cc2)nc(-c2cc(C#N)c(OC(F)F)c(C#N)c2)n1,18.21
N#Cc1ccc(-c2cc(-c3cc(F)c(C#N)c(F)c3)c(F)c(-c3cnc(C#N)nn3)n2)cc1,17.52
C#CCn1c(-c2nc(-c3ccc(Cl)cc3)nc(-c3ccc(-c4ccc(C#N)cc4)cc3)c2-c2ccc(F)cc2)c(C#N)c(-c2ccc(-c3ccc(C#N)cc3)cc2)nc1=O,32.8
C#CC(=O)N=c1[nH]c(-c2c(F)c(F)c(C#N)c(F)c2Cl)nc(-c2ccc(C#N)cc2)c1C#N,32.58
N#Cc1ccc(-c2cc(-c3cc(C4CCCCC4)nn3-c3cncc(C#N)n3)cc(-c3ccc(Cl)c(F)c3)n2)cc1,30.47
CCC1(CC)CCc2oc(=O)c(-c3nc(-c4ccc(-c5ccc(C#N)c(C#N)c5)cc4)nc4c3C(C#N)=C(C#N)C3=NC3=CC=C(C#N)C=C4)cc2C1,44.47
N#Cc1cccc(-c2nc(-c3ccc(C#N)c(C#N)c3)cc(-c3cnccn3)n2)n1,13.89
N#Cc1ccc(-c2ncc(-c3cccc(-n4nc(C(N)=O)cc4C#N)c3)cc2C#N)cc1F,11.58
N#Cc1cccc(-c2ncc(-c3nc(-c4cc(-n5ccnc5)ccc4C#N)nc(N4CCOCC4)n3)cc2C#N)c1,25.56
N#Cc1cc(-c2nn(-c3ccccc3Cl)nc2C#N)cnc1-c1nc(C#N)c(C#N)[nH]1,18.15
N#Cc1ccc(-c2cc(-c3ccnc(C#N)c3)nc(-c3cc(-c4ccc(C#N)cc4)nc(-c4ccc(-c5ccc(C#N)cc5)nc4)n3)c2)cc1,14.56
N#CCC(=O)Nc1cccc(-c2nc(-c3ccc(C#N)c(C#N)c3)nc(N3CCC(O)C3)n2)c1,24.81
N#Cc1ccc(-c2cc(-c3ccc(-c4nn[nH]n4)nc3)nc(-c3ccccn3)c2)cc1,15.6
CN(C)C1CN(c2nc(-c3cnc(C#N)c(C#N)c3)nc(-c3nc(C#N)ccc3C#N)n2)CC1C#N,16.75
N#Cc1ccc(-c2ccc(-c3nc(-c4ccc(-c5cccc(C#N)c5)c(C#N)n4)nn3-c3cnc(N)c(C#N)n3)cc2)cc1,16.93
Cn1nc(-c2cnc(-c3ccc(F)cc3)c(C#N)c2)nc1-c1cnc(N2CCc3nc(C#N)cn3CC2)c(C#N)c1,16.1
N#Cc1ccc(-c2cc(C#N)cc(-c3nc(-c4ccc(-c5ccc(Cl)c(Cl)c5)c(C#N)c4)nc(-c4ccc(C#N)cn4)c3F)c2)cc1,23.56
N#Cc1cc(-c2nc(-c3nc(C#N)c(C#N)nc3C#N)cc3nc(CCc4nc(-c5cnc(C#N)c(C#N)n5)nc(-c5cc(C#N)c(C#N)[nH]5)n4)nn23)cnc1C#N,22.03
N#Cc1cc(-c2[nH]c(-c3ccc(-c4ccccc4-c4cccc(-c5nc6cc(C(N)=O)ccc6[nH]5)c4)cc3)nc2C#N)ccn1,33.86
N#Cc1ccnc(-c2nc(-c3cc(C#N)c(C#N)c(C#N)n3)ccc2C2CCC(F)(F)C2)n1,13.41
Cc1ccccc1Nc1cc(N=CN2CCN(C=O)CC2)nc(N=CN2CCN(C=O)CC2)n1,17.07
N#CC=c1[nH]c(=Cc2ccc(C#N)o2)oc1=O,28.74
N#CCc1[nH]c(-c2nc(-c3cccc(C#N)c3)nc(N3CC4CCC(C3)O4)n2)cc1C#N,15.09
CN1CCN(C=Nc2cc(-c3cc(-c4ccccn4)nc(-c4ccc(C#N)cc4)n3)cc(-c3ccc(-c4cccc(C#N)c4)cc3)c2C#N)CC1,25.52
N#Cc1ccc(-c2nc(-c3ccc(-c4ccc(C#N)cc4-c4ccc(-c5ccc(C#N)cn5)c(C#N)c4)cc3)nc(C#N)c2C#N)cc1,24.0
N#Cc1ccc(-c2cc(-c3cc(-c4cncc(-c5cnc(C#N)c(C#N)c5)n4)nc(-c4ccc(C#N)cc4)n3)nc(-c3ccc(C#N)cc3)n2)cc1,19.26
N#Cc1nc(-c2cnc(-c3cnc(C#N)o3)c(C#N)c2)cc(-c2ccc(F)c(C#N)n2)n1,11.93
N#Cc1ccc(-c2ccc(-c3ncc(-c4ccc(-c5cc(-c6ccc(C#N)cc6)nc(C#N)n5)cc4)nc3-c3ccc(C#N)cc3)nc2)cc1,16.54
CC(C)n1nc(-c2nc(-c3ccc(C#N)cc3)nc(-c3ccc(C#N)cc3)c2C#N)nc1-c1cnc(-c2ccc(F)cc2)c(C#N)c1,23.1
N#Cc1ccc(-c2cc(-n3nc(C#N)cc3C#N)cnc2N2CCC(F)(F)C2)cc1,19.89
N#Cc1cccc(-c2nc(-c3cc(C#N)c(C#CC4CC4)c(C#N)c3)nc(N3CCOCC3)n2)n1,21.56
N#Cc1ccc(-c2cnc(-c3ccc(-c4cccc(C#N)n4)s3)cc2-c2ccc(-c3nc(C#N)c(C#N)nc3C#N)cc2)cn1,21.14
CCc1cnc(-c2ccc(-c3nc(C#N)c(-c4c(F)c(F)c(C#N)c(F)c4F)nc3C)nc2N2CCC2)c(C#N)c1,26.94
CNc1c(C#N)nc(-c2cc(-c3ccc(-c4cc(F)c(C#N)c(C#N)c4)cc3)cc(-c3cncc(NC#N)c3)c2)n1C,28.3
N#Cc1cc(-c2ccc(OCC3CC3)c(-c3c[nH]c(CF)n3)n2)nc(C#N)c1C#N,19.85
CC(C)Oc1ncc(-c2nc(-c3ccc(C#N)cc3)nc(-c3cc(-c4ccc(C#N)cc4)cc(-c4ccc(-c5ccc(C#N)cc5)cc4)n3)n2)cc1C#N,14.89
CC[n+]1cccc(Nc2cc(-c3cccnc3)c(O)[nH]c2=O)c1,36.15
CC(C)Oc1ncc(-c2nc(-c3cccc(C#N)n3)nc(N3CCC(O)(C(F)(F)F)C3)n2)cc1C#N,13.11
Cn1nc(-c2ccc(C#N)cc2)nc1-c1ccc(-n2cc(C#N)nc2-c2cnc(C#N)c(C#N)c2)cc1C#N,22.34
N#Cc1ccc(-c2cc(-c3ccc(C#N)cc3)nc(-c3ccc(-c4cccc(C#N)n4)s3)c2)cc1,14.69
N#Cc1ccc(-c2ccc(-c3[nH]c(-c4ccc(-c5cccc(C#N)n5)cc4)nc3-c3cccc(C#N)n3)cc2)cc1,13.15
Cc1nc(N)c(C#N)nc1-c1ccc(-c2cc(C#N)c(C#N)nc2-c2ccc(C#N)c(F)c2)cn1,21.6
CC(=Nc1nc(-c2ccc(NC(=O)N=c3ccc(C#N)c[nH]3)cc2)nc2ccc(O)cc12)N(C)C,43.99
CCc1nc(C2CC2)nc(C#N)c1-c1ncc(-c2nc(C#N)nn2C)cc1C#N,15.87
N#CCc1ccc(-c2nc(-c3cccc(C#N)n3)nc(N3CCOCC3)n2)cc1C#N,8.94
COC1CN(c2nc(-c3ccc(C#N)c(C#N)c3)nc(-c3nc(C#N)ccc3C#N)n2)CC1C#N,16.4
N#Cc1ccc(-c2cc(-c3ccc(C#N)o3)c(C#N)c(C(=O)NCc3cc(-c4ccon4)no3)n2)cc1,32.46
N#Cc1ccc(-c2csc(-c3nc(C#N)c(-c4ccccn4)cc3-c3c(F)c(F)c(C#N)c(F)c3F)n2)cc1,20.75
Cn1c(-c2ccc(-c3ccc(C#N)c(C#N)c3)c(C#N)c2)nc(C#N)c1C#N,12.25
COc1ccc(N2CCN(C(=O)c3ccc(-c4cnc(-c5cnc(C#N)c(C#N)n5)c(C#N)c4)nc3)CC2)cc1,26.98
N#Cc1cc(-c2c(C#N)nnn2-c2ccc(-c3cnc(C#N)c(C#N)c3)c(F)c2)c(F)c(-c2cnc(C#N)c(C#N)c2)n1,21.98
N#Cc1cc(-c2c[nH]c(-c3cnc(C(=O)NCCCO)c(C#N)c3)n2)ccc1-c1nnco1,23.37
N#Cc1ccc(-c2nc(C(F)(F)F)c(-c3ccc(-n4nc(CO)cc4C#N)cn3)cc2C#N)cc1C#N,19.46
CCOc1ccccc1-c1nc(-c2c(F)c(F)c(C#N)c(F)c2F)nc(C(Sc2ccc(C#N)c(C#N)c2)=c2ccc(=C(C#N)C#N)cc2)c1C,36.13
N#Cc1cc(-c2ccc(-c3ccc(C#N)o3)nc2)nc(-c2ccc(NC(=O)c3nc(C#N)c[nH]3)cc2C#N)c1,28.89
N#Cc1nccc(C#Cc2cnc(NC(=S)Nc3ccc(Cl)c(Cl)c3)c(C#N)c2Br)n1,32.44
N#Cc1cccc(-c2cc(-c3cc(-c4cccc(C#N)n4)nc(-c4ccc(-c5cccc(C#N)n5)cc4)n3)ccc2C#N)c1,17.28
N#Cc1ccc(Cl)c(-c2n[nH]c(-c3ccc(Cl)cc3Cl)n2)c1,22.26
N#Cc1ccc(-c2cnc(-c3ccc(C#N)cn3)c(-c3ccnc(-c4cnc(C#N)c(C#N)c4)n3)c2)cc1,20.04
N#Cc1ccc(-c2ccc(-c3nc(Cc4ccc(-c5ccc(F)cc5C#N)cc4)cc(-c4cccc(F)c4)n3)cc2)cc1,27.98
N#Cc1ccc(-c2nc(-c3cccc(-c4cccc(-c5nc(C#N)c(C#N)nc5-c5ccc(C#N)cc5)c4)c3)nc(-c3cnc(C#N)c(C#N)c3)n2)cc1,18.12
N#Cc1ccc(C#Cc2ccc(C#N)nc2-c2ccc(C#N)c(C#N)c2)cn1,13.52
Cc1nc(-c2ccc(-c3ccc(C#N)cc3)c(C#N)c2)c(C#N)cc1-c1ccc(-c2ccc(C#N)nc2C#N)cn1,14.3
CN1CC(n2nc(-c3cc(C#N)cc(-c4c(F)c(F)c(F)c(F)c4F)c3)nc2-c2cnc(CC#N)c(C#N)c2)C1,18.72
N#Cc1ccc(N2CCN(CCC3CCC(NC(=O)c4ccc(-c5cccc(C#N)n5)cc4)CC3)CC2)cc1,24.16
Cn1ccc(C#N)c1-c1cc(-c2c(C#N)cc(-c3nc(-c4ccc(C#N)cc4)nc(-c4ccc(C#N)c(C#N)c4)n3)n2C)ccc1C#N,25.44
N#Cc1ccc(-c2ncc(-c3cncc(Nc4cnc(-c5ccc(-c6ccc(C#N)cn6)cc5)nc4C#N)c3)cn2)cc1,21.13
N#Cc1ccc(-c2nn(-c3ccc(Cl)c(Cl)c3)cc2-c2nc(-c3ccc(C#N)c(Cl)c3)nc(-c3cccc(C#N)n3)c2C#N)cc1,24.45
CC(c1nc(-c2cccc(C#N)c2)no1)N1CCN(C(=O)c2ccc(-c3ccc(C#N)cc3)c(C#N)c2)CC1,22.96
CS(=O)(=O)Nc1ccc(Cl)c(-c2noc(-c3cnc(-c4ccc(C#N)c(C#N)c4)c(C#N)c3)n2)c1F,20.64
Cc1nc(C(C)c2ccc(C#N)c(-c3cnc(C#N)c(C#N)c3)c2)c(C#N)cc1-c1cc(-c2cccc(C#N)n2)on1,30.87
N#Cc1cccc(-c2ccc(-n3nc(-c4cccc(C#N)n4)c(-c4cccc(C#N)n4)n3)nc2C#N)c1,18.93
COC1CCN(c2cc(-c3cnc(C)c(C#N)c3)nc(-c3nc(C#N)cnc3C#N)n2)CC1,21.32
N#Cc1ccc(-c2ccc(-c3nc(CO)c(-c4ccc(-c5ccc(C#N)cc5)c(F)c4)c(-c4ccc(C#N)s4)n3)cc2)cc1,18.52
N#Cc1cccc(-c2cc(C(=O)NCc3cccc(N)c3)cc(-c3cnc(C#N)nc3)c2)c1,21.67
N#Cc1cc(O)c(N=Cc2ccc(Cl)c(Cl)c2)c(-c2ccc(F)cc2)c1C#N,22.69
CC(C)Oc1ccc(-c2ncc(-c3nc(C#N)nn3C3CCN(C(=O)C4CC4)CC3)cc2C#N)cc1C#N,21.79
C#CCn1c(C#N)ccc1-c1cc(-c2ccc(C#N)cc2)cc(-c2nc(C#N)nc(-c3ccc(C#N)nc3)c2C#N)n1,22.56
N#Cc1ccc(-c2ncc(Cl)c(-c3cc4ccc(C#N)cc4nc3C#N)n2)cc1,27.78
N#Cc1ccc(-c2nc(Cn3cc(C(=O)O)nc3-c3ccc(C#N)c(-c4ccc(C#N)cc4)c3)nc(-c3ccc(-c4ccc(C#N)cc4)c(C#N)c3)n2)cc1,24.74
N#Cc1ccc(-c2ncc(-c3ccc(-c4cnc(C5CCC5)c(C#N)c4)nc3C#N)cc2C#N)cc1,16.97
Cc1cc(C#N)n(-c2cn(C)c(-c3cc(C#N)c(-c4nc(C#N)no4)cc3F)n2)n1,18.49
COC1C(O)CN(c2nc(-c3ccc(C#N)cc3)nc(-c3ccc(OC(C)C#N)c(C#N)c3)n2)C1CF,22.93
N#Cc1cc(-c2nc(-c3cccnc3)nc(N3CCOCC3)n2)ncc1NCc1ccncc1,22.79
N#Cc1cc(-c2cc(-c3nc(C#N)c(N4CC(C#N)C4)n3C#N)nc(C#N)n2)nc(C#N)n1,28.92
N#CCc1ccc(-c2nc(-c3cccc(C#N)n3)ns2)cc1C#N,18.35
N#Cc1ccc(-c2ccc(-c3nc(-c4ccc(-c5ccc(C#N)cc5)cc4)n(CCO)c3-c3ccc(C#N)cc3)cc2)cc1,14.17
Cc1ncn(-c2ccc(-c3ccc(-c4cc5c(-c6ccc(C#N)nc6)csc5c(C#N)n4)cc3C#N)cc2)n1,30.83
N#Cc1cncc(-c2nc(C#N)nn(-c3ccc(-c4ccc(F)c(C#N)c4F)nc3C#N)c2=O)c1,24.69
N#Cc1cc(C#N)n(-c2ccc(-c3ccnc(-c4cnc(C#N)c(C#N)c4)n3)c(F)c2F)n1,14.49
N#CC(=Cc1cnc(=N)[nH]c1)c1ncc(-c2ccc(-c3ccc(-c4cnc(C#N)nc4)cc3)nc2)cc1C#N,28.77
N#Cc1ccc(-c2ccc(-c3cc(C#N)n(-c4ccc(-c5cc6nc(C#N)cc(C#N)c6s5)cc4)n3)cn2)cc1,19.56
N#Cc1c(-c2ccc(F)cc2Cl)cc(-c2ccc(-c3ccnc(Cl)n3)s2)nc1Cl,19.72
Cn1nc(-c2ccc(F)c(-c3ccc(-c4cnc(N)c(C#N)n4)nc3)c2)nc1-c1cc(C#N)c(C#N)c(F)n1,22.55
N#Cc1ccc(-c2cc(-c3cnn(-c4ccc(C#N)c(C#N)c4)c3)cnn2)cn1,16.74
COCCOCn1c(-c2cnc(-c3ccc(C#N)nc3)nc2)nnc1-c1cnc(C#N)c(C#N)c1,26.58
Cc1noc(-c2ccc(-c3cc(-c4ccccn4)nc(C#N)n3)cc2C#N)n1,16.14
COc1ccc(S(=O)(=O)Nc2ccc3c(nc(C)n3Cc3cncc(-c4ccc(C#N)cc4)c3)c2Br)cc1Cl,36.56
N#Cc1ccc(-c2nc(-c3cccc(-c4ccc(-c5cccc(C#N)n5)nc4)c3)c(F)c(-c3ccc(C#N)cn3)n2)cc1,20.09
N#Cc1cccc(-c2cccc(-c3nc(-c4ccc(C#N)c(C#N)c4)nc(-c4cc(C#N)c(C5CC5)nc4C(C#N)(C#N)C#N)n3)c2)c1,22.92
N#Cc1ccc(-c2nc(-c3ccccc3C#N)cc(-c3nc(C#N)c(C#N)nc3C#N)n2)cc1,18.28
COCCOCC#CC(=O)NCCCOc1cccc2c(=Nc3ccc(-c4cc(-c5ccc(C#N)cc5)nc(-c5ccc(C#N)cc5)n4)cc3)nc(C#N)[nH]c12,27.84
Cc1cc(-c2ccc(-c3cn(-c4cc(-c5nc(C)cc(C#N)n5)ccc4C#N)nn3)cc2C#N)on1,27.17
CN(C)CCn1nc(-c2cnc(-c3ccc(F)c(C#N)c3)c(C#N)c2)nc1N1CCOC(c2cnc(S(C)(=O)=O)c(C#N)c2)C1,28.34
COc1nc(OCCn2c([N+](=O)[O-])cnc2C)nc(-c2cc(C#N)c3cc(-c4cnc(-c5ccc(C#N)c(F)c5)c(C#N)c4)ccc3n2)n1,39.22
N#Cc1cccc(-c2nnc(-c3cnc(-c4ccc(C#N)c(F)c4)c(C#N)c3)nc2-c2ccc(-c3ccc(N)c(C#N)n3)cc2)n1,21.57
N#CC(N)CCC(=O)O,23.51
N#Cc1ccc(-c2cc(-c3c(O)oc4cc(O)ccc4c3=O)c(-c3ccc(C#N)cc3)nc2-c2ccc(C#N)cc2)cc1,22.52
COc1ccc(-c2cc(-c3cnc(C4(F)CCOCC4)c(C#N)c3)nc(C#N)n2)cc1C#N,21.05
N#Cc1ccc(-c2cc(C#N)nc(-c3cc(-c4ccc(C#N)cc4)nc(-c4ccc(C#N)cc4)c3C#N)c2)cc1,14.75
CN(C)c1ccc2c(c1)C(=O)c1ccc(Nc3ccnc(-c4cnc(-c5cc(C#N)c(-c6ccccc6)c(C#N)c5)c(C#N)n4)n3)cc1C2=O,27.75
N#Cc1cc(C#N)n(-c2ccc(-c3cnc(-c4cnc(N5CCCCC5)c(C#N)n4)c(C#N)c3)c(C#N)c2)n1,18.95
Cc1ncc(-c2nc(-c3nc(C#N)ccc3C#N)nc(N3CC4CC3C4)n2)cc1C#N,9.0
N#Cc1ccc(-c2ccc(-c3cc(-c4ccc(-c5cccc(C#N)n5)c(C#N)n4)nc(-c4cnc(N)c(C#N)n4)c3)cc2)cc1,17.51
N#Cc1ccc(-c2ncn(-c3cc(C#N)c(-c4ccc(C#N)c(-c5ccc(C#N)cc5)c4)cc3F)n2)cc1,15.27
N#Cc1cc(-c2ccc(-c3nc(Cl)nc(N4CCC(C#N)C(NC(=O)Cn5cnccc5=O)C4)n3)cc2C#N)ccc1F,29.33
COc1ccc(S(=O)(=O)NC2CC(=O)N(c3ccc(-c4ccccc4)cc3)C2)c(OC)c1,31.2
CN(C)c1ncc(-c2nc(-c3cccc(C#N)n3)cc(N3CC(F)C3)n2)cc1C#N,16.76
N#Cc1ccc(-c2ccc(-c3nc(-c4cccc(-c5ccc(-c6nc(C#N)c(C#N)nc6-c6ccc(C#N)cc6)cc5)c4)cc(C(F)(F)F)n3)cc2)cc1,22.14
Cc1[nH]c(=NC(=O)Cc2cccc(C#N)c2)sc1-c1nc(C#N)c(C#N)nc1C#N,26.72
N#Cc1ccc(-c2cc(-c3cc(-c4cc(N5CCNCC5)nc(Cl)n4)nc(-n4cncc4C#N)c3)cnc2F)cc1,27.76
C=C(c1ccc(F)c(F)c1)c1nc(-c2ccc(C#N)cc2)nc(-c2ccc(-c3ccc(-n4nc(C#N)cc4-c4ccc(-c5ccc(C#N)cc5)cc4)c(C#N)c3)cc2C#N)n1,34.58
N#Cc1ccc(-c2ccc(-c3cc(-c4nc(C#N)cc(C#N)n4)nc(-c4ccc(C#N)cc4)n3)cc2)cc1,16.15
N#Cc1ccc(C#N)c(-c2cc(C#N)nn2-c2cc(-c3ccnc(OCC(F)(F)F)c3C#N)c(C#N)cc2Br)c1,28.58
N#Cc1ccc(-c2cccc3c(N4CCOCC4)nc(-c4ccc(-c5ccc(C#N)c(F)c5)c(C#N)c4)nc23)cc1,22.22
Cc1nc(N)c(C#N)nc1-c1nc(-c2ccc(OC(F)(F)F)c(Cl)c2)c(C#N)cc1-c1cnn(C)c1,27.92
CCc1nc(-c2ccc(-n3c(C#N)cnc3C(F)(F)F)cc2)nc(-c2cnc(-c3ccc(C#N)nc3)c(C#N)c2)n1,19.43
N#Cc1ccc(-c2cc(-c3cnc(C#N)c(C#N)c3)nc(-c3cc(C#N)c[nH]3)c2)cc1,16.32
N#Cc1ccc(S(=O)(=O)NCc2nc(-c3ccncc3)n(-c3ccc(-c4ccc(C#N)c(C#N)c4)c(C#N)c3)n2)cc1,26.24
CCc1ccc(-n2nc(C#N)cc(C#N)c2=O)cc1,21.79
Cn1c(-c2cnc(-c3ccc(C#N)cn3)c(-c3ccc(C#N)cc3)c2)nnc1-c1ccc(-c2ccc(C#N)nc2)cn1,23.19
N#Cc1ccc(N=c2c(C#N)c[nH]c3c(C#N)cccc23)cc1,19.79
CCCS(=O)(=O)Nc1cc(F)cc(-c2nc(C#N)ncc2-n2nc(C#N)cc2-c2ccc(-c3ccc(C#N)cn3)cc2)c1F,27.6
Cn1nc(-c2cc(-c3ccc(C#N)cc3)c(-c3cccc(C#N)n3)nn2)nc1-c1ccc(-c2ccc(C#N)c(C#N)c2)cc1,15.96
N#Cc1ccc(-c2cc(-c3ccc(-c4ccc(C#N)c(C#N)c4)cc3)c(C#N)c(-n3cccc3C#N)n2)cc1,14.43
N#Cc1ccc(-c2cc(-c3cccc(C#N)c3)nc(-c3ccc(-c4ccc(C#N)c(C#N)c4)o3)c2)cc1,22.38
N#Cc1ccc(C#N)c(-c2nc(-c3ccncc3)cc(-c3ccc(C#N)c(F)c3)n2)n1,18.15
Cn1c(C#N)cnc1-c1cnc(-c2ccc(-c3nc(C#N)c(Cl)n3C#N)cc2)c(-c2nc(C#N)c[nH]2)c1,28.97
N#Cc1ccc(-c2cc(-c3cc(-c4c[nH]c(=NC5CC5)cn4)nc(C#N)n3)nc(-c3ccccc3C#N)c2C#N)cc1,24.37
N#Cc1ccc(-c2ccc(-c3cc(-c4ccc(-c5ccc(C#N)cc5)cn4)nc(-c4ccc(-c5ccc(C#N)cc5)cc4)n3)cc2)cc1,12.65
N#Cc1ccc(-c2cccc(N(Cc3cccc(C#N)c3)Cc3cc(-c4ccnc(C#N)n4)nc(C#N)n3)c2)cc1,30.19
CC(C)Cn1cc(-c2ccc3c(c2)CCc2ccc(N=c4nc(C#N)[nH]c(C5CN=C(c6ccc(C#N)cc6)C5)c4F)cc2C3=O)cn1,39.5
Cn1c(-c2ccc(-c3ccc(C#N)cn3)cc2)nc2ccc(-c3nc(-c4ccc(C#N)nc4)nc(-c4cc(-c5cnc(C#N)c(C#N)c5)nc(-c5ccc(C#N)cc5)n4)c3C#N)cc21,29.11
CC(C)Oc1ncc(-c2nc(-c3cccc(C#N)n3)nc(N3CCn4nc(C#N)nc4C3)n2)cc1C#N,15.0
CCOc1nc(-c2ccc(C#N)cc2)nc(-c2cc(-c3nc(C#N)c(Cl)s3)cc(-c3ccc(F)c(C#N)c3F)c2F)n1,28.33
N#Cc1ccc(-c2ccc(-c3[nH]c(-c4ccc(-c5ccc(C#N)cc5)cn4)nc3-c3cccc(C#N)n3)cc2)cc1,14.82
N#Cc1cn(-c2cc(C#N)c(-c3nc(-c4cnc(OC(F)F)c(C#N)c4)nc(N4CCOCC4)n3)cc2F)nn1,18.27
CC(c1ccc(-c2cc(F)cc(C#N)c2)cc1)n1nc(-c2csc(C#N)c2)nc1-c1ccc(-c2ccc(Cl)c(C#N)c2)c(C#N)c1,31.57
COc1nc(-c2nc(-c3ccc(C#N)cc3)nc(-c3ccc(-c4ccc(C#N)c(C#N)c4)nc3)n2)ccc1-n1nccc1C#N,12.22
Cn1nc(-c2ccc(C#N)cn2)cc1-c1nc(-c2ccc(C#N)cc2)nc(-c2ccc(-c3ccc(C#N)cc3)cc2)n1,14.17
CC1=C(C#N)C(C#N)(c2cc(C#N)cc(-c3cc(C#Cc4nc(C#N)cn4C#N)nc(C#N)n3)c2)c2ccccc21,35.12
CN(CC(N)c1ccc(F)cc1F)c1nc(C#N)nc2c1CCCCN2Cc1ccc(C#N)c(Cl)c1,47.55
CC(C)n1c(-c2nc(C#N)c(-c3c[nH]c(=N)c(C#N)n3)cc2C#N)nc(C#N)c1-c1ccc(Cl)c(C(=O)O)c1,20.58
Cc1ccc(-c2nc3cc(C#N)c(C#N)cc3o2)cc1-c1ccc(-c2cc(-c3ccc(C#N)cc3)nc(-c3ccc(C#N)cc3)n2)cc1,22.69
CN(C)CCN1CCN(c2cc(-c3ccc(-c4cc(-c5cccc(C#N)c5)nc(-c5ccc(C#N)cc5)n4)cc3)nc(C#N)c2[N+](=O)[O-])CC1,24.86
N#Cc1ccc(-c2ccc(-c3c(C=Cc4ccc(Cl)cc4Cl)[nH]c4cc(Cl)c(C#N)cc4c3=O)cc2)cc1,27.5
N#Cc1ccc(-c2nc(-c3ccc(-c4ccc(C#N)cn4)cc3)nc(-c3cc(-n4cnc(-c5ccc(OC(F)(F)F)cc5)n4)nc(C#N)n3)n2)cc1,20.86
N#Cc1ccc(-c2nc(-c3cccc(-n4sc5cccc(C#N)c54)c3)nc(-c3ccc(C#N)c(C#N)c3)n2)cc1,25.93
CC1(C)C(=O)Nc2ccc(-c3ccc(-c4ccc(C#N)c(C#N)c4)nc3)cc21,15.76
Cc1ncc(-c2nc(CCC(F)(F)F)cc(-c3cc(-c4cnc(C(N)=O)c(C#N)c4)cc(C#N)n3)n2)cc1C#N,22.14
N#Cc1ccc(-c2nc(-c3ccc(C#N)nc3)c(-c3ccnc(C4CC4)n3)c(-c3nn[nH]n3)c2C#N)cc1,26.59
N#Cc1ccc(-c2cc(-c3cc(C#N)cc(-n4nc(C(F)(F)F)cc4C#N)c3)nc(-c3ccc(C#N)s3)c2)cc1,16.11
N#Cc1ccc(-c2ccc(-c3c(C#N)nc(Cl)nc3-c3ccc(-c4cc(-c5ccc(C#N)cc5)nc(-c5ccc(C#N)cc5)c4)cc3)cc2)cc1,15.82
N#Cc1ccc(-c2nc(-c3ccc(-c4ccc(F)cc4)c(C#N)c3)c(-c3nccc(C#N)n3)[nH]2)cc1,16.37
N#Cc1nc(-c2nc(C#N)nc(-c3cc(C#N)c(N)c(C#N)c3)c2F)cc(-n2nc(C(F)(F)F)cc2C#N)n1,21.9
CC(C)Nc1ccc(-c2nc(-c3ccc(-c4cnc(-c5ccc(C#N)cc5)c(C#N)c4)nc3)nc(-c3nc(C#N)c(N)[nH]3)n2)cc1C#N,28.9
CC(N=c1[nH]c(C#N)c(-c2cnc(-c3ccc(F)c(C#N)c3)c(C#N)c2)nc1-c1cnc(C#N)c(C#N)c1)C(C)(C)O,29.75
Cc1c(C#N)c(C#N)nc2[nH]c(=N)[nH]c(=NC3CC3)c12,25.99
N#Cc1ccc(-c2ccc(-c3nc(Cn4cccn4)n(CCN4CCOCC4)c3-c3ccc(-c4ccc(C#N)cc4)cc3)cc2)cc1,23.31
C#Cc1c(C#N)nnc(Oc2cc(C3(CF)CC(C(F)(F)F)OC(=N)N3)c(F)cc2F)c1F,32.42
N#Cc1ccc(-c2csc(CCN=c3nc(C#N)nc(C#N)[nH]3)n2)cc1,21.48
CN(C)C(=O)CN1CCN(C(C#N)c2ccc(-c3cc(C#N)cc(-c4ccc(-c5nc(C#N)c(C#N)nc5C#N)cn4)c3)cc2C#N)CC1,27.94
CC1C(OCCC#N)C(N)CN1c1nc(-c2cnc(C#N)c(C#N)c2)nc(-c2nc(C#N)ccc2C#N)n1,24.07
N#Cc1ccc(-c2ccc(-c3nc(C(=O)O)c(-c4cc(-c5cc(C(F)(F)F)ccc5Cl)nc(-c5cccc(C#N)n5)n4)cc3C#N)cn2)nc1,29.18
N#Cc1ccc(-c2ccc(C#N)cc2)cc1,14.39
N#Cc1ccc(-n2nccc2C#N)cc1-c1nc(-c2cnc(C#N)c(C#N)c2)nc(N2CCC(F)(F)C2)n1,12.67
N#Cc1ccc(-c2ccc(-c3nnc(-c4cc(-n5nc(-c6ccc(-c7ccc(F)cc7)c(C#N)c6)cc5C#N)ccc4C#N)o3)cn2)cc1,21.49
N#Cc1cc(-c2nc(-c3cnc(C#N)c(C#N)c3)nc(N3CC4C(C3)C4C(=O)O)n2)ccn1,20.55
N#Cc1cccc(-c2ccc(-c3cc(F)c(-c4n[nH]c(C5CCOC5)n4)cc3C#N)cc2)n1,21.91
N#Cc1cc(-c2cc(C(=O)N3CCN(C(=O)c4cccc(F)c4F)CC3)ncc2C#Cc2cccc(F)c2F)cnc1C#N,26.44
Cn1cc(-c2ccc(-c3c(C#N)nc(-c4cc(C#N)c(C=Cc5nc(C#N)c(N6CC(F)(F)C6)[nH]5)cc4F)n3C)cn2)cn1,32.19
N#Cc1ccc(-c2cc(-c3cc(C#N)nc(-n4cccc4C#N)n3)c(-c3ccc(-c4ccc(C#N)cn4)cc3)nn2)cc1,21.94
N#Cc1ccc(-c2ccc(-c3ccc(-c4ccc(C(=O)Cc5coc6cc(C#N)cc(C#N)c56)c(=O)[nH]4)cc3)cc2C#N)cc1,37.7
Cn1nnc(-c2cccc(-c3ccc(-c4nc(C#N)c(C#N)nc4-c4cccc(C#N)c4)cc3)c2)n1,19.81
N#Cc1ccc(-c2ccc(-c3ccc(-c4nn(-c5ccc(C#N)cc5)cc4C#N)cc3C#N)cc2C#N)cc1,14.45
CC(C)(C)C1CCc2c(sc(NC(=O)Cn3cnc(-c4cc(C#N)cc(C#N)c4)n3)c2C#N)C1,21.47
N#Cc1ccc(-c2ccc(C3=C(c4cccc(C(=O)O)c4)CCC3)cc2)cc1,20.74
N#Cc1cccc(-c2nc(-c3cnc(C#N)c(C#N)c3)nc(N3CC4CC3C4)n2)n1,10.76
Cc1ccc(-c2cc(-c3ccc(-c4ccc(C#N)cc4)cc3)nc(-c3cc(-c4ccc(-c5ccc(C#N)cc5)nc4)cc(C#N)n3)n2)cc1C#N,20.52
N#Cc1cc(F)cc(-c2c(F)cc(-c3nc(-c4nc5c(cc4F)ncn5C4CC4)nc(N4CC5CCC(C4)O5)n3)c(F)c2F)c1,40.06
Cc1noc(-c2ncc(-c3cnc(-c4ccc(-c5ccc(C#N)cc5)cc4)nc3-c3ccc(C#N)cc3)cc2C#N)n1,16.34
N#Cc1cc(-c2cnc(Cl)c(C#N)c2)c(F)c(-c2nc(C#N)ncc2C#N)c1,19.76
N#Cc1cccc(-c2nc(-c3ccc(C#N)c(C#N)c3)cc(-c3ncc(C#N)c(C#N)n3)n2)n1,13.22
CC(C)n1nc(-c2ccc(-c3cnc(C#N)c(C#N)c3)cc2)cc1-c1cnc(C#N)c(C#N)c1,16.98
N#Cc1ccc(-c2ccc(C(C#N)Oc3cc(-n4ccnc4)nc(Nc4ccc(-c5cc(-c6ccc(C#N)cc6)nc(-c6cccnc6)n5)cc4F)n3)cn2)cc1,38.71
N#Cc1ccn(-c2cc(-c3cc(C#N)c(-c4ccccc4C#N)nc3C(F)(F)F)nc(N3CCOCC3)n2)n1,22.1
Cc1cc(C#N)n(-c2ccc(-c3nc(C#N)c(-c4ccc(-c5ccc(C#N)cc5)c(C#N)c4)nc3C(=O)O)cn2)n1,22.83
N#Cc1ccc(-c2ccc(-c3nc(CCc4ccc5ccc(F)cc5n4)nc(-c4cc(C#N)c(C#N)[nH]4)n3)cc2C#N)cc1,19.82
Cc1c(C#N)cnc(Cl)c1-c1cnc(-c2nc(C#N)c(C#N)[nH]2)c(F)c1,23.24
N#Cc1ccc(-c2ccc(-c3nc(-c4ccc(C#N)nc4)nc(-c4ccc(-c5nnco5)c(C#N)c4)c3C#N)cn2)nc1,16.91
N#Cc1ccc(-c2nc(-c3nc4c(C#N)cccc4[nH]3)cc(-c3cccc(-c4ccc(C#N)cc4)c3C#N)n2)cc1,23.71
CC(C#N)c1nc(CO)c(C#N)cc1-c1cccc(-c2cccc(-c3ccc(C#N)cc3)c2)n1,29.92
N#Cc1ccc(-c2nccc(-c3cc(-c4cnc(-c5ccc(C#N)cc5F)c(-c5ccc(C#N)cc5)c4)cs3)n2)cc1,26.53
N#Cc1nc(-c2cc(C#N)c(-c3ncc(C#N)o3)nc2C(F)(F)F)cc(-n2nccc2C#N)n1,14.47
CC(C#CCOCc1ccc(C#N)nc1)c1ccc(-c2ccc(-c3ccc(C#N)cc3)nc2)c(-c2cnc(C(C)(C)C#N)c(C#N)c2)c1,33.59
Cn1c(-c2ccc(-c3ccc(C#N)cc3)cc2)c[nH]c1=NCc1cc(-c2ccc(-c3ccc(C#N)cc3)cc2)nc(-c2ccc(C#N)cc2)n1,20.75
N#Cc1cc(-c2cc(N3CCC(C#N)C3)nc(-c3ncccn3)n2)nc(C#N)c1C#N,16.26
COc1cc(Cn2ccc(-c3ccc(-c4cnc(-c5ccc(F)c(C#N)c5)c(C#N)c4)cc3)n2)cc(OC)c1,27.79
N#Cc1ccc(-c2nccc(-c3ccc(-c4cc(-c5ccc(C#N)nc5)nc(C#N)n4)cc3)n2)cc1,13.47
N#Cc1ccc(-c2ncc(-c3cnc(F)c(-c4coc(C(F)(F)F)n4)c3)cc2C#N)nc1,26.1
COC1CCC(c2nc(-c3ccc(-c4ccc(C#N)cn4)nc3)nc(-c3cnc(C#N)c(C#N)c3)n2)CC1,17.59
CNc1ccc(-c2ccc(-c3cc(C#N)cc(-c4cnc(C#N)nc4)c3)cn2)nc1C#N,16.06
N#Cc1ccc(-c2ccc(Cn3c(-c4ccc(Cl)s4)nc(C#N)c(NS(=O)(=O)c4ccc(-c5cccc(C#N)c5)cc4)c3=O)cc2)cc1,28.73
CC(Oc1ncc(-c2nc(-c3ccncc3F)nc(N3CCC(C#N)C(N)C3)n2)cc1C#N)C(F)(F)F,21.07
N#Cc1ccc(-c2cc(-c3nc(-c4cc(C(F)(F)F)nc(-c5ccc(C#N)cc5)c4C#N)[nH]c3-c3ccc(C#N)nc3)cc(-c3ccc(Cl)cc3)n2)cc1,26.22
N#Cc1ccc(-c2nc(-c3ccc(-c4nc(C#N)c(N)o4)cn3)cc(C#N)c2C#N)cc1,15.49
N#Cc1cccc(-c2nc(-c3ccc(-c4ccccc4C#N)cc3)nc(-c3c(F)c(F)c(C#N)c(F)c3F)n2)n1,20.84
COc1cc[nH]c1Cc1cc(=Cc2ccc(C#N)cc2)c(=O)c(=Cc2cccc(C#N)c2)[nH]1,35.36
CC(C)Oc1ncc(-c2nc(-c3nc(C#N)cc(C#N)c3F)nc(N3CC(F)C3)n2)cc1C#N,15.59
N#CCOc1cccc(-c2nc(-c3cnc(C#N)c(C#N)c3)nc(N3CCOCC3CF)n2)c1F,17.99
N#Cc1ccc(-c2ccc(-c3nc(-c4c(F)c(F)c(C#N)c(F)c4F)nc(-c4c(F)c(F)c(C#N)c(F)c4F)n3)cc2)cc1,11.53
N#Cc1ccc(-c2ccc(-c3cc(-c4nc(-c5ccc(-c6ccc(C#N)cc6)cc5)nc(-c5ccc(-c6ccc(C#N)cc6)cc5)n4)nc(-c4ccc(-c5ccc(C#N)cc5)cc4)n3)cc2)cc1,11.51
N#Cc1ccc(-c2ccc(-n3c(-c4cccc(-c5ccc(C#N)cc5)c4)cnc3C#N)cc2)cc1,14.93
COCCN1CCC(n2nc(C#N)nc2-c2cnc(-c3cccnc3F)c(C#N)c2)CC1,23.76
N#Cc1ccc(-c2ccc(-c3cn(-c4ccc(C#N)cc4)nn3)cc2)cc1,14.81
N#Cc1ccc(-c2ncc(-c3nc(C#N)cnc3-c3ccc(-c4ccc(C#N)c(C#N)c4)c(C#N)c3)cc2C#N)nc1,29.82
CC(Nc1ncc(-c2nc(-c3cnc(C4CC4)c(C#N)c3)nc(=N)[nH]2)cc1C#N)c1cccc(F)n1,24.19
N#Cc1ccc(-c2ncnc(-c3cc(-c4ccc(C#N)s4)c(-c4cnc(N)c(C#N)n4)nc3C#N)n2)cc1,22.77
ON=Cc1cnc(-c2c(F)c(F)c(F)c(F)c2F)nc1C=Cc1ccc(-n2cccc2)cc1,30.78
N#Cc1ccc(-c2nc(-c3ccc(C#N)c(C#N)c3)nc(-n3nc(C(F)(F)F)cc3-c3cc(C#N)ccc3O)n2)cc1,26.33
N#Cc1nc(-c2ccc(-c3ccc(N)c(C#N)n3)c(C#N)c2)cc(-c2cc(C#N)c(C#N)c(C#N)c2)n1,19.43
CNC(=O)c1cc2c(C=CCNC3CCCC3)nccc2nc1Nc1ccc2c(C=Cc3cc(C#N)ccn3)[nH]nc2c1,46.58
N#Cc1ccc(-c2ccc3c(N4CCOCC4)nc(-c4ccc(C#N)c(F)c4)nc3n2)cc1,20.13
Cn1cc(-n2cccc2C#N)cc1-c1cc(-c2ccc(C#N)cc2)c(C#N)c(C#N)n1,21.99
Cc1nc(N)c(C#N)nc1-c1nc(-c2ccc(C#N)c(C#N)c2)c(-c2ccc(-c3n[nH]c(=N)o3)nc2)n1C,29.34
COc1cc(C=CC(=O)Nc2ccc(-c3nc(-c4ccc(C#N)cc4)nc(-c4ccc(C#N)cc4)n3)cc2)ccc1OC(F)(F)F,22.56
N#Cc1cnc2c(ccn2-c2nc(-c3ccc(C(=O)c4ccc(F)cc4F)c(C#N)c3)nc(-n3cccc3C#N)n2)c1,34.86
N#Cc1ccc(-c2cc(-c3nc(-c4sc(-c5ccc(-c6nc(Cl)nc(Cl)n6)cc5)nc4C#N)cs3)c(Cl)cc2C#N)cc1,23.15
N#Cc1ccc(-c2cncc(-c3nc(-c4ccc(C#N)cc4)[nH]c3-c3ccc(-c4ccc(C#N)cn4)cc3)c2)cc1,19.01
N#Cc1ccc(-c2ccc(-c3cc(-c4ccc(-c5ccc(N)c(C#N)n5)cc4)nc(-c4ccc(-c5ccc(C#N)cc5)c(C#N)c4)n3)cc2)cc1,15.42
Cc1c(-c2cccc(N=[N+]=[N-])c2)n[nH]c1C(=O)Nc1ccc2c(c1)C(=O)c1cc(C#N)ccc1C2=O,36.98
N#Cc1ccc(-c2cc(-c3cc(-n4nccc4C#N)nc(-c4ccc(C#N)cc4)n3)nc(-c3ccc(C#N)cc3)n2)cc1,13.7
N#Cc1cc(Cn2nccc2C#N)cc(-c2ccccc2C#N)c1,16.34
N#Cc1ccc(-c2cc(-c3ccc(C#N)cc3)nc(-c3cc(-c4cnc(N5CCC(F)C5)c(C#N)n4)nc(-c4cccc(C#N)n4)n3)c2)cc1,19.5
CC(C)Oc1ncc(-c2nc(-c3cccc(C#N)n3)nc(N3CCOCC3CF)n2)cc1C#N,11.12
N#Cc1ccc(-c2cc(-c3ncc(C#N)cc3Cl)nc(-c3[nH]nc4cc(C#N)ccc34)c2)cc1,27.5
Cn1cc(-c2nc(-c3ccc(-c4ccc(C#N)c(F)c4)cn3)nc(-c3c(Cl)ccc(Cl)c3F)n2)c(-c2ccc(C#N)cc2)c1C#N,36.28
CC(C)(C)[S+]([O-])N1Cc2cc(-c3ccc(C#N)cc3)cc(-c3cccc(-c4cnc(C(F)(F)F)c(C#N)c4)c3)c2C1CCO,22.39
N#Cc1ccc(-c2cc(-c3ccc(-c4ccc5oc(-c6ccc(F)cn6)nc5c4)cc3)nc(C#N)n2)nc1,33.36
N#Cc1ccc(-c2cc(-c3ccc(-c4nc(C#N)c(N)s4)nc3)cc(-c3cncc(-c4cccc(C#N)n4)c3)c2)cc1,23.67
CC(Oc1ncc(-c2nc(-c3cccc(C#N)c3)nn2C)cc1C#N)c1cccc(C#N)c1,17.37
N#Cc1nc(-c2ccc(-c3ncc(-c4cc(-n5nc(C(F)(F)F)cc5C#N)ccc4C(N)=O)cc3F)cn2)c[nH]c1=O,30.97
CC(c1ccc2ncc(-c3cc(-c4cc(-c5ccc(C#N)cc5)c(C#N)c(=N)[nH]4)c(C#N)c(-c4ccc(C#N)nc4)n3)nc2c1)c1ccc(-c2cnn(C)c2)cn1,44.44
N#Cc1nc(-c2nc(-c3cccc(F)c3C#N)cc(C3CC3)n2)cnc1N,23.81
N#Cc1ccc(-c2ncc(-c3cc(-c4cccc(N=C=S)c4)nc(-c4cccc(C#N)n4)n3)cc2C#N)cc1,19.89
CC(C)Oc1ncc(-c2nc(-c3ccc(-c4cnc(C(F)(F)F)nc4-c4ccc(-n5cnc(C(F)(F)F)c5)nc4)nc3)n(C)n2)cc1C#N,31.65
N#Cc1ccc(-c2nc(-c3cccc(C#N)n3)cc(-c3nc(-c4ccc(C#N)cc4)nc(-c4ccc(C#N)cc4)c3C#N)n2)cc1,14.53
N#Cc1cncc(-c2cc(-c3ccc(-c4ccc(N)c(C#N)n4)cc3)nc(-c3ccc(C#N)c(C#N)c3)n2)c1,21.81
N#Cc1ccc(-c2cc(-n3c(C#N)ccc3C#N)nc(-c3ccc(-c4nc(Cl)nc(Cl)n4)cc3)n2)c(C#N)c1,17.49
N#Cc1cc(C#N)nc(-c2ncc(-c3ncnc(C#N)n3)cc2C#N)c1,16.28
N#Cc1cc(-c2c(F)c(F)c(F)c(F)c2F)nc(-n2nc(C#N)cc2-c2ccc(-c3ccc(C#N)nc3)nc2)c1,20.46
Cc1c(N(CC#N)C(=O)C2CC2)c(=O)n(-c2ccccc2)n1C,28.39
Cc1cc(-c2cc(-c3cc(C#N)c(N)nn3)cc(-c3cccc(-c4ccc(C#N)cc4)c3)c2F)nc(C#N)n1,20.39
COc1nn2cc(-c3cc4ccc(-c5cnc(-c6ccc(Cl)s6)c(C#N)c5)cc4o3)nc2s1,26.0
N#Cc1cccc(-c2cc(C(=O)Nc3ccc4ncc(-c5cccc(-c6ncccc6C#N)c5)nc4n3)n[nH]2)c1,34.69
Cc1noc(-c2ccc(-c3nc(C#N)sc(=NC(C)C)n3)cc2C#N)n1,30.15
CCCCCC=CCC=CCC=CCC=CCC(=O)OC(=O)CCCC=Cc1cc(OC)c(OC)c(OC)c1,36.38
N#Cc1ccc(-c2cc(-c3ccc(-c4nc(-c5ccc(-c6ccc(C#N)cn6)nc5)[nH]c4-c4cccc(C#N)n4)cc3)cc(OCC3CCCO3)n2)cc1,31.28
N#Cc1ccc(-c2cc(-c3nc(C(F)(F)F)n(CCF)c3-c3cnc(-c4cccc(C(F)(F)F)c4)c(C#N)n3)nc(-c3ccc(C#N)cc3)n2)cc1,16.44
N#Cc1ccc(-c2nc(-c3ccc(-c4ccc(C#N)c(Cl)c4)nc3)nc(-c3ccc(-n4c(C#N)ccc4C#N)cc3C#N)n2)cc1,16.66
Cc1cc(C#N)c(C#N)cc1N=c1nc(-c2c(-c3ccc(-c4ccnc(C#N)n4)cc3)cc(C#N)nc2-c2ccc(C#N)cc2)[nH]s1,27.64
Cc1nnc(-c2cc(F)ccc2CN2CCc3ccc(-n4cccc4C#N)cc3CC2)o1,28.1
N#Cc1ccc(-c2cc(-c3ccc(C#N)cc3)c(-c3nnc(-c4cccs4)o3)cn2)cc1,19.21
N#Cc1ccc(-c2nc(-c3ccc(C#N)nc3)nc(-c3ccc(-c4ncc(-c5cccc(C#N)n5)cc4C#N)c(F)c3)n2)cc1,18.79
N#Cc1ccc(Nc2nc(C(=O)O)c(-c3cc(Cl)c(-c4cc(-n5nc(C(F)(F)F)cc5C#N)cc(C#N)c4F)cn3)nc2C#N)cc1F,29.43
N#Cc1ccc(-c2ccnc(-c3ccc(-c4cnc(N)c(C#N)n4)cn3)c2F)nc1,22.47
N#Cc1ccc(-c2ccc(-c3nc(-c4ccc(-c5ccc(C#N)cn5)cc4)[nH]c3-c3ccnc4ccc(-c5ccnc(C#N)c5)nc34)cn2)cc1,24.36
CN1CCCC(N(C)c2ccc(-c3cc(-c4ccc(C#N)cc4)cc(-c4cccc(C#N)n4)n3)nc2)C1,20.81
N#Cc1ccc(-c2cc(-c3ccc4c(c3)OCO4)nc(Cl)n2)s1,20.91
COc1ncc(-c2cnc3c(c2)c(-c2nc(-c4cccc(C#N)c4)nc(-c4cnc(C#N)c(C#N)c4)n2)cn3C)cn1,26.24
N#Cc1ccc(-c2ncc(-c3nc(C#N)nn3CC3CCN(Cc4coc(C#N)n4)C3)cc2C#N)nc1,27.04
Cn1c(-c2ccc(-c3ccc(C#N)cc3)cc2)nc(-c2nc(-c3ccc(C#N)cc3)nc(-c3ccc(-c4csc(Br)n4)cc3)n2)c1-c1ccc(Br)cc1,23.34
Cn1cnc(-c2cc(F)cc(-c3cc(-c4ccc(C#N)c(C#N)c4)nc(-c4nc(C#N)c(N)c5nc(C#N)ccc45)c3)c2)c1,29.79
C=C(CO)C1(O)CC(OC(=O)CCc2ccc(O)c(O)c2)C(C(CCCCc2ccc(O)cc2)C(C)=O)OC1O,58.32
Cc1cn(-c2ccc(-c3nc(-c4ccc(-c5ccc(C#N)cc5)cc4)nn3-c3cc(-c4ccc(C#N)nc4)nc(-c4cnc(C#N)c(C#N)c4)n3)cn2)cn1,22.66
CC(C)n1c(C#N)nnc1-c1cncc(-c2ccc(C#N)c(C#N)c2)c1F,25.55
N#Cc1ccc(-c2cccc(-c3nc(-c4cc(C#N)c(C#N)o4)nc(-c4ccc(C#N)s4)n3)c2)cc1,17.72
CN(C#N)c1cc(-c2cc(-c3ccc(C#N)cc3)cc(-c3ccc(-c4cccc(C#N)n4)cc3)c2)nc(-n2cccc2)n1,23.68
Cc1nc(C#N)c(C#N)nc1-c1ccnc(-c2ccc(C#N)c(-c3cc(-c4ccc(C#N)cc4)c(C#N)c(-c4ccc(-c5ccc(C#N)c(C#N)c5)cc4)n3)c2)n1,24.82
CCc1ncc(C#N)n1-c1cc(Cl)c(-c2ccc(C#N)cc2)c(C#N)c1,13.75
N#Cc1cccc(-c2nc(-c3cnc(C#N)c(C#N)c3)nc(N3CC4CC3CO4)n2)n1,12.42
CC(O)(C=Cn1ncnc1-c1ccc(-c2ccc(C#N)cc2)cc1)Cc1ccc(-c2ccc(C#N)cc2)cc1,28.5
Cc1nc(-c2ccc(-c3ccc(C#N)cc3)cc2)nc(-c2ccc(-c3ccc(C#N)cc3)cc2)c1-c1cccc(C#N)n1,13.08
N#Cc1ccc(-c2nc(-c3ccc(C#N)c(C#N)c3)nc(-c3cc(-c4ccc(C#N)c(-c5ccc(C#N)c(C#N)c5)c4)c[nH]c3=N)n2)cc1,18.01
N#Cc1ccc(C#N)c(-c2cc(-c3ccc(-c4ccc(N)c(C#N)n4)c(F)c3)c(C#N)cn2)c1,22.44
CC(C#N)Oc1ncc(-c2cnc(C#N)s2)cc1C(=O)c1cc(-c2ccc(C#N)cn2)cnc1-c1cnc(C#N)c(C#N)n1,40.85
N#Cc1ccc(-c2ccc(-c3c(C#N)cc(-n4cc(-c5ccc(C#N)cc5C#N)cn4)cc3C#N)cc2C#N)cc1,15.49
N#Cc1ccc(Nc2cccc(-c3c(C#N)c(=O)n(Cc4cccc(C#N)c4)ccc3=O)c2)cc1,27.77
COc1ccc(-c2nc(-c3ccc(-c4cccc(C#N)n4)cc3)n(C)c2C=NN=Cc2ccc(-c3ccc(C#N)cc3)o2)cc1,30.53
N#Cc1ccc(-c2cc(-c3cc(-c4ccnnc4)nc(C#N)n3)nc(-c3cnc(-c4ccc(C#N)cn4)c(C#N)c3)c2C#N)cc1,22.94
N#Cc1cc(-c2cc(C#N)nc(-c3ccc(-c4ccc(F)c(C#N)c4)c(C#N)c3)n2)cc(-n2nccc2C#N)c1,15.64
CC(=O)c1cc(C(F)(F)F)nc(-c2ccc(-c3cc(-c4ccc(C#N)cc4)c(C#N)c(-c4ccc(-c5ccc(C#N)c(C#N)c5)cc4)n3)cc2)c1C#N,26.99
N#Cc1cc(Cl)c(C(=N)c2cc3ccccc3nc2C#N)cc1Cl,33.09
N#Cc1cccc(CN2CCC(N3C(=O)c4c(C(N)=O)cccc4C3c3ccc(F)c(Cl)c3)CC2)n1,31.69
N#Cc1ccc(-c2cc(C#N)c(-c3ccccn3)cn2)cc1,18.34
CC(C)c1nc(-c2ccc(F)cc2)c(C#N)cc1-c1ccc(-c2cncc(C#N)n2)cc1,17.11
CCOC(=O)C(C)(C)Nc1ccc2nc(-c3ccc(C#N)cc3)n(CC(=O)NC(C#N)(CC)CO)c2c1,37.83
N#CCn1c(-c2ccc(-c3ccc(C#N)cc3)cn2)cc(-c2ccc(C#N)c(C#N)c2)c1-c1ccc(C#N)cc1,18.75
N#Cc1ccc(COc2cc(-c3ccc(-c4cc(-c5ccc(C#N)cc5)n[nH]4)c(C#N)c3)ncc2-c2c(C#N)c(C#N)[nH]c(=N)c2C#N)cc1,36.94
COc1ccn2c(-c3cccc(C#N)n3)c(-c3ccc(C#N)cc3)nc2c1-c1ccc(-c2ccc(C#N)c(F)c2)cc1,25.25
CC(C)Oc1ccc(-c2nc(C#Cc3ccc4ncccc4c3)c(-c3cc(-c4cc(-c5ccnc(Cl)n5)nc(C#N)n4)n(C)n3)nc2C#N)cc1C#N,36.56
CC(C#N)Oc1ccc(-c2nccc(-c3cc(-c4ccc(C#N)cc4)cc(-c4ccc(-c5nc(C#N)c(N)cc5C#N)c(F)c4)n3)n2)cc1C#N,22.75
N#Cc1ccc(-c2nc(-c3ccc(-c4ccc(F)cc4C#N)cc3)nc(=NC(C#N)c3ccc(F)c(F)c3)[nH]2)cc1C#N,31.8
CN(CCNCc1coc(-c2cncc(C#N)c2)n1)Cc1ccccc1,20.27
N#CC=Cc1nccc(-c2nc(-[n+]3ccc(-c4ccncc4)cc3)nc(-[n+]3ccc(-c4ccc(C#N)cc4)cc3)n2)n1,19.39
N#Cc1ccc(-c2ccc(-c3nc(C#N)nc(-c4cc(-c5ccc(-c6ccc(C#N)c(F)c6)cc5)nc(-c5ccc(C#N)cc5)n4)n3)cc2)cc1,15.0
N#Cc1cc(-c2cc(N3CCC(F)(F)C3)nc(-c3cnc(N4CCC(F)(F)C4)c(C#N)c3)n2)ncc1N1CC2CC1CN2C(=O)c1ncc(C#N)c(C#N)n1,42.74
N#Cc1cccc(-c2nc(-c3ccc(-c4cnc(Cl)c(C#N)n4)s3)c(C#N)cc2-c2ccc(F)c(C#N)n2)n1,21.12
N#Cc1cccc(-c2nc(-c3cccc(C#N)n3)nc(-c3nccc(CNC(=O)c4cccnc4)n3)n2)n1,29.98
N#Cc1ccc(-c2ccc(-c3nccc(-c4cc(-c5cccs5)nc(N5CCCC5C#N)n4)n3)cc2)nc1,30.5
N#Cc1ccc(-c2ccc(C#CC#Cc3ccc(-c4cc(-c5ccc(-c6ccc(C#N)cc6)cc5)nc(-c5ccc(C#N)cc5)n4)nc3)cc2)cc1,17.25
N#Cc1ccc(-c2ncc(-c3ncnc(C#N)n3)cc2C#N)cc1,8.6
N#Cc1ccc(CC(=O)Nc2ccc(C#N)c(C=NNC(=O)c3nn(-c4ccc(-c5ccc(F)c(C#N)c5)cc4)c(-c4ccc(-c5ccc(C#N)cc5)cc4)c3C#N)c2)cc1,30.37
N#Cc1ccc(-c2cc(C#N)c3c(C#N)[n+](-c4ccccc4C#N)cn3c2)cc1,28.01
N#Cc1ccc(-c2cc(-c3ccc(F)c(C#N)c3F)cc(-c3cccc(-c4ccc(-c5cccc(F)c5)nc4)n3)n2)cc1,26.22
N#Cc1ccc(-c2cnc(-c3nc(-c4ccc(C#N)nc4)nn3-c3cccc(-c4ccc(F)cc4)c3)cc2C#N)nc1,31.42
N#Cc1nn(-c2ccc(N3CCN(CCO)CC3)c(C#N)n2)cc1-c1ccc(-c2nc(C#N)c(N)s2)cc1,30.39
N#Cc1ccc(-c2nc3cc(-c4ccc5nc(C#N)ccc5n4)cc(-c4c[nH]c(=N)c(C#N)c4)c3n2Cc2cccc(-c3ccc(C#N)cn3)c2)cc1,35.68
COc1nc(C#N)c(-c2ccc(Cl)c(Cl)c2)nc1-c1cc(Cl)c(-c2cc(Cl)c(Cl)cc2C#N)c(C#N)n1,24.74
CN(CC(=O)Nc1c(Cl)cccc1Cl)Cc1ccc(-c2nc(-c3ccc(C#N)cc3)nc(-c3ccc(C#N)cc3)n2)cc1,26.58
N#Cc1ccc(-c2nc(Nc3cnc(-c4ccc(C(F)(F)F)nc4)nc3)nc(-c3cc(C#N)c(C#N)c(C#N)n3)n2)nc1,26.02
N#CCc1nc(-c2cc(C#N)c(C#N)[nH]2)nc(-c2ccc(-c3ccc(C#N)nc3)c(F)c2F)n1,12.2
N#Cc1ccc(-c2c(-c3ccc(-c4nc(C#N)c(C#N)nc4C#N)nc3)nc(-c3ccc(Br)cn3)nc2-n2nc(C(F)(F)F)cc2C#N)cc1,34.44
N#Cc1ccc(NC(=O)c2cc(N3CCOCC3)nc(-c3cc(-c4cc(F)ccc4C#N)ccc3F)n2)c(Cl)c1,28.99
N#Cc1ccc(-c2cnc(-c3cccc(C#N)n3)nc2Nc2ccc(C#N)c(C#N)c2)cc1,19.96
N#Cc1ccc(-c2cc(-c3cc(-c4ccc(C#N)c(C#N)c4)nn3-c3ccc(-c4cnc(F)c(C#N)n4)cc3F)nc(-c3ccc(C(N)=O)cn3)n2)cc1,28.4
CC(C)Oc1ncc(-c2nc(-c3ccc(C#N)c(C#N)c3F)nc(N3CCNCC3)n2)cc1C#N,23.31
CN(C)CCN(C(=O)c1ccc(-c2cccc(C#N)c2)nc1)C(=C(C#N)n1nc(C#N)cc1C#N)c1ccc(-c2ccc(C#N)cc2)cc1,30.05
N#Cc1ccc(-c2ccc(-c3nc(-c4ccc(C#N)cc4)n(CC(=O)N=Cc4ccc(C#N)c(F)c4)c3-c3cnc(C#N)s3)cc2)cc1,18.05
CCCNC(=O)c1cc(-c2nc(-c3ccc(OC(=N)N)c(C#N)c3)nc(-c3ccccc3F)n2)ccc1F,26.13
N#Cc1ccc(-c2ccc(-c3cc(-c4ccnc(-c5ccc(C#N)cc5)c4)nc(-n4nccc4C#N)n3)cc2)cc1,14.85
N#Cc1cc(F)cc(-c2cc(C(=O)N=c3[nH]c(-c4ccnc(-c5ccc(F)c(C#N)c5)n4)cs3)nc(-c3ccc(C#N)nc3)n2)c1,22.48
N#Cc1cc(-c2cc(-c3cccc(C#N)n3)nc(C#N)n2)cc(-c2csc(=NC3CCCNC3)[nH]2)c1,36.81
N#Cc1ccc(OCc2cc(C#N)ccc2-c2ccc(-c3nc(C#N)c(C#N)nc3C#N)nc2)cc1,18.01
Cn1nc(-c2ccc3c(c2)CCC3=NNC(=N)N)cc1C#N,23.19
Cc1c(F)cc(-c2cnc(-c3ccc(F)c(C#N)c3)c(C#N)c2)c(F)c1-c1nc2cc(C#N)ncc2s1,25.95
N#Cc1nc(-c2ccc(F)c(NS(=O)(=O)c3ccc(F)c(C#N)c3)c2)cc(C2CCC3CCC(C2)C3CO)n1,36.57
C=CC(=O)Nc1ccc2c(c1)c(C#N)cn2-c1cc[nH]c(=NCc2cccc(C#N)c2)n1,22.14
CCC(C#N)Oc1ncc(-c2nc(-c3ccc(C#N)cc3)nc(N3CC4CC3C4)n2)cc1C#N,17.81
N#Cc1ccc(-c2ccc(-c3nnc(-c4cccc(-c5ccc(-c6nc(C#N)c(N)o6)cc5)c4)c(C#N)c(=NC(=O)c4ccco4)n3)cc2C#N)cc1C#N,33.21
N#Cc1cc(-c2cc(-c3ccc(F)c(C#N)c3F)c(F)c(C#N)n2)nnc1N=c1ccc(C#N)c(C#N)[nH]1,15.35
N#Cc1ccc(C#Cc2ccnc3c(F)c(CC(C#N)NC(=O)C4NC5CCC4C5)ccc23)c(-c2ccc(C#N)nc2)c1,35.65
N#Cc1ccc(-c2nc(-c3ccc(-c4ccc(N)c(C#N)n4)cc3)cc(-c3cc(C#N)c(OC(F)F)nn3)n2)cc1,17.36
N#CCc1ncc(-c2nc(-c3c[nH]c(=N)c(C#N)c3)nc(N3CC4CC3C4)n2)cc1C#N,13.77
N#Cc1ccc(-c2cc(-c3nc(-c4cc(F)c(C#N)c(C#N)c4)nc(N4CC5CC4CO5)n3)nc(F)n2)cc1C#N,19.46
N#CC(C#N)=c1cnc(=C(C#N)c2nc(Cc3ccc(C#N)cc3)no2)c(C#N)c1,21.12
N#Cc1ccc(-c2ccc(-c3nc(C#CC#CC(O)CO)ccc3C#N)cc2)cc1,20.57
N#Cc1ccc(-c2ccc(-c3nccc(-c4ncc(-c5cnc(C#N)nc5)cc4C#N)n3)cn2)cn1,20.67
N#Cc1ccc(-c2nc(-c3ccc(C#N)cn3)c(C#N)c(-c3nc(-c4ccc(-c5cnc(C#N)c(C#N)n5)cc4)c4ccccn34)n2)cc1,23.6
CC(C)NCc1ncc(-c2nc(-c3ccc(-c4ccc(C#N)cc4)cc3)cc(-c3cc(-c4ccc(-c5ccc(C#N)cc5)cc4)cc(C#N)n3)n2)cc1C#N,21.67
N#Cc1ccc(NC(=O)C(C#N)C#N)cc1C(F)(F)F,19.62
CN(C)C=C(C#N)n1nc(-c2ccc(C#N)c(-c3cnc(-c4ccc(C#N)c(F)c4)c(C#N)c3)c2)cc1C#N,28.47
N#Cc1ccc(-c2c(C#N)nc3c(-c4cc(F)c(-c5ccnc(C#N)n5)c(F)c4)cccn23)cc1,27.75
N#Cc1ccc(-c2ccc(-c3nc(-c4ccc(-n5cccc5C#N)cc4)nc(-c4c(F)c(F)c(C#N)c(F)c4F)n3)cc2)cc1,14.2
N#Cc1ccc(-c2cccc(-c3cc(C#N)nc(-n4cc(-c5ccnc(C#N)n5)cc4C#N)n3)c2)cc1,17.04
N#Cc1cc(-c2cn(-c3cc(-c4ccc(C#N)c(C#N)n4)ccc3C#N)nn2)ccc1F,21.47
N#CCc1cc(-c2cnc(C#N)c(C#N)c2)nc(-c2cc(C#N)c(C#N)[nH]2)n1,10.98
CS(=O)(=O)c1ccc(Nc2nc(-c3cc(C#N)c(C#N)c(C#N)n3)nc(-c3cc(F)c(F)cc3F)n2)cn1,25.46
N#Cc1cccc(-c2ccc(-c3cc(C#N)nc(-c4cc(-c5ccccc5C#N)cc(C#N)n4)n3)cn2)n1,22.92
CN(C)c1ccc(-c2nc(-c3ccc(-c4ccc(C#N)cc4)cc3)nc(-c3cc(F)c(Cl)cc3Cl)n2)c(O)c1Cl,24.32
CC(C)Oc1ncc(-c2nc(-c3ccc(C#N)nc3)nc(N3CC4CC3CO4)n2)cc1C#N,13.74
N#Cc1ccc(-c2cc(C#N)nc(-c3ccc(-c4cccc(C#N)n4)cn3)c2)cc1,16.19
N#Cc1ccc(-n2cc(C#N)c(-c3ccc(-c4c(C#N)cc(-c5cccc(C#N)n5)nc4C#N)cc3)n2)cc1,19.32
CN(C)CCN(C)c1ncc(-c2cc(C#N)nc(-c3cnc(C#N)c(C#N)c3)n2)cc1C#N,21.93
N#Cc1nc(N2CCC(CNC(=O)c3ccc(-c4ccc(F)cc4C#N)nc3)C2)c2cc(-c3c[nH]c(C#N)n3)cnc2n1,37.08
N#Cc1ccc(-c2cc(-c3ccc(-c4cccc(C#N)n4)cc3)nc(-c3ccc(-c4ccc(-c5ccc(C#N)cc5)nc4)cn3)c2)cc1,19.69
N#Cc1cncc(Sc2ncc(C#N)nc2-c2nc(-c3cnc(C#N)c(C#N)c3)nc(N3CC4CC3C4)n2)c1,22.3
N#Cc1ccc(-c2ncc(-c3nc(C#N)nn3-c3cccc(-c4ccc(Cl)c(Cl)c4)n3)cc2C#N)cc1,17.07
N#Cc1ccc(-c2ccc(-c3nc(-c4cc(C#N)nc(-c5cccc(C#N)n5)c4)cs3)cc2C#N)cc1,15.33
CC1OC(=O)N(c2ncc(-c3nc(-c4nc(C#N)ccc4NCc4cccc(C#N)n4)nc(N4CC5CCC(C4)O5)n3)cc2C#N)CC1F,38.21
N#Cc1ccc(-c2cc(-c3ccc(-c4nc(Cl)nc(Cl)n4)cc3)cc(-c3ccncc3C#N)n2)cc1,18.03
COc1ccc(-c2nc(-c3cnc(C#N)c(C#N)c3)nc(N3CCC(NCCSC)CC3)n2)cc1C#N,21.69
N#Cc1cc(-c2ccc3c(c2)C(=O)N(Cc2ccccc2)CCO3)cnc1-c1ccsc1,27.07
Cc1nc(-c2ccc(C#N)cc2)ccc1C=Cc1nc2ccc(-c3ccc(C#N)cc3)cc2c(=O)n1-c1cccc(-c2nnn(C)n2)c1,23.3
C=c1[nH]c(=Cc2cc(C)n(-c3ccc(C=CC#N)cc3C#N)c2C)c(O)c1C(=O)OCC,22.7
N#Cc1ccc(-c2cc(-c3cc(-n4cnc(C#N)c4)nc(-n4nc(C(F)F)cc4C#N)c3)nc(-c3ccc(C#N)cc3)n2)cc1,17.76
N#Cc1cc(-c2cnc(-c3ccc(F)c(F)c3)c(C#N)c2)cc(-n2nc(C#N)cc2C#N)n1,12.6
Cc1cc(-c2ccc(C#N)cn2)c(C#N)cc1-c1nc(C#N)nc(C#N)c1C#N,23.55
N#Cc1ccc(-c2cc(-c3ccc(C#N)nc3)nc(-c3cc(C#N)c(N4CC5CC4CO5)nn3)c2)cc1,16.47
N#Cc1cccc(-c2ccc(-c3nc(-c4ccc(-c5cnc(C#N)c(C#N)c5)nc4)nc(-c4c(F)c(F)c(C#N)c(F)c4F)n3)cc2)c1,15.49
CC1(C)NC(C)(C)c2c1sc(NC(=O)COc1ccc(Br)cc1C#N)c2C#N,24.78
N#Cc1ccc(N=c2nc(-c3cccc(C#N)n3)nc(-c3cccc(-c4ccc(C#N)cc4)c3)[nH]2)cc1,16.02
Cn1c(-c2ccc(-c3c(C#N)cc(-c4ccc(-c5cnc(C#N)c(C#N)c5)cn4)nc3C#N)cc2)nc(C#N)c1C#N,27.93
N#Cc1ccc(-c2ccc(-c3nc(C#N)nn3-c3cnc(-c4cnc(C#N)c(C#N)c4)c(C#N)c3)cc2C#N)cc1,15.13
Cc1c(-c2ccc(-c3ccc(C#N)cc3)cc2)nc(-c2cc(C(C)C)c(O)cc2O)n1-c1ccc(C#N)c(-c2ccc(C#N)c(C#N)c2)c1,21.21
N#Cc1ccc(-c2ncn(-c3ccc(Nc4cc(-c5cnc(N6CCCC6)c(C#N)c5)nc(-n5cccn5)n4)cc3)n2)cc1,28.17
N#Cc1cc(-c2cccc(-c3c[nH]c(=N)c(C#N)n3)n2)nc(C#N)c1C#N,13.04
Cc1nc(C#N)c(C#N)nc1-c1ncc(-c2nccc(C#N)n2)cc1C#N,13.84
CC(C)n1nc(CN(C)C)c2c1CCN(c1cc(-c3nccc(F)c3F)nc(-c3cc(C#N)c(C#N)c(C#N)n3)n1)C2,26.69
CC12C=CC1C1CC=C3CC(=O)CCC3(C)C1(F)C(=O)CC2c1cc(F)cnc1F,43.27
CC1(C)OCCN(c2nc(-c3nc(-c4cc(C#N)c(C#N)c(-c5cccc(C#N)c5)c4)nc(N4CC5CC4C5)n3)c[nH]2)C1=O,31.16
CC(C)n1c(-c2cnc(C#N)nc2-c2ccc(N)c(C#N)n2)nc(C#N)c1-c1cnc(-c2ncco2)c(C#N)c1,20.84
CC(C#N)Oc1ccc(-c2nc(-c3ccc(C#N)c(C#N)c3)nc(N3CC4CCC(C3)O4)n2)cc1C#N,15.22
CCNCc1ncc(-c2ncc(C#N)c(-c3ccc(-c4ccc(-c5ccc(C#N)c(C#N)c5)cc4)o3)n2)cc1C#N,24.83
Cc1c(-c2cnc(C#N)c(C#N)c2)nc(C#N)nc1-n1c(C#N)ccc1C=CC#N,18.87
CC(C)c1nccc(CNC2CCCN(Cc3noc(C4CC4)n3)C2)n1,23.66
Cc1nc(C#N)cc2cc(-c3nc(-c4ccc(-c5ccc(C#N)cc5)cc4)n(CCOCCN4CCOCC4)c3-c3ccc(Cl)cc3)n(C)c12,32.79
N#Cc1ccc(-c2ccc(-c3ncc(Cc4ccncc4)c(C#Cc4ccc(-c5cccc(C#N)n5)cc4)n3)cn2)nc1,22.49
N#Cc1ccc(-c2ccc(Nc3c(Cl)nc(Cl)nc3C#N)c(-c3ccc(Cl)cc3Cl)c2C#N)cc1F,36.65
Cc1cc(-c2cnn(Cc3ccc(C#N)c(-c4ccc(Cl)c(Cl)c4)c3)c2)[nH]c(=Nc2cc(C#N)cc(C#N)c2)n1,25.37
C=Cc1nc(-c2cnc(C#N)c(C#N)c2)c(C#N)cc1-c1ccnc(S(C)(=O)=O)n1,26.36
Cn1cc(-c2ccc(-c3cnc4[nH]cc(-c5cccc(-c6cnc(C#N)c(C#N)c6)c5)c4c3)cc2)nc(C#N)c1=O,29.73
N#Cc1ccc(-c2cnc(-c3cc(C(N)=O)nc(-c4cnc(C#N)c(C#N)c4)n3)cc2C#N)cc1,18.27
Cc1ccc2nc(C#N)c(Cc3ccc(F)c(C(=O)N4CCN(CCC#N)CC4)c3)n2c1,30.95
N#CCn1cc(-c2nc(-c3ccc(-c4ccc(C#N)c(C#N)c4)cc3)nc(-c3ccc(C(N)=O)cn3)n2)c(-c2ccccc2)n1,28.43
N#Cc1cccc(-c2nc(-c3cnc(OC(F)F)c(C#N)c3)nc(N3C4CCC3COC4)n2)n1,16.0
N#CC1=C(c2ccc(C#N)cc2)N2C(=O)NC(=O)C2c2c(-c3nccc(-c4nnc(-c5ccc(-c6ccc(C#N)cc6)nc5)o4)n3)cc(C#N)c(C#N)c21,41.68
N#Cc1cc(-n2ccnc2C#N)cc(-c2nc(-c3cnc(C#N)c(C#N)c3)nc(N3CC4CC3CO4)n2)n1,20.57
CC(C#N)(C#N)N1CCN(Cc2cc(C#N)n(-c3cnc(-c4cnc(-c5ccc(C#N)cc5)c(C#N)c4)c(C#N)c3)n2)CC1,27.19
N#Cc1cncc(-c2nc(-c3ccc(-c4cccc(C#N)n4)cc3)nc(C3CCCCC3)c2C#N)c1,19.42
N#Cc1ncc(-c2nc(-c3nc(C#N)c(C#N)nc3C#N)nc(-c3cccc(-n4cccc4C#N)c3)c2F)cn1,19.83
Cc1cc(-c2nc3c(-c4nc(-c5ccc(-c6ccc(C#N)cn6)nc5)nc(-c5cccc(C#N)n5)n4)ccnc3[nH]2)cc(C)n1,30.68
N#Cc1ccc(-c2ccc(-c3cc(-c4c(F)c(F)c(C#N)c(F)c4F)c(C#N)c(-c4ccc(-c5ccc(C#N)cn5)nc4)n3)nn2)cc1,13.69
N#Cc1ccc(-c2ncc(-c3nc(C#N)nn3C(CO)C3CCCCC3)cc2C#N)cn1,15.54
CC(C)n1cnnc1-c1cc(-c2cc(F)c(F)c(F)c2)nc(-c2ccc(C#N)cc2)n1,19.12
N#Cc1ccc(-c2ccc(-c3ncc(N4CCN(c5ccccc5)CC4)c(C#N)n3)cc2)cc1,19.45
N#Cc1ccc(-c2cccc(-c3nc(-c4cnc(C#N)c(C#N)c4)n(CCN4CCC4)n3)c2)cc1,11.58
N#Cc1ccc(-c2cc(-c3nc(-c4cnc(C#N)c(C#N)c4)n(CC4CCC(N)CC4)n3)ccc2F)cc1F,20.15
N#Cc1ccc(-c2cc(-c3nc(-c4ccc(C#N)s4)cc(-n4nncc4C#N)n3)ccc2C#N)cc1,20.95
N#Cc1ccc(-c2ccc(-c3nc(-c4ccc(C#N)cc4)nc(-c4ccc(C=Nc5cc(O)c(N)cc5O)cc4)n3)cc2)cc1,12.78
COc1ccc(-c2c(Br)oc(-c3nc(C#N)c(C#N)nc3-c3ccc(Br)cc3)c2C#N)c(Br)c1OC,27.21
N#Cc1ccc(-c2ccc(NC(=O)Cn3nc(-c4cccc(C#N)c4)c(-c4cccc(C#N)n4)n3)cc2)cc1,20.97
Cn1ccnc1-c1ccc(-c2cc(-c3ccc(C#N)cc3)nc(-n3cccc3C#N)c2)c(F)c1,28.96
N#Cc1cccc(-c2nc(-c3cnc(C4CNC4)c(C#N)c3)nc(C3CC3)n2)n1,15.87
N#Cc1ccc(-c2ccc(-c3nc(-c4cccc(C#N)n4)nn3-c3ccc(Cl)cc3Cl)nc2)cc1,17.12
N#CCc1ccc(-c2nc(-c3ccc(C#N)c(F)c3)cc(-c3cnc(C#N)nc3-c3cnc(N)c(C#N)n3)n2)cc1C#N,25.25
N#Cc1ccc2c(C#N)c3ccccc3c(-c3nc(-c4ccc(-c5ccc(C#N)c(F)c5)cc4)nc(-c4ccnc(C#N)c4)n3)c2c1,19.45
CC(C)Oc1ncc(-c2nc(-c3nccc(F)c3C#N)nn2CCF)cc1C#N,18.41
Cc1c(C#N)cc(-c2nc(-c3nc(C#N)ccc3C#N)nc(N3CCC(N(C)C)C3)n2)cc1C#N,14.64
CC(C)n1cc(-c2ccc(-c3ccc(C#N)cc3)c(C#N)c2)nc1-c1cc(C#N)c(C#N)c(Cl)n1,14.28
N#Cc1cccc(-c2ccc(-c3ncc(-c4ncc(-c5cccc(-n6nc(C(=O)O)cc6C#N)c5)cc4C#N)o3)cn2)n1,17.43
N#Cc1ccc(-c2cc(-c3nc(-c4cnc(N5CCCC5)c(C#N)c4)nc(C4CCC4)n3)cc(C#N)c2C#N)nc1,19.83
N#Cc1ccc(-c2cc(-c3nc(-c4cc(C#N)c(C#N)c(-c5ccc(-c6ccc(C#N)cc6)c(C#N)c5)n4)n[nH]3)c(C#N)c(-c3ccc(C#N)cc3)n2)cc1,28.09
N#CCc1ccc(C#N)c(-c2cccc(-c3nc(-c4cnccn4)cc(-c4c(F)c(F)c(C#N)c(F)c4F)c3F)n2)c1,26.35
CC(C)Oc1ccc(-c2nc(C#N)cc(-c3cc(C#N)c(-c4cc(C#N)nc(-n5nc(C#N)nc5-c5cnc(C#N)c(C#N)c5)c4)o3)n2)cc1Cl,35.73
N#Cc1ccc(C#N)c(-c2nc(-c3cnc(C#N)c(C#N)c3)nc(N3CCC(F)(C#N)CC3)n2)n1,16.17
N#Cc1ccc(-c2cc(C(=O)O)cc(-c3nc(-c4ccc(C(=N)N)c(C#N)c4)nc(-n4cc(C#N)cn4)n3)c2)cc1,19.95
CC(C)Oc1ncc(-c2nc(-c3ccc(-c4csc(C#N)n4)c(C#N)c3)nn2C)cc1C#N,16.38
CCCN(CC)c1cc(C#N)nc(-c2nc(-c3cnc(OC(C)c4ccccc4)c(C#N)c3)[nH]c(=NC(C)=O)n2)n1,32.38
CN1CCN(C(=O)c2ccc(-c3c[nH]c(=N)c(-c4nc5ccc(OCCn6cccc6C#N)cc5o4)n3)cc2)CC1,37.2
N#Cc1ccc(-c2cc(-c3cc(-c4cc(C#N)ccc4C#N)nc(-n4nccc4C#N)n3)ccn2)cc1,15.62
COc1nc(-c2nc(-c3cc(C#N)c(C#N)c(N)n3)nnc2OCCC2CCOCC2)cnc1-n1ccnc1C,32.89
N#Cc1ccc(-c2ccc(-c3nc(-c4ccc(C#N)c(C#N)c4)nc(-c4ccc(C#N)c(-c5ccc(-c6nc(-c7ccc(C#N)cc7)nc(-c7ccc(C#N)cc7)n6)cc5)c4)n3)cc2)cc1,21.91
N#Cc1cc(-c2nc(-c3cccc(F)n3)nc(N3CCC4(CCOC4)CC3)n2)nc(Cl)c1C#N,25.17
N#Cc1ccc(-c2ccc(-c3cc(-c4ccc(C#N)cc4)cc(-c4ccc(-c5ccc(C#N)cc5)cn4)n3)cc2)cc1,13.37
N#Cc1ccc(N=c2nc(-n3cc(C#N)nc3-c3ccc(F)c(F)c3F)cc(Nc3ccc(C#N)cc3)[nH]2)cc1,28.99
N#Cc1ccc(-c2cc(-c3cc(C#N)cc(-n4c(C#N)ccc4C#N)c3)nc(-c3ccc(C#N)cc3)n2)cc1,12.5
CCCCNc1c(-c2c(F)c(F)c(C#N)c(F)c2F)nc2cnc(-c3csc(C#N)c3)cn12,26.44
N#Cc1ccc(-c2cnc(-c3cc(-n4nc(-c5ccc(-c6cccc(C#N)n6)cc5)cc4C#N)ccc3C#N)cc2C#N)cc1,18.96
CC(C)(O)c1ncc(C#Cc2cccc(C#N)n2)c(-c2cnc(C#N)c(C#N)c2)n1,15.48
N#Cc1ccc(-c2nc(-c3cc(C#N)nc(-c4ccc(-c5cccc(C#N)c5)c(C#N)c4)n3)cc(-n3nccc3C#N)n2)cc1,11.99
N#CCc1nc(-c2ccc(-c3nc(C#N)c(Cl)nc3C#N)cc2)c(C#N)cc1-c1ccc(-c2ccc(C#N)cc2)nc1,21.44
N#Cc1ncc(-c2cc(-c3ccc(-c4ccccc4C#N)c(C#N)c3)nc(C#N)n2)cn1,16.2
CC(Oc1ncc(-c2nc(-c3cc(C(F)(F)F)cc(C#N)n3)nc(N3CCOCC3)n2)cc1C#N)C(F)(F)F,18.55
Oc1c(Br)cc(Br)cc1C=Nc1nccnc1Cl,22.65
N#Cc1ccc(-c2ccc(-c3cc(-c4nc(-c5cnc(C#N)c(C#N)c5)ns4)nc(-c4ccc(-c5ccc(C#N)cc5)cc4)n3)cc2)cc1,16.33
N#Cc1ccc(-c2nc(-c3nc(-c4ccc(-n5nccc5C#N)cn4)cc(-c4ccc(NCc5cccc(C#N)c5)c(C#N)n4)n3)nc(-c3ccc(C#N)cc3)c2C#N)cc1,27.65
N#Cc1ccc(-c2ncc(-c3cc(C#N)cc(-c4nc(N5CCOCC5)c5cc(-c6cccc(C#N)c6)oc5n4)c3)cc2C#N)cc1,28.26
N#Cc1cccc(-c2ccc(-c3nc(CO)cc(-c4nc(C#N)nn4-c4ccc(-c5cccc(C#N)n5)cn4)n3)cc2C#N)c1,26.86
N#Cc1ccc(-c2ccc(-c3nc(C#N)c(C#N)[nH]3)c(C#N)c2)nc1,13.67
COc1cc(C#N)ccc1Cn1nc(-c2ccc(-c3ccc(C#N)cc3)c(C#N)c2)nc1-c1cncc(C#N)c1,22.56
N#Cc1cnc(C#N)c(-c2nc(-c3cc(C#N)c(C(F)(F)F)c(C#N)c3)nc(N3CCC(C#N)C(F)C3)n2)n1,18.49
N#Cc1cc(-c2ncc(-c3ccc(-c4cc(C(=O)O)c(Cc5nsc(Cl)n5)cc4Cl)cn3)cc2C#N)cc(C(F)(F)F)c1,40.74
N#CC(C#N)=c1cc2nc(-c3cnc(C#N)c(C#N)c3)nc(-c3ccncc3)c2cc1=C(O)N1CCOCC1,39.34
N#Cc1ccc(-c2cc(-c3csc(C#N)c3)cc(-c3nc4ccc(C#N)cc4[nH]3)c2)cc1,24.08
N#Cc1cc[nH]c(=Nc2ncc(-c3nc(-c4cnc(C#N)c(C#N)c4)nc(N4CCOCC4CF)n3)cc2C#N)c1,16.53
N#Cc1ncnc(-c2cnc(-c3cccc(C#N)c3F)c(C#N)c2)n1,12.6
N#Cc1ccc(-c2cccc(-c3cc(-c4ccc(C#N)cc4)nc(-c4ccc(-c5c[nH]c(=N)c(C#N)n5)cc4)c3)c2)cc1,14.47
CC(C)c1nc(-c2cccc(-c3ccc(C#N)cc3)n2)ccc1-c1cc(C#N)c(C#N)nc1-c1ccc(C#N)nc1,15.94
N#Cc1cc(Cl)cc(-c2c(C(=O)c3ccnc(Cl)n3)c(-c3ccc(Cl)cc3Cl)c(C#N)n2-c2ccc(-c3cccc(C#N)n3)c(C#N)c2)c1,32.78
N#Cc1ccc(-c2ccc(-c3nncc(-c4cc(NC(=O)c5cc(C#N)c(-c6ccc(C#N)c(C#N)c6F)s5)ccc4F)n3)cn2)cc1,34.67
N#Cc1nc(-c2ccnc(-c3ccc(C#N)c(C#N)c3)n2)cc(-c2c(Cl)ccc(-n3nccc3C#N)c2F)n1,21.06
N#Cc1ccc(-c2ccc(CN(c3cccc(C#N)c3C#N)S(=O)(=O)c3ccc(C(=O)O)cc3)cn2)cc1,19.25
N#Cc1ccc(C#CC2CN(c3cc(C#N)nc(-c4ccc(C#N)c(F)c4)n3)CC(C#N)C2C#N)cc1,30.74
N#Cc1ccc(-c2nccc(-c3ccc(-c4csc(-c5ccc(N)c(C#N)n5)c4)cc3)n2)cc1,18.47
N#Cc1cc(-c2nc(-c3cc(F)c(F)cc3Cl)nc(N3CCC(N)C(F)CC3)n2)c(F)c(C#N)c1C#N,31.99
N#Cc1ccc(-c2cc(C#N)nc(-c3nc(-c4c(F)c(F)c(C#N)c(F)c4F)nc(C4CCCC4)n3)c2)cc1,16.12
Cc1nc(CCC#N)c(C#N)cc1-c1nc(-c2cccc(C#N)n2)nc(N2CCOCC2)n1,14.21
COC(=O)NCCNC(=O)C(C#N)c1cnc(C#N)nc1-c1ccc(-c2cnc(-c3ccc(C#N)cc3)c(C#N)c2)cc1,29.79
N#Cc1ccc(-c2ccc(-c3nc(-c4ccc(-c5ccccn5)cc4)nc(-c4c5ccccc5c(C#N)c5ccc(C#N)cc45)n3)cc2)nc1,19.18
N#Cc1ccc(Cl)c(C(=O)N2CCC3CN(c4nc(-c5cc(C#N)c(-c6cnc(C#N)c(C#N)c6)cc5F)nc(N5CC6CC5(C(=O)O)C6)n4)CC3C2)n1,32.04
N#Cc1ccc(-c2cc(C#N)n(-c3nc(-c4cnc(C#N)c(C#N)c4)cnc3-c3ccc(-c4nc(C#N)c(C#N)nc4C#N)nc3)n2)cc1C#N,18.95
Cn1nc(C#N)nc1-c1cnc(-c2cccc(C#N)c2)c(C#N)c1,8.97
N#CC(C#N)=c1ccc(=C(c2ccc([N+](=O)[O-])cc2)n2c(O)c(-c3ccc(C#N)cc3)[nH]c2=O)cc1,26.26
COc1nc(-c2ccc(-c3ccc(C#N)cc3)cc2)nc(-c2ccc(-c3ccc(C#N)nc3)cn2)c1-c1cccc(C#N)n1,19.05
N#Cc1ccc(Nc2nc(-c3ccc(-c4ccc(C#N)cc4)cc3)nc(C#N)c2N(C#N)Cc2ccc(-c3ccnc(C#N)c3)nc2)cc1,22.08
N#Cc1cc(-c2nc(-c3ccnc(C(F)(F)F)c3)nc(N3CC4CC3C4)n2)nc(NC2CCCNC2)c1C#N,27.71
Cc1cc(-c2cncc(-c3cc(C#N)nc(C4CC4)n3)c2)nc(C#N)n1,27.33
CC(Oc1c(C#N)cc(-c2nc(-c3nc(C#N)ccc3C#N)nc(N3C4CCC3COC4)n2)nc1C#N)c1cccc(C#N)c1,17.28
Cn1cc(-c2cnc(-c3ccc(C#N)nc3)nc2)nc(-c2ccc(-c3cnc(C#N)nc3)c(C#N)c2)c1=O,29.19
N#Cc1ncc(-c2cnc(F)c(-c3ccnc(-c4cnc(C#N)c(C#N)c4)n3)n2)cn1,17.61
N#Cc1ccc(-c2ccc(-c3nc(-c4cc(-c5cc(-c6ccc(-c7cc(F)cc(F)c7)cc6)cc(-c6nc(C#N)c(C#N)[nH]6)n5)nc(-c5ccc(C#N)cc5)n4)ccc3C#N)cc2)cc1,35.68
CC(C)Oc1ncc(-c2nc(-c3cccc(C#N)n3)nc(N3CC4CC3C4OCC(F)F)n2)cc1C#N,18.05
Cn1nc(-c2c(F)cccc2F)nc1-c1sc(-c2cccc(-c3cc(CF)nc(-c4ccc(CNCCF)c(C#N)c4)n3)n2)c(Br)c1C#N,36.55
N#Cc1cccc(-c2cc(C#N)c(F)c(-c3cc(F)c(C#N)c(C#N)c3)c2)n1,15.55
N#CCn1nc(-c2cnc(C#N)c(C#N)c2)nc1-c1cccc(-c2cc(C3CCCC3)nc(C#N)n2)c1F,24.15
N#Cc1ccc(-c2ccc(-c3ncc(-c4nnc(N)c(C#N)n4)cc3C#N)cn2)cn1,14.86
Cn1cc(C#N)nc1C#Cc1cnc(-c2ccc(-c3cnc(C#N)c(C#N)n3)c(C#N)c2)c(C#N)c1,18.21
N#Cc1cc(-c2nc(-c3cncc(Br)c3Br)nc(N3CC4CC3C4)n2)cnc1C#N,20.17
N#Cc1ccc(-c2nc(-c3ccc(-c4ccc(C#N)cn4)nc3)nc(-c3cc(-n4nc(C(F)(F)F)cc4C#N)nc(C#N)n3)n2)cc1,11.69
COc1cc(C#N)ccc1-c1cc(F)cc(-c2ccc(-c3nc(C#N)c(C#N)nc3-c3ccc(C#N)cc3)cc2)c1,20.98
Cc1nc(C#N)nc(-c2ccc(-c3cc(-c4nccc(Cl)n4)ccc3Cl)cc2C#N)n1,23.21
N#Cc1ccc(-c2ccc(-c3cc(-c4nc(-c5ccc(C#N)cc5)nc(-c5ccc(C#N)cc5)c4C#N)nc(-c4ccc(C#N)cc4)n3)nc2)cc1,13.2
CC(C)n1nc(-c2cnc(-c3ccc(F)c(F)c3)c(C#N)c2)nc1-c1cc(C#N)c(C#N)c(C#N)n1,14.21
N#Cc1nccc(-c2ccc(-n3nc(C#N)c4ccc(-c5cnc(N6CCCCC6)nc5)cc43)cc2)n1,27.53
COc1cc(-c2ccnc(CN(C)C)n2)ccc1N=c1nc2c(-c3ccc(C#N)cc3C#N)cccc2c[nH]1,22.28
CC1(F)CCN(c2nc(-c3cnc(OC(C(F)(F)F)C(F)(F)F)c(C#N)c3)nc(-c3nc(C#N)ccc3C#N)n2)CC1,17.35
Cn1cc(C#N)nc1-c1ccc(-c2cc(-c3ccc(C#N)c(C#N)c3)nc(-c3ccc(C#N)cc3)n2)cc1F,13.34
Cc1cc(-c2ccc(-c3nc(C#N)cc(-c4ccc(-c5nc(C#N)c(C#N)[nH]5)nn4)c3F)cc2F)nc(C#N)n1,27.08
COCc1nc(-c2cnc(-c3cc(C#N)ccn3)c(C#N)c2)nn1C1CN(C)C1,25.11
CCn1c(-c2ccc(C#N)cc2)nnc1-c1cnc(OC(C)C)c(C#N)c1,15.56
Cc1cc(Nc2ccc(C#N)cc2F)nc(-c2cc(-n3nc(C(F)(F)F)cc3C#N)ccc2C#N)c1F,30.01
Cc1c(C#N)c(=N)n(-c2ccccc2)n1-c1ccc(Cl)c(Cl)c1,20.59
N#Cc1ccc(-c2ccc(-c3nc(-c4ccc(-c5cccc(C#N)n5)cc4)c(-c4cc(-c5cnc(-c6cnc(C#N)c(C#N)c6)c(C#N)c5)nc(C#N)n4)[nH]3)cc2C#N)cc1,31.16
N#Cc1ccc(-c2cc(-c3nc(C#N)c4[nH]cc(C#N)c4n3)cc(-c3cnc(C#N)c(C#N)c3)n2)cc1,20.64
Cc1cc(-c2ccc(C(=O)Nc3cc(-c4nc(CC#N)nc(-c5cnc(-c6ccccc6C#N)nc5)n4)cc(C#N)c3C#N)cn2)cc(C#N)n1,31.94
N#Cc1cc(-c2cnn3c(N4CCC(O)C4)nc(-c4ccc(-c5cnc(C#N)c(C#N)c5)c(C#N)c4)nc23)ccc1F,24.59
N#Cc1ccc(-c2ccc(-c3nc(O)c(Br)c(-c4ccc(C#N)c(-c5ccc(C#N)cc5)c4)n3)cc2)cc1,22.75
N#Cc1cc(-c2nc(-c3cc(F)ccc3F)nc(N3CC4CC4(C(=O)O)C3CF)n2)cnc1C#N,25.5
CC(C)n1nc(C#N)nc1-c1cnc(-c2ccnnc2)c(C#N)c1,14.72
N#Cc1cccc(-c2nc(-c3cc(C#N)c(C#N)c(C#N)n3)nc(N3CCC(F)(F)C3)n2)n1,11.6
C#CCn1c(-c2ccc(-c3nc(Cl)nc(Cl)n3)cc2)nc(-c2ccc(-c3ccc(C#N)cc3)cc2)c1-c1ccc(C#N)cc1,18.11
CCCc1cc(-c2cnc(N3CC(F)C3)c(C#N)c2)nc(-c2cc(C#N)c(C#N)[nH]2)n1,15.31
N#Cc1cccc(-c2ccc(C#N)c(-c3ccc(C#N)c(C#N)c3)c2)n1,15.37
N#Cc1ccc(-c2nc(-c3cc(C#N)c(C#N)c(C#N)n3)nc(N3CC4CCC4C3C#N)n2)cc1,18.34
N#Cc1ccc(-c2nc(-c3ccc(C#N)cn3)ccc2CNc2cncc(C#N)c2)cc1,30.06
N#Cc1cncc(C(CO)Oc2ncc(-c3nc(-c4nc(C#N)ccc4C#N)nc(N4CC5CC4C5)n3)cc2C#N)c1,11.71
N#Cc1ccc(-c2ccc(-c3nc(C#N)c(-c4ccc(-c5ccc(C#N)n5-c5ccc(C#N)cc5)cc4)n3Cc3ccc(Cl)nc3)cc2)cc1,32.39
N#Cc1ccc2cc(-c3ccc(-n4nc(C(=O)O)cc4C#N)c(F)c3C#N)ccc2c1,17.7
COc1cncc(-c2cc(COc3cccc(C#N)n3)nc(-c3cnc(-c4ccc(C#N)c(C#N)c4)c(C#N)c3)n2)c1,33.27
Cc1nc(F)c(-c2ccc(C#N)c(C#N)c2)cc1-c1ccc(-n2nc(C#N)c(C#N)c2Br)cc1,32.68
N#Cc1ccc(-c2ccc(-c3cn(C4CCNCC4F)nc3-c3ccc(-n4nc(C(F)(F)F)cc4C#N)cc3)nc2)cc1,27.49
N#Cc1ccc(-c2nc(C(=O)N3CCN=CC3C#N)cc(-c3cc(C#N)c(C#N)c(C#N)n3)n2)cc1,29.0
N#Cc1ccc(-c2nc(-c3ccnc4[nH]c(-c5cncc(C#N)n5)cc34)c[nH]2)cc1,18.77
N#Cc1c(-c2ccc(-c3cc(F)c(F)c(F)c3)cc2)nc(-c2ccc(-n3nc(C(F)(F)F)cc3C#N)cc2)nc1-c1ccc(-c2ccsc2)cn1,21.06
N#Cc1cc(-c2nccc(Nc3ccc4c(c3)C(=O)c3ccc(N)cc3C4=O)n2)nc(C#N)n1,12.98
N#Cc1ccc(Sc2ncc(Cl)s2)cc1C#N,20.59
N#Cc1ccc(-c2ccc(-c3nc(-c4ccc(C#N)cc4)nc(-c4ccc(-n5nc(C(F)(F)F)cc5C#N)cc4)n3)cc2)cc1,10.68
N#Cc1ccc(-c2ccc(-c3ccc(-c4cc(-c5ccc(-c6ccc(C#N)cc6C#N)c(C#N)c5)n(-c5ccc(C#N)c(C(=O)O)c5)n4)cc3)cc2C#N)cc1,20.75
N#Cc1cc(-c2nc(C(N)=O)c(-c3ccc(-c4c[nH]c(=N)c(C#N)n4)c(F)c3)cc2C#N)cnc1C#N,12.6
CN1CCC(Nc2ccc(-c3nc(-c4ccc(-c5ccc(C#N)cc5)cc4)nc(-c4ccc(C=Cc5ccc(C#N)cc5)nc4)n3)cn2)CC1,20.63
N#Cc1ccc(CN(CCc2ccc(-c3cccc(C#N)n3)c(F)c2)c2nc(C#N)nc(Cc3cc(F)cc(F)c3)n2)cc1,42.39
N#Cc1ccc(-c2cc(-c3ccnc(C#N)c3)nc(-c3cccc(C#N)n3)c2)cc1,11.21
Cc1cc(C#N)n(-c2nc(-c3ccc(-c4ccc(C#N)cc4)cc3)c(C#N)c(-n3cnc(-c4cc(F)cc(F)c4)c3)n2)n1,18.88
CC(C)Oc1ccc(-c2cc(-c3cccc(-c4ccc(C#N)cc4)n3)nc(-c3ccc(-c4ccc(C#N)cc4)cc3)n2)cc1C#N,16.61
COc1nccc(-c2ccnc(-c3ccc(-c4cnc(-c5ccc(-c6ccc(C#N)cc6)cc5)c(-c5ccc(C#N)cc5)n4)cc3)n2)n1,20.71
N#Cc1ccc(-c2cc(-c3c[nH]cn3)cc(-c3cc(C(NC(c4ccc(C#N)cc4)c4ccc(C#N)cc4)c4ccc(C#N)c(C#N)c4)ccc3C#N)c2)cc1,25.94
N#Cc1ccc(-c2ccc(-c3nc(N=CN4CCN(C=O)CC4)c(C#N)c(-c4ccc(-c5cccc(CC(=O)O)n5)cc4)n3)cn2)cn1,28.43
N#Cc1ccc(-c2ncc(-c3cc(-n4cc(C#Cc5ccncn5)cn4)cc(C#N)n3)cc2C#N)cc1,22.22
N#Cc1ccc(-c2nc(-c3nc(-c4cccc(C#N)c4C#N)cc(N4CCOCC4)n3)cc(C#N)c2C#N)cc1F,18.41
Cn1cc(-c2ccc(-c3nc(-c4cc(-c5ccc(C#N)cc5)nc(-c5ccc(C#N)cc5)c4)nc(-n4cccc4C#N)n3)cc2)nc1C=C1CCc2cc(C#N)ccc21,22.44
COc1ccc2c(c1)C(=O)c1c(oc3cc(OC)c(-c4cc(C#N)ccc4C#N)cc13)C2=O,31.81
N#Cc1ccc(-c2nc(-n3nc(C#N)cc3C#N)cc(-c3ccc(C#N)nc3)c2C#N)cc1,13.49
CC(=O)NCc1nc(-c2ccc(-c3ccc(C#N)cc3)cc2)nc(-c2ccc(-c3nc4cc(C#N)ccc4[nH]3)cc2)n1,26.15
N#Cc1ccc(-c2ccc(-c3cnc(-c4ncc(-c5cc(-c6ccc(C#N)nc6)nc(C#N)n5)cc4-c4ccc(C#N)cc4)nc3C#N)cc2)cc1,20.32
CCc1nc(-c2cc(-c3ccc(-c4ccc(F)c(C#N)c4)nc3)cc(C#N)n2)sc1-c1ccc(OC)cc1,28.68
Cc1cnc(-c2cc(-c3cnc(C#N)c(C#N)c3)cc(-n3cc(C#N)n(C(F)F)c3=O)n2)c(C#N)c1,30.33
COc1cc(N=c2nc(-c3ccc(Oc4ccc(F)c(N)c4)c(C#N)c3)cc[nH]2)ccc1-c1cnc(C)n1C,33.08
CCN1CCN(c2cc(-c3nc(CC#N)cc(-c4cc(C#N)c(-c5cc(-n6nccc6C#N)ccc5C#N)cn4)n3)ccc2C#N)CC1C,31.02
N#CC(=O)N1CCN(c2cc(-c3ccc(-c4ccc(C#N)cc4)c(C#N)c3)nc(-c3cnc(C#N)c(C#N)c3)n2)CC1,19.88
N#Cc1ccc(C=Cc2cc(-c3ncccc3C(=O)O)cc(-c3ccc(-c4nc(Cl)nc(Cl)n4)cc3)n2)cc1,26.4
Cc1c(-c2cc(C#N)c(C#N)nc2C#N)cc(-c2nc(N3CCN(c4ccc(C#N)cn4)CC3)nc(-c3cc(F)c(C#N)c(F)c3F)c2C#N)nc1-n1nccc1C#N,36.09
Cc1c(-c2ccc(C#N)cc2)nnn1-c1cncc(C#N)c1,16.84
COc1ncc(-c2cc(C#N)c(-c3cc(-n4nccc4C#N)ccc3-c3ccc(S(C)(=O)=O)cc3)nc2C#N)cc1F,29.57
N#Cc1ccc(-c2ncc(C#Cc3ccc(-c4ccc5cc(C#N)c(C#N)cc5c4)cc3)cc2C#N)cc1,23.0
N#Cc1ccc(-c2ccc(-c3nc(-c4cc(C#N)c(C#N)c(C#N)n4)nc(N4CCC(C#N)CC4)n3)cn2)nc1,14.58
CC(C)(C#N)c1ncc(-c2cccc(C#N)n2)c(-c2ccc(-c3nc(-c4ccc(C#N)cc4)c(C#N)c(-c4ccc(C#N)nc4)n3)cc2F)n1,19.49
CN(C)c1ncc(-c2ccc(OC(C#N)c3ccc(C#N)cc3)c(-c3ccc(C#N)cc3)c2)nc1C#N,26.2
COc1cc(OC)cc(Oc2nc(-c3cccc(-c4ccc(C#N)cc4)c3)nc(C#N)c2NC(C#N)c2ccc(C#N)cc2)c1,24.26
Cc1cc(-n2c(C)nnc2-c2cc(-c3ccc(Cl)cc3)nc(-c3ccc(Cl)c(Cl)c3)c2)ccc1C#N,25.08
N#Cc1ccccc1-c1ccc(-c2cc(CC(C#N)C#N)nc(-c3cnc(C#N)c(C#N)c3)n2)cn1,19.96
CC(C)Oc1ccc(Oc2nccc(-c3ccc(-c4ccc(C#N)cn4)cc3)n2)cc1,21.28
CC(C#N)n1cc(C#N)nc1-c1nc(-c2ccc(C#N)c(C#N)c2)nc(N2CC3CC2C3)n1,18.76
N#Cc1ncc(Cl)c(-c2ncc(-c3nccc(-c4cnc(Cn5cccn5)c(Cl)c4)n3)cc2C#N)n1,30.85
Cc1cccc(-c2cc(-c3ccccn3)nc(N=Cc3ccc(Oc4ccc5ccccc5c4)c(C#N)c3)c2C#N)c1F,30.22
N#Cc1cncc(-c2nc(-c3cc(C#N)c(OC(C(F)(F)F)C(F)(F)F)c(C#N)c3)nc(N3CC4CC3CO4)n2)n1,18.11
N#Cc1ccc(CCC(=O)Nc2cccc(-c3ccc(-c4nc(C#N)cc5cc(-c6ccc(C#N)c(C#N)c6)ccc45)cc3)c2)nc1,30.98
CCN=c1cc(-c2cccc(C#N)c2)cc(-c2cc(-c3cccc(C#N)c3)nc(C#N)n2)[nH]1,25.65
COc1cc(OC)c(F)c(-c2cc(C(=O)C(=O)N3CCN(C(=O)c4ccc(F)c(F)c4)CC3)cc(-c3ccnc(Cl)n3)c2)c1F,33.1
N#Cc1c2ccccc2c(-c2nc(-c3c4ccccc4c(C#N)c4ccccc34)nc(-c3c4ccccc4c(C#N)c4ccccc34)n2)c2ccccc12,9.18
N#Cc1ccc(-c2nc(N3CC4CCC(C3)O4)nc(N3CC4CN(C5COC5)CC43)n2)cc1,30.67
N#Cc1ncc(-c2ccc(-c3cc(C#N)c(-c4ccc(-c5cnc(C#N)c(C#N)c5)c(C#N)c4)nc3C(F)(F)F)cn2)cn1,18.71
N#Cc1ccc(-c2ccc3[nH]c(-c4ccc(-c5cccc(-c6nc(-c7ccc(C#N)cc7)n[nH]6)c5)cc4)nc3c2)cc1,20.44
N#Cc1ccc(-c2cc(-c3ccc(-c4nc(C#N)c(C#N)nc4C#N)cc3)nc(C#N)n2)cn1,13.48
Cc1cnc(-c2cc(-c3ccc(-c4ccc(N)c(C#N)n4)c(F)c3)ccc2C#N)nc1C#N,20.68
N#Cc1ccc(F)c(-c2nc3cc(-c4cc(NC(=O)C5(C#N)CC5)c(C#N)cc4F)nc(-c4cc(C#N)c(C#N)c(C#N)c4)n3n2)c1,36.69
COC(C)Oc1cnc(-c2nc(-c3ccc(-c4ccc(C#N)cn4)nc3)n(CC3CCC(C(=O)O)CC3)n2)cc1C#N,28.3
CCc1cc(-c2cnc(C#N)c(Cl)c2)nc(-c2cnc(N(CC3CNC3)c3ccc(C#N)nc3)c(C#N)c2)n1,34.98
COc1cccnc1-c1nc(C(=O)NC(c2ccc(C#N)cc2)c2ccc(C#N)c(-c3ncc(C(F)(F)F)cc3F)c2)ccc1F,36.42
CC(C)(C#N)N1CCN(C2CCC(n3c(C#N)cc4c(-c5cccc(-c6ccc(C#Cc7ncccn7)nc6)c5)nc(C#N)nc43)CC2)CC1,37.15
N#Cc1cccc(-c2nc(-c3ccc(-c4cnc(-c5ccc(C#N)c(F)c5)c(C#N)c4)cc3)cc(-c3cc(C#N)nc(C(F)(F)F)c3)n2)n1,33.7
Cc1cc(C)nc(Sc2c(C#N)[nH]n(-c3ccc(C#N)c(C#N)c3)c2=N)n1,20.83
N#Cc1ccc(-c2cc(N3CCCNCC3)nc(-n3cnc4ccc(-c5cnc(C#N)nc5)cc43)n2)cc1,25.39
COc1ccc(-n2nnnc2-c2cc(-c3ccc(C#N)cc3)nc(-c3ccco3)c2)cc1F,30.95
N#Cc1ccc(-c2nc(C#N)c(C#N)nc2-c2ccc(-c3nc(-c4ccc(C#N)nc4)cc(-c4cnc(C#N)c(C#N)n4)n3)cc2)cc1,15.4
N#Cc1ccc(-c2cc(-c3cnc(-c4cnc(C#N)c(C#N)c4)c(C#N)c3)nc(-c3cc(-c4cccnc4)cc(C#N)n3)c2)cc1,20.78
Cc1cccc(NCn2nc(-c3ccccn3)oc2=S)c1,21.94
N#Cc1ccc(-c2cnc(-c3cc4c(cn3)ncn4-c3ccc(-n4nc(C(F)(F)F)cc4C#N)c(F)c3C#N)cc2C#N)nc1,29.64
N#Cc1cccc(-c2nc(-c3cnc(C#N)c(C#N)c3)nc(-c3cc(Cn4nccc4C#N)ccc3C#N)n2)n1,15.26
N#Cc1nc(-c2ccc(-c3cc(-c4cnn(C5CCNCC5)c4)ccn3)cc2)cnc1N,28.37
COc1ccc(C#N)cc1OCC(C)(C#N)Nc1cc(-c2ccc(C#N)cn2)nc(-c2cc(C#N)c(C#N)c(Cl)n2)n1,22.33
Cc1ccc(-n2[nH]c(-c3ccc(-c4cnc(C#N)c(C#N)c4)cc3)nc2=NC(=O)c2ccc(=O)[nH]n2)cc1,30.59
N#Cc1ccc(-c2ccc(Cn3nc(-c4ccc(-c5ccc(C#N)cn5)nc4)c(C#N)c3-c3nnc(N4CC(O)C(O)C4)c(C#N)n3)cc2C#N)cc1,28.66
Clc1ccc(-c2cc[n+](-c3nc(-[n+]4ccc(-c5ccncc5)cc4)nc(-[n+]4ccc(-c5ccncc5)cc4)n3)cc2)cc1Cl,14.64
N#Cc1ccc(-c2ccc(-c3ccc(-c4cn(-c5ccc(C#N)cc5C#N)nn4)cc3)cc2C#N)cc1,18.6
N#Cc1ccc(-c2cccc(-c3n[nH]c(-c4nc(-c5ccc(-c6ccc(C#N)c(C#N)c6)cc5)nc(-c5ccc(C#N)cc5)c4C#N)n3)n2)cc1,19.35
N#Cc1ccc(-c2ccc(-c3cc(-c4ccc(-c5ccc(N)c(C#N)n5)c(C#N)c4)nc(-c4ccc(-c5ccc(C#N)c(C#N)c5)nc4)n3)cn2)nc1,23.45
N#Cc1ccc(-c2cc(-c3cc(-c4ccccn4)cc(C#N)n3)cc(-c3ccc(-c4ccc(C#N)cc4)c(C#N)c3)n2)cc1,19.54
N#Cc1ccc(C#Cc2cc(C#N)c(C#N)cc2-c2nc(-c3ccc(Cl)cc3)c(-c3ccc(Cl)cc3)n2-c2cc(C#N)c(F)cc2F)cc1,31.65
Nc1cc(Nc2ccc3c(c2)C(=O)c2ccc(C(=O)O)cc2C3=O)nc(Nc2ccc3c(c2)C(=O)c2ccc(-c4cc(F)cc(F)c4)cc2C3=O)n1,24.0
CC(C)Oc1ncc(-c2nc(-c3ccc(-c4ccc(C#N)cc4)c(C#N)c3)nn2C)cc1C#N,14.17
C=C(c1ccc(OCc2cnc3ccc(-c4ccc(C#N)cc4)cc3n2)cc1)n1ccnc1,30.92
N#Cc1cc(-c2nc(-c3ccc(F)c(C(F)F)n3)nc(N3CC4(CCOC4)C3)n2)cnc1C#N,25.63
N#Cc1ccc(-c2ncc(-c3ccc(-c4ccc(-c5ccc(-c6ccc(N)c(C#N)n6)cc5)nc4C#N)cc3)cc2C#N)cc1,20.32
N#Cc1cc(F)c(C(=O)c2ccc(C#N)n2-c2ccc(Nc3ccc(C#N)c(Br)c3)c(C#N)c2F)c(F)c1,34.1
COCCNC(=O)c1ccc(-c2nc(-c3ccc(-c4cc(C#N)c(C#N)cn4)nc3)nc(-c3cc(C#N)c(C#N)c(C#N)c3)n2)cc1,23.56
Cc1nc(-c2ccc(-c3ccc(C#N)cc3)cc2)nc(-c2ccc3ncnn3c2)c1C#Cc1ccc(=N)[nH]c1,32.4
N#Cc1cc(-c2ccc(-c3ncn(CCCOC4CCCC4C#N)n3)cc2C#N)ccc1F,23.21
N#Cc1ccc(-c2nc(-c3cnc(N4CCC(F)(F)C4)c(C#N)c3)nc(N3CC4CC3C4)n2)cc1F,20.06
C=C(C)Cn1c(C#N)ccc1-c1ccc(-c2nc(CN=c3[nH]cncc3-c3ccncc3)cc(-c3ccc(C#N)cc3)n2)cc1,34.13
N#Cc1ccc(-c2cc(C(=O)NCCS(=O)(=O)N=c3[nH]cc(-c4ccc(C#N)cc4)s3)cc(-c3ccc(C#N)cc3)n2)cc1,29.21
N#Cc1nc(-c2ccc(-c3nc(C#N)no3)c(C#N)c2)cc(-c2c(F)ccc(F)c2F)n1,18.79
N#Cc1nccc(-c2ccc(-c3cnc(-c4noc(C#N)n4)c(C#N)c3)cc2)n1,17.44
N#Cc1ccc(-c2nnc(-c3ccc(-n4c(C#N)ccc4C#N)cc3C#N)s2)cc1,12.63
N#CC#CC(=O)N1CCCC(n2nc(-c3cc(C#N)cc(-c4cccc(C#N)c4)c3)nc2-c2cc(C#N)c(C#N)c(C#N)n2)C1,23.46
Cc1oc(C#N)cc1-c1cc(=Nc2ccc(C#N)c(C#N)n2)[nH]c(N2CCOCC2C)n1,25.19
CC(C#N)Oc1ncc(-c2nc(-c3cnc(C#N)c(C#N)c3)n(C(C)C)n2)cc1C#N,16.59
N#Cc1ccc(-c2ncc(-c3ccc(-c4cnc(=N)[nH]c4)cc3)cc2C#N)cc1C#N,13.04
N#Cc1ccc(-c2ccc(-c3nc(-c4ccc(C#N)cc4)c(C#N)n3-c3cc(-c4ccc(C#N)cc4)nc(-c4ccc(C#N)nc4)c3)cc2)cc1,21.18
CC1CN(c2ncc3c(C#N)nc(-c4ccc(-c5ccc(C#N)cc5)o4)nc3n2)C(C)CO1,27.27
N#Cc1cc(-c2cc(C#N)c(C3CC3)c(-c3nc(C#N)nc(C#N)n3)c2)cc(-c2nc(-c3ccc(C(F)(F)F)c(C#N)c3)nc(N3CC4CC3C4)n2)n1,27.72
CC(=O)N1CCCN(c2nc(-c3cnc(C#N)c(C#N)c3)nc(-c3c(C#N)cc(F)c(-c4nnc(C#N)c(C#N)n4)c3F)n2)CC1,24.36
N#Cc1ccc(-c2ccc(-c3cc(-c4nc(-c5ccc(-c6ccc(C#N)cc6)cc5)nc(N=CN5CCN(C=O)CC5)c4C#N)cc(-c4ccc(-c5ccc(C#N)cc5)cc4)n3)cc2)cc1,17.47
CS(=O)(=O)CCCN(CCS(C)(=O)=O)c1nc(-c2cc(C#N)cc(-n3nccc3C#N)c2)nc(-c2cnc(C#N)c(C#N)c2)n1,25.54
N#Cc1ccc(-c2ncc(-c3ccc([N+](=O)[O-])cc3C#N)cc2-c2ccc(-c3nc(C#N)c(C#N)nc3-c3cccc(C#N)c3)cc2)cc1,27.39
N#Cc1ccc(-c2cccc(-c3cc(-c4cnc(C#N)c(C#N)c4)nc(-c4ccc(-c5ccc(C#N)c(F)c5)cc4)c3C#N)c2)cc1,15.15
N#Cc1ccc(-c2cc(-c3cnc(C#N)c(C#N)c3)cc3c(C#N)cn(C4CCC4)c23)cn1,24.31
Cc1nc(C)c(-c2ccc(N=c3[nH]cc(-c4ccc(C#N)cc4)c(=O)n3-c3ccc(C#N)cn3)cc2)o1,26.32
CCCCc1cc(-c2ccc(C#N)cc2C#N)nc(-c2cc(C#N)c(C#N)[nH]2)n1,13.97
CC(C)Oc1ncc(-c2nc(-c3cc(Cl)cc(C#N)n3)nc(N3CC4CC3C4)n2)cc1C#N,15.09
N#Cc1cccc(-c2ccc(-c3nc(-c4cccc(C#N)n4)nc(-c4cc(-c5ccc(F)cc5Cl)c(C#N)c(=N)[nH]4)n3)cc2C#N)c1,25.64
N#Cc1ccc(-c2ccc(-c3nc(C#N)cc(C#CC#Cc4cnc(-c5cc(-c6ccc(-c7ccc(C#N)cn7)nc6)nc(-c6ccc(-c7ccc(C#N)cc7)c(C#N)c6)c5)c(F)c4)n3)cc2)cc1,29.31
Cc1ccc(-c2nc(-c3cc(C4CC4)cc(C#N)n3)nc(N3CC(C#N)C(C)(O)C3)n2)cc1C#N,24.72
N#Cc1ccc(-c2ccc(-c3nc(C#N)nc(-c4nc(C#N)nc(N)c4C#N)n3)c(F)c2C#N)cc1,21.62
N#Cc1nc(-c2ccc(-c3cccc(-c4ccncc4F)c3)cc2C#N)cc(C(F)(F)F)n1,25.65
N#Cc1ccc(-c2ccc(-c3nnc(Cl)nc3-c3ccc(-c4ccc(-c5nc(Cl)nc(Cl)n5)cc4)o3)cc2)cc1C#N,19.45
N#Cc1ccc(-c2ccc(-n3nnc(-c4cccc(-n5cnc(-c6ccc(C#N)c(C#N)c6)n5)c4)n3)cc2C#N)cc1Cl,22.58
N#CCc1nc(-c2cncc(C#N)n2)c(-c2ccc(C#N)c(C#N)c2)[nH]1,17.44
N#Cc1ccc(-c2ccc(C#Cc3csc(C#N)n3)cn2)cn1,15.07
COc1ccc(-c2ncc(-c3cc(-c4nc(C)cc(C#N)n4)ccc3F)cc2C#N)cc1C#N,23.59
CC(C)Oc1ncc(-c2csc(-c3nc(C#N)cc(COc4ccc(-c5cc(C#N)nc(C#N)c5)c(F)c4)n3)n2)cc1C#N,29.77
CC(=NNC(=S)Nc1cc(C#N)cc(C#N)c1)c1ccccc1O,20.62
CCOc1nc(-c2ccc(C#N)cc2)nc(-c2ccc(C#N)cc2)c1C=Nc1c(C)n(C)n(-c2ccccc2)c1=O,17.31
N#Cc1cc(-c2nc(-c3ccccc3F)nc(C3CC(O)C(SCCN)CO3)n2)cnc1C#N,28.49
N#Cc1ccc(-c2cc(-c3ccc(-c4cccc(C#N)n4)nc3)nc(-c3nc(C#N)oc3C3OC(CO)C(O)C(O)C3O)c2)c(F)c1,36.97
Cn1c(-c2ccc(-c3ccnc(-c4ccc(C#N)cc4)n3)cc2F)c(C#N)c(=O)n1-c1ccccc1,24.59
N#CC=Cc1ccc(-c2cc(-c3ccc(C#N)cc3)nc(-c3ccc(-c4ccc(C#N)c(F)c4)cc3)n2)o1,17.77
C=C1C=CN(c2cccc(-c3nc(-c4ccc(-c5ccc(C#N)cn5)nc4)nc(-c4cccc(C#N)n4)n3)c2)C(O)=C1C#N,25.44
N#Cc1cc(C#N)cc(N=c2nc(-n3cccc3C#N)cc[nH]2)c1,12.7
N#Cc1ccc(-c2nc(-c3c(F)c(F)c(C#N)c(F)c3F)nc(-c3[nH]c(C#N)cc3O)c2C#N)cc1,17.86
N#CCc1ncc(-c2nc(-c3ccc(C#N)nc3)cc(-c3cccc(C#N)n3)n2)cc1C#N,13.77
N#Cc1cc(N=c2nc(C#N)cc(-c3nc(C#N)nc(-n4nccc4C#N)c3CO)cc2C#N)ccn1,19.71
Cc1ccc(-c2nc(-c3nc(C#N)ccc3C#N)nc(N3CC4CC3CO4)n2)cc1C#N,10.1
CS(=O)(=O)c1ccc(-c2cc(C#N)nc(-c3ccc(-c4ccc(C#N)cc4)cc3)n2)cc1,22.68
N#Cc1cccc(-c2nc(-c3cnc(C(F)(F)F)c(C#N)c3)nc(N3CCN(C4CC4)CC3)n2)n1,14.5
Cc1nc(SCc2ccc(C#N)c(C#N)c2)nc(-c2ccc(-c3ccc(C#N)cc3)cc2)c1C#N,21.04
N#Cc1ccc(-c2ccc(-c3cc(-c4c[nH]c(=Nc5cccc(C#N)c5)c5cc(-c6cnc(C#N)c(C#N)c6)nn45)nc(-c4ccc(C#N)cc4)n3)cc2)cc1,29.31
COc1nc(-c2nc(-c3ccc(C#N)cc3)cc(N3CC4CC3CN4C)n2)cc(C#N)c1C#N,16.94
N#Cc1ccc(-c2cc(-c3cccc(-c4nc(Cl)nc(Cl)n4)c3F)nc(C#N)n2)cc1,19.85
N#Cc1cc(-c2cccc(-c3cc(C#N)c(C#N)c(C#N)n3)n2)cnc1-c1nnco1,13.89
N#Cc1ccc(-c2ccc(-c3cc(C#N)nn3-c3ccc(-c4ccc(F)c(C#N)c4)cc3C#N)cn2)cn1,13.01
CC(NC(=O)c1ccc(C#N)c(-c2ccc(C#N)cc2)c1)c1c(C#N)nc(-c2cc(-c3ccc(C#N)cc3)nc(-c3ccc(C#N)cc3)n2)nc1-c1ccc(-c2ccc(C#N)cc2)cc1,34.56
COc1cc(C#N)ccc1-c1c(C(=O)C(C)C)c(O)c(O)n1-c1ccc(-c2ccoc2)cc1,17.94
CCOc1ccccc1N=Cc1c(C(F)(F)F)nn(-c2ccc(C#N)c(C)c2)c1C(=O)OC,31.86
N#Cc1cc(-c2nc(-c3c[nH]c(=N)c(C#N)c3)n(CCN3CCC3)n2)cc(Cl)c1-c1ccc(F)c(F)c1,18.66
COc1cc(C=CC(=O)NCCCN=c2cc(C)nc(-c3cnc(-c4ccc(-c5ccc(C#N)c(C#N)c5)c(C#N)c4)c(C#N)c3)[nH]2)ccc1O,41.19
COc1cc(-c2ccc(-c3ccc(C#N)cc3)cc2)cc(-c2ccc(C#N)cc2)c1C#N,15.29
N#Cc1ccc(-c2nc(-c3cc(-c4cccc(C#N)n4)c(-c4ccc(C#N)cc4)nn3)cc(-c3ccc(C#N)s3)n2)cc1,20.95
N#Cc1ccc(-c2ccc(-c3cc(-c4cccc(-c5ccc(C#N)cc5)c4)cc(-c4cccc(C#N)n4)n3)cc2)cc1,13.76
N#Cc1ccc(-c2ccc(-c3nc(SCc4cccc(Cl)c4)[nH]c(=O)n3)cc2)cc1,26.4
N#Cc1cccc(-c2ccc(C#N)c(-c3nc(-c4cnc(C#N)c(C#N)c4)nc(N4CC5CC4C5)n3)c2)n1,14.89
N#Cc1cnc(-c2cc(-c3cc(C4CC4)nc(C#N)n3)c(F)c(-c3ccc(F)cc3C#N)c2)cn1,18.42
CCc1nc(-c2ccc(C#N)c(NC(C)=O)c2)cc2cncc(-c3ccnc(-c4ccc(C#N)c(C#N)c4)n3)c12,27.36
N#Cc1ccc(-c2ncc(-c3nc(C#N)ccc3-c3ccc(-c4ccc(C#N)nc4)cc3)cc2C#N)cc1,14.99
CCc1nc(-c2ccnc(-c3ccc(C#N)c(C#N)c3)n2)c(C#N)cc1-c1ccc(-c2ccccc2C#N)cc1,17.88
N#Cc1ccc(-c2ncc(-c3ccc(-c4cc(C#N)cc(-n5nc(C(=O)O)cc5C#N)c4)cc3F)cc2C#N)cc1,16.77
CN(C)CC(=O)N1CC(C)(C)c2c1cc(Nc1cccc(C#N)n1)nc2C=Cc1cccc(C#N)n1,29.19
CC(C)(O)C#Cc1ncc(-c2nc(-c3ccc(F)c(C#N)c3)cc(N3CC4CC4C3)n2)cc1C#N,18.9
N#Cc1cccc(-c2cc(-c3ccc(C#N)c(F)c3)cc(-c3cccc(C#N)n3)n2)n1,15.29
N#Cc1ccnc(-c2nc(-c3cc(C#N)c(C#N)c(C#N)n3)ccc2C#N)n1,9.56
CC(C)(C#N)c1cncc(-c2cc(-c3nc(-c4ccc(C#N)cc4)nc(-c4ccc(-c5ccc(C#N)cn5)cc4)c3C#N)nc(-c3ccc(-c4ccnc(Cl)n4)cc3)n2)c1,22.45
N#Cc1ccc(-c2cc(F)cc(-c3nc(Cl)nc(Cl)n3)c2)c(NC(=O)c2nc(-c3ccc(Cl)cc3)oc2C(F)(F)F)c1,34.06
N#Cc1ccc(-c2cc(-c3ccnc(-c4ccc(C#N)cc4)c3)nc(-c3ccccn3)c2)cc1,10.03
N#Cc1ccc(-c2ccc(-c3nc(-c4cc(C#N)c(C#N)c(C#N)c4)nc(-c4cc(-c5ccc(F)c(C#N)c5F)cc(-c5ccc(C#N)cc5)n4)n3)cn2)cc1,21.09
N#Cc1cccc(-c2ccc3c(c2)C2(COC(=N)N2)c2cc(-c4cccnc4)ncc2O3)c1,19.16
N#Cc1ccc(-c2ccc(-c3nc(-c4ccc(Cn5cncn5)cc4)cnc3-c3ccc(-c4cccc(C#N)n4)cc3)cc2)cc1,21.9
Cn1nc(-c2nccc(C#N)n2)nc1-c1cnc(OC(c2cccc(Cl)c2)c2ccc(C(C#N)NCC#N)c(C#N)c2)c(C#N)c1,39.58
N#Cc1ccc(-c2ccc(-c3nc(-c4ccc(-c5nc(Cl)nc(Cl)n5)cc4)cc(O)c3C#N)cc2)cc1,14.46
N#Cc1cc(-c2cc(-c3cncc(C(F)(F)F)c3)nc(N3CC4CCC(C3)O4)n2)cnc1C#N,20.76
N#Cc1cccc(-c2ncc(C#N)c(-c3csc(-n4nccc4C#N)c3)n2)n1,17.63
CN(C)c1ccnc(-c2cc(-c3cnc(C#N)c(C#N)c3)nc(N3CCC(F)C3)n2)n1,20.89
N#Cc1ccc(-c2cc(-c3cncc(C#N)n3)nc(-c3ccc(C#N)cc3)n2)cc1,13.08
CC1COCCN1c1cc(-c2cccc(C#N)n2)nc(-c2cc(C#N)c(C#N)c(N)n2)n1,16.34
N#Cc1ccc(C=Cc2nc(C#N)cn2-c2nc(C#N)ccc2C#N)cc1,20.55
CNC(=O)c1ccc(NC(=O)c2cc(-c3cc(-c4ccc(C#N)cc4C(F)(F)F)c[nH]c3=N)nc(C#N)n2)cc1,27.21
N#Cc1ccc(-c2ccc(-c3cc(-c4ccc(C#N)cc4)cc(-c4ccc(-c5cc(-c6ccc(C#N)cc6)nc(Cl)n5)nc4)n3)nc2)cc1,16.62
N#Cc1ccc(-c2cc(-c3cccc(-c4noc(-c5ccc(C#N)cc5)n4)c3)nc(-c3ccc(NCc4ccccc4)c(C#N)n3)c2)cc1,15.81
Cn1c(-c2ccc(C#N)cn2)nc2cc(-c3cnc(-c4cnc(-c5ccc(C#N)cc5)o4)c(C#N)c3)ccc21,22.5
N#Cc1ccc(-c2nccc(-c3ccc(-c4cc(-c5ccccn5)nc(-c5ccc(C#N)cc5)n4)cc3)n2)cc1,13.66
N#Cc1cc(-c2ccc(-n3c(C#N)ccc3C#N)cc2)cnc1-c1cc(F)cc(Cl)c1F,15.28
N#Cc1ccc(-c2cc(C#N)nc(-n3cc(-c4cnc(C#N)c(C#N)n4)c(-c4cccc(C#N)n4)n3)c2)cc1,15.92
N#Cc1ccc(-c2nc(-c3cc(C#N)c(C#N)c(F)n3)nc(N3CCC(c4nc(-c5ccc(C#N)c(C#N)c5)ns4)CC3)n2)cc1,20.55
Cc1ncc(C#N)n1-c1ccc(-c2cnc(-c3nc(C#N)nc(OC4CCNCC4)c3C#N)c(C#N)c2)c(F)c1,20.1
Cn1c(C#N)cnc1-c1ccc(-c2ncc(-c3nccc(C#N)n3)cc2C#N)cn1,17.16
N#Cc1cc(-c2nc(-c3cc(-c4ccccn4)cc(-c4ncco4)c3)no2)cc(C#N)c1N,31.15
N#CC(C#N)=c1ccc(=C(C#N)c2nc(C#N)c(-c3ccc(F)cc3)c(C(C#N)=c3ccc(=C(C#N)C#N)cc3)n2)cc1,13.78
Cc1cc(C#N)n2nc(-c3ccc(-c4ccc(C#N)cc4)cc3)nc2n1,20.3
N#Cc1ccc(-c2ncc(-c3ccc(-n4nc(C(F)(F)F)cc4C#N)c(F)c3)cc2C#N)cc1,10.76
N#Cc1cccc(-c2ccc(-n3nnc(C#N)c3-c3ccc(C#N)nc3-c3ccc(C#N)c(C(F)(F)F)c3)cc2)n1,20.9
CS(=O)(=O)Cc1ncc(-c2nc(-c3cnc(C#N)c(C#N)c3)nc(-c3cnc(C#N)c(C#N)c3)n2)cn1,24.77
N#CC(C#N)=c1ccc(=Cc2nc(-c3ccc(-c4ccc(C#N)cn4)nc3)cs2)nc1,18.41
N#Cc1cccc(-c2cc(-c3cc(-c4cncc(F)c4F)nc(C#N)n3)nc(-c3cccc(C#N)n3)n2)n1,20.12
CCc1nc(-c2cnc(-c3nc(C#N)c(C#N)nc3-c3ccc(C#N)cc3)c(C#N)c2)nnc1-c1c[nH]c(=N)c(C#N)n1,17.14
N#Cc1cccc(-c2cc(-c3nc(C#N)nc(C#N)n3)ccc2-c2cc(-c3ccc(F)c(F)c3C#N)cc(C#N)n2)n1,25.65
Cn1nc(-c2nc(-c3ccc(C#N)cc3)nc(-c3ccc(C#N)nc3)c2F)c2cnc(-c3ccc(C#N)nc3)cc21,23.1
N#Cc1cccc(-c2nc(-c3cc(C#N)c(C#N)c(C#N)n3)nc(N3CCC(C#N)CC3)n2)n1,13.21
Cc1cc(-c2csc(=NC(=O)c3nn(-c4cc(C#N)ccc4Cl)nc3C(F)(F)F)[nH]2)nc(-c2ccc(-c3cccc(C#N)n3)cc2)n1,29.63
Cc1cc(-c2cc(C#N)cc(C(=O)Nc3cc(C#N)c4nc(-c5ccc(C#N)cc5)oc4c3)c2)ccc1C(=O)NCCC#N,37.47
C#CCNc1ncc(-c2nc(-c3cncc(C#N)c3)cc(N3CCC(O)C3)n2)cc1C#N,27.69
N#Cc1ccc(-c2cc(-c3cc(C#N)nc(-c4cc(F)ccc4C#N)c3)cc(-c3ccc(C#N)cc3)n2)cc1,20.14
N#Cc1ccc(-c2ccc(-c3nc(C#N)c(C#N)nc3-c3ccc(-c4nc(C#N)cc(-c5cccc(C#N)n5)n4)cc3)cc2C#N)cc1,22.68
CCCn1c(C#N)ccc1-c1ccc(-c2cc(=NC(=O)Nc3ccc(F)cc3F)n(-c3cnc(-c4ccc(C#N)nc4)nc3)[nH]2)cc1,34.99
N#Cc1ccc(-c2cncc(-c3nc(-c4cc(C#N)c(C#N)c(C#N)n4)nc(C4CCC(O)(C(F)F)CO4)n3)c2)cc1,23.69
CNc1sc(-c2ccc(-c3cc(C#N)nc(-c4cc(OC)c(NC#N)cn4)c3)cc2)nc1C#N,25.72
Cn1c(C#N)ccc1-c1ccc(C#N)c(-c2cccc(-c3ccc(-c4ccc(C#N)cc4)c(C#N)c3)n2)c1,19.98
N#Cc1ccc(-c2nc(-c3cnc(C#N)c(C#N)c3)n[nH]2)cc1F,20.76
N#Cc1ccc(-c2ccc(-c3nc4n(c(=O)c3C#N)-c3cnc(-c5ccc(C#N)cc5)cc3CC4)cc2)cc1,25.83
N#Cc1ccc(-c2cc(-c3ncc(-c4ccc(-c5ccc(C#N)cc5)o4)cn3)nc(-c3nc(-c4ccc(C#N)cc4)nc(-c4ccc(C#N)cc4)c3C#N)c2)cc1,17.2
N#Cc1ccc(-c2nc(-c3ccc(-c4nc(C#N)c(C#N)nc4-c4ccc(C#N)cc4)cc3)nc(-c3cc(-c4ccc(C#N)cn4)cnc3Cl)n2)cc1,21.06
Cc1cc(C#N)n(-c2cc(-c3nc(C#N)c(C#N)nc3C)nc(-c3ccc(C#N)cc3)n2)n1,13.37
N#Cc1ccc(-c2ccc(-c3nc4c(C#N)cccn4c3NC3CCCC3)cc2)cc1,20.3
CC(C)Oc1ccc(-c2nc(-c3ccc(-c4ccc(C#N)cn4)cc3)nc(C3CCC3)n2)cc1C#N,11.39
N#Cc1ccc(-c2ccc(-c3cc(F)cc(OCc4nc(-c5ccc(C#N)nc5)ncc4C#N)c3C#N)cn2)cc1,29.23
N#Cc1ccc(-c2ccc(-c3cc(-c4ccc(-c5ccc(C#N)nc5)nc4)c(-c4cccc(C#N)n4)cn3)cc2)cc1,18.22
N#CCn1ncc(-c2ccc(-c3nc(C#N)c(C#N)nc3-c3ccc(C#N)cc3)cc2)c1-c1ccc(Cl)cc1,15.7
CC(C)N=c1[nH]c(-c2cc(C#N)cc(-c3ccc(-c4ncc(N)c(C#N)n4)c(C#N)c3)c2)cc2nc[nH]c(=N)c12,25.36
CN(C)C=Nc1c(N)nc(-c2cccc(-c3ccc(C#N)cc3)c2)nc1C#N,19.69
N#Cc1ccc(C(=O)Nc2ccc(-c3ccc(-c4nc(-c5ccc(C#N)cc5)nc(-c5ccc(C#N)cc5)c4C#N)cn3)cc2C#N)cc1,17.89
N#Cc1cc(-c2ccn(-c3cc(Oc4cccc5nc(C#N)c(C#N)nc45)nc(SCCN4CCCC4)n3)n2)ccc1-c1cnco1,44.25
N#Cc1ccc(-c2ccc(-c3nc(-c4ccc(C#N)cc4)cc(-c4cc(-c5ccc(-c6ccc(C#N)cn6)cn5)nc(C#N)n4)n3)cc2)cc1,18.44
N#Cc1cccc(-c2nc(-c3ccc(-c4ccc(C#N)c(C#N)c4)cc3)cc(-c3cc(C#N)c(N4CCCC(C#N)C4)nn3)n2)n1,22.36
N#Cc1ccc(-c2ccc(-c3nc(-c4ccc(C#N)cc4)n(CC(=O)O)c3-c3ccc(C#N)cc3)cc2)cc1,12.83
N#Cc1ccc(-c2nc(-c3ccc(-c4ccc(C#N)c(C#N)c4)nc3)nc(-c3ccc(-n4nccc4C#N)c(F)c3)n2)cc1,12.47
CC(C)Oc1ncc(-c2noc(-c3cc(C#N)cc(-c4ncc(-c5cnc(C#N)c(C#N)c5)n4C)c3)n2)cc1C#N,25.1
N#Cc1cncc(-c2ncc(-c3cccc(-c4cnnc(-c5ccc(F)c(C#N)c5)n4)c3)cc2C#N)n1,19.42
Cc1c(-c2cnc(OC3CC3)c(C#N)c2)nc(C(F)(F)F)n1-c1cc(-c2ccc(-c3cccc(C#N)n3)cc2)cc(-c2ccnc(Cl)n2)n1,25.24
CC(C)(C)c1nc(=Nc2ccc(C#N)cc2)nc(-c2cnc(-c3ccc(F)c(C#N)c3)c(C#N)c2)[nH]1,25.97
N#Cc1ccc(-c2ncc(-c3ccc(-c4cn[nH]c4-c4ccc(C#N)c(C#N)c4)[nH]3)nc2C#N)cc1C#N,19.03
Cc1ccc(-c2cc[nH]c(=NC3CCC(NCCO)CC3)n2)cc1NC(=O)c1cc(C#N)cc(C#N)c1,35.14
CC(C)Oc1ncc(-c2nc(-c3ccc(C#N)c(-c4cnc(C#N)nc4)n3)cn2C)cc1C#N,12.57
Cc1cc(=O)c(C(NC(=O)C(C)C)c2ccc(-c3ccc(C#N)cc3)c(F)c2)c(O)n1-c1ccc(C#N)cc1,33.45
CN1CCN(c2ccc(NC(=O)c3cc(-c4cccc(NC(=O)Nc5ccc(Br)cc5)c4)cnc3-c3ccc(C#N)c(C#N)c3)cn2)CC1,33.65
Cc1nc(C#N)cn1-c1cc(-c2nccc(C#N)n2)cc(-c2ccc(-c3ccc(O)c(C#N)n3)s2)c1,26.51
N#Cc1ccc(-c2cc(-c3c(F)c(F)c(C#N)c(F)c3F)c(F)c(-c3cnc(-c4cccs4)nc3-c3ccc(-c4cccc(C#N)n4)cc3)n2)nc1,29.12
CNc1c(-c2cccc(C#N)n2)nc(-c2cc(C#N)c(C#N)c(C#N)n2)nc1N1CC(F)C1,17.46
CC(C)COc1cnc(-c2[nH]c(-c3ccc(-c4ccc(C#N)cc4)nc3)nc2C#N)cc1C#N,26.43
Oc1cc(NCc2ccc(-c3nn[nH]n3)cc2)c(O)n1Cc1ccc(C#CCC2CCCC2)cc1,36.79
Cn1cc(-c2ncc(-c3nc(C#N)nc(-c4ccc(C#N)cn4)c3F)cc2C#N)cn1,12.19
N#Cc1ccc(-c2nc(C=Cc3nc(=N)o[nH]3)c(O)c3cc(-c4ccnc(C#N)c4)ccc23)cc1,41.58
Cc1nc(C#N)c(C#N)nc1-c1cc(-c2cnc(C(O)c3cc(F)cc(C#N)c3)c(C#N)c2)nc(C#N)n1,19.61
N#CCC1COC(=O)N1c1cc(-c2cc(C#N)nc(C#N)n2)nc(-c2cnc(C#N)c(C#N)c2)n1,14.11
N#Cc1ccc(-c2ncc(-c3nc(-c4cccc(C#N)n4)cs3)cc2C#N)cc1,11.5
N#Cc1ccc(-c2cccc(-c3cc(-c4cc(C#N)c(C(C#N)(C#N)C#N)[nH]4)nc(-c4ccc(CNC5CCOCC5)c(C#N)c4)n3)c2)cc1,28.57
N#Cc1ccc(-c2ccc(-c3nc(-c4cccc(C#N)n4)nc(C#Cc4ccncc4)c3C#N)cc2)nc1,19.74
N#Cc1ccc(-c2ncc(-c3cc(-c4ccc(C#N)nc4)nc(C#N)n3)cc2C#N)cc1,10.2
C=CCN1CCN(c2nc(-c3ccc(C#N)c(F)c3)nc3cc(-c4ccc(C#N)cc4)sc23)CC1,28.58
CCCCCc1cc(-c2cn(C)c(-c3cnc(OC(C)C)c(C#N)c3)n2)nc(-c2cnc(C#N)c(C#N)c2)n1,15.24
CC(C)C(N)Cn1c(-c2ccc(C#N)cc2)nc(-c2ccc(-c3ccc(C#N)cc3)cc2)c1-c1cccc(C#N)c1,13.64
N#Cc1cc(S(=O)(=O)N=c2[nH]ccs2)ccc1Oc1cccc(C#Cc2cnco2)c1,31.66
Cc1ccc(-c2ncc(-c3nc(C#CC#N)cc4cc(C#Cc5cccc(F)c5)nn34)cc2C#N)cn1,30.21
Cn1cc(C#N)nc1-c1ccc(-c2cnc(-c3cnc(C#N)c(C#N)n3)c(-c3ccc(C#N)cc3)c2)nc1,19.39
N#Cc1ccc(C#N)c(-c2nc(-c3cnc(C(F)(F)F)c(C#N)c3)nc(N3CC4CCC(C3)O4)n2)n1,11.54
Cn1nc(-c2cnc(-c3ccncc3)c(-c3ccc(C#N)cc3)c2)nc1-c1ccc(-c2cccc(C#N)c2)cc1,16.16
CCOc1ccc(-c2nnc(-c3ccc(C#N)cc3)nc2-c2cc(-c3ccccn3)nc(C#N)n2)cc1CC(C)O,36.29
NC1=NC(c2ccccc2)(c2ccccc2)C(=O)N1Cc1ccncc1,23.53
N#Cc1cc(Nc2ccc(-c3cnc(-c4ccc(-c5ccc(N)c(C#N)n5)nc4)o3)c(C#N)c2)ccn1,23.62
CC1CC(OCC2CC2)CCN1c1nc(-c2cnc(C#N)c(C#N)c2)nc(-c2cc(F)c(C#N)c(F)c2F)n1,15.97
N#Cc1cc(-c2cnc(-c3nc(C#N)c(N)nc3C#N)c(F)c2)cc(-n2nc(C(F)F)cc2C#N)c1,16.09
N#Cc1ccnc(-c2cc(-c3cc(F)c(C#N)c(-c4ccc(C#N)c(C#N)c4)c3)cc(-n3cnc(C4CC4)c3)n2)n1,25.06
N#Cc1cccc(-c2ccc(-c3nc(-c4cncc(C#N)n4)cc(-c4cnc(C#N)o4)n3)nc2C#N)c1,23.87
N#Cc1ccc(-c2ncc(-c3cc(Cl)nc(-n4nc(C(F)(F)F)cc4C#N)c3)cc2C#N)c(F)c1,13.89
CC(C)(ON1CC(C#N)C1)c1ccc(-c2ccc(-c3nc(-c4ccc(C#N)cc4)nc(-c4ccc(C#N)c(C(F)(F)F)c4)n3)nc2)cn1,33.72
N#Cc1ccc(-c2ccc(-c3cc(=Nc4ccc(C#N)cn4)[nH]c(CS)n3)cc2)cc1,22.28
N#Cc1ccc(-c2ccc(-c3nc(-c4cc(-c5ccc(C#N)nc5)nc(-c5cnc(C6CC6)c(C#N)c5)n4)nn3CNc3ccc(C#N)c(Cl)c3)cc2)cc1,28.54
N#Cc1ccnc(-c2cc(-c3ccc(-c4nnco4)c(C#N)c3)c(F)c(-c3cc(C4CC4)nc(C#N)n3)c2)n1,17.85
Cc1c(F)cc(-c2ccc(C#N)cc2)cc1-c1nc(-c2cc(C#N)c(C#N)c(C#N)n2)n(C2CCN(C(C#N)C3CC=NN3)CC2)n1,37.65
N#Cc1ccc(-c2cc(-c3ccc(C#N)nc3)nc(-c3ccc(-c4ccc(C#N)cc4)nn3)c2)cc1,13.75
COCc1cn(-c2ccnc3c(Sc4ccc(-c5ccc(C#N)cn5)cc4)nc(-c4ccc(-c5ccc(C#N)cc5)c(C#N)c4)cc23)nn1,37.77
N#Cc1ccc(-c2ccc(-c3nnc(-c4cc(-c5ccc(C#N)c(F)c5F)c(C#N)c(-c5cnc(N)c(C#N)n5)n4)cc3-c3ccc(C#N)cc3)cn2)cc1,25.26
CC(C)Oc1ncc(-c2nc(-c3nccc(C#N)n3)nc(N=C3N=C(c4ccco4)C(C#N)(C#N)CN3CC(O)c3ccc(C#N)cc3)c2C#N)cc1C#N,48.94
N#Cc1cncc(N=c2nc(-c3ccc(C#N)c(C#N)c3)nc[nH]2)c1,16.0
N#Cc1ccc(-n2nc(-c3ccc(-c4ccc(C#N)cn4)cc3)nc(-c3cccc(C#N)c3)c2=O)cc1,26.79
N#Cc1ccc(-c2cc(-c3ccc(-c4cccc(C#N)c4)cc3)nc(-c3nc(-c4ccc(C#N)cc4)nc(-c4ccc(C#N)c(C(F)(F)F)c4)n3)c2)cc1,14.53
N#CCc1ccc(-c2ccc(C#N)c(-c3ccc(C#N)cc3)n2)cc1C#N,12.48
N#Cc1ccc(-c2cc(-c3ccncc3)nc(-c3cccc(C#N)c3)c2)cc1,13.69
N#Cc1cc(CO)nn1-c1ccc(-c2ccc(C(F)(F)F)c(F)c2)c(F)c1,24.63
N#Cc1cccc(-c2nc3c(N4CC5CCC(C4)N5C(=O)c4cc(F)c(F)c(F)c4)nc(-c4ccc(-c5cnn(CCO)c5)c(F)c4)cn3n2)c1,38.69
COCC(C)n1cc(-c2ccc(-c3ccc(C#N)cc3)cn2)nc1-c1ccc(C#N)cn1,24.8
N#Cc1ccc(-c2ccc(-c3ccn(-c4ccc(C#N)c(-c5ccc(C#N)c(C#N)c5)c4)n3)cc2)cc1,21.47
N#Cc1ccc(-c2cc(-c3ccc(-c4cccc(-c5nnc(N)c(C#N)n5)c4)cn3)nc(-c3ccc(C#N)cc3)n2)cc1,12.31
Cn1c(C#N)ccc1-c1nc(-c2ccc(CC#N)c(C#N)c2)nc(N2CC(F)C2)n1,14.95
N#Cc1ccc(-c2cc(-c3ccc(-c4nc(C#N)c(C#N)nc4C#N)cc3)cs2)cc1C#N,18.06
N#Cc1cccc(-c2nc(-c3cnc(C(N)=O)c(C#N)c3)nc(N3CC(F)C3)n2)n1,13.44
CCS(=O)(=O)c1c(Nc2ccc(C#N)c(-c3ccnc(C#N)c3)c2)ccc(C#N)c1C#N,29.81
N#Cc1ncc(-c2cccc(-c3cccc(NC(=O)c4ccc(-c5ccc6c(c5)CCNC6=O)o4)c3)c2)nc1C#N,27.43
Cc1c(C#N)cc(-c2nc(-c3nc(C#N)ccc3C#N)nc(N3CC4CC3CO4)n2)cc1C#N,10.45
N#Cc1ccc(-c2cccc(-c3nc(C#N)nc(-c4cc(C#N)c(C#N)c(NS(=O)(=O)c5cc(F)c(F)cc5F)n4)n3)c2)cc1,22.67
CC(Oc1ncc(-c2nc(-c3cccc(C#N)n3)nc(N3CCC(N(C)C)C3)n2)cc1C#N)c1ccc(F)cc1,19.17
COc1c(-c2cc(C#N)c(N3CC(O)C(F)(F)C3)nn2)cc(C(N)=O)nc1-c1ccc(-c2cccc(C#N)c2)cc1,31.58
COC(=O)N1CC2CC1CC2(C#N)c1nc(-c2cnc(-c3ccc(F)c(C#N)c3)c(C#N)c2)cs1,26.68
Cc1ncc(-c2nc(-c3cc(F)cc(C#N)n3)nc(N3CC4CC3CS(=O)(=O)C4)n2)cc1C#N,16.64
Cc1c(-c2nccc(N=CN3CCN(C=O)CC3)n2)cnn1-c1ccc(-c2ccc(C#N)cn2)c(F)c1,30.51
Cc1ccc(C#N)nc1-c1nc(-c2cnc(OC(CO)c3cncc(C#N)c3)c(C#N)c2)nc(N2CCC2)n1,15.72
CCOc1ccc(-c2sc(-c3ccc(-n4c(C#N)ccc4C#N)cc3C#N)nc2C#N)cc1,24.2
N#Cc1ccc(-c2nc(-c3nc(-c4ccc(C#N)s4)cn3CCF)cc(C#N)c2C#N)cc1,20.21
N#Cc1cc(C#N)n(Cc2ccc(C#N)c(-c3ccc(-c4ccc(-c5nc(C#N)c(C#N)nc5C#N)c(C#N)c4)c(C#N)n3)c2)n1,21.57
N#Cc1cc(-c2nc(-c3cnnc(F)c3)cc(N3CCC(F)C3)n2)cnc1C1CC1,25.57
N#Cc1ccc(-c2ccc(-n3nc(-c4ccc(-c5ccc(C#N)cc5)nc4)n[n+]3-c3cn(-c4ccc(C#N)c(C#N)c4)nc3-c3ccc(C#N)cc3)cc2)cc1,29.04
N#Cc1cc(C#N)n(-c2ccc(C#N)c(-c3cnc(-c4nc(-c5ccc(C#N)c(C#N)c5)nn4Cc4ccc(C#N)c(F)c4)cc3C#N)c2)n1,23.8
CCC1COCCN1c1cc(-c2nc(C#N)ccc2C#N)nc(-c2ccc(C(=O)NC(CO)c3ccc(C#N)cc3)c(C#N)c2)n1,21.81
N#Cc1cccc(-c2cc(-c3ccc(C#N)c(C#N)c3)c(C#N)c(C#N)n2)n1,12.5
N#Cc1ccc(-c2nc(-c3ccncc3)c(-c3ccc(-c4cc(-c5ccc(-c6cccc(C#N)c6)cc5)n(-c5cccc(C#N)n5)n4)cc3)[nH]2)cc1,28.51
N#Cc1ccc(-c2noc(-c3cccc(-c4cccc(-c5cc(C#N)c(C#N)c(C#N)n5)n4)c3)n2)cc1,19.37
N#Cc1ccc(-c2ccc(-c3cc(-c4ccc(C#N)cc4)cc(-c4nc(-c5ccc(-c6ccc(C#N)cc6)cc5)nc(-c5ccc(-c6ccc(C#N)s6)nc5)n4)c3)cc2)cc1,21.4
CC(C)(F)c1cc(-c2ccc(-c3cc(C#N)c(-c4cc(F)c(C#N)c(-c5cccc(C#N)c5)c4)nc3C(F)(F)F)nc2)nc(C#N)n1,30.08
N#Cc1ccc(-c2ccc(-c3cc(C#N)c(C#N)cc3C#N)cc2)cc1C#N,13.61
CC(C)Oc1ncc(-c2cc(C#N)n(-c3ccc(-c4cc(C#N)c(-c5nnc(-c6ccc(C#N)cc6)o5)nc4C4CC4)cn3)n2)cc1C#N,29.93
N#Cc1ccc(-c2nc(-c3ccc(-c4cc(F)c(C#N)c(F)c4)nc3)nc(-c3ccc(-n4cncc4C#N)cc3C#N)n2)cc1,14.67
N#Cc1c[nH]c(C(=O)Nc2cc(-c3cnc(-c4cnc(C#N)c(C#N)c4)c(C#N)c3F)nc(-c3cc(C#N)c(C#N)c(C#N)n3)n2)n1,20.34
Cc1nc(-c2ccc(C#N)cc2)c(C#N)nc1-c1cccc(Cn2cccc2C(=O)O)c1,24.43
Cc1c(C#N)cncc1-c1cc2c(-c3nc(C#N)[nH]c(=Nc4cnc(C#N)c(C#N)c4)n3)cccc2cn1,31.06
N#Cc1ccc(-c2ccc(-c3ccc(O)c(-c4ccc(-c5cccc(-c6cc(-c7ccc(C#N)cc7)nc(C#N)n6)c5)cc4)n3)cc2)cc1,24.28
CN1CCCN(C(=O)c2nc(=Nc3ccc(OC(F)(F)F)c(C#N)c3)c(C#Cc3cnc(Br)c(C#N)n3)c[nH]2)CC1,35.93
N#Cc1ccc(-c2cc(-c3cccc(-c4noc(-c5cccc(C(F)(F)F)c5F)n4)c3)nc(-c3nc(C#N)c(N)n3C#N)c2)cc1,19.47
N#Cc1cc(-c2nc(C3CC3)ncc2C#Cc2cscn2)cnc1C#N,15.75
Cc1nc(C#N)nc(-c2cc(F)cc(-c3cc(-c4cnc(C#N)c(C#N)c4)nc(N4CCC(N)C4)n3)c2)n1,19.87
N#Cc1ccc(-c2ccc(-n3c(N)c(C#N)c(-c4ccc(Cl)cc4)c3-c3cc(S(N)(=O)=O)ccc3Cl)nc2)cc1C#N,26.35
N#Cc1ccc(-c2ccc(-c3cc(-n4c(C#N)ccc4C#N)cc(-c4ccc(C#N)c(F)c4)n3)cn2)cc1F,22.61
CN(C)C(=O)Cn1ccc2c(-c3ccc(OCc4ccc(F)c(F)c4)nc3)nc(C#N)nc21,29.02
Cc1c(C#N)cc(-c2nc(-c3nc(C#N)cc(N4CCC(C#N)C4)c3C)nc(N3CC4CC3CS(=O)(=O)C4)n2)cc1C#N,24.87
CC1(C)C(=O)N(Cc2ccc(-c3cccc(C#N)c3)cn2)c2ccccc21,22.27
N#Cc1ccc2c(c1)CCc1ccc([N+](=O)[O-])cc1C2=O,24.01
Cc1cc(-c2nc(C#N)ccc2-c2cc3c(C#N)cc(-c4ccc(C#N)nc4)nc3o2)cc(C#N)c1F,30.3
N#Cc1ccc(-c2ncc(-c3cncc(-c4nc(C#N)cc5c4Cc4cc(C#N)ccc4-5)c3)cc2C#N)cc1,21.13
CC(=O)Nc1ccc(-c2nc(-c3ccc(C#N)c(C#N)c3)nc(-c3cnc(C(C)(C)O)c(C#N)c3)n2)cc1F,24.88
N#Cc1ccc(-c2ccc(-c3[nH]c4cnc(-c5cc(Cl)c(O)c(Cl)c5)cc4c(=NC4CCNC4)c3C#N)cc2)cc1,23.75
CCCCCC=CCC=CCC=CCC=CCCCC(=O)Nc1cccc(-c2cccc(-c3cc(C(=O)NCCCCCCN(C)C)nc(-c4ccc(O)cc4)c3)c2)c1C#N,44.62
N#Cc1ccc(-c2ccc(-n3ccc(-c4ccc(-c5ccc(C#N)cn5)cc4)cc3=O)c(C#N)c2)cc1,16.71
N#Cc1ccc(-c2ccc(-c3cc(C#N)ccc3C(c3cccc(-c4cnc(C#N)c(C#N)c4)n3)c3cc(C#N)ccc3O)c(F)c2F)cc1,37.41
N#Cc1ccc(-c2ncc(-c3nc(N4CCOCC4)nc(N4CC(F)C4)n3)cc2C#N)cc1,13.58
N#Cc1cccc(-c2cc(F)cc(-c3nc(-c4ccc(C#N)c(C#N)c4)cc4c(C(F)(F)F)cc(C#N)nc34)c2)n1,27.54
Cc1c(-c2ccccc2)oc(C(=O)Nc2ccc(-c3ccnc(C(=O)NCc4ccc(-c5ccccc5)cc4)c3)c(C#N)n2)c1C#N,43.51
N#Cc1ccc(-c2cc(C#N)cc(-c3cc(C#N)n(-c4ccc(-c5cnc(-c6ccc(C#N)cc6)c(C#N)c5)cc4C#N)n3)c2)cc1,21.97
CCOc1nc(-c2cccc(C#N)n2)nc2[nH]c(-c3ccc(-c4ccc(C#N)cc4)cc3)c(-c3cccc(C#N)n3)c12,24.95
Cn1c2c(c(C(N)=O)c1-c1ccc(F)c(C#N)c1)CN(c1cc(-c3ccc(-c4cc(F)ccn4)cc3)nc(-c3cnc(C#N)c(C#N)c3)n1)CC2,30.41
N#Cc1ccc(-c2cncc(CN3CCC(n4cc(-c5cc(-c6ccnc(C#N)c6)nc(-c6cnc(C#N)c(C#N)c6)n5)nn4)CC3)c2)cc1,30.22
N#CCCCOc1nc(-c2ccccn2)cc(-c2c(F)c(F)c(C#N)c(F)c2F)c1C#N,18.69
Cc1cc(-c2cc(CCCO)nc(-c3ccc(C#N)c(C(F)(F)F)c3)n2)ccc1-n1cc(-c2ccc(-c3ccc(C#N)cc3)cn2)c(-c2ncccn2)c1,38.67
N#CC(C#N)n1cncn1,19.81
N#Cc1ccc(-n2cc(-c3ccc(-c4ccc(C#N)c(C#N)c4)c(C#N)c3)c(C#N)n2)c(C#N)c1,15.51
N#Cc1ccc(-c2ccc(-c3ccc(C(F)(F)F)c(C(=O)NCc4cn(-c5cccc(C#N)n5)nn4)n3)cn2)cc1,33.06
N#Cc1ccc(-c2nc(-c3cc(C#N)c(C#N)c(C#N)n3)cc(N3CC4CCC3C4)n2)cc1Cl,20.27
CC1=C(Cl)C(c2nc3c(-c4ccc(-n5ccc(C)n5)nc4)nc(C#N)nc3[nH]2)=NC(C#N)=NC1(C)c1nc(C)no1,39.81
N#Cc1ccc(-c2ncc(-c3ccc(-c4ccc(N)c(C#N)n4)cc3)cc2-c2ncccn2)cc1,19.7
N#Cc1cc(F)cc(-c2nc(-c3cnc(C(F)(F)F)c(C#N)c3)nc(N3CC4CC3C4)n2)n1,11.71
N#Cc1cccc(-c2ccc(-c3nc(C4CCCCC4)c(-c4cc(C#N)nc(=Nc5ccc(-c6ccnc(C#N)c6)nc5)[nH]4)o3)cc2)c1,31.81
N#Cc1ccc(-c2ccc(-c3nc(-c4ccc(-c5ccc(Cl)cc5)cc4)n(-c4cccc(Cl)c4Cl)n3)cn2)nc1,25.34
N#Cc1cccc(-c2cc(C#N)n(-c3nc(C#N)cc(-c4cccc(-c5ccc(C#N)s5)c4)n3)n2)n1,18.85
Cc1noc(-c2ccc(-c3cc(-c4nc(-c5cnc(C#N)c(C#N)c5)nc(C5CCC(C(N)=O)CO5)n4)c(Cl)nc3C#N)cc2C#N)n1,31.76
N#Cc1ccc(-c2ncc(-c3cccc(Nc4c[nH]ccc4=NS(=O)(=O)C(F)(F)F)c3)cc2C#N)cn1,22.87
N#CCC1COC(=O)N1c1cc(-c2cc(C#N)c(C#N)c(C#N)n2)nc(-c2cccc(F)c2F)n1,15.45
N#Cc1ccc(-c2nc(C#N)c(Nc3cnc(C#N)c(C#N)c3)o2)cc1,17.5
Cc1ccc(C#N)nc1-c1nc(-c2cnc(NC(C)(C)CF)c(C#N)c2)cc(C2C3CN(C4CCC5CC5C4)CC32)n1,34.41
N#Cc1ccc(-c2ncc(-c3ncc(-c4cc(-n5nccc5C#N)nc(C#N)c4C#N)cc3C#N)o2)nc1,19.48
Cn1nc(-c2ccc(C#N)cc2)nc1-c1cnc(NCc2ccc(C#N)cc2)c(C#N)c1,17.15
N#Cc1cc(-c2nc(NC3CCC(N)CC3)cc(-c3ccnc4[nH]ccc34)n2)cnc1C#N,20.66
N#Cc1ccc(-c2nc(-c3ccc(-c4cccc(C#N)c4)s3)nc(-c3c(F)c(F)c(C#N)c(F)c3F)n2)cc1,16.76
N#Cc1ccccc1Cn1[nH]nc(C(=O)Nc2ccc3c(c2)OCCO3)c1=N,21.83
Cc1cnn(C)c1-c1c(Cl)ccc(-n2nc(C#N)cc2C#N)c1F,20.39
N#Cc1ccc(-c2cccc(-c3ccc(-c4cnc(NCc5ccc(-c6ccc(F)cc6C#N)cc5)c(C#N)n4)cc3)c2)cn1,19.02
N#Cc1nc(-c2ccc(-c3nc(C#N)c(C#N)nc3C#N)cc2)cc(-c2nnc3cc(-c4ccc(F)c(C#N)c4)ccn23)n1,22.18
CCC1(C)CNC(=O)c2c1sc(NC(=O)c1cn(-c3ccc(-c4cc(F)c(O)c(C#N)c4)cc3)c(-c3cc(F)c(C#N)c(F)c3F)n1)c2C#N,36.59
N#CCn1nc(C#N)nc1C=Cc1ccc(-c2cccc(C#N)c2)nc1C(F)(F)F,22.21
C=CC(=O)Nc1ccc(-c2cc(-c3ccc(C#N)cc3OCc3cc(-c4ccc(C#N)cc4)nc(-c4ccc(C#N)cn4)n3)nc(C#N)n2)cc1,26.79
N#Cc1ccc(-c2nc(-c3nc(C#N)ccc3C#N)cc(-n3cccc3C#N)n2)cc1,12.41
N#Cc1nc(-c2nc(C#N)c(-c3ccc(-c4nnco4)c(C#N)c3)nc2C#N)nc(=NS(=O)(=O)c2ccc(Br)cc2OC(F)(F)F)[nH]1,30.19
N#Cc1ccc(-c2nccc(Cl)c2C#N)nc1,13.51
N#Cc1cc(-c2ccc(-c3cncc(-c4ccc(-n5nc(C(F)(F)F)cc5C#N)nc4)n3)cn2)ccc1F,16.19
N#Cc1cc(C#N)nc(-c2nc(-c3cnc(C#N)c(C#N)c3)nc(N3CCC(C#N)C3)n2)c1,14.37
N#Cc1ccc(-c2ccc(-c3ccc(NC(=O)c4ncn(-c5cccc(C#N)n5)n4)c(-c4ccc(C#N)c(C#N)c4)n3)cc2)cc1,35.64
N#Cc1cc(-c2ccc(-c3nc(-c4cnc(C#N)c(C#N)c4)[nH]c(=N)c3C#N)c(C#N)n2)cnc1C#N,20.41
Cc1c(C#N)c(-c2ccc(C#N)cc2)nc(-c2ccc(-c3ccc(C#N)cc3)cn2)c1S(=O)(=O)Nc1ccc(C#N)c(C#N)c1,24.06
Cc1cc(-c2ccc([S+](C)[O-])cc2Cl)ccc1-c1nc(C#N)cc(=Nc2ccc(-c3ccc(F)c(C#N)c3)cc2F)[nH]1,33.53
N#Cc1cncc(-c2nc(-c3cnc(C#N)c(C#N)c3)nc(N3CC4CC3C4)n2)c1,12.32
N#Cc1nc(-c2ccc(-c3cccc(-n4nc(C(F)(F)F)cc4C#N)c3)cc2F)cnc1NC(=O)c1ccncc1,19.34
N#Cc1ccc(-c2nc(Cl)c(C#N)c(-c3ccc(C#N)cc3)n2)cc1,16.37
N#Cc1ccc(-c2ccc(-c3nc(-c4cc(C#N)c(C#N)c(C#N)c4)cc(-c4cc(-n5ccnc5)ccc4C#N)n3)cn2)nc1,25.25
N#Cc1ccc(-c2nncn2-c2ccc(F)c(-c3ccc(C#N)cc3C#N)c2F)cc1,32.21
N#Cc1cc(-c2nc(-c3cc(F)c(OC(F)F)c(F)c3F)nc(N3CCC4C(C#N)CC43)n2)cnc1C#N,26.09
CCS(=O)(=O)Nc1cc(-c2cc(-c3ccc(C#N)cc3)nc(-c3c(F)c(F)c(C#N)c(F)c3F)n2)ccc1OC,23.09
N#Cc1cc(Cn2nc(C(=O)O)cc2C#N)nc(-c2cnc(-c3csc(C#N)n3)c(C#N)c2)c1,23.98
CC(N)c1nc(-c2ccnc(C#N)c2)c(C#N)cc1-c1nc(-c2c(F)cnc(-c3cc(C#N)nc(C#N)n3)c2F)no1,33.36
CCCc1nc(-c2cc(C3CCC(C#N)CC3)nc(-c3ccc(C#N)c(Cl)c3)n2)nc(-c2cc(C#N)c(C#N)c(C#N)n2)n1,25.49
N#Cc1ccc(C2(C#N)CCN(CCn3nc(-c4cncc(C#N)n4)nc3-c3cc(C#N)c(C(F)(F)F)c(C#N)c3)CC2)nc1,30.31
N#Cc1ccc(-c2ccc(-c3cc(C4CC(c5cc(C#N)c6c(c5)CCCN6)=NN4C(=O)CCl)n(-c4cccc(C#N)c4)n3)cc2)cc1,39.35
N#Cc1ccc(-c2cc(-c3cc(C#N)c(-c4ccc(F)cc4)nc3C#N)nc(-c3cccc(C#N)n3)n2)cn1,23.52
N#Cc1ccc(-c2nc(C#N)c(C#N)nc2-c2ccc(-c3ncc(-c4ccnc(C#N)n4)cc3C#N)cc2C#N)cc1,16.82
N#Cc1ccc(-c2ccc(-c3nc(-c4ccc(C#N)cc4)nc(-c4cn(-c5cccc(C#N)n5)cn4)n3)nc2)cc1,20.14
N#Cc1nc(-c2cc(C#N)c(-c3nnco3)nc2CC2CCC2)cc(-n2cncc2C#N)n1,25.92
COc1ccc(-c2cc(-n3c(C#N)nc(-c4ccc(-c5ccc(C#N)cc5)cc4)c3C#N)ccn2)c(F)c1,27.91
CC(O)c1nc(C2CC2)c(C#N)cc1-c1nc(C#N)nc(-n2nc(-c3ccnc(C#N)n3)cc2C#N)n1,25.89
N#Cc1cc(-c2nc(-c3ccc(-n4cccc4C#N)cn3)nc(C3CCC(C(=O)O)CC3)n2)cnc1C#N,21.44
Cc1cc(-c2cc(-c3cc(C#N)c(=N)[nH]n3)cc(-c3cnc(C#N)c(C#N)c3)c2F)nc(C#N)n1,13.34
COc1nc(-c2c(F)ccc(-c3nc(-c4cnc(C#N)c(C#N)c4)nc(N4CCOCC4)n3)c2F)n[nH]1,19.38
N#Cc1ccc(-c2nc(-c3ccc(-c4ccc(F)c(C#N)c4)nc3)nc(-c3ccc(-n4nc(C(F)(F)F)cc4C#N)cc3C#N)n2)cc1,11.05
N#Cc1ccc(CSc2cc(-c3ccc(C#N)cc3)nc(-c3ccc(-c4cc(-c5ccc(C#N)nc5)nc(-c5ccc(C#N)cc5)n4)cc3)c2C#N)cc1,27.79
Cc1nccn1-c1ccc(C#N)cc1CNc1cc(C#N)nc(-n2nccc2C#N)n1,19.57
N#Cc1ccc(-c2cc(C#N)cc(-c3nc(C4CCNCC4)n(Cc4cccc(-c5cccc(C#N)n5)c4)n3)c2)cc1,22.97
COC1CCN(c2cnc(-c3nc(-c4cc(C#N)c(C#N)c(C#N)n4)ccc3Cl)s2)C(C)C1,33.24
N#Cc1ccc(-c2nc(COc3ccc(C(F)(F)F)cc3-c3nc(C#N)c4c(c3C#N)CCC4)ccc2C#N)cc1,28.32
N#Cc1cc(Cl)c(-c2nc(-c3c(F)c(F)c(C#N)c(F)c3F)nc(N3CCC(C#N)C3(C#N)C#N)n2)cc1CN,32.94
N#Cc1ccc(-c2ccc(-c3cccc(-c4nc(-c5ccc(C#N)cc5)nc(-c5c[nH]c(=N)c(C#N)c5)n4)c3)cn2)cc1,19.02
CNC(=O)c1cc(C#N)n(-c2cc(-c3cnc(C#N)c(C#N)c3)nc(C#N)n2)n1,21.27
N#Cc1ccc(-c2cccc(-c3cc(-c4ccc(C#N)cc4)nc(-c4c[nH]c(=N)c(C#N)c4)c3)c2)cc1,14.85
N#Cc1cccc(-c2nc(-c3cc(C#N)c(C#N)c(C#N)c3)nc(N3CC34COC4)n2)n1,19.49
N#Cc1ccc(-c2nc(-c3ccc(-c4ccc(C#N)cn4)cc3)nc(-c3nc(C(N)=O)cc4cc(-c5cnc(C#N)c(C#N)n5)ccc34)n2)cc1,30.75
N#Cc1ccc(-c2cc(C#N)nc(-c3cc(C#N)cc(-c4ccc(-c5nc(C#N)c(C#N)[nH]5)nc4)c3)n2)cc1,20.07
CCCCn1c(-c2ccc(-c3ccc(C#N)cn3)cc2)nc(-c2ccc(-c3ccc(C#N)cc3)nc2)c1-c1ccc(-c2ccc(C#N)cc2)cc1,22.05
CC1(C)CCOc2cc(NC(=O)c3cc(F)cc(-c4cc(C#CC#N)cc(-n5cc(C#N)c(-c6ccc(-c7ccc(C#N)cc7)cc6)n5)c4)c3F)ccc21,38.17
CC1COCCN1Cc1ccc(-c2cc(C#N)c(C#N)c(C#N)n2)nc1-c1nccc(C#N)n1,14.9
Cc1cc(NS(=O)(=O)c2ccc(C#N)cc2)ccc1-c1cc(-c2ccc(C#N)nc2)nc(C(F)(F)F)n1,26.62
CS(=O)(=O)N1CCC(c2cc(-c3ccc(C#N)cc3)nc3c(C#N)c(-c4cccnc4)nn23)CC1,29.52
CC1COCCN1c1nc(-c2cnc(C(F)(F)F)c(C#N)c2)nc(-c2cccc(C#N)n2)n1,12.47
C#CCSc1cnc(-c2ccc(C#N)nc2)cc1-c1ccc2c(=O)c(C#N)c(-c3ccc(-c4cccc(F)c4C#N)cn3)cnc2n1,43.67
N#Cc1ccc(-c2nc(-c3ccc(C#N)cc3)c3cc(C#Cc4c(F)ccc(NS(=O)(=O)c5ccc(C#N)cc5)c4F)ccc3n2)cc1,28.99
N#Cc1ccc(C(=O)c2cc(C(C#N)c3cccc(C#N)c3)cc(-c3ccc(C#N)nc3)n2)cc1,30.33
Cn1c(-c2nc(C#Cc3ccc(-c4ccc(C#N)cc4)nc3)cc(-c3ccc(C#N)cc3)n2)nc(C#N)c1N,18.16
Cc1c(-c2ccc(-c3nc[nH]c(=Nc4ccc(S(=O)(=O)CC#N)cc4)n3)cc2)cc(-c2ccc(C#N)nc2)nc1-n1nccc1C#N,46.83
N#Cc1cc(-c2ncc(-c3cc(-c4cnnc(-c5cnc(C#N)c(C#N)c5)n4)ccn3)cc2C#N)ccc1Cl,20.48
N#Cc1cc(-c2nc(C3CC3)c3c(=O)c(C(=O)O)cn(C4CCNCC4)c3c2F)ccc1-c1ccncc1,30.53
N#CCOc1cc(C#N)cc(-c2nc(N(CC#N)CC(F)F)nc(C(=O)NC3CC3)c2C#N)c1F,38.68
N#Cc1ccnc(-c2nc(-c3cc(C#N)c(C#N)c(C#N)n3)ccc2C2CCCO2)n1,12.85
N#CCc1[nH]c(-c2nc(-c3c(F)cccc3F)nc(N3CCC(c4nc(-c5cc(Cl)c(F)c(C#N)c5)nc(-c5cccc(C#N)n5)n4)CC3)n2)cc1C#N,28.22
N#Cc1cccc(-c2cc(-c3ccc(Oc4ccc(F)cc4)c(-c4nc(-n5nc(C#N)cc5C#N)ncc4C#N)c3)nc(N3CCC(c4ccncc4)C3)n2)n1,41.79
N#Cc1ccc(C2CCC2n2cc(-c3cnc(C#N)nc3)c(-c3ccc(C#N)c(C#N)c3)n2)cc1,28.54
N#Cc1ccc(-c2cc(N3CC4CC3CO4)nc(-c3cnc(CO)c(C#N)c3)n2)c(C#N)c1,18.75
N#Cc1ccnc(-c2nc(-c3cc(C#N)c(OC(F)F)c(C#N)c3)nc(C3CC3)n2)n1,15.88
Cn1c(-c2ccc(-c3c[nH]c(=N)cn3)cc2)cc(C#N)c1-c1cnc(-c2cnc(C#N)c(C#N)c2)c(C#N)n1,19.65
CCNC(=O)Nc1cc(-c2ccc(-c3cc(C4CC4)nc(Cl)n3)cn2)nc2nc(-c3cccnc3)cnc12,33.35
N#CCn1c(-c2ccc(-c3ccc(C#N)c(F)c3)cn2)c(F)c(-c2cccc(C#N)c2)c1-c1ccc(C#N)cc1,25.48
N#Cc1ccc(-c2nc(-c3ccc(F)c(-n4ccc(C#N)n4)c3)nc(-c3ccc(-c4ccc(C#N)c(F)c4)cn3)n2)cc1,21.4
N#Cc1ccc(-c2ccc(-c3cn(-c4ccc(-c5ccc(-c6ccc(C#N)cc6)c(C#N)c5)cc4C#N)nc3C#N)nc2)cc1,20.31
N#Cc1ccc(-c2ncc(-c3nc(C#N)nn3C3CCC3)cc2C#N)cc1,11.46
N#Cc1cc(-c2nc(-c3cnc(C#N)c(C#N)c3)nc(N3CC4CC3CO4)n2)cc(-n2c(C#N)cnc2-c2cnc(C#N)c(C#N)n2)n1,24.56
Cn1cc(C#N)nc1-c1cc(C#N)cc(-c2nc(C#N)nc(-c3cnc(N4CCC(F)(F)C4)c(C#N)c3)n2)c1F,24.16
N#Cc1cc(F)cc(-c2ccc(-c3cnn(-c4ccccc4C#N)c3)cn2)n1,31.21
CSCC1C2CN(c3nc(-c4ccc(F)c(C#N)c4)nc(-c4cc(C#N)c(C#N)c(C#N)n4)n3)C3CCCCC3C12,30.27
N#Cc1ccc(CN2C(c3ccc(C#N)cc3)=NN=C(c3nnnn3-c3cccc(C#N)c3)C2c2cccs2)cc1,26.85
N#Cc1ccc(-c2ccc(-c3nc(-c4ccc(-c5ccc(C#N)cc5)nc4)nc(-c4cc(-c5ccc(C#N)cc5)cc(-c5ccc(-c6nc(Cl)nc(Cl)n6)cc5)c4)n3)cc2)cc1,12.93
CC(=O)c1ccc(-c2nc(-c3cc(C#N)c(C#N)c(C#N)n3)n(C(C)C3CCC(C)N3)n2)cc1C#N,24.14
N#Cc1ccc(-c2nc(-c3cnc(C#N)c(C#N)c3)cc(-c3cc4cc(-c5ccc(C#N)nc5)nn4c(C#N)n3)n2)cc1,28.29
CC(Oc1nc(N2CC(O)C(O)C2)c(-c2nc(-c3ccccn3)cn2C(C)C)cc1C#N)c1noc(C(F)(F)F)n1,34.27
Cc1ccc(-n2nc(-c3ccc(Cl)cc3)c(-c3ccnc(-n4ncc(-c5ccc(C#N)cc5)n4)c3)c2C2CCOCC2)cc1,40.66
CS(=O)(=O)c1ncc(-c2nc(CCCF)nc(-c3cc(C#N)c(C#N)[nH]3)n2)cn1,23.12
N#Cc1cc(C#N)n(-c2cc(Cl)cc(-c3cc(C4CC4)nc(C#N)n3)c2F)n1,15.04
N#Cc1ccc(-c2ccc(-c3nc(-c4ccc(-n5nccc5C#N)c(F)c4F)nc(-c4ccc(-c5ccc(C#N)c(C#N)c5)cc4)c3C#N)cc2)cc1,19.16
N#Cc1ccc(-c2ccc(-c3cc(C#N)cc(-c4ccc(-c5nc(Cl)nc(Cl)n5)cn4)c3)nc2)cc1,14.29
N#Cc1ccc(-n2cc(-c3ccc(F)c4c(C#N)cc(C(=O)C5CC5)c(C#N)c34)cn2)cn1,37.28
C#Cc1cccc(N=c2nc(C#N)c(C#N)c(-c3ccc(-c4cccc(C#N)c4)cc3)s2)c1,21.84
N#Cc1ccc(Oc2cc(-c3cnc(-c4ccnc(C#N)n4)c(C#N)c3)nc(N3CC4(COC4)C3)n2)nc1,27.26
CC(F)(F)c1cc(C#N)nc(-c2cc(-c3ccc(C#N)c(C#N)c3)c(F)c(C#N)n2)n1,21.44
N#Cc1cccc(-c2ccc3c(n2)C(=O)c2ccc(Nc4nc(Nc5ccc(C#N)c(C#N)c5)nc(N5CCOCC5)n4)cc2C3=O)n1,18.12
Cc1ncc(-c2cc(C(=O)N3CCN(C(=O)c4cnc(C#N)c(C#N)c4)CC3)cc(-c3cccc(C#N)n3)n2)cc1C#N,20.43
N#Cc1ccc(-c2ccc(-c3cc(-c4ccc(C#N)cc4)nc(-c4cccc(C#Cc5ccnc(-c6ccc(C#N)cc6)n5)n4)c3)cc2)cc1,20.41
N#Cc1cc(-c2nnc(-c3cc(-c4cccnc4)ccc3C#N)o2)cs1,22.25
COc1cccc(-c2cc(-c3ccncn3)nc(-c3ccc(-c4ccc(C#N)cc4)cc3O)n2)c1F,30.17
Cc1ncc(-c2nc(COc3cc(C#N)cc(C#N)c3)cc(-c3nc(C#N)cn3C)n2)cc1C#N,13.09
CC1CCC2(CC2)N1c1nc(-c2cnc(C(C)(C)O)c(C#N)c2)nc(-c2cccc(C#N)n2)n1,20.92
Cc1cccc(-c2cc(-c3ccc(C#N)c(C#N)c3)c(F)c(-c3cc(C#N)nc(C#N)n3)n2)n1,19.38
Cc1cc(-c2ncc(-c3nc(C#N)nn3C(C)C)cc2C#N)on1,14.58
CC(C#N)Oc1ccc(-c2nc(-c3cccc(C#N)c3)cc(N3CC4(COC4)C3)n2)cc1C#N,16.99
CC(C(=O)NCC#N)C(c1ccc(-c2ccc(C#N)nc2)nc1)c1ccc(-c2ccc(-c3ccc(C#N)cc3)c(C#N)c2)nc1,28.95
N#Cc1ccc(-c2nc(-c3cnc(C#N)c(C#N)c3)cc(-c3cnc(-c4ccc(C#N)c(C#N)c4)c(C#N)c3)n2)cn1,16.11
N#Cc1ccc(-c2nc(=N)[nH]cc2-c2cnc(C#N)c(C#N)n2)cc1C#N,16.96
N#Cc1cccc(C=Cc2cc(C#N)c(C#N)cc2-c2ccnc(-c3cnc(C#N)c(C#N)c3)c2)n1,25.19
CCC1(CC)C(=O)N(C(=O)NCc2ccc(-c3cc(F)cc(C#N)c3)c(C#N)c2)C1Oc1ccc(C#N)c(C#N)c1,27.69
CNc1ncc(-c2nc(-c3cnc(C#N)c(C#N)c3)cc(C(F)(F)F)n2)cc1C#N,18.16
N#Cc1cc(F)cc(-c2ccc(-c3cn(Cc4n[nH]c(=S)n4-c4ccccc4C#N)nn3)cn2)c1,24.09
N#Cc1cccc(-c2nc(-c3cnc(C(F)(F)F)c(C#N)c3)nc(N3CC4CC4(CO)C3)n2)n1,13.86
CC(C)Oc1ccc(-c2nc(-c3cc(OC4CCCC4)cc(C#N)n3)cc(N3CC4CC4(C(=O)O)C3)n2)cc1C#N,24.76
CC(C)Nc1cc(-c2ccc(C#N)n2C)nc(-c2cc(C#N)c(C#N)c(Cl)n2)n1,15.84
N#Cc1ccc(-c2ccc(-c3cc(C#N)nn3-c3cncc(-c4ccc(C#N)nc4)c3C#N)cc2)cc1,16.69
Cn1nc(C#N)nc1-c1cc(-c2ccc(C#N)nc2)nc(-c2ccc(C#N)cc2)n1,13.96
CC(C)Oc1ncc(-c2nc(-c3ccc4ncsc4c3)n(-c3ccc(-c4ccc(C#N)cc4)c(C#N)c3)n2)cc1C#N,21.97
N#Cc1cc(-c2nc(-c3cccc(F)c3C#N)nc(N3CC(Oc4ccc(F)nc4)C3)n2)nc(C#N)c1C#N,26.9
N#Cc1ccc(-c2nc(C#N)c(C#N)nc2-c2ccc(-c3nc(C#N)cc(Cn4cccc4C#N)n3)cc2C#N)cc1,19.75
N#Cc1ccc(-c2nc(-c3ccc(-c4ccc(C#N)cc4)c(C#N)c3)cc(-c3ccc(-c4c[nH]c(=N)c(C#N)n4)cn3)n2)cc1,13.43
Cn1nc(-c2ncc(C(=O)c3cncc(C#N)c3)c(C#N)n2)cc1-c1nc(-c2ccc(C#N)cc2)nc(-c2ccc(C#N)cc2)c1C#N,29.61
CC1(C)CCC2(C(=O)OCc3ccc(C#N)cc3)CCC3(C)C(=C2C1)C(=O)CC1C2(C)C=CC(=O)C(C)(C)C2CCC13C,34.57
N#Cc1ccc(-c2ccc(-c3nn(-c4ccc(C(F)(F)F)cc4)c(=O)n3C3CCCNC3)cc2C#N)cc1F,30.58
N#Cc1cn(-c2nc(F)ccc2F)c(-c2cc(C#N)c(-c3cc(-c4ccc(F)cc4)nc(F)n3)s2)n1,32.17
N#Cc1ccc(C(c2cnc(C#N)cn2)n2cc(C#N)cc2-c2cncc(-c3cc(F)cc(C#N)c3)c2F)cc1,29.19
Cc1ncc(-c2nc(-c3cccc(-c4ccc(C#N)cc4)c3)n(-c3cccc(-c4cnc(C#N)c(C#N)c4)c3)n2)cc1C#N,20.12
Cn1cc(-c2cc3c(-c4nc(-c5ccc(C#N)cc5)cc(-c5cc(-c6ccc(C#N)cc6)nc6[nH]c(-c7ccc(C=CC#N)cc7)nc56)n4)cccc3cn2)cn1,37.62
N#Cc1ccc(-c2nc(C#N)c(C#N)nc2-c2cc(-c3ccc(C#N)c(C#N)c3)cc(C(C#N)c3ncc(Cl)cn3)c2)cc1,24.62
N#Cc1ccc(-c2cc(-c3cc(-c4cc(F)ccn4)cc(C#N)n3)cc(-c3nc(C#N)nc(-c4ccc(C#N)cc4)c3C#N)n2)cc1,23.2
Cn1c(-n2c(-c3ccc(-c4ccc(C#N)cc4)cn3)nc(-c3ccc(C#N)cc3)c2C#N)nc(-c2cccc(C#N)n2)c(C#N)c1=O,20.7
N#Cc1ccc(Oc2cc(-c3ccc(C#N)nc3)nn2-c2ccc(C#N)c(-c3ccc(C#N)c(C#N)c3)c2)c(C#N)c1,24.21
CC(C)N1CCN(C(=O)c2ccc(-c3nc(C#CC(C)(C)O)ccc3Cl)cc2Cl)CC1,25.87
N#Cc1ccc(-c2nc(-c3cc(F)c(C#N)c(F)c3)cc(-n3nc(C(F)(F)F)cc3C#N)n2)cc1,12.42
COc1nc2c(-c3ccc(-c4nc(C#N)c(-c5cnc(-c6ccc(C#N)nc6)c(C#N)c5)nc4OC)nc3)nc(C#N)cc2o1,38.96
Cc1cn(C2CC(C#N)C(n3cc(C#Cc4cc(F)cc(Br)c4)nn3)C2)c(=O)[nH]c1=O,25.86
N#Cc1ccc(-c2nc(-c3ccc(C#N)cc3)nc(-c3ccc(-c4ncc(-c5ccc(C#N)cc5)o4)c(CO)c3)n2)cc1,20.05
N#Cc1ccc(-c2ccc(-c3nc(-c4ccc(-c5ccc(C#N)cn5)cc4)c[nH]3)cc2)cc1,16.02
N#Cc1ccc(-c2cnc(-c3cccc(-c4cc(-c5cc(C#N)c(C#N)cn5)nc(-c5cccc(C#N)n5)n4)c3)cc2C#N)cc1,22.5
N#Cc1cc(-c2ccc(S(=O)(=O)Oc3cccc4c3C(=O)C(N3CC3)=C(N3CC3)C4=O)cc2)cs1,24.6
N#CCC1COC(=O)N1c1cc(-c2nccc(C#N)n2)nc(-c2cc(C#N)c(C#N)c(C#N)n2)n1,14.34
COc1cc(C#N)ccc1-n1cc(C#N)c(-c2ccc(C#N)cc2)n1,17.72
N#Cc1ccc(-c2cc(C(=O)N(Cc3ccco3)Cc3ccco3)cc(-c3cccc(C#N)c3)n2)cc1,24.29
CS(C)(=O)=NC(=NO)c1cncc(Oc2ccc(-c3nc(C(N)=O)c(C#N)[nH]3)nc2)n1,40.0
CC(C)c1nc(-c2ccc(C#N)cc2Cl)c(C#N)cc1-c1ccc(-n2nc(C(=O)NN=Cc3ccc(O)c(F)c3)cc2C#N)cc1Cl,30.98
N#Cc1ccc(-c2ccc(-c3nccc(-c4ccc(-c5cc(-c6nc(Cl)nc(Cl)n6)ccc5C#N)cc4)n3)cc2C#N)cc1,21.38
COc1ccc(Cn2c3c(c(-c4cncc(C#N)c4)c(C#N)c2=O)CSc2ccccc2-3)cc1,30.72
Cn1nc(-c2ccc(-c3noc(C#N)n3)c(C#N)c2)nc1C1(c2ccc(-c3cnc(=N)[nH]c3)nc2)CCC1,17.76
Cn1nc(-c2ncc(-c3cc(-c4cnc(C#N)cn4)nc(C#N)n3)cc2C#N)c(F)c1C#N,19.22
COc1ccccc1-c1c(-c2ccc(-c3ccc(C#N)cc3)cc2)c(C#N)c(C#N)[nH]c1=N,19.2
Cc1cc(-c2cnc(-c3ccc(C#N)cc3)c(C#N)c2)nc(-c2cnc(N(CC(F)F)c3cnc(C#N)nc3C(F)(F)F)c(C#N)c2)n1,27.43
N#Cc1cc(-c2nc(-c3ccccn3)cc(N3CC4CC3CO4)n2)cnc1C#N,16.64
N#Cc1ccc(-c2cc(-c3cc(-c4ccc(-c5ccc(C#N)cn5)cc4)cc(C#N)n3)nc(-c3ccc(-c4ccc(N)c(C#N)n4)nc3)n2)cc1,29.34
CC(C)Oc1ncc(-c2nc(-c3ccc(-c4ccc(F)cc4)c(C#N)c3)cn2C)cc1C#N,17.42
CSc1cc(-c2ccc(-c3ccc(-c4cccc(F)n4)cc3)nc2)c(C(O)=NO)s1,32.75
Cn1nc(C#N)cc1COc1cc(C#N)ccc1-c1c(-c2cnc(-c3ccc(C#N)cc3)c(C#N)c2)ccc(Cn2cncn2)c1F,28.19
N#Cc1ccc(-c2ccc(-c3nc(-c4cccc(-c5ccc(-c6ccc(C#N)cn6)nc5C#N)c4)cc(-c4cc(-c5ccc(C#N)cc5)nc(-c5ccc(C#N)cc5)n4)n3)cc2)cc1,20.42
N#Cc1ccc(-c2cc(-c3ccc(-c4nc(Cl)nc(Cl)n4)cc3)nc(-c3ccccc3C#N)c2)cc1,16.44
CCOC1CN(C2CC3C(C2)N3c2nc(-c3cc(C#N)c(C#N)c(C#N)n3)nc(-c3cncnc3F)n2)C1,30.38
N#Cc1cccc(C#Cc2cnc(-c3cnc(-c4ccc(F)cc4)c(C#N)c3)cn2)c1,14.31
CN1C(=O)N(c2ccc(C#N)c(F)c2)c2c([nH]c(=N)[nH]c2=O)C1c1ccc(C#N)cc1C#N,29.36
Cc1ccc(C#N)nc1-c1nc(-c2cnc(OC(C)C)c(C#N)c2)nc(N2CC3CC2C3)n1,9.59
N#Cc1cc(-c2ccc(-c3ccc(N)c(C#N)n3)cc2F)cc(-n2nc(C(F)(F)F)cc2C#N)n1,15.23
N#Cc1ccc(-c2ccc(-c3ccc(-c4nc(-c5ccc(-c6ccc(C#N)cn6)nc5)cc(-[n+]5ccc(-c6ccncc6)cc5)n4)cc3)cc2C#N)cc1,19.9
N#Cc1cccc(-c2cc(-c3cccc(C(F)(F)F)c3)c(C#N)c(=O)[nH]2)c1,23.56
N#Cc1cnc(C#Cc2cccnc2-c2cc(F)c(C(=O)N3CCN(CC4CC4)CC3)c(F)c2)cc1F,21.97
N#Cc1ccc(-c2cncc(-c3nc(-c4cc(C#N)c(C#N)c(C#N)n4)n(C4CCOC4)n3)c2)cc1,13.09
Cn1c(C#N)ccc1-c1ccc(-c2c(-c3c[nH]c4ccccc34)nc(C#N)c(C#N)c2C#N)cc1,20.17
Cc1nccc(-c2ccc(-c3cnc(-c4ccc(C#N)cn4)cc3C#N)c(C#N)c2)c1C#Cc1ccc(=N)[nH]c1C,30.58
N#Cc1nc(=Nc2cc(F)cc(C#Cc3nccc(C(F)(F)F)n3)c2)c2cnn(CC(=O)NCc3cc(=N)[nH]cn3)c2[nH]1,38.86
N#Cc1ccc(-c2cc(-c3cc(-c4cnc(N)c(C#N)n4)c(O)cc3O)cc(-c3cccc(C#N)c3)n2)cc1,20.97
N#Cc1ccc(-c2ccc(-c3cc(-c4cccc(C#N)c4F)cc(-n4nccc4C#N)c3)cc2)c(F)c1,26.3
N#Cc1ccc(-c2ccc(-n3ccccc3=O)cc2C#N)cc1,15.43
COCCn1[nH]c(C(C)(C#N)C#N)cc1=NC(=O)CSc1ncc(-c2ccc(C#N)cn2)c(-c2ccc(C#N)cn2)n1,32.35
N#Cc1ccc(-c2nc(-c3cc(Cl)c(-c4ccc(C#N)cc4Cl)cn3)nc(-c3cccc(C#N)n3)n2)cc1,24.1
N#Cc1ccc(-c2ccc(-c3ncc(-c4ncon4)cc3-c3ccc(C#N)c(Cl)c3)cc2)cc1,21.47
N#Cc1ccc(-c2ncc(-c3ccc(-c4ccc(C#N)nc4)c(F)c3F)c(-c3ccc(-c4cnc(C#N)c(C#N)c4)c(C#N)n3)n2)cc1,23.43
COC1CC(C#N)N(C2CN(c3nc(-c4cnc(OC(C)C)c(C#N)c4)nc(-c4cccc(C#N)n4)n3)C2)C1,20.06
Cn1c(-c2nc(-c3ccc(-c4ccc(C#N)cc4)nc3)nc(-c3ccnc(C(C)(C)C#N)c3)n2)cc(-c2ccc(C#N)cc2)c1-c1ccnc(-c2ccc(C#N)cc2)n1,22.16
N#Cc1ccc(-c2ccc(-c3nc(C#N)c(Nc4ccc(-c5nc(CC6CCCN6C(=N)N)nc(-c6ccc(C#N)cc6)n5)cc4)c(-c4ccc(-c5ccc(C#N)cc5)cn4)n3)cc2)cc1,26.08
N#Cc1ccc(-c2nc(-c3cnc(C(N)=O)c(C#N)c3)nc(N3CCOCC3CF)n2)cc1C#N,19.77
N#Cc1ccc(NC(=O)Nc2cc(-c3nc(-c4cc(C#N)c(C#N)c(C#N)c4)nc(N4CC5CC4C5)n3)cnc2F)cn1,26.02
N#Cc1ccc(-c2nc(-c3ccc(C#N)cc3)c(C#N)c(-c3ccc(-c4ccc(C#N)c(C#N)c4)nc3)n2)cc1,13.08
N#Cc1ccc(Oc2cccc(-c3c[nH]c(=N)cn3)c2F)cn1,17.04
Cn1cc(C#N)nc1-c1[nH]c(-c2ccc(C#N)c(-c3cccc(C#N)c3)c2)nc1-c1cccc(C#Cc2ccc(C#N)cc2)c1,20.44
N#Cc1ccc(-c2nc(-c3ccc(-c4ccc(-c5ccc(-c6[nH][nH]c(=NCCO)c6N=O)cc5)cc4)cc3)cs2)cc1,32.25
N#Cc1ccc(C(=O)c2c(O)c(O)n(-c3ccc(-c4ccon4)cc3)c2-c2cc(C#N)c(C#N)cc2OC(F)F)cc1,27.49
N#CC#Cc1ccc(-c2nc(-c3ccc(C(=O)NCCC#N)nc3)nc(-c3ccc(-c4ccc(C#N)cn4)nc3)n2)nc1,18.31
Cc1nn(Cc2cccc(-c3cc(F)c(C#N)c(C#N)c3)c2F)c(=O)n1-c1cc(N=c2c(C#N)c[nH]c3cc(C=CCO)c(C=O)nc23)ccc1Cl,46.41
CN(c1ccc(Cl)cc1)c1nc(C(=O)N(c2ncnc(F)n2)c2ccc(Br)cc2Br)cc(-c2ncc(C#N)cc2O)n1,47.05
N#Cc1ccc(-c2nc(-c3ccc(-n4ccnn4)cn3)nc(-c3c4ccccc4c(C#N)c4ccccc34)n2)cc1,15.66
N#Cc1ccc(-c2ccc(-c3nc(-c4ccc(C#N)cc4)nc(-c4ccc(-n5cccc5C#N)cc4C#N)n3)cc2)cc1,10.1
Cc1nnc(-c2ccc(-c3cc(C4(C)CNCC4Oc4nccc(F)c4F)cc(C#N)n3)cc2C#N)o1,39.25
N#Cc1ccc(-c2cn3c(C#N)cnc3c(-c3cncc(C#Cc4cccc(F)c4F)c3)n2)cc1C#N,21.82
N#Cc1cc(-c2cc(-c3ccc(-c4cc(-c5nccc(C#N)n5)nc(C#N)n4)cc3)nc(-c3ccc(C#N)c(C#N)c3)n2)ccn1,22.9
CNc1ccc(-c2cc(C#N)c(-c3noc(C#N)n3)c(C#N)c2)cc1,25.04
N#Cc1cccc(S(=O)(=O)c2ccc(C#N)cc2-c2ccc(C#N)c(-c3c(F)c(C#N)c(F)c(F)c3C#N)c2)c1,30.28
N#Cc1cc(-c2nsc(-c3cnc(-c4cccc(F)c4)c(C#N)c3)n2)cnc1C#N,15.42
COc1cc(F)cc(-c2cc(-c3cc(-c4ccc(-c5ccc(C#N)cc5)cc4)nc(-c4ccc(-c5ccc(C#N)cn5)nc4)c3)nc(-c3ccc(C#N)cc3)n2)c1,24.83
N#Cc1ccc(-c2nc(C(C(=O)c3cc(C#N)cc(-c4ccc(C#N)nc4)n3)N3CCCC(C#N)C3)ccc2C#N)cc1,33.42
CCOc1nc(OC(CO)c2cc(F)c(Cl)s2)c(C#N)cc1-c1nsc(-c2ccnc(C#N)c2)n1,26.09
CC(C)=CCCC(C)=CCOc1ccc(C=C(C#N)C#N)cc1,21.78
CC(C)n1cc(C#N)nc1-c1cc(-c2cc(F)cc(-c3ccc(C#N)s3)c2)nc(-c2ccc(C#N)cc2)n1,27.01
COc1c(-c2cc(C#N)nc(-c3ccc(-c4ccc(C#N)cc4)cc3)n2)cccc1-c1cn(-c2ccc(C#N)cc2)c(-c2ccc(-c3ccc(C#N)cc3)cc2)n1,29.88
Cc1c(CC(C)(O)C2CN2c2nccc(-c3nccc(-c4cc(C#N)c(C#N)c(C#N)n4)n3)n2)cc(C#N)c(C#N)c1C#N,41.26
N#Cc1ccc(-c2c(C#N)cc(-n3cnc4c(=NN)[nH]cnc43)cc2C#N)cn1,29.56
N#Cc1cc2c(-c3ccc(-c4cnc(C#N)nc4)cc3)nc(C#N)nc2c(-c2ccc(OC(F)F)cc2)n1,28.13
Cn1nc(-c2ccc(F)c(C#N)c2)nc1C1CCN(c2nc(-c3cnc(C#N)c(C#N)c3)nc(-c3c[nH]c(=NCCO)c(C#N)c3)n2)CC1,22.17
N#Cc1ccc(Nc2cc(=Nc3cc(C#N)ccn3)[nH]c(-c3nc(C4CCCCC4)nc(-c4cc(C(F)(F)F)cc(C(F)(F)F)c4)c3C#N)n2)cc1,33.37
N#Cc1ccc(-c2ncc(-c3ccc(-c4cc(-c5ccccc5C#N)nc(-n5cncc5C#N)c4)c(C#N)c3)cc2C#N)cc1F,23.56
N#Cc1cc(F)cc(-c2ccc(-n3ccnc3C(=O)c3cccc(Cl)c3Cl)c(C#N)c2)c1,30.29
N#Cc1cccc(CNC(=O)c2cc(-c3ccc(-c4cnc(C#N)c(C#N)c4)cc3)nc(C#N)c2-n2cccc2C#N)c1,27.69
N#Cc1ccc(-c2ccc(-c3nc(-c4cccc(-c5ccc(-c6ccc(F)c(Cl)c6)c(C#N)c5)c4)ccc3O)cn2)cc1,27.5
N#CCCn1nc(-c2ccc(C#N)cc2)nc1Cn1c2ccccc2c2nc(Cl)nc(Cl)c21,34.09
Cn1cc(-c2c(F)cccc2Oc2cccc(C#N)c2F)nc1C=Cc1ccc2ccccc2n1,29.73
N#Cc1ccc(-c2ncn(-c3cnc(-c4ccc(-c5ccc(Cl)s5)c(C#N)c4)c(C#N)c3)n2)cc1C#N,22.56
CC(C)(C)n1c(-c2ccc(-c3cnc(-c4ccc(C#N)c(F)c4)c(C#N)c3)cn2)nc(C#N)c1N,17.19
CN(C#N)c1ncc(-c2ccc(-c3cnc(-c4cccc(C#N)n4)c(C#N)c3)cc2C#N)cn1,27.12
N#Cc1ccc(-c2ccc(-c3nc(-c4ccc5c(c4)nnn5-c4ccc(C#N)cc4)no3)nc2)cc1,23.59
COc1ccc(C#N)cc1-c1cc(NC(C#N)C2(O)CCOCC2)nc(-c2cc(C#N)c(C#N)c(C#N)n2)n1,26.15
N#Cc1ccc(Cn2cncc2-c2cc(-c3ccc(-c4ccc(C#N)cc4)cc3)nc(-c3ccc(C#N)c(-c4cccc(C#N)c4)c3)c2)cc1,21.45
N#Cc1ccc(-n2nccc2C#N)cc1-c1nc(-c2cnc(C#N)c(C#N)c2)nc(N2CC(F)C2)n1,10.15
N#Cc1cccc(-c2ccc(-c3nc(C#N)nc(-c4cc(-n5nc(C#N)cc5C#N)cc(C#N)c4C#N)n3)nc2)c1,22.48
N#Cc1ccc(-c2cccc(-c3[nH]c4ccc(-c5cnc(-c6ccccc6)c(C#N)c5)cc4c(=O)c3C#N)c2)cc1,22.75
N#Cc1ccc(-c2ccc(-c3nn(-c4ccc(C#N)c(C#N)n4)nc3-c3ccc(-c4nc(C#N)no4)c(C#N)c3)cc2)cc1,18.86
N#Cc1ccc(-c2nc(-c3cc(C#N)c(C#N)c(Cl)n3)nc(N3CC(F)C3)c2C#N)cc1,13.46
Cn1c(Cc2ccc(F)c(F)c2)nnc1-c1cc(-c2[nH]c(C#N)nc2-c2cnc(C#N)c(C#N)c2)c(Cl)cn1,32.96
N#Cc1cc(-c2nc(-c3c[nH]c(=N)c(C#N)n3)nc(C3CCCN3Cc3cccnc3)n2)cnc1C#N,28.19
CC(C)Oc1ncc(-c2nc(-c3cccc(C#N)n3)nc(N3CC4CC3C4)n2)cc1C#N,7.63
N#Cc1ccc(-c2ccc(-c3nc(-c4ccc(C#N)cc4)nc(-c4c(C#N)ncc(-c5c(F)ccc(-c6nc(Cl)nc(Cl)n6)c5F)c4F)n3)cc2)cc1,21.61
N#Cc1cc(F)cc(-c2ccc(-c3cc(C(F)(F)F)cc(-c4nc(-c5ccc(C#N)nc5)nc(-c5ccc(C#N)c(C(F)(F)F)c5)n4)n3)cn2)c1,32.59
Cc1ncc(-c2cc(-n3nc(-c4ccc(-c5ccc(C#N)cn5)nc4)nc3-c3ccc(-c4ccc(C#N)cc4)cc3)cc(C#Cc3ccc(-c4cccc(C#N)n4)nc3)n2)cc1C#N,26.32
N#Cc1ccc(-n2nc(-c3ccc(C#N)c(C#N)c3)cc2COc2c(C#N)cc(-c3cccc(C#N)n3)cc2C#N)c(F)c1,25.65
CC(C#N)C(=O)N1CCCC(Cn2nc(C#N)nc2-c2cnc(-c3cnc(C#N)c(C#N)n3)c(C#N)c2)C1,25.56
Cn1cc(-c2ncc(-c3cc(-c4cnc(-c5ccc(C#N)s5)c(C#N)c4)nc(C#N)n3)cc2C#N)cn1,22.64
COCC(CC#N)n1c(-c2cnc(-c3ccc(C#N)s3)c(C#N)c2)nc2cc(NC(=S)Nc3ccc(F)cc3F)ccc21,39.15
Cn1nc(-c2ccco2)nc1-c1nc(-c2ccc(C#N)cc2)nc(-c2ccc(-c3cccc(C#N)c3)cc2)n1,20.48
CC(C)Oc1ncc(-c2nc(-c3nc(C#N)ccc3C#N)nc(N3CCn4cc(C(F)(F)F)nc4C3)n2)cc1C#N,22.27
C#CCN(Cc1ccc2[nH]c(CO)nc(=O)c2n1)c1ccc(-c2nc(-c3ccc(C#N)cc3)nc(-c3ccc(-c4ccc(C#N)cc4)cc3)n2)c(C#N)c1,26.29
CC1CCN1c1ncc(-c2cc(N3CC4CC3C4)nc(-c3cc(C#N)c(C#N)c(N)n3)n2)cc1C#N,27.72
CC(C)Oc1ncc(-c2nc(-c3cccc(C#N)n3)nc(N3CCOCC3)n2)cc1C#N,9.38
N#Cc1ccc(-c2ccc(-c3nc(-c4ccc(C#N)c(C#N)c4)cc(-c4cnc(-c5ccc(OC(F)F)c(C#N)c5)c(C#N)c4)n3)cn2)cc1,23.63
CC1C(N)CCN1c1cc(-c2cc(C#N)c(C#N)c(C#N)n2)nc(-c2cccc(C#N)n2)n1,15.76
CC(C)Oc1ncc(-c2nc(-c3ncnc(-c4ccc(-n5ncc(C6CC6)cc5=O)c(F)c4)c3F)nc(N3CCC4(C(=O)O)CC4C3)n2)cc1C#N,41.52
CC(=O)Nc1cc(C#N)cc(-c2cc(-c3cccc(C#N)n3)nc(-c3ccc(-c4ccc(C#N)c(C#N)c4)nc3)n2)c1,24.64
COC1CCN(c2nc(-c3cnc(OC(C)C(F)(F)F)c(C#N)c3)nc(-c3ccc(C#N)cc3F)n2)CC1(C)C,18.16
CCOc1nc(C#N)nc(-c2ccc(-c3ccc(-n4nc(C#N)cc4C#N)cc3)cc2C#N)c1C#N,13.68
N#Cc1ccc(-c2nc(-c3ccc(C#N)c(F)c3)cc(-n3nccc3C#N)n2)cc1,10.88
CC1c2cc(-c3cc(-c4cc(C#N)ccn4)ccc3F)cc(-c3ccc(-c4nc(C#N)c(C#N)nc4C#N)cc3)c2CN1C(=O)OC1CCOCC1,32.19
CC(C)(CF)c1ncc(-c2nc(-c3cc(N4CC(F)(F)C4)cc(C#N)n3)nc(N3CC4CC3CO4)n2)cc1C#N,22.92
N#CC(=Cc1ccc(Oc2cccc(C=Nc3cc(O)c(N)cc3O)c2)cc1)c1nc(-c2ccc(C#N)cc2)cs1,20.57
N#Cc1cc(C#N)cc(-c2cn(-c3nc(-c4ccc(-c5ccc(C#N)c(F)c5)cc4)c4c(C#N)c[nH]c4n3)cn2)c1,25.79
COc1ccc(-c2cn(C)c(-c3cnc(OC(C)C)c(C#N)c3)n2)cc1-c1ccc(C#N)nc1,20.09
N#Cc1ccc(-c2cnc(-c3ccc(C#N)cc3)c(Cn3cccc3C#N)c2)cc1,18.1
Cn1cc(CNC(=O)C(Nc2ccc3c(=N)c(C#N)c(C#N)[nH]c3c2)c2ccc(-c3cc(-c4ccc(C#N)nc4)cc(C#N)n3)cc2F)cc1C#N,44.97
N#Cc1ccc(-c2nccc(-c3cc(-c4cc(F)c(C#N)c(F)c4)c(F)c(-c4ncnc(C#N)n4)c3)n2)nc1,27.89
N#Cc1ccc(-c2ccc(-c3ccnc(-c4cc(C#N)c(C#N)c(C#N)n4)n3)cc2)cc1,11.68
C#CCOc1c(-c2nc(C#N)c(-c3ccc(OC(C)C)c(C#N)c3)[nH]2)ccc(-c2cnc(C#N)c(C#N)c2)c1F,25.15
N#Cc1cc(F)cc(CC(=O)Nc2ccc(-c3nc(=Nc4ccc(C#N)cc4Br)[nH]c(=N)[nH]3)cc2C#N)c1,28.1
CCOC(=O)c1ccc(N=Cc2c(O)n(-c3c(C)cc(C)cc3C)c(=O)n(-c3ccccc3)c2=O)cc1,30.43
N#CCc1nc(C#N)cc(-c2ccc(-c3ccc(F)cc3C#N)nc2)n1,15.18
N#CCN(CC(F)(F)F)c1ncc(-c2nc(-c3cccc(C#N)n3)nc(N3CCC(O)CC3)n2)cc1C#N,24.5
N#Cc1ccc(-c2ccc(-c3nn(-c4cc(C#N)ccn4)cc3C#N)cn2)cc1,18.43
N#Cc1ccc(-c2ccc(-c3ccc(-c4csc(N)c4C#N)cc3)cc2C#N)cc1,18.31
N#Cc1ccc(-c2ncccc2-c2nc(C#N)c(NCc3cccnc3)o2)cc1,21.86
CN(C)CCCCCN=c1ccc(C#N)nc(-c2cnc(-c3cnc(C#N)c(C#N)c3)c(C#N)c2)c1,27.06
N#CC(=CCn1ccnc1)c1cccc(-c2ccc(C#N)cc2)c1,27.83
Cc1ncc(-c2nc(-c3cc(COc4cc(C#N)nc(-c5nc(C#N)c(C#N)nc5-c5ccc(C#N)c(C#N)c5)c4)cc(C#N)n3)nc(C3CCCCC3)n2)cc1C#N,28.3
N#CCCNS(=O)(=O)c1ccc(-n2nc(C#N)cc2-c2ccc(-c3ccc(C#N)cc3)cc2)c(C#N)c1,17.39
Cn1cc(C#N)nc1-c1cc(-c2ccc(C#N)c(F)c2)cc(-c2ccc(C#N)cc2)n1,15.66
N#Cc1ccc(-c2ccc(-c3cc(CC(NC(=O)c4c(Cl)cc5c(c4Cl)CCCC5=O)C(=O)O)ccc3C#N)nc2C#N)cc1,35.69
COc1cc(F)cc(-c2cc(Cc3cncc(-c4ccc5c(c4)CCC5=NO)n3)nc(-c3ccc(C#N)s3)n2)c1,34.93
N#Cc1ccc(-c2cc(-c3ccccn3)nc(-c3c4c(c(C#N)c5ccc(C#N)cc35)OCCO4)n2)cc1,18.25
N#Cc1cc(-c2ncc(-c3nnc(NC4CCCNC4)c(C#N)n3)cc2C#N)ccc1F,16.72
N#Cc1ccc(-c2cc(-c3nc(-c4cnc(C#N)c(C#N)c4)n(CCN4CCC4)n3)ccc2F)cc1C#N,10.92
N#Cc1cccc(-c2ccc(-c3cc4c(c(CNCc5cccnc5)c3)CN(C(N)=O)CC4)cc2)c1,28.75
N#Cc1ccc(Cn2cc(C#N)c3nc(C#N)cc(-c4ccc(-c5cc(F)cc(F)c5)cc4)c32)cc1,27.68
CC1CC(C)CN(c2nc(-c3ccc(C#N)cc3)c(C#N)c(-c3cc(-c4ccc(C#N)cc4)cc(-c4ccc(C#N)cn4)n3)n2)C1,15.33
N#Cc1ccc(N=c2[nH]nc(-c3ccc(-c4ccc(N=C=S)cc4)c(C#N)c3)c3c(-c4cccc(F)c4F)cnn23)cc1,38.85
CC(C)(C)c1ncc(-c2cccc(C#N)n2)c(-c2cc(-c3ccc(C#N)cc3)nc(-c3ccc(C#N)cc3)n2)n1,13.33
N#Cc1ccc(-c2ccc(-c3nc(-c4ccc(-c5ccccn5)nc4)nc(-c4ccc(C#N)c(C#N)c4)n3)cn2)nc1,17.02
N#Cc1ccc(-c2ccc(-c3nc(C#N)nc(-c4ccc(-c5ncc(C#N)cn5)cc4C#N)n3)cc2)nc1,21.03
N#CCn1nc(-c2cc(-c3ccc(C#N)cc3)nc(-c3ccc(C#N)cc3)c2C#N)cc1-c1ccc(-c2ccc(C#N)cc2)cc1,18.19
N#Cc1ccc(-c2ccc(-c3nc(C#N)nc(-c4cc(C#N)c(N5CC(F)(F)C5)nn4)c3F)cn2)cn1,19.25
N#Cc1cncc(-n2ccnc2-c2cc(F)c(-c3ccnc(OC(C#N)c4ccc(-c5noc(C#N)n5)nc4)n3)c(F)c2F)n1,31.47
N#Cc1cc(OCc2cc(-c3ccc(-c4ccnc(-c5cc(C#N)c(C#N)c(C#N)c5)n4)cc3C#N)ccc2F)ccn1,25.06
CCCc1cc(-c2ccc(-c3ccc(C#N)nc3)c(C#N)c2)nc(-c2cc(C#N)c(C#N)c(NC(N)=O)c2)n1,30.07
Cn1c(-c2ccc(C#N)cc2)c(C#N)sc1=Nc1cc(C#N)cc(Oc2cnc(-c3cccnc3)c(Cl)c2)n1,39.68
N#Cc1ccc(-c2ccc(-c3c(C#N)nc(-c4ccc(-c5cccc(C#N)c5)c(C#N)n4)[nH]c3=O)cc2)cc1,21.75
N#Cc1cc(-c2nc(-c3cnc(=N)[nH]c3)nc(N3CC4CC4C3)n2)cnc1C#N,13.46
N#Cc1cc[nH]c(=Nc2cncc(-c3nc(-c4cnc(C#N)c(C#N)c4)nc(N4CCC4)n3)c2)c1,14.37
COc1ncc(-c2nc(-c3ccc(OC(=O)NC4CCCCC4)c(C#N)c3)nc(N3CCOCC3)c2C(C)C)cc1F,36.66
N#Cc1ccc(N=c2cc(C#Cc3cnc(C#N)c(C#N)c3)nc(C#N)[nH]2)c(Br)c1,22.69
COc1cccc(-c2nc(-c3cccc(C#N)n3)nc(-c3ccc(-c4ccc(C#N)c(C#N)c4)cc3)c2C#N)c1F,18.8
COc1nc(C#N)nc(-c2cc(-c3ccc(C#N)cc3)cc(-c3cnc(C4CC4)c(C#N)c3)n2)c1C#N,18.78
Cn1c(=O)c2c(c3ccccc31)NC(=S)N(CCOc1ccc(C#N)cc1)C2c1cccc(Cl)c1,37.83
CC(C)c1nc(-c2ccc(C#N)cc2)cn1-c1cc(-c2ccc(F)cc2C#N)cc(-n2nccc2C#N)c1,19.89
N#Cc1nccc(-c2nc(-c3cc(C#N)c(C#N)c(F)n3)nc(N3CC4CC3CO4)n2)n1,16.73
N#Cc1cccc(-c2ccc(-c3cc(C#N)nc(-c4cc(C#N)c(N5CCC(F)(F)CC5)nn4)c3)cc2)c1,16.93
N#Cc1ccc(-c2cccc(-c3nn(-c4ccc(-c5cc(C(C#N)C#N)nc(-c6ccc(Cl)c(C#N)c6)n5)cc4)cc3C#N)c2)cc1,25.02
COC1CN(c2nc(-c3nc(C#N)nc(-c4cc(C#N)c(C#N)cc4Cl)n3)cc(-n3c(C#N)ccc3C#N)n2)CCC1C#N,25.28
O=C(CCCN=c1[nH]ccs1)Nc1cc(-c2ccccc2)ccc1O,31.65
N#Cc1cc(N=c2nc(-n3nc(C4CC4)cc3C#N)cc[nH]2)c(C#N)nc1C#N,14.22
N#Cc1ccc(-c2ccc(-c3nc(-c4ccc(-c5ccc(C#N)cn5)cn4)nc(-c4nc(-c5ccc(F)c(F)c5F)nc(C5CCC(C(=O)O)CC5)n4)n3)cc2)cc1,27.16
N#CCc1ncc(-c2nc(-c3cncc(S(=O)(=O)N4CCOCC4)c3)nc(N3CCCCC3)n2)cc1C#N,23.81
N#Cc1ccc(-c2cc(=NC(=O)c3cc(C#N)cc(-c4cc(Cl)cc(C#N)c4)c3)nc(-c3ccc(C#N)cc3)[nH]2)cc1,24.17
N#Cc1ccc(-c2ccc(-c3cc(-c4ccc(C#N)cc4)cc(-c4cc(-c5ccc(C#N)cc5)nc(-c5ccc(-c6ccc(C#N)cc6)nc5)n4)n3)cc2)cc1,15.73
N#CCc1[nH]c(-c2nc(-c3ccc(C(C#N)c4ccc(F)c(C#N)c4)c(C#N)c3)nc(N3CC4CC3C4)n2)cc1C#N,26.25
N#Cc1cccc(NC(=O)Cn2nnnc2CCc2ccccc2)c1,24.11
N#Cc1ccc(-c2ccc(-c3nc(-c4ccc(-c5ccc(C#N)cc5)cc4)c(-c4nc(-c5ccc(C#N)cc5)nc(-c5ccc(C#N)cc5)n4)[nH]3)cc2)cc1,16.71
Cc1ncc(C(=O)Nc2ccc(-c3ccc(F)c(C#N)c3)cc2F)c(-n2cccc2)n1,23.87
N#Cc1ccc(-c2ccc(-c3nc(C(F)(F)F)c(-c4ccc(-c5cccc(C#N)n5)cc4)cc3C#N)cc2C#N)cn1,18.64
CC(C)Oc1ccc(-c2nc(-c3cccc(C#N)n3)nc(N3CC4C(C3)C4(F)F)n2)cc1C#N,16.23
CC1CN(C(=O)N(C)C)Cc2[nH]cc(-c3nc(-c4cnc(C#N)c(C#N)c4)nc(N4CCC(C#N)C4)n3)c21,34.44
CC(=O)N1CC(n2cc(-c3ncc(-c4nnc5c(-c6ccc(C#N)cc6)c[nH]n45)cc3C#N)cn2)C1,33.14
Cc1cccc(=NC(=O)c2cc(-c3ccccc3C#N)nc(-c3cccc(C#N)n3)n2)[nH]1,23.32
COc1ncc(C(=O)N(c2ccc(C#N)cc2C#N)C(C)CO)cc1-c1c[nH]c2c(C#N)nc(-c3cnc(C#N)c(C#N)c3)cc12,40.3
N#Cc1ccc(-c2ccc(-c3noc(-c4ccc(C#N)c(-c5cnnc(C6CCC6)n5)c4)n3)cc2)nc1,25.8
N#Cc1ccc(-c2ccc(-c3cc(C#N)nn3-c3cnc(-c4ccc(F)c(C#N)c4)c(C#N)c3)cc2)cc1,11.39
CC(C)(F)c1ncc(-c2nc(-c3nccc(C#N)n3)c3c(N4CC5=NN(C(F)F)N=C4CC5)nc(C#N)nn23)cc1C#N,28.74
CC(=O)c1cncc2c(N=c3cc[nH]c(-c4ccc(-c5ccc(C#N)cc5)cn4)n3)nc(-c3cnc(C#N)c(C#N)c3)nc12,29.19
N#Cc1ccc(-c2ccc(-c3nc(-c4cccc(CCC(=O)O)c4)ncc3C#N)cc2C#N)cc1C#N,21.52
Nc1ccc2c(c1)C(=O)c1ccc(-n3ccc(-c4ccsc4)n3)cc1C2=O,22.53
N#Cc1cnc(C#N)c(-c2nc(-c3ccc(C(F)(F)F)c(C#N)c3)nc(N3CC4(CCO4)C3)n2)n1,17.13
CC(C)Oc1ncc(-c2nc(-c3cccc(C#N)n3)nc(N3CCC(C(N)=O)CC3)n2)cc1C#N,14.09
N#Cc1cccc(-c2cc(=NC(=O)Cn3cc[nH]c(=NC4CCN(Cc5cccc(OC(F)(F)F)c5)CC4)c3=O)[nH]cc2C#N)c1,40.18
Cn1cc(-c2cccc3c2-c2nc(C#N)nc(-c4ccc(C#N)c(C#N)n4)c2CC3)cn1,29.64
N#Cc1ccc(-c2ccc(-n3c(-c4cccc(C#N)n4)cnc3C#N)cc2)cc1,12.02
N#Cc1ccc(-c2c(C#N)cc(-c3cc(N4CC5CC4CO5)nc(-c4cnc(C#N)c(C#N)c4)n3)nc2-c2ccnc(C#N)c2)cn1,27.97
Cc1nc(-c2ccc(-c3ccc(-c4ccc(-c5ccc(C#N)cc5)cc4)c(-c4ccc(F)cc4)n3)c(C#N)c2)cc(-c2cncc(C#N)n2)n1,28.66
COc1nc(-c2nc(-c3ccc(C#N)cc3)nc(-c3ccc(-c4ccc(C#N)cc4)c(C#N)c3)n2)ccc1-n1cccc1C#N,13.94
N#Cc1cncc(-c2ncc(-c3ncnc(-c4cnc(N5CCC(F)(F)CC5)c(C#N)c4)n3)cc2C#N)c1,17.28
N#Cc1ccc(Nc2nc(-c3ccc(-c4ccc(C#N)cc4)cc3)nc(C#N)c2NC(=O)Nc2ccc(OC(F)(F)F)cc2)cc1,14.18
CN(C)c1ncc(COc2ccc(-c3ccc(-c4cnc(-c5nc(C#N)c(C#N)nc5C#N)c(C#N)c4)nc3)c(C#N)c2)nc1C#N,31.25
N#Cc1ccc(-c2cc(-c3nc(-c4ncccc4C#N)cs3)nc(-c3ccc(-c4csc(C#N)c4)s3)c2C#N)cc1,27.33
N#CCn1cc(-c2ccnc(-c3cnc(C#N)c(C#N)c3)c2)c(-c2cccc(C#N)c2)n1,16.26
N#Cc1cc(-c2cccc(-c3cc(C#N)c(C#N)c(C#N)n3)n2)nc(C#N)n1,11.73
CC1N(c2nc(-c3cc(C#N)c(C#N)c(C#N)n3)nc(-c3ccc(C#N)cc3O)n2)CC1(C)O,21.98
CCOc1cc(C#N)nc(-c2cnc(-c3ccc(C#N)cc3)nc2C2CC(F)(F)C2)n1,21.52
CC(C)Oc1ncc(-c2nc(-c3cccc(F)c3F)cc(N3CC4CC4(C(=O)O)C3)n2)cc1C#N,17.93
N#Cc1nccc(-c2ccc(-c3ccc(-c4nc(-c5cnc(C#N)c(C#N)c5)nc(C(N)=O)c4N)cc3)cc2C#N)n1,24.05
CC(C)(C#N)c1ccc(-n2nc(-c3ccc(-c4ccc(C#N)cn4)nc3)nc2-c2ccc(-c3ccc(C#N)cc3)cc2)c(C#N)c1,19.13
Cc1cc(C#N)n(-c2cc(C#N)cc(-c3nc(C#N)c(C#N)nc3C#Cc3ccc(-c4nc(C#N)ncc4C#N)cc3)c2)n1,18.58
N#Cc1cc(Oc2cncc(-c3ccc(C#N)c(C#N)c3)c2)cc(-c2cnc(-c3cnc(C#N)c(C#N)n3)c(C#N)c2)c1,22.5
N#Cc1ccc(-c2cc(-c3ccc(-c4nc5c(C#N)c(C#N)ccc5[nH]4)cc3)cc(-c3cc(C#N)c(C#N)c4c(C#N)c(C#N)ccc34)c2)cc1,30.4
N#Cc1ccccc1-c1cc(C(F)(F)F)nc(-c2cc(C#N)c(C#N)c(C#N)n2)n1,19.58
N#CCc1ccc(-c2nc(-c3ccccc3C#N)nc(N3CCOCC3)n2)cc1C#N,11.7
N#Cc1ncnc(-c2cnc(-c3ccc(CO)nc3)c(C#N)c2)n1,16.59
N#CCn1ncc(-c2ccc(-c3cc(-c4cccc(C#N)n4)c(C#N)c(=N)[nH]3)cc2)c1-c1cccc(-c2ccc(C#N)cc2)c1,26.36
N#Cc1cc(-c2ccc(-c3nc(C#N)c(N)[nH]3)c(F)c2)cc(-n2nc(C(F)(F)F)cc2C#N)n1,13.59
N#Cc1cc(-c2cc(F)nc(C#N)n2)cc(-c2cnc(-c3ccc(C#N)c(F)c3)c(C#N)c2)n1,17.71
N#Cc1cc(-c2nc(-c3cc(C#N)c(C#N)[nH]3)nc(N3CCOCC3CF)n2)ncc1-c1ccc(C(F)(F)F)cc1,28.69
Cn1nc(-c2cnc(C#N)c(C#N)c2)nc1-c1cc(C#N)c(C#N)c(-c2c(Cl)nc(C#N)nc2C#N)n1,22.14
C#CCOc1cccc(C=C2SC(=Nc3ccc(C#N)cc3)N(c3cccc(C#N)c3)C2=O)c1,26.38
N#Cc1cc(Br)ccc1Nc1c(Nc2ccc(F)c(C#N)c2F)c(=O)c1=O,22.35
N#Cc1cc[nH]c(=Nc2nnc(-c3cnc(-c4ccc(-n5cccn5)cc4)c(C#N)c3)cc2C#N)c1,19.69
C#Cc1nc(-c2cnc(C#N)c(C#N)c2)cc(-c2nc(-c3cc(C#N)c(C#N)c(C#N)n3)ccc2F)n1,14.77
N#CC(C#N)=c1ccc(=C(C#N)c2nc(C(C#N)=c3ccc(=C(C#N)C#N)cc3)nc(-c3ccc(-c4ccc(C#N)cc4)cc3)n2)cc1,9.49
N#Cc1ccc(-c2ccc(-c3cc(C#N)nn3-c3cnc(-c4ccc(C#N)cc4)cc3-c3cccc(Br)c3)cc2)cc1,15.41
Cn1nc(-c2cnc(-c3ccc(C#N)cc3)c(C#N)c2)nc1-c1ccc(-c2cc(C#N)on2)c(C#N)n1,25.82
CCCn1cc(-c2nc(C(C)=O)nc3c(-c4ccc(-c5ccc(C#N)nc5)cc4)nc(C#N)nc23)cn1,30.84
N#Cc1cc(-c2ccc(-c3nc(C#N)c(N)nc3C#N)c(F)c2F)cc(-n2nc(CO)cc2C#N)n1,21.4
CC(C)n1nc(-c2cccc(-c3ccc(C#N)cc3)c2)cc1-c1cnc(-c2ccc(C#N)cc2)c(C#N)c1,17.81
N#Cc1ccc(-c2ccc(-c3cc(C#N)c(-c4cnc(C#N)c(C#N)c4)nc3C(N)=O)cc2F)nc1,12.87
N#Cc1ccc(-c2cc(-c3ccc(C#N)nc3)nc(-c3cccc(C#N)n3)c2C#N)cc1,15.75
CC(C)NCc1ncc(-c2nc(-c3noc(-c4cnc(C5CCC(O)(C(F)(F)F)CC5)c(C#N)c4)n3)cc(C3CCC3)n2)cc1C#N,37.18
N#Cc1cccc(Oc2cccc(-c3c(C#N)c(N)n(-c4ccc(Cl)c(C#N)c4)c(=O)c3C#N)c2)c1,27.72
N#Cc1cc(C#N)cc(-c2ccc3c(=Nc4cccc(C5CC5)n4)nc(C#N)[nH]c3c2)c1,25.64
N#Cc1cc(-c2cc(N3CC4CC3CO4)nc(N3CC4CCC(C3)N4)n2)cnc1-c1ccc(Cl)c(F)c1,27.92
CC(CO)n1nc(-c2cc(C#N)c(C#N)c(C#N)c2)nc1-c1nc(C#N)cc(C#N)n1,21.78
COc1cc(-c2nc(C#N)ccc2-c2cnc(C#N)cc2OC)ccc1C#N,21.08
N#Cc1cc2c(C#N)c3ccccc3c(-c3nc(-c4c5ccccc5c(C#N)c5ccccc45)nc(-c4c5ccccc5c(C#N)c5ccccc45)n3)c2cn1,16.03
N#Cc1cccc(-c2c[nH]c(C(O)c3cc(C#N)cc(-c4ccc(C#N)nc4)n3)n2)c1,17.76
CC(=O)N1CCCN(c2nc(-c3cnc(OC(c4ccc(C#N)cc4)c4cnc(C#N)nc4)c(C#N)c3)nc(-c3nccc(C#N)n3)n2)CC1,26.42
N#Cc1ccc2c(c1)CN(c1ncc(-c3cc(C#N)nc(-c4cccc(C#N)n4)n3)cc1C#N)CC2,15.41
COc1c(C(C)(C)C)cc(C(=O)Cn2cnc(-c3ccnc(C#N)c3)n2)nc1-c1cnc(-c2cc(C)no2)c(C#N)c1,31.28
CN(CC#N)C1CCN(c2ncc(-c3nc(-c4cccc(C#N)n4)nc(N4CCCC4CF)n3)cc2C#N)CC1,21.59
CC(C)Oc1ncc(-c2nc(-c3ccc(-c4cnn(C(C)C)c4)cc3F)cn2CC2CO2)cc1C#N,24.86
N#Cc1cc(-c2ccc(-c3cnc(-c4ccc(C#N)c(C#N)c4)c(C#N)c3)nc2)nc(C#N)n1,15.61
N#CCC1(NC(=O)c2nc(-c3cnc(C#N)c(C#N)c3)c(C#N)cc2-c2ccc(-c3cnc(C#N)nc3)cc2)CN(C#N)C1,25.02
N#Cc1ccc(-c2nc(-c3ccc(-n4nccc4C#N)c(C#N)c3)nc(-c3csc(-c4ccc(C#N)cc4)n3)n2)cc1,20.45
N#Cc1ccc(-c2ccc(-c3nn(-c4ccc(-c5ccc(C#N)cc5)c(C#N)c4)cc3C#N)cc2)cc1,12.14
C#CCOc1ccc(C#N)c(Oc2ccc(C#N)cc2)c1,22.67
CC(C)(C#N)c1ncc(-c2nc(-c3nc(C#N)ccc3C#N)nc(N3CC4CCOC4C3)n2)cc1C#N,16.57
CC(C)n1nc(-c2cnc(-c3cnc(C#N)c(C#N)c3)cn2)cc1-c1nc(C(F)(F)F)n(C)c1-c1ccc(C#N)nc1,23.35
COc1nccc(-c2c(-c3cncc(C#N)c3)c(CN)c(-c3ccc(-c4ccc(C#N)cc4)cc3)n2-c2ccc(-c3ccc(C#N)cn3)cc2)n1,32.73
COC1CC(C#N)N(c2cc(-c3cc(C#N)c(C#N)c(C#N)n3)nc(-c3ccc(-c4ccnc(C(F)(F)F)n4)c(F)c3F)n2)C1,26.3
N#Cc1ccc(-c2cc(-c3cc(F)c(-c4cnc(C#N)cn4)cn3)nc(-c3ccc(C#N)cc3)n2)cc1,19.4
N#Cc1cc(-c2cccc(-c3cccc(-c4ccsc4)n3)c2)nc(-c2cccc(C(F)(F)F)c2F)n1,26.13
CN(C(=O)N(C#N)Cc1nc(-c2ccc(C#N)nc2)no1)C1CCN(c2nc(C#N)nc(-c3cc(F)c(C#N)c(C#N)c3)n2)C1,34.51
Cn1ccc2ccc(Cn3[nH]c(=N)c(-c4cccc(Cl)c4F)c3-c3nc(C#N)nc(-c4cnc(-c5ccc(F)c(C#N)c5)c(C#N)c4)n3)cc21,46.56
N#Cc1ccc(-c2cc(COCn3nncc3C#N)sc2C#N)c(-c2ccc(Cl)cc2)c1,23.77
CNc1nnc(-c2nc(C#N)c(-c3nc(-c4ccc(OC(C)C)c(C#N)c4)cs3)cc2C#N)o1,26.17
CNC(=O)C1CCN(C(=O)Cn2nc(-c3cnc(OC(C)C)c(C#N)c3)nc2-c2ccc(C#N)cc2)CC1,20.64
N#Cc1ccc(-c2cn(-c3ccc4c(c3)ncn4-c3cccc(C#N)n3)c(-c3ccc(F)cc3)n2)cn1,28.31
CCCC(O)Cn1c(-c2ccc(-c3ccc(C#N)cc3)cc2)nc(-c2ccc(-c3ccnc(-c4ccc(-c5ccc(C#N)cc5)cc4)c3)cc2)c1-c1ccc(C#N)cc1,25.39
N#Cc1ccc(-c2nc(-c3ccc(-n4c(C#N)ccc4C#N)cc3Cl)nc(-c3cc(-c4ccc(C#N)cc4)c(C#N)cc3Cl)n2)cc1,18.23
Cc1cc(C#N)n(-c2ccc(-c3nc(-c4cc(C(F)(F)F)cc(C(F)(F)F)c4)nc(-c4ccc(-c5ccc(C#N)cc5)c(Cl)c4)n3)cc2)n1,23.34
COc1cccc(-c2ccc(-c3c(C#N)c(-c4cnc(-c5ccc(C#N)cc5)c(C#N)c4)nn3C)cc2C#N)c1F,22.64
N#Cc1cc(-c2cnc(C#N)nc2)cc(-c2ccc(-c3ccc(N)c(C#N)n3)c(C#N)c2)c1,11.11
CC(=O)N1CCC(Oc2nccc(-c3c(-c4ccc(C#N)cc4)cnn(Cc4ccccc4C#N)c3=O)n2)C1,29.26
N#Cc1ccc(-c2ccc(Cn3c(CC(F)(F)F)nc4ccc(-c5ccc(-c6nnc(CO)o6)c(C#N)c5)cc43)cn2)cc1,24.71
COc1cc(Oc2c(F)cc(S(=O)(=O)N=c3ccc(F)c[nH]3)cc2C#N)c(-c2cc(C#N)nn2C)cn1,30.32
N#Cc1ccc(-c2ccc(-c3ccc(-c4nc(C#N)c(C#N)[nH]4)cc3C(=O)O)cc2)c(Cn2cc(-c3ccc(F)cc3)cc2C#N)c1,30.7
CS(=O)(=O)c1ccc(-c2ncc(-c3ccc(-c4c(C#N)cc(-c5cnc(C#N)c(C#N)c5)nc4C(N)=O)s3)cc2C#N)cc1C#N,34.51
N#CCn1nc(-c2ccc(-c3ccc(C#N)cn3)cc2)c(C#N)c1-c1ccc(-c2ccc(C#N)cc2)cc1,22.61
Cn1nc(-c2nnc(N)c(C#N)n2)cc1-c1nc(-c2ccc(C#N)cc2)nc(-c2ccc(-c3ccc(C#N)cc3)nc2)n1,15.76
CC(C)n1nc(C#N)nc1-c1cnc(-c2ccc(Cl)cc2)c(C#N)c1,10.42
N#Cc1cc(Cl)cc(C(=O)c2nccn2Cc2ccc(F)c(F)c2)c1,27.1
N#Cc1ccc(-c2csc(-c3cc(OCC(=O)Nc4ccc(C#N)c(-c5ccc(C#N)cn5)c4)n(-c4ccc(F)c(F)c4)n3)n2)cc1,42.47
N#Cc1cccc(-c2nc(-c3ccc(C#N)c(C#N)c3)nc(-c3cc(-c4c[nH]c(=N)cn4)cc(N4CCOCC4)n3)n2)n1,16.67
Cc1c(-c2ccc(-c3ccc(-c4ccc(-c5cccc(C#N)n5)cc4C#N)c(C#N)c3)cc2)ccc2cnccc12,28.41
COCCn1cc(-c2ccnc(-c3nc(-c4ccc(C#N)cc4)nc(-c4ccc(-c5ccc(C#N)cc5)cc4)c3C#N)n2)cn1,25.77
N#Cc1ccc(-c2cc(-c3cc(F)cc(-c4nnc(N)c(C#N)n4)c3)nc(-c3nc(C#N)c(C#N)nc3C#N)n2)cc1,18.66
N#Cc1cccc(-c2nc(-c3cc(C#N)c(C#N)c(Cl)n3)nc(N3CC4CC3C4)n2)n1,11.84
Cc1ccc(-c2cc(C3CCC(C#N)N3)nc(-c3cccc(C#N)n3)n2)cc1C#N,16.62
N#Cc1cc(-c2nc(-c3ccc(C#N)c(OS(=O)(=O)c4ccc(F)cc4F)c3F)cnc2C#N)nc(C#N)c1C#N,32.47
CCn1cc(C#N)nc1-c1nc(-c2cc(C#N)c(C#N)c(C#N)n2)nc2cc(C#Cc3nc(C#N)cn3C(C)C)nc(N3CCOCC3)c12,30.51
CCc1nc(CN(CC)CC(F)(F)F)c(C#N)cc1-c1nc(C#N)nc(-c2ccc(C#N)c(C(F)(F)F)c2)n1,24.63
COC(=O)c1cc(-c2ccc(-c3cc(C#N)c(-c4ccc(-c5ccc(C#N)cc5)c(C#N)c4)nc3C)cc2)nc(C#N)c1Nc1cncnc1,29.65
Cc1ccc(-c2nc(-c3cc(-c4ccc(C#N)c(-c5ccc(C#N)cn5)c4)cc(C#N)n3)nc(N3CC4CC3C4)n2)cc1C#N,19.96
N#Cc1ccc(CSc2nc(-c3ccc(-c4ccc(C#N)cc4)cc3)c(C#N)c(-c3ccccc3)c2C#N)cc1,19.03
CCOCCNC(=O)C12CC(C1)N(c1nc(-c3ccc(C#N)nc3)nc(-c3cnc(C#N)c(C#N)c3)n1)C2,21.45
N#Cc1ccc(-c2ncc(-c3ccc(-n4cccc4C#N)cc3-c3ccc(C#N)nc3)c(C#N)n2)cc1,19.65
CN(C)CCn1c(O)c(O)c(C(=O)c2ccco2)c1-c1ccc(C#N)cc1,19.71
N#Cc1ccc(-c2ccc(-c3nc(-c4ccc(C#N)cc4)nc(-c4cc(-c5ccc(-c6ccc(C#N)c(C#N)c6)cn5)nc(C#N)n4)n3)cc2)cc1,13.39
N#Cc1nccc(-c2nc(-c3ccc(C#N)c(C#N)c3)nc(N3CC4CC3C4)n2)n1,11.03
N#CCCn1nc(-c2ccc(C#N)c(C#N)c2)nc1-c1sccc1-c1ccc(C#N)nc1C#N,31.35
N#Cc1nc(-c2cnc(-c3cccc(F)c3F)c(C#N)c2)n(C2CCN(CCF)CC2)n1,20.67
Cc1cc(C#N)nc(-c2nc(-c3cnc(C(C)(C)O)c(C#N)c3)nc(N3CC4CC3C4)n2)c1,12.81
N#Cc1ccc(-c2cc(-c3cc(-c4cncc(C#N)c4)nc(-c4ccc(-c5ccc(C#N)cn5)nc4)n3)nc(C#N)c2C#N)cc1,17.4
Cc1c(-c2nc(-c3ccc(C#N)cc3)nc(-c3ccc(-c4ccc(C#N)c(C#N)c4)nc3)n2)cc2c(nc(-c3ccc(C#N)cc3)n2CC(C)(C)C)c1-n1nccc1C#N,27.35
N#CC(C#N)=Cc1ccc(-c2nccc(-c3nc(N4CCC(F)CC4)nc(-c4ccc(C#N)nc4)c3C#N)n2)nc1,29.24
Cc1cc(-c2csc(=Nc3ccc(C#N)c(C#N)c3)[nH]2)nc(-c2cnc(-c3ccc(C#N)nc3)c(C#N)c2)n1,22.74
N#CC=Cc1cc(-c2ccc(-n3nccc3-c3ccc(-c4ccc(C#N)cc4)cc3)cc2)nc(C#N)n1,24.74
N#Cc1ccc(-c2cc(-c3nc(C#N)c(C#N)nc3-c3ccc(-c4ccc(C#N)cn4)cc3)nc(-c3ccc(-c4cccc(C#N)c4)cc3)n2)cc1,24.05
CN(C)c1nncc(-c2cnc(Cl)c(-c3cc(F)c(C#N)c(C#N)c3)c2)c1C#N,33.34
Cc1ncc(-c2nc(-c3cc(-c4cncc(F)c4)cc(C#N)n3)nc(N3CC4CC3(C(=O)O)C4)n2)cc1C#N,25.25
Cn1cc(-c2cc3c(C#N)cc(-c4ccc(-c5ccc(C#N)c(C#N)c5)nc4)nc3cn2)cn1,29.91
N#Cc1ccc(-c2nc(-c3cc(C#N)c(C#N)c(C#N)n3)nc(N3CCC(C#N)C3)n2)nc1,13.93
N#Cc1ccc(-c2cc(Cn3nc(-c4ccc(-c5ccc(C#N)cc5)c(C#N)c4)c4c(Cl)ccnc43)n(-c3ccc(S(N)(=O)=O)c(C#N)c3)n2)cc1,35.3
CN1CCN(NC(=S)NN=Cc2cc(-c3ccc(C#N)cc3)nn2-c2cc(-c3ccc(-c4ccc(C#N)cc4)cc3)nc(-c3cc(F)c(C#N)c(F)c3F)n2)CC1,26.81
N#Cc1ccc2c(c1)-c1c(-c3ccc(F)cc3)cc(C#N)cc1C2(O)C(F)(F)F,23.46
N#Cc1cc(N2CC3CC2CN3)cc(-c2nc(-c3cc(C#N)c(C#N)c(C#N)c3)nc(N3CC4CCOC4C3)n2)n1,27.76
N#Cc1ccc(-c2ncc(-c3cncc(NCc4ccc(-c5ccc(C#N)nc5)c(C#N)n4)c3)cc2C#N)cc1,23.73
CC(C)Oc1ncc(-c2nc(-c3ccc(-c4ccc(C#N)cc4)cn3)n(CC(=O)N3CCN(C)CC3)n2)cc1C#N,20.78
Cn1nc(-c2ccc(C#N)cn2)cc(-c2nc(-c3ccc(C#N)cc3)no2)c1=O,25.59
N#Cc1ccc(-c2nc(-c3ccc(-c4nc(-c5ccc(Cl)c(Cl)c5)no4)cc3Cl)cc(-c3ncccc3C#N)n2)s1,27.34
N#Cc1ccc(-c2ccc(-c3nc(-c4cnc(C(=O)O)c(C(N)=O)c4)nc(-c4cc(-n5cc(C#N)nc5-c5ccc(F)cc5)nc(C#N)n4)c3C#N)cc2)cc1,41.72
N#Cc1ccc(-c2nc(C#N)c(-c3nc(C#N)cc(N4CCOCC4)n3)[nH]2)cc1,18.02
N#CCc1nc(-c2cc(C#N)c(C#N)[nH]2)nc(-c2cncc(C#N)c2C(F)(F)F)n1,11.29
Cc1cc(C#N)ccc1-c1nc(-c2cnc(OC(C)C#N)c(C#N)c2)nc(N2CCCC2CF)n1,19.73
N#Cc1cccc(-c2nc(-c3ccc(C#N)c(C#N)c3)cc(-c3ccccn3)n2)n1,12.73
N#Cc1cncc(-c2ncc(-c3ccc(F)c(-c4cc(C#N)nc(C(F)(F)F)n4)c3)cc2C#N)n1,16.36
N#Cc1ccc(-c2nc(-c3cc(-c4cccc(Cl)c4Cl)nc(C#N)c3C#N)nc(-c3c(F)c(F)c(C#N)c(F)c3F)c2C#N)cn1,30.45
CN(C)C=Nc1nc(-c2ccc(-c3ccc(Cl)c(Cl)c3)cn2)nc(-c2cc(C#N)c(-c3ccc(C#N)cc3)cn2)n1,29.85
O=C(COC(=O)c1cc(-c2ccco2)nc2ccccc12)NC1CCCCC1,25.47
CC(C)Oc1ncc(-c2nc(-c3ccc(C#N)cc3)c(-c3cccc(C#N)n3)n2C)cc1C#N,14.86
Cn1nc(-c2cc(-c3ccc(C#N)cc3)cc(-c3ccc(-c4ccc(C#N)cc4)cc3)n2)nc1-c1ccc(-c2ccc(C#N)cc2C#N)nc1,16.66
N#Cc1ccc(-c2nc(-c3ccnc(Cl)n3)nc(-c3ccc(-c4ccc(N)c(C#N)n4)s3)n2)cc1C#N,22.85
N#Cc1cc(-c2cc(C#N)n(-c3nc(-c4cnc(C#N)c(C#N)c4)c(C#N)c(=N)[nH]3)n2)ccn1,17.12
N#Cc1ccc(-c2ncc(-c3ccc(-c4cc(-c5ccc(C#N)nc5)nc(-c5ccc(C#N)cc5)c4C#N)nc3)cc2C#N)cc1,14.07
N#Cc1ccc(-c2nc(-c3ccc(C(F)(F)F)c(C#N)c3)cc(-c3ccc(-c4cncc(C#N)c4)cn3)n2)cc1,21.37
COc1cccc(-c2cc(C#N)nc(-c3cc(-c4c(C#N)c(-c5cccc(C(F)(F)F)c5)[nH]c(=N)c4C#N)ccn3)c2)c1F,21.13
N#Cc1cc(-c2cc(-c3cc(-n4nccc4C#N)nc(C#N)n3)cc(F)c2C#N)ccn1,16.74
N#Cc1ccc(-c2ccc(-c3nc([N+](=O)[O-])n[nH]3)cn2)cc1C#N,18.65
N#Cc1ccc(-c2cc(-c3ncccc3NC(=O)c3c[n+](CC(=O)Nc4cc(F)c(F)c(F)c4)c4ccccc4n3)nc(-c3ccc(C#N)cc3)n2)cc1,38.16
N#Cc1ccc(-c2cc(-c3ccc(-c4nc(C#N)nc(-c5cccc(C#N)n5)c4C#N)c(F)c3)nc(-c3ccc(C#N)cc3)n2)cc1,13.66
N#Cc1ccc(-c2ccc(-c3c(C#N)c(C#N)c(N)n3-c3ccc(-c4ccc(C#N)cc4)cc3)cc2)cc1,15.38
C#CCn1c(C(F)(F)F)nc(-c2cc(-c3ccc(C#N)cc3)nc(-c3ccc(C#N)cc3)n2)c1-c1ccc(C#N)c(C#N)c1,15.7
Cc1nc(-c2ccc(-c3ccc(C#N)cc3)cc2)c(-c2cccc(C#N)c2F)cc1-c1nc(-c2ccc(C#N)cc2)nc(-c2ccc(NC3CCCC3)c(C#N)c2)n1,29.61
N#Cc1ccc(-c2ccc(-c3cc(-c4ccc(-c5nc(Cl)nc(C#N)c5C#N)cc4)nc(-c4cc(C#N)nc(C#N)n4)c3)cn2)cc1,19.52
N#Cc1cc(-c2cccc(-c3ccc(C(F)(F)F)n3CCF)c2)nc(-c2cnc(C#N)c(C#N)c2)n1,23.63
N#Cc1cccc(-c2cc(-c3csc(-c4cc(F)c(C#N)c(F)c4F)n3)nc(-c3nc(C#N)c(C#N)nc3C#N)c2)c1,30.48
Cc1ncnc(-c2ccc(C#N)c(C#N)c2)c1C#Cc1cccc(-c2noc(C#N)n2)c1,23.01
N#Cc1ccc(-c2ccc(-c3nc(N4CCCC4)[nH]c(=Nc4cc(C#N)c(C#N)cc4Cl)n3)cn2)cn1,25.48
N#Cc1cc(-c2ncc(-c3nc(-c4cc(C#N)c(C#N)c(C#N)c4)nc(N4CC5CC4CO5)n3)nc2C#N)cnc1C#N,16.26
Cc1[nH]c(=O)c(-c2nc(CCC#N)nc(-c3nc(C#N)cn3C)n2)cc1C#N,15.14
N#Cc1ccc(-c2ccc(-c3nc(-c4cc(F)c(C#N)c(F)c4F)cc(-n4nc(C(N)=O)c(C#N)c4-c4ccc(-c5ccc(C#N)cc5)cc4)n3)cc2)cc1,21.65
N#Cc1cccc(-n2c(-c3ccc(C#N)c(C#N)c3)c(C#N)c3c(-c4ccc(C#N)c(C#N)c4)nc(C#N)nc32)c1,22.65
N#Cc1cccc(-c2ccc(C=CC(=O)c3ccco3)o2)c1,24.74
CC(C)Oc1ncc(-c2cc(C#N)cc(-c3nccc(C#N)n3)n2)cc1C#N,10.23
N#Cc1ccc(-c2ncc(-c3ncc(-c4cc(F)cc(-n5nc(C(F)(F)F)cc5C#N)c4)cc3C#N)o2)cn1,14.66
N#Cc1ccc(-c2ccc(-c3nc(Sc4cc(C#N)c(C#N)c(C#N)c4)nc(-c4ccncc4)c3C#N)c(F)c2)cc1C#N,29.69
N#Cc1ccc(-c2ccc(-c3cc(-c4cc(-c5cccc(F)c5F)nc(-c5ccc(C#N)cc5)n4)cc(-c4nnc(C#N)o4)c3F)cn2)cc1,33.4
CN(C)CCOc1ccc(Nc2ncc(-c3cc(C#N)cc(-c4noc(-c5ccc(C#N)cc5)n4)c3)nc2C#N)cc1C#N,27.66
N#Cc1ccc(-c2nc(-c3ccc(C#N)c(C#N)c3)cc(-c3nc(-c4ccc(-c5nc(C#N)c(C#N)nc5C#N)cc4)nn3-c3ccccc3F)n2)cc1,27.26
N#CCCCc1nc(-c2ccc(C3CC3)c(C#N)c2)nc(-c2cc(C#N)c(C#N)[nH]2)n1,17.73
N#Cc1ccc(-c2ccc(-c3noc(-c4cc(-c5ccncc5)nc(-c5ccc(C#N)cc5)n4)n3)cc2)cc1,16.9
CC(Oc1c(C#N)cc(-c2nc(-c3cccc(C#N)n3)nc(N3CC4CC3C4)n2)nc1C#N)c1ccc(C#N)cc1,16.25
CC(C)Oc1ncc(-c2nc(-c3nc(C#N)cn3C)nc(N3CCOCC3)n2)cc1C#N,13.44
Cn1nc(-c2ccc(C#N)cc2)nc1-c1cc(C2CC(C)(O)C2)nc(-c2cnc(C(F)(F)F)c(C#N)c2)n1,21.95
N#Cc1cc(C#N)[nH]c(=NC(=O)c2cc(N3CCOCC3)nc(-c3cc(-c4cncc(F)c4)ncc3F)n2)c1,27.15
N#Cc1cc(-c2ccc(-c3cnc(C(F)(F)F)c(C#N)c3)cc2F)cc(-n2nccc2C#N)n1,16.89
CC(C)(C)C(=O)Oc1ncc(-c2nc(-c3nc(C#N)ccc3C#N)nc(N3CCC3)n2)cc1C#N,17.22
O=C1c2ccccc2-c2nc(-c3ccc(Br)cc3)cc(-c3ccc(Br)cc3)c21,23.06
N#Cc1ccc(-c2cc(-c3ccc(-c4ccc(C#N)cc4)nc3)nc(-c3nc(-c4nc(C#N)c[nH]4)cs3)c2)cc1,29.3
N#CC=Cc1ccc(NC(=O)c2cnc(-c3ccc(-c4ccc(C#N)cc4F)nc3)nc2-c2ccc(-c3ccc(C#N)cc3)cc2)cc1C#N,25.6
N#Cc1ccc(-c2nn(-c3ccc(C#N)cc3)cc2C(=O)Nc2ccc(OC(F)F)nc2)cc1,24.78
N#Cc1cc(NC(=O)C2(NC(=O)c3cc(-n4cnc(C5CC5)c4)c(C#N)cn3)CCC2)ccc1N,34.26
Cc1nc(-c2cccc(C(=O)O)c2C)sc1-c1ccc(-c2cc(-c3ccccn3)nc(-c3ccc(Cl)c(C#N)c3F)n2)cc1,42.68
CC1(CC(=O)NCC#N)CCN(c2nc(-c3ccc(C#N)cc3)cc(-c3ccc(C(F)(F)F)c(C#N)c3)n2)CC1,31.83
N#Cc1c(N)sc2c1CCN(Cc1cccnc1)C2,20.43
CC(C)Oc1ccc(-c2nc(COc3cc(C#N)cc(C#N)c3)n(C)c2C#Cc2cnc(-c3ccc(C#N)nc3)c(C#N)c2)cc1C#N,21.45
N#Cc1cc2c(c(C#N)nn2-c2cccc(C#N)c2F)c(-c2cnc(-c3ccc(C#N)c(F)c3)cc2Cl)n1,25.62
C#CC(C)(C)Oc1cc(OC(F)(F)F)c(-c2ncc(C#N)n2-c2ccc3[nH]c(=O)ccc3c2)cn1,36.27
N#Cc1cccc(-c2cc3ncn(-c4cc(-c5cnc(C#N)c(C#N)n5)ccc4C#N)c3cn2)c1,26.72
N#Cc1ccc(Oc2nc(C#N)c(C#N)nc2-c2ccc(-c3cc(-c4c(C#N)ccnc4Cn4nc(Cl)c(Cl)c4C#N)nc(C#N)n3)cc2C#N)cc1,43.85
N#Cc1ccc(-c2ccc(-c3nc(C4=CCNCC4)c(-c4cccs4)[nH]3)cc2)cc1,26.57
C=CC(=O)N1CCC(C(C)n2nc(C#N)nc2-c2cnc(-c3cncc(C#N)n3)c(C#N)c2)CC1,22.91
Cn1nc(-c2ccc(C#N)c(F)c2F)nc1-c1ccc(Cc2cnc3c(C#N)cccc3n2)cc1,35.02
CC(C)N(C)CCn1cc(C#N)nc1-c1cnc(C#N)c(-c2cnc(OC(F)F)c(C#N)c2)n1,19.35
CC(C)Oc1cc(OC(F)(F)C(F)F)c(-c2nc(-c3ccc(C#N)cc3)nc(-c3cc(C#N)c(CC#N)[nH]3)n2)cc1C#N,30.31
CC(C)Oc1ncc(-c2cc(C#N)cc(-c3nc(C#N)ccc3C#N)n2)cc1C#N,10.92
Cc1nnc(-c2cc(-c3nc(C#N)ccc3F)cc(-n3nc(-c4cccc(C#N)n4)nc3-c3ccc(-c4ccc(C#N)cc4)cn3)c2)o1,33.05
Cc1cccc2c(C#N)c3c(c(-c4nc(-c5cnc(C#N)c(C#N)c5)nc(-c5c[nH]c6cc(Cl)ccc56)n4)c12)OCO3,27.0
N#Cc1ccc(-c2ccc(-c3c(-c4c[nH]c(=N)c(C#N)c4)cc(C#N)n3Cc3ccc(-c4ccc(C#N)cc4)nc3)cc2)cc1,18.84
Cn1nc(C(F)(F)F)cc1-c1ccc(-c2ccc(C#Cc3nc(C#N)cc(C#N)n3)c(F)c2)c(C#N)c1,25.28
N#Cc1ccc(-c2nc(-c3ccc(C#N)c(C#N)c3)cc(-n3cc(C#N)cn3)n2)cc1,13.87
CN(Cc1c(C#N)[n+]([O-])c2cc(C#N)ccc2[n+]1[O-])c1ccc(C#N)c(C#N)c1,26.08
N#Cc1ccc(-c2ccc(-c3ccc(-c4ccc(Cl)c(Cl)c4)n3CC(=O)N=C(N)N)cc2)cn1,19.82
N#Cc1ccc(-c2nc(-c3ccc(-c4[nH]c(C#N)cc4C#N)cc3C#N)ccc2C#N)c(F)c1,26.04
N#Cc1ccc(-c2nc(=NCCCn3ccnc3)nc(-c3ccc(C#N)cc3)[nH]2)cc1,23.42
N#Cc1cncc(-c2nc(C#N)nc(-c3cc(-c4cnc(C#N)c(C#N)n4)cc(-n4nc(C#N)cc4C#N)c3)c2F)c1,27.26
N#CCc1cc(-c2cnc(-c3ccc(F)cc3)c(C#N)c2)nc(-c2cc(C#N)c(C#N)[nH]2)n1,14.22
C=c1c(=Cc2c(O)n(CCc3ccc(-c4cccc(C#N)c4)nc3)c(=O)n2Cc2ccco2)cc(C)n1-c1cccc(C#N)c1,30.64
Cc1cc(-c2cnc(OC(C)C3CCN(C)CC3)c(C#N)c2)nc(-c2nccc(C#N)n2)c1,21.87
CC(C)(O)c1ncc(-c2nc(-c3cc(C4CC4)cc(C#N)n3)nc(N3CCC(O)(CO)CC3)n2)cc1C#N,21.99
N#Cc1ccccc1-c1nc(-c2ccc(-c3ccc(Cl)c(Cl)c3)cc2)cc(-c2ccc(-c3cc(C(F)(F)F)nc(-c4cc(F)c(C#N)c(F)c4F)n3)[nH]2)n1,39.05
N#Cc1ccc(-c2nc(-c3ccc(-c4cccc(C#N)n4)cc3)cc(-c3nc(Cl)nc(Cl)n3)n2)cc1,13.21
N#Cc1cc(-c2cc(N3CC4CC3CO4)nc(-c3ccc(C(F)(F)F)nn3)n2)nc(C#N)c1C#N,22.18
Cn1cnc2c(c(-c3cc(C#N)nc(-c4cc(C#N)c(C#N)c(C#N)n4)n3)nn2CCN2CCCC2)c1=O,27.3
N#Cc1cccc(-n2ncc(-c3ccc4nc(-c5cccc(C#N)n5)cc(-c5cc(C#N)ccc5Cl)c4c3)n2)c1,35.08
N#CCn1nc(-c2cc(C#N)cc(-c3ccc(-c4noc(C#N)n4)cc3Cl)c2)nc1-c1cc(C#N)c(N)c(C#N)c1,27.14
Cn1cc(-c2cc(C#N)cc(-c3nc(-c4ccc(C#N)cc4)nc(-c4ccc(-c5nc(C#N)c(C#N)c(C#N)n5)nc4)n3)c2)cn1,29.29
N#Cc1ccc(-c2nc(-c3cccc(-n4cc(-c5ccc(C#N)c(C#N)c5)cn4)c3)cc(-c3ccc(C#N)c(C#N)c3)n2)cc1,19.12
N#Cc1cc(=Nc2nc(-c3ccc(-c4cnc(C#N)c(C#N)c4)cc3)nc(-c3cnc(N)c(C#N)n3)n2)cc[nH]1,25.46
COCC12CCN(c3nc(-c4cnc(C(C)(C)O)c(C#N)c4)c(C#N)c(-c4nccc(-c5ccc(-c6cccc(C)n6)nc5)n4)n3)CC1C2,30.33
N#Cc1ccc(-c2nc(-c3cc(C#N)cc(-n4nc(C(N)=O)cc4C#N)c3)ccc2C#N)cc1,14.74
CC(O)(c1ncc(-c2nc(-c3cc(-c4nc(-c5ccc(C#N)nc5)nc(-c5cccc(-c6ccc(C#N)cn6)c5)c4C#N)cc(C#N)n3)nc(N3CC4CC3C4)n2)cc1C#N)C(F)(F)F,38.2
CC(C)n1nc(-c2cnc(-c3ccsc3)c(C#N)c2)nc1-c1cnc(C#N)c(C#N)c1,15.86
N#Cc1ccc(-c2ccc(Cc3nc(-c4ccc(C#N)cc4)ccc3C(COc3ccc(-c4cccc(C#N)n4)cc3)=NO)cc2)cc1,25.72
Cn1c(-c2nc(-c3ccc(C#N)cc3)nc(-c3ccc(C#N)cc3)c2C#N)ccc1-c1c(C#N)c(-c2ccncc2)nn1-c1ccc(Cl)c(Cl)c1,22.43
N#Cc1ccc(-c2ccc(-c3nsc(-c4cccc(S(=O)(=O)Nc5ccc(-c6cccc(C#N)c6)cc5)c4)n3)cc2)cc1,28.19
CCNc1cnc(-c2cc(C#N)cc(-c3cnc(-c4ccc(F)c(C#N)c4)s3)c2)nc1,25.83
N#Cc1ccc(-c2nc(-c3cnc(C#N)c(C#N)c3)nc(C3CC(F)(F)C3)n2)cn1,16.07
Cc1ccccc1N(CC(=O)Nc1cccc(C#N)c1)S(=O)(=O)c1ccc(C#N)cc1,22.13
CC(=O)NCCn1cc(-c2ccc(Cl)cn2)nc1-c1cnc(OC(C)C)c(C#N)c1,24.71
N#Cc1nccc(-c2ccc3c(c2)C(=O)c2ccc(NC(=O)CC4CCN(C#N)CC4)cc2C3=O)n1,26.65
COc1cc(C#N)c(C#N)cc1N=c1[nH]c(C#N)nc(=Nc2cnc(C#N)c(C#N)c2)[nH]1,17.68
N#CC=Cc1cc(C#N)nc(-c2ccc(-c3nc(C#N)c(C#N)nc3-c3ccc(C#N)cc3)cc2)n1,16.83
N#Cc1ccc(-c2cc(C#N)nc(-c3cc(-c4ccc(-c5cnc(C#N)o5)nc4)cc(C#N)n3)n2)cc1,20.63
CN(Cc1ccc(C#N)cc1)C(=O)n1ccc(-c2cc(C#N)nc(-c3cc(-c4ccc(-c5ccc(C#N)cc5)cc4C#N)c(C#N)c(-c4ccc(C#N)cc4)n3)c2)n1,33.12
N#CCn1c(-c2cccc(-c3c[nH]c(-c4ccc(-c5cccc(C#N)n5)c(F)c4)n3)c2)nc(C#N)c1-c1ccc(-c2ccc(C#N)c(C#N)c2)cc1,29.66
N#Cc1nc(-c2c(F)c(F)c(C#N)c(F)c2F)[nH]c1-c1cccc(COCCO)c1,25.4
N#Cc1nc(-c2cccnc2)c(F)c(-c2nc(C(F)(F)F)n(-c3ccc(-c4ncc(C#N)c(C#N)n4)c(F)c3)c2-c2ccccn2)n1,40.68
CC(=O)Nc1sc(-c2nc(-c3ccc(C#N)c(C#N)c3)nc(-c3cn(C4CCN(CC#N)CC4C#N)c(CF)n3)n2)nc1C#N,37.3
Cc1noc(-c2nc(OCCCN)c(-c3cncc(-c4ccc(F)cc4C#N)c3)cc2C#N)n1,27.5
CC(=O)NCC1CN(c2ccc(-n3cc(-c4ccc(-c5cccc(C#N)c5)o4)cn3)c(F)c2)C(=O)O1,31.07
N#Cc1ccc(-c2ncc(-c3cc(C#Cc4ccc(C#N)nc4-c4ccc(C#N)cc4)ccc3C#N)cc2C#N)cc1,17.57
N#Cc1cccnc1-c1nc(-c2cc(C#N)c(C#N)c(C#N)n2)ccc1C1CCOC1,20.28
N#Cc1cc(-c2ccc(-c3cnc(N)c(C#N)n3)c(F)c2)cc(-n2nc(C(F)(F)F)cc2C#N)n1,11.62
N#CSc1ccccc1COc1c(C#N)cc(-n2nc(CO)cc2C#N)cc1-c1ccc(C#N)nc1,29.88
Cn1c(-c2cc(-c3ccc(C#N)cc3)cc(-c3cc(C#N)c(=N)[nH]n3)n2)cc(-c2ccc(C#N)cc2)c1-c1ccnc(C(N)=O)c1C#N,30.43
N#Cc1nc(-c2c(C#N)nc(-c3cccnc3)c(F)c2F)oc1N1CCC(C(N)=O)CC1,29.21
CC(C)Oc1ncc(-c2nc(-c3ccc(F)c(F)c3C#N)cc(N3CC4CC3C4)n2)cc1C#N,15.02
N#Cc1c(COc2ccc(C=O)cc2)no[n+]1[O-],18.22
CC(C)n1c(-c2ccc(-c3ccc(C#N)cn3)cc2)nc(-c2cccc(C#N)n2)c1-c1ccc(Cn2ccc(C(=O)O)n2)cc1,30.17
N#Cc1ccc(-c2ccc(-c3cc(-c4cc(-c5ccc(-c6cccc(C#N)n6)cc5)nc(-c5ccc(-c6cccc(F)n6)c(F)c5)c4)[nH]c(=N)c3C#N)cn2)nc1,29.26
COc1cncc(-c2cccc(-c3cc(C#N)c(C#N)c(OC(C)c4cnccc4CN4CCCCC4)n3)n2)n1,30.24
N#Cc1nc(-c2cnc(C#N)c(C#N)c2)nc(-c2cc(-n3cncc3C#N)cc(N3CC(F)C3)n2)n1,18.28
Cn1c(C#N)cnc1-c1ccc(-c2cnc(C#N)c(C#N)n2)c(-c2cc(F)c(C#N)c(F)c2)c1,20.99
N#Cc1ccc(-n2cc(-c3cccc(OC(F)(F)F)c3F)cc2C#N)cc1C#N,20.01
Cc1nc(Sc2ccc(NS(=O)(=O)c3ccc(-c4cc(C#N)on4)cc3)cc2C#N)ccc1C#N,27.44
Cc1[nH]c(=NC(=O)Cn2cc(C#N)nc2C)c(-c2cc(Cl)nc(-c3cccc(C#N)n3)n2)cc1C#N,35.26
N#Cc1ccc(-c2ccc(Nc3oc(-c4ccc(-c5ccc(C#N)cc5)cc4)nc3C#N)cc2)cc1,15.02
N#Cc1ccc(Cn2ccc3cc(C=Cc4nc(-c5cc(C#N)c(-c6nc(C#N)c(C#N)[nH]6)nc5C(=O)O)co4)ccc32)cc1,40.05
N#Cc1ccc(-c2ccc(-c3[nH]c(SCc4nc(N)c(C#N)c(-c5ccc(C#N)cc5)n4)nc(=Nc4sc5c(c4C#N)CCCCC5)c3C#N)cc2)cc1,26.92
COc1c(-c2nc(-c3ccc(C#N)cc3)cc(-c3cc(-c4cccc(-c5ccc(C#N)cc5)c4)n(CCO)c(=O)c3C#N)n2)ccc(C#N)c1C#N,34.56
N#CCn1nc(-c2ccc(C#N)c(C#N)c2)cc1C(C#N)n1c(-c2ccc(-c3ccc(C#N)cc3)cc2)nc2nc(C#N)ncc21,31.77
N#Cc1cc(C#N)nc(-c2nc(-c3cnc(C(N)=O)c(C#N)c3)nc(N3CC4CC3C4)n2)c1,14.07
N#Cc1ccc(C#N)c(-c2nc(-c3ccc(-c4nc(C#N)no4)c(C#N)c3)nc(N3Cc4nc(C(N)=O)cn4C3)n2)n1,32.54
N#Cc1ccc(-c2ccc(-c3nc(-c4ccc(NC(=O)C(F)(F)F)c(C#N)n4)nc(-c4cc(-n5cccc5C#N)nc5ccccc45)n3)cc2)cc1,28.47
N#Cc1ccc(-c2cc(Nc3ccc4c(c3)C(=O)c3ccc(N)cc3C4=O)nc(-c3cccc(-c4cc(C#N)c(-c5ccc(C#N)cc5)cn4)c3)n2)cc1,19.02
N#Cc1ccc(-c2ccc(Cn3nc(C#N)cc3-c3ccc(-c4ccccc4C#N)nc3)cc2C#N)cc1,20.59
N#Cc1ccc(-c2ccc(-c3nc(Oc4ccc(S(=O)(=O)Nc5ccc(C#N)cc5F)cc4C#N)nc(-c4ccc(C#N)cc4)n3)cc2)cc1,20.16
N#CC=Cc1cc(C#N)nc(-c2cc(-c3ccc(C#N)cc3)cc(-c3ccc(-c4ccc(C#N)cn4)nc3)n2)n1,16.02
CC(C)Oc1ncc(-c2cc(N3CC4CC3CO4)nc(-c3cccc(C#N)n3)n2)cc1C#N,11.68
N#Cc1ncc(-c2csc(-c3nc(Nc4ccc5c(c4)C(=O)c4ccc(N)cc4C5=O)cc(-c4cnc(C#N)c(C#N)c4)n3)c2)cn1,21.63
N#Cc1ccc(-c2nc3c(C#N)c(-c4ccc(C#N)cc4)c(C#N)c(CCN(O)Cc4ccc(-c5cccc(C#N)c5)nc4)n3n2)cc1,36.6
N#Cc1cncc(C#Cc2ccc(-c3cc(C#N)c(-c4ccc(C#N)c(F)c4)nc3C(F)(F)F)cc2C#N)n1,15.87
Cc1c(CC#N)nc(-c2ccc(Cl)c(Cl)c2)nc1-c1ccc(-c2cnc(-c3ccc(F)c(C#N)c3)c(C#N)c2)s1,20.5
N#Cc1ccc(-c2cc(C#N)cc(C(C#N)c3nc(-c4ccc(-c5cc(F)cc(C#N)c5)c(C#N)n4)oc3-c3ncccc3C#N)n2)cc1,30.58
CCOc1cc(Cl)cc(-c2nc(-c3cc(C#N)c(C#N)c(C#N)n3)nc(N3CCCN(CC#N)CC3)n2)c1F,26.9
Cc1cc(-c2nc(C#N)cn2C(C)C)nc(-c2cnc(OC(c3nc(C#N)cn3C)C3CC3)c(C#N)c2)n1,20.13
CS(=O)(=O)NCCN1CC(n2nc(-c3ccc(-c4ccc(C#N)cc4)cc3)nc2-c2cnc(C#N)c(C#N)c2)C1,19.89
N#Cc1nc(-c2ccc(-n3nccc3C#N)c(N=c3[nH]c(C#N)ncc3F)n2)nc(-c2c(Cl)cc(F)c(F)c2Cl)n1,32.9
N#Cc1ccc(-c2ccc(-c3cc(-c4cc(-c5noc(-c6ccc(C#N)cc6)n5)ccc4C#N)cc(-c4ccc(-c5ccc(C#N)c(F)c5)cc4)n3)cc2)cc1,23.64
N#Cc1ccc(-c2ccc(-c3nc(-c4c(F)c(F)c(C#N)c(F)c4F)nc(-c4c(F)c(F)c(C#N)c(F)c4F)n3)cn2)cc1C#N,11.47
N#Cc1ccc(-c2nc(-c3ccc(-c4ccc(C#N)c(C#N)c4)nc3)nc(-c3ccc(-c4cccc(C#N)n4)c(Cl)c3)n2)cc1,21.64
N#Cc1cc(C#N)cc(Nc2ccc(-c3ccc(-c4cnc(-c5ccccc5F)cn4)nc3C#N)nc2C#N)c1,24.91
N#Cc1ccc(-c2ccc(-c3cc(-c4ccc(-c5ccnc(Cl)n5)cn4)ccc3F)cc2)cc1,16.55
N#Cc1cc(-c2n[nH]c(C#N)n2)cc(-c2cccc(C#N)c2F)c1,16.98
N#Cc1ccc(-c2ccc(-c3cc(-c4cnc(-c5cc(F)c(C#N)cc5F)c(C#N)n4)nc(-c4ccc(-c5ccc(C#N)cn5)nc4)n3)cc2)nc1,21.68
N#CNCc1cccc(-c2ccc3nc(-c4ccc(-c5ccc(C#N)cc5)cc4)nc(N4CCOCC4)c3c2)c1,22.19
CNc1sc(-c2ccc(-c3nc(-c4ccc(C#N)cn4)ccc3-c3ccc(C#N)cc3)cc2)nc1C#N,21.44
COCCN1CCN(c2ccc(C#Cc3cc(Nc4ccc(C#N)c(C#N)c4)nc(C#N)n3)cc2C#N)CC1,27.04
Cc1ccc(-n2nccc2C#N)cc1-c1cnc(-c2ccc(C#N)cc2F)c(C#N)c1,12.8
N#Cc1ccc(-c2ncc(-c3nc4cc(C#N)ncc4n3CC(=O)Nc3cccc(C#N)c3)cc2C#N)nc1,21.01
N#Cc1ccc(-c2cc(-c3ccc(C#N)o3)c(C#N)c(-c3ccc(-c4ccc(C#N)cc4)c(C#N)c3)n2)cc1,22.47
N#Cc1ccc(-c2cc(-c3cc(C#N)c(N)nn3)cc(-c3ccncc3C#N)c2F)c(Cl)c1,22.61
CN(C)c1ccc(-c2c(-c3ccc(C#N)cc3)c(S(=O)(=O)N(C)C)cn2C)nc1,31.49
N#Cc1ccc(-c2ccc(-c3ccc(-c4nc(Sc5nc6cc(C#N)ccc6[nH]5)nc(-c5ccc(-c6ccc(C#N)cc6)nc5)n4)cn3)cc2)cc1,24.87
N#Cc1ccc(-n2c(=O)cc(O)[nH]c2=S)cc1C#N,17.81
C=CCn1c(-c2cc(-c3ccc(C#N)cc3)nc(-c3ccc(C#N)cc3)n2)nnc1-c1ccc(C#N)nc1-c1ccc(C#N)cc1,19.68
Cc1nc(-c2ccc(C#N)o2)c(C#N)cc1-c1ccc(-c2ccc([N+](=O)[O-])c(C#N)c2)cc1C#N,30.92
N#Cc1ccc(-c2ccc(C#N)n2-c2ccc(-c3ccc(C#N)c(C#N)c3)nc2)c(C#N)c1,16.56
CCCc1nc(-c2cnc(N3CC4CC3CO4)c(C#N)c2)cc(=NCc2cc(F)cc(C#N)c2)[nH]1,26.15
N#Cc1ccc(-c2cc(-c3ccc(-c4nc(C#N)nc(C#N)n4)cn3)nc(-c3nc(-c4ccc(-c5ccc(C#N)cc5)s4)nc(-c4cc(F)c(F)c(F)c4F)n3)c2)cc1,27.73
COc1ccc(-c2nc(SCC(=O)O)c(N3CCN(C(=O)Cn4cnc(-c5ccc(-c6ccc(C#N)cc6)cc5)n4)CC3)nc2-c2ccc(-c3ccc(C#N)cc3)cc2)cc1,35.69
C#CCN(Cc1ccc2nc(CCC)nc(C#N)c2c1)c1ccc(C#N)cn1,29.3
N#Cc1ccc(-c2cc(-c3ccc(-c4nc(C#N)c(C#N)nc4C#N)cc3)nc(-n3cncc3C#N)c2)cc1,15.57
N#Cc1ccc(-c2ccc(-c3nc(-c4ccc(C#N)cc4)nnc3-c3cc(N)cc(-c4ccc(C#N)c(-c5ccc(C#N)c(C#N)c5)c4)c3)cc2)cc1,28.05
N#Cc1ccc(-c2nc(C#N)cc(-c3cccc(-c4nnc(Cc5ccc6c(c5)C(=O)OC6)[nH]4)c3)c2C#N)cc1,29.86
N#CC=Cc1cc(C(F)F)nc(-c2cnc(C#N)c(-c3cccc(-c4cccc(C#N)c4)n3)n2)n1,23.18
N#Cc1ccc(-c2ccc(-c3nc(-c4cnc(C#N)c(C#N)c4)n[nH]3)nc2)cc1,12.56
N#Cc1ccc(-c2ccc(-c3nc(-c4ccc(C#N)cc4)nc(-c4cc(-n5nc(C(F)(F)F)cc5C#N)nc(C#N)n4)n3)cn2)cc1,12.56
N#Cc1ccc(-c2ccc(-c3cc(-c4ccc(C=Nc5cc(O)c(N)cc5O)cc4)nc(-c4ccc(C#N)cc4)n3)cc2)cc1,11.95
CC(C)(N)C(=O)NC(CCCCCCCCn1nnc(-c2ccc(-c3cccc(C#N)c3)c(OC(F)(F)F)c2)n1)C(=O)O,40.91
N#Cc1ccc(-c2nc(-c3ccc(C#N)cc3)nc(N3CCN(c4ccc(C#N)cc4)CC3)n2)cc1,17.82
COc1nc(-c2cc(C#N)cc(C#N)c2)ccc1-c1nc(-c2ccc(-c3ccc(C#N)cc3)cc2)n(-c2ccc(C#N)c(C#N)c2)n1,20.31
N#Cc1cc(-c2ncc(-c3cc(-c4ccc(C#N)nc4)nc(C#N)n3)cn2)c(C#N)c(C(F)F)c1,22.38
Cc1ccc(-c2nc(-c3cccc(C#N)n3)nc(N3CC4CC3CO4)n2)cc1C#N,10.85
N#Cc1ccc(-c2ccc(-c3ccc(-c4nn(-c5ccc(C#N)cc5)c(-c5ccc(-c6ccc(C#N)cc6)c([N+](=O)[O-])c5)c4-c4[nH]cc(-c5ccccc5)c4C#N)cn3)cc2)cc1,37.7
N#Cc1ccc(-c2cc(C#N)nc(-c3cc(C#N)cc(-c4cnc(C#N)nc4)c3)c2)cc1,15.87
N#Cc1ccc(-c2nc(-c3ccc(-c4cccc(C#N)c4)nc3)nc(-c3cccc(-c4nc(N5CCOCC5)nc(-c5ccc(-c6nc(C#N)c(C#N)nc6C#N)cc5)c4C#N)c3)n2)cc1,29.27
N#Cc1ccc(-c2ccc(-c3nc(-c4ccc(-c5cnc(C#N)c(C#N)c5)cc4)nc(-c4cccc(C#N)n4)n3)cn2)cc1,19.12
N#Cc1ccc(-c2nc3cc(-c4cnc(-c5ccc(Cl)cc5)c(C#N)c4)nc(C#N)c3[nH]2)cc1C#N,23.1
Cc1noc(-c2nc(-c3ccc(C#N)cc3)nc(-c3cnc(NCc4ccco4)c(C#N)c3)n2)n1,29.65
Cc1nnc(N(Cc2ccc(F)c(C(F)(F)F)c2)Cc2ccc(-c3ccc(C#N)cc3)cn2)nn1,26.65
CC(C)Oc1cnc(-c2cc(-c3ccc(-c4ccc(C#N)nc4)c(F)c3F)nc(-c3ccc(C#N)cc3)n2)cc1C#N,18.68
COc1ccc(C#N)cc1-c1ccc(-c2cc(-c3ccc(-c4ccc(C#N)cc4)nn3)nc(-c3ccc(C#N)cc3)n2)cc1,19.57
N#Cc1ccc(N=c2[nH]cc(C#CCC(O)(C#N)C#N)nc2Cl)nc1C#N,27.34
N#Cc1ccc(-c2ccc(-c3cc(-c4ccc(-c5cc(C(F)(F)F)ccc5C#N)cc4)cc(-c4ccc(-c5nc(Cl)nc(Cl)n5)cc4)n3)cc2)nc1,20.03
Cc1cccc(Nc2c(C#N)nc(-c3cc(C#N)c(-c4cc(-c5nccc(C#N)n5)ccc4C#N)cn3)c3[nH]c(=N)c(C#N)cc23)c1C,35.78
N#Cc1cccc(-c2ccc(-c3c[nH]c(=N)c(-c4nc(C#N)nc(-n5cccc5)n4)c3)cn2)c1,23.13
COCCOc1nc(-c2ccc(C#N)cc2)c(C#N)cc1-c1ccc(-c2nccc(Sc3ccc(F)c(C#N)c3)n2)cn1,30.3
N#Cc1ccc(-c2ccc(-c3cccc(-c4cc(C#N)cc(-c5ccnc(-c6ccc(C#N)cc6)n5)c4)c3)cn2)cc1,18.28
N#Cc1ccc(-c2cnc(C(C#N)c3oc(-c4cc(C#N)c(-c5ccc(F)c(C#N)c5)c(C#N)n4)nc3C#N)cc2C#N)cn1,28.69
N#Cc1ccc(-c2ccc(-c3ccc(-c4cc(C#N)nc(-c5cnc(-c6cccc(C(N)=O)c6)c(C#N)n5)n4)c(CO)c3)cc2)cc1,38.57
CN=c1nc(-c2cn(Cc3nc(-c4ccc(C#N)cc4)c(C#N)cc3-c3cc4cc(F)ccc4oc3=O)cn2)cc(C#N)[nH]1,42.41
N#Cc1ccc(-c2nc(-c3ccc(C#N)c(C#N)c3)nc(-c3cc(C#N)n(-c4cc(C#N)c(-c5ccc(C#N)cc5C#N)cc4F)n3)n2)cc1,20.52
N#Cc1ccc(-c2cc(-c3ccncc3)nc(-c3cc(C#N)c(=N)[nH]n3)c2)cc1,12.25
N#Cc1ccc(-c2ccc(C#N)c(-c3nc(N4CCN(CC(=O)N5CCOCC5)CC4)nc(-c4c(F)c(F)c(C#N)c(F)c4F)c3C#N)n2)cn1,25.63
N#Cc1cc(-c2ncc(-c3c(F)ccc(-c4nnc(Cl)c(C#N)n4)c3F)cc2C#N)c(C#N)cc1F,21.3
N#Cc1ccc(-c2ccc(-c3nc(C=Cc4nc(-c5ccc(C#N)cc5)nn4-c4cccc(C#N)c4)cc(-c4ccc(C#N)cc4)n3)cc2)cc1,20.65
N#Cc1ccc(-c2ccc(-c3cc(-[n+]4ccc(-c5ccncc5)cc4)nc(-c4ccc(-c5cccc(-c6ccc(C#N)cc6)n5)cc4)n3)cc2)cc1,10.47
CN(CC#N)Cc1ncc(-c2ccc3nc(-c4cnc(C#N)c(C#N)n4)nc(-c4ccc(-c5cc(C#N)ccc5F)cc4)c3c2)cc1C#N,29.91
Cc1nc(-c2ccc(C#N)cc2)c(C#N)cc1-c1ccc(-n2nccc2C#N)cn1,13.32
N#Cc1csc(-c2ncc(-c3ncc(-c4cc(F)cc(-n5nc(C(N)=O)cc5C#N)c4)cc3C#N)o2)n1,14.63
CC(C)(C)Nc1ncc(-c2cnc(-c3cccc(-c4ccc(C#N)cc4C#N)c3F)cc2C#N)nc1C#N,24.48
N#Cc1ccc(-c2nc(C#N)c(C#N)nc2-c2ccc(-c3nnc(-c4ccccn4)cc3C#N)cc2)c(F)c1,23.51
N#Cc1ccc(-c2cc3nc(-c4cccc(C#N)n4)cc(N4CCN(C(=O)c5cccs5)CC4)n3n2)cc1,28.74
N#Cc1ccc(-c2cc(-c3ccc(C#N)c(C#N)c3)nc(C#N)n2)c(-c2ccc(F)cc2)n1,15.84
CSc1c(-c2ccccc2C#N)nc(-c2cnc(C#N)c(C#N)c2)nc1N1CC(F)C(F)C1,18.72
COc1cncc(-c2ncc(-c3cc(-c4ccc(C#N)s4)nc(-c4ccc(-c5cnc(C#N)c(C#N)c5)cc4Cl)n3)cc2C#N)c1,28.81
Cc1nc(-c2ccc(C#N)c(C#N)c2)c(-c2ccc(C#N)cc2)cc1-c1cc(C#N)ncn1,21.32
N#Cc1cc(-c2cc(N3CCC(C#N)C3)nc(-c3ccc(F)c(C#N)n3)n2)nc(C#N)c1C#N,14.34
N#Cc1ccc(-c2cc(-c3ccc(-c4cc(C#N)c(-c5nnco5)nc4CO)s3)nc3ccccc23)cc1,33.64
N#Cc1cc(C#N)c(-c2cc(C#N)c(-c3nc(-c4cnc(C#N)c(C#N)c4)nc(N4C5CCC4COC5)n3)nc2C#N)cc1C#N,24.28
N#Cc1ccc(-c2nc(-c3ccc(-c4cnc(C#N)c(C#N)c4)cn3)cc(-c3c(F)c(F)c(C#N)c(F)c3F)c2C#N)cc1,12.53
CN(C)c1nnc(-c2cc(-c3ccc(-c4cnc(C#N)c(C#N)c4)cc3)cc(C#N)n2)cc1C#N,14.52
Cn1cc(-c2nc(-c3ccc(C#N)cc3)nc(-c3cnc(N)c(C#N)n3)c2F)cc1O,29.15
N#Cc1ccc(-c2nc(-c3ccc(C#N)nc3)cc(-c3cnc(Oc4cc(C#N)cc(C#N)c4)cc3C#N)n2)cc1,23.01
N#Cc1ccc(-c2nc(-c3ccc(C(=O)NCC(=O)N4CCCC4C#N)cc3)cc(-c3cccc(C#N)n3)n2)cc1,19.21
CCOc1[nH]c(=Nc2cc(C#N)cc(-c3cnc(C(=O)NCCOC)c(C#N)c3)c2)ncc1C#N,27.46
N#Cc1ccc(-c2ccc(-c3ncc(-c4cnc(N=c5ccc(C#N)c[nH]5)c(C#N)n4)c(-c4cccc(C#N)n4)n3)cc2)cc1,15.55
N#Cc1ccc(-c2nc(C#N)nc(=Nc3csc(-c4ccncc4)n3)[nH]2)cc1,21.09
N#Cc1ccc(-c2cc(-c3cccc(C#N)n3)cnc2-c2cccc(C#N)n2)cc1,11.65
N#Cc1cc(C(N)=O)nc(-c2nc(-c3cc(C#N)c(C#N)c(C#N)n3)ccc2C#N)c1,16.39
N#Cc1ccc(-c2ccc(-c3nc(-c4ccc(C#N)cc4)nc(-c4cc5c(C#N)c(-c6ccc(C#N)c(C#N)c6)nc(C#N)c5[nH]4)n3)cc2)cc1,26.88
N#Cc1ccc(C2(F)CN(c3ncnc(-c4cnc(-c5ccc(F)c(C#N)c5)c(C#N)c4)n3)C2)cc1,18.17
COc1nc(C(F)(F)F)cc(-c2cc(-c3ccc(C#N)cc3)cc(-c3nccc(-c4ccc(C#N)nc4)n3)n2)c1C#N,25.24
N#Cc1ccc(-c2cc(-c3ccc(-n4cncc4C#N)cc3)nnc2-c2ccc(-c3c[nH]nn3)cc2)cc1,24.39
N#Cc1ccnc(-c2cc(-c3cn(C4CC4)cc3C#N)c(F)c(-c3ccc(F)c(C#N)c3F)c2)n1,18.63
Cn1nc(C#N)cc1-c1cc(-c2ccc(-c3ccc(C#N)c(C#N)c3)cc2)nc(-c2ccc(-c3cccc(C#N)n3)cc2)n1,25.5
COc1ncc(C(F)(F)F)cc1-c1nc(-c2cnc(C#N)c(C#N)c2)nn1-c1cc(-c2cccc(C#N)n2)nc(C#N)n1,28.52
N#Cc1ccc(-c2nc(-c3ccc(-c4ccc(Cl)c(C#N)c4)cc3)c(-c3ccc(C#N)c(C#N)c3)n2CC(=O)N=Cc2ccc(O)c(C#N)c2)cc1,25.51
N#Cc1ccc(-c2cc(-c3ccc(-c4cc(-c5cccc(C#N)n5)nc(-c5ccc(C#N)cc5)n4)cc3)nc(-c3ccc(C#N)cc3)n2)cc1,12.07
N#Cc1ccc(-c2cc(-c3cc(C#N)nc(-n4cccc4C#N)c3)c(C#N)c(-c3cc(F)c(C#N)c(F)c3F)n2)cc1,20.25
N#Cc1ccc(-c2ccc(-n3cc(C#N)cn3)cc2-c2cnc(-c3nc(-c4cc(F)c(C#N)c(F)c4F)nc(C(N)=O)c3N)c(C#N)c2)nc1,33.2
N#Cc1ccc(-c2ccc(-c3cc(-c4cccc(-c5cccc(C#N)n5)c4)nc(-c4ccc(-c5ccc(C#N)cn5)cc4)n3)cc2)cc1,16.57
N#Cc1ccc(-c2ccc(-c3nc(-c4cc(-c5ccc(C#N)cc5)c(C#N)c(-c5ccc(-c6cccc(C#N)c6)cc5)n4)cc(-n4cccn4)n3)cn2)cc1,19.73
Cc1c(C#N)cc(-c2nc(-c3nc(C#N)ccc3C#N)nc(N3C(=O)OCC3CC#N)n2)nc1C#N,15.38
N#Cc1cccc(-c2nc(-c3ccccc3)nc(-c3ccc(OC(F)F)c(-c4cc(N5CC6CC5C6)nc(-c5cnc(C#N)c(C#N)c5)n4)c3)n2)n1,26.8
N#Cc1ccc(-c2ccc(-c3nc(-c4ccc(Cn5cc(N)c(C#N)n5)cc4)cc(-c4cc(F)c(F)c(F)c4F)n3)cc2)cc1,29.86
N#Cc1cc(-c2ccc(-c3cc(C#N)nc(-c4ccc(F)c(F)c4)n3)cc2)c(F)c(-n2nc(C(=O)O)cc2C#N)c1,22.51
N#Cc1ccc(-c2ccnc(-c3cc(-c4cc(C#N)c(C#N)cc4C#N)nc(C#N)n3)c2C#N)cc1,23.91
N#Cc1ccc(-c2c(-c3ccc(-c4cccc(C#N)c4)cc3)nc(-c3ccc(Cl)c(Cl)c3)n2CC(=O)Nc2cc(C#N)cc(C(F)(F)F)c2)cc1,16.74
N#Cc1ccc(-c2ccc(-c3nc(-c4ccc(-c5cc(C#N)cc(C#N)c5)nc4)nc(-c4nc(C#N)cc5n[nH]cc45)n3)cc2)nc1,28.17
N#Cc1ccc(-c2cnc(-c3ccc(C#N)c(C#N)c3)cc2-c2ccc(C#N)cc2)cc1,14.69
N#Cc1ccc(-c2ccc(-c3nc(-c4ccc(C#N)nc4)cs3)cc2C#N)cc1,13.02
N#CCCn1c(-c2c(F)cc(-c3cc(-n4nccc4C#N)ccc3C#N)cc2C#N)nc(C#N)c1NC(=O)c1ccccc1F,23.77
N#Cc1ccc(-c2ccc(-c3nc(-c4cc(F)c(Cl)cc4Cl)n4nccc4n3)cc2)nc1,30.07
N#Cc1ccc(-c2ccc(-c3nc(-c4ccncc4)cc(-c4cccc(-c5ccc(-c6ccc(C#N)cc6)cn5)c4)n3)cc2)cc1,18.35
N#CC#CCOc1ncc(-c2ccc(-c3cc(-c4cnc(-c5c(F)c(F)c(C#N)c(F)c5F)c(C#N)n4)nc(-c4ccc(-c5ccc(C#N)cc5)cc4)n3)cc2)nc1Cl,31.23
N#Cc1ncn(-c2ccc(C#N)c(OCCCCCCN3CCN(c4nc(C#N)c(C#N)cc4-c4ccc(C#N)c(C#N)n4)CC3)c2)n1,36.48
N#Cc1ccc(-c2cc(-c3ccc(-c4cnc(C#N)c(C#N)c4)cn3)nc(-c3c4ccccc4c(C#N)c4ccc(C#N)nc34)n2)cc1,19.62
N#Cc1ccc(-c2ccc(-c3nn(-c4cnc(-c5nc(C#N)c(N)c(C#N)n5)cc4C#N)cc3C#N)cn2)cc1,18.46
CC(C)(C)c1ncc(-c2nc(-c3nc(C#N)cnc3C#N)nc(N3CC4(CO)CC3C4)n2)cc1C#N,16.26
N#Cc1ccc(-n2cc(-c3nncc(C#N)n3)c(-c3ccc(-c4ccc(F)cc4)c(C#N)c3)n2)cc1,21.63
N#Cc1ccc(-c2ccc(F)c(-n3nc(C(=O)O)cc3C#N)c2)c(-c2ccc(-c3ccc(C#N)c(C#N)n3)c(F)c2)c1,30.63
N#Cc1ccc(-c2nc(C#N)c(C#N)nc2-c2ccc(-c3cc(-c4cc[nH]n4)ccc3C#N)cc2)cc1,15.04
CN1CCN(Cc2ccc(-c3nc(-c4ccc(-c5ccc(F)c(F)n5)nc4)nc(-c4ccc(C#N)c(C#N)c4)n3)nc2)CC1,20.77
N#Cc1cc(-c2n[nH]c3ccc(-c4cc(C#N)c(C#N)o4)cc3c2=N)cnc1N1CC2CC1CO2,45.19
N#Cc1cc(-c2nc(-c3ccc(C#N)nc3)nc(-c3ccc(-c4ccc(C#N)nc4)nc3)n2)cc(-n2nc(C(=O)O)cc2C#N)c1,21.74
CCc1cc(C#N)n(-c2cc(-c3nc(-c4ccc(C#N)cc4)nc(-c4ccc(-c5ccc(C#N)c(C#N)n5)cn4)n3)nc(Cl)n2)n1,24.24
CC(C)n1nc(-c2cnc(-c3cnco3)c(C#N)c2)nc1C1CCN(C(=O)c2ccc(C#N)cn2)CC1,24.79
Cc1ncc(-c2nc(CCc3nc(-c4ccc(F)c(C#N)n4)[nH]c3-c3ccc(F)cc3)nc(-c3nc(C#N)cn3C(=O)N(C)C)n2)cc1C#N,29.07
N#Cc1ccc(-c2cccc(C#N)c2-c2ccc(C#N)nc2)cn1,17.2
CN(c1ccc(-c2cc(C#N)cc(-c3nc(C#N)c(C#N)nc3C#N)c2)cc1NCC(C(F)(F)F)C(F)(F)F)C1CC1,42.96
CN(CCO)c1ccc2[nH]cnc(=Nc3cc(C#N)c(F)cc3F)c2c1,27.12
Cc1cc(=O)n(-c2ccc(C#N)c(-c3nc(-c4ccc(C#N)cc4)nc(-c4ccc(-c5ccc(C#N)cc5)nc4)n3)c2)n1-c1ccc(Cl)cc1,19.68
N#CCC(=O)N1CCC(c2nc(-c3cnc(N4CC(F)C4)c(C#N)c3)nc(-c3c(F)c(F)c(C#N)c(F)c3F)n2)CC1,22.43
N#Cc1ccc(-c2ncc(-c3nc(-c4cnc(C#N)c(C#N)c4)nc(N4CCCC4CF)n3)cc2C#N)cc1C#N,19.24
CC1(C)c2cc(C(=O)n3cnnc3)nc(-c3cccc(-c4ccc(C#N)c(F)c4)c3)c2CN1S(C)(=O)=O,33.73
CN1Cc2ccc(-c3cc(C#N)cc(-c4cnnc5c(F)c(C#N)c(F)c(F)c45)n3)cc2C1=O,29.51
N#Cc1ccc(-c2ccc(-c3cn(Cc4csc5ccc(C#N)cc45)c(-c4ccc(-c5ccc(C#N)cc5)cn4)n3)cc2)cc1,24.7
CCCc1c(C#N)nc(-c2ccc(-c3ccc(C#N)cc3F)nc2)n1CC,20.45
N#Cc1cccc(-c2ccc(-c3cc(-c4ccc(-c5cnc(C#N)c(C#N)c5)c(C#N)n4)nc(-c4cnc(CN)c(C#N)c4)n3)cc2)n1,20.62
CC(C)Oc1ncc(-c2nc(-c3ccc(-c4ccc(C#N)cn4)cn3)cn2C)cc1C#N,9.94
N#Cc1ccc(-c2cc(-c3cncc(C#Cc4nc(=O)c5cccnc5[nH]4)c3)ccc2-c2ccnc(-c3cnc(C=[N+]([O-])C=N)c(C#N)c3)n2)cc1,55.96
N#Cc1ccc(-c2nc(-c3ccc(C#N)cc3)nc(-c3cc(-c4cc(C#N)c(C#N)c(-c5ccc(C#N)c(C#N)c5)c4)c[nH]c3=N)n2)cc1,18.01
N#CCc1ncc(-c2nc(-c3ccc(-c4ccc(C#N)cc4)cc3)cc(C3CCC(N)C(F)CO3)n2)cc1C#N,18.85
N#Cc1ccc(-c2ccc(-c3nc(-c4cccc(C(F)(F)F)c4C#N)sc3-c3ccc(-c4ccc(C#N)c(F)c4)nc3)cc2)cc1,26.08
CC(C)Oc1ncc(-c2nc(-c3cncc(C#N)c3)nc(N3CC4CCOC4C3)n2)cc1C#N,19.14
N#Cc1ccc(-c2ccc(-c3nc(-c4ccc(-c5ccc(C#N)c(C#N)c5)cc4)cc(-c4cc(C#N)c(N)c(C#N)n4)n3)cc2)cc1,17.21
Cn1c(-c2cc(C#N)c(C#N)c(C#N)n2)ccc1-c1nc(-c2ccc(-c3ccc(C#N)cn3)nc2)n(CC(C)(C)C)c1-c1cccc(C#N)n1,20.66
Cn1cc(C#N)nc1-c1ccc(-c2cc(-c3cc(C#N)c(-c4ccc(C#N)cc4)cn3)ccc2Cl)cn1,17.6
N#Cc1ccc(-c2nc(-c3ccc(-n4cc(C#N)c(C#N)n4)nc3)cc(-c3ccc(F)cc3Cl)n2)cc1,24.97
CC(C)(C)Cn1c(-c2ccc(-c3ccc(C#N)cc3)cc2)nc(-c2ccc(-c3csc(-c4ccc(C#N)cc4)n3)cc2)c1-c1ccc(C#N)cc1,13.8
Cc1cc(Nc2ccc3c(c2)C(=O)c2ccc(N)cc2C3=O)nc(Nc2cnc(-c3ccc(-c4ccc(C#N)cc4)nc3)nc2C#N)n1,23.12
N#Cc1ccc(-c2cnc3c(cnn3-c3cc(-c4ccc(C#N)cc4)nc(-n4nc(C(F)(F)F)cc4C#N)n3)c2)cc1,19.89
Cc1cc(-c2cc(-c3ccc(-c4ccc(C#N)cc4)cc3)nn2-c2ccc(-c3cc(-c4ccc(C#N)cc4)c(C#N)c(C#N)n3)cc2)nc(-c2cccc(Cl)c2F)n1,25.82
N#Cc1ccc(-c2cc(C#CC#Cc3coc(-c4ccc(C#N)cc4)n3)cc(-c3ccc(-c4ccc(-c5ccc(C#N)cc5)nc4)nc3C(=O)c3ccc(-c4ccc(C#N)c(C#N)c4)cc3)c2)cc1,33.18
Cc1cc(C#N)ccc1-c1nc(C#N)nc(-c2ccc(-c3ccc(C#N)c(C#N)c3)nc2)n1,22.21
N#Cc1ccc(-c2ccc(-c3nc([N+]#N)nc(-c4ccc(-c5ccc(C#N)c(F)c5)nc4)n3)cc2C#N)cc1,20.68
Cn1cc(-n2nccc2C#N)nc1-c1ccc(-c2nc(C#N)no2)c(C#N)c1,17.17
N#Cc1ccc(-c2ccc(-c3cccc(-c4ccc5c(c4)CCc4ccc(N=c6nc(-c7ccncn7)cc[nH]6)cc4C5=O)n3)cc2)cc1,19.28
N#Cc1cc(C#N)nc(-c2nc(-c3ccc(OC(F)F)c(C#N)c3)nc(N3CC4CC3C4)n2)c1,14.72
Cc1nc(OC(CO)c2ccccc2)c(C#N)cc1-c1nc(-c2c(Cl)ncc(-c3ccc(C#N)cn3)c2F)nc(N2CC3CCC(C2)O3)n1,28.97
N#Cc1ccc(-n2nc(-c3ccc(Cl)c(Cl)c3)cc2C=C2C(=O)Nc3cc(Br)ccc32)cc1,26.38
N#Cc1ccc(-c2ccc(-c3cc(C#N)nc(-n4nccc4C#N)c3C#N)cc2)cc1,11.12
N#Cc1ccc(-c2ccc(-c3cc4cncc(C#Cc5cncc(C#N)c5)n4c3-c3ccc(C#N)c(C#N)c3)cc2)cc1,22.7
N#Cc1cc(N2CC3CC3C2)nc(-c2nc(-c3cc(C#N)c(C#N)c(C#N)n3)ccc2C#N)n1,14.97
C#CCN=c1[nH]c(C#N)nc(Cl)c1C(=O)Nc1ncc(-c2ccccc2)c(-c2ccc(C#N)cc2)c1C#N,25.45
Cn1c(-c2cc(-c3ccc(C#N)cc3)cc(-c3ccc(C#N)cc3)c2O)nc2cc(-c3ccc(C#N)cc3)ccc21,22.51
CN(C)CCNc1ncc(-c2ccc(-c3ccc(C#N)c(-c4ccc(C#N)cc4)n3)cc2C#N)nc1C#N,18.2
CN(CC(=O)Nc1ccc2c(c1)C(=O)c1ccc(-c3cccc(C#N)n3)nc1C2=O)C1CCCN(C#N)C1,22.79
CC(C)COCc1cc(-c2cnc(-c3cnc(N)c(C#N)n3)cc2Cl)nc(-c2cc(C#N)c(C#N)cc2Cl)n1,24.38
Cc1nc(C(C)Oc2nc(CC3CC3)c(-c3nc(-c4cnc(=N)[nH]c4)nc(N4CCOCC4)n3)cc2C#N)cs1,23.0
N#Cc1nc(-c2cc(C#N)c(-c3nnc(C#N)o3)nc2CO)cc(-n2nc(C(F)(F)F)cc2C#N)n1,14.95
COc1cc(-c2cnn(C)c2)ccc1-c1nc(CCC#N)nc(-c2cnc(C#N)c(C#N)c2)n1,28.02
N#Cc1cccc(-c2nc(-c3cnc(C#N)c(C#N)c3)nc(N3CC(F)C3)n2)n1,13.15
CCOc1cccc(-c2c(C#N)nc(C=Cc3ccc(-c4ccc(C#N)cc4)nc3C(F)(F)F)n2-c2cccc(-c3ccc(C#N)c(C#N)c3)c2)c1F,27.77
Cn1cc(-c2ccc(-c3nc(-c4cc(C#N)c(C#N)c(C#N)n4)nc(N4CC5CC4C5)n3)cc2F)cn1,18.14
N#Cc1ccc(-c2nc(C(F)(F)F)c(-c3nc(-c4ccc(-c5cccc(C#N)c5)cc4)cn3-c3cc(C#N)cc(-c4ccc(C(=O)O)cc4)c3)o2)cc1,31.87
Cn1c(=O)c2ccc(-c3cc(-c4ccc(C#N)cc4)cc(-c4ncc(C#N)c(=N)[nH]4)c3)nc2n(C)c1=O,32.94
N#Cc1ccc(-c2nc(-c3ccc(-c4cccc(C#N)c4)cc3)nc(-c3cccc(-c4ccc(-c5ccc(C#N)c(F)c5)cc4)c3)n2)cc1,17.95
N#Cc1cc(-c2cc(CNC3COC3)nc(-c3cnc(C#N)c(C#N)c3)n2)cnc1C#N,19.59
CCOCCN(CCOC)c1nc(-c2ccc(C#N)c(C#N)c2)nc(-c2cccc(C#N)n2)n1,21.86
N#Cc1ccc(-c2nc(C#N)c(C#N)nc2-n2cc(-c3cnc(C#N)c(C#N)c3)cn2)cc1C#N,18.39
N#Cc1cncc(-c2cc(-c3ccc(-c4cc5c(F)c(F)c(F)cc5[nH]4)cc3)nc(-c3cnc(C#N)c(C#N)c3)n2)n1,25.8
COc1ccc(-n2nc(C(N)=O)c(-c3nc(-c4ccc(-c5ccc(F)c(F)c5)cc4)nc(-c4cnc(-c5ccc(C#N)nc5)c(C(F)(F)F)c4)n3)n2)c(F)c1,43.29
Cc1nc(=N)nc(-n2cc(C#N)c3cc(-n4cccc4C#N)ccc32)[nH]1,19.52
CC(O)c1nc(-c2ccc(-c3cc(C#N)c(C#N)cc3C#N)c(C#N)c2)c(C#N)cc1-c1ccc(-c2cnc(C#N)nc2)nc1,19.76
N#Cc1ccc(-c2ccc(-c3nc(-c4cnc(C#N)c(C#N)c4)c(-c4cnc(N)c(C#N)n4)n3CO)cc2)cc1,17.87
N#Cc1ccc(-c2ccc(-c3cc(-c4ccc(-c5cc(C#N)c(C#N)c(C#N)c5C#N)cc4)cs3)cc2C#N)cc1,18.97
CC(C)(C)c1cnc(CNCCCn2ccc3cc(C#N)ccc32)o1,29.16
C#CC1=CCC2C3C(O)C=C4CC(O)CCC4(C)C3CCC12C,31.53
Cc1ncc(C#N)n1-c1cc(C#N)nc(-c2cnc(-c3cc(C#N)c(C#N)c(C#N)c3C#N)s2)c1,19.36
CCCOc1nc(-c2ccc(C#N)cc2)cc(-c2nc(-c3ccc(-c4ccc(C#N)cc4)cn3)nc(-c3cccc(C#N)n3)n2)n1,27.54
N#Cc1cc(-c2nc(-c3ccc(-n4nc(C5CCCN5)cc4C#N)cc3C#N)cnc2C#N)ccc1-c1cc(F)c(F)c(F)c1,21.99
Cn1c(-c2ccc(-n3cc(C#N)c(-c4ccc(-c5ccc(C#N)cn5)cc4)c3)c(C#N)c2)nc(C#N)c1N,17.0
N#Cc1ccc(-c2ccc(-n3nc(C#N)cc3C#N)cc2C#N)cc1,10.58
Cc1nn(-c2ccccc2)c(Nc2cc(C#N)cc(C#N)c2)c1C=Nc1ncncc1-c1ccc(-c2ccc(C#N)cc2)s1,38.7
Cc1nc(-c2ccc(Cl)cc2)nc(-c2ccc(C#N)cc2)c1-c1nc(-c2ccc(C#N)nc2)nc(-c2cccc(C(F)(F)F)c2F)c1C#N,23.29
N#Cc1ncc(-c2ncc(-c3cc(-c4cc(C#N)c(N5CCC(F)C5)nn4)nc(C4CC4)n3)cc2C#N)o1,16.29
N#Cc1ccc(C(F)(F)F)cc1-c1cc(-n2nc(C(=O)O)cc2C#N)nc(-c2ccc(-c3cc(C#N)c(C#N)c(C#N)n3)cc2)n1,24.64
N#Cc1cccc(-c2cc(-c3cc(C#N)c(C#N)c(C#N)c3)c(C#N)c(N)c2Cl)n1,16.13
N#Cc1cc(-c2cnc(-c3cc(F)c(F)c(F)c3F)c(C#N)c2)cc(-n2cncn2)n1,19.91
COc1cnc(-c2nc(-c3ccc(-c4ccc(C#N)cc4)nc3)nc(-c3ccc(-c4cccc(C#N)n4)cc3)c2C#N)cc1-n1cc(C#N)nn1,23.22
N#Cc1ccc(-c2nc(-c3[nH]c(C#N)cc3O)c(C#N)c(-c3ncc(C#N)cn3)c2-c2ccc(Br)cc2)cc1,27.67
C=C(c1ccc(C#N)c(C=O)c1)c1c(O)cc(=O)oc1O,37.22
N#Cc1nccc(-c2cc(-c3cc(C#N)c(C#N)c(C#N)n3)ccc2F)n1,16.47
N#Cc1ccnc(C(=O)Nc2cc(-c3ccc(C#N)nc3-c3cnc(C#N)c(C#N)n3)nc(-c3cnc(C#N)c(C#N)c3)n2)c1,26.92
N#Cc1ccc(-c2ccc(-c3nc(-c4ccc(C#N)cc4)nc(-c4cc(-c5ncc(-c6ccc(C#N)c(F)c6)cn5)cc(C(N)=O)n4)c3C#N)cc2)cc1,22.22
N#Cc1cc(-c2nc(-c3cnc(=N)[nH]c3)nc(N3CC4CC3C4)n2)cnc1C#N,10.03
Cn1nc(-c2cc(-c3ccc(C#N)cc3F)cc(-n3cnc4cc(-c5ccc(C#N)s5)ccc43)c2)nc1C(C#N)=Cc1ccc(C#N)c(F)c1,34.86
CC(C#N)Cn1ncc(-c2ccc(-c3cccc(C#N)n3)c(C#N)n2)c1-c1ccc(-c2ccc(C#N)c(F)c2)cc1,27.51
N#Cc1ccc(-c2cc(-c3cc(-c4cccc(C#N)n4)cnc3-c3ccc(C#N)cc3)cc(-c3ccc(-c4ccc(C#N)cn4)nc3)n2)cc1,18.41
Cn1c(Cl)c(C(=O)NCC#Cc2cc(-c3ccc(-c4ccc(C#N)cc4)cn3)nc(-c3ccc(-c4cccc(F)n4)nc3)n2)c2c(F)c(Cl)ccc21,40.24
N#Cc1ccc(-c2nc(-c3ccc(-c4ccc(C#N)c(F)c4)cc3)nc(-c3ccc(-n4c(C#N)ccc4C(=O)O)cc3Cl)n2)cc1,16.34
N#Cc1ccc(-c2cc[n+](-c3ccnc(-c4ccc(C#N)cc4)n3)cc2)cc1,13.97
N#Cc1ccc(-c2ccc(-c3nc(-c4cnc(-c5ccc(-c6ccc(F)cc6C#N)nc5)c(F)c4)nc(-c4ccc(C#N)c(C#N)c4)n3)cc2)nc1,27.7
Cc1nc(C#N)c(C#N)cc1-c1ccc(-c2ccc(-c3ccc(C#N)nn3)c(F)c2)c(-c2ccc(-c3ccc(C#N)cc3)cc2)n1,31.79
N#Cc1ccc(-c2nc(-c3ccc(-c4ccc(C#N)c(C#N)c4)cc3)nc(CCO)c2-c2cc(C#N)c(F)cc2C#N)cc1,21.31
N#Cc1cc(F)c(F)cc1-c1ccc(-c2nn(-c3ccc(C(=O)O)cc3)cc2C#N)c(C#N)c1,24.65
CC(C)n1nc(-c2cc(-c3ccc(C#N)cc3)cc(-c3ccc(-c4nc(Cl)nc(Cl)n4)cc3)c2)nc1-c1cc(F)c(F)c(Cl)c1Cl,24.8
N#Cc1ccc(-c2cc(N3CC(F)C(F)C3)nc(-c3cc(C#N)c(C#N)c(C#N)n3)n2)nc1,14.17
C=c1c(O)c(-c2cccnc2)c(O)c(-c2ccc(C#N)nc2)c1=C,35.79
COc1cc(-c2ccc(C#N)cc2)ccc1-c1nc(-c2ccc(C#N)cc2)nc(-c2nc(C#N)nc(-n3cccc3C#N)c2C)n1,22.54
COc1ccc2ccccc2c1C=Nc1cc(O)c(N)cc1O,19.3
N#CC=Cn1nnc(-c2ccc(-c3cccc(-c4nnc(-c5ccc(-c6ccc(C#N)nc6)cc5)nc4-c4ccncc4)c3)cc2)n1,30.31
N#Cc1ccc(-c2nc(-c3ccc(-c4ccc(F)c(C#N)c4)cc3)c(C#N)s2)cc1,20.62
N#Cc1ccc(-c2nc(-c3ccnc(C#N)c3)nc(N3CC(N4CCC(F)(F)CC4)C3)n2)cc1,21.49
N#Cc1ccc(-c2cccc(-c3cc(-c4cnc(C#N)c(C#N)n4)nc(-c4ccc(-c5ccc(C#N)cn5)cc4)n3)c2)cc1,15.03
N#Cc1nc(C#Cc2cc(C#N)c(-c3ccc(-c4nc(C#N)c(C#N)nc4C#N)cc3)cc2C#N)cc(N2CCOCC2)n1,25.16
COc1cc(C#N)ccc1-c1cc(-n2nccc2C#N)nc(-n2nc(-c3ccc(-c4ccc(C#N)o4)c(C#N)c3)nc2CN)c1,35.19
N#Cc1ccc(-c2ccc(-c3cc(-c4cc(-c5ccc(-c6ccc(C#N)c(F)c6)nc5)ccc4C#N)cc(-c4cccc(C#N)n4)n3)cn2)nc1,23.16
N#Cc1cc(F)cc(-c2ccc(-c3cc(C#N)nc(-c4cc(C#N)c(C#N)c5c4CCC5)c3)cc2)c1,21.81
N#Cc1ccc(C2C=C3NC(=O)C(C#N)C(c4ccc(-c5cccc(F)n5)cc4-c4ccc(C#N)c(C#N)c4)C3C(=O)N2)cc1,36.47
N#Cc1cc(-c2ccc(C3CC3)nc2-c2cnc(-c3ccon3)c(C#N)c2)nc(C#N)n1,20.18
N#Cc1ccc(-c2ccc(-c3nc(-c4cc(-c5nccc(C#N)n5)cc(-n5cncc5C#N)c4)ccc3C#N)cc2)nc1,16.56
Cc1c(C#N)cc(C(=O)c2cncc(C#N)c2)cc1-c1nc(-c2cnc(C#N)c(C#N)c2)nc(N2CCOCC2C)n1,26.07
N#Cc1ccc(-c2ccc(-c3ccc(-c4cc(C(=O)c5cc(F)cc(C#N)c5)cc(C#N)n4)cc3C#N)cc2C#N)cc1,23.26
CCCCN(CCCC)C(=O)Cc1nc2nc(C#Cc3ccc(-c4ccc(-c5ccc(-c6ccc(C#N)cc6)cc5)cc4)cc3)ccc2c(=O)n1-c1cc(C)ccc1C,44.1
Cc1cccc(-c2cc(-c3nnc(N)c(C#N)n3)cc(-c3ccc(C#N)nc3)c2F)c1F,20.87
CC(=O)c1c(-c2nc(C#N)nc(Cc3cccnc3)n2)ccc(-c2ccc(-c3ncc(C#N)[nH]3)c(F)c2)c1F,45.35
N#Cc1ccc(-c2ccc(C(N)=NN=Cc3c(-c4ccc(C#N)cc4)nc(-c4ccc(C#N)cc4)nc3-c3ccc(-c4ccc(C#N)cc4)s3)cn2)cc1,29.99
N#Cc1ccc(-c2ccc(-c3cc(=NC(=O)c4ccc(C#N)cn4)[nH]c(-c4ccc(-c5ccc(C#N)cc5)cc4)n3)cc2)cc1,21.46
N#Cc1ccc(-c2nc(C(N)=O)c(-c3ccc(-c4c[nH]c(=N)c(C#N)n4)cn3)cc2C#N)cc1C#N,14.26
N#CCCn1c(C#N)ccc1-c1cc(-c2ccc(-c3ccc(C#N)c(F)c3)nc2)nc(-c2ccc(C#N)cc2)n1,19.51
CCC1=CC=CN=C2N=C(c3cnc(OC(C)C#N)c(C#N)c3)N=C1C1CCCN21,30.94
CC(CO)(CO)n1c(C#N)ccc1-c1cc(-c2cccc(C#N)n2)nc(-c2ccc(-c3ccc(C#N)cn3)nc2)n1,25.97
CCn1c(C#N)ccc1-c1ccc(C#Cc2cnc(-c3ccc(C#N)c(F)c3)c(C#N)c2)cc1,18.01
N#Cc1cc(-c2nc(-c3cccc(C#N)c3F)nc(N3CCc4c(n[nH]c4C#N)C3)n2)cnc1C#N,20.41
N#Cc1ccc(-n2cc(-[n+]3ccc(C#N)cc3)c(C#N)n2)cc1,15.69
CN1CCC(n2nc(-c3cnc(-c4ccc(F)c(C#N)c4)c(C#N)c3)nc2-c2cnc(C#N)c(C#N)c2)CC1,14.17
N#Cc1ccc(N2CCC(Nc3c(-c4cc(C#N)nc(-c5ccc(-c6cccc(C#N)c6)c(C#N)c5)n4)nc(C#N)[nH]c3=N)C2)nc1,24.22
COCCOC1CC2CC1CN2c1cc(-c2cnc(C#N)c(Cl)c2)nc(-c2cnc(C#N)c(C#N)c2)n1,22.24
N#Cc1ccc(-n2nc(C#N)nc2-c2nc(N3CC4CC3CO4)nc(-c3cnc(C#N)c(C#N)c3)c2F)cc1,16.6
Cn1c(-c2ccc(-c3ccc(Cl)cn3)nc2C#N)cc(C#N)c1-c1ccc(-c2cccc(C#N)n2)c(C#N)c1,21.14
N#Cc1cc(-c2nc(-c3cc(C#N)c(C#N)c(C#N)c3)nc(N3CC(F)CCC4(CC4)C3)n2)nnc1C1CCOC1,32.18
N#Cc1ccc(-c2cnnc(-n3nc(C(=O)N4CCC(C(N)=O)CC4)cc3C#N)c2)cc1,29.28
Cc1ncc(-c2nc(CNc3ccc(C#N)cc3C#N)nc(-c3nc(C#N)cn3C)n2)cc1C#N,19.89
N#Cc1cc(C#N)cc(-c2ccc(CC(c3ccc(-c4ccc(C#N)c(C#N)c4)cc3)C(C#N)c3nc(C#N)c(N)o3)cn2)c1,31.99
CS(=O)(=O)Cc1cnc(-c2cc(C#N)c(-n3nc(C#N)cc3-c3ccc(-c4ccc(C#N)cc4)nc3)cc2F)c(Cl)c1,29.14
CN(C)CC(=O)NCc1ncc(-c2nc(-c3ccc(-c4ccc(C#N)cc4)cc3)c(-c3ccc(C#N)cc3)n2C)cc1C#N,19.66
N#Cc1ccc(-c2ccc(-c3ccc(C#N)c(Cl)c3)c(-c3ccc(-c4cc(C#N)c(C#N)c(C#N)n4)cc3)n2)cc1,22.48
N#Cc1ccc(-c2cc(-c3ccc(-c4nc(Cl)nc(Cl)n4)cc3)cc(-n3c(C#N)ccc3C#N)c2)cc1,11.28
COc1c(C#N)cccc1-c1nc(-c2cc(C#N)c(C#N)c(C#N)n2)n(C(C)C)n1,16.84
N#CCn1cc(-c2cc(-c3cc(-c4ccc(C#N)cc4)c(C#N)c(-c4ccc(-c5ccc(C#N)cn5)cc4)n3)nc(C#N)n2)cn1,19.48
N#Cc1ccc(-c2cccc(-c3ncn(Cc4nc(-c5cc(F)c(C#N)c(F)c5F)no4)n3)c2)cc1,16.59
COc1cc(-c2ccc(C#N)cc2)ccc1-c1nnc(-c2ccc(C#N)c(-c3ccc(C#N)cc3)c2)n1Cc1cccc(C#N)c1,27.91
Cc1nc(-c2ccc(-c3ccc(C#N)cc3)cc2)nc(-c2ccc(C#N)c(-c3ccc(C#N)cc3)c2)c1C#N,19.38
N#Cc1ccc(N=c2c(C#N)c(-c3ccc(-c4ccc(C#N)cn4)nc3)[nH]n2-c2nccc(C#N)n2)cc1,21.24
COc1nc(-c2nc(-c3ccc(C#N)cc3)nc(-c3ccc(-c4ccc(C#N)cc4)cc3)n2)ccc1-n1nc(-c2ccc(-c3ccc(C#N)cc3)cc2)cc1C#N,13.11
N#Cc1ccc(-c2ncn(-c3ccc(C#N)c(F)c3)c2-c2nc(C#N)nc(-c3cnc(C#N)c(C#N)c3)c2F)cc1,19.18
N#Cc1ccc(-c2ccc(-c3nc(-c4ccc(C#N)cc4)n(CC(=O)Nc4ccc(C#N)c(C#N)c4)c3-c3cnc(N)c(C#N)n3)nc2)cc1,19.54
N#Cc1cc(Br)cc(Oc2ccc([N+](=O)[O-])cc2C#N)c1,18.51
N#Cc1ccc(-c2ccc(C#Cc3ccc(Cl)c(Cl)c3)cc2C#N)cc1,16.29
N#Cc1ccc(-c2nc(-c3cc(C#N)c(C#N)c(F)n3)nc(N3CC(CF)CC3N)n2)c(F)c1,29.78
COCC1CCN(c2nc(C#N)nc3nc(-c4ccc(C#N)cc4)c(C#N)c(-c4ccc(C#N)cc4)c23)CC1,22.69
N#Cc1ccccc1NC(=O)c1ccccc1NC(=O)c1nc(C2CC2)ccc1Nc1cncnc1,24.26
N#Cc1ccc(-c2cc(-c3ccc(C#N)cc3)cc(-c3ccc(-c4nc5c(C(=O)O)cccc5[nH]4)cc3)c2)cc1,20.93
N#Cc1ccc(-c2cc(-c3cc(-c4cccc(C#N)c4)nn3CCn3ccnc3)ccn2)cc1,26.76
N#Cc1ccc(-c2cc(CSc3nc(=Nc4ccc(F)c(F)c4)c(C#N)c(-c4ccc(-c5ccc(C#N)cc5)nc4-c4ccc(C#N)cc4)[nH]3)nc(-c3cccc(C#N)c3)n2)cc1,29.98
COc1ccc(-n2c(-c3ccc(-c4ccc(C#N)cc4)cc3)c(C#N)c(C#N)c2-c2ccc(Cl)c(Cl)c2Cl)cc1-c1cnn(Cc2ccc(C#N)cc2)n1,28.64
COc1cc(-c2cccc(C(F)(F)F)n2)ccc1-c1ccnc(-c2[nH]c(=N)nc(-c3ccc(C#N)c(C#N)c3)c2C#N)n1,25.39
N#Cc1ccc(-c2ccc(-c3nc(-c4ccc(-c5ccc(C#N)c(F)c5)cc4)sc3-c3ccc(-c4noc(C#N)n4)nc3)cc2)nc1,25.98
Cc1cc(-n2cnc3cc(-c4ccc(C#N)nc4)c(C#N)cc32)ccc1C(=O)NC1CC1,19.52
CNc1c(C#N)nc(-c2ccc(-c3cc(C#N)nc(-n4nccc4C#N)c3)cn2)n1C#N,16.64
N#Cc1ccc(-c2ccc(-c3cc(-c4cn(CNc5ccc(F)c(F)c5)nn4)nc(-c4ccc(C#N)c(C#N)c4)n3)nc2)cc1,23.59
Cc1nc(C#N)c(C#N)nc1-c1cc(-c2nc(-c3ccncc3)cc(-c3ccc4c(c3)OCCCO4)n2)nc(-c2c(F)c(F)c(C#N)c(F)c2F)n1,34.77
CS(=O)(=O)Nc1c(F)ccc(-n2c(CNC(=O)c3ccc(-n4cc(C#N)nc4-c4cccc(C#N)c4)cc3)c(C#N)c(Br)c(-c3ccc(-c4ccc(F)cc4)c(C#N)c3)c2=O)c1F,54.26
N#Cc1cncc(-c2nc(C#N)n(-c3ccccc3)c(=O)c2-n2cnc(C#N)n2)n1,24.1
Cn1cc(C#N)nc1-c1nc(-c2ccc(C#N)cc2)nc(-c2cnc(C(=N)N)c(C#N)c2)n1,15.08
N#Cc1ccc(-c2ccc(-c3nc(C#N)cc(-c4cc(-c5ccc(C#N)cc5)cc(-c5cccc(C#N)n5)n4)c3C#N)cc2)cc1,21.88
N#Cc1ccc(-c2ccc(-c3nc(-c4cc(-c5cccc(C#N)n5)nc(-c5cccc(C#N)n5)n4)cc(-c4ccc(C#N)cc4)c3C#N)cn2)cc1,17.27
Cc1nc(C#N)c(C#N)nc1-c1nc(-c2ccc(C#N)nc2)cc(-n2nccc2C#N)n1,13.87
N#Cc1ccc(-c2ncc(COc3ccnc4c(-c5ccc(OCc6cccc(C#N)c6)cc5)nn(-c5ccccc5F)c34)nc2-c2ccc(C#N)nc2)cc1,46.24
N#Cc1ccc(-c2nc(Cn3ccnc3)nc(-c3ccc(-c4cccc(C#N)c4)cc3)n2)cc1,16.33
CNC(=O)c1ccc(-c2nc(C#N)c(C#N)[nH]2)cc1Oc1cccc(-c2cnc(C#N)c(C#N)c2)c1,29.8
N#Cc1ccc(-c2ccc(-c3cc(-c4ccc(-c5c(C#N)c(-c6ccc(C#N)cc6)[nH]c(=N)c5C#N)cc4)nc(N4CCCC4)n3)cc2C#N)cc1,27.48
CNc1oc(-c2cc(-c3ccnc(C#N)c3)cc(-c3cc(-c4cnc(C#N)cn4)nc(-c4nc(C#N)nc(-c5cnc(C#N)c(C#N)c5)n4)n3)c2)nc1C#N,37.13
Cc1ccc(Cc2nc(-c3ccc(C#N)cc3)nc(-c3ccc(-c4cc(C#N)cc(-c5nccc(C#N)n5)c4)cc3)n2)cc1C#N,16.68
CCN1CCN(c2nc(-c3ccc(-c4ccc(F)c(C#N)c4)cc3)nc(-c3ccc(F)c(-n4nccc4C#N)c3C)n2)CC1,22.87
Cn1nc(-c2cc(C#N)cc(-c3cnc(C#N)nc3)c2F)nc1-c1cnc(C#N)c(C#N)c1,14.85
N#Cc1ccc(-c2cc(-c3cccc(C#N)n3)nc(-c3ccc(NC(=O)CCCOc4ccccc4C#N)c(C#N)n3)c2)cc1,31.59
N#CCn1c(-c2ccc(-c3cc(-c4ccc(C#N)cc4)cc(-c4cc(-c5ccc(C#N)cc5)n(-c5ccc(S(=O)(=O)c6ccccc6)nc5)n4)n3)cc2)nc(C#N)c1NC1CCN(C=O)CC1,39.62
N#Cc1ccc(-c2ccc(-c3nc(Sc4cccc(Cl)c4Cl)nc(-c4ccc(-c5ccc(C#N)cc5)cc4)n3)cc2)cc1,18.49
CC(=O)CN=c1[nH]c2ncn(Cc3cccc(-c4cc(F)c(F)c(-c5cc(F)ccc5C#N)c4)c3)c2c(=O)n1C,48.53
N#Cc1ccc(-c2ccc(-c3nc(-c4ccc(C#N)cc4)nc(-c4ccc(-n5nncc5C#N)c(F)c4)n3)cc2)cc1,13.73
CNc1oc(-c2nc(-c3ccc(-c4ccc(C#N)nc4)nc3)nc(-c3cc(C#N)c(C#N)c(C#N)c3)n2)nc1C#N,18.53
N#Cc1ccc(-c2ccc(-c3nc(Nc4ccc(-c5cc(-c6ccc(C#N)c(C#N)c6)nc(-c6ccc(C#N)cc6)n5)cc4)oc3C#N)cc2)cc1,20.63
N#Cc1ccc(-c2ccc(-c3nc(-c4ccc(C=Cc5ccc(-c6cccc(C#N)n6)cc5)cc4)nc(-c4ccc(-c5ccc(C#N)cc5F)nc4)n3)cn2)nc1,23.44
N#Cc1ccc(-c2cc(C(=O)C=Cc3ccccc3O)c(C#N)c(-c3ccc(C#N)cc3)n2)cc1,20.02
Cc1cc(-c2nc(-c3cc(C#N)cc(-n4nccc4C#N)c3F)nc(C3CCC(F)(F)CC3)n2)ccc1C#N,22.16
N#Cc1ccc(-c2ccc(-c3nc(-c4ccc(C#N)cc4)nc(-c4cc(-c5c[nH]c(=N)cn5)c(F)cn4)n3)cc2)cc1,20.24
N#Cc1ccc(-c2ncc(-c3nc(C(F)(F)F)c(-c4cc(-n5cccc5C#N)cc(C#N)n4)o3)cc2C#N)cc1,15.35
Cc1c(C#N)cc(C#N)c2oc(-c3ccc(C=CC(=O)N4CCNC(=O)C4)cc3C#N)cc(=O)c12,29.02
N#Cc1ccc(-c2ccc(-c3nc(-c4ccc(-c5ccnc(-c6ccc(C#N)cc6)n5)cc4)cc(-c4cccc(C#N)n4)n3)cc2)cc1,12.84
N#Cc1ccc(-c2ccc(-c3ccccc3-c3nc(C#N)c(N)c(C#N)n3)nc2)cc1,20.65
N#Cc1nc(-c2nc(-c3cnc(C#N)c(C#N)c3)nc(N3CC4CC3C4)n2)c2cnn(-c3ccc(C#N)c(C#N)c3)c2n1,23.33
N#Cc1cccc(-c2ccc(-c3nc(-c4ccc(-n5cccn5)c(C#N)c4)n(-c4nccc(C#N)n4)n3)cc2C#N)c1,30.26
N#Cc1cc(-c2nc(-c3cc(C#N)n(-c4c(Cl)cc(C(F)(F)F)cc4Cl)n3)nc(N3CCC(N)C3)n2)cnc1C#N,19.87
N#Cc1cc(-c2ccc(-n3cc(-c4ccc(-c5ncc(C#N)c(NCCN6CCOCC6)n5)cc4)nn3)cc2C#N)ccc1F,28.54
CN(Cc1ccnc(-c2ccc(F)cc2F)n1)Cc1cc(-c2ccc(-c3cccc(C#N)c3)nc2)cs1,32.39
CCCc1cc(-c2cccc(-c3cc(C(F)(F)F)nc(-c4cc(C#N)c(C#N)[nH]4)n3)c2F)nc(C#N)n1,21.97
N#Cc1ccc(-c2ccc(-c3nc(C#N)c(-c4ccc(C#N)c(F)c4)nc3-c3cncc(C#N)c3)nc2)cc1,30.74
Cn1c(C#N)cnc1-c1ccc(Cl)c(-c2cc(-c3cnc(C#N)c(S(=O)(=O)c4cccc(C#N)c4)c3)nc(-c3cccc(C#N)n3)n2)c1F,28.6
N#Cc1nc(-c2ccc(-c3ccc(C#N)c(F)c3)c(C#N)c2)nc(-c2cc(-n3nccc3C#N)nc(C#N)c2Cl)n1,15.69
N#Cc1cc(F)c(-c2cnc(C#N)c(C#N)n2)c(-c2ccc(-c3cc(C#N)c(F)cc3Cn3ccnc3)c(C#N)n2)c1,28.49
N#Cc1ccc(-c2ccc(-c3nc(C#N)c(=O)n(-c4ccc(-c5ccc(C#N)cc5)c(C#N)c4)n3)cc2)cc1,18.19
Cn1c(-c2ncc(-c3cncc(C#N)n3)cc2F)cc(C#N)c1-c1nc(C#N)c(C#N)nc1CC#N,20.89
N#Cc1cncc(-c2cc(C(=O)Nc3cnn(CC(=O)O)c3)cnc2N2CCC(C#N)C2)c1,26.67
Cc1cc(C(N)=O)nc(-c2ccc(-c3ccc(C#N)c(C#N)c3)cc2)c1C#N,19.19
COc1cccc2c(C#N)nc(-c3ccc(-c4cnc(C#N)o4)c(C#N)c3)nc12,20.78
N#Cc1cnn(-c2cc(-c3cnc(C#N)c(C#N)c3)cc(-c3ccc(C#N)s3)n2)c1,19.62
N#CCNC(=O)Cc1nc(-c2cc(C#N)c(C#N)[nH]2)nc(-c2cc(-c3ccnc(C#N)c3)c[nH]c2=N)n1,25.03
N#Cc1ccc(-c2cc(-c3ccc(-c4ccc(C#N)c(C#N)c4)cc3)c(C#N)c(Nc3cnc(C#N)c(C#N)c3)n2)cc1,16.28
N#Cc1ccc(-c2ccc(-c3nc(-c4cnc(CNC(C#N)CO)c(C#N)c4)ncc3C#N)nc2C#N)cc1C#N,24.89
COc1nc(-c2cc(F)cc(-c3cc(C(=O)O)c(O)c(-c4ccc(C#N)cc4)c3)c2)nc2ccccc12,28.58
CC(O)(c1nc(-c2cnc(C#N)c(C#N)c2)c(-c2cc(-c3ccc(-c4ccc(C#N)cc4)cc3)nc(-c3ccc(-c4ccc(C#N)cc4)nc3)n2)[nH]1)C(F)(F)F,26.83
N#Cc1cc(-c2nc(CCC(F)(F)F)nc(-c3c(F)ccc(NS(=O)(=O)c4c(F)cccc4F)c3F)n2)[nH]c1C#N,19.41
Cc1nc(COc2ccc(-c3nc(-c4ccc(C#N)nc4)nc(-c4ccc(C#N)c(C#N)c4)n3)nc2)no1,25.93
N#Cc1ccc(-c2cc(-c3ccncc3)nc(-c3coc(-c4ccc(-c5ccc(C#N)cc5)nc4)n3)c2)cc1,17.04
N#Cc1ccc(-c2ccc(-c3cc(-c4ccc(C#N)cc4)cc(-c4nnc(-c5cccc(C(C#N)(C#N)C#N)c5)c(C#N)n4)n3)cc2)cc1,20.36
N#Cc1ccc(-c2ncc(-c3nc(-c4ccc(-c5ccc(C#N)nc5)cc4)nc(-c4ccc(-n5nccc5C#N)c(F)c4)n3)c(F)c2F)cc1,21.83
N#CCc1ccc(-c2cc(-c3ccc(F)c(-c4ccc(C#N)c(C#N)c4)c3)cc(C#N)n2)cc1C#N,17.47
N#Cc1ccc(-c2ncc(-c3ccc(-c4ccc(O)c(-c5c[nH]c(=N)c(C#N)n5)c4)cc3)cc2C#N)cc1,19.06
N#Cc1ccc(-c2ccc(-c3n[nH]c(-c4cc(C#N)nc(C=Cc5ccc6ccccc6n5)n4)n3)cc2C#N)cc1,21.94
N#Cc1cc(-c2nccc(-c3cc(-n4nccc4C#N)cc(C#N)c3C#N)n2)cnc1C#N,19.54
CCN(CCO)Cc1ccc(-c2nc(-c3cnc(C#N)c(C#N)c3)nc(-c3cccc(C#N)n3)n2)c(C#N)n1,24.33
N#Cc1cccc(-c2nnc(-c3cc(-c4ccc(-c5nc(C#N)c(C#N)nc5C#N)cc4)c(C#N)cn3)o2)n1,22.25
Cn1nc(-c2ccc(-c3cccc(C#N)c3)cc2)nc1-c1cc(C#N)c(C#N)cc1Cl,19.64
CCn1c(-c2ccc(-c3cccc(C#N)n3)cc2)cc(C#N)c1-c1cnc(-c2cnc(C#N)c(C#N)c2)c(C#N)n1,22.86
N#Cc1ccc(-c2ncc(-c3cc(C#N)cc(-c4cccc(-c5cccc(-c6cccc(C#N)c6)c5)c4)c3)s2)cc1,24.81
N#Cc1ncc(-c2nc(-c3cc(C#N)c(C#N)c(-c4ccc(C#N)c(C#N)c4)n3)nc(N3CC4CC3C4)n2)cn1,14.98
N#Cc1ccc(-c2nc(=NCc3cccnc3-c3ccc(C#N)cc3)nc(-c3ccncc3)[nH]2)cc1,25.97
N#Cc1cc(-c2nc(C(N)=O)c(-c3ccc(-c4cccc(F)c4)cn3)cc2C#N)cnc1C#N,16.74
N#Cc1cc(-c2ccc(-c3nc(F)c(C#N)c(Cl)n3)cc2)cc(C#N)c1C#N,19.58
N#Cc1ccc(-c2ccc(-c3nc(C(N)C(N)=O)n(-c4cccc(C#N)c4)n3)cc2C#N)cc1,23.55
CCc1nc(-c2ncc(C#N)cc2Cl)c(C#N)cc1-c1ccc(-n2nc(C#N)cc2C#N)c(C#N)n1,20.5
N#Cc1ccc(-c2ccc(-c3cc(C#N)c(C#N)nc3C#N)cc2)nc1,15.88
CC1(O)CC(c2cc(-c3n[nH]c(-c4cc(C#N)c(C#N)c(C#N)c4)n3)nc(-c3cnc(C#N)c(C#N)c3)n2)C1,17.93
CC(Oc1c(C#N)cc(-c2cc(C#N)nc(-c3cccc(C#N)n3)n2)cc1C#N)c1cccc(C#N)c1,14.5
N#Cc1ccc(-c2cc(-c3ccc(-c4cnc(C#N)nc4)c(C#N)c3)nc(-c3cccc(C#N)n3)c2)cc1,15.65
N#Cc1ccc(-c2ccc(-c3nc(-c4ccc(C#N)cc4)nc(-c4ccc(-n5nc(C(F)(F)F)cc5C#N)cc4Cl)n3)cc2)cc1,9.84
COC(=O)c1ccc(-c2ccc(C=c3c(Br)c(Oc4ccc(-c5cc(-c6ccc(-c7ccc(C#N)cc7)c(C#N)c6)nc(-c6ccc(C#N)cc6)n5)cc4Br)c(Br)cc3=CCC(=O)O)[nH]2)cc1,43.05
CC(C)n1cc(-c2oc(-c3ccc(-c4nc5cc(C(F)(F)F)ccc5[nH]4)cc3)cc2-c2ccc(C#N)c(C#N)c2)nc1-c1cnc(CN(C)CCN(C)C)c(C#N)c1,36.92
CC(C)Oc1ncc(-c2nc(-c3nc(C#N)cc(N=c4ccn(CCO)c(C#N)n4)c3F)nc(N3CC4CC3C4)n2)cc1C#N,20.52
N#Cc1ccc(-c2ccc(-c3nc(C#N)ccc3-c3cnc(=NCc4cc(-c5ccc(C#N)cc5)nc(-c5ccc(C#N)cc5)n4)[nH]c3)cc2)cc1,21.53
Cc1nc(-c2ccc(F)c(C#N)c2)ccc1-c1cc(Br)cc(-c2ccc(-n3c(C#N)ccc3C#N)cn2)n1,21.39
N#Cc1cc(-c2ccc(-c3nc(Cl)nc(N4CC(C#N)C4)n3)cc2C#N)ccc1F,15.23
N#Cc1cncc(-c2ncc(-c3cc(N4CC5CC4C5)nc(-c4cnc(C#N)c(C#N)c4)n3)nc2C#N)c1,16.03
CCc1cc(C#N)nc(-c2nc(-c3cnc(C#N)c(C#N)c3)nc(N3CC4CC3C4)n2)c1,15.04
COc1ccc(-c2cc(-c3ccc(-c4nc(C#N)c(C#N)nc4-c4ccc(C#N)cc4)cc3)nc(-c3ccc(-c4ccc(C#N)cn4)nc3)n2)cc1C#N,19.29
N#Cc1cc(C#CC#Cc2ccc(-c3cnc(-c4ccc(F)cc4)c(C#N)c3)nc2)cc(-c2ccc(C#N)c(C#N)c2)n1,17.68
N#Cc1cc(-c2cccc(C#CCNC(=O)c3cncn(Cc4ccc(F)c(F)c4)c3=O)c2)nc(C#N)c1C#N,21.65
Cc1cc(-c2nn(CC#N)cc2-c2cc(-c3cnc(C#N)c(C#N)c3)nc(C#N)n2)ccc1C#N,18.77
N#Cc1ccc(-c2cc(Oc3cccc(N=C(N)N)c3)ccc2C#N)cc1C#N,24.82
CN(C)CC1CCN(c2cc(-c3ccc(-c4cnc(C#N)cn4)nc3)nc(-c3cc(C#N)c(C#N)c(C#N)n3)n2)CC1F,25.18
N#Cc1cc(-c2nc(CCCO)nc(-c3ccc(F)c(F)c3C#N)n2)nc(C#N)c1C#N,16.42
N#Cc1cccc(Cn2nc(Cl)nc2-c2ccc(-c3ccc(C#N)c(C#N)c3)cc2)c1,16.39
N#Cc1ccc(N=Nc2nc(O)c(-c3ccc(-c4cnc(-c5cccc(C#N)n5)nc4C#N)cc3)s2)cc1,28.4
CC(C)(C#N)CN(C#N)c1ccc(C#N)c(-c2cc(-c3ccc(C#N)cc3)cc(-c3ccc(C#N)cc3)n2)c1,29.6
CC(C)CNC(=O)c1nc(-c2ccc(-c3ccc(N)c(C#N)n3)cc2)oc1-c1ccc(C#N)cc1,21.06
COc1cccc(-c2cc(-c3cccs3)c(C#N)c(=O)[nH]2)c1,22.13
Cc1n[nH]c(C(=O)C(C#N)NC(=O)C2CNCC(C(=O)c3nnc(-c4ccc(-c5ccc(C#N)cc5)cc4)o3)C2)n1,49.92
N#Cc1ccnc(C(=O)Nc2cccc(Oc3ccnc4cc(-c5cc(F)cc(-c6cnc(C#N)nc6)c5)sc34)c2)c1,34.46
CC(C)Oc1ncc(-c2nc(-c3cc(F)cc(C#N)c3)c(=O)n(-c3cc(F)cc(-c4cc(F)cc(F)c4)c3)n2)cc1C#N,27.07
N#Cc1ccc(-c2cc(-c3ccccn3)nc(-c3ccnc(C#N)n3)c2)cc1,10.96
N#Cc1ccc(-c2nccc(-c3cc(-c4ccc(-n5cccn5)cn4)nc(C#N)n3)n2)cc1,24.12
N#Cc1ccc(C#N)c(-c2ccc(-n3nc(C#N)cc3C#N)nc2)n1,18.93
N#Cc1ccc(C=CC(=O)N(Cc2ccc(-c3ccc(C#N)cc3)cc2)Cc2ccc(-c3ccc(C#N)cc3)cc2)cc1,23.63
Cc1cc(C#N)nc(-c2nc(CNCC3(F)CCOCC3)nc(-c3cnc(C)c(C#N)c3)n2)c1,21.42
COc1cncc(-c2cc(-c3nc(C#N)c(-n4cnc(C5CC5)c4)cc3C#N)cc(F)c2C#N)n1,29.22
N#Cc1ccc(-c2ccc(NC(=O)c3ccc4c(=O)c(-c5ccc(C#N)cc5)c[nH]c4c3)cc2C#N)cc1,25.52
COc1ncc(N=c2[nH]c(OCC(F)F)c(C#N)cc2-c2cccc(-c3ccc(-c4ccc(C#N)nc4)c(OC)n3)n2)cn1,28.74
Cc1nc(-c2ccc(C#N)cc2)c(C#N)cc1-c1ccc(-c2occc2C#N)cn1,17.67
N#Cc1cccc(S(=O)(=O)c2nc(-c3ccc(-c4ccc(C#N)nc4)nc3)nc(-c3cccc(C#N)n3)n2)c1,22.73
N#Cc1cccc(-c2nc(-c3cnc(-c4cnc(C#N)nc4)nc3)cc(-c3cnc(C4(c5ccc(-c6cnc(C#N)nc6)nc5)CCC4)nc3)n2)n1,24.38
N#Cc1ccc(-c2ccc(-c3nc(-c4cccc(C#N)c4)cc(-c4cc(C#N)nc(C#N)n4)c3C#N)cc2)cc1,17.4
CCn1c(=O)c2[nH]c(-c3cncc(C#N)c3)cc2n(CC)c1=O,17.87
Cc1ccc(-n2nccc2C#N)cc1-c1nc(-c2cnc(C#N)c(C#N)c2)nc(N2CCCC(F)C2)n1,17.95
N#Cc1cncc(-c2ccc(-c3nc(Cl)nc(-c4cc(F)c5c(c4)C(=O)n4c-5cc5c(F)cccc54)n3)nc2C#N)c1,34.02
N#Cc1cc(-c2nc(C(F)(F)F)[nH]c2C#Cc2ccc(=N)[nH]c2)cnc1C#N,20.28
CC(C)Oc1ncc(-c2cc(C#N)cc(-c3nc(C#N)cn3CC(O)CN)n2)cc1C#N,19.81
Cc1noc(-c2ncc(-c3cc(-c4nccc(C#N)n4)cc(-c4c[nH]c(=N)c(C#N)n4)n3)cc2C#N)n1,24.35
N#CC#Cc1ccc(-c2ccc(-c3nc(Cl)nc(Cl)n3)cc2)nc1-c1ccc(C#N)cc1,16.11
N#Cc1cc(-c2ccc3[nH]nc(-c4cc(N5CC6CC5C6)nc(-c5cnc(C#N)c(C#N)c5)n4)c3n2)cnc1C#N,20.14
COCn1c(-c2ccc(C)c(C#N)c2)nc(-c2ccc(-c3ccc(C#N)cn3)cc2)c1-c1ccc(C#N)c(F)c1,23.22
N#Cc1ccc(-c2nc(C#N)c(C#N)nc2-c2ccc(-c3cccc(-c4ccc(C#N)c(C#N)c4)c3)cc2)cc1,12.36
N#Cc1ccc(C=Nc2nc(-c3ccc(-c4[nH]c(-c5ccc(C#N)nc5)nc4N=c4ccc(C#N)cn4Cc4ccc(C#N)cc4)cc3)c(O)c(C#N)c2O)cc1,49.96
N#Cc1cc(-c2ccc(-c3cnc(C#N)c(C#N)c3)c(C#N)c2)nc(Cl)n1,15.57
N#Cc1ccc(-c2ccc(-c3cc(C#N)nn3-c3cccc(C#N)c3Cl)cc2)cc1,15.27
N#Cc1ccc(-c2ccc(-c3ccc(-c4nc(-c5ccc(C#N)cc5)nc(Nc5ccc(C#N)c(C(F)(F)F)c5)c4C#N)cc3)cc2)cc1,18.68
N#Cc1ccc(-c2nc(-c3ccc(-c4ccc(C#N)c(F)c4)nc3)c(C#N)c(-c3ccnc(C#N)n3)n2)cn1,20.87
CC(C)n1nc(C#N)nc1-c1ccc(-c2nnc(CC#N)o2)c(C#N)c1,14.99
CC1(C)CN(C(CO)CO)C(=O)C2=C(C#N)c3cc(C#N)c(C#N)cc3C2=C(c2nc(-c3ccc(-c4nc(C#N)[nH]c4[N+](=O)[O-])cc3)c[nH]2)N1,41.46
CSc1cc(-c2ccc(-c3cc(-c4cnc(C#N)c(C#N)c4)cc4nc(-c5ccc(C#N)cc5)oc34)cc2)ccc1C#N,27.63
N#Cc1ccc(-c2ccc(-c3nc(-c4cccc(-c5ccc(C#N)cc5)n4)oc3-c3ccc(-c4cncc(C(N)=O)n4)cc3)cc2)cc1,28.34
CC(C)(C#N)c1ncc(-c2nc(-c3nc(C#N)cnc3C#N)nc(N3CC4CC3C4)n2)cc1C#N,13.27
N#Cc1cc(-c2nc(-c3cnc(N4CCN(C5COC5)CC4)c(C#N)c3)nc(N3CCOCC3)n2)cnc1-c1ccc(Cl)cc1,19.94
CCC(=O)Nc1ccc2c(c1)C(=O)c1ccc(-c3cc(OC)c(OC)c(-c4ccc(C#N)c(C#N)c4)c3)nc1C2=O,25.34
N#CCCN(c1ccc2[nH]cc(-c3ccnc(-c4ccc(C#N)cc4)c3)c2c1)C1CCC1,34.03
Cc1ncc(-c2nc(-c3cccc(C#N)n3)nc(N3CCCN(C(=O)Cc4ccc(-n5cc(C#N)nn5)nc4)CC3)n2)cc1C#N,23.61
N#Cc1ccc(-c2ccc(-c3nc(-c4cc(C#N)c(C#N)c(C#N)c4)nc(N4CCC5(C4)NC(=O)NC5=O)n3)cn2)cn1,25.3
N#Cc1nc(-c2nc(-c3cnc(C#N)c(C#N)c3)nc(N3CC4CC3CO4)n2)cc(C2CC2)n1,14.83
Cc1nc(-c2c(F)c(F)c(C#N)c(F)c2F)nc(-c2ccc(C#N)cc2)c1-c1nc(N=Cc2ccccn2)nn1C,24.94
N#CCOc1nc(-c2nc(-c3ccc(C#N)nc3)nc(N3CC4CC4C3)n2)cc(C#N)c1C#N,21.23
N#Cc1ccc(-c2ccc(-c3[nH]c(-c4ccc(C(N)=O)cc4)nc3-c3cnc(-c4ccc(-c5cnc(-c6ccc(F)cc6)cn5)cn4)c(C#N)c3)cc2)cc1,36.63
CC(C)Oc1ncc(-c2nc(-c3ccc(C#N)n3CC#N)nc(N3CCOCC3)n2)cc1C#N,14.71
CC(C)n1nc(C#N)nc1-c1cc(-c2ncc(C#N)cc2Cl)c(F)c(C#N)n1,18.49
CC(Oc1ncc(-c2nc(-c3ccc(C#N)cc3F)nc(N3CCC(C)(O)C3)n2)cc1C#N)c1cc(F)c(F)c(F)c1,22.96
N#Cc1ccc(-c2ccc(-c3c(C#N)ncn3-c3c[nH]c(-c4ccc(-c5ccc(C#N)cc5)c(F)c4)n3)cc2)cc1,32.0
N#Cc1ccc(-c2cc(-c3cccc(C#N)n3)nc(-c3nc(-c4ccc(-c5ccsc5)cc4)nc(-c4ccc(C#N)cc4)c3C#N)c2)cc1,22.61
N#Cc1ccc(-c2cc(-c3ccc(-c4nc(-c5nccc(-c6cc(C(F)(F)F)ccc6C#N)c5C#N)n[nH]4)cn3)cc(F)c2C#N)cc1C#N,35.15
CC(C)Oc1ncc(-c2nc(-c3cc(F)cc(C#N)n3)nc(N3CC4CC3CO4)n2)cc1C#N,11.43
N#Cc1cccc(-c2ccc(-c3cccc(-c4ccc(-c5ccc(C#N)c(C#N)c5)nc4)c3)cc2)n1,16.74
N#Cc1cccc(-c2nc(-c3cc(C#N)c(C#N)c(Cl)n3)nc(N3CC4CCC(C3)O4)n2)n1,15.58
CC(C)Oc1ccc(-c2nc(-c3cnc(C#N)c(C#N)c3)cc(-c3cc(C#N)c(-c4ccccc4C#N)nc3C#N)n2)cc1C#N,23.26
N#CCc1ccc(-c2cncc(-c3cn(C#N)c(C#N)n3)n2)cc1C#N,23.53
COc1ccc(-c2ccc(-c3cc(C#N)c(-c4ccc(C#N)c(C#N)c4)nc3C(N)=O)cc2)cn1,17.27
N#Cc1ccc(-c2ccc(-c3cc(-c4nc(-c5ccc(-c6ccc(C#N)cc6)nc5)cc(CCC(=O)O)c4C#N)ccc3C#N)cc2)cc1,29.52
N#Cc1ccccc1-c1ccc(-c2c(C#N)nn(-c3ccc(Cl)cc3-c3ccc(-c4nc(C#N)c(C#N)nc4C#N)c(C#N)c3)c(=O)c2C#N)cc1,26.47
CC(Nc1ccc(-c2nc(-c3ccc(C#N)cc3)cc(-c3nnc(-c4cccc(-c5ccc(C#N)cc5)n4)n3C)c2CC#N)nc1C#N)c1ccccc1,44.11
N#Cc1cc(-c2nc(-c3cc(F)c(C#N)c(F)c3F)nc(N3CCC(C#N)CC3)n2)nc(N)c1C#N,13.69
N#Cc1ccc(-c2cc(-c3nc(Cl)ncc3C#N)cc(-c3ccc4cc(C#N)n(C#N)c4c3)c2F)cn1,28.22
Cc1nc(C#N)c(C#N)nc1-c1ccc(-c2ccc(C#N)n2-c2ccc(-c3ccsc3)c(C#N)c2)cc1C#N,18.71
N#Cc1cccc(-c2nc(-c3cccc(C#N)n3)nc(-c3cccc(-n4nccc4C#N)c3F)n2)n1,15.53
CC(O)Cn1nc(-c2cnc(OC(C)C)c(C#N)c2)nc1-c1ccc(-c2cc(C#N)nc(C#N)n2)cn1,19.89
CC1(C)Cc2c(nc(C#N)nc2-c2cc(F)c(-c3ccc(F)c(-c4nncc(C#N)n4)c3F)cc2F)CN1CC(F)(F)F,28.74
N#Cc1ccc(-c2cccc(-c3cc(C#N)nc(-n4nc(-c5ccc(C#N)c(C#N)c5)cc4C#N)n3)c2)cc1,12.45
CC(C)(C)c1nc(=N)nc(-c2cc(C#N)c(-c3ccc(C#N)cc3)nn2)[nH]1,31.69
N#Cc1cccc(-c2cc(-c3cnc(C#N)c(C#N)c3)nc(C#N)n2)c1,10.03
N#Cc1ccc(-c2cc(-c3ccc(C#N)c(C#N)c3)cc(-c3cc(F)cc(-c4ncnc(F)c4C#N)c3)n2)cn1,22.84
N#CC#Cc1cc(-c2nc(-c3ccc(CC#N)c(C#N)c3)nc3c(-c4ccc(C#N)cc4)cc(C#N)nc23)nc(C#N)n1,28.89
N#Cc1ccc(-c2ccc(-c3nnc(-c4ccnc5ccc(-c6ccc(C#N)cc6)nc45)cc3-c3ccc(C#N)cc3)cc2)cc1,21.86
CC(=O)NC1CCC(NC(=O)c2c[nH]c(-n3cnc(-c4cnc(-c5ccc(F)c(C#N)c5)c(C#N)c4)c3)cc2=NC(C)C)CC1,29.35
N#Cc1cc(-c2nc(CCC3CCCN3S(=O)(=O)c3ccc(Cl)s3)cc(-c3c[nH]c(=N)c(C#N)n3)n2)[nH]c1C#N,25.64
N#Cc1ccc(-c2ccc(-c3cc(-c4ccc(C#N)cc4)cc(-c4ccnc(-c5ccc(C#N)cc5)c4)n3)nc2)cc1,11.79
CCc1nc(-c2ncco2)c(C#N)cc1-c1nnc(-n2nccc2C#N)cc1C#N,21.81
N#Cc1ccc(-c2ccc(-c3nc(SCc4cnc(-c5ccc(C#N)cc5)c(C#N)c4)n(-c4cc(C#N)c(C#N)c(-c5ccc(C#N)cc5)c4)n3)cc2)cc1,22.75
Cc1cc(-c2cc(-c3nc(-c4cccc(C#N)n4)nc(N4COCC4C(F)F)n3)cc(C#N)c2C)cc(C#N)n1,20.66
CC(CNS(=O)(=O)c1ccc(F)c(F)c1F)NCC(=O)Nc1ccc(C#N)cc1-c1ccc(-c2nc(C#N)c(C#N)nc2-c2ccc(C#N)cc2)c(C#N)c1,36.43
N#Cc1ccc(-c2nc(-c3ccc(F)c(C#Cc4cccc(C#N)n4)c3)nc(-c3ccc(C#N)c(C#N)c3)n2)cc1,17.93
N#CC=Cc1cn(-c2ccc(-c3ccc(C#N)cc3)cc2)c(Cc2ccc(-c3ccc(C#N)cc3)cc2)n1,17.49
N#Cc1ccc(-c2cc(-c3cc(-n4nccc4C#N)nc(C#N)c3C#N)nc(-c3c(F)c(F)c(C#N)c(F)c3F)n2)cc1,17.26
CC(=O)Nc1cnc(-c2ccc(-c3ccc(C#N)cc3)s2)nc1-c1csc(NC(=O)Nc2sc3c(c2C#N)CCCCC3)c1,44.91
N#Cc1cc(-c2ccc(-c3ccc(N)c(C#N)n3)c(C#N)c2)cc(-c2cccc(C#N)n2)c1,12.91
Cc1cc(-c2nc(-c3cnc(C#N)c(C#N)c3)nc(N3CC(C#N)C3)n2)cc(F)c1-c1nc(Cl)ncc1F,23.28
N#Cc1nc(-c2ccc(-c3ccc(-c4cnc(C#N)c(C#N)c4)c(F)c3F)nn2)nc(-c2cc(Br)ncc2Br)n1,24.94
N#Cc1cc(F)cc(-n2ncc(Cl)c(Oc3ccc(-c4cnc(N)c(C#N)n4)cc3C#N)c2=O)c1,29.74
N#Cc1cccn1CC(O)(Cn1cncn1)c1ccc(F)cc1F,16.94
CC(=O)N1CCC(c2cc(-c3cnc(OC(C)C)c(C#N)c3)nc(-c3cc(C)cc(C#N)n3)n2)CC1,18.55
N#Cc1ccc(-c2nc(-c3cnc(C#N)nc3)cc(-n3nc(C#N)cc3C#N)n2)cc1,13.87
N#Cc1nc(-c2ccc(-c3cccc(-c4ccc(NCCC(F)(F)F)nc4)c3)cc2C#N)no1,25.74
N#Cc1ccc(-c2cc(C#N)c(C#N)c(C#N)n2)nc1-c1cccc(OC(F)(F)F)c1,17.08
N#Cc1cc(-c2nc(-c3cc(C#N)c(C#N)[nH]3)nc(N3CC4CC3C4)n2)cnc1CNCC(F)(F)F,18.7
N#Cc1ccc(Sc2[nH]c(=N)c(C#N)c(-c3c(F)ccc(F)c3F)c2C#N)cc1,15.66
N#Cc1cc[nH]c(=Nc2cc(-c3cccc(-n4nc(-c5ccc(C#N)nc5)ccc4=O)c3)cc(C#N)n2)c1,27.55
N#Cc1ccc(N2CC(Oc3nc(-c4ccc(C#N)c(C#N)c4)nc(-c4cccc(C#N)n4)n3)C2)nc1,22.13
Cc1ncn(-c2cncc(-c3cc(C#N)nc(C4=CC(C#N)=C5N=CN5CC(O)C(O)C4)n3)c2F)n1,26.02
N#Cc1ccc(-c2cc(-c3cc(-c4ccc(C#N)cn4)cc(C#N)n3)cc(-c3cc(-c4ccc(C#N)nc4)nc(-c4ccc(C#N)cc4)c3C#N)c2)cc1,21.51
CC(C)c1nc(C#N)c(C#N)cc1CNCc1nc(-c2cc3ccc(-c4ccc(C#N)cc4)cc3c(C#N)n2)cs1,34.33
N#Cc1ccc(-c2cc(-c3ccc(-c4ccc(C#N)cc4)nc3)nc(-c3ccnc(-c4ccc(C#N)cc4)c3)c2)cc1,17.04
N#Cc1cc(-c2nc(-c3cncnc3)cc(C3CCC(C#N)C(CN)C3)n2)cnc1C#N,26.49
N#Cc1noc(-c2ccc(-c3ccn(-c4ccc(-c5ccc(C#N)c(C#N)c5)c(F)c4)n3)cc2C#N)n1,24.84
CN(C)CCCCOc1ccc(-c2cc(C#N)c(C#N)c(C#N)n2)nc1-c1ccc(-c2ccccc2C#N)cn1,26.2
N#Cc1ccc(-c2ccc(-c3nc(C#Cc4ccc(-c5nc(-c6ccc(C#N)cc6)nc(-c6ccc(C#N)c(C(F)(F)F)c6)n5)cc4)cc(-c4ccc(C#N)cc4)n3)cn2)cc1,17.03
N#CCc1ncc(-c2nc(-c3cnc(N4CCC(F)C4)c(C#N)c3)nc(N3CCOCC3CF)n2)cc1C#N,17.35
N#CCC1COC(=O)N1c1cc(-c2cccc(C#N)n2)nc(-c2cc(C#N)c(C#N)c(C#N)n2)n1,13.05
N#Cc1cc(-c2nc(C(F)(F)F)c(-c3cc(-n4nc(C(N)=O)cc4C#N)ccn3)s2)cnc1-c1ccc(F)cc1,20.65
N#Cc1ccc(-c2cc(-c3nc4c(F)c(C#N)c(C#N)cc4nc3Nc3cc(F)c(F)c(F)c3)cc(-c3ccc(C#N)cc3)n2)cc1,30.71
N#Cc1ccc(-c2cc(-c3nc(-c4cnc(CNCCF)c(C#N)c4)nc(Cl)c3C#N)ccc2C#N)cc1,21.91
Cc1nc(-c2ccc(-c3ccc(C#N)cc3)c(C#N)c2)c(C#N)cc1-c1ccc(-c2cc(-c3cnc(C#N)nc3)cnc2C#N)cc1,17.68
N#Cc1ccnc(-c2nc(-c3cc(C#N)c(C#N)c(C#N)n3)ccc2N2CCC3(CCNC3=O)C2)n1,21.44
Cc1cnc(-c2cccc(-c3ccc(-c4cnc(C#N)c(C#N)c4)c(F)c3)n2)c(C#N)c1C,25.84
N#Cc1ccc(-c2ncc(-c3ccc(-c4cc(-c5cc(N=CN6CCN(C=O)CC6)nc(N=CN6CCN(C=O)CC6)n5)cc(C#N)n4)cc3C#N)cc2C#N)cc1,20.46
N#CC=C(C#N)Oc1ccc(-c2nc(-c3ccc(C#N)cc3)nc(N3CCC4OCCNC(=O)C4C3)n2)cc1C#N,33.78
Cc1ccc(-n2[nH]c(-c3ccc(-c4ccnc(C#N)c4)cc3)cc2=NC(=O)c2cc(Cl)cc(Cl)c2-c2ccc(C#N)cn2)cc1,28.56
COC(=O)c1nc(C#N)c(C#N)nc1-c1ccc(-c2c(C#N)cc(-c3ccc(-c4ccc(C#N)c(-c5ccc(F)c(C#N)c5F)n4)nc3C#N)n2C)nc1C#N,36.12
N#Cc1ccc(-c2ncc(-c3[nH]c(-c4cnc(-c5cccc(C#N)n5)c(C#N)c4)nc3C(N)=O)nc2C#N)cc1,21.21
CS(=O)(=O)c1ccc(-n2cc(C#N)c(-c3ccc(-c4ccc(C#N)c(C#N)c4)c(C#N)c3)n2)c(C#N)c1,18.15
N#Cc1ccc(-c2ccc(-c3nc(-c4ccc(C#N)cc4)cc(-c4nc(N5CCCC(N)C5)nc(=Nc5ccc(N6CCOCC6)cc5)[nH]4)n3)cc2)cc1,25.57
N#Cc1ccc(-c2ccc(-c3sc(-c4ccc(-n5nccc5C#N)nc4)cc3C#N)cc2)cc1F,19.93
N#Cc1cccc(-c2cc(-c3ncc(C#N)nc3-c3nc(-c4cc(C#N)c(C#N)c(C#N)c4)n4cc[nH]c(=N)c34)cc(C(N)=O)c2C#N)c1,31.56
N#Cc1cccc(-c2ccc(-c3nc(-c4ccc(C#N)c(C#N)c4)cc(-n4nc(C(F)(F)F)cc4C#N)n3)cc2)c1,13.56
N#Cc1ccc(-c2cc(N3C4CCC3COC4)nc(-c3cc(C#N)c(C#N)c(C#N)n3)n2)cn1,15.94
N#Cc1cc(F)cc(-c2cc(N3COC4C(C3)C4(F)F)nc(-c3cnc(C(N)=O)c(C#N)c3)n2)n1,26.25
N#Cc1ccc(-c2ccc(-c3nc(-c4ccc(F)c(C#N)c4F)cc(-c4csc(=Nc5cc(C#N)ccn5)[nH]4)c3C#N)cc2)cc1,24.06
N#Cc1ccc(-c2nc(-c3ccc4nc(-c5ccc(-c6ccc(C#N)cn6)cc5)ccc4c3)nc(-n3nccc3C#N)n2)cc1,19.06
N#Cc1ccc(-c2ccc(-c3nc(CN4CCN(Cc5ccc(F)cc5F)CC4=O)n(-c4ccccc4)n3)cc2C#N)c(F)c1,36.6
N#Cc1cccc(C(=O)Nc2ccnc(-c3cc(C#N)nc(-c4cnc(C#N)c(C#N)c4)n3)c2)n1,18.64
N#Cc1ccc(-c2ncc(-c3ccc(-n4nc(C(F)(F)F)cc4C#N)c(C(F)(F)F)n3)cc2C#N)cc1,14.54
Cc1ncc(Br)cc1CSc1c(C#N)nc(COc2ccc(-c3cccc(F)n3)cc2)n1-c1ccc(C#N)c(C(F)(F)F)c1,37.03
Cc1cc(-c2nc(-c3nc(Cl)ncc3C#N)nc(N3CCCC3C#N)n2)cc(F)c1C#N,28.4
N#Cc1ccc(-c2cnc(-c3cccc(-c4cnc(-c5ccc(F)cc5)c(C#N)c4)c3)c(-c3ccc(C#N)cc3)n2)cc1,18.58
CC(C)c1nc(-c2ccc(C#N)cc2)cn1-c1cc(-c2ccc(C#N)cc2)cc(-c2ncnc(C#N)n2)c1,17.27
C=Cc1ccc(-c2ncc(-c3ccc(-c4cc(-c5cc(F)cc(OC)c5F)cc(-c5nc(-c6ccc(C#N)cc6)nc(-c6ccc(-c7ccc(C#N)cc7)cc6)n5)n4)cc3)s2)cc1C#N,33.11
N#CCc1nc(-c2ccc(C#N)cc2)c(C#N)cc1-c1ccc(-n2cccc2C#N)cc1,18.07
N#Cc1ccc(-c2ccc(C#Cc3cnc(-c4cnc(-c5ccc(Cl)cc5)c(C#N)c4)nc3)cn2)cn1,22.14
N#Cc1ccc(-c2c[nH]c(-c3cnc(-c4ncc(C#N)nc4C#N)c(C#N)c3)n2)nc1,22.55
N#Cc1ccc(-c2ncc(-c3ccc(-n4c(-c5ccc(C#N)o5)nc(C#N)c4C#N)cc3)cc2C#N)cc1,17.02
N#Cc1cccc(-c2c[nH]c(-c3cnc(-c4ccc(Cl)cc4)c(C#N)c3)n2)n1,18.3
N#Cc1ccc(-c2ccc(-c3nc(-c4ccc(-c5ccc(C#N)cc5Cl)nc4)nc(-c4ccc(-n5nc(-c6ccc(C#N)nc6)cc5C#N)c(F)c4F)n3)cc2)cc1,27.81
N#Cc1ccc(-c2ccc(-c3cc(-n4cc(C#N)c(-c5cccc(C(F)(F)F)c5)n4)cc(C(=O)O)c3O)cc2C#N)nc1,24.28
N#Cc1ccc(-c2cc(-c3cc(C#N)c(N4CC5CC4CN5CC4CC4)nn3)nc(C#N)n2)cc1,24.38
N#Cc1nc(-c2nc(C#N)c(C#N)nc2C#N)ccc1-c1cc(F)cc(-c2ccccn2)n1,26.9
N#Cc1ncc(N(C#N)N2CCN(c3cc(-c4ccncc4)nc(-c4ccc(C#N)c(C#N)c4)n3)CC2)s1,40.72
N#Cc1ccc(C2CN(c3nc(-c4cnc(C#N)c(C#N)c4)nc(-c4cc(-n5nccc5C#N)ccc4C#N)n3)C2)cc1F,18.41
CC(C)Oc1ncc(-c2nc(-c3ccccc3C#N)nn2CCO)cc1C#N,13.43
N#Cc1ccc(-c2ccc(-c3nc(-c4cc(C#N)cc(-c5cccc(C#N)n5)c4)cc(-n4nccc4C#N)n3)cn2)nc1,21.74
CC(=NOC(=O)c1cc(F)c(F)c(Br)c1)c1nc(-c2ccc(C#N)cc2)co1,30.45
CCOc1nc(-c2ccc(-c3cc(C#N)c(N)nn3)cc2C#N)nc(N2CCC(N)CC2)n1,29.41
Cn1nc(-c2cc(C#N)c(-c3cnc(C#N)c(C#N)c3)cc2F)nc1-c1cnc(-c2c[nH]c(=N)c(C#N)n2)c(C#N)n1,24.31
N#Cc1ccc(-n2nc(C(=O)NN=Cc3ccccc3C(=O)O)cc2C#N)cc1-c1ccc(Cl)cc1,23.59
COCc1nc(-c2cnc(-c3cncc(C#N)c3)c(C#N)c2)cc(-n2nccc2C#N)n1,17.02
CC1COCCN1c1cc(-c2cccc(C#N)n2)nc(-c2cnc(OC(F)F)c(C#N)c2)n1,14.12
Cn1cc(-c2cnc3ccc(N(Cc4ccnc(C#N)c4)c4ccc(C#N)c(C#N)c4)cc3n2)cn1,19.47
N#Cc1ccc(-c2nc(-c3cc(C#N)c(C#N)c(C#N)c3)nc(N3CCOCC3)n2)cn1,14.69
CC(C)n1nc(C#N)cc1-c1cc(-c2ccc(C#N)cc2)nc(-n2nc(C(F)(F)F)cc2C#N)c1,23.76
N#Cc1ccc(-c2ccc(-c3nc(-c4ccc(-c5[nH]c(C#N)c(C#N)c5C#N)nc4)cc(-c4cc(-c5ccc(C#N)cc5)cc(C#N)n4)n3)cc2)cc1,20.29
N#Cc1ccc(-c2ccc(-c3nc(-c4nc(-c5ccc(-c6ccc(Cl)cc6)c(C#N)c5)cs4)nc(-c4ccc(C#N)cc4)c3C#N)cc2)cc1,27.62
N#Cc1cncc(-c2ncc(-c3cc(N4CCCC(F)(F)C4)nc(N4CCOCC4)n3)cc2C#N)c1,21.49
C=S(=O)(N=c1[nH]c(N)cc(-c2cnnc(Sc3ccc(C#N)cc3)c2C#N)c1C#N)c1ccc(-c2nc(Cl)c(-c3ccc(C#N)cc3)nc2-c2ccc(C#N)cc2)nc1C#N,47.92
N#Cc1ccc(-c2ccc(-c3nc(-c4ccc(C#N)cc4)nc(-c4cc(-c5cc(-c6ccc(C#N)cc6)nc(-c6ccc(CNCC(F)(F)F)c(C#N)c6)n5)nc(C#N)n4)n3)cc2)cc1,24.4
Cn1nc(-c2ccc(-c3ccc(-c4nc(C#N)ncc4-c4ccnc(N5CCC(F)(F)C5)n4)c(C(F)(F)F)n3)cc2C#N)c(Cl)c1C#N,32.41
C#CC[n+]1ccc(-c2ccc[n+](Cc3cccc(C[N+](C)(C)CCc4ccccc4)c3)c2)cc1,36.04
N#Cc1ccc(-c2ccc(Cc3nc(Cl)nc(Nc4ccc(C#N)c(C#N)c4)c3C#N)cc2)cc1,19.24
Cn1nc(-c2cc(-c3ccc(C#N)c(C#N)c3)c(C#N)c(C#N)n2)c(C#N)c1-c1ccc(-c2ccc(C#N)cn2)cc1,23.67
N#Cc1ccc(-c2ccc(-c3cc(-c4ccc(F)c(C#N)n4)nc(-c4ccc(-c5ccc(C#N)cn5)nc4)n3)cc2)cc1,20.24
Cn1cc(C#N)nc1-c1[nH]c(-c2ccc(C#N)c(-c3ccc(C#N)cc3)c2)nc1-c1ccc(-c2cnc(C#N)c(C#N)c2)cc1,20.06
Cc1nccc(-c2ccc(-c3nc(-c4cc(C#N)c(C#N)c(C#N)c4)nc(N4CCC(O)(c5cnc(F)c(C#N)c5)CC4)n3)cn2)n1,23.8
Cc1cc(C#N)ccc1-c1ccc(-c2cc(-c3cccc(-c4cccc(-c5ccc(C#N)cc5)n4)c3)nc(-c3ccc(C#N)cc3)n2)cn1,23.84
N#CC(=Cc1ccc(-c2ccc(C#N)cc2)cc1)c1ccnc(-c2ccc(C#N)c(C#N)c2)n1,18.26
N#Cc1ncc(-c2ccc(-c3ccnc(-c4cc(C(F)(F)F)cc(Cl)c4F)n3)cc2C#N)o1,23.81
COC(=O)NC1CCN(c2nc(-c3cnc(C#N)c(C#N)c3)nc(-c3nc(C#N)ccc3C#N)n2)C1,18.52
N#Cc1cc(-c2cnc(-c3ccc(C#N)c(F)c3)c(C#N)c2)cc(-n2cncc2C#N)c1,15.97
N#Cc1nc(C#N)nc(-c2cccc(Nc3ccc4c(c3)C(=O)c3ccc(N)cc3C4=O)n2)n1,15.96
N#Cc1ccc(-c2ccc(-c3cc(C#N)c(-c4ccc(F)c(C#N)c4F)nc3C(=O)O)cc2)cc1F,19.95
N#CC1=CN=C2C=C(C#N)C(=C(F)C(c3nc(-c4cc(C#N)c(C#N)c(C#N)n4)nc(N4CCC(F)(F)C4)n3)=CN=C1)OC2,23.63
N#Cc1nc(-c2cnc(-c3ccc(C#N)c(F)c3)c(C#N)c2)n(CC2CCC(N)CC2)n1,12.93
N#Cc1ccc(-c2c(C#N)nn(-c3cnc(C#N)c(C#N)n3)c2C#N)cc1C#N,13.58
N#Cc1ccc(-c2ccc(-c3nc(CCN)cc(-c4csc(NC(=O)c5cccc(-c6ccc(C#N)cc6)n5)n4)n3)cc2)cc1,27.42
Cc1cc(-c2nc(-c3ccc(C#N)cc3)nc(C3CCN(c4ccc(-c5nc(-c6ccc(C#N)nc6)nc(-c6ccc(-c7ccc(C#N)cc7)cc6)c5C#N)cc4C#N)CC3)n2)ccc1F,28.26
CN(c1ccc(C#N)cc1)c1nc(-c2ccc(-c3ncccc3C#N)c(C#N)c2)nc(N2CCC(F)C2)n1,29.17
N#Cc1cccc(-c2ccc(-c3cnc(C#N)nc3-c3cnc(N4CCNCC4)c(C#N)n3)nc2C#N)c1,23.12
C=Cc1ccc(-c2cc(-c3ccc(C#N)c(C#N)c3)c(C#N)c(-c3ccc(C#N)cc3)n2)nc1-c1nnn(-c2cc(F)c(C#N)c(F)c2F)n1,33.41
N#Cc1ccc(-c2cc(-c3ccc(-c4cccc(C#N)n4)nc3)nc(-c3ccc(-c4ccc(C#N)cc4)nn3)c2)cc1,13.62
N#Cc1cc(C#N)n(-c2ccc(-c3cc(C#N)c(-c4cnc(C#N)c(C#N)c4)nc3C(F)(F)F)nc2)c1,16.5
CCc1noc(-c2ccc(-c3nc(-c4ccc(-c5ccc(C#N)cc5)cc4)n(CC(=O)O)c3-c3ccc(C#N)cc3)cc2)n1,18.03
CS(=O)(=O)Nc1ccc(-c2nc(-c3cc(C#N)c(C#N)c(C#N)n3)ccc2F)nc1,18.42
Cc1nccn1-c1nc(C#N)nc(-c2ccc(-c3cnco3)c(C#N)c2)n1,21.74
Nc1c(Cl)cc(-c2cc(-c3ccc(-c4nc(-c5ccc(Cl)c(Cl)c5)no4)c(C(=O)O)n3)no2)cc1Cl,29.86
N#Cc1ccc(-c2ccc(-c3nc(C(F)(F)F)c(-c4cc(C#N)c(=N)[nH]n4)cc3-c3ccc(-c4cc(F)cc(C#N)c4)cc3)cn2)nc1,25.03
N#Cc1ccc(-c2nc(-c3nc(-c4cccc(-c5ccc(-c6nc(C#N)c([N+](=O)[O-])[nH]6)cc5)n4)c(Br)[nH]3)cc(C#N)c2C#N)cc1,27.05
N#Cc1ccc(-c2cc(-c3cc(C#N)nc(-c4nc(-c5ccc(C#N)cc5)nc(-c5ccc(C#N)cc5)n4)c3)cc(-c3ccc(-c4cccc(C#N)n4)c(C#N)c3)c2)cc1,18.61
N#Cc1cc(-c2cccc(-c3cc(C#N)c(C#N)c(C#N)n3)n2)co1,15.12
CC(C)(O)C#Cc1ccc2[nH]c(-c3cc(-c4cnn(C5CCNCC5)c4)c[nH]c3=N)nc2c1,30.9
N#Cc1ccc(-c2ncc(C#N)c(COc3cc(-c4cncc(C#N)c4)c(C#N)cn3)n2)cc1,23.25
N#Cc1nc(-c2nc(-c3ccc(C#N)c(F)c3)nc(-c3ccc(-c4ccc(C#N)c(C#N)c4)cc3)c2C#N)cc(-n2nc(C(F)(F)F)cc2C#N)n1,19.91
N#Cc1nccc(-c2ncn(-c3ccc4c(c3)C(=O)c3cc(-c5ccc(C#N)c(F)c5)cnc3C4=O)n2)n1,22.7
N#Cc1ccc(CN2C(=O)SC(=Cc3cnc(N4CCN(CCOc5ccc(-c6ccc(C#N)cc6)cc5)CC4)nc3-c3ccc(-c4ccc(C#N)cc4)cc3)C2=O)cc1,38.7
Cn1cc(-c2nnc(C(=O)Nc3cnc(N4CCOCC4)nc3-c3cc(Cl)ccc3OC(F)F)c(C#N)n2)cn1,25.66
N#Cc1ccc(-c2ccc(-c3nc(-c4cccnc4NC(=O)C(C#N)C=N)nc(N4CCC(O)C4)n3)cc2)nc1,37.54
CC(C)(C)n1cc(-c2nc(Sc3ccc(C#N)c(-c4nc(C#N)c(C#N)nc4C#N)c3)nc(-c3ccc(C#N)cc3)c2C#N)c2ccc(F)cc21,38.45
CCCOc1ccc(Oc2nc(C#N)ncc2C(=NO)Nc2ccc(C#N)cc2)cc1,22.37
N#CCOc1cc(C(=O)NN=Cc2ccc(C#N)nc2-c2ccc(C#N)cc2)ccc1-c1ccc(C#N)cc1,31.1
N#Cc1ccc(-c2ccc(-c3cc(-n4cnc(C#N)c4NC(=O)C(F)(F)F)nc(-c4cc(-c5ccc(C#N)cc5)nc(-c5ccc(C#N)cc5)c4)n3)cc2)cc1,23.24
N#Cc1nc(C#Cc2cc(F)cc(F)c2)cc(-c2ccc(C#N)c(C#N)c2)n1,14.54
Cn1c(-c2ccc(-c3ccon3)cc2C(=O)O)cc(C#N)c1-c1cnc(-c2csc(C#N)c2)c(C#N)c1,28.94
CC(C)Oc1ncc(-c2nc(-c3ccc(-c4ccc(C#N)cn4)nc3)cn2C)cc1C#N,11.26
N#Cc1ccc(-c2ccc(-n3c(CCC(=O)O)ccc3-c3ccc(-c4ccc(C#N)cn4)cc3)c(C#N)c2)cc1,16.59
CC(C)n1c(-c2ccc(C#N)c(C#N)c2)cc2c(-c3cnc(C#N)c(C#N)c3)nc(C#N)nc21,19.91
N#Cc1ccc(-c2ncc(-c3cc(Br)nc(-c4ccc(OC(F)(F)F)c(C#N)c4)n3)cc2C#N)cc1C#N,27.31
N#Cc1cccc(-c2nc(-c3ccc(-c4cnc(-c5ccc(C#N)c(C#N)c5)c(C#N)c4)nc3)n[nH]2)n1,17.54
N#Cc1cc(-c2ccc(-c3cc(C#N)c(-c4cnc(C#N)c(C#N)c4)nc3C(N)=O)cn2)cnc1C#N,14.92
CC(=O)C(CO)NCc1ncc(-c2nc(-c3ccc(-c4ccc(C#N)cc4)cc3)nn2C)cc1C#N,15.86
Cc1cc(=O)c(CC2=NC(=S)NC2=O)c(O)o1,26.14
N#Cc1cc(-c2cc(C#N)n(-c3ccc(-c4nc(-c5ccc(Cl)c(F)c5Cl)ns4)c(Cl)c3)n2)ccc1CNCC1CCC(F)(F)CC1,45.08
N#Cc1ccc(-c2cc(-c3ccc(C=Nc4cc(O)c(N)cc4O)cc3)nc(-c3ccc(C#N)cc3)n2)cc1,9.77
COc1cc(-c2nc(C#N)c(C#N)nc2C)ccc1-c1ncc(C#N)n1-c1ccc2[nH]c(C(=O)c3ccc(-c4cnc(C#N)c(C#N)c4)nc3)nc2c1,30.5
N#Cc1ccc(-c2ccc(-c3nc(-c4cncc(C#N)c4)n(CCCNCc4cccc(-c5ccc(C#N)cc5)n4)n3)cc2)cc1,26.79
CC1(C)c2ncc(C#Cc3cccc(NS(C)(=O)=O)c3F)cc2C(=O)c2c1[nH]c1cc(C#N)ccc21,22.98
CC(=O)Nc1ccc(-c2nc(-c3cnc(C#N)c(C#N)c3)nc(N3CC4CC3CO4)n2)c(F)c1,17.62
Cc1cc(-c2ccc(-c3cnc(-c4ccc(C#N)c(C#N)c4)c(C#N)c3)cn2)nc(C#N)n1,10.83
N#Cc1nc(-c2cnc(-c3cnc(C#N)s3)c(C#N)c2)cc(-c2cc(-c3ccc(C#N)c(C#N)c3)nc(-c3csc(C#N)n3)n2)n1,27.61
Cn1c(C#N)cnc1-c1cc(-c2cnc(-c3cc(F)c(C#N)cn3)c(C#N)c2)nc(C#N)n1,15.72
N#Cc1ccc(-c2cc(-c3ccc4c(c3)OCCN(Cc3ncccn3)C4=O)nc(-c3ccc(C#N)nc3)n2)cn1,19.71
CC(C)(CC1CCCCO1)N1CCCC(C(=O)N2CCN(C(=O)c3ccc(-c4ccc(C#N)cc4)c(C#N)c3)CC2)C1,36.14
N#Cc1ccc(-c2ccc(-c3ccc(-c4ccc(NC(N)=O)c(C#N)n4)cc3)cc2-c2ccc(C#N)cn2)cc1,24.23
N#Cc1ccc(-c2cc(-c3cc(-c4ccc(Cl)c(Cl)c4)nc(-c4ccc(C#N)cc4)n3)c(Br)cn2)cc1,21.48
N#Cc1ccc(-c2cc(-c3ccccn3)nc(-c3nc(C#N)nc(=N)[nH]3)c2F)cc1,18.46
COc1cc(C#N)ccc1-n1nc(-c2ccc(-c3csc(-c4ccc(C#N)cc4)n3)cc2)nc1-c1cccc(-c2ccc(C#N)cc2)c1,17.62
N#Cc1ccc(-c2cc(-c3c(F)ncc(-c4cnc(C#N)nc4)c3F)nc(-c3ccc(-c4ccc(C#N)cn4)nc3)c2C#N)cc1,21.11
N#Cc1ccc(-c2nc(C#N)c(C#N)nc2-c2cccc(-n3nc(C(F)(F)F)cc3C#N)c2)cc1,11.53
N#Cc1ccc(-c2cc(-n3c(C#N)cc4nc(C#N)c(C#N)nc43)ccc2F)c(F)c1,19.72
N#CCn1c(-c2cc(-c3ccc(-c4ccc(C#N)cc4)cc3)nc(-c3cc(C#N)c(C#N)[nH]3)n2)nc(C#N)c1NC1CCCC1,26.66
N#CCCCC#Cc1cc(-c2nc(-c3cnc(C(F)(F)F)c(C#N)c3)nc(N3CCOCC3)n2)cs1,26.82
CC(C)c1nn(-c2ccc(C#N)cc2F)c2ncnc(-c3cncc(N4Cc5cc(C#N)ncc5C4=O)c3)c12,29.66
N#Cc1cc(-c2nc(-c3ccco3)cn2CC(=O)N2CC(F)(F)CC(F)(F)C2)nc(C#N)c1C#N,28.93
N#Cc1ccc(-c2ccc(-c3ccc(-c4nc(C#N)ncc4-c4cccc(C#N)n4)cn3)cc2)cc1,17.42
Cc1cc(C)nc(-n2nc(C#N)nc2-c2cnc(-c3ccc(C#N)c(C#N)c3)c(C#N)c2)n1,21.24
N#Cc1cccc(-c2nc(-c3cc(F)c(C(F)(F)F)c(C#N)c3)nc(N3CC4CC3C4)n2)n1,12.06
N#Cc1nc(C#N)c(COc2ccccc2-n2cccc2C#N)nc1C#N,22.47
N#Cc1cc(-c2nccc(-c3nc4sccc4n3Cc3c(F)c(F)c(F)c(F)c3F)n2)cnc1C#N,27.94
CC(C)(C#N)c1nc(=NC(=O)c2cc(C#N)n(-c3cncc(-c4ccc(C#N)cc4)c3)n2)c(F)c(F)[nH]1,27.34
N#Cc1ccc(-c2ncc(Cl)cc2C#N)cc1,11.48
N#Cc1ccc(-c2ccc(C3C4=C(CCCC4=O)N(Cc4cccc(C#N)c4)c4ccccc43)cc2)cc1,29.1
N#Cc1cccc(-n2cc(-c3cccc(-c4cc(C#N)c(C#N)c(C#N)n4)n3)nn2)c1,17.11
Cn1c(C#N)ccc1-c1ccc(-c2cnnn2-c2ccc(-c3nc(C#N)c(N)n3C#N)cc2)cc1,19.41
N#Cc1nc(-c2cnc(C#N)c(C#N)c2)cc(-c2cc(C#N)c(N3CC(F)CCNC3=O)cn2)n1,21.74
CNC1CN(c2nc(-c3cnc(C)c(C#N)c3)nc(-c3cncc(C#N)n3)n2)C1C,18.11
N#Cc1nccc(-c2ncc(-c3nc(-c4cnc(OCC(F)(F)F)c(C#N)c4)cc(N4CC5(COC5)C4)n3)cc2C#N)n1,30.52
CCOc1ccc(-c2ccc(CN=c3nc(-c4ccc(F)c(C#N)c4)c(C#N)c[nH]3)cc2C#N)cn1,29.23
N#Cc1cc(-c2nc(-c3cnc(N4CCOCC4)c(C#N)c3)nc(C3CCC3)n2)cnc1C#N,17.47
Cc1cc(-c2nc(-c3ccn(CC(N)=O)n3)cc(-c3c(F)cc(C#N)cc3Cl)c2F)nc(C#N)n1,36.24
N#Cc1ccc(-c2nc(N=Cc3nccs3)nc(-c3cnc(-c4ccc(C#N)cc4)c(C#N)c3)n2)cc1,21.11
COC1CCN(c2nc(-c3cnc(OC(C)C)c(C#N)c3)nc(-c3cccc(C#N)n3)n2)C1,11.49
N#Cc1ccc(-c2cc(-c3ccc(-c4ccc(C#N)cn4)nn3)nc(-c3ccnc(C#N)n3)c2)cc1,17.76
Cn1nc(-c2ccc(-c3cnc(C#N)c(C#N)c3)c(C#N)c2)nc1-c1cnc(N2CCC(F)(F)CC2)c(C#N)c1,14.7
Cc1cc(-n2cnc(-c3ccc(-c4ccc(C#N)c(F)c4)cn3)c2C#N)cc(-c2nc(-c3ccc(C#N)cc3)c(C#N)c(-c3ccc(-c4ccc(C#N)cc4)nc3)n2)n1,31.58
CS(=O)(=O)Nc1cc(N=c2nc(-n3ncc(CN)c(-c4ccc(-c5ccc(F)c(C#N)c5)c(C#N)n4)c3=O)cc[nH]2)ccc1C#N,34.42
COc1ccc(-c2cc(-c3ccc(-c4ccc(C#N)cc4)cc3)n(CCCCOCCC#N)c2O)cc1,30.4
N#Cc1ncc(-c2ccc(-c3nc(C#N)c(C#N)nc3-c3ccc(Cl)cc3)c(C#N)c2)cn1,18.31
CCn1nc(-c2cncc(-c3ccc(C#N)cc3)c2)nc1-c1cc(C#N)c(C#N)c(C#N)n1,13.98
CC(C)n1cnnc1-c1cc(F)cc(-c2cnc(-c3cc(C#N)ccc3F)c(C#N)c2)c1,26.16
N#Cc1ccc(-c2nc(-c3ccc(-c4nc(Cl)nc(Cl)n4)c(C#N)c3)cc(-c3cnc(C#N)c(C#N)c3)n2)cc1,15.43
N#Cc1cc(F)c(F)c(-c2cc(N3CC4CC3C4)nc(-c3cnc(OC(CCN)c4cnc(Cl)cn4)c(C#N)c3)n2)c1,31.67
N#Cc1nc(-c2ccc(-c3nc(C#N)c(C#N)nc3C#N)nc2)cc(-c2cccc(F)c2-n2cncn2)n1,26.44
N#Cc1ccc(-c2ccc(-c3cc(-c4ccc(-c5ccc(C#N)cc5)nc4)c(C#N)cn3)cc2)cc1,15.45
N#Cc1ccc(-c2nc(-c3ccc(C#N)nc3)nc(-c3nc4ccc(Cl)cc4n3-c3ccc(C#N)c(C#N)c3)c2N)cc1,29.58
CC(C)(C#N)Cc1cc(-c2cnc(C#N)nc2)cc(-c2ccc(-c3nc(-c4ccc(C#N)cc4)cs3)cc2)n1,26.78
N#Cc1ccc(-c2ccc(-c3nc(-c4cnc(OC(F)F)c(C#N)c4)nc(C4CCC4)n3)cc2F)nc1,15.13
COc1cncc(-c2ccc(C3CC4CCn5c(CC#N)c(C#N)c(-c6ccc(-c7ccc(C#N)cc7)cc6)c5C4N3Cc3ccccc3)cc2F)c1,41.26
N#Cc1nc(-c2c(-c3ccc4c(c3)CCC(NCC(=O)O)C4)ncn2C2CC2)nc(C#N)c1N,36.89
CC(C)(C#N)c1ncc(-c2cc(-c3cc(C#N)c(N4CCC(F)C4)nn3)nc(C#N)n2)cc1C#N,14.21
N#Cc1ccc(-c2ncc(-c3nc(C(N)=O)c(-c4cccc(-n5nc(C(F)(F)F)cc5C#N)c4)cc3C#N)o2)cc1,15.54
N#Cc1ccc(-c2ccc(-c3cc(C#Cc4ccc(-c5ccc(C#N)c(C#N)c5)c(C#N)c4)nc(-c4ccc(C#N)cc4)n3)cc2)cc1,13.61
N#Cc1ccc(-c2ccc(Cn3cnc(=Nc4ccc(C#N)c(C(F)(F)F)c4)[nH]3)nc2)cc1,19.7
CCOC(=O)c1cc(C#N)nn1-c1ccc(CNCc2nc(-c3ccc(C#N)cc3)nc(-c3ccc(C#N)cc3)c2C(=O)c2cccc(C#N)c2)nc1,40.82
N#Cc1ccc(-c2ccc(-c3nc(-c4ccc(C(=O)NCC5CCCN5)cc4)nc(-c4cnc(-c5ccccn5)c(F)c4)c3C#N)cc2)cc1C#N,33.03
CC(C)CC(=O)c1c(O)c(O)n(Cc2ccc(-c3ccc(C#N)cc3)nc2)c1-c1ccc(C#N)cc1,17.73
N#Cc1ccc(-c2nc3cnc(-c4cnc(-c5ccc(F)cn5)c(C#N)c4)cn3c2C=NN=Cc2ccc(-c3cccc(C#N)n3)cc2)cc1,28.12
N#CCc1ccc(-c2nc(-c3nc(C#N)ccc3C#N)nc(N3CC4CC3C4)n2)cc1C#N,10.7
N#Cc1ccc(-c2nc(-c3ccc(-n4nc(CCC(=O)O)cc4-c4cccs4)cc3)co2)cc1,25.35
N#Cc1ccc(-c2cc[n+](CC(=O)c3ccc4c(c3)Cc3ccccc3-4)cc2C#N)cc1,23.73
CCS(=O)(=O)c1cnc(Nc2ccc(-c3ccc(C#N)c(C#N)c3)cc2F)c(C#N)c1,32.99
N#Cc1cc(C(=O)NC2CCC(C#N)C2)cc(-c2nc(-c3ccc(C(F)(F)F)c(C#N)c3)nc(N3CCOCC3)n2)n1,25.01
COc1cc(N2CC(F)CC2C(=O)O)ccc1-c1ccc(-c2cc(C#N)c(-c3ccc(-c4ccnc(Cl)n4)cc3)c(C#N)c2)cc1,35.03
COc1ccc(NC(=O)C#N)cc1-n1nc(C#N)nc1-c1ccc(F)c(-c2ccc(C#N)cc2)c1,31.85
Cn1c(-c2ccc(OCc3ccc(-c4ccc(-c5ccc(C#N)cc5)cc4)c(-c4ccc(C#N)cc4)c3)nc2)nc(C#N)c1N,18.28
N#Cc1ccc(-c2cnc(-c3cc(C#N)c(C#N)nc3C#N)nc2)nc1,18.18
N#Cc1ccc(-c2nc(-c3cc(C#N)c(C#N)c(NC(N)=O)c3)nc(N3CC4CC3C4)n2)cc1,15.1
N#Cc1ccc(-c2nc(-c3cnc(C#N)c(C#N)c3)c(-c3cccc(C#N)n3)[nH]2)cc1,10.24
N#Cc1ccc(-c2nc(-c3ccc(-c4cccnc4-c4ccccc4C#N)cn3)c(CCCC(=O)O)o2)cc1,29.91
Cc1nc(-c2ccc(C#N)c(C#N)c2)nc(=Nc2ccc(-c3ccc(C#N)c(F)c3)cc2)[nH]1,17.92
N#Cc1ccc(-c2nc(-c3ccc(-c4ccc(-c5ccnc(Cl)n5)c(F)c4)c(C#N)c3)nc(-c3cnc(C#N)c(C#N)c3)n2)cc1C#N,19.09
N#Cc1ccc(-c2cc(-c3ccc4c(c3)Cc3ccccc3-4)c(-c3nc(N4CCCCC4)nc(-c4ccc(C#N)c(C#N)c4)c3C#N)nc2-c2ccc(C#N)cc2)cc1,30.48
N#Cc1cccc(-c2ccc(-c3nc(-c4ccc(C#N)c(C#N)c4)nc(-n4ncc(C#N)c4-c4ccc(F)c(Cl)n4)n3)cc2)n1,23.97
N#Cc1cccc(-n2nc(C#N)cc2C=O)c1,20.83
N#Cc1cc(-c2nc(-c3cc(Cl)c(Cl)c(Cl)c3Cl)n[nH]2)cc(C#N)c1C#N,24.09
N#Cc1ccc(-c2ncc(-c3nn(-c4ccc(C#N)c(C#N)c4)cc3C#N)cc2C#N)cc1,14.72
Cc1nc(-c2cc(F)c(F)c(C#N)c2F)c(C#N)cc1-c1ccc(-c2cnc(C#N)cn2)nc1C#N,23.86
N#CCCc1cc(Cc2ccc(-c3ccc(C#N)c(-c4ccc(C#N)cc4)n3)cc2C#N)nc(-c2cc(C#N)cc(C#N)c2)n1,25.17
CCc1nc(C2CC2)nc(-c2cc(-c3ccc(C#N)cc3)nc(-c3ccc(C#N)cc3)n2)c1-c1cnc(-c2ccc(C(C)(C)C#N)c(C#N)c2)c(C#N)n1,22.37
N#Cc1ccc(-c2nc(-c3ccc(-c4ccc(-c5cnc(C#N)c(C#N)c5)c(C#N)n4)nc3C(C#N)C#N)n(-c3cc(C#N)c(F)cc3F)n2)cc1,29.77
N#Cc1ccc(-c2nc(C#N)c(C#N)nc2-c2nc(-c3cccc(C#N)n3)nc(-c3ccc(C#N)s3)n2)cc1,14.05
N#Cc1ccc(-c2ccc(-c3cc(C#N)nn3-c3ccc(Cl)c(-c4nc(C#N)c(N)o4)c3C#N)cc2)cc1,19.83
CC(Oc1c(F)cc(-c2nc(-c3cccc(C#N)n3)nc(N3CC[S+]([O-])CC3)n2)cc1C#N)c1ccc(C#N)cc1F,21.43
Cc1ccc(-n2c(SCC#N)nc3sc4c(c3c2=O)CCC4)cc1,17.72
CC(C#N)Oc1nc(-c2nc(-c3ccc(C#N)cc3)cc(N3CCN(CCO)CC3)n2)cc(C#N)c1C#N,20.9
CC(=O)Nc1ncc(-c2cc(NS(C)(=O)=O)c(C#N)c(-c3ccc(-c4cc(C(F)(F)F)ccc4C#N)cc3)n2)nc1C#N,31.55
N#Cc1cc(-c2ncc(-c3nc(-c4cc(F)c(C#N)c(C#N)c4)ncc3C#N)cc2C#N)ccc1Cl,18.83
COC(=O)c1ccc(OCc2cc(C#N)ccc2-c2ccc(-c3nc(-c4ccc(Cl)c(Cl)c4)c(C#N)c(-c4ccc(C#N)cc4F)n3)cc2)nc1,28.43
CCOc1c(Cl)nc(-c2ccc(-c3cc(-c4ccc(N(C)C)cc4)nc(-c4ccc(-c5ccc(C#N)cc5)cc4)n3)cc2)nc1CC,23.75
CN(C)C(=O)CN1CCN(c2nc(Sc3ccc(C#N)c(-c4cnc(C#N)c(C#N)c4)c3)nc(-c3cc(-c4ccc(C#N)cc4)cc(-c4ccccc4C#N)n3)n2)CC1,29.6
CC(C)(C#N)Cc1cc(-c2cc(F)c(-c3ccc(C#N)cn3)cn2)c(C#N)c(-c2ccc(-c3ccc(C#N)cc3)c(-c3ccc(-c4ncco4)c(F)c3F)c2)n1,41.65
N#Cc1cc(-c2nc(-c3ccc(-c4nccnc4Cl)c(Cl)c3)nc(N3CC4CCC(C3)O4)n2)cnc1C#N,22.81
C#CCOc1nc(-c2cnc(OC(C)C)c(C#N)c2)cnc1-c1nc(-c2ccc(C#N)n2C)cc(-c2ccc(C#N)cc2)c1C#N,31.78
CC(CO)OC(=O)N1CCN(C(=O)c2cnc(-c3c[nH]c(=N)c(-c4ccc(C#N)cn4)c3)cc2C#N)CC1,35.74
N#Cc1ccc(-c2cccc(-c3cc(C#N)cc(-c4ncnc(-c5cnc(C#N)c(C#N)c5)n4)c3)c2)cc1,14.55
Cn1nc(-c2cc(C#N)c(F)c(-c3ccc(-c4cnc(C#N)o4)c(F)c3F)c2)nc1-c1ccc(-c2cccc(Cl)c2)c(C#N)c1,27.23
N#Cc1ccc(-c2ncc(-c3ccc(-c4cccc(C(F)(F)F)c4C#N)cn3)cc2C#N)c(Cl)c1,22.77
Cc1ncc(-c2nc(-c3cc(C(=O)N4CCC(c5ccc(C#N)cc5)CC4)cc(C#N)n3)nc(N3CCOCC3)n2)cc1C#N,19.82
N#CCc1[nH]c(-c2nc(-c3ccc(-c4ccc(C#N)cc4)c(C#N)c3)nc(C3CCCCC3)n2)cc1C#N,20.43
N#Cc1ccc(-c2cnc3[nH]cc(-c4ccnc(-c5ccc(C#N)c(C#N)c5)n4)c3c2)cn1,19.0
N#Cc1cc(-c2nc(-c3cncc(-c4ccco4)c3F)nc(N3CCC3)n2)cnc1C#N,22.86
N#Cc1cc(-c2cc(-c3nc(N4CC(F)C4)nc(N4CCC(F)(F)C4)n3)cnc2C#N)cnc1C#N,18.46
Cn1c(C#N)ccc1-c1ccc(-c2cc(-c3ccc(-c4ccc(C#N)cc4)cc3)c(-c3ccncc3)nc2C#N)cc1,16.63
CC(C)Oc1ncc(-c2cc(C#N)cc(-c3nc(C#N)cc(CC#N)n3)n2)cc1C#N,14.08
N#CCn1nc(-c2ccc(-c3cc(-c4ccc(C#N)c(C#N)c4)nc(-c4ccc(C#N)cc4)n3)cc2F)c(C#N)c1-c1ccc(Cl)cc1Cl,18.27
CCOC(=O)N1CCN(C=Nc2nc(-c3ccc(Cl)c(C#N)c3)c(F)c(-c3nccc(C#N)n3)n2)CC1,32.83
COC1CCC(n2c(-c3cc(C#N)c(C#N)c(C#N)n3)nc(-c3ccc(-c4ccc(C#N)cn4)cn3)c2C#N)CC1,24.09
N#Cc1ccc(-c2ccc(-c3cccc(-c4cc(C(=O)O)c(O)c(-c5ccc(C#N)c(C#N)c5)c4)c3)cc2)nc1,20.64
N#Cc1cccc(-c2nc(-c3ccc(C#N)c(C#N)c3)cc(-c3ccnc(C#N)n3)n2)n1,13.78
N#Cc1ccc(-c2ccc(-c3cccc(O)c3)s2)c(OCc2c(C#N)c(C#N)c(C#N)c(C#N)c2C#N)n1,41.58
N#Cc1cnc(SCc2nnc(-c3ccc(F)cc3)o2)s1,24.03
CC(C)n1nc(-c2cnc(-c3ccc(F)cc3)c(C#N)c2)nc1-c1cnc(C#N)c(C#N)c1,10.28
Cc1cc(C#N)nc(-c2nc(-c3cnc(C)c(C#N)c3)nc(N3CC4CC3CO4)n2)c1,11.84
N#Cc1ccc(-c2cc(-c3ccc(C#N)nn3)nc(-c3sc(-c4ccc(C#N)cc4)nc3-c3ccc(-c4ccc(C#N)nc4)cc3)c2)cc1,22.41
N#Cc1ccc(-c2cc(C#N)n(-c3nc(-c4cncc(-c5cccc(C#N)n5)c4)nc(-c4cccc(C#N)n4)n3)n2)cc1,18.7
CS(=O)(=O)c1ccc(-n2nc(-c3ccc(-c4nc(C#N)c(C#N)[nH]4)c(C#N)c3)cc2C#N)nc1,21.54
N#Cc1cc(-c2cccc(-c3cnc(C#N)c(OC4CCNCC4)n3)n2)nc(C#N)c1C#N,23.89
N#Cc1cc(F)cc(-c2cc(C(=O)NC(C#N)Cc3cccc(-c4cc(-c5ccsc5)nc(-c5ccc(C#N)c(F)c5)n4)n3)cnc2Cl)c1,36.73
CC(C)Oc1ccc(-c2nc(-c3ccc(-c4cn(-c5ccc(-c6ccc(C#N)c(C#N)c6)cc5)nn4)cc3)nc(C3CCC(C(N)=O)CC3)n2)cc1C#N,35.48
CN=c1[nH]c(-c2cc(C#N)c(=Nc3ccc(F)c(F)c3)[nH]n2)cc(-c2cnc(-c3ccc(C#N)cn3)nc2)c1C#N,24.47
CC(C)Oc1ncc(-c2nc(-c3nccc(C#N)n3)c(C#N)c(N3CCOCC3)n2)cc1C#N,12.05
N#Cc1ccc2occ(-c3nc(C#N)nc(-c4cc(C#N)c(C#N)c(C#N)c4)n3)c2n1,33.95
N#Cc1ccc(-c2ccc(-c3nc(-c4cc(F)c(C#N)c(C#N)c4)nc(-c4cc(-c5cc(C#N)cnn5)nc(N5CCOCC5)n4)n3)cn2)cc1,25.4
N#Cc1cc(-c2ccc(C#N)c(-c3ccc(C#N)c(C#N)c3)n2)cc(-n2nccc2C#N)n1,14.39
N#Cc1ccc(-c2cc(-n3nccc3C#N)nc(-c3ccc(-c4cccc(C#N)n4)c(C#N)c3)n2)cn1,11.46
CC(C)Oc1ncc(-c2nc(-c3cncc(C#N)c3)nn2CC(=O)N2CCN(CC#N)CC2)cc1C#N,19.03
N#Cc1cccc(-c2cnn3c(-c4cccc(-c5ccc(-c6ccc(F)c(C#N)c6)c(F)c5)c4)nc(C(=O)O)cc23)n1,30.6
Cc1[nH]c(-c2ccncn2)cc1C(C#N)c1nc(-c2ccc(-c3ccc(C#N)cc3)c(C#N)c2)nc(N2CCC3(CO)CC3C2)n1,35.01
C=c1c(=Cc2sc(=S)[nH]c2O)cc(C)n1-c1cccc(C#N)c1,14.78
C=Cc1cc(C#N)n(-c2ccc(-c3cnc(C#N)o3)c(F)c2)c1C#N,27.0
COc1cc(-c2ccc(-n3c(C=Cc4cc(C#N)ccn4)nc4ccccc4c3=O)c(C#N)c2)cc(-c2nnc(C)o2)c1C#N,35.28
N#Cc1ccc(-c2ccc(-c3nc(-c4ccc(-c5ccc(C#N)cn5)cc4)nc(-c4cc(C#N)c(C#N)c(-c5ccc(F)c(C#N)c5F)c4)n3)cn2)cc1,17.91
CNc1c(C#N)nc(-c2cc(-c3cncc(NCCNC(C)=O)c3)cc(-c3ccc(C#N)c(C#N)c3)n2)n1C,23.21
N#Cc1ccc(-c2ccc(-c3cc(C#N)nc(-n4nc(C#N)cc4C#N)c3C#N)cc2)nc1,13.46
N#Cc1ccc(-c2cccc(-c3cc(-c4ccc(-c5cnc(C#N)c(C#N)c5)nc4)nc(-c4ccc(-c5cccc(C#N)c5)cc4)n3)c2)cc1,18.1
CCOC(=O)c1cc2c(C(=O)O)cc(-c3ccc(C#N)cc3)nc2n1Cc1ccc(-c2ccc(C#N)cc2)nc1,26.9
N#Cc1cc[nH]c(=Nc2ccc3c(c2)C(=O)c2ccc(-c4cccc(C#N)n4)nc2S3(=O)=O)c1,17.87
Cn1c(C#N)cnc1-c1cccc(-c2cnc(-c3nc(C#N)c(C#N)nc3-c3ccc(C#N)cc3)c(F)c2)c1F,14.17
N#Cc1ccc(-c2cc(-c3ccc(C(C#N)(C#N)C#N)nc3)nc(-c3cnc(N)c(C#N)n3)c2C#N)cc1,26.56
C=CCSc1nc(-c2ccc(C#N)cc2)cc(-c2ccc(-c3ccc(C#N)cc3)cc2)c1C#N,16.49
N#Cc1ccc(-c2ccc(-c3nc(-c4cnc(-c5ccc(-c6ccc(C#N)cn6)nc5)c(C#N)c4)nc(-c4cc(C#N)c(C#N)[nH]4)n3)cn2)cc1,21.19
Cc1nnc2c(C#N)cc(-c3nc(-c4cccc(C#N)n4)nc(-c4ccc(C#N)c(-c5ccc(C#N)cc5)n4)n3)cn12,29.54
N#Cc1ccc(-c2ccc(-c3nc(-c4ccc(C#N)cc4)c(-c4nccc(C#N)n4)n3-c3ccc(-c4cccs4)cc3)cn2)cc1,27.07
CC(C)(O)C1CCc2c(C#N)cc(C=Cc3cc(C#N)nc(-c4ccc(-c5ccc(C#N)c(C#N)n5)cc4)c3)cc2O1,41.14
N#Cc1cc(-c2nc(C3CCC3)ncc2C#Cc2ccc(=N)[nH]c2)cnc1C#N,17.9
Cc1c(C#N)cc(-c2nc(-c3nc(C#N)ccc3C#N)nc(N3CCC(c4nc(F)c(C#N)cc4C#N)CC3)n2)nc1-c1ccc(C#N)c(F)c1,23.55
Cn1cc(-c2cc(C#N)cc(-c3cccc(-c4ccnc(-c5ccc(C#N)cc5)n4)n3)c2)ccc1=O,21.66
N#CCCNC(=O)c1cc(-c2cnc(C#N)nc2-c2ccc(-c3ccc(C#N)cc3)cc2)nc(C#N)n1,23.45
N#Cc1ccc(CN(Cc2cccnc2)c2cc(F)c(-c3nn(-c4ccc(C#N)c([N+](=O)[O-])c4)c(-c4ccc(-c5ccc(C#N)cc5)cc4)c3C#N)nc2C#N)cc1,33.3
N#Cc1ccc(-c2ccc(-c3nc(-c4ccc(C(=O)NCC5CCN(Cc6cnc(C#N)nc6)CC5)cc4)nc(-c4ccc(-c5ccc(C#N)cc5)cc4)n3)cc2)cc1,22.67
CCn1c(N=NC(=O)Nc2c(C)cccc2C)nc(-c2ccc(OC)cc2)c(C#N)c1=O,31.23
N#Cc1nc(-c2nc(-c3cc(C#N)c(C#N)c(C#N)n3)ccc2C2CCC(F)(F)CC2)ns1,14.02
CC1CN(C(=O)c2ccc(C#N)cn2)C(C)(C)c2nnc(-c3cnc(-c4ccc(C#N)c(F)c4)c(C#N)c3)n21,23.91
CNc1cc(-c2cc(-c3ccc(C#N)nc3)c(C#N)c(=NCc3ccc(-c4ccc(C#N)cc4)nc3)[nH]2)ccc1C#N,29.08
CNc1ccc(-c2nc(-c3ccc(C#N)nc3)n(-c3ccc(C#N)c(Br)c3)n2)cc1C#N,27.87
CN1CCN(c2nc(-c3cnc(C(N)=O)c(C#N)c3)cc(-c3ccc(F)c(-c4ccc(C#N)c(C#N)c4)c3)n2)CC1,24.92
Cc1cccc(-c2nc(-c3ccc(-c4ccc(C#N)c(C#N)c4)cc3)nc(Cl)c2-c2ccc(-c3ccc(C#N)cn3)nc2)n1,26.91
CCCc1nc(-c2cc(C#N)c(C#N)[nH]2)nc(-c2cc3ncc(-c4ccc(C#N)cc4)n3c(C#N)c2C)n1,24.85
N#Cc1ccc(-c2nc(-c3cnc(C#N)c(C#N)c3)nc(N3CCn4cc(C#N)nc4C3)n2)cn1,13.12
N#Cc1cc(-c2nc(-c3ccco3)cc(C(F)(F)F)n2)c(=NC2CCCO2)[nH]c1C#N,37.8
CNC(=O)c1cc(OC)c2nc(-c3ccc(-c4ccc(C#N)cn4)cc3OC)nc(N3CCOCC3C)c2c1,32.47
N#Cc1ccc(-c2ccc(-c3cccc4nc(-c5ccc(C#N)cc5)c(-c5ccc(-c6cc(Cl)cc(Cl)c6)cc5)nc34)cc2)cc1,30.31
N#Cc1ccc(-c2cc(-c3ccc(F)c(C#N)n3)c3c(OCCN4CCOCC4)nc(-c4ccc(C#N)c(F)c4)cc3n2)cc1,24.9
N#Cc1ccc(-c2ccc(-c3oc(-c4ccc(-c5cc(F)cc(C#N)c5)nc4)nc3C#N)cc2)nc1,19.7
Cc1ncc(-c2nc(-c3nc(C#N)cn3C(C)C#N)nc(N3CC4CC3C4)n2)cc1C#N,20.1
CN(CCc1ccc(-c2ccccc2)cc1)C1CCN(C(=O)c2cc(-c3ccc(-c4ccc(C#N)cc4)cc3)nc(-c3cnc(C#N)c(C#N)c3)n2)CC1,28.72
N#Cc1nc(-c2cnc(-c3ccc(F)cc3)c(C#N)c2)n(-c2ccc(-c3cnc(C#N)c(C#N)c3)cc2)n1,16.53
N#Cc1ccc(-c2ccc(-c3ccc(F)c(-c4ccc(C#N)cc4)c3)cn2)cc1,19.66
CC(CO)n1nc(-c2cnc(-c3ccc(F)cc3)c(C#N)c2)nc1-c1cc(C#N)c(C#N)c(C#N)n1,12.16
CC(=O)N1CCCC(c2ncc(-c3nc(-c4cccc(C#N)n4)nc(C4CC4)n3)cc2C#N)C1,16.87
N#Cc1cc(-c2cccc(-c3cc(C#N)c(C#N)c(C#N)n3)c2)nnc1N,17.31
N#Cc1ccc(-c2ccc(-c3nc(-c4ccc(-c5ccc(C#N)cn5)nc4)nc(-c4ccc(C#N)cc4)[n+]3[O-])cn2)cc1,23.67
N#Cc1ccc(-c2ccc(-c3ncc(-c4cc(-n5ncc(C#N)n5)cc(-n5cccc5C#N)c4)nn3)cn2)cc1,22.78
N#Cc1ccc(-c2nc(-c3cnc(C#N)c(C#N)c3)nc(N3CC4CC3CO4)n2)cc1,14.56
CCn1cc(N=c2[nH]ccc(-c3cc(N4CC(F)C(CN)C4)nc(-c4cnc(C#N)c(C#N)c4)n3)c2F)cn1,27.69
N#Cc1ccc(-c2ccc(-c3nc(-c4ccc(-c5ccc(F)c(F)c5)c(C#N)n4)ncc3C#N)cc2)cc1,18.76
N#Cc1ccc(-c2cc(-c3cccc(-c4cc(F)cc(C#N)c4)c3)cc(-c3ccc(-c4ccc(C#N)nc4)cc3)n2)cc1,17.82
Cn1nc(-c2ccc(C#N)cc2)nc1-c1ccnc(-c2ccc(C#N)cc2)c1,17.55
N#Cc1ccc(-c2ccc(-c3nc(-c4ccc(Cl)cn4)nc(-c4ccc(F)c(-c5nnc(N)c(C#N)n5)c4F)n3)cc2)nc1,28.82
Cc1ccc(-c2ccc(-n3c(O)c(O)c(C(=O)C(C)(C)C)c3-c3cnc(Cc4ccc(-c5cccc(F)n5)cc4)nc3C#N)cc2)o1,24.86
N#Cc1ccc(-c2ccc(-c3nc(CN4CCN(c5nc6cc(C#N)c(N)cc6s5)CC4)co3)cc2C#N)cc1,27.94
N#Cc1ccc(-c2ccc(-c3nc(-c4ccc(C#N)cc4)nc(-c4cc(-n5nccc5C#N)ccc4Cl)n3)cc2)cc1,17.94
CC(C)Oc1ccc(-c2ncc(C#N)cc2-c2nc(-c3cnc(C#N)c(C#N)c3)no2)cc1C#N,19.72
N#CC=Cc1cc(C#N)nc(-c2ccc(-c3cc(-c4ccc(-c5ccc(C#N)cn5)nc4)cc(-c4ccc(-c5nc(C#N)c(C#N)nc5C#N)nc4)n3)cc2)n1,23.02
CCN1CCCC1c1cc(-c2nc(-c3ccc(C#N)nc3)nc(-c3cnc(C#N)cc3C)n2)nc(-c2cnc(C#N)c(C#N)c2)n1,31.69
N#Cc1ccc(-c2nccc(-c3cnc(-c4nc(C#N)c(C#N)nc4-c4ccc(C#N)cc4)c(C#N)c3)n2)cc1,14.8
CCOC(=O)CSc1ncc(-c2cc(C#N)c(N3CCC(F)(F)C3)nn2)c(-c2ccc(-c3c[nH]c(C#N)c3)cc2)n1,36.21
CN(Cc1ccc(Br)cc1)C(=O)c1cc2nc(C#Cc3cncc(NS(=O)(=O)c4ccc(C#N)cc4)c3F)cnc2[nH]1,43.41
N#Cc1ccc(-c2ncc(-c3nc(-c4cnc(C#N)c(C#N)c4)nc(N4CCCC4C(N)=O)n3)cc2C#N)cc1,17.73
N#Cc1ccc(-n2c(C#N)ccc2-c2cc(C#N)cc(C=NNC(N)=NN=Cc3nc(-c4ccc(-c5cc(C#N)on5)c(C#N)c4)nc4ccccc34)c2)cc1,38.65
CC1CCc2c(sc(-n3ncc(=S)nc3-c3ccc(-c4ccc(C#N)cc4)cc3)c2C#N)C1,27.52
Cc1c(C#N)cc(-c2nc(-c3nc(C#N)cnc3C#N)cc(N3CCCC3)n2)cc1-c1ccc(C#N)c(C#N)c1,24.44
N#Cc1cc(-c2ccc(Nc3cnnc(-n4ccc(C5CC5)n4)n3)cc2)cnc1C#N,21.45
N#Cc1cc(-c2nc(-c3cc(F)cc(-c4cnc(-c5ccc(F)cc5)c(C#N)c4)c3)nc(-c3cnc(C#N)c(C#N)c3)n2)cnc1C#N,16.48
CC(Oc1cccnc1C=C(C#N)c1nc(-c2ccc(-c3ccc(C#N)c(F)c3)c(C#N)c2)ns1)C(F)(F)F,35.8
N#Cc1cnc2cc(C#N)n(-c3ccc(-c4cc(C#N)c(-c5nnc(C#N)o5)nc4C(N)=O)c(F)c3)c(=O)c2c1,21.24
N#Cc1cc(F)cc(-c2ccc(-c3cc(-c4ccc(-c5cnc(N)c(C#N)n5)c(C#N)c4)nc(-c4nc(-c5ccccc5)cs4)c3)cc2)c1,32.42
N#Cc1cccc(-c2ccc(-c3nc(-c4cccs4)cc(-c4cccs4)n3)cc2)c1,18.75
CCc1csc(-c2ccc(-c3nc(-c4ccc(-c5ccc(C#N)cc5)cc4)nc(-c4cc(C#N)c(NC(=O)Nc5ccc(C#N)cc5)cn4)n3)cc2)n1,26.82
N#Cc1cc(F)cc(COc2cnc(-c3cc(-c4ccc(-c5ccc(C#N)c(F)c5)cc4)nc(-c4ccc(-c5ccc(C#N)nc5)cc4)n3)cc2C#N)c1,23.85
C=CC(=O)Nc1ccc(-c2nc(-c3cc(C#N)cc(-c4ccc(-c5nc(C#N)c(C#N)[nH]5)cc4)c3)nc(-c3cnc(C#N)c(C#N)c3)n2)cc1C#N,19.86
N#Cc1cc(-c2nc(-c3cncc(NC(=O)Nc4ccc(-c5ccccc5)cc4)c3)cc(-c3cccc(C#N)n3)n2)ccn1,24.33
Cc1cc(-c2ccc3c(=O)n(-c4ccnc(-c5ccc(F)cc5)n4)c(-c4cc(C#N)c(C#N)c(-c5ccc(-c6ccc(C#N)cc6)cc5)c4)nc3c2)nc(C#N)n1,29.3
N#Cc1[nH]n(-c2ccccc2)c(=Nc2ccc(S(N)(=O)=O)cc2)c1C#N,19.86
N#Cc1ccc(-c2ccc(-n3c(-c4ccc(-c5cccc(F)c5C(=O)O)c(F)c4F)nc4ccc(-c5ccc(C#N)cc5)cc4c3=O)c(C#N)c2)cc1,30.11
Cc1cn(-c2ccc(-c3ncc(-c4nc(-c5cnc(-c6ccc(C#N)cc6)c(C#N)c5)n(C)n4)cc3C#N)cc2)cn1,18.49
N#Cc1ccc(-c2cc(-c3cc(-c4cnc(-c5ccc(F)cc5)cn4)[nH]n3)nc(-c3c(F)c(F)c(C#N)c(F)c3F)n2)cc1,22.72
N#Cc1cc(-c2nc(-c3cc(C#N)c(C#N)[nH]3)nc(C3CCCCC3)n2)cnc1N1CCCC1,16.06
Cc1nc(C#N)c(C#N)nc1-c1sc(-c2cccc(-c3nn(-c4ccc(C#N)c(C#N)c4)c(=O)[nH]3)n2)cc1C#N,26.06
N#Cc1ccc(-c2cccc(-c3cc(-c4ccc(C#N)cc4)nc(-c4cccc(C#N)n4)c3)c2)cc1,10.86
N#Cc1ccc(-c2cc(-c3ncc(C#N)cn3)nc(-c3nc(-c4ccc(C#N)cc4)nc(-c4ccc(C#N)cc4)c3C#N)c2)cc1,13.6
CC(=O)Nc1sc(-c2nccc(-c3cc(CCC(F)(F)F)nc(-c4cc(C#N)c(C#N)[nH]4)n3)c2C#N)nc1C#N,17.82
N#Cc1ccc(-c2ccc(-c3cc(C#N)n(-c4cc(C#N)cc(-c5cnc(-c6cnc(NC(=N)N)c(C#N)n6)c(F)c5)c4)n3)cc2)cc1,19.54
COc1ccc(C(=O)C=Cc2ccc(O)c(OC)c2)c(OC)c1,20.11
N#Cc1ccc(-c2cc(-c3ccc(-c4c[nH]c(=O)c(N)c4)nc3)cc(F)c2F)cc1C#N,33.59
CN1CCN(c2nc(-c3cc(C#N)nc(C#N)n3)c(F)c(C(O)Nc3ccc(-c4cc(Cl)ccc4C#N)c(C#N)c3)n2)CC1(C)C,42.43
N#Cc1ncc(-c2cccc(-c3nc(-c4cnc(C#N)c(C#N)c4)cc(N4CC(C#N)C4)n3)c2F)cn1,21.08
N#Cc1cc(-c2ccc(-c3ccc(N)c(C#N)n3)c(F)c2)cc(-n2nccc2C#N)n1,12.42
COc1ccc(C#N)cc1CNc1ccc2c(c1)=C(Cc1cc(-c3ccc(C#N)cc3)c(C#N)[nH]1)C(=O)N=2,27.24
N#Cc1cc(-c2ccc(-c3nc(Cl)nc(-c4cc(C#N)c(C#N)c(C#N)c4)n3)cn2)cnc1C#N,16.63
N#Cc1ccc(-c2noc(-c3nc(C(F)(F)F)c(-c4ccc(-n5nc(C#N)cc5C#N)cc4)cc3C#N)n2)cc1,14.25
N#Cc1ccc(-c2cc(F)c(-n3nc(C(C#N)C#N)cc3C#N)cc2C#N)cc1-c1ccc(Cl)cc1,23.34
N#Cc1cc(=Nc2ccc(C#N)c(C#N)n2)nc(-c2ccc(C#N)c(C#N)c2)[nH]1,16.25
CN(C)c1ccc(-c2nc(-c3ccc(-c4cc(-c5ccc(C#N)cc5)[nH]c4-c4ccc(-c5ccc(C#N)cc5)cc4)cc3)c3c(c2C#N)CCCC3)cc1,30.36
N#Cc1cccc(-c2nc(-c3cnc(C(F)(F)F)c(C#N)c3)nc(N3CCNC(=O)C3)n2)n1,15.55
N#Cc1ccc(-c2cc(-c3nc(Cl)nc(Cl)n3)cc(-c3nc(-c4ccc(C#N)cc4)nc(-c4ccc(C#N)cc4)c3C#N)n2)cc1,15.13
Cc1cc(-n2nc(C(F)(F)F)cc2C#N)nc(-c2ccc(C#N)c(C#N)c2)n1,18.32
N#Cc1ccc(-c2nc(-c3ccc(N)c(C#N)n3)cc(-c3cc(-n4cccc4C#N)ccc3C#N)n2)cc1,18.09
N#Cc1ccc(-c2ncc(-c3ccc(-n4nc(C(=O)O)cc4C#N)cc3)cc2C#N)cc1,14.42
N#Cc1ccc(-n2nc(-c3ccc(-c4cccc(C#N)c4)cc3)nc2C2CCCN2)cc1,20.91
N#Cc1cc(C#N)cc(Oc2cc(-c3ccc(C#N)nc3)cc(-c3cc(C#N)c(C(F)(F)F)[nH]c3=O)c2)c1,23.41
N#Cc1ccc(-c2nc(-c3ccc(-c4ccc(C#N)cc4)c(C#N)c3)c(-c3nccc(C#N)n3)[nH]2)cc1,12.88
N#Cc1cc(C#N)n(Cc2ccc(-c3ccc(-c4nc(C(=O)C5(N)CCC5)no4)c(C#N)c3)c(C#N)c2)n1,30.78
N#Cc1cc(-c2ccc(-c3ncccc3C(N)=O)cc2)nc(-c2ccc(-c3ccc(C#N)c(C#N)n3)s2)c1,33.69
N#CNc1ncc(-c2nc(-c3ccc(Cl)nc3)nc(N3CCOCC3)n2)cc1C#N,25.51
CCc1noc(-c2ccc(N=c3nc(-c4cc(-c5cccc(C#N)n5)ccn4)c(C#N)c(-c4ccc(C#N)cc4)[nH]3)c(OC)c2)n1,36.26
CC(C)Oc1ccc(-c2ncc(C#N)c(-c3cc(-c4ccc(C#N)cc4)c(C#N)c(-c4ccc(-c5cnc(C#N)c(C=Nc6ccc(C#N)cc6)n5)cc4)n3)n2)cc1C#N,36.54
Cc1nc(-c2ccc(-c3ccc(C#N)cc3)cc2)c(C#N)nc1-c1cc(-c2ccc(-c3ccc(C#N)cc3)cn2)n(CC#N)n1,24.36
N#Cc1cccc(-c2cc(C#N)c(Nc3ccc4c(c3)C(=O)c3ccc(-c5ccc(F)c(Cl)c5)nc3C4=O)s2)n1,24.67
N#Cc1ccnc(-c2cnc(-c3cnc(-c4ncc(F)cn4)c(C#N)c3)c(C#N)c2)n1,20.96
N#Cc1ccc(-c2ccnc3c(-c4ccc(-c5ccc(C#N)nc5)cc4)c(-c4cccc(C#N)n4)nn23)cc1,22.16
N#Cc1ccc(-c2ccc(-c3cc(-c4cn(-c5ccc(C#N)cc5)nc4-c4ccc(C#N)c(C#N)c4)nc(-c4ccc(-c5ccc(C#N)cc5)cc4)n3)cc2)cc1,20.97
N#Cc1ccc(-c2ccc(-c3cc(-c4ccc(-c5ccc(C#N)c(C#N)c5)cc4)nc(-c4ccc(-c5ccc(C#N)cc5)nc4)n3)cn2)cc1,18.84
N#Cc1c[nH]c(-c2nc(C#N)ccc2C#N)n1,19.65
Cc1nc(C#N)c(C#N)nc1-n1nc(-c2cc(C#N)c(-c3ccc(C#N)c(F)c3)cn2)nc1C1CC2COCC2N1,29.67
N=C(N)c1cccc(Cc2nc(O)c(C(=O)CNC(O)C(C=O)NC(=O)C(N)CCC(=O)O)c(O)c2CO)c1,44.55
Cc1cc(-n2nncc2C#N)ccc1-c1cnc(-c2ccc(C#N)cc2)c(C#N)c1,17.7
N#Cc1ccc(-c2cc(-c3cc(F)c(C#N)c(-n4nc(C#N)cc4C#N)c3)nc(-c3cccc(C#N)n3)n2)cc1,15.91
N#Cc1ccc(-c2cc(-c3ccc(-c4nc(C#N)c(N)nc4C#N)nc3N3CC4CC3C4)ncc2C#N)cn1,24.44
N#CCN1CCN(c2ncnc(-c3cnc(-c4ccc(F)c(C#N)c4)c(C#N)c3)n2)CC1,16.36
N#Cc1cc(C(=O)N=c2[nH]ccn2CCCO)cc(-c2nc(-c3ccc(-c4ncc(C#N)s4)nc3)nc(N3CCOCC3)n2)c1,39.33
N#Cc1ccc(-c2nc(-c3cc(C#N)c(C#N)c(C#N)n3)nc(N3CC4CC3C4)c2C#N)cn1,16.46
N#CC=Cc1ccccc1,12.23
N#Cc1ccc(-c2ccc(-c3cccc(-n4c(C#N)ccc4-c4cc(-c5ccc(C#N)cc5)nc(-c5ccc(C#N)cc5)n4)c3)c(F)c2)cc1,17.92
CC(C)Oc1ncc(-c2nc(-c3nc(C#N)ccc3C#N)nc(N3CC4CC3CO4)n2)cc1C#N,8.1
N#Cc1cccc(-c2ccc(-c3cccc(-c4nc(C#N)c(N)c(C#N)n4)c3)cc2C#N)c1,15.67
N#Cc1cc(C#N)nc(-c2ccc(-c3ccc(C#N)c(C#N)c3)s2)n1,13.48
N#Cc1ccc(-c2nc(-c3ccc(C#N)s3)nc(-c3ccc(C#N)cc3C#N)n2)cc1,18.94
N#Cc1ccc(-c2ncc(-c3cnc(Cl)c(C#N)n3)cc2C#N)s1,15.75
CCC[n+]1ccc(-c2cc[n+](Cc3ccc(-c4ccc(-c5ccc(C#N)cc5)nc4)cc3)cc2)cc1,20.16
N#Cc1ccc(-c2cccc(-c3c(F)c(F)cc(-c4cnc(C(=O)NC(N)=O)cn4)c3F)n2)s1,39.45
CC(C)Oc1ncc(-c2cc(-c3cnc(C(C)(C)O)c(C#N)c3)nc(-c3nc(C#N)cnc3C#N)n2)cc1C#N,18.59
CC(C)Oc1ncc(-c2nc(-c3nc(C#N)ccc3C#N)nc(N3CCC(C#N)C3)n2)cc1C#N,11.03
N#Cc1ccc(-c2ccc(-c3cc(C4CCCC4)nc(-c4cc(C#N)c(C#N)c(C#N)c4)n3)cn2)cn1,18.26
COC(CCC#N)c1ncc(-c2nc(C#N)nn2C(C)C)cc1C#N,19.55
N#Cc1cc(N=c2nc(C#N)cc[nH]2)cc(-c2cc(C#N)c(C#N)nc2C#N)c1,16.32
N#Cc1ccc(-c2ccc(-c3cc(-c4ccc(-c5ccnc(-c6ccc(C#N)c(F)c6)n5)cc4)nn3-c3ccccc3C#N)cc2)cc1,23.37
CC(C)Oc1ncc(-c2nc(-c3cc(C#N)c(CC#N)[nH]3)nc(N3CCN(S(C)(=O)=O)CC3)n2)cn1,23.58
CN(c1ccc2c(c1)CCc1cc(-c3nnn(Cc4cccc(C#N)c4)n3)nc(-c3ccc(C#N)cc3)c1-2)S(C)(=O)=O,28.45
N#Cc1ccc(C#N)c(NC(=O)C2CC(F)CN2C(=O)Cn2c(C3CC3)nc3cc(C#N)ccc32)c1,33.23
CNc1ncc(-c2nc(SCc3cncc(C#N)c3)c(C#N)c(-c3ccc(C#N)cc3)n2)nc1C#N,26.25
Cn1c(C(Cc2ccc(C#N)cc2)c2ccc(-c3ccc(C#N)c(C#N)c3)c(F)c2)nc(=O)c2cc(-c3nc(-c4ccc(F)cc4)c(C#N)c(=N)[nH]3)ccc21,32.79
N#Cc1ccc(-c2nc(-c3ccc(-c4ccc(C#N)c(C#N)c4)cc3)cc(-c3nc(C#N)ccc3-c3cccnc3)n2)cc1,20.1
N#Cc1ccc(-c2cc(-c3ccc(C#N)c(C#CCN=c4[nH]cccc4F)n3)c(C#N)c(-c3ncc(C#N)c(C#N)n3)c2)cc1,42.77
N#Cc1ncc(-c2cn(-c3ccc4c(C#N)cn(-c5ccc(F)c(C#N)c5F)c4c3)cc2C#N)cn1,34.17
N#Cc1ccc(-c2nc(-c3ccc(-c4ccnc(Cl)n4)nc3)nc(-c3cc(C#N)c(C#N)[nH]3)n2)cn1,21.45
N#Cc1cccc(-c2ccc(-c3noc(-c4cc(C#N)c(C#N)c(C#N)c4)n3)cn2)n1,19.21
COCC(=O)N1CC(c2nc(-c3cnc(-c4ccc(F)cc4)c(C#N)c3)nn2CCN2CCC2)C1,18.67
N#Cc1cc(-c2cccc3c(-c4cnc(C#N)c(C#N)c4)nc(N4CC(F)C4)nc23)ccc1OCCN1CCCCC1,36.14
N#Cc1ccc(-c2cc(-c3cc(C#N)nc(-c4ccncc4)c3)cc(-c3ccc(-c4cccc(C#N)n4)c(C#N)c3)c2)cc1,19.71
N#Cc1ccc(-c2cnc(-c3ccc(S(N)(=O)=O)cc3)c(-c3ccc(-c4cscn4)cc3)c2)cn1,32.13
Cn1nc(C#N)nc1-c1cnc(C(=O)NCc2ccc(-c3ccc(C#N)cn3)nc2)c(C#N)c1,20.97
N#Cc1cc(C#N)cc(C=Cc2ncc(-c3ccc(C#N)c(-c4nc(C#N)cc(C(F)(F)F)n4)n3)cc2C#N)c1,15.72
N#Cc1ccc(-c2c(C#N)cc(-c3nc(C(F)(F)F)c(-c4ccc(-c5nnc(N)c(C#N)n5)c(F)c4)cc3C#N)cc2C#N)cc1,17.89
N#Cc1ccc(-c2nc(-c3cc(C#N)c(C#N)c(C#N)n3)ccc2C#N)nc1,14.44
CONC(=O)c1cc(N2C(=N)C(C#N)C(c3ccc(C#N)cc3)=CC2c2cc(-c3cccc(C#N)n3)ccc2OC)nc(C#N)n1,36.79
N#Cc1ccc(-c2noc(-c3cc(-n4cc(C#N)c(-c5ccc(C#N)nc5)n4)cc(-n4cccc4C#N)c3)n2)cc1,24.14
CN1CCN(C(=O)c2ncc(C(=O)NCCc3ccc(C#N)cc3)cc2-c2nc(-c3cnn(C)c3)c[nH]c2=N)CC1,34.24
Cc1c(-c2cc(-c3cc(-n4cncc4C#N)nc(-n4nc(C(F)(F)F)cc4C#N)c3)nc(C#N)c2C#N)ccc(C#N)c1F,32.57
N#Cc1ccc(-c2nc(-c3ccc(-c4cccc(C#N)n4)cc3)nc(-c3cc(-c4ccc(C#N)nc4)cc(C#N)n3)c2C#N)cc1,17.61
N#Cc1cc(-c2cccc(-c3cc(F)cc(F)c3)c2)c2ccc(N=c3cc(C#N)n(C4CCCCC4)[nH]3)cc2n1,32.05
N#Cc1coc(C#CBr)cc1=O,28.89
N#Cc1ccc(-c2cc(-c3ccnc(C#N)n3)c(F)cc2-c2nc(=Nc3ccc(-c4nc5ccccc5s4)[nH]3)nc(C(F)(F)F)[nH]2)cc1,29.87
N#Cc1ccc(-c2nnc(-c3cc(Cl)c(-c4cc(F)cc(-n5nccc5C#N)c4)c(-c4ccc(-c5ccc(C#N)cn5)nc4)c3)o2)cc1,24.75
CC1COCCN1c1cc(-c2ccc(C#N)cn2)nc(-c2cc(C#N)c(C#N)c(C#N)n2)n1,14.38
N#Cc1cc(-c2cc(C#N)nc(-c3cnc(C#N)c(C#N)c3)c2)ccn1,15.35
Cc1cc(N2CC(Oc3ccc(F)c(F)c3)C2)nc(=Nc2cnc(C#N)c(C#N)c2)[nH]1,25.77
N#Cc1ccc(F)cc1-c1cncc(-c2nc(-c3cc(C#N)c(C#N)[nH]3)nc(C3CC3)n2)n1,24.9
N#Cc1ccc(-c2nc(C#N)c(SC(C#N)c3ccc(-c4cnc(C#N)c(C#N)c4)cc3)cc2C#N)c(C#N)c1,27.9
N#CC(=Cc1ccc(-c2ccc(C#N)cc2)o1)c1nc(-c2ccc(-c3ccc(C#N)cc3)c(C#N)c2)cs1,16.48
N#Cc1cc(C=Nc2ccc(-c3ccc(C=Nc4ccc(N)cc4N)c4ccccc34)cc2O)cnc1N1CCCC1,38.17
COC(=O)Nc1cnc(C#N)nc1C#Cc1cnc(-c2ccc(-c3ccc(C#N)cc3)c(C#N)c2)nc1,23.87
N#Cc1nc(-c2ccc(-c3nnco3)c(C#N)c2)n(CCC(N)=O)n1,15.24
N#Cc1cc(C#Cc2cccc(C#N)n2)cc(-c2cc(C#N)nc(=Nc3cc(C#N)ccn3)[nH]2)c1,21.8
CC1OC(=O)N(c2cc(-c3cnc(C#N)c(C#N)n3)nc(-c3cc(C#N)c(C#N)c(C#N)n3)n2)C1C,21.62
N#Cc1ccc(-c2ccc(-c3cc(-c4ccc(-c5cc[nH]c(=N)n5)cc4)cc(-c4ccc(F)cc4)n3)c(O)c2)cc1C#N,36.04
N#Cc1ccc(-c2ccc(-c3nn(-c4ccc(C#N)c(C#N)c4)nc3-c3cccc(-c4ccnc(-c5ccc(C#N)cc5)n4)n3)cc2)cc1,23.3
COc1ccc(C#N)cc1-c1nsc(-c2cc(C3CCCC3)nc(-c3cnc(C#N)c(C#N)c3)n2)n1,25.64
COc1nc(-c2nc(-c3ccccc3C)nc(N3CCn4cc(C#N)nc4C3)n2)cc(C#N)c1C#N,22.45
N#Cc1ccc(-c2ccc(-c3nc(C#CC#Cc4c(-c5ccc(C#N)c(-c6cccc(C#N)c6)c5)ccnc4C#N)cc(-c4ccc(C#N)o4)n3)cc2)cc1,38.92
CC(C)Oc1ncc(-c2nc(-c3cnc(-c4cnc(C#N)c(C#N)c4)nc3)nn2C)cc1C#N,15.82
N#Cc1ccc2c(c1)C(CC(=O)O)C1CN3CCCC3CN1C2=O,33.56
N#Cc1cccc(-c2cc(CCC(F)(F)F)nc(-c3cc(C#N)c(C#N)[nH]3)n2)n1,12.98
N#Cc1cccc(-c2cc(-c3ccc(-c4cc(F)c(F)c(F)c4)cc3F)c(C#N)c(N=c3[nH]c4ccc(-c5ccc(C#N)c(C#N)c5)cc4s3)n2)n1,35.0
Cn1c(C#N)ccc1-c1ccc(Nc2[nH]c(-c3ccc(-c4ccc(C#N)cc4)cc3)nc2C#N)cc1,16.67
N#Cc1ccc(-c2nc(-c3cc(C#N)c(C#N)c(C#N)n3)nc(N3C4CCC3COC4)n2)nc1,15.81
N#Cc1ccc(-c2cc(-c3cc(-c4cccc(C#N)n4)nc(-c4ccc(-c5cc(F)c(C#N)cn5)nc4)n3)cc(-c3cccc(C#N)c3)n2)cc1,19.96
CCCCCC#CC(=O)N=c1nc(-c2ccc(Br)cc2)nc(-c2ccccc2Cl)[nH]1,33.64
CNc1oc(-c2cc(-c3ccc(C#N)cc3)cc(-c3ncc(C#N)c(C#N)n3)n2)nc1C#N,18.48
N#Cc1cc(C#Cc2ccc(-c3cc[nH]c(=Nc4cnc(C#N)c(F)c4)n3)cc2C#N)nc(-c2ccc(-c3nc(C#N)c(C#N)nc3C#N)cc2)n1,28.66
Cc1nc(-c2ccc(-c3nc(-c4ccc(-c5nc6ccc(C#N)cc6s5)cn4)nnc3-c3ccc(C#N)cc3)cc2)no1,32.35
N#Cc1ccc(-c2cn(-c3nc(=Nc4ccc(C#N)nc4)nc(-c4ccc(C#N)cc4)[nH]3)cn2)cc1,24.24
N#Cc1ccc(-c2ccc(-c3nc(C#N)ncc3-c3cc(-c4ccc(C#N)cc4)nc(-c4ccc(C#N)cc4)n3)cn2)cc1,15.59
Cc1cc(Cl)c(-c2nc(C#N)nc(-c3ccc(-c4cnc(C#N)c(C#N)c4)nc3)c2C#N)cc1C#N,22.75
Cc1noc(-c2ccc(NCc3nc(-c4cnc(C#N)c(C#N)c4)nc(-c4ccc(F)c(C#N)c4F)n3)cc2)n1,16.55
N#Cc1ccc(-c2ccc(-c3cccc(-n4nnc(-c5cccc([N+](=O)[O-])c5)c4C(N)=O)c3)cc2C#N)cc1,24.5
Cc1ccc(-c2nc(-c3cccc(C#N)n3)nc(N3CC4CC3C4)n2)cc1C#N,10.89
Cc1nc(-c2noc(C(F)(F)F)n2)c(C#N)cc1-c1sc(Cn2nc(C(F)(F)F)n(-c3ccc(N4CCCC4)cn3)c2=O)nc1C#N,42.1
CC1Cc2cc(-c3ccc(-c4ccc(C#N)c(C#N)c4)nc3)cnc2N1C=Nc1cnc(C#N)c(C#N)c1,30.58
N#Cc1ccc(N=c2[nH]c(-c3cc(-c4ccc(C#N)cc4)nc(-c4ccc(-c5ccc(C#N)cc5)cc4)c3)cs2)cc1,17.04
N#Cc1cccc(-c2nc(-c3csc(C#N)c3)nc(N3CCOCC3)c2C#N)n1,13.32
N#Cc1cnn(-c2cccc(-c3cc(-c4ccc(C5=CCNCC5)c(C#N)c4)nc(C#N)n3)n2)c1,25.65
N#Cc1ccc(-n2ncc(COc3ccnc(-c4cnc(C#N)c(C#N)c4)c3)c2C#N)cc1C#N,20.94
COCC1CC(F)(F)CN1C(=O)c1ccnc(-c2nc(-c3ccc(-c4nnco4)c(C#N)c3)cs2)c1,31.7
N#Cc1ccc(-c2cc(-n3cc(-c4cccc(C#N)n4)cn3)ncc2C#N)cc1,22.12
Cn1nc(-c2ccc(-c3cc(-c4ccc(C#N)cc4)nc(-c4ccc(C#N)cc4)n3)cc2F)c(C#N)c1-c1cc(-c2ccc(-c3cnco3)c(C#N)c2)[nH]c(=N)c1,28.97
N#Cc1ccc(-c2cc(-c3ccc(-c4cc(-c5cc(C#N)c(=N)[nH]n5)nc(-c5ccc(C#N)cc5)n4)cc3)nc(-c3ccc(C#N)cc3)n2)cc1,15.93
COCCc1nc(-c2cc(C#N)c(C#N)c(Cl)n2)nc(-c2cc(F)c(C(=O)NC(C)C#CCN(C)C)cc2F)n1,21.34
CCOC(=O)c1nc(-c2cc(-c3nc(-c4cnc(C#N)c(C#N)c4)nc(-c4c(F)c(F)c(C#N)c(F)c4F)n3)cs2)nn1C,28.07
NCCCC(=O)Nc1ccc2c(c1)C(=O)c1ccc(S(N)(=O)=O)cc1C2=O,24.21
N#Cc1cccc(-c2ccc(-c3ccc(-c4ccc(-c5cnc(C#N)c(C#N)c5)c(C#N)c4)cn3)cc2)n1,19.45
N#CCc1sc(-c2ncc(C#N)c(-c3ccc(-c4ccc(C#N)cc4)cc3)n2)cc1C#N,12.49
N#Cc1ccc(-c2ncc(Cc3cc(Cl)ccc3-c3nc(-c4ccc(-c5ccc(C#N)c(C#N)c5)c(C#N)c4)c(C#N)c(-c4cnc(N)c(C#N)n4)n3)c(C(F)(F)F)n2)cc1,31.58
Cc1ncc(-c2nc(C(=O)NC(C)C(=O)NC3CN(C(=O)CC#N)C3)cc(-c3cccc(C#N)n3)n2)cc1C#N,34.3
COC1CCN(c2nc(C#N)cc(-c3cnc(OCc4cccc(C#N)c4)c(C#N)c3)n2)C1,25.32
N#Cc1cc(-c2nc(NC3CCC(O)CC3)cc(-c3cnc(-c4ccc(F)cc4)c(C#N)c3)n2)cnc1C#N,19.15
N#Cc1nc(-c2cnc(-c3ccc(C#N)c(F)c3)c(C#N)c2)cc(-n2cncn2)n1,14.02
N#CCn1cc(-c2ccc(C#Cc3ccc(C#N)cc3)cn2)c(-c2ccc(F)c(OC(F)(F)F)c2)n1,23.16
Cn1c(C#N)ccc1-c1cc(-c2ccc(C#N)c(F)c2)c(F)c(-c2cc(C3CC3)nc(C#N)n2)c1,17.05
Cc1ncc(C#N)n1-c1cc(C#N)nc(-c2cnc(-c3cnc(C#N)o3)c(C#N)c2)c1,14.74
N#Cc1ccc2c(C#N)c(C#N)c(N)c(-c3nc(-c4ccc(-c5ccc(C#N)c(C#N)c5)nc4)c[nH]3)c2n1,21.62
N#Cc1ccc(-c2cc(-c3cc(-n4nc(C(C#N)C#N)cc4C#N)nc(C#N)n3)ccc2F)cc1,19.16
N#Cc1ccc(-c2ccc(-c3nc(-c4ccc(C#N)cc4)c(C#N)n3-c3cc(-c4cncc(C#N)c4F)cc(-c4nnc(-c5cnc(C#N)c(C#N)c5)c(C#N)n4)n3)cc2)cc1,26.05
CNc1c(C#N)nc(-c2cccc(-c3cc(-c4cnc(C=Cc5ccc(C#N)cc5)c(C#N)c4)nc(-c4ncco4)c3)c2)n1CC#N,29.46
Cc1ccc(NC(=NO)c2no[nH]c2=N)cc1-c1cccc(-c2cnc(-c3ccc(C#N)cc3)c(C#N)c2)c1,29.74
N#CCc1[nH]c(-c2nc(-c3ccc(C#N)cc3)nc(N3CC4CC3C4)n2)cc1C#N,14.98
N#Cc1cc(-c2nc(-c3cnccc3N)nc(=NCCCO)[nH]2)cc(C#N)c1C#N,25.81
N#CCn1cc(-c2cc(Cl)cc(C#N)c2)nc1C1CCN(c2cc(-n3cnc(C#N)c3)nc(-c3cnc(C#N)c(C#N)c3)n2)CC1,30.16
N#Cc1nc(-c2ccccc2)nc2c1ncn2C1OC(C(=O)NC2CC2)C(O)C1O,24.26
C=C(C)Cn1c(-c2ccc(C#N)cc2)nc(-c2ccc(-c3ccc(C#N)cc3)cc2)c1-c1ccc(-c2ccc(C#N)cc2)nc1C,25.56
Cc1nc(C(C)(O)c2ncc(-c3cc(C#N)nc(-c4ccc(C#N)cc4)c3)cc2C#N)no1,19.76
N#Cc1nc(C#N)nc(Oc2c(-c3cc(C#N)c(-c4cc(F)cc(F)c4)cn3)ccc(-c3ccncc3)c2F)n1,30.75
N#Cc1ccc(-c2cncc(-c3nc(-c4cc(C#N)c(C#N)c(C#N)n4)n(CCO)n3)c2)cc1,12.55
N#Cc1ccc(-c2cc(Cn3nc(C#N)cc3C#N)cc(-c3ccc(C#N)cc3)c2)cc1,13.94
CC(=O)C1NC(=O)ON1c1nc(-c2cnc(C(N)=O)c(C#N)c2)nc(-c2nc(C#N)cc(C3CC3)n2)c1C,34.73
N#Cc1cc2c(cc1N)-c1c(c(C#N)c(N)c(C#N)c1-c1ccccc1C#N)C2=O,24.62
N#CN=c1nnc(-c2ccc(F)c(-c3ccc(C#N)c(C#N)c3)c2)c(-c2nc(C#N)c(NC=O)n2C#N)[nH]1,30.79
Cn1c(-c2ccc(-c3cccc(C#N)n3)cc2)nc(-c2ccc(-c3csc(-c4ccc(C#N)cc4)n3)cc2)c1-c1cccc(C#N)n1,20.43
N#Cc1ccc(-c2ccc(-c3nc(-c4ccc(-c5ccc(C#N)cc5)c(C#N)n4)nn3-c3cccc(C#N)n3)cc2)cc1,18.38
N#Cc1ccc(-c2ccc(-c3cc(C#N)nc4c(C#N)cncc34)cn2)cc1,17.2
N#Cc1ccccc1-c1cnc(-c2ccc(-c3cnc(N)c(C#N)n3)c(C#N)n2)cn1,18.82
N#Cc1cc(C(F)(F)F)nn1-c1cccc(-c2ccc3nc(-c4cccc(F)c4F)cnc3c2)n1,25.79
N#Cc1ccc(-c2ccc(-c3ncc(=O)n(CC(=O)Nc4sc(C#N)c(-c5ccccc5)c4C#N)n3)cc2C#N)cc1,26.77
N#Cc1ccc(-c2ccc(-c3nc(CO)c(-c4ccc(-c5c[nH]c(=N)cn5)c(F)c4)c(-c4ccc(C#N)cc4)n3)cc2)cc1,16.31
N#Cc1cc(-c2nc(-c3cnc(N4CC(F)(F)C4)c(C#N)c3)nc(N3CC4CC3CO4)n2)ccn1,18.04
Cn1c(C#N)ccc1-c1cc(-n2nc(C(C#N)=Cc3cn(C)c4ccc(C#N)cc34)cc2C#N)ccc1C#N,23.97
Cn1nc(-c2cc(C#N)c(-c3ccc(C#N)c(C#N)c3)cn2)cc1-c1ccc(-n2cncn2)cc1Cl,26.73
N#Cc1ccc(-c2ccc(-c3cc(C#N)nc(-c4ccc(-c5cccc(C#N)n5)cc4)c3)cc2C#N)cc1,17.79
C#CCOc1cc(F)cc(-c2nc(=N)[nH]c(CNCC3CCOCC3)c2C(=O)Nc2ccc(-c3ncc(C#N)cc3Cl)cc2F)c1F,43.42
N#Cc1cc(-c2ncc(-c3cc(-c4ccnc(Cl)n4)nc(-c4ccc(C#N)c(C#N)c4)c3F)cc2C#N)ccc1F,21.89
Cc1ncc2c(n1)CN(c1nc(-c3cnc(C#N)c(C#N)c3)nc(-c3nc(Cl)cc(C#N)n3)n1)C2,31.1
CC(C)Oc1ncc(-c2nc(-c3nc(C#N)cnc3C#N)nc(N3CC4CC3C4)n2)cc1C#N,9.09
N#Cc1ccc2c(c1)CN(c1cc(C(=O)Nc3ccc(-c4cnc(C#N)c(C#N)c4)c(C#N)c3)ccn1)CC2,28.24
N#Cc1ccn(-c2nc(-c3cnc(-c4cnc(C#N)c(C#N)c4)c(C#N)n3)nc(N3CC4CC3C4)n2)c1,16.77
Cc1nc(C#N)c(C#N)nc1-c1nc(Cc2ccc(-c3cccc(C#N)n3)nc2)nc(N(C)CC#N)n1,26.84
N#Cc1ccc(-c2csc(C3CCN(c4nc(-c5cnc(C#N)c(C#N)c5)nc(-c5ccc(-c6ccc(C#N)c(C#N)c6)c(F)c5F)n4)CC3)n2)c(F)c1,25.42
N#Cc1ccc(C#N)c(-c2nc(-c3cc(C#N)c(C#N)c(C#N)c3)nc(N3CC4CC3C4)n2)n1,12.2
Cc1ccc(-c2nc(-c3nc(C#N)ccc3C#N)nc(N3CC4(CCN(CC#N)CC4)C3)n2)cc1C#N,22.4
CC(C)n1ncc(-c2cc(F)c(-c3nc(-c4cnc(C#N)c(C#N)c4)nc(N4CC5CC4CN5C(=O)C(C)(F)CF)n3)c(F)c2C#N)c1C#N,43.24
Cn1cc(-c2cc(-c3ncc(C#N)o3)nc(-c3nc(-c4ccc(C#N)cc4)nc(-c4ccc(C#N)cc4)n3)n2)cc1C#N,22.41
N#Cc1ccc(-c2ccc(-c3cc(C#N)c(NC(=O)c4ccc(-c5ccc(F)c(C#N)c5)c(C#N)c4)n3-c3ccc(F)c(F)c3)cc2)cc1,22.2
CC(Oc1cc2c(cc1C#N)c(-c1ccc(-c3ccc(C#N)cc3)cc1)c(-c1ccc(C#N)c(C#N)c1)n2C)C(=O)N(C)C,30.21
COCC(C)n1cc(C#N)nc1-c1cc(C#N)cc(-c2cnc(OC(C)C)c(C#N)c2)n1,15.93
Cc1cc(-c2cccc(-c3nc(C#N)nc(=Nc4cccc(C#N)c4C)[nH]3)c2)nc(C#N)n1,28.27
CC(C)N(C)C1CCC(Cn2nc(C#N)nc2-c2cnc(-c3ccc(F)c(C#N)c3)c(C#N)c2)CC1,16.22
CNC1(C#N)N=C(c2ccc(C#N)cc2)C(C#N)(C#N)C1(C#N)C#N,30.96
CCOc1c(-c2cccc(C#N)n2)nc(-c2cnc(NC(=O)C=Cc3ccncc3)c(C#N)c2)nc1N1CCOCC1,27.44
N#Cc1cncc(-c2ccc(-c3ccc(C#N)c(-c4nc(C#N)cc(N5CCOCC5)n4)c3)nc2C#N)c1,28.94
N#Cc1cc(-c2ccc(-n3nccc3C#N)c(F)c2F)cnc1-c1sc(C#N)c(C#N)c1Br,23.53
N#Cc1ccc(-c2ccc(Cn3c(CCc4ccc(-c5c(C#N)cnc(C#N)c5C#N)cc4)nc(C#N)cc3=O)cn2)cc1,27.16
Cn1nc(-c2nc(-c3cc(Cl)c(C#N)cc3Cl)nc(C3CCC3)n2)cc1-c1nc(-c2ccc(C#N)cc2)nc(-c2ccc(-c3ccc(C#N)cc3)c(C#N)c2)n1,30.41
N#Cc1cc(-c2nc(-c3cc(F)c(C#N)c(C#N)c3)n(CCN3CCCC3)n2)ccc1-c1nnco1,14.54
COc1ncc(-c2ccc(-c3ncc(Cc4c(-c5ccc(-c6ccc(C#N)c(F)c6)nc5)csc4C(=O)O)n4ccnc34)cc2C#N)cc1C#N,51.06
N#Cc1ccc(-c2ncc(-c3nc(C#N)nn3C3CC(F)(F)C3)cc2C#N)cn1,12.5
N#Cc1ccc(-c2ccc(-c3c(C#N)c(C(=O)NCc4nc(C#N)c(-c5ccc(C#N)c(F)c5)[nH]4)nn3-c3ccc(Cl)cc3Cl)cc2)cc1,26.05
N#Cc1ccc(Nc2nc(C#N)c(-c3nc(N=c4cc[nH][nH]4)cc(-c4cnc(C#N)c(C#N)c4)c3F)nc2C#N)cc1,30.31
Cc1ccc(C#N)nc1-c1nc(-c2cnc(C#N)c(C#N)c2)nc(N2CC3CC2C3)n1,13.6
CC(C)Oc1[nH]c(-c2ccc(Cl)c(F)c2C(=O)N2CCC(N3CCc4ccc(C#N)cc4C3)CC2)nc1C#N,36.53
CCCc1nc(-c2cc(C3CN(C#N)C3)nc(-c3cc(F)c(F)c(F)c3Cl)n2)nc(-c2cc(C#N)c(C#N)[nH]2)n1,24.07
N#Cc1ccc(-c2ncc(-c3cc(-c4nccc(C#N)n4)cc(-c4cc(C5CNC5)nc(C#N)n4)c3F)cc2C#N)cc1,23.32
N#Cc1ccc(-c2ccc(C#Cc3cnc(-c4cnc(C#N)c(C#N)c4)cn3)cn2)cc1F,18.47
N#Cc1cc(-c2cccc(Cc3c(C#N)cncc3-c3ccncn3)c2)cnc1C#N,21.75
CC(=O)N1CCN(c2ccc(=Nc3nc(-c4cc(N=c5nc(C#N)nc(OCC(F)(F)F)[nH]5)ccc4CC#N)cn(C)c3=O)[nH]c2)CC1,31.77
Cc1cc(C#N)n(-c2ccc(-c3cc(-c4ccc(C(=O)NC5CCN(C)CC5)cc4)nc(-c4ccc(-c5ccc(C#N)cc5)nc4)n3)cc2)n1,24.5
CC(C)Oc1ncc(-c2cccc(-c3nc(C#N)cc4c3OCCN4c3nc(-c4ccncn4)cc(=O)n3C)n2)cc1C#N,22.0
COC1CN(c2cc(-c3ccc(C#N)nc3F)nc(-c3cnc(-c4nc(C#N)no4)c(C#N)c3)n2)C1C,23.49
N#Cc1cc(-c2cc(-c3cc(-n4cccc4C#N)cc(-n4nc(C(F)(F)F)cc4C#N)c3)nc(N3CCC(NC(=O)CN)C3)n2)cnc1C#N,29.48
N#Cc1cc(-n2nccc2C#N)cc(-c2cnc(-c3cnc(C#N)o3)c(C#N)c2)n1,12.1
N#Cc1ccc2c(-c3ccc(C#N)c(S(=O)(=O)c4ccc(F)cc4)c3)cnc(NC(N)=O)c2n1,37.43
Cn1cc(C#N)nc1-c1ccc(-c2cc(-c3ccc(C#N)cc3)cc(-c3ccc(C#N)cn3)n2)cn1,13.07
N#Cc1ccc(-c2ncc(-c3ccc(-c4cnc(-c5nnco5)c(C#N)c4)nc3)c(C#N)n2)cc1,16.76
N#CCOc1cncc(-c2ccc(-c3cc(C#N)ccc3-c3ccc(-c4ccc(C#N)cn4)nc3)nc2C#N)n1,25.64
N#Cc1ncc(-c2nc(-c3ccc(C#N)c(C#N)c3)nc(-n3nccc3C#N)n2)o1,18.52
N#Cc1ccc(-c2cc(-n3cccc3C#N)nc(Nc3ccc(-n4cnc(C#N)c4)c(C#N)n3)c2Cl)cc1,27.11
N#Cc1ccc(-c2ccc(Cn3cc(-c4ccc(-c5ccc(C#N)cc5)nc4)nc3-c3cc(C#N)cc(-c4cnc(C#N)nc4)c3)cc2)cc1,25.86
CCc1oc(-c2ccc(C#N)c(Cl)c2)nc1-c1cc(C#N)c(-c2nc(-c3cnc(-c4ccc(F)c(C#N)n4)c(C#N)c3)nn2C)cn1,37.85
N#Cc1cnccc1Cl,13.94
N#Cc1cnc(-c2nc(-c3ccc(-c4nc(Cl)nc(Cl)n4)cc3)ncc2-c2cnc(C#N)c(F)c2)s1,26.35
Cc1ncc(-c2nc(-c3nc(C#N)ccc3C#N)nc(N3CC4CC3CO4)n2)cc1C#N,9.75
CC(C)(CNC(=O)c1nc(-c2ccc(-c3ccc(C#N)cc3)cc2)c2cccc(-c3ccc(-c4cccc(C#N)c4)cc3)c2n1)C(=O)O,26.74
CC(C)c1nc(-c2ccc(F)c(C#N)c2)c(C#N)cc1-c1ccc(-c2cnc(C#N)c(C#N)c2)cn1,17.07
N#CCOc1nc(-c2ccc(C#N)cc2)nc(-c2ccc(-c3ccc(-n4nc(C5(C#N)CC5)cc4C#N)cn3)cc2C#N)c1C#N,23.66
N#Cc1ccc(-c2cc(-c3ccnc(-c4ccc(C#N)nc4)c3)nc(-c3cnccn3)c2)cc1,14.8
N#Cc1cccc(-c2nc(-c3c(F)c(F)c(C#N)c(F)c3F)nc(C3CCC3)n2)n1,19.0
C#CC[n+]1c(-c2ccc(-c3ccc(C#N)cc3)s2)n(Cc2ccc(-c3ccc(C#N)cc3)cc2)c2cc(-c3ccc(C#N)cc3)ccc21,29.2
N#Cc1ccc(-c2ccc(-c3cc(-c4ccc(-c5ccc(C#N)cc5)cc4)cc(-c4nc(-c5cccc(-c6ccc(C#N)cc6)n5)no4)c3)cc2)cc1,19.8
COC(=O)c1c[nH]c(C(C#N)=c2ccc(=c3cnc(-c4c(F)c(F)c(C#N)c(F)c4F)nc3=Cc3ccc(-c4cccc(C#N)c4)o3)cc2)n1,32.85
N#CCc1ccc(-c2nc(-c3c(F)c(F)c(C#N)c(F)c3F)nc(N3CCn4cc(C#N)nc4C3)n2)cc1C#N,16.01
N#Cc1cc(F)cc(-c2cc(-c3cc(F)cc(-c4ccc(-c5cncc(C#N)n5)cc4)c3)nc(-c3ccccc3C#N)n2)c1,27.58
N#Cc1cc(-c2cc(-c3nn[nH]n3)cc(-n3nc(C#N)c(C#N)c3C#N)c2)cnc1C#N,21.54
CC(C)Oc1ncc(-c2nc(-c3cnc(C#N)c(C#N)c3)cn2C)cc1C#N,10.5
N#Cc1ccc(-c2ccc(-c3nc(-c4cnc(-c5ccc(F)c(C(F)(F)F)c5)c(C#N)n4)nc(-c4cc(C#N)c(C#N)[nH]4)n3)cn2)nc1,18.06
N#Cc1cncc(-c2ccc(C#Cc3ccnc(-c4ccc(C#N)c(F)c4)n3)cn2)c1,15.71
N#Cc1cc(C#N)cc(-c2ccc(CC(N)COc3ccc4cc(C#N)ncc4c3)cc2)c1,31.68
N#Cc1cc(-c2ccc(-c3ccccc3)c(F)c2F)n(-c2ccc(C#N)c(-c3ccc(C#N)c(C#N)c3)n2)n1,20.3
Cc1nc(C#N)sc1-c1cncc(N=c2scc(-c3ccc(OC(C)C#N)c(C#N)c3)n2CCO)c1,32.29
CN(C)c1cc(-c2ccc(-c3cccc(C#N)c3)nc2)nc(-c2ccc(CC#N)c(C#N)c2)n1,23.7
Cc1ccc(-c2nc(-c3ccc(C#N)cc3)c3c(-c4ccc(-c5ccc(C#N)cn5)nc4)c(C#N)c(-c4ccc(-c5ccc(C#N)cn5)cc4)[nH]c2-3)cc1,34.61
N#Cc1ncc(C#N)c(-c2cc(-c3cnc(C#N)c(C#N)c3F)cc(C(F)(F)F)n2)n1,25.86
CN1CCN(CC#Cc2nc(-c3ccc(-c4ccc(C#N)c(C#N)c4)nc3)nc(N3CC4CC3C4)n2)CC1,31.05
N#Cc1ccc(-c2ccc(-c3cn(-c4ccc(Cl)c(C#N)c4)nn3)cc2C#N)cc1,15.99
CC(C#N)Nc1ccc(-c2nc(-c3cc(-c4ccc(C#N)nc4)cc(C#N)n3)nc(C3CCCNC3)n2)cc1C#N,28.07
CN(C)CCCOCC#Cc1ccc(-c2cc(C#N)cc(-c3ccc(-c4cccc(C#N)c4)c(C(F)(F)F)n3)c2)nc1,32.58
N#Cc1c[nH]c(C(=O)Nc2c(C#N)cc(-c3csc(-c4cnc(C#N)c(C#N)n4)n3)cc2C#N)n1,17.97
N#Cc1cc(-c2ccc(-c3cc(C#N)c(N=[N+]=[N-])nn3)c(F)c2C#N)cnc1C#N,22.51
N#Cc1ccc(-c2nc(CNc3ccc(S(=O)(=O)N4CCOCC4)cc3)nc(-c3cnc(C#N)c(C#N)c3)n2)cc1,25.5
N#Cc1ccc(-c2ccc(-c3cc(-c4ccnc(C#N)n4)nc4c(C#N)cnn34)cc2C#N)cc1,18.05
COc1nc(-c2ccc(-c3ccc(C#N)cn3)nc2)nc(-c2ccc(C#N)cc2)c1C#N,16.73
N#Cc1ccc(-c2cnc(-c3nc(C#N)cc(Nc4ccc5c(c4)C(=O)c4ccc(C#N)cc4C5=O)n3)cc2C#N)cc1,18.2
N#Cc1cc(C#N)n(-c2c(F)c(F)c(C#N)c(F)c2F)n1,12.04
N#Cc1ccc(-c2ccc(-c3nc(-c4cc(C(=O)C=Cc5ccc(-c6cccc(C#N)c6)cn5)cc(C#N)n4)nc(C#N)c3-c3ccc(C#N)cc3)cc2C#N)cc1,34.39
N#Cc1ccc(-c2cccc(-c3cc(-c4cnc(C#N)c(C#N)n4)nc(-c4nc(-c5ccc(C#N)cc5)nc(-c5ccc(C#N)cc5)c4C#N)c3)c2)cc1,14.7
N#Cc1ccc(-c2cc(-c3cnc(C#N)c(C#N)c3)nc(-c3cc(-c4nccnc4C#N)cnc3-c3ccc(F)cc3)c2)cc1,22.15
COCCOc1cnc(N=c2nc(-c3cnn4c(-c5ccc(-c6ccc(C#N)cc6)c(C#N)c5)ccnc34)cc[nH]2)cn1,31.36
N#Cc1cccc(-c2nc(-c3cc(C#N)c(C#N)c(N)n3)nn2-c2cccc(N)c2)n1,24.2
N#Cc1ccc(-c2ncc(-c3ccc(-n4nc(C(=O)O)cc4C#N)cc3Cl)cc2C#N)cc1,10.92
COc1cc(C#N)c(C#N)c(-c2ccc(C#N)c(-c3cc(C(F)(F)F)ccc3C#N)c2)n1,23.56
N#Cc1cnc(-c2nc(C#N)c(N)c(N3CCOCC3)n2)cc1-c1ccc(-c2ccc(N)c(C#N)n2)c(C#N)c1,26.82
N#Cc1ccc(-c2cccc(-c3cc(F)cc(-c4cccc(-c5ccc(N)c(C#N)n5)n4)c3)c2)cc1C#N,26.19
CC(C)Oc1ncc(-c2nc(-c3nc(C#N)cnc3C#N)nc(N3CCC(N4CCNCC4)CC3)n2)cc1C#N,18.34
N#Cc1cc(-c2nc(-c3cc(-c4cccc(-n5ccc6cc(C7CC7)cc(F)c6c5=O)n4)nc(-n4cccc4C#N)n3)nc(N3CC(F)C3)n2)cnc1C#N,26.15
N#Cc1ccc(-c2cncc(-c3n[nH]c(-c4cc(C#N)nc(-c5ccc(C#N)cc5)c4)n3)c2)cc1,19.53
CC(C)Oc1ncc(-c2nc(-c3nc(C#N)ccc3C#N)nc(N3CC(N4CCC(F)(F)C4)C3)n2)cc1C#N,16.04
N#Cc1ccc(-c2cc(-c3cc(F)cc(Nc4cccnc4)c3)nc(-c3ccc(-c4ccc(C#N)cn4)nc3)c2C#N)cc1,19.26
CCOCC(CC#N)NC(=O)c1cc(-c2ccc(-c3cncc(C#N)n3)cn2)nc(-c2ccc(Cl)c(Cl)c2)n1,30.34
CCNCc1nc(-c2cc(=Nc3ccc4c(c3)N(c3ccccc3)C(=O)NCC3=C4N=C3C(=O)N3CCN(CC)CC3)nc[nH]2)ccc1C#N,44.36
C=Cc1cnc(-c2ccc(-c3cnc(C#N)c(Br)n3)c(F)c2)nc1-c1cc(C#N)c(C#N)n1C#N,33.24
N#Cc1ccc(-c2nc(-c3ccc(F)c(C#N)c3)cc(-n3nccc3C#N)n2)cc1,14.84
N#Cc1cc(-c2cc(F)c(C#N)c(F)c2F)nc(-c2cc(C#N)c(C#N)c(C#N)n2)n1,14.52
N#Cc1ccc(-c2[nH]c(C#N)nc2-c2ccc(-c3ccc(F)c(C#N)c3)cc2)cc1,14.41
CC(C)Oc1ncc(-c2nc(-c3cccc(C#N)c3)nc(N3CC4(COC4)C3)n2)cc1C#N,13.42
N#Cc1ccc(-c2ccc(Cn3c(Cn4cnc(-c5ccc(C#N)c(F)c5)n4)cnc3C#N)cc2)cc1,16.42
CNS(=O)(=O)N1CCC(n2ccnc2-c2cnc(C#N)nc2-c2ccc(-c3ccc(C#N)n3C)nc2)CC1,28.76
N#Cc1ccc(-c2ccc(-c3nc(-c4ccc(C(=O)NCCN5CCCC5)cc4)nc(-c4ccc(-c5ccc(C#N)cn5)nc4)n3)cn2)nc1,16.54
N#Cc1ccc(CNC(=O)c2ccc(-c3nc(-c4ccc(-c5cccc(C#N)n5)cn4)nc(-c4cc5ccc(C#N)cc5[nH]4)n3)cc2)nc1,36.23
N#Cc1ccc(-c2cccc(-c3cc(-c4cnc(-c5nc(C#N)c(C#N)nc5C#N)cc4C#N)cc(-n4cccc4C#N)n3)c2)cc1,24.55
N#Cc1ccc(-c2nc(-c3ccc(-c4cc(C#N)cc(C#N)c4)nc3)nc(-c3ccccc3NC(=O)c3ccc(Br)o3)n2)cc1,29.91
N#Cc1cc2cc(-c3cccc(-c4ccc(-c5cccc(-[n+]6ccc(-c7ccncc7)cc6)n5)cc4)n3)ccc2cn1,18.05
COc1cc(-c2cc(-c3ccc(C#N)cc3)nc(-c3ccc(C#N)cc3F)n2)ccc1-c1ccc(C#N)c(C#N)c1,23.16
N#Cc1cncc(-c2nc(C#N)ccc2Oc2ccc(S(=O)(=O)N=c3ncc(F)c[nH]3)cc2C#N)c1,24.97
N#Cc1ccc(-c2cc(C#N)cc(-c3nc(-c4ccc(-c5ccc(C#N)cc5)nc4)nc(-c4c(F)c(F)c(C#N)c(F)c4F)n3)c2)cc1,16.99
CC1(O)c2ccccc2-c2c(-c3ccc(-c4cnc(C#N)nc4)nc3)cc(C(O)CO)cc21,29.34
N#Cc1cc(-c2c(F)cc(CCn3c(C#N)cnc3C(F)(F)F)cc2C#N)ccc1-c1nc(C2CC2)no1,24.86
Cn1c(-c2cnc(-c3cnc(C#N)c(C#N)c3)c(C#N)n2)ccc(-c2cncc(Cl)c2-c2cncc(C#N)c2)c1=O,25.97
N#Cc1ccc(-c2cc(-c3ccc(C#N)nc3)nc(-c3nc(C#N)cnc3-c3ccc(C#N)c(C#N)c3)c2)cc1,19.23
N#Cc1nc(-c2ccc(-c3nc(-c4ccc(-n5nc(C(F)(F)F)cc5C#N)nc4)cnc3Cl)cc2)cc(F)c1C#N,22.62
N#Cc1ccc(-c2ccc(-c3c4c5c(cnc4cn3CCc3ccncc3)CNC5=O)cc2)cc1,31.07
N#Cc1ccc(-c2ccc(-c3nc(-c4ccc(-c5cncc(C#N)c5)nc4)nc(-c4ccc(C=Cc5ccc(-c6cccc(C#N)n6)s5)cc4F)n3)cc2C#N)cc1,25.52
N#Cc1ncc(-n2cnc(-c3cnc(C#N)c(C#N)c3)c2)c(-c2ccc(C#Cc3ccc(-c4nc(C#N)c(C#N)nc4C#N)nc3)nc2)n1,25.78
N#Cc1ccc(Nc2oc(-c3cc(-c4ccc(C#N)cc4)c(C#N)c(-c4ccc(-c5ccc(C#N)cc5)nc4)n3)nc2C#N)cc1,19.26
CNC(=O)c1cc(C#N)n(-c2cc(F)cc(-c3cnc(-c4ncco4)c(C#N)c3)c2)n1,18.94
N#Cc1ccc(-c2nc(-c3nc(C#N)c(N)[nH]3)nc(-c3ccccn3)c2C#N)c(F)c1,27.98
N#Cc1cc(-c2nc(-c3ccc(F)cc3)nc(N3CC4CC3CO4)n2)nc(C#N)c1C#N,15.0
N#Cc1ncc(-c2nc(C#N)nc3ccccc23)cn1,19.13
N#Cc1ccc(-c2cc(-c3ccccc3)c(C#N)c(SCC(=O)N3c4ccccc4CCc4ccccc43)n2)cc1,24.6
N#Cc1ccc(-c2ccc(-c3nc(-c4ccc(C#N)cc4)n(CC(=O)Nc4ccc(C#N)c(C#N)n4)c3-c3c[nH]c(=N)c(C#N)n3)cc2)cc1,17.34
N#Cc1ccc(-c2ncc(-c3cccc(-c4ccc(-n5ccnc5C=CC=O)cn4)c3)cc2C#N)cn1,32.09
N#Cc1ccc(-c2ccc(-c3nc(C#N)cc(-c4ccc(-c5ccc(C#N)nc5)nc4)n3)cn2)nc1,15.5
CC(C)CN1CCC(c2sc(-c3ncc(NC(=O)c4cc(C#N)c(-c5ccc(C#N)cc5)nc4C#N)c(C#N)n3)cc2C#N)CC1,30.36
N#Cc1cc(Cl)cc(S(=O)(=O)n2c(O)ccc2O)c1Cl,27.79
COc1cc(-c2cc(-c3ccc(-c4cccc(C#N)n4)c(C#N)c3)ccc2C#N)nc(C#N)n1,21.99
N#Cc1ccc(-c2nc(-c3ccc4c(c3)CCNC4=O)nc(-c3cc(C#N)ncn3)c2F)cn1,18.92
N#Cc1ccc(-c2nc(-c3cc(C#N)nc(-n4nc(C(F)(F)F)cc4C#N)c3)nc(-c3ccc(-c4ccc(C#N)s4)s3)n2)cc1,19.93
CN1CCC(NCCS(=O)(=O)c2cc(-n3nc(C#N)cc3-c3ccc(-c4ccc(C#N)cc4)cc3)ccc2C#N)CC1,21.49
CN1C(=O)CCc2nc(CCc3nc(-c4cccc(C#N)n4)nc(-c4cc(C#N)c(C#N)[nH]4)n3)ccc21,18.59
CCOc1nc(-c2cc(-c3ccc(-c4ccc(C#N)cc4)cc3)cc(-c3ccc(-c4cccc(C#N)c4)cc3C#N)c2)cc(N(C)CCC#N)n1,31.93
N#Cc1ccc(F)c(-c2c(F)cc(-c3cc(Cn4cnc5c(-c6ccc(-c7cnc(C#N)nc7)c(C#N)c6)nc(C#N)nc54)ccc3C#N)cc2C#N)c1,34.38
CC(C)Oc1ncc(-c2nc(-c3cnc(C#N)c(C#N)c3)nc(C3CCN(C(=O)CN)CC3)n2)cc1C#N,26.02
N#Cc1ccc(-c2cc(-c3ccc(-c4cc(F)c(F)cc4F)c(C#N)c3)cc3c(C(N)=O)c(-c4cccc(C#N)n4)oc23)cc1,30.69
CC(C)(C#N)Oc1cccc(C2(C(=O)Nc3cc(-c4ccc(F)c(F)n4)nc(-c4cc(F)c(C#N)c(C#N)c4)n3)CCOC2)c1,32.66
N#Cc1ccc(-c2c(F)c(F)c(-c3nc(-c4cnc(C#N)c(C#N)n4)ns3)c(F)c2F)cc1F,23.82
CC1COCCN1c1nc(-c2cc(C#N)c(C#N)cn2)nc(-c2c(C#N)ccc(-n3nc(C#N)cc3C#N)c2F)n1,19.15
N#Cc1ccc(OCc2cc(-c3cnc(-c4nc(C#N)c(C#N)nc4-c4ccc(C#N)cc4)c(C#N)c3)ccc2C#N)cc1,19.08
CC(C)n1cc(-c2nc(-c3cnc(C#N)c(C#N)c3)nc(N3CC4CC3C4)n2)c(F)c1-c1ccc(C#N)cn1,17.48
N#Cc1cc(-c2cc(-n3cnnn3)nc(-c3cnc(-c4cccc(F)c4)c(C#N)c3)n2)cnc1C#N,22.37
CS(=O)(=O)N1CCc2c(c(-c3cc(C#Cc4cccc(F)c4)ccc3F)nn2CC2CCCO2)C1,23.27
CCc1nc(C#N)cc(-c2cc(F)c(-c3nc(C#N)ccc3Cn3nc(-c4ccc(Cl)c(C#N)c4)cc3C#N)cc2C#N)n1,31.22
N#Cc1ccc(-c2nc(-c3ccnc(F)c3)c(F)c(-c3c[nH]c(=N)c(-c4nc(C#N)c(C#N)[nH]4)n3)n2)cc1,18.77
N#Cc1cccc(-c2nc(-c3nc(C#N)c(C4CCCNC4)[nH]3)nc(-c3cc(C#N)c(C4CC4)nc3C(F)(F)Cl)n2)n1,30.55
Cc1nc(-c2ccc(C#N)cc2)nc(-c2ccc(C#N)cc2)c1C(=O)Nc1cnc(C#N)c(C)c1C#N,20.2
N#Cc1ccnc(-c2cc(-c3ccc(C#N)c(C#N)c3)c(C#N)c(-c3cnc(C#N)c(C#N)n3)n2)n1,13.56
Cc1ncc(NC(=O)c2ccc(C#N)c(-c3cc(F)c(F)c(-c4nc(-c5ccc(C#N)cc5)nc(-c5ccc(-c6ccc(C#N)cc6)nc5)n4)c3)n2)c(=O)n1Cc1ccc(F)c(F)c1,36.27
N#Cc1cc(Cl)cc(Oc2ccc(Cn3cnc(C4COC4)n3)cc2-c2ccnn2CCO)c1,43.85
Cc1c(NC(=O)c2cc(C#N)n(-c3cncc(-c4ccc(C#N)cc4)c3)n2)cc(-c2ccc(C#N)nc2)cc1-c1nc(C2CC2)no1,28.54
Cc1cc(-c2ccc(C#N)cc2)c(C#N)cc1-c1cccc(-c2cc(C#N)nc(-c3nc(C#N)c(-c4ccc(C#N)cc4)cc3C#N)n2)c1,21.42
CC(C)Nc1ccc(-c2cccc(-c3cc(NC(=O)CCc4ccc(-c5ccc(C#N)cc5)nc4)ccc3C#N)c2)nc1C#N,24.19
CC(=O)N1CCCC(n2nc(-c3cnc(-c4ccc(F)cc4)c(C#N)c3)nc2-c2cnc(C#N)c(C#N)c2)C1,13.67
N#Cc1ccc(-c2ccc(-c3c(C#N)cncc3Nc3ccc(-c4cccc(C#N)n4)cc3)cc2)cc1,16.5
N#Cc1ccc(-c2cc(-c3ccncc3)nc(-c3ccnc(-c4ccc(C#N)cn4)c3)c2)cc1,16.68
N#Cc1ccc(CC(CO)Nc2cc(-c3nc(C#N)cc(C#N)n3)nc(-c3cc(C#N)c(C#N)c(C#N)n3)n2)cn1,23.7
Cc1ccc(-c2nc(-c3cc(C4CC4)cc(C#N)n3)nc(C3CCC(C(=O)O)CC3)n2)cc1C#N,13.06
N#Cc1cc(-c2nc(-c3ccccc3F)nc(C3CCC3)n2)cnc1C#N,16.02
N#Cc1cc(F)cc(-c2ccc(-c3ccc(C#N)c(-c4ccc(Nc5ccnc(C#N)n5)cc4)n3)cc2C#N)c1,21.58
N#Cc1ccc(-c2nc(C#N)nc(-c3cc(C(=O)NC4C5CC6CC4CC(O)(C6)C5)ccc3F)c2F)nc1,25.2
N#Cc1nccc(-c2nc(-c3cnc(C#N)c(C#N)c3)nc(N3CCOCC3)n2)n1,10.91
CN(C)CCN1CCN(C(=O)C(O)Cn2nc(-c3ccc(C#N)cc3)c3cc(-c4cncc(-c5ccc(-c6ccc(C#N)cc6)cc5)c4)ccc32)CC1,42.31
N#Cc1ccc(-c2cc(-c3nc(C#N)c[nH]3)nc(-c3nc(-c4ccc(C#N)cc4)ns3)c2)cc1,22.54
Cc1cc(-c2ccc(-c3cc(C#N)cc(-n4nc(C(F)(F)F)cc4C#N)c3F)cc2F)nc(C#N)n1,16.45
N#Cc1ccc(-c2ccc(-c3cc(=NC(C#N)c4ccc(-c5ccc(C#N)c(C#N)c5)cc4)nc(-c4ccc(-c5ccc(C#N)cc5)cc4)[nH]3)cc2)cc1,24.02
CCOc1nc(-c2ccc(C#N)cc2)cc(-c2cc(-c3ccc(C#N)c(C#N)c3)cc(-c3nc(CC#N)nc(-c4ccc(C#N)cc4)n3)c2)c1C#N,31.88
N#Cc1ccc(-c2nc(-c3ccc(-c4ccc(C#N)c(C#N)c4)c(Br)c3)nc(-c3ccc(-n4cccc4C#N)cc3Cl)n2)cc1,17.65
N#Cc1ccc(-c2ncc(-c3cc(-c4cnc(C#N)c(C#N)c4)ncn3)cc2C#N)cc1F,13.55
CN(C)C=Nc1nc(-c2ccc(-c3ccc(C#N)cc3)cc2)ncc1C#N,17.14
N#Cc1cc(-c2nc(-c3ccc(O)cc3Br)nc(N3CC4CCC4C3)n2)cnc1C#N,27.5
CN(C)c1cnc(-c2cc(-c3ccc(-c4cccc(C#N)n4)nc3)ccn2)cc1C#N,20.42
N#Cc1ccc(C#N)c(-c2nc(-c3cnc(N4CCCC4)c(C#N)c3)nc(N3CCC3)n2)n1,15.44
CNc1c(C#N)nc(-c2ccc(C#N)cc2-c2ccc(C#N)cc2)n1-c1ccc(-c2ccc(F)c(C#N)c2)c(OC)c1,23.97
N#Cc1ccc(-c2cc(-c3cc(-c4ccc(C#N)o4)nc(-c4ccc(-c5ccc(C#N)c(C#N)c5)nc4)n3)cc(C#N)c2C#N)cc1,24.78
COc1ccc(-c2nn(CCC#N)c3c(-c4cccc(-c5ccc(C#N)cc5)c4)nc(C#N)nc23)cn1,19.77
Cc1cc(-c2nnc(N)c(C#N)n2)nc(-c2cc(C#N)c(NC(=O)Cc3ccc4c(cnn4-c4ccc(C#N)cc4)c3)cc2F)n1,29.11
Cn1c(-c2cccc(C#N)n2)nc(-c2ccc(-c3ccc(C#N)cc3)cc2)c1-c1cnc(-c2csc(C#N)c2)c(C#N)n1,22.63
Cc1cc(-c2ccc[nH]2)nc(-c2ccc(-c3ccc(C#N)cc3)cc2)n1,24.79
N#Cc1ccc(-c2cccc(-c3cc(C#N)c(C#N)c(C#N)c3F)c2)nc1,19.24
COc1cc(C#N)c(-c2nc(-c3ccc(C#N)c(C#N)n3)nc(-c3ccc(-c4cnc(C#N)c(C#N)c4)cc3)c2C#N)cc1C#N,29.4
CCCOCCn1c(=O)[nH]c(=Nc2cnc(C#N)c(C#N)c2)c2ccc(-c3cccc(C#N)n3)cc21,25.16
N#Cc1cc(-c2cc(C#N)nc(-c3cc(F)c(C#N)c(F)c3F)n2)cc(-n2nc(C(F)(F)F)cc2C#N)n1,15.23
CC(C)Oc1ncc(-c2nc(-c3ccc(Cl)cc3C#N)nc(N3CC4CC3C4)n2)cc1C#N,12.87
N#Cc1ccc(-c2cc(C#N)cc(-c3nc(C#N)c(C#N)nc3-c3ccc(-c4ccc(F)c(-c5ncccc5C#N)c4)cc3)c2)cc1,18.05
Cc1cn(-c2cc(C#N)cc(COc3cnc(-c4cc(-c5cc(F)c(F)c(F)c5F)c(-c5ccc(C#N)cc5)n4CC#N)cc3C#N)c2)cn1,36.29
N#Cc1ccc(-c2nc(-c3cc(-c4ccccn4)cnc3OCCN3CCOCC3)cc(C#N)c2C#N)cc1,26.3
N#Cc1ccc(-c2ccc(-c3ncc(C#N)c(-c4ccc(-c5ccc(C#N)cc5)cc4)n3)cc2)cc1,9.95
N#Cc1ccc(-c2cc(-c3ccc(-c4nc(-c5cc(C#N)c(C#N)c(C#N)n5)nc(N5CCC5)n4)cc3C#N)nc(-c3ccc(C#N)cc3)n2)cc1,22.1
N#Cc1cn(-c2cc(-c3ccc(-c4nc(Cl)nc(C#N)c4C#N)cc3)cc(-c3ncccc3C#N)c2)c(C(F)(F)F)n1,21.67
N#Cc1ncc(-c2cnc(-c3nc(C#N)nc4c(-c5ccc(-c6cnc(C#N)nc6)c(C#N)c5)[nH]cc34)[nH]2)cn1,25.85
Cc1nc(-c2ccc(-c3nc(C#N)c(N)nc3C(=O)c3c(F)c(F)c(F)c(F)c3F)c(C#N)c2)nn1-c1ccc(-c2ccc(C#N)c(F)c2)nc1,32.27
Cc1[nH]oc(=NS(=O)(=O)c2cc(-c3ccc(-c4oc(-c5ccc(F)cn5)nc4C#N)c(C#N)c3)cc(C#N)c2-c2ccnc(C#N)n2)c1C#N,36.39
CC(C)(C#N)c1ncc(-c2nc(-c3nc(C#N)ccc3CF)nc(N3CC4CC3C4)n2)cc1C#N,18.75
N#Cc1ccc(-c2ncc(-c3ccc(-c4c[nH]c(=N)c(C#N)n4)cc3)cc2C#N)cc1C#N,10.39
N#Cc1nccc(Cc2ccc(-c3ccc(-c4ccc(F)c(C#N)c4)cc3C#N)cc2)n1,28.72
COc1cc2nc(-c3cccc(-c4ncccn4)c3)cc(-c3ccc(-c4cnc(C#N)c(C#N)c4)cc3)c2cc1OC,23.39
CC(Oc1ncc(-c2nc(-c3cccc(C#N)n3)nc(N3CC4CC3CO4)n2)cc1C#N)C(F)(F)F,11.76
N#Cc1nc(-c2ccc(-c3ccnc(Cl)c3)c(C#N)c2)c2nc(C#Cc3cccc(Cl)n3)[nH]c(=N)c2n1,38.46
N#Cc1ccnc(-c2ccc(-c3cc(-c4ccc(C#N)c(C#N)c4)cc(-c4cnc(C#N)c(C#N)c4)n3)c(F)c2)n1,21.1
COC1CN(c2cc(-c3c(F)cc(-c4ncc(C#N)nc4C#N)c(C#N)c3F)nc(-c3cnc(C#N)c(C#N)c3)n2)CC1C#N,26.53
N#Cc1ccc(-c2cc(-c3cc(-c4ccc(-c5ccc(C#N)cn5)cn4)nc(C#N)n3)cc(C#N)c2C#N)cc1,19.77
C#CCN(C)c1nc(-c2ccc(NC(=O)Nc3cc(Cl)cc(C#N)c3OC)cc2)cc(-c2cnc(C#N)c(C#N)c2)n1,38.54
CC(C)Oc1ncc(-c2nc(-c3nc(C#N)ccc3C#N)nc(N3CC4(COC4)C3)n2)cc1C#N,9.82
CS(=O)(=O)N1CCN(c2nc(-c3cc(C#N)c(C#N)[nH]3)nc(-c3cccc(F)c3F)n2)CC1,19.62
N#Cc1ccc(-c2cc(-n3cccc3C#N)cnc2-c2ccc(-c3nc(C#N)c(C#N)nc3-c3ccc(C#N)cc3)cn2)cc1,19.81
N#Cc1c[nH]c(-c2ccc(C#N)c(-c3ccc(-c4[nH]c(C#N)nc4Cl)c(C#N)c3)c2)n1,27.32
Cc1cc(C#N)nn1-c1cc(-c2ccnc(Cl)n2)nc(-c2ccc(C#N)cc2)c1C#N,21.81
Cc1ccc(C#N)n1-c1ccc(-c2nc(-c3ccc(C#N)c(-c4cc(C#N)c(-c5ccc(C#N)cc5)o4)n3)ncc2Cl)nc1,28.97
N#Cc1ccc(-c2ccc(-c3nc(-c4ccc(-c5ccc(C#N)c(F)c5)cc4)cc(-c4cccc(F)c4)n3)cc2)cc1,19.42
CCOC(=O)c1c(-c2ccc(N)c(C#N)c2)[nH]c2cc(-c3ccc(C#N)cc3)ccc2c1=O,27.14
N#Cc1cc(-c2cc(F)c3c(C#N)c(C#N)c(Cc4ccccn4)nc3c2F)ccc1F,34.45
Cc1ccc(-c2nc(-c3cccc(C#N)n3)nc(C3CCCC3C#N)n2)cc1C#N,11.62
CC(C)Oc1ncc(-c2nc(-c3cc(C#N)c(-c4ccc(C#N)cc4)cn3)ns2)cc1C#N,16.04
CC(C)Oc1ncc(-c2nc(-c3ccc(-c4ccc(C#N)c(C#N)c4)c(OC(F)(F)F)c3)c(C#N)n2CC=Cc2cc(OCC#N)c(C#N)cn2)cc1C#N,35.72
N#Cc1cc(-c2nccc(-c3ccc(-c4cccc(-n5nc(C#N)c6c5CCCC6)c4F)c(F)c3)n2)cnc1C#N,29.89
CN1CCC(n2nc(-c3cnc(-c4cc(F)cc(C#N)c4)c(C#N)c3)nc2-c2cnc(C#N)c(C#N)c2)CC1,16.85
N#Cc1cc(-c2nc(C3CC(F)(F)C3)n(CCN)n2)ccc1-c1cc(F)c(C#N)c(F)c1,25.03
N#Cc1ccc(-c2ccc(-c3cc(N4CC5CCC(C4)O5)nc(-c4c[nH]c(=N)c(C#N)c4)n3)cn2)cc1C#N,21.8
N#Cc1cc(-c2cnn3c(N4CC5CCC(C4)O5)nc(-c4cnc(C#N)c(C#N)c4)cc23)cs1,23.13
N#Cc1cc(-c2nc(-c3ccc(N)c(C#N)n3)nc(N3CCCC(N)C3)n2)cc(-n2nccc2C#N)c1,24.6
CC(O)(CO)c1ncc(-c2nc(-c3nccc(C#N)n3)nn2-c2ccc3c(c2)OCO3)cc1C#N,24.87
CC(C)Oc1cc(-c2ccc(-c3nsc(-c4cnc(-c5ccc(-c6cnc(-c7ccc(F)c(C#N)c7)c(C#N)c6)nc5)nn4)n3)cc2)nc(F)c1C#N,41.39
N#Cc1ccc(-c2ccc(-c3nc(C(F)(F)F)c(-c4ccc(-c5cccc(C#N)n5)s4)cc3-c3ccc(C#N)cc3)cc2)cc1,17.87
N#Cc1ccc(-c2nc(C#N)nc(-c3ccc(C#N)c(-c4cc(C#N)c(C#N)c5cc(C#N)cc(C#N)c45)n3)c2F)nc1,26.46
N#Cc1ccc(C#N)c(-c2sc(-c3cnc(C#N)c(C#N)c3)nc2C#N)n1,13.76
N#Cc1ccc(-c2ccc(-c3nc(-c4ccc(C#N)nc4)c[nH]c3=Nc3cnc(N)c(C#N)n3)cc2C#N)cc1,22.48
CN(C)C(=O)c1ccc(-c2ccc(-c3cc(-c4ccc(-c5ccc(C#N)cc5)cc4)nc(-c4ccc(C#N)cc4)n3)nc2)c(C#N)c1,19.99
CNc1ncc(-c2ccc(-c3cc(-c4ccc(-c5ccc(C#N)cc5)cc4)nc(-c4ccc(C#N)cc4)n3)cc2)nc1C#N,15.13
Oc1cccc(-c2cc(N=c3ccc(-c4ccc(F)c(F)c4)c[nH]3)cc(-c3nc4ccc(F)cc4s3)c2)c1F,43.13
CCNCc1ncc(-c2nc(-c3ccc(-c4ccc(C#N)cc4)nc3)nc(-c3cc(-c4ccc(C#N)cc4)cc(-c4nc(C#N)ccc4-n4cc(C#N)nn4)c3)n2)cc1C#N,35.75
Cn1c(=O)ccc2cc(-c3cc(C4CCOCC4)nc(-c4cc(C#N)c(-c5ccc(C#N)cc5)c(F)c4F)n3)ccc21,35.43
CN1CC(n2nc(-c3ccc(-c4nnco4)c(C#N)c3)nc2-c2cnc(C#N)c(C#N)c2)C1,13.88
N#Cc1ccccc1C(=O)N1CCCC(c2nc(-c3cccnc3)nc(-c3cnc(C#N)c(C#N)c3)n2)C1,22.84
N#Cc1ccc(-c2ccc(-c3nc(-c4cc(-c5ccc(C#N)cc5)c(-c5ccc(-c6ccc(C#N)cn6)nc5)nn4)cc(-c4cccs4)n3)cc2)cc1,22.68
N#Cc1cc(CO)c(CO)c(-c2nc(-c3cnc(OC(CF)CF)c(C#N)c3)nc(N3CCOCC3)n2)n1,24.42
N#Cc1cc(-c2nc(C(N)=O)cc(-c3ncc(O)c(CO)n3)n2)nc(C#N)c1C#N,27.86
N#Cc1ccc(-c2ncc(C#N)nc2-c2ccc(-c3cc(-n4nc(C#N)cc4C#N)ccc3C#N)c(C#N)c2)cc1,19.1
N#Cc1cc(-c2ncc(-c3n[nH]c(CCO)n3)cc2C#N)ccc1F,16.5
COc1cccc(-c2cc(-c3cc(C#N)c(Sc4cc(C#N)nc(-c5ccncn5)c4)nn3)c[nH]c2=N)c1F,27.98
N#Cc1ccc(-c2ccc(-c3ncc(-c4ccc(-c5nc(CC6CCCC6)c[nH]5)nc4)o3)cn2)cc1,23.19
N#Cc1ccc(-c2ccc(-c3cc(-c4ccc(-c5cccc(C#N)n5)nc4)nc(C#N)n3)cc2C#N)cc1,16.45
CN(C)c1ncc(-c2cc(-c3ccc(-c4ccc(C#N)cc4)c(C#N)c3)nc(-c3cccc(C#N)n3)n2)cc1C#N,22.33
N#Cc1cc2nc(-c3ccc(C=NNC(=O)c4cnccn4)cc3)[nH]c2cc1C#N,25.64
Cc1ncc(-c2nn(CC#N)cc2-c2cnc(-c3ccc(-c4ccc5ccccc5n4)c(C#N)c3)c(C#N)n2)cc1Cl,26.93
N#Cc1ccc(-c2cc(-c3ccc(C#N)c(-c4cnccn4)c3)nc(-c3cccc(C#N)n3)c2)cc1,20.22
N#Cc1ccc(-c2nc(-c3ccc(F)cc3)c(-c3ccc(-n4nc(-c5ccncc5)c(-c5ccc(-c6ccc(C#N)nc6)cc5)n4)cc3)s2)cc1,21.14
CC(C)Oc1ccc(-c2nc(-c3cc(C#N)c(CC#N)[nH]3)nc(N3CC4CC3C4)n2)cc1C#N,14.9
N#Cc1cnc(-c2nc(-c3cc(C#N)c(C#N)c(Cl)n3)nc(N3CC(F)(F)C3)n2)cn1,18.73
N#Cc1ccc(-c2cc(-c3ccc(-c4cc(-c5ccccn5)nc(-c5ccc(-c6ccc(C#N)c(F)c6)nc5)n4)cc3)nc(-c3ccc(C#N)cc3)n2)cc1,20.23
N#Cc1cc(-c2cnc(C#N)c(C#N)c2)cc(-c2nc(-c3cnc(C#N)c(C#N)c3)nc(N3CC4CC3C4)n2)n1,16.33
N#Cc1ccc(N=c2nc(-c3nn(-c4ccnc(-n5cc(C#N)cn5)c4)nc3-c3ccc(-c4ccc(C#N)cc4)cc3)cc(C#N)[nH]2)cc1,29.76
N#Cc1ccc(-c2cc(-c3ccc(-c4nc(Cl)nc(Cl)n4)cc3)cc(-c3nc(-c4ccc(-c5cccc(C#N)n5)cc4)ncc3C#N)c2)cc1,19.27
N#Cc1ccc(-c2ccc(-c3nc(-c4ccc(C#N)cc4)nc(-c4ccc(-n5nccc5C#N)c(F)c4)n3)cn2)cc1,12.43
N#CC=Cc1nc(-c2ccc(C#N)nc2)nc(-c2nc(-c3ccc(-c4cc(F)c(C#N)c(C#N)c4)cc3)c(C#N)c(=N)[nH]2)n1,22.8
N#Cc1ccc(-c2nc(C(=O)NCCCN3CCCOCC3)nc(-c3cc(C#N)c(C#N)c(C#N)n3)n2)cc1,33.68
Cc1ncc(-c2nc(-c3cc(Sc4ccc(C#N)cc4F)cc(C#N)n3)nc(N3CC4CC3C4)n2)cc1C#N,23.25
N#Cc1cnc(-c2ncc(-c3cc(F)cc(-n4nc(-c5ccccn5)ncc4=O)c3)cc2C#N)cc1F,26.91
N#Cc1ccc(-c2cc(-c3ccc(-c4nc(C#N)c(C#N)nc4-c4ccc(C#N)cc4)cc3)nc(-c3ccc(-c4ccc(C#N)cc4)nc3)c2)cc1,14.94
N#Cc1cc(C#N)c2nc(-c3ccc(-c4ccc(C#N)c(C#N)c4)nc3)[nH]c2c1,17.6
Cc1cc(-c2cc(C#N)c(-c3cc(C#N)cnc3-c3cnc(-c4ccc(C#N)c(C#N)c4)c(C#N)n3)o2)nc(-c2csc(C#N)c2)n1,32.41
N#Cc1ccc(-c2nc3cc(NC(=S)Nc4ccc(-c5cc(-c6ccc(C#N)cc6)c(C#N)c(Cl)n5)cc4F)ccc3[nH]2)cc1,33.06
Cc1cc(-c2nc(C#N)cnc2-c2cn(C)c(-c3ccc(-c4cnc(C5(F)CCN(C)C(C)C5)nn4)cc3)n2)ccc1C#N,41.22
N#Cc1ccc(-c2ccc(-c3nc(=NC4CCNCC4)nc(-c4ccc(-c5cccc(C#N)c5)cc4C#N)[nH]3)cc2)cc1,29.79
N#Cc1ncc(-c2ccc(C#Cc3cc(-c4ccc(C#N)c(C#N)c4)nc(C#N)n3)nn2)cn1,15.82
N#Cc1cc(Cn2nc(-c3cc(F)c(C#N)c(F)c3F)cc2C#N)cc(-c2nc(=O)o[nH]2)c1,20.8
N#CCc1ccc(-c2nc(-c3ccncc3)nc(N3CCC(N4CCCC4)CC3)n2)cc1C#N,19.58
N#Cc1cc(-c2nc(-c3cnc(N4CCCC4C#N)c(C#N)c3)nn2C2CC2)cnc1C#N,19.16
COc1nc(-c2nc(-c3ccc(C#N)cc3)nc(-c3ccc(C#N)cc3)n2)ccc1-n1cccc1C#N,11.98
CC(N=c1ncc(-c2cc(F)ccn2)c[nH]1)c1ccnc(-c2ccc(C(F)(F)F)c(Cl)c2)n1,28.06
N#Cc1ccc(-c2nnc3c(NC(=O)Cc4cccc(C#N)n4)cc(-c4cnc(C#N)nc4)cn23)cc1,22.88
N#Cc1ccc(-c2cc(-c3cc(-c4ccc(C#N)cn4)nc(-c4ccc(C#N)cc4)n3)cc(-c3ccc(C#N)cc3)n2)cc1,14.02
N#Cc1ccc(C#N)c(-c2ccc(Cn3c(=O)n(Cc4ccc(F)c(F)c4)c(=O)c4ccc(Oc5ccc(-c6ccc(F)cn6)cc5)cc43)cc2)c1,44.61
Cc1ncc(C#N)n1-c1ccc(-c2nc(-c3ccc(C#N)cc3)nc(-c3ccc(-c4ccc(C#N)cc4)cc3)n2)cc1,14.04
N#Cc1cc(-c2nc(Nc3ccc4c(c3)Cc3ccccc3-4)nc(-n3ccc(C#N)c3C#N)n2)cnc1C#N,27.41
N#Cc1c(F)c(F)c(-c2nc(-c3cc(-c4ccc(F)cc4)ccc3Cl)nc(C3OC(CO)C(O)C(O)C3O)n2)c(F)c1F,28.2
N#Cc1ccc(-c2ccc(-c3nc(-c4ccc(C#N)cc4)nc(-c4cc(-c5ccc(C#N)cn5)nc(C#N)n4)n3)cc2)cc1,9.63
N#Cc1ccc(C(c2ccc(C#N)c(-c3cnc(C#N)c(C#N)c3)n2)c2nc(-c3ccc(C#N)c(C#N)c3)ccc2-c2nc(C#N)nc(C#N)c2C#N)cc1,30.56
N#Cc1cc(C#N)cc(-c2ccc(C#CC3(O)CCN(c4cnc(C#N)s4)C3)c(F)c2)c1,36.08
N#Cc1ccc(-c2ccc(-c3cc(-c4ccc5nc(-c6ccc(C#N)cc6)c(-c6ccc(C#N)cc6)n5c4)cc(-c4ccc(-n5nnc(-c6ccc(C#N)cc6)n5)cc4)n3)cc2)cc1,28.73
N#CCc1c(C#N)c(-c2cc(F)c(-c3nc(-c4ccccc4F)cs3)cn2)nn1CCNC1CCNC1,35.7
N#Cc1ccc(-c2ccc(-c3nc(-c4ccc(-c5cccc(C#N)c5)cc4)c(C#N)n3-c3ncccn3)cc2)cc1,17.78
N#Cc1ccn(-c2cc(-c3ccc(-c4ccc(N)c(C#N)n4)cc3)cc(-c3ncc(N)c(C#N)n3)c2)c1,20.5
Cc1nc(-c2nc(-c3ccc(C#N)s3)c(C#N)s2)ccc1Sc1ccc(-c2sc(-c3cccc(C#N)c3)cc2-c2ccc(C#N)cc2)cn1,36.66
N#Cc1ccc(C(O)c2nc(-c3ccc(-c4cnc(C#N)c(C#N)c4)c(C#N)c3)cs2)cc1F,16.74
CC(C)N(C=Nc1cccc2[nH]c(-c3cc(-c4ccc(C#N)cc4)nc(-c4ccc(C#N)cc4)n3)nc12)C(C)C,29.34
N#Cc1cccc(-c2nc(-c3cnc(C(F)(F)F)c(C#N)c3)nc(N3CC4CC3CO4)n2)n1,12.1
N#Cc1ccc(-c2ccc(-c3nc(-c4ccc(-c5ccc(C#N)c(C#N)c5)c(C#N)c4)n(-c4ccc(-c5ccc(C#N)c(C#N)c5)cc4)c3C#N)cc2)cc1,18.61
Cn1c(-c2cncc(-c3ccncc3C#N)c2)cc(F)c1-c1nc(C#N)c(N)c2c(C#CCCCC(N)=O)nc(C#N)nc12,38.19
N#Cc1ccc(-c2cc(-c3ccc(C#N)cc3)nc(-c3n[nH]c(Cc4ccc(-c5ccc(C#N)c(C#N)c5)cc4)n3)c2)cc1,19.05
CC(C)S(=O)(=O)c1c(-c2ccc(C#N)cn2)nc(-c2cnc(CC#N)c(C#N)c2)nc1N1CCOCC1,20.46
N#Cc1ccc(-c2ccc(-c3cc(-c4ncc(C#N)c(-c5nccc(-n6cc(F)cn6)n5)n4)nc(-c4ccc(-c5cnc(N)c(C#N)n5)cc4)n3)cc2)cc1C#N,44.56
N#Cc1cc(-c2nc(-c3ccc(=N)[nH]c3)cc(N3CCC(C#N)CC3)n2)[nH]c1C#N,16.96
N#Cc1ccc(-c2cc(-c3ccncc3)nc(-c3ccccn3)c2)cc1,9.22
N#Cc1cc(-c2ncc(-c3cc(-c4cc(F)c(C#N)c(F)c4F)[nH]c3C(=O)O)cc2C#N)ccc1F,28.52
N#Cc1ccc(-c2cc(-c3ccc(F)c(F)c3)c(C#N)c(SCC(=O)C(C#N)c3ccccc3)n2)cc1,27.66
N#Cc1ccc(-c2ccc(-c3nc(-c4cc(C#N)c(C#N)c(C#N)n4)n(C4CCN(Cc5ccc(C#N)cn5)CC4)n3)cn2)cc1,18.46
N#Cc1ccc(-c2cc(-c3ccc(-c4ccc(C#N)cn4)cc3)c(-c3ccc(-c4ccc(C#N)cn4)c(C#N)c3)cn2)cc1,20.99
CN(C)C1CN(c2nc(-c3ccc(-c4ccc(C#N)cn4)c(C#N)c3)nc(-c3cc(F)c(C#N)c(C#N)c3)n2)C1,25.4
N#Cc1ccc(-c2cnc(-c3cc(N4CCOCC4)nc(-c4cccc(-c5cnc(C#N)c(C#N)c5)n4)n3)nc2Cl)cn1,31.27
N#Cc1cncc(-c2ccc3c(-c4ccc(F)cc4F)c(-c4ccc(F)cc4)c(=O)n(CC(O)CO)c3c2F)c1,37.67
COc1ccc(-c2ncc(-c3nc(C)nc(-c4cnc(N)c(C#N)n4)n3)cc2C#N)cc1,23.38
N#CCCn1nc(-c2ccc(-c3ccc(C#N)cc3)c(C#N)c2)cc1C#N,13.81
N#Cc1cc(-c2cc3ncc(=N)n(CC4CC4)c3c(C#N)n2)cc(F)c1-c1cnco1,27.75
CC(c1ccc(-c2ccc(-c3nc(C#N)no3)c(C#N)c2)cc1)n1cc(-c2ccc(-c3nc(C#N)no3)c(C#N)c2)nn1,24.77
N#Cc1ccc(-c2cccc(-c3cccc(-c4cc(NS(=O)(=O)c5ccc(C#N)cc5)ccc4C#N)c3)c2)cc1,19.69
COC(O)C(Oc1ncc(-c2nccc(-c3cnc(-c4ccc(C#N)cc4)c(C#N)c3)n2)cc1C#N)c1ccc(C#N)c(F)c1,33.92
N#CCn1cc(C=Nc2nnc(-c3ccc(-c4ccc(C#N)cc4)cc3)s2)c(-c2ccc(C#N)cc2)nc1=O,24.88
N#Cc1cncc(N=c2cc(-c3cnc(N4CC(F)C4)c(C#N)c3)nc(C3CC3)[nH]2)n1,16.75
CC(C)Oc1ncc(-c2n[nH]c(-c3ccc(-c4ccc(C#N)cn4)c(C#N)c3F)n2)cc1C#N,20.04
N#Cc1ccc(-c2nccc(-c3c(F)cc(F)c(-c4nc(-c5cnc(C#N)c(C#N)c5)nc(N5CCC(C#N)CC5)n4)c3F)n2)cc1,26.41
N#Cc1cccc(-c2ccc3nc[nH]c(=Nc4ccc(-c5nc6ccc(C#N)cc6s5)c(C#N)c4)c3c2)c1,26.59
N#Cc1cncc(COc2ncc(-c3nc(-c4cnc(C#N)c(C#N)c4)cc(C4CC4)n3)cc2C#N)c1,22.18
N#CC=Cc1cncc(-c2cccc(-c3nc(-c4ccc(C#N)cc4)nc(-c4cc(-c5ccc(C#N)cc5)c(C#N)c5cccnc45)c3F)c2F)n1,34.34
CCOC(=O)c1cc(C#N)n(-c2ccc(-c3cc(C#N)c(-c4ccc(C=CC#N)cc4Cl)c(C#N)n3)c(Cl)c2)n1,25.53
Cn1c(-c2ccc(-c3ccc(C#N)o3)cc2)nnc1-c1ccc(C#N)c(-c2ccc(-c3ccc(C#N)cc3)cc2)c1,22.0
N#Cc1cc(C#N)c2nc(-c3ccc(-c4cccc(-c5nc(Cl)nc(Cl)n5)c4)cc3)[nH]c2c1,16.8
N#Cc1ccc(-c2cnc(-c3ccc(-c4ccccc4C#N)cc3)cc2C#N)cc1,18.55
N#Cc1cccc(-n2nc(C#N)nc2-c2ccc(-c3ccc(C#N)c(C#N)c3)c(C#N)c2)n1,14.37
CC(C)c1c(C#N)ncn1-c1cc(-c2ccc(C#N)nc2)cc(-n2cccc2C#N)n1,17.81
CC(C)n1c(-c2ccc(C#N)c(F)c2)nc(CO)c(C#N)c1=NC(=O)c1cc(C#N)n(-c2cncc(-c3ccc(C#N)nc3)c2)n1,25.09
N#Cc1cccc(-c2cc(-c3ccc(-c4ccnc(C#N)n4)c(C#N)c3)nc(C#N)n2)c1,15.79
N#CC=Cc1ccnc(-c2nc(-c3ccc(-c4ccc(C#N)c(F)c4)c(Cl)c3)nc(-c3ccc(-c4ccc(C#N)cc4)cn3)n2)n1,20.72
N#Cc1cccc(-c2cnc(C#N)nc2-c2ccc(-c3cnc(C#N)c(C#N)c3)s2)n1,14.11
N#Cc1ccc(Cn2c(-c3cc(-c4cnc(C#N)c(C#N)c4)nc(-c4cncc(C#N)n4)c3)nnc2-c2ccc(F)cc2F)cc1,29.43
COC1CN(c2nc(-c3cc(C#N)c(CN)[nH]3)nc(-c3cc(F)c(Cl)cc3F)n2)CC1O,27.71
N#Cc1ccc(-c2nc(C#N)c(-c3cc(-c4cc(C#N)cc(-c5ccc(N)c(C#N)n5)c4)nc(-c4ccnc(C#N)c4)n3)o2)cc1,31.34
N#Cc1cnc(C(CN2CCC2)Oc2c(C#N)cc(-c3nc(-c4nc(C#N)ccc4C#N)nc(N4CC5CC5C4)n3)cc2C#N)cn1,22.11
Cc1cc(C#N)nc(-c2nc(-c3cnc(C(F)(F)F)c(C#N)c3)nc(N3CCC(N(C)C(=O)CO)C3)n2)c1C,22.24
CC(C)n1nc(C#N)nc1-c1ccc(-c2cc(C#N)cc(C#N)c2)c(C#N)c1,12.73
N#Cc1ccnc(-c2ccc(-c3cccc(-n4ccc5cc(C6CC6)c(C#N)cc5c4=O)c3)nc2)n1,25.23
N#Cc1ccc(-c2cc(-c3ccc(-c4ccc(C#N)cn4)nc3)nc(-c3cc(-c4ccc(C#N)cc4)nc(-c4cnc(C5CC5)c(C#N)c4)c3)c2)cc1,17.42
N#Cc1ccccc1-c1cccc(-c2ccc(-c3nc(-c4cc(F)c(C#N)c(F)c4F)no3)cc2CO)c1,29.71
COc1cc(CCN=c2nc(-c3cccc(-c4ccc(C#N)cc4)c3)nc(-c3cc(C#N)c(C#N)c(C#N)n3)[nH]2)cc(OC)c1OC,21.47
N#Cc1cc(C#N)n(-c2cn(Cc3c(F)cccc3C#N)nc2C(F)(F)F)n1,17.47
N#Cc1nc2n(n1)CCN(c1nc(-c3cccnc3)nc(-c3cc(C#N)c(C#N)[nH]3)n1)C2,17.94
CNc1nnc(-c2cc(F)cc(-c3ccnc(-c4cnc(C#N)cn4)c3F)c2)nc1C#N,24.63
N#Cc1ccnn1-c1cc(F)cc(-c2cc(F)cc(-c3nc(=N)nc(C(F)(F)F)[nH]3)c2)c1F,24.76
N#CC=Nc1cc(NC2CCCCC2)c(C#N)c(-c2ccc(C#N)cc2)c1C#N,20.16
N#Cc1ccc(-c2cncc(-n3nc(C(=O)N=c4cc(C#N)cc[nH]4)cc3C#N)c2)cc1,14.49
N#Cc1cc(-c2nc(-c3cnccn3)cc(N3CC4CC3CO4)n2)cnc1C#N,16.76
CN(C)C(=O)N1CCC(n2nc(-c3ccc(-c4cnco4)c(C#N)c3)nc2-c2cnc(C#N)c(C#N)c2)CC1,16.92
N#Cc1ccc(Cn2cnc(-c3cc(-c4ccc(C#N)cc4)nc(-c4cccc(C#N)n4)n3)n2)cc1,17.83
CNC1CN(c2nc(-c3ccc(OC(Cn4cc(C#N)nn4)c4c(F)ccc(F)c4F)c(C#N)c3)nc(-c3nc(C#N)cn3C)n2)CC1F,35.88
N#Cc1ccc(-c2cc(-c3ccc(C#N)c(-c4ccc(-c5nc(C#N)c(C#N)nc5C#N)cc4)c3)nc(-n3cncc3C#N)n2)cc1C#N,23.61
COc1cc(-c2ccc(-c3ccc(C#N)c(C#N)c3)c(C#N)c2)nc(C#N)c1[N+](=O)[O-],23.98
N#Cc1ccc(-c2cc(C#N)cc(-c3cc(-c4cccc(C#N)n4)nc(C#N)n3)c2)nc1,14.6
N#Cc1cc(-c2nc(-c3cc(N4CCCC4)nc(Cl)n3)nc(N3CCC(F)C3)n2)ccc1C(N)=O,25.75
Cn1c(CN2CCN(c3ccc(F)cc3)CC2)ccc1CN1CCN(c2ccc(C#N)cc2)CC1,21.38
CC(C)(C)c1ncc(-c2csc(-c3cc(C#N)c(C#N)c(Nc4ccc(F)c(C#N)c4)n3)n2)cc1C#N,24.69
CC(C)(O)c1cc(-c2nc(-c3ccc(-c4ccnc(C#N)c4)cc3)nc(-c3cc(F)cc(-c4cnc(-c5ccc(F)c(C#N)c5)c(C#N)c4)c3)n2)sc1C#N,31.24
CC(=O)c1cc2c(cc1NC(=O)NS(=O)(=O)c1ccc(C)cc1)OCO2,23.5
Cc1cc[nH]c(=NC(=O)c2c(OCc3nc(C#N)c(N)n3CC#N)cc(C#N)nc2-c2ccc(C#N)cc2)c1,34.56
N#Cc1ccc(-c2ccc(-c3cnc(-c4ccc(-c5ccc(C#N)c(C#N)c5)nc4)c(=N)[nH]3)cn2)cc1,22.28
N#Cc1cc(-c2ncnc(-c3cc(C#N)c(C#N)c(Cl)n3)n2)ccc1-c1ccc(Cl)cc1,15.27
N#Cc1ccc(-c2cc(-c3ccc(-c4cnc(-c5ccc(C#N)cc5)c(C#N)c4)cn3)[nH]c2-c2c(F)c(F)c(C#N)c(F)c2F)cc1,18.65
N#Cc1cc(-c2ccc(-c3nc(C#N)c(-c4ccc(-c5nc(C#N)c(C#N)nc5C#N)c(Cl)c4)cc3C#N)cc2)nc(C#N)n1,23.85
N#Cc1ccnc(-c2cc(-c3cnc(C#N)c(C#N)c3)c(C#N)c(=N)[nH]2)n1,10.92
N#CNc1nc(-c2cccc(C#N)c2)ccc1-c1ccc(-c2cc(C#N)nc(-c3cnc(C#N)c(C#N)c3)n2)c(C#N)c1,22.29
N#Cc1ccc(-c2ccc(-c3cc(C#N)nn3-c3ccc(-c4ccc(C#N)cn4)cc3C#N)cn2)cc1,15.54
CC(C)(C)OC(=O)c1ncc(C#N)cc1-c1cc(C#N)cc(-c2cnn(CC(=O)C(F)(F)F)c2)n1,41.25
COc1ccc(-c2ccc3cc(-c4nccc(-n5ccnc5CF)n4)ccc3n2)cn1,31.55
N#Cc1ccc(-c2ccc(COc3ccc(OCc4cc(Cl)ncn4)cn3)c(C#N)n2)cc1,31.44
N#Cc1ccc(-c2nc(-c3cc(C#N)c(C#N)c(C#N)n3)nc(N3CC4CC3CO4)n2)cc1,12.08
CCN(CC)CCCC(C)n1cnc(=N)c2ccc(-c3ccc(C#N)cc3)cc21,29.7
N#Cc1ccc(-c2ccc(-c3nc(-c4ccc(-c5ccc(C#N)cn5)nc4)[nH]c3-c3ccnc(C#N)n3)cc2)cc1,17.23
N#Cc1ccc(-c2ncc(-c3nc(C#N)nc(N4CCCC5(CNC5=O)C4)n3)cc2C#N)cc1,23.54
N#Cc1ccc(-n2cncn2)cc1C#N,17.25
N#Cc1ccc(-c2cc(-c3ccc(-c4nc(Cl)nc(C#N)c4C#N)cc3)nc(-c3nnc(-c4cnc(C#N)c(C#N)c4)c(C#N)n3)c2)cc1,16.88
Cc1ccc(-c2nc(-c3nc(C#N)ccc3C#N)nc(N3CCC(N(C)C(=O)Cc4ccc(Cl)cc4Cl)C3)n2)cc1C#N,29.74
N#Cc1cccc(-c2nc(-c3ccc(C(F)(F)F)c(C#N)c3)nc(N3CC4(COC4)C3)n2)n1,11.68
N#Cc1ccc(-c2cc(-c3ccc(NC(=O)c4cccc(C#N)n4)cc3)cc(-c3ccc(C#N)cc3)n2)cc1,21.54
N#Cc1ccc(-c2ccc(-c3ccc(-c4nc(-c5ccc(-c6nc(C[N+](=O)[O-])nc(Cl)c6C#N)c(F)c5F)nc(-c5c(F)c(F)c(C#N)c(F)c5F)n4)cn3)cc2C#N)cc1,35.95
N#Cc1ccc(-c2cc(-c3ccc(C#N)cc3)nc(-c3cc(-c4cccc(C#N)n4)nc(-c4ccc(-c5cccc(C#N)c5)cc4)n3)c2)cc1,14.2
N#Cc1ccc(-c2nccc(-c3ccc(-c4cc(-c5cnc(-c6ccc(C#N)cc6F)c(C#N)n5)nc(-c5ccc(C#N)cc5)n4)cc3)n2)cc1,17.55
N#Cc1ccc(OCCN2CCC(NS(=O)(=O)c3cc(S(=O)(=O)c4ccc(F)cc4)ccc3C#N)CC2)c(F)c1,30.88
CCOc1ccccc1-c1nc(-c2ccc(-c3ccc(C#N)nc3)cc2)n(-c2ccc(C#N)c(C#N)c2)n1,22.66
N#CC(=C1CCNCC1)c1nc(-c2ccc(-c3cnc(-c4ccc(C#N)cc4)c(C#N)c3)cc2)cs1,18.05
CC(C)Oc1ncc(-c2nc(-c3cnc(-c4cc(C(F)(F)F)ccc4Cl)c(C#N)n3)cn2C)cc1C#N,14.96
COc1nc(-c2cnc(N(C)C)c(C#N)n2)cc(-c2cccc(-c3nc(CCO)nc(-c4cc(C#N)c(C#N)[nH]4)n3)n2)c1Cl,37.5
N#Cc1ccc(-c2ccc(-c3nc(C(N)=O)cc(-c4ccc(Oc5ccc(-c6cnc(-c7cnc(C#N)o7)c(C#N)c6)cc5C#N)cc4)n3)cc2)cc1,27.91
CC1(C)CCCN(c2cc(-c3cnc(-c4ccc(-c5ccc(C#N)cc5)nc4)c(C#N)c3)ncn2)C1,24.93
CC1COCCN1c1cc(-c2ccccn2)nc(-c2cc(C#N)c(C#N)c(-c3ccc(C#N)cc3)n2)n1,18.94
CCC(COC)Oc1ncc(-c2nc(-c3nc(C#N)c[nH]3)c(C)c(N3CC4C(F)C4C3)n2)cc1C#N,30.69
N#Cc1cc(Cl)c(F)c(-c2nc(C3CCC(N)C(F)CO3)c(-c3ccnc(N4CCOC4)n3)cc2C#N)c1,33.99
N#Cc1ccc(-c2ccc(C#Cc3cc(-c4ccc(-c5ccc(C#N)cc5)cn4)nc(-c4ccc(-c5ccc(C#N)c(F)c5)c(C#N)c4)n3)cc2)cc1,20.85
COC(=O)c1cc(C#N)sc1NN(C)S(=O)(=O)c1ccc(F)c(C#N)c1,36.8
CN(C)c1nc(-c2ccc(F)cc2)nc(N2CCN(S(=O)c3ccc(C#N)cc3)CC2)n1,30.5
N#Cc1ccc(-c2cc(-c3ccc(N)c(C#N)n3)c(C#N)c(-c3oc(-c4ccc(-c5ccc(-c6ccc(C#N)cc6)c(C#N)c5)c(C#N)c4)nc3C(=O)O)c2)cc1,27.66
N#Cc1c(F)c(F)c(C(C#N)c2c(O)[nH]c(=O)oc2=O)c(C#N)c1F,28.09
N#Cc1ccc(-c2ccc(-c3ccc(-c4nc(-c5cnccc5[N+](=O)[O-])[nH]c(=Nc5cccc(C#N)c5)n4)cc3)cc2C#N)cc1,26.85
CN(C)CCN(CCC#N)c1nc(=Nc2nc(-c3ccc(C#N)c(F)c3)nc(-c3cc(-c4nc(Cl)nc(Cl)n4)nc(C#N)n3)c2C#N)nc(C#N)[nH]1,40.17
N#CCSc1nc(C#N)c(O)n1-c1cccc(C#N)c1,18.47
Cc1c(-c2ccc3cccc(-c4nc(C#N)c(C#N)nc4-c4ccc(C#N)cc4)c3c2)cnn1-c1ccc(C#N)cc1,27.63
CC(C)n1nc(C#N)nc1-c1cc(C#N)c(CC(F)(F)F)nn1,20.72
CC(C)Oc1ncc(-c2nc(-c3cnc(C#N)c(C#N)c3)n(C(C)C)n2)cc1C#N,15.76
CCN(C(=O)c1c(OCc2ccnc(C#N)c2)cc(C#N)nc1-c1ccc(C#N)cc1)c1ccc(O)cc1,28.47
Cc1ccc(-c2nc(-c3cc(-c4cnc(OC(C)C)c(C#N)c4)cc(C#N)n3)nc(C3CC(C)(O)C3)n2)cc1C#N,16.37
Cn1c(C#N)ccc1-c1cc(C#N)nc(-c2ccc(-c3nc(C#N)nc(C#N)n3)cc2F)c1,19.22
N#Cc1cccc(-c2ccc(-c3nnc(-c4ccc(-c5cccc(-n6nccc6C#N)c5)cn4)o3)s2)n1,25.14
Cc1c(C#N)cc(-c2nc(-c3cccc(C#N)n3)nc(C(F)(F)F)n2)cc1-c1ccc(C#N)cn1,19.01
N#Cc1ccc(-c2cc(-n3cc(-c4ccc(-c5nnco5)c(C#N)c4)cn3)nc(-c3ccc(C#N)cc3)n2)cc1,16.67
N#Cc1ccnc(C(=O)Nc2ncc(-c3ccc(-c4cc(-n5nccc5C#N)ccc4C#N)cc3F)nc2C#N)c1,17.31
COC(=O)c1cc2nc(C#N)cc(-c3cc(F)cc(-c4ccc(-c5ccc(C#N)cc5)c(C#N)c4)c3)c2n1C(=O)c1ccc(C#N)cc1,37.08
CC(=O)Nc1cc(-c2ccnc3c(F)c(C#N)c(C#N)cc23)nc(-c2cc(C#N)c(C#N)c(C#N)n2)n1,25.66
Cc1c(C#N)cc(-c2nc(-c3cccc(C#N)n3)nc(N3CC4CC3C4)n2)cc1C#N,12.04
N#Cc1ccc(-c2cncc(-c3nc(-c4cnc(C#N)c(C#N)c4)nc(N4CCOCC4)n3)c2F)nc1,14.33
N#Cc1nccc(-c2ccc(-c3cc(C#N)c(-c4cnc(C#N)c(C#N)c4)nc3C(N)=O)cn2)n1,15.07
CC(C)(C#N)c1cc(-c2nnc(-c3cc(-c4ccc(C#N)cc4)cc(-c4ccc(-c5cccc(C#N)n5)cc4)n3)nc2C#N)nc(C#N)n1,20.57
CC1CCC(C(CS(=O)(=O)Cc2ccc(C#N)c(F)c2)n2nc(C#N)nc2-c2ccc(-c3ncc(C#N)cn3)c(C#N)c2)CC1,25.91
Cc1cccc(N2CCN(CC(=O)Nc3cccc(C#N)c3)CC2)c1C,21.29
N#Cc1ccc(-c2nc(-c3ccc(C#N)cc3)c(-c3cc(-c4ccc(-c5cccc(C#N)c5)cc4)cc(-c4nnn(C(=N)N)n4)n3)s2)cc1,30.39
Cn1cc(C#N)nc1-c1nccc(-c2ccc(-c3ncc(-c4nc(F)nc(N5CCOCC5)n4)cc3C#N)c(F)c2)n1,24.83
N#Cc1ccc(-c2sc(-c3ccc(-c4c(F)c(F)c(F)c(F)c4F)c(C#N)c3)nc2C(N)=O)cc1,18.23
CC(C)Oc1ncc(-c2nc(-c3ccc(-c4noc(C#N)n4)nc3)nc(N3CC4CCC(C3)O4)n2)cc1C#N,19.78
N#Cc1ccc(-c2cc(-c3ccc(C#N)cc3)nc(-c3ccnc(-c4cnc(C#N)c(C#N)c4)n3)c2)cc1,13.43
N#Cc1ccc(-c2cc(-c3ccc(-c4ccc(C#N)cn4)cc3)nc(-c3ccnc(-c4ccc(N)c(C#N)c4)n3)c2)cc1,19.93
N#Cc1ccc(Cl)cc1-c1cc(-c2ccc(-c3ccnc(Cl)n3)c(C#N)n2)cc(C#N)c1C#N,16.12
Cc1nc(C(=O)Cc2ccc(-c3ccc(C#N)cc3)cc2)sc1-c1cccc(-c2cccc(C#N)n2)n1,24.58
N#Cc1cc(-c2ncc(-c3nnc4ccc(-c5ccc(S(=O)(=O)NCCO)cc5)cn34)cc2C#N)cnc1C#N,26.0
Cc1c(C#N)cc(-c2nc(-c3cccc(C#N)n3)nc(N3CCn4cc(C#N)nc4C3)n2)nc1C#N,14.4
N#Cc1cc(-c2c3c(nc(Cc4ccc(-c5ccc(C#N)nc5)cc4)c2-c2cncc(C#N)n2)CCOC3=O)cc(C(F)F)c1,41.56
N#Cc1ccc(-c2ccc(-c3nc(-c4cccc(-c5ccc(C#N)cc5)c4)cc(-c4ccnc(C#N)c4)n3)cc2)cc1,15.3
CC(C)Oc1ncc(-c2nc(-c3ccc(Cl)cn3)nc(N3CC4CC(N)CC4C3)n2)cc1C#N,28.28
N#Cc1ccc(-c2ccc(-c3nccc(-c4cc(C#Cc5cccnc5)nc(=NC(=O)C5CC5)[nH]4)n3)cc2)nc1,40.81
CCc1nc(=Nc2cc(-c3ccc(C#N)cc3)cc(-c3nnc(C#N)c(C#N)n3)c2)c2ccc(C#N)cc2[nH]1,24.83
N#Cc1ccc(-c2ccc(-c3nn(-c4ccc(-c5ccc(OC(F)(F)F)c(C#N)c5)cc4)c4c3CCCC4)cc2C#N)cn1,25.9
COC1(C)CCN(c2nc(-c3cnc(C#N)nc3)nc(-c3cc(C#N)c(C#N)c(OC(C)C#N)n3)n2)C1,24.04
N#Cc1ccc(-c2ccc(-c3cc(C#N)nc(-c4cnn(-c5cc(-c6ccc(C#N)c(F)c6)cc(-c6ccc(F)cc6C#N)c5)c4)n3)cc2)cc1,29.01
N#Cc1ccc(-c2ccc(-c3nc(-c4ccc(C(=O)NCc5cccc(C#N)c5)cc4)nc(-c4ccc(-c5ccc(C#N)cn5)nc4)n3)cn2)nc1,19.62
Cc1nn(-c2nc(-c3cc(-c4ccc(C#N)cc4)cc(-c4nc(C#N)c(N)o4)c3)nc(-c3c[nH]c(=N)c(C#N)c3)n2)cc1CN1CC(O)C1,25.8
COc1ncc(-c2cc(-n3ccnc3)nc(-c3ncncc3C#N)c2F)c(OC)n1,27.31
CN1CCN(c2cc(-c3nc(-c4ccc(C#N)nc4)cnc3Nc3ccc4c(c3)CCCN4C)nc(C#N)n2)CC1,31.61
CN(CC(CCN1CCC2(CC1)C[S+]([O-])c1ccccc12)c1ccc(F)c(Cl)c1)S(=O)(=O)c1ccc(Cl)cc1,30.0
N#CCc1nc(-c2ccc[nH]c2=NCc2ccc3c(c2)CCO3)oc(=Nc2ccc(F)cc2C#N)n1,30.96
Cc1nc(=N)nc(-c2ccc(Oc3ccc(-c4cccc(C#N)n4)cc3)c(C#N)c2)[nH]1,19.05
N#CCc1cc(-c2cnc(-c3cnc(C#N)nc3)nc2)nc(-c2cc(C#N)c(C#N)[nH]2)n1,12.6
Cc1cc(C#N)cc(C)c1N=c1nc(C#N)cc(-c2nc(-c3cccc(C#N)n3)nc(-c3ccc(C#N)cc3)c2C#N)[nH]1,26.86
N#CCn1c(C#N)cc2cc(-c3nc4cc(-c5ccc6cc7cc(F)ccc7nc6n5)ccc4[nH]3)ccc21,35.37
N#CCCN1CCOc2c1cc(C#N)nc2-c1cccc(-c2ccc(C#N)nc2)c1,21.0
N#Cc1cc(-c2ccc(-c3ccc(C#N)c(C#N)c3)nc2)cc(-c2ccc(-n3nc(C(N)=O)cc3C#N)cn2)c1,21.47
CCOc1ccc(-c2cc(-c3cnc(-c4ccc(C#N)cc4F)c(C#N)c3)nc(C#N)n2)cn1,20.24
N#CCCn1nc(-c2cc(F)c(F)cc2C(F)(F)F)cc1C#N,22.74
COc1cc(-c2ccc(-c3ccc(C#N)c(F)c3)cc2)ccc1-n1c(=O)ccc2cc(S(=O)(=O)N=c3cc(C#N)cc[nH]3)ccc21,24.26
CN(C)c1nc(-c2cccc(-c3ccc(-c4nc(C#N)no4)c(C#N)c3)c2F)c(C#N)c(-n2nccn2)n1,31.83
N#Cc1csc(-c2nc(C#N)c(-c3cccc(-c4ccc(C#N)c(F)c4)c3)cc2C#N)n1,21.69
CC(C)c1ncc(-c2nc(-c3cccc(C#N)n3)nc(N3CCC(O)CC3)n2)cc1C#N,17.42
N#CCc1cc(C#N)nc(-c2nc(-c3cnc(C(N)=O)c(C#N)c3)nc(N3CCOCC3)n2)c1,19.59
N#Cc1ccc(-c2cc(-c3cn(-c4cc(C#N)cc(-c5cc(C#N)nc(C#N)n5)c4)nn3)nc(-c3ccc(C#N)c(C#N)c3)n2)cc1,22.9
CC(C)(O)c1ncc(-c2nc(-c3nc(C#N)ccc3C#N)nc(N3CC4CC3C4)n2)cc1C#N,10.3
Cn1c(C#N)ccc1-c1cccc(-c2nc(-c3ccc(-c4ccc(C#N)c(F)c4)cc3)nc(-c3cc(C#N)c(C#N)cc3C=Cc3cccc(C#N)c3)n2)c1,24.57
N#Cc1ccc(-c2nc(-c3cc(C#N)c(C#N)[nH]3)nc(N3CC4CC3C4)n2)cn1,11.78
CN1C2CC3CC(C2)N(c2nc(-c4cnc(C=NO)c(C#N)c4)nc(-c4cccc(C#N)n4)n2)C1C3,24.08
COc1cc(C=Nn2cnnc2-c2cc(-c3ccc(C#N)cc3)nc(-c3ccc(C#N)cc3)c2)cc(OC)c1OC,19.65
N#Cc1ccc(-c2ccc(-c3nc(-c4cccc(C#N)n4)cc(-c4cc(-c5ccc(C#N)cc5)cc(-c5ccc(C#N)cc5)n4)n3)nc2)cc1,14.1
CC(=O)N1CCCC1C(=O)N1CCC(c2cc(-c3ccc(F)cc3C#N)nc(-c3cc(C#N)c(C#N)c(C#N)n3)n2)CC1,24.84
N#Cc1cc(-c2ccc(C#N)c(C#N)c2)nc(Oc2ccc(F)c(F)c2F)n1,17.79
CCc1cc(-c2cnc(-c3ccc(-c4ccc(C#N)[nH]4)nc3)o2)nc(-c2cc(C#N)c(C#N)[nH]2)n1,31.63
N#Cc1ccc(-c2nc3c(C#N)c(-c4ccc(C#N)c(C#N)c4)cc(-c4cc(C#N)ccn4)n3n2)cc1,23.42
N#Cc1ccc(-c2c(F)cc(-c3nc(-c4cc(C#N)c(C#N)[nH]4)nc(N4CCC(F)C4)n3)c(F)c2F)[nH]1,21.74
N#Cc1cc(F)cc(C(=O)N2CCN(c3ccc(F)c(F)c3)C(=O)C2)c1,27.64
N#Cc1ccc(-c2cc(-c3ccc(-c4cnc(C#N)nc4)nc3)nc(-c3cccc(C#N)n3)c2)cc1,19.3
CC(C)(C#N)n1cc(-c2cc(-c3cccc(C#N)c3)nc(-c3cccc(C#N)n3)n2)cn1,19.56
N#Cc1ccc(-c2cc(-c3ccc(C#N)cc3)nc(-c3cc(-c4cccc(C#N)n4)nc(-c4ccc(-c5ccc(C#N)cn5)nc4)n3)c2)cc1,11.76
N#Cc1ccc(-c2ccc(Cn3nc(C#N)n(-c4ccc(-c5ccnc(C#N)c5)cn4)c3=O)c(F)c2)cc1,20.2
N#Cc1ccc(-c2ccc(-c3nc(-c4ccc(-c5ccc(C#N)nc5)nc4)n(-c4cc(C#N)c(C#N)cc4Cl)n3)nc2)cc1,18.42
N#Cc1ccc(-c2ccc(-c3cc(-c4cc(-c5ccc(C#N)cc5)cc(-c5nc(C#N)c(N)n5C#N)n4)nc(-c4ccc(-c5ccc(C#N)cc5)cc4)n3)cc2)cc1,18.02
N#Cc1ccc(-c2ncc(CNc3ncc(F)c(-n4nccc4C#N)n3)cc2C#N)cn1,18.15
Cc1ncc(-c2nc(-c3cccc(C#N)n3)nc(N3CCC(F)C3)n2)cc1C#N,12.3
N#Cc1ccc2c(c1)C(Cc1[nH]c3cc(F)c(F)cc3c1C#N)(c1ccnc(-c3ccnc(C#N)c3)c1)C(=O)N2,36.33
COC1CN(c2cc(NS(C)(=O)=O)nc3c(-c4ccc(C#N)[nH]4)nc(C#N)nc23)CCC1C#N,40.71
Cc1c(-c2nc(-c3ccc(C#N)cc3)nc(-c3ccc(-c4ccc(C#N)c(C#N)c4)cc3)n2)cc(C#N)cc1-n1cccc1C#N,22.66
N#Cc1nn(-c2ccc(OCCO)cc2)c2c1CCN(c1ccc(-n3ccc(C(F)(F)F)n3)cn1)C2=O,34.02
N#Cc1ccc(-c2ncc(-c3nc(C#N)nn3C(c3cc(F)c(C#N)c(F)c3)C3CCC3)cc2C#N)cn1,20.52
CCc1nc(-c2ccc(C#N)c(C#N)c2)c(C#N)cc1-c1ccc(-c2nc(C#N)ccc2C#N)cc1,17.58
Cc1cc(C#N)cc(-c2cnc(-c3ccc(C#N)cn3)c(C#N)c2)c1C#N,18.4
COc1c(F)c(F)c(F)c(C#N)c1F,15.17
COC(=O)NC1CCC(C#N)C(n2cc(C(N)=O)c(=Nc3ccnc(F)c3)[nH]2)C1,23.83
CC(C)n1nc(-c2cccc(C#N)n2)nc1-c1cnc(C(=O)c2cc(F)cc(-c3cc(C4CC4)nc(C#N)n3)c2)c(C#N)c1,21.09
N#Cc1ccc(-c2ccc3c(-c4ccc(OC5CC5)c(C#N)c4)nc(-c4cnc(C5CCCN5)c(C#N)c4)nc3c2)cc1,31.22
N#Cc1ccc(-c2cc(-c3ccsc3)nc(-c3cc(-c4ccc(F)nc4)cnc3-c3ccc(C#N)cc3)c2)cc1,27.44
Cc1nc(-c2ccc(C3CCN(Cc4nccn4-c4csc(=Nc5cc(-c6ccc(C#N)nc6)cc(-c6ccc(C#N)nc6)c5)[nH]4)CC3)cc2Cl)no1,55.49
CCC(O)(c1cccnc1)c1nc(-c2cnc(-c3cnc(C#N)c(C#N)c3)c(C#N)n2)c(-c2ccc(C#N)cn2)[nH]1,28.35
N#Cc1ccc(-c2cc(-c3cc(-c4cccc(F)c4C#N)nc(C#N)n3)ccc2C#N)cc1,16.79
CC(C)Oc1ncc(-c2nc(-c3nc(C#N)ccc3C#N)nc(N3CC(OCC(F)(F)F)CC3C)n2)cc1C#N,14.79
N#Cc1ccc(-c2nc(-c3cc(F)cc(C#N)c3)cc(-c3cc(-c4ccc(-c5cnc(F)c(C#N)n5)nc4)ccc3C#N)n2)cc1,20.52
N#Cc1cc(-c2nc(-c3cnc(-c4ccc(F)cc4)c(C#N)c3)nc(N3CCC4CCCCC43)n2)cnc1C#N,17.9
Cc1noc(-c2ccc(-c3nc(-c4ccc(-c5cccc(C#N)n5)cc4)c(-c4c[nH]c(=N)c(C#N)n4)cc3C#N)cc2C#N)n1,21.91
N#Cc1cc(-c2nc(-c3ccc(F)c(C#N)n3)cc(N3CC4(COC4)C3)n2)nc(N=c2cc[nH][nH]2)c1C#N,27.12
N#Cc1ccc(-c2ncc(-c3ccc(-c4cnc(N)c(C#N)n4)nc3)cc2C#N)cc1,11.27
N#Cc1ccc(-c2ccc(-c3nnc(-c4ccc(-c5cccc(C#N)n5)cn4)nc3-c3ccc(C#N)cc3)c(F)c2F)cc1,24.45
N#Cc1ccc(-c2ccc(-c3nc(-c4cnc(-c5ccc(C#N)cc5)c(C#N)c4)nc(-c4c[nH]c(=N)c(C#N)c4)n3)cc2C#N)cc1,14.43
N#Cc1cc(-c2ccc(C3(C4=NCCN4)Oc4cccnc4-c4ccc(-c5cnc(C#N)c(C#N)n5)cc43)cc2)cnc1C#N,37.28
COc1cc(-c2ccc(-c3csc(C#N)c3)cc2)c(C#N)cc1-n1cnc(-c2ccc(C#N)c(C#N)c2)n1,23.29
CC(C)CN1C(=O)CSC1=C(C#N)c1ccc(-c2cc(-c3ccc(C#N)cc3)nc(-c3ccc(-c4ccc(C#N)cc4)cc3)c2)cc1C#N,27.28
Cc1nc(C#N)c(C#N)nc1-c1sc(-c2cc(C#N)nc(-c3ccc(-c4cccnc4)nc3)c2)cc1C#N,21.69
C[n+]1ncc(-c2cc(-c3ccc(-c4ccc(C#N)cc4)cc3)n3ccc(C#N)cc23)nc1-c1ccc(-c2ccc(-c3ccc(C#N)cc3)cc2)cc1,31.32
N#Cc1ccc(-c2cc(C#N)nc(-c3cc(-c4c[nH]c(C#N)nc4=NC4CC(CO)C(O)C4O)cnc3-c3ccc(-c4cccc(C#N)n4)cc3)c2)cc1,29.56
N#Cc1ccc(-c2nc(C#N)nc(-c3cc(C#N)c(C#N)c(C#N)n3)n2)cc1,11.06
N#Cc1ccc(-c2cc(-c3ccc(-c4ccc(C#N)c(C#N)c4)c(C#N)c3)nc(-c3ccc(-c4cccc(C#N)n4)c(Cl)c3)n2)cn1,24.41
N#Cc1cccc(-c2cc(-c3c(F)ccc(-c4c[nH]c(=N)cn4)c3F)nc(-c3cnc(N)c(C#N)n3)n2)c1,23.64
COc1nc(C#N)c(C#N)nc1-c1ccc(-c2cc(C#N)ccc2-c2ccc(-c3cnc(-c4ccc(C#N)c(C#N)c4)c(C#N)c3)cc2)n1CCF,27.88
Cc1sc(C#N)cc1-c1nc(-c2ccc(C#N)cc2)c(C#N)c(-c2nc(-c3ccc(F)cc3)c(-c3ccc(-c4cnc(OC(F)(F)F)c(C#N)n4)cc3)n2C)n1,49.97
N#Cc1ccc(C#N)c(-c2ccc3c(c2)CCc2ccc(N=c4cc(-c5cc(-c6nc(C#N)c(N)o6)nc(N6CCOCC6)n5)cc[nH]4)cc2C3=O)c1,35.6
CN(Cc1ccc(C#N)cc1)Cc1ccc(-c2cc3[nH]cc(C#N)c(=Nc4ccc(F)c(C#N)c4)c3cc2C#N)cc1,27.86
CS(=O)(=O)NCCc1cc(-c2ccc(C#N)cc2)nc2c(NC(=O)c3ccc(-c4cccc(C#N)c4)cc3)cc(OC(F)(F)F)cc12,37.97
Cc1ncc(-c2nc(CCc3nc(C#N)cc(-c4ccc(C#N)cc4)n3)nc(-c3nc(C#N)ccc3C#N)n2)cc1C#N,14.48
N#CSc1nc(-c2ccc(-c3ccc(-c4ccc(C#N)cc4)c(C#N)c3)c(C#N)c2)oc1Sc1nccc(Cl)n1,29.03
C#CC(C)(C)Nc1c(F)cc(-c2nc(-c3ccc(-c4ccc(C#N)cc4)cc3)nc(-c3ccc(-c4nnco4)c(C#N)c3)n2)cc1C#N,19.36
CN(C(=O)Nc1ccc(-c2nc(C#N)nc(-c3ccc(C#N)cc3)n2)cc1F)c1ccnc(C#N)n1,26.43
N#Cc1nccc(-c2nc(-c3cnc(C#N)c(C#N)c3)nc(N3CCC(F)(F)C3)n2)n1,11.51
CCCn1cc(-c2cc3c(cn2)c(C#N)nn3-c2cc(C#N)cc(-n3nccc3C#N)n2)cn1,22.68
Cc1nc(-c2ccc(-n3c(O)c(O)c(C(=O)c4ccc(C#N)cc4)c3-c3ccnc(Br)c3)cc2)no1,20.76
N#Cc1cccc(-c2ccc(-c3ccc(C#Cc4csc(C#N)n4)cc3)cn2)n1,17.96
N#Cc1ccc(-c2ccc(-c3cc(-c4ccc(-c5ccc(C#N)nc5)nc4)nn3-c3ccc(-c4ccc(C#N)cc4)c(C#N)c3)cc2)cc1,19.95
N#Cc1ccc(-c2cc(-c3ccc(-c4cc(F)cc(C#N)c4)c(C#N)n3)cc(-n3cnc(-c4cccc(C#N)n4)n3)n2)cc1,25.44
N#Cc1ccc(-c2nc(-c3ccc(C(F)C(F)c4ncc(-c5ccc(C#N)cn5)o4)c(C#N)c3)ncc2-c2ccccn2)cc1,35.81
N#Cc1ccc(-c2nc(C#N)c(C#N)nc2-c2ccc(Cn3cc(-c4ccc(C#N)c(C(F)(F)F)c4)nn3)cc2)cc1,27.84
N#Cc1ccc(C#Cc2cnc(-c3cnc(C#N)c(-n4ccnc4C#N)c3)c(C#N)c2)s1,25.99
N#Cc1ccc(-c2ccc(-c3nccc(Sc4nnc(-c5ccc(C#N)cc5)n4-c4ccc(Cl)cc4)n3)cc2)cc1,21.74
N#Cc1ccc(-c2nccc(-c3cccc(-c4ccc(-c5nc(C#N)c(N)o5)cc4)c3)n2)cc1,20.37
N#Cc1ccc(-c2cc(-c3ccsc3)cc(-c3cc(C#N)c(C#N)c(C#N)n3)n2)o1,21.38
COc1nc(F)nc(-c2cc(Cc3nc(C#N)cc4ncnn34)cc(-c3cnc(N)c(C#N)c3)c2)c1C#N,39.5
N#Cc1ccc(-c2ccc(-c3cc(-c4ccc(-c5cnc(C#N)o5)c(C#N)c4)nc(Cl)n3)cn2)cc1,21.33
N#Cc1ccc(-c2cc(-c3ccc(C#N)cc3)c(C#N)c(-c3ccc(NC(N)=Nc4ccc(F)cc4)cc3)n2)cc1,22.75
Cc1ccc(-n2c(O)ccc2O)cc1C(=O)Nc1cccc(C#N)c1,18.66
N#Cc1ccc(-c2ccc(-c3nc(-c4ccc(-c5cc(N)c(C#N)c(C#N)n5)nc4)c(-c4cncc(-c5ccc(C#N)cc5)n4)n3CCOCCO)cc2)cc1,30.15
N#CCc1[nH]c(-c2nc(-c3ccc(C#N)nc3)nc(-c3cnc(C#N)c(C#N)c3)n2)cc1C#N,12.77
N#Cc1ccc(-c2cc(C#N)c(C#N)cc2-c2ccc(-c3ncc(N)c(C#N)n3)c(F)c2)cc1,19.98
N#Cc1ccc(-c2ncc(-c3ccc(-c4ccc(C#N)cc4-c4ccc(N)c(C#N)n4)cc3)cc2C#N)cc1,15.95
N#CCc1ncc(-c2nc(-c3ccc(C#N)cc3)cc(N3CCC(c4cc(F)c(F)cc4F)CC3)n2)cc1C#N,16.78
N#Cc1ccc(-c2ccc(C#N)c(-c3ccc(-c4nc(C#N)c[nH]4)cc3C#N)c2)nc1,16.76
CCn1cc(C2CCN(c3nc(-c4ccc(-c5cnc(C#N)c(C#N)n5)nc4)c(C#N)c(-c4ccc(-c5ccc(F)c(C#N)c5)c(C#N)c4)n3)C2)cc(C#N)c1=O,34.48
N#Cc1ccc(-c2nc(-c3cccc(C#N)c3)nc3c2CN(C(=O)Nc2cccnc2)CC3)cc1,24.4
Cn1cncc1C(c1ccc(C#N)nc1)c1cc(-c2ccc(C#N)cc2)cc(-c2cc(C#N)cc(-c3cccc(C#N)n3)c2)c1,28.21
N#Cc1nc(-c2cnc(-c3ccc(F)c(Cl)c3)c(C#N)c2)c(-c2ccc(-c3ccc(C#N)c(C#N)c3)cc2)[nH]1,27.04
Cc1cc(-c2ccc(C#N)n2-c2ccc(-c3cccc(C#N)c3)cc2)nc(-c2ccc(-c3ccc(C#N)cn3)nc2)n1,23.03
CCc1nc(-c2cnc(C#N)c(C#N)c2)nc(-c2ccc(-c3ccc(C#N)nc3)cc2)c1-c1nnn(C)n1,24.75
N#CCOc1nc(-c2ccc(C#N)cc2)nc(-c2ccc(-c3nc(-c4ccc(-c5ccc(C#N)cc5)cc4)n(CCF)c3-c3ccc4c(c3)c(C#N)cn4-c3cccc(F)c3F)cc2)n1,34.63
Cc1cc(-c2cc(Cl)c(-c3ccc(-c4ccc(C#N)nc4)c(C#N)c3)c(S(=O)(=O)c3ccc(F)c(C#N)c3)c2)nc(C#N)n1,30.47
N#Cc1ccc(-c2nc(-c3ccc(-c4cnc(C#N)nc4)c(C#N)n3)c(-c3ccc(-c4nnco4)c(C#N)c3)o2)cn1,26.16
N#Cc1ccc(-c2ncc(-c3ccc(-c4cnc(C#N)c(C#N)c4)nc3)cc2C#N)cc1,10.37
N#Cc1cc(-c2nc(-c3cccnc3C(F)(F)F)nc(N3CC4CC3CO4)n2)cc(F)c1C#N,22.54
N#CCn1cc(-c2cc(-c3nc(-c4cnc(C#N)c(C#N)c4)nc(C4CCC4)n3)ccc2C#N)cn1,18.95
COCc1ccn(-c2cnc(-c3cc(-c4ccc(C#N)nc4)nc(-c4ccc(Cl)c(C#N)c4)n3)c(C#N)c2)n1,26.53
Cc1ncc(-c2cc(C(=O)NCc3ccncc3)nc(-c3cccc(C#N)n3)n2)cc1C#N,17.15
COc1ccc(C=C(C#N)c2nc(-c3cccs3)cs2)cc1C#N,24.27
COc1ccccc1-n1ccc(-c2ccc(-c3nc(C#N)c(C#N)nc3C#CC#N)cc2)cc1=O,28.51
N#Cc1ccc(-c2[nH]c(C3CC3)nc2-c2ccc(-c3cnc(-c4ccc(C#N)c(C#N)c4)c(C#N)n3)nc2C#N)cc1F,18.6
CNc1nnc(-c2ccc(-c3cnc(-c4cnc(-c5ccno5)c(C#N)c4)c(C#N)c3)cc2F)nc1C#N,17.47
CC(C)Oc1ncc(-c2nc(-c3cccc(C#N)n3)nc(N3CC4CCC(C3)O4)n2)cc1C#N,13.84
N#Cc1ccc(-c2nccc(-c3ccc4cccc(-c5cccc(OCc6ccccc6)c5)c4n3)n2)cc1,25.28
N#Cc1ccc(-c2ncc(-c3ccc(-n4[nH]c(C5CCc6ccccc6C5=O)cc4=O)cc3)cc2C#N)cc1F,37.18
N#Cc1ccc(-c2c(C#N)cc3c(c2C#N)CCCC3)cc1,15.16
CN(C)c1ccc2[nH]c(C#N)c(C=Cc3cnc(N(C)C)c(C#N)n3)c2c1,23.65
Cn1c(-c2ccc(-c3cccc(C#N)n3)cc2)nc(-c2ccc(C#N)cc2)c1-c1cccc(C#N)c1C#N,20.49
N#Cc1ccc(-c2ccc(-c3cc(-c4c(F)c(F)c(C#N)c(F)c4F)cc(-c4ccc(-c5ccc(F)c(F)c5)cn4)n3)cn2)nc1,18.9
N#Cc1cccc(-c2cc(N3CCOCC3)nc(-c3ccc(C(=O)c4cc(C#N)c(C#N)nc4C(F)(F)F)c(C#N)c3)n2)n1,23.57
N#Cc1ccc(-c2cc(-c3ccccn3)nc(-c3ccc(-c4nc(C#N)ccc4C#N)cc3)n2)cc1,18.46
Cc1ccc(-c2ccc(C#N)cn2)cc1C(=O)c1ncc(-c2nc(C3CNC3)cc(N3CCOCC3C)n2)cc1C#N,34.31
N#Cc1ccc(-c2cc(-c3cccs3)nc3c2C(=O)c2ccccc2-3)cc1,20.39
N#Cc1ccc(-c2ccc(-c3cc(C#N)nn(-c4ccc(F)c(-c5nc(C#N)c(NC(=O)c6ccccc6)o5)c4)c3=O)cc2C#N)cc1,35.57
N#Cc1cc(-n2nccc2C#N)cc(-c2cnc(-c3ccc(C#N)c(F)c3)c(C#N)c2)n1,13.32
N#Cc1ccc(-c2cc(-c3nc(=N)c(C#N)c(-c4cccc(-c5ccc(C#N)c(C#N)c5)c4F)[nH]3)cs2)cc1,24.8
COc1cc(F)cc(-c2ccc(-c3cc(C#N)nc(-c4nc(-c5ccc(-c6ccc(C#N)cc6)nc5)n(C)n4)c3)cc2)c1,22.89
N#Cc1ccc(-c2ccc(-c3nc(-c4ccc(-c5cccc(-c6ccc(C#N)cc6)n5)cc4)c(-c4ccc(C#N)c(C#N)c4)n3CC(O)CO)cc2)cc1,18.12
CC(C)n1c(-c2cc(-c3cccc(-c4ncccc4C#N)c3)cc(-c3ccc(-c4ccc(C#N)cc4)nc3)n2)nc(C#N)c1N1CCc2ccc(C#N)cc2C1,35.24
N#Cc1ccc(-c2ccc(-c3nc(C#Cc4ccccc4C#N)cc(-c4cc(-c5cccc(C#N)n5)nc(-c5ccc(NCc6ccccc6)c(C#N)n5)n4)n3)cc2C#N)cc1,28.16
CCCCNCc1cc(-c2ccc(OCCCCCOc3cccc(NC(=O)C(N)Cc4cccc(C#N)c4)c3)cc2)cc(-c2ccc(-c3ccc(C#N)cc3)c(N)c2)c1O,50.82
COc1[nH]c(=Nc2ccc(F)c(-c3nc(-c4cnc(C#N)c(C#N)c4)nc(N4CCC(C#N)CC4)n3)c2F)ccc1C#N,18.1
N#Cc1cc(C#N)cc(OC(c2ccc(F)cc2)c2ccc(-c3ccc(C#N)nc3)cc2)c1,25.93
COC(=O)Nc1ccccc1-c1nc(-c2ccc(-c3ccc(C#N)cn3)nc2)nc(-c2ccc(-c3cc(C#N)c(C#N)c(C#N)c3C)nc2)n1,31.67
N#Cc1ccc(-c2cc(-c3ccncc3)nc(-c3ncc[nH]c3=N)c2)cc1,15.66
N#CCC(C(=O)Nc1cccn(Cc2ccc(-c3cc(C#N)c(-c4ccc(C#N)cc4)o3)cc2)c1=O)c1ccc(-c2cccc(F)c2F)c(F)c1,44.73
N#Cc1cccc(-n2nc(C#N)c3cc(-c4ccc(-c5ccnc(C#N)n5)cc4)ccc32)c1,18.97
N#Cc1ccc(-c2ccc(-c3nc(C(=O)NCc4ccc(F)c(F)c4F)nn3-c3ccc(-c4ccc(N)c(C#N)n4)cc3)cc2)cn1,26.17
N#Cc1cncc(-c2ncc(-c3cnc(C#N)nc3C#Cc3ccc(=N)[nH]c3)cc2C#N)c1,23.16
N#Cc1ccc(-c2nc(=Nc3ccc(-c4ccnc(C#N)c4)cc3)[nH]c3cc4ccccn4c23)cc1,33.15
N#Cc1ccc(-c2ccc(-c3nc(-c4ccc(C#N)c(C#N)c4)nc(-c4cc(-n5ncc(-c6ccccc6C#N)n5)ccc4C#N)c3C#N)cc2)cc1,31.81
CNc1cnc(-c2cnc(-c3ccnc(N4CCN(CCN(C)C)CC4)n3)c(-c3ccc(C#N)cc3)c2)nc1C#N,22.09
N#Cc1nnc(-c2nc(C(F)(F)F)c(-c3ncn(-c4ccc(-c5cnccc5C#N)cc4F)n3)cc2C#N)o1,26.48
Cn1nc(-c2ccc(C#N)n2C)cc1-c1cc(-c2cnc(C#N)c(C#N)c2)nc(-c2cccc(C#N)n2)n1,18.22
CC(Oc1ncc(-c2nc(-c3nc(C#N)ccc3C#N)nc(N3CCOCC3C)n2)cc1C#N)c1cc(C#N)cc(C(F)(F)F)c1,17.94
N#Cc1ccc(-c2nnc(-c3ccc(-c4ccc(-n5c(-c6ccc(Br)cc6)nc(-c6ccc(C#N)cc6)c5C#N)cc4)c(C#N)n3)s2)cc1,27.4
COCc1nc2cc(C#N)c(OC)nc2c2c(C#N)c(-c3ccc(C#N)cn3)cn12,31.73
N#CCC=c1ccc(=C(C#N)C#N)cn1,13.42
N#Cc1ccc(-c2ccc(-c3nc(-c4cccc(-c5cc(-c6ccc(C#N)cc6)c(C#N)cc5-c5ccc(C#N)cc5)c4)cc(-c4cccc(C#N)n4)n3)cn2)cc1,28.55
N#Cc1cc(-c2ccc(-c3cc(F)c(F)c(C#N)c3C#N)cc2)cc(F)c1C#N,19.42
CC1(C)Nc2c(C#N)c(-c3ccc(-c4cccc(F)c4)cc3)cc(=O)n2CC1O,30.93
N#Cc1ccc(-n2cccc2C#N)cc1C(F)(F)F,16.8
N#Cc1ccc(-c2cc(-c3ccc(-c4ccc(F)c(C#N)c4)nc3)nc(-c3ccc(-c4ccc(C#N)cc4)nn3)c2)cc1,14.95
N#CCn1c(-c2cc(C#N)c(C3CC3)nc2CCc2ccc3ncccc3c2)nc(C#N)c1-c1cccnc1,26.19
Cc1c2c(nn1-c1ccc(-c3cc(-c4cccc(O)c4)nn(-c4ccc(F)c(C#N)c4)c3=O)c(Cl)c1)CC(C)(C)C(=O)N2,45.7
N#Cc1cc(-c2cn(-c3ccc(-c4ccc(C#N)c(C#N)n4)cc3)c(-c3ccc4nccnc4c3)n2)ccc1F,31.98
Cc1ccccc1-c1ccc(-c2nc(C#N)c(N)c3ncn(Cc4ccc(-c5ccc(C#N)cc5)cc4)c23)cc1,27.81
N#Cc1ccc(-c2nc(-c3ccc(Cl)cc3)cc(-c3cccc(-c4ccc(-c5nc(Cl)nc(C#N)c5C#N)c(F)c4)n3)n2)cc1,23.7
CCn1nc(-c2ccc(-c3nc(-c4nccc(C#N)n4)nc(-c4cc(C#N)c(C#N)[nH]4)n3)cc2)nc1C(F)(F)F,24.55
CC1N(c2nc(-c3cnc(C(F)(F)F)c(C#N)c3)nc(-c3cc(C#N)c(C#N)c(C#N)n3)n2)CC1(C)C#N,23.56
CC(C)Oc1ncc(-c2nnc(-c3ccccc3C#N)n2C)cc1C#N,15.87
CNC(=O)c1cc(OC)c(C#N)c(-c2ccc(-c3ccc(C#N)c(C#N)c3)c(C#N)c2)n1,24.07
CCC1C(=O)N(C)CCN1c1cc(-c2cnc(F)c(C#N)c2C)nc(-c2cnc(C#N)c(C#N)c2)n1,21.83
CC1COCCN1c1nc(-c2cncc(C#N)c2)nc(-c2cnc(OC(Cn3cncn3)c3ccc(C#N)cc3)c(C#N)c2)n1,25.11
CC(=O)c1nn(-c2ccc(F)cc2)c2c(C#N)nc(-c3cccc(-c4cc(C#N)c(C#N)cc4C#N)c3)cc12,31.7
N#Cc1ccc(-c2ncc(-c3nccn3CC(F)(F)F)cc2C#N)cc1F,21.52
N#Cc1nc(-c2cc(-c3ccc(C#N)c(Cl)c3)cc(-c3cc(C#N)c(C#N)cc3C#N)c2)co1,27.17
N#Cc1cccc(-c2nc(C#N)c(C#N)nc2-c2ccccn2)n1,20.21
N#Cc1ccc(-c2ccc(-c3c(C#N)cn(Cc4ccc(F)cc4)c(=O)c3C#N)cc2)cc1,17.33
N#Cc1ccc(-c2nc(-c3sc(-c4ccc(-c5ccc(F)cc5)c(C#N)c4)nc3C(F)(F)F)cc(-n3cncn3)n2)cc1,23.53
N#CCNCCn1nc(-c2cncc(-c3c(F)c(F)c(F)c(F)c3F)c2)nc1-c1cc(F)c(C#N)c(C#N)c1,22.23
N#Cc1ccc(-c2nc(-c3ccc(C#N)nc3)nc(-c3cc(-n4nccc4C#N)nc(-c4ccc(F)cc4Cl)n3)c2C#N)nc1,26.04
N#Cc1ccc(-c2ccc(-c3nc(C#N)ccc3-c3nc(-c4cc(C#N)c(C#N)c5c(C#N)cn(C#N)c45)ncc(=S)n3)cc2)cc1,34.83
N#Cc1ccc(-c2ccc(-c3ncc(C#N)nc3-c3nnn(-c4cc(C#N)c(-c5ccc(C#N)c(C#N)c5)cc4C#N)n3)cc2)cc1,25.35
N#Cc1ccc(-c2cccc(-c3nc(C#N)c(C#N)c(N4CCC(NC(=O)c5cc(C#N)cc(-c6ccc(F)cc6)n5)CC4)n3)c2)cc1,30.37
CNC(=O)c1cc(-c2ccc(-c3cc(C#N)nc(-c4cc(C#N)c(C#N)c(C#N)c4)n3)n2C)c(C#N)c(N)n1,24.29
N#Cc1cc(-c2cc(-c3ccc(-c4ccc(C#N)c(C#N)n4)nc3)nc(-c3ncc(-c4nc(Cl)ncc4C#N)s3)c2)ccn1,29.38
N#Cc1cc(-c2cc(N3CC4CC3CO4)nc(Cl)n2)cnc1-c1cccc(F)n1,18.9
COC1CCN(c2nc(-c3ccc(F)c(C4(C)CCC4)c3)nc(-c3cc(F)c(-c4ccc(C#N)c(C#N)c4)c(C#N)n3)n2)CC1(C)C,36.06
N#Cc1ccc(-c2ccc3c(c2)C(=O)c2ccc(Nc4ccc(-c5c(F)c(F)c(F)c(F)c5F)c(F)c4F)cc2C3=O)cn1,22.04
N#Cc1ccc(-c2nc(-c3ccnc4[nH]c(-c5ccc(C6=NCCN6)cc5)cc34)[nH]c2C#N)cc1C#N,30.54
N#Cc1nc(C#Cc2ccccc2)cc(C#Cc2ccc3c(c2)C(=O)N(C2COCC2O)C3)n1,25.0
N#Cc1cccc(-c2cc3c(-c4cc(-c5ccc(C#N)nc5)cc(-c5nc(NC6CCCNC6)cc(=Nc6cccc(N)c6)[nH]5)n4)c[nH]c3nc2C#N)c1,46.77
N#Cc1cccc(-c2cc(-c3ccc(C#N)nc3)nc(-c3nc(-c4cnc(C#N)c(C#N)c4)nc(N4CC5CC4CO5)n3)c2)c1,25.78
N#Cc1ccc(-c2cccc(-c3cc(C#N)nc(=Nc4cnc(C#N)c(C#N)c4)[nH]3)c2)cc1,13.93
N#Cc1ccc(-c2ccc(-c3nc(-c4ccc(C#N)cc4)cc(-c4cc(Cl)c(-c5nc(-c6ccc(C#N)cc6)nc(-c6ccc(-c7ccc(C#N)cc7)cc6)n5)cn4)n3)cc2)cc1,20.8
Cc1nc(-c2nc(C3CCN(c4nc(-c5ccc(F)c(C#N)c5)nc(-c5cnc(C#N)c(C#N)c5)n4)CC3)cc(OC3CC3)c2F)cc(C#N)c1F,25.03
N#Cc1cc(-c2ccc(OCc3cc(-c4cccc(C#N)n4)cc(-c4cc(C(F)(F)F)ccc4C#N)c3)c(C#N)c2)cc(C#N)n1,25.14
N#Cc1cccc(-c2ncc(-c3cnccn3)cc2-c2nc(-c3ccc(-c4cccc(F)c4)nc3)c(C#N)c(=N)[nH]2)n1,31.34
N#Cc1ccc(-c2nc(-c3ccc(-c4ccc(C#N)c(C#N)c4)cc3)nc(-c3ccc(-n4cccc4C#N)cc3)n2)cc1,13.88
CN(C)c1ccc(-c2c(-c3ccc(-c4ccc(C#N)cc4)cn3)nc(-c3ccc(-c4cccc(C#N)n4)cc3)n2C)cc1,18.2
CC(CC#N)Oc1ncc(-c2nc(-c3cccc(C#N)c3)nc(N3CC4CC5C4CC53)n2)cc1C#N,27.74
CN1CCC(S(=O)(=O)Nc2cc(-c3nc(C#N)cc(-c4cc(C#N)c(C#N)c(NC(=O)c5nc(C#N)cn5C)c4)n3)ccc2C#N)CC1,33.16
CC(C)Oc1ncc(-c2cc(-c3cnc(C#N)c(C#N)c3)nc(-c3cc(C4CCOC4)cc(C#N)n3)n2)cc1C#N,18.02
N#Cc1ccc(-c2cc(C#Cc3ccccn3)nc(C#N)n2)cc1,17.82
N#Cc1ccc(-c2nc(C3CC3)c(-c3ccnc(-c4c(F)c(C#N)c(N)c5c4OCCO5)n3)cc2C#N)cc1F,29.43
N#Cc1ccnc(-c2cccc(-c3cccc(-c4cnc(-c5ccc(CNC(=O)C6CCCN6)c(C#N)c5)nc4)c3)c2)n1,26.98
N#Cc1ccc(-c2cccc(-c3ccc(-c4nc(C#N)c(=N)[nH]c4NCc4ccc(-c5ccc(C#N)c(C#N)c5)cc4)nc3)c2)cn1,29.13
N#Cc1cc(-c2nc(C3=NCC(C#N)O3)c(-c3ccc(-c4cccc(OCCO)n4)c(F)c3F)cc2C#N)ccc1Cl,33.76
CC(=O)Nc1cnc(C#N)nc1-c1ccc(-c2ccnc3cc(-n4cccc4C#N)ccc23)cc1,26.73
N=c1c2c([nH]c3cc(Cl)ccc13)CCC2,20.87
Cc1nc(-c2cnc(-c3ccc(S(C)(=O)=O)nc3)c(-c3cc(-c4ccc(C#N)cc4)c(F)c(F)c3C(F)(F)F)c2)ccc1C#N,34.74
CC(C)N=c1[nH]c(CO)c(C#N)cc1-c1nc(C#N)nc(-c2cccc(C#N)n2)n1,13.05
N#Cc1ccc(-c2ccc(-c3ncc(-c4ccc5c(c4)OCO5)c(-c4cnc(C#N)c(C#N)c4)n3)cn2)cc1,20.41
N#Cc1ccc(CCNC(=O)c2ccc[nH]c2=Nc2ccc(Br)cc2F)cc1,35.33
N#Cc1ccc(-c2nc(C#N)c(C#N)nc2-c2cc(F)c(-c3cc(-c4ccnc(C#N)c4)cc(-n4nc(C(F)(F)F)cc4C#N)c3)cc2F)cc1,21.13
N#Cc1cc(-c2ccc(-c3cccn(-c4cc(-c5ccnc(Cl)n5)cc(N)c4C#N)c3=O)cn2)ccc1F,27.14
N#Cc1cc(-c2cnc(-c3ccc(C#N)c(F)c3)c(C#N)c2)cc(-n2nccc2C#N)c1,11.83
Cc1nc(-c2cccc(C#N)c2)ccc1CNc1c(C#N)nc(-c2cccc(-c3cccc(C#N)c3)c2)n1CCCN(C)C,28.86
N#Cc1ccc(-c2nccc(C#Cc3ccc(-c4cc(C#N)c(-c5ccc(C#N)c(C#N)n5)c(F)c4F)cc3)n2)cn1,31.75
Cc1cc(-c2cc(C#N)nc(-c3ccc(-c4nc(C)no4)c(C#N)c3)c2)nc(-c2ccc(-c3ccc(F)c(C#N)c3)nc2)n1,19.15
C=CC(=O)Nc1ccc(-c2nc(-c3ccc(C#N)c(-c4ccc(C#N)cc4)n3)cc(C3CCC3)n2)cc1C#N,17.89
CCCNS(=O)(=O)c1ccc(C#N)c(-c2ccc(-c3ccc(-c4nc(Cl)nc(Cl)n4)cc3)c(C#N)c2)c1,26.49
CC1COCCN1c1nc(-c2ccc(F)c(C#N)c2)nc(-c2cnc(CC#N)c(C#N)c2)n1,16.05
N#CCNC(=O)c1ccc(C(=O)Cn2c(-c3ccc(-c4ccc(C#N)cc4)cc3)nc(-c3ccc(-c4ccc(C#N)c(-c5ccc(C#N)cc5)c4)cc3)c2-c2ccc(C#N)cc2)cc1,32.86
Cn1c(-c2cccc(-c3ccc(-c4nc(Cl)nc(Cl)n4)cc3)n2)nnc1-c1c(F)c(F)c(C#N)c(F)c1F,20.85
CC(C)(C)OC(=O)n1cc(-c2nc(-c3ccc(C#N)cc3)nc(-c3c4c(Br)cccc4c(C#N)c4nc(-c5cccnc5)nc(-c5ccc(Cl)cc5)c34)n2)c2cc(C#N)ccc21,44.96
N#Cc1cc(-c2cnc(C#N)c(C#N)c2)nc(-n2nc(-c3ccc(C#N)c(F)c3)cc2C#N)n1,15.37
N#Cc1cc(-c2ccc(-c3nc(C#N)c(C#N)[nH]3)c(F)c2)cc(-n2nccc2C#N)c1,14.6
N#Cc1ccc(-c2nc(C#N)c(C#N)nc2-c2ccc(-c3ncc(-c4ncnc(Cl)n4)cn3)cc2)cc1,20.4
Cn1c(C#N)cnc1-c1cccc(-c2cnc(-c3ccc(C#N)c(C#N)c3)c(C#N)c2)c1,13.98
N#Cc1ccc(-c2nc(C#N)c(C(F)(F)F)cc2C#N)cc1,17.15
Cn1ccc(-c2ccc(-c3cc4c(C#N)cc(=O)n(C)c4nc3-c3ccc(-c4ccnc(C#N)n4)cc3)cc2C#N)n1,28.91
CN1CCN(C2CCC(n3cc(C#N)nc3-c3cc(C#N)cc(-c4ccc(C(=O)NC5CC5)c(C#N)c4)n3)CC2)CC1,28.54
N#Cc1ccc(-c2cc(-c3ccc(-c4cccc(C#N)n4)nc3)cnc2-c2ccc(C#N)cc2)cc1,13.35
N#Cc1cc(CNc2c(C#N)ccc(-c3nc(=NC4CC4)n4ncc(=Cc5[nH]c(=O)[nH]c5O)c4n3)c2F)nc(-c2cc(C#N)ccc2C#N)c1,31.02
N#Cc1nc(-c2nc(-c3ccnc(-c4cc(C#N)c(C#N)c(C#N)n4)n3)ccc2C#N)co1,20.6
CN1CCN(c2nc(-c3nc(C#N)ccc3-n3cccc3C#N)cs2)CC1,26.06
N#Cc1ccc(-c2ccc(-c3ccc(CCC(=O)O)n3-c3ccc(-c4cc(F)c(F)c(C#N)c4)cc3)cc2)cc1,19.65
N#Cc1cc(-c2ccc(-c3ccccc3C#N)cc2)cc(-c2ccc(-c3nc(Cl)nc(Cl)n3)cc2)n1,14.27
Cc1nc(-c2cnc(N)c(C#N)n2)c(-c2ccc(C#N)cc2)cc1-c1cc(C#N)c(N2CC(O)C(O)C2)cn1,21.47
N#Cc1cc(F)cc(-c2ccc(C#Cc3ccnc(-c4ccc(C#N)nc4)c3)cn2)c1,18.64
CC(C)Oc1ncc(-c2nc(-c3nc(C#N)ccc3C#N)nc(N3CCC(N4CC(O)C4)CC3)n2)cc1C#N,15.53
N#Cc1cccc(-c2cccc(-c3ccc(-n4ccnc4)c(C#N)n3)c2)c1,19.57
N#Cc1ccc(-c2cc(-c3cc(-c4ccc(F)nc4)nc(-c4ccc(-c5ccc(C#N)c(F)c5)cc4)n3)nc(-c3ccc(C#N)cc3)n2)cc1,17.68
CC(C)(CO)NC(=O)c1cnn2c(-c3cnc(-c4ccco4)c(C#N)c3)nc(-c3cnc(C#N)c(C#N)c3)nc12,36.97
CCN(CC)C(=O)c1cc(-c2cccc(C#N)n2)ccc1-c1cc(C#Cc2ccc(C#N)nc2)nc(C#N)n1,29.64
N#Cc1cc(C#N)n(-c2ccc(C#N)c(-n3c(C(F)(F)F)nc4ccccc43)n2)n1,21.69
COc1nc(C=Cc2ccc(C#N)nc2)nc2c(-c3ccc(-c4ccc(C#N)cc4)cc3)ccc(-c3cccc(C#N)n3)c12,24.37
N#Cc1cc(-c2ccc(OCCCF)c(F)c2)nc(-c2cc(C#N)c(C#N)c(C#N)n2)n1,22.32
N#Cc1cc(F)ccc1-c1cc(-c2nc(-c3cnc(C#N)c(C#N)c3)nc(N3CCC(O)C3)n2)ncc1C#N,23.02
N#Cc1ccc(-c2ncc(-c3ccc(-c4ccc(N)c(C#N)n4)c(F)c3)c(-c3cc(C#N)[nH]c(=N)c3)n2)cc1,21.95
N#Cc1cc(-c2ccc(N3CCC(=O)N3)c(-c3cnc(C#N)c(C#N)n3)n2)nc(C#N)c1C#N,22.08
N#Cc1ccc(-c2cc(-c3ccc(C#N)nc3)nc(-c3ccc(-c4ccc(C#N)cn4)nc3)n2)cc1,13.98
N#Cc1ccc(-c2ccc(-c3cc(-c4cccc(C#N)n4)nc(-c4cc(-n5cnc(-c6cnc(C#N)nc6)n5)nc(C#N)n4)c3C#N)cc2)cc1,25.93
CNC(=O)c1cc(-c2ccc(-c3cc(-c4ccc(C#N)cc4)cc(-c4cncc(C#N)n4)n3)cc2C#N)ncc1C#N,21.43
N#Cc1cc(C#Cc2cnc(C(F)(F)F)nc2-c2cncc(C#N)c2)cc(-c2cnc(C#N)c(C#N)c2)c1,18.74
N#Cc1cccc(CN2CCN(c3nc(-c4ccc(-c5cnc(-c6cc(Br)ccc6F)o5)nc4)nc(Br)c3C(F)(F)F)CC2)n1,45.67
N#Cc1ccc(-c2ccc(-c3nc(-c4ccc(-c5ccc(C#N)cc5)cc4)n(-c4cccc(C#N)n4)n3)cc2)cc1,12.67
Cc1cc(C#N)ccc1-c1cc(-c2ccc(-c3cc(-c4ccc(NC5CCOCC5)cn4)ncc3C#N)c(C#N)c2)nc(-c2ccc(C#N)cc2)n1,29.66
COC1CCC(C)N(c2nc(-c3cccc(C#N)n3)nc(-c3cc(C#N)c(C#N)c(C#N)n3)n2)C1,18.37
CC(C)(CNC=O)Nc1cc(-c2c(F)cc(F)c(F)c2C#N)nc(-c2cc(C#N)c(C#N)c(C#N)n2)n1,24.74
N#Cc1ccc(-c2ccc(-c3nc(-c4ccc(C#N)cc4)cc(-c4ccc(-c5cccc(F)c5C#N)cn4)n3)cn2)cc1,18.53
N#Cc1nc(C#Cc2ccc(-c3cnc(NCc4ccnc(Cl)c4)c(C#N)c3)cn2)cs1,33.87
N#Cc1ccc(-c2nc(-c3ccc(-c4cccc(C#N)c4)cc3)cc(-c3nc(-c4cnc(C#N)c(C#N)c4)c4ccccc4n3)n2)cc1,22.12
N#Cc1ccc(-c2ccc(-n3c(=O)c4ccc(-c5ccc(-c6ccc(-c7ccc(C#N)cc7)c(C#N)c6)cc5)nc4n(Cc4c(F)c(F)c(F)c(F)c4F)c3=O)cc2)cc1,34.9
N#Cc1c(F)ccc(-c2cc(-n3[nH]c(-c4ccc(Oc5ccccc5)cc4)nc3=N)ccn2)c1F,31.22
N#CCc1ncc(-c2nc(-c3c(F)ccc(C#N)c3F)nc(N3CCNC(=O)C3)n2)cc1C#N,26.82
N#CCOCCn1c(-c2ccc(-c3cccc(C#N)n3)c(C#N)c2)nc(-c2ccc(-c3cc(C#N)on3)cc2)c1-c1ccc(C#N)cc1,24.49
N#Cc1cnc(-c2nc(NC(=O)c3nc(C#N)c(N)s3)nc(-c3c[nH]cc3C#N)n2)cc1C#N,33.06
N#Cc1ccc(-c2ccc(-c3nc(C#N)c(C#N)nc3C#N)cc2)cc1,12.92
N#Cc1c[nH]c(C(=O)Nc2cc(-c3ccnnc3)nc(-c3cc(C#N)c(C#N)[nH]3)n2)n1,17.27
N#Cc1ccc(-c2ccc(-c3nc(-c4ccc(-c5ccc(N)c(C#N)n5)cc4)cc(-c4ccc(C#N)nc4)n3)cc2)cc1,11.69
Cn1ccc(-c2cc(C#N)c3nc(-c4cc(F)c(F)c(F)c4)nn3c2)n1,30.02
CC(C)CNC(=O)c1ccc(F)c(-c2nc(-c3cc(C#N)c(C#N)c(C#N)c3)nc(N3CC[S+]([O-])CC3)n2)c1,31.8
CC(C)Oc1ccc(-c2cc(-c3ccc(C#N)cc3)cc(-c3sc(-c4ccc(C#N)cc4)nc3C#N)n2)cc1C#N,17.52
N#CC(=O)N1CCN(c2nc(-c3cnc(C#N)c(C#N)c3)nc(-c3cccc(F)c3F)n2)C(c2ccc(C#N)cc2)C1,22.67
Nc1cc(O)c(N=Cc2cc(O)c(O)c(O)c2)cc1O,14.51
N#Cc1ccc(-c2ccc(-c3nc(-c4ccc(-c5nc(C#N)c(C#N)nc5-c5ccc(C#N)cc5)cc4)cc(-c4cccnc4)n3)cc2)cc1,14.89
N#Cc1ccc(-c2ccc(-c3nc(-c4ccc(C#N)cc4)nc(-c4c[nH]c5cc(-c6ccc(C#N)nc6)c(F)c(F)c45)n3)cc2)cc1,22.92
N#Cc1ccc(-c2ccc(-c3nc(-c4ccc(-c5ccc(C#N)nc5)cc4)c(-c4ccccn4)n3CCN)cc2)cc1,20.01
CNc1ccc(-c2nc(-c3ccc(C#N)cc3)nc(-c3cc(C#N)cc(-c4ncc(C#N)n4C)c3F)n2)nc1C#N,24.47
N#Cc1ccc(-c2ccc(-c3nn(-c4cc(C#N)ccn4)cc3C#N)cc2)cc1,14.18
Cc1ncc(-c2ccc(-c3ncc4c(C#N)c(-c5ccc(-c6ccc(C#N)cc6)cc5)c(C#N)n4n3)cc2C#N)cc1C#N,26.76
N#Cc1ccc(-c2ccc(-c3nc(-c4ccc(-c5ccc(C#N)cc5)cc4)n(-c4ncc(C#N)cc4Cl)n3)cc2)cc1,18.81
N#Cc1ccc(-c2ccc(-c3cc(C#N)c(-c4ccnc(-c5cnc(C#N)c(C#N)c5)n4)cc3C#N)nc2)cc1,17.99
N#Cc1cccc(-c2nc(-c3cnc(C#N)c(C#N)c3)nc(N3CCS(=O)(=O)CC3)n2)n1,15.82
Cn1nc(-c2cnc(-c3ccc(C#N)cc3F)c(C#N)c2)nc1-c1cnc(C#N)c(C#N)c1,13.13
N#Cc1ccc(-c2cc(-c3nc(-c4ccc(-c5nnco5)c(C#N)c4)nc(N4CC5CC4CO5)n3)ccn2)cc1F,26.0
N#Cc1cc(-c2nc(-c3cnc(=N)[nH]c3)nc(N3CC4CC3C4)n2)nc(N)c1C#N,15.11
COC(=O)c1c(F)cc(-c2cc(C#Cc3ccc(-c4cc(F)cc(F)c4)c(C#N)c3)cc(C#N)n2)cc1C#N,32.62
CCC(C(=O)NCC(C)(C)CN(C)C)n1nc(C#N)nc1-c1cnc(C#N)c(C#N)c1,19.21
N#Cc1ccc(-c2ccc(-c3cc(C#N)nc(-c4cc(C#N)cc(-c5cnc(C#N)c(C#N)c5)c4)c3-c3ccc(-c4nc(C#N)ncc4C#N)cc3)cc2)nc1,32.37
CC(C#N)Oc1ncc(-c2nc(-c3cccc(C#N)n3)nc(C3CC(F)(F)C3)n2)cc1C#N,16.1
N#Cc1cc(F)cc(-c2ccc(-c3c(C#N)nc(-n4nc(C#N)cc4C#N)c(F)c3C#N)cc2)c1,18.42
N#Cc1ccc(-c2ccc(-c3ncc(CN4CCN(c5nc(=N)[nH][nH]5)CC4)c(C#N)n3)cc2)cc1C#N,25.14
N#Cc1ccc(-c2ccc(-c3nc(-c4cccc(-c5ccc(-c6ccc(C#N)cc6)c(C#N)c5)c4)cc(-c4ccc(C#N)c(C#N)c4)n3)cc2)cc1,15.39
Cc1nc(C#N)cn1-c1cccc(C(c2cccc(C#N)c2)=c2ccccc2=C(C#N)C#N)c1,28.06
N#CCc1nnnn1-c1ccc(C#N)c(-c2nnn(-c3ccc(-c4ccc(C#N)c(C#N)c4)c(C#N)c3)n2)c1,32.06
N#Cc1ccc(-c2ccc(-c3noc(-c4cc(F)c(C#N)c(C#N)c4)n3)cc2)nc1,20.24
CC(O)CNc1[nH]c(=Nc2ccc(C#N)c(C#N)c2)c(C#N)nc1C#N,20.55
CN(C)c1ccc(-c2c(-c3ccc(-c4ccc(C#N)cc4)cc3)nc(-c3ccc(C#N)cc3)n2CC(N)=O)cc1,18.36
N#Cc1ccc(-c2cn(-c3ccc(C#N)cc3)nn2)cc1,17.19
Cc1nc(N(CCO)CCO)c(C#N)cc1-c1nc(-c2cnc(OC(C)C(F)(F)F)c(C#N)c2)nc(N2CCOCC2)n1,26.48
N#Cc1cccc(-c2ncc(-c3cccc(-c4nccc(C#N)n4)c3)cc2C#N)c1,15.19
N#Cc1cccc(-c2nc(-c3cnc(N)c(C#N)n3)nc(-c3ccc(-c4ccc(C#N)c(C#N)c4)c(C#N)c3)c2C#N)n1,16.0
N#Cc1ccc(-c2cc(-c3ccncc3)nc(-c3cc(-c4ccc(-c5ccc(C#N)c(C#N)c5)cc4)[nH]c(=N)c3C#N)c2)cc1,18.77
Cc1cnc([S+](C)[O-])cc1-c1nc(-c2ccc(-c3ccccn3)c(F)c2)nc(-c2cc(C#N)c(C#N)c(C#N)c2)n1,29.77
CCCCCCCC#CC1(CO)COC(c2ccnc(-c3ccc(-c4ccc(-c5ccc(C#N)c(C#N)c5)nc4)nc3)c2)O1,43.95
Cc1nc(-c2ccc(C#N)c(F)c2)c(C#N)cc1-c1n[nH]c(-c2cc(F)cc(-n3nc(C(F)(F)F)cc3C#N)c2)n1,26.7
N#Cc1ccc(C#N)c(-c2nc(-c3ccc(C#N)nc3)nc(-c3cc(C#N)c(C#N)[nH]3)n2)c1,18.83
CN(c1cnc(-c2cnc(F)c(C#N)n2)nc1)c1ccc2nccc(-c3cncc(-c4ccc(C#N)o4)c3)c2c1,38.63
N#Cc1ccc(-c2ccc(-c3ccc(-c4nc(C#N)c(C#N)nc4C#N)nc3)c(-c3cc(-c4cccc(C#N)n4)nc(-c4cccc(C#N)n4)n3)c2)cc1,23.73
N#Cc1cnn(-c2nc(-c3cnc(C#N)c(C#N)c3)nc(-c3cncc(C#N)n3)n2)c1,18.09
N#Cc1cc(-c2nc(F)nc(N3CCC(C#N)C3)n2)ccc1-c1nc(C#N)c(C#N)nc1-c1ccc(Cl)cc1,21.86
N#Cc1ccc(-c2cc(-c3cnc(-c4c(F)c(F)c(C#N)c(F)c4F)c(C#N)c3)cc(-c3nc(-c4ccncc4)cc(-c4ccc(C#N)cc4)c3C#N)c2F)cc1,36.38
N#Cc1ncn(-c2cc(Oc3cc(Br)ccc3C#N)ccn2)n1,25.76
Cc1cc(-c2ccnc(F)c2)nc(-c2cnc(NCc3cccc(C#N)n3)c(C#N)c2)n1,20.42
N#Cc1ccc(-c2nc(-c3ccc(-c4ccc(C#N)c(C#N)c4)cc3)nc(-c3ccc(F)c(-n4nc(C(=O)O)cc4C#N)c3)n2)cc1,17.32
N#Cc1ccc(-c2ccc(-c3nc(-c4ccc(-c5ccc(C#N)cc5Cl)cc4)n(-c4ccc(C#N)cc4)n3)cc2)cc1,18.65
N#Cc1ccc(-c2ccc(Cn3cc(-c4ccc(C#N)cc4)c(C#N)c3C=NOCc3ccc(-c4ccc(C#N)nc4)nc3)cn2)cc1,24.18
CC1C(O)C(O)CCN1c1nc(-c2cnc(C#N)c(C#N)c2)nc(-c2c(F)cc(F)cc2F)n1,24.12
N#Cc1ccc(-c2ccc(C=NN=C(N)NN=Cc3csc(-c4ccc(C#N)cc4)n3)c(-c3ccc(C#N)c(C#N)c3)n2)cc1,25.05
N#Cc1ccc(-c2cncc(-c3cc(-c4ccsc4)nc(-c4cccc(C#N)n4)c3)c2)cc1,20.03
Cc1ncc(-c2nc(-c3nc(C#N)ccc3C#N)nc(N3CC(NCCO)C3C)n2)cc1C#N,17.4
N#Cc1cccc(-c2nc(C#N)cc(-c3cc(C4CNC4)nc(C#N)n3)c2F)c1,21.8
N#Cc1cccc(-c2ccc(-c3nc(C#N)nc(-c4cc(-n5c(C#N)cnc5-c5cccc(C#N)n5)nc(C#N)c4C#N)n3)cc2C#N)c1,16.63
N#Cc1cncc(-c2cc(C#N)c(-c3ccc(-c4ncc(Cl)cn4)nc3)nc2-c2ccc(C#N)s2)n1,24.8
N#Cc1ccc(-c2ccc(-n3cc(-c4nc(-c5ccc(C#N)cc5)nc(-c5ccc(-c6ccc(C#N)cc6)nc5)c4C#N)nn3)c(C#N)c2)cc1,23.94
N#Cc1ccc(-c2ccc(-c3nc(-c4cnc(-c5ccc(F)cc5)c(C#N)c4)cc(-c4cc(C#N)c(C#N)c(C#N)c4F)n3)cn2)cc1,20.75
N#Cc1nc(-c2cnc(-c3nc(C#N)c(C#N)nc3-c3ccc(Cl)cc3)c(C#N)c2)cc(-c2cnc(N)c(C#N)n2)n1,16.53
Cc1nc(-c2ccc(-c3cnc(-c4ccc(C#N)cc4)c(C#N)c3)cn2)cs1,13.82
N#Cc1ccc(-c2nc(-c3ccc(-c4ccnc(C#N)n4)cc3)cc(-c3cc(C#N)c(N4CC(F)C4)nn3)n2)cc1,17.13
Cn1cc(-c2ccc(C#N)nc2)sc1=Nc1cc(-n2nccc2C#N)cc(C#N)n1,25.46
CC(O)(F)c1ncc(-c2nc(-c3nc(C#N)cnc3C#N)nc(N3CC4CC3C4)n2)cc1C#N,20.0
N#Cc1ccc(Oc2nc(C#N)ncc2NCc2ccc(-c3ccc(C#N)cc3)cc2)cc1,19.66
CCCOc1cc(C#N)cnc1N(C#N)c1nc(C#N)nc2c1NCCN2Cc1ccc(Cl)c(Cl)c1Cl,46.18
N#Cc1cc(-c2ccc([N+](=O)[O-])cc2)n(-c2ccc(-c3ccc(C#N)c(C#N)c3)cc2)n1,21.02
Cc1nc(-c2ccc(C#N)cn2)ccc1C#Cc1ncnc(-c2ccc(-c3nc(C#N)no3)c(C#N)c2)n1,22.67
N#Cc1ccc(-c2ccc(-c3ccc(C=Nc4cc(O)c(N)cc4O)cc3)cc2C#N)cc1,13.28
Cn1nc(-c2cccc(-c3ccc(-c4ccc(C#N)cc4)nc3)c2)nc1-c1ccc(-c2cc(F)c(F)c(F)c2)cc1,18.92
N#Cc1ccc(-c2nc(-c3cc(C#N)c(N)cn3)cc(C#N)c2C#N)cc1,13.34
N#CCSc1nc(-c2ccc(C#N)cc2)c(C#N)c(-c2ccc(-c3ccc(C#N)cc3-c3ccc(F)cc3)cc2)c1C#N,22.58
CCNCCCOc1ccc(-c2nc(-c3ccc(C#N)cc3)nc(-c3ccc(C#N)cc3)n2)cc1-c1ccc(-c2ccc(C#N)cc2)nc1,24.94
N#Cc1ccc(-c2nccc(-c3ccc(C#N)cc3NS(=O)(=O)c3ccc(-c4cccc(C#N)n4)cc3)n2)cc1,21.19
CC(C)Oc1ncc(-c2nc(-c3cccc(C#N)n3)cc(N3CC4CC3CO4)n2)cc1C#N,12.5
Cc1nc(-c2ccc(-c3nc(C#N)ncc3C#N)cc2)c(-c2cnn(-c3ccc(C#N)c(C#N)c3)c2)cc1N1CCN(C2CCC2)CC1,35.31
N#Cc1cc(F)ccc1-c1cc(-c2ccc(-c3ccnc(Cl)n3)nc2)cc(C#N)c1C#N,13.65
COc1ccc(CCn2nnnc2SCC(=O)N=c2[nH]c3c(s2)C(=O)CC(C)(C)C3)cc1OC,39.35
N#Cc1ccc(-c2ccc(-c3cc(-c4cc(-c5ccc(-c6ccc(C#N)cc6)cc5)nc(-c5ccc(-c6ccc(C#N)cc6)cc5)n4)nc(-c4ccc(C#N)cc4)n3)cc2)cc1,11.9
N#Cc1ccc(-c2ccc(-c3nc(-c4ccc(-c5ccc(Cl)c(C#N)c5)cc4)nc(-c4cc(-c5ccc(C#N)cc5)ccc4N)n3)nc2)cc1,22.24
Cc1ccc(-c2nc(-c3ccccc3C#N)nc(N3CCC(=O)C3)n2)cc1C#N,27.02
N#Cc1ccc(-c2cc(-c3ccccn3)nc(-c3ccc(-c4csc(C#N)c4)s3)c2)cc1,14.76
COC1CCN(c2nc(-c3cnc(-c4cnc(C#N)c(C#N)c4)c(C#N)c3)nc(-c3c[nH]c(=NC(C)C)c(C#N)c3)n2)CC1,22.24
CC(Oc1c(C#N)cc(-c2nc(-c3ccc(-c4ccc(C#N)cn4)cc3C#N)nn2C)nc1C#N)c1ccc(C#N)cc1,17.62
Cc1cc(-c2nc(-c3cnc(C#N)c(C#N)c3)nc(N3CCOCC3)n2)cc(C#N)c1NCC#N,22.06
N#Cc1ccc(-c2ccc(-c3nc(-c4cccc(C#N)n4)nc(C#Cc4cccc(-c5ccnc(C(F)(F)F)c5)n4)c3C#N)cc2)cc1,23.42
N#Cc1ccc(-c2cc(-c3nc(-c4cnc(=N)[nH]c4)nc(N4CC5CCC(C4)O5)n3)cc(C#N)c2C#N)cc1,16.55
N#Cc1ccc2nc(-c3cnc(-c4nc(C#N)no4)c(C#N)c3)nc(C#N)c2c1,18.11
N#Cc1c(N)ccc(C=Nc2cc(O)c(N)cc2O)c1O,14.67
CC(C#N)n1cc(C#N)nc1-c1cc(C(N)=O)nc(-c2cnc(C(=O)c3cnc(C(F)(F)F)c(C#N)c3)c(C#N)c2)n1,27.29
CC(C)Oc1ncc(-c2nc(-c3ccc(C#N)cn3)cc(N3CCC3)n2)cc1C#N,17.27
Cc1ccc(NS(=O)(=O)c2ccc(F)cc2F)c(Nc2ccc3c(c2)C(=O)c2ccc(-c4ccc(C#N)cc4)nc2C3=O)n1,23.3
CCc1cc(F)c(-c2nc(-c3ccc(-c4ccc(C#N)nc4)c(F)c3F)nc(C3CCC3)n2)cc1C#N,27.07
N#Cc1ccc(-c2ccnc(N3CCC(C#N)CC3)n2)cc1-c1ccc(-c2ccc(N)c(C#N)n2)nc1,18.05
Cc1cc(C#N)n(-c2cc(-c3cnc(-c4ccc(Cl)c(Cl)c4)c(C#N)c3)nc(C#N)n2)n1,18.91
N#Cc1ccc(-c2cc(-n3c(C#N)ccc3C#N)cnc2Cl)cn1,14.39
N#CCCn1c(C#N)ccc1-c1cc(C#N)nc(-n2cnc(-c3ccc(C#N)c(C#N)c3)n2)c1,23.83
N#Cc1ccc(-c2cc(C#N)c(Oc3cc(C#N)cc(-c4ccc(C#N)nc4)c3)cn2)cc1,19.89
N#Cc1ccc(-c2ccc(-c3cc(-c4cccc(C#N)n4)nc(-n4ccnc4)c3)c(F)c2F)cn1,22.76
N#Cc1ccc(-c2ccc(-c3nc(C#N)nn3-c3cc(Cl)ccc3Cl)cc2C#N)cc1,19.63
CCN=c1cc(-c2nc(C#N)cc(-n3nc(C(F)(F)F)cc3C#N)c2CO)nc(C#N)[nH]1,20.85
CCc1ncnc(-c2ccc(-c3cncc(C#N)c3)c(C#N)c2)c1C#Cc1cnc(C)nc1,22.25
N#Cc1ccc(-c2nc(-c3ccc(-c4cccc(C#N)c4)nc3)nc(-c3cc(-n4c(C#N)ccc4C#N)nc(C#N)n3)n2)cc1,14.87
CC(C)Oc1ncc(-c2nc(-c3nnc(C4CCCC4)o3)cc(N3CCOCC3)n2)cc1C#N,28.06
COc1ccccc1-c1nc(C#N)c(NCc2ccc(C#N)cc2)o1,15.79
Cn1nc(-c2ccc(-c3nc(C#N)c(-c4ccc(C#N)cn4)cc3C#N)nc2C#N)cc1C(=O)O,20.97
N#Cc1ccc(-c2cc(-c3ccc(-c4ncc(-c5ccc(C#N)nc5)o4)cc3)nc(-c3ccc(C#N)cc3)n2)cc1,14.26
N#Cc1ccc(-c2ccc(-c3nc(-c4ccc(-c5ccc(C#N)cc5)s4)s[n+]3-c3cccc(C#N)c3)cc2)cc1,28.0
N#Cc1ccc(-c2cc(-c3nc(C#N)cnc3Cl)nc(-n3cnc4cc(-c5ccc(C#N)cc5)ccc43)c2)cc1,19.33
N#Cc1ccc(-c2ccc(-c3nc(-c4ccnc(-c5cc(F)cc(C(N)=O)c5F)n4)nn3Cc3ccccc3C#N)nc2)cc1,28.07
N#Cc1cccc(-c2ccc(-c3cc(SCC(C#N)CCc4ccc(O)cc4)ccc3C#N)cc2)n1,33.47
N#Cc1ccc(-c2cc(-c3ccc(N=c4ccnc[nH]4)cc3)nc(-c3cnc(N)c(C#N)n3)n2)cc1,25.24
N#Cc1cccc(-c2ncc(-c3cc(N4CC5CC4CO5)nc(N4CCCC5CN(CC6CC6)CC54)n3)cc2C#N)c1,29.71
N#Cc1cccc(C(Oc2ncc(-c3nc(-c4nc(C#N)ccc4C#N)nc(N4CCC(F)(F)C4)n3)cc2C#N)(c2ccc(C#N)c(F)c2)C(F)(F)F)c1,28.2
N#Cc1ccc(-c2cc(Cn3ncnc3-c3ccc(-c4nc(C#N)c(C#N)nc4C#N)cc3C#N)cc(-c3cccc(F)c3)n2)cc1,32.98
N#Cc1ccc(C#Cc2ccc(C#N)nc2)c(-c2ccc(C#N)c(C#N)c2)c1,14.22
C=c1[nH]n(-c2ccccc2C#N)c(=O)c1=CNc1cccc(C#N)c1,26.08
N#CC=C(C#N)C=C(C#N)C(=O)Nc1ccc(Cl)c(CC(=O)Nc2cc(C#Cc3cnc(C#N)nc3)cc(C(=O)Nc3cccc(C#N)c3)c2)c1,44.15
CNc1oc(-c2cc(C#N)c(-c3ccc(OC4CC(C(=O)O)C(C)(C)C4)cn3)c(F)c2F)nc1C#N,35.99
N#Cc1cccc(-c2nc(Nc3ccc(C#N)c(C#N)n3)c(C#N)c(-c3ccc(C#N)s3)n2)n1,21.67
COc1ccc(C=NNC2=NC=C3C(=O)C(CCCCC4C=CC=CC=C3NNC4=O)N2)cc1COc1ccc(C#N)cc1,56.73
N#Cc1nc(-c2cnc(-c3ncno3)c(C#N)c2)nc(-c2ccc(F)c(Cn3cccc3C#N)c2)n1,26.44
N#Cc1cccc(-c2cncc(-n3cnc(C#N)c3)c2)c1,16.01
N#Cc1ccc(-c2ccc(-c3cc(-c4ccc(-c5cc(C(=O)O)nc(-c6c(F)c(F)c(C#N)c(F)c6F)n5)cc4)nc(-c4cnc(C#N)c(C#N)c4)n3)cc2)cc1,22.31
CC(C)OCc1nc(OC(F)F)c(C#N)cc1-c1nc(-c2cccc(C#N)n2)nc(N2CC3CC2C3)n1,18.23
N#Cc1ccc(-c2cc(N=c3cc(C(F)(F)F)cc[nH]3)nc(-c3nc(C(F)(F)F)nn3-c3ccc(C#N)cc3)c2)cc1,24.74
N#CCN1CC2CC1CN2c1nc(-c2cnc(C(F)(F)F)c(C#N)c2)nc(-c2ccccc2C#N)n1,19.36
CCCOc1ncc(-c2cc(N3CC4CC4(C(=O)O)C3)nc(-c3cnc(OC(C)C)c(C#N)c3)n2)cn1,23.68
N#Cc1ccc(-c2ccc(-c3ccc(N(C#N)Cc4ccc5[nH]c(C=NO)nc(=O)c5c4)cc3C#N)cc2)cc1,27.82
N#Cc1ccc(-c2ccc(-c3cccc(-c4cnn(-c5ccc(C#N)c(-c6cncc(-c7ccc(-c8ccc(C#N)cc8)cc7)n6)c5)c4)n3)cc2)cc1,28.42
N#Cc1ccc(-c2c[nH]c3ncc(-c4ccc(-c5cc(-c6cccc(C#N)n6)nc(C#N)n5)cc4)cc23)cc1,28.5
N#Cc1ccc(-c2ccc(-c3nc(C#N)c(N)o3)cc2)nc1,12.65
N#Cc1cccc(-c2ncc(-c3ncnc(C#N)n3)cc2C#N)c1,9.87
COc1cccc(-c2cc(N(CCN3CC(OC)C3)C(=O)CCN(C)C)nc(-c3ccc(-c4ccc(C#N)cc4)cc3)n2)c1,44.37
N#Cc1ccc(-c2ccc(-c3nc(-c4cnc(C#N)c(C#N)c4)nc(-c4ccc(-n5nccc5C#N)cc4C#N)n3)cn2)o1,20.93
Cc1cc(C#N)nc(-c2nc(-c3cnc(OC(C)c4cncc(C#N)c4)c(C#N)c3)nc(N3CC4CC3CO4)n2)c1,16.03
N#Cc1cc(-c2ccc(-c3c[nH]c(=N)c(C#N)n3)c(F)c2)c(CO)c(-n2cncc2C#N)c1,16.14
CN(C)c1cncc(-c2cncc(-c3cccc(-c4ccc(C5CCNCC5)c(C#N)c4)c3)c2)c1,26.95
N#Cc1ccc(-c2nc(C[n+]3cccc(C#N)c3)c(C#N)c(-c3ccc(C#N)cc3)n2)cc1,20.25
COCCCC1COC(=O)N1c1cc(-c2ccc(C#N)cn2)nc(-c2cnc(C#N)c(C#N)c2)n1,17.66
N#Cc1ccc(-c2nc(-c3ccc(-c4ccc(C#N)c(C#N)c4)cc3)sc2-c2cnc(-c3cnc(C#N)c(C#N)c3)c(C#N)n2)cn1,21.24
N#Cc1ccc(-c2nc(-c3ccc(-c4ccc(C#N)c(F)c4)cc3)nc(-c3cccc(-n4c(C#N)cnc4C#N)c3)n2)cc1,17.77
Cn1cc(C#N)nc1-c1ccc(-c2cn3c(-c4ccc(-c5ncc(C#N)c(C#N)n5)cc4)cnc3cn2)cc1C#N,23.17
N#Cc1ccc(-c2nc(C#N)c(C#N)nc2-c2ccc(-c3cccc(-c4nc(C#N)no4)c3F)cc2F)cc1,21.36
CC(C)N1CCN(c2ncc(N=c3cc(-n4ccc(C#N)c4)nc(-c4cnc(N)c(C#N)n4)[nH]3)cc2C#N)CC1,33.64
N#Cc1ccc(-c2ccc(-c3cc(-c4cc(-c5nc(-c6c(F)c(F)c(C#N)c(F)c6F)c(C#N)c(-n6cccc6C#N)n5)ccc4C#N)nc(-c4ccc(C#N)c(C#N)c4)n3)cc2)cc1,31.55
Cc1nc(C#N)c(C#N)nc1-c1c(-c2ccc(C#N)c(C#N)c2F)nn(Cc2noc(-c3cc(C#N)ccc3F)n2)c1C#N,34.93
CC(C)n1nc(-c2ccc(C#N)cc2)nc1-c1cnc(NCC(O)CF)c(C#N)c1,23.65
N#Cc1ccc(-c2ccc(-c3nc(C#N)cc(CNc4cccc(-c5ccc(C#N)s5)n4)n3)cc2)cc1,21.5
Cn1nc(-c2cc(F)cc(-c3cc(-c4ccc(C#N)cc4)cc(-c4ccc(C#N)cc4)n3)c2)nc1-c1ccc(-c2ccc(C#N)cc2)nc1,15.85
Cn1ccc2c(-c3nc(-c4cccc(-c5ccc(-c6ccc(C#N)c(C#N)c6)nc5)c4)c(-c4cccc(C#N)n4)[nH]3)ccc(C#N)c21,32.17
N#Cc1ccc(-c2nc(-c3cnc(C#N)c(C#N)c3)nc(N3CCC4(COC4)C3)n2)nc1,16.84
Cn1c(C#N)cnc1-c1ccc(C#N)c(-c2ccc(-c3cnc(-c4ccc(F)c(C#N)c4)c(C#N)c3)nc2)c1F,18.14
N#Cc1ccc(-c2nc(-c3cccc(-c4ccc(-c5ccc(C#N)c(C#N)c5)nc4)c3)cc(-c3ccc(C(C#N)c4ccncc4)c(C#N)c3)n2)cc1,22.4
N#Cc1ccc(-c2[nH]c(-c3ccc(-c4nc(CCc5ccccn5)nc(-c5cnc(C#N)c(C#N)c5)n4)cc3)c(C#N)c(=O)c2C#N)cc1,23.89
N#Cc1c2ccccc2c(-c2nc(-c3c4ccccc4c(C#N)c4ccccc34)nc(-c3cn(C(=O)C=Cc4ccc(OCc5ccc(Br)cc5)cc4)c4ccccc34)n2)c2ccccc12,38.34
N#Cc1ccc(-c2cc(-c3ccc(C#N)cc3)nc(-c3ncn(Cc4ccc(Cl)cc4)n3)c2)cc1,18.14
COc1cc(Cl)cc(-c2ncc(-c3cc(CCc4ncccn4)nc(-c4cnc(OC(F)F)c(C#N)c4)n3)cc2C#N)c1,26.42
CC(C)c1cc(C#N)cc2nc(-c3ccc(OCc4cccc(C=Nn5c(-c6ccc(-c7ccc(-c8ccc(C#N)cc8)nc7)cc6)n[nH]c5=S)c4)cc3)oc12,30.53
CCOc1nc(-c2cnn(CCC#N)c2)cc(-c2ccc(-c3ccc(C#N)c(C#N)c3)cc2)c1C#N,25.7
Cn1c(C#N)ccc(-c2nc(C#N)nc(-c3cnc(-c4cnc(C#N)o4)c(C#N)c3)c2F)c1=O,27.38
N#Cc1cccc(CN(c2ccc(-c3cc(C#N)nc(Cl)n3)cc2)c2ccnc(C#N)n2)c1,26.04
Cn1c(-c2cc(-c3ccc(-c4nccc(C#N)n4)nc3)cc(-c3cnc(C#N)c(C#N)c3)n2)nc(C#N)c1NC(=O)c1c(Cl)c(C#N)c(C#N)[nH]c1=NC#N,31.07
Cc1ccc(C(O)c2nc(-c3ccc(C#N)nc3-c3cc(C#N)c(-c4ccc(F)cc4)c(C#N)c3)c[nH]2)cc1,29.42
N#Cc1cnnc(C#CC#Cc2cnc(-c3ccc(-c4ccc(F)cc4)c(C#N)c3)nc2)n1,17.54
CCOc1nc(-c2ccc(-c3ccc(Cl)c(Cl)c3)cc2)nc(-c2cccc(-c3ccc(C#N)cc3)c2)c1C#N,17.66
N#Cc1ccc(-c2ccc(-c3nc(Sc4ccc(C#N)c(C#N)c4)c(C#N)c(-c4c(F)c(F)c(C#N)c(F)c4F)n3)cn2)cc1,22.9
N#Cc1ccc(-c2nc(C#N)nc(-c3cc(-n4cccc4C#N)nc(C#N)n3)c2F)cn1,17.21
Fc1ccc(-n2c(Sc3nc(-c4cccs4)cc(C(F)(F)F)n3)nnc2-c2ccnc(Cl)c2)cc1,31.07
N#Cc1ccc(-c2ccc(-c3cn(-c4ccc(C#N)c(F)c4)nc3C#N)c3ccc(S(=O)(=O)N=c4cc[nH]cn4)cc23)cc1,25.84
N#Cc1ccc(-c2nc(CNc3ccccc3-c3ccc(-c4noc(-c5ccc(C#N)cc5)n4)cc3)cc(-c3cnc(N)c(C#N)n3)n2)cc1,29.99
N#Cc1cccc(-c2nc(-c3ccc(C(F)(F)F)c(C#N)c3)nc(N3CCn4cc(C#N)nc4C3)n2)n1,12.9
N#Cc1ccc(-n2nc(-c3cccc(C#N)n3)nc2-c2ccc(-c3nc(C#N)c(C#N)[nH]3)cc2)cc1,26.36
COc1nc(-c2nc(-c3ccc(C#N)cc3)nc(-c3ccc(C#N)cc3)c2C#N)n(Cc2ccc(C#N)cc2)c1-c1ccc(C#N)cc1,22.99
Cn1c(-c2ccc(-c3cccc(-c4cnc(-c5ccc(-c6cc(F)c(F)c(F)c6)nc5)cn4)c3)cc2)nc(C#N)c1[N+](=O)[O-],33.93
Cn1cc(C(=O)Nc2cc(C#N)cc(-c3cnc(-c4cnc(C#N)c(C#N)c4)nc3)c2)c(C(F)(F)F)n1,25.53
Cc1nc(-c2ccc(-c3ccc(C#N)cc3)c(C#N)c2)c(C#N)cc1-c1ccc(-c2cnc(C(C)O)c(C#N)c2)cn1,18.34
CC(O)c1nc(-c2cnc(-c3ccc(C#N)cc3)c(C#N)c2)ccc1-c1nc(C#N)c(C#N)nc1-c1ccnc(-c2cnc(C#N)c(C#N)c2)n1,24.71
CC(C)C(NC(=O)Cc1c(F)cc(C#N)c(F)c1F)C(=O)N1Cc2ccccc2CC1C#N,28.89
N#Cc1ccc(-c2ccc(-c3ncc(-n4c(C#N)cnc4C#N)s3)cc2F)nc1,28.23
N#Cc1ccc(-c2ccc(-c3nc(-c4ccc(-c5cccc(C#N)n5)cc4)cc(-c4cc(C#N)nc(OCc5nc(C#N)cs5)c4)n3)cn2)cc1,25.34
N#Cc1ccc(N=c2[nH]n(C3CN(CC4CC(C#N)C4)CCC3C#N)cc2C(N)=O)cn1,34.3
N#Cc1nc(-c2ccc(-c3ccc(OC(F)F)cc3)c(C#N)c2)n(CCN2CCOCC2)n1,20.48
CCCOc1ccc(-c2cc(-n3nc(C(F)(F)F)cc3C#N)cc(-c3cnc(N)c(C#N)n3)n2)cc1Cl,19.51
N#Cc1cc(C2CN(Cc3ccncc3)C2)c(-c2ccc(-c3cnc(C#N)nc3)c(C#N)c2)nn1,36.27
CC(O)C#CC#Cc1c(-c2ccc(C#N)cc2)cc(-c2ccc(-c3ccc(C#N)cn3)nc2)nc1C#N,26.87
CC1N(c2cc(C#N)nc(-c3cc(N4CC5CC5C4)nc(-c4cnc(C(C)(C)O)c(C#N)c4)n3)n2)CC1(F)F,22.27
N#Cc1ccc(-c2ccc(-c3cc(-c4ccc(C#N)cc4)ncc3-c3cnc4cc(C#N)ncc4c3)cc2)cc1,20.41
Cc1c(C#N)ccn[n+]1-c1ccc(-c2cc(-c3ccc(-c4ccc(C#N)cc4)cc3)nc(-c3ccc(C#N)cc3)n2)cc1,22.46
N#CSCn1ncc(-c2ccc(C#N)cc2)c1-c1cc(-c2ccc(C#N)cc2)nc(-c2ccc(C#N)cc2)n1,21.65
Cc1c(C(=O)N(c2ccc(F)c(Cl)c2)c2ccc(C#N)c(-c3ccc(F)cc3C#N)c2)cc(-c2cc(Cl)ccc2C#N)n1C,31.41
N#Cc1cncc(-c2cc(-c3cc(C#N)c(-c4nnc(C#N)o4)nc3C(F)(F)F)nc(C#N)n2)n1,17.29
N#Cc1ccc(-c2ccc(-c3nc(-c4cc(-c5ccc(C#N)cc5)nc(-c5ccc(-c6ccc(C#N)cc6)nc5)c4)cc(-c4cccc(C#N)n4)n3)cc2)cc1,13.75
CC(C)Oc1ccc(-c2nc(-c3cc(C#N)cc(-n4nc(C(F)(F)F)cc4C#N)c3)nc(N3CC4CC4(C(=O)N4CCOCC4)C3)n2)cc1C#N,30.81
Cc1nc(-c2ccc(C#N)cc2)nc(-c2ccc(-c3ccc(C#N)cc3)cc2)c1-c1c(-c2ccc(C#N)o2)[nH]c(C#N)c1C#N,29.22
N#Cc1ccc(-c2nc(-c3ccc(-n4nc(C(F)(F)F)cc4C#N)cc3)sc2C#N)cc1C#N,18.27
N#Cc1ccc(-c2ccc(-c3nc(C#N)cc(-c4ccc(-n5nc(C(F)(F)F)cc5C#N)cc4)n3)c(F)n2)cc1,21.52
N#Cc1ccc(-c2ccc(-c3nc(C#N)c(NCc4ccc(F)c(C#N)c4)c(Nc4ccc(C#N)c(C#N)c4)n3)cc2)cc1,14.09
N#Cc1nc(-c2cnc(-c3ccccc3)c(C#N)c2)nc(N2CC(N)C(c3ccc(C#N)c(F)c3)C2)n1,23.18
N#Cc1ccc(-c2cc(N=c3[nH]c(-c4ccc(C#N)c(C#N)n4)cs3)cc(-c3ccc(C#N)nc3)c2)cc1,21.36
N#Cc1ccc(Cl)cc1-c1ncc(-c2cc(CO)nc(-c3cnc(N4CCCC4)c(C#N)c3)n2)cc1C#N,20.75
CC(C#N)Nc1ncc(-c2nc(-c3ccc(-c4ccc(C#N)cc4)c(C#N)c3)nc(-c3cc(C#N)c(-c4ccc(C#N)cc4)cn3)n2)cc1C#N,20.65
N#CC#Cc1nccc(-c2cc(NC(=O)c3cnc(C4CC4)cn3)nc(-c3cnc(C#N)c(C#N)c3)n2)n1,25.43
COC1(C(N)=O)CN(c2nc(-c3ccc(-c4ccc(C#N)nc4)cc3)c(-c3nc4ccc(F)cc4s3)c(-c3ccc(C#N)nc3)n2)CCC1(F)F,46.95
N#Cc1ccc(-c2cc(-c3ccc(-c4ccc(N)c(C#N)n4)c(F)c3)ccc2C#N)nn1,19.48
N#Cc1ccc(-c2ccc(-c3nc(-c4ccc(-c5ccc(F)c(C#N)c5)cc4)nc(-c4ccc(-n5cnc(C#N)n5)cc4)n3)cc2)cc1,19.72
N#Cc1ccc(-c2ccc(-c3cc(C#N)nn3-c3ccnc(-c4c(F)c(F)c(C#N)c(F)c4F)n3)cc2)cc1,12.6
N#Cc1nc(-c2cc(-c3ccc(-c4ncc(N)c(C#N)n4)c(F)c3)c(C#N)cn2)co1,17.28
N#Cc1cc(C#N)n(-c2cc(C#N)nn2-c2cccc(Cl)c2Cl)n1,16.64
N#Cc1ccc(-c2ncc(-c3cc(-c4ccc(-c5ccc(C#N)cc5)c(C#N)c4)nc(C#N)n3)cn2)cc1,14.77
COc1ccc(-c2nc(C#N)nn2-c2cc(-c3ccc(C#N)cc3)nc(-c3ccc(C#N)cc3)n2)nc1,21.65
N#Cc1ccc(-c2cc(-c3cccc(C#N)n3)nc(-c3cnc(C(C#N)c4ccc(Cl)c(C#N)c4)c(C#N)c3)n2)nc1,24.01
N#Cc1ccc(C#CC#Cc2ccc(C#N)nc2-c2ccc(-c3cc(C#N)cc(C#N)c3)c(C#N)c2)cc1,18.85
N#Cc1ccc(-c2ccc(-c3nc(Oc4ccc(S(=O)(=O)Nc5cc(C#N)nc(C(F)(F)F)n5)cc4)nc(-c4ccc(-c5ccc(C#N)cn5)nc4)n3)cc2)cc1,24.13
CC(C)Oc1ncc(-c2cc(C#N)cc(-c3nc(C#N)cc(N4CCC(F)C4)n3)n2)cc1C#N,11.68
Cc1nc(-c2onc(-c3ccc(C#N)cc3)c2C#N)c(C#N)nc1-c1ccc(-c2ccc(C#N)nc2-c2ccc(F)c(-c3c(F)c(F)c(C#N)c(F)c3C#N)c2)cn1,38.31
N#Cc1ccc(-c2cccc(-c3nc(C#N)ccc(=NC4CCN(c5ncc(C#N)cn5)CC4)c3C#N)c2)cc1,23.84
N#Cc1ccc(-c2ccc(-c3cn(CCN4CCC4)c(-c4cnc(C#N)c(C#N)c4)n3)c(F)c2)cc1,15.78
CC(C)Oc1ncc(-c2nc(-c3ccc(C#N)c(-c4cccc(C#N)n4)c3)nn2CC(=O)N2CCN(CC#N)CC2)cc1C#N,24.49
N#Cc1nccc(-c2nc(-c3cnc(C#N)c(C#N)c3)nc(N3CC4COCC3C4)n2)n1,16.47
N#Cc1ccc(-c2cc(-c3ccc(-c4nc5ccc(C#N)cc5n4Cc4cccc(-c5cnc(C#N)nc5)c4)nc3)nc(-c3ccc(C#N)cc3)n2)cc1,28.99
N#Cc1ccc(-c2cc(C#N)cc(-c3ccc(-c4ccc(N)c(C#N)n4)c(C#N)c3)c2)cc1,13.27
N#Cc1ccc(-c2ccc(-c3cccc(-c4ccc(C#Cc5cn(C6OC(CO)C(O)C(O)C6O)c(=O)[nH]c5=O)cc4)n3)cc2)cc1,23.66
Cn1cc(C#Cc2cnc(-c3ccc(C#N)cc3)c3ccccc23)cc1-c1nc(C#N)c(C#N)nc1C#N,28.4
Cn1c(Nc2nc(-c3ccc(C#N)nc3)cc(-c3ccc(-c4ccc(C#N)cc4)cc3)c2C#N)cc(=O)n(C)c1=O,23.55
CC(Oc1cc(-c2cc(-c3cnc(C#N)s3)n(C(C)C)n2)c[nH]c1=N)c1c(Cl)ccc(F)c1Cl,21.65
N#Cc1cc(-c2nc(-c3ccc(C4CC4)c(C#N)n3)nc(N3CC4CC3CO4)n2)cnc1OC(CF)CF,20.97
N#Cc1ccc(-c2ccc(-c3cc(-n4cc(-c5cnc(-c6cnc(C#N)c(C#N)c6C#N)nc5)nn4)ccc3C#N)nc2)cc1C#N,28.68
N#Cc1ccc(-c2ccc(-c3nc(-c4ccc(C#N)cc4)nc(-c4cc(-c5ccc(-c6ccc(C#N)cc6)cn5)nc(C#N)n4)n3)cc2)cc1,11.51
N#Cc1ccc(-c2ccc(-c3nc(-c4ccc(C#N)cc4)nc(-c4ccc(-n5cncn5)cc4)n3)cc2)cc1,14.23
CC(C)Nc1c(C#N)nc(-c2cc(-c3cc(C#N)ccc3C#N)nc(-c3nc(C#N)nn3C)c2)n1CC#N,28.3
Cc1[nH]c(-c2cc(C#N)c(C#N)c(-c3ccc(C#N)c(C#N)c3)n2)nc1-c1ccnc(-c2ccc(C#N)cc2)n1,17.04
N#Cc1ccc(-c2nc(=NC3C4CC5CC(C4)CC3(C#N)C5)c(C#Cc3cc(C#N)c(C#N)cn3)c(C#N)[nH]2)cc1,36.21
Cc1cc(C=NO)c(C)n1-c1cccc(C#N)c1,16.0
N#Cc1ccc(COc2ccc(Cl)cc2-c2cc(C#N)n(Cc3c(Cl)nc(-c4ccc(C#N)cc4)n3-c3ccccc3C#N)n2)cc1,33.24
Cc1cn(-c2ncc(C(=O)Nc3ccc4nc(-c5cnc(-c6ccc(C#N)cc6)c(C#N)c5)nc(OC(C)C)c4c3)cn2)cn1,28.6
N#Cc1ncc(-c2cc[nH]c(=Nc3ccnc(-c4nc(C#N)c(N)s4)c3)n2)cn1,25.31
Cc1cc(C=Nc2cc(O)c(N)cc2O)c(O)n1-c1ccc(C#N)c(C#N)c1,20.49
N#Cc1ccc(-c2ncc(-c3nc(-c4cc(C#N)c(C#N)c(C#N)c4)nc(N4CCOCC4)n3)cc2F)nc1,17.89
N#Cc1ccc(-c2cc(-c3cccc(C#N)n3)c(-c3nc(C#N)c(N)n3C#N)c(F)c2F)cc1,20.03
CCCCc1noc(-c2ccc(-c3cc(C)c(-c4ccc(-c5cncc(-c6ccc([N+](=O)[O-])c(C#N)c6)n5)cc4C(=O)O)nn3)cc2)n1,42.23
N#Cc1ccc(-c2ccc(-c3ccc(CCC(=O)NC(C=O)C(=O)NC(Cc4ccc(-c5ccccc5)cc4)C(=O)NC(CCCN=C(N)N)C(N)=O)cc3)cc2)cc1,30.71
N#Cc1ccc(-c2ccc(C#Cc3nsc(=Nc4cnc(-c5ccc(C#N)cc5)c(-c5ccccn5)n4)[nH]3)cc2)cc1,37.44
Cn1nc(-c2ccc(-c3ccc(C#N)cc3)cc2)nc1-c1ccc(-c2cccc(C#N)c2)cc1,16.0
CC1(C)NC(=O)c2cc(-c3nc(-c4cnc(N5CCCCC5=O)c(C#N)c4)nc(N4CC5CCC(C4)O5)n3)ccc2N1,31.09
N#Cc1ccc(-c2cc(-n3nccc3C#N)cc(-n3cc(C#N)n(-c4ccc(-c5ccc(C#N)c(C#N)c5)cc4)c3=O)c2)cn1,23.35
N#Cc1ccc(-c2nc(-c3sc(C#N)cc3O)c(C#N)c(-c3cnc(-c4ccc(F)c(C#N)c4)cn3)c2C#N)cc1,24.48
N#Cc1ccc(-c2cccc(-c3cc(-c4cc(C#N)c(N)nn4)nc(-c4cnc(C#N)nc4)c3F)c2)cc1,19.82
N#Cc1ccc(-c2ncc(-c3nc(-c4cnc(C#N)c(C#N)c4)nc(-n4cnc(-c5cccnc5)n4)n3)nc2C#N)cc1C(F)(F)F,26.03
N#Cc1ccc(-c2ccc(-c3csc(N=Cc4cc(Cl)cc(Cl)c4Cl)n3)cc2)cc1,18.82
C=c1[nH]c(=Cc2cc(C)n(-c3cccc(C#N)c3)c2C)c(O)c1C(=O)OCC,15.91
N#Cc1cc(-n2nc(C(N)=O)cc2C#N)cc(-c2cc(C#N)c(-c3c(F)c(F)c(F)c(F)c3F)s2)n1,14.85
N#Cc1cc(-c2ccc(-c3nc(C#N)c(C#N)nc3C#N)c(C#N)c2)cc(-c2nc(Cl)nc(C#N)c2C#N)c1,18.05
Cn1nc(-c2ccc(F)c(-c3ccc(C#N)cc3)c2)c(-c2ccc(C#N)cc2)c1S(=O)(=O)c1ccc(F)c(F)c1,20.59
CN(CCCc1c(-c2ccc(C#N)cc2)nc(-c2ccc(-c3ccc(C#N)cn3)nc2)[nH]c1=O)c1ccc(C#N)cc1,30.3
N#Cc1ccc(-c2nc(-c3cc(C#N)c(C#N)[nH]3)nc(C3CCC3)n2)cn1,12.33
N#Cc1nc(-c2cnc(-c3ccc(C#N)c(F)c3)c(F)c2F)cc(-n2c(C#N)cnc2-c2ccc(F)c(C(F)(F)F)c2F)n1,26.93
N#Cc1ccc(-c2cc3ccc(-c4nc(-c5ccc(-c6nc(=N)c(-c7cccc(C#N)c7)c[nH]6)cc5)ncc4C#N)cc3s2)cc1,30.15
Cc1cc(-n2cc(C#N)c(C=Nn3c(-c4ccncc4)nnc3-c3ccc(C#N)cc3)c2C)ccc1C#N,30.49
N#Cc1cc(-c2cc(C#N)c(-c3ccc(-c4cnc(C#N)nc4)cc3)cn2)nc(-c2cc(C#N)c(N)c(C#N)c2)n1,22.98
N#Cc1ccc(-c2nc(-c3c[nH]c(=N)c(C#N)c3)nc(N3CC4CC3CO4)n2)cc1,19.42
CS(=O)(=O)c1ccc(CCNCc2ccc(-c3ccc(CN(Cc4ccc(-c5ccc(C#N)cc5)cc4)Cc4nc(-c5ccc(C#N)cc5)c(-c5ccc(C#N)cc5)o4)cc3)nc2)cc1,27.08
N#Cc1ccc(-c2cc(C#N)nc(-n3nccc3C#N)c2)cn1,13.21
C=CCn1c(-c2ccc(-c3ccc(C#N)cc3)cc2)nc(-c2ccc(-c3ccc(C#N)nc3)cc2)c1-c1cccc(C#N)n1,17.75
N#Cc1ccc(-c2ccc(-c3nnn(-c4cc(-c5ccc(Cl)cc5)nc(-c5ccc(C#N)c(C#N)c5)c4)n3)cc2C#N)cc1,17.96
N#Cc1cc(-n2nc(C(F)(F)F)cc2C#N)c(C#N)nc1C#N,13.17
N#CC=Cc1ccnc(-c2cncc(-c3nc(C#N)c(C#N)nc3-c3ccc(Cl)cc3)n2)n1,21.88
C#Cn1c(-c2ccc(-c3ccc4c(=O)c(-c5ccc(C#N)s5)cn(CC)c4c3)cc2C#N)nc2ccccc21,36.25
CC(C)c1cc(C#N)n(-c2ncc(-c3ccc(-c4ccc(C#N)cn4)nc3)c(C#N)c2F)n1,18.12
N#CCC(CO)n1cc(-c2cc(-c3ccc(-c4ccc(Cl)c(C#N)c4)nc3)nc(-c3nc(-c4ccc(C#N)cc4)nc(-c4ccc(-c5ccc(C#N)cn5)cc4)n3)c2)nn1,33.17
N#Cc1cncc(-c2ncc(C#N)n2Cc2ccccc2-c2cnc(-c3cnc(C#N)c(C#N)n3)c(C#N)c2)c1,23.37
N#Cc1ccc(-c2cc(-c3cc(-c4ccc(-c5ccc(C#N)nc5)cn4)nc(-c4ccc(C#N)cc4)c3C#N)ccn2)cc1,23.5
N#Cc1ccc(-c2ccc(-c3cc(C#N)n(-c4cc(-c5nnc(-c6ccc(C#N)cc6)o5)nc(-c5ccc(C#N)cc5)n4)n3)cc2)cc1,12.67
N#Cc1ccnc(-c2cnn(-c3ccc(C#N)c(-c4ccc(C#N)c(C#N)c4)c3)c2)n1,20.34
N#Cc1ccc(-c2nc(-c3ccc(-c4cc(F)cc(C#N)c4)c(C#N)c3)c(C#N)c(-c3cc(F)c(-c4cnc(C5CC5)c(C#N)c4)cn3)n2)cc1,24.91
N#Cc1cc(-c2ccc(-c3ncc(-c4cnc(-c5ccc(F)c(C#N)c5)c(C#N)c4)cc3C#N)cc2)no1,19.96
N#Cc1ccc(-c2nc(OCC(F)(F)F)c3c(-c4cnc(Br)c(C#N)n4)c(C#N)c(-c4ccc(-c5ccc(C#N)c(C#N)c5)cc4)cc3n2)cc1,33.24
N#Cc1ccc(CC(CO)N=c2ccc(C#N)c(OCC(=O)N=c3cc(-c4ccc(-c5cccc(C#N)c5)cc4)c(C#N)c(-c4ccc(Cl)c(Cl)c4)[nH]3)[nH]2)nc1,47.24
N#Cc1cc(Cc2nc3cc(C#N)ncc3o2)cc(-c2cnc(-c3ccc(C#N)nc3)c(C#N)c2)c1,23.93
Cc1cc(-c2ccc3c(c2)c(C#N)c(-c2cccc4cccnc24)n3Cc2ccnc(C#N)c2)nc(C#N)n1,31.42
Cc1ccc(-c2nccc(-n3c(C=Cc4ccc(-c5ccc(C#N)cc5)nc4)nc(C#N)c3N)n2)cc1C#N,22.85
N#CCc1cnc(-c2nc(-c3cnc(C#N)c(C#N)c3)cc(N3CC4CC3CO4)n2)cc1C#N,18.53
N#CC=Cc1nc(-c2ccc(-c3ccc(C#N)cc3)cc2)nc(-c2ccc(-c3cnc(-c4cnc(C#N)c(C#N)c4)c(C#N)n3)nc2)n1,21.77
N#Cc1ccc(-c2cc(N=c3[nH]c(-c4ccc(-c5ccco5)nc4)cs3)cc(-c3ccc(C#N)cc3)c2)cc1,24.45
CC(=O)NC1CCC(c2ncc(-c3ccc(C#N)c(-c4ccc(C#N)cc4)n3)cc2C#N)C1,20.62
COc1ccc(C#N)cc1-c1cc(C#N)cc(-n2c(CC(C)(C)C#N)nc3cc(C#N)c(C#N)cc32)c1,32.58
N#Cc1cc(-c2nc(-c3cnn4ccc(N5CCC=NCC5)nc34)nc(N3CC4CCC(C3)O4)n2)nc(C#N)c1C#N,24.53
Cc1nc(C2CC2)c(C#N)cc1-c1nc(-c2nc(C#N)cnc2C)nc(N2CCC(=CC#N)CC2)n1,29.38
N#Cc1ccc(-c2ccc(-c3nc(-c4cc(C#N)c(C#N)c(C#N)n4)n(C4CC(F)(F)C4)n3)cn2)cc1,14.92
N#Cc1ccc(-c2nc(C#N)nc(-c3ccc(-c4cc(C#N)c(N)c(C#N)n4)nc3)c2F)nc1,22.75
CC(C)n1cc(-c2ccc(-c3cc(Cn4cncn4)ccc3C#N)cc2F)cn1,31.21
N#Cc1cnc(Br)c(-c2nc(-c3cc(C#N)c(C#N)c(C#N)n3)ccc2F)c1,20.02
N#CCN1CCCc2cc(-c3cc(-c4cccc(C#N)n4)nc(C#N)n3)cc(OCCN3CCCC3)c21,35.33
Cn1c(C#N)c(F)c(-c2nc(-c3cc(C#N)c(C#N)c(C#N)n3)ccc2C#N)cc1=N,16.04
CCCn1c(=O)c2[nH]c(-c3ccc(C#N)c(C#N)c3)cc2n(CCC)c1=O,17.57
N#Cc1ccc(-c2nc(-c3cnc(C#N)c(C#N)c3)no2)c(OC(F)F)c1,12.45
CC(C)Oc1ncc(-c2nc(C(N)=O)cc(-c3ccc(OCc4cc(-c5ccc(C#N)nc5)no4)c(C#N)c3)n2)cc1C#N,30.53
N#Cc1ccnc(-c2nc(-c3cc(C#N)c(C#N)c(C#N)n3)ccc2C2CCC(F)CN2)n1,11.3
N#Cc1ccc(-c2ccc(-c3nc(-c4ccc(C#N)cc4)nc(-c4cn(-c5ccccc5)nc4-c4cccc(C#N)n4)n3)cc2)cc1,15.59
N#Cc1cc(-c2ccc(-c3cnc(C#N)nc3)cn2)nc(-c2cc(C#N)c(C#N)c(C#N)n2)n1,12.51
CCS(=O)(=O)Nc1cnc(-c2nc(-c3cnc(C#N)c(C#N)c3)n3ccncc23)c(C)c1,28.67
N#CCc1ccc(-c2nc(-c3cccc(C#N)n3)nc(N3CCOC3)n2)cc1C#N,19.72
N#Cc1cccc(-c2nc(-c3cnc(C(F)(F)F)c(C#N)c3)nc(N3CC4C(N)C4C3)n2)n1,14.94
CN1CCN(CCNC(=O)c2cnn(-c3nc(C#N)nc(-n4nccc4C#N)n3)c2C2CC2)CC1,23.0
Cn1c(C(=O)c2ccc(-c3cc(C#N)cc(C#N)c3)nc2)nc(-c2ccc(-c3cnc(=N)[nH]c3)c(F)c2)c1-c1ccc(C#N)c(C#N)c1,26.69
N#CC(C#N)=c1ccc(=C(C#N)c2nc(C#N)c(-c3cccc(C#N)n3)c(C(C#N)=c3ccc(=C(C#N)C#N)cc3)n2)cc1,11.9
N#Cc1ccc(-c2ccc(-c3ncc(-c4ccc(-c5ccc(-n6ccc(C(F)(F)F)n6)nc5)cc4)nc3-c3ccc(F)c(F)c3)cc2)cc1,23.46
N#Cc1ccc(-c2nc(CCc3ncc(-c4ccc(C#N)nc4)o3)cc(-c3nc(Cl)nc(C#N)c3C#N)n2)cc1,26.2
N#Cc1ccc(-c2cc(-n3nc(C#N)cc3C#N)ccc2F)cc1,12.13
N#Cc1ccc(Oc2ccc(S(=O)(=O)N=c3[nH]cns3)cc2C#N)c(-c2cnc(C#N)c(C#N)n2)c1,19.6
N#Cc1ccc(-c2nc(-c3ccc(NCc4nc(-c5ccc(C#N)nc5)nc(-c5cnc(C#N)c(C#N)c5)n4)cc3)cc(N3CC(O)C3)n2)cc1,23.63
CN(C)CCOc1ccc(-c2nc(-c3ncc(-c4cccc(-c5ccc(C(=O)NCc6ccncc6)cn5)c4)cc3C#N)ncc2C#N)cc1,36.61
N#Cc1ccc(-c2ccc(-c3nc(-c4cccc(C(F)(F)F)c4F)nc(-c4cc(-c5ccccc5C#N)cc(C#N)n4)c3C#N)cn2)nc1,25.06
CN(C)c1c(C#N)cc(-c2cc[nH]c(=Nc3cc4[nH]c(C#N)cc4cc3Cl)n2)cc1C#N,32.53
CNc1cc(-c2nc(-c3ccc(C#N)cc3)nc(N3CCOCC3C)n2)cc(C#N)c1C#N,17.44
N#Cc1ccc(Cn2c(Cn3nc(-n4nc(C#N)cc4C#N)ccc3=O)nc3cc(C#N)ccc32)cc1,28.51
N#Cc1ccc(-c2ccc(-c3nc(-c4ccc(C#N)cc4)nc(N4CCNCC4)c3C#N)cc2)cc1,17.32
N#Cc1ccc(-c2ccc(-c3cc(C#N)c(NC(=O)c4cc(F)c(F)c(F)c4)n3-c3ccc(C#N)cc3)cc2)cc1,18.64
N#Cc1ccc(-c2nc(-c3ccc(F)c(C#N)c3)n3cc(-c4cnc(-c5ccc(C#N)nc5)c(C#N)c4)nc(-c4ccc(F)c(F)c4F)c23)cc1,36.05
N#Cc1cc(-c2cnc(C#N)c(-c3cnc(F)c(C#N)c3)c2)cc(-c2nc(-c3cnc(C(F)(F)F)c(C#N)c3)nc(N3CC4CC3CO4)n2)n1,28.78
N#Cc1ccc(-c2cnc(-c3cnc(-c4ccc(Br)s4)c(C#N)c3)c(C#N)c2)o1,32.75
Cn1c(CCc2nc(-c3cc(-c4ccc(F)c(F)c4)nc(C#N)n3)cc(-c3ccc(C#N)cc3)c2C#N)nc(C#N)c1N,23.04
Cc1cc(C#N)cc(Oc2nc(-c3ccc(C#N)c(-c4ccc(-c5ccc(C#N)cc5)cc4)c3)cc(-c3cc(C#N)ccc3C#N)n2)c1,33.06
N#Cc1ccc(-c2ccc(S(=O)(=O)c3cc(C#N)nc4ccccc34)cc2C#N)cc1,25.25
N#Cc1cncc(-c2ccc(F)c(-c3cnn(-c4ncc(-c5ccc(C#N)nc5)cc4C#N)n3)c2)c1,27.44
N#Cc1cc(-c2nc(N3CCOCC3)nc(N3CCC(N)C3)n2)ccc1-c1cnc(C#N)c(C#N)c1,14.68
N#Cc1ccc(-c2cc(-c3nc(-c4cccc(C#N)n4)nc(-n4nc(C#N)cc4C#N)n3)cc(C#N)c2F)cc1,20.04
CC(C(=S)NCCc1ccccc1)c1ccc(-c2ccc(C#N)cc2)cc1,32.85
Cc1c(N2CC(O)C2C)cc(C#N)nc1-c1nc(-c2cnc(C(C)(C)C#N)c(C#N)c2)nc(N2CC3CC2C3)n1,19.77
CC(C)N(Cc1ccsc1)Cc1cccc(-c2nn(-c3cc(F)cc(C#Cc4cnc5cc(C#N)cc(C#N)c5c4)c3)c(-c3ccc(C#N)cc3)c2C#N)n1,58.59
N#Cc1ccc(-c2ccc(-c3nc(C#N)c4cc(NS(=O)(=O)c5ccc(C#N)cc5)ccc4n3)cc2)cc1,17.36
CC(C#N)N1CCCC(n2nc(-c3cnc(-c4ccc(F)c(C#N)c4)c(C#N)c3)nc2-c2cnc(C#N)c(C#N)c2)C1,15.1
N#Cc1cc(-c2nc(-c3cc(C#N)c(N4CC(F)C4)nn3)cc(N3CC4CC3CO4)n2)cnc1C#N,14.73
N#Cc1ncc(-c2cc(-n3nccc3C#N)ncc2F)cc1Cl,19.95
CC(C)Oc1ncc(-c2nc(-c3cc(-c4cnc(C#N)c(C#N)c4)nc(-c4cnc(C#N)c(C#N)c4)n3)cn2C)cc1C#N,12.02
N#Cc1ccc(NS(=O)(=O)c2ccc(OCc3cnn(-c4ccc(C#N)c(Cl)c4)c3C#N)c(C#N)c2)cn1,33.86
Cc1cccc2[nH]c(-c3ccc(-c4ccc(-c5cccc(-c6cc(-c7ccc(C#N)cc7)c(C#N)c(C#N)n6)c5)cn4)cc3)nc12,25.21
N#Cc1ccc(-c2ccc(-n3cccn3)cc2C#N)nc1,15.11
N#Cc1ccc(C#N)c(-c2cc(C#N)nc(-n3nncc3C#N)c2)c1,18.17
N#Cc1cccc(-c2nc(-c3ccc(C#N)c(C#N)c3)cc(-n3nccc3C#N)n2)n1,11.39
CCCc1cc(-c2ccc(C#N)c(-c3nc(C#N)c([N+](=O)[O-])n3C)n2)nc(-c2cc(C#N)c(C#N)[nH]2)n1,25.03
CN(Cc1ncco1)Cc1nc(C#N)c(C#N)cc1-c1ccc(C#N)c(C#N)c1,24.37
O=C(OC1Cc2cc(O)c(O)cc2OC1c1cc(O)c(O)c(O)c1)c1ccc(O)c(O)c1,27.47
Cc1cc(C#N)ncc1-c1nc(-c2ccc(-c3ccc(C#N)cc3)cc2)nc(-c2cc(-c3cccc(-c4ccc(C#N)cc4)n3)ccn2)n1,20.58
CC(C)Oc1ncc(-c2nc(CCC3CCN(CCS(C)(=N)=O)CC3)nc(-c3cccc(C#N)n3)n2)cc1C#N,23.79
CCOc1ccc(-c2cc(C#N)c(C#N)c(C#N)n2)nc1-c1ccc(C#N)c(C#N)n1,14.27
N#Cc1ccc(-c2ccc(-c3nc(-c4ccc(-c5ccc(C#N)cc5)cn4)n(-c4ccc(F)c(F)c4)n3)cc2)cc1,18.63
Cc1nc(-c2ccc(C#N)cc2)sc1-c1nc(N=CN(C)C)cc(-c2cc(C#N)ccn2)n1,28.3
CC#CC1CN(c2nc(-c3cc(C#N)c(C#N)c(-c4ccc(C#N)c(F)c4)n3)nc(-c3ccc(F)c(C#N)c3F)n2)C(C)CO1,22.96
COc1cc(-c2[nH]c(SCc3csc(-c4ccc(C#N)cc4)n3)nc(=N)c2C#N)ccc1-n1cnc(C)c1,17.17
N#Cc1ccc(-c2nc(C#N)ccc2-c2cc(-c3ccc(-c4nc(C#N)c(N)cc4C#N)c(C#N)n3)[nH]c(=N)n2)cc1,23.98
Cc1ncc(-c2nc(-c3cccc(C#N)n3)nc(N3CC4CC3CO4)n2)cc1C#N,10.72
Cn1cc(-c2ccc(-c3nc(-c4c(C#N)nnc(-c5ccc(C#N)c(C#N)c5)c4C#N)nc(N4CC5CCC(C4)O5)n3)c(F)c2)cn1,28.16
N#Cc1ccc(-c2ccc(-c3cnc(-c4ccc(C#N)c(C#N)c4)c(C#N)c3)cn2)cn1,9.32
N#Cc1ccc(-c2cccc(-c3ccc(C#N)n3-c3ccc(-c4ccc(C#N)c(C#N)c4)cc3)c2)cc1,14.5
N#Cc1ccc(-c2ccc(-c3nnc(-c4cc(-n5nc(C(=O)O)cc5C#N)nc(-c5cccc(C#N)n5)n4)o3)cn2)nc1,24.67
N#Cc1cc(-c2cc(-c3ccc(-c4ccnc(Cl)n4)nc3)nc(N3CC(N)CC(F)C3)n2)cnc1C#N,20.99
CC(=Nc1cc(C#N)nc(-c2cc(-c3ccc(-c4cc(F)c(C#N)c(C#N)c4)cc3)cs2)n1)C(C#N)C#N,39.31
CC1COCCN1c1nc(-c2cnc(C#N)c(C#N)c2)nc(-c2c(F)c(-c3noc(C(F)(F)F)n3)nc(C#N)c2C#N)n1,27.25
N#Cc1ccc(-c2nc(-c3ccc(C#N)nc3)cc(-n3nc(C(F)(F)F)cc3C#N)n2)cc1,9.29
N#Cc1ccc(-c2ccc(-c3noc(Cc4ccc(-c5ccc(C#N)c(C#N)c5)cc4)n3)cc2)cc1,21.13
CC(=O)Nc1ccc(-c2ccc(C#Cc3cc(-c4ccc(C#N)c(C#N)c4)nc(-c4ccc(-c5ccc(C#N)cc5)nc4)n3)cc2C#N)c(F)c1C#N,25.61
Cn1c(C(C#N)c2cnc(OCC(F)(F)F)c(C#N)c2)nc(-c2cnc(N3CCC(F)(F)C3)c(C#N)c2)cc1=Nc1ccc(C#N)cc1C#N,31.91
CC(C)Oc1ncc(-c2nc(-c3ccc(-c4ccc(C#N)cn4)nc3)nc(N3CC4CC3C4)n2)cc1C#N,8.57
COc1ccc(CN(C)C(=O)c2cnn3c(C4CCC4)nc(-c4cnc(-c5cccc(C#N)c5)c(C#N)c4)nc23)cc1,29.32
N#Cc1cc(-c2cc(Cl)nc(-n3nc(C(N)=O)cc3C#N)c2)cnc1-c1ccc(F)c(F)c1,13.94
N#Cc1cc(-n2nc(C#N)cc2C#N)cc(-c2ccc(-c3cnco3)c(C#N)c2)n1,14.04
N#Cc1cccc(-c2nc(-c3cnc(C#N)c(C#N)c3)nc(N3CCOCC3)n2)n1,11.28
COCCNc1oc(-c2ccc(-c3cnc(C#N)c(C#N)c3)c(C#N)c2)nc1C#N,17.86
N#Cc1cc(-c2ccc(-c3nc(C#N)c(C#N)c(C#N)n3)nc2)cc(-c2n[nH]c(-c3cc(C(F)(F)F)c(N)c(C#N)c3F)n2)c1,31.66
N#Cc1cc(-c2nc(-c3ccc(F)c(-n4ccc(C(O)(C(F)(F)F)C(F)(F)F)c4)c3F)cc(C3CC3)n2)cnc1C#N,27.79
N#Cc1ccc(-c2cccc(-c3cc(C#N)nc4c(N=c5ccc(C#N)c[nH]5)cccc34)c2)cc1,24.55
N#Cc1ccc(-n2cc(CN)c(-c3ccc(C#N)c(-c4ccc(-c5cc(F)ccc5F)c(C#N)c4)n3)n2)c(C#N)c1,24.19
N#Cc1ccc(C=Cc2nc(-c3ccc(C#N)cc3)nc(-c3ccc(-c4cc(-c5cccc(C#N)n5)ccn4)cc3)n2)cc1,16.62
COc1nc(-c2ccc(C#N)c(Cl)c2)c(C#N)cc1-n1cnc(-c2ccc(C#N)c(C#N)c2)n1,17.91
N#Cc1cc(-c2cc(C#N)c(-c3cccc(-c4nc(-c5ccncc5)ncc4C#N)c3F)c(-c3ncccc3C#N)c2)cnc1C#N,36.5
N#Cc1ccc(-c2ccc(-c3cc(-c4nc(C#N)c(N)n5nc(-c6ccc(C#N)cc6)nc45)nn3-c3ccc(F)cc3F)cn2)cc1,24.8
N#Cc1cc(-c2cnc(C#N)c(C#N)c2)cc(C(O)c2nc(-c3ccc(-c4ccc(F)c(F)n4)cn3)c[nH]2)c1,28.72
N#Cc1ccc(-c2cncc(-n3nc(C#N)nc3-c3ccc(-c4cccc(F)c4)c(C#N)c3)c2)cn1,19.39
N#CCn1ncc(-c2nc(-c3ccc(C#N)nc3)nc(-c3ccc(C#N)c(C#N)c3)n2)c1-c1ccc(C#N)c(C#N)c1,22.37
CC1COCCN1c1nc(-c2ccc(N3CCC(O)C(O)C3)nc2)nc(-c2cnc(C#N)c(C#N)c2)n1,23.49
N#Cc1cc(-c2ccc(-c3cc(-c4nc(Cl)nc(Cl)n4)nc(-c4cnc(C5CC5)c(C#N)c4)c3F)cn2)nc(-c2cnc(C#N)c(C#N)c2)n1,23.66
Cc1nc(C#N)cc(-c2cc(-c3cnc(C#N)c(C#N)c3)cc(-n3nc(C#N)nc3C(C)C)c2)n1,22.44
Cc1ncc(C#Cc2cnc(C#N)nc2N(Cc2ccc(C#N)cc2)Cc2ccc(-c3ccc(C#N)cc3)nc2)cn1,26.0
N#Cc1cccc(-c2ccc(-c3nc(C=CC(=O)Nc4ccc(-c5cncc(C#N)c5)c(C#N)c4)oc3C#N)cn2)c1,25.37
CC(C#N)(C#N)COc1cnc(-c2ccc(F)c(-c3cc(C#N)c(C(=O)Nc4ccc(C#N)c(C#N)c4)nc3C#N)c2)cn1,34.26
N#Cc1ccc(-c2ccc(-c3nc(-c4ccc(C#N)c(C#N)c4)nc(-c4ccc(-c5sccc5-c5ccc(N)c(C#N)n5)cn4)n3)cc2)cc1,23.41
N#Cc1ccc(-c2cc(C#N)ccc2-c2nc(-c3ccc(C(=O)NCc4ccccc4-n4ccc(C#N)n4)cc3C#N)ccc2C#N)cc1,33.79
CCNC(=O)c1cc(-n2nc(C#N)cc2-c2ccc(-c3ccc(C#N)cc3)cc2)c(C#N)cc1-c1cnc(-c2ccc(C#N)cc2)c(C#N)c1,20.64
N#Cc1ccc(-c2ccc(-c3cc(-c4ccc(-c5ccc(C#N)cc5)cc4)c(C#N)c(=O)[nH]3)cc2)cc1,13.58
COc1cc(-c2nc(-c3ccc(C#N)cc3)nc(-c3ccc(-c4ccc(C#N)c(F)c4)nc3)n2)cc(-n2nccc2C#N)c1,18.65
N#Cc1ccc(C#N)c(-c2nc(-c3cnc(C#N)c(C#N)c3)nc(N3CC4CC3CO4)n2)n1,10.64
N#Cc1cc(-c2ccc(-c3cc(-c4cccc(-n5cnc6c(=N)[nH]cnc65)c4)cc(N4CCOCC4)n3)cc2)nc(C#N)n1,31.39
N#Cc1ccc(C#Cc2ccc(=N)[nH]c2)c(-c2cc(N3CC4CC3CO4)nc(-c3cc(C#N)c(C#N)c(C#N)n3)n2)n1,19.77
CCOc1nc(-c2ccc(-c3ccc(C#N)cc3)cc2)c(-c2ccc(C#N)cc2)cc1-c1nc(-c2ccc(-c3ccc(C#N)cc3)nc2)n(C)n1,15.15
N=C1COCC(CF)(c2cccc(-c3cc(Cl)nc(-c4ccnc(Cl)c4F)c3)c2)N1,39.83
N#Cc1cc(-c2nc(-c3cnc(-c4ccc(F)cc4)c(C#N)c3)nn2C2CCCNC2)cnc1C#N,16.58
CC(C)Oc1ncc(-c2nc(-c3cnc(C#N)nc3)nc(-c3ccc(OC(C)C(=O)O)c(C(=O)NC(CO)c4cccnc4)c3)n2)cc1C#N,37.5
N#Cc1ccc(-c2ccc(-c3nc(-c4ccc(-c5ccc(C#N)cn5)nc4)nc(-c4cccc(C#N)n4)c3C#N)cc2)nc1,18.3
N#CCc1ncc(-c2nc(-c3c[nH]c(=N)c(C#N)c3)nc(N3CC4CC4C3)n2)cc1C#N,15.57
CC(C#N)c1ncc(-c2nc(-c3ccc(-c4ccc(C#N)cc4)cc3)n(-c3ccc(C#N)c(C#N)c3)n2)cc1C#N,16.44
N#Cc1ccc(-c2cc(-c3cnc(F)c(C#N)n3)nc(-c3nc(N4CCCC(N)C4)nc(-c4cnc(C#N)c(C#N)n4)c3C#N)c2)cc1,25.11
N#CCCCCc1nc(-c2ccc(C#N)nc2)nc(-c2cnc(C#N)c(C#N)c2)n1,15.27
N#Cc1cc(-c2nc(-c3cnc(C#N)c(C#N)c3)nc(-n3nccc3C#N)n2)cnc1C#N,11.7
N#Cc1ccc(Oc2ccc(-c3ccc(Cn4cnc(-c5cnc(-c6ccc(C#N)c(F)c6)c(C#N)c5)n4)cc3)cn2)cc1,27.94
N#Cc1ncc(-c2ncc(-c3nc(-c4cc(C#N)c(F)c(-c5cccc(F)c5)c4)n(C4CCS(=O)(=O)CC4)n3)cc2C#N)o1,29.73
CC(O)(CF)Cn1nc(-c2cc(C#N)c(C#N)c(C#N)n2)nc1-c1cc(C#N)ccc1F,25.51
COCCN1CC2CC1CN2c1nc(-c2cc(C)cc(C#N)n2)nc(-c2cc(C#N)c(C)c(C#N)n2)n1,19.68
Cc1[nH]nc(-c2nc(-c3ccc(C#N)cc3)nc(-c3cccc(C#N)n3)c2C#N)c1-c1nc(C#N)cc(O)c1C#N,33.65
N#Cc1ccc(-c2ccc(-c3c(C#N)c(C#N)c(NC(=O)Nc4ccc(Cl)cc4)n3-c3ccc(C#N)cc3)cc2)cc1,17.55
N#Cc1ccc(-c2cc(-c3ccncc3)nc(-c3ccc(-c4ccc(C#N)cc4)c(C#N)c3)c2)cc1,15.64
CC(C)n1nc(-c2cncc(-c3ccc(C#N)cc3)c2)nc1-c1cnc(CC#N)c(C#N)c1,14.99
N#Cc1ccc(-c2ccc(-c3nc(-c4cccc(N)c4)c4cnc(C#N)cc4n3)cc2)cc1,22.15
CNc1ccc(-c2ccc(-c3ccc(-c4ccc(C#N)cc4)c(C#N)c3)cc2-c2ncc(-c3c[nH]c(=N)c(C#N)n3)nn2)nc1C#N,25.45
CS(=O)(=O)N1CCN=C1SCc1ccc(F)cc1,23.3
C#Cc1ccc(C#N)n1-c1nc(C#N)nc(-c2cc(C#N)nc(-c3cc(C#N)c(C#N)c(C#N)n3)n2)c1C,17.48
N#Cc1nccc(-c2nc(-c3ccc(C#N)c(C#N)c3)nc(N3CCOCC3C(N)=O)n2)n1,15.02
N#Cc1ccc(-c2cnc(-n3nc(C#N)c(-c4ccc(-c5ccc(C#N)c(C#N)c5)c(C#N)c4)c3C#N)cn2)cn1,20.08
COCCOc1ccc(-c2nc(-c3cnc(C#N)c(C#N)c3)nc(N3CC4CC3C4)n2)cn1,15.39
N#Cc1ccc(-c2ccc(-c3cc(-c4cc(C(=O)NCCCn5ccnc5)ccc4C#N)ccc3C#N)cc2)nc1,30.38
COCCN(C)C1CCCN(c2nc(-c3cnc(C#N)c(C#N)c3)nc(-c3nc(C#N)ccc3C#N)n2)C1,19.37
N#Cc1cc(-c2cccc(-c3nc(C#N)c(N)c(C#N)n3)c2)ccc1F,17.55
N#Cc1cncc(C(=O)Nc2cccc(-c3cccc(-c4cc(C#N)c(C#N)c(C#N)n4)n3)c2)c1,24.86
N#CCc1[nH]c(-c2nc(-c3ccc(C#N)c(F)c3F)nc(N3CCC(NC(=O)CO)C3)n2)cc1C#N,19.19
Cc1cc(-c2cnccn2)nc(-c2cnc(Oc3cc(C#N)nc(-c4cnc(C(F)(F)F)c(C#N)c4)c3)c(C#N)c2)n1,29.11
N#CCCN=c1ncc(-c2cc(-c3cccc(C(=O)Nc4ccc(C#N)nc4)c3)c(C#N)c(-n3cc(-c4cc(Cl)ccc4C#N)cn3)n2)c[nH]1,46.98
Cc1c(NC(=O)c2cc(-c3ccc(C#N)cc3)nc(-c3ccc(C#N)c(F)c3)c2)c(=O)n(-c2ccccc2)n1C,22.28
COC1CC(C)N(c2nc(-c3cnc(C#N)c(C#N)c3)nc(-c3cccc(C#N)n3)n2)C1,14.12
Cc1ccn(-c2cnc(C(F)(F)F)nc2-c2cc(C#N)c(-c3ccc(C#N)cc3)cn2)n1,20.27
CCc1ncnc(-c2ccc(C#N)c(Cl)c2)c1C#Cc1cnc(C(C)(C)C#N)nc1,27.97
N#Cc1cc(-c2ccc(-c3cc(C#N)c(-c4ccc(-c5nnco5)c(C#N)c4)nc3CC3CC3)cc2)cs1,23.19
Cn1cc(-c2ccc(-c3ccc(-c4cnc(C(=O)Nc5ccc(C#N)c(C#Cc6c[nH]c(=N)[nH]c6=N)c5)c(C#N)c4)cn3)cn2)cn1,38.58
N#Cc1ccc(-c2ccc(-c3nc(-c4cccc(F)c4Cl)nn3-c3ccc(C#N)cc3F)cn2)cc1,25.35
N#Cc1ccc(-c2ccc(-c3nc(-c4cc(C#N)c(OC(F)F)c(C#N)c4)nn3CC(F)(F)F)nc2)nc1,12.09
N#Cc1ccc(-c2ncc(-c3nc(C#N)cc(-c4ccc(-n5cccc5C#N)c(F)c4)n3)cc2C#N)cn1,19.01
N#Cc1ccc(-c2nc(C#N)c(C#N)nc2-c2cc(C#N)cc(-n3nc(C(N)=O)cc3C#N)c2)cc1,14.22
N#Cc1ccc(-c2cc(N3CC4CC3CS4(=O)=O)nc(-c3cc(C#N)c(C#N)c(C#N)n3)n2)cc1OCC1CC1,23.96
COc1c(F)cc(-c2cc(-n3nc(C)cc3C#N)nc(-c3nc(C#N)ccc3C#N)n2)cc1Cl,20.53
N#Cc1cccc(-c2ccc(-c3nc(-c4cc(-c5ccccn5)nc(C(F)(F)F)n4)nc(-c4c(F)c(F)c(C#N)c(F)c4F)n3)s2)c1,19.28
COc1ccc(C(=O)N2CCC(N3CC(CC#N)(n4cc(-c5c(-c6ccc(C#N)cc6)ncc6[nH]cc(C#N)c56)cn4)C3)CC2)cc1,35.23
Cc1nn(C)c(C)c1-c1nc(-c2cnc(CC#N)c(C#N)c2)nc(N2CC3CCOC3C2)n1,24.84
N#Cc1ccc(-c2ccc(-c3cccc(C=Cc4nnc(-c5ccc(C#N)cc5)c(-c5ccc(C#N)cc5)n4)c3)cc2C#N)cc1,17.71
CC(C=Cc1ncnn1-c1ccc(C(F)(F)F)cc1Cl)=CCOc1c(Cl)cc(-c2cc(C#N)cc(C#N)c2)cc1C#N,46.84
CC(C#N)Oc1ccc(-c2nc(-c3ccncc3C#N)nc(N3NC(C(F)(F)F)(C(F)(F)F)CC3c3ccc(C#N)cc3)n2)cc1C#N,31.89
N#Cc1ccc(-c2ccc(-c3nc(C(N)=O)cc(-c4ccc(-c5cocn5)cc4)n3)cn2)nc1,25.03
COCC(C)Nc1cc(-c2cccc(F)c2C#N)nc(-c2cc(C#N)c(C#N)c(C#N)n2)n1,18.2
Cn1c(-c2ccc(-c3cc(-n4ccc(C#N)n4)ccc3C#N)cc2F)nc(C#N)c1NC(=O)c1cc(F)c(OCC(F)(F)F)c(C#N)c1,30.05
COc1cccc(-n2c(CC(=O)Nc3ccc(-c4cccc(-c5ccc(-c6ccc(C#N)cc6)cc5)n4)cc3)nc3sc(C)c(-c4ccccc4)c3c2=O)c1,38.91
Cc1nc2cc(F)cc(F)c2c(=O)n1-c1ccc(-c2cccc(F)c2)cc1Cn1cc(-c2ccc(-c3ccc(C#N)cc3)cc2)c(-c2ccc(C#N)nc2)n1,34.9
N#Cc1cc(-c2ccc(-c3nc(Cl)nc(Cl)n3)cc2)cc(-c2cc(N=c3ssnc3Cl)ccn2)c1,25.71
COc1cc(C#N)ccc1N=c1[nH]cnc2c(OC)c(C#CC3CCC(OC(=O)c4cc(C#N)ccc4O)C3)sc12,43.75
N#Cc1ccc(-c2ccc(-c3ncc(-c4ccnc(F)c4)c4ncccc34)cc2C#N)nc1,20.79
Cc1ccc(-c2nc(-c3cccc(C#N)n3)cc(N3CC4CCC(O)C4C3)n2)cc1C#N,18.7
CS(=O)(=O)c1ccc(Oc2cc(F)cc(-c3cc(-c4cnc(C#N)c(C#N)c4)nc(N4CCC(C#N)C(N)C4)n3)c2)cc1,23.23
N#Cc1ccc(-c2nc(-c3ccc(C#N)cc3)c(C#N)c(-c3cc(-c4ccc(C#N)cn4)nc(C#N)n3)n2)cc1,11.06
N#Cc1ccc(-c2ccc(-c3nc(-c4cccc(C#N)n4)cc(-c4cc(-c5ccc(-c6ccc(F)c(C#N)c6)cc5)nc(-c5ccc(C#N)cc5)n4)n3)cc2)cc1,14.91
N#Cc1ccc(-c2ccc(-c3nc(-c4ccc(-c5nc(C#N)c(N)s5)cc4)c(-c4ccncc4)[nH]3)cc2)cc1,20.37
COCCOc1cc(F)c(-c2ncc(-c3ccc(F)c(-c4cnc(C#N)cn4)c3)cc2C#N)cc1F,27.6
CN(c1ccc(F)c(F)c1)c1cc(F)ccc1-c1nccc(-c2ccc(-c3cc(C#N)c(-c4ccc(C#N)cc4)s3)nc2)n1,30.3
CC(C)c1cccc(C(C)C)c1NC(=O)N(CCC#N)N=Cc1ccc(-c2cccc(C#N)c2)o1,30.65
CSC(C#N)c1ncc(-c2nc(-c3cncc(C#N)c3)nn2C(C)C)cc1C#N,22.99
N#Cc1ccc(-c2nc(-c3ccc(Cl)cc3)nc3c(C#N)c(-c4ccc5c(C#N)nncc5c4)cn23)cc1C#N,40.8
N#Cc1ccc(-c2nc(C#N)c(-c3ccc(-c4cnc(NCc5cnc(C#N)c(C#N)c5)c(C#N)n4)cc3)o2)cc1,25.16
Cn1c(C#N)cnc1-c1ccc(-c2cc(-c3ccc(C#N)cc3)cc(-c3ccc(C=NO)cn3)c2)cc1,27.43
N#Cc1ccc(-c2c(C#N)nc3ccccc3[n+]2[O-])cc1,18.86
CC(C)n1nc(-c2cnc(-c3ccc(O)cc3)c(C#N)c2)nc1C1CCN(C(=O)N(C)C)CC1,21.36
Cc1nc(=NCCN2CCOCC2)cc(N=c2[nH]c(-c3cnc(N)c(C#N)n3)cs2)[nH]1,23.46
CC(C)Oc1ncc(-c2nc(-c3cc(-c4cc(Cl)cc(Cl)c4Cl)nn3C)nn2CC(=O)N2CCN(CC(O)=NO)CC2)cc1C#N,31.21
N#Cc1cccc(-c2nc(-c3cnc(C#N)c(C#N)c3)nc(N3CC4CC3CN(C(=O)CO)C4)n2)n1,19.88
N#Cc1ccc(Nc2cc(-c3cccs3)c(C#N)c(-c3cnc(C#N)c(C#N)c3)n2)cn1,24.76
Cn1cc(C#N)nc1-c1nc(-c2ccc(C(=O)NCC#N)cc2)nc(-c2ccc(-c3ccc(N)c(C#N)n3)cc2)n1,22.02
N#Cc1ccc(-c2nc(Nc3ccc4c(c3)C(=O)c3ccc(-c5cccc(C#N)n5)nc3C4=O)co2)cc1,14.52
N#Cc1cc(Cl)c(-c2cnc(-c3ccc(-c4nc(Cl)nc(Cl)n4)cc3)nc2Cl)cc1C#N,21.73
N#Cc1ccc(-c2cc(-c3cncc(-c4noc(-c5cnc(C#N)c(C#N)c5)n4)c3)ccc2C#N)cc1,18.68
N#Cc1ccc(-c2nc(-c3ccc(-n4cccc4C#N)cc3)nc(C#N)c2C#N)cc1,18.26
N#CCOc1ccc(-c2ccc(-c3c[nH]c(=N)cn3)c(F)c2)c(-c2ccc(-c3ccnc(C#N)n3)c(F)c2)n1,28.63
CN=c1[nH]c(C#N)c(-c2ccc(-c3cc(C(N)=O)ncc3-n3cncc3C#N)c(F)c2)nc1C#N,28.11
C=CCn1cc(-c2ccc3nc(C#N)c(C#N)nc3c2)c(-c2cncc(C#N)c2)n1,22.41
Cc1c(-c2cc(-c3cccnc3F)[nH]c(=N)c2C#N)cnn1C(F)F,24.55
N#Cc1cnc(C#N)c(-c2nc(-c3cc(C#N)c(CO)c(C#N)c3)nc(N3CC(F)C(F)C3)n2)n1,17.74
N#Cc1cc(-c2ccc(-c3cnc(N)c(C#N)n3)c(C#N)c2)cc(-c2nc(C#N)n[nH]2)n1,19.58
CCCCCCCCCCCCCCCCCC(=O)OCn1c(C#N)cc(-c2nc(-c3ccc(C#N)cc3)nc(-c3ccc(C#N)cc3)c2C#N)c1C#N,27.2
N#Cc1ccc(-c2nc(-c3ccc(Br)cc3)nc(-c3cc(-c4ccc(C#N)cc4C#N)n4c(Br)cccc34)c2C#N)cc1,30.12
N#Cc1ccc(CC(NC(=O)C(N)Cc2ccc(O)cc2)C(=O)N=c2[nH]c(-c3ccc(C#N)nc3)nc(-c3ccc(-n4cnc(-c5cccc(C#N)c5)c4)nc3)c2C#N)cc1,43.9
N#Cc1ccc(CN)c(-c2nc(-c3ccc(OC(F)(F)F)c(C#N)c3)nc(N3CC4CC4C3)n2)n1,24.45
N#Cc1ccc(-c2nc(C#N)c(C#N)nc2-c2ccc(-c3cc(C#N)cc(-c4nc(C#N)ccc4C#N)c3)cc2)cc1,13.23
N#CCCc1nc(-c2ccc(-c3ncccc3F)nc2)nc(-c2cc(C#N)c(C#N)cc2Cl)n1,23.18
COc1cc(-c2ccnc(-c3ccc(C#N)cc3)n2)ccc1-c1ccc(-c2ccnc(-c3ccc(C#N)cc3)n2)c(C#N)c1,26.84
COc1nc(Cl)nc(-c2ccc(-c3cc(C#N)c(C#N)c(-c4cc(C(F)(F)F)ccc4C#N)c3)cn2)n1,16.86
CN(C)c1nc(-c2cc(C#N)nc(-c3cnc(C#N)c(C#N)c3)n2)c(F)c(-n2c(C#N)ccc2C#N)n1,17.59
COC1CCN(c2nc(-c3cc(C#N)cc(-n4nc(C#N)cc4C#N)c3)nc(-c3ccc(-c4ccc(C#N)c(F)c4)c(F)c3)n2)CC1(C)C,23.07
N#Cc1ccc(-c2ccc(C#Cc3cc(-c4ccc(-c5ccc(C#N)cc5)nc4)nc(-c4ccc(-c5ccc(C#N)cc5)cc4)n3)cc2)cc1,12.61
Cc1c(-c2cc(C#N)nc(-c3cc(C#N)c(C#N)c(C#N)n3)n2)nc(C#N)nc1-n1nc(C(F)(F)F)cc1C#N,14.21
CC(C)Oc1ncc(-c2ncc(-c3cccc(-c4ncnc(C(F)(F)F)c4C#N)c3F)cn2)cc1C#N,26.95
N#Cc1ccc(Nc2cc(-c3cnc(C#N)nc3)nc(-c3cc(C#N)c(C#N)c(-c4cnc(C#N)c(C#N)c4)n3)n2)cn1,20.24
Cc1cc(-c2cc(Cl)c(-c3nc(C#N)c(NCCCN4CCOCC4)o3)cn2)nc(-c2cnc(C#N)c(C#N)c2)n1,30.23
COCc1cc(C#N)n(-c2ccc(-c3ccc(C#N)cc3)c(C#N)c2)n1,12.93
N#Cc1ccc(-c2nccc(-c3nc(-c4cc(C#N)c(C#N)c(C#N)n4)ccc3C#N)c2C#N)cc1,14.1
CN(C)c1nnc(-c2cc(-c3ccc(C#N)cc3)cc(-c3ccc(-c4nc(Cl)nc(Cl)n4)cc3)c2)cc1C#N,13.7
N#CCC(=O)NCc1cc(-c2ccc3c(c2)c(C#N)nn3-c2ccc(-c3ccc(C#N)c(C#N)c3)c(C#N)c2F)c(C#N)cc1F,36.55
C=c1c(=Cc2ccc(-c3cccc(-c4nn[nH]n4)c3)o2)cc(O)n1-c1ccc(-c2nc3ccccc3[nH]2)cc1,24.02
CCc1nc(-c2cnc(CNC(CO)C(C)C)c(C#N)c2)oc1-c1ccc(N2CCN(C)C2=O)c(C#N)c1,32.99
CC(C)Oc1ncc(-c2nc(-c3nc(C#N)ccc3C#N)nc(N3CC4CC4C3)n2)cc1C#N,10.19
N#Cc1ccc(N2CCN(C=Nc3nc(N=CN4CCN(C=O)CC4)nc(N=CN4CCN(C=O)CC4)n3)CC2)cc1,15.68
N#Cc1ccc(-c2ccc(-c3ccc(N)c(C#N)n3)cc2)cc1-c1nc(OCC2(C#N)CCCC2)nc(C(F)(F)F)c1C#N,29.8
N#Cc1ccc(-c2ccc(-c3nc(-c4ccc(Cl)cc4Cl)nn3-c3cnc(C(=O)N=c4nc(C#N)cc(C#N)[nH]4)cc3Cl)cn2)cc1,38.07
N#Cc1ccc(-c2ccc(-c3ccc(C#N)n3C#Cc3ccc(-c4ccc(-c5cccc(C#N)n5)cc4)c(C#N)c3)cc2)cc1,19.94
Cc1cc(C#N)n(-c2nc(NCc3ccnc(C#N)c3)c(F)c(Oc3cc(C#N)ccc3C#N)n2)n1,25.29
N#Cc1cccc(-c2ncc(-c3cc(-c4ccc(C#N)c(C(F)(F)F)c4)nc(-c4ccco4)c3)cc2C#N)c1,22.32
N#Cc1ccc(-c2ccc(-c3nc(-c4ccc(C#N)cc4)nc(-c4ccc(-n5cnc(-c6ccc(C#N)nc6)n5)cn4)n3)cc2)cc1,16.53
Cc1c(C#N)cc(-c2nc(-c3cccc(C#N)n3)c3c(NC(C)C(C)(CO)CO)cc(C#N)nn23)cc1C#N,27.98
Cc1ncn(-c2cc(-c3cnc(-c4ccc(C#N)cc4)nc3C#N)nc(N3CCOCC3)n2)n1,19.4
CS(=O)(=O)N1CCN(c2nc(-c3ccc(F)cn3)nc(-c3cc(C#N)c(C#N)s3)n2)C(CN2CCCC2)C1,25.42
N#Cc1ccc(-c2nc(-c3ccc(OCc4ncccc4C#N)c(C#N)c3)nc(N3CC4CC4(C(=O)O)C3)n2)nc1,23.31
N#Cc1ccc(-c2ccc(-c3cc(-c4ccc(C#N)cc4)nc(-c4ccc(-c5ccc(C#N)cc5)s4)n3)cc2)cc1,16.5
CN(C)c1ccc2nc(-c3ccc(C#N)cc3)nc(N3CCC(C(=O)N(CC(N)=O)c4cccc(C#N)c4)CC3)c2c1,38.82
N#Cc1ccc(-c2nc(-c3ccc(-c4ccc(C#N)c(F)c4)c(C#N)c3)nc(-c3c(F)cc(-c4ccc(C#N)cn4)cc3Cl)n2)cc1,26.32
N#CC=Cc1cccc(-c2cc(-c3cccc(-c4ccc(C#N)cc4)c3)nc(-c3ccc(-c4ccc(C#N)cc4)cc3)n2)n1,12.69
N#Cc1ccc(-c2ncc(-c3ncc(-c4cccc(-n5cnc(-c6ccc(C#N)c(C#N)c6)n5)c4)cc3C#N)o2)cc1,17.35
N#Cc1ccc(-c2cc(-c3ccc(-c4cccc(C#N)c4)cc3)c(-c3cnc(-c4cccc(C#N)n4)c(C#N)c3)cn2)cc1,17.35
N#Cc1cccc(-c2ncc(-c3cccc(-c4nc(C#N)c(N)nc4-c4ccc(Cl)cc4)n3)cc2C#N)n1,21.84
N#Cc1ccc(-c2cc(C#N)c(C#N)c(C#N)n2)nc1-c1c(F)cc(F)c(F)c1C#N,13.56
N#Cc1ccc(-c2cc(-c3ccc(-c4nc(C#N)cc(-c5ccc(C#N)nc5)c4C#N)cc3)nc(-c3ccccn3)n2)cc1,19.13
Cn1nc(C#N)nc1-c1cnc(C(O)(c2ccc(C#N)c(C#N)c2)C(F)(F)F)c(C#N)c1,17.01
CCN(c1c[nH]c(-c2nc(C#N)c(C#N)nc2-c2ccc(C#N)cc2)n1)C(C#N)(C#N)Cc1ccc(-c2ccc(C#N)cn2)cc1,34.64
N#Cc1cc(-c2nc(-c3ccc(F)c(C#N)n3)c(CO)c(N3CCc4c(C#N)c5c(n4CC3)CC(CO)(CF)C5)n2)sc1C#N,34.34
N#Cc1ccc(-c2ccn(-c3nc(-c4cnc(-c5cnc(C#N)c(C#N)c5)c(C#N)n4)nc(N4CC5CC4C5)n3)n2)cc1F,22.16
CCc1nc(OCC#N)nc(C2CCN(c3nc(-c4ccc(C#N)cc4)nc(-c4cnc(C#N)c(C#N)c4)n3)CC2)n1,29.7
COCCN1CCN(c2nc(-c3cnc(C#N)c(C#N)c3)nc(-c3ccccn3)n2)CC1,19.79
N#Cc1c(-c2ccsc2)nn(-c2c(Cl)cc(C(F)(F)F)cc2Cl)c1-c1ccc(Cl)cc1,22.55
N#CCc1ncc(-c2nc(-c3nc(C#N)ccc3C#N)nc(N3CC4CC3C4)n2)cc1C#N,9.93
Cn1nc(C#N)nc1-c1cnc(-c2cc(C#N)cc(C#N)c2)c(C#N)c1,11.99
N#Cc1ccc(-c2ccc(-c3noc(Cc4ccc5c(c4)C(=O)c4ccccc4-5)n3)cc2)cc1,28.23
Cc1cc(C(F)(F)F)nn1-c1nc(C#N)ccc1-c1nccc(-c2cc(C#N)cc(-n3nc(C#N)cc3C#N)c2)c1F,28.27
N#CNC(=O)c1cn(-c2cccc(-n3cnc4cc(-c5cnc(C6CC6)c(C#N)c5)ccc4c3=O)n2)cc1C#N,34.99
N#CNc1nnc(-c2cnc(-c3ccc(-c4cccc(C#N)c4)cc3)c(-c3ccc(C#N)cc3)c2)nc1C#N,16.79
N#Cc1ccc(-c2ccc(-c3nc(-c4ccc(C#N)cc4Cl)n(CC(=O)Nc4ccc(C#N)c(C#N)c4)c3-c3cncc(F)c3)cc2)nc1,28.66
N#Cc1cc(-c2ccc(-n3c(-c4ccc(OC(F)(F)F)cc4)cnc3C#N)cc2)cnc1C#N,21.89
N#Cc1cccc(-c2nc(-c3cc(C#N)c(C#N)c(C#N)n3)cc(C3CCCN4CCCCC34)n2)n1,16.15
Cc1c(C#N)cc(C#N)c2nc(-c3ccc(-c4ncc(-c5cnc(N)c(C#N)n5)s4)nc3)[nH]c12,22.41
N#Cc1ccc(C#N)c(-c2nc(-c3cnc(C(F)(F)F)c(C#N)c3)nc(N3CC4CC3CO4)n2)n1,11.94
Cc1nc(-c2cnc(C#N)o2)c(C#N)cc1-c1ncc(Cn2cc[nH]c2=O)c(C#N)n1,21.11
CC(C)(C)Nc1nnc(-c2cc(-c3cnc(-c4cnc(C#N)c(C#N)c4)c(C#N)c3)ccc2F)nc1C#N,18.41
N#Cc1cccc(-c2nc(-c3ccc(C(F)(F)F)c(C#N)c3)nc(-c3csc(C#N)n3)n2)n1,18.21
COc1nc(-c2nc(-c3ccc(C#N)cc3)nc(-c3nccs3)n2)ccc1-n1nccc1C#N,18.98
N#Cc1ccc(-c2cc(Cn3cc(C#Cc4cccnc4)c4nc(-c5cccc(C#N)n5)ccc43)cc(-c3ccc(C#N)cn3)n2)cc1,23.0
N#Cc1ccc(-c2ncc(-c3ccnc(-c4cnc(C#N)c(C#N)c4)n3)c(-c3ccc(C#N)cc3)n2)cc1,13.28
Cc1nc(-c2ccc(C#N)cc2)nc(-c2ccc(C#N)cc2)c1C=NN=c1[nH]c(-c2ccc(-c3ccc(C#N)cc3)cc2)cs1,13.52
COc1nc(-c2nc(NC(=O)c3cnn(-c4ccc(C#N)cc4)c3C(F)F)nc(-c3ccnc(C)c3)n2)cc(C#N)c1C#N,30.38
N#Cc1cccc(-c2cc(F)c(C(=O)c3nc(NCC4CCCO4)c(-c4nccc(-c5cccc(C#N)n5)n4)cc3C#N)cc2C#N)c1,24.66
Cc1nc(C#N)c(C#N)nc1-c1ccc(-c2cc(-c3ccc(F)c(C#N)c3)nc(C#N)n2)cc1C#N,17.45
CN(C)C=Nc1nc(-c2c(F)c(-n3cnc(-c4ccc(C#N)c(C#N)c4)n3)c(F)c(C#N)c2Cl)cc(-c2ccc(C#N)cc2)c1C#N,32.93
N#Cc1cc(-c2ccc(C(=O)N=c3cc(-c4c(F)c(F)c(C#N)c(F)c4F)[nH]c(-c4cc(C(N)=O)ccn4)n3)cn2)cc(F)n1,34.27
Cc1nccc(-c2cn(C)c(-c3cc(C#N)c(NC(=O)C4(NC(=O)c5cc(C#N)nc(-n6cc(C#N)nn6)c5)CC4)nc3Cl)n2)n1,34.02
N#Cc1cn(-c2cc(C(F)(F)F)ccn2)c(-c2nc(C#N)nc(-c3cnc(C#N)c(C#N)c3)c2F)n1,20.8
N#Cc1ccc(-c2ccc(-c3nc(-c4ccc(-c5cc(Cl)c(C#N)c(C#N)c5)nc4)nn3-c3ccc(-c4ccc(F)c(C#N)c4)cc3C#N)cn2)cc1,26.25
C=c1[nH]n(-c2cccc(C(=O)O)c2)c(=O)c1=Cc1ccc(-c2ccccc2-c2nn[nH]n2)o1,18.25
N#Cc1ccc(-c2ccc(-c3nc(C(=O)NCc4cccc(C#N)c4)nn3-c3cc(F)c(C#N)c(F)c3F)cc2)cc1,26.44
N#Cc1ccc(-c2cc(-c3cc(C#N)c(-c4ccc(-c5nc(C#N)c(C#N)nc5C#N)cc4)nn3)ccc2F)cc1C#N,17.27
N#Cc1cc(-c2nc(-c3cnc(C#N)c(C#N)c3)nc(N3CC4CC3C4)n2)ccc1N(C#N)Cc1ccncc1,20.01
N#Cc1ccc([N+](=O)[O-])c(NC(=O)N2CCN(c3cccc(C(F)(F)F)c3)CC2)c1,28.04
N#Cc1ccc(-c2ccc(-c3nc(-c4ccc(-c5ccc(C#N)cc5)s4)nc(-c4cc(-c5ccccn5)[nH]c(=N)c4C#N)n3)cc2)cc1,20.68
N#Cc1ccc(C#Cc2cc(-c3cnc(-c4ncc(Cl)cn4)c(C#N)c3)ncn2)cc1F,20.69
N#Cc1ccc(-c2nc(-c3cc(C#N)cc(-c4ccc(-c5cccc(C#N)c5)nc4)c3)sc(=Nc3ccc(C#N)cn3)n2)cc1,24.91
N#Cc1ccc(-c2ccc(-c3cc(C#N)c(-c4cnc(-c5ccc(C#N)cc5)c(F)c4F)s3)cc2C#N)cc1,26.96
CN=c1cc(-c2nc(C#N)c(N3CCC(F)C3)nc2-c2ccc(C#N)cc2)cc[nH]1,22.08
CC(C#N)Nc1oc(-c2cc(C#N)nc(-c3nccc(C#N)n3)n2)cc1C#N,15.57
N#Cc1ccc(-c2cn(-c3ccc(C#N)cc3)c(-c3cc(-c4ccc(F)cc4)nc(C#N)n3)n2)cc1,21.96
CC(=O)Oc1ccccc1-c1cnc(-c2ccc(-c3ccc(C#N)cn3)nc2)c(-c2cc(-c3ccc(C#N)cc3)cc(-c3ccncc3)n2)c1,25.05
CC(C)n1c(-c2ccc(-c3cc(-c4cccc(C#N)n4)nc(-c4ccc(-c5cccc(C#N)c5)c(C#N)c4)n3)cc2)nc(C#N)c1NC1CCC1,26.76
N#Cc1ccc(-c2ccc(-c3nc(-c4cnc(N)c(C#N)n4)nc(-c4nc(-c5ccc(C#N)nc5)n[nH]4)c3C#N)cn2)nc1,20.63
N#Cc1ccc(-c2ccc(-c3nnc(-c4cc(-c5ccc(-c6cncc(-c7ccc(C#N)cc7)n6)cc5)nc(-c5ccc(C#N)cc5)n4)cc3-c3ccc(C#N)cc3)cc2)cc1,22.65
N#Cc1ccc(-n2nc(-c3cnc(C#N)c(C#N)c3)ncc2=O)cc1C#N,16.11
N#Cc1ccc(-c2cc(C#N)nc(-c3cc(C#N)cc(-c4cc(C#N)c(C#N)c(C#N)n4)n3)c2F)nc1,13.21
CC(Oc1ncc(-c2nc(-c3ccc(C#N)cc3)nc(N3CCC(CS(N)(=O)=O)CC3)n2)cc1C#N)C(F)(F)F,22.56
N#Cc1ccc(-c2ccc(N=c3[nH]c(-c4ccc(-n5ccnc5)cc4)cc(=O)n3-c3ccncn3)cc2)cn1,33.98
Cn1ncc(F)c1-c1cc(C#N)c(C#N)c(-c2cnc(-c3ccc(C#N)c(C#N)c3)nc2)c1,26.42
N#Cc1cncc(Oc2ccc(NC(=O)Nc3ccc(F)c(Cl)c3)cc2C#N)n1,23.4
COCCCc1cc(-c2ccc(-c3ccc(C#N)cc3C#N)c(C#N)c2F)nc(-c2cnc(C#N)c(C#N)c2)n1,25.2
N#Cc1ccc(-c2ncc(-c3cccnc3)c(-c3ncc(-c4ccc(C#N)cc4)s3)n2)cc1,24.61
CC(C)Oc1ncc(-c2cc(C#N)c(SCc3ccc(C#N)cc3)c(-c3nccc(C#N)n3)n2)cc1C#N,10.27
N#Cc1ncc(-c2ccc(-c3nc(-c4c[nH]c(-c5cnc(C#N)c(C#N)c5)c4C#N)nc(N4CC(F)(F)C4)n3)cc2)cn1,23.68
N#Cc1ccc(-c2cc(-c3ccc(-n4c(C#N)ccc4C#N)cc3C#N)cc(F)c2C#N)cn1,18.66
N#Cc1nc(C#N)c2c(n1)CCN(c1ncc(-c3nc(-c4cc(C#N)c(C#N)c(C#N)n4)nc(N4CC5CC4C5)n3)cc1C(F)(F)F)CC2,29.81
N#Cc1ccc(-c2nc(-c3cnc(C#N)c(C#N)c3)cc(-c3cc(N4CC5CC4C5)nc(-c4cnc(C#N)c(C#N)c4)n3)n2)cc1C#N,16.96
N#CCCN=c1nc(-c2ccc(-c3ccc(C#N)cc3)cc2)[nH]c2ccc(-c3cc(C#N)c(C#N)s3)cc12,26.37
Cc1ccc(-n2nccc2C#N)cc1-c1nc(-c2cnc(OC(C)C)c(C#N)c2)nc(N2CCOCC2)n1,13.44
N#Cc1cn(-c2nc(-c3ccsc3)nc(-c3cc(C#N)c(C#N)c(C#N)c3)n2)cc1C(=O)NC1CN2CCC1CC2,33.34
N#Cc1ccc(-c2cc(-c3ccncc3)nc(-c3cc(-c4ccc(N)c(C#N)n4)nc(-c4ccc(-c5ccc(C#N)c(C#N)c5)cc4)n3)c2)cc1,19.9
COc1ccc(-c2ccc(-c3cc(-c4ccc(C#N)cc4)cc(-c4ccnn4C)n3)cc2C#N)cc1C#N,22.85
N#CCCNC(=O)N=c1ccn2[nH]cc(-c3cccc(-c4ccc(C#N)c(C#N)c4)c3)c2n1,28.88
CC(CO)Oc1c(C#N)cc(-c2nc(-c3nc(C#N)cc(-c4cnc(C#N)c(C#N)c4)c3C#N)nc(N3CC4CC3CO4)n2)nc1C#N,24.03
N#Cc1ccc(-c2ccc(-c3nc(SCc4nc(-c5cccc(-c6ccc(C#N)cc6)c5)nc(-c5cc(C#N)c(C#N)c(-c6ccc(C#N)cc6)c5)n4)nc(-c4cc(F)ccc4F)n3)cc2)cc1,31.58
N#Cc1ccc(-c2cc(-c3cnc4nc(C#N)c(C#N)cc4n3)nc(-c3ccc(C#N)cc3)n2)cc1,17.51
Cc1nn(-c2cc(C#N)cc(-c3ccc(-c4cc(C#N)c(-c5ccc(C#N)cc5)s4)s3)c2)nc1-c1cccc(C(=O)OC(C)(C)C)n1,39.86
CC(Oc1c(C#N)cc(-c2cc(C#N)nc(-c3nc(C#N)cn3C(C)C)n2)nc1C#N)c1cccc(C#N)c1,14.54
N#Cc1ccc(-c2nc(-c3ccc(-c4ccc(F)c(C#N)c4)nc3)nc(-c3ccc(-c4ccc(C#N)cc4)c(C#N)c3)n2)cc1,19.66
N#Cc1ccc(-c2ccc(-c3ccc(-c4ccc(-c5nc(C#N)ccc5C#N)nc4)cc3-c3ccc(C#N)cc3)cn2)cc1,22.26
N#CCN(c1ccc(C#N)c(-c2ccc(-c3ccc(F)cc3)cc2)c1)c1nc(Cl)nc(Sc2ccccc2)n1,38.28
CCc1nc(-c2nc(C#N)c(C#N)nc2C)c(C#N)cc1-c1cc(N)c(C#N)c(S(=O)(=O)c2ccc(C#N)c(C#N)c2)c1,28.52
CC(C)Oc1ncc(-c2nc(-c3cnc(N(C)C4CCOCC4)c(C#N)c3)nc(N3CC4CCC(C3)O4)n2)cc1C#N,19.6
N#Cc1ccc(OC(=O)Nc2ccc(-c3nc(-c4ccc(C#N)cc4)nc(-c4ccc(-c5ccc(C#N)cc5)nc4)n3)cc2)cc1,19.51
Cn1nc(-c2ccnc(-c3ccc(F)c(C#N)c3)n2)nc1-c1cc(C#N)c(C#N)c(-c2ccc(-c3ccc(C#N)cc3)cc2)n1,22.06
N#Cc1ccc(-c2ccc(C#N)c(-c3ccc(-c4nc(C#N)c(=N)[nH]c4C#N)nc3)c2)cc1,20.05
CCOc1ccccc1-c1ncc(-c2cc(-c3ccc(C4(c5noc(-c6ccc(C#N)nc6)n5)CCC4)nc3)nc(C#N)n2)cc1C#N,29.27
COc1nc(F)nc2c1ccn2-c1cc(-c2ccc(-c3ccc(C#N)cn3)cc2)cc(-n2cc(-c3cnc(OCC(F)(F)F)c(C#N)n3)cn2)c1,39.13
N#Cc1ccc(-c2nc(N3CCOCC3)c3cc(-n4nncc4C#N)nc(C#N)c3n2)cc1,20.43
COCc1nc(-c2nnc(C#N)o2)c(C#N)cc1-c1cc(-n2c(C#N)cnc2-c2ccc(-c3cnc(C#N)c(C#N)c3)c(C#N)c2F)nc(C#N)n1,22.27
N#Cc1ccc(-c2ccc(-c3cc(C#N)c(C#N)nc3-c3cc(-c4ccccc4)cc(C#N)n3)cc2)nn1,24.9
CCC(C#N)Nc1cnc(-c2cn(-c3ccc(-c4cnc5cc(Cl)cc(Cl)c5c4)c(C#N)c3)cn2)cc1C#N,41.73
Cc1cc(C#N)ccc1NC(=O)CN1CCCCC(n2cc(-c3ccc(-c4ccc(C#N)nc4)nc3)nn2)C1=O,33.55
N#Cc1ccccc1OCCCNCc1ccccc1Br,28.16
Cc1ccc(C#N)cc1-c1nc(-c2cnc(C#N)c(C#N)c2)nc(N2CC3CCC(C2)O3)n1,20.82
N#Cc1cc(-c2cc(F)cc(-n3nc(C(N)=O)cc3C#N)c2)c(C(F)(F)F)nc1-c1nnc(C(F)(F)F)o1,18.15
N#Cc1cccc(-c2cc(Cn3cc(C(N)=O)ccc3=N)c(F)c(-c3ccc(Cl)c(F)c3)n2)n1,34.11
N#Cc1ccc(-c2cc(-c3ccc(-c4ccc(N)c(C#N)n4)c(C#N)n3)nc(C#N)n2)cn1,12.52
COc1cc(-c2c(C#N)c(=N)n3c(C#N)c(C#N)[nH]c3c2C#N)ccc1-n1c(=O)cc(C#N)[nH]c1=S,33.7
N#Cc1ccc(NC(=S)NC(=O)c2cncc(-c3ccc(C#N)c(C#N)c3)c2)cc1C#N,22.61
N#Cc1ccc(-c2ccc(-c3nc(-c4cnc(C#N)c(-c5ccc(C#N)c(F)c5)c4F)cc(-c4nc(C#N)c(C#N)nc4-c4ccc(C#N)cc4)n3)cn2)cc1,25.44
N#Cc1ccc(-c2ncc(-c3ncc(-c4ccc(-c5ccc(C#N)nc5C#N)c(F)c4)cc3C#N)cc2C#N)nc1,19.51
N#Cc1cc(-c2nc(C(=O)O)c(-c3ccc(-c4cnn(C5CCOCC5)c4)nc3)cc2C#N)cnc1C#N,19.41
N#Cc1ccc(-c2ccc(-c3ccc(C#N)n3-c3cc(-c4cnc(N)c(C#N)n4)c(C#N)c(C#N)n3)cn2)cc1,21.99
N#Cc1ccc(-c2ccc(-c3cc(-c4nc(C(F)(F)F)nn4-c4ccc(C#N)cc4)ccc3C#N)cc2)cc1,21.67
CC(C)Oc1ncc(-c2nc(-c3cccc(Br)c3F)nn2C)cc1C#N,18.89
N#Cc1ccc(-c2ncc(-c3cc(F)cc(-n4nc(C(N)=O)cc4C#N)c3)cc2C#N)cc1F,9.8
CC(C)Oc1ncc(-c2nc(-c3cnc(C(=O)NC4CC4)c(C#N)c3)cn2C)cc1C#N,18.42
Cn1c(-c2cnc(-c3ccc(C#N)cc3)c(C#N)c2)nc(-c2ccc(C#N)cc2)nc1=Nc1cccnc1,22.72
COc1cnc(-c2ccc(-c3cccc(-c4ccc(-c5ccc(C#N)cc5)c(C#N)c4)n3)cc2)cc1-c1cnc(C)cn1,22.46
N#Cc1ccc2[nH]c(-c3cccc(C#N)n3)c(C#Cc3cncc(C#N)n3)c2c1,29.03
N#Cc1ccc(-c2ccc(-c3cc[n+](-c4cnc(-c5ccc(-c6cccc(C#N)n6)cc5)c(-c5ccc(C#N)cc5)n4)c(-c4ccc(-c5ccc(C#N)cc5)cc4)n3)cc2)cc1,18.91
N#Cc1ccc(-c2cc(-c3n[nH]c(-c4cc(C#N)c(COc5ccc(-c6nc7cc(C#N)ccc7[nH]6)cc5)cn4)n3)ccn2)nc1,32.38
N#Cc1cccc(-c2ccc(-c3nc(-c4ccc(-c5ccc(C#N)c(F)c5)cc4)cc(-c4ccccn4)n3)cc2C#N)n1,15.94
N#Cc1ccc(-c2ccc(-c3cc(-c4nc(-c5cnc(C#N)c(C#N)c5)nc(-c5cc(C#N)c(C#N)c(C#N)c5)n4)nc(-c4ccc(-c5ccc(C#N)cc5)cc4)n3)cc2)cc1,15.71
N#Cc1ccc(-c2ccc(-c3nc(C#Cc4cccc(C#N)c4)ccc3-c3ccc(C#N)cc3)nc2)cc1,19.43
CC(C)(O)c1cc(C#N)cnc1N(CCCO)c1cc(C#N)nc(-c2[nH]c(-c3ccc(C#N)cc3)nc2-c2cnc(C#N)c(C#N)c2)n1,34.41
N#CCc1nc(-c2cc(C#N)c(C#N)[nH]2)nc(-c2cc(Cl)cc(-c3cc(C#N)nc(-c4ccc(-c5ncco5)c(C#N)c4)n3)c2F)n1,26.67
N#Cc1cccc(-c2cccc(-n3nc(-c4c[nH]c(=N)c(C#N)c4)cc3C#N)n2)n1,20.38
CC(C)Oc1ccc(-c2nc(-c3ccc(C#N)c(-n4cnc(C5CC5)c4)c3)nc(N3CC4CC3C4)n2)cc1C#N,20.31
N#Cc1ccc(-c2ccc(-c3cc(-c4cccc(Cl)c4Cl)c(C#N)c(N4CCN(C(=O)c5ccc(Cl)c(Cl)c5)CC4)n3)nc2)cc1,25.04
N#Cc1nc(-c2ccc(-c3ncccc3C#N)cc2C#N)cc(C(F)(F)F)n1,19.7
N#Cc1cccc(-c2ccc(-c3nc(-c4c(C#N)c(=N)n(-c5cc(Cl)c(C(F)(F)F)cc5Cl)[nH]c4=N)cc(-n4nccc4C#N)n3)cc2)n1,19.08
N#Cc1ccc(C#Cc2nc(C#Cc3ccc(-c4ccnc(C#N)n4)cc3)n(CCc3ccc(-c4cccc(C#N)n4)cn3)n2)cc1,29.34
N#Cc1ccc(-c2ccc(-c3nc(C#N)cnc3C#N)c3cnc(C#N)cc23)cc1,24.82
Cc1ccc(-c2nc(-c3cccc(C#N)n3)nc(N3CCN(CC#N)CC3)n2)cc1C#N,12.64
N#Cc1cccc(-c2c[nH]c(-c3ccc(-c4nc(C5CC5)no4)c(C#N)c3)n2)n1,17.54
Cn1c(-c2ccc(-c3ccnc(Cl)n3)nc2C(=O)O)cc(C#N)c1-c1cnc(-c2ncon2)c(C#N)c1,25.17
N#Cc1nc(-c2cnc(-c3ccc(F)c(C#N)c3)c(F)c2)n(-c2cnc(C#N)c(C#N)n2)n1,20.7
C#Cc1cc(C#N)n(C)c1-c1ccc(-c2cc(C#N)nc(-c3cnc(C#N)c(C#N)c3)n2)nc1C#N,23.27
N#Cc1ccc(-n2[nH]c3ccc4cc(Nc5ccccc5)ccc(=NS(=O)(=O)c5ccc(Cl)s5)c4c32)cc1,44.25
N#Cc1ccc(-c2cc(-c3ccc4c(=O)n(-c5ccc(C#N)cc5)sc4c3)nc(-c3ccc(C#N)nc3)n2)cc1,24.61
N#Cc1ccc(-c2ccc(CC(=O)Nc3nc(-n4nc(C#N)nc4-c4cnc(C#N)c(C#N)c4)ccc3C#N)cc2C#N)nc1,36.96
N#Cc1ccnc(C#Cc2cc(-c3nc(C#N)c4c(c3C#N)CCN(c3cnc(C#N)c(C#N)c3)C4)ccc2F)n1,23.47
CC(=O)CN1CCCC2C(C#N)C(=Nc3ccc(Oc4cccc(-c5cnc(C(C)(C)C#N)nc5-c5cc[nH]c(=Nc6ccc(F)c(F)c6)n5)c4)cc3)N=CC21,48.01
N#Cc1cccc(-c2cc(CN)nc(-c3ccc(C=Cc4cnc(-c5nc(C#N)c(C#N)nc5C(F)(F)F)cc4C#N)c(C#N)c3)n2)n1,28.2
N#Cc1ccc(C#N)c(-c2cc(N3CC4CC3CO4)nc(-c3cnc(C(F)(F)F)c(C#N)c3)n2)n1,12.64
N#Cc1ccc(-c2nc(-c3cccc(C#N)n3)cc(-c3cc(-c4cccc(-c5cccc(C(F)(F)F)c5)c4C#N)nc(-c4ccc(C#N)cc4)n3)n2)cc1,24.61
Cc1cc(-c2nc(-c3ccc(C#N)c(C#N)c3)nn2-c2cccc(-c3nc(-c4ccc(-c5ccc(C#N)cc5)cc4)n(-c4ccc(F)cc4)n3)n2)ccc1C#N,35.11
N#Cc1cc(-c2nc(-c3ccc(-c4nc(C#N)c(C#N)nc4C#N)c(F)c3)nc(-c3cnc(F)c(C#N)n3)n2)[nH]c1C#N,20.74
N#Cc1cc(C#N)cc(Cc2cc(=O)c(C(=O)Nc3sccc3C#N)co2)c1,25.21
N#Cc1ccc(-c2nc(-c3ccncc3)cc(-c3ccc(-c4nc(C#N)c(C#N)nc4-c4ccc(C#N)cc4)cc3)n2)cc1,13.99
N#Cc1ccc(-c2nc(-c3nc(-c4cnc(=N)[nH]c4)nc(N4CCC(F)(F)C4)n3)cc(C#N)c2C#N)cc1C#N,19.52
CC(=O)N1CCC(c2nc(-c3cnc(-c4csc(C#N)n4)c(C#N)c3)nc(N3CCOCC3)n2)CC1,22.25
N#Cc1ccc(-c2nc(C#N)nc(-c3ncc(F)c(C#N)c3F)c2F)cn1,17.38
N#Cc1ccc(-c2nccc(-c3ccc(-c4cc(-c5ccnc(-c6cccc(C(F)(F)F)c6F)n5)nc(-c5c(F)c(F)c(C#N)c(F)c5F)n4)cc3C#N)n2)cc1,24.56
CCc1nc(-c2cnn(CC(F)(F)F)c2)c(C#N)cc1-c1ncc(-c2ccccc2C#N)nc1C#N,27.58
Cc1c(-n2nccc2C#N)ccc(C#N)c1-c1cc(CC#N)nc(-c2ccc(-c3ccc(C#N)c(C#N)c3)cc2)n1,20.72
CC(C)(C#N)c1cc(-c2cnc(-c3ccc(-c4ccc(C#N)cc4)nc3)n2-c2ccc(-c3ccnc(Cl)n3)cc2)cc(C#N)n1,28.93
N#Cc1ccc(-c2cc(-c3ccc(-c4nc(C#N)ncc4C#N)cc3)nc(-c3nc(C#N)nn3C3CCCCC3)c2)cc1,25.74
COCc1nc(-c2nnc(C#N)o2)c(C#N)cc1-c1cc(-c2ccc(C#N)cn2)cc(C(N)=O)n1,19.57
N#Cc1ccc(-c2cc(-c3cccc(C#N)n3)nc(-c3ncc(C#N)c(-c4ccc(C#N)cc4)n3)c2)cc1,14.35
N#Cc1ccc(-c2ccc(-c3nc4cc(C#N)ccc4n3-c3ccc(C#N)c(C#N)c3)cn2)cc1,19.73
CC(C1CCN(C(=O)C#CCC#N)CC1)n1nc(C#N)nc1-c1cnc(-c2ccc(C#N)nc2)c(C#N)c1,21.22
N#Cc1nc(-c2ccc(C#N)c(C#N)c2)c2ccn(-c3ccc(C#N)c(-c4cnc(C#N)c(C#N)c4)c3)c2n1,22.52
N#Cc1ccc(-c2nc(-c3csc(C#N)c3)nc(-c3cccc(C#N)n3)n2)cn1,11.13
N#Cc1ccc(-c2nc(-c3ccc(-n4nccc4C#N)cc3)nc(-c3c4ccccc4c(C#N)c4ccccc34)n2)cc1,11.96
N#Cc1ccc(-c2cc(C#N)nc(-c3ccc(-c4cncc(C=Cc5cccc(-c6ccc(C#N)cc6)n5)n4)cc3)c2)cc1,24.83
CC(Oc1ncc(-c2nc(-c3cccc(C#N)n3)nc(N3CC4C(N)C4C3)n2)cc1C#N)C(F)(F)F,16.66
CCn1nc(-c2cc(C#N)c(C#N)cc2C#N)nc1-c1nc(-c2ccc(C#N)cc2)nc(-c2ccc(C#N)cc2)n1,17.52
COc1ccc(Cc2nnc(SCC(=O)NCc3ccc(-c4ccc(C#N)cc4)cc3)n2CCCc2csc(-c3ccc(C#N)cc3)n2)cc1,40.33
Cc1ncc(-c2nc(-c3cccc(C#N)n3)nc(N3CCC(F)C(N)C3)n2)cc1C#N,14.49
COCc1nc(-c2ccc(-c3ccc(F)c(C#N)c3)nc2)nc(-c2c(F)cc(F)c(F)c2C#N)n1,20.14
N#Cc1ccc(-c2ccc(-c3nc(-c4ccc(C(=O)NCC5CC5)cc4)nc(-c4cc(C#N)cc(C#N)n4)n3)cc2)cc1,25.96
N#Cc1nc(-n2cc(C#N)c(C#N)n2)n(-c2ccc(-c3ccc(C#N)c(C#N)c3)nc2)n1,23.08
Cn1[nH]c(=NC(=O)c2ccc(-c3ncc(-c4ccn(CC#N)n4)n3-c3ccc(-c4ccc(C#N)cc4)cc3)c(OC(F)(F)F)c2)cc1C(F)(F)F,34.14
CN(C)Cc1ncc(-c2cc(-c3ccc(-c4nc(-c5ccc(C#N)c(Cl)c5)nc(-c5cccc(C#N)n5)n4)c(C#N)c3)nc(C#N)n2)cc1C#N,26.84
Cn1nc(Cl)nc1-c1cnc(-c2ccc(C#N)c(C#N)c2)c(C#N)c1,11.5
CC12CC(CN1c1nc(-c3cnc(C#N)c(C#N)c3)c(F)c(-c3cc(C#N)nc(-c4cc(-n5cc(C#N)cn5)nc(C#N)n4)n3)n1)C2O,26.83
N#Cc1cccc(C#Cc2cnc(-c3cnc(-c4ccc(F)c(C#N)c4)c(C#N)c3)nc2)n1,16.91
N#Cc1ccc(-c2ncc(-c3ncnc(C#N)n3)cc2C#N)cn1,9.65
N#Cc1cc(-c2cc(C#N)c(-c3nnco3)cn2)nc(-n2nc(C(F)F)cc2C#N)n1,17.1
Cc1ccc(-n2nc(C#N)n3c(=O)n(Cc4ccc(C#N)c(C#N)c4)c(=O)nc23)cc1,28.46
Cc1nc(-c2cnc(C#N)o2)c(C#N)cc1-c1nc(C(F)(F)F)c(-c2nc(C=Nc3oc(-c4c(C#N)c(C)c(C)n4Cc4ccccc4)nc3-c3ccc(C#N)cc3)cn2C)nc1C#N,41.35
N#Cc1ccc(-c2ncc(-c3ccc(-n4c(C#N)ccc4C#N)cc3F)cc2C#N)cc1,12.18
Cn1nc(-c2nnc(-c3ccc(C#N)cc3)c(C#N)n2)cc1-c1nc(-c2ccc(C#N)cc2)nc(-c2ccc(-c3ccc(C#N)cc3)cc2)n1,16.61
N#Cc1nc(-c2ccc(C#N)c(C#N)c2)nc(N2CC(=O)C2)n1,17.54
N#Cc1ccc(-c2cccc(-n3nc(C#N)nc3-c3nc(C#N)nc(-c4cnc(C#N)c(Cl)c4)c3F)c2)cc1,21.07
N#Cc1nc(-c2ccc(-c3cc(-n4nccc4C#N)cnc3C#N)nc2C#N)ncc1N,20.38
CCCCc1nc(-c2ccc(C#N)c(C#N)c2)c(C#N)nc1-c1nc(-c2ccc(-c3ccc(C#N)nc3)cc2)cc(-c2cc(-c3ccc(-c4ccc(N)c(C#N)n4)c(C#N)n3)nc(C#N)n2)n1,31.42
N#Cc1cc(-c2cccc(-n3nc(C(N)=O)cc3C#N)c2)cnc1-c1cc(F)c(F)c(F)c1,15.52
Cc1nc(-c2ccc(C#N)c(C#N)c2)c(C#N)nc1-c1cc(Oc2ccc(-c3cccc(C#N)c3)nn2)cc(F)c1F,33.93
COc1nc(-c2nc(-c3ccc(C#N)cc3)nc(-c3ccc(-c4ccc(C#N)cn4)nc3)n2)ccc1-n1cccc1C#N,11.4
Cn1c(-c2cnc(CNC3CCNCC3)c(C#N)c2)nc(-c2ccc(C#N)cc2)c1-c1ccc(C#N)c(C#N)c1,20.25
N#Cc1ccc(-c2cc(-c3nnc(-c4cc(C#N)nc(-c5ccc(C#N)c(C#N)c5)c4C#N)o3)ccc2C#N)cn1,25.17
Cc1nc(-c2cnc(-c3cccc(C#N)n3)c(C#N)c2)c(C#N)cc1-c1ccc(-c2cnc(C#N)c(C#N)c2)cn1,14.53
Cc1cc(C#N)cc(-c2cc(CC(N)=O)cc(-c3nc(-c4ccc(C#N)cc4)nc(-c4ccc(F)c(C(F)(F)F)c4)n3)c2)c1,33.33
N#Cc1ccc(-c2ccc(-c3cc(C#N)nc(-n4ccc(-c5cncc(C#N)c5)n4)c3C#N)cc2)nc1,18.18
N#Cc1ccc(-c2ccc(OCCCF)c(-c3cc4c(c(-c5cccc(C#N)c5)c3)CNC4=O)c2)cc1,29.35
COc1cc(Cc2nc(C#N)c(NC3CCC3)n2-c2cccc(C#N)c2)cc(OC)c1OC,28.88
Cn1cc(-c2cc(C#N)nc(-c3nc(-c4ccc(C#N)cc4)nc(-c4nc(-c5ccc(C#N)cc5)c(-c5ccsc5)s4)n3)c2)cn1,33.31
C=C(C)c1nc(C#N)nc(-n2cnc(-c3ccnc(C#N)c3)c2)n1,25.48
N#Cc1cc(-c2cnc(-c3ccc(F)c(C#N)c3)c(-c3nc(C#N)c(C#N)c(NC4CCCNC4)n3)c2)ccn1,28.72
N#Cc1ccc(-c2nc(-c3ccc(C#N)cc3)c3cn(Cc4ccc(F)cc4)nc3n2)cc1,20.86
N#Cc1cccc(Cc2ncc(-c3cccc(C#N)n3)c(-c3cccc(C#N)n3)n2)c1,21.62
N#CCc1ncc(-c2nc(-c3nc(C#N)ccc3C(F)F)nc(N3CC4CC3CO4)n2)cc1C#N,18.44
N#Cc1ccc(-c2nc(C(F)(F)F)c(-c3ccc(-n4c(C#N)ccc4C#N)cn3)cc2C#N)cc1,11.31
N#Cc1cc(-c2nc(-c3ccc(-c4oc(-c5ccc(NCc6cccnc6)c(C#N)c5Br)nc4C(F)(F)F)cn3)no2)cnc1C#N,35.62
CC(C)Oc1ncc(-c2nc(-c3nccc(C#N)n3)cc(N3CCOCC3)n2)cc1C#N,14.93
N#Cc1ccc(-c2cc(C#N)cc(NC3=NCSc4ccccc43)c2)cc1,25.32
N#Cc1ccc(-c2ccc(-c3nccc(-c4cnc(C#N)nc4-c4ccc(-c5ccc(C#N)cc5)cc4)n3)cc2)cc1,16.96
Cn1cc(-c2ccc3c(c2)N(C#N)CC(n2cc(C#N)c(C#N)n2)C3=NOc2ccc(F)cc2)c(-c2ccc(F)cc2)n1,46.95
COc1cc(-c2ccc(C#N)c(F)c2)ccc1-n1nc(C(=O)NN=Cc2cc(C#N)n(-c3ccc(Cl)c(Cl)c3)c2C#N)cc1C#N,28.63
N#Cc1ccc(-c2nc(-c3ccc(C#N)nc3)c(F)c(-c3cc(C#N)nc(-c4cnc(C#N)c(C#N)c4)n3)n2)cc1,12.81
N#Cc1ccc(-c2nc(Nc3ccc4c(c3)C(=O)c3ccc(N)cc3C4=O)nc(-c3ccc(-c4cc(C#N)c(C#N)c(C#N)c4)cc3)n2)cc1,16.86
N#Cc1ccc(OCC(Oc2ncc(-c3nc(-c4cccc(C#N)n4)nc(C4CC(F)(F)C4)n3)cc2C#N)c2ccccc2)cn1,23.72
N#Cc1cc(-n2cc3cc(C#CCNC(=O)c4cccn(Cc5ccc(F)c(F)c5)c4=O)ccc3n2)ccc1-c1ccsc1,30.24
N#Cc1ccc(-c2ccc(-c3ncc(-c4ccc(-c5nnc(N)c(C#N)n5)cc4)cc3C#N)cc2C#N)cc1,12.56
N#Cc1ccc(-c2cccc(-c3nc(-c4ccc(-c5ccc(C#N)cn5)nc4)nc(-c4cnc(N)c(C#N)n4)n3)c2)cc1,16.18
N#Cc1ccc(-c2nc(-c3ccc(-c4ccc(C#N)nc4)cc3)c(-c3ccc(C#N)c(Cl)c3)n2CC(=O)N=Cc2ccc(C(=N)N)c(F)c2)cc1,23.51
N#Cc1ncc(C#N)c(-c2ccc(CN=c3[nH]cc(C#N)c4ccc(-c5cnc(C#N)c(C#N)c5)cc34)cc2)n1,24.57
N#Cc1ncc(C#N)c(-c2ccc(-c3cncc(-c4ccc(C#N)c(C#N)c4)c3)c(C#N)c2F)n1,28.45
CC(=O)N1CCCC1Cc1nc(-c2ccc(-c3ccc(F)cc3F)c(C#N)c2)nn1C,26.41
N#Cc1cccc(-c2cc(-c3cnc(-c4cnc(Cl)c(C#N)n4)c(C#N)c3)nc(-c3ccc(-c4cnc(C#N)c(C#N)c4)c(F)c3)n2)n1,18.37
N#CC(C#N)=c1ccc(=C(C#N)c2nc(C#N)cs2)cc1,13.92
N#Cc1ccc(-c2ccc(-c3nc(-c4ccc(-c5ccc(C#N)cn5)nc4)n(CCO)c3-c3ccnc(C#N)c3)cc2)cc1,19.14
N#Cc1ccc(-c2cccc(-c3cc(-c4ccc(C#N)cc4)nc(-c4nc(C#N)c(N)o4)c3)c2)cc1,18.2
CNc1sc(-c2nc(-c3cc(-c4ccsc4)nc(-c4ccc(C#N)nc4)n3)cc(-c3ncccn3)n2)nc1C#N,29.05
N#Cc1ccc(CCc2ccccc2-c2[nH]nc3ccc(-c4cncc(-c5ccc(C#N)cc5)n4)cc23)cc1,28.34
N#Cc1ccc(-c2nc(-c3ccc(C#N)cc3)n(Cc3ccc(C#N)c(C#N)c3)c2-c2cccc(Cl)c2)cc1,21.59
N#Cc1cc(C#N)cc(COc2ccc3c(ccc4cncn43)c2)c1,34.66
N#Cc1ccc(-c2nc(-c3ccc(-c4ccc(C#N)c(C#N)c4)cc3)nc(-c3cc(-c4ccc(C#N)nc4)cc(-n4nc(C(F)(F)F)cc4C#N)n3)n2)cc1,17.77
CCc1nc(CC#N)cc(-c2ccc(Nc3ncc(-c4ccc(Oc5ccccc5)cc4)nc3C#N)cc2)n1,22.06
N#Cc1cc(-c2nc(-c3cnc(N4CCC(F)(F)C4)c(C#N)c3)cc(C3CN(C(=O)C4CCC(=O)CC4)C3)n2)cnc1C#N,24.37
N#CCSc1ncc(-c2nc(-c3cc(C#N)cc(C#N)n3)nc(N3CC4CC3CO4)n2)cc1C#N,18.47
Cn1cc(-c2c[nH]c(C(=O)NCc3ccc(C#N)cc3)c2)cc1-c1cc(-c2ccc(N)c(C#N)n2)nc(C#N)n1,32.13
N#Cc1ccc(-n2nc(C#N)nc(-c3cccc(C#N)c3)c2=N)cc1,23.11
N#Cc1ccc(-c2ccc(C(=O)Nc3ccc4c(c3)C(=O)c3ccc(-c5cncc(C#N)c5)cc3CC4)cn2)cc1,16.51
Cn1cnnc1C(=O)c1c(O)c(O)n(CCN2CCOCC2)c1-c1cccc(C#N)c1F,35.5
Cc1ncn(-c2nc(=NCc3ccc(-c4ccc(C#N)c(C#N)c4)cc3)nc(N=c3cc(C(C)C)[nH]c(C4CC4)n3)[nH]2)n1,31.56
COCCNc1nc(-c2nc(-c3cnn(C)c3C(F)(F)F)n(C)n2)cc(C#N)c1C#N,20.76
N#Cc1nc(-c2nc(-c3ccc(C#N)c(C#N)c3)nc(-c3cnc(C#N)c(C#N)c3)n2)cc(C2CC2)n1,19.27
CC(C)Oc1ncc(-c2nc(-c3ccc(C#N)cc3)nc(N3CC4C(CO)CC43)n2)cc1C#N,17.12
Cc1cn(-c2ccc(-c3nn(-c4ccc(-c5cc(F)ccc5C#N)cc4)c(=O)[nH]3)cn2)cn1,23.61
Cc1cc(=Nc2c(C#N)nc(-c3nc(-c4ccc(-c5ccc(C#N)c(C#N)c5)nc4)nc(-c4nn(-c5ccc(-c6ccc(C#N)cc6)cc5)nc4C)n3)n2C)[nH][nH]1,39.54
CN(C)C(=O)CC1CCCN1c1nc(-c2cc(C#N)c(C#N)c(C#N)c2)nc(-c2ccccc2C#N)n1,23.31
N#Cc1ccc(-c2ccc(-c3nc(-c4ccc(C#N)c(C#N)c4)cc(-c4ccc(C#N)cn4)n3)cc2)cc1,16.77
C#CC1CN(CCc2c(C)nc(-c3ccc(-c4cccc(C#N)c4)cc3)nc2-c2ccc(-c3ccc(C#N)nc3)nc2)CCN1,33.3
N#CC(=Cc1cccc(-c2cc(C#N)cc(-c3ccc(-c4ccc(C#N)o4)nc3)c2)c1)c1nc(-c2ccc(C#N)cc2)cs1,27.79
CCc1cc(-c2nc(-c3cc(C#N)c(C#N)[nH]3)nc(C3CC3)n2)nc(-c2cnc(C#N)c(C#N)c2)n1,16.94
N#Cc1ccc(-c2ncc(-c3ccc4ccc(-c5ccc(C#N)nc5)cc4c3C#N)c(C(N)=O)n2)cc1,33.33
N#Cc1ccc(-c2cc(-c3ccc(-c4cccc(C#N)n4)nc3)nc(-c3ccc(C#N)cc3)n2)cc1,13.04
Cc1ccc(CN=c2cc(C#N)nc(-c3cnc(-c4ccc(F)c(C#N)c4)c(C#N)c3)[nH]2)nc1C#N,19.48
CC(=NN=c1c(=O)[nH]c(O)c(-c2ccc(-c3ccc(C#N)cc3)cc2)n1-c1ccc(C#N)cc1)c1ccc2c(c1)OCO2,25.02
N#Cc1ccc(-c2ccc(Cn3ncc(C#N)c3-c3cc(C#N)nn3-c3ccccn3)cc2)cc1,26.06
N#Cc1ccnc(-c2ccc(-c3cnc(C#N)c(C#N)c3)cc2)n1,14.45
N#Cc1ccc(-c2cc(-c3cnc(C#N)c(C#N)c3)nc(-c3nc(C#N)c(N)nc3C(F)(F)F)n2)o1,23.11
CN(CC(F)F)C1CCN(c2cc(-c3ccc(C#N)cc3)nc(-c3cc(C#N)c(C#N)c(C#N)n3)n2)C1,23.34
N#Cc1cc(-c2cc(-c3ccc(C#N)c(F)c3F)cc(-c3nnc(-c4cc(C#N)c(C#N)c(C#N)c4)c(C#N)n3)n2)ccc1-c1nc(C#N)c(N)cc1C#N,30.86
N#CCNC(=O)c1ccc(-c2nc(-c3ccc(-c4ccncc4)cc3)nc(-c3c(F)c(F)c(C#N)c(F)c3F)n2)cc1,19.5
N#Cc1ccc(-c2ccc(-c3ccc(-c4ccc(N)c(C#N)n4)cn3)cn2)cc1C#N,16.41
CN(C)S(=O)(=O)Nc1cccc(-c2nc(-c3cc(C#N)c(C#N)[nH]3)nc(C3CC3)n2)c1F,23.51
C=CCn1cnc2c(-c3cc(-c4ccc(C#N)cc4)nc(-c4ccc(C#N)cc4)n3)n(-c3ccc(C#N)cc3)nc2c1=O,32.05
CC(C)Oc1ncc(-c2nc(-c3cnc(-c4ccc(F)cc4)c(C#N)c3)nn2C)cc1C#N,11.19
N#Cc1ccc(-c2ccc(-c3nnc(-c4nc(-c5ccc(C#N)cc5)nc(-c5ccc(C#N)cc5)c4C#N)n3-c3cccc(C#N)n3)nc2)cc1,22.33
N#Cc1ccc(-c2ncc(-c3cc(-c4ccc(C#N)cn4)nc(C#N)n3)cc2C#N)cc1,11.27
CNc1ccc(-c2nc(-c3cnc(N)c(C#N)n3)cc(N3CCC(F)C3)n2)cc1C#N,20.06
Cc1cc(-c2ccc(-c3cncc4c(C#N)c(CN5CCOCC5)nn34)cc2F)on1,31.97
N#Cc1ccc(-c2cc(N3CC4CC3CO4)nc(-c3cc(C#N)c(C#N)c(C#N)n3)n2)cn1,10.98
N#Cc1ccc(-c2ccc(-c3cnc(C(F)(F)F)n3-c3ccc(-c4cc(C#N)c(C#N)cc4-c4ccc(C#N)cc4)cc3)cc2)cc1,23.06
N#Cc1cc(-c2n[nH]c(-c3cnc(-c4cnc(C#N)c(C#N)c4)c(C#N)c3)n2)c(Cl)cc1F,25.05
Cc1nc(-c2nnc(C#N)o2)c(C#N)cc1-c1ncnc(C#N)n1,12.72
N#Cc1ccc(-c2ccc(-c3nnc(N=Cc4ccccc4Cl)s3)cc2)cc1,22.5
CC(Oc1c(C#N)cc(-c2nc(-c3cccc(C#N)n3)nc(C3CC3)n2)cc1C#N)C(F)(F)F,13.78
N#Cc1cc(-c2cc(F)cc(-c3ccc(N)c(C#N)n3)c2)c(F)c(-c2c[nH]c(=N)cn2)n1,18.86
CC1N(c2nc(-c3cnc(C#N)c(C#N)c3)nc(-c3ccc(C(F)(F)F)cc3C#N)n2)CC1(C)O,19.09
Cc1ncc(C(Oc2ccc(-c3nc(-c4nc(C#N)ccc4C#N)nc(N4CC(F)C4)n3)cc2C#N)c2ccc(C#N)cc2)n1C,25.41
Cc1nccn1-c1nc(C#N)ccc1-c1cc(-c2ccc(C#N)cc2)c(C#N)c(=N)[nH]1,19.72
CC(C)c1nc(-c2ccc(-c3nc(-c4ccc(C#N)cc4)nc(Cc4nc5ccccc5[nH]4)c3C#N)cc2)ncc1C#N,33.32
N#CCc1ncc(-c2nc(-c3c(F)ccc(F)c3F)nc(N3CCC(F)(F)C(F)C3)n2)cc1C#N,20.25
N#Cc1ccc(-c2cc(-c3ccc(-c4cnc(C#N)c(C#N)c4)cn3)nc(-c3ccc(-c4ccc(C#N)cn4)cc3)c2C#N)cc1,18.63
N#Cc1cc(=Nc2cnc(C#N)c(C#N)n2)nc(-c2cnc(C#N)s2)[nH]1,22.71
CN1CCC(Oc2nnc(-c3cc(-c4nc(-c5ccc(C#N)cc5)cc(-c5ccc(-c6ccc(C#N)c(F)c6)cc5)n4)nc(-c4cccc(C#N)n4)n3)cc2C#N)CC1,27.43
N#Cc1ccc(-c2ccc(-n3nc(-c4ccc(OC(F)F)cc4)nc3C3CCC(O)(C(F)(F)F)CC3)cn2)cc1,32.72
C#CCOc1c(OC)cc(C2CCC(c3c(OC)cccc3OC)O2)cc1OC,28.74
Cc1ncc(-c2nc(-c3cc(C4CC4)cc(C#N)n3)nc(N3CC(F)C3)n2)cc1C#N,14.22
N#Cc1ccc(-c2ccc(-c3cc(-c4cc(-c5ccc(-c6cc(F)cc(C#N)c6)cc5)cc(-c5ccc(C#N)cc5)n4)nc(-c4cc(C#N)c(CN)c(C#N)c4)n3)cc2)cc1,21.54
N#Cc1ccc(-c2nc(-c3cc(F)c(C#N)c(C#N)c3)nc(N3CC4CC3C4)n2)c(C#N)c1,14.8
N#Cc1ccc(-c2ccc(-c3cccc(-c4ccc(N=c5cc(N)nc(C#N)[nH]5)cc4)c3)cc2)cc1,17.1
CN(C)C(=O)c1cn2cc(C#N)cc2c(Oc2ccc(C#N)cc2Cl)n1,33.31
N#Cc1ccc(-c2ccc(-c3nc(-c4ccc(C#N)cc4)nc(-c4nnn(-c5ccc(-c6ccc(C#N)c(F)c6)cc5)n4)n3)cc2)cc1,21.74
N#Cc1ccc(-c2ccc(-c3nc4ccc(-c5cnc(C#N)c(C#N)c5)nc4c(-c4cnc(Cl)c(C#N)n4)c3C#N)cc2)cc1,20.38
CC(C)Oc1ncc(-c2nc(-c3nc(C#N)ccc3C#N)nc(N3CC4CC(F)(F)C4C3)n2)cc1C#N,12.76
N#Cc1ccc(-c2ccc(-c3nc(-c4cncc(C#N)n4)nc(-c4cc(C#N)c(C#N)c(C#N)n4)n3)cn2)nc1,19.1
Cc1ncc(-c2nc(COS(=O)(=O)c3ccc(C#N)cc3)cc(-c3cccc(C#N)n3)n2)cc1C#N,17.87
Cn1nc(Cl)nc1-c1cnc(-c2ccc(Cl)cc2)c(C#N)c1,11.45
N#Cc1ccc(-c2ccc(-c3nnnn3C(Cc3ccc(-c4ccccc4)cc3)C(=O)NC(C=O)Cc3c(C#N)[nH]c4ccccc34)cc2)cc1,38.14
N#Cc1ccc(-c2nc(-c3cnc(N4CCC(F)(F)C4)c(C#N)c3)nn2CC(F)(F)F)nc1,21.34
N#Cc1ccc(-c2ccc(-c3nc(C#N)c(-c4ccc(-c5cccc(C#N)c5)cc4)[nH]3)cc2)cc1,12.28
Cn1cc(-c2ccc(-c3ncc(-c4cccc(C#N)n4)nn3)cc2C#N)cn1,19.44
N#Cc1cc(-c2ccc(C#N)c(-c3ccc(F)cc3F)n2)cc(-n2nccc2C#N)c1,15.59
N#Cc1ccc(-c2ccc(-c3cn(-c4cc(-c5ccc(-c6ccc(C#N)cc6)nc5)cc(-c5ccc(C#N)cc5)n4)nn3)cc2)cc1,20.53
CCC(C#N)Nc1ccc(-c2cc[nH]c(=Nc3cc(NC(=O)c4cnc(N5CCCC5)c(C#N)c4)ccc3OC)n2)cc1C#N,36.41
N#Cc1ccc(-c2ccc(-c3cc(-c4c(F)c(F)c(F)c(F)c4F)c(C#N)c(-c4cccc(C#N)n4)n3)nn2)nc1,16.55
N#CC#Cc1cnccc1C#Cc1csc(C#N)n1,20.29
CC(=O)N1CCCC(n2ncnc2-c2cc(C#N)cc(-c3cc(C=CC#N)nc(C#N)n3)c2)C1,29.97
Cc1cc(C)n(-c2nc(Nc3ccc4c(c3)C(=O)c3ccc(N)cc3C4=O)nc(-c3cc(OCCCN)c(C#N)c(-c4ccsc4)c3)n2)n1,28.22
N#Cc1ccc(-c2cc(-n3nc(-n4cccc4C#N)cc3C#N)cc(-c3nc(C#N)c(C#N)nc3C#N)n2)cc1,21.64
N#Cc1ccc(-c2ccc(-c3cccc(-c4cc(-c5ccc(C#N)cc5)cc(-c5ccc(-c6ccc(C#N)nc6)cc5)n4)n3)cc2)cc1,16.95
N#Cc1ccc(-c2ccc(-c3cnnn(C(C(=O)N=c4ccc(-c5ccco5)n[nH]4)C4CC4)c3=O)cc2)cc1,36.17
Cc1cc(C#N)n(-c2cc(-c3ccc(C#N)nc3)nc(-c3ccc(C#N)cc3)n2)n1,9.63
N#Cc1ccc(-c2ccc(-c3nc4c5ccc(CCCO)cc5nc(-c5ccc(-c6cccc(C#N)c6)cc5)n4n3)cc2)cc1,35.57
Cc1nc(-c2cccc(C#N)n2)nc(-c2cc(C#N)c(C(C)(O)C(F)(F)F)nc2CCc2ccc3ccc(C#N)nc3n2)n1,24.96
CC(=O)N=c1cc(-c2cc(-n3nncc3C#N)cc(C#N)n2)[nH]c(-c2ccc(C#N)cc2)n1,21.95
N#Cc1nccc(-c2ncc(-c3cc(-n4cccc4C#N)nc(Cl)n3)cc2C#N)n1,23.55
N#Cc1ccc(-c2cc(-c3nc(C#N)c(C#N)nc3-c3ccc(-c4cccc(C#N)n4)cc3)ccn2)cc1,18.6
N#Cc1ccc(-c2cc(-n3cnc(-c4ccc(C#N)c(C#N)c4)n3)ccc2C#N)c(F)c1,14.79
CCOCCOc1ccc(-c2cc(N3CC4CC3C4)nc(-c3ccc(CC#N)c(C#N)c3)n2)cc1C#N,26.39
CN(c1nc(-c2cnc(C#N)c(C#N)c2)c(F)c(-c2nc(C#N)nn2-c2cc(-c3cccc(Cl)c3)c(C#N)cc2Cl)n1)C1CCC1,35.27
N#Cc1ccc(-c2cc(-c3cccc(C#N)n3)nc(-n3cccc3C#N)c2)cn1,13.69
C#CC(C)NS(=O)(=O)c1ccc(-c2ccc(F)c(C#N)c2-c2ccc(C#N)cc2)cc1,18.44
Cc1c(-n2c(C#N)ccc2C#N)cc(-c2nc(C#N)nc(-c3ccc(-c4ccc(F)c(F)c4)c(C#N)c3)n2)n(C)c1=O,28.15
Cc1nc(C#N)cn1-c1ccc(-c2cc(N=c3nc(C(F)(F)F)cc[nH]3)[nH]c(=Nc3ccc(C#N)c(C#N)c3)n2)cc1,28.15
Cc1nc(-c2nsc(C#N)n2)cc(-c2nc(-c3cc(C#N)c(F)cc3F)nc(-c3nc(-c4ccc(C#N)c(C#N)c4)nn3Cc3ccc(Cl)c(Cl)c3)c2C#N)n1,44.77
COC(C)Cn1nc(-c2ccc(C#N)nc2)nc1-c1cc(C#N)c(C#N)c(C#N)n1,21.11
N#Cc1ccc(-c2ccc(-c3cncc(-c4cc(O)nc(C#N)n4)c3)cn2)cc1,19.54
N#Cc1ccc(-c2ncc(-c3cc(F)c(-n4nnc(-c5cc(-c6ccc(Cl)c(C#N)c6)nc(-c6csc(Br)n6)n5)c4CO)cc3C#N)cc2C#N)cc1,30.11
N#Cc1ccc(-c2ccc(-c3cc(-c4c(-c5ccc(Br)cc5)nc(-c5ccc(C#N)cc5)nc4-c4ccc(C#N)cc4)[nH]c(=N)c3C#N)cc2)cc1,17.15
N#Cc1ccc(-c2ccc(-c3nc(-c4cccc(-c5ccc(-c6ccc(C#N)c(C#N)c6)c(C#N)c5)c4)cc(-c4cnc(C#N)c(C#N)n4)n3)cc2)cc1,14.82
N#Cc1ccc(-c2cnn(-c3cc(C#N)c(-c4ccc(F)cc4C#N)c(C#N)c3)c2)cn1,21.03
CC(Oc1ncc(-c2nc(-c3cnnc(F)c3F)nc(N3CC4CC3CO4)n2)cc1C#N)C(F)F,20.78
CC1=C(C#N)C(c2cc(F)c(F)cc2F)N(C(=O)Nc2c(-c3cncc(C#N)c3)[nH]c3cnc(C#N)cc23)C(Cc2ccc(C#N)cc2)=N1,41.7
N#Cc1ccc(-c2ccc(-c3ccnc(Cl)n3)cc2)cc1C#N,11.42
N#Cc1ccc(-c2cc(-c3ccc(-c4ccc(-c5nc(C#N)c(C#N)nc5C#N)nc4)c(-c4ccc(C#N)cc4)n3)nc(-c3c4cc(F)ccc4c(C#N)c4sc(C#N)nc34)n2)cc1,29.1
CC(C#N)n1ccc(-c2ccc(C#N)n2-c2ccc(-c3cccc(C#N)n3)cc2)n1,24.6
N#Cc1cnnc(-c2cc(F)c(-c3ccc(-c4cnc(C#N)c(F)n4)cc3)c(C#N)c2)n1,24.01
N#Cc1cccc(-c2nc(-c3cc(C#N)c(CO)[nH]c3=N)nc(N3CCCC3C#N)n2)n1,21.9
Cc1nc(-c2cccc(C#N)n2)ccc1-c1cc(-c2ccnc(Cl)n2)cc(-n2cc(C#N)cc2C(F)(F)F)c1,26.31
N#Cc1ccc(-c2nc3cc(-c4cccc(C#N)c4)ncn3c2-c2ccc(F)c(C#N)c2)cc1,18.32
N#Cc1ccc(-c2ccc(Cn3nc(-c4ccc(C#N)cc4)nc(-c4ccc(-c5cc(F)cc(C#N)c5)nc4)c3=O)cc2)cc1,26.44
N#Cc1cncc(-c2cc(C#N)nc(-n3nc(-c4ccnc(C#N)c4)cc3C#N)n2)c1,15.17
CN=c1cccc(-c2cnc(C#N)nc2-c2ccc(-c3ccc(N)c(C#N)n3)cc2)[nH]1,22.67
Cn1c(-n2cncc2C#N)nc(-c2ccc(-c3ccc(F)c(C#N)c3)c(C#N)c2)c(C#N)c1=O,23.76
N#Cc1cccc(-c2ccc(N)c(C(=O)Nc3nc(-c4cccnc4)nc(-c4cc(C#N)c(C#N)[nH]4)n3)n2)c1,21.47
N#Cc1cccc(-c2ccc(-n3c(-c4cnc(-c5ccc(C#N)c(C#N)c5)c(C#N)c4)nc(C#N)c3C#N)cc2)n1,18.55
N#Cc1ccc(-c2nc(-c3ccc(-c4nc(C#N)ccc4-c4cnc(C#N)c(C#N)c4)nc3)cs2)cc1,17.46
N#Cc1cccc(N=c2nc(-c3cnc(N=c4ccc(C#N)c(C(F)(F)F)[nH]4)c(C#N)c3)cc[nH]2)c1,20.27
N#Cc1ccc(-c2ccc(-c3nc(C=Cc4ccncc4)nc(-c4ccc(-c5cccc(C#N)c5)cn4)n3)cc2)cc1,20.84
COc1nc(-c2nc(-c3cc(F)c(F)c(-n4nccc4C#N)c3F)nc(N3CCOCC3C)n2)cc(C#N)c1C#N,23.46
N#Cc1ccc(-c2ccc(-c3nc(C#N)ncc3C#N)cc2)c(-c2ccc(-n3ccc4c(C#N)ncnc43)cc2F)n1,31.56
N#Cc1ccc(-c2ccc(-c3nc(-c4ccc(-c5ccc(C#N)c(C#N)c5)cc4)cc(-c4cc(C(F)(F)F)nn4-c4ccc(C#N)cc4)n3)cn2)cc1,23.07
Cc1nn(C=CS(=O)(=O)O)cc1-c1cc(-c2cnc(C#N)nc2)nc(-c2cccc(C#N)n2)n1,30.22
CN(C)CCN(C)c1ccc(-c2cc(=NC(=O)C(C)(C)C)nc(-c3ccc(-c4ccc(C#N)cc4)o3)[nH]2)cc1,35.65
N#Cc1ccc2c(c1)C(=O)c1ccc(Nc3cc(C#N)cc(=NCc4nc(-c5ccc(C(F)(F)F)c(F)c5)no4)[nH]3)cc1OC2,33.67
Cn1cc(-c2ccc(-c3nc(-c4cnc(-c5nc(-c6ccc(C#N)c(C#N)c6)nc(-c6ccc(Br)cc6)c5Cl)cc4Cl)n(-c4ccc(Cl)cc4Cl)n3)cc2C#N)cn1,38.87
N#Cc1noc(-c2ncc(-c3nc(NC(CF)CF)cc(-c4ccncc4F)n3)cc2C#N)n1,29.77
CC1(F)CCN(c2nc(-c3cnc(C#N)c(C#N)c3)nc(-c3nc(N4CCC(O)(C(F)(F)F)CC4)nc(-n4cccc4C#N)c3F)n2)C1,30.46
Cc1cnc(-c2cc(F)c(F)c(C#N)c2)nc1C1CCN(c2nc(-c3cnc(C#N)c(C#N)c3)nc(-c3cccc(C#N)n3)n2)C1,20.36
N#Cc1ccc(-c2ccc(-c3nc(C#N)c(-c4ccc(C#N)c(Br)c4)[nH]3)cc2)cc1,14.67
CC#CC(=O)Nc1ccc(-c2cc(-c3ccc(C#N)c(F)c3)nc(C#N)n2)cc1,23.66
CC(C)(O)c1ncc(-c2ccc(-c3nc(-c4ccc(C#N)cc4)nc(-c4ccc(-c5ccc(C#N)c(C#N)c5)cc4)n3)nc2)cc1C#N,23.21
N#Cc1ccc(-c2cc(C#N)nc(-c3cccc(-c4ccc(-c5ccc(C#N)c(C#N)c5)c(C#N)c4)c3)c2)cn1,17.82
N#Cc1ccc(-c2nc(-c3ccc(C#N)c(C#N)c3)nc(-c3[nH]c(-c4nc(C#N)nc(-c5ccc(Cl)c(C(F)(F)F)n5)c4F)cc3Cl)n2)c(Cl)c1,30.3
CNc1sc(-c2nc(-c3ccc(-c4ccc(C#N)cc4)cn3)cc(-c3ccc(C#N)c(C#N)c3)c2C#N)nc1C#N,14.82
N#Cc1ccc(-c2ccc(-c3nc(-c4ccc(C#N)cc4)cc(-c4cc(-c5nc(-c6ccc(C#N)cc6)cs5)nc(C#N)n4)n3)cc2)cc1,20.8
COc1c(C#N)cc(Br)c(C#N)c1C(=O)NCC1CCN(Cc2cnc(-c3ccc(OC(C(F)(F)F)C(F)(F)F)c(C#N)c3)o2)C1,46.64
N#Cc1ccc(-c2ccc(-c3nc(-c4cc(-n5nc(CO)cc5C#N)ccc4C#N)nc(-c4c(F)c(F)c(C#N)c(F)c4F)n3)cc2)cc1,18.77
N#Cc1cccc(-c2cnn(-c3ccc(-c4ccc5ncc6cncn6c5c4)cc3)c2)n1,35.94
CC(C1CC1)n1nc(-c2ccc(-c3cncc(F)c3)c(C#N)c2F)nc1-c1cnc(C#N)c(C#N)c1,21.02
N#Cc1ccc(C(CO)Oc2ccc(-c3nc(-c4cccc(C#N)n4)nc(N4CC5CCC(C4)O5)n3)cc2C#N)cc1,18.93
C=Cc1nc(C#N)cc(-c2ccc(-c3nc(-n4cccc4C#N)nc(NCc4ccncc4)c3C#N)s2)n1,30.4
N#Cc1ccc(-c2nc(-c3ccc(Cl)cc3)cc(-c3c(F)cc(F)c(-c4ncnc(Cl)n4)c3F)n2)cc1,22.89
N#Cc1ccc(-c2ccc3c(O)c4nc5ccc(C#N)cc5cc4c(=O)c-3c(-c3ccc(F)c(F)c3)c2)cc1,48.82
CC1CC(c2cc(-c3ccc(C#N)cc3)nc(-c3cnc(C#N)c(C#N)c3)n2)C1(C)C(=O)N=c1ccn(C)[nH]1,26.39
N#Cc1ccc(-c2nc(C#N)c(C#N)nc2-c2ccc(-c3cccc(-c4c(C#N)ccn4-c4cccc(C#N)n4)c3)cc2)cc1,18.87
N=c1nc(Cl)cc(SCc2ccccc2)[nH]1,25.29
N#Cc1cc(N2CCC2)nc(-c2nc(-c3cc(C#N)c(C#N)c(C#N)n3)ccc2C#N)n1,14.9
N#Cc1cncc(-c2nc(-c3cc(-c4ccc(-c5ccc(C#N)nc5)nc4NC(N)=O)cc(C#N)n3)ccc2C#N)c1,27.43
N#Cc1ccc(-c2ccc(-c3cc(C#Cc4ccc(C#N)nc4-c4ccc(C#N)cc4)nc(-c4ccc(-c5cccc(C#N)c5)nc4)n3)cn2)cc1,16.39
N#CC(=Cc1cc(Br)c(O)c(Br)c1)C(=O)Nc1ccc(-n2cc(-c3c(Br)ccc4ccccc34)cn2)cc1C#N,33.43
N#Cc1ccc(-c2ccc(C#N)nc2-c2ccc(N3CCC(CCN4CCCC4)CC3)c(C#N)c2)cc1,32.53
N#Cc1ccc(N=c2nc(C#N)nc(-c3cnc(-c4ccc(F)cc4)c(C#N)c3)[nH]2)cc1,15.5
N#Cc1ccc(-c2nc(-c3ccc(C#N)cc3)c(C#N)c(-c3cc(Cl)cnc3COc3ccc(C#N)cn3)n2)cc1,18.43
N#Cc1ccc(-c2ncc(-c3nc(C4CC5CCC4C5)nc(N4CC5CC4C5)n3)cc2C#N)cc1C#N,18.59
CC(C)Oc1ncc(-c2nc(-c3nc(C#N)ccc3Br)nc(N3CC4CC3CO4)n2)cc1C#N,13.8
N#Cc1ccc(-c2ccc(-c3nc(Cc4ccc(N)c(C#N)c4)nc(-c4cnc(C#N)c(C#N)c4)n3)cc2C#N)cc1,22.05
Cn1c(C#N)cnc1-c1cc(F)cc(-c2cnc(-c3ccc(F)c(C#N)c3)c(C#N)c2)c1,12.94
N#Cc1ccc(-c2ccc(-c3cc(-c4cnc(C#N)c(C#N)c4)nc(-c4ccc(-c5ccc(C#N)cn5)nc4)c3C#N)nc2)cc1,17.18
Cn1nc(C#N)nc1-c1cnc(-c2cnc(C#N)c(C#N)c2)c(C#N)c1,9.27
N#Cc1ccc(NC(=O)c2ncc(-c3ncnc(-c4cnc(Cl)c(C#N)n4)n3)cc2C#N)cc1C#N,28.74
N#Cc1ccc(-c2ccc(-c3cc(-c4ccc(C#N)cc4)cc(-c4ccncc4)n3)nc2)cc1,10.43
N#Cc1ccc(-c2ccc(-c3cc(-c4ccc(-c5cccc(C#N)c5)nc4)cc(-c4cc(-c5ccnc(-c6ccc(C#N)cc6)n5)nc(-c5ccc(C#N)cc5)n4)c3)cc2)cc1,19.65
Cn1nc(C#N)nc1-c1cnc(-c2ccc(F)c(C#N)c2F)c(C#N)c1,10.67
CC(Oc1c(C#N)cc(-c2nc(-c3nc(C#N)ccc3C#N)cc(N3CCOCC3)n2)nc1C#N)C(F)(F)F,17.92
Cc1nnc(-c2ccc(-c3nc(-c4cnc(C#N)c(C#N)c4)nc(-c4cc(C#N)c(C#N)[nH]4)n3)cc2C#N)s1,17.57
Cc1cc(C#N)cn1-c1cc(-c2cc(-c3ccc(C#N)cc3)cc(-c3ccc(C#N)cc3)n2)cc(-c2cc(-c3ccc(-c4ccc(C#N)cc4)cc3)nc(-c3ccc(C#N)cc3)n2)n1,23.4
N#CC=Cc1cc(-c2nc(C#N)c(C#N)[nH]2)nc(-c2nc(-c3ccc(C#N)cc3)nc(-c3ccc(-c4ccc(C#N)c(F)c4)c(Cl)c3)n2)n1,23.37
CC(=O)N1CCN(c2nc(C#N)cc(-c3cnc(-c4ccc(Cl)c(C#N)c4)c(C#N)c3)n2)C(C)(C)C1C,31.95
N#Cc1ccnc(-c2cc[nH]c(=Nc3cc(OCCN4CCN(C(C#N)c5cccnc5)CC4)c4nccnc4c3)n2)c1,35.85
N#Cc1ccc(-c2ccc(-c3ncc(C#N)n3-c3cc(-c4nc(-c5ccc(C#N)cc5)nc(-c5ccc(-c6ccc(C#N)cn6)nc5)n4)c(C#N)c(C#N)n3)cc2)cc1,15.2
COc1nc(-n2c(C(Cc3ccc(-c4ccc(C#N)cc4)cc3)NC(=O)c3ccc(-c4ccc(C#N)cc4)cc3)nn(CNc3ccc(C)cc3)c2=S)ccc1C#N,33.42
N#CCCc1nc(-c2ccc(C#N)cc2)cc2nnc(-c3cccc(-c4cccc(C#N)c4)c3)n12,29.37
CC(C)(C)c1nn(-c2ccc(-c3ccc(C#N)cc3)cc2S(=O)(=O)CCC[N+](C)(C)C)c(-c2nc(-c3cc(C#N)c(-c4ccc(C#N)c(F)c4)cc3Cl)no2)c1Cl,44.85
COc1cccc(-c2ccc(-c3nccn3-c3ccc(-c4nc(C)nc5ccccc45)nn3)cc2)c1,30.26
Cc1cc(C#N)cc2[nH]c(-c3ccc(-c4cccc(NC(=O)Nc5ccccc5F)c4)cc3)nc12,26.45
CC1Cc2c(sc(NC(=O)Nc3ccc(C#N)c(C#N)c3)c2C#N)C(C)(C)N1,19.64
N#Cc1ccc(-c2ccc(-c3nc(-c4ccc(C#N)cc4)nc(-c4cc(-c5ccc(-c6ccnc(Cl)n6)nc5)nc(-c5ccc(-c6cccc(C#N)n6)cc5)n4)n3)cc2)cc1,22.31
N#Cc1cc(-c2cc(F)cc(-n3nc(C(N)=O)cc3C#N)c2)cnc1-c1ccc(F)c(F)c1,10.43
N#Cc1ccc(-c2cc(-c3ccc(F)c(-c4ccc(C#N)c(C#N)c4)c3)nc(-c3ccc(C#N)cc3Cl)n2)cc1,16.15
Cc1ccc(C#N)nc1-c1nc(-c2cc(C#N)c(C)c(-c3ccc(C#N)cc3)c2)nc(N2CC3CCC(C2)O3)n1,16.74
N#Cc1nccc(-c2ncc(-c3nc4cnccc4n3CCN3CCc4cc(C#N)c(O)cc4C3)cc2C#N)n1,31.31
N#Cc1ccc(-c2ccc(-c3cc(-c4cccc(F)c4)nc4nc(C(=O)N5CCOCC5)nn34)c(-c3ccc(C#N)cc3)n2)cc1,33.05
N#Cc1ccc(-c2cc(-n3nc(C(=O)N=c4[nH]c(C#N)nc(N)c4C#N)cc3C#N)ccn2)c(C#N)c1,19.62
Cc1c(C#N)cncc1-c1nc(-c2nc(C#N)c(N)[nH]c2=NC(C)C)nc(=Nc2nc(C#N)ns2)[nH]1,27.18
Cc1nc(-c2ccc(-c3ccc(C#N)c(C#N)c3)cc2)nn1C(=S)Nc1ccc(-c2ccc(F)c(C#N)c2)c(C#N)c1,29.6
Cc1ccc2c(C=Cc3ccc(-c4ccc(-c5ccc(C#N)cc5)c(C#N)c4)cc3)c(C#N)ccc2n1,29.07
N#Cc1ccc(-c2nc(-c3ccc(-c4ccc(F)c(C#N)c4)nc3)nc(-c3cc(C#N)cc(-n4cccc4C#N)c3)n2)cc1,13.78
CN1CCCCC1CCn1nc(-c2cc(-c3ccc(C#N)cc3)cc(-c3ccc(-c4nc(Cl)nc(Cl)n4)cc3)c2)nc1-c1cnc(C#N)c(C#N)c1,19.59
N#Cc1cc(Nc2cccc(F)c2C#N)cc(F)c1C#N,17.36
N#Cc1nccc(C#Cn2ccc3c(C#N)nc(C#N)nc32)n1,31.32
N#Cc1ccc(-c2ccc(-c3nc(C#N)cn3-c3nc(C#N)nc(-c4cccc(C#N)n4)n3)cc2)cc1,22.61
N#Cc1cc(-c2nc(-c3cnc(N4CCC(F)(F)C4)c(C#N)c3)cc(N3CC4CC3C4)n2)cnc1C#N,14.89
N#Cc1ccc(-c2ccc(-c3ccc(C#N)c(-c4ccc(-c5ccc(C#N)cc5)nc4)c3)cc2)cc1,17.88
CC(C)(O)c1c(F)cc(-c2cc(-c3ccc(F)cc3)nc(-c3ccnc(C#N)c3)c2F)c(C#N)c1-n1nc(C#N)cc1C#N,30.23
N#Cc1cc(-c2ccc(-c3nc(Nc4ccc5c(c4)C(=O)c4ccc(N)cc4C5=O)cc(-c4ccccc4C#N)n3)cn2)cs1,20.01
N#Cc1cncc(-c2ccc(-c3cnc(-c4ccc(C#N)c(C#N)c4)c(C#N)c3)cn2)n1,12.01
N#Cc1ccc(-c2cc(-c3cccc(C#N)n3)nc(-c3ccc(C(=O)NC(Cn4cncn4)c4ccc(Cl)cc4)c(C#N)c3)n2)nc1,30.97
CC1CN(c2cnn(C3CCN(c4c(F)cc(-c5cc(C=Cc6ccc(C#N)cn6)nc(C#N)n5)cc4C(N)=O)CC3)c(=O)c2)CC(C)O1,48.89
CC1(O)CC(c2nc(-c3cnc(C#N)c(C#N)c3)nc(-c3ccc(C#N)c(OC4CCC(F)(F)C4)c3)n2)C1,22.7
N#Cc1cccc(-c2nc(-c3ccc(C#N)c(F)c3)cc(-n3nccc3C#N)n2)n1,11.96
N#Cc1ccc(-c2cc(-c3cc(-c4nnc(-c5ccc(C#N)cc5)c(COc5cc(C#N)cc(C#N)c5)n4)cc(C#N)c3C#N)c(F)cc2C#N)cc1,30.02
N#Cc1cn(-c2ccc(-c3nc(-c4cnc(C#N)c(C#N)c4)nc(N4CC(F)(F)C4)n3)nc2)nn1,20.51
N#Cc1ccc(-c2ccc(-c3cc(-c4cnc(-c5ccc(-c6ccc(C#N)cc6)cc5)nc4-c4ccc(-c5cc(C#N)ccc5F)cc4)nc(-c4ccc(C#N)cc4)n3)cc2)cc1,16.74
CC(C)Oc1ncc(-c2nc(-c3ccc(C#N)cc3)nn2CCN(C)C)cc1C#N,16.15
N#Cc1ccc(-c2ccc(-c3nn(-c4ccc(-c5cccc(C#N)n5)cc4C#N)cc3C#N)cc2C#N)cc1,17.0
N#Cc1ccc(-c2ncc(-c3cnc(-c4cnc(C#N)c(C#N)c4)cn3)cc2C#N)cc1,14.76
CC(C)Oc1ncc(-c2nc(-c3cnc(=N)[nH]c3)nc(N3CC4CC3C4)n2)cc1C#N,15.22
CN(C(=O)C=Cc1ccc(Cl)c(Cl)c1)c1ccc2oc(-c3ccc(C#N)nc3)nc2c1,28.57
COc1ccc(C#N)cc1-c1ccc(-c2cnn(-c3cc(N4CCOCC4)nc(N4CCOCC4)n3)n2)cc1F,25.15
CC(C)Oc1ncc(-c2nc(-c3cc(C4CCCCC4)nc(-c4ccc(-c5cnc(Cl)c(C#N)n5)c(Cl)c4)n3)cn2C)cc1C#N,21.18
Cn1cncc1C(c1ccc(-c2ccc(F)c(C#N)c2)cc1)N1CCN(Cc2ccc(C#N)cc2)CC1,26.77
N#Cc1ccc(Cc2cc(C3CN(Cc4cc(-c5ccc(-c6ccc(C#N)cc6)cc5)nc(-c5ccc(-c6ccc(C#N)cc6)cc5)n4)C3)[nH]c(=N)n2)cc1,33.78
N#Cc1ccc(CC(=O)Nc2ccc(-c3cc(-c4cnc(C#N)c(C#N)c4)nc(N4CCOCC4CCF)n3)c(F)c2)cc1,28.37
CC(C)N(Cc1ccccc1)Cc1nc2cc(C#N)ccc2n1-c1ccc(-c2nc3cc(C#N)c(C#N)cc3nc2-c2ccc(C#N)cc2)cc1,41.11
CN(C)C1CC(n2cnc3c(-c4c(F)cc(-n5cccc5C#N)c(F)c4F)nc(C#N)nc32)CC1O,26.0
C=C(c1cccc(C#N)n1)c1[nH]c(-c2nc(-c3ccc(F)c(C#N)c3)nc(N3CCOCC3C)n2)cc1C#N,34.69
N#CCc1sc(-c2nc(-c3ccc(N)c(C#N)c3)nc(-c3cc(Cl)cc(-c4cnc(C#N)nc4)c3F)n2)cc1C#N,29.54
CCc1nnc(-c2nc(CC3CC3)c(-c3nc(-c4c(F)c(F)c(C#N)c(F)c4F)n(C)n3)cc2C#N)o1,27.74
N#Cc1ccc(-c2cc(-c3nc(-c4cc(C#N)c(C#N)[nH]4)nc(C4CCCC4)n3)c(Cl)nc2C#N)cc1,19.91
CCCC(c1ccc(C(=O)NCCC(=O)O)cc1)n1nc(-c2ccc(C#N)nc2)c2ccc(-c3cnc(-c4ccc(C#N)cc4)c(C#N)c3)cc21,27.04
CC(Oc1ncc(-c2cc(C#N)nc(-c3nc(C#N)ccc3C#N)n2)cc1C#N)c1cccc(C#N)c1,13.31
N#Cc1cc(-c2ccc(C#Cc3ccc(-c4ccc(C#N)c(Cl)c4)nc3)cn2)ccc1F,15.59
N#Cc1ccc(CC(=O)N=c2cc(-c3ccc(-c4cccc(C#N)c4)cc3)[nH]c(-c3c(F)c(F)c(C#N)c(F)c3F)n2)cc1,20.64
N#CC(=C(Cl)c1ccc(C#N)cc1)n1cnc(C#N)n1,16.53
Cc1nc(-c2ccc(C#N)cc2)cc(C#N)c1-c1ccc(-c2ccnc(Cl)n2)cc1C#N,21.81
COc1cc(C#N)c(-c2cc(CCc3cc(OC)c(C#N)c(-c4ccc(C#N)cc4)c3)[nH]c(=O)c2C#N)cc1OC,38.15
N#Cc1ccc(-c2nc(-c3ccc(C#N)c(F)c3)cc(-c3cc(-c4cc(C#N)c(Cl)c(Cl)c4Cl)nc(-c4ccc(Cl)s4)n3)n2)cc1,26.44
Cc1nc(-c2ccc(C#N)cc2)c(C#N)cc1-c1ccc(-c2cnc(-n3cc(C#N)nn3)nc2C#N)cc1,18.06
N#Cc1ccc(-c2nc(-c3ccc(-c4ccc(F)c(C#N)c4)c(C#N)c3)nc(N3CC4CC3C4)n2)cc1,20.78
N#Cc1ccc(C(=O)Nc2ccc(-c3cc(C#N)c(-c4cnc(C#N)c(C#N)c4)nc3C(N)=O)cc2)cn1,20.96
N#Cc1ccc(-c2onc(-c3ccc(-c4nc(-c5ccc(C#N)nc5)nc(SCc5ccc(-c6cccc(C#N)n6)nn5)c4C#N)cc3F)c2C#N)nc1,34.36
CC(C)(C)c1nccc(-c2ncc(-c3nc(-c4cnc(C#N)c(C#N)c4)nc(C4CC4)n3)cc2C#N)n1,24.19
COc1cc(C#N)ccc1-c1ccc(-c2ccc(C#N)c(F)c2)[nH]1,32.9
N#Cc1cc(-c2ccc(N=c3[nH]c(-c4cccc(C(F)(F)F)c4F)cc(=O)o3)cc2)nc(C#N)n1,21.57
N#Cc1cc(=Nc2cnc(C#N)c(C#N)c2)[nH]c(-c2ccc(-c3cnc(C#N)c(C#N)c3)nc2)n1,21.59
N#CC=Cc1cccc(-c2cc(-c3ccc(-c4ccc(C#N)cc4F)nc3)nc(SCc3cc(C#N)cc(C#N)n3)c2C#N)n1,29.03
N#Cc1ccc(-c2cc(-c3cc(-c4cnccc4C#N)nc(C#N)n3)nc(-c3ccc(C#N)cc3)n2)cc1,13.82
N#Cc1cnc(-c2ccc(C#N)c(C#N)c2)c(-c2cnc(-c3cnc(C#N)c(C#N)c3)c(C#N)n2)c1,16.32
COc1cc(C=Cc2nnc(-c3ccc(-c4ccc(C#N)cc4)cc3)c(C#N)n2)ccc1-n1cnc(C)c1,21.08
N#Cc1ccc(-c2cc(-c3cc(F)c(C#N)cn3)nc(-c3cccc(C#N)n3)n2)cc1,15.73
CN(Cc1cc(=O)nc(-c2ccc(-c3cccc(C#N)c3)cc2)n1C)c1ccc(C#N)nc1-c1ccc(C#N)c(C#N)c1,27.66
N#Cc1ccc(-c2cc(-n3nc(C(F)(F)F)cc3C#N)nc(-c3ccc(C#N)cc3)n2)cc1,9.58
N#Cc1ccc(-c2cc(-c3nn(-c4ccccc4C(F)(F)F)c4cc(C#N)nc(C#N)c34)nc(-c3ccc(-c4ccc(F)c(C#N)c4)nc3)n2)cc1,36.51
Cn1c(C#N)ccc1-c1cc(-c2nc(-c3cnc(C#N)c(C#N)n3)nc(-c3ccccc3Cl)n2)n(Cc2ccc(C#N)cn2)n1,37.47
N#Cc1cnc(-c2ccc(-c3nc(-c4ccc(-n5cnc(C#N)c5)nc4)c(C#N)cc3-c3cccc(C#N)n3)cc2)cn1,20.58
COCC(C)n1nc(C#N)nc1-c1cnc(C#N)c(C#N)c1,13.08
N#Cc1ccc(-c2nc3ccc(-c4cc(C#N)cc(C#N)n4)cn3c2Cc2ccc(-c3ccc(C#N)nc3)cc2)cc1,25.59
N#Cc1ccc(-c2cc(-c3ccnc(Cl)n3)nc(-c3ccc(-c4cc(C#N)nc(C#N)n4)s3)c2)cn1,19.22
CC(C)(C)OC(=O)c1sc(-c2cc(C#N)c(C#N)c(C#N)n2)nc1-c1ccc(C#N)cc1C#N,22.35
N#CC=Cc1nccc(-c2nc(-c3ccc(-c4ccc(C#N)cn4)nc3)c(C#N)c(-c3cnc(C#N)c(C#N)c3)n2)n1,16.22
N#Cc1cc(-c2ccc(C#N)c(C#N)c2)c(F)c(-n2nc(-c3ccc(-c4nc(C#N)c(C#N)nc4C#N)cc3)c(-c3ccccc3)nc2=O)c1,35.47
N#Cc1ccc(-c2ccc(-c3nnc(-c4ccc(C#N)cc4)c(-c4cccc(C#N)n4)n3)cc2)cc1,16.08
CC#CC(=O)Nc1cc(-c2cnc(-c3ccc(C#N)c(F)c3)c(C#N)c2)cc(-c2nccc(C#N)n2)c1,20.36
N#Cc1cc(-c2nnc(N)c(C#N)n2)cc(-c2cnc(-c3cc(F)cc(F)c3)c(C#N)c2)n1,16.83
Cc1cc(C#N)ccc1-n1cc(-c2cc(-c3ccc(C#N)cc3)cc(-c3cnc(C(F)(F)F)c(C#N)c3)c2)cn1,23.05
COC1CN(c2nc(-c3cnc(OC(C)C)c(C#N)c3)nc(-c3nc(C#N)ccc3C)n2)CC1(OC)C(F)(F)F,23.59
N#Cc1ccc(-c2cc(-c3cnc(C#N)nc3)cc(-n3ccnc3C#N)n2)nc1,17.62
N#Cc1cccc(Nc2nc(Cl)nc3cnc(Oc4cccc(Cl)c4F)nc23)c1,29.71
CNc1c(C#N)nc(-c2csc(-c3ccc(-c4ccc(C#N)cc4)cc3)n2)n1C,19.78
Cc1c(C#N)cc(-c2nc(-c3nc(C#N)ccc3C#N)nc(N3CCC(F)C3)n2)cc1C#N,11.47
N#Cc1ccc(-c2ccc(-c3c(C#N)cc(C#N)n3-c3ccc(-c4ccc(C#N)cc4)cc3)cc2)cc1,14.5
N#Cc1ccc(-c2csc(-c3c(Nc4ccc(-c5ccnc(C#N)n5)cc4C#N)c4ccc(C#N)cc4[nH]c3=O)n2)cc1,32.72
CN(C)CC(Oc1ncc(-c2nc(-c3ccc(C#N)cc3)nc(N3CCC(F)CC3)n2)cc1C#N)c1ccc(Cl)c(F)c1,20.32
N#Cc1ccc(-c2cncc(-c3nc(C#N)cc(-c4cc(C#N)c(C#N)c(C#N)n4)n3)c2)cc1,15.34
CCn1c(=O)[nH]c(=O)c2c(-c3cc4c(c(C#N)n3)NCC4(C)C)nc(C#N)nc21,43.6
N#Cc1ccc(-c2ccc(-c3cc(C#N)nn3-c3cccc(-c4ccc(-c5ccc(C#N)cc5)cc4C#N)c3C#N)cc2)cc1,18.93
Cn1c(C#N)ccc1-c1cc(-c2ccc(-c3nnco3)c(C#N)c2)nc(Cl)n1,16.3
N#Cc1ccc(-c2ccc(-c3cnc(-c4ccc(-c5cccc(C#N)n5)s4)o3)cc2C#N)cc1,17.48
N#Cc1ccc(-c2nc(-c3c(F)c(F)c(C#N)c(F)c3F)nc(-c3c(F)c(F)c(C#N)c(F)c3F)n2)cc1,10.47
N#Cc1ccc(-c2nc(-c3ccc(-c4ccc(C#N)c(C#N)c4)nc3)nc(-c3cc(C#N)ncn3)c2F)cn1,14.73
CC(C)Oc1ncc(-c2nc(-c3cncc(C#N)n3)nc(N3CCC(F)C3)n2)cc1C#N,14.33
CN(C)CCN(C)C(=O)c1cc(C#N)n(-c2ccc(-c3cnc(C#N)c(-c4ccc(-c5cccc(C#N)n5)cc4)n3)cc2F)n1,26.53
CC(C)Oc1ncc(-c2nc(-c3cc(C#N)c(N4CC5CN(CC(N)=O)CC5C4)nn3)nc(N3CCOCC3)n2)cc1C#N,25.85
N#Cc1ccc(Nc2cc(-c3cc(-c4ccc(-c5ccc(F)c(C#N)c5)cc4C#N)cc(-c4ccc(-c5nc(C#N)c(C#N)nc5-c5ccc(C#N)cc5)cc4)n3)ncc2N)cc1,31.82
COc1cc(C(=O)Nc2cccc(-c3ccc(C#N)cc3)c2)ccc1Cn1c(=S)[nH]c(=O)c2cc(-c3cnc(-c4ccc(C#N)cc4)c(C#N)c3)ccc21,38.62
N#Cc1ccc(CN2CCN(c3nc4ccc(-c5ccc(C#N)c(C#N)c5)nc4c(=Nc4ccc(F)c(F)c4)[nH]3)CC2)cc1,26.73
N#Cc1ccc(-c2nc(NC(=O)Cn3cnc4ccccc4c3=O)sc2C#N)cc1,28.24
N#Cc1ccc(-c2nc(C#N)c(-c3ccc(-n4c(C#N)cnc4-c4cccc(C#N)n4)cn3)s2)cc1,16.88
CCOC(=O)c1cc(C#N)n(-c2cc(Cl)c(-c3ccc(C(=O)Nc4ccc(C#N)cc4)cc3)c(C#N)c2)n1,20.56
N#Cc1ccc(-n2nc(C#N)cc2C(=O)Nc2ccc(-c3onc(CO)c3C#N)c(C#N)c2)nc1,28.85
N#Cc1cc(C2CC2)cc(-c2cc(N3CC4CC3C4)nc(-c3ccc(C#N)c(C#N)c3)n2)n1,18.75
CC(Oc1ncc(-c2nc(-c3nc(C#N)ccc3C#N)nc(N3CC4CC3C4)n2)cc1C#N)C(F)(F)F,9.41
N#Cc1ccc(-c2nc(-c3ccc(-c4ccc(C#N)cc4-c4cccc(C#N)n4)cc3)cs2)cc1,12.59
N#Cc1ccc(-c2cc(N3CC4CC3C4)nc(-c3cnc(C#N)c(C#N)c3)n2)cn1,10.8
COc1cccc(-c2cc(C#N)cc(-c3nc(-c4cnc(C#N)c(C#N)c4)nc(-c4cc(C#N)c(CCC#N)nc4CO)n3)c2)c1F,23.38
CCOc1ccc(-c2cc(C#N)c(C#N)c(C#N)n2)nc1-c1nccc(C#N)n1,13.25
CC(C)Oc1ncc(-c2cc(N3CCC(C#N)C3)nc(-c3cccc(C#N)n3)n2)cc1C#N,14.27
N#Cc1ccc(N=c2nc(-c3ccc(C#N)c(-c4ccc(C#N)c(C#N)c4)c3)[nH]cc2C#N)c(Br)c1,23.97
N#Cc1cccc(-c2nc(C#N)nn2-c2ccc(-c3cnc(C#N)c(C#N)c3)c(C#N)c2)n1,14.03
N#Cc1ccc(-c2ccc(-c3nc(=N)c(C#N)c(-c4cc(N5CCOCC5)cc(-c5cnc(C(N)=O)c(C#N)c5)n4)[nH]3)cc2)cc1,26.9
N#Cc1ccc(-c2ccc(-c3[nH]ncc3-c3ccc(-c4ccc(-c5ccc(C#N)nc5)c(C#N)c4)[nH]3)cc2)cc1,31.05
N#CCc1nc(C(F)(F)F)c(C#N)cc1-c1nccc(-c2ccc(C#N)cc2)n1,20.03
CC(C)n1cc(-c2cnc(-c3cnc(C#N)c(C#N)c3)c(C#N)n2)c(-c2cnc(C#N)c(C#N)c2)n1,12.89
N#Cc1ccc(Nc2cc(N=CN3CCN(C=O)CC3)nc(N=CN3CCN(C=O)CC3)n2)cc1Cl,11.65
N#Cc1ccc(-c2ccc(-c3nc(-c4ccc(C#N)c(-c5ccc(C#N)cc5F)c4)nc(-c4ccc(-n5cc(-c6cnccn6)cn5)cn4)n3)cn2)nc1,31.99
COC1CC(C)N(c2nc(-c3cnc(OC(C)C)c(C#N)c3)nc(-c3nc(C#N)cnc3C#N)n2)C1,13.8
CN(C)C(=O)c1cccc(Nc2c(Nc3ccc(Cl)c(F)c3F)c(=O)c2=O)c1O,24.09
N#Cc1ccc(-c2ccc(-c3nnn(-c4ccc(-c5ccc(C#N)s5)cc4C#N)n3)cc2C#N)cc1,15.15
N#Cc1cccc(-c2cc(-c3cccc(C#N)n3)nc(-c3ccc(-c4cnc(C#N)c(C#N)n4)cc3)n2)c1,19.4
CC(C)(C)c1cccc(Oc2ccc3c(c2)C(=O)c2ccc(Nc4nc(-c5ccc(-c6ccc(C#N)c(C#N)c6)cc5)nc(C#N)c4Nc4nc(C#N)nc(C#N)c4C#N)cc2CC3)c1,36.22
Cc1c(-c2nc(-c3nc(C(=O)O)c(Br)s3)c(C#N)n2-c2ccc(C#N)c(-c3ccc(-c4ccc(C#N)cc4)cc3C#N)c2)nn(-c2ccc(Cl)cc2Cl)c1-c1ccc(Cl)cc1,40.0
N#Cc1nccc(-c2ccc(-c3cnc4cccnn34)cc2)n1,17.88
COc1cc(-c2ccc3c(c2)CCc2ccc(N=Cc4c(C(F)(F)F)nc(C#Cc5ccc(C#N)cc5)c(C#N)c4O)cc2C3=O)cc(OC)c1OC,30.3
N#Cc1cc(-c2cccc(N=c3nc(-c4cnccn4)cc[nH]3)c2)ccc1-c1ccc(C#N)c(C#N)c1C#N,31.29
Cc1n[nH]c(-c2nc(C#N)c(-c3cccc(-c4ccc(OC(F)(F)F)nc4)c3)cc2C#N)n1,31.34
N#Cc1ccc(-c2cc(-c3ccc(C#N)cc3)nc(-c3nc(C#N)ccc3C#N)c2)cc1,12.24
N#Cc1ccc(-c2ccc(-c3ccc(-c4csc(N=Cc5nn(Cc6csc(-c7ccc(C#N)cc7)n6)c6ccccc56)n4)cn3)cn2)cc1,31.14
N#Cc1cc(-c2nc(-c3cnc(C#N)c(C#N)c3)n(C3CCNCC3)n2)cc(-c2c(F)c(F)c(F)c(F)c2F)c1,14.9
N#Cc1ccc(-c2nc(-c3cncc(C#N)n3)c(-c3cccc(C#N)n3)n2Cc2cccc(-c3cccc(C#N)n3)c2)cc1,21.65
N#Cc1cccc(-c2ccc(-c3ncn(-c4cccc(C#N)n4)c3C#N)cc2C#N)n1,19.61
N#Cc1cc(-c2nc(-c3cnc(C#N)c(C#N)c3)nc(N3CCC34CCC4)n2)cc(-n2nc(C#N)cc2C#N)c1,16.27
N#Cc1ccc(-c2cccc(-c3nc(-c4ccc(-c5ccc(C#N)nc5)cc4)n(-c4ccc(N)cc4)n3)c2)cc1,19.48
CCNCc1cc(Cc2cn(-c3ccc(-c4ccc(C#N)c(F)c4)c(C#N)c3)nc2-c2ccc(Cl)c(C#N)c2)ccc1C#N,37.56
Cc1c(-c2ccc(-c3ccc(C#N)cc3)nc2)cc(C#N)c(=O)n1-c1ccc(C#N)cc1C#N,18.3
N#Cc1ccc(-c2ccc(-c3nn(-c4nonc4-c4ccccc4)[n+](-c4ccnc(-c5ccc(C#N)cc5)n4)n3)cc2)cc1,22.84
Cc1nc(-c2ccc(-c3ccc(C#N)cc3)nc2)sc1-c1nc(C#N)cc(C=CC#N)n1,16.21
N#Cc1cccc(-c2cc(-c3ccc(-c4cnco4)c(C#N)c3)nc(C#N)n2)n1,13.04
N#Cc1ccc(-c2cc(-c3cnc(-c4nc(-c5cccc(C#N)n5)c[nH]4)c(F)c3F)cc(-c3nc(N4CCCC(N)C4)nc(-c4ccc(C#N)cc4)c3C#N)n2)cc1,26.95
Cc1nccc(-c2ccc(-n3c(-c4ccc(-c5ccc(C#N)cc5)cc4)nc(-c4cccc(C#N)c4)c3C#N)cc2)n1,21.09
Cc1ccc(-c2cc(-c3cccs3)nc(-n3cnc(C#CC(C#N)=CC#N)n3)n2)c(F)n1,40.51
N#Cc1ccc(-c2ccc(-c3noc(-c4nc(C#N)ncc4Br)n3)cc2)cc1,23.77
C[S+]([O-])c1ccc(-c2ncc(-c3cc(-c4ccncc4)nc(-c4ccc(-c5cc(C#N)nc(Cl)n5)nc4)c3)cc2-c2ccc(C#N)cc2)cc1,27.17
CC(C)Nc1ccc(-c2ccc(Oc3ccc4ccc(-c5nnc(-c6ccc(C#N)cc6)o5)cc4c3)cc2)nc1C#N,37.42
CC(C)Oc1ncc(-c2nc(-c3cc(N4CCC4)cc(C#N)n3)nc(N3CC4CC3C4)n2)cc1C#N,14.94
CC(F)(F)c1ncc(-c2cccc(C#N)n2)nc1-c1cnc(C(=O)NC(CO)c2cccc(C#N)n2)c(C#N)c1,24.37
CC(C)Oc1ncc(-c2nc(-c3cccc(C#N)n3)cc(N3CC4CC3C4)n2)cc1C#N,10.97
CC(C)c1nc(=Cc2ccc(-c3ccc(C#N)c(C#N)c3)c(C#N)c2)c(=O)[nH]c1=CC1=NCCN1,31.52
N#Cc1ccc(-c2ccc(-c3cc(C#CC#Cc4ccc(C#N)cc4-c4ccc(-c5cc(C#N)c(C#N)cn5)cc4C#N)nc(-c4ccc(-c5ccc(C#N)cc5)cc4)n3)cc2)cc1,22.65
CC(C)n1cc(-c2cc3nccc(-c4cccc(-n5ncc6cc(F)ccc6c5=O)c4CO)c3cn2)cn1,38.17
COc1cccc(-c2c(N)n(Cc3ccc(C#N)cc3)c3nc(C#N)c(C#N)nc23)c1OC,25.91
N#Cc1ncn(-c2ccc(-c3ncc(-c4cc(-c5nc(Cl)nc(Cl)n5)cnc4F)cc3C#N)c(Cl)c2)n1,27.11
N#Cc1cc(-c2nc(-c3cnnc(Cl)c3)cc(N3CC4CCC3C4(F)F)n2)cc(F)c1C#N,25.39
N#CCCCC#Cc1nc(C#N)c(N)nc1C#CC#Cc1ccc(C#N)cn1,20.31
N#Cc1ccc(-c2nc(-c3ccc(-c4cnc(-c5cccc(C=NO)n5)nn4)cc3)cnc2-c2ccc(C#N)cc2F)cc1,31.2
Cc1nc(C2CCCN2c2cc(-c3cncc(C#N)c3)nc(-c3cnc(C#N)c(C#N)c3)n2)no1,20.74
Cc1cc(C#N)ccc1-c1nccc(-c2cc(CCC(F)(F)F)nc(-c3cnc(Oc4ccc(-c5cnc(-c6ccc(C#N)cc6)o5)cc4)c(C#N)c3)n2)n1,45.19
N#Cc1ccc(-c2ncc(-c3cc(-c4cnc(C#N)nc4)nc(C#N)n3)cc2C#N)cc1,13.15
Cc1cc(C#N)nc(-c2nc(-c3cnc(OC(C)C)c(C#N)c3)nc(N3CC4CCOC4C3)n2)c1,13.27
N#Cc1ccc(-c2nccc(-c3cnn(-c4cc(-c5nc(C#N)cc(-c6ccc(-c7ccc(C#N)cc7)c(C#N)c6)c5C#N)nc(C#N)n4)n3)n2)cc1,26.85
N#CCn1ncc(-c2ccc(-c3ccc(-c4ccc(C#N)cc4)c(C#N)c3)nc2)c1-c1ccc(C#N)cc1,14.28
CC(C)Oc1ncc(-c2nc(-c3cnc(-c4cccc(C#N)n4)c(C#N)c3)cn2CS(C)(=O)=O)cc1C#N,19.51
Cn1nc(-c2cnc(-c3cnc(C#N)c(C#N)c3)c(-c3ccc(C#N)cc3)c2)nc1-c1cnc(C#N)c(C#N)c1,12.52
CC(C)Oc1ncc(-c2nc(-c3cccc(C#N)n3)nc(N3CCC(C#N)C3)n2)cc1C#N,10.89
N#Cc1ccc(-c2nc(-c3ccc(-n4nc(C(F)(F)F)cc4C#N)cc3)nc(-c3ccc(-c4cc(F)c(F)c(F)c4)nc3)n2)cc1C(F)(F)F,19.79
N#Cc1ccc(-c2cc(-c3cnc(C(F)(F)F)c(C#N)c3)nc(-c3cccc(C#N)n3)n2)cc1,11.74
N#Cc1ccc(-c2ccc(-c3c[nH]c(=N)cc3-c3cnc(-c4cccc(C(=O)O)c4)c(C#N)n3)cn2)cn1,29.06
N#Cc1nc(-c2sc(-c3ccc(F)c(C#N)c3)cc2Cl)n(-c2ccc(-c3cnc(C#N)c(C#N)c3)cc2C#N)n1,25.29
N#Cc1ccc(-c2nc(-c3ccc(-c4ccc(F)c(C#N)c4)s3)ncc2-c2ccccc2)cc1,14.53
N#Cc1ccc(-c2ccc(-c3cc(-c4ccc(C#N)cc4)ccc3-c3ccncc3)cc2)cc1,16.04
CC(C#N)Oc1nc(-c2nc(-c3cnc(C#N)c(C#N)n3)cc(N3CC4CC4C3)n2)cc(C#N)c1C#N,18.09
N#Cc1ccc(-c2ccc(-c3nc(NCCCc4cncn4Cc4ccc(F)cc4)cc(-c4ccc(-c5ccc(C#N)cc5)nc4)n3)cc2)cc1,27.1
N#Cc1cc(-c2cc(O)cc(OCc3cc(-c4ccc(F)nc4)nc(-c4cc(F)c(C#N)c(C#N)c4)n3)c2)cnc1C#N,33.31
N#Cc1ccc(-c2nc(-c3ccc(-c4cnco4)cc3)nc(-c3c(F)c(F)c(C#N)c(F)c3F)n2)cc1C#N,24.08
N#Cc1cnc(C#N)c(-c2nc(-c3ccc(C#N)c(C#N)c3)nc(N3CC4CC3C4)n2)n1,13.97
Cn1nc(-c2ccc(F)c(-c3ccc(C#N)c(C#N)c3)c2)nc1-c1cnc(C#N)c(C#N)c1,10.86
CCCC(NC(=O)C(CNC(=O)c1cc(C(F)(F)F)cc(C(F)(F)F)c1)Nc1cnc(-c2nc(C#N)c[nH]2)c(-c2cc(C#N)ccn2)c1)C(=O)C1Cc2cnccc2CN1C,59.81
N#Cc1ccc(CS(=O)(=O)NC2CCN(c3nc(-c4cnc(C#N)c(C#N)c4)nc(-c4ccc(C#N)c(F)c4F)n3)C2)cc1,19.31
N#Cc1ccc(-c2ccc(-c3cc(Nc4ccc5c(c4)C(=O)c4ccc(N)cc4C5=O)nc(Nc4cccc(C#N)c4C#N)n3)cc2)cc1,18.24
N#Cc1ccc(-c2ccc(-c3cc(-c4cnc(-c5cnc(C#N)c(C#N)n5)c(C#N)c4)n4cccnc34)cc2)cc1,19.68
N#Cc1ccc(-c2cc(F)c(-c3cc(-n4nc(C#N)cc4C#N)nc(C#N)n3)cc2C#N)cc1,18.98
N#CCCn1c(C#N)ccc1-c1ccc(-c2cnc(-c3ccc(Br)cc3)c(C#N)c2)nc1,19.69
CC(C)N1CCC(c2nc(-c3ccc(F)c(C#N)c3)c(-c3nc(C#N)c4nc(N5CCOCC5)nc(N5CCOCC5)c4n3)s2)CC1,39.52
N#Cc1ccc(-c2nc(-c3ccnc(-c4ccc(-c5ccc(C#N)c(C#N)c5)cc4)n3)cc(-c3cnc(N)c(C#N)n3)n2)cc1,23.25
CS(=O)(=O)N1CC(n2nc(-c3ccc(F)c(-c4ccc(C#N)cc4)c3)nc2-c2cc(C#N)c(C#N)c(C#N)n2)C1,19.82
CS(=O)(=O)N1CCc2c(-c3ccc(-c4ccc(C#N)cc4)cc3)nn(-c3cccc(-c4cccc(C#N)n4)c3)c2C1,20.93
N#Cc1cc(-c2nc(-c3cnc(-c4ccc(F)cc4)c(C#N)c3)nc(N3CCCC(N)C3)n2)cnc1C#N,13.72
Cc1nc(-c2ccc(C#N)cc2)nc(-c2ccc(-c3ccc(C#N)cc3)cc2)c1-c1nc(-c2ccc(C#N)cc2)nc(-c2ccc(N=CC(C#N)C#N)cc2)n1,23.77
N#Cc1ccc(-c2ncc(-c3cccc(-c4nc(C#N)cn4-c4ccc(-c5cncc(C#N)n5)c(F)c4)n3)cc2C#N)cn1,23.67
N#Cc1ccc(-c2cc(C(N)=O)nc(-c3cnc(C#N)c(C#N)c3)n2)cn1,14.04
COCCn1cc(-c2ccc(C#N)cn2)nc1-c1cnc(OC(C)C)c(C#N)c1,10.18
CC(=O)NC1CN(c2ccc(-c3cc(C#N)c(C#N)c(C#N)n3)nc2-c2cc(C#N)cc(C#N)n2)C1,17.15
CN1C(=O)c2c(Oc3nc(N4CCN(c5nccc(-c6ccc(C#N)c(C#N)c6)n5)CC4)[nH]c(=Nc4ccc(C(C)(C)C)cc4C#N)n3)cccc2C1(C)C,34.83
N#Cc1cccc(-c2ccc(-c3cc(-c4ccc(-c5nc(C#N)c(C#N)nc5-c5ccsc5)cc4)nc(-c4cccnc4)c3)cc2C#N)c1,30.19
CC(C)(C)Cn1c(-c2ccc(C#N)cc2)nc(-c2ccc(-c3ccc(C#N)nc3)cc2)c1-c1cccc(C#N)n1,15.22
N#CC=Cc1nnc(-c2ncc(-c3ccc(F)c(-c4ccc(-c5nc(Cl)nc(Cl)n5)cc4F)c3)cc2F)s1,36.27
N#Cc1ccc(-c2ccc(C=CC(=O)c3cc(-c4csc(C#N)c4)cc(-c4ccc(F)c(-c5ccc(C#N)c(C#N)c5)c4)c3)o2)cc1,29.01
Cn1c(-c2cc(-c3ccc(C#N)cc3)cc(-c3ccncc3)n2)nc(C#N)c1C(=O)O,20.01
N#CCn1ncc(-c2ccc(-c3cc(C#N)c(F)cn3)nc2)c1-c1cncc(C#N)n1,19.84
N#Cc1ccc(-c2ccc(-c3nc(-c4ccc(-c5cc(F)c(F)c(C#N)c5F)cc4)cc(-c4nnc(-c5ccc(-c6ccc(C#N)cc6)nc5)c(C#N)n4)n3)cc2)cc1,27.46
N#Cc1ccc(-c2nc(-c3cnc(C#N)c(C#N)c3)nc(-n3nc(-c4ccc(F)c(F)c4)cc3C#N)n2)cn1,14.62
N#Cc1ccc(C(=O)CN2CCN(c3ccc(-c4cnc(-c5ccc(C#N)nc5)c(C#N)c4)cc3)CC2)nc1,29.56
N#Cc1ccc(-c2ccc(-c3ccc(-n4cncc4-c4ccc(-c5ccsc5)c(C#N)c4)cc3)cc2C#N)cc1,24.35
COc1cc(-c2nc(-c3ccc(C#N)cc3)nc(-c3ccc(-c4ccc(C#N)cn4)nc3)n2)n(C)c1-c1ccc(C#N)c(C#N)c1F,22.02
Cc1ccc(-c2nc(-c3cccc(C#N)n3)cc(C3CN4CCC3CC4)n2)cc1C#N,15.0
CC1C(N(C)C(=O)OCC#N)CCN1c1cc(-c2ccc(OC(F)(F)F)cc2)nc(-c2cnc(C#N)c(C#N)c2)n1,30.2
CC(C)N=c1cc(-n2ccc3cc(C#N)cnc32)[nH]cc1C(=O)NCc1cccc(C#N)n1,23.87
N#Cc1cc(F)cc(-c2ncc(-c3cccc(C=Cc4nc(C#N)c(Nc5ccc(O)cc5)o4)n3)cc2C#N)c1,31.56
CC(C)Oc1ncc(-c2ncn(-c3cc(C#N)c(-c4ccc(C#N)cc4)c(C#N)c3)n2)cc1C#N,12.74
N#Cc1ccc(-c2ncc(-c3cc(F)cc(-n4c(C#N)ccc4C#N)c3)cc2C#N)o1,12.84
Cc1nc(C#N)c(C#N)nc1-c1cc(-n2nc(-c3ccc(-c4ccc(C#N)c(C#N)c4)cc3)nc2-c2ccc(-c3ccc(C#N)cc3)cc2)cc(N2CCOCC2)n1,19.82
N#Cc1ccc(-c2ccc(-c3nc(-c4ccc(-c5ccc(C#N)cc5)cn4)n(-c4ccc(C#N)c(-c5cccc(C#N)n5)c4)n3)cc2)cc1,17.11
N#Cc1cc(-c2nc(-c3cnc(N4CCC(F)C4)c(C#N)c3)nc(N3CCC(F)(F)CC3)n2)cnc1C#N,14.77
N#Cc1ccc(-c2nc(-c3cnc(N4CC(O)C(F)C4)c(C#N)c3)nc(N3COC4CC3C4)n2)cc1,21.09
N#Cc1ccc(-c2ccc(-c3nc(-c4cc(-c5ccc(C#N)cc5)ccc4OCCOc4ccccc4)[nH]c(=N)n3)cc2)cc1,23.81
N#Cc1cc(N)c(C#N)n1-c1c(Cl)cc(C(F)(F)F)cc1Cl,20.97
N#Cc1ccc2cc(-c3ncc(C(=O)n4ccc5c(-c6ccc(C#N)nc6)nccc54)cc3C#N)ccc2c1,29.19
N#Cc1cncc(C(O)(c2ccc(-c3cccc(-c4cc(C#N)ccn4)c3)cc2C#N)C(F)(F)F)c1,18.43
CC(C)N=c1nc(-c2cc(C#N)ccc2C#N)cc(-n2nc(C(F)(F)F)cc2C#N)[nH]1,19.67
N#Cc1ccc(-c2cccc(-c3cc(C#N)c(C#N)c(C#N)n3)n2)cc1,12.91
N#Cc1ccc(-c2nc(-c3ccc(C#N)cc3)nc(-c3ccc(C(=O)Nc4cc(C#N)ccc4F)cc3)n2)cc1,20.71
CCn1c(C#N)ccc1-c1ccc(C#Cc2ccc(-c3ccc(C#N)c(F)c3)nc2)cc1,20.96
N#CCc1ncc(-c2nc(-c3cccc(C#N)n3)nc(N3CC(c4ccc(C#N)cc4)C3)n2)cc1C#N,17.42
CC(C)Oc1ncc(-c2cc(-c3nc(-c4ccc(-c5nc(C#N)c(C#N)nc5C#N)c(C#N)c4)cs3)nc(-c3coc(C#N)n3)n2)cc1C#N,31.59
N#Cc1ccc(-c2nc(C#N)cc(-c3cccc(-c4cc(-c5cncc(C#N)c5)cc(C#N)n4)c3)c2C#N)cc1,20.54
N#Cc1ccc(-c2nc(-c3cccc(C#N)n3)nc(-c3cc(C#N)c(N4CC(F)(F)C4)nn3)c2F)cn1,14.58
N#CCc1ccc(-c2nc(-c3c(F)c(F)c(C#N)c(F)c3F)cc(N3CC4CC4C3)n2)cc1C#N,15.96
Cc1nc(C#N)c(C#N)nc1-c1nc(C(C)C)c(-c2nc(C(C#N)=c3ccc(=C(C#N)C#N)cc3)nc(C(C#N)=c3ccc(=C(C#N)C#N)cc3)n2)cc1C#N,21.01
CN(C)CCn1c(-c2ccc(-c3ccc(C#N)cc3)cc2)nc(-c2ccc(-c3ccc(C#N)cn3)nc2)c1-c1ccc(C#N)cc1,18.99
CCCCc1nnc(-c2cc(-c3ccc(C#N)c(C#N)c3)c(C#N)c(C#N)n2)n1Cc1ccc(-c2ccccc2-c2nn[nH]n2)cc1,22.98
Cc1ccc(-c2ncc(C#N)cn2)cc1NC(=O)c1nccc(-c2ccc(F)c(C#N)c2)n1,34.51
CC(C)c1nc(C#N)c(C(F)(F)F)n1-c1cc(-c2ccc(C#N)c(-c3ccccc3)c2)cc(-c2nc(C#N)cc(C#N)n2)n1,28.08
N#Cc1ccc(-c2ccc(-c3cc(-c4ccc(-c5ccc(-c6ccc(C#N)cc6)c(C#N)c5)c(C#N)c4)nn3-c3ccc(N)c(C#N)n3)cc2)cc1,15.04
N#Cc1ccc(N=c2cc(C(F)(F)F)[nH]c(=S)n2-c2ccc(C#N)c(-c3ccc(C#N)c(C#N)c3)c2)cc1C#N,25.02
N#Cc1ccc(-c2ccc(-c3[nH]c(SCc4csc(-c5ccc(C#N)cc5)n4)nc(=N)c3C#N)cc2)cc1,13.58
N#Cc1cc(C(=O)Nc2cccc(C#N)c2C#N)n(-c2ccc(-c3ccc(C#N)c(C#N)c3)cc2)n1,20.14
COCc1nnc(-c2ccc(-c3nc(C#N)nc(-c4cnc(-c5ccc(-c6nnc(C)o6)cc5)c(C#N)c4)n3)cc2C#N)o1,24.91
N#Cc1cccc(-c2nc(-c3ccc(C#N)c(C#N)c3)nc(N3CCOCC3)n2)n1,10.3
N#Cc1ccc(-c2ccc(-c3cc(-c4cc(F)c(-n5cncn5)cc4C#N)cc(-c4ccc(-c5cc(C#N)c(C#N)c(C#N)c5)s4)n3)cc2)cc1F,24.88
N#Cc1ccc(-c2cc(-c3cn(Cc4ccc(-c5ccc(C#N)cc5)c(C#N)c4)nn3)cc(-c3ccnc(-c4ccc(C#N)cc4)n3)c2)cc1,24.94
N#Cc1ccc(-c2nc(C=Nc3cc(C#N)nc(-c4cnc(-c5cccc(C(=O)O)c5)s4)n3)c(C#N)c(-c3ccc(C#N)cc3)n2)cc1,31.38
N#Cc1cncc(-c2nc(-c3cc(C#N)c(C#N)c(C#N)n3)ccc2N2CCC(C#N)C2)c1,15.86
CC(C)Oc1ncc(-c2nc(-c3cccc(C#N)n3)n(CC#N)n2)cc1C#N,15.15
CC(C)Oc1ncc(-c2nc(Cl)c(C#N)c(-c3ccc(-c4ccc(C#N)cc4)cc3)n2)cc1C#N,14.39
N#Cc1ccc(C(CO)(Oc2c(C#N)cc(-c3nc(-c4cccc(C#N)n4)nc(C4CC4)n3)cc2C#N)C(N)=O)cc1,25.45
N#CCc1c(-c2ccc(Cl)c(Cl)c2)nc(-c2ccc(C#N)c(C#N)c2Br)n1-c1ccnc(C#N)n1,27.7
N#Cc1ccc(-c2cccc(-c3cccc(-c4cn(-c5ccc(C(F)(F)F)c(C(=O)O)c5)cc4C#N)c3)c2)cc1,24.45
CC(CF)Oc1ncc(-c2nc(-c3cnc(-c4ccc(C#N)nc4)c(F)c3)nn2C)cc1C#N,22.29
N#Cc1ccc(-c2ccc(-c3nc(-c4ccc(-c5nc(C#N)c(C#N)nc5-c5ccc(-c6ccc(C#N)c7nocc67)c(F)c5)cc4)cs3)cc2)cc1,36.16
N#Cc1cc(-c2nc(-c3cc(F)c(C#N)c(F)c3F)nc(C3CCC3)n2)[nH]c1C#N,12.24
N#Cc1cccc(-c2ccc(C#N)n2-c2ccc3c(C#N)nn(Cc4ccccc4)c(=O)c3c2)c1F,36.04
CC(C)Oc1ncc(-c2nc(-c3nc(C#N)cnc3-c3ccc(C#N)c(C#N)c3)nc(N3CC4CC3C4)n2)cc1C#N,14.44
Cn1c(-c2ccc(C#N)cc2)nnc1-c1ccccc1-c1ccc(C(C)(O)C(F)(F)F)c(C#N)c1,25.95
N#Cc1cccc(-c2cc(N=c3nc(C#N)[nH][nH]3)cc(-c3ccc(-c4cccc(C#N)n4)cc3)n2)c1,28.22
COc1nc(OC(C)C)ccc1-c1nc(-c2ccc(NC3CC(CO)C(O)C3O)c(C#N)c2)nc(N2CC3CCC(C2)O3)n1,30.35
CN1C(=O)CC2(C1=O)c1ccccc1-c1ccc(-c3nc(Cc4ccc(Cl)cc4)c(O)c4ncccc34)cc12,45.13
N#Cc1ccc(-c2ncc(-c3cc(-c4ccc(C#N)c(Cl)c4)nc(C#N)n3)cc2C#N)cc1,14.55
CCc1ncnc(C#Cc2ccc(-c3cnc(C#N)c(C#N)c3)nc2)c1C#Cc1ccc(=N)[nH]c1,19.05
N#CCNC(=O)C12CCC1CN(c1nc(-c3cnc(C#N)c(C#N)c3)nc(-c3cccc(F)c3F)n1)C2,21.93
CC(C)n1nc(-c2cccc(-c3ccc(C#N)cc3)c2)nc1-c1cnc(C#N)c(C#N)c1,10.19
COc1cc2c(=C(C#N)C#N)ccc(=C(C#N)c3cc(C#N)cc(C(C#N)=CC#N)n3)c2cc1-c1ccnc(-c2ccc(C#N)cc2)c1,34.4
CC(C#N)Oc1ncc(-c2nc(-c3cc(-c4cncc(C#N)n4)cc(-c4cnc(C#N)c(C#N)c4)c3F)nc(N3CC4CCC(C3)O4)n2)cc1C#N,28.67
N#Cc1ccc(-c2nc(-n3nc(Cn4cncn4)c(-c4nnc(C5(c6ccc(Cl)cc6)CC5)o4)n3)ccc2-c2ccc(Br)cc2)cc1,32.4
N#Cc1cc(F)cc(Oc2nc(C#N)cc(-c3cnc(C#N)c(C#N)c3)n2)c1,21.94
N#Cc1nc(=Nc2ccc(-c3nnc(C#N)s3)c(C#N)c2)cc(-c2ccc(C#N)c(C#N)c2)[nH]1,23.15
N#Cc1ccc(-c2ccc(-c3nc(-c4cccc(C(N)=NO)c4)no3)cc2)cc1,26.93
Cn1nc(-c2ccc(-c3cc(Cl)ccc3Cl)c(C#N)c2)nc1-c1nc(C#N)co1,27.57
CC(C)Oc1ccc(-c2nc(-c3ccc(CCC#N)nc3)nc(-c3ccc(-c4ccc(C#N)c(C#N)c4)nc3)c2C#N)cc1C#N,23.86
N#Cc1ccc(C#N)c(-c2nc(-c3cnc(C#N)c(C#N)c3)nc(N3CC4(CCOC4)C3)n2)n1,15.29
N#Cc1cccc(-c2cc(-c3cnc(C#N)c(C#N)c3)c(F)c(-c3nc(-c4cnc(C#N)c(C#N)c4)nc(N4CC5CC4CO5)n3)c2)n1,17.29
C#CCNc1ccc(-c2nc(Oc3ccc(C(F)(F)F)nc3)nc(-c3ccc(-c4ccc(F)c(C#N)c4)nc3)n2)nc1C#N,36.92
Cc1ccc(-c2nc(-c3cccc(C#N)n3)nc(N3CCN(CC(F)F)CC3)n2)cc1C#N,13.66
N#Cc1ccc(-c2nc(-c3ccc(-c4ccc(-c5cn(CCO)c(-c6cccc(C(F)(F)F)c6F)n5)cc4)cc3)[nH]c(=N)n2)cc1C#N,35.16
CCCCN(CCCC)C(=O)c1cc(C#N)n(-c2ccc(-c3nc(-c4ccc(C#N)cc4)nc(-c4cc(C#N)cs4)n3)cc2F)n1,20.42
Cc1nc(-c2ccc(-c3ccc(C#N)c(C#N)c3)cc2)nc(-c2ccc(C#N)cc2)c1C(=O)Nc1ccc(-c2ccc(C#N)cc2)cc1C#N,23.04
N#Cc1ccc(-c2ccc(C=C3CCCCc4c(-c5ccc(C#N)cc5)cc(-c5ccc(-c6nc(C#N)cc(Nc7ccc(C#N)c(C#N)c7)c6C#N)cc5)nc43)cc2)cc1,31.41
CC(C#N)Oc1cc(=Nc2ccc(C#N)c(C#N)n2)nc(C#N)[nH]1,17.78
N#Cc1ccc(-c2ccc(-c3nc(CC(=O)O)c4cc(-c5ccc(C#N)nc5)ccc4n3)cc2)cc1,21.47
COc1ccc(-c2nn(CC#N)cc2-c2nc(-c3ccc(-c4ccc(C#N)cn4)nc3)nc(-c3cnc(N)c(C#N)n3)n2)cc1,27.77
N#Cc1ccc(-c2ccc(-c3cnc(-c4ccc(-c5ccc(N)c(C#N)n5)cc4)o3)cc2C#N)cc1,15.43
N#Cc1cc(F)c2c(c1)C(=O)OC2(C#N)C#Cc1ccccc1O,31.49
N#Cc1ccc(-c2cc(-c3ncc(F)c4cc(-c5ccc(C#N)nc5)ncc34)nc(-c3ccc(C#N)cc3)n2)cc1,22.76
CC(C#N)Oc1ncc(-c2nc(-c3cnc(=N)[nH]c3)nc(N3CC(F)C3CO)n2)cc1C#N,24.43
N#Cc1ccc(-c2ccc(-c3nc(C#N)c(-n4nc(C(F)(F)F)cc4C#N)c(-c4cc(Cl)ccc4C#N)n3)cc2)cc1,19.82
Cc1nc(-c2ccc(-c3cnc(-c4ccc(C#N)cc4)c(C#N)c3)cc2C(=O)O)oc1-c1ccc(C#N)nc1,17.61
Cn1cc(C#N)nc1-c1cc(N2CCC(C#N)C2)nc(-c2cnc(C(C)(C)C)c(C#N)c2)n1,19.15
N#Cc1ccc(CS(=O)(=O)N2CC(N=c3nc(C#N)[nH]cc3-c3nc(F)nc(-c4ccc(-c5ccc(C#N)c(C#N)c5)nc4)n3)C2)cn1,33.73
N#CCCc1cc(-c2cc(-c3ccccc3C#N)c3c(=N)[nH]cnn23)nc(C#N)n1,22.28
N#Cc1ccc(-c2nc(-c3cc(C#N)c(C#N)c(C#N)n3)ccc2N2CCN(C3CCC3)CC2)nc1,16.11
N#Cc1ccc(CF)c(-c2cc(N3CC4CC3CO4)nc(-c3cnc(C#N)c(C#N)c3)n2)n1,16.24
N#Cc1ccc(-c2cncc(-c3ccc(-c4cccc(-c5noc(-c6ccc(C#N)cc6)n5)c4)cc3C#N)n2)cc1,18.44
N#Cc1ccc(-c2ncc(-c3cc4nc(-c5ccc(C#N)cn5)c(-n5c(C#N)ccc5C#N)cc4nc3C#N)cc2C#N)nc1,31.12
CC(=O)N1CCCC1COc1ccc(-c2nc(-c3cnc(C#N)c(C#N)c3)nc(N3CC(C#N)C3CO)n2)c(F)c1F,27.38
N#Cc1cc(-c2cccc(-c3ncc(C#N)n3-c3ccc4ccccc4c3)c2F)cc(F)c1C#N,24.07
N#Cc1ccc(-c2ccc(-c3nc(-c4ccc(C#N)cn4)ccc3-c3ccccc3F)cn2)cc1,25.31
N#Cc1ccc(-c2ccc(-c3ccccc3N=Nc3cccc4nc(-c5ccc(C#N)cc5)cc(-c5ccc(-c6ccc(C#N)cc6)cc5)c34)cc2)cc1,29.06
N#Cc1cccc(-c2nc(-c3cc(C#N)c(C#N)c(C#N)n3)nc(C3CN(C#N)CCO3)n2)n1,20.93
N#Cc1cncc(-c2ccc(-c3ncc(-c4nc(C#N)cc(=Nc5ccccn5)[nH]4)nc3C#N)cc2C#N)n1,27.96
CC(C)Oc1ncc(-c2nc(-c3ccc(C#N)cc3)nn2CCF)cc1C#N,10.03
Cc1noc(-c2ncc(-c3cccc(-c4ncc(C#N)cn4)c3)cc2C#N)n1,17.31
N#Cc1nccc(N=Cc2coc(-c3ccc(-c4ccc(C#N)c(C#N)c4)cc3)n2)n1,23.99
CCOc1nc(-c2ccc(C#N)cc2)nc(-c2ccc(OCc3ccc(C#N)c(-c4cc(C#N)ccc4C#N)c3)c(C#N)c2)n1,19.08
Cc1cccnc1-n1nc(-c2ccc(F)c(C#N)c2)nc1-c1cncc(-c2ccc(C#N)cc2)c1F,27.75
N#Cc1ccc(C(=O)Nc2cc(-c3ccc(F)cc3)nc(-c3cc(C#N)c(C#N)c(C#N)n3)n2)nc1,16.43
N#Cc1ccc(-c2cccc(-c3nc(C#N)cc(-c4cc(C#N)c(C#N)s4)n3)c2)cn1,16.32
N#Cc1ccc(-c2ccc(-c3nc(-c4ccc(C#N)cc4)nc(-c4cc(C#N)cc(-n5nc(C(F)(F)F)cc5C#N)c4)n3)cc2)cc1,10.62
N#Cc1cc(-c2ccc(C#N)c(C#N)c2)cc(-c2nccc(C#N)n2)n1,13.53
CC(C)c1noc(-c2ccc(-c3ncc(C(=O)ON=C4C=CCCC4)cc3C#N)cc2C#N)n1,38.41
N#Cc1ccc(-c2nc(-c3ccc(C#N)nc3)nc(Cc3ccccc3F)c2C#N)cc1,18.82
N#Cc1cc(-c2nc(C#N)c(-c3ccc(-n4cccc4C#N)cc3)s2)cnc1C#N,16.05
N#Cc1ccc(-c2nc(-c3ccc(-c4ccc(C#N)cn4)nc3)nc(-c3ccc(-n4nccc4C#N)c(F)c3)n2)cc1,10.82
N#Cc1ccc(-c2ccc(-c3ccc(NC(=O)Nc4cccc(C#N)c4)cc3)cn2)cc1,16.83
N#Cc1ccc(-c2ccc(-c3cc(-c4ccc(-c5ccc(C#N)nc5-c5ccc(C#N)c(F)c5)cc4)ccn3)cc2C#N)cc1,20.76
CC(N=c1[nH]c(C#N)nc(C#N)c1C#N)c1cncc(-c2cnc(C#N)c(C#N)c2)n1,25.53
N#Cc1ccc(-c2ncc(-c3nc(C#N)nn3-c3cccc(C#N)n3)cc2C#N)c(F)c1,17.46
CCOc1ncc(-c2nc(C#N)cc(-c3cnc(-c4cc(C#N)nc(C#N)n4)nc3C#N)c2F)cn1,28.24
N#Cc1ccc(-c2cc(-c3ccc(C#N)nc3)nc(-c3csc(-c4ccnc(-n5cc(C#N)cn5)n4)n3)c2C#N)cc1,26.69
CNc1oc(-c2nc(-c3ccc(-c4ccc(C#N)c(C#N)c4)nc3)nc(-c3cc(-n4nc(C(F)(F)F)cc4C#N)ccc3C#N)n2)nc1C#N,21.72
COC1CN(c2nc(-c3cnc(OC(C)C)c(C#N)c3)nc(-c3nc(C#N)ccc3C#N)n2)CC1C#N,13.58
N#Cc1ccc(-c2nc(-c3ccc(-c4cc(F)c(C#N)c(-c5ccc(C#N)c(C#N)c5)n4)cc3)nc(-c3ccc(-n4cncn4)cn3)n2)cc1,22.85
N#Cc1ccc(-c2ccc(-c3cc(-c4cncc(C#N)n4)nc(-c4cccc(C#N)n4)n3)cc2C#N)cc1,13.89
CC(=O)Nc1sc(-c2nc(-c3ccc(C#N)cc3)nc(-c3cccc(C(F)(F)F)c3C#N)c2C#N)nc1C#N,27.17
Cc1c(-c2cccc(-n3nnc(-c4cccc(-c5ccc(C#N)cc5)c4)n3)c2)cc(C#N)c(C#N)c1C#N,21.66
CC(C)(C)c1nc2c(-c3nc(C#N)nc(-c4ccc(C#N)cc4)n3)cc(C#N)c(C#N)c2[nH]1,17.5
N#Cc1ccc(-c2ccc(-c3nc(-c4ccc([N+](=O)[O-])cc4)nc(-c4cc(-c5ccc(C#N)cc5)cc(-c5cccc(C#N)c5)c4)n3)cc2)cc1,26.24
N#Cc1ccc(-c2nc(-c3ccc(C#N)cn3)c(C#N)c(-c3cc(F)c(-n4cccc4C#N)cn3)n2)cc1,22.62
N#Cc1ccc(-c2cc(-c3ccc(-c4cnc(N)c(C#N)n4)cc3)nc(-c3ccnc(-n4cnc(C(F)(F)F)c4)n3)c2)cc1,24.65
C=C(C)CN(C=Nc1nc(-c2ccc(C#N)cc2)nc(-c2cccc(F)c2F)c1C#N)CC,27.62
N#CCc1ccc(-c2nc(-c3ccc(C#N)nc3)cc(N3CCOCC3)n2)cc1C#N,12.93
CC(Oc1ncc(-c2nc(-c3cccc(C#N)n3)cc(N3CC(C#N)C3)n2)cc1C#N)C(F)(F)F,16.13
N#Cc1ccc(-c2nc(-c3ccc(C#N)cc3)c(F)c(-c3nc(-c4cnc(C#N)c(C#N)c4)cs3)n2)cc1,18.76
COCc1cc(-c2nc(C#N)cn2C2CN(CCF)C2)nc(-c2ccc(NC(C)=O)c(C#N)c2)n1,30.29
Cc1ccc(-c2nc(-c3nc(C#N)cnc3C#N)nc(C3CCC(C(=O)O)OC3)n2)cc1C#N,19.45
N#Cc1ccc(-c2ccc(-c3cc(=O)cc(-c4ccccc4)n3C=O)cc2)cc1,22.8
N#Cc1cnn(-c2cc(-c3ccc(C#N)nc3)cc(-c3cc(C#N)c(C(F)(F)F)cn3)n2)c1,26.44
N#Cc1ccc(-c2ncc(C=C3C(=O)Nc4cc(Cl)ccc43)c(-c3cncc(C#N)c3)n2)nc1,27.01
CCOC1CN(c2nc(-c3cnc(OC(C)C)c(C#N)c3)nc(-c3cccc(C#N)n3)n2)CC1C(N)=O,17.22
N#Cc1cc(-c2ccncc2)nc(-c2cccc(C#Cc3cnc4ccccc4c3)c2)c1,38.2
N#Cc1ccc(-c2cccc(-c3ccc(-c4cc(-c5cnccn5)nc(-c5cnc(C#N)c(C#N)c5)n4)cc3)n2)cc1,18.18
COc1cc(-c2nccc(N(C)Cc3cccc(C#N)c3)n2)ccc1-n1cnc(C)c1,21.84
N#Cc1cc(-c2cccc(C(=O)N3CC(=O)N(Cc4ccc(-c5ccccc5)cc4)c4nc(C#N)c(C#N)nc43)c2)cnc1C#N,35.19
N#Cc1ccc(-c2nc(N3CC(C#N)C3)nc(N3CCCC(N)C3)c2OCC2CC2)cc1C#N,39.49
Cc1nccn1-c1cccc(CN=c2nc(-c3cc(-c4ccc(C#N)cc4)ccn3)nc(-c3cc(C#N)c(C#N)c(C#N)c3)[nH]2)c1,31.0
Cn1nc(Cl)nc1-c1cc(F)cc(-c2sc(-c3cnc(C#N)c(C#N)c3)nc2C(F)(F)F)c1,17.78
N#Cc1ccc(-c2nc(-c3ccc(-c4ccc(C#N)c(F)c4)cc3)nc(-c3ccc(-n4nc(C(F)(F)F)cc4C#N)cc3C#N)n2)cc1,10.86
N#Cc1c(-c2ccccc2)[n+]([O-])c2ccc(C(F)(F)F)cc2[n+]1[O-],17.24
N#Cc1ccc(-c2cc(-c3cccc(C#N)n3)cc(Oc3ccc(Cl)c(F)c3C#N)n2)cn1,27.13
N#Cc1ccc(-c2ccc(-c3ncc(-c4ccc5c(c4)CCc4cc(C#N)ccc4C5=O)nc3-c3ccc(C#N)cc3)cn2)cc1,22.65
Cn1ncnc1-c1cnc(-c2cnc(C#N)c(C#N)c2)c(C#N)c1,14.43
N#Cc1cc(-c2nccc(-c3nccc(-n4nc(C(F)(F)F)cc4C#N)c3F)n2)ncc1-c1cscn1,26.68
CC#CC(=O)Nc1ccc(-c2nc(C#N)nc(-c3ccc(-c4ccc(C#N)cn4)cc3)n2)cc1,14.4
N#Cc1ccc(C(C#N)OC(c2c(F)c(F)c(F)c(F)c2F)n2ncc(C#N)c2-c2cccnc2)cc1,32.36
Cc1c(-c2cc(C(F)(F)F)nc(-c3ccc(-c4cccc(C#N)c4)c(C#N)c3)n2)cc(C#N)cc1-n1nc(C(=O)O)cc1C#N,17.95
N#Cc1cc(N=c2nc(-c3ccc(-c4cnc(C#N)c(C#N)c4)cc3)[nH]cc2C#N)cnc1C#N,18.88
N#Cc1ccc(-c2ccc(-c3nc(-c4ccc(C#N)cc4)nc(-c4cc(-c5ccc(C6CCC(O)CC6)nc5)nc(C#N)n4)n3)cc2)cc1,20.58
N#Cc1ccc(-c2ncc(-c3cnccc3F)c(F)c2C(=O)Nc2ccc(-c3ccc(C#N)c(F)c3)nc2)cn1,37.95
CC(C)(c1ccc(-c2nc(C#N)nc(-c3cc(C#N)cc(C#N)n3)n2)cc1C#N)C(F)(F)F,23.91
N#CCn1nccc1-c1cnc(C#N)nc1-c1ccnc(-c2ccc(C#N)cc2)c1,17.8
N#Cc1ccc(-c2ccc(-c3cc(C#N)nn3-c3ccc(-c4ccc(F)c(C#N)c4)cc3C#N)cc2)cc1,9.98
N#Cc1cnc(-c2ccc(-c3cc(-c4nc(C#N)c(C#N)nc4-c4ccc(Cl)cc4)nc(-c4nnc(C=N)n4-c4ccncc4)c3)c(C#N)c2)nc1,30.95
N#Cc1ccc(-c2nc(-c3ccc(-c4[nH]nnc4C#N)cc3)cc(-c3ccc(C(F)(F)F)c(C#N)c3)n2)cc1,17.55
N#Cc1ccc(-c2cc(-c3nc(C#N)nn3-c3cc(C#N)nc(-c4noc(C#N)n4)c3)nc(-c3ccc(C#N)cc3)n2)cc1,23.62
Cc1nc(-c2ccc(C#N)cc2)nc(-c2ccc(Br)cc2)c1-c1nnc(-n2ccnc2)n1-c1ccc(C#N)cc1Br,24.94
C[S+]([O-])c1ccc(CSc2nc(-c3ccc(-c4ccc(C#N)cc4)cc3)nc(-c3cc(C#N)c(C#N)c(C#N)n3)n2)cc1,18.47
N#Cc1ccc(-c2ccc(-c3nc(-c4cccc(C#N)n4)c[nH]3)cc2)cc1,15.8
Cn1ccc(-c2cnc(C#N)nc2-c2ccc(-c3cccc(C#N)n3)c(C#N)n2)n1,22.51
N#Cc1nc(-c2cnc(-c3cc(F)cc(Cl)c3)c(C#N)c2)cc(-n2nc(CN)cc2C#N)n1,21.06
N#Cc1ccc(-c2nc(C(=O)O)c(-c3cnc(C#Cc4ccc(Cl)cn4)c(C#N)c3)cc2C#N)nc1,27.99
N#CC(=Nc1ccc(C#N)c(C(F)(F)F)c1)n1nc(-c2ccc(-c3ccc(-c4cc(C#N)c(-c5ccc(C#N)c(F)c5)nc4C#N)cc3)c(C#N)c2)cc1C#N,30.61
N#Cc1ccc(-c2cnn(-c3ccc(-c4nc(-c5ccc(-c6ccc(N)c(F)c6)cc5)nc(-c5c(F)c(F)c(F)c(F)c5F)n4)cn3)c2)cc1,35.64
N#Cc1ccc(-c2cc(-c3cnc(C#N)nc3)nc(-c3cc(C#N)c(N4CCC(F)(F)C4)nn3)c2)cc1,12.78
N#Cc1ccc(-c2nc(-c3cc(C#N)c(-c4ccc(C#N)cc4)cn3)cc(-c3cccc(C#N)n3)n2)cc1,14.85
CC(C)Oc1ncc(-c2nc(-c3ccc(-c4ncc(C(=O)Nc5cccc(C#N)c5)o4)cc3)n(C)n2)cc1C#N,23.43
N#Cc1ccc(-c2cc(-c3ncnc(-c4cnc(C#N)c(C#N)c4)n3)ccc2F)cc1C#N,14.57
CC(O)c1cccc(-c2cc(-c3cn(Cc4ccc(Cl)c(Cl)c4)c4ccccc34)nc(-c3ccc(-c4cccc(C#N)c4)c(C#N)c3)n2)c1,37.22
CN1CCN(Cc2cnc(-c3cc(C4CCC4)nc(-n4cc(C#N)c(-c5ccc(C#N)cc5)n4)n3)cc2C#N)CC1,23.94
Cc1cc(C#N)c(C#N)cc1N=c1[nH]c(N)c(C#N)cc1-c1ccc(-c2ccc(C#N)c(C#N)c2)cc1,19.47
CC(C)Oc1ncc(-c2nc(-c3cc(C#N)c(N4CC(NS(C)(=O)=O)CC(F)(F)C4)cn3)nc(N3CCC(C#N)CC3)n2)cc1C#N,27.74
Cc1c(-c2ccc(-n3cc(-c4cccc(C#N)n4)cn3)nn2)nc(-c2ccc(C#N)cc2)nc1-c1ccc(-c2ccc(C#N)cn2)c(F)c1F,31.41
N#Cc1ccc(-c2ccc(-c3nc(-c4ccc(-c5ccc(C#N)c(C#N)c5)cc4)nc(-c4ccc(-c5ccc(C#N)cc5)nc4)n3)cc2)cc1,12.69
CC1(C#N)CCN(c2nc(-c3cnc(C#N)c(C#N)c3)cc(-c3cc(C#N)c(N4CCC(F)(F)C4)nn3)n2)CC1,20.16
Cn1cc(C#N)c2c(C#N)nc(-c3ccc(S(=O)(=O)Nc4ccc(-n5ccnc5)c(C#N)c4)cc3)cc21,33.91
N#Cc1ccc(-c2ncc(-c3cncc(-c4ncnc(-c5cnc(OC(F)F)c(C#N)c5)n4)c3)cc2C#N)cc1F,19.21
N#CC=Cc1cc(-c2cnc(CN)c(C#N)c2)nc(-c2ccc(-c3cc(-c4ccc(C#N)cc4)c(C#N)c(-c4ccc(-c5ccc(C#N)cn5)nc4)n3)nc2)n1,25.49
N#Cc1ccc(-c2cc(C#N)nc(-c3cccc(-n4nc(-c5cc(F)c(C#N)c(C#N)c5)cc4C#N)c3)c2F)cn1,25.51
CC1C(n2cc(C#N)cn2)CN1c1nc(-c2cnc(NC(C#N)CO)c(C#N)c2)nc(-c2cccc(C#N)n2)n1,30.11
N#Cc1ccc(-c2nccc(-c3cc(-c4ccncn4)cc(-c4ccc(C#N)c(C#N)c4)c3F)n2)cc1C#N,18.97
N#Cc1ccc(-c2cc(-c3ccc(-n4ccc(C#N)n4)cc3C#N)ccc2C#N)c(F)c1,19.27
N#Cc1ccc(-c2ccc(-c3nc(-c4cnc(C#N)c(C#N)c4)nc(-c4cc(-c5cc(C#N)no5)cc(C#N)n4)n3)cc2)cc1,23.22
N#Cc1ccc(-c2ccc(-c3nc(Sc4ccc(C#N)c(-c5cc(F)cc(C#N)c5)c4)nnc3-c3cccc(-c4cnc(-c5cccc(F)n5)c(C#N)c4)n3)cc2)cc1,35.47
N#Cc1cc(-c2ccnc(F)c2)cc(-n2nc(C#N)nc2-c2cc(C#N)c(-c3ccc(F)cc3)cn2)c1,24.61
N#Cc1ccc(-c2cc(C(=O)Nc3cc(Br)ccc3O)cc(-c3ccc(C#N)cc3)n2)cc1,25.95
Cc1c(C(=O)Nc2cc(-c3c[nH]c(=N)c(C#N)n3)nc(-c3cc(C#N)c(C#N)c(C#N)n3)n2)cnn1-c1ccc(Cl)cc1,22.57
CC(C)(C)COc1nc(C(F)(F)F)ccc1COc1nc(-c2ccc(-c3ccc(C#N)cc3)nc2)c(C#N)cc1C#N,28.23
N#Cc1cc(-c2ccc(-n3c(C#N)ccc3C#N)cc2)cnc1-c1cc(F)c(F)c(C#N)c1F,11.53
CC(c1cc(C#N)cc(CNCCC#N)c1)n1nc(-c2ccc(-c3ccc(C#N)cc3)cc2)nc1-c1cnc(C#N)c(C#N)c1,28.29
Cn1nc(-c2nc(C#N)c(N)nc2C#N)cc1-c1cnc(-c2nnco2)c(C#N)c1,21.29
Cc1nc(C#N)nc(-c2ccc(-c3ncncc3C#N)cc2C#N)n1,15.81
N#Cc1ccc(-c2nc(SCC(=O)Nc3cccc(C#N)c3)c3ccc(Cl)cc3n2)cc1,20.76
N#Cc1ccnc(-c2cc(NCCN3CCC(O)CC3)cc(-c3cnc(-c4cccc(F)c4C#N)c(F)c3F)c2)n1,30.16
N#Cc1ccc(-c2ncc(-c3ccc(-c4nc(-c5cnc(C#N)c(C#N)c5)nc(C5CCC(C#N)CC5)n4)cc3F)cc2C#N)cc1,18.08
N#Cc1ccc(-c2ccc(-c3nc(-c4cnc(C#N)c(C#N)c4)nc(N4CCOCC4)n3)cc2C#N)nc1,16.08
N#Cc1ccc(-c2cc(-c3nc(-c4ccc(-c5ccc(C#N)c(F)c5)nc4)ncc3C#N)nc(-c3ccc(-c4ccc(C#N)cn4)nc3)n2)cc1,22.98
N#Cc1cnn(-c2cc(-c3cnc(C(N)=O)c(C#N)c3)c(C#N)cn2)c1,18.98
CC(N=c1[nH]c(-c2nnc(-c3nccs3)nc2C#N)cc(-c2ccc(C#N)cc2)c1C#N)c1ccc(C#N)cc1,27.35
N#Cc1ccc(-c2cc(-c3cc(C#N)c(N=[N+]=[N-])nn3)c(N)c(C#N)c2C#N)cc1,21.64
CC(C)(O)c1ncc(-c2nc(CF)nc(-c3nc(C#N)ccc3C#N)n2)cc1C#N,15.36
CC(=O)Nc1ccc(-c2cc(-c3ccc(C#N)c(C#N)c3)nc(-c3ccc(C#N)cc3)n2)cc1,14.82
N#Cc1cc(C#N)[nH]c(=Nc2ncc(-c3ccc(-c4nc(C(F)(F)F)c(-c5ncccc5C#N)o4)cc3)nc2C#N)n1,26.98
N#Cc1nccc(-n2cncn2)n1,15.35
Cn1nc(-c2ccc(C#N)nc2-c2c[nH]c(=N)c(C#N)c2)nc1-c1cc(C#N)c(C#N)c(Cl)n1,14.64
N#Cc1ccc(-c2nc(C#N)c(C#N)nc2-c2cc(C#N)cc(-n3c(C#N)ccc3C#N)c2)cc1,12.38
N#Cc1ccc(-c2ccc(-c3cc(-c4ccc(C#N)cc4)cc(-c4cc(C#N)nc(-c5ccc(-c6ccc(C#N)cc6)nc5)c4)n3)cc2)cc1,18.07
N#Cc1ccc(-c2ccc(-c3nc(-c4ccc(-c5ccc(C#N)cc5)cc4)n(-c4nc(-c5ccc(-c6ccc(C#N)cc6)c(C#N)c5)n[nH]4)c3C#N)cc2)cc1,21.32
N#Cc1ccc(-c2cc(-c3ccc(-c4ncc(C#N)c(C(N)=O)n4)cc3)nc(-c3nc(C#N)cc(=N)[nH]3)c2)cc1,21.54
N#Cc1ccc(-c2ccc(-c3ccc(C#N)n3-c3ccc(C#N)cc3)cc2)cc1,14.2
N#CNc1ncc(-c2nc(-c3ccc(C#N)cc3)c(-c3ccc(C#N)cc3)cc2C#N)nc1C#N,18.75
CC(C)(CCC#N)Cc1nc(-c2ccc(-c3cncc(-c4ccc(CC(=O)O)nc4)c3)cc2C#N)no1,35.45
N#Cc1ccc(-c2cc(C#Cc3cccc(C#N)n3)c3nc(C#N)nc(-c4cnc(-c5ccc(C#N)c(F)c5)c(C#N)c4)c3c2)cc1,27.02
N#Cc1cc(-c2ncn3c(-c4ccc(F)c(-c5c(F)c(F)c(C#N)c(F)c5F)c4)ncnc23)ccn1,23.92
N#Cc1cc(N=c2cc[nH]c(-c3cnc(-c4cnc(-c5cccc(C#N)n5)o4)c(C#N)c3)n2)ccn1,24.42
Cc1cc(C#N)n(-c2cc(C#N)cc(-c3nc(C#N)c(C#N)nc3C)c2)n1,13.66
N#Cc1ccc(-c2ccc(-c3ncc(-c4ccc(C=Nc5cc(O)c(NC(=O)C(F)(F)F)c(Cl)c5)cc4)nc3-c3ccc(C#N)cc3)cc2)cc1,28.83
CNS(=O)(=O)CCNCc1ncc(-c2nc(C)c(-c3ccc(-c4cnc(C#N)c(C#N)n4)cn3)c(C#N)n2)cc1C#N,28.43
N#Cc1ccc(-c2ccc(-c3cnc(-c4nc(C#N)c(N5CCCCC5)nc4C#N)c(C#N)c3C#N)s2)cc1,31.6
CC(C)Oc1ncc(-c2noc(-c3ccc(C#N)c(CC#N)c3)n2)cc1C#N,14.33
NC(=O)C(NC(=O)CNC(=O)CNC(=O)c1ccc(S(N)(=O)=O)cc1)c1ccc(N)c(OCc2ccccc2)c1,37.7
Cc1ccc(-n2nccc2C#N)c(F)c1-c1nc(-c2ccc(C#N)cc2)nc2c1CCN(c1ccc(C#N)c(C#N)c1)C2=O,24.81
CN(C)c1ccc(-c2nc(C#N)nc(C(=O)NCc3ccc(C#N)cc3)n2)cc1,20.46
N#CC=Cc1ccnc(-c2ccc(-c3ccc(-c4ccc(C#N)cc4)c(C#N)c3)c(C#N)c2)n1,12.63
N#CCCN(CCO)C1CCN(c2cc(-c3ccc(F)cc3OCC#N)nc(-c3cc(C#N)c(C#N)c(C#N)n3)n2)C1,29.64
CC(=O)Nc1sc(-c2ncc(-c3cccc(Nc4ccc5c(c4)C(=O)c4ccc(N)cc4C5=O)n3)cn2)cc1C#N,24.7
N#Cc1cc(F)cc(-c2ccc(-c3nc(C#N)nc4cc(-n5cnc(-c6ccc(Cl)cn6)n5)ccc34)cc2C#N)c1,28.0
Cc1ccc(C)n1-c1ccc(-c2nnc(Sc3nc(C#N)c(C#N)nc3N=CN3CCN(C)CC3)c(-c3ccc(-c4ccc(-c5ccc(C#N)cc5)cc4)cc3)n2)cc1,36.22
N#CCN(c1cccc2ccccc12)S(=O)(=O)c1ccc(-c2ccc(C#N)cc2)cc1,25.29
N#Cc1ccc(C#N)c(-c2nc(-c3cc(C#N)c(C#N)c(Cl)n3)nc(N3CC4CC3C4)n2)n1,12.2
CC(C#N)(c1nn(-c2ccc(F)c(-c3cnc(OCC#N)c(C#N)c3F)c2)cc1-c1ncccn1)C(F)(F)F,42.36
N#Cc1ccc(-c2nc(-c3ccc(-c4ccc(C#N)c(F)c4)cc3)nc(-c3cc(-c4ccccn4)nc(C#N)n3)n2)cc1,12.43
N#Cc1ccc(-c2cccc(-c3cc(-c4ccc(-c5ccc(F)c(C#N)c5)nc4)cc(C#N)c3C#N)c2)cc1,27.15
N#Cc1cccc(NC(=O)c2cccc(-c3ccc(-c4nc5cc(C#N)c(C#N)cc5[nH]4)cc3)c2)c1,22.8
Cn1nc(-c2cncc(-c3ccc(C#N)cc3)c2)nc1-c1cc(C#N)c(C2CCCC2)nc1C(F)(F)F,18.38
N#Cc1ccc(-c2ccc(-c3[nH]c4c(-c5ccc(-c6ccc(C#N)nc6)cc5)c(F)cnc4c(=N)c3C#N)cc2)cc1,26.41
Cc1[nH]c(C#N)c(F)c1-c1nc(-c2ccc(C#N)cc2)nc(-c2ccc(C=CC#N)c(C#N)c2)n1,33.09
N#Cc1ccc(-c2cc(-c3cnc(-c4ccc(C#N)cc4)c(C#N)c3)nc(-c3cc(-c4ccc(C#N)nc4)cnc3-c3ccnc(C#N)n3)c2)cc1,19.61
Cc1ccc(-c2ccc(-c3ccc(C#N)n3-c3nc(-c4ccc(C#N)c(C#N)c4)nc(-n4cc(C#N)cn4)n3)cn2)cn1,22.74
N#CCn1cc(-c2cc(F)cc(-c3ccc(C#N)c(-c4ccc(C#N)cc4)n3)c2)nn1,16.24
N#Cc1ccc(-c2cc(-c3cc(C#N)c(-c4ccc(-c5ccc(C#N)c(C#N)n5)cc4)[nH]3)c(C#N)c(=N)[nH]2)cc1,32.03
CN(C)c1ccc(-c2nc(C#N)nc(-c3ccc(-c4cnc(-c5ccc(C#N)c(C#N)c5)s4)cc3)n2)cc1,22.67
CC(Oc1c(C#N)cc(-c2cc(C#N)nc(-c3nc(C#N)ccc3F)n2)nc1C#N)c1cccc(C#N)c1,18.42
Cn1cc(-c2cnc(-c3sc(-c4ccc(C#N)cc4)nc3C(F)(F)F)c(C#N)c2)cn1,22.73
N#Cc1cc(-c2ccc(-c3ccc(NCc4ccccn4)c(C#N)n3)cc2)cc(-c2nccc(C#N)n2)c1,20.97
N#Cc1ccc(-c2cc(-c3ccc(C#N)c(F)c3)cc(-c3nc(-c4cnc(-c5ccc(C#N)cc5)c(C#N)c4)no3)n2)cc1,22.59
CC(C)(C)c1nc(=N)nc(-c2c(-c3ccc(F)c(C#N)c3)nc(-c3ccc(C#N)cc3)n2CC#N)[nH]1,21.62
Cn1c(C#N)ccc1-c1ccc(-c2nc(-c3ccc(C#N)cc3)nn2-c2ccc(Cl)cc2)cc1,20.76
N#Cc1ccc(-c2cc(-c3cc(C#N)cc(-c4noc(-c5ccc(C#N)cc5)n4)c3)ccn2)cc1,18.47
N#Cc1cc(-c2nc(C3CC3)c(-c3nccc(-c4cnc(C#N)c(C#N)c4)n3)cc2C#N)ccc1Cl,21.18
N#Cc1cc(-c2ncc(-c3ccc(N4C(=O)CCCC4CO)nc3C#N)c(C#N)n2)cnc1C#N,24.63
N#Cc1cccc(-c2cc(-c3cnc(C#N)c(C#N)c3)cc(C#N)n2)c1,11.92
N#Cc1ccc(-c2ccc(-c3ccc(CCC(=O)NS(=O)(=O)C4CC4)n3-c3cc(-c4ccc(C#N)c(C#N)c4)ccc3C#N)cc2)cc1,24.36
Cc1nc(-c2ccc(-c3ccc(C#N)cc3)c(C#N)c2)c(C#N)cc1-c1ccc(-c2cnc(C(F)(F)F)c(C#N)c2)cn1,13.24
N#Cc1ccc(-c2cc(-c3cc(C#N)nc(C#Cc4cc(C#N)cc(-c5nc(-c6ccc(C#N)cc6)nc(-c6ccc(C#N)cc6)n5)c4)c3)nc(C#N)n2)cc1,30.17
COc1ccc(-n2nc(-c3ccc(C#N)cc3)cc(C(=O)NCc3ccncc3-n3cncn3)c2=O)cc1,36.72
N#Cc1nc(-c2cc(-n3nncc3C#N)cc(F)c2F)[nH]c1C#N,18.57
N#Cc1ccc(-c2ccc(-n3nnc(-c4ccc(-c5cc(-c6c(F)c(F)c(C#N)c(F)c6F)nc(-c6ccc(C#N)cc6)n5)cc4)n3)c(C#N)c2)cc1,15.83
N#Cc1ccc(-c2nc(-c3cc(C#N)c(C#N)c(C#N)c3)nnc2-c2cnc(-c3cnc(C#N)o3)c(C#N)c2)cc1,15.94
CCOc1cc(=O)n(Cc2ccc(C#N)cc2F)nc1-c1cc(C#N)ccc1Oc1ccc(F)c(F)c1F,23.21
N#Cc1ccc(-c2ccc(-c3n[nH]c(=NC(=O)C4COc5ccccc5O4)nc3-c3ccccc3)cn2)cc1,28.36
N#Cc1ccc(-c2cc3nc(-c4cnc(C#N)c(C#N)c4)c(-c4ccc(-c5ccc(C#N)c(C#N)c5)cc4)nc3cn2)cc1,25.98
Cc1ccc2nc(-c3ccc(C=NN=c4[nH]c(-c5ccc(-c6ccc(-c7ccc(C#N)cc7)cc6)nc5)cs4)cn3)sc2c1,17.99
CCCN(c1ccc(O)c(C(=O)O)c1)c1cc(-c2nnc(-c3ccc(C#N)cc3)n2C)cc(C#N)n1,30.81
CC1COCCN1c1cc(-c2cnc(-c3cnc(-c4csc(C#N)n4)c(C#N)n3)nn2)nc(-c2cnc(C#N)c(C#N)c2)n1,24.63
Cn1c(C#N)ccc1-c1ccc(-c2nc(-c3ccc(C#N)nc3)cc(-n3nc(C(F)(F)F)cc3C#N)n2)cc1,14.5
C#CCSc1nc2ccc(-n3nc(-c4ccc(-c5ccc(C#N)cc5)cc4)cc3C#N)cc2s1,19.24
CCOC(=O)c1cc(-c2ccc(NC(=O)C=CC(=O)O)c(Cl)c2)nn1-c1cc(C#N)c(-c2ccc(C#N)cc2)cc1Cl,34.65
Cn1nc(-c2ccc(-c3ccc(-c4cscn4)cc3)c(C#N)c2)nc1Cc1ccc(-c2ccc(C#N)nc2)cc1,28.38
C#CCOCn1c(-c2cc(C#N)cc(-c3ccc(-c4cnc(C#N)c(C#N)c4)nc3)c2)nc(-c2ccc(-c3cc(C#N)c(F)cc3C#N)cc2)c(C#N)c1=O,36.3
Cc1[nH]oc(=NS(=O)(=O)c2ccc3c(ccc(=O)n3-c3cc(C#N)cc(-c4cc(F)cc(F)c4)c3)c2)c1C,24.57
N#Cc1ccc(-c2ccc(-c3nc(-c4ccc(-c5ccc(C#N)cc5)cc4)nc(-c4ccc(-c5cccc(C#N)c5)cc4)n3)cc2)cc1,11.46
Cc1c(C#N)c2cccc(C#N)c2n1Cc1cc(-c2ccc(C#N)nc2)ccc1C#N,26.55
N#Cc1ccc(-c2nc(-c3cccc(C#N)n3)cc(-c3ccc(-c4nc(C#N)c(C#N)nc4C#N)c(C#N)n3)n2)cc1,17.09
Cc1nc(-c2ccc(F)cc2)c(C#N)cc1-c1ccc(-c2cnc(C#N)c(C#N)n2)cc1,14.39
N#Cc1cc(-c2ccc3c(c2)CCc2ccc(NC4CCCCC4N)cc2C3=O)ccn1,19.36
COc1nc(-c2cncc(-c3ccc(-c4nc(C#N)c(C#N)nc4-c4ccc(C#N)cc4)cc3)c2)nc(-c2cc(F)c(F)c(F)c2F)n1,18.66
N#CCn1nc(-c2ccc(-c3ccc(C#N)c(F)c3)cc2)c2c(C#N)nc(-c3ccc(C#N)nc3)cc21,22.6
N#Cc1cc(-c2ccc(=O)n(-c3cccc(-c4cnc(-c5cnc(OCC(F)(F)F)c(F)c5)c(C#N)c4)c3)c2)cnc1OCC1(C#N)CC1,30.58
N#Cc1cccc(-c2ccc3c(n2)C(=O)c2ccc(NCC(=O)O)cc2C3=O)n1,16.76
CC(C)(F)CCc1nc(-c2cc(C#N)c(C#N)[nH]2)nc(-c2cc(C(=O)O)c(F)c(C#N)c2F)n1,23.72
N#CCOCC(=O)Nc1nc(-c2ccc(C#N)c(-c3ccc(C#N)cc3)c2)nc(-c2ccc(-c3ccc(C#N)nc3)cc2)c1-c1cccnc1,36.98
Cc1nccn1-c1cc(-c2ccc(-c3ccc(C#N)cc3)cc2)cc(-c2cc(C#N)cc(-c3ccc(-n4cnnc4CC#N)cc3)c2)n1,28.14
COCc1c(-c2cccc(C#N)n2)nc(-c2cc(C#N)c(C#N)[nH]2)nc1N1CCOCC1,23.18
N#CCc1ncc(-c2nc(-c3cccc(C#N)n3)nc(N3CCC(F)(F)C3)n2)cc1C#N,12.9
N#Cc1ccc(-c2ccc(-c3nc(-c4cc(-c5ccncc5)nc(-c5ccc(C#N)cc5)c4)cc(-c4ccc(C5=NCCN5)c(C#N)c4)n3)cc2)cc1,24.78
N#CCc1ncc(-c2nc(-c3nc(C#N)ccc3C#N)nc(N3CC4CCC3C4)n2)cc1C#N,14.02
N#Cc1ccc(-c2ccc(-c3nc4cc(-n5cc(C#N)c6cc(C#N)ccc65)ccc4[nH]3)cc2)cc1,19.83
COc1cc(-c2ccc(C#N)cc2)cc(-c2ccc3c(c2)CCc2ccc(N=CN(C)C)cc2C3=O)c1,13.02
Cc1c(C(=O)Nc2ccc(-n3nc(C(F)(F)F)cc3C#N)cc2F)cn(CC(=O)N=Cc2ccc(C#N)cc2)c1C#N,24.77
CC(C)Oc1ncc(-c2nc(-c3nc(C#N)ccc3C#N)nc(N3CC(F)C3)n2)cc1C#N,9.94
N#Cc1ccc(-c2nc(-c3cc(C#N)c(C#N)c(C#N)n3)ccc2C#N)cc1F,15.11
CC(C)Oc1ccc(-c2nc(-c3ccc(CC#N)c(C#N)c3)nc(N3CC4CC3CO4)n2)cc1C#N,18.31
N#Cc1cccc(N2CCCC(n3cc(C#N)nc3-c3ccc(-c4ccc(C#N)nc4)nc3)C2)c1,25.22
Cc1ncc(-c2nc(CNCc3nc(C#N)c(C#N)nc3C)nc(-c3cccc(C#N)n3)n2)cc1C#N,16.28
COc1ccc(-c2nc(SCC(=O)Nc3ccc(CC#N)cc3)c3c(=O)n(C)c(=O)n(C)c3n2)cc1OC,25.13
N#Cc1ccc(-c2nc(-c3cc(C#N)c(C#N)c(C#N)n3)nc(N3CC4COCC43)n2)cc1,17.57
N#Cc1cccc(C=C2CCC(c3ncc(-c4cc(-c5ccc(-c6cnco6)c(C#N)c5)nc(C#N)n4)cc3C#N)CC2(F)F)c1,29.78
CNc1c(C#N)nc(-c2cc(-c3ncc(N)c(C#N)n3)cc(-c3ccc(C#N)c(F)c3)c2F)n1C#N,20.96
COCC(C)N=c1c(-c2cc(C#N)c(-c3ccc(C#N)cc3)cn2)c(C#N)[nH]n1-c1ccc(C#N)cc1C#N,23.67
C=CCOc1ccc(C=C[N+](=O)[O-])cc1O,23.39
CCc1nccn1-c1ccc(-c2ccc(C#N)cn2)c(C#N)c1,16.81
N#Cc1cc(Nc2cnc(-c3c[nH]c4ccc(-c5cnc(C#N)c(C#N)c5)cc34)nc2C#N)ccn1,25.44
N#Cc1ccc(-c2cc(-c3ccc(-c4nn[nH]n4)cc3)nc(-c3cccc(C#N)n3)c2)cc1,15.65
Cc1nccc(OCC#CC#Cc2cnc(-c3oc(C#N)nc3-c3ccc(-c4ccc(C#N)cc4)cc3)s2)n1,35.73
N#CCn1c(C#N)ccc1-c1cncc(-c2cnc(-c3cccc(C#N)n3)c(C#N)c2)c1,22.17
N#Cc1ccc(-c2cc(-c3cc(C#N)c(=Nc4ccc(-n5nc(C#N)nc5C#N)cc4)[nH]n3)nc(-c3ccc(C#N)nc3)c2F)cc1,21.97
N#Cc1ccc(-c2cc(-c3ccc(-c4nc(C#N)ccc4C#N)cn3)nc(-c3ccc(-c4ccsc4C#N)cc3)c2C#N)cc1,21.61
CN(C)CCCOc1cc(Cl)c(-c2ncc(-c3cc(CC#N)nc(-c4cc(C#N)c(C#N)[nH]4)n3)cn2)cc1F,28.96
CCNC(=O)Oc1ccc(-c2nc(-c3ccc(-c4ccsc4C#N)cn3)nc(-c3cccc(C#N)n3)n2)cc1C#N,25.72
N#Cc1ccc(-c2cccc(-c3cc(-c4ccc(C#N)cc4)nc4c(C#N)c(C#N)c(C#N)nc34)c2)cc1,18.83
N#Cc1ccc(-c2ccc(C#Cc3csc(-c4cc(-c5ccc(-c6ccc(-c7cccc(C#N)c7)c(C#N)c6)cc5)nc(-c5cccc(C#N)n5)c4)n3)cc2)cc1,34.76
N#Cc1cc(-c2cnc(-c3cnc(C#N)c(C#N)c3)c(C#N)c2)ccc1-n1cnc2ccccc21,22.75
Cc1c(C#N)cc(-c2nc(NC(C)C)cc(-c3cccc(C#N)n3)n2)nc1C#N,14.92
Cn1nc(-c2cccc(-c3nc(-c4ccc(-c5cccc(C#N)c5)cc4)nc(-c4ccc(-c5ccnc(Cl)n5)cc4)n3)c2)nc1-c1ccc(-c2ccc(C#N)cc2)nc1,25.42
N#Cc1nc(-c2ccc(C#N)c(C#N)c2)c(CO)c(-n2nc(C(F)(F)F)cc2C#N)n1,15.65
N#Cc1ccc(-c2nc(-c3nc(C#N)cn3C3CCOCC3)nc(-c3cc(C#N)c(C#N)c(C#N)n3)c2F)cn1,25.09
Cc1cc(-c2ccc(-c3cnc(-c4cc(C#N)cc(-c5cncc(C#N)c5)n4)c(C#N)c3)cn2)nc(C#N)n1,22.45
N#Cc1ccc(-c2ccc(-c3nc(C=Cc4cccc(C#N)c4)n(-c4ccc(-c5ccc(C#N)c(C#N)c5)cc4C#N)n3)cn2)nc1,16.86
COc1ccc(-c2nc(-c3cc(C4CC4(F)F)nc(N4CCC(F)(F)C4)n3)cc(C#N)c2C#N)cc1F,27.25
COc1nc(-c2ccc(-c3conc3-c3cccc(C#N)n3)cc2)cc(-c2cnc(C=Cc3cc(C#N)c(-c4ccc(C#N)nc4)s3)c(C#N)c2)n1,36.75
N#Cc1coc(-c2nc(C#N)c(-c3cc(C#N)c(C4CC4)nc3-c3ccc(-c4ccc(C#N)c(F)c4)nc3)nc2-c2cnc(C#N)c(C#N)c2)n1,36.72
Cn1nc(-c2cc(-c3ccc(C#N)cc3)cc(-c3ccc(F)cc3C#N)c2)nc1-c1ccc(-c2ccc(C#N)cc2)nc1,14.18
COc1cc(-c2cc(-c3nc(C4CC4)[nH]c3-c3ccc(C#N)c(C#N)c3)nc(-c3ccc(C#N)cc3)n2)ccc1F,22.46
N#Cc1ccc(-c2cc(C#N)nc(-c3cc(-c4ccc(C#N)cc4)c(C#N)c(-c4ccc(-c5cccc(C#N)c5)cc4)n3)c2)cc1,16.82
C#CCN(CC(=O)N=c1cc(-c2ccccc2C#N)nc(-c2cnc(C#N)c(C#N)c2)[nH]1)c1ccc(C#N)cn1,28.74
N#Cc1ccc(-c2ccc(-c3nc(-c4ccc(-c5ccc(C#N)cc5)nc4)nc(-c4cccc(-c5ccc(-c6cc(C#N)nc(-c7ccc(C#N)c(C#N)c7)n6)cc5)c4)n3)cn2)cc1,20.89
N#Cc1ccc(-c2cc(-c3nc(C#N)ncc3-c3ccc(C#N)cc3)nc(N3CCCC(N)C3)n2)cc1,24.15
N#Cc1ccc(-c2cc(-c3cccc(C#N)n3)nc(-c3ccnc(C#N)n3)c2)cc1,12.53
N#Cc1ccc(-c2nc(-c3noc(-c4ccc(C#N)c(C#N)c4)n3)nc(-n3nccc3C#N)n2)cc1C#N,22.48
N#Cc1ccc(-c2cc(-c3ccnc(-c4ccc(C#N)cc4)c3)nc(-c3ccnc(-c4nn(-c5cc(C#N)c(C#N)cc5F)c(-c5ccc(C#N)cc5)c4C#N)n3)c2)cc1,24.91
N#Cc1ccc(-c2nc(-n3nc(C#N)cc3C#N)nc(-n3nc(C(F)(F)F)cc3C#N)n2)cn1,14.57
N#Cc1ccc(-c2ccc(-c3nccc(-c4cnc(C5CN(CCO)C5)c(C#N)c4)n3)cc2)cc1C#N,21.23
N#Cc1ccc(-c2cc(-c3ccc(-c4c(C#N)cnc(-n5nc(C(F)(F)F)cc5C#N)c4C#N)cc3)nc(-c3ccc(Cl)cc3Cl)n2)cc1C#N,25.66
N#Cc1ccc(-c2nc(-c3ccc(-c4ccc(C#N)c(Cl)c4)cc3)nc(-c3cc(-n4nc(C(F)(F)F)cc4C#N)ccc3Cl)n2)cc1,15.97
Cn1cc(-c2ccc(-c3c(C(=O)O)c(Cn4ccnc4-c4ccc(F)c(F)c4)nc4cc(-c5ccc(F)cc5)ccc34)cc2)cn1,44.59
CN(C(=O)OCc1ccnc(C(F)(F)F)c1)C(c1ccccc1)c1ccccc1,35.92
N#Cc1cccc(-c2nc(-c3cnc(C#N)c(C#N)c3)nc(-c3nc(C#N)nc4c(F)cccc34)n2)c1,20.42
N#Cc1ccc(-c2cc(-c3ccc(C#N)nc3)nc(-c3ccc(-c4nc(Cl)nc(Cl)n4)cc3)n2)nc1,18.2
N#Cc1ccc(C#Cc2nc(C#N)c(C#N)nc2-c2cc(C#N)cc(-n3nc(C#N)cc3C#N)c2)cc1,12.71
CC(c1nn2ccc(-c3ccn(C)n3)c2c(=O)n1-c1ccc(-c2ccc(C#N)nc2-c2cccc(C#N)n2)cc1F)N1CC(C)(C)c2ccc(-c3ccc(C#N)nc3)cc21,42.7
CNCC1CC2CCC(C1)N2c1nc(-c2cnc(C#N)c(C#N)c2)nc(-c2nc(C#N)ccc2C#N)n1,17.72
N#Cc1ccc(-c2ccc(-c3nc(-c4ccc(-c5ccc(C#N)cn5)nc4)nc(-c4cc(-c5cccc(F)c5O)nc(-c5ccc(-c6ccc(C#N)cc6)nc5)n4)n3)cc2)cc1,23.55
N#Cc1ccc(-c2cnc(-c3ccc(-c4nc(C#N)[nH]c4-c4ccc(C#N)cc4)nc3)cn2)cc1,23.15
N#Cc1cccc(C(=O)Nc2ccc(-n3cc(C#N)cc3-c3ccc(-c4ncco4)c(C#N)c3)c(C#N)c2)c1,28.08
N#Cc1cc(-c2cc(-c3c(F)c(F)c(C#N)c(F)c3F)c(C#N)c(-c3cnc(N)c(C#N)n3)n2)nnc1-c1ccc(F)cc1,17.49
N#Cc1ccc(-c2nc(-c3ccsc3)cc(-c3c(F)c(-c4ccc(F)cc4C#N)nc(C#N)c3C#N)n2)cc1,25.18
N#Cc1ccc(-c2ccc(-c3nc(-c4ccc(-c5ccc(C#N)cc5)nc4)nn3-c3ccc(C(N)=O)cc3)cc2)cc1,15.49
Cn1nc(Cl)nc1-c1cc(-c2ccc(-c3cnc(N)c(C#N)n3)c(F)c2)nc(C#N)n1,19.21
Cn1cc(C#N)nc1-c1nc(-c2cnc(C#N)c(C#N)c2)cc(-c2cnc(C(O)(c3ccc(C#N)cc3)c3cncc(C#N)c3)c(C#N)c2)n1,18.64
N#CC(=Cc1ccc(-c2ccc(C#N)cc2)c(C#N)c1)n1c(C#N)cc2ccc(C#N)cc2c1=O,27.63
N#Cc1ccc(-c2ccc(-c3nc(C#Cc4ccc(-c5cc(-c6ccc(C#N)cc6)nc(-c6ccc(C#N)cc6)n5)cc4)nn3-c3nccc(C#N)n3)nc2)cc1,30.15
N#Cc1ccc(-c2nc(-c3ccc(-c4cc(F)c(C#N)c(C#N)c4)c(C#N)c3)cc(-c3cc(-c4cnc(C#N)nc4)cc(C#N)n3)n2)cc1,22.29
Cc1c(-c2cc(-c3ccc(C#N)cc3)cc(-c3ccc(C#N)cc3)n2)nnn1-c1ccc(-c2ccc(C#N)cc2)cc1C#N,17.16
N#Cc1ccc(-c2cc(-c3nc(C#N)c4c(C#N)cccn34)cc(-c3cnc(C#N)c(C#N)c3)n2)cc1,17.95
N#Cc1cc(-c2ncccc2C#N)ccc1-c1cnc(C#N)c(C#N)c1,17.1
CCOC(=O)CC1CC(S(C)(=O)=O)CN1c1cc(-c2cccnc2F)nc(-c2ccc(C#N)c(C#N)c2)n1,34.31
N#Cc1cc(-c2cc(NCc3cccnc3)nc(-c3cc(C#N)c(C#N)c(C#N)n3)n2)cnc1C#N,18.31
N#Cc1cc(-c2ncc(-c3nc(C#N)nn3CCN3CCCSCC3)cc2C#N)ccn1,22.97
N#Cc1ccc(C(=O)c2ccc3oc(-c4ccc(-c5ccc(C#N)cc5)cc4)c([O-])[n+]3c2)cc1,26.47
N#CCCCOc1ccccc1Nc1sc(C#N)c(C#N)c1C#N,23.75
N#Cc1cc(C#N)n(-c2ccnc(-c3nc(C#N)nc(-c4cccc(C#N)n4)c3F)c2)c1,17.55
COc1c(C#N)cc(C#N)cc1-c1nc(C#N)nc(-c2cnc(C#N)c(C#N)c2)n1,14.93
N#Cc1ccc(-c2cccc(-c3ccc(-c4ncc(-c5ccc(-c6ccc(C#N)cc6)c(C#N)c5)o4)cc3)n2)cc1,14.21
CCN1CCN(c2nc(-c3cnc(C=NOCc4ccc(C#N)cc4)c(C#N)c3)nc(-c3cccc(C#N)n3)n2)CC1,23.05
CC(C)Oc1ncc(-c2nc(-c3cccc(C#N)n3)nc(N3CCN(C4CC4)CC3)n2)cc1C#N,19.43
N#Cc1ccc(-c2nc(-c3nc(C#N)c(N)nc3C(F)(F)F)c(C#N)cc2-c2ccc(-c3cnc(C#N)cn3)nc2)cc1,21.44
N#Cc1ccc(-c2nc(-c3cc(C#N)c(-c4nnco4)cn3)nc(-n3nc(-c4ccc(Cl)c(C#N)c4)cc3C#N)n2)cn1,17.52
N#Cc1ccc(-c2ccc(-c3nc4c(n3-c3ccc(C#N)c(C#N)c3)CC(CN3CCOCC3)CC4=O)cc2C#N)cc1,29.43
COCc1nc(-c2ccc(C(=N)N)cc2)cc(-c2ccc(-c3ccnc(-c4ccc(-c5cc6ccc(C(=N)N)cc6[nH]5)cc4)n3)cc2)n1,31.08
N#Cc1ccc(-c2cc(Cn3c(C#N)cnc3-c3ccc(C#N)c(C#N)c3)cc(C(F)(F)F)n2)nc1,18.55
N#Cc1ccc(-c2ncc(-c3cc(-c4cccc(F)c4C#N)nc(C#N)n3)cc2C#N)cc1,16.69
CC(C)n1c(-c2ccc(C#N)c(-c3cccc(-c4ccc(C#N)cn4)c3F)c2)nc(C#N)c1N,19.74
CC(C)Oc1ncc(-c2nc(-c3cc(CO)cc(C#N)n3)nc(N3CC4CC3C4)n2)cc1C#N,13.5
N#Cc1ccc(-c2ccc(-c3nc(-c4ccc(-c5ccc(C#N)cc5)nc4)c(C#N)c(-c4ccc(C#N)cc4)c3C#N)cc2)cc1,15.94
N#CCc1nc(-c2cc(C#N)c(C#N)[nH]2)nc(-c2ccc(F)cc2C#N)n1,12.01
N#Cc1cc(-c2cncc(-c3cnc(-c4cnc(C#N)o4)c(C#N)c3)c2)nc(C#N)n1,16.83
CON=C(NS(=O)(=O)c1ccc(F)c(F)c1F)Oc1ccccc1Cl,39.82
N#Cc1ccc(-c2ccc(-c3nc(-c4cccc(C#N)n4)cc(-c4cc(-c5cc(-c6ccc(C#N)cc6)c(C#N)c(-c6ccc(C#N)cc6)n5)nc(-c5ccc(C#N)cc5)n4)n3)cn2)cc1,16.71
N#Cc1ccc(-c2cccc(NCc3ccc(-c4cccc(C#N)n4)c(C#N)n3)c2)cc1,23.92
N#CCCS(=O)(=O)Nc1ccc(F)c(C#Cc2cncc(-c3nc(C#N)cn4c(C#N)cnc34)c2)c1F,24.12
N#Cc1ccc(-c2nc(CNS(=O)(=O)c3ccc4c(c3)OCCO4)n(-c3ccc(-c4ccc(C#N)c(F)c4)cc3C#N)n2)cc1,26.87
N#Cc1ccc(-c2ccc(-c3nc(-c4ccc(-c5ccc(C#N)c(C#N)c5)nc4)ncc3C#N)cc2)cc1,12.82
N#Cc1cc(-c2ncc(-c3nc4ncccn4c3C3CCC3)cc2C#N)ccc1F,25.41
N#Cc1ccc2cc(-c3nc(-c4c5ccccc5c(C#N)c5ccccc45)nc(-c4c5ccccc5c(C#N)c5ccccc45)n3)[nH]c2c1,16.1
N#Cc1ccc(-c2cc(-c3cc(C#N)nc(C#N)n3)n(CCN=c3nc(C#N)[nH]c(C#N)n3)n2)nc1,23.82
N#Cc1ccc(-c2c(C#N)c(-c3ccc(-c4cccc(C#N)c4)cc3)nc3cc(-c4ccco4)nn23)cc1,27.78
N#Cc1ccc(-c2cc(-c3c(C#N)ncc(-c4ccc(C#N)cn4)c3F)ccc2C#N)cc1,18.34
N#Cc1ccc(-c2ccc(-c3nn(C(=O)c4ccc(-c5cnc(-c6nc(Cl)ncc6Cl)c(C#N)c5)cc4)c(=N)[nH]3)cc2)cc1,35.23
N#CC(=Cc1cnc(-c2nc(C#N)nc(-c3cnc(C#N)c(C#N)c3)n2)cc1Cl)NC(=O)c1cnccc1C#N,34.03
N#Cc1ccc(-c2ccc(-c3nc(-c4ccc(C#N)cc4)cc(-c4ccc[n+](Cc5cccc(-c6cccc(C#N)n6)c5)c4)n3)cc2)cc1,23.55
N#Cc1ccc(-c2ncc(-c3ccc(-n4nc(C(N)=O)cc4C#N)cn3)cc2C#N)cc1,12.09
Cn1nc(-c2cc(N3C(=O)OCC3CC#N)nc(-c3cc(C#N)c(C#N)[nH]3)n2)c2cc(-c3cnc(C#N)nc3)ncc21,36.41
N#Cc1ccc(-c2ccc(-c3nc(-c4ccc(C#N)cc4)nc(-c4cc(-c5nc(C#N)ccc5-c5ccc(-c6nc(C#N)ncc6C#N)cc5)c[nH]c4=N)n3)cc2)cc1,26.83
Cn1c(-c2ccc(-c3ccc(-c4ccc(C#N)cc4)c(C#N)c3)cc2)nc2ccc(C(=O)O)cc21,17.78
CNc1oc(-c2cccc(-c3cc(C#N)cc(-c4cncc(C#N)c4)c3)c2)nc1C#N,22.34
N#Cc1ccc(Nc2oc(-c3nnc(-c4ccc(-c5ccc(C#N)cc5)cc4)cc3-c3nc(C(=O)Nc4cnc(C#N)c(C#N)n4)ccc3C#N)nc2C#N)cc1,39.21
COc1ccc(-c2ccc(-c3cc(-c4ccc(C#N)cc4)nc(-c4ccc(-c5ccc(C#N)cc5)cc4)n3)cc2)cn1,17.12
Cn1c(C(=O)N2CCN(C(=O)C=Cc3ccc(C#N)cc3)CC2)ccc1-c1ccc(Cl)cc1,30.44
COc1ccc(-c2ccnc(-n3cc(C#N)cn3)n2)c2sc(-c3ccc(C#N)c(-c4ccc(C#N)cc4)c3)cc12,30.33
CC(Oc1ncc(-c2nc(-c3cccc(C#N)n3)nc(N3CC4CC3C4)n2)cc1C#N)C(F)(F)F,10.96
Cn1c(C#N)ccc1-c1cc(-c2nc(-c3ccc(C#N)cc3)nc(-c3ccc(-c4ccc(C#N)cc4)cc3)n2)nc(-c2nsc3ccccc23)c1,32.08
Cc1cn(-c2ccc(-c3nc(-c4ccc(C#N)cc4)nc(-c4ccc(-c5ccc(C#N)cc5)c(C#N)c4)n3)nc2)nc1C#N,19.1
N#Cc1cc(-c2cc(-c3ccc(-c4ccnc(-c5cnc(C#N)c(C#N)c5)n4)s3)nc(Cl)c2C#N)ccc1-c1cc(F)c(C#N)c(C#N)c1,29.39
N#Cc1ccc(C#CC#CC#Cc2cc(-c3nc(-c4ccc(-c5ccc(C#N)cc5)cc4)n(CCN4CCOCC4)c3-c3ccc(C#N)cc3)nc(-c3cccc(C#N)n3)n2)cc1,29.97
CC(Oc1c(C#N)cc(-c2ncn(-c3cc(F)c(-c4ccc(C#N)cc4Cl)c(C#N)c3)n2)cc1C#N)C(=O)O,24.7
N#CCc1nc(-c2cc(N3CC4CC3C4)nc(-c3cnc(C#N)c(C#N)c3)n2)co1,17.27
N#Cc1ccc(-c2ccc(-c3ccc(-c4ccc(N)c(C#N)n4)cc3F)cc2C#N)cc1,20.0
N#Cc1ccc(-c2nc(-c3ccc(OC(F)(F)F)c(C#N)c3)nc(N3CCOCC3)c2CC2CC2)cn1,21.3
N#Cc1cc(-c2ccc(-c3cncc(C(=O)N4CCOCC4)c3)nc2C#N)nc(-c2cnc(C#N)c(C#N)c2)n1,24.47
CC(C)(C#N)c1ncc(-c2nc(-c3cccc(C#N)n3)nc(N3CCC(F)(F)C3)n2)cc1C#N,14.21
Cc1ccc(C(=O)Nc2c(C#N)nc(C#N)c(C#N)c2C#N)s1,22.75
CC(=O)c1nn(CC(=O)N2CCN(c3cnc(Cl)nc3-c3nnc(-c4ccc(-c5ccc(C#N)cc5)cc4)o3)CC2)c2cc(-c3ccc(C#N)cc3)ccc12,34.74
N#Cc1ccc(-c2ccc(-c3nc(C#N)c(C#N)cc3-c3ccc(NC(=O)C=Cc4cccc(C#N)c4)cc3)cc2)cc1,23.48
N#Cc1ccc(-c2cc(-c3ncc(-c4ccc(C#N)nc4)s3)nc(-c3ccc(C#N)cc3)n2)cc1,15.21
N#Cc1nc(-c2cnccn2)nc(-c2cc(C#N)c(C#N)c(C#N)n2)n1,19.2
N#Cc1cccc(-c2nc(-c3cc(C#N)c(C#N)c(C#N)n3)cc(N3CC(C#N)C3)n2)n1,12.64
N#Cc1ccc(-c2cc(-c3ncc(-c4ccnc(-c5ccc(C#N)c(C#N)c5)n4)o3)nc(-c3ccc(-c4ccc(C#N)c(C#N)c4)nc3)c2C#N)cc1,30.36
Cc1nc(C#N)cc(-c2ccc(N=c3cc(-c4cnc(C5CCC(N6CCNCC6CCO)CC5)c(C#N)c4)nc(C#N)[nH]3)cc2)n1,39.35
CCc1nc(-c2cnc(-c3ccc(C#N)cc3)c(C#N)c2)ccc1-c1cc(-n2cccc2C#N)cnc1C(=O)O,17.63
C#CCN(C#C)c1nc(C#N)nc2c1c(-c1cc(C#N)nn1-c1ccc(-c3ccnc(Cl)n3)cc1)nn2CCC#N,42.94
CN(C)c1ccc(C#N)c(-c2ncc(C#N)c(-c3ccc(-c4c[nH]c(=N)c(C#N)n4)c(F)c3)c2F)c1,28.23
N#Cc1ccc(-c2cc(-n3cc(-c4ccc(-c5c[nH]c(=N)c(C#N)n5)nc4)cn3)nc(-c3ccc(-c4ccc(C#N)cn4)cc3)n2)cc1,25.3
N#Cc1cc(-c2ccc(-c3cnc(C#N)c(C#N)c3)cc2)c(C#N)c(-c2ccc(-c3ccc(C#N)c(Cl)c3)nc2)n1,26.97
N#Cc1cccc(-c2nc(-c3ccc(C(F)(F)F)c(C#N)c3)nc(N3CC4CC4(COS(=O)(=O)C(F)(F)F)C3)n2)n1,15.08
Cn1cc(-c2cnc3[nH]nc(-c4nc(-c5cnc(N6CCCC6CO)c(C#N)c5)nc(N5CC6CC5C6)n4)c3c2)cn1,30.13
N#Cc1ccc(-c2cc(Cn3nc(-c4ccc(C#N)c(C#N)c4)cc3C#N)c(F)c(-c3ccc(C#N)c(F)c3)c2)cc1,19.85
N#Cc1ccc(-c2cc(C#N)nc(-c3nnc(C#N)cc3-c3ccc(-c4cc(C#N)nc(-c5ccc(C#N)cc5)n4)cc3)c2)cc1,22.64
CC(C#N)Oc1ncc(-c2nc(-c3ccc(-c4cccs4)c(C#N)c3)nc(-c3cnc(C#N)c(C#N)c3)n2)cc1C#N,17.44
CN1CCOC(c2cc(-c3cnc(-c4cc(Cl)ccc4C#N)c(C#N)c3)nc(-c3cnc(C#N)c(C#N)c3)n2)C1,21.78
N#Cc1ccc(C(O)c2ccc(-c3nc(-c4ccc(-c5ccc(C#N)c(C#N)c5)cc4)nc(-c4cccc(C#N)n4)n3)cn2)cc1,17.99
N#Cc1cc(-c2c(C#N)cc(C#N)n2-c2ccc(-c3cc(C#N)nc(-c4cnc(-c5ccc(C#N)c(C#N)c5)c(C#N)c4)n3)cc2F)ccn1,28.26
N#Cc1cn2c(n1)CN(c1nc(-c3cc(C#N)c(C#N)c(C#N)n3)nc(-c3cccc(F)c3F)n1)CC2,15.95
N#Cc1cc(-c2ncc(C#N)c(-c3cnc(N4CCC(NC5CC5)CC4)c(C#N)n3)n2)cs1,29.5
CCN(CC)CCN(C)Cc1ncc(-c2nc(-c3cccc(-c4ccc(C#N)cc4)c3)nn2C)cc1C#N,13.94
N#Cc1ccc(-c2ccc(-c3nc([N+](=O)[O-])nn3C3CCN(Cc4ccc(Cl)cc4)CC3)cc2)cc1,27.89
COc1ccc2c(c1)CCN2C(C)=Nc1nc(-c2ncccn2)cc(-c2ccc(F)c(C#N)c2F)c1C#N,32.17
N#Cc1cc(-c2ncc(C#N)c3c2ccn3-c2cc(-c3ccc(-c4ccnc(C#N)n4)cc3)nc(=N)[nH]2)nc(C#N)n1,28.41
N#Cc1ccc(-c2ncc(-c3ccc(-c4ccc(N)c(C#N)n4)c(F)c3)cc2C#N)cc1C#N,13.32
N#Cc1ccc(-c2ccc(-c3nc(-c4ccc(-c5ccc(C#N)c(C#N)c5)cc4)cc(-c4nnc(N)c(C#N)n4)n3)cn2)cc1,17.15
COc1cc(-c2ccc(C#N)cc2)cc(C#N)c1Oc1cc(C#N)cc(-c2cnc(=N)[nH]c2)c1F,24.62
N#Cc1ccc(C(O)c2ncc(-c3cc(-c4ccc(C#N)nc4)nc(-c4ccc(N)c(C#N)c4)c3)cc2C#N)cc1,27.49
N#Cc1cc(-c2ccc(-c3cccc(-c4cc(C#N)c(=N)[nH]n4)c3)cc2)cnc1C#N,15.37
N#Cc1cc(-c2ccc(F)c(-c3ccnc(Cl)n3)c2)cc(N2CCOCC2)c1C#N,28.91
N#Cc1ccc(C#N)c(-c2nc(-c3cc(C#N)c(C4CC4)nc3C(C#N)C#N)nc(N3CCC(F)(F)C3)n2)n1,17.26
Cn1nc(Cl)nc1Cc1cc(Cl)c(-c2ccc(C#N)c(-c3ccc(C#N)cc3)c2)c(C#N)n1,24.6
Cn1c(-c2cc(C(=O)N=c3nccc[nH]3)c(C#N)cc2C#N)nc(C#N)c1-c1cnc(C#N)c(C#N)c1,31.11
N#Cc1ccc(-c2ccc(-c3ccc4ncn(-c5ccc(N=Cc6cnc(C#N)c(C#N)c6Cl)cc5)c(=O)c4c3)cc2)cc1F,34.44
N#Cc1ccnc(-c2cccc(-c3ccc(-c4nc(C#N)ccc4-c4ccc(N)c(C#N)n4)cc3)c2)n1,21.78
CC(C)Oc1nccc(-c2ccc(C#N)c(-c3ccc(-c4nc(C#N)c(C#N)nc4-c4ccc(C#N)cc4)cc3)c2)n1,16.34
N#Cc1ccc(-c2nc(-c3cc(C#N)c(N)c(C#N)c3)nc(C3CCCCN3C(=O)COc3ccccc3)n2)nc1,20.14
Cc1cc(-c2cncc(-c3cccc(-c4ccc(-c5cnc(-c6ccc(C#N)cc6)o5)cc4)c3)n2)cc(C#N)n1,29.41
N#Cc1ccnc(-c2cnc(-c3cnc(C#N)c(C#N)c3)nc2C#N)c1,15.68
Cn1cc(C#N)c2cc(Nc3nc(-c4ccc(C#N)cc4)nc(-c4cc(C#N)c(C#N)[nH]4)n3)ccc21,24.37
N#Cc1ccc(-c2nc(-c3cc(C#N)c(C#N)c(C#N)n3)nc(N3CC4CC3CO4)c2CF)cc1,19.12
N#Cc1ccc(-c2ccc(-c3nn(-c4ccc(F)cc4)cc3-c3ccc(-c4nc(C#N)c5ccc(OCc6ccccc6)cc5n4)cn3)cc2)cc1,27.46
N#Cc1ccc(-c2cc(-c3cccc(C#N)n3)c(F)c(-c3cc(C4CCCNC4)nc(C#N)n3)c2)nc1,21.82
COc1ccc(-c2ccc(-c3cc(Cn4ncn(-c5ccc(C#N)cc5C#N)c4=O)c(F)c(-c4ccnc(C#N)c4)n3)o2)nc1C#N,35.22
Cn1cc(NC(=O)Nc2ccc(-n3ccc(C#N)c3)cc2Cl)cc1C#N,29.33
N#CC=Cc1cc(C#N)n(-c2cccc(Cl)c2Cl)n1,16.24
N#Cc1ccc(-c2cc(-c3nc(-c4cnc(C#N)c(C#N)c4)n(CCN4CCC4)n3)cc(C#N)c2F)cc1C#N,14.05
N#Cc1cc(-c2ccc(C#N)nc2)cc(C(O)(c2cncc(-c3cc(C#N)nc(C#N)c3)c2)c2nc(-c3cnc(C#N)c(C#N)c3)cs2)c1,34.07
N#Cc1ccc(-c2ccc(-c3nc(-c4cncc(-c5nc(Cl)nc(Cl)n5)c4)nc(-c4ccc(C#N)c(-c5cnc(-c6cncc(C#N)c6)nc5)c4)n3)cc2)cc1,30.25
CCn1nc(-c2ccc(-c3cnn(C)c3)nc2)cc1-c1cc(C#N)c(C#N)c(C#N)c1,21.79
N#Cc1cc2nc(C#N)c(F)cc2c(-c2nc(-c3cnc(C(F)(F)F)c(C#N)c3)nc(N3CC4CC3C4)n2)n1,19.43
CON=Cc1ncc(-c2nc(-c3nc(C#N)cc(N4CC5CC4CO5)n3)nc(N3CC4CC4C3)n2)cc1C#N,23.05
N#Cc1cc(-c2nc(Cl)ncc2C#N)c(C2CC2)nc1-c1ccc(-c2nc(C#N)c(C#N)nc2C#N)nc1,17.26
N#Cc1cc(C#N)nc(C#Cc2ccccn2)n1,14.26
CC(C)Oc1ncc(-c2nc(-c3nccc(C#N)n3)c3n2CCC(C#N)C3)cc1C#N,19.34
N#Cc1ccc(C#N)c(-c2cc(-c3ccc(-c4ccc(F)c(F)c4)c(C#N)c3)nc(C#N)n2)n1,17.6
N#Cc1cc(-c2ccc(-c3cnc(C#N)c(C#N)n3)cc2)cc(-c2ccc(-c3ccc(-c4nc(Cl)nc(C#N)n4)cc3)c(C#N)c2)c1,22.34
N#Cc1ccc(-c2ncc(-c3cnc(-c4cc(F)cc(F)c4)c(C#N)c3)cc2C#N)cn1,17.1
N#CCC1CC(c2ccc(Cl)c(Cl)c2)C(c2ccc(Cl)cc2)N(Cc2cccc(C#N)c2)C1=O,26.08
N#Cc1cccc(-c2nc(C3=CCOCC3)cc(-c3cc(C#N)c(C#N)c(C#N)n3)n2)n1,12.05
N#Cc1ccc(-c2ccc(-c3nc(-c4ccc(-c5ccc(C#N)nc5)cc4)c(C#N)c(=O)[nH]3)cc2)cc1,20.69
N#Cc1ccc(-c2cncc(-c3cc(-c4ccnc(-c5ccc(-c6noc(C#N)n6)cc5)c4)nc(-c4cc(C#N)nc(C#N)n4)c3)c2)cc1,30.18
N#Cc1ccc(-c2cc(C#N)c(C#N)cc2Cn2cnc(-c3cc(C#N)cc(-c4cccc(C#N)n4)c3)n2)cc1,19.9
N#Cc1ccc(-c2ccc(-c3cc(-c4ccc(C#N)cc4)cc(-c4ccc(-c5c(C#N)[n+]([O-])c6cc(F)c(F)cc6[n+]5[O-])cc4)n3)cc2)cc1,21.72
N#Cc1nc(-c2nc(C#N)c(-c3ccccn3)cc2-c2cnc(C#N)c(C#N)c2)c[nH]1,27.19
N#Cc1ccc(-c2ccc(-c3nc(Cl)nn3C3CCCCC3)cn2)cc1C#N,14.14
N#Cc1nccc(-c2nc(-c3ccc(C#N)c(C#N)c3)nc(N3CCC(N4CC(F)(F)CNC4=O)CC3)n2)n1,21.86
CC1(C)CC(=NC#N)c2c(-c3cnc(C#N)nc3)cc(-c3ccc(C#N)cc3)nc2C1,19.75
CCc1ncnc(-c2ccc(C(=O)N3CC(C)(O)C3)c(F)c2)c1C#Cc1ccc(=N)[nH]c1,19.9
N#Cc1cccc(-c2nc(C#N)c(-c3ccc(C#N)nc3-c3ccc(-c4ccc(C#N)c(C#N)c4)cc3)o2)n1,22.07
N#Cc1ccc(-c2ccc(-c3nc(-c4ccc(-c5ccc(C#N)cc5)cn4)cc(-c4ccc(C#N)cc4)c3C#N)cc2)cc1,13.73
N#Cc1ccc(-c2cc(-c3ccc(C#N)c(C#N)c3)c(C#N)c(C#N)n2)nc1,12.21
N#Cc1ccnc(-c2nc(-c3cc(C#N)c(C#N)c(N)n3)nc(N3CCOCC3)c2C#N)n1,17.59
N#Cc1nc(-c2ccnc(Cl)n2)cc(-c2ccc(-c3cnc(C#N)o3)c(F)c2F)n1,16.72
CC(C#N)n1nc(-c2cc(F)c(-c3ccc(C#N)nc3)c(F)c2)nc1-c1cc(C#N)c(C#N)c(C#N)n1,23.25
Cc1cc(C#N)n(-c2cc(-c3nc(-c4ccc(C#N)cc4)nc(-c4c(F)c(F)c(C#N)c(F)c4F)n3)nc(-c3ccc(-c4ccc(C#N)n4C)cc3)n2)n1,21.65
N#Cc1ccc(-c2ccc(-c3nc(-c4ccc(C#N)cc4)nc(-c4ccc(-n5ccnc5)cc4)n3)cc2)cc1,15.02
N#Cc1cccc(CNc2ncc(-c3nc(-c4ccccc4)cc(N4CCOCC4)n3)cc2C#N)n1,21.38
N#Cc1ccc(-c2ccc(-c3cc(C#N)c(-c4cc(C#N)c(C#N)c(C#N)c4)s3)cc2)cc1,22.36
N#Cc1ccc(NNC(=O)c2c(C#N)nc(-c3ccc(-c4cc(F)cc(C#N)c4)cc3F)n2-c2ccc(-c3ccc(C#N)s3)cc2)cc1,23.27
C=c1c(C#N)c(O)n(-c2ccc(-c3ccc(-c4cc(F)cc(C#N)c4)nc3)nc2-c2ccc(C#N)cc2)c1=C,20.16
N#Cc1ccc(-c2cnc(-c3cnc(-c4cncc(C#N)c4)c(C#N)c3)cc2C#N)cc1,18.58
N#Cc1nccc(-c2ccc(-c3ncc(-c4c[nH]c(=N)c(C#N)n4)cc3C#N)cc2C#N)n1,13.77
C#CCn1c(C#N)ccc1-c1ccnc(-c2cnc(C(F)(F)F)c(C#N)c2)n1,21.11
Cc1ncc(-c2cc3ccc(-c4cnc(-c5ccc(C#N)c(F)c5)c(C#N)c4)nn3n2)cn1,27.74
CC(C)Oc1ncc(-c2nc(-c3ccc(-c4ccc(C#N)cc4)cc3)n(-c3c(C#N)ccn(-c4cn(C)cc4C#N)c3=O)n2)cc1C#N,30.46
N#Cc1cccc(-c2onc(-c3cc(C#N)c(C#N)c(C#N)n3)c2CN)c1Cl,19.88
CC(C)(O)c1ncc(-c2ncc(-c3cc(F)c(-n4cccc4C#N)cc3F)cc2C#N)cc1C#N,22.35
N#Cc1ccc(-c2ccc(-c3ncc(-c4nc(-c5ccc(C#N)cc5)nc(-c5ccc(-c6cccc(C#N)c6)cc5)n4)cc3-c3ccc(C#N)cc3)cc2)cc1,16.01
C#Cc1nc(-c2cccc(F)c2)cc(-c2ccc(-c3cc(-c4cn[nH]c4)nc(C#N)n3)cc2C#N)n1,29.63
N#Cc1ncc(-c2nc(C(F)(F)F)c(-c3nc(C#N)c(-c4ccc(-c5ncc[nH]5)cc4)o3)cc2C#N)o1,22.74
Cn1ncc(-c2nc(C#N)cc(-c3cnc(C#N)nc3C#N)n2)c1-c1cccc(C#N)n1,23.56
CC(C)Oc1ncc(-c2nc(-c3nc(C#N)c(-c4cccc(-c5cnc(C#N)c(C#N)c5)c4)cc3C#N)nc(N3CC4CC3C4)n2)cc1C#N,26.12
N#Cc1cccc(-c2cnc(-c3cc(-c4cc(C#N)c(F)cc4C#N)c(C#N)c(=N)[nH]3)nc2)n1,18.42
CCc1nc(-c2ccc(F)cc2)c(C#N)cc1-c1ccc(C#CC#Cc2nncc(C#N)n2)cn1,20.11
N#Cc1ccc(-c2nc(-c3ccc(C#N)nc3)c(F)c(-c3ccccn3)n2)cc1,11.85
N#Cc1ccc(-n2c(=O)c(-c3cnc(N4CCN(C5CC5)CC4)c(C#N)n3)cc3c(Cl)nccc32)cc1C#N,34.17
N#Cc1cncc(-c2cncc(-c3ccc(-c4nc(C#N)nc(C#N)n4)nc3)c2)c1,16.8
N#Cc1cc(-n2ccnc2C=NO)cc(-c2cc(-c3ccc(C#N)c(F)c3)nc(-c3ccc(C#N)s3)n2)n1,31.52
N#CSc1nc(-c2ccc(Cl)cc2)c(C#N)c(-c2cccc(C#N)c2)c1C#N,15.83
COc1cc2c(cc1OC)CN(c1cc(N=c3ccn(Cc4ccc(-c5ccc(C#N)nc5)cc4)[nH]3)nc(C#N)n1)CC2,31.83
CC(C)Oc1ccc(-c2nc(-c3cc(-c4ccc(C#N)cc4)nc(-c4cccc(C#N)n4)n3)cs2)cc1C#N,22.16
N#Cc1ccc(-c2ncc(-c3ncc(-c4cc(-n5cccc5C#N)nc(C#N)n4)cc3C#N)o2)nc1,15.22
N#Cc1ccnc(-c2cncc(-c3cc(-c4nc(C#N)c[nH]4)nc(C#N)n3)c2F)n1,21.34
N#Cc1ccc(-c2nn(-c3ccc(C(=O)O)cc3)cc2-c2ccc(-c3cnc(C#N)c(C#N)c3)c(C#N)n2)cc1,22.08
CC(=O)OC1c2cc3ccc(=O)oc3cc2OC(C)(C)C1OC(=O)C=Cc1cccc(O)c1,25.5
CC(C)Oc1ncc(-c2nc(-c3cccc(C#N)n3)cc(N3CCC3)n2)cc1C#N,15.33
Cn1c(=O)c2cc(-c3cccc(-c4ccc(-c5nc(C#N)c(C#N)nc5C#N)cc4)c3)cnc2n(CCCC#N)c1=O,28.88
Cn1cc(C#N)nc1-c1cc(C#N)c(F)c(-c2ccc(-c3ccc(N)c(C#N)n3)nc2)c1F,22.15
CC(C)Oc1ccc(-c2nn(-c3ccc(-c4ccc(C#N)c(C#N)c4)cc3)c(-c3ccc(C#N)cc3)c2C(N)=O)cc1C#N,21.56
N#Cc1ccc(-c2nc(-c3ccc(Cn4cc(C(F)(F)F)cn4)cn3)nc(-c3ccc(-c4ccnc(Cl)n4)cc3)c2C#N)nc1,28.44
COCc1nc(-c2cnc(-c3ccc(C#N)cc3)c(C#N)c2)oc1-c1cnc(-c2cccc(C(F)(F)F)c2)c(C#N)n1,17.62
N#Cc1cc(C#N)n(-c2nc(-c3ccc(C#N)c(C#N)c3)cnc2C(F)(F)F)n1,11.84
N#Cc1cccc(-c2cc(N3CC4CC(F)C(C3)O4)nc(-c3cnc(C#N)c(C#N)c3)n2)c1,18.58
N#Cc1cccc(-c2ncc(-c3cnnc(-n4nccc4C#N)c3)cc2C#N)c1,20.6
CC(C)Oc1ncc(-c2nccc(-c3ccc(C#N)cn3)n2)cc1C#N,15.6
CCOc1nc(-c2cc(C)nc(-c3cnc(OC(C)C)c(C#N)c3)n2)c(C#N)cc1-n1cc(C#N)cn1,20.07
N#Cc1ccc(-c2nc(-c3cccc(C#N)c3)cc(-c3cc(F)cc(-c4ccc(-c5ccc(C#N)cc5C#N)cc4F)c3)n2)cc1,28.82
N#Cc1ccc(C#N)c(-c2nc(-c3cnc(C#N)c(C#N)c3)nc(N3CC4(COC4)C3)n2)n1,12.82
Cc1c(Cc2ccc(-c3ccc(C#N)cc3)nc2)c2cc(Cl)ccc2n1C(=O)c1ccc(-c2ccccc2)cc1F,34.65
N#Cc1ccc(-c2ccc(-c3nc(-c4ccc(-c5ccc(C#N)cc5)nc4)nc(-c4ccc(C#N)c(-c5ccc(-c6cccc(-c7ccc(C#N)cc7)n6)cc5)c4)n3)cc2)cc1,15.14
Cn1cc(-c2ccc(-c3cnc(-c4cc(F)c(-c5nc(C#N)c(C#N)nc5C#N)cc4Cl)c(C#N)c3)cn2)cn1,18.81
Cn1nc(C#N)nc1-c1ccc(-c2cc(C#N)c(C#N)c(-c3ccc(C#N)cc3)c2)cc1,20.22
N#Cc1ccc(-c2ccc(-c3cc[n+](-c4cccc(-c5ccc(C#N)c(C#N)c5)n4)c(-c4ccc(-c5ccc(C#N)cc5)cc4)n3)cc2)cc1,15.31
Cn1c(-c2ccc(-c3cnc(-c4cncc(C#N)n4)s3)c(C#N)c2)nc2c(C#N)nc(C#Cc3ccc(C#N)cc3)cc21,35.04
N#Cc1ccc(-c2cc(-c3ccnc(-c4cnc(N)c(C#N)n4)c3)nc(-c3cnc(C#N)cn3)c2)cc1,18.03
N#Cc1ccc(-c2ccc(-c3nc(-c4ccc(-c5ccc(C#N)c(F)c5)cc4)c(-c4cccc(C#N)c4)[nH]3)cn2)nc1,20.43
N#Cc1ccc(-c2cc(-c3ccc(C#N)nc3)nc(-c3cccc(C#N)n3)n2)c(C#N)c1,13.24
COC1(C#N)CCN(c2cc(C#N)nc(-c3nc(-c4ccc(C(F)(F)F)c(C#N)c4)nc(N4CC5CC4C5)n3)c2)CC1,22.05
Cc1cc(-c2nc(-c3ccc(C#N)cc3)nc(-c3ccc(-c4ccc(C#N)c(C#N)c4)cc3)n2)oc1-c1ccc(C#N)nc1,16.42
N#Cc1ccc(-c2nc(-c3nc(-c4ccc(F)c(C#N)c4F)nc(N4CCOCC4CF)n3)cc(C#N)c2C#N)cc1,15.06
Cn1nc(Cl)nc1-c1ccc(-c2cc(-c3cc(C#N)c(-c4ccc(C#N)cc4)cn3)nc(C#N)n2)cc1,18.82
N#Cc1ccc(-c2ccc(-c3nc(-c4cc(C#N)nc(-c5ncccc5F)c4)nc(-c4ccc(-c5cc(F)c(C#N)c(C#N)c5)s4)n3)cc2)cc1,21.1
N#Cc1ccc(-c2cc(-c3ccc(-c4nc(C#N)c(C#N)nc4-c4ccc(C#N)cc4)cc3)cc(-c3ccccc3C#N)c2)cc1,15.41
N#Cc1ccc(-c2nn(CC(=O)Nc3cccc(C#N)c3Cl)c(=O)c(C#N)c2-c2ccc(C#N)cc2)cc1,22.81
N#Cc1ccc(-c2cccc(-c3nnc(C#N)nc3-c3ccc(-c4ccc(C#N)cn4)cc3)c2)cc1,15.49
Cc1ncn(-c2nc(-c3ccc(C#N)cc3)nc(-c3nc(-c4ccc(C#N)cc4)nc(-c4ccc(C#N)c(C#N)c4)n3)n2)n1,15.77
N#Cc1ccc(-c2ccc(-c3c(-c4ccc(C#N)cc4)nc(-c4c(F)c(F)c(C#N)c(F)c4F)n3CCOc3ccc(F)c(C#N)c3)cc2)cc1,31.82
N#Cc1ccc(-c2ccc(C#Cc3cc(-c4cnc(-c5cnc(C#N)cn5)c(C#N)c4)ncn3)cc2C#N)cc1,14.98
Cc1nc(-c2ccc(C#N)c(C#N)c2)cc(=NCc2cc(-c3cccc(C#N)n3)nc(-c3cnc(C)c(C#N)c3)n2)[nH]1,18.47
N#Cc1cc(-c2ccnc(-n3cccc3C#N)c2)cnc1-c1ccc(F)c(F)c1,16.01
N#Cc1ccc(-c2nc(-c3ccc(C#N)nc3)cc(-c3cccc(C#N)c3)n2)cc1,11.89
N#Cc1cc(-c2nc(-c3ccc(-n4nccc4C#N)c(F)c3)nc(N3CCOCC3)n2)c[nH]c1=N,20.44
Cc1cc(-c2ccc(C#N)cc2)nc(-c2ccc(-c3ccc(C#N)cc3)cc2)[n+]1Cc1ccc(-c2ccc(C#N)cc2)cc1,17.3
CN(C)C1CCN(c2ncc(-n3c(-c4ccc(-c5ccc(C#N)cc5)cc4)c(C#N)n(C(F)F)c3=O)nc2C#N)CC1,24.49
CN(C)c1nc(-c2ccc(C#Cc3ccc(C#N)cn3)cn2)cc(-c2cncc(C#N)n2)n1,23.44
Cc1cc(C)n(-c2nc(-c3cnc(CNCCOCCO)c(C#N)c3)cc(=Nc3cnc(C#N)c(C#N)n3)[nH]2)n1,32.62
O=CN1CCN(C=Nc2cc(Nc3cccc4ccccc34)nc(N=CN3CCN(C=O)CC3)n2)CC1,17.27
N#Cc1ccc(-c2ccc(-c3nc(-c4ccc(C#N)cc4)nc(Cl)c3C#N)cc2)cc1,14.54
Cn1nc(OCCF)nc1-c1ccc(-c2ncc(-c3c[nH]c(=N)c(C#N)n3)cc2C#N)cc1C(N)=O,24.72
N#Cc1ccc(-c2ccc(-c3nc(C#N)c(-c4cnc(-c5ccc(C#N)cc5)c(C#N)c4)[nH]3)cc2)cc1,11.85
CC(Oc1c(C#N)cc(-c2nc(-c3ccc(C#N)c(Cl)c3)cn2C)cc1C#N)c1cncc(C#N)c1,20.55
Cc1nc(-c2cc(C#N)cc(-c3ccc(-c4cnc(C#N)c(C#N)c4)nc3)n2)ccc1S(=O)(=O)N1CCN(c2ccncc2F)CC1,37.93
C=c1c(=C(C#N)c2nc(-c3ccc(F)cc3)no2)c(C#N)c(O)n1-c1coc(-c2ccc(Cl)cc2)n1,33.4
N#Cc1ccc(-c2ncc(-c3ccc(-c4cnc5c(F)cccc5n4)cc3)cc2C#N)cc1F,23.13
CCN(Cc1ccc(C#N)cc1)C(=O)C(C)n1nc(C#N)nc1-c1cnc(-c2ccc(C#N)c(F)c2)c(C#N)c1,24.14
COc1nccc(-c2cc(C#N)ccc2-c2ccc(-c3nc(-c4ccc(C#N)cc4)oc3C)cc2)n1,16.14
N#Cc1ccc(NC(=O)c2ccc(-n3nc(-c4ccc(C#N)cc4)c(C#N)c3-c3cc(-c4cccc(-c5cccnc5)c4)nc(-c4ccc(C#N)cc4)n3)cc2)cc1,26.3
N#Cc1c[nH]c(C(=O)Nc2ncc(-c3cc(-c4c[nH]c(C#N)c4)cnc3F)cc2C#N)n1,30.7
N#Cc1nc(-c2ccc(-c3ncc(-c4nccnc4C#N)cc3C#N)cc2)nc(C(F)(F)F)n1,18.86
N#Cc1ccc(-c2nc(-c3ccc(-c4ccc(C#N)c(C#N)c4)c(C#N)c3)c(C#N)c(-c3cc(-n4nccc4C#N)c(Cl)cc3O)n2)cc1,17.51
N#Cc1ccc(-c2ccc(-c3nc(-c4cc(C#N)c(C#N)c(C#N)n4)nc(C4CCC(NCCF)CC4)n3)cc2)cc1,18.28
N#Cc1cc(-c2cnc(C#N)nc2)c(F)c(-c2nc(C#N)cc(-c3cnc(C#N)c(F)c3)c2F)n1,22.53
CCc1cc(S(=O)(=O)NC)ccc1N=c1[nH]cnc2ccc(-c3ccc(C#N)o3)cc12,35.12
CC(C)Oc1ncc(-c2nc(-c3cc(-n4cncc4C#N)ccc3C#N)nc(N3CC(N4CCCC4)C3)n2)cc1C#N,26.32
COCCNc1ccc(-c2ccc(-c3cccc(NS(=O)(=O)c4ccc(-c5cccc(C#N)c5)cc4)c3)cc2)nc1C#N,29.59
N#Cc1ccc(-c2ccc(-c3nc(C#N)c(C#N)nc3-c3ccc(-c4cc5nc(C#N)c(C#N)nc5cc4C#N)cc3)cc2C#N)cc1,24.99
N#Cc1cccc(-c2cc(-c3ccc4c(c3)OCCN(Cc3cccc5cnccc35)C4=O)nc(C#N)n2)c1,29.38
N#Cc1ccc(-c2cc(-c3cc(-c4ccc(C#N)c(C#N)c4)cc(-n4nc(C(F)(F)F)cc4C#N)c3)nc(-c3ccc(C#N)cc3)n2)cc1,13.88
N#Cc1ccc(-c2nc(-c3ccc(-c4ccc(C#N)c(F)c4)cc3)nc(-c3cc(-n4c(C#N)cc5cc(F)ccc54)nc(C#N)n3)n2)cc1,15.79
Cc1ccc(-n2nc(C#N)cc2C#N)cc1-c1nc(-c2cnc(C#N)c(C#N)c2)nc(N2CC3CC2C3)n1,12.27
N#CCN1CC=C(c2ncc(-c3nc(-c4cnc(-c5cc(-c6ccc(C#N)cc6)nc(-c6ccc(C#N)cc6)n5)s4)c4ccc(-c5ccc(C#N)nc5)cc4n3)cc2C#N)CC1,37.33
N#Cc1ccc(-c2ncc(Cl)n2-c2nc(C#N)c(C#N)c(-c3cnc(C#N)c(C#N)c3)n2)cc1C#N,30.49
N#CCc1ncc(-c2nc(-c3cnc(C#N)c(C#N)c3)nc(-c3cc(F)c(F)c(C#N)c3F)n2)cc1C#N,18.04
Cn1c(C2CCC2)nc(-c2ccc(-c3cc(C#N)nc(F)n3)cc2)c1-c1ccc(C#N)cc1,24.12
N#Cc1ccc(-c2ncc(-c3ccc(-c4nc(C(F)(F)F)ncc4-c4cnc(N)c(C#N)n4)cc3)o2)cc1C#N,19.57
Cc1cc(-c2cc(C#N)nc(OCC(=O)O)n2)ccc1-c1nc(-c2ccc(-c3cccc(C#N)n3)nc2)nc(-c2ccc(C#N)c(C#N)c2)n1,30.16
N#Cc1ccc(-c2cc(C#N)c(C#N)c(C#N)n2)nc1-c1cnccn1,14.79
CC(C)Oc1ncc(-c2nc(-c3cccc(C#N)n3)nc(N3CCC4(CC3)CC(F)C4)n2)cc1C#N,18.17
N#Cc1nc(-c2cnc(-c3nnc(C#N)o3)c(C#N)c2)cc(-c2ncc(-c3ccc(C#N)c(F)c3)c(C#N)c2F)n1,19.79
CC(C)(C)OC(=O)NCc1ncc(-c2nc(-c3cnc(-c4cnc(C#N)nc4)c(C#N)c3)n(CCC#N)n2)cc1C#N,33.24
COCC(C#N)Nc1nc(-c2ccc(C#N)cn2)nc(-c2cc(C#N)c(C#N)c(F)n2)n1,15.34
N#Cc1ccc(-c2nc(-c3ccc(C#N)cc3)c(-c3cc(-c4ccc(-c5ccc(C(F)(F)F)cc5C(F)(F)F)nc4)[nH]c(=O)c3C#N)c(-c3ccc(C#N)cc3)n2)cc1,29.36
Cn1cnnc1-c1cc(-c2cc(-c3ccc(-c4ccc(C#N)cc4)nc3)c[nH]c2=N)nc(C(=O)Nc2ccc(C#N)c(C#N)c2)n1,31.27
N#Cc1cc(C=Cn2c(C#N)cnc2C#N)on1,22.0
CNc1c(C#N)nc(-c2cccc(-c3nnc(N(C)C)c(C#N)n3)c2)n1-c1ccc(-c2cccc(C#N)n2)cc1,21.08
Cn1c(-c2cc(-c3nc(C#N)c(N)c4ccc(C(C#N)c5nc6ccccc6[nH]5)nc34)ccc2C#N)nc(C#N)c1N,36.16
N#Cc1ccc(-c2ccc(-c3ccc(Cc4cccnc4)c(C#N)n3)cc2)nc1,24.04
N#Cc1ncc(-c2nc(-c3cnc(C#N)c(C#N)c3)nc(N3CCc4nc(C5CC5)ncc4C3)n2)cn1,15.96
N#Cc1cc(-c2nc(-c3cnc(N4CCC4C#N)c(C#N)c3)nc(N3CC4CCC(C3)O4)n2)cnc1C#N,21.62
Cc1cc(C)[nH]c(=Nc2cc(N=CN3CCN(C=O)CC3)nc(N=CN3CCN(C=O)CC3)n2)n1,14.49
N#Cc1cc(N=c2ccc(C(F)(F)F)c[nH]2)cc(-c2cnc(-c3ccc(OC4CCOC4)c(C#N)c3)c(C#N)c2)c1,29.11
N#Cc1cnn(-c2ccc(-c3nc(C(N)=O)c(-c4cc(F)c(-c5nsc(C#N)n5)cc4C#N)o3)cn2)c1,28.11
N#Cc1cc(-c2nc(-c3ccc(Cl)c(C#N)n3)nc(N3CC(F)C3)n2)cnc1C#N,19.04
Cn1nc(C#N)nc1-c1cc(-c2ccc(C#N)c(C#N)c2)nc(-c2ccc(C#N)cc2)n1,14.44
CC1(c2ncc(-c3cc(-c4ccc(-c5cccc(C#N)n5)nc4)nc(C#N)n3)cc2C#N)OC(C#N)OCC1(F)F,17.38
N#Cc1ccc(-c2ccc(-c3cc(C#N)nn3-c3cc(-c4cnc(-c5ccc(C#N)c(F)c5)c(F)c4)cc(-n4nccc4C#N)c3)cc2)cc1,21.92
N#Cc1ccc(-c2ccc3c(n2)C(=O)c2cc(Nc4ccc5c(c4)C(=O)c4cc(N)ccc4C5=O)ccc2C3=O)cn1,23.58
N#Cc1ccc(-c2cc(-c3cc(-c4cnc(C#N)c(C#N)n4)cc(-c4cc(C(F)(F)F)ccc4C#N)c3C#N)ccc2F)nc1,30.86
Cn1c(C#N)ccc1-c1ccc(-c2c(C#N)c(C#N)c(-c3ccc(Cl)cc3Cl)n2-c2ccc(C#N)cc2C#N)cn1,25.01
N#Cc1ccc(-c2ccc(-c3ncc(-c4cnc(N)c(C#N)n4)c(-c4ccc(-c5ccc(C#N)cc5)cc4)n3)cc2)cc1,11.23
N#Cc1ccc(-c2ccc(-c3cnnc(-c4ccc(C#N)c(C#N)c4)n3)cc2)nc1,19.02
N#Cc1cc(C#N)n(-c2cc(-c3nc(-c4cc(C#N)c(C#N)c(C#N)n4)nc(N4CCCCC4c4ccc(F)c(F)c4)n3)nc(C#N)n2)n1,23.22
N#Cc1ccc(-c2[nH]c(-c3ccc(-c4cccc(C#N)c4)cn3)nc2-c2cccc(C#N)n2)cc1,14.61
N#Cc1ccc(-c2nc(-c3ccc(C#N)cc3)c(C#N)c(-c3ccc(-c4nnn(-c5ccc(-c6cccc(C#N)n6)c(C#N)c5)n4)cc3)n2)cc1,21.99
CN=c1ccc(C#Cc2c(C#N)ccnc2-c2ccnc(-c3cnc(-c4ccc(C#N)c(F)c4)c(C#N)c3)c2)c[nH]1,23.04
CC(C)(c1ncc(-c2nc(-c3nc(C#N)ccc3C#N)nc(N3CC4CC3CO4)n2)cc1C#N)C(F)(F)F,15.78
N#Cc1ccc(-c2ccc(-c3nc(-c4ccc(-n5nc(C(F)(F)F)cc5C#N)cc4)sc3C#N)cc2C#N)cc1F,19.03
N#Cc1ccc(-c2cc(Cl)c(-c3cc(-n4cccc4C#N)nc(-c4ccc(-c5cnc(C#N)c(C#N)c5)nc4)n3)cn2)[nH]1,26.86
N#Cc1ccc(-c2cccc(-c3nc(-c4cncc(C#N)n4)cs3)c2)cc1,17.26
N#Cc1ncc(-c2cc(N3CC4(COC4)C3)nc(-c3cc(C#N)c(C#N)c(N)n3)n2)cn1,15.6
N#Cc1ccc(-c2nc(C#N)c(C#N)nc2-c2ccc(-c3cc(-c4nncc(C#N)n4)nc(C#N)n3)cc2)cc1,16.39
Cn1nccc1-c1cccc2nc(-c3cc(C#N)c(-c4csc(C#N)c4)cc3F)cc(C#N)c12,32.07
Cn1c(-c2ccc(-c3ccc(C#N)cc3)cc2)nc(-c2cccc(C#N)c2)c1C(=O)NN=Cc1ccc(-c2ccc(C#N)cc2)nc1C#N,26.05
N#Cc1ccc(-c2ccc(-c3ccc(Cc4n[nH]c(Cn5ccc(-c6ccc(-c7ccc(C#N)nc7)c(C#N)c6)cc5=O)n4)cc3)cn2)cc1,39.57
N#Cc1ccc(-c2cc(-c3cc(C#N)cc(-c4ncnc(-c5cc(C#N)c(C#N)[nH]5)n4)c3)ccc2C#N)cc1,19.39
CN=c1nc(-c2cc(NS(=O)(=O)c3ccccc3Br)cnc2Oc2ccc(F)c(F)c2)cc(C#N)[nH]1,34.27
N#Cc1ccc(C#N)c(-c2ncc(-c3ccc(-c4nc(-c5cc(Cl)c(OC(=O)CO)c(C#N)c5)no4)c(F)c3)cc2C#N)c1,27.8
N#Cc1ccc(-c2ccc(-c3ccc(-c4nc(C#N)c(-c5ccnc(C#N)n5)cc4-c4ccc(C#N)cc4)cc3)cc2C#N)cc1,23.61
N#Cc1ccc(-c2ccc(-c3cc(-c4ccc(-n5nc(C(N)=O)cc5C#N)c(F)c4F)nc(-c4ccc(Cl)c(C#N)c4)n3)s2)cc1,27.54
N#Cc1cccc(CN2C(=O)c3cc(C#N)ccc3Sc3ccc(C(=O)N4CCOCC4)cc32)c1,25.83
N#Cc1c[nH]c(-n2ccc3cnc(-c4ccc(C#N)c(C#N)c4)cc32)n1,23.31
N#Cc1cc(-c2nc(-c3cc(C#N)c(C#N)c(NC(=O)C4CC4)n3)nc(N3CC4CC3C4)n2)cnc1OC(F)F,22.74
N#CCn1ncc(-c2cc(-c3ccc(-c4ccc(C#N)cc4)cc3)nc(-c3ccc(C#N)cc3)n2)c1-c1ccc(C#N)cc1,14.01
CC(C)Oc1ncc(-c2nc(-c3ccnnc3)nc(N3CC4CC3CO4)n2)cc1C#N,15.12
C=C(C)Cn1cc(-c2ccc(-c3cc(C#N)c(-c4cnc(C#N)o4)nc3C(C)C)cc2)nc(C#N)c1=O,24.21
CS(=O)(=O)N1CCN(c2nc(-c3cccc(C#N)n3)nc(-c3cnc(C(=O)NC(CF)CF)c(C#N)c3)c2C#N)CC1,27.43
N#Cc1ccc(C#Cc2nc(-c3ccc(C#N)nc3)nc(-c3ccc(C(F)(F)F)c(C#N)c3)n2)cc1,20.64
Cc1ccc(-c2ncc(C#N)n2C)cc1-c1nc(-c2cnc(C#N)c(C#N)c2)nc(N2CCC2)n1,19.11
N#Cc1ccc(-c2ccnc(-c3cnc(-c4ccc(C#N)c(F)c4)c(C#N)c3)c2)cc1,15.68
N#Cc1cc(-c2cc(C#N)nc(C#N)n2)cc(-c2cnc(-c3cncc(C#N)n3)c(C#N)c2)n1,16.06
Nc1ccc2c(c1)C(=O)c1cc(Nc3cc(O)c(N=Cc4ccc(-c5ccc(C=CC(=O)O)c(C(=O)O)c5)cc4)cn3)ccc1C2=O,31.52
N#Cc1cccc(-c2nc(C#Cc3nccs3)nc(-c3cc(C#N)nc(C#N)n3)n2)n1,23.45
N#Cc1cccc(-c2n[nH]c3cccc(-c4ccc(-c5ccc(C#N)c(C#N)c5)cc4)c23)n1,20.84
N#Cc1ccc(-c2cc(-c3ccc(C#N)cc3)cc(-c3cn(-c4ccc(C#N)cc4)nn3)c2)cc1,14.16
N#Cc1ccc(-c2ccc(-c3nn(-c4cc(-c5ccc(C#N)nc5)nc(-c5sc(-c6cnc(C#N)c(C#N)c6)cc5C(F)(F)F)c4C#N)cc3C#N)cc2)cc1,24.73
C#CCSc1nc(-c2cccc(C#N)c2)nc(OCCCCCCCCCC#N)c1C#N,36.34
CC(Cc1ccc(-c2ccc(C#N)c(C#N)c2)nc1)Nc1cc(-c2ccc(C#N)cn2)nc(-c2cc(C#N)c(C#N)c(C#N)n2)n1,19.44
N#Cc1nc(-c2cnc(-c3cc(F)c(C#N)cn3)c(C#N)c2)cc(-c2ncc(C(=O)N3CCC(N4CCCCC4)CC3)cc2C#N)n1,30.97
CC(=O)NCCCOc1ccc(CN2CCN(C(=S)Nc3cccc(C#N)c3)CC2)cc1Br,35.16
N#Cc1ccc(-c2ccc(-c3csc(=NN=c4scc(-c5ccc(Cl)cc5Cl)n4-c4ccc(Cl)c(Cl)c4)[nH]3)cn2)cc1F,32.97
CC(C)(CN)c1nc(-c2ccc(C#N)c(F)c2)c(C#N)cc1-c1cc(-c2nccc(C#N)n2)nc(-c2ccc(C#N)cc2)n1,30.2
COCC(C)c1nc(-c2cnc(-c3cc(C#N)n[nH]3)c(C#N)c2)c(-c2ccc(N)c(C#N)n2)n1CCF,34.35
N#Cc1cccc(-c2nc(-c3cc(F)c(C(N)=O)c(C#N)c3)nc(N3CCOCC3)n2)n1,15.47
C=CC1=C(C(=O)N2CCN(c3ncc4cc(Cl)c(C#N)c(Cl)c4n3)CC2)COC1,36.05
Cn1c(-c2ccc(-n3nc(C#N)cc3-c3ccc(-c4ccc(C#N)cc4)cc3)cc2)cc(C#N)c1C#N,15.84
N#Cc1ccc(-c2cccc(-c3ccc(-c4cc(C#N)c(C#N)c(C#N)c4)nc3)c2)cn1,21.01
N#Cc1ccc(-c2ccc(-c3cc(C#N)nn3-c3ccnc(-c4cc(C#N)c(-c5ccc(C#N)cc5)cn4)n3)cn2)cc1,19.32
Cc1nc(C#N)c(C#N)nc1-c1cccc(-n2cnc(C#N)c2-c2ccc(-c3ccc(C#N)cc3)cn2)n1,20.69
Cn1c(C#N)ccc1-c1cc(-c2cnc(-c3ccc(F)c(C#N)c3)c(C#N)c2)nc(C#N)n1,15.12
N#CCOc1c(C#N)cc(F)c(-c2cc(C#N)c(C#N)nc2-n2nc(C#N)cc2C#N)c1F,21.81
N#Cc1ccc(-c2cnc(-c3ccc(-c4ccc(N)c(C#N)n4)cc3)cc2-c2ccc(C#N)cc2)cc1,18.78
N#Cc1cccc(-c2nc(-c3cnc(Cl)c(C#N)c3)nc(-c3cnc(C#N)c(C#N)c3)n2)n1,18.09
N#Cc1cc(C#N)cc(Oc2cc(-c3cnc(-c4ccc(Cl)cc4)c(C#N)c3)ncn2)c1,21.86
CC(C)n1c(-c2ccc(-c3ccc(-c4cccc(C#N)n4)cn3)cc2)nc(C#N)c1NC1CCNCC1,24.27
Cn1nc(-c2cncc(-c3ccc(-c4nc(C#N)n[nH]4)nc3)c2F)nc1-c1ccc(-c2ccc(C#N)c(Cl)c2)nc1,31.08
N#Cc1ccc(-c2ncc(-c3ccc(Nc4ccc5c(c4)C(=O)c4ccc(C#N)cc4CC5)c(C#N)n3)cc2C#N)cc1,19.97
CN(c1ncc(-c2nc(-c3cnc(C#N)c(C#N)c3)nc(N3CC4CC3C4)n2)cc1C#N)C1CCOC1,17.35
N#CCc1ncc(-c2ncc(C#N)c(-c3cc(F)c(-c4ccc(C#N)cc4)c(C#N)c3)n2)cc1C#N,20.55
COCCN=c1nc(-c2ncc(C#N)c(Nc3ccc(-n4cnc(C)c4)c(OC)c3)n2)cc(-c2nc(C#N)c(N)c(C#N)n2)[nH]1,31.5
CCn1cc(C(=O)O)c(=O)c2cc(F)c(-n3nc(C#N)cc3C#N)c(F)c21,18.85
Cn1nc(C#N)nc1-c1cnc(-c2ccc(C#N)nc2)c(C#N)c1,10.09
N#Cc1cc(-c2nnc(N)c(C#N)n2)ccc1-c1nc(C#N)c(C#N)nc1-c1ccc(Cl)cc1,10.99
N#Cc1ccc(-c2ncc(-c3ccc(CNc4cc(-n5c(C#N)cnc5C#N)cc(C#N)n4)cc3C#N)cc2C#N)cc1,23.21
N#Cc1ccc(-c2ccc(-c3ccc(-c4cn5c([n+]4-c4cc(Cl)cc(Cl)c4)SCCC5)cc3)cc2)cc1,26.58
N#Cc1nc(-c2cnc(-c3csc(C#N)c3)c(C#N)c2)cc(-c2cnc(N)c(C#N)n2)n1,16.76
N#Cc1ccc(-c2ccc(-c3cc(C#Cc4cccc(-c5ccc(-c6cc(F)c(F)c(F)c6F)c(C#N)c5)c4)nc(-c4ccc(-c5ccc(C#N)cc5)nc4)n3)cc2)cc1,21.19
C=CCc1c2c(c(O)c3c1OC(c1ccc(O)cc1OC)C(C)C3)C=CC(C)(C)O2,38.54
COC(=O)CSc1nc(Cl)nc(-c2ccc(-c3cc(-c4ccc(-c5ccc(C#N)cc5)c(C#N)c4)on3)cc2)n1,26.62
CCOc1nc(-c2ccccn2)cc(-c2ccc(C#N)cc2C#N)c1C#N,18.3
N#Cc1ccc(-c2cccc(-c3nccc(C=Cc4cccc(C#N)c4)n3)c2F)cc1,20.02
N#Cc1ccc(-n2nc(-c3ccc(-c4ccc(C#N)c(C#N)c4)c(N4CCN(Cc5cc(-c6cccc(C#N)n6)ccc5C#N)CC4)c3)cc2-c2ccc(C#N)c(C#N)c2)cc1,30.36
N#Cc1cc(-c2nc(-c3c[nH]c(=N)nc3Cl)nc(N3CCC(C#N)CC3)n2)cnc1C#N,19.24
N#CCOc1ccc(-c2nc(-c3cnc(C#N)c(C#N)c3)nc(N3CC4CC4C3)n2)cc1C#N,19.45
N#Cc1ccc(C#Cc2cccc(-c3[nH]c(-c4ccc(-c5ccc(C#N)cc5)cn4)nc3-c3ccc(-c4cncc(C#N)c4)nc3)c2)cc1,25.56
CC(C)(C#N)c1sc(-c2cc(-c3cccc(-c4ccc(C#N)cc4)c3)nc(-c3ccc(C#N)cc3)n2)cc1C#N,25.71
N#Cc1ccc(-c2ccc(-c3cc(-c4cc(-c5cccc(C#N)n5)nc(-c5ccc(-c6ccc(C#N)cc6)cc5)n4)nc(-c4ccc(-c5ccc(C#N)cc5)cc4)n3)cc2)cc1,12.11
Cn1c(=O)ccn(C2CCCN(C(=O)c3cnc4c(-c5ccc(-c6cnc(C#N)c(C#N)n6)cc5)cccc4c3)CC2)c1=O,35.76
N#Cc1ccc(-c2ccc(-c3nc(-c4ccc(C#N)cc4)nc(-c4cc(-c5ncccn5)nc(C#N)n4)n3)cc2)cc1,12.42
CCN(CCO)Cc1c2c(nn1C)CCN(c1nc(-c3cc(F)c(C#N)c(C#N)c3)nc(-c3cn(C)c(C#N)n3)n1)C2,31.35
N#Cc1ccc(-c2cnc(F)c(-c3cnc(N4CCN(C5COC5)CC4)c(C#N)c3)n2)cn1,27.08
N#Cc1cc(-c2nc(-c3cc(C#N)c(C#N)[nH]3)nc(C3CCOCC3)n2)cnc1N1CC(F)(F)C1,14.97
N#Cc1ccc(-c2ccc(-c3cc(-c4ccc(C5CCC(CC(=O)O)CC5)c(C#N)c4)nc(-c4ccc(-c5ccc(C#N)cc5)cc4)n3)cc2)cc1,16.2
N#Cc1ccc(-c2ccc(-c3nc(-c4ccc(C=Nc5cc(C#N)c(C#N)[nH]5)cc4)cc(-c4nc(C#N)nnc4NCc4c(F)cnc(F)c4F)n3)cc2)cc1,43.67
N#Cc1ccc(-c2ccc(-c3nc(-c4ccc(C#N)c(C#N)c4)cc(=O)n3-c3cccc(C#N)n3)cn2)cn1,21.96
N#Cc1ccc(-c2cc(-c3cc(-c4ccc(-c5ccc(C#N)c(C#N)c5)nc4)on3)cc(-c3cnc(N)c(C#N)n3)n2)cn1,24.31
N#Cc1ccc(-c2cc(-c3ccc(C#N)cc3)nc(-c3cc(-c4ccc(N)c(C#N)n4)nc(C#N)n3)c2)cc1,16.75
C#Cn1cc(-c2ccc(-c3ccc(C#N)cn3)nc2)c(C#N)c(-c2ccc(-c3ccc(C#N)cc3)cc2)c1=O,27.28
N#Cc1ccc(-c2ncc(-c3cc(-n4nccc4C#N)nc(-c4ccc(-c5cccc(C#N)c5)cc4)n3)c(C#N)n2)cc1,15.65
N#Cc1ccccc1-c1cccc(-c2ccc(-c3[nH]c4ccncc4c(=O)c3C#N)cc2)c1,22.08
Cc1cc(C#N)n(-c2cc(-c3cc(C#N)c(-c4nc(C(F)(F)F)no4)cn3)nc(C#N)n2)n1,20.68
CC(C)Oc1ncc(-c2nc(-c3cc(C#N)cc(C#N)n3)nc(N3CC4CC3CO4)n2)cc1C#N,10.6
N#Cc1ccc(-c2ccc(Cc3nnc(=O)n(Cc4ccc(-c5ccc(C#N)cc5)nc4)n3)cc2)cc1,20.15
Cc1nsc(=O)n1CC(=O)c1ccc(C#N)cc1,20.95
N#Cc1ccc(-c2c(NC(=O)CC(Cl)Cl)cc3cc(C#N)c(-c4ccc(C#N)cn4)cc3c2C#N)cc1,39.65
CC1C=C(c2nc(-c3ccc(C#N)cn3)c(C#N)cc2-c2ccc(C#N)cn2)C(N=c2cc[nH]c(C(F)(F)F)c2C#N)C(=O)N1,53.0
N#CCCn1c(-c2ccc(-c3ccc(C#N)cn3)cc2)nc(-c2ccc(Cl)c(Cl)c2)c1C=CC(=O)O,16.92
N#Cc1cc(-c2ccc(NC(=O)CN3CCC3)cc2)cc(-c2cnc(C#N)c(C#N)c2)n1,21.58
N#Cc1nc(-c2cncc(-c3ccc(C#N)c(C#N)c3)c2F)n(-c2ccc(C#N)c(-c3ccc(F)c(F)c3F)c2)n1,26.82
CN(Cc1ccc(-c2cccc(C#N)c2)cc1)c1nc(Sc2[nH]c(=N)c(C#N)c(-c3ccc(C#N)cc3)c2C#N)cc(-c2ccc(-c3ccc(C#N)nc3)cc2)n1,31.96
CC(CF)(CF)n1c(-c2cnc(-c3ccc(F)c(F)c3)c(C#N)c2)nc2cc(-c3cnc(C#N)c(F)c3)ncc21,25.73
N#Cc1ccc(-c2ccc(-c3ccc4c(C#CCCCCO)c[nH]c4c3)cc2C#N)cc1,29.92
COc1cc(-c2ccc3c(c2)CCc2ccc(Nc4ccc(C#N)cc4)cc2C3=O)cc(F)n1,17.96
CCOc1cc(C#N)n(-c2cc(-c3ccc(C#N)c(F)c3)nc(-c3nc(C#N)ccc3C#N)n2)n1,20.75
Cc1ncc(-c2nc(CCC#N)nc(-c3cccc(C#N)n3)n2)cc1C#N,11.69
N#Cc1ncc(C#N)c(-c2cccc(-n3nc(C#N)c(-c4ccc(-c5ccc(-c6ccc(-c7ccnc(Cl)n7)cc6)c(-c6ccc(F)c(C#N)c6)n5)cc4)n3)c2)n1,27.98
N#Cc1nccc(-c2cc(-c3nc(C#N)nc(C#N)n3)nc(N3CC4CC3CO4)n2)n1,24.8
CC(C)Oc1ncc(-c2nc(-c3cccc(C#N)n3)nc(N3CCC(O)C3)n2)cc1C#N,11.59
CC(C)c1nc(-c2ccc(C#N)c(C#N)c2)c(C#N)cc1-c1ccc(-c2c[nH]c(=N)c(C#N)n2)cc1,12.72
N#Cc1cc(-c2cc(-n3nccc3C#N)nc(-c3ccc(-c4ccc(C=NO)c(C#N)c4)s3)n2)cc(-c2ccsc2C#N)c1,35.39
CC(C)(OCn1nc(C#N)cc1C#N)c1cc(C#N)c(-c2cnc(-c3ccc(C#N)c(F)c3)c(C#N)c2)cc1C#N,19.63
CC(C)Oc1ncc(-c2nc(-c3cccc(C#N)n3)cc(N3CCOCC3CCO)n2)cc1C#N,14.43
CC(=NNC(=O)c1cnn(-c2ccc(C#N)c(C(F)(F)F)c2)c1-c1ccc(C#N)cc1)c1ccc(-n2cnc(C)c2)cc1O,32.74
Cn1ccc(C#N)c1-c1cc(C#N)cc(-c2ccc(-c3cnc(NC(N)=S)c(C#N)n3)cc2)c1,24.27
CC(C)Oc1ncc(-c2nc(-c3ccc(-c4ccco4)c(C#N)c3)nn2C2CC2)cc1C#N,20.08
N#Cc1ccc(-c2cc(-c3cc(-c4ccc(-c5cccc(C#N)n5)cc4)nc(-c4cccc(C#N)n4)c3)ccn2)cc1,21.73
N#Cc1ccc(-c2ccc(Nc3nc(Oc4cc(-c5ccc(C#N)nc5)[nH]c(=N)n4)nc(-c4ccc(-c5ccc(C#N)cc5)nc4)n3)cc2)cc1,31.11
N#Cc1cc(-c2nc(-c3cc(F)c(C#N)c(C#N)c3)nc(N3CCC(c4nc(-c5ccc(F)c(F)c5)cs4)CC3)n2)ccc1C(F)(F)F,22.78
COc1nc(C2c3nc(C#N)c(C#N)cc3CCN2C(=O)CN2CCNCC2)ccc1C#N,38.43
N#Cc1ccc(-c2cccc(-c3cc(C#N)nc(C#N)n3)c2)cc1,16.02
Cn1ncc(-c2nc(-c3cc(C#N)c(-c4ccc(C#N)cc4)cn3)nc(-c3cccc(C#N)n3)n2)c1-c1cnc(C#N)c(C#N)n1,23.8
N#Cc1ccc(N=Cc2c(O)c3cc(OC(=O)c4ccc(C#N)c(C#N)c4)ccc3oc2=O)cc1,33.88
COc1ccc(C#N)cc1-c1ccc(-c2nc(C#N)nc(C(F)(F)F)n2)c(C#N)c1,19.85
N#Cc1cc(-c2ccc(-c3ccc(C(C#N)(C#N)C#N)c(-c4nnnn4-c4ccc(-c5cccc(C#N)n5)cc4)c3O)cn2)ccn1,33.75
N#Cc1ccc(-c2cc(-c3ccc(C#N)cn3)cc(-c3ccc(-c4nc(C#N)c(N)s4)s3)c2)cc1,16.04
Cc1ccc(-c2ccc(-n3nc(C#N)nc3-c3cc(-c4ccc(C#N)cc4)nc(-c4ccc(-c5ccc(C#N)cc5)o4)n3)cc2)o1,23.98
N#Cc1ccc(-c2nc(C#N)cc(-c3nc(-c4ccc(-n5cccc5C#N)cn4)nn3C#N)c2C#N)cn1,27.31
N#Cc1ccc(-c2cc(-c3ccc(C#N)cc3)nc(-c3cc(-c4cccc(C#N)n4)nc(-c4ccc(C#N)cc4)n3)c2)cc1,13.18
N#Cc1ccc(-c2ccc(-c3nc(-c4ccc(-c5nc(-c6ccc(C#N)cc6)co5)cc4)c(-c4ccc(F)cc4)n3CC(O)CC(O)CO)cc2)cc1,20.1
N#Cc1cc(-c2cnc(C#N)c(C#N)n2)cnc1-c1cnc(N)c(C#N)n1,22.83
Cc1nc(C#N)c(C#N)nc1-c1nc(-c2cccc(C#N)n2)nc(-c2cc(C#N)c(C)c(C#N)n2)n1,15.8
N#Cc1ccc(-c2ccc(-c3cc(-c4nc(-c5cccc(-c6ccc(C#N)cc6)n5)cs4)nc(-c4ccc(C#N)cc4)n3)cn2)cc1,19.01
Cc1ncn(-c2cncc(CC(C)Nc3cc(-c4ccc(F)c(F)c4)nc(-c4cnc(CC#N)c(C#N)c4)n3)c2)n1,31.58
N#Cc1ccc(-c2cc(-c3ccc(-c4ncc(N)c(C#N)n4)cc3)nc(-c3cnccn3)c2)cc1,14.15
N#Cc1ccc(-c2ccc(-c3cc(C#N)n(-c4cc(F)c(-c5ccc(C#N)cc5)c(C#N)c4)c3C#N)nc2)cc1,17.02
N#Cc1ccnn1-n1c(O)c2c(c1O)C1C=CC2C1,17.79
CCOc1ncc(-c2nc(-c3cnc(CC#N)c(C#N)c3)nc(N3CCOCC3C)n2)cn1,20.66
CCc1cnc(-c2cc(-c3nc(-c4cc(C#N)ccc4F)no3)nc(-c3ccc(C#N)cc3)n2)cc1C#N,35.72
N#Cc1cc(-n2nc(C(N)=O)cc2C#N)cc(-c2ccc(-c3nnco3)c(C#N)c2)n1,12.94
N#Cc1cc(-c2ccc(-c3cnc(C#N)c(C#N)c3)cc2)nc(C#N)n1,14.26
N#Cc1ccc(-c2cc(C#N)c(=N)[nH]n2)cc1-c1ccc(-c2ccc(N)c(C#N)n2)nc1,13.46
N#Cc1c[nH]c(C(=O)Nc2cc(-c3ccnc(-c4cc(Br)nc(C#N)n4)n3)nc(-c3cnc(C#N)c(C#N)c3)n2)n1,22.51
N#Cc1cc(-c2nc(-c3c(F)ccc(-c4cnc(C#N)c(F)c4)c3F)nc(N3CCC(C#N)CC3)n2)cnc1C#N,22.27
N#Cc1ccc(-c2cc(-c3nc(-c4ccc(-c5cc(C#N)c(C#N)s5)c(C#N)c4)nc(N4CCOCC4)n3)ccn2)cc1,30.01
CC(C)(C#N)c1ccnc(N=c2nc(-c3ccc(NC(=O)C#Cc4ccccc4)c(C#N)c3)cc[nH]2)c1,27.3
Cc1nc(-c2cc(C#N)nc(NC(=O)c3cc(C#N)cnc3C#N)c2)cc(=Nc2nc(C)c(C#N)cc2C)[nH]1,46.53
CC1(O)CCN(c2ncc(-c3nsc(-c4ccc(-c5cc(C#N)c(-c6ccc(C#N)cc6)nc5C(N)=O)cc4)n3)cc2C#N)CC1,26.95
N#Cc1cc(-c2cc(-c3cccnc3)nc(-c3cc(C#N)c(C#N)c(C#N)c3)n2)cnc1C#N,16.76
CCn1nc(C#N)nc1-c1cnc(-c2ccc(F)c(C#N)c2)c(C#N)c1,12.99
N#Cc1ccc(-c2ccc(-c3nc(-c4cccc(C#N)n4)cc(-c4cc(-c5ccc(C#N)cc5)nc(-c5ccc(C#N)cc5)n4)n3)cn2)cc1,13.76
N#Cc1ccc(-c2cc(-c3ccc(-c4nc(Cl)nc(Cl)n4)cc3)cc(-c3nc(-c4c(F)c(F)c(C#N)c(F)c4F)nc(C(F)(F)F)n3)c2)cc1,13.24
N#Cc1cc(-c2ccccc2C#N)cc(-c2cc(C#N)nc3oc(C(=O)Nc4ccc(C#N)nc4C#N)cc23)c1,30.56
N#Cc1ccncc1C=Cc1cnc(-c2cnc(C#N)c(C#N)c2)c(C#N)c1,27.63
N#Cc1ccc(-c2nc(-c3ccc(C#N)cc3)c(C#N)c(-c3nc(Cl)nc(Cl)n3)n2)cc1,14.21
N#Cc1nc(-c2ccc(N3CCN(Cc4ccccn4)CC3)c(C#N)c2)c2cc(C#N)n(CCC3CC3)c2n1,32.79
CC(=O)N1CCc2c(-c3ccc(-c4ccc(C#N)c(F)c4)c(C#N)c3)nc(=O)n(-c3ccc4c(c3)CCN4C=O)c2C1,36.36
N#CC=Cc1ccnc(-c2cc(C#N)nc(-c3ccc(-c4cccc(C#N)n4)cc3)c3[nH]cc2-3)n1,24.0
N#CC=c1ccc(=C(C#N)C#N)cn1,9.99
N#Cc1ccc(-n2[nH]c(C#N)nc2=Nc2ccccc2-c2ccc(-c3ccc(F)c(C#N)c3)cc2)cc1,25.68
N#Cc1ccc(-c2nc(C#N)[nH]c2-c2cccc(-c3ccc(C#N)cn3)c2F)cc1,16.65
Cc1nc(-n2[nH]c(-c3cc(C#N)nc(C#N)c3)cc2=NC(=O)c2ccc(-c3cncc(C#N)c3)nc2)ccc1C#N,34.02
Cc1cc(C)n(-c2nc(-c3cc(-c4ccc(C#N)cc4)cc(-c4ccc(-c5ccc(C#N)c(C#N)c5)cc4)c3)c(C#N)c(=O)n2C)n1,23.1
N#Cc1cncc(-c2ncc(-c3cncc(-c4cc(C#N)nc(C#N)n4)c3)cc2C#N)n1,13.61
N#Cc1ccc(-c2nc(C#Cc3ccc(-c4ccccc4)cc3)n(-c3ccc(-c4cnc(C#N)c(C#N)c4)cn3)n2)cc1C#N,23.72
Cn1nc(-c2ccc(-c3ccc(C#N)cc3)cc2)nc1-c1cc(C#N)c(C#N)c(SCCC#N)n1,20.35
N#Cc1ccc(Sc2[nH]c(=N)c(C#N)c(-c3ccc(-c4ccc(C#N)cc4)cc3)c2C#N)cc1,10.57
CC(C#N)Oc1nc(-c2nc(-c3ccc(Br)nc3F)cc(N3CC4CC3CO4)n2)cc(C#N)c1C#N,22.06
CC1CCC(Cn2nc(C#N)nc2-c2cnc(-c3ncc(C#N)nc3F)c(C#N)c2)CC1,17.78
N#Cc1cc(-c2ccc(C#N)c(C#N)c2)cc(-c2nc(-c3ccc(C(N)=O)c(C#N)c3)nc(N3CCOCC3)n2)n1,15.42
N#CCOc1cc(F)ccc1-c1nc(N=Cc2cn(-c3ccccc3)nc2-c2ccc(C#N)cc2)nc(-c2ccc(-c3ccc(C#N)c(C#N)c3)cc2)c1C#N,30.1
N#Cc1ccc(-c2ccc(C#N)c(C#Cc3cscn3)n2)cc1,21.9
CC[n+]1ccccc1C(C)(C)[n+]1ccn(C)c1C=NO,34.98
N#Cc1ccc(-c2ccc(-c3cc(-c4ccc(-c5ccc(F)c(Cl)c5)cc4)nc(=NCC4CCC(C(N)=O)CC4)[nH]3)cc2)cc1,26.02
N#Cc1cc(-c2ccc(-n3c(C#N)cnc3-c3nc(C#N)c(C#N)c(-c4ccncc4)c3C#N)cc2C#N)nc(-c2ccc(-c3ccc(C#N)c(F)c3)c(C#N)c2)n1,30.45
N#Cc1ccc(-c2ncc(-c3nc(-c4cnc(C#N)c(C#N)c4)ns3)cc2C#N)cc1F,13.15
COC(C#N)C#Cc1cc(-c2ccc(C#N)c(-c3ccc(-c4ccc(C#N)cc4)cc3)c2)nc(-c2ccc(C#N)nc2)n1,31.8
N#CC(C#N)=c1ccc(=C2CCC(=O)NN2)cc1,18.99
N#Cc1ccc(-c2nc(-c3cc(-c4ccc(C#N)cc4)c(C#N)c(C#N)n3)cc(-c3cccnc3F)n2)cc1,19.25
N#Cc1ccc(-c2ccc3[nH]cc(C#N)c(=Nc4cnc(C#N)c(C#N)c4)c3c2)cc1C#N,16.3
N#Cc1cccc(Nc2c(C#N)nc(-c3ncc(-c4nc(C(F)(F)F)ncc4C#N)c(C#N)c3C#N)n2-c2ccc(-c3ccc(C#N)c(C#N)c3)cc2)c1,36.57
N#Cc1ccc(-c2cnc3c(c2)ncn3-c2cc(-c3ccc(-c4ccc(C#N)cc4)nc3)cc(-c3nccc(C#N)n3)c2)cc1,19.28
N#Cc1cc(-c2nc(C#N)nc(-n3c(C#N)ccc3C#N)c2F)nc(-c2ccc(-c3cnc(C#N)c(C#N)n3)c(F)c2)n1,19.12
N#Cc1cccc(-c2ccc(C=Cc3nc(-c4ccc(-c5cccc(C#N)n5)c(C#N)c4)nn3-c3ccc(C#N)cc3C#N)cn2)c1,20.73
N#Cc1cc(-c2ncc(NCCN)c(C#N)n2)sc1-c1ccco1,23.21
Cc1c(CNC(=O)Cc2ccccn2)cccc1-c1ccc(-c2cc(CC#N)nc(C#N)n2)c(C#N)c1,31.71
N#Cc1nc(-c2ccc(N=c3nc4c(C#N)c[nH]n4c4ccsc34)cc2)cc(-c2cc(F)c(Cl)cc2Cl)c1C#N,32.79
N#Cc1cccc(-c2nc(-c3ccc(C#N)c(C#N)c3)nc(N3CCc4nc(-c5ccsc5)nc(C#N)c4C3)n2)n1,20.09
N#Cc1cc(Cl)c(-c2nc(C(N)=O)c(N)c(-c3ccc(-c4cnc(-c5cc(C#N)c(C#N)[nH]5)nc4C#N)cc3)n2)cc1C#N,26.71
N#Cc1ccc(-c2cc(C#N)n(-c3nc(C#N)nc(-c4cc(C#N)c(C5COC5)[nH]4)n3)n2)cc1,16.06
N#Cc1ccc(-c2nc(-c3cnc(C#N)c(C#N)c3)nc(N3CC4CC3C4)n2)cn1,17.54
N#Cc1cnc(C#N)c(-c2cc(NC3CCC(N)CC3)nc(-c3cc(C#N)c(C#N)c(Cl)n3)n2)n1,17.47
N#Cc1ccc(-c2ncc(-c3nc(-c4cnc(C#N)nc4)nc(-c4ccc(-c5ccc(C#N)cn5)nc4)c3C#N)cc2C#N)cc1,18.45
N#Cc1ccc(-c2ccc(-c3ccc(-c4nc(N)c(NC5CCCNC5)c(C#N)n4)cc3)cc2C#N)cc1,15.4
N#Cc1ccc(-c2c(F)cc(-c3nc(C(F)(F)F)c(-c4cc(-n5cccc5C#N)cc(C#N)n4)cc3C#N)cc2C#N)cn1,23.21
N#Cc1ccc(-c2nc(-c3cc(C#N)c(C#N)c(Cl)n3)nc(N3CCOCC3)n2)cc1,14.44
CC(C)Oc1ncc(-c2nc(-c3cccc(C#N)n3)nc(N3CC4CC4C3)n2)cc1C#N,11.0
Cn1cc(-c2nc(CCC#N)nc(-c3cc(C#N)c(C#N)[nH]3)n2)c(C(F)(F)F)n1,16.14
Cn1nnc(-c2nc(C#N)ccc2-c2c(C#N)ncc(-c3ncc(C#N)n3C)c2F)n1,23.95
Cc1cc(C#N)n(-c2cnc(-c3nc(-c4cnc(OC(F)F)c(C#N)c4)nn3C3CCN(C=O)CC3)c(Cl)c2Cl)n1,26.23
N#Cc1ccccc1-c1ccc(-c2cc(C#N)c(-c3cnc(C#N)c(C#N)c3)nc2C(N)=O)nc1,16.41
COCCCc1ncc(-c2cncc(-n3nc(COC)cc3C#N)n2)cc1C#N,27.5
Cc1c(-c2ccc(-c3ccc(C#N)cn3)cc2)nc(-c2ccc(OC(C)C)c(C#N)c2)nc1N1CCCC(C)(O)C1,20.08
N#Cc1csc(-c2ccc(-c3cnc(C#N)c(C#N)c3)cc2F)n1,17.1
N#Cc1cc(-c2ccc(-c3ccc(C#N)c(C#N)c3)cc2C#N)nc(C#N)n1,15.7
CCC(C(N)=O)n1nc(C#N)nc1-c1cnc(-c2cncc(C#N)c2)c(C#N)c1,17.9
CC(=O)N1CCOCC1C(=O)Nc1c(F)cc(-c2nccc(-c3cnc(-c4ccc(C#N)s4)c(C#N)c3)n2)cc1C#N,27.07
N#Cc1ccc(-c2nc(-c3ccc(O)c(-c4nc(-c5ccc(C#N)nc5)c(C#N)c(=O)[nH]4)c3)[nH]c2-c2ccc(C#N)c(C#N)c2)cc1,24.39
N#Cc1ccc(-c2cccc(-c3n[nH]c(=Nc4ccc(C#N)c(C#N)n4)cc3C#N)c2)cn1,18.99
N#Cc1ccc(-c2ccc(-c3cc(-c4ccc(C#Cc5ccnc(-c6ccc(C#N)cc6)n5)cn4)nc(-c4ccc(-c5sc(-c6ccc(C#N)cc6)nc5C(=O)O)cc4)n3)cc2)cc1,30.08
N#Cc1ccc(-c2ccc3c(=Nc4cnc(C#N)c(C#N)c4)[nH]cnc3c2)cc1C#N,14.35
Cn1c(C2CN(c3ccc(-c4cc(C#N)c(C#N)c(C#N)n4)nc3-c3ccc(C#N)cc3)C2)nc2ccccc21,22.72
N#Cc1cc[nH]c(=Nc2nc(=Nc3ccc4[nH]nc(-c5ccc(-c6cccc(C#N)n6)cc5)c4c3)[nH]cc2F)c1,30.97
N#Cc1ccc(-c2nc(-c3ccc(C#N)cc3)nc(-c3ccc(OCc4nc(-c5ccc(Cl)cc5)c(C#N)cc4-c4coc(-c5ccc(C#N)cc5)n4)c(C#N)c3)n2)cc1,27.09
N#Cc1cc(-c2ncc(C#N)nc2-c2nc(-c3cc(C#N)c(C#N)c(C#N)n3)ccc2C#N)nc(C2CC2)n1,23.75
N#Cc1nc(CF)nc(-c2ccc(-c3ncccn3)cc2C#N)n1,18.87
Cc1ccc(-c2nc(-c3cccc(C#N)n3)nc(N3CCc4c(nn(C)c4C)C3)n2)cc1C#N,22.6
CC(C)Oc1ncc(-c2nc(-c3ncccn3)c(SCC#N)c(N3CCOCC3C)n2)cc1C#N,21.45
N#Cc1ccc(-c2ccc(-c3cc(C(F)(F)F)nc4c(-c5cncc(C#N)c5)cnn34)cn2)cc1,26.69
N#Cc1cccc(-c2cc(-c3ccc(-c4cncc(NC(N)=O)c4)cn3)cc(C#N)c2C#N)c1,23.81
CC(C)(O)c1ncc(-c2nc(-c3nc(C#N)ccc3C#N)nc(N3CC4CC3CO4)n2)cc1C#N,11.2
N#Cc1ccc(-c2cc(-c3ccc(-c4ccc(C#N)cc4)c(C#N)c3)cc(-c3ncc(-c4ccc(C#N)nc4)s3)n2)cc1,14.59
N#Cc1ccc(-c2cc(C#N)n(-c3cc(-c4cccc(C#N)c4)nc(C#N)n3)n2)cc1,14.18
N#Cc1ccc(CC(F)(F)COc2nc(-c3nc(-c4cnc(-c5ccc(C#N)nc5)nc4)c[nH]3)cc(C#N)c2C#N)cc1,19.21
Cn1cc(Cl)nc1-c1nc(-c2ccc(-c3cccc(C#N)c3)cc2)nc(-c2ccc(-c3nc(Cl)nc(Cl)n3)cc2)n1,27.08
N#Cc1ccc(-c2ccc(-c3[nH]c(-c4ccc(-c5cc(N6CCCNCC6)nc(Cl)n5)cc4)nc3-c3cccc(C#N)n3)cc2)cc1,24.12
Cc1nn2c(=O)cc(COC(=O)c3ccc(-c4ccc(-c5cccc(C#N)n5)nc4)cc3C#N)nc2s1,29.69
N#Cc1ccc(-c2cc(-c3nc(C#N)c(NCc4cccc(C#N)c4)nc3C#N)nc(-c3ccc(C#N)cc3)n2)cc1,20.13
N#Cc1ccc(-c2ccc(-c3cc(-c4ccc(-c5nc(C#N)c(N)cc5C#N)c(F)c4)nc(-c4cc(C#N)c(N)nn4)c3)cc2)s1,27.57
CC(C)N1Cc2c(N(CCO)CCO)nc3c(N(CCCn4ccnc4)Cc4c(C#N)c(-c5ccc(C#N)cc5)nc5ccccc45)ncnc3c2C1=O,53.63
N#CC(C#N)=Cc1ccc2c(c1)C(=O)c1cc(-c3cccc(C#N)n3)ccc1C2=O,22.58
N#Cc1ccc(-c2ccc(-c3ccc(-c4nc(-c5ccc(C#N)cc5)no4)c(-c4ccc(C#N)nc4)n3)c(-c3ccc(-c4ccc(C#N)cc4)c(C#N)c3)n2)cc1,24.21
CC(C)Oc1ncc(-c2nc(-c3nc(C#N)ccc3C#N)nc(N3CC(C#N)C3)n2)cc1C#N,10.18
N#Cc1ccc(-c2cccc(-c3cc(-c4ccnc(-c5ccc(C#N)c(C#N)c5)n4)nc(-c4ccc(-c5ccc(C#N)c(F)c5)cc4)c3C#N)c2)cc1,17.05
N#Cc1ccc(-c2cc(N3CCOCC3)nc(-c3cc(C#N)c(C#N)c(Cl)n3)n2)cc1,16.29
Cc1ccc(C#N)n1-c1cc(-c2ccc(C#N)nc2)cc(-c2nc3ccc(Cl)cc3s2)n1,31.37
Cc1nc(-c2ccc(C#N)cc2)nc(-c2c(-c3ccc(C#N)cc3)nc3cc(C#N)c(Cl)cc3c2C#N)n1,35.24
N#Cc1ccc(-n2nccc2C#N)cc1-c1nc(-c2cnc(C#N)c(C#N)c2)nc(N2CCOCC2CF)n1,13.62
N#Cc1ccc(-c2ccc(-c3nc(-c4cnc(C#N)c(C#N)c4)nc(N4CCOCC4)n3)c(C#N)c2)nn1,20.26
CNc1ccc(-c2ccc(-c3cc(-c4ccc(C#N)cc4)cc(-c4nc(-c5ccc(C#N)cc5)nc(-c5ccc(C#N)cc5)n4)n3)cn2)nc1C#N,18.06
N#Cc1ccc(-c2nc(=O)c3cn(-c4cc(C#N)c(C#N)cc4C#N)c(-c4ccc(C#N)cc4C#N)c3[nH]2)cc1,34.77
CCc1ccc(C#N)nc1-c1nc(-c2cnc(OC(C)C)c(C#N)c2)nc(N2CC3CC2C3)n1,12.51
N#Cc1ccc(-c2cc(-c3nc(Cl)nc(Cl)n3)nc(-c3ccc(C#N)cc3)n2)cc1,12.1
N#Cc1cc(-c2nc(-c3cnc(OC(CO)C(F)F)c(C#N)c3)nc(N3CC4(CC4)C3)n2)cc(-n2nccc2C#N)c1,25.75
N#Cc1cc(F)cc(C(=O)N2CCN(c3ccc(C#N)nc3)CC2)c1,23.16
N#Cc1ccc(-c2ccc(-c3c(C#N)c(C#N)nn3-c3ccc(-c4ccc(C#N)c(C#N)c4)cc3C#N)cc2)cc1,14.35
N#Cc1cnc(-c2nc(C#N)nc(-c3ccc(-c4cnc(Cl)c(C#N)n4)cn3)n2)c(Cl)c1,24.21
COc1ccc(C(=O)c2ncc3c(nc(-c4ccc(-c5ccc(C#N)cc5)cc4)n3CC(=O)N(C)C)c2O)cc1OC,34.6
COc1ccc(-c2ccc(-c3nc(C#N)cc(-n4cc(CNC(=O)CO)nc4-c4ccc(-c5ccc(C#N)cn5)cc4)c3C#N)cc2C#N)cc1C#N,39.81
Cc1ccc(C(=O)Nc2ccc3[nH]c(C#N)cc3c2)cc1-c1ccc(-c2nnco2)c(C#N)c1,26.18
Cc1ccc(NS(=O)(=O)c2ccc(F)c(Cl)c2)cc1-c1cc(Nc2ccc(C#N)cc2)c(=O)n(C)c1,20.89
Cn1nc(C#N)nc1-c1cnc(-c2cnccc2C#N)c(C#N)c1,11.7
Cc1nc2c(n1C)CN(c1nc(-c3ccc(-n4ccnc4)cc3)nc(-c3cc(C#N)c(C#N)c(Cl)n3)n1)CC2,31.41
N#Cc1ccc(-c2ccc(-c3nc(-c4cc(C#N)c(N)c(C#N)c4)no3)c(C#N)n2)nc1,19.67
N#Cc1ccc(-c2ccc(-c3nc(C#N)ncc3-c3cc(-c4ccc(-c5ccc(C#N)cc5Cl)cc4)nc(-c4ccc(C#N)cc4)n3)cc2)cc1,21.55
CC(N=c1nc(C#N)[nH]c(Nc2ccnc(C#N)n2)c1Br)c1ccc(C#N)cn1,29.42
CC(C)(O)c1nc(CC2CC2)c(-c2nc(-c3cccc(C#N)n3)nc(N3CCOCC3)n2)cc1C#N,16.86
N#Cc1ccc(-c2nc(-c3ccc(C#N)cc3)nc(-c3nc(C(F)(F)F)c(-c4ncc(-c5ccc(C#N)nc5)s4)cc3C#N)n2)cc1,17.92
N#CCSc1nc(-c2ccc(C#N)cc2)cc(-c2ccc(-c3cccnc3)cc2)c1C#N,16.94
COc1cc(C#N)ccc1-c1nc(N2CCOC(C)(C)C2)c2ccccc2n1,27.02
COCCN(C)C(=O)c1ccc(C(C)Oc2ncc(-c3nc(-c4nccc(C#N)n4)c(C)c(N4CCOCC4)n3)cc2C#N)cc1,24.92
Cc1ncc(C#N)n1Cc1cc(C#N)nc(-c2ccc(C#N)nc2)c1F,19.51
N#Cc1ccc(-c2cc(-c3cc(C#N)nc(-c4cnc(-c5ccc(C#N)c(F)c5)nc4)c3)cnc2F)cc1,20.23
N#Cc1ccc(-c2ccc(-c3cc(-c4cc(C#N)cc(-c5ccc(C#N)nc5)c4)cc(-c4ccc(C#N)cc4)n3)cc2)cc1,14.82
CC(Oc1ncc(-c2nc(-c3nc(C#N)cnc3C#N)nc(N3CC4CC3C4)n2)cc1C#N)C(F)(F)F,11.65
N#Cc1ccc(-c2ccc(-c3cncc(-c4ccc(C#N)c(-c5ccc(C#N)cc5)n4)c3)cc2)cc1,19.6
Cn1nc(C#N)nc1-c1cnc(-c2ccc(C#N)c(C#N)c2F)c(C#N)c1,13.15
N#Cc1ccc(-c2cc(-c3nccc(C#N)n3)cnc2-c2ccc(-c3ccc(C#N)nc3)cc2)cc1,15.64
CC(C)Oc1ncc(-c2nc(-c3nccc(C#N)n3)cn2C)cc1C#N,12.17
Cc1nc(-c2cc(-c3cnc(N(C)C)c(C#N)n3)cc(C#N)n2)n[nH]c1=NC(C#N)C(C)C,30.08
COc1ccccc1-c1nn(Cc2c(F)cccc2C#N)c(=O)cc1-c1ccc(-c2ccc(C#N)cc2)cc1,33.46
N#CCc1nc(C#N)c(C#N)nc1-c1ncc(-c2cccc(-c3ccc(CC(=O)NO)nc3)c2)cc1C#N,31.73
N#Cc1cccc(-c2cc(-c3ccccc3C#N)nc(-c3ccc(-c4ccc(C#N)c(C#N)c4)nc3)n2)n1,16.21
N#Cc1ccc(-c2ccc(C#Cc3cn(-c4ccc(C(=O)N5CCCC5)c(C#N)c4)c(-c4ccc(C#N)c(F)c4)n3)cn2)cc1F,29.39
CC(C)S(=O)(=O)NC1CCN(c2ccc(-c3cc(C#N)c(C#N)c(C#N)n3)nc2-c2ccncn2)C1,26.11
Cn1nc(-c2cccc(-c3ccc(C#N)c(-c4ccc(C#N)cc4)c3)c2)nc1-c1c(F)c(F)c(C#N)c(F)c1F,14.2
N#Cc1cnc(-c2cc(C#N)nc(C#N)n2)c(-c2cnc(C#N)c(C#N)c2)c1,14.1
Cn1nc(-c2ccc(-c3cc(Cl)c(C#N)cc3-c3ccncn3)cc2F)nc1-c1ccc(C#N)c(C#N)c1,29.18
CCC(=O)N(C)c1cc(-c2ccc(C#N)cc2)nc(-c2ccc(-c3ccc(C#N)cc3)cn2)n1,23.68
N#Cc1ccc(-c2cc(N3CC4CC3C4)nc(-c3cnc(-c4cccc(C#N)n4)c(C#N)c3)n2)cc1,18.99
CC1(Cn2cc(-c3ccc(-c4cnc(Cl)c(C#N)c4)nc3)c(C#N)n2)CCN(c2ccc(-c3ccccn3)cn2)C(=O)O1,44.47
N#Cc1ccc(-c2ccc3nc(C#N)nc(-c4cnc(-c5ccc(F)c(C#N)c5)c(C#N)c4)c3c2)cn1,25.71
Cn1c(C#N)cnc1-c1ccc(-c2cc(C#N)nc(-c3cnc(-c4ccc(C#N)nc4)c(C#N)c3)c2)cn1,23.04
COC1CCN(c2nnc(-c3cc(-c4ccc(C#N)cc4)cc(-c4ccc(-c5ccc(N)c(C#N)n5)c(C#N)c4)n3)cc2C#N)C1,19.32
Cc1ccc(-c2nc(-c3cc(-c4ccc(C#N)nc4)cc(C#N)n3)nc(C3CCC(C(=O)O)CC3)n2)cc1C#N,13.81
N#Cc1ccc(-c2ccc(-c3nc(-c4ccc(-c5ccc(-c6ccc(C#N)cc6)nc5)cc4)nc(-c4c5ccccc5c(C#N)c5ccccc45)n3)cc2)cc1,15.48
N#Cc1ccc(-c2ccc(-c3nc(-c4ccc(C#N)cc4)nc(-c4ccc(C(=O)N(c5cnc(Cl)cn5)C5CCNCC5)c(C#N)c4)n3)nc2)cc1,36.03
CC1CCC(C)N1c1nc(-c2cc(C#N)cc(-c3nccc(Cl)c3F)c2)nc(-c2cnc(C#N)c(C#N)c2)n1,26.42
CNC(=O)c1c(F)cc(-c2nc(-c3ccc(-c4ccc(C#N)cc4)nc3)nc(-n3nccc3C#N)n2)cc1C#N,21.28
N#Cc1ccc(-c2cccc(-c3cc(-c4ccc(C#N)cc4)n(CC(=O)NC(=N)N)c3-c3ccncc3)c2)cc1,19.71
CCC(C)(C)Cc1cc(-c2ccc(-c3ccc(Cl)c(Cl)c3)nc2)nc(-c2cc(C#N)c(C#N)c(C#N)n2)n1,25.57
CCN(CC)c1cc(OC)c(C2Cc3nc4sc(C#N)c(N)c4c(-c4ccnc(C#N)c4)c3C(=O)N2)cc1C#N,49.03
N#Cc1ccc(-c2ncc(-c3ncn(-c4ccc(C#N)c(C#N)c4)n3)cc2C#N)c(F)c1,18.8
CC(C#N)Oc1ncc(-c2nsc(-c3cc(F)c(-c4cnc(C#N)c(C#N)c4)nc3-c3cnc(C#N)c(C#N)c3)n2)cc1C#N,30.63
N#Cc1ccnc(N=c2cc(C3CCN(C(C#N)C4CC4)CC3)nc(NC(=O)C3CC3)[nH]2)c1,32.11
N#Cc1ccc(-c2ccc(-c3cccc(-c4cc5cc(NC(N)=O)ccc5o4)c3)cc2C#N)cc1,23.75
N#Cc1cc(-c2ccc(-c3cc(C#N)c(-c4cnc(N)c(C#N)n4)nc3C#N)cn2)nc(C#N)n1,16.74
COc1cc2cc(-n3c(C#N)ccc3-c3cncnc3C(=O)Nc3ccc(-c4ncc(C#N)cc4C(F)(F)F)cc3)ccc2nc1C#N,45.7
COc1nc(Cl)cc(-c2nc(-c3ccc(C#N)nc3)nc(-c3ccc(C#N)nc3)c2F)n1,13.48
C=CC(=O)N1CCC(n2nc(-c3cc(C#N)c(C#N)c(C#N)n3)nc2-c2ccc(OC)c(C#N)n2)CC1,23.78
COc1cc(F)c(F)c(-c2nc(C3CC3)[nH]c2-c2nc(-c3ccc(C#N)cc3)nc(-c3ccc(C#N)cc3)n2)c1F,29.58
COCCN(C)C(=N)c1ncc(-c2nc(-c3nc(C#N)ncc3C(F)F)nc(N3CC4CC3C4)n2)cc1C#N,31.55
N#Cc1cc(-c2ncc(-c3c[nH]c(=N)c(-c4nc(C5CC5N)nc(-n5cccc5C#N)n4)c3)s2)cnc1C#N,22.34
N#CN=c1cccc(-c2nc(C#N)c(-c3ccc(-c4cnco4)c(C#N)c3)nc2C2CC2)[nH]1,28.82
N#Cc1ccc(-c2ccc(-c3nc(-c4ccc(C#N)cc4)sc3-c3nc4cc(-c5cccc(C#N)n5)ccc4[nH]3)cc2)cc1,24.28
N#Cc1ccc(-c2ccc(-c3nn(-c4ccc(C(=O)NC(C#N)C#N)cc4Br)cc3C#N)cc2)cc1F,21.62
N#CC=Cc1cccc(-c2ncc(-c3ccnc(-c4cnc(C#N)c(C#N)c4)n3)c(-c3ccc(C#N)cc3)n2)n1,18.29
COc1ccc(OC)c(CNC(=O)CCn2nc(C#N)nc2-c2ccc(-c3nnco3)c(C#N)c2)c1,25.19
CCn1cc(-c2ccc(-c3nn(C)c(-c4cnc(C(F)(F)Cl)nc4-n4cc(C#N)nn4)c3C#N)nn2)cn1,42.17
Cc1ncc(-c2nc(CCC3CC3)nc(-c3cc(-c4cnc(C#N)c(C#N)c4)cc(C#N)n3)n2)cc1C#N,11.46
N#CC(=O)N1CCC1C(=O)OCCn1ccc2c(-c3ccc(OCc4ccc(F)cc4)c(C#N)c3)nc(C#N)nc21,37.49
N#Cc1ccc(-c2cc(-c3cnc(-c4ccc(C#N)nc4)c(F)c3F)cc(C#N)n2)nc1,13.62
N#Cc1cnc(-c2ccc(C#N)c(-c3nc(-c4cnc(C#N)c(C#N)c4)nc(N4CC(N5CCOCC5)C4)n3)c2)cc1F,17.81
N#Cc1ccc(-c2ccc3ncc(-c4cc(-c5ccc(C#N)nc5)nc(C#N)n4)cc3c2)cc1,17.75
Cn1c(C#N)cc2c(-c3cc(F)c(N4CCN(C(=O)Nc5ccc(C#N)cc5)C4)c(Cl)c3)nc(C#N)nc21,27.11
N#CCCn1cc(-c2ccc(-c3cc(-c4cc(C#N)c(C#N)s4)nc4c3CCCN4Cc3noc(-c4ccc(-c5ccc(C#N)cc5)cc4)n3)cc2)cn1,36.05
N#Cc1ccc(-c2ccc(-c3ncc(C#N)n3-c3ccc(F)cc3)cc2)cc1,11.85
N#CCn1c(-c2ccc(-c3ccc(C#N)cc3)cc2)nc(-c2cc(CCC(=O)O)cc(-c3ccc(C#N)cc3)c2)c1-c1ccc(C#N)cc1,21.28
O=c1[nH]cc(C#Cc2ccc(Cl)cc2F)c(=O)[nH]1,24.49
CC(C)Oc1ncc(-c2nc(-c3ccc(-c4ccc(C#N)cn4)nc3)nc(Nc3ccc(S(=O)(=O)C(F)(F)F)cc3)c2C#N)cc1C#N,22.45
N#Cc1ccc(-c2ccc(-c3cnc(-c4ccccc4C#N)cn3)cn2)nc1,19.31
N#Cc1ccc(-n2cccc2C#N)cc1-c1nc(-c2cnc(C#N)c(C#N)c2)nc(N2CC(F)C2)n1,11.93
N#Cc1ccc(-c2ccc(-c3cc(-c4ccc(C#N)cc4)nc(-c4ccc(-c5nc(Cl)nc(C#N)c5C#N)c(C#N)c4)c3)cc2)cc1,19.86
N#Cc1cc(-c2ccc(Cl)c(-c3cccnc3)n2)nc(C#N)c1C#N,18.06
Cc1nc(-c2ccncc2)ncc1C(=O)NCc1cc(C#N)n(-c2ccc(-c3ccc(C#N)cc3)c(C#N)c2)n1,20.42
CC(N)C(=O)N1CCN(CCn2c(-c3nnc(N)c(C#N)n3)cc(-c3ccc(C#N)cc3)c2-c2ccnc(Cl)c2)CC1,28.39
N#Cc1ccc(-c2ccc(-c3cc(-c4ccc(-c5ccc(-c6cccc(O)c6)c(-c6ccc(O)cc6)n5)cc4)cc(C#N)n3)cc2)cc1,29.11
Cc1cc(-c2ccc(Cl)cc2)cc(=NC(=O)c2cc(-c3coc(C#N)c3)nc(-c3ccc(NC=O)c(C#N)n3)n2)[nH]1,39.8
N#Cc1ccc(-c2nc(-c3ccc(-c4ccncc4-c4ccnc5ccc(C#N)nc45)c(CO)n3)cc(-c3ccnc(-c4ccc(C#N)cc4)c3C#N)n2)cc1,28.29
N#Cc1cc(-c2cnc(-c3ccc(-c4nc(Cl)nc(C#N)c4C#N)cc3)cc2-c2nc(C#N)c(C#N)[nH]2)cnc1C(F)(C#N)CF,30.99
COC1CN(c2nc(-c3cnc(-c4ccc(F)c(F)c4)c(C#N)c3)nc(N3CC4CCC(C3)O4)n2)CC1O,20.57
CN(C1CCN(c2nc(-c3cnc(C#N)c(C#N)c3)nc(-c3ccc(F)c(F)c3F)n2)CC1)C(C#N)(C#N)C(C#N)c1nc(C#N)c(N)o1,29.06
N#Cc1ccc(-c2cc(N3CCCC3CO)nc(-c3cnc(C#N)c(C#N)c3)n2)cn1,13.8
Cc1ccc(=NCCn2nc(-c3ccnc(C#N)c3)cc2C#N)cc(-c2cnc(-c3ccc(F)cc3)c(C#N)c2)n1,26.81
N#Cc1ccc(NC(=O)c2cn(-c3ccc4cc(Cl)ccc4c3)nn2)cc1C#N,27.69
N#Cc1cc(-c2ccc(-c3ccnc(Cl)n3)cc2)nc(C#N)c1C#N,15.0
CCN(CC)Cc1nc(-c2ccc(-c3ccc(C#N)cc3)nc2)nn1-c1ccc(C#N)c(-c2nc(OCC(F)F)nc(N3CCCC(O)C3)n2)c1,38.87
N#CC(=Cc1ccc(-c2ccc(-c3ccc(C#N)cc3)c(C#N)c2)nc1C#N)c1[nH]n(-c2ccccc2)c(=O)c1C#N,26.38
N#Cc1ccc(-c2nc(C(=O)N(N=Nc3ccc(C#N)c(C(F)(F)F)c3)c3ccc(F)c(F)c3F)c(C#N)c(-c3ccc(C#N)cc3)n2)cc1,30.85
CC1CC(N)CN1c1cc(-c2cccc(C#N)n2)nc(-c2cnc(OC(C)(C)c3ccc(C#N)cc3)c(C#N)c2)n1,30.22
N#Cc1ccc(-c2cnc(-c3ccc(C#N)cc3)c(-c3ccc(C(=O)c4cncc(C#N)n4)cc3)c2)cc1,23.43
COc1nc2c(nc1C#N)c(-c1cc3ccccc3cn1)c(C#N)n2CC(=O)N1CC2CCCC2C1,42.79
Cn1cc(C(=O)Oc2ncc(-c3nc(-c4ccc(C#N)cn4)nc(N4CC5CC5C4)n3)cc2C#N)cc1C#N,22.42
CCn1cc(-c2ccc(-c3ccc(C#N)c(-c4cc(-c5ccc(C#N)cc5)nc(-c5ccc(C#N)cc5)n4)c3)cn2)cn1,18.54
C#CCn1nc(-c2cccc(C#N)n2)cc1-c1nc(-c2ccc(-c3ccc(C#N)cn3)cc2)nc(-c2ccc(-c3nc(-c4ccc(C#N)cc4)n(CC(N)=O)n3)c(F)c2F)n1,49.05
N#Cc1cc(-c2ccc(-c3cc(C#N)c(-c4cnc(N)c(C#N)n4)nc3C#N)cc2)nc(C#N)n1,15.03
CC(=O)Nc1ccc(-c2nc(-c3ccc(-c4ccc(C#N)cc4)nc3)nc(-c3ccc(-c4ccc(C#N)cn4)nc3)n2)cc1,15.88
N#Cc1ccc(-c2ccc(C(C(=O)NCCc3ccccn3)N(C(=O)Cc3ccc(-c4ccccn4)cc3)c3cccc(-c4nn[nH]n4)c3)cc2)cc1,39.07
N#Cc1cc(OCCN)nc(-c2nc(-c3cc(C#N)c(C#N)c(C#N)n3)ccc2C2CCC(F)(F)CC2)n1,15.09
Cc1noc(-c2ccc(-c3cc(-c4c(F)c(F)c(F)c(C#N)c4F)nc(C#N)n3)cc2C#N)n1,20.28
COc1cc2c(cc1OC)C(=O)C(Oc1cccc(-c3cc(-c4ccc(C#N)c(F)c4)nc(-c4ccc(C#N)cc4)n3)c1)C2,25.29
COc1nc(-c2cc(C#N)nc(-c3ccc(-c4nc(C#N)co4)cc3C#N)c2)ccc1-c1cc(C#N)c(C#N)c(C(F)(F)F)c1,37.15
N#Cc1ccc(-c2ccc(-c3nc(-c4ccc(C#N)cc4)nc(-c4ccc(-n5onc(C#N)c5=O)cc4)n3)cc2)cc1,23.54
N#Cc1ccc(-c2cc(-c3ncc(-c4ncc(-c5ccc(-c6cnc(C#N)nc6)c(C(=O)O)c5)cc4C#N)cc3C#N)ccn2)cc1,27.18
N#Cc1ccc(-c2nnc(-c3cc(Cl)c(-c4cc(-n5nccc5C#N)cc(C#N)c4Cl)nc3C#N)o2)cc1,16.98
N#Cc1nccc(N=c2ncc(F)c(Nc3ccc(F)cc3)[nH]2)n1,22.95
CC(C)Oc1ncc(-c2nc(-c3cncc(C#N)c3)cn2CC(F)(F)F)cc1C#N,14.51
CC(C)Oc1ncc(-c2nc(-c3nc(C#N)cnc3N3CC(C#N)C3)nc(N3CC4CC3C4)n2)cc1C#N,16.59
COCC12CC1CN(c1nc(-c3ccc(OC(C)C)c(C#N)c3)nc(-c3cccc(C#N)n3)n1)C2,17.51
Cn1c(-c2nc(-c3nc(-c4ccc(C#N)cc4)nc(N4CCOCC4)n3)cc(C#N)c2C#N)nc(C#N)c1N,20.83
CCCOc1nc(C)c(C#N)cc1-c1nc(-c2cccc(C#N)n2)nc(N2CCOCC2)n1,20.64
N#Cc1c(N2CCC(c3nc(-c4ccc(Br)s4)nc(-c4cccc(C(F)(F)F)c4F)n3)CC2)[nH]cnc1=N,26.47
N#Cc1ccc(-c2ccc(-c3cc(-c4ccc(-c5ccc(C#N)cc5)cc4)n(-c4ccc(C#N)c(C(F)(F)F)c4)c(=O)c3C#N)cc2)cc1,17.03
N#Cc1ccc(-c2cc(-c3nc(C#N)cn3Cc3cccc(-c4ccc(C#N)s4)c3)nc(-c3ccc(C#N)cc3)n2)cc1,24.76
CC(C)n1nc(C#N)nc1-c1cnc(-c2ccc(C#N)cc2)c(C#N)c1,9.1
N#Cc1ccc(-c2ccc(-c3nc(CCC(=O)O)c(CCCCCCCCCS)cc3C#N)cc2)cc1,31.02
Cn1nccc1-c1cc(C#Cc2cc(-c3cccc(C(=O)N=c4nn[nH][nH]4)n3)ncc2C#N)cc(-c2ccc(Cl)c(Cl)c2)n1,41.45
N#Cc1ccc(-c2ccc(-c3nc(COc4cccc(C#N)c4)nc(-c4ccc(C#N)cc4)n3)nc2)cc1,17.71
CCOC(=O)c1ccccc1N=c1cc(C#N)c(C#N)nc(-n2nc(C)cc2C)n1,23.59
CCS(=O)(=O)c1ccc(-c2nc(-c3ccc(C#N)cc3)nc(-n3cncn3)c2-c2cc(-c3ccc(F)cc3C#N)c(C#N)c(=N)[nH]2)cc1,33.98
N#Cc1cc(-c2nc(-c3cnc(C#N)c(C#N)c3)nc(N3CCCC3CO)n2)cc(-n2nccc2C#N)c1,13.65
CC(C)Oc1ncc(-c2cc(C#N)cc(-c3nc(C#N)cc(-c4ccc(C5CCC5C#N)c(C#N)c4)n3)n2)cc1C#N,24.59
CS(=O)(=O)Nc1c(C#N)nc(-c2ccc(-c3ccc(C#N)cc3)nc2)nc1C(N)c1ccc(Cl)c(F)c1,25.01
Cc1nc(-c2cc(C#N)c(C#N)c(Nc3cnc(C#N)c(C#N)c3)n2)nc(-c2ccc(C#N)n2C)c1F,29.78
CC(C)Oc1ncc(-c2nc(-c3nc(C#N)ccc3NC3CCC(O)CC3)nc(N3CCC(F)(F)C3)n2)cc1C#N,19.05
CC(C)C(O)(CF)c1ncc(-c2nc(-c3nc(C#N)ccc3C#N)nc(N3CCC4(COC4)C3)n2)cc1C#N,21.48
N#Cc1ccc(-c2ccc(-c3nc(N=c4cc(C#N)[nH]cc4C#N)[nH]c3-c3cccc(C#N)n3)cc2)cc1,21.43
N#CCc1ncc(-c2ncc(C#N)c(-c3ccc(-c4ccc(C#N)nc4)nc3)n2)cc1C#N,10.7
Cn1nc(C#N)cc1-c1cc(-c2cccc(-c3cc(F)cc(C#N)c3)c2)cc(-c2cccc(C#N)n2)n1,22.52
Cn1c(=O)cc(Nc2ccccc2)[nH]c1=S,17.81
N#Cc1cc(-n2nc(C(N)=O)c(-c3ccc(-c4ccc(C#N)c(C#N)c4)nc3C(N)=O)n2)ccc1F,27.51
O=c1ccc2cc(S(=O)(=O)N=c3ncc(F)c[nH]3)ccc2n1-c1ccc(-c2ccc(F)c(Cl)c2)cc1F,23.42
CC(C#N)Nc1ncc(-c2c(-c3nccc(C#N)n3)cc(-c3ccc(C#N)cc3)c(F)c2F)nc1C#N,24.7
Cn1nc(-c2ccc(C#N)cc2)cc1-c1ccc(-c2cc(-c3ccccc3C#N)nc(-c3cc(F)c(C#N)c(F)c3F)n2)cc1,24.48
N#Cc1ccc(Nc2nc(-c3ccc(-c4ccc(C#N)cc4)cc3)nc(C#N)c2NC(=O)c2ccnc(C#Cc3cncnc3)c2)cc1,22.77
Cc1ccc(CN(C)c2ncc(-c3nc(-c4cnc(C#N)c(C#N)c4)nc(N4CCOCC4CF)n3)cc2C#N)o1,23.84
COCCn1c(-c2ccc(-c3cccc(C#N)n3)cc2)nc(-c2cc(-c3ccc(-c4ccc(C#N)cc4)nc3)nc(-c3ccc(C#N)cc3)n2)c1-c1ccc(-c2ccc(C#N)cc2)cc1OC,26.45
N#Cc1cccc(-c2cc(-c3nc(-c4ccc(C#N)c(C#N)c4)cs3)c(C#N)cn2)c1,22.44
N#Cc1cc(F)c(-c2ccc(-c3nc(-c4ccc(C#N)c(-c5cccc(C(F)(F)F)c5F)n4)n[nH]3)cc2Cl)cc1C#N,26.1
CCCc1nc(-c2ccc(-c3cc(F)cc(C#N)c3)c(C#N)c2)nc(-c2cc(C#N)c(C#N)[nH]2)n1,18.16
N#Cc1ccc(-c2nc(-c3cc(C#N)c(C#N)c(C#N)n3)nc(N3CCCC3C#N)n2)nc1,16.62
N#Cc1nc(-c2cnc(-c3cnc(C#N)c(C#N)n3)c(C#N)c2)n(CCCN2CCCCC2)n1,18.61
N#Cc1ccc(C#N)c(-c2nc(-c3ccc(C(F)(F)F)c(C#N)c3)nc(N3CC4CCC(C3)O4)n2)n1,10.59
N#Cc1ccc(-c2nnc(-c3cccc(OCc4cn(Cc5ccc(-c6ccc(C#N)c(C#N)c6)cc5)nn4)c3)o2)cc1,23.27
CC(C)c1nc(-c2cc(C#N)c(-c3ccc(C#N)cc3)cn2)cc(=O)n1-c1ccnc(-c2ccc(F)c(C#N)c2)n1,23.13
N#Cc1ccc(-c2nc(C#N)nc(-c3cc(-n4nc(C(F)(F)F)cc4C#N)nc(C#N)n3)c2F)cn1,11.02
N#Cc1cccc(C#Cc2cc(C#N)c(C#N)[nH]2)c1,16.62
COc1cccc(-c2cc(C#N)nc(-c3cc(-c4cnc(C#N)c(C#N)c4)nc(-c4cnc(-c5cnc(C6CC6)c(C#N)c5)c(C(=O)O)c4)n3)c2)c1F,32.6
CC(C)Oc1ncc(-c2nc(-c3cccc(C#N)n3)nc(N3CCC3)n2)cc1C#N,9.21
N#CCN=c1ncc(-c2cc(NC(=O)c3nc(Cl)cc(C#N)n3)nc(-c3cnc(C#N)c(C#N)c3)n2)c[nH]1,22.75
CCn1cc(C(=O)Nc2cc(-c3cnc(-c4ccc(C#N)c(F)c4)c(C#N)n3)nc(-c3cc(C#N)c(C#N)c(C#N)n3)n2)cn1,19.89
N#Cc1ccc(-c2cc(C#N)cc(-c3ccc(-n4nc(C(F)(F)F)cc4C#N)c(F)c3C#N)c2)cc1,14.84
N#Cc1ccc(-c2cc(F)cc(-c3cc(C#N)nc(-n4nccc4C#N)n3)c2)cc1,13.14
N#Cc1ccc(-c2cc(-c3ccccc3C#N)nc(-c3cccc(C#N)n3)n2)cc1,13.15
CN(C)c1nc(-c2cc(-c3c(F)c(F)c(C#N)c(F)c3F)c(C#N)c(-c3ccc(C#N)cc3)n2)cs1,16.34
COC(=O)C=Cc1cc(Nc2c(Cl)c(F)c(C#N)c(F)c2C#N)cc([N+](=O)[O-])c1,29.3
N#Cc1ccc(-c2ccc(-c3nc(C#N)c(-n4cnc(-c5ccc(C#N)c(C#N)c5)n4)c(-c4cccc(Cl)c4Cl)n3)s2)cc1,32.73
N#Cc1ccc(-c2ccc(-c3ccc(-c4nn(-c5ccc(-c6ccc(C#N)cc6)c(C#N)c5)cc4C#N)cc3C#N)cc2C#N)cc1,14.69
Cc1nc(C#N)nc(-c2ccc(-c3cc(-c4cnc(C#N)nc4)nc(C#N)n3)cc2C#N)n1,15.25
N#Cc1ccc(-c2ccc(-c3nc(-c4ccc(C#N)cc4)nc(-c4cc(-n5cccc5C#N)nc(Cl)n4)n3)cc2)cc1,14.61
N#Cc1ccc(-c2ccc(-c3c(C#N)c4c(C5CCC5)nc(-c5nc(-c6ccc(C#N)cc6)c[nH]5)cc4n3-c3ncccn3)cc2)cc1,32.74
COc1nc(Cl)nc(-c2ccc(-c3cc(-c4ccc(C#N)cc4)cc(-c4ccc(-c5cc(F)c(F)c(F)c5F)cc4)c3)cc2)n1,26.31
NC(=O)c1sc(Sc2snnc2-c2ccccc2)nc1C(F)(F)F,28.49
N#Cc1ccc(-c2cc(-c3cccc(NC(=O)c4ccc(-c5ccc(C#N)cn5)nc4)c3)nc(-c3ccc(C#N)cc3)n2)cc1,18.4
N#Cc1ccc(-c2ccc(-c3cc(-c4n[nH]c(-c5ccc(C#N)c(-c6ccc(F)cc6)n5)n4)cc(-n4cnc(-c5ccc(C#N)cc5)n4)c3)cc2)cc1,27.63
N#CC=Cc1nc(-c2cnc(-c3nnco3)c(C#N)c2)n[nH]1,15.79
COc1cccc(-c2cc(-c3nc(C#N)ccc3C#N)ccc2C#N)c1F,18.23
Cn1nc(C#N)cc1-c1cc(-c2cccc(CNC(=O)c3nc(-c4ccc(Cl)cc4)c(-c4ccc(Cl)cc4Cl)o3)c2)cc(-c2ccc(C#N)cc2)n1,41.49
N#Cc1nc(-c2nc(-c3ccc(C(O)(C#N)C#N)c(C#N)c3)nc(N3CCOCC3)c2C#N)cs1,23.08
N#Cc1cccc(-c2ccc(-c3nn(-c4ccc(-c5ccc(-c6cnc(C#N)o6)c(C#N)c5)c(C#N)c4)cc3C#N)cc2)c1,21.45
Cc1c(F)cncc1-c1nc(-c2cc(F)c(C#N)c(C#N)c2)nc(N2CCC(C#N)CC2)n1,21.38
CC(C)Oc1ncc(-c2nc(-c3ccc(Cl)c(C#N)n3)nc(N3CC4CC3CO4)n2)cc1C#N,16.05
N#Cc1ccc(-c2ccc(OCCn3c(C#N)ccc3-c3ccccc3C#N)cn2)cc1F,29.41
COCC1CC(F)CN1c1nc(-c2cnc(OC(C)C)c(C#N)c2)nc(-c2cc(C#N)cc(C#N)n2)n1,15.7
C=CC(=O)Nc1ncc(-c2nc(-c3cnc(-c4cccc(C#N)c4)c(C#N)c3)cc(-c3cccc(C#N)n3)n2)cc1C#N,24.54
CCc1ccc(CN(C(=O)c2csnn2)c2ccc(-c3ncc(C)cc3-c3cccc(C#N)n3)cc2)cc1,30.58
N#Cc1ccc(-c2nccc(-c3nccn3-c3ccc(-c4nc(-c5ccc(C#N)cc5)nc(-c5c6ccccc6c(C#N)c6ccccc56)n4)cc3)n2)cc1,25.21
N#Cc1ccc(-c2ccc3c(=Nc4cccc(Br)c4)c(C#N)c[nH]c3c2)o1,17.58
CC(C)Oc1ncc(-c2nsc(-c3ccc(C#N)c(-c4ccc(-c5nnc(-c6ccc(C#N)cc6)s5)cc4)c3)n2)cc1C#N,24.41
O=C(Nc1ccc(C2CNCCO2)cc1F)c1csc(-c2cccc(C(F)(F)F)c2F)n1,22.48
CC1=C(C)CC(C(=O)NCc2nc(-c3cnc(C#N)c(C#N)c3)nc(-c3cnc(-c4c(F)c(F)c(C#N)c(F)c4F)c(F)c3F)n2)C(C)C1,37.58
COCCn1c(-c2ccc(-c3ccc(C#N)cc3)cc2)nc(-c2ccc(-c3noc(C4CCCCC4)n3)cn2)c1-c1ccc(-c2ccc(C#N)cc2)nc1,25.43
N#Cc1ccc(-c2cccc(-c3cc(-c4ccc(C#N)cc4)c(C#N)c(OC4CCOCC4)n3)c2)cc1,20.3
N#Cc1ccc(CNc2ccc(-c3ccc(-c4cc(-c5ccncc5)ccc4C#N)c(C#N)n3)nc2C#N)cc1,20.16
N#Cc1ccc(-c2cnc(-c3cnc(-c4nnco4)c(C#N)c3)nc2)cc1C#N,17.46
N#Cc1ccc(-c2cc(-c3ncc(C#N)n3Cc3nc(-c4ccc(F)cc4F)n(-c4ccc(Cl)c(Cl)c4)n3)c(F)c(-c3ccc(C#N)cc3)n2)cc1,26.37
N#Cc1ccc(-c2cc(-c3cnc4[nH]c(=N)[nH]c(=S)c4n3)cc(-c3ccc(C#N)nc3)n2)cc1,25.77
N#Cc1ccc(-c2cccc(-c3ccc(-c4ccc(-c5cc(-c6cnc(C#N)c(C#N)c6)ccc5C#N)cc4)cc3)n2)cc1,21.71
N#Cc1cc(-c2nc(-c3ccc(F)c(NC4CNC4)c3)nc(N3CC4CC3C4)n2)cnc1C#N,20.04
Cc1cc(C(=O)n2nnc(C#N)n2)no1,23.4
N#Cc1ccc(-c2ccc(-c3nc(-n4nc(C(F)(F)F)cc4C#N)cc(-c4cncc(C#N)n4)c3C#N)cc2)nc1,19.54
N#Cc1ccc(-n2cnnc2-c2cc(C#N)cc(-c3nc(F)c(F)c(C#N)n3)c2F)cc1,25.37
N#Cc1ccc2c(C#N)c3ccccc3c(-c3nc(-c4ccccc4)nc(-c4ccc(-c5ccc(C#N)c(C#N)c5)cc4)n3)c2c1,18.85
COC(=O)N1CCN(Cc2nc(-c3cnc(-c4ccc(C#N)cc4)c(C#N)c3)nn2C)CC1,24.68
N#Cc1ccc(-c2ncc(-c3ccc(-c4ccnc(Cl)n4)cn3)cc2C#N)cc1,11.59
N#Cc1ccc(-c2nc(-c3ccc(-c4nc(-c5cnc(C6CC6)c(C#N)c5)[nH]c4C#N)nc3)nc(-c3ccc(C#N)c(C#N)c3)n2)cc1C#N,25.59
N#Cc1ccc(-c2ccc(Cn3nc(-c4ccc(-c5ccc(C#N)c(F)c5)c(C#N)c4)nc(Cc4ccccc4)c3=O)cc2)cc1,24.18
Cc1nc(-c2ccc(-c3nc(C#N)nn3CCN3CCOCC3)cc2C#N)n(C(C)(C)C)n1,17.48
N#Cc1ccc(-c2c(-c3ccc(Br)cc3)nc(C#N)n2-c2ccc(-c3ccc(C#N)c(C#N)c3)cc2)c(F)c1,24.13
N#Cc1ccc(-c2nc(-c3ccc(F)c(-c4cnc(-c5nn(-c6ccc(Br)cc6)c(-c6ccc(C#N)cc6)c5C#N)c(C#N)n4)n3)cc(C#N)c2C#N)cc1,27.37
N#CCc1ncc(-c2nccc(-c3ccnc(C#N)c3)n2)cc1C#N,16.24
N#CCc1nc(C#N)c(C#N)nc1-c1ncc(-c2cccc(-c3cc(-c4ccc(-c5cccc(C#N)c5)cc4)nc(-c4ccc(-c5ccc(C#N)cc5)cc4)n3)n2)cc1C#N,22.19
N#Cc1ccc(-c2ncc(-c3cccc(-n4cc(-c5ccc(C#N)cc5C#N)cn4)c3)cc2C#N)cc1,16.04
N#Cc1ccc(-c2ncc(-c3nccc(-c4cnc(C#N)c(C#N)c4)n3)cc2C#N)cc1,15.06
N#Cc1ccc(-c2ccc(-c3nc(C#N)c(NC(=O)c4ccc(-c5ccc(C#N)cc5)c(F)c4)c(Nc4ccc(C#N)c(C#N)c4)n3)cc2)cc1,22.43
N#Cc1cc(-c2nc(-c3cnc(N)c(C#N)n3)cc(C3CCC(C(F)F)NC3)n2)cnc1C#N,22.58
CC(C)Oc1cnc(-c2cc(-c3c(C#N)c(-c4ccc(C#N)cc4)nn3C)cc(-c3ccc(-c4ccc(C#N)cc4)cc3)n2)cc1C#N,23.27
N#Cc1ccc(-c2ccc(-c3nc(C#N)c(C#N)cc3Sc3ccc(C#N)c(-c4ccc(C#N)cc4)c3)cc2)cc1,22.8
N#Cc1ccnn1CC#CCN1CCN(CCCF)CC1,22.42
COC(=O)c1cc(C#N)cc(-c2cc(C#N)cc(-c3ccc(-c4nc(C#N)c(C#N)nc4C#N)cc3)c2)c1,24.17
N#Cc1ccc(-c2nc(-c3ccc(-c4ccc(C#N)c(F)c4)cc3)nc(-c3cc(-n4nc(C#N)cc4C#N)nc(Cl)c3C#N)n2)cc1,14.06
Cn1nc(-c2cncc(-c3ccc(C#N)c(-c4ccc(-c5ccc(C#N)cc5)cc4)c3)c2)nc1-c1cnc(C#N)c(C#N)c1,16.79
C=C1CC(O)C(=C)C1=CC=C1CCCC2(C)C(C(C)C#Cc3cc(C)c(-c4ccc(C#N)cc4)c(C#N)c3)=CCC12,36.97
N#Cc1ccc(-c2nc(-c3cnc(-c4cc(F)c(F)c(F)c4F)c(C#N)c3)cc(-c3cccc(C#N)n3)n2)cc1,16.9
N#Cc1cccc(-c2nc(-c3cc(C#N)c(C4CC4)nc3C(F)(F)F)nc(N3CCC(C#N)C3)n2)n1,15.85
N#Cc1cc2c(cc1-c1nc(-c3cnc(C#N)c(C#N)c3)nc(N3CC4CC3C4)n1)nc(C(=O)NCC(F)CF)n2CC1CCOC1,33.75
C=C(c1cccc(C#N)n1)c1ncc(-c2cnc(-c3cccnc3)cn2)cc1C#N,32.07
N#Cc1nc(-c2cc(C#N)c(-c3nnc(C#N)o3)nc2C(F)(F)F)c(CO)c(-n2nc(C(F)(F)F)cc2C#N)n1,15.92
N#CCn1cc(-c2cc(-c3ccc(-c4ccnc(C#N)n4)cc3)nc(-c3ccc(C#N)cc3)n2)cc1C#N,18.46
N#Cc1cccc(-c2nc(-c3cnc(C#N)c(C#N)c3)nc(N3CC4CCC(C3)O4)n2)n1,13.67
N#Cc1ccc(-c2ccc(-c3nc(C#Cc4ccc(-c5ccc(C#N)cn5)nc4)nn3-c3cccc(-c4sc(-c5ccc(C#N)cc5)nc4C(=O)O)c3)cc2)cc1,34.14
COc1cc(C=Nn2c(-c3cc(-c4ccc(C#N)cc4)nc(-c4ccc(C#N)cc4)n3)n[nH]c2=S)cc(OC)c1OC,17.54
N#Cc1ccc(-c2ccc(-c3nc(C#N)cc(-c4ccc(C#Cc5ccc(-c6ccc(C#N)nc6)nc5)cc4)n3)cn2)nc1,22.19
Cc1ccc(-c2nc(-c3cccc(C#N)n3)nc(N3CCCC3CNS(=O)(=O)c3cccc(C#N)c3)n2)cc1C#N,18.86
Cn1nccc1-c1cc(-c2ccc(C#Cc3cc(CCC#N)nc(C#N)n3)cc2)c(C#N)cc1F,28.24
N#Cc1ccc(-c2nc(CCc3nc(-c4cc(C#N)c(C#N)[nH]4)nc(-c4ccc(C#N)c(F)c4F)n3)nc(-c3ccc(F)cc3F)n2)cc1,23.57
N#Cc1cc(-c2ccc(-c3ccc(C#N)c(C#N)c3F)cc2)cc(-c2nnc(N)c(C#N)n2)c1,22.2
N#Cc1ccc(-c2ccc(-c3ccc(-c4cc(-[n+]5ccc(-c6ccncc6)cc5)nc(-c5ccc(C#N)s5)n4)cn3)cc2C#N)cc1,20.6
N#Cc1ccc(Cc2ncc(-c3ccc(-c4ccc(C#N)cn4)nc3)c(-c3ccc(-c4ccnc(C#N)n4)cc3)n2)cc1,24.7
N#Cc1ccc(-c2ccc(-c3c(C#N)c(O)cc(-c4cc(=O)c5c(O)c(O)ccc5o4)c3-c3ccc(F)cc3)cc2)cc1,31.35
N#Cc1ccc(-c2cc(C#Cc3nc(-c4ccc(C#N)cc4)nc(-c4ccc(C#N)cc4)c3C#N)nc(-c3ccc(C#N)cc3)n2)cc1,16.23
N#CC#CC(=O)N1CCCC(n2nc(-c3cccc(-c4ccc(C#N)cc4)c3)nc2-c2cnc(C#N)c(C#N)c2)C1,15.14
N#Cc1ccc(-c2nc(-c3cnc(-c4ccc(C#N)cc4)c(C#N)c3)c(C#N)c(-c3ncc(C#N)cc3O)n2)cc1,15.93
N#Cc1ccc(-c2nc(-c3cnc(OC(CO)c4ccc(Cl)c(F)c4)c(C#N)c3)no2)cc1C#N,14.44
N#Cc1ccc(-c2cc(-c3ccc(-c4ncc(C#N)c(NC5CCCCC5)n4)cc3)cc(-c3nn[nH]n3)c2)cc1,21.0
Cn1c(C#N)ccc1-c1ccc(-c2ccc(C#N)n2-c2ccc(-c3ccc(C#N)cc3)c(C#N)c2)cc1,15.08
N#Cc1ccc(-c2ccc(-c3nc(-c4ccnc(-c5ccc(C#N)c(C#N)c5)c4)cc(-c4ccc(-c5nc(Cl)nc(C#N)c5C#N)s4)n3)cn2)cc1,29.25
CC(C#N)Nc1ccc(-c2nc(N3CCOCC3)n3ncc(-c4ccc(-c5cnn(C(C)C#N)c5)cc4)c3n2)cc1C#N,28.43
CNc1oc(-c2ccc(-c3cc(C#N)nc(-c4cc(-c5ccc(C#N)cc5)nc(-c5ccc(C#N)nc5)c4C#N)c3)cc2)nc1C#N,22.77
CCc1nccc(-c2ccc(C(=O)N3CCN(Cc4ccco4)CC3)c(Cl)c2)c1C#Cc1cncc(C#N)n1,30.03
N#Cc1cc(-c2cc(CCc3cnc(-c4cnc(C#N)nc4)cn3)nc(-c3cnc(C#N)c(C#N)c3)n2)nc(-c2cc(C#N)c(C#N)[nH]2)n1,23.22
CC(C)(C#N)c1ncc(-c2cc(-c3cnc(C#N)c(C#N)c3)nc(C#N)n2)cc1C#N,17.69
CCCCN1CCN(c2ccc(S(=O)(=O)Nc3cc(C#N)cc(-c4nc(C#N)nc5c4cc(C#N)n5C)c3F)cn2)CC1,34.4
CC(C)Oc1ncc(-c2nc(-c3ccc(C#N)cc3)nc(-c3cc(C#N)cc(-c4ccc(-c5cccc(C#N)c5)cc4)c3)n2)cc1C#N,17.29
COc1nc(N)c(C#N)nc1-c1cc(C#N)c(Oc2cc(F)cc(Nc3ccncc3)c2)c(C(F)(F)F)c1,38.84
CC(C)(C)c1nc(C#N)nc(-c2nc(-c3ccc(-c4ccc(C#N)cn4)nc3)c(C#N)c(-c3cc(-c4cc(C#N)cc(C(C)(C)C#N)c4)nc(-c4cccc(C#N)c4)n3)n2)n1,36.87
C=CCN=c1nc(-c2cc(C#N)c(-c3cc(-c4ccc(C#N)cc4)nc(-n4nccc4C#N)c3)cn2)cc[nH]1,32.11
COc1cc(-c2nc(-c3ccc(OC(C)C)c(C#N)c3)nc(N3CC4CC3CO4)n2)ccc1C#N,20.94
N#Cc1ccc(-c2nc(-c3cc(C#N)cc(Cn4nc(C#N)cc4C#N)c3F)ccc2C#N)cc1,17.18
N#Cc1c(Sc2ccc(Cl)cc2)[nH]c(=N)c(C#N)c1-c1ccc(F)cc1,16.91
N#CC(=O)Nc1cc(-c2cc(C#N)nc(-c3cc(C#N)cc(C#N)c3)n2)cc(-c2nc(-c3ccc(Br)c(F)c3)cc(-n3[nH]c(C#N)c(C#N)c3=N)n2)c1,39.13
NC(Cc1ccc(F)c(F)c1)C(=O)N1CCN(C2(CNC(=O)Cc3ccc(O)cc3)CCCCC2)CC1,30.47
CC(C)(C)n1c(-c2ccc(C#N)cc2)c(O)n(-c2ccc(-c3ccc(-c4ccc(C#N)c(F)c4)c(C#N)c3)cc2C#N)c1=O,28.9
Cc1cc(-c2cnc(-c3cnc(-c4cccc(C#N)c4)c(C#N)c3)nc2)nc(C#N)n1,14.48
N#CCn1nc(C#N)nc1-c1ccc(-c2ccc(Cl)c(C#N)c2)c(C#N)c1,24.35
N#Cc1ccc(-c2cc(-c3ccc(-c4cccc(C#N)n4)c(C#N)c3)nc(-c3cc(C#N)nn3-c3ccc(C#N)cc3)c2)cc1,16.76
N#Cc1ccc(-c2nc(-c3ccc(-c4ccc(C#N)cn4)nc3)cc(-c3ccc(-c4cccc(C#N)n4)s3)n2)cc1,19.33
CCN1CCN(c2ccc(-c3cc(C#N)c(C#N)c(C#N)n3)nc2-c2ccc(C#N)nc2)CC1,16.76
N#Cc1cc(-c2ccc(N=c3nc(-c4cnc(N5CCC(F)C5)c(C#N)c4)nc(CO)[nH]3)cc2)nc(C#N)n1,23.64
N#Cc1ccc(-c2ccc(-c3nc(-c4ccc(C#N)o4)cc(-c4ccc(C#N)nc4F)n3)cc2)cc1,21.3
N#Cc1ccc(-c2nc(-c3ccc(-c4ccc(C#N)c(C#N)c4)nc3)cc(-c3nc(C#N)cc(-n4nccc4C#N)n3)n2)cc1,18.75
N#Cc1ccc(-c2cc(-c3ccnc(-n4nccc4C#N)n3)ccn2)cc1,12.22
N#Cc1ccc(-c2cc(-c3ccc(-c4ccc(C#N)nc4)cc3)nc(-c3ccc(C#N)cc3)n2)cc1,12.72
N#Cc1c[nH]c(-c2cccc(-c3nc(-c4ccc(-c5ccnc(C#N)n5)cc4)cc(-n4cc(C(=O)NC5CC5)nc4C#N)c3F)c2F)n1,37.05
N#Cc1cc(-c2cc(OCC(F)F)cc(C#N)c2C#N)nc(-c2cnc(C#N)c(C#N)c2)n1,28.75
CC(C)N1CCCC(Cn2nc(C#N)nc2-c2ccc(-c3nnco3)c(C#N)c2)C1,14.72
CC(C)Oc1ncc(-c2nc(-c3ccc(-c4ccco4)c(C#N)c3)nc(N3CCC(F)C3)n2)cc1C#N,21.21
COc1cccc(-c2cc(-c3cncc(C#N)n3)nc(-c3ccc(N)c(C#N)n3)c2)c1F,19.64
CCN(CCO)C(=O)c1cc(-c2nc(-c3cnc(OC(C)C)c(C#N)c3)nn2C(C)C)ncc1F,26.28
N#Cc1cccc(-c2nc(-c3cnc(OC(F)F)c(C#N)c3)nc(N3CC4CC3CC4C(N)=O)n2)n1,18.26
CC(O)C1COC(=O)N1c1cc(-c2cc(C#N)c(C#N)c(C#N)n2)nc(-c2ccnc(C#N)c2F)n1,18.52
CC(C)c1cc(-c2nc(-c3ccc(C#N)cc3)cc(-n3c(C#N)cnc3C#CCO)c2C#N)c(O)cc1O,21.02
N#Cc1cc(-c2nc(-c3cnc(N4CCCC(N)C4)c(C#N)n3)nc(N3CC4CC3CO4)n2)cc(C#N)c1C#N,22.5
N#Cc1ccc(-c2ncc(-c3ncc(Cl)cc3C#N)cc2C#N)cc1F,16.73
CC(N)Cn1nc(-c2cnc(OC(C)C)c(C#N)c2)nc1-c1ccc(-c2cc(Cl)ncn2)cn1,25.82
Cc1ncc(-c2nc(-c3cccc(C#N)n3)nc(N3CC(C(C)(C)C)OC3=O)n2)cc1C#N,20.84
N#Cc1cnc(-c2nc(-c3cnc(C#N)c(C#N)c3)nc(N3CCC4(CNC4)C3)n2)cc1N1CC(C#N)C1,28.57
N#Cc1ccc(-c2ccc(-c3ncc(-c4ccc(-n5cccc5C#N)cn4)nc3C#N)cc2)cc1C#N,20.73
C=Cc1ncc(C#N)n1-c1cc(-c2cc(C#N)c(-c3cnc(C#N)o3)nc2C#N)nc(C#N)n1,17.74
N#Cc1cccc(-c2nc(C#N)c(C#N)[nH]2)n1,10.46
N#Cc1ccc(-c2nc(-n3nc(C#N)c(C#N)n3)cc(-c3ccc(C#N)c(C#N)c3)c2F)nc1,23.77
N#Cc1ccc(-c2cc(-c3ccsc3)cc(-c3nc(-c4ccc(C#N)cc4)nc(-c4ccc(-c5ccc(C#N)cc5C#N)nc4)c3C#N)n2)cc1,28.73
N#Cc1ccc(-c2ncc(C#N)n2-c2cc(-c3oc(-c4ccc(OC(F)(F)F)c(Cl)c4)nc3C#N)nc(C#N)n2)cc1,22.3
Cn1c(C#N)ccc1-c1ccc(-c2cc(C#N)nc(-n3nc(C(F)(F)F)cc3C#N)c2)cc1F,16.96
N#Cc1ccc(-c2ccc(C(=O)N=Nc3c(O)[nH]c4ccc(C#N)cc34)c(C(=O)c3ccccc3)c2)cc1,30.64
COc1ccc(C#N)cc1-c1cc(-c2ccc(-c3ccc(C#N)cc3)nc2)nc(-c2ccc(-c3ccc(C#N)cc3)cc2)n1,16.62
N#Cc1ccc(-c2cccc(-c3n[nH]c(=O)n3-c3ccc(-c4cccc(C#N)c4)cc3C#N)c2)cc1,20.52
N#Cc1cnc(-c2ccc(-c3nc(-c4ccc(-c5nc(C#N)c(C#N)nc5C#N)nc4)c(C#N)cc3-c3ccccc3)cc2)cn1,19.05
N#Cc1ccc(-c2ccc(-c3cc(-c4cccc(-c5ccc(C#N)cc5)c4)nc(-c4ccc(-c5ccc(N)c(C#N)n5)c(-c5ccc(C#N)cc5)c4)c3)cc2)cc1,26.29
N#Cc1ccc(-c2cc(C#N)ccc2-c2ccc(-c3nc(C#N)c(C#N)nc3-c3ccc(C#N)cc3)cc2)cc1,13.74
CC(C)Oc1ccc(-c2ccc(-n3nc(C#N)nc3-c3ccc(-c4ccc(C#N)cc4)nc3)cc2)cc1C#N,14.58
COc1ccc(C#N)cc1-c1c(C(=O)CC(C)C)c(O)c(O)n1-c1ccc(-c2coc(C)n2)cc1,19.18
N#Cc1ccc(-c2ccc(-c3ccc(-c4cc(-c5ccc(-c6nc(Cl)nc(Cl)n6)cc5)c(C#N)c(N=CN5CCN(C=O)CC5)n4)cc3)cc2)cc1,19.14
N#Cc1ccc(-c2ncc(-c3ccc(-n4c(-c5ccc(C#N)cc5)nc(C#N)c4C#N)cc3F)cc2C#N)cc1,18.73
N#Cc1ccc(-c2ccc(-c3cc(-c4cc(-c5ccc(C#N)cc5)cc(-c5nnnc(-c6ccc(C#N)c(C(F)(F)F)c6)n5)n4)nc(-c4ccc(C#N)cc4)n3)cc2)cc1,32.65
N#Cc1cc(-c2ccc(-c3ccc(N)c(C#N)n3)c(C#N)c2)cc(-c2n[nH]c(-c3cnc(C#N)c(C#N)c3)n2)c1,16.81
Cc1nc(-c2cc(-c3ccc(-c4ccc(F)cc4)c(C#N)c3)nc(N3CC4CC4(C(=O)O)C3)n2)co1,29.11
N#Cc1ccc(-c2nc(-c3ccc(-c4cnc(N)c(C#N)n4)cc3)cc(-c3ccc(-c4ccc(C#N)c(C#N)c4)cc3)c2C#N)cc1,19.96
N#Cc1ccc(-c2ncc(-c3ccc(-c4ccc(-c5ccc(C#N)[nH]5)cn4)cc3)cc2C#N)cc1,18.09
N#Cc1cccc(C#Cc2cnc(C#N)nc2-c2ccc(-c3cnc(C#N)c(C#N)n3)c(C#N)c2)n1,16.54
N#Cc1ccc(-c2cc(-c3ccc(-c4nc(COCc5cc(Cl)cc(Cl)c5)nc(-c5ccc(-c6ccc(C#N)cc6)c(C#N)c5)c4C#N)cc3)nc(-c3ccc(Cl)cc3Cl)n2)cc1,27.37
CN1CCc2c(-c3ccc(-c4ccc(C#N)nc4)cc3)nc(-c3cnc(F)cn3)c(C#N)c2C1,41.2
CS(=O)(=O)N=c1[nH]c(-c2ccc(-c3ccc(F)c(C#N)c3)nc2)ncc1N=C1C(=O)Nc2ccc(Cl)cc21,30.42
N#Cc1ccc(-c2cc(Cn3cncc3C(=O)OCc3cc4cccc(C#N)n4c3C#N)ccn2)cc1,40.94
Cn1cncc1C(c1ccc(C#N)c(-c2ccc(-c3ccc(C#N)c(C#N)c3)cc2)c1)n1cnc(-c2ccc(F)c(C(N)=O)c2F)c1,29.75
N#Cc1ccc(-c2ccc(-c3nc(-c4ccc5ncc(C#N)nc5c4)cs3)cc2C#N)cc1,22.0
N#Cc1cc(NC(=O)Nc2ccc(F)cc2F)ccc1-c1nc(C#N)c(C#N)nc1C(F)(F)F,18.44
CCNc1c(C#N)nc(-c2ccc(-c3cccc(C#N)n3)c(-c3cc(C#N)c4c(c3)c(C#N)cn4CC#N)c2)n1Cc1cccnc1,41.43
N#Cc1ccc(-n2c(C#N)ccc2C#N)cc1-c1ncc(-c2cnc(N)c(C#N)n2)c(F)c1F,19.88
CS(=O)(=O)Nc1ccc(F)c(-c2nc(-c3ccc(CC#N)c(C#N)c3)nc(N3CCC(CO)C3CO)n2)c1F,29.85
N#Cc1cccc(NC(=O)Cn2sc3ccccc3c2=O)c1,19.73
N#Cc1nc(-c2cnc(-c3ccc(F)c(C#N)c3)c(C#N)c2)n(CCN2CCCC2)n1,12.78
N#Cc1ccc(-c2nc(-c3ccc(C#N)cc3)nc(-c3cnc(-c4ccc(-c5cccc(C#N)n5)nc4)cc3C#N)n2)cc1,15.61
N#Cc1cccc(-c2ccc(-c3nc(C#N)ncc3-c3cccc(C#N)n3)c(F)c2)n1,21.0
N#Cc1ccc(-c2nnc(-c3cc(-c4ccccc4C#N)cc(-c4ccc(C#N)s4)n3)cc2C#N)cc1,16.79
N#Cc1cc(F)c(-c2cccc(-c3cc(C#N)c(C#N)c(C#N)n3)n2)cc1C#N,15.5
N#Cc1ccc(-c2nc(-c3ccc(-c4cc(Cl)nc(Cl)n4)cc3Cl)[nH]c2-c2ccc(C#N)cc2)cc1,21.74
N#Cc1ccc(-c2c(C#N)nc3ncc(-c4cnc(-c5ccc(C#N)nc5)nc4)cn23)cc1,20.39
N#Cc1ccc(-c2cc(-c3cnc(-c4cccc(F)c4)c(C#N)c3)nc(C#N)n2)cn1,14.36
COc1ccc(-c2ccc(C#N)cc2)cc1NC(=O)Nc1ccc(-c2cc(-c3cccc(C#N)n3)nc(C#N)n2)nc1,24.78
N#Cc1ccc(-n2cnc(-c3cnc(C(F)(F)F)c(C#N)c3)n2)cc1C#N,17.24
CC1(O)CC(c2cn3[nH]c(=N)nc3c(-c3ccc(-c4ccc(C#N)nc4)c(C#N)c3)n2)C1,24.44
N#Cc1ccc(-c2ccc(-c3ncc(C#N)n3Cc3coc(-c4ccc(C#N)cc4)n3)nc2)cc1,17.35
CC(Oc1ncc(-c2nc(-c3nc(C#N)ccc3C#N)nc(N3CC(F)C3)n2)cc1C#N)C(F)(F)F,12.74
N#Cc1cccc(-c2ccc(-c3ccc(-c4nnc(N)c(C#N)n4)cc3C#N)cn2)n1,12.09
COc1cc(F)ccc1-c1nc(-c2cnc(C#N)c(C#N)c2)nc(N2CCC(CN)CC2)n1,18.94
Cc1cc(C#N)ccc1-c1nc(C#N)nc(-c2cc(C#N)c(C#N)[nH]2)n1,15.64
N#Cc1cc(-c2ccc(-c3ccc(-c4nc5ccc(C(=O)Nc6sc7c(c6C#N)CCCC7)c(Cl)c5[nH]4)cc3)cc2)ccc1F,30.17
N#Cc1ccc(-c2cccc(-c3cc(-c4ccc(-c5cccc(C#N)n5)cc4)nc(-c4ccc(-c5ccc(C#N)cc5)nc4)c3)c2)cc1,17.55
O=c1[nH]c(O)c(N=Nc2nc3cc(Cl)ccc3o2)c(=O)[nH]1,26.43
CC1COCCN1c1nc(-c2cnc(C(C)(C)C#N)c(C#N)c2)cc(-c2cc(F)ccc2C#N)n1,23.3
CC(C)Oc1ncc(-c2nc(-c3cccc(C#N)c3)nc(-c3c(Cl)cnc(-n4nc(CO)cc4C#N)c3F)n2)cc1C#N,22.12
Cc1nc(-c2ccc(-c3ccc(C#N)cc3)cc2)nc(C#N)c1COc1ccc(C#N)cc1Cl,25.97
N#Cc1cc(-c2nc(COCc3ccc(-c4cccs4)nc3)nc(-c3cccnc3)n2)cnc1NC1CNCCC12CC2,40.71
CC(=O)Nc1ccc(N=Cc2cc(C#N)c(Nc3ccc(C#N)cc3)c(C#N)c2O)cc1O,18.86
N#CCn1nc(C#N)nc1-c1ccc(-c2nnco2)c(C#N)c1,13.58
N#Cc1cc(C#N)cc(-c2ccc(-c3nc4nc(C#N)ccn4c3-c3cnc(-c4ccc(F)cc4)c(C#N)c3)cc2)c1,25.69
N#Cc1ccc(-c2ccc(-c3ncc(=N)n(Cc4ccc(F)c(F)c4)n3)cn2)cn1,25.44
N#CCn1cc(-c2cc(-c3cc(C#N)ccn3)cnc2-c2ccncc2)nn1,24.94
CN(C)CC(=O)Nc1ccc(-c2cc(-c3ccc(-c4cccc(C#N)c4)cc3)nc(-c3ccc(-c4ccc(C#N)cn4)nc3)n2)cn1,24.59
N#Cc1ccc(-c2ncc(-c3ccc(-c4cnc(-c5ccsc5)c(C#N)c4)nc3)cc2C#N)cc1,20.59
CC(C)n1nc(-c2ccc(-c3ccc(C#N)c(C#N)c3)cc2)nc1-c1cnc(C#N)c(C#N)c1,12.34
N#Cc1cc(Br)c(F)c(S(=O)(=O)N=c2nc(N3CCOCC3)s[nH]2)c1F,32.47
N#Cc1ccc(-c2cc(-c3nc(-c4cnc(C#N)c(C#N)c4)nc(C(C#N)c4cc(C#N)nc(-c5ccc(-c6ccc(C#N)nn6)cc5)c4C#N)n3)nc(-c3ccc(F)cc3)n2)cc1,36.3
Cc1nc2ccc(NC(=O)c3c(C(F)(F)F)ccc(NC(=O)c4cnc(N5CC(F)(F)C5)c(-n5cnc(C6CC6)c5)c4)c3F)cc2n1C,40.61
N#Cc1ccc(-c2cc(-c3ccc(-c4ccnc(Cl)n4)c(F)c3)cc(C#N)c2C#N)cc1,12.99
N#Cc1ccc(-c2ccc(-c3nc(-c4ccc(C#N)cc4)cc(-c4ccc(C#Cc5cc(-c6ccc(C#N)c(C#N)c6)nc(N6CCC(F)C6)nc5=O)cc4)n3)cc2)cc1,23.49
CSc1cc(C#N)n(-c2nc(-c3ccc(C#N)cc3)c(C#N)s2)n1,18.47
N#Cc1ccc(COc2ccc(C#N)cc2-c2cnc(-c3cc(-c4ccc(-c5ccc(C#N)cc5)cc4)nc(-c4cccc(C#N)c4)n3)c(C#N)n2)cc1,26.09
COc1cc(-c2ccc(C#N)nc2)ccc1-c1cc(F)c(F)c(-c2nc(C#N)nc(-c3ccnc(Cl)n3)c2F)c1,29.22
Cc1c(C=C(C#N)c2nc(CC3CC3)c(-c3nc(-c4cccc(C#N)n4)nc(N4CCOCC4)n3)cc2C#N)cc(C#N)n1C,23.19
N#Cc1ccc(-c2cc(-c3ccc(-c4cnc(C#N)c(C#N)n4)cc3)nc(-c3cccc(-c4cccc(C#N)n4)c3)c2)cc1,17.72
N#CCNc1ccc(C#N)nc1-c1cc(-c2nc(C#N)c(C#N)nc2-c2ccc(C#N)cc2)cc(-c2ccc(-c3ccc(C#N)c(F)c3)cc2)n1,27.46
N#Cc1nc(-c2cc(C#N)c(-c3cccc(OC(F)(F)F)c3)nc2-c2ccc(-c3cnc(C#N)c(C#N)c3)cc2)cc(C2CC2)n1,26.53
N#Cc1ccc(-c2ccc(-c3cc(-c4cnc(-c5ccc(-c6ccc(C#N)cc6)c(C#N)c5)c(C#N)n4)nn3-c3ccc(C#N)c(C#N)c3)cc2)cc1,24.69
N#CCc1ccc(-c2nc(-c3ccc(C#N)cc3)nc(N3CCOCC3)n2)cc1C#N,11.82
CC(C)Oc1ncc(-c2nc(-c3ccc(-c4ccc(C#N)cn4)c(CO)n3)n(C(C)C)n2)cc1C#N,11.85
N#Cc1ccc(C#N)c(-c2nc(-c3cc(C#N)c(C#N)c(C#N)c3)nc(N3CC(F)(F)C3)n2)n1,13.61
N#Cc1cc(-c2cc(C#N)c3nc(NCC(O)C(F)(F)F)c(C#N)n3c2)ccc1-c1cccc(F)c1,31.15
N#Cc1nc(-c2c(C#N)sc(Nc3ccc4c(c3)CCC4)c2-c2cc(F)cc(F)c2)cc(C(C#N)(C#N)C#N)n1,36.35
N#Cc1cc(-n2nc(C(F)F)cc2C#N)cc(-c2cnc(-c3nc(C#N)no3)c(C#N)c2)n1,14.94
Cn1cc(-c2cnc3nc(-c4ccc(-c5ccc(-c6ccc(C#N)cc6)c(C#N)c5)cc4)[nH]c3c2)cn1,18.95
N#Cc1nc(C#N)c(C#N)c(CN(c2ccc(-c3cnn(C4CCNC4=O)c3)cn2)C2CC2)n1,36.52
CC(C)c1cc(-c2ccc(-c3ccn(-c4cc(C#N)c(-c5nc(-c6ccc(C#N)cc6)no5)cn4)n3)cc2)ncc1C#N,32.43
N#CCOc1c(F)c(F)c(F)c(-c2cc(-c3ccc(-c4nc(Cl)nc(C#N)c4C#N)c(C#N)c3)nc(-c3ccccn3)c2)c1F,25.38
CC(C)Oc1ncc(-c2nc(-c3ccc(C#N)nc3C(F)F)cn2C)cc1C#N,16.38
N#Cc1ccc(-c2cnc(-c3ccc(-c4nc(CCN)c(-c5cc(-c6cc(C#N)cc(C(F)(F)F)c6)nc(-c6ccc(C#N)c(C#N)c6)n5)o4)nc3C#N)cc2C#N)cc1,33.71
N#Cc1cc(C(F)(F)F)ccc1-c1cc(NC2CCOCC2)nc(-c2cc(C#N)c(C#N)c(Cl)n2)n1,24.24
N#Cc1ccc(-c2cc(C(=O)NC3CC3)cc(-c3ccc(-n4cccn4)c(C#N)n3)c2)cc1,25.66
CC(CO)N=c1ccc(N=c2[nH]c(C#N)cnc2-c2nc(C3CCOCC3)cc(-c3cnc(-c4ccc(C#N)cc4)c(C#N)c3)c2F)c[nH]1,28.45
N#Cc1ccc(-c2ccc(-c3nc(-c4cc(CO)c(Cl)cc4Cl)nnc3-c3ccc(Br)cc3)cc2)cc1,29.91
CN(C)c1ccc(-c2nc(-c3ccc(C#N)c(-c4ccc(C#N)cc4)c3C#N)nc(C3CCC3)n2)cc1,25.81
Cc1cc(C#N)nc(-c2nc(-c3cnc(OC(C)C)c(C#N)c3)nc(N3CCC(C(F)F)CC3)n2)c1,15.34
N#CCn1c(C#N)cnc1-c1cnc(-c2ccc(-c3ccc(C#N)cc3)cc2)c(-c2ccc(C#N)cc2)c1,13.28
Cc1nc(NC(=O)CC(C)(C)c2ccc(F)cc2)c(C#N)c2c1CCCC2,31.78
N#Cc1cc(Cl)c(Nc2ccc([N+](=O)[O-])c3ncncc23)cc1C#N,26.08
Cn1nc(C#N)nc1-c1ccc(C(O)(C#Cc2cncc(C#N)n2)c2ccc(C#N)cc2)c(C#N)c1,19.47
Cc1cc(C#N)n(-c2ccc(-c3cc(C#N)c(-c4ccc(C#N)cc4Cl)nc3C(F)(F)F)nc2C#N)n1,18.07
N#Cc1ccc(-c2cc(N=CN3CCN(C=O)CC3)nc(-c3ccc(-c4ccc(C#N)c(C#N)c4)cc3)n2)s1,15.65
N#Cc1cccc(-c2nc(-c3cccc(C#N)n3)nc(-c3ncc(-c4cccnc4)cc3C#N)n2)n1,19.38
Cc1ccc(-c2nc(-c3cc(C#N)cc(C#N)n3)nc(N3CCOCC3CF)n2)cc1C#N,14.06
N#Cc1ccc(-c2cc(C#N)ncc2-c2ncc(C#N)cc2C#N)nc1,17.61
N#Cc1ccccc1-c1cc(C#N)c(C#N)c2cc(Cl)ccc12,22.73
N#CC[N+]1(CCO[N+](=O)[O-])Cc2sc(NC(=O)c3ccc(C#N)cc3)c(C#N)c2C1,39.75
CC(=O)N(C#N)c1nc(-c2ccc(C#N)cc2)nc(-c2cc(-c3ccc(C#N)cc3)nc(-c3ccc(C#N)cc3)n2)n1,19.81
N#Cc1ccc(-c2ccc(-c3cc(C#N)nc(-c4ccc(F)c(-c5ccc(C#N)cc5)c4)c3)cc2)cc1,16.72
N#Cc1cc(-c2nc(-c3cccc(F)c3C#N)nc(N3CC4CC3C4)n2)nc(C#N)c1C#N,15.95
N#Cc1ccc(-c2cc(C#N)nc(-c3nc(-c4ccc(C#N)cc4)n[nH]3)c2)cc1,17.15
N#Cc1ccc(-c2ccc(N=c3nc(-c4ccc(C#N)c(-c5cccnc5)c4)cc[nH]3)cc2C#N)cc1,23.02
N#Cc1ccc(NC(=O)c2nc(C(F)(F)F)c(-c3cncc(-c4ccccn4)c3)cc2C#N)c(F)c1,22.97
N#Cc1ccc(-c2nc(-c3nc(Cl)nc(N4CC5CCC(C4)O5)n3)cc(C#N)c2C#N)cc1,25.3
C=c1c(=Cc2c(O)nc3sc(=Cc4nc5ccccc5s4)c(=O)n3c2=O)nc(-c2cccc(C#N)c2)n1-c1ccc(-c2ccc(C#N)cc2)cc1,39.1
C#CCOCn1cc(C#Cc2ccc(C#N)cc2)c(=O)[nH]c1=O,15.61
N#Cc1ccc(-c2ccc(C(C(=O)Nc3cccc(C#N)c3)C3CCCC3)nc2-c2ccc(C#N)cc2)cc1,32.13
CC(C)(C)n1nc(C#N)nc1-c1cnc(-c2ccc(C#N)nc2)c(C#N)c1,12.68
Cn1nc(-c2cc(C#N)nc(-c3cnc(C#N)c(C#N)c3)n2)cc1-c1nc(N2CC3CC2CO3)[nH]c(=N)n1,30.82
N#CCC(=O)c1csc(-c2ccc(-c3cccc(-c4cccc(C#N)c4)c3)cc2)n1,24.8
CC(C)Oc1ncc(-c2nc(-c3cc(C4CCCO4)cc(C#N)n3)nc(N3CC4CC3CO4)n2)cc1C#N,16.03
N#Cc1ccc(-c2nc(-c3cnc(C#N)c(C#N)c3)nc(N3CCc4c(noc4C#N)C3)n2)cn1,17.12
N#Cc1cc(C#Cc2cccc(C#N)n2)c(F)c(NS(=O)(=O)c2ccc(C#N)nc2)c1,23.35
N#Cc1ncnc(-c2cnc(-c3ccc(F)c(C#N)c3F)c(C#N)c2)n1,11.41
Cn1nc(C#N)nc1-c1cnc(-c2ccc(OC(F)F)c(C#N)c2)c(C#N)c1,13.36
N#Cc1ccc(Cn2ccnc2CN2CCCc3cc(-c4nc(C#N)ccc4-c4cncc(C#N)n4)ccc3C2=O)cc1,29.87
N#Cc1cc(-c2nc(Nc3cnc(C#N)c(Cl)c3)nc(-c3cccc(F)c3C#N)n2)nc(Cl)c1C#N,24.72
N#Cc1nc(-c2ccc(-c3nnco3)c(C#N)c2)n(CCN2CCC2)n1,13.5
N#Cc1ccc(-c2cccc(-c3ccc4cc(NC(=O)Cc5ccc(Cl)c(Cl)c5)ccc4c3)c2)cc1,30.49
N#Cc1nccc(-c2ccc(C#Cn3ncc(C#N)c3-c3nc(-c4cc(C#N)c(C#N)c(C#N)n4)ccc3C#N)c(F)n2)n1,30.99
N#Cc1cc(F)cc(-c2cnc(-c3cnnc(-c4cnc(C#N)c(C#N)c4)n3)c(F)c2)c1,21.7
CC(c1ccc(-c2cnc(-c3ccc(F)cc3)c(C#N)c2)cc1C(F)(F)F)n1ncc(C#N)c1-c1cccc(-c2nc(Cl)nc(Cl)n2)c1,26.43
Cc1noc(C2CCCN2c2nc(-c3cnc(C(C)(C)O)c(C#N)c3)nc(-c3cncc(C#N)n3)n2)n1,21.94
C=CCNC(=O)Nc1cccc(-c2nc(-c3cnc(C#N)c(C#N)c3)nc(N3CCOCC3C)n2)c1,25.92
N#Cc1ccccc1-c1ccc(Cc2c(C#N)nn(-c3ccccc3C#N)c2C(=O)O)cc1,20.66
N#Cc1ccc(-c2ccc(-c3nc(-c4ccncc4)n(-c4ccc(C#N)cc4C#N)n3)cn2)cc1,19.62
N#CCn1nc(-c2ccc(-c3cccc(C#N)c3)cc2)c(C#N)cc1=O,17.41
Cc1ccc(NC(=O)c2ncccc2C(=O)O)cc1-c1nc(-c2ccc(C#N)c(C#N)c2)nc(N2CCOCC2)n1,23.07
N#Cc1cc(F)cc(C#Cc2nc(C(F)(F)F)nn2-c2nc(-c3cnc(C#N)c(C#N)c3)nc(-n3cccc3C#N)n2)c1,22.91
Cn1c(C#N)ccc1-c1cc(-c2ccc(-c3nnco3)c(C#N)c2)nc(-c2ccc(-c3ccc(C#N)cn3)nc2)n1,17.07
N#Cc1ccc(-c2csc(N=c3cc(C#N)c(-c4ccc(C#N)c(C#N)c4)nc(C#N)n3)n2)cc1,19.91
CC1(OC(=O)N2CCC(n3nc(-c4ccc(-c5ccc(C#N)cc5)c(C#N)c4)nc3-c3cnc(C#N)c(C#N)c3)C2)CC1,20.92
N#Cc1ccc(-c2ccc(-c3cccc(-c4cc(-c5ccc(C#N)c(C#N)c5)c(C#N)c(N=C5C(=O)Nc6ccc(F)cc65)n4)c3)cn2)cc1,24.04
N#Cc1ccc(-c2ccc(-c3cc(C#N)cc(-c4ccc5c(ccn5-c5ccc(C#N)cc5C#N)c4)n3)cc2)nc1,22.17
N#Cc1cc(F)ccc1CN1CCNc2cc(-c3ccc(-c4cnc(C#N)c(C#N)c4)nc3)nc(C#N)c21,25.99
N#Cc1ncc(-c2cc(C#N)c(-c3ccc(-c4nc(C#N)c(C#N)nc4-c4ccc(Cl)c(F)c4F)c(F)c3F)nc2C#N)s1,28.77
CNC(=O)c1cccc(N=c2nc(N3CCCC3Cn3cnc(-c4ccc(F)c(C#N)c4)n3)nc[nH]2)c1,26.5
COc1cc(-c2nc(C#N)nc(N3CC(C#N)C3)n2)cc(C#N)c1C#N,18.53
Cc1ccc(C#N)n1-c1cc(-c2cc(-c3c(F)c(F)c(C#N)c(F)c3F)nc(-c3ccc(C#N)cc3)n2)nc(-c2ccc(-c3ccc(C#N)cc3)nc2)n1,21.62
N#Cc1ccc(-c2nc(-c3cc(-c4ccc(C#N)c(F)c4)cc(-c4ncccc4C#N)n3)ncc2C#N)cn1,19.76
N#Cc1ccn(-c2ccc(F)c(-c3nc(-c4cnc(F)c(-c5ccc(C#N)c(F)c5)c4)ncc3C#N)c2)n1,31.53
N#Cc1ccc(-c2nc(-c3ccc(-n4cccc4C#N)cn3)nc(-c3cnc(-c4ccc(C#N)c(C#N)c4)c(F)c3F)n2)cc1,18.22
Cn1nc(-c2cc(-c3ccc(C#N)nc3)nc(-c3ccc(C#N)cc3)n2)cc1-c1ccc(C#N)n1C,16.75
Cn1c(-c2ccc(C#N)c(C#N)c2)ccc1-c1cc(-c2cncc(-c3cnc(=N)[nH]c3)c2)cnc1-c1ccc(-c2ccc(C#N)nc2)nc1,24.88
CCn1cc(C#N)nc1-c1nc(-c2cc(C#N)c(C#N)c(C#N)n2)cc(N2CCCC3C2C(=O)N3CCO)n1,27.68
N#Cc1ccc(-c2ccc(-c3nc(-c4ccc(-c5cnc(C6CC6)c(C#N)c5)nc4-c4cnc(C5CC5)c(C#N)c4)nn3-c3ccc(C#N)cc3)cc2)cc1,23.67
Cn1cc(-c2cc(C#N)nc(C#N)c2)nc1-c1cnc(C=NOCC#N)c(C#N)c1,21.74
Cc1cc(-n2cc(-c3cc(-c4ccc(C#N)cc4)cc(C#N)n3)nn2)nc(-c2noc(-c3ccc(Cl)cc3)c2C#N)n1,23.53
N#Cc1ccc(-c2nc(-c3ccc(C#N)c(C#N)c3)cc(-c3cc(-c4cc(C#N)c(C#N)cc4F)nc(C#N)n3)n2)cc1,18.39
Cn1c(-c2cnc(-c3ccc(C#N)cc3)c(-c3cccc(C#N)n3)c2)nc(-c2ccc(-c3ccc(C#N)cc3)nc2)c1-c1ccc(-c2ccc(C#N)cc2)cc1,23.38
N#Cc1ccc(-n2cc(C#N)c(-c3ccc(C(F)(F)F)c(C#N)c3)n2)cc1NN,24.16
N#Cc1ccc(-c2ccc(-c3c(Cl)ncn3-c3ccc(-c4cccc(C#N)n4)cc3C#N)cc2)cc1,19.71
N#Cc1cnn(-c2ccc(C#N)c(-c3nc(-c4cnc(C#N)c(C#N)n4)nc(N4CCOCC4)n3)c2F)n1,20.07
CNc1ccc(-c2nc(-c3ccc(-c4ccc(C#N)cc4)c(C#N)c3)cc(C3CCCN3C(=O)OCC(C)C)n2)cc1C#N,29.88
N#Cc1cc(-c2cc(-c3nc(-c4cc(C#N)c(C#N)c(C#N)n4)ccc3C#N)ccn2)cnc1C#N,18.66
N#Cc1ccc(-c2ccc(C#Cc3ccc(-c4ccc(C#N)cc4)c(C#N)n3)cc2C#N)cc1,16.17
N#CCn1nc(C#Cc2cc(-c3ccc(C#N)c(C#N)c3)ccc2C#N)[nH]c1=O,29.18
Cn1nc(-c2nc(C#N)cc(C3CCCC3C(=O)NC3(c4ccnc(-c5cnc(C#N)c(C#N)c5)c4)CC3)c2F)nc1-c1cc(C#N)c(C#N)c(C#N)n1,31.1
N#Cc1ccc(-c2ccc(-c3nc(-c4ccc(C#N)cc4)nc(-c4ccc(-n5nc(C(=O)N6CCOCC6CC(=O)O)cc5C#N)cc4C#N)n3)cc2)cc1,29.04
C#Cc1nc(Nc2c(C#N)nc(-c3cc(F)c(-c4ccc(C#N)nc4)cc3Cl)n2C)ccc1C#N,25.69
CC(CO)NCc1nc(C(F)F)c(-c2ncc(C#N)c(-c3ccc(-c4ccc(C#N)cn4)cc3)n2)cc1C#N,19.95
CC(C)c1nc(-c2ccc(C#N)cc2)c(C#N)c2c1C(O)CC(C)(C)C2,17.94
N#Cc1nc(-c2ccc(-c3cnc(N)c(C#N)n3)nc2)cc(-c2cc(C#N)c(N3CCC34COC4)nn2)n1,25.75
N#Cc1c2ccccc2c(-c2nc(-c3cc4cccc(C#N)c4[nH]3)nc(-c3cncc4ccccc34)n2)c2ccccc12,22.14
Cc1cc(-c2ccc(C#N)cc2)c(C#N)cc1-c1ncn(Cc2c(C#N)ncc(-c3cnc(N(C)C)nc3)c2Cl)n1,39.05
Cn1cc(-c2ccc(-c3nc(C#N)c(C#N)nc3C#N)cc2F)c(-c2ccc(C#N)nc2)n1,18.26
COc1cc2c(O)c(-c3c(C(O)O)cc4c(CC=C(C)C)c5c(=O)c6cccc(O)c6[nH]c5c(O)c4c3O)c(O)cc2c(C(=O)C=Cc2ccc(O)c(O)c2)c1O,57.63
N#Cc1ccc(-c2nc(-c3ccc(C#N)nc3)cc(-c3sc(-c4cc(Nc5cncnc5)nc(C#N)n4)cc3C#N)n2)c(F)c1,29.99
N#Cc1ccc(-c2cc(C#N)c(Cn3nccc3C#N)nc2-c2ccc(C#N)cc2)cc1,14.91
CC(C)n1nc(-c2nc(C#N)cc(-c3ccc(-c4ccnc(C#N)n4)cc3)n2)c2cc(C#N)cc(-c3ccc(C#N)nc3)c21,26.19
Cc1c(-c2ccc(-c3cc(C#N)c(-c4ccc(C#N)cc4)c(C#N)c3)cc2F)[nH]c2cc(C#N)ncc12,24.71
N#Cc1cccc(-c2nc(-c3ccc(-c4ccc(C#N)c(F)c4)cc3)nc(-c3ccc(-c4cc(Cl)cc(Cl)c4)nc3)n2)n1,16.95
Cc1nc(C#N)nc(-c2ccc(-c3cc(-c4ccc(C#N)c(C#Cc5cncc(C#N)n5)c4)ccc3F)cc2C#N)n1,20.49
N#Cc1ccc(-c2cnc(-c3ccc(-c4nc(-c5ccc(-c6ccc(C#N)nc6)cc5)nc(-c5ccc(C#N)c(C#N)c5)n4)c(F)c3)cc2C#N)cc1,21.78
N#Cc1ccc(-c2ccc(-c3noc(-c4cc(C#N)c(F)c(-c5ccc(C#N)c(C#N)c5)c4)n3)cc2)cc1C#N,24.26
CC(C)n1nc(-c2cc(C#N)c(C#N)c(Cl)n2)nc1-c1ccc(C#N)c(-c2cnc(C#N)c(C#N)c2)n1,16.51
N#Cc1ccc(-c2ccc(-c3nnc(-c4ccc(C#N)c(C#N)n4)c(-c4ccc(-c5cccc(C#N)c5)cc4)n3)cn2)nc1,21.91
N#Cc1ccc(-c2cc(-c3ccc(-c4ccc(C#N)c(C#N)c4)nc3)nnn2)cn1,21.24
N#Cc1cccc(-c2nc(-c3cc(F)c(C#N)cn3)cc(-c3c(F)c(F)c(C#N)c(F)c3F)c2C#N)n1,13.9
N#Cc1cc(-c2ccc(-c3cc(C#N)c(C#N)[nH]3)nc2)cnc1-c1ccc(-c2nc(C#N)c(C#N)nc2-c2ccc(Cl)cc2)cc1Cl,26.75
COc1cc(-c2cc(C#N)nc3cc(-c4cnc(C#N)c(C#N)n4)cnc23)ccc1C#N,21.61
N#Cc1c(-c2c(F)c(F)c(F)c(F)c2F)cc(-c2ccc3ccc(-c4cn[nH]c4)cc3c2O)nc1Cl,34.78
N#Cc1ccc(=Nc2nnc(-c3cc(-c4cc(C#N)c(C#N)c(C#N)n4)ccc3F)cc2C#N)[nH]n1,23.34
CC(C#N)Nc1ccc(-c2nc(-c3cnc(-c4ccc(F)c(C#N)c4)c(C#N)c3)nc(N3CCOCC3)n2)cc1C#N,17.49
Cn1c(C#N)ccc1-c1ccc(-c2nc(-c3ccc(C#N)cc3)nc(-c3ccc(-c4ccc(C#N)cn4)cc3C#N)n2)cc1C#N,20.07
N#Cc1ccc(-c2nc(-c3ccc(Cl)s3)cc(-c3[nH]ncc3-c3ccc(C#N)c(C#N)c3)n2)cc1,24.76
N#Cc1ccc(-c2ccc(-c3nc(-c4ccc(-c5cnc(C#N)c(C#N)n5)nc4)nc(-c4ccc(C#N)c(C#N)c4)n3)cc2)cc1,14.18
Cc1ccc(S(=O)(=O)NCC2CCCO2)cc1NC(=O)c1ccc(C#N)o1,32.74
Cc1nc(C#N)c(C#N)cc1-c1ccc(-n2cc(C#N)nc2-c2ccnc(C#N)n2)cc1,21.83
CN(C)c1ccc(-c2ncc(-c3ccc(-c4cc(-c5ccc(C#N)cc5)nc(-c5cccc(-c6ccc(C#N)cc6)n5)c4)nc3)cc2-c2ccc(C#N)cc2)cc1,24.33
Cn1nc(-c2cc(-c3nc(Cl)nc(Cl)n3)cc(C#N)n2)c(C#Cc2ccc(C#N)cc2)c1-c1ccc(Cl)cc1,19.63
N#Cc1ccc(-c2ncc(-c3cnc(-c4cnc(C(F)(F)F)c(C#N)c4)nc3)cc2C#N)cc1,16.82
N#Cc1cc(-c2ncc(-c3cc(F)c(-c4cnc5cc(-c6cncnc6)ccn45)s3)cc2C#N)cnc1C#N,36.15
N#Cc1c(-c2ccc(F)cc2)oc(=O)c2ccc(-c3nc(-c4ccc(F)cc4)c(-c4ccc(F)cc4)n3Cc3ccc(C(=O)N=c4nn[nH][nH]4)o3)cc12,38.46
N#Cc1ccc(-c2cc(-c3ccc(F)cc3C#N)nc(NC(=O)N=c3cc(C#N)cc[nH]3)c2C#N)cc1,23.05
N#Cc1ccc(-c2cncc(-c3ncn4c(-c5cnc(C#N)c(C#N)c5)nc(-c5cnc(C#N)c(C#N)c5)cc34)n2)cc1,21.99
N#Cc1ccc(-c2ccc(-c3nc(-c4ccc(F)c(Cl)c4F)c(-c4cc(-c5ccccc5)no4)cc3C#N)cc2C#N)cc1,26.69
Cn1nc(C#N)nc1-c1cc(-c2ccc(C#N)cc2)nc(-c2cccc(C#N)n2)n1,15.75
Cc1nc(N(C)C)c(C#N)nc1-c1cc(-c2cc(C#N)nc(-c3ccc(C#N)cn3)c2)c(F)c(-c2ncc(C#N)n2C)c1,35.99
N#Cc1cnn(-c2cc(C#N)nc(-c3cnc(-c4cnc(C#N)c(C#N)c4)c(C#N)c3)c2)c1,14.83
N#Cc1nc(-c2cnc(-c3ccc(OC(F)(F)F)c(C#N)c3)c(C#N)c2)n(C2CCN(C(C(=O)CO)c3ccc(C#N)c(C#N)c3)CC2)n1,28.46
CCCc1nc(-c2ccnc(-c3cc(F)c(F)c(C#N)c3F)n2)nc(-c2cc(C#N)c(C#N)[nH]2)n1,16.81
Cc1cccc(-c2cc(C#N)ccc2-c2cc[nH]c(=Nc3ccc(-c4ccc(C#N)nc4F)cc3)n2)n1,31.81
Cn1c(-c2ccc(C#N)c(C#N)c2)ccc1-c1cc(-c2cncc3cc(C#N)cnc23)ccc1C#N,27.37
N#Cc1ccc(-c2ccc(-c3nc(-c4cnc(C#N)c(C#N)c4)nc(-c4c(F)c(F)c(C#N)c(F)c4F)n3)cc2F)cc1,16.8
CNc1cc(-c2n[nH]c(-c3ccc(C#N)cn3)n2)cc(C#N)c1C#N,19.52
N#Cc1ccc(CNC(=O)c2cc(-c3ccc(C#N)cn3)nc(-c3cnc(C#N)c(C#N)c3)n2)cc1,21.61
N#Cc1cc(-c2cc(-c3ccc(C#N)c(C#N)c3)cc(C#N)n2)cc(C#N)n1,16.62
N#Cc1ccc(-c2ncc(-c3ccc(-c4nc(-c5ccc(C#N)cc5)c(-c5ccc(F)nc5)n4CCO)cc3)cc2C#N)cc1,25.56
N#Cc1ccc(-c2ccc(-c3nc4cc(-c5cccc(-c6ccc(CN)s6)c5)c(-c5ccc(-c6ccc(C#N)cc6)cn5)c(C#N)c4[nH]3)cc2)cc1,41.47
N#Cc1ccc(-n2nc(-c3ccccn3)nc2-c2c(F)c(F)c(C#N)c(F)c2F)cc1,16.49
C=CCN1C(=S)N(c2cccc(Cl)c2)C(=S)C1=Nc1ccc(C#N)c(C(F)(F)F)c1,27.91
COc1cc2c(cc1OC)N(C=Nc1nc(-c3ccccn3)cc(-c3c(F)c(F)c(F)c(F)c3F)c1C#N)CC2,24.36
N#Cc1nc(C#CCOc2ccc(-c3ccc(-c4ccnc(Cl)n4)cc3)cc2)cnc1N,23.75
CC(CC#N)N=c1ccc(-c2ccc(NC(=S)NCc3ccc(-n4cc(C#N)nc4C(F)(F)F)c(F)c3)cc2)c[nH]1,38.01
N#Cc1cc(-c2ccc(C#N)c(F)c2)cc(-c2cn(-c3cccc(C#N)n3)cn2)n1,20.34
Cc1cc(C)cc(-c2nn(C)cc2-c2cc(-c3cnc(C#N)c(C#N)n3)nc(-c3ccc(C#N)c(C#N)c3)n2)c1,23.08
Cn1c(C#N)ccc1-c1cc(-c2cc(C#N)c(C#N)c(-c3ccc(C#N)cc3)c2)nc(-c2cnc(C3CCCCC3)nc2C(C#N)(C#N)c2cc(C#N)cc(C#N)c2)n1,32.57
N#CCc1ncc(-c2nc(-c3ccc(C#N)cc3)n(CC3CCC(C#N)N3)n2)cc1C#N,20.05
CCC1CN(C(=O)C(C#N)c2ccncc2)CCN1c1nc(-c2ccc(C(=O)NC)c(F)c2)nc(-c2cnc(C#N)c(C#N)c2)n1,36.33
N#Cc1ccc(-c2cccc(Cc3c(Cc4ccc(-c5ccc(C#N)nc5)cc4)nc4cc(C#N)ncn34)n2)cc1,30.52
N#Cc1ccc(-c2cc(C#N)nc(-c3cc(-c4cncc(C#N)c4)nc(-c4ccc(-c5cccc(C#N)n5)c(C#N)c4)n3)c2)cc1,20.17
N#Cc1ccc(-c2[nH]c(C#N)nc2-c2ccc(-c3ccc(C#N)c(F)c3)cn2)cc1,18.58
N#Cc1ccc(-c2ccc(-c3nccc(-c4ccc(C#Cc5ccc(-c6cccc(C#N)n6)cn5)cc4)n3)cn2)cc1,21.8
N#Cc1ccc(C#Cc2nc(N3CCC(O)C3)ncc2-c2ncc(-c3ccc(-n4nccc4C#N)cc3Cl)cc2C#N)cc1,25.72
CC(C)Oc1ncc(-c2nc(-c3ccc(-c4ccc(OC(C)C#N)c(C#N)c4)cc3)c(C#N)n2C)cc1C#N,20.28
Cc1cc(-c2cc(-c3ccc(-c4ccnc(-c5cnc(C#N)c(C#N)c5)n4)cn3)cc(-c3c(F)c(F)c(F)c(F)c3F)n2)cc(C)n1,28.7
N#Cc1ccc(-c2cc(-c3[nH]c(-c4ccc(-c5ccc(C#N)cn5)nc4)nc3-c3cccc(C#N)n3)nn2Cc2cccc(C#N)c2)cc1,26.52
Cc1nc(-c2ccc(-c3cc(F)cc(C#N)c3)c(C#N)n2)nn1-c1cc(-c2ccc(C#N)c(C#N)c2)ncc1C#N,25.3
CCc1cc(-c2cc(C#Cc3cnc(=NC(C)C(=O)Nc4ccccc4)[nH]c3)ccc2C#N)nc(C#N)n1,40.66
COc1cc(-c2ccc3c(n2)C(=O)c2ccc(Nc4nc(C#N)cc(-c5cn(C)cn5)n4)cc2C3=O)ccc1C#N,19.15
Cn1c(C#N)ccc1-c1cc(-c2cnc(-c3cnc(C#N)c(C#N)c3)c(C#N)c2)nc(C#N)n1,11.75
CNc1sc(-c2nc(-c3nccc(C#N)n3)cc(-c3ccc(C#N)cc3)c2C#N)nc1C#N,15.53
N#Cc1ccc(-c2cc(C(=O)C=Cc3cccc(-c4cc(C=Nn5cnc6ccccc6c5=O)nc5ccc(F)cc5c4=O)c3)n(-c3ccc(Br)cc3)n2)cc1,44.73
N#Cc1ccc(-c2cc(-c3ccc(-c4nc(C#N)c(C#N)nc4-c4ccc(C#N)c(C#N)c4)cc3)nc(C#N)n2)cn1,14.27
C=C1CC(C#Cc2ccc(-c3ccc(N=[N+]=[N-])cc3)cc2)OC1n1ccc(=O)[nH]c1=O,38.17
N#Cc1ccc(-n2c(-c3ccc(Cl)cc3)c(-c3ccc(Cl)cc3)c(C#N)c2-n2cccc2)cc1,14.47
COc1cc(-n2cnnn2)ccc1OCC(=O)Nc1cc(Cl)ccc1-n1cncn1,27.0
CC(CO)N(C)c1ncc(-c2nc(-c3cnc(C#N)c(C#N)c3)nc(N3CC4CC3C4)n2)cc1C#N,17.27
N#Cc1ccc(-n2c(Cn3ccc4ccccc4c3=O)nc(C#N)c2N)cc1,22.31
CC(=O)Nc1c(C#N)nc(-c2ccc(-c3ccc(C#N)c(C#N)c3)cc2)nc1-c1ccc(-c2ccc(C#N)cc2)cc1,16.07
CC1(C)c2cc(-c3ccnc(N4CCN(Cc5cccc(C#N)n5)CC4)n3)ccc2C(=O)c2c1[nH]c1nc(C#N)ccc21,29.67
CC#CC(Nc1cc(-c2ccc(C#N)cc2)nc(-c2cc(C#N)c(C#N)c(Cl)n2)n1)C1CC1,21.59
N#Cc1ccc(-c2cc(-c3cccc(CNC(=S)Nc4cccc(C#N)c4)c3F)nc(-c3ccc(C#N)cc3)n2)cc1,27.7
N#Cc1ccc(-n2nc(C#N)cc2Cn2nc(-c3ccc(C#N)c(F)c3)nc2-c2ccnc(-n3cccn3)c2)cc1,27.26
CN=c1[nH]cc(-c2ccc(-c3cc(-c4ccc(C#N)c(C#N)c4)nc(-c4ccc(C#N)cc4)n3)nc2)nc1C#N,18.36
CN(C)c1cncc(-c2ccc(-c3nc(-c4ccc(CNC5CCOCC5)c(C#N)c4)nc(-c4cc(C#N)c(C#N)c(C#N)c4)n3)cn2)c1,30.52
N#Cc1ccc2cc(C(=O)Nc3nnc(C(=O)NCc4ccc(C#N)c(F)c4)c(C#N)[n+]3[O-])ccc2c1,43.72
N#Cc1ccc(C#Cc2ccc(-c3cnc(C#N)nc3OCc3cc(C#N)ccc3C#N)nc2)cc1,21.35
N#Cc1ccc(-c2ccc(-c3nc(C#N)nc(N4CC5CC5(N)C4)c3-c3ccncc3)cn2)cn1,28.62
N#Cc1cc(C#N)n(-c2ccc(-c3ncc(C#N)c(-c4ccc(-c5ccc(F)c(Cl)c5)c(C#N)c4)n3)c(F)c2)n1,22.34
N#Cc1nc(-c2c(F)cc(-c3c(F)ccc(F)c3F)cc2F)[nH]c1N,25.18
N#Cc1ccc(-c2ccc(-c3cc(-c4ccc(-c5ccnc(C#N)n5)nn4)nc(-n4cnc5c(-n6ncc(-c7ccc(F)c(C#N)c7)n6)cccc54)c3)cc2)cc1,33.63
N#Cc1cncc(-c2ccc(-c3cnc(-c4ccc(C#N)c(C#N)c4)c(C#N)c3)cn2)c1,14.93
N#Cc1ccc(-c2ccc(-c3nc(-c4ccc(C#N)cn4)nn3-c3ccc(C#N)c(C#N)c3)cn2)nc1,17.59
N#Cc1ccc(C(C#N)Oc2nc(-c3cc(C#N)nc(-c4ccnc(C#N)c4C#N)n3)cc(C#N)c2C#N)cc1,24.5
N#Cc1ncc(-c2cc(-c3cnc(C#N)c(C#N)c3)nc(-c3cc(C#N)c(C=CC(N)=O)cn3)n2)cn1,24.75
N#CCCn1nc(-c2ccc(-c3ccc(-c4nc(C#N)c(C#N)[nH]4)c(C#N)c3)c(C#N)c2)cc1C#N,18.22
N#Cc1ccc(-c2ncc(-c3nc(C(F)(F)F)ccc3C(=O)Nc3cc(C#N)cc(C#N)c3)cc2C#N)nc1,22.12
CN(C)CC(=O)N=c1[nH]c2cc(C#N)c(C#N)cc2cc1-c1ccc2nc(-c3ccc(C#N)c(C#N)c3)nc(-c3cncc(C#N)c3)c2c1,37.49
N#Cc1ccc(-c2cc(CN(Cc3ccco3)c3oc(-c4ccc5c(c4)OCO5)nc3C#N)cc(-c3ccc(C#N)c(C#N)c3)c2)nc1,32.56
N#Cc1cn(CCN(Cc2cccc(-c3cccc(C#N)n3)c2)C(=O)N=c2[nH]cc(C#N)s2)cn1,32.54
N#Cc1cc(-c2ccc(-c3cc(C#N)n(Cc4noc(-c5ccc(C#N)c(Cl)c5)n4)n3)cc2C#N)ccc1F,20.42
N#Cc1c(F)c(C#N)c(N=c2ncn(-c3ccc(F)cc3)[nH]2)c(C#N)c1F,33.49
CC(C)N=c1cc(-n2ccc3cc(C#N)cnc32)[nH]cc1C(=O)Nc1cncc(C#N)c1,28.55
COCCN(CC#Cc1ncc(-c2nc(COC)cc(-c3ccc(C#N)cc3)n2)cc1C#N)C(C)=O,27.15
COc1nc(-c2nc(-c3ccc(C#N)cc3)nc(-c3ccc(-c4ccc(C#N)cn4)nc3)n2)ccc1-n1nccc1C#N,10.81
N#Cc1ccc(-c2ccc(-c3nc(-c4ccc(C#N)cc4)cc(-c4cc(C#N)nc(SCc5ccc(C#N)c(-c6ccc(-c7cccc(C#N)n7)cc6)c5)c4C#N)n3)cc2)cc1,23.06
N#Cc1cc(C#N)cc(-c2ccnc(C(=O)c3ccc(C#N)nc3-c3ccc(C#N)c(C#N)c3)n2)c1,25.97
CN(C)C1(C(=O)NCc2nc(-c3cccc(C#N)c3)nc(-c3cnc(C#N)c(C#N)c3)n2)CCC1,23.84
Cc1sc(C#N)nc1-c1cc(C#N)c(-c2ccc(-c3nc(C#N)c(C#N)nc3-c3ccc(C#N)cc3)cc2-c2ccc(-c3cnc(C#N)c(C#N)n3)cc2)c(C#N)n1,31.97
N#Cc1ccc(-c2nc(-c3ccc(-c4cccc(C#N)n4)cc3)c(C#N)cc2CNC2CCN(c3ccc(C#N)cn3)C2)cc1,29.98
CC(C)Oc1ncc(-c2nc(-c3ccc(-c4ccc(C#N)cn4)nc3)n(CC(=O)N3CCN(C(=O)C(C)N)CC3)n2)cc1C#N,23.73
Cn1cc(C#N)nc1-c1cc(-c2cc(-c3ccc(-c4nc(C#N)c(C#N)nc4C#N)cc3)nc(-c3cnc(N)c(C#N)n3)n2)c(C#N)cn1,21.43
CS(=O)(=O)c1ccc(-n2cnc(-c3ccc(-c4nnco4)c(C#N)c3)n2)c(C#N)c1,17.73
C#CCOc1ccc2c(c1)COc1ccc(Nc3cnc(-c4ccc(C#N)cc4)c(C#N)c3)cc1C2=O,26.59
CC(C)Oc1ncc(-c2nc(-c3ccc(C#N)c(C#N)c3)cc(-c3cnc(-c4ccc(C#N)cc4F)c(C#N)c3)n2)cc1C#N,18.51
N#Cc1ccc(-c2nc(-c3nc(-c4cccc(C#N)n4)nn3-c3ccc(-c4cc(F)c(C#N)c(F)c4)c(F)c3)cc(C(F)(F)F)n2)cn1,32.2
N#Cc1ccc(C(=N)N=c2[nH]c(-c3ccccn3)cc(-c3cccc(Cl)c3Cl)c2C#N)cc1,19.19
N#Cc1ccc(-c2ccc(-c3nc(-c4ccc(-c5ccc(C#N)cc5)cc4)c(-c4cc(-c5ccc(-c6ccc(C#N)c(C#N)c6)cc5)nc(-c5ccc(C#N)cc5)n4)[nH]3)cc2)cc1,16.4
N#Cc1cccc(-c2ncc(-c3nc(Cl)nn3C3CCCCCC3)cc2C#N)c1,18.71
N#Cc1ccc(-c2cc(-c3cc(-n4cc(C#N)cc4C#N)nc(-c4ccc(-c5ccc(C#N)cc5)s4)n3)cc(-c3ccc(C#N)cc3)n2)cc1,25.11
N#Cc1ccc(-c2ccc(-c3nc(-c4ccc(C#N)cc4)nc(-c4nc(-c5ccc(-c6ccc(C#N)cc6)cc5)n(-c5ccc(-c6cnc(C#N)c(C#N)c6)cn5)c4N)n3)cc2)cc1,29.36
N#Cc1ccc(-c2nc(OCCCO)nc(-c3cc(C#N)nn3-c3ccc(C#N)c(F)c3)c2F)nc1,24.9
N#CCC(=O)N1CCC(n2nc(C#N)nc2-c2cnc(-c3cncc(C#N)c3)c(C#N)c2)CC1,17.12
N#Cc1ccc(-c2ccc(-c3cc(-c4ccccc4C#N)cc(-c4ccncc4)n3)nc2)cc1,17.96
N#Cc1cnc(-c2ncc(C#N)c(-c3cc(F)c(-c4cnc(Nc5cnc(C#N)c(C#N)c5)c(C#N)n4)c(F)c3F)c2F)cn1,23.06
Cc1cc(C#N)cn1-c1cc(-c2ccc(-c3ccc(C#N)c(C#N)c3)nc2)cc(-c2cc(-c3ncccc3C#N)ccc2C#N)c1,20.51
N#CCc1ncc(C#Cc2ccc(N=c3ccc(C#N)c[nH]3)cc2C=O)c(-c2cnc(C#N)c(C#N)c2)n1,33.6
COc1nc(C)c(CSc2nc(-c3ccc(-c4cc(-c5cccc(C#N)c5F)cc(-c5n[nH]c(C)n5)n4)cc3)nc(N3CCOCC3)n2)cc1C#N,30.05
N#Cc1ccc(-c2cc(-c3c[nH]c(=N)c(-c4cc(C#N)c(=N)[nH]n4)c3)nc(-c3ccc(C#N)cc3)n2)cc1,19.5
N#Cc1ccc(-c2cc(C#N)n(-c3cc(-c4cnc(-c5cnc(C#N)c(C#N)c5)s4)cc(C#N)n3)n2)cn1,19.92
Cc1nc(-c2cc(-c3cc(F)c(C#N)c(F)c3)c3nc(-c4ccc(-c5ccnc(C#N)c5)c(C#N)c4)ncc3c2)cc(-c2ccc(C#N)n2C)n1,33.91
Cc1ccc(C#N)nc1-c1nc(-c2cc(F)c(OC(C)c3ccc(C#N)cc3)c(C#N)c2)nc(N2CC3CC2C3)n1,21.17
COc1cc2sc(-c3ccc(C#N)c(C#N)c3)c(Br)c(=O)c2cc1-c1cc(C#N)c(-c2cnc(C#N)c(C#N)c2)s1,33.56
N#Cc1ccc(-c2ncc(-c3cc(-n4nc(C(N)=O)cc4C#N)nc(C#N)c3F)c(F)c2F)cn1,18.61
N#Cc1ccc(-n2nc(C#N)cc2-c2ccc(-c3ccc(C#N)c(C#N)c3)nc2)cc1,14.22
Cn1cc(NC(=O)c2cc(-c3cccc(-c4ccc(C#N)c(C#N)c4)c3)cs2)cc1C(=O)NCCN1CCOCC1,24.96
N#Cc1ccc(-c2cc(C#Cc3cc(-c4nc(-c5cnc(C#N)c(C#N)c5)c(C#N)[nH]4)c(C#N)cn3)nc(-c3ccc(F)c(C#N)n3)n2)cc1,29.87
N#Cc1cc(-c2nc(C3CCC3)n3ccnc3n2)cnc1-c1ccc(F)cc1,15.07
N#Cc1ccc(-c2ccc(-c3nc(-c4ccc(C#N)cc4)nc(-c4cc(C#N)cc(-n5nccc5C#N)c4)n3)cc2)cc1,11.52
N#Cc1cc(-c2cnc(-c3ccc(N)c(C#N)n3)cc2C#N)cc(-c2nc(C#N)ncc2C#N)c1,24.14
N#Cc1ccc(-c2cc(CNc3cccc(-c4ccc(C#N)[nH]4)c3F)ccc2C#N)cc1,23.66
N#Cc1cc(-c2cc(F)c(S(=O)(=O)N=c3[nH]cc(C#N)s3)c(F)c2F)cc(OC(C(F)(F)F)C(F)(F)F)n1,35.03
Cc1nc(-c2nc(-c3cnc(C#N)c(C#N)c3)nc(N3C(C)CCC3C)n2)cc(-n2nccc2C#N)n1,22.57
N#Cc1ccc(-c2ccc(-c3nc(-c4cccc(C#N)n4)nc(-c4cc(-c5nccc(C#N)n5)nc(Cl)n4)n3)nc2)cc1,19.5
N#Cc1ccc(-c2oc(-c3ccc(-c4cccc(C#N)c4)cc3)nc2CC(F)(F)F)cc1,20.43
COc1ccc(NS(=O)(=O)c2cccc(NC(=S)N3CCN(C)CC3)c2)cc1,29.22
N#Cc1ccc(-c2ccc(-c3nc(-c4ccc(-c5ccc(C#N)cc5)nc4)cc(-c4cccc(-c5ccc(C#N)cc5)c4)n3)nc2)cc1,14.48
N#Cc1ccc(N=C(NCc2ccc(N=C(N)N)c(F)c2)Nc2ccc(-c3ccc(-c4ccc(C#N)cc4)cc3)cc2)cc1,32.42
CC(C)Oc1ncc(-c2nc(-c3nc(C#N)cn3C3CCCC3)cc(N3CCC(F)(F)CC3)n2)cc1C#N,17.62
Cc1c(C#N)cc(-c2nc(-c3nc(C#N)ccc3C#N)nc(N3CC4CC3CO4)n2)nc1C#N,11.25
N#Cc1ccc(-c2ccc(-c3nc(-c4ccc(-c5ccc(C#N)cc5)cc4)n(-c4ccc(O)c(C#N)c4)c3C#N)cc2)cc1,20.18
N#Cc1cncc(Cn2c(-c3cccc(C#N)n3)cnc2C#N)c1,18.09
N#Cc1ccc(-c2ccc(-c3nn4c(-c5ccc(-c6ccc(C#N)cc6)cc5)cnc4s3)cc2)cc1,15.19
N#Cc1cc(-c2ccc(-c3ncnc4[nH]ccc34)nc2C#N)cnc1C#N,23.28
COc1cccc(-c2nc(-c3ccc(C#N)c(-c4ccc(C#N)c(C#N)c4)n3)nc(-c3c(F)c(F)c(C#N)c(F)c3F)n2)n1,26.89
COc1ccc(-c2ccc(-n3nc(C#N)cc3-c3ccc(-c4ccc(C#N)cc4)cc3)c(C#N)c2)cc1C#N,11.98
N#Cc1ccc(-c2ccc(-c3nc(C#N)c(C#Cc4c(F)ccc(F)c4F)c(-c4ccc(F)c(C#N)c4)c3C#N)cc2)cc1,23.84
N#Cc1nc(-c2ccc(-c3cc(C(=O)NCCNC(N)=O)nc(-c4cnc(C#N)c(C#N)c4)n3)cc2C#N)no1,29.01
CC(C)Oc1ccc(-c2cc(C#Cc3ccc(-c4ccc(C#N)cc4)c(C#N)c3)nc(-c3ccc(-c4ccc(C#N)c(F)c4)nc3)n2)cc1C#N,18.91
Cn1cc(-c2cncc(C#N)n2)c(-c2ccc(-c3cnc(-c4cc(C#N)n(C)c4)cn3)cn2)n1,29.76
N#Cc1ccc(-c2nnc(-c3nc(-c4cnc(C#N)c(C#N)c4)nc(N4CCC(F)C4)n3)cc2C#N)cn1,17.98
COc1nc(-c2nc(-c3ccc(C#N)cc3)nc(-c3ccc(-c4ccc(F)c(C#N)c4)nc3)n2)ccc1-n1nccc1C#N,11.62
Cc1cc(C#N)nc(-c2nc(-c3cnc(OC(C)C)c(C#N)c3)nc(N3CC4(COC4)C3)n2)c1,12.54
N#Cc1cc(Cl)cc(-c2nc(-c3cc(C#N)c(C#N)c(C#N)n3)ccc2N2CCC(C#N)C2)n1,19.58
N#Cc1ccc(-c2cc(-c3ccc(C#Cc4ccc(C#N)nc4)cc3)nc(-c3ccc(C#N)cc3)n2)cc1,15.44
N#Cc1ccc(-c2cc(-c3cccc(C#N)c3)nc(-c3cccc(C#N)n3)c2)cc1,17.34
C#Cc1cc(N(CCCN2C(=O)c3ccccc3C2=O)c2nc(C#N)nc(C#N)n2)ccc1F,32.26
N#Cc1cc(F)c(-c2nc(C#N)c(-c3cc(-c4ccncn4)ccc3C#N)cc2C#N)c(F)c1,18.96
CCCCn1nc(OC(=O)c2ccc(-c3ccc(C#N)cc3)c(C#N)c2)nc1-c1ccc(-c2ccc(CC(=O)O)cc2C#N)cc1F,41.51
N#Cc1ccc(-n2nc(C#N)cc2C#N)cc1,11.02
Cn1c(C(F)(F)F)nc(-c2ccc(-c3ccc(C#N)c(F)c3)nc2)c1-c1cccn1C1CCNC1,31.95
N#Cc1ccc(-c2ccc(-c3nc4cc(N=c5cc[nH]c(C#N)c5C#N)ccc4[nH]3)cc2)cc1,18.29
N#Cc1ccc(-c2ccc(-c3nc(-c4ccc(C#N)s4)nc(N=CN4CCN(C=O)CC4)c3C#N)cc2)cc1,18.84
N#Cc1cc(-c2nc(-c3cc(F)c(C#N)c(F)c3F)nc(N3CCC(C#N)CC3)n2)cnc1C#N,11.36
COCC(C#N)Nc1cc(-c2nccc(NS(C)(=O)=O)c2F)nc(-c2cc(C#N)c(C#N)c(Cl)n2)n1,21.56
Cc1nc(C#Cc2ccc(-c3cc(C#N)ccc3F)c(C#N)n2)cc(-c2cc(F)c(-c3nnc(C)o3)c(C#N)c2)n1,25.9
C=C(C)CNCc1ncc(-c2nc(-c3cccc(-c4ccc(C#N)cc4)c3)nn2C)cc1C#N,15.12
N#Cc1cnc(C#N)c(-c2nc(-c3cc(C#N)c(C#N)c(C#N)n3)cc(N3CC4CC3CO4)n2)n1,13.51
CC(C(=O)N=c1[nH]cc(C#N)s1)n1cc(C#N)nc1-c1ccc(-c2ccc(C#N)cc2)cc1,28.29
Cn1nc(-c2cnc(C3CC3)c(C#N)c2)nc1-c1nc(-c2ccc(C#N)cc2)nc(-c2ccc(C#N)cc2)n1,13.77
N#Cc1ccc(-c2cc(Cn3nccc3C#N)nc(-c3cccc(C#N)n3)n2)cc1,13.17
CC(=O)NCc1ccc(-c2cccc(-c3nc4c(C)cc(C#N)cc4[nH]3)c2)cn1,22.48
CC1COCCN1c1nc(-c2ccc(-c3nnco3)c(C#N)c2)nc(C2CCOCC2)n1,16.69
N#Cc1cncc(-c2cn(Cc3c(F)cccc3Cl)c(=O)n(Cc3cc(F)c(F)cc3Br)c2=O)c1,33.92
N#CCCCOc1nc(-c2ccc(-c3ccc(-c4ccc(C#N)cc4)nc3)nc2)nc(-c2cc(C#N)c(C#N)c(C#N)c2)n1,24.52
N#Cc1ccc(-c2ccc(-c3nc(-c4ccc(-c5cc(-c6cnc(-c7ccc(-c8cc(C(F)(F)F)c(C#N)cn8)s7)nc6C#N)nc(=N)[nH]5)cc4)nc(C#N)c3N)cc2)cc1,34.53
N#Cc1ccnc(-c2cc(-c3ccc(C#N)nc3)cc(-c3ccc(-c4ccc(F)c(C#N)n4)c(C#N)n3)n2)c1,25.25
Cc1cc(-c2ncc(-c3cc(-n4nc(C(F)(F)F)cc4C#N)cnc3C#N)cc2F)nc(C#N)n1,17.21
N#CC(=NNc1ccc(-c2nc(-c3ccc(-c4ccc(C#N)cc4)cc3)nc(-c3nc(N4CCC(N)C4)nc(-c4ccc(C#N)cc4)c3C#N)n2)c(F)c1)c1ccccc1C#N,38.64
N#Cc1ccc(-c2nc(-c3ccc(-c4cccc(C#N)c4)c(F)c3F)cc(-n3cc(C#N)c(N=O)c3)n2)cc1,34.96
Cc1cc(-c2ccc(-n3cc(C#N)c(-c4ccc(-c5ccc(C#N)c(F)c5)nc4)n3)c(C#N)c2)ccn1,22.64
N#Cc1cc(-c2nc(-c3ccc(C#N)c(CF)c3)c3n2COCC3)c(F)c(-n2cccc2C#N)c1,27.98
N#Cc1ccc(C#N)c(-c2nc(-c3cnc(C(F)(F)F)c(C#N)c3)nc(C3CC3)n2)n1,15.85
CN=c1[nH]c(-c2ncc(-c3ncc(-c4ccnc(C#N)n4)c(C#N)c3C#N)cc2C#N)ncc1C#N,25.09
COc1cc(C#N)c(C#N)cc1-n1ncc(C#N)c1-c1cc(-n2cc(C#N)nn2)ccc1C#N,27.33
N#Cc1ccc(-c2nc(C#N)c(C#N)nc2-c2cc(-c3nc(C#N)ccc3C#N)cc(-n3nccc3C#N)c2)cc1,16.57
CN(C)c1nc(-c2ccc(-c3ccc(C#N)cn3)c(C#N)c2)c2cnn(-c3ccc(-c4ccc(F)cc4)nc3C#N)c2n1,34.7
CC(C)Oc1ncc(-c2nc(-c3nc(C#N)ccc3C#N)nc(N3CCCC3c3ccc(F)c(F)c3)n2)cc1C#N,18.32
O=C(Nc1cccc(Cl)c1Cl)c1cccc(-c2ccc(-c3ccc(Cl)cc3Cl)nc2)n1,36.7
CN(C)C(=O)c1cccc(Nc2c(Nc3cccc(C(=O)N(C)C)c3O)c(=O)c2=O)c1O,17.97
N#Cc1ccc(-c2ccc(-c3cc(-c4cc(-c5cc(-c6ccc(C#N)cc6)nc(-c6ccc(C#N)cc6)c5)nc(-c5ccc(C#N)cc5)n4)nc(-c4ccc(C#N)cc4)n3)cc2)cc1,15.15
CCc1nc(C#N)nc(-c2ccc(-c3nc(C#N)nn3CCF)cc2C#N)n1,18.67
Cc1[nH]cc(C#N)c(=Nc2cncc(C#N)c2C#N)c1C=Cc1ccc(C#N)cc1,20.73
N#Cc1cc(-c2nc(-c3ccnc(Cl)n3)cc(-c3c(F)c(F)c(C#N)c(F)c3F)c2F)nc(-c2cnc(C#N)c(C#N)c2)n1,16.12
N#Cc1nc(-c2cccc(CNC(=O)c3ccccc3-n3cccc3C#N)c2)cs1,31.94
N#Cc1cccc(NC(=O)c2ccc(C#N)c(-c3cnc(-c4ccc(F)c(C#N)c4)c(C#N)c3)c2)n1,17.19
N#Cc1ccc(-c2cnc(C#N)c(N=c3nc(C#N)[nH]c(-c4cnc(C#N)c(C#N)c4)n3)c2)nc1,24.68
N#Cc1cnc(-c2cnc(-c3cnc(C#N)c(C#N)c3)c(C#N)c2)cc1C#N,14.17
COc1cccc(-c2ccc(-c3nc(-c4ccc(-c5ccc(C#N)cc5)cc4)n(C)c3-c3cccc(C#N)c3)s2)n1,31.52
Cc1cc(-c2nc(N3CCCC(N)C3)nc(=N)[nH]2)nc(-c2cnc(-c3cncc(C#N)n3)c(C#N)c2)n1,32.55
CN(C)CCOc1ccc(-c2cc(C#N)c(C#N)c(C#N)n2)nc1-c1ncccc1C#N,19.55
N#Cc1cc(-c2ncc(-c3cncc(-n4c(C#N)ccc4C#N)c3)s2)cnc1C#N,15.88
Cc1ccc(-c2cc(-c3cnc(-c4cnc(C#N)o4)c(C#N)c3)nc(C)n2)nc1,20.29
N#CCCc1nc(-c2cnc(-c3cccc(F)c3)c(C#N)c2)sc1-c1ccc(-c2cnc(C#N)nc2)c(C#N)c1,28.98
Cc1cc(C#N)ccc1S(=O)(=O)Nc1cc(C#N)cc(-c2cnc3[nH]cc(C#N)c3c2)c1,24.28
CC(=O)N(Cc1ccco1)C(=O)N1CCC(c2csc(-c3ncc4nc(N5CCOCC5)nc(-c5ccc(F)c(C#N)c5)c4n3)n2)CC1,45.36
N#Cc1cccc(-c2cc(N3CCCC3C(N)=O)nc(-c3cnc(C#N)c(C#N)c3)n2)n1,15.03
N#Cc1ncc(C#Cc2ccnc(-c3cnc(-c4ccc(F)cc4)c(C#N)c3)c2)c(-c2ccc(C#N)c(C#N)c2)n1,19.31
N#Cc1ccc(-c2ccc(-c3ccc(C#N)n3-c3ccc(-c4nc5cc(C#N)c(C#N)cc5[nH]4)cc3)cc2)cc1,16.87
N#Cc1cc(-c2cnc(C#N)c(C#N)c2)cc(-c2nc(-c3ccc(C#N)c(C#N)c3)nc(-c3cnc(C#N)c(C#N)c3)n2)c1,12.24
N#Cc1ccc(-c2ccc(C#Cc3ccc(C#CC#Cc4cccc(C#N)n4)s3)cn2)cc1,16.37
CCOc1ccc(CCN=Cc2c(O)n(Cc3ccccc3)c(=O)[nH]c2=O)cc1OCC#N,31.91
CC(C)NCc1ncc(-c2cc(-c3ccc(-c4cc(-c5ccc(C#N)cc5)cc(C#N)n4)c(C#N)c3)nc(N3CCOCC3)n2)cc1C#N,28.2
N#Cc1cccc(-c2cc(-c3ccc(C#N)c(C#N)c3)c(C#N)cn2)n1,11.17
CCCN(Cc1ccc(C#N)c(-c2cnc(C#N)nc2)c1)c1ncc(-c2ccc(C#N)c(-c3ccc(C#N)cc3)n2)nc1C#N,28.31
N#Cc1ccc(-c2nccc(-c3ccc(-c4cc(-c5nnc(N)c(C#N)n5)ccc4C#N)cc3)n2)cc1C#N,11.78
CC(C)(C#N)c1nc(-c2ccc(OC3Cc4ccc(C#N)cc4C3)c(C#N)c2)c(N=c2ccc(-c3cnccn3)c[nH]2)nc1C#N,42.29
CCOc1ccc(-c2nc(-c3cnc(-c4csc(C#N)c4)c(C#N)c3)n[nH]2)cc1,27.38
N#Cc1cnc(-c2ccc(-c3cccc(-c4c(C#N)nc(C#N)c(C#N)c4-c4ccc(N)c(C#N)n4)c3)cc2F)nc1,35.64
COc1ccc(-c2ccc(-c3nc(C#N)nn3C(C)C)cc2C#N)cn1,16.88
N#Cc1ccc(-c2nnc(-c3cc(-n4nc(C(F)(F)F)cc4C#N)ccc3F)o2)cc1,11.65
Cc1nc(C#N)c(C#N)nc1-c1cc(C#N)c(-c2nnc(-c3cccc(C(N)=O)c3)c(C#N)n2)cc1C#N,22.08
N#CCc1[nH]c(-c2nc(-c3cnc(OC(CF)CF)c(C#N)c3)nc(C3CC(F)(F)C3)n2)cc1C#N,22.14
COCCN=C1NC=CN2C(C#N)=CC(=C(C#N)C#N)C=C12,25.62
N#Cc1ccc(-c2nc(C#Cc3cc(F)ccc3F)c(C#N)c(-c3ccc(C#N)cc3)n2)cc1,16.45
Cc1c(-c2ccc(-c3ccc(C#N)cn3)c(C#N)c2)c(C#N)nn1-c1cccc(F)n1,20.97
N#Cc1ccc(CNC(=O)c2cc(N=c3cncc(-c4ccc(Oc5ncccn5)cc4C#N)[nH]3)cc(-c3ccc(C#N)nc3)c2)nc1,40.03
CNc1c(C#N)nc(-c2ccc(-c3ccc(-c4ccc(C#N)cc4)c(C#N)c3)cc2)nc1OCC#N,18.34
N#Cc1ccc(-c2ncc(-c3ncc(-c4cc(-n5nccc5C#N)cc(C(N)=O)n4)cc3C#N)o2)cc1,18.17
N#Cc1ccc(-c2noc(-c3cccc(-c4nnc(-c5cc(O)c(O)c([N+](=O)[O-])c5)o4)c3)n2)cc1,25.21
CNC(=O)c1cc(C#N)cc(C)c1NC(=O)c1nc(C)c(-c2cccc(Cl)n2)[nH]c1=NCc1ccc2c(c1)CCO2,34.73
N#Cc1ccc(-c2ccc(-c3cc(-c4cc(-c5ccc(C#N)cc5)c(-c5ccc(-c6ccc(C#N)cn6)nc5)n4CCN)nc(-c4ccc(-c5ccc(C#N)cc5)cc4)n3)cc2)cc1,26.12
CCC1CCCC1c1nc(-c2ccc(C)c(C#N)c2)nc(-c2cccc(C#N)n2)n1,17.88
N#Cc1cc(-c2ncc(-c3nccc(C4(C#N)CC4)n3)cc2C#N)cnc1C#N,18.16
N#Cc1ccc(C2c3cc(-c4ccc(-c5cnc(C#N)c(C#N)n5)c(C#N)c4)ccc3Cc3nnc(C(F)(F)F)n32)cc1,30.53
N#Cc1ccc(-c2ccc(-c3nc(-c4ccc(C#N)cc4)nc(-c4ccc(-n5c(C#N)cnc5-c5ccc(-c6ccc(C#N)cc6)nc5)cc4C#N)n3)cc2)cc1,15.24
N#CCc1nc(-c2ccc(-c3ccc(Cl)s3)c(C#N)c2)n[nH]1,22.25
N#Cc1ccc(-c2nc(-c3ccc(C#N)cc3)nc(-c3nc(C4CC4)n(CCO)c3-c3ccc(-c4ccc(C#N)nc4)cc3)n2)cc1,18.83
N#Cc1ccc(-c2cc(-c3cccc(C#N)n3)nc(C=Cc3cccc4ccccc34)c2C#N)cc1,22.41
CN(C)c1ccc(-c2nc(-c3ccc(-c4ccc(C#N)cn4)cc3)nc(-c3ccc(-c4ccc(C#N)cc4)nc3)n2)cc1,15.22
Nc1cc(O)c(N=Cc2ccccc2)cc1O,11.25
N#Cc1cccc(-n2c(O)c3c(c2O)C2C=CC3C2)c1,17.15
CCCc1cc(-c2ccc(C#Cc3ccc(-c4nc(C#N)c(N)[nH]4)cc3)c(C#N)c2)nc(C#N)n1,21.38
N#Cc1cc(-c2nc(CCOc3ccc(C4CC4(F)F)nc3)nc(-c3cc(F)c(C#N)c(F)c3F)n2)cnc1C#N,25.91
N#Cc1ccc(-c2ccc(-c3cc(C#N)nc(-c4ccc(-c5cc(-c6ccc(-c7ccc(C#N)cc7)cc6)nc(-c6ccc(-c7ccc(C#N)nc7)nc6)n5)c(C#N)c4)c3)cc2)cc1,23.76
N#Cc1ccc(-c2cc(-c3ccc(C(O)(C(F)(F)F)C(F)(F)F)cc3)nc(-c3ccc(C#N)cc3)n2)cc1,21.07
N#Cc1ccc(-c2ccc(-c3[nH]c(=NS(=O)(=O)c4cccc(C#N)c4)ccc3-c3ccc(-c4cnc(C#N)c(C#N)c4)cc3)cc2)cc1,25.16
N#Cc1cc(-c2nc(-c3cc(C#N)c(C#N)c(C#N)n3)cc(N3CC4CC3CO4)n2)nc(C#N)n1,17.37
N#Cc1ccc(CC(=O)Nc2ncc(-c3nc(-c4csc(C#N)c4)nc(-c4cccc(C#N)n4)n3)nc2C#N)cc1,18.29
Cc1cc(C(=O)C=Cc2cn(-c3ccc(C#N)cc3)nc2-c2ccccc2)ccc1C=Nc1ccc(C#N)cc1,25.86
N#Cc1ccc(-c2cc(-c3cccc(C#N)n3)nc(-c3ccc(-c4cccc(C#N)n4)c(C#N)c3)n2)cc1,13.87
CC1(C)Oc2ccc(C#N)cc2C(Nc2ccc(C#N)c(C#N)c2)C1O,15.46
Cc1nc(-c2nnco2)c(C#N)cc1-c1cc(F)c(-n2nccc2C#N)cc1Cl,16.27
N#Cc1cc(-c2cccc(-c3ccc(-c4cnc(C#N)c(C#N)n4)cc3)c2)cnc1C(F)(F)C(F)(F)C(F)(F)F,24.23
CC(N=c1cc(C#N)[nH]c(=N)[nH]1)c1nc(C2CC2)c(C#N)cc1-c1nc(C#N)nc(-c2cncc(C#N)n2)n1,19.72
O=CN1CCN(C=Nc2cc(N3CCCC3)nc(N=CN3CCN(C=O)CC3)n2)CC1,13.32
CC1(O)CCC(c2ncc(-c3nc(C#N)cc(C#Cc4ccc5c(c4)C(c4ccc(C#N)cc4)=CCC5(C)C)n3)cc2C#N)CC1,32.35
COCCn1c(-c2cccc(C#N)n2)nc2c(c(-c3ccc(-c4ccc(C#N)cc4)cc3)c(-c3ccc(C#N)cc3)n2CC#N)c1=O,25.88
CCc1nc(-c2ccc(-c3ccc(C#N)cc3)c(C#N)c2)ncc1-c1cccc(-c2c[nH]c(=N)c(C#N)n2)c1,18.59
N#Cc1cc(-c2nc(-c3cnc(N4CC(F)C4)c(C#N)c3)nc(N3CC4CCC(C3)O4)n2)cnc1C#N,14.28
Cc1c(-n2nc(C#N)cc2C#N)ccc(C#N)c1-c1nc(-c2cc(C#N)c(C#N)c(C#N)c2)nc(N2CC3CCC(C2)O3)n1,19.06
N#Cc1cccc(-c2ccc(-n3c(C#N)ccc3-c3cccc(C#N)n3)cc2)n1,14.98
CNc1oc(-c2ccc(-c3c(C#N)c4cccc(Cl)n4c3-c3ccc(C#N)cc3)cc2)nc1C#N,24.81
N#Cc1cccc(-c2cc(-c3ccc(C#N)c(F)c3)cc(-c3nc(C#N)c[nH]3)n2)n1,19.79
N#Cc1ccc(-c2ccc(-c3nc(-c4cc(C#N)c(C#N)c(C#N)n4)c(C#N)cc3C#N)cc2)cc1,14.32
N#Cc1ccc(-c2ccc(-c3nc(-c4cc(-c5ccc(C#N)cc5)nc(-c5ccc(C#N)s5)n4)sc3SC3CCNCC3)cn2)cc1,29.86
N#CC1=CC=C(c2c(C#N)cccc2CN2CCN(c3ncccn3)CC2)C=C2C=c3c(c(C#N)c(C#N)c(=O)n3-c3ccc(Cl)c(N)c3)=C(c3ccc(C#N)cc3)C=C12,39.13
CC(C)N(C)C(=O)CNC(=O)Nc1ccc(N=c2nccc(-c3cc(C#N)nc(-c4ccc(-c5ccc(C#N)c(F)c5)cn4)c3C3CC3)[nH]2)cc1F,60.77
Cc1cc(Cl)ccc1N=Nc1cc(C#N)c(C#N)cc1N,20.69
Cc1cn(-c2cc(NC(=O)c3ccc(C)c(-n4nnc5cc(C#N)cnc54)c3)cc(-c3ccc(C#N)cc3)c2)cn1,26.42
Cc1nc(-c2cc(F)c(F)c(F)c2F)cn1-c1cc(-c2ccc(F)c(Cl)c2)nc(-c2ccc(C#N)cc2)n1,27.11
N#CCc1[nH]c(-c2nc(-c3ccccn3)nc(-c3cccc(C#N)n3)n2)cc1C#N,14.91
Cc1nc(N=c2nc(C(F)(F)F)cc[nH]2)cc(-c2cnc(C3(O)CCOc4ccccc43)s2)n1,24.83
N#Cc1ccc(-c2ccc(-c3nc(C#N)c(-c4ccc(C#N)cc4)n3CC(=O)NC(=N)N)cc2)cc1,25.23
Cn1nc(-c2nc(C(=O)O)cc(-n3ccnn3)n2)cc1-c1ccc(-c2cnc(C#N)c(C#N)c2)c(C#N)c1,33.12
COc1c(Cc2nc3cc(-c4ccc(-c5ccc(C#N)cn5)nc4)ccc3nc2-c2ccncc2)ccc2nc3n(c12)CCC3Cc1ccc(C(=O)NC2CCN(C)CC2)cc1,53.55
COc1ccc(C#N)cc1-c1ccc(C#N)n1-c1cc(-c2ccc(-c3ccc(C#N)cc3)c(C#N)c2)nc(C#N)n1,21.53
CCC(C)c1noc(-c2sc(-c3nccc(-c4nc(C#N)nc(-c5cc(C#N)c(C#N)[nH]5)n4)n3)cc2C#N)n1,29.15
Nc1c(C(=O)Nc2ccc(Cl)nc2)sc2nc3c(cc12)N1CCC3CC1,26.14
CCOc1c(-c2nc(C#N)ncc2C)nc(-c2cnc(C#N)c(C#N)c2)nc1N1CCOCC1C,19.03
N#Cc1ccc(-c2cc(-c3nc(-c4cc(N=CN5CCN(C=O)CC5)nc(C#N)n4)ccc3-c3ccc(C#N)cc3F)ccc2C#N)cc1,24.41
COc1cccc(-c2cc(-c3ccc(C#N)cc3)cc(-c3cnc(-c4cccc(C#N)c4C#N)cn3)n2)n1,23.22
CCc1nc(-c2ccc(N3CCC(O)CC3)c(C#N)c2)nc(-c2cnc(-c3cnc(C#N)c(C#N)c3)c(C#N)c2)n1,24.33
CN(C)C=C(C#N)c1ncc(NC(=O)c2cc(-c3ccc(C#N)cc3)nc(-c3ccc(C#N)cc3)c2)c(-c2c[nH]c(=N)c(C#N)c2)n1,25.01
CCOc1ccc(-c2nc(=NCc3ccc(-c4cncc(C#N)c4)cc3)nc(-c3ccc(-c4ccc(C#N)cc4)cc3)[nH]2)cc1,24.87
N#Cc1cnc(-n2nc(C(F)(F)F)cc2C#N)cc1-c1ccnc(-c2cnc(C#N)c(C#N)c2)n1,15.22
CCn1c(CF)nc(-c2cnc(OC(C)C)c(C#N)c2)c1C#Cc1nncc(C#N)n1,23.06
Cc1ncc(C#N)n1-c1cc(-c2nc(-c3ccc(C#N)cc3)nc(-c3ccc(-c4ccc(C#N)cn4)nc3)n2)nc(C#N)n1,14.05
COc1ccc(C#N)cc1-c1nnc(-c2ccc3ncc(=O)oc3c2)n1-c1ccc(-c2ccsc2)cc1,32.9
N#Cc1cccc(-c2cc(-c3cc(C#N)nc(-n4nccc4C#N)c3)ccc2C#N)c1,12.79
N#Cc1cc[nH]c(=NC(=O)c2cc(-c3cc(F)c(-c4nncc(C#N)n4)cc3Br)nc(-c3cc(C#N)c(C#N)cc3Cl)n2)c1,37.12
CCNc1ccc(-c2cc(-c3ccc(C(N)CO)c(C#N)c3)nc(-c3cccc(C#N)n3)n2)cc1,20.32
N#Cc1ccc(-c2nc(-c3ccc(-n4cccc4C#N)cc3Cl)nc(-c3cc(C#N)c(-c4nc(Cl)nc(Cl)n4)cc3Cl)n2)cc1,20.6
CCCc1cc(-c2ccc(-c3ccc(C#N)c(C#N)c3)c(C#N)n2)nc(-c2cc(C#N)c(C#N)[nH]2)n1,13.83
N#Cc1cccc(-c2nc(N)c(C#N)nc2-c2cc(C#N)nc(-n3c(C#N)cnc3C#N)c2)c1,23.52
COc1nc(-c2nc(-c3ccc(C#N)cc3)nc(-c3ccc(-c4cc(F)c(C#N)c(F)c4)nc3)n2)ccc1-n1nccc1C#N,13.13
N#Cc1ccc(-c2cc(-c3ccc(-c4nnco4)c(C#N)c3)nc(C#N)n2)nc1,10.97
N#Cc1cc(-c2nc(-c3cc(C#N)c(C#N)[nH]3)nc(C3CCC3)n2)cnc1C1CC1,13.0
CC(C#N)Oc1ccc(-c2nc(-c3nc(C#N)cnc3C#N)nc(N3COCC3C#N)n2)cc1C#N,19.81
N#Cc1ccc(C#Cc2nc(=Nc3ccc4c(c3)OCCO4)[nH]c(=Nc3cc(C#N)ccn3)[nH]2)cc1,30.59
N#Cc1ccc(-c2ccc(N3CCc4c(C#N)nn(-c5cccc(C#N)n5)c4C3)cc2C#N)c(-c2cccc(C#N)n2)c1,23.42
COc1ccc(NC(=O)Nc2ccc(-c3nc(C#N)c(C#N)nc3C#N)cc2)cc1,18.99
N#Cc1ccc(-c2ccc(Cn3c(C#N)csc3=Nc3ccc(Cl)c(Cl)c3)cc2)o1,33.3
N#Cc1nc(C(=O)NCCN)cc(-c2nc(-c3cnc(OC(F)F)c(C#N)c3)no2)n1,25.0
CC(C)c1nc(C#N)nn1-c1cc(-c2ccc(-c3cc(Cl)ccc3F)c(Cl)c2)cc(-c2[nH]ncc2-c2c(F)ccc(F)c2F)n1,50.62
N#Cc1nccc(-c2ccc(-c3nc(C#N)c(C#N)nc3-c3ccc(Cl)cc3)c(C#N)c2)n1,14.27
N#Cc1ccc(-c2ncc(-c3ccc(-c4ccncc4C#N)nc3)cc2C#N)o1,19.63
COC1CCN(c2nc(-c3cc(C#N)c(N4CCC(F)C4)nn3)cc3c(-c4ccc(-c5cn(C)c(C)n5)c(F)c4)cnn23)C1,34.95
CCCCNC(=O)OCC1OC(n2cc(C#N)c3c(Cl)nccc32)C(F)C(OC(=O)CCCC)C1OC(=O)CCC,37.71
N#Cc1ccc(-c2cc(-c3ccc(C#N)cc3)nc(-c3cccc(C#N)n3)c2)cc1,9.77
N#Cc1ccc(-c2ccc(-c3nc(-c4cccc(-c5ccc(C#N)c(C#N)c5)c4F)c[nH]3)nn2)cc1,19.84
CC(C)NCc1ncc(-c2nc(-c3ccc(-c4ccc(N)c(C#N)n4)cc3)cc(-c3ccnc(-c4ccc(C#N)cc4C#N)c3)n2)cc1C#N,24.08
CCC(CF)c1cc2c(-c3ccc(C#Cc4ccnc(N5CC(Oc6ccc(C#N)c(C#N)c6)C5)n4)nn3)nc(C(F)(F)F)nc2n1C,44.92
N#Cc1ccc(OC(=O)N2CCN(Cc3cnc(N=[N+]=[N-])c(C#N)c3)CC2)cc1,23.12
CN(c1cc(C#N)ccc1-c1ccc(-c2c[nH]c(=N)cn2)c(F)c1)S(=O)(=O)c1ccc(N)cc1,26.98
N#Cc1ccc(-n2ncc(-c3nc(CCC(F)(F)F)nc(-c4cc(C#N)c(C#N)[nH]4)n3)c2C(F)(F)F)cc1,17.45
N#Cc1ccc(C(=O)Nc2c(C#N)nc(-c3ccc(NC(=O)COc4cccc(C#N)c4)cc3)n2-c2ccc(-c3ccc(C#N)cc3)cc2)cc1,30.04
N#Cc1nc(F)c(C#N)c(-c2cc(-n3cccc3C#N)cc(S(=O)(=O)c3ccccc3)c2)n1,23.71
N#Cc1cc(-c2ncc(-c3cc(C4CCCC(N5CC(O)C5)CC4)nc(-c4cc(C#N)c(C#N)c(C#N)c4)n3)s2)cnc1-c1ccc(Cl)cc1,34.55
N#Cc1ccc(-c2nc(C#N)nc(-c3cc(C#N)c(NC4CCOC4)[nH]c3=N)n2)nc1,18.67
N#Cc1cccc(-c2nc(Nc3ccc4c(c3)C(=O)c3ccc(N)cc3C4=O)cc(-c3ccncc3)n2)c1C#N,17.24
CC(C)Nc1nc(C(=O)N=[N+]=[N-])c(N=Cc2cc(C#N)ccc2OCc2cc(-c3ccc(C#N)cc3)cc(-c3ccc(-c4ccc(C#N)cc4)cc3)n2)nc1C#N,49.28
N#Cc1cc(-c2nc(-c3cc(F)cc(C(F)(F)F)c3)nc(N3CC4CCC(C3)O4)n2)cnc1C#N,17.43
N#Cc1ccc(-c2ccc(-c3nc(-c4ccc(C#N)cc4)cc(-c4cc(-c5ccc(C#N)cc5)cc(-c5cnc(C#N)nc5)n4)n3)cc2)cc1,12.58
N#CCCN(CCC(c1ccc(C#N)cc1)c1ccc(F)cc1F)C(=S)Nc1ccc(Cl)c(C#N)c1,35.42
N#Cc1cccc(-c2ccc(-c3nc(-c4ccc(-c5cnc(C#N)c(C#N)c5)nc4)nc(-c4c(F)c(F)c(C#N)c(F)c4F)n3)cc2C#N)c1,17.03
Cc1cc(C#N)n(-c2ccc(-c3cc(C#N)nc(-c4ccc(-c5ccc(Cl)c(Cl)c5)c(C#N)c4)n3)c(Cl)c2)n1,17.82
C=CCn1c(-c2cc(C#N)nn2C(C)c2ccc(C#N)c(-c3ccc(F)c(C#N)c3)c2)c(C#N)nc(-c2ccc(-c3ccc(C#N)cc3)cc2)c1=O,35.47
N#Cc1ccc(-c2ncc(-c3cnc(C#N)cn3)cc2-c2cc(-c3nc(C#N)c(N)nc3-c3ccc(Cl)cc3)nc(-c3ccc(-c4ccc(C#N)cn4)cc3)n2)cc1,28.2
Cn1nc(-c2cccc(C#N)n2)nc1-c1cc(C#N)c(C(C)(C#N)CO)nc1Cc1cc2c(C(F)(F)F)nn(C)c2cc1C#N,30.12
N#Cc1ccc(-c2ccc(-c3cc(N4CCC(F)C4)nc(-c4cnc(C#N)c(C#N)c4)n3)c(F)c2C#N)cc1,21.32
Cc1cc(-c2nc(C=Cc3ccccn3)c(-c3ccnc(C)n3)cc2C#N)cc(C#N)n1,34.45
N#Cc1ccc(-c2ccc(-c3ccc(C#N)c(=O)n3-c3cccc(C#N)c3)cc2)cc1,13.58
CCOc1nc(C(C#N)=C(C#N)C#N)c(C#N)cc1-c1cc(-c2cccc(C#N)c2)nc(-c2ccc(C#N)cc2)n1,19.91
N#Cc1ccc(-c2ccc(-c3nc(-c4ccc(-c5nc(-c6ccc(C#N)cc6)co5)cc4)c(-c4cccc(C#N)n4)n3CC(F)(F)F)cc2)cc1,14.48
CCOc1nc(N)c(C#N)nc1-c1nc(C(F)(F)F)cc(-c2cn(C)c(-c3cnc(OC(C)C)c(C#N)c3)n2)c1C#N,27.33
N#Cc1ccc(-c2ccc(-c3nc(-c4ccc(-c5nc(C#N)c(NC6CC6)n5C#N)nc4)cc(-c4ncc(-c5ccc(C#N)nc5)o4)n3)cc2)cc1,26.48
N#Cc1ccc(C(=O)C=Cc2cnn(-c3ccc(C#N)cc3)c2)cc1,18.43
N#Cc1cc(-c2ccc(C#N)c(C#N)c2)cc(-c2nc(-c3cnc(C(F)(F)F)c(C#N)c3)nc(N3CC4CC3CO4)n2)n1,13.04
N#CCn1cc(-c2nn(-c3ccc(C#N)c(C#N)c3)cc2C#N)cn1,19.37
N#Cc1ccc(-c2nc(-c3ccc(C#N)cc3)c(C#N)c(C(C#N)c3cncc(C#N)n3)n2)cc1,19.09
N#CCc1ccc(-c2nc(-c3ccc(C#N)cc3)c(C#N)c(-c3ccc(-c4ccc(C#N)cc4)cc3)n2)cc1C#N,15.83
Cc1cc(-c2cnc(-c3ccc(C#N)s3)c(C#N)c2)nc(-c2cnc(N3CCC(O)CC3)c(C#N)c2)n1,18.2
N#Cc1ccc(-c2ccc(-c3cc(-c4ccc(-c5cccc(C#N)c5)cc4)n4nn[n+](-c5ccc(C#N)cc5)c4n3)cc2)cc1,23.9
C#Cc1nc(-c2ccc(-c3ccc(C#N)c(F)c3)cc2)cn1-c1ccc(C#N)c(-c2ccc(-c3nc(Cl)nc(Cl)n3)cc2)c1,25.6
CC(C)Oc1ncc(-c2nc(-c3cc(C#N)cc(C#N)n3)nc(N3CC(CO)C3)n2)cc1C#N,15.7
Cc1nc(C#N)nc(-c2cccc(-c3nc(-c4cnc(C#N)c(C#N)c4)nc(N4CC5CC4CO5)n3)c2F)n1,17.59
N#Cc1ccc(-c2nc(-c3ccc(-c4cc(-c5ccc(-c6ccc(C#N)nc6)nc5)nc(N=Cc5nccc(C#N)n5)n4)cc3)nc(-c3ccc(C#N)c(F)c3)n2)cc1,35.26
N#Cc1cc(-c2ncc(-c3nnc(N)c(C#N)n3)cc2C#N)ccc1-c1ccsc1,16.28
N#Cc1ccc(-c2cc(-c3ccc(-c4cc(-c5ccccn5)nc(C#N)n4)cn3)nc(-c3ccc(C#N)cc3)n2)cc1,13.29
N#Cc1ccc(-c2ccc(-c3cncc(-c4ccc(-c5cnc(N)c(C#N)n5)nc4)c3)cn2)cc1,17.01
Cc1nc(C#N)ccc1-c1cc(N2CC(F)C2)nc(-c2cc(C#N)c(C#N)c(C#N)n2)n1,18.25
N#Cc1ccc(-c2cccc(-c3nc(-c4ccc(-c5nc(Cl)nc(Cl)n5)c(F)c4)nc(-n4nc(C(F)(F)F)cc4C#N)n3)c2)cc1,14.87
N#Cc1cc(N=c2nc(C#N)cc(-c3cnccn3)[nH]2)cc(-c2cnc(-c3ccc(F)cc3)c(C#N)c2)c1,22.34
N#Cc1cc(-c2cc(F)cc(-n3nc(C(N)=O)cc3C#N)c2)cnc1-c1ccc(F)cc1,10.35
N#Cc1ccc(-c2cnn(-c3cc(-c4ccc(-c5ccc(C#N)c(C#N)c5)nc4)cc(-n4cc(C#N)nc4C#N)n3)c2)cc1,21.2
CCc1cc(C)nc(-c2ccc(-c3cc(-c4ccc(-c5ccc(C#N)cc5)c(C#N)c4)nc(-c4ccc(C#N)cc4)n3)nc2C)n1,24.6
N#Cc1ccc(-c2cccc(-c3cc(-c4ccc(C#N)nc4)nc(-c4ccc(C#N)c(C#N)c4)c3)c2)cc1,13.77
Cc1cc(C#N)ccc1NC(=O)c1c[nH]c(=Nc2ccc(C#N)cc2)c(Cl)n1,25.3
N#Cc1ccc(-c2cc3c(=O)cc(-c4ccc(-c5cccc(Cl)c5)cc4)[nH]c3cc2F)cc1C#N,27.81
Cn1cc(C#N)nc1-c1nc(-c2ccc(C#N)nc2)nc(-c2cnc(C3(c4ccc(Cl)cc4)CCC3)o2)n1,19.86
N#Cc1ccc(=Nc2cc(-c3ccc(-c4cc(-c5cc(F)c(F)c(C#N)c5F)cc(-c5cnc(N=c6nc(C#N)nc(-c7ccc(C#N)c(F)c7)[nH]6)cn5)n4)cc3)nc(Cl)n2)[nH]c1,44.44
CN(C)C(=O)c1ncc(C#N)n1-c1ccc(-c2ccc(-c3cnc(C#N)c(C#N)c3)nc2)c(C#N)c1F,23.11
N#Cc1ccc(-c2cc(-c3ccc(-c4cnc(Cl)c(C#N)n4)c(C#N)c3)nc(-n3c(C#N)ccc3C#N)c2)cc1,17.79
N#Cc1ccc(-c2cc(C#N)c(C#N)nc2-c2ccc(-c3c[nH]c(=N)cn3)c(F)c2)cc1C#N,21.76
CC(C#N)Oc1ccc(-c2ccc(-c3cc(C#N)c(-c4ccc(C#N)cc4Cl)nc3C(C)C)c(C#N)n2)cc1C#N,20.97
N#Cc1ccc(-c2ncc(-c3ccc(-c4cc(C(F)(F)F)c[nH]c4=N)cc3)cc2C#N)cc1C#N,15.8
N#Cc1cc(-c2nnc(-c3ncccn3)c(C3CCCC3)n2)cnc1C#N,19.87
Cc1nc(-c2ccc(-c3ccc(-c4cccc(C#N)n4)s3)c(-c3ccc(C#N)cc3)c2)ccc1-c1nc(C#N)c(N)c(-c2ccn(C)n2)c1C#N,32.12
COc1nc(-c2ccc(-c3cnco3)c(C#N)c2)nc(-c2cc(F)c(-c3cncc(C#N)c3)c(F)c2Cl)n1,27.59
N#Cc1ccc(-c2csc(-c3cnc(-c4ccc(C#N)c(C#N)c4)c(C#N)c3)n2)cn1,13.59
COc1ncc(-c2cc3c(-c4cnc(C#N)nc4)nc(C#N)nc3cn2)cc1NS(=O)(=O)c1ccc(F)cc1F,25.86
N#CCc1ncc(-c2nc(-c3ccc(C#N)cc3)nc(N3CCN(CCO)CC3)n2)cc1C#N,16.36
CC(C)Oc1ncc(-c2nc(-c3cnc(N4CCC(F)(F)CC4)c(C#N)n3)cn2C)cc1C#N,15.27
N#Cc1cc2c(cc1C#N)S(=O)(=O)c1ccc(C#N)n1N=C2N,25.9
N#Cc1ncc(-c2cc(-n3cccc3C#N)cc(-c3ccc(-c4csc(C#N)c4)s3)n2)c(Cl)n1,27.06
N#Cc1ccc(-c2nc(-c3ccc(CNc4nc(C(F)(F)F)c(-c5ccc(-c6cccc(-c7cc8cc(C#N)ccc8[nH]7)c6)nc5)nc4C#N)cc3)cs2)cc1,27.28
CC(C)(C#N)c1cncc(-c2nc(-c3ccc(-c4ccc(C#N)o4)nc3)nc(-c3cc(-c4ccc(C#N)cc4)nc(-c4ccc(-c5ccc(C#N)cn5)nc4)n3)n2)c1,23.09
N#Cc1ccc(-c2ccc(-c3cc(-c4cc(-c5cccc(C#N)c5)nc(C#N)n4)nc(C#N)c3C#N)cc2)nc1,18.02
N#Cc1nccc(-c2cnc3c(-c4cnc(-c5csc(C#N)n5)c(C#N)c4)nccc3c2)n1,25.28
N#Cc1ccc(-c2ccc(-c3cccc(-c4cnc(-n5nccc5C#N)c(F)c4)n3)cc2C#N)nc1,20.91
N#Cc1ccc(-c2ccc(-c3nc(-c4ccc(Cl)cn4)nc(-c4cc(C#N)c(C#N)[nH]4)n3)cc2)cc1C#N,18.5
Cn1cc(-c2ncc(-c3[nH]c(C#N)nc3-c3cnc(C#N)c(C#N)c3)cc2C#N)cn1,20.27
N#Cc1cc(-c2cc(-c3cc(C#N)c(C#N)c(C#N)n3)nc(-c3cnc(C#N)c(C#N)n3)n2)c(F)cn1,27.03
N#CCc1cc(-c2c[nH]c(=N)c(C#N)n2)nc(-c2cc(C#N)c(C#N)[nH]2)n1,13.93
N#Cc1nc(-c2cc(C#N)c(C3CC3)nc2C(F)(F)F)nc(-n2cccn2)n1,17.57
Cc1cccc2cc(-n3nc(-c4ccc(-c5ccc(C#N)cc5)cc4)nc3-c3cc(-c4ccc(C#N)cc4)nc(-c4ccc(C#N)cc4)c3)ccc12,27.04
N#Cc1ccc(-c2nc(-c3ccc(C#N)c(C#N)c3)nc(-c3ccc(-c4n[nH]c(-c5cc(C6(C#N)CC6)nc(-c6cc(F)c(C#N)c(F)c6F)n5)c4C#N)cc3Cl)n2)cc1,30.95
N#Cc1ccc(-c2nc(-c3cc(Cl)cc(Cl)c3)c(-c3cccc(C#N)n3)[nH]2)cc1,12.52
N#Cc1ccc(-c2nc(-c3nc(-c4ccc(F)c(C#N)c4F)cc(N4CCOCC4)n3)cc(C#N)c2C#N)cc1,12.89
N#CCCc1nc(-c2ccc(-c3cccc(C#N)c3)c(C#N)c2)nn1Cc1ccc(-c2ccc(C#N)c(C#N)c2)nc1,22.83
N#Cc1cc(-c2cnc(-c3cc(-c4ccc(F)cc4C#N)c(C#N)c(=N)[nH]3)nc2)ccc1F,17.38
N#Cc1ccc(-c2ccc(Nc3cn4c(C#N)cnc4c(Nc4ccc5c(c4)C(=O)c4ccc(-c6cncc(C#N)c6)nc4C5=O)n3)cc2)cc1,23.98
CC(Nc1cc(-c2ccncc2)nc(-c2cc(C#N)c(C#N)c(Cl)n2)n1)C1(NS(=O)(=O)c2ccc(C#N)cn2)Cc2ccccc2C1,31.31
N#Cc1ccc(-c2ccc(-c3nc(-c4ccc(-c5ccc(C#N)cc5)c(C#N)n4)c(-c4ccc(C#N)cc4)o3)cc2)cc1,20.24
N#Cc1nc(-c2ccc(-c3cnc(C#N)c(C#N)c3)c(C#N)c2)ns1,13.4
COc1cc2nnc(-c3ccc(C#N)cc3)c(-c3ccc(-c4ccc(C#N)cn4)cc3)c2cc1-c1cnco1,26.41
CC(C)(C)c1ncc(-c2nc(-c3nc(C#N)ccc3C#N)nc(N3CC4CC3CO4)n2)cc1C#N,11.04
N#Cc1ccc(-c2cc(NC3CCC(N)CC3)nc(-c3cc(C#N)c(C#N)c(N)n3)n2)cn1,15.2
N#Cc1ccc(-c2cc(-n3nc(C#N)nc3-c3nc(C#N)nc(-c4cnc(-c5nc(C#N)c[nH]5)c(F)c4)c3F)nc(-c3ccc(F)c(C#N)c3)n2)cc1,25.59
N#Cc1ccc(-c2ccc(-c3cc(-n4nc(C#N)nc4-c4ccnc(-c5ccc(F)c(C#N)c5)n4)cc(C#N)n3)cc2C#N)cc1,18.57
N#Cc1ccc(-c2ccc(-c3nc(-c4cccc(-c5ccc(C#N)cc5)n4)cc(-c4cc(-c5ccc(C#N)cc5)nc(-c5ccc(C#N)cc5)n4)n3)nc2)cc1,16.95
CC(Oc1c(C#N)cc(-c2nc(-c3nccc(C#N)n3)nn2C)cc1C#N)C(F)(F)F,15.94
N#Cc1ccc(-c2ccc(-c3nc(C(F)(F)F)c(-c4ccc(-c5cnc(C6CC6)nc5)nc4)cc3C#N)cc2C#N)cc1,14.11
N#Cc1ccc(-c2ccc(CN=C(N)N=c3onc(-c4ccc(-c5cc(C#N)c(-c6ccc(-c7nc(C#N)c(C#N)nc7-c7ccc(Cl)cc7)c(C#N)c6)cc5C(=O)O)cc4)s3)cn2)nc1,44.92
N#Cc1ccc(-c2nc(-c3ccc(-c4ccc(C#N)cn4)cc3)nc(-c3ccc(-n4cc(C#N)nn4)cn3)n2)cc1,15.25
N#Cc1ccc(-c2nc(C#N)c(C#N)nc2-c2ccc(-c3c[nH]c(=N)c(-c4nc(-c5cc(F)c(F)c(F)c5F)nc(-c5cc(F)c(C#N)c(F)c5F)n4)c3)cc2)cc1,20.76
N#Cc1ccc(-c2ccc(-c3nc(-c4cccc(-c5ccc(C#N)cc5)c4)cc(-c4ccc(-c5ccc(C#N)cc5)c(C#N)n4)n3)cc2)cc1,14.24
N#Cc1cc(-c2ccc(-c3ccc(-n4cccc4C#N)cc3F)cn2)c(C(N)=O)nc1C#N,25.06
COc1cc(C#N)c(C#N)cc1-c1ccc(-c2cnc(-c3ccc(C#N)cc3Br)c(C#N)c2)nc1,24.26
N#Cc1ccc(-c2ccc(-c3nc(-c4ccc(-c5ccnc(-c6ccc(C#N)cc6)n5)cc4)nc(-c4ccc(C#N)c(C#N)c4)n3)cc2)cc1,14.95
N#Cc1cc(F)c(-c2nc(C#N)c(-c3cc(C4CC4)nc(N4CCC(C#N)CC4)n3)cc2C#N)c(F)c1,24.29
Cc1cc(-c2nc(-c3ccc(-c4ccc(C#N)c(F)c4)c(C#N)c3)cc(-c3cnc(C#N)c(C#N)c3)n2)ccc1C#N,18.37
CC(C)Oc1ncc(-c2nc(-c3cnc(-c4ccc(C#N)cc4)c(C#N)c3)cc(=NC(=O)C3CCCC(F)(F)C3)[nH]2)cc1C#N,33.04
N#Cc1cc(-c2ccc(F)c(-c3cc(Br)ccn3)n2)nc(C#N)c1C#N,16.88
N#Cc1cc(-c2nc(CCc3ccc(-c4cnc(C#N)c(C#N)n4)cc3)nc(-c3cccs3)n2)[nH]c1C#N,17.58
CCOC(=O)c1cc(C(=O)NN=Cc2c(C)nn(-c3ccccc3)c2C)cc(-c2ccc(C#N)cc2)n1,25.35
N#Cc1ccc(-c2ccc(-c3nc(-c4ccc(C#N)nc4)nc(=NC(=O)c4cnn(-c5cccc(C#N)c5)c4)[nH]3)cc2)cc1,28.77
N#Cc1ccc(-c2ccc(-c3cc(-n4cc(C#N)c5[nH]c(=O)ccc54)nc(-c4cccc(-c5ccc(C#N)c(C#N)c5)c4)n3)cn2)cc1,30.35
N#Cc1ccc(-c2ccc(-c3ncc(CNc4cc(F)cc(-c5cc(C#N)ccc5C#N)c4)n3-c3ccc(-c4ccc(Cl)cc4)cc3C#N)cc2)nc1,37.2
CC(N=c1[nH]c(C#N)nc(-c2ccc(-c3ccc(C#N)c(C#N)c3)cc2)c1-c1ccc(C#N)cc1)C(F)(F)F,18.28
N#Cc1ccc(-c2nc(-c3cnc(C#N)c(C#N)c3)nc(N3CCC(F)(F)C3)n2)nc1,13.63
N#CC=Cc1cn(-c2ccc(C#N)c(C#N)c2)c(C=Cc2cc(-c3ccc(C#N)cc3)ccc2OCc2cccc(-c3ccc(C#N)cc3)n2)n1,26.49
CC1COCCN1c1cc(C#N)nc(-c2nc(-c3cnc(CN4CCC(C#N)C4)c(C#N)c3)nc(-c3cccc(C#N)n3)n2)n1,20.0
CC(C)Oc1ncc(-c2nc(-c3ccc(C#N)cn3)nn2CCO)cc1C#N,11.99
N#CC=Cc1ccc(C#N)c(-c2ccc(-c3cnc(-c4ccc(Cl)c(Cl)c4)c(C#N)c3)c(F)c2)n1,20.42
CCOc1nc(=Nc2ccc(C#N)cc2)nc(Nc2ccc3c(c2)C(=O)c2ccc(-c4cccc(C#N)n4)nc2C3=O)[nH]1,22.27
N#CCCn1cc(C#N)c(-c2ccc(-c3cnc(C#N)c(C#N)c3)c(C#N)c2)n1,18.01
N#Cc1ccc(-c2ccc(-c3nc(-c4ccc(-c5cc(Cl)cc(Cl)c5)cc4)c(C#N)c(-n4ncc(-c5cccnc5)n4)c3C#N)cc2)cc1C#N,30.72
N#Cc1ccc(-c2ccc(-c3cc(C#N)c(NC(=O)c4ccc(-c5ccc(C#N)cc5)o4)n3-c3ccc(Oc4cc(C#N)c(C#N)cn4)c(C#N)c3)cc2)cc1,18.56
N#Cc1ccc(-c2ccc(-c3cc(=O)n(-c4ccc(-c5cccc(C#N)c5)cc4C#N)c(C=Cc4cnc(C#N)c(C#N)c4)n3)cc2)cc1,19.75
CC(C)n1cc(-c2ccc(-c3cc(C#N)c(-c4ccc(Cl)cc4Cl)nc3C#N)nc2)c(C#N)c1-c1ncc(N)c(C#N)n1,23.44
Cc1nnc(-c2ccc(-c3nc(C#N)nn3CC(C)(C)O)cc2C#N)o1,18.27
N#Cc1ccc(-c2ncc(-c3ncc(-c4cc(-c5ccc(C#N)nc5)nc(-c5ccc(-c6ccc(C#N)c(C#N)c6)cc5)n4)cc3C#N)cc2F)nc1,20.73
CCOC(=O)Cc1cc(-c2ccc(C#N)cc2)nc(-c2cnc(C#N)c(C#N)c2)n1,19.1
CC1(O)CCCC(C(=O)O)(N(Cc2cc(Br)c(-c3ccc(-c4cccc(C#N)c4)cc3)c(C#N)c2Cl)C(=O)C=Cc2ccc(C#N)cc2)C1,47.66
Cc1nc(C#N)c(C#N)nc1-c1ccc(-c2nc(-c3ccc(-c4ccc(C#N)cn4)nc3)c(-c3ccc(Cl)c(Cl)c3)n2C)cc1Cl,31.31
N#Cc1cccc(C#Cc2cccc(-c3cnc(C#N)nc3)c2)n1,14.97
N#Cc1ccc(C=Cc2nc(=Nc3ccnc(-c4cnc(C#N)c(C#N)c4)n3)nc(-c3ccc(C#N)c(C#N)c3)n2-c2ccc(C#N)nc2)cc1,38.03
N#Cc1ccc(-c2ccc(-c3nc(-c4cc(C#N)cc(-n5nccc5C#N)c4)nc(N4CC(N)CC(F)C4)n3)c(C(F)(F)F)n2)nc1,27.17
N#Cc1ccc(-c2ccc(-c3cnc(C#N)o3)cc2)nc1,15.74
N#Cc1ccc(-c2n[nH]c(=NN=Cc3ccc(-c4cccc(C#N)c4)o3)[nH]2)cc1,25.71
N#Cc1cc(-c2cc(F)cc(F)c2)c(F)c(-c2nc(C#N)cn2-c2ccc(C#N)c(C#N)c2)n1,16.61
N#Cc1c[nH]c(=NC2CCCC2NC(=O)c2nc(C#N)ncc2-n2nccc2C#N)cn1,19.84
N#Cc1ccc(-c2nc(-c3cnc(-c4ccc(F)cc4)c(C#N)c3)nc(C3CN(C(=O)C4(C(F)(F)F)CC4)CCO3)n2)cc1C#N,28.49
N#Cc1ccc(-c2ccc(-c3nc(-c4ccc(-c5ccc(C#N)c(C#N)c5)nc4)nc(-c4ccccc4C#N)n3)cc2C#N)cc1F,16.68
Cn1c(C#N)ccc1-c1ccc(C#N)c(-c2ccc(-c3nc(C#N)c(Nc4ccc(C#N)cc4)nc3C#N)nc2C#N)c1,23.01
Cn1cc(C#N)nc1-c1ccc(-c2cccc(-c3cnc(-c4ccc(C#N)cc4)c(C#N)c3)c2)nc1,12.94
CC(C)N=c1cc(-n2nccc2C#N)cc(C#N)cc1C(=O)NCCNC(=O)Nc1ccc(C#N)nc1,21.72
N#Cc1cncc(-c2cc(-c3ccc(C#N)c(C#N)c3)c(C#N)c(-c3cccc(C#N)n3)n2)n1,15.32
N#CCc1ncc(-c2nc(-c3ccc(C#N)cn3)nc(N3CCC(CC#N)(n4cc(CO)nn4)CC3)n2)cc1C#N,27.84
N#Cc1ccc(-c2nc(-c3ccc(-c4ccc(C#N)cn4)nc3)[nH]c2-c2cnc(C#N)c(C#N)n2)cc1,13.42
N#Cc1ccc(-c2ccc(-c3cc(N4CCOCC4)nc(-c4cc(F)c(C#N)c(C#N)c4)n3)cn2)nc1,20.33
N#CCCn1ccc(-c2cc(C#N)c(-c3ccc(C#N)cc3)nc2-c2ccc(-c3ccc(C#N)cn3)nc2)n1,23.17
CCOC(=O)c1c(-c2ccc(-c3ccc(C#N)c(F)c3)c(C#N)c2)c(C#N)cn1Cc1cccc(C#N)n1,25.07
N#Cc1ccc(-c2ccc(-c3ccc(-c4cc(C#N)cnc4-c4ccc(C#N)cc4)cc3)cc2C#N)cc1,16.51
N#Cc1ccc(C#Cc2nc(C#N)nc3c(C#N)c(-c4ccc(-c5ccc(C#N)cc5)cc4)c(-c4cnc5ccccc5c4)nc23)cc1,27.47
Cn1c(-c2ncc(-c3ccc(C#N)nc3)s2)cc(C#N)c1-c1nc(C#N)c(C#N)nc1-c1ccc(C#N)cc1,19.8
N#Cc1ccc(-c2ccc(-c3nc(-c4nc(-c5ccc(C#N)cc5)nc(-c5ccc(-c6ccc(C#N)cc6)nc5)n4)cc(-n4c(C#N)cc5cccnc54)n3)cn2)cc1,18.96
Cn1c(-c2ccc(-c3nc(-c4ccc(-c5cccc(C#N)c5)cc4)[nH]c3-c3cnc(C#N)c(C#N)n3)cc2)nc(C#N)c1-c1ccsc1,29.5
C=CCOCCCCCCCC#CC#CC#CCCO,29.14
CCC(C)Oc1ncc(-c2nc(-c3nc(C#N)ccc3C#N)nc(N3CC4CC3CO4)n2)cc1C#N,15.59
Cc1nc(-c2ccc(-c3ccc(C#N)cc3)cc2)nn1-c1ccc(-c2cnc(-c3nnco3)c(C#N)c2)c(C#N)c1,22.24
N#Cc1ccn(-c2cccc(-c3cc(C#N)c(C#N)c(-c4ccc(C#N)c(F)c4F)n3)c2)c1,22.39
CC(=O)Oc1c(C#N)cc(-c2ccc(-c3cnc(-c4nc(C#N)c(C#N)nc4C)c(C#N)n3)cc2)cc1C12CC3CC(CC(C3)C1)C2,41.96
N#Cc1cccc(-c2nc(-c3cnc(N4CCc5c(C#N)cc(C#N)n5C4)c(C#N)c3)nc(C3CC3)n2)n1,20.93
Cc1ncc(-c2nc(CCC3CC3)nc(-c3cc(-c4ccc(C#N)c(C#N)c4)cc(C#N)n3)n2)cc1C#N,11.85
N#Cc1ccc(-c2nc(-c3ccc(-c4cccc(CC(=O)O)n4)cc3)cc(-c3cccc(-c4cnc(C#N)c(C#N)c4)n3)n2)cc1,21.93
N#Cc1ccc(-c2ccc(-c3cc(-c4cc(C#N)c(N5CCC(F)(F)C5)nn4)nc(-c4ccc(C#N)cc4)n3)cc2)cc1,15.1
N#Cc1cccc(-c2nc(-c3cnc(C#N)c(C#N)c3)nc(-c3cnc4c(-c5ccc(C#N)c(F)c5)cccn34)n2)n1,25.1
N#Cc1cc(-c2ncc(-c3cnc(-c4cnc(C#N)c(C#N)c4)c(Br)n3)cc2C#N)ccc1F,26.82
N#Cc1ccc(-c2ccc(-c3nc(-c4ccc(-c5ccc(C#N)c(C#N)c5)s4)nc(C#N)c3C#N)cc2)cc1,15.14
N#Cc1ccc(-c2cc(-c3cc(-n4c(C#N)ccc4C#N)cc(C#N)n3)cc(F)c2C#N)cc1,15.22
N#Cc1ccc(-c2ccc(-c3nc(-c4ccc(C#N)nc4)cc(-c4cc(-c5ccc(C#N)cc5)cc(-c5ccc(C#N)cc5)n4)n3)cc2)cc1,13.75
Cn1cc(C#N)nc1-c1cnc(-c2ccc(C#N)c(C#N)c2)c(C#N)c1,14.78
N#Cc1ccc(-c2ccc(-c3nc(-c4ccc(C#N)cc4)cc(-c4nc(-c5nccc(C#N)n5)cc(-c5c(F)c(F)c(C#N)c(F)c5F)c4F)n3)cc2)cc1,15.74
N#Cc1cccc(-c2cn(-c3nc(C#N)ncc3-c3c(C#N)c(C#N)nn3-c3ccc(-c4ccc(-c5cc(Cl)nc(Cl)n5)s4)cc3)cn2)c1,34.28
N#Cc1cccc(C(=O)Nc2ccc(C#N)c(-c3cc(N4CCOCC4)nc(-c4cnc(C#N)c(C#N)c4)n3)c2)c1,23.2
N#Cc1ccc(NC(=O)c2cc(-c3cnc(N4CC(F)C4)c(C#N)c3)nc(N3CC4CC3C4)n2)c(C(=O)N2CCOCC2)n1,25.19
Cn1nc(-c2ccc(C#N)cc2F)nc1-c1ccc(-c2cccc(-n3nc(C(=O)O)cc3C#N)c2)cc1F,20.44
N#Cc1ccc(-c2ccc(-c3nc(-c4cc(C#N)c(C#N)c(C#N)c4)nc(N4CC5CC4C5)n3)cn2)nc1,11.48
N#Cc1ccc(-c2nc(C#N)c(Nc3ccc(-c4cc(-c5ccc(C#N)c(F)c5)c(C#N)c(=O)[nH]4)cc3)nc2-c2ccc(C#N)cc2)cc1,27.81
N#Cc1nc(-c2cnc(-c3ccc(F)cc3)c(C#N)c2)cc(-n2nc(C(F)(F)F)cc2C#N)n1,10.95
Cc1cc2c(=Nc3ccn(Cc4cccnc4)n3)[nH]c(C#N)nc2cc1OCCCN1CCN(C)CC1,32.91
CS(=O)(=O)c1ccc(-n2cc(-c3ncc(-c4ccc(C#N)c(C#N)c4)c(C#N)n3)c(-c3ccc(F)cc3)n2)cc1,32.34
N#CCc1nc(-c2cc(-c3ccc(-c4ccc(C#N)c(F)c4)nc3)nc(-c3ccc(C#N)cc3)n2)c(-c2ccc(C#N)c(-c3ccc(F)cc3)c2)n1Cc1ccc(C#N)c(F)c1,32.58
COc1cc(F)cc(-c2cc(-c3ccc(C#N)c(-c4ccc(-c5ccc(C#N)cn5)cc4)c3)nc(-c3ccc(-c4ccc(C#N)cc4)nc3)n2)c1,18.91
N#Cc1ccc(-c2ccc(-c3nc(C#N)c(C#N)c(-c4ccnc(-c5cnc(C#N)c(C#N)c5)n4)n3)cn2)nc1,17.46
N#Cc1ccc(C#N)c(-c2nc(-c3ccc(C(F)(F)F)c(C#N)c3)nc(N3CC4CC3CO4)n2)n1,9.51
N#Cc1ccc(-c2ccc(-c3nc(-c4cnc(C#N)c(C#N)c4)[nH]c3-c3cnc(C#N)c(C#N)n3)cc2)cc1,19.43
N#Cc1ccc(-c2nc(-c3cccs3)no2)cc1-c1cc(F)c(F)cc1C#N,26.32
N#Cc1ccc(-c2nc(-c3ccc(-c4cccc(-c5ccc(C#CC=CC#CC#Cc6cc(-c7ccc(-c8ccc(C#N)nc8)nc7)nc(-c7cccc(C#N)c7)c6)cc5)c4)cc3)cs2)cc1,37.0
Cn1nc(C#N)nc1-c1ccc(-c2ccc(C#N)s2)c(C#N)c1,14.28
N#Cc1nc(-c2nc(-c3ccc(-c4nc(C#N)c(NC(N)=O)s4)cc3)cc(-c3nc(N4CCOCC4)[nH]c(=N)n3)n2)cnc1N,25.8
CS(=O)(=O)c1cc(C#N)ccc1-c1ccc(-c2c(C#N)c(Sc3ccc(O)cc3)[nH]c(=N)c2C#N)cc1,25.33
COCC1CCC(C#N)N1c1nc(-c2cnc(C#N)c(C#N)c2)nc(-c2c(F)ccc(-c3cnc(C#N)c(C#N)n3)c2F)n1,20.26
N#Cc1ccc(-c2ccc(-c3nc(C(=O)NNC(=N)N)c(C#N)c(-c4cc(C#N)cc(-c5cc(C(F)(F)F)ccc5C#N)c4)n3)cc2)cc1,22.95
CS(=O)(=O)c1cccc(CNc2nc(-n3nccc3C#N)nc(-c3ccc(C#N)cc3)c2C#N)c1,21.17
N#Cc1ccc(C(=O)Nc2cc(-c3cnc(C#N)nc3)nc(-c3cc(C#N)c(C#N)c(-c4ccc(C#N)nc4)c3)n2)nc1,22.24
N#Cc1ccc(-c2ccc(-c3nc(-c4ccc(C#N)nc4)cc(-n4nccc4C#N)n3)cc2)cc1,12.3
N#Cc1c[nH]c(C(=O)Nc2cc(C3(C#N)CC3)nc(-c3cnc(-c4nnco4)c(C#N)c3)n2)n1,23.75
N#CC(=O)c1cccc(N=c2[nH]cnc3[nH]c(-c4ccc(C#N)c(C#N)c4)cc23)c1,24.0
N#Cc1ccc(-c2nccc(-c3ccc(-c4cc(-c5cnc(C#N)c(C#N)c5)nc(C#N)n4)nc3)n2)cc1,16.09
Cc1nc(NC#N)c(C#N)cc1-c1cc(N2CC(C)C(c3ccc(F)c(C#N)c3)OC2=O)nc(-c2cccc(C#N)n2)n1,39.03
CON=Cc1c(C#N)c(C#N)cn1-c1cc(=Nc2ccc(C#N)nc2)[nH]c(-c2ccc(-c3ccccc3)nc2C)n1,26.46
N#Cc1ccc(-c2nc(-c3ccc(-c4ccc(C#N)c(C#N)c4)cc3)nc(-n3nc(-c4ccc(-n5cccc5C=O)cc4)[nH]3)n2)cc1,38.96
N#Cc1ccc(-c2cc(-c3ccc(-n4ccnc4-c4cccc(C#N)n4)cc3C#N)cc(C#N)c2C#N)cc1,21.46
N#Cc1cccc(S(=O)(=O)N2CCCC2C(=O)N=c2ccc(-c3cccnc3)n[nH]2)c1,34.24
N#Cc1cc(-c2nc(-c3cc(C#N)c(C#N)c(C#N)n3)cc(N3CCC(C#N)C3)n2)cnc1N1CCC(C#N)CC1,20.87
N#Cc1ccc(-c2cc(-c3ccc(C#N)nc3)[nH]c(=NC(=O)c3ccc(-c4cnc(-c5ccc(C#N)c(C#N)c5)nc4)nc3)n2)cn1,26.14
N#Cc1ccc(-c2cc3cccnc3c(C#N)c2-c2cc(-c3ccc(C#N)c(C#N)c3)c(F)c(F)c2C(=O)NCC(F)(F)F)cc1,37.32
COCOCc1ccc(C#N)nc1-c1cc(C#N)cc(-c2ccc(-c3ccc(C#N)cn3)c(C#N)c2)c1,31.76
N#Cc1ccc(-c2cc(-c3ccc(NC(=O)c4cccc(C#N)n4)cc3)nc(-c3ccc(C#N)cc3)n2)cc1,17.35
CN1CCN(c2c(-c3cc(-c4ccc(N(C)C)nc4)c(C#N)c(=N)[nH]3)ccc(-c3ccc(C#N)cc3)c2C#N)CC1,32.45
CCC1COCCN1c1ncc(-c2cc(-c3cc(-c4ccc(C#N)cc4)cc(C#N)n3)nc(-c3ccc(C#N)cc3)n2)nc1C#N,25.83
N#Cc1nc(-c2ccc(-c3cnco3)c(C#N)c2)nc(C2CCCN2C(=O)c2nc(-c3ccc(F)c(C#N)c3)ncc2F)n1,30.25
C#CCOc1nc(-c2ccc(C#N)cc2)c(C#N)c(OCC#C)c1C=c1ccc(=C(C#N)C#N)cc1,21.56
Cn1nc(-c2cnc(-c3ccc(C#N)cc3F)c(C#N)c2)nc1-c1cnc(N2CCN(CCC#N)CC2)c(C#N)c1,18.12
CCCCNC(=O)c1oc(-c2nn(-c3ccccc3)cc2C#N)nc1C#N,30.25
CC(C)(N=c1[nH]cc(Cl)cc1N1CCCC(N)CC1)c1nc(-c2ccc(-c3ccc(C#N)cc3)s2)nc(-c2ccc(-c3cc(C#N)c(C#N)s3)c(F)c2F)n1,39.39
N#Cc1ccc(-c2ncc(-n3nccc3C#N)nc2Nc2ccc(C#N)c(C#N)c2)s1,20.94
N#Cc1cncc(-c2cc(-c3ccc(-c4nc(C#N)c(C#N)nc4-c4ccc(Cl)cc4)c(C#N)c3)nc(C#N)n2)n1,16.82
N#Cc1ccc(-c2ccc(-c3cc(C#N)nn3-c3cc(C4CC4)nc(-c4cc(-c5cnc(N)c(C#N)n5)c(C#N)cc4Cl)c3C#N)cc2)cc1,26.72
N#Cc1cc(C#N)cc(-c2ccc3c(n2)CCc2ccc(Nc4cc(-c5cnc(OC(F)F)c(C#N)c5)nc(-c5cnc(C#N)c(C#N)c5)n4)cc2C3=O)c1,29.48
N#Cc1ccc(-c2ccc(-c3nc(-c4ccc(-c5ccc(C#N)cc5)nc4)c(C#N)c(-c4cnc(N5CCC(O)C5)c(C#N)c4)n3)cn2)cc1,24.62
Cc1[nH]c(C)c(-c2cn(-c3cc(Cl)c(O)cc3O)nn2)c(=O)c1Cl,24.96
N#Cc1cc(-c2nc(-c3cc(F)c(C#N)c(F)c3F)nc(N3CC4(COC4)C3)n2)nc(C#N)c1C#N,13.61
CC(C)Oc1ncc(-c2nc(-c3cc(-c4cnc(C#N)c(C#N)c4)cc(C#N)n3)nc(N3CCCC3)n2)cc1C#N,13.5
COc1cc(-n2nccc2-c2cc(-c3cnc(C#N)c(C#N)c3)nc(-c3ccc(-c4ccc(C#N)nc4)cc3)n2)ccc1-c1ccc(C#N)nc1,28.25
Cc1cc(C(=O)N(CCC#N)c2ccc(-c3ccc(-c4nc(C#N)c(C#N)nc4C#N)cc3)cc2)cc(C#N)c1O,32.68
N#CCn1nc(-c2cc(-c3ccc(C#N)cc3)c(F)c(-c3nnc(C#N)o3)c2)nc1-c1c(F)c(F)c(C#N)c(F)c1F,17.56
N#Cc1nc(-c2ccc(-c3cccc(-c4ccc(NS(=O)(=O)c5ccc(F)cc5F)cc4F)c3)cc2C#N)no1,26.96
COc1cc(-c2cc(C#N)c3nc[nH]c(=Nc4ccc(C#N)c(C#N)c4)c3c2)cc(Cl)c1O,21.28
N#Cc1ncc(C#N)c(-c2ccc(-c3nccc4c(F)c(-c5ccncn5)cnc34)cc2F)n1,32.02
N#Cc1cc(-c2ccc3nc(N)c(C#N)c(-c4ccc(-c5cc(-c6nc(Cl)nc(Cl)n6)nc(N6CC7CCC(C6)O7)n5)cc4F)c3n2)cnc1C#N,29.25
N#CCc1nc(-c2cc(F)c(-c3nc(C#N)ncc3C#N)cc2C#N)nc(N(CCO)CCF)n1,26.17
N#Cc1ccc(-c2ccc(S(=O)(=O)Nc3cncc(C(=O)Nc4cccc(C#N)c4)c3)cc2C#N)cc1,30.67
N#CCn1cc(-c2cc(-c3ccc(-c4cccc(-c5ccc(C#N)cc5)n4)c(C#N)n3)cc(-c3ccc(C#N)cc3)n2)cn1,21.34
Cc1nc(C#N)nn1-c1nc(-c2c(-c3ccc(Cl)cc3Cl)nc(C(F)(F)F)n2-c2ccc(C#N)cc2)cc(-c2ccc(C#N)cc2)c1C#N,30.88
CN(C)C(=O)c1cccc(C(C)(C)c2ccc(-c3ccnc(C#N)n3)cc2C#N)c1F,21.81
N#Cc1ccc(-c2cc(-c3ccc(-c4cc(C5=NCCCN5)ccc4C#N)cc3)nc(-c3ccc(C#N)cc3)n2)cc1,26.39
N#CCCCOc1nc(-c2ccc(C#N)cc2)ccc1-c1csc(-c2ccnc(Cl)c2F)n1,28.71
Cc1cc(C#N)ccc1N=c1[nH]cc(-c2cncc(-c3cnc(C#N)cn3)c2F)cc1C#N,26.32
CC(C)(COc1ncc(-c2cc(C#N)cc(-c3cnnc(-c4cc(C#N)c(C#N)c(Cl)n4)n3)c2F)cn1)C(=O)O,23.43
CCCOc1cccc(-c2cnn(-c3cc(-c4ccc(-c5cccc(C#N)c5)cc4)nc(-c4ccc(C#N)cc4)n3)c2)c1,33.11
Cc1nc(-c2cc(C#N)cnc2-c2cccc(-c3cnc(-c4nc(C#N)no4)c(C#N)c3)c2)ccc1F,23.4
Cn1c(C#N)nnc1-c1cc(-c2ccc(-c3ccc(C#N)cc3)nc2)nc(-c2ccc(-c3ccc(C#N)cc3)cc2)n1,18.3
N#Cc1ccc(-c2ccc(-c3nc(-c4cccc(-c5cccc(-c6ccc(C#N)cc6)c5)c4)cc(-c4cccc(-c5ccc(C#N)cc5)n4)n3)cc2)cc1,18.97
Cc1sc(-c2ccc(C#N)cc2)nc1-c1ccc(-c2sc(-c3ccc(C#N)cc3)nc2-c2ccncc2)c(C(=O)O)n1,24.6
Cn1cc(-c2ccc(-c3nc(-c4ccc(C#N)cc4)nc(-c4ccc(-c5ccc(C#N)cc5)cc4)n3)cc2)cn1,15.88
N#Cc1ccc(-c2nnc(-c3cc(-n4nc(C#N)cc4C#N)ccc3C#N)o2)cc1,11.41
CCCc1cc(-c2cc(CCc3nc(C4CC4)no3)nc(-c3cnc(C#N)c(C#N)c3)n2)nc(-c2cc(C#N)c(C#N)[nH]2)n1,16.89
COc1nc(-c2ccc(-c3nnc(-c4cc(F)c(C#N)c(F)c4F)c(C#N)n3)cc2C#N)nc(C(F)F)n1,26.84
N#Cc1ccc(-c2ccc(-c3cc(C#Cc4ccc(-c5ccc(C#N)cc5)c(C#N)c4)nc(-c4cc(C#N)cs4)n3)cc2)cc1,25.52
CCn1c(C#N)ccc1-c1cc(NC(=O)Nc2ccc(C#N)nc2)ccc1-c1ccnc(C#N)c1,27.11
N#CC(=C1CCNCC1)c1c(C#N)cc(-c2ccc(-c3nc(-c4ccccc4)nc(-c4c5ccccc5c(C#N)c5ccccc45)n3)cn2)n1C#N,29.22
CN(C)c1nnc(-c2cc(-c3ccc(C#N)cc3)cc(-c3ccncc3)n2)cc1C#N,11.91
COCCN(C)C1CCN(c2nc(-c3cc(C#N)cc(-n4nccc4C#N)c3)nc(-c3cnc(C#N)c(C#N)c3)n2)CC1,19.38
COCc1nc(C)nc(-c2ncc(-c3nc(C#N)nn3CC(=O)N3CC(F)(F)C3)cc2C#N)n1,28.54
N#Cc1cc(-c2ccc(CCc3nc(-c4cc(C#N)c(C#N)c(C#N)n4)n(CCO)n3)cc2C#N)ccn1,27.08
N#Cc1ccc(-c2nc(-c3ccc(-c4cc(F)c(F)c(Cl)c4)nc3)nc(-c3ccc(-n4nccc4C#N)c(F)c3F)n2)cc1,18.93
CC(C)(C#N)c1ccc(-c2nc(-c3ccc(C#N)cc3)nc(-c3cc(-c4ccc(-c5ccc(C#N)cn5)cc4)nc(-c4ccc(-c5ccc(C#N)cc5)cc4)n3)n2)cc1,20.93
N#Cc1ccc(-c2cc(-c3nnnc(-c4cnc(C(N)=O)c(C#N)c4)n3)nn2C#N)cc1C#N,24.89
Cc1nc(-c2nnc(-c3ccc(C#N)cc3)o2)c(C#N)cc1-c1cc(Nn2c(-c3cnc(-c4ccc(F)cc4)c(C#N)c3)nccc2=O)ccn1,33.44
N#Cc1ccc(-c2cc(-c3nc(C#N)ccc3C#N)cc(-c3c(F)c(C#N)c(C#N)c(F)c3C#N)c2)cc1,20.3
CC1(Cc2ccc(-c3ccnc(C#N)n3)cc2)C(=O)N(C(=O)Cn2nc(-c3cc(F)c(F)c(F)c3)cc2C#N)c2cc(C#N)ccc21,36.97
Cc1nc(C#N)c(C#N)nc1-c1csc(=Nc2cc3c(c(C#N)c2O)NC(C)(C)CC3)[nH]1,29.02
CCCOc1ccc(C#N)cc1-c1nc2c(C#N)cnn2cc1NCc1ccco1,31.62
N#Cc1ccc(-c2ccc(-c3cc(C#N)nn3-c3ccc(-c4ccc(C#N)nc4)cc3C#N)cc2)cc1,10.52
CC(c1ccc(-c2ccc(C#N)cc2)c(C#N)c1)C1C(=O)N2C(C(C)(C)C)OCC2(C)C1=O,37.79
CC(C)(C#N)C(=O)N1CCC(c2nc(C(F)(F)F)c(-c3cc(-c4cncc(C#N)c4)nc(C#N)n3)cc2C#N)CC1,20.34
N#Cc1cc(-c2ccc(-n3cc(-c4ccc(-c5ccc(C#N)c(C#N)c5)cc4)c4c(C#N)cc(C(O)O)nc43)cc2)ccn1,36.61
CC(C)Oc1ncc(-c2nc(-c3cccc(C#N)n3)nc(N3CC4CC3CO4)n2)cc1C#N,9.31
COc1ncc(-c2ccc(-c3nc(C#N)nc4c3ncn4C3CCC(CO)CC3)cc2C#N)cn1,28.14
CC(=O)OC1C=C(C)C(C(C)OC(=O)C=CC(C)=Cc2c(C)c(O)c3ccccc3c2O)C(OC(C)=O)C12C=C(C#N)C(=O)O2,59.02
N#Cc1cncc(-c2c(C#N)ccc(-c3nc(C#N)c(C#N)c(C#N)n3)c2F)c1,23.54
N#Cc1ccc(-c2ccc(C(=O)Nc3ccc(-c4cc(-c5cnc(C#N)c(C#N)c5)nc(C#N)n4)nc3C#N)cn2)nc1,19.52
N#Cc1ccc(-c2ccc(-c3cc(C#N)nn3-c3ccc(-c4cnc(-c5ccc(C#N)cc5)c(C#N)c4)cc3C#N)cc2)cc1,10.22
N#Cc1ccc(-c2ccc(C(=O)Nc3cc(-c4ccc(-c5cc(F)c(C#N)c(F)c5)c(C#N)c4)c(-c4ccc(C#N)c(F)c4)c(F)c3F)c(O)c2)cc1,32.67
N#Cc1ccc(-c2cccc(-c3cc(-c4ccc(C#N)cc4)nc(-c4ccc(-c5ccccn5)cc4)c3)c2)cc1,15.88
N#Cc1ccc(-c2nc(-c3cccc(-c4cc(C#N)cc(-c5cnnc(-c6cnc(C#N)c(C#N)c6)n5)c4)c3)ccc2C#N)cc1,22.37
CCc1nc(-c2cc(C#N)cc(-c3ccc(-c4nc(C#N)c(C#N)nc4-c4cnc(C#N)c(C#N)c4)nc3)c2)nc(C#N)c1C#N,26.93
N#Cc1ccc(-c2ccc(-c3nc(-c4ccc(-c5cccc(C#N)n5)cc4)cc(-c4ccc(-c5ccc(C#N)cc5)c(C#N)c4)n3)s2)cc1,15.87
COc1ccc(C=Cc2cc(-c3ccc(C#N)cc3)[nH]n2)cc1OC,24.07
Cn1cccc1-c1ccc(-c2ccc(C#N)c(C#N)n2)c(C#N)n1,24.53
COC1CN(c2cc(C#N)nc(-c3cc(N4CC5CC4CO5)nc(-c4cc(C#N)c(C#N)cn4)n3)c2)CC1(F)F,23.67
N#Cc1ccc(-c2cc(-c3nc4cnccc4n3C3CC3)nc(-c3ccc(C#N)cc3)n2)cc1,24.05
CC(N=c1nc(N2C(=O)OCC2C(C)C#N)cc[nH]1)c1nc(-c2cccc(F)c2)no1,21.45
CC(C)Nc1nc(-c2ccc(O)c(C#N)c2)nc(-c2cc(C#N)c(C#N)c(C#N)n2)n1,20.16
N#Cc1cnc(-c2ccc3c(=Nc4cccc(C(F)(F)F)c4)c(C#N)c[nH]c3c2)c(C(F)(F)F)c1,23.27
N#Cc1ccc(-c2ccc(-c3nc(-c4ccc(C#N)nc4)nc(-c4cccc(C#N)n4)c3C#N)cc2)cn1,18.06
N#Cc1nc(-c2cnc(-c3cc(F)cc(F)c3)c(C#N)c2)cc(-n2nccc2C#N)n1,11.66
CCC(=N)N1CC(=Cc2cccc(-c3ccc(-c4ccc(-c5ccc(C#N)cc5)nc4)cc3)c2)CC(=Cc2cccc([N+](=O)[O-])c2)C1,48.84
N#Cc1ccc(-c2nc(-c3ccc(C#N)c(-c4cc(C#N)c(C#N)c(C#N)n4)n3)ncc2C#N)cc1,23.59
N#Cc1ccc(Oc2ccc(-c3cc(C#N)n(Cc4ccc(-c5cnc(C#N)c(C#N)c5)c(C(F)(F)F)c4)c(=O)c3C#N)cc2F)nc1,33.1
CCCCc1nn(-c2ccc(C#N)c(C#N)c2)c(C(O)OCCO)c1Cc1ccc(-c2ccccc2-c2nn[nH]n2)cc1,28.63
N#Cc1cc(C#N)n(-c2ccc(-c3nc(-c4ccc(-c5ccc(C#N)c(F)c5)nc4)nc(-c4cnc(C#N)c(C#N)c4)n3)nc2)n1,17.67
N#Cc1cc(-n2nc(C(N)=O)cc2C#N)cc(-c2ccc(-c3ccc(C#N)c(F)c3)c(C#N)c2)n1,14.16
N#CCc1nc(-c2cc(C#N)c(C#N)[nH]2)nc(-c2ccccc2C(F)(F)F)n1,12.56
CC(=O)Nc1ccc(F)cc1F,22.52
N#Cc1csc(-c2ccc(-c3cnc(-c4ccc(C#N)c(C#N)c4)c(C#N)c3)cn2)n1,13.33
N#Cc1ccc(-c2ccc(CNC(=O)CCCn3nccc3C#N)cc2)cc1,22.56
CCC(N=c1[nH]cc(C#N)nc1-c1nc(-c2cnc(OC(C)C)c(C#N)c2)nc(N2CC3CC2C3)n1)c1cc(F)cc(C#N)c1,24.26
O=c1[nH]c(-c2ccc(O)c(Br)c2)nc2ccccc12,26.82
N#Cc1ccc(-c2cc(-c3cccc(-c4cccc(Nc5cc(C#N)nc(C#N)n5)c4)c3)ccn2)cc1,23.42
N#Cc1ccc(-c2cc(-c3nc(-c4cnc(C#N)c(C#N)c4)n(C4CCN(C5COC5)CC4)n3)nc(C(F)(F)F)c2C#N)cc1,21.26
Cn1c(C#N)cnc1-c1cc(C(F)(F)C(F)(F)F)nc(-c2cc(C#N)c(C(N)=O)c(-c3ccc(C#N)c(C#N)c3)n2)n1,22.85
N#Cc1cc(-c2ccc(-c3ccn(-c4ccc(C#N)c(C#N)c4)c(=O)c3)cn2)ccc1F,15.53
N#Cc1ccc(-c2ccc(-c3nc(-c4ccc(C#N)c(C#N)c4)nc4cccn34)cn2)cc1C#N,21.61
N#Cc1nc(-c2nc(C(F)(F)F)[nH]c2-c2ccc(OCc3cnc(C#N)c(C#N)n3)cc2)cnc1N,24.53
N#Cc1ccc(OCc2cnc(-c3cc(-c4cnc(-c5cc(F)c(C#N)c(C#N)c5)s4)cc(C#N)n3)c(C#N)c2)cc1,35.11
Clc1cccc(-n2nnnc2CN2CCOCC2)c1Cl,20.09
CCc1cc(C#Cc2csc(C#N)n2)cs1,18.93
N#Cc1ccc(-c2ccc(-c3cc(C#N)n(-c4ccc(-c5ccc(C#N)cc5)c(C#N)c4)n3)cn2)cc1,12.85
N#Cc1ccc(-n2nc(-c3cnc(C#N)c(C#N)c3)nc2-c2cccc(-c3nc(-c4cnc(OC5CCOCC5)c(F)c4)nc(N4CCOCC4)n3)c2F)cc1,34.85
N#Cc1ccc(C#Cc2ccc(C#N)nc2)cn1,14.44
N#Cc1ccc(-c2cc(-c3cn(-c4cccc(-c5ccc(-c6cnc(Cl)c(C#N)n6)c(C#N)c5)c4C#N)nn3)c3ccc(C#N)nc3c2C#N)cc1,30.24
CC(C)Oc1ncc(-c2cn(-c3ccc(-c4ccc(-c5nc(C#N)c(C#N)nc5-c5ccc(C#N)cc5)cc4)c(C#N)c3)nn2)cc1C#N,20.63
N#Cc1ccc(-c2nc(-c3ccc(C#N)cc3)nc(-c3cccc(-c4nc(-c5ccc(C#N)cc5)nc(-n5nc(C(F)(F)F)cc5C#N)n4)c3)n2)cc1,14.95
N#Cc1cc(-c2cccc(-c3ccc(-n4nccc4C#N)cc3)n2)ccc1-c1ccc(F)c(F)c1,14.04
CC(C)CC(C#N)NC(=O)c1ccc(Cl)cc1NS(=O)(=O)c1ccc2c(S(=O)(=O)O)c(N=Nc3c(O)[nH]c4c(C(=O)O)cccc34)cc(C#N)c2c1,50.91
N#Cc1cc(Oc2ccccn2)c(-c2ccc(-c3nc(C#N)c(C#N)nc3C#N)c(F)c2F)cc1F,22.12
CC(C)(C#N)c1cc(-c2nc(-c3ccc(C#N)cc3)nc(-c3cc(-c4nc(-c5ccc(-c6ccc(C#N)cn6)cc5)c(C#N)c(=N)[nH]4)ccn3)n2)cc(C#N)c1C#N,26.68
N#Cc1ccc(-c2nc(-c3ccc(C#N)cc3)nc(-c3c(C#N)cc(-c4ccc(-n5cc(-c6cnc(C#N)c(C#N)c6)nn5)cn4)cc3C#N)n2)cc1,31.43
N#Cc1ccc(-c2coc(-c3ccc(-c4oc(C(F)(F)F)nc4-c4ccc(C#N)cc4)cc3)n2)cc1,19.26
Cn1c(-c2ccc(C#N)cc2)nnc1-c1ccc(-n2nccc2C#N)cc1,16.58
N#Cc1ccc(-c2ccc(-c3nc(-c4ccc(C#N)cc4)cc(-c4nc(-c5ccc(-c6ccc(C#N)cc6)cc5)n(-c5ccc(C#N)cc5)n4)n3)cc2)cc1,14.73
N#Cc1cccc(CN=c2nc(-c3ccc4c(c3)OCO4)cc(-c3ccc(-c4cnc(C#N)c(C#N)c4)c(C#N)c3)[nH]2)n1,35.28
CC(Oc1c(C#N)cc(-c2c[nH]c(=N)c(-c3cc(C#N)cc(C#N)n3)n2)nc1C#N)c1cccc(C#N)c1,15.79
N#Cc1ccnc(-c2cccc(-c3ccc(-c4cc(C5C=CCNC5)nc(C#N)n4)cc3)c2)n1,28.23
N#Cc1cnc(NCCCN2CCOCC2)c(C#N)n1,17.65
CC(C)Oc1ncc(-c2nc(-c3cccc(C#N)n3)nc(N3CC4C(C3)C4C(=O)O)n2)cc1C#N,11.55
N#Cc1ccnc(N=c2cc(C#N)nc(-c3ccc(-c4ccc(C#N)c(C#N)c4)nc3)s2)n1,19.78
O=C(CS(=O)(=O)c1nc2ccccc2nc1N(Cc1ccccc1)c1ccccc1)Nc1ccc(F)cc1,43.36
N#Cc1cccc(-c2ccc(-c3nc(-c4cc(C#N)cc(-n5nc(C(=O)O)cc5C#N)c4)ccc3C#N)nc2-c2ccc(C#N)c(C#N)c2)c1,18.69
N#Cc1ccc(-c2cc(C#N)nc(-c3cc(-c4cc(C#N)ccc4C#N)nc(-c4cnc(C#N)c(C#N)c4)c3C#N)c2)nc1,24.46
N#Cc1ccc(-c2nc(C#N)c(C#N)nc2-c2ccc(Cl)c(Nc3ccc(C#N)c(OCc4cccc(C#N)c4)c3)c2)cc1,31.12
N#Cc1ccc(-c2nc(-c3ccc(-c4ccc(C#N)c(F)c4)cc3)ncc2C#N)c(F)c1,18.5
N#Cc1cn2c(-c3c(F)c(F)c(C#N)c(F)c3F)nc(-c3ccc(S(=O)(=O)c4ccccc4)cc3)c2c(=N)[nH]1,27.38
N#Cc1ccc(-c2nc(-c3ccc(C#N)cn3)cc(-c3nc(-c4ccc(C#N)nc4)nc(-c4ccc(C#N)cn4)c3F)n2)cc1,23.09
N#Cc1ccc(-c2ccc(-c3nc(-c4cnc(C#N)c(C#N)c4)nnc3OCC3CC3)cn2)nc1,18.34
N#Cc1ccc(-c2nc3c(-c4nc(-c5ccc(C#N)nc5)nc(-c5c[nH]c6ccccc56)n4)c4cc(C#N)ncc4c(C#N)c3[nH]2)cc1,29.33
N#Cc1ccc(-c2nc(C(F)(F)F)n(CCC(O)CC(O)CC(=O)O)c2-c2ccc(-c3ccc(C#N)c(C#N)c3)c(C#N)c2)cc1,23.65
Cn1nc(-c2ccc(-c3ccc(C#N)cc3)nc2)cc1-c1[nH]nnc1C#N,18.49
N#Cc1ccc(-c2ncc(-c3ccc(-c4ccc(-n5c(N)c(C#N)c(C#N)c5-c5ccccc5C#N)cn4)cc3C#N)cc2C#N)cn1,22.42
CN(C)Cc1ncc(-c2cc(C#N)nc(-c3[nH]c(-c4ccc(F)c(C#N)c4F)nc3C#N)n2)cc1C#N,23.63
N#Cc1ccc(-c2ccc(-c3csc(=Nc4cc(C#N)cc(-c5ccc(F)cc5C#N)c4)[nH]3)cc2)nc1,24.46
Cc1ccc(-c2nc(-c3nc(C#N)ccc3C(F)F)nc(N3CCOCC3)n2)cc1C#N,18.71
N#Cc1ncc(-c2nc(-c3cc(F)cc(C4(O)CCOCC4)c3)nc(-c3cc(C#N)c(C#N)[nH]3)n2)cn1,28.06
CN1CCN(c2cc(-c3cc(-c4ccc(C#N)cc4)cc(-c4ccc(C#N)cc4)n3)c(-c3ccc(-c4ccc(C#N)cc4)cc3)nc2C#N)CC1,23.85
N#Cc1nc(C(C#N)N2CC3CC2CN3c2nc(-c3cnc(N4CC(F)(F)C4)c(C#N)c3)nc(-c3cc(C#N)c(C#N)c(C#N)n3)n2)no1,25.69
CCCCCCCCCCCC=c1c(=Cc2nc(-c3ccc(-c4ccc(-c5ccc(C#N)nc5)cc4)cc3)cc(C)[n+]2-c2cccc(C(F)(F)F)c2)[nH]c2cc(C#N)ccc12,35.81
N#Cc1ccc(C(C#N)Nc2ccc(-n3nc(C#N)cc3-c3ccc(-c4ccc(C#N)c(C#N)c4)cc3)cc2)cc1,16.77
N#Cc1cc(-c2nc(-c3cnc(F)c(C#N)n3)cc(N3CCC4(CNC4=O)C3)n2)cnc1C#N,18.17
N#Cc1ccc(-c2nc(-c3ccc(C#N)[nH]3)cc(-n3nc(C(F)(F)F)cc3C#N)n2)cc1,15.54
N#Cc1ccc(-c2ccnc(-c3cc(-c4ccc(C#N)nc4)cc(-c4cccc(C#N)n4)n3)n2)cc1,23.7
N#Cc1ccc(Oc2nc(-c3ccc(-c4ccc(C#N)cc4)cc3)nc(-c3cnc(C#N)c(C#N)c3)n2)cc1,17.25
N#Cc1cccc(-c2nc(-c3cc(C#N)c(C#N)c(C#N)c3)nc(N3CC4CC3C4)n2)n1,11.98
N#Cc1ccc(-c2cnc(-c3ccc(-c4nc(C#N)no4)c(C#N)c3)s2)c(C#N)c1,19.6
CC(Oc1c(C#N)cc(-c2nc(-c3cccc(C#N)n3)nc(N3C4CCC3COC4)n2)nc1C#N)c1cc(F)c(F)c(F)c1,17.6
Cc1cc(C#N)cn1-c1cc(-c2ccnc(-c3ccc(-c4ccc(C#N)c(C#N)c4)cc3)n2)cc(-n2nc(C(F)(F)F)cc2C#N)n1,19.32
CN(C)c1nnc(-c2cc(-c3ccc(C#N)cc3)cc(-c3cnc(C#N)nc3)n2)cc1C#N,12.13
C=C(C)Cn1c(-c2ccc(C#N)cc2)nc(-c2ccc(-c3ccc(C#N)cc3)cc2)c1-c1cnc(N=CN2CCN(C=O)CC2)c(C#N)n1,24.07
N#Cc1ccc(-c2ccc(Nc3nc(-c4ccc(-c5ccc(C#N)cc5)cc4)nc(C#N)c3NC(=O)NN=Cc3ccccc3F)cc2)cc1,22.36
N#Cc1ccc(-c2ccc(-c3cc(C#N)nc(-c4c(F)c(F)c(C#N)c(F)c4F)n3)cn2)cc1,18.51
N#Cc1cccc(-c2ccc(-c3cc(-c4cnccn4)nc(-n4nc(C#N)cc4C(N)=O)c3)cn2)c1,21.39
N#Cc1ccc(OS(=O)(=O)c2c(C#N)c(-c3ccccc3)nc(-c3ccc(-c4ccc(C#N)c(C#N)c4)cc3)c2C#N)cc1,30.68
N#Cc1ccc(-c2nc(-c3ccc(-c4ccc(C#N)c(C#N)c4)cc3)nc(-c3nc(C#N)nc(-c4cnc(C#N)c(C#N)c4)n3)n2)cc1,18.42
N#Cc1nc(-c2cccc(-c3ccc(-c4cnc(C#N)c(C#N)c4)c(C#N)c3)c2)n(-c2ccc(-c3ccc(C#N)s3)cc2)n1,23.41
N#Cc1cc(-n2[nH]c(C(F)(F)F)c(C#N)c2=NC(C#N)c2ccc(C#N)c(C#N)c2)nc(-c2ccc(C#N)c(F)c2)n1,27.66
N#Cc1cc(S(=O)(=O)Nc2cc(C#N)c(C#N)cc2-c2ccc(-c3cc(C#N)c(C#N)nc3C#N)cc2)ccc1F,24.63
N#Cc1ccc(-c2ccc(-c3cncc4ncnc(N5CCN(c6ncccc6F)CC5)c34)cc2)cc1,24.12
N#Cc1cc(C#N)nc(-c2cnc(C#N)nc2-c2ccc(-c3ncc(Cl)cc3F)cc2F)n1,25.82
N#Cc1ccc(CNC(=O)c2cc(-c3cnc(C#N)nc3-c3cccc(C#N)n3)nc(-c3cnc(C#N)c(C#N)c3)n2)nc1,26.69
N#Cc1cc2c(Br)c(C#N)n(S(=O)(=O)c3cccc(Cl)c3Cl)c2cc1F,30.41
N#Cc1ccc(-n2nc(-c3cnc(C(O)c4ccc(C#N)c(C#N)c4)c(C#N)c3)cc2C#N)cc1,17.81
N#Cc1ccc(CCNc2cc(-c3ccc(C#N)nc3)cc(NS(=O)(=O)c3ccc(C#N)cc3)c2C#N)cc1,31.73
N#Cc1ccc(-c2cc(-c3ccnc(C#N)n3)nc(-c3ccc(-c4ccc(C#N)cc4Cl)c(F)c3)n2)cc1,27.97
COc1cc(F)cc(-c2cc(N3CCC(F)(CC#N)C3)nc(-c3cnc(CC#N)c(C#N)c3)n2)c1,26.15
CC1COCCN1c1nc(-c2cc(C#N)c(OC(Cn3cncn3)c3ccc(F)cc3F)nc2C(=O)NCCC#N)nc(-c2nc(C#N)ccc2C#N)n1,33.47
N#Cc1cccc(-c2ccc3c(n2)C(=O)c2ccc(Nc4cncnc4)cc2C3=O)n1,13.78
N#Cc1ccc(-c2cc(-c3cnc(C#N)cn3)nc(-c3ccc(-c4ccc(C#N)c(C#N)c4)cc3)n2)cc1,18.72
N#Cc1cccc(Cn2cc(-c3ccc(-c4ccc(C#N)nc4)cc3)[nH]c(=O)c(=NC(=O)c3ccc(C#N)c(O)c3)c2=O)c1,33.01
Cc1[nH]c(-c2ccoc2)nc1-c1nc(-c2ccc(C#N)c(C#N)c2)nc2c(-c3ccc(C#N)cc3)nc(C#N)nc12,29.11
N#Cc1cccc(-c2ccc(-c3cc(-c4csc(=NC(=O)CCCCN5CCCCC5)[nH]4)cnc3C#N)cc2)c1,34.23
N#Cc1ccc(-c2nccc(-c3ccc(-c4cc(C#N)c(-n5c(C#N)ccc5C#N)cc4C#N)cc3)n2)cc1,22.09
N#Cc1ccc(-c2c(Br)[nH]c(-c3cc(C#N)c(C#N)[nH]3)c2-c2ccc(C#N)cc2)cc1,22.88
N#Cc1ccc(-c2cc(-c3ccnc(-n4nc(-c5ccc(F)cc5)cc4C#N)n3)ccn2)cc1C#N,17.16
N#CCc1sc(-c2ncc(C#N)c(-c3ccc(-c4ccc(C#N)nc4)nc3)n2)cc1C#N,12.91
Cc1ccc(-c2nc(-c3cccc(C#N)n3)nc(C3CCC(C(N)=O)CC3)n2)cc1C#N,11.68
C#CCOC(=O)CCC#Cc1cc(C#N)nc(-c2nc(-c3ccc(C#N)nc3)nc(-c3ccc(-c4ccc(C#N)cn4)nc3)c2C#N)c1,33.83
N#Cc1ccc(-c2ncc(-c3nc(N4CCC(F)C4)nc(N4CCC(F)(F)C4)n3)cc2C#N)cc1,15.45
Cc1nnc(-c2ccc(-c3nc(-c4nc(-c5cccc(C#N)n5)nc(N5CCC(F)C5)n4)cc(C#N)c3C)cc2C#N)s1,23.24
CC(C)Oc1ncc(-c2nc(-c3ccc(-c4ccc(C#N)nc4)c(C#N)n3)cn2C)cc1C#N,15.43
N#Cc1ccc(-c2ccc(-c3cc(C#N)nc(-c4cnc(-c5cnc(C#N)c(C#N)c5)nc4)c3)s2)cc1,20.25
N#Cc1cc(C(=O)NCc2cccc(-c3ccc(C(=O)O)o3)c2)cc(C#N)c1-c1ccc(C#N)c2ccccc12,37.6
N#Cc1ccc(-c2ccc(-c3nc(-c4cccc(-c5ccc(C#N)cc5)c4)cc(-c4nc(-c5ccc(C#N)cc5)nc(N5CCOCC5)n4)n3)cc2)cc1,19.04
Cc1c(N2CC(C#N)C2)cc(C#N)nc1-c1nc(-c2cnc(OC(C)C)c(C#N)c2)nc(N2CC3CC2C3)n1,14.17
N#Cc1ccc(Nc2ncc(-c3ccc(-c4ccc(-n5nc(C(F)(F)F)cc5C#N)cc4C#N)cn3)nc2C#N)cc1C#N,15.2
N#Cc1nccc(-c2ncc(C#N)c(-c3ccc(F)c(-c4cnc(C#N)c(C#N)c4)c3)n2)n1,18.52
N#Cc1ccc(-c2ccc(-c3cc(-c4cnc(-c5ccc(-c6ccc(C#N)cn6)nc5)c(-c5ccc(C#N)cc5)c4)nc(C#N)n3)cc2C#N)cc1,19.32
N#Cc1ccc(-c2ccc(C=CC(=O)c3ccc(-c4ccc(C#N)cc4)cc3-c3ccc(C#N)cc3)cc2)cc1,17.95
N#Cc1ccc(CNc2c(N)nc(-c3ccc(-c4ccc(C#N)c(C#N)c4)cc3)nc2C#N)cc1,12.85
N#CCOc1ccc(-c2cnc(-c3ccc(-c4cccc(-c5cc(C#N)c(C#N)c(C#N)n5)n4)cc3)nn2)nc1C#N,28.87
N#Cc1c[nH]c(C(=O)Nc2cc(-c3cccnc3)nc(-c3cc(C#N)c(C#N)c(C#N)n3)n2)n1,14.35
C=C1CCC(CCC(=O)CCC#N)C1O,34.0
N#Cc1ccc(-c2ccc(-c3ccc(-c4ccnc(C#N)c4)n3-c3ccc(-c4ccc(C#N)cc4)cc3)cc2)cc1,15.36
COCC(C)Nc1cc(-c2cnc(C#N)c(C#N)n2)nc(-c2cc(C#N)c(C#N)c(OC(C)C)n2)n1,18.01
CCC(c1nnc(-c2ccccc2F)o1)n1nc(C#N)c(Cl)c1C,32.8
N#Cc1ccc(-c2cnc(-c3ccc(-c4nc(C#N)c(C#N)nc4-c4ccc(Cl)cc4)cc3)c(C#N)c2)nc1,18.31
N#Cc1cc(C#N)c(-c2ccc(N3CCc4c(C#N)nn(-c5ccc(-c6cnc(C#N)c(C#N)c6)cc5C#N)c4C3=O)cc2)cn1,21.96
CS(=O)(=O)Nc1cccc(-c2nc(-c3cnc(C#N)c(C#N)c3)[nH]c2-c2ccc(-c3nc(C#N)c(C#N)nc3C#N)nc2)c1F,24.26
N#Cc1ccc(-c2ccc(-c3cc(C#N)nn3-c3ccccc3C(F)(F)F)cc2)cc1,16.87
N#Cc1nc(-c2ccc(-c3nnco3)c(C#N)c2)n(C(C#N)C2CCC(O)(C(F)(F)F)CC2)n1,20.26
C[n+]1c(NN=Cc2cc(Cl)cc(Cl)c2Cl)cc(-c2ccc(Br)cc2)c2c1C(=O)c1ccccc1C2=O,33.42
N#Cc1cncc(-c2ccc(-c3ncc(C#N)cc3-c3cc(Cl)cc(C#N)c3)cc2C#N)c1,21.93
COc1cc(CCc2cncc(-c3nc(-c4ccc(OC(C)C)c(C#N)c4)nc(N4CCC4)n3)c2)ccc1F,31.46
N#CC=Cc1ccc(-c2cccc(-c3nc(C#N)c(C#N)nc3-c3ccc(C#N)cc3)c2)nc1,21.99
N#Cc1ccc(-c2c(Cl)ncc(-c3n[nH]c(C4CCC(F)CC4)n3)c2F)cn1,25.37
O=C(Nc1cc(C(F)(F)F)ccc1F)c1cccc(-c2cnc3cc(-c4ccnc(Cl)n4)ccn23)c1,19.91
CN(C)Cc1nccn1-c1nc(C#N)nc(-n2cc(C#N)cc2-c2cccc(C#N)n2)n1,21.65
N#Cc1cccc(NC(=O)CN(CC(=O)Nc2sccc2C#N)Cc2ccc(Cl)c(Cl)c2)c1,26.11
N#Cc1ccc(-c2ccc(-n3cc(-c4cnc(C5CC5)nc4C#N)cn3)cc2C#N)cc1F,24.32
N#Cc1ccc(-c2ccc(C=C(F)CNC(=O)c3ccc(-c4cnc(-c5ccccn5)c(C#N)c4)s3)cc2)cc1,32.78
N#Cc1ccc(-c2nc(-c3ccc(-c4ccc(C#N)c(F)c4)cc3)nc(-c3ccc(-n4nc(C(N)=O)cc4C#N)cc3)n2)cc1,15.24
N#Cc1cccc(-c2nc(-c3cnc(C#N)c(C#N)c3)nc(N3CCOC(C(N)=O)C3)n2)n1,21.27
C=CCNc1ncc(-c2ccc(-c3cc(-c4ccc(C#N)cc4)nc(C#N)n3)cc2)nc1C#N,18.72
N#Cc1ccc(-c2nc(-c3ccc(-c4cccc(C#N)n4)s3)c(C#N)cc2-c2ccc(-c3ccc(C#N)cn3)cc2)cc1,19.7
N#Cc1ccc(-c2ccc(-c3nc(-c4cnc(CN5CCC(C(N)=O)C5)c(C#N)c4)nc(-c4ccc(C#N)c5ccccc45)n3)cc2)nc1,25.27
N#Cc1ccc(C(C#N)NC(=O)c2nc(C#N)n3c(=O)c4ccccc4nc3c2-c2ccc(-c3cccc(C#N)c3)cc2)cc1,37.49
COc1ncc(-c2cc(-c3ccc(-c4nc(C)no4)c(C#N)c3)nc(C#N)n2)cn1,19.58
N#Cc1ccc(-c2nc(-c3ccc(-c4cnc(N)c(C#N)n4)c(F)c3)c(F)c(-c3nc(C#N)nc(N4CCC4)n3)c2F)cn1,27.27
N#Cc1cccc(-c2nc(-c3cc(C#N)c(CO)c(C#N)c3)nc(N3CCC(F)C3)n2)n1,15.34
CSc1nc(-c2ccc(-c3ccc(C#N)cc3)cc2)nc(-c2ccc(-c3ccc(C#N)cc3)cc2)c1C#N,14.26
N#Cc1ccc(-c2ccc(-c3c4ccccc4nc4c3c(=O)n(CC(=O)c3ccccc3)c3ccccc43)cc2)nc1,40.01
N#Cc1cnc(-c2ncc(-c3cc(-c4ccc(-c5cccc(C#N)c5)nc4)c(=O)n(Cc4cccc(F)c4)n3)cc2C#N)nc1,29.49
Cc1cn(-c2ccc(-c3ncc(-c4nc(-c5ccc(C#N)c(C#N)c5)nc(-c5cnc(C#N)c(C#N)c5)n4)cc3C#N)cc2)cn1,14.25
N#Cc1ncc(-c2cnnc(-c3ccc(-c4cnc(C#N)c(C#N)c4)c(C#N)n3)c2F)cn1,16.95
COc1ccc(-c2cc(N3CC4CC4C3)nc(-c3ccc(OC(C)C#N)c(C#N)c3)n2)cc1C#N,21.02
N#Cc1ccc(-c2nc(-c3ccc(-n4nc(C(F)(F)F)cc4C#N)c(F)c3F)nc(-c3c(F)c(F)c(C#N)c(F)c3F)n2)cc1,13.04
N#Cc1cncc(C(c2ccc(C#N)c(-c3ccccc3C(=O)NCc3ccc(C(F)(F)F)c(F)c3)c2)n2ccnc2)c1,34.4
N#Cc1ccc(Br)cc1CN1CCN(CC(=O)Nc2ccccc2C#N)CC1,25.56
C=C(C)c1oc(=O)n(-c2cc(-c3cccc(-c4ccc(C#N)cc4)c3)cc(-c3nc(-c4ccc(C#N)cc4)nc(-c4cccc(-c5ccc(C#N)c(F)c5)c4)n3)c2)c1O,38.67
N#Cc1ccc(-c2cc(-c3ccnc(C#N)c3)nc(-c3nc(-c4cccc(C#N)n4)nc(N4CCOCC4)n3)n2)cc1,21.75
N#Cc1ccc(-c2nc(-c3ccc(-c4ccc(N)c(C#N)n4)cc3)cc(-c3nc(-c4csc(C#N)c4)nc(-c4cnc(C#N)c(C#N)c4)n3)n2)cc1,19.84
N#Cc1cc(-c2cc(-c3cn(-c4ccc(S(=O)(=O)Nc5ccc(-c6ccc(Cl)cc6)cc5C#N)cc4)nn3)ccn2)cc(-c2ccncc2F)c1,45.16
N#Cc1nc(C#N)c2c(n1)CN(c1ncc(-c3cc(C#N)c(=N)[nH]n3)cc1-c1ccc(C#N)c(C#N)c1)CC2,21.33
CC(C)n1nccc1-c1nc(-c2cc(C#N)c(C#N)c(C#N)n2)ccc1N1CCC(O)C1,15.18
Cc1nc(OC(C)C)c(C#N)cc1-c1nc(-c2cnc(-c3ccc(C#N)c(F)c3)c(C#N)c2)cc(C2CNCC3CC32)n1,27.91
N#Cc1ccc(-c2ccc(-c3[nH]c(-c4cccc(-c5nc(C#N)c(C#N)nc5C#N)c4)nc3-c3ccc(C#N)c(C#N)c3)cc2C#N)cc1,24.71
N#Cc1ccc(-c2cc(-c3cc(F)cc(-n4cc(-c5cnc(C#N)c(C#N)n5)nn4)c3)nc(-c3cc(C(=O)NCCN)nc(-c4ccc(C#N)cc4)c3C#N)n2)cc1,34.6
N#Cc1ccc(-c2cc(-c3ccc(-c4cccc(C#N)n4)cc3)cc(-c3nccc(C#N)n3)c2)cc1,12.19
N#Cc1ccc(-c2ccc(-c3cc(C#N)nc(-c4[nH]c(-c5ccc(C#N)cc5)nc4C(N)=O)c3)cc2)cc1,16.36
CC(C)n1cc(-c2ccc(-c3cnc(C#N)o3)cc2)c2nc(C#N)nc(-c3ccc(-c4ccc(C#N)nc4)nc3)c21,22.96
COc1ccc(F)c(-c2nc(-c3cnc(C#N)c(C#N)c3)nc(N3CC(S(C)(=O)=O)C3)n2)c1F,21.87
N#Cc1ccc(-c2ccc(-c3nc(-c4ccc(C#N)c(C#N)c4)nc(-c4cnc(-c5ccc(F)c(-c6ccnc(C#N)c6)c5)c(C#N)c4)n3)cn2)cc1,28.18
Cc1nc(-c2cnc(CC#N)c(C#N)c2)nc(-c2ccc(-c3ccc(C#N)cc3)nc2)c1C#N,15.86
N#CCc1ccc(-c2nc(-c3cc(C#N)c(C(F)(F)F)cc3C(F)(F)F)nc(N3CC4CC3C4)n2)cc1C#N,19.19
COC(=O)c1cnc(-c2cccc(-c3ccc(-c4ccc(C#N)cc4)nc3)c2)o1,25.36
N#Cc1ccc(C(=O)Nc2ncc(-c3nc(-c4ccc(-c5ccc(C#N)nc5)cc4)nc(-c4ccc(F)c(-n5nc(C(F)(F)F)cc5C#N)c4)n3)nc2C#N)cc1,25.96
Cc1ccc2nnc(-c3nc(-c4ccc(C#N)cc4)nc(-c4ccc(-c5ccc(C#N)c(F)c5)cc4)n3)cc2n1,19.16
CCOc1cnc(C#N)cc1-c1nc(-c2cnc(CC#N)c(C#N)c2)nc(N2CCOCC2)n1,18.47
N#Cc1ccc(CNC(=O)c2nc(-c3cc(C#N)c(C#N)[nH]3)nc(-c3cc(C#N)c(C#N)cc3C#N)n2)cn1,20.55
N#Cc1ccc(-c2nc(-c3ccc(-c4ccc(F)c(C#N)c4)nc3)nc(-c3cc(-n4cccc4C#N)nc(F)n3)n2)cc1,17.41
COc1nc(-c2ccc(-c3ccc(Cl)s3)c(C#N)c2)nc2cc(-n3nc(C)cc3C#N)ccc12,24.66
N#Cc1cc(-c2cc(-c3ccccn3)nc(N3CCc4c(C#N)nc(C5CC5)nc4C3)n2)cnc1C#N,22.46
N#Cc1ccc(Cn2c(-c3ccc(C#N)cc3)nc(-c3ccc(-c4ccc(C#N)cc4)cc3)c2-c2cccc(C#N)n2)cc1,14.56
N#Cc1nc(-c2ccc(C(=O)N3CCC(F)(F)C3)c(C#N)c2)nc(N2C3CCC2COC3)n1,22.33
CCCNc1ccc(-c2nccc(-c3cc(-c4ccc(C#N)cc4)nc(-c4ccc(-c5ccc(C#N)cc5)nc4)n3)n2)cc1C#N,23.11
CNc1c(C#N)nc(-c2cc(-c3cc[nH]c(=N)n3)cc(C#N)c2F)n1C#N,18.57
NS(=O)(=O)c1ccc(-n2nccc2Nc2cc3c(c4ccccc24)C(=O)c2ccccc2C3=O)cc1,30.88
C#CCN(Cc1ccc(-c2cnc(-c3ccc(C#N)nc3)c(C#N)c2)cc1)c1cc(C#N)cc[n+]1[O-],25.49
Cn1cc(C#N)nc1-c1nc(C#N)ncc1-c1cccc(-c2cc(C#N)c(-c3ccc(C#N)cc3Cl)nc2C#N)c1,30.45
N#CCc1ncc(-c2ncc(C#N)c(-c3ccc(-c4ccc(C#N)cc4)nc3)n2)cc1C#N,11.42
N#Cc1ncnc(-c2cc(C#N)c(-c3ccc(Cl)c(C#N)c3)nc2CC2CCCC2)n1,19.33
N#Cc1cccc(-c2ccc(-c3c(Nc4ccc(-c5ccc(C#N)nc5)c(C#N)c4)[nH]c(C#N)cc3=O)cc2)c1,18.74
N#Cc1ccc(-c2cc(-c3ccc(-c4cccc(C#N)n4)cc3)nc(-c3ccccn3)c2)cc1,10.62
N#Cc1ccc(-c2nc(-c3ccc(C#N)nc3)cc(-n3nc(-c4ccc(Cl)cc4)cc3C#N)n2)cc1,15.94
CN1CCCC1=Nc1nc(-c2cccc(C#N)n2)cc(-c2cnc(C#N)c(C#N)c2)c1C#N,18.21
Cn1c(-c2c(Cl)c(Cl)c(Cl)c(Cl)c2-c2nc(Cl)nc(Cl)n2)nnc1[S+]([O-])C#CCO,35.67
N#Cc1ccc(-c2ccc(-c3cc(C#N)cc(-c4cc5c(-c6ccc(C#N)cc6)c(C#N)cnc5cc4C#N)c3)c(C#N)c2)cc1,25.46
N#Cc1ccc(-c2ccc(-c3ncc(Cn4cncc4C#N)cc3-c3ccc(C#N)cc3)nc2)cc1,21.54
N#Cc1ccc(-c2ccc(-c3nc(-c4ccc(C#N)cc4)sc3-c3ccc(-c4cc(-c5ccc(C#N)cc5)nc(C#N)n4)nc3)nc2)cc1,17.14
N#Cc1cccc(-c2ncc(-c3cc(-n4nccc4C#N)ncc3Cl)cc2C#N)c1,15.4
N#Cc1ccc(-c2ccc(-c3nc(-c4ccc(C(=O)n5ccnc5)cc4)nc(-c4ccc(-c5ccc(Cl)c(Cl)c5)cc4)n3)cc2Cl)cc1C#N,30.82
COCCN1CCN(c2nc(-c3ccc(-c4cnc(C#N)c(C#N)c4)c(C#N)c3)nc(N3CCOCC3)n2)CC1,18.53
CCc1cc(C#N)nc(-c2nc(-c3cnc(C#N)c(C#N)c3)nc(N3CC4CC3CO4)n2)c1CC,16.59
N#Cc1ccc(-c2cc(C#N)n(-c3cccc(Cl)c3Cl)n2)nc1-c1ccc(-c2ccc(F)c(F)c2)cc1,20.42
N#Cc1ccc(-c2cc(-n3cccc3C#N)cc(-c3cc(-c4ccc(C#N)c(-c5ccccc5)c4)nc(-c4ccc(C#N)cc4)n3)n2)cc1,25.79
N#Cc1ccc(-c2ccc(-c3nc(-c4ccc(C#N)cc4)n(CC(=O)N=Cc4cnc(C(=N)N)c(F)c4)c3-c3ccc(-c4ccc(C#N)cc4)nn3)cc2)cc1,19.02
Cc1ncc(-c2nc(-c3cc(C#N)cc(C#N)n3)nc(N3CCC3)n2)cc1C#N,11.07
N#Cc1ccc(C#Cc2c(-c3ccc(-c4ncc(-n5c(C#N)ccc5C#N)c(F)c4C#N)cc3)cnc3c(C#N)cccc23)cc1,26.84
N#Cc1cc(C(O)c2nc(-c3cccc(C(F)(F)F)c3F)nc(-c3c(F)c(F)c(C#N)c(F)c3F)n2)ccc1F,22.37
N#Cc1ccc(-c2ncc(-c3cc(F)cc(-n4nc(C(N)=O)cc4C#N)c3)cc2C#N)c(F)c1,15.83
N#CC=Cc1cc(OCCCN)nc(-c2ccc(-c3cccc(C#N)c3)cn2)n1,20.1
N#Cc1ncc(-c2ccc(-c3nc(C(N)O)c(-c4cncc(-c5cc(Cl)ncn5)c4)s3)cc2C#N)o1,34.06
N#Cc1ccc(-c2cc(-c3ccc(C#N)cc3)c(-c3ccc(C#N)cc3)c(=O)o2)cc1,15.83
COc1ncc(CSc2nc(-c3ccc(C#N)cc3)nc(-c3ccc(-c4ccc(-c5ccc(F)c(C#N)c5)cn4)cc3)n2)cc1C#N,26.4
Cc1cc(-c2ccc(CN3CCC(C#N)CC3)cc2)ncc1-c1nc(-c2ccc(C#N)cc2)nc(-c2cccc(C#N)n2)n1,31.38
CN1CCN(Cc2c(O)ccc3c(=O)c(-c4nc(-c5ccc(-c6ccc(C#N)cc6)cc5)nc(-c5ccc(-c6ccc(C#N)cc6)cc5)n4)coc23)CC1,25.19
COc1cc(C(=O)NCC(=O)NN(C#N)c2c(C#N)nc(-c3ccc(-c4ccc(C#N)cc4)cc3)nc2-c2ccc(-c3ccc(C#N)cc3)cc2)cc(OC)c1OC,32.5
Cc1cc(C#N)n(-c2cc(-c3ccc(C#N)cc3-c3cnc(C#N)c(C#N)c3)cc(C(=O)NC3CCC(C#N)CC3)n2)n1,29.9
N#Cc1ccc(-c2csc(-c3ccc(F)c(-c4ccc(C#N)c(C#N)c4)c3)n2)cc1,16.74
COCCN(C)c1cccc(-c2cc(-c3ccc(C#N)cc3)cc(-c3ccc(C#N)cc3)n2)c1,21.95
CN(C)c1ncc(-c2nc(-c3ccc(-c4ccc(C#N)cn4)nc3)nc(-c3cc(-n4c(C#N)ccc4C#N)ccc3C#N)n2)nc1C#N,17.01
CC(=O)NC(c1ccc(-c2ccn(C(=O)N=c3cc(C(C#N)=Cc4ccc(C#N)c(F)c4)[nH]c(-c4ccc(F)cn4)n3)c2)c(F)c1)c1nc(C#N)no1,57.92
Cc1ccc(-c2nc(-c3cccc(C#N)n3)nc(N3Cc4cc(C#N)cc(F)c4C3)n2)cc1C#N,18.97
N#Cc1cccc(-c2nc(C3=CCN(Cc4cnccn4)CC3)nc(-c3nc(C#N)ccc3C#N)n2)n1,22.09
Cn1cc(C#N)nc1-c1ccc(-c2cc(-c3ccc(C#N)cc3)cc(-c3ccc(-c4ccc(C#N)cc4)cc3)n2)cn1,15.63
N#Cc1nc(-c2cnc(-c3cnc(C#N)c(C#N)c3)c(C#N)c2)cc(-c2nc(-c3cnc(N)c(C#N)n3)[nH]c2C#N)n1,22.81
N#Cc1cc(-c2cncc(-c3cc(OCC(N)CO)ccn3)c2F)cnc1-c1cc(O)ccc1F,34.37
N#Cc1ccc(-c2ccc(-c3ccc(C#N)n3-c3ccc(-c4ccc(C#N)c(C#N)n4)cc3)cc2)cc1,14.26
Cc1ncc(-c2nc(-c3cc(-c4ccc(C#N)c(C#N)c4)cc(C#N)n3)nc(C3CCC3)n2)cc1C#N,10.86
N#Cc1cncc(NC(=O)COc2cc(C#N)c(Br)cc2C#N)c1,28.21
N#Cc1ccc(-c2nc(-c3cc(C#N)c(C#N)[nH]3)nc(C3CCC(CNC(=O)OC(CO)c4ccc(F)cn4)CC3)n2)c(F)c1,28.13
COc1nc(Cl)cc(-c2nc(-c3ccc(C#N)cc3)nc(-c3ccc(C#N)nc3)c2F)n1,13.35
N#Cc1cc(-c2ccc3c(=Nc4ccc(C#N)c(F)c4F)[nH]oc3c2)cnc1C#N,22.63
COc1cc2ncnc(Oc3ccc(-c4cc(C#N)c(C#N)cc4C(F)F)c(C#N)c3)c2cc1OC,39.9
CCNC(=O)n1[nH]c(=Nc2cc(-c3ccnn3C(C)C)cnc2Cl)[nH]c1=NCCC#N,37.23
Cc1ncc(-c2nc(-c3cc(-c4ccc(-c5ccc(C#N)cc5)cc4)cc(C#N)n3)nc(N3CCC3)n2)cc1C#N,16.36
Cn1cc(-c2ccc(NC(=O)c3coc4ccccc34)cc2)cc1C(=O)Nc1ccc(F)c(C#N)c1,33.1
CN(C)CCN1CCN(c2ccc(-c3ccc(-c4ccc(-c5cnc(-c6ccc(O)cc6O)c(C#N)c5)o4)cc3)nc2C#N)CC1,38.14
N#Cc1ccc(-c2ccc(-c3cc(-c4ccc(-c5cc(C#N)nc(C#N)n5)cc4)nc(-c4ccc(-c5cccc(C#N)n5)cc4)n3)cc2)cc1,18.74
CC(C)C(CO)NCc1ncc(-c2nc(-c3ccc(-c4ccc(C#N)cc4)cc3)nn2C)cc1C#N,12.97
CC(C)c1cc2c(C#N)nc(=Nc3ccc(-c4nc(-c5ccc(Cl)c(Cl)c5)nc(CC#N)c4C#N)cc3)[nH]c2s1,37.36
N#Cc1ccc(-c2nc(-c3ccc(-c4ccnc(Cl)n4)cc3)ccc2C#N)cc1,14.18
N#CN=c1nc(-c2ccc(-c3ccc(-c4ccc(C#N)cn4)cc3)cc2)[nH]n1CC(O)COc1ccc2ccc(=O)[nH]c2c1,38.28
N#Cc1cc(-c2ccc3cc(C(=O)NCc4c(C(F)(F)F)cc(-c5cnc(C#N)c(C#N)c5)c(C#N)c4F)nc(C#N)c3c2)cnc1C#N,27.73
N#Cc1ccc(-c2nc(C#N)c(C#N)nc2-c2cc(-c3ccc(C#N)nc3)cc(-n3nncc3C#N)c2)cc1,14.93
N#CC(=Cc1ccc(-c2ccc(C#N)cc2)o1)C(=O)Nc1sc(-c2ccc(-c3ccc(-n4nccc4C#N)cc3C#N)c(-c3ccc(Cl)cc3)n2)nc1C#N,28.21
N#Cc1ccc(-c2nc(C#N)c(C#N)nc2-c2ccc(-c3nc(-c4ccc(C#N)nc4)cc(-n4nc(C#N)cc4C#N)n3)cc2)cc1,17.45
CC(C)n1cc(C#N)nc1-c1cc(CS(C)(=N)=O)nc(-c2cnc(-c3cnc(C#N)c(C#N)c3)c(C#N)c2)c1,27.27
N#Cc1ccc(-c2cc(N3CC4CC4(CO)C3)nc(-c3cc(C#N)c(C#N)c(-c4ccc(C#N)c(C#N)c4)n3)n2)cc1,18.44
N#Cc1cncc(-c2cc(C#N)n(CN3CCN(c4cc(C#N)ccn4)CC3)n2)c1,21.12
Cc1ccc(-c2cnc(C#N)nc2)cc1CC1CCCn2c(-c3cnc(OC(C)C)c(C#N)c3)nc(-c3ccc(C#N)c(Cl)c3)c21,24.1
N#Cc1ccc(-c2cc(-c3cccc4cc(C#N)ccc34)cc(-c3ccc(C#N)cc3)n2)cc1,18.31
N#Cc1ccc(-c2ccc(-c3cc(-c4cc(-c5ccc(C#N)cc5)c(-c5ccncc5)[nH]4)nc(-c4ccc(-c5ccc(C#N)cc5)cc4)n3)cc2)cc1,13.24
COc1cnc(-n2cnc(C)c2)cc1Nc1ccc(-c2nc(-c3ccc(C#N)cc3)c(C#N)c(C#N)c2-c2ccc(C#N)cc2)nc1,32.57
N#Cc1cc(-c2nc(-c3cnc(C#N)c(C#N)c3)nc(N3CC4(COC4)C3)n2)cc(-n2nc(C#N)cc2C#N)c1,13.43
Cc1c(-c2nc3cccc(C#N)c3c(=O)n2-c2cccc(C#N)c2C#N)ccnc1-n1ncc(-c2ccc(C#N)cc2)n1,31.74
Cc1cc(-n2nc(C#N)cc2C#N)cc2cnc(-c3ncc(-c4cnc(OCC5CCNCC5)nc4)cc3C(F)(F)F)nc12,29.74
C=CCNC(=O)c1c[nH]c(-n2nc(-c3cnc(-c4ccc(C#N)cc4)c(C#N)c3)cc2C#N)cc1=NC(C)C,23.49
N#CCC1C2COCC2N1c1nc(-c2cnc(C(F)(F)F)c(C#N)c2)nc(-c2cccc(C#N)n2)n1,20.18
CC(C)C(C#N)Nc1ccc(-c2ncc(-c3csc(C#CC#N)n3)nc2-c2ccc(C#N)o2)cc1C#N,42.94
N#Cc1ccc(-c2cc(-c3ccc(C#N)nc3)nc(-c3cc(C#N)co3)c2)cc1,19.99
Cc1nc(=S)c(C#N)c(Oc2nnnn2-c2ccccc2)[nH]1,28.23
N#Cc1c(-c2ccc(-c3cc(Cl)cc(-c4ccc(F)c(-c5nc(Cl)ncc5-c5ccc(-c6c[nH]c(=N)c(C#N)n6)cc5)c4F)n3)cn2)sc(Cl)c1Cl,36.55
C=CC(=O)Nc1ccc(-c2nc(=Nc3ccc(C#N)c(C#N)c3)nc(OC)[nH]2)cc1C#N,20.22
N#Cc1cc(-c2cc(-c3nc(-c4cc(C#N)c(C#N)c(C#N)n4)ccc3F)nc(-c3nc(CO)no3)n2)cnc1C#N,19.35
N#Cc1ccc(-c2ccc(-c3ncc(C#Cc4cccc(C#N)n4)c(C#Cc4ccc(-c5cccc(C#N)n5)nc4)n3)nc2)cc1,21.86
N#Cc1ccc(-c2nc(C#N)c(C#N)nc2-c2ccc(-c3cc(C#N)cc(-n4ncc5cccnc54)c3)c(C#N)c2)cc1,23.28
N#Cc1cc(-c2ccc(-c3cc(-n4nc(C(N)=O)cc4C#N)nc(C#N)n3)cc2F)nc(C#N)n1,18.69
N#Cc1ccc(-c2ccc(-c3cc(-c4cccc(-c5ccc(C#N)cc5)c4)nc(-c4ccc(-c5ccc(C#N)cc5)cc4)n3)cc2)cc1,11.47
N#Cc1ccc(-c2nc(-c3cc(C#N)c(C#N)c(-c4ccc(C#N)c(C#N)c4)n3)nc(N3CC4CCC(C3)O4)n2)cc1C#N,18.09
COC(=O)c1ccc(-c2cc(-c3ccc(C(F)(F)F)c(C#N)c3)cc(-c3cnc(C#N)nc3)n2)c(C#N)c1,30.28
N#Cc1ccc(-c2nc(-c3cc(C#N)c(-c4ccc(C#N)cc4)s3)ccc2-c2nn(-c3ccc(Cl)cc3Cl)c(-c3ccc(Cl)cc3)c2C#N)cc1,25.92
CN=c1[nH]c(=Nc2ccc(C#N)cc2)[nH]c(-c2ccc(-c3ccc(C#N)c(C#N)c3)c(C#N)c2)c1C#N,20.71
N#Cc1ccc(-c2ccc(-c3cc(C#N)nn3-c3cccc(-c4nc(-c5ccc(C#N)cc5)c(C#N)s4)c3C#N)cc2)cc1,19.2
N#Cc1ncc(-c2ncc(-c3ccc4[nH]c(-c5cc[nH]c(=N)n5)c(C#N)c4c3)cc2C#N)o1,26.88
CCc1cc(-c2ccc(-c3cc(C#N)c(-c4cnc(C#N)c(C#N)c4)nc3C(N)=O)cc2)nc(C#N)n1,15.33
N#Cc1cccc(-c2ccc(-c3cccc(-c4nc(-c5cnc(C#N)c(C#N)c5)nc(-c5cnc(C#N)c(C#N)c5)n4)c3)cc2)n1,15.97
Cc1noc(-c2ncc(-c3cc(-c4cncc(C#N)n4)nc(-c4ccc(C#N)cc4)n3)cc2C#N)n1,18.9
N#Cc1ccc(N=c2[nH]ccc3c(-c4ccc(-c5ccc(C#N)c(C#N)c5)cc4)cc(-c4cc(Cl)c(O)c(Cl)c4)nc23)c(F)c1,32.09
N#Cc1nc(Cl)nc(-c2cc(C#N)c(C3CC3)nc2C(=O)N2CCC(C(=O)Nc3ccc(C#N)c(C#N)c3)CC2)n1,34.06
N#Cc1ccc(-c2ncc(-c3cc(F)cc(-n4c(C#N)ccc4C#N)c3)cc2C#N)cc1F,11.68
Cc1cc(-c2ccn(-c3ccc(F)c(F)c3)c(=O)c2C#N)ccc1-c1cc(-c2ccc(C#N)cc2)nc(-c2ccc(C#N)cc2)n1,27.03
CCCn1c(C#N)ccc1-c1ccc(-c2ncc(C#N)cn2)c(F)c1,22.96
N#Cc1cc(-n2cncn2)ccc1-c1cc(-c2cc(F)c(F)c(C#N)c2F)no1,24.99
N#Cc1cc(C#N)nc(-c2ccc(OCC#Cc3cc(-c4cccc(C#N)c4F)c(C#N)[nH]3)c(C#N)c2)n1,33.1
CSc1ccc(-c2ccc(-n3c(-c4ccc(C#N)nc4)cc4c(-c5ccc(Cl)c(C#N)c5)nc(C#N)nc43)cc2)cc1C#N,24.13
CN(C)c1c(NC2CCCN(C(C#Cc3ccc(C#N)cn3)CC#N)C2)nc(C#N)nc1-c1ccc(-c2ccc(C#N)c(C#N)c2)nc1,40.02
Cn1c(C#N)cc(C=Cc2nc(-c3ccc(C#N)cc3)c(-c3ccc(C#N)c(C#N)c3)o2)c1C#N,19.11
Cc1cc(=O)n(-c2cc(F)cc(-c3nc(-c4ccc(C#N)cc4)nc(-c4ccc(-c5ccc(C#N)cc5)nc4)n3)c2)nc1-c1ccc(C#N)cc1,26.64
COc1nc(-c2nc(-c3ccc(C#N)cc3)nc(-c3ccc(-c4ccc(C#N)cc4)nc3)n2)ccc1-n1nccc1C#N,12.5
N#Cc1cc(Br)c(-n2nc(C#Cc3cccc(Br)c3)nc2-n2cccc2)cc1C#N,30.24
Cc1nc(C#N)ccc1C(C)(C)N=c1[nH]c(-c2ccc(C#N)cc2)cc(-c2ccc(-c3nc(C#N)c(N)nc3C#N)cc2)c1C#N,34.4
CC(N=c1[nH]cnc(N)c1C#N)c1cc(Oc2cncc(F)c2)nc(C#N)n1,23.93
N#Cc1cc(-c2ccc(-c3nc(Cl)ncc3C#N)c(F)c2)cc(-c2nc(-c3ccsc3)nc(-c3cnc(C#N)c(C#N)c3)n2)n1,34.64
CC(C#N)Oc1cnc(-c2ncccc2-n2ccc(-c3cccc(C#N)n3)nc2=O)c(F)c1-c1cnc(C#N)c(C#N)n1,45.96
CC(C)n1cc(C#N)nc1-c1cc(CF)nc(-c2cnc(C(C)(C)O)c(C#N)c2)n1,18.28
Cc1nc(C#N)sc1-c1ccc(-n2nc(-c3cc(-c4ccc(C#N)cc4)cc(-c4ccc(-c5nc(Cl)nc(Cl)n5)cc4)n3)nc2-c2cc(F)c(Cl)cc2Cl)c(F)c1,34.06
Cc1ncc(-c2nc(CCC3CC3)nc(-c3cc(N4CC(F)C4)cc(C#N)n3)n2)cc1C#N,13.84
N#CCc1c(-c2nc(C#N)c[nH]2)cc(-c2ccc(C#N)nc2)c(F)c1C#N,24.83
N#CC(C#N)=Cc1cccc(-c2ccc(-n3cc(C#N)c(-c4ccc(-c5ccc(C#N)cc5)cc4)c3)cc2C#N)c1,20.76
Cc1cc(C)n2c(Nc3ccc(-c4ccnc(C(C)(C)C#N)c4C#N)cc3F)c(-c3ccc(-c4ccc(C#N)c(C#N)c4)cc3)nc2n1,24.41
CCCCN(C#N)c1ccncc1-c1nc(-c2ccc(C#N)cc2)nc(-c2ccc(-c3ccc(C#N)c(C#N)c3)cc2)n1,21.58
N#Cc1ccc(-c2ccncn2)cc1-c1nc(-c2cnc(C#N)c(C#N)c2)nc(N2CC3CC2C3)n1,18.56
CC(NNC(=O)Cc1ccc(-c2ccc(C#N)c(F)c2)c(F)c1F)c1cc(-c2cccc(C#N)c2)nc(-c2ccc(C#N)cc2)n1,33.1
N#Cc1ccc(-c2ccc(C#Cc3ccc4[nH]c(C#N)nc4n3)cn2)cn1,36.74
CN(CC#CCn1cccc1C#N)Cc1ccc(-c2ccc(F)cc2)cc1,25.41
CNCCOc1cc(-c2csc(=Nc3cccc(C#N)c3)[nH]2)nc(-c2ccc(C#N)c(Cl)c2)n1,34.78
N#Cc1ccc(-c2ccc(-c3cc(-c4ccc(OCc5cn(-c6ccc(C#N)cn6)nn5)cc4)nc(-c4ccc(C#N)cc4)c3C#N)cc2)cc1,26.62
N#Cc1cncc(-c2ncc(-c3ccc(-c4cnnc(C#N)n4)nc3)cc2C#N)c1,17.31
N#Cc1cc(-c2ccc(-n3nccc3C#N)nc2)cc(-c2ccc(C#N)nc2-c2ccc(F)cc2F)c1,27.22
N#Cc1ccc(-c2ccc(-c3c(C#N)cn(-c4cc(-c5cnc(C#N)c(C#N)c5)ncc4C#N)c3C#N)cc2)nc1,23.81
N#Cc1nc(-c2ccc(-c3ccc(F)cc3)c(C#N)c2)nc(N2CCC(N)(CN3CCCC3=O)CC2)n1,24.92
Cc1c(-n2nccc2C#N)cc(C#N)nc1-c1cc(C#N)nc(-c2ccc(-c3ccc(C#N)c(C#N)c3)cc2)n1,15.97
N#Cc1ccc(-c2ccc(-c3ncc(-c4ccc(F)cc4)c(-c4ccc(OCCCCCN5CCN(c6cccc(Cl)c6Cl)CC5)cc4)n3)cc2)nc1,31.89
COCC(C)n1nc(-c2cnc(-c3cccc(F)c3)c(C#N)c2)nc1-c1c[nH]c(=N)c(C#N)c1,19.73
Cc1ccc(-n2nc(C(F)(F)F)cc2C#N)c(F)c1-c1nc(-c2cnc(C#N)c(C#N)c2)nc(N2CC3CC2C3)n1,19.1
Cc1cc(C)cc(-n2c(SCc3ccccc3Cl)nnc2-c2cnc(C#N)nc2)c1,31.06
CC(C)Oc1ncc(-c2nc(-c3ccc(-c4ccc(C#N)cn4)cc3)nn2C(C)C)cc1C#N,15.94
N#Cc1ccc(-c2ccc(-c3csc(-c4cc(-c5cccs5)nc(-c5ccccc5C#N)n4)n3)cn2)cn1,25.74
Cc1cc(C#N)ncc1-c1nc(-c2ccc(-c3cccc(C#N)c3)cc2)cc(-c2cc(-c3ccc(C#N)nc3)nc(-c3ccc(C#N)c(C#N)c3)n2)n1,21.78
N#Cc1ccc(-c2cc(C#N)nc(-c3cnc(C(O)(c4ccc(C#N)c(C#N)c4)c4cc(C#N)c(C#N)cn4)c(C#N)c3)c2)cc1,25.97
N#Cc1ccc(-c2cc(=O)n(Cc3cccc(C#N)c3)c(N3CCCCC(N)C3)n2)nc1,26.98
CC(C)Cn1c(-c2cc(-c3ccc(C#N)cc3)nc(-c3ccc(C#N)cc3)n2)cc(-c2cnc(C#N)c(C#N)n2)c1-c1ccncc1,21.63
Cn1nc(-c2cc(C#N)c(C#N)cn2)cc1-c1cnc(-c2cc(C(=O)NN3CCOCC3)cc(F)c2C#N)c(C#N)n1,34.21
N#Cc1ccc(-c2ccc(-c3nc(-c4ccc(C#N)c(-c5ccc(-c6ccc(C#N)c(C#N)c6)c(C#N)c5)c4)nn3-c3ccc(C#N)cc3)nc2)cc1,21.04
N#Cc1cc(-c2nc(-c3ccc4[nH]ncc4c3)nc(N3CCC(F)(F)C3)n2)cnc1C#N,22.23
CC(C)Oc1ncc(-c2nc(-c3cnc(N(C)C(C)C(=O)OCC(C)(C)O)c(C#N)c3)nn2C(C)C)cc1C#N,32.22
Cn1c(-c2ccc(-c3ccc(C#N)cn3)nc2)nc(-c2ccc(C#N)cc2)c1-c1ccc(-c2ccc(C#N)cc2)c(C#N)c1,13.39
CS(=O)(=O)c1ccc(-n2nc(-c3cc(C#N)n(CCC#N)n3)cc2-c2ccc(C#N)cc2)nc1,21.29
N#Cc1ccc(-c2ccc(-c3cccc(-c4nc[nH]n4)n3)cc2)cc1C#N,22.16
N#Cc1ccc(-c2nc(C#Cc3ccc(-c4ccc(C#N)cc4)c(C#N)c3)c(C#N)s2)cc1,19.48
N#Cc1ccc(-c2cc(-c3ccc(C#N)nc3)nc(-c3cccc(C#N)n3)n2)cc1,10.81
N#Cc1cc(-c2ccc(-c3ccc(C#N)c(F)c3)cc2)nc(-c2ccc(-n3nc(C(F)F)cc3C#N)c(C#N)c2)c1,23.44
CC(C)c1nc(-c2ccc(C#N)cc2)c(-c2ccc(-c3cccc(C#N)c3)cc2)n1C=CC(O)CC(O)CC(=O)O,21.4
N#CC=Cc1ccccn1,10.65
N#Cc1cc(-c2nc(-c3ccc(-c4cnc(-c5nc(C#N)c(C#N)nc5C#N)c(C#N)c4)c(C#N)n3)cs2)c(F)c(-c2ccc(C#N)nc2F)c1,33.87
N#Cc1ccc(-c2nc(C=Cc3cccc(Br)c3)nc(-c3ccc(C#N)nc3)n2)cc1,21.03
CN(Cc1ccc(-c2ccc(C#N)cc2)cc1)Cc1c[nH]c(-c2ccc(-c3ccc(C#N)cc3)cc2)n1,22.14
CNc1nnc(-c2ccc(F)c(-c3ccc(-c4cc(C#N)c(C#N)c(-c5ccc(C#N)cc5)c4)nc3)c2)nc1C#N,20.55
N#Cc1ccc(-c2ncc(-c3ccc(-c4ccc(-c5c[nH]c(=N)c(C#N)n5)cc4C#N)cn3)cn2)cc1C#N,25.4
CNc1ccc(-c2cc(-c3ccc(-c4ccc(C#N)cc4)cc3)cc(-c3cccc(C#N)n3)n2)nc1C#N,17.54
Cc1nc(C#N)c(C#N)nc1-c1ncc(-c2cnc(-c3cccc(C#N)n3)c(C#N)c2)cc1C#N,19.05
N#Cc1ccc(-c2ccc(-c3ncc(-c4ccc(N=c5cc[nH]c6ccc(C#N)cc56)cc4)cc3-c3ccc(C#N)cc3)cc2)cc1,20.95
N#Cc1ccc(-c2ccc(-c3c(C#N)cc(Cn4ccc(C(N)=O)n4)cc3C#N)cc2C#N)cc1,20.87
Cc1ccc(C(=NO)Nc2ccc(C#N)cc2)nc1-c1cccs1,25.43
N#Cc1ccc(-c2cc(-c3cc(-c4ccccc4)ccn3)nc(-c3nc(C#N)c(C#N)[nH]3)c2)cc1,25.9
N#Cc1cccc(NC(=O)C=Cc2cn(-c3ccccc3)nc2-c2nc(-c3ccc(-c4ccc(C#N)nc4)cc3)cs2)c1,32.64
Cn1nc(-c2ccc(C#N)cc2)nc1-c1cnc(OCC2(C#N)CC2)c(C#N)c1,15.89
N#Cc1cc(C#N)nc(-c2nc(-c3cc(C#N)c(C#N)c(Cl)n3)nc(N3CCOCC3CF)n2)c1,15.31
N#Cc1ccc(-c2cnc(-c3ccc(-c4nnco4)c(C#N)c3)c(-c3ccc(-c4nc5nccn5c(-c5ccc(C#N)cc5)c4C#N)c(C#N)c3)c2)cc1,36.37
N#Cc1ccc(-c2sc(-c3ccc(-c4ccc(F)c(C#N)c4)nc3)nc2C(=O)NCCC(=O)O)cc1,23.43
CC(C)CN(C)c1nc(-c2cnc(C#N)c(C#N)c2)nc(-c2nc(N3CCC(F)C3)cc(-n3c(C#N)ccc3C#N)c2F)n1,31.82
Cc1nc(-c2ccc(C#N)c(F)c2)c(C#N)cc1-c1ccc(-c2cnc(N)c(C#N)n2)cc1,10.94
COc1ccc(NC(=O)c2ccnn2CCc2ccncc2)cc1-c1cnco1,30.08
N#Cc1ccc(COc2ccc(C#N)cc2-c2nc(C#N)cn2-c2cccnc2)c(F)c1,22.34
Cn1cc(-c2ccc3[nH]nc(-c4nccc(C#N)n4)c3c2)cn1,18.96
CC(C#N)(c1cc(C#N)nc(C#N)n1)n1c(-c2ccc(-c3ccc(C#N)cc3)c(C#N)c2)nc2cc(F)c(OC(F)(F)F)cc21,39.46
COCc1nc(CCC#N)c(C#N)cc1-c1nc(-c2cc(C#N)c(C(N)C#N)cc2F)nc(N2CC3C(C2)C3C(=O)O)n1,38.53
N#Cc1ccc(C#N)c(-c2nc(-c3cc(C#N)c(C#N)c(C#N)n3)cc(N3CCC(F)(F)C3)n2)n1,15.23
CC(C)(C)c1cc(=NC(=O)Nc2ccc(-c3cnc(C#N)c(C#N)c3)nc2)n(-c2cccc(C#N)c2)[nH]1,21.66
N#Cc1ccc(-c2ccc(-c3[nH]c(-c4ccc(-c5cccc(C#N)c5)cc4)nc(=N)c3C#N)cc2)cc1,16.45
CC(C)Oc1ncc(-c2nc(-c3nc(C#N)ccc3C#N)nc(N3CC4C(C3)C4C(=O)N(C)C)n2)cc1C#N,12.41
COc1cc(C#N)n(-c2cc(-c3cnc(-c4ccc(C#N)c(F)c4)c(C#N)c3)cc(Cl)n2)n1,17.41
N#Cc1cccc(-c2c(C#N)cc(-c3ncc(-c4cc(-n5nccc5C#N)ncc4C#N)s3)nc2C#N)c1,24.75
COCCn1c(-c2ccc(-c3cc(C)cc(C#N)c3)c(C#N)c2)nc(-c2ccc(-c3cc(-c4ccc(C#N)cc4)nc(-c4ccc(C#N)cc4)n3)cc2)c1-c1ccc(C#N)cc1,24.87
N#Cc1cccc(-c2ccc(-c3cc(-c4ccnc5cc(-c6ccc(C#N)c(C#N)c6)ccc45)nc(C#N)n3)cc2)c1,20.97
N#Cc1cc(C#N)nc(-c2ccc(F)c(-c3ccc(C#N)c(C#N)c3)c2)n1,13.2
N#Cc1ccc(-c2cc3nc(-c4ccccc4C#N)n(-c4ccc(-c5cc(C#N)c(N=c6nc(C#N)nc(C#N)[nH]6)nc5C#N)cc4)c(=O)c3cc2F)cc1,27.12
CC(C)Oc1ncc(-c2nc(-c3ccnc(-c4ccc(C#N)cc4)c3)nn2C)cc1C#N,16.18
COC1COCCN1c1nc(-c2cnc(C#N)c(C#N)c2)nc(-c2cc(C#N)cc(C#N)n2)n1,19.93
N#Cc1ccsc1C(=O)N1CCC(n2c3ccc(Br)cc3n3c(=O)n(-c4ccccc4)nc23)CC1,44.24
COc1cccc(-c2cc3c(n2C(C)C)C(c2ccc(C#N)cc2)N(C2CCN(C(N)=O)C2)C3=O)c1,34.33
Cn1ncc(C#N)c1-c1cc(Cl)cc(-c2ccc(F)c(NS(=O)(=O)C3CC3)c2F)c1F,29.28
Cc1ccc(-c2cc(N3CC4CC4C3)nc(C3CC3)n2)cc1NC(=O)C(C#N)C#N,30.45
N#Cc1ccc(-c2cc(C#N)cc(N=c3nc(-c4ccccn4)nc(N=c4nc(C#N)cc(C#N)[nH]4)[nH]3)c2)cc1,24.2
CC(CN1CCCC1)Oc1c(C(F)(F)F)nc(-c2ccc(-c3ccc(C#N)c(C#N)c3)cc2)c(C#N)c1C#N,33.86
COC1=CC(=O)C(C=Cc2ccc(-c3ccc(C#N)cc3)cn2)=CC1=O,22.82
N#Cc1ccc(OCC2(C#N)CCCCC2)c(-c2cc(C#N)nc(-c3nn(-c4ccc(C(=O)O)c(F)c4)cc3C#N)c2)c1,34.79
N#Cc1cc(C#N)n(-c2cc(-c3ncc(C#N)c(-c4cnc(C#N)c(C#N)c4)n3)cc(Cl)n2)n1,23.34
N#Cc1ccc(-c2ccc(-c3nc(-c4cnc(C#N)c(C#N)c4)nc(N4CC(N5CCOCC5)C4)n3)c(F)c2)nc1,17.15
N#Cc1ccc(-c2ccc(-c3nc(-c4ccc(-c5nc(C#N)c(C#N)nc5-c5ccc(C#N)cc5)cc4)cc(-c4ccccn4)n3)cc2)cc1,13.08
N#Cc1cncc(-c2nc(-c3cnc(C#N)c(C#N)c3)nc(-c3nc(C#N)cn3C3CCOC3)n2)n1,26.49
N#Cc1ncc(-c2ccc(-c3nc(C#N)c(-c4ccc(C#N)c(C#N)c4)cc3C#N)c(F)c2)c(S(N)(=O)=O)n1,25.19
CN(C)C1CCN(C(=O)c2ncc(-c3nc(C#N)nc(-n4nc(-c5ccc(F)c(Cl)c5)cc4C#N)n3)cc2C#N)CC1,25.28
CC(C)c1nc(-c2cnc(-c3ccc(C#N)cc3)c(C#N)c2)ccc1-c1cc(C#N)c(N2CCN(C3CC3)CC2)nc1-c1ccc(C#N)cc1,24.64
CCCOc1ncc(-c2ccc(-c3nc(-c4cnc(C#N)c(F)c4)cc(-c4ncc(C#N)n4C)n3)cn2)cc1C#N,31.95
Clc1ccc(-c2cc(C3CCNCC3)nc(-c3ccc(Cl)c(Cl)c3)n2)c(Cl)c1,19.29
Cc1noc(-c2ccc(-c3nc(-c4nc(C#N)c(-c5ccc(-c6cnc(C(C)(C)C)c(C#N)c6)cc5)nc4C)nn3-c3cccc(Cl)c3Cl)c(C#N)c2)n1,40.61
N#Cc1ccc(-c2ccc(-c3nc(-c4ccc(-c5nc(C#N)c(C#N)[nH]c5=N)cc4)nn3-c3ccccc3)cc2)cc1,18.99
Nc1cc(O)c(N=Cc2cc(Br)c(O)c(Br)c2)cc1O,15.38
N#Cc1ccc(-c2ccc(-c3nc(-c4ccc(C#N)cc4)c(-c4ccc(C#N)cc4)n3-c3cnc(C#N)c(C#N)c3C#N)cc2)cc1,19.18
N#Cc1cnc(-c2ccc(-c3ccc(C#N)c(C#N)c3)c(F)c2F)c(C#N)c1,12.96
N#Cc1cc(-c2ccc(-c3[nH]c(-c4ccncc4)c4ccccc34)cc2)nc(C#N)n1,26.83
N#CC(NCc1ccc(-c2ccc(C#N)nc2)cc1)=c1ccc(=c2[nH]c(=O)c(=Cc3cccc(C(=O)c4ccc(C#N)cc4)c3)s2)cn1,27.72
N#Cc1ccccc1-c1ccc(-c2nc(-c3cnc(C#N)c(C#N)c3)nc(N3CCCC(C(F)(F)F)C3)n2)cc1,24.12
N#Cc1ccc(-c2nc(-c3ccc(-c4ccc(C#N)c(C#N)c4)nc3)cc(-c3ccc(C#N)s3)n2)cc1,20.23
N#Cc1nc(-c2cc(C#N)c(-c3ccc(C#N)c(F)c3)cn2)cc(N2CCC(C#N)CC2)n1,15.95
N#Cc1ccc(C(C#N)(C#N)C#N)cc1,17.63
CC(C)Oc1ncc(-c2nc(CNc3ccc(-c4ccc(C#N)nc4)c(C#N)c3)nc(-c3cnc(C#N)c(C#N)c3)n2)cc1C#N,17.28
Cc1nccn1-c1ccn(-c2nc(-c3ccc(C#N)cc3)cc(-c3cnc(-c4ccc(C#N)cc4)c(C#N)c3)n2)n1,26.85
N#Cc1ccc(-c2cc(-c3nnc(N)c(C#N)n3)cc(-c3cc(C(=O)N=c4c(F)c[nH]cc4F)ccc3C#N)c2)cc1,15.67
COc1cc(-c2ccc3c(n2)C(=O)c2ccc(Nc4cncc(Nc5ccc(-c6ccc(C#N)cc6)cc5)n4)cc2C3=O)ccc1C#N,19.1
N#Cc1ccc(CNC(=O)Cn2nc(-c3ccc(-c4ccc(C#N)cc4)cc3)nc2-c2cc(F)c(F)c(F)c2)cc1,24.98
N#Cc1cnc(-c2cc(C#N)c(N3CCC(F)(F)C3)nn2)cc1-c1ccnc(-c2cc(C#N)c(N)c(C(F)(F)F)c2)c1,35.97
N#Cc1ccc(-c2ccc(-c3nc(-c4ccc(-c5nc(-c6cccc(C#N)c6)no5)cc4)c(-c4ccc(C#N)cc4)n3CC(F)(F)F)cc2)cc1,20.88
CC1OC2CC1N(c1nc(-c3cnc(CC#N)c(C#N)c3)nc(-c3ccc(C#N)c(F)c3F)n1)C2,25.47
Cn1nc(-c2ccc(-c3ccc(C#N)cc3)nc2)nc1-c1cc(C#N)cc(-c2cc(-c3ccc(C#N)c(-c4ccc(C#N)c(C#N)c4)n3)c(C#N)c(=N)[nH]2)c1,27.92
N#Cc1cccc(-c2ccc(-c3nc(-c4nc(C#N)c(N)n4C#N)nc(-c4c(C#N)cc(Cn5ccnc5)c(F)c4C#N)c3C#N)cc2)n1,31.59
N#Cc1ccc(-c2cnn(-c3cc(OCc4ccc(C#N)c(-c5ccc(C#N)c(C#N)c5)c4)cc(-c4cnn(-c5ccccc5C#N)n4)n3)n2)cc1C#N,43.87
N#Cc1ccc(-c2ccc(-c3cncc(-c4ccc(-c5ccc(C#N)c(C#N)c5)nc4)c3)cn2)cc1,24.42
N#Cc1cc(Cl)cc(-c2cc(C#N)c(-c3ccc(F)cc3C#N)nc2-c2ccc(Cl)c(C#N)c2)n1,27.66
N#Cc1ccc(-c2cc(-c3cc(F)c(C#N)cc3-c3cnc(N)c(C#N)n3)nc(-c3ccc(C#N)cc3)n2)cc1,18.26
N#Cc1ccc(-c2ccc(-c3nc(-c4cn(-c5ccc(S(N)(=O)=O)cc5)c(-c5ccc(-c6ccc(C#N)cc6)cc5)n4)c(C#N)c(=N)[nH]3)cc2)cc1,25.04
N#Cc1ccc(-c2cc(-c3ccc(C#N)cc3)nc(-c3cc(C#N)c(C#N)nn3)c2)cc1,13.22
Cc1cc(-c2nc(C#N)c(-c3cccc(C(F)(F)F)c3)s2)ccc1-c1ncc(C#Cc2cnc(C#N)nc2)cc1C#N,30.51
N#Cc1ccc(-c2ncc(-c3cccc(-c4cc(-c5nccs5)[nH]n4)c3)cc2C#N)cc1C#N,28.69
Cc1cc[nH]c(=Nc2ccc(F)c(-c3nc(-c4cc(C#N)c(CC#N)[nH]4)nc(N4CCN(CC(C)O)CC4)n3)c2F)n1,25.57
N#Cc1ccc(-c2ccc(-c3cc(-c4ccc(-c5ccc(C#N)cc5)c(O)c4)nc(-c4ccc(-c5ccc(C#N)cc5)cc4)n3)cc2)cc1,15.92
N#Cc1cc(-c2nccc(-n3nccc3C#N)n2)c(OCC2CNC2)nc1C1CC1,16.4
CCc1cc(-c2ccc(C#N)cc2)ccc1-n1c(C#N)cc(-c2ccc(-c3ccc(C#N)c(C#N)c3)cc2)c1C#N,21.46
N#Cc1cccc(NC(=O)N2CCC(Oc3cnc(-c4cccc(C#N)n4)nc3-c3nc4ccccc4[nH]3)CC2)c1,30.07
CCOc1cc(C#N)nc(-c2cc(C#N)cc(-c3ccc(-c4ccc(N)c(C#N)n4)nc3)c2)n1,22.17
N#Cc1nccc(-c2nc(-c3cnc(C#N)c(C#N)c3)nc(C3CCC3)n2)n1,13.98
CC(=O)Nc1oc(-c2cccc(-c3ccc(-c4cnc(-c5ccc(C#N)cc5)c(C#N)c4)cc3)c2)nc1C#N,20.32
N#Cc1ccc(-c2ccc(-c3cc(-c4nc(-c5cccc(C#N)c5)cs4)nc(-c4ccc(C#N)cc4)n3)cc2)cc1,15.19
N#Cc1ccc(-c2ccc(-c3nc(-c4ccc(C#N)cc4)nc(-c4cc(-c5ccc(-c6cc(C#N)nc(Cl)n6)cc5)nc(-c5ccc(-c6ccnc(C#N)n6)cc5)c4)n3)cc2)cc1,28.16
Cc1nc(C#N)c(C#N)nc1-c1ncc(-c2cc(C#N)nc3c2CCC3N(C)C)cn1,32.94
N#Cc1ccc(-c2ccc(-c3cn(Cc4cccc(C#N)c4)c(C#N)n3)cc2)nc1,18.95
N#Cc1cc(C#N)nc(-c2sc(-c3cnc(-c4ccc(C#N)s4)c(C#N)c3)cc2C#N)c1,19.14
Cc1c(C#N)cc(-c2nc(-c3nc(C#N)ccc3S(C)(=O)=O)nc(N3CCC(O)C(C#N)C3)n2)cc1C#N,23.38
N#Cc1cc(-c2cncc(NC(=O)c3cncnc3)c2)cc(-c2ccc(N)c(C#N)n2)c1,18.58
N#Cc1ccc2c(-c3nc(-c4ccc(-c5ccc(C#N)c(C#N)c5)cc4)nc(-c4ccc5c(c4)OCO5)n3)c3ccccc3c(C#N)c2c1,19.26
CC(CO)N1CC(C)N(c2nc(-c3cnc(CO)c(C#N)c3)nc(-c3cccc(C#N)n3)n2)CC1=O,22.67
N#Cc1ccc(-c2nc(-c3cc(C#N)ccc3C#N)cc(-n3nc(C(=O)O)cc3C#N)n2)cc1,15.99
N#Cc1ccc(-c2ccc(-c3nc(-c4ccc(C#N)cc4)cc(-c4cc(-c5cnc(-c6ccc(C#N)cc6)c(C#N)c5)ccc4F)n3)cn2)cc1,18.31
CC(C)(C)c1nc(-c2cnc(-c3ccc(-c4ccc(C#N)cn4)nc3)c(-c3ccc(C#N)cc3)c2)c(NCc2ccccn2)[nH]1,28.59
N#Cc1cccc(C(=O)Nc2cccc(-c3nc(-c4cnc(C#N)c(C#N)c4)nc(N4CCOCC4)n3)c2)n1,15.3
N#Cc1cccc(-c2ccc(C#N)c(CNC(=O)c3nc(-c4cnc(C#N)nc4)ncc3-c3ccc(C#N)c(-c4cc(C#N)ccn4)c3)c2)c1,26.29
COc1nc(-c2nc(-c3ccc(C#N)cc3)nc(-c3ccc(-c4ccc(C#N)c(F)c4)c(C#N)c3)n2)ccc1-n1nccc1C#N,13.22
CC(C)Oc1ncc(-c2nccc(-c3cnc(-c4ccc(C#N)cc4)c(C#N)c3)n2)cc1C#N,10.89
N#Cc1cnc(F)c(F)c1N=C1C(=N)Oc2nc(C#N)c(C#N)nc2C1=O,26.73
Cn1nc(-c2ccc(-c3ccc(C#N)cc3)c(C#N)c2)nc1C1(c2ccc(-c3cnc(=N)[nH]c3)nc2)CCC1,16.58
N#Cc1ccc(-c2ccc(-c3cc(C#N)cc(-c4nc(C#N)cc(-n5nccc5C#N)n4)c3)cc2C#N)cc1,16.37
CC(Oc1ncc(-c2noc(-c3ccc(C#N)c(C#N)c3)n2)cc1C#N)c1ccc(F)c(Cl)c1,15.04
N#Cc1cccc(-c2cc(C#N)c(F)c(-c3ccc(C#N)c(C#N)c3)c2)n1,12.95
N#Cc1ccc(-c2ccc(-c3nc(C(F)(F)F)nn3-c3ccc(C#N)c(-c4ccc(C#N)nc4)c3)cc2C#N)cc1,21.17
N#Cc1ccc(-c2ccc(-c3nc(C(N)=O)c(-c4ccc(-n5c(C#N)cnc5Br)cc4)cc3C#N)cn2)cc1,23.76
COCC1N(c2cc(-c3cccc(C(F)(F)F)n3)nc(-c3cnc(OC(C)C)c(C#N)c3)n2)CC2CC21C(=O)O,24.28
N#Cc1cncc(-c2cc(-c3cnc(-c4cnc(C#N)o4)c(C#N)c3)nc(C#N)n2)n1,13.47
CN(C)c1ccc(F)c(-c2nc(-c3ccc(-c4ccc(C#N)cc4)nc3)nc(-c3ccc(-c4cccc(O)c4)s3)n2)c1,30.02
N#Cc1cc(-c2nc(-c3ccc(-c4nc(C#N)c(C#N)nc4C#N)nc3)c(-c3ccccn3)cc2C#N)cnc1C#N,21.47
N#Cc1ccc(C#N)c(-c2nc(-c3cc(C#N)c(C#N)c(C#N)c3)nc(N3CCC(F)(F)CC3)n2)n1,13.87
N#CCCNC(=O)c1cc(-c2ccc(-c3csc(-c4cc(C#N)c(N)c(C#N)c4)n3)cc2)ccc1-n1nccc1C#N,25.27
N#Cc1ccc(-c2cc(COc3cc(C#N)nc(-c4cc(C#N)cc(-c5ccc(-c6nc(Cl)nc(C#N)c6C#N)cc5)c4)c3)nc(-c3ccc(C#N)cn3)n2)cc1,26.02
N#Cc1ccc(-c2cc(-c3ccc(C#N)cc3)nc(-c3cc(-c4cc(-c5ccccc5C#N)nc(-c5ccc(C#N)cc5)n4)nc(-c4ccc(C#N)cc4)n3)c2)cc1,24.44
N#Cc1ccc(-c2nc(-c3ccnc(C#N)c3)nc(N3CC4COCC4C3)n2)cc1,20.74
CN(C(=O)c1ccc(-c2nc(-c3cc(C#N)c(C#N)c(C#N)n3)nc(N3CC4CC3CO4)n2)c(C#N)c1)c1ncc(C#N)s1,33.76
C#CCN=c1[nH]cc(-c2nc(-c3cc(C#N)c(C#N)[nH]3)nc(C3CCC(C(=O)NO)CC3)n2)cc1C#N,24.17
N#Cc1cc(-c2nc(-c3cncc(-n4cccc4C#N)c3)nc(N3CCC(F)(F)C3)n2)cc(C#N)c1C#N,18.92
N#Cc1c[nH]c(C(=O)Nc2cc(-c3ncc(-c4cnc(C#N)nc4)cc3C#N)nc(-c3cc(C#N)c(C#N)cn3)n2)n1,25.78
N#Cc1nc(C#N)n(-c2cc(-c3ccc(C#N)c(C#N)c3)nc(-c3cc(C#N)c(C4CC4)nc3CCO)n2)n1,23.96
Cc1ncn(-c2cc(C#N)ncc2-c2cc(-c3ccc(-c4ccc(C#N)nn4)cc3)nc(-c3ccc(C#N)cc3)n2)n1,24.92
N#Cc1ccc(-c2nc(-c3ccc(-c4ccc(C#N)c(C#N)c4)cc3)c(C#N)c(-c3nnc(Br)c(Br)n3)n2)cc1,17.82
N#Cc1ccc(-c2ccc(C(c3ccc(C#N)cc3)(c3ccc(-c4ccc(C#N)cn4)nc3)n3ccnc3)nc2)cc1,27.46
N#Cc1cc(-c2ccc(C#N)c(-c3ccc(OC(F)(F)F)cc3)c2)nc(-c2ccc(C#N)c(C#N)c2)n1,25.6
CC(=O)Nc1c(C#N)nc(-c2ccc(F)c(-c3nc(C(=O)NCc4ncco4)c(C)o3)c2)n1C,35.85
N#Cc1ccc(-c2ccc3c(c2)ncn3-c2cc(-c3ccc(-c4ccc(C#N)cn4)cc3)cc(-c3nc(-c4cnc(C#N)c(C#N)n4)cs3)n2)cc1,19.25
N#Cc1ccc(-c2nc(C#N)c(C#N)nc2-c2ccc(-c3cccc(-c4ccc(F)nc4)n3)c(-c3ccc(-c4ccc(C#N)nc4)nc3)n2)cc1,30.43
N#Cc1ccc(-c2ccc(-c3cc(Nc4ccc5c(c4)C(=O)c4cc(N)ccc4C5=O)nc(-c4cc(-c5ccc(C#N)cc5)on4)n3)cc2)cc1,21.43
N#Cc1ccc(-c2nc(-c3ccc(-c4ccc(C#N)nc4)c(C#N)c3)c3c(=O)n(CC(C#N)C#N)cnc3n2)cc1,29.2
N#Cc1cccc(-c2ccc(N3CCC(n4nc(-c5cc(C#N)c(C#N)c(N)n5)nc4-c4ccc(-c5cc(-c6cnc(N)c(C#N)n6)c(C#N)cc5C#N)cn4)C3)nn2)n1,37.02
N#Cc1ccc(-c2ccc(-c3ccc(C#N)c(=O)n3-c3cnc(-c4ccc(C#N)cc4)cc3C#N)cc2)cc1,16.54
N#Cc1ccc(-c2ccc(-c3cc(C#N)nc(=Nc4ccc(C#N)cn4)[nH]3)cn2)cc1,18.46
N#Cc1ccc(-c2ccc(-c3cc(-n4cc(C#N)c(C#N)c4)cc(NC(=O)c4nc(C#N)c[nH]4)c3C#N)cc2)cc1,22.23
CN(c1ccc(-c2[nH]c3cc(C#N)ncc3c(=O)c2C#N)cc1)c1cccc(F)c1,36.78
N#Cc1nc(=Nc2ccc(C#N)c(Cl)c2)c(C#N)c(Cc2csc(C#N)n2)[nH]1,33.51
C=c1[nH]c(=Cc2ccccc2C#N)c(=O)n1-c1ccc(C#N)c(C#N)c1,17.33
N#Cc1ccc(-c2nc(-c3ccc(-c4ccc(C#N)c(F)c4)cc3)nc(-c3ccc(-n4nc(CO)cc4C#N)cc3)n2)cc1,14.47
CC(C#N)Oc1ccc(-c2nc(-c3cnc(N(C)C)c(C#N)c3)nc(N3CC4CCC(C3)O4)n2)cc1C#N,16.66
CCS(=O)(=O)Nc1ccc2c(c1)C(=O)c1ccc(-c3cc(C#N)c(-c4cnc(-c5ccc(C#N)cn5)cn4)c(C#N)c3)cc1CC2,22.15
CCS(=O)(=O)c1ccc(-c2cnc(-c3cnc(C#N)c(C#N)c3)c(F)c2)c(OC(F)(F)F)c1,24.19
N#Cc1cc(-c2c[nH]c(=N)c(C#N)n2)cnc1-c1ccc(-c2nc(C#N)c(C#N)nc2-c2ccc(Cl)cc2)cc1,17.15
CC(C(c1ccc(-c2ccc(C#N)cc2)cc1)c1ccc(C#N)nc1)n1cc(C#N)c2nc(C#N)nc(-c3ccc(C#N)c(Cl)c3)c21,37.86
N#Cc1ccc(-c2ccc(-c3nn(-c4cc(C#N)ccn4)nc3-c3ccc(-c4ccc(F)c(C#N)c4)cc3)cn2)cc1,19.8
N#Cc1cnc(CNC(=O)c2cc(-c3cc(C#N)c(F)c(C#N)c3F)nc(-c3cc(C#N)c(C#N)[nH]3)n2)nc1C#N,22.54
N#Cc1ccc(-c2ccc(-c3cc(C#N)nn3-c3nccc(COc4ccc(-n5ccnc5C(F)(F)F)nc4)c3C#N)cn2)cc1,31.79
Cn1c(C#N)ccc1-c1ccc(-c2cc(-c3ccc4c(c3)CN(C(=O)c3ccc(-c5ccc(C#N)cc5)c(C#N)c3)C4)cc(-c3ccc(C#N)nc3)n2)c(Cl)c1,37.9
N#Cc1cc(-n2cc(-c3ccc4c(c3)C(O)(C(F)(F)F)c3cccnc3O4)cn2)cnc1C#N,34.03
N#Cc1cc(-c2nc(-c3cc(C#N)c(C#N)c(Cl)n3)nc(Cl)c2C#N)ccc1-c1ccoc1,25.81
CN(C)CCN(C)Cc1ncc(-c2nc(-c3ccc(-c4cccc(C#N)c4)cc3)nn2C)cc1C#N,16.73
Cc1nc(-c2cnc(C#N)c(C#N)c2)c(C#N)nc1-c1cc(C#N)nc(-n2nc(C(C)O)cc2C#N)c1,27.49
N#Cc1ccc(-c2ncc(-c3ncc(-c4ccc(-n5c(C#N)ccc5C#N)cc4Cl)cc3C#N)o2)cc1,13.62
CC(C)Oc1ncc(-c2nc(-c3cccc(C#N)n3)nc(C3CCC(C(=O)O)CC3)n2)cc1C#N,13.15
CC(CC#N)Nc1cc(-c2cnc(-c3cc(C#N)cc(C(F)(F)F)c3)c(C#N)n2)nc(-c2cc(C#N)c(C#N)c(Cl)n2)n1,21.09
N#Cc1ccc(-c2ccc(-c3cc(C=CC(=O)NCCN(C(=O)Nc4cc(F)c(F)cc4F)c4ccnc(C#N)n4)cc(-c4ccc(-c5ccc(C#N)cc5)c(C#N)c4)n3)cc2)cc1,38.22
N#Cc1ccc(-c2ccc(-c3nc(-c4ccc(C#N)nc4)cc(-c4cc(-c5ccc(C#N)cc5)c(C#N)c(-c5ccc(-c6ccc(C#N)cc6)nc5)n4)n3)cc2)cc1,15.01
CC(=O)NC1CCN(c2nc(-c3ccc(C#N)cc3)nc(-c3cnc(C(C)(C)C)c(C#N)c3)n2)C1,24.4
N#Cc1nnc(C#N)c(-c2nc(-c3cnc(C#N)c(C#N)c3)nc(N3CC4CC3C4)n2)n1,14.39
N#Cc1cccc(-c2ccc(-c3cnc4nc(-c5ccc(C#N)c(F)c5F)n(CC(=O)OC5CCCC5)c4n3)cc2)n1,42.5
N#Cc1cc(-c2cc(N3CCC(N)C3)nc(N3CCOCC3)n2)cnc1-c1cnc(OCC(F)(F)F)c(F)c1,25.67
N#Cc1ccc(-c2nn(-c3ccc(-c4ccc(-c5ccc(C#N)c(C#N)c5)nc4)cc3)nc2-c2ccc(-c3ccc(C#N)nc3)cc2)cc1,21.38
N#Cc1ccc(-c2ncc(-c3nnc(-c4cncc(C#N)n4)c(-c4ccc(-c5nc(C#N)c(C#N)nc5C#N)nc4)n3)cc2C#N)cc1,15.91
N#Cc1ccc(-c2ccc(-c3nnc(-c4ccc(-c5ccc(C#N)cc5)cc4O)n3-c3ccnc(C#N)c3)cc2)cc1,19.88
N#Cc1ccc(-c2cc(-c3ccccc3C#N)nc(Cn3c(C#N)cnc3C#N)n2)cc1,22.33
N#Cc1cc2c(C#N)c(-c3ccccc3)c(C#N)[n+]([O-])c2nc1C#N,17.88
CCc1nc(-c2nc(C#N)nc(-c3cc(C#N)cc(C#N)n3)n2)ccc1-c1ccc(C#N)cc1-c1cccc(C#N)n1,20.74
Cc1c(C#N)cc(-c2nc(-c3cccc(C#N)n3)nc(C3CC(F)(F)C3)n2)nc1-c1ccc(C#N)nc1,14.58
N#Cc1cccc(-c2cc(C#N)c(-c3ccc(-c4cnc(-c5ccc(F)c(C#N)c5)c(C#N)c4)cn3)cc2C#N)c1,29.32
N#Cc1ccc(-c2cc(-c3cnc(-c4cnc(C#N)nc4)c(C#N)c3)nc(-c3c(F)c(F)c(C#N)c(F)c3F)n2)cc1,18.84
Cn1c(C#N)ccc1-c1ccc(-c2cc(-c3ccc(C#N)nc3)ccc2C#N)nn1,24.64
N#Cc1cc(-c2ccc(-c3ccc(F)c(F)c3C#N)cc2C#N)nc(-c2cnc(C#N)c(C#N)c2)n1,17.52
CC(C)(C)Nc1ncc(-c2cc(C3CCCO3)nc(-c3cnc(C#N)cn3)n2)cc1C#N,20.23
Cc1cnc(-c2cc(-c3ccc(-c4nc(C#N)c(N)c5c(C#N)c(C#N)n(C6CCCCC6)c45)cc3)ccc2F)c(C#N)c1,32.78
N#Cc1ccc2nc(C(C#N)c3ccnc(-c4ccc(-c5nc(C#N)c(C#N)nc5C#N)cc4)c3)[nH]c2c1,26.94
CC(COc1ncc(Nc2nc(-c3cncc(C#N)n3)nc(-c3cc(C#N)c(C#N)c(C#N)n3)c2C#N)cn1)C(F)(F)F,25.57
CC(C)(CO)Nc1ncc(-c2cc(C#N)ccc2-c2ccc(-c3nc(C#N)c(C#N)nc3-c3ccc(C#N)cc3)cc2)nc1C#N,19.59
N#Cc1cc(-c2nc(-c3cnc(C#N)c(C#N)c3)nc(N3CCOCC3)n2)nc(-n2nccc2C#N)n1,13.14
CCc1ccc(-c2nc(-c3cnc(OC(C)C)c(C#N)c3)nc(N3CC4COCC4C3)n2)nc1C#N,23.09
N#Cc1cncc(-c2ncc(-c3ccc(-c4cccnc4-c4nc(C#N)c(N)[nH]4)cc3)cc2C#N)c1,22.07
Cn1c(-c2ccc(C#Cc3cnc(-c4cc(C#N)c(-c5ccc(Cl)cc5)s4)nc3C(F)(F)F)nc2)nc(C#N)c1N,28.8
N#Cc1ccc(-c2cc(-c3nc(C#N)c(C#N)nc3-c3ccc(-c4ccc(-c5cnc(-c6ccc(C#N)c(C#N)c6)c(C#N)c5)cn4)c(C#N)c3)ccc2C#N)cn1,25.63
N#Cc1ccc(-c2nc3ccc(-c4nc(C(F)(F)F)nc(S(=O)(=O)Cc5cccc(C#N)c5)n4)cc3nc2-c2ccc(C#N)cc2)cc1,29.59
Cn1cc(-c2ccc(-c3cc(-c4ccc(C#N)cc4)cc(-c4cnc(NCc5ccncc5)c(C#N)n4)n3)cn2)[nH]c1=N,33.92
N#Cc1ccc(-c2ccc(-c3cc(Nc4ccc5c(c4)C(=O)c4ccc(N)cc4C5=O)nc(-c4ccc(-c5ccc(C#N)c(C#N)c5)cc4)n3)cc2)cc1,12.54
CCC1(c2ccc(-c3ccc(C#N)cc3)cn2)Cc2c(sc(NC(=O)C3CCCCC3)c2C#N)C(C)(C)N1,35.21
CCNc1cncc(-c2cc(-c3cnc(C(C#N)(C#N)C#N)c(C#N)c3)nc(N3CC4CC3C4)n2)c1,20.76
N#Cc1ccc(-c2ccc(-c3cc(-c4ccc(-c5ccnc(C#N)c5)cc4)nn3-c3ccnc(C#Cc4cnc(C#N)c(C#N)c4)c3)cc2)cc1,25.5
N#Cc1ccc(-c2nc(-c3ccc(Cl)c(-c4ccc(C#N)nc4)c3)nc(-c3c(F)c(F)c(C#N)c(F)c3F)n2)cc1,21.37
N#Cc1ccc(-c2cc(N3CCOCC3CO)nc(-c3cc(F)c(C#N)c(C#N)c3)n2)cn1,18.52
N#Cc1cccc(-c2ccc(-c3nccc(-c4cccc(-c5nccc(C#N)n5)c4)n3)cc2)c1,16.24
N#Cc1ccc(-c2ncc(-c3nc(C#N)nn3C3CCC(OCC(N)=O)CC3)cc2C#N)nc1,15.54
CC(C)Oc1ncc(-c2cc(C#N)nc(-c3cc(-c4ccc(C#N)c(C#N)c4)cc(C#N)n3)n2)cc1C#N,11.89
Cc1nc(-c2ccsc2)c(C#N)cc1-c1cc(-c2nc(-c3cccc(C#N)n3)nc(N3CCOCC3C)n2)cc(C#N)c1C,22.07
N#Cc1ccc(Sc2cc(C#N)c(C#N)cc2Nc2cccc(C#N)c2)cc1,14.05
N#Cc1cc(-c2ccc(-c3ccc(C#N)c(C#N)n3)cn2)cnc1C#N,15.46
N#Cc1cc(-c2ccc(-c3cccc(C#N)n3)c(C#N)n2)cc(-c2n[nH]c(-c3cccc(C#N)n3)n2)c1,22.59
N#Cc1ccc(COc2cc(-c3ccc(C#N)cc3)nc(-c3ccc(-c4ccc(O)cc4C#N)nc3)c2)cc1,23.51
N#Cc1cc(NC(=O)C(=O)c2ccnc3ccccc23)cc(-c2cnc(-c3ccnc(C#N)n3)c(C#N)c2)c1,25.92
CCC(C#N)(Oc1ccc(-c2[nH]c(-c3ccc(-c4cccc(S(C)(=O)=O)c4)cc3)nc2-c2ccc(C#N)c(OC(F)(F)F)c2)cc1C#N)C(F)(F)F,41.08
N#CC=Cc1ccc(-c2ccc3nc(-c4ccc(-c5nc(Cl)nc(Cl)n5)cc4)cc(C=Cc4ccc(-c5cccc(C#N)c5)nc4)c3c2)cc1C#N,26.25
N#Cc1cc(-c2cc(-c3ccc[nH]c3=O)c(F)cn2)cnc1-c1cnc(C#N)c(C#N)n1,21.0
CCc1c(-c2cc(-c3cn(CC#N)nn3)nc(-c3ccc(C#N)cc3)n2)nnn1-c1ccc(-c2ccc(C#N)n2C)cc1,27.52
N#Cc1ccc(-c2nnc(-c3cc(-n4ccc(C#N)c4)ccc3COc3ccc(C(F)(F)F)cn3)s2)cc1,29.99
COc1cc(CCc2nc(-c3ccc(C#N)nc3)nc(-c3cnc(C#N)c(C#N)c3)n2)ccc1C#N,19.65
CNc1ccc(-c2cc(C#N)c(-c3cc(C(F)(F)F)nc(-c4nc(N5CCOCC5)nc(-c5ccc(C#N)cc5)c4C#N)n3)c(C)n2)nc1C#N,34.45
N#Cc1ccc(-c2ccc(-c3ccc(-c4nc5cc(C#N)c(C#N)cc5[nH]4)cc3)cc2C#N)cc1,12.84
N#Cc1cc(-c2nc(-c3cnc(C#N)c(C#N)c3)nc(N3CC3C3CC4CC4CC3C#N)n2)ccc1F,26.31
N#Cc1ccc(-c2ccc(-c3cc(-c4cnc(-c5ccc(C#N)c(F)c5)c(C#N)c4)nc(C#N)n3)nc2)cc1,16.62
Cn1nc2c(c1Cc1ccc(C#N)cc1)-c1cnc(N3CC(c4nc(-c5ccc(C#N)cc5)nc(-c5cccc(C#N)c5)n4)C3)nc1CC2,31.18
N#Cc1cc(-c2ncc(-c3cc(C(N)=O)sc3CN3CCSC3)cc2F)nc(C#N)n1,37.89
Cc1cc(C#N)n(-c2ccc(-c3nc(-c4ccc(-c5ccc(C#N)cn5)o4)c(O)c(O)c3C)nc2)n1,18.74
N#Cc1ccc(-c2ccc(-c3nc(-c4cnc(-c5ccc(C#N)cc5)c(C#N)c4)cc(-c4cnc(-c5ccc(C#N)c(F)c5)c(C#N)n4)n3)cn2)cc1,19.08
Cn1nc(-c2nc(-c3ccc(C#N)c(-c4ccc(C#N)cc4)c3)nc(-c3ccc(-c4ccc(C#N)cc4)c(Br)c3)c2C#N)nc1-c1cnc(C#N)c(C#N)c1,29.4
CS(=O)(=O)c1cccc(-c2cc[nH]c(=Nc3cccc(-c4cnc(-c5ccc(C#N)cn5)c(C#N)c4)c3)n2)n1,36.87
CCOc1ccc(-c2ccc(-c3cc(-c4ccc(-c5cc(-c6ccc(C#N)cc6)nc(Cl)n5)c(C#N)c4)nc(-c4ccc(C#N)cc4)n3)cn2)nc1OC,34.44
CCc1cc(-c2ccc(-c3cnnc(-c4ccc(-c5ccc(C#N)c(C#N)c5)c(C#N)c4)n3)cc2C#N)ccn1,32.86
N#Cc1ccc(C#N)c(-c2cc(-c3cc(-c4cc(-c5cnc(C#N)nc5)ncc4Cn4nncc4C#N)nc(C#N)n3)ccc2C#N)c1,29.44
CCNc1cc(Br)c(S(=O)(=O)CC#N)cc1C#N,33.83
N#Cc1ccc(-c2ccc(-c3cc(-c4ccc(N=CN5C(=O)C(Cc6ccncc6)=NC5=S)cc4)nc(-c4ccc(C#N)cc4)n3)cc2)cc1,26.24
N#Cc1ccc(NC(=O)Cc2c(O)n(-c3ccccc3)c(=O)n2Cc2cccc(C#N)c2)cc1,16.87
N#Cc1ccc(-c2nc(-c3nc(-c4ccc(-c5ccc(C#N)cn5)cc4)nc(-c4ccc(-n5nccc5C#N)c(F)c4)n3)nc(-c3cnc(C#N)o3)c2C#N)cc1,28.11
N#Cc1ccc(-c2nc(-c3cnc(C#N)c(C#N)c3)nc(N3CC(F)C3)n2)cn1,12.6
N#Cc1ccc(-c2ccc(-c3ccc(-c4nc(N=c5cc(C#N)cc[nH]5)n5nc(-c6ccc(F)cc6)cc5n4)cc3)cc2C#N)cc1,23.74
N#Cc1ccc(-c2ccc(-c3cc(C#N)nn3-c3cccc(-c4cnc(C#N)c(C#N)c4)n3)cc2)cc1,13.13
Cc1c(-c2ccc(-c3ccc(N)c(C#N)n3)cc2)cc(-c2ccc(C#N)cc2)cc1-c1ncc(-c2ccc(C#N)c(-c3ccc(C#N)cc3)c2)o1,24.72
COc1cc(-c2nc(-c3ccc(-c4ccc(C#N)cc4)nc3)nc(-c3ccc(CC(C)C)c(C#N)c3)n2)ccc1-c1nnc(C#N)o1,27.82
N#Cc1cnc(-c2ccc(-c3ccc(-c4nc(C(=O)O)c(-c5ccc(-c6cnc(N)c(C#N)n6)cc5Cl)cc4C#N)cc3C#N)s2)cc1C#N,24.9
COCn1cc(NC(=O)c2cc(C#N)nc(-c3ccc(-c4c[nH]c(=N)c(C#N)n4)nc3)c2)cn1,29.27
Cc1noc(-c2ccc(-c3cc(-c4ccc(C#N)cn4)nc(C#N)n3)cc2C#N)n1,11.8
N#Cc1ccc(C#N)c(-c2nc(-c3cnc(C#N)c(C#N)c3)nc(N3CCOCC3)n2)n1,12.1
N#CC#Cc1ccc(-c2ccc(-c3nc(-c4cc(C#N)c(C#N)c(C#N)c4)nc(-c4cccc(C#N)n4)n3)nc2)nc1,20.56
N#Cc1ccc(-n2cc(C=NN=c3[nH]c(-c4ccc(-c5ccccc5)cc4)cs3)c(-c3cccs3)n2)cc1,23.02
N#Cc1cccc(C(C#N)N2CCN(c3nc(-c4c(F)c(F)c(C#N)c(F)c4F)nc(=N)[nH]3)CC2)c1,22.87
N#Cc1ccc(-c2nc(C#N)c(C#N)nc2-c2ccc(-c3cc(-c4cccc(C#N)n4)nc(-c4cccc(C#N)n4)n3)cc2)cc1,12.92
N#Cc1ccc(-c2cc(-n3nc(C(F)(F)F)cc3C#N)nc(C#N)c2C#N)c(F)n1,15.04
C#CC(C)(C)Nc1ccc(-c2nc(-c3cnc(C#N)c(C#N)n3)cc(N3CC4CC3C4)n2)cc1C#N,19.81
CC(O)(C#N)c1cc(-c2cnc(-c3cc(F)ccc3F)c(C#N)c2)c(NC(=O)c2cnn3cccnc23)cn1,27.94
N#Cc1cc(Cn2ccnc2)c(F)cc1-c1cccc(-c2c[nH]c(=N)c(C#N)c2)n1,26.01
CC1C(NC(=O)C2CC2)CN1c1nc(-c2cnc(C#N)c(C#N)c2)nc(-c2cccc(C#N)n2)n1,16.36
N#Cc1nc(-c2cc(-n3cc(-c4cnc(C(F)(F)F)c(C#N)c4)nc3C(F)(F)F)nc(C(F)(F)F)c2)cs1,26.89
N#Cc1ccc(-c2cc(-c3ccnc(-c4cccc(C#N)c4)c3)nc(-c3ccccn3)c2)cc1,13.35
N#Cc1ccc(-c2ccc(N3CCc4c(C#N)nn(-c5ccc(-c6ccc(C#N)c(C#N)c6)c(C#N)c5)c4C3=O)cc2)cn1,21.75
N#Cc1cnc(-c2ccnc(-c3cnc(-c4cnc(C#N)c(C#N)c4)c(C#N)c3)c2F)cn1,15.18
N#Cc1cccc(-c2nc(-c3cc(C#N)c(C#N)c(NC4CCC(N)CC4)n3)nc(N3CC4CC3CO4)n2)n1,15.41
N#CCSc1nc(-c2ccc(-c3ccc(C#N)cc3)cc2)nn1-c1ccc(C#N)c(-c2ccc(C#N)c(F)c2)c1,15.14
N#Cc1ccc(-c2ccc(-c3ccc4c(c3)C(=O)N(Cc3ccccc3)CCO4)cc2)cc1,23.09
N#Cc1ccc(-c2cccc(-c3cn(-c4ccc(-c5ccc(C#N)cc5)cc4C#N)c(C#N)n3)c2)cc1,13.42
N#Cc1ccc(-c2nc(C#Cc3ncc(-c4ccc(C#N)nc4)cn3)cc(-c3cc(F)cc(C#N)c3)n2)cc1,26.75
N#CCc1nc(-c2cc(C#N)c(C#N)[nH]2)nc(-c2ccc(C#N)c(C#N)c2F)n1,10.47
CC(c1nccn1-c1cc(-c2ccc(C#N)cc2)cc(-c2ccc(F)cn2)n1)C(F)(F)F,24.38
N#CC=Cc1cc(-c2c(F)c(F)c(C#N)c(F)c2F)nc(C=Cc2ccc(-c3ccc(C#N)cc3)nc2)n1,18.2
N#Cc1ccc(C#Cc2cc(-c3ccc(C#N)c(C#N)c3)cc(-c3cc(C4CCCC4)nc(C#N)n3)c2)cc1,20.6
Cn1cc(C=CC#N)c(-n2c(C#N)ccc2C#N)n1,15.31
N#Cc1ccc(-c2ccc(-c3ncccc3-n3nnnc3-c3ccc(C#N)c(-c4ccc(-c5ccc(C#N)nc5)cc4)c3)cc2C#N)cc1,27.04
N#Cc1ccc(-c2ccc(-c3cc(C#N)nc(N4CCc5nc(C(F)(F)F)ncc5C4)c3)cn2)cn1,26.35
N#Cc1ccc(-c2nc(-c3ccc(-c4ccc(C#N)cc4)s3)cc(-c3ccc(-c4ccc(-c5nc(Cl)nc(Cl)n5)cc4)cc3-c3ccc(-c4ccc(C#N)c(C#N)n4)cc3)n2)cc1,19.66
Cn1c(-c2ccc(-c3cnc(C#N)c(C#N)c3)c(C#N)n2)c(C#N)c2cc(-c3cnc(C#N)c(C#N)n3)c(-c3ccc(-c4cccc(C#N)c4)cc3)cc21,32.75
CC(C#N)(C#N)c1ccc(-c2nc(-c3nc(Cl)nc(Cl)n3)cc(-c3nc(-c4ccc(C#N)cc4)nc(-c4ccc(C#N)cc4)c3C#N)n2)cn1,21.75
N#CNc1nnc(-c2cc(-c3ncc(C#N)cc3Cl)cc(-c3ccc(C#N)nc3)n2)nc1C#N,26.99
N#Cc1cc(-c2cccc(C(=O)Nc3ccc(-c4cc(-c5cnc(C#N)c(C#N)c5)nc(N5CCC(F)(F)C5)n4)c(C#N)c3)n2)ccc1F,23.04
Cc1c[nH]c(=NC(=O)Nc2ccc(-c3cc(-c4ncc(N)c(C#N)n4)nc(N4CCOCC4C)n3)cc2F)nn1,27.98
N#Cc1ccc(-c2nnc(-c3ccc4c(C#N)c(-c5ccc(C#N)cc5)[nH]c4c3)o2)cc1,24.08
Cc1ncc(-c2noc(-c3cnc(OC(C)C)c(C#N)c3)n2)c(F)c1-c1nc(-c2ccc(OC(C)C#N)c(C#N)c2)nc(N2CCOCC2)n1,23.39
N#Cc1ccc(-c2cc(C#Cc3ccc(-c4ncc(C#N)cc4Cl)c(F)c3)cc(-c3ccc(-c4ccc(C#N)cc4)nc3)c2)cc1,29.4
CC(C)Oc1ncc(-c2nc(-c3cn(CC#N)cn3)nc(N3CC4CC3C4)n2)cc1C#N,17.2
CC(C)OC(=O)N1CC(C)(C)c2ccc(-n3nnc(-c4ccc(-c5ccc(C#N)cc5)nn4)n3)cc21,33.57
N#Cc1ccc(-c2ccc(-c3nc(-c4cc(C#N)c(C#N)cn4)nc(-c4ncc(-c5ncc(-c6nnc(N)c(C#N)n6)cn5)cc4-c4ccc(C#N)cc4)c3C#N)cn2)cc1,34.21
N#Cc1cc2c(cc1N)CCN(C(=O)c1nc(-c3cnc(Cl)c(C#N)c3)c(C#N)cc1-c1ccc(-c3ccc(C#N)c(C#N)n3)cc1)C2,41.34
N#Cc1ccc(-c2cc(C#N)nc3c2c(C#N)nn3-c2ccc(C#N)c(-c3cnc(C#N)c(C#N)c3)c2)cc1,19.68
CC1C(N)CN1c1cccc(-n2cc(C#N)c(-c3ccc(-c4ccc(C#N)cc4)cc3)n2)n1,25.55
COC1CN(c2ncc(-c3nc(-c4ccc(-c5cccc(C#N)n5)c(C#N)c4)nn3C)cc2C#N)CCC1C(=O)O,20.59
N#Cc1ccc2c(c1)CCc1cc(Nc3ccnc(C#N)c3)ccc1C2=O,17.53
N#Cc1ncc(-c2cc(N3CC4CC3C4)nc(-c3cnc(C#N)c(C#N)c3)n2)cn1,10.52
Cc1cc(-c2nc(C(=O)NN=Cc3ccnc(C(F)(F)F)c3)sc2-c2ccc(C#N)cc2)ccc1C#N,25.43
N#Cc1ccc(-c2cc(-c3ccc(-c4cc(-c5ccnc(-c6ccc(C#N)cc6)n5)cc(C#N)n4)cc3)nc(-c3ccc(C#N)cc3)n2)cc1,15.93
N#Cc1ccc(-c2ncc(-c3cn(-c4ccc(C#N)c(C#N)c4)nn3)cc2C#N)c(F)c1,17.38
N#Cc1ncc(C(F)(F)F)c(-c2nc(-c3ccc(C#N)c(C#N)c3)nc(N3CCN(C4CC4)CC3)n2)n1,17.93
N#Cc1ccc(-c2ncc(-c3ncc(-c4ccc(-c5ncccc5C#N)cc4)cc3C#N)cc2C#N)cc1,18.63
N#Cc1ccc(-c2ccc(C(=O)Nc3ncc(-c4ccc(F)c(-c5ccc(NC(=O)c6ncc(F)cc6F)cc5F)c4)nc3C#N)nc2)nc1,36.53
N#Cc1ccc(C#Cc2ccc(C#Cc3ccccc3C#Cc3ccc(-c4nc(C(F)(F)F)nc5ccccc45)cc3)cc2)cc1,26.16
N#Cc1ccc(-c2ccc(-c3ncc(C#N)c(-c4cc(-c5ccc(C#N)c(F)c5)cc(-c5ccc(C#N)cc5)n4)n3)cc2)cc1,20.42
N#Cc1ccc(-c2ccc(-c3nc(-c4cnc(C#N)c(C#N)c4)nc(-c4c(F)c(F)c(C#N)c(F)c4F)n3)cn2)cc1C#N,13.19
CS(=O)(=O)N1CCN(Cc2cc3nc(-c4c[nH]c(=N)c(OC(F)F)c4)nc(N4CCCOCC4)c3cn2)CC1,33.71
N#CC=Cc1nnc(-c2cccc(F)c2)n1-c1ccc(-c2ccc(O)c(C#N)c2)cc1,25.91
N#Cc1ccc(-c2ccc(-c3cc(C#N)c(NC(=O)Nc4ccc(C#N)c(C#N)c4)n3-c3ccc(NCc4cnc(C#N)c(F)c4)cc3)cc2)cc1,26.61
N#Cc1ccc(-c2cc(Cn3nc(-c4cc(C#N)c(C#N)c(-c5ccc(C#N)cc5)c4)cc3C#N)nc(-c3ccc(C#N)cc3)c2)cc1,24.48
N#Cc1c[nH]c(C(=O)Nc2cc(-c3ccc(-c4ccc(F)c(C#N)c4F)c(C#N)c3Cl)nc(-c3cc(C#N)c(C#N)c(C#N)n3)n2)n1,20.11
Cc1nc(-c2cc(C(C)(C)C)c(C#N)cn2)cnc1-c1nn(-c2ccccc2C#N)c(-c2ccc(-c3ccc(C#N)cc3)cc2)c1C#N,26.81
N#Cc1ccc(-c2cc(-c3cnc(C#N)c(C#N)c3)nc(-c3cc(C#N)c(C#N)[nH]3)n2)cc1,13.8
CCN1CCN(c2nc(-c3ccc(OC(=O)c4ccccc4)c(C#N)c3)nc(-c3ccc(C#N)cn3)c2C#N)CC1,26.43
N#Cc1ccc(-c2ccc(Oc3nc(-c4ccc(-c5ccc(C#N)c(F)c5)cc4)ncc3OCCOc3ccccc3)c(C#N)c2)cc1,29.4
N#Cc1ccc(-c2ccc(-c3nc(-c4ccc(F)c(-c5ccc(C#N)c(C#N)c5)c4)cc(-c4ccc5ncnn5c4)n3)cn2)nc1,18.38
N#Cc1ccc(N=c2[nH]c(-c3cccc(C#N)c3)nn3c(-c4ccc(-c5cccc(C(=O)O)n5)cc4)cnc23)cc1,31.07
N#Cc1ccc(-c2cc(N3CC4CC3CO4)nc(-c3cnc(C#N)c(C#N)c3)n2)cn1,12.92
N#Cc1cc(-c2nc(-c3cc(Cl)c(C(=O)NC4CCCC(NC5CCOCC5)C4)cc3F)nc(N3CC(F)C3)n2)cnc1C#N,31.84
N#Cc1ccc(N2N=C(c3ccccc3C#N)CC2c2nc(C#N)c3ccccc3c2C#N)cc1C#N,30.42
N#Cc1ccc(-c2ccc(-c3cc(-c4cccc(-c5cccnc5)c4)nc(-c4cccc(C#N)n4)c3)cc2)cc1,18.18
N#Cc1ccc(-c2nc(-c3ccc(-c4cccc(C#N)c4)cc3)nc(-c3cc(C#N)cc(-n4nccc4C#N)c3)n2)cc1,12.2
N#Cc1cc(-c2ccc(-c3nn(-c4ccccn4)c(=Nc4cccc(C(F)(F)F)c4)s3)s2)cc(C#N)c1C#N,35.71
CC(C)(O)C(F)(F)c1ncc(-c2nc(-c3nc(C#N)ccc3C#N)nc(N3CC4CCOC4C3)n2)cc1C#N,23.81
N#Cc1ccc(-c2cc(-c3ccc(C(F)(F)F)cc3)nc(-c3nc(C#N)c(NCc4cccnc4)o3)c2)cc1,19.61
N#Cc1ccc(-c2ccc(-c3cc(C#N)c(C#N)c(=O)n3C(C#N)C=Cc3ccc(-c4ccc(C#N)cc4)nc3)cc2)cc1,27.13
N#Cc1ccc(-c2ncc(-c3cc(C#Cc4cncc(C#N)n4)cnc3C#N)cc2C#N)c(Cl)c1,17.38
N#Cc1cnn(-c2ccc(C#N)c(C(=O)Nc3cnc(C#N)c(C#N)c3)c2)c1,18.28
N#Cc1ccc(-c2nc(C#N)nc(-c3cc(-n4cccc4C#N)cc(N4CCCOCC4)n3)c2F)cn1,21.41
CC(N=c1[nH]c2cc(-c3ccc(C#N)cc3)ccc2nc1-c1ccc(-c2ccc(C#N)c(C#N)c2)cn1)c1ccc(C#N)nc1,40.25
N#Cc1cncc(-c2ncc(-c3ccc(-n4nnc(C#N)c4-c4cnc(N)c(C#N)n4)c(F)c3)cc2C#N)c1,20.93
N#Cc1ccc(-c2nc(C#N)c(C#N)cc2-c2cncc(C#N)n2)c(F)c1,18.57
N#Cc1cnc(C#N)c(-c2nc(-c3cnc(N4CCC(C#N)C4)c(C#N)c3)nc(N3CC4CC3CO4)n2)n1,16.32
N#Cc1noc(-c2ccc(-c3ccc(-c4cnc(C#N)nc4C#N)cc3)cc2C#N)n1,20.8
CC(C)Oc1ccc(-c2nc(-c3ccc(C#N)cc3)nc(-c3ccc(-c4cccc(-c5cnco5)c4F)nc3)n2)cc1C#N,27.54
CN(C(=O)c1cccc(-c2ccnc(C#N)c2)n1)c1ccc(-c2nc(-c3ccc(C#N)cc3)c(C#N)cc2-c2cccc(C#N)n2)cc1,30.34
N#Cc1ccc(-c2ccc(C(=O)C=Cc3cncn3-c3cc(C#N)nc(-c4ccc(-c5cnc(C#N)c(C#N)c5)c(C#N)n4)c3)cc2)cc1,32.1
N#Cc1ccc(-c2nc(-c3ccc(C#N)nc3)nc(-c3ccc(-c4ccc(C(=O)O)cc4)nc3)n2)cc1,25.1
N#Cc1cc(-c2nc(CCC(F)F)cc(-c3cncc(Cl)c3)n2)cnc1C#N,19.51
N#Cc1cc(-n2cc(C#N)c(-c3ccc(C#N)c(F)c3)c2)nc(C#N)n1,22.28
Cn1c(C#N)ccc1-c1c(OCCO)nnc(-c2cc(-c3cc(C#N)nc(C#N)n3)nc(-c3cccc(C#N)n3)n2)c1F,23.97
N#Cc1nnc(-c2nc(C(F)(F)F)c(-c3cc(F)cc(-n4nc(C(F)(F)F)cc4C#N)c3)cc2C#N)o1,13.67
Cn1nncc1-c1cccc(-c2ccc(-c3nc(C#N)c(C#N)nc3-c3ccc(C#N)cc3)c(F)c2)c1F,18.36
CC(C)(O)c1nc(-c2ccc(-c3noc(C#N)n3)c(C#N)c2)nc(N2CC3CC2C3)n1,25.0
Cn1c(C#N)ccc1-c1cc(-c2ccc(-c3cc(F)cc(C#N)c3)c(C#N)c2)nc(-c2ccc(-c3cnc(Cl)c(C#N)n3)s2)n1,24.08
CCNC(=O)N=c1[nH]c2nc(-c3ccc(-c4cncc(C#N)c4)cc3)c(-c3cnc(C#N)nc3)cc2s1,31.59
N#Cc1cc(-c2c(C#N)cc(C(O)(Cn3cncn3)n3cncn3)cc2C#N)ccc1-c1nc(-c2ccc(Cl)cc2)no1,30.69
N#Cc1ccc(-c2cc(-c3nc(-c4cccc(C#N)n4)nc(-c4nc(C#N)ccc4C#N)n3)nc(-c3ccc(-c4ccc(C#N)cc4)s3)c2)cc1,20.31
N#Cc1cc(-c2cnc(-c3cccnc3)c(C#N)c2)ncc1-c1ccc(N)c(C#N)n1,25.12
N#Cc1ccc(-c2cc(N=c3[nH]cccc3-c3nccc(C#N)n3)ccn2)cn1,20.02
CC(Oc1ncc(-c2nc(-c3nc(C#N)ccc3C#N)nc(N3CC4CC3CO4)n2)cc1C#N)C(F)(F)F,13.9
N#Cc1ccc(-c2cc(-c3nc(-c4cc(C#N)c(C#N)c(Cl)n4)nc(N4CCOCC4)n3)nc(C#N)c2F)cc1C#N,23.54
N#Cc1ccc(-c2ccc(-c3nc(C(F)(F)F)c(-c4nc(-c5ccc(C#N)c(C#N)c5)nc(-c5cnc(C#N)c(C(F)(F)F)c5)n4)cc3-c3ccc(C#N)cc3)cc2)cc1,21.76
N#Cc1ccc(-c2cnc(-c3ccc(-c4ccc(C#N)c(C#N)c4)nc3)nc2-c2cccc(C#N)n2)nc1,17.0
COc1cc(-c2ccc(F)c(C#N)c2)c(F)cc1-n1nc(CNC(=NC#N)N2CCOCC2)cc1C#N,29.19
N#Cc1ccc(C#Cc2cc(-c3ccc(C#N)nc3)cc(-c3cccc(C#N)n3)c2)cc1,16.16
N#Cc1ccc(-c2cc(C#N)n(CC=Cc3ccc(-c4cccc(C#N)c4)cc3)c2C#N)cc1,18.28
N#Cc1ccc(-c2ccc(-c3cc(-c4cnc5[nH]cnc5c4)cc(-n4cnc(-c5cccc(C#N)c5)c4)c3)cc2)cc1,25.87
Cn1nc(-c2ccc(-c3nc(-c4ccc(-c5ccc(C#N)cc5)cc4)ncc3-c3ccccc3N)nc2)nc1-c1ccc(C#N)cc1,30.11
COC(=O)c1cc(C#N)nc(-c2nc(-c3cnc(OC(C)C)c(C#N)c3)cc(C#N)c2SCC#N)n1,19.19
N#Cc1cc(-c2cccnc2Cn2nccc2C#N)c(F)cc1-c1cc(C(=O)c2cnc(C#N)c(C#N)c2)nc(-c2cc(F)c(C#N)c(F)c2F)n1,30.3
CCc1nc(N2CC(F)C2)c(C#N)nc1-c1nc(Oc2ccc(C#N)cn2)nc(-c2cnc(C#N)c(C#N)c2)n1,28.28
N#Cc1ccc(-c2cc(-n3nccc3C#N)c(-c3ccc(-c4ccc(F)c(C#N)c4)cn3)nn2)cn1,21.92
N#Cc1ccc(-c2cncc(-c3ccc(-c4cccnc4-c4cnc(N)c(C#N)n4)cc3)n2)cc1,18.41
C#CCN(CC#N)S(=O)(=O)c1ccc(-c2c(-c3ccc(C#N)cc3)cc(-c3ncc(-c4ccc(F)c(C#N)c4)nn3)n2CC)cc1,36.16
O=C(CN1C(=O)CN=C(c2ccccc2)c2ccccc21)Nc1ccccc1,24.08
Cc1cc(-c2n[nH]c(-c3cc(C#N)c(-c4noc(-c5ccc(Cl)c(C#N)c5)n4)cc3C(F)(F)F)n2)cc(C#N)n1,28.82
N#Cc1ccc(-c2ccc(C#Cc3nccc(-c4ccc(-c5cccc(C#N)n5)nc4)n3)cc2)cc1,17.78
N#Cc1cc(-c2cc(C#N)c(C#N)c(C#N)n2)nc(-c2cnc(N3CC(F)C3)c(C#N)c2)n1,15.34
N#Cc1ccc(-c2nccc(-c3cnc(-c4ccnc(C#N)n4)c(C#N)c3)c2F)nn1,19.84
N#Cc1ccc(-c2cc(-c3ccc(-c4ccc(-c5csc(=NC(=O)Nc6ccc(N(CCCl)CCCl)cc6)[nH]5)cc4)cc3)nc(-c3ccc(C#N)cc3)n2)cc1,26.22
N#CC(F)=Cc1nc(C#N)cc(-c2ccc(-c3ccnc(-c4[nH]c(-c5ccc(C#N)cn5)c(-c5cc(F)c(C#N)c(F)c5)c4F)c3)cc2)n1,38.19
N#Cc1ccc(-c2ccc(-c3cc(C#N)nn3-c3ccccc3C#N)cc2)cc1,9.74
N#Cc1ccc(-c2nc(-c3ccc(-c4ccc(C#N)nc4)nc3)c3c(-c4ccc(-c5ccc(C#N)cn5)c(F)c4C#N)n[nH]c3n2)cc1,35.8
N#Cc1ccc(-c2ccc(-c3nc(Cc4cccc(C#N)c4)nc(-c4c(F)c(F)c(C#N)c(F)c4F)n3)cc2)cc1,20.08
N#Cc1ccc(-c2cc(NC(C#N)c3cncc(C#N)c3)nc(-c3cc(C#N)c(C#N)c(C#N)n3)n2)cc1,17.08
N#Cc1ccc(-c2ccc(-c3cc(-c4ccc(C#N)cc4C#N)cc4c3CN(C(N)=O)CC4)cc2)cc1,21.76
N#Cc1ccccc1-c1nc(-c2cc(C#N)c(C#N)c(OCC(F)(F)F)n2)nn1CCN1CCC1,22.73
N#Cc1ccc(-c2nc(-c3ccc(C#N)cc3)c(C#N)c(-c3cc(-c4cnc(C#N)c(C#N)n4)nc(-c4ccc(-c5cccc(C#N)c5)cc4)n3)n2)cc1,17.27
N#Cc1ccc(-c2ccc(-c3nc(-c4ccc(-c5ccc(C#N)cn5)cc4)c(-c4ccccc4)c(C#CC4(N)CCCCCC4)c3C#N)cc2)nc1,35.37
CC(C)Oc1ccc(-c2ccc(-c3noc(Nc4ccc(C#N)cc4)c3C#N)cc2)cc1C#N,23.18
COc1cccc(-c2nc(-c3ccc(-c4ccc(C#N)cc4)cn3)c(-c3ccc(-c4cncc(-c5ccc(C#N)cc5)n4)nc3)[nH]2)c1F,32.91
N#Cc1ccc(-c2nc(C(=O)Nc3cc(-c4ccc(C#N)nc4)nc(-c4cc(F)c(C#N)c(C#N)c4)n3)cc(N3CCC(F)(F)C3)n2)cc1,23.89
Cc1nc2ccccc2n1CCOc1c(F)c(F)c(C#N)c(F)c1F,24.28
N#Cc1ccc(Cn2cnc(-c3cnc(-c4ccc(C#N)cc4)c(-c4ccc(C#N)cc4)c3)n2)cc1,16.6
Cc1c(C#N)cc(-c2nc(-c3nccc(C#N)n3)c3c(N4CCCC4C)ncc(C#N)n23)cc1C#N,24.05
N#Cc1ccc(-c2ncc(-c3ccc(C#N)cc3)c(-c3cccc(C#N)n3)n2)cc1,17.62
CC(C)(C)c1nc(-c2nc(C#N)c[nH]2)sc1-c1nc(-c2cnc(C(C)(C)C#N)c(C#N)c2)ncc1C#N,34.56
N#Cc1cc(-c2cc(N3CC4CCC(O4)C3CO)nc(-c3cc(F)c(C#N)c(F)c3F)n2)nc(C#N)c1C#N,21.52
N#CCNc1cnc(Nc2ccc3c(c2)C(=O)c2cc(OCC#CC4CC4)ccc2S3(=O)=O)c(C#N)c1,40.31
N#CCOc1ccc(-c2nc(-c3cnc(C#N)c(C#N)c3)nc(-c3cc(C#N)c(C#N)c(C#N)n3)n2)c(F)c1,21.68
N#Cc1ccc(-c2ccc(-c3c(C#N)c4c(C#N)cccc4n3CCc3cc(C#N)c(C#N)cc3C#N)cc2)cc1,26.29
Cc1cc(-[n+]2ccc(-c3ccncc3)cc2)nc(-c2ccc(-c3cc(-c4ccc(C#N)cc4)nc(-c4ccc(C#N)cc4)n3)cc2)n1,15.49
N#Cc1cc(C#N)n(-c2cc(NCc3ccc(-c4ncccc4C#N)nc3)ncc2Cl)n1,27.28
N#Cc1cccc(=NC(=O)c2nc(-c3cnc(C#N)c(C#N)c3)nc(-c3ccc(C#N)c(C#N)c3F)n2)[nH]1,21.07
CCc1ncnc(-c2ccc(C(=O)N3CCN(C4(C#N)CC4)CC3)c(Cl)c2)c1C#Cc1ccc(=N)[nH]c1,21.44
N#Cc1ccc(-c2cc(-c3cccc(-c4cnc(-c5cc(C#N)on5)c(C#N)c4)c3)nc(-c3cccc(C#N)n3)n2)nc1,25.46
Cn1cnc(-c2ccc(-c3cc(-c4ccc(C#N)cc4)c(C#N)c(-c4ccc(-c5ccc(C#N)cc5)nc4)n3)cc2F)n1,22.43
N#Cc1noc(C(=O)c2ccc(-c3cnc(-c4nc(-c5cnc(C#N)c(C#N)c5)no4)c(C#N)c3)cc2)n1,32.53
N#CCNC(=O)c1nc(-c2ccc(-c3[nH]c(-c4c5ccccc5c(C#N)c5ccccc45)nc3-c3ccc(-c4ccc(C#N)cc4)cc3)cn2)cnc1C#N,31.0
N#Cc1ccc(-c2cncc(-c3ccc(OC(F)(F)F)c(C#N)c3)c2)c(-c2ccc(F)cc2)n1,21.84
N#Cc1ccc(-c2ccc(-c3cc(-c4ccc(-c5ccc(-c6ccc(C#N)cc6)c(C#N)c5)c(C#N)c4)nn3-c3cccc(C#N)n3)cc2)cc1,13.0
N#Cc1ccc(-c2ccc(-c3cccc(-c4ncc(C#N)c(-c5cc(C#N)ccc5F)n4)c3)cn2)cc1,27.77
N#Cc1ccc(-c2ccc(-c3cc(C#N)n(C4CCN(C(=O)c5ccnc(C#N)c5)CC4)n3)cc2)nc1,28.31
CCN(CC)CCn1c(-c2ccc(-c3ccc(C#N)cn3)nc2)nc(-c2cnc(C#N)c(C)n2)c1-c1ccccc1,27.94
N#Cc1ccc(-c2nc(C#N)c(C#N)nc2-c2ccc(-c3ccc(S(=O)(=O)c4ccccc4)cc3C#N)nc2)cc1,25.44
N#Cc1ccc(-c2cccc(-c3cnc(-c4cnc(C#N)c(C#N)c4)c(C#N)c3)c2)cc1C#N,17.36
Cn1nc(Cl)nc1-c1ccc(-c2nc(-c3ccc(C#N)cc3)nc(-c3ccc(C#N)cc3)c2C#N)nc1,14.21
N#Cc1ccc(-c2ncc(-c3cc(F)nc(-c4nnc(N)c(C#N)n4)c3)cc2C#N)cc1,17.16
N#Cc1ccc(-c2nc(-c3ccc(C(=O)CS)cc3C#N)ccc2C#N)c(C#N)c1,31.49
N#Cc1ccc(-c2ccc(-c3nc(-[n+]4ccc(-c5ccncc5)cc4)nc(-[n+]4ccc(-c5ccc(C#N)cc5)cc4)n3)cc2)cc1,11.09
CCN1CCN(c2cc(-c3cnc(-c4ccc(C#N)cc4)c(C#N)c3)nc(-c3cnc(C#N)c(C#N)c3)n2)CC1,15.86
N#Cc1ccc(-c2cc(-c3ccc(-c4ccccc4C#N)s3)cnc2Cl)cc1C#N,22.15
N#Cc1cncc(-c2nc(-c3ccc(F)c(C#N)c3)cc3cc(-c4ccc(F)c(C#N)c4)nn23)c1,19.66
N#Cc1cncc(-c2cnc3[nH]c(-c4ccc(C#N)c(C#N)c4F)nc3c2)c1,26.24
N#Cc1cc(-c2nc(-c3cnc(Cl)c(C#N)n3)nc(N3CC4(CCCO3)OC4=O)n2)nc(C#N)c1C#N,27.95
N#Cc1cc2c(-c3ccc(-c4cnc(C#N)c(C#N)c4)cc3)nc(C#N)nc2cn1,14.15
N#Cc1ccc(-c2ccc(-c3nc(-c4cnc(-c5ccc(F)c(C#N)c5)nc4)nc(-c4c(F)c(F)c(C#N)c(F)c4F)n3)cc2)cc1,20.63
Cc1nn(Cc2cc(C#N)c3c(C#N)ccc(C#N)c3c2)c(=O)n1-c1cn(C)nc1-c1ccc(C#N)c(C#N)c1,34.81
N#Cc1nccc(-c2cc(-c3ccc(-c4ccc(C#N)c(C#N)c4)nc3)nc(-c3cc(C#N)c(C#N)cc3C#N)c2)n1,21.58
N#Cc1ccc(-c2nc(CNc3ccc(OC(F)(F)F)cc3)nc(-c3cc(-c4ccc(C#N)o4)cc(C#N)n3)n2)cn1,39.53
N#Cc1nc(-c2cnc(-c3cnc(C#N)c(C#N)n3)c(C#N)c2)n(CC2CCOC2)n1,14.57
N#Cc1ccc(-c2ccc(-c3cc(-c4cnc(-c5cnc(C#N)c(C#N)n5)[nH]4)cc(N4CC(F)C(F)(F)C4)n3)cc2C#N)cc1,33.83
Cc1nc(Cc2nc(C#N)c(N)n2-c2ccc(N=CN=c3cc[nH]cc3)cc2)cs1,30.87
N#Cc1ccc(-c2nc(-c3ccc(-c4ccc(-c5ccc6[nH]cnc6c5)cc4)cc3)nc(=NC(=O)Cc3ccc(F)nc3)[nH]2)cc1,35.88
N#Cc1ccc(-c2ccc(Cc3nc(C#N)c(CN(Cc4ccc(-c5ccc(C#N)cc5)cc4)Cc4ccc(C#N)c(F)c4)c(-c4ccc(C#N)cn4)n3)cc2)cc1,27.32
CS(=O)(=O)Nc1c(C#N)nc(-c2ccc(-c3cccc(C#N)c3)cc2)nc1Nc1ccc2ccccc2c1,19.66
N#Cc1ccc(-c2ccc(-n3c(CSc4nc(-c5ccccc5)c(C#N)c(-c5ccc(C#N)cc5)n4)nc4cc(C#N)ccc43)cc2)cc1,20.03
N#Cc1cccc(-c2ccc(-c3nc(CCO)c(-c4ccc(-c5ncc(N)c(C#N)n5)cc4)cc3C#N)cc2C#N)n1,22.3
CC(C)(C)n1c(-c2c(F)cc(-c3cc(-c4ncc(C#N)n4CC#N)nc(-n4ncc(C#N)n4)c3)cc2F)nc(C#N)c1N,30.63
CCN(C)c1cc(-c2nc(-c3cnc(OC(C)c4cc(C#N)cc(C(F)(F)F)c4)c(C#N)c3)n(C)n2)ccc1C#N,23.12
CN(C)CCN=c1nc(-c2ccc(C#N)nc2)nc(-c2ccc(C#N)nc2)cc1-c1ccc(-c2cnc(C#N)c(C#N)c2)cc1,25.66
Cc1cc(-c2cc(C#N)ccc2OCc2cc(C#N)cc(-c3cncc(C#N)c3)c2)cc(C#N)n1,22.44
N#Cc1ccc(-c2nnc(-c3ccc(-c4cc(C#N)cc(-c5cc(C(F)(F)F)nn5-c5ccc(C#N)cc5C#N)c4)cc3)s2)cc1,28.03
Cn1c(C#N)ccc1-c1ccc(-c2nc(-c3cccc(C#N)n3)c(-c3ccc(-c4cccc(C#N)n4)nc3-c3cnc(C#N)c(C#N)n3)n2C)cc1,29.81
COc1cc(-c2ccc3c(c2)CCc2ccc(Nc4ccc(C#N)cc4)cc2C3=O)ccc1C#N,12.94
N#Cc1cc(-c2ccc(-c3cc(-c4cnc(C#N)c(C#N)c4)nc(-c4ccc(C#N)[nH]4)n3)cc2)nc(C#N)n1,23.39
Cn1nc(-c2cc(C#N)cc(-c3cnc(F)c(-c4ccc(C#N)cc4)c3)c2)nc1-c1cc(C#N)c(F)c(Cl)c1F,19.87
N#Cc1ccc(-c2cc(-c3cc(C#N)nc(-c4cc(C#N)c(=N)[nH]n4)c3)cc(-c3ccc(C#N)cc3)n2)cc1,16.74
N#Cc1ccc(Nc2nc(-c3ccc(-c4ccc(F)c(F)c4)cc3)nc(C#N)c2Nc2cccc(C#N)c2C#N)cc1C#N,25.41
CC(C)Oc1ncc(-c2nc(-c3ccc(F)c(C#N)c3)cc(N3CC4COCC4C3)n2)cc1C#N,16.34
CC(C)(N)C(=O)Nc1ccc(-c2cc(C#N)nc(-c3cnc(-c4cncc(F)c4)c(F)c3F)n2)cc1C#N,28.88
Cn1cc(C#N)nc1-c1nc(-c2ccc(-c3cnco3)c(C#N)c2)cc(-c2cnc(C(C)(O)C(F)(F)F)c(C#N)c2)n1,22.47
N#Cc1cccc(-c2ccc(-c3nc(-c4ccc(C#N)c(C#N)c4)cc(-c4nc(C#N)c(N)[nH]4)n3)cn2)n1,19.32
N#Cc1ccc(-c2cc(NCC3CCNCC3)nc(-c3cc(C#N)c(C#N)c(N)n3)n2)cc1F,17.07
N#Cc1ccc(-c2cc(-c3ccc(C#N)nc3)nc(-c3ccc(C#N)nc3)n2)nc1,18.37
N#Cc1ccc(-c2ccc(-c3ccc(-c4ccc(OCc5cccc(-c6cccc(C#N)n6)c5)c(C#N)n4)cc3)cc2C#N)cc1,26.16
N#Cc1ccc(-c2cncc(-c3nc(=O)c4ccccc4[nH]3)c2)cc1,23.38
Cc1cc(CNC(=O)c2cc(-c3ccc(-c4cc(-c5ccc(C#N)cc5)cc(-c5cnc(C#N)cn5)c4)cc3)nc(-c3ccc(C#N)nc3)n2)nc(C)n1,42.04
N#Cc1ccc(-c2ccc(-c3cc(-c4cc(C#N)nc(-c5ccc(C#N)nc5)c4)[nH]c(=N)c3C#N)cn2)nc1,16.96
CCOc1cc(C#N)n(-c2nc(-c3cnc(C#N)c(C#N)c3)nc(-c3cc(F)c(C#N)c(C#N)c3)n2)n1,17.82
N#CC(C#N)=c1ccc(=C(C#N)c2nc(C(C#N)=c3ccc(=C(C#N)C#N)cc3)nc(-c3ccccc3)n2)cc1,10.52
N#Cc1cc(-c2cncc(C#N)n2)c(F)c(-c2nc(-c3cnc(C#N)c(C#N)c3)nc(N3CC4CCC(C3)O4)n2)c1,17.05
CC(C)Oc1ncc(-c2nc(-c3ccc(-c4ccc(C#N)cn4)cc3)n(C)n2)cc1C#N,11.07
N#Cc1nc(C#N)nc(-c2ccc(-c3cc(F)cc(-n4c(C#N)ccc4C#N)c3)cc2C#N)n1,16.98
N#Cc1ccc(C(=Cc2ccc(C#N)c(F)c2)c2cc(C#N)c(=O)n(-c3cccc(-c4ccc(C#N)cc4)c3)c2)cc1,25.44
N#Cc1ccc(-c2ccc(-c3nc(-c4cc(C#N)c(C#N)c(C#N)n4)ncc3C#N)cn2)nc1,20.59
N#Cc1ccc(-c2nnc(-c3cccc(-n4c(-c5ccccc5)n[nH]c4=S)c3)o2)cc1,22.64
N#Cc1cc[nH]c(=Nc2nc(-c3ccnc(-c4ccsc4)c3)nc(-c3nc(C#N)c(C#N)nc3C#N)n2)n1,30.87
Cc1ccc(-n2nccc2C#N)cc1-c1cc(-c2ccc(C#N)cc2)nc(-c2ccc(C#N)cc2)n1,14.44
Cc1nc(=O)n(C(=O)c2ccc(Cl)cc2)[nH]1,31.39
Cc1cn(-c2ccc(-c3n[nH]c(=NC(=O)C(C)Oc4cc(Cl)c(C#N)cc4F)s3)cc2)cn1,33.56
N#Cc1ccc(C(CO)Oc2c(F)cc(-c3nc(-c4ccc(C#N)nc4)nc(N4CCC(C#N)C(N)C4)n3)cc2C#N)cc1,21.09
Cc1c[nH]c(=Nc2cc(C#N)ccc2C#N)c(=O)n1C(C)COCC(F)(F)F,36.31
N#CC1=C(c2ccc(C#N)cn2)C=C2N=C(N=C1c1ccc(C#N)cc1)N2C(c1ccc(C#N)cc1)c1cc(-c2ccc(C#N)c(C#N)c2)nc(N2CCOCC2)n1,35.59
CCc1c(C#N)nc(C(C)C)nc1-c1ccc(-c2cc(-c3ccc(C#N)s3)nc(-c3cccc(-c4ccc(C#N)cc4)n3)n2)cc1,38.86
N#Cc1ccc(-c2cccc(-c3nc(-c4cnc(N)c(C#N)n4)[nH]c(=Nc4ccc(C#N)nc4)c3C#N)c2)cc1,20.63
N#Cc1cccc(-c2ccc(-c3cncc(Nc4ccc(C#N)c(C(F)(F)F)c4)c3)cn2)n1,16.96
CC(Oc1c(C#N)cc(-c2nc(-c3cc(-n4nccc4C#N)ccc3C#N)nc(N3CCC3)n2)nc1C#N)c1ccc(Cl)cc1,21.63
Cc1ccc(-c2nc(-c3nc(C#N)cnc3-c3cc(F)c(C#N)c(C#N)c3)nc(C3CC3)n2)cc1C#N,19.34
N#Cc1cc(-c2ccc(-c3c(F)c(F)c(F)c(F)c3F)c(C#N)c2)cc(-n2nc(C(=O)O)cc2C#N)c1,14.38
CCc1ncnc(-c2ccc(C#N)cc2)c1C#Cc1ccc(F)c(C#N)c1,17.55
CC1(C)CCN(c2cc(-c3ccc(-n4c(-c5ccc(-c6ccc(C#N)nc6)cc5)ccc(C#N)c4=O)cc3)nc(CC#N)n2)CC1F,32.54
CC(C)C(=O)c1c(O)c(O)n(-c2ccc(-c3ccsc3)cc2)c1-c1nc(C#N)cc(C#N)n1,22.03
N#Cc1cc(-c2nc(-c3c(F)cc(F)c(-n4nccc4C#N)c3F)nc(N3CC(F)C3)n2)cnc1C#N,13.77
N#Cc1ccc(-c2nc(-c3ccc(-n4nc(C(F)(F)F)cc4C#N)cc3F)nc(-c3cc(C(=O)NC4CC4)ccc3F)n2)s1,27.01
CN(c1ccc(-c2nc(-c3ccc(C#N)cc3)nc(-c3ccc(-c4cc(C#N)cc(C#N)c4)cc3)n2)nc1)C1CCCCC1,25.28
N#Cc1nc(-c2cc(C#N)c(-c3cnc(C#N)c(C#N)c3)nc2C#N)c(C2CCCNC2)s1,20.89
N#Cc1ccc(N=Nc2c(Nc3ccc(Oc4ccc(Cl)c(Cl)c4)cc3)nc(-c3nc(-c4ccc(C#N)cc4)nc4nc(C#N)c(C#N)nc34)nc2-c2ccc(C#N)c(Br)c2)cc1,45.85
N#Cc1ccc(-c2cncc(-n3c(C#N)cnc3C#N)c2)cn1,13.48
CC(=O)Oc1c(C#N)cc(CNc2oc(-c3ccc(-c4cnc(C#N)c(C#N)c4)cn3)nc2C#N)cc1C#N,28.57
N#Cc1ccc(-c2ccc(-n3nc(C#N)c4c(-n5cnc(-c6cnc(F)c(C#N)c6)c5)ccnc43)c(C#N)c2)cc1C#N,27.25
N#Cc1ccc(-c2ccc(-c3ccc(-c4c(F)c(F)c(C#N)c(F)c4F)nc3F)nc2)cc1,24.95
Cn1cc(-c2cccc(C#N)n2)c(-c2ccc(-c3nc(C#N)c(-c4cnc(C#N)c(C#N)c4)nc3C#N)nc2)n1,24.75
CN(C)c1cc(Nc2ncccc2-c2ccc(-c3ccc(C#N)cc3)nc2)c(C#N)c(C#N)n1,21.66
N#Cc1ccc(C#Cc2cn(Cc3ccc(C#N)cc3)c(=O)nc2SCc2ccc(C#N)cc2)cc1,19.65
N#Cc1ccc(-c2cc(-c3ncccc3C#N)c(F)c(-c3cc(-c4cnc(-c5nc(C#N)no5)c(C#N)c4)nc(C#N)n3)n2)cn1,25.7
CC(C)Oc1ncc(-c2nc(-c3ccc(C#N)cc3)nc(-c3cc(-c4ccc(C#N)cc4)cc(-c4ccc(-c5nc(F)c(F)c(C#N)n5)cc4)n3)n2)cc1C#N,23.36
N#Cc1ccc([N+](=O)[O-])n1CC#CCCl,20.3
CC1COCCN1c1nc(-c2cncc(-c3cncc(C#N)n3)c2)cc(-c2cnc(C#N)c(C#N)c2)n1,22.07
N#Cc1ccc(-c2ccc(-c3cn(CCN4CCCC4)c(-c4cnc(C#N)c(C#N)c4)n3)cc2)cc1,12.84
N#Cc1ccc(-c2cc(-c3cc(C#N)c(N)c(C#N)n3)nc(-n3c(C#N)nc(C#N)c3C#N)c2)cc1,22.79
N#Cc1nc(NCc2cc(F)c(F)cc2F)c(-c2cc(-c3ccc(-c4cnc(Cl)c(C#N)c4)cc3)cc(-c3nc(C#N)c(C#N)nc3C#N)c2)[nH]1,43.76
CS(=O)(=O)CC(=O)NCc1ccc(-c2nc(-c3cnc(C#N)c(C#N)c3)nc(N3CC4CC3CO4)n2)cc1C#N,29.92
N#Cc1ccc(CNC(=S)Nc2cccc(C#N)c2)cc1,20.17
N#Cc1ccc(-c2ccc(-c3nc(-c4ccc(-n5cccc5C#N)cc4)ccc3C#N)cc2)cc1,13.97
Cn1cc2cccc(-c3nc(CNS(=O)(=O)CCCO)nc(-c4cnc(C#N)c(C#N)c4)n3)c2n1,24.59
CCOc1nc(-c2ccc(-c3nnco3)c(C#N)c2)cc(-c2ncc(-c3nc(C)no3)cc2F)n1,27.88
N#CNC1=NC(=O)C(=Cc2cc(-c3cccc(C#N)c3)co2)N1,24.47
CCC(NC(=O)c1cc(C#N)n(-c2ccc(OCC#N)cc2)n1)C(=O)N=c1[nH]c(-c2cnc(C#N)c(C#N)c2)ccc1-c1ccc(-c2ccc(C#N)cc2Cn2ccnc2)cn1,50.0
Cc1c(-c2ccc(C#N)n2-c2ccc(Cl)c(F)c2F)c(=O)ccn1-c1ccc(-c2cc(C#N)c(O)c(C#N)c2)cc1,35.69
N#Cc1ccc(-c2ccc(-c3cn(-c4cnc(C#N)c(C#N)c4C#N)cc3-c3ccncc3)c(O)c2)cc1,29.77
Cc1nc(-c2cccc(C#N)n2)sc1-c1cc(-c2ccc(C#N)cc2)cc(-n2nc(C(F)(F)F)cc2C#N)c1,17.97
N#Cc1cncc(-c2ncn(Cc3ccc(Br)c(Br)c3)n2)c1,21.09
N#Cc1ccc(-c2nc(-c3ccc(C#N)cc3)nc(-c3ccc(-c4cc(-c5ccccn5)nc(-n5cnc(-c6cccnc6)c5)n4)cn3)n2)cc1,23.04
N#Cc1ccc(-c2nc(-c3ccc(-c4nc(C#N)c(C#N)nc4-c4ccc(C#N)cc4)cc3)nnc2-c2ccc(-c3ccc(C#N)cn3)c(C#N)c2)cc1,22.04
N#Cc1cc(-c2ccc3c(=Nc4ccc(CCN5CCC(O)CC5)cn4)nc[nH]c3c2)cnc1C#N,25.33
N#Cc1ccc(-c2ncc(-c3cc(-c4nccc(-n5ccnc5)n4)nc(C4CCC4)n3)cc2C#N)cc1F,24.34
CCOc1cc(-c2ccc(-c3ccc(C#N)cc3)s2)nc(-c2ccc(-c3ccc(C#N)cc3)cc2)c1C#N,18.56
N#Cc1cccc(Nc2ccc3c(c2)OCc2ccc(C#N)cc2C3=O)c1,17.3
Cc1ncn(-c2ccc(-c3ccc(-c4nc(C#N)c(C#N)nc4-c4ccc(C#N)cc4)cn3)nc2)n1,19.74
N#Cc1ccc(-c2cc(-n3nccc3C#N)nc(-n3nc(-c4ccc(F)cc4)cc3C#N)c2)cc1,17.31
CN1CCC(N(C)c2ccc(-c3cncc(-c4ccc(-c5ccc(N)c(C#N)n5)c(C#N)c4)c3)cc2)CC1,18.89
N#Cc1cccc(-c2nc(-c3cc(C#N)c(C#N)c(C#N)n3)nc(N3CC4CC3CO4)n2)c1,12.68
N#Cc1nc(-c2ccc(-c3ccc(C#N)c4nc(C5CCNCC5)ccc34)cc2)cc(-c2ccc(-c3cnc(C#N)c(C#N)n3)nc2)n1,24.58
N#Cc1ccc(-c2ccc(-n3nc(-c4ccc(-c5ncc([N+](=O)[O-])s5)cc4)n3-c3ccc(Cl)cc3)cc2C#N)cc1,31.28
CS(=O)(=O)c1ccc(C#Cc2ccc(C#N)nc2-c2cnc(C#N)c(C#N)c2)c(F)c1C#N,20.87
CC(c1cc(-c2nc(C#N)c(C#N)[nH]2)nc(C#N)n1)n1nc(C#N)nc1-c1ccc(-c2ccc(F)c(C#N)n2)c(C#N)c1,29.68
N#Cc1cc(-c2cc(-c3cnc(C#N)c(C#N)c3)cc(-c3cc(C#N)c(N4CCCC4)nn3)n2)ccn1,16.66
N#Cc1ccc(-c2cc(-n3ccnc3)nc(-c3cccc(C#N)n3)c2F)cn1,18.1
N#Cc1ccc(-c2ccc(C=Cc3nc(-c4ccc(C#N)cc4)nc(-c4cc(C#N)c(C#N)c(C#N)n4)n3)nn2)cc1,23.88
CC(C)Oc1ncc(-c2cc(-c3ccc(C#N)c(C#N)c3)nc(-c3cncc(C#N)n3)n2)cc1C#N,13.98
CC(C)(C#N)c1nc(-c2cnc(C#N)c(C#N)c2)c(C#N)cc1-c1ncc(-c2ccc(C#N)nc2)s1,17.9
C#CCn1nc(-c2ccc(C#N)cc2)c(-c2cccs2)c(C#N)c1=O,22.26
N#Cc1ccc(-c2nc(-c3ccc(C#N)cc3)c(C#N)c(C(O)(Cc3ccc4ccccc4c3)Cn3cncn3)n2)cc1,29.63
Cc1ccc(CNC(=O)N2CCC3(CC(=O)N(Cc4ccncc4)C3)C2)o1,32.67
N#Cc1ccc(-c2ccc(-c3nc(-c4ccc(-c5cccc(C#N)c5)c(C#N)c4)cc(-c4cccc(C5CCC(F)(F)CC5)n4)n3)cn2)cc1,26.76
N#Cc1ccc(-c2ccc(Cc3nc(-c4cc(F)c(C#N)c(F)c4F)nn3-c3cc(-c4ccc(-c5ccc(-c6ccc(C#N)cc6)c(C#N)c5)c(C#N)n4)ncn3)cc2)cc1,34.4
Cc1ccc(-c2nc(-c3nc(C#N)cnc3C3CCCN(c4cnc(OCC(O)CO)cn4)C3)nc(N3CC4CC3CO4)n2)cc1C#N,35.16
Cc1nc(C#N)c(C#N)nc1-c1oc(=O)c(-c2ccc3c(n2)Cc2cc(-n4cncn4)ccc2-3)cc1C#N,34.4
N#Cc1ccc(-c2ccc(-c3cn[nH]c3-c3ccc(-c4ccc(C#N)c(C#N)c4)c(C#N)c3)cc2)cc1,22.33
COCc1noc(-c2ccc(-c3nc(C#N)nn3C)cc2C#N)n1,13.89
N#Cc1ccnc(-c2ccc(C#N)c(-c3cc(C#N)c(=O)n(CCO)c3)c2)n1,21.82
Cc1onc(-c2ccccc2)c1Cn1c(C#N)ccc1-c1cc(-c2ccc(C#N)cc2)cnc1OCc1ncnn1C,31.05
N#Cc1ccc(-c2ccc(-c3nc(-c4cccc(-c5cc(C#N)c(C#N)c(C#N)c5F)n4)[nH]c3-c3cccnc3)nc2)cc1,26.78
N#Cc1cc(-c2nc(-c3cc(F)ccc3F)nc(N3CC4CC3C4)n2)nc(C#N)c1C#N,15.62
N#Cc1ccc(-c2ccc(-c3nc(-c4cccc(C#N)n4)nc(-c4cc(-c5ccc(C#N)cn5)nc(C#N)n4)n3)cn2)nc1,13.29
Cn1cc(-c2cc(-c3ccc(-c4cccc(C#N)n4)cc3)nc(-c3ccc(C#N)cc3)n2)nc1C=CC#N,17.29
CN(c1nc(C#N)nc(-c2cc(-c3ccc(-c4cc(C#N)nc(C#N)n4)cc3)c(C#N)c(=N)[nH]2)n1)C1CCN(C(C#N)c2ccc(C#N)cc2)CC1,32.09
N#Cc1c[nH]c(-n2ccc(Br)c2C#N)nc1=NCCc1cocn1,33.5
N#Cc1ccc(-c2ccc(-c3nc4cc(C#N)ccc4[nH]3)cc2)cc1,14.85
CC(Oc1nc(C(O)CF)c(-c2nc(-c3cccc(C#N)n3)nn2CC2CCC2)cc1C#N)c1cc(C#N)ccn1,26.82
N#Cc1ccc(-c2ncc(-c3cc(F)cc(-n4nccc4C#N)c3)cc2C#N)cc1,10.29
N#Cc1ccc(-c2cc(-c3ncccc3C#N)cc(-c3ccc(-c4nc(C#N)c(C#N)nc4-c4ccc(C#N)cc4)cc3)n2)cc1,15.72
CC#CC(=O)NC1CC(C)N(c2nc(-c3cnc(OC(C)C)c(C#N)c3)nc(-c3cccc(C#N)n3)n2)C1,19.75
CNc1nnc(-c2ccc(F)c(-c3ccnc(-c4ccc(C#N)cc4)c3)c2)nc1C#N,16.64
COCC1CN(C)C(=O)N1CC(=O)N1CC(C)(C)c2cc(C#N)c(-c3ccc(-c4ccc(C#N)c(C#N)c4)cc3)cc21,20.24
N#Cc1cccc(-c2nc(C#N)c(C#N)nc2-c2ccc(-c3cccc(-c4nc(C#N)ccc4C#N)c3)cc2C#N)c1,19.4
Cc1nc(N(C)CCO)c(C#N)nc1-c1nc(-c2ccc(-c3ccc(C#N)n3C)cc2)c(C#N)c(-c2cc(-c3cccc(C#N)n3)ccc2C#N)n1,34.81
N#CC(C#N)=c1ccc(=Cc2[nH]c(-c3ccc(F)cc3)nc2N)nc1,18.9
CCCCCCCCOc1ccc(-c2cc(-c3ccc(-c4ccc(C#N)cc4)cc3)nc(-c3ccc(-c4ccc(C#N)cc4)cc3)n2)cc1,21.59
Cc1cn(-c2nc(-c3cnc(C#N)c(C#N)c3)nc3cnc(-c4ccc(C#N)c(C#N)c4)cc23)c(C)n1,21.23
COc1ccc(C(C#N)c2nc(-c3nc(-c4ccc(-c5ccc(C#N)cc5)cc4)nc(-c4ccc(-c5ccc(C#N)cc5)cc4)n3)c(NCC3CCC3)s2)cc1C#N,36.32
Cc1nc(C#N)cn1CCCn1c(C#N)ccc1-c1ccc(-c2ccc(-c3cc[n+](-c4cc(-c5ccc(-c6ccc(C#N)cc6)cc5)nc(-c5ccc(C#N)c(F)c5)n4)c(C#N)n3)cc2)cc1,33.56
COCc1nc(-c2ccc(-c3ccc(C#N)nc3)cc2)nc(-c2cccc3c(-c4ccc(F)cc4F)c(C#N)c(-c4ccc(C#N)nc4)nc23)n1,35.9
N#Cc1cc(C(C#N)c2cc(C#N)c(-c3nc(-c4cc(C#N)c(C#N)c(C#N)n4)ccc3F)nc2C#N)c(C(F)(F)F)nc1C#N,26.79
N#Cc1ccc(-c2ccc(-c3nc(-c4ccc(C#N)cc4)nc(-c4cc(-n5nncc5C#N)nc(C#N)c4C#N)n3)cc2)cc1,14.43
N#Cc1cncc(-c2cc(-c3ccc(-c4nc(Cl)nc(Cl)n4)cc3)cc(-n3cc(Oc4ccc(C#N)c(C#N)c4)c4ccc(C#N)nc4c3=O)c2)n1,38.21
CC1=C(C#N)C(OC#N)=C(CO)C1,30.09
N#Cc1ccc(-c2cc(-c3cnc(C#N)c(C#N)c3)cc(-c3c(-c4ccc(F)cc4)c(C#N)c(N)c4c(-c5cncc(C(F)(F)F)n5)noc34)n2)cn1,39.26
N#Cc1cccc(-c2ccc(-c3cc(C4CCN(C5COC5)CC4)nc(-c4cnc(C#N)c(C#N)c4)n3)cc2)n1,20.14
N#CCN=c1[nH]c(-c2cc(C#N)c(=Nc3cnn(CC(F)F)c3)[nH]n2)cc(-c2cn(C#N)c(C#N)c2F)c1C#N,30.61
N#CCn1cc(CNCc2nc(-c3ccc(C#N)cc3)nc(-c3cnc(C#N)c(C#N)c3)n2)cc1C#N,18.2
N#CCc1ccc(-c2nc(-c3cnc(C#N)c(C#N)c3)nc(-c3cnn(-c4ccc(C#N)cc4)c3)n2)cc1C#N,15.28
Cc1c(C#N)cc(-c2nc(-c3cccc(C#N)n3)nc3nc(-c4ccc(C#N)c(F)c4)nn23)cc1C#N,15.89
N#Cc1ccc(-c2nc(-c3ccc(C#N)cc3)nc(-c3ccc(C=Nc4cc(O)c(N)cc4O)cc3)n2)cc1,11.94
N#Cc1cc(-c2nc(C3CC3)[nH]c2C#Cc2cccc(F)c2F)cnc1C#N,15.37
N#Cc1ccc(-c2ccc(-c3cc(-c4ccc(C#N)cc4)cc(-c4cc(-c5ccc(-c6ccc(C#N)cc6)nc5)nc(-c5ccc(C#N)cc5)n4)n3)cc2)cc1,13.22
N#Cc1nccc(-c2nc(-c3cc(F)c(C#N)c(C#N)c3)nc(N3CC4CCC(C3)O4)n2)n1,15.33
N#Cc1ccc(-c2cc3nc(-c4ccc(-c5cnc(C#N)c(C#N)c5)c(C#N)c4)nc(C#N)c3c(-n3cc(C#N)nn3)n2)cc1,31.24
CC(C)Oc1ncc(-c2nc(-c3cc(C(F)(F)F)nc(C#N)c3CO)no2)cc1C#N,21.23
COc1ccc(CNC(=O)C(O)C(F)(F)F)cc1-c1cccc(-c2nc(-c3ccc(Cl)cc3)c(-n3ccnc3)nc2Cl)c1O,40.2
Cc1c(CCO)cc(C#N)nc1-c1nc(-c2cnc(C#N)c(C#N)c2)nc(N2CCOCC2C)n1,19.71
N#Cc1ccc(-c2cncc(-c3nc(-c4cnc(C#N)c(C#N)c4)nc(-c4cc(C#N)c(C#N)[nH]4)n3)c2)cc1,13.86
N#Cc1ccnc(-c2cc(-c3ccc(-c4nc(C#N)c[nH]4)nc3)cc(-n3nc(C#N)cc3C#N)c2)n1,16.87
N#Cc1nc(-c2ccc(-c3ncc(-c4ccc(-c5nc(C#N)c(C#N)nc5C#N)cc4)c(C#N)n3)nc2C#N)ccc1N,23.13
N#Cc1cccc(-c2nc(-c3cnc(C(F)(F)F)c(C#N)c3)nc(N3CC4(CCCC4)C3)n2)n1,16.41
N#Cc1ccc(-c2nc(CC3CC3)cc(-c3noc(-c4cc(C#N)c(C#N)c(C#N)n4)n3)n2)cc1,26.43
Cc1nc(C(F)(F)F)nc2c(-n3nc(-c4ccc(Cl)c(Cl)c4)cc3C#N)ccc(-c3nc(-c4ccc(C#N)cc4)nc(-c4ccc(-c5ccc(C#N)cc5)cc4)n3)c12,29.53
N#Cc1ccc(-c2ccc(-c3nc(-c4ccc(C#N)n4-c4ccc(F)c(-c5ccc(C#N)nc5)c4)cc(-c4ccc(C#N)cc4)c3C#N)cc2)cc1,20.52
N#Cc1nc(-c2ccccn2)cc(-c2ccc(F)c(C#N)c2F)c1C#N,11.38
N#Cc1ccc(-c2nc(-c3cccc(-c4cnc(C#N)nc4)c3)c(C#N)c(=Nc3ccc(-c4ccncc4)nc3)[nH]2)cn1,31.85
N#Cc1ccc(NC(=O)c2cc(-c3cnc(-c4cnc(C(F)(F)F)c(C#N)c4)c(C#N)n3)nc(-c3cc(C#N)c(C#N)[nH]3)n2)cn1,23.93
N#CCCCOCCOc1ccc(-c2cc(C#N)c(C#N)c(C#N)n2)nc1-c1ccc(C#N)nc1,22.14
N#Cc1ncc(-c2cc3c(-c4cnc(C(=O)N5CCC(F)(F)C5)c(C#N)c4)nc(C#N)nc3c(C3=CCOCC3)n2)cn1,24.71
N#Cc1ccc(C(Oc2ncc(-c3nc(-c4nc(C#N)ccc4C#N)nc(N4CC5CC4C5)n3)cc2C#N)C(F)F)nc1,16.64
N#Cc1cc(C#N)c(C#N)c(Oc2ccnc(-c3cnc(-c4cnc(C#N)c(C#N)c4)c(C#N)c3)c2)c1,25.0
CC(C)n1nc(-c2cccc(-c3cc(C#N)c(F)cc3C#N)c2)nc1-c1cnc(C#N)c(C#N)c1,14.7
Cc1nc(-c2ccc(C#N)c(F)c2)c(C#N)cc1-c1ccc(-c2ccc(-c3ccc(C#N)c(C#N)c3)c(C#N)n2)c(C#N)c1,20.49
N#Cc1ccc(-c2nc(F)c(-c3nc(-c4c[nH]c(=N)c(C#N)c4)nc(N4CC5CC4C5)n3)cc2C#N)cc1C#N,20.24
CN(C)C(=O)c1cccc(-c2nccc(-c3nc(-c4ccc(-c5cc(Cl)cc(Cl)c5)s4)n(-c4ccc(C#N)cc4F)n3)c2C#N)c1,29.32
CC(Oc1ncc(-c2nc(-c3ccc(C(F)(F)F)nc3)cc(N3CC4CC3CS4(=O)=O)n2)cc1C#N)C(F)F,31.84
N#Cc1ccc(-c2cc(-c3ccc(-c4csc(C#N)c4)cc3)c(C#N)c(C#N)n2)nc1,17.84
N#Cc1ccc2c(-c3nc(-c4c5ccccc5c(C#N)c5ccccc45)nc(-c4c5ccccc5c(C#N)c5ccccc45)n3)cccc2c1,15.41
N#Cc1ccc(-c2nc(-c3ccc(-c4ccc(C#N)cn4)nc3)nc(-c3ccc(-n4nccc4C#N)cc3C#N)n2)cc1,11.97
COC1CCN(c2nc(-c3ccc(C)c(C#N)c3)nc(-c3cccc(C#N)n3)n2)CC1C(N)=O,17.07
N#CC(C#N)=c1ccc(=C(C#N)c2nc(C(C#N)=c3ccc(=C(C#N)C#N)cc3)nc(-c3ccc(-c4ccc(-c5ccc(C#N)c(F)c5)cc4)[nH]3)n2)cc1,18.36
N#Cc1nc(-c2ccc(C#Cc3ccnc(N4Cc5cnc(OCC6CC6(F)F)cc5C4)n3)cc2)c(C#N)nc1N,38.67
COc1nc(-c2ccc(-n3c(-c4ccc(-c5ccc(C#N)cc5)cc4)nc(-c4ccc(C#N)cc4)c3C#N)cc2C#N)ccc1-c1nc(C#N)c(C#N)nc1C#N,24.32
Cc1noc(-c2ccc(Nc3nc(-c4ccc(C#N)c(-c5c(F)c(F)c(F)c(F)c5F)c4)nc(C#N)c3C#N)cc2)n1,20.55
CN(C)CCCNC(=O)c1ccc(-c2nc(-c3ccc(-c4ccc(C#N)cn4)nc3)c(C#N)c(-c3cc(C#N)c(N)c(C#N)n3)n2)cc1,24.96
N#Cc1cncc(-c2cc(-c3ccc(C#N)nc3)cc(C#N)n2)c1,13.71
CSc1ccc(-c2ncc(-[n+]3ccc(-c4ccncc4)cc3)nc2-c2ccc(C#N)cc2)cc1,13.83
N#Cc1cccc(-c2ccc(-c3nc(CN4CCN(c5ncccn5)CC4)co3)cc2)c1,23.23
N#Cc1ccc(-c2ccc(-c3nc(-c4ccc(C#N)cc4)cc(-c4cc(-c5ccc(C#N)cc5)cc(-c5ccc(C#N)cc5)n4)n3)cc2)cc1,12.82
N#Cc1ccc(-c2ccc(-c3nc(-c4ccc(C(N)=O)c(C#N)c4)nc(-c4ncc(C#N)c(C(F)F)n4)n3)nc2)cc1,28.7
N#Cc1ccc(-c2ncc(-c3cc(F)c(-n4nc(CC(F)(F)F)cc4C#N)cc3F)cc2C#N)cc1F,25.67
COc1cc(-c2cnc(C#N)c(C#N)c2)ccc1N=c1nc(-c2cc(C#N)ccn2)cc[nH]1,17.1
N=C(N)c1ccc(-c2csc(-c3ccc(C=Nc4cc(O)c(N)cc4O)cc3)n2)cc1,15.25
Cc1cc(C#N)n(-c2ccc(-c3csc(-c4ccc(C#N)c(C#N)c4)n3)nc2)n1,22.1
N#Cc1cccc(-c2cc(-c3ccc(-c4ccc(C#N)nc4)cc3)nc(-c3cccc(C#N)n3)c2)c1,19.66
N#Cc1ccc(-c2cc(-c3cc(F)c(F)c(-c4cncc(-n5cc(C#N)cc5C#N)c4)c3F)ccn2)c(F)c1,22.1
CC(C)N1CCC(c2ncc(-c3nnn(-c4cc(C#N)cc(-c5cnc(OC6CCOCC6)c(C#N)c5)c4)n3)cc2C#N)CC1,29.36
N#CCn1c(C#N)cnc1-c1cc(-c2cnc(C#N)c(C#N)c2)cc(-n2cnc3cc(C#N)cnc32)n1,23.69
N#Cc1ccc(-c2ccc(-c3cc(-c4ccc(C#N)cn4)nc(-n4c(C#N)ccc4C#N)c3C#N)cc2)cc1,17.09
N#Cc1ccc(-c2nc(C#N)c(C#N)nc2-c2ccc(-c3cc(F)cc(-c4nccc(C#N)n4)c3)cc2)cc1,12.61
Cc1ncc(-c2nc(-c3nc(C#N)c(-c4cnc(C#N)c(C#N)c4)nc3-c3c[nH]c(=N)c(C#N)c3)nc(N3CC4CC3C4)n2)cc1C#N,20.65
N#Cc1ccc(-c2ccc(-c3cc(-n4nc(C#N)nc4-c4cccc(-c5ccc(F)c(F)c5F)n4)nc(C#N)n3)cc2C#N)cc1,22.43
COCn1ncc(-c2nc(-c3ccc(-c4ccc(C#N)cc4)cn3)n(-c3ccc(Cl)cc3)c2-c2c(F)c(F)c(C#N)c(F)c2F)n1,36.36
N#Cc1cc(C(C#N)c2ccc(-c3cnc(C#N)c(C#N)c3)cc2C(C#N)c2ncc(-c3cnc(N4CC(N)CC(F)C4)c(C#N)n3)nn2)ccc1F,40.86
N#Cc1cccc(-c2cc(-c3ccc(Br)s3)cc(C#N)n2)n1,21.17
N#Cc1nc(-c2cc(-c3ncccn3)cs2)c(=NC2CC(CO)C(O)C2O)[nH]c1C#N,22.62
CC1(C#N)CC(c2nc(-c3cnc(-c4ccc(C#N)cc4)c(C#N)c3)c(Cl)n2-c2ccc(C#N)c(F)c2)C1,28.92
CNc1c(C#N)nc(-c2nc(-c3ccc(Cl)c(Cl)c3)c(F)c(-c3ccc(-c4ccc(C#N)cc4)cn3)n2)n1CC#N,21.23
CCN1CCN(c2nc(-c3ccc(C(F)(F)F)c(C#N)c3)nc(-c3nc(C#N)ccc3C#N)n2)CC1,16.45
N#Cc1nnc(-c2ccc3c(c2)CCc2c(-c4ncc5ccccc5n4)cn(CC4C=CC(O)O4)c2-3)s1,50.23
N#Cc1ccc(-c2ccc(C#N)c(-c3ccc(-c4cc(F)c(C#N)c(-c5ccc(F)cc5)c4)nc3)c2)nc1,22.98
N#Cc1ccc(-c2nc(-c3ccc(-c4nn[nH]n4)c(F)c3)cc(-c3nc(C#N)c(NC(=O)c4cccc(C#N)c4)o3)n2)cc1,34.63
N#Cc1ccc(-c2cc(-c3ccc(-c4ncc(C#N)cc4Cl)cc3)cc(-c3ccc(C#N)c(F)c3)n2)nc1,24.81
N#Cc1ccc(-c2ccnc(-c3cnc(-c4ccc(C#N)c(F)c4)c(C#N)c3)c2)cn1,15.9
N#Cc1ccc(-c2nc(-c3cnc(-c4ccc(C#N)c(F)c4)c(Cl)c3)cc(-n3ccnc3)n2)cc1,26.3
COc1cc(C=NN=c2[nH]c(-c3ccccc3)cs2)cc(OC)c1OC,20.14
CN(CC#N)c1nc(-c2cnc(C#N)c(C#N)c2)nc(-c2nc(C#N)c(-c3ccc(C#N)c(F)c3)nc2C2CC2)n1,22.92
N#Cc1cccc(-c2c(-c3ccc(-c4cc(C#N)nc(C#N)n4)nc3)nc(C(F)(F)F)n2C#N)c1,21.82
N#Cc1ccc(-c2cc(-n3nccc3C#N)nc(-c3ccc(-c4ccc(C#N)c(F)c4)cc3)n2)cn1,12.75
CCNC(=O)C1C2CN(c3cc(-c4ccc(Cl)c(OC(F)F)c4)nc(-c4cc(C#N)c(C#N)c(Cl)n4)n3)CC21,29.88
N#Cc1cccc(-c2ccc(-c3nn(-c4ccc(C#N)c(C#N)c4)nc3-c3cccc(C#N)n3)cc2)c1,17.36
CC(C)Oc1ncc(-c2nc(-c3ccc(C#N)cc3)cn2C)cc1C#N,9.79
N#Cc1ccc(-c2nc(C#N)nc(-c3ccc(-c4ccc(C#N)cc4-c4cncc(C#N)n4)cc3)n2)cc1,16.7
N#Cc1ccc(-c2noc(-c3cc(F)cc(-c4cccc(-c5nc(-c6cnc(C#N)c(C#N)c6)nc(-c6cnc(C#N)c(C#N)c6)n5)c4F)c3)n2)cc1,25.01
CC#CCOc1c(-c2ccnc(-c3ccc(C#N)c(C#N)c3)n2)ccc(-c2nc(-c3ccnc(C#N)c3)n(C)n2)c1F,26.44
N#Cc1ccc(C2(O)CCCC(NC(=O)c3c(C#N)ccc(-n4nccc4C#N)c3F)C2)nc1,26.07
CC(CC#N)n1ncnc1-c1cc(C#N)c(-c2ccc(F)c(C#N)c2)cn1,20.74
N#Cc1ccc(-n2cc(-c3cc(C(C#N)C#N)nc(-c4c(F)c(F)c(C#N)c(F)c4F)n3)nn2)cc1C#N,19.37
Cn1c(-c2cc(-c3ccc(C#N)nc3)nc(C#N)n2)cc(-c2ccc(C#N)cc2)c1-c1ccnc(-c2ccc(C#N)cc2)n1,17.1
N#Cc1ccc(-c2ncc(-c3nc(C#N)c(C#N)n3-c3cc(F)cc(-c4cc(C#N)nc(C(F)(F)F)n4)c3)cc2C#N)cn1,23.8
N#Cc1cc(-c2nc(-c3cnc(C#N)c(C#N)c3)nc(N3CC4(C3)CC4(F)F)n2)ccc1C1CC1,19.3
CN(C)c1ncc2c(=O)c(C#N)c(-c3ccc(-c4ccc(C#N)cc4)cc3)oc2n1,21.58
CC(C)c1c(CCC(O)CC(O)CC(=O)O)nn(-c2cc(-c3ccc(C#N)nc3)nc(-c3ccc(C#N)cc3)n2)c1-c1ccc(C#N)cc1,21.75
N#Cc1cc(-c2ccnc(-c3ccc(-c4ccc(C#N)c(C#N)c4)cc3)n2)cc(-n2nc(C(=O)O)cc2C#N)n1,16.77
N#Cc1ccc(-c2ccc(-c3nc(-c4ccc(-c5ccc(C#N)nc5-c5ccc(-c6ccc(C#N)nc6)nc5)cn4)[nH]c3C#N)cc2)cc1,25.46
Cn1c(-c2ccc(-c3ccc(C#N)cc3)cc2)nc(-c2cccc(C#N)n2)c1-c1ccc(C#Cc2nc(C#N)nc(N3CCN(C#N)CC3)n2)cn1,31.99
N#Cc1cc(-c2nc(N3CCOCC3)nc(N3CC4CCC(C3)O4)n2)ccc1-c1cnc(C#N)c(C#N)c1,16.7
N#Cc1ccc(-c2ccc(-c3cc(C#Cc4cnc(-c5ccc(-c6ccc(C#N)cn6)nc5)nc4-c4ccc(C#N)c(C#N)c4)nc(-c4ccc(-c5ccc(C#N)cc5)cc4)n3)cc2)cc1,15.82
N#CCc1nc(-c2ccc(C#N)cc2)nc(-c2cc(C#N)c(C#N)c(C#N)n2)n1,12.57
N#Cc1ccc(-c2cc(C#N)nc(-c3cc(-c4ccccn4)nc(-c4cccc(C#N)n4)n3)c2)cc1,13.84
CC(C)Oc1ncc(-c2nc(-c3cc(-c4cnc(C#N)c(C#N)c4)cc(C#N)n3)nc(N3CC4CC3C4O)n2)cc1C#N,15.13
Cc1cc(-c2cc(C#N)c(-c3ccc(C#N)c(C#N)c3)s2)ccc1-c1nc(C(F)(F)F)c(-c2ccc(N)c(C#N)n2)o1,25.76
CC(CS(C)(=O)=O)(Oc1c(F)cc(-c2nc(-c3cccc(C#N)n3)nc(N3CCOCC3)n2)cc1C#N)c1ccc(OC(F)(F)F)cc1C(F)(F)F,28.17
Cc1ncc(-c2nc(-c3cccc(C#N)n3)nc(N3CCC(c4ccc(C#N)cn4)CC3)n2)cc1C#N,15.26
Cc1ccc(-c2c(-c3ccc(C#N)cc3)nc(-c3ccc(-c4ccc(C#N)cc4)nc3)n2CO)cc1,18.57
Cc1nc(-c2csc(C#N)n2)cc(C#N)c1-c1cnc(-c2ccc(-c3cc(C#N)n(-c4cccc(Cl)c4Cl)n3)c(C(=O)O)n2)cc1C#N,34.53
CC(Oc1c(C#N)cc(-c2nc(-c3cccc(C#N)n3)nc(N3CCC(N)CC3)n2)cc1C#N)c1ccc(C#N)cc1,17.66
N#CCCn1ncc2nc(C(=O)Nc3ccc(-c4cccc(-c5ccc(C#N)cc5)n4)cc3)cnc21,33.6
N#Cc1ccc(-c2cc(-c3ccc(C#N)cc3)nc(-c3cc(-c4cccc(C#N)n4)cnc3-c3ccc(C#N)cc3)c2)cc1,12.89
CC(C)n1c(-c2cc(C#N)ccc2N=c2nc(-c3ccc(C#N)cc3)nc(-c3ccc(C#N)nc3)[nH]2)nc2sncc21,38.72
N#Cc1ccc(-c2cc(-c3nccc(C#N)n3)[nH]c(=N)c2C#N)cn1,13.79
CC(C)Oc1ncc(-c2nc(-c3cccc(C#N)n3)nc(C3CCC(CO)CC3)n2)cc1C#N,17.12
CC(=NOc1ccc(C#N)c(C(F)(F)F)c1)c1sc(-c2ccc(C#N)cc2)nc1C,29.74
N#Cc1ccc(-c2cccc(-c3ccc(-c4nc(C#N)ncc4-c4cnc(N)c(C#N)n4)cc3)n2)cc1,21.17
N#Cc1cncc(-n2ccc3oc(=Nc4ccc5c(c4)OCCO5)ccc32)c1,37.76
N#Cc1ccc(-c2ccc(-c3nsc(-c4cc(C#N)c(C#N)c(C#N)n4)n3)cc2)cc1C#N,13.14
N#Cc1ccc(-c2csc(-c3ccc(-c4ccc(C#N)nc4-c4ccc(C#N)nc4)cc3)n2)cc1,15.0
N#Cc1cccc(-c2cc(-c3ccc(CNC4(c5cc(F)cc(F)c5)CCCC4)cc3)nc(C#N)n2)n1,25.22
N#Cc1ccc2c(-c3ccc(-c4cc(-c5ccc(-c6ccc(C#N)nc6)nc5)ccc4C#N)cc3)nc(Cl)[n+]([O-])c2c1,24.06
N#Cc1cccc(-c2nc(-c3cnc(C#N)c(C#N)c3F)nc(N3CC4CC3CO4)n2)n1,15.99
CCc1cc(-c2cnc(-c3ccc(C#N)c(F)c3)c(C#N)c2)nc(-c2cc(F)c(F)c(C#N)c2F)n1,18.14
C#CCn1c(C#N)ccc1-c1ccc(-c2ccc(-c3nc(-c4ccc(-c5ccc(C#N)cc5)cc4)cc[n+]3-c3cc(-c4ccc(-c5ccc(C#N)cc5)cc4)nc(-c4ccc(C#N)cc4)n3)cc2)cn1,20.39
N#Cc1ccc(OCC(=O)Nc2cc(Cl)ccc2C#N)cc1,21.62
N#Cc1ccccc1-c1nc(-c2cnc(N)c(C#N)n2)nc(OCc2ccc(-c3nc4ccccc4s3)cc2)c1C#N,28.97
CCc1nc(-c2cnc(C#N)c(C#N)n2)c(C#N)cc1-c1nc(N2CC3CCC(C2)O3)nc(-n2ccc(-c3ccn(C)c3)n2)n1,32.75
N#Cc1cccc(-c2cnc(C#N)nc2-c2ccc(-c3ccc(N)c(C#N)n3)cc2)n1,14.5
N#Cc1ccc(-c2nc(-c3cnc(C#N)nc3)c(F)c(-c3ccncn3)n2)cc1,17.44
Cc1c(C#N)c(=O)n(-c2ccc(C#N)cc2)n1CC#N,19.96
COc1ccc(-c2ccc(C#N)c(F)c2)cc1-c1cc(C#N)n(-c2cc(-c3ccc(C#N)c(C#N)n3)c(Cl)c(C#N)n2)n1,32.6
N#Cc1ccc(-c2ccc(-c3c(C#N)c(C#N)c(-c4c(F)c(F)c(C#N)c(F)c4C#N)n3-c3cccc(-c4cnc(C#N)c(C#N)c4)c3)cc2)cc1,25.07
CCC(C(N)=O)n1nc(C#N)nc1-c1cnc(C(C)C#N)c(C#N)c1,18.25
N#Cc1ccc(-c2cc(-c3ccc(-c4ncccc4C#N)nc3)nc(-c3ncc(N)c(C#N)n3)c2)cc1,23.41
CC1(C)CC(C)(C)c2cc(NC(=O)C3=CSC(=NC(=O)c4ccc(-c5cccc(-c6ccc(-c7ccc(C#N)cc7)cc6C#N)c5)nc4)CC3)ccc2O1,49.05
Cc1c(-c2ccc(Oc3nc(-c4ccc(-c5ccc(C#N)cc5)cc4)cc(-c4ccc(-c5ccc(C#N)cn5)cc4)n3)cc2)csc1CC(=O)O,28.67
N#Cc1cncc(-c2cc(C#N)cc(-c3nc(C#N)c(N4CCOCC4)nc3C#N)c2)c1,22.54
Cn1c(C#N)cnc1C=C(C#N)c1nc(-c2ccc(-c3ccc(C#N)cc3)cc2)nc(-c2cccc(C#N)n2)n1,19.9
Cc1nc(-c2cc(F)c(C#N)c(-c3ccc(C#N)cc3)n2)ccc1-c1cc(-c2ccc(C#N)cc2)nc(-c2ccccc2Cl)c1O,34.09
N#Cc1ccc(-c2ccc(-c3cc(-c4cc(-c5cnc(C#N)c(C#N)c5)nc(-c5ccc(C#N)cc5)n4)nc(-c4ccc(-c5ccc(C#N)cc5)cc4)n3)cc2)cc1,13.92
N#Cc1cc(-c2nc(-c3cccc(C#N)c3F)nc(C3CCC3)n2)cnc1C#N,16.39
N#Cc1ccc(-c2ccc(-c3ncc(C#Cc4cc(-c5ccc(C#N)cc5)nc(-c5ccc(-c6ccc(C#N)cc6)nc5)n4)c(-c4ccc(C#N)cc4)n3)cc2)cc1,17.16
COc1cc(N(C)c2nc(-c3ccc(C#N)cc3)nc(-c3ccc(-c4ccc(C#N)c(C#N)c4)nc3)n2)ccc1-c1cnco1,27.04
N#Cc1ccc(-c2ccc(-c3nc(-c4cccc(-c5ccc(-c6nc(C#N)c(C#N)nc6-c6ccc(C#N)cc6)cc5)c4)oc3C#N)cc2)cc1,17.19
N#Cc1cnc(-c2nc(-c3cnc(C#Cc4cccc(F)c4F)s3)nc(N3CC4CC3CO4)n2)c(Cl)c1,32.38
N#Cc1cc(C#N)nc(-c2ccc(Oc3ccc(C#N)c(C#N)c3)cc2)c1,23.31
CNC(=O)c1nc(-c2ccnc(C#N)c2)c(C#N)cc1-c1nc(-c2ccccn2)cs1,27.12
N#Cc1ccc(-c2nc(-c3ccc(-c4ccc(C#N)c(C#N)c4)nc3)c(C#N)c(-c3ccc(-c4ccoc4)cn3)n2)cc1,21.94
CN1CCC(n2nc(-c3cccc(-c4ccc(C#N)cc4)c3)nc2-c2cnc(CC#N)c(C#N)c2)CC1,14.91
N#Cc1ccc(-c2noc(-c3ccc4c(c3)c(C#N)c(-c3ccc(C#N)cc3)n4-c3cccc(C(NO)c4cc(C#N)ccc4C#N)c3F)n2)cc1,39.3
N#Cc1ccc(-n2cc(CC(C#N)NC(=O)C3NC4C5CCC4C3C5)c3ccccc32)nc1,33.53
N#Cc1ccc(-c2ccc(-c3nc(-c4cnc(C#N)c(C#N)c4)nc(N4CCOCC4CF)n3)cc2Cl)nc1,20.95
Cn1c(-c2coc(-c3ccc(C#N)cc3)n2)cc(-c2ccc(C#N)cc2)c1-c1ccnc(C#N)c1,20.25
N#Cc1cccc(-c2nc(-c3ccc(-c4ncc(N)c(C#N)n4)nc3)c(C#N)s2)c1,23.94
N#Cc1ccc(-c2ccc(-c3ccc(-c4cn(CC(=O)O)c(-c5cccc(C(F)(F)F)c5F)n4)c(C(=O)O)c3)cc2C#N)cc1,23.03
CC(C)(O)c1ncc(-c2nc(-c3cccc(C#N)n3)nc(N3CCC(O)(CCOC(=O)N4CCCC4)CC3)n2)cc1C#N,29.47
N#Cc1ccc(-c2ncc(-c3cccc(-c4cc(-c5ccc(C#N)nc5)nc(C#N)n4)c3)cc2C#N)cc1,12.25
CCCCc1nc2ccc(-c3ccc(C#N)nc3)cc2c(=O)n1Cc1ccc(-c2ccc(C#N)cc2-c2nnn(C)n2)cc1,23.11
COc1cc(CCNCc2nc(-c3cncc(C#N)c3)ncc2Br)ccc1Br,26.14
CC(C)C(C#N)(C#N)Nc1cc(-c2nc(-c3cc(-c4nc(N=CN(C)C)c(C#N)c(CCc5ccc(C#N)c(C#N)c5)c4F)ccc3Cl)nn2C)ccc1C#N,49.79
N#Cc1ccc2c(-c3cnc(C#N)c(C#N)c3)nc(-c3ccc(-c4ccc(N)c(C#N)n4)cc3)nc2n1,21.74
COc1cc(-c2ccc(C#N)c(F)c2)ccc1-c1nc(-c2ccc(C#N)cc2)nc(-c2cc(-n3cc(C(F)(F)F)cn3)nc(C#N)c2C#N)n1,22.73
Cc1ncc(C#N)n1-c1cncc(-c2nc(C#N)nc(-c3ccc(C#N)nc3)c2F)c1,12.46
CC(C)Oc1ncc(-c2n[nH]c(-c3ccc(-c4ccc(S(C)(=O)=O)cc4)cc3)n2)cc1C#N,23.74
CC(C#N)Oc1ncc(-c2nc(-c3cnc(-c4ccc(O)cc4)c(C#N)c3)cc(=O)n2C2CC2)cc1C#N,27.77
N#CC(=Cc1ccc(-c2ccc(C#N)c(C#N)c2)nc1)c1nc(-c2ccc(C#N)cc2)nn1-c1cc(-c2ccc(C#N)cc2)cc(-c2ccc(C#N)cn2)n1,20.26
CC(Oc1ccc(-c2nc(-c3cccc(C#N)n3)nc(N3CCOCC3)n2)cc1C#N)c1ccc(C#N)cn1,14.83
N#Cc1ccc(-n2ccnc2-c2cc(-c3ccc(S(N)(=O)=O)cc3)c(C#N)c(-c3cccc(C#N)n3)n2)c(F)c1,29.88
N#Cc1cc2c(-c3ccc(-c4cc(F)cc(F)c4)cc3)ccc(C(N)=O)c2c(C2CC2)n1,27.96
N#Cc1ccc(-c2ccc(-c3nc(-c4ccc(C#N)c(C#N)c4)c(CO)c(C(F)(F)F)n3)cc2C#N)cc1C#N,25.87
N#Cc1cccc(-c2ccc(-c3nc(-c4ccc(Cl)nc4)cc(-c4ccc(-c5cc(C#N)c(C#N)cc5C#N)nc4)n3)cc2F)n1,27.92
N#Cc1ccc(-c2nc(-c3cc(C#N)c(C#N)c(C#N)c3)[nH]c(=NCC3CC3)n2)cc1,17.29
N#Cc1cc(N2CCC(F)(F)C2)nc(-c2nc(-c3cc(C#N)c(C#N)c(C#N)n3)ccc2C2CCOCC2)n1,17.7
N#Cc1ccc(Nc2oc(-c3ccc(-c4ccc(C#N)s4)o3)nc2C#N)cc1,19.38
Cc1nnc(-c2cnc(-c3ccc(-c4ccc(C#N)cc4)nc3)c(-c3ccc(C#N)cc3)c2)n1-c1ccccc1F,21.62
Cc1cc(C#N)ccc1N=c1nc(C#N)[nH]c(CCCN(C)c2nc(C#N)cc(-c3c(Cl)cc(N(CC#N)C(=O)OC(C)(C)C)cc3Cl)n2)c1C#N,44.79
N#CC(=N)c1ccc(Sc2[nH]c(=N)c(C#N)c(-c3ccc(C#N)cc3)c2C#N)cc1,21.83
N#Cc1ccc(-c2nc(-c3ccc(C#N)c(C#N)c3)nc(-c3cnnc(Cl)n3)n2)cc1,19.69
N#Cc1cc(-c2ccc(-c3cnc(C#N)c(C#N)c3)cc2)cc(-c2cc(-c3cnc(N)c(C#N)n3)nc(C#N)n2)c1,16.03
N#Cc1ccc(-c2ccc(Cn3c(-c4ccc(C#N)cc4)cc(C#N)c3-c3cc(-c4ccc(C#N)cc4)nc(-c4cccc(C#N)n4)c3)cn2)cc1,24.27
N#Cc1ccc(-c2cc(C#N)c(-c3ccc(C#N)cc3)c(-c3cc(-c4ccc(C#N)cc4)nc(-c4ccc(C#N)cc4)n3)c2)cc1,17.52
COC1CN(c2nc(-c3cccc(-c4cncc(C#N)n4)c3)cc(-c3cc(C#N)c(C#N)c(C#N)c3)n2)CCC1N,24.77
N#Cc1cc(-c2nc(-c3ccc(-c4noc(C#N)n4)c(F)c3)cc(-c3ccc(C#N)c(F)c3)c2F)cc(-n2nc(C(=O)O)cc2C#N)c1,23.4
N#Cc1ccc(-c2ccc(-c3nc4c(-c5ccc(C#N)cc5)cncn4c3C#N)cc2)cc1,18.07
N#Cc1ccc(-c2ccc(C#N)c(CNC(=O)c3nnc(-c4ccc(C#N)cc4Cn4nccc4C#N)cc3-c3ccc(C#N)cc3)n2)cc1,34.16
Cc1ncc(-c2nc(CNS(=O)(=O)c3ccc(F)cc3F)nc(-c3cccc(C#N)n3)n2)cc1C#N,14.71
N#CC1=CC(c2ccccc2C#N)=Nc2nc(C(F)(F)F)nc3c2C(F)=C(F)C(C#N)=C(F)C3=C1C#N,28.94
N#Cc1ccc(-c2nc(C#N)c(C#N)nc2-c2ccc(-c3cc(-c4ccc(C#N)c(C#N)c4)nc(-c4cnc(C#N)c(C#N)c4)n3)cc2)cc1,20.23
N#Cc1cc(-c2nc(C(N)=O)c(-c3cc(-c4ncccn4)nc(-c4cnc(N)c(C#N)n4)n3)s2)cc(C#N)c1C#N,23.36
N#Cc1ccc(-c2ccnc(-c3cc(-c4ccc(C#N)nc4)nc(-c4ccc(C#N)nc4)n3)c2)cc1,16.93
N#Cc1ccnc(-c2cc(-c3ccc(C#N)nc3)cc(C#N)c2-c2ccc(-c3cc(F)c(C#N)c(F)c3)nc2)c1,25.52
N#Cc1ccc(-c2cc(-c3c(C#N)nnn3-c3ccc(-c4cnc(C#N)c(C#N)c4)cc3C#N)nc(-c3ccc(C#N)cc3)n2)cc1,16.73
CNc1c(C#N)nc(-c2cc(-c3ccc(C#N)cn3)nc(-n3cc(-c4ccc(-c5ccnc(C#N)c5)nc4)nn3)c2)n1-c1ccc(S(C)(=O)=O)cc1,28.84
N#Cc1cc(-c2nccc(-c3cc(N)cc(-c4ccc(-c5cc(C#N)c(C#N)c(C#N)n5)nc4)c3)n2)cnc1C(F)(F)F,22.97
N#CCOc1ccc(-c2ncc(-c3nc(N4CCOCC4)nc(N4CCC(F)(C#N)C4)n3)cc2C#N)cc1F,22.72
N#Cc1ccc(-c2nc(N3CCN(C4CCC4)CC3)c(-n3nc(C#N)cc3C#N)c(F)c2C#N)cc1,26.83
COc1cccc(C=CC(=O)c2c[nH]nc2C(F)(F)F)c1,27.54
COc1cncc(-c2nc(-c3cnc(N4CCNCC(F)C4)c(C#N)c3)nc(N3CCC3)n2)n1,25.74
Cn1ccc2ccc(C=Cc3nc(C4CC4)c(C#N)cc3-c3n[nH]c(-c4cnc(C#N)c(C#N)n4)n3)cc21,31.08
N#Cc1ccc(-c2cc[n+](-c3nc(-c4ccc(C#N)cc4)cc(-[n+]4ccc(-c5ccncc5)cc4)n3)cc2)cc1,10.45
NC(=O)c1c(Cl)ccc(-c2c[nH]c(-c3ccc(-c4cccc(Cl)c4F)nc3-c3ccc(Cl)cc3)n2)c1Cl,34.75
N#Cc1ccc(-c2cc(-c3nc(-c4ccc(-c5ccc(C#N)cn5)nc4)nc(-n4nccc4C#N)n3)cc(-c3ccc(C#N)cc3)n2)cc1,14.03
N#Cc1ccnc(-c2cc(-c3ccc(C#N)c(F)c3)cc(-c3ccc(-c4nc(C#N)c(C#N)nc4C#N)c(F)c3)c2)n1,21.56
N#Cc1cccc(-c2ccc(-c3cc(C#N)nc4[nH]cc(-c5ccc(CO)cc5)c34)cc2)c1,24.12
Cn1nncc1-c1ccc(-c2nnc(C#N)o2)c(F)c1F,24.59
N#Cc1ccc(-c2nc([N+](=O)[O-])nn2Cc2cccc(C#N)c2)cc1,18.52
CCOc1nc(-c2ccc(C#N)cc2)cc(-c2c(C#N)c(C#N)[nH]c(=O)c2-c2ccc(F)cc2)c1C#N,22.09
COc1ccnc(-c2[nH]c(=NC(=O)c3cc(-c4ccnc(C#N)c4)nc(-c4ccc(C#N)cn4)c3)ccc2F)c1F,29.82
COc1cc(C#N)c(C#N)cc1Nc1c(C#N)c(C#N)[nH]c(=O)c1C#N,21.83
CC1CC(C(O)Nc2cc(-c3cccc(C#N)n3)nc(-c3cc(C#N)c(C#N)c(C#N)n3)n2)C(=O)O1,23.7
CC(=O)N=c1nc(-c2ccc(-c3cnc(C4CC4)nc3-c3cnc(C#N)c(C#N)n3)cc2)[nH]c(-c2c(F)c(F)c(C#N)c(F)c2F)n1,22.86
N#Cc1cc(Cn2nc(-c3cnc(CN4CCC(O)C4)c(C#N)c3)nc2-c2cc(C#N)c(C#N)[nH]2)nc(-c2cnc(C#N)c(C#N)c2)n1,25.98
N#Cc1ccc(-c2ccc(-c3nc(C#N)c(-c4ccc(-c5nc(C#N)no5)c(C#N)c4)nc3-c3ccc(C#N)cn3)cc2)cc1,25.46
N#Cc1c(C=Cc2ccc(F)cc2F)cc[nH]c1=O,23.47
CN1C(=O)C2CC1CN2c1nc(-c2ccc(-c3cncc(C#N)c3)c(C#N)n2)nc(-c2cc(C#N)c(C#N)c(C#N)n2)n1,20.92
CC(C)n1nc(-c2cnc(-c3ccc(C#N)cc3)c(C#N)c2)nc1-c1cnc(OC(C)(C#N)C(F)(F)F)c(C#N)c1,23.24
N#Cc1ccc(N=c2cc(C#N)c(C#N)c(-c3ccc(C#N)c(C#N)c3)[nH]2)cc1,13.91
N#Cc1ccc(-c2c[nH]c(-c3ncc(-c4ccnc(C#N)n4)cc3C#N)n2)nc1,20.69
N#CCc1ncc(-c2nc(-c3cccc(C#N)n3)nc(N3CCOCC3)n2)cc1C#N,9.79
N#Cc1ccc(-c2ccc(-c3nc(-c4ccc(-c5ccc(Cl)c(C#N)c5)cc4Cl)c[nH]3)cn2)cc1,21.64
N#Cc1ccc(-c2sc(-c3c(F)cc(-c4ccc(-c5c(C#N)ccc(-n6nccc6C#N)c5F)cn4)cc3C#N)cc2C#N)cc1,20.7
N#Cc1cccc(C#Cc2cc(-c3c(C#N)[nH]c4cc(C#N)ncc34)nc(C#N)n2)c1,24.38
N#CCCN(C#N)c1ccc2c(C=CC(=O)c3ccc(C#N)cc3)c(-c3ccc(-c4ccc(C#N)cc4)cc3)oc2c1,28.03
CN(C)c1nc(Cl)nc(N(F)OCc2ccc(Cl)c(C(=O)c3ccc(C#N)cc3)c2C#N)n1,31.11
CN(c1ncnc(Cl)n1)c1ccc(N=c2[nH]c(N3CCN(CCO)CC3)nc(=Nc3ccc(Oc4ccccc4)cc3)[nH]2)cc1Br,33.65
N#Cc1cc(-c2nc(C#Cc3csc(C#N)n3)cc(-c3cnc(N)c(C#N)n3)n2)ccn1,19.15
Cn1c(C#N)ccc1-c1nc(-c2cc(C#N)c(C#N)c(C#N)n2)ccc1C#N,11.91
N#Cc1ccc(-c2cc(C#N)nc(-c3cc(C#N)cc(-n4ncc(C#N)cc4=O)c3F)c2)cc1,18.97
N#Cc1ccc(-c2ccc(-c3nc(-c4ccc(F)cc4)cs3)cc2C(=O)O)c([N+](=O)[O-])c1,27.4
CN(C)CCOc1ccc(-n2c(N)c(C#N)c(-c3cccc(Br)c3)c(C#N)c2=O)cc1,27.38
N#Cc1cc(-c2nc(C#N)c(-c3ncc(-c4cc(C#N)c(Cl)nc4N)cc3C#N)o2)ccc1OC(F)(F)F,30.32
N#Cc1cc(-c2nc(-c3cnc(C#N)c(C#N)n3)cc(C3CC(N4CCC(O)C4)C3)n2)cnc1C#N,17.89
N#Cc1c(F)c(F)c(C=CN=c2[nH]cnc3[nH]nc(Br)c23)c(F)c1F,38.35
Cn1nc(C2CC2)cc1N1CCCc2c(-c3cnc(C#N)c(C#N)c3)nc(-c3ccc(C#N)c(C#N)c3)nc21,27.06
N#Cc1ccc(-c2cc(-c3ncnc(OCc4ncccc4C#N)c3F)nc(-c3nc(N4CCC(F)C4)nc(-c4ccc(C#N)c(C#N)c4)c3C#N)c2)cc1,33.0
N#Cc1ccc(-c2cc(-c3cccc(F)c3)nc(-c3cnc(C#N)c(C#N)c3)n2)s1,20.38
N#CCCNS(=O)(=O)c1cccc(-c2cc(N3CCOCC3)nc(-c3cc(C#N)c(C#N)c(C#N)c3)n2)c1,23.37
N#Cc1ccc(-c2ccc(-c3nc(C#N)nc4c(=O)[nH]c(-c5ccc(-c6cnc(C#N)c(C#N)c6)cc5)cc34)cc2C#N)cn1,29.25
N#Cc1ccc(-c2nc(-c3ccc(C#N)c(C#N)c3)cc(-c3ccc(-c4cnc(C#N)nc4)cn3)n2)cc1,13.93
N#Cc1ccc(-c2ccc(-c3cc(-c4cc5cc(-c6cncc(C#N)c6)ncc5oc4=O)c4cc(C#N)ccc4n3)cc2)nc1,36.94
N#Cc1ccc(-c2ccc(-n3cc(C#N)c(-c4ccc(-c5ccc(C#N)c(C#N)c5)cc4)n3)c(-n3cncn3)c2)cc1,26.2
Cc1noc(-c2ccc(-c3nccc(-c4nc(C#N)nc(-c5cc(C#N)c(CC#N)[nH]5)n4)n3)cc2C#N)n1,19.01
Cn1c(-c2ccc(-c3cc(C#N)cc(-n4nccc4C#N)c3)cc2F)nc(C#N)c1NC1CCCC1,18.31
CC(C)c1nc(-c2ccc(C#N)cc2)cn1-c1cc(-c2ccc(C#N)cc2)cc(-c2nnc(N)c(C#N)n2)n1,15.22
Cn1nnc(-c2ncc(-c3cc(Cl)nc(-c4cc(C#N)cc(-c5cc(N6CCCC6)nc(F)n5)c4)c3)cn2)n1,37.13
COCC(C)Oc1ccc(-c2cc(N3CC4CC(F)(COC)C4C3)nc(-c3cnc(OC(C)C)c(C#N)c3)n2)cc1C#N,23.84
CCOc1ccc(F)c(-c2nc(C#N)nc(-c3cc(C#N)c(C#N)c(C#N)n3)n2)c1F,22.3
N#Cc1ccc(-c2ccc(-c3ccc(-n4c(C#N)ccc4-c4cccc(C#N)c4)cc3C#N)cc2C#N)cc1,15.26
N#Cc1ccc(-c2nc(C#N)cc(-c3ccc(-c4cn5ccccc5n4)cc3)n2)cc1,21.31
CCC(F)(CF)c1cc(-c2nc(-c3cnc(OC(F)F)c(C#N)c3)nc(N3CCOCC3C)n2)ccc1C#N,28.2
N#Cc1ccc(-c2cc(-c3ccc(C#N)nc3)nc(-c3ccc(C#N)cc3)n2)cc1,10.39
N#Cc1cc(-c2ccc(-c3ccc(-c4ccc(-c5nnco5)c(C#N)c4)cc3)cc2C#N)ccn1,25.18
CN(C)Cc1ccc2c(c1C#N)CNCC2c1ccc(C#N)cc1,26.89
N#Cc1ccc(-c2cccc(-c3cc(C#N)cc(-c4cc(CCO)nc(-c5ccc(-c6cccc(C#N)c6)c(C#N)c5)n4)c3)c2)cc1,21.07
Cn1nc(-c2cccc(-c3ccc(C#N)cc3)c2)nc1-c1cc(C#N)c(C#N)c(OC(C#N)c2ccc(C#N)cc2)n1,19.68
N#Cc1ccc(-c2nc(-c3ccc(-c4cccc(-c5ccc(C#N)nc5)c4)nc3)nc(-c3ccc(C#N)c(C#N)c3)n2)cc1,17.11
N#Cc1ccc(Nc2sc(C#N)c(F)c2C#N)cc1Cl,18.08
N#Cc1cccc(-c2ccc(-c3nc(-c4ccc(C#N)nc4)cc(-c4cc(F)c(C#N)cn4)n3)nc2)c1,20.8
N#Cc1ccc(-c2nc(C#N)c(-c3ncnc(C(F)(F)F)c3C#N)cc2-c2csc(=NC3=NC(=O)C(=Cc4ccc(-c5ccc(Cl)c(C(N)=O)c5)[nH]4)S3)[nH]2)cc1,41.71
N#Cc1ccc(N(CC(=O)Nc2ccc(C#N)c(C#N)c2)S(=O)(=O)c2cccc3cccnc23)cc1,25.52
N#Cc1ccc(-c2nc(-c3ccc(-c4ccc(C#N)cn4)cc3)nc(-c3ccc(-n4cccc4C#N)c(F)c3)n2)cc1,16.86
N#Cc1ccc(-c2nc(-c3ccc(C#N)cc3)c(C#N)c(-c3cc(-c4cnc(-c5ccc(C#N)cn5)c(C#N)c4)nc(C(F)(F)F)n3)n2)cc1,21.84
N#Cc1ccc(-c2ccc(-c3nc(F)c(C#N)c(-c4ccc(-c5ccc(C#N)c(C#N)c5)cc4)n3)cc2)cc1F,19.07
CC(C)(C)OC(=O)NC1CCN(c2nc(-c3cc(F)c(C#N)c(C#N)c3)nc(-c3ccc(-c4ccc(C#N)cc4)cn3)n2)C1,21.76
N#Cc1cccc(-c2cc(C#N)nc(-n3nccc3C#N)c2)c1,13.2
COC1CN(c2nc(-c3cnc(-c4ccc(F)c(C#N)c4)c(C#N)c3)ncc2C#N)CC1O,13.82
N#Cc1ccc(-c2ccc(-c3ccc(-c4ncnc(Oc5ccc6c(c5)C(=O)NC6=O)n4)cc3)cc2C#N)cc1,22.71
N#Cc1ccc(-c2ccc(-c3cc(C#N)n4c3C(=O)N(Cc3ccnc(C#N)c3)CC4)cc2C#N)cc1,22.39
N#Cc1cc(-c2nc(CCNC3CN(C(=O)O)C3)nc(-c3cc(C#N)c(C#N)[nH]3)n2)cnc1C1CC1,25.54
N#Cc1cc(-c2ncc(-c3ccc(-n4nc(C(N)=O)cc4C#N)cc3F)cc2C#N)ccc1F,15.83
N#Cc1ccc(-c2nc(C#N)c(C#N)nc2-c2ccc(-c3cc(-c4ccc(C#N)s4)cc(-c4ccc(C#N)cn4)n3)cc2)cc1,14.31
N#Cc1ccc(-c2nc(-c3ccc(-c4nc(Cl)nc(Cl)n4)cc3)ncc2-c2cccc(C#N)c2)nc1,17.54
COc1ccc(Nc2ncc(C#N)cc2C#N)cc1-c1nc(-c2cnc(C#N)c(C#N)c2)nc(N2CC3CCC(C2)O3)n1,24.51
N#Cc1ccc(-c2ccc(-c3cnn(-c4ccc(-c5nc(-c6ccc(C#N)cc6)nc(-c6ccc(C#N)cc6)n5)cc4)c3)cc2)cc1,13.42
COCc1cn(-c2nc(CC#N)nc(-c3ccc4c(c3)CCn3c-4cc4c(C#N)cccc43)n2)c(-c2ccc(F)cc2)n1,36.38
COCc1cc(-c2cnc(-c3ccc(C#N)cc3)c(C#N)c2)nc(-c2ccccn2)n1,18.96
COCc1nc(-c2ccc(C#N)cc2)nc(-c2ccc(F)cc2Cl)c1CNCc1cc(C)no1,26.4
CCc1cccc(-c2ccc(-c3cc(-c4cnc(C#N)c(C#N)c4)nc(-c4cnn(C5CN(C)C5)c4)c3)cn2)n1,34.89
CC(C)Oc1ncc(-c2noc(-c3ccc(C#N)c(C#N)c3)n2)cc1C#N,10.83
CC(O)c1nc(-c2ccc(C#N)c(C#N)c2)c(C#N)cc1-c1ccc(-c2cc3c(C#N)nc(-c4ccc(C#N)cc4)cc3c(C#N)n2)nc1,28.41
N#Cc1ccc(-c2ccc(-c3cc(-c4ccccc4-c4ccc(-c5nsc(-c6ccc(C#N)cc6)n5)cc4)nc(-c4ccc(C#N)cc4)n3)cc2)cc1,21.01
CC(C)Oc1cncc(-c2nc(-c3ccc(C#N)nc3)nc(-c3ccc(C#N)nc3)c2F)n1,19.11
CC(C)c1nc(-c2nc(-c3ccc(-c4ccc(C#N)c(F)c4)cc3)nc(-c3ccc(-c4ccc(C#N)cn4)cc3)n2)cnc1-c1ccc(C#N)c(F)c1F,39.13
N#CCc1ncc(-c2nc(NCc3ccc(C#N)c(-c4ccc(C#N)c(C#N)c4)c3)nc(-c3ccc(C#N)nc3)n2)cc1C#N,22.91
Cn1c(-c2cc(-c3ccc(-c4nc(C#N)c(C#N)nc4C#N)cc3)cc(-c3cnc(C#N)c(C#N)c3)c2)nnc1-c1cc(F)c(-c2ccc(C#N)nc2)c(F)c1F,27.15
N#Cc1ccc(-c2ccc(-c3ncc(-c4ccccc4)c(-c4ccc(C#N)cc4)n3)cc2)cc1,11.53
N#Cc1ccc(C#Cc2cc(-c3cnc(C#N)c(C#N)c3)nc(-c3ccc(C#N)c(C#N)c3)n2)c(-n2cnc(C#N)c2)c1,22.59
Cc1nc(CO)nc(-c2ccc(-c3ncnc(C#N)n3)cc2C#N)n1,20.85
N#Cc1ccc(-c2nc(=N)c(C#N)c(-c3cc(Nc4ccncc4)c(C#N)c(F)c3F)[nH]2)cc1,26.73
N#Cc1ccc(Nc2nc(C#N)c(C#N)c(C#N)c2Nc2ccccn2)cc1,16.2
CC(=O)c1ccc(-c2ccc(-c3c(C#N)cc(-c4ccc(-c5ccc(-c6cc(-c7ccc(-c8ccc(C#N)cc8)cc7)nc(C=NOC(=O)OC(C)(C)C)n6)cn5)cc4)nc3Cl)cn2)cc1,38.4
CC(C)(C#N)c1nc(-c2ccc(-c3ccnc(-c4ccc(C#N)cc4)n3)cn2)c(-c2ccc(-c3cnco3)c(C#N)c2)[nH]1,26.91
CCOc1nc(-c2cc(C#N)c(C#N)c(-c3ccc(C#N)cc3)c2)ccc1-c1ccnc(Cl)n1,12.9
N#Cc1cc(-c2ccc(-c3ccc(N)c(C#N)n3)c(C#N)c2)cc(-c2noc(C#N)n2)c1,16.25
N#Cc1ccc(-c2ccc(Nc3nc(-c4cccc(C#N)n4)cc(-c4cc(C#N)c(C#N)c(Cl)n4)c3C#N)cc2)cc1,19.24
CNc1c(C#N)nc(-c2nc(-c3ccc(-c4ccc(C#N)nc4)nc3)nc(-c3cnc(C#N)c(C#N)c3)n2)n1-c1ccc(C#N)cc1,18.33
N#Cc1ccc(-c2cc(-c3ccc(-c4cccc(C#N)n4)cc3)nc(-c3cccc(-c4ccc(C#N)cc4)n3)c2)cc1,14.45
Cc1ccc(-c2nc(C#N)c(-c3ccc(C(=O)NC(CO)c4cc(F)cc(C#N)c4)c(F)c3)cc2C#N)cc1Cl,24.85
N#Cc1ccc(-c2nccc(-c3ccc(-c4cncc(-c5cccc(C#N)n5)c4)nc3C#N)n2)cc1,19.45
N#Cc1ccc(-c2cc(-c3cc(-c4ccc(-c5ccc(-c6ccc(C#N)c(C#N)c6)nc5)o4)cc(-n4cncn4)n3)nc(-c3ccc(C#N)cc3)n2)cc1,23.86
N#Cc1cc(-c2cc(C#N)nc(C#N)n2)cc(-c2cccc(-c3cnc(-c4ccc(C#N)c(C#N)c4)c(C#N)c3)c2)n1,20.19
CC(C)n1cc(-c2ccc(-c3nc(-c4ccc(-c5ccc(C#N)c(C#N)c5)nc4)nc(-c4ccc(C#N)c(C#N)c4)n3)nc2)cn1,22.33
CNC(=O)c1ccc(-c2ccc(-c3cc(C#N)c(-c4ccc(-c5ccc(C#N)cc5)c(C#N)c4)nc3C)cc2)cc1,18.47
CC(C)(O)Cn1c(C#N)ccc1-c1nc(C#N)c(C#N)nc1-c1cc(NC(=Nc2ccsc2C#N)Nc2cnc(Br)c(C#N)n2)ccc1C#N,58.13
CC(C)Oc1ncc(C2=NC3=CC4CC(CC(c5nc(C#N)ccc5C#N)=N2)N3C4)cc1C#N,16.52
CNc1nnc(-c2cc(-c3ccc(C#N)c(C#N)c3)c(F)c(-c3cnc(C#N)nc3C#N)c2)nc1C#N,21.44
N#Cc1ccc(-c2ncc(-c3cc(CCO)nc(-c4ccc(-c5ccc(C#N)c(C#N)c5)cc4)n3)cc2C#N)cc1F,20.86
CC(C)n1nc(-c2ccc(-c3ccc(C#N)cc3)cn2)nc1-c1cnc(C#N)c(C#N)c1,13.32
N#Cc1ccc(-c2ccc(-c3nnc(C#N)n3-c3ccc(-c4ccc(C#N)cc4)cc3)cc2)cc1,14.25
N#Cc1ccc(-n2nccc2C#N)cc1-c1ccc(-c2ccc(-c3nc(C#N)c(C#N)nc3C#N)cc2)c(C#N)n1,20.13
CN(c1ccc(N)cn1)c1cc(-c2cccc(C#N)c2)nc(-c2cnc(N)c(C#N)n2)n1,30.01
CCc1nc(-c2cccc(-c3cnc(C#N)c(C#N)c3)c2)cc(-c2ccc(-c3nnco3)c(C#N)c2)n1,21.09
CCCc1cc(-c2cccc(C#Cc3ccc(-c4cnc(Cl)c(=NC(C)C)[nH]4)nc3)c2)nc(C#N)n1,33.25
N#Cc1ccc(-c2ccc(-c3nc(-c4cnc(N5CCc6sc7c(c6CC5)CCCC7)c(C#N)c4)nc(N4CCOCC4)n3)cc2C#N)cc1,30.94
N#Cc1ccc(-c2ccc(-c3ccc(-c4ccc(-c5cc(-c6ccccc6)c(C#N)c(=O)[nH]5)cc4)nc3-c3cccc(-c4ccccc4)c3)cc2)cc1,26.97
CC(N)(c1cccc(C#N)n1)c1nc(-c2cnc(-c3ccc(Cl)cc3)c(C#N)c2)cs1,23.62
N#Cc1cc(-c2nc(-c3ccc(CN4CCC(C#N)C4)nc3)cc(N3CC4CC3C4)n2)cnc1C#N,19.66
N#Cc1ccc(-c2nc(-c3cccc(C#N)c3)nc(-c3c(-c4ccccc4)cc(C#N)n3CC(F)(F)F)n2)cc1,26.88
N#Cc1ccc(-c2ccc(-c3c(-c4ccc(-c5nc(C#N)c(C#N)nc5C#N)cn4)cnc(Nc4ccc(F)c(Cl)c4)c3C#N)cc2)cc1,35.84
N#CCn1c(-c2ccc(-c3cnc(C#N)nc3)cn2)cc(-c2ccc(C#N)cc2)c1-c1ccncc1,20.13
COC1CN(c2ncc(-c3nc(-c4ccc(C#N)cc4)nc(N4CC5CC4CO5)n3)cc2C#N)CCC1N,25.12
CSc1ncc(-c2ccc(-c3cnc(-c4cncc(-c5cc(-c6ccc(-c7cccc(C#N)n7)nc6)nc(C#N)n5)c4F)c(-c4cccc(C)n4)n3)cn2)nc1C#N,40.33
N#Cc1ccc(-c2ccc(-c3cccc(-c4nc(C5CCC5)nc(N5CCOCC5)n4)c3)cc2)cc1,18.11
CN(c1cc(F)c(-c2cnc(-c3ccc(-c4ccc(-c5ccc(C#N)c(C#N)c5)c(C#N)c4)cc3)cc2C#N)nc1C#N)C(C)(C)C(F)(F)F,50.3
CC(C)(Oc1ccc(-c2ccc(-c3cc(C(F)(F)F)nc(Cl)n3)cc2)cc1-c1nc(-c2cnc(C#N)c(C#N)n2)no1)C(F)(F)F,38.04
N#Cc1ccc(-c2ccc(-c3c(C#N)c(Cl)cn3-c3ccc(C#N)c(C#N)c3)cc2)cc1,13.87
N#Cc1ccc(-c2cc(-c3cccc(C#N)n3)nc(-c3nc(OC4CCNC4)nc(-c4cc(C#N)cc(C#N)n4)n3)c2)cc1,31.22
N#Cc1ccc(-c2cc(-c3noc(-c4ccc(C#N)cc4)n3)cc(-c3nc(C#N)c(N)c4cccnc34)c2)cc1,19.85
COCc1nc(-c2cnc(C)c(C#N)c2)nc(-c2nc(C#N)ccc2C#N)c1C,15.52
CC(C#N)C(=O)N1CCC2(C1)CN(c1nc(-c3cc(C#N)c(C#N)c(C#N)n3)nc(-c3nc(C#N)cnc3C#N)n1)C2,23.5
CCCCCC(=O)Oc1c(Cl)c(Cl)c(C#N)c(Cl)c1Cl,22.86
N#Cc1ccc(-c2ccc(-c3ncc(-c4nc(-c5cccc(C(F)(F)F)c5F)nc(C(C#N)C#N)n4)cc3-c3ccc(C#N)cc3)cn2)cc1,22.26
N#Cc1ccc(-c2cccc(-c3cc(-c4cccc(-c5nc6cc(F)ccc6[nH]5)c4)nc(-c4ccnc(-c5ccc(C#N)cc5)n4)c3)c2)cc1,29.29
N#Cc1ccc(-c2ccc(-c3cc(N4CC5CCC(C4)O5)nc(-c4cnc(C#N)c(C#N)c4)n3)cn2)nc1,16.66
Cc1c(F)cc(-c2cnc(-c3ccc(Cl)c(F)c3)c(C#N)c2)cc1-n1nncc1C#N,16.14
N#Cc1ccc(-c2cc(-c3cccnc3Cl)nc(-c3nnc(C#N)o3)c2F)cc1,19.65
N#CC=Cc1cc(-c2nc(-c3ccc(OC(F)F)c(C#N)c3)nc(N3CCC(C#N)CC3)n2)nc(-c2ccc(F)c(-c3ccc(C#N)c(C#N)c3)c2)n1,26.9
Cn1nncc1COc1cccc(Nc2ccc(C#N)cc2[N+](=O)[O-])c1,37.31
N#Cc1cc(-c2nc(-c3cnc(N4CC(F)C4)c(C#N)c3)nc(C3CC3)n2)ccc1-c1nnco1,15.61
Cn1c(C#N)cnc1-c1nc(C#N)nc(-c2ccc(-c3cc(C#N)nc(C#N)n3)nc2C#N)c1F,19.2
CC(=NN=C(N)N)c1cccc(-c2ccc(-c3cc(C#N)cc(-c4ccc(-c5ccc(C#N)cc5)c(C#N)c4)c3)cc2)c1,29.49
N#Cc1ccc(-c2cncc(-c3cc(C(F)(F)F)nn3-c3ccc(-c4cc(-c5ccc(Cl)cc5Cl)c(C#N)c(=O)[nH]4)cc3)c2)cc1,30.22
N#Cc1ccc(-c2ccc(-n3cnc4c(=O)n(CC(=O)Cn5cnc([N+](=O)[O-])n5)cnc43)cc2)cc1C#N,33.31
Cc1nc(-c2ccc(-c3ccc(C#N)cc3)c(C#N)c2)c(C#N)cc1-c1ccc(-c2nccc(C#N)n2)c(F)c1,16.5
Cc1nc(C#N)nc(-c2cncc(-c3nc(-c4cnc(OC(C)C)c(C#N)c4)nc(N4CC5COC(C)C5C4)n3)c2F)n1,23.73
N#Cc1ccc(-c2ccc(-c3ccnc(-c4cc(-c5cnc(C#N)nc5)cc(-c5ccc(-c6nc7c(C#N)cccc7[nH]6)cc5C#N)c4)n3)o2)nc1,33.23
N#Cc1ccc(-n2nc(C(F)(F)F)nc2-c2noc(-c3c(F)c(F)c(C#N)c(F)c3F)c2C#N)c(F)c1,32.4
N#Cc1ccc(-c2ccc(-c3nc(C#N)ccc3-c3ccc(C#N)cc3)cc2)cc1,11.87
N#Cc1nc(-c2cc(F)c(C#N)c(F)c2)ccc1-c1nc(-c2ccc(-n3nccc3C#N)nc2)nc(N2CCOCC2)n1,18.51
Cc1nc(C#N)c(C#N)nc1-c1ccc(-c2cc(C#N)cc(N(C)Cc3cnc(C#N)nc3)c2)cc1C#N,23.01
CN1C(=O)C(c2ccc(-c3ccc(F)c(C#N)c3)cn2)(c2ccc(C#N)cc2C#N)NN=C1N,26.62
N#CCc1ncc(-c2nc(-c3nc(C#N)c(N)o3)cc(-c3ccc(C#N)s3)n2)cc1C#N,17.49
N#Cc1c(F)c(-c2c(F)c(F)c(C#N)c(C#N)c2-c2ccc(Cl)cc2)cc(-n2nc(C(N)=O)cc2C#N)c1F,22.98
N#Cc1ccc(-c2nc(-c3cnc(C#N)c(C#N)c3)nc(N3CC(F)C3)n2)cc1,12.86
N#Cc1ncnc(-c2cnc(-c3ccc(Cl)cc3)c(C#N)c2)n1,10.11
N#CCc1ccc(-c2noc(-c3cnn(-c4ccc(Br)cc4)c3C(F)(F)F)n2)cc1C#N,23.09
CCNc1ncc(-c2nc(-c3ccc(C#N)c(F)c3F)nc(N3CC4CC3C4)n2)cc1C#N,18.46
N#Cc1ccc2c(c1)[n+]([O-])c(C#N)c(-c1ccccc1)[n+]2[O-],16.06
N#Cc1cccc(-c2nc(-c3cnc(C#N)c(C#N)c3)nc(N3CCC(F)(F)C3CF)n2)n1,18.44
CCc1nc(-c2ccc(-c3nc(C)c(-c4ccc(-c5c[nH]c(=N)c(C#N)n5)cc4)cc3C#N)cc2C#N)no1,18.21
Cc1cc(C#N)ccc1-c1ccc(-n2nc(-c3ccc(-c4ccc(C#N)cn4)nc3)nc2-c2ccc(Cl)cc2[N+](=O)[O-])cc1,31.78
N#Cc1cccc(-c2ncc(-c3nc(-c4cccc(C#N)n4)nc(-c4nc(C#N)ncc4C(F)(F)F)n3)cc2C#N)c1,24.23
N#Cc1ccc(-c2ccc(-c3ccc(-c4cccc(F)c4)n3CC(=O)N=C(N)N)cc2)cc1,21.74
COc1cc(-c2cccc(C#N)n2)nc(-c2cc(C#N)c(C#N)c(-c3c(F)cc(-n4ccc(C#N)cc4=O)cc3F)n2)n1,31.7
Cn1c(-c2nc(C#Cc3ccc(C#N)nc3-c3ccc(C#N)cc3)nc(-c3ccc(C#N)cc3)n2)nc(C#N)c1N,18.98
CCS(=O)(=O)N(C)c1cc(C#N)cc(-n2nc(C#N)cc2-c2ccc(-c3ccc(C#N)cc3)cc2)c1,26.65
Cc1c(C#N)cc(-c2nc(-c3nc(C#N)ccc3C#N)nn2CC(N)CC(C)C)cc1C#N,20.66
CCSc1nnc(-c2cc(C)oc2C)n1-c1ccc(-c2ccc(C#N)cc2)cc1,27.52
N#Cc1cnc(C#Cc2ccc(-c3cnc(-c4ccc(C#N)c(F)c4)c(C#N)c3)nc2)c(F)c1,17.78
CC(Oc1ncc(-c2nc(-c3cc(C#N)c(F)c(-c4ccc(C#N)cc4)c3)n(CC#N)n2)cc1C#N)C(F)(F)F,21.88
N#Cc1cccc(-c2cnc(-c3ccc(-c4nccc(C#N)n4)cc3)c(C#N)c2)n1,16.46
Cn1nc(C#N)cc1-c1ccc(-c2cc(-c3ccncn3)nc3cc(-c4cnc(C#N)c(C#N)c4)ncc23)cc1,26.73
CCc1cc(-c2cc(C#N)nc(-c3cc(F)cc(C#N)n3)c2F)nc(-c2cc(C#N)c(OC(F)F)c(C#N)c2)n1,27.81
CC(=O)Nc1ccc(-n2cc(-c3cccc(-c4ccc(C#N)cc4)n3)c(-c3cnc(Nc4ccc(C#N)cc4)c(C#N)n3)n2)cc1,34.46
CC1COCCN1C1CCCN(c2cc(-c3nc(C#N)cn3C)nc(-c3csc(C#N)c3)n2)C1,27.19
Cc1c(-c2nc(C#N)c(NS(C)(=O)=O)n2Cc2ccc(C#N)cc2)sc(-c2ccc(-c3cc(F)cc(C#N)c3)cc2)c1C#N,33.13
CCc1nc(-c2cnc(C#N)c(C#N)n2)c(C#N)cc1-c1cc(-n2c(C#N)cnc2C=Cc2ccc(-c3ccc(C#N)cc3)cn2)nc(C#N)n1,27.83
COc1ccc(-n2nc([N+](=O)[O-])c(N(Cc3ccc(-c4cc(-c5ccc(-c6ccc(C#N)cc6)cc5)nc(-c5ccc(C#N)cc5)n4)cc3)Cc3cccc(C#N)c3)[n+]2[O-])cc1,30.48
COC(Oc1ncc(-c2nc(-c3nnc(C#N)n3C(C)C)n[nH]2)cc1C#N)C(F)(F)F,34.67
N#Cc1nccc(-c2ccc(-c3ccc(-c4nnc(-c5csc(C#N)n5)c(C#N)n4)cc3C#N)cn2)n1,20.78
N#Cc1ccc(-c2ncc(-c3nncc(CO)n3)cc2C#N)c(F)c1,16.47
N#Cc1ccc(-c2nc(-c3cnc(C#N)c(C#N)c3)nc(-c3cc(C#N)c(C#N)[nH]3)n2)cn1,10.56
Cc1cc(C#N)ccc1-c1cc(-c2ccc(-c3ccc(C#N)c(C#N)c3)cc2)c(C#N)c(N=c2[nH]c(-c3ccc(-c4ccc(C#N)cc4)cc3)cs2)n1,26.49
N#Cc1ncc(-c2ccc(-c3cnc4c(c3)C(=O)N(C3CCC(=O)NC3=O)C4=O)cn2)cn1,26.38
N#Cc1ccc(-c2ccc(-c3cc(C#N)nn3-c3ccc(C#N)nc3-c3cnc(-c4ccc(C#N)cc4)c(C#N)c3)cc2)cc1,13.79
CC(C)Oc1ncc(-c2nc(-c3cnc(-c4cccc(C#N)c4)c(C#N)c3)nn2C)cc1C#N,13.66
Cn1c(C#N)ccc1-c1ccnc(-c2cc(-c3cnc(-c4ccc(C#N)cc4)c(C#N)c3)nc(C#N)n2)n1,20.45
N#CC1=C2C(=O)OCC(c3nc(-c4ccc(C#N)cc4)cc(-c4cc(C#N)ccc4O)n3)=C2c2cc(C#N)ccc21,23.31
CCN(CC)c1ccc(NC(=S)NN=c2nc(-c3ccc(C#N)cc3)cc(-c3ccc(-c4ccc(C#N)cc4)cc3)[nH]2)cc1,31.56
N#Cc1ccc(-c2nc(-c3ccc(C#N)cc3)nc(-c3ccc(-n4c(C#N)ccc4-c4cncc(-c5ccc(F)c(C#N)c5)c4)cc3C#N)n2)cc1,24.13
N#Cc1cc(OC2CCOCC2)c(-c2ccc(-c3cnc(-c4ccc(C#N)c(C#N)c4)c(C#N)c3)cn2)cn1,24.52
N#Cc1ccc(-c2cc(-c3cccs3)nc(S(=O)(=O)c3ccc(F)cc3)c2C#N)cc1,20.7
N#Cc1ccc(-c2nc(=Nc3ccc(C#N)c(C#N)c3)nc(OCC(=O)N=c3cc(C#N)cc(-c4cnc(-c5cccc(C#N)c5)c(C#N)c4)[nH]3)[nH]2)cc1,35.62
N#Cc1ccc(-c2ccc(-c3nc(-c4ccc(C(=O)N5CCC(N6CCCCC6)CC5)cc4)nc(-c4ccc(-c5c[nH]c(=N)c(C#N)n5)c(Cl)c4)n3)cc2)cc1,21.55
N#Cc1cccc(-c2nc(-c3cc(F)c(C#N)c(C#N)c3F)cc(-n3nc(C(F)(F)F)cc3C#N)n2)n1,17.99
CCON=C1CCN(c2c(F)cc3c(C(=O)O)cn(-c4cc(F)ccc4F)c3c2OC)CC1C#N,30.56
N#Cc1cncc(-c2nc(C(N)=O)c(-c3ccc(-c4cc(C#N)cnc4-c4cc(C#N)cc(C#N)c4)cc3)cc2C#N)c1,25.45
N#Cc1cc(-c2cnc(-c3ccc(C#N)c(F)c3)c(C#N)c2)c2cc(C(=O)NCC(N)=O)nc(C#N)c2c1,27.78
CC1COCCN1c1nc(-c2ccc(C#N)c(C#N)c2)nc(-c2cnc(-c3ccc(C#N)cc3)c(C#N)c2)n1,16.12
CC(C)(NC(=O)c1cccc(-c2ncc(-c3ccnc(-c4ccc(-c5ccc(-c6ccc(C#N)cc6)c(C#N)c5)cc4)n3)nc2C#N)c1)c1ccccc1,27.9
N#Cc1ccc(-c2nc(C#N)c(C#N)nc2-c2ccc(-c3cccc(-c4ncccn4)c3)cc2)cc1,13.45
Cc1ccc(C#N)nc1-c1nc(-c2ccc(C(=O)NCC(O)C(F)(F)F)c(C#N)c2)nc(N2CCC(F)C2)n1,23.05
CC(C)n1nc2c(-c3cnc(-c4cc(C#N)nc(C#N)n4)c(C#N)c3)nccc2c1-c1cccc(-c2ccnc(C(F)(F)F)n2)c1,37.72
N#Cc1nc(CO)c2c(n1)CCN(c1nc(-c3cnc(C#N)c(C#N)c3)nc(-c3ccc(F)cn3)n1)C2,16.97
N#Cc1ccc(-c2nc(-c3cnc(C#N)c(C#N)c3)nc(N3CCC(c4cc(F)c(F)cc4F)CC3)n2)nc1,18.87
CN(CCF)c1ncc(-c2ncc(-c3cccc(C#N)n3)cc2C#N)cc1C#N,30.04
CC(N)c1nc(-c2cnc(-c3cnn(C)c3)c(C#N)c2)nnc1-c1cc(C2CC2)nc(-c2ccc(-c3cccc(C#N)c3)nc2)n1,35.38
COc1ccc(-c2csc(N=Cc3ccc(-c4ccccc4C#N)o3)n2)cc1,20.66
Cn1c(-c2cn(C)c(=O)c(C#N)n2)cnc1-c1cccc(-c2ccc(-c3ccc(C#N)nc3)c(C#N)c2)c1,35.1
COc1nc(-c2cc(-c3cnc(-c4ccc(-c5ccc(C#N)c(C#N)c5)nc4)c(-c4ccc(C#N)cc4)n3)nc(-c3ccc(C#N)cc3)n2)ccc1-c1ccnc(Cl)n1,26.75
CN1CCC(Oc2nc(C#N)nc(-c3nc(-c4cc(-c5cnc(C#N)c(C#N)c5)c(C#N)c(=N)[nH]4)nn3C)n2)CC1,26.23
CC(=O)N1CCN(CCOc2cncc(C#Cc3ccc(-c4nc(C#N)c(-c5coc(-c6ccc(C#N)cc6)n5)nc4C(=O)O)cc3)c2F)CC1,34.52
N#Cc1ccc(-c2ncc(-c3ccc(-c4c[nH]c(=N)c(C#N)n4)nc3)cc2C#N)cc1,10.83
N#Cc1ccc(-c2cc(-c3cc(F)c(C#N)c(-n4nccc4C#N)c3)nc(-c3ccc(C#N)cc3)n2)cc1,13.32
N#Cc1ccc(-c2ccc(-c3ccc(-c4nc(-[n+]5ccc(-c6ccncc6)cc5)nc(-[n+]5ccc(-c6ccncc6)cc5)n4)cc3)cc2)cc1,11.02
Cc1ccc(-c2nc(-c3nc(C#N)ccc3C#N)nc(N3CC(C#N)C3)n2)cc1C#N,12.3
N#Cc1ccc(CSc2ccc3nnc(-c4ccc(Br)cc4)n3n2)cc1,22.1
CC(Nc1cc(-c2ccc(F)c(C#N)c2)nc(-c2cc(C#N)c(C#N)c(C#N)n2)n1)C1CCOCC1,20.66
N#Cc1ccc(-c2ccc(-c3cc(C#N)c(-c4cnc(-c5ccc(C(F)(F)F)cc5)c(C#N)c4)nc3C(=O)O)cn2)cn1,20.1
N#Cc1ccc(-c2nc(-c3cc(C#N)c(C#N)c(C#N)n3)sc2COCc2cccc(C#N)n2)cc1,15.94
N#Cc1ccc(C(=O)Nc2cnc(C#N)c(C#N)n2)cc1-c1cnc(-c2cnc(C#N)c(C#N)c2)c(C#N)n1,19.28
Cc1noc(-c2cnc(-c3cc(C(O)(c4ccc(C#N)cc4)c4nc(-c5ccc(C#N)nc5)cs4)ncc3C#N)cc2C#N)n1,29.58
N#Cc1ccc(-c2ccc(-c3nc(-c4ccc(-c5ccc(C#N)cc5)cc4)n(-c4cccnc4)n3)cc2)cc1,18.81
Cc1noc(-c2ccc3c(-c4c(C#N)c[nH]c4-c4ccc(-c5c[nH]c(=N)c(C#N)c5)cc4)nc(C#N)nc3c2)n1,31.1
N#Cc1ccc(-c2ccc(-c3nc(C#N)ncc3-c3cccc(C#N)c3)cn2)nc1,21.89
N#Cc1cccc(-c2cncc(-c3ccc(C#N)c(C#N)c3)c2)n1,13.6
N#Cc1ccc(-c2cc(CSc3ncnc(-c4ccc(-c5ccc(F)c(C#N)c5)cc4)n3)nc(-c3ccccc3C#N)n2)cc1,23.39
Cc1nc(-c2cc(-c3ccc(C#N)nc3)nc(-c3nc(C#N)c(N)nc3-c3ccc(C#N)cc3)c2)c(F)c(-c2ncc(C#N)n2C)n1,23.28
N#Cc1cccc(-c2nc(-c3cnc(N4CC(F)C4)c(C#N)c3)nc(N3CC4CC3CO4)n2)n1,12.44
CC(C#N)c1nc(OCCC#N)c(-c2ccc(F)c(-c3cccc(C#N)n3)n2)cc1C#N,25.12
N#Cc1ccc(-c2ccc(-c3cc(C#N)nn3-c3ccc(C(N)=O)cc3Br)cc2)cc1,13.86
N#Cc1ccc(-c2ccc(-c3nc(-c4cccc(C#N)n4)nc(-c4cc(C#N)c(C#N)[nH]4)n3)cn2)cc1,14.0
CC(Oc1nc(C2CCCC2)c(-c2nc(C#N)nc(-c3ccc(C#N)cc3)n2)cc1C#N)C(=O)Nc1ccc(-c2n[nH]c(C(F)(F)F)n2)cc1,33.2
N#Cc1ncn(Nc2cnc(-c3cc(C#N)c(N)c(C#N)n3)c(-c3ccccc3)c2)n1,38.09
N#Cc1ccc(-c2ncc(-c3ccc4nc(-c5cc(C#N)nc(-c6noc(Cc7ccc(-c8ccc(C#N)c(C#N)c8)cc7)n6)n5)sc4c3)cc2C#N)cc1,33.33
CC(C)C1(c2cc(C#N)cc(-c3cnc(C#N)nc3)c2)C(C#N)N(C)C(=N)N1C,29.4
Cn1c(-c2ccc(-c3ccc(C#N)cc3)cc2)nnc1-c1cc(-c2c(F)c(F)c(F)c(F)c2F)cc(C#N)n1,18.66
COc1cc(OCc2cc(-c3cnc(N4CCc5cccc(C#N)c5C4)c(C#N)n3)nc(-c3ccc(C#N)cc3)n2)c2cc(-c3cn4cc(C#N)ccc4n3)oc2c1,31.92
N#Cc1cc(C(N)=O)cc(-c2ccc(-c3ccc(-c4ccc(-c5ccnc(-c6cc(F)c(F)c(C#N)c6F)n5)s4)cn3)nc2C#N)c1,34.0
COc1cc(S(=O)(=O)Nc2ccc(C#N)cc2C(=O)c2ccc(C#N)cc2)cc(C(C)(C)C)c1Oc1nccnc1N1CCN(C)CC1,44.15
N#Cc1ccc(-c2cc(Cn3c(C#N)cnc3-c3cnc(-c4ccc(C#N)cn4)c(C#N)c3)cc(-c3ccc(C#N)cn3)n2)cc1,22.0
N#Cc1ccc(-c2cc(NC(=O)c3cnc(-c4cnc(C#N)nc4)s3)nc(-c3cc(C#N)c(C#N)c(C#N)n3)n2)cn1,19.81
N#Cc1ccc(-c2cc(-c3ccc(F)c(-c4ncc(C#N)cn4)c3F)nc(C#N)c2C#N)cc1,18.85
N#Cc1cccc(-c2nc(-c3cc(C#N)c(C#N)c(N)n3)nn2CCN2CCNC(C#N)C2)n1,22.55
N#CC(=Cc1ccc(-c2ccc(C#N)c(C#N)c2)cc1)C(=O)Nc1ccc(CN(CCO)c2ccc3c(c2)C(=O)c2ccc(N)cc2C3=O)cc1,34.68
N#Cc1cc(-c2nccc(C#N)n2)cc(-c2cc(C#N)c(-c3c(F)cc(C#N)cc3F)nc2NC(C#N)C#N)c1,24.45
N#Cc1ncc(-c2ncc(-c3cc(CNc4ccc(C#N)c(C#N)c4)ccc3Cl)cc2C#N)o1,20.33
Cn1cc(C#N)nc1-c1ccc(-c2cn(Cc3ccc(C#N)cc3)c3cnc(C#N)cc23)cc1C#N,26.13
N#Cc1cccc(-c2nc(C#N)nc(-c3ncnc(-n4c(C#N)cnc4C(F)(F)F)c3F)n2)n1,24.03
N#CCCNCc1ncc(-c2cccc(-c3nc4c(C#N)cc(C#N)nc4[nH]3)n2)cc1C#N,27.82
N#Cc1ccc(-c2cc(-c3ccc(-c4ccc(C#N)cc4)nc3)nc(-c3cc(-c4ccc(C#N)cc4)nc(-c4ccc(-c5ccc(C#N)nc5)nc4)n3)c2)cc1,17.55
CC(C)(F)c1ncc(-c2nc(-c3cccc(C#N)n3)nc(N3CCN(CC4CCCCC4)CC3)n2)cc1C#N,19.72
CCn1c(C#N)ccc1-c1ccc(Nc2nc(-c3ccc(-c4nc(C#N)c(C#N)nc4-c4ccc(C#N)cc4)cc3F)ncc2C#N)c(F)c1,29.92
N#Cc1ccc(-c2nc(-c3ccc(-c4ccc(C#N)cn4)nc3)c(C#N)c(-c3ccc(-c4cccnc4)c(F)c3)n2)cc1,24.45
COc1cc2c(-c3ccc(-c4cc(-c5ccc(C#N)nc5)nc(C#N)n4)cc3)nc(C#N)cc2nc1C#N,19.23
N#Cc1ccc(-c2cc(-c3ccc(C#N)cc3)nc(-c3ccc(-c4ccoc4)s3)c2)cc1,20.48
N#Cc1nc(-c2cc(N3CCC3)nc(-c3cc(C#N)c(C#N)[nH]3)n2)cc(N2CC(F)C(F)C2)n1,25.23
Cc1noc(-c2ccc(-c3ncc(-c4cc(-n5nc(C#N)nc5C#N)nc(C(C)(C)O)n4)cc3C#N)cc2C#N)n1,28.3
CN(C)CCCOc1ncc(-n2cccc2C#N)cc1-c1ccc(C#N)c(Cl)n1,24.08
COc1cc(C#N)cc(-c2ncc(-c3cnc(N)c(C#N)n3)cc2C#N)c1,18.18
N#Cc1ccc(-c2nc(-c3ccccc3Cl)cc(-c3nc(C#N)ccc3C#N)n2)cc1,17.26
N#Cc1cc(-c2ncc(-c3cccc(-c4cc(-c5cccc(C#N)n5)nc(-c5cc(F)c(C#N)c(C#N)c5)n4)c3)cc2C#N)ccn1,24.23
CN(c1ccc(C#N)c(C#N)n1)c1sc(Nc2ccc(F)c(F)c2)nc1OCCCOc1cc(-c2nc3c(C#N)c(-c4ccc(C#N)cc4)c4ccccc4n3c2C#N)ccc1C#N,61.94
Cn1ncn(-c2ccc(NC(=O)CC3C(=O)N(c4ccc(C#N)c(C(F)(F)F)c4)CC3(C#N)Cc3ccccc3)cn2)c1=O,43.42
N#Cc1ccc(-c2cc(C#N)c(-c3ccc(-c4nc(C#N)c(C#N)[nH]4)nc3)nc2C2CC2)nc1,18.26
N#Cc1ccc(-c2cc(-n3nc(C(F)(F)F)cc3C#N)nc(-c3ccc(-c4cnc(C#N)c(C#N)c4)nc3)n2)cc1,14.95
N#Cc1cc(N2CC3CC2C3)nc(-c2nc(C#N)nc(-c3csc(C#N)c3)n2)n1,19.63
CN(C)CCN(CC#N)C(=O)C(NS(=O)(=O)c1ccc(Cl)c(Cl)c1)c1ncc(C#N)c(-c2ccc(-c3ccc(C#N)cc3)cc2)n1,42.07
CNc1sc(-c2nc(-c3ncccn3)cc(-c3ccc(F)c(C#N)c3F)c2C#N)nc1C#N,14.93
C#CCN(Cc1cc(C#N)c(-c2ccc(-c3nc(C#N)c(C#N)nc3C(=O)O)c(C#N)c2)c(C#N)c1)c1cc(Oc2ccc(C#N)cc2NC(=O)CCCCCCCC=CCCCCCCCC)nc(C#N)n1,53.99
CCOCCS(=O)(=O)NCc1cc(-c2cccc(C#N)n2)nc(-c2cnc(C)c(C#N)c2)n1,14.19
COC1CN(c2cc3cc(C#N)nc(C#N)c3cc2C#N)CCC1N,24.27
CC(C)Oc1ncc(-c2cc(C3CCC(C(=O)O)CC3)nc(-c3cnc(C#N)c(C#N)c3)n2)cc1C#N,14.82
N#Cc1ccc(-c2ccc(-c3cc(-c4ccc(-c5ccc(C#N)nc5)nc4)nc(N=c4[nH]c(C(F)(F)F)cs4)n3)nc2)cc1,24.0
N#Cc1ccc(-c2c(C#N)c(N)n(-c3ccc(C#N)cc3)c(=O)c2C#N)cc1,15.23
Cn1c(-c2cnc(-c3cccc(C#N)c3)cc2F)nc(-c2cnc(-c3ccc(C#N)nc3)c(C#N)c2)c1-c1cnc(C#N)c(C#N)c1,28.7
N#Cc1ccc(-c2cc(-c3nc4ccccc4[nH]3)nc(-c3c(-c4ccc(C#N)cc4)cnc4cc(F)ccc34)c2)cc1,34.27
Cn1cc(-c2ccc3c(=Nc4cnc(C#N)c(C#N)c4)c(C#N)c[nH]c3c2)cc1C#N,18.17
CCOc1cc(-c2ccnc(Cl)n2)cc(-c2ccc(-c3nc(C#N)nc(C#N)n3)nc2)c1F,25.74
N#Cc1ccc(-n2nnnc2-c2cc(-c3ccc(-c4ccc(C#N)nc4)nc3)cc(-c3ccc(-c4cccc(C#N)n4)cc3)n2)cc1,29.88
CN(C)CCCNc1nc(-c2ccc(C#N)cc2)ccc1-c1ccc(-c2ccc(-c3ccc(C#N)cc3)c(C#N)c2)cc1,24.55
CONC(=NO)C1COC(c2nc(-c3ccc(-c4ccc(C#N)cn4)nc3)nc(-c3cnc(C#N)c(C#N)c3)n2)O1,20.5
CCOc1nc(-c2ccc(-c3c(C#N)cc(C(=O)N=c4cc[nH]c(-c5ccc(C#N)cc5)n4)nc3Cl)c(Cl)c2)nc(-c2ccc(Cl)c(Cl)c2)c1C#N,37.46
COc1cc(C)cc(-c2nc(-c3cccc(C#N)n3)ncc2-c2cc(-c3ccc(C#N)nc3)nc(-c3ccc(-c4ccnc(CC#N)n4)cc3)n2)c1,30.67
CC(C)N1CCC(c2cc(N3CC(F)C3)nc(-c3cnc(-c4cncc(C#N)n4)c(C#N)c3)n2)CC1,25.56
CC(Cn1ncc(-c2nc(-c3cccc(C#N)n3)nc(-c3ccc(C#N)cc3Cl)n2)c1-c1ccc(C#N)cc1)C1(C#N)CC1,30.43
CN(CCO)c1cncc(-c2cncc(-c3cnc(NC(=N)N)c(C#N)n3)c2)n1,30.55
N#Cc1cccc(-c2cccc(-n3nc(C#N)c(-c4cccc(C#N)n4)c3C#N)c2)c1,23.05
N#Cc1ccc(-c2ccc(-c3cc(-c4nnn(-c5ccc(C#N)cc5)n4)cc(-c4ccc(C#N)cc4)n3)cn2)cc1,16.48
CCOc1nc(-c2cc(C#N)c(-c3cnc(-c4ccc(C#N)cc4)c(C#N)c3)nc2CC)nnc1-c1cccc(C#N)n1,23.57
N#Cc1cccc(C#Cc2cccc(F)c2F)n1,11.54
Cn1c(C#N)ccc1-c1c(C#N)cc(-c2nnc(-c3ccc4c(c3)C3(CCSCC3)Cc3c-4nc(C#N)nc3C3CC3)c(-c3ccc(C#N)cc3)n2)c(F)c1F,41.02
CN(C)c1cnc(Oc2cnc(-c3ccc(-c4cnc(C#N)c(C#N)n4)c(C#N)n3)nc2-c2nc(=O)o[nH]2)c(C#N)c1,31.93
N#Cc1ccc(C(=O)Nc2ccc3c(c2)C(=O)c2nc(-c4cccc(C#N)n4)ccc2C3=O)cn1,16.24
Cc1nc(-c2ccc(-c3ncc(-c4nc(C#N)nn4C)cc3C#N)c(F)c2)nn1C,20.55
CC(=O)c1ncc(-c2nc(C#N)nc(N3CCOCC3C)n2)cc1C#N,16.57
Cc1cc(=Nc2ncc(-c3ccc(-c4ccc(-c5ccc(C#N)cc5)c(C#N)c4)cc3)nc2C#N)cc(C)[nH]1,17.27
N#Cc1ccc(-c2ccc(-c3ncc(Cl)c(Cl)c3C#N)nc2)cc1,17.71
N#Cc1cccc(NC(=O)CSc2nc3ccsc3c(=O)n2-c2ccc(F)cc2)c1,22.95
Cc1nc(C#N)nc(-c2ccc(-c3cc(-c4ccc(C#N)cn4)cc(C#N)n3)cc2C#N)n1,14.04
N#Cc1ccc(Nc2ccc(C#N)c(Cl)c2)c(Nc2ccc(F)cc2)c1,24.02
N#Cc1ccc(-c2nc(-c3ccc(-c4cccc(-c5ccc(N)c(C#N)n5)c4)cn3)cc(-c3cccc(C#N)c3C#N)n2)cc1,19.48
N#Cc1cc(-c2cc(CC=NC=O)cc(C=NCCN=C3C(=O)c4cccnc4C(=O)C3Br)n2)cs1,41.67
CNc1nnc(-c2cc(-c3ccc(C#N)cc3)c(F)c(C#N)n2)nc1C#N,13.13
N#Cc1ccc(NC(=S)Nc2cc3c(c(C#N)c2O)C(=O)c2cc(Oc4ccc(F)cc4)ccc2C3=O)cc1,29.44
N#Cc1ccc(-c2ccc(-c3nc(-c4cc(-c5cc(F)cc(F)c5O)nc(-c5ccc(C#N)cc5)n4)c(-c4cccc(C(F)(F)F)n4)n3O)cc2)cc1,33.47
COCc1nnc(-c2cc(-c3ccc(-c4cccc(C#N)n4)cc3)cc(-n3cc(-c4ccc(-c5ccc(C#N)cn5)cc4)nc3C(Cc3cccc(C(F)(F)F)c3)OC(C)=O)n2)n1-c1ccccc1,44.27
N#Cc1ccc(-c2ccc(-c3nn(-c4ccc(-c5cc(-c6ccc(C#N)cc6)nc(-c6ccc(C#N)cc6)n5)cc4)nc3-c3cccc(C#N)n3)cc2)cc1,13.4
Cc1nc(C#N)c(C#N)nc1-c1ccc(-c2ncc(-c3cc(-c4ccc(-c5ccc(C#N)[nH]5)cc4)cc(-c4ccc(-c5nc(Cl)nc(C#N)c5C#N)cc4)n3)nc2C#N)cc1C#N,26.56
N#Cc1ccc(-c2nc(-c3cccc(C#N)n3)nc(-c3ccc(C#N)s3)n2)cn1,13.43
N#Cc1ccc(-c2nc(-c3ccc(C#N)c(C#N)n3)nc(N3CC4CCC(C3)O4)n2)cc1C#N,18.62
N#Cc1cc(-c2ccc(C=Cc3cnc(N4CCc5ccccc54)c(C#N)n3)cc2)ccc1-c1ccc(-c2cnc(C#N)c(C#N)n2)cc1,28.62
Cc1ccc(-c2nc(-c3cccc(C#N)n3)cc(C3CCC(O)CC3)n2)cc1C#N,13.41
N#Cc1nc(-c2cnc(-c3cnc(C#N)c(C#N)c3)c(C#N)c2)n(C2CCN(C#N)C2)n1,13.81
CS(=O)(=O)c1ccc(-c2nnc(-c3ccc(C#N)cc3)cc2-c2ccc(C#N)cc2)cc1,15.83
Cn1ccc(-c2cnc(C#N)nc2-c2cnc(-c3cc(F)c(C#N)c(F)c3)c(F)c2)n1,25.6
Cn1cc(C#N)nc1-c1nc(-c2cc(C#N)c(C#N)c(C#N)n2)cc(N2C(=O)OCC2CC#N)n1,13.22
N#Cc1ccc(-c2ccc(-c3cccc(-c4nc(-c5ccc(-c6ccc(C#N)cc6)cc5)nc(-c5ccc(-c6ccc(C#N)cc6)nc5)n4)c3)cc2)cc1,10.49
COc1nc(-c2ccccn2)[nH]c1C=c1[nH]c(=Cc2ccc(-c3ccc(C#N)cc3)cc2)cc1Cc1ccc(C#N)cc1,26.33
COCC1CC(OC)CN1c1cc(-c2ccc(C#N)cc2F)nc(-c2cc(C#N)c(C#N)c(OC)n2)n1,22.49
N#Cc1ccc(-c2ccc(-c3nc(-c4ccc(-c5ccc(N)c(C#N)n5)cc4)c(-c4ccc(-c5ccc(C#N)cc5)cc4)n3CCOCCO)cc2)cc1,14.66
N#Cc1cccc(-c2ccc(-c3nc(-c4ccc(Oc5ncnc(Cl)n5)cc4)nc(-c4ccc(-c5ccc(C#N)c(F)c5)nc4)n3)cc2F)n1,30.94
N#Cc1ccc(-c2ncc(-c3ccc(-c4cn5c(n4)sc4cc(C#N)c(C#N)cc45)cc3C#N)c(F)c2F)cn1,25.27
N#Cc1ccc(-c2ccc(-c3nc(-c4ccc([N+](=O)[O-])cc4)n(-c4ccc(-c5cc(C#N)c(C#N)c(C#N)c5)cc4)c3C#N)cc2)cc1,22.81
N#Cc1cc(-c2ncc(-c3cnc(=N)[nH]c3)nc2C#N)ccc1-c1nc(Cl)nc(Cl)c1C#N,22.39
CC(Oc1c(C#N)cc(-c2nc(-c3nc(C#N)ccc3C#N)nc(N3CCOCC3)n2)nc1C(=O)O)c1cccc(C#N)c1,18.67
N#Cc1ccc(-c2c[nH]c(=N)nc2-c2cc(F)c(C#N)c(-c3ccc(C#N)cc3)c2)cc1,22.39
Cc1cc(C#N)ncc1-c1nccc(-c2cnc(-c3ccc(C#N)cc3)cc2-c2ccc(C#N)cc2)n1,18.65
Cc1nc(C#N)c(C#N)nc1-c1nc(OCC2CC2)c(-c2nccc(C#N)n2)cc1C#N,14.83
N#Cc1c(F)ccc(-c2nc(-c3cncc(Br)c3)c(F)[nH]2)c1F,29.61
N#Cc1ccc(-n2cc(-c3ccnc(-c4cnc(-c5ccc(C#N)c(F)c5)c(C#N)c4)n3)nn2)cc1,19.55
N#Cc1ccc(-c2nc(N3CCCC3)nc(-c3nc(-c4ccc(NC(N)=O)cc4)cc(-c4ccc(C#N)c(C#N)c4)n3)c2C#N)cc1,26.52
N#Cc1cccc(-c2nc(-c3ccc(C(F)(F)F)c(C#N)c3)nc(N3CC4CC3CO4)n2)n1,11.1
N#Cc1cc(-c2nc(-c3cnc(N4CCCC4)c(C#N)c3)nc(C3CCC(C(=O)NCc4ccnc(Cl)c4)CC3)n2)cnc1C#N,21.09
N#Cc1ccc(-c2c(C#N)cc(-c3nc(-c4cc(-n5nc(C#N)nc5-c5ccc(C#N)cc5)cc(C#N)n4)ccc3Cl)cc2C#N)cc1,21.68
N#Cc1cc(C#N)c(-c2cc(-c3ccc(F)c(C#N)c3F)c(C#N)c(-n3nc(C(F)(F)F)cc3C#N)n2)cc1C#N,18.78
N#Cc1ccc(Cc2nnc(-c3cc(-c4ccc(-c5nc(Cl)nc(Cl)n5)cc4)cc(-c4ccc(-c5ccon5)c(C#N)c4)n3)o2)cc1,33.14
N#Cc1ccc(-c2ccc(-c3nc(Cl)nc(-c4ccc(C#N)c(Br)c4)n3)cn2)cc1Br,24.41
N#Cc1ccc(-c2ccc(-c3ccnc(-n4cnc(Br)c4C(F)(F)F)n3)cc2)cc1C#N,19.69
N#Cc1cccc(Cl)c1,14.79
CCc1nc(-c2cccc(-c3cnn(C)c3C)n2)c(C#N)cc1-c1nc(C#N)ncc1C#N,26.2
N#Cc1ccc(-c2ccc(-c3nc(N4CCCCCC4)nc(-c4ccc(-c5ccc(C#N)cc5)cc4)c(=O)c3C#N)cc2)cc1,19.18
N#Cc1nc(-c2nc(C#N)c(C#N)nc2C#N)ccc1-c1cc(-c2ccnc(Cl)n2)nc(N2CC3CCC(C2)O3)n1,18.04
Cn1nc(-c2cnc(-c3ccc4c(c3)CCC4=NO)c(-c3ccc(C#N)cc3)c2)nc1-c1cccc(C#N)n1,21.31
N#Cc1cc(-c2ccc(-c3nc(C#N)c(N)[nH]3)cc2)cc(-c2ccc(F)cc2C#N)n1,21.88
N#CCCN=c1[nH]c(C(C#N)C#N)c(-c2ncnc(-c3nc(-c4cc(C#N)c(C#N)c(C#N)n4)ccc3C#N)n2)cc1C#N,24.49
N#Cc1ccc(-c2noc(Cn3c(-c4cnc(C#N)c(C#N)n4)ccc3-c3c(C#N)nc(-c4ccc(C#N)cc4)nc3OC(C#N)c3ccc(C#N)cc3)n2)cc1,31.64
N#Cc1ccc(-c2cc(-c3ccc(C#N)cc3)nc(-c3cc(-c4ccc(F)cc4)nc(-c4ccc(C#N)cc4)n3)c2)cc1,17.23
N#Cc1cc(-c2cc(-c3cnc(C#N)c(C#N)c3)nc(C#N)n2)cc(-n2cc(C#N)nc2C#CC2(O)CCCC2)n1,24.98
C=Cc1c(-c2cc(-c3ccc(C#N)cc3)cc(-c3ccc(-c4ccc(C#N)cc4)cc3)n2)cc(F)c(C#N)c1-n1cccc1C#N,27.26
N#Cc1ccc(-c2c(-c3nc(Cl)nc(-c4cnc(C#N)c(C#N)c4)n3)cn(C3CCNCC3)c2C#N)cc1,26.33
N#Cc1ccc(-c2ncc3[nH]cc(-c4csc(-c5c(-c6ccc(C#N)nc6)n(CCC6CC6)c6cc(CN)ccc6c5=O)n4)c3n2)cc1,54.22
N#Cc1ccc(N(CC(=O)Nc2cccc(C#N)c2)S(=O)(=O)c2ccc(C#N)cc2)cc1,17.59
N#Cc1cccc(C=NNC(=O)c2nc(-c3ccc(-c4cnc(-c5ccc(C#N)c(C#N)c5)c(C#N)c4)cc3)cs2)c1,27.8
N#Cc1ccc(-c2cc(-c3nccc(C#N)n3)nc(-n3c(-c4ccc(C#N)cc4)nc(-c4ccc(C#N)cc4)c3C#N)c2)cc1,15.2
N#Cc1ccc(-c2cc(-c3ccc(F)c(C#N)c3F)cc(-c3nc(-c4cnc(C#N)c(C#N)c4)n(C4CC4)n3)n2)cc1,17.49
N#CC(=O)N1CCCC(Oc2ccc(-c3nc(-c4ccc(C#N)cc4)nc(-c4ccc(Sc5ccc(C#N)c(C#N)c5)nc4)c3C#N)cc2C#N)C1,32.84
N#Cc1ccc(-c2ccc(-c3cc(-c4cccc(C#N)n4)nc(-c4cccc(C#N)n4)c3)cc2)cc1,14.16
N#Cc1ccc(-c2nc(-c3cc(-c4cc(F)c(C#N)c(C#N)c4)c(C#N)c(=N)[nH]3)nc(-c3cc(F)c(C#N)c(C#N)c3F)n2)cn1,25.43
N#Cc1ccc(N=Nc2[nH]c(-c3ccc(C#N)cc3)cc2-c2ccc(-c3cc(C#N)c(C#N)c(C#N)c3)cc2)cc1,18.39
N#Cc1ccc(COCC(=O)Nc2cnc(C(O)CO)nc2-c2ccc(-c3cnc(=N)[nH]c3)c(F)c2)cc1,31.79
N#Cc1ccc(-c2ccc(-c3nc(-c4ccc(-c5ccc(C#N)cc5)nc4)nc(-c4cnc(-c5nc(-c6ccc(C#N)cc6)nc(-c6ccc(C#N)cc6)c5C#N)nc4)n3)cn2)cc1,18.97
Cc1cnc(-c2cc(C#N)ccc2-n2c(=O)[nH]c(-c3ccc(-c4ccc(C#N)c(F)c4)cc3)c(C#N)c2=O)cc1Cl,33.3
CCCOc1cc(-c2cnc(C#N)c(C#N)c2)ccc1-c1nc(C#N)nc(C#N)n1,21.75
N#Cc1nc(-c2ccc(-c3c[nH]c(=N)c(C#N)n3)nc2)c(F)c(-n2cccc2C#N)n1,14.68
N#Cc1cncc(-c2nc(C#N)cc(-c3cc(C#N)c(C#N)c(C#N)n3)n2)c1,14.26
N#Cc1ccc(-c2ccc(C(C#N)CCn3nccc3C#N)c(C#N)n2)cc1,20.25
Cn1c(-c2ccc(Cl)cc2)c(-c2ccc(Cl)cc2Cl)c(C#N)c1-n1nc(CBr)cc1-c1ccc(-c2ccc(C#N)cc2)nc1,27.24
Cc1nc(-c2ccc(-c3ccc(C#N)cc3)c(C#N)c2)c(C#N)cc1-c1ccc(-c2cnc(N)c(C#N)n2)c(CO)n1,17.35
Cc1cc(-c2noc(-c3c(F)c(F)c(C#N)c(F)c3F)n2)c(C)n1-c1ccccc1,23.91
N#CC(=O)Nc1ccc(-c2ccc(C#N)c(-c3cc(-c4ccc(C#N)cc4)cc(-c4ccc(-c5cccc(C#N)c5)nc4)c3)c2)nc1,29.36
N#Cc1ccc(-c2ccc(-c3cc4c(cn3)OC(Cc3ccc(-c5cccc(C#N)c5)nc3)C(N)=N4)cc2C#N)cc1,28.08
N#Cc1ccc(-c2ncc3ccc(C#N)c(-c4cc(C#N)cc(-c5ccc(-c6ccc(C#N)c(C#N)c6)cn5)c4)c3n2)cc1,26.49
N#Cc1cc(-c2nc(-c3ccc(NC(=O)Cc4cccnc4)c(F)c3)nc(N3CC4CC4C3)n2)cnc1C#N,26.69
N#Cc1ccc(-c2ccc(-c3nn(-c4cccc(-c5ccc(C#N)nc5)c4F)cc3C#N)cc2)cc1,17.31
N#Cc1ccc(-c2cc(-c3cc(-c4ccccc4C#N)nc(-c4ccc(C#N)cc4)n3)nc(-c3ccc(C#N)cc3)n2)cc1,16.38
N#Cc1cccc(-c2cc(-c3ccc(-c4nc(C#N)c(C#N)nc4-c4cnc(C#N)c(C#N)c4)nc3)nc(C3CC3)n2)n1,20.69
Cc1cccc(C(C)Oc2c(C#N)cc(-c3nc(C#N)c(C#N)c(-c4nc(C#N)cn4C)n3)nc2C#N)n1,23.49
N#Cc1ccc(-c2ccc(-c3cc(-c4ccc(C#N)cc4)cc(-c4ccncc4)n3)cc2)cc1,13.63
N#Cc1ccc(-c2ccc(-c3ncc(-c4cc(-c5ccc(-c6nc(C#N)c(C#N)nc6C#N)cc5)nc(-c5ccc(C#N)c(C#N)c5)n4)cc3C#N)cc2)cc1,19.4
N#Cc1ccc(-c2ccc(-c3cc(C(F)(F)F)nn3-c3ccc(-c4cc[n+](-c5cccc(C#N)c5)nn4)cc3)cc2)cc1,28.01
N#Cc1ccc(-c2ccc(-c3nn(-c4cc(-c5ccc(C#N)cc5)cc(-c5cccc(C#N)c5)c4)nc3-c3cccc(C#N)n3)nc2)cc1,23.05
N#Cc1csc(-c2nc(-c3cnc(C#N)c(C#N)c3)nc(-c3cnn4ccncc34)n2)n1,26.52
CCS(=O)(=O)c1ccc(Oc2cc(-c3cc(C#N)c(-c4ccc(C#N)c(F)c4)nc3C(N)=O)cc(Br)n2)c(C#N)c1,26.37
N#Cc1ccc(-c2nc(-c3ccc(Cc4nnn(-c5ccc(Br)cc5)n4)cc3)cc(-c3cccc(C#N)n3)n2)cc1,27.25
N#Cc1ccc(-c2ccc(-c3cc(-c4cc(N=Cc5ccc(-c6ccc(C#N)cc6)o5)nc(F)n4)cc(-c4ccc(C#N)cc4)n3)cc2)cc1,25.64
Cn1c(C#N)ccc1-c1ccc(-c2cc(C#N)nn2-c2ccc(-c3cc(-c4ccc(C#N)cc4)nc(C#N)n3)nc2C#N)cc1,24.05
N#Cc1ccc(-c2ccc(-c3nc(C=NN=c4nc(-c5ccc(C#N)cc5)nc(-c5ccc(-c6ccc(C#N)cc6)cc5)[nH]4)nc(-c4ccc(-c5ccc(C#N)cc5)cn4)n3)cc2)cc1,25.67
CC(C)Oc1ncc(-c2nc(-c3cc(CCc4nc(C#N)c[nH]4)nc(-c4cnc(C#N)c(C#N)c4)n3)cn2C)cc1C#N,17.17
CCNCC1COC(=O)N1c1nc(-c2cccc(C#N)c2)nc(-c2ccc(C#N)c(C#N)c2)n1,21.2
N#Cc1ccc(-c2nc(-c3ccc(-c4ccc(C#N)nc4)nc3)[nH]c(=NCc3ccccc3Cl)n2)cc1,22.29
Cc1nc(-c2ccc(F)cc2)c(C#N)cc1-c1ccc(C#Cc2cc(-c3ccc(-c4cccc(C#N)n4)cc3)cc(-c3ccc(C#N)c(C#N)c3)c2)c(C#N)c1,27.12
N#CC1=C(Cc2ccc(C#N)cc2)c2ccccc2C1=O,22.57
N#Cc1ccc(-n2c(O)c3c(c2O)C2CCC3O2)cc1,18.89
CCc1nc(-c2cnc(-c3ccc(C#N)nc3)o2)c(C#N)cc1-c1cnc(Cl)c(-n2nc(C#N)cc2C#N)c1,22.58
N#Cc1ccc(-c2ccc(-c3cc(-c4cccc(C#N)n4)nc(-c4ccc(-c5ccc(C#N)cc5)cc4)n3)cc2)cc1,11.49
N#Cc1cccc(-c2nc(-c3ccc(C(F)(F)F)c(C#N)c3)nc(N3CCC(C#N)CC3)n2)n1,12.16
N#Cc1ccc(Nc2nc(-c3ccc(-c4ccc(Cl)c(F)c4)c(C#N)n3)nc(N3CCC(F)C3)n2)cc1C#N,26.64
CC(C)Oc1ncc(-c2nc(-c3nc(C#N)ccc3C#N)nc(N3CCCC(F)(F)C3)n2)cc1C#N,12.84
N#Cc1ccc(N=c2sc(-c3ccc(C=NSC(=N)Nc4ncc(-c5ccc(-c6cc(-n7nccc7C#N)ccc6C#N)cc5F)nc4C#N)cc3)ncc2C#N)cc1,40.55
N#Cc1ccc(N=C(N)Nc2ccc(-c3ccc(-c4ccc(C#N)cc4)nc3)cc2)cc1,16.21
CCN(CC)CCNC(=O)c1cc(C#N)cc(-n2nc(C#N)cc2-c2cc(-c3ccc(C#N)cc3)nc(-c3ccc(C#N)cc3)c2)c1,26.16
N#Cc1ccc(-c2nc(C#N)c(-c3cc(-c4ccc(-c5cc(C#N)nc(C#N)n5)cn4)ccn3)o2)cc1,20.42
Cc1c(-c2ccc(-c3ccc(-c4ccc(C#N)cc4)c(C#N)c3)c(C#N)c2)nn(-c2cc(C#N)cc(-c3cnc(C#N)c(C#N)c3)c2)c1CC(C)(C)C,26.67
N#Cc1ccc(-c2ccc(-c3nc(-c4ccc(-n5nc(C(F)(F)F)cc5C#N)c(F)c4)nc(-c4c(F)c(F)c(C#N)c(F)c4F)n3)cn2)nc1,13.3
COc1nc(-c2nc(-c3ccc(C#N)cc3)nc(-c3ccc(-c4ccc(C#N)c(C#N)c4)cc3)n2)ccc1-n1nccc1C#N,14.43
N#Cc1cccc(-c2cccc(-c3cnc(C(=O)N4CCOc5cc(-c6cnccc6C#N)ccc54)c(C#N)c3)n2)n1,25.33
N#Cc1ccc(-c2cnc(-c3ccc(-c4cnc(C#N)c(C#N)c4)s3)nc2-c2ccc(C#N)cc2)cc1,17.64
N#Cc1ccc(-c2ncc(-c3ccc(-c4nc(C#N)nc(-c5cc(-c6ccc(F)c(C(F)(F)F)c6)nc(-c6ccc(-c7nc(F)c(C#N)[nH]7)nc6)n5)c4C#N)nc3)cc2C#N)cc1,29.38
N#Cc1ccc(-c2ccc(-c3n[nH]c(-c4cnc(-c5ccc(-c6ccc(C#N)cn6)nc5)nc4-c4ccc(C#N)cc4)n3)cn2)cc1,21.95
N#Cc1cc(Cl)nc(N=c2nc(C#N)cc(-c3cc(-c4cccnc4F)nc(C#CC#Cc4ccc(-c5ccnc(C#N)n5)cc4)n3)[nH]2)c1,34.63
N#CCn1cc(-c2ccc(-c3ncc(-c4ccc(C#N)c(C#N)n4)cn3)cc2C#N)nn1,25.64
COCC(=O)N1CCC(c2cc(-c3cnc(C#N)c(C#N)c3)nc(-c3ccnc(C#N)n3)n2)CC1,19.77
CS(=O)(=O)c1cnc(NC2CCCCC2O)c(-c2nc(-c3cc(C#N)c(C#N)[nH]3)nc(N3CC4CC3C4)n2)n1,36.74
C=c1[nH]c(=Cc2ccc(-c3cccc(-c4nn[nH]n4)c3)nc2)c(=O)n1-c1ccc(C#N)c(C#N)c1,26.78
CC(C)Oc1ncc(-c2nc(-c3cccc(C#N)n3)cc(N3CC4CC4(C(=O)O)C3)n2)cc1C#N,15.51
N#Cc1cc(-c2cnc(C#N)c(C#N)c2)cc(-c2cc(C#N)nc(-c3cc(C#N)c(CN4CCC(O)C4)c(C#N)n3)n2)c1,18.7
N#Cc1ccc(-c2ccc(-c3cc(-c4cc(-c5cccc(-c6ccc(-c7cccc(C#N)c7)nc6)c5)nc(-c5ccc(-c6ccc(C#N)cc6)cc5)n4)nc(-c4ccc(C#N)cc4)n3)cc2)cc1,16.18
N#Cc1ccc(-c2ccc(-c3nc(-c4cccc(C#N)n4)cc(-c4nc(C#N)cc(=N)[nH]4)n3)cn2)nc1,20.73
C#Cc1cc(-c2ccc(C#N)cc2)ncc1-c1ccc2c(c1)CCc1ncc(CO)n1-2,32.19
N#Cc1cc2nc(-c3ccc(-c4ccsc4)cc3)sc2nc1C#N,23.69
N#Cc1cc(Nc2cc(C#N)c(C#N)cc2Sc2cc(C#N)nc(C#N)n2)cc(-n2cncn2)c1,25.26
CC#CC(=O)N1CC(n2nc(C#N)nc2-c2ccc(-c3ccc(Cl)cn3)c(C#N)c2)C1,22.52
Cc1cc(C#N)n(-c2cncc(-c3nc(-c4cnc(C#N)c(C#N)c4)nc(N4CC5CC4CO5)n3)c2F)n1,18.29
CCn1c(-c2ccc(F)c(C#N)c2)nc2cc(C#N)nc(-c3cc(Oc4cnc(-c5ccc(F)c(C#N)c5)cc4C#N)cc(C#N)n3)c21,41.67
N#Cc1ccc(C#Cc2nc(CO)cc(-c3cnc(-c4ccc(C#N)c(F)c4)c(C#N)c3)n2)cc1F,25.89
N#Cc1ncc(-c2nc(C#N)c(-c3cc(F)c(C#N)c(-n4nccc4C#N)c3)cc2F)cn1,27.85
Cc1oc(C2CC2)nc1C(C)Oc1ccc(-c2cc(C#N)nc(-c3cccc(C#N)n3)n2)cc1C#N,22.24
Cc1c(C#N)cc(-c2nc(-c3nc(C#N)cnc3C#N)nc(C3CN(C(=O)C4CCOCC4)C3)n2)cc1C#N,22.48
N#Cc1ccc(OC2CN(c3ncc(-c4ncnc(N5CCC(F)(F)C5)n4)cc3C#N)CC2O)nc1,26.2
N#Cc1ccc(-c2ccc(C#Cc3cc(-c4ccncc4)ncn3)cc2C#N)cc1C#N,18.48
N#Cc1ccc(-c2nc(-c3ccc(C#N)c(C#N)c3)cc(-c3ncccc3C#N)n2)cc1,14.36
N#Cc1ccc(-c2ncc(-c3cn(-c4ccc(C#N)c(-c5ccc(C#N)c(C#N)c5)c4)nn3)cc2C#N)cc1,16.01
N#Cc1ccc(-c2ccc(-c3nc(=N)c(C#N)c(-c4cnc(C#N)c(C#N)c4)[nH]3)cc2C#N)cc1,14.87
N#Cc1cc(F)cc(C#N)c1,14.73
COc1cc(OC)nc(COc2cc(C#N)ccc2-c2c(-c3ccc(C#N)cc3)nc(-c3ccc(-c4ccc(C#N)cc4)nc3)n2C)n1,24.39
Cc1nc(SCc2c(F)c(F)c(C#N)c(F)c2F)nc(-c2ccc(C#N)cc2)n1,19.84
N#Cc1ccc(-c2cccc(-c3cc(-c4cccc(C#N)n4)nc(-c4ccc(-c5cccc(C#N)n5)c(C#N)c4)n3)c2)cc1,13.67
N#Cc1cc(-c2ccc(C#N)nc2)cc(N(Cc2ccccc2)S(=O)(=O)c2ccc(-c3nc(C#N)nc(C#N)n3)cc2)c1,26.67
N#Cc1ccc(-c2cc(-c3cnc(C#N)c(C#N)c3)nc(-c3cc(-c4ccc(C#N)cc4)c(C#N)nc3C#N)c2)cc1,15.51
N#Cc1ccc(C(C#N)C(=O)N2CCC3(C2)CN(c2nc(-c4cnc(C#N)c(C#N)c4)nc(-c4cc(C#N)c(C#N)cn4)n2)CO3)cc1,38.13
Cn1c(-c2ccc(C#N)cc2)nc(C#N)c1-c1cc(C#N)c(C#N)cc1C#N,21.88
N#Cc1ccc(-c2cc(-c3ccc(-c4cccc(C#N)n4)cn3)nc(-c3ccc(C#N)cc3)n2)cc1,13.01
N#Cc1ccc(-c2nc(-c3cc(C#N)c(C#N)c(C#N)c3)nc(N3CCCn4nc(C#N)cc43)n2)cc1,23.08
N#Cc1ccc(N=c2ncc(-c3cc(-c4nc(-c5ccc(-c6ccc(C#N)cc6)nc5)nc(-c5ccc(-c6ccc(C#N)cc6)c(C#N)c5)n4)nc(C#N)n3)c[nH]2)cc1,27.02
N#Cc1ccc(-c2ccc(-c3nc(C4CC4)c(-c4nc(-c5cnn(C6CCN(C7CCS(=O)(=O)CC7)CC6)c5)cs4)c(F)c3C#N)cc2C#N)cc1,34.26
N#Cc1ncc(-c2ccc(-c3nc(-c4cc(C#N)c(C#N)c(C#N)c4)nc(N4CCC(N)CC4)n3)cc2)cn1,15.46
N#Cc1cc(F)c(F)cc1-c1cc(N2CC3CCCOC3C2)nc(-c2cc(C#N)c(C#N)c(C#N)n2)n1,26.21
N#Cc1ccc(Oc2c(F)ccc(-c3c[nH]c(=N)c(-c4nc5nc(C#N)ccc5[nH]4)n3)c2F)cn1,29.38
N#Cc1ccc(Nc2[nH]c(-c3ccc(-c4ccc(N=[N+]=[N-])c(C#N)c4)cc3)nc2C#N)cc1,25.13
N#Cc1cc(-n2nc(C(=O)O)cc2C#N)cc(-c2cc(C#N)c(-c3ccc(C#N)c(F)c3)cn2)n1,18.45
N#Cc1ccc(-c2ccc(-c3cc(-c4nccc(C#N)n4)nc(C#N)c3C#N)cn2)nc1,21.2
COc1ncc(-c2ccc(Cc3nn(-c4ccc(C#N)cc4)c(=O)c4cc(-c5ccc(C#N)cc5)c(-c5ccc(C#N)cc5)nc34)cc2)cn1,29.55
COc1cccc(-c2cc(-c3ccc(C#N)cc3O)[nH]c(=O)c2C#N)c1F,21.31
N#Cc1ccnc(-c2ccc(F)c(-c3nc(C(=O)Nc4cnc(-c5nc(C#N)c(C#N)[nH]5)nc4)ccc3C#N)c2)n1,20.65
N#Cc1ccc(-c2cc(-c3cnc4c(-c5ccc6ccccc6c5)cccc4n3)cc(-c3ccc(C#N)c(C#N)c3)n2)cn1,32.46
CCCOc1ccc(C(=O)NC)cc1-c1cc(-c2ccc(C=CC#N)o2)cc(-c2ccc(C#N)cc2)n1,36.46
CSc1ncc(-c2ccc(C#N)cc2)c(-c2ccc(-c3cc(C#N)c(-c4cc(C#N)c(C#N)cc4C#N)s3)nc2C#N)n1,26.67
N#Cc1ccc(-c2ccc(C#Cc3ccc(-c4ccc(C#N)nc4)nc3)cc2C#N)cc1,12.59
Cc1cc(C#N)nc(-c2nc(-c3ccc(C(F)(F)F)c(C#N)c3)nc(N3CC4CC3C4)n2)c1,11.96
N#Cc1cnc(-c2ccc(-c3[nH]c(CF)nc3-c3ccc(-c4nc(C#N)c(C#N)nc4C#N)c(F)c3)cc2)cn1,29.35
COc1nc(C#N)c(C#N)cc1-c1nc(C#N)nc(-c2cc(C#N)c(C#N)c(C#N)n2)n1,17.59
N#Cc1ccc(-c2ccc(-c3nc(-c4ccccc4C#N)cc(-c4ccc(C#N)c(C#N)c4)c3C#N)s2)cc1,18.77
N#Cc1ccc(-c2nc(-c3ccc(-c4cccc(C#N)c4)nc3)nc(-c3ccc(-c4nc(C#N)cc(C=C(F)F)n4)nc3C(F)(F)F)n2)cc1,33.45
N#Cc1ccc(-c2cc(-c3cccc(C#N)c3)nc(-c3ccc(-c4cccc(C#N)n4)c(F)c3)n2)cc1,20.27
N#Cc1cccc(-c2ccc(-c3nc(-c4cc(C#N)c(C#N)c(N)n4)nc(N4CC5CC4C5)n3)cn2)c1F,17.82
N#Cc1ccc(-c2cccc(Cc3c(C#N)nc(-c4cnc(-c5ccc(-c6ccc(F)c(C#N)c6)cc5)c(-c5ccc(C#N)cc5)n4)nc3-c3cncc(C#N)n3)c2)cc1,34.35
N#Cc1ccc(-c2ccc(-c3coc(-c4cc(-c5cccc(Br)c5)c5cccnc5c4)n3)cn2)cn1,34.17
N#Cc1ccc(-c2c(C#N)cc(-n3cc(-c4cnc(C#N)c(C#N)c4)cn3)nc2C#N)cc1C#N,18.32
Cc1nc(C#N)c(C#N)nc1-c1cc(C#N)nc(-c2nc(-c3cc(C#N)c(C#N)c(C#N)n3)ccc2C2CCC(F)(F)CC2)n1,14.24
COCc1nnc(-c2cc(-c3cccc(F)c3F)c(-c3ccc(-c4ccc(C#N)nc4)nc3)nc2C#N)o1,28.23
N#Cc1ccc(-c2nc(-c3ccc(C=Nc4ccc(C#N)c(C#N)c4)cc3)nc(-c3ccc(C=Nc4cc(O)c(N)cc4O)cc3)n2)cc1,12.37
O=C1CC(Cn2cccn2)CN1c1ccc(-c2ccc(-c3nc4cc(F)c(F)cc4[nH]3)cc2)cc1,33.12
N#CC#Cc1cnc(-c2ccc(C#N)nc2-c2ccc(-c3cnc(Cl)c(C#N)n3)cc2)nc1,25.8
CC(C)c1nc(C#N)ncc1N=c1[nH]cc(-c2ccc(C3CC3)nc2)n1-c1ccc(C#N)c(F)c1,30.84
N#Cc1ccc(-c2nc(N3CCC(N4CCCCC4)CC3)c(C#N)cc2-c2ccc(-c3cc(C#N)nc(-c4cnc(C#N)c(C#N)c4)n3)cc2C#N)cn1,30.47
CS(=O)(=O)c1ccc(C#N)nc1-c1nc(-c2cc(C#N)c(C#N)c(C#N)n2)nc(N2CC3(COC3)C2)n1,19.31
CC(=O)N(C)CCn1c(C2CC2)nc(-c2ccc(-c3cnco3)c(C#N)c2)c1-c1ccncn1,27.55
CC(CC#N)n1c(-c2ccc(-c3nc(C#N)c[nH]3)cc2)cc(-c2ccc(C#N)cc2)c1-c1ccncc1,25.02
CC(=O)N1CCN(c2nc(-c3cnc(C(F)(F)F)c(C#N)c3)nc(-c3nc(C#N)ccc3C#N)n2)CC1C,19.51
N#Cc1ncc(-c2cc(F)c(-c3cnc(=N)[nH]c3)c(F)c2)nn1,18.85
Clc1ccc(-c2ncc(C=NCCCCN=c3cc[nH]c4cc(Cl)ccc34)c(-c3ccc(Cl)cc3Cl)n2)c(Cl)c1,24.18
N#Cc1cc(-c2ccc(C#N)c(-c3c(C#N)ccc(-n4cccc4C#N)c3F)c2F)nc(-c2ccc(-c3ccsc3Cl)c(C#N)c2)n1,37.34
CNc1sc(-c2cc(-n3nc(C(F)(F)F)cc3C#N)cc(-c3ccc(C#N)nc3)n2)nc1C#N,15.68
Cc1c(-c2nc(-c3cnc(C#N)c(C#N)c3)nc(-c3cccc(C#N)n3)n2)nc(Cl)nc1N1CCCC1CO,18.76
N#Cc1cc(-c2ncc(-c3nc(C4CCOCC4)nc(N4CC5CC4CO5)n3)cc2C#N)ccn1,19.14
Cc1cc(OCc2cccnc2C#N)cc(-c2nn(C)cc2-c2ccc(-c3ccc(C#N)cn3)nc2)c1,26.41
C#Cc1ccnc(-c2ccc(-c3cc(C#N)c(-c4cnc(-c5ccc(-c6cccc(C#N)n6)cc5)c(C#N)c4)nc3C(=O)O)c(C#N)c2)c1,34.7
CN(C)C1(C#N)CCN(c2nc(-c3cnc(C#N)c(C#N)c3)nc(-c3ccc(-c4ccc(C#N)c(F)c4)c(F)c3F)n2)C1,20.03
N#Cc1ccc(-c2cc(-c3ccc(C#N)cc3)nc(-c3cc(-c4ccc(C#N)cc4)nc(-c4cc(C(N)=O)ccc4C#N)c3)c2)cc1,21.51
N#Cc1ccc(-n2ccc(-c3cc(-c4ncccn4)nc(-c4ccc(-c5ccc(Cl)c(Cl)c5)cc4)n3)n2)cc1C#N,22.75
N#Cc1cc(-c2nc(C#N)c(-c3c(C#N)sc(N)c3C#N)cc2C#N)cnc1C#N,24.24
CC(C)(C)C(NC(=O)OCc1ccccc1)C(=O)NC(CC1CCNC1=O)C(=O)c1oc2c(-c3cnc(-c4ccccc4)c(C#N)c3)cccc2c1CCCOc1ccc(C#N)cc1,44.17
N#Cc1cc(-c2ccc(-c3nc(C#N)c(N)nc3C#N)cc2F)cc(-n2nccc2C#N)c1C#N,22.28
CCc1nc(-c2cnc(OC)nc2)c(C#N)cc1-c1c[nH]c(=Nc2ccc(C#N)c(Cl)c2)c(C#N)n1,28.68
N#Cc1ccc(-c2nc(-c3cc(-c4cnc(C#N)c(C#N)c4)nc(N4CCC(O)C4)c3)c(C#N)c(-c3sc(C#N)cc3O)n2)cc1,26.3
N#Cc1ccc(-c2ccc(-c3cc(C4CCC(O)(CF)CC4)nc(-c4cc(Cl)c(C#N)cc4Cl)n3)cn2)cn1,32.26
Cc1c(C#N)cc(-c2nc(-c3nc(C#N)ccc3C#N)nc(N3CC4CC3C4)n2)cc1C#N,9.57
COCc1nc(-c2csc(C#N)c2)nc(-c2cccc(CCc3cnc(-c4ccc(C#N)cc4)c(C#N)c3)n2)n1,32.55
N#CCOc1ccc(-c2ccc(-c3nc(-c4ccc(-c5ccc(C#N)cc5)cc4)ncc3-c3ccc(-c4ccc(C#N)cc4)nc3)cc2C(F)(F)F)cc1,26.14
N#CCc1nc(-c2ccc(-c3noc(CO)n3)c(C#N)c2)nc(-c2cc(C#N)c(C#N)[nH]2)n1,20.32
N#Cc1cc(=Nc2nccc(C(F)(F)F)n2)[nH]c(-c2ccc(C3CCN(CC(O)CO)CC3)cc2)n1,30.4
CN1C(=O)CCC1Cc1nc(-c2c(F)cc(C#N)cc2F)c(C#N)cc1-c1nc(-c2cnc(C#N)c(C#N)c2)nc(-c2ccc(F)c(C#N)c2F)n1,26.72
N#Cc1ccc(-c2nc(-c3cccc(-c4nc(C#N)c(C#N)nc4-c4ccc(C#N)cc4)c3)nc(-c3cccc(C#N)n3)n2)cc1,17.9
CC(C)c1nc(-c2cc(-c3ccc(C#N)cc3)nc(-c3cc(F)cc(F)c3)n2)ccc1-c1cc(C#N)c(C#N)cc1-c1cnc(N)c(C#N)n1,19.49
CCC(c1ccc(-c2cc(C#N)cc(C#N)c2)c(F)c1)n1ccc(-c2ccc(-c3ccc(C#N)cc3)c(C#N)c2)n1,25.22
N#Cc1ccc(-c2ncc(-c3nc(C#N)c(-c4cccc(C#N)n4)n3Cc3cccc(C#N)c3)cc2C#N)nc1,19.86
N#Cc1cc(-c2nccc(-c3cc(C#N)c(C#N)c(C#N)n3)n2)ccc1-c1cc(F)c(C#N)c(F)c1,17.67
N#CCc1nc(-c2ccc(C#N)cc2)nc(-c2cc(C#N)c(C#N)[nH]2)n1,11.78
N#CNC=Nc1nc(C#N)nc(N=CN2CCN(C=O)CC2)n1,17.25
Cc1nnc(-c2ccc(-c3nc(C#N)nn3CCC3CCC(NC(=O)C=CCN(C)C)CC3)cc2C#N)o1,20.3
Cn1cc(C#N)nc1-c1cc(-c2ccc(C#N)cc2)cc(-c2nc(C#N)c(-c3ccc(-c4ccc(C#N)cc4)cc3)nc2-c2ccncc2)n1,22.42
CC(Oc1ncc(-c2noc(-c3ccc(C#N)cc3)n2)cc1C#N)C(F)(F)F,15.64
COc1cc2c(=Nc3cccc(Br)c3)[nH]cnc2cc1OCC1OCCCN(CCCN)C1=O,31.48
COc1cc(-c2ccc(C#N)c(F)c2)ccc1-c1ncc(C#CCCCO)c(-c2ccc(-n3cnc(C)c3)c(OC)c2)n1,33.64
N#Cc1cc(-c2nc(-c3cnc(C#N)c(C#N)c3)nc(N3CC4CC3CO4)n2)c(F)c(-n2nccc2C#N)c1,15.31
N#Cc1nccc(-c2nc(-c3cnc(C#N)c(C#N)c3)nc(N3CCCC4(C3)OCCCO4)n2)n1,23.78
N#Cc1ccc(Nc2nc(C#N)c(C#N)c(C#N)c2-n2c(C#N)ccc2C#N)cc1C#N,15.25
N#CC(=CC=Cc1ccc(-c2ccc(C#N)cc2)cc1)c1nc(-c2ccc(-c3ccc(C#N)cc3)cc2)n[nH]1,20.05
COCCc1nc(-c2ccc(-c3ccc(C#N)cc3)cc2)nc(-c2ccc(-c3ccc(C#N)cc3)cc2)c1-c1nc(C#N)c(N)c(C#N)n1,23.51
Cn1cncc1CN1CCN(C(=O)c2ncc(-c3ccc(-c4cccc(-c5ccc(C#N)cc5)n4)c(-c4ccc5nc(C#N)nn5c4)c3)s2)CC1,48.83
CC1(O)CC(c2nc(-c3ccc(-c4cnc(=N)[nH]c4)nc3)nc(-c3cc(C#N)c(C#N)[nH]3)n2)C1,18.31
Cc1cc(-c2onc(C)c2C)c(C#N)cc1-c1nc(-c2nc(C#N)nc(N3CCOCC3C)c2C)nc(N2CC3CNCC3C2)n1,34.21
N#Cc1ccc(-c2ccc(-c3nc(Cn4nccc4C#N)nc(-c4cncc(C#N)c4)n3)c(C#N)c2)nc1,23.56
Cn1nnc(-c2ccc(-c3cnc(-c4ccc(-c5ccc(C#N)cc5F)c(C#N)c4)c(-c4ccc(C#N)cc4)c3)cn2)n1,25.59
C=CCC1CN(C(=O)C(=O)c2c[nH]c3cc(C#N)c(C#N)cc23)c2ccc(OC)cc2NC1=O,41.56
N#Cc1ccc(-c2cc(-c3ccc(-c4cccc(C#N)n4)cc3)[nH]c(=O)c2C#N)cc1,19.34
N#Cc1ccc(-c2ccc(-c3cc(-c4cccc(-c5ccc(C#N)cc5)c4)cc(-c4ccc(-c5cnc(C#N)c(C#N)c5)nc4)n3)cc2)cc1,15.38
CN(CCC#N)c1nnc(-c2cc(-c3ccc(C#N)cc3)c(F)c(-c3ccc(C#N)cc3)n2)cc1C#N,20.38
Cn1nccc1-c1cc(-c2ccc(C#N)c(-c3cc(F)cc(C#N)c3)c2)nc(-c2ccc(C#N)cc2)n1,22.0
Cc1cc(C#N)nc(-c2nc(-c3cnc(CN4CCC(C#N)CC4)c(C#N)c3)nc(N3CC4CC3C4)n2)c1F,25.18
N#Cc1ccc(-c2nc(-c3nc(-c4cccc(F)c4F)nc(C4CCOC4)n3)cc(C#N)c2C#N)cc1,15.7
N#Cc1nc(-c2ccc(C#N)c(C#N)c2)cc(-c2nc(-c3ccc(C#N)c(C#N)c3)nc(N3CC(F)C(F)C3)n2)n1,21.57
COc1ccc(OC)c(-c2nc(CN(C(=O)c3ccc(-c4ccc(C#N)cc4)cc3)C3CCN(C(C)=O)CC3)cn2C)c1,33.22
CC(C)(C#N)Nc1ccc(-c2ccc(-c3cc(C#N)cc(-c4nccc(C#N)n4)c3)cc2C#N)nc1C#N,17.82
CCc1cc(-c2ccc(-c3cc(F)cc(-c4cnc(-c5ccc(C#N)cc5)c(C#N)c4)c3)cn2)nc(C#N)n1,20.09
CC(=O)NC(C#N)c1ccc(-n2nc(-c3ccc(-c4ccc(C#N)cc4)cc3)cc2-c2ccc3ncccc3c2)cc1,35.08
N#Cc1cncc(-c2ccc(-c3ccnc(-c4nc(N5CC6CC5C6)nc(-c5ccc(C#N)c(C#N)c5)c4C#N)n3)cc2)n1,19.2
Cc1ncn(-c2cc(C#N)cc(-c3nc(-c4cnc(C#N)c(C#N)c4)nc(N4CC(F)C4)n3)c2)n1,15.8
Cn1cnc2c(-c3ccc(-c4cnc(C#N)c(C#N)c4)cc3)cc(-c3cccc(C#N)n3)nc21,19.73
CCNc1c(C#N)nc(-c2ccc(F)c(-c3ccccn3)c2)n1C,23.3
N#Cc1ccc(-c2ccc(-c3nccc(CCc4nc(-c5cnc(C6CC6)c(C#N)c5)nc(-c5cc(C#N)c(C#N)[nH]5)n4)n3)cc2C#N)cc1,23.03
N#Cc1cc(F)cc(-c2ccc(C#Cc3nc(C#N)nc(N4CCN(C#N)CC4)n3)cn2)c1,21.5
N#Cc1cccc(C#Cc2nc(-c3ccc(-c4nnco4)c(C#N)c3)nc(N3CCC(F)C3)n2)c1,22.05
N#Cc1ccc(-c2nnc(-c3ccc(-c4[nH]c(-c5cc(F)c(C#N)c(F)c5F)nc4-c4ccc(-c5cnc(C#N)c(C#N)c5)c(C#N)c4)cn3)s2)cc1,23.98
N#CC=Cc1cccc(-c2ccc(-c3ccc(C#N)nc3)nc2)n1,17.77
N#Cc1ccc(-n2cnc(-c3ccc(-c4cccc(C#N)c4)cc3)n2)cc1,12.48
N#Cc1ccc(-c2ccc(-c3c(C#N)nn(-c4cnc(C#N)c(C#N)n4)c3C#N)cc2)nc1,14.96
Cc1c(F)cc(C#N)nc1-c1nc(-c2ccc(C#N)c(C#N)c2)nc(N2CC3CCC(C2)O3)n1,18.62
N#Cc1ccc(-c2nc(N)c(C#N)nc2-c2nc(-c3ccc(-c4ccc(C#N)c(F)c4)cc3)nc(-c3cncc(-c4ccc(C#N)cn4)c3)n2)cc1,20.24
N#Cc1ncc(-c2ccc(-c3c4c(=N)[nH]cnc4nn3-c3cccc(-c4ccc(C#N)c(F)c4)c3)cc2)cn1,26.53
N#Cc1ccc(-c2cc3nc(-c4ccc(C#N)cc4)n(NC(=O)C4CCCCC4)c(=O)c3cn2)cc1,28.78
N#Cc1cccc(C#Cc2cnc(-c3cnc(-c4ccc(F)cc4)c(C#N)c3)nc2)n1,15.39
Cc1cc(=N)[nH]c(=NC(=O)CSc2nc(-c3ccc(C#N)cc3)nc3c2Cc2c([nH]c(C)c2CO)C3)[nH]1,24.41
N#Cc1cc(Oc2cncc(O)c2)cc(-c2nc(-c3cnc(C#N)c(C#N)c3)nc(N3CC4CCC(C3)O4)n2)c1,25.43
COc1ccc(C=C(C#N)C#Cc2ccc(-c3ccc(-c4cccc(C#N)n4)c(F)c3)nn2)cc1C#N,32.59
Cn1c(-c2c(C#N)nc(C#N)nc2-c2cnc(Cl)c(C#N)n2)cc(C#N)c1-c1cnc(C#N)o1,23.92
N#Cc1ccc(-c2cccc(-c3cc(C#N)nc(-n4cc(-c5ccc(-c6ccc(C#N)c(C#N)c6)nc5)nn4)c3)n2)cn1,25.92
N#Cc1ccc(-c2ccc(-c3nc(-c4ccc(-c5ccc(C#N)cn5)cc4)nn3-c3ccc(C#N)c(-c4ccc(C#N)cc4)c3)nc2)cc1,16.65
N#Cc1ccc(-c2nc(-c3ccc(C#N)cc3)nc(-c3cccc(-c4cn(-c5ccc(C(=O)O)c(C#N)c5)cc4C#N)c3)n2)cc1,26.51
N#Cc1ccc(-c2ccc(NC(=N)N)cc2-c2ccc(-c3ccc(C#N)cn3)cc2)cc1,21.83
N#Cc1ccc(-c2ccc(-c3cc(C#N)c(-c4cnnn4-c4ccccc4Cl)c(C(F)(F)F)n3)cc2C#N)cc1,26.85
CN(C)Cc1ncc(-c2nccc(-c3cc(-c4nc(C#N)c(C#N)cc4-c4cccc(C#N)n4)nc(C#N)n3)n2)cc1C#N,22.2
N#Cc1ccc(-c2ccc(-c3nc(-c4ccc(-c5ccc(C#N)cc5)nc4)[nH]c3-c3ccc(-c4ccc(C#N)cc4)c(F)c3)cc2)cc1,20.91
N#Cc1ccc(-c2ccc(-c3nc(-c4ccc(-c5ccc(C#N)cc5)cn4)ncc3-c3ccc(-c4csc(C#N)n4)cc3)cc2)cc1,25.42
N#Cc1ccc(-c2nc(-c3cccc(C#N)c3)cc(-c3cccc(C#N)n3)n2)cc1,14.14
N#Cc1ccc(-n2c(N)c(C#N)c3sc(C(=O)N(c4ccccc4)c4ccccc4)cc3c2=O)cc1,28.73
CCc1ccc(-c2cc(C#N)c(C#N)c(C#N)n2)nc1-c1nc(C#N)ccc1C#N,11.34
N#Cc1cc(-c2nc(-c3cc(C#N)c(N4CC(F)C4)nn3)c(F)c(-c3cnc(C#N)nc3)c2F)nc(C#N)n1,17.16
N#Cc1cc(-c2nc(-c3ccc(F)c(C#N)c3F)cc(N3CCC(F)(F)C3)n2)nc(C#N)c1C#N,16.2
CC(O)COc1nc(-c2nc(-c3cnc(OC(F)F)c(C#N)c3)cc(N3CC4CC4C3)n2)cc(C#N)c1C#N,20.38
N#Cc1ccc(-c2ccc(-c3cc(C#N)nn3-c3cc(C#N)cc(-c4cccc(C(=O)NCCCF)c4)c3C#N)cc2)cc1,25.1
CCN(CC)c1c(C#N)c2nc(-c3ccc(-c4cnc(C#N)c(F)n4)cc3)cc(C#N)c2n1-c1ccc(C#N)cc1,32.48
CN(C)C(=O)c1ncc(-c2nc(-c3cnc(-c4ccc(F)cc4)c(C#N)c3)nn2C2CCC2)cc1C#N,23.68
N#Cc1ccc2nc(CNS(=O)(=O)c3ccc(F)cc3F)n(-c3cnc(Cl)c(-n4cc(C#N)cn4)n3)c2c1,40.18
N#Cc1cc(-c2cncc(C3CCN(c4nc(-c5cnc(C#N)c(C#N)c5)c(C#N)nc4-c4ccnc(Cl)n4)CC3)n2)ccc1F,24.57
CC(=O)Nc1c(C#N)nc(-c2ccc(-c3ccc(C#N)cc3)cc2)nc1Nc1ccc(-c2nc3cc(C#N)ccc3[nH]2)cc1,17.2
N#Cc1ccc(-c2ccc(-c3c(C#N)c(C#N)c(N)n3-c3cccc(C#N)c3)cc2)cc1,15.04
N#Cc1ccc(-c2ccc(-c3nc(-c4ccc(-c5ccc(C#N)c(C#N)c5)cn4)nn3-c3ccc(-c4ccc(C#N)cc4)cc3C#N)cc2)cc1,20.69
N#Cc1ccc(-c2cc(-c3ccnc4cc(F)c(-c5cnc(C#N)c(C#N)c5)cc34)cc(-c3ccncc3)n2)cc1,26.23
CCN(CC)c1ncc(-c2nc(-c3ccc(-c4ccc(C#N)cc4)cc3)nc(-c3ccc(-c4ccc(F)c(F)c4)c(C#N)c3)n2)cc1C#N,18.94
CC(C#N)Oc1ncc(-c2nc(-c3ccccc3OC(F)F)nc(N3CCC(F)C3)n2)cc1C#N,17.2
N#Cc1ccccc1Cn1ncc(-n2ccnc2)n1,21.78
N#CC(C#N)=Cc1cccc(-c2ccc(-c3nc(-c4cnc(C#N)c(C#N)n4)cc(-c4ccc(C#N)nc4-c4ccc(F)cc4)n3)s2)n1,25.7
Cn1c(=Nc2cc(-c3ccc(C#N)c(C#N)c3)cc(C(F)(F)F)c2)nc(-c2ccc(-c3ccc(C#N)cc3)nc2)[nH]c1=Nc1ccc(F)c(C#N)c1F,37.45
CC(CO)n1nc(-c2ccc(-c3ccc(C#N)cc3)cc2)nc1-c1cnc(C#N)c(C#N)c1,13.95
N#Cc1ccc(-c2ccc(-c3nc(-c4ccc(C#N)cc4)nc(C4CCCCN4C(=O)c4ccc(C#N)cc4-c4ccc(C#N)cc4)n3)cn2)cc1,24.92
N#Cc1ccc(-c2ncc(-c3cc4nc(-c5cccc(C#N)n5)[nH]c4cn3)cc2C#N)nc1,19.65
N#Cc1ccc(Nc2nc(-c3ccc(-c4ccc(C#N)nc4)nc3)nc(-c3ccc(C#N)cc3)c2-c2ccc(-c3ccc(C#N)nc3)cc2)cc1,23.99
Cc1nc(C#N)c(C#N)cc1-c1nc(-c2cc(F)c(C#N)c(C#N)c2)cc(-c2cccc(F)c2C#N)n1,31.05
N#Cc1nc(-c2cnc(-c3cnc(C#N)c(C#N)n3)c(C#N)c2)n(C2CCCC2)n1,14.77
C#CCn1c(-c2ccc(C#N)cc2)cc(-c2ccc(C#N)cc2)c(C#N)c1=O,16.13
N#Cc1cc(-c2ccc(N3CCC(O)C3)c(-c3ccc(N4CCN(CC(C#N)C#N)CC4)nn3)n2)nc(C#N)c1C#N,28.91
N#CC=Cc1ncnc(-c2cc(-c3ccc(C#N)cc3)cc(-c3ccc(C#N)cc3)n2)n1,17.86
N#Cc1ccc(-c2nc(-c3cc(F)cc(F)c3)nc3c2CC(C(=O)N2CCOCC2C#N)CC3)cn1,32.89
CCc1nc(-c2cc(Cl)ccc2Cl)c(C#N)cc1-c1ccc(-c2cnc(C#N)nc2)cc1C#N,22.08
N#Cc1ccc(-c2cc(-c3ccc(C#N)cc3)nc(-c3ccc(-c4ccc(C#N)c(C#N)c4)cc3)c2)cc1,15.71
N#Cc1ccc(-c2ccc(-c3cc(C#N)nn3-c3cccc(-c4ccc(-c5nnco5)c(C#N)c4)c3)cc2)cc1,17.85
N#CCc1[nH]c(-c2nc(-c3cnc(C#N)c(C#N)c3)nc(-c3cnc(C#N)cn3)n2)cc1C#N,16.08
COc1cc(-c2nc(-c3ccc(C#N)cc3)nc(-c3cc(C#N)c(N(C)C)nc3N)n2)ccc1-n1cnc(C)c1,24.48
N#CC=Cc1cccn1-c1cnc(-c2ccc(C#N)cc2)c(C#N)c1,20.21
N#Cc1ccc(-c2cc(-c3cc(C#N)cc(-c4ccc(C#N)cn4)c3)nc(-c3ccc(C#N)c(C#N)c3)c2)cc1,20.11
N#Cc1ccc(-c2nc(-c3ccc(C#N)cc3)c(C#N)c(-c3cc(-c4cccnc4F)cc(-c4ccc(-c5ccnc(C#N)c5)s4)n3)n2)cc1,33.25
N#Cc1ccc(-c2nc(-c3nc(-c4ccc(C#N)c(C#N)c4)nc(-n4nccc4C#N)n3)cc(C(F)(F)F)n2)cc1C#N,22.64
CN(C)CCOc1cccc(-c2ccc(-c3nc(-n4[nH]c(C#N)cc4=NC(=O)c4cc(-c5ccc(F)cn5)ccc4Cl)ccc3C#N)cc2)n1,27.63
N#Cc1ccc(C#Cc2cccc(F)c2F)c(-c2cnc(C#N)c(C#N)c2)n1,12.15
Cc1ccc(-c2cc(-c3ccc(C#N)cc3)cc(-c3ccncc3)n2)nc1,20.05
CCN=c1[nH]c(C(C#N)c2cc(C#N)nc(-c3cncc(C#N)c3)c2)nc(=Nc2ccc(C#N)c(C#N)c2)[nH]1,27.03
N#Cc1ccc(-c2cc(-c3ccncc3)nc(N(CC(=O)NCCn3cccc3C#N)c3ccc(-c4nc(C#N)ncc4C(F)(F)F)cc3)c2)cc1,35.17
N#CNc1cncc(-c2nc(-c3cnc(C#N)c(C#N)c3)nc(N3CCOCC3)n2)c1,12.63
N#Cc1nc(-c2cnc(-c3ccc(Cl)cc3)c(C#N)c2)nc(N2CCC(N)CC2)n1,18.84
Cc1cc(=O)oc(C)c1C(=O)Nc1cnn(Cc2c(C)noc2C)c1,22.89
N#Cc1ccc(-c2ccc(-c3nc(-c4cc(C#N)cc(-c5ccc6c(c5)C(=NO)c5ccccc5C6=O)n4)c(-c4ccc(-c5cscn5)cc4)n3CO)cc2)cc1,36.07
Cc1sc(C)c(-c2ccc(-c3cc(-c4ccc(C#N)nc4)nc(-c4ccc(C#N)cc4)n3)nc2)c1C#N,23.31
Cc1ccc(-n2nccc2C#N)cc1-c1nc(-c2cc(C#N)c(C#N)c(C#N)c2)nc(N2CCOCC2C)n1,16.56
Cn1c(-c2ccc(-c3ccc(C#N)nc3)c(F)c2F)nc(C#N)c1NCC#Cc1cnc(C#N)c(C#N)c1,27.81
CC(C)Oc1ncc(-c2nc(-c3ccc(-c4ccc(C#N)cn4)nc3)nc(N3CCC(O)C3)n2)cc1C#N,13.71
N#Cc1ncc(-c2nc(-c3cnc(C#N)c(C#N)c3)nc(N3CCOCC3CO)n2)cn1,15.43
N#Cc1ccc(-c2ccc(-c3c(C#N)c(-c4ccc(-c5cccc(F)c5)cc4)c(C#N)c4nn(-c5ccc(-c6ccc(F)c(C#N)c6)c(F)c5)c(=O)n34)cc2)cc1,31.95
Cc1nc(-c2cnc(C#N)o2)c(C#N)cc1-c1ccc(-n2nc(C#N)cc2-c2ccc(-c3ccc(C#N)cc3)cc2)c(C#N)c1,14.01
N#Cc1ccc(-c2ccc(-c3nc(-c4ccc(-c5ccc(-c6ccc(C#N)cc6)c(C#N)c5)cc4)nc(S(=O)(=O)c4ccc(Cl)s4)n3)cn2)cc1,29.16
N#Cc1ccc(-c2ccc(C(ON=Cc3cc(Cl)ccc3-n3nccc3C#N)c3ccccn3)cn2)cc1,28.63
N#Cc1ccc(-c2ccc(-c3cc(C#N)nn3-c3ccc(S(=O)(=O)CCN4CCc5cc(-c6ccc(C#N)cc6)ccc5C4)cc3C#N)cc2)cc1,24.51
N#Cc1ccc(-c2ccc(-n3c(-c4cc(C#N)c(C#N)s4)nc(-c4cnc(N)c(C#N)n4)c3C#N)cc2)cc1C#N,25.0
N#Cc1ccc(-c2ccc(-c3nc(-c4ccc(-c5ccc(C(N)=O)cn5)nc4)nc(-c4ccc(C#N)c(C(F)(F)F)c4)n3)cc2)cc1,19.6
CCc1ncnc(-c2ccc(C#N)c(F)c2)c1C#Cc1cnccc1C#N,18.33
N#Cc1ccc(-c2nc(-c3cc(C#N)nc(C(F)(F)F)n3)cc(C#N)c2C#N)cc1,12.53
Cn1nc(-c2cc(C#N)c(-c3ccc(-c4cccc(C#N)n4)nc3)c(F)c2F)nc1-c1ccnc(C#N)n1,18.68
Cc1nnc(-c2ncc(-c3nc(C#N)nn3C(C)C3CCC(CO)CC3)cc2C#N)o1,17.21
CCN(c1nc(-c2ccc(C#N)cc2)nc(-c2cc(-c3ccc(C#N)cc3)nc(-c3ccc(C#N)cc3)n2)n1)C(C)C,19.3
N#Cc1ccc(-c2ccc(-c3cc[n+](-c4ccc(F)c(F)c4)c(C=Cc4ccc(-c5ccc(C[n+]6ccc(-c7ccc(C#N)cc7)c7ccc(C#N)nc76)cc5)cc4)n3)cc2)cc1,31.75
CC1COCCN1c1cc(-c2cncc(C#N)n2)nc(-c2cnc(C(C)(C)O)c(C#N)c2)n1,12.47
Cc1cc(C#N)nc(-c2nc(-c3cnc(C(C)(C)C#N)c(C#N)c3)nc(N3CC(F)C4OCC43)n2)c1,23.4
N#Cc1cnc(-c2cc(-c3cc(C#N)c(C(F)(F)F)cn3)nc(N3CCNCC(F)C3)n2)cn1,26.76
N#Cc1ccc(-c2ccc(-c3c(C#N)ccc(F)c3C#N)cn2)cn1,15.99
Cc1nc(CN2CCN(c3nc(-c4ccc(-c5ccc(C#N)c(F)c5)nc4)nc(-c4cnc(C#N)c(C#N)c4)n3)CC2)cs1,22.38
N#Cc1ccc(-c2ccc(-c3cc(-c4ccc(-c5nc(-c6ccc(-c7ccc(C#N)cc7)cc6)cc(-[n+]6ccc(-c7ccncc7)cc6)n5)cc4)nc(Cl)n3)cc2)cc1,17.86
N#Cc1cccc(-c2ccc(-c3nc(-c4cccc(C#N)n4)nc(-c4cc(-c5ccnc(F)n5)nc(N5CCOCC5)n4)n3)cc2)n1,20.0
Cn1c(-c2cc(-c3ccc(C#N)cc3)nc(-c3ccc(C#N)cc3)n2)csc1=Nc1ccc(-c2ncc(C#N)c(-c3ccc(-c4csc(-c5ccc(C#N)cc5)n4)cc3)n2)cc1,25.29
CCCCc1noc(-c2ccc(N=c3nccc(-c4cnc(C5CCCC5)nc4-c4ccc(F)cc4)[nH]3)c(C#N)c2)n1,29.33
CCCNC(=O)N=c1nc(-c2cnc(-c3ccc(F)cc3)c(C#N)c2)nc(-c2cnc(C#N)c(C#N)c2)[nH]1,25.09
CCCCOCC(=O)O,25.08
N#CCC(N)c1nc2cc(-c3cccc(C#N)n3)ccc2c(=O)n1-c1cncc(-c2ccc(Cl)c(Cl)c2)n1,31.75
N#Cc1ccc(-c2ccc(-c3nc(=NCc4cncc(-c5ccc(C#N)cc5)c4)[nH]cc3-c3ccccn3)cc2)cc1,23.38
N#Cc1cc[nH]c(=Nc2cc(C(N)=O)cc(-c3cnc(-c4ccc(C#N)c(F)c4)c(C#N)c3)c2)n1,24.93
N#Cc1ccc(-c2ccc(-c3nc(-c4ccc(-c5ccc(C#N)c(C#N)c5)nc4)nn3-c3ccc(Cl)c(-c4ccncc4C#N)c3)nc2)cc1,26.03
N#Cc1nc(-c2nc(-c3ccnc(-n4cncn4)c3)cc(-c3cnc(NCC#CCCl)c(C#N)n3)n2)cnc1N,31.6
CC(C#N)Oc1ccc(-c2nc(-c3ccc(C#N)cc3)nc(N3CC4C(C3)C4C(=O)O)n2)cc1C#N,18.61
N#Cc1ccc(-c2ccc(-c3nc(-c4ccc(-c5ccc(C#N)cn5)nc4)cc(-c4nc(Cl)nc(Cl)n4)n3)cc2)cc1,18.0
N#Cc1ccc(-c2ccc(-c3cc(-n4nccc4C#N)ccc3C#N)c(F)c2C#N)cc1,14.13
CC(C)Cc1noc(-c2ccc(N=c3nc(Cc4cc(C#N)ccc4Cl)[nH]cc3C#N)cc2)n1,24.47
Cc1c(C(=O)NCc2ccc(C#N)cc2)sc(=O)n1Cc1ccnc(-c2cccc(C#N)c2)n1,25.24
CC1CCCC(C)N1c1nc(-c2ccc(NC(=O)Nc3ccc(C#N)c(C(F)(F)F)c3)cc2)nc(-c2cnc(C#N)c(C#N)c2)n1,26.3
N#Cc1cc(-c2cnc(C#N)c(C#N)c2)cc(-c2nc(-c3ccc(C(F)(F)F)c(C#N)c3)nc(N3CCOCC3)n2)n1,11.38
N#Cc1ccc(Nc2cc(-c3ccc(C#N)cc3)c(-c3nc(C#N)c(-c4cnc(-c5cnc(C#N)c(C#N)c5)c(C#N)n4)nc3C#N)[nH]2)cc1,25.15
N#Cc1ccc(-c2nc(-c3cccc(-c4ccc(-c5nc(C#N)c(C#N)nc5C#N)c(C#N)c4)c3)nc(-c3cnc(C#N)c(C#N)c3)n2)cc1C#N,17.99
N#Cc1nc(F)nc(-c2ccc(CN3CCn4nc(C(F)(F)F)nc4C3C(N)Cc3ccc(F)cc3F)cc2)c1C#N,35.78
N#Cc1nc(-c2ccc(C#N)c(C#N)c2)c2ncc(-c3ccc(-c4nc(C(F)F)no4)cc3)n2n1,23.78
CCCN(CCC)CC(=O)N(C)c1cc(-c2ccc(C#N)cc2)cc(-c2nc(C#N)ccc2O)c1,36.15
N#Cc1ccc(-c2ccc(-c3cc(-c4ccc(-c5nnco5)c(C#N)c4)nc(-c4ccc(C#N)cc4)n3)cn2)cc1,17.03
N#Cc1ccc(-c2ncc(-c3ccc(-c4nc(-c5cc(C#N)c(C#N)c6ccc(C#N)nc56)n(C5CCOCC5)n4)nc3)cc2C#N)cc1,28.0
CCOc1ccc(-c2nc(C(C)N=c3cncc(C#N)[nH]3)c(-c3noc(C)n3)cc2C#N)cc1C#N,27.75
COc1nc(-c2cc(C#N)c(Cl)c(-c3ccc(-c4ccc(C#N)c(F)c4)nn3)n2)ccc1-n1nc(-c2ccc(Cl)cc2)cc1C#N,24.61
N#Cc1cc(-c2nc(C(N)=O)cc(-c3ccnc(-c4cc(F)c(C#N)c(F)c4F)n3)n2)[nH]c1C#N,18.61
N#Cc1ccc(-c2nc(-c3cc(C#N)nc(C#N)c3)cc(-n3nc(C(F)(F)F)cc3C#N)n2)cc1,12.36
Cc1c(C#N)cccc1CN(Cc1ccc(-c2ccc(C#N)cc2)nc1)c1cc(C#N)nc(-c2ccc(C#N)nc2)n1,30.21
CC(C)n1cc(-c2cc(-c3ccc(C#N)cc3)c(-c3ccncc3)nc2-c2ccc(C#N)cc2)nn1,20.21
Cc1nc(C#N)c(C#N)nc1-c1ccc(-c2cc(-c3ccc(C#N)cc3)nc(C#N)n2)cc1C#N,15.47
CCC1COCCN1c1nc(-c2ccc(C(F)(F)F)c(C#N)c2)nc(-c2nc(C#N)ccc2C#N)n1,13.55
CC(C)(C)NCC(O)COc1cccc2c(C#N)nc(-c3ccc(-c4ccc(C#N)cc4)cc3)c(-c3ccc(C#N)cc3)c12,25.38
CC(C)(C#N)Nc1c(C#N)nc(-c2ccc(-c3cc(F)cc(-c4nncc(C#N)n4)c3F)cc2F)n1-c1ccc(C#N)cc1,25.29
COC1CN(c2nc(-c3cnc(C(F)(F)F)c(C#N)c3)nc(-c3cccc(C#N)n3)n2)C1C,13.81
C#Cc1cccc(-c2ncc(-c3cc(C#N)nc(-c4nn(-c5ccc(C(=O)O)cc5)c(-c5ccc(C#N)cc5)c4C#N)n3)s2)c1,26.45
CC1(O)CC(c2cc(-c3cnc(C(F)F)c(C#N)c3)nc(-c3cnc(C#N)c(C#N)c3)n2)C1,16.95
C#CCOc1ncc(-c2ncc(-c3oc(-c4ccc(CNc5cc(Br)ccc5N(C(=O)CC#N)C(C(=O)NCc5ccc(C#N)cc5)c5ccc(C#N)cc5)cc4)cc3C#N)nc2C#N)c(OC)n1,66.52
N#Cc1ccc(-c2nc(-c3ccc(C#N)cc3)c(C#N)c(-c3cc(-c4cc(C#N)c(N)cn4)nc(-c4csc(C#N)c4)n3)n2)cc1,19.29
N#Cc1ccc(-c2ccc(-c3cc(C#N)c4c(C#N)cn(-c5ccccc5)c4n3)cc2F)cc1,23.1
N#Cc1nccc(-c2nc(-c3nc(C#N)c(N)c(C#N)n3)nc(N3CCCC3)n2)n1,23.27
C=CCN(C)CCOc1ccc(-c2ccc(C(N)=O)c(C#N)c2)cc1-c1ccc(-c2csc(C#N)c2)s1,31.8
N#Cc1ccc(-n2nc(C(N)=O)cc2C#N)cc1-c1ccc(C#N)c(-c2ccc(F)cc2C#N)c1,19.94
Cn1nnc(-c2ccc(-c3nc(-c4ccc(-c5ccc(F)cc5)c(C#N)n4)n4ncc(C(N)=O)cc34)cc2C#N)n1,29.95
CN1Cc2cc(OCCCN3CCOCC3)ccc2C(c2ccc(-n3ccc(C#N)c3)cc2)C1,26.98
N#Cc1ccc(-c2nc(C#N)cc(-c3ccc(Sc4ccnc(C#N)c4)cc3)n2)cc1,20.92
COc1cc(-c2cc(C#N)cc(-c3ccc(-c4ccc(C#N)cc4)cn3)c2)c(C#N)cc1NS(C)(=O)=O,25.81
CCCn1cc(C#N)nc1-c1cnc(-c2ccc(C#N)cc2)nc1C=Cc1ccc(-c2ccc(C#N)c(F)c2)nc1,29.23
N#Cc1ccc(-c2cc(-c3ccc(NC(=O)Cn4ccc(-c5ccc(F)cn5)n4)cc3C#N)cc(-c3cnc(-c4ccc(C#N)cc4)c(C#N)c3)n2)cc1,25.83
N#Cc1ccnc(-c2ccc(C#N)c(-c3ccc(-c4nc(C5CC5)no4)c(C#N)c3)c2)n1,13.61
CC(Oc1c(C#N)cc(-c2cc(C#N)cc(-c3nc(C#N)cn3C)n2)nc1C#N)c1cccc(C#N)c1,13.63
C#Cc1cc(Cc2ccc(C#N)c(C#N)c2)ccc1O,24.12
CC(C)n1nc(-c2cnc(OC(C)(C)C#N)c(C#N)c2)nc1-c1ccc(C#N)c(-c2nc(C#N)c(N)[nH]2)n1,21.5
COc1ccc(C#N)cc1-c1cc(-c2nc(-c3cnc(C#N)c(C#N)c3)nc(-c3cnc(C#N)c(C#N)c3)n2)ccc1C#N,17.28
CN(c1ccc2c(c1)c(-c1cnc(-c3ccc(C#N)cc3)c(C#N)c1)nn2CCc1ccc(C#N)nc1)C1CCCOC1,31.9
Cn1nc(-c2cc(-c3ccc(C#N)cc3)cc(-c3cnc(C#N)nc3)c2)nc1-c1c(F)c(F)c(C#N)c(F)c1F,16.96
Cn1cccc1-c1cccc(-c2ccc(-c3cnc(NC4CCN(Cc5ccc(C#N)cc5)CC4)c(C#N)n3)cc2)c1,21.32
N#CC(=Cc1ccc(-c2ccc(C#N)cc2)o1)c1cc(-c2n[nH]c(-c3ccncc3)n2)ccn1,25.76
Cc1ncc(C#N)n1-c1cc(-c2nc(C#N)cc(-c3cc(F)c(C#N)c(F)c3)c2F)nc(C#N)n1,18.07
N#Cc1ccc(-c2ccc(-c3nc(C#N)no3)cc2C#N)nc1,16.63
CCn1nc(C#N)cc1-c1cc(-n2nc(C#N)cc2C#N)nc(C#N)n1,16.98
N#Cc1ccc(-c2ccc(-c3cc(-n4nc(C#N)cc4-c4ccc(-c5ccc(C#N)cc5)cc4)cc(S(=O)(=O)NN=Cc4ccc(-c5cc(C#N)cc(C(F)(F)F)c5)o4)n3)cc2)cc1,27.51
N#Cc1ccc(-c2ccc(-c3ccc(NC(=O)Nc4ccc(-c5cnc(C#N)c(C#N)c5)c5cc(Br)ccc45)cc3C#N)c(F)c2)cn1,31.78
N#Cc1ccc(-c2ncc(-c3cc(-c4cc(C(=O)Nc5ccc(C#N)nc5)c(C#N)cn4)ncc3C#N)cc2C#N)nc1,28.46
Cn1nc(-c2c(Cl)cccc2Cl)nc1-c1nc(C(=O)N(c2ccnc(C#N)c2)c2ccc(O)c(F)c2)ccc1Cl,28.27
N#Cc1ccc(-c2ccc(-c3ccc(-c4ccc(C#N)nc4)cn3)cc2C#N)cc1,14.31
N#Cc1cccc(-c2cc(N3CC(F)(F)C3)nc(-c3cc(C#N)c(C#N)c(C#N)n3)n2)n1,17.0
CC(C)(C#N)c1ncc(-c2nc(-c3nc(-c4ccc(C#N)cc4)nc(N4CCOCC4)n3)cc(C#N)c2C#N)cc1C#N,22.01
N#Cc1cc(-c2nc(-c3cc(C#N)c(C#N)[nH]3)nc(N3CC(N)CC(F)(F)C3)n2)ccc1F,17.71
N#Cc1ccc(-c2ncc(-c3nc(C#N)nc4ccc(-n5cnc(-c6ccc(F)c(F)c6)n5)nc34)cc2C#N)nc1,27.28
Cn1cc(C#N)nc1-c1nc(-c2cc(F)c(OC(C)(C)c3cc(C#N)ccc3C(F)(F)F)c(C#N)c2)nc(N2CC3CCC(C2)O3)n1,24.13
C#CCOCn1nccc1-c1cnc(-c2nc(-c3ccc(C#N)cc3)nc(-c3ccc(C#N)cc3)c2C#N)nc1,24.37
COCCN1CCN(c2cc(CNC(=O)c3cc(-c4ccc(C#N)s4)cc(-n4nc(C(F)(F)F)cc4C#N)c3)ncc2C#N)CC1,25.04
N#Cc1cc(N2CC(F)C(F)C2)cc(-c2nc(-c3cnc(C(F)(F)F)c(C#N)c3)nc(N3CC4CC3C4)n2)n1,18.03
N#Cc1cccc(-c2nc(-c3nc(C#N)ccc3C#N)nc(-c3nc(C#N)c(N)nc3COc3cc(-c4ccnc(C#N)c4)cc(C#N)n3)n2)c1,29.4
N#Cc1cc(-c2ccc(-c3ccc(F)cc3S(=O)(=O)N3CC=CCC3CN)cc2)cnc1C#N,36.74
N#Cc1ccc(-c2nccc(-c3nc(-c4ccc(C#N)cc4)c(C#N)n3-c3ccc(C#N)cc3C#N)n2)cc1,22.91
N#Cc1ccc(-c2ccc(-c3nc(CN4CCN(c5ccc(C#N)cn5)CC4)nc(-c4ccc(-c5ccc(C#N)cc5)cc4)n3)cc2)cc1,18.88
Cn1c(=O)n(Cc2ccc(C#N)cc2)c(=O)c2c1nc1n2CCN1c1ccc(C#N)cc1,19.91
N#Cc1ccc(-c2ccc(-c3nc(C#N)cc(-c4cnc(CO)c(C#N)c4)n3)cn2)cn1,18.66
N#Cc1cccc(-c2c(-c3ccc(N=c4nc(N=c5cnc(C#N)c(C#N)[nH]5)c5ncn(C6OC(CO)C(O)C6O)c5[nH]4)cn3)nc(CCNC(=O)c3ccc(Cl)cc3)[nH]c2=O)c1,50.45
Cn1cc(-c2ccc(-c3cc(C#N)nc(-c4ccc(NC(C#N)Cc5ccc(C#N)cc5)c(C#N)c4)n3)cn2)cn1,22.6
N#Cc1ccc(C(=O)Nc2nc(-c3cnc(C(F)(F)F)c(C#N)c3)nc(-c3cnccn3)n2)nc1,22.89
N#Cc1ccc(-c2nccc(-c3cc(-c4cccnc4)nc(C#N)c3C#N)n2)cc1C#N,19.02
C=CCn1nnc2c(=N)nc(N3CCN(C(=O)CN)CC3)[nH]c21,36.36
N#CC(C#N)(C#N)c1ccccc1F,19.71
CC(C)Oc1ncc(-c2nc(-c3cc(C#N)cc(C#N)n3)nc(N3CC4CC3C4)n2)cc1C#N,9.0
N#Cc1ccc(-c2cc(-c3cc(-c4ncccc4C#N)[nH]c(=N)c3C#N)nc(-c3ccc(C#N)cc3)n2)cc1,17.14
N#Cc1cc(-n2cc(-c3cnc(C#N)c(C#N)c3)nn2)cc(-c2nc(-c3ccc(C(F)(F)F)c(C#N)c3)nc(N3CCOCC3)n2)n1,19.17
CC(C1CC1)n1nc(C#N)nc1-c1cnc(-c2ccc(C#N)c(F)c2)c(C#N)c1,13.56
N#Cc1ccc(-c2nc(-c3ccc(-c4ccc(C#N)cn4)cc3)nc(-c3cc(-n4nc(C(N)=O)cc4C#N)nc(C#N)n3)n2)cc1,16.6
N#Cc1ccc(-c2cnc(Oc3cc(C#N)cc(-c4cc(C#N)nc(C#N)n4)c3)c(F)c2)nc1,22.43
N#Cc1nc(-c2cnc(-c3ccc(F)c(F)c3)c(F)c2F)cc(-n2nc(C(=O)O)cc2C#N)n1,18.42
CSc1nccc(-c2cc(=NS(=O)(=O)c3ccc(C#N)c(-c4ccnn4C)c3)cc(C#N)[nH]2)n1,33.0
N#Cc1ccc(-c2ccc(-c3cc(C#N)nc(-c4cc(C#N)c(C#N)c(C#N)n4)n3)c(C#N)c2)nc1,13.03
CC(C)Oc1ccc(-c2nc(-c3ccc(-c4ccc(C#N)cn4)cc3)c(C#N)c(N3CCOCC3)n2)cc1C#N,13.76
N#Cc1ccc(-c2ccc(-c3cc(-c4cn(-c5ccc(Cl)c(Cl)c5)nc4-c4cccc(C#N)n4)nc(-c4ccc(C#N)cc4)n3)cc2)cc1,19.46
CN(C)C1CCN(c2nc(C#Cc3ccc(C#N)nc3)cc(-c3cc(C#N)nc(C#N)n3)n2)C1,17.9
N#Cc1cncc(-c2cnc(C(F)(F)F)c(-c3cc(C#N)c(C#N)c(Nc4cnc(C#N)c(F)c4)n3)n2)n1,20.94
N#Cc1ccc(-c2cc(-c3ccc(-c4ccc(C#N)cc4)nc3)nc(-c3cc(C#N)nc(C#N)n3)c2)cc1,13.74
CCn1c(C#N)ccc1-c1ccc(-c2nnc(-c3ccc(-c4ccc(C#N)cc4)nc3)c(-c3ccoc3)n2)cc1,25.95
CC1Cc2nc(-c3cnc(N(C)C)nc3)nc(N3CC4CCC(C3)O4)c2S(=O)(=O)N1C,28.17
COCc1nc(-c2cnc(-c3ccc(F)cc3)c(C#N)c2)nn1C,13.06
CS(=O)(=O)c1ccc(-c2cc(C#N)nc(-c3ccc(F)c(C#N)c3)c2)cc1,22.07
N#Cc1cncc(-c2ccc(-c3nc(C#N)nc(-c4ccnc(F)n4)c3F)cn2)c1,20.33
CNc1ccccc1-c1ccc(-c2nc(C#N)c(N)o2)cc1,17.37
COc1cc(-c2nc(-c3ccc([S+](C)(=N)[O-])cc3)ncc2-c2cccc(C#N)n2)ccc1Cl,31.76
N#Cc1nccc(N(CC2CCCCC2)c2ccc(C#N)c(OCC(F)(F)F)c2)n1,32.74
N#Cc1nc(-c2cc(F)cc(-c3cnc(-c4nnco4)c(C#N)c3)c2)nc(-n2ccc(-c3ccc(F)c(C#N)c3)n2)n1,22.37
N#Cc1cc(-c2nsc(-c3ccc(-c4cnc(-c5ccc(Cl)cc5Cl)c(C#N)c4)cc3)n2)cnc1C#N,16.97
N#Cc1ccc(-c2[nH]c(C#N)nc2-c2ccc(-c3cccc(C#N)c3)cc2)cc1,17.98
N#Cc1cccc(-c2ccc(-c3ccc(-c4[nH]c5nc[nH]c(=N)c5c4-c4ccc(-c5ccc(F)c(F)c5)cc4)cn3)cn2)n1,29.8
Cc1nc(C#N)c(C#N)nc1-c1nc(C(F)(F)F)c(-c2[nH]c(-c3ccc(Cl)cc3)nc2-c2ccc(-c3ccc(C#N)cc3)c(F)c2F)cc1C(N)=O,31.41
N#Cc1ccc(-c2cnnc(-n3nc(-c4ccc(C(=N)N)c(C#N)c4)cc3C#N)n2)cc1C#N,21.4
CC(=O)c1nc(-c2ccc(C#N)cc2)nc2cc(-c3nc(-c4ccc(C#N)nc4)c4c(-c5cn(C)nc5-c5ccc(F)cc5)cccn34)cn12,47.17
Cc1ncc(-c2nc(-c3cc(-c4nc(-c5ccc(C#N)cc5)nc(-c5ccc(C#N)cc5)c4C#N)cc(C#N)n3)nc(C3CC3)n2)cc1C#N,17.22
N#Cc1ccc(-c2ccc(C(=O)Nc3ccc(C#N)cc3NC(=O)COc3ccccc3C#N)cn2)cc1,24.81
Cn1cnc(-c2csc(C#N)c2-c2ccc(C#N)cc2)n1,18.3
N#Cc1ccc(-c2nc(-c3ccc(C#N)cc3)c(-c3nc(C#N)ccc3C#N)[nH]2)cc1,15.03
N#Cc1ccc(-c2cc(-c3cc(-c4ccc(-c5nn[nH]n5)cc4)nc(C#N)n3)cc(C#N)c2F)cc1,23.76
N#Cc1ccc(-c2ccc(-c3nc(C#N)nc(-c4cc(C#N)c(F)c(-c5ccc(-c6nc(C#N)nc(C#N)n6)nc5)c4)n3)cc2)cc1,19.55
CC(C)Oc1ncc(-c2nc(-c3cccc(C#N)n3)nc(N3CCN(C4CCC4)CC3)n2)cc1C#N,14.66
N#Cc1ccc(-c2ccc(-c3nc(-c4ccc(Br)cc4)nc(-c4ccc(-n5nc(C(F)(F)F)cc5C#N)cc4Cl)n3)cn2)nc1,15.37
N#Cc1ccc(-c2cc(-c3nccc(C#N)n3)nc(-c3nc(-c4ccc(C#N)cc4)nc(-c4ccc(C#N)c(C#N)c4)n3)c2)cc1,15.46
N#Cc1ccc(-c2cnc(-c3cc(C#N)nc(C#N)n3)c(C#N)c2)nc1,17.8
N#Cc1ccc(-c2ccc(-c3ncc(-c4nc(-c5ccc(-c6ccc(C#N)cc6)nc5)c(-c5ccc(C#N)cc5)s4)cc3-c3ccc(C#N)cc3)cc2)cc1,18.91
N#Cc1ccc(-c2ncc(-c3nc(CCc4ccc(-c5ccccn5)s4)cc(-[n+]4ccc(-c5ccncc5)cc4)n3)cc2C#N)cc1,29.51
N#Cc1noc(-c2ccc(-c3csc(-c4cc(C#N)c(-c5cnc(C#N)o5)nc4C(F)(F)F)n3)cc2C#N)n1,18.91
N#Cc1ccc(-c2ccc(-c3ccc(-c4nc(-c5c(F)c(F)c(C#N)c(F)c5F)cc(-[n+]5ccc(-c6ccncc6)cc5)n4)cn3)cc2)cc1,17.67
CCCOc1ccc(-c2nc(CC)c(CC)nc2-c2cc(-c3ccc(C#N)cc3)nc(-c3ccc(C#N)cc3)n2)cc1,24.21
N#Cc1ccc(-c2nn(-c3ccc(F)cc3)cc2CN2CCC(N3CCCC3=O)CC2)cc1,22.18
N#Cc1ccc(-c2ccc(-c3ccc(C#N)c(=O)n3-c3ccc(Oc4ccc(C#N)c(C#N)c4)c(C#N)c3)cc2)cc1,17.37
N#Cc1ccc(-c2cc(-c3cc4c(=Nc5cnc(C#N)c(C#N)c5)nc[nH]c4s3)nc(-c3ccc(C#N)cc3)n2)cc1,25.09
[O-][S+]1c2ccccc2SN1Cc1cc(F)c(F)c(F)c1,21.3
N#Cc1ccc(-c2ccc(-c3nc(C(=O)N4CCN(c5cc(C(F)(F)F)ncn5)CC4)cc(-c4cc(C#N)c(C#N)c(C#N)n4)n3)cn2)nc1,28.55
CC(C)n1nc(-c2ccc(C#N)cn2)c(F)c1-c1cc(C#N)nc(-c2cnc(C#N)c(C#N)c2)n1,18.8
N#Cc1ccc(-c2ccc(-c3cccc(C#Cc4ccc(-c5ccnc(C#N)n5)cc4C#N)n3)cn2)cc1,19.67
N#Cc1ccc(-c2nc(C#N)c(C#N)nc2-c2cccc(-c3nc(-c4ccc(-c5ccc(F)c(C#N)c5)cc4)nc(-c4c(F)c(F)c(F)c(F)c4F)n3)c2)cc1,23.07
N#Cc1ccc(-c2ccc(-c3c(C#N)nn(-c4ccc(-c5ccc(C#N)c(C#N)c5)cc4C#N)c3C#N)cc2)cc1C#N,16.6
COC(=O)c1cccc(-c2ccc(C(=O)Nc3ccc(-n4cnc(Cl)c4)c(OC)c3)cn2)c1,34.48
CC(C)Oc1ncc(-c2cc(C#N)c(SCc3cc(-c4cnn(C)c4)cnc3C#N)c(-c3nc(C#N)cn3C)n2)cc1C#N,19.99
N#Cc1cc(-c2nc(-c3cnccc3Cl)nc(N3CCC(C#N)C3)n2)cnc1C#N,17.4
N#Cc1cc(-c2ccc(S(=O)(=O)Nc3cc(Cl)ccc3CC(=O)O)cc2)nc(-c2c(F)c(F)c(C#N)c(F)c2F)n1,29.53
N#Cc1ccc(-c2cc(C=Cc3cnc(-c4cnc(C#N)c(C#N)c4)nc3)ncc2-c2ccncc2)cc1,25.8
N#Cc1ccc(-c2cc(-c3ccc(-c4cc(-c5ccc(N6CCC(N)CC6)cn5)ccc4C#N)cc3)nc(Cl)n2)cc1,29.07
Cn1nc(-c2cc(-c3cccc(-c4ccc(C#N)c(C#N)c4)c3)cc(C#N)n2)nc1-c1cc(F)c(C#N)c(F)c1F,19.79
COc1ccc2c(c1)nc(N1CCOCC1)c1ncnn12,28.71
N#Cc1cnc(-c2nc(-c3cc(C#N)c(C4CC4)nc3C(F)(F)F)nc(-n3nc(C(F)(F)F)cc3C#N)n2)cn1,20.14
N#Cc1ccc(Nc2cc(C#N)c(C#N)cc2S(=O)(=O)c2ccccc2F)cc1C#N,21.53
N#Cc1cncc(C#Cc2c(C#N)cncc2-c2cc(C#N)nc(C#N)n2)c1,16.52
CC(C)n1c(-c2nc(C#N)cc(-c3cnc(C(N)=O)nc3)c2F)nc2c(-c3ccc(Cl)cc3C#N)nc(C#N)cc21,40.19
N#Cc1ccc(-n2nc(C#N)c3cc(-c4cnc(-c5cnc(C#N)c(C#N)c5)c(C#N)c4)cc(OC(F)(F)F)c32)cc1,26.76
N#Cc1cccc(-c2ccc(-c3nc(-c4ccccn4)cc(-c4c(F)c(F)c(C#N)c(F)c4F)c3C#N)c(C#N)c2)c1,19.7
CN(C)C1CCN(c2nc(-c3cc(F)c(C#N)c(C#N)c3)nc(-c3ccnc(-c4nc(C#N)c(C#N)nc4C#N)c3F)c2F)C1,30.13
Cc1ncc(-c2nc(-c3nc(C#N)ccc3C#N)nc(N3CC(O)C(N(C)C)C3)n2)cc1C#N,14.65
N#Cc1cc(-c2ncc(C3=CCC(C#N)(C#N)C(N)C3)c(-c3ncc(-c4ncncc4F)cc3F)n2)nc(C#N)c1C#N,33.67
N#Cc1cn(C#N)c(C#Cc2c(F)ccc(F)c2F)n1,14.57
CN(C#N)c1cc(-c2ccc(-c3cccc(C#N)n3)cc2)nc(-c2ccc(C#N)cc2)n1,15.45
N#Cc1ccc(-c2cc(-c3nc(-c4ccc(C#N)cc4)c(-c4cccc(C#N)n4)[nH]3)c(F)c(C#N)c2C#N)cc1,16.83
Cn1cc(C#N)nc1-c1nc(N)c(C#N)c(-c2ccc(OC(CO)c3cncc(C#N)c3)c(C#N)c2)n1,18.55
N#Cc1ccc(-c2nc(-c3ccc(C#N)cc3)c(C#N)c(-c3ncc(-c4ccc(Cl)c(Cl)c4)cn3)n2)cc1,22.34
Cc1nc(C#N)nn1-c1cc(C#N)nc(-c2nc(-c3cnc(OC(C)C)c(C#N)c3)nc(N3CC4CC3CO4)n2)c1,16.88
N#Cc1cc(-c2ncc(-c3nnc(C#N)n3CC3CC3)cc2C#N)ccc1F,18.39
N#Cc1ccc(-c2csc(-c3ccc(-c4ccc(-c5cnc(C#N)c(C#N)c5)nc4-c4cnc(C#N)c(C#N)c4)cc3)n2)cc1,15.42
Cn1ccc(-c2nc(-c3ccc(-c4ccc(C#N)cn4)nc3)nc(CCc3ccc(-c4ccc(C#N)cc4)nc3)c2F)n1,34.36
Cc1nc(-c2ccc(-c3ccc(C#N)cc3)c(C#N)c2)cc(Br)c1-c1nc(C#N)nc(-c2ccc(C#N)cc2)c1C#N,17.66
N#Cc1ccc(-c2ccc(-c3nc(C=Cc4ccco4)cc(-c4ccc(-c5ocnc5C#N)c(C#N)c4)n3)cc2)cc1,29.39
N#Cc1ccc(N=c2nc(-c3cccc(C#N)c3C#N)[nH]c(-c3ccc(-c4ccc(C#N)cc4)c(C#N)c3)c2C#N)cc1,21.54
Cc1ccc(-c2c(CCO)nc(-c3ccc(-c4ccc(C#N)cc4)cc3)nc2-c2ccc(C#N)s2)c(C)c1,27.36
N#Cc1ccc(-c2ccc(-c3nc(-c4ccccc4)c(-c4ccc(C#N)cn4)[nH]3)cc2)cc1,19.46
N#Cc1ccc(-c2ncc(-c3cc(-c4cnccn4)nc(C#N)n3)cc2C#N)nc1,15.86
N#CCCN1CCc2c(F)c(COc3ccc(C#N)nc3-c3nc(C#N)nn3-c3cnc(C#N)c(C#N)n3)cc(F)c2C1,27.21
Cc1cc(-c2nc(-c3cc(C#N)c(C#N)c(C#N)n3)ccc2C#N)nc(-c2cc(C#N)c(OCc3ccc(F)c(C#N)c3)c(C#N)c2)n1,26.84
CC1(O)CCN(c2cc(-c3cccc(C#N)n3)nc(-c3ccc(C(F)(F)F)c(C#N)c3)n2)C1,18.65
N#Cc1ccc(-c2ccc(-c3nc(-c4ccc(-c5cc(Cl)cc(C#N)c5)cc4)cc(-c4cc(C#N)c(N5CCCC5)nn4)n3)cn2)cc1,25.01
N#CCn1c(C(F)(F)F)nc(-c2cc(-c3ccc(C#N)cc3)nc(-c3ccc(C#N)cc3)n2)c1-c1ccc(C#N)o1,17.09
N#Cc1cccnc1-c1cc(-n2nccc2C#N)ncc1Cl,14.32
N#Cc1ccc(-c2ccc(Cc3ccc(-c4cnc(-c5ccc(C#N)cc5)c(C#N)c4)nn3)cn2)cc1,20.02
N#Cc1ccc(-c2nc(-c3ccc(-c4cccc(-c5nc(C#N)nc(C#N)n5)c4)cc3)nc(C#N)c2N)cc1,20.77
N#Cc1ccc(-c2nc(-c3ccc(-c4ccc(C#N)c(F)c4)nc3)nc(-c3ccc(-n4nccc4C#N)cc3Cl)n2)cc1,13.71
CN(C)C1CCN(S(=O)(=O)c2ccc(-c3nc(-c4cnc(C#N)c(C#N)c4)nc(N4CCOCC4)n3)cc2)C1,24.18
CC(Oc1c(C#N)cc(-c2nnc(-c3cnnc(C#N)n3)n2C)cc1C#N)c1c(Cl)ccc(F)c1Cl,27.9
N#Cc1ccc(-c2nc(Oc3cc(F)c(F)c(F)c3F)nc(-c3ccc(-c4ccc(C#N)c(C#N)c4)cc3)n2)cc1,16.44
CC(C)Oc1ccc(-c2nc(-c3ccnc(Cl)n3)n(Cc3ccc(-c4ccc(C#N)cc4C#N)c(C#N)c3)n2)cc1C#N,21.35
Cc1nc(-c2ccc(C(F)(F)F)c(OC(F)F)c2)c(C#N)cc1-c1nc(-c2cnc(OC(C)C#N)c(C#N)c2)nc(N2CC3CC2C3)n1,29.73
N#Cc1ccc(NC(=O)c2ccc(C#N)c(-c3cncc(-c4nc(Cl)ncc4C#N)c3)n2)cc1C#N,23.82
N#CC(=Cc1ccc(C#N)cc1)c1ccc(OCCN2CCN(C=Nc3ccc(C#N)cc3)CC2)c(Br)c1,30.28
CCOc1ccccc1-c1cc(-n2c(CCC(=O)O)ccc2-c2ccc(-c3ccc(C#N)cc3)cc2)cc(C#N)n1,23.75
N#CCc1ccc(-c2nc(-c3cccc(-c4ccc(C#N)cc4)c3)nc(N3CCOCC3)n2)cc1C#N,10.58
N#Cc1ccc(C#N)c(-c2c3c(n(Cc4ccc(-c5ccccc5-c5nc(=O)o[nH]5)cc4)c(=O)c2C#N)CCCC3)c1,23.33
N#Cc1cccc(-c2cc(C#N)nc(-c3cnc(-c4cnc(Cl)c(C#N)n4)c(C#N)c3)c2)n1,16.42
c1cc(-c2cc[n+](-c3nc(-[n+]4ccc(-c5ccncc5)cc4)nc(-[n+]4ccc(-c5ccncc5)cc4)n3)cc2)ccn1,9.03
N#Cc1ccc(-c2ccc(-c3ccc(C#N)c(C#N)c3)c(C#N)n2)c(C#N)c1,12.59
N#Cc1cncc(C(=O)c2sc(-c3ccc(-c4cc(C#N)nc(-c5cnc(C#N)c(C#N)n5)c4)cc3)nc2-c2ccc(Cl)c(Cl)c2)c1,23.11
N#Cc1ccc(-c2ccc(C#N)c(CNC(=O)c3cc(-c4ccc(Cl)c(F)c4)cc(-n4nc(C#N)cc4C#N)c3)c2)nc1,30.12
CN(C)CCNC(=O)c1ccc(-c2nc(-c3ccc(-c4ccc(C#N)cc4)nc3)nc(-c3ccc(N(C)C)cc3Cl)n2)s1,22.62
N#Cc1ccc(-c2nc(C#N)nc(C#N)n2)c(-c2ccc(-c3cccc(-c4cnc(-c5cnc(C#N)c(C#N)c5)c(C#N)c4)n3)nc2C(F)(F)F)n1,26.4
COc1cc(Sc2nc(C#N)c(-c3ccc(-c4ccc(C#N)cc4)cc3)s2)c(-c2cc(-c3ccc(C#N)cc3)cc(-c3ccc([S+](C)[O-])cc3)n2)cc1Cl,42.19
N#Cc1ccc2c(c1)C(c1ccc(Cl)cc1)(c1ccc(Br)cc1F)OC2,27.95
N#Cc1ccc(-c2cc(-c3ccnc(-n4[nH]c(C#N)nc4=N)c3)nc(-c3ccc(-c4ccc(C#N)cc4)s3)c2)cc1,31.83
CNc1c(C#N)nc(-c2cc(C#N)nc(-c3cc(-c4ccc(C#N)cc4)ccn3)c2)n1C,17.82
N#Cc1ccc(-c2cc(-c3nc(-c4cc(C#N)c(C#N)c(N)n4)nn3-c3ccc(Cl)cc3Cl)c(C#N)c(-c3ccc(C#N)cc3)n2)cc1,20.25
COc1ccnc(-c2cc(-c3nc(-c4ccc(-c5ccc(C#N)cn5)cc4)c(C#N)c(-c4ccc(C#N)cc4)c3C#N)cc(-n3ccnc3)c2)n1,32.9
COC(=O)NC(C)(C)C(=O)N=c1nc(-c2cccc(C#N)n2)cc(-c2c(Cl)ccc(-c3cc(C#N)n(C)n3)c2F)[nH]1,41.97
Cc1nc(-c2ccc(C#N)cc2)cn1-c1cc(-c2cc(C#N)c(Sc3ccc(Cl)cn3)cn2)cnc1-c1cnc(C#N)c(C#N)c1,29.51
CCOCCn1c(C=CC(=O)OCC)ccc1-c1nc(-c2ccc(C#N)nc2)nc(-c2cc(C#N)c(Cl)cc2Cl)n1,33.94
N#Cc1ccc(-c2cccc(C(=O)Nc3c(C#N)nc(C#N)nc3OC3CCCC3)n2)nc1,27.2
CC(C)n1cnnc1-c1cccc(-c2cc(-c3ccc(C#N)cc3)nc(-c3cnc(NCc4ccc(-c5ccccc5C#N)cc4)c(C#N)n3)n2)c1,32.37
N#Cc1cc(-c2ccc(-c3ncc(N)c(C#N)n3)nc2)cc(-c2ccnc(-c3cc(C#N)c(C#N)[nH]3)n2)c1,19.57
COc1cc(-c2ccc3c(n2)C(=O)c2ccc(NC(=O)C#CC(C)(C)C)cc2C3=O)ccc1-n1cnc(C)c1,19.36
N#Cc1cccc(-c2cc(C#N)nc(-c3cc(C#N)cc(-n4nc(C(=O)O)cc4C#N)c3)c2F)c1,18.13
N#Cc1ccc(Cc2nc(C#N)nc3c2ncn3-c2nc(N=c3cc(C#N)cn[nH]3)c3ccccc3n2)cc1,32.93
CC(C)Oc1ncc(-c2noc(-c3cc(C#N)cc(-c4ccc(C#N)c(OC(F)(F)F)c4)n3)n2)cc1C#N,26.45
N#Cc1nc(-c2ccc(-c3cnc(=N)[nH]c3)c(F)c2)c(CO)c(-n2c(C#N)ccc2C#N)n1,20.29
CCc1noc(-c2ccc(-c3nc(-c4ccc(-c5ccc(C#N)cn5)nc4)c(-c4ccc(-c5ccc(C#N)cc5)cc4)[nH]3)cc2)n1,22.5
N#Cc1ccc(-c2nc(CCCF)nc(-c3cnc(C#N)c(C#N)c3)n2)cn1,12.22
N#Cc1ccc(-c2ccc(-c3nc(-c4ccc(C#N)cc4)nc(-c4ccc(C=Nc5cc(O)c(N)cc5O)cc4)n3)nc2)cc1,13.22
C#Cc1ncc(C#N)n1-c1nc(-c2cc(C#N)cc(-c3cc(C(F)(F)F)ccc3C#N)c2)nc(N2CCOCC2)n1,26.87
CCn1c(-c2cc(-c3cnc(C#N)c(C#N)c3)nc(N3CC(O)C(O)C3)n2)nc2cc(OCC(F)(F)F)ccc21,34.25
CCc1cc(-c2ccc(C(=O)O)cc2C#N)cc(-c2ccc(-c3cccc(-c4ccc(C#N)cc4)n3)cc2)n1,18.97
N#Cc1cc(-c2nc(-c3nc(-c4cnc(C#N)c(C#N)c4)nc(N4CCOCC4)n3)nc(-n3cccc3C#N)n2)ccc1F,17.52
N#Cc1ccc(-c2nc(-c3ccc(C#N)cc3)c3c(-c4cc(F)cc(C#N)c4)ccc(-c4cc(-c5ncccn5)nc(N5CCCC5)n4)c3n2)cc1,30.62
Cc1nc(-c2ccc(C#N)cc2)c(C#N)nc1-c1cccc(Cc2nn(CCc3ccccn3)c(=O)n2CCc2ccccn2)c1,37.81
N#Cc1ccc(C#N)c(-c2nc(-c3cnc(C#N)c(C#N)c3)nc(N3CCN(C(=O)C4CCOCC4)CC3CF)n2)n1,22.03
Cn1c(C#N)ccc1CSc1nnnn1-c1ccc(C#N)c(C#N)c1,24.56
CCCC1COC(=O)N1c1cc(-c2cnc(C(=O)NC)c(Cl)c2)nc(-c2cnc(C#N)c(C#N)c2)n1,21.71
N#Cc1ccc(Cc2ccc3nc(-c4ccccc4F)n(-c4cc(C#N)nc(-c5ccc(C#N)c(C#N)c5)n4)c3c2)cc1,26.2
CS(=O)(=O)c1ccc(-c2ccc(-c3cc(C#N)ccc3C#N)cc2Cn2cccc2C#N)cc1,25.61
N#Cc1ccc(-c2ccc(-c3nc(C(F)(F)F)c(-c4ccc(-n5nncc5C#N)c(F)c4)cc3C#N)cc2C#N)cc1,17.34
N#Cc1cc(Nc2ccc(C#N)cc2C#N)cc(-c2cnc(-c3ccc(C#N)c(F)c3)c(C#N)c2)c1,17.26
CC1(C)CNC(=O)c2c(nc(-c3ccc(-c4ccc(C#N)cc4)cc3)nc2-c2ccc(-c3ccc(C#N)cc3)cc2)C1,16.86
CCOC(=O)c1sc(-n2nc(-c3ccc(-c4ccc(C#N)cc4)cc3)c(C(NC(C)(C)C)c3ccc(Br)cc3)c2-c2ccc(OC)cc2)nc1C,33.12
N#Cc1ccc(-c2ccc(-c3cc(-c4ccc(-c5nc6cc(C#N)ccc6[nH]5)cc4)cc(-c4cccc(C#N)n4)n3)cc2C#N)cc1,19.92
N#Cc1ccc(C#N)c(-c2nc(-c3cc(C#N)c(C4CC4)nc3C(F)(F)F)cc(N3CCOCC3)n2)n1,17.13
CCN(CC)C(=O)C1OC(n2cnc3c(=NC4CCCC4)nc(-c4ccc(C#N)cc4)[nH]c32)C(O)C(O)C1C#N,37.34
N#Cc1ccc(-c2ccc(-c3ccc(-c4nc(C(=O)n5nc(-c6ccc(F)cc6)cc5C#N)n(-c5cnc(C#N)c(C#N)c5)n4)cc3)cc2C#N)cc1,28.66
CCOCCn1c(-c2ccc(-c3cc(C(=O)O)c(C#N)cn3)nc2)nc(-c2ccc(C#N)c(C#N)c2)c1-c1cnc(-c2ccc(C#N)nc2)c(F)c1F,32.22
CC(C)Oc1ncc(-c2nc(-c3cnc(-c4ccnc(C#N)c4)c(C#N)c3)n(C)n2)cc1C#N,21.8
CC(=O)Nc1ccc(-c2cc(-c3cccc(-c4ccc(C#N)cc4)c3)cc(-c3ccc(C#N)c(C#N)c3)n2)cc1C#N,21.78
Cc1ccc(C(=O)N2CCC(c3cc(-c4ccnc(C#N)n4)nc(C#N)n3)CC2)cc1-c1ccnc(C#N)n1,25.63
N#Cc1ccc(-c2ccc(-c3nc(-c4ccc(-n5nncc5C#N)c(F)c4)nc(-c4ccc(Cl)c(C(F)(F)F)c4)n3)cc2)cc1,20.25
N#Cc1ccc(-c2ccc(-c3nc(-c4ccc(C#N)c(C(F)(F)F)c4)nc(-c4cc(-c5c(F)c(F)c(F)c(F)c5F)cc(Nc5ccc(C#N)c(C(F)(F)F)c5)n4)c3C#N)cc2)nc1,30.86
N#Cc1ccc(-n2nncc2C#N)cc1C#N,12.63
N#Cc1ccc(-c2ccc(-c3noc(-c4ccccc4C#N)n3)cn2)nc1,17.0
N#Cc1ccc(-c2ccc(-c3ncc(-c4cccc([N+](=O)[O-])c4)c(C#N)c(=N)n3)cc2C#N)cc1,26.13
CC(C)Oc1ncc(-c2nc(-c3cccc(C#N)n3)nc(N3CC(S(C)(=O)=O)CC3C)n2)cc1C#N,16.23
CNc1c(C#N)nc(-c2ccc(-c3cccc(-n4c(C#N)ccc4C#N)c3)cc2F)n1C#N,15.27
N#Cc1nccc(-c2nc(-c3ccc(C#N)c(C#N)c3)nc(N3CC4CCC3C4)n2)n1,14.48
CC(C=CC(=O)O)=c1[nH]ccc(=C2C(=O)Nc3ccc(F)cc32)c1=O,33.21
CCc1cc(-c2cc(C#N)c(-c3ccc(-c4cccc(C#N)n4)nc3)s2)ccc1CNC(=O)c1ccccc1OC,38.28
CC(C)(C)OC(=O)N1CCC(n2nc(-c3ccc(-c4ccc(C#N)c(C#N)c4)cc3)nc2-c2cc(C#N)c(C#N)c(C#N)n2)CC1,18.5
Cn1c(-c2ccc(C#N)cc2)nc(-c2ccc(-c3ccc(C#N)cc3)cc2)c1-c1ccc(C(=O)NC(C#N)CO)c(-c2cnc(=N)[nH]c2)c1,33.58
N#Cc1ccnc(-c2cc(-c3ccc(-c4ccnc(-c5ccc(C#N)c(C#N)c5)n4)cc3)c(C#N)cn2)n1,13.69
Cn1cc(-c2ccc(-c3cc(C#N)c(-c4cnc(NCCN5CCNCC5)c(C#N)n4)n3C)cc2)cn1,21.88
CC(C)(C)Cn1c(-c2ccc(-c3ccc(C#N)cc3)cc2)nc(-c2ccc(-c3ccc(C#N)cc3)cc2)c1-c1ccc(C#N)cc1,13.48
Cn1nc(-c2cccc(-c3ccc(C#N)nc3)c2)nc1-c1cc(C#N)c(F)c(-c2ccc(C#N)nc2)c1,24.82
N#Cc1cccc(-c2nc(C#N)[nH]c2-c2cnc(-c3cnc(C#N)c(C#N)c3)c(C#N)n2)n1,18.02
N#Cc1cc(Cl)c(-c2ncccn2)cc1-c1ccc(-c2ccc(N)c(C#N)n2)c(F)c1,23.78
N#Cc1ccc(-c2nc(-c3cc(F)c(F)c(F)c3)cc(-c3ccc(-n4nc(C(=O)O)cc4C#N)c(F)c3F)n2)cc1,19.02
N#CN=Cc1nc(-c2ccc(-c3cc(C#N)c(-c4nnco4)nc3C(F)(F)F)c(F)c2F)c[nH]1,29.09
N#Cc1ccc(-c2nc(-c3cc(C#N)c(F)c(-c4ccc(F)c(C#N)c4F)c3)nn2CCN2CCC2)cc1C#N,19.86
CC(C)(N)CNCc1ncc(-c2cccc(-c3ccc(-c4ccc(C#N)cc4)c(C#N)c3)n2)cc1C#N,25.4
N#Cc1ccc(-c2nc(-c3ccc(-c4ccnc(C#N)c4)cc3)c(-c3ccc(C#N)cc3)o2)cc1,18.64
N#CC#Cc1cccc(-n2nc(-c3ccc(-c4ccc(C#N)cn4)nc3)nc2-c2ccc(-c3ccc(C#N)cc3)cc2)c1,16.9
C=Cc1nc(-c2ccc(C#N)cn2)c(C#N)cc1-c1ccc(NC(=O)Oc2cccc(C#N)c2)cc1OC,33.15
N#Cc1ccc(-c2nc(C#N)c(-c3cccc(-c4ncc(-c5cnc(C#N)c(C#N)c5)nc4-c4cnc(N)c(C#N)n4)c3)o2)cc1C#N,26.53
N#Cc1ccc(-c2cccc(-c3ccc(-c4cc(-c5cnc(C#N)c(C#N)n5)nc(-c5cnc(C#N)c(C#N)c5)n4)cc3)n2)cc1,15.94
COc1cc(-n2nccc2C#N)nc(N=c2nc(C#N)[nH]c(N(C)C)n2)n1,27.64
N#Cc1cc(-c2cc(C#N)c(C#N)c(-c3cnc(N)c(C#N)n3)n2)nc(C#N)c1C#N,19.13
N#Cc1ccc(NN=Cc2ccc(-c3ccccc3C#N)o2)c([N+](=O)[O-])c1,21.49
N#Cc1cncc(-c2nc(-c3cc(C#N)c(N4CCC(F)C4)nn3)cc(-c3ccc(C#N)c(C#N)c3)c2F)n1,17.08
N#CCCC(=O)Nc1sc2c(c1C#N)C(c1ccccn1)N(c1ccc(C#N)cc1)C2=O,32.16
N#Cc1ccc(-c2ncc(-c3ncc(-c4ccc(C#N)cc4)[n+]([O-])c3C#N)cc2C#N)cc1,21.76
Cc1nc(-c2ccc(-c3ccc(C#N)cc3)cn2)n(-c2ccc(-c3ccc(C#N)cc3)cc2)c1Cn1cc(O)n(-c2cc(C#N)cc(C(=O)NCc3ccc(C#N)cc3)c2)c1=O,39.21
N#Cc1noc(-c2ccc(-c3cc(-c4nc(-c5cnc(C#N)c(C#N)c5)nc(N5CC6CC5CO6)n4)nc(Cl)n3)cc2F)n1,26.4
Cc1ncc([N+](=O)[O-])n1CC#CCn1nc(-c2cccc(C#N)c2)nc1C#Cc1ccc(-c2ccc(C#N)cc2)cc1,27.2
N#Cc1ccc(-c2ccc(-c3nc(-c4csc(C#N)c4)nc(-c4nc(C#N)ccc4C#CCCO)n3)cc2)cc1,28.34
N#Cc1ccc(-c2ccc(-c3nc(-c4cncc(-c5scnc5-c5ccc(C#N)c(C#N)c5)c4)cc(-c4ccc(C#N)c(C(F)(F)F)c4)n3)cc2)cc1,23.39
CN(C)CCCN(C(=O)Nc1ccc(F)c(C(F)(F)F)c1)c1ccc2c(c1)CCc1ccc(-c3ccnn3C)nc1C2=O,36.82
N#Cc1cc(-c2cc(-c3csc(-c4cnc(C#N)c(C#N)c4)n3)nc(C#N)n2)cc(F)n1,18.02
N#Cc1ccc(-c2cc(Nc3ccc4c(c3)C(=O)c3ccc(N)cc3C4=O)nc(-c3nc(C#N)nc(N)c3C#N)n2)cc1,16.98
CC1COCCN1c1nc(-c2ccc(-c3ccc(F)c(C#N)c3)c(C#N)c2)nnc1-c1c[nH]c(=N)c(C#N)c1,21.56
Cn1cc(C#N)nc1-c1ccc(-c2cc(-c3ccc(C#N)cc3)c(C#N)c(-c3ccc(-c4cnc(C#N)c(C#N)c4)s3)n2)nc1,20.28
COc1cc(OC)c(F)c(-c2cc(C#N)nc(-c3nc(Cl)ncc3C#N)c2)c1F,20.84
Cn1c(C#N)cnc1-c1cc(-c2cnc(-c3nnc(C#N)o3)c(C#N)c2)nc(C#N)n1,13.46
N#Cc1ccc(-n2[nH]c(-c3ccc(C#N)c(C#N)c3)cc2=NC(=O)c2ccc(F)c(-c3c(F)cc(OCC(=O)O)c(F)c3F)n2)cc1,32.47
N#Cc1ccc(-c2cc(-c3cnc(-c4nc(C#N)c(C#N)nc4-c4ccc(C#N)cc4)c(C#N)c3)nc(-c3ccc(C#N)cc3)n2)cc1,13.68
N#Cc1ccc(-c2nc(-c3cc(-c4ccc(C#N)c(C#N)c4)cc(-n4cccc4C#N)c3)c(F)c(-c3ccc(C#N)c(C#N)c3)n2)cc1,22.0
COCC1CCN(c2nc(-c3ccc(-c4ccnc(C#N)n4)cc3)c(C#N)c3c(-c4ccc(C#N)cc4)c(-c4cccc(S(C)(=O)=O)c4)sc23)C1,44.73
COc1c(-n2nnc(-c3cc(C#N)c(-c4ccc(C#N)cc4)nc3C(C)C)n2)ccc(C#N)c1F,27.14
N#Cc1ccc(-c2cc(-c3ccc(C(=O)NCCN=c4ccc(C#N)c[nH]4)nc3)nc(-c3ccc(-c4nc(C#N)no4)c(C#N)c3)c2)cc1,27.51
Cc1oc(-c2ncc(-c3ccc(-c4cc(-c5ccc(C#N)cc5)nc(-c5ccc(OC(C)C)c(C#N)c5)c4)cn3)nn2)cc1C#N,27.89
COc1ccccc1-c1nc(-c2cnc(CC#N)c(C#N)c2)nc(N2CCn3cc(C#N)nc3C2)n1,18.69
CN(C)C1CN(c2nc(-c3cnc(-c4cc(C#N)sn4)c(F)c3)cc(-c3cnc(C#N)c(C#N)c3)n2)C1,27.35
N#CCCn1c(-c2ccc(-c3ccc(C#N)cc3)cc2)nc(-c2cc(-c3ccc(-c4ccc(C#N)cc4)nc3)cc(-c3ccc(-c4ccc(C#N)cc4)cc3)n2)c1-c1ccc(C#N)cc1,20.82
N#Cc1ccc(-c2ccc(-c3nc4cc(C#N)nc(-c5ccc(C#N)cc5)c4c(=O)n3-c3ccc(C#N)c(-c4ccc(Cl)cn4)c3F)cc2)cc1,26.12
N#Cc1ccc(CNc2c(C#N)nc(-c3ccc(-c4ccc(C#N)cc4)cc3)nc2Nc2ccccc2C#N)cc1,17.41
CC(C)(C)c1ncc(-c2nc(-c3cccc(C#N)n3)nc(N3C4Cn5cccc5CN3C4=O)n2)cc1C#N,23.23
N#Cc1ccc(-c2ccc(-c3nc(C#N)nn3-c3ccc(-c4ccc(C(N)=O)cc4)c(C#N)c3)cc2C#N)cc1,19.79
N#Cc1ccc(-c2ncc(-c3cncc(-c4cnc(C#N)c(C#N)n4)c3)cc2C#N)cc1C#N,21.23
Cn1c(C#CCCN2c3ccc(C#N)cc3CCc3cc(C#N)ccc32)cnc1-c1cc(F)c(-c2ccc(F)c(F)c2)c(F)c1F,33.14
CCn1nc(C#N)nc1-c1ccc(-c2nn(C)c(C#N)c2F)c(C#N)c1,20.2
N#Cc1ccc(-c2nc(-c3ccc(C#N)nc3)nc(-c3ccc(C#N)[nH]3)c2C#N)cc1,17.92
N#Cc1cccc(-c2nc(-c3cccc(C#N)n3)nc(N3CCOCC3)n2)n1,12.27
CS(=O)(=O)NC1CCN(c2cc(C#N)nc(-c3ccc(F)c(-c4ccc(C#N)cc4)c3)c2C#N)CC1,21.28
N#Cc1ccc(CNc2c(C#N)nc(-c3ccc(-c4ccc(C#N)cc4)cc3)nc2Nc2ccc(C#N)c(C#N)c2)cc1,12.43
Cn1c(-c2cnc(-c3cc(C#N)on3)c(C#N)n2)ccc1-c1cc(-c2ccc(C#N)nc2)sc1C#N,38.44
N#Cc1ccc(-c2ccc(-c3cc(-c4ccc(-c5nc(C#N)c(C#N)nc5-c5ccc(C#N)cc5)cc4)cs3)cc2C#N)cc1,15.84
N#Cc1ccc(-c2ccc(CNc3c(-c4cc(-c5ccccc5)c(C#N)c(-c5ccc(-c6ccc(C#N)cc6)cc5)n4)nc(C#N)[nH]c3=NCC(N)CS)cc2)cc1,44.63
N#Cc1ccc(-c2cccc(-c3nc(-c4cnc(C#N)c(C#N)c4)n(C4CCNCC4)n3)c2)cc1,12.69
CCN(CC)c1nc(C)c(-c2cnn(-c3cc(-c4ccc(C#N)c(C#N)c4)nc(-n4cccn4)n3)c2)nc1C#N,26.49
N#Cc1ccc(-c2ccc(-c3nc(-c4ccc(-c5c[nH]c(=N)c(C#N)n5)cn4)nc(-c4cc(C#N)c(C#N)[nH]4)n3)cn2)nc1,14.21
N#Cc1ccc(-c2ccc(-c3nc(-c4ccc(-n5cccc5C#N)c(F)c4F)nc(-c4c(F)c(F)c(C#N)c(F)c4F)n3)nc2)cc1,18.76
CN(C)C=Nc1nc(-c2ccc(-c3ccc(C#N)c(-c4ccc(-c5cccc(C#N)n5)cc4)n3)cc2)[nH]c(=NS(=O)(=O)c2ccc(C#N)cc2)n1,27.59
N#CCCn1c(-c2ccc(C#N)cc2)nc(-c2ccc(F)cc2)c1-c1cc(-c2cc(-c3ccc(C#N)cc3)nc(-c3ccc(C#N)cc3)c2)c(C#N)c(=N)[nH]1,23.6
N#Cc1cc(-c2ccc(-n3nccc3C#N)cn2)nc(-c2ccc(-c3nc(Cl)nc(Cl)n3)c(Cl)c2)c1Cl,20.9
N#Cc1cccc(-c2ncc(-c3cc(-c4nc(-c5ccc(C#N)c(C#N)c5)nc(-c5cccc(C#N)n5)n4)ccc3F)cc2C#N)c1,21.8
CC(C)n1nc(-c2ccc(-c3ccc(C#N)cc3)cn2)nc1-c1cc(C#N)c(C#N)c(C#N)n1,12.12
N#Cc1ccc(-c2cc(CCn3cc(-c4cnc(C(F)(F)F)c(C#N)c4)c(-c4c[nH]c(=N)c(C#N)c4)n3)ccc2C#N)cn1,31.03
C#Cc1nc(OC)c(C#N)c(-c2ncc(-c3nnc(-c4nc(-c5ccc(C#N)c(OC)c5)nc(C5CC5)n4)c(C#N)n3)cc2C#N)n1,35.8
Cc1nc(-n2nc(-c3cc(C#N)c(-c4ccc(C#N)cc4)cn3)cc2C#N)cc2c1NCCC2(C)C,30.58
N#Cc1ccc(-c2ncc(-c3nc(OCC4CCOC4)c4cc(-c5ccc(Cl)cn5)nc(C#N)c4n3)cc2C#N)s1,30.81
CCCCNC(=O)N(C)c1nc(C)cc(-c2cc(CCC)nc(-c3cnc(C#N)c(C#N)c3)n2)n1,30.04
Cn1nc(-c2cnc(-c3ccc(-c4ccc(C#N)cc4)cc3)c(-c3ccc(C#N)cc3)c2)nc1-c1ccc(C#N)cc1,15.82
N#Cc1cc(-c2cnc(-c3cc(F)c(C#N)c(F)c3)c(F)c2)cc(-n2nncc2C#N)n1,15.75
N#Cc1ccc(-c2ccc(-c3nc(-c4ccc(-n5c(C#N)ccc5C#N)cc4Cl)n(Cc4ccc(-c5ccc(C(F)(F)F)c(C#N)c5)cc4)n3)cc2)cc1C#N,28.13
COc1cc(C#N)cc(C#N)c1O,18.98
COc1nc(-c2nc(-c3ccc(C#N)cc3)nc(-c3ccc(-c4cccc(C#N)c4)cc3)n2)cc(-n2nc(C(F)(F)F)cc2C#N)n1,16.01
N#Cc1ccc(-c2ccc(-c3nn(-c4ccc(O)cc4)c4cccc(C#N)c34)cc2C#N)cn1,27.31
COc1ccccc1-c1cnc(-c2ccc(-c3ccc(C#N)nc3)cc2F)n1Cc1ccc(C#N)cc1,26.77
CCn1cc(-c2cnc(-c3cccc(C#N)n3)c(C)c2)c2nc(C#N)ncc21,27.75
Cc1cc(-c2nnc(N)c(C#N)n2)cc(-c2cnc(-c3cc(F)cc(F)c3)c(C#N)c2)n1,18.32
N#Cc1cc(Nc2ccc3c(c2)C(=O)c2ccc(N)cc2C3=O)nc(-c2ccc(-c3cnc(C#N)c(C#N)c3)c(C#N)c2)n1,12.98
CN(C)CC(=O)Nc1ccc(Nc2ccc3c(c2)C(=O)c2ccc(-c4cccc(O)c4)cc2C3=O)nc1-c1cc(-c2ccc(C#N)cc2)nc(-c2ccc(C#N)cc2)c1,36.14
CN(C)C(=O)c1cc(-c2nc(=NCc3ccc(-c4ccc(C#N)cc4)nc3)cc[nH]2)ccc1F,25.87
CC(C)Oc1ncc(-c2nc(-c3ccc(-c4cc(F)ccc4C#N)cn3)n(CC(F)(F)F)n2)cc1C#N,16.95
CCN1CC2CC1CN2c1cnc(-c2cc(-c3ccc(C#N)nc3)nc(-c3ccc(C#N)cc3)n2)cc1C#N,25.91
Cc1c(N2CCC2C(N)=O)cc(C#N)nc1-c1nc(-c2cnc(C(F)(F)F)c(C#N)c2)nc(N2CC3C(C2)C3(F)F)n1,24.46
CCOC(=O)c1ccnc(-c2cnc(C3CCCc4c3ncn4CC(C)CO)nc2-c2cc(-c3ccc(C#N)nc3)nc(-c3ccc(Cl)c(C#N)c3)c2)c1,49.93
N#Cc1cc(S(=O)(=O)Nc2nc(-c3ccnc(N4CCNCC4)n3)ccc2F)ccc1F,24.91
N#Cc1c(N)ccc(OCC(=O)NN=Cc2cc(O)c(O)c(O)c2)c1C#N,24.95
N#Cc1cc(-c2cccc(-c3cnc(NC4CCCNC4)c(C#N)n3)n2)nc(C#N)c1C#N,15.13
Cc1[nH]c(=Nc2nc(-c3cccc(C#N)n3)nc(-c3cnc(OC(C)C)c(C#N)c3)c2C#N)ccc1C#N,14.33
CC(C)Oc1ncc(-c2nc(-c3cc(C#N)c(-c4ccc(C#N)cc4)cn3)no2)cc1C#N,13.99
CC(C)CN(Cc1ccc(-c2ccc(C#N)cn2)nc1)C(=NO)c1cccnc1Oc1ccc(-n2cncn2)cc1,32.42
CC#CC(=O)Nc1ccc2oc(-c3ccc(-c4ccc(C#N)cc4)cc3)c(C#N)c2c1,19.28
N#Cc1cccc(-c2nc(-c3cc(C#N)c(C4CC4)c(C#N)n3)n3ccncc23)n1,16.93
N#Cc1ccccc1-c1ccc(-c2ncc(-c3ccc(-c4ccc[nH]c4=N)cc3)cc2C#N)cc1C#N,17.69
N#Cc1ccc(-c2nccc(-c3ccc(-c4cccc(-c5ccncn5)c4)cc3)n2)cc1C#N,16.21
N#Cc1ccc(-n2nc(-c3ccc(C#N)c(C#N)c3)[nH]c2=Nc2cc(C#N)ccc2C#N)cc1,21.25
N#Cc1ccc(-c2nc(-c3ccc(NC(=O)C(F)(F)F)c(C#N)c3)nc(N3C4CC5CC(C4)CC3C5)c2C#N)nc1,30.3
CC(C#N)(c1ccc(-c2cnc(-c3cnc(C#N)c(C#N)n3)c(C#N)c2)cc1)N1CCC(N2CCOC2=O)C1,34.27
Cc1cc(-c2nc(-c3ccc(C#N)c(C#N)c3)nc(N3CC4CC3CO4)n2)nc(-n2cnnc2)c1,25.25
N#Cc1cccc(-c2nc(-c3csc(C#N)c3)nc(C3CCCCC3)n2)n1,15.29
N#Cc1cc(-c2ccc(-c3cnc(C#N)o3)c(C#N)c2)nc(C#N)n1,16.81
Cc1cc(C#N)ccc1-c1nc(-c2ccc(-c3cc(-c4ccc(C#N)cn4)nc(C#N)n3)cn2)nc(-c2ccc(C#N)cc2)c1C#N,16.88
N#Cc1ccc(-c2cnc(-c3ccc(C#N)cn3)c(F)c2-c2ccnc(-n3cnc(C#N)c3)c2)cc1,23.09
CN=c1cc(-n2nnnc2Sc2ccc(C#N)c(-c3ccc(-c4ccc(F)c(F)c4)c(C#N)c3)c2)cc[nH]1,37.66
CC(N=c1ncc(-c2cc(-c3nc(C#N)c(C#N)[nH]3)nc(-c3ccc(C#N)cc3)n2)c[nH]1)c1ccc(F)cc1,23.33
CCNc1ncc(-c2ccc(-c3cncc(-c4cccnc4)c3)cc2C#N)nc1C#N,22.1
Cn1nc(-c2ccc(N)cc2)nc1-c1cnc(C(=O)NC(CO)c2cc(F)cc(C(F)F)c2)c(C#N)c1,31.4
Cc1[nH]oc(=NS(=O)(=O)c2ccc(-c3ccncc3)cc2-c2cc(C#N)nc(-c3ccc(-c4ncco4)c(C#N)c3)c2)c1C,30.48
N#Cc1ccc(-c2cc(-c3ccc(C=Nc4cc(O)c(N)cc4O)cc3)nc(-c3ccc(C#N)c4ccccc34)n2)cc1,21.5
Cc1c(-c2nc(-c3ccc(C#N)cc3)nc(=Nc3cccc(C#N)n3)[nH]2)ccc(N)c1C#N,19.36
CNc1ccc(-c2ccc(-c3cc(C#N)cc(-n4cccc4C#N)c3)cc2F)nc1C#N,15.26
N#Cc1ccc(-c2ncc(-c3cc4c(cc3C#N)C(=O)NCC4)cc2C#N)cc1F,19.34
N#Cc1ccc(-c2ccc(-c3c(-c4cccc(C#N)c4)nc(C#N)n3CC#CCn3nc(C#N)cc3C#N)nc2)cc1,23.31
Cc1cc(C)c(N=c2c(C#N)c(C#N)[nH]n2-c2ccc(C#N)cc2C#N)c(C)c1,22.6
N#Cc1ccc(-c2ccc(-c3cc(-c4cccc(-c5cncc(F)c5)c4F)nc(-c4ccc(-c5ccc(C#N)cc5)cc4)n3)cc2)cc1,19.0
N#Cc1ccc(-c2ccc(-c3nc(C#N)nn3-c3cccc(-c4nc(C#N)c(C#N)cc4F)c3)cc2C#N)cc1,24.2
N#Cc1ccc(-c2cnc3c(c2)ncn3-c2cccc(-c3cc(C#N)cc(-c4ccc(F)cc4)c3)c2)cc1,26.56
Cc1ccc(N=c2nc(CC#N)[nH]c(Cc3cc(C#N)ccc3Cl)n2)cc1-c1cc(Nc2ccc(C#N)cc2)c(=O)n(C)c1,24.74
N#Cc1ccc(-c2cc(-c3ccc(NN=Cc4c(-c5ccc(C#N)cc5)nc(-c5ccccc5[N+](=O)[O-])nc4-c4ccc(C#N)cc4)cn3)nc(-c3ccc(C#N)cc3)n2)cc1,30.57
N#Cc1cc(-c2cc(-c3cnc(F)cn3)cc(N3CC4CCC(C3)O4)n2)nc(-c2cnc(C#N)c(C#N)c2)n1,23.47
CC(CO)NC(=O)c1cc(N2CCCC(F)(F)C2)nc(-c2cc(-c3cnc(C#N)c(C#N)c3)ncc2F)n1,31.06
Cn1cc(-c2ccc3c(c2)ncn3-c2cc(-c3ccc(C#N)c(C#N)c3)cc(-n3cccc3C#N)n2)cn1,23.9
N#Cc1cc(=Nc2ccc(-c3cc(-c4ccc(F)c(Cl)c4)c(C#N)c(-c4ccc(-c5cccc(F)n5)cc4)n3)nc2)[nH]nc1C#N,35.25
N#Cc1cncc(C#Cc2ccc(-c3nc(-c4cnc(-c5cnc(C#N)c(C#N)n5)c(C#N)c4)nc(C(F)(F)F)n3)nc2)n1,23.44
N#Cc1ccc(-c2cc(CN=Cc3nc(-c4ccc(C#N)cc4)nc(-c4ccc(C#N)cc4)n3)ccn2)cc1,26.33
N#Cc1cnc(-c2cc(C#N)nc(-c3cnc(-c4ccc(C#N)c(F)c4)c(C#N)c3)c2)cn1,15.21
N#Cc1ccc(-c2ccc(-c3nc(-c4ccc(-n5nccc5C#N)cc4)nc(-c4c(F)c(F)c(C#N)c(F)c4F)n3)cc2)cc1,13.15
CCc1nc(-c2nc(-c3ccc(C#N)cc3)nc(-c3ccc(C#N)cc3)n2)c(-c2cccs2)n1Cc1ccc(C#N)cc1,23.86
N#Cc1ccc(-c2ccc(CN3CCN(C(=O)n4nnc5ccccc54)CC3)cc2C#N)cc1,28.35
N#Cc1ccc(-c2ncc(C#Cc3ccc(-c4ccc(C#N)c(C#N)c4)nc3)cn2)cc1,18.25
N#Cc1ccc(CN2CCc3ncc(C#N)cc3C2)cc1,21.65
Cn1nc(-c2nc(C#N)ccc2C#N)nc1-c1ccc(-c2cc(C(N)=O)c(C#N)cn2)cn1,29.88
CC(C)Oc1nc(C#N)cc(-c2cc(-c3ccc(C#N)nc3)nc(-c3cc(C(F)(F)F)ccc3C#N)c2)n1,26.01
Cc1cc(-c2ncc(-c3cc(-c4nc(C#N)c(C#N)nc4C#N)nc(C#N)n3)cc2C#N)nc(C#N)n1,21.9
CC(C)c1nc(-c2ccc(-c3ccc(C#N)cc3)c(C#N)c2)oc1-c1cc(F)cc(-n2nc(C(N)=O)cc2C#N)c1,18.08
N#Cc1cccc(-c2cc(-c3cnc(CN4CCS(=O)(=O)CC4)c(C#N)c3)nc(C#N)n2)n1,19.98
C#Cc1nc(-c2nc(-c3cc(C#N)n(C)c3)cc(-c3ccc(C#N)cn3)n2)cnc1C#N,23.66
CCN=c1nc(-c2ccc(C#N)cc2)[nH]c(=Nc2cc(C#N)cc(-c3ccc(C#N)nc3)n2)[nH]1,24.52
N#Cc1ncc(-c2ccc(-c3nc(-c4ccc(C#N)c(C#N)c4)nc(-c4c(F)c(F)c(C#N)c(F)c4F)n3)nc2)cn1,19.31
N#Cc1ccc(-c2ccn(-c3nc(-c4ccc(C#N)cc4)nc(-c4nnc(N)c(C#N)n4)c3C#N)n2)cc1,23.21
Cc1nc(-c2ccc(-c3ccc(C#N)cc3)c(C#N)c2)c(C#N)cc1-c1ccc(-c2cnc(C#N)c(C#N)c2)cn1,10.85
CCc1cc(-c2ccc(-c3nc(C#N)cn3C)nc2C(F)(F)F)nc(-c2cc(C#N)c(OC(F)F)c(C#N)c2)n1,24.45
CC1(C)CC(O)(c2nc(-c3ccc(-c4cc(C#N)c(-c5ccc(C#N)cc5)o4)cc3)nc(-c3ccc(-c4ccc(F)c(C#N)c4)c(C#N)n3)c2C#N)CCO1,37.44
N#Cc1ccc(-c2cc(-c3cc(C#N)cc(-n4cc(-c5cccc(C#N)n5)nn4)c3)nc(N3CCN(c4ccc(C#N)cn4)CC3)n2)cc1,30.92
CCN(CC)CCn1c(=NC#N)n(-c2cccc(C#N)c2)c2cc(C#N)ccc21,23.26
N#Cc1ccc(-c2ccc(C#Cc3cc(-c4cnc(-c5cnc(C#N)o5)c(C#N)c4)ncn3)cn2)cc1,15.23
N#Cc1ccc(-c2ccc(-c3nc(-c4ccccn4)cc(-c4ccccc4Cl)n3)cc2)cc1,15.49
CC(C)Oc1c(F)cc(-c2nc(-c3ccc(C#N)cc3)cn2CCN2CCC(F)C2)cc1C#N,22.21
N#Cc1ccc(-c2ccc(-c3nc(-c4cccc(C#N)n4)c(-c4ccccc4)n3COC3CCCCO3)cc2)cc1,22.44
N#Cc1cc(-c2cncc(-c3cccc(-c4ccc(-c5ccc(N)c(C#N)n5)cc4)c3)n2)nc(C#N)c1C#N,17.78
N#Cc1ccc(-c2ccc(-c3nc(-c4ccc(C#N)nc4)cc(-c4ccc(-c5cnc(C#N)c(C#N)c5)c(C#N)c4)n3)cc2)cc1,15.74
CC(C)(C#N)NC(=O)c1nc(-c2cnc(C#N)c(C#N)c2)nc(-c2ccc(C#N)c(F)c2F)n1,22.22
Cn1nc(C#N)nc1-c1cc(C#N)c(-c2cc(C#N)ccc2C#N)cc1F,12.87
N#Cc1nc(-c2ccc(-c3cnc(C#N)c(C#N)c3)s2)c(-c2ccc(C#N)c(C#N)c2)[nH]1,15.67
N#Cc1cc(-c2cccc(-c3nnc(N)c(C#N)n3)c2)ccc1-c1csc(-c2cc(C#N)c(C#N)c(C#N)c2)n1,22.13
CCOC(=O)CCc1ccc(-c2ccc(-c3ccc(C#N)cc3)cc2)n1-c1ccc(-c2noc(CC#N)n2)cc1,21.43
N#Cc1ccc(-c2nc(Cl)nc(-c3ccc(-c4cc(-c5ccc(C#N)c(OC6Cc7ccc(C#N)cc7C6)c5)nc(C#N)n4)nc3)n2)cc1,30.32
N#Cc1cc(C#N)cc(NC(=O)C2(CO)CC(=O)N(c3ccc(-c4nnn(-c5cc(C#N)nc(C#N)c5)n4)cc3C#N)C2)c1,32.13
N#Cc1cc(-c2ccc(-n3c(C#N)ccc3C#N)cc2)nc(-c2ccc(-c3ccc(F)c(Cl)c3)c(C#N)c2)n1,14.03
N#Cc1cc(-c2ccc(-c3cncc(-c4c[nH]c(=N)c(C(=O)O)n4)c3F)cc2F)nc(C#N)n1,28.22
N#CCc1ncc(-c2nc(-c3ccc(C#N)c(SCc4ccc(-c5cccc(C#N)n5)cc4C(F)(F)F)c3F)nc(N3CCOCC3)n2)cc1C#N,33.7
CC1CCCCN1c1nc(-c2cccc(C#N)n2)cc(-c2ccc(F)c(C#N)c2F)c1C#N,21.33
N#Cc1ccc(-c2nc(-c3ccc(-c4ccc(C#N)c(F)c4)cc3)nc(-c3ccc(-n4nc(C(F)(F)F)cc4C#N)cn3)n2)cc1,12.85
CN(C)c1ccc(-c2cc(-c3cccc(-c4cccc(-c5ccc(C#N)cc5)c4)c3)nc(-c3ccc(C#N)cc3)n2)cc1,19.57
N#Cc1nc(-c2c(C#N)nn(C#N)c2-c2cnc(C#N)c(C#N)n2)cnc1N,17.82
N#Cc1cc(-c2cccc(-c3ccc(-n4c(C#N)ccc4C#N)cc3F)n2)ccc1-c1cnc(C#N)c(C#N)c1,18.36
N#Cc1cc(-c2nc(-c3nc(Cl)nc(Cl)n3)nc(N3CCSCC3)n2)cnc1-c1nnc(C(F)(F)F)o1,28.93
N#Cc1ccc(-c2ccc(-c3[nH]c4ccc(Cl)cc4c3-c3nc(-c4ccc5c(c4)CCO5)nc(-c4c5ccccc5c(C#N)c5ccccc45)n3)cc2)cc1,27.91
Nc1ccc(CNc2ccc3c(c2)C(=O)c2ccc(-c4cccnc4)cc2CC3)cc1F,24.36
N#Cc1cccc(-c2ccc(-c3cc(-c4cncc(C#N)c4)n4c(-c5cnc(C#N)c(C#N)c5)cnc4c3C#N)cc2)c1,21.45
N#Cc1cccc(-c2ccc(-c3nccc(-c4cc(C#N)cc(-n5nc(C(N)=O)cc5C#N)c4)n3)cc2)c1,14.01
N#Cc1cccc(-c2ccc(-c3cc(C#N)c(-n4ccc(C#N)n4)cn3)cn2)n1,22.66
N#Cc1ccc(-c2cc(-c3cc(C#N)nc(C(=O)Oc4ccc(-c5nnc(C#N)o5)cc4C#N)c3)c(C#N)c(-c3ccc(C#N)cc3)n2)cc1,31.26
N#Cc1cc(-c2nc(C3CC3)nc(-c3ccnc(Cl)n3)c2F)cnc1-c1cc(F)c(C#N)c(F)c1,19.55
CC(C)(C)CN(C(=O)Cc1ccc(-c2ccc(C#N)cc2)cc1)c1nc(C(=O)N=c2cc(C#N)cc(C#N)[nH]2)c(-c2ccc(C#N)cc2)s1,34.93
N#Cc1cncc(-c2nc(-c3cc(C#N)c(C#N)c(C#N)n3)nc(N3CC4CC3CO4)n2)c1,20.46
N#Cc1ccc(Nc2ccc(-c3nc(-c4ccc(-c5ccc(C#N)cc5)cc4)nc(-c4ccc(-c5ccc(C#N)c(C#N)c5)nc4)n3)cc2)cc1,20.23
N#Cc1ccc(C(=O)Nc2sc3c(c2C#N)CCCCC3)o1,19.46
O=C(NS(=O)(=O)OCC1(c2cc(F)cc(F)c2)CCC(F)(F)CC1)c1ccc(-c2ccc(F)cc2)cc1,37.87
CC(C#N)Oc1ncc(-c2nc(-c3ccc(N4CCOCC4C)nc3)nc(N3CCOCC3)n2)cc1C#N,26.01
COc1cccc(C#N)c1C=Nc1nc(-c2ccc(Br)cc2)cs1,23.86
Cc1ncc(-c2nc(-c3cc(-c4cnc(C=CC#N)c(C#N)c4)nc(C#N)n3)nc(N3CC4CC3C4)n2)cc1C#N,17.41
N#Cc1ccc(-c2nc(-c3ccc(-c4ccc(C#N)nc4)nc3)nc(-c3cnc(C#N)c(C#N)c3)n2)cc1,13.59
Cc1nn(-c2ccc(C#N)cc2)c(=Nc2cc(C#N)ccc2C#N)n1-c1cc(-c2ccc(C#N)cc2)ncn1,27.72
N#CCCn1c(-c2ccc(-c3ccc(F)cc3F)cc2)nc(-c2ccc(Cl)c(Cl)c2)c1CC#N,24.34
Cn1nc(-c2ccc(-c3ccc(F)c(C#N)c3F)c(C#N)c2)nc1COCC1(C#N)CCNC1,27.49
N#Cc1ccc(-c2cc(C#N)nc(-c3nc(C#N)cc(-n4ccc(C#N)n4)n3)c2)cc1,21.07
N#Cc1nc(Cl)cc(-c2cc(-c3ccc(-c4nc(C#N)c(C#N)nc4C#N)nc3C#N)c(C#N)c(N3CCC(F)C3)n2)n1,26.99
N#Cc1ccc(C#N)c(-c2nc(-c3cc(C#N)c(OC(CO)c4ccccc4)nc3C#N)nc(N3C4CCC3CC(CO)C4)n2)n1,19.61
CCN(CC)CCCN(Cc1ccc(-c2ccc(C#N)cc2)cc1)c1ncc(C#CC#Cc2ccc(-c3ccc(C#N)cn3)nn2)nc1C,31.74
N#Cc1cncc(-c2nc(-c3cc(C#N)c(C#N)c(C#N)n3)cc(C3CC4CC3NCC4F)n2)n1,22.63
N#Cc1ccc(C(=N)Nc2ncc(-c3ccc(-c4cncc(-c5ncc(C#N)cn5)c4F)cn3)nc2C#N)cc1,27.62
N#Cc1cccc(-c2cc(C#N)nc(-c3cnc4ccc(-c5cnc(C#N)c(C#N)c5)nc4c3)c2)n1,21.8
COc1nc(-c2nc(-c3ccc(C#N)cc3)nc(-c3ccc(-c4ccc(C#N)cn4)nc3)n2)ccc1-n1c(C#N)ccc1C#N,13.01
CC(C)Oc1ncc(-c2nc(-c3nc(C#N)cc(-c4cccnc4)c3F)nn2C(C)C)cc1C#N,20.46
CCn1cc(-c2ccc(-c3cc4nc(C#N)nc(-c5ccc(-c6ccc(C#N)c(F)c6)cc5)c4n3CC#N)cc2)cn1,23.75
CC(=O)N1CC2CC1CN2c1ccc(-c2nc(=Nc3ccc(C#N)c(C#N)c3)c(Cl)c[nH]2)cc1C#N,23.75
N#CCc1c(-c2ccc(Cl)c(Cl)c2)nc(-c2nnc(-c3ccc(-c4ccc(C#N)cn4)nc3)o2)n1-c1ccc(-c2ccc(C#N)cc2)cc1,26.35
Cn1c(-c2ccc(-c3cccc(-c4cnc(C#N)nc4)c3)cc2F)nc(C#N)c1NC(C)(C)CO,23.72
N#Cc1cc(-c2nnc(-c3cnc(C#N)c(C#N)n3)c(C(N)=O)n2)c(C(F)(F)F)nc1-c1ccncc1,25.91
Cc1nc(=Nc2ncc(-c3ccc(NC(=O)c4cscn4)cn3)cc2C#N)cc(C2CC2)[nH]1,32.47
CC(C)n1nc(C#N)nc1-c1cnc(-c2cnc(C#N)c(C#N)c2)c(C#N)c1,9.71
CC1(F)CCN(c2nc(-c3cccc(C#N)n3)nc(-c3cc(C#N)c(C#N)c(C#N)n3)n2)C1,14.63
CCCCc1cc(-c2nc(C#N)ccc2OC)nc(-c2cc(C#N)c(C#N)[nH]2)n1,18.78
N#Cc1ccc(Cn2cc(-c3ccc(C#N)cc3)nc2-c2ccc(-c3ccc(C#N)nc3-c3nccc(C#N)n3)cc2)cc1,23.63
Cn1cc(-n2ccc(N=c3[nH]c(C#N)nc(=NC4CCN(c5cnc(C#N)c(C#N)c5)CC4)[nH]3)nc2=O)cn1,29.08
N#Cc1ccc(-c2cc(Cn3cccc(O)c3=O)c(F)c(-c3ccc(C#N)cc3)c2)cc1,24.5
N#Cc1ccc(-c2ccc(-c3nc(-c4ccc(-c5ccc(C#N)cn5)nc4)[nH]c3-c3ccc(C#N)cn3)cc2)cc1,13.08
