SMILES,NLL
COc1ccc(-n2c(SCC(=O)N=c3[nH]c(-c4ccccc4)cs3)nc3ccccc3c2=O)cc1,23.33
COc1cc2c(-c3cc(OC)c(OC)c(OC)c3)cc(COC(=O)C3CCCO3)cc2cc1F,42.56
Cc1ccc2nc(-n3c(-c4ccc(C#N)cc4)cc4c3cc(-c3ccc(C#N)cc3)n4-c3nc4ccc(C)cc4s3)sc2c1,3.63
Nc1nc(N)nc(N=CN2CCN(C=O)CC2)n1,4.53
CN(C)Cc1ccc(-c2ccnc(-c3ccc(C=O)cc3)n2)cc1,15.12
N#Cc1c2ccccc2c(C#N)c2ccccc12,8.24
O=Cc1ccc2c(c1)OC(=Cc1ccccc1)C2=O,18.81
N#CC(C#N)=c1ccc(=C(C#N)C#N)cc1,3.52
N#Cc1ccc(-n2c(=O)c3cc4c(=O)n(-c5ccc(C#N)cc5)c(=O)c4cc3c2=O)cc1,4.09
N#Cc1c(F)c(F)c(C#N)c(F)c1F,3.41
Nc1ccc(-c2nc(-c3ccc(N)nc3)nc(-c3ccc(N=Cc4cc(C=O)cc(C=O)c4O)nc3)n2)cn1,4.67
C#Cc1ccc(C#N)cc1,3.76
N#Cc1ccc(-c2ccc(C#N)cc2)cc1,3.78
N#CC=CC#N,3.47
CCOCC=Cc1ccc(-c2nnc(-c3ccc(C=O)cc3)n2-c2ccc(C(=O)O)cc2)cc1,16.94
N#Cc1ccc(-c2ccc(C#N)cn2)nc1,3.27
CC(F)(F)c1cnc(-c2ccc(-c3ccc(C#N)cc3)cc2)n1-c1ccc(C#N)cc1,22.82
CC(C)c1ccc(-n2c(-c3ccc(C#N)cc3)cc3c2cc(-c2ccc(C#N)cc2)n3-c2ccc(C(C)C)cc2)cc1,3.79
N#Cc1ccc(C#N)cc1,5.51
N#Cc1ccc(-c2cc3c(cc(-c4ccc(C#N)cc4)n3-c3ccc(C#N)cc3)n2-c2ccc(C#N)cc2)cc1,4.34
Nc1ccc(-c2nc(-c3ccc(N)nc3)nc(-c3ccc(N=Cc4c(O)c(C=O)c(O)c(C=O)c4O)nc3)n2)cn1,3.63
Nc1ccc(-c2nc(-c3ccc(N)nc3)nc(-c3ccc(N=Cc4cc(C=O)c(O)c(C=O)c4O)nc3)n2)cn1,4.83
Clc1nc(Cl)nc(-c2ccc(-c3cc(-c4ccccc4)cc(-c4ccccc4)c3)cc2)n1,8.02
N#Cc1cccc(CNC(=O)c2ccc(-c3ccccc3S(N)(=O)=O)cc2)c1,22.99
Cn1cc(-c2ccc3c(c2)n(C2CCC(C#N)(c4nnc(-c5ccc(C#N)cc5)o4)CC2)c(=O)n3Cc2ccc(C#N)cc2)cn1,35.17
Nc1ccc(-c2nc(-c3ccc(N)cc3)nc(-c3ccc(-n4c(=O)c5cc6c(=O)oc(=O)c6cc5c4=O)cc3)n2)cc1,3.8
[N-]=[N+]=Nc1cccccc1=O,18.66
N#Cc1nc2ncnc(N3CCCCCC3)c2s1,22.95
Nc1ccc(-c2nc(-c3ccc(C=O)cc3)nc(-c3ccc(C=Nc4cc(O)c(N)cc4O)cc3)n2)cc1,12.91
Cc1cc(N=c2cnc(C#N)c[nH]2)cc(-c2ccc(C#N)cc2)c1,20.04
Nc1ccc2oc(-c3ccc(C=NN=c4ccc(Cl)c[nH]4)cc3)nc2c1,21.93
Nc1cc(O)c(N=Cc2ccc(-c3nc(-c4ccc(C=O)cc4)nc(-c4ccc(C=O)cc4)n3)cc2)cc1O,3.32
Nc1ccc(-c2noc(-c3ccc(C=O)cc3)n2)cn1,13.04
CCOC(=O)c1ccc(-[n+]2ccc(-c3ccccc3)cc2)nc1N,14.85
N#Cc1cc(C#N)c2ccc3c(C#N)cc(C#N)c4ccc1c2c43,4.49
N#CCc1cc(-c2ccc(C#N)cc2)ccc1-c1ccc(C#N)cc1,16.73
CC1CC2NC(=O)c3c(-c4ccc(C#N)cc4)cc2c2c3C(C)(O2)C1(F)F,35.2
c1ccc(-c2ccnc(-c3ccccc3)n2)cc1,14.7
CC(C)(C)NC(=O)CC[N+]1(C)CCN(Cc2c(F)ccc(Oc3ccc(Cl)cc3F)c2F)CC1,52.7
N#CC(=Cc1ccc(C#N)cc1)c1ccc(C#N)cc1,10.81
Cc1cccc(-c2cc3c(cc(-c4ccc(C#N)cc4)n3-c3ccc(C#N)cc3)n2-c2ccc(C#N)cc2)c1,12.34
N#Cc1ccc(-c2cc3c(cc(-c4ccccc4)n3-c3ccc(C#N)cc3)n2-c2ccc(C#N)cc2)cc1,6.39
C=c1c(C)c(O)n(C)c1=Cc1cc(C=CC(=O)c2ccccc2)c(=O)oc1-c1ccccc1,34.23
N#Cc1ccc(-n2ccc(C=O)c2)cc1,13.6
N#Cc1ccc(-c2ccc(C=Nc3ccc(-c4nc(-c5ccc(N)nc5)nc(-c5ccc(N)nc5)n4)cn3)cc2)cc1,10.21
N#Cc1ccc(-c2ccnc(C#N)c2)nc1,12.14
O=C(NN=Cc1ccccc1O)c1ccncc1,16.57
N#Cc1ccc(-n2[nH]c(=O)c3cc4c(=O)[nH]n(-c5ccc(C#N)cc5)c(=O)c4cc3c2=O)cc1,3.93
CN(C)C(=O)c1ccc(-c2nc(-c3ccc(C=O)cc3)nc(-c3ccc(C=Nc4cc(O)c(N)cc4O)cc3)n2)cc1,14.59
NN=CCc1cccc(F)c1,20.5
COc1cccc(C=NN=c2cnc3ccccc3[nH]2)c1,16.59
N#Cc1cc(C#N)c2cccc3c2c1C(=O)c1ccccc1-3,8.89
Cc1ccc(=NC(=O)N(c2cccnc2)c2cnc(C(O)=NCc3ccc(F)cc3)cn2)[nH]c1,38.71
N#Cc1ccc(COCc2ccc(C#N)cc2-c2cccc(Cl)c2)cc1,20.14
N#Cc1ccc(-c2nc(-c3ccc(C#N)nc3)n3ccn(-c4ccc(C#N)cc4)c(=O)c23)cc1,17.45
N#Cc1ccc(-c2cc(Cc3ccccc3)cc(-c3ccc(C#N)cc3)c2)cc1,16.09
O=C1C(=NCc2ccc(F)cc2)C(c2ccccc2F)C(=O)c2ccccc21,26.13
O=Cc1ccc(-c2nc3ccccc3c(=O)[nH]2)cc1,12.76
N#Cc1ccc(-c2ccccc2-c2ccc(C#N)cc2)cc1,9.75
Clc1nc(Cl)nc(-[n+]2ccc(-c3ccncc3)cc2)n1,3.87
Cc1noc(-c2ccc(N3CCc4c(C(N)=O)nn(-c5ccc(C#N)cc5)c4C3=O)cc2)n1,14.28
Nc1ccc(-c2nc(-c3ccc(N)nc3)nc(-c3ccc(N=Cc4cc(C=O)ccc4O)nc3)n2)cn1,6.8
N#Cc1ccc(-c2ccc(C#N)cn2)cc1,7.84
Cc1c(C(=O)Nc2ccc(-c3ccccc3)cc2)nn(-c2ccc(Cl)cc2Cl)c1-c1ccc(C#N)cc1,20.39
Cc1ccc(C)n1-c1ccc(=O)n(CCO)n1,20.97
N#Cc1ccc(-c2nn(-c3ccc(C#N)cc3)c3c2C(=O)CC(c2ccc(C#N)cc2)C3)cc1,13.63
CNN=Nc1ccccc1F,28.6
CC(=O)Nc1ccc(CN(C)c2ncc3nc[nH]c(=Nc4cc(C(=O)Nc5cc(CN6CCCC6)cc(C(F)(F)F)c5)ccc4C)c3n2)cc1,34.82
O=C(NC(=O)c1cccc(F)c1)NC1CCCCC1,24.11
CC1(c2ccc(Cl)cc2)NC(=O)N(C(=O)COc2nn(-c3cccc(C#N)c3)c3ccccc23)C1=O,33.59
CCCCc1nn(-c2ccc(N3CCOCC3=O)cc2)c(=O)n1Cc1ccc(-c2ccccc2-c2nn[nH]n2)cc1,22.76
O=c1c(-c2ccccc2)coc2c(CN3CCCCCC3)c(O)c(Cl)cc12,21.24
N#Cc1cccc(C#N)n1,6.09
CC1CCC(=NN=c2[nH]c(-c3ccc(-c4ccccc4)cc3)cs2)CC1,21.52
N#Cc1ccc(C=Cc2ccc3c(c2)c(C=O)cn3-c2ccc(C#N)cc2)cc1,22.55
CCN(CC)Cc1c(O)ccc2c(=O)c(-c3ccc(C=O)cc3)c(C(=O)c3ccc(C#N)cc3)oc12,26.29
N#Cc1ccc(C=Cc2nc3ccccc3c(=O)n2-c2ccccc2)cc1,13.05
O=C1NC(=S)NC(=O)C1=Cc1ccc(-c2nc(-c3cccnc3)cc(-c3ccco3)n2)cc1,24.56
CCn1cc(C#N)c(=O)c2cc(F)c(N3CCN(c4ccccc4)CC3)cc21,17.22
COc1nc(-c2ccc(C#N)cc2)cc(-c2ccc(C#N)cc2)c1C#N,13.79
N#Cc1ccc(-n2c(=O)c3cc4c(=O)n(-c5ccc(Cl)cc5)c(=O)c4cc3c2=O)cc1,11.4
N#CSCc1ccccc1,15.67
COc1cc(C#N)ccc1C=O,14.1
N#Cc1ccc(-c2ccc(-c3nc(Cc4cccc5ccccc45)cc4ccccc34)cc2)cc1,25.64
N#Cc1ccc(NC(=O)c2cccc(-c3cc(C(=O)N=c4cc[nH]cc4F)ccc3CN)c2)cc1,21.38
CN1CCN(C(=O)c2ccc(-c3ccncc3)cc2)CC1,18.08
CC(C)c1ccc(-n2c(-c3ccc(C#N)cc3)cc3ncc(-c4cccc(C#N)c4)cc32)cc1,11.47
O=Cc1ccc(-c2ccc(C=C3Cc4ccccc4C3=O)o2)cc1,17.65
Nc1cc(O)c(N=Cc2ccc(-c3nc(-c4ccc(C=CC(=O)O)cc4)nc(-c4ccc(C=Nc5cccc(F)c5)cc4)n3)cc2)cc1O,18.35
N#Cc1ccc2c(C#N)cn(-c3cccc(-c4nn[nH]n4)c3)c(=O)c2c1,27.65
O=Cc1ccc(-c2nc(-c3ccc(N=Cc4cc(O)c(O)c(O)c4)cc3)nc(-c3ccc(N=Cc4cc(C=O)c(O)c(C=O)c4O)nc3)n2)cc1,14.06
N#Cc1ccc(-c2cc(=O)[nH]n2-c2ccc(C#N)cc2)cc1,12.01
N#Cc1ccc(-c2cc3c(cc2F)c(=O)c(C(N)=O)c(-c2ccc(C#N)cc2)n3C2CC2)cc1,20.03
N#Cc1nccc(-c2ccc3nc(-c4cnc(N5CCCC5)nc4)nc(N4CCOCC4)c3c2)n1,25.26
CS(=O)(=O)c1ccc(C(C#N)=c2ccc(=C(C#N)C#N)cc2)cc1,14.12
Cc1cc(C(N)=O)ccc1-n1c(C#N)ccc1-c1ccc(C=O)cc1,16.15
N#Cc1ccc(-c2ccc(C#N)nc2)nc1,9.48
N#Cc1ccc(N2CCN(C(=O)N=c3cc(C#N)cc[nH]3)CC2)c(Cl)c1,23.73
N#Cc1ccc(N2C(=O)C3=Cc4c(ccn(-c5ccc(C#N)cc5)c4=O)C3=C2O)cc1,13.9
N#Cc1ccc(-c2ccn3nc(-c4ccc(C#N)cc4)cc3c2)cc1,16.98
N#Cc1ccc(-c2c(O)n(-c3ccc(Cl)cc3)n2-c2ccc(C#N)cc2)cc1,18.11
Cc1ccc(-c2nc(-c3ccc(N)cc3)nc(-c3ccc(N=Cc4ccc(-c5noc(-c6ccc(C=O)cc6)n5)cc4)cc3)n2)cc1,15.13
N#Cc1ccc(-c2[nH]c(-c3ccc(C=O)cc3)nc2-c2ccc(N)cc2)cc1,13.41
N#Cc1ccc(-c2cc(=O)c3ccc(F)cc3o2)cc1,16.46
CC(=O)N1CCN(c2nc(C=Cc3ccccc3)nc(-c3ccncc3)n2)CC1,22.05
N#Cc1ccc(N2C(=O)c3cccc4c3C(C2=O)C2CCN(C(=O)OCc3ccccc3)C2C4)cc1,33.23
O=C(c1cccnc1)N1CCCN(Cc2nc3ccccc3[nH]2)CC1,29.85
C=CCN1CCC2Oc3c(OC)ccc4c3C23CC1C3(O)Cc1cc(O)cc2c1C(O4)C2=Nc1ccc(C#N)cc1,40.16
N#Cc1ccc(-c2ccc3ncn(-c4ccc(C#N)cc4)c(=O)c3c2)cc1,11.53
CC(=NN=Cc1ccc(C#N)cc1)c1cnn2ccc(-n3cnc(C4CC4)c3)nc12,38.71
N#Cc1ccc(Cn2c(-c3ccccn3)nc3cc(C#N)ccc32)cc1,18.47
N#CCCCc1c[nH]cn1,18.62
Cc1ccc(NC(=O)c2cccc(-c3cnn(C)c3)c2)cc1N=c1nc(-c2cccnc2)cc[nH]1,25.1
Nc1ccc(-c2nc(-c3ccc(N=Cc4cc(C=O)cc(C=O)c4O)nc3)nc(-c3cccs3)n2)cn1,12.03
CC1(C)C(=O)Nc2ccc(-c3cccc(C#N)c3)cc21,16.82
Cc1cc(C)[nH]c(=NC(=S)N2CCN(c3ccc(C#N)cc3C#N)CC2)c1,24.3
N#Cc1ccc(-c2cccc3c(-c4ccc(C#N)cc4O)c(-c4ccncc4)nn23)cc1,29.05
CSc1ccc(-c2nc(-c3ccc(C=O)cc3)nc(-c3ccc(C=Nc4cc(O)c(N)cc4O)cc3)n2)cc1,10.48
Cc1cc(-c2cc(C#N)cc(N=c3ncc(CCO)c[nH]3)c2)ccc1C#N,25.09
N#Cc1ccc(-c2ccc(C=O)cc2)nc1,10.13
Cc1ccc(SC2C(=O)c3ccccc3C(=O)C2=Nc2ccc(C#N)cc2)cc1,23.45
Nc1ccc(-c2nc(-c3ccc(N)cc3)nc(-c3ccc(N4C(=O)c5ccc6c7c(ccc(c57)C4=O)C(=O)OC6=O)cc3)n2)cc1,4.28
N#Cc1ccc(-c2nc(-c3ccc(C#N)cc3)c(-c3ccc(C#N)cc3)[nH]2)cc1,10.35
Cc1cc(C(=O)Nc2cn3nc(-c4cnn(CCC#N)c4)ccc3n2)ccn1,30.23
COc1ccc(CCN(C)CCC#N)cc1OC,20.04
N#Cc1ccc(-c2nc(-c3ccc(N)nc3)nc(-c3ccc(N=Cc4cc(C=O)c(O)c(C=O)c4O)nc3)n2)cc1,8.56
Cc1ccccc1NC(=O)Nc1ccc2[nH]c(O)c(N=NC(=O)Cn3nc(C(=O)O)cc3C)c2c1,41.23
Cc1ccc(C=NNC(=O)c2cccc(-c3nc4cc(C)ccc4[nH]3)c2)cc1,22.94
O=Cc1c(O)c(C=O)c(O)c(C=NCCCO)c1O,13.8
CCCn1c(=O)c2[nH]c(-c3cnn(Cc4cc(C)nc(-c5ccncc5)n4)c3)nc2n(CC)c1=O,29.18
N#Cc1cc(C#N)c2ccccn2c1=N,11.29
N#Cc1ccc(-c2ccc3c(-c4ccc(N)nc4)nc(-c4cnc(C#N)nc4)n3n2)cc1,20.29
N#Cc1ccc2nccc(C=Cc3ccc(N=CN4CCCCC4)cc3)c2c1,22.24
Cc1ccc(-c2cc(-c3ccc(C=O)cc3)nc(-c3ccc(N=Cc4cc(C=O)c(O)c(C=O)c4O)nc3)n2)c(F)c1,17.92
CC(C)c1ccc(-n2c(=N)[nH]c3ccc(-c4ccc(C#N)cc4)cc32)cc1,16.91
Cn1c(=O)c2c([nH]c(=O)n2C)n(C)c1=O,14.61
COc1cccc(C(=O)CN2CCCC2C(=O)NC(Cc2ccccc2)C(=O)NC(CC(C)C)C(=O)NC(C=O)C(C)(C)C)c1,38.84
N#Cc1ccc(-c2cc(-c3cccc(O)c3)cc(-c3ccc(O)cc3)n2)cc1,15.05
Nc1ccc(-c2nc(-c3ccc(N=Cc4cc(C=O)cc(C=Nc5ccc(-c6nc(-c7ccc(N)nc7)nc(-c7ccc(N)nc7)n6)cn5)c4O)cc3)cc(-c3cccnc3)n2)cc1,11.95
N#Cc1ccc(-c2cc(-c3ccc(C(=N)N)cc3)cc(-c3ccc(C(=N)N)cc3)c2)cc1,17.66
N#Cc1ccc(-c2nc(-c3ccc(NC(=O)c4c[nH]c(=O)[nH]4)nc3)cc(-c3ccc(C#N)c(C(F)(F)F)c3)n2)cc1,31.37
CC1=CC23OC(C)(C)C1C(OC(=O)c1ccccc1)C2(C)C(=O)C(OC(=O)c1cccnc1)CC3C,34.24
OCCSCc1ccccc1,17.14
COc1cc(C=CC=Nc2ccc(-c3nc(-c4ccc(N)cc4)nc(-c4ccc(N)nc4)n3)cc2)cc(OC)c1OC,20.52
Cc1ccc(-c2c[n+](-c3nc(Cl)nc(Cl)n3)ccc2-c2ccccc2)cc1,14.16
N#Cc1c[nH]c(-c2ccc(C=O)cc2)n1,11.3
N#Cc1cnc2c(ccn2-c2ccc(C(=O)NCc3cccc(C(F)(F)F)c3)cc2)c1,17.94
N#Cc1ccc(-c2cc(C#N)ccc2C#N)nc1,11.72
CNc1ccc(-c2nc(-c3ccc(N)cc3)nc(-c3ccc(-n4c(=O)c5cc6c(=O)oc(=O)c6cc5c4=O)cc3)n2)cc1,10.19
Cc1ccc(-c2nc(-c3ccc(C#N)cn3)cc(-c3nnn(Cc4ccccc4)n3)n2)cn1,27.43
N#Cc1cccc(-c2cnc3[nH]nc(-c4cccc(C#N)c4)c3c2)c1,23.71
N#Cc1ccc(-c2cc[n+](-c3nc(Cl)nc(Cl)n3)cc2)cc1,8.49
N#Cc1ccc(-c2cc(=O)c3c(O)cc(O)c(C=NNC(=O)c4ccncc4)c3o2)cc1,21.17
N#Cc1ccc(-n2cnc(C=O)c2)cc1,13.08
CC(C)c1ccc(-n2c(-c3ccc(C#N)cc3)cc3c2cc(-c2ccc(C#N)cc2)n3-c2ccc(C(C)C#N)cc2)cc1,13.72
N#Cc1cccc(-c2nc(=O)cc(-c3ccc(C#N)nc3)[nH]2)c1,18.58
COc1cc(CC2=c3cc([N+](=O)[O-])ccc3=NC2=O)cc(OC)c1OC,23.1
N#Cc1ccc(-n2[nH]c(=O)c3ccccc3c2=O)cc1,10.21
N#Cc1ccc(-c2ccn3c(-c4ccc(C#N)cc4)cnc3c2)cc1,13.21
N#Cc1ccc(-c2cn3c4ccccc4c(=O)c(C#N)c3n2-c2ccc(C#N)cc2)cc1,16.86
COc1c2cc(C#N)cc(Cl)c2nn1-c1ccc(-c2ccc(C#N)cc2)c(C#N)c1,27.09
N#Cc1cc(C#N)c2ccccc2c1,10.11
N#Cc1ccc(-c2ccc(C=O)cc2)cc1,6.76
N#Cc1ccc(-c2cc(C#N)cc3cc[nH]c(=N)c23)cc1,16.61
CC1CCC2(CCN(C(=O)c3ccc(C#N)cc3)CC2)c2cc(C#N)sc21,28.16
NC(=O)c1ccc(-n2c(-c3ccc(C=O)cc3)nnc2-c2ccc(C=Nc3cc(O)c(N)cc3O)cc2)cc1,13.05
CSCCC(NC(=O)c1ccccc1O)C(=O)Nc1ccc(C#N)cc1,28.75
CNC(=O)c1ccc(-c2c[nH]c3ccc(-c4cc(C)nc(CN)c4)nc23)cc1,29.29
Cc1ccc(-c2nc(-c3ccc(C=O)cc3)nc(-c3ccc(C=Nc4cc(O)c(N)cc4O)cc3)n2)cc1,9.28
O=Cc1ccc(-c2nc(-c3ccc(C=O)cc3)nc(-c3ccc(C=Nc4cccc(O)c4)cc3)n2)cc1,11.12
N#Cc1ccc(C(=O)n2cc(-c3ccc(C#N)cc3)c3ccccc32)cc1,17.94
CC1CN(C)CCC1C(=O)N1CCN(c2ncc(-c3ccccc3C(F)(F)F)cn2)CC1,34.29
CCN(CC)Cc1cc(C=O)cc(C=Nc2ccc(-c3ccc(-c4ccc(NC(C)=O)cc4)o3)cc2OC)c1O,25.45
CC(=O)c1cccc(C=Nc2ccc(-c3cccc(C#N)c3)cc2)c1O,22.58
COc1ccc(CC2NC(=O)Cc3c2nc2n[nH]c(=O)cc2c3-c2ccc(C#N)cc2)cc1OC,34.55
Nc1cc(O)c(N=Cc2ccc(-c3nc(-c4ccc(C=O)cc4)nc(-c4ccc(CO)cc4)n3)cc2)cc1O,12.32
N#Cc1nc(-c2cc(=NC(=O)c3ccc([N+](=O)[O-])cc3)[nH]c(-c3ccc(N)nc3)n2)c[nH]c1=N,34.24
Nc1ccc(-c2nc(-c3ccc(N4Cc5ccccc5C4=O)cc3)nc(-c3ccc(N)nc3)n2)cc1,15.5
CN=c1ccc(C(=O)c2ccc(C#N)c3cccc(C=O)c23)c[nH]1,32.48
N#Cc1ccc(C#Cc2ccc(C#N)cn2)cc1,11.48
N#Cc1cccc(-c2ccc(=O)n(C3CCOc4cc(C#N)ccc43)n2)c1,23.38
CCOCCn1c(-c2ccc(C#N)cc2)nc2cc(-c3ccc(C#N)cc3)cc(F)c21,23.72
COc1ccc2c(-c3nc(CNC(=O)Nc4ccccc4)[nH]c3-c3ccc(F)cc3)ccnc2c1,25.13
N#Cc1cccc(-[n+]2ccc(-c3cc[n+]([O-])cc3)cc2)n1,17.24
Cc1ccc(-c2csc(N=c3cccc(F)[nH]3)n2)cc1C,26.1
CN(C)C1CCC(Oc2cccc3ccc(C#N)cc23)CC1CO,35.76
Cc1cc(=NCc2ccncc2)c2cc3ccccc3c(C#N)c2[nH]1,20.49
C=c1[nH]n(-c2ccccc2)c(=O)c1=Cc1cc(Br)ccc1O,17.58
N#Cc1ccc(-c2nn[nH]c2-c2ccc(C#N)cc2)cc1,13.54
O=Cc1ccccc1C=O,11.72
CN1CCN(c2ncc(-c3ccc(C(=O)NCc4cccs4)cc3)c(=N)[nH]2)CC1,23.27
CCc1ccc(OCc2cc(F)cc(-c3cc(C(C)C#N)ccc3C)c2)cc1,27.68
S=C=NCc1ccccc1,13.62
Nc1cc(O)c(N=Cc2ccc(-c3nc(-c4ccc(C=O)cc4)cc(-c4ccc(C=O)cc4)n3)cc2)cc1O,7.37
N#Cc1ccc(-c2ccc(C(=O)N3CCCN(C(=O)c4ccccc4C#N)CC3)cc2)cc1,23.78
Cc1nc(-c2ccc(F)c(C#N)c2)cc(=NC(C)c2ccc(N=c3nc(C(F)(F)F)cc[nH]3)cc2)[nH]1,23.98
NC(=O)c1cccc2cc3ccccc3nc12,18.81
Clc1nc(Cl)nc(-[n+]2ccc(-c3ccccc3)cc2)n1,8.61
N#Cc1ccc2[nH]cc(C(=O)N=c3[nH]ccs3)c2c1,22.32
O=c1c2ccccc2[nH]c(=S)n1Cc1ccccc1F,24.26
Cc1ccc(-n2c(-c3ccc(C#N)cc3)cc3c2cc(-c2ccc(C#N)cc2)n3-c2ccc(C#N)cc2)cc1,11.55
N#Cc1ccc(Oc2cc(-c3ccc(C#N)cc3)nn2-c2ccccc2)cc1,18.75
Cc1ccc(-c2nc(-c3ccc(N=C=S)cc3)nc(-c3ccc(N=CN4CCN(C=O)CC4)cc3)n2)cc1,16.6
CC(NC(=O)N=c1cc2c(=N)[nH]cnc2c[nH]1)c1ccccc1,24.37
Cc1ccc(-c2nc3ccccc3c(=O)n2-c2cccc(C#N)c2)cc1,16.54
CCN(CC)C(C=N)=C(C#N)C#N,25.28
COc1cc(C=Nn2c(C)nc3ccccc3c2=O)cc(OC)c1OC,20.0
Cc1ccn2c(=O)c(C(=O)OCc3ccc(C#N)cc3)cc(C#N)c2c1,25.04
N#Cc1ccc(-c2ccccc2)nc1,7.26
CC(C)(C)Nc1cc(-n2cc(C#N)c3cc(-c4cccc(C#N)c4)ccc32)ccc1C(N)=O,19.15
N#Cc1ccc(-n2ccc3cc(-c4ccccn4)ccc3c2=O)cc1,22.26
CCC(=O)C(=O)NCc1ccc(O)c(OC)c1,29.03
COc1ccc(-c2ccc(C)n2-c2nnc(C(=O)C=Cc3ccc(C)cc3)s2)cc1,26.05
Cc1cc(=NN=Cc2ccc(Cl)cc2)nc(-c2ccc(C#N)cc2)[nH]1,15.94
Cc1ccc(C(=O)NCC(=O)NN=Cc2cc(C=O)c(O)c(C=O)c2O)cc1,20.2
CCn1c2ccccc2c2cc(C=O)ccc21,16.13
Nc1cc(O)c(N=Cc2ccc(-c3nc(-c4ccc(C=O)cc4)cc(-c4cc(F)cc(F)c4)n3)cc2)cc1O,16.25
Cc1cc(=O)oc2cc3c(Br)ccc(C)c3cc12,26.34
Cc1cc(-c2ccc(C#N)cc2)c2cc(-c3ccccc3)cnc2n1,19.02
C=c1cc(OC)c(C)c(O)c1=CN1C(=O)c2cccc3cccc(c23)C1=O,34.65
CC(N=c1[nH]cnc(N)c1C#Cc1ccc(C#N)cc1)c1nc2cc(-c3cccc(C#N)c3)ccc2[nH]1,26.79
Cc1cc(C)cc(-c2ccc(C=O)o2)c1,16.04
N#Cc1ccc(C(=O)Nc2ccc(-c3nc4nc(Cl)c(C#N)c(Cl)c4s3)cc2)cc1,27.79
CC(C)(C)NCc1ccc(-c2ccc(C#N)cc2)cc1,18.58
CS(=O)(=O)c1cc(C#N)ccc1-c1ccc(C#N)cn1,19.23
O=C1N=C(c2ccccc2)CC(c2ccccc2)N1,20.94
N#Cc1ccc(-c2cc[n+](-c3ccon3)cc2)cc1,13.12
O=c1n(-c2ccccc2)nc(Cc2ccc(-c3ccccc3)cc2)n1N=Cc1ccc(O)cc1,23.11
Cc1ccc(-c2nc(C#Cc3ccc(C#N)cc3)cc(N3CC4(COC4)C3)n2)cn1,20.46
N#Cc1ccc(-n2cnc3cc(C#N)ccc32)cc1,15.33
CCC(C)CC(C)CC=CC=CC=CC=CC(=O)OC1CC=C(C)C12OC(C)(C)C1C2C1(C)O,43.77
N#Cc1cccc(-c2cccc(C(=O)c3cc4cc(C#N)ccc4[nH]3)c2)c1,24.49
CC(CO)NC(=O)c1cc(-c2ccc(C#N)cc2)cc(-c2ccccc2C#N)c1,17.84
N#Cc1ccc(-c2nc(-c3ccc(C=O)cc3)nc(-c3ccc(C=Nc4cc(O)c(N)cc4O)cc3)n2)cc1,7.42
COc1ccc(-c2cc(=O)c3ccc(C#N)cc3o2)cc1COc1ccc(C=O)cc1,28.66
NCc1ccc(-c2nc(-c3ccc(C=O)cc3)nc(-c3ccc(C=Nc4ccc(C=O)c(O)c4)cc3)n2)cc1,18.46
CC(=O)c1ccc2nc(-c3ccc(-c4ccc(-c5ccc(-c6cc(-c7ccccc7)nc(-c7ccc(N)cc7)c6Oc6ccccc6)cc5)cc4)cc3)[nH]c2c1,31.84
N#Cc1cc(C=NC(CO)CO)cc(-c2ccc(-c3ccc(C(N)=O)cn3)o2)c1,33.52
N#Cc1ccc2[nH]c(C=NCc3ccc4c(c3)OCO4)c(O)c2c1,27.58
CCS(=O)(=O)c1ccc2[nH]c(-c3ccc(C=O)cc3)nc2c1,21.37
Nc1ccc(-c2nc(-c3ccc(N)cc3)nc(-c3ccc(N=Cc4cccc5ccccc45)cc3)n2)cc1,12.92
C=CCc1cc(-c2cc(=O)c3c(O)cc(O)cc3o2)ccc1O,20.26
N#Cc1ccc(-c2csc3ncnc(-n4cncn4)c23)cc1,21.79
Cc1cc(C=Cc2ccc(C=Cc3ccc(-c4cc(N)cc(-c5cccc(O)c5)c4)c(-c4ccc(N)cc4)n3)cc2O)cc(O)c1[N+](=O)[O-],40.3
CCN(Cc1ccccc1)Cc1cccc(-c2ccc(-c3cccc(C#N)n3)s2)c1,28.34
Cc1ccc(-c2nc(-c3ccc(C=O)cc3)nc(-c3ccc(C=O)cc3)n2)cc1,11.82
N#Cc1c(N)c(F)c(C#N)c(F)c1F,14.47
N#Cc1ccc(C=CC(=O)c2ccc(-n3cccc3)cc2)cc1,16.1
CN(C)S(=O)(=O)c1ccc(-c2cc(-c3ccc(C#N)cc3)[nH]c(=O)n2)cc1,23.5
Cc1cc(C#N)ncc1C(=O)N1CCC1(C)C(=O)Nc1ccc(CNC(=O)C(C)(C)C)cc1,27.83
COc1cc(C(=O)N2C3CC4C5C(C(=O)O)COC5C2C43)cc(Cl)c1O,49.68
CC=c1ccc(=C(C#N)C#N)cc1,10.85
C#Cc1ccccc1N,15.72
COc1ccc(-n2c(-c3ccc(C#N)cc3)nnc2-c2ccc(C=O)cc2)cc1,17.67
N#Cc1ccc(Cn2cnc(=O)c3ccc(-c4ccc(C#N)cc4)cc32)cc1,14.5
N#Cc1ccc(-c2cccnc2)nc1,10.62
Cc1cc(C)cc(-c2c(C(=O)c3ccc(C)c(C)c3)c3cc(C(=O)O)ccc3[nH]c2=O)c1,32.73
Cc1ccc(CCNC(=O)c2cc(-c3ccc(C)cc3)nc3ccccc23)cc1,19.82
Cc1ccc(-n2nc3ccc(-n4cnnc4)cc3n2)cc1,22.2
N#Cc1ccc(-c2cc(-c3ccc(N)cc3)nc(-c3ccc(C=Nc4cc(O)c(N)cc4O)cc3)n2)cc1,11.45
CC(C)c1ccc(-n2c(-c3ccc(C#N)cc3)cc3cnc(-c4ccncc4)cc32)cc1,16.38
Cc1cc(C#N)c(C)n1-c1ccc(C#N)cc1,14.46
N#Cc1ccc(-c2sc3ccc(C#N)cc3c2C#N)cc1,16.95
N#CCCSc1ccc(-c2nc3scc(C=N)n3n2)cc1,28.38
CCN(Cc1ccc(C(C)=O)c(OC)c1)c1ccc(C=O)cc1,28.39
N#Cc1ccc(-c2nc3ccc(-c4ccc(C(=O)O)cc4)cn3c2-c2ccc(C#N)cc2)cc1,15.24
N#Cc1ccc(-c2ccc(C#Cc3ccccn3)cc2)cc1,17.2
N#Cc1ccc(Cc2ccccc2)cc1,12.96
CC(C)Oc1ccc(-c2nnc(-c3ccc(C#N)cc3)n2-c2ccc(C(N)=O)cc2)cc1C#N,20.45
COCCNCCCCOc1ccc2ccc(=O)oc2c1,29.15
Cn1c(-c2ccc(N)nc2)nc(-c2ccc(C#N)cc2)c1-c1ccccc1,13.02
FC(F)(F)c1cccc(CNCc2coc(-c3ccccc3)n2)c1,19.66
CSc1c(C#N)c2c(=N)cc(C)[nH]c2n1S(=O)(=O)c1ccc(C#N)cc1,36.08
CN1C2=CC=Cc3c(C#N)cc(C#N)c2c3C2=C1C(=O)NC2=O,16.76
Cc1ccc(-c2noc(C=Cc3ccc(-c4cccc(Cl)c4)o3)n2)cc1,25.35
N#Cc1ccc(-c2cc3c(cc(-c4ccc(F)cc4)n3-c3ccc(C#N)cc3)n2-c2ccc(C#N)cc2)cc1,10.92
CC(C)c1ccc(-n2c(-c3ccc(C#N)cc3)cc3c2cc(-c2ccc(C#N)cc2)n3-c2ccc(C3CCCCC3)cc2C(=O)O)cc1,24.52
CCNC(C)C(O)c1ccc(-c2ccc(C#N)cc2)cc1,21.39
N#Cc1ccc(-c2nn3c(=N)nc(N4CCNCC4)nc3[nH]2)cc1,19.35
N#Cc1ccc(-c2cc(-c3cccc(F)c3)nc(-c3cccc(C#N)n3)n2)cc1,19.86
CCC1=NC2(CCCC2)C(=O)N1Cc1nc(C)nc2ccc(OC)cc12,33.67
C#Cc1cnc(N=CN(C)C)c(C#N)c1,18.85
CN(C)c1ccc(-c2cccc(C(=O)c3ncc4cc(-c5cccnc5)ccc4n3)n2)cn1,30.74
CC1CN(c2cc(C#N)nc(-c3ccc(C=O)cc3)n2)CCN1C(=O)Cn1ccc(=O)[nH]c1=O,19.75
N#Cc1ccc(-c2cc(-c3ccccc3)cc(-c3ccc(-c4nc(Cl)nc(Cl)n4)cc3)c2)cc1,7.98
Cn1c(=O)c2nc(-c3ccc(F)cc3)c(-c3ccc(C#N)cc3)nc2n(C)c1=O,23.48
Cc1cc(-c2ccc(N)c(C#N)c2)nc(C#N)n1,16.64
CC(C)=CCCC(C)=CC=CC(C)=CC=CC=C(C)C=Cc1c(C)cc(C)cc1C,21.45
COc1c(CNC=Nc2ccc(F)cc2)c(O)c2oc(=O)cc(C)c2c1C,29.67
CC(=O)c1ccc2oc(C)c(NC(=O)OC(C)(C)C)c2c1,31.48
Cc1ccc(NC(=O)Cn2cc(C=C(C#N)C#N)c3ccccc32)cc1,20.9
N#Cc1cccnc1,9.84
CC(C)c1nc(-c2ccc(C#N)cc2)c(-c2ccc(C#N)cc2)c2cc(-c3ccc(C#N)cc3)nn12,15.53
COc1ccc(C=CC(=O)c2ccc(C)cc2)cc1,17.43
N=c1nc(-c2cc(-c3ccc(Cl)cc3)nc(-c3ccc(N=Cc4cc(Br)ccc4O)cc3)n2)nc(-c2ccc(N)cc2)[nH]1,32.79
CC12CCC(OC(=O)c3ccc(C#N)cc3)CC1=CCC1C2CCC2(C)C(O)CCC12,24.1
O=C1NC(=O)C2(N1)c1ccccc1-c1ccccc12,19.65
Cc1cc(-c2ccc(C#N)cc2)cc(-c2ccc(C#N)cc2)n1,15.23
CN=c1cc(CC(=O)N2CCc3ccc(C#N)cc32)[nH]cn1,33.23
N#CCN1Cc2ccccc2Oc2ccccc21,21.99
Cc1ccc(C#Cc2cccnc2C#N)cn1,16.09
COc1ccccc1-c1ccc(CC(NC(=O)c2cccc(C#N)c2)C(=O)N=O)cc1,30.88
N#Cc1ccc(-n2cc(-c3ccc4c(c3)C=CS(=O)(=O)O4)cn2)cc1,23.48
O=C1c2cc3c(=O)n(-c4ccc5c(c4)CCN5)c4ccc[nH]c4c3c2C(=O)N1CCO,38.29
N#Cc1ccc(-c2ccc(F)c(-c3cccc(C#N)n3)c2)cc1,16.4
Cc1cnc(-c2ccc3ccccc3n2)n1-c1ccc(C#N)cc1,22.47
Cc1cc(C)c2nc(-c3ccc(C=O)cc3)sc2c1,16.14
N#Cc1ccc(-c2nc(-c3ccc(N)cc3)nc3c2c2ccccc2n3-c2ccc(C#N)cc2)cc1,19.19
CC(C)(C)c1nc(-c2cc(CN)ccc2-c2ccc(C#N)cc2)nc(=Nc2ccc(C(N)=O)cc2)[nH]1,31.61
CC(NC(=O)c1ccc(-c2ccccc2)cc1)C(=O)OCc1ccc2ccccc2c1,26.41
CN(N=Cc1ccc(C(=O)O)cc1)C(=O)NC(=O)c1ccccc1,25.66
N#Cc1ccc(-c2cc(-c3ccc(C=O)cc3)nc(-c3ccc(N)nc3)n2)cc1,14.78
Cc1c(Nc2ccc(C#N)cc2)ccn(C)c1=O,16.0
N#Cc1ccc2[nH]c(-c3ccc(C=Cc4ccc(-n5cnc(C=O)c5)cc4)cc3)nc2c1,23.93
N#Cc1ccc(-c2ccc(C#N)cc2C#N)cc1,13.46
CN1CC(=Cc2ccco2)C(=O)C2(C1)C(c1ccc(C#N)cc1)CN(C)C21C(=O)Nc2ccccc21,24.78
CC(C)c1ccc(C#N)cc1-c1nc(C#N)c[nH]1,17.62
C=CCn1c(-c2ccc(C#N)cc2)nc2cc(Cl)c(-c3ccc(C#N)cc3)cc2c1=O,25.62
N#CNc1ccc(C#N)cc1,14.8
N#Cc1ccc(-c2nnnn2-c2ccc(C#N)cc2)cc1,10.93
N#Cc1ccc(-c2ccc(C(=O)Nc3ccc4c(c3)CNC4)cc2)cc1,22.55
CN(Cc1ccc(F)c(Cl)c1)Cc1ccccc1C=O,29.9
N#Cc1c(N=Cc2c(O)ccc3ccccc23)sc2c1CCCC2,15.54
N#Cc1ccc(Cn2cncc2CNc2ccc(-c3nc(-c4ccc(C#N)cc4)nc(-c4ccc(N)nc4)n3)cn2)cc1,19.66
Cc1ccc(C=C(C#N)C#N)cc1,15.45
Cn1c(C#N)ccc1-c1ccc(-c2ccc(C#N)cc2)c(C#N)c1,15.48
N#Cc1ccc(N=c2[nH]c(=O)n(CCO)c(=O)n2Cc2ccc(Cl)cc2)cc1,14.48
N#Cc1c(N=Cc2ccccc2)sc2c1CCCC2,12.97
N#Cc1ccc(-c2cc3c(-c4ccc(C#N)cc4)nc(C#N)nc3[nH]2)cc1,18.15
Cc1cc(C(=O)C=Cc2ccccc2)ccc1-n1cc(C#N)cn1,29.92
COc1cc(-c2nnc(CO)n2C)ccc1N=c1[nH]c(=N)[nH]cc1C#N,27.56
N#Cc1ccc(-c2ccc(F)cc2)cc1,11.79
N#Cc1ccc(C#N)c(N2CCN(Cc3ccc(F)c(F)c3)C(=O)C2=O)c1,25.06
N#Cc1ccc(N(c2ccc(C#N)nc2)c2ccc(C(=O)c3ccc(Cl)cc3)nc2)cc1,28.4
N#Cc1cccc(COc2cc(-n3cnc4ccc(C#N)cc43)sc2C(N)=O)c1,21.92
N#Cc1ccc(-c2ccc(C#N)nc2-c2ccc(C#N)cc2)cc1,9.23
CC(C)Oc1ccc(-c2nnc(-c3ccc(C=Cc4ccc(C(=O)O)cc4)cc3)nc2-c2ccc(Cl)cc2)cc1,23.9
CCc1nc(-c2ccc(N=Cc3cc(C=O)c(O)c(C=O)c3O)nc2)nc(-c2ccc(C#N)cn2)n1,16.89
Cn1c(=O)c2c(-c3ccc(C#N)cc3)n(-c3ccc(C#N)cc3)nc2n(C)c1=O,14.3
N#Cc1ccc(-n2[nH]c(=O)c3cc(-c4cccc(C#N)n4)ccc32)cc1,16.78
N#Cc1ccc(-c2nc(C#N)cc(-c3ccc(C#N)nc3)n2)nc1,13.73
C#Cc1ccc(C=C2SC(=O)N(CC(=O)O)C2=O)cc1,19.96
CC(O)Cn1c(-c2ccc(C#N)cc2)cc(C#N)c1N=NN(C)C,25.18
[O-][n+]1ccc(-c2cc[n+](-c3nc(Cl)nc(Cl)n3)cc2)cc1,10.98
CC(=O)N1CCCC1c1csc(-c2ccc3nc(-c4ccc(C#N)cc4)c(-c4ccc(C#N)cc4)c(-c4ccc(C#N)cc4)c3c2)n1,27.19
CC1Cc2ccc(C#N)cc2O1,15.61
N#Cc1cc(C#N)c2cccc3c2c1C(=O)OC3=O,6.53
Cc1ccc(S(=O)(=O)c2cnc3c(C#N)c4ccccc4c(-c4ccc(C#N)cc4)n3c2=O)cc1,19.41
Cc1ncc(-c2ccnc(-c3ccc(C#N)cc3)c2)c(-c2ccc(C#N)cc2)n1,14.36
Oc1ccc(-c2cc(-c3ccc(O)cc3)nc(-c3ccc(O)cc3)c2)cc1,12.28
CC1(C)CC(NC(=O)Nc2cccc(C#N)c2)c2cc(C#N)ccc2O1,15.84
N#Cc1cccc(N=Cc2cc(C=O)cc(C=O)c2O)c1,13.15
NCc1ccc(-c2nc(-c3ccc(N)nc3)nc(-c3ccc(N=Cc4c(O)c(C=O)c(O)c(C=O)c4O)nc3)n2)cn1,16.49
C#CCN=c1[nH]c(=N)[nH]c(N)c1C#N,17.37
CCOC(N)=Nc1ccc(-c2nc(-c3ccc(C=C4C(=O)NC(=O)NC4=O)cc3)nc(-c3cccnc3)n2)cn1,30.14
N#Cc1ccc(-c2cc3c(cc(-c4ccc(C#N)cc4)n3-c3cccc(C#N)c3)n2-c2ccc(C#N)cc2)cc1,12.87
N#Cc1ccc(-c2ccc(C#N)c3cc(-c4cc[n+]([O-])cc4)ccc23)nc1,13.85
Cc1cc(N2C(=O)c3nc(-c4nccn4C)n(C)c3C2c2ccc(C#N)cc2)cn2c(C)nnc12,28.17
CC(=O)N1N=C(c2ccc(N=Cc3ccc(O)cc3)cc2)CC1c1cccc(Cl)c1,31.1
CN1CCN(C=Nc2nc(N)nc(N)n2)CC1,9.68
Cc1ccc2nc(-n3c(-c4ccc(C#N)cc4)cc4c3cc(-c3ccc(C#N)cc3)n4C)sc2c1,10.46
O=Cc1cc(O)cc2ccccc12,17.57
N#Cc1ccc(Cn2c(=O)n(-c3ccc(C#N)cc3)c(=O)c3cc(C#N)ccc32)cc1,16.46
Cc1ccc(-n2c3nc4ccccc4c-3nn(-c3ccccc3)c2=O)cc1,22.3
N#Cc1ccc(N)cc1,12.85
N#Cc1cncc(C=CC(=O)Nc2cnc(N3CCN(C(=O)c4ccc(N)cc4)CC3)nc2)c1,31.94
CNc1ncc(-c2cc(-c3nc(C#N)c(N)n3-c3ccc(C)cc3)cc(-c3ccc(C)cc3)n2)cn1,23.83
N#Cc1ccc2c(c1)C(=O)c1c-2[nH]c2ccccc12,16.83
N#Cc1cccc(C(N)=O)c1,14.44
N#Cc1ccc(-c2nc(=O)cc(Cc3ccc4c(c3)OCO4)[nH]2)cc1,22.46
N#Cc1ccc(-n2c(=O)c3cc4c(=O)n(-c5ccccc5)c(=O)c4cc3c2=O)cc1,8.18
Cc1cc(C(=O)Nc2ccc(-c3nc4ccccc4o3)cc2)c2cccc(O)c2c1,29.08
Cc1ccc(C)c(N2C(=O)c3cccc4cccc(c34)C2=O)c1,13.33
Cc1cc(=O)n(-c2ccc(C#N)cc2)nc1Cc1ccc(-c2ccc(C#N)cc2)cc1,18.89
O=C(O)c1ccc(-c2ccc(-c3nc4ccccc4[nH]3)cc2)cc1,19.94
CC=Nc1cccc(C=Cc2nc(C#N)c(N)n2-c2ccccc2)c1,24.35
OCCN1CCN(c2ncnc3c2ccc2ccccc23)CC1,23.96
N#CC#Cc1ccc(C#N)cc1,11.19
Nc1cc(O)c(N=Cc2ccc(-c3nc4ccccc4[nH]3)cc2)cc1O,15.14
N#Cc1ccc(-c2nc3ccc(C#N)cc3c(C(=O)O)c2-c2ccc(C#N)cc2)cc1,19.63
Cn1c(-c2ccc(C#N)cc2)nc(-c2ccc(C#N)cc2)c1-c1cccc(OC(F)(F)C(F)F)c1,28.42
O=c1c(=Cc2ccc(Br)cc2)sc2nc3ccccc3n12,19.34
Cc1cn(-c2ccc(NC(=O)c3cn(CC#N)nc3-c3ccc(F)cc3)cc2)cn1,26.58
N#Cc1ccc(-c2ccccc2)cc1,6.13
Cn1c(=O)[nH]c2ncc(-c3ccc(C#N)cc3)cc21,12.45
Cc1cccn2c(=O)c3cc(C#N)c(=O)n(C)c3nc12,18.65
CCCC(=C1CCCCC1)c1c(O)c(O)c2ccccc2c1O,30.84
Oc1ccc(C=Cc2cc(O)cc(O)c2)cc1,12.83
N#Cc1ccc(F)c(C#N)c1,14.91
N#Cc1ccc(Oc2ccc(-c3nc4cc(C(=O)O)ccc4n(C4CCCCC4)c3=O)cc2)cc1,29.48
N#Cc1ccc(-c2c(NC3CCCNC3)nc(N3CCOCC3)[nH]c2=O)nc1,18.35
N#CC(C#N)=Cc1ccc(C=CC(=O)Nc2ccc(-c3nc(-c4ccc(N)cc4)nc(-c4ccc(C=O)cc4)n3)cc2)cn1,24.71
NC(=O)Cc1ccc(-c2ccc(-c3ccc(-c4ccc(C(N)=NCCCN=C(N)N)cc4)c(F)c3)cn2)cc1,41.39
O=CC(NC(=O)OCC1c2ccccc2-c2ccccc21)C(=O)NC(CO)C(=O)NC(Cc1ccccc1)C(=O)O,33.35
CC=Nc1c(O)c(CN2CCCCC2)c(O)c2ccccc12,18.61
Cc1cc(C)c2c(N)c(C(=O)NC(C)c3ccc(C#N)c(C)n3)sc2n1,26.85
NC(=O)c1nc(-c2ccc(C(=O)N3CCNCC3)cc2)n2ccccc12,22.34
Cc1ccc(NC(=O)C2C(CSc3ccccc3)C3C=CC2N3C(=O)c2ccncc2)cc1F,45.94
COc1cc(OC)cc(C(Br)=Cc2ccccc2)c1,18.33
N#Cc1ccc(-c2nc(-c3ccc(C=O)cc3)ccc2C#N)cc1,18.64
Cc1cc(C#N)ccc1-c1ccc(C#N)cn1,10.58
Cc1ccc(CN2CCN(N=Cc3cccc(Cl)c3)CC2)cc1,19.68
CCn1c(CNc2ccc(C(=N)N)cc2)nc2cc(NC(=O)c3ccc(-c4cccc(C#N)c4)cc3)ccc21,26.37
Nc1ccc(-c2nc(-c3ccc(N)nc3)nc(-c3ccc(N=Cc4cc(C=O)ccn4)nc3)n2)cn1,11.51
O=Cc1ccc(-c2c(-c3ccc(O)cc3)oc3cc(O)cc(C=O)c23)cc1,20.67
O=Cc1ccc(C=CC(O)=NO)cc1,15.0
Cc1cc(C)c2cc(C#N)c(=O)oc2c1,16.44
CSc1ccc(-c2csc(=NN=Cc3ccc(-c4ccc(C(=O)NN=Cc5ccccc5[N+](=O)[O-])cc4)cc3)[nH]2)cn1,29.29
COCc1cc(OC)c(-c2cc3c(C#CC(C)(C)O)nc(N4CCN(C)CC4)nc3n2-c2ccc(C(C)C)cc2)c(OC)c1,33.53
COc1ccc(C(=O)C=Cc2ccc(C=Cc3ccc4ccc(Cl)cc4n3)cc2)cc1,23.88
N#Cc1ccc(-c2ccc(N)nc2)cc1,8.38
N#Cc1ccc(-c2cc(N)c(C#N)cc2C#N)nc1,12.66
Cc1cc(=O)[nH]c(=NN=Cc2ccc(-c3ccc(C#N)nc3)cc2)[nH]1,18.74
COc1cccc(-n2c(=O)c(C)cc3c(-c4ccc(C#N)cc4)cc(C#N)cc32)c1F,25.32
N#Cc1ccc(-c2cccc(-c3c[nH]c4ccc(C#N)cc34)c2)cc1,21.02
CC1CN(C(C)CO)C(=O)c2cccc(NC(=O)c3cccnc3)c2OC1CN(C)C(=O)Nc1ccc(C(F)(F)F)cc1,24.29
O=Cc1ccc(-c2nc(-c3ccc(C=O)cc3)nc(-c3ccoc3)n2)cc1,16.93
Cc1ccc(N=Cc2ccc(-c3nc(-c4ccc(C=O)cc4)nc(-c4ccc(C=Nc5cc(O)c(N)cc5O)cc4)n3)cc2)cc1C,13.03
O=CN(O)C(=O)CCN(CCO)Cc1ccccc1,31.62
CC(C)c1ccc(-n2c(-c3ccco3)cc(=O)n3nc(-c4ccc(C#N)cc4)cc23)cc1,13.77
COc1cc(C#N)cc(-c2ccc(C#N)cc2)c1,16.57
Cc1ccc2cc(C=NNC(=O)c3ccc(-c4ccc(C#N)cc4)o3)c(=O)oc2c1,23.38
CCC(=O)N=c1[nH]c(-c2ccc(C(=O)N3CCOCC3)cc2)nc2c1ncn2C(C)C,31.03
Cc1ccc(-c2ccc(=O)n(CC(=O)Nc3ccc(Cl)cc3)n2)cc1,22.84
Cc1ccc(-c2nc(-c3ccc(N)cc3)nc(-c3ccc(N4C(=O)c5cccc6cccc(c56)C4=O)cc3)n2)cc1,13.59
C=CC(=O)N=c1cc(-c2ccc(C#N)cc2)[nH]c(-c2ccc(C#N)cc2)n1,18.83
N#Cc1ccc(S(N)(=O)=O)c(N=Cc2ccccc2O)c1,26.09
CCc1ccc(-c2nc3c4cn(C)nc4[nH]c(=NC(=O)Cc4ccccc4)n3n2)cc1,25.25
O=C(Nn1cnc2cc(Cl)ccc2c1=O)c1ccc(Cl)cc1,22.4
CC(=NN=c1[nH]cc(-c2ccc(C#N)cc2)[nH]c1=Nc1ccc(C#N)cc1)c1cnc(C)nc1,30.14
Cc1nc(-c2sc(=NC(=N)N)[nH]c2-c2ccc(C#N)cc2)c2ccccc2c1CC#N,25.87
Cc1cc(C)[nH]c(=NS(=O)(=O)c2ccc(NC(=O)C=Cc3ccc(C#N)cc3)cc2F)n1,26.13
CCCOc1cc(C=Cc2cccc(C(=O)O)c2)cc(C=Nc2ccc(-c3nc(-c4ccc(N)nc4)nc(-c4ccc(-c5ccc(C#N)cc5)nc4)n3)cn2)c1,38.34
N#Cc1cccc(CC2=c3cc(C#N)ccc3=NC2=O)c1,25.73
C[N+](C)(C)CC#Cc1ccccc1,14.08
COc1cccc(N=Cc2c(O)c(C=O)c(O)c(C=O)c2O)c1,10.57
Cc1cc(-c2ccc(C#N)cc2)nc(-c2ccc(C=Nc3cccc(C(N)=O)c3)cc2)n1,26.72
Cc1cc(C#N)cc(C)c1Oc1cc(Nc2ccc(C#N)cc2)[nH]c(=Nc2ccc(C#N)cc2)n1,13.75
CC(C)OC(=O)CCN1C(=O)c2ccccc2C1=O,20.72
N#CCN(CCC1CC1)C(=O)c1ccc(-c2ccc(C#N)cc2)cc1,26.21
C=CCn1ncc2c(C)n(-c3ccc(C)cc3)nc2c1=O,19.09
Nc1ccc(-c2nc(-c3ccc(N)nc3)nc(-c3ccc(N=Cc4ccccc4)nc3)n2)cn1,11.8
N#Cc1ccc(-c2cnc3ccc(=Nc4cc(C#N)cc(C#N)c4)[nH]n23)cc1,20.37
Cc1cnc(-c2cc3ccccc3o2)nc1-c1ccc(C=O)c(F)c1,28.42
Cc1cc(-c2cc(=NC3CCC(N)CC3)[nH]cc2Cl)cc(C)n1,21.41
N#Cc1ccc(-c2cc(-c3ccc(C(=N)N)cc3)nc(-c3ccc(N)nc3)n2)cn1,24.1
Cc1ccc(-c2nc(-c3nncc(C(F)(F)F)n3)cnc2N)cn1,21.76
N#Cc1ccc(-c2cnc(C#N)nc2-c2ccc(C#N)cc2)cc1,11.59
Cn1cc(-c2nc(-c3ccc(C=O)cc3)nc(-c3ccc(N)nc3)n2)c2ccccc21,19.26
N=c1[nH]cnc2c1c(-c1cccc(F)c1)nn2-c1ccccn1,24.64
N#Cc1cccc(C#N)c1,7.66
COc1ccc(C#N)cc1-c1c(C(=O)CC(C)C)c(O)c(O)n1-c1ccc(-c2noc(C)n2)cc1,16.69
Cc1ccc(C(=O)C[n+]2cc3cc(Cl)ccc3cc2C)cc1,25.63
N#Cc1ccc(-c2nn(-c3ccccc3)nc2-c2ccc(N)cc2)cc1,14.86
Nc1ccc(-c2coc3cc(O)ccc3c2=O)cc1,14.31
N#Cc1ccc(-c2ccc3c(c2)c(C(N)=O)cn3-c2ccc(C(N)=O)cc2)cc1,19.49
N#Cc1cc([N+](=O)[O-])ccc1Oc1ccccc1Cl,17.9
COc1ccc(CCN=C(C)N(C)c2ccccc2)cc1OC,32.14
Cc1cc(C#N)cc2nc(-c3ccc(N=Cc4ccc(O)c([N+](=O)[O-])c4)cc3)oc12,23.64
Cc1ccc(-c2nc(=O)[nH]c3ccc(-c4ccc(C#N)cc4)cc23)cc1,23.53
N#Cc1ccc(-c2nc(O)c(O)n2-c2ccc(-c3ccsc3)cc2)nc1,15.78
CC(C)(C)N=Cc1ccc2c(O)ccc(O)c2c1O,24.69
N#Cc1ccc(-n2cc(-c3cccc(C#N)c3)cn2)cc1,13.89
COc1cnccc1C=NN=c1cc(-c2ccc(C#N)cc2)[nH]c(-c2ccc(C#N)cc2)n1,28.08
N#CC(=O)NC(=O)C1CCCN1S(=O)(=O)c1cccc(C#N)c1,21.95
COc1cc(N=Cc2ccc(-c3nnc(-c4ccc(C=O)cc4)o3)cc2)ccc1-c1ccccc1,18.1
CC#CCn1c(N)cc(=O)n(Cc2ccc(-c3ccccc3-c3nn[nH]n3)cc2)c1=O,19.96
CN1CCc2ccc3cccc4c3c2C1Cc1cc(C=O)ccc1-4,22.03
COC(=O)c1ccc(-n2c(=S)[nH]c3cc(C)ccc3c2=N)cc1,22.59
CC(=O)Nc1ccc(-c2nc(-c3ccc(N)cc3)nc(-c3ccc(N=Cc4cc(C)ccc4O)cc3)n2)cc1,20.53
Cc1cnn2c1n[n+]([O-])c1ccc(-c3ccc(OCc4cccc(C#N)c4)cc3)cc12,29.4
N#Cc1cc(C#N)cc(-c2ccco2)c1,16.37
CC(C)n1ncnc1-c1ccc2c(n1)-c1ccc(-c3ccccn3)cc1CC2,28.93
N#Cc1ccc(C#CC#Cc2ccc(C(=O)Nc3cc(C(=O)O)cc(C(=O)O)c3)cc2)cc1,22.05
NNC(=S)NNC(=O)c1ccncc1,21.82
N#Cc1ccc(-c2nc(-c3ccc(N)cc3)n[nH]2)cc1,16.58
CCc1cccc(=Nc2cc(-[n+]3ccc(-c4ccccc4)cc3)nc(C)n2)[nH]1,24.07
O=Cc1c[nH]c2ccc(F)cc12,18.1
Cc1ccc2nc(-n3c(-c4ccc(C#N)cc4)ccc3-c3ccc(C#N)cc3)sc2c1,13.18
N#Cc1cncc(-c2cc[n+](-c3nc(Cl)nc(Cl)n3)cc2)n1,12.98
N#Cc1ccc2c(=Nc3ccc(-c4cccnc4)cn3)cc[nH]c2c1,20.23
N#Cc1ccc(-c2ccc(C(=O)NC3CCCCCC3)cc2)cc1,17.37
Cc1ccc(C)c2c(CN3CC(C)OC(C)C3)cc(=O)oc12,23.04
N#Cc1ccc2[nH]cc(-c3ccc(-c4ccccc4)cc3)c2c1,19.34
N#CC=C(c1ccc(C#N)cc1)c1ccc(C#N)cc1,15.6
O=C1C(=Cc2cccc(O)c2O)Oc2cc(O)cc(O)c21,22.58
O=S1(=O)CCC(NC(O)c2cc(O)n(-c3ccccc3)c2)C1,19.34
N#Cc1ccc(-n2nc(C#N)c3c2C(=O)N(c2ccc(-c4ccc(CC(=O)O)cc4)cc2)CC3)cc1,16.52
N#Cc1ccc(-n2[nH]c(=O)c3cc4c(=O)[nH]n(-c5cccnc5)c(=O)c4cc3c2=O)cc1,12.57
N#Cc1ccc(-c2c[nH]c(=N)n3nc(-c4ccc(N)cc4)cc23)cc1,21.97
c1ccc(-c2nc3cc(-n4cnnc4)ccc3[nH]2)cc1,21.07
N#Cc1ccc2[nH]c(=O)n(-c3ccc(-c4nc(-c5ccc(N)cc5)nc(-c5ccc(N)cc5)n4)cc3)c(=O)c2c1,14.68
Cc1sc2nc(Cc3ccc(C#N)cc3)cn2c1C,20.61
N#Cc1ccc(-c2nc(-c3cc[nH]c(=N)n3)[nH]c2-c2ccc(F)cc2)nc1,24.22
Cc1ccc(C#N)cc1N1CCc2[nH]c(=Nc3ccc(C#N)cc3)ncc2C1=O,27.4
N#Cc1ccc(-c2cc(C(=O)N3CCN(C=O)CC3)ccc2N)cc1,22.3
CCn1c(-c2cc(F)c(C(=O)N=c3cc(C#N)cc[nH]3)cc2OC)nc2cc(-c3ccccc3NS(=O)(=O)C(C)C)ccc21,41.85
Nc1cc(O)c(N=Cc2ccc(-c3cc(-c4ccncc4)cc(-c4ccc(C=O)cc4)n3)cc2)cc1O,15.62
N#CC(C#N)=c1ccc(-c2cccc(C#N)c2)nc1=C(C#N)C#N,17.67
Cc1ccc(-c2csc3nc(-c4ccc(C=O)cc4)nn23)cc1,15.16
Fc1ccc(-c2cc(-c3ccccc3)cc(-c3ccc(-c4nc(Cl)nc(Cl)n4)cc3)c2)cc1,10.17
Cn1c(-c2ccc(C#N)cc2)nc(-c2ccc(C#N)cc2)c1-c1ccccc1,10.96
N#Cc1ccc(-c2ccc(C(=O)NC3(C#N)CCOCC3)cc2)nc1,17.65
N#Cc1ccc(-c2cccc(C#N)c2)cc1,8.25
COC(=O)C=CC(C=CC=C(C)C=CC1=C(C)CCCC1(C)C)=CC(F)(F)C(F)(F)F,37.31
N#Cc1c[nH]c2ccc(N=CN3CCN(C=O)CC3)cc12,15.44
CN(CCc1cc(C(F)(F)F)cc(C(F)(F)F)c1)C(=O)C1Cc2ccccc2CN1,29.45
Cc1ccc(-c2nc(-c3ccc(C=Nc4cc(O)c(N)cc4O)cc3)nnc2-c2ccc(C=O)cc2)cc1,10.94
N#Cc1ccc(-c2ccc(C#N)cc2F)nc1,10.58
COc1ccc(-c2cc(=O)c3c(OC)c(OC)c(OC)c(OC)c3o2)cc1,20.03
C=c1[nH]n(-c2ccc(C#N)cc2)c(=O)c1=C(C#N)C#N,14.47
Nc1ccc(-c2nc(-c3ccc(-n4c(=O)c5cc6c(=O)oc(=O)c6cc5c4=O)cc3)nc(-c3ccc(N)nc3)n2)cc1,9.75
O=Cc1ccc(-c2nc(-c3ccc(C=O)cc3)nc(-c3ccc(C=O)cc3)n2)cc1,9.8
N#Cc1ccc(-c2ccc3c(=O)n(-c4ccc5sc(=NC(=O)C6CC6)[nH]c5c4)cnc3c2)cc1,26.75
N#Cc1ccc(-c2ccc(C(F)F)cc2)cc1,16.25
Cn1cc(-c2ccc(-c3nc(C#N)nc4c3[nH]c(=O)n4C3CN(C(=O)CC#N)CC4CCCOC43)cc2)cn1,36.53
Cc1cc(C#N)ccc1N=c1c(C#N)cn(C)c2ccc(-c3ccc4oc5ccccc5c4c3)cc12,35.67
CC(C)Oc1ccc(-c2cc3c(C#N)c[nH]c3c(C#N)n2)cc1C#N,15.16
C=c1cc(C)c(C(=O)O)c(C)c1=Cc1c(O)[nH]c2ccc(-c3nnn(-c4ccc(C#N)cc4)n3)cc12,27.86
N#Cc1ccc(-c2nc(-c3ccc(N)nc3)nc(-c3ccc(N=Cc4ccc(Cl)cc4)nc3)n2)cc1,16.33
CC(=O)Cc1ccc(C(=O)N2CCCC2c2cnc(-c3cccc(C#N)c3)nc2)o1,39.43
N#Cc1cccc2c(=NC3CC4CCC3C4)[nH]ccc12,29.26
Cc1cccc2cc(Cn3cnc([N+](=O)[O-])c3)n(-c3ccc(C#N)cc3)c(=O)c12,17.42
Nc1ccc(-c2n[nH]c(-c3ccc(C=O)cc3)n2)cn1,13.6
CN1OCc2c([nH]c3ccccc23)C1c1ccc(C=O)cc1,24.49
N#Cc1ccc(-c2cc(=O)c3c(C(N)=O)[nH]n(-c4ccc(Cl)cc4)c-3n2)cc1,24.01
CC1(C)C2CCC1(C)C(N=Cc1ccccc1)C2,21.47
Nc1cc(O)c(N=Cc2ccc(-c3cc(-c4ccc(C=O)cc4)nc(-c4ccncc4)n3)cc2)cc1O,13.88
CC(C)OC(=O)NCC#CC1(C(F)(F)F)CCCN1C#N,31.54
Cc1cc(C)c2c(=O)nc3n(c2n1)CCN3C(=O)c1cc(-c2ccccc2)nc(-c2ccc(C#N)cc2)c1,30.11
Cc1nc(-c2ccc(C=Nc3ccc(-c4nc(-c5ccc(N)cc5)nc(-c5ccc(N)cc5)n4)cc3)cc2)nc2ccccc12,19.81
O=C(NCC1OC(=O)N2c3ccc(-c4cccnc4)cc3OCC12)C1CC1,25.27
N#Cc1ccc(CN(c2ccc(C#N)cc2)n2cnnc2)cc1,14.22
Cc1noc(-c2ccc(-c3cnn4ccc(N5CCN(c6ccncn6)CC5)nc34)cc2)n1,30.15
CC1(C)COc2c(-c3cnc4ccccc4n3)cc(C#N)cc21,26.99
N#Cc1ccc(-c2cc(=O)[nH]c(=N)[nH]2)cc1,12.5
N#Cc1cccc(CC(=O)NCC(=O)NC(C=O)Cc2ccccc2)c1,29.64
N#Cc1ccc(O)c(N=Cc2c(O)c(C=O)c(O)c(C=O)c2O)c1,13.12
N#Cc1ccc(-c2cc(C(F)(F)F)nn2-c2ccc(C#N)cc2)cc1,13.72
N#Cc1ccc(C(=N)N2CCN(C(=N)N)CC2)cc1,20.24
CN1CCN(c2ccc(N=Cc3c(O)ccc4c(C(N)=O)cccc34)cc2)CC1,27.13
N#Cc1ccc(-c2cc(-c3ccc(C#N)cc3)c3cccnc3n2)cc1,13.39
N#Cc1ccc(-n2[nH]c(=NC(O)c3c[nH]c(O)c3)cc2-c2cccc(C(F)(F)F)c2)cc1,15.29
Cc1nc(N=Cc2ccc(N(C)C)cc2)ccc1-c1csc(-c2ccc(N=CN(C)C)cn2)n1,22.42
O=Cc1ccc(C=O)cc1,10.45
Cc1[nH]c2c(C#N)cc(C=O)n2c(=O)c1-c1ccc(F)cc1,24.97
COc1cc(OC)cc(N(CC2CC2)c2ccc3ncc(-c4ccc(C#N)cc4)nc3c2)c1,18.95
COC(=O)c1ccc(NC2c3ccccc3C(=O)N2Cc2ccc(C#N)cc2)cc1,27.99
N#Cc1ccc(C#Cc2ccc(CCC(=O)O)cc2)cc1,15.65
CCOC(=O)N1CCN(c2nc3c(C)cccn3c(=O)c2C=NCCCn2ccnc2)CC1,24.36
N#Cc1ccc2c(c1)Cc1c(C=O)cccc1-2,14.86
O=Cc1ccc(C2=Cc3ccc4ccccc4c3CC3CCCCN23)cc1,24.86
N#Cc1ccc(-c2nc(-c3ccc(C=O)cc3)nc(-c3ccc(-c4ccccc4)cc3)n2)cc1,16.93
CNCCNCc1ccc(-c2ccc(-c3nc4cc(C#N)ccc4[nH]3)cc2)cc1,14.11
N#Cc1ccc(-c2ccc(-c3ccncc3)cc2)nc1,14.33
N#Cc1ccc(-c2cc(C(CCCCC(=O)O)Nc3ccc(C(=N)N)cc3)ccc2C#N)nc1,28.12
CCc1cccc(C)c1NS(=O)(=O)c1cc(-c2nnnn2CC)ccc1C,32.86
Cc1c(C#N)cc(-c2ccc(C#N)cc2)n1-c1ccc(F)cc1,14.79
CN1Cc2cc(-c3ccc(C#N)nc3-c3ccccn3)ccc2C1=O,15.43
N#Cc1ccc(C#Cc2cnc(N3CCC4CCCCC4C3)nc2)cc1F,26.67
N#Cc1ccc(C(=O)c2cn(-c3ccc(C#N)cc3)n(-c3ccc(C#N)cc3)c2=O)cc1,19.64
Nc1ccc(-c2nc(-c3ccc(C=O)cc3)nc(-c3ccc(-c4ccccc4)s3)n2)cc1,14.83
N#Cc1ccc(-c2ncc(-c3ccc(-c4ccc5cc(-c6cc(C(F)(F)F)nn6-c6ccccc6)ccc5c4)cc3)s2)cc1,29.67
O=C(c1ccc(Sc2ccc(C=Cc3ccc(Cl)cc3)cn2)cc1)C1CCCCC1,34.53
Cn1cncc1C(OCc1ccc(C#N)cc1)c1ccc(C#N)c(-c2ccncc2)c1,18.54
NC(=O)c1ccc(-c2nc(-c3ccc(C=O)cc3)nc(-c3ccc(N)nc3)n2)cc1,12.44
N#Cc1ccc(-c2cc3nc(-c4ccc(C#N)cc4)[nH]c3cn2)cc1,15.33
N#Cc1ccc(-n2cnc3c(C#N)c(NCc4ccc(Cl)cc4)sc3c2=O)cc1,21.92
N#Cc1ccc(-c2ccc(-c3ccc(C(N)=O)cc3Cl)n2CC(=O)N=C(N)N)cc1,21.99
N#Cc1ccc(C(=O)c2cnc(-c3cnc(=N)[nH]c3)nc2)cc1,18.32
Cc1ccc(-n2c(-c3ccc(C#N)cc3)csc2=NN=Cc2cnn(-c3ccc(C=O)cc3)c2)cc1,24.86
Nc1ccc(-c2ccc3nc(-c4ccc(O)cc4)sc3n2)cc1,18.32
Cc1nc2ccccc2c(=O)n1-c1ccc(-c2nc(-c3ccc(N)cc3)nc(-c3ccc(N)cc3)n2)cc1,15.37
COc1cc(Nc2ccc(C#N)cc2)ccc1-c1nc(-c2ccc(C=O)cc2)nc(-c2ccc(C=Nc3cc(O)c(N)cc3O)cc2)n1,21.91
C#CCN=Cc1c(O)c(C=O)c(O)c(C=O)c1O,14.22
N#Cc1c(-c2ccccc2)cc(-c2ccccc2)nc1-c1ccccc1C=O,23.22
COc1cc(C=C(C#N)c2ccc3c(c2)OCO3)cc(C#N)c1O,23.25
N#Cc1ccc(-n2cnc3c(F)cccc3c2=O)cc1,17.36
Cn1cc(-c2ccc(OCC(=O)N=c3ccc(C#N)c[nH]3)c(C#N)c2)ccc1=O,31.37
CC(=O)c1cc(C=O)cc(C=Nc2ccc(-c3ccc(C#N)cc3)cc2)c1O,13.75
N#Cc1ccc(-c2ccc3ncc(-c4ccc(C#N)cc4)n3c2)cc1,14.05
N#Cc1ccc(-c2cc3c(=NCCN4CCOCC4)[nH]cnc3n2-c2ccc(C#N)cc2)cc1,20.09
COC(O)=c1ccc(-c2cccs2)nc1=C(C#N)C#N,20.52
Fc1ccc(CN2CCOC(COc3ccccc3)C2)cc1F,23.62
CCC(C)NCC(O)c1ccc(-c2ccc(C#N)cc2)c(-c2ccc(C#N)cc2)c1,31.22
N#Cc1c2c(c(C#N)c3c1CCC3)CCCC2,10.67
COc1ccc(-n2[nH]c(=O)c3cc4c(=O)[nH]n(-c5ccc(C#N)cc5)c(=O)c4cc3c2=O)cc1,9.7
N#Cc1ccc(-c2cc(-c3ccc(C#N)cn3)ncn2)cc1,11.49
COc1cccc(-n2cc(C#N)sc2=S)c1,17.25
COc1ccc(C2C(c3ccccc3)=C(c3ccccc3)N=c3sc(=Cc4ccc(N)cc4)c(=O)n32)cc1,25.24
COC(=O)c1ccc(-n2nc(-c3ccc(C#N)cn3)c3cc(-c4cc(C)ncc4C)ccc32)cc1,26.23
CCc1n[nH]c(=NC(=O)c2ccc(S(=O)(=O)N(C)c3ccccc3C)cc2)o1,30.04
N#Cc1ccc(C2=NCCN2)cc1,14.41
CCn1c(-c2ccc(C#N)cc2OS(=O)(=O)C2CC2)cc(-c2ccc(C#N)nc2)c1C,38.35
Cc1cc(C)cc(-c2cc(C(C)(C)C(=O)N=c3ccc(C#N)c[nH]3)cc3ccc(C(=N)N)cc23)c1,36.1
O=C(NN=CC=CC=Cc1ccccc1)c1ccncc1,20.34
N#Cc1ccc(-c2cc(-c3ccc(F)cc3)nc(N3CCC4CC(NC5CCCC5)CC43)n2)cc1,30.85
N#Cc1cc2[nH]c3ccc(Cl)cc3c(=O)c2cc1C#N,21.46
CC1COCCN1c1nc(N2CCOCC2)nc2nc(-c3ccc(C=O)cc3)ccc12,21.07
O=C(NN=Cc1ccc(F)cc1)c1ccncc1,14.9
N#Cc1ccc(-c2cccc(COc3ccc(CCC(=O)O)c(F)c3)c2)cc1,17.06
Cc1ccc(-c2nn(-c3ccc(C#N)cc3)cc2C=NN=C(N)N)cc1,14.43
CC[n+]1ccc(-c2ccc(-c3ccc(C#N)cc3)nc2)cc1,16.77
CCN(CC)c1nc(N2CCOCC2)c2c(-c3ccc(C#N)cc3)csc2n1,23.63
Cn1c(-c2ccc(C#N)cc2)c(-c2ccc(C#N)cc2)c2cc(-c3ccc(C#N)cc3)nnc21,17.09
Cc1noc(-c2ccc(-n3c(-c4ccc(C#N)cc4)cc4c3cc(-c3ccc(C#N)cc3)n4-c3ccc(C(C)C)cc3)cc2)n1,12.75
O=Cc1ccc(-c2n[nH]c(=O)c3ccccc23)cc1,16.75
CC(C)c1ccc(-n2c(-c3ccc(C#N)cc3)cc3c2cc(-c2cccc(C#N)c2)n3-c2ccc(C(C)C)cc2)cc1,11.81
Cc1nnc2c(Nc3ccccc3)c(C#N)c3ccc(-c4ccc(C#N)cc4)cc3n12,25.89
C=CCN(CC(=O)O)Cc1cccc(COc2ccc(C(C)=O)cc2)c1,26.32
Clc1nc(Cl)nc(-c2ccc(-c3cc(-c4ccccc4)cc(-c4cc(-c5ccccc5)nc(-c5ccc(C=NC6CCCC6)cc5)c4)c3)cc2)n1,22.96
N#Cc1ccc(-c2cccc(C#N)n2)c(F)c1,15.76
C(#Cc1ccc2c(-c3ccccc3)c(-c3ccccc3)oc2c1)c1ccncc1,22.82
Cc1nn2c(=O)cc(-c3ccc(C#N)cc3)[nH]c2c1-c1ccccc1,20.61
Nc1ccc(-c2nc(-c3ccc(C=Nc4cc(O)c(N)cc4O)cc3)nc(-c3ccc(-c4ccccc4)cc3F)n2)cc1,18.92
COc1ccc(CCn2c(-c3ccc(C#N)cc3)cc(C(=O)c3ccccc3)c2-c2ccc(C#N)cc2)cc1OC,22.31
N#Cc1ccc(-c2nc(-c3ccc(N)nc3)nc(-c3ccc(N=Cc4cc(C=O)c(O)c(C=O)c4O)nc3)n2)cn1,9.86
C[n+]1cc(-c2nc(-c3ccc(C=NN=C(N)N)cc3)nc(-c3ccc(-c4ccc(-c5ccc(-c6cc[n+](-c7nc(-c8ccccc8)cc(-c8ccc(N)cc8)n7)cc6)cc5)s4)cc3)n2)ccc1N,32.47
CCCn1c(=O)n(CC)c(=O)c2[nH]c(-c3ccc(NC(=O)CN4CCCC4)cc3)nc21,26.54
Nc1ccc(-c2nc(-c3ccc(N=Cc4cc(C=O)c(O)c(C=O)c4O)nc3)nc(-c3cnc(N4CCOCC4)nc3)n2)cn1,11.26
N#Cc1ccc(-c2cc(-c3ccc(C#N)cc3)nc(-c3cccc(C#N)n3)c2)cc1,13.45
N#CC(C#N)=c1ccc(=C(Br)C(=O)c2ccc(C#N)cc2)cc1,17.51
CCC=CCC=CCC=CCCC(=O)N=c1ccc(C#N)c[nH]1,30.74
O=C(O)c1ccc(-c2ccccc2)[nH]1,19.67
CN1CCN(c2ccc(N=c3nc4c(-c5ccc(C#N)cc5)cccn4[nH]3)cc2)CC1,17.03
Cc1cncc(-c2ccc3c(Oc4ccc(C=NNc5ccc(C#N)cc5)cc4)ccnc3c2)n1,25.76
N#Cc1ccc(C=NN=C(N)N)cc1,13.46
N#Cc1ccc(Nc2cc(-c3ccc(C#N)cn3)ncn2)cc1,14.51
N#Cc1ccc2c(ccc3c2c(C#N)cn3-c2ccc(C(N)=O)cc2)c1,22.02
Cc1ccc(-c2nc(-c3ccc(C=O)cc3)nc(-c3ccc(C=Nc4cc(-c5ccc(C)cc5)c(C#N)s4)cc3)n2)cc1,16.49
N#Cc1ccc(-c2nc(-c3ccccc3)nc(-c3ccc(N=Cc4cc(C=O)c(O)c(C=O)c4O)nc3)n2)nc1,13.64
C#Cc1cc(-c2ccc3c(c2)CN(C)C3=O)nc2ccc(-c3nc(C)no3)cc12,25.98
Cc1ccc(C2=Nc3cc(C#N)ccc3Nc3ccc(Cl)cc32)cc1,19.38
c1ccc(-c2nc3cnccn3c2Nc2ccc3c(c2)OCO3)cc1,17.86
N#Cc1cc(C#N)c2c3ccc1c2c1c(c3)C(=O)N(CCCN=C=S)C1=O,21.83
C=Nc1ccc(-c2noc(-c3ccc(NC4CCN(Cc5cccc(C)n5)CC4)c(F)c3)n2)cn1,37.85
CN1CCN(c2ccc(C#N)c3ccccc23)CC1,18.67
N#Cc1ccc(NN=Cc2cccs2)cc1,16.48
N#CC1(N=c2cc(N)[nH]cn2)CCc2ccccc2C1,27.75
N#Cc1ccc(-c2cc(-n3cc(-c4ccccc4)c4cc(F)c(-c5ccc(C(=O)O)cc5)cc3c4=O)c(O)c3ccccc23)cc1,43.09
NC(=O)C1CCCN(c2ncc(-c3ncnc(-c4ccc(N=CN5CCN(C=O)CC5)c(Cl)c4)n3)cn2)C1,37.03
Cn1cnc2c(=O)nc(-c3ccc(C#N)cc3)[nH]c21,21.07
N=c1c2ccccc2[nH]c2ccccc12,14.89
Cc1c(C#N)cc(C#N)c2cc(-c3ccccc3)ccc12,14.01
Cn1cc(-c2ccc(C#N)cc2)cc(C#N)c1=O,10.51
CC(C(=O)NCc1ccc(C(=O)O)cc1)c1ccc(CO)cc1,25.55
C=CCN1C(=O)C2(c3ccccc31)C(C#N)C(N)=NC(O)C2C#N,28.71
N#Cc1ccc(S(=O)(=O)N=c2ccc(-c3ccc(C#N)nc3)n[nH]2)cc1,22.52
CC(C)Oc1ccc(-n2c(O)cc(N3CCC(C(N)=O)CC3)c2O)cc1,19.57
N#Cc1ccc(-c2ccc(C#N)nc2)cc1,10.38
N#Cc1ccc(-c2ccc3[nH]c4c(c3c2)CCNC4=O)cc1,16.58
Cc1ccc(-n2c(=O)c3cc4c(=O)n(-c5ccc(C#N)cc5)c(=O)c4cc3c2=O)cc1,9.0
COCCc1nc2cc(-c3ccc(C)cc3)nn2c(=O)[nH]1,20.34
O=C1NC(=O)C(=Cc2ccc(-c3ccc(-c4cc(-c5ccccc5)cc(-c5ccccc5)n4)cc3)o2)S1,15.16
Cc1ccc2nc(-n3c(-c4ccc(C#N)cc4)c(CNC(C)C)c4cc(C)c(C)cc43)sc2c1,23.96
c1cc2c3c(ccc4c3c1CC4)NCCC2,22.41
CNC(=O)c1ccc(-c2cc3c(-c4ccc(C#N)cc4)cc(C#N)nc3cn2)cc1,19.6
N#Cc1cc(N)c(C#N)c(C#N)c1C#N,14.53
COc1cc(-c2cc(OC)c(O)c(OC)c2)cc(C=O)c1O,15.46
N#Cc1ccc(-c2cc3ncn(-c4ccc5nc[nH]c(=N)c5c4)c(=O)c3s2)cc1,19.83
Cn1nc(-c2cccc(-c3ccccc3N)c2)c2ccccc2c1=O,27.94
N#Cc1cc(C(=O)c2ccc(-c3ccccc3)cc2)n2cc(Oc3ccccn3)ccc12,27.38
Cn1c(-c2ccc(C#N)cc2)c(-c2ccc(C#N)cc2)c2cc(-c3ccc(C#N)cc3)ccc21,12.62
N#Cc1ccc(-n2c(-c3ccc(C=O)cc3)nc3ccccc3c2=O)cc1,16.98
N#Cc1ccc(-n2c(C#N)cc(Cl)c2-c2ccc(Cl)cc2Cl)cc1,17.11
N#Cc1cc(C#N)cc(NC(=O)C2CCO2)c1,24.12
Cn1c2c(c3ccccc31)C(=O)NC1(Cc3ccccc3C1)C2=O,24.91
N#Cc1ccc(C=CC(=O)Nc2sc3c(c2C#N)CCCC3)cc1,16.85
CCn1c(=O)n(-c2ccc(C#N)cc2)c(=O)c2ccc(-c3ccn4ccnc4c3)cc21,26.67
COc1oc2cc(-c3ccc(C)cc3)c(-c3ccc(C#N)cc3)cc2c1C#N,21.05
N#Cc1cccc(-c2nc(-c3ccc(N)nc3)no2)c1,13.18
N#Cc1ccc2c(c1)[n+]([O-])c(N=CN1CCN(C=O)CC1)n[n+]2[O-],13.58
C=Cc1ccc(-n2c(=O)c(=O)c3cc4c(=O)n(-c5ccc(C#N)cc5)c(=O)c4cc3c2=O)cc1,18.16
CCCn1c(=O)c2[nH]c(-c3ccc(C#N)cc3)nc2n(CCC)c1=O,13.6
Cc1[nH]n(-c2ccccc2)c(=O)c1C=Nc1ccc(-c2nc(-c3ccc(C=O)cc3)nc(-c3ccc(-c4ccc(C=CC(O)=NO)cc4)cc3)n2)cc1,36.88
Cn1cccc1C(=O)N1CCN(c2ccc(-c3nc4cc(C(F)(F)F)ccc4[nH]3)cc2)CC1,31.66
N#Cc1ccc(-c2cc(-c3ccc(F)cc3)nc(-c3ccc(C=O)cc3)n2)cc1,16.79
N#Cc1ccc(N=Cc2ccc(-c3nc(-c4ccc(C=O)cc4)nc(-c4ccc(C=Nc5ccc(N)c(-c6ccccc6)c5)cc4)n3)cc2)cc1,20.84
N#Cc1ccc(-c2cc(-c3ccccc3)c3ccc(C#N)cc3n2)cc1,14.66
Cc1ccc(=Nc2nc(-c3ccc(C=O)cc3)nc3ccc(-c4ccccc4)cc23)[nH]n1,19.99
CCCc1nc2ccc(-c3ccc(CC)nc3)cc2n1Cc1ccc(-c2ccccc2-c2nn[nH]n2)cc1,28.6
O=Cc1c(O)c(C=O)c(O)c(C=NCCN2C(=O)c3cccc4cccc(c34)C2=O)c1O,19.8
N#Cc1ccc(-c2cn(-c3ccc(-c4nc(-c5ccc(N)cc5)nc5cc(-c6ccc([N+](=O)[O-])cc6)nn45)cc3)[nH]c2=O)cc1,31.26
COc1ccc2c(=O)n(-c3ccc(C#N)cc3)c(=O)oc2c1,14.24
Cc1cc(-c2cc(-c3ccccc3)cc(-c3ccc(-c4nc(Cl)nc(Cl)n4)cc3)c2)c(C)o1,20.13
CC(C)c1ccc(-n2c(-c3ccc(Cl)cc3)cc3c2cc(-c2ccc(C#N)cc2)n3-c2ccc(C#N)cc2)cc1,13.8
Nc1nccc(N=CN2CCN(C=O)CC2)n1,8.79
N=c1nc[nH]c2c(-c3ccoc3)cn(C3OC(CO)C(O)C3O)c12,23.63
N#Cc1ccc(-c2ccc3c(c2)c(CCN)cn3-c2ccc(C(N)=O)c(N)c2)cc1,21.67
CC(=O)c1nc2ccccc2n1Cc1ccc(C#N)cc1,21.09
COc1ccc(-c2cc(-c3ccccc3C)c3c(n2)-c2ccc(O)cc2C3)cc1O,26.34
Cn1c(=O)c2c(-c3ccc(C#N)cc3)n3c(c2n(C)c1=O)C(=O)N(Cc1ccc(C#N)cc1)CC3,17.18
N#Cc1ccc2[nH]c(-c3ccc(C=O)cc3)nc2c1,12.55
N#Cc1ccc(CNC(=O)c2cc(-c3cccc(C#N)n3)cc(C#N)n2)cc1,20.1
N#Cc1ccc(-c2cc3c(cc(-c4ccc(Cl)cc4Cl)n3-c3ccc(C#N)cc3)n2-c2ccc(C#N)cc2)cc1,13.31
Cc1ccc(-c2cc(-c3ccc(C#N)cc3)nc(=Nc3ccc(N4CCN(C)CC4)nn3)[nH]2)nc1,26.69
N#CC(=Cc1ccc(-c2ccccc2)cc1)C(=O)c1ccccc1C#N,23.64
O=Cc1ccc(-c2ccccc2)cc1,9.57
Cc1ccc(-c2cn3c(N)c(C#N)nc(-c4cn(-c5cccc(C#N)c5)nn4)c3n2)cc1,25.12
N#Cc1ccc(-c2ccc(-c3cccc(C#N)n3)cc2)cc1,13.3
Cn1c(=O)c2[nH]c(-c3cccc(C#N)c3)cc2n(C)c1=O,16.87
Cc1cc(C#N)cc2nc(-c3nc(-c4ccc(C#N)cc4)nc4ccccc34)[nH]c12,16.9
Cc1noc(C)c1COC(=O)c1ccc(-c2ccc(C=O)cc2)o1,25.63
CC(c1ccc(C#N)cc1)n1nc(-c2ccc(N3CCCC3)nc2)c2cc(-c3ccncc3)ccc21,27.62
Cc1nc(N=CN2CCN(C=O)CC2)nc(N(C)C)n1,13.59
Cc1ccc(-n2[nH]c(=O)c3cc4c(=O)[nH]n(-c5ccc(C#N)cc5)c(=O)c4cc3c2=O)cc1,10.05
Fc1ccc(-c2cc(-c3ccccc3)cc(-c3ccccc3)n2)cc1,16.81
Cc1ccc2nc(-n3c(-c4ccc(C#N)cc4)cc4c3cc(-c3ccc(C#N)cc3)n4-c3ccc(C#N)cc3)sc2c1,15.49
O=[N+]([O-])c1ccc(=NN=Cc2ccc(-c3ccc(C=NN=c4[nH]ccs4)cc3)cc2)[nH]c1,28.48
CCN1CCN(c2nc(-c3ccc(C#N)cc3)cc(-c3ccc(C#N)cc3)c2C#N)CC1,15.07
Cc1nc2ccc(O)cc2c(=O)n1-c1ccc2c(c1)cc(-c1ccccc1)n2C,28.19
C1=Cc2ccccc2Oc2ccccc21,16.64
N#Cc1ccc(C(=O)c2ccccc2)cc1,13.2
CC1CN(c2cnc(C#Cc3ccccc3)cn2)C(=O)OC1(C)C,17.92
N#Cc1ccc(=NCc2cc(=O)[nH]c3ccc(C#N)cc23)[nH]c1,21.29
Nc1ccc(-c2nc(-c3ccc(C=O)cc3)nc(-c3ccc(N=Cc4c(O)c(C=O)c(O)c(C=O)c4O)nc3)n2)cn1,15.16
CC=Cc1ccc(-c2nc(-c3ccc(C#N)cc3)nc(-c3ccc(C=Nc4cc(O)c(N)cc4O)cc3)n2)cc1,17.38
N#Cc1ccc(-c2ccc3c(C#N)nc(C#N)nc3c2)cc1,17.52
Clc1ccc2nc(-c3ccc(Sc4ccccc4)cc3)c3c4ccccc4[nH]c3c2c1,29.26
N#Cc1ccc(-c2n[nH]c(=NC(=O)c3cc(C#N)cc(C(F)(F)F)c3)s2)cc1,25.45
Cc1ccc(-c2csc(-n3[nH]c(C)cc3=NC(=O)c3cc(C)cc(C)c3)n2)cc1,19.58
N#CCc1csc(-c2nc3cc(-c4ccc(C#N)cc4)ccc3n2-c2ccc(C#N)cc2)c1,30.26
N#Cc1ccc(-c2nn3c(=O)cc(Cc4ccc(Cl)cc4)nc3s2)cc1,20.78
N=Cc1ccc(-c2cc(O)cc3cc(-c4ccc(O)cc4)oc23)cc1,24.78
CCc1ccc(CC2(CO)CCCN(C(=O)CNC3CCCC3)C2)cc1,33.9
N#Cc1ccc(C#Cc2cc(C#N)cc(-c3ccc(C#N)cn3)c2)cc1,17.28
Nc1cnc(-c2ccc(Oc3ccccc3)cc2)nc1-c1ccc(N=Cc2ccc(-c3csc(-c4ccc(C=O)cc4)n3)cc2)cc1,34.47
CC(C)C1COC(=O)N1c1cc[nH]c(=NC(=O)c2cccc(-c3ccc(C=O)cc3)n2)n1,17.81
N=C(N)NN=Nc1ccc(-c2ccc(-c3ccc(N=C=S)cc3)n2-c2ccc(C(=N)N)cc2)cc1,28.75
O=C(N=c1cc[nH]cc1)c1ccc(Cl)cc1,19.81
O=C1c2ccccc2C(=O)N1c1ccc2nc3n(c(=O)c2c1)CCC3,22.07
C=Nc1ccc(-c2ccc(-c3nc(-c4ccc(C(C)=O)cc4)n4ncccc34)cc2)cn1,33.46
O=C1CCC2c3c1c1ccc(O)cc1n3CCN2CC1CC1,22.63
Cc1cn(NCc2ccc(C=O)cc2)c(=O)c2ccccc12,25.62
N#Cc1ccccc1C=NNC(=O)c1ccncc1,14.76
CC(=O)Nc1cc(-c2ccc(Oc3ccc(C#N)cc3)cc2)nc(C(N)=O)n1,21.36
O=c1oc2ccccc2c2c1Oc1ccc3ccccc3c1C2c1ccccc1,25.7
Cc1ccc(C(=O)Cn2cc(C=O)nn2)o1,24.29
N#Cc1ccc(N2C(=O)C(N)(C(F)(F)F)NC2=S)cc1,20.55
C=c1c(=CCC=CCCC=CC=C(C)CCC=C(C)C)cc(O)n1-c1ccccc1-c1ccccc1,35.74
Cc1ccc2nc(-n3c(-c4ccc(C#N)cc4)cc4c3cc(-c3ccc(C#N)cc3)n4-c3nc4ccc(Cl)cc4s3)sc2c1,17.34
Cc1ccc(-c2cc(C(=O)NC3CCc4ccccc43)cc(-c3ccc(C#N)cc3)n2)cc1,25.0
Cc1ccc(N=Cc2ccc(-c3cc(-c4ccc(C=O)cc4)nc(-c4ccc(C=Nc5cc(O)c(N)cc5O)cc4)n3)cc2)cc1,13.04
NC(=O)C[n+]1ccc(-c2ccc(C=O)cc2)cc1,15.57
C(=NN=c1[nH]ncc2ccccc12)c1ccccc1,16.58
CC(C)(C)C(C#N)C#N,18.21
CCn1c(=O)c2cc(C(=O)O)sc2c2ccccc21,18.7
CN1C(=O)c2cccc3cccc(c23)C1=O,16.54
O=c1c(CCO)cc2ccccc2n1Cc1ccc(F)cc1,26.07
N#Cc1ccc(N=c2[nH]c(C#N)c(N)s2)cc1,17.52
O=Cc1cccc(O)c1,11.3
COC(=O)c1ccc(C=O)cc1,12.95
CC(C)n1cc(-c2ccc(C#N)nc2)nc1-c1cc[n+]([O-])cc1,26.2
N#Cc1ccc(-n2[nH]c(=O)c3cc4c(=O)[nH]n(-c5ccccc5)c4cc3c2=O)cc1,11.98
CC(=O)N1CCN(Cc2ccc(-c3ccc(-c4nc5cc(C(F)(F)F)ccc5[nH]4)cc3)cc2)CC1,19.43
COc1ccc(-c2cc3c(cc(-c4ccc(C#N)cc4)n3-c3ccc(C#N)cc3)n2-c2ccc(C#N)cc2)cc1,10.22
COC(O)=c1ccc(=C(C#N)C#N)nc1,11.59
CCCCCCCCCCCC(=O)OCC(=O)COC(=O)C[n+]1ccccc1,27.51
N#Cc1ccc(-c2ccn(-c3ccc(C(N)=O)cc3)n2)cc1,12.65
Cc1cccc(C#Cc2cc(C(=O)N=c3ccn(C4COC4)[nH]3)cc(-c3ccc(C#N)cn3)c2)n1,28.77
N#Cc1ccc(-c2nc(-c3ccc(N)nc3)nc(N3CCOCC3)n2)cc1,16.23
Cc1nc(-c2ccc(C#N)cn2)n(C)c1-c1ccc(N)cc1,22.78
N#Cc1ccc(C=Cc2nc3ccccc3c(=O)n2-c2ccc(C#N)cc2)cc1,11.29
N#Cc1ccc(-n2[nH]c(=O)c3cc4c(=O)[nH]n(-c5ccccc5)c(=O)c4cc3c2=O)cc1,7.45
Cn1c(=O)n(-c2ccc(C#N)cc2)c(=O)c2cc3c(-c4ccc(C#N)cc4)cnn3cc21,22.77
C=CCn1c(C#N)cccc1=O,19.6
N#Cc1ccc(-c2ccc3nc(-c4ccc(C=O)cc4)oc3c2)cc1,13.47
Cc1cc(C#N)cc2nc(-c3ccc(N)cc3)[nH]c12,15.98
Cc1ccc(S(=O)(=O)n2c(-c3ccccc3)c(N=Nc3ccc(-c4nc(-c5ccc(N)cc5)nc(-c5ccc(N)cc5)n4)cc3)c3ccccc32)cc1,19.29
CC(=NC(=O)CSCC(=O)O)c1ccc(C#N)cc1,30.13
CCCC[n+]1ccc(-c2ccc(C#N)cc2)cc1,15.47
Cc1cc(C)c(OCC(O)CNC(C)C)c(Cl)c1,23.68
CN(C(=O)COC(=O)c1ccc(-c2ccc(C#N)cc2)cc1)c1c(N)n(Cc2ccccc2)c(=O)[nH]c1=O,20.45
N#Cc1cc(C#N)cc(-c2ccc(CC(C#N)NC(=O)c3cncc(Cl)n3)nc2)c1,28.51
N#Cc1ccc(-n2c(O)c3c(c2O)CC=CC3)cc1,11.46
CC(C)c1ccc(-n2c(-c3ccc(C#N)cc3)cc3c2cc(-c2ccc(C#N)cn2)n3C)cc1,13.05
N#Cc1ccc(-c2nc(-c3ccc(N)nc3)nc(-c3ccc(N=Cc4cc(C=O)c(O)c(C=O)c4O)nc3)n2)nc1,8.45
CC(C)c1ccc(-n2c(-c3ccccc3)cc3c2cc(-c2ccc(C#N)cc2)n3-c2ccc(C(C)C)cc2)cc1,7.64
N#Cc1cccc(-c2cc(C#N)nc3cc(C#N)ccc23)c1,12.66
N#Cc1ccc(-n2c(=O)n(Cc3nc(-c4ccccc4)no3)c(=O)c3cnc(N4CCOCC4)nc32)cc1,25.91
Cc1ccc(-c2ccccc2OCc2cccc(C#N)c2)cn1,20.6
N#Cc1ccc(-c2ccccc2C=O)cc1,13.27
Cc1ccc(-c2nn(C)c(=O)n2C)cc1,18.97
O=Cc1coc(-c2ccc([N+](=O)[O-])cc2)cc1=O,23.17
Clc1ccc(-c2cc[n+](-c3nc(Cl)nc(Cl)n3)cc2-c2ccc(Cl)cc2)cc1,11.26
CC(OC(CO)CO)n1ccc(=O)[nH]c1=O,21.4
CC1(C)CNc2c(nc(-c3ccc(C#N)cc3)nc2-c2ccc(C#N)cn2)O1,14.72
O=Cc1ccc(-c2cc(=O)c3c(O)cc(O)c(C=O)c3o2)cc1,14.63
N#Cc1ccc(-c2cc(-c3ccc(N)cc3)nc(-c3ccc(C=O)cc3)c2)cc1,13.23
CNc1ccc(-c2nc(-c3ccc(C#N)cc3)c3cc(C#N)ccc3c2-c2ccc(C#N)cc2)cc1,16.37
COc1ccccc1C(=O)N=c1[nH]c(-c2ccc(C#N)cc2)cs1,21.15
Cc1oc(-c2ccc(C#N)cc2)cc1C(=O)N1CCN(c2ccccn2)CC1,22.16
N#Cc1ccc(N=c2[nH]c(O)cs2)cc1,17.09
N#Cc1ccc(-c2cc(-c3ccncc3)nc(-c3ccc(C#N)cc3)c2)cc1,12.05
N#Cc1c(O)cc(C=O)cc1O,17.53
Cc1cccc(-c2cc(C)nc(=Nc3cnc(C)c(C#N)c3)[nH]2)c1,30.92
O=Cc1ccc(-c2nc(-c3ccccc3)cc(-c3ccc4ccccc4c3)n2)cc1,16.56
N#Cc1ccc(-c2ccn(-c3ccc(C#N)cc3)n2)cc1,8.77
N#Cc1ccc(OCc2ccc(C#N)c(-c3ccccc3)c2)cc1C=CC(N)=O,28.58
Cc1cc(C#N)ccc1-n1[nH]c(=O)c2cc3c(=O)[nH]n(-c4ccc(C#N)cc4)c(=O)c3cc2c1=O,13.65
N#Cc1ccc(-c2ccc3[nH]c(-c4ccc(-n5c(=O)c(=O)c6cc7c(=O)n(-c8ccc(C#N)cc8)c(=O)c7cc6c5=O)cc4)nc3c2)cc1,15.28
O=Cc1ccc(-c2cccc(CNCCC(c3ccccc3)c3ccccc3)c2)cc1,22.47
N#Cc1cncc(-c2ccc(C(=O)N3CCCc4cc(C#N)ccc43)cc2)c1,17.62
Cn1cc(-c2ccc(N)c(C#N)c2)c(-c2ccoc2)c1-c1ccc(C#N)cc1,37.46
N#Cc1ccc(-c2cc3c(cc(-c4ccc(C=O)cc4)n3-c3ccc(C#N)cc3)n2-c2ccc(C#N)cc2)cc1,9.49
COc1ccc(-c2ccc(C=C3C(=O)NC(=O)N(CC(C)C)C3=O)o2)cc1,23.74
Cc1nc(OCCO)c(C#N)cc1-c1ccc(C#N)cn1,16.22
N#Cc1cnn2c(Cl)c3ccccc3c(C#N)c12,20.69
N#Cc1ccc(-n2cnn3cc(-c4ccc(Cl)cc4)cc3c2=O)cc1,14.26
N#Cc1ccc(N2CCN(c3nc(=O)n(-c4ccc(C#N)cc4)c(=O)[nH]3)CC2)cc1,19.68
Cc1cc(C#N)cc2nc(-c3ccc(-c4nc(-c5ccc(C=Nc6cccc(C(N)=O)c6)cc5)no4)cc3)oc12,22.37
COc1ccc(-c2cc(-c3cccs3)cc(-c3ccc(Cl)cc3)n2)c(OC)c1,22.8
O=C(O)c1cn2c3c(cccc3c1=O)SCC2,18.27
C=CCc1ccc(O)c(C=NO)c1,15.13
CN1CCC2N=CNCC2C1,25.23
COc1ccc(C=C2C(=O)NC(=O)N(c3ccc(C)cc3)C2=O)cc1OC,18.64
Nc1ccc2nn(-c3ccccc3)nc2c1,15.34
Cc1cc(=O)n2nc(N3CC(C)CC(C)C3)sc2n1,20.16
C=C(C#N)C(O)c1ccccc1,18.55
COc1ccc(C(C)=O)cc1CC(=O)NCc1ccc(-c2cccc(C#N)c2)cc1,21.56
CN(C)C=Nc1nc(-c2ccc([N+](=O)[O-])cc2)c(N=Nc2c(O)[nH]c(=S)n(-c3ccccc3)c2=O)n1N,39.63
Cc1cc(C(=O)NN=Cc2ccc(C#N)cc2)c(C)n1-c1ccc(C#N)cc1,15.36
CN1CCN(C=Nc2ccc(-c3nc(-c4ccc(N)cc4)nc(-c4ccc(N)nc4)n3)cc2)CC1,14.09
CN=c1[nH]c(=NCc2ccccc2)c2nc(-c3ccc(C#N)cc3)ccc2[nH]1,20.25
Cc1ccc(-c2nc(-c3ccc(N)cc3)nc(-c3ccc(-n4c(O)ccc4O)cc3)n2)cc1,13.62
N#CCCN=c1[nH]cncc1-c1cccc(C#N)c1,23.4
C=CC(=O)Nc1ccc(-c2cc[nH]c(=Nc3ccc(S(N)(=O)=O)cc3)n2)cc1,21.75
CC(C)CN1CCc2c(c3ccc(C#N)cc3n2-c2ccc(C#N)cc2)C1,22.45
Cc1ccc(-c2cc(C(=O)N=C(N)N)ccc2C#N)c(C)c1,21.68
N#Cc1ccc(-c2ccc3c(c2)C(=O)N(Cc2ccc(F)cn2)CCO3)cc1,17.08
Cc1ccc(Cn2c(=O)c(=O)[nH]c3ccc(-c4cc(C)nn4-c4ncccc4Cl)cc32)c(C)c1,33.33
O=Cc1cccc(C=O)c1O,10.88
N#Cc1ccc(-c2cc(-c3ccccc3)nc(-c3ccc(C=O)cc3)c2)cc1,11.98
Cc1cc(-c2nc(-c3ccccc3Br)c[nH]c2=Nc2ccc(C)c(O)c2)ccn1,34.69
N=C(N)c1ccc(-c2ncc(-c3ccccc3)cn2)cc1,15.15
COc1cc(C=NNC(=O)c2ccc(-c3ccc(C=O)cc3)cc2)cc(Br)c1O,19.4
CC(C)c1ccc(-c2cccc(-c3nc(-c4ccc(N)cc4)nc(-c4ccc(C=O)cc4)n3)c2)cc1,25.98
N#Cc1ccc(-c2cc(C#N)ccc2C#N)cc1,12.76
Cc1ccc(-c2nc(-c3ccc(C#N)cc3)ncc2-c2cc(-c3ccc(C=O)cc3)c(-c3ccc(F)cc3)n2CCC(O)CC(O)CC(=O)O)cc1,36.42
N#Cc1ccc(C(=O)N=c2cc(-c3ccc(C#N)cc3)[nH]c(-c3ccc(C#N)cc3)n2)cc1,17.07
CC(C)Oc1ccc(-c2nnc(-c3ccc(C=O)cc3)o2)cc1C#N,12.91
Cn1cc(C=C2C(=O)NC(=O)NC2=O)c2ccccc21,17.84
N#Cc1ccc(-c2cccnc2)cc1,10.46
N#Cc1ccc(C(N)=O)cc1,12.97
N#Cc1ccccc1,7.99
N#Cc1ccc(-c2ccc(-c3cccc(C#N)n3)cc2C#N)cc1,10.34
N#Cc1ccc(-c2cccc(C#N)c2)nc1,8.3
N#Cc1ccc(-c2ccncc2)nc1,12.57
N#Cc1ccc(C#CC=CC#Cc2cccc(Cl)c2)cc1,19.52
CCOC(=O)c1cccc(-n2c(O)c3c(c2O)CCC=C3)c1,19.25
COc1ccc(N=Cc2ccc(-c3nc(-c4ccc(N)nc4)nc(-c4ccc(N=CN(C)C)nc4)n3)cn2)nc1-c1ccc(C#N)nc1,27.75
N#Cc1ccc(-n2cnc([N+](=O)[O-])c2)cc1,12.15
O=c1nc2c3ccccc3n(-c3ccccc3)c(=O)n2s1,28.16
N#Cc1ccc2c(C#N)c3c(c(C#N)c2c1)CCCC3,8.26
CC1(c2ccc(O)cc2)N=C(N)N=C(N)N1c1ccc(C=NOCc2ccccc2)cc1,28.87
N#Cc1ccc(N=c2[nH]cnc3c(C#N)cc(C#N)cc23)cc1,15.32
Cn1ccc2ncnc(Sc3ccc(N)cc3)c21,25.09
Cc1ccc(C(=O)Nc2ccc(CN(C)C)cc2)cc1-c1ccc(C#N)cn1,17.62
CCCCC(C#N)NC(=O)c1ccc2c(c1)c(C)c(C)n2Cc1ccc(-c2ccccc2)cc1,20.3
N#Cc1ccc(N=Cc2ccc(-c3nc(-c4ccc(C=O)cc4)nc(-c4ccc(C=O)cc4)n3)cc2)cc1,9.7
CC1(C)C=C(C#N)c2cc(C#N)ccc2O1,19.2
CC(=NN=C(N)N)c1ccc(-n2cnc3cc(-c4ccc(C#N)cc4)ccc32)cc1,15.63
CC(C)c1ccc(-n2c(=O)c(C#N)cc3ccc(-c4ccc(C#N)cc4)cc32)cc1,12.54
N#Cc1ccc(-c2cc(C#N)cc(-c3ccc(C#N)cc3)c2)cc1,9.39
N#Cc1ccc2c(c1)C(C#N)(C#N)c1cc(N)ccc1-2,24.34
C=c1c(=Cc2c(O)n(-c3ccc([N+](=O)[O-])cc3)c(=O)c3ccccc23)cc(C)n1-c1cccnc1,25.45
Cc1cccc(NC(=O)C(=N)NN)c1,26.18
Cn1[nH]c(=NC(=O)C2CC2)cc1-c1cccc(C=Cc2ccc(-c3ncc[nH]3)cc2)n1,26.05
Cc1cc(C(=O)Nc2ccc(N3CCOCC3)cc2)nn1-c1ccc(C#N)cc1,24.02
O=Cc1ccc(-c2ccc(C=O)cc2)cc1,13.52
O=C1OC(=O)c2ccc3c4c(ccc1c24)C(=O)N(c1ccc(-c2nc(-c4ccco4)cs2)cc1)C3=O,13.5
COc1ccc2c(c1)C(=O)N(CC1(C#Cc3cccc(C(N)=O)c3)NC(=O)NC1=O)C2,23.57
O=C1OCc2cc3cc(O)ccc3cc21,21.11
CCc1nnc(-c2ccncc2)n1-c1ccc(-c2nc3ccc(C#N)cc3s2)cc1,18.84
N#Cc1ccc(-c2cc(-c3cccc(C#N)n3)cnc2-c2ccc(N)cc2)cc1,17.78
N#Cc1ccc(N2CCN(C(=O)c3csnn3)CC2)cc1,20.97
COc1ccc(-c2ccc(C=CC(O)=NO)cc2)cn1,20.08
N#CCn1c2c(c3cc(-c4ccc(C#N)cc4)ccc31)CN(C1CCOCC1)CC2,22.65
N#CC(C#N)=c1ccc(=C(C#N)[N+](=O)[O-])cc1,12.69
COC(=O)c1ccc(CCCO)oc1=O,23.35
N#Cc1ccc(-c2ncc(-c3cc4c([nH]c5ccccc54)c(C#N)n3)cc2C#N)cc1,16.3
CC(C)(C#N)c1ccc(-n2cnc3ccc(-c4ccc(-c5nccs5)cc4)cc3c2=O)cc1,22.43
N#Cc1ccc(-c2cc(-c3ccc(C=O)cc3)nc(-c3ccc(C=Nc4cc(O)c(N)cc4O)cc3)c2)cc1,14.86
O=C(C=Cc1ccco1)N=c1cc[nH]c(-c2ccncc2)n1,24.6
Nc1cc(O)c(N=Cc2ccc(-c3nc(-c4ccc(C=O)cc4)nc(-c4ccc(-c5ccc(-c6ccc(N=Nc7ccccc7N)cc6)cc5)cc4)n3)cc2)cc1O,17.63
CCn1c(-c2ccc(C#N)cc2)cc2nnc(-c3ccc(C#N)cc3)cc21,18.84
CC(C)(C)c1ccc(-c2ccc(C#N)cc2)cc1,14.77
N#CNC=Nc1ccc(C#N)cc1,14.23
Cc1ccc(-c2cc(=O)cc(C=Cc3ccccc3)o2)cc1,23.11
N#Cc1ccc(-c2ccc(C(=O)CCNC(=O)CC(=O)O)cc2)cc1,29.98
O=Cc1ccc(-c2cc(=NCc3ccc(-c4ccccc4)cc3)[nH]c(N3CCCC(CO)C3)n2)cc1,30.92
N#Cc1ccc(-c2cc(-c3ccc(C#N)cc3)nc(-c3ccc(C=O)cc3)n2)cc1,12.41
N#Cc1ccc(-c2nc3c(-c4ccccc4)cc(C#N)cc3n2-c2ccc(C#N)cc2)cc1,13.08
Cc1ccc(N=Cc2ccc(-c3nc(-c4ccc(C=O)cc4)nc(-c4ccc(C=Nc5cc(O)c(N)cc5O)cc4)n3)cc2)cc1,10.57
Cc1nc2cc(C=O)ccc2n1Cc1ccc(-c2ccccc2-c2nn[nH]n2)cc1,22.24
NS(=O)(=O)c1ccc(NN=Cc2ccc(C=NN=c3cc[nH]c4cc(Cl)ccc34)o2)cc1,21.65
N#CC(C#N)=c1ccc(=C(C#N)c2nc(-c3ccc(C#N)cc3)cs2)c(O)n1,21.8
N#Cc1ccc(-c2nc3ccccc3n2-c2ccc(C(N)=O)cc2)cc1,15.81
N#Cc1ccc(-c2ccc(-c3ccc4c(=O)oc5ccc(Cl)cc5c4c3)cc2)cc1F,30.38
N#Cc1ccc(-n2c(-c3cccc(C#N)c3)nc3ccc(-c4cccnc4)cc32)cc1,22.16
N#Cc1ccc(N=c2nc(C(Cl)(Cl)Cl)[nH]c3cc(Cl)ccc23)cc1,25.12
COc1cccc(C=Nn2c(=O)c3cc4c(=O)n(-c5ccccc5)c(=O)c4cc3c2=O)c1,22.62
CCCCCC[n+]1ccc(-c2nc(CC)cc(-c3ccc(C#N)cc3)n2)cc1,25.87
O=C1OC(=O)c2ccc3c4c(ccc1c24)C(=O)N(C1CCCCC1)C3=O,16.41
CN(C)CCN1C(=O)c2cccc3c(-c4ccc(C#N)cc4F)ccc(c23)C1=O,20.32
Cc1cc(-c2ccc(C=O)cc2)nc2nc(-c3ccccc3)c(C#N)c(N)c12,23.98
O=Cc1ccc(-c2nnn(-c3ccc(CN4CC(C(=O)O)C4)c(CO)c3)n2)cc1,26.4
Oc1ccc(C=NN=c2[nH]ncc3ccccc23)cc1O,18.09
N#Cc1ccc(-c2ccnc(-c3ccc(C#N)cn3)c2)cc1,9.13
COc1ccc(-c2cc3[nH]c4c(C#N)cccc4c(=O)n3n2)cc1,24.59
N#Cc1ccc(S(=O)(=O)Nc2ccc(-c3cnc4c(=N)[nH]c(=N)[nH]c4n3)cc2)cc1,20.3
CCn1c(N2CCN(C)CC2)nc(-c2ccc(C#N)cc2)c1C(=O)NCc1ccc(Cl)cc1,26.55
Cc1cc(C#N)cc2[nH]c(-c3ccc(NC(=O)CCc4ccc(C#N)cc4)cc3)nc12,25.03
Nc1ccc(-c2cc(C(=O)O)c3cc(O)ccc3n2)cc1,21.6
O=C(O)c1c(Cc2cccc(Cl)c2)c2ccccc2n1Cc1ccc(-c2ccccc2-c2nn[nH]n2)cc1,28.59
CN(Cc1ccc(-c2ccccc2)cc1)c1[nH]c(=N)ncc1Oc1cc(C#N)cc(C#N)c1,35.09
CS(=O)(=O)c1ccc2c(ccc(=O)n2-c2ccc(-c3cccc(C#N)c3)c(F)c2)c1,26.66
CN(C)c1ncc(-c2nc(-c3ccc(N)nc3)nc(C(C)(C)C#N)n2)cn1,24.78
N#Cc1ccc(NC(=O)c2ccc(C#N)cc2)cc1,12.31
N#Cc1ccc(N2C(=O)c3cccc4c(C#N)cc(C#N)c(c34)C2=O)cc1,8.31
Cc1ccc(-c2cc(-c3ccc(C)cc3)nc(N=CN3CCN(C=O)CC3)n2)cc1,16.24
Cc1ccc(C)c(Cn2c(=O)n(Cc3ccccc3)c(=O)c3ccccc32)c1,25.73
CC(=O)c1ccc(-n2nc(-c3ccc(-c4cn(Cc5ccc(C#N)cc5)nn4)nc3)nc2-c2ccc(C#N)cc2)cc1,23.89
O=Cc1ccc(-[n+]2ccc3ccc(Cl)cc3c2)cc1,23.33
CC(=O)NC(C)Cc1ccc(C#Cc2ccc(C#N)cc2)cc1,11.33
CN(C)c1ccc(C=Cc2ccnc3cc(-c4nnc(-c5ccc(C#N)cc5)o4)ccc23)cc1,29.99
N#Cc1ccc(CSc2nc(=O)ccn2-c2ccc(C#N)cc2)cc1,15.83
CC(C)(C)c1[nH]cnc1C=c1[nH]c(=O)c(=Cc2ccc(F)cc2)[nH]c1=O,17.5
N#Cc1ccc(-c2ccc3c(c2)ncn3-c2ccc(C(N)=O)cc2)cc1,11.95
N#Cc1ccc(-c2nc(C#N)nc3[nH]c(=N)sc23)cc1,15.76
O=C(NCCN1CCOCC1)c1cccc(-c2ccc(-c3nc4cc(F)ccc4[nH]3)cc2)c1,24.38
C=CC(=O)Nc1cc2c(=Nc3cc(C(=O)NC4CC4)ccc3C)[nH]cnc2cc1OCCOC,27.42
N#Cc1ccc2c(c1)OC(CC(=O)Nc1ccc(-c3ccc(C#N)c(F)c3)cc1)C(=O)N2,27.34
N#Cc1ccc(-c2cc(C(N)=O)c[nH]c2=NCc2cc(F)cc(C#N)c2)cc1,20.31
N#Cc1ccc(-n2[nH]c(=O)c3cc4c(=O)[nH]n(-c5ccc(F)c(Cl)c5)c(=O)c4cc3c2=O)cc1,12.47
Cn1c(O)c(N=NC(=O)c2ccncc2)c2ccccc21,17.81
O=Cc1cc(C=O)c(O)c(C=Nc2cccc(C(=O)O)c2)c1,15.23
Cc1ccc(-c2nc(CN3CCc4cnccc4C3)co2)cc1,25.93
Cc1nc(-c2ccc(Cl)cc2)n(-c2ccc(Cl)cc2)c1C,19.34
COC(=O)c1c2c(n(CCc3ccc(C)cc3)c1O)C(c1ccc(C)cc1)CC(=O)N2,30.0
Cc1ccc(C(C#N)=Cc2ccc(F)nc2)cc1,24.25
N#CC(=Cc1ccccc1)C(=O)c1ccc(O)cc1,20.86
Cc1ccc(-c2cc(-c3ccccc3)cc(-c3ccccc3)[n+]2-c2ccc(C[n+]3ccc(-c4ccccc4)cc3)cc2)cc1,21.8
Nc1ccc(-c2cc(-c3ccccc3)cc(-c3ccc(C=Nc4ccc(-c5nc(-c6ccc(N)nc6)nc(-c6ccc(N)nc6)n5)cn4)cc3)n2)cc1,20.51
Cc1ccc(-c2ccc(C#N)cc2OCc2ccc(C#N)cn2)cn1,18.88
Cn1c(=O)c2c(=O)[nH]c(-c3ccc([N+](=O)[O-])cc3)cc2n(C)c1=O,25.64
N#Cc1ccc(C=Nc2ccccc2C#N)cc1,18.99
CC(=O)OCCN1CCN(CCCC(NC(=O)Cc2ccc(C#N)cc2)C(=O)O)CC1,41.21
N#Cc1ccc(-c2cc3nc(=N)[nH]n3cc2-c2ccc(C#N)cc2)cc1,14.61
N#Cc1ccc(-c2cc(C#N)cc3ccc(F)cc23)nc1,17.15
CCc1ncnc(-c2ccc(C(=O)N3CCN(CC4CC4)CC3)c(C)c2)c1C#Cc1ccc(=N)[nH]c1,17.06
CN1CCN(Cc2ccc3c(c2)Cc2c-3n[nH]c2-c2ccccc2)CC1,13.69
O=C(O)C=Cc1ccc(Oc2c(-c3ccc(O)cc3)c(-c3ccc(O)cc3)cc3ccc(O)cc23)cc1,22.76
N#Cc1ccc(-c2ccc(NC(=O)c3ccc(O)cc3)cc2)cc1,19.75
N#Cc1ccc(-c2nc3ccccc3n2-c2ccc(C#N)cc2)cc1,12.18
COc1ccccc1-c1ccc(C#N)cc1,13.81
CC(C)N1CC(CO)Oc2ccc(C#N)cc21,20.43
NS(=O)(=O)c1ccc(C=CC(=O)NCc2ccc(C(=O)NCCc3ccccc3)cc2)cc1,27.35
N#Cc1ccc(C#N)c(Cl)c1,10.11
O=Cc1ccc(-c2ccc3ccccc3c2)cc1,13.22
N#Cc1ccc(-c2cc(C#N)nc3cc(C#N)ccc23)cc1,10.32
c1ccc(-c2cc3ccccc3s2)cc1,16.41
COc1ccc(-c2nc(-c3ccc(C#N)cc3)nc(-c3ccc(C=Nc4cccc(C#N)c4)cc3)n2)cc1C#N,19.83
Cc1ccc(-c2cc(C)cc(C)c2N=Cc2c(O)cc(C)oc2=O)cc1,22.27
CC(NC(=O)N=c1nc2c(Cl)c[nH]c(=N)c2c[nH]1)c1ccccc1F,28.24
N#Cc1ccc(Oc2ccc(-c3nc(C(N)=O)no3)cc2)cc1,15.91
Cc1ccc(C)c(NC(=O)CNc2ccccc2C#N)c1,24.95
Nc1cc(N=CN2CCN(C=O)CC2)nc(N)n1,7.81
Cc1ccc(-c2ccc3nc(-c4ccc(C=Cc5ccc(N)cc5)cn4)[nH]c3c2)cn1,28.49
Cc1cccc(=Nc2nc(-c3ccccc3)cs2)[nH]1,17.04
Cc1cc(-c2ccc(N3CCC(C(N)=O)CC3)nc2)[nH]c(=Nc2cc(C#N)ccn2)c1,19.79
O=Cc1ccc(O)s1,19.19
Cc1cncc(-c2ccc(C#N)cn2)c1,16.64
Nc1cc(O)c(N=Cc2ccc(-c3nc(-c4ccc(C=O)cc4)nc(-c4cccc5ccccc45)n3)cc2)cc1O,13.16
O=CC1Cc2ccccc2C1=O,18.66
N#Cc1ccc(C(=O)c2sc(-c3ccc(C#N)cc3)nc2N)cc1,18.42
Nc1ccc(-c2cc(=O)c3ccc(N=CN4CCN(C=O)CC4)cc3o2)cc1,20.06
COc1ccc(OC)c(CN=c2[nH]c(=NCCO)[nH]c(=Nc3ccc(S(N)(=O)=O)cc3)[nH]2)c1,34.69
Cc1c2nc(C3COc4ccccc4C3)[nH]c(=O)c2c(C)n1-c1ccc(C#N)cc1,28.5
COCC(=O)Nc1ccc(-c2cc(C)c3[nH]c(=NC(=O)c4ccc(C#N)cc4)cnc3c2)cc1,27.94
N#Cc1ccc(COc2ccc3ccccc3c2C=O)cc1,19.65
N#Cc1ccc(-c2nc(=O)c(C#N)c(N)[nH]2)cc1,12.98
COc1ccc(-c2cc3c(=N)[nH]c(=N)[nH]c3nc2-c2ccc(OC)c(O)c2)cc1,23.82
C=CCc1cc(C=O)c(C)nc1C,21.89
Cc1ccc(C(=O)CC(=O)c2cccc(N=Cc3c(O)c(C=O)c(O)c(C=O)c3O)n2)cc1,23.94
CCOC(=O)NC1C(=O)C(=O)c2ccccc2C1=O,25.15
CCc1ncccc1-c1cc(NC(=O)c2nc(C#N)c[nH]2)cc(-n2ccnc2)c1,35.51
Cc1cc(-c2ccc(C#N)cn2)cc(N2CCOCC2)n1,14.43
Cc1cc(C#N)cc(C#N)c1,10.69
CN(C)c1cc(=Nc2ccc(C(=O)N=c3[nH]c(-c4cccnc4)cs3)cc2)[nH]c(-c2ccc(N)cc2)n1,26.55
Nc1ccc(NC(=O)c2c(O)c(C=O)c(O)oc2=O)cc1,19.72
[N-]=[N+]=NC1CC(n2cc(F)c(=O)[nH]c2=O)OC1CO,17.46
N#Cc1ccc(C=CC(=O)Nc2cccc(-c3nc(C=Cc4ccc(C#N)cc4)nc(-c4ccc(C#N)cc4)n3)c2)cc1,21.35
N#Cc1ccc(-c2cc(COC3COc4nc([N+](=O)[O-])cn4C3)n(-c3ccc(C#N)cc3)n2)cc1,22.1
N#Cc1ccc(-c2nc(-c3ccc(C(=O)O)cc3)nc(-c3ccc(N)nc3)n2)cc1,15.37
N#Cc1ccc(-c2ccc3c(c2)nc(-c2ccc(C#N)cc2)n3-c2ccc(C#N)cc2)cc1,9.76
N#Cc1ccc(N2CCN(Cc3nc(=N)[nH]c(=Nc4cccc(C(F)(F)F)c4)[nH]3)CC2)nc1,26.1
CCOC(=O)c1cc(C(=O)OC)c(C)c2c(C)n(-c3ccccc3)nc12,29.13
COC(=O)c1cc(N=Cc2ccc(C#N)cc2)ccc1-c1cc(-c2ccccc2)nc(-c2ccc(N)cc2)n1,30.4
Cn1c(C#N)ccc1-c1ccc2c(c1)CNC2=O,22.51
Cc1cc(C#N)ccc1-n1c(-c2ccc(C#N)cc2)cc2c1CCN(S(C)(=O)=O)C2,19.29
Cc1ccc(-c2c(-c3ccc(C(=O)Nc4ccc(-c5ccc(C#N)cc5)cc4)cn3)c(-c3ccccc3)nn2-c2ccc([N+](=O)[O-])cc2)cc1,36.88
Cc1ccc(N(NC(=O)COc2ccc(Cl)cc2)C(=O)c2ccccc2Cl)cc1,31.84
CC(C)(C)C1Cc2ccc(F)cc2CN1,23.82
O=Cc1ccc(-c2cccc(C(=O)C=Cc3ccccc3)c2)cc1,18.76
N=c1nc(-c2cc(-c3ccncc3)c(-c3ccc(F)cc3F)[nH]2)cc[nH]1,28.6
Cc1cc(C#N)ccc1-c1cnc(-c2ccc(C#N)cc2C)c(C#N)c1,27.31
Cc1ccc(C=C2CCCc3c(-c4ccc(C#N)cc4)noc(=O)c32)cc1,23.39
Cc1nc2c(c(=O)n1C)CN(C(=O)c1ccc(C#N)cc1)c1ccccc1-2,21.17
Cc1cc(C)c(N=c2[nH]c(=NCc3ccc(C#N)cc3)[nH]c(=Nc3ccc(C#N)cc3)[nH]2)c(C)c1,18.38
CC(Cn1ccc(C#N)c1)C(=O)Nc1cccc(-c2cnc(C#N)nc2)c1,33.51
O=C(C=Cc1ccccc1)N=C(CC=Cc1ccccc1)C(=O)O,29.11
CN1CCN(C=NN=Cc2ccc(-c3cc(-c4cnn(C)c4)nc(-c4ccc(N=Cc5cc(C=O)c(O)c(C=O)c5O)nc4)n3)cc2)CC1,21.04
N#Cc1ccc(-c2ccc(-c3ccc(C(N)=O)cc3)cc2)cc1,17.07
CC(C)NC(=O)c1ccc(-n2ccc(-c3ccc(C#N)cn3)n2)cc1,19.91
C=CCn1c(=O)c2nc(-c3ccccc3)[nH]c2n(Cc2ccccc2)c1=O,24.01
C=CCNC(=O)c1cc(C#N)ccc1Sc1ccc(C#N)cc1,22.9
NC(=O)c1ccc(-c2c(C=O)nc3ccc(C4CC4)cn23)cc1,32.66
CCOC(=O)c1cc(C)n(-c2ccc(NC(=O)C3CCCCN3C(=O)OCc3ccccc3)cn2)c1C,34.66
CCc1cc(-c2ccc(OC(C)C)cc2Cl)nc(-c2ccc(C#N)cc2)n1,22.11
N#Cc1cccc(-c2cc(C(F)(F)F)ccc2-c2ncc(F)cc2F)n1,25.38
N#Cc1ccc(-c2ccccc2)cc1C(F)(F)F,13.74
Cc1ccc(-c2nc3ccccn3c2-c2cc[nH]c(=Nc3cccc(C#N)c3)n2)cc1,22.46
Cc1ccc(-c2nc(-c3ccc(C=CC(N)=O)cc3)nc(-c3ccc(C=Nc4cc(O)c(N)cc4O)cc3)n2)cc1,17.95
Cc1ccc(C=Nc2ccc(-c3csc(N=Cc4ccc(-c5nc(-c6ccc(N)cc6)nc(-c6ccc(C=O)cc6)n5)cc4)n3)c(C)n2)cc1,22.99
CC(C)(C)c1cc(F)c2c(=O)n(-c3ccc(C#N)cc3)ncc2c1,11.54
CN(C)C=Nc1nc(C#N)nc(N2CCC3(CC2)C(=O)NCN3c2ccccc2)n1,25.05
Cc1ccc(-c2cc(-c3ccc(C=O)cc3)cc(-c3ccc(C=Nc4nc(-c5cccnc5)n[nH]4)cc3)n2)cc1,24.6
Cc1ccc(-c2cc(C)nc(-n3nc(C)c(CCC(=O)Nc4ccc(F)cc4)c3C)n2)cc1,20.77
Cc1cc(-n2ccc3cc(C#N)cnc32)ccc1C(=O)NC1CC1,12.75
CNc1ccc(-c2ccc3ccc(-c4ccc(C#N)cc4)nc3n2)cn1,18.29
O=Cc1ccc2ccccc2c1,11.43
Nc1cc(O)c(N=Cc2ccc(-c3nc(-c4ccncc4)nc(-c4ccc(C=O)cc4)n3)cc2)cc1O,9.21
N#Cc1ccc(-c2nc(C#N)ccc2-c2ccncc2)cc1,16.36
N#Cc1ncc(-c2cc[n+](-c3nc(Cl)nc(Cl)n3)cc2)cn1,11.55
N#Cc1ccc(-c2cc(CCN)cc(-c3ccc(C#N)cc3)c2)cc1,15.28
CC(=O)C(=Nc1ccc(-c2nc(-c3ccc(N)cc3)nc(-c3ccc(N)nc3)n2)cc1)C(=O)N=c1[nH]c(C)cs1,29.7
Cc1ccc(-c2nc(-c3ccc(C=O)cc3)cc(-c3ccc4c(c3)OCO4)n2)cc1,20.51
CC(CC(=O)c1ccccc1)=Nc1oc(-c2ccc(C#N)cc2)nc1C#N,22.0
Cc1ccc(C#N)cc1,11.24
COc1ccc(-c2ccc(C#N)cc2)cc1,11.12
N#Cc1cnn(-c2ccccc2)c1-c1ccc(C=O)cc1,14.63
Cc1ccc(-c2cc(-c3ccc(C#N)cc3)nn2-c2ccc(C#N)cc2)cc1,13.28
Oc1cc(N=Cc2cc(Br)c(O)c(Br)c2O)ccc1Br,23.21
N#CCCn1ccc2c(-c3ccc(C#N)cc3F)nc(C#N)nc21,19.25
Nc1ccc(N=Cc2ccc(-c3nnc(-c4ccncc4)o3)cc2)cc1,18.64
Cc1ccc(-n2c(=NC(C#N)C#N)[nH]c3cc(C)ccc3c2=O)cc1,22.11
Cc1c(CO)cccc1N=c1scc(-c2ccc(C#N)cc2)n1-c1ccc(C#N)cc1,26.08
N#Cc1ccc(-c2nc(=NCc3cccnc3)nc(-c3ccc(N)cc3)[nH]2)cc1,18.42
Cc1cn(-c2ccc(Oc3ccc(C#N)cc3)cc2)c(=O)cc1C=O,19.94
COC1CCC2(CC1)Cc1cc(CO)ccc1C21N=C(N)N(C)O1,24.08
O=C(CNc1cccc2ccccc12)NN=Cc1cccnc1,25.34
CC1N(C2CCc3cccc(C#N)c3C2)CC(C)(C)C1(C)O,28.66
N#Cc1ccc(-c2cnc(C#N)o2)cc1,12.51
O=Cc1ccc(-c2nn[nH]n2)cc1,12.89
Cc1cccc(N=c2nc(-c3nc(C#N)c(C#N)[nH]3)cc[nH]2)c1,20.34
COc1cccc(CNCC(O)C(Cc2ccccc2)NC(=O)c2cc(C(=O)NC(C)c3ccccc3)cc(-c3nc(C)cs3)c2)c1,34.7
COc1ncc(-c2ccc(C=O)c(F)c2)cn1,18.78
O=Cc1ccc(-c2c(-c3ccc(Cl)cc3)[nH]c3ccccc23)cc1,20.59
N#Cc1ccc(-n2ccn3nc(-c4ccc(Cl)cc4)cc3c2=O)cc1,14.58
Cc1cccc(-n2c(=O)c3cc4c(=O)n(-c5ccc(C#N)cc5)c(=O)c4cc3c2=O)c1,10.99
N#Cc1ccc(N=Cc2ccc(-c3nc(-c4ccc(C=O)cc4)nc(-c4ccc(C=Nc5cc(O)c(N)cc5O)cc4)n3)cc2)cc1,10.93
Nc1ccc(-c2ncc(-c3ccc(NCC(=O)NN=Cc4cccc(F)c4)cc3)nc2-c2ccccc2)cc1,22.23
Cc1cc(-c2ccc(C#N)nc2)nc(-c2ccc(N)nc2)n1,17.01
CC(=N)C(C#N)C#N,15.23
O=Cc1c(O)c(C=O)c(O)c(C=Nc2cccc(N=CN3CCN(C=O)CC3)n2)c1O,13.68
Cn1c(=O)c(C(=O)COC(=O)c2ccc(C#N)cc2)c(N)n(Cc2cccc(Cl)c2)c1=O,25.31
N#Cc1ccc(-c2cc(F)ccc2C#N)nc1,13.74
CC(=O)N=c1[nH]c2cc(-c3cccc(C(=O)N(C)C)c3)cc(-c3cnc(=N)[nH]c3)c2n1C,28.06
Cn1cc(-c2ccc(C#N)cn2)cn1,12.76
N#Cc1ccc(-c2cn(-c3ccc(C#N)cc3)nn2)cc1,10.54
N#Cc1ccc(C(=O)Nc2cccc(C#N)c2)cc1,15.07
N#CCCn1c(C=c2ccc(-c3ccc(C#N)cc3)cc2=C(C#N)C#N)c(O)[nH]c1=O,23.0
Nc1ccc(-c2nc(-c3ccc(N)cc3)nc(-c3ccc(-n4c(=O)c5cc6cc(O)cc7ccc(c-5c76)c4=O)cc3)n2)cc1,13.67
N#Cc1ccc(-c2ccc(-c3cc(-c4ccc(C#N)nc4)[nH]c(=N)n3)o2)cc1,23.46
N#Cc1ccc(OCCn2cnc3ccccc3c2=O)cc1,17.91
N#Cc1ccc2ccc(C#N)c(O)c2c1,16.82
N#CC(=Cc1ccccc1)c1ccc(C#N)cc1,14.94
COC(=O)c1ccc(-c2ccc(-c3ccc(C#N)cc3)cc2)cc1C#N,19.06
N#Cc1c2ccccc2c(C#N)c2cc(N)ccc12,14.42
Cc1cc(C#N)cc2[nH]c(-c3ccc(OCc4nc5ccc(C#N)cc5n4C)cc3)nc12,24.35
COc1cc(C#N)ccc1-c1nnc(C)n1-c1ccc(C(N)=O)cc1,18.15
COc1ccc(-n2c(=O)c3cc4c(=O)n(-c5ccc(C#N)cc5)c(=O)c4cc3c2=O)cc1,9.89
N#Cc1ccc(-n2[nH]c(=O)c3cc4c(cc4n(-c4ccc(C#N)cc4C#N)[nH]c3=O)c2=O)cc1,20.8
Cc1cccc(C(=O)Nc2ccc(-c3nc4c(c(=O)n(C)c(=O)n4C)n3C3OC(CO)C(O)C3O)cc2)c1,28.63
CCc1ccc(-c2cc(C(=O)NC3CCCCC3)nc(-c3ccc(C#N)cc3)n2)cc1,24.78
CN1CCN(Cc2cccc(-c3ccc4cn(-c5ccc(NC(=O)Cc6ccc(C#N)cc6)cn5)nc4c3)n2)CC1,30.43
N#Cc1cc(C#N)c2cccc3c2c1NC(=O)C3=O,11.17
CC(C)n1cc(C(=O)c2ccc(C#N)cc2)c2cccc(F)c2c1=O,17.21
N#Cc1cccc(C(=O)Nc2ccc(-c3nc4ccccc4c(=O)[nH]3)cc2)c1,23.79
N#Cc1ccc(-c2cc3ccc(-c4ccc(C=O)cc4)cc3[n+](-c3ccc(C#N)cc3)c2)cc1,17.8
Cc1ccc(Cn2c(CC(=O)Nc3ccc(C)cc3)c(O)n(-c3ccc(C)cc3)c2=S)cc1,22.68
C#CCSc1c[nH]c(=O)c(O)c1,21.84
N#Cc1ccc(-c2ccc(CNC(=O)c3ccccc3)cc2)cc1,15.85
N#Cc1ccc(-c2ccc(C#N)s2)nc1,9.85
O=Cc1cccc(-c2nc3ccccc3s2)c1,16.92
Cc1ccc2c(C#N)c3cccn3c(-c3ccc(C#N)cc3)c2c1,15.0
N#Cc1ccc(-c2cc3c(cc(-c4ccc([N+](=O)[O-])cc4)n3-c3ccc(C#N)cc3)n2-c2ccc(C#N)cc2)cc1,13.36
O=Cc1cc(-c2ccc(F)cc2)cc(C=O)c1O,13.74
CC(C)c1ccc(-n2c(-c3ccc(C#N)cc3)cc3ncc(-c4ccc(C#N)cc4)cc32)cc1,9.51
Cc1cc(C)n(C(=O)c2nc(-c3ccc(C#N)cc3)n3c2C(CCN)OC(C)C3)n1,36.31
N#Cc1ccc(-n2cccc2C(=O)Nc2ccc(-c3ccccc3S(N)(=O)=O)cc2)cc1,19.34
Cc1ccc(-c2nc(-c3ccc(N)cc3)nc(-c3ccc(N=Cc4ccc(-c5nc(-c6ccc(C=O)cc6)nc(-c6ccc(C=O)cc6)n5)cc4)cc3)n2)cc1,13.31
N#Cc1c2c(c(C#N)c3ccccc13)CCCC2,7.75
N#Cc1ccc(N(CCO[N+](=O)[O-])C(=O)NC(=O)c2c(F)cccc2F)cc1,26.26
Nc1ccc(-c2nc(-c3ccncc3)nc(-c3ccc(N=Cc4cc(C=O)c(O)c(C=O)c4O)nc3)n2)cc1,15.87
Clc1ccc(-c2cc(-c3ccc(Cl)cc3)nc(-c3ccc(Cl)cc3Cl)c2)cc1,17.53
N#Cc1ccc(-c2nn(-c3ccccc3)cc2C#N)cc1,15.68
Cc1cccc(-c2nn(C(=S)Nc3cccc(C#N)c3)cc2-c2ccccn2)n1,20.82
COc1ccc2c(-c3nc(=N)nc(N(C)C)[nH]3)cccc2c1,22.91
N#Cc1ccc(C=Cc2nc3ccc(-c4cc[nH]c(=N)n4)cc3c(=O)n2-c2ccc(C#N)cc2)cc1,21.25
CC(=O)NCC1CN(c2ccc(N3CCN(C(=O)C=Cc4ccc(O)cc4)CC3)c(F)c2)C(=O)O1,22.33
Cc1ccc(-c2cn3c(C)nc(C)c(-c4ccc(C#N)cc4)c3n2)cc1,18.41
Cc1ccc(-c2ncc(-c3ccc(N(C)C(=O)c4ccccc4)cc3)nc2-c2ccncc2)cc1,21.1
Nc1cc(O)c(N=Cc2ccc(-c3cc(-c4ccc(C=O)cc4)n4nc(-c5ccc(Cl)cc5)cc4n3)cc2)cc1O,24.93
N#CCn1c(O)c(N=Nc2ccc(-c3cccc(C#N)c3)cc2)c(=O)c(C#N)c1-c1ccc(F)cc1,33.2
N#Cc1ccc(-n2[nH]c(=O)c3cc4c(=O)[nH]n(-c5ccc(C#N)cc5F)c(=O)c4cc3c2=O)cc1,12.54
CSc1ccc(NC(=O)c2cc(-c3ccc(C#N)cc3)n(-c3ccc(C#N)cc3)n2)cc1,17.97
N#CC(C#N)=Cc1cn(-c2ccc(C#N)cc2)nc1-c1ccc(C#N)cc1,13.32
CN1Cc2c(cccc2-c2c[nH]c(-c3ccc(C=O)cc3)n2)C1=O,24.35
COc1cc(C=CC(=O)C(=Cc2ccc(O)c(OC)c2)C(=O)C=Cc2ccc(O)c(OC)c2)ccc1O,20.9
O=C(NC1CC1)C1OC(n2cnc3c(=Nc4ccc(F)cc4)[nH]cnc32)C(O)C1O,24.24
O=Cc1cc(C=Nc2ccc(CN3CCCCC3)cc2)c(O)c2ccccc12,17.02
N#Cc1ccc(-c2cc(-c3ccc(C=O)cc3)cc(C#N)n2)cc1,11.96
CC(=NNC(=S)Nc1ccc(C#N)cc1)c1ccc(C#N)cc1,18.24
N#Cc1ccc(C(=O)n2nc(-c3ccc(C#N)cn3)cc2-c2ccc(N)nc2)cc1,14.79
Cc1ccc(-c2cc(N=Cc3c(O)c(C=O)c(O)c(C=O)c3O)nc(-c3ccccn3)n2)cc1,19.33
CCc1nc(C)cc(-c2ccc(N=c3ccc4ccccc4[nH]3)cc2)n1,24.68
CCOC(=O)Nc1c(N)[nH]c(=NCc2sc(C)nc2C)[nH]c1=O,29.03
N#CCc1ccc(-c2ccc(-c3ccc(C#N)cc3)cc2)cc1C#N,15.94
Cc1cc(C)n(-c2nc(Cl)nc(-c3cc[n+](-c4nc(Cl)nc(Cl)n4)cc3)n2)n1,19.98
N#Cc1c(-c2ccc(-c3ccccc3)cc2)[nH]c(=N)[nH]c1=NN=Cc1ccc(F)cc1,22.04
Cc1cc(OCc2csc(C#N)n2)ccc1CCC(=O)O,27.43
O=Cc1ccccc1,8.16
C#CC1C2CC3C2CC2C=CC(=O)C45C6C(OC)C(O)(CCC(OC(C)=O)C34C6OC21)C5OC,73.76
Cc1nc(-c2ccc(-c3nnc(-c4ccc(C#N)cc4)n3C)c3ccccc23)ccc1C#N,27.72
Nc1ccc(-c2nc(-c3ccc(N)cc3)nc(-c3ccc(N4C(=O)c5cccc6cccc(c56)C4=O)cc3)n2)cc1,10.89
CC(=NN=C(N)N)c1ccc(NC(=O)c2ccc(-c3cc(-c4ccccc4)cc(-c4ccc(-c5nc(Cl)nc(Cl)n5)cc4)c3)cc2)cc1,21.5
Cc1cc(N)c(O)cc1N=Cc1ccc(-c2nc(-c3ccc(N=Cc4cc(C=O)c(O)c(C=O)c4O)nc3)nn2-c2ccc(C#N)cc2)cc1,19.29
CN(C)Cc1ccc(NC(=O)Nc2cccc(-c3ccc(N=c4nc(C(F)(F)F)cc[nH]4)nc3)c2)cc1,27.54
N#Cc1ccc(-c2cnc3cncc(F)c3n2)cc1,22.43
O=Cc1cc(O)c(O)c(C=O)c1,13.15
N#Cc1ccc(S(=O)(=O)Nc2ccc(Cl)cc2-c2nc3ccccc3s2)cc1,23.27
ON=C(O)C#CC(O)(c1ccccc1)c1ccccc1,21.87
N#Cc1cc(C#N)c2ccc3c4c2c1C(=CC=C4)C=C3,12.04
Nc1ccc(-c2nc(-c3ccc(N)nc3)nc(-c3ccc(N=Cc4cc(C=O)c(O)c(C=O)c4O)nc3)n2)cc1,9.71
CN(C)CCNC(=O)c1cc2c3ccccc3[nH]c2c2cc(Br)ccc12,26.0
Cc1cn2c(=O)cc(COC(=O)C=Cc3ccc(C#N)cc3)nc2s1,21.61
CCn1cc(C(=O)NCC2(CO)CCCN(Cc3ccccc3C#N)C2)cn1,34.61
COc1ccc(C#N)cc1[N+](=O)[O-],17.41
N#Cc1ccc(-c2c[nH]n(-c3ccc(-c4nc(-c5ccc(N)cc5)[nH]c(=N)n4)cc3)c2=N)cc1,21.3
Cc1cccc(C)c1-c1cc(-c2ccccc2C#N)ccc1C#N,17.81
Cn1cc(-c2ccc(C#N)cn2)ccc1=O,13.6
Nc1ccc(-c2nc(-c3ccc(N4C(=O)c5ccccc5C4=O)cc3)nc(-c3ccc(N)nc3)n2)cn1,16.27
O=Cc1cc(C=Nc2ccc(C=Cc3ccc(-c4cc(-c5ccccc5)cc(-c5ccccc5)n4)cc3)cc2)c(O)c(C=O)c1O,22.62
CN(C)CCCNC(=O)c1cc2cc(C#N)ccc2n1Cc1cccc(-c2ccc(C#N)cc2)c1,26.09
Cc1sc2c(c1C)=C(N1CCCCC1)C(C#N)=Nc1cc(F)c(F)cc1N=2,32.11
N#Cc1ccc(-c2cccn2-c2ccc(C#N)cc2)cc1,12.78
N#Cc1ccc(-c2nc(C(=O)Nc3cccnc3)ccc2C#N)cc1,14.03
Cc1ccc2nc(-n3c(O)c(O)c(C(=O)c4ccc(C#N)cc4)c3-c3ccc(C#N)cc3)sc2c1,12.19
CN1CCN(CC(=O)NN=Cc2cn(C)c3ccccc23)CC1,21.8
CCC(=O)Oc1nc(-c2cccs2)cc(-c2ccc(C#N)cc2)c1C#N,21.71
CN(C)S(=O)(=O)c1cccc(NC(=O)c2ccc(C#N)cn2)c1,23.6
CC(C)c1ccc(N=c2[nH]c(N3CCN(CCc4ccc(F)c(F)c4)CC3)nc3[nH]cnc23)cc1,28.82
CN1Cc2cc(-c3ccc(C#N)cc3)ccc2C1=O,10.59
Cc1cc(-c2ccc(C=O)cc2)n(-c2ccc(C#N)cc2)n1,11.85
O=Cc1ccc(C=Cc2ccccc2)cc1,13.15
N#Cc1c(-c2ccccc2)[nH]c(-c2ccc(N)cc2)nc1=O,10.81
Cc1ccc(C(CC(=O)O)NC(=O)c2ccc(C#N)c(-c3ccc(C#N)cc3)n2)cc1,13.97
N#Cc1ccc(C=Cc2cccc(C#N)c2)cc1,14.48
N#Cc1ccc(-n2[nH]c(=O)c3cc4c(=O)[nH]n(-c5ccc(-c6ccccc6)cc5)c(=O)c4cc3c2=O)cc1,11.86
COc1cc(C2c3cc4c(cc3C(Nc3cccc([N+](=O)[O-])c3)C3COC(=O)C23)OCO4)cc(OC)c1O,21.02
Cn1c(N)nc(N=CN2CCN(C=O)CC2)nc1=O,13.89
N#Cc1ccc(-c2cc(C#N)c3nc(-c4ccc(C=O)cc4)cc(=O)n3n2)cc1,20.93
O=Cc1ccc(-c2csc(-c3ccc(C=Nc4ccc(N=O)c(O)c4)cc3)n2)cc1,17.28
Cc1ccc2nc(-n3c(-c4ccc(F)cc4)cc4c3cc(-c3ccc(C#N)cc3)n4-c3nc4ccc(C)cc4s3)sc2c1,11.18
Nc1ccc(-c2nc(-c3ccc(N=C4C(=O)Nc5ccc(Cl)cc54)cc3)nc(-c3ccc(N)nc3)n2)cc1,19.1
CC(C)c1csc(CCc2ccc3nc(-c4ccc(C#N)cc4)cc(C#N)c3c2)n1,18.46
N#Cc1cc(C#N)c2cccc3c2c1-c1sccc1-3,14.35
Cc1cc(O)c2cc(-c3ccccc3)c(=O)cc-2o1,21.66
Cc1ccc2nc(-n3c(-c4ccc(C#N)cc4)c(C#N)c4cc(-c5ccc(C#N)cc5)ccc43)sc2c1,11.06
N#Cc1ccc(=NC(=O)c2c(O)c(C=O)c(O)c(C=O)c2O)[nH]c1,19.67
N#Cc1ccc(C#N)c2ccccc12,12.15
Cc1ccc(-n2c(=O)c3sc4ccccc4c3n(CC(=O)Nc3cccc(C)c3)c2=O)cc1,25.46
Cc1c(-c2ccc(C#N)cc2)n(-c2nc3cc(C#N)cc(C)c3o2)c2ccc(C#N)cc12,16.88
C#Cc1cccc(N=c2nc[nH]c3ccc(NC(=O)c4ccc(C#N)cc4)cc23)c1,19.54
N#Cc1ccc(-c2cc3nc(-c4ccc(F)cc4)c(-c4ccc(C#N)cc4)cn3n2)cc1,16.61
N#Cc1ccc(-c2cc(C#N)cc3c2ccn3C2OC(CO)C(O)C2O)cc1,18.32
N#Cc1ccc(-c2ccccc2F)cc1,15.31
CC(=O)NCc1ccc(-c2nc(-c3ccc(C)cc3)c[nH]c2=NC(=O)O)cc1,31.47
CC(=O)c1ccc(Oc2cc(-c3cccc(-c4ccc(C=Nc5cc(O)c(N)cc5O)cc4)n3)ccc2C=O)cc1,20.48
COc1cc(C=Nc2ccc(-c3cc(-c4ccc(-c5ccc(N)nc5)c(C#N)c4)nc(-c4ccc(N)nc4)n3)cc2)ccc1O,30.18
CC(C)c1ccc(-c2nc(N3CCCC3)c3ccc(-c4ccncc4)cc3n2)cc1,21.62
N#Cc1ccc(-c2nc(=N)[nH]c(=N)[nH]2)cc1,13.03
COc1cc(N=Cc2ccc(-c3nc(C)nc(-c4ccc(C#N)c(C#N)c4)n3)cc2)cc(C)c1-c1cnc(C)o1,29.66
Cc1cc(-n2cc(-c3ccc(N)cc3)nc(C=Nc3ncc(-c4cccc(-c5ccc(C#N)cc5)c4)n3N=Cc3cccc([N+](=O)[O-])c3)c2=O)ccc1C#N,48.46
Nc1ccc(-c2cn(-c3ccccc3)nn2)cn1,15.31
N#Cc1cc(C#N)c2ccc(N)cc2c1Cl,21.84
CCN(CC)c1cc(N=CN2CCN(C=O)CC2)nc(N)n1,11.12
Cc1ccnc(C#N)c1,14.63
COc1ccc(-c2nc(C)cc(-c3ccc(N=c4ncc5ccccc5o4)cc3)n2)cc1,32.2
Cn1c(N)c(N=Nc2ccc(-c3csc(-c4ccc(C=Nc5cc(O)c(N)cc5C#N)cc4)n3)cc2C#N)c(=O)n(C)c1=O,36.73
CC1(C)CC(NC(=O)Nc2ccc(C#N)cc2)c2cc(C#N)ccc2O1,12.97
N#Cc1cccc(Cl)c1,10.56
Cc1cc(-c2csc(-c3ccc(C#N)c(C#N)c3)n2)ccc1Cl,21.73
N#Cc1ccc(-c2ccn(-c3ccc(-c4ccc(C(N)=O)nc4)cc3)c(=O)c2)cn1,22.37
CC(C)Oc1nc(-c2ccc(-c3ccc(C#N)cc3)cc2)n(-c2ccc(C#N)cc2)n1,25.28
CN1CCN(c2ccc(-c3cnc4[nH]cc(-c5cnc(N6CCOCC6)nc5)c4c3)cn2)CC1,19.1
N#Cc1ccc(O)c(N=NC(N)=NN=Cc2ccccc2)c1,22.15
N#Cc1c(-c2ccccc2)c(=O)[nH]c2cc3c(cc2c1=O)OCO3,14.78
N#Cc1ccc(-n2c(C=Cc3ccc(-c4ccccc4)cc3)nc3ccccc3c2=O)cc1,14.94
O=Cc1ccc(-c2nc(-c3ccc(C=Nc4ccc(O)c(C(=O)O)c4)cc3)no2)cc1,18.16
Nc1ccc(-c2nc(-c3ccc(N)nc3)nc(-c3ccc(N=Cc4ccc(-c5ccccc5)cc4)nc3)n2)cn1,13.99
N#Cc1ccc(-c2csc3ccccc23)cc1,16.08
CCn1c(C2CC(=O)N(c3ccc(C)cc3)C2)nc2ccccc21,25.76
C#Cc1cccc(NC(=O)c2ccc(N=c3nc[nH]c4ccc(-c5ccc(-c6ccccn6)cc5)cc34)cc2)c1,29.28
N#Cc1ccc(-c2cnc(-c3ccc(C=O)cc3)cc2C#N)cc1,17.19
N#Cc1ccc(-c2ccc3c(-c4ccc(C#N)cc4)cc(C4CC4)nc3n2)cc1,14.67
Cc1ccc(-c2cc(-c3ccc(C)cc3)[n+](-c3ccc(-c4nc5cc(C)ccc5s4)cc3)c(-c3ccc(C)cc3)c2)cc1,15.07
C=CCc1cc(C=NO)c(N)c(-c2ccc(C#N)cc2)c1,18.88
O=Cc1c(O)c(C=O)c(O)c(C2=NS(=O)(=O)c3ccccc3N2)c1O,16.29
Cc1ccc2nc(-n3c(-c4ccc(C#N)cc4)cc4c3cc(-c3ccc(C#N)cc3)n4-c3ccc4ccn(C)c4n3)sc2c1,14.02
Cn1cncc1C(OCc1c(-c2ccc(C#N)cc2)cc(C#N)c(=O)n1C)c1ccc(C#N)cc1,13.36
COc1ccc(-c2cc(-c3ccccc3)cc(-c3ccc(-c4nc(Cl)nc(Cl)n4)cc3)c2)cc1,11.79
Cc1noc2c(C#N)c(-c3ccc(C#N)cc3)n(-c3ccc(C#N)cc3)c12,16.46
N#Cc1ccc(Cn2c(C=O)c(-c3ccc(C#N)cc3)c3ccccc3c2=O)cc1,17.84
N#Cc1cc(C#N)c2nc(-c3ccc(-c4ccccc4)c(Cl)c3)[nH]c2c1,25.77
N#Cc1ccc(-c2c(F)ccc3c2c(C#N)cn3-c2ccc(C#N)cc2)cc1,17.2
O=C(O)C1CC2CC(c3ccc(-c4ccno4)c(F)c3)CC2CN1,36.48
Cn1nc(-c2c(F)cccc2Cl)nc1-c1sc(-c2ccsc2)cc1C#N,24.33
N#Cc1ccc(C(CCn2ccc3cc(C#N)ccc32)c2ccc(C#N)cc2)cc1,23.39
O=Cc1ccc(-c2nc(-c3ccncc3)no2)cc1,13.15
N#Cc1cc(C#N)c2cccc3c2c1NS3(=O)=O,14.35
C=C(C#N)n1cnc2cc(Cl)ccc2c1=O,26.51
Cc1nn(-c2ccccc2)c2nc(-c3ccccc3)oc(=O)c12,21.08
Nc1ccc(-c2cc(-c3ccccc3)c3ccc(-c4cccc(O)c4)cc3n2)cc1,25.16
CC(C)(C)N=c1[nH]c(Cl)c(-c2ccc(C#N)cc2)n(CC(=O)NCc2ccc(C#N)cc2)c1=O,21.48
CN(C)C=Nc1ccc(-c2[nH]c(=S)n(C)c(=O)c2C#N)cc1,24.35
N#Cc1ccc(-c2ccc(-c3ccc(C#N)cn3)cn2)cc1,9.93
N#Cc1ccc(-c2nn(CC3CCCN4CCCCC34)c(=O)c3ccccc23)cc1,22.46
Cc1ccc(-c2nc3ccccc3c(=O)n2N=Cc2ccc(C=O)cc2)cc1,17.99
c1cncc(-c2cc(=NCc3ccc(-c4ccccc4-c4nn[nH]n4)cc3)nc(-c3cccnc3)[nH]2)c1,24.38
CNCCNCc1cccc(-c2ccc(-c3nc4cc(C#N)ccc4[nH]3)cc2)c1,18.0
N#Cc1ccc(-c2cccc(N=c3ccc(C#N)c(C#N)[nH]3)n2)cc1,20.07
O=Cc1cc(Cl)cc(C(=O)O)c1,15.87
N#Cc1ccc(-c2ccc(-c3ccc(-c4ccc(-c5cc(C(=O)Nc6ccc(Nc7cc(=O)[nH]c(=O)[nH]7)cc6)ccn5)cc4)cn3)cc2)cc1,34.72
O=Cc1ccc(-c2ccccc2C=O)cc1,13.36
N#Cc1ccc(CC(C#N)NC(=O)c2ccccn2)cc1,23.85
N#Cc1ccc(-c2nc(=O)c3ccc(C#N)cc3[nH]2)cc1,15.57
O=Cc1ccc(-c2[nH]c3ccccc3c2C=O)cc1,12.26
COc1ccccc1CNCCCCCCN=c1nc[nH]c2cc(Oc3ccc(C#N)cc3)ccc12,29.16
COc1cnc(N(C)C)nc1-c1nc2c(n1C(C)C)C(c1ccc(C#N)cc1)N(c1cc(Cl)ccc1C)C2=O,24.95
N#Cc1ccccc1-c1ccc(C(=O)N2CCC(O)(CO)CC2)cc1,24.1
CC(C)=CCCC(C)=CCOc1ccc(C=O)cc1,15.92
N#Cc1ccc(N=c2c3ccc(Cl)cc3[nH]c3ccc(C#N)cc23)cc1,20.59
CC(C)(C)NC(=O)c1c2ccccc2nc2ccccc12,21.47
N#Cc1ccc(-c2cc(Cc3cccc4ccccc34)nn2-c2ccc(C#N)cc2)cc1,19.71
N#Cc1cc(C#N)c(=N)[nH]c1N=CN1CCN(C=O)CC1,13.41
Cc1ncc(-c2nc(=Nc3ccc(C#N)cc3)[nH]cc2C#N)n1C,16.71
Nc1ccc(-c2nc(-c3ccc(N)cc3)nc(-c3ccc(N4C(=O)c5cccc6c5c(cc5ccccc56)C4=O)cc3)n2)cc1,11.82
N#Cc1ccc(-c2cc(F)cc(C#N)c2)cc1,11.82
N#CCc1ccc(-c2cc(-c3ccncc3)[nH]c(=N)n2)cc1,22.11
Cn1c(=O)c(-c2ccc(C#N)cc2)cc2cnc(Cc3ccccc3)cc21,21.36
Cn1cc(-c2ccc(C#N)cc2)nc1-c1ccc(CCC(=O)O)cn1,24.37
COC(=O)N=c1[nH]cccc1C(=O)Nc1ccc(-c2ccc(-c3nc(CC(=O)O)co3)cc2)cc1,28.59
CN(C)c1ncc(-c2nc(-c3ccc(C#N)cc3)c3n2CC(CF)OCC3)cn1,18.69
Cc1nc(=NCc2cccc(C#N)c2)nc(-c2c(-c3ccc(F)cc3)ncn2CC2CCC2)[nH]1,29.32
Nc1ccc(-c2nc(-c3cccnc3)nc(-c3ccc(N=Cc4cc(C=O)cc(C=O)c4O)nc3)n2)cn1,13.67
COc1ccc(-n2c(=O)[nH]c3ccsc3c2=N)cc1,22.69
Clc1nc(Cl)nc(-c2ccc(-c3cc(-c4ccccc4)cc(-c4ccccn4)c3)cc2)n1,13.47
N#Cc1ccc(-c2c(C#N)cc(-c3ccc(F)cc3F)n2CC(N)=O)c(F)c1,26.65
N#CCc1ccc(C#N)cc1,11.29
C=Cc1ccc(-c2ccc3[nH]c(-c4cccnc4)nc3c2)cc1,23.0
COC1Oc2ccccc2-c2ccc3oc(=S)ccc3c21,36.86
N#Cc1ccc(-c2cc(-c3ccc(C#N)cc3)c3cc(C#N)cc(Cl)c3n2)cc1,16.37
Cc1ccc(-c2nn(-c3ccccc3)cc2C=Nn2cnnc2)cc1,15.59
COc1ccc(-c2cc(-c3ccc(C)cc3)cc(O)c2C=O)cc1OC,21.6
Nc1ccc(-c2nnc(-c3ccc(NC(=O)c4cc5ccc(Cl)cc5[nH]4)cc3)nc2-c2ccccc2)cc1,28.15
Cc1ccc2c(N=CN3CCN(C=O)CC3)nnc(N3CCOCC3)c2c1,20.9
Cc1ccc2c(CN=c3ccc(C#N)c[nH]3)cc(=O)oc2c1,18.33
Nc1ccc(-c2ccn(-c3ccc(-c4nc(-c5ccc(N)cc5)nc(-c5ccc(C=O)cc5)n4)cc3)c2)cc1,16.8
CN=C(N)NNCc1ccc(N=Cc2ccc(-c3cc(-c4ccc(C=O)cc4)nc(-c4ccc(C=O)cc4)n3)cc2)cc1O,26.35
N#Cc1ccc(Oc2ccc(C#N)c(Cl)c2)cc1,14.55
N#Cc1ccc(Oc2ccc(-c3ccccc3)cc2C#N)cc1,14.4
CC(C)CC#Cc1cc(C#N)cc(C#N)c1,18.7
N#Cc1ccc(-c2ccc3nc(-c4ccccc4)cc(C(=O)O)c3c2)cc1,16.36
N#Cc1ccc(-c2cc(-n3[nH]cc(-c4ccc(C#N)cc4)c3=N)nc(-c3ccc(C#N)cc3)n2)cc1,23.2
CNc1ccc(-c2nc(-c3ccc(N)cc3)nc(-c3ccc(-n4cc(O)n(-c5nc(C)cc(C)n5)c4=O)cc3)n2)cc1,30.84
Nc1cc(=O)[nH]c(Sc2ccc(Br)cc2)n1,20.31
Cc1ccc2c(C#N)c3c(c(C#N)c2c1)CCCC3,14.12
Cc1nccn1Cc1cnc(-c2ccc(C#N)cc2)nc1-c1ccc(C#N)cc1,20.69
COc1cccc(NC(=S)NN=c2cc(C)c3ccc(C)cc3[nH]2)c1,33.35
COc1cc(OC)c(C=CS(=O)(=O)Cc2ccccc2F)c(OC)c1,20.61
Cc1ccc(C2=C(c3ccc(C#N)cc3)C(=O)N(CC(=O)c3ccc(C#N)cc3)C2=O)cc1,17.08
CNC(=O)c1ccc(-c2cc(-c3ccccc3)cc(-c3ccc(-c4nc(Cl)nc(Cl)n4)cc3)c2)cc1,17.65
N#Cc1cccc(N=Cc2c(O)c(C=O)c(O)c(C=O)c2O)c1,9.54
CC(C)c1ccc(-n2nc(-c3ccc(C#N)cc3)c3nnc(-c4ccc(C#N)cc4)cc32)cc1,18.12
CSc1nc(C)cc(C)c1C#N,14.63
CCc1ccc(-c2ccc3oc(-c4ccc5[nH]c(-c6ccc(-c7cc(-c8ccc(C)cc8)nc(-c8ccc(N)nc8)n7)cc6)nc5c4)nc3c2)cc1,27.43
N#Cc1ccc(-c2cn3cccc(C#N)c3n2)cc1,17.46
N#Cc1ccc(Cn2c(N)c(C#N)c3c(=N)[nH]cnc32)cc1,17.58
CCCCc1ccc(-c2nnc(-c3ccc(C#N)cc3)n2-c2ccc(CN)cc2)cc1,23.16
CN(C)c1ccc(C=Nc2ccc(C=Cc3ccnc4ccccc34)cc2)cc1,19.97
NC1=NCC(Cc2ccccc2)N1,18.91
Cc1ccc(-c2cc(-c3cnc(N=Cc4coc5ccc(C)cc5c4=O)s3)nc(-c3ccc(O)cc3)n2)cc1,26.36
Cc1noc(-c2ccc3ccc4c(cc(-c5ccccc5)n4-c4ccc(C#N)cc4)c3c2)n1,26.4
COc1ccc2[nH]ccc(=NC(=O)C=Cc3ccc(N=[N+]=[N-])cc3)c2c1,33.31
Nc1cnc2ccccc2c1Cl,21.31
N#Cc1ccc(NCCCNc2cc(=O)c3ccccc3[nH]2)c([N+](=O)[O-])c1,25.01
Cn1c(-c2ccc(C#N)cc2)nc(-c2ccc(C#N)cc2)c(C#N)c1=O,11.97
Cc1cc(C=C(C#N)C#N)c(C)n1-c1ccccc1,20.61
Cc1cc(-c2nc(-c3ccc(C#N)cc3)c(-c3ccc(C#N)cc3)n2C)cc(F)c1CC(=O)O,28.87
Cc1ccc2c(SCC(=O)c3c(N)n(C)c(=O)n(C)c3=O)nc(-c3ccc(C#N)cc3)nc2c1,23.05
Cc1ncc(C#N)nc1-c1cc(-c2ccccc2)cc(-c2ccc(C=O)cc2)c1,25.3
CCc1nc(=O)c2c(-c3ccc(C#N)cc3)c(C#N)sc2[nH]1,17.41
N#Cc1ccc(-c2c[n+](-c3nc(Cl)nc(Cl)n3)ccc2-c2ccccc2)cc1,11.76
CCNC(=O)c1cc2c(-c3ccc(N)nc3)cn(C)c(=O)c2[nH]1,23.24
N#Cc1ccc(-c2nccc(-c3ccc(F)cc3F)n2)nc1,17.98
CC(C)Cc1ccc(C(C)C(=O)NNC(=O)NNC(=O)c2cc3ccccc3cc2O)cc1,31.03
COc1ccc(N2C(=O)c3c4n(c5ccccc35)CC(C)(CO)C3CC5(C)CC(C)(C)N(C(=O)O5)C43C2=O)cc1,49.81
C=CCn1c(O)cc(=O)n(Cc2ccccc2F)c1=O,18.67
O=C(N=CCc1ccc(O)cc1)C(Cc1ccccc1)=NC(=O)C(=NC(=O)c1ccccc1)C(c1ccccc1)c1ccccc1,37.29
Cc1csc(-c2ccc(C#N)cn2)n1,15.23
N#Cc1ccc(C2=Nc3ccccc3-n3c(=O)c(C#N)cc4c2cccc43)cc1,21.39
CN(c1ccccc1)c1cc[nH]c(=Nc2ccc(-c3nc(-c4ccc(N)cc4)nc(=N)[nH]3)cc2)n1,22.12
N#Cc1ccc(N)c(N=Cc2ccc(-c3nc(-c4ccc(C=Nc5ccc(N)c(O)c5)cc4)c[nH]3)cc2)c1,28.29
N#Cc1ccc2ccc(C(=O)Cc3c(Cl)cncc3Cl)n2c1,24.74
N#Cc1ccc(C(=O)c2ccc(-c3cc(C(N)=O)ccc3C#N)cc2)nc1,27.88
Cc1ccc(-c2cc3c(cc(-c4ccc(C#N)cc4)n3-c3ccc(C#N)cc3)n2-c2ccc(C#N)cc2)cc1,11.34
N#Cc1ccc(-c2ccc(C=CC(O)=NO)o2)cc1F,20.58
Cc1ccc2oc(-c3ccc(C)c(NC(=O)c4ccc(F)cc4)c3)nc2c1,20.69
N#Cc1ccc(-c2ccc(-c3ccc(C#N)cc3)nc2)cc1,14.45
CC(=O)c1c(C)[nH]c(C(=O)CCl)c1C,24.04
N#Cc1ccc(-c2c(-c3ccc(C#N)cc3)n(CCO)c3ccc(-c4ccc5c(c4)COC5)cc23)cc1,21.5
Cc1ccc(-c2cc(C#N)ccc2-c2ccc(OCc3ccc(C)nn3)cc2)cc1,21.58
N#Cc1ccc(-c2nc(-c3ccc(C#N)cc3)nc(-c3ccc(N)nc3)n2)cc1,9.72
Cc1ccc(CNC(=O)Cc2ccc(-c3ccc(C#N)cc3)cc2)cc1,18.95
Cc1ccc(-c2nnc3c(C#N)c(C)cc(C)n23)cc1,22.66
N#Cc1ccc(-c2ccn(-c3ccc(N=Cc4cc(C=O)c(O)c(C=O)c4O)cc3)n2)cc1,16.79
Cc1ccc(C(=O)N=c2cc(C(N)=O)[nH]n2-c2ccccc2)cc1-c1ccc(C#N)cn1,14.21
COc1ccc2c(c1)oc(=O)c1ccc(C)cc12,19.46
Nc1cc(O)c(N=Cc2ccc(-c3nc(-c4ccccc4)nc(-c4ccc(C=O)cc4)n3)cc2)cc1O,9.78
C=c1[nH]n(-c2ccc(C(=O)O)cc2)c(=O)c1=Cc1ccc(-c2ccccc2)o1,15.28
CCCNCc1ccc(-c2nc(-c3ccc(C#N)c(Cl)c3)nc(N3CCOCC3)n2)nc1,20.62
CSc1nc(=NN=Cc2ccc(-c3nc(-c4ccc(N)cc4)nc(-c4ccc(N)cc4)n3)cc2)c2ccccc2[nH]1,24.63
CN1CC2(CNC(=O)n3c(c(-c4ccc(C#N)cc4)c4cccnc43)C2)C1,29.91
N#Cc1ccc(-n2cc(C#N)nc2-c2ccc(-c3ccccc3)cc2)cc1,16.04
Cc1n[nH]c(=NC(=O)CSc2nnc(-c3ccccc3)c(-c3ccccc3)n2)s1,24.77
Cc1cccc(N=c2[nH]c(-c3ccc(C=O)cc3)cs2)c1,16.68
N#Cc1ccc(-c2ccc(CN)nc2)nc1,18.05
N#Cc1ccc(-c2nc3cc(-c4ccc(N)cc4)ccc3n2-c2ccc(C#N)cc2)cc1,16.62
CN1CCc2cc(-c3ccc(C#N)cc3)ccc2C1=O,11.67
CS(=O)(=O)Nc1ccc(N=c2cc[nH]c3cc(Cl)ccc23)c(NCCCO)c1,31.4
N#Cc1cccc(-c2cc(C=O)cc(C(N)C#N)c2)c1,26.4
N#Cc1cc(Cl)cc(-c2ccc(C(=O)NCCC(=O)O)nc2)c1,21.86
N#Cc1ccc2cc(-c3cccc4cc(-c5ccc(C#N)nc5)cnc34)[nH]c2c1,29.29
C#CCOCC(N)Cc1ccc(C#N)cc1,21.8
Nc1cc(O)c(N=Cc2ccc(-c3nc(-c4ccc(C=O)cc4)nc(-c4ccc(C(=O)O)cc4)n3)cc2)cc1O,11.47
Cc1oc(-c2ccc(C#N)cc2)nc1COc1ccc(-c2nc3ccccc3[nH]2)cc1,22.73
COc1ccc(OC)c2c(O)c(C(=O)C=Cc3ccc(O)c(Cl)c3)cc(O)c12,25.82
N#Cc1ccc(-c2cc(C#N)cc(-c3cnc(N4CCOCC4)nc3)c2)nc1,15.95
CC(=O)c1ccc(-c2cc(C(=O)Nc3cccc(C(=O)O)c3)n(-c3ccc(C#N)cc3)n2)cn1,36.28
CC(=O)NC(C)c1ccc(CN2CCc3ccc(C#N)cc3C2)cc1,18.28
N#Cc1ccc(S(=O)(=O)n2cc(-c3nc(-c4ccc(N)nc4)nc(-c4cccc(C#N)n4)n3)c3ccc(N)cc32)cc1,28.46
Cc1ccc(-c2cc(NC(=O)CCl)cc(-c3ccc4ccc(NC(=O)NC5CC5)cc4n3)c2)cc1,46.4
Cn1c(-c2ccc(C#N)cc2)nnc1-c1cn(C)c2ccccc12,18.45
CCc1ccc(C2CC(c3ccc(C)cc3)=NN2C(=O)CN2CCN(C)CC2)cc1,23.17
N#CCOc1ccc2oc(-c3ccc(C=O)cc3)cc(=O)c2c1,23.06
Cc1cc(Sc2nnccc2-c2cccnc2)nc(C(=O)O)c1,28.68
COc1cccc(-c2cc(C#N)c(=O)n(C)c2-c2ccccc2O)c1,23.34
CN1CCN(c2cc3c(cc2F)c(=O)c(-c2ccc(C#N)cc2)cn3-c2ccc(C#N)cc2)CC1,19.46
CCOC(=O)N1CCN(C(=O)c2cc(F)cc(N=C=S)c2)CC1,28.32
N#Cc1ccc(C=Cc2cc(=Nc3ccc(C#N)cc3)nc[nH]2)cc1,20.83
N#Cc1ccc(-c2ccc(-c3nc(=O)c4ccccc4[nH]3)cn2)nc1,16.98
N#Cc1ccc2nc(-c3ccc(C=O)cc3)oc2c1,11.47
N#Cc1ccc2nc(-c3ccc(C=Nc4nc(=N)[nH]c(=N)[nH]4)cc3)oc2c1,21.42
N#Cc1ccc(Cn2nc(-c3ccncc3)ccc2=O)cc1,18.7
Clc1ccc(-[n+]2ccc(-c3ccncc3)cc2)nc1Cl,13.75
N#Cc1ccc(-c2ccc(CC(=O)N=c3[nH]nc(-c4ccc(C(=O)O)cc4)s3)cc2)cc1,22.66
Cc1ccc2c(=O)n(-c3ccc(-c4nc(-c5ccc(N)cc5)nc(-c5ccc(N)cc5)n4)cc3)c(C)nc2n1,19.6
N#Cc1c2c(c(C#N)c3c1CCCC3)CCCC2,9.32
N#Cc1ccc(-c2cc(N3CCOCC3)nc3cnc(-c4ccc(C(N)=O)cc4)cc23)cc1,26.01
Clc1nc(Cl)nc(-[n+]2ccc(-c3ccsc3)cc2)n1,14.27
N#Cc1ccc(COc2ccccc2C=NNC(=O)COc2ccccc2)cc1,23.67
N#Cc1cc(-c2n[nH]c3ccc(-c4cnc(F)c(C#N)c4)cc23)ccn1,22.2
Cc1ccccc1CSc1nc(=O)n2cccc(C)c2n1,22.42
CCCCc1nc(Cl)c(N(C)C)c(=O)n1Cc1ccc(-c2ccccc2-c2ncnn2C)cc1,20.32
CN1CCN(c2ccc(-n3ccc(=O)c(O)c3C=O)cn2)CC1,28.17
CC(=O)c1ccc(-n2c(-c3ccc(C#N)cc3)cc3c2cc(-c2ccc(C#N)cc2)n3-c2ccc(C(C)C)cc2)cc1,9.83
Nc1ccc(-c2nc(-c3ccc(N)cc3)nc(-c3ccc(-n4ccccc4=O)cc3)n2)cc1,13.25
CC1=CC(=Cc2c(N)n3c(nc2=O)N(c2ccc(C)cc2)C2=C(C#N)C(C)CN23)C(=O)N1c1ccc(C#N)cc1,30.24
N#Cc1ccc(-c2ccc3nc(-c4ccc(C#N)cc4)c(-c4ccc(C#N)cc4)nc3c2)cc1,15.15
O=C(O)c1cc2c([nH]c3ccccc32)c(-c2ccsc2)n1,27.3
Cc1ccc(-c2cc(-c3ccc(C#N)cc3)cc(-c3ccc(NC(=O)CC#N)cc3)c2)cc1,20.98
N#Cc1cc(C#N)c2cccc3c2c1C(=O)N(CCN)C3=O,15.32
N#Cc1ccc(-c2ccc(-c3ccccc3)c(C#N)c2)cc1,12.37
N#Cc1ccc(-c2cnc3[nH]cc(-c4cccc(C#N)c4)c3c2)cc1,16.0
N#Cc1ccc2ccc(CN(C=O)c3nc4ccc(C#N)cc4s3)cc2c1,31.33
N#Cc1ccc(N=Cc2ccc(C(C=Cc3ccc(C=O)cc3)=NO)cc2)cc1,18.69
CN1CCN(Cc2ccc(-c3nnc(-c4ccc(C=O)cc4)n3C)c(F)c2)CC1,19.71
COc1cccc(COc2cc(C=NNC(=O)c3cc(O)c(O)c(O)c3)ccc2OC)c1,26.1
CN(CCC#N)C(=O)Cc1ccc(C#N)cc1,20.04
N#Cc1ccc(-c2n[nH]c(-c3ccc(C=Nc4cc(O)c(N)cc4O)cc3)n2)cc1,14.19
C=Cc1ccc(-c2nc(-c3ccc(C=Nc4cc(O)c(N)cc4O)cc3)nc(-c3ccccn3)n2)cc1,15.68
N#Cc1ccc(-c2nc(-c3ccc(N)cc3)nc(-c3cc4cc(C#N)ccc4s3)n2)cc1,21.62
N#Cc1cccc(C(=O)N(Cc2ccccc2)CC2CC2)c1,21.02
N#Cc1ccc(-c2cnc3ccc(C#N)cc3c2C#N)cc1,13.53
N=c1[nH]c(=N)c2nc(-c3ccoc3)cnc2[nH]1,21.96
Cc1ccc2nc(-c3ccc(-c4ccc(CNCc5cccnc5)cc4)cc3)[nH]c2c1,18.36
C#Cc1cc(-c2ccc(C#N)cc2)c(-c2ccc(C#N)cn2)cn1,21.59
Cc1ccc(N=Cc2ccc(-c3nc(-c4ccccc4)nc(-c4ccc(C=Nc5cc(O)c(N)cc5O)cc4)n3)cc2)cc1,13.03
COc1cccc(CNC(=O)CN2C(=O)NC(C)(c3ccc4c(c3)OCO4)C2=O)c1,30.27
N#Cc1ccc(-c2ccc3[nH]c(=N)sc3c2)cc1,11.18
Cc1cccc(N2CCN(C(=O)c3cccnc3-n3ccnc3)CC2)c1C,25.47
Cc1nc(=N)nc(-c2cc(C(=O)N3CCS(=O)(=O)CC3)c[nH]c2=Nc2cccnc2)[nH]1,25.16
CN(C)c1ncc(-c2cc(N3CC4CCC(C3)O4)nc3cc(-c4cccc(C#N)c4)nn23)cn1,29.4
NCc1cccc(-c2nc(-c3ccc(C=O)cc3)nc(-c3ccc(C=Nc4cc(O)c(N)cc4O)cc3)n2)c1,14.58
N#Cc1ccc(-c2nc(-c3ccc(C=O)cc3)n3ccc(-c4cc[nH]c(=N)n4)cc23)cc1,18.38
N#Cc1ccc(C(=O)N=c2[nH]c(-c3ccc(C#N)cc3)cs2)cc1,14.57
Cc1ccc(-c2[nH]c(SCc3nnc(-c4ccc(C#N)cc4)o3)nc(=O)c2C#N)cc1,20.14
N#CC(C#N)=C(N)N=CCc1ccccc1,19.33
C=c1nc(-c2nc(C)c(C=O)n2-c2ccc(C#N)cc2)[nH]c1=C(C#N)C#N,20.56
N#Cc1cccc(-c2ccc(-c3ccc(C=Nc4cc(O)c(N)cc4O)cc3)s2)c1,18.81
Cn1c(=O)sn(-c2ccc(C#N)c(C#N)c2)c1=O,22.52
COc1cc[nH]c(=Nc2ccc(C#N)cc2)n1,13.05
N#Cc1ccc(-n2cnc3cc(-c4ccccc4)ccc3c2=O)cc1,16.69
N#Cc1ccc(-c2cc(N3CCOCC3)nc(N3C4CCCC3CCC4)n2)cc1,28.02
NC(=O)c1ccc2[nH]c(-c3ccc(N=Cc4c(O)c(C=O)c(O)c(C=O)c4O)cc3)nc2c1,11.98
N#Cc1ccc(-n2cnc(-c3ccccn3)n2)cc1,15.2
C=Nc1nc(-c2ccc(-n3nc(-c4ccc(C#N)cc4)c4c(=N)nc[nH]c43)cc2)c2sc(-c3ccc(C(=N)N)cc3)cc2n1,38.02
N#Cc1ccc(-c2ccc3c(c2)CCO3)cc1,14.61
N#Cc1ccc(-c2cc3n(c2-c2ccc(C(F)(F)F)cc2)C(CCN)CNC3=O)cc1,13.92
CCC=Cc1c(C)c(C#N)c2ccc(OC)cc2c1C,20.73
Nc1ccc2c(c1)ncn2Cc1ccc(-c2ccccc2)cc1,20.91
N#Cc1ccc(Cn2cncc2-c2cc(C#N)c3ccccc3c2)cc1,16.62
N=C(N)c1ccc(CNC(=O)c2nc(=O)c(O)c[nH]2)cc1,24.58
N#Cc1ccc(-c2nn(-c3ccccn3)c3c2C2CCC3C2)cc1,17.08
CC(=N)C(C#N)C(=O)Nc1cccc(C#N)c1,22.64
Cc1ccc(-n2[nH]c(=O)c3cc4c(=O)[nH]n(-c5ccc(C#N)cc5)c(=O)c4cc3c2=O)cc1C#N,14.03
N#Cc1cccc(NC(=O)c2ccc(-c3ccc(C=O)cc3)c(Cl)c2)c1,22.93
Cc1cc(O)cc(O)c1C=Nc1sc2c(c1C#N)CCN(Cc1ccc(S(N)(=O)=O)cc1)C2,25.28
N#Cc1ccc(N=c2[nH]c(-c3ccc(C=O)cc3)cs2)cc1,15.26
Cc1ccc(-c2nn(C(C)C)c(=O)c3nn(-c4ccc(C#N)cc4)c(C)c23)cc1,20.57
N#Cc1ccc(-c2ccc(OCCN3CCOCC3)cc2)cc1,16.76
CCCNCc1ccc(-c2nc(-c3ccc(NC(=O)Cc4ccc(Cl)c(Cl)c4)c(C)c3)no2)cc1,34.72
Cc1ccc(C#N)c(-c2cc(-c3ccccc3O)[nH]c(=N)c2C#N)c1,24.14
N#CCC(=O)c1ccc(C#N)cc1,14.9
CC(C)=CC=CC(C)=CC=CC=C(C)C=CC=C(C)C=CC1C(C)=CC(O)CC1(C)C,24.16
O=C(C=Cc1ccc([N+](=O)[O-])cc1)c1ccccc1,17.86
COc1ccc2c(C(=O)c3cc(OC)c(OC)c(OC)c3)c(-c3cc(OC)c(OC)c(OC)c3)[nH]c2c1,16.06
Nc1ccc(-c2noc(-c3ccc(N=CN4CCN(C=O)CC4)cc3)n2)cn1,14.7
Cc1cccc2[nH]c(-c3ccc(N=Cc4ccc(-c5nc(-c6ccc(C=O)cc6)nc(-c6ccc(C=Nc7cc(O)c(N)cc7O)cc6)n5)cc4)cc3)nc12,15.47
Cc1cn(C2COC(CO)O2)c(=O)[nH]c1=O,13.08
Cc1cc(N=c2cc(C)[nH]c(C)c2)nc(-n2ncc3ccccc32)n1,20.81
Cc1ccc(Sc2ccn(C(=O)c3ccccc3)c(=O)n2)cc1,31.17
N#Cc1ccc(-c2nc3ccccc3c(=O)n2-c2ccc(C#N)cc2)cc1,10.72
Nc1cc(O)c(N=Cc2ccc(-c3nc(-c4ccc(O)cc4)nc(-c4ccc(C=O)cc4)n3)cc2)cc1O,11.67
C#CCN1CCc2c(c(C#N)c3ccccc3c2C#N)C1,15.78
Nc1ccc(-c2nc(-c3ccc(N)cc3)nc(-c3ccc(-n4ccnc4-c4ccccc4)cc3)n2)cc1,14.69
N=C(N)NN=Cc1ccc(O)cc1,15.02
Cc1ccc2nc(-n3c(-c4ccc(C#N)cc4)cc4c3cc(-c3ccc(C#N)cc3)n4-c3nc4c(C)cc(C)cc4s3)sc2c1,11.42
N#Cc1ccc(-c2nc(-c3ccc(C#N)cc3)nc(N3CCN(S(=O)(=O)Cc4ccc(F)cc4F)CC3)n2)cc1,26.17
c1ccc(-c2nnc(-c3nnc(-c4ccccc4)o3)o2)cc1,21.61
N#Cc1ccc2[nH]cc(-c3nc4ccccc4[nH]3)c2c1,16.71
Cc1ccc(-n2c(=NN=Cc3cccc4ccccc34)[nH]c3ccccc32)cc1,20.77
CC(=O)OC1=CC(=O)OC(c2ccc3ccccc3c2)C1,27.63
O=Cc1cc(C=C2C=Nc3ccccc32)c(O)c(C(=O)c2ccccc2)c1,26.68
N#Cc1ccc(-c2nc(-c3ccc(C#N)cc3)n(N=Cc3c(O)cc(O)cc3O)c(=O)c2C#N)cc1,18.67
N#Cc1ccc(-c2cc3c(-c4ccncc4)cnc(N)c3n2C(N)=O)cc1,27.7
N#CCCNc1ccc(N=Cc2ccc(Cc3ccccc3)cc2)cc1O,20.59
CNN=Cc1ccc(N=Nc2ccc(C#N)cc2)c2ccc(-c3ccc(C=O)cc3)cc12,30.39
Cc1cc(C)nc(-n2[nH]c(C)c(C#N)c2=NCc2ccc(Cl)c(F)c2)n1,31.66
CC(=CC(=O)NCCc1ccc(O)cc1)c1cc(C)cc(C)c1,28.6
N#Cc1ccc(-c2ccc(-c3cn4ccc(-c5ccc(C(N)=O)cc5)cc4n3)cc2)cc1,19.48
Cc1cc(-c2cc(C#N)cc(C#N)c2)nc(-c2ccc(N)nc2)n1,16.88
COc1cc(-n2c(=O)c3cc4c(=O)n(-c5ccc(C#N)cc5)c(=O)c4cc3c2=O)ccc1C#N,12.8
N#Cc1ccc(-c2nc(-c3ccc(N=Cc4cc(C=O)c(O)c(C=O)c4O)nc3)nc(-c3ccccn3)n2)cc1,17.24
COc1cc(N)cc(N=Cc2ccc(-c3nc(-c4ccc(C=O)cc4)nc(-c4ccc(C=O)cc4)n3)cc2)c1,14.08
N#Cc1ccc(-c2cc(C#N)nc3cc(-c4cccc(Cn5cnc6ccc(N)cc6c5=O)c4)ccc23)nc1,29.12
N#Cc1ccc(N=c2cc(Nc3ccc(-c4ccccc4)cc3)nc3c(=Cc4[nH]c(=O)[nH]c4O)cnn23)cc1,21.99
Cc1ccc2c(C=Nc3ccc(-c4nc(-c5ccc(N)nc5)nc(-c5ccc(N)nc5)n4)cn3)cc(C=O)cc2c1,16.04
Cc1ccc(-c2nc(-c3ccc(C=O)cc3)nc(-c3ccc(C=Nc4cc(O)c(N)cc4O)cc3)n2)c(C)c1,14.0
N#Cc1ccc(N2NC(=O)c3cc4c(c-4cn(-c4ccccc4)[nH]c3=O)C2=O)cc1,15.26
N#Cc1ccc(C(=O)c2ccc(C#N)cc2F)cc1,14.81
N#Cc1ccc(-n2c(=O)c3cc4c(=O)n(-c5ccc(Br)cc5)c(=O)c4cc3c2=O)cc1,11.82
O=C(CCc1nnc(-c2ccc(-c3ccccc3)cc2)o1)NCc1cccc2c1oc1ccccc12,31.78
Cc1ccc(C(=O)c2ccc(C#N)cc2)cc1,16.01
CC(=O)N1N=C2C(=Cc3ccc(C)cc3)CS(=O)(=O)CC2C1c1ccccc1,25.28
Cc1ccc(-c2cc(CN3CCN(C=O)CC3)c(C)n2-c2ccc(Br)cc2)cc1,20.68
O=c1cc(-c2ccccc2)[nH]c2cc3c(cc12)OCO3,15.82
N#Cc1ccc(C(=O)Nc2cccn3cc(-c4ccc(C#N)cc4)nc23)cc1,20.4
Cc1cc(-c2ccc(N3CCC(C)(C(=O)O)CC3)nc2)[nH]c(=Nc2ccc(C#N)cn2)c1,22.76
Cc1ccc(C=CS(=O)(=O)Cc2cc(C#N)c(N)s2)cc1,28.07
CSc1nc(-c2ccc(C#N)cc2)cc(=O)n1C,16.58
Cc1ccc(S(=O)(=O)N(C)CC(=O)NC(=O)NC(C)(C)C)cc1,25.62
N#Cc1ccc(-c2ccc3c(c2)c(-c2ccc(C#N)cc2)cn3-c2ccccn2)cc1,20.24
CC(=O)N(CCCc1ccc(Cl)cc1)C(=O)CCc1ccc(C#N)cc1,33.6
N#Cc1ccc(NC(=O)c2ccc(CN3C(=O)c4ccc(NC(=O)CCCC(=O)O)cc4C3=O)cc2)cc1,35.78
NC(N)=NN=Cc1ccc(-c2csc(-c3cc[n+](-c4nc(Cl)nc(Cl)n4)cc3)n2)cc1,23.93
N#Cc1cc(-c2ccccc2)cnc1N,10.89
Cc1ccccc1-n1c(=O)c2cc3c(=O)n(-c4ccc(C#N)cc4)c(=O)c3cc2c1=O,11.82
N=c1[nH]cc(-c2cccnc2)c2scc(-c3ccc(C(F)(F)F)cc3)c12,17.78
N#Cc1ccc(-c2cc(-c3ccc(C#N)nc3)ccn2)nc1,11.81
COC(=O)Cc1c(C)c2cc3c(-c4ccccc4)c(-c4ccccc4)oc3cc2oc1=O,22.24
O=Cc1ccc(-c2cc(-c3ccccc3)cc(-c3ccc(C=O)cc3)n2)cc1,10.26
N#Cc1ccc2c(c1)CCc1ccc(C#N)cc1C2C1CCN(C(=O)Cc2cc[n+]([O-])cc2)CC1,18.35
Cc1cc(C)c2c(=O)n(-c3ccc(C#N)cc3)cnc2c1,11.77
O=Cc1ccc(-c2nc(-c3ccccc3F)no2)cc1,16.53
N#Cc1ccc2c(C#N)cccc2c1,19.94
N#Cc1ccc(-c2cc(C(=O)O)nc(-c3ccc(C#N)cc3)n2)cc1,14.42
CC(=NN=c1cc(C)[nH]c(-c2ccc(C#N)cc2)n1)c1ccc(O)cc1O,26.5
CN(C)C=Nc1ccc(N)c(C#N)n1,14.74
Nc1cc(O)c(N=Cc2ccc(-c3cc(C(=O)O)[nH]n3)cc2)cc1O,20.3
Cc1ccc2nc(-n3c(-c4ccc(C#N)cc4)cc4c3cc(-c3ccc(C#N)cc3)n4-c3nc4cc(C#N)cc(C#N)c4o3)sc2c1,13.56
Cc1cccc(=NC(=O)c2ccccc2[N+](=O)[O-])[nH]1,22.55
N#Cc1ccc(-c2ccc3c(=O)n(-c4ccc(C#N)cc4)[nH]c(=O)c3c2)cc1,14.16
O=Cc1c(O)c(C=Nc2ccccc2)c2cc3ccccc3c(O)c2c1O,23.15
COC(=O)c1c(-c2ccc(C#N)cc2)n(-c2ccc(C#N)cc2)c(=O)n1C,23.12
Cc1ccc(-c2cnc(N3CC4CC4(C(=O)O)C3)nc2C#Cc2ccc(C#N)cc2)cn1,29.06
O=Cc1ccc(-c2nc(-c3ccccc3)cc(-c3cccnc3)n2)cc1,15.87
CN=c1cc[nH]c2cc(-c3ccc(C=NO)cc3)sc12,26.02
COc1cc(C2c3cc(OC)c(O)cc3CC(=O)C2NNCc2ccc(F)cc2)ccc1O,37.66
Cc1cccc2[nH]c(-c3ccc(-c4ccc(N5CCCC(c6ccc(C#N)cc6)C5=O)cc4)cc3)nc12,22.6
N#Cc1ccc(-c2ccccc2)cc1C#N,10.03
Cc1ccc2nc(-c3ccc(C=O)cc3)cn2c1,15.68
O=Cc1ccc(O)c(C=O)c1,10.52
Cc1nc(-c2ccc3c(c2)cc(-c2ccc(C#N)cc2)n3-c2ccc(C(C)C)cc2)cs1,18.72
Cc1nc(-c2ccc(F)cc2)c(-c2ccc(C#N)cc2)c2ccc(NS(=O)(=O)c3cccc(N)c3)cc12,34.83
C=CCN=c1cc(C)[nH]c(=Nc2ccc(C#N)cc2)[nH]1,19.05
N#Cc1ccc(CN2CCC(N3CCN(c4ccc(C(N)=O)cn4)CC3)CC2)cc1,23.17
Nc1ccc(-c2nc(-c3ccncc3)nc(-c3ccc(N=Cc4cc(C=O)c(O)c(C=O)c4O)nc3)n2)cn1,9.5
O=Cc1ccc(N=Cc2n[nH]c(-c3ccc(N=Cc4c(O)c(C=O)c(O)c(C=O)c4O)cc3)n2)cc1,14.05
N#Cc1ccc(-c2cccc(-c3ccc(C#N)cc3)c2)cc1,11.75
Cc1ccc(-c2cc3c(cn2)nc(-c2ccc(C#N)cc2)n3-c2nc3ccc(C)cc3s2)cc1,14.85
Cc1nc(-c2ccc(N=Cc3cc(C=O)c(O)c(C=O)c3O)nc2)nc(-c2ccc(C#N)cn2)c1C#N,16.36
N#Cc1ccc(-c2cc3c(n2-c2ccc(C#N)cc2)C=CC3=O)cc1,16.27
COc1ccc2[nH]c(=NC(=O)c3ccc(Cl)c(S(=O)(=O)N4CCOCC4)c3)sc2c1,26.69
CC(C)=CCn1cc(C#Cc2ccccc2)cc1C#N,24.27
Cc1nc(CN(C)C)cc(-c2[nH]nc3cnc(-c4ccc(C#N)c(C)c4)cc23)n1,24.22
Nc1ccc(-c2nc(-c3ccc(N)cc3)nc(-c3ccc(N=Cc4ccc(-c5nc(-c6ccc(C=O)cc6)nc(-c6ccc(C=Nc7cc(O)c(N)cc7O)cc6)n5)cc4)cc3)n2)cc1,10.7
NC(=NO)c1ccc(-c2ccc(-c3ccc[n+]([O-])c3)cn2)cc1,25.92
Cn1cc(C(NC(=O)c2cccc(NC(=O)c3ccc(-c4ccccc4C#N)cc3)c2)c2ccc(F)cc2)cn1,33.64
Nc1ccc(-c2nc(-c3ccc(N)cc3)nc(-c3ccc(-n4c(O)c5c(c(O)c4=O)C4C=CC5C4)cc3)n2)cc1,13.23
N#Cc1ccccc1C#N,7.68
Cc1ccc(CC(=O)Nc2ccc(C(=O)c3ccc(C#N)cc3)cc2)cc1,20.55
CCCCCCCCCCCN1c2ccc(-c3ccc(F)cc3)c(=O)n2C(C)=CC1(C)C,32.77
NS(=O)(=O)c1ccc(-n2[nH]c(=O)c3cc4c(cc3c2=O)OCO4)cc1,16.34
Cc1ncc(-c2ccc(C#N)cc2)c(-c2ccc(C#N)cc2)n1,14.53
N#Cc1cccc(OCC(=O)NN=Cc2nccc(C=O)c2O)c1,26.25
Cc1nc(-c2ccc3c(c2)c(-c2cccc(-n4nc(-c5ccc(C#N)cc5)cc4C)n2)nn3C)cn1C,29.97
N#CCC(=O)c1ccc(F)cc1,16.91
N#Cc1ccc(-c2nc(C#N)nc3cc(C4CCN(c5ccc(C#N)cn5)CC4)ccc23)cc1,21.42
N#Cc1ccc(-c2ccc(C#N)c(=S)n2C2OC(CO)C(O)C(O)C2O)cc1,21.16
N#Cc1ccc(-c2c3cc(C#N)ccc3c(C#N)c3c2[nH]c2ccccc23)cc1,17.15
C#CC#CCCCCOc1ccc(-c2nc(-c3ccc(C#N)cc3)no2)cc1C#N,29.17
Cc1ccc(C=NNC(=O)c2cc(-c3ccc(C#N)cc3)ccc2O)cc1,19.17
COc1ncc(-c2ccc(-c3nc4c(N)cc(C(F)(F)F)cc4n3C(C)C)cc2)cn1,28.84
N#Cc1cc2c3c(cccc3c1)C(=O)N(c1ccc(C=CC(=O)c3cccc(O)c3)cc1)C2=O,26.74
Cc1ccc(-c2n[nH]c(-c3ccc(C=Cc4ccc(-c5csc(-c6ccc(C=Nc7cc(O)c(N)cc7O)cc6)n5)cc4)cc3)n2)cc1,23.46
N#Cc1ccc(NC(=O)N2CCN(c3ccn(-c4ccccc4)c(=O)c3-c3ccccc3)CC2)cc1,23.66
CNc1ccc(C=Cc2cc(C=Cc3ccc(O)c(CN(C)C)c3)nc3ccccc23)cc1,25.27
COc1nc(C)c(-c2cc3c(cn2)nc(N2CCOCC2C)n3C(=O)c2ccc(C#N)cc2)cc1F,31.74
N#Cc1ccc(-n2c(=O)c3cc4c(cc3c(=O)n2-c2ccc(Br)cc2)C(=O)N(CCO)C4=O)cc1,29.08
Cc1ccc2nc(-n3c(-c4ccc(C#N)cc4)c(-c4ccc(C#N)cc4)c4cc(C#N)ccc43)sc2c1,12.33
Oc1ccc(C=Nc2ccc(-c3cc[n+](-c4nc(Cl)nc(Cl)n4)cc3)cc2)cc1,17.65
Cc1ccc(-c2nc(-c3ccc(C#N)cc3)c3ccc(C#N)cc3n2)cn1,19.61
Cc1cccc(C(=O)Nc2ccc(NC(=O)C=Cc3ccc(-c4ccc(C#N)cc4)cc3)cc2)c1,26.97
COc1ccc(-c2cc(CO)nn2-c2ccc(C(=O)NS(C)(=O)=O)cc2)cc1C,29.84
N#Cc1cc(-c2ccc(F)cc2)cc(C#N)c1O,16.52
CCC(=O)Nc1ccc(-n2[nH]c(=O)c3cc4c(=O)[nH]n(-c5ccc(C#N)cc5)c(=O)c4cc3c2=O)cc1,21.01
N#Cc1ccc(-c2cnc3[nH]ncc3c2)nc1,19.76
CN1N=C(NN)N(C)c2ccccc21,25.76
COc1cc(C(N)=O)ccc1-c1nc2ccc(-c3ccc(C#N)cc3)cc2c(=O)n1-c1ccc(C#N)cc1,26.94
N#Cc1ccc(-c2cccc(-c3nc(-c4ccc(C=Nc5cc(O)c(N)cc5C#N)cc4)cs3)c2)cc1,17.86
CC(C)(C)c1ccc(C(=O)Nc2cccc(-c3cnc4cc(-c5ccc(C#N)cc5)cnn34)c2)cc1,16.87
CCn1c(-c2cccc(-c3ccc(C#N)cc3)c2)nc2nc(N3CCN(C)CC3)ccc21,23.57
Cn1nc(-c2ccc(C#N)cc2)c2c(=N)nc[nH]c21,15.77
Cc1ccc(-c2nc(-c3ccc(-c4nc5ccccc5[nH]4)cc3)n[nH]2)cc1,19.68
CCN=c1cc(C#N)[nH]c(Nc2ccc(C#N)cc2)c1C#N,16.85
C=C(C)COc1ccnc2scc(-c3ccc(C#N)cc3)c12,27.29
N#Cc1ccc(-c2cn(-c3ccc(C(=O)O)cc3)nn2)cc1,13.68
N#Cc1ccc(-c2nc(C#N)nc3c2cc(-c2ccc(C#N)cc2)n3CC(N)=O)cc1,20.88
Cc1ccc(-c2cc3nc(-c4ccccc4)nc(-c4ccc(N=Cc5cc(C=O)cc(C=O)c5O)cc4)n3n2)cc1,19.16
Cc1ccc(-c2nc(-c3ccc(C#N)cc3)n(CC#N)c2-c2ccccc2)cc1,17.16
CCC1(c2ccc(C#N)cc2)Oc2ccccc2-n2cccc2C1=O,19.0
C#Cc1ccc(C#N)cc1-c1ccc(C#N)cn1,16.82
CC(O)CN1CCN(Cc2nc(-c3ccco3)ns2)CC1,28.07
CCCCc1ccc(-c2ccc(-c3nc(-c4ccc(N)cc4)no3)cc2)cc1,18.97
CN1C=Cc2cc3c4c1c2c(=O)n(CCO)c(=O)c4c1n3CCCO1,42.33
C=CS(=O)(=O)N1N=C(c2ccc(C)cc2)CC1c1ccc2c(c1)OCO2,28.3
O=C(NN=Cc1ccccc1)c1nc(-c2ccc(Cl)cc2)n(-c2ccc(Cl)cc2)n1,20.7
N#Cc1ccc(-c2cc(C#N)ccc2F)nc1,12.74
Cc1cc(CNCCN)cc(-c2nc(-c3ccc(C=O)cc3)nc(N3CCOCC3)n2)c1,20.45
N#Cc1ccc(C(c2ccccc2C=O)n2ccnc2)cc1,24.03
Cc1ccc(C(F)(F)F)cc1NC(=N)Nc1ccc(Cl)cc1,31.15
Cc1ccc2nc(-n3c(-c4ccc(C#N)cc4)nnc3-c3ccc(-c4ccc(C#N)cc4)cc3)sc2c1,11.44
Cc1cnc(C(=O)NN=Cc2ccccc2OCc2ccc(Cl)cc2Cl)cn1,19.38
C#Cc1cc(C#N)cc(-c2ccc(C#N)cn2)c1,13.61
N#Cc1cc(C#N)c2cccc3c2c1-c1ccccc1-3,10.12
OCCc1ccc(-n2ccnc2-c2ccc(-c3ccccc3)cc2)cc1,20.65
COc1ccc(-c2nnc(-c3ccc4c(=O)oc5cc(C#N)ccc5c4c3)s2)cc1,31.62
COc1cc(C=O)ccc1OC(C)C(=O)Nc1cccc(C#N)c1,22.69
N#CCn1c(N)c(C#N)c(-c2ccc(C#N)cc2)c(C#N)c1=O,15.73
N#Cc1ccc(-c2nc3ccc(C#N)nc3n2-c2ccc(C#N)cc2)cc1,14.41
Cc1ccc(-n2c(=NC(C)C(O)CC(C)(C)C)[nH]c3ccccc32)cc1,39.23
Cn1ccnc1-c1ccc(-c2c(C#N)c3nc(Cc4ccc(Cl)cc4)n(C)c3c(=O)n2C)cc1,37.18
CCC(C)c1c(OC)cc2oc(=O)c(-c3ccc(C#N)cc3)cc2c1OC,25.0
O=Cc1c(O)c(C=O)c(O)c(C=Nc2ccc(O)c(C(=O)O)c2)c1O,12.36
N#CCc1cc(-c2ccc(C#N)cn2)ccc1C#N,12.48
C=Cc1ccc(Cn2nc(-c3ccc(C#N)cc3)ccc2=O)cc1C#N,25.48
N#Cc1cccc(C(=O)NCc2ccc(C(=O)O)cc2)c1,18.96
CCc1ccc(-c2cc(-c3ccc(C=O)cc3)nc(-c3ccc(C=O)cc3)n2)cc1,16.22
C=CCN1Cn2c(C#N)c3cc(N)ccc3c2C1=O,23.93
N#Cc1ccc(N=Nc2c(C#N)nc(N3CC(=O)Nc4ccccc43)nc2Cc2ccccc2)cc1,38.11
N#Cc1ccc(-c2cc3[nH]cnc(=O)c3cn2)cc1,18.34
Cc1cc(CCC(=O)O)ccc1-c1n[nH]c(-c2ccc(C=O)cc2)n1,20.87
Cc1nc(-c2nc(-c3ccc(C#N)cn3)c3ccccn23)c2ccccn12,18.91
Cc1cc(C#N)cc(C(=O)c2c(-c3ccc(Cl)cc3Cl)noc2C)c1,22.45
N#Cc1ccc(CN2CCN(C(=O)n3cnc(-c4ccc(-c5ccc(C#N)c(F)c5)cc4)c3)CC2)cc1,31.55
Cc1ccc2nc(-n3c(-c4ccc(C#N)cc4)nc4cnc(-c5ccncc5)cc43)sc2c1,12.87
N#Cc1ccc(-c2nc(N3CCOCC3)nc3nc(C#N)ccc23)cc1,21.27
Nc1ccc(-c2nc(-c3ccc(N)cc3)nc(-c3ccc(-n4c(-c5ccc(O)cc5)nc5ccccc5c4=O)cc3)n2)cc1,17.52
CN(C)c1nc(-c2ccc(C#N)cc2)nc2ccccc12,14.88
N#Cc1ccc(-c2ccc3[nH]cc(-c4ccc(C#N)cc4)c3c2)cc1,14.84
CC(C)(O)c1ccc(-n2[nH]nc(C#N)c2=N)cc1,23.01
N=c1ncc(-c2ccc(-c3ccncc3)cc2)c[nH]1,16.38
Cc1cc(C#N)ccc1N=CN1C(=O)C=CC1=O,19.26
N#Cc1ccc(C(O)(C(F)(F)F)C(F)(F)F)cc1,16.97
O=Cc1cnccn1,13.19
Cc1ccc(-c2cc(C(=O)Nc3ccccc3O)c3ccccc3n2)cc1,21.13
CS(=O)(=O)c1ccc(-c2ccc(C#N)cc2)cc1,15.53
N#Cc1cc(C#Cc2ccccc2)c2ccccc2c1C#N,20.61
N#Cc1ccc(-c2cnc3cc(-c4cccnc4)ncc3c2)cc1,22.9
N#Cc1ccc(-n2cccc2C=O)cc1,11.5
N#Cc1ccc(-n2nc(-c3ccc([N+](=O)[O-])cc3)cc2C#N)cc1,20.95
Nc1ccc(-c2nc(-c3ccc(N)nc3)nc(-c3ccc(N=Cc4ccc(-c5ccc6cc(F)ccc6n5)nc4)nc3)n2)cc1,26.08
C#Cc1ccc(-c2cc3c(cc(-c4ccc(C#N)cc4)n3-c3ccc(C#N)cc3)n2-c2ccc(C#N)cc2)cc1,13.88
Cc1cccc2[nH]c(-c3ccc(-c4nc(-c5ccc(C=O)cc5)nc(-c5ccc(C=Nc6cc(O)ccc6N)cc5)n4)cc3)nc12,24.38
Cc1ccc(-c2nc(-c3ccccc3)nc(-c3ccc(C=Nc4cc(O)c(N)cc4O)cc3)n2)cc1,14.04
Cc1cccc2c(=O)n(-c3ccc(-c4nc(-c5ccc(N)cc5)nc(-c5ccc(N)cc5)n4)cc3)c(C)nc12,13.39
Cc1cccc2cc(C(C(=O)O)N(Cc3ccc(Br)cc3)Cc3ccc(C#N)cc3)cnc12,34.64
ON=C(O)C=Cc1ccc(-c2nc3nc(-[n+]4ccc(-c5ccccc5)cc4)ccn3n2)cc1,21.63
N#Cc1ccc(-c2ccc(-c3nc(-c4cnc(N)nc4)nc4c3Cc3ccccc3-4)cc2)cc1,21.45
Nc1[nH]c(C(=O)N2CCOCC2)c2[nH]cnc(=NC3CC3)c12,35.15
N#Cc1ccc(-c2cncc(C#N)c2)nc1,10.72
Cc1ccc(-c2[nH]c3ccccc3c2C=NN=c2scc(-c3ccc(C#N)cc3)n2S(=O)(=O)c2ccccc2)cc1,28.39
C#Cc1ccc(C(=O)Nc2ccc(C#N)cc2)cc1,18.27
N#Cc1ccc(-c2ccc(-c3cc4c(C#N)cc(C#N)cc4[nH]3)cc2)cc1,19.64
Cc1ccc(SCc2nn3c(cc4occc43)c(=O)[nH]2)cc1,23.22
N#Cc1ccc(C#CC=CC#Cc2ccc(C#N)cc2)cc1,12.51
Cc1nn(-c2cccc(C#N)c2)c2c1cnc1ccc(-c3ccc4cc(C#N)cc(C#N)c4c3)cc12,28.23
CC(C)(NC(=O)N=c1cc2[nH]nc(-c3ccc(C#N)cc3)c2c[nH]1)c1ccc(F)cc1,25.01
COc1ccc(C=O)cc1C=Nc1ccc(-c2nc(-c3ccc(N)nc3)nc(-c3ccc(N)nc3)n2)cn1,10.95
Cc1cc(-c2ccc(C#N)cn2)n(C)c1-c1nc(-c2ccc(C#N)cc2)nc(-c2ccc(N)nc2)n1,32.38
N#Cc1nc(C#N)c2ccccc2c1N,15.29
COc1nc(=Nc2ccc(C#N)cc2)[nH]c(=Nc2c(C)cc(C#N)cc2C)[nH]1,19.15
O=CC(Cc1ccc(F)cc1)NC(=O)c1cccc(COC(=O)CNC(=O)C(Cc2ccc(O)cc2)NC(=O)C(Cc2c[nH]cn2)NC(=O)c2ccc(-c3ccccc3)cc2)n1,46.01
N#Cc1ccc(-c2nc(-c3ccc(C=O)cc3)nc(-c3cccc(CO)n3)n2)cc1,20.14
Cc1ccc(-c2cc(-c3ccc(C#N)cc3)nc(-c3ccc(C=O)cc3)c2)cc1,11.82
CC(CO)N=c1cc(N)nc(N=CNC#N)[nH]1,21.17
CN(C)CCNCc1nccc(-c2ccc3nc[nH]c(=Nc4ccc(OCc5cccc(F)c5)c(Cl)c4)c3c2)n1,27.22
N#Cc1ccc(-c2nn3c(-c4ccc(C(F)(F)F)cc4)c4ccccc4nc3c2-c2ccc(C#N)cc2)cc1,27.23
N#Cc1ccc(-c2cc(-c3cccc(C#N)n3)nc(-c3ccc(N)nc3)n2)cn1,15.84
N#Cc1ccc(-c2nc(-c3ccc(N)nc3)n[nH]2)cc1,14.65
CCc1ncnc(-c2ccc(C(=O)N3CC4(COC4)C3)c(C)c2)c1C#Cc1ccc(C#N)nc1,25.8
N#Cc1ccc(-c2nc3cc(-c4ccc(C=O)cc4)ccc3c3[nH]ncc23)cc1,16.82
N#CC1C2c3ccccc3C(=O)c3ccc4c(=O)n1c1c(C=NOCc5ccc(Br)nc5)cccc1c(=O)c4c32,44.57
CCOC(=O)c1cn(CC(O)CN2CCN(C)S2(=O)=O)c2cc(-c3ccc(C#N)cc3)ccc12,37.04
NC(=NN=Cc1ccc(-c2nc(-c3ccc(N)nc3)nc(-c3ccc(N=Cc4ccc(F)cc4F)nc3)n2)nc1)N1CCOCC1,24.39
CC(C)c1ccc(-n2c(=O)c3cc4c(=O)n(-c5ccc(C#N)cc5)c(=O)c4cc3c2=O)cc1,12.27
C#Cc1cc(C(F)(F)F)cc2ccccc12,21.77
NC(=NO)c1ccc(-c2nc(-c3ccc(N)nc3)nc(-c3ccc(N=Cc4cc(C=O)c(O)c(C=O)c4O)nc3)n2)cc1,19.97
C=c1cc(C)[nH]c1=Cc1c(O)[nH]c2ccc(C#N)cc12,16.08
N#Cc1ccc(N=Cc2ccc(-c3ccc(C#N)cc3)o2)cc1,14.98
N#Cc1cccc(-c2cn(-c3ccc(C(=O)O)cc3)cc2C#N)c1,14.94
Oc1ccc(C=NN=c2scc(-c3ccc(Cl)cc3)n2-c2ccc(Cl)cc2)cc1Br,22.83
Cc1ccc(-n2c(O)c3[nH]nc(C(=O)NC(C)(C)Cc4ccc(C#N)cc4)c3c2O)cc1,39.83
N#Cc1ccc(-c2ccnc3c2ccn3-c2ccc(C(N)=O)cc2Nc2ccccc2)cc1,17.33
Cc1nc2c(cc(C#N)c(=N)n2-c2ccc(C(C)C)cc2)c(=O)n1-c1ccc(C#N)cc1,24.38
N#Cc1ccc(-c2nc(C#N)c3c(C#N)c(N)n(-c4ccc(C#N)cc4)c3n2)cc1,14.83
O=c1oc(=O)c2cc3c(=O)n(-c4ccc(-c5cccc(-c6ncc[nH]6)c5)cc4)c(=O)c3cc12,21.24
Cn1c(O)c(C=O)c(=O)n(C)c1=O,18.26
Cc1ccc(-c2cc(-c3ccc(N=Cc4c(O)c(C=O)c(O)c(C=O)c4O)cc3)nn2C(N)=S)cc1,17.32
CC(=O)Oc1cc(N=C(N)c2cccc(N)c2)ccc1-c1ccc(-c2ccc(N=Cc3ccc(C=NNC(N)=O)cc3)cc2)o1,28.22
CSc1nc(-c2ccc(C#N)cc2)cn1Cc1ccco1,21.0
N#Cc1ccc2c(c1)c(C#N)cn2-c1cccc(N)c1,21.88
Cc1sc(-n2nc(C)n(CC(=O)OC(C)(C)C)c2=O)nc1-c1ccc(C#N)cc1,32.89
CC(C)c1ccc(-n2nc(-c3cnc(N4CCC(O)(C5CC5)CC4)nc3)cc2-c2ccc(C#N)cc2)cc1,24.14
CCn1nc(-c2ccc(C#N)cn2)cc1-c1ccc(N)nc1,15.29
N#Cc1ccc(-c2ccnc3c(-c4ccc(C(=O)NCc5ccccc5)cc4)cccc23)cc1,25.88
N#CC(C#N)=NN=c1[nH]c(-c2ccc(C#N)cc2)cs1,16.7
N#Cc1ccc(-c2cccc(C(=O)Nc3cc(C#N)ccc3Cn3cnc(-c4ccccc4)c3)n2)cc1,29.39
N#Cc1cccc(S(=O)(=O)Nc2cccc(-c3csc(=O)[nH]3)c2)c1,23.44
C=CCN(CC=C)c1nc(N)cc(N(C)C)n1,18.35
N#Cc1ccc(-n2[nH]c(=O)c3cc4c(=O)[nH]n(-c5ccc(C#N)cc5)c4cc3c2=O)cc1,9.67
CNNC(=O)c1cc2c3c(cccc3c1)C(=O)N(c1ccc(C#N)cc1)C2=O,26.8
CCN1C(=O)C(=O)N(c2ccc(C#N)c(C(F)(F)F)c2)C1=O,20.91
COCc1cc(-c2ccc(C#N)cc2)no1,21.67
CC(NC(N)=O)C(O)=NO,24.34
N#Cc1ccc(-c2cc(C=CC(=O)O)nc3cc(F)c(Cl)cc23)cc1,27.87
N#CC(C#N)=CC(=CC=CC=CC=CC=Cc1nc(-c2ccc(C=O)cc2)cs1)n1ccnc1,37.32
N#Cc1ccc(CC(=O)NCc2ccc(-c3cc(-c4ccc(N5CCOCC5)nc4)cc(C#N)n3)cc2)cc1,22.98
CCOC(=O)c1cc(-c2ccc(C#N)cc2)nc(-c2ccc(C#N)cc2)n1,16.26
N#Cc1ccc(N=c2[nH]c(=Nc3ccc(C#N)cc3)c3[nH]ccc3[nH]2)cc1,18.56
N#Cc1ccc(-c2ccc(NC(=O)c3c[nH]c4ccc(C=O)cc34)cc2)cc1,25.03
N#Cc1ccc(-c2nn(-c3ccc(C#N)cc3)cc2C#N)cc1,11.04
N#Cc1ccc(-c2ccc3c(=O)n(-c4ccc(C#N)cc4)cnc3c2)cc1,11.23
N#Cc1ccc(-c2ccc(C#N)c3cc(C#N)ccc23)nc1,11.99
N#Cc1ccc(-c2nc(C#N)ccc2C#N)nc1,11.67
N#CCCn1cc(-c2cccc(Cc3ccc(-c4ccc(C#N)cc4)s3)n2)c2ccccc21,30.52
N#Cc1ccc(-c2cc(=O)c3ccc(-c4ccc(C=O)cc4)cc3[nH]2)cc1,15.79
N#Cc1cc(C=NO)cc(C=Nc2ccc(-c3nc(-c4ccc(N)nc4)nc(-c4ccc(N)nc4)n3)cn2)c1,19.08
N#Cc1ccc(-c2cc[nH]c(=Nc3cccc(C(N)=O)c3)c2)cc1,20.15
N#Cc1ccc(-c2[nH]c(=O)n(C3CCCC3)c(=O)c2C#N)nc1,22.8
CC(O)(C(=O)Nc1cccc(-c2nc(=O)c(C#N)c(-c3ccc(C#N)cc3)[nH]2)c1)C(F)(F)F,29.69
Cc1ccc2oc(O)c(C#N)c(=O)c2c1,18.02
CN1CCC(CN(C)CC2CCC(=O)N(Cc3cncnc3)C2)CC1,40.46
O=C(O)c1ccc(-c2ccc(-c3cc(-c4ccccc4)cc(-c4ccccc4)c3)cc2)nc1,16.3
CCOC(=O)C1CC(=O)c2cc(C#N)ccc2O1,18.83
Nc1ccc(-c2nc(-c3ccc(N=Cc4cc(C=O)c(O)c(C=O)c4O)nc3)nc(-c3ccccn3)n2)cn1,9.97
N#CC(C#N)=c1[nH]c(=O)c2cc(C#N)ccc2c1=C(C#N)c1ccc(-c2nc(-c3ccc(N)nc3)nc(-c3ccc(N)nc3)n2)cc1,33.17
Cc1c(-c2ccc(C#N)cc2)n(-c2ccc(C(C)C)cc2)c2cc(-c3ccc(C#N)cc3)ccc12,11.83
COCC(=O)NC1CCC(c2ccc(NC(=O)c3nc(C#N)c[nH]3)c(C3=CCC(C)(C)CC3)c2)CC1,26.5
COc1cc2c(cc1OC)CN(C(=O)Cc1ccccc1)CC2,22.26
N#Cc1ccc(-c2ccc3c(c2)c(C#N)cn3-c2ccc(C#N)cc2)cc1,14.53
CN1CCN(C(C#N)=C(C#N)c2ccccc2)CC1,22.53
O=C(C#CCN1C(=O)c2ccccc2C1=O)NCc1ccc(-c2ccccc2)cc1,32.98
COc1cccc(C=NNC(=O)c2cnccn2)c1,18.1
N#Cc1cccc(-c2ccc(C#N)s2)n1,20.54
N#Cc1cc(C=CC(=O)O)c(O)c2c1ccc1ccccc12,23.36
CSc1ccc(C=C2C=Cc3ccccc32)cc1,18.08
Cc1cc(-c2cc(C)c3ncccc3c2)c2ccc(-c3ccc(C#N)cc3)nc2n1,27.66
O=C1OCc2c(F)cc3c4c(ccc1c24)C=C3,18.78
N#Cc1ccc(-c2ncc(-c3nc(C#N)c(N)n3-c3ccc(C#N)cc3)cc2C#N)cc1,14.79
Cc1ncc([N+](=O)[O-])n1CCOC(=O)c1cc(Br)cc(Br)c1O,24.12
CN1CCN(c2ccc(-n3cnc4ncc(-c5ccc(Cl)cc5)cc4c3=O)cc2)CC1,18.27
N#CC=Cc1cccc(C#N)c1,12.84
CNC(=O)C1=CC(C(F)(F)F)C=CN1C(C)=O,31.39
Cc1ccc(C#N)cc1-c1nc(-c2ccc(C#N)cc2)c(C#N)c2c1CN(C(=O)OC(C)(C)C)CC2,30.26
COc1ccc(C=NN=c2[nH]c(=Nc3ccccc3)[nH]c(=Nc3ccc(OC)cc3)[nH]2)cc1,19.31
N#Cc1ccc(-c2nc(-c3ccc(N)nc3)nc(-c3ccc(N)nc3)n2)cc1,11.17
CCOC(=O)C12Cc3ccc(C#N)cc3C(C)(C1)C2(C)C,35.44
Cc1cc(C(=O)N=c2ccc(C(=O)O)c[nH]2)c2sc(-c3ccc(C#N)cc3)cc2n1,24.86
N#Cc1ccc(-c2cc3c(cc(-c4ccncc4)n3-c3ccc(C#N)cc3)n2-c2ccc(C#N)cc2)cc1,11.36
Nc1ccc(-c2nc(-c3ccc(NC(=S)N4CCN(c5cc(C(F)(F)F)ccc5[N+](=O)[O-])CC4)cc3)nc(-c3ccc(N)nc3)n2)cc1,33.42
COc1ccc(C(=O)c2c(O)c(O)n(-c3noc(C)n3)c2-c2ccc(OC)cc2)cc1,29.75
N#Cc1cccc(C(=O)N=c2nc(N=c3cc(C4CC4)[nH][nH]3)cc[nH]2)c1,17.79
CCCc1cc(=O)oc2cc(O)c(C=O)c(O)c12,21.17
Cc1ccc(-c2cc(-c3ccc(N)nc3)nc(-c3ccc(N4C(=O)c5ccc6c7c(ccc(c57)C4=O)C(=O)OC6=O)cc3)n2)cc1,16.34
Cc1cc(-c2ccnc(CN(C)C)n2)cc2[nH]c(-c3ccc[nH]c3=O)nc12,18.35
Cc1cc(C=CC(=O)c2ccc(O)cc2)cc(C)c1O,18.82
Cn1c(-c2cn(CC3CCOCC3)c3cc(-c4ccc(C#N)cc4)ccc23)nc(C#N)c1N,20.96
N#Cc1cccc(CNC(=O)c2cn(-c3ccc(Oc4ccncc4)cc3)c3cc(C#N)ccc23)c1,30.93
Cc1ccc(C(=O)ON=Cc2cccnc2)cc1,18.37
CCCNC(=O)Cn1nc(C)c2c(C)nn(-c3ccc(C)cc3)c2c1=O,21.56
N#Cc1ccc(-c2ccc(F)c(C#N)c2)nc1,10.76
CN(C)CCC(=O)Nc1cc(C#N)ccc1-c1ccc(C#N)cc1,22.18
N#Cc1ccc(-c2ccc(N(CCCO)C(=O)C3CC3)nc2)cc1,26.8
N#Cc1ccc2cnn(-c3ccc(C(N)=O)cc3CCC(=O)O)c2c1,23.5
N#Cc1ccc(-c2ccc(=O)n(-c3ccccc3)n2)cc1,11.71
N#Cc1cccc(-c2nc(-c3ccc(-c4ccccn4)cc3)c(-c3ccncc3)[nH]2)c1,23.62
O=CN1CCN(C=Nc2nc(-c3ccc(Cl)cc3)cc(-c3ccc(Cl)cc3)n2)CC1,13.51
O=C(O)Cc1sc(=NN=Cc2ccccc2F)[nH]c1O,22.17
N#Cc1cc(C#N)c2ccc(-c3cccc(C#N)n3)cc2c1,17.78
Cn1nc(-c2ccc(C(=O)O)cc2)nc1COc1ccc(-c2ccc(C#N)cc2)cc1,19.2
O=C(C=Cc1cccs1)N(Cc1ccc(-c2ccccn2)cc1)Cc1ccc(-c2ccc(CNCCc3ccc(O)cc3)cn2)cc1,33.31
Oc1ccc2c(c1)CCCCC2CCNCCCCc1ccc(N=C=S)cc1,37.02
Cc1nc(C(NC(=O)c2ccc(C3CC3)c(OCC3CC3)n2)c2nc(C)c(CO)s2)no1,33.23
O=CN1CCN(C=Nc2c(Cl)cccc2Cl)CC1,17.02
Nc1ccc(-c2nc(-c3ccc(N=Cc4cccc(C=O)c4)cc3)nc(-c3ccc(N)nc3)n2)cn1,15.7
N#Cc1ccccc1NC(=O)COc1ccccc1C#N,17.25
COc1cc(N=c2nc3c(ccn3-c3ccc(C(=O)NC4CC4)cc3)c[nH]2)cc(OC)c1OC,18.99
N#Cc1ccc(-n2ccc3cc4c(=O)[nH]n(-c5ccc(C#N)cc5)c(=O)c4cc3c2=O)cc1,12.49
Cn1c(=O)c2[nH]c(-c3cnc(N4CCCOCC4)nc3)cc2n(C)c1=O,24.51
Cc1cc(O)cc(C)c1C(=O)C=Cc1ccc(C=O)cc1,19.76
COc1ccc(-c2cc(-c3ccc(C=O)cc3)nc(-c3ccc(C=CC(O)=NO)cc3)n2)c2ccccc12,21.88
N#Cc1ccc(-c2cc(C#N)cc3[nH]c(=O)c(=O)[nH]c23)cc1,14.94
N#Cc1ccc2c(C#N)ccc(-c3ccc(-c4cnc(=N)[nH]c4)c(F)c3)c2c1,17.66
Cc1c(O)c2c(O)cc(CO)cc2oc1=O,23.01
N#Cc1ccc(-c2nc(-c3ccc(C#N)cc3)c(-c3cc[nH]c(=NCCCO)n3)[nH]2)cc1,23.0
N#Cc1ccc(Cc2ccc(-c3ccc(C#N)cc3)cc2-c2ccc(C#N)cc2)cc1,14.5
COC(=O)CCN1C(=O)c2ccc(-c3ccc(C#N)cc3)cc2C1=O,23.13
Cc1ccc2nc(-n3c(-c4ccc(C#N)cc4)cc4c3cc(-c3ccc(C#N)cc3)n4-c3nc4ccc(F)cc4s3)sc2c1,13.88
CNc1ccc(C=Cc2ccc(-c3ccnc(-c4ccc(C=O)cc4)n3)cc2)cc1,17.03
Cn1c(-c2ccc(C#N)cc2)c(C#N)c2ccc(-c3ccc(C#N)cc3)cc21,18.17
CC1COc2c([N+](=O)[O-])nc(-c3ccc(C#N)cc3)c3c(=O)c(C(=O)O)cn1c23,28.6
N#Cc1ccc(-c2ccc(OCC(O)(Cn3cncn3)c3ccc(F)cc3F)cc2)cc1,21.55
N#Cc1ccc(-n2cc3nc[nH]c(=N)c3n2)cc1,21.46
Cc1nc(-c2ccc3c4c(c5c6ccccc6n(C)c5c3c2)CNC4=O)cn1-c1ccc(C#N)cc1,33.03
N#Cc1ccc(-n2c3cc(=N)c(=N)cc-3[nH]c3ccc(-c4ccc(C=N)cc4)cc32)cc1,25.51
CC(C)(C)N=c1[nH]c(-c2ccc(C#N)nc2)cn2c(-c3ccnc(C#N)c3)cnc12,28.89
N#Cc1ccc(-c2nc(-c3ccc(C#N)cc3)nc(-c3ccc(C#N)c(Cl)c3)n2)cc1,14.18
N#CC1CCN(C(=O)Nc2cn(C(N)=O)c3ccccc23)C1,22.53
CCC1(O)C(=O)OCc2c1cc1n(c2=O)Cc2c-1nc1ccc(Cl)cc1c2C(=O)O,20.1
Cc1ccc(-c2cc(-c3ccccc3)cc(-c3ccc(-c4nc(Cl)nc(Cl)n4)cc3)c2)o1,15.17
Cc1ccc(C#N)nc1-c1cccc(-c2ccc(C#N)cc2)c1,15.66
N#Cc1cccc(-c2cc(C#N)c3nccn3c2)c1,18.71
COCCN(C(C)=O)c1cc(-c2ccc(C#N)cc2)nc(-c2ccc(C#N)cc2)n1,23.1
CN(C(=O)C=Cc1ccc(CN(Cc2ccccc2)C(=O)C=Cc2ccc(O)c(O)c2)cc1)c1ccc(C#N)cc1,30.28
Cc1cc(N2CCN(C)CC2)nc2ccc(NC(=O)c3nccs3)cc12,23.32
O=Cc1cccc(-c2ccc(C=O)s2)c1,17.9
N#Cc1ccc(C(O)(Cn2cncn2)c2ccc(F)cc2)cc1,20.15
O=Cc1cc(Cl)ccc1-n1c(CN2CCOCC2)nc2ccccc2c1=O,29.41
N#Cc1ccc(C#N)c(F)c1,11.18
Cc1ccc2nc(-c3ccc(NC(=O)c4ccc(C#N)cc4)cc3)sc2c1,21.02
N#Cc1ccc(-c2cccc(-c3nn[nH]n3)c2)nc1,19.73
Cc1ccc(-c2cc(C(=O)NCc3ccc(-c4ccc(C#N)cc4)cn3)cc(-c3ccc(C#N)cc3)n2)cc1,23.34
Cc1ccc(-c2cc(-c3ccsc3)nc(N=Cc3cccc([N+](=O)[O-])c3)n2)cc1,25.51
Nc1cc(O)c(N=Cc2ccc(-c3ncc(-c4ccc(C=O)cc4)o3)cc2)cc1O,14.1
N#Cc1ccc(N2CCN(C(=O)c3csc(-c4cccnc4)n3)CC2)cc1,22.29
N#Cc1ccc(-c2nc(Cc3ccc(-c4ccccc4)cc3)n(N)c2C=Nc2ccc(-c3nc(-c4ccc(N)nc4)nc(-c4ccc(N)nc4)n3)cn2)cn1,20.79
Cc1ccc(-c2nc(-c3ccc(C=Nc4ccc(C#N)cc4)cc3)oc2-c2cccc3ccccc23)cc1,20.49
CN(c1ccc(C#N)cc1F)C(C(=O)NC1CCCCC1)c1cc(C#N)ccc1C#N,32.07
N#Cc1ccc(-n2[nH]c(=O)c3cc4c(=O)[nH]n(-c5ccc6c(c5)CCC6)c(=O)c4cc3c2=O)cc1,12.51
N#Cc1ccc(-n2c3nc(=O)[nH]c(=O)c-3cc3ccc(C#N)cc32)cc1,15.5
Cc1cc(N=CN(C)C)nc(-c2ccccc2)n1,14.35
N#Cc1ccc(-c2cncc(-c3ccc(N4CCOCC4)nc3)c2)nc1,13.51
COC(=O)n1ccc2cc(-c3ccc(C=O)o3)ccc21,29.23
COc1ccc2c(c1)n1ccc(C)c1c(=O)n2-c1ccc(-c2nc(-c3ccc(N)cc3)nc(-c3ccc(N)cc3)n2)cc1,20.87
NCc1nc2ccccc2c(=O)n1-c1ccc(-c2nc(-c3ccc(N)cc3)nc(-c3ccc(N)cc3)n2)cc1,15.3
N#Cc1ccc(CN2C=CC=C3C(=O)NCc4ccc(Cl)cc4N=C32)cc1,32.7
O=C(O)C(Cc1c(O)c[nH]c1O)=NC(=O)C(Cc1ccccc1)NC(=O)C1CS(=O)(=O)CCN1,41.22
Clc1cnccc1-c1ccnc2[nH]c(-c3cccc(CNCC4CCCO4)c3)cc12,29.95
N#Cc1ccc2c(=O)n(-c3ccc(N4C(=O)c5cc6cc7c(cc6cc5C4=O)OCO7)cc3)sc2c1,28.11
O=C(O)c1ccc(C#Cc2ccc(Cl)c(Cl)c2)cc1,22.04
CN1CCN(C=Nc2ccc(-c3nc(-c4ccncc4)nc(-c4ccc(C(=O)O)cc4)n3)cn2)CC1,17.85
CC(C)c1ccc(-n2c(-c3ccc(C#N)cc3)cc3c2cc(-c2ccc(C#N)cc2)n3-c2ccc(C#N)cc2)cc1,9.62
N#Cc1c(N)c(N=Nc2cccc(C(=O)O)c2)c(-c2ccccc2)[nH]c1=O,21.4
N#Cc1ccc(-c2cc(C#N)n3ccccc23)nc1,11.7
COc1ccc(-c2nn(-c3ccc(C)cc3)cc2C(=O)NN=Cc2ccc(Cl)cc2)cc1,27.22
N#Cc1ccc(-c2cc3c(cc(-c4ccc(Cl)cc4)n3-c3ccc(Br)cc3)n2-c2ccc(C#N)cc2)cc1,13.9
Cc1cc(C#N)ccc1-c1ccc(C#N)cc1,10.93
O=Cc1ccc(-c2nc(-c3ccccc3)cc(-c3ccccc3)n2)cc1,10.69
CCc1c(C#N)c(F)c2ccccc2c1C#N,25.06
CC(=O)c1ccc(N=Cc2c(O)n(CCc3ccc(F)cc3)c(=O)c3ccccc23)cc1,25.1
CC(N)C(=O)Nc1ccc(Oc2ccc(C#N)cc2)cc1,18.5
N#Cc1ccc2nc(-c3ccc(C=O)cc3)sc2c1,10.78
N#Cc1ccc(-c2ccc3c(C#N)nn(-c4ccc(C(N)=O)nc4)c3c2)cc1,18.52
Cc1nc(-c2cnc(N)c(C#N)n2)n(C)c1-c1ccc(Sc2ccccc2Cl)cc1,32.0
C[n+]1cc(Nc2ccccc2N)ccc1C#N,28.23
N#Cc1cccc(-c2cc(=NC(=O)c3ccc(-c4ccccn4)cc3)nc(-c3ccccn3)[nH]2)c1,25.5
CCOc1ncc(-c2ccc(Cl)cc2)cc1C#N,18.95
Nc1ccc(C=Nc2ccc(-c3cccc(-c4ccc(-c5ccc(C=O)cc5)o4)n3)cc2)cc1,23.21
N#Cc1cccc2oc(-c3cc4ccccc4[nH]3)cc12,24.93
Cc1cccc(C#Cc2ccc(CC(C)NC(=O)C(C)C)cc2)n1,24.72
N#Cc1ccc(-c2nc(-c3ccc(O)cc3)cc(-c3ccc(C=O)cc3)n2)cc1,17.15
CCc1nc(CC)n(Cc2ccc(-c3ccccc3)cc2)c1C(=O)O,18.87
CN(CC=CC#CC(C)(C)C)Cc1ccc2c(c1)OCCC2,20.32
Cc1cc(=NS(=O)(=O)c2ccc(-n3ccc4c(=O)[nH]c(-c5ccc(Cl)cc5)cc4c3=O)c(F)c2)[nH]c(C)n1,34.47
N#Cc1ccc(-c2nc3c(=N)[nH]cnc3n2-c2ccc(C#N)cc2)cc1,13.74
N#CC1COCC(F)C1Nc1cc(=O)c(=NC(=O)Nc2cc(Cl)cc(Cl)c2)cc(C(N)=O)[nH]1,41.02
N#CC=CC(=O)Nc1cccc(-c2ccc(-c3nc4cc(C(F)(F)F)ccc4[nH]3)cc2)c1,17.93
Cn1nccc1-c1ccc(C#N)cc1C#N,13.93
Cc1nc2cc(F)c(-c3cnn(C4CCN(C)CC4)c3)cc2n2c(-c3ccc(C#N)nc3)nnc12,34.37
CC=CC1CC(Sc2ccc(-c3ccc(C#N)cc3)cc2)CC=N1,31.99
COc1cc(C=CC(=O)C=Cc2cc(C=Nc3ccc(N=Nc4ccc(O)c(C(=O)O)c4)cc3)cc3ccccc23)ccc1O,26.86
Cc1nc(=Nc2cc(C#N)nc(-c3ccc(C#N)cn3)c2)cc(N)[nH]1,16.66
CCc1nc(-c2cccc(C#N)n2)oc1-c1ccc(CC(=O)Nc2ccc(C(=O)O)cc2)cc1,24.77
CCN(CC)CC#Cc1ccccc1,15.36
N#Cc1ccc(-c2coc3ccc(C#N)cc3c2=O)cc1,16.08
CC(=NN1CCN(C)CC1)c1ccc(N(C)S(=O)(=O)c2ccc(C)cc2)cc1,25.11
Cc1ccc2sc(-n3c(-c4ccc(C#N)cc4)cc4c3cc(-c3ccc(C#N)cc3)n4-c3nc4ccc(C)cc4s3)nc2c1,11.46
N#Cc1ccc(-c2nn(-c3ccc(Cl)cc3Cl)c(-c3ccc(Cl)cc3)c2-c2ccc(C#N)s2)s1,18.49
COc1ccc(CNC(=O)CN(Cc2ccccc2)C(=O)CNS(=O)(=O)c2ccc(C)cc2)cc1,22.94
N#Cc1ccc(-c2ccc3c(C#N)cc(C#N)nc3c2)nc1,21.51
Cc1[nH]c(-c2ccc(-c3ccc(-c4csc(=O)[nH]4)cc3)nc2)nc(=O)c1Cl,27.62
N#Cc1ccc(-n2nc(C(F)(F)F)cc2C(=O)Nc2ccc(-c3ccc(C#N)cc3CN)cc2)cc1,21.23
CC(=O)Nc1ccc(-c2nnc3c(n2)-c2ccccc2N(C(C)=O)c2ccccc2-3)cc1,24.18
N#Cc1ccc(C(=O)c2ccc(-c3ccc(C#N)cc3)cc2)cc1,14.25
O=Cc1ccc(-c2cc(C(=O)O)n3nc(-c4ccccc4)cc3n2)cc1,17.38
N#Cc1c(N)nc[nH]c1=Nc1cccc2[nH]ccc12,22.53
COc1ccc(-c2ccnc(-c3ccc(N)cc3)n2)cc1C#N,17.8
COc1ccc2c(-c3cccc(C#N)c3)cnc(-c3ccc(C#N)cc3)c2c1,21.79
Cc1cc(-n2nc(C)c3c2N(c2cc(Cl)ccc2C)C(=O)N(C)C3c2ccc(C#N)cc2)nc(N2CCN(C)CC2)n1,29.23
CCCCOc1ccc(C=O)cc1,15.91
CONC=Nc1ccccc1Cl,17.85
Cc1cc(OCc2cnc(-c3ccc(C#N)cc3)c(-c3ccc(C#N)cn3)n2)ccc1C=Cc1cccc(C(C)(C)O)c1,29.96
Cc1ccc(O)c(N=Cc2ccc(C3=NCCN3)cc2)c1,23.26
N#CCc1nc(=O)cc(-c2ccc(C#N)cc2)[nH]1,15.37
Nc1ccc(-c2nc(-c3ccc(C=O)cc3)nc(-c3ccc(C=Nc4cc(O)c(N)cc4O)cc3)n2)cn1,12.45
N#Cc1ccc(-n2cc(-c3ccc(N4CCOCC4)nc3)nn2)cc1,14.34
N#Cc1ccc(NC(=O)C2(O)c3ccccc3-c3ccccc32)cc1Cl,24.86
Cc1ccc2nc(-n3c(-c4ccc(C#N)cc4)nc4ccc(-c5ccc(C#N)cc5)cc43)sc2c1,9.51
Cc1ccc(-c2cc(=NC(=O)C=Cc3ccc(C#N)cc3)nc(-c3ccc(C#N)cc3)[nH]2)cc1,20.76
C=CCN1CCc2cc(O)c(O)cc2C(c2ccc(O)cc2)C1,21.27
N#Cc1ccc(-c2cc(-c3ccc(N)cc3)c(-c3cccnc3)s2)cc1,19.35
N#Cc1ccc2nc[nH]c(=O)c2c1,19.46
Cc1cc(C#N)ccc1-c1nc(C(C)OC(C)(C)C)c2n1-c1cc(-c3ccc(N)nc3)ccc1C(=O)N(C)C2,33.95
N#CC(C#N)=Cc1ccc(N)c(O)c1,22.1
CN=c1ccc(-c2ccc(C(=O)NC(CO)c3cccc(Cl)c3)c(F)c2)c[nH]1,24.69
Cc1ccc(-[n+]2nsc(-c3ccccc3)c2C#N)cc1,18.78
Cc1ccc(-c2cc(C=Cc3ccc(C#N)cc3)cc(C(=O)O)c2O)cc1,18.77
N#Cc1ccc(-n2cnc3ccc(C#N)cc3c2=O)cc1,12.86
N#Cc1ccc(-n2cnc(C#N)c2)cc1,12.39
N#Cc1ccc(OCc2cccc(-c3c[nH]c(=N)c(C#N)n3)c2)nc1,25.63
N#Cc1ccc(C=CC(=O)c2ccc(C#N)cc2)cc1,14.02
Cc1ccc(-c2ccc(-n3[nH]c(=O)c4cc5c(=O)[nH]n(-c6ccc(C#N)cc6)c(=O)c5cc4c3=O)cc2)cn1,13.1
COc1cc(OC)nc(-[n+]2ccc(-c3ccncc3)cc2)n1,10.69
COC(=O)c1ccc2oc(-c3ccc(N)cc3)cc(=O)c2c1,23.17
N#Cc1ccc(-c2cc(C#N)c3ncccc3c2)cc1,13.93
N#Cc1ccc(-c2cc(Cn3ccc(=NCCCCCc4ccc(Cl)cc4Cl)cc3)nc(-c3ccc(C#N)cc3)n2)cc1,39.57
O=Cc1ccc(-c2ccc(N=Cc3c(O)c(C=O)c(O)c(C=O)c3O)cc2)cc1,9.73
N#Cc1ccc(C#CC#Cc2ccc(C#N)cc2)cc1,11.23
O=Cc1ccc(-c2cccc(CO)c2)cc1C(F)(F)F,24.86
CCOc1ccc(N=c2cc(C)[nH]c(-c3ccccn3)n2)cc1,19.52
Cc1ccc2nc(-n3c(-c4ccc(C#N)cc4)cc4c3cc(-c3ccc(C#N)cn3)n4-c3nc4ccc(C)cc4s3)sc2c1,10.91
Cc1cc(C=O)cc(C=Nc2ccc(-c3nc(-c4ccc(N)nc4)nc(-c4ccc(N)nc4)n3)cn2)c1O,8.98
N#Cc1ccc(-c2cccc3ncccc23)cc1,17.52
CCCCNc1cc2ccc([N+](=O)[O-])c3ccc4c(O)n(CCN(C)C)c(=O)c1c4c23,31.05
O=Cc1ccc(-c2cc(-c3ccccc3)nc(-c3ccc(C=Nc4ccc(-c5ccccc5)cc4)cc3)c2)cc1,21.41
N#Cc1ccc(-c2nnc(-c3ccc(C(=O)NN=Cc4cc(C=O)c(O)c(C=O)c4O)cc3)o2)cc1,15.8
COc1ccc(C=Nn2c(-n3nc(-c4ccccc4)n[n+]3-c3ccc(C)cc3)nn(CN3CCOCC3)c2=S)cc1,34.86
Fc1ccc(N=c2nc[nH]c3ccccc23)cc1,24.58
Cc1nc(-c2ccc(-n3c(O)c(O)c(C(=O)c4ccc(C#N)cc4)c3-c3ccco3)cc2)cs1,18.49
N#Cc1ccc(C(=O)c2cccc(C#N)c2)cc1,13.33
COc1ccc(C(=O)NC(CC(=O)O)c2cccnc2)nc1-c1ccc(C#N)nc1,27.02
CCCn1nc(-c2ccc(C#N)s2)nc1-c1ccc(-c2ccc(C#N)cc2)cc1,26.92
N=CC(C=NC1CCCCC1)c1ccc(Cl)cc1,28.35
Cc1cc(=Nc2ccc(C#N)cc2)[nH]c(-c2cccnc2)n1,13.73
CC(=O)c1cccc(NC(=O)COc2ccc(C#N)cc2)c1,23.48
CC1(C)Cc2c(cnn2-c2ccc(C#N)cc2)C(NCc2ccncc2)C1,23.36
N#Cc1ccc(N=C2c3ccccc3C(=O)C2c2ccc(C=O)cc2)cc1,21.12
CCCNC(=O)c1cnn(-c2cc(-c3ccc(C#N)cn3)cc(C)n2)c1C,25.13
C[n+]1c(-c2ccc(C#N)cc2)cn2c3ccccc3ccc21,21.17
N#CC(C#N)=C1Sc2ccc(Br)cc2N1CCOc1ccc(C=O)cc1,27.03
N#Cc1ccc(-c2nc(-c3ccc(C#N)cc3)nc(-c3ccc(C#N)s3)n2)cc1,17.76
COc1ccc(CN=c2cncc[nH]2)cc1,20.64
COc1ccc2nc(-n3c(-c4ccc(C#N)cc4)cc4c3cc(-c3ccc(C#N)cc3)n4-c3nc4ccc(C)cc4s3)sc2c1,13.49
Cc1ccc(-c2nc(-c3ccccc3)nc(Cl)c2C#N)cc1,19.76
CN(C)C(CC#N)=C(C#N)SCc1cccc(C=Nc2ccc(-c3nc(-c4ccc(N)nc4)nc(-c4ccccn4)n3)cc2)c1,32.07
N#Cc1ccc(CN=c2c(C#N)cc(-c3ccc(C#N)cc3)c3[nH]ccn23)cc1,15.1
CCCc1cc(=O)[nH]c(SCC(=O)NCc2ccccc2)n1,22.5
O=c1c2nnc(-c3ccncc3)n2c2ccccc2n1-c1ccccc1,28.77
Cc1cc(-c2cc(Nc3ccc(C#N)cc3)c3ccn(-c4ccc(C(=O)NC5CC5)c(C)c4)c3n2)ccn1,24.27
N#Cc1ccc(-c2c(-c3ccncc3)ncn2-c2nc3cc(C#N)ccc3n2-c2ccc(C#N)cc2)cc1,27.96
N#Cc1cc2cc(C=O)c(=O)oc2cc1C#N,16.91
CCCc1ccc(C=Cc2ccccc2)cc1,23.49
Cc1cc2c(-c3ccc(N4C(=O)c5cccc6cccc(c56)C4=O)cc3)nc(-c3ccc(N)cc3)nc2s1,17.09
CCCC#Cc1cn(C2CC(O)C(CO)O2)c(=O)[nH]c1=O,16.02
Cc1cc(N2CC(c3nc4ccccc4n3C)C2)[nH]c(=Nc2ccc(C#N)nc2)n1,34.17
COC(=O)CC(C)=NNC(=O)CNC(=O)COc1ccc(C)cc1,30.39
CC1(C)Oc2ccc(C#N)cc2C(n2ccccc2=O)C1O,13.35
COc1ccc(-c2cc[n+](-c3nc4cc(-c5ccc(C#N)cc5)sc4c(=O)n3-c3ccc(OC)cc3)cc2)cc1,23.85
CC(=O)c1ccc(-c2n[nH]c3c2Cc2cc(C#CC(C)(C)O)ccc2-3)cc1,26.68
O=C1CC2(CCN(S(=O)(=O)c3ccc(F)cc3)CC2)C(=O)N1,27.78
CC(C)c1ccc(-n2c(-c3ccc(C#N)cc3)cc3c(-c4ccc(C#N)cc4)ccnc32)cc1,16.2
Cc1ccc(-c2nc(-c3ccc(N=Cc4ccc(C=CC(=O)c5ccc(F)cc5)cc4)cc3)c3ccccc3n2)cc1,22.35
Cc1ccc(-c2nc(-c3c(C)cccc3C#N)no2)cc1,23.39
N#Cc1ccc(-c2cc(-c3c[nH]cn3)nc(-c3ccc(C#N)cc3)n2)cc1,17.52
CCc1ccc(-n2c(SCC#N)nc3c(c2=O)CCC3)cc1,18.69
CNC(=O)NCCNC(=O)c1ccc2c(=O)n(CCN(C)C)c3cccc4ccc1c2c43,30.32
Cn1cc(-c2ccc3c(=Nc4ccc(C#N)cc4)[nH]cnc3c2)cn1,19.98
Nc1cc(O)c(N=Cc2ccc(-c3nc(-c4ccc(C=O)cc4)nc(-c4cc[n+]([O-])cc4)n3)cc2)cc1O,12.19
N#Cc1ccc(NC(=O)Cc2ccc(-c3ccccc3)cc2)cc1,15.12
CCC1CN(C)C2COc3ccc(-c4ccc(C#N)cc4)cc3C(=O)N(C)CC1C2,31.89
O=C(CSc1cnc(-c2ccc(Cl)cc2)c(-c2ccccc2)n1)N1CCCc2cc(Cl)ccc21,28.23
N#Cc1ccc(CC(C#N)Nc2cnc(-c3ccc(C#N)cc3)c(-c3ccc(C#N)cc3)c2)cc1,23.42
CCN(CC)CCN(Cc1ccc(-c2cnc(-c3ccc(C=NO)cc3)s2)cc1C)C(C)=O,30.08
Cc1c(C(N)=O)sc2c1c(=O)n(-c1ccccc1)c(=O)n2Cc1cccc(C#N)c1,23.96
N#Cc1ccc(-c2ccc(-c3nc(-c4ccc(C#N)cc4)nn3-c3ccc(C#N)cc3)cn2)cc1,14.91
CN(C)C=Nc1s[nH]c(=O)c1C#N,14.07
O=C(Cc1ccccc1)N1CCC(c2nc(-c3ccc4ccccc4c3)no2)CC1,29.07
C=CCN=c1nc(N2CCCC2)[nH]c(=NCCC)[nH]1,23.82
N#Cc1ccc(C(c2ccc(C(F)(F)F)cc2)N2C3CCC2C(F)(F)C(c2cccc(C#N)c2)C3)cc1,36.61
N#Cc1ccc(-c2nc3c(C#N)nc(-c4ccc(N5CCOCC5)nc4)cc3n2C2CCOCC2)cc1,18.2
CC(C)=CCc1c(O)cc2oc(-c3ccc(O)c(O)c3)cc(=O)c2c1O,16.63
Cc1cn(C)c(C#Cc2cccc(C#N)c2)n1,14.8
Cc1ccc2c(cc[n+](-c3ccc(-c4cc[n+](-c5ccc(C=NN=C(N)N)cc5)cc4)cc3)[n+]2C)c1,20.84
Cc1ccc2[nH]c(-c3ccc(C=O)cc3)nc2c1,12.1
Cn1c(C#N)ccc1-c1cccc(C=O)n1,20.83
CC(=O)N1c2ccc(S(=O)(=O)Nc3cc(C)ccc3C)cc2CC1C,22.58
N#Cc1ccc(-c2ccc3cc(-c4ccc(C#N)cc4)n(-c4ccc(C(N)=O)cc4)c3c2)cc1,13.85
Nc1ccc(-c2nc(-c3ccc(N)cc3)nc(-c3ccc(N4C(=O)C5=CC6=C(C=C(CC5)C4=O)C(=O)OC6=O)cc3)n2)cc1,12.96
Cc1c(N(CCC#N)C(=O)c2ccc(C#N)cc2)c(=O)n(-c2ccccc2)n1C,19.33
Cc1ccc(-[n+]2c(-c3ccccc3)cc(-c3ccccc3)cc2-c2ccc(C#N)cc2)cc1,17.72
CC(=O)Nc1cc(-c2ccc(C#N)cc2)ccc1-c1ccccc1,19.51
CCCCCCC=CCCCC(=O)Nc1c(F)c(F)c(C#N)c(F)c1F,27.91
N#Cc1ccc(-c2ccc(-c3nccc(CO)n3)cc2C#N)cc1,15.8
NC(=NO)NN=Cc1ccccc1,13.43
N#Cc1ccc(-c2[nH]c(=NC(=O)c3cccc(F)c3)sc2-c2ccc(C#N)cn2)cc1,31.45
N#Cc1cc(C#N)c2c(c1)CCN(C1CCOCC1)CC2,19.0
N#Cc1ccc(-c2cc(C#N)cnc2Cl)nc1,17.39
Cn1c2ccc(O)cc2c2c3c(c4ccccc4c21)C(=O)N(C1OC(C(N)=O)C(O)C(O)C1O)C3,34.5
Oc1cc2c3c(cccc3c1)-c1ccccc1-2,19.22
COC(O)=c1ccc(=C(C#N)C#N)cc1,9.32
N#Cc1ccc(-c2cc3c(-c4ccc([N+](=O)[O-])cc4)[nH]c(=N)nc3n2-c2ccc(C#N)cc2)cc1,29.05
N#Cc1ccc(C(=O)N=c2cc(-n3cc(C#N)cn3)[nH]c(-c3ccccn3)n2)cc1,23.94
N#Cc1ccc(-c2nn(Cc3ccc(F)cc3)c3c2CN(Cc2cnc(C#N)o2)CC3)cc1,33.21
N#Cc1ccc(-n2cc(-c3ccncc3)c(-c3cccc(C#N)c3)n2)cc1,18.31
CN1C(=O)C2(N=C1N)c1ccc(-c3ccc(C#N)cc3)cc1CC21CC1,20.76
N#Cc1ccc(C=CC(=O)C=CC=Cc2ccc(O)cc2)cc1,21.95
N#Cc1ccc(Cn2cc(CN3C(=O)COc4ccc(-c5ccc(C#N)cc5)cc43)nn2)cc1,19.44
OC1CC2CN(c3cc(-n4ccnc4)nc(-c4ccn5ccnc5c4)n3)CC1O2,38.83
O=Cc1ccc(-c2cc(-c3ccccc3)cc(-c3ccc(-c4nc(Cl)nc(Cl)n4)cc3)c2)cc1,8.85
N#Cc1ccc(-c2cc(-c3ccc(N)nc3)nc3c(-c4ccccc4)cnn23)cc1,19.11
Cc1ccc(-c2cc(-c3ccc(C#N)cc3)[nH]c(=N)c2C#N)cc1,15.06
N#CC(=NNc1cc(Cl)cc(Cl)c1)C(=O)c1ccc(C#N)cc1,20.82
CCCC(=O)N=c1[nH]c(-c2ccccn2)cs1,18.6
N#Cc1ccc(OCc2ccccc2)cc1,12.26
CC(C)(C)c1cc(=NC(=O)c2ccc(C#N)cc2)n(-c2ccc(Cl)cc2)[nH]1,23.28
O=C1c2ccccc2CCc2ccccc21,16.55
N#CC(C#N)=Cc1ccccc1,10.8
Cc1[nH]c(=NC(C)C)c(C#N)cc1-c1cc(C#N)c(=O)n(C)c1,17.6
C=CCn1c(-c2cc3ccccc3s2)nc2ccccc2c1=O,24.72
C#Cc1ccc(-n2c(=O)ccc3cc(-c4ccc(C#N)cc4)ccc32)cc1,20.06
Cc1cnc(-c2cccc(N=c3cc[nH]c4cc(C#N)ccc34)c2)n1C,31.57
N#Cc1ccc(C(=O)Nn2cnnc2)cc1,17.24
Cc1nc(N2CCOCC2)ncc1-c1nc(=NC2CCCCC2)c2nc(-c3ccc(C#N)cc3)n(-c3ccc(C(C)C)cc3)c2[nH]1,32.78
N#CC(=O)NC(=O)Cc1ccc(-c2cccc(C#N)c2)cc1,17.62
N#Cc1ccc(N=CNc2ccc(-c3nc(-c4ccc(C#N)cc4)nc(-c4ccc(N)nc4)n3)cn2)cc1,17.48
N#Cc1ccc2[nH]c(C(=O)N3CCc4cnc(C(O)=NO)cc4C3)cc2c1,24.84
C#CCCCC[n+]1ccc(C=NO)cc1,18.08
NCC(N)CS,21.6
CN1C(=O)C(=Cc2cccnc2)C(=O)N(CCc2ccccc2)C1=O,27.56
N#Cc1ccc(=NC2=NC3(CCCCC3)C2C#N)[nH]c1,25.09
O=C(Nc1ccc(C(=O)N2CCCC(n3ccnc3)C2)cc1)N1Cc2ccncc2C1,27.04
N#Cc1cn(CCC(=O)NN=Cc2cccnc2)c2cc(Cl)ccc12,29.83
N#Cc1ccc(CN2C(=O)c3ccc(C=CC(O)=NO)cc3Oc3cc(C#N)ccc32)cc1,21.5
N#Cc1ccc(-c2cc(-c3ccc(C=Nc4ccc(-c5ccc(-c6ccc(C=NNC(=N)N)cc6)o5)cc4)cc3)ccc2C=NN=C(N)N)cc1,29.37
O=C(O)c1ccc(C=Cc2ccc(Oc3ccc(O)c(C=CCO)c3)cc2)cc1,24.75
c1ccc(-c2cc(-c3ccccc3)cc(-c3ccccc3)c2)cc1,13.66
N#Cc1ccc(-c2nc(N3C(=O)C(Cl)C3c3ccc(C#N)cc3)n(-c3ccc(C#N)cc3)c2C(O)=Nc2ccc(-c3nc(-c4ccc(N)cc4)nc(-c4ccc(N)cc4)n3)cc2)cc1,28.87
N#Cc1ccc(CN2CCNC(C(=O)N(Cc3ccc(C#N)cc3)Cc3ccc(F)cc3F)C2)cc1,31.72
COc1cc(-c2ccc(C#N)cc2)cc(C=O)c1O,10.46
CCCN1C(=O)C(=Cc2ccc(-c3ccccc3)o2)SC1=S,21.45
Cc1noc(C(=O)Nc2nc(C)c3c(c2C#N)CC(C)(C)OC3)c1Cl,29.12
Cc1cc(C)n2nc(C(=O)N3CCC(N4C(=O)OCc5ccccc54)CC3)cc2n1,26.11
N#CC=Cc1ccc(-c2nc(-c3ccc(N)nc3)cc(-c3cccc(C#N)c3)n2)nc1,21.35
N#Cc1ccc(-c2ncc(C#N)cc2-c2ccncc2)nc1,16.01
N#Cc1ccc(NC(=S)NN=Cc2ccccc2)cc1,14.95
Cc1cc(C)c(-c2cc(C(N)=O)c3c(C)c(C)nn3c2)c(C)c1,26.33
N#Cc1ccc2cc(-c3ccc(C=O)cc3)[nH]c2c1,13.94
Cc1nnc(-c2ccc(C#N)nc2)cc1N1C(=O)c2ccccc2C1=O,33.13
N#Cc1ccc(-c2ccc(NC(=O)c3cccs3)c(F)c2)cc1,22.21
N#Cc1ccc(-c2nc(-c3ccc(N)nc3)nc(-c3ccccn3)n2)nc1,14.68
COc1ccc(-c2csc(=Nc3nc(N)nc(N=CN(C)C)n3)[nH]2)cc1,23.13
CON(C)C(=O)c1ccc(C(C)(O)C#Cc2cc(C#N)cc(C#N)c2)cc1,35.39
N#Cc1ccc(-c2cc(=NC(=O)c3cnn4cccnc34)n(-c3ccc(C#N)cc3)[nH]2)cc1,15.47
Cc1ccc(-c2cncn2-c2ccc(C#N)cc2)cc1,15.43
CN(C)Cc1nc(-c2ccc3c(=Nc4ccc5ccccc5c4)c(C#N)c[nH]c3c2)cs1,24.19
N#Cc1ccc(CCC(=O)c2cncc(C#N)c2)cc1,20.82
CC(C)=Cc1ccc(C=O)cc1,18.41
N#Cc1ccc(CNC(=O)c2cc(-c3ccc(C#N)cc3)n(-c3ccccn3)n2)cc1,17.75
N#Cc1ccc(-c2nn(-c3ccc(C#N)cc3)c3c2C(=O)CCC3)cc1,13.34
c1cc(-c2cnc(N3CCOCC3)nc2)ccn1,16.59
Cc1cc(=NCCO)[nH]c(=N)[nH]1,18.53
Cc1cc(-n2c(-c3ccc(C#N)cc3)cc(C(=O)c3ccc(OC(F)(F)F)cc3)c2C)no1,25.11
N#Cc1ccc(C=O)cc1,12.08
O=Cc1c[nH]c2ccccc12,13.98
C=CCOc1ccc(C=C2SC(=O)N(Cc3ccc(C(=O)O)cc3)C2=O)cc1,18.05
N#Cc1cccc(-c2nc(-c3ccc(N)nc3)nc(-c3ccc(N=Cc4cc(C=O)c(O)c(C=O)c4O)nc3)n2)c1,10.81
NC(=O)c1cc(-c2ccc(C=O)cc2)nc(-c2ccc(C=O)cc2)n1,16.99
COc1cc2nc(C)n(-c3ccc(NC(=O)C=Cc4ccc(O)c([N+](=O)[O-])c4)cc3)c(=O)c2cc1OC,31.84
C=Cc1ccc(C#N)cc1O,14.15
CNC(=O)c1ccc(=NC(=O)c2ccc(-c3ccc(C#N)cn3)cc2F)sc1C(C)C,29.98
N#Cc1ccc(-c2ccc3nnc(-c4ccc(C=O)cc4)n3n2)cc1,17.3
N#Cc1ccc2c(c1)S(=O)(=O)c1ccccc1C2=O,17.04
Cc1ccc(-c2cc(C(=O)Nc3ccc(C#N)cc3)c3ccccc3n2)cc1,15.92
CC(=O)c1cc(C=O)cc(C=Nc2ccc(-c3nc(-c4ccc(N)nc4)nc(-c4ccc(N)nc4)n3)cn2)c1O,11.21
N#Cc1ccc(NC(=O)c2ccc(-n3cncn3)cc2)cc1,17.65
N#Cc1ccc(NC(=O)c2ccc(-c3ccc4nncn4n3)cc2)cc1,24.14
Cn1nc(-c2ccc(-n3c(=O)c4cc5c(=O)oc(=O)c5cc4c3=O)cc2)cc(C#N)c1=O,18.91
N#Cc1ccc(-c2ccc(-c3ccc(C#N)cc3)s2)cc1,12.77
N#Cc1ccc(CC2=c3c(F)cccc3=NC2=O)cc1,21.3
Cc1ccc2nc(-n3c(-c4ccc(C#N)cc4)cc4c3cc(-c3cccc([N+](=O)[O-])c3)n4-c3nc4ccc(C)cc4s3)sc2c1,18.08
N=C(N)c1ccc(-c2ccc(-c3ccc4cc(C(=N)N)ccc4n3)o2)cc1,20.5
COc1ccc(-c2ccc(CCc3ccc(Cc4ccc5c(c4)NC(=O)C5(C)C)cn3)cn2)cc1,36.9
c1ccc(-c2ccc(-c3nc4ccccc4n3-c3cncc(CCc4cccc5cccc-5c4)c3)cc2)cc1,36.19
Cc1ccc(COc2ccc3c(c2)cc(C(=O)N=c2nn[nH][nH]2)n3Cc2ccc(C#N)cc2)nc1,29.21
Cc1ccc(-c2[nH]c3ccc(C#N)cc3c2C=O)cc1,16.76
N#Cc1ccc(COc2ccc(C#N)c(C#N)c2F)cc1,19.44
Nc1cc(O)c(N=Cc2ccc(-c3nc(-c4ccc(C=O)cc4)nc(-c4ccc(C=Nc5cc(O)c(N)cc5O)cc4)n3)cc2)cc1O,9.46
N#Cc1cc(C(=O)c2ccc(Cl)cc2)cc2ccc(C3=CC4CCC(C3)N4)cc12,29.91
N#Cc1ccc(Oc2cc(C#N)c3ccc(C#N)cc3c2)c(C#N)c1,21.8
CC(=O)c1cc(C)n(-c2ccccc2)c1C,19.57
Cn1c(=O)n(C2CC(N)C2)c2c3cnc(-c4cnc(=N)[nH]c4)cc3ncc21,22.28
N#CC(C#N)=c1ccc(=C(C#N)c2cn(-c3ccc(C#N)cc3)nn2)cc1,17.61
N#Cc1ccc(C(CON=C2c3ccccc3-c3ccccc32)=NO)cc1,27.84
N#Cc1ccc(-n2[nH]cc(C(=O)O)c2=N)cc1,19.52
Cc1nc(-c2ccc(C#N)cn2)ccc1CN1CCc2ccc(C#N)cc2C1,21.47
Cc1ccc2c(=NN=Cc3ccccn3)cc(C)[nH]c2c1,17.14
N#CC(=Cc1ccc(-c2cccc(C=Nc3ccc(-c4nc(-c5ccc(N)cc5)nc(-c5ccc(N)nc5)n4)cc3)c2)cc1)c1c[nH]cn1,28.1
CCC(=O)N1CCC2(CC1)c1cc(-c3cccc(OC)c3)ccc1CCN2C,34.05
N#CC(C#N)=Cc1c(-c2ccccc2)nc2sccn12,17.23
N#Cc1ccc(-c2cc(COc3ccc(S(=O)(=O)N=c4[nH]ccs4)cc3C#N)nc(-c3ccc(C#N)cc3)n2)cc1,21.61
N#Cc1ccc(-c2nc(-c3ccccc3)c(-c3ccc(C#N)cc3)[nH]2)cc1,10.52
CC(C)=CCOc1cc(-c2ccc(C#N)cc2)cc(-c2ccc(C#N)cc2)c1,18.73
N#Cc1ccc(-c2ccc(O)c(C=O)c2)cc1,11.73
Cc1ccc(-c2c(-c3ccccc3)n[nH]c(=O)c2C#N)cc1,15.15
CC1(C)Oc2ccc(C#N)cc2C(N2CCCCC2=O)C1O,15.63
Cc1ccc(-c2cc(=NC(=O)Nc3ccc(F)cc3)nc(-c3ccc(C#N)cc3)[nH]2)cc1,17.8
CC1OC(=O)C1NC(=O)OCc1ccc(-c2ccc(C#N)cc2)cc1,18.36
CSc1nn2cc(-c3nc4ccccc4s3)nc2s1,18.95
N#Cc1ccc(-c2nc(-c3ccc(-n4c(=O)c5cc6c(=O)oc(=O)c6cc5c4=O)cc3)nc(-c3ccc(N)nc3)n2)cc1,13.43
Cn1c(-c2ccc(CN)cc2)cc2c(-c3ccc(C#N)cc3)ccc(-c3ccc(C#N)cc3)c21,16.13
Cc1ccc(Cc2ccc(C=O)cc2O)cc1,21.15
CC(C)N=C(N)c1ccc2[nH]c(-c3ccc(-c4ccc(N=Cc5c(O)c(C=O)c(O)c(C=O)c5O)cc4)cc3)nc2c1,22.35
O=Cc1c(O)c(C=O)c(O)c(C=NC=Nc2ccccc2)c1O,16.81
N#Cc1ccc(-c2ccc(C#N)c3ccccc23)nc1,11.63
CC(C)(O)C#Cc1ccc(C#N)cc1,14.25
Clc1nc(Cl)nc(-[n+]2ccc(-c3cccnc3)cc2)n1,8.73
N#Cc1ccc(-c2cn3nc(-c4ccc(C#N)cc4)ccc3n2)cc1,15.97
N#Cc1ccc(-n2c(-c3cccc(C#N)c3)cc(C#N)c2N)cc1,13.73
Cc1sc2ncn(-c3ccc(-c4ccc(C#N)cc4)cc3C#N)c(=O)c2c1C,20.88
N#Cc1ccc2ccn(C3=C(C=NO)C(=O)c4ccccc4C3=O)c2c1,22.69
Cc1cc(-c2ccc(C#N)cn2)nc2c1cc(-c1ccc(C#N)cc1)c(=O)n2C1CCCC1,19.74
N#Cc1ccc(C=C2C(=O)N(c3ccc(C#N)cc3)N=C2c2ccc3c(c2)OCO3)cc1,18.94
N#Cc1ccc(-c2ccc3c[n+]4ccccc4c(C=O)c3c2)cc1,30.29
CC(C)Cc1ccc(C(C(=O)Nc2cccc(C#N)c2)N(C)C)cc1,22.73
COc1ccc(-c2nc(-c3ccc(Cl)cc3)cc(-c3ccc4c(c3)COC4=O)n2)cc1,32.11
c1ccc(-c2cccc(-c3nc4ccccc4[nH]3)c2)cc1,15.67
Nc1ccc(-c2nc(-c3ccc(N)cc3)nc(-c3ccc(N=Cc4cc(C=O)c(O)c(C=O)c4O)nc3)n2)cc1,12.0
Cc1c2onc(-c3ccccn3)c2cc2c(=O)nc(C(C)C)n(C)c12,29.51
Cc1ccc(N=CN2CCN(C=O)CC2)cc1,14.43
Cc1nc(-c2ccc(N)cc2)n(C)c1-c1ccc(C=O)cc1,17.01
N#Cc1ccc(C(=O)N=CN2CCOCC2)cc1,21.45
CC(C)NC(=O)C=NO,19.96
N#CC=C1C=C(c2ccccc2)c2cc(C#N)ccc2O1,20.08
Cc1cc(C)cc(N=Cc2c(O)c(C=O)c(O)c(C=O)c2O)c1,15.93
Cc1c(OC(=O)C(C)C)cc(C)c2c(C)c(C#N)c(=O)oc12,30.73
Nc1ccc(-c2ccnc(-c3ccc(N=Cc4c(O)c(C=O)c(O)c(C=O)c4O)cc3)n2)cn1,11.95
C=CC(=O)N1CCC(Oc2[nH]ccc(=N)c2F)C1,25.38
COc1cc(-c2nc(-c3ccc(N=Cc4cc(F)c(F)c(F)c4)nc3)nc(-c3ccc(OC(C)C)nc3)n2)ccc1-n1cnc(C)c1,31.42
CCc1c(C#N)c(N)[nH]c(=O)c1C#N,18.51
N#Cc1ccc(-n2c(-c3ccc(-c4ccc(C=O)cc4)cc3)n[nH]c2=O)cc1,16.35
O=Cc1c(Cl)n(COCc2ccccc2)c(=O)[nH]c1=O,25.24
CCOc1cc(C=O)ccc1O,13.84
O=C(C=Cc1ccc(Br)cc1)N=c1cc[nH]c2ccccc12,20.88
N#Cc1ccc(-c2ccc3c(-c4ccc(C(N)=O)cc4)nccc3c2)cc1,19.45
O=C(C=Cc1ccco1)c1ccc(-n2ccnc2)cc1,22.78
N#Cc1ccc(-c2ccnc(C=CC(=O)N=c3[nH]nc(-c4ccc(C#N)cc4)o3)n2)cc1,24.73
Cc1ccc(C=CC(=O)c2ccc(C=Cc3ccc(C=Nc4ccc(-c5nc(-c6ccc(N)cc6)nc(-c6ccc(N)cc6)n5)cc4)cc3)cc2O)cc1,22.9
Cc1ccc(-[n+]2nc(-c3ccc(C=O)cc3)nn2-c2ccc(C#N)cc2)cc1,12.99
C=Cc1ccc(-c2nc(-c3ccc(CO)cc3)nc(-c3ccc(-c4ccccc4)o3)n2)cc1,26.91
N#Cc1ccc(N=Cc2ccc(-c3nc(-c4ccc(C=O)cc4)nc(-c4ccc(C=O)cc4)n3)cc2)c(N)c1,13.07
NC(=Nc1ccc(-c2nc3cc(-c4ccc(-c5ccc(-c6ccc(-c7nc(-c8ccccc8)nc(-c8ccccc8)n7)cc6)cc5)cc4)ccc3[nH]2)cn1)c1ccccc1,29.12
N#Cc1ccc(-c2cc(COc3ccc(C=CC(=O)Nc4ccc(F)cc4)cc3)nc(-c3ccc(C#N)cc3)n2)cc1,25.67
N#Cc1cccc(F)c1,12.34
Cc1ccc(Cn2c(C)c(CNCc3ccncc3)c(C(=O)O)c2C)cc1,23.3
CC(C)n1c(=N)n(-c2ccc(C#N)cc2)c2ccc(C#N)cc21,20.19
COc1ccc(CCNC(=O)C2CCC(CNC(=O)COc3ccc4c(C)cc(=O)oc4c3)CC2)cc1OC,23.71
C=CC(Nc1cc(-c2cnc(N3CCOCC3)nc2)ccc1C#N)C(=O)CNC(C)C,44.84
COc1ccc(C(=O)C=Cc2cc(C#N)c3ccccc3c2)c2c1C=CC(C)(C)O2,16.19
N#Cc1ccc(-c2cccc(C(=O)N3CCCCC3C(=O)O)c2)cc1,23.35
Cc1cc(-c2ccc(C#N)cc2)n(C)n1,15.79
O=CCN1c2ccccc2-n2cccc2C1(O)c1ccc(C=Cc2ccccc2)cc1,31.45
Cn1cc(-c2cccc(N=CN3CCN(C=O)CC3)n2)c(=O)n(C)c1=O,20.91
N#Cc1ccc(-c2cn[nH]c2)cc1,12.17
CC(=Nc1c(C)n(C)n(-c2ccccc2)c1=O)c1c(O)cc(C)oc1=O,19.59
CN1c2cc(C#N)ccc2N(C)S(=O)(=O)c2cccnc21,23.24
N#Cc1cc(=O)[nH]c(=O)n1C1OC(CO)C(O)C1O,19.29
Cc1c2ccc(-n3cnc4ccc(-c5ccc(N)cc5)cc4c3=O)cc2nn1C,20.38
N#Cc1ccc(C(c2ccc(Cl)cc2)c2ccc(-c3cccc(C#N)c3)cc2)cc1,23.21
N#Cc1ccc(C=CC(=O)C=Cc2cccc(Br)c2)cc1,23.61
COc1ccc(C=NN=c2[nH]c3ccccc3c3ccccc23)cc1,19.42
CN1CCc2c(C#N)c(N3CCOCC3)nc(N3CCCC(N)C3)c2C1,25.85
Nc1ccc(-c2nc(-c3ccc(N)cc3)nc(-c3ccc(NC(=O)c4cccc5ccccc45)cc3)n2)cc1,16.72
CS(=O)(=O)c1ccc(Oc2ccc(C#N)cc2C#N)cc1,18.62
N#Cc1ccc(-c2cc(CNCc3ccc(F)c(F)c3)nc(-c3ccccn3)n2)cc1,29.36
COc1ccc(-c2cc(-c3ccc(C#N)cc3)sc2-c2ccncc2)cc1,20.38
N#Cc1ccc(-c2cc(-c3ccc(C#N)nc3)nc(-c3ccc(C=O)cc3)n2)cc1,15.94
Nc1cc(O)c(N=Cc2ccc(-c3nc(-c4ccc(C=O)cc4)nc(-c4ccccc4Cl)n3)cc2)cc1O,12.51
N#Cc1c[nH]n(-c2ccccc2)c1=N,14.34
N#Cc1cccc(-c2c3cc(-c4cccnc4)ccc3nn2-c2ccc(C(N)=O)cc2)c1,34.64
N#Cc1ccc(-c2nc(-c3ccc(C=O)cc3)nc(-c3ccc(C(F)(F)F)c(O)c3F)n2)cc1,27.86
N=C(N)c1ccc(-c2cncc(-c3ccc(C=O)cc3)n2)cc1,11.26
N#Cc1c2c(c(C#N)c3ccccc13)C(=O)c1ccccc1C2=O,13.21
N#Cc1cc2c(N)cccc2n(Cc2ccc(O)c(C=Nc3cnc(C(N)=O)cn3)c2)c1=O,39.54
N#Cc1ccc(-c2ccc(C#N)s2)cc1,10.05
N#Cc1ccc(-c2nc3ccc(C#N)cc3n2C2CCCCC2)cc1,16.44
N#Cc1ccc(-c2ncc(C#N)nc2-c2ccc(-c3cccc(C#N)n3)cc2)cc1,15.48
Cc1nc(-c2ccc(C=O)cc2)nc(-c2ccc(C=Nc3ccc(-c4nc5cc(-c6ccc(N=NN=N)cc6)ccc5cc4C)cc3)cc2)n1,31.02
CC(C)NCc1cc(C=O)cc(C=Nc2cccc(-c3nc(-c4ccc(N)cc4)nc(-c4ccc(N)nc4)n3)c2)c1O,21.05
N#Cc1ccc(-c2ccc(C#N)c(F)c2)cc1,9.8
C(#Cc1ccc2c(c1)CCN2CCN1CCOCC1)c1ccccc1,30.13
Cc1ccc(C2=Nc3ccccc3NC(=O)C2)cc1,17.38
N#Cc1cccc(NC(=O)CCCc2nc(-c3cccc(Cl)c3)no2)c1,27.65
N#Cc1c(N=Cc2ccccc2)sc2c1CCCCC2,13.33
Cc1ccc(-c2nc(-c3ccc(N)cc3)nc(-c3ccc(NC(=O)C=Cc4ccccc4)cc3)n2)cc1,15.16
Cn1c(=O)n(C)c2cc(-c3ccc(=N)[nH]n3)ccc21,23.43
Cc1ccc(-c2ccnc(C(NS(N)(=O)=O)C(N)=O)c2)c(C#N)c1,36.43
N#Cc1ccc(OCc2ccnc(C=NO)c2)cc1,23.07
N#Cc1ccc(N2CCOCC2)cc1,14.33
CC(C)NCC(O)c1cc(-c2ccc(C=O)cc2)nc(-c2ccccc2C#N)c1,27.18
CC(=O)N(Cc1cccnc1)Cc1nc(-c2ccc(C)cc2)c(-c2ccc(C#N)nc2)[nH]1,33.24
CN(C)C=Nc1nc(O)c(Cc2cccc(C#N)c2)nc1O,20.58
N#Cc1ccnc(-c2nc(-c3ccc(N)cc3)nc(-c3ccc(N=Cc4cc(C=O)c(O)c(C=O)c4O)nc3)n2)c1,15.48
Cn1c(-c2ccc(C#N)cc2)cc2[nH]c(=O)n(-c3ccc(-c4cc(F)c(O)c(C#N)c4)cc3)c(=O)c21,24.45
CC(=O)NCc1cccc(-c2ccc3[nH]cc(C#N)c(=Nc4ccc(CS(C)(=O)=O)cc4)c3c2)c1,30.6
N#Cc1ccc(N=c2cc(NC3CC3)n3ncc(=Cc4[nH]c(=O)[nH]c4O)c3n2)cc1,15.15
N#Cc1ccc(-c2cc[n+]([O-])cc2)cc1,12.54
Cc1ccc(-c2csc(=NC(=O)Cc3ccc(Br)cc3)[nH]2)cc1,22.46
Cn1c2ccccc2c(=O)c2c3c(sc21)C(=O)CC(C)(C)C3,20.78
Cc1ccc(-c2nc(C(F)(F)F)cc3c2cc(-c2ccc(C#N)cc2)n3-c2nc3ccc(C)cc3s2)cc1,17.38
N#Cc1ccc(-c2n[nH]c(-c3ccc(C=O)cc3)n2)cc1,13.15
N#Cc1ccc(-c2nnn(-c3ccc(C=O)cc3)n2)cc1,14.96
CC(N=c1nc(N=c2cc(C3CCC3)[nH][nH]2)cc(C#N)[nH]1)c1ccc(C#N)cc1,22.81
C=COC(=O)CC(NC(=O)CF)C(=O)OC,32.99
N#Cc1ccc(-[n+]2ccc(-c3ccccc3)cc2)cc1,12.43
Cc1cn2cc(C(F)(F)F)cc2c(C#Cc2cccc(C#N)c2)n1,15.83
N#Cc1ccc(-c2cn3cc(Cl)ccc3n2)cc1,15.58
N#Cc1ccc(-c2ccc(C(=O)Nc3ccc(Cl)nc3)cc2)cc1,21.83
N#Cc1ccc(-c2cc(-c3ccc(C=O)cc3)nc(-c3ccc(CNCCc4ccncc4)cc3)n2)cc1,17.35
N#CC(=Nc1ncnc2[nH]cnc12)c1ccc(O)cc1,33.37
Cc1noc(-c2ccc(-n3c(-c4ccc(N)nc4)nc(O)c3O)cc2)n1,14.51
Cc1ccc2nc(-n3c(-c4ccc(C#N)cc4)cc4c3cc(-c3ccc(C#N)cc3)n4-c3nc4ccc(C#N)cc4s3)sc2c1,10.32
C#Cc1ccc(C#N)cc1C#N,20.65
O=CN1CCN(C=Nc2cccc(Cl)c2)CC1,14.65
O=C(c1ccccn1)N1CCc2c(ncn2-c2ccc(F)cn2)C1,27.27
O=C1N(C=Nc2ccc(-n3cnc4cc(O)c(O)cc4c3=O)cc2)CCN1CCN=Cc1c(O)cc(C=Cc2ccc(O)c(O)c2)nc1-c1ccc(O)c(O)c1,32.14
COc1ccc(C#N)cc1C#N,10.49
Cc1cc(-c2cc(C#N)c(C#N)cc2C)[nH]c(=N)n1,22.32
N#Cc1ccc(-c2cc(-c3ccc(C=O)cc3)cc(-c3ccc(C#N)cc3)n2)cc1,12.36
N#Cc1ccc(CN(Cc2ccc(C#N)cc2)c2cc(N)nc(N3CCNCC3)n2)cc1,20.9
N#Cc1cc(C#N)c2cccc3c2c1SC3=O,12.24
O=C1CCC(CCc2ccc(-c3ccccc3)cc2)(c2ccccc2)C(=O)N1,23.29
N#Cc1ccc(CNS(=O)(=O)c2ccc(-c3ccc(C#N)cc3)nc2)cc1,20.93
Cc1ccc(-c2nc(-c3ccc(C=O)cc3)nc(-c3ccc(C=Nc4cc(O)c(N)cc4O)cc3)n2)c(O)c1,13.53
Cc1cc(C)c2c(=O)n(-c3ccc(C#N)cc3)c(Cn3ccc4cc(F)ccc43)nc2c1,28.35
C#CCOc1ccc(CCl)cc1,18.84
N#Cc1nnc(-c2ccc(N)nc2)nc1-c1ccco1,17.28
N#CC(C#N)=Cc1ccc(-c2ccc3c(c2)OCO3)cc1,19.34
Cc1ccn(-c2ccc(C#N)cc2)n1,12.89
N#Cc1cccc(-n2[nH]c(=O)c3cc4c(cc3c2=O)OCO4)c1,16.14
CN1C(=O)c2cccc3c(Nc4c(-c5cnc6ccccc6n5)nnn4-c4ccc(C#N)cc4)ccc(c23)C1=O,35.22
N#Cc1ccc(-c2c[nH]c3ccc(C#N)cc23)nc1,16.48
N#Cc1ccc(C=Cc2ccc(C#N)cc2C#N)cc1,15.95
Nc1cc(Cl)ccc1C(=O)N=c1[nH]onc1-c1ccc(Cl)cc1,25.45
N#Cc1cc(-c2nc(-c3ccc(C=[N+]([O-])O)cc3)ns2)ccc1-c1ccc(N)nc1,28.66
CCn1c(-c2ccc(-c3ccc(C#N)cc3)cn2)nc2ccc(C#N)cc21,17.85
N#Cc1ccc(-c2ccc(C(NC(=O)CNC(=O)OCc3ccccc3)c3ccccc3)cc2)cc1,28.67
CC(c1ccccc1)(c1ccc(C#N)cc1)n1ccnc1,20.35
CN(C)c1c(-c2ccc(F)cc2)cnc2ccc(-c3ccc(F)nc3)cc12,28.79
COc1cc(C=NN2C(=O)c3ccc4c5c(ccc(c35)C2=O)C(=O)OC4=O)cc(OC)c1OC,15.79
N#Cc1ccc(Cn2ncc3c(oc4ccccc43)c2=O)cc1,18.03
Cc1nc2nnc(Cc3ccc(-c4ccc(C#N)cc4)cc3)n2c(C)c1C,19.85
CCCCc1ccc(-c2nc(-c3ccc(-c4ccccc4)c(C#N)c3)nc(N3CCN(C)CC3)n2)cc1,25.83
COc1ccc(C2COC(c3ccc(C(C)C)cc3)OO2)c(F)c1,28.88
N#Cc1ccc(-c2cccc(C#N)c2Cl)cc1,14.76
N#Cc1ccc(-c2ccc(-c3cc(-c4cnc(C#N)nc4)ccc3C=O)cn2)cc1,19.55
COc1ccc(-c2ccc3c(-c4ccc(C#N)cn4)nn(Cc4ccc(C#N)cc4)c3c2)cn1,19.92
N#Cc1ccc2nc3ccccc3c(C3=C(c4cn(-c5ccc(C(F)(F)F)cc5)c5ccccc45)C(=O)NC3=O)c2c1,33.9
O=[N+]([O-])c1ccc(-c2cc(-c3ccc(O)cc3)cc(-c3ccc(O)cc3)n2)cc1,19.14
C=CC(=O)Nc1cccc(N=c2nc[nH]c(=Nc3c(C)cccc3C(=O)NC)[nH]2)c1,28.73
C(=NN=c1nc(N2CCCCC2)[nH]c(N2CCCC2)n1)c1ccc(-c2nc3ccccc3s2)cc1,22.67
N#Cc1ccc(-c2ccn3c(-c4ccc(C#N)cc4)nnc3c2)cc1,16.24
C=c1[nH]n(-c2ccc(C(=O)O)cc2)c(=O)c1=Cc1ccccc1,13.74
COC(=O)C=Cc1ccc(C#N)cc1,16.2
O=C(Cc1ccccc1Nc1c(Cl)cccc1Cl)NN=Cc1cc(F)c(O)c(F)c1,24.61
Cc1cccc(=NC(=O)COC(=O)c2ccc(C)c(S(=O)(=O)N3CCOCC3)c2)[nH]1,29.76
N#Cc1ccc(C=Cc2ccccc2)cc1,12.39
Nc1ccc(-c2nc(-c3ccc(N)cc3)nc(-c3ccc(N4C(=O)c5ccc6c7c(ccc(c57)C4=O)C=C6)cc3)n2)cc1,10.11
N#Cc1cccc(CN=c2nc(C#N)[nH]c(N3CCNCC3)n2)c1,19.31
Cc1c(-c2ccc(C#N)cc2)n(C)c2ccc(-c3ccc(C#N)cc3)cc12,19.1
N#Cc1ccc(-n2c(=O)[nH]c3[nH]c(=N)c(Br)cc3c2=O)cc1,19.83
N#Cc1ccc(-c2nc(-c3ccc(C=O)cc3)nc(-c3ccc(C=Nc4ccc5c(c4)CCC5)cn3)n2)cc1,23.5
C=c1c(=Cc2c(O)[nH]c(=O)[nH]c2=O)cc(C)n1-c1ccc(-c2nc3cc(C#N)cc(C)c3[nH]2)cc1,22.01
N#Cc1ccc(-c2nccc3c2[nH]c2ccccc23)cc1,13.82
CC1CC(C=CC[n+]2ccc(-c3ccc(C#N)cc3)cc2)C(=O)O1,14.38
CN(C)C=Nc1nc(-c2ccc(O)c(C#N)c2)no1,19.74
N#Cc1ccc(N=CN2CCN(c3ccc(C#N)cc3)CC2)cc1,13.35
N#Cc1cccc(N=Cc2ccc(-c3nc(-c4ccc5c(-c6cc(CO)ccn6)nc(-c6ccc(C=Nc7cc(O)c(N)cc7O)cc6)nc5c4)c(-c4ccc(N)cc4)o3)cc2)c1,37.69
N#Cc1ccc(-c2cc(-c3ccc(C#N)cc3)nc(-c3ccc(C#N)cc3)c2)cc1,9.25
Cc1cccc(C)c1-n1c(=O)c2cc3c(=O)n(-c4ccc(C#N)cc4)c(=O)c3cc2c1=O,13.69
N#Cc1ccc(-c2ccc3nc(-c4ccc(C#N)cc4)cn3c2)cc1,11.95
NCCc1cccc(C=NN=c2cc[nH]c3cc(Cl)ccc23)c1,23.77
CCC(C)c1ccc(-n2c(-c3ccc(C#N)cc3)cc3cc(C#N)ccc32)cc1,18.77
Cn1c(=O)c2c(nc(Sc3ccc(C#N)cc3)n2C)n(C)c1=O,18.3
Cn1nc(-c2ccc(C#N)cc2)nc1-c1ccc(C#N)[nH]c1=N,22.19
N#Cc1ccc(-c2c(-c3ccc(N)cc3)nc(-c3ccc([N+](=O)[O-])cc3)n2CC2OC(CC(=O)O)CC(c3cccc(C#N)c3)O2)cc1,42.42
Nc1ccc(-c2nc(-c3ccccc3)nc(-c3ccc(N=Cc4ccc(-c5nc(-c6ccc(C=Nc7ccc(C(=O)O)c(O)c7)cc6)nc(-c6ccco6)n5)cc4)cc3)n2)cc1,22.94
Clc1nc(Cl)nc(-[n+]2ccc(-c3ccccc3)c3ccccc32)n1,13.46
COc1ccc(CN(C(=O)c2cccc(C#N)c2)c2ccc(-c3nc(Cl)nc(Cl)n3)cc2)cc1,28.94
Cn1c(-c2cnc(N)c(C#N)n2)nc(-c2ccc(C#N)cc2)c1-c1ccccc1,18.62
Cc1ccc(-c2nc(-c3ccc(N)cc3)nc(-c3ccc(-c4nnc(-c5ccc(C=O)cc5)n4C(C)c4ccc(-c5ccc(C#N)cc5)cc4)cc3)n2)cc1,25.71
N#Cc1c2ccccc2c(C#N)c2cc(F)ccc12,11.7
CCOC1CC2C(=O)N(Cc3ccc(C#N)cc3)CC23OC1C(C(=O)OC)C3COc1ccc(C#N)cc1,45.12
N#Cc1ccc(N=c2[nH]c(N=CN)nc(=NC(=O)c3ccc(-c4ccccc4)cc3)[nH]2)cc1,32.79
N#Cc1ccc(-c2c[nH]c(=N)c(OCc3cccc(C#N)c3)c2)nc1,16.68
CC1=NC(C)=C(C(=O)Nc2ccc(C#N)cc2)C(c2ccc(Cl)cc2)C1C(=O)Nc1ccc(Cl)cc1,20.44
N#Cc1ccc(N=c2[nH]c(-c3ccc(C#N)cc3)cc(=O)o2)cc1,17.23
O=C(N=c1[nH]cccc1-c1cccc2ccccc12)Nc1ccc(F)cc1F,30.91
Cc1cc(-c2ccc(-n3c(O)c(CO)n(Cc4ccc(-c5ccccc5-c5nnnn5C)cc4)c3=O)cc2)cc(-c2cc[n+](C)cc2)n1,36.33
N#CCn1c2ccccc2c2nnc(-c3ccc(Cl)cc3)cc21,20.43
CC(COc1ncc(-c2ccc(-c3cccc(C#N)n3)c(Cl)c2)cc1C#N)C(=O)O,29.4
N#Cc1ccc(CN=c2[nH]c(=N)[nH]c3cc(=O)n(-c4ccc(C#N)cc4)nc23)cc1,25.56
CCN(CC)c1ccc(C=NN=C(N)NN=Cc2cc(C(N)=O)cc3cc(C=N)ccc23)cc1,34.91
CN1CCN(c2cc3c(cc2F)c(=O)ccn3-c2ccc(C#N)cc2)CC1,19.47
N#Cc1ccc(-c2cnc(N3CCCCCC3)nc2-c2ccc(C#N)cc2)cc1,16.22
CC1CN(C(C)CO)C(=O)c2cc(C#Cc3ccc(C#N)cc3)cnc2OC1CN(C)C(=O)C1CC1,21.66
N#Cc1cccc(-c2ccc(NC(=O)c3occ(-c4ccc(F)cc4)c3-c3ccccc3)cc2)n1,31.3
N=c1cc(Cl)[nH]c(=Nc2ccc(Cl)c(Cl)c2)[nH]1,23.01
Cn1nc(-c2ccc(C#N)cc2)cc1-c1nc(-c2ccc(C#N)cc2)nc(-c2ccc(C#N)cc2)n1,15.87
O=Cc1cc(C=O)c(O)c(C=Nc2c(F)c(F)c(F)c(F)c2F)c1,13.62
CN(C)C(=O)c1ncnc(C#N)c1CC(=O)N1CCC(Nc2ccc(C#N)cc2)C1,34.29
O=C(O)c1noc(-c2cccc(C=CC(O)=NO)c2)n1,25.74
CN1CCC(N(C)CC2CCN(c3ncnc4[nH]cc(-c5ccc(F)cc5)c34)CC2)C1,23.15
OCCn1c(C=Cc2ccccc2)nnc1C(F)(F)F,23.85
Cc1c(-c2ccc(C(=O)N=c3cc[nH]cc3)cc2)n(-c2ccc(C(C)C)cc2)c2nc3cccc(-c4ccccc4)n3c(=O)c12,34.76
N#Cc1ccc(-c2c[nH]c(=O)c(C#N)c2)cc1,10.45
N=c1[nH]nc(-c2ccc3[nH]cc(-c4cnc(-c5ccco5)[nH]4)c3c2)o1,30.08
N#Cc1ccc(-c2c(C#N)c(=N)n3nc4ccccc4c(C#N)c3c2C#N)cc1,12.26
Cc1cc[nH]c(=NCc2nc3ccccc3c(=O)n2-c2ccc(C#N)cc2)c1,22.38
COc1cc(C(=O)N2CCOCC2)c(F)cc1N=c1[nH]cc(Cl)c(=Nc2cn(C)nc2S(=O)(=O)NCC=O)[nH]1,34.59
Cc1c2c(nn1-c1ccc(C#N)cc1)C(=O)N(c1ccc(-c3ccc(C#N)nc3)nc1)C2c1ccc(C#N)cc1,22.76
COc1cc(-c2cn3c(-c4ccccc4)c(-c4ccc(C#N)cc4)nc3cn2)ccn1,23.35
CC(C)C(C(N)=O)N(NC(=O)OC(C)(C)C)C(=O)Cc1cccs1,38.16
CN(C)c1ccc(-c2nc(-c3ccc(N)nc3)nc(-c3ccc(N=Cc4c(O)c(C=O)c(O)c(C=O)c4O)nc3)n2)cn1,10.87
N#Cc1ccc(-c2ccc(-c3ccc(C=O)cc3)cc2C#N)cc1,14.19
N#Cc1cc(-c2cc[n+](-c3nc(Cl)nc(Cl)n3)cc2)ccn1,12.57
N#Cc1nc(=NCc2ccccc2)c2c([nH]1)N(Cc1ccc(NC(=O)c3ccc(-c4ccccc4)cc3)cc1)CN2,24.82
Cc1ccc(N=Cc2ccc(-c3cc(-c4ccc(C=O)cc4)cc(-c4ccc(C=O)cc4)n3)cc2)cc1,16.94
Cc1ccc(-c2cc(N=CN3CCN(C=O)CC3)nc(N)n2)cc1,14.22
N#Cc1ccc(-c2ccc(-c3n[nH]c(=O)n3-c3ccc(C#N)cc3)cc2)cc1,14.1
N#Cc1ccc(-c2nc(-c3ccc(N)nc3)nc(-c3ccc(-c4ccc(CO)cc4)c(C(=O)O)c3)n2)cc1,18.25
COc1ccc(C=Cc2cc(OC)cc(=O)o2)cc1,14.93
CN(C)c1cccc(C=C(C#N)c2nc3ccccc3[nH]2)c1,20.23
N#Cc1cc(O)ccc1Nc1cccc2ccccc12,24.77
Cc1ccc2nc(-n3c(-c4ccc(C#N)cc4)cc4c3cc(-c3ccc(C#N)cc3)n4-c3nc4ccccc4s3)sc2c1,10.07
Cc1cc(=O)[nH]c2nn(-c3ccc(C#N)cc3C#N)c(C)c12,27.54
Cc1ccc2c(c1C)OC(c1cccc(C(N)=O)c1)CC2=O,27.41
Cc1cc(-c2ccc(C#N)cc2)cc(-c2ccc(C#N)cn2)c1C#N,16.26
Cc1cc(C#N)cc(C)c1Oc1cc(Oc2ccc(C#N)cc2)[nH]c(=Nc2ccc(C#N)cc2)n1,18.74
COc1ccc(Cc2nc3ccc(C(=O)NCc4ccc(F)cc4)cc3o2)cc1-c1cccc(C)c1,28.37
C#CCNC(=N)N=CC#N,17.34
N#Cc1ccc(-c2nc(C(F)(F)F)[nH]c2-c2ccc(C#N)cc2)cc1,17.29
N#Cc1ccc(-c2n[nH]c(=S)n2-c2ccc(C#N)cc2)cc1,12.65
N#Cc1ccc(-c2csc(Cc3ccc(-c4ccccc4C#N)cc3)n2)cc1,17.13
CCCCn1c2ccccc2c2ccccc21,17.91
N#Cc1ccc(-c2cc(C#N)c3cc(OCc4nnnn4C4CC4)ccc3c2)cc1,31.71
N#Cc1ccc(-c2cc(-c3ccccc3)n(-c3ccc(C#N)cc3)n2)cc1,18.11
N#Cc1ccc(-c2cccc(C#Cc3cccc(C#N)n3)c2)nc1,17.93
Cc1cc(C)[nH]c(=Nc2nc(=O)c3ccccc3[nH]2)n1,19.45
Cc1ccc(-c2nc(-c3ccc(C#N)cc3)nc(-c3ccc(N)nc3)n2)cc1,11.69
CC(C)CN(CNC(=O)c1ccc(C#N)cc1)c1nc(C#N)nc(=Nc2ccc(C#N)cc2)[nH]1,33.53
CCOC(=O)Cn1c(=O)n(-c2ccccc2)c(=O)c2c3c(sc21)CCCC3,25.88
N#Cc1nc(-c2ccc(N)nc2)cc2[nH]c(-c3ccc(N4CCOCC4)nc3)nc(=N)c12,23.55
N#Cc1cc(C(N)=NO)cc(C(F)(F)F)c1,19.74
N#Cc1ccc(CCC(=O)N2CCCn3c(nnc3-c3cscn3)C2)cc1,34.49
N#Cc1cc(C(N)=O)ccc1-c1ccc(C(=O)NC(CO)c2ccccc2)c(F)c1,20.6
Cc1ccc(-c2nc(-c3ccco3)nnc2-c2cc(-c3ccc(C#N)cc3)nc(-c3ccc(C#N)cc3)n2)cc1,19.85
N#CC(=Cc1ccc(-c2ccc(C#N)cc2)cc1)C(N)=O,18.14
N#Cc1cccc(-c2nc3cc(C#N)ccc3o2)c1,15.88
Nc1ccc(-c2cc[n+](-c3nc(Cl)nc(Cl)n3)cc2)cn1,10.69
Cc1cc(-c2ccc(C#N)cn2)ccc1-c1c(C)cnn1C,17.76
CCn1c(=O)c(C(=O)O)c(-c2ccc(C#N)cc2)c2ccccc21,19.33
Cc1cccc2c1OC(c1ccc(C#N)cc1)CC2=O,16.93
N#Cc1ccc(Cn2c(=O)n(-c3ccc(C#N)cc3)c(=O)c3c(Cc4ccccc4)nc(-c4ccc(C#N)cc4)nc32)cc1,22.59
CN=Cc1cc(C=O)cc(C=O)c1O,14.2
Cc1ccc(-c2nc3ccccc3c(=O)n2-c2ccc(C#N)cc2)c(C)c1,17.05
COc1cc2ccc(C=O)nc2cc1OCc1ccc(-c2c(F)cccc2F)o1,33.23
N#Cc1cc(-c2ccc(Cl)cc2)ccc1O,14.38
N#Cc1ccc(C(=O)N=c2ccc(Cl)c[nH]2)c(NC(=O)c2ccc(-c3cc(C#N)ccc3Cl)cc2)c1,23.36
N#Cc1ccc(-c2cc(C#N)ccc2C=O)cc1,11.87
Cc1cnc2c(C#N)c(-c3ccc(C#N)cc3)c3cc(-c4ccc(CS(C)(=O)=O)cc4)ccc3n12,27.24
c1ccc(-c2ccc3ccc(Cc4cncc5cc(-c6ccc(CN7CCOCC7)cc6)[nH]c45)nc3n2)cc1,33.98
COc1ccc(-n2nc(C(=O)NCCc3ccccc3)c3ccccc3c2=O)cc1,20.77
C#Cc1ccc(C#CC2CC2)cc1,16.28
N#Cc1ccc2c(c1)nc(-c1ccc(Cl)cc1)n2Cc1cc(-c2cccs2)on1,26.44
CC1(c2ccccc2)OCC(=O)Nc2c(-c3ccc(C#N)cc3)cc(C#N)cc21,20.72
N#Cc1ccc(-c2cc3ccn(-c4ccc(C#N)cc4)c(=O)c3cc3c(=O)n(-c4ccc(C#N)cc4)cc2-3)cc1,13.81
N#Cc1ccc(N2CCN(CCC#Cc3cccc(C#N)c3)CC2)cc1,15.63
CC1=CC(C#N)C(O)N(C)C1,20.94
C(#Cc1ccc(-n2ccnc2)cc1)CCN1CCC(Cc2ccccc2)CC1,22.65
CN(C)CCN1C(=O)c2cccc3c(C#N)cc(C#N)c(c23)C1=O,9.6
N#Cc1ccccn1,10.23
N#Cc1ccc(-c2cc(C#N)cn2-c2ccc(C#N)cc2)cc1,12.01
C=c1c(=Cc2ccc(-c3ccc(S(N)(=O)=O)cc3)cc2)c(=O)[nH]n1-c1ccccc1,24.33
N#Cc1ccccc1N=Cc1c(O)c(C=O)c(O)c(C=O)c1O,11.24
Cc1c(C#N)c2cc(-c3ccc(C#N)nc3)c3ccc(C(F)(F)F)cc3c2n1-c1ccc(C#N)cc1,21.67
Cc1ccc(N=c2ccc(=NN=Cc3ccc(-c4nnc(-c5ccc(C#N)cc5)o4)cc3)[nH][nH]2)cc1,20.93
N#Cc1ccc(-c2cc(C(=O)O)cc(-c3ccc(C#N)cc3)c2)cc1,13.46
CN(c1ccc(C#N)cc1)S(C)(=O)=O,14.67
N#Cc1ccc(-c2ccc(C#N)c(Cl)c2)cc1,10.78
N#Cc1ccc(-c2ccc3c(-c4ccc(C#N)cc4)cn(-c4ccc(C(N)=O)cc4)c3n2)cc1,18.77
Cc1ncc(-c2ccc(C=NO)cc2)cc1C#N,22.88
N#Cc1ccc(-c2cc(-c3ccc(N)nc3)ccn2)nc1,11.37
N#Cc1ccc(-c2cncc(-c3ccc(N)nc3)n2)nc1,16.34
N#Cc1ccc(N=c2[nH]c(-c3ccc(C(F)(F)F)cc3)cs2)cc1,20.09
N#Cc1ccc(-c2ccc(Cn3nnc4c(=O)[nH]c(-c5ccc(N)nc5)nc43)cc2)cc1,25.38
N#Cc1ccc(N=c2[nH]cc(F)c(=Nc3ccc(C#N)cc3)[nH]2)cc1,17.09
N#Cc1cc(C=O)cn(Cc2ccc(-c3ccccc3-c3nn[nH]n3)cc2)c1=O,16.66
N#Cc1ccc(-c2cc3nccc(N4CCN(Cc5cccc(C#N)c5)CC4)n3n2)cc1,24.61
Cc1ccc(OCC(=O)ONC(=N)c2ccc(C#N)cc2)cc1,21.19
CN(N=O)C(=O)NCCCCCC(=O)N(CC(O)=NO)c1ccc(-c2ccccc2)cc1,39.29
N#Cc1ccc(NC(=O)c2ccc(-n3cccn3)nc2)cc1,17.76
Cc1cc(=Nc2nc(-c3ccc(C#N)cc3)nc3cnc(-c4ccc(N)nc4)nc23)cc[nH]1,32.16
Cc1nn(-c2ccc(C#N)cc2)nc1C(=O)Nc1ccc(-c2ccc(OC3CCN(C)CC3)cc2)cc1,19.6
N#Cc1ccc(-c2cccc3cc(C#N)ccc23)nc1,12.46
CN1CCc2c(c(-c3ccc(C#N)cc3)nn2-c2ccc(C#N)cc2)C1,13.32
CC(=O)Oc1c(-c2c(Cl)cccc2Cl)n(-c2ccc(Cl)cc2)c2c(C#N)ccc(C#N)c12,25.95
N#Cc1cc(C(N)=O)cc(-c2ccc(N=Cc3cc(C=O)c(O)c(C=O)c3O)nc2)c1,17.36
N#Cc1ccc2[nH]c(-c3c(N)c4ccccc4[nH]c3=O)nc2c1,18.57
Cc1ccc(C(=O)N=c2cccc(C#N)[nH]2)cc1-c1ccc(C#N)cn1,16.14
COc1cc(C(=O)N2N=C(c3ccc(C)cc3)CC2c2cc(F)ccc2O)cc(OC)c1OC,27.1
NCc1ccc(-c2nc(-c3ccc(N)nc3)nc(-c3ccc(N=Cc4c(O)c(C=O)c(O)c(C=O)c4O)nc3)n2)nc1,10.08
CCn1c(-c2ccc(NS(C)(=O)=O)cc2)c(C#N)c2ccc(-c3ccccc3)cc21,17.96
N#Cc1ccc(Cn2c(-c3ccc(C#N)cc3)c(C#N)c3c(=N)[nH]c(-c4ccc(C#N)cc4)nc32)cc1,16.83
CC1=CC2C3OC(=O)C(C)C34C(C)=CCC4C=C(CO)CC2(O)C1=O,33.24
CC(=O)N=c1[nH]c(-c2ccc(F)cc2)c(-c2ccncc2)s1,23.51
N#Cc1ccc(-c2csc(-c3ccc(C#N)cc3)n2)cc1,11.27
N=C(N)NS(=O)(=O)c1ccc(-n2cnnn2)cc1,24.01
N#Cc1ccc(N=c2nc(C#N)nc(-c3ccc(C#N)cc3)[nH]2)cc1,16.35
N#CCCCn1c2ccccc2n2c(=O)[nH]c(=O)cc12,28.07
N#Cc1ccc(C=NNC(=O)c2cc(-c3ccc(C#N)cc3)nn2-c2ccc(C#N)cc2)cc1,16.68
Cc1cc(F)c(-c2ccc(C#N)cc2F)nc1C(=O)N=c1[nH]c2ccc(C#N)cc2s1,24.82
N#CCn1cc(C#N)c(-c2ccc(C#N)cc2)c(Cl)c1=O,16.58
CC1=CSC2=NC(=O)C(=Cc3ccc(Cl)cc3)C(=O)N12,20.75
Cc1nn2c(C)c(C(=O)Nc3ccccc3)cnc2c1-c1ccc(C#N)cc1,21.41
COc1ccc(-c2c(-c3ccc(C#N)cc3)nc(-c3ccc(C#N)cc3)n2C)cc1,13.38
CC(=O)N1CCc2c(c(-c3ccc(C#N)cc3)nn2C(C)c2cccnc2)C1,25.43
N#Cc1ccc(C#Cc2ccc(C#N)nc2)cc1,11.51
N=c1[nH]c(-c2ccccc2)nc2ccccc12,19.05
CC1(C)CC(NC(=O)Nc2ccccc2)c2cc(F)ccc2O1,18.67
N#Cc1ccc(CCNC(=O)c2ccc(-c3ccc(C#N)cc3)cc2)cc1,15.51
CC(C)N(C(=O)COc1ccc(-c2cccc(C#N)c2)cc1)C1CC1,25.17
N#Cc1ccc(-c2ccc3nc(-c4ccc(C#N)cc4)c(-c4ccc(C#N)cc4)n3c2)cc1,13.3
N#Cc1ccc(-n2c(=O)c3cc4c(=O)n(-c5ccc(F)cc5)c(=O)c4cc3c2=O)cc1,10.05
CC(=O)c1ccc(-c2nc(-c3ccc(C=O)cc3)nc(-c3ccc(C=Nc4cc(O)c(N)cc4O)cc3)n2)cc1,16.03
Cc1ccc2c(=O)n(N=Cc3cccc(C=O)c3)c(-c3ccncc3)nc2c1,20.8
Cc1nn(C)c2c1c(=O)nc(-c1cncc(S(C)(=O)=O)c1)n2CC1CC1,31.98
CC(C)(C)c1cc(C#N)cc(C#N)c1,15.97
Cc1ccc(-c2nc(SC(C)C#N)n(-c3ccccc3)c(=O)c2C#N)cc1,22.03
CN(C)c1ncc(-c2nc(-c3ccc(F)c(C#N)c3)cc(-c3ccc(C#N)cn3)n2)cn1,21.61
Cc1cc(C2=C(c3ccc(N)cc3)C3CC(Sc4cccc(N)c4)C(=O)C2[S+]3[O-])ccc1O,30.69
CC(C)(C)c1nc2ccc(-c3ccc(C#N)cc3)cc2c(=O)n1-c1ccc(C#N)cc1,18.41
O=Cc1ccc(-c2nc(-c3ccc(C=C4C(=O)NC(=S)NC4=O)cc3)no2)cc1,13.49
N#Cc1ccc(Cn2nc(-c3ccc(C#N)cc3)n(-c3ccc(-c4ccc(C#N)cc4)cc3)c2=O)cc1,18.35
Cc1cc(C)n(-c2nnc3c(n2)c(C)nn3C)n1,23.17
N#Cc1ccc(-c2ccc(C=CC(=O)Nc3cccc(C#N)c3)o2)cc1,20.69
Clc1ccc(-n2ccc(Cl)c2-c2ccc(Cl)cc2Cl)cc1,16.28
COCCN(CCOC)c1cc(C)nc2c(-c3ccc(C(=O)Nc4ccc(C#N)cc4F)cc3)c(C)nn12,24.9
Cn1c(=O)c2c(-c3ccc(C#N)cc3)cc(-c3ccccc3)nc2n(C)c1=O,15.87
N#Cc1ccc2ncc(NC(=O)Cn3ccc4ccccc4c3=O)cc2c1,30.63
Cc1ccc(-c2nc(-c3ccc(NS(=O)(=O)c4ccc(C#N)cc4)cc3)nc(N3CCN(C)CC3)n2)cc1,23.07
CCCCC1(CC)N=C(c2ccc(OC)c(OC)c2)C(=O)N1CCCC(=O)Nc1ccc(C#N)c(F)c1,36.56
N#Cc1ccc(-c2c(C#N)cnc3cc(C#N)ccc23)cc1,15.35
N#Cc1ccc(C(=O)C=Cc2ccc(-c3ccc(C=Cc4ccc(N)cc4)cc3)cc2)cc1,23.02
Nc1ccc(-c2nc(-c3ccccc3)nc(-c3ccc(N=Cc4cccc(C=Nn5c(O)csc5=O)c4)cc3)n2)cc1,20.6
CC(C)N(Cc1cccc(C#N)c1)C(=O)c1ccc(C#N)cc1,18.69
Cc1ccc(-c2cc(-c3ccc(C)c(C)c3)nn2-c2nc(-c3ccc(C=O)cc3)cs2)cc1,22.14
N#Cc1ccc(-c2nc(C(N)=O)nc(-c3ccc(N)nc3)n2)nc1,19.33
COc1cc2c(c(OC)c1OC)-c1ccc(OC)c(=O)cc1C(NC(C)=O)CC2,19.52
COC(=O)C=C(C)C=CCC=C(C)CCC=C(C)C,23.41
O=Cc1cc2c(cc1-c1cccc(C=CC(=O)c3ccc(F)cc3)c1)OCO2,24.83
CCCCCCNC(=O)CCCC1=NS(=O)(=O)c2ccccc2N1,26.06
O=C(O)c1ccc(-n2nnc(-c3ccccc3)c2-c2ccccc2)cc1,21.23
N#Cc1ccc(-c2ccc3c(c2)c2ccccc2n3CCO)cc1,14.72
O=C1C(=O)N(c2ccccc2)C=C1c1ccccc1,19.45
N#Cc1ccc(-c2nc(-c3ccc(N=C=S)cc3)nc(-c3ccc(N=Cc4c(O)c(C=O)c(O)c(C=O)c4O)cc3)n2)cc1,15.57
N#Cc1ccc(Oc2ccc(C#N)cc2)cc1,9.95
N#Cc1ccc(-c2csc(=NN=Cc3ccc(Br)cc3)[nH]2)cc1,16.02
CC(C)=CC(=O)N1CCC(N2Cc3cnc(-c4cnc(=N)[nH]c4)nc3N(c3ccc(C#N)cc3)C2=O)CC1,32.82
N#Cc1nc(C(=O)NCc2ccc(C(=N)N)cc2)c(O)c2ccn(CC(=O)O)c(=O)c12,28.03
N#Cc1ccc(-c2n[nH]c(=NC(=O)c3ccccc3)s2)cc1,16.55
CNCCNCc1ccc(-c2cccc(-c3nc4c(C)cccc4[nH]3)c2)cc1,17.89
Nc1cc(O)c(N=Cc2ccc(-c3nc4cc(-c5ccccc5)ccc4[nH]3)cc2)cc1O,19.96
CNc1cc(-c2ccccc2)ccc1-c1ccc(-c2nc(-c3ccc(N)cc3)nc(-c3ccc(N)cc3)n2)cc1,21.31
N#Cc1c[nH]c2cccc(Cl)c12,20.9
Cc1ccc(C#N)cc1-c1ccc(C#N)cn1,12.34
N#CCc1ccc(-c2cn3nc(-c4ccco4)nc3c(=N)[nH]2)cc1,20.53
Nc1ccc2nc(-c3ccc(C=O)cc3)[nH]c2c1,18.39
N#Cc1ccc(N=Cc2ccc(-c3nc(-c4ccc(C=O)cc4)nc(-c4ccc(C=Nc5cccc(-c6ccccc6)c5)cc4)n3)cc2)cc1,18.51
CC(C)n1c(-c2cc(C#N)c(=O)n(C)c2)cc2c1C(c1ccc(Cl)cc1)N(c1ccc(C#N)cc1)C2=O,24.61
N#Cc1ccc(-c2cc(-c3ccc(C#N)cc3)nc(-c3ccc(N)nc3)c2)cc1,11.79
CC(=O)Nc1cccc(-c2nc3cc(C)ccn3c2-c2cc[nH]c(=Nc3ccc(C#N)cc3)n2)c1,25.06
Cc1[nH][nH]c(=O)c1N=Nc1cc(F)ccc1F,22.78
N#Cc1ccc2ccccc2c1,10.96
CN(C)C(=O)c1ccc(-c2cc(=N)[nH]c(-c3ccc(C#N)cc3)n2)cn1,20.65
COc1cc(N)c(Cl)cc1NC(=O)c1ccc(C(=O)O)cc1-c1ccc(C(=O)NCC(C)(C)C(=O)O)cc1,34.68
N#Cc1ccc(-n2c(=O)c3cc4c(=O)n(-c5cccc(F)c5)c(=O)c4cc3c2=O)cc1,12.52
N#Cc1ccc(-c2cc(-c3ccc(C#N)cc3)c(C#N)cn2)cc1,11.99
CN=c1nc(-c2ccc(C#N)cc2)[nH]c(-c2ccc(C#N)cc2)n1,16.75
N#Cc1cccc(NC(=O)c2cc(C#N)c(N)cc2N)c1,22.79
CCc1ccc(-c2cc3c([nH]2)c(=O)n(C)c(=O)n3C)cc1,18.48
COC(=O)C(c1ccc(C#N)cc1)(c1ccc(C#N)cc1)c1ccc(C#N)cc1,19.61
Nc1cc(N=Cc2ccc(-c3nc(-c4ccccc4)nc(-c4ccc(C=O)cc4)n3)cc2)ccc1O,22.56
Nc1ccc(-c2nc(-c3ccc(N)nc3)nc(-c3ccc(N=Cc4cc(C=O)cc(C=NCCN=c5cc[nH]c6cc(Cl)ccc56)c4O)nc3)n2)cn1,15.28
N#Cc1ccc(-c2cc3n(-c4ccc(C#N)cc4)c4ccccc4n3n2)cc1,19.26
N#Cc1ccc(NS(=O)(=O)c2ccc(C#N)cc2)cc1,17.06
O=Cc1ccc(N=Cc2c(O)ccc3ccccc23)cc1,14.0
CC(C)OC(=O)N1CCN(C(c2ccc(C#N)cc2)c2ccc(C#N)cc2)CC1,24.2
CC(C)NC(=N)c1ccc(-c2ccc(-c3ccc(N=C(N)NS(=O)(=O)c4ccc5oc6ccccc6c5c4)cc3)o2)cc1,36.02
Cc1ccc2c(C=NNc3ccccc3)cc(=O)oc2c1,17.49
CCCCc1nc(Cl)c(Cl)c(=O)n1Cc1ccc(-c2ccccc2-c2nn[nH]n2)cc1,13.51
N#Cc1ccc(-c2cc(-c3ccc(C#N)cc3)n(-c3ccc(S(N)(=O)=O)cc3)n2)cc1,12.27
Cc1c(C)c(C)c2c(c1C)C(=O)CCC2(C)C,18.21
C=c1c(C#N)c(O)n(-c2ccc(C#N)cc2)c1=C,11.44
CC(C)c1ccc(-n2c(-c3ccc(C#N)cc3)cc3c2cc(-c2ccc(C#N)c([N+](=O)[O-])c2)n3-c2ccc(C(C)C)cc2)cc1,14.61
CCN=c1[nH]c(-c2ccc(C#N)cc2)cc2ncn(C)c(=O)c12,13.97
N#Cc1ccc(-c2ccc(-c3nc(-c4ccc(C#N)cc4)c4n3CC(CF)OCC4)cc2C#N)cc1,16.77
COc1cc(C)c2nc3cc(OC)c(OC)cc3c(-c3ccc(OC)c(OC)c3)c2c1,24.82
Cc1cc(-c2ccc(C#N)cc2)c2cnc(C(=O)N=CC(=O)OCc3ccccc3)c(C)n12,32.45
CS(=O)(=O)c1ccc(-c2nc(-c3ccc(C#N)cc3F)[nH]c2-c2ccc(C#N)cc2)cc1,24.27
Clc1nc(Cl)nc(-[n+]2ccc(-c3ccccn3)cc2)n1,8.23
Cc1cc(C)c2nc(C)c(COc3ccc(C#N)cc3)nc2c1,23.95
C=Cc1ccc(-c2nc(-c3ccc(C#N)cc3)cc(-c3ccc(C=O)cc3)n2)cc1,13.51
O=Cc1ccc(-c2cc(=O)c3cccc(C(=O)O)c3o2)cc1,18.07
CC(=O)Cc1nc(=NC(=O)c2ccc(Cl)cc2)s[nH]1,23.77
N#Cc1ccc(N=Cc2ccc(-c3cn(-c4ccc(C(=O)O)cc4)cc3C#N)cc2)cc1,17.76
O=C(O)C(=Cc1ccc([N+](=O)[O-])cc1)c1ccccc1,21.31
Cc1ccc(C#N)cc1C#N,11.24
N#Cc1ccc(-c2c(C#N)ccc(N3C=C4C(=Cc5c4ccn(-c4ccc(C#N)cc4)c5=O)C3=O)c2C#N)cc1,22.68
OC1C(=Cc2ccncc2)N2CCC1CC2,21.19
N#Cc1ccc(-c2cc3ccc(C#N)cc3oc2=O)cc1,13.98
COc1nc(-c2ccnc(C)c2)c(F)cc1-n1c(=O)ccc2cc(S(=O)(=O)N=c3ncc(F)c[nH]3)ccc21,22.97
N#Cc1ccc(-c2ccc3c(c2)CCO3)cc1C#N,18.8
Cc1ccc(C#N)cc1C#Cc1cccc(C#N)c1,14.76
N#Cc1ccc(-c2nn[nH]n2)c(-c2ccc(C(Cc3ccc(C(=O)O)cc3)N(Cc3ccccc3)c3ccc(C=O)cn3)cc2)c1,51.38
N#Cc1ccc(-c2nc(-c3ccc(C#N)cc3)nc(-c3ccc(C#N)cn3)n2)cc1,11.03
Cc1cc(=O)c(C(=O)C(C)C)c(-c2ccccc2C(=O)O)n1-c1ccc(C#N)cc1,25.75
CC1C2=C(CC1C#N)CN1C2c2c(c(O)n(-c3ccc(C#N)cc3)c2O)C1c1ccc(C#N)cc1,31.2
COc1nc(-c2ccc(N=c3nc(C4CCCN(C(=O)C5(C#N)CCCCC5)C4)nc4c(C#N)c[nH]n34)cc2)ccc1C#N,43.25
CCOc1ccc(C=NN=C(N)NN=Cc2ccc(-c3cn4cc(C)ccc4[n+]3C)cc2)cc1C=O,25.83
C=C1C(=O)OC2CC(C)=C(C(C)CC(=O)O)C(OC(=O)C=Cc3ccc(OC)cc3)C12,31.3
Cc1ccc(-c2cc(-c3ccc(N=Cc4c(O)c(C=O)c(O)c(C=O)c4O)cc3)nc(-n3cc(C=O)c(-c4ccc(C=O)cc4)n3)n2)cc1,20.47
CC1CCN(C(=O)c2cc3nc(-c4ccc(C=CC(=O)Nc5ccc(F)cc5)cc4)cc(C(F)(F)F)n3n2)CC1,28.32
Cc1csc(-c2nc3cc(C(F)(F)F)ccc3nc2-c2ccc(C#N)cc2)n1,24.74
N#Cc1ccc(-c2nc3nccc(-c4ccc(C#N)cc4)n3n2)cc1,15.56
CC(C)CC(NC(=O)OCc1c(-c2ccc(C#N)cc2)cc(C#N)c(=O)n1C)C(=O)O,23.78
Nc1ccc(-c2nc(-c3ccc(C=Nc4cc(O)c(N)cc4O)cc3)nc(-c3cccc4ccccc34)n2)cc1,14.9
COc1ccc(-c2cnc(-c3ccc(C=NO)cc3)o2)cc1,19.31
N#Cc1ccc(CS(=O)(=O)c2ccc(C#N)cc2)cc1,16.37
FC(F)c1cccc(N=c2[nH]cnc3sc(-c4cc[n+](-c5nc(Cl)nc(Cl)n5)cc4)cc23)c1,32.36
O=C1c2ccccc2C(=O)c2ccccc21,14.25
CONC(=O)c1cccc(Oc2nc(Oc3cccc(C(=N)N)c3)c(F)c(C)c2F)c1,22.12
Cc1ccc(-c2cc(-c3ccccc3)c(C#N)c(=N)[nH]2)cc1,12.46
O=Cc1ccc(-c2nc(-c3cccnc3)nc(-c3cccs3)n2)cc1,18.19
CC(C)c1ccc(-n2c(-c3ccc(C#N)cc3)cc3cc(C#N)ccc32)cc1,11.83
CN(C)c1ccc(-c2nc(-c3ccc(C#N)cc3)nc(-c3ccc(C=NO)cc3)n2)cc1,22.57
Cc1ccc2nc(-n3c(-c4ccc(C#N)cc4)cc4c3cc(-c3ccc(C#N)cc3)n4Cc3ccc(C#N)cc3)sc2c1,13.48
CC(C)(C)N=C=Nc1cccc(NCc2ccc(C=Cc3ccc(-c4nc(-c5ccc(O)cc5)nc(-c5ccc(C=O)cc5)n4)cc3)cn2)c1,39.89
Cn1nnnc1-c1ccccc1-c1ccc(Cn2ncc3cc(-n4cc(-c5ccc(N6CCOCC6)nc5)nn4)ccc32)cc1,21.53
Cc1cc(-c2ccc(C#N)cc2)cc(-c2cc3ccccc3[nH]2)n1,23.9
CCCCCC=CCCCC#N,20.88
N#Cc1ccc(-c2cc(C#N)n3cc(-c4ccc(C#N)nc4)ccc23)nc1,11.97
O=C(NN=Cc1ccc(-c2ccccc2)cc1)c1cccnc1,17.75
COc1cc(C(=O)C=Cc2ccc(OC(C)=O)cc2)cc(OC)c1OC,22.31
CCCN(Cc1ccccc1)Cc1c(-c2ccc(C#N)cc2)nc2c(Cl)cc(C#N)cn12,27.07
Cc1nc(-c2ccc(C#N)cc2)c2cc(C(=O)c3ccc(C)c(C)c3)oc2n1,28.1
CN(C)CCN1C(=O)c2cc3c4c5c2-c2ccccc2C1C5(CC4)CS3,27.99
O=C(CCn1cnc2ccccc2c1=O)Nc1ccc2c(c1)OCCO2,24.41
C=Nc1nc(-c2ccc(NC(=O)c3cnn(-c4ccc(C#N)cc4)c3-c3ccc(C)cc3)cc2)nc(=O)c(=O)n1C,23.17
N#Cc1ccc(-c2cccc(-c3cccc(C#N)c3)c2)cc1,14.75
Nc1ccc(-c2nc(-c3ccc(N)nc3)nc(-c3ccc(N=Cc4ccccc4O)nc3)n2)cn1,13.7
Cc1ccc(-c2cc(-c3ccco3)cc(-c3ccccc3)n2)cc1,12.81
N#CC=Nc1nc(-c2cnc(N)nc2)nc(-c2ccc(C#N)cc2)c1C#N,27.0
N#Cc1ccc(-c2ccc3c(c2)C2C(CCN2S(=O)(=O)c2cccnc2)C(CO)N3)cc1,25.21
N#Cc1ccc(CN=c2[nH]cnc3c(C#N)cc(N)cc23)cc1,20.55
N#Cc1ccc(-c2cc(=O)c3cc4ccccc4cc3o2)cc1,17.5
CN(C)CCN(Cc1coc(-c2ccc(C#N)cn2)n1)S(=O)(=O)CCO,35.68
C#Cc1cccc(N=c2[nH]c(=N)c3ncn(C4OC(CO)C(O)C4O)c3[nH]2)c1,23.95
Cn1c(-c2ccc(C#N)cc2)c(C=[N+]([O-])C(C)(C)C)c2ccccc21,26.38
Cc1cc(-c2ccc([S+](C)[O-])cc2)cc[n+]1-c1nc(Cl)nc(Cl)n1,22.95
CC(=O)NC1C(N=Cc2nc3cc(-c4ccc(N)cc4)ccc3c(=O)[nH]2)OC(CO)C(O)C1O,28.77
CN1CCN(c2nc(-c3ccc(C=O)cc3)nc(-c3ccc(C=NO)cc3)n2)CC1,19.4
Cc1ccc(-c2ccc3[nH]c(-c4ccc(C#N)cc4)nc(=O)n23)s1,33.48
Cc1nc(-c2ccc(N3CCC(=O)c4c(C#N)nn(-c5cccc(C#N)c5)c4C3=O)cc2)n(C)n1,23.33
COc1c2c3c(C#N)cc4cc(F)ccc4ccc(=O)c4cc(c-2cc4=3)c1CCN,45.99
Cc1cc(N)c(O)cc1N=Cc1ccc(-c2nc(-c3ccc(C=O)cc3)nc(-c3cc(C#N)cc(C#N)c3)n2)cc1,14.41
Cn1cc(C=NNC(=O)Cc2ccc(Cl)cc2)c2ccccc21,21.24
N#Cc1cc(F)cc(C(=O)N=C(N)N)c1,16.75
COc1ccc(Cl)cc1-c1cccn1-c1ccc(C(=O)O)cc1,21.33
CC(=O)Nc1ccc(-c2cc[nH]c(=Nc3ccc(C#N)cc3)n2)cc1,14.32
N#Cc1ccc(N(CC(=O)NC2CCN(C#N)C2)C2CNc3cc(C#N)ccc3C2)cc1,30.22
N#Cc1ccc(-n2ccc(C#N)c2)cc1,13.77
N#Cc1ccc(-c2ccc3[nH]c4ccc(C#N)cc4c3c2)cc1,16.89
N#Cc1ccc(-c2nc(C#N)nc3cc(CN4CC(C(=O)O)C4)cc(F)c23)cc1,22.71
CC(=O)c1cn(-c2ccc(C#N)cc2)c2c(c1=N)CCC2,32.42
O=C(N=c1[nH]c(-c2ccc(-c3ccccc3)cc2)cs1)c1ccc(-n2cccc2)cc1,26.6
N#Cc1ccc(-c2nc3cccc(-c4ccc(=N)[nH]c4)n3n2)cc1,21.38
CN1CCc2[nH]c(=NC(=O)c3cccc(CNC(=O)c4ccc(-c5cccc(C#N)n5)cc4)c3)sc2C1,23.92
Cc1ccc(-c2ccc(F)cc2)n1-c1ccc(C(=O)NN=Cc2ccc(O)cc2)cc1,27.8
Cc1csc(=NC(=O)c2cc(C#CCN(C)C)cc(C#Cc3ccc(C#N)cc3)c2)[nH]1,30.8
CC(C)=CCc1c(C)cc(-c2ccc(C=O)cc2)cc1C=CC(=O)O,24.27
N#Cc1ccc(-c2ccc(-c3nnnn3-c3ccc(-c4ccsc4)cc3)nc2)cc1,22.93
CN=c1ccc2ncc(-c3ccc(C#N)cc3)n2[nH]1,15.65
N#Cc1ccc(C(=O)N=c2[nH]ccs2)c(F)c1,21.01
N#Cc1cccc(-c2ccc(C3(c4ccc(C(F)(F)F)nc4)CC4CC3N(C(=O)c3ccc(Br)cc3)C4)cc2)c1,40.79
N#Cc1cc(=NC(=O)c2ccc(C#N)c(-c3nc(C4CCOCC4)c[nH]3)c2)n(-c2ccccc2)[nH]1,21.23
N#Cc1ccc(-n2c(=O)n(Cc3ccc(C#N)c(F)c3)c3cnccc32)cc1,24.12
O=C(C=Cc1cccc([N+](=O)[O-])c1)c1ccc(Br)cc1,23.47
CN(C)Cc1cc(C=O)cc(C=Nc2ccc(-c3nc(-c4ccc(N)nc4)nc(-c4ccc(N)nc4)n3)cn2)c1O,9.22
C=C(C)C[N+](=O)[O-],19.13
CCn1c(=O)c2[nH]c(-c3ccc(OC)cc3)cc2n(C)c1=O,22.12
N#Cc1nc(-c2ccccc2)c(-c2ccccc2)nc1C#N,14.72
O=Cc1ccc(-c2ccccc2)cc1-c1ccc(O)cc1,15.33
Cc1cc(C(=O)N=c2cc[nH]cc2F)cc(-c2ccc(C(=O)N(C)C)cc2)c1C,28.85
N#Cc1ccc(N=Cc2ccc(-c3cc(-c4ccc(C#N)cc4)nc(-c4ccc(C=Nc5cc(O)c(N)cc5O)cc4)n3)cc2)cc1,15.49
N#Cc1ccc(N=c2[nH]cc([N+](=O)[O-])c(=NCCC(O)=NO)[nH]2)cc1,29.25
N#Cc1ccc(-c2nc3ccccc3nc2-[n+]2ccc(-c3ccccc3)cc2)cc1,15.03
N#Cc1ccc(-c2nc(C#N)cc3ccc(-c4ccnc(N5CCC(CN)CC5)n4)nc23)cc1,33.22
O=CN1CCN(C=Nc2ccc(Br)cc2)c2ccccc21,17.76
N#Cc1cccc(-c2nc(-c3ccc(C=O)cc3)nc(-c3ccc(C=Nc4cc(O)c(N)cc4O)cc3)n2)c1,11.02
Cc1ccc2nc(-n3c(-c4ccc(C#N)cc4)cc4ccc(-c5cncc(C)n5)cc43)sc2c1,12.19
Clc1cccc(C=C2CCN=C2c2cccnc2)c1Cl,22.89
N#Cc1ccc(N=c2[nH]c3cc(-c4ccc(N)nc4)ccc3o2)cc1,22.92
Cc1c(C#N)c2c(=NCc3ccncc3)[nH]c(-c3cccc(C#N)c3)nc2n1C1CCOCC1,30.1
N#Cc1cc(Cl)cc(Oc2ccccc2C#N)c1,14.34
C=CCc1c(OC2OC(CO)C(O)C(O)C2O)ccc2c(=O)[nH]c(-c3cccc(-c4ccc(C#N)cc4)c3)nc12,32.05
N#Cc1ccc(N=Cc2nc(-c3c[nH]cn3)cc3cc(Nc4cccc(C#N)c4)ncc23)cc1,39.69
CC(C)(C)c1ccc(NC(=O)c2cc(-c3ccc(C#N)cn3)ccn2)cc1,21.8
Cc1ncc(-c2nc(-c3ccc(C#N)cc3)n3c2CCOCC3)cc1Cl,17.49
Nc1ccc(-c2cc(-c3ccc(N)nc3)nc(-c3ccc(N=Cc4cc(C=O)c(O)c(C=O)c4O)nc3)n2)cn1,11.93
CN1CCN(C(=O)c2ccc(Cn3c(=O)c4cc5c(=O)n(-c6ccc(C#N)cc6)c(=O)c5cc4c3=O)cc2)CC1,22.01
CCOC(=O)N=c1cc2c(C#N)nc(-c3ccccn3)nc2c(N)[nH]1,26.17
Cc1ccccc1-c1ccc(O)c(-c2nc(C#N)c(N)c3c2CC(C)(C)CC3=O)c1,32.78
N#Cc1c2c(c(C(=O)O)c3ccc(C(F)(F)F)cc13)CCC2,25.54
N#Cc1ccc(-c2ccc3c(=O)c(-c4ccc(C#N)cc4)coc3c2)cc1,15.24
N#Cc1ccc(-c2nn(-c3c(Cl)cc(C(F)(F)F)cc3Cl)c(=N)s2)cc1,17.88
Cn1c(=O)c2c(ncn2CC#N)n(C)c1=O,19.31
Nc1ccc(-c2nc(-c3ccc4c(c3)OCO4)nc3c2CCCO3)cn1,25.59
CCCCn1c(Cc2cc(-c3ccccc3)no2)nc(C#N)c1N,26.64
C#Cc1ccc(C#Cc2cc(C#N)cc(C#N)c2)cc1,16.94
N#Cc1ccc(-c2ccn3c(-c4ccc(C=O)cc4)nc(-c4ccnc(C#N)c4)c3c2)nc1,23.73
COc1ccc(-c2c(-c3ccc(C(C)C)cc3)cc3c(C#N)c(C)cc(C)n23)cc1,21.52
N#Cc1ccc(-c2cc(-c3cc(C#N)cc(-c4ccc(-n5cc(-c6ccc(C=O)cc6)nn5)cc4)c3)c3ccccn23)cc1,38.9
Cc1cc(C)nc(N=c2[nH]nc(-c3ccc(C#N)cc3)o2)n1,20.3
N#Cc1ccc(C2CC2CNc2ccc(F)nc2)cc1,27.81
N#Cc1ccc(-c2ccc3c(c2)nc(-c2ccc(C#N)cc2)n3-c2ccccc2)cc1,16.92
N#Cc1ccc(-c2cc3[nH]c(F)nc(=N)c3nc2-c2ccoc2)cc1,27.71
N#Cc1ccc(-c2cc(=N)sc(-c3ccc(C#N)cc3)n2)cc1,15.54
CN(CCCNC(=O)c1cnccn1)CCCNC(=O)c1cc(=O)c2ccccc2[nH]1,32.9
C#CCn1c(=O)n(CC)c(=O)c2[nH]c(-c3ccc(OCc4cccc(-c5ccc(C#N)cc5)c4)cc3)nc21,30.83
COc1ccc(C(C)NC(=O)N=c2cc3[nH]nc(-c4ccc(C#N)nc4)c3c[nH]2)cc1Cl,31.11
Cc1cc(-c2ccc(OCC(F)F)c(C#N)c2)nc(C2CCN(c3[nH]c(C)nc(=O)c3-c3ccc(F)cc3)CC2)n1,27.05
CCC(C)NC(=O)CSc1nc2sc3c(c2c(=O)n1-c1ccc(C)cc1)CCC3,23.23
Cc1ccc(-c2cc(-c3cccc(NC(=O)c4ccco4)c3)nc(-c3ccc(C=O)cc3)n2)c(O)c1,26.43
CC(=O)NCc1[nH]c(-c2cc(C(=O)N3CCC(c4ccc(C#N)cc4)CC3)c(C)cc2C2CCC2)nc1C,26.84
Cc1ccccc1CN=c1[nH]c(=Nc2ccc(C#N)cc2)c2ncn(C3CCCC3)c2[nH]1,27.16
COc1ccc(-n2[nH]c(=NCc3cccc(F)c3)c3nc(-c4ccc(C)cc4)n(-c4ccc(C)cc4)c3c2=O)cc1,31.05
N#Cc1ccc(-c2cncnc2)nc1,11.38
N#Cc1ccc(-c2cc(C#N)cc(-n3ccc(=O)[nH]c3=O)c2)cc1,16.62
CC(C)c1cccc2c(=O)c3ccc(-c4ccccc4)cc3oc12,22.56
N#Cc1ccc(-c2ccc3c(c2)nc(-c2cccc(-c4ncccc4F)c2)n3-c2ccc(C#N)cn2)cc1,25.68
Cc1cccc(CNC(=O)C2OC(n3ccc(=O)[nH]c3=O)C(O)C2O)c1,21.3
N#Cc1ccc(N2C(=O)c3cc4c(=O)n(-c5ccccc5)n(-c5ccc(C#N)cc5)c(=O)c4cc3C2=O)cc1,13.1
CN(C)CCCc1ccc(O)cc1,17.76
Nc1ccc(-c2cccc(COC3OC(CO)C(O)C(O)C3O)c2)cn1,24.03
N#Cc1ccc2c(c1)OC(c1ccc(C=O)cc1)c1cc(C#N)ccc1-2,21.4
N#Cc1ccc(-c2nc(-c3ccc(N)cc3)c3ccccc3n2)cc1,14.25
COc1cccc(CCN=C2NN=C(c3ccc(C#N)cc3)CS2)c1,24.22
N#CCN(c1ccc(C#N)cc1)c1nc(C#N)nc(C#N)n1,20.83
CCc1nc(-c2cccc(C)c2)c(-c2cc[nH]c(=Nc3cccc(C#N)c3)n2)s1,26.77
Cc1ccc(N=Nc2[nH]c(-c3ccc(C=O)cc3)nc2C#N)cc1C,23.55
N#Cc1ccc(-c2cccc(CN(Cc3cccc(-c4nc(=O)o[nH]4)c3)Cc3ccccn3)n2)cc1,31.79
Cn1cc2c(n1)CCc1c-2c2c(c3c1c1cc(-c4ccc(C#N)cc4)ccc1n3CC(=O)O)CNC2=O,21.09
N#Cc1cccc(Cc2cccc(=O)n2O)c1,19.83
N#Cc1ccc(-c2ccc(-c3nc(-c4ccc(N)cc4)nc(-c4ccc(N)cc4)n3)s2)cc1,13.92
N#Cc1ccc(-c2cc(C#N)nc3c2Cc2ccccc2O3)cc1,13.81
Cc1ccc(C2OC(=Cc3ccco3)C3=C2C(=O)c2ccccc2C3=O)cc1,33.14
N#CC(C#N)=Cc1cccc(C=Nc2ccc(-c3nc(-c4ccc(N)cc4)nc(-c4ccc(N)nc4)n3)cc2)c1,19.1
Cc1nccc(-c2ccc3c(c2)Cc2c(-c4ccc(C#N)nc4)nc(-c4ccc(N)nc4)n2-3)n1,21.84
O=C(C=Cc1ccccc1)NCc1ccc(Cl)cc1Cl,21.8
N#Cc1ccc(C=Cc2ccc(C=O)cc2)cc1,14.83
N#CC(=Cc1ccc(C#N)cc1)C(=O)c1cccc(C#N)c1,18.29
CCCCc1nc2ccccc2n1Cc1ccc(-c2ccccc2-c2nc(=O)o[nH]2)cc1,20.11
Nc1ccc(-c2nc(-c3ccc(N)cc3)nc(-c3ccc(-n4c(=O)c5cc6cccc7ccc(c-5c76)c4=O)cc3)n2)cc1,9.53
N#Cc1ccc(-n2cc(C#N)c3cc(-n4c(O)cc(=O)[nH]c4=O)ccc32)cc1,31.51
N=c1[nH]c(-c2ccc(Cl)cc2Cl)c(Cl)c(=O)[nH]1,18.76
CCC1(c2ccccc2)OC(=O)Nc2ccc(-c3ccc(C#N)cc3)cc21,18.69
N#Cc1ccc(-c2ccc3oc(-c4ccc(C#N)cc4)c(C#N)c3c2)cc1,14.84
N#Cc1ccc(-c2cc(C#N)nc3cc(-c4ccc(C#N)nc4)ccc23)cc1,14.08
Cc1ccc(-c2cc(-c3ccc(N=Cc4ccc(-c5nc(-c6ccc(C=O)cc6)nc(-c6ccc(C=Nc7cc(O)c(N)cc7O)cc6)n5)cc4)cc3)cc(-c3ccccc3)n2)cc1,23.09
Cc1cc(C)c2c(=O)n(-c3ccccc3)sc2n1,15.72
N#Cc1ccc(-c2c(-c3ccc(C(F)(F)F)cc3)nnn2-c2ccc(C#N)cc2)cc1,22.99
COc1cc2c(cc1F)C1CCNCC1N(C)C2=O,25.69
O=C(N=c1[nH]ccc2ccccc12)c1ccncc1,28.44
N#Cc1ccc(-c2ccc(C(=O)NN=Cc3ccc(Cl)cc3)cc2)cc1,16.79
CS(=O)(=O)NC(=O)c1cncc(-c2cnc3cc(-c4ccc(C#N)cc4)ccn23)c1,24.04
N#CC(C#N)=Cc1ccc(-c2ccc(O)c(N)c2)o1,23.74
N#Cc1cccc(-n2ccc(C#N)c2)c1,14.11
N#Cc1ccc(-c2ccc3c(c2)OCO3)cc1,13.92
CCN(Cc1ccc(C#N)cc1)Cc1ccc(-c2nc(-c3cccc(C#N)c3)cs2)cn1,30.19
COc1ncc(-c2cc3c[nH]c(=Nc4ccc(C(=O)N(C)C)cc4)nc3n2C)c(OC)n1,30.31
N#Cc1c(-c2ccccc2)cc(-c2ccc(C=NO)cc2)[nH]c1=O,18.41
Cn1cc(Cl)c(-c2cc3c(ccn3C)c(-c3ccc(C#N)cn3)n2)nc1=O,21.28
Nc1cc(-c2ccc(-c3ccc(-c4nc5cc(C(F)(F)F)ccc5[nH]4)cc3)cc2)ccc1N=c1cc[nH]c2cc(Cl)ccc12,28.34
C=C(C)C1=CCC(C)(C)c2ccc(-c3ccc(C#N)cc3)cc21,24.79
C=c1c(=C(C#N)C#N)cc(C)n1-c1ccc(-c2ccc(-c3nc4c(C)cccc4[nH]3)cc2)s1,24.48
CC(C)c1ccc(-n2c(-c3ccc(C#N)cc3)cc3c2cc(-c2ccccc2Cl)n3-c2ccc(C(C)C)cc2)cc1,15.25
N#Cc1ccc(-c2ccc3c(-c4ccc(C#N)cc4)nn(-c4cccc(N5CCC(N)CC5)n4)c3n2)cc1,20.38
N#Cc1ccc(-c2cncnc2)cc1,11.53
O=Cc1ccc(-c2nnc(-c3ccc(CNCCCO)cn3)o2)cc1,25.56
N#Cc1cccc(-c2cc3c(=N)[nH]cnc3c(C#N)n2)c1,13.55
Cc1ccc(-c2cc(-c3cc4cc(-c5ccc(C#N)cc5)ccc4oc3=O)nc(-c3ccc(C=O)cc3)n2)cc1,18.62
N#Cc1ccc(-c2ccc3ccc(-c4cccc(C#N)n4)cc3c2)cc1,15.2
N#Cc1ccc(NC(=O)c2ccc(CNS(=O)(=O)c3ccc(C#N)cc3)cc2)cc1,16.42
COc1cccc(-c2nn(-c3ccc(F)cc3)c3c2-c2ccccc2C3=O)c1,26.91
Cc1ccc(-n2c(=O)c3cc4c(=O)n(-c5ccc(C#N)cc5)c(=O)c4cc3c2=O)c(C)c1,13.32
CC12C=CC(C)(O1)c1c2c(O)n(-c2ccc3c(c2)c(C#N)cn3Cc2ccccn2)c1O,31.6
N#Cc1ccc(-c2nc(-c3ccc(C#N)cc3)n(-c3ccc(C#N)cc3)c(=O)c2C#N)cc1,12.5
O=Cc1c(O)c(C=O)c(O)c(C=Nc2cccc(C(F)(F)F)c2)c1O,10.03
Cc1cc(=O)cc(C)n1-c1ccc(C#N)cc1,10.46
NC(=Nc1ccc(-c2nc(-c3ccc(N)cc3)nc(-c3ccc(N)nc3)n2)cn1)c1c(O)[nH]c(=O)[nH]c1=O,19.76
Cn1ccc2ccc(-c3nc(-c4ccc(N5CCOCC5)nc4)nc(-c4ccc(C#N)cn4)n3)cc21,26.31
CC(=O)n1cc(C=O)c(C#N)c1N,24.78
N#Cc1cccc(-c2cc[n+](-c3nc(Cl)nc(Cl)n3)cc2)c1,11.34
COC(=O)C(Cc1cc[nH]c1O)=NC(=O)c1ccc(-c2ccccc2)cc1,29.78
Cc1cc(-n2c(-c3ccc(C#N)cc3)nc(C)c2C)no1,13.53
O=Cc1cccc(C(=O)N=c2c(Cl)c[nH]cc2Cl)c1,18.21
N#Cc1ccc(-c2nc(-c3ccc(C#N)nc3)c(C#N)cc2C#N)cc1,19.75
Cc1ccc(S(=O)(=O)N(CC(=O)N=C(N)N)c2ccc(C(C)C)cc2)cc1,32.68
OC1CCC2NN(Cc3ccccc3)C12,30.18
CC(=O)N=c1[nH]c(=N)c2ncn(C3C(O)C(O)C4CCC(O)C43)c2[nH]1,33.81
CC(C)Oc1ccc(-c2ccc(-c3nc(Cl)nc(Cl)n3)nc2)cc1C#N,24.58
CC(=O)Nc1ccc(NC(=O)c2nccnc2C(=O)O)cc1,26.41
Cc1ccc(CNCCCCCCCCN=c2c3c([nH]c4ccccc24)CCCC3)cc1,25.36
C#Cc1cc2nc(-c3ccc(C#N)cc3)n(-c3ccc(C#N)cc3)c2s1,20.77
Cc1ccsc1-c1nc(-c2ccc(C=O)cc2)cs1,21.68
Cc1ccc(-c2cc(-c3ccc(C#N)cc3)c(-c3ccc(C)cc3)n2-c2nc3ccc(C)cc3s2)cc1,17.81
O=C1Nn2c(cccc2=O)C2=NCCN12,20.92
COc1ccc(C(=O)Nc2ccc(C)c(-c3cn(C)c(C(=O)Nc4ccc(CN)cc4)n3)c2)cc1OC,31.33
O=C(Nc1cccnc1)c1ccc(N2CCCC2=O)c(NC(=O)c2ccccc2)c1,35.97
N#CC1C(=O)CC(c2ccco2)C2C(=O)CC(c3ccc(O)cc3)C=C12,25.64
N#Cc1ccc(-c2cc(N)cc(-c3ccccc3)c2)cc1,13.91
O=C1C(=O)c2ccccc2OC1=Cc1cccc(-c2cccs2)c1,33.62
ON=CC1=Nc2ccccc2OC1,20.41
N#Cc1ccc(-c2cc(=N)[nH]c3ncccc23)cc1,19.45
N#Cc1ccc(-c2ccc3c(-c4ccc(C#N)cc4)nn(-c4ccc(C(N)=O)cc4)c3n2)cc1,12.95
CN1CCN(c2nc3ccc(-c4ccc(C#N)cc4)cc3c(=N)[nH]2)CC1,20.44
Cc1cc(C(=O)O)c2[nH]c(-c3ccc(-c4ccc(C(=O)NC(c5ccccc5)c5ccccc5)cc4)cc3)nc2c1,23.16
N#Cc1ccc(-c2nc(-c3ccc(N)nc3)nc3c2[nH]c2ccccc23)cc1,17.44
N#Cc1ccc(-c2cccc(-c3ccc(CCC(=O)O)n3-c3ccc(C(N)=O)cc3)c2)cc1,16.11
N#Cc1ccc(-c2cc(-c3cccc(C#N)c3)nc(-c3ccc(N)nc3)n2)cc1,15.57
N#Cc1ccc(-c2nc(-c3ccnnc3)nc(N3CCOCC3)n2)cc1,19.63
O=[N+]([O-])c1ccc(C[n+]2ccc(-c3ccccc3)cc2)cc1,20.02
N=C(N)c1ccc(N=Cc2ccc(-c3nc(-c4ccc(C=Nc5cc(O)c(N)cc5O)cc4)nc(-c4ccc(N)nc4)n3)cc2)cc1,17.34
COc1ccc(C#N)c(-c2ccnc(-c3ccc(C#N)cc3)n2)c1,25.08
N#Cc1ccc(-c2ccc(C=O)c(-c3ccc(C#N)cc3)c2)cc1,12.75
Cc1cc(C)n(-c2nc(=O)c3cc(C#N)ccc3[nH]2)n1,19.39
N#Cc1ccc(-c2cc(-c3ccc(C=O)cc3)n(-c3ccc(C(N)=O)cc3)c2-c2ccc(C#N)cc2)cc1,15.57
COc1cc(C=CC(=O)C2C(CN=Cc3ccc(O)c(O)c3)C(C(=O)O)C2c2ccc(O)c(OC)c2)ccc1O,34.54
Cc1ccc(-c2cc(Oc3ccc(C#N)cc3)cc(C(=O)N=c3ccc(C(=O)O)c[nH]3)c2)cc1,18.08
N#Cc1ccc(-c2cn(-c3nc(N)cc(=O)[nH]3)cc2C#N)cc1,19.16
CCc1cc(C)ccc1-c1nc(-c2ccc(C=O)cc2)nc(-c2ccc(C=Nc3cc(O)c(N)cc3C#N)cc2)n1,23.13
CC1=C(C(=O)Nc2ccc(C)cc2)C(c2ccccc2)n2c(sc(=Cc3ccc(O)cc3)c2=O)=N1,19.1
N#CCc1cc(-c2ccc(C#N)cc2)n(-c2ccc(-n3cc(C#N)cc3C=O)cc2)n1,34.17
Cc1ccc(CNC(=O)c2ccc(N(Cc3ccccc3[N+](=O)[O-])C(=O)C=Cc3ccccc3)cc2)cc1,31.73
Cc1ccc(NC(=O)c2cc(-c3ccc(C#N)cc3)cc3c2CCN(CCO)C3)cc1,31.24
CC1COc2ccc(-c3ccc(C#N)cc3)cc2-c2cc3cc(F)ccc3n21,26.5
COc1ccc2c(-n3cc(-c4ccc(C#N)cc4)nn3)ccnc2c1,20.4
O=CN1CCN(C=Nc2ccc(N=CC=Cc3ccccc3)cc2)CC1,16.61
N#Cc1ccc(-c2ccc3c(=O)[nH]n(-c4ccc(OCc5ccc(Cl)cc5)c(C#N)c4)c3c2)cc1,28.26
N#Cc1ccc(-n2c(=O)cc(N3CCOCC3)[nH]c2=O)cc1,19.36
CCc1cc(C#N)cc2c(-c3ccc(C#N)cc3)noc12,21.71
COc1ccc(C#N)cc1-c1cnc2[nH]c(=N)nc(C)c2c1,20.94
N#Cc1ccc(-c2cn(-c3ccc(C#N)cc3)cn2)cc1,11.34
N#Cc1ccc(-c2cc3c(C#N)cc(C#N)n3c(-c3ccc(C(=O)O)cc3)n2)cc1,17.39
CN(C)C=Nc1nc(C#N)nc(N2CCOCC2)n1,17.04
CC(=O)c1cccc(-c2ccc(C=O)cc2)c1,14.43
CC(C)(C)Nc1c(-c2ccc(C#N)cc2)nc2ccc(-c3ccc(C#N)cc3)cn12,19.11
CCc1[nH]c(=N)[nH]c(=N)c1-c1ccc(F)cc1,14.93
N#Cc1ccc(Cn2cnc3cc(C#N)cc(Br)c32)cc1,20.43
N#Cc1ccc(OCC(=O)O)cc1,15.31
CN(C)C(=O)c1ccc2c(c1)[nH]c(=NC(=O)c1ccc(C#N)cc1)n2CCN1CCCC1,18.24
N#Cc1ccc(-c2ccc3c(c2)OCCN(Cc2ncccn2)C3=O)cc1,14.23
Cn1cc(-c2ccc(-c3ccc(C#N)cn3)cn2)cn1,14.4
N#Cc1ccc(C#Cc2nc(C#N)c[nH]2)cc1,15.4
N#Cc1c(F)c(Cl)c(C#N)c(Cl)c1Cl,11.39
COc1cnccc1N=S,25.32
COc1cccc(-c2cc(-c3ccc(F)cc3)c3c(=O)n(C)c(=O)n(C)c3c2)c1,25.6
CC(C)(O)c1nc(-c2ccc(Cl)cc2)cs1,19.11
C[n+]1ccc(C=O)c(C=O)c1,13.59
N#Cc1ccc(-c2cc(C#N)n3cc[nH]c(=N)c23)cc1,12.37
CN(CC(=O)Nc1ccc(N2CCOCC2)cc1)CC(=O)Nc1cccc(C#N)c1,21.49
COc1ccc(C=O)c(C=Cc2ccc(C=O)cc2)c1,15.52
Cc1cccc(-c2nc(-c3ccc(N=Cc4ccc(-c5cc(-c6ccccc6)cc(-c6ccc(C=O)cc6)c5)cc4)cc3)c3ccccc3n2)c1N,27.12
Cc1cc(=O)n(-c2ccc(N=Cc3cc(Cl)ccc3O)cc2)[nH]1,25.04
Cc1scc2c(=O)n(C)c(-n3ccnc3-c3ccc(C#N)cc3)nc12,23.85
Clc1ccc(C=NN=c2cnc3ccccc3[nH]2)c(Br)c1,22.2
N#Cc1ccc(-c2nc(=NC3CC3)n3ncc(=Cc4[nH]c(=O)[nH]c4O)c3n2)cc1,11.67
CNC(C)C(=O)N=c1cc(-c2ccc(C=O)cc2)nc(-c2ccc(C=O)cc2)[nH]1,25.12
Cc1cc(C)n(-c2cc(C)c3c(C(F)(F)F)nn(-c4ccc(C(N)=O)cc4)c3c2)n1,20.31
N#Cc1ccc(-c2nc(=N)[nH]c3c2CN(C(=O)NC2CCC2)C3)cc1,17.51
N#Cc1ccc(-c2cc3c(=N)[nH]cnc3n2-c2ccc(Cl)cc2)cc1,14.25
Cc1nc2ccc(C#N)cc2c(=O)n1-c1ccc(C#N)cc1,13.5
N=c1ncc(-c2ccc(-c3ccccc3S(=O)(=O)NC3CC3)cc2F)c[nH]1,18.56
N#Cc1ccc(-c2nc(-c3ccc(C#N)cc3)c(C#N)c(=O)[nH]2)cc1,12.72
N#Cc1ccc(Oc2ccc3c(=NN=Cc4ccccc4Cl)cc[nH]c3c2)cc1,19.77
CCCC(CCC)n1c(C=Cc2ccc(C#N)cc2)nc(C#N)c1N,24.6
COc1ccc(OC)c(-c2cc(-c3cc(C=O)ccn3)cc(-c3ccc(C#N)cc3)n2)c1,25.09
N#Cc1ccc(-c2ccncc2-c2ccc(C#N)cc2)cc1,16.98
CCc1n(Cc2ccc3ccccc3c2)c2ccccc2[n+]1CC(=O)Nc1ccc(-c2nc(-c3ccc(N)cc3)nc(-c3ccc(N)cc3)n2)cc1,34.38
N#CC(=Cc1ccc(C#N)cc1)NC(=O)Cn1cc(-c2ccc(C#N)cc2)nc1-c1ccc(F)cc1,17.51
CC(=O)OCCN1C(=O)c2cccc3c(C#N)cc(C#N)c(c23)C1=O,12.76
CC(C)(O)Cc1ccc(C(=O)NCc2ccc(C#N)cc2)cc1,24.11
Cc1ccc(O)c(N=Cc2ccc(-c3nc(-c4ccc(C=O)cc4)nc(-c4ccc(C=Nc5cccc(C#N)c5)cc4)n3)cc2)c1,20.86
NC(=Nc1ccc(-c2nc(-c3ccc(C=Nc4cccnc4)cc3)cs2)cn1)c1ccccc1,21.01
CCn1c(=O)c2c(nc3ccccn32)n(C)c1=O,19.0
N#Cc1cc[nH]c(=NC(=O)c2cc(-c3ncccc3F)ccc2Cl)n1,20.79
CCOc1[nH]c(=NC(=O)c2cc(C#N)ccc2NC(=O)c2ccc(-n3nc(C)cc3C)cc2)ccc1C=CC(=O)O,20.39
COc1cc(-c2nc(-c3ccc(C#N)cc3)nc(-c3ccc(N)nc3)n2)ccc1O,19.89
N#Cc1ccc([N+](=O)[O-])cc1,13.69
N#Cc1ccc(C[S+]([O-])c2nc3c(C(N)=O)cc(C#N)cc3[nH]2)nc1,25.81
CCN(CC)C(=O)C=Cc1ccccc1N=Nc1ccc(C#N)cc1,27.98
N#Cc1ccc(-c2nc3ccccc3c(=NCc3ccccc3)[nH]2)cc1,20.7
COc1cc(C=Cc2nc(C#N)c(N)n2C)cc(OC)c1OC,15.39
CC(=O)n1cc(-c2ccc3c(c2)ncn3C)c(-c2ccc(C#N)cc2)n1,24.12
Cc1cc(C)nc(N2CC3CN(C(=O)c4ccccc4-c4ccccc4)CC3C2)n1,21.88
N#Cc1cccc(OCc2ccc(N)cc2)c1,21.39
CC(=O)OCc1cc2cc3c(cc2c(=O)o1)OCO3,25.92
N#Cc1ccc(-c2cn(-c3ccc(C#N)cc3)c3ccccc23)cc1,17.85
N#Cc1ccc(C#Cc2cccc(C#N)n2)cc1,13.93
Fc1ccc(N2CCN(C=Nc3c(F)c(F)c(F)c(F)c3F)CC2)cc1,16.04
N#Cc1ccc(-c2nc3ccccc3c(C#N)c2N)cc1,19.1
N#Cc1ccc(-c2nc(-c3ccc(C#N)cc3)c3ccccc3n2)cc1,9.76
CC1(C)CC(=O)c2c(c(C#N)nn2-c2ccc(C#N)cc2)C1,14.06
CN(CCC#N)c1nc(-c2ccc(C#N)cc2)nc(-c2ccc(C#N)cc2)n1,14.95
Cc1cccc2ccc(C=Cc3cccc(N)c3)nc12,26.65
N#Cc1ccc(-n2cc(C(F)(F)F)nc2-c2ccc(-c3ccccc3)cc2)cc1,11.65
CS(=O)(=O)c1cc(C#N)cc(C(=O)NCCc2ccc(C#N)cc2)c1,24.86
O=Cc1ccc(C=NNC(=O)c2cc3ccccc3o2)cc1,22.71
N#Cc1ccc(-c2ccc3c(c2)CCNC3=O)nc1,20.64
N#Cc1ccc(-c2cc(C(=O)O)c3nc(-c4ccc(C#N)cc4)ccc3n2)cc1,19.86
N#Cc1ccc(-c2cn(C3CC(O)C(CO)O3)c(=O)[nH]c2=O)cc1,14.97
N=C(N)NC(=O)OCc1ccccc1,18.2
N#Cc1ccc(-c2cc(C#N)cc3cc(-c4cccc(C#N)c4)ccc23)cc1,17.59
N#Cc1ccc(N(Cc2cccc(C#N)c2)c2cc(C#N)nc(-c3ccc(N)nc3)n2)cc1,20.82
CC(=N)NCC(CCN)NCCCN=C(N)N,33.08
CC=Cc1cc2ccc(-c3ccc(C#N)cc3)cc(O)c-2n1,30.62
N#CCc1cccc(C#N)c1,14.94
N#CCCn1ccc2cc3c(-c4ccc(C#N)cc4)nn(Cc4ccc(C#N)cc4)c(=O)c3cc2c1=O,21.73
CC(C)c1ccc(-n2cc(C#N)c3ccc(-c4ccc(C#N)cc4)cc32)cc1,11.05
CC(=O)N1CCc2c(c(C#N)c3ccccc3c2C#N)C1,13.83
Cc1ccc(-c2noc(CNS(=O)(=O)c3ccc(C)cc3)n2)cc1,17.9
Cc1cc2nc(SCc3ccc(-c4nc(Cl)nc5ccccc45)cc3)ccc2[nH]1,32.03
N#Cc1ccc(-n2nc(C(N)=O)c3c2-c2cc(N)ccc2C3)cc1,11.8
CC(C)c1ccc(-c2cc(-c3ccc(C#N)cc3)nc(-c3ccc(C=O)cc3)c2)cc1,16.45
COc1cc2c(cc1OCc1cccc(F)c1)Cc1c(-c3ccc(C#N)cc3)n[nH]c1-2,24.16
CC(C)c1ccc(C=Nc2ccc(C#N)cc2)cc1,17.68
N#Cc1ccc(-c2cnc3c(c2)N(Cc2ccccc2C#N)CCN3)cc1,15.41
N#Cc1cc(CO)c2ccn3c(=O)ccc1c23,23.26
Cc1c(Cc2cc(C#N)ccc2F)[nH]c(SC#N)nc1=O,26.19
CCc1nc2c(-c3ccc(C#N)cc3)nc(-c3ccc(C#N)cc3)nc2n1C(CC)CC,27.43
Cn1c(O)c(C=Nc2ccc(C#N)cc2)c2ccccc21,16.62
COc1cc2cc3[n+](cc2cc1OC)CCc1cc2c(cc1-3)OCO2,17.44
COc1cccc(N=CN2CCN(C=O)CC2)c1,15.28
CN(C)c1ncc2nc(-c3ccc(C#N)cc3)c(=O)n(-c3ccc(C#N)cc3)c2n1,14.89
CC(C)n1nc(-c2ccc(C#N)cc2)c2c(=N)[nH]c(F)nc21,19.09
NC(=O)c1ccsc1N,15.95
COc1cc(OC)cc(-c2cc3cc(OC)ccc3cc2-c2ccncc2)c1,31.41
N#Cc1ccc(-c2cc(-c3ccc(C#N)cc3)n(-c3ccc(C#N)cc3)n2)cc1,11.43
O=c1c2c3c(sc2ncn1-c1ccccn1)CCC3,20.13
Cc1c(C)c2c(C)c(C#N)oc2oc1=O,21.49
N#Cc1ccc(-c2nc(C(=O)OCc3c(F)cc(F)c(F)c3F)cc3c2CCN2C(=O)N(CC4CC4)C(=O)C32)cc1,49.08
Cc1cc(O)cc2c1Oc1c(C=CC(C)C)cc(C=O)cc1OC2=O,31.0
C#CCOC(=O)Nc1ccc(S(=O)(=O)N=c2ccc(C)c[nH]2)cc1,25.82
Nc1ccc(-c2nccc(-c3ccc(C=O)cc3)n2)cc1,13.49
C=CC1=C(C#N)C(c2ccco2)C(C#N)(C#N)C(C)=N1,23.81
CCc1nc2ccc(S(=O)(=O)Nc3ccc(F)c(C#N)c3)cc2c(=O)n1-c1ccc(OC)cc1OC,31.4
N#Cc1ccc(Oc2ccc(-c3cc(C(N)=O)nc(-c4ccc(C=O)cc4)n3)cc2)cc1,17.26
c1ccc(CN=c2nc(-n3cnc4ccccc43)cc[nH]2)cc1,20.09
Cc1cc(C)c(-c2ccccc2)cc1O,25.48
N#Cc1cccc(CN2C(=O)C=CC2=O)n1,21.35
N#Cc1ccc(-n2ncc(C=O)n2)cc1,14.84
COc1ccc(-c2cc(-c3ccccc3)c3cc(-c4ccc(C#N)cc4)n(-c4ccc(C#N)cc4)c3n2)cc1,18.61
N#Cc1ccc(-c2csc(=NN=Cc3ccccc3C#N)[nH]2)cc1,15.73
CN1CCN(C(=O)c2ccc(O)cc2)c2ccccc2C1=O,30.21
C=Cc1ccc(-c2nc(-c3ccc(C=O)cc3)nc(-c3ccc(C=Nc4cc(O)c(N)cc4O)cc3)n2)cc1,9.58
CC(C)(CCl)Sc1ccc(C=O)cc1S(N)(=O)=O,28.71
N#Cc1ccc(-n2cncn2)cc1,10.51
Cc1cc(C)nc(-n2[nH]c(C)cc2=NC(=O)COc2ccc(C#N)cc2)n1,18.13
N#Cc1c2ccccc2c(Cl)c2ccccc12,11.66
N#Cc1cccc(NC(=O)c2cccc(Cl)c2)c1,16.96
N#Cc1ccc(-n2cc(C#N)c(OCCO)n2)cc1,19.76
N#Cc1cc(C#N)c2cccc3c2c1C(=O)N(c1ccc(-c2nc(-c4ccc(N)cc4)nc(-c4ccc(N)cc4)n2)cc1)C3=O,9.53
C#CCON=C1c2nnc(C)n2-c2ccccc2CN1c1ccc(C#N)cc1,29.42
N#Cc1ccc(-c2cc(C#N)cc3c2cnn3-c2ccc(C#N)cc2)cc1,14.4
Cc1cccc(NN=Cc2c(C)cc(O)cc2O)c1,20.02
C=CCCCCCCCOc1ccc(-c2cccc(C#N)n2)cc1C#N,27.02
CC(=O)N1CCc2cc(-c3noc(-c4ccc(C#N)cc4)n3)ccc21,17.06
N#Cc1cnc2c(ccn2Cc2ccccc2)c1,21.27
N#Cc1ccc(-c2ccc3c(-c4ccc(C=O)cc4)c(-c4ccc(C#N)cc4)oc3c2)cc1,17.75
CCc1ccc(CN(Cc2ccc(-c3ccc(CNCCc4ccc(C)cc4)cn3)cc2)C(=O)C=Cc2ccccc2)cc1,26.61
NN=Cc1cccc(C=Nc2ccc(-c3nc(-c4ccc(N)cc4)nc(-c4ccc(N)cc4)n3)cc2)c1O,12.56
N#Cc1ccc(-c2nc(-c3ccc(N)nc3)cc(-c3ccc(C#N)cn3)n2)cc1,10.85
N#Cc1ccc(-c2ccsc2)nc1,10.36
O=Cc1ccc(-c2cc(-c3ccccc3)c3ccccc3n2)cc1,17.29
CCOc1cc(C(=O)c2cc(C)ccc2O)c(C=O)cc1C=O,29.53
Cc1cc(N=Cc2ccc(-c3nc(-c4ccc(C=O)cc4)nc(-c4ccc(C=O)cc4)n3)cc2)cc(O)c1N,10.9
N#Cc1ccc(-c2cnc3ccc(-c4ccccc4)cn23)cc1,13.6
Cc1ccc(-c2cc(-c3ccc(C#N)cc3)c(-c3ccc(C=O)cc3)c(-c3ccncc3)n2)cc1,19.57
Nc1ccc(-c2nc3ccc(C(F)(F)F)cc3s2)cc1,19.58
COc1cc(C=Nc2ccc(-c3cc(-c4ccc5c(c4)OCO5)nc(-c4ccc(C=O)cc4)n3)cc2)ccc1O,18.51
Cc1ccc(-c2ccc(-n3c(-c4ccc(C#N)cc4)nc4c(-c5ccc(C#N)cc5)nc(-c5ccc(O)cc5)cc43)nc2-c2ccncc2)cc1,29.98
N#Cc1ccc(-n2[nH]c(=O)c3cc4c(=O)[nH]n(-c5ccccc5C#N)c(=O)c4cc3c2=O)cc1,13.39
CCc1ccc(-c2cc(-c3ccccc3)cc(-c3ccc(-c4nc(Cl)nc(Cl)n4)cc3)c2)cc1,12.98
NC1CCC(N=c2[nH]c(=NC(=O)Nc3ccc(CC(=O)O)cc3)c3ncn(C4OC(CO)C(O)C4N)c3[nH]2)CC1,35.85
N#CC=C(C#N)C(N)=O,15.92
COc1ccc(-c2ccn(-c3ccc4c(c3)CN(C(=O)Nc3ccc(F)c(F)c3)CC4)n2)cn1,39.7
Cc1cc(C=NNC(N)=S)c(C)n1-c1ccccc1,17.81
N=c1ncc(-c2cc(-c3cc4n[nH]c(-c5ccccc5)c4cn3)nc(-c3cccnc3)n2)c[nH]1,25.24
N=C(NN=Cc1ccc(N=Cc2ccc(-c3ccc(-c4ccc(-c5ccc(-c6cc[n+](-c7cc(C=Cc8ccc(C=Cc9ccc(N)cc9)cc8)on7)cc6)cc5)cc4)cc3)cc2)cc1)N[N+](=O)[O-],30.74
N#Cc1ccc2oc(=O)c(-c3cc(N4CCOCC4)nc(-c4ccc(C=O)cc4)n3)cc2c1,23.85
N#Cc1ccc(C(O)(c2cccc(C#N)c2)c2ccccn2)cc1,23.5
Nc1ccc(N=CN2CCN(C=O)CC2)cc1O,14.29
O=c1[nH]nc(Cc2ccc3cc(-c4ccc5c(c4)OCCO5)ccc3c2)c2c1CCCN2,31.75
N#Cc1cc(-c2ccccc2)cc(-c2nc3ccccc3[nH]2)c1,17.9
N#Cc1ccc(-c2cc(-c3ccc(C#N)cc3)nc(-c3ccc(N=Cc4cc(F)ccc4O)nc3)n2)cc1,21.68
CN(C)C=Nc1ncc(-c2nc(-c3ccc(N=Cc4cc(C=O)c(O)c(C=O)c4O)nc3)n[nH]2)cn1,22.13
O=C(O)c1ccc(-n2[nH]c(=O)c3cc4c(cc3c2=O)OCO4)cc1,16.19
Cn1c2cc(=O)n(-c3ccccc3)c(=O)c-2cc2c(=O)n(N=Cc3ccc(O)cc3)ccc21,18.51
COc1ccc(C(=O)C(=Cc2cc(OC)c(OC)c(OC)c2)C(=O)C=Cc2ccc(O)c(OC)c2)cc1,27.24
N#Cc1ccc(C=O)c(Cl)c1,13.34
N#Cc1ccc(-c2cc(-c3ccc(C#N)cc3)c(C#N)c(=N)[nH]2)cc1,12.44
CC(=O)N1CCc2cc(S(=O)(=O)NC(Cc3ccccc3)C(=O)NCC(N)=O)ccc21,27.12
N#Cc1ccc(C(=O)N2N=C(c3ccc(Cl)cc3)CC2c2ccc(C#N)cc2)cc1,19.57
N#Cc1ccc(C#N)c(C#N)n1,12.16
C=CCNc1cc(-n2[nH]c(=O)c3cc4cc(-c5ccc(C#N)nc5)cc(C)c4cc32)ccc1C(N)=O,28.84
N#Cc1ccc(N=c2ncc3cc(-c4ccc([N+](=O)[O-])cc4)n(-c4ccc(C#N)cc4)c3[nH]2)cc1,20.56
CC(=O)c1cccc(CN2C(=O)c3cc(C#N)c(F)c(C(F)(F)F)c3C2=O)c1,24.42
C=CCN1CC2COC(=O)c3ccc4c(c32)C2(C=CC(C#N)C=C12)C(=O)O4,33.82
N#Cc1ccc(-c2ccnc3c2cnn3-c2ccc(C(N)=O)cc2NCC(F)F)cc1,14.91
Cc1cc(C)[nH]c(=NS(=O)(=O)c2ccc(N)cc2)n1,15.09
N#Cc1ccc(-c2csc(=Nc3ccc4c(-c5ccc(C#N)cn5)nc(CN)nc4c3)[nH]2)cc1,27.05
N#Cc1c2ccccc2c(-c2cccs2)c2c(F)cccc12,19.04
N#CN=C1C(=O)NC(c2ccc(O)cc2)C2=CC(=CCc3ccccc3)N(Cc3ccccc3)C=C21,37.05
CC(=O)N1c2ccccc2C=Nc2ccccc21,25.39
Cc1cc(C=NC(=O)CCl)c(O)c(-c2ccc(C#N)cc2)c1,24.45
CN1CCN(c2nc(-c3ccc(C#N)cc3)nc3ccccc23)CC1,13.42
O=C1OC(=O)c2ccc3c4c(ccc1c24)C(=O)N(c1ccc(F)cc1F)C3=O,10.91
N#Cc1ccc(-c2ccc(C#N)c(F)c2)nc1,12.13
Cn1c(-c2ccc(N)cc2)c(C#N)c2ccc(-c3ccc(C#N)cc3)cc21,16.86
N#Cc1ccc(-c2ccc(-c3cc[n+](-c4nc(Cl)nc(Cl)n4)cc3)cc2)cc1,11.61
N#Cc1ccc(N=Cc2c(O)c(C=O)c(O)c(C=O)c2O)cc1-c1ccc(C=O)cc1,12.16
N#Cc1ccc(-c2ccc(C=NNC(=O)c3ccncc3)o2)cc1,14.62
N#Cc1ccc(-c2cn(Cc3ccc(-c4ccccc4-c4nn[nH]n4)cc3)c(-c3nc(C#N)c[nH]3)n2)cc1,23.13
N#Cc1ccc(-c2ccc(-c3nc(-c4ccc(C#N)cc4)nn3-c3ccc(C#N)cc3)cc2)cc1,12.53
N=c1[nH]nc(-c2ccc3c(=Nc4ccc(Cl)cc4CO)cc[nH]c3c2)o1,26.61
N#Cc1ccc(-n2c(-c3ccccc3)cc3c2cc(-c2ccncc2)n3C2CCC(F)(F)CC2)cc1,22.06
Cc1ccc(-c2nc(=Nc3ccc(C#N)cc3)c3ccc(C)cc3[nH]2)cc1,20.2
C#Cc1ccc(C#N)c(-c2ccc(C#N)cn2)c1,14.47
COC(=O)c1cccc(-c2cc3c(c(=O)n(C)c(=O)n3C)n2C)c1O,26.21
N#Cc1ccc(N=CN)cc1,13.91
Cc1c(-c2nnc(-c3ccc(C#N)cc3)o2)cnn1-c1ccc(C#N)cc1,16.15
N#Cc1ccc(-c2nc(-c3ccc(C#N)cc3)c3ccc(CN4CC(C(=O)O)C4)cc3n2)cc1,17.6
CN(C)C=Nc1nc2ccc(-c3ccc(C#N)cc3)nc2s1,18.81
N#Cc1ccc(-c2ccc(C=O)n2-c2ccc(-c3nc(-c4ccc(N)nc4)nc(-c4ccc(N)nc4)n3)cc2)cc1,21.67
CC1OC(n2cnc3c(=N)nc(N=CNc4ccc(-c5nc(-c6ccc(N)nc6)nc(-c6ccc(N)nc6)n5)cn4)[nH]c32)C(O)C1O,21.18
N#Cc1ccc(-c2cc(C=O)cc(NC=O)c2)cc1,17.15
N#CC(C#N)=c1ccc(=C(C#N)c2nc(-c3ccc(C#N)cc3)cs2)cc1,12.36
CC(C)(C)c1ccc2c(-c3ccc(C#N)cc3)cc(C#N)nc2c1,16.82
COc1cc(OC)cc(-c2nccc(-c3ccc(C=Nc4cc(O)c(N)cc4O)cc3)n2)c1,20.46
Cc1n[nH]c2nc3c(C#N)c4c(c(N5CCOCC5)c3c(-c3ccc(C=O)cc3)c12)CCCC4,35.37
N#Cc1ccc(-c2ccc(C(=O)N=c3[nH]c(-c4cccc(CNCc5cccc(C#N)c5)c4)cs3)cc2)cc1,30.64
c1ccc(-c2[nH]nc3ccc(-c4nc[nH]n4)cc23)cc1,16.18
N#Cc1ccc(-n2[nH]c(=O)c3cc4c(=O)[nH]n(-c5cccc(C#N)c5)c(=O)c4cc3c2=O)cc1,11.25
O=Cc1cccc(-c2ccc(O)c(C=O)c2)c1,11.77
Nc1ccc(-c2nc(-c3ccc(N=Cc4cc(C=O)c(O)c(C=O)c4O)nc3)nc(-c3ccc(C(F)(F)F)cn3)n2)cn1,17.08
Cc1nc(=NCc2ncnn2C)cc(-c2ccc3ncsc3c2)[nH]1,29.4
Cc1n[nH]c(=Nc2ccc(C#N)cc2)[nH]c1=O,17.16
Cc1nc(-c2cn(-c3ccccc3C(=O)O)nc2C)nc(=N)[nH]1,33.91
N#Cc1ccc(CC2CSC(=O)NC2=O)cc1,22.39
N#Cc1ccc(-c2csc(=NN=Cc3ccncc3)[nH]2)cc1,13.9
Cn1c(C(=O)NCC=CCC#N)cc2cc(C#N)ccc21,24.24
C=CCN1C(=O)c2cccc3c(C#N)cc(C#N)c(c23)C1=O,14.0
Cc1ccccc1CN1CCC(c2ccc3c(c2)OCO3)C1,30.0
Cc1ccc(-c2cc3c(=N)[nH]cnc3nc2-c2ccc(C#N)cc2)cc1,18.26
Cc1[nH]c(C)c(S(=O)(=O)N2CCCCC2)c1C(=O)N(C)Cc1ccc(C#N)cc1,31.28
N#Cc1ccc(-c2ccc(C#N)c(C#N)c2)cc1,11.11
N#Cc1ccc(C(=O)N=c2[nH]ccs2)cc1,17.22
N#Cc1ccc(-n2[nH]c(=O)c3cc4c(=O)[nH]n(-c5ccc(-n6cnc7cc(F)ccc7c6=O)c(C#N)c5)c(=O)c4cc3c2=O)cc1,26.62
COc1ccc(-c2c(-c3ccc(C#N)cc3)c3cc(-c4ccc(C#N)cc4)ccc3n2-c2nc3ccc(C)cc3s2)cc1,18.05
N#Cc1ccc(NC(=O)c2cc(Oc3ccc(C#N)cc3)c3[nH]c(C(=O)O)cc(=N)c3c2)cc1,29.92
O=CN1CCN(C=Nc2ccc(C(=O)O)c(O)n2)CC1,19.6
Cc1cc2c(-c3ccc(C#N)cc3)cccc2n1-c1ccc(C(=O)NC#N)cc1,28.08
CCCCc1ccc(-c2nc(-c3ccc(C#N)cc3C)no2)cc1,20.91
O=[N+]([O-])c1ccc(-c2cc[n+](-c3nc(Cl)nc(Cl)n3)cc2)cc1,13.05
CN(N=Nc1ccc(C(=N)N)cc1)C(=O)c1ccc(-c2ccccc2)cc1,23.12
CCC(C=O)NC(=O)CCCCCN1CCN(c2ccc(C#N)cc2)CC1,28.86
N#Cc1c(-c2ccc(Cl)cc2)cc(=NN=Cc2ccccc2)[nH]c1N,23.14
N#Cc1ccc(-n2nc(C=O)cc2C=O)cc1,16.21
O=C(O)C=Cc1ccc(Cl)cc1,16.16
Cc1c(-c2ccc(C#N)nc2)nc(-c2ccc(C#N)cc2)nc1-c1ccc(N)c(C#N)c1,22.44
NC1CCCN(c2nc(-n3ccc4ccccc43)nc(C3(N)CCC3)n2)C1,27.59
N#Cc1ccc2c(c1)C(=O)N(CCC(=O)NCCNCCN)C2=O,28.18
COc1ccc(-c2cc(-c3ccc(C)cc3)[nH]c(=N)c2C#N)cc1,15.45
C=CCN1C(=O)c2ccc(OCc3ccncc3)cc2C1=O,24.36
O=Cc1ccc(-c2cc(=O)c3c(O)cc(O)cc3o2)cc1,15.75
Cn1ncc2c(-c3ccc(C#N)cc3)cc(-c3ccc(C#N)cc3)c(C#N)c21,20.03
CC(=O)c1ccc(-c2ccc(NC(=O)c3ccc(-c4ccc(O)c(F)c4)cc3)cc2)cc1,23.93
Nc1ccc(-c2nnc3ccc(-c4ccncc4)nn23)cc1,20.13
N#Cc1c(NC=Nc2ccc(-c3nc(-c4ccc(N)cc4)nc(-c4ccc(N)nc4)n3)cc2)sc2c1CCCC2=O,25.63
CC(C)=CCc1c(O)c(C(=O)C=Cc2cccc(O)c2)c(O)c2c(C=O)c(O)ccc12,31.33
CN1C(=O)C(O)(c2ccc3oc(-c4ccc(C#N)cc4)cc3c2)c2ccccc21,28.65
Cn1c(-c2ccc(Cl)cc2)c(-c2ccccc2)cc(C#N)c1=O,12.77
Cn1c(C#N)ccc1-c1ccc(C#N)nc1,15.46
CC=Cc1ccc(-c2nc(-c3ccc(C=O)cc3)nc(-c3ccc(C=Nc4cc(O)c(N)cc4O)cc3)n2)cc1,10.68
COc1cc(CO)cc2c(-c3cc4c(C)cc(C(=O)O)cc4o3)c(-c3cc(C)c(O)c(C)c3)ccc12,45.94
N#Cc1ccc(CN2CCCC2)cc1,14.68
N#Cc1ccc(-c2cccc(O)c2)cc1,15.27
Cc1cccc2[nH]c(=O)c(CN(Cc3ccccn3)C(=O)c3ccc(-c4ccccn4)cc3)cc12,32.29
Cc1ccc(-c2cc(-c3ccc(C#N)cc3)nc(N=Cc3cc(C=O)c(O)c(C=O)c3O)n2)cc1,13.97
Cn1cc(-c2nc(-c3ccncc3)cc(-c3ccc(C#N)cc3)n2)c(-c2ccc(C#N)cc2)n1,22.9
Nc1ccc(-c2nc(-c3ccc(N)nc3)nc(-c3ccc(N=Cc4c(O)c(C=O)c(O)c(C=O)c4O)nn3)n2)cn1,10.68
Cc1ccc(Cl)cc1NC(=O)CN(C(=O)c1ccc2c(c1)OCO2)c1c(N)n(Cc2ccccc2)c(=O)[nH]c1=O,29.55
N#Cc1ccc(-c2nc3ccc(C#N)cc3nc2-c2ccc(C#N)cc2)cc1,12.64
N#Cc1ccc(C2CCN(c3ncc(-c4cc[nH]c(=Nc5cccc(C(=O)O)c5)n4)cn3)CC2)cc1,22.83
N#Cc1cc[nH]c(=NS(=O)(=O)c2ccc(Oc3ccc(Cl)cc3)c(C#N)c2)c1,20.97
O=C(N=Cc1ccccc1)C1CCC(=O)N1CCc1ccccc1,21.3
O=C(Cc1ccc(F)cc1)NC(NC(=S)Nc1ccccc1Cl)C(Cl)(Cl)Cl,31.67
N#Cc1ccc(-c2nc(-c3ccc(C#N)cn3)cc(=O)[nH]2)cc1,12.7
COc1cc(-c2ccc3c(C)nn(-c4nc(C)cc(C)n4)c3c2)ccc1NC(=O)CO,28.24
Nc1ccc(-c2nccc(N=CN3CCN(C=O)CC3)n2)cn1,14.87
Nc1ccc(-c2nc(-c3ccc(N=Cc4c(O)c(C=O)c(O)c(C=O)c4O)cc3)nc(-c3ccc(C(F)(F)F)o3)n2)cn1,18.08
COc1ccc(C=C(C#N)C#N)cc1,12.97
Cc1cc(-c2ccc3c(c2)c(C#N)cn3-c2ccc(C(N)=O)c(NC(C)C)c2)ccn1,21.32
CC=CC=CC=CC=Cc1ccc(C(=O)O)cc1,21.51
N#Cc1ccc(-c2cc(-c3ccc(O)cc3O)[nH]c(=O)c2C#N)cc1,20.17
Cn1c(-c2ccc(C#N)cc2)c(C#N)c2ccc(C#N)cc21,16.81
COc1ccc(-c2cc3cccc(-c4ccc(C=O)cc4)n3n2)cc1,20.59
COc1ccc(-c2ccc3c(c2)c2cc(-c4ccc(=N)[nH]n4)ccc2n3CCN2CCN(C)CC2)cn1,32.88
Cc1cc(C#N)c2c(C#N)cc(-c3ccc(C#N)cc3)nc2c1,18.28
N#Cc1cc(C#N)c2cc(F)ccc2c1N,14.87
O=C(C=C1SCCS1)OCN1C(=O)c2cccc3cccc(c23)C1=O,34.42
N#Cc1ccc(-c2ccc3c(=N)[nH][nH]c3c2)cc1,15.8
N#Cc1ccc(C#Cc2cncc(C#N)c2)cc1,16.68
NC(=O)CNC(=O)C(Cc1ccccc1)NC(=O)C(CCCN=C(N)N)NC(=O)C(N)Cc1ccc(O)cc1,30.82
N#Cc1ccc(-n2[nH]c(=O)c3cc4c(=N)[nH]n(-c5cccc(Cl)c5)c(=O)c4cc3c2=O)cc1,18.45
NC(N)=Nc1ccc(-c2nc(-c3ccc(N=Cc4c(O)c(C=O)c(O)c(C=O)c4O)nc3)nc(-c3ccc(N=C(N)N)nc3)n2)cc1,15.19
N#Cc1ccc(-n2cnc(C(N)=O)n2)cc1,19.53
Cn1c(C#N)ccc1-c1ccccc1,11.63
Cc1ccc(C(=O)N=c2cc(C(=O)NCC=O)[nH]n2-c2ccccc2)cc1-c1ccc(C#N)cn1,20.66
N#Cc1ccc(-c2ccc(C(F)(F)F)cc2)nc1,13.71
Cc1ccc(S(=O)(=O)NN=Cc2ccc(-c3ccccc3)o2)cc1,22.12
N#Cc1ccc(-c2c[nH]c(=N)c(-c3ccc(C#N)cc3)c2)cc1,11.94
COc1nnc(-c2ccc(C#N)cc2)c(-c2ccc(C)cc2)c1C#N,22.08
N#CC(Cc1c[nH]cn1)=NN=c1[nH]nc(-c2ccc(C#N)cc2)nc1Cc1ccccc1,31.68
Nc1ncc(-c2cc3cnc(-c4cnc(N5CCCC5)nc4)cc3c(N3CCOCC3)n2)cn1,26.85
N#CC#Cc1cc(-c2ccc(C#N)cc2)ccc1C=O,17.77
CNC(C=O)C(=O)NCc1ccc(F)cc1,27.2
C=Cc1ccc(-c2ccc3[nH]c(-c4ccc(C=O)o4)nc3c2)cc1,22.39
Nc1ccc(-c2nc(-c3ccc(N)cc3)nc(-c3ccc(N=Cc4ccc(C=Cc5ccc(C=C6CCCc7ccc(F)cc76)cc5)cc4)cc3)n2)cc1,28.52
N#Cc1ccc(-c2nc(=N)nc(-c3ccc(N)nc3)[nH]2)cc1,13.82
N#Cc1ccc(-c2cc3c([nH]c4cc(C#N)ccc43)c(C#N)n2)cc1,11.79
N#Cc1ccc(-c2ccc(C=O)o2)cc1,10.23
C#Cc1ccc(C2(c3ccc(OC(F)F)cc3)N=C(N)N(C)C2=O)cc1,18.99
N#Cc1ccc(-n2c(=O)sc3cc(C#N)ccc32)cc1,16.56
N#Cc1ccc(-c2c3ccccc3c(C#N)c3cccn23)cc1,11.56
O=C(O)CCCC(=O)c1ccccc1,21.05
N#Cc1sc2nc3c(cc2c1N)CCCC3,18.48
N#Cc1ccc(-c2sc3ncccc3c2-c2ccc(C#N)cc2)cc1,16.15
N#Cc1ccc(-c2cc(-c3ccc(C#N)c(C#N)c3)nc(-c3ccc(C=NN=C(N)N)cc3)n2)cc1,22.17
Nc1ccc(-c2nc(-c3ccc(N)cc3)nc(-c3ccc(N=Cc4cccc(C=O)c4)cc3)n2)cc1,14.88
N#Cc1ccc(-c2cc(C#N)cc(C(=O)Nc3ccc(C#N)nc3)c2)nc1,18.05
CCOC(=O)c1nn(-c2ccc(C(N)=O)cc2Nc2ccc(C#N)cc2)c2ccc(C#N)cc12,26.73
N#Cc1ccc(-c2cc(C(N)=O)c3nn(-c4ccc(C(=O)O)cc4)cc3c2)cc1,19.46
N#Cc1ccc(-n2[nH]c(=O)c3cc4c(=O)[nH]n(-c5ccc(-c6ccc(C#N)nc6)cn5)c(=O)c4cc3c2=O)cc1,19.2
Cc1nc(=NC(=O)c2ccc(-n3cnc4cc(C#N)cnc43)c(-c3ccc(C#N)cn3)c2)s[nH]1,27.24
N#Cc1ccc(-c2cc(=N)c(=O)n(-c3ccc(C#N)cc3)[nH]2)cc1,13.8
N#Cc1ccc(-c2cc(=Nc3cccc(C#N)c3)nc(-c3cccnc3)[nH]2)cc1,17.89
CCCn1c(COc2ccc(C#N)cc2)nc2ccccc21,18.3
Nc1ccc(-c2nc(OCC3CC3)nc(-c3ccc4c(-c5nc6ccccc6[nH]5)n[nH]c4c3)n2)cc1,40.75
CC1(C)c2cc(-c3ccc(C#N)cc3)ccc2-c2cc3cc(C#N)cc(C#N)c3nc21,27.03
COc1ccc(Cn2c(=O)n(Cc3ccn(C)c(=O)c3)c(=O)c3cc(-c4ccc(C#N)cn4)ccc32)cc1,34.44
N#Cc1c(C#N)c2nc3ccccc3n2c2ccccc12,18.39
CN(C=Cc1nc2ccccc2c(=O)n1-c1ccccc1)c1ccccc1,19.84
Cc1ccc(-c2nc3sc(-c4ccc(C=O)cc4)c(-c4ccc(C#N)cc4)c3cc2C=O)cc1,20.97
C=CCc1ccc(C2CC2C(=O)N(Cc2ccc(F)cc2)Cc2ccc(-c3ccc(C#N)cn3)s2)cc1,31.68
N#Cc1ccc(Cc2ccc(C=O)cc2)cc1,14.35
Cc1noc(-c2ccc(OC(C)C)c(C#N)c2)n1,17.71
C=CC(=O)Nc1ccc2[nH]nc(-c3cccc(C#N)c3)c2c1,20.1
COc1cc(O)ccc1N=Cc1c(O)c(C=O)c(O)c(C=O)c1O,13.59
Cc1cccc(-c2cc(C#N)c3nn(-c4ccncn4)cc3n2)c1,34.6
Cc1ccc(-c2ccc(C#N)cn2)cc1C#N,13.06
N#Cc1ccc(-c2cc(-c3ccc(C#N)cc3)c(=O)n(-c3ccc(C#N)cc3)n2)cc1,16.63
N#Cc1ccc(-c2cc3c(cc(-c4ccc5ccccc5c4)n3-c3ccc(C#N)cc3)n2-c2ccc(C#N)cc2)cc1,13.11
COC(=O)Cc1ccc(O)c2c(=O)c3c(O)cc(C=O)c(O)c3oc12,32.88
CC=C(c1ccc(C#N)cc1F)c1[nH]c2cc(C#N)c(C#N)cc2c1C#N,38.15
O=Cc1ccc(C=Cc2cc(-c3ccc(C=O)cc3)n[nH]2)cc1,20.82
N#Cc1ccc(C(=O)NCC(=O)NN=Cc2cc(C=O)c(O)c(C=O)c2O)cc1,18.14
Cc1cccn2cc(C=NNC(=O)c3ccncc3)nc12,28.13
N#Cc1cc2c(cc1NC(=O)c1ccccc1)OCO2,19.19
C=C(C#N)c1ccc(Oc2ccc(N)cc2)cc1,22.03
N#Cc1ccc(-c2ccc(C=O)cn2)nc1,11.04
N#Cc1ccc(-c2cc(-c3ccc(C#N)cc3)c3c(c2C#N)C(=O)OC3=O)cc1,15.41
N#Cc1ccc(-c2nc(Cc3ccccc3)cc(-c3ccc(=O)[nH]c3)n2)cc1,22.49
CCN1CCN(c2ccc(-c3[nH]n(-c4ccc(C#N)cc4)c(=N)c3-c3ccc(C#N)cc3)cn2)CC1,27.63
CN(C)Cc1ccc(-c2ccc(NC(=O)c3cc(C#N)cc4[nH]c(-c5ccccn5)nc34)cc2)cc1,20.13
N#Cc1c(-c2cc(-c3ccccc3)cc(-c3ccc(-c4nc(Cl)nc(Cl)n4)cc3)c2)cc(-c2ccccc2)[nH]c1=N,17.53
N#Cc1ccc(C2(Cc3ccccc3)NC(=O)NC2=O)cc1,19.72
COC(O)=c1ccc(=C(C#N)c2ccc(C#N)cc2)cc1,13.93
N#Cc1ccc(-c2cc(-c3ccc(C=O)cc3)nc3cc4c(cc23)OCO4)cc1,19.72
CC(=NN=c1scc(-c2ccc(C=O)cc2)n1-c1ccc(C#N)cc1)c1nc(-c2ccc(C#N)cc2)c(-c2ccc(C)cc2)n1-c1ccc(C#N)cc1,26.48
Nc1ccc(-c2nc3c4ccccc4c(-c4ccccn4)cn3n2)cc1,21.82
N#Cc1ccc(C(c2ccc(C#N)cc2)n2ccnc2)cc1,13.55
N#Cc1ccc(-c2cnc(N3CCCC3)nc2)nc1,10.97
N#Cc1ccc(-c2cnc(-c3ccc(CNCCc4cccnc4)cc3)[nH]c2=N)cc1,20.45
CC(C)c1ccc(-n2c(=S)[nH]c3ccc(-c4ccc(N)nc4)cc3c2=O)cc1,21.37
CC(C)c1cc(=O)[nH]c(Cn2c(=O)n(-c3ccc(-c4n[nH]c(-c5ccc(N)cc5)n4)cc3)c(=O)c3[nH]c4ccccc4c32)n1,37.58
Cc1cc(C)n(-c2ncnc3c2ncn3Cc2ccc(-c3ccc(C#N)cc3)cc2N)n1,27.35
CCn1nc(-c2ccc(C#N)cc2)nc1-c1cccc(C#N)c1,17.68
O=Cc1cc(C=O)c2c(c1O)C(=O)C1=CC3OC=C(C(=O)O)C3(C=C1)C2,32.29
N#Cc1ccc(NC=Nc2ccc(S(N)(=O)=O)cc2)cn1,21.77
CN(C)CCN1CCC(c2cn(-c3ccc(C#N)cc3)nc2-c2ccc(C#N)cc2)CC1,19.38
N#Cc1ccc(-c2c(C=O)cnn2-c2ccc(C#N)cc2)cc1,15.3
CC(C)NC(=O)C=Cc1ccc(Oc2ccnc3ccc(-c4ccc(C#N)cc4)cc23)nc1,28.65
O=Cc1c(O)c(C=O)c(O)c(C=Nc2ccccc2)c1O,8.95
O=C(Nc1ccc(CN=c2nc(C#Cc3ccccn3)[nH]c3ccccc23)cc1)c1ccc(F)cc1,28.79
NC(=O)C1CCN(S(=O)(=O)c2ccc3c(c2)C(=O)C(=O)N3)CC1,21.87
Cc1ccc(OCc2ccc(-c3nnc4n(C)c(=O)c5ccccc5n34)o2)cc1,29.69
N#Cc1cc(-c2ccn3c(C#N)cc(C#N)c3c2)ccn1,21.23
Cn1c2ccccc2c2cc(C(=O)NC(=S)N=c3ccc(Cl)c[nH]3)ccc21,30.48
Cc1ccc(-c2cc(C(=O)N3CCN(c4ccc(C#N)cc4)CC3)c3ccccc3n2)cc1,18.25
N#Cc1ccc(-c2ccc(-c3ccc(C#N)cc3)c(C#N)c2)cc1,10.22
Nc1ccc(-c2nc(-c3ccc(-n4cc(C=O)cn4)cc3)c3ccccc3n2)cc1,21.44
Nc1ccc(C=Cc2ccc(N3C(=O)c4cccc5cc([N+](=O)[O-])cc(c45)C3=O)cc2)cc1,21.06
C=Cc1ccc(-c2cc(-c3ccc(C=O)cc3)nc(-c3ccc(C=Nc4cc(O)c(N)cc4O)cc3)n2)cc1,12.71
CC(C)(C)OC(=O)N1CCN(c2nc(-c3ccc(C#N)cc3)nc(-c3ccc(-n4cccc4)cc3)n2)CC1,18.88
N#Cc1ccc2c(c1)c(C#N)c1ccccn12,12.92
Cc1cnc(C#N)cc1-c1ccc2c(-c3nc4c(C#N)cccc4n3C)[nH]nc2c1,29.09
C#Cc1ccc(-c2ccc(C#N)cc2)cc1,11.85
N#Cc1ccc(-n2cc3c(n2)c(=O)n(Cc2ccco2)c2ccccc32)cc1,19.64
Cn1c(-c2ccc(C#N)cc2)c(-c2ccc(C#N)cc2)c2cc(-c3ccc(C#N)cn3)ccc21,16.48
Oc1ccc2ccc3cccc4ccc1c2c34,15.41
Cc1nc2c(-c3ccc(C#N)cc3)nc(C=CC#N)c(C#N)c2c(=O)n1-c1ccc(C#N)cc1,27.63
C#Cc1ccc(C#N)cc1F,13.08
N#Cc1ccc(Cn2c(=S)[nH]c3ccsc3c2=O)cc1,22.88
O=C(NN=Cc1cncn1C(F)F)c1ccncc1,22.73
O=Cc1cc(C=O)c(O)c(C=O)c1O,9.04
Cc1cc(C)cc(SC(C#N)(c2ccccc2)c2ccc(C=Cc3ccc(C#N)cc3)cn2)c1,38.78
N#Cc1cnn(-c2ccccc2)c1-n1cnnn1,23.01
Cc1cc(C#N)ccc1-c1nsc(CNC(C)C)n1,28.24
O=c1ccc2cc3cc(Cc4ccccc4)c(=O)oc3cc2o1,25.31
CC(C)=c1ccc(=C(C#N)C#N)cc1,10.08
N#Cc1cc(C#N)c2nccc3c2c1C=CC=N3,16.98
Cn1c(-c2ccc(O)cc2Cl)c(-c2ccc(Cl)cc2)cc(C#N)c1=O,22.37
N#Cc1ccc(C2=NC(COc3cc(F)ccc3F)C(=O)O2)cc1,30.31
N#Cc1cccc(S(=O)(=O)NCCN2CCN(Cc3ccccc3)CC2)c1,25.29
Nc1cc(O)c(N=Cc2ccc(-c3nc(-c4ccccc4)co3)c(O)c2)cc1O,18.83
CNC(=O)c1ccc(-n2nc(C#N)c3cc(-c4ccc(C#N)cc4)ccc32)cn1,19.67
Cc1cc(C#N)c2nc(-c3ccc(C(N)=O)cc3)n(C3CCCCC3)c2c1,21.38
Cc1ccc(C=O)c2oc(=O)c(-c3nc(C(N)=O)cs3)cc12,26.55
N#Cc1ccc(-n2c(-c3ccccc3)c(C#N)c3cc(C#N)c(C#N)cc32)cc1,17.06
N#Cc1ccc(-c2sc3cc(C#N)ccc3c2CC(=O)O)cc1,17.71
Cc1c(NC(=O)c2ccc(N3CCc4cc(C#N)ccc43)nc2)cccc1C1=NNC2=CC3=NN(C)C(=N1)C2CC3F,35.22
N#Cc1ccc(-c2nc(-c3ccc(C=O)cc3)c3cc(Cl)ccc3n2)cc1,19.43
CCOc1nc(C)ncc1-c1nc(=NCc2cnc(C)cn2)c2ccc(C#N)cc2[nH]1,27.61
Cc1[nH]n(-c2ccccc2)c(=S)c1N=Nc1cccc(C#N)c1,21.46
Fc1cccc(F)c1-c1nc(-c2ccc(C=Nc3cccc(Cl)c3)cc2)nc(-c2ccccn2)n1,30.28
CC(C)c1ccc(-n2c(-c3ccc(C#N)cc3)cc3c2cc(-c2ccc(C#N)nc2)n3-c2ccc(C(C)C)cc2)cc1,11.67
CC(C)Nc1cc(C(N)=O)ccc1-n1nc(C(F)(F)F)c2cc(-c3ccc(C#N)cc3)ccc21,14.32
COc1ccc(C=CC(=O)c2ccc(O)c(O)c2)cc1,17.25
N#Cc1ccc(-c2nc(-c3ccc(N)cc3)nc(-c3ccc(-c4ccc(-c5ccc(N=C6CC(=O)c7ncccc7C6=O)cc5)cc4)cc3)n2)cc1,24.89
Cc1cc(N2N=C(c3ccc(Cl)c(Cl)c3)CC2CC(=O)c2ccc(-c3ccccc3)cc2)ccc1C#N,31.27
CC(C)Oc1ccc2c(ccc(=O)n2-c2ccc(-c3cnn(CCN4CCOCC4)c3)c(F)c2)c1,20.97
Cc1ccc2nc(-n3c(-c4ccc(C#N)cc4)nc4ccc(-c5cncc(C)n5)cc43)sc2c1,10.94
COCCN1CCC(c2nc(-c3ccc(C#N)cc3)cc(=O)n2C)CC1,23.97
N#Cc1ccc(-c2nc(-c3ccc(C=O)cc3)nc(-c3ccc(C=O)cc3)n2)cc1,10.68
Cc1ccc2nc(Sc3ccccn3)nc(N=Cc3cc(C=O)cc(C#N)c3O)c2c1,23.02
N#Cc1ccc(-c2cccc(C=NNc3ccc(C(N)=O)cc3)n2)cc1,20.95
Cc1cccc(=NC(=O)CCn2c(=O)c3ccccc3n(Cc3ccccc3)c2=O)[nH]1,30.24
Cc1cc(C)cc(N=Cc2ccc(-c3nc(-c4ccc(C=O)cc4)nc(-c4ccc(C=O)cc4)n3)cc2F)c1,16.71
Cc1ccccc1N=Cc1c(O)c(C=O)c(O)c(C=O)c1O,9.91
C=C(C)c1cc2ccc3c(C)cc(=O)oc3c2c(O)c1C,26.73
N#Cc1cc(C#N)c2ncccc2c1Cc1ccc2ncccc2c1,25.96
N#Cc1ccc(-c2ccc3c(cnn3-c3ccc(C(N)=O)cc3)c2)nc1,18.73
N#Cc1ccc(-c2cc3c(-c4cccc(-c5ccc(C#N)cc5F)n4)ccnc3[nH]2)cc1,21.46
CC(C)Oc1ccc(-c2nc(CC(=O)O)c(-c3ccc(C#N)cc3)s2)cc1C#N,15.77
N#Cc1ccc(-c2cc(-c3nc(C#N)ccc3C#N)cc3cnccc23)cc1,19.64
O=[N+]([O-])c1ccc(-n2nnnc2-c2ccncc2)cc1,19.85
Cc1cc(CO)cc2c1CN(c1nccn3nc(C)c(-c4ccc(C#N)cc4)c13)CC2,26.18
Cc1ccc(-c2ncc(-c3ccc(N)cc3)n2O)cc1,23.7
O=CC=Cc1ccc(O)cc1,14.29
Cc1[nH]n(-c2ccc(C(N)=O)cc2)c(=NC(C)Cc2ccc3nc4ccccc4cc3c2)c1Cl,38.03
N#Cc1ccc(N=c2cccc(C(F)(F)F)[nH]2)c(C#N)c1,19.76
O=Cc1ccc2c(c1)OCO2,13.78
Nc1ccc(-c2cc(=O)c3c(ccc4ccccc43)o2)cc1,18.22
Oc1ccc(C=NN=c2[nH]c3ccccc3[nH]2)cc1,15.37
N#Cc1cccc(N=c2[nH]c(=NCCC(=O)O)[nH]c3ccccc23)c1,24.89
N#Cc1ccc(-c2ncn(-c3ccccn3)c2-c2ccc(C#N)cc2)cc1,14.77
N#Cc1ccc(-c2cc[n+](-c3nc(Cl)nc(Cl)n3)c(-c3ccc(C#N)cc3)c2)cc1,12.67
Nc1ccc(-c2nc(-c3ccc(N)nc3)nc(-c3ccc(N=CC=Cc4ccc(-c5cccnc5)cc4)nc3)n2)cn1,17.93
CC1(C)Oc2cc(C#Cc3ccccn3)ccc2-c2[nH]c(-c3c(F)cccc3Cl)nc21,20.03
N#Cc1ccc(-c2cc(-c3ccc(C#N)nc3)cc(C(N)=O)n2)cc1,17.58
Cc1cc(-c2ccc(C#N)cc2)cc2c(=NCc3ccc(NC(=O)c4ccc(C#N)cc4)cc3)[nH]cnc12,25.25
N#Cc1ccc(-c2cc3ccc(C#N)cc3c3c2C(=O)NC3)cc1,16.21
COc1ccc(-c2ccc(C#N)c(=NC(C#N)(C#N)C#N)[nH]2)cn1,29.62
C#Cc1cc(-c2ccc3c(c2)C2(COC(=N)N2)C2(COC2)C(C)(C)O3)ccn1,19.45
N#CC#CCOCOCc1ccc(C=O)n1N,32.07
CN1CCN(c2ccc(-c3nc(-c4ccc(CC#N)nc4)nc4ccc(C#N)cc34)cn2)CC1,18.34
CC(C)c1ccc(-n2c(-c3ccc(C#N)cc3)cc3cc(-c4cn5c6c(sc5n4)CCC6)ccc32)cc1,27.59
Clc1nc(Cl)nc(-c2ccc(-c3cc(-c4ccccc4)cc(-c4cccc(-c5ccccc5)c4)c3)cc2)n1,13.66
O=C(O)c1ccc(-c2ccc(-c3oc4ccccc4c3Cc3ccccc3)cc2)cc1,19.07
Cc1ccc(-c2nn(-c3ccc(C#N)cc3)cc2-c2ccc(C#N)cn2)cc1,13.22
N#Cc1ccc(-c2cn(C3OC(CO)C(O)C(O)C3O)c(SCc3ccc(F)cc3)nc2=O)cc1,25.59
N#Cc1ccc(-c2ccc(Cn3ccc(=N)cc3)c(F)c2)cc1,18.89
N#Cc1ccc(-c2nn(-c3cccc(C#N)c3)cc2C=O)cc1,17.25
N#Cc1ccc(N=c2[nH]c(=O)c3[nH]cnc3[nH]2)cc1,21.58
Cn1cc(NS(=O)(=O)c2cccc(Cl)c2Cl)ccc1=O,25.31
Cn1c(=O)n(CC=Cc2ccccc2)c(=O)c2cc(F)c(-c3cccc(C#N)c3)cc21,34.81
CC(=O)N=c1cc(C)cc(C)[nH]1,20.04
CN1CCC(C#N)(c2ccc(C#N)cc2)CC1,19.59
CCOCC=Cc1ccc(-c2nc(-c3ccc4c(c3)OCCO4)cc(N3CCOCC3)n2)cc1,17.84
Cc1cccc2cc(C)n(-c3ccc(C#N)c(Cl)c3)c(=O)c12,17.53
Cc1ccc(-n2c(O)c(C=NC(C#N)C#N)c3ccc(F)cc3c2=O)cc1,22.66
COc1cc2[nH]c(=O)n(-c3ccc(N=Cc4cc(=O)oc5ccccc45)cc3)c(=O)c2cc1OC,22.21
Nc1ccc(-c2nc(-c3ccc(N=Cc4ccc(O)cc4O)cc3)nc(-c3ccc4c(c3)OCO4)n2)cc1,19.72
N#Cc1cccc(-c2ccc(C=Cc3ccc(-c4ncc(-c5ccccc5)c(-c5ccccc5)n4)nc3)o2)n1,28.28
CC(C)(C)OC(=O)N(C=O)CCCCNC(=O)c1ccc(-c2ccc(C#N)cc2)cc1,23.9
N#Cc1ccc(-c2nc3ccc(-c4ccccc4)nn3c2-c2ccc(C#N)cc2)cc1,15.22
N#Cc1ccc(-c2ccc3nc(C=O)cc(C#N)c3c2)cc1,17.2
N#Cc1ccc(N=CN2CCN(C=O)CC2)cc1,9.87
N#Cc1c(N)[nH]c(=N)[nH]c1=N,14.03
COc1ccc(-c2nnc(-c3ccc(C=O)cc3)n2C)cc1C#N,14.44
C#CCn1c(=O)[nH]c(=Nc2ccc(-c3ccccc3)cc2)n(CC(C)(C)C)c1=O,29.56
Cc1cc(-c2ccc(C=O)cc2)cc(C=O)n1,18.39
O=c1c(=Cc2cccnc2)[nH]c2n1-c1ccc(Cl)cc1C(c1ccccc1)=NC=2,22.58
N#Cc1ccc(-c2cccc(-c3cc4cc5c(cc4c(C#N)n3)OCO5)c2)cc1,23.08
COc1ccc(-c2cc(-n3nc(C)cc3C)nc(-n3cc(C=O)c(-c4ccc(C)cc4)n3)n2)cc1,22.7
CN1CCN(c2cc3c(cn2)nc(-c2cccc(C#N)c2)c(=O)n3CCc2ccc(C#N)cc2)CC1,23.06
N#Cc1ccc(-c2n[n+](-c3ccc(S(N)(=O)=O)cc3)ns2)cc1,18.93
N#Cc1ccc(N=c2nc(-c3ccc(C#N)cc3)cn[nH]2)cc1,19.04
N#Cc1ccc(N(Cc2ccc3c(c2)OCO3)c2nc(C#N)cc(-c3cnc(=N)[nH]c3)n2)cc1,25.41
CC(=O)OCCn1c(=O)[nH]c(=Nc2ccc(OC(C)C)c(F)c2)n(Cc2ccc(C#N)cc2)c1=O,25.84
N=c1nc(-c2ccc(N)cc2)[nH]c2ccsc12,19.57
Cc1cc(-c2ccc(C=O)cc2)nc(-c2ccc(C=Nc3cc(O)c(N)cc3O)cc2)n1,11.43
C=CCn1c(=N)[nH]c2nn(Cc3ccc(-c4ccccc4)cc3)cc2c1=O,28.2
N#Cc1cc(C#N)c2ccc3ccc4cccc5ccc3c2c1-c45,14.93
COc1cc(C=Nc2ncc(-c3csc(-c4cccc(C#N)c4)n3)s2)cc(OC)c1OC,17.73
CC1=CCCCC1NC(=O)c1cnn(-c2nccc(-c3cccc(C#N)c3)n2)c1C,26.8
Cc1nccc(-c2nc(-c3ccc(CC(C)C)c(C#N)c3)n3c2CCOC(C)C3)n1,21.26
N=c1nc(-c2nc(-c3ccc(N)nc3)nc(-c3ccc(N=Cc4cc(C=O)c(O)c(C=O)c4O)nc3)n2)cc[nH]1,14.34
N#Cc1ccc(-c2nc3c(C#N)cccc3n2-c2ccc(C#N)cc2)cc1,11.19
Cc1cc(-c2ccc(C#N)cn2)ccn1,10.13
Cc1ccccc1-c1cnc(CCc2ccccc2)n1-c1ccc(C(N)=O)cc1,22.95
Cc1ccc(-c2c(-c3cc(C=O)c(O)cc3O)n(-c3ccc(C#N)cc3)c3ccc(C#N)cc23)cc1,26.49
N#Cc1ccc(CCCCc2nc(=O)c3cccc(F)c3[nH]2)cc1,29.57
N#Cc1ccc(-c2ccnc(-c3ccc4ccc(N)cc4c3)n2)cc1,29.59
N#Cc1ccc(-c2nc(-c3ccncc3)nc(-c3cnccn3)n2)cc1,16.35
N#Cc1ccc(N=c2nc(Oc3ccc(C#N)cc3)[nH]c(=N)[nH]2)cc1,13.6
Cc1ccc(-c2nc3ccccc3c(=O)n2-c2ccc(-c3nc(-c4ccc(N)cc4)nc(-c4ccc(N)cc4)n3)cc2)cc1,10.79
Clc1ccc2c(=NN=Cc3ccc(-c4ccccc4)cc3)cc[nH]c2c1,18.61
N#Cc1cccc(C=CC(=O)Nc2ccc3c(c2)OCCO3)c1,24.32
c1ccc(-c2cc(-c3ccccc3)nc(-c3ccccc3)c2)cc1,10.48
COc1cccc(-c2cc3[nH]c(=O)c(-c4ccccc4)nc3[nH]c2=N)c1,26.68
N#Cc1ccc(-c2ccc(-c3nc(Cc4ccc(F)cc4)no3)cc2)cc1,18.18
Cc1cc2c(cc1C)=C(C=Nc1ccc3c(c1)C(=O)c1ccccc1C3=O)C(=O)N=2,26.42
N#Cc1ccc(F)cc1,9.68
Cn1c2cc(C#N)ccc2c2c(F)cc(-c3ccc(C#N)cc3)cc21,19.23
CC1(C)N=C(N)N=C(N)N1c1ccc(Cl)cc1,14.36
N#Cc1ccc(-c2nc(-c3ccc(C=CC(N)=O)cc3)nc3sc4ccccc4c23)cc1,22.45
CC(C)c1cc(-c2ccc(C#N)cc2)n(-c2ccc(-c3nc(-c4ccc(C#N)cc4)nc(-c4ccc(C(N)=O)cc4)n3)cc2)c1O,24.07
N#Cc1ccc(-c2ccc(C(=O)Oc3ccc(C=O)cc3)cc2)cc1,16.88
CC(C)(Nc1ccc(-c2ccccc2S(C)(=O)=O)cc1F)c1nnnn1-c1ccc(C#N)cc1,29.38
CN(C)c1ccc(C=Nc2nc(-c3ccc(N)cc3)[nH]c(=NC(C#N)Cc3ccc(-c4ccccc4)cc3)n2)cc1,31.3
N#Cc1ccc(-c2[nH]oc(=N)c2-c2nc3ccccc3[nH]2)cc1,20.52
N#Cc1ccc(-c2cc3[nH]c(=N)[nH]c(=N)c3nc2-c2ccc(C(N)=O)cc2)cc1,21.88
N#Cc1ccc2c(c1)C(=O)N(C(=O)c1ccc(F)cc1)C2=O,20.76
Cc1cc(-c2cc(C(=O)Nc3ccc(OC(F)(F)F)cc3)cc(-c3cncnc3)n2)ccn1,25.31
Cc1cc(C)cc(-c2cc(=NCc3ccccc3)[nH]c(=NCc3ccc(-c4cccc(C#N)c4)cc3)[nH]2)c1,28.33
NCCCCNc1cc2ccc3c(=O)n(CCCCc4ccccc4)c(=O)c4ccc1c1c3c2c41,36.4
CC(=Cc1ccc(C#N)cc1)c1ccc(C=CC(O)=NO)cc1,20.24
N#Cc1ccc(C(O)(c2ccc(C#N)cc2)c2cccnc2)cc1,16.08
N#Cc1ccc(N=Cc2cccn2-c2ccc(C#N)cc2)cc1,17.09
CN(CCC#N)C(=N)N=C(N)NCCS,29.53
O=CN1CCN(C=Nc2nc(-c3cccc(O)c3)cc(N3CC4CC3CN4)n2)CC1,20.8
CN(C)C=Nc1oc(-c2ccco2)nc1C#N,13.56
CCOC(=O)C(C#N)=c1ccc(=C(C#N)C#N)cc1,13.6
COc1ccc(C=Nc2ccc(-c3nc(-c4ccc(N)nc4)nc(-c4ccc(N)nc4)n3)cn2)cc1OC,15.59
CSc1ccc(-c2cc[n+](-c3nc4ccc(C)cc4s3)cc2)cc1,23.42
Cn1nc(-c2ccc(C#N)cn2)nc1-c1ccc(-c2ccc(C#N)cc2)cc1,18.0
COc1ccc(-c2nc(=Nc3ccc(N4CCN(C)CC4)c(C#N)c3)c3ccccc3[nH]2)cc1,27.28
N#Cc1cc(C#N)c2ccc3scc4ccc1c2c43,15.63
Cc1ccc2nc(-n3c(-c4ccc(C#N)cc4)cc4c3cc(-c3ccc(C#N)cc3)n4-c3nc(C)cc(C)n3)sc2c1,11.67
Cc1ccc(-c2ccc3c(-c4ccc(C)cc4)cc(-c4cccc(-c5cc(-c6ccc(C=O)cc6)cc(-c6ccc(N(C)C)cc6)n5)c4)nc3c2)cc1,42.62
Nc1cc(O)c(N=Cc2ccc(-c3nc(-c4ccc(C=O)cc4)nc(-c4ccccc4O)n3)cc2)cc1O,10.48
O=Cc1ccc(-c2nc(-c3ccccn3)no2)cc1,14.71
N=c1[nH]c(=Nc2ccc(N=Nc3ccccc3)cc2)[nH]c2ccc(Cl)cc12,25.74
N#Cc1ccc(-c2c[nH]c(=Nc3ccc(-c4nc(-c5ccc(N)cc5)nc(-c5ccc(N)cc5)n4)cc3)s2)cc1,16.5
CCN(Cc1cccc(C#N)c1)C(=O)CCOC1(C)OC2OC3(C)CCC4C(C)CCC(C1C)C24OO3,38.87
N#CC(C=Nc1c(F)c(F)cc(F)c1F)C(N)=S,29.42
CC(=O)OC1CCC2(C)C(CCC3(C)C2CCC2C4C(C)C(C)CCC4(C)CCC23C)C1(C)CO,26.91
Cc1nc(-c2ccc(-n3cnnc3-c3ccc4c(c3)OCO4)cc2)n(-c2ccc(C#N)cc2)n1,22.18
CC(=O)N1CCC(c2noc(C)c2COc2ccc(C(N)=O)cn2)CC1,26.47
CN1CCN(Cc2cccc(-c3ccc4c(=Nc5ccc(Oc6cc(C#N)ccn6)c(C#N)c5)c(C#N)c[nH]c4c3)n2)CC1,23.21
N#Cc1cc(-c2nc(-c3ccc(C=O)cc3)n3c2CCOc2cc(F)c(C#N)cc2-3)ccc1F,20.48
C#Cc1cccc(C#N)c1,9.94
Cc1cc(-c2ccccc2)c(O)n1-c1ccccn1,23.63
CN(C)CC(=O)N=c1[nH]c2ccc(-n3cnc4cc(-c5ccc(Cl)cc5)sc4c3=O)cc2s1,29.42
CCCC(=O)Nc1ccc(-c2c(CC)[nH]c(=N)[nH]c2=N)cc1[N+](=O)[O-],25.44
CC(C)c1ccc(-n2c(-c3ccc(C#N)cc3)cc3ncc(-c4ccc(C#N)cn4)cc32)cc1,13.45
NCCNCc1ccc(-c2ccc3c(=Nc4ccc(N)cc4)cc[nH]c3c2)cc1,23.68
CN(C)CCN1C(=O)c2cccc3cc(-c4ccc(C#N)cc4)cc(c23)C1=O,13.84
N#CC(=N)c1cccc(-c2ccc(C#N)cn2)c1,18.73
N#Cc1ccc2[nH]c(-c3ccc(N=Cc4cc(Cl)cc(Cl)c4O)cc3)nc2c1,22.8
Cc1cc(-n2c(=O)c3cc4c(=O)n(-c5ccc(C#N)cc5)c(=O)c4cc3c2=O)ccc1C#N,12.71
NC(=O)c1ccc(-n2nc(C(F)(F)F)cc2-c2ccc(-c3cccnc3)cc2)cc1,17.3
N#Cc1ccc(Oc2cc(-c3ccc(C#N)cc3)ccc2C=O)cc1,17.57
N#Cc1ccc(-c2ccc3cnn(-c4cccc(N5CCNCC5)n4)c3c2)cc1,11.91
Cc1ccc(C=NN=c2cc(C)[nH]c3sc(C)c(C)c23)cc1,20.37
N#Cc1ccc(C=CC(=O)Nc2cc(-c3ccc(C#N)cc3)ccc2C(=O)O)cc1,19.48
Cc1nc(-c2nc(C)c(C)n2-c2ccc(-c3ccc(-c4nc5cc(C#N)ccc5[nH]4)cc3)cc2)ccc1-c1cccc(N=CN(C)C)n1,27.35
Cc1c(CN2CCSCC2)cc(-c2ccc(C(F)(F)F)cc2)n1-c1ccc(C#N)cc1,18.9
Cc1nnc(C(N=CC=Cc2ccccc2)c2nc3ccc(-c4ccc(C#N)cc4)cc3s2)o1,22.11
C[N+](C)(C)Cc1ccc(-c2ccc(C[n+]3ccc(N)c4ccccc43)cc2)cc1,24.17
N=c1[nH]ccn2c(C3CCCNC3)nc(-c3ccc(C(=O)N=c4cc(C(F)(F)F)cc[nH]4)cc3)c12,17.61
N#Cc1ccc(-n2cc[nH]c2=S)cc1,14.25
Fc1ccccc1N=c1nc(-n2cnc3ccccc32)[nH]c(=NCc2ccccc2)[nH]1,29.86
O=C1c2ccccc2-c2c1c1nc3ccccc3nc1c1ccccc21,19.48
Cn1cnc2c(c(-c3ccc(C#N)cc3)nn2C)c1=O,13.32
CCN=c1cc(-c2ccc3c(c2)C(=O)N(C)CC3)nc(N2Cc3cccc(OC)c3C2=O)[nH]1,39.42
N#Cc1ccc(-c2cc(C=O)ccc2O)cc1,14.66
N#Cc1ccc(-c2ccc3c(-c4nc5ccccc5[nH]4)[nH]nc3n2)cn1,24.3
CCCc1nc2c(C)cc(C(=O)NCCc3ccc(C#N)cc3)cc2n1Cc1ccc(-c2ccccc2-c2nnnn2C)cc1,21.47
CCC[n+]1ccc(-c2cc[n+](-c3nc(Cl)nc(Cl)n3)cc2)cc1,15.53
N#Cc1ccc(C2(c3ccc(C#N)cc3)C=C3OC(=O)C(C2)c2cc(C=O)c(C=O)cc23)cc1,29.91
N=C(N)N(CCn1cnc([N+](=O)[O-])n1)Cc1ccccc1F,31.61
Oc1ccc(-c2cc(-c3ccccc3)cc(-c3ccccc3)[n+]2-c2ccc(-c3cc(-c4ccccc4)cc(-c4ccccc4)n3)cc2)cc1,20.26
Cc1nc(-c2ccc(N)nc2)nc(-c2ccc(N=Cc3c(O)c(C=O)c(O)c(C=O)c3O)nc2)n1,17.38
COc1cc(-c2ccc(CC(=O)O)cc2)ccc1-n1c(=O)ccc2cc(-c3ccc(N)cc3)ccc21,22.34
CCNC(=O)C1OC(n2cnc3c(=N)[nH]c(=NC(=O)CC)[nH]c32)C(O)C1O,25.63
O=CN1CCc2c(sc3ncn(-c4ccc(Cl)cc4F)c(=O)c23)C1,25.62
CCc1cc(-c2nc(-c3ccccc3)cs2)c(C)cc1OCC(O)CO,19.42
N#Cc1cc(O)cc(-c2nc(=N)cc(-c3ccc(C=N)cc3)[nH]2)c1,29.94
N#Cc1ccc(C(c2cccnc2)N2CCN(C(=O)NC(N)=O)CC2)cc1,25.02
Nc1c(Cl)cc(CNC(=O)C(=O)O)cc1Br,30.18
CN1CCN(C2=Nc3ccccc3Nc3ccccc32)CC1,19.35
COC(=O)C(C#N)=c1ccc(=C(C#N)C#N)cc1,12.04
ON=C(O)NN=Cc1cccc(O)c1,18.96
O=Cc1ccc(-c2nc(Cc3ccc(-c4ccccc4)cc3)ccc2C=O)cc1,16.77
N#Cc1ccc(Cn2cc(C=O)c3cc(-c4ccc(C#N)cc4)c(Cl)cc32)cc1,20.55
Nc1ccc(-c2cc(=O)c3ccccc3o2)cc1,15.02
Nc1cc(O)c(N=Cc2ccc(-c3nc(-c4ccc(C=O)cc4)nc(-c4ccc(C=Nc5ccccc5Cl)cc4)n3)cc2)cc1O,14.3
CCOc1ccc(-c2nc(C#N)c(N)n2C)cc1N=c1cc(C)nc(-c2ccc(Cl)cc2Cl)[nH]1,31.82
Cc1nc2ncc(-c3ccc(C(C)(O)c4ccc(C#N)cc4)cc3)n2c2cc(-c3ccc(C#N)cc3)ccc12,31.01
Cc1cccc(C(C(=O)NC2CCCCC2)N(C(=O)Cc2cccs2)C2CC2)c1,28.17
Cc1cc(N2CC3CN(C(=O)c4ccc(C#N)cc4)CC3C2)nc(C(F)(F)F)n1,26.83
C#CCN1C(=O)C(Oc2ccc(C(=N)N)cc2)Cc2ccccc21,25.43
N#Cc1ccc(-n2c(-c3ccc(N)nc3)nc3cncnc32)cc1,19.45
CC(C(N)=O)N1CC(CN2CCC(c3cc(-c4ccc(C#N)cn4)no3)CC2)C(c2ccccc2)C1,28.36
N#Cc1c[nH]n2c(=O)cc(-c3ccc([N+](=O)[O-])o3)nc12,28.05
N#Cc1ccc(-c2ccc(=O)n(-c3ccc(C#N)cc3)n2)cc1,10.39
N#Cc1ccc(-c2nc(C#N)nc(N3CCOCC3)n2)nc1,13.05
N#Cc1ccc(-c2cc(=N)nc(-c3ccc(C#N)cc3)[nH]2)cc1,12.07
N#Cc1c(-c2ccccc2)c2cc(O)c(C#N)c(=O)c(C#N)c2oc1=N,25.19
N#Cc1cccc(-n2cnnn2)c1,13.23
C=CCNS(=O)(=O)c1ccc(C)cc1,18.15
N#Cc1cc(-c2cc(C3CC3)nc(-c3ccc(N)nc3)n2)ccc1N=C=O,26.05
N#Cc1ccc(-c2nc(=N)n3ccccc3n2)cc1,15.71
COc1ccc2oc(C(=O)N(CC(N)=O)Cc3ccccc3)c(C)c2c1,26.25
N#Cc1ccc(-c2cc(-c3ccc(C#N)cn3)n3[nH]c(=N)nc3c2)cc1,21.67
N#Cc1ccc(Cn2c(=O)[nH]c3c(=N)[nH]c(-c4ccc(C#N)cc4)nc32)cc1,18.13
N#Cc1ccc2c(C=O)c(-c3ccc(C=O)cc3)[nH]c2c1,13.62
CCn1c2ccc(C#N)cc2c2ccc(C#N)cc21,17.85
COCC#Cc1cnc(C(=O)Nc2cc(C(=O)Nc3cc(C(=O)NCCF)n(C)c3)n(C)c2)n1C,35.65
N#Cc1cc(C#N)c2cccc3c2c1CCC3=O,10.77
c1cc[n+](Cc2ccccc2C[n+]2ccccc2)cc1,17.53
N#Cc1ccc(NC(=O)c2cc3cc(-c4ccc(C#N)cc4)ncc3c(=O)n2-c2ccccc2)cc1,28.86
NN=Cc1cccc(C=Nc2ccc(-c3nc(-c4ccc(N)cc4)nc(-c4ccc(N)nc4)n3)cc2)c1O,14.2
N#Cc1cccc(C=Cc2ccc(-c3nc(-c4ccc(N=Cc5c(O)c(C=O)c(O)c(C=O)c5O)cc4)cs3)cc2)c1,19.82
N#Cc1ccc(-n2cnc3c(=NCc4ccc(F)cc4)[nH]c(C#N)nc32)cc1,18.1
N#Cc1ccc(-c2cc(C#N)nc(-c3cnc(C#N)c(F)c3)c2)cc1,15.95
CCOC(=O)C(C#N)C=Nc1ccc(-c2nc(-c3cccnc3)nc(C(F)(F)F)n2)cn1,27.18
CCOc1nc(-c2ccc(C#N)cc2)cc(-c2ccnc(-c3ccc(C#N)cn3)c2)c1C#N,25.1
CNc1ccc(-c2ccnc(-c3ccc(C=NO)cc3)n2)cn1,17.11
Cc1cc(N2CCC(C(N)=O)CC2)nc(-c2ccc(C#N)cn2)n1,20.26
N#Cc1cc2coc(=O)cc2c2ccc(F)cc12,30.38
N#Cc1ccc(-c2ccc(C#N)c(C#N)c2)nc1,10.78
CCOc1ccc(-c2cc3c(nn2)c(-c2ccccn2)c(-c2ccc(C#N)cc2)n3-c2nc3ccc(C)cc3s2)cc1,24.44
N#Cc1ccc(-c2ccn3c(-c4ccc(C=O)cc4)nc(-c4ccc(C#N)cc4)c3c2)cc1,15.44
Cc1ccc(-c2cc(C(=O)O)nc(-n3ccnc3)n2)cc1,18.65
N#Cc1ccc(-n2c3c(c4ccccc42)-c2cc(C#N)ccc2NC(=O)C3)cc1,22.73
N#Cc1ccc(-c2c(C#N)[nH]c(=N)[nH]c2=NC2CC(CO)C(O)C2O)s1,24.94
C=C(CCC#N)c1ccc(N)c(OC)c1,31.28
Cc1ccc(-c2nnc3nnc(C)n3n2)cc1C,24.69
COc1ccc(C2C(=O)N(C3CCCC3)CC(=O)N2Cc2ccc(F)cc2)cc1C#N,30.25
COc1ccc(C=CC(=O)OCC(=O)c2c[nH]c3ccccc23)cc1,24.58
C[N+](C)=Cc1ccc(C#N)cc1,18.27
N#Cc1ccc(-n2cnc3c(F)ccc(Cl)c3c2=O)cc1,16.96
CC(C)C(CO)N=c1nc(N2CC(N)CC(N)C2)[nH]c(=Nc2ccc(C#N)cc2)[nH]1,20.87
CC(=O)c1ccc2oc3c(C#N)cc(C#N)c4ccc1c2c43,30.68
C=Cc1ccc(-c2nc(-c3ccc(C#N)cc3)nc(-c3ccc(C#N)cc3)n2)cc1,18.0
Cc1cc(N=CN2CCN(c3ccccc3)CC2)ccc1N=Cc1c(O)c(C=O)c(O)c2ccccc12,26.59
CN(C)Cc1cc(Br)cc(C=NNC(=O)Cc2ccc(-c3ccc([N+](=O)[O-])cc3)o2)c1O,23.13
N#Cc1ccc2nc(-c3cnc(=N)[nH]c3)nc(-c3cnc(N4CCOCC4)nc3)c2c1,17.27
COc1ccc(-c2nc3nc4ccccc4nc3n2-c2ccc(C#N)cc2)cc1,16.99
N#Cc1ccc(-c2ccc3c(-c4ccccn4)[nH]nc3c2)cc1,25.2
N#Cc1ccc(C=C[N+](=O)[O-])cc1,15.68
N#Cc1ccc(-n2c3ccccc3c3ccc(-c4ccc(Cl)cc4Cl)nc32)cc1,23.21
Cc1ccc(N=C2NC(=O)C(=Cc3ccc(CC#N)cc3)S2)cc1,25.77
Cn1cncc1C(OCc1ccc(C#N)cc1)c1ccc(C#N)c(-c2ccc(C#N)cn2)c1,15.3
N#Cc1ccc(CCCNC(=N)N)cc1,17.21
N#Cc1ccc(-c2ccc(-c3nc4cccnc4c(=O)n3-c3ccc(C#N)cn3)cn2)cc1,20.37
COCc1nc(C(=O)N2CCCC(n3cccn3)C2)cs1,23.03
Cc1cc(C#N)ccc1N=CCc1ccc(C#N)cc1[N+](=O)[O-],25.74
N#Cc1ccc(Cl)cc1,9.65
N#Cc1ccc(CN2c3ccccc3NC(=O)C2(O)c2ccc(C#N)cc2)cc1,24.22
COCCOc1cc(NC2CCCNC2)c(-c2nc3c(C)cc(-n4ccnc4)cc3[nH]2)c(=O)[nH]1,27.51
N#Cc1cccc(-c2cn(CCCn3c(=S)[nH]c4cc5c(cc4c3=O)OCO5)cn2)c1,35.34
COc1cc(OC)c2c(-c3ccc4ccccc4c3)cc(=O)oc2c1,23.22
CCn1c2ccccc2c2ccc(C#N)cc21,16.19
CC1(C)Oc2ccc(-c3ccccc3)cc2-c2nc(-c3cnc(=N)[nH]c3)nc(-c3ccc(C#N)cc3)c21,26.61
COC(=O)C1=C(c2ccccc2)N=c2sc(=Cc3ccc(O)cc3)c(=O)n2C1c1ccccc1,21.38
Cc1c(C(N)=O)sc2[nH]cnc(=Nc3cccc(-c4ccc(C#N)cc4)c3)c12,22.4
N#Cc1ccc(-c2cc3c(cc(-c4ccc(Br)cc4)n3-c3ccc(C#N)cc3)n2-c2ccc(C#N)cc2)cc1,10.63
N#Cc1cc(F)cc(C(=O)N=c2[nH]ccs2)c1,18.46
N#Cc1ccc(-c2ccc3c(c2)c(C(=O)O)nn3-c2ccc(F)cc2)cc1,21.93
O=C(N=c1[nH]ccs1)c1ccc(-c2cc(Cl)ccc2Cl)o1,20.04
CN=c1nc(C#N)[nH]c(Oc2ccc(-n3cccc3)cc2)n1,25.44
Nc1cc(N)nc(N=CN2CCN(C=O)CC2)n1,13.99
CC(C)c1cc(-c2ccc3c(C(C)C)ccc(C=O)c3c2)cc(C=O)c1O,23.39
N#Cc1ccc(-n2c(C#N)cc3c(=N)[nH]c4cc(-c5ccc(N)cc5)ccc4c32)cc1,22.61
N#Cc1ccc(C2CN(S(=O)(=O)c3ccc4c(c3)CCN4C(=O)OCc3ccccc3)CC2C(N)=O)cc1,34.83
Cc1cc(C(=O)C(F)(F)F)ccc1N=CN(C)C,22.51
CN(C)c1ncc(-c2cncc(=NCCC#N)[nH]2)cn1,24.02
Cc1ccc(C(=O)Nc2cc(C(F)(F)F)ccc2-n2cncn2)cc1,21.64
COc1ccc(C=CC(=O)C=Cc2ccc(OC)c(C(=O)C=Cc3ccc(OC)c(OC)c3)c2)cc1OC,27.67
N#CSc1ccc(C#N)cc1,11.42
CC(C)N=C(N)N=c1nc(-c2ccc(C#N)cc2)[nH]c2ccc(-c3ccc(C#N)cc3)cc12,26.24
CON=C1C=C(C#Cc2ccc(C#N)cc2)CCC1,15.04
Cc1nn2c(N3CCC(C)CC3)cc(-c3ccc(C=O)cc3)nc2c1-c1ccc(C#N)cc1,20.02
N#Cc1ccc(-c2ccc(OCC(Sc3n[nH]c(=N)s3)c3ccccc3)cc2)cc1,28.06
C=CCn1c(N)c(C#N)c(N)cc1=NC(=O)c1ccc(OC)cc1,27.0
NC(=O)c1ccc(-n2cc(-c3ccc(-c4ccc5c(c4)OCO5)cc3)cn2)cc1,24.06
C=Nc1ccc(C#N)cc1,13.86
N#Cc1ccc(-c2ccc(N=Cc3cc(C=O)c(O)c(C=O)c3O)nc2)cc1,13.4
CCn1c(=O)n(Cc2ccccc2)c(=O)c2[nH]c(-c3cnn(Cc4ccc(Cl)cc4)c3)cc21,29.01
Oc1ccc(-c2cc(-c3ccc(O)cc3)nc(-c3cccc(O)c3)c2)cc1,12.96
Cc1ccc(-c2cc(-c3ccc(C)cc3)nc(-c3ccc(NC(=O)c4ccc(F)cc4)cc3)n2)cc1,15.29
CCN(CC)CCNC(=O)c1ccc(-c2cc(-c3ccccc3)cc(-c3ccc(-c4nc(Cl)nc(Cl)n4)cc3)c2)cc1,14.81
Cc1ccc(-c2cc(-c3ccc(C)cc3)nc(-c3ccc(NC(=O)CCNC(=O)C=Cc4ccc(-c5ccc(-c6nc(-c7ccc(N)cc7)nc(-c7ccc(N)cc7)n6)cc5)cc4)cc3)n2)cc1,28.31
Cc1ccc(C(=O)C=Cc2ccc(C=O)cc2)c(C)c1,18.29
Oc1ccc(-c2cc(-c3ccccc3)cc(-c3ccc(O)cc3)c2)cc1,14.66
Cc1ccc(C2c3ccc(N(C)C)cc3OC(=N)C2C#N)cc1,22.04
C#CCN(Cc1ccc(C#Cc2ccc(C#N)cc2)cc1)c1ccc(C#N)cc1,20.57
C=c1ccc2c(c1)-c1[nH]c3ccc(C#N)cc3c1CC(=O)N=2,20.13
Cc1ccc(C#N)cc1-n1cc(C(=O)c2c(O)c(C=O)c(O)c(C=O)c2O)c2ccc(C#N)cc2c1=O,28.08
CN(C)c1ccc(C=Nc2ccc(-c3nc(-c4ccc(N)cc4)nc(-c4ccc(N)cc4)n3)cc2)cc1,17.28
N#Cc1ccc(-c2ccc3[nH]c(=N)[nH]c(=N)c3n2)cc1,15.38
N#Cc1cccc(CNc2ccc(-c3nc(-c4ccc(C=C5C(=O)NC(=O)NC5=O)cc4)no3)cc2)c1,22.59
N#Cc1ccc(-c2ccc(C(N)=O)nc2)nc1,13.6
CC(C)=NC(=O)Cn1cccc1C=Cc1ccc(F)cc1,33.07
CC(C)c1ccc(-n2c(-c3ccc(C#N)cc3)c(C#N)c3ccc(-c4ccc(C#N)cc4)cc32)cc1,9.7
CCCCCn1c2ccc(C#N)cc2c2c3ccccc3c3c(c21)CNC3=O,20.89
CC(C)(C)c1ccc(C2=NC(CC(=O)NCc3ccccc3)C(=O)N(CC=O)c3ccccc32)cc1,30.42
Nc1cccc(-c2cc(-c3ccccc3)cc(-c3ccc4c(c3)CNC4)n2)c1,28.36
Cc1ccc2c(c1)c1cc(F)c(-n3c(-c4ccc(-c5ccccc5)cc4)nc4ccccc4c3=O)cc1n2CC(=O)O,29.0
Nc1ccc(-c2nc(-c3ccc(N)nc3)nc(-c3ccc(N=Cc4cccc(C=NO)c4O)nc3)n2)cn1,14.79
N#Cc1ccc(-n2c(=O)[nH]c(N=Cc3ccccn3)c(-c3nc4ccccc4s3)c2=O)cc1,23.46
N#Cc1ccc(-c2nc3[nH]cc(Cc4cccc(C(=O)O)c4)c(=N)n3n2)cc1,30.56
Cc1nc(N)c(C#N)nc1C,16.83
N#Cc1ccc(N=c2nc(-c3ccccc3-c3ccc(NC(=O)Nc4cccc(C#N)c4)cc3)cc[nH]2)cc1,22.19
COC(=O)C1=C(c2ccc(-n3cnc(C)c3)cc2)CC2CCC1N2C,24.44
N#Cc1ccc(Oc2cc(N=CN3CCN(C=O)CC3)nc(N)n2)cc1,9.89
Nc1ccc(-c2nc(-c3ccc(N)cc3)nc(-c3ccc(-n4c(O)c5c(c4O)CC=CC5)cc3)n2)cc1,12.86
N#Cc1cn(-c2ccc(C(=O)O)cc2)cc1-c1ccc(C(F)(F)F)cc1,17.12
N#Cc1ccc(-c2cc3c(-c4ccc(N=c5[nH]c6cc(C#N)ccc6o5)cc4)[nH]c(=N)nc3s2)cc1,26.56
Cn1nccc1-c1ccnc(-c2ccc(C#N)cn2)c1,14.62
N#Cc1ccc(-c2cc(COc3ccc(C#N)cc3C#N)nc(-c3ccc(C#N)cc3)n2)cc1,14.17
O=Cc1ccccc1O,10.88
COc1cc(C=NN(C)C)ccc1OC(=O)Nc1ccc(C#N)cc1,24.55
N#Cc1ccc(-c2ccc3c(c2)NC(=O)C32CCCC2)cc1,15.66
Cc1ccc(-n2c(=NN=CC=Cc3cc4ccc(F)cc4o3)[nH]c3ccccc3c2=O)cc1,31.31
Cc1nc(-c2ccc(C#N)cc2)sc1-c1cc(-c2ccc(C#N)cc2)n(-c2ccc(C#N)cc2)n1,20.51
CN1CCc2[nH]c3ccc(-c4cccc(C#N)c4)cc3c2C1,21.0
COc1cc(C=O)cc(Cl)c1OCc1ccc(C=O)cc1,22.59
CN1CCN(C=Nc2nnc(-c3ccc(C=O)cc3)c3ccccc23)CC1,25.71
N#Cc1ccc(-c2csc(-c3ccc(C(=N)N)cc3)c2)cc1,14.68
N#Cc1c2c(n3ccc(F)cc13)C(=O)c1ccccc1C2=O,20.42
O=Cc1ccc(N2C(=O)c3ccc4c5c(ccc(c35)C2=O)C(=O)OC4=O)cc1,10.65
Cc1cc(-c2ccccn2)cc2c(C#N)cc(C#N)n12,21.52
N#Cc1ccc2nc3c(c(C#N)c2c1)CCC3,18.17
O=Cc1cccc(O)c1C=O,13.86
CCN(CC)C(=O)Sc1nnc(CC(C)C)c(=O)n1N,33.66
COc1cc(C=NNC(=O)c2ccc(C#N)cc2)ccc1OCc1ccc(C=O)cc1,25.72
CS(=O)(=O)N1CCC(c2cc(=NC(=O)Nc3ccc(F)c(Cl)c3)n(-c3ccc(C#N)cc3)[nH]2)CC1,24.87
N#Cc1ccc(-c2cc(-c3ccc(C=O)cc3)nc(-c3ccc(C=O)cc3)n2)cc1,11.04
O=C(C=Cc1ccc([N+](=O)[O-])cc1)NCCCn1ccnc1,21.46
O=c1cc(-c2ccc(O)cc2)ccc2cc(O)cc(O)c12,20.06
C=CCn1c(=O)[nH]c(O)c(C(C)=NCc2ccc(F)cc2)c1=O,19.65
Cc1ccc(-c2cc(C(=O)NCc3ccc(F)cc3)c3ccccc3n2)cc1,16.52
N#Cc1ccc(-n2cnn(-c3ccc(F)cc3)c2=O)cc1,14.02
Cc1cccc(C(=O)N=C(Cc2ccc(Oc3ccc(C(C)(c4ccc(O)cc4)c4ccc(O)cc4)cc3)cc2)C(=O)O)n1,39.45
CNC(=O)c1ccc2c(-c3ccc(C#N)cc3)c(-c3ccc(C#N)cc3)sc2c1,20.9
Cc1ccc(-n2c(SCC(=O)N=c3cc(C)o[nH]3)nc3sc(C)c(C)c3c2=O)cc1,19.37
N#CC(C#N)=Cc1ccc(-c2ccccc2OCc2cccc(Br)c2)o1,29.25
N#Cc1ccc(-c2nc3ccc(-c4ccc(N)cc4)cc3c(=O)n2-c2ccc(C#N)cc2)cc1,20.78
Cc1nc(C=Cc2nnc(-c3ccc(C#N)cc3)o2)nc2ccccc12,23.58
N#Cc1nc(-c2ccc(C(=O)N=c3cc(C(F)(F)F)cc[nH]3)cc2)cc2c(=N)[nH]cnc12,16.36
O=Cc1ccc(C=NN=C2C(=O)Nc3ccccc32)cc1,18.93
COc1ccc(-c2ccc(-c3ccc(-c4cc(=O)oc5cc(OC)c(OC)c(OC)c45)cc3)cc2)cc1,20.91
N#Cc1ccc(-c2nc(-c3ccc(C=Cc4ccc(N)cc4)nc3)cs2)cc1,13.97
Cn1cc(-c2ccc3c(c2)c(C#N)cn3-c2ccc(C(N)=O)cc2)cn1,15.76
CC(Cc1ccc(C#Cc2cccc(C#N)c2)cc1)NC(=O)C1CC1,19.24
N#Cc1ccc(CNC(=O)c2cc(-c3ccc(C#N)cc3)[nH]n2)cc1,17.71
Nc1ccc(-c2nc(N3CCOCC3)c3ccccc3n2)cn1,13.71
N#Cc1ccc(S(=O)(=O)c2ccc(=N)[nH]c2)cc1,17.37
CC(=O)NCc1ccc(-c2nc(-c3ccc(C#N)cc3)cc(-c3ccc(C#N)cc3)n2)cc1,22.36
CC(C)CC(C(=O)NC1CCN(Cc2ccc(C#N)cc2)C1)c1ccc(-c2cccc(C#N)c2)cc1,34.54
Cc1ccnc(Oc2ccc(-c3c(-c4ccc(C#N)nn4)cc(C#N)c(=O)n3C)c(F)c2)n1,27.8
N#CCC(=O)Nc1ccc(Cl)c(C(=O)O)c1,27.56
N#Cc1ccc(-n2c(=O)c3cc4c(=O)n(-c5cccc(=O)[nH]5)c(=O)c4cc3c2=O)cc1,15.78
N#Cc1ccc2nc(-c3ccc(-c4ccc(C(N)=O)cc4)cc3)oc2c1,18.29
N#Cc1ccc(-c2cc(C(=O)c3c[nH]n(-c4ccc(C#N)cc4)c3=N)cn2-c2ccc(C#N)cc2)cc1,19.5
COc1cc(N)c(Cl)cc1C(=O)N=c1[nH]c(-c2ccccn2)cs1,27.73
Cc1cc(N)c(O)cc1N=Cc1ccc(-c2cc(-c3ccc(-c4cn(-c5ccc(C#N)cc5)nn4)cc3)nc(=N)[nH]2)cc1,24.33
CN=c1[nH]c(C#Cc2ccc(C#N)cc2)nc2c1ncn2C1OC(CO)C(O)C1O,18.13
N#CCn1c(C#N)ccc(-c2ccc(C#N)cn2)c1=O,25.21
CC(=O)c1c(O)c(O)n(-c2ccc(C#N)cc2)c1-c1ccccc1,19.86
Cc1ccc(-c2cc(C(=O)N=c3ccc(C#N)c[nH]3)c3ccccc3n2)cc1,19.36
N#Cc1ccc(-c2nc(-c3ccc(C=O)cc3)no2)cc1,12.24
CN1CC(C)(C)c2c([nH]c3ccc(F)cc23)C1(C)C,23.45
N#Cc1ccc(CC(Cl)(C#N)c2ccc(-c3cc[nH]c(=Nc4ccc(C#N)cc4)n3)cn2)cc1,36.16
CN(C)c1ccc2c(=O)cc(-c3ccc(C#N)cc3)oc2c1,16.52
N#Cc1ccc(COc2ccc([N+](=O)[O-])cc2Cl)cc1,22.18
O=C(C=Cc1ccccc1)c1ccccc1,14.03
CCN1CCN(c2cc(-c3ccc(O)cc3)nc(-c3ccc(OC)cc3)n2)CC1,19.16
O=c1c2c3c(sc2ncn1Cc1ccccc1)CC(NCc1ccccc1)CC3,15.87
N#Cc1cc(-n2cc(-c3cnccn3)nn2)c2ccccc2c1,22.93
COc1cc(-c2cccc(-c3ccc(OC)c(-c4nc(-c5ccc(N)cc5)nc(-c5ccc(N)cc5)n4)c3)n2)ccc1N=Cc1cc(C=O)cc(C=O)c1O,25.9
Cc1ccc2nc(-n3c(-c4ccc(C#N)cc4)cc4c3cc(-c3ccc(C(C)C)cc3)n4-c3nc4ccc(C)cc4s3)sc2c1,14.41
Cc1nc(=N)nc(-c2cc(-c3ccc(C#N)cn3)n(C)c2)[nH]1,19.49
N#Cc1ccc(Cn2c(C#N)ccc2-c2ccc(C#N)cc2)cc1,14.29
Cc1cc(=O)n(-c2ccc(C#N)cc2)cc1C=O,15.98
O=Cc1cc(C=Cc2cc3ccccc3cc(=O)c2O)ccc1O,24.09
Cc1cc(=O)n(C2CCCCC2)c(O)c1C#N,21.12
N#Cc1ccc(-c2cc3c(=O)[nH]n(-c4ccc(C#N)cc4)c(=O)c3s2)cc1,12.19
Cc1ncn(-c2ccc(N=c3nc(-c4ccc(NC(C)CO)c(C#N)c4)cc[nH]3)cc2)n1,24.82
C=CCn1c(SCc2nc(=O)c3c4c(sc3n2CC=C)CCCC4)nc2ccccc2c1=O,24.73
Cc1ccc(-c2cc(C(=O)NCc3cccc(C#N)c3)cc(-c3ccc(C#N)nc3)c2)nc1,24.74
O=CN1CCN(C=Nc2ccccc2)CC1,10.36
Nc1ccc(-c2nc(-c3ccc(C=O)cc3)nc(-c3ccc(N)nc3)n2)cn1,13.33
O=C(O)c1cccc(-c2ccc(C=NN=c3nc(N4CCOCC4)c4c([nH]3)CCSC4)o2)c1,24.73
Cc1ccc(=NC(=O)c2cc(F)cc(C#N)c2)[nH]c1,18.13
Cc1ccc(-c2ccc(C#N)cc2C(F)(F)F)n1-c1ccc(C(N)=O)cc1,17.17
N#Cc1ccc(-c2cc(C=Cc3ccccc3)n[nH]2)cc1,17.73
CC(C)C(C(=O)O)N1C(=O)C(NC(=O)Cc2ccc(SC(F)(F)F)cc2)C1CCc1ccccc1,42.1
N#Cc1ccc(C#Cc2ccc(-[n+]3ccc(-c4ccccc4)cc3)cc2)cc1,20.89
O=Cc1cc(C=Nc2cccc3cccnc23)c(O)c(C=O)c1O,20.46
N#Cc1ccc(-c2nc(-c3ccc(C(N)=O)c(N)c3)c3c(C#N)c[nH]c3n2)cc1,17.82
COc1cc2ncn(-c3ccc(CC(=O)O)cc3)c(=O)c2cc1OC,25.79
N#Cc1ccc(-c2coc3cc(-c4ccco4)ccc3c2=O)cc1,17.81
NC(=O)c1ccc(-n2cc(-c3ccc4c(c3)CNC4=O)cn2)cc1,19.17
N#Cc1ccc(N(CC#Cc2cccc(C#N)n2)c2ccccc2)cc1,23.36
CCOC1CCC(N2C(=O)c3nc(-c4ccc(C#N)cc4)n(-c4ccc(C#N)cc4)c3C2c2ccc(Cl)cc2)CC1,26.48
N#Cc1ccc(N=c2nc(-c3ccc(C#N)cc3)nc[nH]2)cc1,16.14
N#Cc1ccc(-c2cc(-c3ccc(C=O)cc3)no2)cc1,13.47
Cc1[nH]c(=N)sc1C(=O)NN=Cc1ccc(Br)s1,22.24
O=Cc1ccc(C2Nc3ccccc3C(=O)N2Cc2cccnc2)cc1,23.75
Cn1c(-c2ccc(C#N)cc2)nc2cnc(N)cc21,17.77
CN=c1cc(-c2ccc(C=O)cc2)[nH]c(-c2ccc(N)cc2)n1,20.37
Cc1cccc(C)c1-c1cccc(CNc2ccc(-c3nc(=O)n(-c4ccc(C(C)(C)C)cc4)[nH]3)cc2)c1,29.03
CC(C)(O)C#Cc1ccc(C(=O)NCc2ccccc2)s1,25.76
N#Cc1cccc(O)c1,12.76
C=CCCN1CCC2C1Cc1c(O)n(-c3ccc(C#N)c(C)c3)c(=O)n12,25.01
Nc1nc(N=CN2CCN(C=O)CC2)cc(SCc2cccc(F)c2)n1,20.64
Cc1ccc(-n2[nH]c(C(C)(C)C)cc2=NC(=O)c2cnn3cccnc23)cc1,16.3
Cc1cc(N)[nH]c(=NCCN=c2[nH]ccc(C#N)c2C#N)c1,29.37
N#Cc1ccc(N)c(-c2ccccc2)c1,12.32
N#Cc1ccc(S(=O)(=O)Nc2cc(-c3ccc(C#N)cn3)cc[n+]2[O-])cc1,28.14
COc1ccccc1N=Cc1ccc(-c2nc(-c3ccc(C=O)cc3)nc(-c3ccc(C=O)cc3)n2)cc1O,13.74
O=Cc1c(O)cc(O)c2cc(-c3ccccc3)ccc12,17.74
N#Cc1ccc(-c2nc(-c3ccc(N)nc3)n3cc(-c4ccc(N)cc4)cc3n2)cc1,22.31
CCC(=O)N1CCN(c2ccc(NC(=O)c3ccc(Cl)c(Cl)c3)cc2Cl)CC1,26.16
N#Cc1ccc(-c2cc(C#N)c3ncc(-c4ccc(C#N)cc4)n3c2)cc1,13.76
CC1(C)Oc2ccc(C#N)cc2C(N=C(NC#N)Nc2ccccc2)C1O,17.15
CC(C)c1ccc(-n2c(-c3ccc(C#N)cc3)cc3c2cc(-c2ccc(C#N)cc2)n3-c2ccc(C=CC(=O)O)cc2)cc1,12.72
Cc1nc(=N)c(C#N)c(-c2ccccc2)[nH]1,17.25
N#Cc1ccc(-c2cc(-c3ccc(N)nc3)nc(-c3ccc(N)nc3)n2)nc1,10.52
COc1ccc(NC(=O)c2cc(-c3ccncc3)[nH]n2)cc1-n1cc(-c2ccncc2)cn1,33.65
COCc1ccc(-c2ccc(C#N)cc2)c(C=O)c1,16.72
Nc1ccc(-c2nc(-c3ccc(N)cc3)nc(-c3ccc(-n4c(=O)cnc5cc([N+](=O)[O-])ccc5c4=O)cc3)n2)cc1,19.26
Cc1cc(C(N)=O)ccc1-n1cc(C#N)c2cc(-c3ccc(C#N)nc3)ccc21,18.29
N#Cc1ccc(-c2cc(-c3ccc(C=O)cc3)nc(-c3ccc(C#N)cc3)n2)cc1,12.24
N#Cc1ccc(NCC23C4CC2C2CC5C2C5C3C4)c(C#N)c1,41.45
C=C(O)c1ccc(O)c(C=Nc2ccc(-c3nc(-c4ccc(N)cc4)nc(-c4ccc(N)nc4)n3)cn2)c1,23.47
C=Cn1cccc1-[n+]1ccc(-c2ccc(-c3ccc(C#N)cc3)cc2)cc1,20.09
N#Cc1ccc(Cn2c(C(c3ccc(C#N)cc3)c3ccc(C#N)cc3)c(C#N)c3cc(Cl)ccc32)cc1,24.49
C=c1cc(C)c(=Cc2ccc(-c3ccc(C#N)cn3)o2)[nH]1,18.46
N#Cc1ccc(-c2noc(-c3cnc(N=C=N)cc3O)n2)nc1,18.34
Cc1cc(C#N)cc2nc(-c3ccc(C#N)cc3)c(-c3ccc(C#N)cc3)nc12,14.95
N#Cc1cccc(NC(=O)c2cnc3ccc(C=Cn4cnc5cc(C#N)ccc54)cn23)c1,41.57
Cc1cc(C(C)C)oc(=O)c1C(=O)N=CC#N,26.67
CN(C)C=Nc1ccc(-c2noc(-c3ccc(C=Nc4cc(O)c(N)cc4O)cc3)n2)cn1,14.66
CCCCc1nc(Cl)c(CSc2cc(C(F)(F)F)nc(-c3ccc(C#N)cc3)n2)n1Cc1ccc(-c2ccccc2C#N)cc1,32.71
Cc1ccc2nc(-[n+]3ccc(-c4ccncc4)cc3)sc2c1,13.02
N#Cc1ccc(Oc2ccccc2)nc1,15.68
N#Cc1ccc(-c2ccc3c(-c4ccc(C#N)cc4)cc(C(N)=O)nc3c2)cc1,12.55
N#Cc1ccc(-c2cc(-c3ccc(C#N)cc3)c(C#N)c(C(F)(F)F)n2)cc1,12.3
COc1cc2[nH]c(=NCc3ccc(C#N)cc3)[nH]c(=N)c2cc1OC,15.85
Cc1ccc(S(=O)(=O)Oc2cc(O)c3c(ccc4c(=O)cc(-c5ccc(Br)cc5)oc43)c2)cc1,31.08
N#Cc1ccccc1Nc1oc(-c2cccs2)nc1C#N,21.76
O=C(c1c[nH]c2ccccc12)C(F)(F)F,19.28
CC(C)c1ccc(-n2c(=Nc3ccc(C#N)cc3)[nH]c3cc(-c4c[nH]c(CO)n4)ccc32)cc1,27.25
C=CC(=O)Nc1cc(C#N)cc(N=c2nc(-c3cnc(N4CCC(F)C4)nc3)cc[nH]2)c1,22.18
C#Cc1ccc2c(c1)nc(C#N)n2C=C,26.7
Cc1cn(C2CC(O)C(CO)S2)c(=O)[nH]c1=O,13.78
N#Cc1cccc(-c2ccncc2)c1,15.64
Cc1nc(-c2ccc(C#N)cc2)cc(-c2ccc(C#N)cc2)c1C#N,12.94
Cn1ccc(N=c2nc(-c3cnc4[nH]cc(C#N)c4c3)cc[nH]2)n1,24.18
N#Cc1ccc(-c2nc(C#N)nc3c(C#N)cccc23)cc1,11.36
Cc1[nH]n(-c2ccc(Cl)cc2)c(=O)c1C=Nc1c(C)n(C)n(-c2ccccc2)c1=O,20.43
CC#CC(O)C#CC#CC(O)CC,23.1
N#Cc1ccc(C=CC(=O)O)cc1,14.23
Cc1ccc(-c2ccc(S(=O)(=O)NC(CCCCNC(=N)N)C(=O)N(Cc3ccccc3)c3ccccc3)cc2)cc1,36.6
CN(C)c1[nH]c(=N)c(C#N)c(C#N)c1C#N,18.25
Nc1ccc(-c2nc(-c3cccnc3)nc(-c3ccc(N=Cc4cc(C=O)c(O)c(C=O)c4O)nc3)n2)cn1,12.81
N#Cc1ccc(-c2csc(=NN=Cc3ccccc3)[nH]2)cc1,14.18
CC(C)(C#N)Sc1ncc(C#N)c(Cl)c1Cl,23.24
CN(C)C=Nc1cccc(N=NNc2ccc(-c3nc(-c4ccc(N)nc4)nc(-c4ccc(N)nc4)n3)cc2)n1,19.9
Cc1cc(-c2cc(=O)c3c(O)cc(O)cc3o2)ccc1O,19.3
Cc1ccc(C=O)c(C)c1,13.45
N#CC(C#N)=C1c2ccccc2Oc2ccc(Cl)cc21,19.33
Cc1nc(-c2ccc(OCc3cccc(-c4ccc(C(=O)O)cc4)n3)cc2)sc1CO,27.37
N#Cc1ccc(-n2nnc(-c3ccccn3)n2)cc1,13.19
N#Cc1ccc(-n2c(=O)c3sc4ncccc4c3c(=O)n2-c2ccc(C#N)cc2)cc1,16.45
CC1(C)Cc2cc(C3CCN(CCC4CCC(NC(=O)c5ccc(-n6ccccc6=O)cc5)CC4)CC3)ccc2O1,29.69
CCOC(Cc1ccc(NC(=O)c2ccc(C#N)cc2)cc1)C(=O)O,19.86
N#Cc1ccc(N=c2[nH]c(-c3ccc(C#N)cc3)cs2)cc1,11.76
C=c1c(=Cc2[nH]c(=Nc3ccccc3)[nH]c2O)cc(O)n1-c1ccc(-c2cnc(-c3ccc(N)cc3)o2)cc1,26.67
N#Cc1ccc(-n2c(=O)c3cc4c(=O)n(-c5cccc(Cl)c5)c(=O)c4cc3c2=O)cc1,13.93
Nc1ccc(S(=O)(=O)CCNC(=O)c2cccc(F)c2)cc1,26.32
CCN1Cc2cc(-c3ccc(C#N)cc3)ccc2C1=O,13.09
O=C(C=Cc1ccc(-c2ccc(C(=O)O)c(Cl)c2)o1)c1ccc(-c2ccccc2)cc1,26.01
N#Cc1ccc2[nH]c(=O)c(-c3nc4ccccc4[nH]3)c(-c3ccccc3)c2c1,18.73
CN(C)C(C(=O)N1CCc2ccccc2C1)c1ccc(C#N)cc1,22.33
COc1cccc(-c2cc3c(cc(-c4ccc(C#N)cc4)n3-c3ccc(C#N)cc3)n2-c2ccc(C#N)cc2)c1,12.16
COc1ccc(-c2cnn(-c3ccc([N+](=O)[O-])cc3)n2)cc1,22.87
N#Cc1ccc2c(c1)c(=O)[nH]c1ccc(C#N)cc12,14.49
Cc1ccc(-c2cc(C(=O)N=c3cc(C)cc[nH]3)c3ccccc3n2)cc1,18.2
CCN1CCc2cc(C(=O)N=c3[nH]c4c(ccc5ccccc54)s3)ccc21,31.5
Cc1ccc(-c2nn(-c3ccccc3)cc2C=O)cc1,15.54
CS(=O)(=O)c1ccc(-n2nc(C(F)F)cc2-c2ccc(C#N)cc2)cc1,18.54
O=Cc1c(O)c(C=O)c(O)c(C=Nc2ccc(-c3ccc(-c4ccc(N=Nc5ccc(O)c(C(=O)O)c5)cc4)nc3)cc2)c1O,22.04
N#Cc1ccc(-c2c[nH]c(=Nc3ccc4ccccc4c3)o2)cc1,22.16
COc1cc(O)ccc1C(=O)C=Cc1cccc(O)c1,22.68
Cc1cc(C)c2oc(-c3ccc(-c4ccc(-n5cc[nH]c5=O)cc4)cc3)nc2c1,20.52
CCN1CC(NC(=O)Cc2ccc(C(=O)Nc3cccnc3)cc2)C(=O)N(Cc2ccc(C=Nc3ccc(C#N)cc3)cc2)c2ccccc21,40.66
C=Cc1cc(C)c2c(=O)cc(-c3ccc(C#N)cc3)oc2c1F,24.09
CN1CCC(COCCF)(c2ccc(-c3cc(Cl)cc(Cl)c3)cc2)C1,35.63
CCc1cc(=O)nc(Cl)[nH]1,20.66
N#Cc1ccc(-c2nc(-c3ccc(C=Nc4cc(O)c(N)cc4O)cc3)n[nH]2)cc1,11.62
COc1ccc(-n2c(=O)c(-c3ccc(Br)cc3)nc3cccnc32)cc1,18.93
CN(C)C(=O)C=NC(=O)C=CC#Cc1ccccc1,20.32
N#Cc1ccc(-c2ccc(N)c(C#N)c2)cc1,13.65
C=c1[nH]n(-c2ccc(C(=O)O)cc2)c(=O)c1=Cc1ccc(-c2ccco2)o1,21.75
N#Cc1ccc(-c2cc(C#N)nc3cccc(-c4ccc(C#N)cn4)c23)cc1,16.4
N#Cc1ccc(-c2ccc(C(=O)NN=Cc3ccc(Cl)cc3)o2)cc1,17.19
Cc1nc(=N)nc(-c2cn3c(n2)-c2onc(-c4ccc(C#N)cc4)c2OCC3)[nH]1,31.3
Cn1c(-c2ccc(C#N)cc2)c(-c2ccc(C#N)cc2)c2c(C=O)cc(C#N)cc21,20.31
Cn1c(-c2ccc(C#N)cc2)ccc1-c1ccc(C#N)cc1,12.97
N#Cc1ccc(CN2CCOc3ccc(-c4ccc5c(c4)OCO5)cc3C2=O)cc1,17.24
Cc1ncc(-c2cccc(C#N)n2)n1-c1ccc(C#N)cc1,20.7
CC(C)c1ccc(-c2cn3c(C#N)cc(C#N)c3cc2-c2ccc(C#N)cc2)cc1,14.04
Cc1nn(-c2ccc(C#N)cc2)c2oc3ccc(Cl)cc3c(=O)c12,19.68
Cc1cncc(-c2cccc(NC(=O)c3cccc(-c4cncs4)n3)c2)n1,28.52
N#Cc1ccc(-c2nc(C#N)sc2-c2ccc(C#N)cc2)cc1,12.35
N#Cc1ccc2c(c1)c1c(c3[nH]c(-c4ccccc4)cc32)C(=O)NC1=O,18.73
N#Cc1ccc(-c2cc(-c3ccc(C#N)cc3)n(CC(=O)O)c2-c2ccc(F)cc2)cc1,15.85
Cc1ccc2nc(-n3c(-c4ccc(C#N)cc4)cc4c3cc(-c3ccc(C#N)cc3)n4-c3ccc(C(N)=O)c(C)c3)sc2c1,14.72
N#Cc1ccc(-c2cc(=N)n3c([nH]c4ccccc43)c2C#N)cc1,13.53
Nc1ccc(-c2nc(-c3ccc(Cl)cc3)no2)cc1,17.26
N#Cc1c(N)c(Cl)c(Cl)c(C#N)c1Cl,12.57
N#Cc1cccc(S#N)c1,21.12
CCC(Oc1[nH]c(=Nc2ccc(C#N)cc2)cnc1C#N)C(=O)OC,23.34
Nc1ccc(-c2nc(-c3ccc(N)cc3)nc(-c3ccc(C=Cc4ccc5ccccc5n4)cc3)n2)cc1,18.42
Cc1nc(-n2c(-c3ccc(C#N)cc3)nc3cc(C#N)ccc32)[nH]c(=O)c1O,16.11
COc1ccc2c3c([nH]c2c1)C(=O)NC3,19.7
Cn1cncc1-c1ccc(C#N)cn1,13.85
CN(C)c1ncc(-c2nc(=Nc3ccc(C#N)cc3)nc(C#N)[nH]2)cn1,20.47
NS(=O)(=O)c1ccc(N=Cc2c(O)c(C=O)c(O)c(C=O)c2O)cc1,12.15
N#Cc1ccc(-n2c(C(=O)O)c(C#N)c3cc(Cl)c(Cl)cc32)cc1,22.54
N#Cc1cccc(-n2cnc3[nH]cnc3c2=O)c1,24.6
N#Cc1ccc(-c2ccc(CNCC(F)(F)F)c3[nH]c4ccccc4c23)cc1,33.38
N#Cc1ccc(-c2nc3cc(-c4ccc(N)nc4)ccc3n2-c2ccc(C#N)cc2)cc1,18.98
O=c1nc(Cc2ccc(-c3ccccc3)cc2)oc2cc(O)c(O)cc12,21.68
Cc1ccc2oc(=O)cc(N=CN(C)C)c2c1,19.58
N#Cc1ccc(-c2nn(-c3ccc(C(N)=O)cc3NC3CCCCC3)c3ccccc23)cc1,14.41
N#Cc1ccc(N2C(=O)c3cccc4cccc(c34)C2=O)cc1,13.55
Cn1cc(C=NO)c2cc(-c3nc(-c4ccc(N)cc4)nc(-c4ccc(N)cc4)n3)ccc21,16.27
Cc1ccc(S(=O)(=O)N(Cc2ccc(F)cc2)CC(C)C)cc1,28.16
Clc1ccc(-c2csc(=NN=Cc3ccccc3)n2-c2ccccc2)cc1,18.46
N#Cc1ccc(C(C#N)c2nc(=O)c3ccccc3[nH]2)cc1,19.04
CCCC(=O)Nc1ccc(N=Cc2ccc(-c3nn[nH]n3)cc2)cc1O,22.99
Cc1ccc(-c2nc(-c3ccc(C=O)cc3)[nH]c2-c2cn(C)c3c(C#N)cccc23)cc1,26.74
Cc1ccc(S(=O)(=O)N2N=C(c3ccc4nc(-c5ccc(C=O)cc5)sc4c3)CC2c2ccc(C#N)cc2)cc1,29.67
CC1(c2ccc(Cl)cc2)NC(=O)N(CCCN=c2cc[nH]c3cc(Cl)ccc23)C1=O,25.92
N#Cc1ccc(-c2cc3ncn(-c4ccc(C#N)cc4)c(=O)c3s2)cc1,9.76
N#Cc1ccc(C(=O)C=CN=c2[nH]c(Cl)c(C#N)cc2C#N)cc1,23.56
COc1cc(C=C(C#N)C#N)cc(Br)c1O,15.63
COc1ccc(C2C(C#N)=C(C)N=C(C#N)C2C#N)cc1OC,24.55
CN(C)CC=Cc1ccc(Cc2ccc(NC(=N)N)cc2)cc1,25.92
C[n+]1ccc(-c2ccc(C#N)cc2)cc1,10.77
N=C(N)c1ccc(-c2csc(-c3ccc(C=O)cc3)n2)cc1,11.88
Cc1ccc(-c2[nH]c(=Nc3ccc(C#N)cc3)nc3ccccc23)cc1,21.55
O=Cc1ccc(-c2nc(-c3cc(C(F)(F)F)cc(C(F)(F)F)c3)ns2)cc1,15.29
c1ccc(-c2nnc(-c3ccncc3)o2)cc1,13.84
Nc1ccc(-c2cc(-c3ccc(N=Cc4c(O)c(C=O)c(O)c(C=O)c4O)nc3)nc(-c3ccc(N)nc3)n2)cn1,13.09
O=C(O)c1cccc(-c2ccc(-n3[nH]c4cc(-c5ccccc5)ncc4c3=O)cc2)n1,30.38
N#Cc1ccc(-c2ccccc2[N+](=O)[O-])cc1,15.09
N#Cc1ccc(-c2cnc3cc(-c4ccc(C#N)cc4)n(-c4ccc(C#N)cc4)c3c2)cc1,13.85
N#Cc1ccc(-c2ccc(C=NC(C#N)C(=O)O)o2)cc1,19.57
O=C1c2ccccc2-c2nc3cccc4c3c(c21)N(Cc1ccccc1)c1cc2c(cc1-4)OCO2,28.9
CC(=O)c1ccc(-n2c(C)c(C)c3ccc(-c4ccc(C#N)cc4)cc32)cc1,12.96
N#Cc1ccc(N2C(=O)c3cccc4nc5ccccc5c(c34)C2=O)cc1,16.9
CN(C)C=Nc1ccc(Br)c(C#N)n1,17.78
N#Cc1ccc(CCN=c2nc(-c3ccc(C#N)cn3)c(C#N)c[nH]2)cc1,24.09
c1ccc2[nH]ccc2c1,15.53
O=Cc1ccc(-c2ccncc2)cc1,9.96
CN1CCC(=NC(=O)c2cn(-c3ccc(C#N)cc3)c3cc(-c4ccc(C#N)cc4)c(F)cc3c2=O)CC1,24.96
CCC(=O)N(NC(=O)c1ccc(C(C)(C)C)cc1)C(C)(C)C,26.69
COCCN=C(C)c1ccccc1-c1ccc(C#N)cn1,33.06
CNC(=O)c1cc(CSc2nc(-c3ccc(Cl)cc3Cl)c(C#N)c(=O)n2C)ccn1,25.39
C=CCN=c1cc[nH]c(-c2ccc(C#N)cc2)n1,16.35
O=C(O)c1ccc(NCCCc2ccccc2)cn1,21.85
Cc1nc(-c2cc3n[nH]c(-c4ccc(C#N)cc4)c3cn2)c[nH]c1=N,23.31
Cn1cnc2c(=NN=Cc3ccccc3)[nH]c(Cl)nc21,18.57
O=C1CC2C(=NN1)COc1ccc(-c3ccccc3)cc12,20.17
Cc1cc(C=Cc2ccc(C#N)cc2)c2ccc(C#N)cc2c1,17.78
N#Cc1ccc(-c2cc(-c3ccc(N4CCNCC4)nc3)[nH]c(=N)c2)nc1,16.95
Cc1ccc2nc(-c3ccc(N=Cc4cc(C=O)ccc4O)cc3)sc2c1,15.23
COc1ccc(OC)c(C=CC=O)c1,16.07
Cc1cc(C)c(N=c2nc(N(C)c3ccc(C#N)cc3)cc(C)[nH]2)c(C)c1,23.54
N#Cc1cc2ccccc2cc1-c1ccncc1,18.89
N#Cc1ccc(-c2ncc(C#N)c(-c3ccc(C#N)cc3)n2)cc1,13.88
CN(C)C=Nc1cc(-c2ccc(C#N)cc2)cc(-c2ccc(C#N)cc2)n1,14.28
C=CC(=O)N1CCN(c2nc3c(C#N)c4n(c3c(=N)[nH]2)CCCC4)CC1,22.66
O=C1OC(=O)c2cccc3cccc1c23,13.93
CN(C)C(=O)c1cc(-c2ccc(-c3ccc(C#N)cc3)cc2)n(-c2ccc(C#N)cc2)n1,14.43
N#Cc1ccc(CNC(=O)c2ccc(C#N)c(-c3ccc(C#N)cn3)c2)cc1,13.01
N#CC(C#N)=C(C#N)c1ccc(C#N)cc1,13.95
Cc1ccc(-c2nc(-c3ccc(C#N)cc3)ccc2C=O)cc1,14.15
N#CCCSc1nnc(-c2ccc(C#N)cc2)n1CCO,23.66
Nc1ccc(-c2nc(-c3ccc(C=O)cc3)nc(N3CCOCC3)n2)cn1,11.9
N#Cc1ccc(-n2ccc3oc(-c4ccc(Cl)cc4)cc3c2=O)cc1,12.93
N#Cc1ccc(-n2cc(C(F)(F)F)cn2)cc1,13.59
COc1ccc(C=O)c(O)c1,15.63
N#Cc1ccc(-c2c(-c3ccccc3)c3c(=O)oc4ccccc4c3n2-c2ccc(C#N)cc2)cc1,19.31
N#Cc1ccc(-c2[nH]c(=N)nc3c2ccn3C2CC(N=[N+]=[N-])C(CO)O2)cc1,26.5
N#Cc1ccc(C2Oc3ccccc3C3=C2CC(=O)CC3)cc1,21.16
N#Cc1cc(NC(=O)Nc2ccc(-c3nc(C4=NCCN4)cc4ccccc34)cc2)ccc1F,27.3
CN=Cc1cc(C=O)cc(C=Nc2ccc(-c3nc(-c4ccc(N)nc4)nc(-c4ccc(N)nc4)n3)cn2)c1O,13.37
CC(C)Oc1ccc(-c2ccc(=Nc3ccc(C#N)cc3)[nH]n2)cc1C#N,17.08
N=C(N)c1ccc(N=Cc2ccc(-c3nc(-c4ccc(C=O)cc4)nc(-c4ccc(N)nc4)n3)o2)cc1O,22.3
Cc1ccc2occ(C=Nc3ccc(-c4nc(-c5ccc(N)nc5)nc(-c5ccc(N)nc5)n4)cc3)c(=O)c2c1,21.41
Cc1cc(C)nc(N2CC3CN(C(=O)c4ccccc4-n4nccn4)CC3C2)n1,19.59
N#Cc1ccc(-c2cc[n+](-c3cc(-c4ccc(C#N)cc4)nc(=N)[nH]3)cc2)cc1,13.52
CN1CCC(NC(=O)c2ccc(N=c3nc(-c4ccc(C#N)cn4)cc[nH]3)cc2)CC1,22.22
CC1(C(=O)N2CCOCC2)COC(c2nc(-c3ccc(C#N)cn3)nc(=N)[nH]2)OC1,24.56
N#Cc1ccc(Nc2ccc(C#N)cc2C=O)cc1,13.1
N#Cc1ccc(-c2cc3c(C(N)=O)cccc3n2-c2ccc(C#N)cc2)cc1,23.24
O=Cc1c(O)c(C=O)c(O)c(C=O)c1O,12.49
Cc1cncc(-c2cc3c(-c4ccncc4)cnn3c(N3CCOCC3)n2)n1,19.05
CCc1nn(Cc2ccccc2F)c2nc(OC)nc(OC)c12,31.93
Nc1ccc(-c2nc(-c3ccc(N)nc3)nc(-c3ccc(N=Cc4ccc(C=Cc5cc(C=O)c(O)c(C=O)c5O)cc4O)nc3)n2)cn1,18.15
N#Cc1ccc(-c2cnc3c(C#N)cc(C#N)cn23)cc1,12.25
O=C1NC(=O)C(=Cc2ccc(-c3ccccc3)cc2)S1,15.63
C=C(C)c1ccc(C#N)cc1,15.37
N#Cc1ccc(-c2c(-c3ccccc3)c(=O)[nH]n2-c2ccc(C#N)cc2)cc1,11.89
Cn1c(-c2ccccc2)nc2ccc(-c3ccc(C#N)cc3)nc21,18.99
CC(C)c1ccc(-n2nc(C(N)=O)c3ccc(-c4ccc(CN5CCC(F)(F)CC5)cc4)nc3c2=O)cc1,32.66
C[n+]1ccc(-c2cc(C=Nc3cccc(C#N)c3)nc3ccccc23)cc1,24.16
N#Cc1ccc(-c2ccc(-c3ccc(C#N)cc3Cl)s2)cc1,17.4
N#Cc1c(F)c(F)c(F)c(C#N)c1F,13.97
CC(=O)c1cccc(OCC2CCN(Cc3ccc(-c4ccccc4-c4nn[nH]n4)nc3)CC2)c1,33.94
C=C(C)C(=O)c1cc(C)c(O)cc1C=O,22.77
N#Cc1ccc(-c2ccc(=O)n(CCO)n2)cc1,17.34
Cc1ncc(C#Cc2cccc(C#N)c2)c(C)n1,17.17
N#Cc1ccc(-n2ncc(C(=O)Nc3ccc(-c4ccc(CNCCN)cc4)cc3)n2)c(C#N)c1,23.76
N#Cc1cccc(O)c1C=O,17.53
Cc1ccc(-c2cc(-c3ccc(-n4c(-c5ccc(C)cc5)cc(C#N)c4N)cc3)nc(-c3ccc(C#N)cc3)n2)cc1,19.22
NC(=O)c1ccc2[nH]c(-c3ccc(C=O)cc3)nc2c1,11.39
COc1cc(OC)c(C=C2C(=O)NC(=S)NC2=O)cc1Cl,25.37
N#Cc1ccc(-c2coc3cc(C#N)ccc3c2=O)cc1,14.84
N#CC(=Cc1ccc(C#N)cc1)C(=O)NCC(=O)C(=O)Nc1ccc(C#N)c(C(F)(F)F)c1,28.09
N#Cc1ccc(C(c2ccc(C#N)cc2)n2ncn(-c3ccc(C#N)cc3)c2=O)cc1,18.55
Cc1nc(-c2ccc(C#N)cc2)n(-c2ccc(C#N)cc2)c1-c1ccc(C=O)cc1,12.0
Nc1ccc(-c2nc(-c3ccc(N=CC4C(=O)CCCC4=O)cc3)nc(-c3ccc(N)nc3)n2)cc1,21.01
N#Cc1ccc(-c2ccc3c(-c4ccc(C#N)cc4)nc4[nH]nc(C(N)=O)c4c3c2)cc1,19.33
CC(C)(C)c1ccc(-c2nc(-c3ccc(N=Cc4cc(C=O)c(O)c(C=O)c4O)nc3)n[nH]2)cc1,17.0
Cc1cc(C)c2c(=O)[nH]c(-c3ccc(C#N)cc3)nc2n1,14.49
C=CCn1c(-c2ccc(C#N)cc2)nc2ccc(N)cc2c1=O,15.02
N#CCc1ccc2c(C#N)cc(-c3ccc(C#N)cc3)c(C#N)c2c1,19.2
N#Cc1ccc(CN2C(=O)C(c3ccccc3)(c3ccccc3)N=C2N)cc1,19.11
ON=Cc1ccc[n+](Cc2ccccc2)c1,16.41
c1ccc2c(-c3nc4ccncc4[nH]3)cccc2c1,20.97
N=c1ncc(-c2nc(-c3ccc(N=Cc4c(O)c(C=O)c(O)c(C=O)c4O)cc3)nc(N3CCOCC3)n2)c[nH]1,12.26
N#Cc1ccccc1N=CC1C(=O)c2ccccc2C1=O,19.53
CCc1ccc(-c2cc3c(cc(-c4ccc(C#N)cc4)n3-c3ccc(C#N)cc3)n2-c2ccc(C#N)cc2)cc1,11.79
Cn1nc(-c2cccc(C#N)c2)c2ccccc2c1=O,16.39
O=Cc1ccc(C(O)=NO)cc1,18.75
CC(=O)c1ccccc1-c1nc2ccccc2n1Cc1ccc(C#N)cc1,28.44
CC1(C)Oc2ccc(C#N)cc2C(n2[nH]c(=O)ccc2=O)C1O,21.77
N#Cc1ccc(-c2cc(C(N)=O)c3c(ccc4[nH]c(-c5ccc(C#N)cc5)cc43)c2)cc1,20.46
N#Cc1ccc(C2=NN(c3ccc(S(N)(=O)=O)cc3)C(c3cc4ccccc4cc3-c3ccc(C#N)cc3)C2)cc1,22.99
Cn1nc(-c2ccc(N)nc2)nc1-c1ccc(C#N)cn1,12.15
Cc1ncc(-c2nn[nH]n2)n1-c1ccc(C#N)cc1F,22.99
Cc1nc(=O)c2cc(C#N)c(Br)c(Br)c2[nH]1,24.38
c1c2c(cc3c1OCO3)-c1c[n+]3c(cc1CC2)-c1cc2c(cc1CC3)OCO2,18.11
CC(C)c1ccc(-n2c(-c3ccc(C#N)cc3)cc3c(Nc4ccc(C#N)cc4)ccc(C#N)c32)cc1,19.88
N#CCCC1CCc2cc(-c3ccc(C#N)cn3)ccc2O1,18.86
Cc1ccc(CC(=O)OCC(=O)c2c(N)n(C)c(=O)n(C)c2=O)cc1,18.16
N#Cc1ccc(C(=O)c2c(-c3ccc(C#N)cc3)[nH]c[n+]2-c2ccc(C#N)cc2)cc1,24.57
N#Cc1ccc(-c2nc(CO)cc(-c3ccc(C#N)cc3F)n2)cc1,13.8
N#Cc1c[nH]c2ncc(-c3ccc(C(=O)NC(CO)c4ccccc4)cc3)cc12,24.81
N#Cc1ccc2[nH]c3c4c(c5ccccc5c3c2c1)C(=O)NC4=O,16.79
Nc1cc(O)c(N=Cc2ccc(-c3nc(-c4cccc([N+](=O)[O-])c4)cs3)cc2)cc1O,17.83
N#Cc1ccc(N=Nc2[nH]c(-c3ccc(C#N)cc3)nc2C#N)cc1,14.95
N#Cc1ccc(CN=c2[nH]c3ccc([N+](=O)[O-])cc3c(=O)n2-c2ccc(C#N)cc2)cc1,20.59
O=Cc1c(O)c(C=O)c(O)c(C=Nc2ccc3ccccc3c2)c1O,12.11
CCN(CC)CCCn1c2ccc(C#N)cc2c2cc(C#N)ccc21,22.06
N#Cc1ccc(-c2ccc3c(=NCCCNCc4ccccc4)[nH]ncc3c2)cc1,24.71
CN1CCC(n2cc(S(=O)(=O)c3ccc(C#N)cc3)c3cc(C#N)ccc32)CC1,20.17
N#Cc1ccc(-c2nc(C(N)=O)c3sc(-c4ccc(C#N)cc4)cc3n2)cc1,20.42
C[S+]([O-])c1ccc(N=c2c(C#N)c[nH]c3c(C#N)cc(C#N)cc23)cc1,25.37
Cn1nccc1-c1ccc(C#N)cn1,11.88
N#Cc1ccc(-c2ccc(F)cc2)c(C#N)c1,15.69
N#Cc1ccc(-c2cc(-c3ccc(C=O)cc3)nc(-c3ccc(C(=O)O)cc3)n2)cc1,15.55
CC(C)c1ccc(-c2ccc(-c3ccc(C(C)C)c(C(N)=O)n3)cc2C(C)C)cc1,35.58
N#Cc1ccc(-c2cccc(N=CN3CCN(C=O)CC3)n2)cc1,11.49
N#Cc1ccc(-c2nc3cnccc3n2-c2ccc(C#N)cc2)cc1,16.03
COc1ccc(-c2cc(-c3ccc(C=O)cc3)n(-c3ccc(C(N)=O)cc3)n2)cc1,16.02
N#Cc1ccc(-c2csc(=NC(=O)c3ccc(-n4c(O)ccc4O)cc3)[nH]2)cc1,14.22
N#Cc1ccc(-c2nn(-c3ccc(C(N)=O)cc3NC3CCOCC3)c3ccccc23)cc1,15.35
Cn1c(Cn2ccc3ccccc3c2=O)nnc1SCc1ccc(C#N)cc1,26.5
N=c1nc(-c2ccc(N3C(=O)c4ccc5c6c(ccc(c46)C3=O)C(=O)OC5=O)cc2)nc(-c2ccc(N)cc2)[nH]1,13.4
Cc1ccc(-c2cc(-c3ccc(C#N)cc3)nc(-c3cccc(-n4cccc4)c3)c2)cc1,24.63
CCCn1c(=O)c2[nH]c(-c3ccc(C#N)cc3)cc2n(C)c1=O,16.22
C=CCn1c2c(c(=O)n(CC#N)c1=O)C(c1ccc(C)cc1)N(c1ccc(-c3ncccn3)cc1)C2=O,28.24
N#Cc1ccc(-c2cnn3c(C#CCO)cnc3c2-c2ccc(C#N)cc2)cc1,25.0
N#Cc1nc2c(ncn2C2CCCCO2)c(=NCCCc2ccccc2)[nH]1,27.66
CC(C)(O)c1cc(-c2ccc(C#N)cc2)nc(-c2ccc(C#N)cc2)n1,16.56
CS(=O)(=O)c1cccc(N=c2nc(-n3ccnc3-c3ccc(C#N)cc3)cc[nH]2)c1,22.02
CC(=O)Nc1cc(O)c(N=CN2CCCc3cc(C#N)ccc32)cc1O,21.24
N#CC(C#N)=Cc1ccc(-c2ccc(C=O)cc2)s1,14.69
CS(=O)(=O)c1ccc(-c2c(-c3ccccc3)nn3nnnc3c2-c2ccc(F)cc2)cc1,25.27
N#Cc1ccc(-c2cc3c4c(cccc4c2)CNC3=O)cc1,17.05
Cc1cc(C)c(S(=O)(=O)N(Cc2ccc(C#N)cc2)C2CCCCCC2)c(C)c1,26.93
O=Cc1ccc(-c2nc(-c3ccc(-c4nc(=O)o[nH]4)cc3)nc(-c3ccco3)n2)s1,24.99
Cc1cccc(-c2cc(-c3cnc(N4CCOCC4)nc3)cc3nc(-c4cnc[nH]c4=N)n(CC4CCC(C)CC4)c23)n1,25.08
Nc1ccc(-c2cc(-c3ccc(C=O)cc3)cc(-c3ccc(C=O)cc3)n2)cc1,13.09
N#Cc1ccc(-n2cnc3ccc(-c4ccc(C#N)nc4)cc32)c(Cl)c1,25.02
Nc1ccc(-c2nc(-c3ccc(N)nc3)nc(-c3ccc(N=Cc4cnco4)nc3)n2)cn1,20.97
CC#Cc1cncc(-c2ccccc2)c1,16.08
O=Cc1ccc(-c2cc[n+](-c3nc(Cl)nc(Cl)n3)cc2)cc1,10.17
N#Cc1ccc(C(=O)Oc2c(C#N)cc(C#N)c3ccccc23)cc1,20.17
COC(=O)C(C)NC(=O)N=c1cco[nH]1,28.43
COc1ccc(-c2c(C(C)=O)c(O)c(O)n2-c2ccc(C=O)cc2)cc1,18.63
Nc1ccc(-c2nc(-c3ccc(Cl)cc3)nc(-c3ccc(N=Cc4cnc5ccccc5n4)cc3)n2)cc1,28.6
Nc1nc(N)nc(N=CN2CCCCCC2)n1,10.94
Cn1c(N)c(C#N)c2c(=O)cc(-c3ccc(N=[N+]=[N-])cc3)[nH]c21,30.24
CN(C)C(=S)N1N=C(c2ccccc2)CC1c1ccc(F)cc1,23.33
N#Cc1ccc(-c2ccc3c(c2)C(=O)N(Cc2ncccn2)CCO3)cc1,15.26
COCc1c2ccccc2cc2ccc(C#N)cc12,23.68
NC(=O)N=CCCCc1ccccc1,21.75
N#Cc1ccc(N=c2nc(-c3ccc(C#N)c(C#N)c3)cc(-c3ccc(C#N)cc3)[nH]2)cc1,22.35
Clc1ccc(-c2cc(-c3ccc(Cl)cc3)nc(-c3ccc(Cl)cc3)c2)cc1,11.91
CC(C)NC(=O)N=c1ccc2c[nH]c(=NC(=O)c3ccc(C#N)cc3)cc2[nH]1,33.98
COC(=O)c1cc(S(=O)(=O)Nc2sc(C)c(C)c2C#N)ccc1Br,32.94
Cc1nc(-c2ccc(C#N)cc2)c(-c2cncc(C=Cc3ccc4c(ccn4-c4ccc(C(N)=O)cc4CN(C)C)c3)c2)c(C=O)c1O,43.09
N#CC(C#N)=Cc1ccc(O)c(O)c1,12.34
O=C(N=c1nn[nH][nH]1)c1ccc(-c2ccccc2)cc1,18.63
Cn1ccnc1C=O,15.58
N#Cc1ccc(-c2nc(-c3ccc(C=O)cc3)nc(-c3ccc(C=Nc4cc(O)c(N)cc4O)cc3)n2)o1,13.43
CCn1c(C(C)N(C)Cc2ccc(NC(C)=O)cc2)cc2ccccc21,25.48
COc1c(C=NN2CCN(C)CC2)cc(C#N)c(=O)n1C,22.47
CC(=O)c1nnc2ccc(-c3ccc(C#N)cc3)nn12,21.2
Nc1cc(O)c(N=Cc2ccc(-c3nc(-c4ccc(Cl)cc4)cc(-c4ccc(C=O)cc4)n3)cc2)cc1O,15.55
N#Cc1ccc(-c2nc(-c3ccc(N)nc3)nc(=NC(C#N)c3ccc4c(-c5ccccc5)noc4n3)[nH]2)cc1,26.41
Cc1cc(NCc2ccc(N)cc2)c2c(C)nn(-c3ccc(C#N)cc3)c2n1,24.92
N#Cc1ccc(-c2nc3ccc(-c4cnc(=N)[nH]c4)cn3c2Cc2ccccn2)cc1,18.24
CN(C)c1ccc(C=NO)cc1,14.63
Cn1ncc2ccc(-c3ccc(C#N)cc3)cc21,13.06
N#Cc1ccc(-c2cc3c(cc(-c4cccc(-c5nn[nH]n5)c4)n3-c3ccc(C#N)cc3)n2-c2ccc(C#N)cc2)cc1,19.25
N#Cc1ccc(-c2cn3c(-c4cccs4)cc(-c4ccc(C#N)cc4)c(C#N)c3n2)cc1,20.43
Cn1ccnc1C=Nc1ccc(-c2nc(-c3ccc(N)nc3)nc3cc(C#N)ccc23)cn1,22.08
Nc1cc(O)c(N=Cc2ccc(-c3nc(-c4ccc(C=O)cc4)nc(-c4cccnc4)n3)cc2)cc1O,11.4
N#Cc1ccc(-n2[nH]c(=O)c3cc4c(=O)[nH]n(-c5ccc(F)cc5)c(=O)c4cc3c2=O)cc1,10.19
COc1ccc(C=CC(=O)OC2OC(C)C(O)CC2O)cc1,23.91
CC(=NN=C(N)N)c1cc(N)cc(N=CN(C)C)c1,24.41
CCc1ccc(-c2ccc(-c3cc(=O)n(-c4ccc(-c5nc(-c6ccc(N)cc6)nc(-c6ccc(O)c(F)c6)n5)cc4)c(-c4ccc(-c5ccc(C#N)cc5)cc4)n3)cc2)cc1,30.6
CCOc1cc2cc(C#N)cc(C=CC#N)c2cc1OCC,30.55
COc1cccc2c(O)c3c(O)c4ccccc4c(O)c3c(O)c12,18.33
N#Cc1ccc(-c2cn(-c3ccc(C#N)cc3)c(-c3ccc(C=O)cc3)n2)cc1,17.15
Oc1ccccc1N1CCN(N=Cc2ccco2)CC1,22.45
O=Cc1ccc(F)cc1,11.11
O=Cc1c(O)c(C=O)c(O)c(C(=O)C=Cc2ccc(Oc3ccccc3)cc2)c1O,20.95
N#Cc1ccc(C(=O)Nc2cc(C(N)=O)ccc2-n2cc(-c3ccc(N4CCOC4=O)nc3)cn2)cc1,29.69
COc1cc(N=Cc2ccc(-c3cn(-c4ccc(C(N)=O)cc4)nn3)cc2)ccc1-c1ccc(F)c(C)c1,22.99
N#Cc1ccc(-c2nncc3c4cnccc4n(C4CCN(C(N)=O)CC4)c23)cc1,31.1
O=C(O)CCc1ccc(C#Cc2ccc(F)cc2)cc1,14.03
N#Cc1ccc(-c2cc(-c3cc(C(F)(F)F)nn3-c3ccc(C(N)=O)cc3)ccc2C#N)cc1,15.92
CC1(C)CC(NC(=O)c2cc(C#N)ccc2O)c2ccc(C#N)cc2O1,25.17
Cn1c(=O)c2[nH]c(-c3ccc(-c4ccccc4)cc3)cc2n(C)c1=O,14.86
N#Cc1ccc(Oc2ccc(F)c3c2ccn3-c2ccc(C(N)=O)cc2N)cc1,26.18
NC(=O)c1cccc2[nH]c(-c3ccc(C=O)cc3)nc12,13.05
N#Cc1cc(-c2cc[nH]c(=Nc3ccc(N4CCOCC4)cc3)n2)cnc1N1CCC(F)C1,20.15
CNC(=O)c1ccc(C#Cc2ccc3c(c2)CCn2c(-c4ccc(N)nc4)nnc2-3)cc1,22.94
COCCn1c(=O)c2[nH]c(-c3cn(C)c4ccccc34)nc2n(Cc2ccccc2)c1=O,24.71
Cc1cncc(-c2ccc(-c3cc(-c4cc[nH]c(=N)n4)c4cnccc4n3)cc2)n1,32.09
Cc1ccc2nc(-n3c(-c4ccc(C#N)cc4)cc4c3cc(-c3ccc(C#N)cc3)n4-c3nc4cc(F)cc(F)c4s3)sc2c1,12.2
O=Cc1c(O)c(C=O)c(-c2ccc(-c3ccccc3N=Nc3c(O)cc(F)c4ccccc34)cc2)c(C=O)c1O,33.18
N#Cc1ccc2cc(-c3cccc(NC(=O)CN4CCN(Cc5ccccc5)CC4)c3)oc2c1,25.76
Cc1ccc(-n2[nH]c(C)cc2=NC(=O)CNC(=O)c2cccc(C#N)c2)cc1,24.54
COc1ccc(C#N)cc1C=Nc1ccc(-n2cnc3c(Br)cc(Br)cc3c2=O)cc1,24.47
N#Cc1ccc(-c2noc(-c3ccc(C#N)cc3)n2)cc1,11.79
N#Cc1c[nH]c2nc(N3CCOCC3)nc(-c3ccc(C(N)=O)cc3)c12,16.88
CC1Cc2c(nnn2-c2ccc(F)cc2)CN1C(=O)c1cccc(C(F)(F)F)c1Cl,22.51
Nc1nc(N=Cc2c(O)c(C=O)c(O)c(C=O)c2O)cc(N=CN2CCN(C=O)CC2)n1,13.17
CCN(CC)Cc1cc(N=c2nc(-c3ccc(C#N)nc3)cc[nH]2)nc(N2CCOCC2)n1,29.78
Nc1ccc(-c2nc(-c3ccc(N)nc3)nc(-c3ccc(N=Cc4ccc5ccccc5n4)nc3)n2)cn1,14.08
Nc1ccc(-c2nc(-c3ccc(O)cc3)nc(-c3ccc(-n4c(=O)c5cc6c(=O)oc(=O)c6cc5c4=O)cc3)n2)cc1,12.04
Cc1ccc2cc(C=NNC(=O)c3ccncc3)c(Cl)nc2c1,16.6
C#Cc1cccc(-n2nc(-c3cc(C#N)nn3-c3ccc(S(N)(=O)=O)cc3)cc2-c2ccc(C#N)cc2)c1,33.1
N#Cc1ccc(C=CC(=O)n2cccc2C#N)cc1,26.92
CC1CCN(c2ncc3c(c2C#N)CCC3)CC1,18.97
CCn1c(=O)c(-c2ccc(-c3nc(-c4ccc(N)cc4)nc(-c4ccc(O)cc4)n3)cc2)cc2ccccc21,23.41
N#Cc1c(C=O)sc2ccccc12,18.02
CN(Cc1ccc(C#N)cc1)c1nc(-c2ccc(C#N)cc2)nc2c1n(C)c(=O)n2-c1ccc(C#N)cc1,20.43
CCc1c(C)c(O)c2c(c(C#N)cn2CC)c1O,28.22
CON=Cc1cc(C#N)ccc1Cl,21.68
COc1ccc(-c2cc(-c3ccc(C=O)cc3)c(C#N)c(=N)[nH]2)cc1,19.04
O=Cc1c(Cl)c(O)c2ccccc2c1O,16.15
N#Cc1ccc(NC(=O)c2cccnc2C(=O)N=c2cc[nH]cc2)cc1,26.07
CN(CC=Cc1ccc(C#N)cc1)CCc1ccc(C#N)cc1,17.88
Cc1cnc(-c2ccc(-c3ccc(C#N)cc3)cc2)c(=NC(=O)CC#N)[nH]1,25.54
N#Cc1ccc(-c2cc3c(cc(-c4ccc(Cl)cc4)n3-c3ccc(C#N)cc3)n2-c2ccc(C#N)cc2)cc1,9.91
CN(C)c1ncc(-c2ccc3c(-c4ccc(C#N)cc4)cncc3c2)cn1,15.72
N#Cc1cc(F)cc(C(=O)N=c2[nH]c3ccc(C#N)cc3[nH]2)c1,22.26
N#CC(C#N)=C1NN(c2ccc(F)cc2)C(=S)N1c1ccccc1,27.2
N#Cc1ccc(-c2ccc(C(=O)O)cn2)nc1,16.01
N#Cc1ccc(-c2n[nH]c(=NC(=O)C=Cc3ccco3)s2)cc1,22.16
N#Cc1ccc(Cn2c(C#N)c(-c3ccc(C#N)cc3)c(=O)[nH]c2=O)cc1,14.25
Cc1c(C#N)nc(-c2ccc(Cl)cc2Cl)n1-c1ccc(Cl)cc1,16.51
Cc1cc(C#N)cc(-c2ccc(C#N)cn2)c1,13.65
Cc1nn(-c2cccc(-c3ccccc3)n2)c2c1C(c1ccc(C(C)C)cc1)C1C(=O)CC(C)(C)CC1=N2,29.25
Cn1c(-c2ccc(C#N)cn2)nc(-c2ccc(C#N)cc2)c1-c1ccccc1Cl,24.78
N#Cc1ccc(C(O)(C#N)C(F)(F)F)cc1C#N,18.31
N#Cc1ccc(-c2c3cc(C#N)cnc3c3ncnc-3n2-c2ccc(C#N)cc2)cc1,22.21
CCN1C(=O)c2ccc3c4c(ccc1c24)C(=O)N(c1ccc(-c2nc(-c4ccc(N)cc4)nc(-c4ccc(N)cc4)n2)cc1)C3=O,12.75
N#Cc1cccc(-c2nc(-c3ccc(N)nc3)nc3ccccc23)c1,13.7
C#Cc1cccc(N=c2[nH]cnc3ccc(C#N)cc23)c1,18.23
Cc1ccc(C(=O)C=Cc2cc(C=O)c(O)c(C=Nc3ccc(C#N)cc3)c2)cc1,18.98
O=C1c2ccccc2S(=O)(=O)N1CCCCN1CCC(c2ccccc2)(c2ccccc2)CC1,26.38
N#Cc1ccc(-c2ccnn2-c2cccc(C#N)c2)cc1,16.58
COc1cc2[nH]c(N3CCN(C(=O)C4CCCN4Cc4cccc(O)c(=O)c4O)CC3)nc(=N)c2cc1OC,39.47
Cc1c(Br)c(C)c2cc(-c3ccccc3Cl)n(CC(=O)N=Cc3ccc(C(=N)N)cc3)c2c1C,38.19
C=c1c(C#N)c(O)n(-c2ccc(C#N)cc2C(C)(C)C)c1=C,21.01
Cc1ccc(-c2cc(-c3ccc(NC(=O)c4c[nH]c(N(C)C)nc4=N)cc3)nc(-c3ccccc3)n2)cc1,29.1
N#Cc1ccc(-c2c[nH]c(-c3ccc(N=C(N)c4ccccc4)nc3)n2)cc1,18.88
Nc1ccc(-c2nc(-c3ccc(N=Cc4cc(C=O)c(O)c(C=O)c4O)nc3)nc(-c3ccc4c(c3)OCO4)n2)cn1,12.32
Cc1ccc(-c2cc3nc(-c4cccs4)cc(-c4n[nH]c(=S)n4-c4ccc(Cl)cc4)n3n2)cc1,32.48
CC(C)Cc1c(O)c(N=Cc2ccc(-c3nsc(-c4ccc(C=Nc5ccc(N)cc5)cc4)n3)cc2)cc(C(C)(C)C)c1O,31.02
CC(C)(C)c1nc(-c2cc[nH]c(=N)n2)c(-c2ccc(C#N)cc2)[nH]1,18.88
Cc1cccc(-c2ccc3c(-c4ccc(C#N)cc4)cc4nc(C(C)C)cn4c3c2)n1,28.28
Nc1cc(O)c(N=Cc2ccc(-c3nc(-c4ccc(C=O)cc4)nc(-c4ccc(C=O)o4)n3)cc2)cc1O,13.29
N#Cc1ccc(-c2ncc(C=N)c(-c3ccc(C#N)cn3)n2)cc1,22.03
Cc1ccccc1C=Nn1c(-c2cccs2)nc2c(C)cccc2c1=O,24.57
Cc1c2c(cc3c(=O)cc(-c4ccccc4)oc13)OC(C)(C)C=C2,16.23
N#Cc1cc(C#N)c(-c2ccncc2)cc1N,15.62
CCc1nc(-c2cnc(N=Cc3c(F)cccc3F)nc2C)nc(-c2ccc(C#N)cc2)c1C#N,24.5
O=Cc1c(O)c(C=O)c(O)c(C=Nc2ccc(-c3ccccn3)cc2)c1O,14.28
O=Cc1c(O)c(C=O)c(O)c(C=Nc2c(F)c(F)c(F)c(F)c2F)c1O,12.37
N#Cc1ccc(-c2cccc3c(-c4ccc(C#N)nc4)nc(=O)[nH]c23)cc1,27.05
CC(=O)N(C1=NN(C(C)=O)C(c2ccccc2Br)S1)c1ccc(Cl)cc1,29.14
CC(N=c1nc[nH]cc1-c1ccc(C#N)nc1)c1ccc(C#N)cc1,22.76
CN(C)c1ccc(C=Nc2ccc(-c3ccnc(-c4ccc(NS(=O)(=O)c5ccc(N)cc5)cc4)n3)c(-c3ccc(N)cc3)n2)cc1,23.29
N#Cc1ccc(-c2ccn(-c3cc(N=CN4CCN(C=O)CC4)nc(N)n3)n2)cc1,13.27
CN1CCN(C(=O)C=Cc2ccc(-n3cc(-c4ccc(C(N)=NO)cc4)nc3-c3ccc(C(N)=NO)cc3)cc2)CC1,23.58
CC(Oc1cncc(Nc2ccc(C#N)cc2)c1C#N)c1c(Cl)ccc(F)c1Cl,27.85
Cc1ccc(Cn2c(=O)c3ccccc3n3c(CN(C)Cc4ccccc4)cnc23)cc1,32.7
N#Cc1ccc(-c2nc(-c3ccc(C#N)cc3)n(-c3ccc4nc(-c5ccccc5)c(-c5ccccc5)nc4c3)n2)cc1,20.97
N#Cc1ccc(-c2ccc3nn(-c4cc(N)cc(C(F)(F)F)c4)nc3c2)cc1,20.82
N#Cc1ccc(-n2[nH]c(=O)c3cc4c(=O)[nH]n(-c5ccc(Cl)cc5)c(=O)c4cc3c2=O)cc1,10.15
N#Cc1ccc(-c2cc(C#N)nc3ccc(-c4ccc(C#N)nc4)cc23)cc1,15.4
COc1ncc(NC(=O)c2ccc(-c3ccc(C#N)cc3)cc2)c(C(N)=O)n1,21.65
N#Cc1ccc(-c2cc(-c3ccc(CNCCCC(=O)O)cc3)no2)cc1,30.71
N#Cc1ccc(NCc2ccccc2)cc1,14.71
N#Cc1ccc(-c2cc(N=c3cccc(C#N)[nH]3)nc(-c3ccc(C#N)cn3)c2)nc1,13.73
N#Cc1ccc(-c2ccnc(-c3ccccn3)n2)cc1,13.92
Cc1[nH]c2cc(C#N)ccc2c(=O)c1-c1ccc(-c2ccc(C#N)cc2)cc1,15.33
N#Cc1ccc(-c2cccc3ncc(-c4cncc(NC(=O)c5ccncc5)c4)cc23)cc1,26.49
N#Cc1ccc(C(N)=Nc2ccc(-c3nc(-c4ccc(-c5ccc(C#N)cc5)cc4)co3)cc2)cc1,23.39
N#Cc1ccc(-c2ccc3c(c2)C(=O)N(Cc2ccccn2)CCO3)cc1,11.29
COCCN=c1cc(-c2ccc(C#N)cc2)nc2c(C#N)c[nH]n12,21.2
Cc1cc(C#N)cc2nc(-c3ccc(C#N)cc3)oc12,12.04
COCc1cc(C)nc(SCc2ccc(C#N)cc2)c1C#N,16.25
N#Cc1ccc(-c2ccc(C(F)(F)c3ncc[nH]3)c(F)c2)cc1,30.39
COc1ccc2[nH]c3c(c4c(c5[nH]c6ccccc6c53)C(=O)NC4=O)c2c1,25.38
Cc1ccc2nc(-n3c(-c4ccc(C#N)cc4)cc4c3cc(-c3ccc(C(F)(F)F)cc3)n4-c3nc4ccc(C)cc4s3)sc2c1,12.52
Cc1cncc(-c2cc(N3CCOCC3)c3ncc(-c4ccncc4)n3n2)n1,23.75
N#Cc1ccc(-c2cccc(-c3ccc(N)nc3)c2)nn1,17.75
N#Cc1ccc(C#CCOCOc2ccc(C=O)cc2)cc1,23.2
N#Cc1c(-c2ccc(Cl)cc2)cc(-c2ccc(C=Nc3ccc(C(=O)O)c(O)c3)cc2)[nH]c1=N,17.24
N#Cc1ccc(-c2ccc(C=NN=c3nc(N4CCOCC4)c4sccc4[nH]3)o2)cc1Cl,24.26
Cn1nc(-c2ccc(C#N)cc2)nc1-c1ccc(F)c(Cl)c1,22.78
CN1CCN(c2ncc(C(=O)Nc3ccc(-c4ccc(C#N)cc4)cc3)cc2-c2ccc(C#N)cc2)CC1,21.27
C=C(C)Oc1ccc(C=O)cc1,22.02
N#Cc1ccc(Cc2nc(-c3ccc(-c4cccc(C#N)c4)cc3)no2)cc1,16.72
Cc1ccc(-c2nc(N=Cc3ccc(N)cc3)ccc2-c2cccc(-c3ccc(N=CN4CCN(C=O)CC4)cc3)n2)cc1,17.11
CN(C)C(c1ccc(C#N)cc1)c1cccc(C#N)c1,23.46
N#Cc1ccc(C(=O)c2cc(C#N)c3ccccc3c2C#N)cc1,16.6
N=c1ncc(-c2ncc(-c3cc4c5c(c3)CCN5C(=O)CC4)cn2)c[nH]1,19.65
NC(=O)c1cccc(C=Nn2c(-c3cnccn3)n[nH]c2=S)c1,26.17
N#Cc1cccc(NC(=O)Cn2cc(C#N)c3ccccc32)c1,21.58
c1ccc(-c2nnc(-c3csc(-c4cccs4)n3)o2)cc1,23.72
Cc1cccc2nc(C(C)N=c3[nH]c(=N)[nH]c(N)c3C#N)n(-c3ccc(C#N)cc3)c(=O)c12,16.74
O=C(NC1CCSc2ccccc21)c1ccc(F)cc1,20.99
N#Cc1ccc(-c2cc(-c3ccccc3)cc(-c3ccc(C=O)cc3)n2)cc1,11.38
O=C(C=Cc1ccc(O)c(O)c1)c1ccc(O)cc1,15.51
N#Cc1ccc(N=Cc2ccc(-c3cccc(-c4cccc(CCN=C(N)N)n4)n3)o2)cc1,26.75
COc1ccc2cccnc2c1CO,29.47
CSc1nn(-c2ccccc2)c2cc(-c3ccc(C#N)cc3)nnc12,16.28
Oc1ccc(-c2cc[n+](-c3nc(Cl)nc(Cl)n3)cc2-c2ccc(O)cc2)cc1,16.78
CC1(C)CC(=O)c2cnn(-c3ccc(C#N)cc3)c2C1,12.49
CN(C)CCn1c2ccccc2c2cccc(Oc3ccc(C=CC(=O)c4ccccc4)cc3)c21,33.11
COc1ccc(C=CC(=O)N=c2cc(C)cc[nH]2)cc1,21.71
COc1ncc(C(=O)c2cn(C)c3ccc(-c4cncc(C#N)c4)cc23)cn1,30.38
O=Cc1ccc(-c2cc(-c3ccccc3)nc(-c3ccc(C=O)cc3)n2)cc1,10.52
O=C(NC1CS(=O)(=O)C1)c1cc(=NC(=O)c2cc(-c3ccccn3)c(Cl)cc2Cl)n(-c2ccccc2)[nH]1,26.72
N#Cc1ccc(-c2cc3ccc(N4CCC5(CC4)COC5)nc3nc2-c2ccc(C#N)cc2)cc1,25.12
COc1cc(C=Cc2cc(C=Cc3cccc(C(=O)O)c3)ncn2)ccc1N,28.78
N#Cc1ccc(-c2cn3c(-c4ccc(C(N)=O)cc4)cnc3cn2)cc1,19.17
N#Cc1ccc(-c2cc(-c3ccc(C#N)cc3)c(C#N)c(Cl)n2)cc1,13.16
N#Cc1ccc(-c2cn3cc(-c4nn[nH]n4)cc3c(-c3ccc(C#N)cc3)n2)cc1,23.55
CCc1ccc(NC(=O)C2=CC(c3ccc(F)cc3)=NS(=O)(=O)N2C)cc1,22.39
Cc1ccc(-c2cc(C(F)(F)F)nn2-c2ccc(C(N)=O)cc2)cc1,13.59
N#Cc1ccc(-c2cc(-c3ccc(C(N)=O)cc3)ncn2)cc1C(=O)O,24.65
CC(C#N)c1ccc(-n2c(=O)cc(N3CCN(C)CC3)c3c[nH]c(=Nc4ccc(-c5nnc6n5CCC6)cc4)nc32)cc1,33.23
N#Cc1ccc(-c2ccc3[nH]c(-c4ccc(C#N)cc4)nc(=O)c3c2)cc1,14.48
N#Cc1cc2ccccc2n2nc(-c3ccccc3)nc12,23.98
CSc1ccc(Oc2ncccc2C(N)=NO)cc1C,22.33
N#Cc1ccc(-c2cnc(N3CCN(c4nc(-c5ccncc5)cc(C(F)(F)F)n4)CC3)c(C#N)c2)cc1,25.53
Cc1cccc(-n2[nH]c(=O)c3cc4c(=O)[nH]n(-c5ccc(C#N)cc5)c(=O)c4cc3c2=O)c1,12.38
N#Cc1ccc(-n2[nH]c(=O)c3cc4c(=O)[nH]n(-c5ccncc5)c(=O)c4cc3c2=O)cc1,12.9
N#Cc1ccc(-n2c(=O)c3cc4c(=O)n(-c5cccc([N+](=O)[O-])c5)c(=O)c4cc3c2=O)cc1,14.64
N#Cc1ccc(C=C2CCCc3c2nc2ccc(C#N)cc2c3C#N)cc1,20.63
N#Cc1ccc(-c2cc(=NC(=O)Cc3ccc(N=C(N)N)cc3)[nH]c(-c3ccc(C#N)cc3)n2)cc1,20.76
COc1ccc(C2(O)c3ccccc3C3=NCCN32)cc1,25.97
N#Cc1ccc(-c2ccccc2C#N)nc1,9.03
CNC(=O)c1ccc(CN2C(=O)c3cc4ccn(-c5ccc(C#N)cc5)c(=O)c4cc3C2=O)cc1,21.43
C=C1C(=C(C=Cc2coc(-c3ccc(C#N)c(F)c3)n2)C(=O)OCC)C(=O)c2ccccc21,40.6
C(=NN=c1[nH]c2ccccc2s1)c1ccc(-[n+]2cc(-c3ccccc3)cc3ccccc32)cc1,23.17
CN(CC#N)Cc1nc2c(C#N)nc(-c3cccs3)cc2n1C,22.27
N#Cc1ccc(-c2sc3ccccc3c2C#N)cc1,16.02
N#Cc1cccc(-c2ccc3c(C#N)ccc(C#N)c3c2)c1,15.24
COc1ccc(OC)c(C=NN=c2cc(C)[nH]c3cc4c(cc23)OCO4)c1,20.01
N#Cc1ccc2c(C#N)c3c(c(C#N)c2c1)CCC3,12.38
Cc1nc2c(C3CC3)nnn2c2cc(C#N)ccc12,26.77
CC1NCCN(C)c2ccc(-c3ccc(C#N)cc3)cc21,22.23
Cn1c(=O)c2c(cc(-c3ccc(C#N)cc3)n2-c2ccc(C#N)cc2)n(C)c1=O,11.54
O=CN=c1ccc([N+](=O)[O-])c[nH]1,24.46
Cc1ccc(C2=C(C#N)C(=O)N(c3ccc(C#N)cc3)C2=O)cc1,19.72
Cc1c(-c2ccc(C#N)cc2)n(C)c(=O)[nH]c1=O,16.29
O=CC1=C2OC3CCC=C(O)C=c4ccc(c2c43)=C1CO,33.25
N#Cc1ccc2[nH]c(-c3ccccn3)nc2c1,14.67
Cc1cc(-c2cc(-c3cccc(C#N)c3)c3c(C#N)cn(C4CCNC4)c3c2)ccc1C#N,30.52
Cc1cc(C)nc(-n2c(-c3ccc(C#N)cc3)cc3c2cc(-c2ccc(C#N)cc2)n3-c2ccc(C(C)C)cc2)n1,12.54
N#Cc1cc(C#N)n2ccccc12,12.36
N#Cc1ccc(-c2cc(=O)[nH]c(=N)[nH]2)nc1,13.99
CCn1cc(C(=O)O)c(=O)c2cc(C(c3ccc(C#N)cc3)c3cncn3C)ccc21,25.42
Cc1cc(-c2ccc(-c3nc(-c4ccc(C#N)cc4)nn3C)cc2)ccn1,18.92
Nc1ccc(-c2csc3[nH]c(-c4ccc(N=Cc5c(O)c(C=O)c(O)c(C=O)c5O)cc4)nc(=O)c23)cc1,20.58
CCN(CC)CC=Nc1ccc(NCC=NCCO)c2c(O)c3c(O)ccc(O)c3c(O)c12,23.02
CCc1cc2c(=O)n(-c3cccc(CO)c3)cnc2s1,26.13
CN(C)c1ccc(C=NN=c2[nH]c3ccccc3c(=O)n2-c2ccc(C#N)cc2)cc1,17.93
N#Cc1ccc(-c2ccc3c(c2)cc(-c2ccccc2)n3-c2ccc(-c3nc(-c4ccc(C#N)cc4)n(-c4ccc(C(N)=O)cc4)n3)cc2C#N)cc1,23.69
N#Cc1ccc(-c2ccc3c(c2)C(=O)N(CCn2cncn2)CCO3)cc1,18.55
Cc1cc(C#N)cc(C)c1Oc1nc(Oc2c(C)cc(C#CC#N)cc2C)[nH]c(=Nc2ccc(C#N)cc2)n1,20.15
COc1cc(-c2cc(-c3cc(OC)c(OC)c(OC)c3)nc(-c3ccc(C#N)cc3)n2)cc(OC)c1OC,17.02
CC=Cc1ccc(-c2nc(-c3ccc(C#N)cc3)c3c4ccccc4n(-c4ccc(C#N)cc4)c3n2)cc1,30.78
Cc1cc(C(=N)N)ccc1-c1ccc(-c2nc(-c3ccc(N)cc3)nc(-c3ccc(N)nc3)n2)cc1,26.86
N#Cc1ccc(-c2nc(-c3ccc(N)nc3)nc(-c3ccc(N)c(C#N)c3)n2)cc1,13.72
N#Cc1ccccc1-c1ccc(C=NNC(=N)NN=Cc2cc([N+](=O)[O-])ccc2Cl)cc1,29.61
CN1CCN(C=C2N=c3c(O)c4ccc(C=O)cc4c(O)c3=N2)CC1,24.24
Cc1ccc(-c2nc(=NCc3ccco3)cc(C)[nH]2)c(C)n1,25.34
Cn1nc(-c2cccc(F)c2)nc1C(N)Cc1ccc(C#N)cc1,26.28
COc1cc2c(cc1N1CCN(C3CC3)CC1)N(c1[nH]cnc(=N)c1C#N)CC2,29.03
CC(=O)C1C(=C=CC#N)NC(=O)NC1c1ccc(-c2ccc(C)cc2)cc1,32.64
CC(=O)NCC1(c2ccc(-c3ccc(C#N)cn3)cc2)CCCN(C(=O)c2ccc(C#N)cc2)C1,29.32
CN=c1[nH]c(-c2ccc(C#N)cc2)cc(=O)[nH]1,15.47
COc1cc(C=O)cc2cc(-c3ccc4c(c3)OCCO4)c(=O)oc12,21.66
C=c1c(C#N)c(O)n(-c2ccccc2)c1=C,14.28
N#Cc1ccc(-n2nc(-c3ccc(C#N)cn3)c3c2-c2ccc(Cl)cc2CC3)cc1,24.51
N#Cc1ccc(N=c2cc(N=c3cc(C4CC4)[nH][nH]3)[nH]c(C#N)n2)cc1,20.53
Cc1ccc(-c2cc(N=CN(C)C)c(C#N)c3c2CCCC3)cc1,15.3
N#Cc1ccc(-c2nc(-c3ccc(N=Cc4cc(C=O)c(O)c(C=O)c4O)nc3)ncc2C(N)=O)nc1,21.68
N#Cc1cc(Cl)cc(-c2nc(-c3ccc(N)nc3)no2)c1,17.97
N#Cc1ccc(OC(=O)N2CC2c2ccc(C#N)cc2)cc1,23.19
N#Cc1ccc(C=Cc2cc(C#N)cc3[nH]c(=NC(=O)C4CC4)[nH]c23)cc1,25.44
COc1cc2nc3cc(C#N)ccc3c(-c3ccc4c(c3)OCO4)c2cc1OC,17.8
N#CCc1nc(-c2ccc(-c3ccc(C#N)cc3)c(C#N)c2)c2cc(C#N)ccc2n1,26.47
CC#Cc1cc(-c2ccc(C#N)cc2)c2cc(-c3cnc(N4CCCCC4)nc3)cnc2c1,23.22
N#Cc1ccc(-c2ccc(C(=O)N=c3cccc(C#N)[nH]3)cc2)cc1,18.06
Cc1c(O)ccc(C(=O)C=Cc2ccc(C#N)cc2)c1O,18.48
O=Cc1cccc(C=C2C(=O)Nc3ccc(-c4ccc(O)c(Cl)c4)cc32)c1,35.21
COc1cccc(-c2cc(C(=O)N=c3cccc[nH]3)c3ccccc3n2)c1,24.82
Cc1ccc2nc(-n3c(-c4ccc(C#N)cc4)cc4cc(C#N)ccc43)sc2c1,15.66
N#Cc1cccc2nc3c(N)c(-c4ccc(Cl)cc4)n(-c4ccc(Cl)cc4)c3nc12,25.72
CC(C)NC(=O)c1ccc(-n2nc(C3CC3)c3ccc(-c4cccc(C#N)c4)nc32)cc1,29.29
Nc1cc(=O)nc(SCC(=O)NC2CCCCC2)[nH]1,19.4
N#Cc1ccc(-c2nc3ccccc3n2C2CC3CCC(C2)N3C2CCCCCCC2)cc1,21.57
N#Cc1cc(-c2ccccc2)ccc1N,10.5
N#Cc1ccc(-c2cnn(-c3cc(=NCC(=O)O)nc[nH]3)c2)cc1,25.94
Cc1c(-c2ccc(C(=N)N)cn2)noc1-c1ccc(C(=N)N)cc1,22.69
COc1ccc(-c2ccc3nc(=NC(=O)Nc4ccccc4F)[nH]cc3c2)cn1,30.23
CC1(Cc2ccc(C#N)cc2)C(=O)Nc2ccc(-c3cncc(C#N)c3)cc21,19.08
CCc1nc2cc3ncn(Cc4cccc(C)c4)c(=O)c3cc2o1,27.41
N#Cc1ccc(-n2c(=O)c3cc4c(=O)n(-c5ccc(-n6cc(Br)c7ccsc7c6=O)cc5)c(=O)c4cc3c2=O)cc1,21.91
CN1CCC2=CCc3cc(-c4ccc(C#N)cc4)cc(c32)C1=O,23.46
Cc1nc(C)n(-c2nc(=NC(=O)NCCN=C(N)N)c(N)c(-c3ccc(Cl)cn3)[nH]2)n1,42.11
O=CC=Cc1ccccc1OCc1ccccc1,15.03
N#Cc1ccc(-c2c(-c3ccc(F)cc3)[nH]c3cc(C#N)ccc23)cc1,18.87
Cc1ccc(-c2cc(-c3ccccc3)cc(-c3cc[n+](-c4nc(Cl)nc(Cl)n4)cc3)c2)cc1,17.25
Nc1ccc(-c2nc(-c3ccncc3)nc(-c3ccc(C=O)cc3)n2)cn1,11.95
N#Cc1ccc(-n2c(-c3ccc(N4C(=O)c5cccc6cccc(c56)C4=O)cc3)nc3ccc(-c4ccc(N)cc4)cc3c2=O)cc1,21.34
N#Cc1ccc(-n2[nH]c(=O)c3cc4c(=O)[nH]n(-c5cccc(F)c5)c(=O)c4cc3c2=O)cc1,10.8
COc1ccc(N=Cc2ccc(-c3nc(-c4ccc(C)cc4)cc(-c4ccc5c(c4)OCCO5)n3)cc2)c(OC)c1,22.5
N#Cc1ccc(C#CC(O)(c2ccc(C#N)cc2)c2ccc(C(F)(F)F)cc2)cc1,20.29
N#Cc1ccc(-c2ncc(N3CCCCC3)nc(=O)c2C#N)cc1,20.88
Clc1ccc(C=Cc2ccnc3cccc(Cl)c23)cn1,22.5
N#Cc1ccc(-c2cc(-c3ccc(C#N)cc3)nc(-c3cccc(F)c3)c2)cc1,14.77
COc1ccc(C=Nc2ccc(-c3nc(-c4ccc(N)nc4)nc(-c4ccc(N)nc4)n3)cn2)cc1C=O,14.11
COc1cccc(CNS(=O)(=O)C=Cc2ccccc2)c1,25.62
N#Cc1ccc(-n2[nH]c(C(N)=O)cc2=NC(=O)c2ccc(C#N)c(-c3ccc(F)cn3)c2)cc1,14.86
N#Cc1c2ccccc2cc2c(C(F)(F)F)cccc12,15.66
N=CC=Cc1ccc(-c2nc(-c3ccc(C=O)cc3)nc(-c3ccc(C=Nc4cc(O)c(N)cc4O)cc3)n2)cc1,12.43
Cc1cc(N=Cc2cc(C=O)cc(C)c2O)c(O)cc1C=Cc1ccc(C=O)c(O)c1,25.79
COc1ccc(N=Cc2ccccc2Cl)cc1,20.35
O=Cc1ccc(-c2cc(-c3cccc4ccccc34)nc(-c3ccc(C=O)cc3)n2)cc1,15.9
CCOC(=O)C1CCCN(C(=O)COc2ccc3c4c(c(=O)oc3c2)CCC4)C1,26.02
CCn1cc(-c2ccnc3cc(-c4cccc(CN)c4)ccc23)cc(C)c1=O,29.86
N#Cc1ccc(-c2cc3c(cc(-c4cccc(C#N)c4)n3-c3ccc(C#N)cc3)n2-c2ccc(C#N)cc2)cc1,11.81
N#Cc1ccc(C(=O)n2c(-c3cc(C(=O)NN)[nH]c3Cl)nc3ccccc32)cc1,33.67
C#Cc1cc(F)c(C#N)cc1F,16.91
Cc1cc(-c2cn(C(c3ccc(C#N)cc3)c3cc4ccc(C#N)cc4s3)c3cc(-c4cc(N)nc(C)n4)ccc23)cc(C)n1,44.2
N#Cc1ccc(-c2cnc(-c3ccc(C#N)cc3)c(-c3c(C#N)c(-c4ccc(N)nc4)c(C=O)c4ccccc34)c2)cc1,35.36
COc1cccc(CN2CCN(c3nc(-c4ccc(C#N)cc4)cc4[nH]c(-c5ccc(C#N)cc5)nc34)CC2)c1,27.57
N#Cc1ccc(-c2ccnc(-c3ccc(N)nc3)n2)cc1,12.58
N#Cc1ccc2c(C#N)c3ccc(C#N)cc3cc2c1,12.18
Cn1c(O)c(C=Nc2ccc(-c3ccccc3)cc2-c2ccccc2)c(=O)n(C)c1=O,22.32
N#Cc1ccc(-c2ccc3c(-c4cc(C#N)c5ccccc5c4)nn(-c4nc(C(=O)O)cs4)c3c2)cc1,24.55
Cc1ccc(NC(=O)c2c(C#N)nn(-c3ccccc3)c2N=CN(C)C)cc1,27.21
N=C(N)c1ccc(-c2cc(-c3ccccc3)cc(-c3ccc(-c4nc5cc(C(=N)N)ccc5[nH]4)cc3)c2)nc1,19.83
CC1=NN(c2ccc(C#N)c(C(F)(F)F)c2)C(C#N)C(c2cc(F)c(F)cc2F)C1,27.69
CCCn1c(SCC(=O)c2ccc(Cl)cc2)nc(=O)c2c1CCCC2,33.83
N#CCCCCCC(=O)N1CCCc2cc(C#N)ccc21,28.94
COC(=O)c1ccc(-c2c(-c3ccc(C#N)cc3)sc3c(C#N)c(C#N)ccc23)cc1,27.88
CCOC(=O)c1cncc(C=Cc2ccc(-c3cccc(-c4ccc(C#N)cc4)c3)cc2)c1,26.05
N#Cc1ccc(-c2cc(C(=O)N3CCN(C(=O)c4cccc(O)c4)CC3)nc(-c3ncccn3)c2)cc1,28.98
CC12CCNC(=O)C=C1CCC1C2CCC2(C)c3c(-c4ccc(C#N)cc4)nn(-c4ccc(C#N)cc4)c3CC12,19.06
N#Cc1ccc(-c2nn(-c3ccc(C#N)cc3)cc2C=O)cc1,10.13
N#Cc1cc(C#N)cc(C#N)c1,10.59
CCc1ccc(OC)c(-c2cc(C(=O)O)c(C)n2-c2ccc(C#N)cc2)c1,22.08
CC(=O)c1ccc(-n2[nH]c(C)c(C=Nc3ccc(-c4nc(-c5ccc(N)cc5)nc(-c5ccc(N)cc5)n4)cc3)c2=O)cc1,22.93
COc1cccc(-c2cc3c(c(=O)cc(-c4ccc(N)cc4)n3-c3ccc(C#N)cc3)n2-c2ccc(C#N)cc2)c1,17.44
CC1(C)CN(c2ncc(-c3cccc(F)c3)cn2)c2c(C#N)cc(C#N)cc21,20.54
N#CC=Cc1cc(O)c(O)cc1-c1ccc(O)cc1,21.77
N#Cc1ccc(NC(=O)Cn2ccc3ccccc32)cc1,19.85
CC(=O)c1ccc(-n2cc(-c3ccc(C#N)cc3)nn2)cc1,14.03
Cc1cccc(C=C(C#N)C=NO)c1,21.54
N#Cc1ccc(-c2c(-c3cccc(C#N)c3)[nH]c(=N)[nH]c2=O)cc1,20.04
Nc1ccc(-c2nc(-c3ccc(N4C(=O)c5ccc6c7c(ccc(c57)C4=O)C(=O)OC6=O)cc3)nc(-c3ccc(N)nc3)n2)cc1,10.24
COc1ccccc1N=CN1CCN(CCN=CC2=c3ccc(C)c(C)c3=NC2=O)O1,32.71
N#Cc1ccc(-c2cc3c(cc2F)C2(CCCC2)C(=O)N3)cc1,22.44
N#Cc1cc(-c2ccc(C#N)c(F)c2)c2ccc(C#N)c(F)c2n1,24.45
COCCOc1c(OC)cc(C=O)cc1OC,18.19
Nc1ccc(-c2nc(-c3ccc(N)nc3)nc(-c3ccc(N=Cc4cc(C=O)cc(C=C5C=Nc6ncccc65)c4O)nc3)n2)cn1,17.07
N#Cc1ccc(-c2ccc(-c3cn(-c4ccc(C(=O)O)cc4)cc3C#N)cc2)cc1,12.94
N#Cc1ccc(C=C2CCc3c2nc2c(F)cc(F)cn2c3=O)cc1,24.0
N#Cc1ccc(-c2cc(-c3ccc(C#N)cc3)c3c(C(F)(F)F)nn(-c4ccc(C(N)=O)cc4NC4CCC(O)CC4)c3c2)cc1,19.27
N#Cc1ccc(-c2cc(N)nc(-c3ccc(C#N)cn3)c2)cc1,11.06
N#Cc1ccc(-c2nc(=O)c(C#N)c(-c3ccc(C#N)cc3)[nH]2)cc1,14.17
N#Cc1ccc(-c2ccc(-c3nc(-c4ccc(C=Nc5ccc(-c6nc(-c7ccc(N)cc7)n(-c7ccc(N=C(N)N)cc7)n6)cc5)nn4)cs3)cc2C#N)cc1,28.17
N=Cc1ccc(N=Cc2ccc(-c3nc(-c4ccc(C=O)cc4)nc(-c4ccc(C=O)cc4)n3)cc2)cc1O,19.6
N#CC(=Cc1ccccc1)C=C1SC(=O)N(CC(=O)O)C1=O,25.94
O=C(NC1CCN(Cc2ccccc2)CC1)c1ccc(Cc2n[nH]c(=O)c3c2CCCC3)cc1,18.87
N#Cc1ccc(-c2ccccc2)c(-n2c(=O)oc3cc(O)c(C#N)cc3c2=O)c1,28.31
Cc1ccccc1C(=O)NN=Cc1cn(C)c2ccccc12,21.29
N#Cc1ccc(-c2cc(C#N)nc(-c3ccc(C#N)cn3)c2)cc1,10.97
CCCOc1cc(-c2ccc(C#N)cc2)[nH]c1C=c1[nH]c(=CC#N)cc1C(C)(C)C,26.45
N#Cc1ccc2c(c1)cc(C(=O)O)n2Cc1ccccc1,17.34
N#Cc1ccc(-c2ccc(=O)n(Cc3cccc(C#N)c3)n2)cc1,14.43
CC=Cc1ccc(N=c2[nH]cnc3ccc(-c4cccc(O)c4)cc23)cc1,19.12
Cc1ccc(-n2cc(C#N)c(-c3ccc(C=O)cc3)n2)cc1,10.77
CSc1nc2sc3c(c2c(=O)n1-c1ccc(C#N)cc1)CCCC3,14.03
Cn1c(=O)c2c(nc(C3CCCC3)n2Cc2ccc(-c3ccc(C#N)cc3)cc2)n(C)c1=O,17.42
Cn1c(=O)n(-c2ccc(C#N)cc2)c(=O)c2sc(-c3ccc(C#N)cc3)cc21,19.12
Cc1cc(C)n(-c2cc(C)nc(N3CCN(Cc4ccccc4)CC3)n2)c1,22.53
N=c1nc(-c2ccc(NC(=O)Cc3ccc(S(=O)(=O)N4CCOCC4)s3)cc2)cc(-c2ccc(N)cc2)[nH]1,28.43
Cn1nc2c(c1-c1sccc1Cl)-c1nc(=Nc3ccc(-n4ccnc4)cc3)[nH]cc1CC2,27.97
Cc1cc(C)cc(Oc2ccccc2C=O)c1,16.43
Cc1ccc(C2(C)NC(=O)N(CC(=O)Nc3ccc(N4CCOCC4)cc3)C2=O)cc1,22.27
Cc1ccc(-c2cc(C)nc(C#N)c2)cc1,21.49
N#Cc1ccc(-c2cc(C#N)nc3c2C=Cc2ccccc2O3)cc1,13.83
Cc1cncc(-c2cccc(Oc3cccnc3)c2)n1,26.02
Cc1ccc(C)c2c1OC(=Cc1ccccc1)C2=O,22.66
Cn1cnc(-c2cc3nccc(Oc4ccc(NC(=O)c5cc(OCc6cccc(C#N)c6)n(-c6ccc(C#N)cc6)n5)cc4F)c3s2)c1,33.99
Cc1cc(-c2cccc(CNc3cccc(C#N)c3)c2)ccc1C(=O)O,26.69
N#Cc1cccc(CSCCC(=O)O)c1,22.75
Cn1nc(-c2ccc(N)nc2)nc1-c1cnc(-c2cnc(C#N)nc2)nc1,17.36
Cc1nc(-c2ccc(C#N)cc2)cc(=Nc2ccc(-c3nc(-c4ccc(N5CCN(C)CC5)nc4)nc(N4CCOCC4)n3)cc2)[nH]1,20.6
O=Cc1c(O)c(C=O)c(O)c(C=Nc2ccccc2C(=O)O)c1O,15.67
Cc1ccc(C=CC(=O)c2ccc(-c3cc(N=Cc4ccc(-c5nc(-c6ccc(C=O)cc6)cc(-c6ccc(C=O)cc6)n5)cc4)nc(=N)[nH]3)cc2)cc1,33.85
O=Cc1ccc(-c2nc(-c3ccc(C=O)cc3)nc(-c3ccc(C=O)c(F)c3)n2)cc1,15.8
CC(=O)NCCN(C)C(=O)c1ccc(-c2ccc(C#N)cc2)cc1,23.89
NC(=O)c1ccc(-c2cc(-c3cnc(N)nc3)nc(-c3ccc(C=NO)cc3)n2)cc1,23.9
N#Cc1ccc(NN=Cc2ccccc2)cc1,14.6
N#Cc1ccc(-c2csc(-c3ccc(-c4ccc(C#N)cc4)c(C(=O)O)c3)n2)cc1,16.31
N#Cc1ccc(-c2csc(=NN=Cc3c[nH]c4ccc(O)cc34)[nH]2)cc1,21.55
N#Cc1ccc(N2CCC(C#N)CC2)c(C#N)c1,18.9
CNc1ccc(-c2nc(-c3ccc(C=Nc4ccc(CCCN)c(O)c4)cc3)nc(-c3ccc(N)nc3)n2)cn1,26.61
N#Cc1ccc(CO)cc1,10.88
Cc1ccc(S(=O)(=O)n2c(=N)cc(-c3ccco3)n2C)cc1,25.38
CC(=O)OC1C2C=CC3(O)C(C2C2(O)C(=O)OCC2C1(C)C=Cc1cc(C)c(O)o1)C3(C)C,52.42
N#Cc1ccc(COc2ccc(CCC(=O)O)c(F)c2)c(-c2ccccc2)c1,19.24
N#Cc1ccc(-c2ccc(-c3ccc(C=O)cc3)n2-c2ccc(C#N)cc2)cc1,10.15
COc1nc(-c2cnc3nc(-c4ccc(C#N)cc4)n(-c4nc5ccc(C)cc5s4)c3c2)ccc1C#N,22.85
CCOC(=O)c1nc(=O)n2c(n1)c(C#N)c(N)n2Cc1ccc(C#N)cc1,24.97
N#Cc1ccc(-c2cc(C=O)c(O)c(-c3ccc(C#N)cc3)c2)cc1,14.63
N#Cc1ccc(-n2c(=O)c3cc4c(=O)n(Cc5ccccn5)c(=O)c4cc3c2=O)cc1,15.42
N#Cc1ccc(-c2c(O)ccc(=O)n2-c2ccc(C#N)cc2F)cc1,24.38
N=c1nc(-c2ccc(OCc3nnc(-c4ccc(C=O)cc4)n3-c3ccc(C(=O)NN=Cc4cc(C(F)(F)F)cc(C(F)(F)F)c4)cc3)cc2)nc(-c2ccccn2)[nH]1,37.13
CCCOCCCCNC(=NC#N)NCc1ccccc1C,39.1
CC(C)c1ccc(-n2c(-c3ccc(C#N)cc3)cc3c2cc(-c2ccc(C#N)cc2)n3C2CCC2)cc1,15.02
N#Cc1ccc2cc(-c3oc(CN4CCOCC4)nc3-c3ccncc3)ccc2c1,24.36
Cc1cc(C(c2ccc(C#N)nc2)c2c(C)n(C)n(-c3ccccc3)c2=O)c(C)n1-c1ccc(C#N)cn1,25.91
COc1nc(-c2ccc(C#N)cc2)nc(-c2ccc(C=O)cc2)c1Cl,15.99
Cn1ccc(-c2cc(-c3ccc(N4CCNCC4)nc3)cc(-c3ccc(C#N)cc3)n2)n1,23.82
CN(C)c1ccc(-c2cc3c(cc(-c4ccc(C#N)cc4)n3-c3ccc(C#N)cc3)n2-c2ccc(C#N)cc2)cn1,15.63
N#Cc1cc(C#N)c2ccc3cc[nH]c4cccc1c2c3-4,16.55
Cc1c(Cc2ccc(F)c(-c3ccc(F)c(C(=O)O)c3)c2)c2ccccc2n1C,33.03
ON=CC=Cc1ccccc1,15.09
N#Cc1ccc(NCc2c(O)[nH]c(=N)[nH]c2=O)c(C#N)n1,29.33
N#CCOCc1ccc2[nH]c3c(c4c(c5[nH]c6ccccc6c53)C(=O)NC4=O)c2c1,28.7
N#Cc1ccc(-c2csc(=NN=Cc3cc(Br)ccc3C#N)[nH]2)cc1,21.49
COc1ccc2c(=O)cc(-c3ccc(C#N)cc3)oc2c1C#CC(C)(C)O,28.12
Cc1ccc(-c2ccc(C#N)cn2)nc1,13.8
C#CCOc1ccc(-c2ccc(C=O)cc2)c(C=O)c1,20.51
N#Cc1ccc(NC(=O)C2(CCC(=O)O)C(=O)Nc3ccccc32)cc1C#N,28.74
Cc1ccc(-c2nc(-c3ccc(C=O)cc3)nc(-c3ccc(-c4ccccc4)c(N)c3)n2)cc1,21.06
N#Cc1ccc(N=c2nc(-c3ccc(C#N)cc3)cc(-c3ccc(C#N)cc3)[nH]2)cc1,14.4
N#Cc1ccc(-c2ccc(C=Nn3c(N)c(C#N)c(-c4ccc(Br)cc4)c(C#N)c3=O)o2)cc1,23.58
N#CCNC(=O)c1ccc(-c2ccc(-c3ccc(C#N)cc3)cc2)cc1,21.67
CCOc1nc2[nH]c(=N)ncc2cc1-c1ccc(C#N)cc1,20.9
COc1cc(OC)c2c(-c3cccs3)cc(=O)oc2c1C(=O)c1ccc(C#N)cc1,30.31
N#Cc1ccc(-c2cc(-c3cccc(C#N)c3)nc(-c3ccccn3)c2)cc1,19.23
Cc1ccc(-n2nc(C)c3c(=O)cc(-c4ccc(N)cc4)oc32)cc1,22.6
C=CCc1ccc(OC)c(-c2ccccc2O)c1,24.18
Cc1ccc(-n2cc(-c3nc(-c4ccc(C=NO)cc4)nc4ccccc34)c(-c3ccccc3)n2)cc1,16.88
CC(C)c1ccc(-n2c(-c3ccc(C#N)cc3)cc3c2cc(-c2ccc(CC#N)cc2)n3-c2ccc(C(C)C)cc2)cc1,12.68
Cc1cc(C#N)ccc1-n1cc(-c2ccc(N)nc2)nn1,20.7
Nc1ccc(-c2cc3c(Cl)c(-c4ccc(-n5c(=O)c6cc7c(=O)oc(=O)c7cc6c5=O)cc4)nc(-c4ccc(N)cc4)n3n2)cc1,15.15
N#Cc1ccc(CN)cc1,11.07
Cc1ccc(C=Nc2ccc(-c3cc(-c4ccc(C#N)cc4)ccn3)cc2)cc1,19.37
N#Cc1ccc(-c2ccc(-c3nc(-c4ccc(C=O)cc4)nc(-c4ccc(C=Nc5cc(O)c(N)cc5O)cc4)n3)cc2)cc1,10.94
Cc1ccc(N=Cc2ccc(-c3nc(-c4ccc(N)cc4)nc(-c4ccc(N=Cc5cc(C=O)c(O)c(C=O)c5O)nc4)n3)cc2)cc1,14.12
NC(=O)c1ccc2sc(-c3ccc(C=O)cc3)nc2c1,19.3
CN1C(=O)C2(CC3(CCC3)Oc3c(F)cc(-c4cccc(C#N)c4)cc32)N=C1N,24.45
CCc1c(C(=O)NN2CC3CCC2C3)nc(-c2ccc(N)nc2)n1-c1ccc(C#N)cc1,21.75
N#Cc1c[nH]c(=NC(=O)Nc2ccc(-c3cccc(C(N)=O)n3)cc2)cn1,29.6
CC#Cc1cncc(-c2cnc(N3CCNC(C)C3)nc2C(=O)NCc2ccc(C#N)nc2)c1,34.68
COC(=O)NN=Cc1cc(-c2ccc(C#N)cc2)nc(-c2ccc(C=O)cc2)c1,21.37
N#Cc1nc(C=O)ccc1N1CCCCC1,17.08
N#CC(C#N)C1=NN=C(c2ccc(-c3ccccc3)cc2)CS1,21.09
COc1c2c(c(C)c3ccccc13)C(=O)c1cccc(O)c1C2=O,23.55
N#CC(C#N)=Cc1c(F)c(F)c(F)c(Nc2ccc(C#N)cc2)c1F,18.65
N#Cc1cc(S(=O)(=O)N=c2[nH]ccs2)ccc1Oc1ccc(-c2nnc(C(F)(F)F)o2)cc1,29.38
CN1CCN(c2cc(-c3c[nH]c4ncc(-c5cccnc5)cc34)ccn2)CC1,22.38
Cc1ccc2nc(-c3ccc(C=O)cc3)cc(-c3ccc(C#N)cc3)c2c1,12.09
CN=c1[nH]c(N=CN2CCC(N3CCc4ccccc43)C2)nc(=Nc2ccc(C#N)cc2)[nH]1,29.94
CC(C)(CNC(=O)c1ccc(C#Cc2ccc(F)c(F)c2)cc1)C(=O)O,28.31
O=Cc1ccc(-c2nc(-c3ccccc3)nc(-c3ccccn3)n2)cc1,18.1
Cc1cc(C)cc(C(=O)N2CCN(C(=O)c3cccc(C#N)c3)CC2)c1,24.14
CN(C)N=Nc1cc(C(N)=O)cc2nc[nH]c(=Nc3ccc(F)c(Cl)c3)c12,29.48
COc1ccc2c(c1)C(=O)N(CC1(C#Cc3ccc(C#N)cc3)NC(=O)NC1=O)C2,14.53
N#Cc1ccc(-c2cc(C(=O)O)nn2-c2ccc(C#N)cc2)cc1,13.92
Cc1ccc(-c2ccc(-c3nc4c(C#N)cnn4c(=NCCN(C)C)[nH]3)cc2)cn1,24.9
N#Cc1ccc(N2C(=O)c3cccc4cc(C#N)cc(c34)C2=O)cc1,13.04
CC(C)c1c2ccccc2c(C#N)c2ccccc12,12.58
NCc1cc(C(N)=O)cc(-c2ccc(-c3nc(-c4ccc(N)cc4)nc(-c4ccc(N)nc4)n3)cc2)c1,23.97
N#Cc1ccc(-c2cnn(-c3ccc(C(N)=O)cc3)c2)cc1,11.19
CSCCC(NC(C)=O)C(=O)Nc1ccc(-c2ccc(C#N)cc2)cc1,23.96
N#Cc1ccc(-c2cc(C#N)ccc2C#Cc2ccccc2)nc1,15.02
Nc1ccc(-c2nc(-c3ccc(N=Cc4cc(C=O)cc(C=O)c4O)cc3)nc(-c3ccc(N)nc3)n2)cn1,10.29
N#Cc1ccc(-c2ccc(-n3nnnc3-c3cc(C#N)n(Cc4ccccc4)c3)cc2)cc1,30.63
N#Cc1ccc(-c2ccc3c(c2)c(-c2ccc(C#N)cc2)cc[n+]3-c2cccc(C#N)c2)cc1,21.79
CSC(N=CC#N)=NC(=O)C(=N)NC1CCCCC1,27.56
Nc1nc(N=CN2CCN(C=O)CC2)cc(N2CCOCC2)n1,9.34
CSC(N)=NC(Cc1ccc(C=N)cc1)C(=O)O,27.07
N#Cc1c(-c2ccccc2)csc1N,16.55
COc1cc(OC)[nH]c(=Nc2ccc(C#N)cc2)n1,11.83
N#Cc1ccc(-n2ccc3c(cc4c(=O)n(C5CC5)c(=O)n-4c(=O)n3Cc3ccccc3)c2=O)cc1,20.98
N#Cc1ccc(S(=O)(=O)N(CC(O)=NO)C(=O)c2cccc(C#N)c2)cc1,27.91
N#Cc1ccc(-c2ccc3c(C=O)c4ccccn4c3c2)cc1,15.25
N=c1[nH]cc(-c2ccc(C(N)=O)cc2)nc1C(=O)Nc1cccnc1,20.66
CN1CCCN(C(=O)c2ccc(NC(=O)c3ccc(F)c(-c4ccc(C#N)cn4)c3)cc2)CC1,28.56
Nc1cc(-c2ccc(C=O)cc2)cnc1[N+](=O)[O-],22.86
Cc1ccc(-c2cc(C(=O)NN=Cc3ccncc3)c3ccccc3n2)cc1,17.41
Nc1cccc(C(O)CNC(Cc2ccc(O)c(O)c2)C(=O)O)c1,34.23
Cc1cc(C#N)c2nc(C#N)ccc2c1Cc1ccc(Cl)c(Cl)c1,29.1
N#Cc1ccc(-c2cc3c(cc(-c4ccc(C#N)cn4)n3-c3ccc(C#N)cc3)n2-c2ccc(C#N)cc2)cc1,14.27
Cc1cc(=O)[nH]c2cc(-n3c(C)ccc3-c3ccc(-c4ccc(C#N)cc4)cc3)ccc12,28.19
CNC(=O)c1ccc(-c2cc(C)c3nc(-c4cccnc4N=CN(C)C)[nH]c3c2)cc1,27.35
CC(=O)N=c1[nH]cc(-c2cc(-c3c[nH]c4c(-c5ccc(C#N)cc5)cccc34)nc(-c3ccc(C#N)cc3)n2)s1,27.9
O=Cc1ccc(-c2nnc(-c3cccc(OC(=O)C=Cc4ccc(-c5ccccc5)cc4)c3)o2)cc1,29.66
COc1cc(C#N)cc(-c2cc(-c3ccc(C#N)cc3)nc(-c3ccc(C#N)cc3)n2)c1,19.75
N#CC#N,12.76
Cc1ccc(-c2nc(-c3ccc(C=O)cc3)nc(-c3ccc(C=CC#N)cc3)n2)cc1,18.58
CCCc1cc(-c2ccc(C#N)cc2C)nc(C#N)n1,13.23
CN(C)c1ccc(-c2[nH]c(-c3ccc(CN)cc3)nc2-c2ccc(Oc3ccccc3)cc2)cc1,18.71
CCOC(=O)c1sc(=NC=Nc2ccc(C#N)cc2)[nH]c1C,19.35
N#Cc1ccc(-n2c(=O)c3cc4c(=O)n(Cc5ccc(F)cc5)c(=O)c4cc3c2=O)cc1,14.94
CCN(CC)CC(=O)Nc1csc2c1C(=O)c1ccccc1C2=O,22.16
Cc1nc2cc(-c3ccncc3)nn2c(-c2ccc(C=O)cc2)c1C#N,25.52
N#Cc1ccc(-c2sc3cc(C#N)ccc3c2-c2ccc(C#N)cc2)cc1,15.27
CC(C)(C)c1ccc2c(c1)-n1c(=O)n(-c3ccc(-c4nc(-c5ccc(N)cc5)nc(-c5ccc(N)cc5)n4)cc3)c(=O)c3cccc(c31)-c1cnc(-c3cccnc3)cc1-2,29.87
N#Cc1ccc(-c2ccnc3cc(-c4ccc(N)cc4)nn23)cc1,18.16
O=Cc1ccc(-c2ccc(-c3cnc4[nH]cnc4c3)c(C(F)(F)F)c2)nc1,27.31
CC(C)n1nc(-c2ccc(C#N)cc2)c2c(=N)nc[nH]c21,14.91
N#Cc1ccc(-c2nn(-c3ccc(C#N)cc3)c3c2C2=NCCCN2C(N)=N3)cc1,17.51
CC1(C)CC(=O)c2c(-c3ccc(C#N)cc3)nn(-c3ccc(C#N)cc3)c2C1,13.2
COc1ccc(-c2cc[n+](-c3nc(Cl)nc(Cl)n3)cc2)cn1,11.42
N#Cc1ccc(-c2ccc3c(c2)c(C#N)cn3-c2ccc(C(N)=O)cc2)cc1,13.13
COc1ccc(C#N)cc1NC(=O)c1ccc(C=O)cc1,21.3
N#Cc1cc(C=CC(O)=NO)cnc1-c1ccccc1,21.38
N#Cc1ccc2[nH]c(=S)n(-c3ccc(-c4nc(-c5ccc(N)cc5)nc(-c5ccc(N)nc5)n4)cc3)c(=O)c2c1,24.29
N#Cc1ccc(-c2nc3c(=NCc4ccc(F)cc4)[nH]c4ccc(C#N)cc4c3n2CC2CC2)cc1,33.68
N#Cc1cccc(N=C2C(=O)Nc3ccccc32)c1,18.65
NC(=O)c1ccc(-c2cc(-c3ccccc3)cc(-c3ccc(-c4nc(Cl)nc(Cl)n4)cc3)c2)cc1,9.07
CCN(CC)C(=O)c1ccc(N(Cc2ccc(-n3cccn3)cc2)c2ccc(C#N)cc2)cc1,22.83
Cc1cc(-c2ccc(C#N)c(C(F)(F)F)c2)nc(C#N)n1,18.3
N#Cc1ccc(-c2cc3c(cc(-c4ccc5ccccc5c4)n3-c3ccc(C#N)cc3)n2-c2nc3ccccc3s2)cc1,20.39
O=Cc1ccc(-c2nc(-c3ccc(C=O)cc3)nc(-c3ccc(C=Nc4nc5ccc([N+](=O)[O-])cc5s4)cc3)n2)cc1,16.96
N#Cc1ccc(C(=O)NNC(=O)c2ccc(-c3ccc(C#N)cc3)cn2)cc1,21.9
CN1CCc2nc(C(=O)NCc3ccc(S(=O)(=O)c4ccc(C#N)cc4)cc3)sc2C1,23.73
COC(=O)c1cc(C#N)c2ccc3c(C#N)cc(C#N)c4ccc1c2c34,15.96
N#Cc1ccc(-c2cn(-c3cc(Cl)ccc3Cl)nn2)cc1,19.57
Cc1ccc(-n2c(-c3ccc(C#N)cc3)cc3c2cc(-c2ccc(C#N)cc2)n3-c2ccc(C#N)cc2)c(C)c1,15.08
C=Cc1ccc(-c2nc(C=Cc3ccccc3)nc(-c3ccc(C=Nc4cc(O)c(N)cc4O)cc3)n2)cc1,19.22
N#Cc1ccc(-c2ccc(C(=O)N=C(N)N)o2)cc1,14.69
COc1ccc(-n2c(-c3ccc(-c4ccc(C#N)cc4)cc3)nc3ccccc32)cc1,19.38
CN(C)c1nc(C#N)nc2c1ncn2CC(O)CO,23.68
N#Cc1ccc(-c2nc(-c3cnc(N4CC5CC4CN5)nc3)c3cc(C#N)ccc3n2)cc1,17.88
COCc1cc2cc3c(cc2cc1C(=O)OC)OCO3,26.47
CCN(Cc1ccc(-c2ccc(C(F)(F)F)cc2)nc1)C(=O)C=Cc1ccccc1C#N,28.65
N#Cc1ccc(N)c(-c2nc(-c3ccc(C=O)cc3)nc(-c3ccc(C=Nc4cccnc4)cc3)n2)c1,21.41
CN(C)c1ccc(C=C(C#N)C#N)cc1,12.73
CNC(=O)c1ccc(-n2cnc3ccc(-c4cncc(C)c4)cc3c2=O)cc1,21.67
Cc1ccc(Oc2nc(N3CCN(C)CC3)nc(-[n+]3ccc(-c4ccccc4)cc3)n2)cc1C,19.07
CCC(=O)N=c1cc(-c2ccc(C#N)cc2)cc(-c2ccc(C)cc2)[nH]1,21.59
CC1CCCN1c1cc(=NCc2ccc(C#N)cc2)n2ccccc2n1,30.77
Cc1ccc(COc2cc(C#N)ccc2-c2ccc(-c3cc4ccc(C#N)cc4[nH]3)cc2)nc1,29.63
Cc1ccc(-c2nc3ccccc3c(=O)n2-c2ccc(N3CCC(Nc4ccc(OCC#N)cc4)C3)nc2)cc1C,34.85
N#Cc1ccc(-c2cn(-c3ccc(C#N)cc3)nc2-c2ccc(C#N)cc2)cc1,12.57
O=c1ccn(C2OC(CO)C(O)C2(F)F)c(=O)[nH]1,16.37
Nc1cc(O)c(N=Cc2ccc(-c3nc(-c4ccc(C=O)cc4)nc(-c4cccc(O)c4)n3)cc2)cc1O,12.76
Nc1ccc(-c2nc(-c3ccc(N=Cc4c(O)c(C=O)c(O)c(C=O)c4O)cc3)nc(-c3ccc(N)nc3)n2)cc1,13.29
Cc1cc(-c2nc(-c3cnc(=N)[nH]c3)cc3nc(-c4ccc(Cl)cc4)n(CC(N)=O)c23)ccn1,24.99
Nc1ccc(-c2nc(-c3ccc(-n4nnnc4-c4ccccc4)cc3)nc(-c3ccc(N)nc3)n2)cc1,17.0
Cc1c(-c2ccc(N3CCN(C)CC3)nc2)cc(-c2ccc(C#N)cc2)c2cc(C#N)cc(C#N)c12,23.94
CC(C)c1ccc(-n2c(-c3ccc(C#N)cc3)cc3c2cc(-c2ccc(C#N)cc2)n3-c2ccncc2)cc1,13.82
N#Cc1ccc(-n2[nH]c(=O)c3ccc(-c4ccncc4)cc32)cc1,12.26
N#Cc1ccc(-c2c[nH]c(C#N)n2)cc1,17.7
COc1ccc(-c2nc3cc(-c4ccc(C#N)cc4)ccc3n2-c2ccc(C#N)cc2)cc1CN=c1[nH]c(=O)n(C)c(=O)n(-c2ccccc2)c1=O,39.73
Cc1cccc(N=CN2CCN(C=O)CC2)n1,13.84
N#Cc1ccc(OCc2ccccc2C#N)cc1,14.17
O=Cc1ccc(-c2cc(-c3ccccc3)cc(-c3ccc(C=O)cc3)c2)cc1,10.98
CN1CCc2c(c(C#N)c3ccccc3c2C#N)C1,10.88
N#Cc1ccc(C=Cc2cccc3cc(C(=O)c4cccnc4)ccc23)cc1,22.65
N#Cc1cc(C(=O)Nc2cc(F)c(F)c(C(F)(F)F)c2)ccn1,29.28
N#Cc1ccc(-c2csc(-c3cn(-c4ccc(C#N)cc4)nc3-c3ccccc3)n2)cc1,17.71
N#Cc1ccc(Nc2s[nH]c(=O)c2C#N)cc1,10.39
N#Cc1nc(-c2ccc(C=O)cc2)cc2[nH]cnc12,15.06
Cc1ccc(-c2cc(-c3c[nH]c(=NN=Cc4ccccc4)s3)nc(-c3ccc(C)cc3)n2)cc1,21.57
Cc1cc(C)cc(N=Cc2ccc(-c3nc(-c4ccc(C=O)cc4)nc(-c4ccc(C=O)cc4)n3)cc2)c1,10.83
N#Cc1ccc(-c2nnc(-c3ccc(N=c4ccc(=O)n(-c5ccc(C#N)cc5)[nH]4)cc3)o2)cc1,17.75
CCOc1ccc2c(=NN=Cc3ccccc3OC)cc(C)[nH]c2c1,18.9
Cc1ccc(F)c(NC(=O)Nc2ccc(Oc3ccnc(-c4cncc(NC5CC(C)(C)NC(C)(C)C5)n4)c3)cc2)c1,31.86
N#Cc1ccc(-c2ccc(-c3ccc(NC(N)=S)cc3)cc2)cc1,18.24
N#Cc1ccc(-c2cnc3nccc(-c4cnc(N5CCC(N)CC5)nc4)c3c2)cn1,25.96
N#Cc1ccc2c(C#N)c3ccccc3c(C#N)c2c1,14.09
COCCN(C)Cc1cc2ccccc2nc1Cl,27.75
N#Cc1ccc(-c2[nH]c3ccccc3c2C=NNc2cccnc2)cc1,22.08
COc1cc(-c2ccc(C=Cc3nc4cc(C(=N)N5CCC(C)CC5)ccc4[nH]3)cc2)ccc1N=C(N)N,30.3
COc1cc(-c2cn(-c3ccc(C#N)cc3)nn2)ccc1-n1cc(-c2ccc(C#N)cc2)nn1,19.87
Cc1ncccc1-c1nc(-c2ccc(C#N)cc2)nc(-c2ccc(C#N)cc2)n1,14.92
Cn1cnc2c(C#N)nc(-c3ccc(C#N)cc3)cc21,12.27
CC(=O)N1CCN(c2ccc(-c3nc(-c4ccc(C#N)cn4)no3)cn2)CC1,16.38
COC(N)=C(C#N)C(=O)c1ccc(C#N)cc1,20.33
N#Cc1ccc(-c2nc(=O)cc(C(N)=O)[nH]2)cc1,14.8
O=c1cc(-c2ccc(O)cc2)oc2ccccc12,16.73
Cc1ccc(-n2c(Cc3ccc(-c4cnc(=N)[nH]c4)nc3)nc(C#N)c2N)cc1,24.31
CC=CC=CC=CCC=CC=CC=CC=CC=CC(=O)O,22.32
N#Cc1ccc(-n2c3c(c4c(c2=O)Cc2ccccc2-4)C(O)c2ccccc2-3)cc1,20.98
N#CC(C#N)=Cc1ccc(-c2ccc(C#N)cc2)o1,12.99
C#Cc1ccc(-c2cc3c(cc(-c4ccc(C#N)cc4)n3-c3nc4ccc(C)cc4s3)n2-c2nc3ccc(C)cc3s2)cc1,11.95
CCc1[nH]c(=N)[nH]c(=N)c1-c1ccc(C)cc1,17.27
COc1ccc2c(c1)C(O)n1c-2c(-c2ccc(C#N)cc2)c2cc3c(cc21)OCO3,28.28
O=c1c2cc3c(cc2nc(-c2ccco2)n1N=Cc1ccc(-c2ccc(Cl)cc2)o1)OCO3,23.47
N#Cc1ccc(-c2[nH]c3cc(C#N)ccc3c2-c2ccc(C#N)cc2)cc1,11.43
N#Cc1ccc(Sc2cc(-c3ccc(C#N)cc3)nc(-c3ccccn3)n2)cc1,20.02
N#Cc1c(=O)c2ccccc2n2c3c4ccccc4c(=O)c(=O)c=3c12,28.28
Nc1ccc(-c2nc(-c3ccc(N=Cc4ccc(-c5cc(-c6ccccc6)cc(-c6ccc(-c7ccc(C(=O)O)cc7)cc6)n5)cc4)cc3)nc(-c3ccc(N)nc3)n2)cn1,22.31
Cc1ccccc1-c1ccc2c(c1)OCCN(Cc1ccc(C#N)cc1)C2=O,23.5
N#CC=Cc1cc(C#N)c(=O)n(Cc2ccc(-c3ccccc3-c3nn[nH]n3)cc2)c1C(=O)O,17.66
N#Cc1ccc(NC(=O)c2ccc(-c3ccc(C#N)cc3)cc2)cc1,11.87
N#Cc1ccc(-c2sc(-c3cccc(NNc4ccc(N=C5C=CC(=O)C=C5)[n+]([O-])c4)c3)cc2C#N)cc1,41.61
O=C1C=CC2(O1)OC(c1ccc(Cl)cc1)CC2OC(=O)Cc1ccccc1,30.43
N#Cc1ccc2[nH]cc(C=NC=Nc3ccc(-c4nc(-c5ccc(N)[nH]c5=O)n[nH]4)cc3)c2c1,37.52
CC1(C)Oc2ccc(C#N)cc2C(=O)C1O,18.13
N#Cc1ccc(OCC(=O)Nc2ccc3c(c2)OCO3)cc1,17.85
Cc1cccc(-n2[nH]c(=O)c3cc4c(=O)[nH]n(-c5ccc(C#N)cc5)c(=O)c4cc32)c1,13.86
CC(C)c1ccc(-n2c(-c3ccc(C#N)cc3)cc3ccc(-c4ccc(C#N)cc4)cc32)cc1,9.25
N#Cc1ccc(-c2csc(=N)[nH]2)cc1,12.72
N#Cc1ccc(-c2ccc3c(c2)NCc2cc(C#N)ccc2NC3=O)cc1,18.33
CCOC(=O)C1Cc2cc(OC)c(OC)cc2C1=O,19.82
N#Cc1ccc(-n2[nH]nc(C#N)c2=O)cc1,11.61
O=c1oc2ccccc2c(O)c1C=NC1CCCC1,17.88
Cc1nc(-c2ccc3ncsc3c2)cc(=NC(C)c2ccc(C)c(-c3ccc(C#N)cn3)c2)[nH]1,19.8
N#Cc1ccc(-c2cn(-c3cc(-c4cccc(-c5ccc(-c6nc(-c7ccc(N)cc7)nc(-c7ccc(N)nc7)n6)cc5)c4)cc(C(F)(F)F)c3)nn2)cc1,31.9
COc1ccc(-c2cc[n+](-c3nc(Cl)nc(Cl)n3)cc2)cc1,11.68
FC(F)(F)c1ccc2[nH]c(-c3ccc(-c4cc(-c5ccccc5)cc(-c5ccccc5)c4)cc3)nc2c1,13.84
Cc1cc(C(=O)O)c(C)n1-c1ccc(-c2nc(-c3ccc(N)cc3)nc(-c3ccc(N)cc3)n2)cc1,16.83
N#Cc1ccc(-c2nc3cccnc3n2-c2ccc(C#N)cc2)cc1,14.05
N#Cc1ccc(-n2cncc2-c2ccc(F)cc2)cc1,16.58
CCc1ccc(C(c2nnnn2Cc2ccccc2)N2CCN(C)CC2)cc1,21.62
Cn1c2ccc(O)cc2c2cc(-c3nc(-c4ccc([N+](=O)[O-])cc4)no3)ccc21,33.53
C=c1[nH]n(-c2ccc(C#N)cc2)c(=O)c1=Cc1ccco1,19.23
COc1cc(OC)c(-c2nc(-c3ccc(C=O)cc3)nc(-c3ccc(C=Nc4cc(O)c(N)cc4O)cc3)n2)cc1C(N)=O,26.83
Cc1cc(O)cc(O)c1C=NO,15.36
N#Cc1ccc(-c2ccc(-c3nc4cc(C#N)ccc4[nH]3)c(F)c2F)cc1,17.83
N#Cc1ccc(N=Nc2c(-c3ccc(C#N)cc3)[nH]c3cc(Cl)ccc3c2=O)cc1,18.11
N#Cc1ccc(-c2nc(-c3ccc(C=O)cc3)n3c2CCOc2nc(-c4ccc(C#N)nc4)ccc2-3)cc1,19.27
Cc1cc(-c2noc(CO)n2)ccc1NC(=O)C=Cc1ccc(C#N)cc1,22.37
O=C(C=Cc1cc(Cl)c2cccnc2c1O)Cc1ccccc1,33.58
CC(O)c1ccc(N=c2cnc3cccc(-c4nc[nH]n4)c3[nH]2)cc1,27.92
N#Cc1ccc(-c2cc(-c3ccc(C#N)cc3)nc(-c3ccc(C=Nc4cc(O)c(N)cc4O)cc3)n2)cc1,12.57
Cc1cc(C)c2cc(-c3ccc(C#N)cc3)n(-c3ccc(C#N)cc3)c2n1,16.37
N#Cc1ccc2ccc3cccc4ccc1c2c34,17.5
O=Cc1ccc(C=CNc2cc(=O)[nH]c(=O)[nH]2)cc1,26.78
Cc1ccc2c(=O)n(Cc3cc(-c4ccc(C#N)cc4)n(-c4ccc(C#N)cc4)n3)c(=O)n(C)c2n1,28.26
N#Cc1c(F)c(F)c(C#N)c(Cl)c1F,11.0
COCCN(c1c(N)n(Cc2ccccc2)c(=O)[nH]c1=O)C(C)C,22.6
N#Cc1ccc(-c2nc(-c3ccc(N4CCNCC4)nc3)nc(N3CCOCC3)n2)cc1,18.13
Cc1cc2ccccc2c(=O)n1-c1ccc(-c2nc(-c3ccc(N)cc3)nc(-c3ccc(N)cc3)n2)cc1,12.76
N#Cc1ccc(-c2nc3c(=N)[nH]c(=N)[nH]c3nc2-c2ccc(C=O)cc2)cc1,19.13
COc1cc(-c2ccc(C#N)cc2)ccc1C(=O)c1ccc(-c2ccc(C#N)cc2)cc1,25.93
N#Cc1ccc(C2=NOC3C=C(C(N)=O)N=CC23)cc1,34.98
N#Cc1ccc(-c2ncc(-c3ccsc3)c3cnc(-c4ccc(CN)cc4)cc23)cc1,28.42
COc1ccc(F)cc1CN1CCN(CCOc2ccc3c(c2)C(C)(C)c2c([nH]c4cc(C#N)ccc24)C3=O)CC1,36.16
N#Cc1ccn(-c2cc[nH]c(=Nc3ccccc3)n2)c1,21.38
Cn1cccc1C(=O)N=c1ccc(C#N)c[nH]1,21.06
COc1ccc(-c2nn(-c3ccc(S(N)(=O)=O)cc3)cc2C=NN=c2[nH]c(-c3ccc(C#N)cc3)cs2)cc1,22.04
N#Cc1ccc(C2CC(c3ccc(Br)cc3)=NN2c2ccc(C#N)cc2)cc1,18.17
CCCc1nc(C)c2c3ccccc3c(-c3ccc(C#N)cc3)nn12,18.13
CC(C)N1CCN(c2cc(-c3ccccc3)nc(-c3ccc(C#N)cc3)n2)CC1,19.91
CC(C)n1nc(-c2ccc(NC(=O)Nc3cccc(C(F)(F)F)c3)cc2)c2c(=N)[nH]cnc21,24.52
COc1ccc(-c2csc(=NC(=O)c3ccc(Nc4cc(=O)[nH]c(=O)[nH]4)cc3)[nH]2)cc1,25.82
N#Cc1ccc(-c2ccc(=O)n(Cc3ccc(-c4cccc5nonc45)cc3)n2)cc1,28.57
CCN1CCN(c2ccc(N=c3nc4c(c[nH]3)c3cc(C#N)c(=O)n(C)c3n4-c3ccc(C(C)(C)C#N)cc3)nc2)CC1,34.51
Cc1cccc(C=C(C(=O)O)c2ccc(S(C)(=O)=O)cc2)c1,22.21
O=C1OC(=O)c2ccc3c4c(ccc1c24)C(=O)N(c1ccc(C=CC(O)=NO)cc1)C3=O,14.63
CC(=O)N1CCCC1c1nc(-c2ccc(C#N)cc2)cn1-c1ccc(C#N)cc1,19.3
COCC#Cc1ccc(C(=O)NS(=O)(=O)CCCC#N)c(F)c1,24.2
COCCNC(=S)N1CCN(c2nc(-c3ccc(C#N)cc3)nc3c2c(C)nn3-c2ccc(C#N)cc2)CC1,31.6
Cn1nc(-c2ccc(C#N)cc2)c2cc(-c3ccc(C#N)cc3)cc(C#N)c21,14.78
Cc1ccc(-c2cc(C(=O)Nc3cccc(C)c3)c3ccccc3n2)cc1,17.74
N#Cc1ccc(-c2ccc3ccc(C#N)cc3c2)cc1,12.77
O=Cc1ccc(-c2nc(-c3ccc(-n4ccnc4)cc3)nc(N3CCOCC3)n2)cc1,20.28
N#Cc1ccc(-c2nc(=N)c3c(-c4ccco4)csc3[nH]2)cc1,27.35
N#Cc1ccc(-c2csc(=NN=Cc3ccccc3O)[nH]2)cc1,16.32
N#Cc1ccc(-c2ccc3c(c2)OCO3)cc1C#N,15.71
COc1cc(C)cc2c(-c3ccc(C)cc3)c(-c3ccc(C#N)cc3)sc12,25.37
N#Cc1ccc(-c2c[nH]c(=N)c3c(-c4cccc(O)c4)csc23)cc1,22.34
CN(C)C=NC=Nc1nc(N)nc(N)n1,13.88
Cc1ccc(NC(=O)c2cc(Cl)ccc2O)cc1,21.72
Cc1ccn2c(-c3ccc(C#N)cc3)c(-c3ccc(C#N)cc3)nc2c1,13.42
COc1cccc(-c2cc(-c3ccccc3)cc(-c3ccc(-c4nc(Cl)nc(Cl)n4)cc3)c2)c1,14.37
O=Cc1ccc(Oc2ccccc2C=O)cc1,20.22
N=CC=Cc1ccc(-c2nc(-c3ccc(C=Nc4ccc(-c5nc(-c6ccccc6)c(N)n5N)cc4)cc3)nc(-c3ccc(C=Nc4cc(O)c(N)cc4O)cc3)n2)cc1,25.2
N#Cc1ccc(CNC(=O)c2cn(-c3ccc(C#N)cc3)c(-c3ccc(C#N)cc3)n2)cc1,19.38
N#Cc1ccc(-n2c(=O)c3cc4c(=O)n(-c5cccc(C(F)(F)F)c5)c(=O)c4cc3c2=O)cc1,13.87
COc1ccc(C=NNC(=O)CNC(=O)c2ccc(C)cc2)cc1OCc1ccc(C(C)(C)C)cc1,28.7
N#Cc1ccc(NC(=O)C(Cc2cccnc2)=NC(=O)c2ccccc2)cc1,17.64
COCc1ccn(C)c(=O)c1C#N,16.7
N#CC=C(C#N)C(=O)c1c[nH]c2ccc(C#N)cc12,25.76
Cc1cc(N2CCN(C(=O)COc3ccc4c(-c5ccc(C#N)cc5)cc(C#N)cc4c3)CC2)ccc1C#N,26.02
N#Cc1ccc(-c2cc(-c3ccc(-n4c(=O)c5cc6c(=O)oc(=O)c6cc5c4=O)cc3)[nH]c(=N)c2C#N)cc1,14.32
O=Cc1ccc(-c2nc(-c3ccc(C=O)cc3)nc(-c3ccccn3)n2)cc1,10.34
N#Cc1cc(F)cc(-c2ccc3ncc(C#N)cc3c2)c1,14.93
N#Cc1ccccc1-c1ccc(C=Nn2cnnc2)o1,14.46
N#Cc1ccc(=Nc2nc(-c3ccc4c(c3)OCO4)c(C#N)cc2C#N)[nH]c1,22.28
C=c1[nH]c(=Cc2cc(C)n(-c3ccccc3)c2C)c(C)c1C=O,18.38
COc1ccc(C#N)cc1,11.24
Nc1ccc(-c2nc(-c3ccc(N)nc3)nc(-c3ccc(N=Cc4cccnc4)nc3)n2)cn1,12.74
COc1ccc(C=C2SC(=S)N(C(Cc3ccc(O)cc3)C(=O)O)C2=O)cc1OC,22.8
N#Cc1ccc(-n2nnc3c(C(F)(F)F)nc(-c4ccc(N)cc4)nc32)cc1,15.66
N#Cc1ccc(-c2cnc3ccc(F)cc3c2C#N)cc1,15.76
COc1ccc(-c2ccc(C#N)cc2)cc1C#N,12.72
N#Cc1ccc(-c2nc(C#N)ncc2-c2ccccc2)cc1,13.05
ON=Cc1ccc(N2CCOCC2)cc1,17.95
N#Cc1ccc(-c2nc(-c3ccc(C#N)cc3)nc(-c3ccc4c(c3)nc(-c3ccc(Cl)cc3)n4-c3ccc(Cl)cc3)n2)cc1,17.39
N#CC=Cc1cccc(C=Cc2ccc(N)cc2)c1,18.2
N#Cc1ccc(-c2ccc(C(=O)Nc3ccc(-c4ccccc4)cc3-c3ccccc3)cc2)cc1,23.09
Cn1c(=O)cc(C=Cc2ccccc2)[nH]c1=N,17.28
COc1ccc(C=NNC(=O)c2ccncc2)cc1,16.3
COc1cc(CN2CCNCC2)ccc1-c1ccc2c(c1)C(C)(C)c1[nH]c3cc(C#N)ccc3c1C2=O,28.59
CCC(F)(CN=Cc1c(O)c(C=O)c(O)c(C=O)c1O)COC(C)=O,28.91
N#CC(C#N)=c1ccc(-c2cc(C#N)ccc2C#N)cc1=C(C#N)C#N,25.1
N#Cc1cccc(-c2cc3cc(C#N)cnc3c(=N)[nH]2)c1,22.71
CCOC(=O)c1cnc(-c2ccc(C#N)cc2)nc1-c1ccc(C#N)cc1,18.72
C#CCSc1nc(-c2ccc(C#N)cc2)nc2c1c(=O)n(CC)c(=NC(C)C(=O)O)n2-c1ccc(C#N)cc1,34.9
CCc1cc(=O)n(Cc2ccc(-c3ccccc3-c3nn[nH]n3)cc2)c(CC)n1,18.47
N#CN=c1ccc(-c2cc(-c3ccc(C#N)cc3)nc(-c3ccc(C#N)cc3)n2)c[nH]1,19.78
Cc1ccc(-c2cc(C=C(C#N)C#N)n(-c3ccc(C#N)cc3)n2)cc1,17.45
CC12CCC(Cl)CC1=CCC1C2CC2CC(=O)C=CC21C,34.47
O=C1c2ccccc2-c2nc3c4cc1c2c43,20.47
OC1CCC(N=c2cc3n(-c4ccccc4)c4ccccc4[nH]c-3cc2=Nc2ccc(Cl)cc2)CC1,22.14
N#Cc1ccc2c(c1)c1ccccc1n2-c1ccc(C(N)=O)cc1,19.91
COc1cc(-c2ccc(C#N)cc2)ccc1C#N,15.72
Cc1c(COC(c2ccc(C#N)cc2)c2ccc(C#N)cc2)c(=O)n(-c2ccccc2)n1-c1ccc(Cl)cc1,29.41
N#CC(c1ccccc1)C(O)(c1ccccc1)c1ccccc1,21.91
N#Cc1ccc(C#Cc2ccc(C#N)cc2F)cc1,16.44
COc1ncc(-c2ccc3ncccc3c2)cc1NS(=O)(=O)c1ccc(F)cc1,18.12
COc1ccc(C=CC(=O)N2CCN(C3=NC(=O)C(=Cc4ccc(O)cc4)S3)CC2)cc1,28.69
O=c1cc(Nc2cccc(F)c2)n(Cc2ccc(Br)cc2)c(=O)n1Cc1ccc(-c2ccccc2-c2nn[nH]n2)cc1,33.33
Cc1cc2nc(-c3ccc(-c4ccc(OCc5cccc(C#N)c5)c5ccccc45)cc3)[nH]c2cc1C,25.47
O=C=NCC(C(=O)O)c1ccccc1,24.98
Nc1ccc(-c2nc(-c3ccc(N)nc3)nc(-c3ccc(N=Cc4ccc([N+](=O)[O-])cc4)nc3)n2)cn1,12.59
Cc1ccc2nc(-n3c(-c4ccc(C#N)cc4)cc4c3cc(-c3cccc(F)c3)n4-c3nc4ccc(C)cc4s3)sc2c1,12.14
O=C(C=Cc1ccc(Cl)c(Cl)c1)c1ccc(-c2ccccc2)cc1,19.34
O=c1-c2cccc3c2-c2c-3c-1nc1ccccc21,20.12
N#Cc1ccc(-c2ccc(OCC(=O)N=c3ccc(C#N)c[nH]3)cc2)cc1,17.48
O=Cc1ccc(O)c(-c2cc(-c3ccccc3)cc(-c3ccc(-c4nc(Cl)nc(Cl)n4)cc3)c2)c1,15.28
Nc1ccc(-c2ccc3c(=O)nc(-c4cccnc4)[nH]c3n2)cc1,23.25
N#Cc1c(F)c(F)c(F)c(C(=O)ON=C(N)c2ccncc2)c1F,25.54
N#Cc1ccc(-c2cc(-c3ccc(C#N)cc3)c(C#N)c(=O)[nH]2)cc1,11.52
COC(=O)c1c(N)c2c(C#N)nc(-c3ccc(C#N)cc3)nc2n1C,19.86
Cc1cccc2cc(Cn3nc(-c4cc(N)ccc4F)c4c(=N)[nH]cnc43)n(-c3ccc(C#N)cc3)c(=O)c12,21.53
O=Cc1ccc(-c2noc(-c3ccc(C=O)cc3)n2)cc1,11.99
N#Cc1ccc(-c2cc3c(-c4ccc(F)cc4)cc(C#N)nc3n2-c2ccc(C#N)cc2)cc1,16.33
COc1ccc(-c2nc(-c3ccc(O)cc3)c(-c3ccccc3)nc2-c2ccc(NC(=O)C=Cc3cc[n+]([O-])cc3)cc2)cc1,28.3
N#Cc1ccc(C#N)c(C#N)c1,11.88
N#Cc1ccc(N=C(N)NC(=N)N)cc1,20.32
CC(C)Oc1ccc(-c2nsc(-c3cnc(N=CN(C)C)[nH]3)n2)cc1C#N,23.3
NC(=O)c1cccc(-c2nc(-c3ccc(N=Cc4cc(C=O)c(O)c(C=O)c4O)nc3)n[nH]2)c1,18.67
COc1ccc(-c2ccc(NC(=O)c3ccc(N)cn3)cc2)cc1C#N,24.63
N#Cc1cc(C(=O)O)cc2ccc(F)cc12,17.94
O=C(O)c1cccc(C(Cl)c2ccoc2)n1,31.67
COc1ccc(C(=O)N=c2nc(-c3ccccc3)[nH]c3ccccc23)cc1,23.24
O=C(NCc1cccnc1)C(=O)NC1CCCCCC1,26.84
CCOC(=O)C(=O)NCCCc1ccccc1,22.57
O=C(NC1CCc2ccccc2C1)c1cc2cc(Cl)ccc2[nH]1,25.46
CC1(C)C=CC(=O)C=C1c1ccccc1,20.42
O=Cc1c(-c2ccc(Oc3ccccc3)cc2)[nH]c2ccccc12,16.96
N#Cc1ccc(C=C(C(=O)c2ccccc2)c2ccccc2)cc1,23.06
O=S1(=O)N=C2C(=Cc3ccc(F)cc3)CCCN2c2ccccc21,21.41
O=Cc1ccc(-c2nc(-c3ccccc3)cc(-c3ccc(C=Nc4nc(-c5ccccc5)cs4)cc3)n2)cc1,14.67
Cc1cc(C)c2c3nnc(C)nc3n(-c3ccc(C#N)cc3)c2n1,21.67
Cc1ccc(-c2cc(-c3ccc(-c4cc5nc(-c6ccc(C=Nc7cc(O)c(N)cc7O)cc6)nc(-c6ccc(C=O)cc6)n5n4)cc3)nc(-c3ccc(N)nc3)n2)cc1,19.98
N#Cc1ccc(-c2cc(C#N)n3ccc(Cl)cc23)cc1,15.15
N#Cc1cccc(CN=c2[nH]c(N3CCc4cc(O)ccc4C3)nc(=NCCc3ccc(O)cc3)[nH]2)c1,23.6
N#Cc1ccc(-c2cc(-c3ccncc3)nc(-c3ccc(C=O)cc3)n2)cc1,12.01
Cc1ccc(-c2cc(-c3ccccc3)c3cc(-c4ccc(C#N)cc4)n(-c4ccccn4)c3n2)cc1,20.38
N#Cc1ccc(CC(C#N)(Nc2ccc(C#N)cc2)c2ccc(C#N)cc2)cc1,24.25
CC1(C)CN(c2ncc(C#CC#Cc3ccc(C#N)cc3)cn2)C(=O)O1,15.21
N=c1[nH]cnc2ccc(-c3ccc(C(N)=O)cc3)cc12,17.72
N#Cc1ccc(-c2cc(-c3ccc(-n4c(O)ccc4O)cc3)nc(-c3cccnc3)n2)cc1,15.56
CCCc1ccc(C=NO)s1,26.75
N#Cc1ccc(-c2ccc3c(c2)SN2CCCN=C32)cc1,13.02
N#Cc1ccc(-c2cc3c(cc(-c4ccc(C#N)cc4)n3-c3ccc(C#N)cn3)n2-c2ccc(C#N)cc2)cc1,12.1
O=C(CC(=O)Nc1ccc2c(c1)OCCO2)Nc1ccc(Br)cc1,28.54
CN(CCOCc1cc2ccccc2[nH]c1=O)CCN(C)CCOC(=O)c1ccc(N)cc1,40.39
Cc1ccc(CC(c2ccccc2)N(C)C)cc1,24.05
CC1(C)C(=O)Nc2c(F)cc(-c3ccc(C#N)cc3)cc21,17.64
Cc1cc(-n2c(-c3ccc(C#N)cc3)cc(Cc3ccc(C#N)cc3)c2O)no1,27.18
N#Cc1ccc(-c2nc3n(c2-c2ccc(C#N)cc2)CCS3)cc1,11.96
C#Cc1ccc(C#N)c(Br)c1,12.57
N#Cc1ccc(-c2cn3c(-c4ccc(C#N)cc4)cc(C(=O)O)c3cn2)cc1,21.45
N#Cc1ccc(-c2ccc(C(=O)N=c3cc[nH][nH]3)c(F)c2)cc1,22.07
N#Cc1ccc(OCC(=O)N2CCN(c3ncnc4ccccc34)CC2)cc1,19.97
Oc1cc(O)c2c(c1)CCc1cc(O)c(O)cc1-2,21.36
COCCN(CCOC)c1nc(C#N)nc2c1sc(=O)n2-c1ccc(C)cc1,20.6
Nc1cc(O)c(N=Cc2ccc(-c3nc(-c4ccc(F)cc4)nc(-c4ccc(C=O)cc4)n3)cc2)cc1O,12.43
Cc1c(C#N)c2ccc(-c3ccc(N4CCNCC4)nc3)nc2n1CC(C)C,25.95
O=c1[nH]c(=O)c2c(-c3ccccc3)c3cc4c(cc3nc2[nH]1)OCO4,22.33
Cc1cc(-c2ccc(C#N)cc2)c(C#N)c2[nH]c(=N)[nH]c(=N)c12,14.59
C=c1[nH]n(-c2ccccc2)c(=O)c1=Cc1cc(OC)c(O)c(OC)c1,17.18
COC(=O)c1ccc2c(C(F)(F)F)cc(=O)oc2c1,27.31
COc1cc(C(=CC#N)c2ccc(-c3cccc(Cl)c3)cc2)ccc1C=CC(=O)O,28.05
CN(C)C=Nc1ncc(-c2nc(-c3ccc(C#N)cc3)cc(-c3ccc(C#N)cc3)n2)cn1,14.97
Cn1nc2c(c(-c3cc(F)c4c(c3)OCO4)cc(=O)n2-c2ccc(C#N)cc2)c1-c1ccc(C#N)cc1,32.23
N#Cc1c(F)cccc1N=CN1CCN(C=O)CC1,13.89
C=c1nc2n(c(=O)c1=Cc1ccccc1)CC(C)S2,23.18
Cc1ccc(-c2nnc(-n3c(-c4ccc(Br)cc4)nc4sc(C)c(C)c4c3=O)o2)cc1,29.5
CC1(C)CC(O)c2cc(C#N)ccc2N1,17.39
COc1ccc(C2=NOC(c3ccc(OC)cc3)N(CCC(=O)C=Cc3ccc(F)c(F)c3)C2)cc1,39.25
N#CC(=O)c1nc2ccccc2n(Cc2ccc(C#N)cc2)c1=N,21.69
Cc1ccc2nc(-n3c(-c4ccc(C#N)cc4)c(C#N)c4ccc(-c5ccc(C#N)cc5)cc43)sc2c1,12.68
CC1(C)Cc2nc(CC#N)cc3c4n(c(c23)C1)C(=O)CC4,25.59
N#Cc1ccc(-c2c(C#N)c3nc4ccccc4nc3n2-c2ccccc2)cc1,15.9
Cc1cc(-c2ccc(C#N)cn2)cc(N2CCCCC2)n1,17.65
c1ccc(Oc2ccc(-c3cnc(-c4ccccc4)nc3)nc2)cc1,26.72
N#Cc1ccc(-c2ccc(C#N)cc2-c2ccc(C#N)cc2)cc1,11.53
CCN(CC)c1nc(C#N)c(C#N)nc1-c1ccccc1,19.94
Cn1ccc2cc(-c3cc4c(C(=O)O)c[nH]c4cc3F)ccc21,26.55
Cc1noc(-c2ccc3c(c2)c(-c2ccc[nH]c2=O)c(C(=O)NS(=O)(=O)C2CC2)n3Cc2ccc(C(F)(F)F)cc2S(C)(=O)=O)n1,44.95
COc1ccc(C=O)cc1-c1ccc(C#N)cc1,12.86
N#Cc1ccc(-c2ccc3c(N)c(C#N)c(=N)[nH]c3n2)cc1,15.0
N#Cc1ccc(-c2nc3cc(-c4cnc(N5CCCCC5)nc4)ccc3n2-c2ccc(C#N)cc2)cc1,15.87
N#Cc1cccc(C(=O)O)c1,14.39
N#Cc1ccc(-c2c(C(=O)c3ccc4c(c3)OCO4)c(O)c(O)n2-c2nc3ccc(C#N)cc3s2)cc1,21.6
Nc1ccc(-c2nc(-c3ccc(-n4c(=O)c5cc6c(=O)oc(=O)c6cc5c4=O)cc3)nc(-c3cc(O)c(O)c([N+](=O)[O-])c3)n2)cc1,18.55
Cc1n[nH]c(=NC(=O)CSc2nc3ccccc3c(=O)n2-c2ccccc2)s1,20.91
N#Cc1ccc2[nH]c3ccc4c(c3c2c1)OC(C(=O)O)CC4c1ccc2c(c1)OCO2,31.77
Cc1cnccc1-c1ccc2[nH]c(-c3nccc4cc(-c5ccc(CN(C)C)cc5)ccc34)nc2c1,33.22
CC(C)c1cccc(-n2nc(-c3ccc(C#N)cc3)ccc2=O)c1,22.02
NC(N)=NN=Cc1ccc(-c2noc(-c3ccc(-c4ccc(-c5ccc(C=NN=C(N)N)cc5)s4)cc3O)n2)cc1,22.93
O=Cc1ccc(S(=O)(=O)Nc2cccc(-c3ccc(N4CCOCC4)nn3)c2)cc1,26.56
COc1ccc(C=O)c(OC)c1,12.41
N#Cc1ccc(-c2ccn(-c3ccc(C#N)cc3)c(=O)c2)cc1,12.94
O=C(c1coc(=O)[nH]1)N1CC2(CCCN(Cc3ccccc3)C2)Nc2cc(-c3nc(-c4ccc(O)cc4)[nH]c3-c3ccc(F)cc3)ccc21,48.6
Cc1cc(C)c(-n2c(=O)c3cc4c(=O)n(-c5ccc(C#N)cc5)c(=O)c4cc3c2=O)cc1C,15.54
N=c1[nH]cnc2nc(Cl)c(C(=NNC(=O)C=Cc3cccs3)c3cccc(N)c3)nc12,41.89
N#Cc1ccc(-c2cn3nccc3c(N=c3ccc(C(=O)N4CCN(CCF)CC4)c[nH]3)n2)cc1,29.67
O=Cc1ccc(-c2nc3ccccc3[nH]2)cc1,13.76
N#CC(C#N)=Cc1ccc(O)cc1,13.24
CN=c1nc(-c2ccc(C#N)cc2)c(-c2nc(-c3ccccc3)no2)c[nH]1,24.17
N#Cc1ccc2cnc(C#N)c(=O)n2c1,25.54
CC(C)(C)OC(=O)NC(C=O)Cc1ccccc1,20.64
CC(=O)c1ccc(-n2ccc(OCc3ccccc3)cc2=O)cn1,25.32
Cc1[nH]n(-c2ccc(C#N)cc2)c(=O)c1-c1ccc(C#N)cc1,13.34
N#CC(C#N)=c1ccc(=C(N)N)cc1,11.12
O=C(Nc1ccc(-c2[nH]nc3ccccc23)nc1)c1ccccc1,24.36
N#Cc1ccc(-c2ccc(-c3ccc(N=C=S)cc3)cc2)cc1,17.89
COc1cc(C=Cc2ccc(C=C3N=C(c4ccc(C)cc4)OC3=O)cc2)cc(Br)c1O,28.59
Cc1ccc(-c2ccnc(SCc3ccc(=NC4CCOCC4)cc(-c4ccc(C#N)cc4)n3)n2)cc1,30.39
N#Cc1ccc(-n2c(=O)[nH]c3ccccc3c2=O)cc1,12.07
Cc1c(C#N)c(-c2ccc(C#N)cc2)c(C#N)c2c(=N)[nH][nH]c12,21.35
N=C(N)c1ccc(CN=Cc2ccc(-c3cccc(-c4ccc(C(=N)N)cc4)n3)o2)cc1,22.83
CC(=O)N1c2ccccc2C23CC(C2)C(CN2CCN(c4ccccc4)CC2)=CC13,38.97
Clc1cncc(Cl)c1Cc1nncc2cc3c(cc12)OCO3,21.01
COC(C=O)C=CC=C(C)C=CCC(C)CCCC(C)C,33.48
CCc1noc(C)c1-c1csc(N=c2cccc(C)[nH]2)n1,26.16
Cc1noc(-c2ccc3c(c2)cc(-c2ccc(C#N)cc2)n3-c2ccc(C(C)C)cc2)n1,17.23
COc1cccc(-n2c(=O)c3cc4c(=O)n(-c5ccc(C#N)cc5)c(=O)c4cc3c2=O)c1,12.15
O=C(C1=CC(C2CC2)CC(OCc2ccc(Cl)cc2)O1)N1CCOCC1,24.16
Cc1ccccc1C(=O)NC(CCO)C(=O)c1nc(-c2ccc3c(C#N)cccc3c2)cs1,42.45
CC(C)c1ccc(-n2c(CCC(=O)O)ccc2-c2ccc(F)cc2F)cc1,17.03
Cn1c(-c2ccc(C#N)cc2)c(-c2cccc(C#N)c2)cc(C#N)c1=O,14.75
N#Cc1ccc2c(-c3ccccc3)c3c(nc2c1)-c1ccccc1C3,21.48
N#Cc1ccc(-c2cc(C#N)nc3ccccc23)cc1,11.47
N#Cc1ccc(-n2cnc(C#N)c2-c2ccc(C#N)cn2)cc1,15.19
N#Cc1ccc(-c2cc[n+](-c3ccc(C#N)cc3)cc2)cc1,10.44
N#Cc1cn(-c2ccc(C(=O)O)cc2)c2ccc(-c3ccccc3)cc12,17.01
CCc1c(-c2ccc(O)cc2)cc(-c2ccc(O)cc2)nc1-c1ccc(C=NN=c2[nH]c(=NCCc3ccc(O)cc3)[nH]c(=Nc3ccc(C=Cc4cc(OC)c(O)c(OC)c4)cc3)[nH]2)cc1,38.21
N#Cc1ccc(-c2ccc(N)nc2)nc1,8.87
Cc1ccc(-c2nnc(CN(Cc3cccnc3)Cc3ccco3)o2)cc1,29.62
O=C(CCl)N=c1cnc2ccccc2[nH]1,21.26
Cc1cc(N=c2nc(C(F)(F)F)cc[nH]2)cc(-c2cnc(C#N)nc2)c1,13.72
N#Cc1cc(C=O)c2c3c(cccc13)CC2,21.4
Nc1cc(-c2ccc3nc(-c4ccc(C(=O)NCCN5CCOCC5)cc4)sc3c2)ccn1,26.46
O=C(O)CNC(=O)c1ccc([N+](=O)[O-])cc1,21.03
CSc1ncnc2c1ncn2C1CN(C(=O)C=Cc2ccccc2)C(CO)O1,30.36
Nc1ccc(-c2nc(-c3ccc(NCc4coc(-c5ccccc5)n4)cc3)nc(N3CCOCC3)n2)cc1,16.83
COc1ccc(C=C2Cc3cc(OC)c(OC)cc3C2=O)cc1,21.12
N#Cc1cccc(C(=O)N2CCCC(COc3ccccn3)C2)c1,24.03
N#Cc1ccc2[nH]c(-c3ccc(C=Nc4cc(O)c(N)cc4O)cc3)nc2c1,15.57
Cc1nc(-c2ccc(C=O)cc2)cc(=Nc2ccc(C(=O)Nc3c(C)cccc3C)cc2)[nH]1,20.21
Cc1ccc2nc(-n3c(-c4ccc(C#N)cc4)cc4cc(-c5ccc(C#N)cc5)ccc43)sc2c1,12.89
N#Cc1ccc(-c2cc(-c3ccc(C=O)cc3)nc(=N)[nH]2)cc1,11.81
N#Cc1ccc(Oc2c(F)c(F)cc(F)c2F)c(C#N)c1,18.19
Cn1c(-c2ccc(C=O)cc2)nc(-c2ccc(C#N)cc2)cc1=O,12.75
CCOc1ccc(-c2nc(-c3ccc(N=CN(C)C)nc3)no2)cc1C#N,19.83
CN(C)N=Nc1[nH]c(=N)c(C#N)c(-c2ccc(C#N)cc2)c1C#N,15.45
Nc1ccc(N=c2nc(-c3c(-c4ccc(F)cc4)nn4ccccc34)cc[nH]2)cc1,15.4
CCCn1c(-c2ccc(C#N)cc2)nc2cc(CC=NC(=O)C3CCCC3C(=O)O)ccc21,37.78
N#CCNC(=O)C1(NC(=O)c2ccc(-c3ccc(C=O)cc3)cc2)CCCCC1,18.83
Cc1ccc(-c2cc(-c3ccc(C)cc3)nc(-c3ccc(N(C)C)cc3)n2)cc1,14.72
CNC(=O)c1ccc(-c2nc(C#N)nc3[nH]c(CN4CCN(C(C)=O)CC4)cc23)cc1,25.33
N#Cc1ccc(-c2cccc(-c3ccc(C(N)=O)cc3)c2)cc1,15.05
N#Cc1ccc(-c2ccc(Cc3noc(-c4ccc(N)nc4)n3)cc2)cc1,20.85
N#Cc1ccc(-n2c(=O)c3cc4c(=O)n(-c5ccc(F)cc5F)c(=O)c4cc3c2=O)cc1,13.33
N#Cc1cc(C#N)c2c(-c3ccc(OC(F)(F)F)cc3)cc(C#N)nc2c1,31.2
C=CC(=O)N1CC2CCCN(C(C)=O)C2C1,30.69
N=Cc1ccc(-c2nc(-c3ccc(C=O)cc3)nc(-c3ccc(C#CCO)s3)n2)cc1,21.76
Cc1c(C#N)ccc2c1nc(-c1ccc(C#N)cc1)n2-c1ccc(C#N)cc1,20.5
Cc1cc(C)n(-c2ccc(C(=O)Nc3sc4c(c3C#N)CCC(C)C4)cc2)n1,21.18
Cn1c(-c2ccc(C#N)cc2)nc2ccc(C#N)cc2c1=O,15.62
c1ccc(Oc2ccc(-c3noc(-c4c[nH]c5ccccc45)n3)cc2)cc1,27.43
Cc1noc(-c2ccc(Nc3ccn(-c4nc(C)c(S(=O)(=O)N5CCOCC5)s4)c(=O)c3)cc2)n1,33.27
CC=CC=CC=CC=CC=CC=CC(O)CC=CCC(=O)O,24.65
Cc1cc(=NCc2ccc(C#N)cc2)c2cc3ccc(Cl)cc3c(C#N)c2[nH]1,18.79
N#Cc1cccc(-c2ccc3c(c2)c(C#N)cn3-c2ccc(C(N)=O)cc2)c1,13.61
COc1cn(C)c(C=CCN=[N+]=[N-])cc1=O,24.89
N#Cc1ccc(-c2cc3cc(-c4ccc(C#N)cc4)n(-c4nc(-c5ccc(C#N)cc5)cs4)c(=O)c3cn2)cc1,21.13
N#Cc1ccc(-c2ccnc(-n3ccc4ccccc43)n2)cc1,17.48
N#Cc1ccc(-n2nnc(-c3cccnc3)n2)cc1,14.71
NS(=O)(=O)c1ccc(N=Cc2cn(-c3ccc([N+](=O)[O-])cc3)nn2)cc1,23.26
N#Cc1ccc(Cn2cc(C#N)c3c(NCc4cccnc4)cc(C#N)cc32)cc1,28.11
N#Cc1ccc(-c2ccc(C=O)s2)nc1,11.95
CNCc1cc(C#N)cc(N2CCN(C3CCC3)CC2=O)c1,27.51
Cc1oc2cc(C#N)ccc2c(=O)c1-c1ccc(C#N)cc1,16.1
Clc1ccc(C=NCC2(c3ccccc3)CCOCC2)cc1,22.37
N#Cc1cc(C#N)c2c3ccc4c2c1cccc-4[nH]3,13.0
N#CC(=NO)c1ccc2cc(C#N)c(C#N)cc2c1,21.47
Cc1ccc([N+](=O)[O-])cc1NS(=O)(=O)NC(C)C,32.44
N#Cc1cc2ccccc2nc1N1CCNCC1,19.37
COc1cc(C=Nc2ccc(-c3cnc(-c4ccc(N=Cc5cc(C=O)cc(C=O)c5O)cc4)nc3)cc2)ccc1O,25.75
O=Cc1cc(C=O)c(O)c(C=Nc2ccc(N=c3cc[nH]c4cc(Cl)ccc34)cc2)c1,13.56
N#Cc1ccc(-c2ncc(C#N)c(-c3ccc(C#N)cn3)n2)cc1,17.46
NCc1cccc2c(CC=Nc3ccccc3)c3c(nc12)-c1nccc(-c2ccc([N+](=O)[O-])cc2)c1C3=O,39.92
N#Cc1ccc(-c2cn[nH]c(=N)n2)cc1,13.68
Cc1ccc(-n2c(SCC(=O)N3CC(=O)Nc4ccccc43)nc3sc(C)c(C)c3c2=O)cc1,17.48
N#CCCN(C(=O)COCc1ccccc1)c1ccc(C#N)cc1,21.91
CN1C(=O)c2cccc3c(C#N)cc(-c4ccc(C#N)cc4)c(c23)C1=O,21.35
N#Cc1ccc(-c2ccc(C#N)n2-c2ccc(C(=O)O)cc2)cc1,14.65
Cc1ccc(-c2cc(-c3ccc(NC(=O)C=CC#N)cc3)nc(-c3ccccn3)n2)cc1,21.33
Cc1sc2ncn(Cc3ccccc3F)c(=O)c2c1C,18.64
Nc1ccc(-c2nc(-c3ccc(N)cc3)nc(-c3ccc(-c4ccc(-c5ccc(C=O)cc5)o4)cc3)n2)cc1,17.63
N#Cc1ccc(-c2cc(-c3cnc(=N)[nH]c3)ncn2)nc1,14.29
Nc1ccc(-c2nc(-c3ccc(N)cc3)nc(-c3ccc(-n4c(=O)cc(N5CCOCC5)[nH]c4=O)cc3)n2)cc1,14.4
N#Cc1ccc(-c2ccc3nc(-c4ccco4)c(C=O)cc3c2)cc1,22.34
Cc1csc(=Nc2cccc(Br)c2)[nH]1,24.46
CC(C=Cc1ccccc1)=NNC(=O)N1CCCCC1C,28.97
Cc1cc[nH]c(=Nc2ccc(-c3ccc(C#N)cn3)c(CO)c2)n1,23.98
Cc1cc(-n2c(-c3ccc(C#N)cc3)nc(C(=O)Nc3ccc(-c4nc5ccccc5n4C)cc3)c2C)no1,24.67
N#CCN1CCOc2ccc(-c3ccc(C#N)cc3)cc2C1=O,15.22
Cn1c2ccccc2c2ccc3c([N+](=O)[O-])cccc3c21,22.92
CN(C)C(=O)CC1CCc2cccc3c(C=O)cn1c23,22.33
Cc1nc2cc(-n3ccc(-c4ccc(C#N)cc4)cc3=O)ccc2s1,18.36
N#Cc1ccc(CSc2nc(=O)c(C#N)c(-c3ccccc3)[nH]2)cc1,11.57
Cc1cc(C#N)cc2sc(-n3c(CCC(=O)O)ccc3-c3ccc(C#N)cc3)nc12,18.6
CNc1ccc(-c2cc(-c3ccc(C=Nc4cc(O)c(N)cc4O)cc3)nc(-c3ccc(OC)cc3)c2)cc1,23.45
N#Cc1ccc2[nH]c(-c3ccc(C=O)cc3)cc(=O)c2c1,16.92
CC(C)(C=NO)[N+]([O-])=C(C#N)c1ccccn1,27.9
O=C(O)c1ccc(-c2ccc(C=C3SC(=O)N(CCCCCC(O)=NO)C3=O)cc2)cc1,27.15
Cc1cc(O)cc(-c2nn(-c3ccc(C#N)cc3)cc2-c2ccc(C#N)cc2)c1,15.5
N#Cc1ccc(C(=CC2CCCCC2)c2ccc(-n3nc(-c4ccc(C#N)cc4F)nc3-c3ccc(N=Cc4cc(C=O)c(O)c(C=O)c4O)nc3)cc2)cc1,30.71
CCN=c1[nH]c2cc(-c3ccc(C(=O)NC(C)(CO)CO)nc3)nc(C#N)c2cc1C#N,35.73
Nc1cc(O)c(N=Cc2ccc(-c3nc(-c4ccc(C=O)cc4)nc(-c4ccc(C=O)cc4)n3)nc2)cc1O,11.12
N#Cc1ccc(NC(=O)C=CC=Cc2ccc3c(c2)OCO3)cc1,22.99
N#Cc1ccc(-[n+]2ccc(-c3ccncc3)cc2)cc1,19.45
C#Cc1ccc(-c2csc(=N)[nH]2)cc1,18.74
N#Cc1cccc(C=Cc2cc(C=O)cc(C(=O)O)c2)c1,21.84
Cc1ccc(COc2cnc(-c3cccc(C#N)n3)cc2-c2cccc(C#N)n2)cc1,21.24
N#Cc1ccc(-n2nc(C(=O)O)cc2-c2ccc(-n3ccnc3)cc2)cc1C#N,27.11
Cc1cccc2cc(C)n(-c3ccc(C#N)cc3)c(=O)c12,10.79
COc1ccc(-c2nc(Nc3ccc([N+](=O)[O-])cc3)cc(=Nc3ccc(C(=O)NC4CC4)cn3)[nH]2)cc1,33.99
CC1CN(c2ncc(C#N)cc2F)CCN1c1cc(C2CC2)nc(=N)[nH]1,30.45
Cc1nc(=Nc2ccc(C(=O)Nc3ccc(C#N)cc3)cn2)cc(N2CCN(C3COC3)CC2)[nH]1,25.47
N#Cc1ccc(-c2ccc(=NC(=O)Nc3cccc(C#N)c3)[nH]c2)nc1,18.21
Cn1cc(-c2ccc(-c3ccc(C(N)=O)cc3)cc2)c2ccc(C#N)cc21,24.27
CC(=O)c1ccc(NC(=O)c2ccccc2-c2ccc(C#N)cc2)cc1,22.18
Cc1nccc(-c2ccc(C#N)nc2)c1C#Cc1ccc(=N)[nH]c1,19.95
N#Cc1ccc(-c2cc(C#N)c3c(C#N)c4ccccc4cc3n2)cc1,16.71
Cc1cc(-n2cnc3cc(-c4ccc([N+](=O)[O-])cc4)oc3c2=O)cc2ccc(-c3ccc(-n4cccc4C=O)cc3)nc12,32.51
N#Cc1c(N)sc(-c2nc(-c3ccc(C=O)cc3)nc(-c3ccc(N=Cc4c(O)c(C=O)c(O)c(C=O)c4O)cc3)n2)c1C#N,18.62
CCCc1nc2cc(C(=O)NCc3cccc(OC)c3)ccc2c(=O)n1Cc1ccc(-c2ccccc2-c2nn[nH]n2)cc1,21.9
N#Cc1cccc(-c2nccc(CN3CCOC(Cn4cccc4)C3)n2)c1,30.48
COc1ccc(-c2cc(=O)c3c(cc(-c4cccc(OC)c4)n3-c3ccc(C#N)cc3)n2-c2ccc(C#N)cc2)cc1,20.61
NS(=O)(=O)c1ccc(N=Cc2ccc(-c3nc(=O)c4ccccc4[nH]3)cc2)cc1,21.42
Nc1ccc(-c2noc(-c3ccc(-n4c(=O)c5cc6c(=O)oc(=O)c6cc5c4=O)cc3)n2)cc1,12.68
CN(C)C1CCN(C(=O)c2ccc(N=c3ncc(C#N)c(-c4cnc5[nH]cc(C#N)c5c4)[nH]3)cc2)CC1,30.41
COc1c(C#N)ccc2c1Cn1cc(C(=O)O)c(=O)c3c4cc(NC(C)=O)ccc4nc-2c31,40.74
C[n+]1nccnc1C=NO,23.8
Cc1nn2c(-c3ccc([S+](C)[O-])cc3)ccnc2c1-c1ccc(Cl)cc1,24.99
Nc1ccc(-c2nc(-c3ccc(N=Cc4cccc(C=NN=c5nc(-c6ccc([N+](=O)[O-])cc6)[nH]c(=O)[nH]5)c4)cc3)c3c(N)cc(-c4ccccc4)cc3n2)cc1,32.62
CC(=O)N(CC=Cc1ccc(C#N)cc1)Cc1cccc(OC(C)C)c1,21.5
Cc1nc(=N)c2c(-c3ccccc3)c(-c3ccccc3)cnc2[nH]1,16.33
N#Cc1ccc(-n2c(=O)c3cc4c(=O)n(-c5ccc(S(N)(=O)=O)cc5)c(=O)c4cc3c2=O)cc1,13.85
CC(C)c1ccc(-n2c(-c3ccc(C#N)cc3)cc3c2cc(-c2ccc(C#N)cc2F)n3-c2ccc(C(C)C)cc2)cc1,12.14
N#Cc1ccc(N=c2nc(-c3ccc(C=NO)c(Cn4ccc5ccccc54)c3)cc[nH]2)cc1,35.76
N#Cc1cc(N=CN)nc(C(Br)Br)c1,27.71
COc1ccc(S(=O)(=O)n2c(C#N)c(-c3ccc(C#N)cc3)c3cc(-c4ccc(C#N)cc4)ccc32)cc1,26.32
Cc1cc(C)c(C(=NO)c2ccc(-c3ccc(C#N)cc3)cc2)c(C)c1,22.42
CCNC(=O)c1cc(Cl)ncc1NC(=O)c1nc(C#N)c[nH]1,23.22
Nc1ccc(C(=O)NCC#Cc2cccnc2)cn1,21.07
COC(=O)C1=C(C)N=C(C)N(Cc2ccc(F)cc2)C1c1ccc(C#N)cc1,21.75
Cc1[nH]n(-c2ccccc2)c(=O)c1C(=S)n1ccnc1,26.18
C=CC(=O)N1CCCC(n2nc(-c3ccc(C#N)cc3)c3c[nH]c(=N)nc32)C1,14.01
CCNC(C)(C(=O)NN=Cc1ccc(OCC)cc1)c1ccc(C#N)cc1,36.96
N=C(N)c1ccc(-c2ccc(-c3cc(-c4ccccc4)cc(-c4ccccc4)n3)cn2)nc1,19.71
N#Cc1ccc(O)cc1,12.26
N#Cc1ccc(OCC(O)C(N)COc2ccc3c(c2)Cn2cc(O)nc2NC3)cc1,43.55
Cc1ccc2c(-c3ccc(C#N)cc3)c(C#N)c(=N)[nH]c2c1,16.16
O=Cc1cc(O)c(O)c(Br)c1Br,20.91
ON=C(c1cccnc1Oc1ccc(-c2ccccc2)cc1)N1CCSCC1,24.12
O=Cc1cccc(C=O)c1,11.42
N#Cc1ccc(-c2cc(C#N)c(=Nc3ccc(F)cc3F)n3ccccc23)cc1,21.54
Cc1ccc(-c2cn(-c3nc4ccc(C)cc4s3)c(-c3ccc(C#N)cc3)n2)cc1,11.86
N#Cc1ccc(-n2c(=O)[nH]c(O)c(C=Nc3ccc(-c4nc(CO)n[nH]4)cc3)c2=O)cc1C(F)(F)F,23.52
N#Cc1ccc(-c2ccc3c(c2)C(O)(C(F)(F)F)c2ccccc2-3)cc1,14.93
N#Cc1ccc(-c2ccc(N=Nc3c(O)[nH]c4cc(C#N)ccc34)cc2)cc1,19.47
CN(C)c1ccc(C=Nc2cc(-c3cccnc3)nc(-c3ccc(C=O)cc3)n2)cc1,23.28
N=C(N)c1ccc(-c2cc(-c3ccc(C(=N)N)cc3)on2)cc1,14.38
N#Cc1ccc(C(O)C#Cc2nc(C#N)ccc2C#N)cc1,24.63
N#Cc1ccc(COc2cc(-n3cnc4cc(C#N)c(Oc5ccc(C#N)cc5Cl)cc43)ccc2C(N)=O)nc1,33.52
N#Cc1ccc(-n2cnnn2)cc1,10.45
N#Cc1ccc(-n2cnc(Cn3c(=O)n(C4C=CC(OCC(F)F)C4)c4ccncc43)c2)cc1,35.56
CCOc1ccc(NC(=O)c2ccc3ccccc3c2O)cc1,23.29
N#Cc1ccc2c(c1)Nc1ccccc1C(c1ccccc1)=N2,20.3
COc1ccc(CCn2cc(C(=O)NCc3ccc(C)cc3)sc2=O)cc1OC,29.96
N#Cc1ccc(-c2cn(-c3ccc(C#N)cc3)n2-c2ccc(Cl)cc2)cc1,12.46
NC(=O)c1ccc(-c2nc(-c3ccccc3)nc(-c3ccc(C=O)cc3)n2)cc1,15.89
CC(=O)NC(C)c1ccc2c(N3CCOCC3)nc(=NN=Cc3cn(C)c4ccccc34)[nH]c2c1,32.0
CCn1c(=O)ccc2c3c[nH]c(=Nc4ccc(CN(C)CCO)cn4)nc3n(CC(F)(F)F)c21,34.2
COc1ccc(OC)c(C=NNC(=O)COc2cccc3ccccc23)c1,21.49
N#Cc1ccc(-c2ccc(-c3cc(C(=O)NCCO)nn3-c3ccc(C#N)cc3)cc2)cc1,16.25
Cc1nccc(-c2ccc(-n3[nH]c(=O)c4cc5c(=O)[nH]n(-c6ccc(C#N)cc6)c(=O)c5cc4c3=O)cc2)n1,13.75
N#Cc1ccc(-c2nc(-c3ccc(N)cc3)nc(-c3ccc(C=Nc4cc(O)c(N)cc4O)cc3)n2)cc1,10.52
Cc1cccc(C#Cc2ccc(C#N)cc2)n1,14.93
Cc1noc(-c2nc(-c3cc4ccccc4n3C)n(Cc3ccccc3F)c2N)n1,33.35
CN(C)c1ncc(-c2cc3ncc(-c4ccc(C#N)cc4)cc3cn2)cn1,21.09
Cc1ccc(-c2cc(C#N)c(C#N)nc2C(N)=O)cc1F,26.01
N#Cc1ccc(C=Cc2nc3ccc(Br)cc3c(=O)n2-c2ccc(C#N)cc2)cc1,14.07
CCCc1cc2c(cc(-c3ccc(C#N)cc3)n2-c2nc3ccc(C)cc3s2)c(C)n1,22.21
Cc1ccc2cccc(-c3ccc(C#N)cn3)c2n1,16.09
N#Cc1ccc(-c2ccccn2)nc1,9.43
N#Cc1ccc(-c2nc(-c3ccc(Cl)cc3)cc(-c3nc(-c4ccc(Cl)cc4)n(-c4ccc(Cl)cc4Cl)n3)n2)cn1,24.7
Cn1[nH]c(-c2cccnc2)cc1=NC(=O)C1(C)Cc2c(-c3ccc(C#N)cc3)ccnc2O1,28.7
Cc1cc(=NN=Cc2ccncc2)[nH]c(=N)[nH]1,16.95
CC1(C)Cc2c(c(C#N)c3cc(C#N)ccc3c2C#N)CO1,12.56
N#Cc1ccc(-n2c(=O)c3cc4c(=O)n(-c5ccc(C(=O)O)cc5)c(=O)c4cc3c2=O)cc1,13.26
COc1cc(-c2nc(-c3cc(C)nc(C)c3)c3n2CC(CF)OCC3)ccc1C(F)(F)F,21.33
Cc1ccc(-c2c(C#N)c(=N)n3c([nH]c4ccccc43)c2C#N)cc1,15.13
CCc1[nH]c(=N)[nH]c(=N)c1-c1ccc(Cl)cc1,14.71
CCOC(=O)NN=Cc1cc2ccccc2c2ncccc12,28.92
N#Cc1ccc(-c2cccc(-c3cccc(C#N)n3)c2)cc1,12.57
CN(CCN)Cc1cccc(-c2ccc(C#N)cc2)c1,17.5
CCC(C)(O)CCc1ccc(C(=O)c2ccc(-c3cnn(C)c3)c3oc(=O)c(-c4ccc(O)cc4)cc23)cc1,40.79
Cc1cc(C)c(O)c(C=Cc2nc3ccccc3c(=O)n2-c2ccc(C#N)cc2)c1,18.25
CC(C)c1cc(-c2n[nH]c(=NN)s2)cc(C(C)C)c1O,21.83
Cn1c(-c2cccc(C#N)c2)nnc1-c1cccc2ccccc12,23.63
CN1CCC(NC(=O)c2ccc(-c3nc4cc(-c5ccc(N6CCOCC6)nc5)cnc4[nH]3)cc2)CC1,24.43
N#Cc1cc(N=c2nc(-c3ccc(N4CCC(O)C4)nc3)cc[nH]2)nc(-c2ccc(-n3c(=O)[nH]c4cc(F)ccc43)cc2)c1,33.94
Cc1ccc(C(=O)C=Cc2ccco2)c(C)c1,17.61
N#Cc1ccc(-c2csc(-c3ccccc3)c2)cc1,17.14
Cc1ccccc1OCCC(=O)OCC(=O)NCc1ccccc1,24.07
COc1cc(C=O)c(C=O)cc1OC,11.3
N#Cc1ccc(-c2cc(=O)[nH]c(CN(CCO)CCO)n2)cc1,24.76
COc1cccc(CN=c2ccc(-c3ccc(C#N)cn3)c[nH]2)c1,19.87
N#Cc1ccc(-c2cc(=NCc3cc(-c4ccc(N)cc4)nc(-c4cccnc4)n3)nc[nH]2)cc1,25.59
Cc1cccc2[nH]c(-c3ccc(-c4ccc(C=CC(=O)c5ccc(O)c6ccccc56)cc4)cc3)nc12,29.66
N#CCCn1cnc2c(-c3ccc(Br)cc3)nc(-c3ccc(C#N)cc3)cc21,25.29
CN1CCc2c(C#N)cc(C#N)c3c2C1CC3c1ccnc2ccc(C#N)cc12,30.14
CCCCN=C1NC(=O)C(=Cc2ccc(-c3ccc(C#N)cc3)o2)S1,22.52
N#Cc1nc2c(cc1Cl)CCCCC2,25.09
Cc1cccc2cc(C#N)c(N3CCN(c4ccc(C#N)cc4)CC3)nc12,20.87
Cc1ccc(-n2[nH]c(C(=O)NCc3cnccn3)cc2=NC(=O)c2cc(-c3ccccn3)c(F)cc2Cl)cc1,24.86
Cc1cccn(CC(=O)Nc2ccc(-c3ccc(C#N)cc3)c(C(=O)c3ccc(C#N)cc3)c2)c1=O,32.37
Cc1ccc(-c2nc(-c3ccc([N+](=O)[O-])cc3)oc2-c2ccc(N3C(=O)c4ccc5c6c(ccc(c46)C3=O)C(=O)OC5=O)cc2)cc1,19.83
Oc1csc(-c2ccc(-c3cc(-c4ccccc4)cc(-c4ccccc4)n3)cc2)n1,16.99
N#Cc1ccc(-c2ccc(-c3nc(-c4ccc(C=O)cc4)nn3-c3ccc(C#N)cc3)cc2)cc1,14.66
C=CC(=O)Nc1cc(C#N)cc(-c2ccc3cc(-c4ccc(C#N)cc4)n(-c4ccc(C(C)C)cc4)c3c2)n1,26.52
Cn1ccc(-c2cc3c(cc(-c4ccc(C#N)cc4)n3-c3ccc(C#N)cc3)n2-c2ccc(C#N)cc2)c1,17.3
N#Cc1cccc(-c2ccc(C(=O)NCc3ccccc3)cc2)c1,17.53
O=C(NCc1ccccc1)c1cccc(-n2c(O)c3c(c2O)CCC=C3)c1,18.84
COc1ccc(-c2ccccc2N=Cc2csc(-c3ccc(C#N)cc3)n2)cc1,26.2
CN(C)C(=O)c1cc2c[nH]c(=Nc3ccc(C#N)cn3)nc2n1C1CCCC1,15.25
N#Cc1ccc(-c2cccc(NC=NC(N)=O)c2)c(Cl)c1,22.8
Cc1cc(N(C)c2ccc(C#N)cc2)nc(-c2ccc(C#N)cc2)n1,18.75
Cc1ccc(-n2c(C)nc3cccc(F)c3c2=O)c(C)c1,21.0
CCc1cc(-c2ccc(C#N)cn2)ccc1C#N,16.45
Nc1ccc(-c2nc(-c3ccc(N=Cc4cc(C=O)c(O)c(C=O)c4O)nc3)nc(-c3ccc(N4CCOCC4)nc3)n2)cn1,10.66
N#Cc1c[nH]c(=N)c(C#N)c1-c1ccc2c(c1)OCO2,16.9
N#Cc1ccc(-c2ccc(-c3n[nH]c(=Nc4ccc(CCN5CCC(O)CC5)cc4)c4ccccc34)cc2)cc1,23.58
N#Cc1ccc(-c2cccc(-c3cccc(C(=O)NCCCCC(O)=NO)n3)c2)cc1,25.32
N#Cc1ccc(-c2cc(-c3ccc(CN4CCCC(O)C4)cc3)nc(-c3ccc(C#N)cc3)n2)cc1,21.04
N#CC(C#N)=Cc1ccc(-c2ccc(C(=O)O)cc2)o1,15.08
Nc1cc(O)c(N=Cc2ccc(-c3noc(-c4ccc(C=O)cc4)n3)cc2)cc1O,11.38
N#Cc1ccc(-n2cc(-c3ccc(C=O)cc3)nn2)cc1,13.02
Nc1c[nH]ccc1=NC(=O)c1cccc(-c2nccs2)n1,24.02
C=c1[nH]n(-c2nc(-c3ccc(C)cc3)cs2)c(=O)c1=Cc1ccccc1,18.17
CNC(=O)c1ccccc1N=c1c(C)c(Nc2ccc(C#N)cc2)ccc2nccn12,24.92
Cc1c(-c2ccccc2)[n+]([O-])c2c([n+]1[O-])CCCC2,16.65
N#Cc1ccc(-c2ccc3nc(-c4ccc(OCCOc5ccccc5C#N)cc4)c(-c4ccc(C#N)cc4)c(CCO)c3c2)cc1,38.7
CC=Cc1nc(-c2ccc(C=Nc3cc(Cl)c(-c4ccc(-c5ccc(-c6ccc(C(=O)O)cc6)nc5)cc4)s3)s2)nc2[nH]c3cc(Br)ccc3c12,62.94
COc1cc(C2Oc3cc4c(cc3Cc3ccccc3N2C(C)=O)OCO4)cc(OC)c1O,30.61
CN(C)c1ccc(-c2nc(-c3ccc(N)cc3)nc(-c3ccc(-n4c(=O)c5cc6c(=O)oc(=O)c6cc5c4=O)cc3)n2)cc1,11.14
COc1ccc(N=c2cc3n(c(=O)[nH]2)CCc2cc(OC)c(OC)cc2-3)cc1,19.44
Cc1ccc(-c2nc(-c3ccc(F)cc3)cc(=NC(=N)N)[nH]2)o1,21.6
N#Cc1ccc(-c2ccc3c(-c4ccc(C#N)cc4)cccc3c2)cc1,12.69
O=Cc1ccccc1C=NNC1=NCCN1,16.64
N#CC(C#N)=c1ccc(=C(C#N)c2ccccc2)cc1,11.88
CCC(=O)N1CCN(c2ccc(C#N)cc2)CC1,19.82
N#Cc1ccc(-c2nc3cc(-c4nc(-c5ccc(N)cc5)no4)ccc3[nH]2)cc1,18.64
C=C(CC)C(=O)NCc1cnc(C#N)nc1,29.43
N#Cc1ccc2nc(-c3ccc(C=O)cc3)cc(C#N)c2c1,16.39
N#Cc1ccc(-c2cccc3c2-c2ccc(C#N)cc2C3)cc1,19.94
C=Cc1ccc(-c2ccc(CN(Cc3ccc(-c4ccc5cc(C#N)ccc5n4)o3)c3ccc(O)c(C=O)c3)cc2)nc1,40.63
CN(C)c1ncc(-c2nc(-c3ccc(N)nc3)nc(-c3ccc(N=Cc4c(O)c(C=O)c(O)c(C=O)c4O)nc3)n2)cn1,11.2
N#Cc1ccc(-c2cnc(N3CCOCC3)nc2-c2ccncc2)cc1,16.31
COc1ccc2c(=S)n(-c3ccc(C#N)cc3)c(=S)oc2c1,18.42
Nc1ccc(-c2nc(-c3ccc(N)cc3)nc(-c3ccc(-n4c(=O)[nH]c(=O)[nH]c4=O)cc3)n2)cc1,14.28
N#Cc1ccc(-c2nc(-c3ccc(C#N)cc3)nc(N3CCN(c4ccc(C#N)cc4)CC3)n2)cc1,16.02
N#Cc1ccc(-c2nc(-c3ccc(-n4cnnn4)cc3)nc(-c3ccc(N)nc3)n2)cc1,16.84
CC(=O)Nc1cccc(N=Cc2ccc(-c3cc[n+](-c4ccc(C=Nc5ccc(-c6ccc(N=Cc7ccc(N)cc7)cc6)cc5)cc4)cc3)cc2)c1,28.88
CN1CCN(Cc2ccc(-c3nc(-c4cccc(-c5ccc(C=O)cc5)n4)nc(N4CCOCC4)n3)cc2)CC1,15.88
N#Cc1cc(-c2ccncc2)ccn1,18.6
Cc1cc(-c2ccc(C#N)cc2)[nH]c(=Nc2cccc(C(=O)N(C)C)c2)c1,21.14
COc1ccc2cc3[n+](cc2c1OC)CCc1cc2c(cc1-3)OCO2,16.41
Cc1nc(C)n2cc(-c3cccc(NC(=O)c4ccccc4)c3)c(-c3ccc(C#N)cc3)nc12,29.35
N#Cc1ccc(-c2ccc(-c3nc(-c4ccc(C=O)cc4)nc(-c4ccc(C=Nc5cc(O)c(N)cc5O)cc4)n3)cc2C#N)cc1,13.12
N#Cc1ccc(-c2cccn2-c2ccc(C(=O)NC3CC3)s2)nc1,24.69
N#Cc1ccc(-c2nn(Cc3ccc(F)cc3)c(=O)n2-c2ccc(C#N)cc2)cc1,16.12
Cc1ccc(-n2[nH]c(C)c(C=Nc3ccc(C#N)c[n+]3[O-])c2=O)cc1,27.39
N#Cc1ccc(-c2cc(C=CC(=O)NCc3ccc(C(=O)Nc4ccccc4N)cc3)nn2-c2ccc(C#N)cc2)cc1,19.06
N#Cc1ccc(C2N3C(=C(c4ccccc4)C2(C#N)C#N)C(=O)N2c4ccccc4C(=O)NC23)cc1,38.83
COc1ccc(OC)c(C=Cc2ccc(C#N)cn2)c1,21.89
CC(=O)c1nn(-c2ccc(C#N)cc2)cc1C#N,13.89
N#Cc1ccc(-c2cc(C#N)ccc2C2CCC3C(c4cc(C(F)(F)F)cc(C(F)(F)F)c4)OC(=O)N23)cc1,17.31
N#Cc1ccc(C#N)c(Br)c1,11.85
Cc1ccc(Nc2c(-c3ccsc3)nc3ccccn23)cc1,24.79
Nc1c(-c2ccccc2)oc2ccccc12,19.88
N#Cc1ccc2c(C#N)cn(-c3ccc(C(N)=O)c(N)c3)c2c1,15.05
Cc1cc(C)[nH]c(=NS(=O)(=O)c2ccc(-n3c(C)cc(=O)cc3C)cc2)n1,21.37
N#Cc1ccc(-n2sc3cc(F)c(Cl)cc3c2=O)cc1,18.7
CC(=O)c1ccc(-c2nc(-c3ccncc3)nc(-c3ccc(C=CCS(C)(=O)=O)cc3)n2)cc1,25.28
O=C(NCC1CCCOC1)c1ccc(-n2cnc3ccc(-c4cc(F)c(O)c(Cl)c4)cc3c2=O)cc1,27.82
CCOC(=O)COc1cc(C)c2c3c(c(=O)oc2c1)COC(C)(C)C3,29.33
N#Cc1ccc(-c2cc(C#N)nc3cc(CNCC(F)F)ccc23)cc1,19.06
NC(=O)c1ccc(Oc2cc(C(N)=O)nn2-c2ccccc2)cn1,30.23
COc1ccc(CCNC(=O)Cc2csc(-c3ccc4c(c3)OCO4)n2)cc1OC,28.85
Cc1cc(C)n(CCCO)c(=O)n1,23.05
N#Cc1cccc(Cn2c(=O)ccn(CC(N)=O)c2=O)c1,24.68
N#Cc1cc(C#N)c2cc(C(=O)O)c(O)cc2c1,19.16
N#Cc1ccc(-c2nc(=N)[nH]cc2N=Nc2ccc(-c3nc(-c4ccc(N)nc4)nc(-c4ccc(N)nc4)n3)cn2)cc1,17.35
Cc1nc(=O)cc(C#N)[nH]1,15.83
CC12CC3CC(=O)C4(C)C(O)CCC4C3C1CCC2=NNc1cccc(C#N)c1,39.85
Cc1ccccc1NC(=O)C(C#N)=c1ccc(=C(C#N)C#N)cc1,17.9
N#Cc1ccc(Cn2c3c(c4ccccc42)CC(N)CC3)cc1,15.56
Cc1[nH]c2ccccc2c(=O)c1C(=O)C=Cc1ccccc1[N+](=O)[O-],32.15
N#Cc1ccc(-n2[nH]c(=O)c3cc4c(=O)[nH]n(-c5ccc(F)cc5F)c(=O)c4cc3c2=O)cc1,12.36
O=Cc1ccc(-c2nnc(-c3ccncc3)o2)cc1,14.92
N#Cc1ccc[n+](CCCCOc2ccccc2C#N)c1,23.47
NC(=O)c1ccc(-n2cc(-c3ccc(F)cc3)c(-c3ccc(F)cc3)n2)cc1,17.3
Cc1cccc2sc(=NC(=O)CSc3nccn3-c3ccc(Cl)c(Cl)c3)[nH]c12,34.39
O=Cc1ccc(-c2cc(-c3ccc(C=O)cc3)c3ccccc3n2)cc1,16.94
N#Cc1nc(=NCc2ccc(F)cc2F)c2c([nH]1)N(CCO)CN2,22.72
N#Cc1ccc(-c2cc(-c3ccc4c(c3)OCO4)nn2-c2ccccc2)cc1,16.25
N#Cc1ccc(S(=O)(=O)N2CCCC(O)(C(F)F)C2)c(C#N)c1,31.72
CS(=O)(=O)c1ccc(-c2ncc(-c3ccc(-c4nc(Cl)nc(Cl)n4)cc3)[nH]c2=N)cc1,29.41
N#Cc1ccc(-c2ccc(-c3cccc(C#N)c3)nc2)cc1,15.49
N=C(N)c1ccc(COc2ccc(C(=N)N)cc2)cc1,16.71
N#Cc1ccccc1Cn1cncc1CNc1cccc(-c2ccccc2)c1,24.24
COc1nc(=NC(=O)c2ccc(C#N)cc2)cc[nH]1,20.32
N#Cc1cc(N)nc(-c2ccc(N)nc2)n1,15.38
CCc1ccc2c3c(c4c(c2c1)-c1ccccc1NC4)-c1cnn(C)c1CC3,33.8
NC(N)=NN=Cc1ccc(-[n+]2ccc(-c3cc[n+](-c4nc(Cl)cc(Cl)n4)cc3)cc2)cc1,17.73
Nc1ccc(-c2nc(-c3ccc(N)nc3)nc(-c3ccc(N=Cc4ccc(Cl)cc4)nc3)n2)cn1,12.48
CC(O)CN=c1[nH]c2cc(-c3cc4ccccc4n3C)c(=O)n(-c3ccc(C#N)cc3)c2s1,38.82
CC(=O)c1cccc(NC(=S)NN=C(C)c2ccc(Br)cc2)c1,29.22
N#Cc1ccc(NC(=O)c2cccc(-c3cnn(-c4ccccn4)c3)c2)cc1,21.07
Cn1cc(-c2ccnc(-c3ccc(C#N)cn3)c2)cn1,12.6
Cc1nc(Oc2ccc(CC(C)(C)N)cc2)c2ccccc2n1,28.64
N#Cc1ccc(-c2ccc3c(=O)n(-c4ccc(C(N)=O)cc4)cnc3c2)cc1,14.86
CC(=O)c1c(C)n(-c2ccc(C#N)cc2)n(-c2ccc(C#N)cc2)c1=O,15.36
Cc1cccc(-c2nc3ccccc3s2)c1,21.13
N#Cc1ccc(N=Cc2ccc(-c3nc(-c4ccc(C=O)cc4)nc(-c4ccc(N)nc4)n3)cc2)c(O)c1,17.16
CC(C)c1cc(C#N)cc2nc(-c3ccc(C=O)cc3)oc12,13.76
N=c1cnc(-c2cccc(-c3cccc4c(-c5ccc(N6CCNCC6)nc5)c[nH]c(=N)c34)c2)c[nH]1,26.21
COc1nc(-c2ccco2)cc(-c2ccc(C#N)cc2)c1C#N,16.49
N#Cc1ccc(-c2cc(-c3cccc(C#N)n3)nc(-c3ccc(C#N)cc3)n2)cc1,14.86
NCc1cc[nH]c(=NC(=O)c2ccc(-c3nc4ccc(-c5ccccc5)cc4nc3-c3ccccc3)cc2)c1,31.75
CN1CCc2c(sc3ncn(N=Cc4ccc([N+](=O)[O-])cc4)c(=O)c23)C1,17.51
Cc1cc(C#N)c(C)c2[nH]c(-c3ccc(C#N)cc3)cc12,24.78
Cc1cn2c(-c3ccc(C#N)nc3)cnc2c(=Nc2ccc(C(=O)N3CC(CO)C3)cc2)[nH]1,26.92
N#Cc1ccc(N2CCN(c3nc(-c4ccc(C(=O)c5ccccc5)nc4)nc4ccccc34)CC2)nc1,31.27
N#Cc1ccc(CN=c2nc(-c3ccc(C#N)cc3)[nH]n2C(=O)c2ccc(F)cc2)cc1,24.65
Cc1ccc(-n2c(-c3ccc(C=NN=C(N)N)cc3)nc3ccccc3c2=O)cc1,19.12
N#Cc1ccc(-c2ccc(C#N)cc2C=O)cc1,10.86
CC1(C)OC(=S)Nc2ccc(-c3cccc(-c4ccc(C#N)cc4)n3)cc21,18.93
O=C(Nc1cccc2cccnc12)c1ccccc1C(F)(F)F,23.83
CC(C)c1cc(C=C(C#N)C(=O)Nc2ccc(N=Cc3ccc(-c4ccc(-c5ccc(C#N)cc5)s4)cc3)cc2O)cc(C(C)C)c1O,27.06
Cn1nc(-c2ccc(C#N)cc2)nc1-c1ccc(C#N)cc1,12.08
N#Cc1ccc(-c2cccc(-c3ccc(C#N)cn3)c2)cc1,14.47
CCC1(C)CN(c2ncc(-c3ccc(-c4ccccn4)cn3)cn2)CCO1,33.09
N#Cc1ccc(-c2ccc3c(-c4ccc(C#N)cc4)cc(-c4ccc(C#N)cc4)nc3n2)cc1,12.69
Cc1ccc(-n2c(=S)[nH]c(O)c(C=NNC(=O)c3ccncc3)c2=O)cc1,21.18
N#Cc1ccc(-c2c3c(nc4ccn(N=Cc5ccccc5)c(=O)c24)CCCC3)cc1,25.5
ON=Cc1ccc(-c2nccc(-c3ccccn3)n2)cc1,19.94
O=c1[nH]cccc1-c1nc(N2CCOCC2)nc(N2CCOCC2)n1,18.77
CC1CCN(CCCC#N)CC1,20.16
Cc1ccc(-c2nc3c4ccc(C#N)cc4n(-c4ccc(C#N)cc4)c(=O)n3n2)cc1,18.92
Cc1ccc2c(Oc3cccc(C#N)c3)nc(-c3ccc(OCCCN(C)C)nc3)cc2c1,32.98
CCCCc1nn(-c2ccc(C#N)cc2)c(=O)n1Cc1ccc(-c2ccccc2-c2nn[nH]n2)cc1,12.29
CC(C)c1ccc(NC2CCCN(C(=O)c3cccc(C#N)c3)C2)cc1,21.25
N#Cc1ccc(-c2ccc3c(=N)[nH]cc(-c4ccc(C#N)cc4)c3c2)cc1,19.6
C=CCn1c(=O)c2c(nc(-c3ccc(C)cc3[N+](=O)[O-])n2-c2ccc(C#N)cc2)n(C)c1=O,30.01
CN1CCN(c2cc(-[n+]3ccc(-c4cc[n+](-c5nc(Cl)nc(Cl)n5)cc4)cc3)nc(N3CCOCC3)n2)CC1,18.33
O=C1c2cccc(O)c2C(=O)c2c1cc(O)c1ncccc21,22.63
Cc1ccc(C=O)c(O)c1,13.75
N#Cc1ccc(C(=NCCN2CCN(C=Nc3ccc(Cl)cc3)CC2)N=c2cc[nH]c3cc(Cl)ccc23)cc1,25.57
COC(=O)CNC(=O)c1c(O)c(=O)ccn1CCc1ccc(OC)c(OC)c1,30.05
N#Cc1ccc(-c2ccc(-c3nc4cc(C(N)=O)ccc4[nH]3)cc2)cc1,20.46
CC(NC(=O)C1(C)CCCO1)c1ccc(C#Cc2ccc(C#N)c(F)c2)cc1,25.14
Cc1ccn(-c2nc3c(ncn3Cc3ccccc3)c(=NCCO)[nH]2)n1,25.88
Cc1cc(C)n(-c2ccc(C(=O)N3CCN(c4cccc(C)c4C)CC3)cc2)n1,20.58
Cc1ccc(-c2cc(=N)[nH]nc2-c2ccc(C#N)cc2)cc1,16.35
Cc1cc(=NN=Cc2ccccc2)c(Cl)c(Cl)[nH]1,18.55
N#Cc1ccc(-n2cc(-c3ccc(N)cc3)nc2-[n+]2ccc(-c3ccccc3)cc2)cc1,16.52
N#CC(=O)NC(=O)c1ccc(F)c(-c2ccc(C#N)cc2F)n1,21.0
Cc1[nH]c(=Nc2ccc(C#N)cc2)c(C#N)cc1-c1ccc(C#N)cc1,15.11
N#Cc1ccc(-c2cn(-c3ccc(Br)cc3)c(C=O)n2)cc1,22.59
Cc1cc(C)c2c(=O)nc(-c3ccc(C(F)(F)F)cc3)n(C3CCCC3)c2n1,23.39
Cc1ccc(-c2csc3nc(-c4ccc(N)cc4)nc(-c4ccc(N=Cc5ccc(-c6nc(-c7ccc(C=O)cc7)nc(-c7ccc(C=Nc8cc(O)c(N)cc8O)cc7)n6)cc5)cc4)c23)cc1,18.83
CN1CCN(c2ccc(NC(=O)c3ccc(-c4cccc(C#N)c4)cc3)cn2)CC1,16.76
N#Cc1ccc(-c2cnc(-c3ccccn3)n2-c2ccc(C#N)cc2)cc1,13.91
Cc1ccc(C(C)C)cc1N1CCc2nc(-c3ccc(C#N)cc3)nc(-c3ccc(C#N)cc3)c2C1,15.41
O=C(O)c1ccc(O)cc1-n1cccc1,20.8
N#Cc1ccc(-c2nc(=O)cc(O)[nH]2)c(C#N)c1,24.06
Cc1ccc(-n2[nH]c(=O)c3cc4c(=O)[nH]n(-c5ccc(C#N)cc5)c(=O)c4cc32)cc1,12.23
CC(C)(C)c1[nH]cnc1C=c1[nH]c(=O)c(=Cc2ccc3ccccc3c2)[nH]c1=O,25.15
C=CCN1CCc2c(c(O)n(-c3ccccc3)c2C(=O)c2ccc(O)cc2)C1,36.45
CN1CC(C#N)C(=O)NC1=O,21.5
N#Cc1ccc(-c2n[nH]c(-c3ccc(Cl)cc3)n2)cc1,18.97
Cc1nc2ccc(F)cc2c(=O)n1-c1ccc(-c2nc(-c3ccc(N)cc3)nc(-c3ccc(N)cc3)n2)cc1,16.0
CNC(=O)N1Cc2cc(-c3ccc(C(=O)NCCCl)cc3)cc(-c3ccc(C#N)cc3)c2C1,31.59
O=c1c(-c2ccc(O)c(O)c2)coc2cc(O)cc(O)c12,18.05
Cc1cc(C)c(CNC(=O)c2ccc(-c3nc(C(F)(F)F)cs3)cc2)c(=O)[nH]1,22.9
O=[N+]([O-])c1ccc(N=CN2CCN(C3=NS(=O)(=O)c4ccccc43)CC2)cc1,21.66
N#Cc1ccc(-c2ccc(=NCC(O)c3cc(F)ccc3F)[nH]n2)cc1,27.47
Cc1cc(C)c(-n2ccc(C=NO)cc2=O)c(C)c1,23.62
N#Cc1ccc(-c2ccc3nc(-c4ccccn4)[nH]c3c2)cc1,16.22
Cc1c2c(c(C)c3c1COC3=O)OC(C(C)C)C2,20.94
COc1ccc(-c2csc(=NN=Cc3ccccn3)[nH]2)cc1[N+](=O)[O-],25.88
N#Cc1ccc(-c2ccc3cnccc3c2)nc1,14.61
COc1cc2c(cc1OC)C1c3c([nH]c4ccccc34)C(C#N)=C(C)N1CC2,22.62
N#Cc1ccc(-c2cc(-c3ccc(C#N)cc3)c3cc(C#N)ccc3n2)cc1,11.95
COc1ccc(-n2c(=O)[nH]c3cc(-c4ccc([N+](=O)[O-])cc4)[nH]c(=O)c3c2=O)cc1,21.82
N=C(N)c1ccc(S(=O)(=O)Nc2ccc(-c3nc(-c4ccc(N)cc4)nc(-c4ccc(N)nc4)n3)cc2)cc1,25.92
Cn1c(C2CN(c3nc(-c4nc(=O)o[nH]4)nc4scc(-c5ccc(C#N)cc5)c34)C2)nc2ccccc21,24.69
Fc1ccc(-c2cc(-c3ccccc3)cc(-c3ccc(-c4nc(Cl)nc(Cl)n4)cc3)n2)cc1,14.89
N#Cc1cc(=Nc2ccc(F)cc2)nc(-c2ccc(N)c(C#N)n2)[nH]1,18.45
Cc1ccc(-c2ccc(C#N)cc2)n1-c1ccc(C(N)=O)cc1,15.8
N#Cc1ccc2[nH]c(-c3ccc(F)c(F)c3)cc(=O)c2c1,23.36
N#Cc1ccc(-c2cc3c(cc(-c4ccc(Cl)cc4)n3-c3ccc(Cl)cc3)n2-c2ccc(C#N)cc2)cc1,11.5
N=c1nc[nH]n2c(-c3cccc(C=O)n3)cc(-c3ccc(N)nc3)c12,21.28
N#Cc1ccc(-c2cc(C(F)(F)F)nc3cc(C#N)ccc23)cc1,15.29
Cc1cc(-n2c(C)nnc2-c2ccc(C#N)cc2)no1,13.3
N#Cc1ccc(CC(=O)O)cc1,14.97
Cc1ccc(-c2cc(-c3ccccc3)cc(-c3nc(-c4ccc(C)cc4)nc(-c4ccc(N)nc4)n3)c2)cc1,16.74
COc1cc2[nH]c(N3CCN(C(=O)CN4CCN(Cc5ccc(C#N)cc5)CC4)CC3)nc(=N)c2cc1OC,25.27
CCCC=c1[nH][nH]c(=Cc2ccccc2C=O)c1=O,24.31
N#Cc1ccc(C#Cc2cccc(C#N)c2)cc1,9.66
Cc1nc(-c2cccc3ccccc23)c2sccc2n1,27.15
N#Cc1ccc(-c2c(C#N)cnn2-c2ccc(C#N)cc2)cc1,9.45
N#Cc1ccc(NC2(C#N)CCCCC2)cc1C#N,19.76
CCC1(O)C(=O)OCc2c1cc1n(c2=O)Cc2c-1nc1cc(C=O)ccc1c2-c1ccc(C#N)cc1,22.86
N#Cc1ccc(-c2ccc3nc(-c4ccc(O)cc4)c(-c4ccccc4)nc3c2)cc1,18.76
CC(C)N=C(c1ccc(-c2ccc(C#N)cn2)cn1)N(C)C#N,36.49
Cc1noc2cc(C#N)ccc12,19.22
CC(C)Oc1ccc(-c2nc(-c3ccc(C#N)cc3)c[nH]2)cc1C#N,17.33
N#Cc1ccc(-c2nc(-c3ccc(N)nc3)nc(-c3ccc(N=Cc4c(O)[nH]c(=S)[nH]c4=O)nc3)n2)cc1,23.27
Cc1ccc(-n2ncc(C(=O)N3CCN(Cc4ccccc4)CC3)c2-n2cccc2)cc1,18.72
N#CCn1cc(C#N)c2cc(OCc3ccc(C#N)cc3)ccc21,19.94
N#Cc1ccc(C(C(=O)NCc2ccc(F)cc2)n2c(=O)c3ccccc3c(=O)n2-c2ccccc2)cc1,35.79
N#Cc1ccc(N2C(=O)c3cccc4cc5ccccc5c(c34)C2=O)cc1,16.62
N#CSC#N,11.75
Nc1ccc(-c2nc(-c3cccnc3)nc(-c3cccc(N=Cc4cc(C=O)ccc4O)c3)n2)cc1,17.3
CC(C)Oc1ccc(-c2nc(-c3ccc(C=O)cc3)nc(-c3ccc(C=Nc4cc(O)c(N)cc4O)cc3)n2)cc1C#N,17.74
N#Cc1cccc(-c2nc(C#N)cs2)c1,17.68
CCCC(=NC(=O)c1ccc(C#N)cc1)c1ccccc1,21.61
Cc1ccc(-n2c(=NN=Cc3ccccc3)[nH]c3ccccc3c2=O)cc1,17.79
N#Cc1ccc(-c2cccc(OCCn3ccc(=O)[nH]c3=O)c2)cc1,19.57
N#Cc1ccc(-c2nnc(-c3ccc(C=O)cc3)nc2-c2ccc(C#N)cc2)cc1,14.17
O=c1nc(C=Cc2ccccc2)[nH]c2cc(Cl)ccc12,18.97
N#Cc1ccc(C(=O)Nc2sc3c(c2C#N)CCCC3)cc1,15.46
Cc1ccc(CCC(=O)Nc2cc(=O)[nH]c(=O)[nH]2)cc1,28.4
O=Cc1ccc(-c2nc(-c3cccnc3)nc(-c3ccc(N=Cc4cc(C=O)c(O)c(C=O)c4O)nc3)n2)cc1,11.98
Cc1ccc(N=Cc2ccc(-c3nc(-c4ccc(C=O)cc4)nc(-c4ccc(N=Cc5cc(C=O)c(O)c(C=O)c5O)nc4)n3)cc2)cc1C,15.57
CCN=Cc1c(O)c2ccccc2n(CCCn2ccnc2)c1=O,29.08
N#Cc1ccc(-c2ccc(-c3ccccc3)cc2)cc1,13.84
Cn1c(=O)n(Cc2ccccc2)c(=O)c2[nH]c(N=CN3CCN(C=O)CC3)nc21,19.26
C=c1[nH]c2ccc(C)cc2c1=Cc1ccc(OCCC)c(OC)c1,25.41
N#Cc1cc2nc(C(C#N)c3ccccn3)[nH]c2cc1C#N,28.32
COc1cc(N=Cc2ccc(-c3n[nH]c(-c4ccc(C#N)cc4)n3)cc2)cc(-c2nc(C=Cc3ccc(C#N)cc3)no2)c1,26.36
C[n+]1c(-c2ccc(C=NN=C(N)N)cc2)cn2ccccc21,14.27
N#Cc1ccc(-c2cc(-c3ccc(C=O)cc3)nc3cc(C#N)ccc23)cc1,17.49
Cn1[nH]c(=NC(=O)c2cc(-c3ccc(N)nc3)ccn2)cc1-c1nc(CO)no1,32.97
N#Cc1ccc(-c2ccc(-n3c(O)cc(-c4ccc(C#N)cc4)c3O)cc2)cc1,15.41
CNC(=O)Nc1ccc(-c2nc(N3CCC(C#N)(C4CCOCC4)CC3)cc(C(F)(F)F)n2)cc1,32.27
COc1c(F)c(C#N)c(F)c(F)c1C#N,12.75
CC(=O)N1N=C(c2ccc(C#N)cc2)CC1c1ccc(C)cc1,15.81
CC(=O)OC=Cc1ccc(C=O)c(O)c1,22.94
CN(C)C=CC(=O)c1ccc(Cl)s1,22.74
Cc1cc(=O)[nH]c(=O)n1Cc1cccc(C#N)c1,17.57
NS(=O)(=O)c1ccc(CCNC(=O)c2ccc(N=C3NC4CS(=O)(=O)CC4S3)cc2)cc1,24.85
N#Cc1ccc(C=Nc2ccc(-c3nc4cccnc4[nH]3)cn2)cc1,25.92
Cc1cccc(C)c1N=CN(C)C,16.01
N#Cc1cncc(-c2ccc3[nH]cc(-c4cnc(N5CCNCC5)nc4)c3c2)n1,22.54
NC(N)=NN=Cc1ccc(C=Cc2ccc(-c3cc(-c4ccccc4)on3)cc2)nc1,19.26
c1ccc(-c2noc(CN3CCN(c4ncccn4)CC3)n2)cc1,17.63
Cc1cc(-n2c(=O)ccc3ccc(-c4ccc(C#N)cc4)cc32)ccc1C(C)C,15.39
N#Cc1ccc(-n2c(=O)ccc3cc(C#N)ccc32)cc1,16.34
CN1CCN(C(=O)c2cc3c(OCCCS(C)(=O)=O)ccc(-c4ccc(N(C)C)nc4)c3[nH]2)CC1,47.18
N#Cc1ccc(-n2[nH]cc(-c3cc[nH]c(=N)n3)c2=N)cc1,17.54
N#Cc1ccc2nc(C(=O)c3ccc(Cl)cc3)cc(C#N)c2c1,15.18
CC=c1c(=CC#N)c(C#N)c(O)n1C,15.65
O=C1c2cccc3cccc(c23)C(=O)N1c1cc(Cl)cc(Cl)c1,16.63
COc1ccc2nc3c(C=O)cccc3c(C=O)c2c1,21.12
N#Cc1ccc(C[S+]([O-])c2ccc(-c3ccc(C#N)cn3)cc2)cc1,19.6
O=Cc1ccc2oc(=O)ccc2c1O,20.65
N#Cc1cc(C#N)c2[nH]c(=O)c3ccccc3c2c1,20.08
Cn1c(=O)n(-c2cccc3ccccc23)c(=O)c2c1c1ccccc1n2C,26.13
O=Cc1cc(C(=O)NCCc2c[nH]c3ccccc23)nc2ccccc12,26.41
CCc1nc(-c2ccc(N=C(C)CC#N)cc2)no1,26.02
N#Cc1ccc(-c2cc(C#N)cc3c[nH]c(=N)nc23)nc1,20.59
Cc1cc(-c2ccc(N)nc2)nc2nc(-c3ccc(C#N)cc3)ccc12,19.15
COc1ccc(CCn2c(=O)c(C#N)c(-c3cccc([N+](=O)[O-])c3)c3cc4ccccc4nc32)cc1OC,36.3
N#Cc1cccc(-n2nc(C#N)c3c2C(=O)N(c2ccc(-c4cccc(CN)c4)cc2)CC3)c1,25.92
N#Cc1ccc(C=CC(=O)N=c2ccc(-c3ccccc3)n[nH]2)cc1,22.72
CCn1cc(-c2cn(C)c3cc(N)ccc3c2=O)c2cc(O)ccc21,33.42
O=Cc1cc(C=NN=c2[nH]cc(C(F)(F)F)cc2Cl)c(O)c(C=O)c1O,22.22
CCOc1ccc(C#Cc2ccc(C(C)NC(C)=O)cc2)cc1,17.68
CN1CCc2c(n(-c3ccc(C#N)cc3)c3ccccc23)C1,17.6
CN(C)Cc1nccc(-c2ccc3[nH]c(-c4ccccc4)c(C#N)c(=O)c3c2)n1,23.4
CC(C#N)Oc1ccn(C2CCCN(c3nc(-c4ccc(C#N)cc4)nc(-c4ccc(C#N)cc4)n3)C2)c(=O)c1,30.26
CC1(C)CC(=O)c2c(nc(-c3ccc(C#N)cc3)nc2-c2ccc(C#N)cc2)O1,11.32
N#Cc1ccc(-c2ccc3nc(-c4ccc(C#N)cc4)n(CC(=O)c4ccc5ccccc5c4)c3c2)cc1,28.05
COC1CCN(c2ncc(-c3ccc(C#N)cc3)c3cc(-c4ccc(C#N)cc4)ccc23)C1,21.48
CC(=O)c1ccc(F)cc1Oc1ccc(C#N)cc1,20.74
O=C(C=Cc1cccc(O)c1O)c1ccc(O)cc1,20.09
COC(=O)CN(C(=O)c1cc(C#N)ns1)c1ccc(C#N)cc1,36.89
N=C(N)NN=Cc1ccc(-c2csc(-c3ccc(C=Nc4ccc(-c5nc(-c6ccc(N)cc6)nc(-c6ccc(N)cc6)n5)cc4)cc3)n2)cc1,22.01
Cc1nc(C)n(-c2nn(CC3CCCN3)c(=O)cc2-c2ccc(C#N)cc2)n1,36.28
CCOc1ccc(-c2nc(-c3ccc(C=C4C(=O)NC(=S)NC4=O)cc3)nc(-c3ccco3)n2)cc1,23.98
N#Cc1ccc(-c2c(C#N)c(N)c(C#N)c(O)c2C#N)cc1,15.82
N#Cc1ccc(C=CC=Cc2cccc(C=Nc3ccc(-c4nc(-c5ccc(N)cc5)nc(-c5ccc(N)nc5)n4)cc3)c2)cc1,18.93
C=CC(=O)N1CCN(c2nc(=N)c3cc(OC)c(OCCCN4CCC(C)CC4)cc3[nH]2)CC1,27.1
Cc1noc(-c2ccc(-n3c(O)c(O)c(C(=O)c4ccc(C#N)cc4)c3-c3ccccc3O)cc2)n1,18.7
N#Cc1cccc(-c2cc(C=CC(=O)c3ccc(C(=O)O)cc3)cc(C(=O)O)c2)c1,26.94
N#Cc1ccc(-c2cn3c(nc4ccccc43)s2)cc1,18.95
N#Cc1ccc2c(n1)c(C#N)cn2CCNC(=O)Nc1ccc2c(c1)OCO2,32.65
N#Cc1ccc(OCCCc2cc3ccccc3cc2O)cc1,25.82
CC1CN(c2nc(-c3ccc(N)nc3)nc(-c3nc(C#N)c[nH]3)n2)CCN1,19.57
N#Cc1ccc(-c2cc(C#N)nc3c(C#N)cccc23)cc1,10.3
O=C(O)c1ccc(-c2ccoc2)cc1,20.63
CCCCC(NC(=O)C(C)NC(=O)OCc1ccccc1)C(=O)c1nc(C(=O)NC(COC(=O)C(C)CC)CC(C)C)co1,44.91
CN1CCCN(Cc2ccc(-c3ccnc(-c4ccc(C=Nc5cc(O)c(N)cc5O)cc4)n3)nc2)CC1,29.99
N#Cc1cccc(CC2CCc3cc(O)ccc3C2=O)c1,23.37
CC(C=CCc1ccc(NC(=O)C2=NCCN2)cc1)=CC(=O)O,34.09
N#Cc1ccc(-c2ccc(-c3cccc(C#N)n3)cc2F)c(C#N)c1,16.65
Cc1cc(C=NNC(=O)c2cccs2)c(C)n1-c1ccc(C#N)cc1,20.23
O=C(O)CSc1n[nH]c(-c2ccc3ccccc3c2)n1,26.22
Cc1ccc(-c2csc(N=CN(C)C)c2C(N)=O)cc1,21.1
N#Cc1ccc(-c2cc(C(=O)O)cc(-c3ccc(F)cn3)c2)nc1,24.84
COc1ccc(-c2ccc3[nH]c(-c4nccn4C)nc3c2)c(C#N)c1,25.79
Cc1ccc(NS(=O)(=O)c2cc(C(=O)Nc3ccccc3)c(Cl)cc2Cl)cc1,25.29
Cc1ccc(-c2cc(-c3ccccc3)c(C#N)c(=O)n2NS(=O)(=O)c2ccc(C)cc2)cc1,17.63
Cc1cc(-c2ccc(C#N)c(C#N)c2)cc(-c2cccc(C#N)n2)c1,24.09
O=c1[nH]c2ccccc2cc1CCO,20.92
CC(NC(=O)N=c1cc2[nH]nc(-c3ccc(Cl)cc3)c2c[nH]1)c1ccc(Cl)cc1,26.31
COC(=N)c1cc(C=O)cc(C=Nc2ccc(-c3nc(-c4ccc(N)nc4)nc(-c4ccc(N)nc4)n3)cn2)c1O,17.05
O=C(Nc1ccc(Cl)c(C(F)(F)F)c1)c1ccc2c(-c3cnc(N4CCC(CO)CC4)nc3)[nH]nc2c1,37.85
N#Cc1ccc(-c2cc(-c3ccc(C#N)cc3)nc(-c3ccc(N)nc3)n2)cc1,11.31
CCC(CC)=NC(=O)C(CCCN=C(N)N)NC(=O)C(Cc1ccccc1)NC(=O)OC,36.87
CS(=O)(=O)c1ccccc1,17.97
Cc1ncccc1N=c1nc(-n2ccnc2)nc(-c2ccccc2)[nH]1,30.26
Cc1ccc(-c2cc(-c3ccccc3)cc(-c3ccc(-c4nc(Cl)nc(Cl)n4)cc3)c2)cc1,10.12
Cc1nc(N2CCN(CCO)CC2)nc2c1cc(-c1ccc(C#N)cc1)n2-c1ccc(C#N)cc1,20.69
CN(C)c1ccc(-c2nnn(-c3ccc4c(c3)CCC(C)(C)O4)n2)cn1,19.82
N#Cc1ccc(-c2ccc(C(=O)N=c3[nH]c(-c4ccc(C#N)cc4)cs3)cc2)cc1,17.41
N#Cc1ccc(-c2cnn3c(-c4ccc(C#N)cc4)ccnc23)cc1,13.02
N#Cc1ccc(-c2ncc(C3CCOCC3)cn2)nc1,24.17
Cc1c(C(=O)O)cc(-c2ccc(-c3nc(-c4ccccc4)nc(-c4ccc(C=O)cc4)n3)s2)n1C,29.54
Cc1cc(N)c(C(=O)NN=Cc2cc(CCN)ccc2C=NNC(N)=O)cc1N,41.21
Cc1cc(C=O)c(C)n1-c1ccc(C#N)cc1,11.28
N=C(N)c1ccc(NN=Cc2ccc(-c3ccc(C=Nc4cccc(O)c4)cc3)nc2)cc1,39.03
N#Cc1ccc(-c2cc3nc(-c4ccc5c(c4)OCO5)ccn3n2)cc1,23.56
C=C(CCC)c1cccc(C#N)c1,23.5
CCN1CCCC(c2ccc(C=O)cc2)C1,19.79
N#Cc1ccc(-c2nc(-c3ccc(N4CCCCCC4)nc3)cc(C(F)(F)F)n2)nc1,23.53
CN1CCN(c2ccc([N+](=O)[O-])cc2)CC1,17.62
N#Cc1ccc(C(=O)Nc2cc(Br)c(O)c(Br)c2)cc1,19.69
Nc1ccc(-c2nc(-c3ccc(N)nc3)nc(-c3ccc(N=Cc4cccc(C=O)c4)nc3)n2)cn1,13.96
CCN(C)Cc1cc(C=C2COc3ccc(O)cc3C2=O)cc(C=O)c1O,28.6
N#Cc1ccc(C#CC(N)c2ccc(C#N)cc2-c2ccc(C#N)c(F)c2)cc1,21.76
COc1ccc(NC(=O)C(C#N)=Cc2ccc(-c3cccc([N+](=O)[O-])c3)o2)cc1,26.3
N#Cc1ccc2cc(C(=O)N=c3[nH]c4ccccc4s3)oc2c1,25.48
N#Cc1ccc(-c2ccc3c(-c4ccccc4)cn(-c4ccc(C(=O)O)cc4)c3c2)cc1,18.13
Nc1ccc(CCC(=O)N=CC(=O)N2CCN(c3ncnc4[nH]c(-c5ccc(-n6ccnc6)cc5)cc34)CC2)cc1,31.01
Cn1c(CCSCCc2n[nH]c(=NC(=O)Cc3cccc(-c4ccccc4)c3)s2)n[nH]c1=NC(=O)CCc1ccccc1,29.29
Cc1oc2c(cc(C)c3c(C=O)c(O)c(C=O)c(O)c32)c1C=O,27.6
N#Cc1ccc(-c2nc(-c3ccc(C=O)cc3)nc(=O)[nH]2)cc1,19.39
C=c1c(C#N)c(O)n(-c2ccc(OCc3ccccc3Cl)cc2)c1=C,23.09
c1ccc(CCN=c2c3c([nH]c4ccccc24)CCCC3)cc1,18.39
CCOC(=O)c1ccc(-c2ccc(C=C(C#N)C#N)o2)cc1,17.66
N#Cc1ccc(-c2ccc(C=O)s2)cc1,9.34
N#Cc1ccc(-n2c(O)c3c(c2O)C2C=CC3C2)cc1,12.9
C=C[n+]1ccc(-c2cc[n+](Cc3cccc(C[n+]4ccc5ccccc5c4)c3)cc2)cc1,24.09
NC(=O)c1ccnc(-n2ccnc2)c1,20.54
CCC(C)(C)[S+]([O-])C(C)C,29.65
N#Cc1ccc(-c2nc(-c3ccc(F)cc3)c(-c3ccc(N)cc3)[nH]2)cc1,15.08
Cn1c(=O)c2c(nc(C=Cc3ccc(F)cc3Cl)n2C)n(C)c1=O,20.85
CCc1ccc(-c2ccncn2)c(-c2ccc(C)nc2)n1,26.5
CC1Cc2c(-c3cccc(C#N)c3)ccc(O)c2OC1c1ccc(O)cc1,24.86
N#Cc1cccc(-c2n[nH]c3c(C#N)cc(-c4cnc(N5CCOCC5)nc4)cc23)c1,24.96
N#Cc1ccc(-c2ccc3c(c2)c2cccc4c(=O)[nH]c(=O)n3c42)cc1,18.33
CCC(=O)N=Cc1ccc(-c2cc(-c3ccc(N)cc3)nc(-c3ccc(C=Nc4cc(O)c(N)cc4C#N)cc3)n2)cc1,24.69
Cc1cc(=O)n(C)c(C2CCN(Cc3ccc(C#N)cc3C#N)CC2)n1,23.09
N#Cc1ccc(-c2ccc(=O)n(-c3ccc(-c4nc(-c5ccc(N)cc5)nc5ccccc45)cc3)n2)cc1,20.82
N#Cc1ccc(Nc2nc3cc(-c4nc(=O)o[nH]4)ccc3nc2-c2ccc(-c3ccc(C#N)cc3)cc2)cc1,19.93
CCOC(=O)CCCOc1cc(CCn2nnc(-c3ccc(-c4ccccc4)cc3)n2)ccc1-c1ccccc1,40.67
N#Cc1cccc(N=Cc2ccc(-c3cc(-c4cccc(C#N)c4)nc(-c4ccc(N=Cc5cc(C=O)c(O)c(C=O)c5O)nc4)n3)cc2)c1,17.8
N#Cc1ccc(-n2[nH]c(=O)c3cc4c(=O)[nH]n(-c5cccc(C#N)n5)c(=O)c4cc3c2=O)cc1,14.09
N#Cc1ccc(-c2nnc(N=c3ccc(C#N)c[nH]3)s2)cc1,20.76
O=Cc1ccc(-c2nc(N3CCOCC3)nc(-n3cnc(CN4CCCCC4)c3)n2)cc1,32.34
N#Cc1cc(F)c(C#N)c(C#N)c1,16.48
C=CCc1cn(-c2ccc(C#N)cc2)c2nc3ccccc3n2c1=O,25.56
Nc1ccc(-c2nc(-c3ccc(N=Cc4c(O)c(C=O)c(O)c(C=O)c4O)nc3)nc(-c3ccccn3)n2)cn1,10.81
CC1(C)C(=O)Nc2cc(-c3ccc(C#N)cc3)ccc21,10.95
N#Cc1ccc(OCc2nc(=O)c3cnn(-c4ccc(F)cc4)c3[nH]2)cc1,22.28
Cc1cc(CN2C(=O)c3cc4c(=O)n(N)c5cc(-c6ccc(C#N)cc6)c(=O)n(-c6ccc(C#N)cc6)c5c4cc3C2=O)nc(-c2ccccc2)n1,31.67
Nc1cc(O)c(N=Cc2ccc(-c3nc(-c4ccc(C=O)cc4)nc(-c4cccc(-c5cccs5)c4)n3)cc2)cc1O,17.74
Cc1ccc(-c2nc(-c3ccc(N)cc3)nc(-c3ccc(N=Cc4ccnc5ccccc45)cc3)n2)cc1,21.37
N#Cc1ccc(N=CNc2ccc(C#N)[nH]2)cc1,28.37
Nc1ccc(-c2nc3cc(Cl)ccc3[nH]2)cc1,19.17
Cc1ccc2nc(-n3c(-c4ccc(C#N)cc4)c(-c4ccc(C#N)cc4)c4c(F)cc(-c5cncc(C)n5)cc43)sc2c1,17.71
Cc1ccc2c(SSc3cnc(N=Nc4ccc(-c5nc(-c6ccccc6)nc(-c6ccc(N)nc6)n5)cc4)c4ccccc34)c(O)[nH]c2c1,30.89
COc1cc(CO)c(C)c(-c2nc(-c3ccc(C(=N)N)cc3)c3ccccc3n2)c1C#N,29.79
O=c1[nH]cnc2nc(-c3ccc(C(F)(F)F)cc3)cnc12,26.9
C=C(CNc1cc(N)cc(C(F)(F)F)c1)NC,37.31
Cc1cnc(-c2ccc(C#N)cc2)n1-c1ccc(C#N)cc1,13.54
N#Cc1ccc(-c2ccn3c(N)c(C(C#N)c4cccc(C#N)c4)nc3c2)cc1,20.11
CC(=O)N=C(c1ccnc(-c2ccc(CC(C#N)NC(=O)C3NC4CCC3C4)cc2)n1)C(C)C,31.27
N#Cc1ccc(-c2ccc3oc(-c4ccc(C(O)=NO)cc4)nc3c2)cc1,16.08
N#Cc1ccc(-c2ccc(-c3ccccc3F)nn2)cc1,23.29
CS(=O)(=O)Nc1cc(C(O)CNS(=O)(=O)c2cccc(C#N)c2)ccc1O,28.31
COc1ccc(-c2c(-c3ccc(C#N)cc3)c(=O)oc3c4cc(OC)c(OC)cc4c4ccc(C#N)cc4c23)cc1C#N,42.31
N#Cc1ccc(-c2ccc3n[nH]c(-c4nc5c(cc(C(N)=O)c6ccccc65)[nH]4)c3n2)cc1,33.44
Cc1cc(-c2nc(-c3ccc(N)cc3)nc(-c3ccc(N)nc3)n2)ccc1N=Nc1ccccc1,25.8
CN1CCc2cc(-c3cc[nH]c(=N)c3)ccc2C1=O,23.67
CC1OC(=O)c2ccc(-c3ccc(F)cc3)c3cc(-c4cnc(=N)[nH]c4)cc1c23,26.28
N#Cc1ccc(C(=O)Nc2ccc(N3CCNCC3)nc2)cc1-c1cccc2ncccc12,23.96
CC(C)(O)Cc1c(O)c(C=O)c(O)c(C=O)c1C=O,24.93
Cc1ccc2[nH]c(-c3nc(-c4ccc(C#N)cc4)n(C)c3-c3ccc(C#N)cc3)nc2c1,16.26
COc1cccc(CC=N)c1O,25.45
N#Cc1ccc2c(c1)c(=O)c1ccc(-c3ccncc3)cc1n2O,24.79
N#Cc1ccc(-c2cc3cc(C#N)ccc3c(C#N)c2C#N)cc1,19.76
Cc1nc(-c2ccccc2)oc1-c1ccc(-c2nc(-c3ccc(C#N)cc3)nc(-c3ccc(N)nc3)n2)cc1,24.49
N#Cc1ccc(-c2ccc(-c3ccc(N4C(=O)c5ccc6c7c(ccc(c57)C4=O)C(=O)OC6=O)cc3)cc2)cc1,13.32
N#Cc1ccc(-c2cc3c(cc(-c4ccc(C#N)c(Cl)c4)n3-c3ccc(C#N)cc3)n2-c2ccc(C#N)cc2)cc1,11.45
CC(=O)Oc1cccc(C=O)c1,18.49
N#Cc1ccc(-c2nc3cccnc3n2Cc2ccccn2)cc1,21.12
Cc1c(C(C)C)cccc1-n1nc(-c2ccc(C#N)cc2)c2c(=N)nc[nH]c21,27.2
N#Cc1ccc(-c2ccc(-c3n[nH]c4c3Cc3cc(CN5CCN(C(N)=O)CC5)ccc3-4)cc2)cc1,28.93
N#Cc1ccc(C#CC#Cc2cccnc2)cc1,15.53
N#Cc1cccc(C(=O)N2CCC(C#N)C2)c1,19.7
N#Cc1ccc(Cn2c(=Nc3ccc(F)c(C#N)c3)[nH]c3cc(C(=O)O)ccc32)cc1,24.57
Cc1c(-c2ccc(C#N)cc2)cc(-c2ccc(C#N)cc2)n1Cc1cccc(C#N)c1,18.31
N#Cc1ccc(-c2nnc(-c3ccc(-c4ccc(C#N)cc4)c(O)c3)o2)cc1,21.09
N#Cc1ccc(-n2c(=O)c(C3=c4cc(Cl)ccc4=NC3=O)c(O)n2-c2ccc(Cl)cc2)cc1,18.63
COc1ccc(C(=O)Nc2ccc(-c3nc4cc(C#N)ccc4o3)cc2)cc1-c1cc(C)cc(C)c1,21.68
Cc1cc(OCCCOc2ccc(-c3ccc(C#N)cc3)cc2C#N)ccc1C=Cc1ccc(C#N)cc1,27.32
CCN=c1nc(N=CN2CCN(C)CC2)[nH]c(N=c2cc(C)[nH][nH]2)n1,25.12
CC(C)(C)OC(=O)n1c2ccc(C#N)cc2c2ccc(C#N)cc21,18.19
O=c1cccc(-c2ccc(Cl)cc2)n1-c1ccccn1,23.35
N#Cc1ccc(-c2cc(C=Cc3cccc(NCCO)c3)cc(-c3ccccc3)c2)cc1,30.83
Nc1cc(O)c(N=Cc2ccc(-c3nc(-c4ccc(C=O)cc4)nc(-c4ccc(O)cc4O)n3)cc2)cc1O,15.53
N#CC(=C1CC2CCC(C1)N2Cc1ccc(C#N)cc1)c1ccc(C#N)cc1,19.66
N#Cc1ccc(-c2cc3c(C(=O)O)c[nH]c3cc2Cl)cc1,15.78
ON=Cc1ccncc1-n1cccc1,27.0
N#Cc1ccc(-c2cc(-c3ccc(N=Cc4c(O)c(C=O)c(O)c(C=O)c4O)cc3)nc(-c3c[nH]c(=N)s3)c2)cc1,15.27
CN1CCN(c2ccc(N=c3nc4nnc(-c5ccc(N)cc5)cc4c[nH]3)cc2)CC1,23.63
N#Cc1ccc(Cn2c(=O)n(Cc3ccc(-c4ccccc4-c4nc(=O)o[nH]4)cc3)c3ccc(C#N)cc32)cc1,19.63
COc1ccc(C)c2sc(=NC(=O)c3ccc(C#N)cc3)[nH]c12,17.52
c1ccc2c(c1)ccc1ncccc12,19.03
C#Cc1ccc(C#N)cn1,11.3
C=CC(=O)Nc1ccc(-c2nc(-c3ccc(N)nc3)nc(-c3ccc(N=Cc4cc(C=O)c(O)c(C=O)c4O)nc3)n2)cn1,15.68
Cc1ccc2nc(-n3c(-c4ccc(C#N)cc4)cc4c3CC(C)(C)CC4=O)sc2c1,13.4
N#Cc1ccc(-c2ccc3nnc(-c4ccc(C#N)cc4)n3c2)cc1,10.81
CC(=O)c1c2ccccc2c(C#N)c2cc(O)ccc12,14.92
CC(C)=CCN1Cc2cccc3[nH]c(=O)n(c23)CC1C,16.76
N#Cc1cccc2ccc(C=Cc3ccc(C=Cc4ccc(N)cc4)cc3)nc12,23.16
CSc1ccc(-c2cc(-c3ccc(C#N)cc3)cc(-c3ccc(C=O)cc3)n2)cc1,13.93
CNCc1cncc(-c2cc(C)cc(N=c3nc(C4CC4)cc[nH]3)c2)c1,21.32
N#Cc1ccc(-c2nc(-c3ccc(-n4c(-c5ccc(F)cc5)cc(-c5ccccc5)c4-c4ccccc4)cc3)nn2-c2ccc(C(N)=O)cc2)cc1,30.4
CC(=Nc1ccc(C#N)cc1)c1c(O)[nH]c(=O)n(-c2ccc(C)cc2)c1=O,17.6
Cn1nc(-c2cccc(C#N)c2)c2cc(C3CC3)c(N3CCC(N4CCC(=O)CC4)CC3)cc21,40.06
N#Cc1ccc(-c2cc3c4c(cccc4c2)C(=O)N(c2ccc(C#N)cn2)C3=O)cc1,14.45
N#Cc1ccc(-c2ccc3cc(C#N)cc(C(=O)c4cc5cc(C#N)ccc5s4)c3n2)cc1,28.28
Nc1ccc(-c2nc(-c3ccc(C=O)cc3)nc(-c3cc[n+](-c4nc(Cl)nc(Cl)n4)cc3)n2)cn1,12.27
Cc1cccc(C#Cc2ccc(-c3ccccc3-c3nnn(C)n3)cc2)n1,19.24
N#Cc1ccc(-n2cc(C#N)c3ccc(-c4ccncc4)cc32)cc1,15.17
Cn1cncc1Cc1ccc(N=c2nc[nH]c3cc(C#CC4CC(OC(=O)N5CCOCC5)CN4)sc23)cc1,25.88
Cc1cc(-c2ccc(C#N)nc2)cc(-c2ccc(C#N)cn2)n1,15.96
Cc1nc(-c2ccc(N)cc2)c(-c2ccc(N)nc2)nc1-c1ccc(N=Cc2c(O)c(C=O)c(O)c(C=O)c2O)cc1,13.99
CC(=O)NC(C)c1ccc(C#Cc2ccc(C#N)nc2)cc1,15.23
Cc1nn(-c2ccc(C#N)cc2)c(=O)n2cc(-c3ccc(C#N)cc3)c(C#N)c12,13.98
COCC=Cc1ccc(-c2nnc(-c3ccc(C#N)cc3)n2-c2ccc(C(=O)O)cc2)cc1,19.02
OC(CNCCc1ccc(-c2cccc(-c3nc(-c4ccccc4F)n[nH]3)c2)cc1)c1cccnc1,36.11
N#CC=Cc1cccc(-c2nc(-c3ccc(C#N)cc3)nc(-c3ccc(N)nc3)n2)c1,19.02
COc1ncc(-c2cc(C)[nH]c(=NC(=O)CC(C)C)c2)cn1,30.95
CC(=O)NCCCCn1c(=O)c2cccc3c(-c4ccccc4)cn(c1=O)c32,32.41
Cc1ccc(N=c2scc(-c3nc(-c4ccc(N)cc4)nc(-c4ccccc4F)n3)s2)cc1,28.17
Cc1ccc(-c2nc(-c3ccc(N)cc3)nc(-c3ccc(N4C(=O)c5cccc6nccc(c56)C4=O)cc3)n2)cc1,16.3
Cc1ncnc(-c2cnc(N3CCC4(CC3)CC(CO)N(C)C4)c(-c3ccccc3C)c2)n1,39.32
CN1C(=O)C(=C(C#N)C#N)c2cc(-c3ccc(C#N)cc3C#N)ccc21,26.25
N#Cc1cc(-c2nc(-c3nc(=O)o[nH]3)cc3c2cnn3CC2CCC(C#N)CC2)ccn1,21.42
O=Cc1ccc(OCC(=O)O)cc1,16.01
Cc1cccn2c(-c3ccccc3)c(-c3ccc(C#N)cc3)nc12,14.65
CS(=O)(=O)c1ccccc1-c1ccc(=NC(=O)c2ccc(-c3ccc(C#N)cn3)cc2)[nH]c1,23.22
C=Cc1ccc(-c2cc(-c3cc[n+](-c4nc(Cl)nc(Cl)n4)cc3)ccn2)cc1,17.42
N#Cc1ccc(-c2ccc(C(N)=O)cc2F)cc1,13.47
CC1CCCc2c1cc(C#N)c1cc(C(C)(C)C)nn21,27.4
Cc1ccc(-c2cc(-[n+]3ccc(-c4ccccc4)cc3)nc(=N)[nH]2)cc1,13.27
CC1CC2CCN1CC21CC[N+](c2cccc(O)c2)=NC1,37.53
CC(C)(C)n1c(-c2ccc(C#N)cn2)nc2cc(C#N)cc(-c3ccc(C#N)cc3)c21,15.05
Cc1cc(C#N)cc2nc(-c3cccc4c3[nH]c3ccccc34)[nH]c12,21.13
Cc1cc(C)n(-c2ccc(C#N)cc2)c(=O)c1C#N,13.01
Cn1cc(-c2ccc(C(c3ccccc3)n3ccnc3)cc2)c2cc[nH]c2c1=O,27.75
Cc1cc(C)c2c(=O)nc(-c3ccc(C#N)cc3)[nH]c2n1,14.51
N#Cc1ccc(-n2cc(-c3ccc(C#N)cn3)cc2C#N)cc1,14.65
N#Cc1ccc(C(=O)c2sc(=N)[nH]c2N)cc1,18.91
O=Cc1c(O)c(C=O)c(O)c(C=Nc2cccc(F)c2)c1O,11.88
O=CN1CCN(C=Nc2cccc(-c3ccc(Cl)cc3)n2)CC1,14.52
CC(=O)C(CC(=O)C(C)N)=NCCO,34.95
CC=Cc1ccc(OCC(=O)Nc2ccc(-c3nc4cc(C#N)cc(C)c4o3)cc2)c(OC)c1,21.47
N#Cc1ccc(-c2nc(C#N)c[nH]2)cc1,13.72
Cc1cc(=N)[nH]c2cc(-c3ccc(C#N)cc3)[nH]c12,18.02
Cc1ccccc1-n1c(O)c(C=NCc2ccc(-c3ccc(C#N)cc3)cc2)c2ccccc2c1=O,22.07
N#Cc1ccc(-c2cc(-c3cccs3)[nH]n2)cc1,20.16
CCNC(=O)N=c1[nH]c2ccc(-c3ccc(C#N)cc3)cc2s1,14.33
CN(C)C=Nc1nc(-c2ccc(C#N)cc2)cs1,10.73
CCc1ccc(-n2c(O)c(CC(=O)Nc3ccc(C(=O)OC)cc3)n(CCc3ccccc3)c2=S)cc1,25.56
N#Cc1ccc2c(C(=O)C(=O)N3CCN(c4ccccn4)CC3)c[nH]c2c1,24.04
N=c1ncc(-c2ccc3ncn(-c4ccc(N5CCC(N)C5)nc4)c(=O)c3c2)c[nH]1,20.79
N#Cc1cccc(N=c2[nH]cnc3cc(=N)[nH]cc23)c1,19.2
N#CCc1ccc(C#N)cc1-c1ccc(C#N)cc1,16.84
Cc1ccc(-c2nc3c(c(N)c2C#N)CCCCC3)cc1,18.14
N#Cc1ccc(-n2nnnc2Sc2ccc(C#N)c([N+](=O)[O-])c2)cc1,20.04
N#Cc1ccc(-c2cc(-c3cnc(N4CCOCC4)nc3)[nH]c(=N)n2)cc1,20.23
Cc1ccc(COc2ccccc2C=NO)c([N+](=O)[O-])c1,25.8
N#Cc1cccc(-n2cnc3ccc(-c4ccc(Cl)cc4)cc3c2=O)c1,15.09
Cc1ccc2cccc(-c3ccc(-c4ccc(N=C(NN)c5ccccn5)nc4)cc3)c2n1,39.4
Cc1ccc(-c2cc(-c3ccc(-n4c(O)c5c(c4O)CC(C)CC5)cc3)nc(-c3ccc(C)cc3)n2)cc1,16.73
O=C(NN=Cc1ccc2c(c1)OCO2)c1ccncc1,16.76
Nc1cc(O)c(N=Cc2ccc(-c3nc(-c4cccnc4)cs3)cc2)cc1O,16.87
N#Cc1cc(-c2ccc(F)c(C(F)(F)F)c2)nc(-c2ccc(C=O)cc2)n1,17.56
O=c1c2ccccc2n(CO)c2cc(-c3ccccc3)cn12,23.9
Cc1ccc(-c2nc(-c3ccc(C=O)cc3)n(C)c2-c2ccc(C#N)cc2)cc1,13.53
N#CC(=Cc1ccc(C#N)cc1)c1ccccc1Cl,17.49
N#CC1=c2c(Cl)cccc2=Nc2ccccc2N1,26.1
CCn1c(=O)c(=O)[nH]c2cc(C(=O)N(C)CC(=O)Nc3ccc(NC(C)=O)cc3)ccc21,28.84
C=CCn1nc(-c2ccc(C#N)cc2)cc1-c1ccc(C#N)cc1,14.32
N#Cc1ccc(-c2nnn(Cc3ccccc3N)n2)cc1,19.16
Oc1c2c(c(O)n1-c1ccccc1)CC=CC2,13.58
Cc1c(O)cc2oc(=O)c(C)c(C)c2c1C,23.08
O=Cc1cc(C=O)c2ccccc2c1,14.12
CCCCc1nc(Cl)c(NC(=O)C#N)c(=O)n1Cc1ccc(-c2ccccc2-c2nn[nH]n2)cc1,23.6
N#Cc1ccc(-c2cc(-c3ccc(S(N)(=O)=O)cc3)c[nH]c2=N)cc1,14.56
N#Cc1ccc(-n2cc3c4c-3cc(c(=O)[nH]2)NN(c2cccc(C#N)c2)C4=O)cc1,17.01
N#Cc1ccc(-n2c(=O)c3cc4c(=O)n(-c5ccc(O)cc5)c(=O)c4cc3c2=O)cc1,12.93
CC(=O)C1CNCC(Oc2ccc(CC(C#N)NC(=O)C3NC4CCC3C4)cc2)O1,34.24
COC(=O)c1ccc(-c2cc3c(cc(-c4ccc(C#N)cc4)n3-c3ccc(C#N)cc3)n2-c2ccc(C#N)cc2)cc1,14.94
CC(C)c1ccc(-n2c(-c3ccc(C#N)cc3)c(-c3ccc(C#N)cc3)c3ccc(-c4ccc(C#N)cc4)cc32)cc1,20.37
Cc1c(F)c(Oc2cccc(C(=N)N)c2)nc(Oc2cccc(C(=N)N)c2)c1F,16.91
CCCn1c(C#N)nc(-c2ccc(C#N)cc2)c1-c1ccc(C#N)cc1,17.65
Cc1ccc(-c2c(C#N)c(=N)n3c([nH]c4cc(C)ccc43)c2C#N)cc1,19.31
CC(C)c1ccc(-n2c3ccccc3c3cc(C#N)ccc32)cc1,16.92
CC(=O)N1CCc2c(c3cc(-c4ccc5ccccc5n4)ccc3n2-c2ccc(C(N)=O)cc2)C1,21.17
N#Cc1ccc(-c2nnc(-c3ccc(C=O)cc3)o2)cc1,12.01
O=C(O)C=Cc1ccc(N2C(=O)c3ccc4c5c(ccc(c35)C2=O)C(=O)OC4=O)cc1,15.03
N#Cc1c(N)oc2cc3c(cc12)C(=O)N1CCCC1O3,21.46
N#Cc1ccc(-c2cnc(C#N)c(C#N)c2)cc1,13.84
Cc1cccnc1CNC1CCc2c(sc3nnn(Cc4ccc(C#N)cc4C#N)c(=O)c23)C1,30.91
Nc1ccc(-c2nc(-c3ccc(N=Cc4cc(C=O)c(O)c(C=O)c4O)nc3)nc(-c3ccncn3)n2)cn1,14.69
N#Cc1ccc(-c2nn3c(c2-c2ccc(C#N)cc2)CCC(CCN)C3)cc1,21.7
COc1ccc(S(=O)(=O)NC(=O)c2ccccc2)cc1C,25.78
Cc1nc2ccccc2c2nc(=O)c(-c3ccc(C#N)cc3)nn12,18.53
CC1(C)Oc2ccc(C#N)cc2C(N=C(NC#N)Nc2ccc(F)cc2F)C1O,18.4
COc1ccc(-c2cc(-c3ccc(C)cc3)[nH]c(=NN=Cc3ccc(C)nc3)n2)cc1,18.4
N#Cc1ccc(-n2cc(C(N)=O)c(C#N)n2)cc1,14.81
CN(C)c1ccc(C=Cc2ccc(-c3cn(-c4cccc(C#N)c4)nn3)cn2)cc1,22.95
Cc1ccc(-n2ncc(-c3nc(-c4ccc(N)cc4)nc(-c4ccc(C#N)cc4)n3)c2C)cc1,18.69
O=C(CSc1ccc([N+](=O)[O-])cc1)NN=Cc1ccc([N+](=O)[O-])cc1,26.03
COc1cc(C(=O)C=Cc2ccc(Cl)cc2)cc(OC)c1OC,18.79
C=CCSc1nnc2sc(=S)n(-c3ccccc3)n12,26.84
CC(C)c1ccc(-n2c(-c3ccc(O)cc3)cc3c2cc(-c2ccc(C#N)cc2)n3-c2ccc(C(C)C)cc2)cc1,13.33
Cc1ccc(-c2c[n+](-c3ccc(C#N)cc3)nc(-c3ccc(C=Nc4ccc(C(F)(F)F)cc4)cc3)n2)cc1,24.54
N#Cc1cccc(-c2cc(-c3ccccc3)cc(-c3ccc(-c4nc(Cl)nc(Cl)n4)cc3)c2)c1,12.6
CC1CN(C2CCN(Cc3ccccc3C#N)CC2)CCN1Cc1ccc(C#N)cc1,25.67
N#Cc1ccc(S(=O)(=O)N2Cc3ccccc3CC2C(N)=O)cc1,18.51
CC[n+]1ccc(-c2nc3ccccc3n2-c2ccc(C(N)=O)cc2)cc1,20.8
Nc1ccc(-c2cc(-c3ccc(N4C(=O)c5ccc6c7c(ccc(c57)C4=O)C(=O)OC6=O)cc3)nc(-c3ccc(N)cc3)n2)cc1,11.01
OCc1ccncc1,15.56
N#Cc1ccc(-c2ccn(-c3ccc(C#N)cc3F)n2)cc1,14.46
Nc1nc(Cl)[nH]c(=Nc2ccc(OC(F)F)cc2)c1[N+](=O)[O-],27.48
CCN1CCN(c2ncc(C#N)c(-c3ccc(C(=O)N=c4cc(C(F)(F)F)cc[nH]4)c(F)c3)n2)CC1,22.45
N#Cc1ccc(-c2nc(N3CCOCC3)c3ccccc3n2)cc1,12.76
N#Cc1ccc(-n2c3cc(=Nc4ccccc4)c(=Nc4ccc(N5CCNCC5)cn4)cc-3n(-c3ccc(C#N)cc3)c3ccccc32)cc1,25.4
CN1CCCC1CN=Cc1cc(C=O)cc(C#N)c1O,17.95
N#Cc1ccc(-c2ccc(C34CCC(=O)N3CC(c3cccc(C#N)c3)O4)cc2)cc1,27.21
CCN(Cc1ccccc1)C(=O)Nc1ccc(C(=O)O)cc1,24.31
CC(C)(C)OC(=O)N=C(Cc1ccc(C#N)cc1)C(=O)NC(Cc1ccc(OCc2ccccc2)cc1)C(N)=O,35.33
COc1nc(-c2ccc(C#N)cc2)nc(=Nc2ccc(C#N)cc2)[nH]1,17.21
N#Cc1ccc(-c2nc([N+](=O)[O-])c(C#N)[nH]2)cc1,20.24
Cc1ccc(-c2csc(N=Cc3ccc(-c4nc(-c5ccc(C)cc5)nc(-c5ccc(C=O)cc5)n4)cc3)n2)cc1,12.21
N#Cc1cc2c3c(ccc4c(=O)n(-c5ccc(-c6nc(-c7ccc(N)cc7)nc(-c7ccc(N)cc7)n6)cc5)c(=O)n(c43)C2)c1,19.34
N#Cc1ccc(Cn2c(C=Cc3ccccc3)nc3c(C#N)nc(-c4ccc(C#N)cc4)cc32)cc1,20.89
CN(CC(=NC#N)c1ccc(Cl)cc1)C1=Nc2cc(C#N)ccc2OC1(C)C,31.08
N#Cc1ccc(-c2nnc(-c3ccc(C#N)cc3)n2-c2ccc(C#N)cc2)cc1,11.49
CCN(CC)Cc1cc(N=Cc2ccc(N=Cc3ccc(-c4nc(-c5ccc(C)cc5)nc(-c5ccc(C=O)cc5)n4)cc3)cc2O)ccc1O,19.69
N#Cc1ccc(-c2ccc3c(C#N)c4ccccc4c(-c4cccnc4)n23)cc1,17.76
N#Cc1cccc(N=Cc2ccc(-c3nc(-c4ccc(C=O)cc4)nc(-c4ccc(N)nc4)n3)cc2)c1,12.34
Brc1ccc(-n2nnnc2-c2ccncc2)cc1,18.21
N#Cc1ccc(Cn2ccc3c(-c4ccc(C#N)cn4)cc(-c4ccc(N5CCOCC5)nc4)cc32)cc1,23.42
N=c1[nH]cc(-c2ccc(C=O)cc2)cc1-c1ccc(C(N)=O)cc1,16.3
CNCCn1cc(-c2ccc(C#N)cc2)nc1C1CCN(S(C)(=O)=O)CC1,24.93
Cc1cccc(-c2nc(-c3cccn3C)c3ccc(-c4ccc(C#N)cc4)nc3n2)n1,27.29
Cn1cc(-c2ccc(C(=O)NC(CO)c3ccccc3)c(F)c2)ccc1=O,17.83
N#Cc1ccc(-c2ccc(-c3c[nH]c(-c4ccc(C=Nc5cccc(C(=O)O)c5)cc4)n3)cc2)cc1,19.24
N#Cc1ccc(-n2sc3c(C#N)c4c(c(-c5nccs5)c3c2=O)CCCCC4)cc1,27.74
N#Cc1ccc(-c2nc(C#N)ccc2C#N)cc1,10.17
CCCc1cc2c(C)cc(=O)oc2c(C)c1OC(=O)N(C)C,27.09
CN(C)C(=O)C1OC(n2ccc(=O)[nH]c2=O)C(O)C1O,19.87
N#CC(C#N)=Cc1ccc(C=Nc2ccc(-c3nc(-c4ccccc4)nc(-c4ccc(N)nc4)n3)cc2)cc1,15.48
Cc1ccc2nc(-n3c(-c4ccc(C#N)cc4)cc4c3cc(-c3ccc(C#N)cc3)n4-c3nc4c(C)cc(C#N)cc4s3)sc2c1,13.74
CC=Cc1cccc(-c2cc(C(N)=O)nn2-c2ccc(C(=O)O)cc2)c1,22.02
O=Cc1ccc(-c2ccc3ccn(Cc4ccc(C(=O)NS(=O)(=O)c5ccccc5Cl)cc4)c3c2)cc1,29.88
O=c1c2cc(Br)cc(Br)c2nc(-c2ccc(Cl)cc2)n1-c1ccc(N=Cc2cc([N+](=O)[O-])ccc2Cl)cc1,27.52
Cc1cc(N=CN2CCN(C=O)CC2)c(C#N)c(=O)o1,17.66
N#Cc1ccc(-c2nc3cc(C(=O)O)ccc3n2-c2ccc(C#N)c3ccccc23)cc1,31.84
CC(N)C(=O)Nc1ccc2[nH]cc(C#N)c2c1,23.81
O=C(CSc1nc2cc3c(cc2c(=O)n1Cc1ccco1)OCCO3)N=c1[nH]ccs1,24.96
N#Cc1ccc(NC(=O)c2cc(-c3ccc(C=NO)cc3)n(-c3ccc(-c4nc(-c5ccc(N)cc5)nc(-c5ccc(N)cc5)n4)cc3)c2O)cc1,21.58
CC(C)Cc1nc(-c2ccc(-n3c(=O)c4cc5c(=O)oc(=O)c5cc4c3=O)cc2)no1,19.49
N#Cc1ccc(NC(=O)N=c2[nH]c3cc(-c4ccc(CN5CCOCC5)nc4)ccc3s2)cc1,25.37
Cc1cc(C)c(CNC(=O)c2ccc(C#N)c(-c3ccc(C#N)cc3)c2)c(=O)[nH]1,16.2
COCCOc1cc(C=O)cc(-c2ccc(C#N)cc2)c1O,20.16
N#Cc1ccc(-n2cccn2)cc1,12.28
N#Cc1ccc(-c2ccc(-c3nc4cc(C#N)c(C#N)cc4nc3-c3ccc(C#N)cc3)cc2)cc1,17.58
Nc1ccc(-c2nc(-c3ccc(C=O)cc3)nc(-c3ccccc3N)n2)cc1,20.35
Cc1ccccc1-c1cc(Cn2cncc2-c2cccc(C=O)c2)ccc1C#N,30.56
Cc1ccc(S(=O)(=O)Nc2ccc(-c3cncc(N=CN(C)C)n3)cc2)cc1,20.27
Cc1ccn(-c2cc(N3CCOCC3)nc(-c3ccc(N)nc3)n2)n1,18.26
O=C1OC(=O)c2ccc3c4c(ccc1c24)C(=O)N(c1ccccc1F)C3=O,11.58
N#Cc1ccc(-c2c(C#N)c3cc(-c4ccc(F)c(C#N)c4)cnc3n2-c2cccc(C#N)n2)cc1,31.3
CC(=NCCN=C(N)N)c1c(O)c2c3c(O)c(cc(O)c3c1O)C(O)=c1ccccc1=C2O,34.16
N#Cc1ccc(-c2nc(C#N)[nH]c(=NC3CC(CO)C(O)C3O)c2-c2ccccc2)cc1,16.78
COc1ccc(OS(=O)(=O)c2ccc(F)cc2F)cc1-c1cc(-c2ccc(C#N)cc2)nc(-c2ccc(C#N)cc2)n1,36.57
N#Cc1ccccc1C(=O)NCCc1ccc2c(c1)OCCCO2,27.18
N#Cc1ccc(-c2cn(-c3ccc(C(=O)O)cc3)c(=S)n2-c2ccc(C#N)cc2)cc1,17.12
Cc1ccc(-c2nc(Cc3cccc(F)c3)[nH]c2-c2cccc(C)n2)cc1,20.43
N#Cc1ccc(-c2ccc(C=O)c(O)c2)cc1,11.73
CCCCCCN(C)CCC=C(c1cccc(C#N)c1)c1cccs1,33.26
N=C(N)c1ccc(-c2nc3c(N)cc(-c4ccncc4)cc3[nH]2)cc1,23.68
COC(=O)c1c(O)cc(C)c(Cl)c1C,21.82
CC1(C(=O)N=c2ccc(F)c[nH]2)CCCN1CC(N)=O,33.43
N#Cc1ccc(C(=O)N(CCN)Cc2ccc(-c3ccc(C#N)cc3)cc2)cc1,17.15
Cc1ccc(-c2nc(-c3ccc(C=O)cc3)cc(-c3ccc(-c4nc5cc(C)c(C)cc5[nH]4)cc3)n2)cc1,17.97
Cn1c(=O)c2c(-n3cccc3)nc(-[n+]3ccc(-c4ccncc4)cc3)cc2n(C)c1=O,19.95
Cc1cc(C#N)cc2nc(C(=O)NCc3ccc(C(=O)O)cc3)ccc12,28.71
N#Cc1ccc(-n2c(=O)[nH]c(O)c(C=Nc3ccc(-c4nc(-c5ccc(N)cc5)nc(-c5ccc(N)nc5)n4)cc3)c2=O)cc1,17.45
Cc1ccc2oc(-c3ccc(N)cc3)nc2c1,18.78
C=CCn1c(-c2ccc(N=Nc3ccc(N=Nc4ccc(-c5cc[n+](-c6ccc(N=C(N)N)c7ccccc67)cc5)cc4)cc3)cc2C)nc2ccccc21,32.58
Cn1cc(CCC(=O)Nc2cccc(C#N)c2)c2ccccc21,25.06
N#Cc1ccc(C(=O)c2cc(C#N)c3cc(C#N)ccc3n2)cc1,14.4
N#Cc1ccc(-c2cccc3c2cnn3-c2ccccc2)cc1,17.88
N#CC(=O)c1ccc(C#N)cc1,12.88
Cc1cc(=Nc2ccc(C#N)cc2)[nH]c(=N)[nH]1,17.96
N#Cc1ccc(-c2cncc(=NCc3cc(-c4ccc(C=O)cc4)no3)[nH]2)cc1,18.83
O=C(NCc1ccccc1Cl)c1cc2c3c(c1)CCN3C(=O)CC2,24.97
N#Cc1ccc(-c2ccc3nc(-c4cc5ccccc5o4)cc(C(N)=O)c3c2)cc1,24.23
CCN(CC)c1ccc(-n2c(C)nc3ccc(-c4cnc(=N)[nH]c4)nc3c2=O)cn1,24.12
N#Cc1ccc(-c2nc(-c3ccc(C#N)cc3)n(-c3ccc(C#N)cc3)c2-c2ccccc2)cc1,17.65
N#Cc1ccc(-c2ccc(N=Cc3c(O)c(C=O)c(O)c(C=O)c3O)cc2)cc1,10.15
Cc1cn(C2CC(O)C(CO)O2)c(=O)[nH]c1=O,11.59
N#Cc1ccc(Oc2ccc(S(N)(=O)=O)cc2C#N)cc1,18.68
CC(=O)OCC1OC(n2c(-c3ccc(N)cc3)cc(-c3ccc4c(c3)OCO4)c(C#N)c2=N)C(OC(C)=O)C(OC(C)=O)C1OC(C)=O,27.56
CC(C)C(O)(Cn1cc(C#N)nc(-c2ccc[n+]([O-])c2)c1=O)C(=O)Nc1ccc(C#N)cc1,38.28
N#Cc1ccc(-c2cc(-c3ccc(C#N)cc3)nc(-c3ccccn3)c2)cc1,10.92
COc1ccc(N=Cc2c(O)c(C=O)c(O)c(C=O)c2O)c(OC)c1,11.09
Cn1c(-c2ccc(C=O)cc2)ccc(C#N)c1=S,16.24
Cc1ccc(S(C)(=O)=O)cc1-n1c(=O)c2sccc2n(Cc2ccc(-c3ccc(C#N)cc3)cc2)c1=O,32.01
CN1CCCCC1(C)c1nc2c(-c3cnn(C)c3)cccn2c1C#N,41.63
O=C1C2=CC=Cc3ccccc3-c3cc(Br)cc(c32)C(=O)N1c1ccc(S(=O)(=O)NCCCO)cc1,31.38
N#Cc1ccc(C=Cc2nc(C#N)c(Nc3ccc(C#N)cc3)n2-c2ccc(C#N)cc2)cc1,20.7
N#CC(C#N)=c1ccc(=CC(=O)O)cc1,14.89
N#Cc1ccc(Oc2ccc(-n3[nH]c(N)cc3=O)cc2)cc1,17.25
N#CC(C#N)=c1ccc(=C(C#N)c2ccc(C#N)cc2)cc1,10.66
Cc1cc(C)[nH]c(=NC(=Nc2ccc(C#N)cc2)NC#N)n1,17.85
O=Cc1cccc([N+](=O)[O-])c1,16.18
Oc1cc(O)cc(C=Cc2ccc(C=Cc3ccc(O)c(O)c3)cc2)c1,18.32
CCOC(=O)C1=C(c2ccccc2)N=c2sc(=Cc3ccc(N=C=S)cc3)c(=O)n2C1c1ccc2c(c1)OCO2,29.66
COC(=O)c1ccc(C=NNC(=O)c2cc(-c3ccc(C#N)cc3)oc2C)cc1,28.26
Cc1nc(-c2ccc(C=O)cc2)nc(-c2cc3cc(-c4n[nH]c(-c5ccc(C#N)cc5)n4)ccc3[nH]2)c1C#N,25.93
Cc1nc(C(C)C)n(-c2cc(=NC(=O)c3ccc(C#N)cc3)[nH]cn2)n1,25.29
Nc1[nH]n(-c2ccccc2)c(=O)c1N=Nc1ccc(NS(=O)(=O)C=Cc2ccccc2)cc1,27.86
Cc1ccc(O)c(-c2nnc(-c3ccc(C=O)cc3)o2)c1,16.91
O=Cc1cc(C=O)c(O)c(C=CC(=O)c2cccs2)c1,22.25
C=C(C)c1c(O)c(O)c2c(CC=C(C)C)c(C=O)cc(C=O)c2c1O,29.09
N#Cc1ccc(-n2c[n+](-c3ccc([N+](=O)[O-])cc3)c3ccccc32)cc1,20.49
CNCc1cccc(-n2ccc(-c3ccc(C#N)cc3)n2)c1,16.15
CN1CCN(CCN=c2cc(-c3ccc(C#N)cc3)nc(-c3ncccn3)[nH]2)CC1,26.61
N#Cc1ccc(-c2cccc(C(=O)N3CCN(C(=O)c4ccc5ccccc5c4)CC3)c2)cc1,23.8
N#Cc1ccc(NC(=O)C=Cc2ccc(Cl)c(Cl)c2)cc1,17.2
N#Cc1ccc(-c2cncc3ccccc23)nc1,17.58
Cc1ccc2c(C(=O)c3cc(C#N)c4cc(C#N)c(C#N)cc4c3)c[nH]c2c1,27.36
Cc1ccc(-c2cncc(N(Cc3cc(C(F)(F)F)cc(C(F)(F)F)c3)CC3Cc4ccccc4C3)n2)cc1,35.88
N#Cc1ccc(-c2ccco2)nc1,11.7
CC(C)c1n[nH]c(=NC(=O)c2ccc(-n3c(O)ccc3O)cc2)s1,21.16
CC12CCC3c4ccc(O)cc4CCC3C1CCC2C(O)=NO,26.6
N#Cc1ccc(-c2ncc3ccccc3c2-c2ccc(C#N)cc2)cc1,12.53
COc1cc(C=Cc2nc3c(c(=O)n(C)c(=O)n3C)n2C)ccc1O,15.12
Cc1cc(C)n(-c2c(C=NN=c3[nH]c(-c4ccc(C#N)cc4)cs3)c(C)nn2-c2ccccc2)n1,19.98
Cc1cc(C)[nH]c(=NS(=O)(=O)c2ccc(N=Cc3cc(C=O)c(O)c(C=O)c3O)cc2)n1,19.35
C=CCn1c(=O)nc(-c2ccc(C=O)cc2)oc1=O,27.61
CN1CCc2c(C#N)c3c(c(C#N)c2C1)CCCC3,13.83
O=C(Nc1ccccc1-c1nc2ccccc2s1)c1cccc([N+](=O)[O-])c1,25.13
N#Cc1ccc(-c2cc3c(Cl)c(C#N)ccc3n(-c3ccc(C#N)cc3)c2=O)cc1,24.24
C=C(OC1C2CC[N+](Cc3ccc(C#N)cc3)(CC2)C(=O)C1O)C(=O)O,41.9
CC(CCN(C)C)=Nc1ccc(-c2ccc(C(=O)C=Cc3ccc(C=O)cc3)cc2F)cc1F,38.43
N#Cc1ccc(CNS(=O)(=O)c2cccc(-c3cc(=NC4CC4)n4ncc(=Cc5[nH]c(=O)[nH]c5O)c4n3)c2)cc1,28.19
N#Cc1ccc(-c2cc(C(F)(F)F)nc(-n3c(C=Cc4ccc(C=C5SC(=O)NC5=O)cc4)ccc(C#N)c3=O)n2)cc1,41.58
CC1(C)CC(=O)c2c3c(n(-c4ccc(C#N)cc4)c2C1)C(=O)N(c1ccc(-c2ccon2)cc1)C3c1ccc(C#N)cc1,21.17
N#Cc1cccc(-c2cc(-c3ccccn3)cc(C(N)=O)n2)c1,21.4
O=C(C=Cc1ccccc1)NCCCN1CCOCC1,20.76
Cc1occc1C(=O)N=c1ncn(C)[nH]1,25.21
Cc1ccc(-n2c(N)c(C#N)c(-c3ccc(C#N)cc3)c(C#N)c2=O)cc1,18.61
CC1CCN(Cc2cccc(-c3ccc(CNCCc4cccnc4)cc3)n2)CC1,24.8
Cc1cc(-n2cc(-c3ccc(C#N)cc3)c3ccc(C#N)cc32)ccc1C(C)C,22.87
Cc1cc2c3cc4cc5ccccc5cc4cc(C#N)c-3nc2c2c1OC(C)(C)C=C2,36.33
Cc1ccc(OCCNC(=O)CN2C(=O)c3ccccc3C2=O)cc1,22.91
Cn1c(-n2c(-c3ccc(C#N)cc3)c(C#N)c3cc(-c4ccc(C#N)cc4)ccc3c2=O)nc2ccc(C#N)cc21,19.48
O=C(O)c1cn(C2CC2)c2ccc(Cc3ccc(C(F)(F)F)cc3)cc2c1=O,20.47
COc1ccc(-c2nc(-c3ccc(C#N)cc3)[nH]c2-c2ccc(C#N)cc2)cc1,16.36
Cc1cc(C)n(-c2cc(C(=O)Nc3sc4c(c3C#N)CCC4)nc(C)n2)n1,21.97
O=C(N=c1[nH]nc2n1CCS2)c1cccnc1,20.74
N#Cc1ccc(-n2[nH]c3cc4c(=O)[nH]n(-c5ccc(C#N)cc5)c(=O)c4cc3c2=O)cc1,12.55
N#Cc1c(-c2ccccc2)[nH]c2cc(-c3ccc(C=N)cc3)sc2c1=O,21.52
N#Cc1ccc(-n2cnc(C#N)n2)nc1,16.07
C#CCOc1cc(C#N)nc2ccc(-c3ccc(C#N)cn3)cc12,29.11
CN(C(=O)Nc1ccc(C#N)cc1)c1cc(NC(=O)CBr)ccc1CCC(C)(C(=O)O)S(C)(=O)=O,49.95
O=C(NCCN=C=S)C1CCN(S(=O)(=O)N2CCOCC2)CC1,36.12
COc1ccc(-c2ccc(C#N)cn2)cc1C#N,15.39
N#Cc1cc(F)c(-c2ccc(F)cc2F)c(F)c1,26.78
N#Cc1ccc(-c2cc(-c3ccc(C#N)cc3)nc(-c3cnc(N4CCC(O)C4)nc3)c2)cc1,21.1
Cc1ccc(NC(=O)c2cc(F)cc(C#N)c2)cc1-c1nc(N2CCOCC2)nc(N2C3CCC2COC3)n1,23.11
N#Cc1ccc(CC(=O)NCc2cn(-c3ccccc3)nc2-c2ccc(C#N)cc2)cc1,23.19
CC(C)(C)c1nc[nH]c1C=c1[nH]c(=C(C#N)C(N)=O)oc1=O,22.67
Cc1ccc(-c2nc(-c3ccc(N)nc3)ncc2N=Cc2cc(C=O)cc(C=O)c2O)cn1,19.83
Cn1cc(C2=CC(=O)C=CC2=O)c2ccccc21,19.86
Cc1c(C(=O)CCC(=O)O)cc(-c2ccc(C#N)cc2)n1-c1ccc(C#N)cc1,24.52
N#Cc1cccnc1C#N,11.38
C=CCn1c(=NC(=O)Cc2cccc(CN3CCN(C)CC3)c2)[nH]c2cc(-c3ccc(C#N)cc3)ccc21,30.66
Cc1ccncc1-c1cc[nH]c(=NC(=O)c2ccc(C#N)cc2)c1,24.81
N#CC(=O)c1cc(C#N)ccc1C#N,12.81
Cc1cccc(-c2cc(N3CCN(C(=O)Cc4ccc(-c5ccccc5C#N)cc4)C(C)C3)ncn2)c1,34.04
CC(C)n1c(=O)n(Cc2cc(=O)n3c(n2)CNCCC3)c2ccccc21,25.58
N#Cc1ccc2c(c1)CN(C(=O)c1ccc(C(F)(F)F)cc1C#N)C2,22.59
CC(C)(OC[n+]1cccc(-c2ccc(C#N)cc2)c1)C(=O)O,20.25
N#Cc1ccc(-c2ccc3cc4c(=O)n(CCC(=O)N=C(Cc5ccccc5)C(=O)O)nc(Cc5ccc(Cl)cc5)n4c3c2)cc1,36.67
N#Cc1ccc(-c2nc(-c3ccc(C=Nc4cc(O)c(N)cc4O)cc3)cs2)cc1,11.52
N#CCC(=O)NC(=NO)Nc1ccc(Cl)cc1,26.74
C#Cc1ncc(-c2ccccc2)nc1-c1ccc(C#N)cc1,21.61
N#Cc1cc(Cc2cccc(C(=O)O)c2)ccc1N,29.68
N#Cc1cc(C#N)c2c3c(cc4c2c1C(=O)OC4=O)C(=O)c1ccccc1C3=O,17.5
N#Cc1ccc(N2CCN(Cc3ccc(O)cc3)CC2=O)cc1,23.74
Cc1ccc(-c2nc(N)cc(=Nc3cccc(C#N)c3)[nH]2)cc1,19.07
Cc1ccc(C2CC(c3nc(-c4ccc(C(N)=O)c(N)c4)c4n3CC(C)Oc3ccc(C#N)cc3-4)C2)cn1,32.98
N#Cc1ccc(NC(=O)N=c2ccc(-c3ccc(F)cc3)c[nH]2)cc1,19.8
CC(=O)c1ccc(-n2cc(C#N)c3c(NCc4ccccc4)cccc32)cc1,25.0
Cc1c(CN2CCN(CC=Cc3ccccc3)CC2)sc2nc3ccccn3c(=O)c12,36.71
N#Cc1ccc(-c2csc(=O)[nH]2)cc1,13.43
Nc1ccc(-c2nc(-c3ccc(C(F)(F)F)cc3)nc(-c3ccc(N=Cc4cc(C=O)c(O)c(C=O)c4O)nc3)n2)cn1,13.58
Cc1cc(N)c(O)cc1N=Cc1ccc(-c2nc(-c3ccc(C=O)cc3)nc(-c3ccccc3F)n2)cc1,13.79
N#Cc1ccc(-c2cncc(-c3ccc(C#N)cc3)c2)cc1,14.33
O=c1c2ccccc2nc(-c2cccnc2)n1N=Cc1ccc(Cl)cc1Cl,23.64
FC(F)(F)c1ccc(=NN=Cc2ccccc2)[nH]c1,14.15
CC(C)c1ccc(-n2c(-c3ccc(C#N)cc3)cc3c2cc(-c2cccnc2)n3-c2ccc(C(C)C)cc2)cc1,11.61
Cc1cc(C)c2nc(-n3cc(-c4ccc(C#N)cc4)nc3-c3ccc(C=O)cc3)sc2c1,21.53
N#Cc1ccc(-c2ccc(C#N)c(Cl)c2)nc1,10.62
CCC(=O)Nc1cc(C(N)=O)ccc1-n1nc(-c2ccc(F)c(Cl)c2)c2cc(C#N)ccc21,30.59
CSc1ccc(C=CC(=O)OCC(=O)N(C)C2CCS(=O)(=O)C2)cc1,24.95
NCc1cc(-c2ccc(C=O)cc2)nc(-c2ccc(CN3CCC(O)C3)cc2)n1,21.55
N#Cc1c(Sc2ccc(Cl)cc2)[nH]c(=N)c(C#N)c1-c1ccccc1Cl,20.59
CCC1CCc2ccc(-c3ccc(C#N)cc3C#N)cc2C1,24.63
CC(C)(C)c1cc(=NC(=O)c2ccc(-c3c[nH]c(=N)c(-c4ccc(C#N)cc4)c3)cc2)[nH]o1,21.6
Cc1ccccc1-c1cnc(-c2ccc(C#N)cc2)c(C#N)c1,14.74
CCn1c(-c2ccc(C(C)(C)O)c(F)c2)c(C)[nH]c1=NC(C)c1nc(C#N)nc(-c2cc(C)cc(-n3cnnc3)n2)n1,50.62
Cc1noc(-c2ccc(-n3c(O)nc(C#N)c3-c3ccc(C#N)cc3)cc2)n1,14.07
Cc1ccc(-c2cc(-c3ccc(-n4nnnc4-c4ccnc(N(C)C)c4)cc3)nc(-c3ccc(N)cc3)n2)cc1,28.98
N#Cc1ccc(-n2c(=NCc3cc4ccccc4o3)[nH]c3ccc(C#N)cc3c2=O)cc1,28.38
CS(=O)(=O)c1ccc(-c2nc(-c3ccc(C=O)cc3)nc(-c3ccc(C=C4C(=O)NC(=S)NC4=O)cc3)n2)cc1,25.96
N#Cc1cc(C#N)cc(Oc2ccnc(C(=O)N=c3ccc(F)c[nH]3)n2)c1,21.45
Cc1cc(C#N)nc(C)c1C(=O)N1CCC(C)(N2CCC3(CC2)c2c(Cl)ccc(O)c2CC3NC(=O)c2cc(C(F)(F)F)cc(C(F)(F)F)c2)CC1,38.74
COCCN1Cc2c(c(=O)n(N)c3nc4ccccc4nc23)C1=O,40.96
COc1cc2c3c(c4c5ncccc5c5cc(C#N)c(Cl)cc5c4c2cc1OC)C(=O)NC3,43.88
Cc1nccn1-c1ccc(C#N)c(=Nc2ccc(C#N)cc2)[nH]1,22.55
O=Cc1cccc2ccccc12,11.61
Nc1cc(O)c(N=Cc2ccc(-c3nc(-c4ccc(C=O)cc4)nc(-c4ccc(C=CCc5ccccc5)cc4)n3)cc2)cc1O,14.98
Cc1ccc(-c2ccc(C=O)cc2)n1-c1ccc(C#N)cc1,11.65
N=c1ncc(-c2ncc3c(n2)-c2ccccc2N(C2CCOC2)CC3)c[nH]1,27.95
O=C(O)CCc1nc(=O)c2ccc(Cl)cc2[nH]1,22.49
COc1ccc(-c2nc(-c3ccc(N)nc3)nc(-c3cnn(CC#N)c3)n2)cc1C#N,19.4
COc1cc(Br)cc(C=Nc2nc(=N)c3cc4c(cc3[nH]2)OCO4)c1O,29.84
N#Cc1ccc2[nH]c(-c3ccc(N=Cc4c(O)c(C=O)c(O)c(C=O)c4O)cc3)nc2c1,10.84
Cn1nnc(-c2cc(-c3cnc(Cl)c(Cl)c3)n(-c3ccc(Cl)c(Cl)c3)n2)n1,33.25
Nc1ccc(-c2nc(-c3ccc(N)cc3)nc(-c3ccc(-n4c(=O)c(=O)c5cc6c(=O)oc(=O)c6cc5c4=O)cc3)n2)cc1,11.01
Cc1ccc2nc3c(C(=O)Nc4cccc(C#N)c4)cccc3nc2c1,26.33
CCc1cccc(CC)c1NC(C)=O,19.65
N#Cc1ccc(-c2cc3nc(C#N)ccc3cc2C#N)cc1,17.9
Cc1nn(-c2ccc(-c3ccnc(-c4ccc(-c5nc(-c6ccc(N)cc6)nc(-c6ccc(N)cc6)n5)cc4)n3)cc2)c(C)c1C=O,18.37
Cc1ccc(C)n1-c1ccccc1C(=O)N=Nc1c(O)[nH]c2ccc(C#N)cc12,25.57
N#Cc1ccc(Cn2cncc(C(N)=O)c2=N)cc1,19.25
N#Cc1ccc(-c2nn(-c3ccc(C#N)c(Cl)c3)c3c2CCC(C#N)C3)cc1,21.13
CC(C)n1ccnc1-c1ccc(C#N)cn1,18.17
CCCCCSc1cc(N=CN2CCN(C=O)CC2)nc(N)n1,19.74
N#Cc1ccc(Cc2nc(-c3ccc4cc(C#N)ccc4n3)no2)cc1,22.66
[O-][S+](Cc1cccc(-n2cnnn2)c1)c1nc2cscc2[nH]1,26.19
CS(=O)(=O)c1cn(Cc2ccc(C#N)cc2)c2ncc3ccc(-c4ccc(C#N)cc4)cc3c12,27.92
CC(=O)Nc1cc(O)c(N=Cc2ccc(-c3ccc(C#N)cc3)cc2)cc1O,15.88
COc1nc(C(=O)c2ccc(C#N)nc2-c2ccc(CN=c3[nH]ccn3C)cc2)nc(-c2ccc(C#N)cc2)n1,46.18
CC1CCNc2cc(-n3cnc4cc(-c5ccc(C#N)cc5)sc4c3=O)ccc21,22.5
c1nc(CNc2ccc3[nH]ncc3c2)c[nH]1,24.43
O=[N+]([O-])c1cc(C=NO)c(O)c(C=NOC2OC(CO)C(O)C(O)C2O)c1,30.3
CON=C(c1ccc(C#N)cc1)c1cc(C(C)C)c(O)c(C#N)cc1=O,26.83
Clc1ccc(C2CSC(c3ccc(Cl)cc3)C(c3ccc(Cl)cc3)N2)cc1,23.18
CCN(Cc1ccc(C)cc1C)C(=O)CCCCN1CCC(n2c(=O)c(=O)[nH]c3ccc(-c4cccc(C#N)c4)cc32)CC1,44.15
Cn1c2c(c3ccc(C#N)cc31)C(=O)c1ccccc1C2=O,18.73
N#Cc1ccc(-c2ccc(=O)n(-c3ccc(-c4nc(-c5ccc(N)cc5)nc(-c5ccc(N)cc5)n4)cc3)n2)cc1,12.17
CCON=CNc1ccc(-c2ccc(C#N)cc2)cc1,21.27
Nc1ccc(-c2nc(-c3ccc(N=Cc4c(O)c(C=O)c(O)c(C=O)c4O)nc3)nc(-c3cccc(N)n3)n2)cc1,14.15
N#Cc1cc(-c2csc(CN=C3C(=O)c4ccccc4C(=O)C3Cl)c2)ccc1F,33.71
CC(=Nc1ccc(-c2nccc(-c3ccc(N)nc3)n2)cc1)c1c(O)c(C=O)n(-c2ccc(-c3ccccc3S(N)(=O)=O)cc2)c1O,34.9
Nc1ccc(-c2nc(-c3ccc(N)nc3)nc(-c3ccc(N=Cc4ccncc4)nc3)n2)cn1,10.97
Cc1nc2n(-c3ccc(C#N)cc3)c3ccccc3nc-2c(=O)n1,20.7
CCN1CCN(c2nc3cc(C#N)ccc3n2-c2cccc(N=C=S)c2)CC1,30.32
O=C(O)c1ccc(-c2ccc(-c3cc(C(=O)O)c4cccc(C(F)(F)F)c4n3)cc2)cc1,24.0
N#Cc1ccc(-c2nn3c(=O)[nH]cnc3c2-c2ccc(C#N)cc2)cc1,18.05
COc1ccc(C(=O)c2cccc3c(C)cc(=O)oc23)cc1,20.26
C[n+]1ccc(-c2nc(-c3ccc(C=O)cc3)nc(-c3ccc(C=Nc4cccc(C(F)(F)F)c4)cc3)n2)cc1,18.84
O=Cc1ccc(-c2nc(=O)c3ccc(-c4ccccc4)cc3[nH]2)cc1,13.89
Cc1[nH]n(-c2ccccc2)c(=O)c1C=NN,16.19
CN(C)C=Nc1nc(C(N)=O)cc(-c2ccc(C#N)cc2)n1,20.6
Clc1nc(Cl)nc(-[n+]2ccc(-c3nc4ccccc4[nH]3)cc2)n1,13.26
CCOC(=O)C=C1C(=O)N(NC(=O)c2ccc(OC)cc2)C(=O)C1Cl,37.7
c1cnc2ccc(-c3nc(-c4ccncc4)nc(N4CCC4)n3)cc2c1,30.16
N#Cc1ccc(-c2cn(-c3ccc(C#N)cc3)c(-c3ccc(C#N)cc3)n2)cc1,13.74
COCCCNC(=O)Cn1sc2nc(Cl)ccc2c1=O,28.57
CC(C)(C)c1cc(=NC(=O)c2ccc(CNCCS(C)(=O)=O)c(-n3ccc4ccc(C#N)cc4c3=O)c2)[nH]o1,33.16
NC(=O)c1cccnc1-c1cc(C(=O)NC(CO)c2ccc(F)cc2)nc(N2CCOCC2)n1,33.24
N#Cc1ccc(-c2cc3ccc(C#N)nc3n2-c2ncnc3c(C#N)cccc23)cc1,32.08
C#CCCCn1c(O)c2n(c1=O)C(=O)N(C)CC2,28.53
Clc1nc(Cl)nc(-[n+]2ccc(-c3ccc(Cl)c(Cl)c3)cc2)n1,16.98
N#Cc1ccc(-c2cccc3nc(-c4ccc(N)cc4)nn23)c(F)c1,19.12
Cc1ccc(C2Oc3ccccc3C=C2C=C[N+](=O)[O-])cc1,26.62
N#Cc1ccc(-c2cc(-c3ccc(CN4CCN5CCCC5C4)cc3)nc3[nH]cnc(=N)c23)cc1,26.45
CN1C(=O)C(=Cc2ccc(-c3ccccc3C(=O)O)o2)SC1=Nc1ccccc1,19.96
O=C1c2ccccc2CC2c3[nH]c4ccccc4c3CCN12,20.34
N#Cc1ccc(C(=O)Cn2ccnc2)cc1,16.21
CN(C)CCNC(=O)c1ccc(-c2ccc(C#N)cc2)cc1Cl,15.59
Cc1c(C#N)cc2ccc(C(=O)O)cn12,26.13
CCOc1cc(C#N)cc2ccc(=NC(=O)c3cc(-c4ccccc4)ccn3)[nH]c12,23.43
O=Cc1ccc(-c2cccc(=NC(=O)c3ccc(F)cc3)[nH]2)cc1,20.0
N#Cc1ccc(CNc2cc(=O)n(-c3ccc(Oc4ccc(C#N)cc4)cc3)c(=O)[nH]2)cc1,19.43
N#Cc1ccc(C(=O)NCC(=O)O)cc1,16.03
O=Cc1ccc2c(c1)Cc1ccccc1-2,15.38
NC(=O)c1cccc2c1C1CN(CCC(=O)O)C(=O)NC1C2,37.71
CN1CCN(c2nc(-c3ccc(N)cc3)nc(-c3ccc(N=Nc4ccc(-c5nc(-c6ccc(N)nc6)nc(-c6ccc(N)nc6)n5)cc4)cc3)n2)CC1,22.18
N#Cc1ccc(CN2CCC3C(CCCON3c3ccc(C#N)cn3)C2)cc1,27.32
Nc1cc(O)c(N=Cc2ccc(-c3nnc(-c4ccc(C=O)cc4)o3)cc2)cc1O,12.4
C=CC(=O)N1CCC(Oc2ncnc3c2sc(=O)n3-c2ccc(C#N)cc2)C1,28.16
O=C(O)c1cn(C2CC2)c2cc(-n3cccc3)c(F)cc2c1=O,19.64
COc1ccc(-c2cc(-c3ccc(-c4nc(Cl)nc(Cl)n4)cc3)ccc2C#N)cc1,21.44
O=Cc1ccc2[nH]c3ccccc3c2c1,17.35
N#CCC1(n2cc(C(N)=O)c(=Nc3ccccc3)[nH]2)CN(C(=O)Nc2ccc(C#N)cc2)C1,21.37
COc1ccc(-n2cc[nH]c2=S)cc1,19.7
N#Cc1ccc(CN2CCC(CNC(=O)c3cc(-c4ccc(C#N)cc4)on3)CC2)cc1,22.82
Cc1cccc(Cc2ccc(C#N)cc2)c1,16.9
N#Cc1ccc(-c2cccc(C#N)n2)cc1,12.08
O=c1cc(CNCC2CCCCC2)c2ccccc2[nH]1,26.26
Cc1cc(-c2cc3c(cc(-c4ccc(C#N)cc4)n3-c3ccc(C#N)cc3)n2-c2ccc(C#N)cc2)ccc1C#N,13.06
CN(C(=N)N=c1ccc(Cl)c[nH]1)c1cccc(C#N)c1,21.81
N#Cc1ccc2c(=O)c(-c3ccccc3)coc2c1,13.63
CC1(C)CC(=O)C2C(=NC(=O)CC2c2ccc(C#N)cc2)C1,18.4
N#Cc1ccc(-c2nc(-c3ccc(C=O)cc3)[nH]c2-c2ccccc2)cc1,15.72
N#Cc1ccc(-c2cnc(-c3ccnc(C#N)c3)c3ccc(C#N)cc23)cc1,16.6
Cc1ccc(NC(=O)c2cc(N)c(O)cc2N=Cc2ccc(-c3nc(-c4ccc(C#N)cc4)nc(-c4cccc(-c5ccc(C#N)cc5)c4)n3)cc2)cc1,19.4
CCOC(=O)C(CC(C)C)NC(=O)CCc1ccccc1,25.2
Cc1ccc(-c2cc(-c3ccc(C#N)cc3)c(C#N)c(C)n2)cc1,13.02
Cc1ccc2nc(-n3c(-c4ccc(C#N)cc4)cc4c3cc(-c3ccc(C#N)cc3)n4-c3nc4c(C)cccc4s3)sc2c1,12.05
N#Cc1ccc(-c2ccc3c(=Nc4ccncc4)cc[nH]c3c2)o1,26.86
CN=Cc1ccc(-c2nc(-c3ccc(C#N)nc3)n[nH]2)cc1,16.58
Cc1c(C#N)c(SCC(=O)O)n2c(=O)n3c(c2c1C#N)-c1ccccc1C3,38.34
N#Cc1ccc(CNC(=O)c2cc(-c3ccc(C#N)cc3)nn2-c2ccc(C#N)cc2)cc1,18.52
Cc1ccc(OCc2ccc(-c3n[nH]c(=NC(=O)C4=COCCO4)s3)o2)cc1C,30.72
CC(C)(C)c1ccc(OCC(=O)NCCNC(=O)COc2ccccc2C#N)cc1,25.3
N#Cc1ccc(-c2nc(=N)cc(-c3ccc(N)nc3)[nH]2)cc1,16.19
Cc1ccc(-c2ccc(-c3nc(-c4ccc(C=O)cc4)nc(-c4ccc(C=Nc5cc(O)c(N)cc5O)cc4)n3)cc2)o1,16.3
CC(=NN=Cc1ccc(C)cc1)c1ccc(N)cc1,21.05
CC(=O)C(C#N)=NNc1ccc(C)cc1,16.74
Clc1ccc(CSc2nnc(-c3ccncc3)n2-c2cccnc2)cc1,25.48
N#Cc1ccc(Cn2cncc2COCc2ccc(C#N)cc2-c2ccc(C#N)cc2)cc1,14.78
Cc1cncc(=Nc2cc(-c3ccc(C#N)cc3)nc3c2c(-n2cccc2)nn3CCN)[nH]1,38.51
COCc1ccc(C#Cc2ccc(C#N)cc2)cc1,16.36
CCN(Cc1cc(C#N)ccc1-c1cccc(-n2nc(-c3ccc(N)nc3)ccc2=O)c1)C(C)=O,29.53
N=C(N)N=C(N)Nc1ccc(-c2ccc(-c3ccc(N=C(N)c4ccc(Cl)c(Cl)n4)cc3)o2)cc1,23.24
CC(=O)N1CCN(C(=O)OCc2ccccc2)CC1,22.46
Cc1ccn(-c2ccc(C(=O)N3CCCn4cc(-c5ccc(C#N)cc5)nc4C3)c(Cl)c2)n1,26.51
CC(O)C(O)c1ccc2ccccc2c1,27.08
N#Cc1ccc(-c2ccnc(Oc3ccccc3)n2)nc1,19.24
Cn1nncc1-c1ccc(-c2ccc3c(C=Cc4ccncc4)[nH]nc3n2)cc1,34.5
N#Cc1ccc(Nc2ccc(C#N)cc2C#N)cc1,14.64
Cc1cc(C)cc(C(=O)Cn2ccccc2=O)c1,21.87
N#Cc1ccc(C=O)c(C#N)c1,11.93
NCCCCn1cnc(C(N)=O)n1,27.01
Cc1ccc(-c2nc(-c3ccc(C=O)cc3)nc(-c3ccc(C=Nc4nc5c(cnn5-c5ccc(C)cc5)c(=N)[nH]4)cc3)n2)cc1,17.64
CCOc1cccc(-c2ccc(Cn3cc(-c4ccc(C#N)cc4)c(=O)n(CC)c3=O)cc2)c1,29.11
COc1ccc(-c2cc(-c3ccc(C)cc3)[nH]c(=NN=Cc3cc([N+](=O)[O-])ccc3O)n2)cc1,21.05
Cc1cc(-c2ccc(C(=O)N3CCOCC3)cc2)nc2c(Cl)c(C(=O)N=C(N)N)cc(C#N)c12,30.83
COC(=O)c1sc(=NC(=O)c2ccc(C#N)cc2)n(C)c1C,19.83
N#Cc1cc2nc(-c3ccccn3)[nH]c2cc1C#N,18.07
COc1ccc(OC)c(-c2ccc(CCC(=O)O)n2-c2ccc(C#N)cc2)c1,20.66
N#Cc1ccc(-c2ccc3cc(C#N)ccc3c2)nc1,14.33
CC(=O)c1cccc(-n2[nH]c(=O)c3cc4c(=O)[nH]n(-c5ccc(C#N)cc5)c(=O)c4cc32)c1,17.77
Cc1cc(C#N)c2nc(-c3ccc(C#N)cc3)n(-c3ccc(C#N)cc3)c2c1,15.25
N#Cc1ccc(-c2nc(-c3ccc(N)cc3)nc(-c3ccc(-n4cncn4)cc3)n2)cc1,13.58
N#Cc1cc(-c2ccc(-c3ccccc3)cc2F)c[nH]c1=O,22.14
COC=Nc1ccc(-c2nc(-c3ccc(C#N)cc3)cc(-c3cccs3)n2)cn1,24.55
Cc1ccc(-c2nc(C(C)C)[nH]c2-c2ccc(C#N)cc2)cc1,16.55
Cc1ccc(CNC(=O)c2nn(-c3ccc(Cl)cc3Cl)c(-c3ccc(Cl)cc3)c2C)cc1,20.14
N#Cc1ccc(N)c2ccccc12,13.76
Cc1cc(-n2nnc3ncc(-c4ccc(Cl)cc4)cc3c2=O)ccc1-c1ccc(F)cc1,26.1
N#Cc1ccc(-c2nc3cc(C#N)c(C#N)cc3o2)cc1,17.53
N#Cc1ccc(-c2nc(=NCCCCCCN=c3cc[nH]c4cc(Cl)ccc34)c3ccc(C#N)cc3[nH]2)cc1,27.34
Nc1ccc(-c2nc(-c3ccc(N)cc3)nc(-c3ccc4nc(-c5ccc(C=O)cc5)c5ccccc5c4c3)n2)cc1,24.67
Cc1ccc(NS(=O)(=O)c2ccc(-c3ccccn3)s2)c(=O)n1CC(=O)NCc1cc[n+](C)c(C)c1,39.97
N#Cc1cc(Cl)cc(Oc2c(Cl)cc(-n3ncc(=O)[nH]c3=O)cc2Cl)c1,17.66
N#Cc1cc(C#N)c(=N)[nH]c1N,12.69
Cc1cc(C)n(-c2ccc(C(=O)Nc3cccc(C#N)c3)cc2)n1,16.15
N#Cc1ccc(-c2ccc3ncn(CC(=O)Nc4cccc(C#N)c4)c(=O)c3c2)cc1,19.54
N#Cc1ccc(-c2cc(-c3ccc(N=Cc4cc(C=O)c(O)c(C=O)c4O)nc3)nc(-c3ccc(C=O)cc3)n2)nc1,15.78
C=C1CCCC2C1(C)CCC(C)C2(C)Cc1c(O)c(C=O)cc(N=CN2CCN(C=O)CC2)c1O,20.61
CCc1cccc(CN(CC#N)c2ccc(C#N)cc2)c1,30.83
Cc1coc2ccc3c(O)c(C=CC=O)ccc3c12,30.67
CCn1c2ccc(C#N)cc2c(=O)c2cccc(C)c21,18.9
COc1cc2c(=Nc3cccc(F)c3)[nH]cnc2cc1OCc1nc(C(C)=O)cs1,28.56
Nc1cccc(-c2cncc(-c3ccc(N=Cc4cc(C=O)ccc4O)nc3)n2)c1,24.63
Nc1nc(N)nc(N=CN2CCCCC2)n1,10.88
O=Cc1ccc(-c2nc(-c3ccc(C=O)cc3)nc(-c3ccc(C=NO)cc3)n2)cc1,16.75
CCN(CCO)C(=O)C=Cc1cc(Cl)ccc1NS(=O)(=O)c1ccc(C#N)cc1,35.1
Nc1ccc(-c2nc(-c3ccc(N)nc3)nc(-c3ccc(N=Cc4cc(C=O)cc(C=O)c4O)nc3)n2)cc1,9.36
O=Cc1ccc(-c2ccc(Cl)c(C(=O)O)c2)cc1,16.61
N#CC(C#N)=c1ccc2c(c1)CCC(=O)N=2,11.99
Cc1c(-c2ccc(C#N)cc2)sc2[nH]c(=N)[nH]c(=N)c12,17.98
Cc1cc(C#N)ccc1-c1cc(N2CCC(O)C2)nc(C#N)n1,21.61
CC1=Nc2ccnn2C(c2ccc(Cl)c(Cl)c2)C1c1nc(-c2cccs2)nc(N2CCN(S(C)(=O)=O)CC2)n1,34.38
O=C1C(=Cc2ccc(Cl)cc2)Cc2ccc(Cl)cc21,20.23
N#Cc1ccc(NS(=O)(=O)c2ccccc2)cc1,16.85
Cc1cc(C(N)=O)ccc1-n1c(C(N)=O)cc2c(-c3ccc(C#N)cc3)ccnc21,20.24
CCC(=O)NC(Cc1ccccc1)C(=O)NC(Cc1ccccc1)C(=O)NC(CCCN=C(N)N)C(=O)NC(CC(C)C)C(N)=O,34.72
N#Cc1ccc(-c2c(-c3ccc(N)cc3)cn(CCCCCCN)c2-c2ccc(C#N)cc2)cc1,31.34
N#Cc1ccc(-c2cc(C(=O)Nc3ccc(N4CCOCC4)nc3)ccc2C#N)cc1,14.85
O=Cc1c(O)c(C=O)c(O)c(C=Nc2ccc(-c3nc4c(Cl)c(Cl)ccc4[nH]3)cc2)c1O,20.3
Cc1ccc(-c2nc(-c3ccc(N)nc3)nc(-c3ccc(N=Cc4cc(C=O)ccc4O)nc3)n2)cc1,16.11
O=Cc1ccccc1-c1ccccc1,14.63
N#Cc1c(F)c(F)c(NN=Cc2ccccc2Br)c(F)c1F,22.92
Cc1cc(C)n2c(-c3ccc(S(C)(=O)=O)cc3)c(-c3ccc(F)cc3)nc2c1C#N,23.08
Nc1ccc(-c2nc(-c3ccc(N=Cc4cc(C=O)c(O)c(C=O)c4O)nc3)cc(-c3c[nH]c4ccccc34)n2)cn1,19.13
Cc1nc(=NCc2cncc(-c3cnn(C)c3)n2)nc(-c2ccc(C#N)cc2)[nH]1,26.35
N#Cc1cccc(C(=O)NC(C#N)c2cc3cc(-c4cccc(OCc5ccccc5)c4)ccc3s2)c1,31.32
CN1CCN=C1NC=Nc1ccc(-c2cc(-c3ccc(C#N)nc3)nc(-c3ccc(N)nc3)n2)cc1,19.92
O=C1C(c2c(O)[nH]c3ccccc23)=Nc2ccccc21,17.73
N#Cc1ccc(Cn2cc(O)c(-c3nc(-c4ccc(C#N)cc4)cs3)c2N)cc1,19.89
Cn1cc(-c2cnc(-c3ccc(C#N)cc3)c(C#N)c2)cc(C#N)c1=O,14.76
CCN(CC)CCOc1ccc(N=c2[nH]c(-c3ccc(N4CCCC(CO)C4)nc3)cc(=Nc3ccc(C#N)cc3)[nH]2)cc1,30.86
CCOC(=O)C(=Nc1ccc(-c2nc(-c3ccc(C#N)cc3)nc(-c3ccc(N)nc3)n2)cn1)NC#N,26.62
N#Cc1ccc(-c2nc(-c3ccc(N)cc3)c(-c3ccc(C#N)cc3)s2)cc1,14.33
Cc1cccc(N=c2cc(-c3ccc(C#N)cc3)nc(C)[nH]2)c1,21.2
O=[N+]([O-])c1ccc(-c2csc(=NN=Cc3cn(-c4ccc(F)cc4)nc3-c3ccncc3)[nH]2)cc1,19.83
Cc1ccc(-n2c(-c3ccc(C#N)cc3)nn(C)c2=S)cc1,16.18
N#Cc1ccc(-c2ccc3c(ccn3-c3ccc(C(N)=O)cc3N)c2)nc1,21.96
CC(=NOCC(=O)Nc1ccccc1)c1ccc(C#N)cc1,21.25
CC1(C(=O)NCc2ccc(C#N)cc2)Cc2c(-c3ccc(C#N)cc3)ccnc2O1,21.34
COc1ccc(C=Nc2n[nH]c(-c3ccc(NS(=O)(=O)c4ccc(C#N)cc4F)nc3)n2)cc1,28.6
C#Cc1cc(C(=O)N=C(N)N)cc(-c2ccc(C#N)cc2)c1,19.75
CC1=NC2=C(C(C3=c4ccccc4=NC3=O)c3ccccc3)C(=O)N(c3ccccc3)CN2C(c2ccc(C#N)cc2)=C1C#N,39.47
CC(=O)Nc1ccc(N=Nc2cc(C=O)c(O)c(C=O)c2)cc1,21.52
CC(=O)NCCN(c1ccc(C#N)cc1)S(C)(=O)=O,24.17
Cc1nc(-c2ccc(C#N)cc2)nc(-c2ccc3c(c2)nc(-c2ccc(C#N)cc2)n3-c2ccc(C(C)C)cc2)n1,21.58
C#Cc1ccc(C2Oc3cc(O)cc(O)c3C(O)C2=O)cc1,25.41
N=c1nc(-c2ccc(C=O)cc2)[nH]c(=N)[nH]1,13.59
N#Cc1ccc(-c2ccc(-c3cccc(C#N)n3)nc2)c(C#N)c1,19.52
N#Cc1ccc(-c2nc3c(=N)[nH]c(=N)[nH]c3nc2-c2ccc3c(c2)OCO3)cc1,19.12
Cc1ccc2[nH]c(-c3ccc(C#N)cc3)c(C#N)c(=N)c2c1,15.33
COc1ccc(-c2nc(=NN=Cc3ccc(F)cc3)[nH]nc2-c2ccc(C)cc2)cc1,15.93
Cc1ccc(C2=C(C#N)C(C)(C)CCC2)cc1,19.0
N#Cc1ccc2nc(C=O)cc(C3=NCCN3)c2c1,22.07
Nc1ccc(-c2nc(-c3ccc(N)cc3)nc(-c3ccc(-n4nc(O)c(=O)[nH]c4=O)cc3)n2)cc1,13.64
Nc1ccc(-c2nc(-c3ccc(N=Cc4cc(C=O)c(O)c(C=O)c4O)nc3)nc(-c3ccc(N4CCNCC4)nc3)n2)cn1,12.4
Nc1cc(O)c(N=Cc2ccc(-c3nc(-c4ccc(Cl)cc4)nc(-c4ccc(C=O)cc4)n3)cc2)cc1O,12.29
CC(C)c1ccccc1Nc1c[nH]c(=O)c(C#N)c1,24.42
N#Cc1ccc(-n2nnc(-c3ccc(N)cc3)n2)cc1,13.46
C=c1[nH]c(=Cc2cc(C)n(-c3ccc(C#N)cc3)c2C)c(O)c1C(=O)OCC,19.2
CC(=O)c1c(-c2ccc(Cl)nc2)nn(-c2ccc(N=Cc3ccc4ccccc4n3)cc2)c1C,29.44
CC(C)(C)c1ccc(-c2cncc(-c3ccc(N)nc3)n2)cc1C#N,23.44
N#Cc1ccc(-c2c(Cc3[nH]c(=O)[nH]c3O)c3ccc(Cl)cc3n2-c2ccc(C#N)cc2)cc1,25.42
CN(C)c1ccc(C=C2Oc3cccc(O)c3C2=O)cc1,18.97
Cc1cc(-c2ccc(N3C(=O)c4ccc(C(=O)N5CCN(c6ccc(C#N)cc6)CC5)cc4C3=O)cc2)ccn1,24.36
Cn1c(=O)n(C)c2cc(C#N)c(Cl)cc21,16.45
CS(=O)(=O)c1ccc(-c2ccc3c(-c4ccc(C#N)cc4)nc(=N)[nH]c3c2)cc1,17.47
CC(C)=CCCC(C)=CCc1c(O)cc(C=Cc2ccc(C=O)cc2)cc1O,18.49
N#Cc1ccc(-c2c[nH]c(=N)c3c(-c4nc(Cc5ccccc5)ccc4O)snc23)cc1,31.29
COc1cc2cc(C#N)cc(C#N)c2cc1OC,16.4
N#Cc1ccc(C=NC(C#N)C=NC(=O)C2C=CC3C=CC=CC32)cc1,33.71
Cc1cc(C)cc(Oc2cccc(C)c2C)c1,24.72
CN1CCC(N=c2cc(-c3ccco3)nc3c(=Cc4[nH]c(=O)[nH]c4O)cnn23)C(F)C1,27.92
O=C(NCC1CC1)c1ccc(-c2ccc(NC(=O)c3cnc4ccccc4n3)cc2)cc1,23.59
Cc1ccc(-n2c(=O)c3cc4c(=O)n(-c5nc(-c6ccc(N=Cc7c(O)c(C=O)c(O)c(C=O)c7O)cc6)nc6ccccc56)c(=O)c4cc3c2=O)cc1,23.66
CCCc1cc(C#N)cc(-c2ccc(C#N)cc2)c1,14.67
C=Cc1ccc(-c2nc(-c3ccncc3)nc3[nH]cc(C#N)c23)cc1,20.48
CC(=O)c1cccc(C#N)c1,17.97
N#Cc1ccc(-c2cc(OCC(O)CN3CCOCC3)cc3cc(C#N)ccc23)cc1,24.95
Cc1ccccc1-n1c(O)c(C=Nc2ccc(-c3nc(-c4ccc(N)cc4)nc(-c4ccc(N)cc4)n3)cc2)c2ccccc2c1=O,15.57
N#Cc1ccc2nc(-n3ccc4cc(-c5ccc(F)c(C#N)c5)ccc43)[nH]c2c1,28.09
O=c1c2ccccc2nc2n1Cc1cc3ccccc3nc1-2,15.51
COc1cccc(NC(=O)c2nn(-c3ccc(C)cc3)nc2C=O)c1,19.28
N#Cc1ccc(-c2ccc(CC(C#N)C(=O)O)c(F)c2)cc1,15.85
N#Cc1cccc(C(=O)N2CCN(C(=O)c3ccccc3)CC2)c1,20.44
N#Cc1ccc(F)cc1C#N,11.48
N#Cc1ccc(C(=O)C2=CC(=O)c3ccccc3C2=O)cc1,18.69
Cc1cc(-c2nc(-c3ccc(N)nc3)nc3c2c(-c2ccc(C#N)cc2)nn3C)ccc1-c1ccc(C#N)cn1,27.89
N#Cc1ccc(-c2cc(=Nc3ccc(-c4nc5ccccc5s4)cc3)nc[nH]2)cc1,20.06
CN(C)S(=O)(=O)c1ccc(-c2c(C#N)c3cc(C#N)ccc3n2-c2ccc(C#N)cc2)nc1,21.35
O=c1c2ccccc2sn1-c1ccccc1,17.91
Cc1nc(-c2ccc(C#N)cc2)sc1CN1C(=O)CCCC1c1ccccc1OCCO,33.61
N#Cc1ccc(C(=O)c2[nH]c(-c3ccc4c(c3)OCO4)nc2-c2ccc(C#N)cc2)cc1,27.96
CC(C)(C)OC(=O)Cc1ccc(NC(=O)CCc2ccccc2)cc1,31.78
N#Cc1ccc(-c2cc(-c3ccc(C#N)cc3)n(-c3ccccn3)c(=O)c2C#N)cc1,20.41
N#Cc1ccc(N=Cc2ccc(-c3nc(-c4ccc(C=O)cc4)cc(-c4cc[n+](-c5nc(Cl)nc(Cl)n5)cc4)n3)cc2)cc1,17.76
CN1CCN(c2ccc(-n3[nH]c(=O)c4cc5c(=O)[nH]n(-c6ccc(C#N)cc6)c(=O)c5cc4c3=O)cn2)CC1,12.99
CCc1ccn(-c2ccc(-c3nc4cc(C)c(C)cc4[nH]3)cc2)c(=O)c1Br,26.22
N#Cc1c(-c2ccccc2)c2c(O)c3ccccc3c(O)c2oc1=N,12.79
N#Cc1ccc(-c2cc[n+](-c3nc(Cl)nc4ccccc34)cc2)cc1,14.74
COc1ccc2c[n+](C)c(-c3ccc(C=NN)cc3)cc2c1,27.48
N#Cc1ccc(OCc2ccc(CN3CCC4(C=Cc5ccccc54)CC3)cc2)cc1,21.08
N#Cc1ccc(-c2cc(F)c(F)c(F)c2F)cc1,17.97
CN1C(=O)N(CC(O)CN2CCN(c3ccc(C#N)cc3)CC2)C(C)(C)C1=O,27.57
N#Cc1ccc(OS(N)(=O)=O)cc1,15.03
Cc1ccc(O)c(-c2nc3ccccc3c(=NN=Cc3cc(CN(C)C)c(O)c(CN4CCCCC4)c3)[nH]2)c1,29.57
C=CC(=O)Nc1ccc(C#N)cc1C,22.47
N#Cc1c(-c2ccccc2)[nH]c2ccc(-c3ccc(N)cc3)cc2c1=O,20.86
O=Cc1ccc(-c2cc(C(=O)O)ccn2)cc1,14.95
Cc1cc(C=NNS(=O)(=O)c2ccc(N)cc2)c2ccc(C#N)ccc1-2,23.17
N#Cc1ccc(-c2ccc3nc(-c4ccc(C(=O)NN)cc4)nc(OC4CCCCC4)c3c2)cc1,24.01
O=C(O)CC(NC(=O)c1cc(-c2nc(CO)no2)ccc1Cl)c1ccccc1Cl,28.92
N#Cc1ccc(C=NNC(=O)c2cc3cc(OC(F)F)ccc3[nH]2)cc1,24.78
COC(=O)c1ccc(-c2cc(C=O)cc(-c3nc4cc(C#N)ccc4[nH]3)c2O)cc1,22.79
N#Cc1cccc2c(=O)c3ccccc3[nH]c12,20.08
CC1CN(c2ncc(-c3cnc4c(c3)CCCN4C(N)=O)cn2)CC(C)O1,20.4
CC1CCc2c(C#N)c3c(c(C#N)c2C1)N(CC1CC1)CCN3,23.39
Cn1cc(-c2cc(C#N)c3ccc(NCc4cncn4Cc4ccc(-c5ccccc5)cc4)cc3c2)c2ccc(C#N)cc21,36.69
CCC(C#N)NC(=O)CSCC=C(C)CCC=C(C)C,33.89
Nc1cc(O)c(N=Cc2ccc(-c3nc(-c4ccccc4)cc(-c4ccc(C=C5C(=O)NC(=S)NC5=O)cc4)n3)cc2)cc1O,16.57
N#Cc1ccc(-c2nc(-c3cccc(C#N)c3)c3ccccc3n2)cc1,18.77
C[S+]([O-])c1ccc(-c2ccc(-c3ccc(S(C)(=O)=O)cc3)c(C#N)c2)nc1,27.73
Cc1ccc(C(=O)c2cccc(C#N)c2)cn1,20.75
COc1cc(OCc2ccc(C#N)cc2)ccc1C=O,16.63
CCOC(=O)C1=C(C)N=c2sc(=Cc3ccc(Cl)cc3)c(=O)n2C1CC,23.56
C=CC(=O)c1ccc(C#N)cc1,15.68
N#Cc1ccc(-c2cc(-c3[nH]c(-c4ccc(C#N)cc4)cc3-c3ccc(F)cc3)nc(-c3ccc(C#N)cc3)n2)cc1,16.51
N#Cc1ccc(-c2noc3nc(-c4ccc(C#N)cc4)n(-c4ccc(C#N)cc4)c(=O)c23)cc1,16.89
Cc1ccc(-c2nc(C=O)c(=O)n(CC(=O)Nc3cc(C)ccc3C)n2)cc1,31.3
Cc1noc(-c2ccc(-n3c(-c4ccc(C#N)cc4)nnc3-c3ccc(N4CCOCC4)nc3)cc2)n1,20.27
Cc1ccc2nc(-n3c(-c4ccc(C#N)cc4)c(C#N)c4c(F)cc(-c5ccc(C#N)cc5)cc43)sc2c1,18.91
CN(C)c1ccc(-c2ccc(-c3nc(-c4ccc(C=O)cc4)no3)cc2)cn1,22.69
N#Cc1ccc2c(c1)Oc1ncccc1C2NC1CCN(CC2CC=CCC2)CC1,31.14
Cc1ccccc1C(=O)N=c1cc(-c2ccc(C#N)cc2)[nH]c(-c2ccc(C#N)cc2)n1,19.59
COc1cc(CN(C)C(=O)Nc2ccc(-c3cn[nH]c3)cc2)ccc1-c1ccc(C#N)nc1,29.68
N#Cc1ccc2c(c1)c1cc(C#N)c(C#N)cc1n2C(=O)c1ccc(Cl)cc1,23.94
COc1ccc(N(C)C(=O)COc2ccc(-c3cc(=O)c4c(O)cc(O)c(OC)c4o3)cc2)cc1OC,38.22
CC1=C(C)Cc2c(c(O)n(-c3ccc(C#N)cc3)c2O)C1,18.88
COc1ccc2[nH]c(-c3ccc4c(c3)OCO4)c(C=O)c2c1,16.4
N#Cc1cccc(-c2ccc3c(c2)Cc2ccc(C#N)cc2C2CC3C2)c1,24.37
COc1ccc2c(c1)-n1cc(-c3ccccc3)[n+](-c3ccc(C)cc3)c1C2=O,24.57
Cc1cc(C=O)cc(C=Nc2nc3ccc(N)cc3[nH]2)c1O,23.89
N#Cc1ccc(-c2ccc(-n3cc(C(=O)C(N)=O)c4ccccc43)cc2)cc1,25.4
N#Cc1ccc(-c2ccc(C=CC(O)=NO)cc2)cc1,13.85
N#Cc1ccc(-c2[nH]c(-c3ccc(N)nc3)nc2C(N)=O)cc1,17.46
Oc1ccc2coc(=S)cc2c1,25.64
N#CC(=N)C(C#N)C#N,12.13
N#CCc1ccc(-c2ccc(C#N)cc2)cc1,10.98
N#Cc1ccc(-c2ccnc(C(=O)O)c2)cc1,18.22
CC1CN(Cc2ccc3[nH]c(=NC(=O)NN=Cc4ccccc4)sc3c2)CC(C)N1,25.15
Cc1cc2nc(-c3ccc(-c4nc5ccccc5[nH]4)cc3)[nH]c2cc1C(N)=O,25.73
N#Cc1cccc(-n2c(O)c3c(c2O)CCC=C3)c1,14.6
Cc1ccc(C2=Nc3nc4cc(C#N)ccc4n3C(c3ccc(C)cc3)C2)cc1,24.72
COc1c2c(cc3c(=O)cc(-c4ccncc4)oc13)OC(C)(C)C=C2,28.4
N#Cc1ccc(-c2ncc[nH]c2=NS(=O)(=O)c2ccc(C#N)cc2)cc1,17.33
N#Cc1ccc(C[S+]([O-])c2ccc(C#N)cc2)cc1,17.04
C(#Cc1ccccc1)C=CC1=CCCCC1,18.4
N#Cc1ccc(-c2ccc(-n3ccc(=O)[nH]c3=O)cc2)cc1,15.3
N#Cc1cccc2cc(-c3cc[n+](-c4nc(Cl)nc(Cl)n4)cc3)ccc12,14.03
Cc1ccc(-[n+]2ccc(-c3ccccc3)cc2)nc1C=O,17.78
N=c1[nH]cnc2c1ncn2C1CC(O)C(CO)O1,17.6
N#Cc1ccc(-c2cn(C3CCN(C(=O)Cc4cccc(C#N)c4)CC3)nn2)cc1,28.08
N#Cc1ccc(-c2nc(=O)c3c(-c4ccc(C#N)cc4)nn(-c4ccccc4)c3[nH]2)cc1,17.32
N=c1c(C=CC(=O)O)c(O)[nH]c2ccccc12,28.41
N#Cc1ccc(-c2ccc(C(=O)NC(CN)c3cccc(Cl)c3)c(F)c2)cc1,16.73
O=C(N=c1cc[nH]cc1)Nc1ccc(-c2nc(N3CC4CCC(C3)O4)nc(N3C4CCC3COC4)n2)cc1,21.42
CCOc1ncccc1C(=O)N1CCN(Cc2ccccc2)CC1,24.11
CS(=O)(=O)N1CCc2nc(-c3ccc(C#N)cc3)n(-c3ccc(C#N)cc3)c2C1,18.75
N#Cc1ccc(-c2ccc(C#N)c(C(F)(F)F)c2)cc1,15.62
CC(O)CC#Cc1ccc(N2C(=O)c3cccc4c(C#N)cc(C#N)c(c34)C2=O)cc1,17.71
Cc1ccc(-c2cc(-c3cccc(C=O)c3)nn2-c2ccc(C)cc2)cc1,19.41
CC(C)Oc1ccc(-c2ccc(-n3c(=O)nc(C4CCCOC4)c4c[nH]c(=N)nc43)cc2)cc1C#N,27.95
N#Cc1ccc(-c2nc(C#N)nc3c2ccn3CC2CCCO2)cc1,12.39
Nc1ccc(-c2nc(-c3ccc(N)cc3)nc(-c3ccc(N=CN4CCN(C=O)CC4)cc3)n2)cc1,10.68
N#Cc1ccc(-c2ccc3ccc(-c4ccc(C=O)cc4)cc3n2)cc1,21.16
N#Cc1cc(C#N)c2cccc3c2c1C=CC3=O,10.33
N=C(N)c1ccc(-c2cc(-c3ccc(C=O)cc3)cc(C(=O)NN)n2)cc1,26.4
CC1(OC(=O)CCc2ccccc2)C(=O)C=C2C=C(c3ccccc3)N(Cc3ccccc3)C=C2C1=O,23.35
CC(C)c1ccc(-n2c(-c3ccc(C#N)cc3)cc3c2cc(-c2ccc(C#N)cc2)n3-c2ccc(N3CC(O)C(O)C3)cn2)cc1,24.99
N#Cc1ccc(N=c2nc(-n3nc(C(F)F)cc3-c3ccc(C#N)cc3)cc[nH]2)cc1,20.52
Cc1ccc(-c2nc3nc(-c4ccc(C#N)cc4)ccc3nc2-c2ccc(C#N)cc2)cc1,16.94
CC=c1[nH]c(C)c(C)c(=Cc2cc(C(=O)CC(C)CO)c3ccccc3c2O)c1=O,38.59
Cc1ccc2c(ccc3[nH]c(=N)[nH]c(=N)c32)c1,22.17
N#Cc1ccc(-c2cc3c(cc(-c4ccc(C#N)cc4F)n3-c3ccc(C#N)cc3)n2-c2ccc(C#N)cc2)cc1,16.24
COc1nc(-c2ccc(NC(=O)Nc3ccc(NC(=O)C4CCCCC4)cc3)cc2)nc(N2CCOCC2)n1,24.49
N#Cc1ccc(CNc2ccc3c(c2)=NC(=O)C=3Cc2ccc[nH]2)cc1,21.22
N#Cc1ccc(-c2cc(-c3nc(-c4ccc(N=C=S)cc4)ns3)c3cc4c(cc3n2)OCC4)cc1,33.06
CCN=c1[nH]c(C)c(-c2[nH]c(=Nc3ccc(N4CCOCC4)cc3)ncc2F)s1,24.37
COc1ccc(-c2cc(-c3ccc(Cl)cc3)c(C#N)c(=N)[nH]2)cc1,23.22
N#Cc1ccccc1N=NN1CCOCC1,19.37
Cc1cc(Br)cc(C)c1N=Nc1c(O)ccc2c1n(C)c(=O)c(=O)n2C,32.06
Cc1cc(C)n(CCNC(=O)CSc2nnc(-c3ccccc3)n2-c2ccc(C#N)cc2)n1,29.76
N#Cc1ccc(-c2csc(-c3ccccc3N=Cc3ccccc3Cl)n2)cc1,23.24
Nc1ccc(-c2nc(-c3ccc(N)cc3)nc(-c3ccc(-c4cccc(-c5ccc(Br)cc5)c4)cc3)n2)cc1,15.73
N#Cc1ccc(Cl)c(-c2ccc(C#N)c(C#N)c2)c1,20.12
Cc1ccc(C#N)cc1NC(=O)c1ccc2nc3cc(S(=O)(=O)N=c4cc[nH][nH]4)ccc3cc2c1,43.49
CCOc1ccc(-c2cc(-c3ccc(C=O)cc3)nc(-c3ccc(C#N)cc3)n2)cc1,15.94
O=Cc1ccc(-c2ccc(-c3ccc(C=O)cc3)o2)cc1,13.27
Nc1ccc(-c2nc(-c3ccc(N)nc3)nc(-c3ccc(N=Cc4ccccc4)nc3)n2)cc1,15.95
COc1cc2c(=Nc3cc(C(=O)N=c4cc(C(C)C)[nH][nH]4)ccc3C)nc[nH]c2cc1NCC(F)F,32.62
N#Cc1ccc(-c2cc(C#N)cc(C#N)c2)nc1,11.71
N#Cc1ccc(N=CNNc2ccc(-c3nc(-c4ccc(N)nc4)nc(-c4ccc(N)nc4)n3)cn2)cc1,14.82
N#CC(C#N)=Cc1ccc2[nH]c(-c3ccc4[nH]c(-c5ccc(C=Cc6ccc(C=Nn7cc(O)c(O)c7O)cc6)cc5)nc4c3)nc2c1,28.41
CC1c2nc(-c3ccc(F)cc3)nn2CCN1c1ccc(C#Cc2ccc(C#N)nc2)cn1,23.64
O=c1[nH]cc(Cc2ccccc2)cc2c(Cl)c(Cl)cc1-2,21.84
O=Cc1ccc(-c2ccc(C(=O)NN=Cc3ccc(Br)cc3)cc2)cc1,17.83
N#Cc1ccc(-n2nc(C(N)=O)c3c2-c2cc(NC(=O)c4ccccc4Cl)ccc2CC3)cc1,13.89
Cc1ccc(-c2cc(-c3ccc(C#N)cc3)c(-c3ccc(C#N)cc3)o2)cc1,12.72
Cc1nc(-c2ccc3ncsc3c2)cc(=NC(=O)c2cc(C#N)ccn2)[nH]1,20.15
Cn1ncc(N2CC(C#N)C2)c(-c2ccc(C#N)cc2)c1=O,23.56
O=C1c2ccccc2C(=O)c2cc(S(=O)(=O)Nc3ccc4c(c3)OCCO4)ccc21,26.67
CN1CCN(c2ncc(C(=O)Nc3ccc(C#N)cc3)cn2)CC1,19.12
O=Cc1cc(O)cc(-c2cscn2)c1,23.67
Fc1ccc(NC(=S)NN=Cc2ccncc2)cc1,20.27
CC(C)=CCn1c(N)c(C#N)c2ncn(C)c(=O)c21,22.92
N#Cc1ccc(-c2cc(C=Cc3ccnc(C(N)=O)n3)n(-c3ccc(C#N)cc3)n2)cc1,24.39
CC(=O)n1[nH]c(C)c(N=Nc2ccc(C(=O)O)cc2O)c1=O,24.23
CC1(C)C(C(=O)c2cn(-c3ccc(C#N)cc3)cc(-c3ccc(OCCN4CCOCC4)nc3)c2=O)C1(C)C,29.73
Cc1ccc(-c2nc(N=C3NCCO3)cc(-c3ccc(C#N)cn3)n2)cn1,32.16
CSc1ccc(-n2nc(-c3ccc(C#N)cn3)nc2-c2ccc(C#N)cc2)cc1,18.99
Nc1ccc(C=Nc2ccc(-c3nc(-c4ccc(N)cc4)nc(-c4ccc(C=O)cc4)n3)cc2)cc1,12.72
Cc1ccc(-n2ncc(-c3ccc(N)nc3)n2)cc1,19.24
N#Cc1ccc(-c2c(C#N)cc(C#N)c3cc(-c4ccc(F)c(F)c4)ncc23)cc1,27.16
Cc1cc(=O)oc(=O)n1CCc1ccc(S(N)(=O)=O)cc1,27.62
N#Cc1cccc(N=c2nc(N=c3cc(C4CC4)[nH][nH]3)cc(C#N)[nH]2)c1,16.25
NC(=O)n1cc(NC(=O)N2CC(N)CC2C(=O)Nc2ccc(-c3ccc(C=O)cc3)cc2)c2ccccc21,30.85
Cc1c(C)c2c(-c3ccc(C#N)cc3)ccnc2[nH]c1=O,26.31
O=C1c2ccccc2C(=O)c2c(Cl)c(Cl)c(Cl)c(Cl)c21,20.87
Cc1cc(-c2ccc(C#N)cc2)ccc1S(=O)(=O)NC(CC(=O)O)C(=O)N1CCC(C)CC1,29.39
N#Cc1ccc(-c2ccc(C#N)cc2C#N)nc1,10.62
N#Cc1ccc(-c2nc3cnc4ccc(C#N)cc4c3n2-c2ccc(C#N)cc2)cc1,20.15
Cn1c2c(c3ccccc3c1=O)C(=O)c1ccccc1-2,17.67
Nc1ccc(-c2csc(N=Cc3ccc(-c4nc(-c5ccc(C=O)cc5)nc(-c5ccc(C=O)cc5)n4)cc3)n2)cc1,13.2
O=C(O)c1cc(N=Cc2ccc(-c3noc(-c4ccccc4)n3)cc2)ccc1O,18.37
Cc1c(-c2nc(-c3ccc(C#N)cc3)cs2)c(=O)n(-c2ccccc2)n1C,18.11
O=C(NCC(O)=NO)C(Cc1ccccc1)NC(=O)C(Cc1ccccc1)Nc1ccccc1,37.16
N#Cc1ccc(Oc2ccc(C#N)cn2)cc1,13.45
C#Cc1cccc(-c2ccc(-c3ccc(C(=N)N)cc3)nn2)c1,22.12
N#Cc1c2c(c(C#N)c3c1CCC3)CCC2,12.81
N#Cc1ccc(C(=O)Nc2ccc(N3CCNCC3)nc2)cc1-c1ccc(C(F)(F)F)cc1,18.96
ON=Cc1cc[n+](CN=Cc2cccc(C[n+]3ccc(C(O)=NO)cc3)c2)cc1,33.22
CN(Cc1ccc(F)cc1)Cc1cc(-c2nc(=O)c3ccc(C#N)cc3[nH]2)ccc1-c1ccc(C#N)cc1,29.45
COc1ccc(-c2ccc(C#N)cc2)cc1C(C#N)c1ccc(=O)n(C)c1,28.31
Cc1ccc(C=Nc2ccc(-c3nc(-c4ccc(C=O)cc4)nc(-c4ccc(C=O)cc4)n3)cc2)cc1,15.82
Cc1ccc2nc(-n3c(-c4ccc(C#N)cc4)cc4c3cc(-c3ccc(C#N)cc3)n4-c3ccc4c(c3)OCO4)sc2c1,13.29
CCCCCn1c(=O)c2nc(-c3cnn(Cc4ccc(C(F)(F)F)cc4)c3)[nH]c2n(CCC)c1=O,32.27
CC(CNC(=O)CN)NCc1ccc(N=Cc2ccc(C#N)cc2)c2oc3cc(=N)c(=O)cc-3oc12,44.86
N#Cc1cc(-c2cnc(N3CCNCC3)nc2)cc(-n2c(C=Cc3ccc4ccc(C#N)cc4n3)nc3ccccc3c2=O)c1,35.99
Cn1c(=O)c(Cc2ccc(-c3ccccc3-c3nc(=O)o[nH]3)cc2)c(CCC2CCCCC2)c2ccc(C#N)cc21,24.6
N#Cc1ccc2cc3n(c2c1)CCC3Cc1ccc(C(=O)NC2CC2)cc1,30.05
COc1cc2cc(-c3ccc(C)cc3)c(C#N)c(C#N)c2cc1OC,18.56
CC=CCCC1=C(C(=O)C=CC)C2=C(CC1)CC(=O)C(C)(C)C2,40.9
C#CCOC(=O)C(=NO)Sc1cccc(N)c1,29.53
N#Cc1ccc(-c2cc3cc(C#N)ccc3oc2=O)cc1,15.57
O=Cc1oc(O)c2c1CC(O)(CO)C1OC2CC(O)C1O,36.2
Nc1ccc(-c2nc(-c3ccc(N)nc3)nc(-c3ccc(N=Cc4ccco4)nc3)n2)cn1,14.88
N#Cc1ccc(-n2c(=Nc3cc[n+]([O-])cc3)[nH]c3cc(Nc4cc(F)cc(C#N)c4)ccc3c2=O)cc1,28.83
N#Cc1ccc(-c2cc(CN(CC3CCCO3)C(=O)Cc3ccc(C(=O)O)cc3)cs2)nc1,31.56
CC1Cc2cc(N=Cc3ccc(-c4nc(-c5ccc(C=O)cc5)nc(-c5ccc(C=Nc6cc(O)c(N)cc6O)cc5)n4)cn3)cc(O)c2C(C)N1,21.11
Cc1cc(C)cc(-c2ccc3c(c2)C(=O)N(CCN(C)C)CC(=O)N3)c1,23.73
N#Cc1ccc(-c2cc(-c3ccc(C#N)cc3)c(-c3ccccn3)o2)cc1,15.91
NC(N)=NC(=O)c1ccc(-c2cccc(NCc3cccnc3)c2)cc1,26.63
CCOc1ccc(-c2nc(-c3ccc(C=Nc4ccc(C#N)cc4)cc3)[nH]c(=N)c2C#N)cc1C#N,20.83
N#Cc1ccc(-c2ccc(C(N)=O)c3c2C(=O)N(c2ccc(-c4ccncc4C#N)cc2)C3=O)cc1,26.05
CC(C)n1c(=O)n(Cc2ccnc3ccc(Cl)cc23)c(=O)n(-c2ccc(-c3cccc(NS(=O)(=O)c4ccc(C#N)cc4)c3)cc2)c1=O,30.84
Nc1nc(N)nc(N=CN2CCOCC2)n1,10.98
N#Cc1ccc(-c2cc(-c3ccncc3)c[nH]c2=N)cc1,16.58
Cc1ccc(-c2cn(CCNC(C)C)c(C3CCN(c4[nH]cnc(=N)c4C#N)CC3)n2)cc1C#N,28.03
COc1ccc(N(c2ccccc2)C2CCCN(CCc3ccccc3)CC2)cc1,32.68
Cc1cn(CC2CCN(c3nc(-c4ccc(C#N)cc4)nc(-c4ccc(C#N)cc4)n3)CC2)c(=O)[nH]c1=O,25.39
N#Cc1ccc(-c2ncc(N)c(C#N)n2)cc1,13.51
Cc1c(C#N)c(N(C)CCCNC(=O)c2ccc(C#N)cc2)n(C)c(=O)c1C#N,32.92
Cc1cc2nc(-c3cnc(=N)[nH]c3)cc(-c3ccc(C#N)cc3)c2cc1C,21.13
N#Cc1ccc(-c2ccc3nc(CN)ccc3c2)cc1,19.58
Cc1ccc(C(=O)c2cn(-c3ccc(C(=O)O)cc3)c3ccc(Br)cc23)cc1,23.88
COc1cc(-c2ccccc2CO)cc(C=O)c1O,20.09
CC(=O)Nc1cccc(-c2cccc(CNC(=O)c3nc(C)oc3C)n2)c1,21.88
N#Cc1ccc(CC(=O)N=c2[nH]c(-c3ccc(Br)cc3)cs2)cc1,20.73
Nc1ccc(-c2nc(-c3ccc(N)nc3)nc(-c3ccc(N=Cc4cc(C=O)c5ccccc5c4O)nc3)n2)cn1,16.96
CCOC(=O)c1ccc(C=O)s1,20.28
N#Cc1ccc(NCc2ccc(-c3ccc(C#N)cc3)cc2)cc1,15.63
COc1cccc(-c2cc(OC)c(C=Nc3ncc(-c4ccccc4)n3-c3ccc(C#N)cc3)c(OC)n2)c1,36.48
N#Cc1cccc(-c2c[nH]c3ccccc23)n1,16.05
Nc1cc(O)c(N=Cc2ccc(-c3nc(-c4ccc(C=O)cc4)nc(-c4ccc(C(F)(F)F)cc4)n3)cc2)cc1O,15.11
N#Cc1ccc(C#N)c2c(C#N)c3ccccc3nc12,13.58
Cc1nc(=O)c2ccc(CN(Cc3ccc(C#N)cc3)c3ccc(C(=O)NC(C(=O)O)C(C)OC(C)(C)C)cc3)cc2[nH]1,37.11
N#Cc1ccc(-c2ccc(-c3ccc(C=O)cc3)nc2)cc1,11.35
N#Cc1ccc(-c2ccccc2C=O)nc1,13.83
N#Cc1ccc(-c2ccc(F)cc2F)nc1,11.8
CC1(C)CCc2c(C=O)c(O)c(C=O)c(O)c2O1,17.22
Cc1cc(=O)[nH]c2cc(N=CN3CCN(C=O)CC3)ccc12,18.62
Cc1cn(-c2ccc(NC(=O)c3cc(-c4ccc(C#N)nc4)nc4ccc(-c5cc(-c6ccc(C#N)cc6)cc(-c6ccc(Cl)s6)n5)cc34)cc2)c(C)n1,42.29
N#Cc1ccc(-c2nc3ncccn3c2-c2ccc(C#N)cc2)cc1,14.25
Cc1ccc(C)n1-c1cc(-c2ccc(C#N)cc2)n(-c2ccc(C#N)cc2)n1,21.88
O=Cc1ccc(-c2cccc([N+](=O)[O-])c2)cc1,14.01
Cc1cc(C)c2oc(-c3ccc(NC(=O)COc4ccc(C#N)cc4)cc3)nc2c1,16.97
Cc1cc(C)c(C=Nn2c(=O)c3cc4c(cc3c3ccccc32)C(=O)N(c2ccc(C#N)cc2)C4=O)c(C)c1,23.0
C=Cc1ccc(-c2nc(-c3ccc(C=O)cc3)nc(-c3ccc(C=O)cc3)n2)cc1,12.44
N=C(N)c1ccc2[nH]c(-c3ccc(C4=NC(=O)C(=Cc5ccc(-c6ccc(-c7ccc(-c8nc9cc(C(=N)N)ccc9[nH]8)cc7)cc6)cc5)CN4)cc3)nc2c1,36.41
N#Cc1ccc(CN=c2cc(-c3ccc(C#N)cc3)nc(-c3ccc(C#N)cc3)[nH]2)cc1,14.91
CC(=O)N(C)Cc1ccc(-c2ccc(C#N)cn2)cc1,15.61
Cc1ccc2nc(-n3c(-c4ccc(C#N)cc4)cc4cc(-c5cnc(N6CCOCC6)nc5)ccc43)sc2c1,16.75
N#Cc1ccc(-c2nn(-c3ccc([N+](=O)[O-])cc3)cc2C=O)cc1,16.44
CCN=c1[nH]c(C)cc(=NCCNC(=O)c2cccs2)[nH]1,30.56
Cc1ccc(N=Cc2ccc(-c3nc(-c4ccc(C=O)cc4)nc(-c4ccc(C=O)cc4)n3)cc2)cc1,9.87
CNc1[nH]c2cc(Cl)ccc2c1S(=O)(=O)c1ccccc1,27.14
O=Cc1ccc(O)cc1O,12.65
N#Cc1cc(C#N)c2ccc3c(C(=O)O)cc(C(=O)O)c4ccc1c2c43,18.2
N#Cc1ccc(-n2c(=O)[nH]c3sc4c(c3c2=O)CCCC4)cc1,13.53
Cc1nc(-c2ccc(S(=O)(=O)Nc3ccccc3C)cc2)co1,21.15
N#Cc1ccc(C#CC2(N)CC3CCC(C2)N3C(=O)c2ccc(C#N)cc2)cc1,20.98
COC(=O)c1ccc(Cn2c(=CC#N)c(=CC(C)C)c3cc(F)ccc32)cc1,23.01
N#Cc1ccc(-c2ccc3ccc(C#N)cc3n2)cc1,15.29
O=Cc1ccc(-c2nc3cc(-c4ccncc4)ccc3[nH]2)cc1,18.24
CC(C)c1ccc(-n2c(-c3ccc(C#N)cc3)cc3c2cc(-c2ccc(N(C)C)c(CO)c2)n3-c2ccc(C(C)C)cc2)cc1,18.42
COc1ccc2nc3ccc(C#N)cc3cc2c1,18.84
Cc1ccc2nc(-n3nc(-c4ccc(N)nc4)cc3C#N)sc2c1,19.41
N#Cc1c[nH]c(=NC(=O)NCC(F)(F)c2ccccn2)cn1,28.65
N#Cc1cc(NC(=O)c2csc(-c3c(F)cccc3F)n2)cc(C(N)=O)c1,25.84
N#Cc1ccc(-c2cnc(-c3ccc(C#N)cc3)s2)cc1,14.92
Cc1ccc2c(=N)nc(-c3ccc(C#N)cc3)[nH]c2c1,17.49
Cn1cc(-c2cnc3c(n2)c(=O)n(-c2ccc(C#N)cc2)c(=O)n3C)cn1,16.25
N#Cc1ccc(S#N)cc1,15.17
COC(=O)NN=Cc1cc(C)n(-c2ccccc2)c1C,16.78
N#Cc1ccc(C(=O)c2cccc(-c3ccccc3)c2N)c(F)c1,18.71
CC(=O)c1ccc(-n2c(-c3ccccc3CO)cc(=O)c3ccc(-c4ccc(C#N)cc4)cc32)cc1,26.46
CNCc1cc(C=O)cc(C(=O)N=c2cc(C(N)=O)[nH]c(-c3cccc(C)c3)c2)c1,36.47
Cc1c(C)c(O)c(C=Nc2cccc(C(=O)Nc3ccc(-c4cccc(C#N)c4)cc3)c2)c(C)c1O,27.7
Cc1cc(=Nc2nc(=Nc3cccc(C#N)c3)nc(N3CCN(C4CC=CC4)CC3)[nH]2)[nH][nH]1,29.06
Cc1ccc2nc(-n3c(-c4ccc(C#N)cc4)cc4c(-c5ccc(C#N)cc5)nc(-c5ccc(C=O)cc5)cc43)sc2c1,13.94
Cc1ccc(N=Cc2ccc(-c3cc(-c4ccccc4)cc(-c4cccs4)n3)cc2)cc1,19.71
Cc1nc(=N)c(C#N)c(-c2c[nH]c(=N)c(OC(F)F)c2)[nH]1,24.56
N#Cc1ccc(-c2nc(-c3ccccc3)n(-c3ccccc3)c2-c2ccccc2)cc1,17.75
N#Cc1ccc(C(=O)C=Cc2ccc(F)c(F)c2)cc1,16.41
N#Cc1ccc(-c2cncc3ccc(-c4ccc(N5CCCCC5)nc4)cc23)nc1,22.2
COc1cccc(CNC(=O)c2ccc(C#Cc3ccc(C#N)cc3)cc2)n1,24.95
Cc1cc(=Nc2ccc3[nH]c4ccc(C#N)cc4c3c2)[nH]c(=N)[nH]1,24.27
Cc1cc(C)nc(-n2c(-c3cccn3C)nc3ccccc32)n1,27.8
COc1ccc(C)cc1-c1ccc(C)n1-c1ccc(C(N)=O)cc1,20.51
Cc1nc2c([nH]1)c(=O)n(C)c(=O)n2C,20.2
NC(=O)c1ccc(-n2nc(C(F)(F)F)cc2-c2ccc(-c3ccccc3)cc2)cc1,13.66
CCCNCc1c(-c2ccc(C#N)cc2)nc(N(C)c2ccc(C#N)cc2)c2ccccc12,25.86
COc1ccc(-c2cnc3c(-c4ccc(O)c(F)c4)nn(-c4ccnc(N5CCNCC(O)C5)n4)c3c2)cn1,40.81
Cc1cc(-c2nc(C#N)nc3c2ccn3C)ccc1C#N,15.41
Cc1ccc(S(=O)(=O)NN=Cc2ccc(C=NN=c3cc[nH]c4cc(Cl)ccc34)cc2)cc1,19.46
COc1cc(-c2ccc(-c3ccccc3)c(-c3ccc(O)cc3)c2)cc(OC)c1OC,28.92
C#Cc1c(F)c(F)c(C#N)c(F)c1F,14.4
N#Cc1ccc(C#Cc2ccc(C#N)cc2-c2cccc(C#N)c2)cc1,15.92
N#Cc1ccc(-c2ccc(-c3nc(C#N)cn3-c3ccc(C#N)cc3)cc2)cc1,13.22
COc1ccccc1-c1nc(-c2ccc(C#N)cc2)c2cc(-c3ccc(C#N)cc3)ccc2n1,20.22
N#Cc1ccc(C(=O)N=c2cc(-c3ccccc3)[nH]n2-c2ccc(C#N)cc2)cc1,16.65
Cn1c(-c2ccc(C#N)cc2)cc2scc(-c3ccc(C#N)cc3)c2c1=O,18.83
N#Cc1ccc(-c2ccc(-c3nn(-c4ccc(C#N)cc4)c4c3C(c3ccc(C#N)cc3)N(c3ccc(-c5ccc(C=CC(=O)O)cc5)cc3)C4=O)cn2)cc1,28.84
N#Cc1ccc(Cn2cc(-c3ccc(-c4ccc(C#N)cc4)cc3)nc2-c2ccc(F)cc2)cc1,19.79
N#Cc1ccc2nc3c(c(C(=O)N=O)c2c1)CCCCC3,31.52
O=C(O)c1ccc(-n2cccc2C=Nc2cccc3ccccc23)cc1,23.48
N#Cc1[nH]n(-c2ccccc2)c(=N)c1C#N,12.57
N#Cc1ccc(-c2ccc(F)c(C#N)c2)cc1,12.56
N#Cc1ccc(-c2nc(-c3ccc(C=CCCO)cc3)nc(-c3ccccn3)n2)cc1,22.26
O=Cc1ccc(-c2cc(-c3ccc(C=O)cc3)nc(-c3ccc(N=Cc4cc(C=O)c(O)c(C=O)c4O)nc3)n2)cc1,12.19
Cn1c(=O)c2c(nc(-c3ccc(C#N)cc3)n2-c2ccc(C#N)cc2)n(C)c1=O,11.67
Cc1[nH]c(=N)nc2c1cc(C#N)c(=O)n2-c1cccc(-c2ccc(C#N)nc2)c1,24.93
CC1CCc2cnc(N3CCN(C)CC3)c(C#N)c2C1,19.0
CCSc1nc(-c2ccc(Cl)c(F)c2)c(C#N)c(=O)[nH]1,28.51
N#Cc1ccc(N=Cc2cc(C=O)cc(C=Nc3ccc(-c4nc(-c5ccc(N)nc5)nc(-c5ccc(N)nc5)n4)cn3)c2O)cc1,15.95
CS(=O)(=NC1CCN(c2ccc(C#N)cc2)CC1)c1ccc(C#N)cc1,21.16
Cc1nn(C)c(C)c1CNc1ccccc1,21.13
CC(Nc1ccc(C#N)cc1[N+](=O)[O-])C(C)(C)CO,27.79
CC=Cc1ccc(-c2nc(-c3ccc(C=O)cc3)nc(-c3ccc(N=CN(C)C)nc3)n2)cc1,17.27
Cc1cc(-c2ccc(C#N)cc2)[nH]c(=Nc2ccc(C#N)cc2)c1C#N,16.3
COc1cc(C=C(C#N)c2nc(-c3ccc(C=O)cc3)cs2)ccc1O,21.43
O=C(NCCc1cc(Br)cc2ccc(O)cc12)C1CC1,30.97
N#Cc1ccc(-n2c(O)c3c(c2O)C2c4ccccc4C3c3ccccc32)cc1,14.39
Nc1ccc(-c2ccc(-c3cccc(-c4ccc(-c5nc(-c6ccc(C=O)cc6)cc(-c6ccc(N)nc6)n5)cc4)n3)cn2)cc1,25.13
O=C(O)c1cc2c(F)ccc3ccc4cccc1c4c32,22.89
Cc1ccc(-c2cc(=O)n(-c3ccccc3)n2-c2ccc(Cl)cc2)cc1,15.97
COc1ccc(N=Cc2c(S)c(C#N)c(=O)n(-c3ccc(C#N)cc3)c2O)cc1,25.87
CCC(C)c1cc2c(cc1CCC(=O)c1ccc(O)cc1O)OCO2,38.98
O=C(Cc1cc(C(F)(F)F)cc(C(F)(F)F)c1)N=c1cccc[nH]1,23.84
COc1cc(-c2nn3c(c2-c2nc(C)cs2)CCCC3)cc(OC)c1OC,27.04
CC(=O)Oc1cc2c(-c3cccc(C#N)c3)nc(C)nc2cc1C,27.11
CC(C)c1ccc(-n2cc(C#N)c(=O)c3cc(-c4ccc(C=O)nc4)ccc32)cc1,25.83
Oc1c2c(c(O)n1Cc1ccccc1)CC=CC2,17.56
N#Cc1ccc(-c2cc(-c3ccc4c(c3)OCO4)c(C#N)c(=N)[nH]2)cc1,16.17
CC1CN(c2c(Cl)cccc2Cl)CCN1CCCN1C(=O)c2cc(F)cc3c2c(cc2ccc4ccccc4c23)C1=O,41.85
Cc1ccc2c(C)c3nc(C(=O)O)cc(C(=O)O)c3c(C)c2c1,24.63
CN(C)C1(c2ccc(-c3cnc(-c4ccc(C#N)cc4)nc3)cc2)CCC1,26.55
Brc1ccc(-c2nc3ccc(Br)cc3nc2-c2ccc(Br)cc2)cc1,20.17
N#Cc1cccc(CN2C(=O)NC(CC(=O)N3CCC(O)CC3)(c3ccc(F)cc3)C2=O)c1,37.81
O=Cc1ccc(-c2cc(-c3ccccc3)cc(-c3ccccc3O)n2)cc1,19.21
COC(=O)C=Cc1ccc2c(c1)C(=O)N(CC1(C#Cc3ccc(-c4cccnc4F)cc3)NC(=O)NC1=O)C2,28.7
Cc1ccc2nc(-n3c(-c4ccc(C#N)cc4)nc4c3cc(-c3ccc(C#N)cc3)n4-c3nc4ccccc4s3)sc2c1,11.31
CN(C)C(=O)N1CC=C(c2cc3c(-c4ccc(C#N)cc4)cc(C#N)nc3cc2F)CC1,21.4
N#Cc1ccc(-n2cc(C(N)=O)c(-c3ccccc3)n2)cc1,18.43
COc1ccc(-c2oc3cc(OC)c(O)cc3c(=O)c2Cc2cc(Cc3cc(C)c(O)c(C)c3)cc(C=NO)c2O)cc1,44.36
N#Cc1cccc(C#Cc2c(F)c(F)c(C#N)c(F)c2F)c1,13.64
Cc1cc(C=NNc2ccc(C#N)cc2)cc(C#N)c1O,20.68
CON=C(c1cccc(F)c1)c1ccc(Cl)cc1F,24.92
Cc1ccc(-n2c(C=O)cc(C(=O)NN=Cc3ccncc3)c2C)cc1,17.95
Cc1cc(O)c(C)c(C=O)c1C=O,17.56
N#Cc1ccc(C#CC2(O)CN3CCC2CC3)cc1,13.08
COC(=O)c1ccc(-c2ccc(C#N)cc2)n1-c1ccc(C#N)cc1,16.23
Nc1ccc(S(=O)(=O)n2ccc3ccccc32)cc1,20.04
Cc1cccc(-n2ccnc2-c2ccc(-c3ccccc3)cc2)n1,14.26
N#Cc1ccc(-c2ccc(C=O)c(CC=Nc3ccc(S(N)(=O)=O)cc3)c2)cc1,21.82
O=C(c1ccccc1F)N1CCCC(c2nc(-c3ccccc3)no2)C1,23.09
CC1Cn2c(c3c(-c4ccc(C#N)cc4)nnc-3c(-c3ccc(C#N)cc3)c2-c2ccc(C#N)cc2)CO1,21.69
Cc1cc(C(=O)N(C(C)C)C(C)C)ccc1-c1ccc(C#N)cc1,22.31
C=CCC1=C(O)C(=Cc2cc(-c3ccc(C)cc3)n(-c3ccc(OC)nc3)c2C)OC1=O,27.65
N#Cc1ccc(-c2ccc3[nH]cnc3c2)cc1,13.31
N#Cc1ccc(-c2nc3[nH]c(=N)[nH]c(=N)c3nc2-c2ccc(C#N)cc2)cc1,16.08
N#Cc1ccc(N=Cc2ccc(-c3nc(-c4ccc(C=O)cc4)nc(-c4ccc(C=O)cc4)n3)cc2)c(O)c1,15.0
Nc1ccc(-c2nc(-c3ccc(N)nc3)nc(-c3ccc(N=Cc4ccc(C=O)cc4)nc3)n2)cn1,9.74
Cn1cc(C#N)c2cc(-n3[nH]c(=O)c4cc5c(=O)[nH]n(-c6ccc(C#N)cc6)c(=O)c5cc4c3=O)ccc21,15.16
Cc1cc(Cl)ccc1C1c2c(cc(-c3ccc(C#N)nc3)n2C(C)C)C(=O)N1c1ccc(C#N)cc1C,23.19
N#Cc1ccc(-c2ccc3nc(-c4ccc(-n5nc(-c6ccc(C#N)cc6)ccc5=O)cc4)ccc3c2)cc1,19.33
CC(=O)Nc1cc(-c2ccc(C#N)cc2)cc(-c2ccc(C#N)cc2)n1,15.4
N#Cc1ccc(-c2ccc3c(ccn3C(=O)Cc3ccccc3)c2)cn1,30.96
N#Cc1ccc(-c2cc(C#N)c(Cc3ccc(C(=O)O)cc3)nc2C#N)cc1,22.69
N=c1ncc(-c2ccc3c(c2)nc(-c2cncc(F)c2)c(=O)n3C2CCOC2)c[nH]1,33.59
Cc1cc(=NN=Cc2ccc(F)cc2F)c2cc3c(cc2[nH]1)OCO3,19.17
CC1COCCN1c1nc(-c2ccc(=N)[nH]c2)nc2nc(-c3ccc(C(=O)NCCCN(C)C)cc3)ccc12,28.74
N#Cc1ccc(-c2cc3c(s2)C(=O)NCC3CC(N)C(N)=O)cc1,33.53
C=CC1COC(=N)NC12c1cc(NC(=O)c3ccc(C#N)cc3)ccc1Oc1c2cc(-c2ccc(C#N)cc2)nc1F,31.15
N#Cc1ccc(-c2cnc3[nH]cc(-c4cc[nH]c(=N)n4)c3c2)cn1,19.3
N#Cc1ccc(-c2cc(C#N)ccc2-c2cc[nH]c(=N)n2)cc1,16.86
N#Cc1ccc(-n2c(N)c(C#N)c3nc4ccccc4nc32)cc1,17.84
Cc1c(C#N)c2ccc(-c3ccc(C#N)cc3)cc2n1-c1ccc(C(C)C)cc1,12.38
Cn1ccc(-c2ccc(C#N)cn2)c(-c2ccc(N)nc2)c1=O,20.84
C=CC(=C)C=CC=C(C=Cc1c(C)cc(C)cc1C)c1oc(=O)c(C#N)c(O)c1C,40.64
N#Cc1ccc(-c2ccc3c(-c4cccc(-c5ccc(N6CCOCC6)nc5)n4)[nH]nc3c2)c(F)c1,27.67
Cn1ccnc1-c1cc[nH]c(=NCc2ccc(F)cc2)c1,23.78
Cn1cncc1C(Nc1ccc(C#N)cc1)c1cc(C#N)cc(C#N)c1,22.53
Cc1ccc2nc(-n3c(-c4ccc(OC(F)(F)F)cc4)cc4nnc(-c5ccc(N)cc5)cc43)sc2c1,22.74
CC(C)c1ccc(CN=c2[nH]c(=NC3CCCC3)c3ncn(C(C)C)c3[nH]2)cc1,29.6
CCCc1cc(-c2ccc(Oc3ccc(C=CC(=O)O)cc3)c(N=S(C)(C)=O)c2)nc(C#N)n1,27.59
N#Cc1ccc(-c2cc(-c3ccncc3)nc(-c3ccc(N)nc3)n2)cc1,13.16
Nc1ccc(C=Cc2cc(C=Cc3ccc(N)cc3)c3ccccc3n2)cc1,15.59
Cn1c(=O)n(CC=CC#N)c(=O)c2c1nc(-c1ccccc1C#N)n2-c1ccc(C#N)cc1,24.75
N#CC(N)=C(N)N=Cc1c[nH]c2c(O)c3ccc(C(=O)O)cc3c(O)c12,43.34
Cc1nc(=N)nc(-c2ccc(C#N)cc2)[nH]1,14.24
N#Cc1ccc(-c2nc(-c3ccc(C#N)cc3)nc(-c3ccc(-n4cccn4)cc3)n2)cc1,13.2
N#Cc1cccc(-c2ccc(C(=O)Nc3cc(C#N)ccc3CNCC=O)cc2)c1,29.14
COCC#CN=C(N)NC#N,27.89
COCCn1c(-c2ccc(C#N)cc2)c(C=O)c2cc(C#N)ccc21,17.13
O=C(O)c1ccc(N2CC(Cn3cncn3)OC2=O)cn1,28.12
CN(C)c1nc(Cc2ccccc2Cl)nc(=Nc2ccc(C#N)cc2)[nH]1,21.79
CNc1ccc(-c2nc3ccc(-c4ccc(C#N)cc4)cc3[nH]2)cn1,22.7
O=Cc1ccc(C(=O)O)cc1C=O,12.31
Cc1c(CN(C)C)cc(-c2ccc(C(F)(F)F)cc2)n1-c1ccc(C#N)cc1,20.29
N#Cc1ccc(-c2ccc3c(c2)c(=O)[nH]n3-c2ccc(C#N)cc2)cc1,12.1
CCC(=O)N(Cc1cc2cc(C)ccc2[nH]c1=O)C(C)C,21.99
Cc1cn(-c2ccc(C(=O)Nc3cc(-c4cccs4)ccc3N)cc2)cn1,23.28
NS(=O)(=O)c1ccc(C=O)cc1,15.06
Cn1c(C=Nc2ccc(-c3cc(-c4ccc(N5CC[N+](C)(C)CC5)cc4)nc(-c4ccc(C=O)cc4)n3)cc2)ccc1-c1ccc(C=[N+]([O-])C(C)(C)C)cc1,40.35
N#Cc1ccc(-c2cc(-c3ccc(C=O)cc3)ccc2C=O)cc1,12.65
N#Cc1ccc(N=c2[nH]cnc3ccc(-c4cccc(O)c4)cc23)cc1,18.65
Cn1c(C#N)ccc1-c1ccc(C#N)cc1,12.31
N#CC(c1ccccc1)N1CCN(CC(=O)N2N=CCC2C#N)CC1,28.65
N=c1ncc2cc(-c3nc4cc(-c5cccnc5)ccc4[nH]3)ccc2[nH]1,26.62
C#Cc1ccc(N=C(N)N)cc1,15.18
N#Cc1ccc(-c2cc(-c3cccnc3)nc(-c3cccs3)c2)cc1,16.33
N#Cc1ccc2c(C#N)c3cc(C#N)ccc3c(C#N)c2c1,16.63
Cc1ccc(-c2nc(C(=O)C#N)oc(=O)c2C=Nc2ccc(-c3nc(-c4ccc(N)cc4)nc(-c4ccc(N)cc4)n3)cc2)cc1,24.05
CN(C)CCn1c(=O)ccc2cc(-c3ccc(-c4ccc(C#N)cc4)cc3)ncc21,22.18
CN1Nc2c3c(cc4c(=O)n(-c5ccc(C#N)cc5)c(O)c1c24)C(=O)OC3=O,21.83
Cc1ccc(NC(=O)c2cc(N)c(O)cc2N=Cc2ccc(-c3nc(-c4cccc5ccccc45)cc4[nH]c(=N)[nH]c(=N)c34)cc2)cc1,21.96
CN1CCN(c2cc(N=CN3CCN(C=O)CC3)nc(N)n2)CC1,10.98
COC(=O)C=Cc1ccc(C=Nc2ccc(-c3nc(-c4ccc(N)cc4)nc(-c4ccc(N)nc4)n3)cc2)cc1,24.62
Cc1cc(C)n(-c2nc(=NC3CCCc4ccccc43)cc(-c3ccsc3)[nH]2)n1,28.5
C#CC#CC=CC#Cc1cccc(C#N)n1,18.21
N#Cc1ccc(-c2nc(=O)nc(-c3ccc(N)nc3)[nH]2)cc1,15.29
Cn1cc2ccc(C#N)cc2c1-c1cccc(-c2ccc(C#N)cc2)c1,17.41
N#Cc1ccc(-c2cc3c(ncn3CCO)c(C#N)n2)cc1C#N,18.87
O=Cc1ccc(-c2cccc(=O)c(O)c2)cc1,21.62
N#Cc1nc(-c2ccc(C=CC(O)=NO)s2)ccc1Cl,24.68
CC(C)c1ccc(-c2c(-c3ccc(C#N)cc3)nc3ccc(-c4ccc(C=O)cc4)cn23)cc1,17.35
CC(C)(N)C=C(C#N)C(=O)N1CCCC1Cn1nc(-c2ccc(C#N)cc2)c2c(=N)[nH]cnc21,22.15
Cc1ccc(Sc2c(-c3ccc(C#N)cc3)nc(N3CCNCC3)nc2-c2ccc(C#N)cc2)cc1C,27.07
C#CC[N+](C)(C)CC#C,17.47
C#Cc1cccc(CN=c2[nH]c3c(c(=O)n(C)c(=O)n3C)n2C)c1,23.27
COc1ccc(-n2c(-c3cc(OC)cc(OC)c3)nn(Cc3ccc(-c4ccccc4-c4nn[nH]n4)cc3)c2=O)cc1,21.79
N#Cc1ccc(-c2csc(-c3ccccc3)n2)cc1,13.42
N#Cc1ccc(-c2ccc(-c3ccc(C#N)cc3)c(F)c2)cc1,10.68
CCCCN1C2CCCC1CC(NC(=O)c1ccc(-c3ccccc3C#N)s1)C2,32.33
N#CC(C#N)=Cc1nc(-c2ccc(C=O)cc2)nn1-c1ccc(-c2nc(-c3ccc(N)nc3)nc(-c3ccc(N)nc3)n2)cc1,24.15
N#Cc1ccc(S(=O)(=O)Nc2ccc3c(c2)OCCO3)cc1,18.67
N#Cc1ccc(-c2nc(-c3ccc(N)nc3)nc(-c3ccnc(Cl)c3)n2)cc1,21.45
CC(Cc1ccccc1)=NNC(=O)C=NC(=O)c1ccccc1,19.98
N#Cc1ccccc1C(=O)O,17.86
COc1cccc(C=CC(=O)C=Cc2cccc(C=CC(=O)c3ccc(OC)c(OC)c3)c2)c1,23.67
C#Cc1ccc(-c2cc(-c3ccc(C=O)cc3)nc(-c3ccc(C=O)cc3)n2)cc1,17.08
CN(C)N=Nc1ccc(C#N)cc1,12.91
Nc1cc(O)c(N=Cc2ccc(-c3nc(-c4ccc(C=O)cc4)nc(-c4c(Cl)cc(Cl)cc4Cl)n3)cc2)cc1O,16.54
N#CC(C#N)=C(C#N)c1ccc(-c2ccc(C#N)cc2)cc1,15.05
CC(C)(C)Cn1c(=O)c(-c2ccc(C#N)cc2)nc2cnc(N3CCNCC3)nc21,19.89
N#Cc1ccc(-n2c(=S)[nH]c3cc(C(=O)O)ccc3c2=O)cc1,15.77
CC(=O)Nc1ccc(Oc2cc(-c3ccc(C#N)cc3)nc(-c3ccc(C#N)cc3)n2)cc1,19.3
COc1ccc(-c2cc3c(cc(-c4ccc(C#N)cc4)n3-c3nc4ccc(C)cc4s3)n2-c2nc3ccc(C)cc3s2)cc1,11.17
COc1ccc(-c2cnn(-c3nc(-c4ccc(C#N)cc4)c4cc5c(cc4n3)OCO5)n2)cn1,26.37
CC(=O)OC(c1ccc(C#N)cc1)c1cnc(C#N)nc1,21.14
Nc1cccc(C=Cc2ncc([N+](=O)[O-])o2)c1,30.11
N#Cc1ccc(-c2cc(-c3cnc(-c4ccc(C#N)cc4)c(C#N)c3)nc(-c3ccc(C=Nc4cc(O)c(N)cc4O)cc3)n2)cc1,18.86
N#Cc1c2c(c(C#N)c3ccccc13)CCC2,12.41
CC(C)=CCc1cc(OC2CCCC2)c(C)c2oc(=O)c(C=O)cc12,32.51
CN(Cc1ccccc1)C(=O)C=NC(=O)CCc1ccc(C(=N)N)cc1,22.79
N#Cc1ccc(-c2ccc(-c3ccccc3C#N)c(C#N)c2)cc1,15.76
N#Cc1ccc(-c2cccc(F)c2)cc1,11.99
CC(C=CC1=C(C)C(n2ccnc2)CCC1(C)C)=CCCC(C)=CCC(=O)N=O,30.73
N#Cc1ccc(-c2ccc(-c3cc(C(F)(F)F)nn3-c3ccc(C=O)cc3)o2)cc1,22.29
CCC(=O)N1CC(NC(=O)N=c2cc3[nH]nc(OC)c3c(CO)[nH]2)C1=O,30.25
CCN(C)c1ccc(C=Nc2sc(C)c(C)c2C#N)cc1,26.6
N#Cc1ccc(-n2c(-c3ccco3)nc3c(=N)nc(-c4ccco4)[nH]c32)cc1,23.38
N#Cc1ccc(-c2cnc(-c3ccc(C(N)=O)nc3)nc2)cc1,18.75
Cc1nc(-n2nc(-c3ccc(C#N)cc3)cc2-c2ccc(Oc3ccccc3)cc2)nc(N2CCN(C)CC2)c1C,28.08
N#Cc1ccc(COc2cc(N)[nH]c(=Nc3ccc(C#N)cc3)n2)cc1,15.34
CC(C)(C)NC(=O)c1ncc(-c2ccc(-n3ccc(Nc4ccc(-c5ccc(C(=O)O)cc5)cc4)cc3=O)cc2)cc1N,37.26
O=Cc1cc(C=O)c(O)c(C=Nc2ccc(O)c(-c3ccc(-c4ccc(N=Cc5cc(C=O)c(O)c(C=O)c5O)cc4)o3)c2)c1,19.71
N#Cc1ccc(-c2ccc(-c3nc4c(n3-c3ccc(C#N)cc3)CCC4)cc2)cc1,18.47
COC=Nc1cnc(-c2nc(-c3csc(C#N)c3)c3n2CCN(c2ccc(-c4c(C)noc4C)cc2)C3=O)cn1,33.0
CC1CN(Cc2cc(=O)[nH]cn2)CC(C)O1,25.61
COc1cc2c(c(C)c1C)CCc1cc(C#N)ccc1-2,19.79
CC1(C)Cc2cccc3[nH]c(CO)c(c23)C1,25.27
N#Cc1ccc(-n2c(-c3ccccc3)c(O)c3nc4ccccc4nc32)cc1,18.78
N#Cc1ccc(-c2nc(C(N)=O)cc3cc(-c4ccc(C=O)cc4)ccc23)cc1,15.61
CC(C)(C)c1ccc(C(=O)N=c2[nH]nc(-c3ccc(C(=O)O)cc3)s2)cc1,21.6
Cn1c2c(c3ccccc31)CS(=O)(=O)c1cc(C(=O)O)sc1-2,28.14
Cn1c(-c2ccc(C#N)cc2)c(-c2ccc(C#N)cc2)cc(C#N)c1=O,10.37
CSC1=NN2CCC(=O)N=C2S1,21.97
Cc1cc(C)n(CC(=O)N=Cc2ccc(C(N)N)cc2)c(=O)c1C#N,19.8
C=C1C=CC(C(C)=O)C=C1,26.05
N#Cc1[nH]c(=N)n[n+]([O-])c1N,20.15
N=c1[nH]ccnc1-c1nc(-c2ccc(N)nc2)nc(-c2ccc(C=NO)nc2)n1,23.24
NC(=O)c1cccc2c(C=O)cn(-c3ccc(C(=O)O)cc3)c12,21.84
O=C(O)c1ccccc1C(=O)N=c1cc[nH]cc1,20.38
COc1ccc(-c2c3c(n(C)c2-c2ccc(C#N)cc2)-c2ccccc2C3=O)cc1,25.41
COC(=O)c1cc(-c2ccc(C=O)cc2)n[n+](-c2ccc(C#N)cc2)n1,22.67
N#Cc1cc(C(=O)O)nn1Cc1cccc2cc(Br)ccc12,27.17
CC(=O)NCCOCCN=c1[nH]c(-c2ccccn2)cn2c(-c3ccc(C#N)cc3)cnc12,32.48
Cc1cc(C)c2c(=O)n(-c3cccc(CN4CCN(c5ccc(C#N)cn5)CC4)c3O)c(=O)[nH]c2c1,31.64
COc1cc(C=C2SC(=O)NC2=O)ccc1Oc1ccc(C#N)cc1,18.51
Cc1ccc(-n2c(=N)c(C#N)cc3c(=O)n4cc(C)c(C)cc4nc32)cc1,18.14
Cc1ccc(-c2nc3[nH]c(=N)[nH]c(=N)c3nc2-c2ccc(C#N)cc2)cc1,17.7
N#CN=Cc1ccc(-c2noc(-c3ccc(C#N)cc3)n2)cn1,14.41
CN(C#N)C(=N)c1ccc(Cl)cc1,29.95
CN1CCN(c2ccc(-c3cc4nc(-c5ccc(C(=N)N)cc5)n(Cc5ccc(C#N)cc5)c4c(C#N)n3)cc2C#N)CC1,28.9
Cc1ccc(-c2nc(-c3ccc(C=O)cc3)nc(N3CCOCC3)n2)cc1C,17.89
N#Cc1ccc(C(F)(c2ccc(C#N)cc2)c2cc3ccccc3c(-n3cc(C#N)cn3)n2)cc1,35.1
N#Cc1ccc(-c2cccc(-c3cn(C4OC(CO)C(O)C(O)C4O)c(=O)c(C#N)n3)c2)cc1,22.37
N#Cc1cc2cc(Cl)ccc2nc1N1CCOCC1,23.86
CC1CC(n2c(=O)n(C)c3c4nc(-c5ccc(C=O)cc5)ccc4nc(-c4ccc(C#N)cc4)c32)CCO1,24.86
Nc1ccc(-c2nc(-c3ccc(N)cc3)nc(-c3ccc(-n4ccnc4)cc3)n2)cc1,13.34
N#Cc1ccc(C(OCc2ccc(C#N)nc2)c2ncc(C#N)s2)cc1,25.51
CC(C)(C)n1c(-c2ccccc2C#N)cc2c1cc(-c1ccc(C#N)cc1)n2-c1ccc(C#N)cc1,22.53
Cc1nc2ccc(N)cc2n1-c1ccc(C(=O)N=Nc2c(O)[nH]c3ccc(C(=O)O)cc23)cc1,35.44
Cc1nc(-c2cnn(C)c2-c2ccc(C#N)cc2)c2c(N3CCC3)ncnn12,16.29
CCN1CCN(c2ncc3nc(-c4ccc(C#N)cc4)c(=O)n(Cc4ccc(C#N)cc4)c3n2)CC1,17.85
NS(=O)(=O)c1ccc(-n2nc(-c3ccc(Cl)cc3)c3c(=O)c4ccccc4oc32)cc1,23.95
N#Cc1ccc(-c2cnc([S+]([O-])Cc3nc(-c4ccc(C#N)cc4)no3)nn2)cc1,23.06
Cc1ccc(-c2nn(-c3ccc(C(N)=O)cc3)cc2-c2ccc3c(c2)OCO3)cc1,19.8
CC(C)c1ccc(NC2CCCN(C(=O)c3ccc(N=[N+]=[N-])cc3)C2)cc1,25.32
CN(C)CCCN1C(=O)c2cccc3cccc(c23)C1=O,16.7
CCn1c(=O)c2cc(-c3ccc(C#N)cc3)c3c4ccc5c(=O)n(CCO)c(=O)c5cc4ccc4cc(c1=O)c2c43,33.81
C=CCN(Cc1ccc(C#N)cc1)c1ccnc(C#N)n1,20.8
Cc1ccc(-c2nc(-c3ccc(-c4ccc(C#N)cc4)c(C#N)c3)n[nH]2)cc1,16.59
CC(NC(=O)C(F)(F)F)C(=O)N=c1c(=O)n(C)nc(-c2ccc(C#N)cc2)c2ccc(N)cc12,36.91
CN(C)c1ccc(-c2nnn(-c3ccc(C#N)cc3)n2)cn1,11.69
Cc1ccc(-c2nc(-c3ccc(C#N)cc3)nc(-c3ccc(-c4ccc(C#N)cc4)cc3)n2)cc1,17.01
O=Cc1[nH]c2cc(-c3ccsc3)ccc2c1C=O,26.62
COc1ccc(Cc2cc(-[n+]3ccc(-c4ccccc4)cc3)[nH]c(=N)n2)cc1,15.22
N#Cc1ccc(NC(=O)c2ccc(C#N)nc2-c2cccs2)cc1,25.08
Cc1cc(C)c(CC(=O)C(F)(F)Sc2ncc(N)cn2)c(C)c1,37.45
N#Cc1ccc(-c2c[nH]c(=N)c(-c3ccc4nccnc4c3)n2)cc1,22.07
N#Cc1ccc(C(=O)N=c2cc(-c3ccc(C#N)cc3)nc(-c3ccc(C#N)cc3)[nH]2)cc1,14.57
CN(C)C=CN=Nc1ccccc1,17.49
N#Cc1ccc(-c2nc(=NCc3ccc(F)cc3)cc(C(F)(F)F)[nH]2)cc1,18.21
N#Cc1ccccc1C=Cc1ccccc1,14.58
N#Cc1ccc(-c2ccc(-c3nc(-c4ccc(N)cc4)nc(-c4ccc(C=Nc5cc(O)c(N)cc5O)cc4)n3)nc2)cc1,17.34
COc1ccc(C=Cc2nnc(-c3ccc(C#N)cc3)n2-c2ccc(C#N)cc2)cc1OC,19.67
COc1ncc(-c2ccc3[nH]c(-c4cccc(S(C)(=O)=O)c4)nc(=O)c3c2)cc1NS(=O)(=O)c1ccc(F)cc1,29.49
N#Cc1ccc2c(c1)OCO2,13.49
Cc1ccc(-n2c(-c3ccccc3O)n[nH]c2=O)cc1,24.74
COc1ccc(-c2cc(-c3ccc(N)cc3)nc(-c3ccc(C=O)cc3)n2)cc1,14.98
N#Cc1ccc2c(-c3cc[nH]c(=N)n3)coc2c1,21.13
NC(=O)C(Cc1ccccc1)=NC(=O)c1ccc(C=C2SC(=O)NC2=O)cc1,25.19
COC(=O)C1=C(C)N=c2sc(=Cc3cccc(C#N)c3)c(=O)n2C1c1ccc(C#N)cc1,22.57
O=Cc1ccc(-c2nnc(-c3ccc(C=O)cc3)o2)cc1,9.68
O=Cc1ccc(C=CC=NN=c2nc(N3CCCCC3)[nH]c(N3CCCCC3)n2)cc1,19.5
CC(c1ccc(C#N)cc1)n1c(-c2ccc(C(N)=O)cc2)nc2ccc(-c3ccc(C#N)cc3)cc21,17.27
N#Cc1cc(C#N)c2ccc(C(N)=O)cc2c1N,21.99
N#Cc1ccc(-n2c(=O)c3cc([N+](=O)[O-])ccc3n2CC(=O)O)cc1,22.23
Nc1ccc(-c2ccc3ncc(-c4ccncc4)cc3c2)cn1,18.5
N#Cc1ccc(N=c2nc(OC3CCCCC3)c3ccc(N)cc3[nH]2)cc1,23.13
N#Cc1cc(C(=O)O)c2nc(-c3ccc(-c4cccc(O)c4F)cc3)[nH]c2c1,28.48
CC1=CC2Cc3cc(C)ccc3C(C1C)N(C)C(Cc1ccccc1)C2,38.77
Cc1ccc(Nc2oc(-c3ccc([N+](=O)[O-])s3)nc2C#N)cc1,23.35
CC(C)NCc1ccc(-c2nccc(-c3ccc(C#N)cc3)n2)cc1,18.58
NC(=O)c1ccc(-c2cccc(-c3nc(-c4ccc(C=O)cc4)nc(-c4ccc(-c5nc(Cl)nc(Cl)n5)cc4)n3)c2)cc1,21.2
N#Cc1cccc(N=c2[nH]cnc3cc(-c4ccncc4)ccc23)c1,21.36
Cn1ccc(-c2cc(-c3ccc(C#N)cc3)n(-c3ccc(C#N)cc3)n2)c1,20.93
Cc1ccc(-c2ccc(=O)n(-c3ccccc3)n2)cc1,19.07
N#Cc1c(NC(=O)COc2ccc(Cl)cc2)sc2c1CCC2,23.24
CC(C)c1ccc(-n2nc(-c3ccc(C#N)cc3)nc2-c2ccc(-c3ccc(C#N)cc3)cc2)cc1,18.11
N#Cc1ccc(NC(=O)c2cccc(Cl)c2)cc1,16.63
N#Cc1ccc(-c2[nH]c(=N)c(C#N)cc2C#N)cc1,12.33
Cc1ccc(-c2noc(C)c2-c2ccc(C=O)cc2)cc1,15.2
N#Cc1c2c(c(C#N)c3ccccc13)-c1ccccc1OC2,17.27
Nc1ccc(-c2nc(-c3ccc(N=Cc4c(O)c(C=O)c(O)c(C=O)c4O)cc3)nc(-c3ccc(N)nc3)n2)cn1,9.41
c1ccc(-c2cccc3c(N4CCOCC4)nc(N4CCOCC4)nc23)cc1,18.11
N#Cc1cccc(C#Cc2c[nH]c(=N)[nH]c2=N)c1,12.8
N#Cc1ccc(-c2cnc(N3CCOC(Cn4nc(-c5ccc(F)cc5)ccc4=O)C3)nc2)cc1,16.13
N#Cc1ccc(-n2c(=O)c(-c3ccc(C#N)nc3)cc3cncnc32)cc1,24.98
COc1c(C2C(=O)CC3CC2C3(C)C)cc(C=O)c(O)c1C=O,26.8
N#CC=C(C#N)C#N,9.67
C=CCn1c(N)c(C(=O)C(C)C)c(=O)n(C)c1=O,25.05
O=Cc1cc(F)c(F)c(C=O)c1O,18.31
CC(=O)c1ccc(OCc2cccc(C=NNc3ccc(C#N)cc3)c2)cc1,23.03
O=C(N=c1nc(N=CN2CCOCC2)[nH]c(-n2cccn2)n1)C(Cl)(Cl)Cl,24.98
CN=c1nc(N=Cc2ccc(-c3nc(-c4ccc(C=O)cc4)[nH]c(=N)n3)cc2)[nH]c(=N)[nH]1,18.81
N#Cc1ccc(-c2cc(-c3ccccc3)cc(-c3ccc(C#N)cc3)c2)cc1,11.78
N#Cc1ccc2c(c1)-c1[nH]c(=N)sc1CCC2,21.78
N#Cc1ccc(-c2cc(-c3ccc(N)nc3)[nH]c(=N)n2)nc1,16.06
Cc1cc(=Nc2cc(N=CN3CCN(C=O)CC3)nc(N)n2)[nH][nH]1,12.78
Cn1c(=O)c2c(ncn2C)n(C)c1=O,14.62
Cc1cc(C)[nH]c(=Nc2ccc(-c3nc(-c4ccc(N)nc4)nc(N4CCOCC4C)n3)cn2)n1,18.74
N#Cc1nc(-c2ccccc2)c(-c2ccccc2)o1,19.34
Cc1cccc2cc(C=Nn3[nH]c(=O)c4ccccc43)c(Cl)nc12,32.65
CC=CC=CC=CC=CC=CCCC(=O)NCCCN=c1c2c([nH]c3ccccc13)CCCC2,31.37
CNc1ccc(-c2nn(C(C)C)c3[nH]cnc(=N)c23)cn1,22.98
N#Cc1ccc(N=c2cc[nH]c(C#N)c2)cc1,16.01
N#Cc1ccc(NC(=O)c2ccc3[nH]c(=N)c4ccccc4c3c2)cc1,25.75
N#Cc1ccc(-c2oc(=O)[nH]c2O)cc1,15.45
Cc1cccc2n1cc(-c1ccc(C=NN=C(N)N)cc1)[n+]2C,15.75
N#CC(C(=O)N1CCc2c(-c3cnc(=N)[nH]c3)nc(N3CCOCC3)nc21)c1cocn1,36.06
CN(C)c1ccc(C=C2C=CC=C(C=O)C2=O)cc1,24.82
CC(=NO)c1nn(-c2ccc(C#N)cc2)c(-c2ccc(C)cc2)c1C(=O)O,29.73
CC(C)c1ccc(-n2c(-c3ccc(C#N)cc3)cc3c2cc(-c2cccc(O)c2)n3-c2ccc(C(C)C)cc2)cc1,14.68
CCc1cc2[nH]c(-c3cc(C#N)cc(-c4ccccc4)c3O)nc(=O)c2c(C)n1,22.09
Cc1ccc(-c2nc3sc(-c4ccccc4)nc3c3c2C2CCC3C2)cc1,22.93
N#Cc1cc2c(=O)[nH]c3c(Cl)cccc3c2n(CCc2ccc(S(N)(=O)=O)cc2)c1=O,32.58
O=C(C=Nc1cc(C(=O)O)cc(CC(=O)C(=O)O)c1O)NCCN1C(=O)C=C(C=CC=Cc2ccc(Br)cc2)C1=O,47.35
O=C1c2cccc3cccc(c23)C(=O)N1c1ccc2[nH]c(=O)c(=O)[nH]c2c1,21.49
N#Cc1ccc([N+](=O)[O-])c(C#N)c1,14.67
CC(C)(C)c1ccc(F)c(C#N)c1,17.48
N#Cc1ccc(-c2ccc(-c3ncc(C#N)cc3C#N)cc2)cc1,16.63
NC(=O)c1ccc(N=Cc2ccc(C=NN=C3C(=O)Nc4ccccc43)cc2)cc1,23.86
N#Cc1ccc(COc2ccc(C#N)cc2)cc1,12.78
Cc1ccc(C=O)cc1C,14.43
Cc1ccc(-c2ccc(=O)n(CC(=O)Nc3ccc(C)cc3C)n2)cc1,20.17
CON=O,18.3
N#Cc1cccc(N2CCN(Cc3ccc(-c4cccc(-c5ccc(N=Cc6ccc(N)cc6)nc5)n4)cc3)CC2)c1,28.7
COC(=O)c1ccccc1NC(=O)c1ccc2c(c1)OCCO2,23.42
CC1(C)CC(=O)c2cc3ccc([N+](=O)[O-])cc3c(C#N)c2C1,21.25
N#Cc1ccc(-c2cc(C3(C#N)CCNCC3)c[nH]c2=N)[nH]1,26.03
Cc1cc(-c2ccc(C#N)cn2)n(-c2ccc(C#N)cc2)n1,17.34
Nc1ccc(-c2nc(-c3ccc(N)nc3)nc(-c3ccc(N=Cc4ccc(-c5nn[nH]n5)cc4)nc3)n2)cc1,23.02
Cc1nc2c(cc(-c3ccc(C#N)cc3)n2-c2ccc(C#N)cc2)n1-c1ccc(C#N)cc1,12.89
CCOc1ccc(-n2c(C)c3c(C)nn(-c4ccc(C)c(Cl)c4)c(=O)c3c2C)cc1,28.19
Cc1[nH]n(-c2ccc(C#N)cc2)c(=O)c1Cc1ccccc1,15.38
N#Cc1ccc2nc(C#N)cc(C#N)c2c1,12.29
N#Cc1nccc(-n2cnc3ccc(-c4ccc(Cl)cc4F)cc3c2=O)n1,26.92
CN(C)c1nc2cc(-c3cccc(C#N)c3)ccc2[nH]c1=NC(=O)OC1CCOCC1,32.09
CC(C)(C)c1ccc(C(=O)NCC(=O)N2CCc3ccccc3C2)cc1,19.65
N#Cc1ccc(C(=O)N=c2cc3ccccc3c(-c3ccc(C#N)cc3)[nH]2)cc1,17.82
O=C(O)c1cccc(-c2ccc(C=C3SC(=S)N(C(Cc4ccc(O)cc4)C(=O)O)C3=O)o2)c1,23.76
COc1cc2c(Oc3ccc(NC(=O)N=Nc4c(O)c(C#N)cc5ccccc45)cc3F)ccnc2cc1OCCCN1CCOCC1,28.75
N#Cc1ccc(C=CS(=O)(=O)Nc2ccccc2C(F)(F)F)cc1,26.68
N#Cc1cccc(C(=O)Nc2cccc(-c3nc(N4CCNCC4)cc4ncccc34)c2)c1,26.44
Cc1ccc(-c2ccc3c(-c4ccc(C#N)cc4)oc(-c4ccc(C#N)cc4)c3c2)cn1,21.54
Nc1ccc(-c2nc(-c3ccc(F)c(Cl)c3)cc(=NC(=O)CCc3ccc(O)cc3)[nH]2)cn1,30.59
Cc1cc(C)[nH]c(=Nc2ccc(-c3nc(-c4ccc(N)cc4)nc(N4CCN(C)CC4)n3)cc2)n1,21.91
Cc1ccc2oc(=O)c(-c3ccc(-c4nc(-c5cnc(=N)[nH]c5)nn4-c4ccc(C(N)=O)cc4)cn3)cc2c1,31.45
C=CCn1c(C)c(C#N)c2cc(-c3cccc(Cl)c3)ccc21,22.82
CN1C(=O)C(N2C(=O)c3ccc(-n4cc(-c5ccc(C#N)cc5)nn4)cc3C2=O)Oc2ccccc21,27.23
C1=C2CCc3ccc4cccc1c4c32,15.42
N#Cc1ccc(Sc2c(C#N)c(=O)oc3ccc(Cl)cc23)cc1,25.27
O=[N+]([O-])c1ccc2c(c1)C=Cc1ccccc1C2,21.02
N#Cc1ccc(N=c2nc(-c3nc(N)cc(-c4ccc(N=Cc5c(O)c(C=O)c(O)c(C=O)c5O)nc4)n3)nc(N3CCOCC3)[nH]2)cc1,19.93
N#Cc1ccc(-c2cc(-c3ccncc3)nc(-c3ccc(C#N)cc3)n2)cc1,11.31
N#Cc1ccc2c(C#N)[nH]c(=O)nc2c1,18.23
Cc1c(-c2ccc(C#N)cc2)c(=O)n(C)c(=O)n1Cc1c(F)cccc1F,16.95
N#Cc1ccc(-c2cc(C#N)c3ccc(C#N)cc3c2C#N)cc1,12.39
Cn1c(=O)c(-c2ccc(-c3ccc(C#N)cc3)cc2)cc2cc3cccnc3cc21,27.43
N#Cc1ccc(-n2c(=O)c3cc4c(=O)n(-c5cc(C(N)=O)cc(C(=O)O)c5)c(=O)c4cc3c2=O)cc1,17.92
N#Cc1cc(-c2noc(-c3cnc(N4CCCC4)nc3)n2)cs1,23.24
N#Cc1ccc(-c2nn(CCO)cc2C#N)cc1,17.56
Cc1cc(N)c(O)cc1N=Cc1ccc(-c2cccc(-c3ccc(-n4ccnc4)nc3)n2)cc1,24.3
Oc1cc(O)cc(C=Cc2ccc(O)c(O)c2)c1,15.18
CC1(C)CC2(NC(=O)NC2=O)c2cc(C#N)ccc2O1,16.73
NC(=O)C=Cc1ccc(-c2c(C(=O)c3ccccc3)c(O)c(O)n2-c2ccccc2O)cc1,26.62
N#Cc1ccc(-c2nn3c(c2-c2ccc(C#N)cc2)CCC3)cc1,14.14
N#Cc1ccc(-c2cnc(NC3CCCC3)c3nc(-c4ccc(C=NO)cc4)cn23)cc1,29.68
Cc1cc(C=NNC(N)=S)c(C)n1-c1ccc([N+](=O)[O-])cc1,21.22
N#Cc1ccc(-n2[nH]c(=O)c3cc4c(=O)[nH]n(-c5ccc(C#N)cc5)c(cc3c2=O)c4=O)cc1,9.88
N=C(N)Nc1ccc(N=Nc2ccc(-[n+]3ccc(-c4cc(N=Nc5ccc(N=Nc6ccccn6)cc5)c5cc(N)ccc5n4)cc3)cc2)cc1,44.22
O=C(NN=Cc1cccc(Cn2cnc3cc([N+](=O)[O-])ccc32)c1)c1ccncc1,28.41
Cc1nc(=N)nc(-c2ccc(-c3cc(Cl)cc(C#N)c3)cc2)[nH]1,27.16
Cc1cc(C)c(C#N)c(N(C#N)Cc2ccc(-c3noc(C)n3)cc2)n1,31.45
Nc1ccc(-c2nc(-c3ccc(N)nc3)nc(-c3ccc(N=Cc4ccc(O)cc4)nc3)n2)cn1,11.64
Cc1ccc(-c2cc(C(N)=O)nc(-c3ccc(C#N)cc3)n2)cc1,17.05
O=C(N=c1[nH]c(-c2ccccc2)cs1)c1cccc(-n2c(O)ccc2O)c1,18.19
N#Cc1ccc(C(=O)c2cc(-c3ccc(C#N)cn3)cc(-c3ccc(C#N)cc3)n2)cc1,18.38
COc1cccc(C=O)c1OC,13.65
Oc1c(Br)cc(Br)cc1C=Nc1ccc(-c2nc(-c3ccccc3)no2)cn1,21.38
Cc1cc(C#N)ccc1N=c1[nH]c(-c2ccc(C#N)cc2)cc(C#N)c1C#N,21.65
O=C1CCCC2=C1C(C=Cc1ccccc1)CC(=O)N2c1cccc(C(F)(F)F)c1,23.89
O=Cc1ccc(N=c2cc[nH]c3cc(Cl)ccc23)cc1,16.65
N#Cc1ccc(-c2nc(-c3[nH]c(-c4ccc(C#N)cc4)nc3-c3ccc(C#N)cc3)n[nH]2)cc1,21.21
COc1cc2cc(C=O)c(COC(=O)C=Cc3ccc(O)c(O)c3)c(OC)c2c(C=O)c1O,32.42
C[N+]1(C)CCc2cc(-c3ccc(C#N)cc3)cc3c2C1Cc1cccc(O)c1-3,23.63
Cc1c(CN2CC=CC(c3ccc(C(C)(C)C)cc3)=N2)c(=O)[nH]c2ccccc2c1=O,41.77
N#Cc1ccc(-c2nc(-c3cccnc3)cc(=NC(=O)Nc3cc(C(F)(F)F)ccc3Cl)[nH]2)cc1,27.92
Nc1ccc(-c2nc(-c3ccc(N)nc3)nc(-c3ccc(N=Cc4cc(C=O)c(O)cc4O)nc3)n2)cn1,12.28
O=c1[nH]c(=O)n(C2OC(CO)C(O)C2O)cc1F,14.94
COc1ccc(-n2c(-c3ccc(C#N)c(-c4ccc(C#N)cc4)c3)nn(Cc3ccc(C#N)cc3)c2=O)cc1,24.54
N#Cc1ccccc1CSc1cccc[n+]1[O-],18.36
CC(=O)Nc1ccc(-c2nc(=O)c(C#N)c(-c3ccc(C#N)cc3)[nH]2)cc1,21.44
c1ccc(CNCc2ccc(-c3ccc(-c4nc5ccccc5[nH]4)cc3)cc2)cc1,16.46
N#CC=Cc1cc(C#N)cc(C=Nc2ccc(-c3nc(-c4ccc(N)nc4)nc(-c4ccc(N)nc4)n3)cc2)c1,19.82
Cc1cc(-c2ccc(C#N)cc2F)c2cc(-c3ccc(C#N)cc3)oc2c1,26.31
N#CCSC(=N)Nc1ccc(-c2nc(-c3ccc(C#N)cc3)nc(-c3ccc(N)nc3)n2)c(F)c1,28.57
N#Cc1ccc(-n2c(-c3ccccc3)cc(C#N)c2N)cc1,9.3
Nc1ccc(-c2nc(-c3ccc(C=O)cc3)nc(-c3ccc(C=O)cc3)n2)cn1,9.7
CCC(COC)NC(=O)c1cc(-c2ccc(C)cc2)n(-c2ccccc2C#N)n1,30.8
CCN1CCN(C(=O)CN(C)c2ccc(C#N)cc2)CC1,22.91
N#Cc1ccc(N2C(=O)c3c(F)c(F)c(F)c(F)c3C2=O)cc1,16.16
Cn1cc(-c2cccnc2)cc1C(=O)Nc1ccc(C#N)cc1,24.14
CC(C)=CCCC(C)=CCCC(C)=CC=CC=C(C)C=CC1=C(C)CCCC1(C)C,24.42
CCCOc1ccc(-c2n[nH]c(-c3ccc(C=NC(C)C)cc3)n2)cc1C#N,19.06
CCC(C)=CC(=O)O,19.64
CN1CCc2ccc(-c3ccc(C#N)cc3)cc2C1=O,16.01
COc1ccc(-c2cccn2-c2ccc(C(=O)O)cc2)cc1C#N,16.49
Cc1c(NC(=O)c2ccc(Cl)cc2)c(=O)n(-c2ccccc2)n1C,19.57
Cn1c(-c2ccc(C#N)cc2)nc(C#N)c1-c1ccc(C#N)cc1,15.52
N#Cc1ccc(-c2cc3cc(C#N)c(C#N)cc3[nH]2)cc1,12.72
N#Cc1ccc(-c2cc(C(=O)Nc3ccc(F)cc3)nn2-c2ccccc2)cc1,17.63
Cc1cc(O)c(C(C)C)cc1N=Nc1[nH]nc(-c2ccc(N)cc2)c1-c1ccccc1,29.81
Nc1ccc(C=Cc2ccc(N3C(=O)c4cccc5cccc(c45)C3=O)cc2)cc1,12.95
C=C1CN(C)Cc2c1c(C#N)c(C)c1c2nc2ccccn21,30.98
Cc1ccc(-c2nc(-c3ccc(N=CN4CCN(C=O)CC4)cc3)nc(-c3ccc(N)nc3)n2)cn1,14.69
N#Cc1ccc(CN(Cc2ccccc2)c2ccc3ncn(-c4ccc(C#N)cc4)c(=O)c3c2)cc1,18.94
N#Cc1ccc(-c2ccc(CCC(=O)NC(CC(N)=O)c3ccc(C#N)cc3)cc2)cc1,22.09
CC(C)(C)c1cc(=O)nc(SCc2ccc(C#N)cc2)[nH]1,25.23
Cc1nc(-c2ccc(C#N)cc2)c(-c2ccc(C(=O)NCCC(=O)O)nc2)c(=Nc2ccc(C#N)cc2)[nH]1,31.37
O=C(N=c1cc[nH]cc1)c1cccc(-c2ccc(-n3c(=O)[nH]c4cc(Cl)ccc4c3=O)cc2)c1,24.19
N#Cc1cc(C#N)c2cccc3c2c1CC=C3,11.23
N#Cc1ccc(S(=O)(=O)c2cn(CCN3CCOCC3)c3ccccc23)cc1,19.92
COC(=O)NC1C(C)CN(c2ccncc2NC(=O)c2cccc(-c3c(F)cccc3F)n2)CC1N,19.52
CN(C)C1CCc2c(c3cc(F)ccc3n2S(C)(=O)=O)C1,23.5
CC1CNc2cc(CNCCCN(C)C)nc(-c3ccc(C#N)cc3)c21,21.38
Cn1c(N)ccc1-c1nccc(-c2ccc(N=Cc3cccc(O)c3)cc2)n1,26.09
N#Cc1ccc(-c2nnc3ccc(SCc4ccc(F)cc4)nn23)cc1,20.2
Cc1nc(=N)nc(-c2nnc(COc3ccc(-c4nc5cc(C#N)cc(C)c5[nH]4)cc3)nc2-c2ccc(C#N)cc2)[nH]1,25.46
N#CC(=Cc1ccc(C=CC(O)=NO)cc1)c1ccc(C#N)cc1,19.06
N#Cc1ccc(-c2cc(=NC(O)c3ccccc3)[nH][nH]2)cc1,22.71
N#Cc1ccc(-n2nnn(-c3ccc(C#N)cc3)c2=O)cc1,16.41
Cc1nn(C)c(N(C)C)c1CNCc1ccc(C#N)cc1,16.87
COc1cc(C=O)c(C=O)cc1C=CC(O)=NO,25.73
CN1CCN(c2ccc(NC(=O)c3ccc(C#N)c(-c4ccccn4)c3)cn2)CC1,16.42
NC(=O)C(Cc1ccccc1)NC(=O)C1CCc2ccccc2CN1,28.52
Cc1cc(-c2cn(C)c3ccc(-c4ccc(C#N)cc4)cc23)cn1-c1ccc(C(=O)O)cc1,29.88
CCN1CC2Cc3ccc(Cl)cc3C2(C)C1=NCC(C)NC,35.81
N#Cc1ccc(-n2c(=O)c3c4c(sc3n(-c3ccc(Cl)cc3)c2=O)CCN(CC2CCC2)C4)cc1,25.58
C=CCN1Cc2cnnn2-c2ccccc2-c2ccc(Cl)cc21,22.75
COc1ccc(-n2[nH]c(=O)c3cc4c(cc3c2=O)OCO4)cc1,13.86
CCOc1ccc2c(=NN=Cc3ccc(F)cc3)cc(C)[nH]c2c1,15.52
Cc1ccc(-c2n[nH]c(C3CCN(C(=O)c4ccc(C#N)cc4)CC3)n2)o1,23.58
N#Cc1ccc(-n2c(=O)[nH]c3cc(-c4cnc5ccccc5c4)ccc32)cc1,23.15
Nc1ccc(-c2nc(-c3ccc(N=Cc4c(O)c(C=O)c(O)c(C=O)c4O)nc3)nc(-c3cnc(N)nc3)n2)cn1,11.09
CN(C)c1c(O)[nH]c2cc(-c3ccc(C#N)cc3)ccc2c1=O,21.47
O=C1C=CC(=O)c2c1[nH]c(=O)c1cccn21,22.95
O=Cc1ccccc1C=NNC(=O)c1ccc([N+](=O)[O-])cc1,20.51
CN1CCN(C(=O)C=Cc2cccc(-c3ccc(C#N)cc3)c2)CC1,22.88
Cn1c(=O)c2c(nc(N3CCCC(N)C3)n2Cc2ccccc2)n(C)c1=O,21.64
Cc1ccc2nc(-c3ccc(-c4nc(-c5ccc(N)cc5)nc(-c5ccc(C#N)cc5)n4)cc3)sc2c1,19.1
CCN=c1[nH]nc(-c2ccc(C#N)cn2)cc1C#N,13.74
N#Cc1ccc(-c2cnn(-c3ccc(C(=O)NC4CCCC4)cc3)c2)cc1,17.2
COC(=O)Cc1ccc2cc3cccc(O)c3c(O)c2c1O,23.69
Cn1c(-c2ccccn2)nc(-c2ccc(C#N)cc2)c1-c1ccncc1,19.44
COc1cc(-c2cnc(C)n2C)ccc1N=c1ccc2ncc(-c3cccc(C(=O)Nc4c(F)cccc4F)c3)n2[nH]1,27.5
N#Cc1ccc(-c2cc(C#N)c3cccc(F)c3n2)cc1,18.77
CC(=O)Oc1ccc(N(C)C(=O)C#N)cc1C#N,32.48
N#Cc1cc(-c2ccc(-c3ccc(C#N)o3)cc2)n(-c2ccc(F)cc2)c1,20.7
Cc1cccc(C)c1-c1ccc2c(c1)C(=O)C(=Cc1cccnc1)O2,24.7
N#Cc1ccc(-c2nn(-c3ccc(C(N)=O)cc3)c3ccc(-c4ccnc(CO)c4)cc23)cc1,25.7
Nc1ccc(-c2nc(-c3ccc(N)nc3)nc(-c3ccc(N=Cc4cc(C=O)ccc4F)nc3)n2)cn1,12.88
Cc1[nH]c(-c2ccc(C#N)cc2)cc1C(=O)N1CCN(c2ccc(C#N)cc2)CC1,21.9
N#Cc1ccc(-c2cc(-c3ccc(C#N)cc3)nc(-c3cccs3)c2)cc1,14.21
CCN(c1ccc(C#N)cc1)S(=O)(=O)c1ccc2c(c1)C(=O)C(=O)N2,25.34
Cc1cc(OCc2ccc3ccccc3n2)nc2c(C(C)C)cccc12,27.21
Cc1ncc(-c2ccnc(-c3ccc(C#N)cn3)c2)cn1,16.36
N#Cc1ccc(Cn2c(-c3ccccc3)nc3cc(-c4ccc(C#N)cc4)ccc32)cc1,14.36
Cc1cc(N=Cc2ccc(Cl)cc2)c(-c2ccsc2)c(=O)[nH]1,28.29
Cc1ccc(-c2csc(=Nc3ccc(-c4nc(-c5ccc(N)cc5)nc(-c5ccc(N)cc5)n4)cc3)n2-c2ccc(C=O)cc2)cc1,20.96
N#Cc1ccc(N=Cc2c(O)ccc3ccccc23)cc1,12.42
N#Cc1ccc(-c2ccc3c(C(=O)O)cccc3c2)cc1,19.92
O=C1C2(c3ccccc3)C(c3ccccc3)=C(c3ccccc3)C1(c1ccccc1)c1c2c(O)n(-c2ccccc2)c1O,16.33
N#Cc1ccc(-c2cc(-c3ccc(C#N)cc3)n(-c3ccc(C(N)=O)cc3)n2)cc1,14.48
Nc1nc(Cl)nc(N=CN2CCN(C=O)CC2)c1F,15.37
Cc1nc2ccccc2c(=O)n1-c1ccc(-c2nc(-c3ccc([N+](=O)[O-])cc3)no2)cc1,20.37
N#Cc1ccc(-c2ccc3nnc(-c4ccncc4)n3c2)cc1,17.19
CN1CCc2ccc(-c3cncc(-c4ccc(C#N)cc4)n3)cc2C1,22.87
Cc1[nH]c(=N)[nH]c(=Nc2ccc(-c3cccc(C#N)c3)cc2F)c1C#N,23.71
C=NNC(=O)Cc1ccc(-c2ccc(C#N)cc2)cc1,22.02
Cc1cc(C)nc(-n2cc(C(=O)O)c(=O)c3ccc(-c4ccc(C#N)cc4)cc32)n1,20.44
N#Cc1ccc(-c2cncc(-c3ccc(C=Nc4cc(O)c(N)cc4O)cc3)n2)cn1,20.49
COc1ccc(-c2nccc3c(-c4ccc(F)cc4)c(-c4ccncc4)nn23)cc1C#N,21.29
CN(C)c1ccc(C=NNC(=O)c2ccc(C(C)(C)C)cc2)cc1,19.68
O=Cc1c(O)c(C=O)c(O)c(C=NCc2ccccc2)c1O,13.06
CN(C)c1ncc(-c2cc(-c3ccc(CN4CC(c5n[nH]c(-c6ccc(C#N)cc6)n5)C4)cc3)nc(-c3ccc(C#N)cc3)n2)cn1,28.42
N#Cc1ccc(-c2cc3c(-c4ccc(C#N)cc4)n[nH]c(=N)c3o2)cc1,16.77
Cc1ccc(-c2nnc3sc(-c4ccc(F)cc4)nn23)cc1,18.82
Nc1ccc(-c2cc(=O)n(-c3ccccc3)[nH]2)cc1,14.24
Cc1ccc(-c2[nH]c(-c3ccc(C#N)cc3)cc2-c2ccncc2)cc1,19.62
O=Cc1ccc(-c2cncc(-c3ccc(C(=O)O)nc3)c2)cc1,21.18
Cn1[nH]c2nc3ccccc3nc2c1=O,25.31
C=CCn1c(N)c(Cl)nc(-c2ccc(F)cc2)c1=O,22.78
COc1cccc2c1C(N(C)C=C1N=C(C)C(C#N)C(C)=N1)CCC2,40.96
N#Cc1ccc(Cn2cnc(=N)c(NC(=O)c3ccc(C#N)cc3)c2N)cc1,24.22
COc1ccc(-c2nnc(-c3ccc(C#N)cc3)nc2-c2ccc(OC)cc2)cc1,16.91
COc1ccc2[nH]c(=NC3CCC(C#N)(CCNC(=O)c4cccnc4)CC3)sc2c1,39.25
O=C1c2nnc(C3CC3)n2CCN1c1ccc(-c2ccon2)cc1,27.96
N#Cc1ccc2[nH]c(-c3ccc(-c4ccc(CNCc5ccc(N)cc5)cc4)cc3)nc2c1,15.02
Nc1nc(-[n+]2ccc(-c3ccncc3)cc2)c2c(Cl)cccc2c1C(=O)c1ccc(Cl)cc1,23.55
CC1(C)Oc2ccc(C#N)cc2C(N=C(NC#N)Nc2ccc(-c3cnco3)c(O)c2)C1O,21.6
N#Cc1ccc(C2=Nc3ccc4c5c(ccc2c35)N=C4)cc1,22.17
Cc1c(C#N)c(NC(=S)Nc2cccc(C#N)c2)n(Cc2cccc(C=O)c2)c1C,32.18
CNC(N)=NN=Cc1ccc(-c2cn3cc(C)ccc3[n+]2C)cc1,19.35
NC(=O)c1ccc(-n2nc(C(F)(F)F)cc2-c2ccc(-c3ccc(N)nc3)nc2)cc1,17.22
CN1CCN(c2ccc(-c3ncc(-c4ccc5ccccc5c4)s3)cn2)CC1,21.14
Cc1cc(C)nc(N=CN2CCN(C=O)CC2)n1,14.54
N#Cc1cc2c(C#N)c[nH]c2cc1[N+](=O)[O-],19.01
N#Cc1ccc(-c2ccc(-c3nc(C#N)nn3-c3ccc(C#N)cc3)cc2)cc1,11.61
Nc1ccc(NC(=O)c2cccc3c(=O)c(=Nc4ccccc4)c(=O)c23)cc1,26.2
N#Cc1ccc2c(c1)C(=NN=Cc1ccc(O)c(O)c1)C(=O)N2,24.13
COc1cc(C=O)cc(OC)c1O,12.18
N#Cc1ccc(Oc2ncc(-c3ccccc3)cc2C#N)cc1,12.54
N#Cc1ccc(C(O)CN(Cc2cc(C#N)ccc2Cl)CC2CC2)nc1,24.5
Clc1ccc2c(=NN=Cc3ccccc3)cc[nH]c2c1,12.92
CC(=O)c1ccc(-c2cc3c(cc(-c4ccc(C#N)cc4)n3-c3ccc(C#N)cc3)n2-c2ccc(C#N)cc2)cc1,14.71
N#Cc1ccc(CNC(=O)c2ccc(-c3ccc(C#N)cc3)cc2)cc1,15.69
N#CCNC1C(O)CC(Oc2ccc(-c3ccc(-c4noc(-c5ccc(C#N)cc5)n4)cc3)cc2)(C(=O)O)OC1C(=O)O,28.3
NC1CCN(c2nc3c(cc2F)c(=O)c(C(=O)O)cn3C2CC2)C1,18.65
COc1cc(NC(C)CCCN)c2c(C)ccnc2c1OC,21.49
Cc1ccccc1-c1nc(-c2ccc(C#N)cc2)nc(-c2ccc(N)nc2)n1,18.94
C=CC[N+](C)(C)Cc1cccc(C#N)c1,19.93
N#Cc1ccc(-c2nc(-c3ccc(N)nc3)nc(-c3cccc(C=Nn4cncn4)c3)n2)cc1,27.01
O=C(NN=Cc1ccc(O)cc1)NC1CCCCC1,19.1
N#Cc1ccc(-n2[nH]c(=O)n(-c3ccccc3)c2=O)cc1,12.77
Cc1cc(C)c2nc(-c3ccccc3)cc(C(=O)O)c2c1,17.89
CN(C)c1nc(N=CNC(=O)c2ccc3c(c2)OCO3)nc(N(C)C)n1,23.81
N#Cc1ccc(C=NNc2cc(-c3ccccc3)ccc2C#N)cc1,17.59
Cc1cc2nc(-c3ccc(N=Cc4ccc(-c5cc(-c6ccccc6)cc(-c6ccc(C=O)cc6)n5)cc4)cc3)sc2cc1C,16.75
N#Cc1ccc(-n2cc(O)c(-c3nc4ccccc4[nH]3)c2N)cc1,15.38
O=C(NN=CC1=C(Cl)c2ccccc2CCC1)c1ccncc1,20.39
N#Cc1ccc(Cc2oc3ccccc3c(=O)c2C#N)cc1,21.18
N#Cc1ccc(-c2ccnc(-n3cc(C(=O)O)cn3)n2)cc1C#N,15.44
C#Cc1ccc2c(c1)-c1cc3ccc(F)cc3n1CC2(C)C,25.11
N#Cc1ccc(Cn2c(=O)c3cc4c(=O)n(-c5ccc(C#N)cc5)c(=O)c4cc3c2=O)cc1,11.62
N#Cc1ccc(-c2cc(-c3ccccc3)cc3c(C#N)cc(C#N)n23)cc1,13.06
CN(C)c1nc2cc(C#N)ccc2c(=Nc2ccc(C#N)cc2)[nH]1,17.74
N#Cc1ccc(-c2nc(-c3ccc(N)nc3)nc3ccccc23)cc1,14.77
COc1ccc(N2C(=O)c3cccc4c3c(cc3ccccc34)C2=O)c(OC)c1,18.32
CC(=O)n1cc(-c2ccc(N3CCCNC3=O)cc2)[nH]c1=O,35.71
N#Cc1ccc(-c2cc(-c3cccs3)c3ccccc3n2)cc1,20.25
Cc1cccc2c(=O)n(-c3cccc(C#N)c3)[nH]c(=O)c12,18.78
N#Cc1ccc(-n2c(=O)c3cc4c(=O)n(-c5ccc6c(c5)OCO6)c(=O)c4cc3c2=O)cc1,11.7
CN=C(O)C=Cc1ccc(C=CC(=O)c2ccc(CN3CCNCC3)cc2)cc1,29.83
O=Cc1ccc(-c2ccccc2C=Cc2nc3ccccc3[nH]2)cc1,23.53
Cn1cc(-c2nc(-c3ccc(N)nc3)nc(-c3ccc(N=Cc4cc(C=O)c(O)c(C=O)c4O)nc3)n2)cn1,10.86
CN(C)CCNC(=O)c1ccc(-c2c(-c3ccc(C#N)cc3)sc3ccc(-c4ccc5ncccc5c4)cc23)cc1,31.81
COCC(=O)N1CCc2cc(-c3nc(C)cc(-c4cc(C#N)cc(C#N)c4)n3)ccc21,23.23
Nc1cc(O)c(N=Cc2ccc(-c3nc(-c4ccc(C=O)cc4)nc(-c4ccc(N=Cc5ccc(Cl)cc5)cc4)n3)cc2)cc1O,14.24
Cc1ccc(-c2nc(=NCCCNC(=O)c3cccc(F)c3)[nH]c3ccc(C)cc23)cc1,26.38
N#Cc1ccc(S(=O)(=O)Nc2ccc(-c3cc(N4CCCNCC4)[nH]c(=N)n3)cc2)cc1,31.6
Cc1ccc(-c2cc(-c3ccccc3)cc(-c3ccc(C=Cc4ccc(C(=O)O)cc4)cc3)c2)cc1,18.35
N#Cc1ccc(CN2CCCCCC2)cc1,17.71
Cc1ccc(S(=O)(=O)n2c(=O)c3cc4c(=O)n(-c5ccc(C#N)cc5)c(=O)c4cc3c2=O)cc1,20.63
N#Cc1ccc2c(c1)Cc1c-2[nH]c2ccc(C#N)cc12,18.26
O=Cc1ccc(-c2nc(-c3ccccc3)nc(-c3ccc(C=O)cc3)n2)cc1,10.11
COc1ccc(-c2nc(N=Cc3cc(OC)c(OC)c(OC)c3)c(C#N)c(-c3ccc(C)cc3)n2)cc1,23.4
CC(C)Oc1ccc(-c2nc(-c3ccc4c(c3)C(=O)N(C)CCO4)nc(N3CCCC(C#N)C3)n2)cc1C#N,26.31
CCCC[n+]1cccc(-c2ccc(C#N)cn2)c1,23.95
N#Cc1ccc(-c2cc(-c3ccc(C#N)nc3)cc(-c3ccc(C#N)nc3)n2)cc1,17.94
N#Cc1ccc(-c2nc(-n3cc(-c4ccc(C#N)cn4)nn3)c3ccccc3n2)cc1,21.55
N#Cc1ccc(C#CC2CCCC2)nc1,19.33
Nc1ccc(-c2nc(-c3ccc(N)cc3)nc(-c3ccc4oc5ccccc5c4c3)n2)cc1,17.25
C=CCN(CC(=O)N1CCC(NS(=O)(=O)c2cc(F)ccn2)C1)c1cc(C)nc2ccc(-c3ccc(N)cc3)cc12,57.67
N#Cc1ccc(-n2c(CCC(=O)O)cnc2-c2ccc(C#N)cn2)cc1,16.62
CN=Cc1ccc(C#N)c2ccc(C)nc12,19.67
N#Cc1ccc(-c2nnc(C3CC3)s2)nc1,18.75
COC(=O)C(NC(=O)c1ccc(-c2cccc(C#N)c2)cc1)C(C)C,26.56
CC(C)(C)c1cc(-c2ccc(C#N)cc2)cc(-c2ccc(C#N)cc2)c1,13.51
CC(=O)NC(C)c1ccc(C#Cc2ccc(C#N)cc2)cc1,10.59
Cc1cc(=Nc2ccc(F)cc2)[nH]c(=N)[nH]1,16.96
N#Cc1ccc(-c2cc3c([nH]c4ccc(C#N)cc43)c(C#N)n2)cc1,15.11
CN(C)c1ncc(-c2cc[n+](-c3nc(-c4ccc(N)nc4)nc(=N)[nH]3)cc2)cn1,22.34
COc1cc(C=O)cc(C=O)c1,15.41
Cn1c(=O)n(-c2ccc(C#N)cc2)c2c3cc(-c4ccc(C#N)cc4)ccc3ncc21,15.75
Cc1ccc(N=CC(=O)NN=Cc2ccncc2)cc1,22.22
N#Cc1ccc(-c2ccc3c(C4CC4)nn(-c4ccccn4)c3c2)cc1,18.79
N#Cc1ccc(C(=O)c2ccc(-c3nc(C4CCC5CCC(=O)N5C4)n4nc[nH]c(=N)c34)cc2)cc1,20.08
N#Cc1cn(-c2ccc(C(=O)NC3CC3)cc2)c2ccc(Cl)cc12,21.66
CC(C)N1Cc2cccn2-c2ccccc2S1(=O)=O,27.71
N=c1nc(-c2ccc(C=Nc3cc(O)c(N)cc3O)cc2)cc(-c2ccccc2)[nH]1,17.32
N#Cc1ccc(COc2ccc(C=Nc3nc(-c4ccc(Cl)cc4)cs3)cc2)cc1,23.21
Cc1ccc(NC(=O)Cn2cc(C#N)c3ccccc32)c(C)c1,18.05
CC1(C)CC(=O)c2c[nH]c(=Nc3cccc(-c4cccc(C#N)c4)c3)nc2C1,24.32
N=c1cc(-c2ccc(Cl)cc2Cl)n(-c2ccc(C(=O)O)cc2)[nH]1,24.24
CCN(Cc1ccc(C#N)cc1-c1ccc(C#N)cn1)C(C)=O,23.12
Cn1c(=NN=Cc2cc(C=Nc3ccc(-c4nc(-c5ccc(N)cc5)nc(=N)[nH]4)cc3)nc(=N)[nH]2)[nH]c2[nH]c(=N)sc2c1=O,33.65
N#Cc1ccc(-c2cc3c(cc(-c4ccc(O)c(C#N)c4)n3-c3ccc(C(N)=O)cc3)n2-c2ccc(C#N)cc2)cc1,19.35
COc1ccc(Sc2ccc(Oc3ccc(N=Cc4c(O)c(C=O)c(O)c(C=O)c4O)cc3F)cn2)cn1,23.51
N#Cc1ccc(-c2ccccc2C#N)cc1,9.65
Cc1ccc(C=C2C(=O)Nc3ccc(-c4ccc(C#N)cc4)cc32)cc1,18.38
CCCCc1ccc(-c2nnc(-c3ccc(N4Cc5ccc(OC)cc5C4=O)cc3)o2)cc1,28.6
CC1=NC2(CCCC2)C(=O)N1Cc1ccc(C#N)cc1,18.95
Cc1ccc(C2=C(C(=O)c3ccccc3)c3ccc(O)cc3CC2)cc1,26.77
N#Cc1ccc(-[n+]2ccc(C=NO)cc2)nc1,16.7
N#Cc1ccc(-c2ncn(-c3ccc(C#N)cc3)n2)cc1,10.4
CC(C=CC(=O)O)=CC=C(C)C=C(C)C=C1Oc2ccccc2N(C)C1=O,34.75
N#Cc1cc(F)c(F)c(C#N)c1F,11.53
CN=c1nc2c(=Nc3ccc(-c4ccc(C#N)cc4)cc3NC(C)=O)[nH]cnc2c[nH]1,27.84
N=c1c(-c2nc3ccccc3c(=O)n2Cc2ccccc2)c[nH]n1-c1ccccc1,20.09
N#Cc1ccc(-c2ccc(-c3c(Cl)c4cc(C#N)cnc4n3-c3ccc(C#N)cc3)cc2)cc1,20.31
C#CC(O)C#CC=CCC#Cc1ccccc1,25.54
Cc1ccc2cc(S(=O)(=O)c3ccc(-c4ccc(C#N)cc4)cc3)ccc2n1,22.87
N#Cc1ccc(-c2cccc(Cl)c2)cc1,13.12
NC(=O)c1cc(Nc2ccc(N=Cc3cc(C=O)cc(Cl)c3O)cc2Cl)ccc1Cl,21.7
Cc1ccc(-c2cc(-c3cccc(N)c3)c(C#N)c(=N)[nH]2)cc1,18.39
Cc1nc2cc(F)c(Cl)cc2n1CC1CCN(C(=O)C=Cc2ccc(C#N)cc2)CC1,34.16
CC(=O)c1ccc(-c2ccc(-c3cc(-c4ccccc4)cc(-c4ccccc4)c3)cc2)cc1,14.66
C=Cc1cccc(-[n+]2ccc(-c3cc[n+](-c4nc(Cl)nc(Cl)n4)cc3)cc2)n1,15.32
Cc1ccc(N=c2[nH]c3sc4c(c3c(=O)n2Cc2ccccc2)CC(C)(C)OC4)cc1C,27.15
Cc1ccc(-c2cnnn2-c2ccc(C#N)cc2)cc1,17.96
COc1ccc(C=C(C#N)C#N)cc1OCc1ccc(Cl)cc1Cl,21.81
N#Cc1ccc(C=Nc2ccc(-c3nc(-c4ccc(N)nc4)nc(-c4ccc(N)nc4)n3)cn2)cc1,12.86
COc1ccc(-c2cc3cnc4cnc(-c5ccc(C#N)cc5)cc4c3n2-c2ccc(C#N)cc2)cn1,19.98
N#Cc1cc(C#N)c2c3c(ccc2c1)OCC(COc1ccc(C(=O)C2CC2)cc1)C3,37.8
CN(C)C=Nc1nc(N)nc(N)n1,9.26
N#Cc1ccc(-n2[nH]c(=O)c3cc4[nH]n(-c5cc(C#N)ccn5)c(=O)c4cc3c2=O)cc1,14.11
CS(=O)(=O)c1ccc(-n2c(-c3ccc(C#N)cc3)cc3c2CCCC3)cc1,21.0
CC1CN(C(C)CO)C(=O)c2cccc(Cl)c2OC1CN(C)C(=O)Nc1ccc(C(C)(C)C)cc1,32.2
COC(=O)N=c1[nH]cc(-c2cccc(-c3cnn(C)c3)c2)s1,26.66
N#Cc1ccc2c(c1)c(-c1ccccc1)cc[n+]2-c1nc(Cl)nc(Cl)n1,14.41
CC=Nc1ccc(OC)c(CSC(=N)N)c1,23.57
CC(C)c1ccc(-c2ccc3c(c2)C2(COC(=N)N2)C2(COC2)C2(CCC2)O3)c(F)n1,28.41
N#Cc1ccc(-n2c(-c3ccco3)n[nH]c2=O)cc1,16.79
Oc1ccc(C=NNC(=S)Nc2ccccc2)cc1,19.16
O=Cc1cc(-c2ccccc2)cc([N+](=O)[O-])c1O,15.53
Cc1ccc(C2SC(=Cc3ccccc3)C(=O)N2c2ccc(-c3nc(-c4ccc(N)cc4)nc(-c4ccc(N)nc4)n3)cc2)cc1,20.94
N#Cc1ccc(-c2ccc3nc(=NC(=O)COC(=O)C4CCOCC4)cnn3c2)cc1,38.8
Cc1cc(=O)nc(-c2ccc(C#N)cc2)[nH]1,11.88
COc1cc(CC2=Nc3ccc(O)cc3C2=O)ccc1O,24.75
C#Cc1ccccc1,9.93
CCc1nn(Cc2cccc(-c3ccccc3)n2)c(=O)c2cc3ccc(-c4ccc(C#N)cc4)nc3n12,29.01
Cc1cccc(C(=O)Oc2ccc3c(c2)c(C)c(C)n3-c2ccc(C(C)C)cc2)c1,24.7
CC(C)OCCN1CCN(c2ccc(-c3ccc(C#N)cn3)cc2C(=O)NCc2ccc(-c3ccccc3)cc2)CC1,30.86
N#Cc1ccc(-c2cc(-c3ccc(C#N)cn3)nc(-c3ccc(C#N)cc3)n2)cc1,13.54
Cn1c(=O)c2c(cc(-c3ccc(C#N)cc3)n2Cc2ccc(C#N)cc2)n(C)c1=O,15.92
CCCCN=CCC#N,19.29
CCc1nc2ccc(-c3ccc(C#N)cc3)cc2n1-c1ccc(C(C)(C)C)cc1,18.03
N#Cc1ccc(OCC(=O)Nc2ccccc2-n2cccc2)cc1,21.42
N#Cc1ccc(-c2nc(-c3ccc(C#N)cc3)c(-c3ccc(CN4CCOCC4)cc3)s2)cc1,19.31
Cc1ccc(-c2cc[n+](-c3nc(Cl)nc(Cl)n3)cc2)cc1,12.18
Cc1ccc2nc(-n3c(-c4ccc(C#N)cc4)cc4c(-c5ccc(C#N)cc5)nc(-c5ccc(N)cc5)cc43)sc2c1,11.23
c1ccc(-c2cc(-c3ccccc3)cc(-c3nc4ccccc4[nH]3)c2)cc1,14.52
Cc1ccc2c(C=NNC(=O)c3cc[n+]([O-])cc3)cc(=O)oc2c1C,22.71
N#Cc1ccc(-c2nc(-c3ccc(CO)cc3)cc(-c3ccc(NC(=O)C4CC4)cc3)n2)cc1,23.45
Cc1cc(C#N)cc2nc(-c3ccc(C=Nc4cc(O)c(N)cc4O)cc3)oc12,12.89
N#Cc1ccc(-c2cnc3[nH]cc(C#N)c3c2)cc1,11.39
C=CC(=O)Nc1ccc2c(c1)C(=O)N(C(C(=O)NC(CO)Cc1ccc3ccccc3c1)C(C)C)CC(=O)N2,43.47
CC=C(C)C=C1OC(=O)C(C=CC(C)=Cc2ccc(-c3ccc(C#N)cc3)n2-c2ccc(C#N)cc2)=C1Cl,34.35
O=c1c2cc3occc3nc2n(-c2ccccc2)c(=O)n1-c1ccccc1,18.9
O=Cc1ccc(-c2nc(-c3ccccc3)cc(-c3csc(-c4ccccc4)n3)n2)cc1,24.37
Cc1nc(-n2ccc3cnc(-c4ccc(C#N)cc4)cc32)ncc1C(=O)NC1CC1,18.19
Cc1cc(C)c2c(C)cc(=O)oc2c1O,19.12
CN(C)Cc1cccc(-c2cc3c(=NCc4ccc(N)cc4)[nH]cnc3cn2)c1,24.46
N#Cc1ccc(N=c2nc(-c3c(-c4ccc(C#N)cc4)nc4cc(C#N)ccn34)cc[nH]2)cc1,16.7
CN1N=C(c2ccccc2)C2CC=CCC2C1=O,16.17
COc1ccc2occ(-c3ccc(C#N)cc3)c(=O)c2c1,20.63
C=Cn1cc[n+](CC#N)c1,17.79
N#Cc1ccc(-c2nn(Cc3cccc(C#N)c3)cc2C#N)cc1,18.48
CCOC(=O)C1=CN(Cc2ccc(C#N)cc2)C(=O)N(C)C1c1ccc(C#N)cc1,19.94
N#Cc1ccc(N2C(=O)c3ccc4c5c(ccc(c35)C2=O)C(=O)OC4=O)cc1,14.34
N#Cc1ccc(-c2cn3nc(Cl)c(C#N)c3nc2-c2ccc(C#N)cc2)cc1,19.01
N#Cc1cc(-c2ccc3c(cnc4[nH]ncc43)c2)cnc1CN1CCCC1,36.45
Cc1c[nH]c(=NCCc2cccs2)c(=O)n1CC(=O)NCc1ccc(F)cc1,26.11
CN(C)c1ncc(-c2ccc3c(-c4cccc(C#N)c4)cc(C#N)n3c2)cn1,15.52
Cc1ccc(-c2nc(-c3ccc(C=Nc4ccc(-c5nc(-c6ccc(N)cc6)nc(-c6ccc(N)cc6)n5)cc4)cc3)oc2-c2ccc(C)cc2)cc1,15.23
Cc1ccc(O)cc1N=Cc1ccc(-c2nc(-c3ccc(C=O)cc3)nc(-c3ccc(C=O)cc3)n2)cc1,15.74
N#Cc1ccc(-c2ccc3nc(Cc4ccccc4)n(-c4ccc(C#N)cc4)c(=O)c3c2)cc1,18.81
Cn1c(Br)ccc1-c1cc(-c2c[nH]c(C(=O)c3c[nH]c4cc(F)ccc34)n2)on1,45.09
CCc1cc(-c2nc(-c3ccc(C=CC(=O)O)cc3)n[nH]2)ccc1-c1nc(-c2ccc(C#N)cc2)nc(-c2cnccn2)n1,33.51
N#Cc1cc(-c2ccccc2)c2nc(C(F)(F)F)ccc2c1N,21.87
COc1ccc(-c2nc(-c3ccc(N=Cc4ccc(C=C(C#N)C#N)cc4)cc3)no2)cc1,22.76
CC(C)c1ccc(-n2c(-c3ccc(C#N)cc3)cc3c(-c4ccc(C#N)cc4)nc(-c4ccc(C#N)cc4)nc32)cc1,14.07
Cc1nc2cc(-c3ccc(C#N)cc3)ccc2s1,13.95
N#Cc1ccc(C#CC#Cc2ccc(-c3ccc(C#N)cc3)cc2C#N)cc1,14.82
Cc1cc(C)cc(-c2cc(C=O)c(O)c(C(C)C)c2)c1,15.61
N#Cc1cc(Cl)c(Nc2oc(C#N)cc2CC(O)CO)c(Cl)c1,31.5
N#Cc1ccc(-c2ccc(C=Nn3cncn3)o2)cc1,18.15
COc1cc(N=Cc2ccc(-c3nc(-c4ccc(C=O)cc4)nc(-c4ccc(C=O)cc4)n3)cc2)c(C(=O)O)cc1N,14.8
Cn1cccc1-c1ccc(-c2nc3n(c(=O)n2)CCCC3=NO)cn1,32.23
N#Cc1ccc(Oc2ccc(-n3c(=O)n(C4CCCC4)c4ccc(C(=O)O)cc43)cc2)cc1,26.98
N#Cc1ccc(-c2ccc3c(=O)n(-c4ccc(C#N)cc4)cc(-c4ccncc4)c3c2)cc1,18.33
NC(N)=Nc1ccc(C(=O)c2ccccc2)cc1,20.11
CCC(=O)N1CCc2c(-c3cc(CC(=O)O)ccc3OC)ccc(F)c2C1,25.36
CC1(C)c2ccc(C#N)cc2C(=O)c2c1[nH]c1ccccc21,15.31
N#Cc1ccc(-c2nc(-c3ccc(C=O)cc3)nc(-c3ccc(C(N)=O)cc3)n2)cc1,12.86
N#Cc1ccc(-c2cn(-c3ccc(C(N)=O)cc3)nn2)cc1,14.7
COc1cc(C=Nc2ncc(-c3nc(-c4ccc(C)cc4)nc(-c4ccc(C=Nc5ccc(C)cc5)cc4)n3)s2)ccc1O,24.28
CC(C)(C)c1cc(=NC(=O)Nc2ccc(NC(=O)C=Cc3ccco3)cc2)[nH]o1,25.03
CC(C)c1ccc(-c2cc(-c3cncc(C#N)c3)cc3c(C#N)cc(C#N)n23)cc1,21.91
N#Cc1cc(C#N)cc(C(=O)c2cc(C#N)c3cc(C#N)ccc3n2)c1,20.84
CCOC(=O)c1cc2c(c(=O)n(C)c(=O)n2C)n1-c1ccc(C#N)cc1,19.54
N#Cc1ccc2c(=O)n(-c3ccc(-c4nc(-c5ccc(N)cc5)nc(-c5ccc(N)cc5)n4)cc3)c(=O)[nH]c2c1,13.45
N#Cc1ccc(-c2ccc3c(c2)cc(-c2ccc(C#N)cc2)n3-c2ccc(C#N)cc2)cc1,12.95
O=Cc1c(O)c(C=O)c(O)c(C=Nc2ccc(F)c(F)c2)c1O,10.49
CCOC(=O)Cn1c(=NC(=O)c2cccc(C#N)c2)[nH]c2cc(N(C)C(=O)c3ccccc3)ccc21,28.18
N#Cc1ccc(-c2nc(=Nc3cc(C#N)cc(C(F)(F)F)c3)c(N)c[nH]2)cc1,25.82
N#Cc1cccc(-c2cccc(C=O)c2)c1,13.28
CC(=O)Nc1ccc(S(=O)(=O)Nc2ccccc2-c2nc3cc(C#N)cc(C)c3s2)cc1,27.6
Cn1c(=O)n(C)c2cc(C=C(C#N)c3ccccc3)ccc21,20.18
Cc1cc(O)cc2oc(-c3ccc(C#N)cc3)cc(=O)c12,14.27
CN(C)c1ccc(-c2cn(-c3ccc(C#N)cc3)nc2-c2ccc(C#N)cc2)cc1,11.65
CN(C)C=CC(=O)C=Cc1ccccc1F,22.87
C=c1[nH]n(-c2ccccc2)c(=O)c1=Cc1ccccc1O,15.28
CCCCc1ccc(C#CC#N)cc1,18.15
N#Cc1ccc(-c2c[nH]c(-c3ccc(C=Nc4ccc(CN=N)c(O)c4)cc3)n2)cc1,23.94
N#Cc1ccc(Oc2ccc(C#N)c3ncn(-c4ccc(-c5cccc(N)c5)cc4)c(=O)c23)cc1,32.89
C=C1C(O)CCC2(C)c3ccc(C(C)C)cc3C(=O)CC12,20.64
N#Cc1ccc(N2CCC(NCc3cccc(C#N)c3)C2)cc1,19.25
N#Cc1ccc(C(=O)ON=Cc2ccccc2)cc1,14.85
Cc1ccc(-n2nc(C)n3c(-c4cccc(C)c4)nnc23)cc1,23.17
N#Cc1ccc(-c2nc3cc(-c4ccc(C#N)cc4)n(Cc4ccccn4)nc(-c4ccnc(N)c4)c2=3)cc1,25.52
Cc1cnc(-c2ccc(C#N)cc2)n(N)c1=O,19.1
COc1ccc2cc(C(C#N)c3ccc(-c4cnc(=N)[nH]c4)cc3)ccc2n1,27.52
Cc1nc(-c2ccc(-n3c(C)c(O)c(C(=O)NCc4cc(C(F)(F)F)cc(C(F)(F)F)c4)c3-c3ccc(C#N)cc3)cc2)no1,24.99
N#Cc1ccc(-c2nc(Cl)nc3c(C#N)c4ccccc4cc23)cc1,16.14
ON=C(O)COc1ccc2c(c1)CCC2,19.9
N#Cc1cnc(Cl)nc1-c1ccc(C(=O)c2cc(F)ccc2F)cc1,25.53
N#Cc1ccc(-[n+]2ccc(-c3cc[n+](-c4nc(Cl)nc(Cl)n4)cc3)cc2)cc1,11.7
Cc1ccc(C=Nc2ccc(C#N)cc2)c(O)c1,18.93
N#CC(c1ccccc1)n1cnc2c(=O)[nH]c(=N)[nH]c21,27.31
Cc1c(C(=O)NN=Cc2cccn2C)nn(-c2ccc(Cl)cc2)c1-c1ccc(Cl)cc1,24.48
Cc1ccc2nc(-n3c(-c4ccc(C#N)cc4)cc4cc(-c5nc(-c6ccc(N)cc6)nc(-c6ccc(N)cc6)n5)ccc43)sc2c1,14.19
O=Cc1c(O)c(C=O)c(O)c(C=Nc2ccc(C(=O)O)c(O)c2)c1O,11.44
Cc1ccc(-c2cc(-c3ccccc3)cc(-c3cc(-c4ccc(N)cc4)nc(-c4ccc(C=Nc5nc(-c6ccc(N)cc6)[nH]c(=N)n5)cc4)n3)c2)cc1,21.78
C=Cc1cc(C)c(O)c(C=Nc2ccc(-c3cc(=NC(=O)OC(C)(C)OCC)[nH]c(-c4ccc(C#N)cc4)n3)cn2)c1,46.57
CC(C)C(NC(=O)CCSc1[nH]c(=N)cc(C#N)c1Cl)C(=O)O,35.91
O=C(C=CC=Cc1ccc2c(c1)OCO2)NCCCCc1cccnc1,21.83
CCN1c2cc(-c3ccc(C#N)cc3)c(C)cc2C(=O)N(C)c2ccc(Cl)nc21,20.09
CC1(C)Oc2ccc(C#N)cc2C(c2ccc(C(F)(F)F)nc2)C1N,20.09
N#Cc1ccc(NN=Cc2ccc(-c3ccc(C#N)cc3)o2)cc1,15.41
Cc1ccn(-c2ccc(C(=O)NC3c4ccc(C#N)cc4OC(C)(C)C3O)c(Cl)c2)n1,24.95
N#Cc1ccc(C=Cc2cc(=O)n3[nH]c(=O)c4ccccc4c3n2)cc1,23.88
CC(=O)Nc1ccc(N=Cc2nc3ccccc3oc2=O)cc1,25.14
Cc1ncn(-c2ccc(C#N)c(Cl)c2)n1,22.11
NC1Cc2cc(F)ccc2N(O)C1=O,17.8
Cc1nc2cc(-c3ccc(C#N)cc3)ccc2c(=O)n1-c1ccnc(-c2ccc(C#N)cn2)c1,19.06
CC(C)OC(=O)n1c2c(c3ccccc31)CCN(C)C2,25.23
N#Cc1ccc(-c2c(C#N)n(-c3ccc(C#N)cc3)c3cc(-c4cccc(C#N)c4)ccc23)cc1,21.38
C=Cc1c(C(N)=O)cnn1-c1ccc(-c2nc3cc(C(=O)c4ccccc4)ccc3[nH]2)cc1,34.63
COc1ccccc1OCCNC(C(=O)OCc1ccccc1)C(C)C,30.96
CC(=O)CN=Cc1c(O)c(C=O)c(O)c(C=O)c1O,18.46
Clc1nc(Cl)nc(-[n+]2ccc(-c3cccs3)cc2)n1,12.37
N#Cc1ccc(-c2cc(CC3CCNCC3)nc(-c3ccc(C#N)cc3)n2)cc1,19.36
N#Cc1cc(-c2ccccc2)ccc1O,10.55
Cc1cccc(NN=Cc2c(N3CCOCC3)nc3ccccn3c2=O)c1,20.66
Cc1cccc(-c2nc(-c3ccc(N)cc3)nc(-c3ccc(N4C(=O)c5ccc6c7c(ccc(c57)C4=O)C(=O)OC6=O)cc3)n2)n1,14.71
N#CCNCCn1cc(-c2ccc(C#N)cc2)nc1C1CCN(c2cc(=N)nc[nH]2)CC1,21.31
N#Cc1ccc(-c2cc(C#N)nc3cc(-c4cncc(C#N)c4)ccc23)cc1,16.91
CC(=O)NCC1CN(c2ccc(N3CCN(C(=S)c4cn(-c5ccccc5)nc4-c4ccc(C)cc4)CC3)c(F)c2)C(=O)O1,30.08
COc1cc(C=C2SC(=O)NC2=O)ccc1Oc1cccc(C)n1,24.62
N#Cc1ccc(NC(=O)c2cc(Cl)c(=N)[nH]c2Cl)cc1,21.94
N#Cc1ccc(CN=c2nc(-c3ccccc3)[nH]c3ccc(-c4ccc(C#N)cc4)cc23)cc1,21.43
N#Cc1ccc(-c2ncc(-c3ccc(Cl)cc3Cl)c(-c3ccc(Cl)cc3)n2)cc1,21.24
O=c1[nH]cnc2sc3c(c12)-c1ccccc1CC3,21.66
C#CCN(Cc1ccc(C#Cc2ccc(C(=O)OC)cc2)cc1)c1nc(C#N)ncc1F,24.66
N#Cc1ccc(-n2nc(-c3ccc(N)nc3)ccc2=O)cc1,13.2
CS(=O)(=O)c1cccc(-c2ccc(CC(C#N)NC(=O)C3NC4CCC3C4)c(F)c2)c1,20.91
O=C(NC1(C(=O)O)Cc2ccccc2C1)c1cccc2ccccc12,24.73
COc1ccc2c(C#N)c3c(c(C#N)c2c1)CCCC3,11.85
N#Cc1ccc(C#CC#Cc2ccc(N)nc2)cc1,17.37
N#Cc1ccc(-c2ccn(-c3ccc(C(=O)O)cc3)n2)cc1,12.52
N#Cc1ccc2ccn(-c3ccc(-c4nc(-c5ccc(N)cc5)nc(-c5ccc(N)cc5)n4)cc3)c(=O)c2c1,21.33
C=c1c(=Cc2c(C)c(C#N)c(=O)n(CC(=O)Nc3ccc(C)cc3)c2O)cc(C)n1-c1ccc(C(=O)O)cc1,25.31
Cc1ccc(N=c2scc(-c3ccc(-c4ccccc4)c(-c4ccccc4)n3)n2Cc2ccco2)cc1,35.73
Cn1ncc(-c2nc(-c3ccc(C#N)cc3)nc(-c3ccc(C#N)cc3)n2)c1-c1ccc(C#N)cc1,13.35
N#Cc1ccc(-c2nc3ccccc3n3c2nc2ccc(N=CC(C#N)C#N)cc23)cc1,33.02
C[n+]1c(-c2ccc(C=NN=C(N)N)cc2)c(O)n2c3ccccc3sc21,23.58
COCc1cccc(-c2ccc(C#N)cn2)c1,19.94
Cc1cc(C)cc(N(C(=O)Nc2ccc(F)cc2)C2=NCC(C)(C)S2)c1,27.08
Cc1ccccc1CN1C(=O)C(=O)c2ccc(C=O)cc21,23.48
CC(C)(C)c1cc(C=O)cc(C=Nc2ccc(-c3nc(-c4ccc(N)nc4)nc(-c4ccc(N)nc4)n3)cn2)c1O,11.76
N#Cc1ccc(-c2ccc3[nH]cc(-c4cc(-c5ccc(F)cc5)nc(-c5c[nH]c6ccc(C7=NCCN7)cc56)n4)c3c2)cc1,43.01
CC1CN(CC(=O)Nc2cccc3nsnc23)CC(C)O1,30.44
C#Cc1ccc2c(c1)C(n1ccc3ccccc3c1=O)C(O)C(C)(C)O2,24.58
c1ccc2[nH]c(-c3ccc(-c4ccc(-c5nc(C6CCCN6)c[nH]5)cc4)cc3)nc2c1,28.19
CC(=O)Nc1cccc(-c2ccnc3c2cc(C(N)=O)n3C)c1,24.22
N#Cc1ccc(-c2ccc(C#N)o2)cc1,13.83
CC1(C)N=C(c2ccc(C#N)cc2)C(c2cc(C#N)ccn2)=NC1(C)C,24.78
N#Cc1ccc(-c2nn(-c3ccccc3)c(=O)c3cc4c(=O)[nH]n(-c5ccc(C#N)cc5)c(=O)c4cc23)cc1,21.71
Oc1ccc(C=NN=c2nc(-c3ccccc3)cn[nH]2)cc1,17.24
N#Cc1ccc(-c2cc3c(=NCCO)[nH]cnc3[nH]2)cc1,22.23
Nc1ccc(-c2nc(-c3ccc(N=Cc4cc(C=O)cc(C=O)c4O)nc3)nc(-c3cnc(N)nc3)n2)cn1,11.75
Cn1nccc1-c1ccc(-c2ccc(C#N)cc2CC#N)cc1F,23.54
N#Cc1ccc(-c2nc(=N)cc(-c3ccc4ncn(-c5ccc(C#N)cc5)c(=O)c4c3)[nH]2)cc1,20.13
Cc1cc(-c2ccc(C(C)N=c3[nH]c(-c4ccc(C#N)cc4)cs3)c(F)c2)ccn1,27.66
CCCCCN(C(=O)NC(=O)c1c(F)cccc1F)C(=O)C(C)C,35.28
Cc1c[nH]c(=Nc2ccc(C(=O)NC3CCN(C)CC3)cc2)nc1-c1ccc(OC(F)(F)F)cc1,18.38
COc1cc(-c2ccc(C#N)cc2)ccc1-n1ccc(OCc2ccc(C#N)cc2)cc1=O,15.52
Cc1cc(C)nc(N2CCc3nc(-c4ccc(C#N)cc4)nc(-c4ccc(C#N)cc4)c3CC2)c1,28.46
N#CCOc1ccc(C(=O)C=Cc2ccc(C=Cc3ccc(C=Nc4ccc(-c5nc(-c6ccc(N)cc6)nc6cc(N)ccc56)cc4)cc3)cc2)c(O)c1,28.41
Cn1c(C(N)=O)cc2c(-c3ccc(C#N)nc3)cnc(N)c21,22.6
Cc1ccc2c(=O)n(Cc3ccccc3C)c(=O)[nH]c2c1,22.24
Cc1cc(C=O)cc(C=O)c1O,15.06
N#Cc1ccc(-c2cccc(-c3nc(=O)c4ccccc4[nH]3)c2)cc1,17.64
N#Cc1ccc(-c2cc(-c3cccs3)cc(-c3ccc(C=O)cc3)n2)cc1,15.19
O=C1c2ccc(Nc3ccc(F)cc3F)cc2CCc2ccc(F)cc21,20.06
COC(=O)C1C(C=NO)=NC(=O)N(C(C)=O)C1c1ccc(C#N)cc1,26.27
N#Cc1ccc(C(=O)NC(c2ccc(C#N)cc2)C(O)c2ccc(C#N)cc2)cc1,22.73
COc1ccc(CC(=O)Nc2ccc(-c3nc(-c4ccc(C)cc4)cc(-c4ccc(C)cc4)n3)cc2)cc1,17.94
CCn1c(C=Cc2ccc(C#N)cc2)nc2ccccc2c1=O,20.86
N#Cc1ccc(-c2ccnc(-c3ccc(N)nc3)n2)nc1,14.08
N#Cc1ccc(-c2c(-c3ccc4[nH]ccc4c3)[nH]c3ccc(-c4nc(-c5ccccc5)[nH]c(=N)n4)cc23)cc1,32.44
Clc1ccc(COc2ccccc2C=NN=c2[nH]c3ccccc3[nH]2)cc1,20.93
COc1cc(-c2cc[n+](-c3nc(Cl)nc(Cl)n3)cc2)cc(OC)c1OC,15.88
C=CCn1cc(C=CC(=O)c2ccc(F)cc2)c(-c2ccc(C)cc2)n1,26.01
N#Cc1ccc(-c2cc(-c3ccc(CNCc4ccc(C#N)nc4)cc3)cc(-c3nc4cc(C(F)(F)F)ccc4[nH]3)c2)cc1,24.43
Nc1cc(O)c(N=Cc2ccc(-c3nnc(-c4ccncc4)o3)cc2)cc1O,16.92
N#Cc1ccc(-c2cc(C#N)c3nc(-c4ccc(C=O)cc4)[nH]c(=O)c3c2)cc1,19.82
O=c1c(-c2ccccc2)nc2cccnc2n1-c1ccccc1,14.52
Cn1c(-c2ccc(C#N)cc2)nc(-c2ccncc2)c1-c1ccc2c(c1)OCO2,17.52
CC(=O)N1c2ccccc2-c2cc(C#N)ccc2C1(C)C,24.69
CC(C=O)=CC=C1CC(O)CC1c1cc(O)c(C)cc1O,31.87
CC(C)(C)N=C(NC#N)Nc1cccc(C#N)c1,16.84
Cc1cc(=O)c(C=Nc2ccc(-c3nc(-c4ccc(N)nc4)nc(-c4ccc(N)nc4)n3)cn2)c(C)n1CCOCCO,33.76
Cc1[nH]n(-c2ccccc2)c(=O)c1N=Nc1ccc(Cl)c(C(=O)O)c1,18.98
O=C(NCc1ccc(-n2cnnn2)cc1)C1COc2ccccc2O1,27.29
Cc1nc(-c2cc3cccc(C#N)c3oc2=O)c2cc(C#N)c(=O)[nH]c2n1,27.83
Cn1cc(C(=O)c2ccc(C#N)cc2)nc1-c1ccccn1,20.94
N#Cc1ccc(-c2cnc3c(c2)CCCN3C(N)=O)cc1,11.07
Cc1ccc(N=Nc2ccc(-c3nc4ccc(C=CC(=O)O)cc4nc3-c3ccc(C=NN=C(N)N)cc3)cc2)cc1,29.67
COC(=O)Cn1cc(-c2ccc(C#N)cc2)nc1C#N,22.39
N#Cc1ccc(-c2cn3c(=O)cc(N4CCOCC4)nc3n2Cc2ccc(C#N)cc2F)cc1,26.03
N#Cc1ccc(Cn2cc(C=O)c3cc(OCc4ccc(-c5ccccc5)cn4)ccc32)cc1,21.68
O=Nc1c(O)[nH]c2ccc(Cl)cc12,16.83
N#Cc1ccc(-c2cn3c(CN4CCCC4)csc3n2)cc1,19.97
CCOc1ccc(-c2nc3cc(C#N)cc(C(N)=O)c3[nH]2)cc1C#N,21.81
N#Cc1cc(C#N)c2oc3c(C#N)cc(C#N)c4ccc1c2c43,11.44
Cn1c(N)c(C#N)c2c(-c3ccc(C#N)cc3)n(-c3ccc(C#N)cc3)nc2c1=O,21.62
N#Cc1ccc(COc2ccc(-c3nc4c(C(=O)O)cccc4n3-c3ccc(F)cc3)cn2)c(-c2cc(O)ccn2)c1,31.19
COCCNCc1ccc(N=c2nc3c(c[nH]2)cc(-c2ccc(C#N)cc2)c(=O)n3C(C)C)cc1,26.59
Cn1cc(N=CN2CCN(C=O)CC2)ccc1=N,21.18
Cc1ccc(-c2nsc(=NC(=O)c3ccccc3-c3ccc(C#N)cc3)[nH]2)cc1,24.5
N#Cc1ccc(-c2nc(-c3ccc(C=O)cc3)nc(-c3ccc(N)nc3)n2)cc1,13.33
CC(N)Cc1ccc(N=Cc2ccc(-c3nc(-c4ccc(C=N)cc4)nc(-c4ccc(C=O)cc4)n3)cc2)cc1O,20.72
COc1nc(-c2ccc(C#N)cn2)ncc1C(=NOCCOCC(C)C)c1ccc(C#N)cc1,35.81
Clc1nc(Cl)nc(-[n+]2ccc(-c3ccco3)cc2)n1,11.53
CN(C)C=Nc1ccc(-c2nc(-c3ccc(C#N)cc3)cc(-c3cnc4ccccc4c3)n2)cn1,18.85
C=CC(=O)Nc1ccc(C#N)cc1,15.9
Fc1cc(-c2nnc(N=CN3CCCCC3)o2)ccc1Cl,28.29
N#Cc1ccc(-c2cn3c(-c4ccc(C#N)cc4)c4c(c(C#N)c3n2)CCCC4)cc1,13.82
N#Cc1ccc(N=c2[nH]c3ccccc3n3nnnc23)cc1,20.19
CCCn1c2c(c3cc(C#N)ccc31)C(=O)c1ccc(C#N)cc1C2(C)C,22.47
Cc1cc(N=c2nc(-c3ccc(N4CCOCC4)nc3)cc[nH]2)cc(-c2nn[nH]n2)c1,20.29
COc1cc(-c2[nH]c3cc(F)ccc3c2-c2ccc(F)c(OC)c2)ccc1C,38.08
Cc1cc(CCC(N)=O)ccc1-c1noc(-c2ccc(CC#N)cc2)n1,25.44
N#Cc1cccc(CN=c2cc(-c3ccc4c(c3)CCO4)nc(-c3ccc(N)nc3)[nH]2)c1,25.03
CC(C)c1ccc(-n2c(-c3ccc(C#N)cc3)cc3cc(-c4ccc(C#N)nc4)ccc32)cc1,14.21
CC1=CCc2c1c(O)n(-c1ccc(-c3cc(-c4ccc(C)cc4)nc(-c4ccc(C)cc4)n3)cc1)c2O,19.42
CC(=O)c1ccc(OCc2ccccc2CN(C(C)C)C(C)C)cc1O,33.36
N#Cc1ccc(NC(=O)c2cc(-c3ccc(C#N)cc3)c[nH]2)cc1,19.27
COc1cc(C=Nc2ccc(-c3nc(-c4ccc(C#N)cc4)nc(-c4ccc(C#N)cn4)n3)cn2)cc(OC)c1OC,14.08
N#Cc1ccc(-n2[nH]c(=O)c3cc4c(=O)[nH]n(-c5ccc([N+](=O)[O-])cc5)c4cc3c2=O)cc1,16.93
COc1cc2c(ccc(=O)n2-c2ccc(C#N)cc2)cc1-c1ccc(C#N)cc1,16.44
CCc1nn(-c2ccccc2)c2c1NS(=O)(=O)c1ccc(-c3ccc(O)c(F)c3)cc1N2,26.71
Cn1c(C(=O)Nc2ccc(C#N)cc2C(=O)O)cc2ccc(F)cc21,28.7
N#Cc1ccc(-c2cc3c(n2-c2ccc(C=O)cc2)-c2ccccc2CC3)cc1,15.77
COc1ccc2nc(SC)sc2c1,23.13
Cc1ccc(C(=O)N=c2cc(C(=O)NCCN3CCOCC3)[nH]n2-c2ccccc2)cc1-c1ccc(C#N)cn1,16.83
N#Cc1ccc(S(=O)(=O)N2C(=O)C(=O)c3ccc(C#N)cc32)cc1,22.48
O=c1oc(-c2ccccc2)cc2c(=O)c3c(-c4ccccc4)c4c(nc3sc12)CCCC4,30.13
O=C(O)c1ccc(-c2cc(-c3ccccc3)cc(-c3ccc(-c4nc(Cl)nc(Cl)n4)cc3)c2)c(F)c1,24.57
Nc1ccc(-c2nc(-c3ccc(Cl)nc3)nc(-c3ccc(N=Cc4cc(C=O)c(O)c(C=O)c4O)nc3)n2)cn1,12.36
N#Cc1cc(C#N)c2ccn3c(=O)cc(C#N)c4ccc1c2c43,11.82
Cc1nc(-c2ccc(-c3cccc(C#N)n3)cc2)n(-c2ccc(C#N)cc2)c1Cc1ccccc1,21.88
Cn1c2ccccc2c2cnn(Cc3ccc(F)cc3)c(=O)c21,17.22
Cc1noc(-c2ccc(C#N)cc2)c1CNc1ccc(-c2ccc(C#N)cc2)cc1,23.1
COc1cc(C#N)cc(-c2cc(-c3ccc(C#N)cc3)nc(-c3ccc(C=O)cc3)n2)c1,17.5
Cc1ccc(F)c(NC(=O)c2cccc(C#N)c2)c1,23.49
N#Cc1ccc(CC(c2ccc(C#N)cc2)c2ccc(C(F)(F)F)nc2)cc1,18.85
N#Cc1ccc(-n2c(=O)c3c[nH]c4ccn(-c5ccc(C#N)c(F)c5)c(=O)c4cc-3c2=O)cc1,19.16
CN(c1ccc(C#N)c(-c2nc(C#N)nc3c2CCC3)c1)S(C)(=O)=O,30.8
N#Cc1ccc(-c2nn(-c3ccc(C#N)cc3)cc2C=Nn2cnnc2)cc1,16.51
Cc1cc(-c2ccc(C(=O)N3CCN(CCc4ccncc4)CC3)c(F)c2)ccn1,23.79
O=Cc1c(O)c(C=Nc2ccccn2)cc(CN2CCN(C=O)CC2)c1O,25.11
O=Cc1cc2c(c(-c3cc4ccccc4o3)c1CO)OCO2,32.16
Cc1ccc2nc(-n3c(-c4ccc(F)cc4F)nc4ccc(-n5ccc6cc(F)c(-c7ccc(C#N)cc7)cc6c5=O)cc43)sc2c1,29.33
Cn1c(N2CCN(CC(=O)Nc3cc(Cl)ccc3C#N)CC2)nc(-c2ccc(C#N)cc2)cc1=O,25.78
Cc1cccc(-c2cc(-c3ccc(C#N)cc3)nc(-c3ccc(C#N)cc3)n2)n1,13.33
N#Cc1ccc(-c2cc(=O)c3c(C#N)ccnc3[nH]2)cc1,16.55
N#Cc1ccc(-c2ncnc3c2CN(c2ncc(C=O)s2)CC3)cc1,24.87
N#Cc1ccc(-c2cc3c(c4ccccc24)C(=O)NC3)cc1,22.99
CC(C)c1ccc(-n2c(C(F)(F)F)nc3ccc(-c4ccc(C#N)cc4)cc32)cc1,12.32
COc1ccc2cc3c(c(C=O)c2c1)C=CCC3C(C)C,26.57
CCCc1cc(C)cc2oc(=O)c(-c3nnc(-c4ccc(C#N)cc4)n3-c3ccc(C)cc3)cc12,31.94
N#CC(C#N)=c1ccc(=C(C#N)C(N)=O)cc1,12.1
N#Cc1ccc(-c2ccnc3c2cnn3C2CN(C(=O)OCc3ccccc3)CCC2C#N)cc1,26.89
N#Cc1ccc(-c2noc(-c3ccc(C=O)cc3)n2)cc1,13.81
Cc1ccc(C)n1-c1ccc(C#N)cc1,12.6
Cc1oc(-c2ccc(C#N)cn2)cc1C(=O)N1CCOCC1,23.18
Nc1ccc(-c2nc(-c3ccc(N=Cc4c(O)cc(C=O)cc4Cl)cc3)nc(-c3ccc(N)nc3)n2)cc1,21.96
COc1ccc(-c2ccc3nc(-c4ccc5c(ccn5C)c4)c(-c4ccncc4)cc3c2)cn1,30.6
CCc1cccc(CC)c1NC(=O)c1cc2cc3nc(C)n(C)c3cc2n(C)c1=O,30.51
N=Nc1c(O)n(Cc2ccccc2)c2ccccc12,19.41
N#Cc1ccc(C(=O)N=C2NCCS2)cc1,15.27
Cc1ccc(-c2nc(-c3ccc(N=C=S)cc3)nc(-c3ccc(-n4c(=O)c5cc(C)ccc5n(Cc5ccc(C#N)cc5)c4=O)cc3)n2)cc1,23.73
O=C(Nc1cccc(NC(=O)c2ccco2)c1)c1ccc2c(c1)OCO2,25.45
COc1ccc(CC=NC(=O)Cc2nc3ccccc3[nH]c2=O)cc1,23.64
FC(F)(F)c1cccc(-c2cnc3ccc(=NCc4ccc(-c5ccco5)cc4)[nH]n23)c1,29.31
CNC(=O)C(C#N)=c1ccc(=C(C#N)C#N)cc1,13.94
Cn1cc(-c2ccc(C#N)cc2C#N)cn1,17.15
CCCCc1nc(Cl)c(Cl)c(=O)n1Cc1ccc(-c2ccccc2S(=O)(=O)NC(=O)c2ccccc2Cl)cc1,21.4
N#Cc1ccc(Cc2c(-c3ccc(C#N)cc3)n(C(c3ccc(C#N)cc3)c3ccc(C#N)cc3)c3ccc(Cl)cc23)cc1,25.91
Cc1cc(C(=O)CN2CCOCC2)c(C)cc1O,27.92
Cc1ccc(C(C#N)N2C(=O)c3ccccc3C2=O)cc1,18.82
N#CC(=CSc1ccccc1)c1ccccc1,16.33
Cc1nn(-c2ccc(C#N)cc2)c2c1C(c1ccccc1F)N=C(N)N2,20.1
N#Cc1ccc(-c2ccc(C(=O)NCCN3CC=C(c4ccc5c(c4)CCCC5)CC3)cc2)cc1,28.2
N=c1nccc[nH]1,18.42
N#Cc1ccc(-c2cc(-c3ccc(N4CCOCC4)nc3)ccn2)nc1,12.47
Cc1ncn(-c2ccc(N=c3nc(-c4ccc(C#N)cc4)cc[nH]3)cc2)n1,16.83
N#Cc1ccc(-c2cc(C(=O)O)ccc2C#N)nc1,12.2
Cc1ccc2c(C#N)c3ccccc3c(C#N)c2c1,12.37
NCCCCCCCCC(=O)NC(Cc1c[nH]c2ccccc12)C(=O)NCCc1ccccc1,34.13
CC1(C)Cc2c(-c3ccc(-n4cc(C#N)cn4)c(F)c3F)ccc(C#N)c2CO1,26.58
N#Cc1ccc(-c2ccnn2-c2ccc(F)cc2)cc1,16.3
N#Cc1ccc2[nH]c(=O)c(-c3ccc(C=Nc4ccccc4N)cc3)nc2c1,23.73
CC(C)NCc1ccc(-c2ccc(C#N)c(N=c3cc[nH]c4cc(C#N)ccc34)c2)cc1,29.31
CC(C)c1cc(-c2cncn2C)c(O)cc1O,20.81
Cc1nc(SCC#N)nc2ccccc12,18.92
N#Cc1ccc(-c2csc(=NC(=O)c3ccc(S(=O)(=O)N(Cc4ccccc4)Cc4ccco4)cc3)[nH]2)cc1,27.7
Cc1nc(N2CCCCC2)c2c(=N)n(-c3ccc(C#N)cc3)c(=NCCO)[nH]c2n1,30.29
Cc1cc(C)cc(N(CC(=O)NN=Cc2ccc(C#N)cc2)S(C)(=O)=O)c1,19.24
Cc1noc(-c2cc3cc(-c4cc(C#N)ccn4)cc(C)c3[nH]2)n1,22.8
CCc1nc(-c2ccc(-n3c(C)nc4c(nnn4-c4ccc(C#N)cc4)c3=O)cc2)no1,27.98
N#Cc1ccc(C#Cc2cnccn2)cc1,13.49
COc1ccc(C=Cc2cc(C#N)cc(-c3ccc(C#N)cc3)c2)cn1,20.91
N#Cc1ccc(-c2cc(-c3ccc(C#N)cc3)n(-c3ccc(C#N)cc3)c(=O)c2)cc1,14.65
CNC(=O)C(C)(NC(=O)OCC=CCl)C(=O)N=c1[nH]c(-c2ccc(O)cc2)cs1,41.35
Cc1n[nH]c2c(C#N)c3ccccc3c(C#N)c12,13.12
N#Cc1ccc(-c2ccc3c(=N)nc(-c4ccccc4F)[nH]c3c2)cc1,23.86
Cn1cnc2c(-c3cc(C(N)=O)ccc3C#N)nc(-c3ccc(-c4ccc(C(N)=O)cc4)nc3)nc2c1=O,40.3
N#Cc1ccc(-c2cc3c(=O)c4c(=O)n(-c5ccc(C#N)cc5)ccc4n(-c4ccc(C#N)cc4)c3cc2-c2ccc(Cl)cc2)cc1,21.92
Cc1ccc2nc(-n3c(-c4ccc(C#N)cc4)cc4c3cc(-c3ccccc3)n4-c3ccc(C#N)cc3)sc2c1,11.35
N#Cc1ccc(-c2cc(OCc3ccnc(C#N)c3)c3ccccc3n2)nc1,25.4
N#Cc1ccccc1Br,14.74
N#Cc1ccc(-c2c[nH]c(Cc3n[nH]c(=O)c4c3CCCC4)c2)cc1,21.99
Cc1nc(CC(=O)NS(=O)(=O)c2ccc(C#N)cc2)cs1,25.65
CN(C1CC1)S(=O)(=O)c1ccc(C(=O)N=c2[nH]nc(-c3ccc(C#N)cc3)o2)cc1,24.23
Cc1ccc(-c2cc(N=Cc3ccc(-c4cc(-c5cccs5)cc(-c5ccc(C=O)cc5)n4)cc3)nc(-c3ccc4c(c3)OCO4)c2)cc1,26.39
COc1ccc(-c2ccc3c(C)cc(-c4ccc(C#N)cn4)nc3c2)cn1,21.28
Cc1ccc2c(c1)S(=O)(=O)N=C2N1CCN(Cc2ccccc2)CC1,27.33
COc1ccccc1-c1cc(C#N)c2cc(C#N)ccc2c1,19.3
N#Cc1ccc(-c2nc(-c3ccc(C(N)=O)cc3)cc3c(-c4ccc(C(F)(F)F)cc4)nc(-c4ccncc4)nc23)cc1,26.87
Cc1ccc2nc(-n3c(-c4ccc(C#N)cc4)nc4ccc(-c5nc(C)no5)cc43)sc2c1,11.57
N#Cc1ccc(OCC2CC2(F)F)cc1,20.24
O=Cc1c(O)ccc2nc3c(cc12)C(=O)c1ccccc1-3,20.67
N#CC(C#N)=Cc1ccc(C#N)cc1,12.24
N#Cc1ccc(-c2cc3c(cc(-c4ccccc4)n3-c3ccc(Cl)cc3)n2-c2ccc(C#N)cc2)cc1,13.98
CC(=O)N1CCc2c(c(-c3ccc(C#N)cc3)nn2Cc2ccc(-c3ccccc3)cc2)C1,19.41
CSC1=C(C#N)C(c2ccc(C#N)cc2)C(C#N)C(C)=N1,16.89
O=Cc1ccc(-c2cc(-c3ccccc3)cc(-c3ccccc3)n2)cc1,10.73
Cc1cc(CCCN=C(N)N)c(O)o1,22.62
Clc1ccc(-c2cc(-c3ccc(Cl)cc3)[nH]c(=NN=Cc3cccnc3)n2)cc1,20.74
CCCCc1ccc(NS(=O)(=O)c2ccc3c(c2)CCN3C(=O)C2CC2)cc1,25.88
N#Cc1ccc(-c2c(C#N)c3ccc(C=O)cn3c2-c2ccc(C#N)cc2)cc1,22.24
N#Cc1ccc(-c2cccc(-c3ccc4cc(C#N)ccc4c3)c2)cc1,16.27
CC(=O)c1cccc(-c2ccc(C=CC(=O)O)cc2)c1,21.75
CC1Cn2c(nnc2-c2ccc3ccccc3c2)C(=O)N1Cc1cccc(C#N)c1F,30.55
CSC(C#N)=C1C(=O)N(Cc2ccccc2)c2ccccc21,21.45
CC1(C)Oc2ccc(C#N)cc2C(=O)C1C#N,18.8
N#Cc1ccc(-c2c(C#N)cc(C#N)c3ccccc23)cc1,12.89
N#Cc1ccc(-c2ccc3nc(-c4ccc(C#N)cc4)n(-c4ccc(C#N)cc4)c3n2)cc1,16.23
CN(CC(=O)NCCC#N)Cc1cccc(C#N)c1,21.48
N#CC(=Cc1ccc(C#N)cc1)c1nc2ccc(C#N)cc2n1Cc1ccc(-c2ccccc2C(=O)O)cc1,30.89
COc1ccc2c(C#N)c3c(c(C#N)c2c1)CCN(C)C3,12.97
CC(C)c1ccc(-n2c(-c3ccc(C#N)cc3)cc3c2cc(-c2ccc(C#N)cc2)n3C)cc1,10.07
N#Cc1ccc(-c2ccc(N=CN3CCN(C=O)CC3)c(-c3ccc(C#N)cc3)c2)cc1,17.74
N#Cc1ccc(-c2nc(COc3cncc(C(N)=O)c3)cc(-c3ccc(C(F)(F)F)cc3)n2)cc1,22.78
N#Cc1ccc(-c2ccc(C(=O)NCCC(=O)O)cc2)cc1,15.34
COc1ccc(-n2nc(C(=O)N3CCN(CCCOc4ccc(-c5nc(OC)cs5)nc4)CC3)nc2-c2ccc(C#N)cc2)cc1,36.8
N#Cc1cc(C#N)c2cc3c(c(C#N)c2c1)OCO3,16.48
N#Cc1ccc(-n2cnc3cc(-c4ccc(Cl)cc4)ccc3c2=O)cc1,17.09
FCCCOc1ccccc1F,25.16
Cc1ccc2c(c1)C(=O)CC1(CCCN(C)C1)O2,27.48
COc1cccc(F)c1C=Cc1cccc(C(N)=O)c1,27.84
N#Cc1ccc(-n2cc(O)c(-c3nc4ccccc4s3)c2N)cc1,17.99
N#Cc1ccc(Cn2c(=O)n(Cc3ccc(C#N)cc3)c(=O)n(Cc3ccc(-c4ccc(C#N)cc4)cc3)c2=O)cc1,18.29
Cc1oc(-c2ccc(C#N)cc2)nc1Cc1nc2ccc(C(=O)N=c3[nH]c(CC(=O)O)cs3)cc2n1C,31.03
N#Cc1ccc(-c2cc(-c3ccc(C#N)cc3)n(Cc3ccccc3)n2)cc1,16.79
COc1ccc(C=C2SC(=O)NC2=O)c(C(F)(F)F)c1,24.19
N#Cc1ccc(N=c2[nH]c(=Nc3ccccc3)[nH]c(=Nc3ccc(F)cc3)[nH]2)cc1,17.69
Cc1ccc(N2C(=O)c3ccc4c5c(ccc(c35)C2=O)C(=O)OC4=O)cc1C,12.47
Cc1ccc(NC(=O)c2cccc(C#N)c2)cc1-n1c(=O)cnc2cc(-c3ccc(C#N)cc3)ccc21,21.99
Cc1ccc(-c2nc(-c3ccc(C#N)cc3)nc(-c3ccc(C#N)cc3)n2)nn1,19.28
O=Cc1cc(-c2ccc(C(F)(F)F)cc2)cc(C=NCCc2ccc(O)c(O)c2)c1O,26.56
N#Cc1c(=O)c2c(NCc3ccc(N)cc3)cccc2n2c1ccc1ccccc12,29.81
O=Cc1cc(C=Nc2ccc(-c3cccc(-c4ccc(-n5c(=O)c6cc7c(=O)oc(=O)c7cc6c5=O)cc4)n3)cc2)c(O)c(C=O)c1O,14.61
N=c1ncc(-c2ccc(-c3ncnc4cc(F)c(-c5ccc(C(N)=O)cc5)cc4c3=O)cc2F)c[nH]1,33.25
CC(C)CC1Cc2c(c3c(C#N)cc(C#N)c4ccn5ccc2c5c43)C(=O)N(c2ccc(-c3ccccc3)cc2)C1=O,39.68
N#Cc1ccc(-n2nc(C#N)c3c4cccnc4n(-c4ccc(C#N)cc4)c(=O)c32)cc1,18.41
N#Cc1ccc(Oc2ccc(S(=O)(=O)N=c3nccc[nH]3)cc2C#N)c(C#N)c1,16.7
N#Cc1ccc(-c2nc3ccc(=O)n4c(=O)c5ccccc5c(n2)c34)cc1,21.73
c1cncc(-c2ccno2)c1,21.85
N#Cc1ccc(-c2cc(-c3ccc([N+](=O)[O-])cc3)cc(-c3ccc(C=Cc4ccc(C(=O)O)cc4)nc3N)c2)cc1,31.1
Cn1c(Cc2ccc(F)cc2)nc(-c2ccc(C(=O)NCCC(=O)O)nc2)c1CNCCc1ccccc1,22.06
COc1ccc(C=O)cc1C=C1SC(=O)N(c2ccc(C)cc2)C1=O,23.38
N#CC(=Cc1ccc(-c2ccc(C#N)cc2)o1)c1ccccc1Cl,18.05
CC(=c1ccc(=C(C#N)C#N)cc1)[N+](=O)[O-],11.78
CC(C)(C)c1cc(C#N)c(C#N)c(C#N)c1N,20.09
Cn1nc(C(N)=O)c2c1-c1nc(=Nc3ccc(C(C#N)c4ccc(C#N)cc4)cc3)[nH]cc1CC2,24.85
O=C(O)c1cnc2c(c1)CCNC2=NN=C1c2ccccc2-c2ncccc21,32.7
N#Cc1ccc2c(=O)c3cc(-c4ccccc4)ccc3sc2c1,22.47
Cc1cc(C#N)cc2nc(-c3ccc(-c4cccc(N)c4)nc3)oc12,25.11
CC(=O)C1CC2C3C(=O)C=C4CC(=O)CCC4(C)C3(F)C(O)CC2(C)N=C1C,34.71
N#Cc1ccc(-c2ccc(-c3ccc(C#N)nc3)c(F)c2)nc1,14.01
Cc1cc(Cl)cc(Cl)c1CC(=O)c1c(O)c(C=O)c(O)c(C=O)c1O,29.02
Cc1ccc(S(=O)(=O)N(C)c2nnc(C)c(C)c2C#N)cc1,20.3
C#Cc1ccc(-c2ccc(C#N)cn2)c(C#N)c1,10.45
c1ccc(-c2noc(CCN3CCN(c4ccccc4)CC3)n2)cc1,21.96
N#Cc1ccc(N=Cc2c(O)c(C=O)c(O)c(C=O)c2O)cc1,9.54
CC(=O)c1ccc(-n2c(C#N)ccc2-c2ccc(-c3ccc(C=O)cc3)n2-c2nc3ccc(C)cc3s2)cc1,27.12
O=c1nc(-c2ccc(F)cc2)c2cc3ccccc3[nH]n1-2,23.64
N#CN=CNc1cccc(-c2nc(-c3ccc(C=O)cc3)nc(-c3ccc(C=Nc4ccc(C#N)c(O)c4)cc3)n2)c1,20.97
Cc1nn(-c2ccccc2F)c2cc(-c3ccc(C#N)cc3)ccc12,15.83
Nc1ccc(-c2nc(-c3ccc(N)cc3)nc(-c3ccc(-n4c(=O)c5ccc6cccc7c6c5n(c4=O)C7)cc3)n2)cc1,13.89
N=C(N)N=CC(=O)NN,18.41
C#Cc1cccc(F)c1,15.99
O=c1[nH]c(=Nc2ccc(O)cc2)[nH]c2[nH]cnc12,19.4
O=C(N=c1nn[nH][nH]1)c1cc(Cl)ccc1O,19.86
O=Cc1cc(O)c(C=Nc2ccc(N=C=S)cc2)cc1C=O,17.36
N#Cc1ccc(-c2[nH]c3ccc(Cl)cc3c2C=O)cc1,15.42
CC1=Nc2nc(-c3ccc(Cl)cc3)nn2C(c2ccc(C#N)cc2)C1C(N)=O,19.03
N#Cc1ccc(-c2cc3c(ccc(=O)n3-c3ccc(C#N)cc3F)c(-n3cccn3)n2)nc1,31.55
CCN1c2cccc3c2c2c(N(C)S(=O)(=O)c4ccc([N+]#N)cc4)ccc(C#N)c2n3CC1O,49.18
N#Cc1ccc(-c2nc(-c3cccnc3)nc(-c3ccc(N)nc3)n2)cc1,13.56
Cc1ccc(C)n1-c1ccc(C(=O)NN=Cc2ccc(OCc3ccc([N+](=O)[O-])cc3)cc2)cc1,28.42
Cc1ccc(-c2nc(-c3ccc(Nc4ccc(Cl)cc4)cc3)c(-n3nc(-c4ccc(C#N)cc4)nc3-c3ccc(C)cc3)nc2-c2ccc(C#N)cc2)cc1,25.88
Cc1[nH]c2cc(C#N)ccc2c(=O)c1-c1ccccc1,15.16
CC1(C)C(=O)Nc2cc(C#N)c3ccc(-c4ccc(C#N)cc4)cc3c21,16.7
N#Cc1ccc(-c2nc3cc(C(c4ccc(Cl)cc4)c4ccc(Cl)cc4)ccc3nc2-c2ccsc2)cc1,24.85
N#Cc1cc(N)ccc1N,18.01
CC(=O)c1cc(C)nc2cc(Cl)ccc12,25.96
CCC1(O)OCc2cc3cc(C#N)cc(C#N)c3c(C#N)c21,23.56
Cc1cc(-c2ccc(C#N)cc2)nn1-c1cccc(C#N)c1,14.45
N#Cc1ccc(-n2nc(C=O)c(C(N)=O)n2)cc1,17.61
Cn1nc(-c2ccc(C#N)cn2)cc1-c1ccc(N)nc1,11.29
CNC(=NC#N)SC,17.91
N#Cc1ccc(N=c2[nH]c(-c3ccc(OCCOc4ccc(C#N)cc4)cc3)nc(=N)[nH]2)cc1,23.0
Cc1c(-c2ccc(C#N)cc2)c2nc(-c3ccc(C(C)(C)C)cc3)cc(=O)n2n1C,21.74
Cn1c(=O)c2c(cc(-c3ccc(N=Cc4c(O)c(C=O)c(O)c(C=O)c4O)cc3)n2-c2ccc(N)cc2)n(C)c1=O,16.77
CN1CCC(NC(=O)c2ccc(-c3cn(C)c4nc(=N)[nH]c(N)c34)cc2)CC1,28.65
CS(=O)(=O)Nc1cccc(N=c2nc(-c3ccc(N4CCC(F)(F)C4)nc3)cc[nH]2)c1F,33.64
N#Cc1ccc(-c2cc(C#N)ccc2C#Cc2cccc(C#N)c2)nc1,16.14
Cc1ccc(-n2cc(-c3nc(-c4ccc(N)cc4)nc(-c4ccc(C#N)cc4)n3)cc2C)cc1,17.79
C=CC(=O)Nc1ccc2[nH]cc(C(=O)c3ccc4c(c3)c(C=O)cn4C(N)=O)c2c1,36.39
NC(=O)c1ccc(-c2nc(-c3ccc(OCc4ccnc(-c5ccc(N)nc5)n4)cc3)nc3ccccc23)cc1,27.61
Cc1ccc(-n2[nH]c(C(C)(C)C)cc2=NC(=O)N=c2cc(C)[nH]c3ccccc23)cc1,24.04
C=C(C)c1ccc(N=c2[nH]n(C3COCCC3C#N)cc2C(N)=O)cc1,25.47
N#Cc1ccc(-n2ncc(Cl)c(Cl)c2=O)cc1,11.69
Cc1ccc(C=CC(=O)c2ccc(N=Cc3cc(C=O)c(O)c(C=O)c3O)cc2)cc1C,25.93
CN(C)CCNC(=O)c1ccc(-c2nc3cc(-c4ccc5ccc(-c6ccc(C#N)cc6)cc5n4)ccc3[nH]2)cc1,23.75
N#Cc1ccc(-n2nnnc2-c2ccc3cc4ccccc4cc3c2)cc1,26.72
N#Cc1ccc(-c2cc(-c3cnc(C#N)nc3)ccn2)nc1,11.81
N#Cc1ccc(-c2cc(-c3ccc(C#N)cc3F)ccn2)nc1,15.13
CC=CCC1=C2C(=O)CC3CCC(C4COC(=O)C45CC(C)CO5)C3C2(C)CCC1=O,46.74
Cc1cc(C)nc(SCC(=O)N=c2[nH]c(-c3ccc(C#N)cc3)cs2)n1,21.45
N#Cc1ccc(-c2cc(C(=O)O)c3ccccc3n2)cc1,15.69
CC(C)N(Cc1ccc(O)c(-c2ccc(C#N)cc2)c1)C(=O)c1ccc(-c2ccc(C#N)cc2)o1,25.29
N#Cc1ccc(-c2nc[nH]n2)nc1,15.94
N=c1[nH]c(=N)c2nnc(-c3ccco3)nc2[nH]1,20.64
N#Cc1cc2[nH]cc(C=O)c2cc1C#N,14.25
N#Cc1ccc2ccc(-c3ccc(C(F)(F)F)cc3C#N)cc2n1,23.07
N#Cc1ccc2nc(N)c(-c3cncc(-c4ccc(N5CCOCC5)nc4)c3)nc2c1,27.26
N=c1nc(-c2ccc(NC(=O)c3nc(-c4ccc(Cl)cc4Cl)n(-c4ccc(Cl)cc4)n3)cc2)c2ccccc2[nH]1,27.14
Cc1cc(C#N)cc2nc(-c3ccc(C=O)cc3)[nH]c12,11.08
Cc1cc(-c2noc(-c3ccc(C=O)cc3)n2)cc(C)c1OCC(O)CO,16.24
O=C1C(c2ccc(C=Cc3ccccc3)cc2)=NC(=S)N1Cc1ccc(-c2ccccc2)cc1,26.19
N#Cc1ccc(-c2nc(-c3ccc(C#N)cc3)nc(-c3ccc(C#N)cc3)n2)cc1,11.4
CC(Cc1ccc(C#N)cc1)C(=O)N1CCN(c2ccccn2)CC1,24.39
Cc1cc(-c2ccc3c(c2)C2(COC(=N)N2)c2cc(-c4ccc(C#N)cc4)ccc2O3)ccn1,17.13
CNS(=O)(=O)c1ccc(-c2ccc(C#N)cc2)cc1,17.71
NC(N)=NN=Cc1ccc2c(c1)c(SCc1ccc(Cl)cc1Cl)cc[n+]2Cc1ccc(-c2ccc(C(=O)O)cc2)cc1,34.24
Cc1cc(C#N)cc(C)c1Oc1cc(=Nc2ccc(C#N)cc2)[nH]c(=N)[nH]1,14.66
Nc1ccc(-c2nc(-c3ccc(Cl)cc3)nc(-c3ccc(C=Cc4ccc(-c5ccnc(C(=O)O)c5)cc4)cc3)n2)cc1,29.42
N#Cc1ccc(Cn2nc(OCc3ccc4ccc(C#N)cc4c3)c3cc(-c4noc(CN)n4)ccc32)cc1,37.75
CN(C)C=Nc1ccc(-c2noc(-c3ccc(C=Cc4ccc(C(F)(F)F)cc4)cc3)n2)cn1,15.57
Nc1ccc(C=Nc2ccc(-c3nc(-c4ccc(N)nc4)nc(-c4ccc(N)nc4)n3)cn2)cc1,11.43
O=c1[nH][nH]c(=NN=Cc2ccccc2)[nH]c1=O,19.66
C=CCc1cc(C=Nc2ccc(-c3nc(-c4ccc(N)cc4)nc(-c4ccc(N)nc4)n3)cc2)cc(C=NN2CCN(Cc3ccc(C#N)cc3)CC2)c1O,26.39
C=CCCC(C#N)c1ccc(-c2ccc(C#N)cc2)nc1,27.77
N=c1c2ccc(Cl)cc2[nH]c2cc(Cl)ccc12,16.69
N#Cc1ccc(C2=CC3CNCC(C2)C3)cc1,15.84
Cc1c(CC(=O)N=Cc2ccccc2)c(=O)oc2c(C)c3occ(-c4ccc(C(C)C)cc4)c3cc12,27.03
Cc1ccc(-c2cc(-c3ccc(C=O)cc3)nc(-c3ccc(C=Nc4cc(O)c(N)cc4O)cc3)n2)cc1,10.59
N#Cc1ccc(Cn2c(-c3ccc(C#N)cc3)c(C#N)c3cc(-c4ccc(C#N)cc4)ccc32)cc1,12.96
O=C1NC(=S)SC1=Cc1ccc(-c2cc(Cl)ccc2Cl)o1,21.13
N#Cc1ccc(C(=O)c2cccc3[nH]c(-c4ccc(C(N)=O)cc4Br)nc23)cc1,31.61
N#Cc1cccc(N=CC2C(=O)CCCC2=O)c1,19.76
Cn1cc(C=C(C#N)C(=O)N=c2[nH]c(-c3ccc(C#N)cn3)cs2)c2ccccc21,26.95
CN1C(=O)N(c2cccc(C(F)(F)F)c2)C2=C(C(=O)CC2)C1c1ccc(C#N)cc1C(=O)N(CCC#N)CCC#N,21.95
N#Cc1ccc(NC(=O)C2CCCC2C2=NOC(c3ccc(C(F)(F)F)nc3)C2)cc1,33.47
CCn1c(-c2ccc(=N)[nH]c2)cc(=N)n2nc(-c3ccc(C#N)cc3)cc12,15.16
CC(C)OC(=O)N1CCc2c(c(-c3cccc(C#N)c3)nn2-c2ccc(C#N)cc2)C1,24.98
COc1ccc(-c2nc(-c3ccc(N)cc3)nn2Cc2ccc(C#N)cc2)cc1,19.25
Cc1ccc(-c2c(-c3ccncc3)cc(-c3ccc(C#N)cc3)n3cc(C#N)c(=O)nc23)cc1,26.22
N#Cc1ccc(-c2cnc(N3CCCCC3)nc2)cc1,14.37
Nc1ccc(-c2nc(-c3ccc(O)cc3)nc(-c3ccc(N=Cc4cc(C=O)cc(C=O)c4O)cc3)n2)cn1,14.56
CCOCC=Cc1ccc(-c2nc(-c3ccc(N=CN(C)C)nc3)ns2)cc1,18.58
Cn1cc(-c2ccc3c(-c4cccc(-c5ccc(C#N)cc5)c4)cc(C#N)n3c2)cn1,15.52
Cc1ccc(S(=O)(=O)N(c2ccc3ccccc3c2)C(F)(F)C(F)F)cc1,35.72
Cc1cn(C2OC(CO)C(O)C2O)c(=O)[nH]c1=O,15.34
CNCCN1C(=O)c2cccc3c(C#N)cc(C#N)c(c23)C1=O,17.17
OCC1=CC(=CCl)C(O)C1O,27.9
Cc1nc(-n2ccc3cnc(-c4ccc(C#N)cc4)cc32)ccc1C(N)=O,18.77
N#Cc1ccc(-c2ccc(-c3nc4cc(C#N)ccc4c(=O)n3-c3ccc(C#N)cc3F)cc2)cc1,15.11
CCc1cc(=O)oc2c(C)c(O)c(-n3cnc(C)c3)cc12,19.36
N#Cc1ccc(-c2cnn3c(-c4ccc(C#N)cc4)cc(-c4ccccc4)nc23)cc1,19.09
N#Cc1ccc(-c2cc3c(n2-c2ccc(C#N)cc2)CCN(C(=O)c2ccncc2)C3)cc1,15.96
Cc1ccc(-c2nc(-c3ccc(C=O)cc3)nc(-c3ccc(C=O)cc3)n2)c(C)c1,12.27
O=C(CC(=NO)c1ccc(Cl)cc1)N=C1C2CC(N2)C1c1ccc(-c2ccccc2)cc1,43.18
O=C(N=c1cccc(C(F)(F)F)[nH]1)c1ccc(Cl)c(-c2ccccn2)c1,24.97
N#Cc1ccc(-c2cc(=N)n(-c3ccccc3)[nH]2)cc1,14.46
CC(C)(C)c1cnc(C=Cc2ccc(C=CC(=O)C=Cc3ccc(F)cc3)cc2)o1,23.17
CC(F)C(F)(F)COc1cc2n(c(=O)n1)CCc1cc(-c3ccc(C#N)nc3)ccc1-2,36.3
O=Cc1ccc(C(=O)OCC(=O)Nc2ccc(-c3ccccc3)cc2)cc1,25.43
Cc1ccc2c(c1)[n+]([O-])c(N=CN(C)C)n[n+]2[O-],21.09
CC(C)c1ccc(-n2ncc3cnc(-c4ccc(C#N)cc4)cc32)cc1-c1ccc(C#N)cc1,18.74
N#Cc1cccc(C=NN=c2ccc([N+](=O)[O-])c[nH]2)c1,19.62
N#Cc1ccc(-c2cc3c(cc(-c4ccccn4)n3-c3ccc(C#N)cc3)n2-c2ccc(C#N)cc2)cc1,11.28
Cc1cc(C#N)cc2nc(-c3ccc(-c4ccc(C=O)cc4)cc3)[nH]c12,15.32
N#Cc1ccc(NC(=O)c2ccc(-c3cccc(C#N)c3)cn2)cc1,19.1
COc1ccc(-c2nc3sc4c(n3c2N=Cc2ccc(OC)cc2O)CCCC4)cc1,34.24
Cc1ccc2c(=NN=Cc3ccc(C#N)cc3)cc(C)[nH]c2c1,15.43
N#Cc1ccc(-c2ccn(CCCO)c(=O)n2)nc1,19.83
N#Cc1ccc(-c2ccc3c(c2)COC3=O)cc1,11.37
Cn1c(=O)c2c(cc(-c3ccc(C(=O)O)cc3)n2CCOC2CCCCO2)n(C)c1=O,32.17
Cc1cc(O)cc(O)c1,14.0
N#Cc1ccc(-c2ccccc2O)cc1,13.33
N#Cc1ccc(-c2cc3cccc(-c4cccc(C#N)c4)c3c(=O)n2-c2ccc(C#N)cc2)cc1,24.28
N#Cc1cccc(-c2ccc(C(=O)N=C(N)N)o2)c1,16.98
CC(C)Oc1ccc(-c2nc(-c3ccc(C#N)cc3)no2)cc1C#N,14.46
COc1ccccc1-c1ccc(CC(NC(=O)C(NCC(N)=O)c2cccc(C#N)c2)C(=O)NCc2ccc(C)cc2)cc1,36.64
N#Cc1ccc(-c2cc3ccc(O)c(C=O)c3oc2=O)cc1,16.38
CCCCCCCC[n+]1ccc(-c2ccc[n+](C)c2)cc1,17.39
N#Cc1ccc(-c2cc3cncc(-c4ccc(C#N)cc4)n3n2)cc1,13.07
CC(=O)c1sc(=NC(=O)C(C)c2ccc(F)cc2)[nH]c1C,26.68
N#CC(=Cc1ccc(-c2ccc(C#N)cc2)o1)c1nc2ccccc2s1,19.74
N#Cc1ccc2c(C#N)cc(C(=O)c3ccc(C(=O)NCCO)cc3Cl)nc2c1,28.04
CC(C=CC(O)=NO)=Cc1ccc(C(=O)O)cc1,25.53
O=C1OC(=O)c2ccc3c4c(ccc1c24)C(=O)N(c1cccc(Cl)c1)C3=O,12.58
O=Cc1c(O)c(C=O)c(O)c(C=NCc2ccc(C(=O)O)cc2)c1O,17.92
Cc1cc(-c2ccc3ncn(-c4ccc(F)c(C#N)c4)c(=O)c3c2)cc(C)n1,17.14
Cc1nc(C2CCCN2C(=O)CC#N)cc(=Nc2ccc(C#N)cc2)[nH]1,25.66
N#Cc1ccc(-n2c(-c3ccc([N+](=O)[O-])cc3)csc2=NN=Cc2ccc(Br)cc2)cc1,22.05
N#Cc1ccc(-c2[nH]c(-c3ccccn3)nc2-c2ccc(F)cc2)cc1,13.27
N#Cc1ccc(-c2nc3cc(-c4cnc(=N)[nH]c4)ccc3n2-c2ncc3cc(C#N)ccc3n2)cc1,21.62
Cc1ccc(-c2cc(-c3ccco3)cc(-c3ccc(C)cc3)n2)cc1,19.24
CC(C)Cn1c(=O)n(C)c(=O)c2cc(-c3cc(O)cc(C#N)c3)[nH]c21,27.78
N#Cc1ccc(Cc2c(-c3ccc(C#N)cc3)[nH]c3cc(C#N)ccc23)cc1,19.75
Cc1cc(=O)c(-c2ccc(C#N)cc2)c(C)n1Cc1ccccc1F,15.57
N#Cc1ccc(-c2ccc(-c3ccc(C=O)cc3)cc2)cc1,12.75
N#Cc1ccc(-c2ccc(-c3cnn4c(=O)c5ccccc5[nH]c34)cn2)cc1,27.61
N#Cc1ccc(-c2cccc(-c3ccc(C=O)cc3)c2)nc1,14.51
N#Cc1ccc(-c2csc(=NC(=O)c3ccc(-c4cccc(-c5nc6ccccc6[nH]5)c4)cc3)[nH]2)cc1,22.69
O=Cc1ccc(-c2nc(-c3ccc(C=O)cc3)nc(-c3ccc(C=Nc4cc(-c5ccccc5)ccc4O)cc3)n2)cc1,14.34
Cn1cc(-c2ccc(C#N)cc2)cn1,10.5
CCn1c(=O)c2cc3c(=O)n(Cc4ccc(C(=O)O)cc4)c(=O)c3cc2c1=O,21.27
Cn1cc(-c2ccc(-c3ccc(N4CCNCC4)nc3)cn2)cn1,17.74
Cc1cccc(-n2c(=S)[nH]c3c(C)ccc(C)c3c2=O)c1,21.87
N#Cc1ccc(-c2cccn2-c2ccn3nc(-c4ccc(C#N)nc4)cc3n2)cc1,17.61
CN1CCN(c2ccc(-c3nc(-c4ccc(C=O)cc4)nc(-c4ccc(C=O)cc4)n3)cn2)CC1,16.03
CNC(=O)c1ccc2c(c1)CN(Cc1coc(-c3ccccc3)n1)CC2,27.14
NC(=O)c1ccccc1NC(=O)c1cccnc1,23.62
N#Cc1ccc(-c2nc(-c3ccc(C=Nc4cccc(C(=O)O)c4)cc3)n[nH]2)cc1,22.43
N#Cc1ccc(-c2cc(-c3cccc(C#N)c3)cc(-c3cccc(C#N)n3)n2)cc1,17.07
Cc1ccc(N=Cc2ccc(-c3cc(-c4ccc(N=c5c6ccccc6[nH]c6ccccc56)cc4)nc(=N)[nH]3)cc2)cc1,25.48
CC(C)N1C(=O)c2ccc(Cc3ccc(C(=N)N)cc3)cc2C1=O,23.71
Nc1nc(N)nc(N=CN2CCCCC2c2ccccc2)n1,16.55
CC(=O)OC1c2cc(C#N)ccc2OC(C)(C)C1OC(C)=O,21.49
Cc1ccc(-c2cc(-c3ccc(C=O)cc3)nc(-c3ccc(N=Cc4cc(C=O)c(O)c(C=O)c4O)nc3)n2)cc1,11.85
N#Cc1ccc(C(=O)c2cc(C=NN=c3[nH]cnc4c3ncn4C3OC(CO)C(O)C3O)cc(C=Nc3ccc(C(=O)O)c(O)c3)c2)cc1,35.17
O=C(Cc1ccc(F)cc1)c1coc2ccccc12,28.25
NC1=CC=C(O)C=c2ccc(cn2)=CC=C1c1cc(-c2ccccc2)nc(-c2ccc(C=Nc3cc(O)c(N)cc3O)cc2)n1,21.66
N#Cc1cccc(NC(=O)c2ccccn2)c1,17.02
COc1cc2c(=Nc3cccc(-c4cccc(C#N)c4)c3)[nH]cnc2cc1OCCCN1CCC(CO)CC1,22.43
Cc1ccc(N=Cc2ccc(-c3nc(-c4ccc(C=O)cc4)nc(-c4ccc(C=Nc5ccc(-c6nc(-c7ccc(N)cc7)nc(-c7ccc(N)cc7)n6)s5)cc4)n3)cc2)cc1,21.29
COc1cc(-c2cc(-c3ccc(N)cc3)nc(=N)[nH]2)ccc1N=Cc1ccc(-c2nc(-c3ccc(C=O)cc3)c(-c3ccc(N)cc3)[nH]2)nc1,26.2
N#Cc1cccc(-c2cc3sc(C#N)cc3c(=N)[nH]2)c1,20.76
C=CC(=O)N1C(=O)C=CC1(C)C,22.5
N#Cc1ccc(-c2ccccc2F)c(C#N)c1,15.72
N#Cc1ccc(-c2cc(C#N)n3c2CCC(N)C3)cc1,22.6
N#Cc1ccc(-c2ccc(Cl)cc2Cl)nc1,17.59
N#Cc1ccc(-c2ccc3nc(-c4ccc(C#N)cc4)n(-c4ccc(Cl)nn4)c3c2)cc1,17.0
Cc1nc(-c2ccc(C#N)cc2)c2cc(-c3ccc(C#N)cc3)[nH]c2n1,18.46
COc1ccc(-c2ccnc3[nH]c(C4CCN(C5COC5)CC4)cc23)cc1C#N,15.67
N#Cc1ccc(N)c2[nH]c(-c3ccc(C=O)cc3)nc12,20.53
N#Cc1ccc(-c2oc3c(cc4ccc5c(C#N)cc(C#N)c4c53)c2C#N)cc1,18.86
COc1ccc(C=NNC(=O)CCn2nc(C)cc2C)cc1,21.68
O=C(O)c1cccc(-c2ccc(C=NN=c3cc[nH]c4cc(Cl)ccc34)o2)c1,20.29
O=Cc1ccc2c(c1)C(=O)C(=O)N2Cc1ccccc1,16.28
O=C(O)c1cc(N=Nc2cc(Cl)c(Cl)c(Cl)c2)cc(F)c1O,26.89
Cc1nc(N)c(Cc2ccc(C#N)cc2)[nH]c1=O,19.34
Cc1n[nH]c(=NN=Cc2ccccc2O)n1N,17.05
N#Cc1ccc(-c2cn(C(=O)c3ccc(Cl)cc3)c3ccc(Br)cc23)cc1,23.49
N#Cc1ccc(C(=O)n2ncn(-c3ccc(Cl)cc3F)c2=O)cc1,25.24
Nc1ccc(-c2nc(-c3ccc(N=Cc4cc(C=O)c(O)c(C=O)c4O)nc3)nc(-c3cccc(Cl)c3)n2)cn1,14.7
CCCNC(=O)Cn1c(=O)n(Cc2ccccc2)c(=O)c2c3c(sc21)CN(C(C)=O)CC3,27.55
Cc1nn(-c2ncc3c(-c4cccc(C#N)c4)nc(CF)n3n2)c(C)c1C,26.75
CC(C)CNc1cc(C(N)=O)ccc1-n1ncc2c(-c3ccc(C#N)cc3)ccnc21,14.3
CC(C)c1ccc(-n2c(-c3ccc(C#N)cc3)nc3cc(-c4ccc(C#N)cc4)ccc32)cc1,14.65
C=Cc1ccc(-c2n[nH]c(=O)n2-c2ccc(C#N)cc2)cc1,20.41
CN(C)c1ccc(-c2nccc(-c3ccc(C#N)cc3)n2)cn1,14.86
Cc1nc(C)c2ccc(-c3ccc(C#N)cc3)cc2c1C#N,15.97
N#Cc1ccc(-c2cccc(C(=O)NCc3ccc(-c4ccc(C#N)cc4)cc3C#N)c2)cc1,25.02
CCC1(CC)C(=O)OCc2cc3c(C#N)c4cccc(CN5CCOCC5)c4cc3nc21,29.05
Nc1ccc(-c2nc(-c3ccc(N4C(=O)c5cccc6c(N)ccc(c56)C4=O)cc3)nc(-c3ccc(N)nc3)n2)cc1,19.53
N#Cc1ccc(-c2ccc(-c3ccc(C=O)cc3)nn2)cc1,11.79
N#Cc1ccc(N=c2nccc[nH]2)cc1,12.64
Cc1ccc(-n2c(C)cc(C=O)c2C)cc1,14.02
N#Cc1ccc(-c2nc(-c3cc(Cl)c(O)cc3O)nc(=N)[nH]2)cc1,20.85
Cc1cc(C#N)ccc1NC(=O)c1ncc(=O)n(-c2ccc(C#N)cc2)n1,25.51
Cn1ncn(-c2ccc(-n3cc(C#N)c(C#N)c3-c3ccc(C#N)cc3)cn2)c1=O,25.15
Cc1cc(-c2nc(-c3ccc(C=O)cc3)nc(-c3ccc(C=Nc4cc(O)c(N)cc4O)cc3)n2)ccc1C=Nc1ccc(-c2nc(-c3ccc(N)cc3)nc(-c3ccc(N)cc3)n2)cc1,15.86
CC(=O)c1cccc(NC(=O)NC2CC(c3ccccc3)c3ccccc3N(CC(=O)NC(C)(C)C)C2=O)c1,29.58
N#Cc1ccc(CN2C(=O)SC(=Cc3ccc(-c4ccc(C#N)cc4)o3)C2=O)cc1,16.87
Cc1ccc2nc(-n3c(-c4ccc(C#N)cc4)c(C4CCCCC4)c4ccc(C#N)cc43)sc2c1,14.57
CCN(C)Cc1ccc(-c2ccc3ccccc3c2Cc2ccc(OCC3CCCCC3)cc2)cc1,36.34
CN(C(=O)c1cccc(-c2cnc(N3CCNCC3)nc2)c1)c1ccc(C#N)cc1,24.08
N#Cc1cc(-c2ccccc2)c(-c2ccc(C=O)nc2)nc1Oc1ccc(-c2nc3ccccc3[nH]2)cc1,28.34
CC(=O)NC1Cc2ccc(N(C(=O)C=Cc3ccc(C#N)cc3)C3CCN(CCCOC(C)=O)CC3)cc2N(C(=O)Cc2cccc(C#N)c2)C1C,51.83
O=C1NC(=O)C(=Cc2ccc(-c3ccc(-c4cccc5ccccc45)o3)cc2)S1,21.66
O=C1C(=Cc2ccc(Cl)cc2)Oc2ccc(O)cc21,18.29
N#Cc1cccc(-c2ccc(-c3nc(-c4ccc(C=Nc5cc(O)c(N)cc5C(=O)O)cc4)cs3)c3ccccc23)c1,18.94
COc1ccc(S(=O)(=O)c2ccc(C(C)(C)C(=O)Nc3cc(-c4ccc(C#N)cc4)c(C#N)cc3C#N)cc2)cc1,33.74
CC(C)Cn1c(=O)[nH]c(=O)c2cc3ccccc3nc21,21.03
N#Cc1cc(Cl)cc(Cl)c1-c1c(C#N)c(N)cc(N)c1C#N,25.83
COCn1c(-c2ccncc2)c(-c2ccc(C#N)cc2)c2ccc(C#N)cc21,20.67
N#Cc1ccc(CCCNC(N)=NC(=O)c2cc(F)cc(C#N)c2)cc1,22.57
Cc1ccc(CN2CCc3c(cc(-c4ccc(C#N)cc4)nc3-c3ccc(C#N)cc3)C2=O)cc1,20.53
CNc1cc(C(N)=O)ccc1-n1ncc2ccc(C#N)cc21,18.15
N#Cc1ccc(-c2ccc(-c3ccc(C#N)cc3)cc2)cc1,13.48
Cn1cc(C=Nc2ccc(-c3nc(-c4ccc(N=Cc5c(O)c(C=O)c(O)c(C=O)c5O)cc4)nc(-c4ccc(N)nc4)n3)cn2)[nH]c1=O,23.44
Cc1cc(S(=O)(=O)O)cc(O)c1N=C1C=CC(=Nc2c(O)[nH]c3ccccc23)C=C1,33.27
N#Cc1cccc(-c2ccc3ncccc3c2)c1,17.41
COc1ncc(C(=O)NC(CC(=O)O)c2ccc(C)cc2)cc1-c1ccccc1F,27.03
N#Cc1ccc(C(=O)n2ncn(-c3ccc(-c4cc(-c5ccc(C#N)cc5)c(C#N)c(=N)[nH]4)c(F)c3)c2=O)cc1,22.26
CCOc1cc2[nH]cnc(=Nc3ccc(F)c(F)c3)c2cc1NC(=O)CCN(C)C,29.18
O=c1oc2ccccc2cc1-c1csc(=NN=Cc2cccnc2)[nH]1,20.7
CC(=O)N(Cc1ccco1)Cc1nc(-c2ccc(C(F)(F)F)cc2)no1,20.43
CS(=O)(=O)Nc1cc(-c2ccc3nc(C#N)cc(-c4ccc(C#N)cc4)c3c2)ccc1C#N,20.08
C=C1C(=O)OC2CC3(C)C(O)CC=C(C)C3CC12,25.93
N#Cc1cccc(F)c1F,12.37
N#Cc1ccc(-n2cc(NC(=O)C3CCOCC3)cn2)cc1,23.39
N#CC(C#N)=Cc1ccc(-c2cccc(C(=O)O)c2)o1,16.12
N#CC1CCCN(CC(O)c2ccc(F)cc2)C1,29.3
Nn1cn[nH]c1=NN=Cc1ccccc1,15.97
Cc1ccc2nc(-n3c(-c4ccc(C#N)cc4)nc4ccc(-c5nc(C)co5)cc43)sc2c1,14.28
COc1ccc(C=Nc2ccc(-c3ncc(-c4ccc(C=O)cc4)n3C)cc2)cc1OC,18.92
Cc1cccc(N=Cc2c(O)c(C=O)c(O)c(C=O)c2O)c1,10.25
O=Cc1c2c(c(O)c3ccccc13)CCN(Cc1ccccc1)C2,26.85
CN1CCN(c2ccc(-c3nc4cc(C(N)=O)ccc4[nH]3)cn2)CC1,24.67
COc1ccc(-c2cc(=NNC(=O)c3ccccc3Cl)nc(-c3ccc(C#N)cc3)[nH]2)cc1OC,27.06
N#Cc1ccc(C=C2C=C(Cc3ccc(C#N)cc3)c3c(F)cccc32)cc1,24.26
CSc1cc(-c2nc(-c3ccc(N)nc3)no2)ccc1C#N,23.92
N#Cc1ccc(-c2c3ccccc3c(C#N)c3c(C#N)c(N)n(-c4ccc(C#N)cc4)c(=O)c23)cc1,13.97
Cc1cc(C)cc(C#N)c1,13.1
Cn1nc(-c2ccc(C#N)cc2)c2c(=O)n(CCO)cnc21,19.8
N#Cc1ccc(-c2ccc3[nH]c(=N)[nH]c(=N)c3c2)cc1,13.4
Cn1c(C(F)(F)F)nc(-c2ccc(C#N)cc2)c1-c1ccc(C#N)cc1,12.7
CC(C)(C)c1ccc2c(n1)c1cc(-c3ccc(Cl)cc3)nnc1n2-c1ccc(C#N)cc1,31.65
Cc1ccc2nc(-c3ccc(C=Nc4cc(O)c(N)cc4O)cc3)nc(-c3ccc(C=O)cc3)c2c1,19.35
N#Cc1ccc(-c2cc3cc(C#N)cc(-c4cc[n+]([O-])cc4)c3o2)cc1,23.94
N#Cc1ccc(NC(=O)Cn2c(=O)c(-c3ccc(C#N)cc3)nc3ccccc32)cc1,19.62
N#Cc1ccc(-n2nc(Cc3n[nH]c(=S)o3)c3c2C(Cc2ccccc2)CCC3)cc1,31.7
Cn1c(-c2ccc(C#N)cc2)ccc1-c1ccc(-c2ccccc2)cc1,20.74
Cc1nnc(SC(C)C(=O)Nc2ccccc2C#N)n1N,29.73
Cc1nc(-c2cc3ccc(N4CCC(F)(F)CC4)cc3c(-c3ccc(C#N)cc3)n2)n(C(C)C)n1,26.11
O=CN1CCN(C=Nc2cc(-c3ccc(-c4ccccc4)cc3)cc(-c3cccs3)n2)CC1,18.76
O=C(NCc1nc(-c2cccs2)cc(-c2cccs2)n1)c1ccc2c(c1)OCO2,29.28
N#Cc1ccc(-c2ccc(Cn3nc(-c4ccc(C#N)cc4)ccc3=O)cc2)cc1,17.78
N#Cc1ccc(S(=O)(=O)Nc2ccc(-c3nc(-c4ccc(-n5c(=O)c6cc7c(=O)oc(=O)c7cc6c5=O)cc4)n(-c4ccc(S(N)(=O)=O)cc4)n3)cc2)cc1,17.08
C=Cc1cnc(-c2c(N)nc[nH]c2=Nc2cnn(C(F)F)c2)cn1,35.1
CC(C)(C)N(C(=O)c1ccccc1C#N)N(c1ccccc1)c1ccccc1,28.59
Cc1ccc(-c2nc(CNS(=O)(=O)c3ccc(C)cc3)c(C)o2)cc1,23.18
Cc1ccc(C(C#N)NC(=O)c2ccc(C#N)cc2)cc1,21.98
N#Cc1ccc(-c2cc(C#N)cc(CC(=O)O)c2)cc1,16.32
N#Cc1ccc(N=c2nc(-c3ccccc3)cc[nH]2)cc1,13.43
N#Cc1ccc(-c2cc(-c3ccc(C#N)cc3)c3c(=N)[nH]c(=N)[nH]c3c2C#N)cc1,15.73
Cc1ccc(C)c(CN2CCC(N3Cc4cccc(C(N)=O)c4C3=O)CC2)c1,25.36
N#Cc1cccc(NC(=O)c2cc(C#N)cc3cc(C#N)c(=N)[nH]c23)c1,23.78
CC1(C)Cc2sccc2-c2nc(-c3ccc(N)cc3)nn21,21.94
Cc1cc(C#N)ccc1-c1ccc2c(C#N)nn(-c3ccc(C#N)cc3)c(=O)c2c1,19.74
NC(=O)C=CC(=O)Nc1ccc(Cl)cc1,23.5
CC(=O)N1CCc2cc(-n3nnc(-c4ccc(N)nc4)n3)ccc21,19.79
C=c1c(=Cc2cc(O)n(-c3ccc(C#N)cc3)c2O)cc(C)n1-c1cc(C(=O)O)cc(C(=O)O)c1,24.59
N#Cc1ccc(Cn2c(-c3ccc(C#N)cc3)nc3ccccc32)cc1,14.31
N#Cc1ccc(C#Cc2nccs2)cc1,17.28
Cc1nnc2ccc(-c3cncc(C#N)c3)nn12,23.28
N#Cc1ccc(S(=O)(=O)N2CCc3ccccc32)cc1,17.54
N#Cc1ccc(C2Nc3ccc(C(N)=O)cc3C3C=CCC32)cc1,19.43
CC(=O)NCc1ccc(-c2cc(C(=O)NCc3ccnc(C)c3)nc(N(C)C(=O)c3c(F)cccc3Cl)c2)cn1,42.21
Cc1c(Cl)ccc(N=CN2CCN(C)CC2)c1F,21.19
COCCN1CC(C)(C)Oc2nc(N3CCNCC3)nc(-c3ccc(C#N)cc3)c2C1=O,17.45
Cc1nc(-c2cc(C#N)ccc2-c2ccc(C#N)cc2)c2c(=N)[nH]cnn12,15.24
N#Cc1ccc(-c2cn(-c3ccc(C#N)cc3)nc2C#N)cc1,13.97
N#Cc1ccc(-c2nc(=O)c(C#N)c(-c3ccco3)[nH]2)cc1,19.09
Cc1c(CC(=O)O)nc2ccc3c(cc(-c4ccc(C#N)cc4)n3C)n12,22.85
CCn1c(=O)c2cc(OC)c(OC)cc2c2cc3c(C=O)c(OC)cnc3cc21,33.42
CC(=O)c1nn(-c2nc(C)cc(C)n2)cc1C#N,18.79
Nc1cc(=O)nc2c(OCc3ccccc3)cccn12,18.35
N#Cc1ccc(-n2c(SCc3ccccc3C#N)nnc2-c2ccccn2)cc1,21.58
N#Cc1cccc(Nc2cc(O)c3ccccc3c2)c1,23.54
CCOC(=O)N1CCN(Cc2nc3c4ccccc4nc(-c4ccc(OC)cc4)n3n2)CC1,28.18
N#Cc1ccc(NC(=O)c2cnn(Cc3ccc(N)nc3)c2)c(C(=O)O)c1,34.31
N#Cc1ccc(-c2cc3ncnc4c(=O)n(-c5ccccc5)ccc4c-3n2)cc1,25.28
COc1cc(C=C2SC(=N)N(c3ccc(C#N)cc3)C2=O)ccc1O,20.41
COc1cc(C=C(C#N)C#N)ccc1O,13.11
Cc1ccc(-c2cn3cc(-c4ccc(C#N)cc4)nc3c(-c3cccnc3)n2)cn1,26.03
Nc1ccccc1-c1nc(-c2ccc(C=O)cc2)nc(-c2ccc(N=Cc3cc(C=O)c(O)c(C=O)c3O)nc2)n1,18.48
Cc1cccc2c1-c1onc(C(=O)Nc3cccc(Cl)c3)c1CO2,28.09
CC1(C)CN(C(=O)c2ccc(C#N)cn2)c2ccc(-c3ccccc3S(C)(=O)=O)cc21,28.7
N#Cc1c(N)c2ccccc2oc1=O,15.31
Nc1ccc(N=Cc2ccc(-c3nc(-c4ccc(C=O)cc4)nc(-c4ccc(C=Nc5cc(O)c(N)cc5O)cc4)n3)cc2)cc1O,12.88
N#Cc1ccc(-c2nc(C(=O)O)cc(-c3ccc(C=O)cc3)n2)cc1,13.32
Cc1c(C)n(Cc2ccccc2)c2ccc(C(=O)NCc3cccc(C#N)c3)cc12,19.04
CN(CC#CCC1(O)c2ccccc2-c2ccccc21)CCO,26.01
Cc1nc(-c2ccc3ncsc3c2)cc(=Nc2ccc(C#N)cc2)[nH]1,17.76
O=[N+]([O-])c1ccc(C=Nc2nnc(-c3ccc(O)cc3)o2)cc1,24.57
N#Cc1ccc(-c2nc3ccc(C=O)cn3c2-c2ccccc2)cc1,19.26
COc1cc2cc3c(=O)n(Cc4ccccc4)c4c(OC)c(OC)c(OC)cc4c3c(OC)c2cc1OC,27.02
Cn1c(-c2ccc(N)cc2)nc(-c2ccc(N)cc2)c1-c1ccc(N=[N+]=[N-])cc1,21.43
COc1c(C=O)c(O)c(C=O)c(O)c1C(=O)C=Cc1ccc(C#N)cc1C,25.32
Cn1c(N)cc(=O)n(C)c1=O,11.53
Cc1ccc2[nH]c(-c3ccc(-c4ccc(C(N)=O)cc4)cc3)nc2c1,18.14
Cc1ccc(-c2nc(C=Nc3ccc(-c4nc5cc(C)ccc5[nH]4)cc3)ccc2-c2ccc(-c3ccc(N=Cc4cccc(Cl)c4)cc3)o2)cc1,31.61
N#Cc1ccc(Cn2ccc3cccc(N=CN4CCN(C=O)CC4)c3c2=O)cc1,22.59
Cc1noc(C)c1CSCC(=O)N=c1[nH]c(-c2ccc(C#N)cc2)cs1,21.33
Cc1cc(C)c2nccc(-c3ccc4[nH]c(-c5ccc(C#N)cc5)nc4c3)c2c1,28.85
N#Cc1ccc(-c2nccc3nnc(-c4ccc(C#N)cc4)n23)cc1,15.37
N#Cc1ccc(-c2cc(C#N)nn2-c2ccc(C#N)cc2)cc1,11.41
CCC=CCC=CC=CC=CC=CC=CC=CC=CC=CC(=O)O,24.44
N#Cc1ccc2oc3ccc(C#N)cc3c(=O)c2c1,15.79
CCCc1nn(C)c2c(=O)[nH]c(-c3ccco3)nc12,19.63
Nc1ccc(-c2nc(Cn3ccccc3=O)cc(N3CCOCC3)n2)cn1,30.48
N#Cc1ccc(-c2ccc(-c3cccc(CO)n3)cc2C#N)cc1,15.87
CC(=O)OCC1(N(Cc2ccc(C(F)(F)F)cc2)c2ccc(C#N)cc2)CCN(C(=O)c2cc(F)cc(C#N)c2)CC1,35.12
O=Cc1ccc(-[n+]2c(-c3ccccc3)cc(-c3ccccc3)cc2-c2ccccc2)cc1,17.53
C=C(C)C#Cc1cccc(C#N)c1,19.75
CC(=O)c1ccc(-c2c(O)c3c(C#N)cc(C)nc3n2C2CCCCC2)cc1,26.98
CC(C)CC(NC(=O)C(Cc1ccccc1)NC(=O)OCc1ccccc1)C(=O)NC(Cc1ccccc1)C(=O)O,26.16
N#Cc1ccc(-n2cc(C#N)nn2)cc1,13.29
CCCCCn1c2ccccc2c(=O)n2cc(-c3ccc(C#N)cc3)c(C#N)c12,27.47
Cc1ccc(N=Cc2ccc(-c3n[nH]c(-c4ccc(N=Cc5ccc(-c6nc(-c7ccc(C=O)cc7)nc(-c7ccc(C=Nc8cc(O)c(N)cc8O)cc7)n6)cc5)cc4)n3)cc2)cc1,19.94
C=Cc1ccc(-c2cc(C#N)c(=Nc3ccc(C#N)cc3)[nH]c2OC)cc1,23.26
N#Cc1ccc(-c2ccc(-c3ccc(-c4csc(=Nc5ccc(O)cc5)[nH]4)cc3)o2)cc1,25.14
CC1(C)Oc2ccc(C#N)cc2C(N=C(NC#N)Nc2ccc(Cl)cc2)C1O,14.05
Cc1cc(N=Nc2ccccc2)c(S(=O)(=O)O)cc1C,26.77
CC(=CC(=O)c1ccc(C#N)cc1)CCc1cccc(C(=O)O)c1,29.06
Cc1ccc(-c2cc(C(=O)O)nn2Cc2ccccc2)cc1,24.15
Cc1ccc(C2=NN(C(=O)C=Cc3ccc(S(N)(=O)=O)cc3)C(c3ccc(-c4ccc(C)cc4)cc3)C2)cc1,31.15
CCN(CC)c1ccc(-c2nc(-c3ccc(C#N)cc3)c(-c3ccc(NC4=NS(=O)(=O)N(C)c5ccc(C#N)cc54)cc3)nc2-c2ccccc2)cc1,32.4
Cc1cccc(OCC(=O)Nc2ccc(-c3nc4cc(C#N)cc(C)c4o3)cc2)c1C,19.94
COCCN(CC(=O)O)C(=O)CN(C(=O)c1cnc(-c2ccc(C#N)cc2)c(-c2ccc(C#N)cc2)n1)c1cc(Cl)ccc1C,40.81
Cn1nc(-c2ccc(C#N)cc2)c2cc(-c3nc(C4CC4)nn3-c3ccc(C#N)cc3)ccc21,23.18
N#Cc1ccc2nncn2c1,16.59
Cc1c(C(=O)NN2CCCCC2)nc(-c2ccc(-c3ccccc3)cc2)n1-c1ccc(C#N)cc1,17.75
CN(C)CC=CC(=O)N1CC(n2cnc(C#Cc3ccc(C#N)cc3)n2)C2CCCOC21,29.06
N#Cc1ccc(-c2ccc3c(C#N)cn(-c4ccc(C#N)cc4)c3c2)cc1,18.38
Cc1ccc(-c2nc(-c3nc(C)c4ccccc4n3)c(-c3ccc(C#N)cc3)n2-c2ccc(-c3nc(C)no3)cc2)cc1,24.19
CN(C)c1ccc(N=Nc2ccc(N=Cc3ccc(-c4cc[n+](-c5ccc(C=NN=C(N)N)cc5)cc4)cc3)cc2)cc1,17.77
N#Cc1ccc(-c2ccc(C=Cc3oc4[nH]c(=O)[nH]c(=O)c4c3-c3ccccc3)cc2)cc1,32.52
COc1ccc(CN2CCN(C(=O)n3cccn3)CC2)cc1,24.22
O=Cc1ccc(-c2nc(-c3ccc(C=O)cc3)nc(N3CCN(C(=O)c4ccc(F)cc4)CC3)n2)cc1,18.31
NS(=O)(=O)c1ccc(NN=CC=Cc2ccccc2)c([N+](=O)[O-])c1,22.58
N#Cc1ccc(C=Cc2cc(F)ccc2F)cc1,18.02
Nc1ccc(-c2nc(-c3ccc(N)cc3)nc(-c3cccc(N=Cc4c(O)c(C=O)c(O)c(C=O)c4O)c3)n2)cc1,11.36
CC(=NN=c1nc(-c2ccc(C#N)cc2)[nH]c(N2CCOCC2)n1)c1ccccn1,23.05
CC=Cc1ccc(-c2nc(-c3ccc(C=Nc4cc(O)c(N)cc4O)cc3)nc(-c3cccc(C)n3)n2)cc1,21.96
COCCCn1cc(CC(C#N)=NC#N)c2cc(-c3ccc(C#N)cc3)cc(C)c21,39.54
O=Cc1c(O)c(O)c(C=O)c2c(C=O)c(O)ccc12,15.75
Cn1cnc2c(c(=O)c3c4cc(-c5ccc(C#N)cc5)ccc4c(-c4ccc(C#N)cc4)cc3n2C)c1=O,27.45
Cc1ccc(-c2cc3c(cc(-c4ccc(C#N)cc4)n3-c3nc4ccc(C)cc4s3)n2-c2nc3ccc(C)cc3s2)cc1,10.33
N#Cc1ccc(-c2cc(-c3ccccc3)nc(-c3ccc(C#N)cc3)c2)cc1,10.4
COc1ccc(C=NNC(=O)Cn2cnc3c(cnn3-c3ccc(C)cc3)c2=O)c(OC)c1,26.63
Cc1nc(-c2ccc(N=Cc3cc(C=O)c(O)c(C=O)c3O)nc2)nc(-c2ccc(C#N)cc2)c1C(F)(F)F,16.83
CCN(Cc1cc(C#N)cc(OCCNS(=O)(=O)c2ccc(C(F)(F)F)nc2)c1)C(=O)c1ccc(-c2ccc(C#N)cc2)cc1,33.01
CN1c2ccccc2Cc2c(C#N)cccc(=O)c21,32.67
COc1ccc2c(c1)c(C=O)c1c(OC)cc3c(c1[n+]2C)OCO3,27.36
Cc1cc(C)[nH]c(=NC(N)=Nc2cccc(Cl)c2)n1,22.45
COc1cc(C=O)cc(OC)c1OCCNCc1ccccc1,22.87
N#Cc1ccccc1-c1ccc(Cn2c(Cc3ccc(C=CC(=O)O)cc3)nc(=O)c3c2CCC3)cc1,29.61
N#Cc1ccc(-n2c(=O)cc(O)n(N=Cc3ccc(-c4ccccc4)cc3)c2=S)cc1,21.96
CC(=O)N1CCc2c(c(-c3ccc(C#N)cc3)nn2Cc2ccc(C#N)cc2)C1,14.78
N#Cc1ccc(-c2ccn3c(n2)nc2c(C#N)cccc23)cc1,21.51
N#Cc1ccc(-n2nc(C#N)cc2-c2ccc(C=O)cc2)cc1,17.54
O=C(O)c1cc(NN=Cc2ccc(F)cc2)ccc1Cl,17.68
N#Cc1ccc(-c2cc(C#N)cn2-c2ccccc2)cc1,12.29
Cc1ccc(-c2ccc(C#N)c(C(N)=O)c2)c(C#N)c1,21.34
COc1ccc(C=C2SC(=N)NC2=O)cc1O,18.84
CC(C)(C)c1cc(=NC(=O)Nc2ccc(-c3ccc(C#N)cc3)cc2)[nH]o1,16.46
Cc1ccc2cc3c(nc(-c4ccc(C#N)cc4)n3-c3ccc(C#N)cc3)nc2c1,19.06
N=C(N)c1ccc(C2=NCCC(CC(=O)O)O2)cc1,19.69
Cc1ccc(-c2nc3sc(C)cc3c(=O)n2-c2ccc(-c3nc(-c4ccc(N)cc4)nc(-c4ccc(N)cc4)n3)cc2)cc1,18.73
N#Cc1ccc(-n2c(=O)n(CC3CCCO3)c3cccnc32)cc1,21.29
N#Cc1ccc(-n2[nH]c(=O)c3cc4c(=O)[nH]n(-c5ccccc5Cl)c(=O)c4cc3c2=O)cc1,12.2
CC(=O)N=Cc1cccc(C=NOC2c3c(c(O)n(-c4ccccc4)c3O)CC3CN(C)CCC32)c1,46.24
CC1CN(C(C)CO)C(=O)c2ncc(-c3ccc(C#N)cc3)cc2OC1CN(C)C(=O)Nc1ccc(C#N)cc1,23.19
N#CSc1nc(-c2ccc(C#N)cc2)cc(-c2ccc(C#N)cc2)c1C#N,15.12
NC(=O)C=Cc1ccc(-c2nc(-c3ccccc3)nc(-c3ccc(C=Nc4cc(O)c(N)cc4O)cc3)n2)cc1,15.4
Cc1ccc2nc(-n3c(O)c(O)c(C(=O)c4ccccc4)c3-c3ccc(C#N)cc3)sc2c1,15.68
Cc1nn(CC(=O)C(C#N)C#N)c(C)c1[N+](=O)[O-],25.13
N#CSc1ccccc1C#N,18.63
Cc1c(Br)c(=O)n(-c2ccc(Cc3ccc(-n4c(O)c5c(c4O)CCC=C5)cc3)cc2)c(=O)n1C,24.86
Cc1ccc2[nH]c(=NN=Cc3ccc(OC(=O)c4ccc(Cl)c(Cl)c4)cc3)ccc2c1,30.68
N#Cc1ccc(Nc2cc(C#N)c(C#N)cc2C#N)cc1,15.97
NS(=O)(=O)C#CC=CC(=O)Nc1ccc(-c2nc(-c3ccc(C=O)cc3)no2)cc1,36.22
N#CCSc1nc2ccc(-c3cnc(=Nc4ccccn4)[nH]c3)cc2s1,31.61
N#Cc1ccc(-n2c3ccccc3c3c4c(ccc32)C(=O)NC2CCCCC42)cc1,27.14
CCCCc1ccc(-c2ncc(-c3ccc(C#N)cc3)s2)cc1,19.73
COc1cc2[nH]ccc(=NN=Cc3ccc(Cl)cc3)c2cc1OC,19.61
Cc1ccc(CC2=NCCN2)c(C)c1,20.29
Cc1ccc(C=Nc2ccc(-c3nc(-c4ccc(C=O)cc4)nc(-c4ccc(C=Nc5cc(O)c(N)cc5O)cc4)n3)cc2)cc1,12.23
N#Cc1ccc(-c2nc3cc(-c4ccc(C(=O)O)cc4)ncc3cc2-c2ccccc2)cc1,17.83
Cc1ccccc1C=NCc1cccc(C(=O)O)c1,27.31
N#Cc1ccc(-c2ccc(N)nc2)cc1C#N,15.09
COC(=O)NN=Cc1ccccc1,14.62
N#Cc1ccc(C(=O)Nc2ccc(-c3ccc(C#N)cc3)c3ccccc23)cc1,16.97
CC(CO)c1ccc(C(C)(C)CO)cc1,29.34
Cc1c(COC(=O)NC(=N)N)cc(-c2ccc(C#N)cc2)n1-c1ccc(C#N)cc1,21.38
Cc1cn(C(c2ccc(C#N)cc2)c2ccc3c(-c4cc(C#N)cc(C#N)c4)nc(C#N)cc3c2)cn1,21.82
N#Cc1ccc(-c2nc3c(C#N)cc(-n4ccnc4)cc3[nH]2)cc1,18.16
CNCC(O)COc1ccc2c(-c3cccc(C)c3)cc(=O)oc2c1,28.41
S=C1NCCN1CCCc1ccccc1,22.09
N#Cc1ccc(S(=O)(=O)N2CCN(c3nnc(-c4ccc(N)cc4)c4ccccc34)CC2)cc1,23.01
CON=C(C(=O)NC1C(=O)N2C(C(=O)O)=C(C=CC[n+]3cccc4ccccc43)CSC12)c1csc(=N)[nH]1,27.99
C[n+]1cccc(C#N)c1,15.25
Cc1cc(N2CCN(Cc3ccccc3)CC2)n2nc(-c3ccc(C#N)cc3)cc2n1,15.83
CC1CCc2cc(-c3ccc(C#N)cc3)ccc2N1C(=O)c1ccc(C#N)cc1,15.69
Cc1cc(=Nc2nc(=NC(CO)CO)[nH]c3cc(-c4cnc(C#N)nc4)ccc23)[nH][nH]1,33.51
CN1CCN(Cc2ccc(C=Cc3ccc(C=CC(O)=NO)cc3)nc2)CC1,19.82
N#CC(C#N)=c1ccc(=C(C#N)C(F)(F)F)cc1,11.99
CC(C)Oc1ccc(N=c2[nH]c(=O)n(C3CCCCC3)c(=O)n2Cc2cccc(C(N)=O)c2)cc1F,25.86
N#Cc1ccc(-c2cc(N=CN3CCN(C=O)CC3)nc(N)n2)cc1,10.15
N#Cc1ccc(-c2ccn(-c3ccc(C(=O)O)cc3)c(=O)c2)cc1,14.99
N#Cc1ccc(-c2cc(C#N)ccc2-c2ccccc2)cc1,11.15
COc1cc(C)cc(C)c1-c1nc(-c2ccc(C=O)cc2)nn1C,16.14
N#Cc1cc(C#N)c2nc(-c3ccc(-c4ccc(CO)cc4)cc3)[nH]c2c1,16.05
N#Cc1ccc(OCC(=O)N2CCCc3ccc(C=O)cc32)cc1,26.58
COc1ccc(-n2c(=O)[nH]c3c(C#N)c(C)c(C#N)c(-c4ccc(C)cc4)c3c2=S)cc1,32.35
CCOc1ccc(C=NN=c2ccc(C(F)(F)F)c[nH]2)cc1OC(C)=O,25.65
N#Cc1ccc(-c2ccc3c(cnn3-c3ccc(C(N)=O)c(N)c3)c2)cc1,16.65
N#Cc1ccc(-c2ccc(-c3noc(-c4ccc(C=O)cc4)n3)cc2C#N)cc1,17.4
O=Cc1c2ccccc2cc2ccccc12,14.59
N#Cc1ccc(-c2c3ccccc3c(C#N)c3ccc(F)cc23)cc1,21.75
Nc1ccc(-c2nc(-c3ccccc3)nc(-c3ccc(C=O)cc3)n2)cn1,16.28
CCOc1cc(C=O)cc(-c2cc(C=O)c(O)c(C=O)c2)c1,19.17
COc1cc(=O)oc2cc3c(=O)n(-c4ccc(C#N)cc4)[nH]c(=O)c3cc12,17.04
COc1ccc(-c2c(-c3ccc(Cl)cc3)sc(N)c2C(=O)c2ccc(C#N)cc2)cc1,26.63
N#Cc1ccc(-c2cc(=O)nc(-c3ccc(C#N)cc3)[nH]2)cc1,13.6
N#Cc1ccc(-c2nc(-c3ccc(N)nc3)nc(-c3cnc(N=CN)nc3)n2)c(F)c1,22.41
N=c1[nH]c(C#Cc2ccccn2)nc2nc(-c3ccc(N)nc3)cnc12,25.69
Cn1c(=O)c2c(nc3ccc(-c4ccco4)cn32)n(C)c1=O,25.55
O=Cc1ccc(-c2nc(-c3ccncc3)nc(-c3ccccn3)n2)cc1,16.5
N#Cc1ccc(Nc2ccc(-c3nccs3)cc2C#N)cc1,21.08
Cc1nc(-c2cccc(C=O)c2)cc(=NCC2CCCC(CN)C2)[nH]1,26.4
N#Cc1ccc(-n2c(-c3ccccc3)nc3cc(-c4ccc(C=O)cc4)ccc32)cc1,15.59
C=CCC(c1ccc2ccccc2c1)N1C(=O)c2ccccc2C1=O,26.59
COc1cc2c(C#N)cn(C3CC(O)C(CO)S3)c(=O)c2cc1OC,25.85
Cc1cccc(=Nc2cc(-c3ccc(-c4ccc(C#N)cc4)cc3)ccn2)[nH]1,17.51
N#Cc1cn(-c2ccc(C(=O)O)cc2)cc1-c1ccccc1,9.86
Cn1ccnc1-c1ccc2cnc(-c3ccc(C=O)cc3)nc2c1,26.63
N#Cc1ccc(-c2ccc(-c3cccc(-c4cccc(C#N)c4)c3)s2)cc1,26.52
COc1ccc(C=CC(C=NN=C(N)N)=Cc2ccccc2)cc1,24.95
CC(=O)CC1c2cc(C#N)ccc2C=C(c2cccc(C#N)c2)N1c1ccc(C#N)cc1,21.06
Cc1cccc(NC(=O)Cc2sc(N3CCCCC3)nc2O)c1,21.07
Cc1ccc2nc(-n3c(-c4ccc(C#N)cc4)cc4c3cc(-c3ccnc(CO)c3)n4-c3nc4ccc(C)cc4s3)sc2c1,17.8
N#Cc1ccc(-c2cc(-c3ccc(C#N)cc3)nc(-c3cccnc3)c2)cc1,14.12
N=C1NC2(CCc3ccc(-c4cc(F)c(-c5ccccc5F)cc4F)cc32)CO1,32.72
CC(C)Cc1n[nH]c(=NC(=O)COc2ccc3c(c2)OCO3)s1,25.46
COc1ccccc1-c1cc(-c2ccc(C)o2)[nH]c(=N)c1C#N,16.11
N#Cc1ccc(-c2nc3[nH]c(=O)[nH]c(=O)c3nc2-c2ccc(-c3nn[nH]n3)cc2)cc1,27.28
Nc1ccc(-c2cc(-c3ccccc3)nc(-c3ccc(C=Nc4cc(O)c(N)cc4O)cc3)n2)cc1,12.23
CN=Cc1ccc(-c2nc(-c3ccc(C=O)cc3)c3ccccc3n2)cc1,14.68
N#Cc1ccc(-n2c(-c3ccc(C=NO)cc3)nnc2-c2cccnc2)cc1,23.77
N#Cc1ccc(Sc2[nH]c(=O)c(C#N)c(-c3ccc(C=O)cc3)c2C#N)cc1,22.17
N#Cc1ccc2c(C#N)cn(-c3ccc(C(=O)O)c(O)c3)c2c1,17.03
Cc1nn(-c2cccc3ccc(C#N)cc23)cc1C#N,17.93
COC(=O)Nc1ccc(-c2noc(-c3cnn4c(=N)cc(C(=O)N5CCN(C(=O)c6cccc(C(F)(F)F)c6)CC5)[nH]c34)n2)cc1,43.97
N#Cc1ccc(-c2cc(C#N)nc(-c3ccc[n+]([O-])c3)c2)cc1,16.27
CN(CC(=O)O)C(=O)C1C2c3ccccc3C1c1ccccc12,28.75
N#Cc1ccc(-c2nc(-c3ccc(C=Nc4cc(O)c(N)cc4O)cc3)nc(-c3cc(O)c(O)cc3C=O)n2)cc1,18.16
Cc1ccc(C=Nc2ccc(-c3nc(-c4ccc(C#N)cc4)nc(-c4ccc(N)nc4)n3)cn2)c(O)c1,16.64
Cn1cnc2cc(-c3ccc4c(c3)OCO4)nc(-c3ccc(OCCN4CCOCC4)cc3)c2c1=O,36.43
C#CCOCn1c(-c2cc(C)nc(Oc3ccc(C#N)cc3)n2)c(-c2ccc(C)cc2)ccc1=O,30.01
CC(C)Oc1cc(C#N)[nH]c(=Nc2ccc(C#N)cc2)n1,18.41
N#Cc1ccc(-c2cc(F)c(C#N)c(F)c2)nc1,15.22
Cc1ccc2nc(-n3c(-c4ccc(Cl)cc4)nc4c5ccccc5ccc43)sc2c1,24.42
CC(C)n1c2c3c4c1C1(C(=O)N(C)C5CC5)CC5CC(C(C2)CC4(O)C1)C5C3,45.45
N#Cc1ccc(-n2c(=O)c3cc4c(=O)n(-c5ccc(C#N)c(F)c5)c(=O)c4cc3c2=O)cc1,12.15
N#Cc1ccc(-c2c(N3CCC(c4cncc(-c5ccc(F)cc5)n4)CC3)[nH]cnc2=N)cc1,21.65
N#Cc1c(O)c(C=O)cc(C=NC2CCCCC2)c1O,17.29
Cc1ccc2nc(C)[nH]c(=NN=Cc3ccncc3)c2c1,19.6
N#Cc1ccc(-c2cc3c(cc(-c4ccc(C#N)cc4)n3-c3nc4ccc(C#N)cc4[nH]3)n2-c2ccc(C#N)cc2)cc1,15.18
CCc1nc(-c2cccc(C)n2)c(-c2ccc(C#N)cc2)s1,16.22
N#Cc1ccc(-c2cc3c(=O)[nH]n(-c4ccc(C#N)cc4)c(=O)c3cn2)cc1,13.87
N#Cc1cnc(N2CCn3c(nc4cc(C=CC(O)=NO)ccc43)C2)nc1,23.37
O=C(C=Cc1ccc(O)c(O)c1)c1cc(O)cc(O)c1,20.37
N#Cc1ccc(N=c2nc(OCc3ccc(F)cc3)cc[nH]2)cc1,17.78
N#Cc1nc(-c2ccc(C=O)cc2)oc1N,16.84
N#Cc1cccc(N)c1,15.32
Cc1ccc(-c2cc(C(=O)NN=Cc3ccc4ccccc4c3)c3ccccc3n2)cc1,18.67
N#Cc1ccc(-n2c(C#N)ccc2-c2ccccc2)cc1,12.15
N#Cc1ccc(-c2cn(-c3ccc(C(=O)O)cc3)cc2C#N)cc1,11.18
N#Cc1ccc(C(=O)C=CN=c2[nH]c3ccccc3s2)cc1,18.61
N#Cc1ccc(-c2ccc(CCC(=O)O)n2-c2ccc(C#N)cc2)cc1,10.58
O=Cc1cc2cc(O)c(O)c3c4ccccc4n1c23,33.11
CC(=O)c1ccc(S(=O)(=O)NC2CSc3cc4c(cc3C2=O)OCO4)cc1,31.24
Cc1ccc(-n2c(=S)[nH]c3cc4cc(-c5ccccc5)n(N=Cc5ccc([N+](=O)[O-])o5)c(=O)c4cc3c2=O)cc1,25.36
N#Cc1ccc(-c2ccnc3nc(-c4ccc(C#N)cn4)ccc23)cc1,15.42
N=c1ccc(C#Cc2ccc(C(F)F)nc2C(N)=O)c[nH]1,29.9
Cc1ccc(-c2cncc(-c3ccc(N4C(=O)c5cccc6c(C#N)cc(C#N)c(c56)C4=O)cc3)n2)cc1,14.45
N#Cc1cccc(-c2ccc(C(=O)NCC(Cn3cncn3)(c3ccccc3)c3ccc(F)cc3)cc2)c1,28.64
Cn1c(=O)c2c(-c3ccccc3)cc3c(-c4ccccc4)c(-c4ccccc4)oc3c2n(C)c1=O,24.29
COCCn1c(=O)c(-c2ccc(C#N)cc2)cc2c(C)[nH]c(=N)nc21,15.39
Nc1ccc2nc(-c3ccccc3)nc(N(Cc3ccccc3)c3ccccc3)c2c1,28.52
O=c1oc2c(F)cccc2cc1-c1nc(-c2ccccc2)no1,29.69
CC(=O)c1cc(-c2ccc(Cl)cc2)cc(C=O)c1O,19.28
CN(C)CC#Cc1cc(-c2ccc(C#N)cc2)c(-c2ccc(C#N)cc2)s1,22.85
O=CN1CCN(C=Nc2ccccc2O)CC1,13.56
Cc1cc(C)c(C#N)c(-c2ccc(C#N)cc2)n1,16.01
N#Cc1ccc(-c2[nH]c3ccc(-c4ccc5c(c4)C(=NO)CC5)cc3c2C#N)cc1,24.31
CCN(CCF)C(C#Cc1ccc(C#N)cc1)c1ccc(C(F)(F)F)nc1,34.61
Cc1cc(C)[nH]c(=NN=Cc2ccc3ccccc3c2)n1,17.17
O=Cc1c(O)c(C=O)c(O)c(C=Nc2ccccc2F)c1O,10.34
N#Cc1ccc(-c2c(C#N)c(SCCO)[nH]c(=N)c2C#N)cc1,18.11
N#Cc1cccc(-c2ccc3nc[nH]c(=Nc4ccc(C#N)nc4)c3c2)c1,17.1
Cn1ncc(CCc2cccc(C#N)c2)cc1=O,21.65
C=CCc1cc(C(=O)C=Cc2cc(C=O)ccc2OC)ccc1O,20.71
N#Cc1c2ccccc2c(C#N)c2cc(C(F)(F)F)ccc12,16.98
Cn1c(-c2ccc(C#N)cc2)cc(-c2ccc(C#N)cc2)c1-c1ccc(C(C)(C)C#N)cc1,22.36
Cc1cc(C#N)cc2nc(-c3ccc(C=O)cc3)oc12,10.35
CC(=O)c1ccc(O)cc1,16.22
N#CC(=Cc1ccc(F)cc1)C(=O)N=c1cccc[nH]1,20.66
N#Cc1ccc(-n2cnc3c(C#N)cc4ccccc4c3c2=O)cc1,16.91
CCNC(=O)CN1C(=O)NC2(CCc3ccccc32)C1=O,24.04
CC(C)(C)c1cc(C=CC(=O)c2ccc(F)cc2)cc(C=Nc2ccc(C#N)cc2)c1O,20.97
CCCN(CCN1CCN(c2ccc(F)cc2F)CC1)C1CCc2c(O)cccc2C1,30.15
N#Cc1ccc(-c2cc3c(cn2)cnn3-c2ccc(C#N)cc2)cc1,19.73
N#Cc1ccc(-c2cccc(-c3ccc(C=Nc4ccc(-c5nc(-c6ccc(N)cc6)nc(-c6ccc(N)cc6)n5)cc4)cn3)c2)cc1,17.94
CCCc1cc(-c2ccc(C)cc2)cc(-c2ccc(C)cc2)n1,24.9
Cn1c(=O)c(-c2ccc(C#N)cc2)cc2c[nH]c(=Nc3ccc(C#N)cc3)nc21,15.38
O=C(NN=Cc1ccc(N2CCOCC2)cc1)c1ccc(-n2cccc2)cc1,22.87
O=Cc1ccc(-c2ccc(C=O)o2)cc1,13.63
N#Cc1ccc(-n2cc3c4c(=O)n(-c5ccc(C#N)cc5F)[nH]c4cc-3c(=O)[nH]2)cc1,16.54
COc1nc(-c2ccc(N=CN3CCN(C=O)CC3)cc2)nc2cc(C(C)(C)C)sc12,31.96
N#Cc1cc2c(=NCc3ccccc3)[nH]c(-c3ccc(N)cc3)nc2[nH]c1=O,21.92
CC(C)(C)c1nn(-c2ccc(Cl)cc2)c(=O)o1,16.68
C=Cc1cccc(Cn2nc(-c3ccc(C#N)cc3)c3c(=N)[nH]cnc32)c1,26.68
Nc1ccc(-c2nc(-c3ccc(N=Cc4ccc(O)cc4)cc3)nc(-c3ccc(-n4c(=O)c5cc6c(=O)oc(=O)c6cc5c4=O)cc3)n2)cc1,12.88
O=Cc1c(O)c(C=O)c(O)c(C=Nc2cc(F)cc(F)c2)c1O,11.72
