SMILES,NLL
CC(=O)Nc1ccc(N=Cc2c(O)ccc3ccccc23)cc1O,15.28
CCC(C)CC(C(=O)Nc1ccccc1OC)N1C(=O)c2ccccc2C1=O,33.42
N#Cc1c(N)[n+]([O-])c2ccccc2[n+]1[O-],14.55
CCCn1c(=O)c2[nH]c(-c3ccc(N4CCN(c5ccc(OC)cc5F)CC4)cn3)nc2n(CCC)c1=O,28.17
c1cc(-c2cc[n+](-c3nc(-[n+]4ccc(-c5ccncc5)cc4)nc(-[n+]4ccc(-c5ccncc5)cc4)n3)cc2)ccn1,3.14
Nc1ccc2c(c1)C(=O)c1ccc(Nc3nc(Nc4ccc5c(c4)C(=O)c4ccc(N)cc4C5=O)nc(Nc4ccc5c(c4)C(=O)c4ccc(N)cc4C5=O)n3)cc1C2=O,4.42
N#Cc1c(F)c(F)c(-c2nc(-c3c(F)c(F)c(C#N)c(F)c3F)nc(-c3c(F)c(F)c(C#N)c(F)c3F)n2)c(F)c1F,3.82
N#Cc1ccc(-c2ccc(-c3nc(-c4ccc(-c5ccc(C#N)cc5)cc4)nc(-c4ccc(-c5ccc(C#N)cc5)cn4)n3)cc2)cc1,11.48
COc1cc2c(cc1OC)CN(C=Nc1cc(C#N)c(F)c(NS(=O)(=O)c3ccc(F)cc3)c1F)CC2,26.64
N#Cc1cncc(-c2c[nH]c(=N)c(-c3n[nH]c(C(F)(F)F)n3)c2)c1,23.87
N#Cc1ccc(-c2nc(-c3ccc(C#N)cc3)nc(-c3ccc(C#N)cc3)n2)cc1,3.4
COc1ccc(NC(=O)C=Cc2cc(O)c(O)c(O)c2)c(OC)c1,25.48
O=CN1CCN(C=Nc2ccnc(N=CN3CCN(C=O)CC3)n2)CC1,6.87
CCOCc1c(-c2ccc(-c3ccc(C#N)cc3)cc2)nc(-c2ccc(C#N)cc2)nc1-c1cc[nH]c(=N)n1,23.75
N#Cc1ccc(-c2ccc(-c3nc(-c4ccc(-c5ccc(C#N)cc5)cc4)nc(-c4cc(C#N)cc(C#N)c4)n3)cc2)cc1,13.32
N#Cc1cccc2c(C=C3Oc4cccc(O)c4C(=O)C3=O)cn(Cc3ccc(-c4ccccc4)cc3)c12,33.63
O=CN1CCN(C=Nc2nc(N=CN3CCN(C=O)CC3)nc(N=CN3CCN(C=O)CC3)n2)CC1,3.29
Cc1ccc(S(=O)(=O)c2noc(CNc3ccc(F)cc3)n2)cc1,25.4
N#Cc1ccc(-c2ccc(-c3nc(-c4ccc(-c5ccc(C#N)cn5)nc4)nc(-c4ccc(-c5ccc(C#N)cn5)nc4)n3)cn2)nc1,4.39
N#Cc1ccc(C2N=C(c3ccc(F)cc3)C3CCc4c(c(O)n(-c5ccc(C#N)c(C(F)(F)F)c5)c4O)C32)cc1,30.09
N#Cc1ccc(-c2nc(-c3ccc(-c4ncc(C(F)(F)F)cn4)cc3)nc(-c3ccc4nc(-c5cccnc5)ccc4c3)n2)cc1,28.58
N#Cc1c(F)c(F)c(C#N)c(F)c1F,8.17
N#Cc1ccc(-c2ccc(-c3ccc(-c4nc(-c5ccc(-c6nc(-c7ccc(C#N)cc7)nc7ccccc67)cc5)oc4-c4ccccc4)cc3)cc2)cc1,22.86
Cc1ccc2cnc(-c3ccc(-c4cc(-c5cc(F)cc(C#N)c5)cc(-c5ccc(C#N)cc5)n4)cc3)nc2c1C#N,30.09
CCCCCOC(=O)N1CCN(C(=O)C(CCC(=O)O)NC(=O)c2cc(N3CCN(CCCCCC(=O)OC)CC3)cc(-c3ccccc3)n2)CC1,35.02
N#Cc1c(N)c(Cl)c(Cl)c(C#N)c1Cl,13.91
C#CCN1c2ccccc2S(=O)(=O)c2ccc(-c3nc4cccc(C#N)c4n3-c3ccccc3)cc21,37.84
N#Cc1ccc(NC(=O)c2ccc(-c3noc(C(F)(F)F)n3)cc2)c(N2CCNCC2)c1,24.75
CCc1ccc(-c2nc(-c3ccc(C#N)cc3)nc(-c3ccc(C#N)cc3C)n2)cc1,20.77
Clc1nc(Cl)nc(-c2ccc(-c3cc(-c4ccc(-c5nc(Cl)nc(Cl)n5)cc4)cc(-c4ccc(-c5nc(Cl)nc(Cl)n5)cc4)c3)cc2)n1,3.74
Nc1cc(O)c(N=Cc2ccc(-c3nc(-c4ccc(C=Nc5cc(O)c(N)cc5O)cc4)nc(-c4ccc(C=Nc5cc(O)c(N)cc5O)cc4)n3)cc2)cc1O,4.31
Clc1nc(Cl)nc(-c2ccc(-c3ccccc3OC3CCNCC3)cc2)n1,20.95
CN1CCN(C=Nc2ccc(-[n+]3cc([O-])on3)o2)CC1,26.5
N#Cc1ccc(-c2nc(C=NN=c3[nH]c(-c4ccc(C#N)cc4)cs3)nc(-c3ccc(C#N)cc3)n2)cc1,14.45
CSc1ccc(C=CC(=O)C=Cc2ccc(C=Cc3ccc(C#N)cc3)cc2)cc1F,26.5
Cn1cncc1C(O)(C#Cc1cccc(C#N)c1)c1cc(C#N)cc(C#N)c1,25.94
N#Cc1cccc(-c2nc(-c3cccc(C#N)n3)nc(-c3cccc(C#N)n3)n2)n1,3.03
N#Cc1cncc(-c2nc(-c3cncc(C#N)c3)nc(-c3cncc(C#N)c3)n2)c1,3.48
N#Cc1ccc(-c2ccc(C(=O)N(CCN3CCOCC3)c3cc(C(F)(F)F)cc4cccnc34)cc2)cc1,31.04
N=c1nn[nH]n1N=Cc1cn(-c2ccccc2)nc1-c1ccccc1,18.24
N#Cc1ccc(-c2nc(Cc3ccc(N)cc3)cc(-c3nc(-c4ccc(-c5nc(Cl)nc(Cl)n5)cc4)nc(-c4c(F)c(F)c(C#N)c(F)c4F)n3)n2)cn1,34.48
Cc1ccc(Cc2nn3c(-c4ccc(C#N)cc4)nc(-c4cccc(C#N)n4)nc3c2-c2ccc(-c3cccc(C#N)c3)cc2)cc1,23.57
N#Cc1ccc(-c2ccc(-c3nc(-c4ccc5c(ccc6ccccc65)c4)nc(-c4ccccc5c(C#N)c6ccccc6c4-5)n3)cc2)cc1,30.01
Cc1ccc(S(=O)(=O)Nc2ccc3nc(N(Cc4ccccc4)C4CCN(C(=O)N5CCCC5)CC4)ccc3c2)cc1,33.3
O=C1C=C(c2ccncc2)OC12CCNCC2,26.25
CCn1nnc(C2OC(n3cnc4c(=N)[nH]cnc43)C(O)C2O)n1,18.28
N#Cc1c2ccccc2c(-c2nc(-c3c4ccccc4c(C#N)c4ccccc34)nc(-c3c4ccccc4c(C#N)c4ccccc34)n2)c2ccccc12,3.92
N#Cc1ccc(-c2ccc(-c3nc(-c4ccc(-c5ccc(C#N)cc5)cc4)nc(-c4ccc(-c5ccc(C#N)cc5)cc4)n3)cc2)cc1,3.46
N#Cc1ccc(-c2ccc(-c3nc(-c4cccc(C#N)n4)nc(-c4cccc5cc[nH]c45)n3)cc2)nc1,20.39
CN(C)c1nc(N=CN2CCN(C=O)CC2)nc(N=CN2CCN(C=O)CC2)n1,10.65
N#Cc1c(F)c(F)c(-c2nc(-c3ccccc3F)nc(-c3c(F)c(F)c(C#N)c(F)c3F)n2)c(F)c1F,13.34
COc1cc(C=NCc2cc(OC)c(OC)c(OC)c2)cc(OC)c1OC,18.27
Cc1sc2nc(-[n+]3ccc(-c4ccncc4)cc3)nc(-[n+]3ccc(-c4ccncc4)cc3)c2c1C,13.45
N#Cc1ccc(-c2nc(-c3cccc(N)c3)nc(-c3c(F)c(F)c(C#N)c(F)c3F)n2)cc1,15.59
N#Cc1ccc(-c2ccc(-c3cc(-c4ccc(-c5ccc(CNn6[nH]nnc6=N)cc5)cc4)nc(-c4ccc(C#N)cc4)n3)cc2)cc1,24.07
CC(C)(C)C(=NC(=O)CCc1ccc(-c2ccccc2)cc1)C(N)=O,26.39
N#Cc1ccc2c(c1)CN(C(=O)Nc1ccc(C(=O)NC3CCC(O)CC3)cc1)C2,21.2
N#CC(C#N)=c1ccc(=Cc2sc(=S)n(Cc3ccc(C#N)cc3)c2O)o1,26.17
N#Cc1ccc(-c2nc(-c3ccc(C#N)cc3)nc(-c3cnn(-c4ccc(C#N)cn4)c3)n2)cc1,14.11
CC1CCCCN1C=Nc1nc(N=CN2CCN(C)CC2)nc(N=CN2CCN(C=O)CC2)n1,16.01
N#Cc1ccc(-c2ccc(-c3csc(N=CN4CCN(C5CCCCC5)CC4)n3)cc2)cc1,18.73
N#Cc1ccc(-c2nc(-c3ccc(C#N)cc3)nc(-c3cc(C#N)cnc3Cl)n2)cc1,15.26
N#CC(C#N)=c1ccc(=C(C#N)c2nc(C(C#N)=c3ccc(=C(C#N)C#N)cc3)nc(C(C#N)=c3ccc(=C(C#N)C#N)cc3)n2)cc1,11.27
Cn1cc(-c2cc(-c3nc(C=O)c(CCC(=O)O)[nH]3)nc(-c3c4ccccc4c(C#N)c4ccccc34)n2)c2ccccc21,35.98
COCc1cc(-c2nc(-c3ccc(C#N)cc3)nc(-c3ncc(Cl)cn3)n2)ccc1F,25.35
N#Cc1ccc(-c2nc(-c3cncc(C#N)c3)nc(-c3cc(Cl)c(Cl)c(C#N)c3)n2)cc1,15.48
Cc1cc(C)nc(N=Cc2c(C)[nH]n(-c3ccc4c(c3)C(=O)c3ccccc3C4=O)c2=O)n1,20.93
N#Cc1ccc(C(N=c2cc[nH]c(Br)c2)c2nc(-c3ccc(C#N)nc3)nc(-c3cccc(C#N)n3)n2)cc1,27.38
O=Cc1cc2c(cc1O)CC(c1ccc(C=CC(=O)O)cc1)C2=O,27.57
CCN(CC)CCN=C(N)c1c(Nc2c(Cl)cccc2Cl)sc2c(Oc3ccc(Cl)cc3)ccnc12,32.05
Cc1cc(C)cc(CCn2c(-c3cccc(C#N)c3)nc3cc(-c4cc[nH]c(=N)n4)ccc32)c1,30.18
N#Cc1ccc(-c2ccc(-c3cc(-c4ccc(CCC(=O)OCc5ccccc5)cc4)nc(-c4ccc(-c5nc(Cl)nc(Cl)n5)cc4)n3)cc2)cc1,29.03
O=C(C=Cc1ccccc1)Nc1cccc2cc(NC(=O)c3ccc(NC(=O)c4cc(CN=c5cccc[nH]5)nc(-c5ccccc5)n4)cc3)ccc12,45.37
N#CC=Cc1nc(C=CC#N)nc(C=CC#N)n1,3.62
CN1CCCCC1Cn1ncc2c(-c3ccc(-c4ccc(O)cc4)cc3)nc(C#N)nc21,19.79
CNC(=O)c1nn(-c2ccc(C#N)cc2)c2ccccc12,25.93
NC(=O)c1c(NC(=O)CNC(CCCN=C(N)N)C(=O)NCc2ccccc2)sc2c1CCN(CCc1ccc(-c3ccccc3)cc1)C2,42.0
C=CCOc1c(Nc2ccc3c(c2)C(=O)c2ccc(N)cc2C3=O)cccc1OC,28.0
N#CC=COc1ccc(NC(=O)c2ccc(-c3cccc(C#N)c3)cc2O)cc1,29.46
CCc1ccc(Sc2nc(C#N)ncc2N2CCN(C)CC2)cc1,21.84
Cn1cc(C(=O)N2CCC3(CC2)CCN(c2ccc(-c4ccccc4)cc2)CC3)nn1,28.71
N#Cc1ccc(-c2nc(C=Cc3cc(Br)ccc3OCCCCN3CCCCC3)nc(-c3ccc(C#N)cc3)n2)cc1,23.34
CC1CC(c2ccc(C#N)cc2)N(Cc2cccc(-c3nnc4ncccc4n3)c2)C1=O,29.42
Nc1cn(C=C2CC2(CO)CO)c(=O)nc1Nc1ccc2c(c1)C(N)CCC2,32.56
N#Cc1ccc(-c2ccc(C=Nc3c(O)[nH]c4ccc(-c5cccc(-c6ccc(C#N)cc6)n5)cc34)cc2)cc1,26.55
O=CN1CCN(C=Nc2nc(N=CN3CCNCC3)nc(N=CN3CCN(C=O)CC3)n2)CC1,8.72
CCN(CC)CCN(CC)c1c2ccc(Cl)cc2nc2ccc(Br)cc12,31.57
N#Cc1ccc(N=c2nc(-c3ccc(C#N)cc3)[nH]c3ccc(-c4ccc(C#N)nc4)cc23)cc1,20.98
CC(C)Oc1ccc(C(=O)c2c(O)c(O)n(Cc3cccnc3)c2-c2ccc(C#N)cc2)cc1,21.57
Nc1ccc2c(c1)C(=O)c1ccc(N=c3nc(N=c4cc(C5CC5)[nH][nH]4)c(Cl)c[nH]3)cc1C2=O,14.15
N#CCCCn1cc(C#N)c2nc(-c3ccc(Cl)cc3)cnc21,22.8
CNC(=O)n1cc(C#N)cc1-c1nc(-c2ccc(-c3nc(C)no3)cc2)nnc1C,25.53
Cc1ccc(C#N)c(=Nc2nc(-c3ccc(C#N)cc3)nc(-c3ccc(-c4ccc(C#N)cc4)cc3)n2)[nH]1,16.58
CCn1cc(C(=O)NN=Cc2ccc(N(C)C)cc2)c(=O)c2cc(F)c(N3CCN(c4nc(C#N)c5cccc(C)c5c4C#N)CC3)nc21,40.53
Cc1cc(=NC(=O)c2ccc(Br)cc2)n(C(C)(C)C)[nH]1,21.91
N#Cc1ccc(-c2ccc(-c3nc(-c4ccc(-c5cccnc5)nc4)nc(-c4ccc(-c5ccc(C#N)cn5)nc4)n3)cc2)cc1,12.66
N#Cc1ccc(NC(=O)Nc2ccc(-c3nc(-c4ccc(C#N)cc4)cs3)cc2)cc1,20.04
c1cncc(-c2cc[n+](-c3nc(-[n+]4ccc(-c5ccncc5)cc4)nc(-[n+]4ccc(-c5ccncc5)cc4)n3)cc2)c1,9.84
Cn1nc(-c2nc(C3CC3)ncc2-c2cccnc2)nc(-c2cc(C#N)co2)c1=O,34.6
O=c1cc(-c2cc3cc(Cl)ccc3nc2Cl)nc2nc(-c3ccc(Cl)cc3)[nH]n12,28.55
O=C(c1cccc(-c2ccc(-c3nc(Cl)nc(Cl)n3)cc2)c1)c1ccco1,21.32
Cc1c(-c2ccc(C=Nc3ccc(NC(=O)C(C)N)c(O)c3)cc2)ncc2cc(O)ccc12,27.66
CCN(c1ccc2ncc(-c3cnn(C)c3)nc2c1)c1cc(-c2coc(C3CC3)n2)nc(C)n1,35.07
FC(F)(F)c1ccc(-c2ccc(-c3nc(Cl)nc(Cl)n3)cc2)cc1,13.83
N#Cc1ccc(-c2ccc(-c3nc(-c4cccc(OCCN5CCNCC5)c4)[nH]c(=Nc4ccccc4)n3)cc2)cc1,27.54
Nc1cc(O)c(N=Cc2ccc(Cl)cc2)cc1O,9.82
N#Cc1cccc(-c2ccc3c(N)nc(Cl)nc3n2)c1,24.36
CN(C)C=Nc1nc(N=CN2CCN(C=O)CC2)nc(N=CN2CCN(C=O)CC2)n1,7.63
NS(=O)(=O)c1ccc(NC(=S)N=Nc2c(O)[nH]c(=O)n(Cc3ccccc3)c2=O)cc1,18.63
Cc1cc(C#N)nc2nc(-c3ccc(C#N)cc3)nc(-c3ccc(-c4cccc(-c5nccc6[nH]c7ccc(C(=O)NCCN(C)C)cc7c56)c4)cc3)c12,43.19
COc1cccc(Sc2nc(-c3ccc(C#N)cc3)nc(SCC(=O)Nc3cccc(Cl)c3)c2C#N)c1,28.65
N#Cc1ccc(-c2ccc(C=CC(=O)Nc3cccc(NC(=O)c4ccccc4Nc4ccc5c(C=Cc6ccccn6)[nH]nc5c4)c3)cc2)cc1,22.46
N#Cc1ccc(-c2ccc(Cc3n[nH]c(=O)c4c3NCCC4)cc2)cc1,14.71
N#Cc1cc(F)c(F)cc1C#N,13.31
N#Cc1ccc(-c2ccc(-c3nc(-c4ccc(C#N)cc4)n(C#N)c3-c3ccc(C#N)cc3)cc2)cc1,17.34
N#Cc1ccc(-c2ccc(-c3nc(-c4ccc(-c5ccc(C#N)cc5)cc4)nc(-c4ccc(-c5ccc(C#N)cc5)cc4F)n3)cc2)cc1,10.21
Cc1cc(C)c2[nH]c(-c3ccc(CCc4cnc(-c5ccc(-c6ccc(C#N)cc6)cc5)o4)cc3)nc2c1,23.14
Cc1ccc(-c2cc[n+](-c3nc(-[n+]4ccc(-c5ccncc5)cc4)nc(-[n+]4ccc(-c5ccncc5)cc4)n3)cc2)cc1,10.86
N#Cc1ccc(N2CCOCC2)c(C#N)c1,14.9
CNCc1ccc(-c2nc(C(=O)Nc3ccc(C#N)cc3Cl)nc(N3CCOCC3)n2)cc1,22.61
COc1ccc2[nH]c(=O)c(C(C#N)c3nnc4n3N=C(c3ccccc3)CS4)cc2c1,26.7
N#Cc1ccc(-c2nc(-c3cccc(C#N)n3)nc(-c3nc(Cl)nc(Cl)n3)n2)cc1,11.1
CCCCCCCCn1c(C=CC(=O)C=CC=CC=Cc2nnnn2Cc2cccc(F)c2)nc2ccccc21,31.53
CCCc1cc(-c2nc(-c3ccc(OC(C)C)c(C)c3)no2)nc2cc(C(=O)NC(=N)N)oc12,35.33
CN(C)c1ncc(-c2cccc(C#Cc3cnc(-c4cccc(F)c4)c(F)c3)n2)cn1,34.28
N#Cc1ccc(-c2nc(-c3ccc(Cl)cc3)cc(-c3ccc(Cl)cc3)n2)cc1,12.21
N#Cc1ccc(-c2nc(-c3ccc(C#N)cc3)nc(-n3cc(C#N)cn3)n2)cc1,17.92
N#Cc1ccc(-c2ccc(-c3nccc(Cl)n3)cc2)cc1,14.0
CCCN(CC1CC1)c1nc(-c2ccc(C#N)cc2)nc(-c2ccc(C#N)cc2)c1C#N,15.63
N#Cc1ccc(-c2nc(-c3ccc(C#N)cc3)nc(-c3cn(CCCN)c4ccc(F)cc34)n2)cc1,26.21
O=C(Cc1nc2ccccc2[nH]1)NN=Cc1cccs1,21.02
COc1cc(NCc2cc(F)cc(F)c2)c2c(c1)C(=O)c1ccccc1C2=O,25.17
COc1cc2nc(-c3ccc(C#N)cc3)n(CC3CC3)c2cc1F,24.19
CC(C1CC1)n1cc(C#Cc2ccc(C(=O)NCCCC(=O)O)c(F)c2)c(Sc2ccc(F)cc2)nc1=O,30.12
N#Cc1ccc(-c2ccc(C(=O)Nc3cccc(-c4cc(-c5ccc(-c6ccc(C#N)cc6)cc5)nc(-c5ccccc5)n4)c3)cc2)cc1,17.93
CC(C)(CNCc1coc(-c2ccc(Br)cc2)n1)c1ccc(C#N)cc1,30.89
N#Cc1cn(-c2ccccc2)nc1-c1ccncc1,19.31
N#Cc1ccc(NC(=O)c2cc(C#N)ccc2NC(=O)c2ccc(C#N)cc2)cc1,17.15
N#Cc1ccc(-c2nc(-c3ccc(C#N)cc3)nc(-c3cccnc3)n2)cc1,9.73
N#Cc1cc(-c2ccnc(Cl)n2)cc(-c2ccc(-c3cccc(=NC(C#N)c4ccc(F)cc4)[nH]3)c(F)c2)n1,34.72
C=CCOc1nc(C(=O)NC)ccc1-c1c[nH]c(=Nc2ccc(OC)nc2)o1,39.06
N#Cc1ccc(-c2nc(-c3c(F)c(F)c(C#N)c(F)c3F)nc(-c3c(F)c(F)c(C#N)c(F)c3F)n2)cc1,7.61
COc1cc(N=c2nc(C)cc(C)[nH]2)c2ccccc2n1,23.84
COc1ccc(S(=O)(=O)NCC=CCc2ccc(-c3cc(=O)c4cc(C#N)ccc4n3Cc3ccc(-c4ccc(C#N)cc4)cc3)cc2)cc1,41.56
COc1ncc(-c2ccc3ncnc(-c4ccc(F)c(Cl)c4)c3c2)cc1NS(=O)(=O)c1ccc(F)cc1,24.84
N#Cc1ccc(-c2ccc(-c3nc(-c4ccc(O)cc4)nc(-c4ccc(-c5ccc(C#N)cn5)nc4)n3)cc2)cc1,12.24
COc1cc2c(=Nc3ccc(Oc4ccc(Cl)cc4)c(-c4ccc(C(F)(F)F)cc4Cl)c3)[nH]cnc2cc1OCC1CN2CCCC1C2,43.95
O=C(c1ccco1)N1CCN(CC(c2ccc(F)cc2)N2CCOc3ccc(-c4cc(F)nc(C(F)(F)F)c4)cc3C2=O)CC1,39.76
CC(C)Cc1ccc(-c2nc(C#N)nc(-c3cncc(C#N)c3)n2)cc1C#N,14.18
Cc1cccc(N(CCCCN)Cc2cccc3cc4cc(C)ccc4nc23)c1,35.19
N#Cc1ccc(NCc2nc(-c3nc(C(F)(F)F)nc4ccnc(Cl)c34)ccc2C#N)cc1,35.28
Cc1ccccc1CN1CCN(Cc2nc(-c3ccccc3C)no2)CC1,24.06
N#Cc1ccc(-c2cc(-c3ccc(CNc4nc(-c5ccc(-c6ccc(F)cc6)cc5)cc(-n5cccc5)n4)cc3)nc(-c3ccc(C#N)cc3)n2)cc1,23.35
CCOC(=O)c1sc(=NC(=O)CSc2ncc3cnn(-c4ccccc4)c3n2)[nH]c1C,27.56
COc1cc(-c2cc(N3CCOCC3)nc(-c3cncc(C#N)c3)n2)ccn1,27.52
N#Cc1ccc(-c2nc(-c3ccc(Cl)cc3)nc(-c3ccc(C#N)cc3)n2)cc1,8.82
NC(N)=NN=CC1=C(c2ccc([N+](=O)[O-])cc2)Nc2cccc3cccc1c23,25.38
Cn1cc(-c2ncc(-c3ncc(F)nn3)c(F)c2F)cn1,24.55
C=c1[nH]n(-c2ccc(Cl)c(Cl)c2)c(=O)c1=Cc1cc(OC)ccc1O,22.99
CC1CN(c2nc(N3CCOCC3)c3c(-c4ccccc4)nc(-c4ccc(C#N)cc4)nc3n2)CC(C)O1,15.83
Cc1c(-c2ccc(C#N)cc2)nc(-c2ccc(-c3ccc(C#N)cc3)cc2)nc1-c1ccc(-c2ccc(C#N)cc2)cc1,14.85
N=c1[nH]c(Cl)cc(=NCCc2ccc(C#Cc3ccc(-c4nc(-c5ccc(Cl)cc5)ns4)cc3)cc2)[nH]1,33.88
N#Cc1cn2ccccc2c1C#N,19.56
Cc1cc(C#N)ccc1Nc1cc(C#N)c(C#N)cc1[N+](=O)[O-],18.37
CCc1nc(C(C)C)nc(C2CCCN(C3CCN(C(C)C)CC3)C2)n1,26.93
N#Cc1cncc(-c2nc(C#N)nc(-c3cncc(C#N)c3)n2)c1,6.07
C=C(C#Cc1ccccc1C#N)c1ncn2ccc(-c3ccc(F)c(C)c3)cc12,35.9
Cc1ccc(S(=O)(=O)N=c2nc(C=Cc3ccc(C#N)cc3)nc(-c3cnccn3)[nH]2)c(C)c1,26.0
N#Cc1cc(-c2cc[nH]c(=Nc3ccc(C(=O)N4CCNCC4)cc3)n2)cnc1N1CC(F)C1,20.85
N#Cc1ccc(-c2ccc(-c3nc(-c4ccc(F)cc4)nc(-c4ccc(-c5ccc(C#N)cc5)cc4)n3)cc2)cc1,11.72
COc1ccc(F)cc1-c1nc2c(=NCc3ccc(-c4ccccc4)cc3)[nH]c(CN=C(N)NC#N)cn2n1,43.45
NC(=NO)c1ccc(C=CCNC(=O)c2cccc(ON=Cc3ccc(F)c(F)c3)c2)cc1,36.54
N#Cc1nc(-c2ccc(O)cc2)oc1Nc1ccc(-c2nc(-c3ccc(C=Nc4cc(O)c(N)cc4O)cc3)nc(-c3c(F)c(F)c(F)c(F)c3F)n2)cc1,25.07
N=C(N=C(N)N1CCN(C(N)=NC(=O)Nc2ccc(F)cc2F)CC1)NC=Nc1ccc(F)c(Cl)c1,35.69
N#Cc1ccc(-c2ccc(-c3nc4cc(-c5c[nH]c(-c6ccc(C#N)cc6)n5)ccc4c(Cl)c3C#N)cc2)cc1,28.05
CC(=O)Nc1ccc(-c2nc(-c3ccc(-c4ccc(C#N)cc4)cc3)nc(-c3ccc(-c4ccc(C#N)cc4)cc3)n2)cc1,13.53
N#Cc1ccc(-c2nc(-c3ccc(C#N)cc3)nc(-c3ccc(-c4ccc(C#N)cn4)c(C#N)c3)n2)cc1,19.03
N#Cc1ccc(-c2ccc(-c3noc(-c4cc(Cl)c(N)c(Cl)c4)n3)cc2)cc1,17.98
CCCNc1ccc(N=Cc2ccc(-c3nc(-c4ccc(C=Nc5cc(O)c(N)cc5O)cc4)nc(-c4ccc(N=Cc5ccc(-c6ccc(-c7ccc(C#N)cc7)nc6)cc5)cc4OC)n3)cc2)cc1O,24.08
N#Cc1ccc(-c2ccc(Oc3c(C(=O)N4CCNCC4CO)ccc(-c4c[nH]c(=N)cn4)c3F)cc2)cc1,32.24
Cc1cc(N=C=S)ccc1C(=O)Nc1ccc2c(c1)C(=O)c1ccc(N)cc1C2=O,21.93
CC(C)N(CCNC(=O)c1cc(-c2ccc3c(c2)OCCCO3)nc(-c2ccc(C#N)cc2)n1)C(C)C,32.7
N#Cc1ccc(-c2ccc(-c3nc(N4CCOCC4)c4cccc(F)c4n3)cc2)cc1,14.71
N#Cc1ccc(-c2ccc(C(=O)N(Cc3ccccc3C#N)C(c3ccc(C#N)cc3)c3nnnn3Cc3ccc(-c4ccc(C(F)(F)F)cc4)cc3)cc2)cc1,38.45
CC1(c2cc(N=c3nc(C(F)(F)F)cc[nH]3)cc(F)c2F)N=C(N)SC(=C(F)F)C1=O,24.64
N#Cc1ccc(-c2ccc(C#N)nc2C#N)cc1,14.14
N#Cc1ccc(-c2ccc(C3CC(=NN=Cc4ccc(Oc5cc(F)nc(F)c5)cc4)C=C4c5c(ncnc5C5=CC=NCC5)CC43)cc2)cc1,50.8
N#Cc1ccc(-c2ccc3nc(Cn4cnc(-c5cc(F)cc(-c6cccnc6F)c5)n4)[nH]c(=O)c3c2)cn1,40.61
Cc1ccnc(-n2c(-c3ccc(OCC#N)cc3)nc3c(N(C)C)ncnc32)n1,36.7
Nc1ccc2c(c1)C(=O)c1ccc(NC(=O)c3nncc(N4CCc5ccccc5C4)n3)cc1C2=O,24.43
N#Cc1cc(C(=O)Nc2ccc(C(=N)N)cc2)n(CCc2cccc(OCC[n+]3ccc(-c4ccncc4)cc3)c2)c1,32.73
Cc1nc(-c2nc3cc(-c4cncc(C#N)c4)cnc3n2C(C)C2CCC(C)CN2)ccc1F,26.71
N#Cc1ccc(-c2cccc(-c3ccc4nccc(Nc5ccc(C=CCCCC(O)=NO)c(O)c5)c4c3)n2)cc1,35.73
CC(=O)Nc1ccc(-c2ccc(-c3cc(=Nc4cccc5[nH]ncc45)c4cc(-c5ccc(C#N)cn5)ccc4[nH]3)cc2)cc1,39.13
C=C(CO)Cn1nc(-c2cncc(C#N)c2)nc(-c2ccc(-c3ccc(C#N)cc3)cc2)c1=O,28.24
N#Cc1cccc(NC(=O)c2cnc(N3Cc4ccc(OCC5CC5)cc4C3)nc2C(F)(F)F)c1,22.66
CCOC(=O)c1c(NC=O)nc2ccc(C(=O)c3ccc(Cl)cc3)cc2c1N=CNOC,43.77
COc1cccc(-c2nc(-c3ccc(C#N)cc3)nc(-c3ccc(C#N)cc3)n2)c1,13.1
Cc1ccc(C2NC(c3ccc(C(F)(F)F)cc3)CC(=NN=c3nc(-c4ccc(-c5ccc(C#N)cc5)cc4)nc(-c4ccc(-c5ccc(C#N)cc5)cc4)s3)C2C)cc1,26.49
Nc1cc(O)c(N=Cc2ccc(O)cc2)cc1O,9.8
N#Cc1ccc(-c2ccc(-c3nc(-c4ccc(-c5ccc(C#N)cn5)cc4)nc(-c4ccc(-c5ccc(C#N)cn5)nc4)n3)cc2)cc1,9.5
N#Cc1cc(F)cc(C(=O)N=c2[nH]nc(-c3ccc(F)cc3)o2)c1,18.15
N#Cc1ccc(-c2ccc(-c3nc(-c4ccc(-c5ccc(C#N)cc5)cc4)nc(-c4cccc(-c5ccc(C#N)cc5)c4)n3)cc2)cc1,8.75
N#Cc1ccc(N=Cc2c(O)n(-c3ccc(F)cc3)c(=O)c3ccccc23)cc1,19.11
COc1ccc(-c2nc(-c3ccc(C#N)cc3)nc(-c3ccc(-c4ccc(C#N)cc4)cc3)n2)cc1,13.45
N#Cc1cnnc(COc2cnc3ccc(-c4cccc(C#N)n4)cc3c2)c1,26.32
CN(C)c1ccc(-c2cc(C(=O)Nc3ccc(OC(F)(F)F)cc3)ccc2CN2CCC(C#N)(c3ccccc3)CC2)cc1,25.84
N#Cc1cncc(-c2nc(C#N)ncc2-c2ccc(-c3cccc(C#N)n3)cn2)c1,14.6
O=C1CC(=NCCc2ccc(Cl)cc2)C(=O)c2ccccc21,17.89
N#Cc1ccc(-c2ccc(-c3cc(Nc4nc(=Nc5ccc6c(c5)C(=O)c5ccc(N)cc5C6=O)nc[nH]4)ccc3NC(=O)CC3CCCC3)cc2)cc1,33.64
Cc1cc(C)c(NC(=O)Nc2cccc3c(SCCCCN4CCCCC4)c4ccccc4nc23)c(C)c1,35.4
O=C(C=Cc1ccccc1Cl)NC1CCC(CN2CCC(c3c[nH]c4ccccc34)CC2)CC1,22.34
Cc1ccc(C=Nc2nc(N=CN3CCN(C=O)CC3)nc(N=CN3CCN(C=O)CC3)n2)cc1,13.22
N#CC=Cc1cccc(C=CC(O)=NO)n1,10.07
Cc1cc(C#N)ccc1-n1c(CN2CCCN(C(=O)c3ccc(C#N)cc3)CC2)nc2ccccc2c1=O,26.57
Cc1cccc2c1CCC1(NC(C(=O)NC3CCCC(C)N(C)C3=O)C(c3cc(F)c(F)c(F)c3)C13C(=O)Nc1ccc(Cl)cc13)C2=O,56.2
Cc1nc(-c2ccc(C#N)cc2)nnc1-c1ccc(-n2cccc2C#N)cc1,18.14
c1ccc(-c2cc[n+](-c3nc(-[n+]4ccc(-c5ccncc5)cc4)nc(-[n+]4ccc(-c5ccncc5)cc4)n3)cc2)cc1,8.34
CCN(CCO)c1c(C#N)cc(-c2ccc(-c3ccc(C#N)cc3)cc2)c(-c2ccc(C#N)cc2)c1CO,40.55
N#Cc1ccc(-c2nc(Cc3ccc(-c4ccc(C(=O)O)cc4)cc3)nc(-c3cccc(-c4ccccc4)c3)n2)cc1,21.88
Cc1nc(-c2ccccn2)nc(OC(C)C(F)(F)F)c1-c1ccc(C#N)c(Cl)n1,26.99
N#Cc1ccc(-c2ccc(-n3c(Cc4cnc(-c5ccnc(C#N)c5)cc4Cl)nc(C#N)c3C#N)cc2)cc1,26.55
N#Cc1ccc(-c2ccc(-c3nc(-c4ccc(-c5ccc(C#N)cc5)cc4)nc(-c4cccc(-c5cccc(C#N)n5)c4)n3)cc2)cc1,10.64
N#Cc1ccc(-c2ccc(C#CCCN3CCOCC3)nc2)c(-c2ccc(F)cc2)n1,25.89
CCOc1ccc(NC(=O)c2cc(=O)n(Cc3cccnc3)c3cc(OC)c(OC)cc23)cc1,30.39
O=c1c2c(C=Cc3ccccc3)n[nH]c2ncn1N=Cc1cccnc1,27.74
CCOc1nc(-c2ccc(OC)nc2)cc2nc(-c3ccc(C#N)cc3)c(-c3cnc(-c4ccc(C#N)cc4)nn3)n12,32.27
CCOC(=O)Cc1ccccc1[N+](=O)[O-],24.06
CCOc1[nH]c(=Nc2ccc(C#N)cc2)c(C(F)(F)F)nc1-c1ccc(Cl)cc1,26.92
CC(CC(=O)Nc1ccc(C#N)cc1)=NNC(=O)Cc1ccc(-c2ccccc2)cc1,19.29
COc1ccc(N=c2nc(-c3cn(C)cn3)cc[nH]2)cc1OC,21.43
CCC(C)NC(=O)c1ccc2c(=O)n(Cc3cccc(C#N)c3)c(=S)[nH]c2c1,25.79
CCOC(=O)c1ccc(N2C(=O)c3c(F)c(F)c(F)c(F)c3C2=O)cc1,17.72
N#Cc1ccc(-c2ccc(-c3nc(C#N)nc(-c4ccc(-c5ccc(C#N)cc5)cc4)n3)cc2)cc1,11.12
N#Cc1ccc([SH]([O-])(=Nc2nc(C#N)cc(C#N)n2)c2ccc(Cl)cc2)cc1,32.11
N#Cc1cccc(-c2ccc(-c3nc4cccnc4nc3C#N)cc2)c1,20.84
Clc1ccc(C(c2ccc(Cl)cc2)c2cnc(Cl)c(Cl)c2)cc1,18.48
COc1ccc2c(c1)SCc1c-2n(CCCN2CCOCC2)c2ccc(C#N)cc12,30.55
Nc1ccc2c(c1)C(=O)c1ccc(Nc3nc(Nc4ccc5c(c4)CCC5=O)nc(Nc4ccc5c(c4)C(=O)c4ccc(N)cc4C5=O)n3)cc1C2=O,16.59
COc1ccc(-c2csc(N3CCN(C=Nc4nc(N=CN5CCN(C=O)CC5)nc(N=CN5CCN(C=O)CC5)n4)C3)n2)cc1,18.71
C[S+]([O-])c1nc(-c2ccc(C#N)cc2)nn1-c1ccc(-c2ccc(F)cc2)cc1C#N,27.42
N#Cc1cccc(C2=NOC(C(=O)N=c3ccc(-c4cc(F)cc(F)c4)c[nH]3)C2)c1,27.33
COc1nc(-c2ccc(-c3nnc(-c4ccc(-c5ccc(C#N)cc5)cc4)n3C)cc2)c(C#N)c(F)c1OC,29.81
Clc1nc(Cl)nc(-c2ccc(-c3cc(-c4ccc(-c5nc(Cl)nc(Cl)n5)cc4)cc(-c4ccc(-c5nc(Br)cs5)cc4)c3)cc2)n1,17.73
CC(C#N)c1ccc(-n2c(-c3ccc(Cl)cc3)nc3ncnc(F)c32)cc1,27.19
O=C(c1ccccn1)N1CCN(C(=S)Nc2ccc(F)c(F)c2)CC1,26.83
O=C(NN=Cc1ccc(OCCCc2ccccc2)cc1)c1ccncc1,23.18
Cc1ncc(C(=O)c2cc(Cl)cc(F)c2F)c(=NC2CCC(N)CC2)[nH]1,25.91
CC(C)(C)c1nc(C(=O)N=c2ccc(F)c[nH]2)cc(-c2ccc(C#N)nc2)n1,27.64
Cc1nn(CC(=O)NCc2ccc(F)cc2)c(=O)c2cccnc12,20.84
N#CC(=C(c1ccc(F)cc1)c1ccc(F)cc1)c1ccc(Cl)cc1F,28.98
N#Cc1cncc(-c2nc(-c3cncc(C#N)c3)nc(-c3cc(F)nc(F)c3)n2)c1,14.47
Cc1cc(C2=NCCN2)nn1-c1ccc(-c2ccc(-c3nc(Cl)nc(Cl)n3)nc2)c2cc(C#N)ccc12,34.72
N#Cc1ccc(-n2c(=O)[nH]c(O)c(C=Nc3ccccc3)c2=O)cc1,18.29
CCCN=c1cc(-n2ccc(C)n2)[nH]cn1,23.89
Cc1ccc2c(C)c(C=Nc3ccc(C=CC#N)cc3)c(=O)oc2c1C,22.44
N#Cc1cncc(-c2nc(C#N)nc(-c3ccc(C(F)(F)F)c(F)c3)n2)c1,10.12
N#Cc1cccc(-c2nc(-c3cc[nH]c(=N)c3)nc(-c3cccc(C#N)n3)n2)n1,14.42
N#Cc1ccc(-c2ccc(-c3cc4c(-c5c(F)c(F)c(C#N)c(F)c5F)nnc(-c5cccc(C#N)n5)n4n3)cc2)cc1,27.35
CCCn1c(=O)[nH]c(=N)c2c(=Nc3ccc(C#N)cc3)nc(C#N)[nH]c21,27.41
CC(C)COc1cccc(-c2ccc(-c3ncc4ccc(Nc5cc(C(F)(F)F)ccc5C#N)cc4n3)cc2)n1,35.58
CCc1ccc(-c2nc(-c3ccc(C#N)cc3)nc(-c3ccc(-c4cccc(C#N)n4)cc3)n2)nc1,19.99
CC(C)(Cc1nc2cc(OCc3ccc(-c4ccc(C#N)nc4)nc3)ccc2n1Cc1ccc(-c2ccc(F)nc2)cc1)C(=O)O,29.21
N#Cc1ccc(-c2cc(-c3ccccc3F)nc(-c3ccc(C#N)cc3)n2)cc1,13.63
N#Cc1nccc(N2CCN(c3ncc(OCc4cc(C#N)c(F)c(C#N)c4F)cn3)CC2)n1,27.21
Cn1cnc(S(=O)(=O)N(Cc2ccc(C#N)cc2)c2ccc(Cl)c(C#N)c2)c1,20.85
Cc1cc(-c2nc(-c3cncc(C#N)c3)cc3c(-c4cc(C#N)cnn4)cnn23)ccn1,24.4
Cc1nnc(-c2nc(-c3ccc(-c4ccc(C#N)cn4)nc3)nc(-c3ccc(-c4ccnc(Cl)n4)nc3)n2)o1,23.41
O=CN1CCN(C=Nc2cc(=NC3CC3)n3ncc(=Cc4[nH]c(=O)[nH]c4O)c3n2)CC1,16.68
N#Cc1cncc(-c2nc(C#N)nc(-c3ccc(C(=O)N=c4cc(C(F)(F)F)cc[nH]4)c(F)c3)n2)c1,12.86
N#Cc1c2ccccc2c(-c2nc(-c3ccc4ccccc4c3)nc(-c3coc4ccccc34)n2)c2ccccc12,21.73
CCc1cc(-c2ccc(C#N)cc2)nc(C#Cc2cc(Cl)ccc2OCC(=O)O)n1,25.14
CCCCC(=NC(=O)CCC(=O)NC(CCC(=O)O)C(=O)O)C(=O)O,31.13
CN(C)c1nc(=Nc2ccc(C#N)cc2)cc(-c2nccc3c2cnn3CCC#N)[nH]1,27.91
Cc1ccc(N2C(=O)C(=Cc3ccccn3)N(C)C2=S)cc1,18.24
CC(=O)N1CCC(n2cc(-c3nc4cc(C#N)ccc4o3)c(-c3ccc(F)cc3)n2)CC1,24.17
O=C1c2oc3ccccc3c(=O)c2C(c2ccccc2)N1Cc1ccccc1,22.28
O=C(Nc1ccccc1)c1c(O)c2ccccc2n(-c2ccccc2F)c1=O,23.76
O=C(N=c1[nH]ccs1)c1ccc2cc(-c3ccc(-c4ccnc(Cl)n4)cc3)ncc2c1,29.32
O=C(C=CC=Cc1ccc([N+](=O)[O-])cn1)c1cn(C2CC2)c(=O)[nH]c1=O,25.3
O=C(O)C=CC=CC=CC=CC=CC=Cc1ccc(-c2cccc(C(=O)O)n2)nc1,29.04
COc1ccccc1Cn1cc(C(=O)N(C)C)c2cc[nH]c(=O)c21,37.99
N#Cc1ccc(-c2nc(-c3ccc(C#N)cc3)nc(-c3ccc(-c4ccc(C#N)cn4)cc3)n2)cc1,12.62
N#Cc1ccc(-c2nc(-c3ccc(C#N)cc3)nc(-c3cccs3)n2)cc1,9.13
N#Cc1ccc(-c2cnc(-c3ccc(-c4ccc(C#N)c(C#N)c4)cc3)nc2C#N)cc1,25.41
COc1nc(-c2ccc(C#N)cc2)nc(-c2ccc(-c3cccc(C#N)c3)cc2)n1,15.34
Cc1cc(-c2nc(-c3cncc(C#N)c3)nc(-c3cccc(C#N)n3)n2)ccn1,12.04
Cc1c(NS(=O)(=O)c2cccc(C=CC#N)c2)c(=O)n(-c2ccccc2)n1C,24.72
N#Cc1c(F)c(F)c(F)c(C#N)c1F,9.79
Cc1nc2nc(=NS(=O)(=O)c3ccc(F)cc3)[nH]n2c(C)c1Cc1ccc(C#N)cc1,29.97
N#Cc1ccc(-c2ccc(-c3nccc(-c4ccc(C#N)cc4)n3)cc2)cc1,11.45
N#Cc1c(F)c(F)c(Nc2c(Cl)c(F)c(C#N)c(F)c2C#N)c(C#N)c1F,13.08
COc1ccc(C=Cc2cc(N=Cc3ccc(OC)c(O)c3)nc(-c3ccc(C#N)cc3)n2)cc1,23.5
Cc1nc2c(c(Cc3cccc4ccccc34)n1)CCCC2,26.98
N#Cc1c2ccccc2c(-c2nc(-c3c4ccccc4nc4ccccc34)nc(-c3c4ccccc4c(C#N)c4ccccc34)n2)c2ccccc12,7.79
Cc1c(Cl)cccc1NC(=O)c1cc(N=c2nc(OCCN3CCN(C)CC3)[nH]c(-c3cncc(C#N)c3)n2)cc2ccccc12,31.48
COCCN1C(=O)c2c(n(C3CC3)c3c(-c4cncc(C#N)c4)c(Cl)ccc3c2=O)C1(C)C,30.62
O=C(C=Cc1ccc(O)c(O)c1)NC(=S)Nc1cccc2ccccc12,25.43
Fc1ccc(-c2nc3ccc(-n4cncn4)nc3nc2-c2ccc(F)cc2)cc1,21.91
Nc1cc(O)c(N=Cc2ccc(-c3nc(-c4ccc(C=Nc5ccc(-c6cccc(C(=O)O)c6)cc5O)cc4)nc(-c4ccc(C=Nc5cc(O)c(N)cc5O)cc4)n3)cc2)cc1O,18.39
Nc1ccc2c(c1)C(=O)c1ccc(Nc3nc(Nc4ccc5c(c4)C(=O)c4ccc(N)cc4C5=O)nc(Nc4ccc5c(c4)C(=O)c4ccc(O)cc4C5=O)n3)cc1C2=O,14.47
N#Cc1cncc(-c2nc(C(=O)NN3CC=CCC3)c(Cl)c(F)c2C#N)c1,29.77
CCOC(=O)c1cc2cc3c(cc2c(-c2ccc(-c4nc(-c5ccc(C#N)cc5)c(-c5ccc(F)cc5)nc4-c4ccc(F)cc4)cc2)n1)C(C)(C)CCC3(C)C,31.23
N#Cc1ccc(C(=O)N2CCN(c3c(C#N)nc(C=Cc4ccncc4)n3-c3ccc(F)cc3)CC2)cc1,24.07
N#Cc1ccc(Nc2c(F)c(F)c(C#N)c(F)c2C#N)cc1,11.36
CN(C)C=Nc1nc(C#N)nc(N=CN2CCN(C=O)CC2)n1,9.3
CCCCC=CC(=O)c1nc(O)c2ccccc2c1C,28.35
Cc1nc(-c2ccc(C#N)cc2)ccc1C(=O)c1cc(-c2ccc(C#N)cc2)cc(-c2cc(F)c(C#N)nc2-c2ccc(F)c(C#N)c2)c1,35.9
CN(C)C=Nc1nc(Cc2c(F)cccc2F)nc(Cc2c(Cl)cccc2Cl)n1,19.64
CC(=O)c1cccc(NC(=O)CSc2ccc(-c3ccc(F)cc3)nn2)c1,23.45
Nc1ccc2c(c1)C(=O)c1ccc(Nc3nc(Nc4ccc5c(c4)C(=O)c4ccc(N)cc4C5=O)nc(Nc4cccc5c4CCC5)n3)cc1C2=O,23.12
N#Cc1ccc(-c2nc(-c3ccc(C#N)cc3)nc(-c3ccc(-c4ccc(C#N)cc4)s3)n2)cc1,15.15
N#Cc1ccc(-c2ccc(-c3nc(=NCCc4ccc(O)cc4)cc(C#N)[nH]3)cc2)cc1,22.58
N#Cc1ccc(-c2nc(-c3cccnc3)nc(-c3cc(C#N)cc(C(=O)N=c4cc[nH]cn4)c3)n2)cc1,19.57
Cc1nc(-c2ccc(C#N)cc2)c(CC(=O)N2CCN(c3cnc(-c4ccc(C#N)nc4)cn3)C(=O)C2)s1,34.23
CS(=O)(=O)NCCOC1CN(c2cccnn2)CC1Cc1ccccc1,29.66
CCCCOc1ccc(-c2nc(-c3ccc(C#N)cc3)nc(-c3ccc(C#N)cc3)n2)cc1,13.28
O=C(NCc1ccc(C(=O)Nc2cccc(-c3ccccc3)c2)cc1)OCc1ccc(F)cc1,23.64
N#Cc1ccccc1C=Nn1c(-c2ccccn2)n[nH]c1=S,19.23
N#Cc1c(F)c(F)c(C(=O)c2ccc(Oc3ccccc3)cc2)c(F)c1F,22.36
Cc1cc(C)n(-c2cc(-c3cc(C#N)cc(N=c4cc[nH]c5ccc(C(F)(F)F)cc45)c3)nc(C)n2)n1,30.36
CCS(=O)(=O)c1ccc(CC(=O)N=c2[nH]c(-c3ccc(-c4cccc(-c5cccc(-c6ccc(C#N)cc6)c5)n4)cc3)cs2)cc1,31.84
N#Cc1ccc(Cn2cc(-c3cnc(-c4ccc(F)cc4)c(-c4ccc(F)cc4)n3)nn2)cc1,26.59
N#Cc1ccc(-c2ccc(-c3nc(C#N)nc(C#N)n3)cc2)cc1,15.12
COC(=O)C(Oc1nc(=N)[nH]c(N)c1[N+]([O-])=NOC(C)(C)C(=O)O)c1ccc(C#N)cc1,45.0
N#Cc1ccc(-c2nc(Oc3cccc(F)c3)nc(-c3ccc(C#N)cc3)n2)cc1,15.68
N#Cc1ccc(-c2ccc(-c3nc(OCc4cc(-c5ccc(C#N)cc5)nc(-c5ccc(C#N)cc5)n4)cc(-c4ccc(-c5ccc(-c6nc(Cl)nc(Cl)n6)cc5)cc4)n3)cc2)cc1,26.85
CS(=O)(=O)NC(=O)c1ccc(COc2nnc(-c3ccc(-c4ccccc4)cc3)cc2-c2ccc(Cl)cc2)cc1F,35.66
CC(=Nc1ccc(F)cc1)c1c(O)cc(C)oc1=O,17.9
CCOc1ccccc1NC(=O)c1cc2ccccc2n1Cc1ccc(Cl)cc1,28.32
Oc1oc(C=Cn2cc(CNCCN=c3cc[nH]c4cc(Cl)ccc34)nn2)c(OCc2ccccc2)c1OCc1ccccc1,27.02
N#Cc1cc(F)c(F)c(C#N)c1F,8.5
COc1ccccc1Nc1sc(-n2cccc2)c(C#N)c1C#N,25.97
N#Cc1ccc(-c2ccc(-c3nc(-c4ccc(-c5ccc(C(F)(F)F)cn5)cc4)nc(-c4ccc(-c5ncccn5)cc4)n3)cc2)cc1,17.5
Oc1ccc(C=NNc2ccccc2)c(O)c1,17.48
COc1cc(N=c2[nH]nc(-c3ccc(C#N)cc3)o2)ccc1-c1ccc(C#N)cc1,24.0
N#Cc1ccc(Nc2c(C#N)[n+]([O-])c3cc(C#N)c(C#N)cc3[n+]2[O-])cc1Cl,23.66
CC(C)c1ccc(NC(=O)Oc2ccc3c(c2)C(=O)N2CCCC2O3)cc1,28.62
N#Cc1ncc(-c2ccc(-c3cc(=O)oc4cc(-c5ccc(O)cc5)ccc34)cc2)cn1,32.98
N#Cc1cncc(-c2nc(-c3cncc(C#N)c3)nc(-c3ccc(F)c(C(F)(F)F)c3)n2)c1,13.83
N#Cc1ccc(-c2ccc(-c3cc(-c4ccccc4O)nc(-c4ccc(-c5ccc(C#N)cc5)cc4)n3)cc2)cc1,17.48
Cc1cc(-c2ccc(Cl)cc2)nc(OCc2noc(C(C)C)n2)c1C#N,26.6
N#Cc1nc(C=Nn2[nH]nnc2=N)ccc1NCc1ccccc1,25.15
N#Cc1cncc(-c2nc(-c3ccc(C#N)nc3)nc(-c3cncc(C#N)c3)n2)c1,10.52
N#Cc1cccc(-c2nc(-c3ccc(CN4CCC(n5ccc(-c6cccnc6)n5)CC4)cn3)nc(-c3cccc(C#N)n3)n2)c1,34.66
CCOC(=O)c1n[nH]c(=Nc2nc(C#N)nc(Sc3cc(C=CC#N)ccc3[N+](=O)[O-])n2)s1,38.02
CC1CN2CCCC2CN1C=Nc1nc(N=CN2CCN(C=O)CC2)nc(N=CN2CCN(C=O)CC2)n1,20.12
COc1cccc(-c2c(N=[N+]=[N-])cnc3c2c(=O)n(C)c(=O)n3C)c1,28.26
N#Cc1ccc(-c2ccc(CC(Oc3ccc(C#N)cc3C#N)C(=O)O)cc2)cc1,22.04
N#Cc1ccc(-c2nc(-c3ccc(Cl)s3)nc(-c3sc(-c4ccc(C#N)cc4)nc3C(F)(F)F)c(=O)n2)cc1,27.25
CCCC(=O)Nc1ccc2c(c1)C(=O)c1ccc(Nc3cccnc3)cc1C2=O,21.91
N#Cc1ccc(-c2ccc(-c3cc(-c4ccc(-c5nc(Cl)nc(Cl)n5)cc4)cc(-c4ccc(-c5nc(Cl)nc(Cl)n5)cc4)c3)cc2)cc1,10.48
CCCc1nn(-c2cccc(Cl)c2)c2nnc(-c3cc(Cl)ccc3OCC#N)nc(=O)c12,32.47
C=CCn1c(N=Nc2ccc(=O)[nH]c2O)nc2nc(C#N)ccc21,37.63
N#Cc1ccc(Oc2ccc(F)c(F)c2C#N)c(C#N)c1,21.75
N#Cc1cccc(-c2cc(-c3ccc(C(=O)NC(C#N)Cc4ccccc4)c(F)c3)[nH]c(=N)n2)n1,23.09
N#Cc1ccc2cc(-c3ncc(-c4nc(N5CCNCC5)nc5ccccc45)cn3)cnc2c1,24.01
O=C(COc1ccccc1F)NN=Cc1cn2ccsc2n1,28.06
N#Cc1ccc(-c2nc(-c3ccc(C#N)cc3)nc(-c3ccc4c(c3)CCO4)n2)cc1,14.94
CSc1nccc(-c2ccc(-c3cncc(C(=O)NCCc4ccc(F)cc4)c3)cc2)n1,24.05
N#Cc1cncc(-c2nc(-c3cncc(C#N)c3)nc(-c3cnc(-c4ccc(F)cc4)c(F)c3F)n2)c1,14.57
N#Cc1cc(-c2nc3c([nH]2)-c2cc(-c4ccc(C#N)nc4)ccc2C3)cc(C(F)(F)F)c1,29.09
Cc1cc(NS(C)(=O)=O)cc(C2CCN(C(=O)c3cnn(C)c3C)CC2)c1F,28.55
N=c1nc(-c2ccc(-c3cnn(C4CCNCC4)c3)cc2F)c2ccc(F)nc2[nH]1,33.09
Nc1ccc2c(c1)C(=O)c1cc(Nc3cc(-c4ccncc4)cc[n+]3-c3ccc(F)c(N)c3)ccc1C2=O,30.4
Cc1ccc2[nH]c(O)c(C=Nn3cc(C4CC4)sc3=Nc3ccccc3)c2c1,31.86
CCOC(=O)c1sc2nc(N3CCOCC3)nc(-c3cccc(C#N)c3)c2c1N,23.19
CSc1nc(-c2ccc(C)cc2)nn1COC(=O)c1cccc(C(F)(F)F)c1,29.01
N#Cc1cccc(-c2cc[nH]c(=NCc3nc(Cc4ccccc4)n[nH]3)n2)c1,23.9
N#Cc1cncc(-c2nc(Cl)nc(Cl)n2)c1,7.8
Cc1c(C=NN=c2ccc3ccccc3n2C)sc2ccccc12,30.59
N#Cc1nc(-c2cc[nH]c(=Nc3cccnc3)n2)ccc1N,19.18
Cc1cnc(Cl)nc1-c1ccc(-c2nc(-c3ccc(-c4ccc(C#N)cc4)cc3)nc(-c3ccc(C#N)cc3)c2-c2ccccc2)cc1,18.26
N#Cc1ccc2[nH]c(-c3ccc(Cc4cnnn4Cc4ccc(OCc5ccc(F)cc5)cc4)cc3)nc2c1,29.14
N#Cc1cncc(-c2noc(-c3ccc(C#N)nc3)n2)c1,14.15
COc1ccc(C=Cc2ccc3c(c2)OCO3)cc1OC1CCN(C)CC1,26.72
Cn1c(-c2ccc(F)nc2)c(-c2ccc(C(C)(C)O)cn2)cc(C#N)c1=O,27.07
N#CC(C=CC(=O)Nc1ccccc1Cl)=Cc1ccc2c(c1)OCCO2,27.38
C=CC(C=Cc1cc2ccccc2c2ccccc12)c1ccccc1,30.14
N#Cc1ccc(C(=O)Cc2nc3ccccc3[nH]c2=O)cc1,21.33
CCOc1ccc(-c2c(C#N)c(N)n(-c3ccc(C#N)cc3)c(=O)c2C#N)cc1,21.77
CN(c1ccc(C(=O)N=c2[nH]c(-c3ccc(C#N)cc3)cs2)cc1)S(C)(=O)=O,22.7
Nc1ccc2c(c1)C(=O)c1ccc(Nc3nc(Nc4ccc5c(c4)C(=O)c4ccc(N)cc4C5=O)nc(Nc4ccc5c(c4)C(=O)c4cc(N)ccc4C5=O)n3)cc1C2=O,7.6
O=C1C(=Cc2ccc(Cl)cc2)CCCC1=Cc1ccc(Cl)c(Cl)c1,21.13
CC(C)N=c1[nH]c2c(nc(COc3ccc(C#N)cc3)n2C)c(=O)n1C,31.18
N#CC=Cc1cncc(C(C#N)c2ccnc(-c3ccc(C#N)cc3)c2)n1,30.25
N#CC(=C1CCCCC1)c1nc(-c2ccc(Cl)cc2)c(N=O)c(=N)[nH]1,27.53
CC(=O)Nc1cccc(C2N=NN=N2)c1,23.19
O=C(Nc1ccc2c(c1)C(=O)c1ccc(NC(=O)N3CCCC3)cc1C2=O)Nc1ccc(F)cc1F,27.77
Cc1nnc(-c2ccc(-c3nc(-c4ccc(-c5ccc(C#N)cc5)cc4)nnc3-c3ccc(-c4ccc(C#N)cc4)cc3)cc2)s1,25.42
Cc1cccc(-n2nc(-c3ccc(-c4ccc(C#N)cc4)cc3)nc2-c2ccc(-c3ccc(C#N)cc3)cc2)c1,16.2
Cc1ccc(-n2nc(-c3cccc(C#N)c3)nc2C2CCN(c3cccc(-c4nc5ccccc5s4)n3)CC2)cc1,37.36
O=CN1C=CN(C=Nc2nc(N=CN3CCN(C=O)CC3)nc(N=CN3CCN(C=O)CC3)n2)CC1,11.29
N#Cc1ccc(-c2ccc(-c3cc(-c4ccc(-c5ncc(-c6ccc(-c7cscn7)cc6)o5)cc4)nc(-c4ccc(C#N)cc4)n3)cc2)cc1,19.52
CCCCCCC(=O)OCc1nc(Cc2cccnc2)n(Cc2cccc(-c3cccc(C#N)n3)c2)n1,47.32
Nc1cc(O)c(N=Cc2ccccc2)cc1O,8.98
CCN(C(C)=O)c1cc2cc(-c3nc(OCC(O)CO)nc(-n4ccnc4)n3)cc(C)c2nc1C=Cc1ccc(C#N)cc1,44.57
CCC=C(c1ccc(-c2cnc(C(F)(F)F)o2)cc1)C(NC(=O)NCc1cc(C(F)(F)F)cc(C(F)(F)F)c1)c1ccccc1,50.72
Nc1cc(O)c(N=Cc2ccc(-c3nc(-c4ccc(C=Nc5cc(O)c(N)cc5O)cc4)nc(-c4cccc(C(F)(F)F)c4)n3)cc2)cc1O,13.74
Cc1cc(C)[nH]c(=NC(=N)NCCCc2nc(-c3ccc(-c4ccc(C#N)cc4)cc3)oc2C)n1,23.84
CS(=O)(=NC#N)c1ccc(-c2nc(-c3ccc(C#N)cc3)nc(-c3ccc(C#N)cc3)n2)cc1,20.34
Cc1cc(Nc2c(N)cc(C#N)c(F)c2C#N)cc(-c2ccccc2Cl)[n+]1[O-],26.82
O=c1[nH]c2ccc([N+](=O)[O-])cc2nc1C=Cc1ccc(-c2nc(Cl)nc(Cl)n2)cc1,28.41
Cc1cc(Cn2nnc3ccccc32)nc(-c2ccccc2C#N)n1,21.48
CCc1nn(C)c(C(=O)NCc2ccc3c(c2)OCCO3)c1Cl,24.34
N#Cc1c(F)c(F)c(F)c(F)c1F,11.26
N#Cc1ccc(-c2cc(-c3ccc(C#N)c(C#N)c3)nc(-c3ccc(CN4CCOCC4)cn3)n2)cc1,24.05
Cc1cc(C#N)cc(C)c1N=c1cc(Nc2ccc(O)cc2)[nH]cn1,23.41
N#Cc1ccc(-c2ccc(-c3nc(-c4ccc(-c5nc(C(F)(F)F)cnc5Cl)cc4)nc(-c4ccc(-c5ccc(C#N)cn5)nc4)n3)cc2)nc1,18.46
Nc1cc(O)c(N=Cc2ccc(-c3nc(-c4ccc(C=Nc5cc(O)c(N)cc5O)cc4)nc(-c4ccc(Oc5ccc(F)cc5)cc4)n3)cc2)cc1O,14.03
N#CC(C#N)=NN=c1nc(N2CCCCC2)[nH]c(N2CCOCC2)n1,19.43
CN(C)c1nc(N(C)C)nc(N(C#N)CC(=O)N=c2[nH]c3ccc(F)cc3s2)n1,21.62
Cc1cc(C#N)nc(-c2ccc(C3CCC3)c(Oc3ccnc(C#N)c3)c2F)n1,19.74
N#CC=Cc1ccn(Cc2ccc(C#N)cc2)n1,15.01
c1ccc(C[n+]2ccc(-c3ccccc3)cc2)cc1,13.55
COc1ccc2c(c1)c(C(C#N)=Cc1nc3ccc(C#N)cc3[nH]1)cn2CCOc1ccccc1C,37.96
CC1c2cccc(-c3ccc(C#N)nc3)c2N=C(N)C1C#N,27.54
Cc1c(-c2ccncc2)nnn1Cc1ccc2nc(N3CCN(c4ccncc4)CC3)c(C#N)cc2c1,39.43
C=CCc1cc(OC)c(OC)c(C=CC(C)(C=C)CCC=C(C)C)c1C=CC,31.5
N#Cc1ccc(C=Cc2nc(=Nc3ccc(C#N)cc3)n3[nH]cc(C#N)c3n2)cc1,22.82
N#Cc1ncn(-c2ccc(Cl)c(Cl)c2)n1,17.22
N#Cc1ccnc(-c2ccc(-c3cc(-c4ccc(-c5nc(Cl)nc(Cl)n5)cc4)nc(-c4c(F)c(F)c(C#N)c(F)c4F)n3)cc2)n1,21.1
N#CCc1cc(-c2ccc(-c3ccc(-c4nc(-c5ccc(C#N)cc5)no4)cc3)cc2)ccn1,26.95
CSc1ccc(-c2nc(-c3ccc(C#N)cc3)ncc2C=NNC(N)=NO)cc1,19.7
C=CCN(C)CCCN(C)c1ccc(N=C(c2ccccc2)c2c(O)oc(=O)c(C(C)=O)c2O)cc1,35.35
CC(C)(C)C1C=CC(C#N)(c2ccc(Cl)c(Cl)c2)CN1c1ccc2ccccc2c1,34.47
N#Cc1cccc(-c2nc3n(n2)-c2cccnc2Nc2cc(Cl)ccc2-3)n1,23.27
N#Cc1ccc(-c2nc(-c3ccc(C#N)cc3)nc(-c3ccc(C#N)nc3)n2)cc1,10.8
O=C(c1cc(Cl)cc(Cl)c1Cl)n1ccnc1,20.07
N#Cc1cn(C2CC2)c2cc(OC3CCOC3)c(-c3ccc(-c4cnc(=N)[nH]c4)c(F)c3)cc12,32.46
N#CN=[N+]([O-])c1nnccc1-c1ccc(-c2nc(-c3ccc(C#N)cc3)nc(-c3ccc(C#N)cc3)n2)cc1,27.61
N#CC=Cc1cncc(-c2ccnc(-n3ncc(C(=O)O)c3C(F)(F)F)n2)n1,26.48
CN(C)C(=O)c1cc2c[nH]c(=Nc3cc(C(=O)NCCN4CCCCC4=O)nc(-c4cc(F)cc(F)c4)n3)nc2n1C1CCCC1,28.49
CN(C)C1(CNCCc2ccc(C#N)cc2)COc2ccccc2OC1,23.59
COc1cccc(-c2nc(-c3ccc(-c4ccc(C#N)cc4)cc3)nc(-c3ccc(-c4ccc(C#N)cc4)cc3)n2)c1,11.97
N#Cc1cccc(-c2nc(-c3c(F)c(F)c(C#N)c(F)c3F)nc(-c3c(F)c(F)c(C#N)c(F)c3F)n2)n1,9.75
COc1cc(C=C(C#N)C(=O)Nc2ccc3c(c2)C(=O)c2cc(N)ccc2C3=O)ccc1OCc1ccccc1,30.21
COc1cc(N=Cc2ccc(F)cc2)c2c(O)c3ccccc3c(O)c2c1N,17.11
CCOC(=O)c1ccc(N)cc1[N+](=O)[O-],24.1
N#Cc1ccc(-c2ccc(-c3nc(=N)n4ncc(=Cc5[nH]c(=O)[nH]c5O)c4n3)cc2)cc1,17.48
COc1ccc(-n2nnnc2CNC(=O)c2ccc(S(=O)(=O)N3CCCCC3)cc2)cc1,25.77
COc1cc2c(cc1OC)CN(C=Nc1ccc3nc(N=Cc4ccc(-c5ccc(C=Nc6ccc(N)c(O)c6)cc5OC)cc4)nc(C)c3c1)CC2,34.38
COc1ccc(-n2nc(-c3ccc(-c4ccc(C#N)cc4)cc3)nc2Cc2nc(-c3ccc(-c4ccc(C#N)cc4)cc3)n(C)n2)cc1,24.73
CC1(C)CC(=O)c2c(nc(-c3ccc(C#N)cc3)nc2-c2cnccn2)O1,19.24
CN(C)c1nc(Nc2cc(Cl)ccc2O)nc(N(C)C)n1,19.47
N#Cc1ccc(-c2ccc(-c3nc(-c4ccc(C#N)cc4)nc(-c4cc(OCCc5ccc(Cl)cc5)c5ccccc5c4)n3)cc2)cc1,26.07
Cc1cc(=Nc2ccc(C#N)cc2)nc(-c2cccc(C#N)c2)[nH]1,17.49
N#Cc1ccc(-c2ccc(-c3nc(-c4ccc(Br)cc4O)nc(-c4ccc(C#N)c5ccccc45)n3)cc2)nc1,25.09
O=C(C=Cc1ccccn1)c1ccccc1,15.72
N#Cc1c(F)c(F)c(-c2nc(-c3ccccc3)nc(-c3c(F)c(F)c(C#N)c(F)c3F)n2)c(F)c1F,12.82
Cc1cccc(-c2nc(-c3cncc(C#N)c3)nc3ccc(Cl)cc23)n1,23.8
Cc1ccc(-n2c(=S)[nH]c3cc(Cl)ccc3c2=O)cc1C,20.83
CCCCc1nc(C#N)nc(-c2ccc(NS(=O)(=O)c3cn(C)cn3)cc2)n1,23.01
N#CCOc1cc(Oc2ccc(CN(Cc3cccnc3)C(=O)c3cccc(F)c3F)cc2)nc(C(c2ccc(F)cc2)c2ccc(F)cc2)c1,44.65
N#Cc1ccc(-c2nc(Cl)c(C#N)c(Cl)n2)cc1,12.78
CN1CCN(c2cc(NC(=O)c3cc(N=c4nc(-c5cncc(C#N)c5)cc[nH]4)c(Cl)nn3)cc(C(F)(F)F)c2)CC1,31.91
N#Cc1c(F)c(F)nc(F)c1F,11.37
N#Cc1ccc(-c2nc(-c3ccc(C#N)cc3)nc(-c3csc(-c4c(F)c(F)c(C#N)c(F)c4F)n3)n2)cc1,13.34
N#Cc1c2ccccc2c(-c2nc(-c3ccc(O)c4ccccc34)nc(-c3c4ccccc4c(C#N)c4ccccc34)n2)c2ccccc12,11.25
COc1ccc(-n2ccnc2C=CC#N)cc1,18.45
N#Cc1ccc(-c2ccc(-c3nc(Cc4nc5ccccc5n4Cc4ccc(Cl)c(Cl)c4)nc(-c4ccc(-c5ccc(C#N)cc5)cc4)n3)cc2)cc1,20.44
CCC(CC)c1nc(-c2cccc(C(=N)N)c2)c(C(=O)NCc2ccc(C#N)cc2C)o1,31.74
O=C(C=Cc1cccc(Cl)c1Cl)c1cc(Br)ccc1O,23.12
N#Cc1cccc(-c2ccc(-c3nc4cc(-c5nc6cc(C#N)ccc6[nH]5)ccc4[nH]3)o2)c1,24.03
COc1cc(-c2nc(C)no2)ccc1N=c1nc(-c2cnc(N3CCC(C(=O)N(C)OC)CC3)c(C#N)c2)cc[nH]1,31.68
CN(C)C=Nc1nc(=N)nc(Sc2nnnn2C)[nH]1,24.52
N#Cc1ccc(-c2nc(-c3ccc(Cl)nc3)cc(-c3ccccc3Cl)n2)cc1,19.15
COc1ccc(-c2csc(N=Cc3cccc([N+](=O)[O-])c3)n2)cc1,17.16
CCc1noc(-c2ccc(N=c3nc(-c4ccc(-c5ncccc5C(F)(F)F)nc4)cc[nH]3)c(F)c2)n1,31.81
N#Cc1ccc(C(C#N)c2nc(-c3cc(C#N)c(C4CC4)nc3-c3ccc(F)cc3)cc(=NC3CCNCC3)[nH]2)cc1,36.58
CN1CCN(C=Nc2nc(N=CN3CCN(C=O)CC3)nc(N=CN3CCN(C=O)CC3)n2)CC1,9.24
O=C1C(Oc2ccc(F)cc2)c2ccccc2N1Cc1cccc(-c2cccc(C(F)(F)F)n2)c1,34.9
Cc1cc(=NC(=O)c2cccc(S(=O)(=O)N3CCOCC3)c2)[nH]o1,19.19
N#Cc1ccc(-c2nc(-c3ccc(C#N)cc3)nc(-c3cnc4ccccc4c3)n2)cc1,11.55
N#Cc1ccc(-c2cc(C(N)NCC(=O)CN3CCCCC3)nc(-c3cccnc3)n2)cc1,33.52
N#Cc1ccc(-c2nc(-c3ccc(F)cc3)nc(-c3ccc(C#N)cc3)n2)cc1,8.2
COc1cccc2c1C=C1C(C2)C2=CC(=COC(=O)Oc3ccc4ccccc4c3)N1CC2,43.11
N#CC=Cc1nnc(Nc2ccc(C#N)cc2)c(C#N)n1,17.35
COc1nc(OC)nc(-c2ccc(OCc3nc(C=CC#N)ccc3OC)c(C(N)=O)c2)n1,29.82
Cc1cc(C)c(CN(CCF)c2cnc(-c3ccc(-c4cccc(C#N)n4)nc3)cn2)c(C)c1,30.14
CC(C)NC(=O)c1ccc(-c2[nH]c(C=c3[nH]c(=C4CC(c5ccc(C#N)cc5C#N)=NC4=O)cc3Cc3ccc(C#N)cc3)c(O)c2-c2ccccc2)cc1,53.74
COc1ccc(NC(=O)C(NC(=O)c2cccc(C#N)c2)c2cccc(C(=O)NC(=N)N)n2)cc1,34.17
N#Cc1ccc(-c2cc(-c3cccc(-c4ccc(CNC(=O)c5ncccc5C(=O)O)cc4)n3)no2)cc1,29.68
O=C(O)Cc1ccccc1Nc1cccc2c1C(=O)c1ccccc1C2=O,23.47
N#Cc1ccc(-c2ccc(-c3ccnc(-c4cncc(C#N)c4)n3)cn2)cc1,16.39
Cc1cc(Cl)cc(C)c1NC(=O)c1cn(-c2ccccc2)nc1-c1ccc(C#N)cc1,25.38
COc1ccc(-c2nc(Nc3nc(-c4ccc(C)cc4)c4c(c3C#N)CCCC4)nc(-c3cc4ccccc4oc3=O)n2)cc1,30.87
N#Cc1ccc(-c2nc(-c3ccc(C#N)cc3)nc(-c3cccc(C#N)n3)n2)cc1,8.83
CCC[S+]([O-])c1ncc(Nc2ccc(C#N)cc2)c(C(=O)Nc2ccc(C#N)cc2)n1,18.79
Fc1cccc(-c2cc(OCC3CCN3)cnc2-c2ccc(F)c(F)c2)c1,30.28
C=CC(=O)Nc1cccc(N=c2nc(-c3nnc(Cc4ccccc4)s3)cc[nH]2)c1,28.66
N#Cc1cncc(-c2nc(C#N)nc(-c3ccc(C(=O)N=c4cc(C(F)(F)F)cc[nH]4)c(Cl)c3)n2)c1,17.24
N#Cc1cc(-c2nc(-c3cccc(NC(=O)NCC(F)(F)F)c3)n3nc(-c4ccccn4)cc3n2)ccn1,20.94
N#Cc1ccc(-c2cc(-c3ccc(C#N)cc3)nc(-c3ccc(C#N)cc3)n2)cc1,8.58
CS(=O)(=O)N(CC(=O)Nc1cccc(C#N)c1)c1ccc([N+](=O)[O-])cc1C#N,24.24
N#Cc1ccc(-c2cc(=NCc3ccc4ccccc4c3)[nH]cn2)cc1,21.88
N#Cc1ccc(-c2ccc(-c3nc(CCCOc4ccccc4)nc(-c4ccccc4F)n3)cc2)cc1,26.86
CC(=O)c1cccc(N=c2[nH]cc(-c3ccc(Cn4cnc5c(cnn5-c5ccccc5)c4=O)cc3)n2C)c1,41.71
Cc1nc(C)nc(-c2nc(-c3cncc(C#N)c3)c3c(CN=c4nccc[nH]4)n(-c4ccc5c(c4)CCO5)nc3n2)n1,37.69
CCn1cnc2c(N3CCOCC3)nc(-c3cnc(-c4ccc(F)cc4)c(-c4ccc(F)cc4)n3)cc21,29.79
Nc1ccc2c(c1)C(=O)c1ccc(Nc3nc(Nc4ccc5c(c4)C(=O)c4ccc(N)cc4C5=O)nc(Nc4cc(S(=O)(=O)O)c(N)c5c4C(=O)c4ccccc4C5=O)n3)cc1C2=O,15.36
N#Cc1ccc(-c2ccc(-c3nc(-c4ccc(C#N)cc4)c(C#N)c(-c4ccc(-c5ccc(C#N)cc5)cc4)n3)cc2)cc1,15.23
CCC(CCC#N)NC(=O)c1ccc(-n2c(C)nnc2C(F)F)cc1,38.7
Cc1cc(C)n(-c2nc(Cl)nc(Cl)n2)n1,10.32
N#Cc1ccc(C#Cc2cccnc2)cc1,17.19
Clc1ncc(Cl)c(Cl)n1,10.86
N#Cc1ccc(C(C#N)c2cc(C#N)c(F)c(C(F)(F)F)c2)cc1,21.5
N#Cc1ccc(-c2ccc(-c3nc(-c4ccc(C#N)cc4)nc(-c4ccc(-c5ccc(C#N)cc5)nc4)n3)cc2)cc1,14.61
Cc1nc2ccccc2c(=O)n1N=Cc1ccccn1,16.19
N#Cc1cccc(S(=O)(=O)NNC(=O)c2ccc3c(c2)OCO3)c1,24.62
N#CCSc1nc(N2CCc3ccccc3C2)c2sc(N3C(=S)C(Cl)C3c3ccc(C#N)cc3)nc2n1,43.71
COc1ccc(-c2ccc(C3=C(C(=O)Nc4ccc(C#N)cc4)C4CCC(C3)N4C(C)=O)cc2)cc1,29.71
N=C(N)c1ccc2[nH]c(-c3ccc(-c4nc5cc(-c6ccc(-c7cc(Cl)nc(Cl)n7)cc6)ccc5[nH]4)cc3)nc2c1,22.88
Cc1cc(C)n2c(Nc3cc(F)ccc3F)c(-c3ccsc3)c(C#N)c2n1,26.66
N#Cc1ccc(-c2nc(-c3cncc(C#N)c3)nc(-c3cccc(C#N)n3)n2)cc1,15.6
CCOC(=O)C(=Cc1ccc(F)c(F)c1)c1ccc(-c2ccncc2)cc1,29.83
COc1ccc(N(CC#Cc2ccc(N)cn2)c2ccc3ncc(-c4cnn(C)c4)nc3c2)cn1,26.54
N#Cc1ccc(-c2nc(-c3ccc(C#N)cc3)nc(-c3cccc(C#N)c3)n2)cc1,9.09
CC(=O)n1c2c(c3ccccc31)C(c1ccccc1F)NCC(=O)N2,32.63
Cc1cc(C#N)cc(N=c2cc(Nc3ccccc3)n3ncnc3[nH]2)c1,30.85
Cc1ccccc1C#Cc1ccc2ncc(-c3ccc(-n4nnc(-c5ccc(-c6cccc(-c7ccc(-c8ccc(C#N)cc8)cc7)n6)cc5)n4)cc3)nc2c1,31.65
Cc1ccc(N=c2nc(C)[nH]c(-n3nc(C)cc3C)n2)cc1,22.4
CN(C)c1nc(Oc2ccccc2NC(=O)Cc2ccc(-c3ccccc3)cc2)nc(N(C)C)n1,25.62
N#CC(C#N)=NNc1ccc(C#N)cc1,12.28
N#Cc1ccc(Nc2cc(N)c(C(=O)Nc3ccc(OC(F)(F)Cl)cc3)cc2Nc2ccccc2)cc1,26.53
CC1=Nc2nc(SCc3ccc(Cl)cc3)nn2C(c2ccc(Cl)cc2)C1C(N)=O,22.38
N#Cc1ccc(-c2nn(-c3ccc(F)cc3)cc2C=NN=c2scc(-c3ccc(C#N)cc3)n2-c2ccccc2)cc1,15.69
Cc1nc(-c2cnc(-c3cccnc3)c(F)c2F)n(C(C)(C)C)n1,26.37
Cc1ccc(NC(=O)c2ccnc(N3CCCC3)c2)cc1N=c1[nH]c(N2CCOCC2)nc(=NCc2cc(-c3ccccc3)no2)[nH]1,30.95
N#Cc1ccc(-c2nc(-c3ccc(C#N)cc3)nc(-c3cccc(Cl)c3)n2)cc1,9.74
N#CC=Cc1ccc(O)c(O)c1,12.79
N#CCc1nc(-c2cccc(F)c2)[nH]c(=Nc2cccc3ccccc23)n1,25.19
N#Cc1ccc2cc(-c3ccc(-c4ccc(-c5nc6c(c(=NCc7ccc(C(=O)Nc8ccc(F)cc8)cc7)[nH]5)NNCC6)cc4)cc3)sc2c1,42.09
N#Cc1ccc(-c2nc(Cl)nc(Cl)n2)cc1,7.72
CC(=O)Nc1cc(-c2ccc(C#N)cc2)cc(-n2ccnc2)c1,18.95
COc1ccc(C=Nc2ccc(Oc3ccc(N=Cc4ccc(Oc5ccc(-c6cc(-c7ccc(-c8ccc(C#N)cc8)cc7)nc(-c7ccc(C#N)cc7)n6)nc5)cc4)cc3)cc2)cc1,32.58
N#Cc1ccc(-c2ccc(-c3nc(-c4ccc(C#N)cc4)nc(C4(c5ccc(F)cc5)CCC4)n3)cc2)cc1,21.29
Cc1nc(C#N)cc(=NC(=O)c2nc(-c3nc(-c4ccc(C=CC(=O)O)cc4)nn3-c3ccc(F)c(Cl)c3)c(Cl)cc2Cl)[nH]1,47.05
CC(=O)N1c2ccc(-c3cc(-c4ccc(-c5nc(Cl)nc(Cl)n5)cc4)nc(-c4cccc(C(F)(F)F)c4)n3)cc2CCC1C,33.29
N=c1nc(CCCO)nc(N=Cc2cccc3ccccc23)[nH]1,24.09
COc1cccc(C2c3c(c(N)cc4[nH]c(=O)n(-c5ccc(C(N)=O)cc5)c(=O)c34)OC(=N)C2C#N)c1,35.25
N#CC=Cc1cc(NCc2ccc(-c3ccc(C#N)cc3)nc2)cc(Br)c1F,27.28
O=C(NC1CCN(CC2CC2)C1)c1ccc(C#Cc2ccco2)cc1,29.79
N#Cc1nc(-c2ccc(Cl)cc2Cl)oc1N=Cc1sc2ccccc2c1Cl,25.15
Cc1ccc(N=Nc2cn(C)c(C#N)n2)c(C)c1,29.24
CN(C)C=NC(=NC=Nc1nc(Cl)[nH]c(=NCCCN=c2cc[nH]c3cc(Cl)ccc23)n1)N1CCN(C=O)CC1,32.74
N#Cc1ccc(C(=O)N2CCN(CC(=O)NN=Cc3ccc(-c4ccccn4)cc3)CC2)cc1,20.31
CNC(=O)c1cc(C)cc(NC(=O)c2cc(NC(=O)c3cnc(C#N)nc3)cn2C)c1,27.52
CCOC(=O)c1nn(-c2ccc(Cl)cc2Cl)c(-c2ccc(Cl)cc2)c1C,20.91
CCN(CC)C(=O)c1ccc2[nH]c(-c3cc(C)cc(C)c3)c(CCNCCCc3c[nH]cn3)c2c1,24.2
N#Cc1ccc(-c2ccc(-c3nc(C#N)nc(-c4c(F)c(F)c(C#N)c(F)c4F)n3)cc2)cc1,11.71
Cc1ccc(-n2[nH]c(C)c(C=Nc3ccccc3C#N)c2=O)cc1,17.17
CN1CCN(c2nc(-c3ccc(C#N)cc3)nc(-c3nccnc3-c3cccc(NC(=O)c4ccccc4F)c3)n2)CC1,32.98
N#Cc1ccc(-c2ccc(-c3nc(-c4ccccc4)nc(-c4ccc(-c5ccc(C#N)cc5)cc4)n3)cc2)cc1,11.33
COc1cc(-c2nc(C#N)nc(-c3ccc(C#N)cn3)n2)ccc1C#N,19.51
N#Cc1ccc(-c2cncc(=Nc3cccc(Cl)c3)[nH]2)cc1,20.39
O=C(C=Cc1ccc(O)c(C=Nc2cccc(C(F)(F)F)c2)c1)c1ccc(-c2ccc(C=Nc3ccc(C(=O)O)c(O)c3)cc2)cc1,28.06
CSc1ccc(CCNC(=O)Cn2nnc3sc4c(c3c2=O)CCC(C)C4)cc1,29.47
Cn1cc(-c2ccc(CN3Cc4c(C5=CC=NCC5)nc(C(F)(F)F)nc4N(c4ccc(C#N)cc4)C3)cc2)cn1,37.54
CN(C)c1ccc(-c2nc(-c3ccc(-c4ccc(C#N)cc4)cc3)nc(-c3ccc(-c4ccc(C#N)cc4)cc3)n2)cc1,9.33
O=C1CCc2cc(S(=O)(=O)Nc3ccc(F)cc3F)ccc2N1,20.9
Cc1cc(N=c2nc(C=Cc3ccc(C(F)(F)F)cn3)cc(-c3cncc(C#N)c3)[nH]2)nc(C)n1,26.68
CN1CCN(c2ncnc3c2sc2[nH]c(-c4cccc(C(N)=NO)n4)nc(=O)c23)CC1,38.34
N#Cc1cc(N=CC(C#N)C#N)ccc1F,16.96
Cc1ccc(NS(=O)(=O)c2ccc(-n3cc(-c4ccc(O)c(O)c4)nn3)cc2)cc1,27.48
N#CC#Cc1ccc(C(=O)NCCCCN2CCN(c3ccc(C#N)cn3)CC2)cc1,20.85
Cc1c(C=Nc2ccncc2)c(=O)n(-c2ccccc2)n1C,23.86
COc1ccc(CCN=c2[nH]c(N3CCCCC3)c(C#N)cc2C#N)cc1,25.45
Nc1ccc2c(c1)C(=O)c1ccc(Nc3cncc(Nc4ccccc4Cl)n3)cc1C2=O,14.71
N#Cc1cnnc(-c2[nH]nc3ccc(-c4ccnc(C(F)(F)F)n4)cc23)c1,18.57
N#Cc1cccc(-c2cc(-c3ccc(C(N)=O)cc3)nc(C3CC3)n2)n1,19.25
N#Cc1cncc(N=c2nc(-c3ccc(OC4CCOCC4)c(C#N)c3)cc[nH]2)c1,15.36
N#Cc1ccc(-c2ccc(-c3nc(-c4ccc(C#N)cc4)nc(-c4ccc(F)c(-c5ccc(C#N)cc5)c4)n3)cc2)cc1,16.28
Cc1ccc(C)n1-c1ccc(C(=O)NNC(=O)C(C)Oc2ccc(Cl)cc2)cc1,23.47
O=C(CCCn1cnc2c(sc3ccccc32)c1=O)NCc1ccc(F)cc1,27.88
COc1cc(F)c(F)c(-c2nc(Cl)nc(Cl)n2)c1F,12.95
N#Cc1ccc(Oc2ccc(-n3cc(C#N)nn3)cc2)c(Cl)c1,22.0
N#Cc1ccc(-c2nc(-c3ccc(C#N)cc3)nc(-c3c(F)c(F)c(C#N)c(F)c3F)n2)cc1,7.44
N#Cc1ccc(-c2ccc(-c3nc4n(c3C#N)C(c3ccc(-c5ccc(C#N)cc5)cc3)CN(C(N)=O)C4)cc2)cc1,29.38
O=C(CC1(O)C(=O)Nc2ccc(Br)cc21)c1ccc(F)cc1F,22.05
N#Cc1cccc(-c2nc(-c3cccc(C#N)n3)nc(-c3csc(C#N)n3)n2)n1,10.06
O=C(O)c1ccc(-c2ccc(-c3cc(-c4ccc(-c5nc(Cl)nc(Cl)n5)cc4)nc(-c4ccc(-c5nc(Cl)nc(Cl)n5)cc4)n3)cc2)nc1,15.39
Cc1nc(-c2cc(N3CCN(c4ccc(Cl)c(Cl)c4)CC3)nc(-n3c(C(F)(F)F)nc4ccccc43)n2)ccc1F,31.53
N#Cc1ccc(-c2cccc(-c3nc(C#N)nc4c3cnn4CC3CCC(N)CC3)c2)cc1,17.6
N#Cc1ccc(-c2ccc(-c3nc[nH]c(=NC(=O)c4ccon4)n3)cc2)cc1,29.03
c1ccc(-c2ccc(-c3nc(-c4ccccc4)c[n+](-c4ccccc4)n3)cc2)cc1,11.91
CC12C=C(C#N)C(=O)Oc3c(O)cc(O)c(c31)C(=O)CC2,28.95
COC(=O)c1cc(C)cnc1NC(=O)c1nc2c(C#N)cc(C)cc2[nH]1,37.68
CC(C)(CO)NC(=O)c1nc(-c2ccc(C(=O)NCc3ccc(C#N)cc3)c(F)c2)c(Cl)[nH]c1=N,27.36
Cn1nc(-c2ccc(C#N)cc2)nc1-c1nc(-c2ccc(C#N)cc2)nc(-c2ccc(C#N)cc2)n1,11.34
O=C(N=c1nc(-c2ccccc2)cc(C(F)(F)F)[nH]1)c1cc2ccccc2oc1=O,25.74
N#Cc1cccc(NC(=O)COC(=O)c2ccccc2C(=O)c2ccccc2Cl)c1,26.16
N#CCCCCn1cnc2ccccc2c1=O,19.81
Nc1cc(O)c(N=Cc2ccc3c(c2)CCC3)cc1O,14.64
Nc1cc(O)c(N=Cc2cccc(F)c2F)cc1O,11.03
Cc1ccc(-c2nc(-c3ccc(C=Nc4cc(O)c(N)cc4O)cc3)nc(-c3ccc(C=Nc4cc(O)c(N)cc4O)cc3)n2)cc1,10.62
N#Cc1ccc(-c2nc(-c3ccc(C=CC(=O)Nc4ccccc4C#N)cc3)nc(-c3cc(C#N)cc(C(=O)O)n3)n2)cc1,28.5
N#Cc1ccc(-c2ccc(-c3nc(-c4ccc(-c5nc6cc(C(=N)N7CCCC7)ccc6[nH]5)cc4)cc(-[n+]4ccc(-c5ccncc5)cc4)n3)cc2)cc1,22.22
N#Cc1ccc(-n2ccc(=O)c(C#N)n2)cc1,14.03
N#Cc1c(F)c(F)c(-c2nc(-c3ccc(Cl)cc3Cl)n(-c3ccc(C(F)(F)F)cc3Cl)n2)c(F)c1F,17.36
Clc1nc(Cl)nc(-c2ccc(-c3nc(-c4ccccc4Cl)no3)cc2)n1,15.04
N#Cc1ccc(-c2ccc(-c3nc(-c4ccc(-c5ccc(C#N)cc5)cc4)nc(-c4ccccn4)n3)cc2)cc1,11.37
N#Cc1ccc(NC(=O)c2ccc(CC3CCN(Cc4ccc5c(c4)OCO5)CC3)cc2)cc1,23.86
CN(C)CCNC(=O)c1ccc(-c2nc(=NC3CC3)n3ncc(=Cc4[nH]c(=O)[nH]c4O)c3n2)s1,19.67
CCOC(=O)c1cnc(=Nc2nc(N3CCN(CC)CC3)cc(-n3nc(C)nc3C)n2)[nH]c1C,32.41
N#Cc1ccc(-c2ccc(-c3nc(-c4ccc(O)cc4)nc(-c4ccc(-c5ccc(C#N)cc5)cc4)n3)cc2)cc1,12.56
CC(=O)Nc1cc(O)c2sc(NC(N)=O)cc2c1O,31.72
N#Cc1ccc(-c2cnc(-c3ccc(-c4cccc(C#N)c4)cc3)nc2-c2ccc(F)cc2)cc1,19.11
CCOC(=O)c1c(O)c(=O)n(C)c2cc(OC)c(OC)cc12,30.69
N#Cc1cccc(-c2cc(-c3ccc(-c4cnc(=N)[nH]c4)c(F)c3Cl)cnn2)n1,23.11
CCc1nccc(-c2ccc(-c3nc(-c4ccc(-c5nc6cc(F)ccc6[nH]5)cc4)oc3-c3ccc(N)cc3)cc2)n1,25.06
N#Cc1cccc(-c2ccc(-n3ncc(-c4ccc(-c5ccc(F)c(F)c5)cc4)cc3=O)cc2C(N)=O)c1,33.14
COc1ncc(-c2ccnc3c(N4CCOCC4)nc(-c4ccc(C#N)cc4)nc23)cn1,22.12
N#Cc1cccc(-c2nc(-c3ccnc(-c4ccc5c(c4)OCCO5)n3)nc(-c3nc(F)nc4ccccc34)n2)n1,25.68
O=C(O)c1cccc(-n2c(O)c(-c3ccccc3)ccc2=NN=Cc2ccc(F)c(F)c2F)c1,32.23
N#Cc1cccc(-c2nc(Oc3ccccc3)nc(-c3cccc(C#N)n3)n2)n1,18.26
COC(=O)c1cc(-c2nc(-c3cccnc3)nc(C3CC3)n2)[nH]c(=NCc2ccc(F)c(F)c2)n1,31.97
N#Cc1ccc(-c2ccc(-c3nc(-c4ccc(OCCN5CCOCC5)cc4)cc(-c4cccc(C#N)n4)n3)cc2)nc1,20.78
CNC(=O)CCCC(=O)Nc1ccc2c(c1)C(=O)c1ccc(NC(=O)NCC(C)(OC)c3ccc(C#N)cc3)cc1C2=O,36.0
CC(=O)c1n[nH]n(-c2ccccc2)c1=N,21.73
N#Cc1ccc(C(=O)Nc2cccc(-c3n[nH]c(C(F)(F)F)n3)c2)nc1,22.56
N#Cc1ccc(CNCCC2CN=c3ccc(Br)cc3=C2c2ccccc2F)c2ccccc12,41.27
Cn1c(=O)cc(-c2cc(F)cc(C#N)c2F)c2cccnc21,29.25
N#Cc1ccc(NC(=O)Nc2ccc(C=C3CCCC3N=[N+]=[N-])cc2)cc1,35.68
Cc1cc(C)n(-c2ccc(C=Nc3cc(O)c(N)cc3O)cc2)n1,12.2
CNS(=O)(=O)Nc1ccc(-c2ncnc3nc(C(C)(C)C)cc(COC)c23)cc1F,37.23
CCC(CC(=O)N1CCCc2ccccc21)NC(=O)C1(NC(=O)CCc2ccccc2)CCN(Cc2ccccc2)CC1,41.03
N#Cc1ccc(-c2cn(-c3ccc(C(=O)NCC4CC4)cc3Cl)nn2)cn1,33.06
N#Cc1ccc(-c2nc(-c3ccc(-c4ccnc(Cl)n4)cc3)nc(-c3ccc(-c4ccc(C#N)cn4)nc3)n2)cc1,15.68
Fc1ccc(-c2cc[n+](-c3nc(-[n+]4ccc(-c5ccncc5)cc4)nc(-[n+]4ccc(-c5ccncc5)cc4)n3)cc2)c(F)c1,12.61
CC(C)=CCCC(C)=CC=CC(C)CCc1c(O)n(-c2ccc(F)cc2)c(=O)n1Cc1ccccc1,35.74
N#CC=Cc1ccc(-c2cc(-c3ccc(-c4nc(Cl)nc(Cl)n4)cc3)nc(-c3ccc(-c4ccc(C#N)cc4)cc3)n2)cc1,17.45
O=CN1CCN(C=Nc2nc(N=CN3CCN(C=O)CC3)nc(N=CN(c3ccccc3)c3ccccc3)n2)CC1,14.04
COc1ccc(CC2(C(=O)NC(C)(C)C)CCN(C(=O)CC(C)CCC34CCC(NC(=O)Cc5cc(C)cc(C)c5)(CC3)C4)C2)cc1,63.56
O=C(O)c1ccc(-c2ccc(-c3ccc(C=Nc4ccc(-n5ccnc5-c5ccc(-c6ccc([N+](=O)[O-])cc6)cc5)cc4)cc3)cn2)nc1,36.16
N#Cc1ccc(-c2ccc(-c3nc(-c4ccc(-c5ccc(C#N)cn5)nc4)c4ccccc4n3)cc2)cc1,14.08
NC(=O)c1ccccc1NC(=O)c1ccc2ccc(=NC(=O)c3ccccc3)[nH]c2c1,32.21
Cc1ccc2cc(C(=O)CSc3nc(-c4ccc(C(F)(F)F)cc4)nc4c3CCC4)c(=O)oc2c1C,33.97
N#Cc1cc(C=Nc2cc(F)cc(C(=O)C3=COCCC3)c2O)c2ccc(Cl)cn12,35.48
N#Cc1ccc(-c2ccc(-c3nc(-c4ccc(-c5ccc(C#N)cn5)nc4)nc(-c4cc(F)nc(F)n4)n3)cc2)cc1,15.65
Cc1nccc(-c2ccc(N3CCC(N=c4ccc(C(F)(F)F)c(-c5ccc(C#N)c(F)c5)[nH]4)CC3)nc2)n1,27.91
CC(CNN(O)CC(Cc1ccccc1)C(Cc1ccccc1)NC(=O)OCc1cccc(C(F)(F)F)n1)(Cc1ccccc1)S(C)(=O)=O,41.66
N#Cc1ccc(N=c2cc(C(N)=O)sc(-c3cnc(N4CCC(F)C4)c(C#N)c3)n2)cc1,25.99
O=C(NS(=O)(=O)c1ccc(F)cc1)c1cc(C2CCCCC2)nc(-c2ccc(C#Cc3ccc(Cl)cc3)c(F)c2)n1,37.64
FC(F)(F)c1cc(-c2ccccc2)nc2nc(Cn3nnc4ccccc43)nn12,33.76
Cc1ccc(-c2nc(-c3ccc(-c4ccc(C#N)cc4)cc3)c(C#N)c3c2C(=O)CC(C)(C)C3)cc1,21.83
CCOC(=O)c1ccc(F)c(S(=O)(=O)N=C2CCCN2)c1,28.96
CCCCNC(=O)Cn1cc(-c2ccc(-c3ccc(-c4nc(C=Cc5ccc(C(F)(F)F)nc5)no4)cc3)c(OC)c2)nn1,38.55
O=C(COc1ccc(Oc2ncnc(Cl)n2)cc1)NCC1CCCO1,28.28
c1ccc(-c2ccc(Cn3cc[n+](-c4ccccc4)c3)cc2)cc1,17.5
N#CC=Cc1cnc(O)cc1C(=O)O,21.29
O=c1cc(C=Cc2ccccc2)oc2cc(O)cc(O)c12,19.42
N#Cc1ccc(C2CC(=O)c3ccc(NCc4ccc(-c5cccc(C#N)n5)cc4-c4ccc(C(=O)NCCC(=O)O)nc4)nc3C2)cc1,25.5
N#Cc1cncc(-c2nc(-c3cccc(C#N)n3)nc(-c3cccc(C#N)n3)n2)c1,8.31
Cc1noc(-c2ccc(-c3ncnc4c3c(-c3ccc(C#N)cc3)nn4-c3cccc(Cl)c3)cc2)n1,32.64
N#Cc1ccc(CN(Cc2ccc(Cl)cc2)c2cc(-c3cnc(-c4ccccc4)nc3)ccn2)cc1,27.68
N#Cc1ccc(-c2ccc(-c3nc(C=Cc4c[nH]c5cc(F)ccc45)nc(-c4ccc(-c5ccc(C#N)cc5)cc4)n3)cc2)cc1,21.15
CC(Cn1c(=O)cc(Nc2c(C)cc(C#Cc3ccc(C#N)cc3)cc2CO)[nH]c1=O)=NC#N,37.86
Cn1nc(-c2c(F)cccc2F)nc1-c1ccc(-c2cccc(-c3nc(Cl)nc(Cl)n3)c2)cc1,23.26
O=C(O)CC1CCc2cc(OCC=Cc3ccc(-c4ccccc4)cn3)ccc21,21.99
COc1ccccc1SCc1nn(-c2ccccc2)c(=O)nc1SCc1ccc(F)cc1,31.61
O=C1c2ccccc2C(=O)c2cc(Nc3cc(Cc4ccccc4)nc(N=c4nccc[nH]4)n3)ccc21,28.87
N#CC(C#N)=C(c1ccc(-c2ccccc2)cc1)c1nc2sc(C#N)cn2c1C=O,37.12
CCC(=O)N1c2ccccc2CC1C(=O)Nc1ccc(C(=O)Nc2ccccc2N)cc1,25.77
Cc1cccc(Cl)c1-c1nc(-c2ccc(C#N)cc2)nc(-c2c(Cl)cc(F)cc2Cl)n1,19.84
N#CN=C(N)NC(N)=Nc1ccc(NC(=O)NCc2cc(Cl)c(N)c(Cl)c2)c(Cl)c1,39.2
COc1cc(-c2cc(-c3ccc4c(c3)OCCCO4)nc(C#N)n2)ccc1-c1noc(CC2CCCC2)n1,33.91
O=CN1CCN(C=Nc2ccccc2)CC1,14.1
N=c1nc[nH]c(NC(=O)c2ccc(CNC(=O)C=Cc3ccc([N+](=O)[O-])cc3)cc2)c1N,35.21
COc1ccc(Cc2c[nH]c3ccc(O)cc3c2=O)cc1O,30.45
N#Cc1ccc(-c2csc(NC(=O)c3cc(C(F)(F)F)nc4c(C(F)(F)F)cccc34)n2)cc1,27.84
N=c1[nH]cnc(Nc2ccc3c(c2)C(=O)c2ccc(N)cc2C3=O)c1Br,17.98
Nc1cc(O)c(N=Cc2ccc(F)cc2)cc1O,10.14
COc1ccc(OCC(=O)NN=Cc2c(C)nn(-c3ccc(F)cc3)c2Cl)cc1,23.49
N#Cc1cc(F)cc(Nc2ccc3c(c2)C(=O)c2ccc(N)cc2C3=O)c1,14.95
N#Cc1cc(-c2[nH]nc3cc(C#N)c(C#N)nc23)ccn1,17.45
c1cn(-c2ccc(-c3cn(-c4ccc5c(c4)OCCO5)nn3)cc2)cn1,28.9
N#Cc1ccc(-c2cc(-c3ccc(C#N)cn3)nc(-c3ccc(C#N)cc3)n2)cc1,12.11
O=C(O)c1ccc(S(=O)(=O)N(Cc2ccc(Cl)cc2F)c2sc3ccccc3c2Br)cc1,29.76
N#Cc1ccc(-c2cc(C#Cc3ccc(-c4nc(C5CC5)no4)nc3)nc(C#N)n2)cc1,16.62
N#Cc1ccc(-c2ccc(-c3nc(-c4ccc(-c5ccc(C#N)cc5)cc4)n(-c4ccc(C#N)cc4)n3)cc2)cc1,12.18
O=C(N=c1cccc[nH]1)c1nc(Sc2cc(Cl)ccc2Cl)c(-c2ccc(Cl)cc2)nc1-c1ccc(Cl)cc1,34.91
N#Cc1ccc(-c2nc(-c3ccc(-c4cc(-c5ccc(-c6nc(Cl)nc(Cl)n6)cc5)cc(-c5ccc(-c6nc(Cl)nc(Cl)n6)cc5)n4)cc3)nn2-c2cc(Cl)c(Cl)cc2Cl)cc1,20.83
Cn1c(=O)c2c(nc(N3CCNCC3)n2Cc2cccc(C#N)c2)n(C)c1=O,19.67
O=C(O)C=Cc1ccc(=NC(=O)CNC(=O)c2c(F)c(F)cc(F)c2F)[nH]c1,31.07
N#Cc1c(F)c(Cl)c(F)c(C#N)c1F,10.59
O=C(NCc1ccc(F)cc1)c1cc(-n2c(O)ccc2O)ccc1-c1ccsc1,22.31
Cc1cc(=NCc2cccc(-n3cnccc3=O)c2)nc(-c2cncc(C#N)c2)[nH]1,26.6
C#Cc1cc(-c2sc(-c3ccc(-c4nc(Cl)nc(Cl)n4)cc3)cc2C#N)cc(C#N)n1,28.63
N#Cc1cncc(-c2nc(-c3cccnc3)nc(-c3csc(C#N)c3)n2)c1,17.0
N#Cc1ccc(-c2nc(-c3cccc(C#N)n3)nc(-c3cccc(C#N)n3)n2)cc1,8.14
C#CCn1cc(C2(c3cccc(-c4cccc(C#N)c4)c3)NCCc3cc(N(C)C)ccc32)c2cccnc21,31.4
N#Cc1ccc(CC(=O)N=c2[nH]nc(Cc3ccccc3)s2)cc1,22.44
N#CC=Cc1ccc(-c2nc(-c3ccc(-c4ccc(C#N)cc4)cc3)cc(-c3ccc(-c4nc(Cl)nc(Cl)n4)c(F)c3F)n2)nc1,19.09
C=CC(=O)Nc1cccc(N=c2nc(N(C)C)[nH]c(=Nc3ccc(CCC(=O)NCC)cc3)[nH]2)c1,28.5
N#Cc1ccc(-c2cccc(-c3ccc(C#N)c(=O)[nH]3)c2)cc1,20.71
O=C(NCCCCc1ccc(Cc2ccccc2)cc1)n1ccc2ccccc21,28.25
N#Cc1ccc(-c2nn3c(-c4cnc(C#N)nc4)cnc3cc2F)nc1,18.05
N#Cc1ccc(-c2ccc(-c3nc(-c4ccc(-c5cccnc5)cc4)nc(-c4ccc(-c5cccc(OCCCN)n5)cc4)n3)cc2)nc1,23.35
CN(C)c1cccc(-c2n[nH]cc2-c2nc(-c3ccc(C#N)cc3)nc(-c3ccc(C#N)cc3)n2)c1,22.87
COc1ccc(CCNC2=NC(=O)N(c3ccc(Cl)cc3)C2=Nc2ccc(Oc3ccc(F)cc3)cc2)cc1,36.97
N#Cc1ccc(-c2ccc(-c3nccc(C=O)n3)cc2)cc1,14.27
N#CC=Cc1cc(C(C#N)=Cc2ccc([N+](=O)[O-])c(O)c2)nc(C=CC#N)n1,22.15
N=c1nc(-c2ccnc(-c3cccs3)n2)cc[nH]1,26.52
Cc1nc(-c2ccc(-c3cc(-c4ccc(-c5nc(Cl)nc(Cl)n5)cc4)nc(-c4ccc(-c5nc(Cl)nc(Cl)n5)cc4)n3)cc2)no1,17.86
Cc1cc(C)c2nc(-c3ccc(-c4ccc(C#N)cc4)cc3)n(-c3ccc(-c4ccc(-c5nc(-c6ccc(C#N)cc6)nc(-c6c(F)cccc6F)n5)cc4)cc3)c2n1,28.2
CN1CCN(c2ccc(-c3cc4c(-c5cccc(-n6ccc7ccc(-c8cn[nH]c8)cc7c6=O)c5)c(C(N)=O)cnc4[nH]3)cc2)CC1,39.94
COc1cc(C#N)cc(-c2cnc3c(NC=O)cc(-c4ccc(OC)c(F)c4)cn23)c1,23.35
N#Cc1c(-c2ccccc2)nc(-c2cccc(NCCO)c2)nc1N1CCc2ccccc2C1,26.28
N#Cc1ccc(-c2ccc(-c3nc(-c4ccc(-c5ccc(C#N)cn5)nc4)nc(-c4ccc(-c5ccc(C#N)cn5)nc4)n3)cc2)cc1,9.93
COc1cncc(-c2nc(-c3cncc(C#N)c3)cc3nccnc23)c1,24.03
N=C(NN=Cc1ccc(-c2ccc(S(=O)(=O)N=C(N)N)cc2)o1)c1ccc(-c2ccc(S(N)(=O)=O)s2)cc1,35.18
N#Cc1cc(C=C2C(=N)C(=O)N(c3ccc(C#N)c(C(F)(F)F)c3)C2=O)ccn1,32.26
ON=Cc1ccc[n+](Cc2ccc3ccccc3n2)c1,21.34
Cc1cncc(-c2ccn(-c3nc(C=CC#N)nc(C(F)(F)F)n3)c2)n1,33.89
Fc1ccccc1C1CC(c2ccc(N=Cc3ccc(Cl)cc3)cc2)=NN1,25.2
Cc1nc(-c2ccc(-c3ccc(C#N)cc3)cc2)nc(-c2ccc(-c3ccc(C#N)cc3)cc2)n1,8.96
O=S(=O)(c1cccc(F)c1)N1CCN(c2ccccn2)CC1,21.36
Cc1cnc(Nc2ccccn2)cc1-c1csc(C(=O)n2ccc3cc(NCc4ccc(C#N)cc4)ccc32)n1,59.49
Cn1[nH]c(-c2ccc(C#N)cc2)cc1=NC(=O)Nc1ccc(Cl)cc1,20.28
N#CC=Cc1ccc(-c2cccc(Cc3nc4ccc(Cc5ccccc5)cc4c(=O)n3O)c2)cc1,39.18
N#Cc1ccc(-c2ccc(-c3nc(=NN4C(=O)C=C(c5ccc(-c6ccccc6)cc5)C4=O)[nH]c(=Nc4ccc(F)cc4)[nH]3)cc2)cc1,26.45
NC(=Nc1cccc(C(=O)Nc2ccccc2N)c1)c1cc2ccccc2cn1,23.16
Cc1ccc(-c2ccc(C=CC(=O)C=Cc3ccc(OS(=O)(=O)c4ccc(NC(=O)C(CC(N)=O)NCc5ccccc5)cc4)cc3)cn2)c([N+](=O)[O-])c1,53.66
N#Cc1ccc(-c2nc(-c3ccc(C#N)cc3)nc(-c3ccccc3C#N)n2)cc1,9.13
N#Cc1cccc(-c2ccc(Nc3ccsc3)c(C#N)c2)n1,23.29
C=CC(=O)N1CCC(Oc2cc3c(=Nc4ccc(Cl)c(Cl)c4)[nH]cnc3cc2OC)CC1,20.14
Cn1cc(-c2nc(-c3ccccc3)nc(-c3ccc(-c4ccc(C#N)cc4)cc3)n2)cn1,21.06
CCOc1ccc(-c2nn(-c3ccc(NC(=O)c4cccc(N)c4)cc3)cc2-c2cc(OC)c(OC)c(OC)c2)cn1,33.49
Cc1ccccc1NC(=O)Cn1nc(C(F)(F)F)c2c1-c1ccccc1S2(=O)=O,28.06
N#CC=Cc1nc(-c2ccc(-c3ccc(C#N)cc3)cc2)nc(-c2ccc(-c3ccc(C#N)cc3)cc2)n1,9.59
CN1CCN(c2nc(-c3cccc(C#N)n3)nc3cc(NC(=O)NC4CCCC4)ccc23)CC1,28.56
Cc1cc(-c2nc(-c3ccc(C=Nc4cc(O)c(N)cc4O)cc3)nc(-c3ccc(C=Nc4cc(O)c(N)cc4O)cc3)n2)ccc1C=Nc1cc(O)c(N)cc1O,11.73
Cc1cc(Oc2nc(C#N)ccc2-c2cncc(C#N)c2)nc(-c2cccc(C#N)n2)n1,23.92
CC12CCC(=O)CC1=CCOC2c1ccoc1,24.96
COc1nc(C)c(C)c(-c2ccc(-c3nc(-c4ccc(-c5cccc(C(=O)NC(C)C(=O)O)c5)cc4)cs3)s2)n1,36.04
CN=Cc1c(-c2cccs2)nn(C(C)C)c1O,29.27
O=C(O)c1ccc(N=Cc2cccc(C(=O)c3ccco3)c2)cc1,28.58
N#Cc1ccc(-c2ccc(-c3ccc(-c4nc(N5CCOCC5)c5ccccc5n4)cc3)cc2)cc1,15.05
CSC(N)=Nc1ccc(-n2cc(C#N)nc2-c2ccc(-c3ccc(C#N)cc3)cc2)c(C)c1,28.13
CCOc1ccc(-n2c(Cc3ccc(-c4ccccc4)c(F)c3)nn(CN3CCN(c4ncccn4)CC3)c2=S)cc1,28.02
CCC(=NNc1ccc([N+](=O)[O-])cc1)c1ccc([N+](=O)[O-])cc1,23.15
CCCN(CCO)c1nc(=Nc2ccc(C#N)cc2)nc(Nc2ccc3c(c2)C(=O)c2ccc(N)cc2C3=O)[nH]1,26.01
C=CCOc1ccnc(-c2cc[nH]c(=Nc3ccc(-c4nc(CC)no4)cc3)n2)c1,21.41
N#Cc1ccc(-c2ccc(-c3nc(-c4ccc(-c5ccc(C#N)cn5)cc4)nc(-c4ccc(-n5cncn5)cn4)n3)cc2)cc1,15.8
CCCCc1nc(-c2ccc(C#N)cc2)nc(=O)cc1O,22.8
CCCCC(=O)N1CCN(c2nc(N3CCCC3CN3CCCC3)[nH]c(=Nc3nc(C)cc(-c4ccncc4)n3)n2)CC1,44.24
O=CN1CCN(C=Nc2nc(N=CN3CCN(C=O)CC3)nc(N=CN3CCN(c4ccccn4)CC3)n2)CC1,10.84
N#Cc1ccc(-c2ccc(C#Cc3nn(C#N)cc3C#N)cc2)cc1,19.3
N#Cc1cccc(-c2nccc(C(O)=NO)n2)c1,18.98
CCOC(=O)C1C(CN(C)C)=NC(=O)NC1c1ccc(C)cc1,18.75
N#Cc1cccc(-c2nc(-c3cccc(C#N)n3)nc(N3CCOCC3)n2)n1,11.35
N#Cc1ccc(-c2nc(-c3ccncc3)nc(-c3ccc(C#N)cc3)n2)cc1,9.93
N#Cc1ccc(-c2ccc(-c3cn(-c4ccc(C#N)c(F)c4)cc3C#N)cn2)nc1,23.48
N#Cc1ccc(-c2ccc(-c3nc(-c4ccc(-c5ccc(C#N)nc5)nc4)nc(-c4ccc(-c5ccc(C#N)cn5)nc4)n3)cn2)nc1,9.83
Fc1cccc(-c2nn(-c3ccccn3)nc2-c2ccc(-c3ccc(-c4nc(Cl)nc(Cl)n4)cc3)cc2)c1,26.82
N#Cc1ccc(-c2oc(-c3ccc(-c4nc(-c5ccc(-c6ccc(C#N)cn6)nc5)nc(-c5ccc(-c6ccc(C#N)cn6)nc5)n4)cc3)cc2C#N)cc1,20.86
CCN1CCN(c2nc(C)c3cc(Nc4nc(Nc5ccc6c(c5)C(=O)c5ccc(N)cc5C6=O)nc(Nc5ccc6c(c5)C(=O)c5ccc(N)cc5C6=O)n4)cnc3n2)CC1,14.71
CSC(=O)c1cc(C#N)c(-c2ccccc2)nc1C,27.48
N#Cc1ccc(-c2ccc(-c3cc(-c4ccc(C#N)cc4)nc(-c4ccc(-c5ccc(C#N)cc5)cc4)n3)cc2)cc1,13.03
CCc1cc(-c2ccnc(-c3ccc(C#N)cc3)n2)ccc1-c1nccc(C#N)n1,19.89
COc1c(-c2nc(C)no2)ccc(Nc2ccc(C#N)cc2)c1Cl,24.42
CN(CCN1CCCC1=O)c1nc(-c2ccncc2)nc(N(Cc2ccccc2)Cc2ccccc2)n1,28.73
Cc1cc(CCCCCOc2ccc(C#N)cc2)on1,15.86
Cc1ccc(Oc2cccc(N(CCN(Cc3ccc(-c4ccc(C#N)cc4)cc3)Cc3cccc(C#N)c3)Cc3cccc(C#N)c3)c2)cc1,32.46
OC[n+]1ccccc1C=NO,15.0
O=CN1CCN(C=Nc2nc(N=CN3CCCCC3)nc(Oc3ccc4c(c3)CCC4)n2)CC1,21.8
N#CCNC(=O)C(Cc1ccc(-c2ccncc2)cc1)NC(=O)c1cc(-c2cnn(C3CCC3)c2)cc(S(=O)(=O)Nc2ccc(C#N)cc2)c1,42.79
N#Cc1ccc(-c2nc(-c3ccc(-c4nc(CCO)nc(C5CC5)n4)c(F)c3)nc(-c3ccc(C#N)c(C#N)c3)n2)cc1,27.51
ON=C(O)CCC(=NO)c1nc(-c2cc(-c3ccc(Cl)s3)nc(-c3ccc(F)cc3)n2)cs1,41.47
Nc1[nH]c(=Nc2ccc3c(c2)C(=O)CC3)nc2c1ncn2Cc1ccc(-c2ccccc2)cc1,30.51
COc1ccc(N2CCN(CCc3ccc(=N)[nH]c3)CC2)cc1,23.7
CCn1c(-c2ccc(-c3cccc(C#N)n3)cc2)nc(-c2cccc(C#N)n2)c1-c1ccc(C(F)(F)F)cc1,22.71
N#Cc1ccc(-c2ccc(-c3[nH]nc4c3Cc3ccc(C#CC5(O)CCCNC5=O)cc3-4)cc2F)cc1,28.76
N#Cc1ccc(-c2noc(CSc3nc(-c4ccc(F)cc4)c(C#N)c(=O)n3-c3ccc(F)cc3)n2)cc1,16.6
N#Cc1ccc(-c2ccc(-c3nc(-c4ccc(C#N)cc4)nc(=O)n3Cc3ccc(-c4ccccc4)cc3)cc2)cc1,17.21
CC(=O)N1CCC(c2nc(-c3cncc(C#N)c3)c3c(N4CCOCC4C)nc(-c4ccc(C5CC5)cc4)nc3n2)CC1,27.83
N#Cc1ccc(C(=O)N2CCC2c2nc(-c3cncc(C#N)c3)nnc2-c2nccc(C#N)n2)cc1,29.44
Cc1nc(-c2ccc(-c3ccc(NC(=O)C4=CN(Cc5ccc(F)cc5)CCC4=O)cc3)cc2)no1,29.43
Oc1ccc2ccccc2c1C=NCCN=c1cc[nH]c2cc(Cl)ccc12,18.87
N#Cc1c(NC(=O)Nc2ccc(Cl)cc2Cl)sc2c1CCCC2,20.47
O=C(N=c1ccc(Br)c[nH]1)c1ccc(F)c(F)c1,21.69
COc1cc2c(cc1OC)C(=O)C(=Cc1nc3cc(-c4ccc(-c5ccc(C#N)cc5)cn4)ccc3nc1-c1ccc(C#N)cc1)C2,28.35
N#Cc1ccc(-c2ccc(-c3nc(-c4c(F)c(F)c(C#N)c(F)c4F)nc(-c4c(F)c(F)c(C#N)c(F)c4F)n3)cc2)cc1,10.25
CC(=O)Nc1c(C(C)C)cccc1C(C)C,20.74
COC(=O)c1cc(-c2ccc(C#N)cc2)c(-c2ccncc2)c(N2CCN(CCn3ccnn3)CC2)n1,28.0
COc1ccc(-n2c(=O)c3c4c(sc3n(Cc3ccc(C#N)cc3)c2=O)CN(C(C)=O)CC4)cc1,21.09
CCCOc1nc(=N)c2nc(Cl)[nH]c(=NCc3ccc(-c4ccccn4)cc3)c2[nH]1,27.54
CC(=O)c1cccc(CC(C)=C(C=O)C(=O)c2nc(C)c(C(=O)C=CC=Cc3ccccc3)c(=O)o2)c1,44.89
COc1ccc(-c2ccc(Cn3c(=O)c(C)nc4cnc(N5CCN(C)CC5)nc43)cc2)cc1,27.06
N#Cc1cccc(C#N)c1,10.21
Cn1nc(-c2nc(-c3ccc(C#N)cc3)nc(-c3cncc(C#N)c3)n2)nc1Cc1c(Cl)cccc1Cl,20.36
O=C(CSc1nc(-c2ccccc2)nc2ccc(F)cc12)c1cc2ccccc2oc1=O,26.97
Nc1ccccc1C#CC=CC#Cc1ccc(CN2CCOCC2)cc1,19.39
N#Cc1cncc(-c2cnc3c(-c4ccc(C#N)o4)cc(C#N)n3c2)c1,22.87
C=CCCn1c(=Nc2ccc(S(=O)(=O)Nc3ccc(C#N)cc3)cc2)nc(C)cc(N)c1=O,32.29
CC1(C)CCC(C)(C)c2cc(C3Cc4c(ccc(-c5nc(-c6ccc(F)cc6)c(O)o5)c4O)O3)ccc21,35.49
Cn1c(=O)c(-c2c(Cl)cccc2Cl)cc2c[nH]c(=Nc3ccccc3)nc21,19.46
COc1ccc(C=CC(=O)N2CCN(c3nc(-c4ccco4)nc4c(C#N)c(NCc5ccccc5)nn34)CC2)cc1OC,32.93
COCC(C)Oc1cccc(-c2nc(-c3ccc(C#N)cc3)nc(-c3ccc(C#N)cc3)n2)c1,22.49
Cn1c(Nc2ccc(-c3cc(-c4ccc(C#N)cc4)nc(CC(N)=O)n3)cc2)c(C(=O)NOCCO)c2ccccc21,27.42
CC(C)N=CN1CCN(C=Nc2ccc(N=CN(C)C)cc2)CC1,22.8
O=C1c2ccc(Nc3ccc(F)cc3F)cc2CCc2cc(-c3cnccn3)ccc21,20.09
Nc1ccc2[nH]c(=O)c(-c3ccc(Nc4cc(Nc5ccc(N=C=S)cc5)[n+](Cc5ccccc5)c5ccc(S(=O)(=O)[O-])cc45)cc3)nc2c1,37.26
CNC(=O)Cn1ccc2c(-c3cncc(C#N)c3)nc(C#N)nc21,22.25
N#CC1=C(N)N2C1=Cc1cccc3cccc2c13,29.86
CON=Cc1ccc(-c2noc(-c3ccc(-c4ccc5nc(-c6ccc(C(=N)N)cc6)n(CC(F)(F)F)c5c4)cc3)n2)cc1,33.32
Brc1cccc(Nc2ccc3c(C=Cc4ccccn4)nccc3c2)c1,19.49
Nc1cccc(Nc2ccc3c(c2)C(=O)c2ccc(N)cc2C3=O)c1,9.96
COc1c(C#N)ccc(-c2nc(-c3ccc(C#N)cc3)nc(-c3ccc(-c4ccc(C#N)cc4)cc3)n2)c1F,12.15
COc1cc(N=Cc2cccc(OC)c2OC)ccc1-c1nc2cc(F)ccc2[nH]1,23.16
N#Cc1ccc(-c2ccc(-c3cc(-c4ccc(C=NNC(=O)c5nnn(-c6no[nH]c6=N)c5-c5ccc(-c6ccc(C#N)cc6)cc5)cc4)nc(-c4ccc(C#N)cc4)n3)cc2)cc1,23.9
CCOc1nc(=Nc2ccc(C#N)cc2)[nH]c(=Nc2cc(Cl)c(Cl)cc2Cl)[nH]1,22.41
N#Cc1ccc(-c2ccc(-c3nc(-c4ccc(-c5ccc(C#N)cn5)nc4)nc(-c4ccccn4)n3)cc2)cc1,9.32
N#Cc1c[nH]c(=NC2CCCC2)c(-c2ccnc(C#N)n2)n1,27.06
N#Cc1cc(C(=O)N=C(N)N2CCN(CCCCCNC(=O)C=Cc3ccc(Cl)c(Cl)c3)CC2)ccc1O,26.47
N#Cc1ccc(-c2csc(=NC(=NC3CCCCC3)NCc3ccncc3)[nH]2)cc1,23.01
NC1=Cc2c(c2=O)C(=O)c2cc(-n3nnc(-c4cccc5ccccc45)n3)ccc2C=C1,26.78
CC(N=c1[nH]c(C#N)ncc1C#Cc1cc(F)cc(F)c1)c1cncc(C#N)n1,23.71
N#Cc1ccc(-c2ccc(-c3nc(C(F)(F)F)nn3-c3ccc(F)cc3)cn2)cc1,15.71
N#Cc1ccc(-c2ccc(-c3nc(-c4ccc(-c5ccc(C#N)cn5)nc4)[nH]c(=N)n3)cc2)nc1,13.7
O=C(C=CC1OC(n2cc(C=Cc3ccc(C(F)(F)F)cc3)c(=O)[nH]c2=O)CC1O)NCc1ccc(-c2ccccc2)cc1,35.28
Cn1nnnc1Sc1nc(-c2ccc(-c3ccc(C#N)cc3)cc2)nc2ccc(C#N)cc12,22.93
Cc1ncc(C2CN(c3ccc4ccccc4n3)C2)c(-c2ccc(C(=O)NC3CC3)c(F)c2)n1,23.95
COc1cc(CCN=C2C(=O)c3ncccc3C(=O)C2Cl)cc(OC)c1OC,25.38
N#Cc1ccc(-c2ccc(-c3nc(-c4ccc(-c5ccc(C#N)cc5)nc4)nc(-c4ccc(-c5ccc(C#N)cn5)nc4)n3)cc2)cc1,9.65
N#Cc1cc(C#N)cc(N=c2nc(N3CCN(C(=O)C4Cc5ccccc5CN4)CC3)nc[nH]2)c1,34.71
COc1ccc(N=C=S)cc1C=Cc1cc(C=Cc2ccc(-c3ccc(C=Cc4cccc(C(N)=O)c4)nc3)cc2)nc(-c2ccc(C=Nc3ccc(N)c(O)c3)cc2)n1,38.58
CCCc1ccc(-c2cc3nc(-c4ccc(-c5ccc(C(=O)O)nc5)nc4)nc(N4CCC(C#N)CC4)c3[nH]2)cc1,44.8
Oc1c(N=NC(=S)Nc2ccccc2)c2cc(F)ccc2n1CN1CCOCC1,18.96
N#Cc1ccc2[nH]cc(CC(=O)C(=O)c3ccccc3C#N)c2c1,32.31
Cc1cc(C)cc(-c2nc(-c3ccc(C4=NCCN4)cc3)nc(-c3cc4ccccc4[nH]3)n2)c1,26.03
Cc1cc(C)c2nc(-c3ccc(C#N)cc3)sc2n1,21.2
Cc1noc(-c2ccc(-c3nc(-c4ccc(-c5ccc(C#N)cc5)cc4)nc(-c4ccc(-c5ccc(C#N)cc5)cc4)n3)cc2C)n1,17.9
N#CC(=Cc1ccnc(C=CC(O)=NO)c1)C(=O)NCCCOc1c(F)c(F)c(F)c(F)c1F,28.89
N#Cc1cccc(-c2nc(-c3cccc(C#N)n3)nc(-c3nc(C#N)ccc3F)n2)n1,10.89
N#Cc1ccc(-c2nc(-c3ccc(-c4ccc(NC(=O)Nc5cc(F)cc(C(F)(F)F)c5)cc4)cc3)nc(-c3cccnc3)n2)cc1,31.07
ON=Cc1cc[n+](-c2nc(-c3ccccc3)cc(-[n+]3ccc(-c4ccncc4)cc3)n2)cc1,10.9
CNC(=O)c1cnc(=Nc2ncccc2F)[nH]c1-c1ccncn1,32.22
Cc1ccc(C(=O)Nc2cccc3c2OC(CN(C)Cc2ccc(Cl)c(Cl)c2)C(C)CN(C(C)CO)C3=O)[nH]1,26.57
N#Cc1ccc(CSc2nc(Cc3ccccc3)nc(-c3ccc(C#N)cc3)n2)cc1,16.82
Nc1cccc(C#Cc2ccc3c(-c4cccc(NC(=O)CCCC(O)=NO)c4)nc(C=Cc4ccc(-c5ccc(C=Nc6cc(O)c(N)cc6O)cc5)o4)nc3c2)c1,55.57
Cn1c(=O)cc(-c2ccc(-c3cncc(C#N)c3)cc2)c2cc3c(cc21)C(C)(C)C(=O)N3,27.53
CCCNc1ccc(F)c(-c2nc(-c3ccc(-c4ccc(C#N)cn4)cc3)nc(-c3ccc(-c4ccc(C#N)cn4)nc3)n2)c1,23.25
N#Cc1ccc(-c2nc(-c3cncc(C#N)c3)nc(-c3ccc(F)c(C#N)c3)n2)cc1,9.59
O=c1c(=Cc2ccc(Cl)cc2)sc2nc(-c3ccco3)nn12,21.1
CCC(=C(c1ccc(C#N)cc1)c1ccc(C=CS(=O)(=O)CS(=O)(=O)C=Cc2cccc(C=NN=C(N)N)n2)cc1)c1cccc(C#N)c1,35.01
N#CCCN(CCC#N)C(=O)c1ccc(-c2csc3c(C(=O)Nc4ccc(-c5ccc(C#N)cc5)cc4)cccc23)o1,41.43
CCCn1c(=O)cc(Nc2c(C)cccc2C)[nH]c1=O,19.99
N#Cc1ccc(-c2cc(-c3cc(-c4ccc(-c5c[nH]c(=N)cn5)cc4)nc(-c4ccc(C#N)cc4)n3)ccn2)cc1,26.16
Cc1cnc2cc(Cl)c(Cl)cc2n1,18.97
Cc1nc(Oc2ccc(F)cc2)c(C#N)cc1Cl,19.84
N#Cc1ccc(-c2nc(-c3ccc(C#N)cc3)nc(-c3ccc(OCc4cccc(F)c4)cc3)n2)cc1,16.87
N#Cc1ccc(-c2nc(-c3cncc(C#N)c3)nc(-c3cncc(C#N)n3)n2)cc1,13.94
Cn1cc(C(=O)C=Cc2ccc(C#N)cc2)nc1C(=O)NN=Cc1cc2ccc(Cl)cc2oc1=O,31.46
CC#CCn1c(N)c(C(=O)NOC)c(=O)c2c[nH]c(=Nc3c(F)ccc(C(N)=O)c3C)nc21,44.63
COc1cccc(-c2ccnc(OCC(O)CN3CCc4ccccc4C3)c2)c1,26.94
N=C(CCC(=O)Nc1ccccc1)N=Cc1ccc(-c2nc(-c3ccc(C=Nc4cc(O)c(N)cc4O)cc3)nc(-c3ccc(C=Nc4cc(O)c(N)cc4O)cc3)n2)cc1,22.47
N#CCSc1nc2ccccc2c(=O)n1CCO,21.81
CCCC(C#N)N1CC(n2nc(C)nc2-c2ccnc(NC(=O)c3ccnc(N4CCc5cc(F)cc(C)c5C4)c3)n2)CC(C)=N1,57.38
N#Cc1ccc(-c2ncc(C#N)cc2-c2ccc(F)cn2)cc1,14.96
N#Cc1ccc(-c2nc(-c3cccc(C#N)c3)nc(-c3ccccn3)n2)cc1,11.77
N#Cc1ccc(-c2ccc(-c3nc(-c4ccc(C#N)cc4)nn3-c3c(Cl)nc4c(=Cc5ccc(-c6ccc(S(N)(=O)=O)cc6)cc5)c(=O)cnn4c3=O)cc2)cc1,44.77
N#CC(C#N)=Nn1nc(COc2ccc(-c3ccc(C#N)cc3)cc2)nc1-c1ccc(-n2ccc(-c3ccc(C#N)cc3)cc2=O)cc1F,36.99
COc1cc2ncn(-c3ccccc3)c(=O)c2cc1OC,20.77
N#Cc1cncc(-c2cnc(-c3cnc(C4CC4)nc3)nc2C2CCOCC2)n1,24.31
Cc1cc(C(F)(F)F)nn1-c1ccc(-c2nc3ccc(F)cc3s2)cc1,20.07
N#Cc1cncc(-c2nc(-c3ccncc3)nc(-c3ccc(F)c(C#N)c3)n2)c1,14.61
NC(=O)c1cncc(OCc2cc(C(F)(F)F)ccc2Cl)c1,24.68
CCN(CC#N)c1ncc2nc(Nc3ccc4c(c3)C(=O)c3c(cc(N)c5ccccc35)C4=O)n(Cc3ccc(F)c(F)c3)c2n1,40.5
CCCCN(CCCC)c1nc(-c2ccc(C#N)cc2)nc(-c2ccc(-c3ccc(F)c(C#N)c3)cc2)n1,17.33
Cc1cc(F)cc2occ(-c3nn[nH]n3)c(=O)c12,25.12
Cn1c(=NC(=O)c2ccc(C#N)cc2)[nH]c2cc(NC(=O)c3cccc(C#N)c3)ccc21,22.61
N#Cc1ccc(-c2ccc(CC(C#N)NC(=O)C3NC4CCC3C4)cc2)cc1F,19.44
Cn1cncc1C(C#N)(Oc1nc(Cl)cc(-c2cncc(C#N)c2)n1)c1ccc(Cl)cc1,37.36
N#Cc1cncc(-c2nn(-c3cncc(C#N)c3)cc2C#N)c1,20.53
CSc1nc(-c2ccc(C#N)cc2)nc(=Nc2ccc(-c3ccc(-c4noc(-c5ccc(C#N)cc5)n4)cc3)cc2F)[nH]1,31.33
COc1ccc(C=C2Cc3c(OC4OC(CO)C(O)C(O)C4O)cccc3C(=O)O2)cc1,27.46
N#Cc1c[nH]c2ccc(-c3cc(F)c(O)c(Cl)c3)cc2c1=Nc1ccc(-n2ccnc2)cc1,25.14
CCc1nnc(-c2ccc(-c3ccc(C#N)cc3)cc2)n1-c1ccc(CCN=[N+]=[N-])cc1F,31.02
N#Cc1cc(Oc2ccc(C#N)c(C#N)c2)c(F)cc1F,19.23
Cc1nc(-c2ccncc2)cc(-c2cccc(C#N)c2)c1C(=O)N=c1cc[nH]c(-c2ccccc2C(F)(F)F)n1,29.78
O=C(O)c1cc2ccccc2c(C(=O)c2ccc(F)cc2)n1,20.51
NCC1c2ccccc2Cc2c1cc(Br)c(O)c2Br,20.98
CCC(C#N)Sc1nc(-c2ccc(-c3ccccc3)cc2)nc(-c2ccc3c(c2)CNC3=O)n1,32.41
Cn1c(=O)c2c(nc3n(-c4ccc(C#N)cc4)ccn23)n(C)c1=O,21.73
CN1CCC(N2CCN(c3nccc(-n4nc(-c5ccc(-c6ccc(C#N)cc6)cc5)nc4-c4ccccc4)n3)CC2)CC1,30.79
CN(C)c1ncc(-c2ncc(C(=O)NCc3ccc(-c4ccc(C#N)cc4)cc3)s2)cn1,24.82
O=C(Nc1cccc(C(F)(F)F)c1)c1c(F)c(F)c(F)c(F)c1F,16.64
N#Cc1ccc(-c2ccc(-c3nc(-c4ccc(C#N)cc4)n[nH]3)cc2)cc1,9.57
CN1C(=O)CN(c2ccccc2)C(C#Cc2ccc3c(c2)C(=O)N(c2cncc(OCCN4CCCC4)c2)CC3)C1=O,51.26
N#Cc1ccc(-c2ccc(-c3nc(-c4ccc(-c5cccc(C(F)(F)F)c5)cc4)nc(-c4ccc(-c5ccc(C(F)(F)F)cn5)o4)n3)cc2)nc1,20.93
N#Cc1ccc(-c2nc(-c3ccc(C#N)cc3)nc(-c3ccc(C(F)(F)F)cc3)n2)cc1,10.22
CCc1cccc(-c2ccc(-c3ncc(-c4cccc(-c5nc(N=CN(C)C)nc(-c6cc(-c7ccc(-c8ccc(C#N)cc8)cc7)nc(-c7ccc(C#N)cc7)n6)n5)c4)o3)cc2)n1,34.55
Nc1cc(O)c(N=Cc2ccccc2Cl)cc1O,10.52
CCNc1ccc(-n2nc(C(=O)NC(C)c3ccccn3)c(C#N)c2-c2ccncc2)cc1,33.23
CS(=O)(=O)c1ccc(-n2cc(-c3ccc(Cl)cc3Cl)nc2-c2ccc(Cl)c(Cl)c2Cl)cc1,23.53
N#Cc1c(F)c(F)c(-c2nc(-c3ccc(Cl)cc3Cl)nc(-c3c(F)c(F)c(C#N)c(F)c3F)n2)c(F)c1F,9.44
CC(C)n1c(=O)[nH]c2ccc(N=Cc3ccccc3)cc21,28.52
c1ccc(-c2cc(-[n+]3ccc(-c4ccncc4)cc3)nc(-[n+]3ccccn3)n2)cc1,10.89
Cc1nc2nc(C#N)c(N)n2c(C)c1Cc1ccccc1C#N,27.06
CCc1nc(-c2ccc(-c3nc(Oc4ccc5nc(C=Cc6ccccc6)ccc5c4)nc(-c4ccc(C#N)cc4)n3)cc2)no1,27.84
Cc1cc(C(F)(F)F)nc(-c2ccc(-c3ccncc3)cc2)n1,22.79
CON=C(N)c1ccc(-c2cc(-c3ccc(C#N)cc3)cc(-c3ccc(C(=N)NC4CCCC4)s3)c2)cc1,29.19
O=CN1CCN(C=Nc2cccc(N=CN3CCN(C=O)CC3)n2)CC1,11.27
N#Cc1ccc(-c2nc(-c3ccccc3)nc(-c3cncc(C#N)c3)n2)cc1,14.5
CC(=O)OCOC(=O)c1ccc(NS(=O)(=O)c2ccc3c(c2)c(N=Nc2ccccc2C(=O)Nc2cccc4ccccc24)c(O)n3C)cc1,42.89
Nc1c(C(=O)N=c2cccc[nH]2)nc(-c2ccccn2)nc1-c1cc(-c2ccc(Cl)cc2)nc(-c2ccc(Cl)c(Cl)c2)n1,34.8
Cc1ccc(Nc2cc(N=Cc3ccc(-c4nc(-c5ccc(C=Nc6cc(O)c(N)cc6O)cc5)nc(-c5ccc(C=Nc6cc(O)c(N)cc6O)cc5)n4)cc3)c(O)cc2N)cc1,12.54
N#Cc1nc(N)c(C#N)c(C#N)c1-c1ccc(Cl)cc1,14.77
Cc1ccc(C)c(OCc2nc(C)nc(SCc3ccc(C#N)cc3)n2)c1,30.45
Cn1c(=O)c(C(=O)Nc2ccccc2C#N)c(O)c2ccccc21,21.56
Cc1c(-c2ccc(C#N)cc2)c(=O)n(Cc2ccc(C#N)cc2)c(=O)n1CC=CCN1CCN(c2ncccc2C#N)CC1,30.4
O=C(NC1CCCNC1)c1cc(Cl)cc2[nH]c(Cc3ccc(-c4ccc(F)nc4)cc3)nc12,32.18
CC(C)N(c1ccc(C#N)cc1)c1nc(-c2cncc(C#N)c2)nn1CCCC(N)=O,35.08
N#Cc1ccc(-c2ccc(-c3nnc(C(N)=O)c(-c4ccc(C#N)cc4)n3)cc2)cc1,18.04
Cn1ncnc1C(NC(=O)c1ccc(-c2ccc(F)c(C(F)(F)F)c2)nc1)C1CC1,26.64
N#Cc1ccc(-c2ccc(C=Cc3nc(-c4ccc(C#N)cc4)nc(-c4ccc(-c5cccc(C#N)n5)cc4)n3)cn2)cc1,22.46
COc1cc(-c2coc3cc(-n4ccnc4)c(C#N)nc3c2=O)ccc1-n1cnc(C)c1,31.56
N#Cc1nc[nH]c1C#N,11.25
CCCCCCCCCCCC(=O)Nc1ccc(C(=O)NS(=O)(=O)CCCC)cc1OC,35.88
O=CN1CCN(C=Nc2cc(N=Cc3ccco3)nc(=Nc3ccc(O)cc3)[nH]2)CC1,27.81
CN(c1cc(C(=N)C#N)nc(C(F)(F)F)n1)c1nc(-c2ccc(-c3ccc(C#N)cc3)cc2)nc(C(F)(F)F)n1,24.33
O=C1CSC2(C(=O)c3ccccc3C2=O)N1c1ccnc(Cl)c1,32.34
CC(CO)(Cc1ccc(O)cc1)NC(=O)c1ccc(-c2cccc(C3CCNCC3)c2)cc1,38.18
N#Cc1ccc(NCC2=CN(C3CC(O)C(CNS(=O)(=O)c4cc(Cl)ccc4Cl)C3)OC3N=C(O)NC4=CC=C5C=CC=C4C=CC=CC(=NC53)NCC#C2)cc1,60.04
N#Cc1cccc(-c2nc(-c3cccc(C#N)n3)nc(-c3cccs3)n2)n1,12.41
Cc1ccc(-c2noc(C=Nc3nc(=O)cc(O)[nH]3)n2)cc1,17.61
COc1ccccc1C=Nc1ccc2c(c1)C(=O)c1ccc(N)cc1C2=O,15.99
Cc1nc(-c2c(F)cc(Cl)cc2-c2cnc(C3=NN(C)CC(c4ccc(C#N)cc4)C3)cn2)co1,30.44
N#Cc1ccc(-c2ccc(-c3cc(C#N)n4ccnc4c3C#N)cc2)cc1,17.9
N#Cc1ccc(-c2c[nH]c(=N)c(N3CCC(C#N)CC3)n2)cc1,26.34
CN(C=O)C(CN1CC2CC2(c2cc(C#N)c(F)cc2F)C1)c1nc(=O)c2cnn(C)c2[nH]1,48.08
CC(C)n1ncnc1-c1cn2c(n1)-c1nc(C#CC3(O)CCN(C)C3=O)ccc1NC(=O)C2,25.64
O=C(Nc1ccc(F)c(F)c1)c1cc(Cl)ccc1O,17.55
Cc1ccc(NC(=O)c2cc(-c3ccc(C#N)cc3)nn2Cc2ccccc2)cc1,22.58
N#Cc1ccc(-c2ccc(-c3nnn(-c4cncc(C#N)c4)n3)cc2)cc1,16.95
COc1cc(N=c2nc3c(c[nH]2)NC(=O)CN3C2CCC(CNC#N)CC2)cc(OC)c1OC,26.97
N#CC=Cc1cc(C(=O)c2ccccc2)ccn1,17.4
N#Cc1ccc(-c2ccc(-c3nc(-c4ccc(-c5ccc(C#N)cc5)cc4)nc(-c4ccc(C#N)c(S(=O)(=O)Nc5cccc(C#N)c5)c4)n3)cc2)cc1,21.81
COc1nc(C)c(N=c2[nH]c(=O)n(CC(C)(C)C(=O)O)c(=O)n2Cc2ccc(Cl)cc2)cc1C,20.09
CCCC(=O)N(C)Cc1snnc1-c1ccc2c(c1)OCO2,33.18
N#Cc1ccc(-c2nc(-c3ccc(C#N)cc3)nc(-c3ccc(F)cc3F)n2)cc1,11.37
N#Cc1ccc(-c2nc(-c3ccc(C#N)cc3)nc(-c3ccc(OC(F)(F)F)cc3)n2)cc1,10.23
N#Cc1ccc(-c2ccc(-c3nncc(N4CCOC(c5ccc(F)cc5F)C4)n3)cc2)cc1,21.64
COc1ccc2cc(-c3cc(-c4ccccn4)cnc3-c3ccc(C)cc3)ccc2c1,28.08
COc1ccc(-c2nc(C=Cc3ccc(-c4ccc(C=O)s4)cc3)ccc2C=Cc2ccc(-n3cnc(C)c3)c(OC)c2)cc1,30.52
COc1ncc(-c2ccc3c(c2)C(C)N(C)C3=O)cc1S(=O)(=O)Nc1cccc(C#N)c1,31.2
CC(C)(C)[S+]([O-])N1CCC(c2nc(-c3cc(Cl)ccc3OC(F)F)c(NC(=O)c3csc(-c4ccncc4)n3)[nH]2)CC1,25.64
Cc1cc(OCCCCCOc2cccc(-c3nn[nH]n3)c2)c(-c2cccnc2)c(C)n1,38.12
Cn1cc(-c2cnc3cc(N4CCc5nc(-c6cccc(C#N)n6)nc(N6CCC(C(=O)O)CC6)c5C4)c(C#N)cc3n2)cn1,36.4
N#CCn1nc(-c2ccc(-c3ccc(F)c(C#N)c3)nc2)cc(C(=O)O)c1=O,26.13
CCC1CC(=O)NN=C1c1ccc2nc(-c3ccnc(-c4ccc(C#N)cc4)n3)oc2c1,18.62
Clc1nc(Cl)nc(-c2ccccn2)n1,12.52
N#Cc1ccc(-c2ccc(-c3nc(-c4ccc(-c5ccc(C#N)cn5)nc4)nc(-c4nc5ccccc5[nH]4)n3)cc2)cc1,16.16
COc1ccc(C(=O)Nc2ccc3c(c2)C(=O)c2ccc(N)cc2C3=O)cc1-c1ccc(Cl)c(Cl)c1,19.05
N#Cc1ccc(S(=O)(=O)Nc2ccc(F)c(C(=O)c3c[nH]c4ncc(F)cc34)c2F)nc1,25.57
CC(C)c1cc2cc(C(=CC(=O)N=c3[nH]ccs3)c3ccccn3)ccc2c(-c2ccc(C#N)cc2)n1,33.96
N#Cc1ccc(-c2ccc(-c3nc(-c4cccnc4)nc(-c4ccc(Cl)c(OC(F)F)c4)n3)cc2)cc1F,28.42
CN(C)C=NC=Nc1nc(N)cc(N=CN2CCN(C=O)CC2)n1,13.54
COc1ccc2c(C#N)c3ccccc3c(-c3nc(-c4c5ccccc5c(C#N)c5ccccc45)nc(-c4c5ccccc5c(C#N)c5ccccc45)n3)c2c1,12.0
CC(C)(C)c1nc(-c2ccc(-c3ccc(C#N)cc3)cc2)nc(-c2ccc(-c3ccc(C#N)cc3)cc2)n1,14.78
Cc1c[nH]c(=NS(=O)(=O)c2ccccc2-c2ccc(Cc3ccc(C#N)cc3)cc2)cn1,29.06
C=CCOc1ccc(C=CC(=O)Nc2cc(C#N)ccc2Cl)cc1,23.31
N#Cc1ccc(-c2nc(-c3ccc(-c4cccc(C#N)c4)cc3)nc(-c3nc(Cl)nc(Cl)n3)n2)nc1,20.18
CCc1nc(-c2ccc(-n3cc(-c4ccc5nc(CC)n(C)c5c4)nc3C)cc2)no1,38.43
Cc1ccc(N=c2nc(C(C#N)=Cc3ccc(-c4cccc(C(N)=O)c4)o3)[nH]c(O)c2C#N)cc1C(F)(F)F,30.33
CC(=O)N1CCN(C=Nc2nc(N=CN3CCN(C=O)CC3)nc(N=CN3CCN(C=O)CC3)n2)CC1,11.3
N#Cc1ccc(Oc2ccc(-c3cnc(=O)n(-c4cncc(C#N)c4)c3)cc2F)nc1,22.19
Cc1ccc(-c2nc(-c3ccc(C#N)cc3)nc(-c3ccc(C#N)cc3)n2)o1,13.85
CCNC(=O)C1OC(n2cnc3c(=O)nc(C(=O)NCc4ccc(-c5ccccc5)cc4)[nH]c32)C(O)C1O,23.8
CCCCCCCCN(CC#CCN1CC(C(C)C)N(CCCC)C1=N)CCO,34.78
C#CC(CC)(CC)Oc1ncc(C#N)c(-c2ccc(-c3ccc(-c4cccc(C#N)n4)nc3)nc2)n1,32.6
CC(=O)c1ccc(-c2nc(-c3ccc(C#N)cc3)nc(-c3ccc(C#N)cc3)n2)cc1,13.56
N#Cc1ccc(-c2ccc(-c3nc(-c4ccc(-c5ccc(C#N)cn5)cc4)n(-c4ccc(Cl)cc4)n3)cc2)cc1,14.16
Cc1nc2c(nc1-c1ccc(-c3ccc(-c4nc(-c5ccc(C#N)cc5)nc(-c5ccc(C#N)cc5)n4)cc3)cc1)C=CC1=CC1=CC=C(C#N)C=C2,34.87
COc1ccc(C=Cc2nc(-c3ccc(C)cc3)nc3cc(S(=O)(=O)NN=Cc4ccc(N(C)C)cc4)ccc23)cc1,37.52
COc1ccc(-c2ccc(C=Nn3cnnc3)o2)cc1,20.01
Cn1nc(C(F)(F)F)cc1-c1nc2ccc(C#N)cc2o1,25.75
Cn1c(=O)c2c(nc(CC#N)n2-c2ccc(F)cc2)n(C)c1=O,25.75
CC1(C)c2ccc(-c3ccc(C(=O)O)cc3)cc2C(=O)c2c1[nH]c1cc(S(=O)(=O)NCCO)ccc21,30.32
Cc1nc(-c2ccc3ncsc3c2)cc(=NCC(N)c2cccc(F)c2)[nH]1,20.98
CN(C)CCNC(=O)c1ccc(-c2ccc(-c3nc(-c4ccc(-c5ccc(C#N)cn5)nc4)nc(-c4ccc(-c5ccc(C#N)cc5)c(C#N)c4)n3)cn2)cn1,26.06
N#Cc1ccc(-c2ccc(-c3[nH]c(=Nc4cccc(C#N)c4)nc(C(F)(F)F)c3C#N)cc2)cc1,20.13
COc1cc(OC)cc(-c2nn(C)c(=O)c3ccccc23)c1,21.69
O=[N+]([O-])c1ccccc1C=Cc1ccc(F)cc1F,19.51
CC(=O)Nc1ccc(-c2nc(C#N)c(N)c(N=Cc3ccc(-c4cccc(C(=O)O)c4)o3)n2)cc1,38.89
O=C(c1ccc(-c2noc(C(F)(F)F)n2)cc1Cl)N1CCCCC1c1cccnc1,34.54
[O-][n+]1nc2c(-c3ccccc3)cnn2c2ccc(Cl)cc21,23.68
Cc1noc(-c2ccc(-c3ccc(-c4ccc(C#N)cc4)nc3)nc2)n1,19.21
CCS(=O)(=O)c1nc(-c2ccc(-c3ccc(C#N)cc3)cc2)nc(-c2ccc(-c3ccc(C#N)cc3)c(C#N)c2)n1,25.76
CC(=O)Nc1ccc2c(c1)C(=O)c1ccc(Nc3nc(Nc4ccc5c(c4)C(=O)c4ccc(N)cc4C5=O)nc(Nc4ccc5c(c4)C(=O)c4ccc(N)cc4C5=O)n3)cc1C2=O,12.65
N#Cc1cccc(-c2ccc(Nc3ccc(Sc4ccc(Cl)cc4)nc3)cc2C#N)c1,24.6
Cc1nc(-c2ccc(C#N)cn2)ncc1C(=O)N(C)Cc1cccc(C#N)c1,26.73
O=C1OC(c2ccc(Br)cc2)=NC1=Cc1ccc(-n2cccn2)cc1,22.92
Cn1cc(-c2ccc(N=c3nc4c(ccn4C4CCCC4)c[nH]3)cn2)cn1,24.1
CCn1c(CN(C)c2cccnc2)nc2ccc(NCc3coc4cc(Cl)ccc4c3=O)cc21,41.75
O=CN1CCN(C=Nc2nc(N=CN3CCN(C=O)CC3)nc(N=CN3CCN(c4ccc(Cl)c(Cl)c4)CC3)n2)CC1,13.25
N#Cc1ccc(-c2ccc(C#N)cn2)cc1,12.04
COC(=O)C=Cc1ccc(NC(=O)c2cc3nc(C#N)ccc3cc2OC)cc1OC,46.01
N#Cc1c(-c2ccc(F)cc2)[nH]c(SCc2c(F)cccc2Cl)nc1=O,21.61
N#Cc1ccc(-c2nc(-c3ccc(C#N)cc3)nc(-c3ccccc3F)n2)cc1,10.0
COC(=O)c1cccc(-c2ccc(NC(=O)c3cc(C4CCCCC4)nc(-c4ccc(C#N)cc4)n3)cc2)c1,26.37
CCC(=O)Nc1ccc2c(C#N)ccc(N=Nc3ccc(-c4c[nH]c(=S)n4Cc4cc(C#N)cc(CN=C=S)c4)cc3)c2c1,56.3
O=CN1CCN(C=Nc2ccccc2F)CC1,13.41
CCc1nn(Cc2ccc(-c3ccc(C#N)cc3)cc2)c(CC)c1CC(=O)O,21.64
COc1cccc(-c2c(O)c(=O)[nH]c3nc(-c4ccncc4)nc(-c4ccccc4O)c23)c1,27.41
CCCc1c2c(cc3c1C(C)(C)CC3)CCCC2,25.53
CC(C)Oc1ccc(-c2ccc(-n3ncc4ccc(-c5ccc(C#N)nc5)nc43)cc2)cc1C#N,26.71
N#Cc1cc(C(=O)N=c2cc(C(F)(F)F)cc[nH]2)cc(-c2nc(N3CCOCC3)nc(N3CCOCC3)n2)c1,21.65
N#CC=Cc1cc(CC2CC2)nc(C=CC#N)n1,15.95
N#Cc1ccc(-c2ccc(-c3cnnc(-c4cncc(C#N)c4)n3)cn2)nc1,16.47
N#Cc1nc(CC2CC2)nc(-c2ccc(C(=O)N=c3cc(C(F)(F)F)cc[nH]3)c(F)c2)n1,15.63
OC1CC(O)OC(COCCC#Cc2ccccc2)C1,29.55
Clc1nc(Cl)nc(-c2ccco2)n1,9.21
Cc1cc(Nc2ccc([S+](C)[O-])c(CO)n2)nc(=Nc2ccc(C#N)cc2)[nH]1,26.78
N#Cc1c(F)c(F)c(C#N)c(Cl)c1F,12.16
CCc1cc(-c2ccc(Cl)c(Cl)c2)nc(-c2ccnc(CNC(CC)CO)c2Cl)n1,26.9
COCc1cc(C)nc(SCc2cc(F)c(F)c(F)c2F)n1,21.84
COc1ccc(C(=O)C=Cc2ccc(Oc3ccc(N=Cc4cccc(F)c4)cc3)cc2)c2ncccc12,26.6
CC(=O)NC(C)Cc1ccc(C#Cc2ccc(OCc3ccc(C#N)cc3)nc2)nc1,24.12
CN(C)c1ccc2c(c1)C(=O)c1ccc(N)cc1C2=O,12.47
N#Cc1ccc(-c2nc(-c3ccc(C#N)cc3)nc(-c3cccc(F)c3F)n2)cc1,8.71
CC(=O)N1CCN(C(=O)c2ccc(-c3cc(C#Cc4ccc(C)nc4)nc(C#N)n3)cc2)CC1,19.98
N#Cc1ccc(-c2nc(C=NO)nc(-c3ccc(C#N)cc3)n2)cc1,12.71
N#Cc1cnc2c(cnn2-c2nc(-c3ccc(C#N)nc3)nc3cc(C(O)(C#N)c4ccc(Cl)cn4)nc(C#N)c23)c1,40.28
O=[N+]([O-])c1cccc(-c2nc(-c3ccc(Cl)cc3)nc(=S)[nH]2)c1,23.66
CCCN(CCC)c1c(C#N)nc(-c2ccc(-c3ccc(C#N)cc3)cc2)nc1-c1ccc(-c2ccc(C#N)cc2)cc1,13.59
CC1CN2CCCC(N=Cc3c(-c4ccc(Cl)cc4)nc(-c4ccc(Cl)cc4)nc3-c3ccc(Cl)cc3)=C2N1,33.46
Cc1ccc(N=Cc2c[nH]c(=O)nc2O)cc1,21.64
N#Cc1cncc(-c2nc(C#N)nc(-c3cccc(C#N)n3)n2)c1,10.08
CS(=O)(=O)Nc1ccc(-c2cnc3cnc(-c4cccc(C(=O)N5CCOCC5)c4)cn23)cc1,29.07
CC1(c2ccccc2)Cc2c(-c3coc(C#N)c3)ccc(OCC#N)c2N(CCC#N)C1=O,44.33
C=CCSc1ncnc2c1ncn2Cc1cc(-c2ccc(C#N)cc2)nc(-c2ccccc2)n1,26.19
Cc1cc(C)cc(N=Cc2ccc(-c3nc(-c4ccc(C=Nc5cc(O)c(N)cc5O)cc4)nc(-c4ccc(C=Nc5cc(O)c(N)cc5O)cc4)n3)cc2)c1,12.81
Cc1nc(C(=O)c2cnc(C(C)(C)C)nc2C=CC#N)nc(-c2cncc(C#N)c2)n1,30.0
CN(C)c1ncnc2c1ncn2Cc1ccccc1,17.96
N#Cc1nc(C(N)=O)c(NC2CCC(N)CC2)c2c(F)cc(C(c3ccc(Cl)cc3)c3ccc(Cl)cc3)cc12,29.69
N#Cc1ccc(-c2ccc(-c3nc(C(=O)N=c4[nH]c5ccc(C#N)cc5s4)[nH]c3C(=O)NCCN3CCCC3)cc2)cc1,35.83
Cn1ccnc1CCN1CCN(c2ccccc2C#N)CC1,21.1
N#Cc1ccc(C=CC(=O)Nc2ccc3c(c2)C(=O)c2ccc(N)cc2C3=O)cc1,13.14
N#Cc1cc2c(nc1SCC(=O)Nc1ccccc1)CCC2,22.21
COc1cc(-c2nc(-c3ccccc3O)nc(-c3ccccc4c(C#N)c5ccccc5c3-4)n2)cc(OC)c1OC,21.06
COc1cc(C#N)ccc1-c1nc2c(nnn2Cc2cccc(C)n2)c(=N)[nH]1,25.16
Cc1cc(=Nc2cccc3cc(-c4ccc(C#N)cc4)c[n+](Cc4ccc(-c5ccc(C[n+]6ccc(N)c7cc(F)ccc76)cc5)cc4)c23)c2ccccc2[nH]1,47.26
C(=NOc1ccccc1)c1ccccc1,15.78
Cc1cc(-c2cccc(C#N)n2)ccc1-c1ccc(C#N)cn1,14.08
N#Cc1ccc(-c2nc(C#N)nc(-c3cncc(C#N)c3)n2)cc1,8.16
NCCC(=O)NCCC#Cc1cc(C(N)=O)cs1,35.9
N#Cc1ccncc1,13.44
Cc1ccc2c(-c3c[nH]c(=N)c(-c4cc(C#N)cc(C#N)n4)n3)cccc2n1,18.63
N#Cc1ccc(-c2ccc(-c3nc(-c4ccc(-c5ccc(C#N)cc5)cc4)nc(-c4cncc(C#N)c4)n3)cc2)cc1,10.63
CC(C)(C)OC(=O)N1CCC23CCC1c1c(C(=O)NCc4ccc(C#N)cc4)c(O)n(c12)Cc1ccccc13,37.71
N#Cc1ccc(-c2ccc(-c3ncccc3C#N)cn2)cn1,13.93
N#Cc1ccc(C#N)c(Cl)c1F,18.84
N#Cc1cccc(NC(=S)Nc2ccc(SCC(O)CO)cc2)c1,29.24
Cc1cc(O)cc(-c2nc(-c3ccc(-c4nc5cc(C#N)ccc5[nH]4)cc3)ncc2-c2ccc3[nH]ccc3c2)c1,23.82
N#CC=Cc1nccc(-c2ccc(-c3nc(-c4ccc(-c5ccc(C#N)cc5)cc4)nc(-c4ccc(-c5nc(Cl)nc(Cl)n5)cc4)n3)cc2)n1,20.34
Cc1nc2nc3ccccc3cn2c(=O)c1NC(=O)c1ccccc1,23.64
N#Cc1ccc2c(c1)[nH]c(=NN=Cc1cccc(C(=O)NCc3no[n+]([O-])c3C#N)n1)n2Cc1ccc(F)cc1,44.59
CN(c1ncccn1)c1nc(-c2ccc(-c3nc(-c4ccc(-c5ccc(C#N)cc5)cc4)nc(-c4ccc(C#N)cn4)n3)cc2)nc(N2CCOCC2)n1,27.03
O=C(COc1ccc(Cl)cc1)Nc1ccc(N2CCCCC2)cc1,23.15
CCOc1nc(-c2ccc(C(C)C)cc2)nc(-c2ccc(S(=O)(=O)Nc3ccccc3C(=O)O)cc2)n1,31.49
CCCN(CCC)S(=O)(=O)c1ccc2c(c1)C(=O)c1ccc(Nc3cccc(N)c3)cc1C2=O,22.57
N#Cc1ccc(-c2ccc(-c3nc(-c4ccc(-c5ccc(C#N)cc5)cc4)nc(-c4cnccn4)n3)cc2)cc1,14.11
COc1cc(CC2=C(c3ccc4c(c3)OCO4)C(=O)OC2(O)c2ccc3c(c2)OCO3)cc(OC)c1OC,23.89
Cc1nn(C)c2c1c(-c1ccccc1)cc(=O)n2CC(=O)Nc1ccc(C#N)c(Cl)c1,29.88
N#Cc1ccc(-c2ccc(-c3nc(-c4ccc(-c5ccc(C#N)cc5)cc4)nc(-c4ccc(-c5nnc(-c6ccco6)o5)cc4)n3)cc2)cc1,19.95
CCC(c1ccc(C(F)(F)F)cc1)(c1ccc(OC)c(Cl)c1)N1CC=CCCC1=O,46.35
CCN(CC)CCN=c1nc(C)[nH]c(Nc2ccc3c(c2)C(=O)N(C)C3=O)c1C#N,29.55
Cc1ccc(C#Cc2cc(-c3ccc(-c4ccc(C#N)cc4)cc3)c3c(-c4cccnc4)ncnc3n2)cn1,35.11
Cc1ccc(-c2nc(-c3ccc(-c4nc(-c5ccc(C#N)cc5)nc5ccccc45)nc3)cnc2-c2ccc(-c3c(Cl)cc(Cl)cc3Cl)cc2)cc1,35.45
CCn1c(=O)cc(N)c2cc3ccccc3c(C)c21,29.83
CN(CCCC1(c2ccc(F)cc2)NC(CCCN)C(=O)c2c(F)ccc(F)c21)Cc1cccc2ccccc12,35.05
CC1CCCN1CCCOc1ccc(-c2cc(F)cc(C#N)c2)cn1,30.52
Cn1nc(-c2ccc(-c3ccc(-c4cc(=NCCCCCN=c5cc[nH]c6cc(Cl)ccc56)[nH]c(Cl)n4)cc3)cc2)nc1-c1ccc(C#N)cc1,35.96
N#Cc1ccc(-c2ncc(C(=O)Nc3cccc(C#N)c3)c(C(F)(F)F)n2)cc1,19.91
N#Cc1ccc(-c2ccc(-c3nc(-c4ccc(Br)cc4)nc(-c4ccc(-c5ccc(Cl)cc5)nc4)n3)cc2)cc1,22.72
N#Cc1ccc(-c2nc(-c3cccc(C#N)c3)nc(-c3cccc(C(=O)Nc4ccc(Br)cc4F)c3)n2)cc1,24.75
N#Cc1ccc(Nc2cc(Nc3ccccc3-c3nc(-c4ccc(F)cc4)cs3)c(N)cc2C#N)cc1,21.85
CN(C)C=Nc1ccc2c(c1)C(=O)C(c1c(O)c3cccnc3n(CCC3CC3)c1=O)=N2,34.19
CC(C)=CCN=[S+]([O-])(c1ccc(OCc2ccccn2)cc1)c1ccc2c(c1)C(=O)c1ccccc1-2,49.37
Cc1nc(-c2cnc(-c3cccc(C#N)c3)nc2)cc(N(C)c2ccccc2)n1,32.31
N#Cc1cncc(-c2nc(CNC(=O)Cc3ccsc3)cc(C(=O)Nc3ccc(C#N)nc3)n2)c1,30.75
O=C(NC(Cc1c[nH]c2ccccc12)C(=O)O)c1ccc2c(c1)N=C(c1ccccc1)OCO2,43.03
C#CCOc1ccc(C(=Cc2ccccc2)c2ccc(C=CC(=O)O)cc2)cc1,24.2
N#Cc1ccc(N=c2cc[nH]c(-c3c(Cl)c(F)nc(F)c3C#N)n2)cc1,30.28
Nc1ccc2c(c1)C(=O)c1ccc(Nc3nc(Nc4ccc5c(c4)C(=O)c4ccc(N)cc4C5=O)nc(Nc4ccc5nc(N=O)nc(N6CCNCC6)c5c4)n3)cc1C2=O,21.34
Cc1cnc(SCC(=O)Nc2ccc3c(c2)C(=O)c2ccc(N)cc2C3=O)n1Cc1ccccc1,26.31
N#Cc1ccc(-c2cc(-c3ccc(-n4nc(C#N)cc4-c4ccc(F)cc4)cc3)nc(-c3ccc(C#N)cc3)n2)cc1,24.75
Nc1cccc2c1OC(N1CCCCC1)C=C2,29.27
Cc1cccc(CNC(=O)N(CCC#N)Cc2ccc(Cl)nc2)c1,34.7
Cc1nc(Oc2ccc(C#N)cc2)nn2c(-c3ccc(C#N)cc3)nnc12,23.79
N#Cc1ccc(CN2CCN(Cc3nc(-c4ccc(-c5ccc(C#N)cn5)cc4)nc(-c4csc(=N)[nH]4)n3)CC2)cc1,32.99
N#Cc1ccc2c(O)n(-c3ccc(F)cc3)c(C(O)C(=O)N3CC4CCC(C3)N4Cc3cccnc3)c2c1,41.73
OCCN(CCO)c1nc(N2CCCCC2)nc(N2CCCC2)n1,20.38
O=C(Cc1ccccc1)N=c1[nH]nc(CCCCc2n[nH]c(=NC(=O)Cc3ccccc3)s2)s1,20.45
N#Cc1ccc(-c2nc(-c3cccc(C#N)n3)nc(-c3c(F)c(F)c(C#N)c(F)c3F)n2)cc1,10.6
CN(C)CCCNC(=O)c1nc(-c2ccc(C=Nc3cc(O)c(N)cc3O)cc2)c2ccccc2n1,18.4
COc1c[nH]c(-c2ccc(C#N)nc2)nc1=Nc1nc(C#N)nc(OCC(F)(F)F)n1,27.57
O=C1NC(=O)N(CCc2ccccc2)C(=O)C1=Cc1ccc(Oc2ccc(Cc3sc(=O)[nH]c3O)cc2)cc1,26.4
COc1cc2ncc3c(O)c4c(cc3c2cc1O)OCC=C4,34.41
CN(C)CCNC(=O)c1ccc(-c2nc(-c3ccc(-c4ccc(C#N)cc4)cc3)nc(-c3ccc(-c4ccc(C#N)cc4)cc3)n2)cc1,20.19
N#Cc1cc(C(=O)ON=C(Cn2cncn2)C2CCS(=O)(=O)C2)ccc1C1CC1,36.01
Cc1ccc(C=Nn2c(C)c(-c3ccccc3)c(-c3ccccc3)c2O)cc1C=NN1c2ccccc2NC12CSC2,55.51
COc1ccc(C=CC=NNS(=O)(=O)c2ccc(C)cc2)cc1OC,23.42
CCN1CCN(Cc2ccc(C=Cc3ccc(-c4ccc(-c5nc(-c6ccc(C)cc6)nc(-c6ccc(C(=O)NN=Cc7ccc(OC)cc7)cc6)n5)cc4)cc3)cc2)CC1,27.97
N#Cc1ccc(-c2nc(-c3ccc(-c4ccc(C#N)cn4)cc3)nc(-c3nc4ccccc4s3)n2)cc1,14.92
N#Cc1ccc(N=Cc2cc(-c3ccc(C(N)=O)cc3)n3nc(C#N)nc3c2)cc1,30.2
N#Cc1ccc(-c2ccc(-c3nc(N=CN4CCN(C=O)CC4)nc(-c4ccc(-c5ccc(C#N)cc5)nc4)n3)cc2)cc1,13.86
CCN(C(=O)N=c1cccc(C#N)[nH]1)c1ccc(C#N)c(C)c1,25.32
COCCCn1c(O)c(N=NC(=O)C(C#N)=Cc2cn(C(C)C)c3ccccc23)c(=O)n(Cc2ccc(C#N)cc2)c1=O,33.29
N#Cc1ccc(-c2ccc(-c3nc(-c4ccc(-c5ccc(C#N)cc5)cc4)nc(-c4ccc(-c5ccc(C#N)cc5F)nc4)n3)cc2)cc1,14.18
CCNCc1nc(C#N)nc(-c2ccc(C(=O)NCC(C)C)c(F)c2)c1Cl,33.84
N#CCCn1c(O)cn(-c2ccc(-c3ccc(N=C4C=C(C#N)C5CCCN5C4)cc3F)cc2)c1=O,36.81
Cn1cnc(-c2cc[nH]c(=Nc3ccc4c(cnn4Cc4ccccc4)c3)n2)c1,18.5
N#Cc1ccc(-c2ccc(-c3nc(-c4ccc(C#N)cc4)nc(-c4ccc(-c5cccc(C#N)c5)cc4)n3)cc2)cc1,12.55
COc1ccc(N=c2[nH]c(-c3ccc(-c4ccc(Cl)cc4)cc3)ccc2C#N)cc1,23.73
O=C(CCN1CCOCC1)NC1CCCN(Cc2cnccn2)C1,28.9
CN1CCN(CCOCCO)C(=O)c2c(-c3cccc(C#N)n3)nc(-c3ccncc3)nc21,32.64
Cc1cc(C=NC(=O)COc2ccc(C#N)cc2)c(C)n1-c1ccc(C(=O)O)cc1,26.92
COC(=O)c1cccc(-c2ccc(CNC(=O)c3ccc(N=c4nc(-c5ccc(OC)c(OC)c5)cc(-c5ccc(C#N)cc5)[nH]4)cc3)cc2)n1,37.69
N#Cc1ccc(-c2ccc(-c3nc(-c4ccc(-c5ccc(C#N)cc5)cc4)nc(-c4ccc(-c5nc(Cl)nc(Cl)n5)cc4)n3)cc2)cc1,10.12
N#CCC1(n2cc(C(N)=O)c(=Nc3ccnc(F)c3)[nH]2)CCN(C(=O)Nc2cccc(F)c2)C1,24.47
COc1cc2[nH]ccc(=NC(=O)CN3CCN(c4cc5c(cc4F)c(=O)c(C(=O)O)cn5C4CC4)CC3)c2cc1OC,34.33
Cc1csc(Nc2cnc(-c3ccc(C#N)cc3)c(-c3ccc(C#N)cc3)c2)n1,23.94
COc1ccc(C=Cc2cc(C=CC#N)nc(C=CC#N)n2)cc1C#N,16.33
CC(NC(=O)Nc1ccc(Oc2ccnc(-c3nc(C(F)(F)F)c[nH]3)c2)c(F)c1)c1ccc(C#N)cc1,23.55
Clc1ccc(-c2cc[n+](-c3nc(-[n+]4ccc(-c5ccncc5)cc4)nc(-[n+]4ccc(-c5ccncc5)cc4)n3)cc2)cc1,10.92
N#Cc1ccc(-c2ccc(-c3nc(-c4ccc(-c5ccc(C#N)cn5)nc4)nc(-c4ccc(-c5ncc(C#N)cn5)cn4)n3)cn2)nc1,10.46
COc1ccccc1Cc1ccc2[nH]c(=N)[nH]c(=N)c2n1,26.7
NC(=O)c1c(N)n(Cc2cccc(C(F)(F)F)c2)c2nc3ccccc3nc12,31.92
N#Cc1ccccc1NC(=O)Cn1cnnn1,22.66
Cn1cc(-c2ncc(-c3nc(-c4cncc(C#N)c4)nc(-c4ccc5c(c4)CCC5=NO)n3)c(F)c2F)ccc1=O,26.86
Cc1cc(-c2cc[n+](-c3nccc(-[n+]4ccc(-c5ccncc5)cc4)n3)cc2)ccn1,13.38
N#Cc1ccc(-c2ccc(-c3nc(-c4ccc(-c5ccc(C#N)cn5)nc4)nc(-c4nc(-c5ccc(-c6ccc(C#N)cc6)cc5)nc(-c5c(F)c(F)c(C#N)c(F)c5F)n4)n3)cc2)cc1,16.95
COc1cc(-c2cccc(C#N)n2)c(F)cc1-n1cc(C(=O)NC2CC2)cn1,26.4
NC(=O)c1nc(C(=O)N=c2[nH]c(-c3ccc(F)c(C(F)(F)F)c3)cs2)cc2c1CN(C1CCOCC1)CCC2=O,47.74
N=C(N)c1ccc(-c2cc(-c3ccc(C(=N)N)cc3)nc(-c3ccc(C(=N)N)cc3)n2)cc1,15.51
N#CC=Cc1cccc(-c2ccc(-c3ccc(C#N)cc3)cc2)n1,10.4
COc1c(O)cc2oc(-c3ccc(O)cc3)c(OC)c(=O)c2c1O,17.3
CCOC(=O)c1cc2cc(C#N)ccc2c(-c2ccc(-c3cnc(=N)[nH]c3)c(F)c2)n1,20.54
COc1cncc(-c2ncc(-c3nc(C(F)(F)F)c[nH]3)cc2F)c1Cl,27.92
C=Cc1cc2c(cn1)C(=O)c1cc(O)cc(O)c1-2,28.03
N#Cc1ccc(-c2ccc(-c3nc(-c4ccc(-c5ccc(C#N)cc5)cc4)n(-c4ccc(-c5ccc(C#N)cc5)cc4)c(=O)c3C#N)cc2)cc1,16.9
COc1ccc(CC(=O)C=CN=C(c2ccc(O)cc2)c2ccc(C(=O)O)cc2)cc1,39.93
Cc1ccccc1-c1ncnc(-c2ccc(-c3ccc(C#N)cc3)cc2)n1,16.87
CC(NC(=O)c1ccc(-c2ccc(-c3nc(Nc4ccc(N5CCOCC5)cc4)nc(N4CCOCC4)n3)cc2)cc1)c1cccc(C#N)c1,26.07
N#Cc1ccc(-c2nc(C(=O)NCc3ccc(F)cc3)cc(-c3ccc(C#N)nc3)n2)cc1,18.31
N#Cc1ccc(-c2nc(C#N)cc(C=Cc3cscn3)n2)cc1,17.97
C=Cc1cc2nc(-c3cccs3)nc(-c3ccc(NC(=NC(=N)NCC)Nc4ccccc4)cc3)c2cn1,45.54
CCOc1ccc(-c2nc(-c3ccc(C#N)cc3)nc(-c3ccc(C=Cc4nc(-c5ccccc5)oc4C(C)C)cc3)n2)cc1,26.22
COC(=O)c1nc(-c2ccc(-c3ccc(C#N)cc3)cc2)nc(-c2ccc(-c3ccc(C#N)cc3)cc2)n1,13.71
N#Cc1cccc(-c2ccc(Cn3cc(-c4ccc(-n5cccc5)cc4)nn3)cc2)n1,21.41
N=C(N)NCc1ccc(-c2ccc(-c3nc4cc(F)ccc4[nH]3)cc2)cc1,19.14
CS(=O)(=O)NCCN=c1nc(-c2ccc(C#N)cc2)nc(-c2ccc(Cl)cc2Cl)[nH]1,27.42
COc1ccc2c(c1)CCN(C=Nc1nc(OCc3ccc(C#N)cc3)nc(-c3ccc(-c4ccc(C#N)cc4)cc3)n1)C2,20.02
Nc1ccc2c(c1)C(=O)c1ccc(Nc3nc(Nc4ccc5c(c4)C(=O)c4ccc(N)cc4C5=O)nc(Nc4cccc5c4C(=O)c4cc(N)ccc4C5=O)n3)cc1C2=O,12.2
CCc1nn(-c2ccc(OC)cc2)c(=O)n1Cc1ccc(-c2cccc(C#N)c2)cc1,16.29
N#Cc1cccc(-c2ccc(C(=O)c3cc4cc(-c5ccc(F)cn5)ccc4o3)cn2)c1,30.51
Cc1cc(C)c(N=c2nc(Cl)[nH]c(=Nc3ccc(Cl)cc3Cl)[nH]2)c(C)c1,20.93
Cc1cc(C#N)cc(C)c1Oc1[nH]c(=Nc2ccc(C#N)cc2)ncc1Br,18.79
O=C(OC1CCCCC1)N1CCC(n2nnc3ncc(O)cc32)CC1,37.07
CN(C)c1cc(N(C)c2ccn3nc(-c4c(F)c(F)c(C#N)c(F)c4F)nc3c2)ccn1,34.7
COc1nc(C=Cc2cc(C=CC#N)nc(C=CC#N)n2)ccc1-n1cnc(C)c1,13.16
O=C(O)C(=NNc1ccc(C(=O)O)cc1[N+](=O)[O-])c1c(Br)ccc2ccccc12,33.7
COc1cnc2cccc(-c3nc(-c4ccc(C#N)cc4)nc(-c4ccc(-c5ccc(C#N)cn5)cc4)n3)c2c1,16.36
N#Cc1ccc(-c2ccc(-c3nc(-c4cccs4)nc(S(=O)(=O)Cc4ccc(=N)[nH]n4)n3)cc2)cc1,32.06
N#CCCN(N)C1(c2nc3ccc(Cl)cc3s2)CC1,33.48
CN(C)Cc1ccccc1-c1ccc(-c2nc(-c3ccc(-c4ccc(C#N)cc4)cc3)nc(-c3ccc(-c4ccc(C#N)cn4)nc3)n2)cc1,21.84
N#Cc1ccc(-c2nc(-c3ccc(-c4nc(-c5ccc(C#N)cc5)nc(-c5ccc(C#N)cc5)n4)cc3)cc(-c3cncc(C#N)c3)n2)cc1,17.52
O=C(NCc1ccc(F)c(F)c1)C(Nc1ccc2ccccc2c1)c1ccc(C=CC(O)=NO)cc1,30.98
COc1ccc(-c2nnc(-c3ccc(-c4ccc(C#N)cc4)cc3)nc2-c2ccccc2)cc1,18.05
COc1ccc(-c2ccc(-c3nc(C(=O)NCc4csc(C(=N)N)n4)nc4ncccc34)cc2)cc1F,34.61
COc1cccc(C=NCCCN2CCCCC2)c1O,21.62
N#Cc1cc(-c2ccc(-c3nc4ccccc4[nH]3)cn2)cs1,22.24
Cc1nc(C2CC2)n(-c2ccc(-c3[nH]c4ccncc4c(=O)c3C#N)cc2)n1,29.8
Cn1cnc2cc(-c3nc(-c4ccc(-c5ccc(C#N)cc5)cc4)nc(-c4ccc(-c5ccc(C#N)cc5)cc4)n3)ccc21,19.14
N#Cc1cccc(Nc2cc(Nc3ccc(C#N)c(Cl)c3)c([N+](=O)[O-])cc2[N+](=O)[O-])c1,23.31
CN(Cc1ccc(-c2ccc(C#N)cc2)cc1)C(=O)Cn1c(=O)n(CCCCCC(=O)NCc2ccc(-c3ccccc3)cc2)c(=O)c2cnc(-c3ccc(C#N)cc3)cc21,31.78
N#Cc1ccc(-c2nc(C#N)c(N3CCCCC3)o2)cc1,16.33
N#CCc1c(C#N)c(-c2ccc(-c3ccccc3)cc2)c2n1CCCC2,18.44
N#CNC=Cc1ncc2c(n1)Nc1ccccc1S2,27.58
Cc1cn(-c2c(C#N)c(C#N)c(-c3ccc(Cl)cc3)n2-c2ccc(Cl)cc2)cn1,17.8
C#Cc1cccc(N=c2nc[nH]c3cc(OC)c(OCCCN4CCN(C(=O)C#CCN(C)C)CC4)cc23)c1,26.52
N#Cc1ccc(N=Cc2ccc(-c3ccc(C#N)c(C#N)c3)cc2)cc1,15.43
N#Cc1cc(-c2nc(-c3c4ccccc4c(C#N)c4ccccc34)nc(-c3c4ccccc4c(C#N)c4ccccc34)n2)c2cc(Br)ccc2c1C#N,17.43
N#Cc1ccc(-c2cc(-c3ccc(F)cc3)nc(N)c2C#N)cc1,16.31
CC(=O)NC(C)c1ccc(C#Cc2ccc(-c3ccc(C4CC(=O)N(C)C4)nc3)nc2)cn1,33.45
CC1(C)CCc2c(NS(=O)(=O)c3ccc(C#N)cc3)ccc(SCc3cccc(C#N)c3)c2O1,33.59
N#Cc1ccc(-c2nccc(-c3c[nH]c(=Nc4ccc(Cl)c(Cl)c4)c(C(F)(F)F)n3)n2)cc1,27.0
COc1ccc(N2CCN(c3nc(-c4ccncc4)nc(-c4ccc(C#N)cc4)n3)CC2)cc1,17.64
Fc1cc(F)cc(-c2cc(-c3cccc4ccccc34)nc(-n3nc(-c4cccnc4)nc3-c3ccncc3)c2)c1,35.28
N#Cc1ccc(-c2ccc(Cn3c(Cc4nc(-c5ccc(-c6ccc(C#N)cc6)cc5)no4)nc4ccc(-c5ccccc5)cc43)cc2)cc1,22.29
CN(Cc1cc(C(N)=O)nc(-c2ccc(CNCc3ccc(-c4ccccc4)cc3)cc2)n1)Cc1ccco1,24.8
N#Cc1ccc(S(=O)(=O)c2cc(C(F)(F)F)ccc2-c2ccc(-c3c[nH]c(=N)cn3)c(F)c2)cc1,18.33
CN(C)c1c(F)c(F)c(-c2nc(-c3ccc(C#N)cc3)nc(-c3c(F)c(F)c(C#N)c(F)c3F)n2)c(F)c1F,15.96
COc1ccc(-c2cc(C)no2)cc1S(=O)(=O)n1nc(C)cc1C,24.54
CC[n+]1cccc(Nc2ccc(Nc3ccc(N=CN=Cc4ccc(-c5cccnc5)cc4)cc3)c3c(O)c4ccccc4c(O)c23)c1,30.81
CC(C)S(=O)(=O)NC1CCc2cc(-c3nc(-c4ccc(-c5ccc(C#N)cc5)cc4)nc(-c4ccccc4C#N)n3)ccc21,25.77
N#Cc1cc(C(F)(F)F)ccc1N=CC1NCCN1,19.9
N#Cc1ccc(-c2nc(-c3ccc(C#N)cc3)nc(-c3cccc(C#CCO)c3)n2)cc1,16.62
Cc1c(C(=O)Nc2ccc(-c3ccc(S(=O)(=O)NC(C(=O)O)C(C)C)cc3)cc2)oc2c(C#N)cccc12,27.04
Cc1cccc2ncc(C(=O)N3CCN(c4ccc(C#N)cn4)CC3)c(=O)n12,26.95
N#CC=Cc1ccc(C(=O)O)c(-c2nc(-c3c(F)c(F)c(C#N)c(F)c3F)nc(-c3c(F)c(F)c(C#N)c(F)c3F)n2)c1,23.17
N#Cc1c2ccccc2c(-c2nc(-c3c4ccccc4c(C#N)c4ccccc34)nc(-c3c4ccccc4c(C#CC4CC(O)CN4)c4ccccc34)n2)c2ccccc12,19.04
Cc1cccc(C#Cc2ccc(Oc3ccc(OC(C)C)cc3)nc2)n1,21.27
OCc1cccc2onc(-c3ccc(F)cc3)c12,29.65
N#Cc1ccc(-c2nc(-c3ccc(C(=O)N4CCOCC4)cc3)nc(-c3ccc(-c4ccc(-c5n[nH]c(CN6CCNCC6)n5)cc4)cc3)n2)cc1,34.64
O=S(=O)(c1ccc(-c2cnc(C3CC3)o2)cc1)N1CCN(c2ccc(C(F)(F)F)cn2)CC1,20.84
N#Cc1cccc(-c2ccc(Cn3c(C(=O)O)cc4cc(NC(=O)c5ccncc5)ccc43)cc2)c1,31.49
c1ccc(-c2cc[n+](-c3ccc(-c4ccc(-c5ccc(-c6cnc(-[n+]7ccc(-c8ccncc8)cc7)cn6)cc5)cc4)nn3)cc2)cc1,15.51
N#Cc1cccc(-c2ccc(-c3nc(C#N)cc(C#N)n3)cc2)c1,16.54
COc1ncccc1-c1cc(N(Cc2cc(C(F)(F)F)cc(C(F)(F)F)c2)Cc2cc(C(F)(F)F)cc(C(F)(F)F)c2)nc(C#N)n1,24.57
N#Cc1ccc(NC(=O)Nc2ccc(-c3cccc(-c4ccc(-c5ccc(N=C(N)c6ccc(Cl)cc6)cc5)cc4)c3)cc2)cc1,24.59
CCC(C)n1ccnc1C=CC=CC(=O)C=Cc1nccn1CCC(C)C,23.8
O=CN1CCN(C=Nc2n[nH]c(-c3ccc4ccccc4c3)n2)CC1,19.24
O=CC1Cc2cc3c(cc2C(c2ccc4c(c2)OCO4)C1C=O)OCO3,22.88
COc1cccc(-c2cc(-c3cccc(C#N)n3)nn2-c2ccc(S(N)(=O)=O)cc2)c1,20.86
Fc1ccc(-c2cn(C3CCC(c4ccc(-c5ccccc5)cc4)N(Cc4ccc(-c5ccccc5)cc4)C3)nn2)cc1,24.03
CCc1cccc(CC)c1NC(=O)c1nn(C)c2c1CCCc1c[nH]c(=Nc3cc(NS(C)(=O)=O)cc(C(F)(F)F)c3)nc1-2,24.24
Clc1nc(Cl)nc(-c2ccc(-c3ccc(-c4nc(Cl)nc(Cl)n4)cc3)cc2)n1,9.4
CC(C)c1ccc(OCC=NOCC#N)cc1,19.81
Cc1nc(-c2cccc(N=c3nc(-c4ccc(C#N)cc4)cc[nH]3)c2)no1,18.16
COc1cccc(C#Cc2nc(-c3ccc(C#N)cc3)nc(-c3ccc(C#N)cc3)n2)c1,14.49
Cc1nc2ccc(Br)cn2c1C(=O)NN=Cc1ccc(-c2cn3ccccc3[n+]2C)cc1,23.63
CCCOC(=O)c1ccc(N=c2[nH]c(Cc3ccc(Cl)cc3)nc3ccccc23)cc1,30.11
Cc1ccc(NC(=S)NNC(=O)COc2ccccc2)cc1,22.06
Nc1cc(-c2ccc(-c3ccc(-c4nc(-c5ccc(Cl)c(C(F)(F)F)c5)nc5ccccc45)nc3)cc2)ccc1NC(=O)c1ccccn1,29.82
N#Cc1ccc(N=c2[nH]c(-c3ccc(Cl)cn3)cs2)cc1,19.05
CCCCS(=O)(=O)NC(=O)CCc1c(C(C)C)c(C(=O)NC(=O)C2CC2)nn1-c1ccc(Cl)cc1Cl,32.76
CCOc1c(-c2ccc(-c3ccc4ccccc4c3)cc2)nc2ccc(C(F)(F)F)cn12,35.53
N#CCc1ccc(-c2ccc(-c3nc(-c4ccc(-c5ccc(C(=O)O)cn5)cc4)nc(-c4ccc(-c5nc(Cl)nc(Cl)n5)cc4)n3)cc2)cc1,25.12
N#Cc1ccc(NC(=O)N2CCN(c3cccc(C#N)c3)CC2)cc1,21.57
N#Cc1sc2nc(-c3ccc(-c4ccccc4)cc3)nc(N=Nc3ccc(Cl)cc3)c2c1N,22.38
Cn1c(-c2cncc(C#N)c2)nc(-c2cncc(C#N)c2)cc1=O,14.49
CCC1(O)C(=O)OCc2c1cc1n(c2=O)Cc2c-1nnc1cc(OCCCCCN=c3c4c([nH]c5ccccc35)CCCC4)ccc21,32.98
N#Cc1ccc(-c2nc(-c3ccc(Br)cc3)nc(N3CCN(C(=S)NCC4CCCO4)CC3)n2)cc1,24.56
N#Cc1ccc(-c2nc(-c3ccc(-c4cnc(C(F)(F)F)cn4)cc3)nc(-c3c[nH]c4cccc(F)c34)n2)cc1,29.14
O=C(c1cc(COc2ccccc2)ncn1)N1CCCCCCC1,26.81
Cc1cc(C(O)c2nc(-c3ccc(C#N)cc3)cs2)ccc1F,19.89
Cc1nc2c(Cl)cc(C(F)(F)F)cn2c1C(=O)N(C)Cc1ccc(F)cc1,29.15
COc1ccc(C=Nc2cc(O)c(N)cc2O)c(OC)c1,14.75
COc1ccc2c(c1)C(=O)N(CC1(C#Cc3ccc(-c4ccc(C#N)cc4)nc3)NC(=O)NC1=O)C2,20.89
Cc1ccc(-n2cc(CN3CCN(c4nc(-c5ccncn5)nc5ccccc45)CC3)c(C)n2)cc1,33.74
N#Cc1ccc(-c2nc(-c3ccc(C#N)cc3)nc(-c3ccc(F)c(F)c3)n2)cc1,12.04
C=C(C)CN1c2ccccc2C(CC(N)=O)C(=O)N(CC2CCCO2)S1(=O)=O,44.06
CC(C)(C)c1ncc(NC(=O)N2CCC(F)CC2)c(-c2nc(C#N)c[nH]2)n1,22.99
O=C(O)c1ccc(C2CCCCCN2C=Nc2c(F)ccc(F)c2F)cc1,33.81
N#Cc1ccc(-c2nc(-c3ccc(-c4ccc(C#N)cn4)cc3)nc(-c3cccc(-c4ccc(-c5nc(Cl)nc(Cl)n5)cc4)c3)n2)cc1,13.46
O=C1C(=Nc2ccccc2)C(Sc2ccccc2)C(=O)c2ccccc21,20.43
Clc1ccc(CCOc2ccnc(-c3cc[nH]c(=Nc4ccc(N5CCOCC5)cc4)n3)c2)cn1,27.9
Cn1cc(-c2ccc(-c3nc(-c4ccc(C#N)cc4)cn4cc(NC(=O)c5ccnc(F)c5)nc34)cc2)cn1,24.79
Oc1ccc2cc(-c3cccc(Cc4cccc(F)c4)n3)sc2c1,29.99
CN1CCc2c(nc(C(=O)c3ccnc4ccccc34)n3nc(Cc4ccccc4)nc23)C1,40.19
COc1cccc(-n2c(-c3ccc(-c4ccc(C#N)cc4)cc3)nn(Cc3ncc(Cl)cc3Cl)c2=O)c1F,26.02
N#Cc1ccc(-c2nc(-c3ccc(C#N)cc3)nc(-c3noc(-c4ccc(-c5ccc(C#N)cn5)nc4)n3)n2)cc1,17.86
N=c1[nH]cnc2c1c(-c1cccc(C#Cc3ccnc(F)c3F)c1)nn2CC(N)=O,21.68
COC(=O)c1ccc(CN2CCN(c3nc(C#N)nc(N=CN4CCN(c5ncccn5)CC4)n3)CC2)cn1,31.46
N#Cc1ccc2[nH]c(-c3ccc(Oc4ccc(-c5nc(C(N)=O)cc(C(N)=O)n5)cc4)cc3)nc2c1,19.58
N#Cc1ccc(-c2nc(-c3cncc(C#N)c3)nc(-c3ccc(C#N)c(C#N)c3)n2)cc1,14.65
C=CCc1cc(C=CC=O)c(O)c(OC)c1,20.33
Cc1cc(-n2nc(C(=O)NN=Cc3ccc(C#N)cc3)nc2-c2ccc(-c3ccc(C#N)cc3)cc2)ccc1C#N,24.32
Fc1c(Cl)cc(Cl)c(-c2noc(-c3ccc(-c4ccc(-c5nc(Cl)nc(Cl)n5)cc4)cc3)n2)c1Cl,16.31
COc1cccc(C=CC(=O)OCC(=O)NCc2ccc(F)cc2)c1,22.06
N#Cc1cncc(-c2nc(Nc3c(Cl)cccc3Cl)nc(=N)[nH]2)c1,16.87
N#Cc1ccc(-c2ncc(CNCc3ccc4c(c3)OCCO4)c(-c3ccc(C#N)cc3)n2)cc1,21.76
CN(C)CCCNC(=O)c1nc(NC(=O)c2nc(NC(=O)c3cn(C)c(-c4c(F)cccc4F)n3)cn2C)cn1C,22.34
Cc1cc(-c2cccc(C#N)n2)[nH]c(=Nc2cc(C(=O)NCCN(C)C)n(C)n2)c1,25.82
COc1cc(O)ccc1-c1cc(-c2cc(C(c3cccc(Br)n3)=c3ccc(=C(C#N)C#N)cc3)ccc2O)nc(=N)[nH]1,50.29
CN(CC(=O)Nc1ccccc1Br)C(=O)CNC(=O)c1c(Cl)cc2c(c1Cl)CCCC2,31.57
N#Cc1ccc(-c2ccc(-c3nc(C(F)(F)C(F)(F)F)[nH]c3-c3cc(C4CC4)nc(-c4ccc(C(N)=O)cc4)n3)cn2)cn1,37.95
N=c1nc(-c2ccc(C=Nc3ccc(N=Cc4cccc(Br)c4)cc3)cc2)cc(-c2ccc(C=Nc3cc(O)c(N)cc3O)cc2)[nH]1,19.23
N#Cc1ccc(-c2noc(Cn3cc(C(=O)c4ccnc(F)c4F)cc(C#N)c3=O)n2)cc1,24.09
Cc1ccc(C=Nc2ccc(N=Cc3coc4ccccc4c3=O)cc2)cc1,19.73
CC(=O)NCc1nc(-c2ccc(C#N)cc2)nc(-c2cccc(-c3ccc(C#N)cc3)c2)n1,19.34
Cc1cc(-c2c(C#N)c(F)nc3ccccc23)[nH]c(=Nc2ccc(C#N)cc2)n1,24.79
COc1cc(F)c(C=Nc2cc(C)nc(N=CN=C(N)N)n2)cc1OC,27.18
N#Cc1ccc(-c2nc(-c3ccc(C#N)cc3)nc(-c3nc(Cl)nc(Cl)c3Cl)n2)cc1,12.78
Cc1cc(-c2nc(-c3ccc(-c4ccc(C#N)cc4)cc3)nc(-c3ccc(-c4ccc(C#N)cc4)cc3)n2)ccc1-c1ccc(C#N)cc1,12.24
c1ccc(CNCCCc2ccnc3ccccc23)cc1,24.57
Fc1ccc2c(c1)CCCNC2(Cn1ccnc1)c1ccc(Cl)cc1,25.78
N#Cc1cc(C=c2sc3cc(=CCC(=O)c4ccc(CCC(=N)N)cc4)ccn3c2=O)nc(-c2ccc(O)cc2)n1,51.09
N#Cc1ccc(-c2ccc(-n3c(-c4ccc5c(c4)COC5)nn(Cc4nc(-c5cc(C(F)(F)F)cc(C(F)(F)F)c5)no4)c3=O)cc2)cc1,35.36
CN(C)c1ccc(C=Cc2nc(-c3ccccn3)nc3ccccc23)cc1,17.92
CCC(=O)c1nc(-c2ccc(C#N)cc2)ncc(=O)c1-c1ccc(-c2cccc(C#N)c2)cc1,25.98
O=C1c2ccc(Br)cc2C(=O)C1c1n[nH]c(-c2ccccc2)n1,26.43
N#CC=Cc1cc(-c2ccccn2)nc(C=CC#N)n1,13.91
N#CC(C#N)=Cc1nc(-c2ccc(C#N)cc2)nc(-c2ccc(C#N)cc2)n1,11.27
N#Cc1cccc(-c2cnc3c(N4CCOCC4)nc(-c4ccc(C(=O)NCc5ccccc5)cc4)cn23)n1,25.19
C=Cc1ccccc1,18.9
N#Cc1ccc(-c2nc(C#N)nc(-c3ccc(-c4cccc(C#N)n4)cc3)n2)cc1,10.23
C=CCn1c2c(ccc1=O)C(NCc1cn(C)c3cc(C)ccc13)CCC2,27.72
COc1nc(-c2ccc(-c3ccc(C#N)cc3)cc2)n(-c2ccncc2)c(=Nc2ccc(OC)c(F)c2)n1,29.22
N#Cc1cncc(-c2cc(N3CCC4(CC3)COC4)nc(C#N)n2)c1,15.29
N#CC=Cc1cccc(-c2cc(=NCc3cc(C#N)ccc3OCc3cccc(F)c3)[nH]c(-c3ccccc3)n2)c1,43.31
N#Cc1ccc(-c2nc(-c3ccc(-c4nnc(-c5ccc(-c6ccc(C(F)(F)F)cn6)cc5)o4)cc3)cc(-c3cc(C#N)cc(C#N)c3)n2)cc1,22.15
Cc1ncn(-c2ccc(C(=O)Nc3cc(C#N)cc(N=c4[nH]cc(-c5cccnc5)[nH]4)c3)cc2)n1,29.86
CCCCNC(=O)Nc1ccc(-n2nc(C(F)(F)F)cc2C(F)(F)F)cc1,29.09
COc1ccc(-c2[nH]c(=NC(=O)COc3ccc(C)cc3)n(C)c(=O)c2C#N)cc1,22.23
N#Cc1ccc(-c2nc(Cn3ccc4c(Cl)cccc43)nc(-c3ccc(C#N)cc3)n2)cc1,23.22
N#CCc1ccc(-c2ccc(-c3ccc(C#N)cc3)cc2)nc1-c1ccc(-c2nc(-c3ccc(-c4ccccc4)cc3)nc(-c3cccc(C#N)n3)n2)cn1,25.76
C=CC(=O)N1CCC(c2cc(=Nc3ccc(C#N)c(F)c3)nc(-c3cccnc3)[nH]2)CC1,30.15
COc1nc(C=Cc2nc(-c3ccccc3)nc3ccccc23)ccc1-n1cnc(C)c1,19.74
C=CCOc1ccc(C=Cc2cccc(C=CC#N)n2)cc1,18.21
NC(=O)c1ccc(-c2ccc3oc(-c4ccc(-n5cc(-c6ccc7c(c6)OCO7)nn5)cc4)nc3c2)cc1,29.72
N#Cc1nc(-c2ccc3[nH]cnc3c2)nn1CCc1ccc(F)cc1,32.18
N#Cc1ccc(Oc2ncc3c4c(C(F)(F)F)nc(-c5cccc(F)c5)nc4n(C4OC(CO)C(O)C4O)c3n2)cc1,32.05
N#Cc1ccc(-c2ccc(-c3nc(-c4ccc(-c5ccc(C#N)cn5)nc4)nc(-c4ccc(-c5ncc(C#N)cc5F)nc4)n3)cn2)nc1,11.51
Cc1ccc(-n2c(SCC(=O)Nc3cc(-c4cccc5ncccc45)ccc3C#N)nc3c(c2=O)SCC3)cc1,31.57
N#Cc1ccc(-c2nc(-c3cncc(C#N)c3)nc(-c3cncc(C#N)c3)n2)cc1,10.66
CCCc1nc(-c2ccc(-c3ccc(-n4nc(-c5ccc(-c6ncc(C#N)c(C7CCNCC7)n6)cc5)nc4-c4ccc(-c5ccc(C#N)cc5)nc4)cc3)cn2)no1,38.47
CCc1nc(C)c(Cl)nc1-c1ccc(C#N)cc1,19.88
N#Cc1ccc(OCCN2CCN(c3cnn(-c4ccc(OCCF)cc4)c(=O)c3Cl)CC2)cc1,30.04
N#Cc1ccc(-c2nc(-c3cc(C#N)cc(C#N)c3)cc(-c3nc(Cl)nc(Cl)n3)n2)cc1,14.73
N#Cc1ccc(-c2ccc(N(Cc3ccc(-c4ccc(C#N)cn4)cc3)C(=O)C=Cc3ccncc3)cc2)cc1,30.94
N#Cc1ccc(-c2nc(-c3ccc(Cl)cc3)nc(-c3cncc(C#N)c3)n2)cc1,16.28
COc1ccc(C=Cc2nc(Cl)c3ccccc3c2C=CC(=O)c2ccc(F)cc2)cc1,25.3
COc1ncccc1-c1cc(-c2ccc(C#N)cc2)nc(-c2ccc(C#N)cc2)n1,13.52
N#Cc1ccc(-c2nc(-c3cccc(C#N)c3)cc(-c3cccc(C#N)n3)n2)cc1,12.65
N#Cc1ccc(-c2nc(-c3ccc(C#N)cc3)c(Br)c(-c3cccc(C#N)c3)n2)cc1,20.79
CC(=O)Nc1cccc(-[n+]2cc(-c3ccc([N+](=O)[O-])cc3)nc(N3CCOCC3)n2)c1,30.74
Cc1nc(-c2ccc(-c3nc(-c4ccc(-c5ccc(C#N)cc5)cc4)n(-c4ccccc4)c3-c3cc(-c4cccc(-c5cccc(C(F)(F)F)c5)c4)nc4ccccc34)cc2)no1,36.46
N#Cc1ccc(-c2ccc(-c3nc(-c4ccc(-c5cccc(C#N)c5)nc4)nc(-c4ccc(-c5ccc(C#N)cn5)nc4)n3)cc2)cc1,12.98
c1ccc(-c2cc[n+](-c3nc(-[n+]4ccc(-c5ccncc5)cc4)nc(-[n+]4ccc(-c5ccncc5)cc4)n3)cc2)nc1,9.61
N#Cc1cncc(-c2nc(-c3cccnc3)nc(-c3cccc(C#N)n3)n2)c1,10.85
CC(=O)c1cccc(NC(=O)Nc2cccc3c2CN(C)C3)c1,29.42
COc1ccc(C#Cc2cc(-c3nn4ncccc4c3-c3cc[nH]c(=Nc4ccc(F)c(F)c4)n3)ccc2Cl)cc1F,37.12
CCOC(=O)c1c(-n2c(-c3ccc(Cl)cc3)cc(CCCO)c2O)nc(-c2ccc(C#N)cc2)c(C#N)c1-c1ccc(-c2ccc(C#N)cc2)cc1,28.78
Oc1[nH]c2c(Br)cccc2c1N=NC(=S)Nc1ccc(Cl)cc1,19.83
CN(C)c1nc(Oc2ccc(C#N)cc2)nc(-c2ccc(NC(=O)C[n+]3cn(C)cn3)cc2)n1,31.94
CN(C)C(=O)c1ccc(N(C)C(=O)c2ccc(C#Cc3ccc(-c4nc(-c5ccc(C#N)cc5)nc(-c5ccc(C#N)cc5)n4)cc3)cc2)cc1,25.73
N#Cc1ccc(NCc2nc(-c3ccc(-c4ccc(C#N)cc4)cc3)nc(-c3ccc(-c4ccc(C#N)cc4)cc3)n2)cc1,12.61
N#Cc1sc(=Nc2ccc(F)cc2)[nH]c1N,17.63
N#Cc1ccc(-c2ccc(-c3cccc(N=c4cc(N)nc(C#N)[nH]4)c3C#N)cc2)cc1,20.63
O=c1nc(-c2ccccc2-c2ccc(Cc3nn(-c4ncccc4Cl)c(=O)c4ccc(F)cc34)cc2)[nH]o1,28.29
OCc1cc2nc(=NCc3ccc(-n4cccn4)cc3)[nH]c(=NC3Cc4ccccc4C3)n2[nH]1,34.63
Cc1cc(C=Cc2nc(-c3ccncc3)nc(-c3ccc(Cl)cc3Cl)n2)nc2c(Cl)cc(F)cc12,37.76
Cn1c(C#N)ccc1-c1c(F)c(F)c(C#N)c(F)c1F,13.16
CC(C)n1cc(C#N)nc1-c1cc(Oc2ccc(NC(=O)C3CC(F)(F)C3)cc2)nc(C#N)n1,26.3
O=C(NN1CCCCC1)c1cccc(-c2ccc(Oc3cc(F)nc(Cl)n3)cc2)n1,26.23
N#Cc1ccc(-c2ccc(C(=O)N=c3cc[nH]c(C#N)c3)cc2)cc1,19.61
Cn1c(-c2ccc3c(c2)CCN(CC(=O)NC(=O)N=c2cccc[nH]2)CC3)nc(-c2ccc(F)cc2)cc1=O,35.16
O=C(Cn1c(-c2ccccn2)nc(-c2ccc(F)cc2)c1-c1ccncc1)NCc1ccc2c(c1)OCO2,25.8
FC(F)(F)c1ccnc(N2CCN(c3nc(=Nc4cc(Cl)cc(Cl)c4)nc(-c4ccccc4)[nH]3)CC2)c1,31.34
Oc1ccc(CCNCc2ccc(-c3ccc(-c4nc5ccccc5[nH]4)cc3)cc2)cc1,24.9
N#Cc1ccc(-c2cccc(-c3nc(-c4ccc(C#N)cc4)nc(N4CCCCCC4)n3)c2)cc1,18.25
N#Cc1c(F)c(F)cc(F)c1F,8.35
COc1cc(-c2cc(C)nc(C)n2)ccc1N=c1nc(-c2ccc(N3CCCC3)c(C#N)n2)cc[nH]1,22.03
CCSC(=O)c1c(O)nc2c(C(=O)N(C)c3ccccc3)cccc2c1O,39.74
NCC(=O)N1CCN(c2ccc(OC(F)(F)F)c(N=c3nc(-c4cnccn4)cc[nH]3)c2)CC1,29.44
N#Cc1ccc(-c2nc(-c3ccc(-c4cccc(C#N)n4)nc3)nc(-c3ccc(C#N)cn3)n2)cc1,14.27
Nc1[nH]c(=NCc2ccc(-c3ccccc3)cc2)ccc1C(=O)NCc1ccc(Cl)c(C(F)(F)F)c1,32.87
N#Cc1ccc(OCc2ccccn2)c(-c2nc(C#N)nc(CF)n2)c1,23.02
N#Cc1c2ccccc2c(-c2nc(-c3ccc(Cl)cc3)nc(-c3cncc4ccccc34)n2)c2ccccc12,17.86
Cc1cc(N=c2ccc3c(-c4cccc(C#N)n4)nc(-c4cccc(C#N)n4)n3[nH]2)n[nH]1,32.03
O=[N+]([O-])Nc1ccccc1Br,20.08
N#Cc1cnn(-c2cc(C(CF)N=C(N)N)cc(-c3nc(-c4cnc(C#N)c(C#N)n4)nc(N4CC5CC5(CO)C4)n3)n2)c1,40.55
O=C(c1ccc2c(c1)OCCO2)n1ccnc1,20.56
N#Cc1cc[nH]c(=Nc2nc(-c3c(NC4CCCNC4)nc(N4CCOCC4)[nH]c3=O)nc3c2CS(=O)(=O)C3)c1,24.62
N#Cc1nc(=NC(=O)c2ccc(CN3CC4CC3CN4)cc2)cc(Oc2ccc3ccccc3c2)[nH]1,33.25
N#Cc1ccc(N=c2nc(C#N)cc[nH]2)c(Br)c1,17.59
CN1CCN(C(=O)c2cc(C#N)ccc2Cc2ccc(O)c3c2CC(C(O)=NO)N(C(=O)c2ccc(-c4ccc(F)cc4)cc2)C3)CC1,46.66
CC1(C)Cc2cc(C=C3C(=O)N(CC(=O)Nc4ccc(O)cc4)c4ccccc43)c(O)cc2O1,37.46
CC(C)(c1cnc2ccc(-c3ccc(C#N)cc3)cc2c1)n1cncc1C#N,32.95
COC(=O)NCc1ccc(-c2nc(-c3ccc(C#N)cc3)nc(-c3ccc(C#N)cc3)n2)cn1,21.41
CC1CC(C=CC(=O)NS(=O)(=O)c2ccc(C#N)cc2)=C2COC(=O)C2C1,30.89
Cc1ccnc(SCC(=O)NN=Cc2cccs2)n1,21.74
Cc1cc(N=CN2CCN(C=O)CC2)nc(N2CCN(C)CC2)n1,17.82
N#Cc1ccc(-c2ccc(-c3ccc(-c4nc(Cl)nc(Cl)n4)cn3)cc2)cc1,10.38
COc1ccc(C(=O)NCCSCc2ccc(Cl)cc2)cc1,22.37
N#CCc1c(-c2ncccn2)nn(-c2ccc(Cl)cc2Cl)c1-c1ccc(C#N)cc1,21.05
N#Cc1ccc(Nc2c(F)c(F)c(C#N)c(F)c2F)c(F)c1,14.35
CS(=O)(=O)N(CC(=O)NCc1ccc(F)cc1)Cc1ccc(Cl)cc1,24.9
CN(C)CC=Nc1ccc2c(c1)C(=O)c1ccc(N=CN3CCCC3)cc1C2=O,20.41
Cc1nc(N(CCN(C)C)c2ccc(F)c(F)c2)nc2ccc(NC(=O)c3cnn(-c4cc(F)ccc4C(F)(F)F)c3)cc12,39.32
CC(C)N1c2c[nH]c(=Nc3cccnc3C#N)nc2C(=O)NC1(C)C,28.74
N#Cc1ccc(-c2ccc(C(=O)NCC3CCC(C#N)CC3)cn2)cc1,23.24
Cc1cc(=NC(=O)CCC(=O)Nc2cccnc2)n(-c2ccccc2)[nH]1,27.36
Cc1ccc(Nc2ccc3[nH]c(-c4ccccc4)nc3c2)cc1,24.53
Fc1cccc2onc(N3CCN(Cc4noc(Cc5ccccc5)n4)CC3)c12,27.89
Cc1noc(-c2ccc(N=c3nc(-c4nccc(C#N)n4)cc[nH]3)cc2)n1,18.9
N#Cc1cccc(-c2cc(C=Cc3ccc4ccccc4c3)nc(-c3ccccn3)n2)c1,21.98
N#Cc1ccc(-c2ccc(-c3nc(COc4ccc(-c5nc(-c6ccc(C#N)cc6)nc(-c6ccc(-c7ccc(C#N)cc7)cc6)n5)cc4)nc(-c4ccc(-c5ccc(C#N)cc5)cc4)n3)cc2)cc1,17.92
Cc1c(C#N)c(N)c(C#N)c2c1CCCC2,17.68
N#CC=Cc1cnc2cnc(-c3cccc(C(F)(F)F)c3)c(-c3cccc(NC(=O)c4ccc(-c5ccc(C#N)cn5)cc4)c3)c2n1,45.66
CC1=C(Cc2ccc(-c3ccccc3-c3nc(=O)o[nH]3)cc2)N1Cc1ccc(-c2ncc(C)cn2)cc1,28.67
N#Cc1ccc(-c2ccc(-c3cc(-c4ccc(-c5cc(-c6ccccc6O)nc(-c6ccc(-c7ccc(C#N)cn7)nc6)n5)cc4)nc(-c4ccc(C#N)cc4)n3)cc2)cc1,23.97
C[S+](C)CC#Cc1ccc2c(c1)C(C)(C)c1[nH]c3cc(C#N)ccc3c1C2=O,29.13
CCOc1ccccc1NC(=O)Cc1c(C(C)C)n(-c2ccc(F)cc2)c2ccc(C(C)C)cc12,28.52
N#Cc1cncc(-c2ccc(-c3nc(C(F)(F)F)nn3-c3ccccn3)cc2)c1,24.39
N#CC=Cc1ccc(C#CC#Cc2cc(-c3ccc(-c4ccc(C#N)cc4)cc3)nc(C=Cc3ccc(C(O)=NO)cc3)n2)cc1,20.91
CCCn1nc(NC(=O)CC(Cc2ccccc2)C(CC(C)C)C(=O)NC(Cc2ccccc2)C(=O)NC2CCCCC2O)c(C#N)c1CC,57.67
COc1ccccc1Oc1nc2c(cnn2-c2ccc(C(C)(C)C#N)cc2)c(=O)n1-c1ccc(-c2ccccc2)cc1,36.29
N#Cc1ccc(CCN2CCC34c5c6ccc(O)c5OC3C(=O)CCC4(NC(=O)CCc3ccccc3)C2C6)cc1,35.98
N#Cc1ccc(-n2cc(-c3ccc4c(-c5ccc(F)cc5)cc(C(N)=O)nc4c3)nn2)cc1,23.02
N#Cc1ccc(NC(=O)N=c2[nH]cc(C#N)cc2OCc2cccc(C#N)c2)cc1,24.89
N#Cc1ccc(-c2ccc(-c3nc(C=Cc4ccccc4)c4cccnc4n3)cc2)nc1,19.42
N#Cc1ccc(Nc2nc(O)cs2)cc1,19.29
N#Cc1ccc(-c2cc(-c3ccc(-c4nc(Cl)nc(Cl)n4)cc3)cc(-c3ccc(-c4nc(Cl)nc(Cl)n4)cc3)n2)cc1,13.31
Clc1ccc2c(=NCCN3CCN(C4CCC(c5ccccc5)CC4)CC3)cc[nH]c2c1,24.74
Cc1ccc(Cn2cnc3c(ncn3C)c2=O)cc1,20.12
C=Cc1nn(N=Cc2c(Cl)cccc2Cl)c(=Nc2ccc(OC)cc2)[nH]c1=O,29.0
COc1ccccc1N1CCN(CCCCCNC(=O)c2ccccc2)CC1,21.71
N#Cc1c2ccccc2c(-c2nc(-c3c4ccccc4c(C#N)c4ccccc34)nc(-c3nc4ccccc4n4cccc34)n2)c2ccccc12,16.34
C=[S+](N)c1ccc(-n2nc(C(F)(F)F)cc2-c2nc(-c3ccc(-c4ccc(C#N)cc4)cc3)no2)cc1,29.57
N#Cc1ccc(-c2ccc(-c3nc(C(F)(F)F)c[nH]3)cc2)cc1,16.29
Cc1cc(C)c(CN=c2nc(-c3cncc(C#N)c3)cc[nH]2)c(=O)[nH]1,24.39
N#Cc1ccc(-c2ccc(-c3nc(-c4ccc(-c5ccc(C#N)cc5)cc4)nc(-c4ccc(-c5ccc(CO)cc5)cc4)n3)cc2)cc1,11.05
CN(C)c1nc(N=CN2CCN(C=O)CC2)nc(N2CCOCC2)n1,12.44
N#Cc1ccc(-c2ccc(-c3nc(C#N)cc(N=CN4CCN(CCCCNC(=O)C=Cc5ccc(Cl)c(Cl)c5)CC4)n3)cc2)cc1,25.49
N#Cc1ccc(-c2ccc(-c3nc(-c4ccc(C#N)cc4)nc(-c4ccc(-c5ccc(C#N)cc5)cc4)n3)cc2)cc1,8.96
N#Cc1nc(Cl)[nH]c(=NN=Cc2ccncc2)c1N,23.67
N#Cc1cncc(-c2nc(-c3cncc(C#N)c3)nc(-c3ccc(F)c(-c4cncc(C#N)c4)c3)n2)c1,13.75
Cc1nc(-c2ccc(F)cc2)nc(N(Cc2cc(C(F)(F)F)cc(C(F)(F)F)c2)C2C=CC(C#N)C2)n1,25.96
CC(=O)NC(C)c1cc(-c2ccc(C#N)cc2)nc(-c2cncc(C#N)c2)n1,23.01
N#Cc1cccc(C(=O)OC(=O)c2ccc(N=Cc3oc(O)c(O)c3O)cc2)c1,35.89
Cc1nc(-c2cncc(C#N)c2)sc1C(=O)N(C)Cc1ccncc1,24.72
N#Cc1cnc(N2CCOCC2)c2cc(NC(=O)c3ccccc3C(F)(F)F)ccc12,23.36
Cc1cc(N)ccc1N=Cc1ccc(-c2ccc(C=Nc3cc(O)c(N)cc3O)cc2)cc1,17.46
CN1c2ccccc2NC(=O)C1c1ccc2c(c1)OCO2,25.17
Cc1ccc(C(=O)Nc2ccc(CN3CCN(C)CC3)c(C(F)(F)F)c2)cc1C#Cc1cnc2ccccc2n1,26.64
CCCCNC(=O)c1nc(-c2ccc(C#N)cc2)n(Cc2ccc(-c3ccc(C(F)(F)F)cc3)cc2)c1-c1cccc(C(F)(F)F)c1,30.42
CC(CCCNCc1ccc(C#N)cc1)NC(=O)c1ccc(C#Cc2ccc(-c3nc(-c4cnccc4F)cc(N4CCOCC4)n3)cn2)cc1,34.33
Clc1nc(Cl)nc(Cl)n1,8.71
N#Cc1cccc2c(C=Cc3ccc(C=Nc4ccc(NC(=O)Cc5ccc(S(=O)(=O)O)cc5)cc4)cc3)ccnc12,32.95
N#Cc1ccc(-c2ccc(-c3ccc(-c4cnc(-c5ccc(-c6nc(-c7ccc(C#N)cc7)nc(-c7ccc(C#N)cc7)n6)cc5)o4)cc3)cc2)cc1,16.25
COc1cc(N)ccc1-c1nc(-c2ccc(C#N)cc2)nc2[nH]cnc(=N)c12,26.07
CCCOc1ccc(Cl)c2cnc(-c3ccc(C#N)cc3)nc12,25.56
N#Cc1c(Cl)cc(NC(=O)c2cc(C=NN=CN3CCCCC3)ccc2O)cc1C(F)(F)F,42.9
COc1nc(=O)cc(CN)n1Cc1ccc(-c2ccc(C#N)cn2)cc1,27.04
C=CCC(=O)CC=CCC(C)C(=O)OCC,34.46
N#Cc1ccc(C2(c3c[nH]c4ccccc34)C(=O)c3ccc(C#N)cc3C2=O)cc1,27.06
Cc1nc(C#N)nc(-c2cc(C#N)cnc2-c2ccc(C#N)nc2)n1,19.69
N#Cc1ccc(-c2nc(C#Cc3cn4nc(N5CCNCC5)cc(Br)c4n3)nc(-c3ccc(F)cc3)n2)cc1,35.05
N#Cc1ccc(-c2nc(C#CCOc3ccccc3)nc(-c3ccc(C#N)cc3)n2)cc1,15.98
CC1CN(c2cccc(Cl)c2Cl)CCN1C=Nc1nc(-c2ccc(C#N)cc2)nc(-c2ccnc(-c3ccc(C#N)cn3)c2)n1,29.34
N#CCn1cc(C#N)c2cc(-c3ccc4c(c3)NC(=O)C43CCCCC3)ncc21,28.02
O=C1c2ccccc2C(=O)c2c1c(Cl)nc1ccccc21,19.57
Cc1nc2ccc(Nc3cc(Nc4ccc5c(c4)C(=O)c4ccc(N)cc4C5=O)nc(Nc4ccc5c(c4)C(=O)c4ccc(N)cc4C5=O)n3)cc2n1C,11.82
N#CC=Cc1nc(C#N)cc(-c2cc(-c3ccc(C#N)cc3)cc(C#N)n2)n1,16.36
Nc1ccc2c(c1)C(=O)c1ccc(NC(=O)c3c(F)cccc3F)cc1C2=O,17.96
N#Cc1cncc(-c2nc(-c3cncc(C#N)c3)nc(-c3cccc(C#N)n3)n2)c1,10.74
CN(C)c1nc(=Nc2ccc(C#N)cc2)nc(-[n+]2ccc(-c3ccncc3)cc2)[nH]1,17.32
CN(C(=O)c1ccc2c(c1)[nH]c(=NC(=O)c1ccccc1)n2CCC(N)=O)c1ccccc1,26.73
N#Cc1ccc(-c2nc(-c3cncc(C#N)c3)nc(-c3ccnc(C#N)n3)n2)cc1,10.4
CCCCCSc1nc(-c2ccc(OC)cc2)c(C#N)cc1C#N,21.8
CN(C)CCn1cc(-c2ccc(-c3nc(C4CCOCC4)n4ccnc(F)c34)cc2)cn1,24.84
Clc1ccc(-c2[nH]c3cc(Cl)ccc3c2C=Nc2cccnc2)cc1,24.91
C=C(C)c1cc(O)c2c(C)c(-c3ccc(OC)cc3)c(C)cc2c1O,27.01
N#CCOc1ccccc1-c1nc(-c2ccc(C#N)cc2)nc(-c2ccc(C#N)cc2)n1,17.73
CN(CCCc1cnn(-c2ccc(-c3cccc(Cl)c3)c(-c3ccc(-c4ccc(C#N)cc4)cc3)c2)c1)C(=O)Oc1ccccc1,44.83
CS(=O)(=O)CCN=c1[nH]c(CCc2cccc(C(F)(F)F)c2)cc(=Nc2cc[nH]c(=Nc3ccc(C#N)cc3)n2)[nH]1,34.93
N#Cc1c(F)c(F)c(Cl)c(C#N)c1F,18.87
N#Cc1ccc(-c2ccc(-c3cc(-c4nc(C#N)ccc4N)nc(N)c3C#N)cc2)cc1,21.03
N#Cc1ccc(-c2nccc(-c3nc(C#N)c(C#N)[nH]3)n2)cc1,26.16
O=C1C(=O)N(c2nncs2)CCN1Cc1ccc(F)cc1Cl,21.81
N#Cc1ccc(-c2nc(-c3ccc(C#N)c(C#N)c3)cc(-c3cccc(C#N)n3)n2)cc1,12.93
Cc1cc(S(=O)(=O)NCCS(=O)(=O)N2CCN(c3ccccc3F)CC2)ccc1Cl,31.67
Cc1ccc(-c2nc(C(=O)Nc3ccc4c(c3)C(C)CC(=O)N4C)nc(N3CCC(N)C3)n2)c(F)c1F,35.96
N#CC=Cc1ccnc(N=CN2CCN(C=O)CC2)n1,12.78
Cc1cc(C(=O)COc2ccccc2C#N)c(C)n1CCc1ccc(F)cc1,22.08
Cc1cc(-c2ccc(-c3nc(-c4ccc(C#N)cc4)nn3-c3ccc(C#N)cc3)cc2)cc2nc(Cc3ccccc3)c(-c3ccc(-c4ccc(C#N)cc4)cc3)nc12,26.91
Clc1ccc(-c2nnc(-c3nc4ccccc4o3)o2)cc1,24.26
O=CCCc1cc(C=Cc2ccc(OCCc3ccncc3)cc2)c(O)c2ncccc12,37.06
N#Cc1cccnc1,7.93
N#Cc1c2ccccc2c(-c2nc(-c3c(O)ccc4ccccc34)nc(-c3ccc(O)c4ccccc34)n2)c2ccccc12,17.86
N#Cc1ccc(-c2nc(-c3ccc(N)cc3Cl)nc(-c3ccc(F)cc3Cl)n2)cc1,19.03
Cn1cc(-c2ccc(C#N)cc2)nc1-c1ccc(-c2nc(-c3ccc(-c4ccccc4)cc3)n(CCc3ccccc3)n2)cc1,23.38
CN(C)c1nc(Cl)cc2c(=O)n(CCCCc3ccccc3)cnc12,28.75
N#Cc1ccc(-c2cccc(-c3nc(C#N)nc4c3ccn4CC3CCOC3)c2)cc1,18.23
Cc1ccc(-c2ccc(C#CCCC(C)(C)C#N)cc2)c(F)c1,28.68
COc1cc(C=C(C#N)c2cc(-c3ccc(F)cc3)nc(-c3ccc(Cl)cc3)n2)ccc1-n1cnc(C)c1,18.05
N#Cc1ccc2c(c1)C1=NOCC(COCc3ccccc3)C1CO2,31.19
N#Cc1ccc(-c2cc3cnn(C4CCN(Cc5oc(CO)cc(=O)c5O)CC4)c3cn2)cc1,30.78
N#Cc1ccc(-c2nc(-c3ccc(C#N)cc3)nc(-c3ccc(F)cc3C#N)n2)cc1,11.74
N#Cc1cccc(-c2ccc(-c3cc(N4CCc5ccccc5C4)nc(N4CCOCC4)n3)cn2)n1,21.19
N#Cc1ccc(-c2ccc(-c3nc(-c4ccc(-c5ccc(C#N)cn5)nc4)nc(C(F)(F)F)n3)cc2)cc1,14.02
O=C(C=Cc1ccc(F)cc1)Nc1ccc(N2CCN(CC(O)(Cn3cncn3)c3ccc(F)cc3F)CC2)c(F)c1,24.58
CC(=O)c1ccc(-c2nc(-c3ccc(-c4ccc(-c5nc(-c6ccc(C#N)cc6)nc(-c6ccccc6Cl)n5)cc4)cc3)nc3c(=N)[nH]c(=N)[nH]c23)cc1,34.65
CN(C)c1nc(C#N)nc(N(C#N)CCc2ccccc2)n1,21.39
Clc1nc(Cl)nc(-c2ccc(-c3ccc(-c4cc(-c5ccc(-c6nc(Cl)nc(Cl)n6)cc5)cc(-c5ccc(-c6nc(Cl)nc(Cl)n6)cc5)c4)cc3)cc2)n1,9.39
CCCCN(C(=O)c1cc(-c2ccc(C#N)cc2)no1)c1cccc(C=CC(=O)N2CCN(C(=O)c3ccccc3)CC2)c1,41.15
N#Cc1ccc(-c2cc(C(NCc3ccc(C#N)nc3)c3ccccc3)nc(-c3cncc(C#N)c3)n2)cc1,27.12
CCN(CC)c1nc2c(cc1C#N)n(CC)c(=NC(=O)c1cccc(F)c1)n2Cc1ccc(C#N)c(F)c1F,36.23
CC1CCCCN1Cc1cc(C=Nc2nc(Nc3ccc4c(c3)C(=O)c3ccc(N)cc3C4=O)nc(Nc3ccc4c(c3)C(=O)c3cc(N)ccc3C4=O)n2)cc(CN2CCN(C)CC2)c1O,35.78
N#Cc1ccc(-c2nc(-c3ccccc3)n(Nc3ccc(F)cc3)c2-c2ccc(-c3ccc(-n4cccc4)cc3)cc2)cc1,24.03
Cc1ccnc(N=Cc2c(O)n(Cc3ccc(-c4ccccc4)cc3)c(=S)[nH]c2=O)c1,21.61
Cc1cc(NC(=O)CCN2CCCC2)cc2c(=Nc3ccc(NS(=O)(=O)c4ccccc4)cc3)c3ccc([N+](=O)[O-])cc3[nH]c12,33.36
N#Cc1ccc(-c2ccc(-c3nc(C#N)nc(-c4ccc(C#N)cc4)n3)cc2)cc1,9.05
Cc1cc(C)n(-c2nc(-c3ccc(C#N)cc3)nc(-c3ccc(C#N)cc3)n2)n1,11.89
CCCC1(C)CC(=O)N(Nc2ccc([N+](=O)[O-])cc2[N+](=O)[O-])C1=O,25.57
C=C(C)C1Cc2c(cc(O)c3c2C(=O)C(=CC=C(C)C)O3)O1,33.64
N#Cc1ccc(-c2ccc(-c3nc(-c4ccc(-c5nc(Cl)nc(Cl)n5)cc4)nc(-c4ccc(-c5ccc(C#N)cn5)nc4)n3)cc2)cc1,13.32
COc1c([N+](=O)[O-])c2cc(C)cc3c2n(c1=O)CCN3,35.17
N=C(NCc1nc(Cl)c[nH]c1=N)Nc1cccc(F)c1,21.79
Cc1ccc(-c2cc(-c3ccc(C=Nc4nc(-c5ccc(C#N)cc5)cs4)cc3)nc(-c3ccc(C)cc3)n2)cc1,14.95
N#Cc1cccc(-c2nc(-c3cccc(C#N)n3)nc(-c3ccnc(Cl)n3)n2)n1,11.18
CN1CCN(c2oc(-c3ccc(-c4ccc(C#N)cc4)cc3)nc2C#N)CC1,20.03
N#Cc1ccc(Cn2cc(-c3cccc(C#N)c3)nc2C#N)cc1,18.52
N#Cc1cncc(-c2cc(C(=O)Nc3ccc(Oc4ncnc5[nH]ccc45)cc3)ccn2)c1,31.52
Cc1cc(N2CCOCC2)n2nc(-c3ccc(Cl)cc3)cc2n1,21.58
Cc1n(CC(=O)N2CCCC2C#N)c2ccccc2[n+]1-c1cc(-c2ccc(C#N)cc2)nc(-c2cncc(C#N)c2)n1,27.9
O=C(O)c1cn(C2CC2)c2cc(N3CCN(Cc4ccc5c(c4)OCO5)CC3)c(F)cc2c1=O,21.58
COc1cc2c(cc1N1CCN(c3nc4nc[nH]c(=O)c4cc3F)CC1)N=CC1C(=O)N1CCC2,33.17
CCc1cc2c(Cl)c(OCC(=O)O)cc(Cl)c2o1,25.7
N#Cc1cccnc1-c1ccc(-c2ccc(-n3ccc(C(F)(F)F)n3)cc2F)cc1,25.94
N#Cc1cccc(C(=O)Nc2cc(C#N)c(-n3cnc(-c4ccncc4)n3)nc2N)c1,26.22
N#CC=Cc1cc(-[n+]2ccc(-c3ccncc3)cc2)nc(-[n+]2ccc(-c3ccncc3)cc2)n1,11.9
N#Cc1c2ccccc(-c3nc(-c4c5ccccc5c(C#N)c5ccccc45)nc(-c4c5ccccc5c(C#N)c5ccccc45)n3)c-2c2ccccc12,9.73
Cn1nc(-c2ccc(-c3ccc(C#N)cc3)cc2)nc1-c1ccc(-c2ccc(C#N)cn2)cc1,13.18
CN1CCN(c2nc(-c3ccc(-c4ccc(-c5cccc(C#N)n5)nc4)cc3)nc3c2CCc2cccnc2-3)CC1,25.7
Cc1cc(=NC(=O)CC#N)n(-c2nc(-c3ccncc3)cc(-c3ccc(-c4ccc(C#N)cc4)cc3)n2)[nH]1,26.41
N#Cc1ccc(-c2nc(CC(=O)O)cc(-c3ccc(-n4cc(-c5ccc(Cl)cc5)cn4)cc3C#N)n2)cc1,24.53
Nc1ccc2c(c1)C(=O)c1ccc(Nc3cc(=O)n(CCCCN=c4cc[nH]c5cc(Cl)ccc45)c(=O)[nH]3)cc1C2=O,20.62
COc1ccc2nc(-c3ccc(-n4c(O)c(O)c(C(=O)C(C)C)c4-c4ccccc4OCC(N)=O)cc3)sc2c1,26.3
CCOC(=O)C(C)N1C(=O)c2cc(C#Cc3c(F)c(F)c(F)c(F)c3F)ccc2S1(=O)=O,27.78
CCN(Cc1cccc(OC)c1)c1nc(N=c2nc(C)cc(C)[nH]2)nc(SCC#N)n1,30.11
N#Cc1ccc(-c2nnc(Cl)nc2Cc2ccc(-c3ccccc3)cc2)cc1,16.78
O=C(NCc1ccc(F)cc1)c1ncn2c1CC(Cl)(Cl)C2,36.99
Brc1cccc(-c2cc(-c3nn(-c4ccccc4)nc3-c3ccncc3)c3ccccc3n2)c1,29.64
N#Cc1cccc(-c2ccc(S(=O)(=O)Nc3ccc(-n4cc(-c5ccccc5)cn4)cc3C#N)cc2)c1,31.81
Cc1cccc(N=c2nc(Oc3ccc(NC(c4cccc(O)c4)c4csc(-c5ccc(C#N)cc5)n4)cc3F)cc[nH]2)c1,36.07
N#Cc1ccc(-c2ccc(-c3cccc(-c4ccc(-c5ccc(Cc6ccc(-c7ccc(-c8nc(-c9ccc(C#N)cc9)nc9[nH]c(=N)[nH]c(=N)c89)cc7)cc6)cn5)cc4)n3)cc2)cc1,24.63
N#Cc1cccc(NC(=O)CSc2nnc(-c3ccncc3)n2Cc2ccccc2)c1,20.25
Clc1ccc(-c2cc(=Nc3ccc(N=c4nc(N5CCCCC5)[nH]c(N5CCCC5)n4)cc3)c3ccc(Cl)cc3[nH]2)cc1,26.13
Cc1ccc(-n2cc(C=C(C#N)C(=O)c3cccc([N+](=O)[O-])c3)c(-c3ccc([N+](=O)[O-])cc3)n2)cc1,31.74
O=C1C(=Nc2ccccc2C(F)(F)F)C(NC2CCCCCCC2)C(=O)c2ccccc21,28.85
COc1ccc(C(=O)C=Cc2cccc(N(C)C)c2)cc1N,19.38
N#Cc1ccc(CO)c2nc(-c3cc(F)c(Cl)cc3Cl)n(C3CCC(N4CCCC4)CC3)c12,35.83
Cn1cc(-c2ccc(-c3nc(-c4ccc(NS(=O)(=O)c5ccc(F)cc5F)cc4)cc4nc(-c5ccc(F)cc5)n(C)c(=O)c34)cc2)cn1,32.77
CN(C)C(=O)c1ccc(Cl)s1,20.98
O=CN1CCN(C=Nc2nc(N=CN3CCCCC3)nc(N=CN3CCN(C=O)CC3)n2)CC1,8.89
CC=C(C)C(=O)Nc1ccc2[nH]c(C(=O)O)c(Cc3sc(=O)[nH]c3O)c2c1,34.48
CC(NCc1nc(-c2ccccc2)no1)c1ccccc1,19.25
COc1ccc(-n2c(=O)[nH]c(O)c(C=Nc3ccc(Cl)cc3)c2=O)cc1,15.94
Cc1nc([N+](=O)[O-])cn1Cc1ccc(Cl)cc1,16.88
COc1ccc(CCNC(=O)c2nc(C)c(C)nc2C(=O)NCc2cccs2)cc1OC,26.73
Nc1ccc2c(c1)C(=O)c1ccc(NC(=O)Cn3c(C(F)(F)F)nc4ccccc43)cc1C2=O,20.39
N#Cc1ccc(-c2cc(-c3nc(-c4cncc(C#N)c4)nc(-c4cncc(C#N)c4)n3)ccn2)cc1,13.01
N#Cc1cc(-c2nc(-c3ccc(C(=O)N=c4cc(C(F)(F)F)cc[nH]4)c(F)c3)nc(=N)[nH]2)ccn1,17.14
Cn1c(-c2ccc(-c3ccc(C#N)cn3)nc2)nc(-c2ccc(F)cc2)c1-c1ccc(F)cc1,15.93
CC1=CC(C)(C)Nc2ccc(-c3ccc4c(N)cc(=O)oc4n3)cc21,26.89
Cc1nnc(SCC=NN2CCOCC2)s1,31.82
N#Cc1c(Cl)ncnc1Oc1ccccc1,17.18
N#Cc1ccc(-c2csc(=Nc3cccc(C#N)c3)[nH]2)cc1,20.49
Fc1ccc(Cn2cncc2CNc2cnc(-c3ccc(F)cc3)c(-c3cc(C(F)(F)F)ncn3)n2)cc1,33.61
Fc1cccc(-c2noc(CN3CCN(c4ncccn4)CC3)n2)c1,14.58
CCOc1ccc(-c2ccc(-c3nc(-c4ccc(-c5ccc(C#N)cc5)cc4)nc(-c4ccc(-c5ccc(C#N)cc5)cc4)n3)cc2)cn1,14.91
Cc1ccc(C=Nc2nc(Nc3ccc4c(c3)C(=O)c3ccc(N)cc3C4=O)nc(Nc3ccc4c(c3)C(=O)c3ccc(N)cc3C4=O)n2)c(=O)n1-c1ccc(C#N)cn1,24.26
N#CC=Cc1ccc(-c2nc(C#N)nc(-c3ccc(-c4ccc(C#N)cc4)cc3)n2)cc1,12.58
CC(=O)N1CCN(C(=O)c2ccc(Sc3ccc(C=C(C#N)c4nc5ccccc5[nH]4)o3)cc2)CC1,27.97
N#Cc1ccc(-c2ccc(-c3ccc(-c4cccc(-[n+]5ccc(-c6ccncc6)cc5)n4)cc3)cc2)cc1,13.58
Cn1nc(Cl)nc1CCc1ccc(-c2ccc(-c3ccc(C#N)cc3)cc2)cc1,20.03
N#Cc1ccc(-c2nc(-c3ccc(-c4ccc(-c5ccccc5C#N)cc4)cc3)nc(-c3ccc(-c4nc(Cl)nc(Cl)n4)cc3)n2)cc1,19.8
N#Cc1ccc(-c2ccc(-c3ncnn3Cc3cccc(-c4nnn(-c5cccc(C(F)(F)F)n5)n4)c3)cc2)cc1,38.89
N#Cc1nnc2n1-c1ccc(Cl)cc1C(c1cc(Cl)ccc1Cl)=NC2,22.03
Cc1ncc2c(n1)CN(CCOc1ccc(F)cc1)CC2,21.8
N#Cc1ccc(C=C(SCc2ccc(C#N)cc2)C(F)(F)F)cc1,25.0
Cn1c(O)c(N)n(Cc2ccccc2)c1=O,15.61
N#Cc1ccc(-c2ccc(-c3nc(-c4ccc(C#N)cc4)nc(C(F)(F)F)n3)cc2)cc1,12.15
CCC(=O)Nc1ccc2[nH]c(O)c(-c3nc(-c4cccc(C#N)c4)n[nH]3)c2c1,30.3
N#Cc1cccc(OCc2cc(C(=O)N3CCCCCC3)no2)c1,22.06
Cc1nc(CNC(=O)c2cc(=NC(=O)c3cc(-c4ncccn4)ccc3Cl)n(-c3ccccc3)[nH]2)c[nH]1,21.99
Cc1ccc(C(=O)N=C(Cc2cccc(-c3ccc(C#N)cc3)n2)C(=O)N2CCOCC2)cc1,26.25
N#Cc1cccc(C=Cc2nc(-c3cccc(C#N)n3)ccc2Cl)n1,20.6
FC(F)(F)c1cnc(=Nc2ccc(-n3ccnc3)cc2)[nH]c1,21.64
COc1ccc(CC=CC#N)cc1CNc1ccc2c(c1)-c1ccc(OCCN3CCOCC3)c(OC)c1C2=O,41.27
N#Cc1ccc(-c2nc(-c3ccc(Cl)cc3)c(C#N)c(-c3cnc(-c4cncc(C#N)c4)c(C#N)c3)n2)nc1,22.66
N#CC(=Cc1ccc(-c2ccc(S(=O)(=O)Nc3ccc(C#N)cc3)cc2)nc1)c1nc(-c2ccc(C#N)cc2)c(-c2ccc(C#N)cc2)o1,31.92
C=c1[nH]n(-c2ccccc2)c(=O)c1=Cc1ccc(N(CC)CC)cc1,19.52
Cc1cc(=NCCc2ccc(Cl)cc2)n2[nH]cnc2n1,21.8
CC(=O)c1cn(CC(=O)N2CCCC2C(=O)NCc2ccc(C#N)c(F)c2F)c2ccccc12,29.53
CCN(CCC#N)C(=O)c1nnc(-c2ccc(-c3ccc(C#N)cn3)cc2)nc1C#N,28.28
O=C(Nc1ccc(OCc2cc(=O)n3ccccc3n2)cc1)c1ccc(-c2ccccc2)cc1,21.35
O=C(C=Cc1ccc(-c2ccc([N+](=O)[O-])cc2)o1)Nc1ccc(S(=O)(=O)N=c2[nH]c3ccccc3s2)c2ccccc12,31.52
CC(C)CCn1c(O)c2n(c1=S)C(c1ccc(C#N)cc1)c1[nH]c3ccccc3c1C2,27.48
N#Cc1ccc(-c2ccc(-c3nnc(C(F)(F)F)nc3-c3ccc(-c4ccc(C#N)cn4)cc3)cc2)cc1,15.34
COc1cc(C=CC(=O)c2ccc(O)cc2)cc(-c2cc(C=CC(=O)c3ccc(C)cc3)c(O)c(OC)c2O)c1O,33.1
COc1cccc(N=c2cc(Nc3ccc(F)cc3)[nH]c(-c3ccccc3)n2)c1,20.99
C=Cc1cc(-c2ccc(N(CC)c3ccnc(C#N)c3)cc2F)nc(C#N)n1,24.9
N#Cc1ccc(Nc2c(Cl)c(Cl)c(C#N)c(F)c2C#N)cc1,15.76
CCn1c(=Cc2cccc(CN(C)C)[n+]2CC)oc(=C2Sc3ccccc3N2C)c1=O,28.48
O=C(Cn1c(-c2ccc(F)c(F)c2)nc2cc(NCc3cccc(Cl)c3)ccc21)N1CCC(F)C1,35.35
N#Cc1ccc(Nc2ccc3c(C=Cc4ccccc4)ncnc3c2)c(C(=O)O)c1,18.79
N#Cc1ccc(-c2ccc(-c3nc(-c4ccc(-c5noc(-c6ccc(C#N)cc6)n5)cc4)cc(-c4ccc(-c5ccc(C#N)cc5)nc4)n3)cc2)cc1,20.12
N#Cc1ccc(C=CN2c3ccccc3C=Cc3ncccc32)cc1,27.35
COc1cc(C=NNc2ccc(S(=O)(=O)Nc3ccc(C)cc3)cc2[N+](=O)[O-])ccc1OCc1ccc(C#N)cc1,26.28
COc1cccc(C(c2ccc(C#N)cc2)n2ccnc2)c1Cl,21.68
N#Cc1cncc(-c2ccc3[nH]c(=N)nc(-c4ccccc4)c3c2)c1,23.89
Fc1c(F)c(F)c(C=NCc2ccc(-c3nc(-c4ccc(Cl)cc4Cl)nc4ccccc34)cc2)c(F)c1F,25.81
O=C(c1ccc(Br)cc1)c1ccc(COc2cccc(C=NNC(=S)NCc3ccco3)c2)cc1,34.15
N#Cc1ccc(Cc2ncnc3ccc(-n4nc(C#N)nc4-c4ccc(C(F)(F)F)nc4)cc23)cc1,36.27
N#Cc1ccc(N=Nc2ccc(Cl)cc2)c(Br)c1,19.56
CCCC(C)N=c1nc[nH]c2ccc(-c3cn(Cc4ccncc4)nc3-c3cccc(C#N)c3)cc12,36.3
N#Cc1ccc(-n2cnc(O)c2)nc1C#N,21.31
N#Cc1cccc(N(CC(=O)NCCc2ccc(-c3ccccc3)cc2)c2ccccc2)c1,32.9
Cn1nc(C(C)(C)C)cc1C(=O)Nc1ccc(-c2nc3ccc(C#N)cc3s2)cc1,23.71
Cc1cccc(-c2nn(-c3ccc(Cl)cc3)cc2C(=O)Nc2cccc(-c3nc4cc(C#N)ccc4o3)c2)c1,28.53
N#Cc1ccc(-c2ccc(Cn3cn[n+]([O-])c(C#N)c3=O)cc2)cc1,29.07
N#Cc1ccc(-c2nc(-c3ccc(C#N)cc3)nc(-c3ccccn3)n2)cc1,10.57
N#Cc1ccc(-c2nc(C#N)ccc2COc2ccc(C#N)cn2)cc1,17.34
Cc1nc(-c2ccc(-c3nc(C=NNC(=N)N)cc(-[n+]4nc(-c5ccccc5)nc(-c5ccccc5)n4)n3)cc2)c[n+]([O-])c1C([O-])N=[N+](C(=O)OCCC(C)(C)C)C(=O)c1ccc2ccccc2c1,64.36
Cc1c(C=CC#N)nc(C=CC#N)nc1C=CC#N,13.01
Cc1nc2cc(F)ccc2c(=O)n1-c1cccc(OCc2nc(-c3ccccc3C#N)ns2)c1,30.86
C=c1ccc(=Cc2c(O)[nH]c3ccc(NC(=O)c4ccc(-c5ccc(F)cc5)nc4)cc23)cc1,25.41
Cc1c(O)n2c3c(cc(C(=O)Nc4c(F)c(F)c(F)c(F)c4Cl)cc13)CCC2,31.39
Cc1ccc(-c2[nH]c(-c3ccc(-c4ccc(C#N)cc4)cc3)nc2-c2ccc(-c3ccc(CNCc4cccnc4)cn3)cc2)cc1,28.81
Cc1cc(C=NN=c2[nH]c(-c3ccc(F)cc3)cs2)c(C)n1-c1ccccc1C#N,24.04
Cc1nc(N2CCCC2=O)n2nc(-c3ccc(-c4ccc(-c5nc(C6CC6)no5)cc4)cc3)nc2n1,38.33
N#Cc1ccc(F)nc1,11.71
COC1CN(CC2CCC(c3nc(-c4ccccc4)nc(-c4ccc(C#N)c(C#N)c4)n3)CC2)C1,30.23
N#Cc1c2ccccc2c(-c2nc(-c3ccco3)nc(-c3cccc4ccccc34)n2)c2ccccc12,13.22
Cc1cc(-c2ccc(-c3cccc(C#N)c3)cc2)nc(-c2ccc(-c3ccc(C#N)cc3)cc2)n1,17.07
CC1C(=O)c2ccccc2C(=O)C1=NCc1ccc(F)cc1,20.04
CC(C)CN1C(=O)c2ccc(C#N)cc2SC12Cc1ccc(Nc3scc(O)c3C(=O)NC3CCCCC3)cc1C2,40.49
COc1nccc(-c2cc(OCC3CCNCC3)cnc2-c2ccc(CNc3ccccc3)cn2)n1,40.55
Nc1ccc2c(c1)C(=O)c1ccc(Nc3nc(Nc4ccc5c(c4)C(=O)c4ccc(N)cc4C5=O)nc(Nc4ccc5[nH]cnc5c4)n3)cc1C2=O,10.78
Cc1nc2ccc(-n3ccc(-c4ccc(F)cc4)cc3=O)nc2c2cc(C#N)c(=O)n(C)c12,28.51
COc1cc(NS(=O)(=O)c2ccc(F)c(C#N)c2)c2ncccc2c1,19.35
CN(CCCC(=O)O)Cc1ncc(C=C2CCC(=Cc3ccc(C(F)(F)F)cc3)C2=O)c(C(F)(F)F)n1,39.87
N#Cc1ccc(Oc2ccc3nc(C(=O)N4CCN(c5cccnn5)CC4)ccc3c2)cc1,20.73
Cc1cc(C)n(-c2nccc(-c3nc(N4CCCCC4)nc4cc(NC(=N)NC#N)ccc34)n2)n1,46.55
Cc1cc(=Nc2cnc(C(=O)N3CCN(C)CC3)cn2)[nH]c(=NCc2ccc(-c3cccc(C#N)n3)cc2)[nH]1,30.61
CCc1nc2ccccc2n1C(=O)c1ccc(Cl)cc1,22.84
CC(C)(C)C(C(=O)N=c1ccc(C#N)c[nH]1)n1nc(C2CCCC2)c2nc(-c3ccccc3)c(F)cc2c1=O,41.36
O=c1cc(-c2cccc(COc3ccccc3)n2)sc(N2CCOCC2)c1,23.39
N=c1nn[nH]c2cnc3cc(-c4ccc(-c5ccc(-c6cc[nH]n6)cc5)nc4)ccc3c12,36.4
Cc1cc(C#N)[nH]c(=Nc2cccc(C(F)(F)F)c2)n1,19.95
COc1ccc(-c2nc(-c3ccc(C#N)cc3)nc(-c3ccc(C#N)cc3)n2)cc1,11.11
N#Cc1ccc(-c2nc(-c3ccc(C#N)cc3)nc(-c3ccc(N)cc3C#N)n2)cc1,13.68
N#Cc1ccc(-c2nc(-c3ccc(F)nc3)nc(-c3cncc(C#N)c3)n2)cc1,10.57
N#Cc1ccc(-c2ccc(-c3nc(C#N)cc(N4CCC(CO)C4)n3)cc2)cc1,16.21
COCCN1CCN(c2nc(C)nc(Nc3cnc(-c4cc(F)cc(F)c4)c(-c4cccc(C#N)n4)n3)n2)CC1,24.83
CCC(CC)N=Cc1ccc(-c2nc(OCc3ccccc3)cc(-c3cc(C=NOc4cccc(C(=O)O)c4)ccc3OC)n2)cc1,38.86
Fc1ccc(C(CCN2CCN(c3ccccn3)CC2)c2ccc(F)cc2)cc1,20.51
Cc1cc(C)n(-c2nc(C#N)c(C#N)nc2C)n1,20.39
O=C(CSc1nnc(-c2ccccc2)n1-c1ccc(F)cc1)N=c1[nH]c(-c2ccccc2)cs1,23.99
O=C(NCc1cn(Cc2ccc(Cl)c(Cl)c2)nn1)C(F)(F)F,24.66
N#CC(C#N)=Cc1cc(-c2ccc(C#N)cc2)nc(-c2ccc(Cl)cc2)n1,19.38
C=Cc1c(C(=O)c2c(F)c(F)cc(F)c2F)sc(Nc2ccc(C#N)cc2)c1C#N,31.21
CCOC(=O)C=Cc1cccc2c(C#N)c3nc(-c4ccc(C#N)cc4)c(-c4cccc(-c5ccnc6ccc(F)cc56)n4)c-3cnc12,33.68
N#Cc1ccc(N=c2nc(N=CN3CCN(C=O)CC3)nc(NN=Cc3ccc(N4CCOCC4)cc3)[nH]2)cn1,28.68
N#Cc1ccc(-c2nc(-c3cccc(C#N)n3)nc(-c3cccc(C#N)n3)n2)nc1,11.67
CCc1cc(-c2cc(C#N)c3ncc(-c4cnn(C)c4)nc3c2)nc(C2CCOCC2)n1,28.96
N#CC=Cc1nncnc1OCc1cccc(F)c1,22.07
N#Cc1ccc(-c2cc(C#N)cc(S(=O)(=O)c3cnc(C(F)(F)F)cn3)c2)cc1,24.74
CC(=O)c1ccc(-c2noc(-c3ccc(-c4ccc(N=C(N)c5cccs5)c(C(=O)O)c4)cc3)n2)cc1,29.8
COc1cc2nc(N3CC(O)C3)nc(-c3ccn(C)c3)c2cc1OC,38.02
O=C(Nc1ccc(-n2cc(COc3ccc(-c4nc5ccccc5n4Cc4cccc(Cl)c4)cc3)nn2)cc1)c1ccc(Cl)c(Cl)c1,37.29
C[n+]1ccc(C=Cc2ccc(F)c(C(=N)N)c2)cc1,20.15
CN1C(=O)c2cccnc2[S+]([O-])c2ccc(C(=O)NCc3ccc(C#N)cc3)cc21,23.71
CS(=O)(=O)c1ccc(C=C2c3ccccc3C(=O)c3ccccc32)cc1,22.98
Cc1ccccc1C(=COCCN1CCCC(C(=O)O)C1)c1cccc(-c2ccc(C#N)cc2)c1,25.54
CCCCc1ccc(-c2cc(-c3ccccc3)nn2C(=O)c2ccc(C(=O)NCc3cccc(C)n3)cc2)cc1,24.87
C=Cc1cc(-c2cnc(-c3ccc(-c4nc(C#N)c[nH]4)nc3)s2)c(-c2cc(C)cc(OC)c2)nc1SC,38.14
N=c1[nH]c(=N)c2cc(SCc3cccc(N=C(N)NC4CCCCC4)c3)ccc2[nH]1,33.54
CCOc1nc(Oc2ccc3c(c2)CCC3=O)nc(=Nc2ccc(C#N)cc2)[nH]1,23.89
COc1cc2nc(=S)c(Cc3ccc([N+](=O)[O-])cc3)nc(-c3ccc4c(c3)OCCO4)c2cc1OC,37.91
[N-]=[N+]=NC1CC(n2cc(F)c(=O)[nH]c2=O)OC1CO,16.77
N#Cc1ccc(-c2ccc(-c3nc(CC(=O)Nc4cncc(C(F)(F)F)c4)nc(-c4ccc(F)cc4)n3)cc2)nc1,31.74
N#Cc1ccc(-c2ccc(C#Cc3cn(CC4CCC4)cc3C#N)cc2)cc1,25.08
N#CCC(=O)N1CCN(c2nc(-c3ccc(Oc4ccc(F)cc4)cc3)[nH]c(=NCCCN=C(N)N)n2)CC1,28.94
CN(C)c1nc(=NCc2ccc(Cl)c(Cl)c2)[nH]n2c(-c3cccc(C#N)c3)cnc12,25.87
CC(N=C(N)N=c1[nH]cc(C#N)c(=N)[nH]1)C1CCCCC1,35.01
O=[N+]([O-])c1ccc(-n2cc(C=Nc3nc(-c4ccc(Cl)cc4)cs3)c(-c3ccccc3)n2)cc1,19.86
N#Cc1ccc(-c2ccc(-c3nc(-c4ccc(-c5ccc(C#N)cc5)cc4)c(-c4ncnc(-c5cccnc5)n4)c(-c4ccc(-c5ccc(C#N)cn5)cc4)n3)cc2)cc1,24.3
c1ccc2c[n+]3c(cc2c1)-c1cc2c(cc1CC3)OCO2,20.75
CC(C)(C)c1noc(Cc2nc(-c3ccc(C#N)cc3)nc(-c3cncc(C#N)c3)n2)n1,18.02
Nc1ccc(N=Cc2cc(C=Nc3ccc(Oc4ccc(N)cc4)cc3)cc(C(=O)c3ccccc3)c2)cc1,28.33
N#Cc1ccc(-c2ccc(-c3ncc(-c4ccc(Cc5cc(-c6ccc(-c7ccc(C#N)cc7)cc6)n6ccccc56)nn4)o3)cc2)cc1,29.53
N#Cc1ccc(-c2ccc(C#N)c(=Nc3ccccn3)[nH]2)cc1,16.93
CC(=O)N1N=C(N=c2nc(C)c3ccccc3[nH]2)CC1c1ccc(Cl)cc1,23.18
CONC=Nc1ccc2c(-c3ccc(F)cc3)cc(C#N)nc2c1,24.22
Nc1ccc2c(c1)C(=O)c1ccc(NC(=O)c3cc(Cl)c(N)cc3O)cc1C2=O,22.39
N#Cc1ccc(CON=C(c2ccc(C#N)cc2)c2ccc(C#N)nc2)cc1,22.13
N#Cc1cc(F)cc(-c2ccc(C(=O)c3cc(C#N)cc(F)c3F)s2)c1,23.1
CNC(=O)c1cccc(C=Cc2cnnc3cc(Oc4cccc(C(=O)N5CCN(C=O)CC5)c4)ccc23)n1,36.83
Cn1c(-c2ccc(-c3ncc(C#N)cc3-c3cccc(C#N)c3)c(F)c2)nc(C#N)c1N,26.63
N#Cc1cccc(C(Cc2ccc(Cl)cc2)=NC(=O)CCc2ccc(O)c(O)c2)n1,29.63
CCN=CN1CCN(C=Nc2nc(N=CN3CCN(C=O)CC3)nc(N=CN3CCN(C=O)CC3)n2)CC1,14.89
Cc1cc2c(cc1C)C(=O)C(=Cc1ccc(Oc3ccc(C#N)cc3)cc1)C2,28.36
CC(C)c1onc(-c2ccccc2Cl)c1COc1ccc(-c2ccnc(Cl)n2)cc1,16.99
N#CC=Cc1nc(C=CC#N)nc(-c2ccc(C#N)cc2)n1,12.32
CCOC(=O)N1CCN(C=Nc2nc(N=CN3CCN(C=O)CC3)nc(N=CN3CCN(C=O)CC3)n2)CC1,12.57
N#Cc1ncc2c(C(=O)c3cncc(NC(=O)C=Cc4cc(C#N)c(F)cc4F)c3)cn(C(CO)CO)c2n1,26.67
Cc1c(CNCC(=O)NCCc2nc(Cc3ccc(F)cc3)no2)c(C(C)C)nn1C,28.41
CC(C)(C)OC(=O)N1CCC(c2c(C(=O)NCc3ccc(F)cc3Cl)cnn2-c2ccc(F)c(F)c2)CC1,29.48
Cc1cc(C)nc(N=C(N=c2nc(C)cc(C)[nH]2)NC2CCCCC2)c1,25.27
N#CCCCn1n[n+](C(C#N)CC#N)cc1C#N,31.08
O=C(NN=Cc1cc2ccccc2oc1=O)c1cnccn1,23.18
N#CCc1nccc(-c2ccc3[nH]cc(-c4nc(-c5ccc(-c6ccc(C#N)cc6)cc5)nc(-c5ccc(-c6ccc(C#N)cn6)nc5)n4)c3c2)n1,25.57
Clc1ccc(C2=CC3(CCNCC3)Oc3ccccc32)cc1,21.61
COc1ccc2nc(Cn3ccc(CCCCC(O)=NO)n3)ccc2c1,25.43
N#Cc1ccc(-c2csc(N=Cc3cccnc3)n2)cc1,11.54
Cc1cc(-c2nc(-c3ccc(C#N)cc3)n3nc(-c4ccnc(C)n4)ccc23)ccn1,18.68
CC(C)(C)N=c1nc(-c2cccc(NC(=O)c3cccc(C(F)(F)F)c3)c2)cc(N=c2nc(-c3ccccn3)cc[nH]2)[nH]1,36.52
N#Cc1cccc(-c2nc(-c3cccc(C#N)n3)nc(-c3cc(C(F)(F)F)c[nH]3)n2)n1,20.09
CCCNC(=O)N1CCC(C2c3cc(F)ccc3Oc3ccc(-c4cc(C#N)c(F)cc4F)cc32)CC1,32.04
CC(C)CN(CC(O)C(Cc1ccccc1)NC(=O)c1cc(C#N)nn1Cc1ccc(-c2cccc(N(C)C)c2)cc1)S(=O)(=O)c1ccc(N)cc1,36.49
Cc1cc(-c2ccc(-c3cc(-c4ccc(-c5nc(Cl)nc(Cl)n5)cc4)cc(-c4ccc(-c5nc(Cl)nc(Cl)n5)cc4)c3)cc2)nc(Cl)n1,13.41
Cc1cccc2c(-c3cc(-c4cccc5ccccc45)nc(-c4c5ccccc5c(C#N)c5ccccc45)n3)c[nH]c12,17.52
CCOc1cc(C=NNC(=O)c2ccc3ccccc3c2O)ccc1O,25.9
C=CC=COc1c(CC=C(C)CCC=C(CCC=C(C)C)CCC=C(C)C)c(O)c(C=O)c(C)c1C(C)(C)C=C,37.01
O=C(NCc1ccc(F)cc1)c1ccc(-c2noc(C(F)(F)F)n2)cc1,15.61
Cn1c(-c2cccc(-c3cccc(CNC(=N)NC(=O)c4ccccc4)c3)c2)cc2c(C#N)cc(C#N)cc21,39.61
CCc1ccc(-c2nc(-c3ccc(C#N)cc3)nc(-c3cccc(C#N)n3)n2)cc1,16.09
CC(C)Cc1nc(C(O)=NO)n(Cc2cc(F)ccc2F)n1,29.9
O=CN1CCN(C=Nc2nc(N=Cc3ccccc3O)nc(N=CN3CCN(C=O)CC3)n2)CC1,13.91
Cn1c(-c2ccc(C#N)cn2)nc(-c2ccc(F)cc2)c1-c1cc(-c2ccc(C#N)cc2)nc(-c2ccc(C#N)cc2)n1,25.04
O=C(CBr)Nc1ccc(C=Cc2cc(O)cc(O)c2)cc1,20.41
N#Cc1ccc(C(c2ccc(C#N)nc2Cl)n2cncn2)cc1,21.17
COc1cccc(-c2nc(-c3ccc(F)cc3)c(-c3ccc(C#N)cc3)n2Cc2ccc(C#N)cc2)c1F,21.83
N#Cc1ccc(-c2ccc(N3CCN(CCc4nc5c(n6cccc46)CCCC5)CC3)cc2)cc1,34.3
N#Cc1cccc(-c2ccc(-c3cn(CC(=O)N4CCCc5ccccc54)nn3)cc2)c1,21.97
CC1(C)CCC(C)(C)c2cc(Nc3nc(Nc4ccc5c(c4)C(=O)c4ccc(N)cc4C5=O)nc(Nc4ccc5c(c4)C(=O)c4ccc(N)cc4C5=O)n3)ccc21,15.65
N#Cc1ccc(-c2cc(-c3ccccn3)nc(-c3ccco3)n2)cc1,16.96
CCOC(=O)c1c(N=CN2CCCCC2)nc(N(C)C)nc1-c1ccccc1,25.07
CC(=O)N1CCN(c2ccc(N=c3nc(-c4ccc(N5CCC(F)C5)c(C#N)n4)cc[nH]3)cc2)CC1,19.27
COc1cc(OC)c(C=Nc2nc(N=CN3CCN(C=O)CC3)nc(N=CN3CCN(C=O)CC3)n2)c(OC)c1,18.47
Cc1c(C(=O)c2ccc(C#N)c(O)c2O)c(O)c(O)n1-c1ccc(-c2ccc(C#N)cc2)cc1,29.14
COc1ccc(N=Cc2ccccc2)cc1,15.86
Cn1c(NC(=O)Cc2cccc(Cl)c2)cc(=O)n(C)c1=O,24.42
N#Cc1ccc(-c2nc(N3CCOC(c4ccc(F)cc4)C3)nc(-c3ccc(C#N)nc3)c2F)nc1,20.18
N#Cc1c[nH]c(=Nc2cc(=NC3CCN(C#N)CC3)n3ncc(C#N)c3[nH]2)cn1,31.64
COc1cc2nccc(Oc3ccc(NC(=O)c4nn(-c5cccc(C#N)c5)c(=O)c5ccccc45)cc3)c2cc1OC,23.99
N#Cc1ccc(N2CCN(C#Cc3c(F)ccc4nc(-c5cccc(C#N)n5)nc(N5CCOCC5)c34)CC2)nc1,35.62
N#Cc1cc(C#N)cc(Oc2nc(F)c(F)c(C#N)c2F)c1,14.08
COc1ccc(Nc2cc(=O)n(-c3cc(C)cc(C)c3)c(=O)[nH]2)c(OC)c1,26.29
C#CCn1c(=O)c2c(nc(Cc3ccc(OC)cc3)n2C)n(Cc2ccc([N+](=O)[O-])cc2)c1=O,33.2
CN1CCc2cc(-c3c(C#N)cncc3COCc3ccnn3Cc3ccc(F)cc3)cc(C#N)c2C1,31.46
N#Cc1ccc(-c2cnc(CCN3CCN(c4nsc5ccccc45)CC3)cn2)cc1,19.48
N#Cc1ccc(-c2ccc(Cc3c(C#N)nc(-c4ccc(C(=O)N5CCOCC5)cc4)nc3CCO)cc2)cc1,28.2
N#Cc1ccc(-c2nc(-c3ccc(C#N)cc3)nc(-c3ccc(C#N)c(Cl)c3)n2)cc1,9.25
C=CCOc1c(Cl)cc(Cl)c(Cl)c1C(=O)c1cccc(C#N)c1,25.78
Cn1nc2c(cc1=O)CN(c1nc(-c3ccc(-c4nc(Cl)nc(Cl)n4)nc3)nc(-c3ccccc3F)n1)CC2,30.62
N#Cc1ccc(-c2c(C#N)sc3ncnc(N4CCCC(N)C4)c23)cc1,28.16
CC(C)(O)c1nc(-c2cc(F)nc(F)n2)c(-c2ccc(C#N)cc2)n1C#N,30.03
N#Cc1ccc(-c2ccc(-c3nc(OCCCN4CCCCC4)nc(-c4ccncc4)n3)cc2)cc1,15.39
Cc1cc(C#N)cnc1C#N,13.75
N#Cc1ccc(-c2nc(-c3ccc(C#N)cc3)nc(-c3ccc(C(N)=O)cc3)n2)cc1,13.73
O=C(Cc1ccccc1)c1c[nH]c2ccccc12,22.59
CCCc1c2c(c(O)c3c1-c1cc4c(cc1CC3)OCO4)OCO2,24.29
COc1cc2c(cc1OC)CN(CCc1ccc(N=c3nc(-c4ccc(F)c(C(=O)Nc5ccc(C#N)cc5)c4)cc[nH]3)cc1)CC2,30.15
CC1(C)OC(=O)N(c2ccc(-c3nc(-c4ccncc4)nc(-c4ccnc(C#N)c4)n3)cc2)C1c1ccccc1,24.86
CNC(=O)C1OC(n2cnc3c(=N)[nH]c(=NN=Cc4ccccc4O)[nH]c32)C(O)C1O,26.93
CN=c1[nH]cc(-c2cc[nH]c(=NCc3ccnc(C4CC4)c3)n2)cc1C#N,26.72
Cn1cc(-c2ccc(Cc3nc(C=CC#N)c4cnccc4n3)cc2)cn1,21.38
N#Cc1ccc(-c2nc(-c3ccc(C#N)cc3)nc(-c3ccc(-c4cc(-c5nc(Cl)nc(Cl)n5)nc(N5CCOCC5)n4)cc3)n2)cc1,12.52
CN(Cc1nc(-c2ccc(C#N)cc2)no1)c1cnc(-c2cnn(C)c2)cn1,18.16
CCCCOC(=S)Nc1ccc2c(c1)C(=O)c1ccc(N)cc1C2=O,20.45
Cc1ccc(C(=O)N2CCC(c3ccc(C#N)cc3)CC2)cc1-c1[nH]c(C#N)nc1Cl,17.07
C#CCN(CC)C1Cc2c(cc(-c3ccc4c(c3)C(C)(C)CCN4C(C)=O)c3c2C(=O)NC3=O)O1,40.73
N#Cc1ccc(-c2nc(-c3ccc(-c4ccc(C(=O)Nc5cccc(N=NN)c5)cn4)cc3)nc(-c3ccc(C#N)cn3)n2)cc1,36.15
C=c1cc(O)c2cc(O)cc(O)c2c1=C,21.52
N#Cc1ccc(-n2c(C=Cc3ccc(O)c(O)c3)nc3ccccc3c2=O)cc1,20.74
CC(C)c1cc(O)ccc1Nc1ccc(C#N)cc1S(=O)(=O)N=c1nc(C#N)[nH]c(=Nc2ccc(C#N)cc2)[nH]1,40.86
CC(NC=O)C(C)(C)c1cc(N(C)C(=O)Nc2c(Br)cccc2Br)nc(-c2ccc(Cl)cc2)n1,45.28
Cc1nc2ccccc2nc1-c1ccc(-c2ccccc2C#N)cc1,24.77
COc1ncccc1CN=c1ccc(Br)c[nH]1,24.03
Clc1nc(Cl)nc(-c2ccc(-c3cc(-c4ccc(-c5nc(Cl)nc(Cl)n5)cc4)nc(-c4ccc(-c5nc(Cl)nc(Cl)n5)cc4)c3)cc2)n1,9.99
Cc1c(N=C(N)c2ccc(-c3ccc(-c4ccc(C5=NCC(F)CN5)cc4)s3)cc2)ccc(=O)[nH]c1=O,45.11
N#Cc1ccc(-c2sc(N)c(C(=O)c3ccc(Cl)nc3)c2C2CC2)cc1,29.33
N#Cc1ccc(-c2nc(-c3ccc(C#N)cc3)nc(-c3nccc(C#N)n3)n2)cc1,12.56
Cc1ncnc(C2CCN(Cc3ccc(-c4ncc(-c5cccc(C#N)n5)nc4-c4ccc(-c5ccc(C#N)cc5)cc4)cc3)C2)n1,22.3
N#Cc1cccc(N=c2[nH]cccc2Nc2ccc3c(c2)C(=O)c2cc(N)ccc2C3=O)c1,22.62
CS(=O)(=O)c1ccc(-c2cc(-c3cccc(C#N)n3)nc(-c3cccc(C#N)n3)n2)c(F)c1,25.68
N#Cc1ccc(-c2noc(CNCCNS(=O)(=O)c3cccc(C#N)c3)n2)cc1,21.37
CCNC(=O)C1CCCN1Cc1coc(-c2ccccc2)n1,26.08
C#CCn1cc2nc(-c3ccc(-c4ccc(C#N)cc4)cc3)nc-2nc1C=Cc1ccc(-c2cccc(C(=O)N3C=C(C(=O)OCC)CCC3)c2)cc1,42.94
Cc1cc2c(C)cc(N3CCN(C)CC3)nc2s1,21.75
O=S(=O)(N=c1ccc(F)c[nH]1)c1ccc(Oc2ccc(F)cc2-c2ccncc2)c(F)c1,22.57
COc1ccc(-c2ccc(-c3nc(-c4ccc(-c5ccc(C#N)cc5)cc4)nc(-c4ccc(-c5ccc(C#N)cc5)cc4)n3)cc2)cc1,12.05
C=CC(=O)Nc1ccc(N=c2c(C(N)=O)c[nH]c3cc(OCC)c(OC)cc23)cc1,30.61
N#Cc1cnc(-c2ccc(C3C(C#N)N(C(=O)C4CCCN4)C3C#N)cc2)c(F)c1,32.3
NC(=O)c1cc(C(N)=O)n(-c2ccc(N3CCN(c4ccccc4)CC3)c(-c3ccc(-c4ccc(F)cc4)cc3)n2)n1,31.59
Cc1ccc(-c2cccc(C#N)n2)nc1C(=O)N=c1cc[nH]c(C(F)(F)F)c1,21.16
CC(=O)c1c(Nc2cccc3cccc(C(=N)N)c23)c(N)c2ccccc2c1N,30.91
Cn1cc(C#N)cc1-c1c(C(=O)NCc2ccc(C#N)cc2)nc(C(=O)c2cccc(F)c2)c(=O)n1C,38.53
N#Cc1ccc(-c2csc(Nc3ccc4c(c3)C(=O)c3ccc(N)cc3C4=O)n2)cc1,12.65
N#Cc1ccc(-c2ccc(-c3cc(-c4ccc(C#N)cc4)nc(-c4ccc(C#N)cc4)n3)cc2)cc1,12.62
NC(=S)NN=Cc1ccc(C=CC(O)=NO)cn1,20.47
COc1nn2cc(-c3nc4ccc(F)cc4[nH]3)nc2s1,24.98
O=C(Nc1cccc(Nc2ccc3c(C=Cc4ccccn4)[nH]nc3c2)c1)c1ccc(Cl)c(C(F)(F)F)c1,20.53
N#Cc1cncc(-c2nc(-c3ccnc(C#N)c3)nc(-c3cccc(C#N)n3)n2)c1,16.54
N#Cc1ccc(-c2cc(C#N)c(-c3cncc(C#N)c3)nc2-c2cc(C#N)cs2)cc1,23.03
Cc1c(C(=O)C=Cc2ccccn2)nn(-c2ccccc2)c(=O)c1C#N,21.3
Cc1cc(C#N)ccc1-c1nc(-c2ccc(-c3ccc(C#N)cc3)cc2)nc(-c2ccc(-c3ccc(C#N)cc3)cc2)n1,14.51
N#Cc1ccc(-c2ccc(-c3nc(-c4ccc(Nc5cccc(F)c5)c(C(F)(F)F)n4)n(C4CCCCC4)n3)cc2)cc1,30.16
Cc1cc(-c2ccc(-c3ccc(C#N)cn3)nc2)[nH]c(=Nc2ccc(C3CC3)cn2)n1,20.3
N#Cc1ccc2c(c1)c(C#N)cn2-c1cc(-c2cnn(Cc3ccccc3)n2)nc(C#N)n1,30.52
Cc1ccc(C=C2c3c(ccc4c3C(=O)c3c(O)cccc3C4=O)OC(=N)C2C#N)cc1,26.63
O=C(C=Cc1ccc(O)c(O)c1)COC(=O)C=CC=Cc1ccc(O)c(O)c1,20.73
N#Cc1ccc(C=CC(=O)Nc2ccc3nc(C#N)nc(Cc4ccc(C#N)cc4)c3c2)cc1,21.8
N#Cc1ccc(-c2ccc(-c3noc(-c4ccc(CN)cc4)n3)cc2)cc1,20.09
N#Cc1ccc(-c2nccc(-c3ccc(-c4nc(-c5ccc(-c6ccccc6)cc5)nc(-[n+]5ccc(-c6ccncc6)cc5)n4)cc3)n2)cc1,19.58
Cc1nc(-c2ccc(-c3ccc(C#N)cc3)cc2)c(-c2ccc(-c3ccccc3)cc2)nc1CCC(=O)O,22.2
COc1cc(CCNC(C2=CCc3ccccc3O2)c2ccccc2)ccc1OCc1ccc(C#N)cc1,48.45
CN(C)c1ccc(-c2nc(-c3ccc(C#N)cc3)nc(-c3ccc(-c4ccc(C#N)cc4)cc3)n2)cc1,15.33
O=C(c1ccccc1)c1cccc(-c2ccc(O)c(C(=O)NCC3CCCN3)c2)c1,37.67
CCc1csc(C=Cc2ccnc(C=CC#N)n2)n1,19.96
N#Cc1ccc(-c2cc(-c3ccc(C#N)cc3)nc(-c3cc(Cc4nc5ccc(F)cc5c(=O)o4)ccc3F)c2)cc1,35.08
Cc1ccc(-n2c(SCc3ccc(C#N)cc3)nc3cc(Cl)ccc3c2=O)c(C)c1,25.61
CC(C)(C)c1cc(=NC(=O)c2ccc(-c3cc(-c4cccc(C#N)n4)nc(-c4ccc(C#N)cn4)n3)c(Cl)c2)n(-c2ccccc2)[nH]1,30.95
N#Cc1ccc(N=Cc2ccc3nc(-c4cccc(-c5ccc(C=Nc6cc(O)c(N)cc6O)cc5)n4)ccc3c2)cc1,27.48
CN=c1ccc(-c2cn3c(-c4ccc(-c5nc[nH]n5)cc4)c(C#N)nc3c(N3CCOCC3C)n2)c[nH]1,30.73
N#Cc1ccc(-c2ccc(-c3nc(-c4ccc(-c5ccc(Cl)cc5)cc4)nc(-c4ccc(-c5ccc(C#N)cc5)cc4)n3)cc2)cc1,9.8
N#Cc1ccc(N=c2c(C#N)c[nH]c3ccc(-c4cc(F)cc(C#N)c4)nc23)cc1,27.89
Cc1nnc(CNc2ccc(Cl)cc2)n1-c1ccccc1,20.27
COc1ccc2ccn(CC(O)CNCCNC(=O)Nc3ccc(C#N)cc3)c2c1,35.78
N#Cc1ccc(-c2ccc(Cn3cnc4cc(C#N)nc(C#N)c43)o2)cc1,23.8
COc1cc(OC)cc(N(CC#Cc2cc(C)nc(-c3cnc(OC)nc3)n2)c2cnc3cc(-c4ccc(F)c(F)c4)ccc3n2)c1,36.1
N#Cc1ccc(-n2cc(C=O)nn2)cc1,15.61
N#Cc1ccc(-c2ccc(-c3[nH]c(=Nc4ccc(Cl)cc4)[nH]c(=O)c3C#N)cc2)cc1,17.41
Nc1ccc2c(c1)C(=O)c1ccc(NCc3cnnn3-c3ccccc3F)cc1C2=O,18.57
N#CC(=Nc1ccc(F)c(F)c1)c1nc(-c2ccc(C#N)cc2)no1,21.55
N#Cc1ccc(-c2ccc(CN3C(c4ccc(-c5ccc(C#N)cc5)s4)Nc4cc(C#N)ccc4S3(=O)=O)cn2)cc1,28.91
COc1ccc(-c2c(F)c(F)c(-c3nc(OC)nc(-c4ccc(C#N)cc4)n3)c(F)c2F)cc1,16.62
Cc1nccn1-c1cc(CNc2cc(Cl)c(C#N)cc2F)nc(-c2ccccn2)n1,30.84
CC(C)N(C)Cc1nc2cnccc2n1Cc1cccnc1,30.62
N#Cc1cc(Oc2ccc(-c3nnc(C(N)=O)o3)cc2)c(C#N)c(F)n1,30.08
N#Cc1c2ccccc2c(-c2nc(-c3cccc4ccccc34)nc(-c3c4ccccc4c(C#N)c4ccccc34)n2)c2ccccc12,8.89
Cc1ccc(S(=O)(=O)Nc2ccc(N=c3cc[nH]c(-c4cccnc4)n3)nc2)cc1,28.23
Cn1cncc1-c1nc(-c2ccc(C#N)cc2)nc(-c2cncc(C#N)c2)n1,12.85
CC(=O)N1CCC(C(=O)N(CCN2CCN(c3ccc(Cl)cc3Cl)CC2)c2c(F)c(F)c(C#N)c(F)c2F)CC1,32.22
N#Cc1cc(N=C=S)ccc1Nc1ccc2c(c1)C(=O)c1ccc(N)cc1C2=O,15.94
N#CC(C#N)=Cc1cn(-c2ccccc2)nn1,19.69
N#Cc1ccc(-c2ccc(-c3nc(Cl)nc(Cl)n3)cc2)cc1,7.35
N#Cc1ccc(-c2ccc(-c3nnc(N=CN4CCN(C=O)CC4)nc3-c3ccc(-c4ccc(C#N)cc4)cc3)cc2)cc1,15.32
O=C(NCn1ccc(=NCc2ccc(Cl)c(Cl)c2)[nH]1)c1cccc(Cl)c1F,45.04
CN1CCN(CCC(=O)Nc2ccc3c(c2)C(=O)c2ccc(NC(=S)NCc4ccc(N=C(N)N)cc4)cc2C3=O)CC1,21.72
CCOC(=O)c1cc(C#N)c2c(-c3ccc(C#N)cc3)nc(-c3ccc(C#N)cc3)n2c1,27.1
Cc1ccc(-c2noc(CCNC(=O)c3nccc4ccccc34)n2)cc1,26.88
Cc1nn(C(=O)Nc2ccc(-c3ccccc3)cc2)c(=O)n1Cc1ccc(-c2ccccc2)cc1,24.7
N#Cc1ccc(-c2ccc(-c3nc(-c4ccc(-c5ccc(C#N)cn5)nc4)nc(-c4ccc(-c5cnc(C#N)cn5)cn4)n3)cn2)nc1,14.74
CC(C=CCC(=O)Nc1c(O)[nH]c2ccc(F)cc12)=CCCC(C)=CCc1c(O)ccc(O)c1C(=O)O,39.66
Cc1ccc(C(=O)N2CCCC2C#N)nc1,26.34
CCNC(=O)N1CCC(N=c2nc(-c3cc(C#N)c4ccncn34)cc[nH]2)CC1,25.86
O=S(=O)(O)c1ccc2[nH]c(O)c(N=Nc3ccc(N=Nc4ccccc4)cc3)c2c1,19.5
CN(C)c1ccc(-c2cc(-c3cccc(C#N)n3)nc(-c3ccc(C#N)cc3)n2)cc1,12.11
N#CC=Cc1ccc(-c2csc(=NC(=N)N)[nH]2)cc1,18.63
Cc1nccc(-c2ccc(OCc3ccc(-c4nc(-c5ccc(-c6ccc(C#N)cc6)cc5)nc(-c5ccc(-c6ccc(C#N)cc6)cc5)n4)cc3)nc2)n1,23.64
N#Cc1ccc(-c2ccc(Cc3nc(-c4ccc(-c5ccc(C#N)cc5)cc4)nc(-c4ccc(-c5ccc(C#N)cc5)cc4)n3)cc2)cc1,10.77
COc1cccc(-n2sc(-c3c(F)cccc3F)nc2=O)c1,19.31
N#Cc1cc[nH]c(=Nc2ccc(F)c(F)c2C#N)n1,17.54
N#Cc1c2ccccc2c(-c2nc(-c3c[nH]c4cc(F)ccc34)nc(-c3c4ccccc4c(C#N)c4ccccc34)n2)c2ccccc12,18.62
COc1cc(N=c2[nH]cnc3ccc(-c4cc(Cl)c(O)c(Cl)c4)cc23)ccc1-n1cnc(CO)c1,26.66
CCOc1cccc2c1C(=O)c1cc(-n3c4nc(=O)[nH]c(=O)c-4nc4cc(N)ccc43)ccc1C2=O,33.38
N#Cc1cncc(-c2cc(-c3cc(F)c(C#N)c(F)c3F)nc(-c3cncc(C#N)c3)n2)c1,17.27
CC(C)(C)c1nc(=Nc2cccc(-c3cc(F)cc(F)c3)c2)[nH]nc1-c1ccc(Cl)cc1,30.42
N#Cc1ccc(N=Cc2ccc(N=CC(C#N)c3nc(-c4ccc(C#N)cc4)cs3)cc2)cc1,23.49
Cc1nc(-c2ccc(-c3ccc(-c4c[n+](CC(N)=NO)cc(C=Cc5ccc(-c6cccc(C[n+]7ccc(N(C)c8ccc(N)cc8)nc7)c6)nc5)n4)cc3)cc2)[nH]c1C=CN=S,54.54
N#Cc1ccc(-c2nc(-c3ccc(C#N)cc3)nc(C(c3ccc(C#N)cc3)n3ccnc3)n2)cc1,17.19
N#Cc1cnc(Oc2cc(C(=O)N=c3cnc(C#N)c[nH]3)cc(Cl)c2Cl)nc1,28.94
CCC(=O)Nc1ccc(-c2cc(=Nc3cccc(-n4ccnc4)c3)[nH]c(CCNc3ccc(Cl)cc3)n2)cc1C#N,43.6
Cc1c(F)c(N2CCC3CCNCC3C2)cc2occ(-c3ccc(-c4cc(F)c(F)c(F)c4)c(F)c3F)c(=O)c12,53.34
N#Cc1ccc(-c2cnc(-c3cnc(C(N)=O)nc3)c(F)c2)nc1,22.57
C=CC(=O)Nc1cccc(N=c2nc(-c3ccc(CNC(=O)N=c4cc(C(C)(C)C)o[nH]4)nc3)nc(N3CCN(Cc4ccc(C#N)cc4)CC3)[nH]2)c1,38.85
COc1cc([N+](=O)[O-])ccc1CNc1ccc2nc[nH]c(=Nc3ccc(Cl)c(C(F)(F)F)c3)c2c1,31.41
Cc1nc(Cl)nc(N=CN2CCN(C=O)CC2)n1,13.67
CN(C)N=Cc1ccc2c([N+](=O)[O-])cccc2n1,27.74
NC(=O)C[N+]1(CC(=O)c2ccccc2)CCOCC1,26.85
N=c1[nH]c(-c2ccccc2)cn1N=Cc1nc(-c2ccc(CCCF)cc2)ns1,28.9
Cc1ccc(-c2nc(-c3ccc(C=Nc4cc(O)c(N)cc4O)cc3)nc(-c3ccc(-c4ccc(-c5ccc(C=Cc6ccccc6)cc5)cc4)cc3)n2)cc1,25.44
N#CC=Cc1cccc(-c2cc(Cl)c(OCC#N)c(Cl)c2)c1,26.04
Cc1cccc(C#Cc2cccc(-c3nc(-c4ccc(C#N)cc4)nc(-c4cncc(C#N)c4)n3)c2)n1,13.94
COC(=O)C1(C)CC2=C3CCC4(CN(CCCCN5CCN(c6ccc(F)cc6)CC5)CS4)C3(C)C=CC2C1,41.76
CCc1nc(-c2c(F)c(F)c(C#N)c(F)c2F)cc(-c2ccc(C#N)cc2)c1C#N,26.0
N#Cc1ccc(-c2nc(-c3ccc(C#N)cc3)nc(-c3ccc(C#N)cn3)n2)cc1,10.5
N#Cc1ccc(-c2nc(-c3ccc(C#N)cc3)nc(-c3ccc(Cl)cc3Cl)n2)cc1,13.62
N#Cc1ccc(-c2ccc(-c3nc(-c4ccc(-c5ccc(C#N)cc5)cc4)nc(-c4nccc(-c5ccsc5C#N)n4)n3)cc2)cc1,24.95
CCOC(=O)Cn1ncc2c(Cc3n[nH]c(=N)s3)cc3ccccc3c2c1=O,34.45
CCOc1nc(-c2ccc(-c3cncc(CN4CCN(c5nc(Cl)ncc5Br)CC4)c3)cn2)cnc1-c1cccc(C#N)n1,33.49
COc1cc(F)ccc1-c1nccc2cc(S(=O)(=O)N=c3cc[nH]cn3)ccc12,25.11
Cc1c(-c2nc(-c3c4ccccc4c(C#N)c4ccccc34)nc(-c3c4ccccc4c(C#N)c4ccccc34)n2)c2ccccc2n1C,13.49
N#Cc1ccc(-c2cc(-c3cccc(C#N)c3)nc(-c3ccc(C#N)cc3)n2)cc1,13.32
N#Cc1ccc(-c2ccc(-c3nc(-c4ccc(C#N)cc4)nc(-c4ccc(-c5ccc(C#N)cn5)nc4)n3)cc2)cc1,10.44
Cc1ccc(-n2nc3cc(NC(=O)c4ccncc4)c(C(F)(F)F)cc3n2)cc1,26.7
CC1(C)CC1c1ncc(C#N)cc1-c1nc(-c2cncc(C#N)c2)nc(-c2cncc(C#N)c2)n1,18.81
N#Cc1ccc(-c2ccc3c(c2)CN(C(=O)c2ccc(-c4ccc(C#N)cn4)cc2)CCO3)cc1,25.03
N#Cc1ccc(-c2ccc(-c3nc(-c4ccc(-c5ncc(F)cn5)cc4)nc(-c4ccc(-c5ccc(C#N)cn5)nc4)n3)cc2)cc1,15.09
COc1ccc(C=C2C(=O)ON=C2c2ccc(Br)cc2)c(Br)c1,22.77
N#CCOc1ccc(-c2cncc(=NC(=O)C(CCC(F)(F)F)Oc3ccccc3)[nH]2)cc1,34.25
N#Cc1ccc(-c2nc(-c3ccc(C#N)cc3)nc(-c3ccc4nccnc4c3)n2)cc1,15.51
CCN(CC)Cc1ccc(C=C2CCCC(=Cc3ccc(-c4nc(C)c(C=CC(O)=NO)s4)cc3)C2=O)cc1,27.39
Cc1cc2cc(C#N)ccc2cc1Cc1ccc2c(c1)C(=O)N(CCc1ccc(C(=O)O)cc1)C2,31.41
CCOC(=O)Cc1csc(=NN=C(C)c2ccc(OC)c(CSCC(=O)NCc3ccc(F)cc3F)c2)[nH]1,46.27
N#Cc1ccc(N=c2cc(C(F)(F)F)[nH]c(-c3ccc(F)cc3)n2)cc1,17.75
N#Cc1ccc(-c2cc(-c3ccccc3)nc(-c3cccc(NC(=O)C=Cc4cnc5ncccc5c4)c3)n2)cc1,39.58
Cc1ccsc1C=NNC(=O)CNC(=O)c1cccs1,22.29
CCOC(=O)c1nc(=C(C#N)C#N)c(=Cc2ccc(-c3ccc(-c4nc(Cl)nc(Cl)n4)cc3)cc2CO)c(CCCC(=O)O)c1CC(=O)O,47.0
N#Cc1ccc(-c2nc(-c3ccc(C#N)cc3)nc(-c3ncc[nH]c3=N)n2)cc1,12.15
N#CCc1ccc(-c2nc(-c3cncc(C#N)c3)nc(-c3cncc(C#N)c3)n2)cc1,12.3
O=[N+]([O-])c1ccc(C=Nc2ccc(O)cc2)cc1,20.61
N=C(Cc1cc(F)c(F)c(F)c1F)N1CCOCC1,28.47
N#Cc1ccc(-c2ccc(-c3nc(-c4ccc(C#N)cc4)nc(-c4ccc(C#N)cc4)n3)cc2)cc1,7.43
CC(=NNC(=O)COc1ccc(Cl)cc1)c1ccc(C=NN=c2[nH]c(N(C)C)nc(=Nc3ccccc3S(=O)(=O)C(C)C)[nH]2)cc1,39.98
CC(=O)c1cn(-c2ccc(-c3cc(-c4ccc(-c5nc(Cl)nc(Cl)n5)cc4)cc(-c4ccc(-c5nc(Cl)nc(Cl)n5)cc4)n3)cc2)c2ccccc12,19.12
CN(C)CC(NC(=O)N1Cc2cc(-c3ccc(-c4ccc(C#N)cc4)nc3)nc(C#N)c2C1)c1ccccc1,28.23
COC(=O)c1cc(=O)cn[nH]1,21.37
CNC(=O)c1cc(-c2[nH]c(=Nc3ccc(F)c(C4(C(F)F)COCC(=N)N4)c3)ccc2F)ncn1,37.42
Cc1c(C)n(Cc2ccc(-c3ccc(C(F)(F)F)cc3)cn2)c2ccc(-c3cc(-c4ccc(C#N)cc4)nc(-c4ccc(C#N)cc4)n3)nc12,26.03
N#Cc1cn(Cc2ccc(Cl)c(Cl)c2)c(C#N)n1,19.17
Cn1c(-c2ccc(C#N)cc2)nc2c(C#N)cc(-c3ccc(C#N)cc3)cc2c1=O,21.99
N#Cc1ccc(-c2ccc(-c3n[nH]c(-c4ccc(-c5ccc(C#N)cc5)cc4)n3)cc2)cc1,9.76
Cn1c(=O)n(Cc2nc(-c3ccc(C#N)cc3)no2)c2ccccc21,18.92
CN(C)c1nc(Nc2cccc3ccn(Cc4ccc(-c5ccccc5)cc4)c(=O)c23)cc(-c2ccc(C#N)cn2)n1,31.86
N#Cc1cccc(-c2nc(=NC(=O)Cc3ccccc3)nc(-c3ccccn3)[nH]2)n1,19.24
N#Cc1ccc(OCCCCN2N=C(c3ccnc4ccccc34)CCC2=O)cc1,25.37
N#Cc1ccc(-c2ccc(-c3csc(N=CN4CCN(C=O)CC4)n3)cc2)cc1,12.7
CCOC(=O)c1cc2c(c(-c3ccc(C=Nc4ccc(C#N)cc4)cc3)n1)CCCC2,22.89
COCCN1CCN(c2ccnc(N=c3nc(-c4nc5ccccc5n4C)cc[nH]3)c2)CC1,27.18
COc1cccc2c(S(N)(=O)=O)cc(C(=O)N=C(N)Nc3ccc(-c4cnco4)c(C#N)c3)cc12,44.25
N#Cc1ccc(C#Cc2cccc(-c3c(F)cnc4ncnn34)c2)cc1,24.11
CCOc1nc(-c2ccc(C#N)cc2)nc(-c2ccc(-c3ccc(C#N)cc3)cc2)n1,12.69
CCOc1ccc(CNC(=O)C=CC=CC#N)cc1OCC,26.72
C=CCN(Cc1c(C)nc(-c2ccc(C(=O)NCCC(=O)O)cc2)nc1-c1ccc(Oc2ccc(Cl)cc2)cc1)c1cc(C(F)(F)F)cc(Cl)n1,45.29
CCN(CC)Cc1nc(-c2ccc(C#N)cc2)nc(-c2ccc(C(N)C#N)cc2)n1,26.85
CCn1cc(C(=O)NNC(=S)Nc2ccc(Cl)cc2)c(=O)c2c(F)c(F)c(C#N)c(F)c21,25.61
CC1(C)c2cc(C#N)ccc2N=C(c2cc(-c3cncc(C#N)c3)ccn2)C1O,23.65
O=C(COC(=O)c1ccc2c(c1)NC(=O)c1ccccc1S2)NCc1ccc(Cl)cc1,26.04
N#Cc1ccc2ccc(Nc3nc(N=CN4CCN(C=O)CC4)nc(Nc4ccc5c(c4)C(=O)c4ccc(N)cc4C5=O)n3)cc2c1,14.79
N#Cc1cc(C#N)c(=N)[nH]c1N=C1CC(=O)c2ccccc2C1=O,23.77
N#CN=Cc1noc(-c2ccc(-c3cc(-c4cncc(C#N)c4)ncn3)cc2)n1,20.6
N#Cc1c(N=CN2CCN(C=O)CC2)nc(OCc2ccc(F)c(F)c2)nc1-c1ccccc1,21.81
COc1ccc(-c2nc(CCc3cnccn3)n(C)c2-c2cc(C(=N)N)nc(-c3cccc(C#N)c3)c2)cc1,37.79
N#Cc1ccc(-c2nc(C=NNC(=S)Nc3ccccc3)cs2)cc1,17.35
CCCCCCCCCC=CCCCOc1ccc2c(=O)cc(-c3ccc4c(c3)OCCO4)oc2c1,27.62
N#Cc1cc2c(cn1)c1cc(Cl)cnc1c1c3c(c4c5ccccc5n(CCN5CCC(O)CC5)c4c21)C(=O)NC3=O,45.27
N#Cc1ccc(-c2ccc(-c3nc(-c4ccc(-c5nc(Cc6ccc(Cl)cc6)no5)cc4)nc(-c4ccc5[nH]cnc5c4)n3)cc2)cc1,29.56
N#Cc1ccc(-c2ccc(-c3nc(C=Cc4cccc(C#N)c4)nc(-c4ccc(-c5ccc(C#N)cn5)cc4)n3)cc2)cc1,16.81
COc1ccc(C=CC=Nc2nc(C#N)nc(N3CCN(C)CC3)n2)cc1,20.01
O=CC(C(Cc1ccc(F)cc1)=NC(=O)c1ccccc1)N1CN=C(N[N+](=O)[O-])N(Cc2ccccc2)C1,34.75
COc1cc(-c2cccc(Cl)c2)cc(OC)c1-c1nc(C#N)c[nH]1,35.06
COc1cc(N=c2c(C#N)c[nH]c3c(C#N)cccc23)c(Cl)cc1Cl,21.01
N#Cc1cc2nc(-c3cccc(NC(=S)NC(=O)c4ccc(F)cc4)c3)c(=O)[nH]c2cc1C#N,25.32
CC12CCC(OC3OC(CO)C(O)C(O)C3O)CC1=CCC1C2CCC2(C)C(C=O)CCC12,25.0
CN1CCNC(C(=O)NC(C#N)Cc2ccccc2)C1,26.72
CC1(C)CN(c2nccc(-c3cc(C#N)cc(-c4cnc(C#N)nc4)n3)n2)CCC1O,34.72
Cn1c(N=c2nc(-c3cc(Cl)ccc3Cl)[nH]c3ccccc23)nc(Br)c1Br,30.14
COc1ccc(C=Cc2noc(-c3ccccc3)n2)cc1,17.55
N#Cc1c2ccccc2c(-c2nc(-c3ccc4ccccc4c3)nc(-c3c4ccccc4c(C#N)c4ccccc34)n2)c2ccccc12,13.95
N#Cc1ccc(-n2ncc(C(=O)c3ccc(Cl)c(Cl)c3)c2-c2ccc(F)cc2)nc1,23.12
c1cncc(-c2cn(-c3ncnc4[nH]ccc34)cn2)c1,15.03
O=[N+]([O-])C=Cc1ccc(F)cc1,15.42
N#Cc1cccc(C=CC(=O)c2ccc(F)cc2)n1,18.49
N#Cc1c(F)cc(F)c(F)c1F,12.09
Cn1cnc2c1CN(Cc1ccc(-c3ccc(F)cn3)cc1)CC2,27.17
N#Cc1ccc(-c2cc3c(cn2)CCc2c(-c4ccc5c(c4)NS(=O)(=O)C5)nn(-c4ccc(C#N)cc4)c2-3)cc1,31.23
CCCn1c(=O)c2[nH]c(-c3ccc(C#N)cc3)cc2n(CCC)c1=O,17.55
Cc1cnn(CCNCc2cnc(-c3ccc(C#N)cn3)nc2)c1,23.6
N#Cc1ccc(-c2nc(-c3ccc(C#N)cc3)c(C#N)c(-c3ccc(C#N)cc3)n2)cc1,11.05
c1ccc(-[n+]2ccc(-c3ccncc3)cc2)nc1,10.6
CC(CCc1nc(-c2ccc(C#N)cc2)nc(-c2ccc(C#N)cc2)n1)=NC#N,22.78
O=c1cc(-c2cc[n+](Cc3ccc(-[n+]4ccccc4C=NO)cc3)cc2)[nH]c2ccccc12,20.28
COCC(O)CN1CC2(CCCN(S(=O)(=O)c3ccc(C(F)(F)F)cc3)C2)C1,34.26
COc1ccc(-c2nc(-c3c[nH]c4ccc(-c5ccnc(C(F)(F)F)n5)cc34)nc(=N)[nH]2)cn1,33.48
Cn1cccc1C=Cc1nc(C=CC#N)cc(-c2ccc(C#N)cc2)n1,16.19
Cn1cc(-c2nc(-c3ccc(C#N)cc3)nc(-c3ccc(C#N)cc3)n2)cnc1=O,18.91
Cc1nc(C(=O)Nc2ccc3c(c2)C(=O)c2ccc(N)cc2C3=O)c(Nc2cccc([N+](=O)[O-])c2)c(=N)[nH]1,26.8
N#Cc1ccc(-c2ccc(-c3ccc(-c4nc(C#N)ccc4C#N)cc3)cc2)cc1,16.92
CCCN(c1nc(-c2ccc(C#N)cc2)nc(-c2ccc(C#N)cc2)n1)c1c(F)cccc1F,18.22
CC(C)Cn1ccc(-c2cccc(OCC=CCOc3ccc(-c4cccc(C(=O)O)n4)cc3)c2)nc1=O,28.19
Cc1cc(C#N)c(-c2ccc(C#N)cc2)cc1-c1cc[nH]c(=Nc2nc(N=CN3CCN(C=O)CC3)nc(N=CN3CCN(C=O)CC3)n2)n1,21.56
Cc1ccc(N=c2nc(-c3ccc(C#N)cc3)nc(N=Cc3cccnc3)[nH]2)cc1C,19.77
Cc1cc2c(nc1C)C(=O)c1c(C)ccnc1C2=O,21.11
NS(=O)(=O)c1ccc2nc(N=Cc3ccc(N=C4C(=O)C(=Cc5ccc(O)cc5)C(=O)N(c5ccccc5)C4=O)cc3)sc2c1,33.62
CCCCc1ccc(-c2noc(CN3CCN(c4ccccc4)CC3)n2)cc1,16.0
Cc1ccc(C(=O)NCC(F)(F)F)cc1N=c1c(C#N)c[nH]c2c1c(C)nn2C,34.95
N#Cc1ccc(-c2cc(-c3nc(C#N)nc4cc(F)ccc34)c(F)c(-n3ncc(=O)[nH]c3=O)c2)cn1,30.71
N#Cc1ccc(-c2nc(-c3ccc(C#N)cc3)nc(-c3ccnc(Cl)c3F)n2)cc1,13.28
N#CC=Cc1ccc(C(O)(c2ccc(C#N)cc2)c2cccnc2)cn1,19.09
CN(C(=O)c1ccc(-c2ccnc(-c3ccc4c(c3)CCO4)n2)cc1F)c1ccc(N2CCNCC2)cc1,30.62
O=C1N=c2ccc(Br)cc2=C1c1[nH]c2ccccc2c1NOCCN1CCNCC1,19.93
CC1CN(C=Nc2sc3c(c2C#N)CCc2ccc(Cl)cc2-3)CCN1C1CCc2ccc3ccccc3c21,35.5
Nc1ccc2c(c1)C(=O)c1ccc(Nc3ccc(N)c4cccnc34)cc1C2=O,18.52
CCOC(=O)Cc1csc(=NC(=O)c2cn(Cc3cc(C)cc(C(C)(C)C)c3)c3cc(Cl)ccc3c2=O)[nH]1,34.4
N#Cc1ccc(-c2nc(-c3ccc(C#N)cc3)nc(-c3cncc(C#N)c3)n2)cc1,12.79
Cc1c[n+](Cc2ccc3c4c(c(F)ccc24)-c2ccccc2C3=O)ccc1N(C)c1ccc(Br)cc1,35.35
N#Cc1cc(F)cc2c1CCc1nnc(-c3ccc(-c4nc[nH]n4)cc3)n1-2,23.49
N#Cc1ccc(-c2ncc(-c3ccc(C#N)cc3F)c(-c3ccc(F)cc3)n2)nc1,19.79
CC1CCN(C=Nc2nc(N=CN3CCN(C)CC3)nc(N=CN3CCN(C=O)CC3)n2)CC1,15.14
COc1ccc(C=Cc2cc(OC)cc(OC)c2C=NOCc2ccc(C)cc2)cc1,26.1
Cc1cn(-c2ccc(Cl)nn2)cn1,23.24
Nc1ccc2c(c1)C(=O)c1ccc(Nc3nc(Nc4ccc5c(c4)C(=O)c4ccccc4C5=O)nc(Nc4ccc5c(c4)C(=O)c4ccc(N)cc4C5=O)n3)cc1C2=O,9.27
CN(C)c1ccc(N=Cc2cccc([N+](=O)[O-])c2)cc1,18.6
O=C(O)C=Cc1cc(F)cc(F)c1,18.55
CCCn1c(=Nc2cccc(CNc3ccc4[nH]cnc(=Nc5ccc(Cc6ccccc6)cc5)c4c3)c2)oc2ccccc21,43.26
Cc1nc(C=CC#N)nc(-c2ccc(C#N)cc2)n1,12.81
c1cc(-c2cc[n+](-c3ccnc(-[n+]4ccc(-c5ccncc5)cc4)n3)cc2)ccn1,8.32
N#Cc1ccc(-c2ccc(-c3nc(-c4ccc(-c5ccc(C#N)cn5)nc4)nc(-c4ccc(-c5cnc(C(F)(F)F)cn5)nc4)n3)cn2)cc1,17.15
N#CCCn1nc(-c2ccc(OCc3ccc4ccccc4n3)cc2)nc1-c1ccc(-c2ccc(C#N)cc2)cc1,19.83
N#Cc1ccc(-c2ccc(-c3nc(-c4ccc(-c5ccc(F)cc5)cc4)nc(-c4ccccn4)n3)cc2)cc1,16.42
CCOC(=O)c1c(NC(=O)COc2ncnc3c2cnn3-c2ccccc2)sc2c1CCCC2,31.68
Cc1cc(=NC(C#N)c2ccc(F)cc2)nc(C(=O)OCc2ccc(C#N)cc2)[nH]1,31.93
N#Cc1ccc2c(c1)C(=Nc1c(F)c(F)c(F)c(C#N)c1F)C(=O)N2,23.63
Cc1cc(=NC=CN=c2cc[nH]c(-c3ccc(F)cc3)n2)c2cc(F)ccc2[nH]1,25.81
CC(C)=C(CC=CC(=O)N=C1CC1)n1cnc(=N)[nH]c1=O,43.97
N#Cc1ccc(C(=O)c2c(C(=O)Nc3ccc(-c4ccc(C#N)cc4)cc3)nn(-c3ccc(F)cc3)c2-c2ccccc2)cc1,24.58
N#Cc1cccc(C(=O)Nc2cn3c(-c4ccc(-c5c[nH]c(=N)cn5)cc4)ccnc3n2)c1,24.99
COc1ccc(-c2csc(N=Cc3ccc(O)cc3)n2)cc1,15.74
Cc1nn(-c2cccc(Oc3ccc(S(=O)(=O)N=c4ccc(F)c[nH]4)cc3C#N)c2)cc1C#N,21.33
COc1c(C=C2C(=O)NC(=O)N(c3ccc(C)cc3)C2=O)c(-c2ccc(F)cc2)nc2ccccc12,25.09
N#Cc1ccc(-c2ccc(-c3nc(-c4ccc(-c5ccc(C#N)cc5)cc4)nc(-c4cc5ccccc5[nH]4)n3)cc2)cc1,15.24
CS(=O)(=O)c1ccc(-c2ccc(S(=O)(=O)Nc3cccc4cccnc34)cc2)cc1,30.81
CCn1cc(C(=O)O)c(=O)c2cc(F)c(N3CCN(c4nc(N(C)C)nc(N(C)C)n4)CC3)cc21,21.25
Cc1cc(-c2ccc(C#N)cc2)nn1-c1nccc2ccc(C#N)cc12,20.18
COc1ccc(NC(=S)N2CCN(c3nc(-c4ccccc4)nc4ccccc34)CC2)c(OC)c1,22.68
Cc1nnc(C=NNC(N)=NO)n1-c1cccc(C#N)c1,27.95
Cc1ccc(-c2ccc(-c3ccc(-c4nc(-c5ccccc5)n(-c5ccc(-c6nc(C=Cc7ccc(N(C)C)cc7)nc(C=C7SC(=S)NC7=O)n6)cc5)c4-c4ccccc4)cc3)cc2)cc1,40.5
COc1ccc(-n2cnc3cc(-c4ccc(C#N)nc4)ncc3c2=O)cn1,28.43
Cc1ccc2occ(C=NNC(=O)c3ccc(C(=O)NN=Cc4ccco4)cc3)c(=O)c2c1,28.55
N#Cc1ccc(-c2ccc(CNC(=O)c3sc(-c4ccc(F)cc4F)cc3C(=O)NCc3ccccn3)cc2)cc1,32.37
Cn1nc(Cl)c(-c2cc(-c3ccc(Cl)cc3)nc(-c3ccc(C#N)cc3)n2)c1-c1ccccc1,25.8
COc1cc(N=c2[nH]c(=Nc3ccc(CCN=c4nc(C)c5ccccc5[nH]4)cc3)[nH]c(=Nc3ccc(N4CCN(C(C)=O)CC4)cc3)[nH]2)cc(OC)c1,35.92
N#Cc1ccc(-c2ccc(-c3nc(Nc4nc(Nc5ccc6c(c5)C(=O)c5ccccc5C6=O)nc(Nc5ccc6c(c5)C(=O)c5ccc(N)cc5C6=O)n4)[nH]c(=N)c3C#N)cc2)cc1,21.76
CCc1cnnc(-c2cc(C#N)cnc2-c2ccc(C#N)cc2)c1,23.75
CC(C#N)NC(=O)C(CCc1ccc(-c2ccc(C#N)cc2)cc1)C(C)O,32.53
Oc1ccc2ccccc2c1C=C1CCN2Cc3ccccc3N=C12,22.76
O=C(Nc1ccc(C(F)(F)F)cc1)Oc1ccc(Cl)cc1C(=O)Nc1ccc(Cl)cc1,22.83
CC(=O)Nc1cc[n+](-c2nc(-[n+]3ccc(-c4ccncc4)cc3)nc(-[n+]3ccc(-c4ccncc4)cc3)n2)cc1,17.1
N#Cc1ccc(-c2nc(-c3cccc4c(C(=O)O)cccc34)nc(-c3c4ccccc4c(-c4cccc(C#N)c4)c4ccccc34)n2)cc1,26.75
N#Cc1ccc(C=Cc2nc3sc4c(c3c(=O)n2-c2ccccc2O)CCCCC4)cc1,28.0
CCCc1nc(O)c(C=CC#N)s1,25.47
N#CC(=Cc1ccc(-c2ccc(C#N)cc2)o1)C(N)=O,20.48
COc1nc(Cl)nc(N(C(C)=O)C(=O)c2c(F)cccc2F)n1,25.38
N#Cc1ccc(-c2ccc(-c3nc(-c4ccc(-c5ccc(C#N)cc5)cc4)nc(-c4ccc(-c5ccc(C#N)cn5)nc4)n3)cc2)cc1,10.17
Cc1ccccc1N=Nc1c(O)[nH]c2ccc(Cl)cc12,22.55
N#Cc1cccc(-c2cc(-c3cncc(C#N)c3)nc(-c3cccc(C#N)n3)n2)c1,16.56
CC(C#N)Oc1cc(F)cc(-c2ncnc(-c3cncc(C#N)c3)n2)c1,21.75
Nc1cc(O)c(N=Cc2ccc(-c3ccc(-c4ccc(C=Nc5cc(O)c(N)cc5O)cc4)nn3)cc2)cc1O,16.49
N#Cc1ccc(-n2c(=O)[nH]c(O)c(C(=O)C(=O)Nc3c(F)cccc3Cl)c2=O)cc1,30.57
CC(c1ccc(-c2ccc(F)cc2)cc1)c1nnn(-c2ccc(F)cc2F)n1,25.67
COc1ccc(C=Nc2cnc3ccccc3n2)cc1,23.15
Cc1cc(-c2nc(-c3cccc(C#N)n3)n3c2CCOCC3)cc(C#N)n1,19.39
Cc1cc(-c2cnc3nc(-c4ccc(Cl)cc4)c(-c4ccc(F)cc4)nc3n2)ccn1,28.52
COc1ccc(-c2nc(-c3cccc4ccccc34)nc(-c3c4ccccc4c(C#N)c4ccccc34)n2)c2cc(C#N)ccc12,15.84
N#Cc1nc(-c2cccnc2)[nH]c(=Nc2ccc3ccccc3c2)n1,24.24
N#Cc1ccc(-c2nc(-c3ccc(C#N)cc3)nc(-c3cccc(-c4ccc(C#N)cn4)c3F)n2)cc1,11.02
N#Cc1ccc(-c2ccc(-c3nc(-c4ccc(-c5ccc(C#N)cc5)cc4)nc(-c4ccc(-c5cccc(F)c5)c(F)c4F)n3)cc2)cc1,14.62
CN(C)c1ccc(C=Cc2cc(C=Cc3ccccc3Cl)nc(C=Cc3ccc(OCc4ccccc4)cc3)n2)cc1,27.13
CCON=C(C(=O)N=C1C(=O)N2C1SCC(C=NC(=O)c1coc(-c3ccc([N+](=O)[O-])cc3)n1)C2C(=O)O)c1nc(C=NNc2ccc(C(=N)N)cc2)c(N)n1C(C)C,49.89
COc1cc2nc(-c3cncc(C#N)c3)nc(-c3ccc(C#N)cc3)c2cc1OC,24.55
N#Cc1cncc(-c2nc(-c3cccc(C#N)c3F)n3nc(Cl)cc3n2)c1,22.59
N#Cc1ccc(-c2nc(C#N)c(NC(=O)c3ccc(F)cc3)o2)cc1,16.66
CN(C)c1ccc(C=C(C#N)C#N)cc1,16.88
Cc1cc(F)ccc1-c1cc(Cn2c(C(=O)O)c(C3CCCCC3)c3cc(C#N)ccc32)ccn1,30.06
COc1cc(O)c(C(=O)C=Cc2ccccc2)c(O)c1,19.76
N#CC(C#N)=c1ccc2c(O)n(-c3ccc(C#N)cn3)c(=C(C#N)C#N)c2c1,28.25
N=c1ncc(-c2ccc(-c3cc(F)cc(C(F)(F)F)c3)cc2F)c[nH]1,22.7
CCS(=O)(=O)Nc1ccc2nnn(-c3cccc(-c4ccnc(-c5ccc(-c6ccc(C#N)cc6)cc5)n4)c3)c2c1,29.68
CC(C)(C)OC(=O)NCC#Cc1cnc(C(F)(F)F)cc1Oc1ccc(N=c2[nH]cnc3ccc(C#N)cc23)cc1Cl,38.26
CN(C)CCN(Cc1ccc(-c2ccc(C#N)cc2)cc1)C(=O)CN(C(=O)Nc1ccc(F)cc1F)c1ccc(C#N)cc1,28.15
N#Cc1ccc(-c2ccc(-c3nc(C(=O)c4ccncc4)nc(-c4cccc(C#N)n4)n3)cc2)cc1,20.28
O=CN1CCN(C=Nc2ccc(Cc3ccc(F)cc3)c(O)n2)CC1,16.68
N#Cc1ccc(-c2ccc(-n3c(-c4nc(-c5ccc(C#N)cc5)nc(-c5ccc(C#N)cc5)n4)nn(-c4ccc(C#N)cc4)c3=O)cc2)cc1,18.75
O=CN1CCN(C=Nc2nc(N=CN3CCCC3)nc(N=CN3CCN(C=O)CC3)n2)CC1,9.84
N#Cc1ccc(-c2cc(-c3ccc(-c4cccc(C#N)n4)cc3)nc(-c3ccc(C#N)cc3)n2)cc1,14.09
CCC(=O)N=Cc1cccc(-c2c(C(F)(F)F)[nH]n(C)c2=Nc2ccc(OC(F)(F)F)cc2)n1,22.95
Cc1nc(=CCc2nnc(-c3cccc(Cl)c3)o2)c(=CCC(=O)c2ccc(-c3ccc(-c4ccc(-c5nc(Cl)nc(Cl)n5)cc4)cc3)cc2)n1Cc1ccc(C#N)cc1Cl,59.1
N#Cc1ccc(-c2nccc(-c3cc(Cl)c(OCc4nc(C#N)cnc4-c4ccc(Cl)cc4)c(Cl)c3)n2)cc1,30.35
N#Cc1cncc(-c2ccc(-c3ccc(C#N)c(C#N)n3)c(C(=O)N=c3nn[nH][nH]3)c2)c1,24.15
Cn1c(C(C#N)C#N)nc2ccc3ccc(-c4nc(-c5ccc(C(=O)NCC(F)(F)F)cc5)nc(-c5ccc(C#N)nc5)n4)cc3c21,37.75
c1ccc(-c2cnc3c(-c4cccc5ccccc45)cnn3c2)cc1,21.08
N#Cc1ccc(-c2cc(C(=S)NCc3ccccc3)c(O)c(-c3ccc(C#N)cn3)c2)cc1,27.63
Cc1cc(N=Nc2nc(-c3cccc(O)c3)nc(N3CCN(C)CC3)n2)cc(C)c1O,23.98
N#Cc1c2ccccc2c(-c2nc(-c3nccc4ccccc34)nc(-c3c4ccccc4c(C#N)c4ccccc34)n2)c2ccccc12,13.98
COc1nc(C)cc2cc(Br)c(C=CC#N)nc12,31.37
CC(C)Cc1nc(-c2ccc(-c3ccc(C#N)cc3)cc2)nc(-c2ccc(-c3ccc(C#N)cc3)cc2)n1,16.97
Cc1cccc2ncc(-c3nc(-c4cncc(C#N)c4)nc(C4CCOCC4)n3)cc12,19.37
N#Cc1ccc(N=c2cc(Nc3c(F)c(F)c(C#N)c(F)c3F)nc[nH]2)cc1,16.03
N#Cc1ccc(-c2nc(C#Cc3ccc(CN4CCOCC4)cc3)nc(-c3ccc(C#N)cc3)n2)cc1,15.16
CCCCCCCCC=CCCCCCCCc1ccc(Oc2cc(C#N)cc(C#N)c2)cc1,32.62
CC(N=c1nc(N2C(=O)OCC2C(C)F)cc[nH]1)c1ccc(-c2cc(Cl)ccc2C#N)cn1,20.16
CN(c1cccc(C#CCCC(=O)N2CCOCC2)c1)c1nc(-c2ccncn2)nc(-c2cccc(C#N)n2)n1,30.61
CC(C)=c1nc(N2CCN(C)CC2)nc(-c2ccc(F)cc2)c1=Cc1ccc(-c2csc(-c3ccc(C(=O)NCCCN(C)C)cc3)n2)cc1,22.74
Cc1cc(-c2nc(-c3ccc(C#N)cc3)nc(-c3ccc(C#N)cc3)n2)cc2c1cnn2C,21.78
COc1cc(-c2nc(-c3ccc(-c4ccc(C#N)cn4)cc3)nc3ccnn23)ccc1-c1ccc(F)cn1,30.17
Cc1cc(N=c2cc(C)[nH]c(=N)[nH]2)[nH]c(=Nc2ccc(N3CCOCC3)cc2)n1,25.5
N#Cc1cncc(-c2nc(-c3cncc(C#N)c3)nc(-c3cc(C#N)cnn3)n2)c1,11.71
N#Cc1ccc(NC(=N)Nc2ccc3[nH]c4cc(NC(=O)Nc5ccc6c(c5)C5CCCN(NC5=O)C6=O)ccc4c(=O)c3c2)cc1,24.85
ON=C(c1ncc2c(n1)CNCC2)c1cc(C(F)(F)F)ccc1Cl,34.59
COc1ccc(-n2c(C=Cc3ccc(F)c(F)c3)nc3ccccc3c2=O)cc1,21.82
COc1cccc(-n2nc(C(=O)NCc3ccccn3)c3ccccc3c2=O)c1,22.42
COc1cc(OC)cc(-c2nnc(-c3ccc(-c4nc5cc(C)ccc5[nH]4)cc3)n2C)c1,24.06
O=c1c(Cl)c(Cl)cnn1-c1n[nH]c(COc2ccccc2)n1,28.62
N#Cc1ccc(-c2ccc(-c3nc(-c4ccc(C#N)cc4)nc(-c4ccc(-c5ccc(C=NO)cn5)cc4)n3)cc2)cc1,17.65
CN(C)c1nc(N(C)C)nc(N(C)c2ccc(C(=O)O)cc2)n1,21.54
N#CC=Cc1cncc(C=CC#N)n1,11.5
N#Cc1cccc(C(=O)C=Cc2cccc(F)c2F)c1,17.95
N#Cc1ccc(-c2ccc(-c3nc(-c4ccc(-c5ccc(C#N)cc5)cc4)n(-c4ccc5c(c4)OCO5)c3C#N)cc2)cc1,14.08
c1coc(-c2cc[n+](-c3nc(-[n+]4ccc(-c5ccncc5)cc4)nc(-[n+]4ccc(-c5ccncc5)cc4)n3)cc2)c1,12.74
Nn1c(CCl)nc2nc3ccccc3nc2c1=O,23.43
Cc1ccc(-c2ccc(-c3nc(-c4ccc(-c5ccc(C#N)cc5)cc4)nc(-c4ccc(-c5ccc(C#N)cn5)nc4)n3)cn2)cc1,18.21
CCN1CCN(Cc2nc3c(C#N)cnn3c(=Nc3ccncc3)[nH]2)CC1,29.13
Cc1cc(C#N)nc(N2CCN(C(=O)c3cc4ccccc4[nH]3)CC2)n1,22.13
CC(C)(C=O)c1[nH]c2c(C=O)c(O)ccc2c1Cc1nc(=O)n(Nc2sc3c(c2C#N)CCCC3)c(=S)[nH]1,32.92
Clc1nc(Cl)nc(-c2ccc(-c3ccc(-c4nc(=Nc5ccncc5)s[nH]4)cc3)cc2)n1,22.12
N#Cc1cc(-c2cc[nH]c(=Nc3ccnc(F)c3F)n2)cnc1N1CCC(F)C1,15.22
N#Cc1c(Cl)c(C#N)c(Nc2ccc(Br)cc2F)c(C#N)c1Cl,14.31
Cc1cc(=O)[nH]c(=NN=Cc2ccc(O)cc2)[nH]1,16.97
N#Cc1nnn(Cc2coc(-c3ccc(F)cc3)n2)n1,21.08
COC(=O)Cc1ccc(CC(NC(=O)c2ccc(C(=N)N)cc2)C(=O)O)cc1,32.15
N#Cc1ccc(-c2ncc(-c3ccc(C#N)cc3F)c(-c3ccc(C#N)cc3)n2)cc1,16.75
N#CCc1nc(C#N)c(C#N)c(=N)[nH]1,12.9
N#Cc1ccc(-c2ccc(-c3nc(-c4ccc(-c5ccc(C#N)cn5)nc4)nc(-c4cccc(C#N)c4)n3)cc2)cc1,10.99
CCN(CC)c1nc(Oc2ccc(F)cc2)cc(-c2c3ccccc3c(C#N)c3ccccc23)n1,26.3
CSc1ccc(-c2ccc(-c3nc(C=CC#N)c(C)c(-c4ccc(Cl)cc4)n3)cc2)cc1,26.33
N#Cc1cc(-c2ccc(-c3cn(Cc4ccc(-c5cccc(F)n5)cc4)nc3-c3ccc(Cl)c(O)c3)cc2)c[nH]1,32.38
N#Cc1ccc(-c2nc(-c3ccc(C#Cc4ccc(C(F)(F)C(N)=O)nc4)nc3)nc(N3CCOCC3)n2)cn1,29.25
Cc1cc(C(C#N)c2nc(-c3ccc(C#N)cc3)nc(-c3ccc(C#N)cc3)n2)no1,21.05
N#Cc1ccc(CSc2nc3cnccc3n2Cc2ccc(C#N)cc2)cc1,19.48
O=C(NCC1CCCO1)c1ccc(-c2cc(-c3ncccn3)nc(N3CCOCC3)n2)cc1,19.4
CC(=O)c1ccc(-c2ccc(-c3nc4ccc(-c5ccc(F)cc5)cc4nc3C=Cc3nc(-c4ccc(C#N)cc4)no3)cc2)nc1,27.41
CN(C)CCNC(=O)c1cc(-c2ccc(Cl)cc2)nc2ccc(-c3cc(F)cc(F)c3)cc12,28.32
N#Cc1c(F)c(F)c(C#N)c(Nc2ccccc2)c1F,15.67
Cn1nc(C(F)(F)F)cc1-c1c(F)cccc1-c1cncc2cc(S(=O)(=O)N=c3[nH]ncs3)ccc12,42.14
CC(N=c1[nH]cnc(N)c1C#N)c1ccc(-c2nc(-c3ccc(-c4ccc(C#N)cc4)nc3)nc(-c3ccc(Cl)cn3)n2)c(F)c1-c1ccc(-c2cnn(C)c2)cc1,45.27
O=c1n(C2CCCC2)c(=Nc2ccc3c(c2)OCO3)[nH]c2nc(-c3ccco3)nn12,27.89
C=C(C#N)c1c(C)nn(-c2ccc(C(F)(F)F)cc2)c1C(F)(F)F,35.15
N#CC(Sc1nc(=Nc2ccc(F)cc2)cc(Cl)[nH]1)C(=O)c1c(F)c(F)c(F)c(F)c1F,27.2
CC1(c2ccnc(C(F)(F)F)c2)CNC(c2ncc(C#N)[nH]2)=N1,35.79
c1ccc(-c2nccc(N3CCN(CC4COc5ccccc5O4)CC3)n2)nc1,26.04
Cc1ccc(OCCCC(=O)Nc2ccc(S(=O)(=O)N=c3cc(C)nc(C)[nH]3)cc2)cc1,26.32
N#Cc1cccc(-c2ccc(-c3ccc(C(=O)N4CCC(N5CCCC5=O)CC4)cc3)cc2)n1,23.05
Clc1nc(Cl)nc(-c2ccc(-c3cc(-c4ccc(-c5nc(Cl)nc(Cl)n5)cc4)cc(-c4ccc(-c5nc(Cl)nc(Br)n5)cc4)c3)cc2)n1,12.08
N#Cc1ccc(-c2cc3ncc(-c4ccncc4)nc3c(-c3cc4c(=O)[nH]ccc4[nH]3)n2)cc1,23.47
O=C(O)c1ccc(-c2ccc(-c3ccc(-c4nc(Cl)nc(Cl)n4)cc3)cc2)cc1,12.76
N#Cc1ccc(-c2nc(C#N)nc3c2c(-c2cccc(C#N)c2)cn3-c2ccc(F)cc2)cc1,27.59
N#Cc1ccc(N(C(=O)Nc2ccc(F)cc2)c2ccc(Cl)c(F)c2)cc1F,29.3
N#Cc1ccc(-c2ccc(-c3ncc(=O)n(-c4ccc(OC(F)(F)F)cc4)n3)cc2)cc1,17.13
N#Cc1ccc(S(=O)(=O)N=c2[nH]nc(S(N)(=O)=O)s2)cc1,22.78
CCc1c(C(=O)NCc2ccc(F)c(F)c2)c(-c2cccc(C#N)c2)nn1Cc1ccccc1-c1ccc2ccccc2n1,41.18
N#Cc1ccc(Cl)c(C#N)c1,11.42
N#Cc1ccc2[nH]c(=Nc3ccc(Cl)c(Cl)c3)c3cccn3c2c1,22.32
COc1cc(OC)cc(-c2cc(Nc3ccc(N)cc3C(=O)Nc3ccc(S(N)(=O)=O)cc3)nc(Nc3ccc4c(c3)C(=O)c3ccc(N)cc3C4=O)n2)c1,33.32
Cc1cc(Cl)ccc1NC(=O)CN(CCC(C)C)C(=O)c1ccc(-c2ccc(C#N)cc2)cc1,35.73
COc1ccc(NC(=N)N=c2nc(C)cc(C)[nH]2)cc1,18.63
Nc1ccc(S(=O)(=O)N=c2[nH]c(-c3ccc(-c4ccc(-c5nc(-c6ccc(Cl)c(Cl)c6)cs5)cc4)cc3)nc3[nH]c(SCCN4CCOCC4)nc23)cc1,43.26
N=c1nc(N2CCN(C(=O)Cn3ccc(-c4ccc(C(F)(F)F)cn4)n3)CC2)c2nc(-c3cccc(Cl)c3)cnc2[nH]1,38.52
COc1ccc2c(Sc3cc(OC)c(OC)c(OC)c3)ncnc2c1,22.66
Cc1cnn(-c2cnc(-c3ccc(-n4ccnc4)cc3)c(-c3ccc(-c4ccc(C#N)cc4)cc3)n2)c(=O)c1,28.28
CC1(C)CN(c2ccnc(C#N)n2)CC1(O)C1CCC1,28.83
N#Cc1ccc(-c2nc(-c3ccc(-c4nc(C=Cc5ccccc5)nc(-c5ccc(-c6ccc(C#N)cn6)cc5)n4)cc3)nc(-c3ccc(C#N)cc3)c2C#N)cc1,21.99
N#Cc1ccc2[nH]c(-c3ccc(C=NN=c4snc(-c5cc(F)c(Cl)cc5Cl)n4-c4ccc(Cl)cc4)cc3)nc2c1,24.91
N#Cc1ccc(-c2nc(-c3ccc(C#N)cc3)nc(-c3ccc(C#N)c(F)c3)n2)cc1,12.82
Cc1cccc(CCNC(=O)c2c[nH]c(C)c(O)c2=O)c1,22.89
O=C(O)C(CC1CCCCC1)NS(=O)(=O)c1ccc(-n2cc(Cl)cn2)cc1Cl,36.44
CNc1oc(-c2ccc(-c3ccc(C=Cc4ccc(C(F)(F)F)cc4)cc3)cc2)nc1C#N,25.31
N#Cc1cnc(C=Cc2ccccc2)n(Cc2ccccc2)c1=O,23.03
N#Cc1c2ccccc2c(-c2nc(-c3c4c(cc5ccccc35)C(=O)OC4)nc(-c3c4ccccc4c(C#N)c4ccccc34)n2)c2ccccc12,16.75
CC1=CC(C)(C)Nc2c1cc1c(-c3ccc(F)cc3)cc(C#N)cc1c2F,23.18
Nc1ccc(-c2cc[n+](CCCc3ccc(-c4ccc(C[n+]5ccc(-c6ccncc6)cc5)cc4F)cc3)cc2)cc1,27.57
N#Cc1cc(Nc2nc(=Nc3ccccc3C(N)=O)cc[nH]2)cnc1Cl,24.88
CCCC(=O)NC(C)C(=O)N=c1nc(-c2ccnc(C#N)c2)cc(-c2cccc(OC(F)F)c2)[nH]1,44.07
O=CCN1CCCN(CCCCN=c2cc[nH]c3cc(Cl)ccc23)CC1,34.51
CN(Cc1ccccc1)c1cc(N2CC3CC2CO3)nc2c(-c3ccc(C#N)nc3)nc(C(F)(F)F)nc12,37.56
N#Cc1cccc(C(=O)OCC2(CO)CC(=Cc3cccc(F)c3)C(=O)O2)c1,25.55
N#Cc1ccc(-c2ccc(-c3nc(-c4ccc(-c5ccc(C#N)cc5)cc4)nc(-c4ccc(-c5ccc(-c6cccc(C#N)n6)cc5)nc4)n3)cc2)cc1,14.17
COc1ccc(C=Nc2ccc(N=Cc3ccc(O)cc3O)cc2)cc1OC,19.56
COc1ccc(C=Nc2nc(N=CN3CCN(C=O)CC3)nc(N=CN3CCN(C=O)CC3)n2)cc1OC,18.38
N#Cc1ccc(-c2ccc(-c3nc(-c4cccc(C#N)c4)nc(-c4c(F)c(F)c(C#N)c(F)c4F)n3)cn2)cc1,16.25
N#Cc1ccc(-c2ccc(-c3nc(-c4ccc(-c5ccc(C#N)cn5)nc4)nc(C4C=CN=CC4)n3)cc2)cc1,18.24
N#Cc1ccc(N=c2nc(OC3CCCC3)[nH]c(=Nc3ccc(C#N)c(Cl)c3)[nH]2)cc1,20.4
N#Cc1c(N=Cc2c(O)[nH]c3ccccc23)sc2c1CCCC2,17.95
Cc1nc2n(CCCN3CCN(c4ccccc4)CC3)c(=O)c(=Cc3ccccn3)c(=O)n2n1,28.27
CCC(=O)N1CCN(c2ncc(N=Cc3c(OC)cccc3OC)cn2)CC1,28.33
Cc1nc(Cl)nc(Cl)n1,13.98
N#Cc1ccc(-c2nc(-c3ccc(C#N)cc3)nc(C(F)(F)F)n2)cc1,9.94
CCc1ccc(-c2cc(N(C)CCOC)cc(C#N)n2)c(-c2cc[nH]c(=Nc3cccc(OCCN4CCN(C(C)=O)CC4)c3)n2)n1,33.09
CN(C)CCNC(=O)c1cccc(-c2ccc(N=c3[nH]c(=Nc4ccc(NC(=O)CN5CCCCC5)cc4C#N)[nH]cc3Cl)cc2)c1,35.97
N#Cc1cnc(Nc2ccc3c(c2)C(=O)c2ccc(N)cc2C3=O)c(C#N)c1,15.11
Cc1cc(=NC(=O)Cn2cc([N+](=O)[O-])nn2)n(-c2ccccc2)[nH]1,20.72
CC(C)(C)c1cc(=NC(=O)Nc2ccc(NC(=O)c3nccc(-c4ccc(-c5ccc(C#N)cc5)nc4)n3)cc2)[nH]o1,26.47
N#Cc1ccc(-c2cc(C(=O)NN=Cc3ccccn3)c3cc(Cl)cc(Cl)c3n2)cc1,25.6
CN1CCN(C(=O)c2ncc(N=c3cc(Nc4ccccc4Cl)n4ncc(=Cc5[nH]c(=O)[nH]c5O)c4n3)cn2)CC1,34.7
CC(C)c1cc(-c2onnc2C(O)N=c2cc[nH]cc2F)c(O)cc1O,25.11
N#Cc1ccc(-c2ccc(-c3nc(-c4ccc(-c5ncccn5)cc4)nc(-c4ccc(-c5ccc(C#N)cn5)nc4)n3)cn2)nc1,13.56
Cc1ncc2cc(Nc3ccc(F)cc3)ccc2c1C(=O)Cc1ccc(F)cc1,33.45
CN=c1nc2ccc(-c3nc(-c4ccc(F)cc4)c(-c4ccnc5ccccc45)s3)cc2c[nH]1,26.7
CC1CN(c2ccc[n+](-c3nc(-[n+]4ccc(-c5ccncc5)cc4)nc(-[n+]4ccc(-c5ccncc5)cc4)n3)n2)Cc2c1[nH]c1ccc(C#N)cc21,31.94
Cc1nccn1-c1nc(C#N)ncc1CN=C(NC(=O)c1cscn1)c1ccc(C#N)cc1,39.7
N#CC(C#N)=C(c1ccc(-c2ccco2)nc1)c1cccc(-c2cccc(C#N)n2)c1,33.42
N#Cc1cccc(-c2cc3c(=Nc4ccc(F)c(F)c4)[nH]cnc3s2)c1,20.81
CCCCCC(=O)N(CC(C)C)c1c(N)n(CCCC)c(=O)[nH]c1=O,22.3
O=C(Nc1ccc(-c2ccc(C(=O)NCC(O)=NO)cc2)cc1)Nc1ccc(Cl)c(Cl)c1,34.23
N#Cc1ccc(-c2ccc(-c3nc(-c4ccc(-c5ccc(C#N)cn5)nc4)nc(-c4cccc(C(=O)O)c4)n3)cn2)nc1,19.42
N#Cc1ccc(-c2nccc(CN3c4ccccc4C=Cc4cccnc43)n2)cc1,25.35
CCCCCCCC(C(=O)Nc1ccc(-c2ccc(CCCCC)cc2)cc1)n1c(=O)nc(Nc2ccc(C#N)cc2)[nH]c1=N,38.35
CCCCCCCCCCCCCCCCCCOc1c(OC)cc(Cc2c[nH]c(=N)[nH]c2=N)cc1OC,23.94
N#Cc1ccc(-c2ccc(-c3nc(-c4ccc(C#N)cc4)nc(-c4ncc(Sc5ccncn5)s4)n3)cc2)cc1,24.12
COc1ccc(-c2nc(C#N)c(N(C)c3ccccc3)o2)cc1OC,17.3
COc1cc(C=CC(=O)OCC(=O)Nc2cccc(Cl)c2Cl)cc(OC)c1OC,26.8
NC(=NCCCC(NC(=O)C(Cc1cccs1)NC(=O)OCc1ccccc1)C(=O)c1nccs1)N[N+](=O)[O-],31.13
N#Cc1ccc(-c2ccc(-c3nc(-c4ccc(-c5ccc(C#N)cn5)nc4)nc(-c4ccc(-c5ncc(C#N)cn5)nc4)n3)cn2)nc1,8.99
Cc1cccc(-c2cc3c(nc(N4CCCC(N)C4)n3CC3CCC(C)CC3)c(C#N)n2)n1,24.46
CC(C)=CCCC(C)=CCc1cnc(=N)[nH]c1-c1ccc(C)cc1,25.5
COC(=O)C(C(C)=O)C(OC(C)=O)C(C)OC(=O)c1ccc(OC(C)=O)c(OC(C)=O)c1,41.32
Cc1cc(-c2nc(-c3ccc(C#N)cc3)nc(-c3ccc(C#N)cc3)n2)ccc1-c1nccc(C=CC#N)n1,22.69
CC(=O)NC1CCN(c2ccc3nc(-c4cc(C#N)c(C#N)c5ccccc45)[nH]c3n2)CC1,31.18
CC(C)Oc1ccc(-c2ccc(CC(NC(=O)c3c(Cl)cc4c(c3Cl)CCN(C(=O)c3ccc(Cl)cc3)C4)C(=O)O)c(-c3ccc(C(F)(F)F)cc3)c2)cc1C#N,43.95
CCCC12CCc3cc(NS(=O)(=O)c4ccc(C#N)cc4)cc(c31)C(=O)c1ccccc12,26.1
N#Cc1cccc(-c2ccc(C=CC(=O)Nc3ccc4c(c3)c(C#N)cn4CCO)cc2)c1,26.09
CC(C)(C)c1ncc(-c2ccc(N(Cc3ccccn3)C(=O)c3ccc(O)cc3O)cc2)c(C#N)n1,25.76
C=C1C(=O)C=C(OC)C(=O)C1=Nc1nc(N=CN2CCN(C=O)CC2)nc(N=CN2CCN(C=O)CC2)n1,27.04
CC(=O)OC(C=CC=CC=CC=CC#N)CO,26.17
N#Cc1nc(-c2ccc3c(c2)CCO3)oc1NCc1ccc(F)cc1,16.81
COc1cc(C=Cc2nn(C(=O)c3cnccn3)c(=O)n2-c2ccc(C#N)cc2)ccc1O,33.38
N#Cc1ccc(Nc2ccc3ccccc3c2)cc1,17.84
N#Cc1c(F)c(F)c(-c2nc(-c3cc(O)cc(C(=O)NCC4CCCCC4)c3)cs2)c(F)c1F,35.73
N#CC(C#N)=CC=Cc1nc(Cl)nc(Cl)c1Cl,21.42
Cc1cc(CC=NNCC#N)cc(C)c1O,27.84
CCOCCn1c(-c2ccc(C#N)cc2)nc2c(N(C)c3ccc(C(F)(F)F)cc3)nc(Cl)nc21,28.77
CN(CC#N)NC(=O)c1cc(-c2ccccc2)n(-c2ccc(-c3cscn3)cn2)n1,30.79
N#Cc1ccc(-c2ccc(-c3nc(-c4ccc(-c5ccc(C#N)cc5)cc4)nc(-c4cccc(C#N)c4)n3)cc2)cc1,10.81
N#Cc1ccc(-c2nc(-c3ccc(C#N)cc3)nc(-c3cnc4[nH]ccc4c3)n2)cc1,19.01
COc1cc(-c2ccc(C=C3SC(=S)N(CN4CCN(C5CCS(=O)(=O)C5)CC4)C3=O)cc2)ccc1-c1noc(-c2ccc(C=Nc3cc(O)c(N)cc3O)cc2)n1,34.75
N#Cc1cccc(N=c2ssnc2Cl)c1,13.98
CN(C)CCC(=O)Nc1ccc2c(c1)C(=O)c1cc(N=Cc3ccccn3)ccc1C2=O,20.72
CC12CCC(C#N)(CC1)CN(C(=O)NCc1ccc(-c3cccc(C#N)c3)cc1F)C2,39.89
N#Cc1ccc(S(=O)(=O)N(Cc2ccc(-c3csnn3)cc2)c2ccc(C(=O)O)cn2)cc1,25.12
COCCn1c(=NC(=O)c2ccc(F)cc2)[nH]c2ccccc21,23.88
Cc1ccc(S(=O)(=O)Nc2ccc(-c3ccc(-c4cccc(C#N)c4)nc3)cc2)cc1,21.57
O=CN1CCN(c2nccc(-c3ncc(-n4cccc4-c4cccc(-[n+]5ccc(-c6ccncc6)cc5)c4)cn3)n2)CC1,39.73
Fc1ccc2c(c1)-c1ccc3c(c1-2)CCNCC3,24.38
c1ncc(CNCC2CN(C3CCCCC3)CCO2)cn1,27.03
Cc1cccc(-n2ncc3c(=Nc4ccc(C(=O)N5CCN(CCO)CC5)c(C)c4)[nH]cnc32)c1,33.0
COc1cccc(C2=NC(C(=O)OCc3ccccc3)CO2)c1,21.37
COc1ccc(C)cc1C=Nn1c(-c2ccccc2)nc2ccccc2c1=O,21.37
CCC(CC)c1nc(C#N)nc(-c2nc(-c3ccc(C#N)cc3)nn2C)c1Cl,24.35
CCCc1cc(-c2nc(-c3cccc(C#N)n3)nc(-c3csc(C#N)n3)n2)ccn1,28.76
N#Cc1ccc2[nH]c(-c3nc(-c4c[nH]c5ccccc45)nc(-c4ccc([N+](=O)[O-])c5[nH]c(=N)[nH]c45)n3)cc2c1,31.01
N#Cc1ccc(Nc2cc3c(cc2Nc2ccc(Br)c(O)c2)C(=O)c2ccccc2C3=O)cc1,29.35
N#Cc1ccc(-c2ccc(-c3nc(C#N)c(C#N)cc3-c3cc4ncccc4cc3F)cc2)nc1,25.0
N#Cc1ccc(-c2nc(-c3ccc(C#N)cc3)nc(-c3ccc(OCc4cccc(F)c4)c(Cl)c3)n2)cc1,14.57
Nc1ccc2c(c1)C(=O)c1ccc(Nc3nc(Nc4ccc5c(c4)C(=O)CC5)nc(Nc4ccc5c(c4)C(=O)c4ccc(-c6ccc(F)cc6)nc4C5=O)n3)cc1C2=O,22.96
CCc1nccn1-c1ncc2c(n1)n(C(C)C)c(=O)n2Cc1ccccc1,31.36
N#Cc1ccc(-c2ccc(-c3nc(-c4ccc(-c5ccc(C#N)cc5)cc4)nc(-c4ccc(-c5cncnc5)cc4)n3)cc2)cc1,14.09
CN(C)C=Nc1nc(-c2ccc(C#CC#Cc3ccnc(C#N)n3)nc2)nc(-c2cncc(C#N)c2)n1,27.61
Cc1cc(-c2ccc(OC3CCOCC3)nc2)[nH]c(=Nc2cc(C(F)(F)F)ccn2)c1,21.43
c1ccc(-c2cc[nH]c(=Nc3ccc(-n4cnc(N5CCOCC5)n4)cc3)n2)nc1,19.14
Cc1cc(-c2cncc(C#N)c2)[nH]c(=Nc2cccc(C(F)(F)F)c2)n1,22.27
N#Cc1ccc(-c2ccc3[nH]c(-c4nc5c([nH]4)C(=O)NCC5)cc3c2)cc1,22.74
N#Cc1ccc(-c2nc(-c3ccc(C#N)cc3)nc(-c3ccc(-c4ccc(-c5nc(-c6ccc(C#N)cc6)nc(=Nc6cccc(C#N)c6)s5)cc4)cc3)n2)cc1,21.13
N#CC(C#N)=Cc1nc(-c2ccc(Cl)cc2)no1,13.58
N#Cc1ccc(-c2ccc(-c3nc(-c4ccc(-c5ccccc5)cc4)nc(-c4ccc(-c5ccc(C(F)(F)F)cn5)o4)n3)cc2)cc1,13.77
N#Cc1ccc(-c2ccc(-c3nnc4c(n3)N3CCC4CC3)cc2)cc1,17.44
N=C(N)c1cccnc1,14.94
N#Cc1c2ccccc2c(-c2nc(-c3c4ccccc4cc4ccccc34)nc(-c3c4ccccc4c(C#N)c4ccccc34)n2)c2ccccc12,9.62
N#Cc1cc(F)nc(-c2ccc(C#N)c(Cl)c2)n1,15.49
Cc1cc(-n2c(=O)[nH]c3cnc4cc(C#N)ccc4c32)ccc1C(=O)O,33.94
N#Cc1ccc(-c2ccc(-c3nc(-c4ccc(C#N)cc4)nc(-c4cccc(-c5ccc(C#N)cc5)c4)n3)cc2)cc1,11.65
N#Cc1ccc(Nc2ccc(S(=O)(=O)NCC3CC3)cc2)cc1C#N,23.14
C=C(C)c1cnc(-c2ccc(C#N)cc2)nc1-c1ccc(-c2ccc(C#N)cc2)cc1,19.56
Cn1nnc(-c2ccc(-c3nc(-c4cccc(C#N)n4)nc(-c4ccc(-c5cnn6ccccc56)cc4F)n3)cc2)n1,29.45
COc1nccc(-c2ccc(Cn3nc(C(C)C)cc3-c3ccc(C)cc3)cc2)n1,28.91
Cn1nc(N2CCN(C(=O)CN3C(=O)COc4ccc(S(=O)(=O)N5CCOCC5)cc43)CC2)ccc1=O,30.66
N#Cc1ccc(-c2ccc(-c3nc(-c4ccc(Br)cc4)nc(-c4ccc(-c5ccc(C#N)cn5)nc4)n3)cc2)nc1,14.03
COc1cc(Br)c(C=NCCc2ccc(S(N)(=O)=O)cc2)cc1OC,24.09
Cc1ccc(CNCC(=O)Nc2cccc(F)c2)cc1,23.18
NS(=O)(=O)c1ccc(-c2c(O)nc(-c3ccc(-c4ccccc4)cc3)[nH]c2=NN=Cc2oc(N3CCOCC3)nc2-c2ccc(F)cc2)cc1,43.57
N#Cc1ccc(Nc2cncc(Nc3ccc4c(c3)C(=O)c3ccc(N)cc3C4=O)n2)cc1,10.91
N#Cc1cc(CSc2nc(-c3ccccc3)cc(-c3ccccc3)c2C#N)ccn1,17.36
CN1C(=O)c2cccnc2N(C2CC2)c2nc(C=CC#N)ccc21,24.55
CN(C)c1nc(=Nc2ccc3c(c2)C(=O)c2cc(N)ccc2C3=O)nc(Nc2ccc3c(c2)C(=O)c2ccc(N)cc2C3=O)[nH]1,17.74
C=Cc1cccc(-n2[nH]c(-c3ccc(-c4ccc(C#N)cc4)cc3)nc2=Nc2ccc(Cl)c(Cl)c2)c1,26.93
O=CN1CCN(C=Nc2ccc(F)cc2F)CC1,12.07
CCCCOc1cc(C)nc(-c2ccc(-c3nc(-c4ccc(C#N)cc4)nc(-c4ccc(-c5nccc(-c6ccc(C#N)cn6)n5)cc4)n3)cc2)n1,28.06
N#Cc1ccc(-c2ccc(-c3nc(-c4ccc(C#N)cc4)nc(-c4cc(F)c(-c5ccccc5)c(F)c4F)n3)cc2)cc1,14.55
Oc1cc(-c2ccc(Br)cc2)c(O)n1-c1cc(Cl)ccc1Cl,25.82
Cc1nc(N=c2nc(-c3cnc(C#Cc4cncc(C#N)c4)cc3F)cc[nH]2)sc1C#N,31.21
Cc1c(-c2ccc(C#N)cc2)nc(-c2ccc(C#N)cc2)nc1-c1cccnc1,18.68
Cc1cccc(-c2cc3c(cn2)cnn3-c2nccc(N3CCCC(O)C3)n2)n1,22.91
CC(=O)NCc1ccc(-c2nc(-c3cccc(C#N)n3)nc(-c3ccc(C=Nc4nc(C#N)ncc4F)o3)n2)cc1,32.26
CCC(=CC(=O)O)c1cccc(CCOc2ccc(-c3nc(Cl)ncc3OC)cc2)c1,34.73
Cc1ccc(CNCc2ccc(C(F)(F)F)nc2-c2ccc(C#N)cc2)cc1,23.81
CCNC(=O)Nc1ccc(-c2cc(-c3ccnc(N4CCOCC4)n3)ccn2)cc1,28.04
CCCCCCn1c(=O)n(C)c(=O)c2ccc(Cc3ccc(-n4ccc(C)n4)cc3)cc21,30.32
CCn1c(=O)c(C=Nc2cc(N)c(N)cc2O)c(O)n(C)c1=S,21.27
N#Cc1ccccc1NCCNc1cc2c(c(C#N)c1C#N)CCC21C(=O)Nc2cc(Br)ccc21,45.05
Cn1cnc(S(=O)(=O)N(CCNS(C)(=O)=O)C2Cc3cc(C#N)ccc3N(c3c(-c4ccc(Cl)c(F)c4)c(C#N)c4cccn4c3C#N)C2=O)c1,38.53
Cc1cc2nc(-c3ccc(C=NN=c4[nH]c(-c5ccc(Br)cc5)nc(=Nc5ccc(C#N)cc5)[nH]4)cn3)n(-c3ccc(C=CC#N)cc3)c2cc1C,33.22
N#Cc1ccc(-c2ccc(-c3nc(-c4ccc(C#N)cc4)nc(-c4ccc(-c5cc(-c6ccc(-c7ccc(C#N)cn7)nc6)c(C#N)c(=N)[nH]5)cc4)n3)cc2)cc1,25.32
CCc1nc(-c2ccc(C#N)cc2)nc(C(F)(F)F)c1-c1nc(C)cc(Cl)n1,25.56
N#Cc1ccc(-c2nc(=NC(=O)c3ccco3)nc(-c3cccc4ccccc34)[nH]2)cc1,23.54
Nc1cc(O)c(N=Cc2c3ccccc3cc3ccccc23)cc1O,17.19
N#Cc1ccc(CN(Cc2ccc(Cl)c(C#N)c2)c2ccc(C#N)cc2)cc1,23.57
CCNC(=O)c1ccc(-c2cc(C)nc3c(-c4ccc(-c5ccc(C#N)cn5)cc4)cnn23)cc1,24.83
O=CN1CCN(C=Nc2nc(N=CN3CCN(C=O)CC3)nc(N=c3ccc(Cl)c[nH]3)n2)CC1,13.2
N#Cc1ccc(-c2nc(-c3ccc(-c4cnccn4)cc3)nc(-c3ccc(-c4nc5ccc(Cl)cc5s4)cc3)n2)cc1,22.69
N#Cc1cncc(-c2nc(C(F)(F)F)ncc2C#Cc2ccc(=N)[nH]c2)c1,12.69
Clc1ccccc1C=NN=c1[nH]cnc2ccccc12,18.31
N#Cc1ccc(-c2ccc(-c3nc(-c4ccc(C#N)cc4)nn3-c3ccc(OCc4ccccc4)c(C#N)c3)cc2)cc1,19.42
Cc1ccccc1-c1cc(-c2cccc(O)c2)cc(-c2ccc(O)cc2)n1,23.45
COc1cccc(C=Cc2ccc(-c3nc(-c4ccc(C#N)cc4)nc(-c4ccc(-c5ccc(C#N)cc5)cc4)n3)cc2)c1,18.47
COCCNC(=O)N1C(=O)N(c2cncc(C#N)n2)C2=C(C(=O)CC2)C1c1ccc(C#N)cc1,27.69
N#Cc1ccc(-c2cc(-c3nc(-c4ccc(C#N)cc4)nc(-c4ccc(C#N)cc4)n3)on2)cc1,12.55
Cc1ccccc1N=C(Nc1ccc(Cl)c(Cl)c1)Nc1ccc(Cl)cc1Cl,28.62
Cc1ccc(C(=O)C=Cc2cc3cc(C#N)ccc3nc2Cl)o1,28.81
CCOC(=O)Cc1noc(-c2ccc(-c3ccc(Nc4ccccc4C(N)=O)cn3)cc2)n1,25.2
Cc1nc(C#N)nc(-c2ccc(-c3cncc(C#N)c3)c(C#N)c2)n1,15.04
O=C(Nc1cccc(Cl)c1Cl)N1CCC(n2cncn2)CC1,21.09
N#Cc1ccc(-c2ccc(-n3nc(C=O)cc3C3CC3)cn2)cc1,23.41
N#Cc1cncc(-c2ccc(NC(=O)N=c3cnc(C#N)c[nH]3)cc2C#N)c1,20.85
N#Cc1ccc(-c2ccc(-c3nc(-c4ccc(-c5ccccc5)cc4)nc(-c4ccc(-c5ccc(C#N)cc5)cc4)n3)cc2)cc1,9.13
N#CC(C#N)=C(c1ccccc1)c1nc2ccccc2nc1N1CCOCC1,31.47
C=Cn1ccc(C(=O)NNCCc2ccc(S(N)(=O)=O)cc2)n1,34.64
Cc1cc(-n2nc(-c3ccc(C#N)cc3)nc2-c2cccc(C#N)n2)nc(C)n1,22.37
O=C1C=CC(=O)N1CCc1ccccc1,18.76
C=CC(=O)N=c1nc(C)cc(Nc2ccc(C#N)c(C#N)c2)[nH]1,24.66
C=CCn1c(N=CN2CCN(C=O)CC2)n[nH]c1=NC(=O)c1cccc(F)c1,20.28
N#Cc1ccc(-c2ccc(Cn3ccc(=O)c(Cc4ccccc4)c3O)cn2)cc1,23.24
COc1cc(OC)cc(-c2nc(-c3ccc(-c4ccc(C#N)cc4)cc3)no2)c1,17.23
Nc1cc(O)c(N=Cc2ccccc2Br)cc1O,13.77
N#Cc1ccc(-c2ccc(-c3nc(-c4ccc(C#N)cc4)nc(-c4ccccn4)n3)cc2)cc1,12.75
Cc1cc(-c2noc(CN3CCCC3Cn3cnc(C#N)n3)n2)ccc1Cl,27.88
N#Cc1ccc(N2CCN(Cc3cn(Cc4cc(C#N)ccc4F)nn3)CC2=O)nc1,29.0
Cc1ccc(-n2c[n+](-c3nc(-[n+]4ccc(-c5ccncc5)cc4)nc(-[n+]4ccc(-c5ccncc5)cc4)n3)c(-c3ccc(-c4ccccc4)cc3)n2)cc1,17.29
Cc1ccc(C=C2SC(N3CCN(c4ccccc4)CC3)=NC2=O)cc1,19.63
N#Cc1ccc(-c2ccc(-c3nc(-c4ccc(-c5ccc(C#N)cn5)nc4)nc(-c4ccc(-c5ccc(C#N)cn5)nn4)n3)cn2)nc1,10.47
N#CCC(N)c1cc(-c2ccc(C#N)cc2)nc(-c2cncc(C#N)c2)n1,20.84
N#Cc1ccc(-c2ccc(-c3nc(-c4ccc(-c5ccc(C#N)cc5)cc4)nc(-c4cc(C#N)ccc4F)n3)cc2)cc1,14.15
N#Cc1ccc2c(c1OC(F)(F)F)CCC2SCc1cccnc1,33.57
N#Cc1ccc(-c2nc(-c3ccc(-c4ccc(C(=O)O)cn4)cc3)cc(-c3ccc(-c4nc(Cl)nc(Cl)n4)cc3)n2)cc1,12.99
N#Cc1c(-c2ncccc2-n2cnnc2)nc(-c2cnc(Cl)nc2Cl)[nH]c1=N,36.89
Cc1nc(-c2cncc(C#N)c2)ccc1S(=O)(=O)Nc1ccc(F)c(C#N)c1,22.46
N#Cc1ccc(-c2ccc(-c3nc(-c4ccc(-c5ccc(C#N)cc5)nc4)nc(-c4cncc(C#N)c4)n3)cc2)cc1,11.35
Cc1nn(-c2cc[nH]c(=Nc3ccc(C#N)c(F)c3)n2)cc1CN1CC(O)C1,23.51
C=C1CCC(=Cc2ccc(F)c(F)c2)C=C1C=CC1C(=C)CCC2C(C)(CO)C(OC(=O)CC(=O)O)CCC12C,32.58
N#Cc1ccc([S+]([O-])c2cccc(N)c2C#N)cc1,21.39
N#Cc1ccc(-c2cc(-c3ccccn3)nc(-c3ccncc3)c2C#N)cc1,14.65
N#Cc1ccc(-c2csc(-c3ccc(-c4ccc(-n5cc(-c6ccncc6)cn5)cc4)cc3)n2)cc1,25.73
N#Cc1nc(-c2cc[nH]c(=Nc3ccccn3)n2)ccc1N1CCOCC1,21.82
CCc1cc(-c2noc(-c3cc(C#N)cc(C#N)n3)n2)cc(C)c1OCC(O)CNC(=O)CO,18.2
CN(C)Cc1cccc(-c2cnc3[nH]cc(-c4cccc(Cl)c4)c3c2)c1,23.6
Nc1cc(O)c(N=Cc2ccccc2O)cc1O,10.33
N#Cc1ccc(-n2cc(C#N)c(-c3c(F)c(F)c(C#N)c(F)c3F)n2)cc1,14.55
O=c1c2nc(Cl)cnc2nc2n1CCC2,25.19
CC(C)(C)c1cc(=NC(=O)c2cccc(-c3cc(CN)nc(-c4cccnc4)n3)c2)n(-c2ccc(C#N)cc2)[nH]1,26.32
N#Cc1ccc(-c2nc(-c3ccc(S(=O)(=O)c4cc(N)c5c(c4)NC(=O)CC5)cc3)no2)cc1,31.08
COC(=O)C1c2ccccc2C=NN1C(CCc1ccccc1)C(=O)Nc1ccccc1F,39.8
CCN1CCN(CC(=O)Nc2cccc(Cl)c2C)CC1,22.18
COc1cc(CN(C(=O)c2cccc(-c3ccc(-c4ccc(C#N)cc4)cc3)n2)c2cccnc2)ccc1OCc1ccccc1,35.04
Cc1cc(-c2ccncc2)nc(-c2ccc(N(Cc3ccc(C#N)cc3)C(=O)c3ccc(O)cc3O)cc2)n1,23.71
C#CCNCC(O)COc1ccc2c(c1)OCO2,20.21
N#CC=Cc1nccc(-c2ccc(-c3cccc(NC(=O)c4ccc(C#N)c(O)c4)c3)cn2)n1,33.26
N#CN=C(NC#N)NCCc1cnc(=Nc2ccc(C3CC3)cc2)sc1,36.65
Cc1cc[nH]c(=Nc2cc(C(F)(F)F)nc(-c3ccc(-c4nc(-c5ccc(C#N)cc5)c[nH]4)nc3)n2)c1,32.05
N=c1ncc(-c2ccc(-c3nc(C4CC4)nc4[nH]cc(F)c34)cn2)c[nH]1,22.71
O=C1NCCc2nc(C#Cc3cc(F)cc(F)c3)ccc21,21.33
CCOc1cc(N2CC(O)C(N(C)C)C2)ccc1N=c1nc2c(-c3ccc(C#N)cc3OC)c(C(N)=O)nc(Cc3ccc(F)c(Cl)c3)c2c[nH]1,49.98
O=C(COC(=O)c1ccccc1SCC(=O)N1CCCC1)Nc1cccc(F)c1F,24.1
N#Cc1ccc(-c2ccc(-c3nc(-c4ccc(-c5ccc(C#N)cn5)cc4)nc(-c4c(F)c(F)c(C#N)c(F)c4F)n3)cc2)cc1,14.11
CS(=O)(=O)c1ccc(-c2nc(-c3ccc(C#N)cc3)nc(-c3ccc(C#N)cc3)c2-c2ccc(F)cc2)cc1,12.72
c1ccc(-c2ccc(-c3nccc(-[n+]4ccc(-c5ccncc5)cc4)n3)cc2)cc1,9.56
N#Cc1c(C(=O)NN=Cc2ccc(Br)s2)nn(-c2ccc(Cl)cc2Cl)c1-c1ccc(Cl)cc1,22.83
CCN=C(N)c1oc(-c2ccc(-c3noc(-c4ccc(F)c(Cl)c4)n3)cc2CC)nc1C,33.45
c1cc2c(CN3CCSCC3)c[nH]c2cn1,28.38
N#Cc1ccc(-n2nc(-c3ccc(Cl)c(Cl)c3)c3cc(C#N)c(C#N)nc32)cc1,19.15
Cc1ccc(C(=O)CC2(C)C(=O)N(CC(=O)N3CCCCCC3)c3cc(F)ccc32)cc1,37.3
N#Cc1ccc(-c2ccc(-c3nc(-c4ccc(-c5ccc(C#N)cn5)nc4)nc(-c4ccc(-c5ccc(C#N)cc5Cl)nc4)n3)cn2)nc1,13.32
Cc1nn(C)c(C)c1NS(=O)(=O)c1cccs1,21.0
O=S(=O)(NCCCN1CCC(O)(c2ccc(Cl)cc2)CC1)c1cccc2ncccc12,19.9
Cc1ccc(S(=O)(=O)N=c2nc(CC(=O)N=C3NCCS3)[nH]s2)cc1,39.08
N#Cc1cccc(Cn2c(-c3ccccc3)nc(-c3cncc(C#N)c3)cc2=O)c1,26.08
N#Cc1ccc(-c2ccc(-c3noc(-c4ccc(-c5ccc(C#N)cc5)cc4)n3)cc2)cc1,11.03
CC(=O)C(=O)N=c1c(Cl)c(C(F)(F)Cl)[nH]c(-c2ccc(-c3cn(C4CCS(=O)(=O)C4)nn3)cc2)c1C#N,49.21
CC(C)Cc1cc(-c2ccc(CCNCC(O)c3ccc(C4CCCN4S(C)(=O)=O)nc3)cc2)ccc1C(=O)O,37.92
COc1ccc(N=c2[nH]c(C(F)(F)F)ccc2NC(=O)Nc2c(F)c(F)cc(F)c2F)cc1,25.51
N#Cc1ccc(C2CCN(C(=O)c3ccc(-c4ccc(-c5ccccn5)cn4)c(C#N)c3)CC2)cc1,25.77
N#Cc1ccc(C(=O)C=Cc2cnc(-c3ccc(F)cc3)nc2Cl)cc1,21.08
COc1ccc(-c2nc(Cc3ccc(C)cc3)cc(-c3ccc(C=NN=C4NN=C(c5ccc(C)cc5)CS4)cc3)n2)cc1,26.7
N#Cc1ccc(-c2nc(-c3cncc(C#N)c3)nc(-c3cc(C#N)nc(C(F)(F)F)c3)n2)cc1,15.75
Cc1ccnc([S+](C)[O-])n1,20.21
COc1nc(-c2ccc(-c3ccc(C#N)cc3)cc2)nc(-c2ccc(-c3ccc(C(F)(F)F)cc3)cc2C)c1C#N,21.91
N#Cc1cc(F)cc(-c2ccc3nc(C=Cc4cccc(C(=N)N)n4)c(Br)n3c2)c1,29.86
N#Cc1c(F)c(F)c(-n2cncn2)c(F)c1F,15.43
O=C(C(=O)N1CCN(C(=O)c2ccccc2F)CC1)c1c[nH]c2ccc(F)cc12,25.55
CCCCCCCc1nc(C#N)nc(O)c1C,24.35
CNc1ccc(-c2nc(-c3ccc(C#N)cc3)nc(-c3ccc(-c4ccc(C#N)cc4)cc3)n2)cc1[N+](=O)[O-],18.26
N#Cc1ccc(-c2cc[n+](Cc3cccc(-c4cc[n+](-c5nc(-[n+]6ccc(-c7ccncc7)cc6)nc(-[n+]6ccc(-c7ccncc7)cc6)n5)cc4)c3)cc2)cc1,16.68
N#Cc1ccc(Oc2ccc3c(-c4ccc(C#N)cc4)cc(C(F)(F)F)nc3n2)cc1,24.99
Cc1c[nH]c(=NN=Cc2c(-c3ccc(F)cc3)nc3ccc(Cl)cn23)s1,30.48
Cc1nc(-c2ccc(-c3cc(-c4ccc(-c5nc(Cl)nc(Cl)n5)cc4)nc(-c4ccc(C#N)cc4)n3)cc2)no1,16.17
N#Cc1cc([N+](=O)[O-])ccc1Oc1cc(Nc2ccccc2Cl)c([N+](=O)[O-])cc1[N+](=O)[O-],24.32
Cc1nc(C#N)nc(-c2ccc(C(=O)NCCN(C)C)c(OC(F)F)c2)n1,19.38
COc1ccc(-c2csc(Nc3[nH]c(Cl)nc(=NCCC#N)c3C#N)n2)cc1,22.82
N#Cc1ccc(-c2ccc(-c3nc(-c4ccc(-c5ccc(C#N)cn5)nc4)nc(-c4ccc(-c5ccc(C#N)cn5)c(F)c4)n3)cc2)nc1,12.58
N#Cc1ccc(C=Nc2ccc3c(c2)C(=O)c2ccc(Nc4cccc(NC(=O)c5ccc6c(c5)OCO6)c4)cc2C3=O)cc1,23.03
CSc1nnc(-c2ccc(C#N)cc2)n1N,19.15
N#Cc1ncc(C#N)c(-c2cc(-c3c(F)c(F)c(F)c(F)c3F)cc(-n3cnc(C#N)n3)c2)n1,25.59
Cc1ccc(-c2ccc(CCC(=O)O)n2-c2nnnn2-c2ccc(F)c(C#N)c2)cc1,31.96
N#Cc1cccc(-c2ccc(-c3cc(-c4cccc(-c5cccc(C#N)n5)n4)nc(C#N)n3)cc2)n1,12.69
O=C(Nc1ccc(Cl)cc1)NC1(C(=O)Nc2ccc(N3CCOCC3=O)cc2)CCN(Cc2ccccc2)CC1,32.39
N#Cc1ccc(C(=O)N2c3ccc(F)cc3-c3c(oc4ccc(C#N)cc34)C2c2ccc(C#N)cc2)cc1,32.25
Cc1cccc(-c2nc(-c3ccc(C#N)cc3)nc(-c3ccc(C#N)cc3)n2)c1,10.35
Cc1ncccc1C(=O)N1CCN(c2nc(=N)nc(C3CN(C)CC3c3ccc(C#N)cc3)[nH]2)CC1,44.13
N#Cc1ccc(-c2ccc(-c3nc(-c4ccncc4)nc(-c4c(F)c(F)c(C#N)c(F)c4F)n3)cc2)cc1,12.97
Cc1cc(C=NN=Cc2nc(-c3ccc(C#N)cc3)ncc2C=CC#N)c(C)n1-c1cccc(F)c1,34.21
N#Cc1ccc(-n2nc(-c3ccc(-c4cccc(C#N)n4)cc3)nc2-c2ccc(-c3cccc(C#N)n3)cc2)cc1,17.79
N#Cc1ccc(-c2ccc(-c3nc(C(=O)C4CCNCC4)c[nH]3)cc2)nc1,20.04
N#Cc1ccc(-c2cc(C(=O)NCc3ccc(Cl)cc3)nc(-c3ccc(C(N)=O)c(F)c3)c2F)nc1,26.11
N#Cc1ccc(-c2nc(C#N)c(Nc3ccc(Cl)cc3)o2)cc1,14.29
CC(C)c1cc2[nH]c(=O)c(C#N)cc2c(N)c1C(=O)CC(=O)c1cc(-c2ccc(C#N)cc2)nc(-c2ccc(C#N)cc2)n1,40.16
c1cc[n+](-c2nc(-[n+]3ccc(-c4ccncc4)cc3)nc(-[n+]3ccc(-c4ccncc4)cc3)n2)nc1,11.68
CC(=O)N1CCCC1Cn1ncc2c(-c3cc(C#N)cnc3-c3ccc(Cl)cn3)nc(C#N)nc21,26.48
N#Cc1ccc(-c2nc(-c3ccc(C#N)cc3)nc(-c3ncccn3)n2)cc1,10.96
Cc1[nH]nc2c(=N)n(C)c(-c3ccc(OCc4cccnc4)c(C#N)c3)cc12,36.76
N#Cc1ccc(-c2ccc(-c3nn(C4CCCC4)c(=O)c(Cl)c3C#N)cc2)cc1,23.04
CC(=O)N=c1cc(-c2ccc(Oc3ccc(Cl)cc3)cc2)[nH]c(-n2nc(C)cc2C)n1,21.82
Nc1ccc(Nc2ccc(N3C(=O)c4ccc(F)cc4C3=O)cc2)cc1,20.01
N#Cc1ccc(-c2ccc(-c3nc(-c4ccc(-c5ccc(C#N)cn5)nc4)nc(-c4ccc(-c5cccc(C#N)n5)nc4)n3)cn2)nc1,9.89
COc1cc(-c2cc(-c3ccc4c(c3)C(C)(C)OC(=N)O4)nc(C3CC3)n2)ccc1C#N,33.61
CC(c1ccc(-c2ccc(F)cc2C#N)cc1)N(C)CCC(O)c1ccc(C(F)(F)F)cc1,40.94
N#Cc1ccc(-c2ccc(-c3nc(-c4ccc(-c5ccc(C#N)cc5)cc4)nc(-c4ccc5c(c4)CCC5=NN=C(N)N)n3)cc2)cc1,18.24
COCc1noc(-c2ccc(C(=O)N3CCc4ccc(-c5cncc(C)n5)cc4C3)cc2)n1,26.84
N#Cc1ccc(-c2ccc(-c3nc(-c4ccc(-c5ccc(C#N)cn5)nc4)nc(-c4ccc(-c5cnccn5)nc4)n3)cn2)nc1,9.25
Cc1ccccc1-c1ccc(C2CCCN(c3cc(Cl)nc(Cl)n3)C2)cc1,32.23
C=CCc1cc(C=Nc2cccc(OC)c2)cc(OC)c1O,21.0
CNC(=O)c1ccc2c(c1)C(=O)c1ccc(Nc3ccnc(N(C)CCO)n3)cc1CC2,22.14
N#Cc1ccc(-n2nnc3onc(-c4ccc(F)cc4)c3c2=O)cc1,20.54
N#Cc1ccc(-c2ccc(-c3nc(-c4ccc(Br)cc4)nc(-c4ccc(C#N)cc4)n3)cc2)cc1,15.57
Cc1cc(C)n(Cc2ccccc2)c(=O)c1C(=O)c1ccco1,27.1
N#Cc1ccc(C#CC=CC#Cc2ccc(-n3cccn3)nc2)cc1,19.68
N#Cc1ccc(-c2nc(-c3ccc(-c4ccc(-c5ccc(-c6nc(Cl)ns6)cn5)cc4)cc3)nc(-c3cc(F)c(Cl)cc3Cl)n2)cc1,27.57
N#CC=CS(=O)(=O)c1ccc(C(CC2CCCC2)C(=O)N=c2cccc[nH]2)cc1,21.38
CCc1ccc(CNC(=O)C2CCN(c3nc(C)cc(C)n3)CC2)cc1,21.37
Cc1ccc(C(C)C)cc1N1CCc2nc(C3CCCC3)nc(-c3ccc(-c4ccc(C#N)cc4)cc3)c2C1,22.18
Nc1cc(O)c(N=Cc2ccc(-c3nc(-c4ccccc4)nc(-c4ccc(C=Nc5ccc(N=CCN6CCCC6)c(O)c5)cc4)n3)cc2)cc1O,19.73
N#Cc1cccc(-c2nnc(C=Cc3ccc(-c4cnc5ccc(C(F)(F)F)cc5n4)cc3)o2)c1,22.53
N#Cc1ccc(Oc2ccc(-c3nc(C#N)c4c(c3C#N)C(=O)C=CC4=O)cc2)cc1,29.49
Cc1ccc(C(=O)c2c(O)c(O)n(Cc3cccnc3)c2-c2ccc(C(C)C)cc2)cc1,17.65
N#Cc1cncc(-c2nc(-c3cccc(C#N)n3)nc(-c3ccnc(C#CC#Cc4ccc(O)cc4)n3)n2)c1,26.14
CC(C)Oc1ccc(S(=O)(=O)c2ccc(C(=CCCCCC(=O)O)c3cccc(C=CC#N)c3)cc2)cc1,33.17
C=c1cc(C)[nH]c1=Cc1nc(-c2nc(-c3ccc(C#N)cc3)nc(-c3ccc(-c4cccc(-c5ccc(C=Nc6cccc(C)c6)cc5)n4)cc3)n2)c(O)c2cc(Nc3ccc(F)cc3F)ccc12,46.67
N#Cc1ccc(-c2ccc(-c3nc(-c4ccc(-c5ccc(C#N)cn5)cc4)nc(-c4c[nH]c5ccc(F)cc45)n3)cn2)cc1,25.66
N#Cc1cncc(-c2nc(-c3ccc(C(F)(F)F)c(F)c3)nc(-c3ccccn3)n2)c1,17.62
Cc1ccncc1-c1c(CBr)nnn1Cc1ccccc1,35.76
CN(C)c1nc(N=O)nc(N=CN2CCN(C=O)CC2)n1,16.63
Cc1oc(C)c(Cl)c(=O)c1Cl,25.54
Cc1c(F)c(Nc2ccc(C#N)cc2)c(F)c2c1c(=O)c(C(=O)O)cn2C1CC1,13.54
Clc1nc(Cl)nc(-c2ccc(-c3ccc(Cl)c(Cl)c3)nc2)n1,18.29
N#CNC(=O)c1cc(-c2ccc(C#N)cc2)c(N(Cc2ccc(-c3ccc(C(F)(F)F)cc3)nc2)S(=O)(=O)c2ccc(C#N)cc2)cc1O,35.28
CCS(=O)(=O)c1ccc(-n2ncc(-c3cnc4c(=O)n(C)c(=O)nc-4n3-c3ccc4ccccc4c3)n2)cc1,48.05
COc1ccc(-c2ccc3[nH]ccc(=Nc4ccc(F)c(O)c4)c3c2)cc1N,23.74
CC(C)c1ccc(-c2nc(-c3ccc(C#N)cc3)nc(-c3cccc(Cl)c3Cl)n2)cc1,18.25
Cn1c(C=CC(O)=NO)nc2ccc(Cl)cc21,22.29
C=c1nc2ccc(C)cc2cc1=Cc1c(O)[nH]c2ccc(F)cc12,24.02
Cc1ccc(Sc2c(C)nn(-c3ccc(F)cc3)c2NC(=O)c2ccc(F)cc2F)cc1,36.67
N#Cc1cncc(-c2cnnc(-c3cncc(C#N)c3)n2)c1,9.27
Cc1cc(C(=O)O)nn1-c1ccc([N+](=O)[O-])cc1,21.94
N#Cc1cccc(CN(N)c2nc(-c3ccc(Cl)cc3)nc(-c3ccc(Cl)cc3)n2)c1,29.99
Cc1csc(C(=O)NC2CCC(C#N)CC2NC(=O)c2nc3c(s2)CN(C)CC3)n1,32.29
Cc1ccc(-c2nc(-c3nc(-c4c5ccccc5c(C#N)c5ccccc45)nc(-c4c5ccccc5c(C#N)c5ccccc45)n3)c3nc[nH]c3n2)cc1,14.67
Cc1ccc(NC(=O)COc2cnc(-c3ccc(Cl)c(F)c3)nc2C#N)cc1F,27.08
CS(=O)(=O)c1ccc(OCCN2CCOCC2)c(Nc2ccc3c(C=Cc4ccccn4)[nH]nc3c2)c1,27.02
Cc1c(C=CC#N)nc(-c2ccc(F)c(-c3ccc(-c4nc(Cl)nc(Cl)n4)cc3)n2)nc1-c1cc(Cl)cc(Cl)c1Cl,26.55
C#CCN1C(=O)C(NCc2cc3ccc(-n4cnc5cc(-c6ccc(OC)nc6)ccc54)cc3[nH]2)Cc2ccccc21,43.41
CN=C(NC#N)NCCN1CCOCC1,23.32
Clc1nc(=NCc2ccc(-c3nn[nH]n3)cc2)nc(-c2ccccc2)[nH]1,24.01
COC(=O)C(Cc1ccc(-c2cccc(C)c2)cc1)NC(=O)c1ccc(O)c(-c2cccc(C(F)(F)F)c2)c1,34.33
N#CC=Cc1ccc(S(=O)(=O)N2C(=O)C(Cc3cccc(-n4cccn4)c3)C(=O)N(c3ccc(C#N)cc3)C2c2ccc(C#N)cc2)cc1,37.02
O=C(NCCN1CCN(c2cccc(Cl)c2)CC1)c1c(O)c2ccc(Cl)cc2n(Cc2ccccc2)c1=O,32.47
N#Cc1ccc(-c2ccc(-c3nc4cc(C=Cc5ccc6ncccc6n5)ccc4n3-c3cccc(F)c3)cc2)cc1,33.2
N#Cc1ccc(-c2ccc(-c3nc(F)nc(Cl)n3)cc2)cc1,13.01
CCCCCCCCc1nc2cccnc2n1Cc1ccc(-c2ccccc2-c2nn[nH]n2)cc1,25.45
N#Cc1ccc(-c2ccc(-c3cccc(-c4ccc(Nc5ccccc5CC(=O)O)cc4)c3)cc2)cc1,25.93
N#Cc1cccc(-c2nn(Cc3ccc(-c4ccccc4C#N)cc3)c3nc(C#N)[nH]c(=N)c23)c1,22.56
N#Cc1cncc(-c2nc(-c3cncc(C#N)c3)nc(-c3ccnc(-c4cccc(C#N)n4)c3)n2)c1,16.17
CN1CCCC(c2ccc(N=c3nc(OCC4(c5ccccc5)CC4C(=O)N=c4ccc(Cl)c[nH]4)c(Cl)c[nH]3)cn2)C1,34.01
CC(C)Oc1ccc(-c2noc(-c3ccc(CN(Cc4ccc5c(c4)OCO5)C(=O)C(=O)O)cc3)n2)cc1C#N,30.02
N#Cc1ccc(Nc2ccc3c(c2)C(=O)c2ccc(Nc4ccc(F)c(F)c4)cc2CC3)cc1,21.41
CCc1noc(CN(C)C2CCN(CCc3ccccc3)CC2)n1,22.69
N=c1ccc(C#Cc2nncnc2-c2ccc(C(=O)N3CCN(CC4CCOCC4)CC3)c(F)c2)c[nH]1,18.91
N#Cc1ccc(-c2nnc(-c3ccc(C#N)cc3)o2)cc1,14.63
COc1ccc(N=CCc2nc(=N)nc(N3CCCC3)[nH]2)cc1,26.91
C[n+]1cccc2cc(N=Cc3ccc(-c4cc[n+](-c5ccc(-c6ccc(C=Nc7cc(O)c(N)cc7O)cc6)cn5)cc4)cc3)ccc21,21.12
N#CC=Cn1[nH]c(=O)c(CC(O)(c2ccccn2)c2ncc(C#N)cc2Cl)nc1=O,42.81
CC(C)Oc1[nH]c(=Nc2ccc3n[nH]cc3c2)c(-c2cncc(C#N)c2)cc1C#N,28.31
COc1cccc(-c2c(-c3ccc(C#N)cc3)nc(-c3ccc(C#N)cc3)n2CCC#N)c1O,24.78
C=C1CC2C1=CCC(C=C1C(OCc3ccccc3)C(OC(=O)CC(C)C)C1OC(=O)C(C)(C)C)=CC=CC21OC(=O)C1=C,67.49
Nc1ccc2c(=O)n(-c3ccc(Cl)c(OCCN4CCCCC4)c3)c(C=Cc3ccc(Cl)cc3)nc2c1,35.11
N=c1nc(-c2cnc(C3CCNCC3)nc2-c2ccc(F)cc2)cc(Nc2ccc3c(c2)C(=O)c2cc(O)ccc2C3=O)[nH]1,28.43
N#Cc1ccc(-c2nc(-c3c[nH]c4ccc(Br)cc34)nc(-c3cc(=O)[nH]c4ccccc34)n2)cc1,24.15
CN(C)c1nc(N=CN2CCN(Cc3ccc(-c4cccc5ccccc45)cc3)CC2)nc(N(C)C)n1,23.85
COc1ccc(NC(=O)Nc2ccc3c(c2)C(=O)c2cc(N)ccc2C3=O)cc1,16.47
Fc1ccc(-[n+]2csc(Nc3ccc(Cl)cc3)c2C=Nc2cccc(C(F)(F)F)c2)c(F)c1,26.22
N#Cc1c(Cl)c(Cl)c(C#N)c(Cl)c1Cl,12.96
CSc1nnc(-c2cnn3c(-c4ccc(-c5cccc(C6CC6)n5)cc4)ccnc23)n1C(C)C,24.9
Cc1ccc(-c2nc(-c3ccc(-n4cnc(C)c4)cc3)nnc2C#Cc2ccc(F)c(F)c2)cc1,28.75
N=C(N)c1ccc2[nH]c(-c3ccc(-c4cc(C(=O)NCCCCCCN=c5c6c([nH]c7cc(Cl)ccc57)CCCC6)[nH]n4)cc3)nc2c1,34.45
CN(C)CCNC(=O)c1nc2cnccc2c2cccc(C=O)c12,33.4
Cc1ccc(-n2ncc3c2CCCC3NC(=O)c2ccc(F)c(F)c2)cc1F,27.39
Cc1nc(=O)c2nc(C=C(C#N)c3nc4cc(C)c(C)cc4[nH]3)ccc2[nH]1,29.27
CN(C)CCN(CC(c1ccccc1)c1ccc(Cl)c(Cl)c1)C(=O)Nc1ccc(OC(F)(F)F)cc1,29.88
O=C(c1c[nH]c2ccc(-c3cc(F)c(O)c(Cl)c3)cc2c1=Nc1ccc(CN2CCS(=O)(=O)CC2)cc1)C1CC1,23.53
COc1ccc(-c2ccc3[nH]c(C=CC#N)nc(=O)c3c2)cc1,23.87
N#Cc1nc(-c2c(F)c(F)c(C#N)c(F)c2F)sc1C#N,16.7
N#Cc1ccc(-c2ccc(-c3nc(CSCCN=CN4CCCC4)nc(-c4ccc(-c5ccc(C#N)cc5)cc4)n3)cc2)cc1,24.93
N#Cc1nccc(NC(=O)C2CCCN(Cc3ccc(-c4ccccn4)cc3)C2)n1,26.36
CN1Cc2ccc(N)cc2C(c2cccc3ccccc23)C1,26.92
Cc1ccc2c(-c3nc(-c4c5ccccc5c(C#N)c5ccccc45)nc(-c4ccc(-c5cnc(C)nc5-c5ccccc5)c5oc6ccccc6c45)n3)c3ccccc3c(C#N)c2c1,36.99
Cc1cccc2[nH]c(-c3ccc(-c4nc(-c5ccc(-c6ccc(C#N)cn6)cc5)c(-c5nc(C#N)cs5)c(-c5ccc(N(C)S(=O)(=O)c6ccc(F)c(F)c6)cc5)n4)cc3)nc12,43.92
FC(F)Oc1ccc2c(Nc3ccc4c(c3)C35C(CNC3C3C=C(Br)CC35)C4)ccnc2c1,41.51
CS(=O)(=O)c1cccc(-c2nc3nc(-c4nc(C5CC5)no4)ccc3[nH]2)c1,28.83
Nc1ccc2c(c1)C(=O)c1ccc(Nc3cc(-c4ccccc4)nc(Nc4ccc5[nH]c(=O)[nH]c5c4)n3)cc1C2=O,23.03
N#Cc1cccc(-c2cccc(CN3CCC(C(=O)N4CCCC4)C(N)C3)n2)c1,29.13
CN(C)c1ccc(C=Nc2cccc(-c3ccc(C#N)cc3)n2)cc1,16.87
Cc1nc(N=Nc2nc(N=NN(CCO)CCO)nc(N(C)N)n2)c2cc(C#N)ccc2n1,38.73
O=C1CN(c2ccc3c(c2)CCc2cc(Nc4ccc(F)c(F)c4)ccc2C3=O)C(=O)N1,25.83
CC(NCc1ccc(-c2cncc(C#N)c2)cc1)c1ccco1,25.85
Cc1nc(N=Cc2ccccc2)cc(Oc2ccc(C#N)cc2)n1,21.2
Cc1sc2ncnc(N3CCN(C4=NCC(C)(C)S4)CC3)c2c1C#N,29.84
N#Cc1ccc(-c2cc(CN=c3nc(C#N)c4cccc(O)c4o3)nc(-c3ccc(F)cc3)n2)cc1,34.18
CN1CCN(c2ccc(NC(=O)c3ncccc3N=c3[nH]cnc(=Nc4ccc(C#N)cc4)[nH]3)cc2)CC1,24.29
CC(=O)N(CCN1CCN(C=Nc2nc(N=CN3CCN(C=O)CC3)nc(Oc3ccc4c(c3)C(=O)c3ccccc3C4=O)n2)CC1)Cc1cccnc1,31.57
Cc1cc(=Nc2cc(-c3ccccc3)ccc2Oc2ccc(F)cc2F)[nH]c(=N)[nH]1,29.17
N#Cc1ccc(-c2ccc(-c3nc(N=CN4CCN(C=O)CC4)nc(-c4ccc(-c5ccc(C#N)cc5)cc4)n3)cc2)cc1,10.05
C(#Cc1ccc(-c2nc(-c3ccc(C4=NCCN4)cc3)nc(-c3cccc(-c4ccc(-c5ccc(C6=NCCN6)cc5)cc4)c3)n2)cn1)c1ccc(C2=NCCN2)cc1,30.31
N#Cc1ccc(-c2ccc(C(=O)NCCCc3nc(-c4ccc(F)cc4)nc4ccc(-c5ccc(F)cc5)nc34)cc2)cc1,37.89
CC1(F)CC(c2nc(-c3ccc(C(=O)NCc4ccc(C(F)(F)F)cc4)c(F)c3)ns2)N(Cc2ccc3ccccc3c2)C1=O,43.66
N#Cc1c2ccccc2c(-c2nc(-c3c4ccccc4c(C#N)c4ccccc34)nc(-c3c4ccccc4c(C#N)c4c3[nH]c3ccccc34)n2)c2ccccc12,10.43
N#Cc1ccc(-c2ccc(-c3nc(-c4ccc(-c5ccc(C#N)cc5)cc4)nc(-c4ccc(N=[N+]=[N-])c(Cl)c4)n3)cc2)cc1,14.67
N#Cc1ccc(-c2nc(N=CN3CCN(C=O)CC3)c(C#N)cc2C#N)cc1,14.62
COc1cc(C=NN2C(=O)CCCC2=O)cc(Br)c1Oc1ncccc1-c1ccnc(C)c1,39.15
NCCCCCCCCCCCCCCN,19.75
Cc1ccc2c(F)cc(Oc3cc(Cl)cc(C(=O)N=c4ccc(Cl)c[nH]4)c3NC(=N)c3ccc(OC(F)F)cc3)cc2n1,37.04
CCN1CCN(c2cc3ncn(-c4ccc(C(=O)C=Cc5ccc(F)cc5)cc4)c(=O)c3cc2F)CC1,25.68
N#Cc1ccc(NC(=O)c2ccc(F)c(N=c3nc(-c4ccc(-c5ccccn5)nc4)cc[nH]3)c2)cc1C(F)(F)F,24.15
Cc1cc(C)[nH]c(=Nc2cc(-c3cc(C(=O)Nc4ccc(C(F)(F)F)cc4)ccc3C)nc(-c3ccc(F)cc3)n2)n1,30.23
Cc1cc(=Nc2ccc(F)c(F)c2)[nH]c(=N)[nH]1,16.23
N#Cc1cncc(-c2nc(-c3cccc(C#N)n3)nc(-c3cnn4ccccc34)n2)c1,12.99
O=CN1CCN(C=Nc2ccc(-c3ccncc3)nn2)CC1,14.87
Cc1ccc(N=c2nc(N3CCCCC3)[nH]c(=NN=Cc3ccc(-c4nc(-c5ccccc5)nc(-c5ccc(-c6nc(-c7ccc(OCc8ccccc8F)cc7)n[nH]c6=S)cc5)n4)cc3)n2N)cc1,44.72
Cc1ccc(-c2nnc(N3CCN(C(=O)c4ccco4)CC3)c3ccccc23)cc1,22.63
N#Cc1ccc(COc2ccc3c(c2)[n+]([O-])c(N)n[n+]3[O-])cc1,20.86
C#CCN(C)CCOc1ccc2c(c1)Cc1cc(OCc3cccnc3)ccc1C2=O,34.94
N#Cc1nc(-c2ccc(C#N)c(C#N)c2F)nc(N2CCCC(F)(F)C2)n1,26.44
CCOC(=O)c1ccc(NC(=O)C(C#N)=CC=CC=Cc2ccc(-c3ccccc3)cc2)cc1,29.45
O=C(C=CN(O)Cc1cc(F)cc(F)c1)c1ccc(F)cc1,25.26
Cc1cc(C)n(-c2nc(Nc3ccc4c(c3)C(=O)c3ccc(N)cc3C4=O)nc(Nc3ccc4c(c3)C(=O)c3cc(N)ccc3C4=O)n2)n1,19.22
N#Cc1ccc(C=Cn2c(N)c(C#N)c(=O)c3cc(Cl)c(Cl)cc32)cc1,24.35
O=c1cc(NC2CCN(c3cc(C(F)(F)F)ncn3)CC2)c2cc(C(c3ccc(Cl)cc3)c3ccc(Cl)cc3)ccc2[nH]1,24.15
COc1cc(N2C(=O)N(Cc3cnn(C)c3C)C3CS(=O)(=O)CC32)nc(C)n1,34.07
Cc1nc2nc(-c3ccc(-c4ccc(C#N)cc4)cc3)nn2c(C)c1C=NN=c1scc(-c2ccc(OC(F)F)c(C#N)c2)n1-c1ccc(F)cc1,42.98
Cc1onc(-c2ccccc2F)c1-n1nc(C#N)cc1C(=O)Nc1ccc2c(c1)C(=O)c1ccc(N)cc1C2=O,31.37
N#Cc1cncc(-c2nc(-c3cncc(C#N)c3)nc(-c3ccnc(C#N)c3)n2)c1,10.53
N#Cc1ccc(-c2nnn(-c3ccc(C#N)cc3)n2)cc1,12.21
N#Cc1cc(F)cc(-c2c(F)c(F)c(C#N)c(F)c2F)c1,21.81
N#Cc1ccc(-c2ccc(-c3cc(-c4ccc(-c5ccc(-c6nc(-c7ccc8c(c7)CCC8=NO)cs6)cc5)cc4)nc(-c4ccc(C#N)cc4)n3)cc2)cc1,25.52
Cc1nc(-c2ncc(-c3ncccn3)c(F)c2F)nc(C2COCCN2CC(C)C)n1,28.58
N#Cc1c(F)c(F)c(-c2nc(-c3ccccc3Cl)nc(-c3c(F)c(F)c(C#N)c(F)c3F)n2)c(F)c1F,11.13
O=C1C(=O)N(CCNS(=O)(=O)c2ccc(C(F)(F)F)cc2)c2ccc(Nc3cccnc3)cc21,33.78
Cc1cccc(-n2nn[nH]c2=NCc2ccco2)c1,23.77
N#Cc1ccc(-c2ccc(-c3nc(-c4ccc(-c5ccc(C#N)cc5)cc4)nc(-c4ccc(-c5ccc(C#N)cc5)nc4)n3)cc2)cc1,10.09
N#Cc1ccc(-c2cc(N=[N+]=[N-])nc(-c3ccc(-c4nc(Cl)nc(Cl)n4)cc3)c2)cn1,23.72
COc1nc(C#N)nc(-c2nc(-c3cccc(C#N)n3)nc(-c3cccc(C#N)n3)n2)n1,12.94
C=C(C(=O)c1c(O)c(C)c(C)c(O)c1CO)c1ccccc1,32.19
Cc1ccc2c(=NN=Cc3ccc(-c4ccc(-c5ccc(C#N)cc5)cn4)cc3)nc(-c3ccccc3)[nH]c2c1,24.75
CCCC(=O)c1c[nH]c2cc(-c3ccc(C4=NC(C)ON4)nc3)[nH]c2c1=NC1CCC(N)CC1,39.39
CC(C)(C)C(=O)NCc1ccc(Cl)c(N=c2[nH]c(-c3cccnc3)cn2Cc2ccc(C#N)cc2)c1Cl,27.57
N#Cc1ccc(-c2nc(-c3ccc(-c4ccsc4)cc3)nc(-c3ccc(-c4ccc(C#N)cn4)nc3)n2)cc1,17.56
CC(Cc1ccc(C#N)cc1)N=c1nc(-c2ccc(F)cc2)nc(-c2ccc(C#N)cc2)[nH]1,25.63
N#Cc1ccc(-c2csc(N=Cc3ccc(-c4nc5cc(C#N)ccc5o4)cc3)n2)cc1,18.24
N#Cc1c2c(c(-c3nc(-c4ccccc4)cc(-c4ccncc4)n3)c3ccccc13)C(=O)c1ccccc1C2=O,23.57
O=c1cc(Nc2ccc(F)c(F)c2)[nH]c(=O)n1CCCCCCCO,20.76
Cn1nc(-c2cccc(OCc3ccc(C#N)cc3)c2)nc1-c1ccc(-c2ccc(C#N)cn2)nc1,18.48
Cn1cc(-c2cc(=NC(=O)c3cc(F)cc(-c4cncc(NC(=O)C5(N)CCOC5)c4)c3)n(C)[nH]2)cn1,37.38
CSc1ncc(-c2cc(F)c(C(=O)NC(CO)CO)c(F)c2F)c(-c2cc[nH]c(=NC(C)=O)c2)n1,35.06
COC(=O)c1cc2c(cn1)[nH]c1ccc(Br)cc12,26.79
N#Cc1ccc(Nc2cc(C#N)c3[nH]c(=O)cc(C(F)(F)F)c3c2)cc1,18.99
CC(C)(C)c1nc(-c2cnc(C#N)c(C#N)c2)ncc1-c1cccc(Cl)c1Cl,35.55
Cc1ccc(-c2nc(-c3ccc(C#N)cc3)cc(-c3cc(-c4n[nH]c(=S)n4Cc4ccc(F)cc4)nc(-c4ccc(C#N)cc4)n3)n2)cc1,24.98
N#CCSc1nc2ccc(Nc3ccccc3C(=O)NNS(=O)(=O)c3ccc4ccccc4c3)cc2s1,35.17
O=C(NN=Cc1ccc2c(c1)OCCO2)c1ccc(O)c(Cl)c1,18.05
CCCN1CCC2c3ccccc3NC(=O)C2C1,23.57
COc1cc(OC)c(NC(=O)c2nn(-c3ccc(F)cc3)nc2C=O)cc1Cl,24.65
CCCCc1nc(-c2ccc(-c3nnc(-c4ccc5[nH]nnc5c4)c(-c4ccc(-c5ccc(C#N)cn5)cc4)n3)cc2)no1,29.38
N#Cc1ccc(C=Nn2c(-c3ccccc3)c(-c3ccccc3)[nH]c2=N)cc1,23.87
ON=Cc1cn(-c2ccc(Br)cc2)nc1-c1ccccc1,20.19
N#Cc1ccc(Cn2cc(-c3nn(-c4ccc(Cl)cc4Cl)c(-c4ccc(Cl)cc4)c(C#N)c3=O)nn2)cc1,16.74
Nc1cc(=O)n(Cc2ccccc2F)c(=O)n1Cc1ccccc1,17.78
N#Cc1ccc(-c2ccc(-c3ccc(=NCCO)[nH]n3)cc2)cc1,19.23
CN(C)C=Nc1nc(N=CN=Cc2ccc(-c3ccc(C#N)cc3)o2)nc(N=CN2CCN(C=O)CC2)n1,23.3
N#Cc1ccc(-c2nc(C#N)nc(-c3ccc(C#N)cc3)n2)cc1,9.09
N#CC=CCN1C2CCCC1CN(S(=O)(=O)c1cc(C#N)c(C#N)cc1Nc1cccc(C#N)c1)C2,38.68
N#Cc1ccc(-c2nc(-c3ccc(-c4ccc(C#N)cc4)s3)nc(-c3c[nH]c4cc(F)ccc34)n2)cc1,26.19
N#Cc1cncc(-c2nc(-c3ccc(-c4ccc(C#N)cc4C#N)c(F)c3)nc(C3CC3)n2)c1,19.4
CN(Cc1nc(N=c2[nH]c(-c3ccc(C#N)cc3)cs2)cc(-c2ccccc2)n1)c1ccc(C(N)=NO)cc1,35.67
N#Cc1ccc(-c2ccc(-c3ncc(-c4ccc5c(c4)CCC(=O)C(=O)N5Cc4ccccc4)nc3-c3ccccc3)cc2)cc1,39.06
N#Cc1cccc(-c2ccc(-c3cnc4ccc(C(N)=O)cc4n3)cc2)c1,20.54
COCCCc1cc(OCCCON=C(N)N)cc(C(=O)N(Cc2ccccc2)Cc2ccc(-c3cnc(CNCCc4ccc(S(C)(=O)=O)cc4)cn3)cc2)c1,32.82
N#Cc1ccc(-c2ccc(C#Cc3nc(-c4ccc(C#N)cc4)nc(-c4ccc(C#N)cc4)n3)cn2)cc1,11.78
NNC(=O)c1cn(Cc2cccc3[nH]c(=O)c(C4=Nc5ccccc5C4=O)c(Cl)c23)nn1,46.15
Cn1cc(-c2ccc(F)c(-c3ccc(C#N)cc3)n2)c(-c2ccc(F)cc2)n1,20.04
FC(F)(F)c1cc(-c2cc(-c3ccc(-c4nc(Cl)nc(Cl)n4)cc3)cc(-c3ccc(-c4nc(Cl)nc(Cl)n4)cc3)c2)cc(C(F)(F)F)c1,10.91
COc1ccc2c(c1)OCCn1nc(-c3ccncc3)c(-c3cncc(-c4ncc(C#N)c5c(-c6ccc(C#N)nc6)c(F)c(F)cc45)n3)c1-2,48.88
CCn1c(-c2ccc(-c3cc(-c4ccc(C#N)cc4)nc(-c4ccc(C#N)cc4)n3)cc2)nc(C#N)c1-c1cccc(Cl)c1,27.87
O=C(Nc1cc(C(F)(F)F)ccc1F)c1cc(-c2nc(C(F)(F)F)[nH]c(=Nc3cnc(N4CCOCC4)nc3)n2)ccc1F,25.75
CCN1CCN(CC=CC(=O)N(C)c2ccc3c(N(C)c4ccc(F)cc4)nc(Cl)nc3c2)CC1,34.03
N#Cc1cccc(-c2ccc3c(C#N)c(C#N)c(-c4ccc(F)cc4)nc3c2)c1,25.66
Cn1c(-c2ccc(-c3ccc(C#N)cc3)cc2)nnc1-c1ccc(Cl)c(Cl)c1,14.99
N#Cc1cccc(Nc2csc(=O)[nH]2)c1,17.39
CN1C=CC(=C2CCCCC2)N(C)C1=O,24.77
Cc1nc(C=CC#N)nc(S(=O)(=O)NC2CCCCNC2c2ccc(C(F)(F)F)cc2)n1,34.84
N#Cc1ccc(-c2ccc(-c3nc(-c4ccc(-c5ccc(C#N)cc5)cc4)nc(-c4ccc(-c5ccc(C#N)nc5)cc4)n3)cc2)cc1,10.35
CN(CCCCCCN)c1ccc(C#N)c(-c2cc(C(F)(F)F)nc3c(C#N)cccc23)c1,32.54
N#Cc1ccc(-c2nc(-c3ccc(C#N)cc3)nc(-c3cccc(C(F)(F)F)c3)n2)cc1,11.09
CC=Nc1nc(-c2ccc(-c3ccc(C#N)cc3)cc2)nc(-c2ccccn2)n1,18.71
CCCc1cc(C(=O)Nc2ccc(N=c3ccn4nc(-c5cccc(F)c5)cc4[nH]3)cc2)no1,37.97
CCC(N=c1nc(Cl)cc(N2C(=O)OCC2C(C)C)[nH]1)c1cccc(C=CC#N)n1,26.94
NC(N)=NCCNC(=O)C=Cc1ccco1,23.06
Cc1cccc(C=Nc2cc(O)c(N)cc2O)c1,12.09
CC1(C#N)CCN(C(=O)c2ccc(-c3nc(C#N)nc(C4CC4)n3)cc2C#N)C1,27.56
N#CCn1cc(C#N)c2c(Nc3ccc(C#N)c(C#N)c3)cccc21,20.99
CC(=NNC(=O)CC#N)c1ccc(Nc2ccc(F)cc2F)c(C)c1,29.0
N#Cc1c2ccccc2c(-c2nc(-c3c[nH]c4ccccc34)nc(-c3c4ccccc4c(C#N)c4ccccc34)n2)c2ccccc12,9.77
O=CN1CCCN(C=Nc2nc(N=CN3CCN(C=O)CC3)nc(N=CN3CCN(C=O)CC3)n2)CC1,10.38
Cn1cc(C#N)nc1-c1cc(-c2cccc(C#N)n2)nc(-c2cccc(C#N)n2)n1,13.43
N#Cc1ccc(-c2cc(F)c(C(=O)N=c3cc(C(=O)NCC4(F)COC4)[nH]n3-c3ccccc3)c(F)c2)nc1,22.95
CC(=O)N1CCc2c(sc(N=Cc3ccc(C#N)cc3)c2C#N)C1,14.34
Cc1cc(C)[nH]c(=NC(=S)Nc2cccc(C#N)c2)c1,21.29
CN1CCCN(CC(=O)Nc2ccc3c(c2)C(=O)c2ccc(N)cc2C3=O)CC1,19.01
N#CCCN=c1[nH]cc(-c2nc(C#N)nc(N3CCOCC3)n2)cc1C#N,14.59
CCOC(=O)c1sc(N=Cc2ccc(O)c(OC)c2)c(C#N)c1C,18.66
N#Cc1ccc(-c2cc(CS(=O)(=O)c3ccccn3)nc(-c3cncc(C#N)c3)n2)nc1,25.85
COc1cccc(C2c3c(n(C)c(=O)n(C)c3=O)C(=O)N2C(=O)COc2ccc(C#N)cc2)c1,32.84
O=S(=O)(N=c1[nH]cc[nH]c1=NCc1ccc(-c2ccccc2)cc1)c1ccc(F)cc1,24.71
CCc1cc(C=CC#N)nc(-c2nc(-c3cccc(C#N)n3)nc(-c3cccc(C#N)n3)n2)n1,15.58
N#Cc1ccc(C(=O)Nc2ccc(-c3nc(-c4ccc(-c5ccc(C#N)cc5)cc4)nc(-c4ccc(-c5ccc(C#N)cc5)cc4)n3)cc2)cc1,14.74
N#CC=Cc1cc(-c2ccc(-c3ccc(C#N)cc3)cc2)nc(C=Cc2ccc3ccccc3n2)n1,17.58
CCCCCCCC(=O)ON=C(c1ccc(OC(=O)c2ccc(CCl)cc2)cc1)c1nc(-c2ccc(C#N)cc2)nc(-c2ccc(C#N)cc2)n1,37.8
FCCCOc1ccc(-c2nc3sc(-c4ccc(Br)cc4)nn3c2C=NC2CCCC2)cc1,35.71
N#Cc1ccc(-c2ccc(C(=O)Cc3nc(-c4ccc(-c5ccccc5)cc4)nn3C3CCCCC3)cc2)cc1,24.17
Cc1cc(C=Nn2c(C)nc3ccccc3c2=O)nc(-c2cccc(F)c2)n1,30.25
COc1cc(C=C2C(=O)N(Cc3ccc(F)cc3)C(=O)N(Cc3ccc(Cl)cc3)C2=O)ccc1-n1cnc(C)c1,23.68
Cc1ccc(-c2n[n+](-c3ccc(F)cc3)cn2-c2ccc(S(N)(=O)=O)cc2)cc1,18.83
Cc1ccccc1-c1ccc(C2CCc3nnc(-c4cccc(C#N)n4)n3C2)cn1,33.29
Nc1nc(N=Cc2ccc(F)cc2)sc1C(=O)Oc1ccc(F)cc1,23.55
O=C(C=Cc1ccc(F)cc1)n1nc(-c2ccc(F)cc2)c2ccccc21,21.77
CN1CCN(Cc2cncc(-c3ccc4nc[nH]c(=Nc5ccc(-c6ccc(C#N)cc6)cc5)c4c3)n2)CC1,23.38
N#Cc1cccc(-c2ccc(C(=O)CN3CCN(c4nccc(C(F)(F)F)n4)CC3)cc2)c1,25.7
CC(=O)n1c(C=Cc2cc[n+](C)cc2)nc2cc(Cl)c(Cl)cc21,27.93
O=C(Cc1ccccc1)N=c1ccc(CCCCc2n[nH]c(=NC(=O)Cc3ccc(-c4ccccc4)cc3)s2)n[nH]1,18.37
CCC(=O)NCc1cccc(-c2cc(=NC(=O)c3cccc(C#N)c3)nc(N3C(=O)c4ccccc4C3=O)[nH]2)n1,38.4
N#Cc1ccc(C#N)c(-c2ccc(OCc3ccccn3)c(C#N)c2)n1,24.04
CC1=Nc2ccnc(Sc3cccc(C#N)c3)c2NC1C(=O)Nc1cccc(-c2cnn(CCCN=c3cccc[nH]3)c2)c1,57.52
CN1CCC2(CCN(c3ccc(-c4nc(C(F)(F)F)no4)c(F)c3)C2=O)C1,33.85
COc1ccc2nc(-c3nc(-c4ccc(-c5ccc(C#N)cc5)cc4)nc(-c4ccc(-c5ccc(C#N)cc5)cc4)n3)ccc2c1,17.58
CN(C)c1ccc(N=Cc2cccc(F)c2)cc1,15.49
N#Cc1cn(CCF)c(-c2nc3cc(-c4cn[nH]c(=N)n4)ccc3n2-c2nc(N3CCCC3)nc(N3CCOCC3)n2)n1,51.04
C=C(C)S(=O)(=O)N=c1cc(OC)[nH]c(-c2cc(Cl)c(Nc3cccc(C(=O)N=c4cc(C(F)(F)F)cc[nH]4)c3)cc2F)n1,49.74
CC1(C)CC(=O)c2c(nc(Cl)c(C#N)c2-c2cccc(Br)c2)C1,24.2
N#Cc1ccc(-c2ccc(C(=O)N3CCc4ccc(C#Cc5cccs5)cc43)cc2)cc1,28.47
Cc1cc(C)cc(-c2cc3cc(C#N)c(C#N)nc3n(CC3CCCO3)c2=N)c1,29.33
N#Cc1nccc(-n2c(C(=O)Nc3ccc(-c4ccccc4)cc3)nc3ccccc32)n1,23.87
CCCCCCCCCCCCOc1c(-c2cc(O)cc(O)c2)oc2cc(O)cc(O)c2c1=O,21.53
Cc1cccc(-c2csc3nc(-c4cc5cc(C#N)ccc5[nH]4)cnc23)n1,30.07
CCCCNS(=O)(=O)c1cccc(-c2ccc(C)cc2)n1,24.75
CC(C)N1CCC2(CCN(Cc3ccccn3)CC2)CC1,25.19
COc1ccc(-c2nc(OCC3CCOCC3)c3c(N4CCOCC4)nc(-c4ccc(C#N)cc4)nc3n2)cc1CO,23.29
NC(=NOC(=O)COc1ccc([N+](=O)[O-])cc1)c1cnc2ccccc2c1,27.0
COc1ccc(C=Cc2cc(=O)c3ccccc3o2)cc1,18.25
C=CCN=c1[nH]c(-n2cc(-c3ccc(F)cc3)cn2)nc(=NCc2ccc(-c3ccc(-c4cc(-c5ccc(C#N)cc5)nc(-c5ccc(C#N)cc5)n4)nc3)cc2)[nH]1,36.95
COc1ccc(CC(=O)Nc2ccc3c(C)cc(=O)oc3c2)cc1OC,22.98
Cc1ccc(C2=Nn3c(nnc3-c3cccc(Cl)c3)SC2)cc1,18.92
Brc1c[nH]c(=Nc2ccccn2)nc1N=c1cc(C2CC2)[nH][nH]1,16.61
Cc1cc(S(=O)(=O)N=c2[nH]c3ccc(O)cc3s2)ccc1Cl,29.7
C=CCCC#CC#CC#CC#CCCCCCCc1nnc(CCCCCCCCCC)c(C)n1,36.11
C=Cc1nc(-c2ccc(-c3ccc(C#N)cn3)cc2)n(-c2ccc(N3CC=CCC3)nc2)n1,34.2
Cc1ccc(-n2c(=S)[nH]c(O)c(C=NCC3CCN(Cc4ccccc4)CC3)c2=O)cc1,21.7
CNC1CCN(c2ncnc3sc(-c4nccc5cc(OC)c(OC)cc45)nc23)CC1,37.92
N#Cc1ccc(-c2ccc(-c3cc(-c4ccc(-c5cnn6ccnc6n5)cc4)nc(-c4cc(F)cc(OCCCN)c4)n3)cc2)cc1,38.67
COc1ccc(N=Cc2ccc(NC(=O)Nc3ccc(-c4nc(-c5cccnc5)nc(-c5cccnc5)n4)cc3)cc2)cc1,29.03
CCN(CC)c1nc(=N)c(C#N)c[nH]1,17.62
C#CCn1c(O)c(C=Nc2ccccc2)sc1=NO,27.64
N#Cc1ccc(-c2ccc(-c3nc(-c4ccc(C#N)cc4)[nH]c(=S)n3)cc2)cc1,17.67
N#Cc1ccc(NN=Cc2cccc(-c3ccc(C#N)cc3)n2)cc1,13.04
Cc1nc(-c2ccc(-c3c(C#N)cc(Cc4ccc(-c5cccc(C#N)n5)cc4)nc3-c3ccc(C#N)cc3)cn2)cn1C,37.41
c1ccc(-c2cc[n+](-c3ccc(-c4ccc(-[n+]5ccc(-c6ccncc6)cc5)cc4)cc3)cc2)cc1,12.45
O=C(CN1CCN(CC(=O)Nc2c(Cl)cccc2Cl)CC1)Nc1ccccc1Cl,24.52
N#Cc1cc(Nc2ccc3c(c2)C(=O)c2ccc(N)cc2C3=O)nc(Nc2ccc3c(=O)[nH][nH]c(=O)c3c2)c1,18.85
O=c1c(Cl)cc(Cl)cn1-c1ccc(F)cc1,18.29
COc1ccc(C=Nc2nc(N=CN3CCN(C=O)CC3)nc(N=CN3CCN(C=O)CC3)n2)c(OC)c1,14.61
Cn1cncc1-c1cccc(C=O)n1,25.34
Cn1c2ccccc2c2cc(C#N)c(C#N)nc21,20.14
N#Cc1ccc(-c2ccc(-c3nc(-c4cccc([N+](=O)[O-])c4)nc(-c4ccc(-c5cccc(C#N)n5)c(C#N)c4)n3)cc2)cc1,23.03
COc1ccc(C#N)cc1-c1ccnc2c(C(=O)Nc3ccc(F)cc3F)c[nH]c12,35.58
COc1ccc(C(=O)OCc2nc3ccccc3s2)c(OC)c1,27.08
CCN(CC)CC=Nc1cc(O)c(N=Cc2cc(C=Nc3cc(O)c(N)cc3O)cc(O)c2O)cc1O,23.33
CCOC(=O)c1nc(C)c2c(N=NN(C)C)c(C)n(-c3ccc(Br)cc3)c2n1,30.08
C=C1C(=O)C=C2C(C)(C)CCCC12C,19.83
Cc1cc(-c2ccc(C#N)c(-c3cncc(C#N)n3)c2)[nH]c(=Nc2cc(C(F)(F)F)ccn2)c1,23.72
CN1CCc2ccc(NC(=S)NC3CCN(CCCCC(=O)c4cc(F)cc(F)c4)CC3)cc21,34.36
N#Cc1ccc(-c2ccc(-c3nc(C(N)=O)c4ccc(-n5ccccc5=O)cc4n3)cc2)cc1,22.89
Cc1nc(C#N)nc(-c2c(F)cc(-c3ccc(F)c(F)c3)c(F)c2F)n1,19.35
CN(C)Cc1ccc(N=c2cc(-c3ccc(-c4ccc(C#N)cc4)cc3)nc(-c3cccc(Nc4ccc5c(c4)C(=O)c4ccc(N)cc4C5=O)c3)[nH]2)cc1,32.78
Cc1ccc(F)cc1NC(=O)c1cc2cc(N=c3nc(-c4nccc(OC5CCCC5O)n4)cc[nH]3)cc(C)c2[nH]1,35.15
N#Cc1ccc(-c2nc3c(c(N=CN4CCN(C=O)CC4)n2)CCCCC3)cc1,20.33
N#Cc1ccc(-c2ccc3ccccc3c2)cn1,17.81
N#Cc1ccc(-c2ccc(OCc3nc(C#N)no3)cc2)cc1,21.46
Fc1ccc(-c2ccc(C(Cn3cncn3)=NN(Cc3c(Cl)cccc3Cl)c3cncc(-c4ccc(Cl)cc4Cl)n3)cc2)cc1,44.11
CC1(C)CC(=O)CC(=NCCN2CCN(C=Nc3cc(F)cc(F)c3)CC2)C1,25.07
N#Cc1ccc(-c2cc(F)c(-c3nc(-c4cncc(C#N)c4)nc(-c4cccc(C#N)n4)n3)c(F)c2F)cc1,19.03
N#Cc1cncc(-c2nc(C#N)nc(-c3cc(C#N)cnc3C(F)(F)F)n2)c1,13.56
COc1cc(C=C(C#N)c2nnc(-c3ccccc3)n2C)ccc1OCC(=O)N(C)C,34.79
CCN(CCO)c1nc(N2CCCC(N)C2)[nH]c(=N)[n+]1[O-],30.89
O=C(CCCC=Cc1ccc(Cl)s1)N=c1[nH]nc(-c2cccnc2)s1,35.71
N#Cc1cccc(-c2nc(-c3cncc(C#N)c3)nc(-c3cncc(C#N)c3)n2)c1,11.47
Cc1cccc(N2CN(Cc3cccnc3)CNC2=S)c1C,20.5
N#Cc1ccc(-c2ccc(-c3nc(-c4ccc(Cl)cc4)nc(-c4ccc(-c5ccc(-c6ccc(-c7nc(-c8ccc(C#N)cc8)nc8ccccc78)cc6)cc5)cc4)n3)cc2)cc1,26.48
Cn1nc(-c2ccc(C#N)cc2)nc1-c1ccc(C#N)cc1F,18.24
S=C=NCCCCc1c[nH]cn1,15.84
COc1c(C#N)cc(C(=O)Nc2c(C)n(C)n(-c3ccccc3)c2=O)cc1NC(=O)c1ccc(C#N)cc1F,33.84
Cc1c[n+](-c2cc(-c3ccc(-c4ccc(-c5ccc(C#N)cc5)cc4)cc3)nc(-c3ccc(-c4ccc(C#N)cc4)cc3)n2)nc(C)c1C,31.85
N#Cc1ccc(-c2ccc(-c3nc(=N)c(C#N)c(-c4ccc(-c5ccc(-c6cccc(-c7cccc(-c8ccc(-c9ccc(C#N)cc9)nc8)c7)n6)nc5)cc4)[nH]3)cc2)cc1,29.59
Nc1cc(O)c(N=Cc2ccc(-c3nc(C=Cc4ccccc4)nc(-c4ccc(C=Nc5ccc(C(=O)O)cc5)cc4)n3)cc2)cc1O,21.31
c1ccc(CSc2nnc(-c3ccccn3)c(-c3ccccc3)n2)cc1,21.19
CN1C(=S)N(c2ccc(N3CCOCC3)cc2)C(=O)C1=Cc1ccc2c(c1)OCO2,23.58
N#Cc1ccc(-c2ccc(-c3nc(C(F)(F)F)c[nH]3)nc2)cc1,12.54
Cc1nn(C)c(Cl)c1C=Nc1c(C#N)c(-c2ccc(C#N)cc2)c(-c2ccc(-c3ccc(C#N)cn3)cc2)n1Cc1ccc(Cl)nc1,33.72
O=C(C1CC1)N1CCn2c(-c3ccncc3)cnc2C1,23.53
CCC=CCC=CCC=CCC=CCC=CCC=CCCC(=O)NCC(=O)O,21.64
Cc1cccc(C2=NC=c3ncc(n3-c3cccc(-n4[nH]c(=NC(=O)c5ccc(F)cc5)c5ccccc5c4=O)c3CO)=C2)n1,40.49
N#Cc1cccc(-c2ccc(-c3ccc(C#N)[nH]3)cn2)n1,20.33
CN(C)c1ccc(C(=O)N=c2ccc(-c3cc(C#N)c(-c4nc(-c5ccc(C#N)cc5)nc(-c5ccc(C#N)cc5)n4)cn3)c[nH]2)cc1,29.28
N#Cc1ccc(-c2ccc(-c3nc(-c4ccccc4)n(NS(=O)(=O)c4cccc(C#N)c4)c(=O)c3C#N)cc2)cc1,25.33
Cc1ccc(-c2ccc(C#N)n2C)n1C,21.06
Cc1cccc(-c2nc(-c3cncc(C#N)c3)nc(-c3cccc(C#N)n3)n2)c1,17.36
CCOC(=O)c1c(C)nc(Nc2nc(Cl)nc(N(C)C)n2)nc1-c1ccc(Cl)cc1,23.72
N#Cc1ccc(-c2nc(-c3ccc(C#N)cc3)nc(-c3ccc(C#N)cc3F)n2)cc1,9.81
C=CC(=O)Nc1cccc(N=c2nc(Nc3nc(C#N)ncc3Br)c(F)c[nH]2)c1,20.31
CC(C)=CCCC(C)=CCc1cccc2c1C(O)c1c(c(C#N)cc3ccccc13)O2,33.83
COc1ncc2c(C(N)=O)nn(-c3ccc(C#N)cc3)c(=O)c2n1,21.06
Cc1c(C(=O)NC(C)(CO)c2ccccc2)nc(-c2ccc(-c3ccc(C#N)cc3)cc2)n1-c1ccc(-c2nc(Cl)nc(Cl)n2)cc1,28.1
N#Cc1ccc(-c2cc(-c3ccc(C#N)cc3)nc(-c3nnc(C(F)(F)F)o3)c2)cc1,18.55
N#Cc1ccc(-c2nc(-c3ccc(C#N)cc3)nc(-c3cccc(C#N)c3F)n2)cc1,9.77
N#Cc1ccc(C=Nc2cc(O)c(N)cc2O)cc1,11.28
CCC(C)C(NC(=O)C(=O)Nc1nc(-c2cc(Cl)c(N)c(Cl)c2)oc1C(CCC(=O)O)C(=O)OCCOCCOCCOCCF)C(=O)N1CCN(C(=O)OC(C)(C)C)CC1,59.31
N#Cc1ccc(-c2ccc(-c3nc(-c4ccc(C#N)cc4)c(C(=O)O)c(-c4ccc(-c5ccc(C#N)cc5)cc4)n3)cc2)cc1,19.14
c1cc(-c2cc[n+](-c3cc(-[n+]4ccc(-c5ccncc5)cc4)nc(-[n+]4ccc(-c5ccncc5)cc4)n3)cc2)ccn1,10.31
N#Cc1ccc(CN2CCN(CCCNc3cc(Nc4ccc5c(c4)C(=O)c4ccc(N)cc4C5=O)nc(F)c3F)CC2)cc1,27.62
Cc1nc(-c2nsc(-c3c(F)c(F)c(C#N)c(F)c3F)n2)c(N)cc1C#N,26.83
N#Cc1ccc(-c2ncc3cc(Cn4nccc4C#N)ccc3n2)c(F)c1,28.73
CC(C)(C)OC(=O)N1CCCC1CN(c1cnc(-c2ccccc2)cn1)S(=O)(=O)c1ccc(O)cc1,33.72
O=C(C=Cc1cccc(O)c1)c1cc(Br)ccc1O,22.49
COc1cc(-c2nc(-c3cncc(C#N)c3)nc(-c3ccc(C#N)cn3)n2)ccc1-n1cnc(C)c1,14.97
COc1cc(NC(=O)Nc2ccc3c(c2)C(=O)c2ccc(N)cc2C3=O)cc(OC)c1OC,17.36
O=C(c1ccc(F)cc1)N1CCN(c2nc3ccccc3s2)CC1,20.98
Cn1c(-c2ccc(-c3cccc(C#N)c3)cc2)cccc1=NC(=O)c1ccc(-c2ccc(C#N)cc2)cc1,23.65
COc1cc(OC(=O)c2ccc([N+](=O)[O-])cc2)c2ccoc2c1C(C)=O,30.64
COc1ccc(-c2ccc(-c3nc(-c4ccc(-c5ccc(C#N)cc5)cc4)nc(F)c3C#N)cc2)cn1,20.76
N#Cc1ccc(-c2ccc(-c3cc(-c4ccc(-c5ccc(C#N)cc5)cc4)nc(N=CN4CCN(C=O)CC4)n3)cc2)cc1,10.67
Cc1ccc2c(=O)c(C(=O)c3cc(C#N)cn3C)cn(Cc3ccccc3)c2n1,25.53
N#Cc1ccc(-c2csc(N=Cc3cccc([N+](=O)[O-])c3)n2)cc1,15.62
O=C(O)C1C(=O)CCN(Cc2cc(F)cc(F)c2)C1=O,27.26
CCN1c2ccc(C#N)cc2C2(C)C3CCC4(C)C(C(=O)N=c5nccc[nH]5)CCC4C3CCC12,37.74
N#Cc1ccc(-c2nc(-c3ccc(Cl)cc3)nc(-c3ccc(-c4cccc(C#N)c4)nc3)n2)cc1,19.38
O=C1NC(=S)SC1=Cc1cccc(-c2ccc(-c3ccc(C=C4CNCC(=Cc5ccc(C6=NCCN6)cc5)C4=O)cc3)cc2)n1,29.34
N#Cc1ccc(-c2ccc(-c3nc(-c4ccc(-c5ccc(C#N)cc5)cc4)nc(-c4ccc(-n5nc(C#N)nc5-c5ccc(-c6ccc(C#N)cc6)cc5)cc4)n3)cc2)cc1,13.26
N#Cc1ccc(-c2ccc(-c3nc(-c4ccc(NC(=S)N=c5[nH]c6ccccc6s5)cc4)nc(-c4cccs4)n3)cc2)cc1,28.39
COc1ccc(C#N)cn1,13.91
Nc1ccc2c(c1)C(=O)c1cc(Nc3nc(N=CN4CCN(c5ccccn5)CC4)nc(-[n+]4ccc(-c5ccncc5)cc4)n3)ccc1C2=O,22.42
N#Cc1ccc(C#Cc2nc(-c3ccc(C#N)cc3)nc(-c3ccc(C#N)cc3)n2)cc1,9.72
Cc1nc(-c2cccc(N3CCOc4nc[nH]c(=N)c4C3C)c2)c2[nH]cc(-c3ccccc3)c2n1,36.29
CCCCN=c1nc2nc(-c3cccc(O)c3)c(-c3ccc(C#N)cc3)nc2c[nH]1,27.74
N#CC=Cc1cccc(Br)n1,11.09
N#Cc1ccc(-c2nc(-c3cccc(C#N)c3)cc(-c3ncc(-c4ccc(C#N)cn4)s3)n2)cc1,22.63
O=C(Nc1cccc(C(F)(F)F)c1)c1cnc(N2CCC(O)(CO)CC2)c(-c2cncc(F)c2)c1,25.63
Cc1cc(NCCCCNC(=O)c2cc(-c3ccc(C#N)cc3)cc(-c3ccc(-c4ccc(C#N)cc4)cc3)c2)c2ccccc2c1,33.04
N#Cc1c(CCc2ccc(Cl)cc2)[n+]([O-])c2ccccc2[n+]1[O-],24.37
N#Cc1ccc(-c2ccc(-c3nc(-c4ccc(-c5ccc(C#N)cn5)nc4)nc(-c4ccc(-c5ncc(C#N)cn5)c(F)c4)n3)cn2)nc1,10.45
CC(=O)c1ccc(N2CCN(S(=O)(=O)Cc3nc4ccccc4cc3C)CC2)cc1,30.51
N#Cc1ccc2sc(-c3ccc(-n4c(CCC(=O)O)ccc4-c4ccccc4)cc3)nc2c1,20.03
COC(=O)c1ccc(C=Nc2nc3cc(N)nc(N4CCOCC4)c3s2)o1,33.61
N#Cc1cccc(CSc2nc3ccccc3c(=O)n2-c2ccccc2)c1,20.82
Cc1nc(Cl)ncc1-c1nc(-c2ccc(C#N)cc2)nc(-c2ccc(C#N)cc2)n1,12.65
COc1ccc(-c2cc(C(=O)N=c3nc(C#N)cc[nH]3)n[nH]2)cc1,25.11
N#Cc1cccc(-c2ccc(-c3nc(-c4ccc(C=Nc5cc(O)c(N)cc5O)cc4)nc(-c4ccc(-c5n[nH]c(-c6ccccc6)n5)cc4)n3)cc2)c1,22.4
ON=Cc1nccn1Cc1ccccc1,15.65
N#Cc1ccc(Cl)c(Cl)c1Cl,14.21
N#Cc1ccc(-c2nc(-c3cncc(C#N)c3)nc(-c3ccnc(OC(F)F)c3)n2)cc1,17.77
CCOC(=O)N1CCN(C(=O)C(CCC(=O)O)NC(=O)c2nc(-c3nccs3)c3ccccc3n2)CC1,24.68
N#Cc1cn(-c2ccc(C(N)=O)cc2)nc1C=Cc1ccccc1,21.69
NS(=O)(=O)c1ccc(CNc2cc(O)n(-c3ccccc3)c2O)cc1,21.47
N#Cc1ccc(-c2cc(-c3nc(C#N)cc4ccc(-c5cnc(C#N)nc5)nc34)nc(-c3ccc(F)cc3)n2)cc1,26.34
N#Cc1ccc(-c2ccc(-c3nc(-c4ccc(-c5ccc(C#N)cc5)cc4)nc(-c4cccc(NC(=O)C5CC5)c4)n3)cc2)cc1,17.61
COc1nc(-c2ccc(-c3cccc(C#N)n3)c(Cl)c2)nc(C(C)(C)C)n1,24.73
CCOC(=O)Oc1ccc(O)c2c(O)c3c(O)cccc3c(C(C)=O)c12,30.56
COc1cc(-n2cccc(-c3cc(-c4cnc(-n5cnc(C)c5)c(OC)c4)nc(C#N)n3)c2=O)ccc1-n1cnc(C)c1,36.13
N#Cc1ccc(-c2ccc(-c3nc(-c4ccc(C#N)cc4)nc(C(F)(F)F)n3)cn2)cc1,12.04
N#Cc1ccc(-c2nncc(C#Cc3cc(C#N)cc4ccccc34)n2)cc1,23.26
CCCSc1ccc(-c2nc3c(nc2C=NNc2ccc(S(N)(=O)=O)cc2)c(C)nn3-c2ccc(Cl)cc2)cc1,32.97
N#Cc1ccc(-c2ccc(-c3nc(-c4ccc(-c5ccc(C#N)cc5)cc4)nc(-c4ccc(-c5nccc(C#N)n5)cc4)n3)cc2)cc1,14.69
N#Cc1ccc(-c2ccc(-c3nc(-c4cccc(C#N)n4)nc4c(C=O)c(O)ccc34)cc2)cc1,21.31
Cn1nc(-c2ccc(-c3ccc(C#N)cc3)cc2F)nc1-c1ccc(-c2ccc(OCC34CCCC3C4)cc2)nn1,37.74
Cc1cc2cc(OCCCN3CCCCC3)ccc2n1C(=O)OCC1CC(C)(C)NC1=O,43.72
CC(C)CNC(=O)c1nc(-c2cc(CNCCC(=O)Nc3ccc(C#N)cc3)nc(-c3ccc(C#N)cc3C#N)n2)cnc1C#N,44.11
N#Cc1c(F)c(F)c(-c2sc(-c3ccc(-c4nc(Cl)nc(Cl)n4)cc3Cl)nc2-c2ccc(Cl)cc2)c(F)c1F,16.82
O=C1C(Cl)=C(N2CCN(c3ncccc3[N+](=O)[O-])CC2)C(=O)c2ncccc21,23.89
CCNC(=O)c1ccc(C(CCN(C)C)c2ccc3c(C=Cc4ccc(C#N)cc4)[nH]nc3c2)cc1,28.41
COc1cccc2c1CCc1c(-c3ccc(Cl)c(Cl)c3)nc(=N)[nH]c1-2,28.59
CN(C)CC=CC(=O)Nc1ccc2c(c1)C(=O)c1ccc(N)cc1C2=O,15.68
N#Cc1ccc(S(=O)(=O)N2CCN(C(=O)CCOc3ccccc3)CC2)cc1,21.26
Cc1cc(-c2noc(-c3cccc(C#N)n3)n2)cc(C)c1OCC(O)CO,18.45
N#CC=Cc1nc2ccccc2nc1N1CCN(C(=O)c2ccc(F)cc2)CC1,21.73
C=C(C(=O)O)c1ccc2cc(-n3c(-c4ccccc4)nn(Cc4ccccc4C(F)(F)F)c3=O)ccc2c1,45.58
N#Cc1cccc(F)c1,13.44
Nc1ccc(N=Cc2ccc(-c3nc(-c4ccc(C=Nc5cc(O)c(N)cc5O)cc4)cc(-c4ccc(N=Cc5ccc(-c6ccc([N+](=O)[O-])cc6)o5)cc4)n3)cc2)cc1O,18.21
CCCCCCCN(CC)CCOc1ccc(C(=C(CC)c2ccccc2)c2ccc(O)c(CN(C)C)c2)cc1,31.77
N#Cc1ccc(-c2ccc(-c3nc(-c4ccc(C#N)cc4)nn3-c3ccc(F)c(F)c3)cc2)cc1,14.16
O=C(O)c1ccc(-c2ccc(Cn3c(Cc4ccccc4)nnc3C(=O)Cc3noc4ccccc34)cc2)cc1,32.85
CC1Cc2ccccc2CN1C(=O)c1cc(C(=N)N)ccc1-c1cc(C(=O)N(C)c2ccc(-c3ccccc3S(C)(=O)=O)cc2)nn1C,28.53
Clc1ccc2c(=NCCCCCCN=c3c4ccccc4[nH]c4ccccc34)cc[nH]c2c1,22.1
N#Cc1ccc(-c2ccc(-c3nc(CO)cc(-n4nc(-c5cccnc5)cc4C(F)(F)F)n3)cc2)cc1,27.14
COC(=O)C=Cc1ccc(C=CC(=O)Nc2ccc(-c3ccc(C#N)cc3)cc2)cc1,26.17
CC(C)(C)n1c(O)cc(N=Nc2nc(-c3ccccc3)c(-c3ccccc3)cc2C#N)c1O,27.59
Cc1ccc(C(F)(F)F)cc1-c1nc(-c2c(F)c(F)c(C#N)c(F)c2F)nc(-c2c(F)c(F)c(C#N)c(F)c2F)n1,15.24
N#Cc1ccc(NC(=O)C2Cc3ccccc3N2C(=O)COc2ccccc2)cc1C(F)(F)F,28.37
CCCCn1c(N)c(N(CCOC)C(=O)C(NC2CCCCC2)c2ccc3ccccc3c2)c(=O)[nH]c1=O,37.71
C#CC#CC#CC#CC=CC#CC#Cc1cc(Br)nc(C#N)n1,20.27
N#Cc1cncc(-c2nc(C=CC(=O)Nc3ccc4c(c3)C(=O)c3ccc(-c5cccc(O)c5)cc3S4(=O)=O)nc(-c3cccc(C#N)n3)n2)c1,31.93
NC(=O)C(=O)C(Cc1ccccc1)NC(=O)c1ccc2[nH]c(-c3cccc(-c4ccc(-c5nc6cc(C(F)(F)F)ccc6[nH]5)cc4)c3)nc2c1,40.74
O=CN(Cc1ccc(F)c(C(F)(F)F)c1)c1cc(O)n(-c2ccc(F)cc2)c1O,31.85
N#Cc1ccc(-c2nc(C(=O)Nc3ccc(-c4cccc(C#N)c4)cc3)cc(-c3ccccc3C#N)n2)cc1,20.99
Cc1cnc2c(=Nc3cccc(C#N)c3)[nH]c3ccc(Cl)cc3n12,25.06
N#Cc1cc(-c2nc[nH]c(=Nc3ccc(Cl)cc3)n2)ccc1Cl,20.67
CCOC(=O)c1cc(C#N)c(-c2ccc(C#N)cc2)cc1-c1ccc(-c2cc(C#N)ccn2)nc1,34.8
N#Cc1ccc(-c2ccc(CN(c3ccc(C=CC(=O)N4CCOCC4)c(F)c3)S(=O)(=O)c3ccc(C(=O)Nc4ccccc4)cc3)cn2)cc1,31.41
CC(=NO)c1nnc(-c2ccc(CON=Cc3cc(C(F)(F)F)nn3-c3ccc(OCCCN(C)C)cc3)c(-c3ccc(C#N)cc3)c2)nc1C,48.65
N#Cc1cncc(C=CS(=O)(=O)CS(=O)(=O)C=Cc2c(F)c(F)c(F)c(F)c2F)c1,24.52
N#Cc1ccc(-c2ccc(-c3nc(Cl)nc(C=Cc4ccc(Cl)cc4)n3)cc2)cc1,18.39
N#Cc1ccc(-c2cc(-c3ccc(C#N)cc3)nc(-[n+]3ccc(-c4ccncc4)cc3)n2)cc1,10.99
Nc1ccc2c(c1)C(=O)c1cc(-n3cc(-c4cc(F)cc(F)c4)nn3)ccc1C2=O,21.46
COc1ccc2[nH]c(=NC(=O)C3=C(C)N=C4SCC(=O)N4C3c3ccc([N+](=O)[O-])cc3)sc2c1,32.16
N#Cc1ccc(-c2nc(-c3ccc(C#N)cc3)nc(-c3cn(-c4ncc(F)cn4)c4cccnc34)n2)cc1,26.14
Cc1nc(=NC(=N)NCc2ccc(F)cc2)[nH]c(-c2ccc(-c3cccc(C(=O)NC4CC4)c3)cc2)c1C#N,32.64
N#Cc1ccc(-n2ccccc2=O)cc1-c1no[n+]([O-])c1C#N,27.6
N#Cc1cccc(-c2cc(O)c3c(c2)C2(CCCCC2)c2cc(C#CN=C=S)ccc2O3)c1,37.53
COc1ccc(O)c(C=NCc2ccccn2)c1,18.13
Cc1nc(C(=O)Nc2sc3c(c2C#N)CCCC3)c2[nH]c(=N)nc(N)c2n1,34.96
N#Cc1ccc(-c2ccc(-c3ncc(=O)n(-c4ccc(C#N)c(C#N)c4)n3)cc2)cc1,15.74
N#Cc1ccc(-c2ccc(-c3nc(-c4ccc(-c5ccc(C#N)cc5)cc4)nc(-c4nc(Cl)nc(Cl)n4)n3)cc2)cc1,10.26
N#CCc1ccc(N=c2nc(-c3nc(C(F)(F)F)[nH]c3-c3cccc(N(Cc4cccc(-n5cc(C#N)cn5)c4)CC(O)C(F)(F)F)c3)cc[nH]2)cc1,45.66
O=CN1CCN(C=Nc2nc(N=CN3CCNN3)nc(-c3ccc4ncccc4c3)n2)CC1,27.15
N#Cc1ccc(-c2cc(C#N)c(-c3ccc(C#N)cc3)nc2-c2ccc(Cl)cc2)cc1,17.71
N#Cc1ccc(CC(NC(=O)COc2cc(-c3ccccc3)cc(C(=O)Nc3ccc(Cl)cc3)c2OCC(N)=O)c2ccc(Cl)cc2)cc1,46.83
Cc1ccc(-c2nc(C#N)c(N=Cc3c(Cl)nc(-c4ccc(C#N)cc4)n3-c3ccc(-c4nc5c(C)cccc5s4)cc3)o2)cc1,37.83
N#Cc1ccc(-c2ccc(-c3ccc(-c4nc(Cl)nc(Cl)n4)c(-c4ccc(Cl)cc4)n3)cc2)cc1,10.34
CN(C)CCCNC(=O)c1nc(N=c2[nH]c(=Nc3ccc(Oc4ccccc4)cc3)[nH]cc2C#N)cn1C,29.77
N#Cc1ccc(-c2nc(N3CCOCC3)c3c(-c4ccncc4)ccnc3n2)cc1,14.98
Nc1ccc(CNC(=O)c2ccnc(-c3ccc(-c4nc(CC5CCCNC5)no4)cc3)n2)cc1,31.6
N#Cc1ccc(-c2ccc(C(=O)Nc3ccc4c(c3)N(CCN)CC4)cc2)cc1,21.03
N#Cc1ccc(-c2nc(=NC(=S)NC(=O)Cc3ccccc3)cc(-c3ccc(F)cc3)[nH]2)cc1,27.16
N#Cc1cccc(Nc2ccc(N=Cc3ccc(-c4nc(-c5ccc(C=Nc6cc(O)c(N)cc6O)cc5)nc(-c5ccc(C=Nc6cc(O)c(N)cc6O)cc5)n4)cc3)cc2O)c1,18.0
CC(=O)Nc1ccc(N=c2nc(-c3cccnc3)nc(-c3cccc(-c4ccc(C#N)cc4)c3)[nH]2)cc1,24.54
O=C(O)C1=Cc2c(cccc2[N+](=O)[O-])OC1C(F)(F)F,21.24
N#Cc1ccc(-c2nc(-c3ccncc3)nc(-c3ccc(-c4nc5ncccc5[nH]4)cc3)n2)cc1,27.86
Cc1nn(-c2ccc(F)cc2)c2nc(C3CC3)nc(N3CCN(C(=O)c4ccccc4)CC3)c12,27.6
Cc1ccc2nncc(-c3ccc(-c4noc(C(F)(F)F)n4)cc3)c2n1,21.9
CC(C)C(=O)Nc1cc(O)c(N=Cc2ccc(Cl)cc2)cc1O,18.4
CCCCCCC=c1ccc(=Cc2c(C)c(CC#N)c(-c3cc(C(C)(C)C)cc(C(C)(C)C)c3)c(OC)c2OC)[nH]1,44.87
Cc1cccc(-c2ccc(C(=O)N3c4ccc(-c5ccc(C#N)cc5)cc4CCC3C)cc2)n1,24.9
N#Cc1ccc(-c2cc(=Nc3ccc(CN4CCCCC4)cc3)nc[nH]2)cc1,22.45
Cc1cc(C)n2nc(SCC(=O)Nc3cccc(C(C)(C)C)c3)nc2n1,31.2
N#Cc1ccc(-c2nc(-c3ccc(C#N)cc3)nc(-c3cccc(F)c3)n2)cc1,10.45
N#Cc1cccc2[nH]c(-c3nccc(Cc4ccc5ccccc5c4)n3)nc(=NC3CCNCC3)c12,34.1
N#Cc1ccc(-c2ccc(-c3ccc(-c4ccc(C#N)cc4COc4ccc(C5=NCCN5)cc4)c(C(=O)N=c4ccc(-c5ccccn5)n[nH]4)n3)cc2)cc1,35.27
Cc1nn(C)cc1N=Nc1cccc(C=CC#N)c1,26.28
N#Cc1c(F)c(F)c(-c2nc(-c3cc(Cl)c(F)c(Cl)c3)nc(-c3c(F)c(F)c(C#N)c(F)c3F)n2)c(F)c1F,17.8
N#Cc1ccc(-c2cc(-c3cccc(C#N)n3)nc(-c3ccc(C#N)cc3)n2)cc1,12.28
COc1ccc(C#N)nc1-c1nc(-c2cccc(C#N)n2)nc(-c2cccc(C#N)n2)n1,12.6
Cc1cc(C=CC#N)nc(C=CC#N)n1,9.55
Clc1nc(Cl)nc(-c2cccc(Br)c2)n1,11.29
COc1nc(C#CCN(c2ncccc2C#N)S(=O)(=O)c2ccc(OC(F)(F)F)cc2)ccc1-c1cccc(C#N)c1,33.16
COCc1n[nH]c(-c2cc(C(=O)N3CC(Oc4ccc(C(C)NC(C)=O)cc4)C3)c(C)cc2C2CCC2)n1,22.76
Cn1c(C#N)ccc1-c1ccc(-c2cc(-c3ccc(-c4nc(Cl)nc(Cl)n4)cc3)cc(-c3ccc(-c4nc(Cl)nc(Cl)n4)cc3)c2)cc1,16.71
CC(=O)Oc1cc2oc(=O)cc(-c3ccc(Br)cc3)c2c(-n2cnnc2)c1C#N,43.64
CN1CCN(c2nc(=NCc3cccc(C#N)c3)nc(Nc3ccc4c(c3)C(=O)c3ccc(N)cc3C4=O)[nH]2)CC1,21.75
Cn1c(C#N)ccc1-c1ccccc1,14.49
N#Cc1ccc(-c2ccc(-c3cn(Cc4cccc(C#N)c4)nc3Cl)cn2)cc1,25.66
CCCc1ccc(-c2nc(CN(C)Cc3ccc(C#N)cc3)co2)cc1,26.11
Cc1ccc(C)c(-n2cc(C(O)Nc3ccc(-c4ccc(C#N)cc4)cc3)cc2O)c1,20.58
Cc1ncnc(N2C(=O)c3cc(CSc4ccc(F)cc4)nn3CC2C)n1,33.06
N#Cc1nc(-c2cnc(-c3ccc(C=O)nc3)cn2)c2cc(C3CCN(C4COC4)CC3)[nH]c2n1,27.32
COc1ccc(F)c(CN(Cc2nc(=O)c3ccccc3[nH]2)c2ncccn2)c1,34.22
CC(C)N1CCN(c2nc(-c3ccc(-c4ccc(C#N)cc4)cc3)nc(-c3ncn(C)c3-c3ccc(O)cc3)n2)CC1,30.65
CNCC(=O)Nc1cccc(-c2cc(NCc3cccnc3)ccc2C)c1,38.8
Cc1cc(C)cc(N(CC(=O)NNC(=O)COc2ccccc2)S(=O)(=O)N(C)C)c1,36.15
Fc1ccc(-c2csc(-[n+]3nc(-c4ccc(-c5ccccc5)cc4)nn3-c3ccccc3)n2)cc1,14.59
N#Cc1cccc(-c2cc(-c3ccc(NS(=O)(=O)c4ccc(F)cc4F)c(C#N)c3)nc(-c3ccncc3)n2)c1,28.77
N#Cc1cn(-c2ccc(C(=O)O)cc2)c(=O)c2ccccc12,17.14
N#Cc1ccc2[nH]c(-c3ccc(-c4nc(-c5cc6ccccc6c6ccccc56)co4)cc3)nc2c1,23.24
Cc1ccc(N=Cc2c(C)[nH]n(-c3ccc(Cl)cc3)c2=O)cc1,19.04
N#Cc1ccc(-c2nc(-c3ccc(-c4ccc(C#N)cn4)nc3)nc(-c3cccc(C#N)n3)n2)cc1,16.91
N#Cc1c(-c2cccnc2)[nH]c(-c2cccnc2)nc1=N,25.9
Cc1nc(-c2ccc(-c3ccc4c(n3)c(C#N)nn4-c3ccc(C#N)cc3)cc2)nc(C(F)(F)F)n1,32.78
N#Cc1ccc2cc(C#N)c(N3CCN(S(=O)(=O)c4ccc(Br)cc4)CC3)nc2c1,28.17
N#Cc1cc(N=c2[nH]cnc3ccc(-c4cc(F)c(O)c(F)c4)cc23)ccc1Oc1cnc(C(O)O)nc1,38.99
CCc1ccc(-c2nc(Cc3ccc(C#N)c(F)c3)ncc2CCC(=O)c2ccc(OC(F)(F)F)cc2)cc1,41.93
Cc1cc(N=C2c3ccc(Cl)cc3C(C#N)N2Cc2ccc(C#N)cc2)ncc1-n1c(C)nc2ccccc2c1=O,39.95
CCC(C)C(=O)c1cc(CC=C(C)C)c2oc(=O)cc(C)c2c1O,30.39
COC(=O)c1c(NC(=O)c2cc(-c3ccc(C)cc3)nc(-c3cccc(F)c3)n2)nc(-c2ccccn2)[nH]c1=N,32.52
O=C1CC(NC(=O)C2CCC2NS(=O)(=O)c2ccc(-c3ccc(Cl)cc3)s2)C(O)O1,37.49
N#Cc1ccc(C(=O)Nc2cc([N+](=O)[O-])ccc2Cl)cc1,20.32
N#Cc1cccc(NC(=O)c2cccc(C(F)(F)F)c2)c1,18.67
CCc1ncnc(-c2ccc(C(=O)N3CCOC(COC)C3)c(Cl)c2)c1C#Cc1ccc(C#N)cc1,25.29
N#Cc1cccc(-c2nc(-c3ccncc3)no2)n1,16.99
C=CC(=O)N1CCC(n2nc(F)c3c(-c4cncc(C#N)c4)nc(-c4ccn(C5COC5)c(=O)n4)nc32)CC1,29.69
N=C(Nc1ccc(Cl)cc1)Nc1ccc(Cl)cc1Cl,21.48
Cc1ccc(-c2cc(C(F)(F)F)nc(-c3ccc(-c4nn(-c5ccc(Br)cc5)cc4-c4nc(-c5c(F)c(F)c(F)c(F)c5F)ns4)cc3)n2)cc1,32.52
N#Cc1cccc(-c2ccc(C=NNC(=O)c3ccccn3)s2)c1,22.07
Cn1c(SCc2ccc(C#N)cc2)nc2c1c(=O)n(Cc1ccccc1)c(=O)n2C,21.41
CN(C)C1CCc2[nH]c(=NC(=O)c3ccnc(-c4ccc(C#N)cc4)c3)sc2C1,23.73
COc1cc(N=c2[nH]c(-c3cccc(F)c3)nc3c2NC(=N)C=C(C)C3)cc(OC)c1,38.48
CC(=O)NC(Cc1ccccc1)C(=O)NC(Cc1ccccc1)C(=O)NCC(=O)NCC#N,30.01
O=C1c2cc(O)c(O)c(Sc3ccc(F)cc3F)c2C(=O)c2cc(O)cc(O)c21,29.24
CCCc1cc2c(-c3cncc(C#CCOc4ccccc4)c3)ncnc2cc1OCCCN1CCN(C)CC1,28.79
Cc1cc(-c2n[nH]c3cc(=NC(=O)NCc4cccc(F)c4)[nH]cc23)ccn1,19.6
N#Cc1ccc(-c2ccc(-c3nc(-c4ccc(-c5ccc(C#N)cn5)nc4)nc(-c4ccc(-c5ccc(F)cc5F)nc4)n3)cn2)nc1,12.22
Cc1cccc(-c2nc3n(c2Nc2nc(C)c(C)c4cccnc24)C(c2ccc(Cl)cc2)=NC(C)(CC(C)C)C3C#N)n1,42.57
Nc1cc(O)c(N=Cc2ccc(F)c(F)c2)cc1O,14.37
N#Cc1cncc(-c2cc(C(=O)Nc3ccc(OC(F)(F)F)cc3)cnc2N2CCC(O)C2)c1,16.53
Cc1cccc(CSc2nc(-c3ccc(C#N)cc3)nc(-c3cc(-c4ccccc4)nc(-c4ccc(C#N)cc4)n3)n2)n1,29.82
NC(=O)C1CC2(CC(c3cccc(Nc4ccc(F)cc4)c3)=NO2)CN1C(=O)Cc1ccc(C(=O)Nc2ccccc2N)cc1,33.18
N#CC#Cc1ccc(C#N)cc1,14.19
NN=CC(C=O)NC(=O)C(Cc1ccccc1)NC(=O)c1ccccc1,25.43
C=CCOc1cccc2c1C(=O)c1cc3ccc(-c4nc5ccccc5[nH]4)nc3cc1C2=O,34.01
O=c1c(-[n+]2ccc(-c3ccncc3)cc2)nc(-[n+]2ccc(-c3ccncc3)cc2)nn1C1OC(CO)C(O)C1O,15.13
Cc1cc(C)nc(Oc2cc(C(=O)N=c3ccc(C#N)c[nH]3)nc(N(C)CC(O)CO)n2)n1,35.72
Nc1cc(O)c(N=Cc2ccc(-c3nc(-c4ccc(C=Nc5cc(O)c(N)cc5O)cc4)nc(-c4cccc(N=c5cc[nH]c6cc(Cl)ccc56)c4)n3)cc2)cc1O,17.39
Cc1cc2c(cc1C)NC(c1cccc([N+](=O)[O-])c1)CC(c1c[nH]c3ccccc13)=N2,36.19
Cn1cc(C(=O)NCc2cccc(Cl)c2F)c(O)c1O,20.89
COc1ccc(C#N)c(N=c2nc(-c3cccnc3)cc[nH]2)c1,22.55
Nc1ccc2c(c1)C(=O)c1ccc(Nc3nc(Nc4ccc5c(c4)C(=O)c4ccc(N)cc4C5=O)nc(Nc4ccc5c(N)cccc5c4)n3)cc1C2=O,16.65
CCc1ncc(NC(=O)c2ccc(CN3CCN(C)CC3)cc2)cc1C#Cc1ccc(=N)[nH]c1C,23.72
COc1ccc(N=c2[nH]c(N)c(C#N)cc2C#N)cc1F,23.6
Cn1cnc(-c2cccc(=NC(=O)Cc3c(-c4cccc(C#N)n4)ccc(C(F)(F)F)c3F)[nH]2)c1,41.33
CC(C)=CCc1cc(C=CC(C)CN(C)CCCc2ccccc2)c2c(O)oc(C)c2c1O,42.03
Cc1ccc(-c2noc(CCC(=O)NCc3ccc(C#N)cc3)n2)cc1,19.11
N#CC=Cc1cccc(-c2ccc(C=NCCNC(=N)N=C(NC#N)Nc3ccc(Cl)nc3)cc2)n1,37.4
C=CCn1c(=S)[nH]c(O)c(C=c2cc(C)n(-c3cccc(C(=O)O)c3)c2=C)c1=O,17.77
CCCCCCn1c(CCC(=O)Nc2ccc(C)cc2C)nnc1-c1ccc(-c2ccc(C#N)cc2)cc1,32.93
COc1ccc(-c2nc(Cc3ccc(-c4ccc(C#N)cc4)cc3)co2)c2nc(C)nn12,22.52
N#Cc1ccc(-c2nc(-c3ccc(C#N)nc3)cc(-c3cccc(C#N)n3)n2)cc1,12.82
N#Cc1ccc2c(c1)Cc1c-2[nH]c2cnc(C#N)cc12,16.96
Cc1ccc2[nH]c(C=NNC(O)=NO)nc2c1,23.34
O=C(O)c1cc(=O)c2c(O)c3c(O)c4c(cc3c(O)c2o1)OCO4,27.25
CC(C)c1nc(=NC(=O)Nc2ccc(Cl)c(Cl)c2)cc(C23CC4CC(CC(C4)C2)C3)[nH]1,30.74
CN(C(=O)Nc1ccc(Cl)c(Cl)c1)c1sc2c(c1C#N)CCC2,20.84
O=C(c1cc(Cl)nc(Cl)n1)c1cc2ccccc2o1,25.29
N#Cc1cncc(-c2ccc3c(=O)c(C(=O)O)cn(-c4cc(F)c(NS(=O)(=O)c5cccnc5)cc4F)c3c2)c1,34.88
N#Cc1ccc(N2CCC(=O)Nc3cc(Cl)c(C(N)=O)cc32)cc1,28.57
N#Cc1ccc(-c2nc(-c3ccc(C#N)nc3)nc(-c3c[nH]c(=N)c(Cl)c3)n2)cc1,19.56
N#Cc1cc(S(=O)(=O)Nc2ccc(-c3ccc4ncc(C5CCNCC5)cc4c3)cc2)ccc1F,34.56
N#Cc1nc2n(n1)CCN(c1ncc(Cl)c(-c3ccccc3Cl)n1)C2,26.15
CN1CCN(C(=O)N=c2nc(-c3ccc(C#N)cc3)[nH]c(-c3cccc4c3CCO4)n2)CC1,28.81
Nc1cc(S(=O)(=O)Nc2ccccc2C(=O)O)ccc1Nc1cc(F)c(S(N)(=O)=O)cc1Cl,33.25
N=C1N(Cc2cccc(C=NNC(=O)c3ccccn3)c2)CCN1c1ccccc1,30.28
Cn1c(N=CNc2cccc(O)c2)cc(=O)n(C)c1=O,24.62
N#Cc1cccc(N=c2nc(-c3ccc(-c4ccc(C#N)c(C#N)c4)nc3)nc(N3CCOCC3)[nH]2)c1,20.17
CN=Nc1nc(O)c(C#N)c(-c2cccs2)n1,25.44
Cc1c(C=CC#N)cc2nc(C#N)cnc2c1Oc1c(F)c(F)c(C#N)c(F)c1F,33.38
COC(=O)c1nc(-c2ccc(-n3c(C#N)cc(-c4ccc(C#N)cc4)c3-c3ccc(OC)cc3)cc2)n(-c2ccc(-c3coc(C)n3)cc2)n1,40.87
Clc1ccc(-c2cc(-c3ccc(-c4nc(-c5ccc(Cl)cc5)nc(-c5ccc(Cl)cc5Cl)n4)cc3)nc(-[n+]3ccc(-c4ccncc4)cc3)n2)cc1,21.55
CC(C)Oc1ccc(-c2nc(N3CCOCC3)nc(-c3nc(-c4ccc(C#N)cc4)nn3C)c2F)cn1,27.54
N#Cc1ccc(-c2ccc(-c3nc(C#N)cn3-c3ccc(NC(=O)C=CCl)cc3)cc2)cc1,27.43
N#Cc1ccc(-c2ccc(-c3nc(-c4ccc(-c5ccc(C#N)cc5)cc4)nc(-c4nn(-c5ccccc5Cl)nc4-c4ccc(C#N)cc4)n3)cc2)cc1,24.45
CC(O)c1nc(-c2nc3cc(N4CCCC(C(=O)N5CCNCC5)C4)ccc3[nH]2)nc(N2CCOCC2)n1,35.76
Cc1nc(-c2ccc(-c3noc(Cc4ccc(C#N)cc4)n3)cc2)sc1C(=O)O,27.65
Cc1ccn2c(Nc3nc(N(O)C4CCCCC4)nc(=NC4CCCCC4N)[nH]3)c(-c3cccnc3)nc2c1,46.1
N#CC=Cc1nc(C=CBr)nc(C=CC#N)n1,11.92
N#Cc1ccc(-c2ccc(-c3nc(-c4ccncc4)nc(N4CCCNCC4)n3)cc2)cc1,17.65
COC(=O)c1cc(O)ccc1-c1cc(-c2cc(F)c(F)c(F)c2)nc(-c2ccc(C#N)cc2)n1,23.88
N#Cc1c(N)c(Cl)c(F)c(C#N)c1F,15.61
Cc1ccc(-n2nc(C)c(=O)c(C#N)c2N=CN2CCN(C=O)CC2)cc1,21.11
N#Cc1ccc(-c2ccc(-c3nc(-c4ccc(-c5ccc(C#N)cc5)cc4)nc(-c4ccc(C#N)c(Cl)c4)n3)cc2)cc1,13.13
CCCC(=O)c1cnn(-c2ccc(=NC(C)c3ccc(Cl)c(-c4cc(Cl)ccc4C#N)c3)nc(OC)n2)c1C,39.87
N#Cc1ccc(-c2nc(-c3ccc(C=Nc4cc(O)c(N)cc4N)cc3)cc(-c3ccc(-c4ccc(-n5nc(C=Cc6ccc7ccccc7c6)nc5C=Cc5ccc(-n6cccn6)cc5)cc4)cn3)n2)cc1,45.63
COc1cc(OC)c(OC)cc1C=NNC(=O)c1ccccc1O,23.26
Cc1nc(=NS(=O)(=O)c2ccc(Oc3ccc(-c4c(C)nn(C)c4C)cc3)c(C#N)c2)cc(C#N)[nH]1,33.68
N#CC=Nc1ccc(-c2nc(-c3ccc(-c4ccc(C#N)cc4)cc3)nc(-c3ccccc3C=Cc3ccccn3)n2)cc1,26.0
NC1=NC(c2cc(NC(=O)c3ncncn3)ccc2F)(C(F)F)C2CC2O1,23.78
Cn1cc(-c2cccc(-c3nc(-c4ccc(-c5ccc(C#N)cn5)nc4)nc(-c4ccc(-c5ccc(C#N)cn5)nc4)n3)c2)cn1,16.78
CON=C(N)c1ccc(-c2ccc(-c3ccc(C(=N)N)cc3)o2)cc1,18.52
Cc1ccc(C#Cc2nc(Cl)nc(Cl)n2)cc1,14.64
N=C1C(=Cc2cn(-c3ccccc3)nc2-c2ccc(Br)cc2)C(=S)C2C=CC=CN12,28.62
Cc1ccc(CC=Nc2cc(O)c(N=Cc3cc(C)ccc3O)cc2O)cc1,22.06
Nc1ccc2c(c1)C(=O)c1ccc(Nc3nc(Nc4ccc5c(c4)C(=O)c4ccc(N)cc4C5=O)nc(Nc4ccc5c(c4)C(=O)c4cc(N)c(N)cc4C5=O)n3)cc1C2=O,11.0
N#Cc1ccc(Sc2ccc(Cl)cc2)cc1[N+](=O)[O-],19.65
Cc1cc(C)nc(C2CCCCCN2Cc2ccnc(-c3ccc(C#N)cc3)n2)n1,24.74
COc1nc(-c2ccc(-c3nc(-c4ccc(-c5ccccc5C(N)=O)cc4)nc(C(F)(F)F)n3)cc2)nc(N2CCN(C)CC2)c1C#N,30.98
N#Cc1ccc2[nH]c(-c3ccc(-c4nnc(-c5ccc(O)c6ccccc56)c(-c5ccc(C6=NCCCN6)cc5)n4)cc3)nc2c1,29.16
Clc1nc(-c2cc3ccccc3o2)c(Cl)c(Cl)c1Cl,22.58
N#Cc1ccc(-c2nc(C#N)c(-c3ccc(C=Nc4cc(O)c(N)cc4O)cc3)s2)cc1,17.95
O=CN1CCN(C=Nc2nc(N=CN3CCN(C=O)CC3)nc(N=CN3CCN(CCO)CC3)n2)CC1,10.34
N#Cc1cncc(-c2ccc(O)cc2C#N)c1,17.24
Cc1cccc2[nH]c(-c3cc(-c4ccc(F)cc4)nc(-c4ccc(C#N)cc4)n3)nc12,18.89
CCN(Cc1ccc(F)c(-c2nc(-c3ccc(C#N)cc3)nc(-c3ccc(C#N)cc3)n2)c1)c1ccc(Cl)cc1,28.15
N#Cc1ccc(C(=CC#CCN2CCCCC2C#N)c2cc(-c3ccc(-c4ncc[nH]4)cc3)c3ncnc(-c4ccc(F)cc4)c3c2)cn1,44.07
N#Cc1cccc(-c2ccc(-c3ccc(-c4nn(C5CCN(C=O)CC5)cc4C(N)=O)cc3)cc2)n1,25.4
Cc1ccc(NC(=O)c2noc3c2CCCC3)cc1F,20.51
N#CCc1ccc(-c2nc(-c3ccc(C#N)cc3)nc(-c3cccnc3F)n2)cc1,16.6
N#Cc1ccc(-c2ccc(-c3nc(-c4ccc(-c5ccc(C#N)cn5)nc4)nc(-c4ccc(-c5ncccn5)nc4)n3)cn2)nc1,11.71
N#CCCN(N)c1oc(-c2ccc(-c3ccc(C#N)cc3)cc2)nc1C#N,16.65
Cc1nnc(C(C#N)=c2c(=Cc3[nH]c(=O)[nH]c3O)cnn2C)o1,21.78
N#Cc1ccc(-c2cc(C#N)cnc2-c2ccc(C#N)cc2)cc1,10.44
COc1ccc(-c2nc(-c3ccc(Oc4ccc(C(F)(F)F)cc4)cc3)nc(-c3ccc(-c4ccc(C#N)cc4)cc3)n2)c(C#N)c1,24.04
Cc1noc(-c2cc(-c3ccccc3)c3c(n2)nc(Cc2ccc(O)cc2)c2ccccc23)n1,38.28
Cc1ncccc1-c1nc(-c2ccc(C#N)cc2)nc(-c2ccc(C#N)cc2)n1,10.69
N#Cc1ccc(-c2cc(-c3cccc(-c4ccc(-c5nc(C=Cc6ccc(-c7ccccc7)cc6)nc(-c6ccc(-c7ccc(C#N)s7)cc6)n5)cc4)n3)ccc2C#N)cc1,39.99
COc1ccc(Cn2cc(C=NNC(=S)N=Nc3c(O)[nH]c4ccc(C#N)cc34)c3ccccc32)cc1,31.57
CN(CCN1CCc2cc(N=c3nc(N=c4cc(C5CC5)[nH][nH]4)c(F)c[nH]3)ncc2C1)S(C)(=O)=O,36.28
N#Cc1cncc(-c2nc(-c3cccc(C(F)(F)F)c3)nc(-c3c(F)c(F)c(-c4cccc(F)c4)c(F)c3F)n2)c1,17.02
NCCCN(Cc1ccc(Cl)cc1)C(=O)c1ccccc1Cl,27.08
N#Cc1c(N)sc(N=Cc2ccccc2Cl)c1C#N,19.29
N#Cc1ccc(-c2cc(-c3nccc(-c4ccc(-c5ccc(-c6ccc(-c7nc(Cl)nc(Cl)n7)c(F)c6F)cn5)cc4)n3)ccc2C#N)cc1,25.62
CC(C)n1cc(-c2ccc(-c3nc(C#N)nc4c3N(CCC3CCOCC3)CC(=O)N4)cc2)cn1,23.05
N#Cc1ccc(CN2CCN(c3ccc(F)c(N=c4nc(-c5cnn6cccnc56)cc[nH]4)c3)CC2)cc1,28.25
CC(=O)N1CCN(C(=O)C2CCN(S(=O)(=O)c3ccc4c(c3)C(=O)C(=O)N4Cc3ccc(-c4cccc(F)n4)cc3)CC2)CC1,32.02
N#Cc1cncc(-c2nc(-c3ccc4[nH]c(O)cc4c3)nc(N3CCS(=O)(=O)CC3)n2)c1,26.87
N#CCCN(N=Cc1cc(C#N)nc(-c2ccncc2)n1)c1nc(Br)c(Br)s1,29.46
Cc1cc(C#N)cc(C#N)c1-c1cncc(C#N)c1,16.28
Cc1cc(=NC(=O)Cn2c(-c3ccco3)nc3cc(C#N)ccc32)[nH]o1,28.25
CC=Cc1cc(OC(C)=O)cc(=O)c(C=Cc2ccc(OC)c(N)c2)c1CC,34.16
O=c1ccc2ccc(O)cc2o1,17.12
Nc1c(N(CCC2=CCCCC2)C(=O)c2nsc(Cl)c2Cl)c(=O)[nH]c(=O)n1Cc1ccccc1,26.39
COCc1cccc(-c2nc(-c3ccc(-c4ccc(C#N)cc4)cc3)nc(-c3ccc(-c4ccc(C#N)cc4)cc3)n2)c1,19.13
Cc1ncc(-c2ccc3c(c2)C(c2ccc(C#N)cc2)CN2CCCC32)n1C,30.78
CN(C)c1ccc(C=Nc2ccc(N=Cc3ccccc3O)cc2)cc1,17.16
Cc1cc(CN=[N+]=[N-])nc(Cl)n1,20.33
Nc1ccc2c(c1)C(=O)c1ccc(Nc3ccnc(Nc4ccc5c(c4)C(=O)c4ccc(N)cc4C5=O)n3)cc1C2=O,8.16
N#CCc1nc(-c2cncc(C#N)c2)nc(-c2cncc(C#N)c2)n1,14.23
N#Cc1ccc(-c2ccc(-c3nc(-c4ccc(-c5ccc(C#N)cc5)cc4)nc(-c4ccc(-c5cccc(Cl)c5)cc4)n3)cc2)cc1,12.94
CC1CN=C(c2ccc(-c3ccc(OCc4ccccc4)cc3)c(F)c2)N1,25.16
N#Cc1cccc(NC(=O)c2ccc(=Nc3cccc4cccnc34)[nH]c2)c1,25.41
CCN(C(=O)c1ccc(C(=O)c2ccccc2)cc1)c1c(N)n(Cc2ccccc2)c(=O)[nH]c1=O,25.01
N#Cc1ccc(-c2ccc(-c3ccnc4ncc(C(=O)N=c5[nH]cc(Cl)s5)nc34)cc2)cc1,29.76
COc1ccc(N=c2[nH]c(CS(=O)(=O)c3ccc(C#N)cc3)ccc2C#N)cc1,24.04
CC(=O)c1cc(C=Nc2ccc(F)cc2)cc(N=Cc2ccc(-c3nc(-c4ccc(C=Nc5cc(O)c(N)cc5O)cc4)nc(-c4ccc(C=Nc5cc(O)c(N)cc5O)cc4)n3)cc2)c1O,19.37
Cc1cc(-c2ccc(-c3ccc(CNc4cccc(C#N)c4)cc3)cc2)nc(N=c2nc(C)cc(N3CCCC3)[nH]2)n1,35.59
N#Cc1ccc(-c2cn(-c3ccc(C(=O)O)c(O)c3)cc2C#N)cc1,17.64
O=c1nc(OCC2COCCO2)nc2cc(-c3ccc(-c4n[nH]c(C5CC5)n4)cc3)ccn12,22.71
N#Cc1ccc(-c2nc(-c3ccc(C#N)cc3)nc(-c3cccc(C#Cc4ccccn4)c3)n2)cc1,17.07
COc1cc(CN(C)Cc2ccc(-c3ccc(C#N)cc3)nc2)ccc1F,25.98
Cc1cc(C)n(Cc2ccc(C(=O)c3c(O)c(O)n(-c4ccc(-c5ccsc5)cc4)c3-c3ccccc3)cc2)n1,20.5
O=C1c2ccccc2C(=O)N1Cc1cn(Cc2cccc(-c3nn[nH]n3)c2)nn1,26.13
O=C(O)c1cc(-c2ccc(C=Nn3cnnc3)o2)ccc1Cl,19.84
Cc1ccc(-c2nc(-c3ccc(C#N)cc3)nc(-c3ccc(C(=O)OCC(=O)Nc4ccc(F)c(F)c4F)cc3)n2)cc1,24.47
N#Cc1ccc(-c2nc(-c3ccc(-c4ccc(F)cc4)cc3)nc(-c3ccc(-c4ccc(CN5CCC(CC(=O)O)CC5)cn4)s3)n2)cc1,25.52
N#Cc1ccc(-c2ccc(-c3nc(-c4ccncc4)cc(-c4cccs4)c3-c3ccc(-c4nc(Cl)ncc4C#N)cc3)cc2)nc1,32.22
N#Cc1cncc(-c2cccc(-n3[nH]cc(C(N)=O)c3=N)c2)c1,25.48
CCc1nc(C)nn1-c1nc(C)cc(C)n1,18.07
N#Cc1c2ccccc2c(-c2nc(-c3c(-c4ccccc4)[nH]c4ccccc34)nc(-c3c4ccccc4c(C#N)c4ccccc34)n2)c2ccccc12,14.85
N#Cc1ccc(-c2nc(-c3cccc(C#N)c3)cc(-n3cccc3C#N)n2)cc1,19.97
O=c1[nH]c(=O)c2cc(-n3cccc3)cnc2[nH]1,25.25
N#Cc1ccc(-c2nc(CNc3ccc4c(c3)C(=O)c3ccc(N)cc3C4=O)nc(-c3cccc(C#N)c3)n2)cc1,17.83
N#Cc1ccc(-c2ccc(-c3ccc(-c4ccc(-c5ccc(C#N)cc5-c5cc(C(=O)O)nc6ccc(F)cc6c5=O)cc4)cc3)cc2)cc1,32.85
COC(=O)c1cc(C(=O)C=CC=Cc2cc3ccccc3n2C)cc(C(=O)C(C)C)n1,40.0
O=C(Nc1ccccc1C(=O)O)c1ccc(-c2nn[nH]n2)cc1,27.87
COc1nc(-c2cccc(NC(=O)Nc3ccc(F)c(F)c3)c2)nc(N2CCCC2)n1,22.32
CN1C(=O)C2(NC(=S)N(C=NC3c4ccccc4-c4ccccc43)C2=O)c2ccccc21,34.19
N#Cc1ccc2c(c1)[nH]c(=O)n2N=Cc1ccc(-c2nc(-c3ccc(C=CC[n+]4ccc(-c5ccncc5)cc4)cc3)nc(-c3ccc(-c4ccc(-[n+]5ccc(-c6ccncc6)cc5)cc4)cc3)n2)cc1,29.64
Cc1ccc2c(-c3nc(-c4cccc5ccccc45)nc(-c4c5ccccc5c(C#N)c5ccccc45)n3)c3c(c(C#N)c2c1)C(=O)c1ccccc1-3,21.91
Cc1cc(C)cc(C(=O)c2cc3cc(Nc4ccc(F)c(F)c4)ccc3n2CCC#N)c1,39.44
Cc1cccc2[nH]c(-c3ccc(-c4ccc(C(=O)NCCCCCN=c5cc[nH]c6cc(Cl)ccc56)cc4)cc3)nc12,31.8
CC(C)c1cc(C(=O)N2CCN(c3ccccn3)CC2)no1,20.06
O=C(O)c1nc2ccc(-n3nc(-c4ccc(-c5ncc(F)cn5)c(F)c4)ccc3=O)cc2s1,30.16
N#CC=Cc1ccc(-c2nc(-c3ccc(-c4ccc(C#N)cc4)cc3)nc(-c3ccc(-c4ccc(C#N)cc4)cc3)n2)cn1,13.81
CC(CCc1ccccc1)NC(=O)c1ccc(C=C2SC(=S)N(CCCCCC(=O)O)C2=O)cc1,33.11
N#Cc1ccc(-c2nc3ccccc3s2)cc1,15.28
O=C(NCCCN1CCN(c2cccc(Cl)c2Cl)CC1)c1cc(-c2ccccc2)nc2cc(Br)ccc12,27.75
COCCOc1cc2nc(C#N)nc(-c3ncc(F)c(=NC4CCN(C5CCC5)CC4C(=O)O)[nH]3)c2cc1C#N,36.3
N#Cc1ccc(-c2cc(=N)nc(-c3ccc(C#N)cc3)[nH]2)cc1,18.78
CCN(CC)c1ccc(N=Cc2c(C)[nH]n(-c3nc(-c4ccc(Cl)cc4)cs3)c2=O)cc1,20.41
N#Cc1ccc(-c2ccc(C=Nc3nc(-c4ccc(-c5ccc(-c6ccc(C#N)cc6)cc5)cc4)c(C#N)s3)cc2)cc1,18.54
N#Cc1ccc(-c2ccc(-c3ccn(-c4cccc(C#N)c4)c3O)cc2)cc1,22.16
COc1cc(C2c3cc4c(cc3C(NC(=S)NCc3nc(C)cs3)C3COC(=O)C23)OCO4)cc(OC)c1OC,32.24
COc1ccc(-n2c(C=Cc3ccc(F)cc3)nc3ccc(C(=O)c4ccccc4)cc3c2=O)cc1OC,28.3
N#Cc1ccc2c(c1)C(=O)N(c1ccc3c(c1)C(=O)c1ccc(N)cc1C3=O)C2=O,20.63
N#Cc1c2c(c(-c3nc(-c4c5ccccc5c(C#N)c5ccccc45)nc(-c4c5ccccc5c(C#N)c5ccccc45)n3)c3ccccc13)-c1ccccc1C2=O,12.45
N#CC(=Cc1ccc(-c2ccc(C#N)cc2)o1)c1ccnc(-c2ccc(C#N)cc2)n1,15.54
Oc1ccc(N=Cc2cc(Cl)cc(O)c2O)cc1,17.87
CC(CC(=O)Nc1ccc(Cl)c(C(F)(F)F)c1)=NNC(=O)COc1c(Cl)cccc1C#N,30.5
Cn1cc(-c2cc(Oc3ccc(-n4c(C(=O)N(CCCO)c5ccc(F)cc5)c5cc(F)c(F)c(F)c5c4O)cc3F)ccn2)c2cc(C#N)c(Cl)cc21,60.23
N#Cc1ccc(-c2ccc(-c3noc(-c4ccc5oc(-c6ccc(C#N)cc6)nc5c4)n3)cc2)cc1,19.49
CC(N=c1nc(N2C(=O)OCC2C(C)O)cc[nH]1)c1nc(-c2ccccn2)no1,21.2
CCCCNc1ccccc1-c1ccc(-c2ccc(-c3nc(C4CCCC4)cs3)cc2)nc1,30.02
Cc1cc(-c2nc(C3CCOCC3)sc2-c2ccc(N=c3nc(-c4ccc(C#N)nc4)cc[nH]3)cc2)nc(C)n1,30.8
N#Cc1ccc(N=c2cc(C(F)(F)F)[nH]c(=NC(=N)Nc3cc(Cl)cc(Cl)c3)[nH]2)cc1,17.59
COc1ccc(-c2cc3c(-c4ccc(C#N)cc4)nc(C#N)cc3[nH]2)cc1F,25.33
CC1COCCN1c1nc(C#N)nc(-c2cncc(C#N)c2)n1,10.94
CCc1ccc(-c2ccc(C(=O)N3CCC(CN4CCC(Cc5ccccc5)CC4)CC3CNC(=O)c3ccc4ccccc4c3)cc2)cc1,44.2
N#CC=Cc1cccc(-c2cccc(C#N)n2)c1,22.08
Cc1ccc2cc(OCc3nc(-c4ccc(-c5ccc(C#N)cc5)cc4)no3)ccc2n1,19.28
Cc1ccc(NC(=O)c2ccc(Cc3nc(C#N)c(N)n3C)cc2)c(C)c1,26.58
N#CNc1c(-c2ccccc2)c(=O)[nH]c2ccccc12,23.33
CCc1ccc(C#N)c(Oc2cccc(C#N)c2C)n1,26.3
Cc1[nH]c(=NC(=O)c2cccc(-n3c(O)ccc3O)c2)c(Cl)cc1Cl,19.94
CN1CCC(c2cc(C(=O)NCC#N)nc(-c3ccc(-c4ccc(C#N)cc4)cc3)n2)CC1,25.2
N#Cc1ccc(-c2nc(Nc3ccc4c(c3)CCc3cc(-c5cccc(C#N)n5)ccc3C4=O)nc(N3CCOCC3)n2)cc1,23.44
CCN=c1nc(N2CCOCC2)nc(-c2ccc(-c3ccnc(-c4ccc(-c5ccc(C=O)cn5)o4)n3)cc2)[nH]1,28.86
O=C(CN1CCOC1=O)N1CCN(S(=O)(=O)c2ccc(F)cc2F)CC1,33.85
Cc1ncc2ccccc2c1CNC(=O)NCc1cnc(N2CCN(C)CC2)c(F)c1,34.02
CN1CCN(C2CCN(C=Nc3nc4ccccc4c(=O)n3Cc3ccc(-c4ccccc4)cc3)CC2)CC1,28.43
Cc1ccc(-n2c(-c3ccc(C#N)cc3)n[nH]c2=NN=CC=Cc2ccccc2)cc1,19.75
N#Cc1ccc(-c2nnc(SCc3ccc(F)cc3)n2N)cc1,17.92
N#Cc1ccc(CNC(=O)c2cc(-c3ccc(C#N)cc3)nc(-c3ccc(F)c(C#N)c3F)n2)cc1,19.24
C#Cc1cn(C(C)C)c(-c2nc(-c3cncc(C#N)c3)c3cncc(F)c3n2)n1,24.25
COc1ccc(C2=CCN(C(=O)c3cccc(C#N)c3)CC2)nc1,25.15
Cc1ccc(-c2nc(C(=O)COC(=O)c3cc(Cl)c(Cl)cc3N)c(C)n2-c2ccc(F)cc2)cc1,27.12
COc1c(OCc2ccc(F)cc2F)cccc1C(=O)c1cc(C#N)c(=O)n(-c2ccc(C#N)cc2)c1,30.66
Cn1cc[n+](C)c1-c1ccc(C=C(C#N)c2nc(Cl)c(C#N)c(Nc3ccc4c(c3)C(=O)c3ccc(N)cc3C4=O)n2)cc1,27.41
Cc1ccc(C(C(=O)NC(C)(C)C)N(Cc2ccc(F)cc2)Cc2nnnn2CCc2ccccc2)cc1,32.05
C#CC=C(c1ccc(S(C)(=O)=O)cc1)c1nc(Cl)ncc1Cl,25.71
N#Cc1ccc(-c2nc(-c3ccc(-c4ccccc4)cc3)nc(C(C#N)c3ccc(F)cc3)n2)cc1,17.73
N#Cc1cnc(-c2ccc(Br)cc2)c(Oc2ccc(Cl)cc2C#N)c1,29.82
Cc1cn(S(=O)(=O)c2ccc(Cl)c(Cl)c2)cn1,24.3
C[n+]1c(-[n+]2ccc(-c3ccncc3)cc2)ccc2cc3ccccc3cc21,15.64
N#Cc1ccc(-c2nc(-c3ccc(-c4ccc(C#N)cn4)cc3)nc(-c3cnn4ccccc34)n2)cc1,13.42
CN1CCC(N2CCN(c3ncc(-c4ncc(-c5nccc(C(=O)NC(=O)OC(C)(C)C)n5)c(F)c4F)cn3)CC2)CC1,42.42
Cc1nc2cnc3ccc(-c4cnnc(-c5ccc(C#N)cc5)n4)cc3c2n1C1CCN(C(=O)CO)CC1,24.06
N#Cc1ccc(Nc2cc(F)c([N+](=O)[O-])c3nonc23)cc1,25.87
N#Cc1ncc(-c2cc(F)c(C3=c4cc(F)ccc4=NC(c4ccc(F)cc4)=NN3)cc2F)nc1C(N)=O,34.17
N#CC(=Cc1cc(C#N)c(=O)n(-c2ccccc2)c1)c1ccc(F)cc1,21.49
O=C(O)C1Cc2c([nH]c3ccccc23)C(c2ccc(-c3nc[nH]n3)cc2)N1,29.01
N#Cc1ccc(-c2ccc(-c3nc(-c4ccc(C#N)cc4)cc(-c4cc(-c5ccc(C#N)nc5)nc(-c5ccc(C#N)cc5)n4)n3)cc2)cc1,19.63
O=C(O)Cc1nc(-c2ccc(-c3ccc(-c4cc(-c5ccc(-c6nc(Cl)nc(Cl)n6)cc5)ccc4Cn4cncn4)cn3)cc2)cs1,25.44
N#CC=Cc1cc(Oc2c(F)c(F)c(F)c(F)c2C#N)ncn1,27.5
O=C(CN1C(=O)NC2(CCc3ccccc32)C1=O)NCC1CCCO1,24.41
COCCNc1cnc2ccc(-c3cc(C(F)(F)F)cc4ncccc34)cc2n1,33.79
N#CCc1c[nH]c2cnc3ccc(Cl)cc3c12,29.16
N#CNC(=Nc1ccc(Oc2cc(Cl)ccc2Cl)cc1)Nc1cc(C(F)(F)F)cc(C(F)(F)F)c1,22.63
N#Cc1ncc(Cl)nn1,12.96
COc1cc2c(cc1OC)-c1n(c(-c3ccc(C#N)cc3)n[n+]1-c1cc(-c3ccc(C#N)cc3)nc(-[n+]3ccc(-c4ccccc4)cc3)n1)CC2,24.92
CC(=NNC(=O)c1cccc(S(=O)(=O)N2CCCC2)c1)c1cccs1,29.58
N#Cc1ccsc1NC(=O)C#Cc1ccccc1,22.04
N#Cc1cccc(-c2ccc(C(=O)NC(Cc3ccc(Cl)cc3)c3cnc(Cl)nn3)cn2)c1,26.85
Cc1cc(-c2ccc(OCc3cc(C4CC4C#N)nc(C4CC4)n3)cc2)nc(Cl)n1,32.37
Cc1ccc(-c2ncc(CCc3cnc(-c4ccccc4)c(-c4ccccc4)n3)nc2-c2ccccc2)cc1,21.52
CCCc1cc(-c2cc(=NC(=O)COc3ccc(-n4cccn4)cn3)[nH]nc2-c2ccc(C#N)cc2)nc(C)n1,34.82
N#Cc1ccc(-c2cc(C#Cc3cc(Cl)ccc3OCC(=O)O)nc(-c3ccc(C#N)cc3)n2)cc1,19.36
CC(C)Cc1ccc(-c2nc(-c3ccc(C#N)cc3)nc(-c3cccc(C#N)n3)n2)cc1C#N,12.26
CN(c1nc(-c2ccc(-c3ccc(C#N)cc3)cc2)nc2ccc(Cl)cc12)C1CCN(C(=O)OC(C)(C)C)CC1,22.63
COc1ccc(OC)c(NC(=O)c2csc(-c3n[nH]n(Cc4ccc(Cl)cc4)c3=N)n2)c1,35.1
COc1ccc(NN=Cc2nc(N=CN(C)C)nc(-c3nc(C(C)C)cs3)n2)cc1,23.42
N#Cc1c(F)cccc1Nc1nc(Nc2ccc3c(c2)C(=O)c2ccc(N)cc2C3=O)nc(Nc2ccc3c(c2)C(=O)c2ccc(N)cc2C3=O)n1,12.3
C#Cc1cccc(-c2ccc3c(N4CCOCC4)nc(-c4ccc(C#N)cc4)nc3n2)c1,23.28
CC1(Cc2cccc(C#N)c2)CC2(CCN1)CCN(Cc1ccccn1)C2,39.08
N#Cc1ccccc1-c1nn(Cc2ccc(-c3nc(Cl)ncc3C#N)cc2)c(=O)o1,24.49
N#Cc1cncc(-c2nc(N3CCC(N)C3)ccc2C(=O)c2ccc(-c3ccnc(C(F)(F)F)c3)cc2)c1,36.58
CC(=O)c1c(C)[nH]c(C(=O)N=c2cc(C)cc[nH]2)c1C,22.08
Cc1cc(Nc2ccc3c(c2)C(=O)c2ccc(N)cc2C3=O)nc(Nc2ccc3c(c2)C(=O)c2ccc(N)cc2C3=O)n1,10.73
O=C(C(=Cc1ccc(-c2ccc(F)cc2)cc1)OCCN1CCCC(C(=O)O)C1)c1ccc(Cl)cc1,34.46
CC(N)=Nc1ccc(-c2ccc(NC(=O)C=Cc3cc(N)c(NC(=O)c4ccc(N=c5c6ccccc6[nH]c6ccc(Cl)cc56)cc4)cc3C(F)(F)F)cc2)cc1,41.12
N#Cc1ccc(-c2cc(-c3ccc(NC(=O)c4cc(C#N)ccc4O)cc3)nc(-c3cc(C#N)ccn3)n2)cc1,27.22
Cc1noc(C)c1-c1nc(-c2ccc(C#N)cc2)nc(-c2ccc(C#N)cc2)n1,14.81
O=C(CSc1n[nH]c(=NCc2cn(-c3ccccc3F)nn2)s1)Nc1ccc2c(c1)C(=O)c1ccccc1C2=O,35.03
Brc1ccc(C=Nn2cnnc2)s1,17.24
COc1ccc(-n2c(C)cc(C=NN=c3scc(O)n3Cc3ccc(F)cc3)c2C)cc1,23.88
CCn1cc(-c2nc(N=CN3CCN(C=O)CC3)nc(-c3ccc(C#N)cc3)n2)c(C)n1,20.96
N#Cc1ccc(NC(=O)C2CCCN(S(=O)(=O)c3ccccc3)C2)cc1,19.86
Cn1c(-c2ccc(-c3ccc(-c4ccc(C#N)cc4)cc3)cn2)nc(-c2ccccc2)c(C#N)c1=O,24.7
CC1COCCN1c1nc(-c2cncc(C#N)c2)nc(-c2cc(C#N)cc(N3CCN(c4ncccn4)CC3)c2)n1,23.77
COc1ccc(CC2CN3CCC(c4ccccc4)C3CCN2C(=O)c2ccc(O)cc2O)cc1,36.15
N#CCn1c(-c2ccc(C#N)cc2)nc(-c2ccc(-c3ccc(C#N)cc3)cc2)c1-c1ccc(C#N)cc1,12.69
CC(C)CC(NC(=O)c1cccc(C#N)c1)C(N)=O,24.04
c1ccc(-c2nnc(-c3c[nH]c4ccccc34)o2)cc1,17.55
N#Cc1cn(Cc2ccc3c(c2)C(=O)c2cc(Cl)ccc2C3=O)c(-c2cc(Cl)ccc2O)n1,31.96
CC1=Nc2cc(C)nn2C(c2ccc(Cl)c(Cl)c2)C1C(=O)NCc1ccc(C#N)cc1,24.66
COc1ccc(N=C2SC(=Cc3ccc(Oc4ccc(C#N)cc4)cc3)C(=O)N2c2ccc(F)cc2)cc1,25.16
CCCOc1ccc(C(=O)C=Cc2ccc(OC(CC)CO)cc2)cc1OC,36.85
N#Cc1ccc(-c2ccc(-c3nc(-c4ccc(-c5ccc(C#N)cc5)cc4)nc(-c4ccc(-c5ccc(C(F)(F)F)cn5)cc4)n3)cc2)cc1,14.57
O=C(NN=Cc1c(F)ccc(F)c1F)c1ccccc1O,27.99
CCC1CCC(O)(C#Cc2cccc(-c3nc(-c4ccc(C#N)cc4)nc(-c4ccc(C#N)cc4)n3)c2)CC1,25.97
Cc1nc(-c2ccc(C#N)cc2)nc(-c2ccc(F)cc2)c1C(=O)ONC(=O)c1cccc(C#N)n1,31.32
Cc1cc(-c2nc(Cl)nc(Cl)n2)ccc1-c1nc(-c2ccc(-c3ccc(-c4cnc(-c5ccc(C#N)cc5)cn4)cc3)cc2)c(-c2nc(-c3cccnc3)n[nH]2)s1,35.37
Clc1ccc(Nc2ccc(Cl)c(Cl)c2)cc1,17.18
C[n+]1c(-c2ccc(C=NCCCN=Cc3cc(C[n+]4cccc(C=NO)c4)ccc3O)cc2)cn2ccccc21,18.56
CN(c1ccc(C(=O)Nc2ccc(C#N)cc2)cc1)S(=O)(=O)c1ccccc1,22.08
N#Cc1ccc(-c2nc(-c3ccc(C#N)cc3)nc(-c3ccc(-c4ncc(-c5ccccn5)o4)cc3)n2)cc1,17.34
O=c1[nH]c(O)c(C=Nc2ccccn2)c(=O)n1Cc1ccccc1,15.54
N#Cc1ccc(-c2ncc(CN3CCC(C(F)(F)F)CC3)c(-c3ccc(C#N)cc3)n2)cc1,23.96
N#Cc1ccc(-c2cc(C(=O)Nc3c(C#N)cccc3C#N)nc(-c3c(F)cccc3F)n2)cn1,27.73
N#Cc1ccc(-c2ccc(C=CC(=O)Nc3ccc(S(=O)(=O)Nc4ccc(-c5ccc(C#N)cc5)cc4)c4ccccc34)cc2)cc1,21.83
CCC(=O)N1CCc2ccc(Nc3[nH]cc(-c4nc(-c5ccc(C#N)cc5)nc(-c5ccccn5)n4)c4cccc3-4)cc21,41.11
O=C1NC(=S)SC1=Cc1ccc(N2CCCC2)c([N+](=O)[O-])c1,21.76
CC(C(=O)NNc1ccc(C#N)cc1)=C1Sc2ccccc2N1C,31.76
O=c1cc(Nc2cc(F)c(F)c(F)c2)[nH]c(=O)n1-c1ccc(F)cc1,20.21
Fc1ccc2[nH]c(-c3ccc(-c4nc(C=Cc5cccnc5)cc(-c5ccccc5)n4)cc3)nc2c1,26.84
N#Cc1ccc(-c2nc(-c3ccccc3)cc(-c3ccc(-c4nnc(N=CN5CCN(C=O)CC5)n4-c4ccc(F)cc4)cc3)n2)cc1,25.8
N#Cc1ccc(-c2ccc(-c3nc(-c4ccc(-c5ccc(C#N)cc5)cc4)c(C#N)c(-c4ccc(-c5ccc(C#N)cc5)cc4)n3)cc2)cc1,10.39
N#Cc1ccc(-c2ccc(-c3nc(-c4ccc(C#N)cc4)nc(-c4ccc(-c5cncc(C#N)c5)nc4)n3)cc2)cc1,20.25
N#Cc1cc(C#N)cc(-c2cccc(-n3nc(CCCN=C(N)N)nc3-c3ccccc3)n2)c1,29.27
CC(=NO)c1c(O)ccc2cc3cccc(C(=O)NCCN(C)C)c3nc12,29.86
N#Cc1ccc(NC(=O)c2c[nH]c3cc(C#N)ccc3c2=O)cc1,20.14
Cc1cn(-c2ccc(NC(=O)c3cn(-c4ccc(F)cc4)c4nc(N5CCC(N)C5)c(F)cc4c3=O)cc2)c(C)n1,27.45
CC(C)CN(NC(=O)c1ccc(-c2ccc(-c3nc(Cl)nc(Cl)n3)cc2)cc1)c1nc(C#N)ncc1C#N,21.13
Clc1nc(SCc2ccccc2)nc(Cl)c1Cl,15.46
N#Cc1ccc(NC(=O)c2nc[nH]c2C(=O)NCc2ccccc2)cc1,21.04
ON=Cc1cn(CC#Cc2cnn(-c3ccc(Cc4ccc(-c5nccc(C(F)(F)F)n5)cc4)cc3)c2)nn1,31.39
Cc1ccc(CCn2c(O)cc(=O)n(Cc3ccc(C#N)c(C)c3)c2=O)cc1,28.15
N#Cc1ccc(-c2ccc(-c3nc(-c4ccc(C#N)cc4)nc(-c4ccc(F)cc4)c3C#N)cc2)cc1,11.2
Cc1ccc(-c2nc(C)n(N=Cc3ccc(F)cc3)c(=Nc3ccc(Cl)cc3)n2)cc1,22.01
N#Cc1c2ccccc2c(-c2nc(-c3ncc4cc(Cl)ccc4n3)nc(-c3c4ccccc4c(C#N)c4ccccc34)n2)c2ccccc12,25.21
N#Cc1ccc(-n2nc(-c3ccncc3)nc2-c2ccc3c(c2)OCCO3)cc1,22.6
C#CCOc1sc(-c2ccc(NC(=O)Nc3cc(C)ccc3F)cc2)nc1C(=O)OCCN(C)C,36.35
N#CC=Cc1cccc(N(Cc2cc(F)c(F)c(F)c2)C(=O)c2ccc(O)cc2O)c1,22.24
N#Cc1ccsc1N=Cc1c(N)[nH]c(=N)[nH]c1=O,27.93
Cc1cc(Cl)c(O)cc1N=c1c(C#N)c[nH]c2[nH]c(=NC(=O)CN3CCN(C)CC3)c(C#N)cc12,32.84
Cn1c(-c2ccc(-c3ccc(C#N)cc3)cc2)nc(C#N)c1NC(=O)c1cccc(C#N)c1,18.57
O=C(Cc1ccc(F)cc1)Nc1cc(=Nc2cccc(F)c2)[nH]c(=Nc2ccc(F)cc2)[nH]1,32.23
CCN1C(=CC(C=Cc2cc(OC)ccc2OC)=Cc2ccc(-c3ccc(-[n+]4ccc(-c5ccccc5)cc4)cc3)cc2)Sc2ccccc21,36.35
CN(C)C=Nc1ccc2[nH]c(-c3ccc4ccc(-c5ccc(-c6cc(-c7ccc(-c8nc(Cl)nc(Cl)n8)c(Cl)c7)nc(-c7ccc(F)cc7Cl)n6)cc5)nc4c3)nc2c1,32.69
N#Cc1cccc(Oc2cc(Cl)nc(-c3c(-c4ccc(F)cc4)ncn3C3CCNCC3)n2)c1,26.07
CC(C)NC(=O)C(c1ccc(-n2cccc2)cc1)N(Cc1cccnc1)C(=O)c1ccc(C#N)cc1,35.24
COc1cc2c(=Nc3cccc(Cl)c3F)[nH]cnc2cc1OCC1CNC(=O)C1,24.2
N=C(N)NN=Cc1cccc(-c2ccc(C(=O)c3ccc(Cl)cc3)cc2)n1,21.69
O=C(Nc1cc(Br)c(O)c(Br)c1)c1cccc(Br)c1,21.53
Nc1c(C(=O)CC(=O)NC2CCCCCCC2)c(=O)n(Cc2ccccc2)c(=O)n1Cc1ccccc1,30.7
N#Cc1ccc(-c2cccc(-c3cc(-c4cccnc4)nc(-c4ccc(F)cc4O)c3)c2)cc1,31.67
N#CC=Cc1cccc(C#N)n1,10.11
N#Cc1ccccc1Oc1ccc2nc(C(=O)NC3CC3C#N)ccc2c1,26.09
Nc1ccc2c(c1)C(=O)c1ccc(Nc3ccc(F)cc3)cc1C2=O,13.73
CC(C)CC(C(=O)Nc1ccc2c(c1)C(=O)c1ccc(N)cc1C2=O)N1CCN(c2cccc(Cl)c2)CC1,24.48
CCOC(=O)OC[n+]1ccn(CC(C)CCl)n1,41.06
CN(C)Cc1nnc(-c2cc3c(=Nc4cccc(C(=O)N=c5cc(C(C)(C)C)o[nH]5)c4)nc[nH]n3c2)s1,27.63
N#Cc1nc(=N)nc(Nc2ccc3c(c2)C(=O)c2cc(N)ccc2C3=O)[nH]1,18.04
N#Cc1ccc(-c2csc(-c3ccnc4[nH]c(-c5ccco5)nc34)n2)cc1,23.01
N#Cc1ccc(-c2ccc(-c3nc(-c4ccc(-c5ccc(C#N)cc5)cc4)nc(-c4cccc(-c5cc(F)cc(C#N)c5)c4)n3)cc2)cc1,16.38
N=c1ccn(Cc2ccc(-c3ccccc3)cc2)cc1,21.06
N#Cc1ccc(-c2nc(-c3c(F)ccc(F)c3F)nc(-c3c(F)c(F)c(C#N)c(F)c3F)n2)cc1,12.44
N#Cc1ccc(-c2nc(-c3ccncc3)nc(N(C#N)C(=O)c3cnc4ccccc4c3)n2)cc1,29.82
COc1ccc(CC(C=O)NC(=O)C(NC(=O)C(CCCN=C(N)N)NC(=O)c2ccccc2)C(C)C)cc1,32.85
N#Cc1ccc(-c2ccc(-c3ccc(-c4nc(Cl)nc(Cl)n4)cc3)nc2)cc1,14.59
Cc1ccc(C(CO)NC(=O)c2ccc(-c3ccnc(C#N)n3)cc2F)cc1,17.08
CC(=O)c1ccc(-c2ccc(C=Nc3ccc(-c4nc(-c5nc(-c6ccc(Cl)cc6Cl)no5)c(NC(=O)Cc5cn(C)c6ccccc56)s4)cc3)o2)cc1,51.77
C#CCn1cccc1C#N,18.38
Cc1ccc(-n2nc(C)c(CN3CCN(c4ccccn4)CC3)c2C)cc1,22.32
Cc1cc(C)n(-c2nc(C)nc(-c3ccc(C#N)c(F)c3)n2)n1,19.93
Nc1ccc2c(c1)C(=O)c1ccc(Nc3nc(Nc4ccc5c[nH]nc5c4)c4ccccc4n3)cc1C2=O,14.66
CC(C)(O)CNC(=O)c1cc(-c2ccc(-c3ccc(C#N)cc3)cc2)nc2ccccc12,24.04
C=CC(=O)N1CCC(c2nc(-c3cncc(C#N)c3)nc3c(-c4ccc(NCCC(F)(F)F)cc4)cnn23)CC1,31.4
CN(C)C=Nc1cnc(OC(=O)N(C)C)nc1C#N,21.14
N#Cc1ccc(-c2cn(-c3ccc(C#N)cc3)c(C=Cc3ccc(-c4ccccc4F)o3)n2)cc1,24.33
O=C(Oc1ccc2c3c(c(=O)oc2c1)CCC3)c1ccncc1,22.89
COc1cc(-c2nc(-c3ccc(C#N)cc3)nc(-c3cccnc3Cl)n2)cc(OC)c1OC,20.65
COc1ccc(N=c2nc(-c3ccc(OC)c(OC)c3)[nH]c3ccccc23)cc1OC,25.96
CCOC(=O)N1CCN(C(=O)c2ccc(-c3cc(-c4ccc(C(=O)N=c5cc(C(F)(F)F)cc[nH]5)c(F)c4)nc(F)n3)cc2)CC1,27.13
O=C(NC(C(=O)c1ccc(F)cc1)c1ccc(C(F)(F)F)cc1)c1cccc(F)c1F,30.2
N#Cc1cccc2nc(C3CCCCC3)n(C=Cc3cccc(Cl)n3)c12,33.78
CC(=O)NC(=O)c1cnn(-c2ccc(Oc3nc(C)ccc3C(=NO)N(C)C3CC(=O)N(C)C3)cc2F)c1,38.06
Cc1cc(-c2nc(-c3ccc(C#N)nc3)n3nc(-c4ccc(F)cc4)cc3c2C#N)nc(C#N)n1,21.47
N#CN=c1[nH]nc(-c2ccc(C#N)cc2)n1-c1ccc(-c2ccnc(-c3ccc(-c4cccc(-c5ccc(C#N)cc5)n4)cc3)n2)cc1,29.68
N#Cc1ccc(C(=O)Nc2ccc3c(c2)C(=O)c2ccc(N)cc2C3=O)cc1,12.64
N#Cc1ccc(-c2nc(-c3ccc(C#N)cc3)nc(-c3nn(-c4ccc(C#N)cc4)c4ccc(C#N)cc34)n2)cc1,17.42
N#Cc1ccc(-c2ccc(-c3nc(-c4ccc(C#N)cc4)cc(=O)n3-c3ccc(-c4nc5ccccc5s4)cc3)cc2)cc1,24.5
CCOc1ccc(NC(=O)Cc2c(O)n(-c3ccccc3)c(=O)n2CCc2cccc(C)c2)cc1,27.18
N#Cc1ccc(-c2ccc(-c3nc(-c4ccc(-c5cc(C#N)ccc5Cn5ccnc5)cc4)cc(-c4ccc(F)cc4F)n3)cc2)cc1,25.67
CC(=O)NC1CCc2ccc(Oc3ncc(C)cc3N=c3[nH]cc(Cl)c(=Nc4ccc(-c5cnc(C)n5C)cc4)[nH]3)cc21,36.6
N#Cc1cc(Nc2ccc(Cl)c(C#N)c2)c(Nc2ccccc2C#N)cc1F,30.04
N#Cc1ccc(C#N)c(F)c1,12.84
N#Cc1ccc(-c2cc(-c3ccc(F)cc3)c(=O)n(-c3ccc(NC(=O)c4cccc(C(F)(F)F)c4)cc3)n2)cc1,24.16
CCCC(NC(C)=O)C(=O)NCC#N,24.18
N#Cc1ccc(-c2cccc(-c3ccc(-c4cc5cc(C=Cn6cc(C(F)(F)F)ccc6=O)c(C(F)(F)F)cc5[nH]4)nc3)n2)cc1,43.23
Nc1cc(O)c(N=Cc2cccc(Cl)c2)cc1O,11.64
N#Cc1ccc(-c2ccc(-c3nnc(-c4ccc(C#N)cc4)nc3-c3ccc(C#N)cc3)cc2)cc1,13.6
CNC(=O)CN1CCc2ccc(N=c3[nH]ccc(=NCc4cccc(C(F)(F)F)c4)[nH]3)cc2CC1,21.76
N#Cc1cccc(-c2ncc(C3=CCNCC3)nc2-c2ccc3nc(-c4cccc(F)c4)cnc3c2)c1,30.7
O=S(=O)(c1cc(Cl)c(Cl)s1)c1c(O)c(Br)cc2ccccc12,27.87
N#Cc1ccc(-c2ccc(-c3cc(-c4ccc(C#CCCN5CCC=N5)cc4)nc(-c4ccc(-c5ccc(C#N)cc5)cc4)c3)cc2)cc1,27.08
COc1ccc(NC(=O)c2cccc(N=c3nc(N4CCN(C(=O)c5ccccc5C#N)CC4)nc[nH]3)c2)cc1C(F)(F)F,32.88
CNC(=O)c1c(NC(=O)c2cc(-c3ccc(C#N)cn3)nc(N3CC4CC4(C)C3)n2)cnn1C,25.9
COc1cccc(OC)c1-c1ccc(CC(N=c2nc(Nc3ccc(C#N)cc3C)[nH]c(N3CCN(C)CC3)n2)C(=O)O)cc1,28.67
Cc1nc(Cn2c(=O)c(-c3cncc(C#N)c3)c(C)n(Cc3ccc(F)cc3C#N)c2=O)nc2c1CCC2,30.64
N#Cc1ccc(-n2cc(C(=O)N=c3ccc(C#N)c[nH]3)c(-c3ccccc3)n2)cc1,24.54
N#CN=Cc1ccc(-c2nc(-c3ccc(-c4ccc(C#N)cc4)nc3)nc(-c3cccc(-c4nc5cc(F)c(F)cc5[nH]4)c3)n2)cn1,34.75
N#Cc1cccc(-c2nc(-c3cccc(C#N)n3)nc(-n3cnc4ccccc43)n2)n1,14.39
CC(C)CNC(=O)c1ccc(-c2n[nH]c(-c3ccc(-c4ccc(C#N)cc4)cc3)n2)cc1,16.76
N#Cc1ccc(-c2nnc(-c3ccncc3)n2N=Cc2ccc(F)cc2)cc1,17.18
N#Cc1c[nH]c2cc(-c3cccc(CN)c3)ccc2c1=Nc1ccc(C(F)(F)F)cc1,26.91
CN(C)CC=C(c1ccccc1)c1nc(-c2ccc(C#N)cc2)nc(-c2cccc(C#N)c2)n1,22.42
N#Cc1ccc(-c2ccc(-c3[nH]nc4nc(C#N)ccc34)cc2)cc1,17.79
CCOc1ccc(-n2cnc3nc(-c4ccncc4)cc(-c4ccc(-c5cnc(N6CCN(C7(C)COC7)CC6)nc5)cc4)c3c2=O)cc1,42.45
Fc1ccccc1CNCc1ccc(-n2nc(C(F)(F)F)nc2C(F)(F)F)cc1,35.24
COc1cc(C=C(C#N)c2nc(N3CCN(C)CC3)nc3ccccc23)cc(OC)c1OC,23.17
CC(=O)c1cc(C#Cc2ccc(CCC(=O)O)c(F)c2)ccc1-c1cccc(C#N)c1,27.91
N#CC(C#N)=Cc1cc(-c2nc(-c3c(F)c(F)c(C#N)c(F)c3F)nc(-c3c(F)c(F)c(C#N)c(F)c3F)n2)ccc1O,22.68
Nc1ccc2c(c1)C(=O)c1ccc(NC(=O)C=CC=Cc3ccc4c(c3)OCO4)cc1C2=O,14.56
O=C(CCCc1ccc(N(CCCl)CCCl)cc1)NCCNc1cccc(-c2cccnc2)c1,31.69
CC1=C(C=CC#Cc2ccc(C(=O)NCCCCl)cn2)C(C)(C)CCC1,29.18
CS(=O)(=O)c1nc(-c2ccc(-c3c[nH]c(=N)cn3)c(F)c2)c(C#Cc2c(F)c(F)nc(F)c2F)s1,26.75
Fc1ccc(N=c2nc(C=Cc3ccc(Cl)cc3)nc3[nH]cncc2-3)c(F)c1Cl,35.97
N#Cc1c(-c2ccc(F)cc2)no[n+]1[O-],12.89
N=c1ccc(N=Cc2nc(-c3ccc(Cl)cc3)cs2)c(N)[nH]1,22.44
COc1ccc(-c2[nH]c3ccccc3c2C(=O)c2cc(OC)c(OC)c(OC)c2)cc1,18.61
O=C(NCc1ccc(F)cc1)c1cn(Cc2ccc(-c3ccccc3-c3nn[nH]n3)cc2)c(=Nc2ccc(Oc3ccccc3)cc2)[nH]c1=O,22.8
CN(C)CCOc1ccc2c(c1)CCCC2CCN=C(N)N,31.57
CCc1nc(-c2ccc(-c3nnc(-c4ccc(-c5ncc(F)c(C#N)n5)cc4)o3)cc2)no1,23.03
Cn1c(C#N)ccc1-c1nc(-c2ccc(C#N)cc2)nc(-c2cccc(C#N)n2)n1,12.57
CSc1nc(-c2ccc(F)cc2)c(-c2cc[nH]c(=Nc3cccc(C#N)c3)c2)n1C,20.1
CN(C)c1ncc(-c2ccc(-c3cccc(C#N)n3)nc2)cc1C(N)=O,18.43
ON=Cc1cc[n+](-c2nc(-[n+]3ccc(-c4ccncc4)cc3)nc(-[n+]3ccc(-c4ccncc4)cc3)n2)cc1,10.81
Cn1cc(-c2nc(-c3cccc4ccccc34)nc(-c3nc(CC#N)nc4nc(C#N)ccc34)n2)c2ccccc21,27.51
CCC(=O)N=Cc1nc(-c2cccoc2=Nc2ccc3[nH]ccc3c2)nc(Nc2ccc3c(c2)C(=O)c2ccccc2C3=O)c1C#N,31.11
COc1ncnc2ccc(-c3cncc(NS(=O)(=O)c4ccc5c(c4)N(C)CCO5)c3)cc12,35.84
Cc1ccc(-c2n[nH]c(C#N)n2)cc1C(=O)N1CCC(c2ccc(C#N)cc2)CC1,17.88
O=C(O)c1ccc(-c2ccc(-c3nc(Cl)nc(Cl)n3)cc2)cn1,14.38
Nc1ccc(N=Cc2cc(C=Nc3cc(O)c(N)cc3O)c(O)cc2-c2cccc3ccccc23)cc1,24.32
N#CCc1nc(-c2ccc(F)cc2)c(-c2ccc(N=C=S)cc2)o1,22.84
O=c1cc(C(F)(F)F)c2cc3cccnc3c(Cl)c2[nH]1,21.69
CCCCCCCCCCCCC=Cc1c(O)c(O)cc(C(F)=CCCCCCCC=CCCCC=CC=CC=CCCC(=O)C(=O)O)c1O,58.17
N#Cc1cccc(-c2nc(C#N)nc3[nH]c(C4CCNCC4)nc23)c1,18.54
CN(C)CCCNc1ccc2c(c1)-c1ccccc1C2=NN,26.8
CCN1CCCC(COc2ccc(-c3cc(C)cc(=Nc4cccc(-c5ccccn5)n4)[nH]3)cn2)C1,24.93
N#Cc1ccc(N=c2nc(OCc3c(F)cccc3Cl)cc(C#N)[nH]2)cc1,19.46
N#Cc1ccc(-c2ccc3c(c2)CCc2nc(C#N)c(F)nc2-3)cc1,23.95
CC(=O)c1cccc(NS(=O)(=O)c2ccc(F)c(F)c2)c1,25.35
FC(F)(F)c1cc(CBr)n(-c2ccc(OC3CCN(C4CCC4)CC3)cc2)n1,24.79
C=c1[nH]n(-c2cccc(C(=O)O)c2)c(=O)c1=Cc1ccc(-c2cccc(C(=O)NCc3ccccc3)c2)o1,26.6
Cc1ccc(CN2C(=O)CCC2C(=O)N2CCC3(CCc4ccccc43)CC2)o1,38.3
Cc1ccc2nc(-c3ccc(C=NN4CCN(C=Nc5cccc(C#N)c5)C(=O)C4)cc3)sc2c1,26.64
N#Cc1ccc(-c2ccc(-c3nc(-c4ccc(-c5ccc(C#N)cn5)nc4)nn3-c3ccc(F)cc3F)cn2)cc1,20.52
Nc1ccc2c(c1)C(=O)c1ccc(Nc3nc(Nc4ccc5c(c4)C(=O)c4ccc(N)cc4C5=O)nc(Nc4ccc5c(c4)C(=O)c4c(cc(N)c6ccccc46)C5=O)n3)cc1C2=O,13.74
CN1C(c2ccc(-c3cccc(C#N)n3)cc2)Sc2ccc(C#N)cc2S1(=O)=O,25.16
N#Cc1ccc(-c2nc(-c3cncc(NS(=O)(=O)Cc4ccccc4)c3)nc(-c3ccc(-c4ccc(C#N)cn4)s3)n2)cc1,30.46
N#Cc1ccc(-c2ccc(-c3nc(-c4ccc(-c5ccc(C#N)cn5)nc4)nc(-c4ccc(-c5ncc(C6=CCNCC6)cn5)cc4F)n3)cc2)nc1,18.8
CS(=O)(=O)c1ccc2[nH]c(=O)c3c(c2c1)NCCC3,29.39
N#Cc1c2ccccc2c(-c2nc(-c3ccc(C(=O)NCc4ccccn4)c4ccccc34)nc(-c3c4ccccc4c(C#N)c4ccccc34)n2)c2ccccc12,17.5
CCOC(=O)c1cnc(-c2ccc(C#N)cc2)nc1C(=O)Nc1sc2c(c1C#N)CCC(CC)C2,28.14
O=c1c(C=Nc2nnc(-c3ccc(Cl)cc3)n2-c2ccc(Cl)cc2)c(O)n(-c2cccc(F)c2)c(=O)n1-c1ccccc1,28.02
N#Cc1ccc(-c2cncc(-c3cnc4nccnc4c3)c2)cc1,23.23
Cc1nc(=O)[nH]nc1-c1nc(-c2ccc(C#N)cc2)no1,24.25
c1ccc(-c2nc(=NCc3cccs3)cn[nH]2)cc1,23.28
NC(C[S+]([O-])CC(F)C(=O)NC(Cc1ccccc1)C(=O)NCCOCCOCCNC(=O)OCc1ccccc1)C(=O)O,52.92
CS(=O)(=O)c1ccc(-c2ccc(C#N)cn2)cc1,17.03
Cn1c(=O)c2c(nc(N=NNc3ccc(C#N)cc3)n2C)n(C)c1=O,22.88
N#CC(=Cc1ccccc1Cl)c1ccccc1,20.38
N#CCc1ccc(-c2cc[nH]c(=Nc3cc(N4CCOCC4)ncn3)n2)cc1C#N,19.29
CC1COCCN1c1nc(N2CCOCC2C)c2c(-c3cccc(C#N)n3)nc(-c3cccc(C#N)n3)nc2n1,17.03
CC(C)N1CC(CN(C)CC2CCCCC2)Oc2ccc(NC(=O)COc3ccccc3)cc2C1=O,28.12
N#Cc1ccc(-c2nc(-c3ccc(F)cc3)c(-c3ccc(C#N)cn3)[nH]2)cc1,11.46
O=C(C1CCS(=O)(=O)CC1)N1N=C(c2cccnc2)CC1c1ccc(Cl)cc1Cl,28.97
N#Cc1ccc(-c2ccc(-c3nc(-c4ccc(C#N)cc4)nn3-c3cccc(C#N)n3)cc2)cc1,14.08
COc1cc(O)c(C(=O)C=Cc2ccc(O)c(C(=O)O)c2)cc1Cc1ccc(F)cc1,30.87
N#Cc1ccc(-c2cccc(C=NNC(=O)c3ccncc3)n2)cc1,14.74
Cc1ccc(CCCNCCCc2cccc3cccnc23)cc1N,31.31
CCN(C(=O)C1CCCCC1)c1ccc2[nH]c(-c3ccc(NC(=O)Nc4ccc(F)cc4)cc3)nc(=NCCCCN(C)C)c2c1,38.86
O=C(c1cn(-c2ccc(F)cc2)c(-c2ccc(C(F)(F)F)cc2)n1)N1CCC(c2ccc(-c3ccnc(F)c3)cc2)CC1,33.28
N#Cc1cccc(C(=O)c2[nH]c(=NC(=O)C3CC3)nc3ccsc23)n1,28.27
O=C1CN(C(=O)c2ccc3c(c2)C(O)(C(F)(F)F)c2ccccc2-3)CCN1,23.74
COc1ccccc1-c1nc(-c2ccc(C#N)cc2)nc(-c2ccc(C#N)cc2)n1,13.58
N#Cc1ccc(-c2ccc(-c3nc(C#N)nc(-c4ccc(C#N)cc4)n3)cn2)cc1,11.12
N#Cc1ccc(-c2nnc(-c3nc(-c4c[nH]c5ccccc45)nc(-c4c5ccccc5c(C#N)c5ccccc45)n3)c3ccccc23)cc1,16.7
N#Cc1ccc(-c2nc(=Nc3ccccc3)cc(C(F)(F)F)[nH]2)cc1,17.45
N#Cc1ccc(-c2ccc(-c3nc(Cn4cc(-c5nc(-c6ccc(Cl)c(F)c6)no5)c5ccccc54)nc(-c4ccc(C#N)cc4)n3)cc2)cc1,28.77
N#Cc1ccc(-c2ccc(-c3ccc(-c4cccc(-c5ccc(C=Nc6cc(O)c(N)cc6O)cc5)n4)nc3)cc2)cc1,20.4
Cc1ccc(-c2ccc(-c3nc(C#N)nc4c3CCCN4)c(F)c2)cn1,19.77
N#Cc1cccc(-c2nc(-c3cncc(C#N)c3)n3ccc(C#N)nc23)c1,18.45
Cc1cc(C(F)(F)F)nc(-c2ccc(-c3ccc(-c4cc(=N)[nH]cn4)cc3)cc2)n1,25.13
N#Cc1c(-c2ccc(F)cc2)nc(=N)[nH]c1N1CCc2scnc2C1,36.5
Cc1ncc(-c2cc[nH]c(=Nc3cnc4c(C#N)cc(-n5ccnc5)cc4c3)n2)n1C(C)C,32.81
Cc1ccc(-c2cc(-c3ccc(C#N)cc3)nc(=NN=c3scc(-c4ccc(F)cc4)n3-c3ccc(Cl)cc3)[nH]2)cc1,30.06
N#Cc1c(F)c(F)c(COC(=O)C(Cc2ccc(-c3cccc(N)c3)cc2)NC(=O)c2cc(-c3cscn3)c[nH]2)c(F)c1F,44.6
N#Cc1cccc(C(=O)C2CCCN(Cc3cccc(F)c3F)C2)c1,30.45
CCNC(=O)c1cc(-c2ccc(O)c3nc(C=O)ccc23)nc(-c2c3ccccc3c(C#N)c3ccccc23)n1,29.62
N#Cc1ccc(C2CC(n3cc(C#N)ccc3=O)=Nc3ccc(F)cc32)cc1,24.96
CCN(CC)c1ccc(N=Nc2sc(-c3ccccn3)nc2C(=O)Nc2ccc3c(c2)C(=O)c2ccc(N)cc2C3=O)cc1,23.94
Cc1cc(-c2ccc(C#N)cc2)ccc1-c1cc(-c2ccc(-c3ccc(-c4ccc(C#N)cc4)cc3)cc2)cc(-c2ccc(C#N)cc2)n1,23.83
C#CCSc1nc(Cl)c(C#N)c(-c2ccc(Cl)cc2)n1,12.28
O=C(CSc1nnc(-c2ccccc2)n1Cc1ccccn1)N=c1cc(-c2ccccc2)[nH]n1-c1ccccc1,29.54
N#Cc1ccc(-c2ccc(-c3nc(-c4cncc(C#N)c4)nc(-c4ccnc(C#N)c4)n3)cn2)cc1,16.08
CN1CCN(CCCNC(=O)c2cc(-c3ccc(-c4ccc(C#N)cc4)cc3)n(-c3ccccc3)n2)CC1,18.88
COc1cc(C(=O)N2C3CC(N)CC2CC(C)(C)C3)cc2c1C(=O)c1cc(F)cc(Cn3cncn3)c1S2(=O)=O,45.35
CS(=O)(=O)N1C(CO)C2CC(c3ncc(-c4ccccc4C#N)cn3)(S(=O)(=O)c3ccc(Cl)cc3)CC21,36.79
CC(=O)c1ccc(-n2nc(-c3ccc(-c4ccc(C#N)cc4)cc3)nc2-c2ccc(-c3ccc(C#N)cc3)cc2)cc1,21.35
N#CC=Cc1cccc(N=c2[nH]c(-c3ccccc3C#N)cs2)n1,24.47
CN1CCN(CC(=O)Nc2ccc3c(c2)C(=O)c2cc(NC(=O)COc4ccc(Br)cc4Cl)ccc2C3=O)CC1,27.55
N=c1[nH]cnc2cc(COC3COc4nc([N+](=O)[O-])cn4C3)ccc12,26.13
Brc1cccc(OCCCn2ccnc2)c1,21.13
NCCCCCC=NC(=O)c1cccc(N=C(C=Cc2ccc(N=c3c4ccccc4[nH]c4ccccc34)cc2)N=O)c1,41.33
OCC1C=C(F)C(n2cnc3c(Cl)nc(Cl)nc32)O1,21.25
N#CCc1ccc(C(=O)c2cc(-c3ccccc3)ccc2O)cc1,25.12
N#Cc1ccc(-n2nc(C=NO)c(Cc3ccccc3)n2)cc1,22.59
CN(C)c1ccc(-c2ncc(-c3ccc(-c4cc(-c5ccc(O)cc5)nc(-c5ccc(-c6cccc(-c7ccc(C#N)cc7)n6)cc5)n4)cc3)nc2-c2ccc(-c3ccc(C#N)cc3)cc2)cc1,24.26
CC(=O)OCC1OC(n2ccc(=N)[nH]c2=O)CC1C,24.23
N#CC=Cc1ccnc(-c2ccc(-c3cccc(C#N)n3)cc2)n1,11.83
N#Cc1ccc(C2NCc3cc(F)c(C#N)cc3C3C=CCC32)cc1F,28.57
N#Cc1ccc(CNC(=S)Nc2cccc(C#N)c2)cc1,18.04
CCCCn1nc(-c2cccc(Oc3ccc(C#N)cc3)c2)c(C#N)cc1=O,29.33
N#Cc1cc(N)c(Nc2c(C#N)c(Cl)c(C#N)c(Cl)c2C#N)cc1F,14.75
Cn1c(C(C#N)=C(C#N)c2ccc(Cl)cc2)nc2ccccc21,24.94
CC1=C(C#N)CCN(C(=O)CN2CCCC2)C1=Cc1nc(-c2ccc(-c3cccc(C#N)n3)cc2C#N)nn1C,34.78
Cc1cc(Oc2ccc(C#N)cc2Br)ccc1OC(C)(C)C(=O)O,28.59
N#Cc1ccc(-c2ccc(-c3nc4cc(-c5ccc6ccc(C#N)nc6c5)ccc4n3C3CCCCC3)cc2)cc1,24.73
N#Cc1ccc(-c2ccc(-c3ncc(-c4cnc(Cc5ccccc5)cn4)c(-c4ccc(-c5ccc(=O)[nH]c5)nc4)n3)cc2)cc1,32.95
N#Cc1c2ccccc2c(-c2nc(-c3cc(-c4ccc(Cl)cc4)nc4ccccc34)n(-c3ccc(-c4nc5ccccc5[nH]4)cc3)n2)c2ccccc12,25.56
N#Cc1ccc(-c2ccc(-c3ncnc(-c4ccc(-c5ccc(CN6CC(C(=O)O)C6)cc5F)s4)n3)cc2)cc1,23.14
Clc1nnc(Cl)c(Cl)n1,10.14
CNC(=O)c1ccccc1Nc1cc(=Nc2ccccc2N=S(C)(=O)CN2CCN(C)CC2)nc[nH]1,40.93
COc1ccc(F)c(-c2nc(-c3ccc(-c4ccc(C#N)cc4)cc3)nc(-c3ccc(-c4ccc(C#N)cc4)cc3)n2)c1,19.89
CCc1ccc(Cn2cc(-c3nc4c([nH]3)c(=O)n(CC3CC3)c(=O)n4CC)cn2)cn1,34.57
CC(C)N(C)C(=O)Oc1ccc(C=CC#N)cc1Br,24.9
CCCSc1nc(-c2ccccc2)cc(=Nc2ccc(C#N)cc2)[nH]1,24.28
N#Cc1ccc(-c2c(-c3ccc(F)cc3)nn3c(-c4cncc(C#N)c4)nc(-c4cncc(C#N)c4)nc23)cc1,20.8
O=C(NCC(=O)N1CCN(Cc2ccccc2)CC1CN=c1cc(C(F)(F)F)nc(-c2ccc(F)cc2)[nH]1)c1cccc(C(F)(F)F)c1,32.65
CCNCCCNCCCNCCCNCC,18.74
COc1ccc(Cc2cc(CCO)nc(C=CC#N)n2)cc1,27.43
N#Cc1ccc(-c2ccc(-c3nc(C4=NC(=S)NC4=O)nc4ncccc34)cc2)cc1,20.55
Cc1cc(=NCc2ccccc2)nc(-c2cccc(C#N)c2)[nH]1,17.93
CCN(CC)c1cccc(-c2nc(-c3ccc(-c4ccc(C#N)cc4)cc3)nc(-c3ccc(-c4ccc(C#N)cc4)cc3)n2)c1,15.43
COc1ccc(CONC=Nc2ccc(C#N)cc2)cc1OC,21.46
N#Cc1ccc(-c2ccc(-c3nc(-c4ccc(-c5cccc(C(F)(F)F)c5)nc4)nc(-c4ccc(-c5ccc(C#N)cn5)nc4)n3)cn2)nc1,14.96
O=C(NN=Cc1cccnc1)c1cccc(Br)c1,20.53
COc1cnc2c(-c3cccc(-c4nnc5nc(-c6cc(C#N)c(F)cn6)ccn45)n3)cncc2c1,33.98
COc1ccc(-c2noc(Cn3nnc(Cc4cccc(C#N)c4)n3)n2)cc1,23.66
O=C(O)CCCCCCN1C(=O)CCC1CCC(O)Cc1ccc(Cl)c(Cl)c1,25.09
N#CC=Cc1nc(C#N)ccc1C=CCC1=CC=CCC1,29.26
O=S1(=O)c2ccccc2Oc2cccc(F)c21,22.42
N#Cc1ccc(-c2nc(-c3ccc(C#N)cc3)nc(-c3ccc(C#N)c(C#N)c3)n2)cc1,9.11
Nn1c(C(=O)c2ccccc2)n[nH]c1=S,20.95
N#Cc1ccc(Oc2ccc(Cl)cc2Cl)nc1,17.15
CC(C)n1cc(C(N)=O)c(-c2cc(Cl)ccc2OC(F)F)n1,24.45
CC(=O)Oc1ccc(-n2c(O)cc(N=CN3CCN(C=O)CC3)c2O)cc1,19.36
N#Cc1ccc(-c2cnn(-c3ccc(C#N)cc3)c2)cc1,14.1
CCOC(=O)c1cc(-c2ccc(-c3nc(-c4ccc(C#N)cc4)nc(-c4c5ccccc5c(C#N)c5ccccc45)n3)cc2)nc(-c2ccc(C#N)cc2)n1,25.14
CC(C)c1nc(-c2cncc(C#N)c2)sc1C(=O)Oc1ccc(C#N)c(C(F)(F)F)c1,31.0
CN1CCN(c2nnc3n(CC(=O)NN=Cc4ccc([N+](=O)[O-])cc4)c4ccccc4n23)CC1,34.53
CN(CCC(=O)N1CCN(c2ccccc2F)CC1)CCC1c2ccccc2-c2ccccc21,24.6
O=C1CC(=Nc2ccc(Cl)cc2)CC(=O)C1C(=O)SCc1ccccc1Cl,30.75
Cc1nccc(-c2ccc(-c3nc(C(F)(F)F)nn3-c3ccc(-c4cccc(C#N)c4)cc3)cc2)n1,20.97
Cc1nc(C#Cc2nc(-c3cccc(C#N)n3)nc(-c3c(F)c(F)c(C#N)c(F)c3F)n2)cs1,16.69
O=CN1CCN(C=Nc2nc(N=NN3C(=O)C(Cl)C3c3ccc(Cl)cc3)nc(-c3ccc(Cl)cc3)n2)CC1,18.14
NS(=O)(=O)c1ccc(N=Cc2c(-c3ccc(F)cc3)nc3sccn23)cc1,19.61
Cc1c(-c2ccc(C#N)c(=O)[nH]2)cccc1-n1ccc2c[nH]c(=Nc3ccc(C#N)cc3)nc21,34.74
Nc1ccc2c(c1)C(=O)c1ccc(N=Cc3cccn3-c3cccc(F)c3)cc1C2=O,23.45
Cc1ccc(-c2cc(N3CCC(c4noc(-c5ccc(C#N)cc5)n4)C3)nc(C#N)n2)nc1,28.91
N#Cc1ccc(C#Cc2ccc3c(c2)CCN3C(=O)Nc2cccc(O)c2)cc1,24.7
COc1cc2c(OC3OC(CO)C(O)C(O)C3O)c(C(=O)O)c(C(=O)O)c(-c3ccc4c(c3)OCO4)c2cc1OC,28.92
Cn1cnc2c(C#N)nc(-c3cc(F)cc(OCC(=O)NS(=O)(=O)c4cccc(C#N)c4)c3)cc21,33.98
N#Cc1ccc(-c2cc3cc(-c4cncc(C#N)n4)nc(C#N)n3n2)nc1,23.9
COCC(=O)N1CCCc2c1c(Sc1ccc(F)cc1)n(CCCCN1CCN(c3cccc(Cl)c3)CC1)c2O,46.77
Clc1nccc(-c2ccc(-c3ccc(-c4nc(Cl)nc5ccccc45)cn3)cc2)n1,21.93
Cc1cc(C#N)ccc1N=C1C(=O)Nc2ccc(-c3nc(-c4ccc(C#N)cc4)cs3)cc21,21.9
Cn1c(=O)c(C(=O)Nc2ccc(F)c(Cl)c2)c(O)c2ccccc21,23.13
C=c1c(C#N)c(O)n(-c2ccc(-c3nc(-c4ccc(C#N)cc4)nc(-c4cccc(C#N)c4)n3)cc2)c1=C,22.12
N#Cc1c(F)c(F)c(-c2csc(=NC(=O)c3cc(-c4ccc(F)cc4)ncn3)[nH]2)c(F)c1F,21.29
Cc1cc(C)n(C(=O)CCc2ccc(Cl)cc2)n1,22.89
N#Cc1cc(-c2ccncc2)cn(CC(=O)Nc2ccc(F)cc2)c1=O,21.61
N#Cc1ccc(-c2nc(-c3ccccc3Cl)nc(-c3c(F)cccc3Cl)n2)cc1,18.93
N#Cc1ccc(-c2nc(-c3cccc(Cl)c3)cc(-c3ccc(Cl)c(Cl)c3)n2)cc1,17.88
CCOC(=O)c1cccc(-c2nc(-c3ccc(C#N)cc3)nc(-c3ccc(C#N)cc3)n2)c1,19.77
CCn1c(-c2ccc(C#N)c(C#N)c2)c(F)c(F)c1-c1ncc(-c2ccc(C#N)cc2)cn1,21.13
Cc1ncc(C#N)c2ccc(Nc3nc(Nc4ccc5c(c4)C(=O)c4ccc(N)cc4C5=O)nc(Nc4ccc5c(c4)C(=O)c4ccc(N)cc4C5=O)n3)cc12,15.18
O=C(Nc1cccc(Nc2ccc3c(C=Cc4ccccn4)[nH]nc3c2)c1)c1ccoc1,19.45
N#Cc1ccc(Cc2cc(C(N)=O)cc(C(=O)CC3CCCC3)c2)nc1,34.61
N#Cc1cccc(-c2nc(-c3cccc(C#N)n3)nc(-c3cncc(C#N)c3)c2F)c1,19.49
CCC(O)(CCCCOc1ccc2c(c1)c(CCN)cn2Cc1cccc(C(F)(F)F)c1)C(F)(F)F,41.28
N#Cc1ccc(C=Cc2nc(-c3ccc(C#N)cc3)nn2-c2cccc(C(F)(F)F)n2)cc1,18.35
O=C(CN1CCN(c2ncccn2)CC1)Nc1ccc2c3c(cccc13)-c1ccccc1C2=O,25.47
Cc1ccc(-c2n[nH]c(-c3ccc(C=Nc4sc5c(c4C#N)CC(c4ccc(C)cc4)CC5=O)c(C)n3)n2)cc1,31.16
O=C1NCCc2ccc(Cl)cc21,18.75
FC(F)(F)c1cc(-c2ccccc2)nc(-c2cccc(-c3ccc(-c4ccc(-c5nc(Cl)nc(Cl)n5)cc4)cc3)n2)c1,19.78
FC(F)(F)c1cccc(C=Nc2ccc(N=Cc3cccs3)cc2)c1,25.28
N#Cc1cccc(Sc2[nH]c(=N)c(C#N)c(-c3ccc(Cl)cc3)c2C#N)c1,18.5
C#Cc1ccc(-c2nc(C(=O)Nc3c(C)n(C)n(-c4ccccc4)c3=O)nc(-c3ccc(C)cc3)n2)cc1,27.82
N#Cc1ccc(-c2ccc(-n3nc(C(=O)NCC4CCC(C(=O)O)CC4)cc3-c3ccc(-c4ccc(C#N)cc4F)cc3)cc2)cc1,29.55
N#Cc1ccc(-c2nc(-c3cccc(C#N)c3)nc(-c3cncc(C#N)c3)n2)cc1,10.7
CC(=O)N=c1cc(-c2ccc(-c3ccc(C#N)cc3)cc2)[nH]c(-c2ccc(C#N)cc2)n1,15.31
ON=C(O)C=Cc1ccc2nc(CCc3ccc(-c4ccccc4)cc3)n(Cc3ccc(-c4ccccc4)cc3)c2c1,27.72
COc1cc(F)c(C#N)cc1OC,16.14
Cc1nn(C)c(C(=O)Cc2cccc(F)c2)c1-c1ccc(C#N)cc1,32.44
Cc1ccc(NC(=O)Nc2ccc(-c3nc(N4CCN(C)CC4)c4ccc(-c5nc(C)no5)cc4n3)cc2)cc1,26.44
COc1nc(-c2ccc(C#N)cc2)nc(-c2ccc(-c3cccc(NC(=O)c4nc(C#N)c[nH]4)c3)cc2)n1,19.54
Cc1ccccc1NC(=O)c1cc(C)c(O)c(N=c2nc(-c3cccnc3)cc[nH]2)c1,29.54
Clc1ccc(-c2nc(=NCc3ccccc3)[nH]c(=NCc3ccc(-c4ccccc4)cc3)[nH]2)s1,25.48
Cc1cccc(C)c1-c1cccc(COc2cc(C3CC3c3cc(=O)n(C)c(=N)[nH]3)ccn2)c1,27.5
N#Cc1cccc(-c2nc3ccccc3c(=O)n2N=Cc2cccc(F)c2)c1,20.92
N#CC1=C(c2cncc(C#N)c2)C=C2CCN(c3cccc(C#N)c3)c3c1nc(N1CCOCC1)c(C#N)c32,42.02
Cn1ccc2c(-c3ccc(NC(=O)NC(Cc4ccccc4)C(=O)NCC#N)cc3)nc(C#N)nc21,26.3
N#Cc1ccc(-c2nc3c(cc2C#N)CCCN3C(=O)Nc2ccc(Cl)nc2)cc1,22.96
Cc1[nH]nc2c1C(c1ccc(C#N)cc1)c1c([nH]c3ccccc3c1=N)N2C,32.23
Nc1cc(O)c(N=Cc2ccc(-c3nc(-c4ccc(C=Nc5cc(O)c(N)cc5O)cc4)nc(-c4ccc(-c5cccc(-[n+]6ccc(-c7ccncc7)cc6)n5)cc4)n3)cc2)cc1O,16.21
CC[n+]1ccc(Nc2ccc(NC(=O)c3ccc(C(=O)C=Cc4ccc(-c5ccc(C=Nc6cc(O)c(N)cc6O)cc5)nc4C)cc3)cc2)cc1,30.33
N#Cc1ccc(-c2ccc(-c3nc(-c4ccc(-c5ccc(C#N)cc5)cc4)nc(-c4ccc(N)c(N)c4)n3)cc2)cc1,15.2
COc1cc(C=Nc2ccc(N=c3nc(Nc4ccc5c(c4)C(=O)c4ccccc4C5=O)nc(N4CCN(C)CC4)[nH]3)cc2)cc(OC)c1,29.03
Cn1c(-c2ccc(C#N)cc2)nc(-c2ccc(-c3ccc(-c4ccc(C#N)cc4)cc3)cc2)c1-c1ccncc1,25.08
N#Cc1ccc(-c2ccc(Cc3cc(-c4cccc(C#N)c4)nc(-c4cccc(CCCCNS(=O)(=O)c5ccc6ccccc6c5)c4)c3)cn2)cc1,43.36
Nc1ccc2c(c1)C(=O)c1ccc(NC=Nc3cccc(-c4cccnc4)n3)cc1C2=O,19.36
C=c1nc2sc(=Nc3ccc(-c4ccc(C)cc4)cc3C#N)[nH]c(=O)n2c1=Cc1ccc(-c2cccc(C(=O)OC)c2)o1,33.63
O=CN1CCN(C=Nc2nc(N=CN3CCNCC3)nc(N=CN3CCN(Cc4ccc5c(c4)OCO5)CC3)n2)CC1,18.53
COc1ccc(NCc2nc3cnc4cc(F)c(-c5cncnc5)cc4c3[nH]2)cc1N1CCN(C)CC1,37.34
N#Cc1ccc(-c2ccc(-c3nc(-c4ccc(-c5ccc(C#N)cn5)nc4)nc(-c4ncccc4N)n3)cc2)cc1,14.49
Cc1ccc(-c2c(C(=O)c3ccccc3)sc(Nc3ccc(C#N)cc3)c2C#N)cc1,15.39
N#Cc1ccc(-c2ccc(C(=O)NCCCc3nc(-c4ccc(C#N)cc4)nc(-c4ccc(-c5ccc(C#N)cc5)cc4)n3)cc2)cc1,21.06
O=CNc1cc(C(O)CNCCNS(=O)(=O)Cc2ccccc2)ccc1O,29.29
CN1CCN(Cc2c(O)ccc3c(=O)c(-c4ccc(F)cc4)coc23)CC1,22.43
CCN(CC)N=Nc1ccc(Nc2c(N)c(=O)c2=O)cc1,23.26
N#Cc1ccc(-c2ccc(-c3nc(-c4ccc(-c5ccc(C#N)cn5)nc4)nc(-c4ccc(-c5ncncc5F)c(F)c4)n3)cc2)cc1,16.32
Nc1cc(O)c(N=Cc2ccc(-c3cc(-c4ccccc4)nc(-c4c(C=Cc5ccccc5)nc5ccccn45)n3)cc2)cc1O,18.47
CCCCCc1ccc(-c2nc(-c3ccc(C=Nc4ccc(N)c(O)c4)cc3)cc(-c3ccc(N4CCc5c(ccc(OC)c5O)C4=O)cc3)n2)cc1,37.69
N#Cc1ccc(-c2ccc(-c3nc(CN(Cc4cccnc4)C4CCc5ccccc54)nc(-c4ccccc4)n3)cc2)cc1,28.8
N#Cc1ccc(-c2cc(-c3ccc(F)c(C#N)c3)nc(-c3ccc(C#N)cc3)n2)cc1,14.49
N#Cc1ccc(-c2nc(-c3ccncc3)nc(-c3cc(F)c(-c4ccc(C#N)cn4)c(F)c3F)n2)cc1,19.14
CN(C)CCN(Cc1nc(-c2ccc(C#N)cc2)no1)C(=O)c1ccc(-c2cncc(C#N)c2)cc1,27.73
CCN(Cc1ccccc1Cl)c1cc[nH]c(=NC2CCN(C=O)CC2)n1,30.96
Cn1c(SCC(=O)c2ccc3c(c2)CCN3S(C)(=O)=O)nnc1-c1cccc(C#N)c1,30.0
N#Cc1ccc(-c2ccc(-c3nc(-c4ccc(NC(=O)Oc5ccccc5)cc4)nc(-c4ccc(-c5ccc(C#N)cc5)cc4)n3)cc2)cc1,18.03
Cc1cc(C)c(N=c2nc(Oc3ccc4c(c3)C(=O)NC4)[nH]c(N3CCN(C)CC3)n2)c(C)c1,26.16
CCCN(CCO)c1ncc2c(=Nc3ccc(OC)c(OC)c3)nc(-c3cnn(C)c3)[nH]c2n1,38.28
Cc1ccc(NC(=O)Cn2c(=O)n(-c3ccc(F)cc3)c(=O)c3ccccc32)cc1,22.32
Cc1nc(C#N)ccc1-c1ccc2c(c1)CC1(C2)C(=O)N(c2ccc(F)cc2)C(=S)N1c1ccc(F)c(Cl)c1,34.1
N#Cc1ccc(-c2ccc(-c3nc(C#N)c(O)n3-c3cc(Cl)cc(Cl)c3Cl)cc2)cc1,22.61
C#CC1CCC(N(C)CCCN(C)C(=O)c2cc(-c3ccc(-c4ccc(C#N)cc4)cc3)n(-c3ccc(NS(C)(=O)=O)cc3)n2)CC1,33.34
Cc1nc(C(C)C)nc(SCC(=O)Nc2sc3c(c2C#N)CCC(C)C3)c1C#N,26.93
CCOc1ccc(-c2nc(-c3cnc(C4CC4)c(C#N)c3)nc(-c3cccc(C#N)n3)n2)c(F)n1,26.08
NC(=O)NN=Cc1ccc(OCc2ccc(Cl)cc2)c(Cl)c1,21.39
CSc1ccc(C#N)cnc1=O,24.04
N#Cc1cc(C#N)cc(-c2cc3nnn(Cc4ccc(-c5ccncc5)cc4)c(=O)c3cn2)c1,33.1
CN1CCN(S(=O)(=O)c2ccc(-c3c(C#N)c4ccc(Cl)nc4n3C3CC3)nc2)CC1,26.43
Cc1cc(C)n2nc(SCC(=O)NCc3ccco3)nc2n1,23.84
CN(C)c1cccc(C=CC(=O)c2ccc(C#N)cc2)c1,15.35
CC(C)CNCCCn1c(-c2ccc(C#N)cc2)nc(-c2ccc(C#N)cc2)c1-c1ccccc1,22.01
N#CC=Cc1cccc2ccccc12,15.32
N#Cc1cc(-c2ccncc2)ncc1Sc1ccc(-c2ccnc(C=CC(O)=NO)c2)cc1,32.89
CCOC(=O)Cn1nc(C)nc1-c1ccc(-c2ccc(OCc3nc(-c4cncc(C#N)c4)cs3)nc2)c(C#N)c1,32.15
N#Cc1ccc(-c2ccc(-c3nc(-c4ccc(-c5ccccc5)cc4)nc(-c4ccc(-c5ccc(C#N)cn5)nc4)n3)cc2)cc1,14.59
N=C1N(N=Cc2ccccn2)CCN1c1ccc(F)cc1,21.57
Cc1c(Cc2c(O)[nH]c3ccc(F)cc23)[nH]c(C2CCCC2)c1C#N,26.68
N#Cc1cccc(-c2ccc(Nc3nc(C#N)ncc3F)c(F)c2)c1,18.67
c1cc(-c2cc[n+](-c3nsc(-[n+]4ccc(-c5ccncc5)cc4)n3)cc2)ccn1,10.63
N#Cc1ccc(-c2ccc(-c3nc(CCc4ccccc4)nc(-c4ccc(C#N)cc4)n3)cc2)cc1,18.72
Cc1ccc2[nH]c(C(C#N)=Cc3cc(Cl)c(O)c(Cl)c3)nc2c1,21.69
N#Cc1c(F)c(F)c(-c2nc(-c3c(F)c(F)c(F)c(F)c3F)nc(-c3c(F)c(F)c(C#N)c(F)c3F)n2)c(F)c1F,12.52
N#Cc1ccc(-c2nc(COc3ccc(-c4ccc(-c5ccc(-c6nc(Cl)nc(Cl)n6)cc5)cc4)cc3)nc(-c3ccc(C#N)cc3)n2)cc1,19.81
CC(=O)c1ccc(-c2nc(C)nc(-c3cncc(C#N)c3)n2)s1,19.54
CCn1c(-c2ccc(Cl)cc2Cl)csc1=Nc1ccccc1,23.85
Cc1nc(-c2ccc(C#N)cc2)sc1-c1nc(-c2ccc(-c3ccc(C#N)cc3)cc2)n(-c2ccccc2)n1,20.38
CCCn1c(-c2ccncc2)nc2c3cccnc3c(N=C=S)cc21,33.41
Cc1nc(C=Cc2nc3cc(F)c(F)cc3[nH]c2=Nc2ccc(C#N)cc2)cc(C(=O)NCCN2CCCCC2)n1,36.64
COC(=O)Nc1ccc2nc(C3(n4cc(C#N)cn4)CC3)nnc2c1,32.78
Cc1nc(-n2nc(C3CC3)nc2-c2ccc(F)cc2)cc(=Nc2ccc(N=Cc3ccccc3)cc2)[nH]1,33.52
CSC(=NCCCO)N=C1CCCN1C,28.45
O=C(O)c1ccc(N=Cc2c(=O)n3c(c(O)[n+]2-c2ccc4ccccc4c2)CCC3)cc1,24.04
N#Cc1ccc(-c2nc(-c3ccc(-c4ccc(C#N)cn4)cc3)nc(-c3ccc(-c4cnc(C#N)cn4)nc3)n2)cc1,18.9
CCc1ncnc(-c2ccc(C#N)cc2)c1C#Cc1ccc(C)nc1,15.21
COc1cc(C=NNC(=O)c2cc(-c3ccc(-c4ccc(C#N)cc4)cc3)n(-c3ccc(C#N)cc3)n2)ccc1-n1cnc(C)c1,23.88
CCc1noc(-c2nc(-c3ccccc3)n(-c3ccc(C)cc3)n2)n1,24.12
CCCCCCN=c1cc(-c2ccc(C#N)cc2)[nH]c(-c2ccc(C#N)cc2)n1,19.46
COc1cc2c(cc1OCCOCCOc1ccc3c(c1)-c1cc(OCC4CCN(C(C)C)CC4)ccc1CC3)N=CC1CCCN1C2=O,35.25
CCN(CC)c1ccc2c(c1)oc1ccc(N=C(N)c3ccccn3)cc12,26.84
N#Cc1ccc(-c2nc(-c3cc(F)cc(C#N)c3)cc(-c3ccccn3)n2)cc1,17.02
CC(C)(C)[S+]([O-])N1CCC(c2nc(-c3cccc(C#N)n3)nc(-c3cccc(C#N)n3)n2)CC1,17.37
CN(C)c1cccc(-c2ccc(-c3nc4cc(C(F)(F)F)ccc4[nH]3)cc2)c1,18.9
N#Cc1cncc(-c2nc(-c3cncc(CN4CCC(F)(F)C4)c3)nc(C3CCOCC3)n2)c1,26.58
N#Cc1ccc(N=Cc2ccc(-c3cccc(C(=O)O)c3)o2)cn1,17.87
Fc1ccc(-c2nc3ccccn3c2C=Nc2cccc(Cl)c2)cc1,22.09
N#Cc1cccc(C(=O)Nc2cccc(Nc3ccc4c(C=Cc5ccccc5)[nH]nc4c3)c2)c1,17.06
COc1ccc(N=Cc2cc3c(c(C(C)(C)C)c2)OC(C)(C)C3)cc1,20.52
CC(C)(N)c1ccc(-c2nc(-c3ccc(-c4ccc(C#N)cc4)cc3)nc(-c3cccc(-c4ccc(-c5cccc(-c6ccc(-c7ccccc7)nc6)n5)nc4)c3)n2)cc1,30.31
N#Cc1cncc(-c2cc(N3CCCC3)nc(C#N)n2)c1,13.01
CN1CCN(c2nc(-c3ccncc3)nc(-c3ccc(-c4ccc(-c5ccc(-c6nc7cc(F)ccc7[nH]6)cc5)cc4)cc3)n2)CC1,24.78
O=c1cc(-c2ccccc2)[nH]c2ccc(-c3nnc(CCc4ccc(O)cc4)n3-c3ccccc3)cc12,29.41
CC(C)(C)c1ccc(-c2nc(-c3ccc(C#N)cc3)nc(-c3ccc(C#N)cc3)n2)cc1F,15.98
Cc1c(CCCN2CCN(C)CC2)cnc2cc(N=C(Nc3ccc(C#N)cc3)c3cc(C#N)ccc3C(=O)Nc3ccc(-c4ccc(C#N)cc4)cc3)c(F)cc12,51.62
Cc1ccc(-c2csc(N=c3cc(C)[nH][nH]3)n2)cc1,22.25
CC(C)(C)OC(=O)Nc1cc(-c2ccc(C#N)cc2)cc(-n2ccnc2)c1,27.91
N#Cc1ccc(-c2cnn3c(=N)n(-c4c(F)cc(Nc5c[nH]ccc5=NS(=O)(=O)C(F)(F)F)cc4Cl)c(=O)[nH]c23)nc1,39.84
COC(=O)C(Cc1ccc(OC2CC(C)CCC2OC(C)C)cc1)NC(=O)c1[nH]cnc1C(=O)N=c1cco[nH]1,58.27
N#Cc1ccc(-c2ccc(-c3nc(Cl)nc(Cl)n3)cc2F)cc1,11.44
CCOc1ccc(-c2ccc(-c3nn(CCN(C)C)c4[nH]cnc(=N)c34)cc2)cc1,27.94
N#Cc1ccc(-c2nc(COc3ccc(C#N)cn3)nc(-c3ccc(C#N)cc3)n2)cc1,12.98
N#Cc1ccc(-c2ccc(C=Nn3c(-c4ccc(F)cc4)nc4ccc(Cl)cc4c3=O)o2)cc1,27.33
CC(C)N=c1[nH]nc(-c2ccc(Nc3[nH]c(N4CCN(C)CC4)nc(=Nc4cc(C#N)c(C#N)cc4Cl)c3C#N)cc2)o1,42.79
COC(=O)c1nc(C)c2cc(C#N)ccc2c1C,25.2
N#Cc1nccc(N=c2[nH]cccc2C(=O)CN2CCCC(N3CCNC3=O)CC2)n1,33.22
Oc1ccc(N=c2[nH]c(=NCc3ccccc3)[nH]c(=Nc3ccc(F)cc3)[nH]2)cc1,18.69
N#Cc1ccc(-c2nc(-c3ccc(C(N)=O)cc3)nc(-c3ccc(-c4ccc(C#N)cn4)nc3)n2)cc1,15.42
CCCCCCCCC=CCCCC#CC1OC(CC)CC(c2ccc(Cl)c(Cc3noc(C)n3)c2)O1,41.97
O=C(NCCCN1CCOCC1)c1ccc(Br)o1,21.88
N#Cc1ccc(-c2nc(-c3ccc(-c4cccc(C#N)n4)cc3)nc(-c3ccc(C#N)nn3)n2)cc1,14.19
N#Cc1ccc(-c2ccc(-c3nc(-c4ccncc4)nc4cccc(C(N)=O)c34)cc2)cc1,23.27
N#Cc1c2ccccc2c(-c2nc(-c3c4ccccc4c(C#N)c4ccccc34)nc(-c3c4ccccc4c(C#N)c4ncccc34)n2)c2ccccc12,17.56
Clc1nc(Cl)nc(-c2ccc(-c3cc(-c4ccncc4)nc(-c4ccc(-c5nc(Cl)nc(Cl)n5)cc4)c3)cc2)n1,12.03
CCc1ncnc(-c2cccc(NC(=O)N3CCCC3C(=O)NCc3ncc[nH]3)c2)c1C#CC#N,35.76
N#Cc1ccc2[nH]cc(-c3nc4c(Cc5ccc(Cl)cc5)nccc4[nH]3)c2c1,35.18
COc1nc(-c2ccc(S(=O)(=O)N(CC(=O)Nc3ccccc3C)c3ccc(F)cc3)s2)ccc1[N+](=O)[O-],39.42
CN(c1ccc(F)cc1)c1nc(-c2ccc(C#N)cc2)nc(-c2cccc(C#N)n2)n1,18.37
O=c1c2sc3ccccc3c2c2ccccc2n1CCCCNCCO,28.54
N#Cc1cncc(-c2nc(-c3ccccn3)nc(-c3cccc(C#N)n3)n2)c1,11.63
N#Cc1ccc(-c2cccc(OC(=O)c3ccc(-c4ccc(Cl)cc4)cc3)c2)cc1,23.86
N#Cc1ccc(-c2cc(-c3cccnc3)nc(-c3ccc(C#N)cc3)n2)cc1,11.25
Oc1cc2c(cc1O)C(Cc1ccccc1)N(CC(O)c1cc(Cl)cc(Cl)c1)CC2,30.49
CC1(C)CN(c2cncc(C#N)c2)Cc2c(nc(-c3cccc(C#N)n3)nc2-c2cncc(C#N)c2)O1,14.65
Cc1cc(-c2ccc(-n3c(O)c(O)c(C(=O)C(C)(C)C)c3-c3ccc(-c4ccc(C#N)cc4)cc3)cc2)cs1,20.24
O=C1NC2(CCCCCC2c2ccc(F)cc2)C(=O)N1Cc1ccc(F)cc1,30.36
COC(=O)N1CCSc2c(Nc3cccc(C(F)(F)F)c3)cc(C(F)F)cc21,33.9
COc1cc(C#N)ccc1C#Cc1cccc2c1C(=O)OC2,32.76
Cc1ccc(C=Nc2cc(O)c(N)cc2O)cc1,11.08
N#Cc1ccc(C(=NN=c2nc(-c3ccc(C#N)cc3)nc(-c3ccc(-c4ccc(C#N)cc4)nc3)[nH]2)c2ccc(F)cc2)cc1,24.55
N#Cc1ccc(-c2ccc(Cc3sc4ccc(Cl)cc4c3CCC(=O)NCCc3cccc(C(F)(F)F)c3)cc2)cc1,32.05
Cc1noc(C)c1-c1cc(C)c2nc(-c3c[nH]nn3)cc(-c3ccc(N4CCN(C)CC4)nc3)c2c1,44.18
CCCCC#Cc1c(NS(C)(=O)=O)cc(C#Cc2ncccn2)c2ccccc12,39.08
CONC=NCCCc1ccc(-c2ccc(-c3nnc(-c4ccc(-c5ccc(C#N)cc5)cc4)c(C)n3)cc2)s1,32.01
COc1ccc2nc(C=CC=CC(=O)C=Cc3ccc(O)c(OC)c3)n(Cc3ccc(-c4ccc(C#N)cc4)cc3)c(=O)c2c1,22.26
CCCc1nc(-c2ccc(-c3ccc(C#N)cc3)cc2)nc(-c2ccc(-c3ccc(C#N)cc3)cc2)n1,13.51
Cc1cccc2c3c(c(Cl)nc12)C(=O)c1ccc(NN)cc1C3=O,26.81
N#Cc1ccc(-c2nc(-c3ccc(-c4nc(Cl)nc(Cl)n4)cc3)nc(-c3ccc(-c4nc(Cl)nc(Cl)n4)cc3)n2)cc1,11.46
N#CC=Cc1cccc(SCC#N)n1,18.7
Cc1cnc(C#N)nc1-c1ccc2nc(-c3ccc(C#N)cc3)nc(-c3ccc(C(=O)N(C)C)nc3)c2c1,32.91
N#Cc1cnc(-c2cc(C#N)cnc2-c2ccc(Cl)cn2)nc1,16.33
CCOc1cc(C=CC(=O)c2ccc(C)cc2)ccc1OC(=O)c1cccc(C#N)c1,26.68
Cc1cc(=N)n(-c2ccc(-c3ccc(C#N)cc3)c(C#N)c2)[nH]1,17.98
Cc1ccc(N=c2cc[nH]c3cc(C#N)c(F)cc23)cc1NS(C)(=O)=O,32.77
N#Cc1c(F)ccc(-c2ccc3cc(-c4cnc5ccccc5n4)c(N4CCOCC4)nc3n2)c1F,34.84
CCN(CC)CCC(=O)Nc1ccc(F)cc1F,23.8
N#CCc1nc(C#N)cn1-c1nc(=NC2CC2)n2ncc(=Cc3[nH]c(=O)[nH]c3O)c2n1,16.87
N#CN=Cc1ccc(F)cc1O,22.27
Fc1ccc(-c2c[nH]c(-c3ncnc4ccc(-c5ccncc5)cc34)n2)cc1,24.26
N#Cc1ccc(-c2ccc(-c3[nH]c(=N)sc3C#N)cc2)cc1,17.38
N#Cc1ccc(-c2nc(N)c(C#N)nc2-c2ccc(N=C3NCCO3)nc2)cc1,29.92
CCc1nc(Oc2c(C)cc(C#N)cc2C)c(OC)cc1C=CC#N,28.07
CC(C)COc1ccc(Cl)cc1Cn1nnc(-c2ccc(C#N)cc2)n1,19.26
CCCCCCNC(=O)n1cnc2c(=S)n(C)c(=O)n(CCC)c21,36.59
Cc1cc(-c2nc(-c3cncc(C#N)c3)nc(-c3ccc(Br)c(F)c3)n2)ccn1,20.99
Cc1cc(-c2ccc(C#N)cc2)[nH]c(=Nc2ccc(C#N)cc2)n1,14.33
Cc1ccc2ccc(-c3ccc(C=NNC(=O)c4cccnc4)cc3)nc2c1C,23.47
CN1C(=O)C(NC(=O)C(=O)c2cccc3c2c(=O)c2cc(F)c(F)cc2n3Cc2cccc(-c3cccc(F)c3)c2)Sc2ccccc21,54.02
Cc1cnc(C)c(C(=O)N2CCN(c3cccc(-c4ccc(-c5nc(-c6ccc(Cl)cc6)cc(C(F)(F)F)n5)cc4)c3)CC2)c1,42.61
Cc1cc(C)n(-c2ncc(N3CCN(C(=O)Nc4ccc(Br)cc4)CC3)nn2)n1,24.98
Cc1nc(-c2ccccc2)nc(-c2ccccc2)c1NC(=O)C(=O)NC1CCCCC1,25.97
Nc1cc(O)c(N=Cc2ccc(-c3nc(-c4ccc(C=Nc5cc(O)c(N)cc5O)cc4)nc(-c4ccc(C=Nc5cc(O)c(N)cc5O)cc4O)n3)cc2)cc1O,11.16
O=C(NC1CC1)c1cc(F)cc(Nc2ccc3c(C=Cc4ccccn4)[nH]nc3c2)c1,19.82
N#CCC#CC=CC(=O)Nc1ccc2c(c1)C(=O)c1ccccc1C2=O,24.8
CC(=O)N1CCN(Cc2cccc(-c3cc(=NC(=O)c4nc(C5CC5)ccc4Nc4ccc(C#N)cc4)n(-c4ccc(C)nc4)[nH]3)c2)C1=O,38.85
N#Cc1ccc(-c2ccc(-c3nc(CCCCN)nc(C(N)=O)c3C#N)cc2)cc1,27.18
Cc1nc(Cl)ncc1-c1cc(-c2ccc(-c3cccc(-c4ccc(Cl)c(Cl)c4)n3)cc2)nc(-[n+]2ccc(-c3ccncc3)cc2)n1,29.71
CN(C)c1ncc2cc(Nc3nc(Nc4ccc5c(c4)C(=O)c4ccc(N)cc4C5=O)nc(Nc4ccc5c(c4)C(=O)c4ccc(N)cc4C5=O)n3)ccc2n1,14.09
COc1cc(OC)c(C=CS(=O)(=O)c2ccc(NC(C)=O)cc2)c(OC)c1,22.07
O=C1Nc2ccc(F)cc2C1=Cc1c(C(F)(F)F)nn(-c2ccccc2)c1Oc1ccccc1,23.88
CN=c1ncc(NC(=O)c2nc(C(=O)c3ccc(-c4cncc(C#N)c4)nc3)nc(-c3ccc(C#N)nc3)n2)c(OC)[nH]1,35.95
Cc1[nH]c(=N)sc1C(=O)NN=Cc1cccc(Oc2ccc(C#N)c(C(F)(F)F)c2)c1,29.62
c1ccc(-c2nc(-c3ccccc3)n(-c3ccc(-c4nc5ccccc5s4)cc3)c2-c2ccccc2)cc1,22.5
N#Cc1c2c(c(=NCc3ccco3)n3c1[nH]c1ccccc13)CCCC2,17.82
N#Cc1ccc(-c2nc(-c3ccc(F)cc3)c3cncc(-c4ccc(C(=O)N=c5cc(C(F)(F)F)cc[nH]5)c(F)c4)c3n2)cc1,28.41
COc1cc(-c2nc(-c3ccc(-c4ccc(C#N)cc4)cc3)nc(-c3cnn(-c4ccccc4)c3)n2)ccc1Cl,16.72
Cc1cc(C)c2c(n1)sc1c(N3CCN(C(=O)c4ccsc4)CC3)nc(-c3ccc(C#N)cc3)nc12,25.32
CC=CC(C#N)C(N=CN1CCCCC1)N=C(NC#N)Nc1ccc(F)c(F)c1,31.36
N#Cc1cccc(-n2nc(C(=O)c3ccc(F)c(F)c3)c3cc(-c4cnc(C#N)nc4)cn3c2=O)c1,37.73
CC1CCCN(CCCOc2ccc(-n3ccc(-c4c(F)c(F)c(C#N)c(F)c4F)cc3=O)cc2)C1,24.61
CC(C)(CO)c1cn2c(=NC(=O)c3ccco3)[nH]c3nc(-c4ccc(C#N)cc4)ccc3c2n1,31.91
CCOC(=O)c1cn(Cc2ccc(=O)n(Cc3nccn3-c3ccc(C#N)cn3)n2)c2nc(N3CCC(=NOC)C(CN)C3)c(F)c(C)c2c1=O,47.45
COc1cccc(C=Nc2nc(N)cc(=NCc3ccccc3)[nH]2)c1,27.69
O=C(Nc1ccc(-c2nc(N3CCOCC3)nc(N3CCOCC3)n2)cc1)Nc1ccc(C(F)(F)F)cc1,19.28
CN1CCN(CCN=c2nc(N=CN3CCN(C=O)CC3)cc[nH]2)CC1,16.34
N#Cc1ccc(-c2nc(=Nc3ccc(C=c4sc(=Nc5ccc(Cl)cc5)n5c(O)c(C=Cc6ccccc6)nc45)cc3)[nH]c(N)c2C#N)cc1,45.06
N#Cc1sc(=Nc2ccc(F)cc2)[nH]c1-c1ccncc1,23.02
Cc1ccc2cccc(OCc3cc(S(=O)(=O)NC4(C(=O)N5CCN(C(=O)CCCN6CCCC6)CC5)CCCC4)ccc3Cl)c2n1,31.67
C(=Cc1ccc(-c2nc(-c3cccc(-c4ccccc4)c3)c[nH]2)cc1)c1ccc(-c2nc(-c3ccccc3)cc(-c3ccccc3)n2)cc1,27.96
N#Cc1ccc(-c2nc(-c3ccc(-c4ccc(-c5cc(N6CCCC6C(=O)NCc6ccncc6)nc(-c6ccncc6)n5)cn4)cc3)cs2)cc1,30.44
CC1CN(Cc2ccc(-c3ccc(CN(c4ccc(F)c(-c5nccc(C(F)(F)F)n5)c4)S(=O)(=O)c4ccc(Cl)cc4)cc3)nc2)CCN1,32.69
CCN1C(=O)C(C)(C)c2ccc(S(=O)(=O)NCc3ccc(C#N)cc3F)cc21,32.49
Nc1ccc2c(c1)C(=O)c1ccc(NC(=O)C=NC(=O)CCc3ccc(C(=O)Nc4ccccc4N)cc3)cc1C2=O,25.26
C=CCN(c1c(OCCCC)nc(-c2ccc(N3CCN(C)CC3)cc2)nc1C1=CCCN(C)C1)S(C)(=O)=O,38.79
CN(C)c1ccc(NC(=O)CSc2nc(N)cc(=O)[nH]2)cc1,19.63
Cc1cc(C)c2c(C)nc(=Nc3nc(-c4ccccc4F)cs3)[nH]c2c1,26.62
Cc1cc(-c2ccccc2O)c(=O)n(Cc2ccc(-c3ccccc3S(=O)(=O)NC(=O)C(F)(F)F)cc2F)c1,34.4
COc1ccc(-c2noc(Cc3cccn(Cc4n[nH]c(-c5ccccc5)n4)c3=O)n2)cc1,36.44
N#Cc1ccc(-c2nc(C(=O)N3CCOCC3)nn2-c2ccc(Cl)cc2)cc1,20.9
N#Cc1ccc(-c2ccc(-c3nc(-c4ccc(C#N)cc4)nc(-c4ccc(-c5ccccc5)cc4)n3)cc2)cc1,14.36
N#Cc1ccc(C2=NOC(c3ccc(-c4ccnc(-c5ccc(C#N)cc5)n4)cc3)C2)cc1,21.22
Cc1cc(=NC(=O)C2CCC(=O)N(CC3CC3)C2)nc(C)[nH]1,28.54
Cc1cc(C)c(N=Nc2nc(-c3ccc(C#N)cc3)ccc2C#N)c(-c2nc(-c3ccccc3[N+](=O)[O-])nc3ccccc23)c1,32.81
C=CCN(C(=O)c1ccc(-c2ccnc(-c3ccc(C#N)cc3)c2)cc1)C1CCN(Cc2ccc(C#N)cc2)CC1,28.99
N#Cc1ccc(-c2ccc(-c3nc(-c4ccc(-c5ccc(C#N)cc5)cc4)nc(-c4ccc5[nH]ccc5c4)n3)cc2)cc1,15.02
N#Cc1nc([N+](=O)[O-])cn1CCNC(=O)c1cn(CC(=O)N2c3ccccc3NC(=O)c3ccccc32)nn1,44.07
Cn1nc(C2CC2)c(Cl)c1N1CCc2nc(C#N)nc(-c3cc(C#N)cc(-c4ccc(C#N)cc4)c3)c2C1,22.35
Fc1ccc2[nH]c(-c3cccc(-c4ccncc4)c3)nc2c1,22.13
N#Cc1ccc(-c2nc(-c3ccc4cc(-c5ccc(-c6cc7ccc(C#N)cc7o6)cc5)nc(-c5ccc(C#N)cc5)c4c3)nc(-c3cccnc3C=Cc3ccccn3)n2)cc1,40.67
Cc1ccc2c(Nc3ccc(F)cc3)nc(-c3cccnc3)nc2c1,25.5
COc1cc(-c2nnn(CCC#N)n2)cc(OC)c1OC,17.98
CN1CCN(c2nc(=Nc3cccc(C(F)(F)F)c3)c([N+](=O)[O-])c(N)[nH]2)CC1,22.77
COC1CN(CCC(=O)N=c2cc3c(-c4cncc(C#N)c4)nccc3c[nH]2)CC1OC,35.34
COc1ccccc1C=Nn1[nH]nnc1=N,17.11
Cc1ccc(-n2nc(C)nc2-c2ccc(-c3ccc(C#N)cc3)cc2)cc1,14.75
Cc1ccc(C)c(-n2c(C=Cc3ccc(-c4ccc(C#N)cc4)o3)nc3ccccc3c2=O)c1,25.03
N#Cc1ccc(-c2nc(-c3ccc(-c4ccc(-c5cc(C(=O)O)nc6cc(-c7ccc(F)cc7)ccc56)cc4)cc3)c(-c3ccccc3)o2)cc1,20.16
N#Cc1ccc(-c2nc(-c3cncc(C#N)c3)nc(-c3ccnc(-c4ccccn4)n3)n2)nc1,23.25
C#Cc1ccc(C#N)c(Nc2ccc(F)cc2F)c1,22.82
CCn1ccc(C(=O)Nc2ccccc2OC)n1,22.06
N#Cc1ccc(-n2ccc(-c3ccc(F)cc3)cc2=O)cc1F,20.77
O=C(NCC1CC1)c1coc(-c2ccc(CNC(=O)c3cccc4cccnc34)cc2)n1,27.1
COc1cc(-c2nc(N=c3cc(C4CC4)[nH][nH]3)nc(Sc3ccc(C#N)cc3Cl)n2)ccc1-n1cnc(C)c1,30.11
N#Cc1ccc(C=CC(=NNC(N)=S)c2ccc(Cl)cc2)cc1,20.05
O=[N+]([O-])c1ccc(N=Nc2cc(S(=O)(=O)O)c3ccccc3c2O)cc1,20.31
N#Cc1ccc(-c2ccc(-c3nc(-c4ccc(-c5nc6cc(C(F)(F)F)ccc6[nH]5)cc4)nc(-c4cccc(OCc5ccccc5)c4)n3)cc2)cc1,19.61
N#Cc1ccc(Cn2nc(-c3ccc(-c4ccc(C#N)cc4)cc3)cc2C(=O)Nc2ccc(-c3ccc(C#N)cc3)cc2)cc1,17.9
CC(=O)N1CCc2c(sc3c2c(=O)n(Cc2ccccc2F)c(=O)n3Cc2ccc(F)cc2)C1,25.84
CN(C)c1ccc2[nH]ccc(=Nc3cccc(C#N)c3)c2c1,21.68
N#Cc1ccc(C=Cc2cc(=O)oc3cc(OCC(N)=O)ccc23)cc1,26.32
CC(=O)c1c(F)ccnc1Nc1ccc2c(c1)C(=O)c1ccc(N)cc1C2=O,24.32
Fc1ccc(-[n+]2c(-c3ccc(Cl)cc3)cn3c2SCCC3)cc1,20.66
COc1cc(O)c(C(=O)C=CC=Cc2ccc(-c3ccccc3)cc2)c(OC)c1,15.69
O=C(Nc1ccc(Cl)cc1)n1nc(-c2ccccn2)ccc1=O,28.0
CCN(CC)c1nc(=NCc2cnnc(-c3ccccn3)c2)c2ccc(-c3ccc(C#N)nc3)cc2[nH]1,36.27
C#CCOCC=Cc1nnc(CCCC)n1Cc1ccc(-c2ccccc2C#N)cc1,29.21
O=C(N=C(Cc1ccc(F)cc1)C(=O)N1CCOCC1)c1ccccc1Cl,26.22
O=C(NC1CCC(N=c2cc(NC3CC3)n3ncc(=Cc4[nH]c(=O)[nH]c4O)c3n2)CC1)C1CCCO1,23.5
N#Cc1ccc(-c2ccc(C=NNC(=O)Cn3c(C4CCNCC4)nc4cc(C(F)(F)F)ccc43)cc2)nc1,24.32
CCc1nc(C2C(C)=NC3=C(C(=O)CC3)C(c3ccc(C#N)cc3)N2C)c[nH]1,28.87
CC(C)=Nc1ccc(N=CC2C(=O)c3ccccc3C(=O)C2C)cc1,26.92
COC(=O)C(CC=C(C)C=O)C1CC=C2C1(C)CCC1C2(C)CCC(OC(=O)c2ccc(F)c(F)c2)C1(C)C,44.4
CCc1nc(-c2ccc(-c3ccc(C#N)cc3)cc2)cc(=Nc2ccc(-n3ccc(-c4ccc(C)cc4)n3)cc2)[nH]1,26.65
COc1ccc(OC)c(NS(=O)(=O)c2ccc3c4c(cccc24)C(=O)N3C)c1,23.48
N#Cc1ccc(-c2ccc(-c3nc(-c4ccc(-c5cccc(C#N)c5)cc4)nc(-c4ccc(-c5ccc(C#N)cn5)nc4)n3)cn2)nc1,11.68
N#Cc1ccc(-c2ccc(-c3nnc(N=Nc4ccccc4Br)c(N=CN4CCN(C=O)CC4)n3)cc2)cc1,29.99
COc1ccc(C(=O)Oc2cccc3c2C(=O)c2c(OC(=O)Nc4ccccc4)cccc2C3=O)c(Cl)c1Cl,37.6
CCCCNC(=O)c1cc2ccc(-c3ccc(-n4cnc(C)c4)c(OC)c3)cc2c(-c2ccccc2)n1,32.25
NCC1CN(c2ccccc2)C(=O)N1,27.45
N#Cc1cccc(-c2ncc(-c3nc4ccc(C#N)cc4[nH]3)cn2)c1,22.92
NC(=O)Cc1cc(-c2cc(F)c(-c3c(F)cccc3F)c(F)c2F)nc(-c2ccnc(C(F)(F)F)c2)n1,32.7
Clc1ncc2nnn(C3CC4CCC3C4)c2n1,17.91
CN1CCN(CCC(=O)Nc2ccc3c(c2)C(=O)c2cc(N)ccc2C3=O)CC1,15.23
N#Cc1ccc(-c2ccc(-c3nc(-c4ccc(-c5ccc(C#N)cn5)nc4)nc(-c4ccc(-c5cncc(C#N)n5)nc4)n3)cc2)cc1,14.06
Oc1ccc(N=Cc2ccc(-c3ccc(C=Nc4ccc(Nc5ccc(Cl)cc5Cl)cc4)cc3)cc2)cc1,25.73
Cc1nc(-c2ccc(C#N)cc2)nc(-c2nnc(N=Cc3ccc(Cl)cc3)nc2-c2cncc(C#N)c2)n1,23.51
N#Cc1ccc(-c2ccc(-c3nc(-c4ccc(-c5ncncc5F)cc4)nc(-c4cc(F)c(O)c(F)c4)n3)cc2)cc1,21.81
CC1CN(c2ccc(Nc3c(-c4ccc(C#N)cc4)nc4ccc(C5CCCNC5)cn34)cn2)CCN1,31.79
CCN(CC)CC(=O)Nc1cccc(N=c2[nH]cc(Cl)c(=Nc3ccc(N4CCN(C(C)=O)CC4)cc3OC)[nH]2)c1,25.92
C=CCCC=C(C=C)C=CC=C(C)C=CC=C(C)C=CC=C(C)C=CC=C(C)C=CC=C(C)C=CC1=C(C)C(=O)C(C=O)CC1(C)C,43.48
Nc1ccc2c(c1)C(=O)c1cc(Nc3cc(=O)oc4ccccc34)ccc1C2=O,19.1
N#Cc1c(-[n+]2ccn(Cc3ccccc3)c2)sc2c1CCCC2,19.58
N#Cc1ccc(-c2cc(COc3ccc(C(C=Cc4cn(Cc5ccccc5)nn4)c4ccc(C#N)cc4)cc3)nc(-c3ccc(C#N)cc3)n2)cc1,30.18
CC(=O)NC(C)Cc1ccc(C#Cc2cnc(Oc3ccc(Cc4sc(=O)[nH]c4O)cc3)nc2)cc1,23.82
CCCCCc1cc(Cl)c(-c2ccc(-c3ccncc3)nc2)nc1C,34.1
N#Cc1ccc(-n2nc(CN=[N+]=[N-])c(-c3ccccc3)n2)cc1,25.34
C=c1cc(C)[nH]c1=Cc1c(O)[nH]c2ccc(NC(=O)Cc3ccc(C#N)cc3)cc12,28.42
N#Cc1ccc(-c2ccc(-c3nc(-c4c(F)c(F)c(F)c(F)c4F)[nH]c(=O)c3C#N)cc2)cc1,18.21
C=C(CC(C1CCCCC1)N(C)C(=O)C(Cc1ccccc1)NC(=O)c1nc2ccccc2[nH]1)C(=O)NC1CCCCC1,47.99
N#Cc1ccc(OCc2nc(-c3ccc(-c4ccc(C#N)cc4)cc3)nc(-c3cccc(C#N)c3)n2)cc1,23.36
CC(=O)Nc1ccc(Nc2c(F)c(F)c(F)c3c2Oc2cc(C)ccc2N3)cc1,34.34
CC(C)N1CCCC(Cn2c(-c3ccc(C#N)cc3)nc3cc(C=CC#N)ccc32)C1,21.9
N#Cc1cncc(-c2nc(-c3nc(-c4cccc(C#N)n4)n4c3CCOCC4)no2)c1,14.56
N#Cc1ccc(-c2ccnc(C(=O)C=Cc3nc4cc(N)ccc4[nH]3)n2)cc1,31.83
Nc1ccc2c(c1)C(=O)c1ccc(Nc3nc(Nc4ccc5c(c4)C(=O)c4ccc(S(=O)(=O)Nc6ccc(C(=O)O)cc6)cc4C5=O)nc(Nc4ccc5[nH]c(=O)sc5c4)n3)cc1C2=O,28.2
N#CC=Cc1ccc(-c2cc(-c3ccncc3)nc(-c3ccc(C#N)cc3)n2)cc1,18.48
CCOC(=O)c1ccc(N=Cc2c(Nc3ccc(Cl)cc3)sc[n+]2-c2ccc(F)cc2)cc1,19.63
Cc1cc(=N)c2cc(CNC(=O)Nc3ccc(-c4nc(C5CCOCC5)nc(N5CCOCC5)n4)cc3)ccc2[nH]1,26.36
N#Cc1ccc(-c2n[nH]c(=Nc3ccc(F)cc3)c3ccccc23)cc1,15.96
Cn1c(-c2ccc(C#N)cc2)nc2ccc(NC(=O)Nc3cc(F)c(F)c(F)c3)cc21,23.54
N#Cc1ccc(S(=O)(=O)NC(=O)c2nc(-c3ccc(C#N)nc3)nc(-c3cccc(-c4cccc(C#N)n4)n3)n2)cc1,27.75
O=C(O)CC1CCc2ccc(OCc3ccc(C(F)(F)F)cc3)cc21,22.95
C=CCn1c(=O)c(=Cc2ccc(-c3nc(-c4ccc(C)cc4)nn3-c3ccccc3)cc2)[nH]c(=O)c1=Cc1ccccc1OC,24.41
C=c1c(=Cc2sc(=S)n(-c3cccc(C)c3)c2O)cc(C)n1-c1cccc(C(=O)O)c1,19.71
Cc1cccc2c(C=C(C#N)C#N)c(-c3ccc(F)cc3)nn12,21.25
N#Cc1nc(Nc2ccc3c(c2)C(=O)NC3=O)nc(Nc2ccc3c(c2)C(=O)c2ccc(N)cc2C3=O)n1,17.47
N=C(N)c1cccc(C=CCNC(=O)c2nc(-c3ccccc3)cc(-c3ccc(C(F)(F)F)cc3)n2)c1,25.34
COc1ccc(-c2[nH]c(=N)c(C#N)c(-c3ccc(O)cc3)c2C)cc1OC,25.56
Oc1ccc(Cc2c(O)cc(O)cc2Oc2cc(-c3cc(-c4ccc(O)cc4)cc(-c4cc(O)cc(O)c4)c3)cc(O)c2O)cc1,36.93
N#Cc1ccc(N=Cc2ccc(-c3nc(-c4ccc(F)cc4)cc(-c4ccc(C=Nc5ccc(C(=O)O)c(O)c5)cc4)n3)cc2)c(O)c1,28.45
Cc1cccc(Oc2nccc(-c3cc(-c4ccc(C#N)cc4)nc(N4CCN(CC(=O)Nc5cccnc5C)CC4)n3)n2)c1,48.07
COc1ccc(-c2nc(-c3ccc(-c4ccccc4)cc3)c[n+](-c3cccc(-[n+]4ccc(-c5ccncc5)cc4)n3)n2)cc1,16.64
N#Cc1cccc(C2=CCN(Cc3ccc(F)cc3F)CC2)c1,24.47
CC(C)(C)c1cc(=NC(=O)c2cc(-c3cncc(Cl)c3)cc(C(F)(F)F)c2F)n(CCCC#N)[nH]1,30.7
Cc1cc(-c2nc(-c3cc(C#N)cc(C#N)c3)nc(-c3cccs3)n2)ccn1,24.14
N#Cc1cccc(-c2cc[nH]c(=Nc3ccc4c(c3)C(=O)c3ccc(N5CCN(c6ccc(F)cc6F)CC5)cc3C4=O)n2)c1,27.96
CNC(=O)c1c(-c2ccc(C#N)cc2)oc2cc(-c3cccc(-n4ncc(C(=O)NC(C)(C)C)c4C)n3)ccc12,32.32
C=CCOc1ccc(-c2cc(-c3ccco3)nc3c2c(=O)n(C)c2nnc(CCC(=O)Nc4sccc4C#N)n32)cc1,39.21
N#Cc1ccc(C(=NO)c2cccc(-c3ccc(C#N)cc3)n2)cc1,15.87
CCCS(=O)(=O)Oc1ccc(Cc2nnc(-c3ccc(-c4ccc(Cn5c(CNc6ccc(F)cc6)nnc5SC)cc4)cn3)s2)cc1,35.93
Cc1nn(C(=O)c2ccc(C#N)cc2)c2c1C(c1ccc(C#N)cc1)SC(=N)N2,22.19
N#Cc1cncc(-c2nc(-c3cccc(CN4CC(C(N)=O)C4)c3)nc(-c3ccc(C(=O)N=c4cc(C(F)(F)F)cc[nH]4)c(F)c3)n2)c1,21.64
Cn1nc(-c2cccc(C=CS(=O)(=O)c3cccc(C#N)c3)c2)c2ccccc2c1=O,31.58
CC(C)Cn1c(Cn2nc(-c3cccc(C#N)c3)c3c(=N)cc[nH]c32)nc2ccccc21,32.52
COc1cc(C(=O)Nc2sc3c(c2C#N)CC(C)(C)NC3(C)C)cc(OC)c1OC,18.38
CN(C)S(=O)(=O)c1cc(-c2ccc3nc(-c4cncc(C#N)c4)nc(N4CCOCC4)c3n2)ccc1C#N,31.05
CC1(C)CCCc2c1ccc1[nH]c3ccccc3c21,27.5
Cc1cc(-c2ccc(CNC(=O)c3cccnc3)cn2)nc(C(=O)N2CCc3ccccc32)n1,30.8
CCCCCCCCCCCCCCOc1ccc(-c2nc(-c3ccccc3)c[n+](-c3ccccn3)n2)cc1,23.93
N#Cc1ccc(-c2nc(-c3ccc(C#N)cc3)nc(-c3ccc(F)c(F)c3C#N)n2)cc1,9.36
O=C(CCCCCCC(O)=NO)Nc1ccc2c(c1)C(=O)c1cc(NC(=O)COc3ccc(-c4cc(=S)ss4)cc3)ccc1C2=O,27.2
O=C(NC1CC2CCC(C1)N2C(=O)c1ccccc1)N1CCN(c2cccnn2)CC1,32.39
C=c1[nH]c(=Cc2ccc(OC)c(F)c2)c(=O)n1Cc1ccncc1,19.77
[N-]=[N+]=Nc1ccc(C2Oc3ccc(O)cc3SC2c2ccc(O)cc2)cc1,30.13
Cc1nc(C#N)nn1-c1ccccc1,16.62
N#Cc1c(F)c(F)c(-c2nc(-c3c(F)c(F)c(C#N)c(F)c3F)nc(-c3c(F)c(F)c(C#N)c(F)c3C(F)(F)F)n2)c(F)c1F,12.53
Cc1nc(-c2ccc(C#N)cc2)nc(-c2ccc(F)cc2)c1C=NN=c1[nH]c(-c2ccc(F)cc2)cs1,20.73
Cc1cc(=O)c(=NC(=O)N=c2c(Cl)c[nH]cc2Cl)cc(-c2cc(F)cc(-c3nc(OCCCO)nc(OCC4CCNCC4)n3)c2)[nH]1,37.06
NCCOCCOCCNC(=O)C(=O)N=C(N)Nc1ccc2c(c1)C(=O)c1ccc(NC(=O)CCN3CCCCC3)cc1C2=O,36.98
Cc1cc(CN2CCN(c3ccc(F)cc3)CC2)[nH]c(=Nc2ccc3c(c2)CCC3)n1,25.36
COc1cc([N+](=O)[O-])ccc1N=c1cc[nH]c2cc(Cl)ccc12,21.22
N#Cc1ccc(-c2ccc(Cc3nc(-c4ccc(C#N)cc4)nc(-c4cccc(C#N)c4)n3)cc2)cc1,17.47
N#Cc1ccc(Nc2cc(-c3ccc(-c4cncc(C#N)c4)nc3)nc(C#N)c2N)cc1,21.78
Cc1cc(C(F)(F)F)nc(-c2ccc(-c3ccc(-c4nc(-c5nccc(C#N)n5)nc(C5(F)CC5)n4)cc3)cc2)n1,40.38
N#Cc1ccc(-c2ccc(-c3cc(C(=O)O)nc(Cl)n3)cc2)cc1,18.55
N#Cc1ccc(-c2nc(C(=O)NN=Cc3ccco3)cc(C(F)(F)F)n2)cc1,21.67
COc1ccc2c(c1OC)OC(=Cc1ccc(Cl)c(Cl)c1)C2=O,22.22
Cn1c2c(c3ccc(Cl)cc31)C(=O)N1CCN=C21,23.93
N#CC=Cc1ccnc(-c2ccc(C#N)cc2)n1,9.44
N=c1cnc(-c2ccc(C3CCC3)c(Oc3ncc(F)cc3C(=O)NC3CC3)c2F)c[nH]1,22.68
CCCN(C(=O)COC(=O)c1ccc(-c2ccccn2)nc1)c1c(CC)nc2c(N3CCOCC3)nccn12,43.01
N#Cc1c(Nc2c(F)c(F)c(F)c(F)c2F)s[nH]c1=O,13.86
C(=NN=c1[nH]c(-c2ccccc2)cs1)c1ccc(-c2cccs2)nc1,20.84
NC(=O)c1ccc(C2CC(Nc3ccc(-c4ccc(F)cc4)cc3)c3cc(C#Cc4cc(F)ccc4F)ccc3O2)cc1,34.01
Cc1cnc(CNCC=C2CCC3C4CCc5cc(O)ccc5C4CCC23C)cn1,36.86
C#CCOc1nc(-c2ccc(C#N)cc2)nc(-c2ccc(C)cc2)c1C=NNc1ccc([N+](=O)[O-])cc1Cl,28.38
N#CC(c1cccnc1)N1CCN(C(=O)c2ccc(F)cc2F)CC1,20.14
N#Cc1cccc(CNC(=O)c2ccc(NC(=O)c3nc(C4CC4)ccc3Nc3cnccn3)cc2)n1,22.69
Cc1nc(-c2ccc(-n3c(O)c(O)c(C(=O)CC(C)C)c3-c3cccc4ccccc34)cc2)no1,18.84
Cc1cc(-c2cc[n+](-c3nc(-[n+]4ccc(-c5ccncc5)cc4)nc(-[n+]4ccc(-c5ccncc5)cc4)n3)cc2)ccn1,9.98
C=c1[nH]n(-c2ccccc2)c(=O)c1=Cc1cnc(-c2ccc(Cl)cc2)nc1C(F)(F)F,28.21
Cc1noc(-c2ccc(-c3nncc(-c4cccnc4)n3)cc2)n1,18.87
N#Cc1ccc(-c2ccc(-c3nc(-c4ccc(C#N)cn4)cs3)cn2)cc1,15.72
N#Cc1cccc(Cc2c[nH]c(=NC(=O)c3cc(C4CC4CO)nc(-c4ccccn4)n3)s2)c1,31.87
N#Cc1cncc(-c2cncc(Nc3nc(C#N)nc(C#N)n3)c2)c1,18.88
Clc1nc(Cl)nc(-c2cccs2)n1,10.45
COC(=O)c1ccc(NC2=CC(=O)C(Nc3ccc4[nH]ncc4c3)=CC2=O)cc1,26.18
N#Cc1ncoc1-c1ccc(-c2ccnc(-c3ccc(-c4cnccn4)cc3)n2)c(F)c1,27.61
N#Cc1cc(N=c2nc(-c3cnn4ccccc34)c(Cl)c[nH]2)ccc1Cl,21.91
N#Cc1ccc(Oc2ccc(F)c(F)c2)c(C#N)c1,17.1
NC(=O)c1cc(-c2ccc(NC(=O)c3ncn(-c4ccccc4)n3)cc2)cc(C(F)(F)F)n1,26.22
N#Cc1cccc(CN(C(=O)c2ccc(-c3ccc(Cl)cc3)nc2)c2nc(C#N)ncc2C#N)c1,24.57
O=C1C(=NCCc2ccccn2)C(Cl)C(=O)N1c1ccc(Cl)cc1,21.14
N#Cc1ccc(-c2nc(-c3cccc4ccccc34)nc(-c3cn(Cc4ccc(F)cc4)c4c(C#N)cccc34)n2)cc1,24.31
CS(=O)(=O)c1ccc(-c2cc(Cl)nc(Cl)n2)cc1,17.88
N#Cc1c2ccccc2c(-c2nc(-c3c4ccccc4c(C#N)c4ccccc34)nc(-c3c4ccccc4c(C#CCCN)c4ccccc34)n2)c2ccccc12,16.23
N#Cc1ccc(-c2cccc(F)c2)nc1,19.48
Cc1nn(-c2ccccc2)c(C)c1NC(=O)c1cccc(-n2c(O)ccc2O)c1,23.63
O=C(Nc1cccnc1)c1nc(-c2ccc(F)cc2)nc2ccccc12,30.52
O=Cc1ccc(OC(=O)c2ccncc2)cc1,23.0
O=C(COc1ccc2c(c1)CCCC2)Nc1cncc(C(F)(F)F)n1,30.46
COc1ccc(C=Cn2c[n+](-c3ccccc3)c(-c3ccc(-c4ccc(-c5ccc(C[n+]6ccc7ccccc7c6)cc5)cc4)cc3)n2)cc1,26.17
N#Cc1ccc(C(=O)Nc2cc(Nc3cc(C(=O)N=c4ccc(F)c[nH]4)ncn3)cc(F)c2F)cc1,35.3
O=[N+]([O-])c1cccc(-c2nnc(-c3ccc(-c4ccccc4)cc3)n2-c2ccc(-c3ccc(-c4nc(-c5ccc(C(F)(F)F)cc5)c(-c5ccc(Cl)cc5)nc4Cl)nn3)cc2)c1,30.17
CC(C)c1csc(-c2nnc3n2N=C(c2cc(F)cc(Cl)c2Cl)CS3)n1,27.46
N#Cc1ccc(-c2cc(Cn3cnc(-c4ccc(C#N)c(F)c4)n3)ccc2C(=O)NCCc2ccc(F)c(C#N)c2)cc1,30.36
O=C(CCc1cccc(O)c1)N=C(Cc1cccc(O)c1)c1nn[nH]n1,38.63
N#Cc1ccc(-c2nc(C#N)nc(-c3cccc(C#N)n3)n2)cc1,11.96
Cc1ccc(S(=O)(=O)NN=Cc2cccc(C=NNC(=O)Nc3ccccc3)c2)cc1,26.58
COc1cc(Cl)c(Cl)cc1S(=O)(=O)Nc1cccc(-c2cccc(C(C)(C)C)n2)c1,32.82
COc1cccc(-c2c(C#N)c(C)c(-c3ccc(C#N)cc3)nc(=NNc3cccc(C#N)c3)c2C#N)c1,33.93
N#Cc1ccc(-c2ccc(-c3oc(C(Cc4cc(-c5ccc(C(=N)N)cc5)no4)NC(=O)Cc4ccccc4)nc3C(=O)O)cc2)cc1,29.34
CCCCCCCCn1c2ccc(O)cc2c2c(=O)n(Cc3ccc(OC)cc3)ccc21,29.27
N#Cc1c2ccccc2c(-c2nc(-c3ccc4c(c3)OCO4)nc(-c3c4ccccc4c(C#N)c4ccccc34)n2)c2ccccc12,11.09
CCCOc1ccc(S(=O)(=O)N(c2cnc(C(=N)C#N)cc2C#N)C(C=Cc2ccc(C(=O)c3ccc(C#N)cc3)cc2)CC(C)C)cc1,49.07
N#Cc1cncc(-c2nc(-c3cccc(C#N)n3)nc(C3CCC4CCC(=O)N4C3)n2)c1,21.06
N#Cc1ccc(-c2ccc(C(=O)Nc3cc(C(O)CNC4CCCC4)ccc3O)cc2)cc1,24.4
Cc1cccc(-c2cc(C#N)cnc2-c2ccc(C#N)cc2)n1,15.0
N#Cc1ccc(C2=NCCN2)nc1,18.81
Cc1cnc(Cl)nc1-c1ccc(-c2ccc(C#N)cn2)c(F)c1F,17.84
N#Cc1cccc(N(Cc2ccccc2O)C2CCCc3cccnc32)c1,35.41
N#Cc1cc([N+](=O)[O-])ccc1NN=C(C1=NCCN1Cc1cncnc1)[N+](=O)[O-],28.47
CCCOc1ccc(C=Nc2ccc(N=Cc3ccc(-c4nc(-c5ccccc5)nc(-c5ccc(C=Nc6cccc7ccccc67)cc5)n4)cc3)cc2O)cc1,34.54
N#Cc1ccc(-c2nc(C(=O)NCc3ccccc3)nn(-c3ccc(Cl)c(Cl)c3)c2=N)cc1,26.06
Cc1ccc(-c2nc(C(C#N)=Cc3ccc(-c4ccc(C#N)cc4)o3)nc(-c3ccc(C)cc3)n2)cc1,14.84
Cn1ccc2c3c4c(C(=O)N=c5nc(C#N)cc(C#N)[nH]5)ncc3cc-2c1C=C4,41.46
N#Cc1c(C#N)c(-c2nn[nH]n2)c(N)c2c1CCCCC2,24.51
Cc1csc(N2CCN(C(=O)C3CCC(=O)N(C4CC4)C3)CC2)n1,24.45
Cn1ccnc1COC(=O)c1nc(-c2ccc(C#N)cc2)nc(-c2ccc(C#N)cc2)c1C#N,23.04
CN(C(=O)c1cccc(C#N)c1)c1cccc(COc2cccc(NC(=O)c3ccc(C#N)cc3)c2)c1,31.48
CC1CCc2cc(C#N)c(SCC(=O)NC(=O)N=c3cccc[nH]3)nc2C1,26.08
N#CC=Cc1cccc(Oc2ccc(Cl)cc2)n1,14.51
Fc1ccc(Oc2ccc(N=Cc3ccc4ccccc4n3)cc2)c(-c2cc[nH]c(=Nc3ccc4ccccc4c3)n2)c1,33.9
N#Cc1ccc(-c2ccc(-c3nc(-c4cc(C#N)ccn4)n(Cc4ccccc4)c(=O)c3C#N)cc2)cc1,23.64
Cc1nc(=NC(=O)c2ncc(N3CCN(CC=Cc4ccccc4)CC3)cc2C)cc(-c2ccc(F)c(C)c2)[nH]1,33.15
N#Cc1ccc(-c2ccc(-c3nc(C(N)=O)cc(-c4cccc(-c5ccc(-c6nc(Cl)ncc6N)cc5)c4)n3)cc2)nc1,26.4
Cn1cnc2c(-c3ccc(Oc4cc(C#N)cc(C#N)c4)nc3)nc(C#N)nc21,18.74
Fc1cc(F)c2ccc(C=Cc3ccc(-c4ccc(C=Cc5ccnn5C(c5ccccc5)c5ccccc5)cc4)cc3)cc2c1,38.59
N#Cc1cncc(-c2nc(-c3cncc(C#N)c3)nc(-c3c[nH]c(=N)c(C#N)c3)n2)c1,14.4
Nc1cc(O)c(N=Cc2cc(O)c(O)cc2O)cc1O,14.71
CCN(Cc1cnccn1)C(=O)CCc1nc(-c2ccc(C)cc2)n(-c2ccc(OC)nn2)n1,29.66
Nc1cc(=NN=Cc2ccc(O)cc2O)[nH]c(Cl)n1,28.42
CCNC(=O)c1nc2cc(-c3ccc(C#N)cc3)ccc2c(-c2ccc(C=CC(O)=NO)cc2O)c1-c1ccc(CN2CCOCC2)cc1,31.01
Cc1nc2c(C(=O)O)cn(C)c2cc1N=C=S,32.22
COc1ccc(-c2nn(-c3ccccc3)cc2C=Nn2cc(C(C)C)nc2-c2ccc(Cl)nc2)cc1,27.79
O=CN1CCN(C=Nc2nc(N=CN3CCN(C=O)CC3)nc(N=CN3CCN(C(=O)c4ccccc4)CC3)n2)CC1,14.89
N#Cc1ccc(N2CCN(C(=O)Cn3cc(C#N)cn3)CC2)c(C#N)c1,19.95
N#Cc1ccc(-n2cc(CNc3cc(Cl)c4[nH]c(=N)[nH]c(=Nc5c(Cl)cc(C#N)cc5Cl)c4c3)cn2)cc1,29.08
CCCC(=O)c1c(C2CCCCC2)c2cc(-c3cccc(C#N)c3)ccc2n1Cc1cc[nH]c(=N)c1,33.02
O=c1c2ccccc2nc(Cc2ccccc2)n1-c1ccccc1,18.82
O=CN1CCN(C=Nc2nc(N=CN3CCN(C=O)CC3)nc(N=CN3CCN(Cc4ccccc4)CC3)n2)CC1,11.05
CC(CNCc1nc(-c2ccc(C#N)cc2)ccc1F)c1ccc(-c2ccc(C#N)cc2)cc1,19.83
Cc1ccc(-c2ncncc2-c2ccc(F)cc2)cc1,20.77
C#CCN(c1ccc2ncn(C(C)(C)C)c2c1)c1cc(C(F)(F)F)cc(NC(=O)c2cccc(OC)c2)n1,36.87
C#CCOC(=O)C=Cc1ccc(Br)cc1,21.57
COc1ccc(-n2nc(C(=O)Nc3ccc(-c4ccc(C#N)cc4)cc3)ccc2=O)cc1,19.94
N#Cc1ccc(-c2ccc(-c3nc(-c4ccc(-c5ccc(C#N)cc5)cc4)nc(N4CCC(=O)CC4)n3)cc2)cc1,19.16
Cc1nc2cc(C)c(CC(N)CCC(=O)NC(C(=O)O)C(C)C)c(C)c2c(=O)[nH]1,42.47
COc1ccc(C=Cc2cc(OC)cc(OC)c2C=CC(=O)C=CC=Cc2nc3ccccc3n2Cc2c(F)c(F)c(F)c(F)c2F)cc1,23.64
Nc1ccc(C#CC#Cc2ccc3cc(-c4ccccn4)cc(-c4cccnc4)c3c2)cc1,37.35
N#Cc1ccc(Nc2ccc(N=c3[nH]c(=Nc4cccc(N)c4)c4ncn(-c5ccccc5)c4[nH]3)c(F)c2)cc1,38.16
COc1cc2cc(CO)c(CO)c(-c3cc4c(c(-c5ccc(-c6ccc(-c7nc(C)no7)cc6)cc5)n3)CCNC4=O)c2cc1OC,40.02
Cc1cc(C)n(-c2nc(CCl)[nH]c(=Nc3cccc(Br)c3)n2)n1,26.67
N#Cc1ccc(-c2ccc(-c3nc(-c4ccc(-c5cccc(C#N)c5)cc4)nc(-c4cnc(-c5ccc(F)c(F)c5)c(F)c4F)n3)cc2)cc1,21.44
COCCOc1cc2nc[nH]c(=Nc3ccc(N=CN4CCN(C=O)CC4)cc3F)c2cc1OCCCN1CCOCC1,21.09
N#CC=Cc1nonc1-c1nc(-c2ccc(-c3ccc(-c4nc(Cl)nc(Cl)n4)cc3)cc2)nc(C#N)c1C#N,35.79
CC(C)(C)c1cc(=NC(=O)c2cc(N=c3[nH]c(N4CCCCC4)nc4c3CNC4)ccc2F)[nH]o1,31.56
Cc1ccc(-c2nc(-c3ccc(C#N)cc3)nc(-c3ccc(C#N)cc3)n2)cn1,12.15
N#CC(C#N)C(CC1=NCCCN1)C(=O)N=c1[nH]ccs1,35.9
N#Cc1cccc(-c2ccc(CC3CCN(c4cnc(-c5ccc6ncccc6c5)cn4)CC3)cc2)n1,30.43
NC(=O)CNC(=O)c1cc(=NC(=O)c2cc(Cl)cc(Cl)c2Cl)n(-c2ccccc2)[nH]1,25.05
Cc1ccc(-n2cccn2)c(C(=O)N2CCCC(n3ccnn3)C2)c1,21.02
C=CCn1c(O)c(C=Nc2ccc(S(=O)(=O)N=c3nc(C)cc(C)[nH]3)cc2)[n+](-c2ccc(Nc3cc(C#N)cc(C#N)c3)cc2)c1O,31.47
COc1ccc(-c2cccc(CC(NC(=O)OC(C)(C)C)C(=O)NC(C)C(=O)NC(Cc3c[nH]cn3)C(O)CC(=O)NC(CS)C(=O)Nc3ccccc3)c2)cc1,57.12
N#Cc1ccc(-c2cc[n+](-c3ccc(-[n+]4ccc(C=NO)cc4)cc3)cc2)cc1,15.11
N#Cc1ccc(-c2ccc(-c3nc(-c4ccc(-c5ccc(C#N)cc5)cc4)n(CCCc4ccccc4)n3)cc2)cc1,20.0
N#Cc1cccc(CN2C(=O)N(Cc3ccc(F)cc3)C(Cc3ccccc3)C(O)C(O)C2Cc2ccccc2)c1,18.51
N#Cc1ccc(-c2ccc(-c3nc(C#N)nc4c3cnn4C3CCOCC3)cc2)cc1,14.26
N#Cc1ccc(-c2ccc(-c3nc(-c4ccc(-c5ccc(C#N)cn5)nc4)nc(-c4cnc5ccccc5c4)n3)cc2)cc1,12.03
CC(C)(C)c1ccc(-c2cc(-c3ccc(-c4nc(-c5ccc(C#N)cc5)nc(-c5cccc(C(N)=Nc6ccc(C#N)cc6)c5)n4)cc3)nc(-c3ccc(C#N)cc3)n2)cc1,34.16
N=C(N)c1ccc(SCC2CC(O)CN2)s1,36.17
Cc1cc(-c2ccc(C)c(C(=O)N3CCC4(CC3)OCc3cc(C#N)ccc34)c2)nc(C2(O)CCOCC2)n1,25.76
COc1cc(C(=O)c2ccc3c(c2)C(=O)N(c2cccc4c2cnn4-c2ccc(C)cc2)C3=O)cc(OC)c1OC,30.46
Cc1c(C#N)cccc1-c1cc(-c2ccc(C#N)cn2)cc(-c2ccc(-c3cccc(C#N)n3)cc2)n1,21.34
COc1ccc(-c2nc(-c3nnc(-c4cc(-c5ccc(C#N)cc5)c(C#N)c(-c5ccccc5)n4)c(=O)[nH]3)nc(-c3ccc(F)c4ccccc34)n2)c2ccoc12,38.05
N#Cc1ccc(-c2ccnc(-c3nc(-c4ccc(CN5CC(C(=O)O)C5)cc4)no3)n2)cc1,24.49
COc1ccc(-c2csc(N=Cc3ccc(O)c(OC)c3)n2)cc1,16.39
O=C(Nc1cccc(F)c1)c1cccc(-n2c(O)c3c(c2O)CC=CC3)c1,19.99
CC(C)(C)n1ncc2c1C(c1ccc(C#N)cc1)N(c1nc(Cl)cc(-c3ccncn3)n1)C2,31.6
Cc1ccc(-c2ccc(C(=O)Nc3ccccc3N)nc2)c(C#N)c1,25.17
N#Cc1nc(-c2ccc(Br)cc2)n(-c2ccc(Cl)cc2)c1-c1ccc(Cl)cc1,15.38
Cc1ccc(N=Cc2ccc(C=[N+]([O-])Cc3ccccc3)cc2)cc1C,25.62
O=c1c2cc(-c3ccc(-c4nn[nH]n4)cc3)ccc2nc(-c2ccncc2)n1Cc1ccccc1,26.26
N#Cc1ccc(-c2ccc(-c3nc(C(N)=O)nc(-c4ccc(C#N)cc4)n3)cc2)cc1,14.93
CC1(N)CCN(c2ccc[nH]c2=NC(=O)c2nc(-c3ccc(-c4cccc(C#N)n4)nc3)ccc2CN)CC1,21.5
N#Cc1cc(C#N)nc(-c2nc(CN)c3cc(F)ccc3n2)n1,29.94
N#Cc1cncc(-c2nc(-c3ccc(OCC(N)CO)c(F)c3)nc(-c3ccnc(C#N)n3)n2)c1,20.17
N#Cc1cc(N=c2[nH]cnc(N)c2C#N)cc(N2CCNCC2)c1,22.19
N#Cc1ccc(-c2nc(C#N)cc(-c3cccc(C#N)n3)c2F)nc1,17.97
N#Cc1ccc(-c2nc(-c3ccc(C#N)cc3)nc(-c3cc(F)cc(F)c3)n2)cc1,10.94
c1ccc(-c2cc[n+](-c3nc(-[n+]4ccc(-c5ccncc5)cc4)nc(-[n+]4c(-c5ccccc5)cc(-c5ccccc5)cc4-c4ccccc4)n3)cc2)cc1,16.09
O=C(CN1CCN(c2cccc(Cl)c2)CC1)Nc1ccc2c(c1)OC(F)(F)O2,24.91
N#Cc1ccc(-c2nc(-c3ccc(F)cc3)c(-c3ccc(O)c(N=Cc4ccc(C=NO)cc4)c3)c(-c3ccc(C#N)cc3)n2)cc1,24.23
N#Cc1ccc(-c2ccc(-c3c[nH]c(=N)c(-c4cccc(C#N)n4)n3)cc2)cc1,14.35
CNCCOc1ccc(Nc2cc(Nc3ccc4[nH]c(-c5ccc(C#N)cc5)nc4c3)ccc2[N+](=O)[O-])cc1Cl,37.28
N#Cc1ccc(-c2ccn(-c3nc(-c4ccncc4)nc(-[n+]4ccc(-c5ccncc5)cc4)n3)c2)cc1,17.82
CSc1ccc(-c2csc(Nc3ccc4c(c3)C(=O)c3ccc(N)cc3C4=O)n2)cc1,13.71
N#Cc1ccc(-c2nc(-c3cccc(C(F)F)c3)cc(-c3cccc(C#N)n3)n2)cc1,19.36
Fc1ccc(N2CCN(CCC#Cc3ccc(F)cc3F)CC2)cc1,17.53
N#Cc1ccccc1Cl,12.28
COc1ccccc1-c1cc[nH]c(=N)n1,22.45
CCOc1ccc(CCNC(=O)c2ccc(-c3ccc(C#N)cc3)cc2)cc1OCC,21.83
N#Cc1cccc(N=c2nc(-c3nc(C4CCNCC4)[nH]c3-c3ccc(Oc4ncc(N)cn4)cc3)cc[nH]2)c1,34.54
Cc1nc(-c2ccccc2)nc(-c2ccccc2)c1C(=O)NN=Cc1ccccc1,19.83
CCNC(=N)c1cc(-c2nnc(-c3ccc(C=Nc4cc(C(C)=O)cc(C(=O)OC)c4)c(C(=O)c4ccc(Cl)cc4)c3)o2)cc([N+](=O)[O-])c1,50.49
Fc1ccc(-c2ncoc2-c2ncc3cnccc3n2)cc1,28.18
Cc1c(C(=O)Nc2c(C)n(C)n(-c3ccccc3)c2=O)cnn1-c1ccccc1F,24.9
Nc1ccc2c(c1)C(=O)c1ccc(Nc3cc(Nc4ccc5[nH]c(=O)[nH]c5c4)nc(Nc4ccc5c(c4)C(=O)c4ccc(N)cc4C5=O)n3)cc1C2=O,15.1
N#Cc1ccc(-c2ccc(C=NNC(=O)Cc3cc(-c4ccc(F)cc4)no3)o2)cc1,22.17
N#Cc1ccc(-c2ccc(-c3nc(-c4cccc(C(F)(F)F)c4)c(O)n3-c3cccc(C#N)c3)cc2)cc1,18.69
CCCCCCCCCCCCCCSCCCCCCCCCCC,25.88
CN(C)C(=O)NC1CC=C(c2ccc(N=c3nc4c(-c5ccc(Cl)cc5)cccn4[nH]3)cc2)CC1,35.2
Cc1cccc(C=NNC(=O)c2cc(-c3ccncc3)nc3ccccc23)c1F,25.36
CC(N)CNc1cnc(-c2cncc(C#N)c2)nc1-c1cc(Cl)ccc1OC(F)F,29.81
Cc1ccc(Sc2nc(Cl)ccc2-c2cc(-c3ccc(C#N)cc3)[nH]c(=N)c2C#N)cc1,29.2
N#Cc1ccc(-c2ccc(-c3noc(-c4c(F)c(F)c(-c5ccccc5)c(F)c4F)n3)c(F)c2)cc1,23.85
O=C(NCc1cncs1)c1cc(=NC(=O)c2cc(-c3ccccn3)c(F)cc2F)n(-c2ccccc2)[nH]1,24.17
CNC(Cc1c2c(nc3c1c(C#N)c(O)n3-c1ccc3c(c1)CCC3)N(C)CC2)=NC#N,42.11
COc1cc2c(cc1OC)CN(c1nc(N=Cc3cccc(F)c3)nc(N3CCOCC3)n1)CC2,23.52
N#Cc1cc(-c2cc[nH]c(=Nc3cccc(C(N)=O)c3)n2)cnc1N1CCC(C#N)CC1,24.24
Cc1cc(=O)[nH]c(=NN=C2CCCCC2)[nH]1,18.6
CC=c1ccc(O)cc1=CCN(C)C1CCC(=CC#N)CN1,47.15
COc1cc2nccc(Oc3ccc4oc(-c5ccc(F)cc5)nc4c3)c2cc1OC,24.93
Cc1c(F)cccc1Nc1c(F)c(F)c(F)c(F)c1C#N,19.84
COc1ccc(C=Nc2ccc(N=Nc3ccc(N=Nc4ccc(S(N)(=O)=O)cc4)cc3)cc2)cc1OC,28.36
Cc1cc(-c2ccc(N=c3cc(C4CCCN4C(=O)OCc4ccccc4)[nH]n(C)c3=O)c(C#N)c2)ncc1F,39.28
N#Cc1ccc(-c2cccc(C(=O)N=c3nc(-c4ccc(C#N)cc4)[nH]c(-c4ccc(C#N)cc4)n3)n2)cc1,23.18
CCc1cc(-c2nc(C)no2)cc2nc(C)n(-c3ccc(CC(=O)NCc4ccc(-c5ccc(C#N)cc5)cc4)cc3)c12,43.46
N#CCCCCOc1nc(-c2ccc(C#N)cc2)nc(-c2ccc(C#N)cc2)n1,16.93
COc1ccc(-n2cccc2)nc1-c1nc(-c2ccc(-c3ccc(C#N)cc3)cc2)no1,34.99
CN1CCC(NC(=O)c2ccc3cc(N=c4nc(-c5cnc(N6CCC6)c(C#N)c5)cc[nH]4)cnc3c2)C1,29.81
CC(C#N)N(NC(=O)c1cccc(Cl)c1)C(=O)c1ccc(Cl)nc1,31.58
Cc1ccc(CCNc2cc(O)c(N=Cc3ccc(F)cc3)cc2O)cc1,16.86
CN1CCN(Cc2ccc(NC(=O)C=Cc3ccc(-c4ccnc(-c5ccc(Cl)c(Cl)c5)n4)cc3)cc2)CC1,29.47
Nc1ccc2c(c1)C(=O)c1ccc(N3CC4CCC(C3)N4)cc1C2=O,25.4
CCc1ccnc(-c2cc(C=Cc3nc4cc(OC)ccc4[nH]3)nc3c(F)c(-c4ccccc4)ccc23)c1,42.9
Nc1cc2c(ccc(=O)n2-c2ccc(F)c(CO)c2)cc1N1CCC(N)C1,30.77
CSc1nn2cc(-c3ccc4c(c3)c(Cc3cccc(C(=O)O)n3)cn4C)nc2s1,34.01
N#Cc1ccc(-c2nc(C=Cc3ccc(-c4ccnc(=N)nc4)cc3)nc(C=Cc3ccccn3)n2)cc1,21.09
CC(=NN=C(N)N)c1ccc(C(=NS(=O)(=O)c2ccc3ccccc3c2)Nc2ccc(-[n+]3ccc(-c4ccccc4Cl)s3)cc2)cc1,46.2
N#Cc1cc(S(=O)(=O)N=c2ccc(F)c[nH]2)ccc1Oc1ccc(-n2cccn2)cc1,23.37
N#Cc1cccc(S(=O)(=O)N2CCCCC2C(=O)OCCc2cc(C#N)cc3ccccc23)c1,32.67
CC(=O)Nc1cc(C#N)cc(-c2cnc(-c3cccc(C#N)n3)nc2)c1,23.5
Cc1ccc(-n2[nH]c(C(=O)NCc3ccccn3)cc2=NC(=O)c2cc(C#N)ccc2Cl)cc1,24.45
N#Cc1ccc(-c2cc(-c3ccc4c(c3)nc(-c3ccc(C#N)cc3)n4C3CCCC3)nc(-c3ccncc3)n2)cc1,22.93
CCOC(=O)c1cc(N=Nc2ccc(N)c3cc(S(=O)(=O)NCCO)ccc23)c(N)c2ccccc12,35.83
N#Cc1ccc(-c2ccc(-c3nc(-c4ccc(-c5ccc(C#N)cn5)nc4)nc(-c4ccc5nccnc5c4)n3)cn2)nc1,17.32
N#Cc1cccc(Nc2ccc3c(c2)C(=O)c2cc(N)ccc2C3=O)n1,11.11
COc1cccc(C=c2nc3n(CCCC(C)C4CCCCC4)c2=CC3)c1,43.12
N#Cc1ccc(C=Cc2ncc(-c3nc(-c4c5ccccc5c(C#N)c5ccccc45)nc(-c4c5ccccc5c(C#N)c5ccccc45)n3)c3ccccc23)cc1,16.19
Cc1cc(-c2c[nH]c(=N)c(C#N)c2)nc(C#N)n1,15.18
N#Cc1ccc(-c2ccc(CN(Cc3cccc(OCC(=O)O)c3)c3ccnc(C#N)n3)cc2)cc1,24.45
Nc1ccc(C(=O)Nc2ccc3c(c2)C(=O)c2ccc(N)cc2C3=O)cc1,15.32
C=CCc1cc(C=CC(=O)Nc2ccc(OCCN3CCCC3)cc2)cc(Oc2ccc(C(=O)c3ccc(C(C)C)cc3)cc2)c1,37.94
C(=Nc1nc(-c2ccccc2)cs1)c1cccnc1,13.25
ON=C(O)c1ccoc1,17.92
Cc1cc2[nH]c(-c3ccc(-n4c(-c5ccccc5)n[n+](C)c4-c4nc5ccccc5s4)cc3)nc2cc1C#N,29.86
Cc1cc(C#N)cc2[nH]c(C(=O)N3CCC(N(C)c4cc(-c5ccncn5)ccn4)CC3)cc12,42.11
N#Cc1ccc(-c2[nH]c3cc(C#N)ccc3c2CCNS(=O)(=O)CCc2ccccn2)cc1,35.88
Nc1ccc2c(c1)C(=O)c1ccc(Nc3nc(Nc4ccc5c(c4)OCCO5)nc(Nc4ccc5c(c4)C(=O)c4ccc(N)cc4C5=O)n3)cc1C2=O,17.65
CCCCCCn1ccnc1C=CC(=O)C=CC=Cc1nc2cc(C(F)(F)F)ccc2nc1C,28.22
N#CC(C#N)=NN(C=O)Cc1ccc(F)cc1,23.05
Fc1ccc(-c2noc(CN3CCN(c4ncnc(F)c4F)CC3)n2)cc1F,18.95
Cc1cc(C)[nH]c(=NC2=NCN(Cc3ccco3)CN2)n1,16.48
Cc1cc(F)ccc1-n1ncc2c(N3CCN(C(=O)CN4CCN(c5ccc(F)cc5)CC4)CC3)ncnc21,31.68
O=CCCc1ccc(C=C2C=Nc3cc(O)ccc32)cc1O,32.36
C#CCn1nc(-c2ccc(F)cc2)nc1-c1cccc(C#N)n1,27.75
CC(=O)NC(C)c1ccc(OC2CCN(c3nc(Oc4cccnc4)nc(F)c3F)C2)cc1,17.28
Cn1nc(C#N)nc1-c1cnc(-c2ccc(C#N)cc2)c(C#N)c1,12.14
CCOc1cc2[nH]c(Cl)nc(=Nc3cccc(Cl)c3)c2cc1OCC,22.0
N#Cc1ccc(-c2ccc(-c3nc(-c4nc(N=CN5CCN(C=O)CC5)c5ccccc5n4)ccc3-c3ccccc3)cc2)cc1,28.9
CC1(C)CCC(C)(C)c2cc(C#N)c(N)cc21,21.64
N#Cc1ccc(-c2cc[n+](-c3nc(-[n+]4ccc(-c5ccncc5)cc4)nc(-[n+]4ccc(-c5ccncc5)cc4)n3)cc2)cc1,10.04
CCOC(=O)c1cc(C(=O)c2cc(F)cc(C#N)c2)cn1C,23.98
N#Cc1ccc(-c2ccc(-c3nnn(Cc4ccc(-c5cccc(F)n5)cc4)n3)cc2)cc1,18.13
O=C(NN=Cc1ccccc1)Nc1ccccc1,16.79
Cc1nc(=NN=C2CCCc3cc(C#N)ccc32)nc(C(F)(F)F)[nH]1,30.73
Fc1c(F)c(F)c(C=Nc2cccc(C(F)(F)F)c2)c(F)c1F,20.76
COc1ccc(O)c(C=Nc2cc(O)c(N)cc2O)c1,12.36
N#Cc1ccc(-c2ccc(CN3C(=O)C(=O)c4cccc(C=CC(=O)NS(=O)(=O)c5ccc(F)c(F)c5)c43)cn2)nc1,25.82
Cc1nn(-c2nc(-c3cccc4ccccc34)cc(C(F)(F)F)n2)c(C(C)C)c1C(=O)O,26.52
Cc1nc(CNC(=O)c2cnn(-c3cncc(-c4ccc(C#N)cc4)n3)c2)cs1,25.69
O=C(Nc1ccc(OCCN2CCOCC2)cc1)c1cc2ccccc2c(-c2ccc(-c3ncccn3)c(F)c2)n1,30.15
c1ccc(-[n+]2ccc(-c3ccncc3)cc2)cc1,12.79
CCOC(=O)c1[nH]c2c(OC)cccc2c1-c1nccc(-c2ccnc3[nH]c(Cl)cc23)n1,25.72
N#Cc1ccc(-c2cc(Cn3cnc4ccccc43)nc(-c3ccc(F)cc3)n2)cc1,20.67
CC(=O)c1ccc(-c2nc(-c3ccc(-c4nccc(N=c5cc(C6CC6)[nH][nH]5)n4)cc3)cc(-c3ccc(-c4nc(Cl)nc(Cl)n4)cc3)n2)cc1,31.98
N#Cc1ccc(-n2nc(C(=O)N3CCOCC3)c3c2-c2ccccc2SC3)cc1,17.16
N#Cc1cncc(-c2nc(-c3ccc(-c4cccc(-c5nc(Cl)nc(F)c5F)c4)cc3)nc(-c3cccc(C#N)n3)n2)c1,29.97
N=C(N)c1cccc(-c2nc(-c3ccc(C=Nc4cc(O)c(N)cc4O)cc3)nc(-c3ccc(C=Nc4cc(O)c(N)cc4O)cc3)n2)c1,11.35
N#Cc1ccc(-c2ccc(-c3nc(-c4ccc(C#N)cc4)nc(-c4cccc(-c5nc(-c6ccc(-c7ccc(C#N)cc7)cc6)nc(-c6ccc(-c7ccc(C#N)cc7)cc6)n5)c4)n3)cc2)cc1,12.55
N#Cc1ccc(C(=O)Nc2ccc3c(c2)C(=O)c2ccc(NC(=O)c4cccc(NC(=O)c5cccc(F)c5)c4)cc2C3=O)cc1,30.54
O=C(Cc1ccc([N+](=O)[O-])cc1)Nc1ccc2c(c1)OCCO2,20.85
CN1CCN(C(=O)Cc2ccc(-c3ccccc3-c3nc(-c4ccc(C#N)cc4)nc(-c4ccc(C#N)cc4)n3)cc2)CC1,24.27
CN(C)CC(C)(C)CNC(=O)c1ccc(C#N)nc1C(=O)N1CCc2ccccc2C1,34.13
N#Cc1cccc(NC(=O)c2ccc(-c3cc(-c4cccc(C#N)n4)nc(-c4cccnc4)n3)cc2)c1,18.25
N=c1c(-c2ccc(Cl)cc2)c[nH]n1-c1ccc(C(=O)NCc2ccccc2)cc1,27.34
N#Cc1cncc(-c2nc(-c3cccc(C#N)n3)nc(N3CCOCC3)n2)c1,13.24
CN(C)c1nc(N=CN2CCN(C=O)CC2)nc(N=CN2CCN(c3cc4c(cc3F)c(=O)c(C(=O)O)cn4C3CC3)CC2)n1,21.06
O=C(Nc1ccc(F)cc1)N1N=C(c2ccc(-c3ccco3)cc2)CC1c1ccc(O)cc1,25.53
CC(=O)N1N=C(c2ccc(C)cc2)OC1c1ccc(C)cc1,19.62
Cc1cc2oc(-c3cccc(Cl)c3)nc2cc1Cl,25.69
O=C(Cc1c(O)n(-c2cccc(Cl)c2)c(=O)n1Cc1ccccc1)Nc1ccc(Cl)cc1,27.01
N#CNC(=NCc1ccccc1)c1c(O)oc(COC(=O)CCl)c1O,28.41
N#CC1=CC(=O)N(C=Nc2nc(N=CN3CCN(C=O)CC3)nc(N=CN3CCN(C=O)CC3)n2)CC1,22.0
COc1ccccc1C=Nc1nc(-c2ccccc2)cs1,15.88
N#Cc1ccc(N=Cc2nc(Cl)c(C#N)nc2Cl)cn1,22.91
O=c1c2c(ccc3ccccc32)ncn1Cc1ccc(-c2ccccc2)cc1,24.48
O=C1NN(C=Nc2ccc(Cl)cc2)Nc2ccccc21,23.99
N#Cc1ccn(Cc2c(F)c(F)c(C#N)c(F)c2F)n1,16.28
CN1CCN(Cc2ccc(-c3nc(=N)cc(-c4ccc(-c5cccnc5)cc4)[nH]3)cc2)CC1,26.64
CCn1c(=O)n(CC)c2c(F)c(N3CCN(C(=O)CCNCCN=c4cc[nH]c5cc(Cl)ccc45)CC3)c(F)cc21,33.6
N#Cc1ccc(-c2ccc(C(=O)Nc3ccc4c(c3)C(=O)c3ccc(N)cc3C4=O)c(=O)o2)cc1,18.16
CC(=O)c1cccc(-c2cnc3cc(-c4ccc(C#N)cc4)cc(OC(F)F)c3n2)c1,29.95
Cc1ccnc2c(NC(=O)OC(C)C)ncc(-c3cc(-c4ccc(C#N)cc4)cc(-c4cnc(-c5ccccc5)nc4)n3)c12,42.15
Cc1cnc(Cn2cnc3nc(-c4ccc(S(C)(=O)=O)cc4)c(-c4ccc(F)cc4)nc32)nc1C,36.09
N#Cc1ccc(-c2nc(-c3cccc(C=CC(O)=NO)c3)nc(-c3csc(C#N)c3)n2)cc1,25.54
c1ccc(-c2nc(-[n+]3ccc(-c4ccncc4)cc3)nc(-[n+]3cccnc3)n2)cc1,12.37
Cc1nc(C=C2N=C(c3ccco3)C(C#N)C(C(C#N)C#N)=N2)cc(-c2nc(Cl)nc(Cl)n2)n1,38.22
COc1cc(-c2nc(-c3ccc(-c4ccc(C#N)cc4)cc3)n(Cc3ccc(Cl)cc3)n2)ccc1-n1cnc(C)c1,16.79
C=c1[nH]n(-c2ccc(C)c(C)c2)c(=O)c1=Cc1cccc(O)c1,22.24
CC(=O)NCC1CN(c2cc(F)c(-n3ccc4cc(-c5ccc(C#N)c(F)c5)ccc4c3=O)c(F)c2)C(=O)O1,26.79
N#Cc1ccc(-c2ccc(-c3nc(-c4ccc(-c5ccc(C#N)cn5)nc4)nc(-c4ccc(NCC5CC5)c(C#N)c4)n3)cc2)cc1,17.36
COc1cc(-c2cccc(C#N)c2)ccc1Cc1cnc2c(-c3ccc(F)cc3)cc(C(=O)Nc3ccccc3)c(C)n12,39.81
N#Cc1ccc2c(c1)N(C(=O)CCn1c(=O)ccc3cc(F)ccc31)CC2CCl,33.9
N#Cc1ccc(Cn2c(Cl)nc(-c3ccc(F)cc3)nc2=NCc2ccc(-c3ccc(C#N)cc3)cc2)cc1,24.69
N#Cc1nn(-c2ccc(Cl)cc2)nc1C#N,16.62
CC(C)=CCCC(C)=CCOc1ccc(C(=O)C=Cc2ccc(C=Cc3nc(C(C)C)cs3)cc2)c2c1CCCC2(C)C,35.7
O=CC(Cc1ccccc1)NC(=O)C(Cc1c[nH]c2ccccc12)NC(=O)OCc1ccccc1,25.75
C#CCn1c(C(F)(F)F)nc2c1-c1nn(CC=C)c(=O)cc1CC2,29.14
C=CCN=c1[nH]c(Cc2nnc(-n3cccc3)n2N=Cc2ccc(OC)cc2F)cs1,36.32
N#Cc1ccc(-c2ccc(-c3nc(C#N)[nH]c(=NCC(F)(F)F)n3)cc2)cc1,19.63
CCCCCCCCCCOc1ccc(C(=O)Nc2ccc(-c3nnc4ccccc4n3)cc2)cc1,29.72
CC(C)(O)C1CCN(C(=O)C=Cc2cn(-c3ccc(F)cc3)nc2-c2ccc(C#N)cc2)CC1,21.78
CC=CC(=O)Nc1cccc2c(-c3nc(-c4c[nH]c5ncccc45)nc(-c4c5ccccc5c(C#N)c5ccccc45)n3)c3ccc(NC(C)=O)cc3c(O)c12,38.61
N#Cc1c(F)c(F)c(C[S+]([O-])c2nc3ccccc3n2Cc2ccc(F)cc2)c(F)c1F,25.68
N#Cc1ccc(C#CC#Cc2cnc(C=O)n2Cc2ccc(-c3ccc(C(F)(F)F)cc3)cc2)cc1,21.83
Cc1ccc(C#Cc2cccc(C#Cc3cc(F)cc(C#N)c3)n2)cc1,22.12
CN1CCN(c2ccc(C=Cc3nc(-c4ccc(C5=NCCN5)cc4)nc4cc(Nc5ccc(C(=O)c6ccc(C7=NCCN7)cc6)nc5)ccc34)cc2)CC1,38.11
N#Cc1ccc(-c2ccc(-c3nc(-c4ccc(-c5ccc(C#N)cn5)cc4)nc(-c4ccc(-c5cccnn5)cc4)n3)cc2)cc1,16.81
Clc1ccc(N=C(Nc2ccccc2)C(Cl)Cl)cc1Cl,28.29
N#Cc1cccc(-c2nc(-c3cc4cccc(C=CC(=O)N5CCCCC5)c4o3)c3nc(F)ccc3n2)n1,35.6
Cc1cc(=Nc2nc(=Nc3ccc(C4CC4)nc3-n3ccc(C4CC4)n3)[nH]cc2C#N)[nH][nH]1,39.23
O=C(NC1CCCCC1)C1CCN(Cc2cc(=Nc3ccccn3)[nH]c(-c3ccccc3)n2)CC1,28.35
Nc1ccccc1N=Cc1ccc(-c2ccc(-c3nccc(-[n+]4ccc(-c5ccncc5)cc4)n3)cc2)cc1,20.94
N#Cc1cccnc1C(F)(F)F,14.24
COc1cc(C#N)cc(-c2ccc(-c3cncc(C#N)c3)nc2C#N)c1,20.77
FC(F)(F)c1ccc2[nH]c(-c3ccc(-c4nc(-c5ccc(-c6cnccn6)cc5)c5ccccc5n4)cc3)nc2c1,18.12
O=C(O)C(Cc1nc(CCc2ccccc2)nc(-c2ccc(-c3ccc(F)cn3)cc2)n1)c1ccc(-c2ccccc2)cc1,32.44
N#Cc1ccc(-c2nc(-c3ccc(C#N)c(F)c3)nc(-c3cc(-n4c(O)c5ccccc5c4O)ccc3-c3ccsc3)n2)cc1,26.22
Cc1cc(N=Cc2cnn(-c3nnc(-c4ccc(Br)cc4)c(-c4ccc(C#N)cc4)n3)n2)n(-c2ccccc2)n1,30.27
N#Cc1cncc(-c2nc(OCc3ccc(F)cc3)nc(-c3cc(Cl)nc(C#N)n3)n2)c1,28.09
Cc1ccc(N2CCN(C(=O)c3cnn(-c4ccc(C#N)cc4)c3C3CCN(C(=O)OC(C)(C)C)CC3)CC2)cc1,25.63
O=C(c1ccccc1-c1ccccc1)N1C2CCC1C(COc1cnccn1)C2,24.89
CN1CCC2=CC(c3ccnc(C#N)c3)=CC=C1C2C1=NCc2ccc(-n3cnc(C=CC#N)c3)cc21,40.9
CN(C)C(=O)c1cccc(-c2ccc3[nH]cnc(=Nc4ccc(OCc5cccc(F)c5)c(Cl)c4)c3c2)c1,24.88
COc1ccc(C)cc1S(=O)(=O)c1ccc(C=Cc2cccc(C)c2)nc1,33.06
COc1ccc(-c2cc(-c3ccc(Cl)cc3)cc(-c3ccc(C)cc3)n2)c(O)c1,21.24
N=C(N)c1ccc(-c2ccc(-c3ccc(-c4ccc(C=Cn5c[n+](-c6cc(-c7ccccc7)nc(-c7ccc(C=Nc8cccc(C(=N)N)c8)cc7)n6)cn5)cc4C(N)=O)cc3)cn2)cc1,33.19
c1ccc(-c2cc[n+](-c3noc(-[n+]4ccc(-c5ccncc5)cc4)n3)cn2)nc1,19.66
N#Cc1cccc(-c2ccc(-c3nc(C#N)nc(-c4ccc(Cl)cc4Cl)n3)cc2)c1,13.75
Oc1cc(N=Cc2ccc3c(c2)OCO3)cc(O)c1NCCc1ccccc1,18.05
COCCN1CC(C)(C)Oc2nc(N3CC4CCC(C3)O4)nc(-c3ccc(NC(=O)Nc4cc(C#N)n[nH]4)c(F)c3)c2C1=O,26.88
N#CCc1cccc(-c2ccc(-n3nc(C(F)(F)F)nc3-c3ccc(Cl)cc3)cc2)n1,22.38
Nc1ccc(N=Cc2ccc(-c3nc(-c4ccc(C=Nc5cc(O)c(N)cc5O)cc4)nc(-c4ccc(C=Nc5cc(O)c(N)cc5O)cc4)n3)cc2)c(N)c1,13.15
N#Cc1ccc(-c2ccc(-c3ccc(-c4nc5ccccc5c(=O)n4NC(=O)c4ccncc4)cc3)cc2)cc1,26.07
ON=C(O)C=Cc1ccc(C=CCl)cc1,20.84
Cc1cccc(-c2nc(-n3nc(C)cc3C)[nH]c(=Nc3ccccc3)n2)n1,21.24
Cc1nnc2c(CN(C=Cc3ccc(-c4ccc(C#N)cc4)cc3)Cc3cncn3Cc3ccc(C#N)cc3)cccn12,32.68
C=CC[n+]1ccc(C#Cc2c3ccccc3c(-c3nc(-c4c5ccccc5c(C#N)c5ccccc45)nc(-c4c5ccccc5c(C#N)c5ccccc45)n3)c3ccccc23)cc1,21.62
N#Cc1ccc(-c2ccc(-c3nnc(-c4ccc(-c5ccc(C#N)cc5)cc4)n3N)cc2)cc1,14.66
CCOC(=O)N1CCN(Cc2nc3c(c(=O)n(C)c(=O)n3C)n2Cc2c(F)cccc2Cl)CC1,23.15
Oc1ccc(C2CC(c3ccc(O)cc3)c3cc(O)c(O)cc3O2)cc1,22.26
O=C1CCc2cc(N=Cc3c(=O)n(-c4nccs4)c(O)c4ccccc34)ccc21,24.62
N#Cc1cc(F)c(CSc2ncnc3c2ncn3C2OC(CO)C(O)C2O)c(Cl)c1,30.85
COCc1cc(C)nc(OCC(=O)NN=Cc2ccccc2)c1C#N,20.76
COc1ccc2c(c1)C(=Nc1nccc(-c3ccc(Br)cc3)n1)C(=O)N2,28.49
N#Cc1ccc(-c2ccc(-c3nc(-c4ccc(OCCN5CCCC5)cc4)nc(-c4ccc(-c5ccc(C#N)cn5)nc4)n3)cc2)cc1,17.16
COCCCn1c(=S)[nH]c2cc(C(=O)NC3CC3)ccc2c1=O,24.41
N#Cc1ccc(-c2ccc(-c3ccc(-c4ccc(-c5nc(SCc6ccc7ccccc7n6)nc(-c6ccc(-c7ccc(C#N)cn7)cc6)n5)cc4)cc3)cc2)cc1,26.61
COc1cc(-c2cn(-c3nc(N4CCOCC4)nc(N4CCC(CO)CC4)n3)cn2)ccc1-n1cnc(C)c1,29.02
COc1cc(F)ccc1C1CC(=O)Nc2nc3ccccc3n21,29.88
Cc1nc(Cl)c(-c2c(F)c(F)c(C#N)c(F)c2F)n1C=CC(O)CC(O)CC(=O)O,28.04
N#Cc1ccc(-c2nc(-c3ccc(C#N)cc3)nc(-c3ccc(C#N)cc3Cl)n2)cc1,14.61
N#Cc1cn(-c2cc(C(=O)O)c3ccccc3c2)nc1-c1ccccn1,18.88
CCCCCC=CCC=CC=CCC#CCCCC(=O)O,23.39
CN(C)c1nccc(-c2nc(-n3cccn3)cc(=NC(=O)N=c3ccc(C#N)c[nH]3)s2)n1,32.67
N#Cc1ccc(-c2ccc(C#Cc3ccc(-c4cccc(C#N)n4)cc3)cn2)cc1,21.32
N#CC=Cc1ccc(-c2nc(-c3ccc(C#N)cc3)nc(-c3ccc(-c4cc(C(=O)NCc5cncc(F)c5)ccn4)cc3)n2)cn1,32.26
COc1ccc(CNCCc2ccc(S(N)(=O)=O)cc2)c(C)c1,27.44
COc1ccc2c(-c3nc(-c4c5ccccc5c(C#N)c5ccccc45)nc(-c4c5ccccc5c(C#N)c5ccccc45)n3)nc(-c3ccc(C#N)cc3)nc2c1,17.0
CNCCN=c1nc(-c2cccc(C#N)c2)[nH]c2ccccc12,24.24
N#Cc1c[nH]c(-c2ncco2)n1,17.15
CCCNC(=O)c1c(-c2ccc(-c3ccc(C#N)cc3)cc2)cc(-c2ccc(-c3ccc(C#N)cc3)cc2)oc1=O,23.59
Cc1[nH]oc(=NS(=O)(=O)c2ccc(C=Cc3cnc(-c4ccccc4)c(-c4ccccc4)n3)cc2)c1Br,29.45
N#Cc1cccc(-c2ccc(-c3ccc(-c4nc(Cl)nc(Cl)n4)cc3)cc2)c1,10.99
N#Cc1ccc(-c2nc(-c3ccc(-c4ccc(C#N)cn4)nc3)nc(-c3cc(F)c4c(c3)OCO4)n2)cc1,16.36
Cc1cncc(C(c2ccc(C#N)c(C#N)c2)c2cc(C)c(C#N)c3ccc(C#N)nc23)c1,39.61
CCN(C=Nc1oc(-c2ccc(OC)cc2F)nc1C#N)CC,25.51
CCc1nn(-c2ccc(OC)cc2)c(=O)n1Cc1ccc(F)cc1,15.78
CN(C)c1nc(N2CCOCC2)[nH]c(=NN=Cc2ccccc2)n1,16.46
N#CC=Cc1cc(-c2ccc(C#N)cc2)ncn1,13.27
N#Cc1ccc(NC(=O)c2cc(-c3ccccc3)nc3ccccc23)cc1,17.8
Cc1ccc2[nH]c(=O)c(C(=O)O)nc2c1,22.31
Cc1ccc(-c2cc(-c3ccc(C)cc3)c(C#N)c(N=Cc3ccccc3O)n2)cc1,18.18
N#Cc1ccc(-c2ccc3c(c2)C(O)(C(F)(F)F)c2cc(C#N)ccc2-3)cc1,20.39
Cc1nc2ccccc2n1CC#Cc1ccc(-c2nc(-c3ccc(C#N)cc3)nc(-c3ccc(C#N)cc3)n2)cc1,29.76
CN1CCc2c(sc(N=Cc3ccc(Cl)cc3)c2C#N)C1,12.72
CCC(C)N(c1ccc(C#N)cc1)S(=O)(=O)c1ccc(C#N)cc1,20.89
O=C(OCc1ccccc1)c1ccc(-c2ccc3ccccc3c2O)cc1,28.16
N#Cc1ccc(-n2cc(C(=NO)N3CCOCC3)cn2)c(C#N)c1,30.68
N#Cc1ccc(N=c2[nH]c(=Nc3cccc(Cl)c3)[nH]c(=NC3CCCCC3)[nH]2)cc1,21.25
CCc1nc(-c2ccc(C#N)cc2)no1,18.25
CN1C(=O)CC(C)(c2nc(-c3ccc(F)c(C#N)c3)no2)C1C(N)=O,36.52
O=C(Cn1ncc(N2CCNCC2)cc1=O)Nc1cc(-c2ccc(Br)cc2)nnc1Cl,45.69
CC=CCc1c(C(C)=O)c(C)c(C(C)C)c(CCO)c1-c1ccc(F)cc1,36.61
N#Cc1c(F)c(F)c(F)c(Nc2ccc(N)c(Nc3c(C(N)=O)sc4ccccc34)c2)c1F,32.67
COc1ccc(-c2ccc(-c3ccc(C#N)cc3)s2)c(OC)c1OC,26.7
O=c1c(C=Nc2nc3ccccc3s2)c(O)c(O)nn1-c1ccccc1,25.1
N#Cc1ccc(-c2ccc(-c3nc(-c4ccc(-c5ccc(C#N)cn5)nc4)nc(-c4ccc(-c5ccc(C#N)cn5)nc4)n3)cc2)nc1,9.1
N#Cc1cccc(-c2c(C#Cc3nc(F)cc(F)c3F)nc[nH]c2=N)c1,21.43
CN(C)Cc1cc(-c2ccc(C#N)cc2)nc(-c2cncc(C#N)c2)n1,20.23
N#Cc1ccc(-c2nc(C=NNC(=S)Nc3ccccc3)nc(Cc3c(Cl)cccc3Cl)n2)cc1,21.9
N#Cc1ccc(-c2nc(-c3ccc(-c4ccc(C#N)cn4)nc3)nc(-c3ccc(C#N)c(-c4ccc5c(c4)OCO5)n3)n2)cc1,24.86
N#CC1CN(C(=O)OC2COC2)CCC1n1cc(C(N)=O)c(=Nc2ccnc(F)c2)[nH]1,23.0
OCC1OC(c2ccc(F)c(Cc3ccc4c(c3)OCO4)c2)C(O)C(O)C1O,24.86
CS(=O)(=O)c1ccc(Oc2nc(-c3cccc(C#N)n3)nc(-c3ccc(-c4ccc(C#N)cc4)cc3)c2C#N)cc1F,30.74
N#Cc1ccc(C=CC(=O)c2cccc(-c3cnc(-c4ccc(C#N)cc4)c(C=Cc4ccc(-c5cccc(C#N)c5)nc4)c3)c2)cc1,31.73
Clc1nccc(-c2ccc(-c3ccnc4c(N5CCOCC5)nc(-c5ccncc5)nc34)cc2)n1,24.46
N#Cc1ccc(-n2c(CN)cc3c(-c4cncc(C#N)c4)nc(C#N)nc32)cc1,23.55
CC(C)CNS(=O)(=O)c1ccc2c(=O)n(C)c(=O)n(C)c2c1,25.48
c1cncc(-c2cc[nH]c(=Nc3ccnc(N4CCOCC4)c3)n2)c1,22.17
N#Cc1ccc(-c2ccc(-c3nc(-c4ccc(-c5ccc(C#N)cn5)nc4)nc(-c4ccc(-n5cc(C#N)cn5)nc4)n3)cc2)cc1,13.81
CC#CC1(C)CN(c2ccc(C#N)cc2)c2nc(C=Cc3nc(-c4ccc(C(C)(C)C#N)nc4)nc(C(C)(C)C)n3)ccc21,43.39
N#Cc1cc2ccccc2nc1C=Nc1ccc2c(c1)C(=O)c1ccc(N)cc1C2=O,21.85
CN(C)c1cc(-c2nnc(-c3ccc(N=C(N)N)cc3)o2)cc(C(C)(C)C)c1,26.83
CC(C)n1c(-c2cc[nH]c(=Nc3ccc4cnc(C(=O)N5CCN(C)CC5)cc4c3)n2)cnc1C#N,26.35
N#Cc1c(NC(=O)CS(=O)(=O)c2ccc(F)cc2)sc2c1CCC2,22.62
N#Cc1ccc(-c2ccc(-c3nccc(-c4ccc(F)cc4)n3)cc2)cc1,18.61
N#Cc1ccc(-c2ncc(-c3cncc(-c4cnc(-c5ccccc5)nc4)n3)cn2)cc1,26.72
O=C(NN=Cc1nc(-c2ccc(F)cc2)no1)c1ccncc1,15.12
CCCCCCCCC#CC=COCC(O)CO,26.38
N#Cc1c[nH]c(=NC(=O)c2ccc(-c3nc(C4CCOCC4)nc(N4CCOCC4)n3)cc2Cl)cc1C#N,34.22
CC(=O)N1CCCC1c1nccc(-c2cc3nc(-c4ccccc4C#N)[nH]c3c(N3CC4CCC(C3)O4)n2)n1,32.38
CC(C)(C)C#Cc1ccccc1Oc1cccc(C#N)n1,25.75
N#Cc1ccc(Nc2ncc(C#N)cc2NC(=O)Nc2ccc(Cl)c(C(F)(F)F)c2)cc1,25.66
CC(C)(C)OC(=O)N(c1cc(F)c(C#N)c(C(F)(F)F)c1)c1nc(Cl)nc2[nH]c(=NCC3CCCN3C(=O)OC(C)(C)C)c(C#N)cc12,42.1
O=C(Nc1ccc(F)cc1)c1cc2c(CO)cc(-c3ccc4c(c3)OCO4)nc2s1,28.98
N#CC(=Cc1cccc(C=NN=C(N)N)n1)c1ccc(C#N)cc1,20.06
COc1cc(C(=O)NCC#Cc2cc3c(cc2F)N(C)C(=O)CNC3(C)C)nc(-c2ccncc2)n1,28.59
N#Cc1ncc(-c2ccc(NC(=O)Nc3c(F)cccc3F)cc2)cn1,19.45
Cc1cc(C)n(N=Cc2c[nH]nc2-c2ccc(Cl)cc2)c(=O)c1C#N,19.95
N#Cc1ccc(-c2ccc(-c3nc(-c4ccc(-c5ccc(C#N)cc5)cc4)nc(-c4ccc(-c5cccc(-c6ccc(C#N)cc6)n5)cc4)n3)cc2)cc1,15.74
Cc1cc(C#N)cnc1-c1ccc(-c2nc(-c3ccc(-c4ccc(C#N)cn4)nc3)nc(-c3ccc(-c4ccc(C#N)cn4)nc3)n2)cn1,12.02
CC(=NN=c1[nH]c(-c2ccc(C#N)cc2)cs1)c1ncc(F)cn1,20.78
N#Cc1c(F)c(F)c(-c2nc(-c3cccc(C=CC(=O)O)c3)nc(-c3c(F)c(F)c(C#N)c(F)c3F)n2)c(F)c1F,19.41
Nc1ccc2c(c1)C(=O)c1ccc(Nc3nc(Nc4ccc5c(c4)C(=O)c4ccc(N)cc4C5=O)nc(Nc4ccc5c(c4)-c4ccccc4C5=O)n3)cc1C2=O,10.66
Cc1c(C(=O)Nc2c(F)cccc2F)oc2[nH]c(C=Cc3ccccc3)nc(=O)c12,31.43
N#Cc1c(Cl)nc(SCc2ccc(-c3ccccc3-c3nn[nH]n3)cc2)nc1-c1ccc(Cl)cc1,16.58
CCOCCn1c(CN2CC(C(=O)O)C2)cc2c(-c3ccc(Cl)c(C#Cc4cncc(C(F)(F)F)n4)c3)nc(C#N)nc21,39.74
N#Cc1ccc(Oc2ccc(C#N)cc2)cc1,12.65
Cc1cccnc1-n1cc(C(=O)c2ccccc2)cc(C#N)c1=O,22.27
CC(=O)NC(C)Cc1ccc(C#Cc2cccc(C(=O)NCc3ccnnc3)n2)cc1,24.94
O=C(C=Cc1ccc(C=CC(O)=NO)nc1)Nc1ccccc1,19.98
COc1c(-c2cc(F)cc(F)c2)ccc(-c2cccnn2)c1F,22.93
N=C(N)c1ccc(Oc2ccc(C3CC(=NN=C(N)N)c4cc(N=c5cc[nH]cc5)ccc43)cc2)cc1,33.51
N#Cc1ccc(-c2nc(-c3cncc(C#N)c3)nc(N3CCN4CCCC4C3)n2)cc1,18.48
N#Cc1ccc(-c2cccc(C3c4ccc(N)cc4OC(=N)C3C#N)c2)cc1,20.57
N#CC(=Cc1ccc(-c2cccc(C(=O)O)c2)o1)c1cnc(-c2ccc(-c3nnc(-c4ccc(C#N)cc4)o3)cc2)c(-c2ccc(C#N)cc2)n1,29.25
O=[N+]([O-])c1ccc(C=CC=Nc2cccc3ccccc23)o1,22.25
Nc1cc(O)c(N=Cc2ccc3c(c2)OCO3)cc1O,10.7
N#Cc1ccc(C2N(c3ccc(-c4cccc(C#N)c4)cc3)C(c3ccc(Cl)cc3)Cc3nc4ccccc4n32)cc1,32.71
COCn1ncnc1-c1ccc(-c2ccc(C#N)cc2)cc1,21.01
Brc1ccc(-n2ncc3c(N4CCN(c5ccccc5)CC4)ncnc32)cc1,24.08
Cc1nc(-c2ccc(-c3nnc(-c4ccc(NC(=S)Nc5cccc6cccnc56)cc4Cl)o3)cc2)no1,38.22
N#CC(C=Nc1cccc(C(=O)O)c1)NC(=O)OCc1ccccc1,23.8
N#Cc1ccc(-c2c(C#N)cc(C(=O)Nc3ccc(Cl)cc3)c3c2c(C#N)c(-c2ccc(C#N)cc2)n3-c2ccccc2)cc1,40.39
N#Cc1ccc(-c2ccc(-c3nc(-c4ccccn4)nn3-c3ccc(-c4nnc(-c5ccc(C#N)cc5)o4)cc3)cc2)cc1,22.92
O=C1CC2(CCCC2)CC(=O)N1CCCCN1CCN(c2ccc3ccccc3n2)CC1,22.02
N#CC=Cc1cccc(-c2ccc(-c3nc[nH]c(=Nc4ccc(Cl)c(Cl)c4)n3)cc2)c1,30.84
CNCCN(C)c1nc2ccc(-c3ccc(F)nc3)nc2c2ccc(-c3ccc(N(C)C)cc3)nc12,47.64
Oc1ccc(Br)cc1C=Nc1ccc(Cl)cc1,15.49
COc1cccc(-n2ncc3c(=NN=Cc4ccc(C(C)=O)cc4)[nH]cnc32)c1,25.48
N#Cc1ccc(-c2nnc(Cl)c(=Nc3cccc(Cl)c3Cl)[nH]2)cn1,24.38
O=C(C=Cc1ccc(Cl)cc1)NC1CCC(CN2CCC(c3c[nH]c4ccccc34)CC2)CC1,17.7
Cc1c(-c2ncc(Cc3ccc(F)cc3)nn2)nc(-c2ccc(-c3cccc(C#N)n3)cc2F)n1-c1ccc(F)c(F)c1,37.95
C=CCON=C(c1nc(CC)cs1)c1cnc(-c2ccc(C#N)cc2)nc1C,26.36
N#Cc1nnc2cc(-c3cccc(F)c3Cl)cc(-c3ccc(C(=O)N=c4cc(C(F)(F)F)cc[nH]4)cc3)c2n1,25.7
N=C(N)NCc1cc(-c2cnco2)ccc1-c1cc(-c2ccc(C(=N)N)cc2)no1,36.59
CN(C)c1cncc(-c2ccc(-c3nc(-c4ccc(Cl)cc4)n[nH]3)cc2)c1,23.41
O=C(C1CCS(=O)(=O)CC1)N1CCN(c2cnccn2)CC1c1ccc(F)c(F)c1,19.98
N#Cc1cc(C=NNS(=O)(=O)c2cccc(C(=O)NN=Cc3ccccc3)c2)ccc1O,32.87
N#Cc1ccc(-n2nc(-c3ccc(-c4nc(Cl)nc(Cl)n4)cc3)nc2C=Cc2ccc(-c3ccccc3-c3nn[nH]n3)cc2)cc1,22.79
N#CC=Cc1nc(C=CC#N)c(Cl)c(C(Cl)(Cl)Cl)n1,13.19
N#Cc1ccc(-c2ncc(C#N)cc2-c2ccc(C#N)cn2)cc1,12.77
N#Cc1ccc(-c2ccc(-c3nc(-c4c(F)c(F)c(C#N)c(F)c4F)nc(-c4c(F)c(F)c(-c5ccco5)c(F)c4F)n3)cn2)nc1,16.23
N#Cc1ccc(-n2cc(-c3cncc(C#N)c3)c(C#N)n2)cc1,12.5
N#Cc1ccc(-c2ccc(-c3nccc(-c4ccc(C=CC(=O)O)nc4)n3)cc2)cc1,20.04
COc1cnc(-c2nc(-c3c4ccccc4c(C#N)c4ccccc34)nc(-c3c4ccccc4c(C#N)c4ccccc34)n2)c2ccccc12,16.21
CN(C)C=Nc1nsc2c(Br)cc(C#N)cc12,24.01
N#Cc1ccc(-c2ccc(-c3nc(-c4ccccc4)nc(-c4ccc(-c5ccc(C(F)(F)F)cc5)cc4Cl)n3)cn2)nc1,24.1
CC(=O)Nc1cc(C#N)cc(Nc2ccc3c(c2)C(=O)c2ccc(N)cc2C3=O)c1,18.03
Cc1ccc(C(=O)Nc2cccc(C#N)c2)cc1-n1cnc2ncc(C#N)cc21,19.22
N#Cc1ccc(-c2csc(N=c3nc(C=CCN4CCOCC4)[nH]c4ccccc34)n2)cc1,25.07
N#Cc1cc(Nc2c(Cl)cccc2Cl)nc(C#N)n1,16.23
Cc1ccccc1Nc1nc(Nc2ccc3c(c2)C(=O)c2cc(N)ccc2C3=O)[nH]c(=NC(=O)CC#N)n1,26.06
Cc1ccc2nc(N=Cc3ccc(-c4nc(-c5ccc(-c6cccc(-c7ccc(C#N)cc7)n6)cc5)nc(-c5ccc(-c6sc(-c7ccccc7)c[n+]6C)cc5)n4)cc3)sc2c1,36.19
Clc1cccc(N=c2[nH]c(-c3cncnc3)cs2)c1,20.22
N#Cc1ccc(-c2ccc(-c3nc(-c4ccccc4Cl)no3)cc2)cc1F,20.55
ON=Cc1ccc(-c2ncnc(-c3ccc(-c4ccc(C5=NCCCN5)nc4)cn3)n2)cc1,27.36
COc1ccc(-c2nc(-c3ccc(C#N)cc3)nc(-c3ccc(C#N)cc3)n2)cc1Cl,13.81
N#Cc1ccc(-c2nc(COc3ccc(CCC(=O)O)c(F)c3)nc(-c3ccc(Cl)c(F)c3)n2)cc1,21.29
C[N+](C)(CCCCCC[N+](C)(C)CCCN1C(=O)c2cccc3cccc(c23)C1=O)CCCN1C(=O)c2ccc(C#N)cc2C1=O,27.73
N#Cc1cc(Cl)ncn1,17.16
C=c1[nH]c2ccccc2c1=Cc1ccccc1O,21.64
COc1ccc(CCCn2cc(C(c3cccnc3)n3ccnc3)c(-c3ccc(F)cc3)c2-c2ccc(F)cc2)cc1,33.99
N#Cc1cccc(-n2c(-c3ccc(-c4ccccc4)cc3)nc3ccccc3c2=O)c1,19.79
Cc1cc2ncc(-c3ccc(C=NNC(=S)NCc4ccco4)cc3)nc2cc1C,23.51
CC(N=c1[nH]cnc2c1ccn2C(C)C)c1cccc(NC(=O)c2ccccc2C(F)(F)F)c1,28.33
N#Cc1ccc(-c2nc(-c3cncc(C#N)c3)nc(-c3cccnc3F)n2)cc1,10.05
Cc1ccc(C=NNC(=O)Nc2cccc3ccccc23)o1,22.81
N#Cc1c(-c2ccc(Cl)cc2)nc(-c2ccc(-n3c(-c4ccco4)nc4ccccc4c3=O)cc2)[nH]c1=N,23.85
N#Cc1ccc(-c2ccnc(-c3ccc(C#N)cc3)n2)cc1,10.92
Cn1cc(-c2nc(-c3ccc(C#N)cc3)nc(-c3ccc(-c4ccc(C#N)cc4)cc3)n2)sc1=NC(=O)c1ccc(-c2ccc(C#N)cc2)cc1,24.72
Clc1ccc(-c2ccn(-c3ncnc4c3ncn4C3CCCNC3)n2)cc1,25.19
N#Cc1ccc(-c2nc(SCCO)c3[nH]cnc3n2)cc1,18.94
Cc1nc(-c2ccc(CCCN3CCC(c4noc5cc(F)ccc45)CC3)cc2)cs1,26.38
N#Cc1ccc(-c2ccc(Nc3c(F)cccc3F)c(C(=O)NCc3ccccn3)n2)cc1,25.55
CN1CCN(c2cc(-c3nc(-c4ccc(C#N)cc4)nc4nc(C#N)ccc34)ncn2)CC1,18.27
N#Cc1ccc(-c2cc(C#N)nc3c2C(c2ccc(Cl)cc2)N(c2cc(Cl)cc(C#N)c2)C(=O)O3)cc1,26.39
N#Cc1ccc(-c2cn(-c3ccc(-c4nc(-c5ccc(C#N)cc5)nc(-c5ccc(C#N)cc5)n4)cc3)nn2)cc1,16.76
CN(C)c1ccc(-c2cc(C(F)(F)F)nn2-c2ccc(S(N)(=O)=O)cc2)cc1,17.36
N#Cc1ccc(-c2ccc(-c3ccc(-c4nc5ccccc5s4)cc3)cc2)cc1,15.99
N=c1[nH]c(=O)[nH]c2c1ncn2C1OC(CO)C(O)C1O,21.56
N#CC=Cc1cc(C(Br)Br)nc(C=CC#N)n1,11.39
N#Cc1cccc(C(=O)Nc2c(N)nc(-c3ccc(-c4ccc(S(N)(=O)=O)cc4)cc3)nc2C#N)c1,27.01
N#Cc1cccc(C(=O)NCc2cc(-c3ccnc(-c4cncc(C#N)c4)n3)nc(N3CCOCC3)n2)c1,19.17
N#Cc1ccc(-c2nc(-c3cccnc3)nc(-c3cccc(C#N)n3)n2)cc1,8.92
ON=C(O)c1cnn(-c2ccc(OCc3c(F)c(F)c(F)c(F)c3F)cc2)n1,25.52
Cc1cc(O)c2c(c1)C(=O)c1cc(O)cc(O)c1C2=O,17.41
Cc1cccc(CC(C#N)(C#N)CCC#CCN2CCOCC2)c1,29.55
N#Cc1ccc(-c2ccc(-c3nc(-c4ccc(-c5nc(C#N)c[nH]5)cc4)nc(-c4ccc(-c5ccc(C#N)cn5)nc4)n3)cn2)nc1,18.93
COc1ncc(-c2nc3c(n2C(C)C)C(c2ccc(C#N)cc2)N(c2cccnc2C#N)C3=O)c(OC)n1,19.28
COc1cc(-c2cc(-c3cccc4ccccc34)nc(-c3ccc(C#N)cc3)n2)ccc1OC(F)F,23.42
O=C(Cc1ccc(Cl)cc1C(F)(F)F)NC1COc2ccncc21,23.77
N#Cc1ccc(-c2nc(-c3nc(CCCO)c(C#N)c(-c4ccc(-c5cccs5)cc4)n3)nc(C3CCCC3)n2)cc1C#N,38.36
N#Cc1ccc(C=C2SC(NC=Nc3nnc(-c4ccc(Cl)cc4)o3)=NC2=O)cc1,25.11
N#Cc1ccc(-c2nn(C#N)cc2C#CCOc2ccc(-n3cc(C#N)cn3)cc2)cc1,27.34
N#Cc1ccccc1-c1ccc(-c2nc3cc(F)ccc3[nH]2)cc1,19.46
COc1ccc(-c2nn(CC(=O)Nc3cc(C(F)(F)F)cc(C(F)(F)F)c3)c(=O)cc2C)cc1,26.05
N#Cc1ccc(-c2nc(-c3ccc(F)cc3)c(-c3ccc(-c4ccc(C5CNC=N5)cc4)cc3)[nH]2)cc1,21.5
CN(c1ccc(C#N)cc1)c1nc(C#N)c(C(=O)Nc2ccc(C#N)cc2)s1,22.19
CCNc1ccccc1Cn1nc(C)c(Cl)c1C,25.04
CC(C(=O)N=c1cc[nH]cn1)n1c(O)c2c(c1O)C1C=CC2C1,25.95
N#Cc1cccc(-c2ccc(-c3ccc(N4CCNCC4)cc3)cn2)n1,18.69
N#Cc1ccc(-c2nc(-c3ccc(F)c(C(F)(F)F)c3)c3c(C#N)c[nH]c3n2)cc1,20.48
N#Cc1c(F)ccc(F)c1F,10.42
N#Cc1ccc2cc(C(N)=O)nc(-c3ccc(-c4cc(F)cc(F)c4)cc3)c2c1,19.82
N#Cc1ccc(-c2ccc(-c3nc(-c4ccc(-c5ccc(C#N)cn5)nc4)nc(-c4cccs4)n3)cn2)nc1,13.25
Cc1ccc(C=CC(=O)Nc2ccc3c(c2)C(=O)C(C)(CO)CN3C)cc1C#N,37.28
N#Cc1ccc(NC(=O)Nc2ccc(-c3nc(N4CCOCC4)nc(N4CCOCC4)n3)cc2)cc1,13.14
COc1ccc2c(Oc3ccc(-n4c(C)cc(OCc5ccc(F)cn5)cc4=O)cc3Cl)ccnc2c1,24.38
CCc1cc(-c2c(O)c(O)c(O)c3ccccc23)cc[n+]1-c1nc(-[n+]2ccc(-c3ccncc3)cc2)cc2c1C(=O)c1cccc(O)c1C2=O,44.47
CC(=O)c1c(CO)n(Cc2ccc(-c3ccc(C#N)cc3)cc2)c2ccc(-c3cc(-c4ccc(-c5ccc(C#N)cc5)nc4)nc(-c4ccc(C#N)cc4)n3)cc12,32.42
Cn1ccc(-c2ccc[n+](-c3nc(-c4ccc(-c5ccc(C#N)cc5)cc4)nc(-c4ccc(-c5ccc(-c6ccc(C#N)cc6)cc5)cc4)n3)c2)n1,28.97
Cc1nc(-c2ccc(-c3nc(-c4ccc(C#N)cc4)nc(-c4ccc(-c5cscn5)cc4)n3)c(-c3ccc(C#N)cc3)c2)cs1,24.76
COc1ccc(NC(=O)c2ccc3c(c2)C(=O)N(Cc2ccccn2)C3=O)cc1OC,20.52
Cc1cc(=O)n2c(n1)[nH]c1ccccc12,23.46
CCOC(=O)c1sc(N=Cc2ccc(SC)cc2)c(C(=O)OCC)c1C,20.27
N#Cc1ccc(-c2nc(-c3ccc(C#N)cn3)cc(-c3ccc(C#N)s3)n2)cc1,15.13
N#Cc1ccc(-c2ccc(-c3nc(-c4ccc(-c5ccc(C#N)cc5)cc4)n(-c4ccc(Br)cc4)n3)cc2)cc1,13.46
N#Cc1ccc(-c2csc(N)c2C#N)cc1,16.75
CN1CCc2c(sc3[nH]cnc(=N)c23)C1,22.01
COC(=O)c1cccc(-c2ccc(C=Nn3cnnc3)o2)c1,19.74
CCCc1cnc(N2CC(c3cc(-c4cncc(C#N)c4)nc(CC)n3)C2)nc1,28.98
N#Cc1nn(-c2nccc(C(F)(F)F)n2)cc1-c1ccc(-c2n[nH]c(C(F)(F)F)n2)nc1,28.99
Cn1c(-c2ccc3c(c2)c2ccccc2n3S(=O)(=O)c2ccccc2)nc(C#N)c1N=O,31.98
C=CCn1c(-c2cccc(Cl)c2)cc(-c2ccc(Cl)cc2)nc1=NN=CC=Cc1ccccc1,25.89
CCN(CC)Cc1ccc(-c2nc(-c3cccc(C#N)n3)nc(-c3[nH]nc4ccccc34)n2)s1,24.63
N#Cc1ccc(Cn2nnnc2-c2ccc(-c3ccc(-c4ccc(-c5nc(Cl)nc(Cl)n5)cc4)cc3)cc2)cc1,22.83
CCc1ccc(-c2nc(-c3ccc(C#N)cc3)nc(-c3ccc(C#N)cn3)n2)cc1,16.61
N#Cc1ccc(-c2nc3c(c(-c4ccc(C#N)cc4)n2)CCNC3)cc1,17.74
Nc1ccc2c(c1)C(=O)c1ccc(Nc3nc(Nc4ccc5c(c4)C(=O)c4ccc(N)cc4C5=O)nc(Nc4ccc5c(c4)C(=O)c4ccc(NC(=O)CCN6CCCC6)cc4C5=O)n3)cc1C2=O,14.22
N#Cc1ccc(-c2nc(C=Cc3ccccn3)nc(-c3cccnc3)n2)cc1,19.28
COC(=O)NCCCC(C(N)=O)N1CCC1c1cnc(C=Cc2cccc3cc(C=Cc4ccc(-c5ccc(N=C(N)c6cccc(C(F)(F)F)n6)cc5)nc4)cnc23)c(=N)[nH]1,62.55
c1ccc(-c2cc(-[n+]3ccc(-c4ccncc4)cc3)nc(-[n+]3ccc(-c4ccncc4)cc3)n2)cc1,10.24
CN1C(=O)c2c(c3c4ccc(O)cc4[nH]c3c3[nH]c4ccccc4c23)C1=O,25.01
CCc1nc(-c2ccc(C#N)cc2)cc(-c2ccc(OC)c(NC(=O)c3cc(C)oc3C)c2)n1,25.46
COC(=O)c1ccccc1C(=O)c1ccc(N(CC2CC2)c2ccc(C#N)cc2C(=O)c2ccc(-c3ccncc3)cc2)cc1,50.09
COc1cc(N=Cc2ccc(-c3ccc(-c4cn(-c5ccc([N+](=O)[O-])cc5[N+](=O)[O-])nn4)cn3)cc2)ccc1-c1cc(=O)n(-c2ccc(F)cc2)[nH]1,44.99
Cc1nc(C2CC2c2nc(-c3ccc(C#N)cc3)cc(-c3cncc(C#N)c3)n2)cc(-n2nc(C)nc2C)n1,19.86
N#Cc1c2ccccc2c(-c2nc(-c3c4c(cc5ccccc35)C(=O)c3ccccc3C4=O)nc(-c3c4ccccc4c(C#N)c4ccccc34)n2)c2ccccc12,11.77
CCn1c(=O)c(C(=O)Nc2ccc(Oc3ccnc4cc(OC)c(OC)cc34)c(F)c2)nc2cccnc21,26.52
N#Cc1ccc(-c2ccc(Cc3ccc(C=NCCCn4ccnc4)c(-c4ccc(C#N)cc4)n3)cc2)cc1,20.72
c1cc(-c2cc[n+](-c3nc(-[n+]4ccc(-c5ccncc5)cc4)nc(-[n+]4ccc(-c5ccnnc5)cc4)n3)cc2)ccn1,14.28
CC(=NN=c1[nH]c(-c2ccc(Cl)cc2Cl)cs1)c1ccc(Oc2ccccc2)cc1,25.29
N#Cc1ccc(-c2ccc(-c3nc(C=Cc4cc(F)nc(F)c4)nc(-c4ccc(-c5ccc(C#N)cc5)c(C#N)c4)n3)cc2)cc1,25.14
Cc1ccccc1C(c1ccccc1)N1CCCN(C(=S)Sc2cccc(N)c2)CC1,41.12
N#Cc1ccc(-c2cc(-c3ccc(-c4nc(-c5ccc(C#N)cc5)nc(-c5ccc(-[n+]6ccc(-c7ccncc7)cc6)cc5)n4)cc3)nc(-c3ccc(C#N)cc3)n2)cc1,15.83
N#Cc1ncc(C#N)c(-c2ccc(-c3ccc(-c4nc(Cl)ncc4Cl)cc3)cc2)n1,19.01
Cc1ccc(-c2nc(-c3ccc(C#N)cc3)nc(N=Cc3ccc(-c4ccc(C#N)cc4)nc3)c2C#N)cc1,19.33
N#Cc1ccc(-c2ccc(-c3nc(-c4ccc(-c5nc(Cl)nc(Cl)n5)cc4)nc(-c4ccc(C#N)nc4)n3)cn2)nc1,14.55
COc1ccc(C(=O)C=Cc2nc3ccccc3s2)c(OC)c1,25.12
CC1(C)CC(=O)c2c(-c3c(F)c(F)c(C#N)c(F)c3F)nn(Cc3ccc(F)cc3)c2C1,26.98
OCC=Cc1ncnc2c1ncn2C1OC(CO)C(O)C1O,22.94
N#Cc1c2n(c3c(O)ccc(O)c13)CCC2,22.73
Clc1nccc(-c2ccc(-c3ccc(-c4nc(Cl)ncc4Cl)cc3)nc2)n1,20.96
N#Cc1c[nH]c(=NC(=O)Nc2ccc(Oc3ccnc4[nH]c(=O)[nH]c34)cc2)cn1,20.95
N#Cc1ccc(-c2ccc(Cn3c(-c4ccc(-c5ccc(C#N)cc5)cc4)nc(-c4ccc(-c5ccc(-c6ccc(C#N)cc6)cc5)nc4)c3-c3ccc(F)cc3)cc2)cc1,22.94
N#Cc1cncc(-c2cnc3c(c2)CCCN3C(N)=O)c1,15.49
N#Cc1c(Cl)c(Cl)cc(Cl)c1Nc1ccc(Cl)c(-c2cnc(-c3ccc(-c4nc(Cl)nc(Cl)n4)cc3)o2)n1,32.89
C=CCOc1nc(-c2ccc(-c3ccc(C#N)cc3)cc2)nc(-c2ccc(Cl)cc2Cl)n1,23.23
N#Cc1ccc(-c2ccc(-c3nc(CCn4nccn4)no3)cc2)cc1,21.67
ON=C(O)c1cnc(=Nc2nc3ccccc3s2)[nH]c1,21.77
N#Cc1ccc(N=c2[nH]c(=Nc3ccc(C#N)cc3)c3cc(C#N)ccc3[nH]2)cc1,22.88
CN(C)CC(=O)Nc1ccc2c(c1)CN(C)CC2c1cccnc1,23.37
O=C(CNC(=O)c1ccc2c(c1)OCO2)NCc1ccccc1F,23.36
Cc1ccc(-n2[nH]c(C(C)(C)C)cc2=NC(=O)c2cc(C=CC(O)=NO)ccc2Nc2cccc(Cl)c2)cc1,28.31
CCCCc1ccc(CC#Cc2ccccc2C#Cc2ccccn2)cc1,32.86
N#Cc1ccc(-c2nc(-c3ccc(C#N)cc3)nc(-c3ccc(F)cc3Cl)n2)cc1,12.2
Cc1ccc(-c2cc(-c3cccc4ccccc34)nc(N=CN3CCN(C=O)CC3)n2)cc1,20.79
Cc1cc(C2CCN(CCCc3ccccc3)CC2)nc(-c2ccncc2)n1,24.32
CCCCN(C(=O)c1cc(C#N)cc(C(F)(F)F)c1)c1ccc(-c2ccc(C#N)cc2)nn1,28.14
C=C(C)c1ccc(-c2nc(-c3ccc(C#N)cc3)nc(-c3ccc(C=NO)cc3)n2)cc1,19.25
CC(=Nc1ccc2c(c1)C(=O)c1ccc(NC(=S)NC(=O)c3cccc(F)c3F)cc1C2=O)N(C)Cc1ccncc1,36.15
Cc1ccc(S(=O)(=O)N=c2nc(-c3ccnc4ccccc34)[nH]c(NC(C)CO)c2Oc2ccc(C)c(F)c2)nc1,34.46
C=CCn1c(=Cc2nc(-c3ccc(Cl)cc3Cl)no2)c(-c2ccc(C)cc2)nc(=Cc2ccc(-c3cccc(C(=O)O)c3)o2)c1=O,29.13
CCc1nn(Cc2sc(C)nc2C)c2ccc(-c3nc(C#N)c(-c4cncc(F)c4)c(OC)n3)nc12,50.51
N#Cc1ccc(-c2nc(-c3ccccn3)nc(-c3cccs3)n2)cc1,17.28
N#Cc1ccc(-c2ccc(-n3nc(C(N)=O)c4c3-c3cc(NC(=O)c5ccncc5)ccc3CC4)cc2)cc1,19.49
CC(=O)C1CN(c2ccc(N=c3nc4c(c[nH]3)c3ccncc3n4C3CCCC3)nc2)CCN1,26.62
N#Cc1ccc(-c2ccc(-c3nc(-c4cccc5ccccc45)nn3-c3cnc(F)c(F)c3)cn2)nc1,24.71
N#Cc1ccc(-c2ccc(-c3cc(-c4cccc(-c5ccc(-c6nc(Cl)nc(Cl)n6)cc5)c4)nc(-c4ccc(C#N)cc4)n3)cc2)cc1,11.71
N#Cc1ccc(-c2ccc(-c3nc(-c4ccc(-c5ccc(C#N)cc5)cc4)nc(-c4cnc(-c5ccc(C#N)cc5)nc4)n3)cc2)cc1,14.69
CC1(C)OCC2(NC1=N)c1cc(-c3cccc(F)c3F)ccc1Oc1cnc(-c3cc(F)cnc3F)cc12,29.8
CN1CCN(C(=O)C(C#N)N=Cc2ccc(C(=O)NN)cc2)CC1,26.18
CNCc1cncnc1N1CCc2cccc(C(=O)N=c3[nH]c4ccccc4s3)c2C1,26.02
Cc1cc(C)n(-c2ncnc(Cl)n2)n1,18.37
COc1ccc(CC=NC(=O)c2cc(-c3ccncc3)nc3ccccc23)cc1OC,29.34
O=C(NN1CCCCC1)c1nc(-c2ccc(Cl)cc2)c(-c2ccccc2)c(-c2ccc(Cl)c(Cl)c2)n1,24.13
N#Cc1ccc(-c2ccc(-c3nc(-c4cc(F)c(F)cc4F)nc(-c4ccc(C#N)cc4)c3C#N)cc2)cc1,17.26
Nc1ccc2c(c1)C(=O)c1cc(Cl)c(C=Nc3cc(N)c(N)cc3O)cc1C2=O,22.8
Cc1ccccc1-c1cc(C(NC(=O)C2CCC(N)CC2)c2cccnc2)ccc1C#N,28.98
N#Cc1ccc(-c2nc(-c3ccccc3)cc(-c3ccncc3)n2)cc1,12.78
Nc1ccc2c(c1)C(=O)c1ccc(N=Cc3c(F)c(F)c(F)c(F)c3F)cc1C2=O,16.42
N#Cc1ccc(Cl)nc1CC(=O)NCc1ccc(Cl)cc1Cl,25.91
Cc1cc(C)n(-c2nc(SC(F)F)nc(-c3ccc(C#N)cc3)n2)n1,21.91
N#Cc1ccc(-c2cc(-c3ccc(C=NNC(=O)c4ccccn4)cc3)nc(-c3ccc(F)cc3)n2)cc1,21.23
N#CCC1(C#N)c2ccccc2-c2ccccc21,21.47
Nc1ccc2c(c1)C(=O)c1ccc(NCc3ccccn3)cc1C2=O,13.41
Nc1cc(C(=O)O)c(N=Cc2ccc(-c3cc(Cl)n4nc(-c5ccco5)nc4n3)cc2)cc1O,33.12
O=C1COc2cnc(=NCc3cc(C(F)(F)F)cc(C(F)(F)F)c3)[nH]c2N1c1ccc(Cl)cc1,34.37
COc1cc(-c2cnn(C)c2)cc2ncc(S(=O)(=O)NCC(C)C)c(Nc3ccc(C#N)cc3)c12,32.62
N#Cc1ccc(CNc2c(C#N)[n+]([O-])c3c(F)c(F)c(F)c(Cl)c3[n+]2[O-])cc1,22.55
COc1cc(-c2nc(-c3ccc(-c4ccc(C#N)cc4)cc3)nc(-c3ccc(-c4ccc(C#N)cc4)cc3)n2)cc(OC)c1OC,12.4
CCCN(CC1CC1)c1cc(C(=O)Nc2ccc(CCCC(F)(F)F)cc2)ncn1,26.1
Cc1cc(-c2cc(F)c(-c3ncccn3)c(F)c2F)[nH]c(=Nc2ccc(C#N)cc2)n1,24.83
O=c1cc(-c2cc(-c3ccc(-c4nc(Cl)nc(Cl)n4)cc3)cc(-c3ccc(-c4nc(Cl)nc(Cl)n4)cc3)c2)ccc(-c2nc(Cl)nc(Cl)n2)c1,15.63
Cc1nccn1-c1cccc(-c2cccc(C#N)c2)c1,19.54
C=c1c(=Cc2sc(=S)n(-c3cccc(Cl)c3)c2O)cc(C)n1-c1ccc(C)cc1,24.36
CCCc1nc(-c2ccc(C(F)(F)F)cc2)c(C(=O)N(CCCc2ccccc2)Cc2ccc(-c3ccc(C(C)=O)cc3)cc2)o1,31.64
N#Cc1nc(N=CC=CC2CCCO2)nc(N=CN2CCN(C=O)CC2)n1,20.77
CCCNC(=O)N1C(C#N)C(c2ccc(-c3ccc(C#N)cc3)cc2)C1CO,18.31
Nc1ccc2c(c1)C(=O)c1ccc(N=C3C(=O)c4ccccc4C(=O)C3Cl)cc1C2=O,16.45
C=CCn1c(C)csc1=NN=Cc1ccc(OCc2cn(Cc3c[nH]c(C)nc3=N)nn2)c(OC)c1,31.58
N#Cc1cccnc1-n1cc(-c2ccc(-c3ccccc3)cc2)c(C#N)n1,23.05
CC(=O)NCc1cc(-c2[nH]nc3ccc(-c4ccc(C#N)s4)cc23)ncn1,26.39
Cc1ccc(-c2cc[nH]c(=Nc3cc(N4CCOCC4)nc(C)n3)n2)c(C)n1,23.08
CCN1CCN(c2cc(N)nc(Nc3ccc4c(c3)C(=O)c3ccc(N)cc3C4=O)n2)CC1,15.22
C=c1nc2ccccn2c1=Cc1sc(=Nc2ccc(C)cc2)[nH]c1C,22.77
N#Cc1cncc(-c2cnc3ccc(-c4cnc(C#N)nc4)cc3n2)c1,16.89
N#Cc1cncc(-c2nccc(-c3ccccc3F)n2)c1,18.13
N#Cc1cncc(-c2nc(-c3cncc(C#N)c3)nc(-c3ccc(Cl)c(Cl)c3F)n2)c1,16.6
COc1ccc(C#CC=Cn2c(C#N)cnc2C=CC(=O)Cc2ccccn2)cc1C#N,47.04
NC(=S)NCC1CN(c2ccc(N3CCN(Cc4cccc(Cl)c4Cl)CC3)c(F)c2)C(=O)O1,25.03
Cn1nc(-c2ccc(Cl)cc2Cl)nc1-c1c(F)c(F)c(C#N)c(F)c1F,11.96
N#Cc1cnc(Cl)nc1-c1ccc(-c2cc(-c3cccnc3C#N)cc(-c3nc(Cl)nc(Cl)n3)n2)cc1,24.11
CN=C(NN=C(N)c1ccc(NC(=O)Nc2ccc(-c3nc(Nc4ccc5ccccc5c4)nc(Oc4ccc(C=NN=C(N)N)cc4)n3)cc2)cc1)c1ccc(C#N)cc1,48.41
N#Cc1cccc(-c2ccc(CN3CCC(COCc4cnccn4)CC3)cc2)c1,26.07
Fc1ccc(-c2cc(-c3ccc(-c4nc(Cl)nc(Cl)n4)cc3)nc(-[n+]3nc(-c4ccc(-c5ccccc5)cc4)nc(-c4ccc(-c5ccccc5)cc4)n3)n2)cc1,23.86
Cc1ccc(-n2nc(C(=O)Nc3cnc(C#N)c(C#N)n3)c(-c3ccc(C#N)cc3)n2)cc1,31.02
N#CC=Cc1cc(F)c(C=Cc2nc(C(N)=O)c3ccccc3n2)cc1F,31.11
Nc1cc(O)c(N=Cc2ccc3ccccc3c2)cc1O,12.01
O=C(Nc1ccc2[nH]c(=NC(=O)C3CCC3)ccc2c1)c1ccc(Cl)cc1,30.82
Cc1cc(=NS(=O)(=O)c2ccc(Nc3c(F)c(F)c(C#N)c(F)c3C#N)cc2)[nH]c(C)n1,22.14
[O-]c1c[n+](-c2ccnc(-c3ccc(-c4ccccc4)cc3)n2)no1,17.95
Cc1ccc(-c2nc(SCc3ccc(C#N)cc3)c(-c3ccc(C#N)cc3)nc2-c2ccc(C#N)cc2)cc1,23.29
N#CC(C#N)=c1ccc(=C(C#N)c2nc(C(O)c3ccc(C#N)cc3)n(-c3ccccc3)n2)cc1,20.92
N#Cc1ccc(-c2ccc(Cn3cnc4c(=NCc5ccc(-c6cccc(C#N)c6)cc5)[nH]c(C#N)nc43)cc2)cc1,23.88
Cc1nc(CN2CCN(c3ncccn3)CC2)no1,18.6
Cc1cc(-c2ccc(F)cc2)nc(N=CC2CCCCC2=O)n1,27.01
N#Cc1nccnn1,11.43
COc1ccc(-c2nc(N3CCN(c4ccccn4)CC3)c3cc(OC)c(OC)cc3n2)cc1,19.91
N#Cc1cc(-c2ccncn2)c(-c2ccc(Cl)cc2)nc1-c1ccc(Cl)cc1,17.94
Cc1cc(C)c(C#N)c(Sc2nc(N=CN3CCN(C=O)CC3)nc(N3CCN(C)CC3)n2)n1,22.05
Cn1ncc2c(=Nc3cccc(C#N)c3)[nH]c(-c3ccc(-c4ccc(C#N)cc4)cc3)nc21,20.7
N#Cc1ccc2[nH]c(O)c(N=NC(=O)c3cccc([N+](=O)[O-])c3)c2c1,22.67
CS(=O)(=O)N1CCC(c2cc(=NC(=O)c3cc(F)ccc3F)n(-c3ccc(C#N)cc3)[nH]2)CC1,22.95
COc1cc2nc(=NC3CCC(N)CC3)[nH]c(-n3c(=Nc4ccc(F)c(F)c4)[nH]c(C#N)c(C#N)c3=NCCN)c2cc1OC,40.62
C=CCN(CC=C)c1nc(N2CCOCC2)nc(-n2nc(C)cc2C)n1,19.05
COc1ccc(C(=O)Nc2cc3c(cc2C)n(C)c(=O)n3C)cc1OC,26.58
N#Cc1cncc(-c2nc(-c3ccoc3)nc(-c3cc(F)ccc3F)n2)c1,20.54
N#CCc1c[nH]c(-c2ccc(-c3nc(-c4ccc(-c5ccc(C#N)cc5)cc4)nc4ccccc34)cc2)n1,19.69
N#Cc1ccc(C#N)nc1,11.09
Cc1cnc(-n2c(-c3cc(CCO)c4ncc(=O)n(C)c4c3)nc3cc(C(F)(F)F)ccc32)nc1,54.65
O=C1C(=O)N(C2CCCCC2)c2cc(Cl)ccc21,22.2
Fc1ccc2[nH]c(-c3ccc(-c4ccc(-c5nc6cncnc6[nH]5)cc4)cc3)nc2c1,24.16
O=[N+]([O-])c1ccc2[nH]c(-c3nc(-c4ccc5c(c4)OCO5)nc(-c4c[nH]c5ccccc45)n3)cc2c1,23.63
CONC=Nc1cc(C(=NC#N)Nc2cc(C(F)(F)F)cc(C(F)(F)F)c2)c2oc3cc(NCCN4CCN(C)CC4)ccc3c(=O)c2c1,53.56
CNc1cc(-c2ccc(C#N)cc2)ccc1-c1nc(-c2ccc(-c3ccc(C#N)cc3)cc2)nc(-c2ccc(-c3ccc(C#N)cc3)cc2)n1,19.27
N#CCCCn1cc(C(=O)NCC2CCN(Cc3cnc(C#N)nc3)C2)c2cc(C#N)ccc21,36.74
Fc1ccc(Cc2cnc3c(-c4nc(-c5ccc6c(c5)CCO6)nc(N5CCOCC5)n4)ccnc3c2)cc1F,32.83
N#Cc1cccc(-c2nc(-c3cccc(C#N)n3)nc(-c3cccc(C#N)n3)n2)c1,8.69
N#CC=Cc1c(-c2ccc(Cl)cc2)c(C#N)c(-c2ccc(C#N)cn2)c2nc(C#N)c(C#N)nc12,28.23
N#Cc1ccnn1-c1ccc(F)cc1,16.62
N#Cc1ccc(-c2ccc(-c3nc(-c4ccc(-c5cc(F)c(O)c(Cl)c5)cc4)nc(N4CCOCC4)n3)cc2)cc1,19.46
N#Cc1ccc(C2CC2C(=O)N2CCc3c(F)ccc(-c4cc(F)cc(C#N)c4)c3C2)cc1,20.33
CC1CN(c2nc(-c3ccc(-c4cccc(C#N)c4)cc3)nc3ccc(C#N)cc23)CCO1,19.65
N#Cc1ccc(-n2nc(C(F)(F)F)cc2-c2ccc(C=Nc3cc(O)c(N)cc3O)cc2)cc1C#N,21.72
CC(C)NC(=O)C(C)C1CCC(CC(C)n2cc(C#Cc3nc(-c4ccc(F)cc4)cc(-c4ccc(C#N)nc4)n3)nn2)O1,26.52
CC(=O)NCc1ccc2c(c1)CC(N1CCC(S(=O)(=O)c3ncc(C#N)nc3-c3ccc(-c4cccc(C#N)n4)cc3)CC1)CC2,42.12
N#Cc1ccc(OCc2ccc(Cl)cc2)nc1,17.2
Nc1c(Cl)c(N)c2c(Cl)ccc3c2c1NC=C3,32.09
Nc1ccc(-c2n[nH]c(=NC(=O)c3ccc(N=CN4CCN(C=O)CC4)cc3)s2)cc1,26.66
Cn1c(O)c(CCCCCCCCCCCCCCc2ccc(C#N)c(Cl)n2)n(C)c1=O,42.72
Oc1cc(C=Nc2cccc(C3=NCCN3)c2)ccc1-c1nc(-c2ccc(C3=NCCN3)cc2)nc(-c2ccc(-c3cc4ccccc4c(-c4ccc5[nH]c(C6=NCCN6)cc5c4)n3)cc2)n1,43.02
N#Cc1ccc(-c2ccc(-c3ccc4nc(C(=O)Nc5ccccc5)cn4n3)cc2)cc1,25.37
N#Cc1ccc(-c2nc(=NCc3ccc(-c4ccc(C#N)cn4)nc3)[nH]cc2-c2ccccc2)cc1,22.0
N#Cc1cccc(NC(=S)Nc2ccc3c(c2)C(=O)c2ccc(NC(=O)NCCNCn4c(C#N)nc[n+]4[O-])cc2C3=O)c1,47.26
Cc1cc(-c2ccc(-c3cccc(-c4ccc(-c5nc(Cl)ncc5Cl)cc4)c3)cc2)nc(Cl)n1,27.06
N#Cc1ccc(-n2nccn2)cc1,15.19
Oc1cc(NCCCNC2Cc3ccccc3C2)c(O)cc1N=Cc1nccs1,28.38
Cc1[nH]c(N=c2cc(Nc3cc(C4NNC(=O)C4Cl)cc(C(F)(F)F)c3)nc[nH]2)nc1C(=O)NCCN(C)C,52.48
CSc1nc(-c2ccc(-c3ccc(C#N)cc3)cc2)nc(-c2ccc(-c3ccc(C#N)cn3)nc2)n1,18.34
NCCC(=O)Nc1ccc2c(c1)C(=O)c1cc(Nc3nc(Nc4ccc5c(c4)C(=O)c4ccc(N)cc4C5=O)nc(Nc4ccc5c(c4)C(=O)c4ccc(N)cc4C5=O)n3)ccc1C2=O,15.6
Cc1c(-c2ccc(C#N)cc2)nc(-c2ccc(C#N)cc2)c(C#N)c1Sc1cccc(Cl)c1,25.96
N#Cc1cc(C#N)cc(Nc2[nH]c(=N)[nH]c(=N)c2Br)c1,21.99
N#Cc1ccc(C(=O)n2nc(-c3cc(-c4ccc(-c5ccc(C#N)cc5)cc4)nc(-c4ccc(F)cc4)n3)nc2-c2ccc(C#N)cc2)cc1,27.4
CC(C)(C)C(=O)N1CCC2(C1)c1cccc(Cl)c1N(Cc1ccc(Br)cc1)C2O,46.3
N#Cc1ccc(-c2ccc(-c3nc(-c4ccc(-c5ccc(C#N)cc5)cc4)nc(-c4ccccc4F)n3)cc2)cc1,12.09
CCc1nc(Nc2cc3nc(C4CCN(C)CC4)c=3[nH]c(-c3ccc(C#N)cc3)n2)cc(-c2ccncc2)c1-c1ccc(Nc2ccc(F)c(F)c2)cn1,51.87
Cc1c(C)c2c(c(C)c1O)CCC(C)(CC(=O)Nc1ccc3c(c1)C(=O)c1ccc(N)cc1C3=O)O2,24.09
N#Cc1cncc(-c2noc(-c3cncc(C#N)c3)n2)c1,11.09
COc1ccc(CNc2c(-c3cccc(S(C)(=O)=O)c3)nc3cc(C)ccn23)cc1Cl,34.45
CC1(C)Cc2c(cc(-c3ccc4c(c3)CN(C(=O)c3ccc(F)cc3)C4)c3cccc-3c2C#N)CO1,31.21
N#Cc1ccc(-c2ccc(-c3nc(-c4ccc(-c5ccc(C#N)cc5)cc4)nc(-c4cccnc4)n3)cc2)cc1,11.46
CN(Cc1ccc(-c2cccc(C#N)c2)cc1)c1cc(C#N)nc(-c2cncc(C#N)c2)n1,18.11
CC(C)(O)CN1CCCCC1c1cccc(C(=O)Nc2ccc(-c3ccccc3)cc2)c1,32.23
CCc1n[nH]c(=NC(=O)c2cnc3ccc(C#N)cc3c2Cl)s1,31.41
CN(C)CCN1C(=O)C(=Cc2ccc(N3N=C4C=COC4S3)o2)Sc2ccc(F)cc21,47.59
CCOc1nc(-c2ccc(-c3nc(-c4ccc(C#N)cc4)nc(-c4ccc(-c5ccc(C(=O)O)cc5)cc4)n3)cc2)ccc1C#N,24.08
Cc1ccc(N=Cc2c(-c3ccc(C)cc3)[nH]c(O)c2C=Nc2ccc(S(=O)(=O)N=c3nccc[nH]3)cc2)cc1,27.23
O=C1CN(C(=O)c2ccco2)CC(O)CN1Cc1ccccc1,22.99
N#Cc1cc2c(c3nc(-c4cnc(=N)[nH]c4)ccc13)CN(S(=O)(=O)N=c1ccc(F)c[nH]1)CC2,32.26
COc1ccccc1S(=O)(=O)NC(Cc1ccc(-c2cccc(C(=O)O)c2)cc1)C(=O)O,26.24
N#Cc1cnc(-c2ccc(C#N)c(Cl)c2)c(-c2ccc(-c3c[nH]c(=N)cn3)c(F)c2)c1,23.81
CC12CCC(=O)C=C1C1CCc3cc(O)c(C#N)cc3C1CC2,27.12
N#CC=Cc1ccc(F)cc1,11.56
Cc1nn(C)c(C)c1NS(=O)(=O)c1ccc(N)c(F)c1F,19.32
N#Cc1cc2cc(N)ccc2nc1N1CCOCC1,21.87
Cc1cc(C)nc(N2CCCC(C(=O)N3CCCCCCC3)C2)n1,24.04
N#Cc1cc(OCCCN)cc(-c2nn(Cc3cc(F)cc(F)c3)cc2C=NN=C(N)N)c1,36.74
COC(=O)c1ccc(COC(=O)C2=C(COC(=O)n3[nH]ccc3=O)CS(=O)(=O)C3N2C(=O)C3(c2ccccc2)c2ccccc2)cc1,41.77
CCc1nc2c(-c3nc(-c4ccc(-c5ccc(C#N)cc5)cc4)c[nH]3)cccc2n1Cc1ccc(C(C)=O)cc1,31.33
N#Cc1ccc(-c2noc(-c3cncc(C#N)c3)n2)cc1,14.99
N#Cc1ccc(N(Cc2c[nH]cn2)c2cccc(F)c2)cc1,23.97
N#Cc1cncc(-c2ccnc(N3CCNc4c(ccc(C(=O)c5cccc(C(F)(F)F)c5)c4N)C3)n2)c1,31.52
N#Cc1cncc(-c2nc(F)nc(N3CCC(C#N)CC3)n2)c1,15.78
CCOC(=O)c1c(-c2cc(OC)ccc2OC)[nH]c2ccc(F)cc2c1=O,31.95
CCc1ncc2c(n1)CN(C(=O)c1ccnc(-c3ccccc3)n1)C2,23.06
N#Cc1ccc(-c2ccc(-c3nc(-c4ccc(-c5ccc(C#N)cn5)nc4)nc(-c4ccc(C5(C(F)(F)F)CCC5)cn4)n3)cc2)cc1,20.4
C=CCN1CCC(=NNc2c(F)c(F)c(C#N)c(F)c2F)CC1,22.61
N#Cc1ccc(-c2cccc(Cc3nc(-c4ccc(C(F)(F)F)cc4)ccc3-c3ccnc(-c4ccc(Cl)c(Cl)c4)n3)n2)cc1,34.18
N#Cc1ccc(-n2cc(C=Nn3cnnc3)cc2C#N)cc1,20.37
COc1cc(C=CC(=O)O)ccc1C#CCCN(C(=O)c1ccc(-c2ccc(C#N)cc2)cc1)C(C)C,29.53
Cc1cnc(N2CCc3nc[nH]c(=Nc4cc(C(C)(C)S(C)(=O)=O)nc(Cl)n4)c3CC2)c(C#N)c1,41.15
Cc1ccnc(-c2ccc(-c3cc(-c4ccc(C#N)cc4)nc(-c4ccccn4)n3)nc2)n1,20.42
N#Cc1ccc(-c2cc(-c3ccc(Nc4ncccc4C(O)=NO)c(F)c3)nc(-c3cccc(C#N)n3)c2)cc1,29.49
N#Cc1ccc(CN2CCN(CC(=O)NN=Cc3ccncc3)CC2)cc1,17.1
Cc1ccc(-c2nc3c(F)cnc(Cc4ccc(-c5ccc(C#N)cc5)cc4)n3n2)cc1,20.59
N#Cc1cccc(NC=Nc2ccc(Nc3ccccc3)cc2)c1,21.99
C=C(C)C1CCC2(C(=O)n3ccc(=O)[nH]c3=O)CCC3(C)C(CCC4C5(C)CCC(OC(=O)CCCCC)C(C)(C)C5CCC43C)C12,38.39
C[n+]1c(C=Cc2ccc(-c3cc(F)cc(-c4ccc(C=NOCc5ccc(C#N)cc5)cc4)c3)cc2)cn2ccccc21,32.83
CC(=O)N1C=CC(c2nc(C#N)nc(N=CN3CCN(C=O)CC3)c2C)CC1,28.6
CCc1ccccc1NC(=O)Cn1cnc2c(cnn2-c2ccc(F)cc2)c1=O,24.88
N#CC=Cc1cc(F)ncn1,14.55
N#Cc1ccc(-c2ccc(-c3nc(-c4ccc(C#N)cc4)ncc3C=Nc3ccc(F)cc3)cc2)cc1,19.62
CC(C)(c1ccc(-c2nc(=NCc3ccc(-c4cccc(Cl)c4)cc3)nc(N=c3cc(C4CC4)[nH][nH]3)[nH]2)cc1)N1CCOCC1,42.81
CC(N=c1nc(N2C(=O)OCC2C(C)C)nc(Cl)[nH]1)c1nc(-c2ccc(F)cc2)no1,23.9
CN(c1ccc(-c2ccc(C#N)cc2)cn1)c1cc(-c2noc(C(F)(F)F)n2)cc(Cl)n1,26.32
Cn1cnnc1[S+]([O-])Cc1nc(-c2ccc(Cl)cc2)cn1-c1ccc(F)cc1,25.66
N#Cc1ccc(-c2ccc(Cn3nc(-c4cccnc4)c(C#N)c(-c4ccccc4)c3=O)cc2)cc1,24.23
O=C(O)c1cc(-c2ccc(-c3nc(Cl)nc(Cl)n3)cc2)cc(-c2ccc(-c3cscn3)cc2)c1Cl,20.42
Clc1ccc(-c2ccc(-c3nc(-c4ccc(-c5ccc(-c6nc(Cl)nc(Cl)n6)cc5)cc4)no3)cc2)cc1,18.8
Cc1nc(-c2ccc(C(=O)NCCO)nc2)sc1-c1nc(C=CC#N)nc(-c2ccc(C#N)cc2)n1,30.39
Cc1cc(C)[nH]c(=NC(=S)N2CCN(c3ccnc4cc(Cl)ccc34)CC2)c1,18.9
c1ccc(-c2noc(CN3CCCCC3CN=c3nc(-c4cc5ccccc5s4)cc(N4CCOCC4)[nH]3)n2)cc1,34.07
COc1cc(OC)cc(N(CC#Cc2cncc(C#N)n2)c2ccc3ncc(-c4cnn(C)c4)nc3c2)c1,15.48
N=c1[nH]c(=N)c2ccc(C=CC=CC=Cc3ccc(F)cc3)nc2[nH]1,23.55
N#Cc1ncn2c(C#N)c[nH]c(=Nc3ccc(Cl)cc3)c12,25.28
N#CC=Cc1cccc2c1ncc(C#N)[n+]2[O-],26.51
CC(=O)c1cccc(N=CC=Cc2ccccc2)c1O,16.74
N#Cc1ccc(-c2nc(C#N)cnc2OCC(=O)O)cc1,23.9
N#Cc1nc(F)c(F)c(F)c1F,12.59
N#Cc1ccc(-c2ccc(-c3nc(C#N)nc(-c4ccc(F)cc4)n3)cc2)cc1,14.79
N#Cc1ccc(-c2ccc(-c3ccc(-c4nc(-c5ccc(-c6ccc(C#N)cc6)cc5)nc(-c5ccc(-c6ccc(C#N)cc6)cc5)n4)cn3)cc2)cc1,10.99
Fc1ccc(-c2noc(C=CCNCCSc3cccs3)n2)cc1,29.74
CC(C)c1ccc(C=Nn2c(-c3cccnc3)n[nH]c2=S)cc1,24.53
O=C(NN=Cc1ccc(-c2ccc(Cl)c(C(=O)O)c2)o1)C(=O)Nc1ccccc1,26.33
N#Cc1ccc(-c2ccc(-c3nc(C=Cc4ccc(-c5cccc(C#N)n5)nc4)nc(-c4ccc(C#N)cc4)n3)cc2)cc1,20.02
N#Cc1cc2c(cn1)C(=O)c1nccnc1C2=O,18.73
N#Cc1ccc(-c2cc(-c3cc(F)c(F)c(C#N)c3)nc(C3CCN(c4[nH]cnc(=N)c4C#N)CC3)n2)cn1,20.27
Cc1ccncc1-c1ccc2c(cnn2-c2ccc(C(=O)O)cc2)c1,27.63
C#Cc1cccc(C(=O)Nc2cccc(Nc3cnc4ccc([N+](=O)[O-])cc4c3)c2)c1,35.81
CCCCOc1nc(-c2ccc(C(N)=NO)cc2)nc2cc(-c3cncc(C(N)=O)n3)ccc12,30.23
N#Cc1cncc(Cc2cccc[n+]2[O-])c1,23.82
N#Cc1ccc(-c2noc(CSc3nnnn3-c3cccc(F)c3)n2)cc1,20.56
N#Cc1ccc(-c2cccc(-n3c(C(N)=O)ccc4cnc(=Nc5ccc(N6CCNCC6)cn5)nc3-4)c2)cc1C#N,31.13
CCN1CC(CNCc2ccccn2)Oc2cc(C#Cc3ccc(C=CC(O)=NO)cc3)ccc21,40.91
Cc1cc(N=Nc2ccc(S(=O)(=O)N=c3ccc(F)c[nH]3)cc2)nc(-c2ccc(C#N)cc2)n1,25.9
Cc1[nH]c2ccc(Br)cc2c1C(=O)c1ccc(O)c(CN2CCN(C)CC2)c1O,28.82
N#Cc1cncc(-c2cc3nc(-c4cncc(C#N)c4)nc(-c4ccc(C#N)cc4F)n3n2)c1,22.96
Cc1cc(C)[nH]c(=NN=Cc2ccc(C=C(C#N)C#N)cn2)n1,20.66
N#Cc1c2ccccc2c(-c2nc(-c3c4ccccc4c(C#N)c4ccccc34)nc(-c3c4ccccc4c(C#N)c4c(C#N)c5[nH]c(=O)[nH]c5cc34)n2)c2ccccc12,30.33
N#Cc1ccc(-c2nccc(-c3ccc(-c4cc(-c5ccncc5)nc(-c5ccc(C#N)cc5)n4)cc3)n2)cc1,16.94
N#Cc1ccc(-c2nc(-c3ccccc3)cc(-c3nccnc3Cl)n2)cc1,19.43
N#CC=Cc1ccc([N+](=O)[O-])s1,18.08
CN1CCC(CN2C(=O)C(n3cc(-c4ccc(C#N)cc4)cn3)CCc3cc(-c4cccc(C#N)n4)ccc32)CC1,38.16
N#CC(=Cc1ccc(-c2cccc(C#N)n2)[nH]1)c1nc2cc(F)c(C(F)(F)F)cc2[nH]1,23.79
O=CN1CCN(C=Nc2nc(N=CN3CCN(C=O)CC3)nc(N=CN3CCN(c4ccnc5cc(C(F)(F)F)ccc45)CC3)n2)CC1,14.64
N#Cc1ccc(C#Cc2nc(-c3cccc(C#N)n3)c(C#N)c(=N)[nH]2)cc1,17.34
Cc1c(C=O)sc(=NC(=O)Nc2ccc(C#N)cc2)n1C,30.21
N#Cc1c(Cl)c(C#N)c(Cl)c(C#N)c1Cl,13.64
N#CC=Cc1ccc(C=Cc2ccc(-c3ccc(C#N)nc3)nc2)cn1,20.27
O=C1CCc2cc(-c3csc(-c4ccc(-c5ccnc(Cl)n5)cc4)n3)ccc2N1,17.89
NCCN=c1nc(-c2ccccc2)c2cccc([N+](=O)[O-])c2[nH]1,25.33
Cc1cc(-c2cc(NC(=O)c3cccc(Cl)c3)cc(-c3ccc(C#N)cc3)c2)ccn1,24.81
CCC(C(=O)NCCOC)n1nc(Cl)[nH]c(=Nc2c(C)cc(C#N)cc2Cl)c1=O,26.66
CCS(=O)(=O)N1CC=C(c2nc(-c3ccc(C#N)cn3)nc(-c3ccc(F)c4ccccc34)n2)CC1,34.85
Nc1ccc2ncc(-c3cccc(NC(=O)c4ccc(Cl)cc4)c3)nc2n1,33.02
N#Cc1cccnc1-c1ccc(N=c2nc(-c3cccnc3)cc[nH]2)nn1,27.97
[N-]=[N+]=Nc1ccc2c(c1)CCc1cc(Nc3ccc(F)c(NC(=O)c4cccc(C(F)(F)F)c4)c3)ccc1C2=O,27.9
N#Cc1ccc(-c2cc(-c3cc(-c4nc(Cl)nc(Cl)n4)nc(-c4ccc(C#N)cc4)n3)nc(-c3ccc(C#N)cc3)n2)cc1,15.67
N#Cc1ccc(-c2ccc(-c3nc4ncc(C#N)cc4nc3-c3ccc(-c4c[nH]c(=N)cn4)cc3)cc2)cc1,16.57
COc1cc(-c2ncccc2F)ncc(=NCCn2cc(NC(=O)c3nc(C(C)C)sc3Nc3cc(F)c(F)c(F)c3)cn2)n1,27.46
O=C(O)CCNC(=O)c1ccc(-c2cc(C(F)(F)F)ccc2CNc2ccc(-c3cccc(-c4ccc(-c5nc(Cl)nc(Cl)n5)cc4)c3)cc2)cn1,22.97
N#Cc1ccc(Nc2s[nH]c(=O)c2C#N)c(-c2nc(C(N)=O)c(-c3ccc(C(N)=O)cc3)s2)n1,40.48
N#CCc1nccc(-c2ccc(-c3ccc4nncn4n3)cc2)n1,26.96
N#Cc1ccc(-c2nc(-c3ccc(-n4cncn4)c(F)c3)nc(-c3c(F)c(F)c(C#N)c(F)c3F)n2)cc1,16.61
COc1ccc(-c2csc(=NC(=O)c3cc(N(C)Cc4ccc(C#N)cc4)ccn3)[nH]2)cc1,27.64
Fc1c(-c2cccc(-c3nn[nH]n3)c2)ccc(-c2nc(Cl)nc(Cl)n2)c1F,17.88
C=c1nc2ccc(C)cn2c1=Cc1cc(=N)nc(-c2ccc(-c3ccc(C#N)cc3)cc2)[nH]1,23.85
Oc1c2c(c(O)n1-c1ccc(-c3nc(Cl)nc(Cl)n3)cc1)C1C=CC2C1,14.41
Fc1cc(Cl)cc(CNCc2cccc(-c3cc(-c4ccc(-c5nc(Cl)nc(Cl)n5)cc4)cc(-c4ccc(-c5nc(Cl)nc(Cl)n5)cc4)c3)c2)c1,26.77
N#Cc1ccc(-c2nc(-c3cncc(C#N)c3)nc(N3CCCNCC3)n2)cc1,16.45
N#CC1C(=O)NC(c2ccc(-c3ccccc3)cc2)(C(F)(F)F)CC1=Nc1ccc(Cl)cc1,26.88
Cn1cc(C2=C(c3cn(N)c4ccccc34)C(=O)NC2=O)c2ccccc21,25.39
CCOC(=O)c1[nH]c2ccc(-c3cc(F)cc(C#N)c3)cc2c1C(=O)C#CCN(CC)CC,33.86
N#Cc1ccc(-c2ccc(-c3nc(C(N)=O)cc(N4CCOCC4)n3)cc2)cc1,14.69
Cc1cc(-c2cc(C#N)cc(N3CC4(Cc5cc(C#N)ccc5N4Cc4ccccn4)N(c4cccnc4)C3=O)n2)nc(C#N)n1,41.3
N#Cc1ccc(-c2ccc(-c3nc(-c4ccc(-c5ccc(C#N)cc5)cc4)nc(-c4cc(C#N)nn4-c4ccc(Cl)cc4Cl)n3)cc2)cc1,15.92
COc1ccc(Cl)cc1N=c1[nH]c2ccccc2c(=O)s1,24.35
COc1cc2c(cc1O)C1Oc3cc4c(cc3CC(C)C(OC3OC(C)C(O)C(O)C3O)CC1NC2=O)OCO4,52.65
N#Cc1ccc(-c2ccc(-c3nc(=N)nc(S(=O)(=O)Cc4ccc(-c5ccnc(C#N)c5)cc4F)[nH]3)cc2F)nc1,35.94
Cc1ccc2nc(-c3ccc4c(n3)C(=O)c3ccc(NC(=O)c5ccccc5)cc3C4=O)cn2n1,27.53
Nc1cc(O)c(N=Cc2ccc(-c3nc(-c4ccc(C=Nc5ccc(C(=O)NNC=O)cc5)cc4)nc(-c4ccc(C=Nc5cc(O)c(N)cc5O)cc4)n3)cc2)cc1O,18.58
Cn1nc(Cc2ccc(-c3ccc(C#N)cc3)cc2)nc1-c1ccc(-c2cccc(C#N)n2)cc1,13.83
N#Cc1ccc(NC(=O)COC(=O)c2nc(-c3ccc(Cl)cc3)cc(-n3cccn3)n2)cc1,32.09
O=S(=O)(Nc1cccc2c(C(O)O)n[nH]c12)c1ccc(Cl)cc1,31.21
N#Cc1ccc(N=c2cc(Nc3ccc(C#N)c(Cl)c3)nc3c(C#N)c[nH]n23)cc1,23.98
CN1CCN(Cc2ccc(NCc3ccc(-c4nc(-c5ccc(-c6ccc(C#N)cc6)cc5)nc(-c5ccc(-c6ccc(C#N)cc6)cc5)n4)c(F)c3F)cc2)CC1,22.85
Fc1cccc(CN=c2[nH]cnc3c2ncn3C2CC3CCC2C3)c1,26.15
N#Cc1ccc2ccc(N=c3nc(N4CCCC4C(=O)NCc4cccc5c4OCO5)[nH]c(-n4cccn4)n3)cc2c1,44.63
Clc1ccc(-c2nc3c(Cl)cc(Cl)cn3c2C=Nc2cccnc2)c(Cl)c1,25.56
N#Cc1ccc(-c2ccc(-c3nc(-c4ccc(-c5ccc(C#N)cn5)nc4)nc(C4Cc5ccccc5CN4)n3)cc2)cc1,16.55
CC(C)OC(=O)C(Cc1ccc(-c2ccccc2)cc1)NC(=O)COC(=O)c1ccc(-c2cccc(C#N)c2)cc1,38.13
N#Cc1ccc(-c2cncc(-c3ccc(CNc4c[nH]c(C#N)nc4=N)nc3)n2)cc1,34.78
N#Cc1ccc2nc(-c3ccc4oc(-c5cccc(NC(=O)COc6ccc(Cl)cc6)c5)nc4c3)ccc2c1,24.95
COc1ccc2cc(CN3CC(CCl)c4c(ccc5cc(OC)ccc45)N(Cc4ccc5[nH]ncc5c4)C3=O)ccc2c1,51.72
N#Cc1ccc(-c2nc(-c3ccc(C#N)cc3)nc(-[n+]3nc(-c4ccc(Cl)cc4)nn3-c3ccc(F)cc3)n2)cc1,21.65
Cc1ncc(C#N)cc1-c1nc(-c2cncc(C#N)c2)nc(-c2cncc(C#N)c2)n1,11.28
CN(C)CCOc1cc(-c2c[nH]c3ncc(F)cc23)nc(-c2ccc(-c3cc(-c4cccc(C#N)n4)nc(C4CCCN4C(=O)Cc4cccnc4)n3)cc2)n1,41.3
N#Cc1cc2c(cn1)c(-c1csc(Cl)c1)cn2Cc1ccc(-c2cccnc2)cc1,38.99
COC(=O)c1cc2ccc(OC)cc2n1Cc1ccc(Cl)cc1,24.07
CCC=CCC=CCC=CCC=CCCC=C(C)CC1OC(=O)c2cc(OC)cc(OC)c21,36.87
CC(=O)N(Cc1ccc(F)cc1Cl)c1nc(C#N)ncc1Br,26.53
N#CC(C#N)=c1sc(=Cc2c(-c3ccc(F)cc3)nc3ccccn23)c(=O)n1-c1cccc(C(F)(F)F)c1,24.12
COCCN(CC1CC1)c1nc2nc(N=C=S)c(Oc3ccc(F)cc3F)cc2cc1C#N,41.12
CC(N=c1cc[nH]c(-c2ccc(F)cc2)n1)c1nnnn1-c1ccc(-c2ccc(C#N)cc2)cc1,29.38
COc1cccc(CNCC(O)C(Cc2ccccc2)NC(=O)c2cc(-c3cccc(C(C)=O)c3)cc(N3CCCC3=O)c2)c1,31.26
O=c1nc(OCC2COCCO2)cc2n1CCc1cc(C#Cc3ncccc3F)ccc1-2,21.37
CC(=Nc1ccc2c(c1)C(=O)c1ccc(NC(=N)N)cc1C2=O)N(C)C,22.52
C#CCN(CC(=O)OCC)c1nc(C#CCCCC)nc2nc(-c3ccc(F)cc3)c(-c3ccc(F)cc3)cc12,44.71
Cn1c(CSc2nc(Cl)c(C#N)c(-c3ccc(Cl)cc3)n2)nc2cc(Cl)ccc21,21.18
N#Cc1ccc(-c2nc3c(C(=O)NCc4ccccn4)ccnc3n2CCCN2CCOCC2)cc1,28.47
CC(=NOC(=O)c1ccc(C(F)(F)F)cc1)c1ccc(C#N)cc1,22.89
CCn1cnc2c(=NC3CCCC3)[nH]c(C=CC#N)nc21,24.1
O=C(NCC(O)=NO)c1nc(-c2cccc(Cl)c2Cl)nc(-c2cc(C(F)(F)F)cc(C(F)(F)F)c2Cl)n1,32.7
COc1cc(-c2nc(-c3cncc(C#N)c3)nc(-c3cncc(C#N)c3)n2)ccc1C#N,13.08
C#Cc1cn(C2OC(C)C(O)C2O)cn1,26.53
CN(C)C1CCCN(Cc2nc(-c3ccc(C#N)cc3)nc(-c3ccc(C#N)cc3)n2)C1,19.92
Cc1cccn2c(N)c(-c3ccc(-c4ccc(C#N)cc4)cc3)nc12,16.99
Cc1nc(-c2ccoc2)nc(-c2cc(CN3CCN(S(C)(=O)=O)CC3)c[nH]c2=Nc2cccnc2)n1,33.09
Cc1ccc(C(=O)N=c2cc(-c3ccccc3)n(C3CCCCC3)[nH]2)c(C)c1O,25.35
Clc1ccc(-c2ccc(CNCc3cccc(-c4cccc(-c5nc(N6CCOCC6)c6ccccc6n5)c4)c3)cc2)cc1,19.5
CC(C)CNC(=O)c1cc(-c2ccc(C#N)cc2)on1,21.24
CN(C)CCc1nc2ccc([N+](=O)[O-])cc2s1,28.36
Cc1ccc(NC(=NC#N)Nc2ccc(-c3nc(-c4ccc(C#N)cc4)nc(-c4cc(Cl)ccc4Cl)n3)cc2)cn1,29.99
Cc1ccc(N(C)C(=O)c2nc3nc(-c4ccc(C#N)cc4)cc(C(F)(F)F)n3n2)cc1,24.73
CNC(=O)C12CC1C(n1cnc3c(N4CCN(C(=S)NCCC(=O)O)CC4)nc(Cl)nc31)C(O)C2O,29.31
Nc1ccc(N=Cc2ccc(-c3nc(-c4ccc(C=Nc5cc(O)c(N)cc5O)cc4)nc(-c4ccc(C=Nc5cc(O)c(N)cc5O)cc4)n3)cc2)c(O)c1,10.07
C=CCN(CCC#N)c1ccc(C=Nc2cc(O)c(N)cc2O)cc1,15.02
O=c1cc(N=Cc2ccc(Cl)cc2)n(Cc2ccc(F)cc2)c(=O)[nH]1,20.35
Clc1ccc2c(=NCCCNCCCN=c3cc[nH]c4cc(Cl)ccc34)cc[nH]c2c1,22.57
Cc1cc(C)cc(-c2nn(C)cc2-c2cc(-c3ccccn3)nc(-c3ccc(C#N)cc3)n2)c1,22.23
N#Cc1ccc(-c2nnc(-c3ccc(Nc4cccc(C#N)c4)c(C#N)c3)o2)cc1,21.06
Cc1cc(C)nc(C(C#N)c2ccc3c(c2)C(=O)c2ccccc2C3=O)n1,27.15
C=c1[nH]n(-c2ccc(-c3nnc(-c4ccc(C#N)cc4)n3C)cc2)c(=O)c1=Cc1ccc(-c2ccc(C#N)cc2)o1,23.61
C=C(c1ccc(C#N)cc1)c1cccc(CNC(=O)c2ccc(-c3ccc(CO)cc3Cl)cc2)c1,34.34
CN(C)c1nc(Cl)nc2c1ncn2Cc1ccc(Oc2ccc(C#N)cc2)cc1,24.03
COc1cc(OC)c(CC=NC=O)cc1C=O,24.08
N#Cc1ccc(-c2nc(-c3ccc(Oc4ccccc4)cc3)nc(-c3ccc(-c4ccc(-c5ccc(-c6nc(Cl)nc(Cl)n6)cc5)o4)cc3)n2)cc1,28.09
Cc1cc(C)[nH]c(=Nc2nc(-c3ccc(C(N)=O)cc3)cn3cc(-c4ccc(C#N)cc4)nc23)n1,26.41
N#Cc1ccc(C=CC(=O)c2cccc(C(=O)C=Cc3ccc(-c4ccccc4)cc3)c2)cc1,18.39
COc1ccc(C=Cc2nc3cc(C#N)ccn3[n+]2-c2ccc(C#N)c(-c3ccc(C)nc3)c2)cc1,30.85
CCCC(C)n1c(=S)[nH]c(O)c(C=Nc2ccc(Cl)cc2)c1=O,21.34
N#Cc1ccc(-c2nc(C(=O)N=C3NCCS3)cc(-c3cccc(-c4nc(-c5ccc(C#N)cc5)nc(-c5ccc(C#N)cc5)n4)c3)n2)cc1,21.83
N#Cc1ccc(C=Cc2nc(-c3ccc(-c4ccc(C#N)cc4)cc3)nc(-c3cc(-c4ccc(-c5nc(Cl)nc(Cl)n5)cc4)cc(-c4ccc(-c5nc(Cl)nc(Cl)n5)cc4)c3)n2)cc1,16.86
COc1cc2c(OCc3cc(-c4ccc(C#N)cc4)nc(-c4ccc(C#N)cc4)n3)nc(C#N)nc2cc1OCCCN1CCOCC1,21.97
COc1nc(C=CC#N)nc(C=NO)n1,17.14
N=c1[nH]c(=N)c2cc(Cn3nnc(CO)c3CO)cnc2[nH]1,34.88
N#Cc1ccc(-c2nnnc(-c3cncc(C#N)c3)n2)cc1,12.03
O=c1c(-c2ccccc2)cccn1Cc1nc(-c2cccc(F)c2)no1,22.41
COc1ccc(-c2nc(-c3ccc(C#N)cc3)nc(-c3ccc(-c4cc(C(=O)NC5CC6CCC(C5)N6C)nc(-c5ccc(C#N)cc5)n4)cc3)n2)cc1C#N,28.59
C#CC=CCC(O)C(O)CC=C(O)CC(C)C=CC1=CC=C(CO)SS1,41.32
N#Cc1cccc(-c2ccc(-c3nc(Cl)nc(Cl)n3)cc2)c1,10.3
FC(F)(F)c1c[nH]c(-c2ccc(-c3cc(N=c4nc(-c5ccccn5)cc[nH]4)cc(-c4cnccn4)c3)cc2)n1,23.42
N#Cc1ccc(-c2nc(-c3nc(-c4c5ccccc5c(C#N)c5ccccc45)nc(-c4c5ccccc5c(C#N)c5ccccc45)n3)c3ccccc3n2)cc1,9.52
CCC(=O)n1cc(C2=CCN(C)CC2)c2ccccc21,27.54
N#Cc1ccc(-c2ccc(Cc3nnc4c(-c5ccc(Cl)cc5)cnc(N5CCOCC5)n34)cc2)cc1,22.49
O=C(Nc1ccccn1)c1ccc(Cl)nc1,23.03
O=C(NN=C(c1ccccc1)c1ccccc1)C1CC1,23.87
Cc1cc(-c2nc(Cl)nc(Cl)n2)ccc1-c1cc(-c2ccc(-c3nc(Cl)nc(Cl)n3)cc2)cc(-c2ccc(-c3nc(Cl)nc(Cl)n3)cc2)c1,12.57
C=CCn1cc(-c2cc(-c3c[nH]c4ccc(C#N)cc34)nc(-c3c4ccccc4c(C#N)c4ccccc34)n2)c2ccccc21,20.54
N#Cc1ccc2oc(-c3cccc(NC(=O)c4ccco4)c3)nc2c1,19.67
Cc1ncc([N+](=O)[O-])n1CCCOc1ccccc1,23.08
N#Cc1cnc2ccccc2c1,18.17
CC#CCOc1ccc(C(=O)NCc2cc(CC(Cc3ccccc3)C(=O)O)ccc2OCCC)cc1,25.78
Cc1ccccc1Oc1nc(=Nc2ccc(C#N)cc2)[nH]c(=Nc2ccc(C#N)cc2)[nH]1,19.0
Cc1ccc(C(=O)Nc2ccc(C#N)c(C(F)(F)F)c2)cc1NC(=O)c1ccc(CN2CCN(CCO)CC2)cc1,24.33
N#Cc1c2ccccc2c(-c2cc3c(c(-c4cncs4)n2)C(=O)NC3=O)c2ccccc12,30.61
CC(=NO)c1ccc(C#Cc2ccc(C#N)cn2)nc1,22.8
Nc1ccc2c(c1)C(=O)c1ccc(Nc3nc(N=CN4CCN(C=O)CC4)nc(Nc4ccc(-c5ccc(-c6ccnc(-c7ccc(C=CC(=O)O)cc7)n6)cc5)nc4)n3)cc1C2=O,29.95
N#Cc1ccc(-c2ccc(-c3cc(-c4ccc(NC(=S)NC(=O)c5ccc6ccccc6c5)cc4)nc(-c4ccc(-c5ccc(C#N)cc5)cc4)n3)cc2)cc1,23.34
N#Cc1ccc(-c2cc(CNC(=O)C(c3ccccc3)c3ccc(Cl)cc3)ccc2C#N)cc1,28.74
N#Cc1ccc(-c2nc3cc(NC(=O)c4ccc5c(c4)OCO5)ccc3c(=O)n2Cc2ccccn2)cc1,33.43
N#Cc1cncc(-c2cc(-c3cc(C#N)nc(C#N)n3)nc(N3CCC3)c2)c1,24.14
Cc1nc2c(c(C)c1C)c(O)c(-c1nsc(N=Nc3ccc(N(C)C)cc3)n1)c(=O)n2Cc1ccccc1,38.43
Cc1nnc2ccc(-c3ncc(-c4cc(-c5ccncc5)nc(-c5ccc(C#N)cc5)c4)cc3-c3ccccn3)nn12,35.44
N#Cc1cncc(-c2ccnc(CN3C(=O)c4ccccc4S3(=O)=O)n2)c1,26.58
N#Cc1ccc2[nH]c(=N)c(-c3nc(-c4c[nH]c5ccccc45)nc(-c4c5ccccc5c(C#N)c5ccccc45)n3)cc2c1,18.61
N#Cc1cncc(-c2nc(C#N)nc(N3CC4CCC(C3)O4)n2)c1,12.72
COc1cc(C)cc(O)c1C(=O)C=Cc1cccnc1,24.76
Nc1[nH]c(N=Nc2ccc([N+](=O)[O-])cc2)nc(=O)c1N=Nc1ccc(Cl)cc1,26.12
CC1C(=N)Oc2ccc(-c3cncnc3)nc2C12Cc1ccc(-c3cccnc3F)cc12,24.94
O=C(C=CC=Cc1ccc2c(c1)OCO2)NCCc1ccc(Cl)cc1,18.63
Nc1ccc2c(c1)C(=O)c1ccc(NC(=O)c3ccccn3)cc1C2=O,17.41
COc1ccc(-c2nc(=Nc3cccc(C#N)c3)nc(-c3ccc(N=Cc4cc(Br)ccc4O)cc3)[nH]2)cc1,31.19
N#CC=Cc1ncnc2sc(C#N)c(NC(=O)C(C#N)=Cc3ccc(-c4ccccn4)cc3)c12,34.71
Cc1ccc(-c2nc(Cn3nc(C(C)(C)C)nc3-c3ccncc3)co2)cc1,23.89
C=CCOc1cccc(Oc2cc(C)nc(-n3ccc(-c4ccc(Cl)c(C(F)(F)F)c4)n3)n2)c1,35.76
O=C(NCCc1cccnc1)c1cnn(-c2ccc(F)cc2)c1-n1cccc1,19.65
CCc1nc(SCC(=O)Nc2ccccc2Cl)c2c(=O)n(C)c(=O)n(C)c2n1,27.1
N#Cc1c[nH]c(=NC(=O)N=c2cc(-c3ccc(-c4cc(C(F)(F)F)cc(C(F)(F)F)c4)cc3)nc(C(N)=O)[nH]2)cn1,20.94
O=S(=O)(N=c1cccn[nH]1)c1cc(Cl)c(Oc2ccc(Cl)cc2F)cc1F,25.25
CCn1ccc(-c2ccc(Cc3cc4c(=O)n(Cc5ccc(C#N)cc5)ncc4cc3F)cc2)cc1=NC,40.91
O=C(Nc1ccc(N(CCCl)CCCl)cc1)Nc1ccc2c(c1)[S+]([O-])c1ccccc1N2,29.97
N#Cc1ccc(-c2cc(C(F)(F)F)n(-c3ccc(N=CN4CCN(C=O)CC4)c(F)c3)n2)cc1,19.71
N#Cc1ccc(-c2ccc(-c3cc(-c4cn(-c5ccccc5C#N)nn4)nc(-c4ccc(C#N)cc4)n3)cc2)cc1,19.56
COc1cc(C=CC(=O)OCC=Cc2cc(OC)c(OC)c(OC)c2)cc(OC)c1O,19.55
CCCCCCn1c(-c2cc(-c3nnnn3-c3ccc(F)c(F)c3)ccc2O)nc2cnc(Cl)nc21,37.86
Cc1ccccc1N=c1[nH]cnc2cc(-c3ccc(C=NCCc4ccccc4)cc3)sc12,32.81
COC(=O)c1cccc(C#N)c1,18.23
COCc1ncc(C(=O)Nc2ccc(-c3ccc(C#N)cc3)c(C)c2)cc1-c1ccc(C#N)cn1,36.0
N#Cc1ccc(-c2ccc(-c3nc(-c4ccc(-c5ccc(C#N)cc5)cc4)nc(-c4ccc(C#N)c(F)c4)n3)cc2)cc1,9.56
CCc1ccc(-c2cc(-c3c(F)c(F)c(C#N)c(F)c3F)nc(-c3ccc(S(C)(=O)=O)cc3)n2)cn1,27.57
N#Cc1ccc(-c2nnc(-c3cccc(-c4cccc(-c5nccc(C#N)n5)c4)c3)o2)cc1,17.43
N#Cc1ccc(Cn2c(C#N)cc(-c3ccc(F)cc3)c2-c2ccc(Cl)cc2)cc1,25.24
O=C(Nc1ccc(N=c2[nH]c(=Nc3ccc(F)cc3)[nH]cc2F)cc1)C1CCCCC1,23.84
N#Cc1ccc(-c2ccc(CN=c3nc(-c4ccc5ccccc5c4)[nH]c4ccccc34)cn2)cc1,25.63
N#Cc1ccn2c(C(=O)NNc3ncc(C(F)(F)F)cc3Cl)cc(C#N)c2c1,28.66
c1ccc(-c2cc(-c3ccccc3)nc(-c3ccncc3)n2)cc1,16.11
N#Cc1ccc(-c2ccc(-c3nc(-c4ccc(-c5ccccc5C#N)cc4)nc(-c4ccc(C#N)cn4)n3)cn2)nc1,17.07
N#Cc1ccc(N=c2nc(Oc3cccc4c3C(=O)CC4)cc[nH]2)cc1,14.85
C#CCCCC(=O)n1cc(C#N)c(-c2ccc(-c3ccc(C#N)cn3)cc2)c1,29.82
Cc1c(C#N)nc(-c2ccc(C#N)cc2)nc1N=CN1CCN(C=O)CC1,11.28
O=C1Cc2cc(OCc3ccccc3)ccc2C(c2cccc(F)c2)N1c1ccc2oc(C3CC3)nc2c1,34.59
N#Cc1ccc(-c2ccc(-c3nc(-c4ccc(Cl)cc4)nn3C3CCc4cc(N)ccc43)cc2)cc1,26.99
Cc1cc(-c2ccc(-c3ccon3)c(C(=O)NCC3CCN(c4ncc(-c5ccc(C#N)cn5)cn4)CC3)c2)nc(C#N)n1,33.11
N#Cc1ccc(-c2cccc(-c3ccc4c(c3)COC4=O)n2)cc1,18.85
C#CCSc1nc(Cl)c(C#N)c(-c2ccccc2)n1,15.42
Cc1cccc(N2CCN(CCN=c3cnc(N(C)C)n[nH]3)CC2)c1,29.78
CCc1ncnc(-c2ccc(C(=O)N3CCN(CC4CC4)CC3)c(F)c2)c1C#Cc1cc(F)ccc1F,22.63
Cn1c(C=Cc2ccccc2)nc(C#N)c1NCCCO,15.66
CN(C)CCC=NC(=O)c1csc(-c2ccc3ccc4c(=Nc5ccc(F)cc5)nc[nH]c4c3c2)n1,38.96
O=CN1CCN(C=Nc2nc(N=CN3CCN(C=O)CC3)nc(N=NN3CCCC3)n2)CC1,14.22
COc1cc(N=Cc2ccc(-c3cccc(-c4ccc(-n5nc(-c6ccc(-c7ccc(C#N)cc7)cc6)nc5-c5ccc(-c6ccc(C#N)cc6)cc5)cc4)n3)cc2)c(C)cc1N,22.62
CC(C)(C)c1cc(=NC(=O)Nc2cc(C(F)(F)F)cc3c2ccc(=O)n3-c2ccc(F)c(F)c2F)n(-c2ccc(CO)cc2)[nH]1,29.33
CC(=O)c1cccc(NC(=S)NC(=O)c2ccc(-c3ccc(N=C(N)c4ccccc4)cc3)cc2)c1,28.6
N#Cc1ccn(-c2cccc(-c3nn4cc(-c5ccc(C(=O)N=c6cc(C(F)(F)F)cc[nH]6)cc5)nc4c(=NCC(N)Cc4ccccc4)[nH]3)n2)c1,34.28
N#Cc1c(F)c(F)c(-c2noc(-c3c(F)c(F)c(C#N)c(F)c3F)n2)c(F)c1F,10.64
N#Cc1cc(-c2ccc(-c3nc(Cl)nc(Cl)n3)cc2)ccc1-c1ccc(-c2nc(Cl)nc(Cl)n2)cc1,13.48
Cc1ccnc(N=CN2CCN(C=O)CC2)n1,13.4
C=c1c(O)cc(N=CN2CC2)c(O)c1=C,14.44
CC1CC(=O)NN=C1c1ccc(Oc2ccc(S(=O)(=O)CC3CC3)cc2)cc1,31.2
O=C1NNC(=O)C1=Cc1ccc(-c2ccc(-c3ccc(-c4ccc(CCCCBr)cc4)c(C(=O)O)c3)cc2)cc1,41.2
Cc1cc(C#N)cc(C)c1C(=O)NC(CCc1ccccc1C#N)C(CN)c1cc(F)cc(C#N)c1,50.19
OCC1c2c([nH]c3ccccc23)CN1CC=Cc1ccc(-c2ccccc2)cc1,31.66
COc1cc(C#N)cc(-c2nc(OC)c(-n3cnc(C)c3)cc2F)c1,26.13
C=CCN[S+]([O-])c1[nH]c(=N)[nH]c(=N)c1-c1ccc(C#N)cc1,29.96
FC(F)(F)c1ccc(N=c2[nH]c(N3CCOCC3)nc3c2CCN(c2ncccc2C(F)(F)F)CC3)cc1,17.68
N#Cc1cccc(COc2cccc(NC(=O)c3ccc(F)c(-c4cccs4)n3)c2)c1,30.98
O=C(NCc1ccc(F)cc1F)c1cn(Cc2cccc(F)c2F)nn1,26.48
C=CC(=O)Nc1ccc(C(=O)Nc2ccc3c(c2)OCc2ccc(N)cc2C3=O)c(O)c1,23.43
CC(C)c1nc(=NC(=O)c2cc(-c3ccccn3)c(F)cc2Cl)n(-c2ccc(F)cc2F)[nH]1,26.45
CN(C)c1nc(Cc2ccc(-c3cc(Cl)nc(Cl)n3)cc2)nc(-c2cccc(C#N)n2)n1,24.66
N#Cc1ccc(-c2ccc(-c3ccc(-c4nc(-c5ccccc5)n[n+](-c5ccccc5)n4)cc3)cc2)cc1,15.14
CCN(C(=O)c1c(-c2c(F)cccc2Cl)noc1C)c1c(N)n(Cc2ccccc2)c(=O)[nH]c1=O,22.87
N#Cc1ccc(-c2ccc(-c3cc(-c4nnc(C5(c6ccc(Cl)cc6)CC5)s4)nn3-c3ccc(Cl)c(Cl)c3)cc2)cc1,28.94
Cc1cc(N(C)c2cc(C#N)c(-c3ccc(C#N)cc3)cn2)nc(-c2ccc(C#N)cc2)n1,28.19
N#Cc1cc(Cl)c(F)c(-c2cc(-c3ccc(-c4nc(Cl)nc(Cl)n4)c(F)c3)nc(-c3ccc(C#N)nc3)n2)c1,20.5
CS(=O)(=O)c1ccc(-c2nc(-c3ccc(C#N)cc3)nc(-c3ccc(C#N)cc3)c2-c2ccc(C#N)cc2)cc1,14.54
O=C(c1cn(CC2CCC(CCCCO)O2)nn1)c1c(F)c(F)c(F)c(F)c1F,32.95
CS(=O)(=O)Nc1cccc(-c2c(-c3ccc(F)cc3)nc(-c3ccc(C#N)cc3)n(C3CCCCC3)c2=O)c1,26.47
NC(=S)N=Nc1c(O)n(Cc2ccc(F)cc2)c2ccc(F)cc12,16.94
Nc1ccc2cc(-c3ccc(-c4c5n(c(=O)c6cc(NC(=O)CCN7CCCC7)ccc46)CCCN5)nn3)sc2c1,37.38
O=C(Cc1ccc(F)cc1)NC1CC(=O)N(c2ccc(Cl)c(F)c2)C1,28.73
N#Cc1ccc(CN(C=O)c2ccc(-c3nc(-c4ccc(-c5ccc(C#N)cc5)cc4)nc(-c4ccc(Cl)s4)n3)cc2)cc1,28.1
CCn1ncc2c(=Nc3cccc(Cl)c3)[nH]c(N3CCN(C)CC3)nc21,29.42
N#Cc1ccc(-c2nc(=O)c(-c3ccccc3)n[nH]2)cc1,16.59
N#Cc1cncc(NC(=O)c2cccc(-c3nc(-c4ccnc(F)c4)n4ncccc34)c2)c1,30.97
CCOC(=O)C1(Cc2ccccc2)CCN(Cc2ccn(-c3ccccc3)n2)CC1,21.95
C=CCn1c(=O)c(C=NCCCN(CC)CC)c(O)n(-c2ccc(C)cc2)c1=O,16.82
Nc1ccc2c(c1)C(=O)c1ccc(N=Cc3ccccn3)cc1C2=O,10.11
CC(C)C1(c2ccc(-c3nc(C(=O)N(C)C)co3)cc2)CCN(c2ccc(F)c(C#N)c2)C1,34.98
O=CN1CCN(C=Nc2nc(N=CN3CCN(c4ccccn4)CC3)nc(N3CCCCC3)n2)CC1,19.02
Cc1ccc2c(c1)nc(C=C1CCc3ccccc3C1=O)n2C,22.92
Oc1cc(C(O)NCc2ccc(F)cc2)cn1-c1ccc(OCc2ccccc2)cc1,20.1
Cc1cc[nH]c(=NS(=O)(=O)c2ccc(-n3ccc(C#N)c3)cc2)c1,26.99
N#Cc1ccc(-c2ccc(-c3nc(-c4ccc(-c5ccc(C#N)cc5)cc4)nc(-c4ccc5c(c4)CCCC5)n3)cc2)cc1,14.39
CCn1cc(C=Nc2cc(O)c(N)cc2O)c2cc(S(=O)(=O)N3CCOCC3)ccc21,20.4
N#Cc1ccc(N2CCC(CC(N)=O)C2=O)cc1,26.93
N#Cc1ccc(-c2ccc(-c3c(C#N)c(C(F)(F)F)nn3-c3ccc(C#N)cc3)cc2)cc1,11.05
CCNC(=O)Nc1cnc(=NCc2nc(C#N)cs2)[nH]c1-c1ccc(C#N)cc1,30.67
COc1ccc(C=Cc2cc(OC)c(OC)c(OCCCC(=O)O)c2-c2ccc(-c3ccc(C=Cc4ccc(C(=N)NC(C)C)cc4)cc3)cc2)cc1,32.77
COc1ccc(C#N)cc1N=c1[nH]c(C#N)cc(=NC2CCN(C)CC2)[nH]1,25.79
COCCn1cc(-c2ccc(-c3ncc4c(n3)-c3c(C(N)=O)nn(-c5ccc(-c6cn(CCN)cn6)cc5)c3CC4)cc2)cn1,41.87
N#Cc1ccc(-c2nc(C=Nc3ccc(-c4cc(C(F)(F)F)ccc4C#N)cc3N)nc(-c3ccc(C#N)cc3)n2)cc1,26.05
N#Cc1ccc(-c2ccc(C(=O)N(Cc3ccc4c(n3)NCCC4)c3cccc(C#N)c3)cn2)cc1,23.33
Cc1ccccc1-n1c(O)c(C=Nc2ccc(Br)cc2)c(=O)n(C(C)c2ccccc2)c1=S,33.76
O=CN1CCN(C=Nc2ccc(Br)c(Cl)c2)CC1,19.1
N#Cc1ccc2nc(C(N)=O)cc(-c3ccc(F)cc3F)c2c1,17.91
CON=C(c1ccc(OC(=O)c2ccc(C#N)cc2)cc1)c1ccccc1COc1ccc(C(F)(F)F)cn1,32.9
O=C1c2ccc(Nc3ccc(F)c(NC(=O)C4CC4)c3)cc2C(=O)c2ccc(COc3ccccc3)cc21,23.53
N#Cc1ccc(-c2ccc(-c3nnc(Cl)c(Cl)n3)cc2)cc1,12.06
CCN(c1nc(C)nc(N(C)C)n1)c1ccc(N)cc1Br,22.9
CC(Oc1cc(N=c2[nH]cnc3c2ncn3Cc2ccc(C#N)cc2)ccc1Cl)c1cccc(C2CCCC2)c1,44.93
COC(=O)N1C2CCC1CC(c1nc(-c3ccc(-c4cnn(C)c4)cc3)c3ncn(C)c3n1)C2,27.29
N#Cc1ccc(-c2cc3ccc(Cl)cc3[nH]c2=O)c(Cl)c1,22.82
c1ccc(-c2ccc(-c3noc(Cc4nnc(-c5cccs5)s4)n3)cc2)cc1,21.39
C=CCc1cc(Br)ccc1N=c1nc(-n2cnc3ccc(C#N)cc32)cc[nH]1,30.84
Cc1ccccc1OCCC(=O)OCC(=O)Nc1c(C)n(C)n(-c2ccccc2)c1=O,21.87
N#Cc1ccc(-c2ccc(-c3nc(-c4cccc(F)c4)[nH]c(=Nc4ccc(Cl)cc4)n3)cn2)nc1,22.91
C=CCN1CCN(c2c(NCCO)c(=O)c2=O)CC1,26.21
Cn1ncc(-c2cc(C=CC#N)ccn2)c(-c2ccc(Cl)cc2)c1=O,29.17
N#Cc1ccc(-c2ccc(-c3nc(=Nc4cc(Cl)ccc4Cl)c4ccccc4[nH]3)cc2)cc1,22.3
CC(C)(C)CC(C#N)NC(=O)c1ccc(N2CC(F)(F)C2)c(OCC2CC2)n1,20.4
COc1cc(Nc2oc(-c3ccc(C#N)cc3)nc2C#N)ccc1-n1cnc(C)c1,16.95
CCc1cccc(C)c1NC(=O)c1cc(C(C)(C)C)nn1Cc1ccc(-c2ccccc2)cc1,26.73
O=C(c1ccc(Cn2c(=O)[nH]c3ccc(Br)cc3c2=O)cc1)N1CCN(c2ncccn2)CC1,29.17
C#Cc1cccc(N=c2[nH]cnc3ccc(-c4cccc(O)c4)cc23)c1,18.88
N#Cc1ccc(-c2ccc(-c3cc(-c4ccc(-n5c(-c6ccc(C#N)cc6)c(C#N)c6ncccc65)cc4)nc(-c4ccc(C#N)cc4)n3)cc2)cc1,19.51
NC(=O)N1CCc2[nH]c(C#CCC3CCCCC3)nc2C1,30.84
CC(C)(C)c1nn(-c2nc(-c3ccc(-c4cc(-c5ccc(Cl)cc5)nc(-c5ccc(C(F)(F)F)cc5)n4)cc3)cc(-c3ccc(Cl)c(Cl)c3)n2)[nH]c1=N,36.76
N#Cc1ccc(-c2ccc(CN(C(=O)c3cc4ncccc4c(-c4ccc(F)cc4)n3)c3ccccn3)cc2)cc1,25.34
Cc1cc(C)nc(-c2ccc(C=Cc3cccnc3)cc2)c1,30.03
N#Cc1cccc(CNC(=O)c2cc(Nc3ccc4c(c3)CCC4=NO)n3nccc3n2)c1,26.38
N#Cc1ccc(Nc2cncc(Nc3ccc4c(c3)C(=O)c3cc(N)ccc3C4=O)n2)cc1,13.92
N#Cc1cc(Nc2c(C#N)c(Cl)c(C#N)c(Cl)c2C#N)cc(C#N)c1F,15.52
OCCOCn1nc(-c2cc(OC(F)(F)F)ccc2Cl)nc1-c1ncc(Cl)cc1Cl,33.15
N#Cc1ccc(-c2ccc(-c3ccc(=O)n(CC(=O)N=c4ccc(-c5ccccc5)n[nH]4)n3)cc2)cc1,21.26
N#Cc1cn(-c2ncnc3[nH]ccc23)nc1-c1ccco1,22.72
CCCc1cc(-c2ccc(C#N)cc2)nc(C#N)n1,12.69
c1ccc2c(-[n+]3ccc(-c4ccncc4)cc3)cccc2c1,16.65
CC(N=c1[nH]c(=N)[nH]c(N)c1Cl)c1ccc(C=CC#N)cc1,17.77
N=C(N)c1cc(N)cc(N=Cc2ccc(-c3ccc(C(=O)c4ccc(C(=O)C=Cc5ccc(N=c6cc[nH]c7cc(Cl)ccc67)cc5)cc4)cc3)cc2)c1,38.24
O=CN1CCN(C=Nc2nnc3ccccc3n2)CC1,16.54
CC(N=c1nc(-c2cccc(C#N)c2)cc[nH]1)c1ccc(-c2ccc(C#N)cn2)cn1,21.32
N#Cc1ccc(-c2nc(-c3ccc(C#N)cc3)nc(-c3cccnc3F)n2)cc1,12.65
NC(=O)Cc1ccc(-c2ccc(-c3ccnc(C(=O)N=c4cccc(C(F)(F)F)[nH]4)c3)c(F)c2F)cc1,37.25
N#Cc1cccc(-c2nc(-c3cnc(C4(O)CCC4)c(F)c3)nc(-c3cccc(C#N)n3)n2)n1,21.85
CN(C)C(=O)c1ccc(-c2cc(-c3cccc(C#N)n3)nc(-c3cc(C(=N)N)ccn3)n2)cc1,24.97
Cc1ccc(NN=C(N)C=Cc2ccccc2)cc1,26.49
C=CCn1c(=O)c(F)cn(Cc2ccccc2Cl)c1=O,24.53
N#Cc1ccc(-c2nc(OC3CCN(c4ccc(Cl)cn4)CC3)nc(=Nc3cc(Cl)cc(Cl)c3)[nH]2)cc1,28.36
CC#CCOc1ccc(S(=O)(=O)Nc2ccc(N=c3cc(-c4ccccc4)[nH]c4ccc(NC(=O)CCN5CCCC5)cc34)cc2)cc1,33.93
N#Cc1cccc(-c2cc(-c3c[nH]c(=N)c(C#N)c3)nnc2N2CC(O)C(O)C2)c1,27.52
Cc1nn2cccnc2c1-c1cc[nH]c(=Nc2ccc3c(c2)C(=O)NC3)n1,24.0
Cc1nc2cc(F)ccc2cc1C=Cc1nc(-c2ccc(C#N)cc2)nc(-c2ccc(-c3ccc(C#N)cc3)cc2F)n1,31.35
N#Cc1ccc(-c2nc3c(c(=Nc4ccccn4)[nH]2)CCNCC3)cc1,26.65
CC(N)C(=O)N(C)Cc1ccc(C#N)cc1,24.7
CC(=O)NC(C)C#Cc1c[nH]c(=Nc2ccc(N3CCN(C(C)=O)CC3)c(Cl)c2)s1,29.9
CNC(=O)c1ccccc1Nc1nc(C(=O)Nc2ccc3c(c2)C(=O)c2cc(N)ccc2C3=O)c(F)cc1F,25.15
N#Cc1ccc(NC(=S)NNC(=O)c2c(O)[nH]c3ccc(F)cc3c2=O)cc1,28.21
Nc1cc(O)c(N=Cc2cccnc2)cc1O,9.66
CN1CCN(CCCN=c2nc(N(C)CCCN=C(N)N)[nH]c3scc(-c4ccc(C#N)cc4)c23)CC1,32.68
CCc1ncnc(-c2ccc(C(=O)N3CCCC(n4ccnn4)C3)c(Cl)c2)c1C#Cc1cccc(C)n1,28.13
N#Cc1ccc(-c2ccc(C#Cc3ccnc(-c4ccc(C#N)cc4)n3)cc2)cc1,15.84
CN(C)C(=O)N1CCC(c2nc(-c3cncc(C#Cc4cccc(Cl)c4)c3)c3ccc(C#N)nc3n2)CC1,27.29
N#Cc1c2ccccc2c(-c2nc(-c3ccc(C4OC(CO)C(O)C(O)C4O)o3)nc(-c3cncc4ccccc34)n2)c2ccccc12,24.16
O=C(Nc1ccc(-c2ccc(-c3nc(=Nc4ccc(OCc5cccc(F)c5)c(Cl)c4)c4ccccc4[nH]3)cc2)cc1)c1ccccc1,33.66
Cn1cnc(S(=O)(=O)N2CCN(c3ccc(C#N)cc3)CC2)n1,20.05
CCN=c1nc(-c2ccc(C#N)cc2)nc(-c2ccc(C#N)cc2)[nH]1,18.18
N#Cc1ccc(-c2ccc(-c3nc(-c4ccc(C#N)cc4)nc(N4CCN(CC(=O)O)CC4)n3)cc2)cc1,18.04
CC(C)Oc1ccc(-c2cncc(C#N)c2)cc1C#N,20.62
N#Cc1ccc(-c2nc(-c3ccccc3)cc(-c3ccc(-c4nc(-c5ccc(-c6ccc(Cl)cc6)cc5)nc(-c5c(F)c(F)c(C#N)c(F)c5F)n4)cc3)n2)cc1,25.22
COc1cc2c(cc1Cl)CC(=O)N(Cc1ccccn1)C(=O)C2,28.61
N#CC=Cc1cccc(C=CC#N)n1,10.99
N#Cc1ccc(-c2nnc(-c3ccc(C#N)cc3)c(-c3ccc(C#N)cc3)n2)cc1,11.59
CC(NCc1ccc(F)cc1)c1cccc(-c2cc(C(=O)Nc3ccc4cc(C#N)ccc4c3)ccc2C#N)c1,31.59
Cc1ccc(C(=O)Nc2ccc3c(c2)C(=O)c2ccc(N4CCN(Cc5cccc(C#N)c5)CC4)nc2C3=O)c(Oc2ccnc(Cl)n2)n1,29.17
CCCS(=O)(=O)Nc1cc(F)cc(-c2ncc(C#N)cc2-c2ccnc(-n3cnc4cc(C#N)cnc43)c2)c1F,31.27
N#CCCn1c(=O)c2cccn2c2ccc(COC(=O)NCC(F)F)cc21,39.8
N=C1NC(CF)(c2cc(Sc3cccc(F)c3F)ccc2F)CC(C(F)(F)F)O1,28.46
Cc1csc(=NC(=O)c2nc(C(=O)Nc3ccc4c(c3)C(=O)c3cc(N)ccc3C4=O)n[nH]2)[nH]1,28.94
CCOC(=O)c1cc(-c2nnc(-c3ccc(-c4nc(-c5ccc(C#N)cc5)nn4-c4ccc(S(N)(=O)=O)cc4)cc3)o2)ccc1Cl,31.46
N#CC=Cc1cccc(C(=O)NCc2cc(-c3ccc(C#N)cc3)cc(-c3ccc(C#N)cc3)c2)n1,20.73
N#Cc1ccc(-c2nc(-c3ccc(-c4nc(Cl)nc(Cl)n4)cc3)nc(-c3ccc(-c4nn[nH]n4)s3)n2)cc1,20.67
O=C(Nc1cccc(Cl)c1Cl)c1ccc(Cl)c(S(=O)(=O)N2CCCCC2)c1,28.54
CC(O)(C#Cc1cncc(-c2ccc(Oc3ccc(C(F)(F)F)cc3)cc2)n1)CO,29.46
C#CCSc1nc(-c2ccc(OC)cc2)nc(Cl)c1C#N,15.79
Clc1nc(Cl)nc(-c2ccc(-c3cc(-c4ccc(-c5nc(Cl)nc(Cl)n5)cc4)cc(-c4ccc(-c5nc(Cl)nc(Cl)n5)nc4)c3)cc2)n1,10.06
Cc1cc(Nc2ccc(C#N)cc2F)c(-c2ccnc(C(C)(C)O)n2)c(C#N)c1C,36.49
N#Cc1ccc(-c2nc3ccccc3c3nc4ccccc4n23)cc1,18.8
Cc1ccc(-c2cc(C(=O)NN=Cc3ccc(-c4cccc(C(=O)O)c4)o3)nc(-c3ccc(Br)cc3)n2)cc1,23.28
N#Cc1ccc(-c2ccc(-c3nc(-c4cccc(C#N)n4)nc(-c4cccs4)n3)cn2)nc1,12.05
CCN(CC)CCn1cc2c(Cl)cc(C(=O)NCc3ccc(-c4ccc(C#N)cc4)cc3)cc2c1O,34.52
Cc1ccc(-c2cncc(-c3ccc(-c4ccnc(Cl)n4)nc3)c2)cn1,29.95
Cn1nc(-c2cccc(-c3ccc(-c4ccnc(Cl)n4)cc3)c2)nc1C1CC(C)(O)C1,19.36
N#Cc1ccc(-c2ccc(-c3nc(-c4ccc(-c5ccncc5C#N)nc4)cc(-c4nc(Cl)nc(Cl)n4)n3)cc2)cc1,20.82
N#Cc1ccc(-c2ccc(-c3nc(-c4ccc(-c5ccc(C#N)cc5)cc4)nc(-c4ccc(Cc5ccccc5)c(F)c4F)n3)cc2)cc1,17.79
N#Cc1ccc(-c2nc(-c3cncc(C#N)c3)nc(-c3ccc(C#N)cn3)n2)cc1,10.82
CCCCc1nc(-c2ccc(-c3cc(-c4ccc(-c5ccnc(Cl)n5)cc4)cc(-c4cccc(-c5nc(-c6ccc(C#N)cc6)nc(-c6ccc(-c7ccc(C#N)cc7)cc6)n5)c4)n3)cc2)no1,23.89
N#Cc1ccc(-c2ccc(-c3nc(-c4ccc(-c5ccc(C#N)cn5)cc4)nc(-c4ccc(-n5cc(-c6cccc(C(F)(F)F)c6)nn5)cc4)n3)cc2)cc1,20.9
N=c1nc(SCc2ccccn2)[nH]nc1C(=O)NC1CCCCC1,31.24
N#Cc1ccc(-c2ccc(-c3cc4n(n3)-c3ccc(F)cc3CO4)cc2)cc1,19.85
CC(=O)c1ncc(-c2ccc(Oc3ccnc4cccc(Cl)c34)c(F)c2)nc1C(=O)NCCN(C)C,39.36
N#Cc1ccc(-c2nc(-c3cccc(NC(=O)CC4CCOCC4)c3)cc(-c3cccc(C#N)n3)n2)cc1,24.27
COC(=O)Cn1c(O)c(C)c(-c2ccc(OC)cc2)c1O,29.4
OC1CN(CC2CC2)CCC1c1ccccc1,24.71
N#Cc1ccc(-c2nc(-c3cn(Cc4c[nH]cn4)cn3)nc(-c3cccc(C#N)n3)n2)cc1,21.64
N#CC(C=Nc1ccccc1[N+](=O)[O-])C(=O)Nc1ccccc1,25.0
N#Cc1ccc(-c2ccc(-c3nc(-c4cccc(C#N)n4)nc(-c4c(F)c(F)c(C#N)c(F)c4F)n3)o2)cc1,19.04
COC(=O)CCCn1c(=O)n(Cc2ccc(-c3ccccc3-c3nc(=O)o[nH]3)cc2)c(=O)c2cccnc21,28.61
N#Cc1c[nH]c2nc[nH]c(=Nc3ccc(F)c(Cl)c3)c12,17.95
COc1ccc(C=CC(=O)c2ccc(O)cc2O)c(OC)c1OC,22.94
O=S(=O)(O)c1ccc(N=NN=c2cc(N=Cc3ccc(F)cc3)[nH]c3ccccc23)cc1,36.41
Cc1nc(-c2ccc(-c3ccc(C(=O)N4CC5CCCN(c6nc7ccc(F)cc7s6)C5C4)cc3C#N)cc2)no1,39.94
COc1ccccc1NC(=O)Nc1ccc(-c2nc(N3CCOCC3)nc(N3CC4CCC(C3)O4)n2)cc1F,23.45
N#CC=Cc1ccc(-c2nc(-c3ccc(C#N)cc3)nc(-c3ccc(C#N)cc3)n2)cc1,12.77
Cn1c(C(c2ccc(Cl)cc2)c2ccc(-c3ccc(C#N)cc3)nc2)n[nH]c1=N,24.68
COc1cc(-c2nnn(CCOc3ccc(-c4ccc(Cl)cc4)cc3)n2)ccc1-n1cnc(C)c1,27.18
COc1ccc(N(CC(=O)N=c2[nH]c(-c3ccc(C#N)cc3)cs2)S(=O)(=O)c2ccc(C)cc2)c(OC)c1,27.44
N=C(N)N1CCC(Nc2ccc3ccncc3c2)CC1,29.25
Cc1cc(N2CCN(C)CC2)cnc1C(=O)Nc1ccc2c(c1)C(=O)c1cc(NC(=O)CCN3CC4CCC(C3)N4)ccc1C2=O,33.71
Cc1ccc(-c2nc3nc(-c4ccc(-c5ccccn5)cc4)c(C#N)c(CC#N)n3n2)cc1,22.34
N#Cc1cncc(-c2nc(-c3cccc(C#N)n3)nc(-c3cncc(C#N)n3)n2)c1,13.75
Nc1ccc2c(c1)C(=O)c1cc(Nc3cc(F)cc(F)c3F)ccc1C2=O,15.47
N#Cc1ccc(-c2nc3cc(C(N)=O)ccc3n2C2CCCCC2)cc1,20.23
N#Cc1cccc(=NC(=O)c2cccc(-c3ccc(S(N)(=O)=O)cc3)n2)[nH]1,22.55
N#Cc1cccc(-c2ccc(NC(=O)c3ccc(-c4ccc(-n5cnc(-c6ccc(F)cc6)n5)nc4)nn3)cc2)n1,32.48
N#Cc1c(-c2ccc(O)cc2)nc(SCc2ccccn2)[nH]c1=N,19.96
N#Cc1ccc(-c2ccc(-c3nc(-c4ccc(-c5ncc[nH]5)cc4)nc(-c4cccc(-n5cc(C#N)nn5)c4)n3)cc2)cc1,23.3
O=CNCC(=O)N(CCO)c1nc(-c2ccncc2)nc(-c2ccc(-c3ccc(F)cc3)cc2)n1,32.71
N#Cc1cccc(-c2ccc(=O)n(Cc3ccccc3)n2)c1,17.29
Cc1cc(C)c2cc(Cn3nnc(-c4cc(-c5ccc(-c6ccc(OCC(C)(C)C(=O)O)cn6)nc5)nc(N5CCOCC5)c4)n3)ccc2n1,44.04
Cc1ccc2c(c1)Cc1c(-c3ccc(C(=O)N4CCN(Cc5ccc(C#N)cc5)CC4)cc3)n[nH]c1-2,32.33
N#Cc1ccc(F)cc1C=NO,15.53
CC(O)COc1[nH]c(=Nc2ccc(-c3cc(-c4cncc(C#N)c4)nc(-c4cccc(C#N)n4)n3)cc2)ccc1C#N,27.17
Cc1nc(-c2ccc(-c3nc(-c4ccc(Br)cc4)nc(-c4ccc(-c5ccnc(Cl)n5)cc4F)n3)cc2)no1,22.86
CC(C)=CCCC(C)=CCCC(C)=CCOCOC=O,27.6
N#Cc1ccc(-c2ccc(-c3nc(-c4ccc(C#N)cc4)nc(-c4cn(-c5ccc(C#N)c(C(F)(F)F)c5)nn4)n3)cc2)cc1,21.61
Clc1nc(Cl)nc(-c2ccc(-c3ccc(-c4nc(-c5ccc(-c6nc(Cl)nc(Cl)n6)cc5)oc4-c4ccc(-c5nc(Cl)nc(Cl)n5)cc4)cc3)cc2)n1,17.11
Cc1nccc(-c2ccc(N=c3nc(N4CCCC(F)(F)C4)nc(N4CCC(C(N)=O)CC4)[nH]3)cc2)n1,29.83
Cc1ccc(-c2nc(CCC(=O)NC(Cc3nc4cc(F)ccc4[nH]c3=O)C(=O)O)c(C)o2)cc1,42.49
Cc1cc[nH]c(=Nc2ccnc(C#Cc3ccnc(C(=O)Nc4ccc(CN5CCN(C)CC5)c(C(F)(F)F)c4)c3)c2)c1,23.22
Cc1nc(Sc2cc(O)c3c(O)cc(S(=O)(=O)c4ccc(C#N)cc4)cc3c2O)n(Cc2cccc(Br)c2)n1,43.25
Cc1cccc(Oc2nc(N=CN3CCC(C)CC3)nc(N(C)C)n2)c1,22.9
Cn1nnc(=NC(=O)C2CC3CN(Cc4cccs4)CCC3O2)[nH]1,30.26
N#Cc1ccc(-c2[nH]c3ccccc3c2C=NNC(=S)Nc2cccc(C#N)c2)cc1,24.07
CN1CCN(C=Nc2ccc3c(c2)C(=O)c2ccc(N)cc2C3=O)CC1,14.44
CCC(C)C1COC(c2ccc([N+](=O)[O-])cc2)=N1,29.3
CC(C)(C)NC(=O)N=c1cc(-c2ccc(C#N)cc2)[nH]c2ccccc12,26.42
O=C(C=CC=CCN1CCCCC1)Nc1ccc2c(-c3ccncc3)n[nH]c(=Nc3ccc(C(F)(F)F)cc3)c2c1,38.49
N#Cc1cncc(-c2cccc(-c3nc(C(=O)NCc4ccc(F)cn4)cc(N4CCOCC4)n3)c2)c1,24.01
Cc1n[nH]c(=NN=Cc2ccc(F)cc2)n1N,16.13
N#Cc1cccc(N2C(=O)N(c3ccc(C(N)=O)c(F)c3)C(=O)C23CCN(C(=O)c2cc4ccc(F)cc4s2)CC3)n1,42.87
N#Cc1ccc(-c2csc(-n3cc(C#N)c(C#N)n3)n2)cc1,17.38
N#Cc1cncc(-c2nc(C#N)nc(-c3ccc(C#N)nc3)n2)c1,11.18
Cc1cc2cc[nH]c2c(-c2ccc3c(c2)-c2cc(F)ccc2CCC3C2(CCC(N)=O)CC2)n1,47.01
N#Cc1ccc(-c2ccc(-c3cc(C(=O)O)nc(-c4ccc(-c5ccc(C#N)cc5)cc4)n3)cc2)cc1,13.72
Cc1c(F)cccc1-c1ccc(C(F)(F)F)cc1C1C(C#N)N(C(=O)NCCC(=O)O)C1C#N,43.37
N#Cc1ccc(-c2nc(C=Cc3ccccn3)nc(-c3ccc(-c4ccc(C#N)cn4)cc3)n2)cc1,20.1
N#Cc1nc(Cl)c(=NN=Cc2c(F)c(F)cc(F)c2F)[nH]c1N,20.01
O=C(CN1CCCC1=O)N1CC=C(c2ccc(NC(=O)N3Cc4ccncc4C3)cn2)CC1,25.39
COc1c(NC(=O)NN=Cc2ncc([N+](=O)[O-])n2C)ccc2[nH]cnc(=Nc3ccc(F)c(Br)c3)c12,37.43
N#Cc1ccc(N=c2cc(N)nc(C#N)[nH]2)cc1,16.83
N#Cc1ccc(-c2ccc(-c3nc(-c4cccc5ccccc45)no3)nc2C#N)cc1,19.57
O=C(Nc1ccc(-c2cn3cccnc3n2)cc1)c1ccccc1,21.39
N#Cc1ccc(-c2nc(-c3ccc(OC(F)(F)F)cc3)cc(-c3ccc(C#N)c(C#N)c3)n2)cc1,18.3
N#Cc1ccc(NC(=O)Cc2nnc(-c3ccccn3)o2)cc1C#N,28.29
COCCNC(=O)c1cccc(Oc2c(C#N)ccc(-c3nccc(C#N)n3)c2F)n1,22.43
N#Cc1ccc(-c2cccc3c(-c4cccc(-c5cccs5)n4)cc(C(=O)O)nc23)cc1F,29.48
CC(C=O)=NC(=O)C(C#N)NC(=O)CNC(=O)C(N)CC(N)=O,39.04
N#Cc1ccc(-c2nc(CCc3ccc(-c4nc(=O)o[nH]4)cc3)nc(-c3ccccc3F)n2)nc1,29.6
Nc1ccc2c(c1)C(=O)c1ccc(Nc3nc(Nc4cc(Cl)ccc4Cl)c4sccc4n3)cc1C2=O,18.45
N#Cc1ccc(Nc2c(N)cc(S(=O)(=O)Nc3ccc(C#N)cc3)c(F)c2F)cc1,21.41
N#Cc1c(C(=O)NN2CCCCC2)nn(-c2ccc(Cl)cc2Cl)c1-c1ccc(Cl)cc1,16.04
CC(C)CN1CCN(C=Nc2nc(N=CN3CCN(C=O)CC3)nc(N=CN3CCN(C=O)CC3)n2)CC1,15.6
COC(=O)c1ccc(C(=O)N2CCN(C(=O)CC3C(=O)NCCN3Cc3ccc(Cl)cc3)CC2)cc1,33.94
CN1CCN(C(=O)c2cccc(-c3cc(-c4ccn5c(-c6cccc(NC(=O)NCC(F)(F)F)c6)nnc5c4)sn3)c2)CC1,30.19
C=C=C[n+]1ccc(C=Cc2ccc(N(C)C)cc2)c([O-])n1,23.89
CC(C)(C)OC(=O)C(CCCNC(=N)N)NC(=O)c1coc(-c2ccc(C=Nc3ccc(Oc4ccc(NC(=O)c5ccccc5O)cc4)cc3)cc2)n1,33.5
CCn1c(Br)c(NS(=O)(=O)c2ccc(C)cc2)c(=O)n(-c2ccccc2)c1=S,30.38
N#Cc1ccc(-c2nc(-c3ccc(F)cn3)nc3c2CN(C(=O)c2ccnc(Cl)c2)CC3)cc1,27.04
N#Cc1ccc(S(=O)(=O)c2ccc(Cl)cn2)cc1,18.68
N#Cc1ccc(-n2cc(C#N)cc2C(=O)c2ccc(C#N)cc2F)cc1,24.09
CCCCCCn1c(CN2CCCCC2CC)nc2c1c(=O)n(C)c(=O)n2C,24.88
N#Cc1ccc(N=Cc2c(O)[nH]c(=O)c3ccc(Nc4ccccc4)cc23)cc1,18.01
Cc1ccc(C(C)(C)C)cc1N=c1nc(N2CC(Oc3ccc(C#N)cc3)C2)nc[nH]1,22.14
N#Cc1ccc(-c2ccc(-c3ccc(-c4cc(-c5ccccc5)nc(-n5ccnn5)n4)cc3)cc2)cc1,22.26
COc1ccc(C2=NN=C(NCc3ccco3)SC2)cc1,19.55
COc1ccc(Oc2nc(-c3cc(F)ccn3)nc(-c3cccc(C#N)n3)n2)cc1,23.61
Fc1cnc(-c2cnn(C3CCNCC3)c2)nc1,20.07
COc1cc(NC(=O)c2nc(SCC(C)C#N)c(C#N)c(-c3ccccc3)n2)cc(OC)c1,36.61
COc1cc2c(C)nc(C)c(-c3nc(-c4ccc(C)o4)nc(-c4c5ccccc5c(C#N)c5ccccc45)n3)c2cc1OC,20.26
O=c1nc(Nc2ccc(F)cc2)c(Cl)c(NC2CCCCC2)[nH]1,20.62
Nc1ccc2c(c1)C(=O)c1ccc(NC(=O)Cc3ccc4ccccc4c3)cc1C2=O,21.35
COc1ccc(-c2noc(C=Cc3ccc4c(=O)n(-c5ccccc5Cl)c(C)nc4c3)n2)cc1,31.25
N#Cc1ccc(-c2c(F)c(F)c(-c3nnc(N4CCCCC4)c(C#N)n3)c(F)c2F)nc1,20.37
CCOC(=O)c1cc2n(c1)-c1ccc(-c3ccc(-c4ccc(-c5noc(C)n5)cc4)cc3)cc1CC2,29.55
CC(C)n1c(-c2cncc(C#N)c2)nc2c(-c3ccnc(C#N)c3)nc(C#N)nc21,20.92
CN(C)C(=O)N1CCN(n2c(C(=O)Nc3ccc(-c4ccc(C#N)cc4)cc3)nc3ccccc3c2=O)CC1,27.9
CCOc1ncccc1-c1cc[nH]c(=Nc2ccc(-c3nc(CC4CCCN4C(=N)N)no3)cc2)n1,24.92
O=C(Nc1cccc(-c2ccnc(-c3ccc(-c4nc(Cl)nc(Cl)n4)cc3)c2)c1)c1cccc(F)n1,27.91
CCCCc1ccc(-c2cc(-c3ccc(-c4nc(Cl)nc(Cl)n4)nc3)nc(-c3cnc(C#N)cc3C)n2)c(F)c1,24.99
COc1cc(-c2ccc(Cl)cc2)c(F)cc1-n1cc(C(=O)N=c2ccc(-c3cccc(C#N)c3)c[nH]2)ccc1=O,29.02
Cn1c(=O)c(-c2nc(-c3ccc(-c4ccc(C#N)cc4)cc3)nc(-c3c(F)c(F)c(C#N)c(F)c3F)n2)cc2ccccc21,24.44
N#Cc1ccc(-c2ccc(-c3nc(-c4ccc(-c5ccc(CN6CCN(c7ccccn7)CC6)cn5)nc4)no3)cc2)cc1,26.63
COc1ccc(-c2cn(C3Oc4ccccc4CC3O)nn2)cc1OC,32.37
NC(=O)Cc1noc(-c2ccc(-c3ccc(C(=O)NC4CCCN(c5cccc(F)n5)C4)cc3)cc2)n1,34.2
Brc1c(Br)c(Br)c(Br)c(Br)c1Br,15.06
C=CCc1cccc(-c2nc(-c3ccc(-c4ccc(C#N)cc4)cc3)nc(-c3ccccc4c(C#N)c5ccccc5c3-4)n2)c1,20.86
N#Cc1c(F)c(F)c(-c2nc(-c3ccc(F)cc3F)nc(-c3c(F)c(F)c(C#N)c(F)c3F)n2)c(F)c1F,10.12
CNCc1cncc(-c2cc3c(-c4cccc(C#N)n4)[nH]nc3cn2)c1,20.27
CCOC(=O)N1CCN(C(=O)c2ccc(-c3cc(=NC(C)=O)[nH]cn3)cc2F)CC1,26.15
COc1ccccc1N1CCN(Cc2cc(Cl)c3cccnc3c2O)CC1,23.81
N#CCCn1c(-c2ccc(C#N)cc2)nc2c3c(=N)[nH]cnc3c(C#N)c(Cc3ccc(F)cc3)c21,36.04
N#CC(C(=N)Sc1ccccc1)c1cccc(C(=O)c2ccccc2)c1,22.0
N#CC=Cc1ccc(-c2[nH]c(-c3ccc(C=Nc4cc(O)c(N)cc4O)cc3)nc2-c2ccccc2)cc1,20.09
Cn1ncc2c(Cl)cc(N=c3nc(-c4ccc5c(c4)OCO5)c(C#N)c[nH]3)cc21,26.41
CC(=NO)c1cc(C(C)C)n(-c2cc(-c3nccc4cc(C#N)ccc34)ccn2)n1,28.48
N#CC=c1ccccc1=CC(C#N)C#N,16.72
CCCC(NC(=O)C(Cc1ccccc1)=NC(=O)C(Cc1ccc(F)cc1)NC(=O)C(Cc1ccccc1)NC(=O)NC)C(=O)NC(Cc1ccc(F)c(F)c1)C(=O)O,48.05
COc1cc(N=C(N)N=C(N)Nc2cc(C#N)cc(C(F)(F)F)c2)ccc1OCc1ccccc1,29.07
COc1ccc(-c2csc(N=Cc3c(C)[nH]c4ccccc34)n2)cc1,19.62
N#Cc1ncn(CC(=O)Nc2ccc(-c3ccnc4[nH]ccc34)cc2)c1-c1ccc(F)cc1,35.28
N#Cc1ccc(-c2ccc(CCn3cc[n+](-c4nc(-c5ccc(C=Nc6cc(O)c(N)cc6O)cc5)nc(-c5ccc(C=Nc6cc(O)c(N)cc6O)cc5)n4)c3)cc2)cc1,23.79
N#Cc1ccc(-c2nc(-c3ccc(C#N)cc3)nc(-c3ccc(F)c(-c4cc(C#N)ccn4)c3)n2)cc1,15.75
N#Cc1ccc(-c2ccc(-c3nc(-c4ccccc4)nc(-c4ccc(C#N)cc4)n3)cc2)cc1,9.92
C=CC1CC(C(=O)NCc2cccc(F)c2F)N(C(=O)Nc2cn(C(N)=O)c3ccccc23)C1,26.89
COc1cc(C=Nc2cc(O)c(N)cc2O)cc(OC)c1OC,12.74
O=CN1CCN(C=Nc2ccc3c(c2)Cc2ccccc2-3)CC1,16.77
Fc1ccc(-c2nc3[nH]c(-c4cccc(-c5cccc(Cl)c5)c4)cc(=NC4CCCNCC4)n3n2)cc1,33.42
CC(=O)N1CCCC1Cc1nc(-c2ccc(N=c3ncc(-c4ccc(Cl)cc4)c[nH]3)cc2)nc(-c2cccs2)n1,30.96
N#Cc1ccc(-c2ccc(-c3nc(-c4ccc(-c5ccc(F)cn5)nc4)nc(-c4ccc(-c5ccc(C#N)cn5)nc4)n3)cn2)nc1,11.9
N#Cc1ccc(Nc2ccc(Cl)cc2)c(Cl)c1,13.73
CNS(=O)(=O)c1ccc2c(c1)-c1ccc(S(=O)(=O)N(C)CCO)cc1C2=NO,32.43
C=CCN1C(=O)c2ccc(C=CC(O)=NO)cc2C1=O,22.13
COc1ccc(N=C2C(=O)c3nnc(C)nc3C(=O)C2Cl)cc1,24.14
COc1cc(N=c2nc(N=c3cc(C4CC4)[nH][nH]3)cc(N3CCN(C)CC3)[nH]2)cc(OC)c1OC,18.2
N#Cc1ccc(-c2nc(CC3=NC(=O)N(Cc4ccc(F)cc4)C3=O)cs2)cc1,17.68
Fc1c(Cl)ccc(Cl)c1-c1noc(-c2ncc(Cl)nc2Cl)n1,23.8
O=c1c([N+](=O)[O-])c(Cl)cnn1-c1ccccc1,16.78
Cn1nnnc1SCC(=O)N=c1nc(-c2ccccc2)c(Cc2cccnc2)c[nH]1,27.6
N#Cc1ccc(-c2nc(N=Cc3ccc4ccccc4c3)nc(C(N)=NO)n2)cc1,23.55
N#Cc1ccc(-c2ccc(-c3nc(-c4ccc(-c5ccc(C#N)cn5)nc4)nc(-c4ccc(-c5ccc(C(F)(F)F)cn5)o4)n3)cc2)cc1,17.56
Cc1cc(-c2cccs2)ccc1C=NN=Cc1ccc(-c2cc(C=O)c(O)c(-c3ccc(C=Nc4cc(O)c(N)cc4O)cc3)n2)cc1,32.52
COc1cccc(NC(O)c2cc(O)n(-c3cccc(OC)c3)c2)c1,23.94
N#Cc1ccc(-c2ccc(-c3nc(-c4ccc(-c5ccc(C#N)cc5)cc4)nc(-c4ccc(OCCn5ccc(=O)[nH]c5=O)c5ccccc45)n3)cc2)cc1,26.55
COCCOc1cc2[nH]cc(C#N)c(=Nc3ccc(F)c(Cl)c3)c2cc1NC(=O)C=CCN(C)CCO,23.6
CCCCc1nc(-c2ccc(-c3nc(-c4ccc(C#N)cc4)c4ccccc4n3)cc2)cn1CC(=O)O,27.08
CCOc1ccccc1-c1nc(-c2ccc(-c3ccc(C#N)cc3)cc2)nc(-c2ccc(-c3ccc(C#N)cn3)nc2)n1,15.17
O=C(O)Cc1ccc2c(Br)c(Oc3ccc(-c4ccccc4-c4nn[nH]n4)cc3)ccc2c1,32.72
N#Cc1cccc(-c2ccc(C3=NNC(=O)C3=Cc3cnn(-c4ccccc4)c3)o2)c1,19.97
Cn1c(-c2ncc(N3CCN(c4ccncc4)CC3)nn2)nc(-c2ccc(F)cc2)c1-c1ccc(F)cc1,21.56
Cc1cccc(-c2nc(C#Cc3ccc(=N)[nH]c3)nc(-c3ccc(C#N)cc3)n2)n1,15.98
N#Cc1ccc(Cn2cncc2CNc2ccc(-c3cc(-c4ccc(-c5ccc(C#N)cc5)cc4)nc(-c4ccc(C#N)cc4)n3)nc2)cc1,22.77
N#Cc1ccc(Nc2cc(F)c(C#N)cc2N)cc1,11.26
N#Cc1ccc(NC(=O)C[n+]2cccc(C=NO)c2)cc1,18.52
CCOc1ccc2c(c1)CN(c1ccc(Br)cc1C#N)C2=NCc1ccccc1,33.68
CCC=c1ccc(=C(C#N)C#N)cc1,13.53
N#Cc1ccc(-c2ccc(-c3nc(Nc4ccc(-c5ccccc5)cc4)nc(-c4cccc(C#N)n4)n3)cc2)nc1,20.24
N#Cc1ccc(N=c2[nH]c(Nc3ccc(F)cc3)c([N+](=O)[O-])c(=N)[nH]2)cc1,19.28
N#Cc1cccc(-c2ccc(-c3cc(-c4cccc(C#N)n4)cc(Oc4ccc(F)cc4F)n3)cc2)n1,21.93
CC(=O)Nc1ccc(-c2ccc(C#N)cc2)c2cc(-c3cccc(C#N)c3)[nH]c(=NCC(N)Cc3ccccc3)c12,27.03
COc1ccc(CCNCCc2c(F)cccc2F)cc1O,25.95
COC(=O)c1nc(-c2cnc(-c3cncc(C#N)c3)c(C#N)c2)oc1C(N)(c1cccc(OC)c1F)C(C)C,43.93
COC(=O)CNC=Nc1nc(N=CN2CCN(C=O)CC2)nc(N=CN2CCN(C=O)CC2)n1,17.47
COc1ccc(C=NNC(=O)c2cnccn2)cc1O,18.19
CCC1(O)C(=O)OCc2c1cc1n(c2=O)Cc2cc3ccccc3nc2-1,15.85
N#Cc1ccc(-c2nc(-c3ccncc3)nc(N3CCN(c4ccc(C#N)cn4)CC3)n2)cc1,17.51
N#Cc1nc(-c2ccc(F)cc2)cc(-c2ccc3ncccc3c2)n1,23.28
N#Cc1ccsc1NC(=O)COC(=O)c1ccc(Br)o1,23.06
N#Cc1ccc(Cc2cnc(C(=O)OCc3ccc(-c4ccc(C#N)cc4)cc3)cn2)cc1,26.59
COc1ccc(-c2nc(-c3c4ccccc4c(C#N)c4ccccc34)nc(-c3c4ccccc4c(C#N)c4ccccc34)n2)c2ccccc12,9.59
Cc1cc(C)[nH]c(=NC(=O)C(C)N)c1,25.43
N#Cc1ccc(C(=NO)c2ccc3nc(-c4ccc(F)nc4)ccc3c2)cn1,34.28
c1cnn(-c2n[nH]c3ccnc(OC4CCOCC4)c23)c1,25.86
Cc1ccc(-n2ncc3c2C=C2CCN(S(=O)(=O)c4cccc(C)c4)CC2(C(=O)c2cccc(C#N)c2)C3)cc1,31.65
CCCN(c1ccc(C#N)cc1)c1nc(-c2ccc(F)c(F)c2)nc(-n2ccnc2)n1,29.43
C#CCN(CCCl)c1cc(Nc2ccc3c(c2)C(=O)c2ccc(N)cc2C3=O)nc(Cl)n1,24.02
Cc1cc(C#N)cc2nc(-c3ccc(NC(=O)C=Cc4ccc(F)c(F)c4)cc3)oc12,17.62
N#CN=C(Nc1ccc(C#N)cc1)NC1CCCC=N1,22.02
CCCCNc1c(Nc2cccc3cccnc23)c(=O)c1=O,22.56
ClCC(Cl)(Cl)n1nnc2cc(Br)ccc21,29.05
CC(=O)c1c(C)[nH]c(C(=O)NCC2COc3ccccc3O2)c1C,24.36
N#Cc1cncc(-c2ncc3cnn(Cc4ccc5c(c4)ncc4ccc(C#N)nc45)c3n2)c1,31.83
CCOc1ccc(-n2c(O)cc(N(Cc3ccccc3)C(C)=O)c2O)cc1,22.02
CCOc1nnc(-c2c(Cl)cc(-c3cncc(C#N)c3)c(F)c2F)nc1-c1ccc(Cl)cc1,34.03
CN1CCN(Cc2cccc(-c3nc(-c4cncc(C#N)c4)nc(-c4ccc(C(=O)N=c5cc(C(F)(F)F)cc[nH]5)c(F)c4)n3)c2)CC1,14.74
CCNc1ccc(-c2nc(-c3ccccc3)nc(-c3ccc(-c4cccc(C#N)n4)cc3)n2)cc1,20.81
O=C(C=Cc1ccc([N+](=O)[O-])cn1)NCc1ccc(C(O)=NO)cc1,24.54
Fc1ccc(-c2nc(-c3cc[nH]c3-c3ccccc3)cc[n+]2-c2ccc(F)cc2)cc1,31.61
CC(=O)Oc1ccc2c(c1)CCCc1cccn1-2,25.26
O=C(O)CC1CCc2cc(OCCCOc3ncc(-c4ccccc4)cn3)ccc21,24.53
COc1ccc(CN2CCN(C(=O)C3CCC3)CC(O)C2)cc1,24.86
N#Cc1ccc(-c2ncc(-c3ccc(-c4ccc(C#N)c(-c5ccc(-c6ccc(C#N)cc6)c(Cl)c5)n4)o3)cn2)cc1,29.77
N#Cc1cccc(C23CCC(N(Cc4ccc(Cl)nc4)c4cccc(N)c4)CC2C3)c1,31.57
O=CC=Cc1cccc(OCc2ccccc2)c1,14.67
C=c1c(C#N)c(O)n(-c2ccc(Cl)c(Cl)c2)c1=C,18.96
N#Cc1ccc(C#Cc2cc(Cl)c3c(c2)N(C(=O)Nc2cccc(C(F)(F)F)c2)CC3)cc1,31.47
C=CC1C(=C)C2=c3ccccc3=NC2=CC1=O,34.99
Cc1cc(N=c2nc(-c3ccc(OC(C)CO)c(C#N)n3)cc[nH]2)cc2c1cnn2C,30.21
COc1ccc(N=C2C(=O)c3cccnc3C(=O)C2Cl)cc1,19.66
CCN(CC)c1ccc(-c2nc(-c3ccc(C#N)cc3)nc(-c3ccc(-c4ccc(C#N)cc4)cc3)n2)cc1,14.49
OCCN1CCN(c2nc3ccc(F)c(-c4ccc(-c5nc[nH]n5)cc4)c3nc2-c2cccc(-c3nc(C(F)(F)F)no3)c2)CC1,40.3
CS(=O)(=O)C(C#N)c1nc2ccc(-c3cccc(-n4cc(C#N)cn4)n3)cc2s1,28.44
N#Cc1ccc(C(=O)N=c2[nH]c3ccc(Nc4ccc(F)c(F)c4)cc3[nH]2)c(F)c1,24.49
N#Cc1ccc(-c2nc(-c3ccc(C#N)cc3)nc(N3CCN(c4ccc([N+](=O)[O-])cc4C#N)CC3)n2)cc1,19.56
O=C(Nc1ccc(Cl)cc1)c1nn[nH]c1C=Nc1ccc(O)cc1,27.68
N#Cc1ccc(-c2cnc3c(=Nc4ncnc(OC5CCNC5)n4)[nH]c(C#N)cn23)cc1,31.55
Cc1nn(CC(=O)NC2CCCCC2)c(=O)c2ccccc12,25.55
O=CN1CCN(C=Nc2nc(N=CN3CCN(C=O)CC3)nc(N=CN3CCN(c4ncccn4)CC3)n2)CC1,12.03
CCn1c(-c2ccc(-c3ccc(C#N)cc3)cc2)nc2ccc(C(=O)N(C)C)cc21,27.58
COc1nc(C#N)nc(N=Cc2ccc(Br)cc2)n1,17.81
N#Cc1cncc(-c2nc(-c3ccc(C(=O)NCc4cccnc4)cc3)nc(C3CCC3)n2)c1,24.38
CCCCNc1cc(=N)[nH]c2ccccc12,23.39
COc1c(C=Cc2ccccc2)ccc(CN2CCOCC2)c(=O)c1OC,32.3
CC1(C)CCC(C)(C)c2cc(-c3ccc4c(c3)-c3ccccc3C4(O)C(F)(F)F)ccc21,25.8
Cc1[nH]c(Cc2c(O)[nH]c3ccc(-c4ccnn4-c4ccc(C#N)cc4)cc23)c(C)c1C(=O)N=CN(C)C,31.89
N#Cc1ccc(NCCCn2c(=O)ccn(Cc3ccc(-c4ccc(C#N)cc4)cc3)c2=O)cc1,24.65
Cc1cc(-[n+]2noc([O-])n2)nc(C=Cc2ccc3c(c2)OCO3)n1,29.12
N#Cc1c(NC(=O)C=Cc2ccc(F)cc2)sc2c1CCCC2,17.01
COc1ccc2c(c1OC)CCN(Cc1cc(-c3ccncc3)nc(C#N)n1)C2C,33.38
CSc1nc(=Nc2cc(C#N)c(C#N)nc2C#N)nc(Nc2c(N)cc(C#N)c(F)c2F)[nH]1,28.16
COc1ccc(C=CC(=O)c2ccc(-c3cc(C=Nc4ccc(Nc5ccc(N=C6CC(=O)C(=O)c7ccccc76)cc5)cc4)c(O)c(OC)c3)cc2)cc1O,36.99
C[n+]1ccn(CC#CCn2ccnc2)c1C=NO,21.91
N#Cc1cccc(-c2ccc(-c3cnc(N4CCCC(=O)C4c4ccccc4)cn3)cc2F)n1,29.74
COCCNC(=O)Cn1c(O)c(NC(=O)C(N)Cc2ccc3ccccc3c2)ccc1=O,38.28
COc1ccc(C#N)cc1C(=O)Nc1ccc(F)c(C2(CF)CC(C(F)(F)F)OC(=N)N2)c1,25.75
COc1ccc(-n2nc(CC(=O)Nc3c(C)cccc3Cl)nc2-c2ccc(C)cc2)cc1,26.04
COc1cc(-c2ccc3nccc(-c4c[nH]c(=N)nc4-c4ccc(C#N)cc4)c3n2)cc(Cl)c1O,24.44
N#Cc1ccc(-c2nc(-c3cncc(C#N)c3)nc(-c3cc(-c4ccccn4)nc(-c4ccncn4)n3)n2)cc1,28.31
N#Cc1ccc(-c2ccc(-c3nc(CCC=CC(=O)N4CCCC4)nc(-c4cccc(C#N)c4)n3)cc2)cc1,23.93
N#Cc1cccc(-c2csc(N=Cc3cccnc3)n2)c1,17.01
Cc1cc[n+](NC(=O)c2ccc(C(=O)N=Nc3cc(O)n(C)c3O)cc2)c(C)c1,40.36
CC(=O)c1c(O)c(C(=O)Nc2cc(O)c(C)c(C(=O)O)c2)c(O)oc1=O,31.47
N#Cc1cccc(-c2nc(-c3ccc(F)c(Cl)c3)nc(N3CCOCC3)n2)n1,17.56
N#Cc1ccc(NNC(=S)Nc2ccc(Cl)cc2)c(F)c1,27.36
Cc1nc(N2CC=CCC2)c(C#N)c(=O)o1,23.39
ONc1ccc[n+](-c2ccc(C=Cc3ccc4ccccc4n3)cc2)c1,24.93
N#Cc1ccc(N2CCN(C(=O)c3nccnc3-c3nc(C(F)(F)F)cs3)CC2)nc1,31.32
O=C(O)c1cc(-c2ccc(C=Cc3nc(C=Cc4ccccn4)c4ccc(Nc5ccc(F)cc5)cc4n3)cc2)on1,26.61
N#Cc1cncc(-c2nc(-c3cccc(C#N)n3)nc(-c3cccc(-c4c(F)c(F)c(C#N)c(F)c4F)n3)n2)c1,13.5
N#Cc1ccc(-c2ccc(-c3nc4cc(C(=O)O)ccc4n3-c3ccccc3)cc2)cc1,14.58
N#Cc1cccc(-c2cc(=NC(=O)c3ccc(-c4ccc(-c5ccccc5)nc4)cc3)nc[nH]2)c1,29.42
CN(C)CCN(Cc1ccc(-c2cc3ccccc3o2)cc1)c1ccnc(-c2ccc(C#N)cc2)n1,29.35
CC(=N)c1c(O)n(C)c(=S)n(C)c1=O,21.77
Cc1nc(-c2ccc(-n3c(-c4cccc(C#N)c4)csc3=Nc3ccc(Cl)cc3)cc2)no1,25.42
N#CC=Cc1nc(C=Cc2cncc(-c3ccc(C#N)cn3)c2F)ccc1C#N,28.89
Cc1cc(N=Cc2ccc(F)cc2)c2c(C)nn(-c3ccccc3)cc1-2,24.53
O=C(Nc1ccc(F)c(Cl)c1)N(CCN1CCCC1)C1CCC2(c3cccc(F)c3)CC12,21.26
N#Cc1ccc(-c2nc(C(=O)Nc3ccc(C(=O)Nc4cccc(C#N)c4)cc3)cc(N3CCC(O)C3)n2)cc1,29.24
Cc1cc(=NN=Cc2ccc(-c3cc(-c4ccc(C#N)cc4)nc(-c4ccc(C#N)cc4)n3)cc2)[nH]c(-c2cncc(C#N)c2)n1,19.43
COc1ccc(-c2cc(-c3ccc(-c4ccc(-c5ccc(O)cc5)cc4)cc3)[nH]c(=NN=Cc3ncc[nH]3)n2)cc1,24.35
CNc1ccc2[nH]c(Cc3cccc(C(F)(F)F)c3)nc2c1,27.52
Cc1nc(Cl)nc(-c2ccc(-c3ccc(OCC(C)C)nc3)cc2)n1,23.39
COc1cccc(-c2nc(-c3ccc(C#N)cc3)nc(-c3ccc(C#N)cc3)n2)c1F,13.07
N#Cc1ccc(-c2ccc(-c3cc(-c4ccccc4)nc(S(=O)(=O)Nc4ccccc4)n3)cc2)cc1,20.97
N#Cc1cc(Cl)cc(Oc2c(C3CCC3)ccc(-c3c[nH]c(=N)cn3)c2F)c1,14.09
CC(=O)c1cc2c(cc1N=c1[nH]cc(C#N)cc1Cl)OCO2,21.72
N#CCc1ccc(-c2nc(-c3cccc(C#N)c3)cc(C3CCN(C(C#N)C4CC4)CC3)n2)cn1,31.59
CC(NC(=O)c1cccc(-c2ccc(S(=O)(=O)NCc3ccccn3)cc2)n1)C(=O)OC(C)(C)C,31.99
N#Cc1ccc(-c2ccc(-n3nc(-c4ccc(C#N)cc4)nc3-c3ccc(-c4ccc(C#N)cc4)nc3)c(C#N)c2)cc1,17.44
COCOC(=O)COC1CCN(Cc2ccccn2)CC1,38.13
O=S(=O)(c1cc(F)cc(F)c1)c1cn(C2CCNC2)c2ccc(F)cc12,21.43
N#Cc1ccc(-c2nc(-c3ccccc3)nc(-c3c[nH]c4c(-c5c(F)c(F)c(C#N)c(F)c5F)c(Cl)c(Cl)c(Cl)c34)n2)cc1,31.47
N#Cc1ccccc1-c1nc2c(ncn2C2OC(COS(=O)(=O)NC(=O)c3cccc(O)c3O)C(O)C2O)c(=N)[nH]1,28.35
CN(C)C=Nc1nc(N=CN(C)C)nc(N=CN2CCN(C=O)CC2)n1,11.94
CC(C)CNCc1ccc(-c2cc(C(=O)Nc3ccc(-c4nc(C(F)(F)F)cn4C)nc3)ccc2C#N)cc1,32.53
C=CC(=O)Nc1ccc(C(N)=O)c(N=c2cc(Nc3ccccc3)nc[nH]2)c1,28.4
Cc1ccc(NC(=O)CCCCn2c(=O)[nH]c3ccccc3c2=O)c(C)c1,22.34
N#Cc1c(-c2ccccc2)nc2cc(F)c(F)cc2[n+]1[O-],15.35
CCOC(=O)c1c(N)sc2c1c(C)nn2-c1ccccc1,26.75
N#Cc1ccc(-c2nc(C#N)cc(C=Cc3ncc(-c4ccc(C#N)cn4)s3)n2)cc1,22.39
N#Cc1cccc(-c2ccc(-c3nc(-c4cncc(C#N)c4)nc(-c4cncc(C#N)c4)n3)cc2)c1,13.22
COc1cncc(-c2ccc(-c3cccc(-c4ccccn4)n3)cc2)n1,20.18
O=CN1CCN(C=Nc2nc(N=CN3CCN(C=O)CC3)nc(N=Cn3ccnc3)n2)CC1,16.95
CC(=O)NCC1CN(c2ccc(F)c(F)c2)C(=O)O1,19.96
N#Cc1c2ccccc2c(-c2nc(-c3ccc4c(c3)OCO4)nc(-c3cccc4ccccc34)n2)c2ccccc12,20.51
CC(=O)N(Cc1cccnc1C#N)C(=O)CCCn1cc(Cc2ccc(F)cc2Cl)c(=O)nc1SCc1ccc(F)cc1,44.98
O=c1oc2c(Cl)cc(Cl)cc2cc1-c1ccc(O)cc1,24.51
Cc1ccc(-n2[nH]c(C(C)(C)C)cc2=NC(=O)Nc2ccc(Cc3ccccc3)cc2)cc1,20.49
N#Cc1ccc(-c2c[nH]c(-c3ccc4[nH]c(O)c(C=Nc5ccc(S(=O)(=O)N=c6[nH]ccs6)cc5)c4c3)n2)cc1,27.01
CC(C)OC(=O)NC1CN(c2cc(-c3ccc(-c4nnc(C(F)(F)F)o4)c(F)c3)nc(=N)[nH]2)C1,36.64
N#Cc1cncc(-c2cc(OCc3cc(F)cc(F)c3)[nH]c(=NCc3cc(Cl)cc(-c4ncccc4C#N)c3)n2)c1,37.96
Cc1nccc(-c2ccc(N=c3[nH]cnc4ccc(-c5cc(F)c(O)c(Cl)c5)cc34)cc2)n1,17.39
N#Cc1ccc2cnc(-c3ccc(F)cc3)c(-c3cc(-c4ccc5cc(-c6ccnc(Cl)n6)n(Cc6ccc(F)c(F)c6)c5c4)nc(-c4cc(C(F)(F)F)c(C#N)c5ccccc45)n3)c2c1,40.13
CSCC(C)(O)C#Cc1nc(-c2ccc(C#N)cc2)nc(-c2ccnc(C)c2)n1,27.71
N#Cc1ccc(-c2cc(-c3nc(C4CC4)nnc3-c3ccc(O)c(Cl)c3)ccn2)cc1,22.01
Cn1c(=O)nc2n(-c3ccc(F)cc3)cc(-c3cccc(C#N)c3)nc-2c1=O,22.93
COc1cc(O)c(C(=O)C=Cc2ccccc2O)c(OC)c1,22.82
Clc1ccc(-c2cnc(-c3ccc(Br)cc3)nc2-c2ccc(Cl)cc2)cc1,19.45
CCN(c1nc(-c2ccc(-c3ccc(-c4cccc(C(F)(F)F)n4)cc3)cc2)nc(N2Cc3ccccc3CC2C(N)=O)n1)C1CCOCC1,30.54
N#Cc1cccc(-c2ccc3c(c2)CNc2ccc(C#N)cc2NC3=O)c1,22.31
Nc1ccc2c(c1)C(=O)c1ccc(-n3nc(-c4ccc(F)cc4)c(-c4cccnc4)n3)cc1C2=O,28.9
COCC(=O)N(Cc1ccc(Cl)c(Cl)c1)c1nc(C#N)ncc1Cl,26.69
CCOc1ncc(-c2nc(-c3ccc(C#N)cc3)nc(-c3cncc(C#N)c3)n2)cc1C#N,13.39
N#Cc1ccc(-c2ccc(N(C(=O)c3ccccc3)c3ccc(F)cc3)c(-c3ccc(C#N)cc3)c2)cc1,23.71
Cc1ccc(-c2nc(=Nc3ccc(Oc4ncccc4C#CCN(C)C)c(F)c3)c3ccc(C=CCN(C)C)cc3[nH]2)cc1C#N,39.67
Cn1nc2c(c1-c1ccc(-c3ccc(F)cc3)cc1)-c1nc(=Nc3ccc(S(C)(=O)=O)nc3)[nH]cc1CC2,28.89
Cc1ccc(N=CN2CCN(C=O)CC2)cc1C,17.49
C=c1c(O)c(C#N)sc1=Cc1ccc(C)o1,27.25
COc1ccc(-n2c(=O)c3c4ccccc4[nH]c3n(Cc3ccc(F)cc3F)c2=O)cc1OC,26.94
COc1cc2[nH]c(N3CCN(Cc4cc(C)nc(-c5ccc(Cl)cc5)n4)CC3)nc(=Nc3ccc(F)c(Cl)c3)c2cc1OC,26.88
CC(C)c1n[nH]c(=NC(=O)c2ccccc2Nc2ccc3c(C=Cc4ccccn4)[nH]nc3c2)s1,22.44
O=C1c2ccccc2C(=O)N1CCCCn1ccnc1,17.57
N#Cc1cccc(-c2cc(CNC(=O)C3(C#N)CC3)n(-c3ccc(N4CCC(NCc5ccccc5F)C4=O)cc3)n2)n1,43.81
O=S(=O)(c1ccc(Cl)cc1)N(Cc1ccc(-c2nn[nH]n2)cc1)Cc1ccccc1F,21.77
N#Cc1c(F)c(F)c(Nc2c(F)c(C#N)c(F)c(F)c2C#N)c(C#N)c1F,13.73
C=c1ccc(=c2[nH]c(=O)c(=Cc3[nH]c(C)nc3C)[nH]2)cc1,26.51
CC(=NN=C(N)N)c1ccc(=NCCCNCCCNCCCN=c2cc(Cl)[nH]c(=N)[nH]2)[nH]c1,34.34
Cc1nc(=NC(=O)c2cnn3ccc(C#N)cc23)cc(-c2ccc(C#N)cc2)[nH]1,24.74
N#Cc1ccc(-c2nc(-c3ccc(N=c4nc(C(F)(F)F)cc[nH]4)cc3)cc(-c3cccc(C#N)c3)n2)cc1,17.41
CCOc1cc2nc[nH]c(=Nc3ccc(F)c(Cl)c3)c2cc1NC(=O)Nc1ccc(CN2CCN(C)CC2)cc1,22.66
Cc1nc(C)nc(-c2nc(N3CCC(CO)C3)c3c(c2C#N)CCCC3c2nccs2)n1,39.98
N#Cc1ccc(-c2ccc(-c3nc(-c4ccc(-c5ccc(C#N)cc5)cc4)nc(-c4cnc(-c5ccc(C#N)c(F)c5)c(F)c4F)n3)cc2)cc1,13.48
N#Cc1cccc(-c2nc(-c3cccc(C#N)n3)nc(-c3nc(C(F)(F)F)c[nH]3)n2)n1,12.03
CC(C)c1ncc(Nc2ccc3c(c2)C(=O)c2ccc(N)cc2C3=O)c(C(=O)Nc2ccc3c(c2)C(=O)c2ccc(N)cc2C3=O)n1,20.94
CN(C)CCN(C)c1nc(-c2ccc(C#N)cc2)nc(-c2cncc(C#N)c2)n1,16.45
Cc1ccc(Cl)cc1N=c1cc[nH]c(-n2ccc3cc(C#N)cnc32)c1,27.89
COc1cc2c(cc1OC)C(CC#Cc1cc(OC)c(OC)c(OC)c1)C(CN)CC2,28.09
Fc1c(-c2cc(-c3ccc(-c4nc(Cl)nc(Cl)n4)cc3)cc(-c3ccc(-c4nc(Cl)nc(Cl)n4)cc3)c2)ccc(-c2nc(Cl)nc(Cl)n2)c1F,10.77
N#Cc1ccc(-c2nc(CCc3ccccc3)nc(-c3ccc(-c4ccc(-c5cc(=Nc6ccc(-c7ccccc7)cc6)[nH]nc5CO)cn4)cc3)n2)cc1,35.24
Cc1cc(=Nc2ccc(OCCN3CCOCC3)cc2)n2ccccc2n1,27.76
CN(C)C1(CNC(=O)c2cc(Cl)ccc2Cl)CCCCC1,20.84
Cc1nn(-c2ccc(F)cc2)c(Cl)c1C=NNC(=O)c1cc(O)cc(O)c1,22.92
CN(C)c1ccc2[nH]c(C(=O)N3CC(CCl)c4c3cc(O)c3ccccc43)cc2c1,19.66
COc1cccc(C=NNC(=O)CCc2nc(=O)c3ccccc3[nH]2)c1OC,23.79
N#Cc1cc(-c2cc[nH]c(=NCc3cc(C4CCOCC4)ncc3C#N)n2)ccc1Cl,37.87
Cn1nc([N+](=O)[O-])nc1Oc1ccc(C#N)cc1,22.55
N#Cc1ccc(-c2nc(C#N)nc3c2ccn3CC2CCOC2)cc1,16.16
N#Cc1ccc(C=Cn2cc(C#N)c(C(F)(F)F)n2)cc1,16.1
N#Cc1cncc(-c2c(N)[nH]cnc2=Nc2ccc3[nH]c(=O)n(-c4cccc(C#N)c4)c3c2)c1,31.69
CCc1ccc2[nH]c(=S)n(Cc3ccc(Cl)cc3)c(=O)c2c1,23.2
N#Cc1ccc(Nc2ccc(N)cc2)c(Cl)c1,16.27
CN(C)CCCOc1ccc(-c2ncc(-c3ccc(C#N)nc3)c(-c3ccc(C#N)cc3)n2)cc1,19.96
CCc1ccc2nc3c(c(CCC(=O)NN=Cc4ccccn4)c2c1)Cc1cc(OC)ccc1-3,35.86
N#Cc1ccc(-c2nc(=NCCCN3CCN(c4ncccn4)CC3)nc(-c3ccc(Cl)cc3)[nH]2)cc1,29.36
N#Cc1ccc2cc(-c3nc(-c4cccc5ccccc45)nc(-c4c[nH]c5ccc(Br)cc45)n3)[nH]c2c1,24.1
[N-]=[N+]=NCCN=c1c2ccccc2[nH]c2c(C(=O)Nc3ccc(N(CCCl)CCCl)cc3)cc(NCCCN)cc12,37.62
CC(C)C(NS(=O)(=O)c1ccc(-c2ccc(NC(=O)c3ccc(-c4ccc(C[n+]5ccc(-c6ccccc6)cc5)cc4)cc3)cc2)cc1)C(=O)O,22.97
N#Cc1ccc(-c2ccc(-c3nc(C(=O)NC4CCN(Cc5ccccn5)CC4)c4c(Cl)ccc(Cl)c4n3)s2)cc1,36.66
N#Cc1ccc(-c2cc[n+](-c3cc(-c4ccc(-c5ccc(-c6ccc(F)cc6)cc5)cc4)nc(-[n+]4ccc(-c5ccncc5)cc4)n3)cc2)cc1,19.24
CC(C)N1CCC(COc2nc(-c3cncc(C#N)c3)nc(-c3cncc(C#N)c3)n2)CC1,17.66
CCc1nc(Cc2ccc(NC(=N)NCCCCCCNC(N)=S)cc2)[nH]c1CC,37.4
O=S1(=O)c2ccccc2Oc2cc(Br)ccc21,22.11
Cc1noc(-c2ccc(-c3cnn4c(Cc5ccccc5F)nc(C)nc34)cc2)n1,24.04
CCCc1nc(C#N)cc(C(=O)N2CCc3cc(-c4ccc5cnccc5c4)ccc3C2c2ccc(F)cc2)n1,37.6
CC1(C)CCCC(=O)Nc2cc(Nc3nc(Nc4ccc5c(c4)C(=O)c4ccc(N)cc4C5=O)nc(Nc4ccc5c(c4)C(=O)c4ccc(N)cc4C5=O)n3)ccc21,16.07
COc1ccc(-n2nc(-c3ccc(C#N)cc3)nc2-c2ccc(-c3ccc(C#N)cc3)cc2)cc1,14.65
N#Cc1ccc(-c2ccc(-c3ccc(-c4ccc(C#N)cc4)n3CC(=O)N=C(N)N)cc2)cc1,15.51
N#Cc1ccc(-c2nc(-c3ccc(C#N)cc3)nc(-c3ccc(F)c(C#CCCCO)c3)n2)cc1,20.05
N#Cc1cccc(CN2CCN(c3nc(=N)nc(C4CC4)[nH]3)CC2)c1,20.7
COCC(NC(=O)N=c1cc2[nH]nc(C(=O)NC3CCOCC3)c2c[nH]1)c1ccccc1,26.74
COc1ccc(-c2cc(-c3ccc(OC)c(O)c3)[nH]c(=NCc3ccncn3)n2)cc1,27.09
CCOC(=O)c1cn2c(-c3ccc(-c4ccc(-c5nc(-c6ccc(C#N)cc6)nc(-c6ccc(C#N)cc6)n5)cc4)cc3)cc(C3CCNCC3)nc2n1,29.36
Cc1ncn(-c2ccc(N=c3nc(-c4ccc5ncsc5c4)cc(C(F)(F)F)[nH]3)cc2)n1,21.32
N#Cc1ccc(-c2nc3c(c(-c4ccc(C#N)cc4)n2)CCN(C(=O)c2cnc(-c4ccc(F)cc4)cn2)C3)cc1,24.71
CCCCc1ncc(C(=O)N=c2cccc(C)[nH]2)n1Cc1ccc(-c2ccccc2)cc1,20.57
N#Cc1cncc(-c2ccn(Cc3ccc(F)cc3F)c(=O)n2)c1,20.22
N#Cc1cc([N+](=O)[O-])ccc1Nc1nc(Nc2ccc3c(c2)C(=O)c2ccc(N)cc2C3=O)nc(Nc2ccc3c(c2)C(=O)c2ccc(N)cc2C3=O)n1,15.42
N#Cc1ccc(-c2ccc(-c3ccc(-c4cc(-[n+]5ccc(-c6ccncc6)cc5)nc(-[n+]5ccc(-c6ccncc6)cc5)n4)cc3)cc2)cc1,10.22
CC(=O)N(C)c1cccc(C=Cc2nc(-c3ccc(C#N)cc3)nc(-c3ccc(C#N)cc3)n2)c1,20.92
CN1CCN(Cc2ccc3cc(Nc4nc(Nc5ccc6c(c5)C(=O)c5ccc(N)cc5C6=O)nc(Nc5ccc6c(c5)C(=O)c5ccc(N)cc5C6=O)n4)ccc3c2)CC1,14.27
N#Cc1ccc(-c2ccc3c(c2)CCCN3C(=O)Nc2ccccc2)cc1,22.13
O=C(Nc1ccc(N2CCN(c3nc4c(cc3F)c(=O)c(C(=O)O)cn4C3CC3)CC2)c(F)c1)Oc1ccccc1,25.94
O=C1CN=C(c2ccccc2)c2ccccc2N1Cc1c(F)c(F)c(F)c(F)c1F,18.86
Cn1ccc(C(=O)Nc2ccc3c(c2)C2(CCSC(=N)N2)c2cc(-c4cnc(Cl)c(F)c4)ccc2O3)n1,32.23
C#CCOc1ccc(-c2nc(-c3cccc(C#N)c3)no2)cc1OCC,20.96
C#CCOc1nc(=O)c(-c2cc(-c3ccc(C#N)cc3)nc(-c3ccc(C#N)cc3)n2)cn1-c1ccc(-c2ccc(C#N)cc2)cc1,23.84
CN(C)C=Nc1ccc(Cl)c(Cl)c1,15.99
N#Cc1ccc(Oc2nc(-c3ccc(-c4ccc(C#N)cc4)cc3)nc(-c3ccc(-c4ccc(C#N)cc4)cc3)n2)cc1,13.08
Cc1ccc(-n2c(=S)c(C#N)c(C)c3c[n+](-c4ccccc4)c(C)cc32)cc1,22.47
N#Cc1ccc(-c2ccc(-c3nc(-c4ccc(-c5cnccn5)cc4)nc(-c4ccc(C#N)nc4)n3)cn2)nc1,17.92
Cc1nc(C#N)cc(-c2ccc(-c3cc(C#N)cnc3-c3ccc(C#N)cc3)cn2)n1,19.49
O=C(O)c1ccc2c(c1)nc(-c1ccc(F)cc1)n2C1CCN(Cc2ccc(-c3ccccc3C(=O)O)cc2)CC1,29.09
N#Cc1ccc(-c2ccc(-c3nc(-c4ccc(-c5ccc(C#N)cc5)cc4)nc(-[n+]4ccc(-c5ccncc5)cc4)n3)cc2)cc1,12.89
COc1ccccc1CC1CCCN(C2CCN(Cc3ccc(C#N)cc3)CC2)C1,26.38
O=C(NC(Cc1ccccc1)C(=O)N1CCN(c2ccccc2)CC1)c1ccco1,28.67
N#Cc1cc(-c2ccc(C(=O)O)cn2)ccc1N1CCN(C(=O)C(=O)NC(C=O)CC(=O)N=Cc2cccc(C(=N)N)c2)CC1,50.31
CC(C)(C)C(NC(=O)c1ccc(-n2cnnn2)cc1)c1cc(-c2ccc(C#N)cc2)nn1-c1ccc(Cl)cc1Cl,29.98
N#Cc1ccc(-c2nc(-c3ccc(Cl)cc3)c(-c3ccc(C#N)cc3)s2)cc1,11.41
O=C(C=Cc1cnc(Cl)cn1)N=c1cc(C(F)(F)F)cc[nH]1,23.73
Cc1cc(C)[nH]c(=NN=Cc2ccc([N+](=O)[O-])s2)n1,19.79
N#Cc1ccc(-c2nc(Nc3nc(-c4ccc(F)cc4)ccc3C#N)sc2C#N)cc1,24.85
N#Cc1ccc(-c2c(-c3ccc(Cl)cc3)nc(-c3ccc(Cl)cc3)nc2C2CCNCC2)cc1,15.4
N#Cc1ccc(-c2c(-c3cccnc3)cn3nc(-c4ccccc4)nc3c2C#N)cc1,28.92
Nc1cc(O)c(N=Cc2ccc(-c3ccc(-c4ccc(N=Cc5ccc(Cl)c(Cl)c5)c(O)c4)cc3Cl)c(O)c2)cc1O,21.22
N#Cc1ccc(-c2ccc(C#Cc3cccc(F)c3C#CCCCN3CC(O)C(O)C(O)C3CO)nn2)cc1,29.74
N#Cc1ccc(-c2ccc(-c3nc(=Nc4cncnc4)c(C(=O)N4CCOCC4)nn3-c3ccc(Cl)cc3)c(F)c2)cc1,33.14
N#Cc1ccc(-c2csc(-c3ccc(-c4nc(OCCCN5CCCCC5)nc(-c5ccc(C#N)cc5)n4)cc3)n2)cc1,21.77
CC#CCCn1c(NC2CCCNC2)nc(=Nc2ccc(Oc3cccc(Cl)n3)cc2)c2c(C=CC#N)nc(C#N)nc21,40.66
C=CCn1nc(-c2cc(-c3cccc(C#N)n3)nc(-c3cccc(C#N)n3)c2)nc1-c1ccc(-c2ccc(C#N)cn2)cc1,31.77
Cc1ccc(-c2nc3cc(C#N)c(C#N)cc3nc2-c2ccc(C=NNC(=O)Cc3ccccc3)cc2)cc1,21.56
N#Cc1ccc(-c2cccc(CNC(=O)c3cc(-c4cccc(C#N)n4)ncc3Cl)n2)cc1,27.95
CCN1CCN(S(=O)(=O)c2cccc(C(=O)N(C)CC(=O)Nc3ccccc3F)c2)CC1,25.15
N#Cc1nc(-c2cnc(-c3ccc(F)c(C#N)c3)c(C#N)c2)nc(C2(F)CCCC2)n1,19.16
N#Cc1ccc(-c2ccc(-c3nc(-c4ccc(C#N)cc4)nc(-c4cccc(F)c4F)n3)cc2)cc1,13.92
Nc1cc(O)c(N=Cc2c(O)cc([N+](=O)[O-])c3ccccc23)cc1O,18.54
O=CC(NC(=O)c1ccc(F)cc1F)C(=O)N=c1cc[nH]cc1,27.05
N#Cc1ccc(-c2ccc(-c3nc(Cc4ccc(-c5ccccn5)cc4)nc(-c4ccc(-c5ccc(C#N)cn5)nc4)n3)cc2)cc1,18.49
O=c1cc(N=Cc2ccc(Cl)cc2)[nH]c(Cc2c(Cl)cccc2Cl)n1,17.58
N#Cc1ccc(NC(=O)c2nc(C3CC3)ccc2Nc2ccc(C#N)cc2)cc1,14.34
C=Cc1cccc(-c2ccc(-c3ccc(C(=O)N4CCCC(C(O)=NO)C4)cc3)cc2)n1,29.99
N#Cc1ccc(-c2nc(-c3ccc(C#N)cc3)nc(-c3ccc(Cl)c(F)c3)n2)cc1,13.76
CC(NC(=O)CF)c1ccc(OC2CCN(c3ccnc(N(C)C4CC4)n3)C2)cc1,24.5
Nc1cc(O)c(N=Cc2ccc(-c3ccc(C=Nc4ccc(N=NC5=CC(=O)C=CC5=O)cc4)cc3)cc2)cc1O,19.94
N#Cc1cc(-c2ccc(F)c(F)c2)ccc1N=Cc1ccc(F)cc1F,24.74
N#Cc1cnc2ccc(-c3ccc(O)c(Cl)c3)nc2c1N1CCC(CN)CC1,22.94
O=S(=O)(Nc1cc(Cl)c(Oc2ccc(O)cc2F)cc1O)c1ccc(Cl)cc1Cl,33.29
Cc1cc(=O)n(C)c2ccc(-c3c[nH]n(-c4ccc(F)cc4)c3=N)cc12,25.41
N#Cc1ccc(-c2ccnc(C=Cc3ccnc4ccccc34)c2)cc1,19.97
Cc1cc(N=c2cc(C3CC3)[nH][nH]2)[nH]c(=Nc2nc(Cl)ncc2Cl)n1,16.61
COc1cc(N=Cc2c(-c3ccccc3)nc(-c3ccccc3)nc2-c2nc3ccccc3n2-c2ccc(C)cc2)ccc1-c1nc(-c2ccc(C)cc2)no1,34.78
N#Cc1ccc(-c2nc(-c3ccc(-c4cccc(C#N)n4)cc3)nc(-c3cccc(NS(=O)(=O)c4ccc(F)c(C(F)(F)F)c4)c3)n2)cc1,27.34
N#Cc1cncc(-c2nc(-c3cncc(C#N)c3)nc(N3CC3)n2)c1,18.14
O=C(CN1C(=O)CCSc2ccc(C(=O)Nc3ccc(Cl)cc3)cc21)Nc1ccc(F)c(F)c1,32.29
N#Cc1ccc(-c2ccc(-c3nc(-c4ccc(C#N)cc4)nc(-c4cc(C=Cc5ccc(F)cc5)nc(-c5cccc(C#N)n5)n4)n3)cc2)cc1,19.52
C[n+]1nc(-c2ccc(-c3ccc(-c4ccc(-[n+]5cn(CC(=O)O)c6ccccc65)cc4)cc3)cc2)cn1-c1ccc(N=C=S)cc1,30.65
C=CCOc1ccc2c(=O)c3cc(C=CC(O)=NO)ccc3n(C=O)c2n1,37.74
N#Cc1ccc(NC(=O)Nc2ccc(N=c3c4ccccc4[nH]c4ccccc34)cc2)cc1,21.36
N#Cc1ccc(-c2nc(-c3ccc(C#N)cc3)nc(-c3cccc(C(F)(F)F)n3)n2)cc1,11.31
CS(=O)(=O)CCNCc1ccc(-c2cc3[nH]cnc(=Nc4ccc(F)cc4F)c3s2)cc1,22.05
COc1ccc2[nH]cc(C(=O)Nc3ccc(O)cc3)c(=NC3CCN(C4CCC4)CC3)c2c1,33.72
N#Cc1ccc(-c2ccc(-c3nc(-c4ccc(-c5cccc(C#N)n5)cc4)nc(-c4ccc(-c5ccc(C#N)cn5)nc4)n3)cn2)nc1,11.03
CC(=O)c1cc(C(N)=O)nn1-c1cc(-c2c(F)cccc2F)cc(C(F)(F)F)n1,28.76
Cc1nc(-c2ccc(-c3nc(-c4ccc(-c5ccc(C#N)cc5)cc4)nc(-c4n[nH]cc4Nc4ccc(OC(F)(F)F)cc4)n3)cc2)no1,30.84
N#Cc1ccc(-c2ccc(C(CNS(=O)(=O)c3ccc(C#N)cc3)c3ccc(C#N)cc3)cc2)cc1,20.4
CC(C)NC(=S)Nc1ccc2c(c1)C(=O)c1cc(N=CN(C)CCCN(C)C)ccc1C2=O,30.4
N#Cc1ccc(C#Cc2cccc(C#N)n2)cc1,14.37
COc1cc(-c2nc(-c3ccc(C#N)cc3)nc(-c3ccc(C#N)cc3)n2)nc(C#N)n1,14.53
CN(C)c1ccc(C=Nc2nc(-c3ccc(C#N)cc3)nc(-c3ccc(NS(=O)(=O)c4cccc(F)c4F)cc3)n2)cc1,20.06
CC(NC(=O)CCc1ccc(C#N)cc1)c1cccc2ccccc12,26.22
Cc1nc(C(=O)c2nc3cc(-c4ccc(-c5ccc(C#N)cc5)cc4)ccc3n2C)no1,30.46
Cc1ccc(C(O)c2cccc(NS(C)(=O)=O)c2)cn1,26.97
C=C(C)C(=O)Nc1cccc(N=c2nc(-c3cnc(N4CCC(F)C4)c(C#N)c3)cc[nH]2)c1,25.93
O=C1CCN(C(=O)CCc2nnc(-c3ccccc3Cl)o2)c2cc(F)ccc2N1,34.56
N#Cc1ccc(-c2noc(-c3ccnc(-n4cc(C5CC5)nn4)n3)n2)cc1,27.24
COc1ccc(S(=O)(=O)Nc2c(C)n(C)n(-c3ccccc3)c2=O)cc1,19.74
O=c1c2nc[nH]c2nc(SCc2c(F)cccc2F)n1-c1ccccc1,23.45
N#Cc1cncc(-c2ccc3c(C(=O)O)c[nH]c3c2)c1,20.27
Cc1nn(C)c(C)c1CNCCc1ccc(-c2ccc(CNC3Cc4ccc(F)cc4C3)cc2)cc1,32.06
O=CN1CCN(C=Nc2nc(N=CN3CCN(C=O)CC3)nc(N=C3CC(=O)C(=O)c4ccccc43)n2)CC1,17.95
N#Cc1cc(-c2ncc(-c3nc(Cl)nc(Cl)n3)c(F)c2F)ccc1F,12.43
Cc1cc(C)c(C)c(N=CN2CCN(C=O)CC2)n1,13.6
N#Cc1cc2c(F)cnc(-c3ccc(-c4cnc(=N)[nH]c4)c(F)c3F)c2cn1,19.27
Cc1cc(C)[nH]c(=NN=Cc2nc3ccccc3[nH]2)n1,17.73
Cc1cc(-c2n[nH]c3ccc(C(=O)N4CCN(c5ccccn5)CC4)cc23)ccn1,20.96
N#Cc1ccc(-c2ccc(-c3c(C#N)c4ccc(C5CC5)nc4n(-c4cc(N)ccc4F)c3=O)cc2)cc1,28.05
N#Cc1ccc(-c2ccc(-c3nc(-c4ccc(-c5ccc(C#N)cc5)cc4)nc(-c4nc5cc(Cn6ccnc6)ccc5[nH]c4=O)n3)cc2)cc1,28.41
O=C(NCc1ccc2c(c1)OCO2)C1CCCN(c2ccc3nncn3n2)C1,28.93
COc1ccccc1N1CCN(CCc2ccc(-c3csc(=NC(C)=O)[nH]3)cc2)CC1,25.83
COc1ccc(C(=O)C=Cc2ccc(OCC=Cc3ccnc(N=Nc4[nH]c(N)c(C#N)c4N)c3)cc2)cc1,35.73
CCOc1ccc(N=Cc2c(C)[nH]n(-c3ccccc3)c2=O)cc1,14.58
N#Cc1ccc(-c2ccc(-c3nc(C=CC(=O)c4ccc(F)cc4)nc(-c4ccc(C#N)cc4)n3)cc2)cc1,18.67
N#Cc1c(Cl)nc(C(Cl)Cl)nc1-c1ccc(Cl)cc1,16.33
N#Cc1ccc(-c2nc(Nc3ccc(Cl)cc3)nc(-c3cccc(C#N)n3)n2)cc1,18.7
N#CCC(=O)NN=Cc1ccc(-c2cc(-c3ccc(-c4ccc(C#N)cc4)cc3)nc(-c3ccc(C#N)cc3)n2)cc1,14.93
O=C(NC1CCc2ccccc21)C1CCCCC1,27.67
N#Cc1ccc(-c2ccc(-c3nc(-c4ccc(-c5ccc(C#N)cn5)nc4)nc(-c4ccc5ccccc5n4)n3)cn2)nc1,14.08
O=C1c2cc(Cl)cc(NS(=O)(=O)c3ccc(F)cc3)c2C(=O)N1c1cnc(F)c(Cl)c1,32.0
Nc1ccc2c(c1)C(=O)c1ccc(Nc3nc(N=c4nc(N)cc(Cl)[nH]4)nc(N4CCN(C=O)CC4)n3)cc1C2=O,26.69
Cn1cc2nc(-n3ccc4cnc(-c5ccc(-c6cccc(C#N)n6)cc5)nc43)nc-2cn1,35.67
COc1cc2c3c(cccc3c1)Cc1cc(O)oc1-2,35.16
N#Cc1ccc(N=c2nc(Oc3ccc4cc(C#N)ccc4c3)[nH]c(=Nc3ccc(C#N)cc3)[nH]2)cc1,27.13
N#Cc1ccc(-c2ccc(-c3cn4cccc(C#N)c4n3)cc2)cc1,17.64
COc1cc(OC)cc(C(C#N)=Cc2ccccc2)c1,16.89
N#Cc1ccc(-c2ccc(-c3nc(-c4ccc(C#N)cc4)nn3-c3ccc4[nH]c(O)cc4c3)cc2)cc1,19.18
N#Cc1cccc(-c2ccc(-c3nc(-c4ccc(-c5cccc(C#N)n5)cc4)c(-c4ccccn4)cc3C#N)cc2)n1,20.5
COc1cc(C#N)cc(-c2cnc3ncnc(-n4cnc(-c5ccc(Br)cc5)c4)c3c2)c1,29.44
N#Cc1ccc(-c2ccc(-c3nn(-c4ccc(C(=O)O)cc4)c(O)c3N=Cc3ccc(-c4ccc(C#N)cn4)o3)cc2)cc1,27.87
Cc1ccc(-c2nc3cnccn3c2-c2nc(N=CN=CN(C)C)nc(-c3cnccn3)n2)s1,38.11
Cc1ccc(-c2noc(CN(Cc3cccs3)c3ccc(C#N)cc3)n2)cc1,23.04
CCCc1c(C#N)c(-c2ccc(-c3ccnc(C(F)(F)F)c3)cc2)cn2nc(-c3ccc(C#N)cc3)nc12,33.03
N#Cc1cccc(-c2cc(=O)nc(C3CCCCN3C(=O)COc3ccccc3)[nH]2)n1,20.06
CC(C)c1cccc(C(N)=O)c1NC(=O)Nc1ccc(Oc2ccnc(-c3nc(C#N)nc4ccccc34)c2)c(F)c1,34.86
O=C1C=CC(=Nc2ccc([N+](=O)[O-])cc2)C=C1,18.76
COc1ccc(Oc2c(Cl)cnn(-c3ccc(OC)cc3)c2=O)cc1,20.17
COc1ccc2[nH]c(=NC(=S)NN=Cc3ccc(OC)c(OC)c3)sc2c1,21.69
C=c1[nH]c(=CCC(=O)NC(C)CCc2ccc(-c3ccccc3)cc2)c(-c2ccc(F)cc2)c1C(=O)OCC,37.6
N#Cc1cnn(-c2nccc(-c3c(F)c(F)c(C#N)c(F)c3F)n2)c1,18.6
Cn1nc(-c2ccc(C#N)cc2)n(Cc2ccc(-c3ccc(C#N)cc3)cc2)c1=NCCCCc1ccccc1,33.18
Cc1n[nH]c(SCC(=O)N2CCOCC2)nc1=O,25.17
N#Cc1ccccc1NC(=O)c1c(C(F)(F)F)nn2cccnc12,24.34
N#Cc1ccc(-c2ccc(-c3nc(-c4ccc(-c5ccc(C#N)cn5)nc4)nc(-c4cnc(OCc5ccc(F)c(F)c5)cn4)n3)cn2)nc1,23.33
COc1ccc(C(=N)N)nc1Cn1ccc2cc(OCc3ccc(C#N)c(Cl)c3)ccc2c1=O,43.08
COc1cccc(C=NNC(=O)c2cnc(C)cn2)c1O,19.87
CCCn1c(=O)c2ccc3nnc(-c4cccc(OC)c4)n3c2n(CC(C)C)c1=O,32.81
COc1cc2ccccc2c(Sc2cc(OC)c(OC)c(OC)c2)c1O,25.98
N#Cc1ccc(COc2cnc(-c3ccc(-c4nc(C#N)c(N)o4)cn3)cc2C#N)cc1,28.53
COc1ccc(C(=O)COC(=O)c2cccc(-n3cnnc3)c2)cc1,28.82
N#Cc1ccc(-c2nc(C#Cc3nc(C#N)ncc3C(=O)NCc3ccc(F)cn3)cc(-c3ccccc3C#N)n2)cc1,29.88
N#Cc1ccc(-c2ccc(-c3cc(C(=O)NCc4cccc(C(F)(F)F)c4)nn3-c3ccc(C#N)cc3)cc2)cc1,20.05
N#Cc1ccc(-c2nc(-c3ccc(C(F)(F)F)cc3)cc(-c3ccco3)n2)cc1,19.57
CCCCCCCC1(C)Cc2ccccc2-c2cc(O)ccc21,26.51
CNC(=O)C1CCN(c2ccc(-c3nc(-c4ccc(C#N)cc4)c4nnn(-c5ccc(C#N)cc5)c4n3)cc2)CC1,40.42
N#Cc1ccc(=NC(=O)c2ccc(-c3nc(-c4cncc(C#N)c4)nn4c(C5CCCNC5)cnc34)cc2)[nH]c1,31.08
N#Cc1ccc(-c2ccc(C#N)c(C#N)c2)nc1,13.35
N#Cc1ccc(-c2ccc(-c3nc(-c4ccc(-c5ccc(C#N)cn5)nc4)nc(-c4cc5ncccc5cn4)n3)cc2)cc1,17.32
O=C(O)c1cccc(-c2cc(-c3cccc4ccccc34)nc(-c3ccccc3OC(F)(F)F)n2)n1,29.21
N#Cc1ccc(-c2nnc(-c3ccc(-c4cccc(-c5ccc(-c6nc(Cl)nc(Cl)n6)cc5)c4)cc3)o2)cc1,14.07
CC(CNC(=O)Cc1ccsc1)c1ccc(Cl)c(C(=O)c2ccc(Cl)cc2Cl)c1F,39.41
Cc1nc2cnccc2n1-c1ccc(-c2cc(C(=O)Nc3ccc(C#N)cc3F)nn2C)cc1,29.95
CC(=O)Nc1cccc(Oc2nc(Nc3cc4ccccc4c4ncccc34)nc(=Nc3ccc(C#N)cc3F)[nH]2)c1,36.3
O=C(Cc1ccc(-c2ccccc2)cc1)N=c1[nH]nc(-c2ccc(Cl)cc2)s1,19.44
CC(C)c1nc(C#N)cc(-c2cc(C3CCOCC3)nc(-c3ccc(F)c(C#N)c3)n2)c1CO,28.94
C[n+]1c(-c2ccc(C=NN(Cc3ccccc3)c3ccccc3)cc2)cn2ccccc21,21.21
CC(C)(C)c1cc(C#N)nc(C=CC#N)c1,16.64
CC(C)S(=O)(=O)c1cccc(Nc2c(N)cc(C#N)c(F)c2C#N)c1,19.21
N#Cc1ccc(-c2ccc(-c3nccc(-c4n[nH]c(=S)nc4-c4ccc(-c5ccc(C#N)cc5)cc4)n3)cc2)cc1,21.18
N#Cc1ccc(NCc2cc(-c3cc(-c4cccc(C#N)n4)nc(-c4ccc(C#N)cn4)n3)ccc2F)nc1,25.09
N#Cc1ccc(-c2nc(-c3ccccc3)nc(-c3cnc(Cc4cccc(C(F)(F)F)c4)o3)n2)cc1,19.28
N#Cc1ccc(-c2cc(-c3nc(-c4ccc(C#N)cc4)nc(-c4ccc(C#N)cc4)n3)nc(-c3ccc(C#N)cc3)n2)cc1,19.65
Nc1[nH][nH]c(=O)c1N=Nc1ccc(F)cc1,16.31
CC(=O)Nc1ccc2c(c1)C(=O)c1ccc(-c3cc(N(CCc4cccc(C#N)c4)C(=O)C(C)C)nc(C#N)n3)cc1C2=O,40.46
Fc1cnc(N2CCn3cc(Cn4cncn4)nc3C2)nc1,21.31
N#CCN=c1nc(-c2ccc(C#N)cc2)nc(-c2ccc(-c3ccc(C#N)cc3)cc2)[nH]1,17.63
CCNC(=O)c1ccc(-c2noc(-c3ccc(-c4nc(-c5ccc(C#N)cc5)nc(-c5ccc(C=NO)cc5)n4)cc3)n2)cc1,30.1
Clc1nccc(-c2ccc(-c3ccc(-c4nc(C=Cc5ccccc5)nc(-c5ccc(-c6nc(Cl)nc(Cl)n6)cc5)n4)cc3)nc2)n1,31.0
N#Cc1ccc(-c2nc(-c3ccccn3)nc(-c3cccc(C#N)n3)n2)cc1,10.13
CC(=O)n1c(C)c(Cc2nc(-c3ccc(-c4ccc(C#N)cc4)cc3)n(CC#N)n2)c2ccc(F)cc21,36.25
c1ccc(-c2cc[n+](-c3ccc(-c4cc[n+](-c5nc(-[n+]6ccc(-c7ccncc7)cc6)nc(-[n+]6ccc(-c7ccncc7)cc6)n5)cc4)cc3)cc2)cc1,16.82
N#Cc1ccc(-c2ccc(-c3nn4ccccc4c3-c3cc[nH]c(=Nc4ccc(F)c(F)c4)n3)cc2)cc1,22.67
O=C1c2cccc(O)c2C(=O)c2c1cc(O)cc2-n1nnc(-c2cccnc2)n1,32.13
O=CN1CCN(C=Nc2nc(N=CN3CCN(C=O)CC3)nc(N=CN3CCc4ccccc43)n2)CC1,11.37
Cn1c(=O)c2c([nH]c(=NN=Cc3cccnc3)n2C)n(C)c1=O,20.35
N#CC=Cc1ccccn1,8.48
CCN1CCN(Cc2ccc(-c3ccc4[nH]cnc(=Nc5ccc6cnn(Cc7ccccn7)c6c5)c4c3)cc2)CC1,30.41
COc1ccc2cc(-c3cc(-c4ccc(C#N)cc4)c(C#N)c(=NC(=O)c4ccc(C=Cc5ccc(C#N)cc5)o4)[nH]3)ccc2n1,34.88
N=c1[nH]cnc2c1c(-c1ccc(-c3cn(CCN4CCCC4)nn3)cc1)nn2CC1CCCCC1,31.01
CCC(C=Cc1cc(F)c(F)c(F)c1)=Nc1ccc(F)cc1,26.46
N#Cc1ccc(CN2CCCC(Cc3ccccc3)C2)cc1,22.32
COc1cc(N)c(Cl)cc1C(=O)NC1CCN(Cc2ccn(-c3ccc(C(F)(F)F)cc3)c2)CC1,22.27
Cc1nc(C(=O)N2CCCN(C)CC2)nn1-c1ccc(F)cc1F,25.07
CCCNC(=O)N1C(C#N)C(c2ccc(Cc3ccccc3)cc2)C1C#N,25.2
N#CCCn1nc(-c2ccc(-c3ccc(C#N)cc3)cc2)nc1-c1ccc(-c2ccc(-c3ccc(C#N)cc3)cc2)nc1,18.81
N#Cc1ccc(-c2nc(-c3nc(=O)o[nH]3)ccc2S(=O)(=O)c2cncc(-c3ccc(F)cc3)c2)cc1,31.6
CN(CC=Cc1ccc(C#N)cc1S(=O)(=O)N1CCC2(CC1)CC2)Cc1ccc2c(c1)CCCCO2,36.32
Cc1c(Nc2nc(C#N)nc(Nc3ccc4c(c3)C(=O)c3ccc(N)cc3C4=O)n2)[nH]c(=O)[nH]c1=O,26.27
CCOC(=O)N1CCN(Cc2cccc(OCC(=O)N(C)CCc3ccc(OC)c(OC)c3)c2)CC1,35.27
N#Cc1ccc(-c2ccc(-c3nc(-c4ccc(-c5cncc(C#N)c5)nc4)nc(-c4ccc(-c5ccc(C#N)cn5)nc4)n3)cn2)cc1,19.26
CC(=O)c1cc(-c2ccc(CC(C#N)NC(=O)c3cc(-c4cccc(C(=N)N)c4)nc(-c4ccc(C#N)cc4)n3)cc2)no1,30.14
NS(=O)(=O)c1ccc2[nH]c(-c3ccc(F)cc3)c(C=C3C(=O)Nc4ccc(Cl)cc43)c2c1,29.32
Cc1cc(C(N)=O)ccc1-n1nc(-c2ccncc2)c(-c2ccc(-c3ccc(-c4cc(-c5ccccc5)nc(-c5ccc(C#N)cc5)n4)cc3)cc2)n1,25.33
Cn1nc(CSc2nc(-c3ccncc3)cc(=O)n2C)nc1-c1ccc(-c2ccnc(Cl)n2)cc1,36.48
O=C(NCC1CCCCN1)c1ccc2c(c1)Cc1ccccc1-2,28.02
Cc1cc2c(cc1C=Nc1sc3c(c1C#N)CCCC3)nc(Nc1cccc(C#N)c1)c(C#N)[n+]2[O-],39.24
N#Cc1ccc(-c2nc(C(F)(F)F)cc(=NC(=O)c3cc(Cl)nc(-n4cccn4)n3)[nH]2)cc1,27.35
N#CC(=Cc1ccc(-n2cc(C#N)cn2)nc1)c1nc(-c2ccc(C#N)cc2)nc(-c2cccc(C#N)c2)n1,19.95
Nc1ccc(Nc2ccc3nonc3c2[N+](=O)[O-])cc1,15.52
N#Cc1ccc(-c2ccc(-c3nn(-c4ccc(-c5ccc(-c6nc7ccc(C#N)cc7s6)cc5)cc4)c(=O)n3N)cc2)cc1,25.14
N#Cc1ccc(-c2ccc(-c3nc(Cc4ccc(F)cc4)nc(-c4ccc(-c5ccc(C#N)cn5)nc4)n3)cn2)cc1,16.99
N#CC=Cc1nc(C=CC#N)c(CO)c(CO)n1,15.13
CN(C)c1ccc(-c2nc(-c3ccc4c(c3)OCO4)nc(-c3ccccc3C#N)n2)cc1,16.29
Cc1c(-c2ccc(-c3cc(F)cc(C#N)c3)c(C#N)n2)c(=O)[nH]c2ccc(F)cc12,32.34
Cc1cc(-c2ccc(-c3nc4ccccc4n(-c4ccc(-c5ccnc(C(=O)O)c5)cc4)c3=O)cc2)nc(C=N)n1,33.86
Cn1c2ccc([N+](=O)[O-])cc2c(C=Nc2ccc(S(N)(=O)=O)cc2)[n+]1-c1ccc(C(F)(F)F)cc1,26.29
Cn1cc(-c2nc(-c3ccc(C#N)cc3)nc(-c3ccc(-c4ccc(C#N)cn4)nc3)n2)c2ccccc21,14.35
N#CC=Cc1ccc(Cl)cn1,12.23
N#Cc1c(F)c(F)c(N=Nc2ccc(C=Cc3cccc(OCc4ccc(F)cc4)c3)cc2)c(F)c1F,31.8
Cc1ccnc(SCC(=O)c2cc(C)n(-c3ccc(F)cc3)c2C)n1,23.45
N=C(N)c1ccc(-c2cc(-c3ccc(C(=N)N)cc3)nc(-c3ccc(C(=N)N)nc3)n2)cc1,17.21
CN1CCCC1COc1ccc2[nH]c(-c3ccnc(-c4ccc(C#N)cc4)n3)nc2c1,26.06
N#Cc1ccc(-c2ccc(-c3nc(C#Cc4ccc(-c5cc(-c6ccccc6)nc(-c6ccc(C#N)cc6)n5)cc4)c(C#CC4=CCCCC4)s3)cc2)cc1,24.94
N#Cc1ccc(-c2nc(-c3ccc(C#N)cc3)nc(-c3ccc4ccccc4c3)n2)cc1,11.47
N=c1[nH]c(-c2ccc(-n3ccnc3)cc2)c(N=O)cc1Br,31.97
Cc1cc(C)cc(CNC(=NO)c2ccc(C)nc2OCc2cc(F)cc(F)c2)c1,22.92
N#Cc1ccc(-c2ccc(-c3nc(Br)nc(-c4ccc(C#N)cc4)n3)cc2)cc1,14.84
N#Cc1ccc(CN(c2nc(-c3ccc(F)cc3)cs2)C2(c3cccc(C=C4C(=O)NC(=O)NC4=O)c3)CCCCC2)cc1,32.55
Cc1ccc(C=Nc2ccc(S(=O)(=O)O)cc2C)[n+](-c2ccccc2)c1,22.56
N#Cc1ccc(-c2ccc(-c3nc(-c4ccc(-c5cccc(C#N)n5)c(F)c4)nc(-c4cncs4)n3)cn2)nc1,24.2
COC(=O)C(O)=CC1Oc2ccccc2-c2ccc3c(c21)C(C)=CC(C)(C)N3,30.0
O=Cc1ccc(OC(=O)C=Cc2ccc(Cl)c(Cl)c2)cc1,20.3
N#Cc1ccc(-c2nc(CON=Cc3cn(-c4ccc(C#N)cc4)nc3-c3ccc(C#N)cc3)nc(-c3ccc(C#N)cc3)n2)cc1,19.7
N#Cc1ccc(N2CCN(c3nc4c(nc3C#N)CCN4c3cc(F)ccc3Cl)CC2)nc1,28.77
N#Cc1cccc(-c2ccc(C=Cc3nc(Cl)nc(Sc4cccc(Cl)c4)n3)c(C(F)(F)F)n2)c1,24.51
N#CC=Cc1cc(C=CC#N)nc(C=CC#N)n1,9.55
Cc1cc(OCCCn2ccc3ccccc32)cc(C)c1Cl,18.99
N#Cc1ccc(N=c2nc(Oc3cccc(C#N)c3)[nH]c(=Nc3ccc4c(c3)C(=O)c3ccc(N)cc3C4=O)[nH]2)cc1,16.7
N#Cc1ccnc(N2CCC(CS(N)(=O)=O)CC2)c1,23.15
N#Cc1ccc(-c2ccc(S(=O)(=O)Nc3ccc(C(=O)N4Cc5ccccc5C4)cc3)cc2)cn1,30.15
CN(C)c1nc(N=CN2CCN(CCCN3C(=O)c4ccccc4C3=O)CC2)nc(N(C)C)n1,19.0
N#Cc1ccc(-c2cc(-c3ccc(C#N)nc3)nc(-c3cccc(C#N)n3)n2)c(F)c1,16.47
O=C(CCCN1C(=O)C(=Cc2ccccc2Cl)SC1=S)Nc1ccc(C(=O)O)cc1,20.96
O=C(OCCN1CCCCC1)c1ccsc1N=c1cc[nH]c(Cl)n1,31.56
Nc1cc(-c2ccc(F)cc2)c(-c2ccc3cccc(N=CN4C=CN(C=O)CC4)c3c2)o1,36.71
C=CCC(Nc1ccc(-c2nc(-c3ccc(C#N)cc3)nc(-c3ccc(-c4cnc(-c5cccc(C#N)c5)cn4)cc3)n2)cc1)C(=O)c1ccc(C#N)cc1,39.49
N#Cc1ccc(-c2csc(N=Cc3ccc(Cl)cc3Cl)n2)cc1,13.98
Cc1c(C)c2c(c(C)c1O)CCC(C)(CC#Cc1nc(-c3ccc(C#N)cc3)nc(-c3ccc(C#N)cc3)n1)O2,23.72
CC(C)(C)c1cc(F)c2c(=O)n(-c3cccc(-c4ccc(C#N)c(C#N)n4)c3)ncc2c1,21.27
CCOC(=O)c1c(Cc2cccc3c(C=Cc4ccc(-n5cccc5)cc4)nc(C)cc23)c(C)nn1-c1cccc(Cl)c1,46.56
O=CN1CCN(C=Nc2nc(-c3ccccc3)nc3ccccc23)CC1,13.48
N#Cc1cncc(-c2nsc(-c3cncc(C#N)c3)n2)c1,15.27
Cn1c(=O)c2cc(NCc3ccccn3)ccc2n(C)c1=O,22.6
CNc1ccc(C#CC#Cc2ccc(-c3nc4cc(C#N)cc(C)c4[nH]3)cc2)cc1,21.47
N#Cc1ccc(CN(Cc2cn(-c3ccc([N+](=O)[O-])cc3)nn2)CC(O)(Cn2cncn2)c2ccc(F)cc2F)cc1,26.62
COc1ccc(-c2noc(C[S+]([O-])CC(=O)Nc3ccc(F)cc3)n2)cc1,20.85
N#Cc1c2ccccc2c(-c2cc(-c3oc(O)c4c(O)c5ccccc5cc34)nc(-c3c4ccccc4c(C#N)c4ccccc34)n2)c2ccccc12,20.84
CC(SCc1ccccc1)c1cccc(-c2nc(=Nc3ccc(C(=O)N4CCOCC4)cc3)nc[nH]2)c1,35.47
O=C(Cc1ccc(Cl)c(Cl)c1)Nc1nc(-c2ccncc2)cs1,28.27
N#Cc1ccc(-c2ccc(-c3nc(-c4ccc(-c5cccc(C#N)c5)nc4)nc(-c4ccc(-c5ccc(C#N)cn5)nc4)n3)cn2)nc1,10.49
N#Cc1ccc(-c2nc(-c3ccc(C#N)cc3)c(C(=O)NCC3CC4CC3CN4C(=N)N)cc2C#N)cc1,29.71
N#Cc1cncc(-c2ccc(NC(=O)Nc3ccc(Cl)cc3Cl)cc2)c1,20.94
O=C(c1nc(-c2ccc(Cl)cc2)ncc1Nc1ccc(Cl)cc1)N1CCN(Cc2ccccc2)CC1,28.43
N#Cc1cncc(-c2ccc(Nc3cccc(F)c3C#N)cn2)c1,15.9
C#CCN(c1ccc(C#N)cc1)c1nc(-c2ccccn2)nc2c1CCN(c1ccc(C#N)cc1)C2=O,30.35
Fc1cc(C(F)(F)F)ccc1C[n+]1ccc(-c2ccncc2)cc1,23.64
Oc1cccc(-c2cn(-c3ccc(F)c(F)c3)nn2)c1F,26.38
CNC(=O)c1ccc2c(c1)S(=O)(=O)c1cc(-c3nccs3)ccc1C2=O,25.77
CCc1ccc(C2Oc3ccccc3C(=O)C2C=Nc2cccc(F)c2F)cc1,26.4
N#Cc1ccc(-c2nc(Nc3[nH]c(=N)c(C#N)cc3C#N)nc(-c3ccc(Cl)c(-n4ccnc4)c3)n2)cc1,29.58
N#Cc1ccc(-c2nc(N=Cc3ccc(F)cc3)nc(-c3ccc(C#N)cc3)n2)cc1,13.07
O=C(Cc1ccccc1)NCCCN(CCc1ccc(O)cc1)CC1CCCS(=O)(=O)N1,37.14
N#Cc1ccc2nc(-c3ccc(-c4cccc(-c5ccc(-c6nc(Cl)nc(Cl)n6)cc5)c4)cc3)[nH]c2c1,16.51
N#Cc1cncc(-c2nc(-c3cnc(C#N)nc3)nc(-c3cnccn3)n2)c1,17.71
Cn1c(=O)[nH]c2ncc(-c3ccccn3)cc21,22.94
N#Cc1ccc(-c2cc(C(=O)Nc3ccc(F)cc3F)cc(-c3ccc(Cl)cc3)n2)cc1,20.96
N#Cc1cnc(Cl)c(Br)c1,20.59
N#Cc1ncc(-c2ccc(C3=CCOCC3)c(F)c2)c(-c2cn(Cc3ccccc3)c3ccccc23)n1,37.72
N#CC(=NNC(=S)NNC(=S)NN)C(C=CCC(=O)Nc1ccc(C#N)cc1Cl)=NNC(=O)Nc1ccc(Cl)cc1,56.48
N#Cc1ccc(-c2ccc(-c3nc(-c4ccc(C#N)cc4)c(C(F)(F)F)c(-c4ccc(-c5cccc(C#N)c5)cc4)n3)cc2)cc1,19.66
CC1(C)C=Cc2cc(CN(C(=O)c3ccc(OCCN4CCCC4)nc3)c3ccc(-c4nc(C#N)nc5nc(C#N)ccc45)cc3)ccc2O1,38.24
O=[N+]([O-])c1ccc(-c2ccc(Cc3c(O)[nH]c(=NN=Cc4ncc[nH]4)n3O)o2)cc1,31.24
N#Cc1cncc(-c2nc(=NCC(=O)O)nc(-c3cccc(C#N)n3)[nH]2)c1,20.41
N#Cc1cncc(-c2nc(-c3cccc(C#N)n3)nc(-c3nc(-c4ccc(C#N)nc4)nc(-c4ccon4)n3)n2)c1,29.98
NC(=O)c1ccc(N=Cc2ccc(-c3ccc(-c4nc(-c5cc[n+](CCO)cc5)nc(-c5ccccc5C=NNC5=NCCN5)n4)cc3)cc2)c(N)c1,32.5
N=C(N)c1ccc(-c2noc(-c3ccc4c(c3)[nH]c3ccc(C=O)cc34)n2)cc1,33.1
Cc1sc2ncn(NC(=O)c3cccc(F)c3)c(=O)c2c1C,25.38
Cc1cc(C#N)ccc1-c1nc(-c2ccc(C#N)cc2)nc(-c2ccc(C#N)cc2)n1,12.67
N#Cc1cc2c(-c3ccc(-c4ccnc(C5CC5)n4)cc3)cccc2n2ncnc12,29.69
COc1cc2[nH]c(OCC(F)F)nc(=N)c2cc1C#N,21.1
Cc1ccc(N(CC(=O)N2CCOCC2)C(=O)c2csnn2)cc1F,30.08
CC#Cc1ccc(-c2nc(C#N)nc(-c3ccc(-c4ccc(C#N)cc4)cc3)n2)cc1,18.51
N#Cc1ccc(-c2nc(-c3cnc(-c4ccc(-c5ccc(C#N)nc5)cc4)c(C#N)c3)c3ccc(C#N)cc3n2)cc1,27.16
N#Cc1ccc(-c2ccc3c(-c4nc(C#N)nc(-c5ccc(C#N)cn5)n4)n[nH]c3c2)cc1,22.58
Cn1[nH]c(=NC(=O)c2ccc(-c3cc(N4CC5CC4CS5(=O)=O)nc(C#N)n3)cc2F)cc1C(F)(F)F,24.64
C=CCN(c1nc(-c2ccc(F)cc2)cc(-c2ccc(-c3ccc(-c4ccc(C#N)cc4)cc3)nc2)n1)c1ccc(C(=O)NCCCCCCC(O)=NO)s1,35.78
N#Cc1ccc(-c2ccc(-c3ncc(F)cc3C#N)cn2)cc1,17.02
Cc1cc(C)c(Oc2cccc(C(=N)N)c2)nc1NC(=O)CC(C)N,38.25
C=C(NC(=O)OCc1ccccc1)C(NCCC(=O)Nc1ccc2c(c1)C(=O)c1ccc(NC(=O)c3ccc4cc(NC(=O)Nc5ccc(C)cc5)ccc4n3)cc1C2=O)C(C)CC,48.16
O=S1(=O)N=C(N(CCN=C2NS(=O)(=O)c3ccccc32)Cc2ccc(Br)cc2)c2ccccc21,30.81
Cc1cc(C)nc(N2CC3CN(C(=O)c4cccc(Cl)n4)CC3C2)n1,22.38
Cc1cc(Oc2c(C)cc(C#N)cc2C)cc(N=CN2CCN(C=O)CC2)n1,13.27
N#Cc1ccccc1-c1ccc(N=CN2CCN(C=O)CC2)cc1,18.32
N#Cc1ccc(-c2ccc(-c3nc(-c4ccncc4)nc(-c4cnccn4)n3)cn2)nc1,23.7
COc1ccc(Br)cc1NC(=O)c1ccc2nsnc2c1,26.47
Cc1ccnc2c3cc(F)ccc3c3ncccc3c12,28.46
Cn1cc(-c2ccc(F)cc2)nc1C=CC(O)=NO,20.71
