SMILES,NLL
O=S1(=O)C2CC3C=CC(C2)(O3)N1CCc1ccccc1,27.4
CCN(C(=O)c1cc2ccc(-n3cnnc3C)cc2c(-c2ccccc2)n1)c1ccc(OC)nc1,40.24
CC1NC(=O)c2ccc(Nc3nc(Nc4ccc5c(c4)C(=O)c4ccc(N)cc4C5=O)nc(Nc4ccc5c(c4)C(=O)c4ccc(N)cc4C5=O)n3)cc2NC1=O,7.76
N#Cc1ccc(-c2ccc(-c3nc(-c4ccc(-c5ccc(C#N)cc5)cc4)nc(-c4ccc(-c5ccc(C#N)c(C#N)c5)c(Cl)c4)n3)cc2)cc1,19.42
N#Cc1cncc(-c2cc(N3CC4CC3O4)nc(-n3nc(F)c4cc(C(F)F)cnc43)n2)c1,32.03
N#Cc1cncc(-c2nc(-c3cncc(C#N)c3)nc(-c3cncc(C#N)c3)n2)c1,4.24
C=CCC12CCN(Cc3ccccc3)C1C(=O)N(Cc1ccc(-c3ccccc3)cc1)c1ccccc12,26.01
COc1ccc2c(-c3cc(-c4ccc(C#N)cc4)nc(-c4ccc(C#N)cc4)n3)c[nH]c2c1,20.13
Cc1ccc(C(=O)N(C)C)cc1C1CC(C)N1c1ccnc(-c2ccc(F)c(C(F)(F)F)c2)n1,46.4
Nc1ccc2c(c1)C(=O)c1ccc(Nc3nc(Nc4ccc5c(c4)CCCNC5=O)nc(Nc4ccc5c(c4)C(=O)c4ccc(N)cc4C5=O)n3)cc1C2=O,9.7
CCc1nc(C2CCCCN2C(=O)c2cc(C3CC3)nc3ccc(C)cc23)no1,30.94
N#Cc1ccc(-c2ccc(-c3nc(-c4ccc(C#N)cc4)nc(-c4ccc(Cc5ccccc5)cc4)n3)cc2)cc1,18.33
Cc1ccc(-c2nc(=O)c(C#N)c(-c3ccc(C#N)cc3)[nH]2)c(C)c1,19.69
CCOC(=O)C(C#N)C(C#N)c1nc2ccccc2nc1N1CCCC(C(F)(F)F)C1,31.85
COC(=O)C1=C(C)N=C2Sc3ccccc3N2C1c1ccc(C(=O)OC)cc1,25.03
CC(C)N1C(=O)N(Cc2cc(Oc3ccccc3F)ncn2)C(Cc2cccc(F)c2)C(O)C1Cc1cccnc1,39.86
N#CC=Cc1cc(C(Br)Br)nc(C=CC#N)n1,9.03
Clc1ncc(-c2ccc(-n3ccnc3)cc2)cn1,21.31
CCC1CN2C(=O)COCC2C(=O)c2ccc(Nc3nc(Nc4ccc5c(c4)C(=O)c4ccc(N)cc4C5=O)nc(Nc4ccc5c(c4)C(=O)c4ccc(N)cc4C5=O)n3)cc21,21.37
Nc1ccc2c(c1)C(=O)c1ccc(Nc3cc(Nc4ccc5c(c4)C(=O)NC5)nc(Nc4ccc5c(c4)C(=O)c4ccc(N)cc4C5=O)n3)cc1C2=O,13.62
N#Cc1ccc(-c2ccc(-c3nc(-c4ccc(-c5ncnc(-c6c(F)cccc6Cl)n5)cc4)nc(-c4csc(C#N)c4)n3)cc2)nc1,35.37
C#CCOc1ncc(N=Cc2ccc(Cl)cc2Cl)c(C#N)c1C#N,21.81
COc1cc(OC)c(F)c(-c2ccnc(C(=O)N3CCc4c(C#N)cc5cc(Cl)ccc5c43)c2)c1F,45.08
Cc1nn(C)c(Cl)c1CNCc1c(C)nn(Cc2c(Cl)cccc2Cl)c1Cl,29.29
Clc1ccc(-c2nnc(CN3CCN(C(c4ccccc4)c4ccccc4)CC3)o2)cc1,20.76
N#Cc1nccc(-c2cnc(C3CCCN3c3[nH]cnc(=N)c3C#N)nc2-c2ccccc2)n1,25.35
N#CC=Cc1ccc(-c2ccc(C#N)c(-c3ccc(C#N)cc3)c2)cn1,18.24
N#Cc1cccc(-c2ccc(-c3cc(-c4cccc(C#N)n4)nc(-c4cccc(C#N)n4)n3)cc2)n1,13.44
CNC(=O)COc1ccc2c(c1)S(=O)(=O)N=C(c1c(O)c3ccccc3n(CCN(C)C)c1=O)N2,25.64
N#Cc1ccc(-c2ccc(-c3nc(-c4ccc(-c5ccc(C#N)c(F)c5)cc4)nc(-c4ccc(-c5ccc(C#N)cn5)nc4)n3)cn2)nc1,10.87
Cc1ccc(-n2[nH]c(C(Cl)(Cl)Cl)nc2=NC(=O)c2cc(C#N)ccc2Nc2ccc(C#N)cc2)cc1,25.49
N#Cc1cccc(-c2nc(-c3cccc(C#N)n3)nc(N3CC(F)C3)n2)n1,7.83
O=c1c2cc(-c3ccncc3)ccc2c(CCCO)nn1-c1ccc(Cl)cc1,26.69
C=CCc1ccc(C2CN=c3ccc(C(N)=O)cc3=N2)cc1,31.84
O=CN1CCN(C=Nc2ccnc(N=CN3CCN(C=O)CC3)n2)CC1,6.34
CC(C)CC(=O)c1cc(C(=O)CC(=O)c2ccc(C#N)cc2)c(O)cc1O,25.4
CNc1ncc(-c2cc(-c3cncc(C#N)c3)nc(C#N)n2)nc1C#N,20.59
O=c1[nH]c2ccc(N=Cc3cccc4c(O)cccc34)cc2[nH]1,28.08
N#Cc1ccc(Nc2cc(Nc3ccc4c(c3)C(=O)c3ccc(N)cc3C4=O)nc(Nc3ccc4c(c3)C(=O)c3ccc(N)cc3C4=O)n2)cc1,8.1
CN1CCCc2ccc(-c3nc(-c4ccc(-c5ccc(C#N)cc5)cc4)nc(-c4ccc(-c5ccc(C#N)cn5)cc4)n3)cc21,18.96
N#Cc1ccc(-c2cc(-c3ccc(F)cc3)c3c(-c4ccc5ccccc5c4)nc(C(=O)NN)nc3n2)cc1,31.34
CCN(CCCl)c1ccc(C=Nc2nc(Nc3ccc4c(c3)C(=O)c3ccc(N)cc3C4=O)c(N)cc2O)cc1,13.9
Nc1ccc2c(c1)C(=O)c1ccc(Nc3ccnc(-c4ccc(F)c(F)c4)n3)cc1C2=O,15.94
Fc1ccc(N=c2nc(CCl)cc[nH]2)cc1F,20.11
N#Cc1ccc(-c2nc(-c3ccc(-c4nc(Cl)nc(Cl)n4)cc3)nc(-c3ccc(-c4ccc(C#N)cn4)nc3)n2)cc1,14.79
N#CC(C#N)=c1ccc(=C(C#N)c2nc(C(C#N)=c3ccc(=C(C#N)C#N)cc3)nc(C(C#N)=c3ccc(=C(C#N)C#N)cc3)n2)cc1,5.69
Cn1c(-c2ccc(-c3ccc(C#N)cn3)cc2)nc(-c2ccc(C#N)cc2)c1-c1ccccc1,11.63
CC1(C)Oc2[nH]cnc(=N)c2NC1c1cccc(C#N)c1,21.79
N#Cc1ccc(-c2ccc(-c3nc(-c4ccc(-c5ccc(C#N)cn5)nc4)nc(-c4ncccc4F)n3)cc2)cc1,13.74
N#Cc1ccc(-c2nc(-c3ccc(-c4ccnc(Cl)n4)cc3)nc(-c3ccc(-c4cccc(C#N)c4)nc3)n2)cc1,19.07
N#Cc1cnc(C#N)c(N2CCN(c3cc(Cl)c(C#N)cn3)CC2)n1,27.73
Cc1ccc(C(=O)C=Cc2nc(-[n+]3ccc(-c4ccncc4)cc3)nc(-[n+]3ccc(-c4ccncc4)cc3)n2)cc1,18.15
N#Cc1cccc(-c2nc(-c3ccnc(Cl)n3)nc(-n3cnc4ccccc43)n2)n1,16.53
N#CC=Cc1cccc(C(=O)Nc2cc(C(=O)Nc3ccc(C#N)cc3)c(F)cc2F)n1,17.93
N#Cc1cc(C#N)cc(Oc2c(C#N)cccc2C#N)c1,14.56
N#Cc1ccc(-c2cc(C(=O)O)cc(-c3nc(-c4ccccc4)cs3)c2)cc1,19.45
CN(C(=O)Cn1nnc2ccccc21)c1ccc(-c2cccc(C#N)c2)cc1,27.18
N#Cc1ccc(-c2csc(-c3ccc(C=Cc4nc(-c5ccc(C#N)cc5)ns4)cc3)n2)cc1,22.6
Cn1c(C=Cc2ccccc2)nc(C#N)c1NCc1ccc(C#N)cc1,16.09
C#CCCC(N=c1cc2ccc(=NC(=O)C=Cc3ccc(S(C)(=O)=O)cc3)[nH]c2c[nH]1)c1ccccc1,54.18
N#Cc1cncc(-c2nccc(C#N)n2)c1,9.28
CC(C)=Cc1ccccc1-c1c(C(=O)C(C)C)c(O)c(O)n1-c1ccc(-c2ccoc2)cc1,21.54
N#Cc1ccc(-c2ccc(-c3nc(-c4ccccc4)nc(-c4ccc(-c5ccc(C#N)cc5)cc4)n3)cc2)cc1,11.08
N#Cc1ccc(NC(=O)c2cccc(CN3CCN(c4nc(-c5cc(F)c(O)cc5O)cc(N(CCBr)CCBr)n4)CC3)c2)cc1,48.42
Cc1ccn2c(C#N)c3nc(Oc4ccc(-c5cncc(C#N)c5)cc4)c(C#N)cc3c2n1,29.41
N#CC=Cc1cccc(-c2nc(-c3ccc(C#N)cc3)nc(-c3cccc(C#N)n3)n2)n1,15.23
N#Cc1ccc(-c2ccc(-c3nc(-c4ccc(-c5ccc(C#N)cn5)nc4)nc(-c4ccc(-c5ccc(C#N)cn5)nc4)n3)cn2)nc1,4.21
CCc1noc(-c2ccc(-c3nc(-c4ccc(-c5ccc(C#N)cn5)cc4)nc(-c4ccc(-c5ncnc(C=CC#N)n5)cc4)n3)cc2)n1,19.71
Cn1cc(-c2ccc(-c3ccc(C#N)cn3)cc2F)nc1C(=O)c1ccc(C#N)cc1,19.5
Fc1ccc(CN2CCCC(n3cc(-c4cccc(-c5ccoc5)n4)nn3)C2)cc1,32.7
CCCc1ccc(C2N=C(c3ccccc3)N=C(CN3CCOCC3)C2C(=O)OCC)cc1,25.16
Fc1ccccc1-n1nnc(-c2ccccn2)n1,19.42
Clc1cc(-c2ccc(-c3cc(-c4ccc(-c5nc(Cl)nc(Cl)n5)cc4)cc(-c4ccc(-c5nc(Cl)nc(Cl)n5)cc4)c3)cc2)nc(Cl)n1,12.79
N#Cc1ccc(C(=O)Nc2ccc3[nH]ccc3c2)c(Cl)n1,26.87
CCCOCCn1nc(C#N)nc1-c1cncc(C#N)c1,20.86
c1ccc(-c2ccc(-c3nc4ccccc4n3Cc3nc(-c4ccccc4)no3)cc2)cc1,22.18
N#CC=Cc1nc(C=CC#N)nc(C=CC#N)n1,5.21
N#Cc1ccc(-c2ccc(Cn3c(Cl)nc4cc(C#N)c(C#N)c(F)c43)cn2)cc1,24.03
CCc1nc(-c2ccc(-c3cc(-c4ccc(-c5ccc(C#N)cn5)cc4)nc(-c4ccc(-c5ccc(C#N)cn5)cc4)n3)cc2)cs1,20.53
CC(C)(C)c1ccc(C=Cc2nc(-c3ccc(-c4ccc(-c5ccccc5)cc4)cc3)nc(-c3ccc(C(F)(F)F)cc3)n2)cc1,29.71
N#Cc1cc(F)cc(-c2ccc(-c3cccc(F)c3C#N)cn2)c1,14.8
N#Cc1ccc(-c2nc(-c3ccc(-c4ccc(C#N)cn4)nc3)nc(-c3ccc(-c4ccc(C#N)cn4)nc3)n2)cc1,6.15
Cc1c(C#N)c(NC(=O)CCC(=O)O)n(Cc2ccc(-c3ccccc3-c3nn[nH]n3)cc2)c1C,22.25
CC(C)Oc1ccc(-c2cc(-c3cccc(C#N)n3)nc(-c3ccc(C#N)cc3)n2)cc1C#N,14.35
Nc1cc(=O)[nH]n1CCN=c1cc[nH]c2cc(Cl)ccc12,25.1
Clc1nc(Cl)nc(-c2ccc(-c3cc(-c4ccc(-c5nc(Cl)nc(Cl)n5)cc4)cc(-c4ccc(-c5nc(Cl)nc(Cl)n5)cc4)c3)cc2)n1,4.53
N#CC=Cc1nc(C#N)nc(C=CC#N)n1,10.96
N#Cc1ccc(-c2nc(-c3cc(C#N)oc3CO)c3cncnc3n2)cn1,29.72
COc1ccc(C(=O)NCCO)cc1-c1ccc2c(cnn2-c2cccc(C#N)c2)n1,26.03
Nc1ccc2ccc(O)c(C=Nc3ccccc3O)c2c1,26.6
[O-][S+]1c2ccccc2N=C(N2CCN(CC=Cc3ccco3)CC2)c2ccccc21,28.07
CCCCCc1ccc(C(=O)Nc2ccc(N=c3nc(N4CC(N)CC(N)C4)[nH]c(N4CC(N)CC(N)C4)n3)c(C#N)c2)cc1,26.21
Cc1nc(-c2ccc(F)cc2)ccc1C(=O)NCc1noc(C(C)C)n1,22.45
COc1ccc(NC(=O)c2cccc3c(=Nc4ccc(C)cc4)c4ccccc4[nH]c23)cc1,26.81
CNc1c(C#N)nn(-c2ccc(-n3cc(C)nc3C)cc2)c1-c1ccc(OC)cc1OC,30.21
O=C(COc1cc(-c2ccc3ccccc3n2)nc(-c2ccncc2)n1)c1ccc(-c2ccccc2)cc1,31.99
CN1CCC(n2cc(-c3n[nH]c(=NCc4cc(F)cc(F)c4)nc3-c3ccco3)c3ccccc32)CC1,39.45
O=C1NCCc2cc(C#Cc3ccsc3)ccc21,19.42
N#Cc1cn(CC(=O)O)c2ccccc12,17.48
N#CC=Cc1cc(Br)ccn1,13.07
CCOC(=O)c1cc(-c2ccc(C(F)(F)F)cc2)nn1-c1ccc(C#N)cc1,20.92
Cc1nc(-c2cc(=Nc3ccn(C(C)C)n3)c3cccc(C#N)c3[nH]2)cc(-c2cccnc2F)n1,35.38
CN1CCN(c2cnn(Cc3ccc(-c4ccc(C(F)(F)F)nc4)cc3)c2-c2cccc(C#N)n2)C1=O,31.93
N#Cc1ccc(-c2cc(=O)c3c(O)cc(O)c(CN)c3o2)cc1,22.88
N#Cc1cc(=Nc2cc(N)[nH]c(=N)c2Cl)nc(-c2cnc(N3CCC(F)C3)c(C#N)c2)[nH]1,28.78
N=c1c2c([nH]c3ccccc13)CCC2,15.83
N#Cc1ccc(-c2ccc(-c3nc(-c4ccc(C#N)nc4)nc(N4CCC(N5CCCCC5)CC4)n3)nc2C#N)nc1,22.27
CN(C)S(=O)(=O)c1ccccc1-c1ccc(F)c(CCNC(=S)N=c2cc[nH]cc2)c1,33.04
N#Cc1ccc(-c2ccc(-c3nc(-c4ccc(-c5cccc(-c6ccc(C#N)cc6)n5)cc4)nc(-c4ccc(-c5ccccc5F)nc4)n3)cc2)cc1,25.56
COc1ccc(-c2ccc(C#N)cc2F)cc1-c1nc(C#N)c(N)n1-c1ccc(F)cc1,30.45
N#Cc1ccc(NCc2ccco2)c(C#N)c1,18.44
COC1CN(c2nc(-c3cccc(C#N)n3)nc(-c3cccc(C#N)n3)n2)CCC1C(=O)O,10.49
C=CC(=O)Nc1cc(N=c2nc(-c3cncc(C#N)c3)cc[nH]2)c(Cl)nc1Cl,21.5
N#Cc1cc[n+](C=C2CSC3=NS(=O)(=O)CC(c4ccc(F)c(F)c4)N23)cc1,34.51
N#Cc1ccc(-c2ccc(-c3nc(-c4ccc(-c5ccc(Cl)cc5)cc4)nc(-c4ccc(-c5ccc(C#N)cn5)nc4)n3)cc2)nc1,13.97
N#Cc1ccc(CNCc2ccn(Cc3cccc(F)c3)c2)cn1,27.91
N#CC=Cc1cncc(-c2ccc3c(c2)nc(-c2ccc(C(F)(F)F)cc2)n3C2CCCCC2)c1,26.17
N#CCc1ccc(NC(=N)Nc2ccc(C#N)cc2)cc1,20.97
Cn1c(C(C#N)c2ccc(C#N)cc2)ccc(C#N)c1=Nc1ccc(F)c(C#N)c1,26.08
N#Cc1c2ccccc2c(-c2nc(-c3c4ccccc4c(C#N)c4ccccc34)nc(-c3c4c5c(cccc5c5ccccc35)C(=N)N4)n2)c2ccccc12,20.36
O=C1NC(=O)C(=Cc2cc(Br)c(O)c(Br)c2)C(=O)N1,19.14
CC1OCCN(c2nc(-c3cncc(C#N)c3)nc3ncc(C#N)cc23)C1C1CC1,26.63
CNC(=O)Cc1cc(C#Cc2ccc(C#N)cc2)ccc1F,28.71
CC(C)=CCc1c(O)cc2occ(-c3ccc(N(C)C)cc3)c(=O)c2c1O,23.05
N#Cc1ccc(-c2nc(-c3ccc(-c4nc(-c5ccc(C#N)cc5)nc(CCC(=O)O)c4C#N)cc3)nc(-c3ccc(-c4ccc(C#N)cn4)s3)n2)cc1,29.18
Cc1cc(C(=O)Nc2ccc3c(c2)C(=O)c2ccc(N)cc2C3=O)no1,15.13
C=Cc1ccc(Cc2cc(O)n(Cc3ccccc3)c2)cn1,29.32
Cc1ccc(-c2cc[nH]c(=Nc3ccc(C(=O)Nc4cccc(C(F)(F)F)c4)cc3)n2)cc1C#N,19.76
N#CC=Cc1cc(-c2ccc(Br)cc2)nc(C=CC#N)n1,14.65
CS(=O)(=O)N1CC(c2ccc(F)cc2)Cc2ccc(C#N)cc21,31.43
CC1(O)CCN(c2nc(-c3cccc(C#N)n3)nc(-c3cccc(C#N)n3)n2)C1,10.89
Cc1ccc(S(=O)(=O)NCCC(=O)NC(C(=O)NC(CCCN=C(N)N)C(=O)c2nccs2)C(C)C)cc1,34.38
CC(C=Cc1c(-c2ccc(C#N)cc2)c2ccc(OCC(C)(O)c3ccc(F)cc3)cc2oc1=O)=CCCC(=O)Nc1ccccc1N,44.26
CN1CC=C(c2c3c4c(c(F)cnc4n2C)-c2cc(F)ccc2N(C)C3)CC1,29.68
COc1ccc(C=CC(=O)c2c(N)n(C)c(=O)n(C)c2=O)cc1,21.05
CC12c3ccccc3C(c3ccccc31)N2c1ccnn(-c2ccccc2)c1=O,31.49
N#Cc1ccc(-c2cccc(-c3ccc(CC4=NC(=S)NC4=O)cc3)n2)cc1,18.93
N#Cc1ccc(-c2nc(-c3ccc(-c4c(O)cc(-c5ccccc5)nc4Cc4nc5ccccc5[nH]4)cc3)no2)cc1,37.89
CC(C)(C)c1cc(-c2ccc(C#N)cc2)nc(=NC(=O)c2ccc(-n3ccccc3=O)cc2)[nH]1,21.54
Cc1ccc(C=CC(=O)c2ccc(-n3cccc3)cc2)c(Cl)c1,21.01
N#Cc1ccc(-c2nc(-c3ccc(C#N)cc3)nc(-c3ccc(C#N)cc3)n2)cc1,8.45
N#CCNC(=O)c1cc(-c2ccc(C=c3c(=C(C#N)c4ccc(C#N)cc4)[nH]c4ccc(-c5cccnc5)cc34)cc2)ccn1,40.43
N#CC=Cc1cc(C(=O)O)nc(C=CC#N)n1,12.92
Cc1cnc(Cl)nc1-c1ccc(N(Cc2ccccc2)C(=O)c2cc3ccccc3s2)cc1,24.44
c1ccc2cc(-c3nn[nH]n3)ccc2c1,18.99
N#Cc1cccc(-c2nc(-c3ccc(-c4ncccn4)cc3)nc(-c3nc(-c4ccccc4Cl)nn3-c3ccc(Cl)c(Cl)c3)n2)n1,30.66
N#Cc1cccc(-c2nc(-c3cccc(C#N)n3)nc(N3OCCC3CN3CCCC3)n2)n1,18.17
CC1(C)c2cc(-c3cccc(C#N)c3)ccc2C(=O)c2c1[nH]c1cc(C#N)ccc21,16.0
N#Cc1ccc(-c2ccc(C(=O)c3ccc(-c4ccc(C#N)nc4)nc3-c3ccc(C#N)cc3)cc2)cc1,20.05
N#Cc1ccc(-c2ccc(-c3nc(-c4ccc(-c5ccc(C#N)cn5)nc4)nc(-c4cc(C(F)(F)F)cc(C(F)(F)F)c4)n3)cc2)nc1,16.77
N#Cc1cncc(-c2ccc(C(CC(=O)N3CCN(C4CCCc5ccc(C#N)nc54)CC3)c3ccc(C#N)nc3)cc2)c1,29.11
N#Cc1ccc2c(=Nc3cc(Nc4ccc5c(c4)C(=O)c4ccc(N)cc4C5=O)c(N)cc3O)cc[nH]c2c1,19.83
N#Cc1ccc(-c2nc(-c3ccccc3)c(-c3ccc(C#N)cc3)c(-c3ccccc3)n2)cc1,20.6
FC(F)(F)c1cc(-c2ccc(-c3nc(Cl)nc(Cl)n3)cc2)cc(-c2ccc(-c3nc(Cl)nc(Cl)n3)cc2)c1,8.01
Cc1ccc(Cc2c(-c3ccc(C#N)cc3)nc3ccc(C#N)cn23)cc1,20.88
C=C(C)COc1ccc2c(-c3ccc(OCCN4CCCC4)cc3)nc(-c3ccc(-c4ccc(C#N)cn4)cc3)nc2c1,32.15
CCc1cc(-c2nc(COc3ccc(OCC(=O)O)c(C)c3)nc(-c3cc(F)c(F)c(C#N)c3)n2)cc(C)c1OCC(O)CNC(=O)CO,24.73
N#Cc1c(F)c(F)c(-c2nc(-c3c(F)c(F)c(C#N)c(F)c3F)nc(-c3c(F)c(F)c(C#N)c(F)c3F)n2)c(F)c1F,5.41
N#Cc1ccc(-c2ccc(-c3nc(-c4ccc(-c5cccc(C#N)c5)cc4)nc(-c4ccc(C#N)cn4)n3)cc2)nc1,17.92
N#Cc1ccc(-c2nc(OC(=O)c3ccc(F)cc3)nc(-c3ccccn3)n2)cc1,21.86
N#Cc1cc(-c2cc[nH]c(=Nc3ccc(C(=O)N4CCCC4)cc3)n2)ccc1N1CCCC1,20.75
N#Cc1ccc(-c2ccc(-c3nc(-c4ccc(-c5ccc(F)c(C#N)c5)cc4)nc(-c4ccc(C#N)nc4)n3)cn2)nc1,9.95
Cc1cc(-c2ccc(-c3nc(-c4ccc(-c5ccc(C#N)cc5)cc4)nc(-c4ccc(-c5ccc(C#N)cn5)nc4)n3)cc2)ccc1C#N,13.31
CC(C)n1cc(C=CC(=O)Nc2cccc(-c3cccc(C(=O)N4CCC(F)(F)CC4)n3)c2)c2ccc(C#N)nc21,38.44
N#Cc1c(F)c(F)c(-c2nc(-c3ccc(F)cc3)nc(-c3c(F)c(F)c(C#N)c(F)c3F)n2)c(F)c1F,10.24
CC#CCNCc1ccc(C#N)cc1,20.5
Cc1cc(-c2cc(-c3ccncc3)nc3c(C#N)nc(C(=O)NCC(=O)O)c(O)c23)ccn1,27.92
CC(=O)c1cccc(-c2csc(-c3ccccc3NC(=O)c3ccc(F)c(F)c3)n2)c1,30.99
Cc1nc(C(=O)NCc2ccc(N(C)C)cc2)c2c(n1)-c1ccccc1C1CCCCC21,29.04
N#CC=Cc1cccc(-c2ccc(-c3nc(-c4ccc(C#N)cc4)nc(-c4cccc(C=CC#N)n4)n3)cc2)n1,17.77
Cc1ccccc1C(=O)Nc1ccc(-c2nc(-c3ccc(-c4ccc(C#N)cn4)cc3)nc(-c3ccc(-c4ccc(C#N)cn4)cc3)n2)cc1,18.43
CN(C)C1CN(c2nc(-c3cccc(C#N)n3)nc(-c3c[nH]c(C#N)n3)n2)CC1F,15.87
CN(C)CCCn1c(C#N)ccc1CC1=NC(=S)N(c2ccc(C#N)cc2)C1=O,28.83
CCNC(=O)C1OC(n2cnc3c(=N)nc(C#CC(O)c4ccccc4)[nH]c32)C(O)C1O,23.23
CC(=O)c1cc(-c2ccc(-c3ccc(C#N)cn3)cc2)n(-c2ccc(C#N)cc2)n1,15.3
N#Cc1ccc(-c2ccc(-c3nc(-c4ccc(-c5cccc(C#N)c5)cc4)nc(-c4cccc(C#N)n4)n3)cn2)nc1,9.91
CCOC(=O)C(C#N)c1csc(=Nc2cc(N3CCC(N(C)C)C3)nc3c2c(=O)c(C(=O)O)cn3-c2ccc(F)cc2F)[nH]1,49.85
N#CC(C(=O)Nc1ccc(F)cc1)C(=O)c1ccc(-c2ccc3ccccc3c2)cc1,32.25
N#Cc1ccc(-c2nc(COc3ccc(-c4cccc(C#N)n4)cc3)nc(-c3ccc(-c4ccc(C#N)cn4)nc3)n2)cc1,14.44
C=CCn1c(=O)[nH]c(O)c(C(C)=Nc2ccc(C(=O)OC)cc2)c1=O,21.87
C=CC(C)(C)c1[nH]c2ccccc2c1C=c1ccc(=C(C#N)C#N)[nH]1,18.94
N=C(N)c1ccc(-c2cc(-c3ccc(C(O)=NO)cc3)no2)cc1,22.43
Cc1ccccc1C(=O)c1cc[nH]c(=Nc2cncc(C#N)c2)n1,30.38
Cn1c(CN2CCC(CO)(Cc3ccc(F)cc3)CC2)cc(=O)n1-c1ccccc1,23.55
N#Cc1ccc(-n2c(SC3CCOC3=O)nnc2-c2ccco2)cc1,23.65
Clc1nc(Cl)nc(-n2cncn2)n1,13.61
Clc1ccc2[nH]c(-c3ccc(-c4cc(-c5ccc(-c6nc(Cl)nc(Cl)n6)cc5)cc(-c5ccc(-c6nc(Cl)nc(Cl)n6)cc5)c4)cc3)nc2c1,15.41
N#Cc1ccc(-c2ccc(-c3nc(-c4ccc(-c5ccc(C#N)cc5)s4)nc(-c4c(F)c(F)c(C#N)c(F)c4F)n3)cc2)cc1,15.94
COc1ccc(N=Cc2ccccn2)cc1,13.67
COc1ccc(-c2nc(Br)c(C#N)c(-c3cc(Br)c(O)c(Br)c3)n2)cc1OC,26.19
N#Cc1ccc(C=Cc2cc(-c3ccc(C#N)cc3)nc3ccc(C(=O)c4cccnc4)cc23)cc1,22.88
N#Cc1c2ccccc2c(-c2nc(-c3c4ccccc4c(C#N)c4ccccc34)nc(-c3c4ccccc4c(C#N)c4ccccc34)n2)c2ccccc12,4.85
N#Cc1ccc(-c2ccc(-c3nc(-c4ccc(-c5ccc(C#N)cc5)nc4)nc(-c4ccc(-c5ccc(C#N)cn5)nc4)n3)cc2)cc1,12.44
O=C(NCc1ccc2ccccc2c1)C1CCCCN1S(=O)(=O)c1ccccc1,26.06
N#Cc1cnc(-c2ccc(-c3nc(-c4ccc(-c5ccc(F)c(C#N)c5)cc4)nc(-c4cccc(C#N)n4)n3)cn2)nc1,14.1
N#Cc1cccc(-c2ccc3ncc(-c4cncs4)cc3c2)c1F,31.53
N#Cc1ccc(-c2nc(-c3ccc(-c4ccc(C#N)cn4)nc3)nc(-c3ccnc4ccc(C#N)cc34)n2)cc1,16.28
COc1ccc(-c2nnc(COc3cnn(C(C)(C)C)c(=O)c3Cl)o2)cc1,19.56
N#Cc1ccc(-c2nc(-c3ccc(Oc4ccccc4)cc3)nc(-c3ccc(-c4ccc(C#N)cn4)cc3)n2)cc1,14.45
N#Cc1ccc(-c2nc(-c3cccc(C#N)n3)nc(-c3cccc(C#N)n3)n2)cc1,8.42
CC(=O)c1ccc(C=Cc2nc(-c3ccc(C#N)cc3)nc(-c3ccc(-c4cn(-c5cc(C#N)cc(-c6ccc(-c7nc(Cl)nc(Cl)n7)cc6)c5)nn4)cc3)n2)cc1,33.68
N#Cc1ccc(-c2ccc(-c3nc(Cc4cccc(Cl)c4)nc(-c4ccc(-c5ccc(C#N)cn5)cc4)n3)cc2)nc1,18.63
O=C(NN=CC=Cc1ccco1)c1ccc(Cn2nnc3ccccc3c2=O)cc1,29.18
CN(C)CCN1C(=O)c2ccc(N=CN3CCN(C=O)CC3)c3c2c(cn3CCNCCO)C1=O,33.22
Cc1ccc2cc(-c3cccc(N=CN4CCN(C=O)CC4)n3)c(Cl)nc2c1,18.85
N#Cc1ccc(-c2ccc(-c3nc(-c4ccc(-c5ccc(C#N)cn5)cc4)nc(-c4ccc(-c5ccc(C#N)cn5)nn4)n3)cc2)cc1,15.76
C=c1[nH]c(=Cc2c(O)[nH]c3ccc(-c4ccc(-n5cnc(C)c5)nc4)cc23)c(C)c1C(=O)N1CCN(C=O)CC1,22.38
Cc1ccc(-n2c(O)ccc2O)cc1,17.14
CCN(CC(=O)Nc1c(F)cccc1F)C(=O)c1ccc(S(=O)(=O)Nc2cc(Cl)ccc2OC)cc1,28.12
CC1(C)Cc2c(sc3ncn(-c4cc(C#N)cc(C#N)c4)c(=O)c23)CO1,22.95
Cc1nc(-c2ccc(NCc3ccc(C#N)nc3-c3ccc(C#N)cc3)cc2)co1,20.7
N#Cc1ccc(-c2nc(CN(CC(=O)O)C3CC3)nc(-c3cccs3)n2)cc1,27.84
Cc1ncn(-c2ccc(C(=O)Nc3ccc(C4CNC4)cc3)c(Cl)c2)n1,23.03
CSc1nc(CCNC(=O)C(N)Cc2ccccc2)nc(-c2ccc(-c3cncc(-c4ccc(C#N)cc4)n3)cc2)n1,36.29
COc1ccc(-c2nc(-c3cccc(C#N)n3)nc3ccccc23)cc1C(=O)N=c1cc[nH]cc1F,29.44
N#Cc1ccc(Oc2ccc(S(=O)(=O)N=c3ccc(F)c[nH]3)cc2)c(C#N)c1,16.51
N#Cc1ccc(-c2nc(-c3ccc(C#N)cc3)nc(-c3ccc(C#N)cn3)n2)cc1,10.31
COc1cc(CCC#N)cc(F)c1OCc1cccc(CCc2ccccn2)n1,33.02
CCCC#Cc1ccc(CNc2ccc3nc(C4CCCN4)nn3c2)cc1,35.7
N#Cc1cccc2c1NC(Nc1ccc(-c3ccccc3)cc1)=NS2(=O)=O,21.59
N#Cc1ccc(-c2ccc(-c3n[nH]c(-c4ccc(-c5ccc(C#N)cc5)cc4)n3)cc2)cc1,13.86
Oc1csc(=S)n1-c1ccccc1OCCN1CCOCC1,21.95
N=c1cc(Nc2ccc3c(c2)C(=O)c2ccc(N)cc2C3=O)nc[nH]1,13.61
COC(=O)CNC(=O)c1ccc2nccnc2c1,27.13
CC(C)(C)c1ccc(CNC(=O)c2nc(-c3ccc(C#N)cc3)nc(-c3ccc(C#N)cc3)n2)cc1,18.25
N#Cc1nc(-c2ccc(Cl)cc2)oc1Nc1ccncc1,19.51
CC(C)(c1ncc(-c2ccc(-c3nc(-c4ccc(-c5ccc(C#N)cn5)nc4)nc(-c4ccc(-c5ccc(C#N)cn5)nc4)n3)cn2)cc1C#N)C(F)(F)F,15.49
CCCSc1nc2c(ncn2C2OC(C(C)O)C(N)C2O)c(=NOCCc2ccccc2)[nH]1,46.06
Cn1[nH]c(C(C)(C)C)cc1=NC(=O)c1ccc(-c2nc3cc(-c4cccc(C#N)c4)ccc3[nH]2)cc1,18.49
N#CCCCC(CO)n1cc(C#N)[nH]c1=NC(=O)c1nc(-c2ccc(-c3ccc(C#N)cc3)cc2)cs1,30.34
Cc1ccc(Nc2cc(N=Cc3ccc(-c4nc(-c5ccc(C=Nc6cc(O)c(N)cc6O)cc5)nc(-c5ccc(C=Nc6cc(O)c(N)cc6O)cc5)n4)cc3)c(O)cc2N)cc1,7.44
O=C(NC1(CC(O)=NO)CCCC1)c1ccc(O)c(-c2ccc(Cl)c(Cl)c2)c1,29.64
CCCCn1cc(O)c(-c2nc3ccc(Cl)cc3[nH]2)c1N,22.07
C=CCC(c1ccccc1)(c1ccccc1)C(Oc1nc(C)cc(C)n1)C(=O)O,22.28
CC(C)NC(=O)c1ccc(-c2noc(C(F)(F)F)n2)cc1,17.59
Cc1[nH]n(-c2cccc(C#N)c2)c(=O)c1-c1nc(-c2ccc(C#N)cc2)c2ccccc2n1,25.52
NC(=O)c1n[nH]c2c1CCc1cc(N=S3(=O)C=NCC3)ccc1-2,35.77
c1ccc(C(CCn2ccnc2)c2ccccc2)cc1,18.56
COc1cc2oc(-c3ccc(O)c(O)c3)cc(=O)c2c(O)c1OC,18.79
Cc1c(-c2cccc(C#N)c2)ncc2c1N(c1ccc(C#N)c(=Nc3ccc(C#N)cc3)[nH]1)CCC2,38.42
N#Cc1ccc(-c2ccc(-c3nc(-c4ccc(C#N)nc4)nc(-c4ccc(-c5ccc(C#N)cn5)nc4)n3)cc2)nc1,7.96
N#Cc1ccc(-c2ccc(-c3nc(-c4ccc(-c5ccccn5)c(F)c4)nc(-c4ccccc4C#N)n3)cc2)nc1,18.9
CC(c1ccccn1)C(N)COCc1cc(-c2ccc(C#N)cc2)nc(-c2ccc(C#N)cc2)n1,38.57
CCOc1ccc(-c2ccc(-c3nc(-c4ccc(-c5ccc(C#N)cn5)nc4)nc(C4CC4)n3)cc2C(=O)O)cc1Cl,25.47
COCC(=O)N1CCN(c2nc(Cl)ncc2Cl)CC1,19.38
Nc1cccc(Nc2ccc3c(c2)C(=O)c2ccc(N)cc2C3=O)c1,9.38
NC(=O)CCc1ccc(-c2ccc(-c3nc4ccccc4[nH]3)cc2)cc1,24.4
CC(C)(C)c1nc(-c2ccnc(-c3ccc(C#N)cc3)n2)c(-c2ccc(C#N)cc2)[nH]1,18.08
O=C(O)c1cnn(-c2ccc(-c3cc(-c4ccc(-c5nc(Cl)nc(Cl)n5)cc4)cc(-c4ccc(-c5nc(Cl)nc(Cl)n5)cn4)c3)cc2)c1,21.44
C=CCN(C)c1nc(Cl)n(Cc2cccc(OCC3CCC3)c2)c(=N)n1,36.71
N#Cc1ccc(-c2ccc3ncc4c(c3n2)n(Cc2ccc(F)c(F)c2)c(=O)n4-c2ccc3o[nH]c(=N)c3c2)cc1,38.48
N#Cc1ccc2c(=O)n(Cc3ccccc3)[n+](-c3ccccc3)c(Sc3ccccc3)c2c1,32.85
FC(F)(F)c1cc(-c2ccc(-c3nc(Cl)nc(Cl)n3)cc2)cc(-c2ccc(-c3nc(Cl)nc(Cl)n3)cc2)n1,9.2
N#Cc1ccc(C(=O)C=Cc2ccc(F)cc2)cc1,13.0
Cn1c(-c2ccc(-c3ccc(C#N)cn3)nc2)nc(-c2ccc(-c3ccc(C#N)cc3)c(F)c2)c1-c1ccc(C2CCC(CC(=O)O)CC2)cc1,28.22
CCc1nc(C#N)nc2c1nc(CSc1nc(=NC(=O)C=Cc3ccc(O)c(OC)c3)cc(N)[nH]1)n2C,46.05
N#Cc1ccc(-c2ccc(-c3ccc(C4=NC(=Cc5ccc(F)cc5)c5cc(C#N)ccc5N4)cc3)cc2)cc1,24.0
COc1cc(C(=O)c2cc(C#N)nc3ccccc23)cc(OC)c1OC,20.58
CCc1coc(-c2cc(C#N)cnc2-c2ccc(C#N)cc2)n1,18.99
N#Cc1ccc(-c2ccc(-c3nc(-c4ccncc4)cc(-[n+]4ccc(-c5ccncc5)cc4)n3)cc2)cc1,15.47
N#Cc1cc(C#N)c(C#N)c(C#N)c1,15.8
Cc1nccc(-c2ccc(N=c3nc(-c4ccc(C#N)cc4)nc(-c4ccc(C(=O)N5CCC(O)CC5)cc4)c4nc[nH]c34)cc2)n1,33.56
N#Cc1nc(-c2ccc(-c3ccc(C#N)s3)cn2)c2cc(Cl)ccc2n1,22.87
CC(C)Oc1ccc(-c2ccc(-c3nc(-c4ccc(-c5ccc(C#N)cn5)nc4)nc(-c4ccc(-c5ccc(C#N)cn5)nc4)n3)cn2)cc1C#N,8.5
COc1cc(N)c(Cl)cc1NC(=O)CCCN,16.1
ON=C1CCc2cc(-c3cncc(-c4ccccc4)c3)ccc21,18.44
Cc1cc(C#N)ncc1-c1nc(-c2ccc(-c3ccc(C#N)cn3)nc2)nc(-c2ccc(-c3ccc(C#N)cn3)nc2)n1,11.21
N#Cc1cccc(Nc2ccc3c(c2)C(=O)c2ccc(N)cc2C3=O)n1,8.81
O=C1NCS(=O)(=O)c2cc(-c3nc(-c4ccc(Cl)cc4)n[nH]3)ccc21,32.03
N#Cc1ccc(-c2ccc(-c3nc(-c4ccc(C#N)cc4)nc(-c4ccc(-c5cncc(C#N)c5)c(Br)c4)n3)cc2)cc1,19.03
Cc1noc(C)c1COC(=O)CNC(=O)c1c(F)cccc1F,22.48
O=C(N=c1[nH]cc([N+](=O)[O-])s1)c1ccc(Cl)nc1,19.6
CN1CCN(C(=O)c2cc3cc(N=c4nc(-n5ncc6ccccc65)cc[nH]4)ccc3[nH]2)CC1,24.8
N#Cc1ccc(-c2ccc(-c3nc(-c4cc(-c5nc(Cl)nc(Cl)n5)ccc4Cl)no3)cn2)nc1,19.53
CN1CCCN(c2nc(-c3cccc(C#N)n3)nc(-c3cccc(C#N)n3)n2)CC1,10.93
O=C(NCCCCN1CCC(c2cccc3ccccc23)CC1)c1ccc2ccccc2c1,23.69
CCOC(=O)Cn1nc(-c2cccc(C#N)n2)cc(-c2cccc(C#N)c2)c1=O,19.24
Clc1ncnc2c1sc1ccccc12,20.61
N#CC=Cc1ccc(-c2ccc(C#N)cn2)cc1,12.69
Cc1c(F)cc(-c2ccn[nH]2)cc1-c1ncnc(C#N)n1,25.91
Cc1nn(-c2cc[nH]c(=Nc3cncc(C#N)c3)n2)cc1CN1CCC(O)C1,16.23
N#Cc1ccc(-c2ccc(-c3nc(-c4ccc(-c5ccc(C#N)cn5)nc4)nc(-c4ccc(C#N)cn4)n3)cc2)cc1,8.32
CC(C)Oc1ccc(-c2nc(-c3ccc(-c4ccc(C#N)cn4)nc3)nc(-c3ccc(-c4ccc(C#N)cn4)nc3)n2)cc1C#N,18.9
CC(C)CN(C)Cc1nc(-c2ccc(C#N)cc2)no1,19.28
N#Cc1ccc(C(c2ccc3nccn3c2)n2cnnn2)cc1,28.07
CCCC(NC(=O)c1ccc(-c2cnn(C)c(=O)c2-c2ccc(C#N)cc2)cc1)c1cccc(C#N)c1,33.82
N#Cc1cc(-c2ncc(-c3nc(Cl)nc(Cl)n3)s2)ccc1-c1nc(Cl)nc(Cl)n1,19.99
N#Cc1ccc(-c2ccc(-c3nnc(-c4ccc(-c5ccc(C#N)cc5F)cc4)nc3-c3cccc(-c4ccccn4)c3)cn2)nc1,27.87
Cc1nc(C(C)C)n(-c2nc(-c3cccc(C#N)n3)nc(-c3ccnc(Cl)n3)n2)n1,15.63
C=C1CCC2CCC(C3COC(C)(C)C(C)O3)C=C2C1=C,41.72
O=C(NN1CCCC1)c1ccc(C=Cc2ccc(-c3ccc(C=Cc4ccnc5cccc(Cl)c45)cn3)s2)cc1,34.2
CC(=O)N1CCN(c2ccc(NC(=O)C=Cc3nc(-c4ccc(Cl)cc4)cs3)cc2F)CC1,32.51
N#Cc1ccc(-c2ccc(-c3nc(-c4ccc(-c5ccc(C#N)cn5)cc4)nc(-c4ccc(-c5ccc(C(N)=O)cc5)nc4)n3)cc2)cc1,15.95
Cc1ccc(Nc2cc(N=Cc3ccc(C)s3)c(O)cc2N)cc1,14.77
Cn1c(NC(=O)c2cccnc2)c(C#N)c(-c2ccc(C#N)cc2)c(C#N)c1=O,22.38
Cc1ccc2ccc3[nH]c(C)cc(=Nc4ccc(C#N)cc4)c3c2n1,21.69
CN1C(=O)c2cc(NS(C)(=O)=O)ccc2OCC2OC(CC(=O)NC3CC3)CCC21,24.22
Cc1ccc(NCn2nc(-c3cncc(C#N)c3)n(-c3ccccc3)c2=S)cc1,21.25
N#Cc1ccc(-c2cc(-c3ccc(-c4nc(Cl)nc(Cl)n4)cc3)cc(-c3ccc(-c4nc(Cl)nc(Cl)n4)cc3)c2)cc1,9.55
N#Cc1ccc(-c2nc(-c3ccc(-c4ccc(C=Cc5ccc(Br)cc5)cc4)nc3)nc(-c3ccc(-c4ccc(C#N)cn4)nc3)n2)cc1,17.5
Cc1c(C(=O)c2ccc(C#N)cc2)[nH]c(=Nc2cc(F)ccc2F)n1C,29.76
N#Cc1cncc(-c2ncnc(-c3ccc(C4CCNCC4)c(C#N)c3)n2)c1,24.44
COc1ccc(OC)c(CNc2ccc3c(C=Cc4ccccc4)[nH]nc3c2)c1,22.38
COc1ccc(-c2csc(N=Cc3cccc(OC)c3OC)n2)cc1,22.2
N#CC(C#N)NC(=O)OCc1ccccc1,20.97
Cn1c[n+](Cc2ccccc2)nc1-c1ccc(-c2ccc(C=Nc3ccc4c(c3)C(=O)c3ccc(N)cc3C4=O)cc2)cc1,27.84
COc1ccc(N2CCN(CN3NCCC3=O)CC2)cc1,25.73
O=CN1CCN(C=Nc2nc(N=CN3CCN(C=O)CC3)nc(N=CN3CCN(C=O)CC3)n2)CC1,5.57
O=C(Nc1ccc(C2CNCCO2)cc1)c1ccc(-n2ccnc2)cc1,21.4
Cc1cc(C=CC#N)nc(C=CC#N)n1,7.2
N#Cc1ccc(-c2ccc(-c3nc(-c4ccc(-c5ccc(C#N)cn5)nc4)nc(-c4cccc(-c5ccccc5)c4)n3)cc2)nc1,15.44
COCCOc1cc(N2CCC(Oc3ccc(C(C)NC(=O)C(C)(F)F)cc3)C2)ncn1,25.87
Cn1c([N+](=O)[O-])cnc1-c1ccc(OCc2nc(-c3ccc(-c4cccc(C#N)c4)cc3F)nc(-c3c(F)cc(C#N)c(F)c3F)n2)c(F)c1,34.84
N#Cc1ccc(-c2cccc(C(=O)C=Cc3ccc(Cl)cc3)n2)cc1,20.05
N#Cc1cncc(-c2nc(-c3cncc(C#N)c3)nc(-c3cccnc3F)n2)c1,11.44
COc1ccc(Nc2nc(N3CCC(OC)CC3)nc(-n3ncc4ccc(-c5nc(C)nn5C)cc43)n2)cc1OC,35.49
N#Cc1ccc(-c2ccc(-c3nc(-c4ccc(-c5ccc(C#N)cn5)cc4)nc(-c4ccc(-c5ccc(C#N)cn5)nc4)n3)cc2)cc1,6.81
N#Cc1ccc(-c2nc(-c3ccc(Cl)cc3)nc(-c3ccc(-c4ccc(C#N)cn4)nc3)n2)cc1,11.09
N#CC=Cc1ccc(-c2ccc(-c3nc(-c4ccc(-c5ccc(C#N)cn5)nc4)nc(-c4ccc(-c5ccc(C#N)cn5)nc4)n3)cn2)cc1C#N,11.36
Cc1cc(C)cc(-c2cc(C(O)c3c[nH]c4ccccc34)n(CCC3=CCCCC3)c(=O)n2)c1,36.13
N#Cc1nc(-c2ccc(C(=O)NC3CC3)c(C#N)c2)c2cccc(C(F)(F)F)c2n1,26.27
N#Cc1ccc(-c2ccc(-c3nc(-c4ccc(-c5ccc(C#N)cn5)cc4)nc(-c4cccc(-c5cnc(-c6oc(-c7ccc(-c8ccc(C#N)cn8)cc7)nc6C#N)c(C#N)c5)c4)n3)cc2)cc1,31.54
N#Cc1cc2ccccc2n1C1OC(CO)C(O)C(O)C1O,18.59
CN(c1ncc(C(O)=NO)cn1)C1CCN(C(C#N)c2cnc(C(F)(F)F)nc2)CC1,31.36
CN(C)c1ccc(C=CC(=O)C=Cc2ccc(-c3ccc(C=Nc4cc(O)c(N)cc4O)cc3)cc2)cc1,16.84
N#Cc1ccc(NC(=O)Nc2ccc(N=c3c4ccccc4[nH]c4ccccc34)cc2)cc1,19.5
COc1cc(-c2ccc(C#N)cc2)ccc1-c1nc(-c2ccccc2)nc(-c2ccc(-c3ccc(C#N)cn3)nc2)n1,16.27
N#Cc1cncc(-c2cc(C#N)cnc2Oc2ccc(F)cc2)c1,18.35
CC12CC(=O)N(CCc3c[nH]c4ccccc34)C(=O)C1=CCC1C2CCC2(C)C(c3cccnc3)=CCC12,37.8
N#CC=Cc1ccccn1,7.27
CNCCCn1c(-c2c3ccccc3c(C#N)c3ccccc23)nc(C#N)c1-c1cccc(CNC(=O)c2ccc(C#N)cc2)c1,34.85
N#Cc1cccc(-c2cc(-c3cnc(C(F)(F)F)nc3)cc(C(N)=O)n2)c1,20.33
N#Cc1c(F)c(F)c(-c2nc(-c3ccccc3Cl)nc(-c3c(F)c(F)c(C#N)c(F)c3F)n2)c(F)c1F,10.47
CNC(=O)CCC#Cc1ccc(C(C)(c2ccc(C#N)cc2)c2ccccn2)cc1,32.5
COc1ccc(N=c2sc(C)c(-c3ccc(-c4ccc(O)c(C#N)c4)cc3)n2CC2CCCNC2)cc1,28.42
N#Cc1ccc(Nc2c(-c3ccc(Cl)cc3)nc3n2CCc2ccccc2-3)cc1,26.77
Cc1ccc(-c2cc(C(=O)NCCn3c(C)cc4ccccc43)c3ccccc3n2)cc1,22.89
N#Cc1ccc(-c2nc(-c3ccc(F)cc3)c(-c3ccccn3)o2)cc1,18.35
N#Cc1cncc(-c2cc(-c3cccc(C#N)n3)cc(F)c2F)c1,20.76
Clc1nc(Cl)nc(-c2ccc(-c3ccc(-c4cc(-c5ccc(-c6nc(Cl)nc(Cl)n6)cc5)cc(-c5ccc(-c6nc(Cl)nc(Cl)n6)cc5)c4)nc3)cc2)n1,20.46
N#Cc1ccc(-c2ccc(-c3nc(-c4ccc(-c5ccc(F)c(F)c5)cc4)nc(-c4ccc(-c5ccc(C#N)cn5)nc4)n3)cn2)nc1,9.56
CC(C)N=c1[nH]c(=NCc2cccc(F)c2)c2sc(-c3ccc(C#N)cc3)cc2[nH]1,27.6
CC(C)=CCc1cc(C2CC(=O)c3c(O)cc(O)cc3O2)ccc1O,18.44
CN(C)Cc1nc(-c2c[nH]c3ccccc23)nc(-c2cn(C)c3ccc(Br)cc23)n1,25.96
NC(=O)c1ccc(-n2nccc2-c2ccc3c(cnn3-c3cccc(F)c3)c2)cc1,34.34
CN(Cc1c(C#N)c2cnccc2n1Cc1noc(C(C)(C)C)n1)C(=O)c1ccc(C#N)cc1,38.28
N#Cc1ccc(-c2ccc(-c3nc(-c4ccc(C#N)nc4)nc(-c4ccc(-c5ccc(C#N)cn5)nc4)n3)cn2)nc1,6.24
N#Cc1ccc(-c2ccc(-c3nc(-c4ccc(-c5ccc(C#N)cc5)cc4)nc(-c4ccc(-c5ccc(C#N)cn5)nc4)n3)cc2)cc1,6.15
N#Cc1ccc(-c2ccc(-c3noc(-c4cncc(C#N)c4)n3)cc2)cc1,12.63
N#Cc1ccc(-c2ccc(-c3nc(-c4ccc(-c5ccncn5)cc4)nc(-c4ccc(-c5ccc(C#N)cn5)cc4)n3)cc2)cc1,11.82
N#Cc1ccc(-c2ccc(-c3nc(-c4ccc(-c5ccc(C#N)cn5)nc4)nc(-c4nc(C#N)cc5cc(F)ccc45)n3)cc2)cc1,15.52
Cc1nnc2ccc(-c3ccc(-c4cc(C#N)c(O)c(C=Nc5ccc(C#N)cc5)n4)cc3)cc2n1,27.52
CCOC(=O)Cc1csc(=NC(=O)C=Cc2nc3ccccc3n2C)[nH]1,25.21
Cn1c(-c2ccc(C(=O)N=c3cc(C(F)(F)F)cc[nH]3)nc2)c(F)sc1=NC(=O)c1ccnc(C#N)n1,33.6
O=C1Nc2ccc(Cl)cc2C1=O,16.25
O=C(Nc1cccc(C(=O)NCc2cc(F)cc(F)c2)c1)NC12CC3CC(CC(C3)C1)C2,28.48
CCOC(=O)Cc1cc(-c2ccc(F)cc2Cl)nc(-c2ccc(-c3ccc(OC(C)C)c(C#N)c3)cc2F)n1,23.84
COc1cc(N2CCN(C(=O)C(O)c3ccc(F)cc3)CC2)c(Cl)cc1N=c1nc[nH]c2cc(N=S3(=O)CCC3)cc(C)c12,42.93
N#Cc1ccc(-c2ccc(-c3nc(-c4ccc(F)cc4)nc(-c4ccc(-c5ccc(C#N)cn5)cc4)n3)cc2)cc1,10.15
Cc1ccc(C)c(C#N)c1,13.58
Cn1cc(-c2ccc(Cc3nc(-c4cncc(C#N)c4)nn(Cc4cccc(C#N)c4)c3=O)cc2)cn1,20.68
N#Cc1ccc(-c2cc(-c3ccc(Cl)cc3)c(C#N)c(=O)c(-c3cccs3)n2)cc1,27.81
CNC(=O)c1nc(-c2ccc(-c3cc(-c4cnc(-c5cccc(C#N)n5)nc4)no3)cc2)cnc1N,32.3
Cc1nc(C(=O)Nc2cc(Cl)cc(C34COCC3S(=O)(=O)N(C)C(N)=N4)c2)ccc1F,27.77
CS(=O)(=O)NC(=O)c1cccc(-c2ccc(C(=O)Nc3cccnc3)cc2)c1,29.92
N#Cc1ccc(-c2cc(-c3cncc(C#N)c3)nc(-c3ccc(-c4cccc(C#N)c4)cn3)n2)nc1,17.43
N#Cc1ccc(-c2ccc(-c3nc(-c4ccc(-c5ccc(C#N)cn5)nc4)nc(-c4cccc(C#N)n4)n3)nc2)nc1,12.04
N#Cc1ccc(-c2ccc(-c3nc(-c4ccc(-c5ccc(Cl)c(Cl)c5)cc4)nc(-c4ccc(F)cc4F)n3)cn2)nc1,16.43
N#Cc1c(N)c(C(=O)c2ccccc2)c(-c2ccc(Cl)cc2)c(C#N)c1-c1ccc(Cl)cc1,22.9
COc1cc(C(OCc2ccccc2F)c2cnc(C)cn2)ccc1C#N,28.69
N#Cc1ccc(-c2ccc(C(=O)O)cc2)cc1,17.23
N#Cc1ccc(-c2ccc(-c3[nH]c4ccccc4c(=O)c3C#N)cc2)nc1,14.86
CC(=O)Nc1ccc(C=Nc2cc(O)c(N)cc2O)cc1,15.55
NC(Cc1ccc(Cl)cc1)c1nc(-c2ccc3c(c2)OCCO3)cs1,23.0
O=C1NC(=NCCN2CCN(CCCN3c4ccccc4Sc4ccccc43)CC2)NC(=O)C1=Cc1nc2ccccc2[nH]1,36.09
COc1cc2nc[nH]c(=Nc3ccc(C#N)cc3)c2cc1OC,15.76
COc1cc2c(cc1N=c1[nH]cc(Cl)c(=Nc3ccccc3S(=O)(=O)C(C)C)[nH]1)CN(Cc1ccccn1)CC2,24.73
Nc1ccc2c(c1)C(=O)c1ccc(Nc3nc(Nc4ccc5c(c4)C(=O)NC5=O)nc(Nc4ccc5c(c4)C(=O)c4ccc(N)cc4C5=O)n3)cc1C2=O,6.53
CC(=S)NCC(=O)N1CCC2C1c1c(c3ccc(Cl)cc3n1C)C(c1ccccc1)CN2C,46.49
Clc1nc(Cl)nc(-c2ccc(-c3cc(-c4ccc(C5=NCCN5)cc4)nc(-c4ccc(-c5nc(Cl)nc(Cl)n5)cc4)c3)cc2)n1,11.64
N#Cc1ccc(-c2ccc(-c3nc(-c4ccc(C#N)cc4)nc(-c4ccccc4C#N)n3)cc2)cc1,15.28
N#Cc1ccc(-c2ccc(-c3nc(-c4ccccc4)nc(-c4ccc(-c5ccc(C#N)cn5)nc4)n3)cc2)cc1,9.21
CCCCc1nc2ccc(Cl)cc2c(=O)n1Cc1ccc(-c2ccccc2-c2nn[nH]n2)cc1,19.77
CCOC(=O)c1n[nH]c(=NC(=O)c2cnc3c4ccsc4c(N(CC)CC)nn3c2=O)s1,34.84
N#Cc1ccc(-c2nc(-c3ccc(C=CC(O)=NO)cc3)[nH]c(=Nc3ccccc3)n2)cc1,21.68
N#Cc1ccc(-c2nc(-c3ccc(-c4ccc(C#N)cn4)cc3)nc(-c3ccc(-c4ccc(C#N)cn4)nc3)n2)cc1,8.23
Cc1cc(N2CCN(c3nc(=Nc4ccc(C#N)c(C(F)(F)F)c4)nc(N(C)C)[nH]3)CC2)nc2ccc(Cl)cc12,26.04
Cc1ccc(C=Cc2cc(C#N)c(=O)n(C=Cc3ccc([N+](=O)[O-])cc3)c2)nc1,33.04
N#Cc1cnc2cc(-c3ccc(-c4ccc(C#N)c(F)c4)nc3)ncc2c1,20.0
Cc1ccnc(Cl)c1C(=O)OCCn1ccnc1,28.99
Cn1c(=O)c2c(cc(-c3ccc(OCCCCCO)cc3)n2C)n(C)c1=O,24.56
O=C(Nc1ccc2[nH]c3ccccc3c2c1)c1ccc(-c2cccc(-c3nc(C(F)(F)F)cs3)c2)cc1,28.81
N#Cc1ccc(-c2ccc(-c3nc(-c4ccc(C#N)cc4)c4cc(F)ccc4n3)cc2)cc1,15.85
N#Cc1ccc(Nc2ccc3c(c2)C(=O)N2CCN=C32)c(C#N)c1,25.46
Cc1noc(-c2ccc(-c3nc4cc(C#N)ccc4n3C)cc2)n1,22.06
CCn1nc2nc(-c3ccc(C#N)cc3)c3c(cc-2c1=O)c1ccccc1n3C,29.19
N#Cc1ccc(-c2ccc3c(N)c(C#N)c(=N)[nH]c3n2)cn1,21.02
CS(=O)(=O)c1ccc(-n2nc(C(N)=O)c3c2-c2cc(NC(=O)NCCc4ccccc4)ccc2CC3)cc1,28.49
N#Cc1ccc(-c2ccc(Cc3nc(-c4cccc(C#N)n4)cc(-c4cccs4)n3)cc2)nc1,27.92
N#CCCCn1c(Cc2ccc(C#N)c(F)c2)nc2c(-c3ccc(C#N)cc3)c(Cl)ncc21,35.03
N#CC=Cc1ccnc(-c2ccc(-c3ccc(C#N)cc3)cc2)n1,8.57
CS(=O)(=O)N1CCC(c2cc(-c3cnc(C#N)nc3)c3nc(C#N)c(C#N)cc3n2)CC1,28.34
C=CCOc1ccc(C=Cc2nc(C=Cc3ccccc3F)n[nH]2)cc1,26.63
NC(=O)C(Cc1ccc(-c2cccnc2)nc1)NC(=O)c1cnc(-c2ccc(Cl)cc2)c(-c2ccc(Cl)cc2)n1,30.93
Cc1nc2ccc(N=c3[nH]cc(C(F)(F)F)cc3-c3ccc(C#N)cc3)cc2nc1C,20.55
CC(C)Oc1ccc(-c2ccc(-c3nc4cc(-c5cccc(C#N)n5)ccc4[nH]3)cc2)cc1C#N,19.77
COc1ccc(-c2cc(-c3ccc(-c4ccc(C#N)cc4)nc3)n(C(C)C)c(=N)c2C#N)cc1,21.01
CN(C)C=Cc1nn(-c2ccc(Cl)cc2)nc1-c1ccc(C#N)cc1,25.15
COc1ccccc1C=CC=NNC(=O)CC#N,19.32
N#Cc1ccc(Cl)cc1Cl,11.76
CC1COCCN1c1cc(-c2cccc(C#N)n2)nc(-c2cccc(C#N)n2)n1,11.73
N#Cc1ccc(-c2ccc(-c3nc(-c4ccc(-c5ccc(C#N)cn5)nc4)nc(-c4cnccn4)n3)cc2)cc1,10.04
Cc1cc(-c2ccccc2)n2nc(SCc3ccc(Cl)c(Cl)c3)nc2n1,24.68
Cc1ccc(C(=O)c2c(CC(C)C)cc(=O)[nH]c2-c2cc(C(F)(F)F)cc3c2CCN(C(=O)c2ccc(-c4ccc(C#N)cc4)cc2)C3)cc1,42.05
Cc1cc(C)c(-c2noc(C3CC(F)(F)C3)n2)cc1NC(=O)c1cnc2ncccn12,26.31
N#Cc1ccc(-c2ccc(-c3nc(-c4ccc(-c5ccc(C#N)cn5)cc4)nc(-c4ccc(C#N)c(F)c4)n3)cc2)cc1,12.01
CC1CC(C)CN(c2nc(-c3ccc(F)nc3)nc(-c3ccc(-c4ccc(C#N)cn4)nc3)n2)C1,17.16
N#Cc1cccc(C(=O)Nc2cccc(OCCCON=C(N)N)c2)c1,20.2
N#Cc1cccc(-c2ccc(-c3cccc(-c4ccc(-c5cnc(-c6ccccn6)c(F)c5F)cc4)n3)o2)c1,27.94
N#Cc1c(N)sc(NCc2ccccc2)c1C#N,18.58
COc1cc(-c2nccc(C(F)(F)F)n2)ccc1-c1cnc2nnn(C3C(=O)c4ccccc4N(C)C3=O)c2n1,35.39
N#Cc1cccc(-c2ccc(-c3ccccc3Oc3ccc(N=C(N)N)c(F)c3)cc2)n1,25.36
COCc1n[nH]c(=NC(=O)c2ccc(C)cc2C)s1,24.17
N#Cc1ccc(-c2ccc(-c3nc(-c4ccncc4)nc(-c4ccc(-c5ccc(C#N)cn5)nc4)n3)cc2)nc1,8.23
N#Cc1ccc(-c2nc(C#N)c(N=Cc3ccccn3)o2)cc1,16.99
NC(=S)NN=CN(N=Cc1ccccn1)c1ccc(Cl)cc1,32.01
N#Cc1nc(Nc2ccc3c(c2)CCc2cc(N)ccc2C3=O)nc(N2CCCCC2)n1,14.82
COc1ccc(C#N)cc1-c1nc(CCc2cccc(F)c2F)nc(C(=O)O)c1-c1ccc2c(c1)OCO2,36.78
N#Cc1ccc(-c2ccc(C#N)cc2Cn2cncn2)cc1,15.85
Cc1cc(-c2ccc(C(F)(F)F)cc2C(F)(F)F)ccc1-c1nc(COc2ccc(C3CCNCC3)cc2-c2cccc(C(=O)O)n2)nc(-c2ccc(F)cc2)n1,39.53
Cc1c(C(N)=O)nc2n1CN(c1cc(-c3nc(C#N)c[nH]3)nc(-c3cccc(C#N)n3)n1)C2,26.02
Cc1ncc([N+](=O)[O-])n1CCc1cc(CNN2CCOCC2)nn1-c1ccc(Br)cc1C#N,38.31
NC1=NC(=Nc2ccc3c(=O)c4ccc(Oc5ccc([N+](=O)[O-])cc5Cl)cc4oc3c2)NC(c2ccccc2)N1c1ccc(-c2ccccc2)cc1,47.31
Fc1ccc2[nH]c(=NCCc3nc(-c4cccnc4)cs3)sc2c1,27.83
Cc1nc(-c2ccc(-c3ccc(C#N)cc3)cc2)nc(-c2cc3ccccc3oc2=O)n1,20.14
N#Cc1ccc(-c2ccc(-c3nc(-c4ccc(-c5ccc(C#N)cn5)nc4)nc(-c4ccc(F)cn4)n3)cn2)nc1,10.72
COc1cc(O)c2ccc(=O)oc2c1,17.2
N#Cc1ccc(-c2nc(-c3ccc(C#N)cc3)nc(-c3cccc(C#N)n3)n2)cc1,10.43
N#Cc1cncc(-c2nccnc2C#Cc2cc(F)cc(F)c2)c1,20.16
N#Cc1ccc(-c2ccc(-c3nc(-c4ccc(-c5ccc(C#N)cc5)cc4)nc(-c4ccc(-c5ccc(C#N)cn5)cc4)n3)cc2)cc1,5.35
N#CC=Cc1ccc(Br)c(Oc2ccc(C#N)cc2Cl)c1,20.16
CCOCCOc1cc(C)c(-c2cccc(COc3cccc(-c4ccc(C(=O)O)cc4)c3)c2)c(C)c1,21.14
Cc1cc(C=NNC(=O)c2ccccc2)c(C)n1-c1ccc(C#N)cc1,21.32
CC(C)(C)OC(=O)N1CCC(Cn2c(-c3ccc(C#N)cc3)nc3cc(-c4ccc(C#N)cc4)nc(C#N)c32)CC1,22.09
N#CCC(NC(=O)c1ccccn1)c1ccc(-c2ccc(C#N)cc2)cc1,20.82
N#Cc1ccc(-c2ccc(-c3nc(-c4ccc(C#N)cc4)nc(-c4cccc(-n5cc(-c6ccccc6)nn5)c4)n3)cc2)cc1,16.52
c1ccc(C2=Nc3ccccc3NC(c3ccncc3)=N2)cc1,22.7
COC(=O)C=Cc1nn(-c2ccc(C#N)cc2)c2c1C(c1cccc(C#N)c1)C(C#N)C(=N)O2,37.53
N#Cc1ncn(-c2ccc(-c3ccc(-c4nc(C(F)(F)F)c[nH]4)cc3)cc2)n1,22.73
Cc1nc(-c2ccc(C#N)c(C#N)c2)c(C(C)C)nc1-c1nc(N=Cc2cccc(C(F)(F)F)n2)nc(-c2ccc(F)cc2Cl)n1,43.42
Cc1sc2ncnc(SCC(=O)Nc3ccc(C(N)=O)cc3)c2c1C,21.54
N#Cc1ccc(-c2[nH]c(=N)nc(N)c2C#N)cc1,19.02
O=C(O)c1cc(C=Cc2ccc(-c3cc(-c4ccc(-c5nc(Cl)nc(Cl)n5)cc4)cc(-c4ccc(-c5nc(Cl)nc(Cl)n5)cc4)n3)cc2)ccc1F,16.66
COCCn1c(=O)n(Cc2ccccc2)c(=O)c2nccnc21,24.41
N#Cc1ccc(-c2nc(-c3cncc(C#N)c3)nc(-c3ncccn3)n2)cc1,14.22
C=Cc1ccn2c(=O)c(-c3ccccc3)c(Nc3ccc4c(c3)OCO4)nc2n1,28.75
CC1COCCN1c1cc(-c2ccc(-c3cccc(C#N)n3)nc2)nc(C2CC2)n1,17.98
O=C1c2ccc(Nc3cnc(=O)[nH]c3)cc2C(=O)c2ccc(N=Cc3ccccn3)cc21,25.62
N#CCc1c(C#N)c(-c2ccc(-c3nccc(C(F)(F)F)n3)cc2)c2c(C(F)(F)F)cc(C(F)(F)F)nn12,28.77
Cc1cc(N)ccc1Sc1c(F)c(F)c(C#N)c(F)c1F,23.65
N#Cc1cn(-c2ccc(C(=O)O)cc2)nc1-c1ccnc(-c2ccc(-c3nc(Cl)nc(Cl)n3)cc2)c1,21.65
N#Cc1ccc(-c2cc(-c3ccc(C#N)cc3)n3ncc(C(=O)N=c4[nH]ccs4)c3n2)cc1,25.19
Oc1c2c(c(O)n1-c1ccccc1)C1c3ccccc3C2c2ccccc21,16.01
C=CCNC(=O)C(C#N)=CC(=O)N(CC(=O)NCc1ccccc1)Cc1ccc(OC)cc1,32.65
CCCc1cc(-c2cc3[nH]c(-c4ccnc(C5CC5)n4)cc3cc2F)nc(C#N)n1,33.16
N#Cc1cnc(-n2cc(C#N)nc2-c2cncc(C#N)c2)nc1,15.09
N#Cc1cncc(C(=O)N2CCc3c(C(=O)c4ccc(Cl)cc4)nnn3CC2)c1,29.02
N#Cc1nc(-c2ccc(-c3ccc(-c4nn[nH]n4)nc3)cc2)nc2ccccc12,23.54
CC1(C)Oc2ccc(C#N)cc2C(NC(=O)CCc2cccc(O)c2)C1O,26.2
CNc1oc(COc2ccc(Cl)cc2)nc1C#N,17.34
CCN(CC)CCCC(C)N=c1cc(-c2ccc(-c3nc(C)no3)cc2)oc2cc(N=c3nc(-c4ccncn4)cc[nH]3)ccc12,23.16
N#Cc1ccccc1-c1ccc(CC(NC(=O)NN2CCc3ccccc3C2=O)C(=O)O)cc1,30.76
Cn1nccc1-c1[nH]c2cccc(F)c2c1C=Cc1nc(=O)c2ccccc2[nH]1,34.0
Cc1ccc(-c2nc(C(C)(C)C)c(C#N)c3nc(-c4ccc(C(=O)NC5(c6ccc(F)c(F)c6)CCN(C)CC5)cc4)ccc23)cc1,39.7
COC(=O)c1ccc(C#N)c(N=Cc2ccc3c(c2)OCO3)c1,21.39
N#Cc1ccc(-c2nc(-c3nc(-c4ccc5[nH]ccc5c4)nc(-c4cccc(C#N)n4)n3)nc(N3CCNCC3)n2)cc1,30.1
N#Cc1ccc(-c2cc(-c3ccc(C#N)cc3)nc(-c3cccc(C#N)n3)n2)cc1,12.26
N#Cc1cccc(-c2nc(-c3cccc(C#N)n3)nc(N3CC(N)C(c4ccccc4)C3)n2)n1,14.32
O=C(O)CC1CC=C(c2ccc(-c3nc(-c4cc(-c5ccccc5Cl)nc(-c5ccncc5)n4)nc(N4CCOCC4)n3)cc2)CC1,25.97
N#CC=Cc1cccc(-c2ccc(-c3nc(C#N)cc4cc(C#N)cnc34)cc2)n1,21.32
N#Cc1ccc(-c2ccc(-c3nc(-c4cccc(C#N)c4)nc(-c4ccc(-c5cccc(C#N)n5)c(C(F)(F)F)c4)n3)cn2)nc1,21.68
N#CC=Cc1nc(-c2ccc3c(c2)CCN(CCc2cccnc2)C3)ns1,25.55
CCC#CCOc1cnc(-n2ccnc2C(C)C)nc1,24.7
N#Cc1ccc(-c2ccc(-c3nc(-c4ccc(C#N)nc4)nc(-c4ccc5ncnn5c4)n3)cn2)nc1,20.98
COc1ccc(-c2csc(=NN=C(C)c3ccc(Cl)cc3Cl)n2-c2cc(OC)c(OC)c(OC)c2)cc1,32.46
N#Cc1cncc(-c2nc(C#N)nc(-c3ccc(C(F)(F)F)cc3)n2)c1,12.52
N#Cc1ccc(-c2ccc3c(C(=O)Nc4ccc(-c5ccc(C(=O)O)o5)cc4)cc(-c4ccc(C#N)cc4)nc3c2)cc1,25.05
N#Cc1ccc(-c2nc(=NNC(N)=S)c(C#N)c(-c3ccccc3)[nH]2)cc1,17.87
N=C(N)NN=Cc1ccccn1,15.73
CC(C)Oc1ccc(-c2ccc(-c3cc(-c4ccc(-c5nc(Cl)nc(Cl)n5)cc4)nc(-c4ccc(C#N)cc4)n3)cc2)cc1C#N,12.23
COc1ccc(-c2cn(-c3ccc(C(=O)O)cc3)cc2C#N)cc1,14.28
N#CC(C#N)=c1ccc(=C(C#N)c2nc(C(=O)NCc3ccc(C#N)cc3)nc(C(C#N)=c3ccc(=C(C#N)C#N)cc3)n2)cc1,14.17
N#Cc1ccc(-c2ccc(-c3ccnc4ncc(C=O)c(=O)n34)cc2)cc1,22.09
N#Cc1ccc(-c2ccc(-c3nc(-c4ccc(-c5ccc(C#N)cc5F)cc4)nc(-c4ccc(-c5cccc(C#N)c5)nc4)n3)cn2)nc1,17.75
CCOc1ccc(C=Cc2nnc(-c3ccccc3)o2)cc1OC,21.24
N#Cc1cncc(-c2nc(-c3cccc(C#N)n3)nc(-c3cccc(C#N)n3)n2)c1,7.52
Nc1ccc2c(c1)C(=O)c1ccc(Nc3nc(Nc4ccc5c(c4)C(=O)CC5)nc(Nc4ccc5c(c4)C(=O)c4ccc(N)cc4C5=O)n3)cc1C2=O,7.17
CCc1nc2c(-c3ccc(-c4cccc(C#N)n4)cc3)cccc2n1Cc1ccccc1,20.12
O=C(Nc1ccc(Br)cc1)C1CCCN1C(=O)c1[nH]c(-c2cccs2)nc(=O)c1O,37.34
CC1(C)Oc2cc(Cl)ccc2C(NC(=O)OCc2ccccc2)C1O,22.56
Cc1[nH]c(=Nc2cccn3c(-c4ccc(-c5cccc(F)c5)nc4)cnc23)ccc1C#N,29.63
NC(=O)n1c(-c2ccc(-c3cccnc3)cc2)nc2cc(N3CCOCC3)ccc21,26.09
Cc1ccc(Nc2cc(N=Cc3ccccc3)c(O)cc2N)cc1,8.26
N#Cc1ccc(C=Cc2nc(C#N)c(N3CCN(c4ccccc4F)CC3)o2)cc1,21.94
N#Cc1cncc(-c2cc(N3CCC(O)CC3)nc(-c3cncc(C#N)c3)n2)c1,17.34
CN1CC=CC1Cn1cc(-c2ccc(Cl)c(Cl)c2)nc1C1CCN(c2nc[nH]c(=N)c2Br)CC1,29.87
N#Cc1cccc(-c2nc(-c3cccc(C#N)n3)nc(N3CC(C#N)C3)n2)n1,10.78
N#Cc1ccc(C(=O)Nc2ccc3c(c2)C(=O)c2cc(NC(=O)c4ccc(C#N)cc4)ccc2C3=O)cc1,18.38
Cc1ccc(SCc2coc(-c3ccc(F)cc3)n2)cc1,20.8
C#Cc1ccc(Nc2ccc3c(c2)C(=O)c2ccc(N)cc2C3=O)cc1,15.94
NCC1CC1(F)C(=O)O,24.65
CCN(CC)CCN1CCC(CNC(=O)c2ccc(-c3nc(-c4ccc(C#N)cc4)nc(-c4cccc(C#N)n4)n3)cc2)CC1,21.21
Cc1cc(C)[nH]c(=NC(=O)c2cn3c(cc4ccccc43)nc2C)n1,31.21
N#Cc1ccc(-c2nc(-c3ccc(-c4cc(C(=O)Nc5cc(C#N)ccc5C#N)ccn4)cc3)nc(-c3cccc(C#N)n3)n2)cc1,24.29
N#Cc1ccc(-c2ccc(-c3nc(OCCO)nc(=NN=Cc4ccc(F)c(F)c4)[nH]3)cc2)cc1,21.03
Cc1nc(=Nc2nc(N=CN3CCN(C=O)CC3)cc(-c3ccc(-c4ccc(C#N)cn4)cc3)n2)[nH]c(C#N)c1C#N,22.43
CCN(CC)CCCC(C)N=c1c2ccccc2[nH]c2c(C(=O)NC)ccc(Cl)c12,31.82
COc1ccc(C=Nc2cc(Nc3ccc(C#N)cc3)c(N)cc2O)cc1,12.76
Cc1cc(-c2nc(-c3ccc(C#N)c(F)c3)cc(N3CC4CC3CO4)n2)ccn1,22.68
N#Cc1ccc(-c2ccc(-c3nc(C#N)c(N)o3)cc2)nc1,9.61
Cc1ccc(-c2cn3nc(-c4cccc(C#N)c4)sc3n2)nc1,28.14
N#Cc1cncc(-c2ccc(C(COC(=O)Nc3ccc(F)c(Cl)c3)n3cc(C#N)cn3)cc2C#N)c1,34.21
Nc1ccc2c(c1)C(=O)c1cc(NC(=O)CCc3ccc(-c4ccccc4)cc3)ccc1C2=O,22.21
N#Cc1ccc(-c2nn(-c3ccc(F)cc3)[n+](-c3ccc(F)cc3)n2)nc1,20.32
Cn1cnc(S(=O)(=O)Nc2cccc(-c3ccc(-c4nc(-c5ccc(C#N)cc5)no4)cc3)c2)c1,25.15
N#Cc1cc2[nH]c(=O)c(=O)[nH]c2cc1N1CCN(CN2C(=O)c3ccccc3C2=O)CC1,29.01
COc1ccc(CCCN2C(=O)CN(C(=O)c3ccc(-c4ccccc4)s3)CCC2Cc2cccnc2)cc1OC,32.12
N#Cc1ccc(Cn2c(Cc3ccc(-c4ccnc(C(F)(F)F)c4)cc3)nc3ccccc32)cc1,25.0
NS(=O)(=O)c1ccc(-c2ccc(Cc3ccc4c(c3)CCC4NC(=O)CN3C(=O)C(=O)c4cc(Cl)ccc43)nc2)cc1,39.64
COC(=O)C=Cc1ccc(-c2nc(-c3ccc(-c4ccc(C#N)cn4)cc3)nc(-c3ccc(-c4nc(CC5CCCCC5)no4)cc3C)n2)cc1,25.57
N#CCC1(n2ncc(-c3ccc(C#N)cc3)n2)CN(C2CCN(C(=O)c3cc(C#N)ccn3)CC2)C1,23.14
Cn1cc(C=Nc2ccc(N=Cc3ccccc3)cc2)c2ccccc21,23.03
CC(=O)N(Cc1ccco1)c1nc(-c2ccc(C)cc2)c(-c2ccc(C#N)cc2)nc1C(F)(F)F,30.33
O=C(Nc1cccc(Cc2n[nH]c(=O)c3c2CCCC3)c1)c1ccc(Br)cc1,22.06
N#Cc1cc(Cl)cc(-c2ccc(-c3ccc(F)c(F)c3C#N)cc2)c1,19.89
CC(=O)c1sc(-c2ccc(-c3nc(-c4ccc(C#N)cc4)c(-c4ccc(C#N)cc4)[nH]3)cc2)nc1C,22.09
N#Cc1ccc(Cn2ccc(-c3ccc(-c4nc(-c5ccc(-c6ccc(C#N)cn6)cc5)nc(-c5ccc(-c6ccc(C#N)cn6)nc5)n4)cc3)c2)cc1,21.26
c1ccc(-c2cccc(-c3ccc4cccc(-c5cnccn5)c4n3)n2)cc1,24.4
N#CC(=Cc1cc(Cl)cc(Cl)c1)c1ccccc1,18.39
O=C(Cn1cnc2cnccc21)NCCCN1CCN(c2ccc(F)cc2)CC1,25.63
N#Cc1c(N)[nH]c(C(=O)NCCc2ccc(Sc3cccc4c3C(=O)c3c(ccc5cc(N)ccc35)C4=O)[nH]2)cc1=N,50.8
Cc1ccccc1NC(=S)NCCc1ccc(Cl)cc1,18.78
C=c1c(=Cc2cc(CCC)nc(=Nc3nc(-c4ccc(Cl)cc4)cs3)s2)cc(C)n1-c1ccc(CCC(=O)O)cc1,29.95
Cc1ccc2nc(-c3ccc(-c4ccc(C#N)cc4)cc3)nc(N3CCOCC3)c2c1,15.02
Cc1ccc2c(N3CCC(N(C)c4nc(C#N)ncc4F)CC3)cccc2n1,24.14
COc1cc2oc(-c3cccc([N+](=O)[O-])c3)cc(=O)c2c(OC)c1OC,25.38
Cc1cc(C(=O)Cn2c(=O)ncc3ccccc32)c(C)n1Cc1ccc(Cl)cc1,32.03
N#CC(C#N)=c1ccc(=C(C#N)C#N)cc1,10.11
Cc1cc(C#N)c2nc(-c3ccc(-c4ccc(C#N)cc4C(F)(F)F)cc3)[nH]c2c1,23.12
ON=Cc1ccc(-c2cccc(-c3ccc(-c4nn[nH]n4)cc3)c2)nc1,21.06
N#Cc1ccc(-n2nc(Cc3cccnc3)c3cc(C#N)ccc32)cc1,19.94
O=C(Nc1ccc2c(c1)N1CCNCC1CO2)NC1CC1c1ccccc1,31.89
Nc1ccc2c(c1)CCc1ccc(Nc3nc(Nc4ccc5c(c4)C(=O)c4ccccc4C5=O)nc(Nc4ccc5c(c4)C(=O)c4ccc(N)cc4C5=O)n3)cc1C2=O,17.74
Cc1cc(=Nc2ccc(Cl)cc2)nc(C)[nH]1,16.07
CN(C)c1ncc(-c2cc[nH]c(=Nc3ccc(-n4cccc4C#N)cc3)n2)cc1C#N,21.92
CC1(F)CC(F)(F)C(C)(c2cc(Nc3ccc(C#N)c(C#N)c3)ccc2F)N=C1N,23.82
Nc1ccc(SSc2ccccc2C=NNC(=O)Cc2ccccc2)c(S(=O)(=O)O)c1,40.71
N#Cc1cn2c(cc3ccccc32)c2c1-c1cc(F)ccc1C2=O,32.8
N#Cc1ccc(-c2ccc(-c3nc(Cl)nc(Cl)n3)cc2)cc1,7.96
N#Cc1ccc(-c2ccc(-c3nc(C(=N)N)nc(-n4cc(C#N)c(-c5ccc(-c6ccc(C#N)cc6)cc5)n4)n3)cc2)cc1,26.42
N#Cc1ccc(-c2ccc(-c3nc(-c4ccccc4)nc(-c4ccc(-c5ccc(C#N)cn5)s4)n3)cc2)cc1,14.66
CN(C)C1CCN(c2nc(-c3cccc(C#N)n3)nc(-c3cccc(C#N)n3)n2)C1,9.16
Cn1nc(-c2ccccc2Cl)[nH]c(=Nc2ccc(C#N)cc2)c1=O,22.37
N#Cc1cccc(-c2nc(-c3cccc(C#N)n3)nc(N3CC4CC3CO4)n2)n1,9.88
N#Cc1ccc(-c2ccc(-c3nc(-c4ccccc4)nc(-c4ccccc4C#N)n3)cc2)nc1,18.3
Nc1cc(O)c(N=Cc2ccc(F)cc2)nc1Nc1ccc2c(c1)C(=O)c1ccc(N=CN3CCOCC3)cc1C2=O,17.54
CC(C)c1nn(-c2ccc(C(N)=O)c(NC3CC3)c2)c2nccc(-n3cc(-c4ccncc4)ccc3=O)c12,27.24
CCOC(=O)Cc1csc(=NN=Cc2ccco2)n1C,21.76
Cc1cc(N=c2cc(C3CC3)[nH][nH]2)nc(Nc2ccc3c(c2)C(=O)c2ccc(N)cc2C3=O)n1,16.01
N#Cc1ccc(OCc2nnc(COC(=O)c3cccnc3C#N)n2Cc2ccc(-c3ccc(C(F)(F)F)cc3)cc2)cc1,27.28
O=C1c2ccccc2-c2c1c1ccccc1n2C(=O)c1ccc(Cl)cc1,23.53
COc1ccc(Sc2cc(C(C#N)=c3cc(C)n4cccc4c3=Cc3nc[nH]c3C(C)(C)C)[nH]c(=N)n2)cc1,38.07
COc1cc([N+](=O)[O-])c(C=NO)cc1Br,22.3
CC(Cc1ccc2ccccc2n1)C(=O)Nc1cccc(C(=O)N(C)C2Cc3ccccc3C2)c1,36.11
N#Cc1ccc(-c2ccc(-c3ccc(C(=O)NCCN4CCOCC4)cc3)cc2F)nc1,21.19
N#Cc1ccc(-c2nc(-c3ccc(C#N)cc3)nc(-c3cccc(F)c3F)n2)cc1,14.98
N#Cc1ccc(-c2ccnc(-c3cncc(C#N)c3)n2)nc1,12.67
CC(=O)c1c(O)c(O)n(-c2ccc(-c3ccnc(C)n3)cc2)c1-c1cccnc1,23.05
N#Cc1ccc(Nc2ccc(N=CN=c3cc[nH]cc3)cc2)cc1,22.34
Cn1cc(-c2ccc3nccc(-c4ccc5ccccc5c4)c3n2)cn1,24.81
CN(Cc1ccccc1)C(=O)COc1ccc(Br)cc1Cl,24.61
Oc1ccc(N=Cc2ccco2)cc1,13.63
N#CC(=Cc1ccc(N2CCOCC2)cc1)C(=O)NCc1ccco1,24.26
CCn1c2cnccc2c2cc(-c3ccc(C#N)nc3)nc(-c3ccc(C#N)cc3)c21,20.22
Cc1o[nH]c(=Nc2nc(OC3CCCC3)nc(Sc3ccc(C(F)(F)F)cc3)n2)c1C,31.99
Cc1ccc(SC(=Cc2ccccc2)C(=O)c2ccc(Br)cc2)cc1,18.34
Cc1cnc(-c2ccc(-c3ncn(Cc4cc(-c5ccc(C#N)nc5)nc5ccccc45)n3)cc2)cn1,27.83
O=C(N=Nc1c(O)[nH]c2cc(O)ccc12)c1cccc2ccccc12,27.96
N#CC1=CC=C2C3=CC=C2OC(C(=O)c2cc(Cl)cc(Cl)c2)=CC(=C3)C=C1,39.88
O=C(c1cc(COc2ccccc2Cl)ccn1)N1CCCC(CO)(CCOc2ccccc2)C1,29.25
N#Cc1ccc(S(=O)(=O)c2cn(C3CCNCC3)c3ccc(F)cc23)cc1,19.4
N#Cc1ccc(-c2ccc(-c3nc(-c4ccc(C#N)cc4)cc(C(F)(F)F)n3)cn2)cc1,19.75
Cn1c(-c2cncc(C#N)c2)nc(-c2ccncc2)cc1=O,15.16
O=[N+]([O-])C=Cc1cccc2c1Oc1ccccc1C=C2,23.59
N#Cc1ccc(-c2cc(-c3cccc4c3CCCC4c3ccc(C#N)cc3)[nH]c(=NCCN=c3ccc(C#N)c[nH]3)n2)cc1,29.12
N#Cc1ccc(-c2ncc(C#N)cc2-c2ccc(C#N)cn2)cc1,10.11
CON(C)c1c(C)c(O)c2c(c1O)C(COC(N)=O)C1(OC)C3NC3CN21,26.12
CC(CSc1ncnc2[nH]cnc12)CN1CCC(Cc2ccccc2)CC1,26.74
CC(C)(Cc1c(S(=O)(=O)Cc2cn(CCC#N)nc2-c2ccc(Cl)cc2)c2cc(Cl)ccc2n1Cc1ccc(-c2ccc(C#N)cc2)cc1)C(=O)O,41.05
CC(=Cc1ccc(Oc2ccc(C#N)cc2NC(=O)c2ccc(-c3ccc(Cl)c(Cl)c3)nn2)cc1)C(=O)O,29.76
CCCCCn1c(=O)c(C(=O)N=Nc2cc(O)n(-c3ccc(C)cc3)c2O)cc2ccccc21,27.6
N#Cc1ccc(C(=O)N=c2nc(-c3ccc(-c4ccc(C#N)cn4)cc3)cc(-c3ccc(-c4ccc(C#N)cn4)cc3)[nH]2)nc1,22.9
CC(C)(C)NCCOc1cc(-c2ccc(C#N)cc2)c2ccccc2c1,27.81
CC1CCN(C=Nc2nc(N=CN3CCN(C=O)CC3)nc(N=CN3CCN(C=O)CC3)n2)CC1,16.25
Cn1c(-c2ccc(C#N)cc2)nc2nc(C(=O)NCc3ccccc3)cc(-c3cccs3)c2c1=O,31.6
CCc1nc(-c2ccc(-c3ccc(C#N)cn3)nc2)nc(-c2ccc(-c3ccc(C#N)cn3)cc2)c1COc1ccc(C(=O)O)nc1,30.21
N#Cc1ccc(Nc2ccc(C#N)c(F)c2)c(C#N)c1,17.88
CN(C)c1nc(=Nc2cccc(Br)c2)c2ccccc2[nH]1,21.68
N#Cc1ccc(-c2ccc(-c3nc(C=Cc4ccccc4)nc(-c4ccc(-c5ccc(C(=O)NCCc6c[nH]c7ccccc67)cn5)cc4)n3)cc2)nc1,26.56
N#Cc1ccc(-n2cc(CN3CCC4(CC3)CCN(C(=O)Oc3ccccc3)CC4)c(-c3ccc(Cl)c(C#N)c3)n2)cc1,25.93
COc1noc(-c2ccc(-c3cccc(C(=O)Nc4cc(C(F)(F)F)cc(C(F)(F)F)c4)c3)cc2)n1,29.2
CCN1C(=O)C=C(C)CC1=CC1=Cc2cc(OC)ccc2CC1,33.79
CC1CN(Cc2nc(=NC(CN(C)S(C)(=O)=O)c3nccc(-c4ccc(C#N)cc4)n3)c3cc(-c4ccc(C#N)cc4)ccc3[nH]2)CC(C)O1,40.75
Cc1ccc(N=c2[nH]c(Nc3ccc(C#N)cc3)cc(=Nc3ccc(C#N)cc3)[nH]2)cc1,21.65
Nc1ccc2c(c1)C(=O)c1ccc(Nc3nc(Nc4ccc5c(c4)CCNC5=O)cc(Nc4ccc5c(c4)C(=O)c4cc(N)ccc4C5=O)n3)cc1C2=O,11.67
N#Cc1ccc(-c2ccc(-c3nc(-c4ccc(-c5ccc(C#N)cn5)cc4)cc(-c4cnccc4COc4cc(F)ccn4)n3)cc2)cc1,23.03
N#Cc1ccc(-c2ccc(-c3nc(-c4ccc(N=Cc5ccc(-c6ccc(C(F)(F)F)cn6)cc5)cc4)nc(-c4cccnc4)n3)cc2)nc1,22.43
S=c1[nH]c(SCc2ccc(Cl)cc2)nc2cc3c(cc12)OCO3,27.45
N#Cc1ccc(N=CN2CCN(C=O)CC2)cc1,11.79
N#Cc1ccc(-c2cccc(-c3ccc(-c4cccc(-[n+]5ccc(-c6ccncc6)cc5)n4)cc3)n2)cc1,14.82
Cc1cc(C)[nH]c(=NC(=S)N2CCN(c3ccc(-c4cccc(C#N)c4)nn3)CC2)c1,24.26
COc1ccc(-n2c(CCCCc3nc(-c4ccc(C#N)cc4)nc(-c4ccc(-c5ccccc5)cc4)n3)nn(C)c2=O)cc1,32.56
O=C(c1ccc(F)cc1)C1CCN(CCc2csc3ccccc23)CC1,23.95
N#CCCN=c1nc(-c2ccc(-c3cc(-c4cccc(C#N)n4)nc(-c4ccc(C#N)cc4)n3)cc2)cc(C(F)(F)F)[nH]1,22.75
N#Cc1ccc(-c2nc(-c3ccc(C#N)cc3)n3cc(C#N)nc3c2C#N)cc1,17.52
N#Cc1cccc(-c2ccc(-c3c(C(=O)O)c4ccc(C#N)cc4[nH]c3=O)cc2)c1,28.27
Cc1cccc(N=c2[nH]c(-c3ccncc3)cs2)c1,16.74
OC(Cn1cncn1)(Cn1cc(-[n+]2ccc(-c3ccncc3)cc2)cn1)c1ccc(F)cc1F,21.44
C#CCn1c(-c2ccc(-c3ccc(C#N)cc3)cc2)nc2nc(C)ccc21,24.28
N#Cc1ccc(-c2nc(-c3ccc(-c4nc(Cl)nc(Cl)n4)cc3)nc(-c3ccc(C#N)cc3)c2-c2ccc(F)cc2)cc1,14.59
Cc1cc(Br)ccc1-c1nc(-c2ccc(C#N)cc2)nc(-c2ccc(-c3ccc(C#N)cc3)cc2)n1,14.09
N=c1ncc(-c2ccc(-c3nc4c(cc3F)C(=O)NCC4)cc2)c[nH]1,22.58
N#Cc1ccc(-c2ccc(-c3nc(-c4ccc(C#N)cc4)nc(-c4ccc5c(c4)CCN(c4ncccn4)C5=O)n3)cc2)cc1,24.39
N#Cc1ccc(-c2ccc(-c3nc(-c4ccc(-c5ccccc5)cc4)nc(-c4ccc(-c5nc(Cl)nc(Cl)n5)cc4)n3)cn2)nc1,14.84
N#CC=Cc1cccc(C(=O)c2cc(Br)c(O)c(Br)c2)n1,17.15
Cc1nc(C=C2CN(C)CC(=Cc3ccccc3)C2=O)cn1C,22.29
Cc1cc(-c2ccc(-c3ccc(C#N)cc3)nc2)nn(Cc2cc(Cl)ccc2C#N)c1=O,26.02
CCC(=O)NCC=CCNCCOCn1cc(C#N)c(=O)[nH]c1=O,36.59
N#CC=Cc1nc(C=CC#N)c(Oc2c(Br)cc(Br)cc2C(=O)O)c(C=CC#N)n1,20.35
CN1N=C(c2cccc(Cl)c2)NC(=N)CC1c1ccc(Cl)cc1,26.5
N#Cc1cccc(-c2nc(-c3cccc(C#N)n3)nc(N3CCC(CN)CC3)n2)n1,11.29
COc1ccc(Cn2cnc3c(N)c(=O)c(C#N)c(-c4ccc(-c5ccc(C#N)cc5)cc4)nc32)cc1,21.2
N#Cc1ccc(-c2ccc(Nc3cccc(C#N)c3C#N)cc2C#N)cc1,21.51
N#Cc1cc2ccccc2nc1C#N,12.75
N#Cc1ccc(-c2ccc(-c3nc(-c4ccc(-c5csc(Cl)n5)c(C#N)c4)oc3-c3ccc(-c4cccc(C#N)n4)cc3)cc2)nc1,22.95
N#Cc1cccc(C=Cc2nc(-c3ccc(-c4cccc(C#N)c4)cc3)nc3ncccc23)c1,18.21
Nc1ccc2c(c1)C(=O)c1ccc(Nc3cc(Nc4ccc5c(c4)CCCNC5=O)nc(Nc4ccc5c(c4)C(=O)c4cc(N)ccc4C5=O)n3)cc1C2=O,13.79
N#Cc1ccc(-c2ccc(-c3nccc(-c4ccnc(-c5ccc6c(c5)COC6=O)c4)n3)cc2)nc1,23.38
O=C(O)C1C2CCC(O2)C1C(=O)Nc1ccc(F)cc1,21.46
N#Cc1cccc(-c2nc(-c3ccc4c(c3)CCO4)nc(-c3cc4cccnc4nn3)n2)n1,27.09
CCCOC1CCN(C(=O)c2cnc(-c3ccc(C#N)cc3)c(-c3cccnc3)n2)CC1,29.45
O=CN1CCN(C=Nc2ccc(N=CN3CCN(C=O)CC3)cc2)CC1,12.74
Cc1cc(C)nc(OC(C(=O)O)C2(c3ccccc3)c3ccccc3C(=O)N2N=Cc2cccc(O)c2)n1,30.69
ON=Cc1ccccc1F,14.69
CC(=O)N1CCN(c2ccc3c(c2)S(=O)(=O)c2ccc(-n4cc(C#N)cn4)cc2C3=O)CC1,22.05
N#Cc1ccc(-c2nc3ccccc3c(=O)n2N=Cc2ccccn2)cc1,16.84
N#Cc1ccc(-c2cc(CNC(=O)c3nc(C#N)c[nH]3)cc(-c3ccc(C#N)cc3)c2)cc1,21.86
C=Cc1cccc(N(CC2CC2)C2=NCCN2)c1,22.32
CN(C)c1ccc(C=Nc2nc(Nc3ccc4c(c3)C(=O)c3ccc(N)cc3C4=O)c(N)cc2O)cc1,11.55
N#Cc1cncc(-c2ccc3nnc(-c4cncc(C#N)c4)n3n2)c1,14.32
N#Cc1ccc(-c2ccc(-c3nc(-c4ccc(-c5ccccn5)nc4)nc(-c4ccc(-c5ccc(C#N)cn5)nc4)n3)cc2)nc1,17.5
CC(C)(C)OC(=O)Nc1ccc(Cl)c([N+](=O)[O-])c1,24.18
N#Cc1cccc(-c2ccc(O)c(-c3nnc(C4CC4)o3)n2)n1,16.78
N#Cc1cnc(-c2ccc(-c3nc(-c4ccc(-c5ncc(C(F)(F)F)cn5)cc4)nc(-c4ccc(-c5ccc(F)c(C#N)c5)c(C#N)c4)n3)cn2)nc1,25.0
CC(C)(C(=O)NCc1ccc(N=c2cc(C(F)(F)F)[nH]c3cc(Cl)ccc23)cc1)c1ccc(N)cc1,40.98
Cc1cccc(NC(=O)C(C)NCc2c(C(N)=O)nc(Cl)c3c2CC(C)(C)OC3)c1C,45.03
N#Cc1ccc(-c2ccc(-c3nnc4cc(C#N)ccc4n3)cc2)cc1,14.7
Nc1ccc2c(c1)CCc1cc(Nc3cc(F)ccc3N)ccc1C2=O,21.59
N#Cc1ccc(-c2ccc(-c3nc(-c4ccc(Oc5ccccc5)nc4)nc(N4CCOCC4)n3)cn2)nc1,21.9
COCc1n[nH]c(=S)n1N=Cc1cc([N+](=O)[O-])ccc1OCc1ccc(Cl)cc1Cl,31.66
CCC(NC(=O)c1cc2ccccc2cn1)C(=O)Nc1ccc2c(c1)C(=O)c1ccc(NC(=O)C3CCN(C)C3)cc1C2=O,44.38
Cc1cc(C#N)ccc1-c1ccc(-c2nc(Cn3ccnn3)nc(-c3ccc(-c4ccc(C#N)cc4)cc3)n2)cc1,27.54
CC(=O)c1ccc(-c2ccc(CN(C(=O)C=Cc3ccc(C(=O)Nc4ccc(CCNCC(O)c5cccnc5)cc4)cc3)C3CCC4(CC3)OCCO4)cc2)cc1,40.29
N#Cc1ccc(-c2ccc(-c3nc(-c4cncc(C#N)c4)nc(-c4cncc(C#N)c4)n3)cn2)nc1,12.74
N#Cc1ccc(-c2ccc(-c3nc(N=CN4CCN(C=O)CC4)[nH]c(=Nc4ccc5c(c4)CCC5)n3)cc2)cc1,21.72
COc1cc(C=Nc2ccc(C=Nc3ccc(O)c(C(=O)O)c3)cc2)ccc1O,23.61
N#Cc1cncc(-c2ccc3c(C(=O)c4ccc5[nH]c(=NC(CO)Cc6ccccc6)[nH]c5n4)cnn3c2)c1,41.51
CCN(C=CC(=O)c1ccc(C#N)cc1)CC,19.19
N#Cc1cc2ccn3c(c-2n1)c(=O)c(C#N)cn3Cc1ccccc1,32.36
N#Cc1cccc(-c2ccc(-c3ccc(CN4CCN(c5nc(Cl)ncc5Cl)CC4)cc3)cc2)n1,19.9
Nc1ccc2c(c1)C(=O)c1ccc(Nc3nc(Nc4ccc5c(c4)CCNC5=O)nc(Nc4ccc5c(c4)C(=O)c4ccc(N)cc4C5=O)n3)cc1C2=O,8.73
c1cc(-c2cc[n+](-c3nc(-[n+]4ccc(-c5ccncc5)cc4)nc(-[n+]4ccc(-c5ccncc5)cc4)n3)cc2)ccn1,5.68
CC1=Nc2ccc(Cl)cc2C(c2ccc(Br)cc2)N1CCN1CCCCC1,20.37
Cc1cc(C#N)ccc1-c1nc(-c2ccc(C#N)cc2)nc(-c2ccc(-c3ccc(C#N)cc3)cc2)n1,12.39
COc1ccc(OC)c(-c2nc(C)c(C(=O)NCc3ccc(C(O)=NO)cc3)c(-c3ccc(-c4ccc(C#N)cc4)cc3)c2C(=O)c2ccccc2)c1,35.57
N#Cc1ccc(-c2ccc(-c3cc(C(=O)NC(=N)N)nn3-c3cccc(C#N)n3)cc2)cc1,19.87
CN=c1sc2cc3c(cc2c(C#N)c1C=Cc1ccc(OC)cc1)OCO3,30.95
N#Cc1cccc(-c2cccc(-c3ccc(NC(=O)c4cccc5ccccc45)nc3)c2)n1,23.18
N#Cc1nc(C(=O)c2c[nH]c(N3CCOCC3)nc2=N)nc(-c2cc(NC(=O)c3ccccc3Cl)ccc2Cl)n1,33.29
N#Cc1ccc(-c2nc(C#N)nc(-c3ccccn3)n2)cc1,14.97
CCOCC=Cc1ccc(C#N)cc1,21.36
Cc1cn(-c2nc(CNc3ccc(-c4ccc(C#N)cn4)c(C#N)c3)ccc2F)cn1,29.06
N#Cc1c(N)c2ccccc2n(-c2cccc(Cl)c2)c1=O,24.63
CC1=C(C(=O)Nc2ccc(C)cc2)C(c2ccc(Cl)cc2)n2c(sc(=Cc3ccco3)c2=O)=N1,20.38
Cc1cc(C)n(-c2nc(-c3ccc(-c4ccc(C#N)cn4)cc3)nc(-c3ccc(-c4ccc(C#N)cn4)nc3)n2)n1,17.89
C(=Nn1cncn1)c1ccccc1,16.28
N#Cc1ccccc1CSc1nc2ccccc2c2nc(-c3ccccc3)nn12,21.38
N#Cc1c2ccccc2c(-c2nc(-c3c[nH]c4ccccc34)nc(-c3c4ccccc4c(C#N)c4ccccc34)n2)c2ccccc12,11.26
N#Cc1ccc(-c2ccc(-c3nc(-c4ccc(-c5cccc(C#N)n5)cc4)nc(-c4ccc(-c5ccc(C#N)cn5)nc4)n3)cn2)nc1,7.52
N#CC=Cc1cccc(-c2ccc(-c3nc(-c4cncc(C#N)c4)nc(-c4c(F)c(F)c(C#N)c(F)c4F)n3)cc2)n1,22.98
Clc1ccc(=NCCc2ccccc2)[nH]c1N=c1cc(C2CC2)[nH][nH]1,26.63
Nc1ccc2c(c1)C(=O)c1ccc(Nc3cc(Nc4ccc5c(c4)C(=O)CC5)nc(Nc4ccc5c(c4)C(=O)c4ccc(N)cc4C5=O)n3)cc1C2=O,8.95
COc1cc(-c2ccc(C#N)cc2)ccc1-n1c(=O)ccc2cc(S(=O)(=O)N=c3cco[nH]3)ccc21,14.12
COc1nc(-c2ccc(-c3ccc(C#N)cc3)cc2)nc(-c2ccc(-c3ccc(C#N)cc3)cc2)n1,15.36
N#Cc1ccc(-c2ccc(-c3nc(-c4ccc(-c5cccc(C#N)c5)nc4)nc(-c4ccc(-c5ccc(C#N)cn5)nc4)n3)cn2)nc1,8.62
Cn1ncc(NC(=O)c2ccc(F)c(-c3ccc(F)cn3)n2)c1N1CC(N)C(n2ccnn2)C(C(F)(F)F)C1,33.61
N#CC=Cc1ccc(-c2cncc(-c3ccc(C#N)cc3)c2)s1,20.92
CC(=O)N1CC2(Cc3c(c(C(=O)Nc4ccc(-n5nc(C)nc5C)cc4C)n(-c4ccc(C#N)cc4)c3C)C2)C1,37.71
Cn1c(-c2ccc(-c3ccc(C#N)cn3)nc2)nc(-c2ccc(C#N)cc2)c1-c1nc(Cl)nc(Cl)n1,16.6
COc1cc2c(=Nc3ccc(F)c(Br)c3)nc[nH]c2cc1OCCCCCCN1C(=O)c2ccccc2C1=O,30.52
N#Cc1ccccc1NC(=O)CCCn1c(=O)c2ccccc2n(Cc2cccc(F)c2)c1=O,27.86
CCN(CC)S(=O)(=O)c1ccc2c(c1)N(CC(=O)Nc1ccccc1F)C(=O)CO2,23.67
COCCn1c(C)nc2cc(Nc3ccc(C#N)c(Cl)c3Cl)ccc2c1=O,37.31
CCN1C(=O)C(NC(=O)Nc2ccc(C(=N)NCCc3ccccc3)cc2)N=C(c2ccccc2)c2ccccc21,29.42
CN(C)CCn1c(=O)sc2cc(C=C3C(=O)Nc4cc(Cl)ccc43)ccc21,27.98
CC(N=c1nc(C#N)nc(C#N)[nH]1)c1nc2cc(F)c(-c3ccc(C#N)cc3)cc2n1C(C)(C)CF,34.49
C#CCN1CCN(c2nc(C#N)nc3scc(-c4ccc(C(C)=O)cc4)c23)CC1,27.4
N#Cc1cncc(-c2nc(C#N)nc(-c3cncc(C#N)c3)n2)c1,6.78
CN1CC(n2cc(-c3ccc(-c4nc(-c5ccc(C#N)c(=N)[nH]5)cc5nc[nH]c(=O)c45)cc3)cn2)C1,39.72
N#Cc1ccccc1-c1nc(-c2ccc(-c3cnn(CCO)c3)cc2)nc(-c2ccc(C(=O)O)cn2)n1,35.86
N#Cc1ccc(C2N=C(c3cccc(C#N)c3)NO2)cc1,28.21
COc1nccc(-c2ccc(-c3ncc(-c4ccc(NC(=O)CCC(=O)O)cc4)n3C)cc2C#N)n1,33.52
CC(=NNC(=S)Nc1ccc(C)cc1)c1ccc2c(c1)COC2(C)C,28.61
Cc1nn(C)cc1-c1nc(N2CCOCC2)c2c(n1)c(-c1ccc3c(c1)OCO3)nc1ccc(C#N)cc12,34.14
Cc1ccc(-c2noc(Cn3ccc4cc(F)ccc4c3=O)n2)cc1,20.79
Cn1c(C#N)cnc1-c1ccc(-c2ccc(C#N)cc2)cc1,11.84
Cn1nc(-c2ccc(-c3cccc(C#N)n3)c(Cl)c2)nc1-c1ccc(-c2ccc(C#N)cn2)cc1,11.14
N#Cc1ccc(-c2ccc(-c3nc(-c4ccc(-c5ccc(C#N)cn5)nc4)nc(-c4ccc(-c5ccc(C#N)cn5)nc4)n3)cn2)cc1,9.59
N#Cc1ccc(C(NC(=O)C2CC(=O)c3ccccc3C2=O)c2ccccc2)cc1,35.24
CNS(=O)(=O)C=Cc1ccc2oc(-c3ccc(-c4cccc(C#N)c4)cc3)cc2c1,33.23
COc1ccc2c(=O)oc3cc4c(c(-c5ccc(F)cc5)c3c2c1)OCO4,29.38
N#Cc1ccc(-c2cc(-c3ccccc3)c3c(C(N)=O)nn(-c4ccc(C#N)cc4)c3n2)cc1,17.37
Nc1ccc2c(c1)C(=O)c1ccc(Nc3cc(Nc4ccc5c(c4)C(=O)NC5=O)nc(Nc4ccc5c(c4)C(=O)c4ccc(N)cc4C5=O)n3)cc1C2=O,7.45
N#Cc1ccc(-c2ccc(-c3nc(N4CC5CCCNC5C4)c4nc(-c5ccc(C#N)cc5)ccc4n3)cc2)cc1,24.8
Cc1ccccc1NC1=NN=Cc2cc3ccccc3nc2S1,20.27
N#Cc1ccc(-c2ccc(-c3cc(-[n+]4ccc(-c5ccncc5)cc4)nc(-[n+]4ccc(-c5ccncc5)cc4)n3)cc2)cc1,8.94
N#Cc1ccc(-c2cc(C(=O)c3ccc(C(F)(F)F)cc3)n3nc(C(F)(F)F)c(C#N)c3n2)cc1,25.01
C[N+](C)(C)Cc1ccccc1,14.49
N#Cc1ccc(-c2ccc(-c3nc(-c4ccc(-c5ccc(C#N)cn5)nc4)nc(-c4cccc5ccccc45)n3)cc2)cc1,15.16
Cc1ccc(-c2nnc(SCC(=O)Nc3cc(C#N)ccc3C#N)nc2-c2ccc(C)cc2)cc1,20.32
N#Cc1nc(C#N)c2c(C#N)cc(Br)cc2n1,25.25
N#Cc1cncc(-c2cc(-c3ccc(-c4nc(Cl)nc(Cl)n4)cc3)cc(-c3ccc(-c4nc(Cl)nc(Cl)n4)cc3)c2)c1,12.62
Cc1ccc(-c2nc3ccc(-c4ccc(-c5nc(-c6ccc(Cl)cc6)c[nH]5)cc4)cc3nc2C=Cc2ccnc3ccc(F)cc23)cc1,35.87
N#Cc1ccc(-c2nc(-c3ccc(-c4ccc(C#N)c(C#N)c4)nc3)nc(-c3ccc(-c4ccc(C#N)cn4)nc3)n2)cc1,13.54
Cn1c(-c2ccc(-c3ccc(C#N)cn3)nc2)nc(-c2ccc(C#N)cc2)c1-c1ccc(-c2ccc(C#N)cn2)nc1,12.66
N#Cc1cc(-n2ncc3cc(-n4cc(Cn5ccnc5)nn4)ccc32)cc(C(=O)NCCO)n1,33.72
N#Cc1ccc(-c2ccc(-c3nc(-c4ccc(-c5cccc(C#N)n5)cc4)nc(=NC(=O)NN=Cc4ccc(-c5cccc(C(F)(F)F)n5)cc4)[nH]3)cc2)nc1,27.32
N#Cc1ccc(-c2ccc(-c3nc(-c4ccc(-c5ccc(C#N)cc5)cc4)nc(-c4c(F)c(F)c(C#N)c(F)c4F)n3)cc2)cc1,9.03
N#Cc1ccc(-c2ccc(-c3ccnc(-c4ccc(C#N)cc4)n3)cc2)cc1,14.63
COc1ncc(-c2ccc3ncnc(N4CCN(C(=O)N=c5ccc(C)c[nH]5)CC4)c3c2)cc1C#N,25.6
CCOc1cccc(-c2cc(-c3ccc4ncccc4c3)nc(-c3ccc(-c4cc(-c5ccc(-c6ccc(C#N)cc6)nc5)nc(-c5ccc(C#N)cc5)n4)cc3)n2)c1,35.87
N#Cc1ccc(-c2ccc(-c3nc(-c4ccc(-c5cccc(F)c5)cc4)nc(-c4ccc(-c5ccc(C#N)cn5)nc4)n3)cn2)nc1,10.42
CCCCCn1c(-c2ccc(C)cc2)c(C=C(C#N)C#N)c(=O)c2ccccc21,25.61
N#Cc1ccc(-c2ccc(-c3nc(-c4ccc(-c5ccc(C#N)cn5)nc4)nc(-c4ccc(F)c(Cl)c4)n3)cc2)cc1,15.21
N#Cc1cc(F)c(F)c(C#N)c1F,7.05
N#Cc1ccc(-c2ccc(-c3cc(C=Cc4nc5cnc(-c6ccncc6)cn5n4)nc(-c4cncc(C#N)c4)n3)cc2)nc1,31.42
CCc1cc(C=Nc2cc(O)c(N)cc2O)ccc1-c1cc(-c2ccc(-c3ccc(-[n+]4ccc(-c5ccncc5)cc4)cc3)o2)nc(-c2ccc(C=NN=C(N)N3CCCC3)cc2)n1,33.2
O=c1c2ccccc2nc(-c2ccco2)n1-c1ccccc1,18.24
Cc1nc2ccc(Nc3nc(Nc4ccc5c(c4)C(=O)c4ccc(N)cc4C5=O)nc(Nc4ccc5c(c4)C(=O)c4ccc(N)cc4C5=O)n3)cc2s1,12.33
CCCCN1CC(NC(=O)c2ccccc2)CC2CCCCC21,23.69
N#Cc1cccc(-c2cc(-c3ccc(C(=O)NC(CN)c4ccc(F)cc4)c(F)c3)nc(-c3ccnc(C#N)n3)n2)n1,27.12
N=C1CCCC(=O)N1,21.33
Nc1ccc2c(c1)C(=O)c1ccc(Nc3nc(N=Cc4ccc(N(CCCl)CCCl)cc4)c(O)cc3N)cc1C2=O,12.12
N#Cc1ccc(C2Cc3nc4ccccc4c(C(=O)c4cncc(C#N)c4)c3S2)cc1,31.2
N#Cc1ccc(-c2nc(-c3ccc(-c4ccncc4)cc3)nc(-c3ccccn3)n2)cc1,23.77
N#Cc1cccc(-c2ccc(=NC(=O)c3ccc4nc(Cc5ccc(Cl)cc5)ccc4c3)[nH]c2)n1,28.59
N#Cc1cccc(C(=O)NC(CCN2CCCN(Cc3ccc(F)c(F)c3)CC2)c2ccc(Cl)cn2)c1,33.25
CN1CCN(c2ccc(N(C(=O)c3ccc(C#N)cc3)c3ccc(-c4ccc5ccccc5n4)cn3)cc2)CC1,29.44
N#Cc1ccc(-c2nc(-c3ccc(C#N)cc3)nc(-c3cccc(-c4cncc(C#N)c4)n3)n2)cc1,15.12
N#Cc1cc(-c2ccc3c(C=Cc4ccncc4)ccnc3n2)ccn1,19.45
N#Cc1ccc(-c2csc(-c3ccc(-c4cn(-c5ccc(C#N)cc5)nn4)cc3)n2)cc1,18.93
COc1cc2c(cc1OC)Oc1ccc(Nc3nc(Nc4ccc5c(c4)CCCCC5=O)nc(Nc4ccc5c(c4)C(=O)c4ccc(N)cc4C5=O)n3)cc1C(=O)N2,18.31
N#Cc1ccc(Cn2cc(C#N)ccc2=O)cc1,13.13
Cc1ccccc1Cn1c(C(=O)NC2CCN(Cc3ccc(C#N)cc3)CC2)cc2ccccc21,28.41
FC(F)(F)c1nccc(-c2ccc3cnc(OCc4ccc(-c5ccccc5)cc4)c(Cl)c3c2)n1,29.61
O=C1C(=Cc2ccncc2)Cc2ccc(O)cc21,18.61
N#Cc1ccc(-c2ccc(-c3ccn(-c4nc(N5CCOCC5)nc(N5CCNC(=O)C5)n4)c3)nc2)cn1,33.92
O=C(c1ccc(-n2cncn2)c([N+](=O)[O-])c1)N1CCN(S(=O)(=O)c2cccc(Cl)c2)CC1,23.89
O=C(O)c1cccc(ON=Cc2cccc3ccccc23)c1,21.74
CN=c1c(C#N)cc2c(cc3ccccc3[n+]2[O-])n1C,24.05
N#Cc1cccc(-c2cnc(-c3ccccc3)nn2)c1,24.15
N#Cc1nc2c(ncn2C2CC(O)C(CO)O2)c(=NCc2ccccc2)[nH]1,20.9
CN1CCN(c2nnc(Cl)c(C=CC#N)n2)CC1,17.26
N#Cc1cncc(-c2nc(-c3ccc(F)c(C#N)c3)c(C#N)c3nc(-c4cnc(C#N)c(F)c4)cn23)c1,33.26
Cc1nccc(Sc2cc(C#N)cc(C#N)c2)n1,20.04
CCNCc1cc(-c2nc(-c3cncc(C#N)c3)nc(-c3cncc(C#N)c3)n2)ncc1C#N,23.14
N#Cc1cccc(-c2cc(N3CCOCC3)nc(-c3cccc(C#N)n3)n2)n1,8.84
COc1c(-c2nc(-c3c4ccccc4c(C#N)c4ccccc34)nc(-c3c4ccccc4c(C#N)c4ccccc34)n2)ccc2ccoc12,21.95
N#Cc1ccc(-c2nc(-c3ccc(-c4ccc(-n5cccc5)cc4)cc3)c3c(C#N)[nH]nc3n2)cc1,24.11
N#Cc1ccc(-c2nc(-c3ccc(-c4ccc(C#N)cn4)cc3)nc(-c3ccc(N4Cc5cc(OC(=O)c6ccccc6)ccc5C4=O)cc3)n2)cc1,27.25
N#Cc1ccc(-c2ccc(-c3ccc4c(n3)-c3cc(C#N)ncc3C4=O)cc2)cc1,19.25
CN1CCC23c4c5cccc4C2C(=NN=Cc2ccc(-c4ccncc4)cc2)C=CC3(O)C1C=C(C#N)C5=O,56.43
CN(C)CC=Cc1ccc(-c2nc(-c3ccc(C=Nc4cc(O)c(N)cc4O)cc3)ccc2-c2nc(-c3ccccc3)nc(-c3ccc(C=NN=C(N)NN)cc3)n2)cc1,34.33
CN(C)CCN1C(=O)c2ccc(Nc3nc(Nc4ccc5c(c4)C(=O)c4ccc(N)cc4C5=O)nc(Nc4ccc5c(c4)C(=O)c4ccc(N)cc4C5=O)n3)cc2C(N)C1=O,12.15
O=C(c1cccc(C(F)(F)F)c1Cl)N1CCn2c(CN3CCCC3)nnc2C1,23.43
N#Cc1ccc(-c2ccc(C#N)nc2-c2ccc(Cl)cc2)cc1,17.26
N#Cc1ccc(-c2ccc(-c3nc(-c4cnccn4)nc(-c4c(F)c(F)c(C#N)c(F)c4F)n3)cc2)cc1,12.66
O=C(c1nc([S+]([O-])Cc2ccncc2)nc2ccsc12)N1CCN(c2cccc(Cl)c2)CC1,37.81
N#Cc1ccc(-c2ccc(-c3ccc(N)c(C#N)n3)cc2)cc1,13.8
CN1CCN(Cc2cc(C#N)cc(N=c3nc(-c4cnc(N5CCC(F)C5)c(C#N)c4)cc[nH]3)c2)CC1,20.06
N#Cc1ccc(-n2cc(-c3cccc(C#N)n3)cn2)cc1,16.77
N#Cc1ccnc(N=c2[nH]c(-c3cccnc3)c(Cl)s2)c1,17.28
Cc1c[n+]([O-])c(-c2ccc(C=Cc3c[n+](Cc4ccc(-c5ccc(C#N)cc5)cc4)ccc3C#N)cn2)cc1C(=O)O,32.3
CN1CCN(CCCNC(=O)CCC2SC(c3ccc(C#N)cc3)N(c3ccsc3)C2=O)CC1,37.01
O=C(NC1CCN(Cc2ccc(Cl)cc2)CC1)c1sc2ccccc2c1Cl,22.69
CCCCCCc1nc2cc(-c3nc4cc(C(=O)O)ccc4n3C)ccc2n1Cc1ccc(-c2ccccc2-c2nn[nH]n2)cc1,30.94
O=C(CN1CCCCC1)ON=C(c1ccncc1)c1ccc(Br)cc1,31.81
N#Cc1ccc(-c2nc(-c3cccc(C#N)c3)nc(-c3cncc(C#N)c3)n2)cc1,8.93
N#Cc1ccc(-c2ccc(-c3nc(-c4ccc(-c5cc(F)cc(C#N)c5)cc4)nc(-c4ccc(-c5ccc(C#N)cn5)nc4)n3)cc2)cc1,13.59
COC(=O)C1(Cc2ccccc2)CNCCN1C(=O)c1ccccc1,21.12
O=[N+]([O-])c1ccc(Nc2ccc(Cl)c(Cl)c2)c(F)c1,25.77
N#CCOc1c(C#N)ccc(-c2nc(-c3cncc(C#N)c3)nc(-c3cncc(C#N)c3)n2)c1F,13.8
N#Cc1cncc(-c2ncnc(-c3cncc(C#N)c3)n2)c1,8.24
NC(=O)c1ccccc1Nc1ccc(-n2ccnc2)cc1,19.0
N#CC(c1nccc(-c2ccc(-c3ccc(-c4nc5c(=N)[nH]cnc5[nH]4)cc3)c(C(F)(F)F)n2)n1)c1nc2ccccc2s1,41.72
Cc1ccc(-c2cc(C(=O)NN=Cc3ccncc3)c3ccccc3n2)cc1,19.45
O=c1cc(Cc2cc(C(F)(F)F)cc(C(F)(F)F)c2)[nH]c(SCCCCc2ccccc2)n1,25.85
Cc1ccc(C=NNC(=O)c2cccnc2)s1,19.53
COc1cc(OCc2ccnc(-c3ccc(OC)c(OC)c3)c2)c2cc(-c3ccc(-c4ccncc4)nc3)oc2c1,32.69
Cc1nn2c(=O)cc(-c3cc4c(cn3)OCCO4)[nH]c2c1-c1ccc(F)nc1,27.58
Cc1ccc(Nc2c(N)cc(O)c(N=Cc3ccc(-c4nc(-c5ccc(C=Nc6cc(O)c(N)cc6O)cc5)nc(-c5ccc(C=Nc6cc(O)c(N)cc6O)cc5)n4)cc3)c2O)cc1,10.78
N#Cc1ccc(-c2cc(-c3cncc(C#N)c3)nc(-c3cccc(C#N)n3)n2)cc1,12.41
Cc1ccc2nc(-c3ccc(-c4ccc(C#N)cc4)cc3)nc(SCc3ccc(-c4ccc(C#N)cc4)cc3)c2c1,24.21
CCc1c(C(=S)Nc2ccccc2)c(-c2ccc(C#N)cc2)n(C2OC(COC(C)=O)C(OC(C)=O)C(OC(C)=O)C2OC(C)=O)c(=S)c1C#N,33.23
NC(=O)c1ccccc1NC(=O)c1cc(C(F)(F)F)ccc1[N+](=O)[O-],30.98
N#Cc1nc(-c2ccc(C(=O)NC3Cc4ccc(-c5cccnc5)cc4C3)c(F)c2)cc(N2CCC(N)C2)n1,36.39
CCC(Nc1c(Nc2ccc(C#N)cc2F)c(=O)c1=O)c1cccc(Cl)c1,22.74
N#Cc1ccc(-c2ccc(-c3nccc(-c4cncc(-c5nc(Cl)nc(Cl)n5)c4)n3)cn2)nc1,22.03
O=C(Cc1ccccc1)Nc1ccc(-c2cc(-c3ccc(F)c(C(F)(F)F)c3)nc(-c3ccccc3)n2)cc1,28.1
N#Cc1ccc(-c2ccc(-c3nc(-c4ccc(-c5ccc(C=O)cc5)cc4)nc(-c4ccc(-c5ccc(C#N)cn5)nc4)n3)cn2)nc1,10.42
N#Cc1ccc(-c2nc(-c3ccc(-c4cc(Cl)cc(Cl)c4)cc3)nc(-c3ccc(-c4ccc(C#N)cn4)nc3)n2)cc1,11.11
COc1ccc(-c2ccc(-c3nc4ccnc-4n(CC4CCN(Cc5ccccc5)CC4)n3)cc2)cc1,26.57
N#Cc1ccc(-c2ccc(-c3cc(-n4nnc5cc(C#N)ccc54)cc(C(N)=O)n3)cc2)nc1,23.54
N#Cc1ccc(-c2nc(-c3ccc(Cl)c(C#N)c3)nc(-c3cccc(C#N)n3)n2)cc1,15.17
COCCN(CCO)Cc1cc(N=c2cc[nH]c3cc(Cl)ccc23)cc(NS(C)(=O)=O)c1,33.58
N#Cc1ccc(-c2ccc(-c3nc(-c4cccc(C(=O)N=c5[nH]cc(C(F)(F)F)cc5Cl)n4)c[nH]3)cc2)cc1,25.88
N#Cc1ccc(-c2ccc(-c3nc(-c4ccc(C#N)c(Br)c4)nc(-c4ccc(-c5ccc(F)c(F)c5)c(C#N)c4)n3)cc2)nc1,27.58
N#Cc1ccc(C=Nc2cc(Nc3ccc(C#N)cc3)c(N)cc2O)cc1,10.36
Cc1nc(-c2ccc(-c3c[nH]c(=N)c(-c4ccc(NC(=O)c5cc(-c6ccc(Cl)cc6)nc(-c6ccc(C#N)cc6)c5)cc4)c3)cc2)co1,29.58
CCNC(=O)Oc1cc(C#N)ccc1C(=O)Nc1ccc(Br)cc1C#N,31.44
N#Cc1ccc(-c2ccc(-c3nc(-c4ccc(N=[N+]=[N-])cc4)nc(-c4c(F)c(F)c(C#N)c(F)c4F)n3)cc2)cc1,17.6
N#Cc1ccc(Cn2c(-c3cc(Cl)nc(Cl)c3)nc3cc(Cl)c(Cl)cc32)cc1,26.09
N#Cc1cncc(-c2cccc(-c3cc(C#N)c(=O)[nH]c3COCc3ccc(C#N)c(OC(F)(F)F)c3)n2)c1,28.86
N#Cc1cccnc1,6.82
COc1ccc(C2NC3(c4c2c(O)n(C)c4O)C(c2ccccc2)C(c2ccccc2)C32C(=O)c3ccccc3C2=O)cc1OC,38.33
N#Cc1ccc(-c2ccc(-c3cc(C(=O)NN=CC4CC=CCC4)nn3-c3ccc(C#N)cc3)cc2)cc1,18.4
N#Cc1cccc(-c2nc(-c3cccc(C#N)n3)nc(N3CC(CO)C3)n2)n1,12.15
N#Cc1ccc(-c2ccc(Cn3ccc(C#CC(N)=O)c3)c(F)c2)cc1,33.96
N#Cc1ccc(-c2ncc(CO)c(-c3ccc(C#N)cc3)n2)cc1,14.79
CNC(=O)c1cc(Cn2c(-c3ccc(-c4ccc(F)c(C#N)c4)cc3)nc(-c3ccc(C#N)cc3)c(C#N)c2=O)cc(C)n1,31.19
N#Cc1ccc(-c2ccc(-c3nc(C#N)cc(-c4cncc(C#N)c4)n3)cc2)cc1,14.39
Cc1cc(OCC#N)c(C#N)cc1-c1ccc(-c2nc(-c3ccc(-c4cccc(C#N)c4)cc3)nc(C(F)(F)F)n2)cc1C#N,27.35
N#Cc1ccc(-c2ccc(-c3nc(-c4ccc(C#N)nc4)nc(-c4ccc(-c5ccc(F)c(C#N)c5)nc4)n3)cn2)nc1,8.62
N#Cc1ccc(-c2ccc(-c3nc(-c4ccc(-c5ccc(C#N)cn5)nc4)nc(-n4ccc5cc(C#N)ccc54)n3)cc2)nc1,14.08
N#Cc1ccc(C=CC(=O)N2CCCN(Cc3ccccc3)CC2)cc1,21.86
N#Cc1ccc(-c2nc(-c3ccc(-c4cccc(C(F)(F)F)n4)cc3)c(-c3ccc4ncncc4n3)s2)cc1,24.98
CC(=O)NC1C(n2c(CO)cccc2=O)=CC(C(=O)O)CC1N,28.61
N#Cc1ccc(-c2nc(-c3ccc(C#N)cc3)nc(-c3ccc(-c4ccc(C#N)cn4)nc3)n2)cc1,9.52
N#Cc1ccc(-c2nc(-c3ccc(-c4nc5cc(F)ccc5[nH]4)cc3)nnc2-c2cnn3ccc(-c4ccc(C#N)nc4)nc23)cc1,29.58
N#Cc1cccc(-c2nc(-c3cccc(C#N)n3)nc(-c3cccc(C#N)n3)n2)c1,11.38
C#CCSc1nccc(-c2ccccc2)n1,15.6
COc1ccc(-c2ccc(-c3nc(-c4ccc(-c5ccc(C#N)cn5)nc4)nc(-c4cccc(C#N)n4)n3)cc2)cc1OC,16.85
ON=Cc1ccc(-c2cc(-c3ccc(-c4nc(Cl)nc(Cl)n4)cc3)cc(-c3ccc(-c4nc(Cl)nc(Cl)n4)cc3)c2)cc1,11.05
N#Cc1ccc(Oc2cccc(NC(=O)Nc3ccc(C(F)(F)F)c(Cl)c3)c2)nc1,23.76
CC(N)C(=O)NCc1cccc(-c2nc3cc(-c4cccc(C#N)n4)ccc3[nH]2)c1,27.37
CC1(c2ccc(-c3ccccc3)cc2)C(=O)Nc2ccccc21,26.59
N#Cc1ccc(-c2nc(C#N)nc(-c3ccc(-c4ccc(C#N)cn4)nc3)n2)cc1,11.11
O=c1oc2ccccc2cc1-c1cc(-c2ccccc2O)cc(-c2ccc(F)cc2)n1,30.35
N#Cc1ccc(CNC(=O)c2nc(-c3c(F)c(F)c(C#N)c(F)c3F)[nH]c2-c2cccc(C#N)c2)cc1,25.38
N#CC=Cc1coc2ccccc2c1=O,16.22
COc1ccc(-c2oncc2C(=O)N=c2[nH]c(-c3ccccn3)cs2)cc1,27.77
Cc1cc(C2=NN=CN(c3ccc(-n4cccn4)cn3)CC2)ccc1C#N,29.38
N#Cc1ccc(-c2ccc(-c3cccc4nc[nH]c(=NC(CN)c5ccc(F)cc5)c34)cc2)cc1,25.22
CNC(=O)c1cccc(C=NN=c2[nH]c3nc(N4CC5CC4CN5C)nc(N4CCCCC4)c3s2)n1,38.29
NC(=O)C1CCN1c1ccn2ncc(-c3cc[nH]c(=NCC4CC4)n3)c2n1,32.96
N#Cc1cccc(-c2cccc(Cn3ccc(Cc4ccc5c(ccn5Cc5ccc(Cl)cc5)c4)c3O)c2)n1,35.76
CN1CCN(CCC=c2c(=Cc3[nH]c(=O)[nH]c(=O)c3Cl)[nH]c3cc(Cl)ccc23)CC1,27.45
N#Cc1ccc(-c2ccc(-c3nc(-c4ccc(C#N)cc4)nc(-c4ccc(-c5ccc(C#N)cn5)nc4)n3)cc2)cc1,6.7
N#Cc1ccc(-c2ccc(-c3cc(-c4ccncn4)nc(-c4ccc(-c5ccc(-c6nc(-c7ccc(C#N)cc7)nc(-c7ccc(C#N)cc7)n6)cc5)cc4)n3)cc2)cc1,21.16
Cc1ccc2c(c1)NC(c1ccc(-c3cc(Cl)cc(Cl)c3)cc1)C1C(=O)CC(C)(C)CC1=N2,26.2
N#Cc1ccc(-c2ncc(-c3cccc(C#N)n3)cn2)cc1,17.75
Cc1cc(-c2ccccn2)[nH]c(=Nc2ccc(C#N)c(Cl)c2)n1,20.04
CCC(F)(F)CCn1ccc(-c2ccc(Cl)cc2)c(C#N)c1=O,28.57
CCC(C)C(NS(=O)(=O)c1ccc(Cl)cc1)C(=O)NCc1ccccc1C,32.25
O=C(N=C1C(=O)c2ccccc2C(=O)C1c1cccc2ccccc12)c1ccccc1,22.29
N#Cc1ccc(Oc2cc(N=Cc3ccc(-c4nc(-c5ccc(C#N)cc5)nc(-c5ccc(-c6ccc(C#N)cn6)nc5)n4)cc3)c(O)cc2N)cc1,18.74
N#Cc1ccc(-c2ccc(-c3nc(-c4ccc(-c5ccc(C#N)cn5)nc4)nc(-c4ncc(-c5ccc(-c6ccc(C#N)cn6)cc5)cn4)n3)cc2)cc1,13.59
N#Cc1ccc2nc(-c3cccs3)nc(-c3ccccc3F)c2c1,27.87
Cc1cc([N+](=O)[O-])cc2c1NCN(Cc1ccc(Cl)cc1)C2=CC(=O)Nc1ccc2c(c1)C(=O)c1ccc(N)cc1C2=O,42.18
N#Cc1ccc(-c2ccc(-c3nc(-c4ccc(-c5ccc(C#N)cc5)cc4)nc(-c4ccc(-c5ccc(C#N)cn5)cc4F)n3)cc2)cc1,15.36
C#Cc1cccc(N=c2[nH]cnc3cc4c(cc23)[nH]c2ccccc24)c1,22.14
CN1C(=O)C(=Cc2ccc(-c3nc(-c4ccc(C#N)cc4)nc(-c4ccc(-c5ccc(C#N)cn5)cc4)n3)cc2)NC1=S,31.99
Cn1ncc2cc(-c3ccc(C#N)cc3)c(C#Cc3ccc(C(=O)NC4CC4)cc3)cc2c1=O,37.29
Cc1cc(-c2ccc(C#N)cc2)nn1Cc1ccc(C(=N)N)c(F)c1F,20.37
CN1CCC(n2cc(-c3ccnc(-c4cncc(C#N)c4)n3)cn2)CC1,18.87
N#Cc1ccc(-c2ccc(-c3nc(-c4ccc(-c5ccc(C#N)cn5)nc4)nc(-c4ccccn4)n3)cc2)cc1,12.23
Cc1nc2c(nc1C(=O)Nc1ccc(F)cc1)c1cc(C#N)ccc1n2CCN1CCOCC1,28.02
N#Cc1cccc(-c2nc(-c3cccc(C#N)n3)nc(N3CCC(CO)C3)n2)n1,9.76
CC(Oc1cccc(Cl)c1)C(=O)c1ccc(C#N)cc1,22.9
CN(C)C(=O)c1sc2nc3c(cc2c1N)CCC3,26.75
CN1CCC(c2ccc(NC(=O)Nc3ccc(Oc4cccc(Oc5cccc(C(=N)N)c5)n4)c4ccccc34)c(Cl)c2)CC1,34.46
N#Cc1ccc(C(=O)N2CCC(NC(c3ccccc3)c3ccc(Cl)cc3)CC2)cn1,25.24
N#Cc1ccccc1NC(=O)c1ccc2c(c1)C(=O)N(Cc1ccccc1)C2=O,19.71
O=C(NN=Cc1cc(Cl)cc(Cl)c1O)c1nc(-c2ccc(Cl)cc2)c(-c2ccc(Cl)cc2)c(-c2ccc(Cl)cc2)n1,19.67
N#Cc1ccc(-c2ccc(-c3nc(-c4ccc(-c5ccc(C#N)cn5)nc4)nc(-c4cncc(C#N)n4)n3)cc2)cc1,13.42
N#Cc1ccc(-c2ccc(-c3nc(-c4ccc(-c5ccc(C#N)cc5)cc4)nc(-c4ccc(-c5ccc(C#N)cc5)cc4)n3)cc2)cc1,6.79
COc1cc(C(=O)C=Cc2cnc3ccccc3c2)cc(OC)c1OC,22.69
N#Cc1cc(-c2ccc(-c3ccc(-c4nc(Cl)nc(Cl)n4)s3)cn2)ccc1F,15.69
N#Cc1ccc(COc2ccc(-c3nc(-c4cccc(C#N)n4)nc(N4CC(F)C(F)C4)n3)nc2C#N)cc1,14.86
COc1ccc(-c2cn(-c3ccc(C(=O)O)cc3)cc2C#N)cc1C=CC#N,16.05
O=S(=O)(c1ccccc1)c1nc(-c2cccs2)oc1NCCc1ccccc1,21.79
Clc1ccc(-c2nn(-c3ccccc3)cc2CNCC2CCN(C3CC3)C2)cc1,21.8
CC(c1coc2ccccc12)N(C)Cc1nc(C2CC2)no1,28.17
N#Cc1ccc(-c2ccc(-c3nc(-c4ccc(-c5ccc(C#N)c(C#N)c5)cc4)nc(-c4ccc(-c5ccc(C#N)cn5)cc4)n3)cc2)cc1,11.85
CC(=NN=C(N)N)c1ccc(N=Cc2c(O)[nH]c3ccc(N=Nc4ccc(S(=O)(=O)N=c5cccc[nH]5)cc4)cc23)cc1,34.58
N#Cc1ccc(-c2ccc(C#CC(O)(c3ccccc3)c3ccc(C#N)cc3)c(F)c2)cc1,22.75
COc1ccccc1N1CCN(CCC(Oc2ccc(C(F)(F)F)cc2)c2ccccc2)CC1,18.99
COc1cc(CC(=O)Nc2cccc3c2C(=O)NC3=O)cc(OC)c1OC,22.96
N#Cc1cc(-c2nnc(C#N)o2)cc(C#Cc2c(F)ccc(F)c2F)n1,23.47
Nc1ccc2c(c1)C(=O)C(=Cc1c(C(=O)O)[nH]c3ccccc13)C2=O,28.02
Cc1ccc2c(c1)C(=O)c1ccc(S(=O)(=O)O)cc1C2=O,24.8
O=C(Nc1ccc(-c2nc(N3CCN(CCO)CC3)c3ccccc3n2)cc1)Nc1ccc(-c2nc3ccccc3[nH]2)cc1,27.6
COc1cc(OC)nc(-c2ccc(OC(=O)c3cc(C=Cc4ccccc4)on3)cc2)n1,24.17
COc1ccccc1-c1nc(-c2ccc(C#N)cc2)nc(-c2ccc(-c3ccc(C#N)cn3)nc2)n1,14.69
COc1ccc(CCn2c3c(c4cccnc4c2=O)C(=O)c2ccccc2-3)cc1,26.44
CNC1CCC(c2c[nH]c(=N)c(-c3ccc4c(c3)c(C(=O)O)cn4Cc3ccc(C#N)cc3)n2)CC1,37.43
N#Cc1ccc(C=Nc2nc(Nc3ccc4c(c3)C(=O)c3ccc(N)cc3C4=O)c(N)cc2O)cc1,10.36
N#Cc1cccc(-c2ccc(-c3nc(-c4ccc(NC(=O)N5CCOC(CF)C5)c5nccnc45)nc(N4CCOCC4)n3)cc2)n1,29.1
Cn1c(C=C2SC(=O)NC2=O)ccc1-c1ccc(-c2nc(-c3ccc(-c4ccc(C#N)cn4)cc3)nc(-c3ccc(-c4ccc(C#N)cn4)nc3)n2)c(F)c1,12.18
CC(=O)c1ccc(C(=O)N2CCN(c3nc(C)c(-c4nnc(-c5ccc(-c6ccc(C#N)cc6)cc5)n4C)nc3C#N)CC2)cc1,36.22
Nc1ccc2c(c1)C(=O)c1ccc(NC(=O)C3(c4ccc5c(c4)OCCO5)CCN(c4ccccc4O)CC3)cc1C2=O,38.35
Cc1ccc(CNC(=O)c2cc3sc(N=Cc4ccc(-c5ccc(C=NN=C6C(=O)SCc7ccccc76)cc5)cc4)nc3cc2O)cc1,58.55
[N-]=[N+]=NCC(=O)C(N=C(Cc1ccc(-n2cncn2)nc1)C(=O)NS(=O)(=O)Cc1ccccc1)c1ccccc1,43.94
CC(N=c1[nH]c(C#N)nc(C#N)c1C#N)c1ccc(-c2ccc(C#N)nc2)c(F)c1,22.05
N#Cc1c2ccccc2c(-c2nc(-c3ccc(-c4nc5cc(F)c(F)cc5s4)cc3)nc(-c3cccc(-c4ccccc4)c3)n2)c2ccccc12,22.3
CN1CCN(C(=O)c2ccc(-c3ccc4ncc(-c5nc(-c6ccc(C#N)cc6)nc6ccccc56)cc4c3)cc2F)CC1,30.6
N#Cc1ccc(-c2ccc(-c3nc(-c4ccc(-c5ccc(C#N)cn5)nc4)nc(-c4ccc(-c5ccc(C#N)s5)nc4)n3)cn2)nc1,10.35
Cn1nnc(=NCc2cccc3cccnc23)[nH]1,24.8
Cc1ccc(C2CN(C)Cc3ccccc32)cc1,21.26
CN(C)C(=O)C1c2[nH]c3ccccc3c2CCN1C(=O)CCC(F)(F)F,36.03
COc1ccc(-c2cc(C(=O)O)n(Cc3ccc(-c4ccc(C#N)cc4)cc3F)n2)cc1,22.85
N=c1nc[nH]c2[nH]cc(N=NC(=O)COc3ccc(Cl)cc3)c12,30.48
Nc1ccc2c(c1)C(=O)c1ccc(Nc3nc(Nc4ccc5c(c4)OCO5)nc(Nc4ccc5c(c4)C(=O)c4ccc(N)cc4C5=O)n3)cc1C2=O,11.48
N#Cc1ccc(-c2nc(-c3cncc(C#N)c3)nc(-c3ccc(C#N)cn3)n2)cc1,8.34
CC1NC(=O)c2ccc(Nc3nc(Nc4ccc5c(c4)C(=O)c4ccc(N)cc4C5=O)nc(Nc4ccc5c(c4)C(=O)c4ccc(N(C)C)cc4C5=O)n3)cc2NC1=O,16.54
N#Cc1ccc2c(-c3cccc(C(=O)O)c3)cc(CCCCc3ccc(-c4ccc(F)cc4)cn3)cc2c1,38.83
COc1ccc(C=NC2=C(C#N)C3c4ccccc4C3c3ccccc32)cc1,26.41
N#Cc1ccc(-c2ccc(-c3nc(-c4ccc(-c5ccc(C#N)cn5)cc4)nc(-c4cncc(C#N)c4)n3)cn2)cc1,13.71
N#CC(=C(C#N)n1[nH]c(-c2ccncc2)cc1=O)c1ccc(C#N)cc1,22.39
N#Cc1ccc(-c2ccc(Cn3c(-c4ccc(C#N)cc4)nc4c(=O)[nH]c(-c5ccc(-c6ccc(C#N)cc6)cc5)nc43)cc2)cc1,24.51
N#Cc1ccc(Nc2nc(Nc3ccc4c(c3)C(=O)c3ccc(N)cc3C4=O)nc(Nc3ccc4c(c3)C(=O)c3ccc(N)cc3C4=O)n2)cc1C#N,11.25
Cn1cc(C(C#N)=c2ccc(=C(C#N)C#N)cc2)nc1C(C#N)=c1ccc(=c2[nH]c(=O)c(=Cc3ccc4c(c3)OCC4)[nH]2)[nH]c1=O,26.15
Cc1cc(N(C)C(=O)c2cccc(COc3cc(C#N)cc(C#N)c3)c2)n(-c2ccccc2)n1,36.57
Cc1cc(C)[nH]c(=NC(=O)c2ccc(F)cc2)n1,21.23
O=C(c1cc(F)ccc1-n1nccn1)N1c2ccccc2CC1c1nc(-c2ccccc2OC(F)(F)F)no1,29.03
O=C(Nc1ccc(N2CCN(CCO)CC2)c(Cl)c1)c1nc(C2CC2)ncc1Cl,30.0
C=CC(=O)Nc1cc2c(=Nc3ccc(Cl)c(Cl)c3)[nH]cnc2cc1OCc1ccccn1,22.08
N#Cc1ccc(-c2ccc(-c3nc(-c4ccc(Cl)cc4)nc(-c4ccc(-c5ccc(C#N)cn5)nc4)n3)cc2)cc1,14.16
Oc1ccc2c(c1)OC(CN1CCCCC1)CC2,21.18
N#Cc1sc(=S)n(-c2ccc(Br)cc2)c1-c1ccc(O)cc1,25.44
Clc1ccccc1N=c1nc(N=c2cc(C3CC3)[nH][nH]2)c(Br)c[nH]1,15.96
CCCC=c1ncc(=Cc2c(C)nc(=S)n(CCCCCC(=O)NCCOCCOCCOCCOCCOCCOCCOCCOCCOCCOCCOCCOCCOCCOC)c2O)n1Cc1ccc(Cl)cc1,38.01
Cc1cc(C#N)cc(C)c1Oc1cc(=NCC(O)c2cccnc2)[nH]c(=Nc2ccc(C#N)cc2)[nH]1,24.04
CC=Cc1cccc(C=O)c1O,19.28
N#Cc1cccc(-c2cc(-c3ccc(C(=O)NCc4ccc(F)cn4)cn3)nc(C#N)n2)n1,21.74
N#Cc1ccc(-c2ccc(-c3nc(-c4ccc(-c5ccc(C#N)cn5)cc4)nc(-c4ccc(-c5ccc(C#N)cn5)cc4)n3)cc2)cc1,6.16
COCCN(CCOC)c1ccc(C=Cc2nc(N3CCN(Cc4ccccc4-c4ccc(C(F)(F)F)cc4)CC3)c3cc(Cl)ccc3n2)cc1,36.91
N#Cc1cc(C(N)=O)cc(S(=O)(=O)c2cc(C#N)cc3cnccc23)c1,24.08
N#Cc1ccc(-c2cnc(N3CCC(c4nc(-c5ccc(F)cc5)cn4CCN4CCCC4)CC3)[nH]c2=N)cc1,26.47
Cc1n[nH]c(-c2cc(C#Cc3cc(NC(=O)c4cc(F)ccc4C)ccc3C)nc(N3CCC4(CC3)CNC(C(=O)O)C4)n2)n1,41.16
Cc1cc(C(N)=O)ccc1-c1nc(-c2ccc(-c3cccc(C#N)c3)c(C#N)c2)nc(-c2c(F)c(F)c(C#N)c(F)c2F)n1,21.48
CC1(C)CN(c2ccc(C#Cc3ccc(F)cc3)cn2)C(=O)OC1(C)C,20.96
Cc1nn(-c2cc(-[n+]3ccc(-c4ccncc4)cc3)nc(-[n+]3ccc(-c4ccncc4)cc3)n2)cc1Cc1ccc2ccccc2c1,18.22
O=Cc1cnc(Oc2cccc(F)c2)nc1,25.1
Cc1cc(=O)oc2cc(NC(=O)c3ccc(F)cc3)ccc12,18.92
N=c1s[nH]nc1NS(=O)(=O)c1ccc2c(c1)C(=O)C(=O)N2,26.83
CC(C)(C)c1nc(-c2cccc(C(=O)C=Cc3ccc(C=CC(O)=NO)cc3)c2)ccc1C=Cc1cc(C=Cc2ccccc2)nc(C(=C(C#N)C#N)N2CCN(C=O)CC2)n1,47.2
CCn1nc(-c2ccc(-c3ccc(C#N)cc3)cc2)c2c(C#N)nc(C#N)cc21,20.76
N#Cc1cccc(-c2ccc(-c3nc(-c4cncc(C#N)c4)nc(-c4cncc(C#N)c4)n3)cc2)c1,12.22
N#Cc1ccc(N2CCN(C(=O)CC3CC4CCN3Cc3ccc(C#N)cc34)CC2)nc1,34.7
CSc1ccc(-c2nc(C=Nc3ccc(S(N)(=O)=O)cc3)cc(-c3ccc(-c4ccc(C#N)cc4)cc3)n2)cc1,27.52
N#Cc1cccc(C#N)c1,8.56
N#Cc1ccc(-c2ccc(-c3nc(-c4ccc(-c5ccc(C#N)nc5)nc4)nc(-c4ccc(-c5ccc(C#N)cn5)nc4)n3)cc2)cc1,12.11
N#Cc1ccc(-c2ccc(-c3nc(-c4ccc(-c5ccc(C#N)cn5)nc4)nc(-c4ccc(-c5noc(CC6CCCC6)n5)c(F)c4F)n3)cc2)nc1,18.99
Nc1cc(O)c(N=Cc2ccc(Cl)nc2)cc1Nc1ccc(Cl)cc1,16.94
O=CN1CCN(C=Nc2nc(N=CN3CCN(C=O)CC3)nc(Nc3ccccc3)n2)CC1,18.55
COc1ccc(Cl)cc1NC(=O)CSc1nnc(-c2ccncc2)c(-c2ccccc2)n1,25.42
Cc1c[nH]c(=NC(=O)C2=Cc3c4c(c(n(C)c3=O)CC4)C=C2)cn1,38.05
N#CCN1C(=O)c2ccccc2Sc2ccccc21,17.77
Cc1csc(Sc2nc(Cl)nc(-c3ccco3)c2-c2ccc(Cl)cc2)n1,25.94
c1cn(C2CN3CCC2CC3)nn1,17.37
CS(=O)(=O)N1CCc2c(c(-c3ccc(C(F)(F)F)c(C#Cc4ccc(C#N)cc4)c3)nn2CCCN2CCC(CO)CC2)C1,22.58
O=[N+]([O-])OCc1ccccc1[N+](=O)[O-],21.09
N#Cc1ccc(-c2ccc(-c3ccc4ccccc4n3)c3oc4ccccc4c23)cc1,28.4
CCC[n+]1ccc(Nc2ccc(C#N)cc2)c2ccccc21,21.11
COc1nccc(-c2cc(Cl)ccc2Oc2ccc(S(=O)(=O)N=c3nccc[nH]3)cc2C#N)n1,21.39
N#Cc1ccc(-c2nc(-c3ccc(-c4cccc(-c5ccc(C=NO)cn5)n4)cc3)nc3ccccc23)cc1,26.66
Cc1ccc(Nc2cc(=O)n(CCCCO)c(=O)[nH]2)cc1,15.57
N#Cc1cccc(C(=O)N2CCN(Cc3ccncc3)CC2)c1,18.74
N#Cc1[nH]c2c(-c3cc(F)c(F)c(F)c3)cc(-c3ccc(-c4ccncc4)cc3)nc2c1CC(N)=O,39.09
Oc1cc(C=Nc2c(F)c(F)nc(F)c2F)cc(O)c1O,20.47
NC(Cc1ccccc1)C(=O)Nc1ccc(-n2nc(C(F)(F)F)cc2C2CC2)c(F)c1,27.72
CNC(=O)c1cccc(-c2nc(-c3cccc(C#N)n3)cc(N3CCOCC3)n2)c1,17.19
CCOc1ccc(NC(=O)Cn2c(-c3ccc(-c4ccc(C#N)cc4)cc3)nc3ccccc32)cc1,20.98
Cn1cc(-c2ccc(Cl)cc2)cc1C=C(C#N)C#N,21.47
Cc1cc(C)nc(CCl)c1,18.57
N#Cc1ccc(S(=O)(=O)N(Cc2ccc(F)c(C(F)(F)F)c2)c2cc3ccccc3s2)cc1,22.3
Cc1nc(-c2cccc(C#N)n2)nc(-n2ccc(CNc3ccc(C#N)c(Cl)c3)n2)c1C#N,29.69
N#CC=Cc1cccc(-c2nc(-c3cccc(C#N)n3)nc(N3CCC(F)(F)CC3)n2)n1,15.1
Cc1ccccc1N(CC(C)C)S(=O)(=O)N(C)C,25.98
Cc1cccc(=NC(=O)c2cccc(-n3c(O)ccc3O)c2)[nH]1,17.18
Cc1ccccc1-c1cc(C(Cc2ccc(C(F)(F)F)cn2)NCC(N)=O)ccc1C#N,31.1
N#Cc1ccc(-c2ccc(-c3nc(COc4ccccc4)nc(N4CCN(C(=O)Cn5ccc(C(F)(F)F)n5)CC4)n3)cc2)cc1,19.95
N#Cc1cc(C#N)c2nc(Cl)nc(Nc3ccc4c(c3)CCc3cc(N)ccc3C4=O)c2c1,24.75
N#Cc1ccc(Nc2cc(F)c(C#N)cc2N)cc1,16.15
CC(=NN(C)C1=NCCN1)c1ccc(-c2ccnc(-c3ccc(C=Nc4cccc(C(N)=O)c4)cc3)c2)cc1,33.18
N#Cc1ccc(N2Cc3ccc(C#N)cc3C2=O)nc1,22.24
N#Cc1cncc(-c2ncn(-c3ccc(C(=O)Nc4ccc(C#N)c(Cl)c4)cn3)n2)c1,19.96
CC(C)c1ccc(-c2ccc(C=CCNCCN=c3cc[nH]c4cc(Cl)ccc34)cc2)cc1,28.08
N#Cc1ccc(-c2ccc(-c3nc(-c4cccc(C#N)n4)nn3-c3ccccc3)cc2)nc1,16.8
C#CC#CC=CC(=O)Nc1ccc(Oc2ccc(N=c3[nH]cnc4cc(C(F)(F)F)ccc34)cc2)cc1,29.84
CC1(C)OC(=S)Nc2ccc(-c3ccc(C#N)cn3)cc21,14.96
N#Cc1ccc(-c2ncc3c(n2)-c2ccccc2C3=O)cc1,16.07
N#Cc1ccc(-c2ccc(-c3nc(-c4ccc(-c5ccc(C#N)cn5)nc4)nc(-c4ccc(-c5ccc(C#N)cn5)nc4)n3)cc2)cc1,6.46
N#Cc1cccc(-n2cncn2)c1,16.5
CCC(C)c1cc(C(=O)OCCN2CCOCC2)nc2ccc(-c3ccc(-c4cccc(C#N)n4)cc3)cc12,42.62
CN(C)c1ccc(C=C(C#N)c2ccccc2)cc1,16.36
N#Cc1cccc(C=Cc2cc(Cl)c(OCC(=O)O)c(Cl)c2Cl)n1,23.3
Cc1cc(CNCc2c(C(C)C)nn(C)c2N(C)C)on1,24.67
CC(=O)c1ccc(OCc2ccccc2)cc1,16.86
N#Cc1cn(C(=O)NCc2ccccc2S(N)(=O)=O)c2cc(N=c3nc(-c4cccnc4)cc[nH]3)ccc12,35.16
Clc1ccc(-c2nc3ccccc3n2-c2nc(=NCCN3CCOCC3)c3cnc(-c4ccsc4)cc3[nH]2)cc1,33.3
N#Cc1ccc(-c2ccc(-c3nc(-c4cccnc4)nn3-c3ncnc4ccc(Cl)cc34)cc2)nc1,25.37
N#Cc1cccc(-c2nc(-c3cccc(C#N)n3)nc(N3CCCC(N)C3)n2)n1,9.26
N#Cc1ccc(-c2ccc(-c3nc(-c4ccc(-c5ccc(C#N)cn5)cc4)nc(N(Cc4ccccc4)Cc4cc(=O)[nH]c5ccccc45)n3)cc2)cc1,25.02
N#Cc1ccc(-c2ccc(-c3nc(-c4ccc(-c5cc(F)ccc5F)cc4)nc(-c4ccc(C(=N)N)s4)n3)cn2)nc1,25.98
Nc1ccc2c(c1)C(=O)c1ccc(Nc3nc(Nc4ccc5c(c4)CNC5=O)nc(Nc4ccc5c(c4)C(=O)c4cc(N)ccc4C5=O)n3)cc1C2=O,11.27
COc1ccc(C=CC(=O)c2ccc(N3CCN(Cc4ccccc4)CC3)cc2)cc1,21.93
N#CC(C#N)=c1ccc(=CC(C#N)c2nc3ccccc3[nH]2)cc1,18.27
N#Cc1cnn(-c2ccc(C(=O)N3CCOCC3)c(C#N)c2)c1,19.18
N#Cc1cccc(-c2c(F)cc(-c3cccc(C#N)n3)c(F)c2F)c1,17.19
Cc1ccc2nc(-c3nc4c(C#N)cccc4o3)cn2n1,20.95
C#Cc1cccc(Nc2cc(Nc3ccc4c(c3)C(=O)c3ccc(N)cc3C4=O)nc(Nc3ccc4c(c3)C(=O)c3ccc(N)cc3C4=O)n2)c1,9.81
Cc1ccc2c(C)c(C#N)c(=O)oc2c1,18.39
CCOc1ccccc1-c1nc(-c2ccc(-c3ccc(C#N)cc3)cc2)nc(-c2ccc(-c3ccc(C#N)cn3)nc2)n1,13.61
Clc1nc(Cl)nc(-c2ccc(-c3cc(-c4ccc(-c5nc(Cl)nc(Cl)n5)cc4)cc(-c4ccc(-c5nc(Cl)nc(Cl)n5)nc4)c3)cc2)n1,7.68
N#CCCNC(=O)C1(C(F)(F)F)Oc2ccc(C#N)cc2O1,23.38
N#Cc1ccc(-c2ccc(-c3nc(-c4ccc(-c5ccc(C#N)cn5)cc4)nc(-c4c(F)c(F)c(C#N)c(F)c4F)n3)cc2)cc1,8.63
N#Cc1cncc(Oc2ccc(N=c3nc[nH]c4cccc(-n5ccccc5=O)c34)cc2)c1,30.14
CCC(=O)NCC1CCC(C(=O)N2CCN(c3nc(=NCc4ccc(-c5ccc(F)c(C(F)(F)F)c5)cc4)c4ccccc4[nH]3)C(=O)O2)C1,40.43
NC(=S)Nc1ccc2[nH]cnc(=Nc3ccc(F)c(Cl)c3)c2c1,19.69
O=C(c1cccc(-c2nn[nH]n2)c1)c1cc2ccccc2o1,25.71
CC(=O)c1cccc2c(Cc3ccc(-c4ccccc4-c4nn[nH]n4)cc3)c(-c3ccc(-c4cccc(C(F)(F)F)c4)cc3)n(CC(=O)O)c12,34.05
N#CCN(C(=O)c1ccccc1)c1ccc(NC(=O)c2cccc(-n3cnnn3)c2)cc1,33.25
CC1(C)C=C(c2cccc(NC(=O)c3ccc(-n4ccc(C#N)c4)nc3)c2)CC(O)C1,26.11
N#Cc1nc(-c2ccc(OCc3ccc4cccc(OCc5ccccc5)c4n3)cc2)nc2c1nc(N1CCCC(N)C1)n2Cc1cccnc1,40.0
N#Cc1ccc(-c2ccc(-c3nc(C#N)nc(-c4ccc(-c5ccc(C#N)nc5)nc4)n3)cn2)cc1,15.58
N#Cc1cncc(-c2ccc3cc(C#N)cnc3c2)c1,15.65
N#Cc1ccnc(-c2ccc(Sc3cccc(NC4CCNCC4)c3)cc2)n1,22.18
N#Cc1cncc(-c2nc(Cl)nc(Cl)n2)c1,7.86
N#Cc1ccc(-c2cc(-c3ccccc3Cl)c3ccc(CC(=O)O)cc3n2)cc1,28.01
O=C(NN=Cc1cccc(O)c1)c1cc(-c2ccc(O)cc2)nc(-c2ccc(O)cc2)n1,20.78
N#Cc1c(F)c(F)c(C(=O)NCCCCl)c(F)c1F,22.31
N#Cc1ccc(-c2nc(C#Cc3cc(Cl)nc(Cl)n3)nc(-c3ccc(C#N)cc3)n2)cc1,17.19
Cc1cc(C(=O)Nc2ccc(F)cc2)nn1Cc1cccc2nccnc12,26.68
N#Cc1ccc(-c2ccc(-c3nc(-c4ccc(NC(=O)c5ccc(-c6ccc(F)cc6)cc5)cc4)nc(-c4ccc(-c5ccc(C#N)cn5)cc4)n3)cc2)cc1,15.99
N#Cc1ccc(-c2ccc3c(c2)C(Cc2ccccc2)(Cc2ccc(N)cc2)C(=O)N3)cc1,29.22
N#Cc1ccc2c(c1)c1cc(-c3noc(C4CCOCC4)n3)ccc1n2CCO,30.64
N#Cc1ccc(-c2c[nH]c(=N)c(C(=O)N=c3[nH]cccc3N3CCCC(N)C3)n2)nc1,19.91
CC(C)Cc1ccc(-c2nc(-c3ccc(-c4ccc(C#N)cc4)cc3)nn2C)cc1,22.95
N#Cc1ccc(-c2cc(-c3ccc(Cl)cc3)nc(-c3ccc(-c4ccc(C#N)cn4)nc3)n2)cc1,14.74
COc1ccc(CCN(C#N)c2nc(C#N)ncc2Br)cc1OC,23.87
N#Cc1ccc(-c2noc(-c3cccc(-c4ccc(-[n+]5ccc(-c6ccncc6)cc5)cc4)n3)n2)cc1,19.1
Nc1ccc2c(c1)C(=O)c1ccc(Nc3ccc(Cl)c(C(F)(F)F)c3)cc1C2=O,17.18
NCCN1C(=O)c2cccc3c(N)ccc(c23)C1=O,19.56
OCCCNc1cc(O)c(N=Cc2ccccn2)cc1O,15.77
Cc1cc(C)c2c(N)c(C(=O)Oc3cccc4ccccc34)oc2n1,30.28
COCC(=O)c1ccc(-c2ccc(-c3cccc(C#N)n3)cc2)cn1,24.09
Cn1c(O)c(C(=O)N=c2cccc[nH]2)c(=O)c2cccc(C#N)c21,21.72
ON=C(O)C=CC=Cc1ccc(-c2ccccc2)cc1,16.17
N#Cc1ccc(C(c2ccc3c(-c4ccc(F)cc4)cc(C#N)cc3c2)n2ccnc2)cc1,20.96
N#Cc1ccc(CNC(=O)c2ccc(-c3ccc(-c4nc(-c5ccnc(-c6ccc(C#N)cc6)n5)c[nH]4)cc3)cc2)cc1,24.35
Nc1ccc2c(c1)C(=O)c1ccc(Nc3nc(Nc4ccc5c(c4)C(=O)NC5=O)nc(Nc4ccc5c(c4)C(=O)c4ccccc4C5=O)n3)cc1C2=O,11.57
N#Cc1ccc(-c2ccc(-c3nc(C#N)nc(-c4ccc(-c5ccc(C#N)c(C#N)c5)cc4)n3)cn2)nc1,15.65
N#Cc1ccc(N=Nc2ccc(C=NN=C(N)N)cc2)cc1C(F)(F)F,22.5
N#Cc1cc2c(C#N)c(C#N)c(=N)[nH]c2c(-c2ccc(-c3nc(-c4ccc(-c5ccc(C(F)(F)F)c(C#N)c5)cc4)cc(-c4ccccn4)n3)cn2)n1,40.36
Cc1c(CCN2CCC(c3noc4ccc(C#N)c(F)c34)CC2)ccc2c1COC2=O,26.46
N#Cc1ccc(-c2ccc(-c3nc(N=Cc4ccccc4)c4ccc(-c5nc(C#N)c[nH]5)cc4n3)cc2)cc1,24.85
COCC(C)(C)c1nc2c(c(-c3ccc(C#N)s3)n1)N=C(c1cccc(C#N)c1)CC(C(F)F)O2,36.61
Cc1cc(-c2cc(C#N)c(=O)n(Cc3ccc(F)c(F)c3)c2)ccn1,22.6
O=C(O)c1ccc(NN=Cc2cccc3ccccc23)c([N+](=O)[O-])c1,21.88
N#CCc1n[nH]c(-c2ccc(Cl)cc2)n1,19.02
c1cnc(CNCc2ncc[nH]2)c(-n2cccn2)c1,30.33
N#Cc1ccc(-c2ccc(-c3nc(-c4ccc(-c5ccc(C#N)cn5)nc4)nc(-c4ccc(-c5cc(Br)c(C=C6C(=O)C7CCN6CC7)cn5)cc4F)n3)cn2)nc1,25.14
Cc1cc(COc2cc(F)ccc2-c2cccc(N3CC4CC4(C(=O)O)C3)n2)c2ccccc2n1,27.73
CCN(Cc1ccc(C#N)cc1)c1cn(C)c(=NC)sc1=O,37.95
CC1COCCN1c1nc(-c2cncc(C#N)c2)cc2c(-c3ccc(C#N)nc3)cnn12,17.21
N#Cc1cncc(-c2ccc3[nH]ccc(=NCCCNCc4cc(F)ccc4F)c3c2)c1,30.29
Oc1ccc(N=Cc2ccc3c(c2)OCO3)cc1,13.42
CCn1cc(C(=O)O)c(=O)c2c(N)c(F)c(N3CCNCC3)c(F)c21,19.39
Nc1cc(O)c(N=Cc2cc(Cl)ccc2O)cc1O,15.14
CC(CO)NC(=O)NCc1ccccc1,24.7
Oc1ccc(-c2c(F)c(F)c(-c3nc4ccc(-c5ccccc5)cc4[nH]3)c(F)c2F)cc1F,28.49
CNC1CCCN(c2nc(-c3ccc(-c4ccc(C#N)cn4)nc3)cc(-c3ccc(-c4ccc(C#N)cc4)cc3)c(C#N)c2=O)C1,21.37
CN(C)Cc1ccc(-c2ccc(C#N)cc2)[nH]1,24.02
CC1(C)CCc2c(c3cc(N)ccc3c(=O)c3cc(Nc4nc(Cl)cc(Nc5ccc6c(c5)C(=O)c5ccc(N)cc5C6=O)n4)ccc23)O1,18.45
CN(C(=O)c1ccc(F)c(F)c1)c1oc(-c2ccccc2)nc1C#N,24.59
O=C(NN=Cc1ccccn1)c1ccc(-c2nc3ccccc3s2)cc1,17.7
N#Cc1ccc(-c2nn(-c3ccccc3)cc2C=CC(O)=NO)cc1,18.12
COc1cc(CNc2ccc(-c3cnco3)c(-c3nc(C(F)(F)F)[nH]c3C(F)(F)F)c2)cc(Br)c1OCc1ccc(F)cc1,41.68
Cc1noc(-c2ccccc2C(=O)N2CC3CN(c4nccc(C(C)C)n4)CC3C2)n1,21.05
N#Cc1ccc(-c2ccc(-c3nc(-c4ccc(-c5ccc(C#N)cn5)nc4)nc(-c4cccc(Cl)c4)n3)cn2)nc1,11.78
N=c1[nH]cnc2c1c(-c1ccc(-c3nc(Cl)nc(Cl)n3)cc1)nn2C1COC(CO)O1,22.94
N#Cc1ccc(-c2ccc(-c3nc(-c4ccc(-c5cccc(C#N)c5)cc4)cc(-c4ccc(C#N)nc4)n3)cc2)nc1,15.82
N#Cc1ccc(-c2ccc(-c3nc(-c4ccc(-c5ccc(C#N)cn5)nc4)nc(-c4cc(F)ncn4)n3)cn2)nc1,13.24
Clc1ccc(-c2csc(=NN=Cc3cccc4ccccc34)[nH]2)cc1,17.32
N#Cc1cncc(-c2ccc(-c3nc(-c4ccc(-c5cccc(C#N)n5)cc4)nc(-c4ccc(C#N)nc4)n3)cc2)c1,18.86
N#CC=Cc1ccnc(C=CC#N)n1,6.93
Cc1ccc(C(=O)c2c(O)c(O)n(-c3ccc(-c4ccc(C)o4)cc3)c2-c2ccc(C)cc2)cc1,19.67
CC1(C)OCC(COc2ccc3c(c2)CSc2ccc(Nc4ccc5c(c4)OCO5)cc2C3=O)O1,31.35
N#Cc1ccc(-c2ccc(-c3cc(-c4ncc5c(N6CCCC(N)C6)nccn45)nc(N4CC5CCC(C4)O5)n3)cc2)cn1,29.12
CCC(C)(C#N)N1CCN(c2nc(-c3ccc(C#N)cc3)nc(-c3ccc(-c4ccc(C#N)cc4)cc3)n2)CC1,18.8
N#Cc1ccc(-c2ccc(-c3nc(-c4ccc(-c5ccc(C#N)cn5)nc4)nc(-c4ccc(F)c(F)c4C#N)n3)cn2)cc1,12.53
N#CC(C#N)=C(Sc1ccccc1)c1ccc([N+](=O)[O-])cc1,24.58
N#CC=Cc1cccc(-c2ccc(-c3nc(-c4ccc(-c5ccc(C#N)cn5)cc4)n(-c4cc(N)c(F)cc4F)c3-c3ccccc3)cc2)n1,27.21
Cc1nc(-c2ccc(N=c3nc(-c4ccc(C#N)cc4)[nH]c(-c4ccccn4)n3)cc2)c2ccccc2n1,23.49
COc1cc(C(C)=NN=c2[nH]c(=O)c3ccccc3[nH]2)cc(OC)c1OC,25.43
Cc1nc(C#N)c(C#Cc2nc(C#N)cn2C)c(-n2cc(-c3ccnc(F)c3)cn2)n1,30.33
CCc1nc(-c2ccc(-c3nc(-c4ccc(-c5ccc(F)c(Cl)c5)cc4)nc(-c4ccc(-c5ccc(C(N)C#N)cc5Cl)nc4)n3)cc2)no1,34.33
C=CCNc1nc(-c2ccc(S(C)(=O)=O)cc2)c(-c2ccc(-c3ccc(C#N)cn3)cc2)nc1C#N,18.4
N#Cc1ccc(-c2ccc(-c3nc(C#N)c(NCCc4cccc(Cl)c4)[nH]3)cc2)cc1,24.42
COc1ccc(-c2cc(=NC(=S)Nc3ccc(C#N)cc3)cc(C)[nH]2)cc1,23.71
COc1ccc(C(C)=O)cc1CSc1nnc(C2CC2)n1C,28.1
CCOC(=O)c1sc(N=CN2CCN(C=O)CC2)nc1C,19.1
Cc1cc(N2CCCC2=O)nc(-c2ccc(NS(=O)(=O)c3cccc(C#N)c3)cc2)n1,22.76
N#Cc1cccc(N2CCN(C(=O)c3ccc(Cl)cc3)CC2)n1,21.74
Cc1nn(-c2ccccc2)c(-c2nc(-c3ccncc3)nc(-c3ccc(-c4ccc(C#N)cn4)nc3)n2)c1C1NC(=O)c2ccccc21,32.33
N#Cc1ccc(-c2ccc(-c3c(C#N)ccn3-c3ccc(C#N)cc3)cc2)cc1,13.91
O=C1NC(=O)c2c1ccc1[nH]c3cccc(Br)c3c(=O)c21,28.94
COc1ccc2oc(=O)c3c(c2c1)CCCCC3,23.03
CCN(CC)CCOC(=O)NCCc1ccc(N=c2cc[nH]c3cc(C(F)(F)F)ccc23)cc1,31.03
O=C(C=Cc1ccc(O)cc1)c1ccc(-n2cncn2)cc1,19.28
N=C(N)c1ccc(CNc2c(NC(C(=O)O)C3CCCCC3)c(=O)c2=O)cc1,27.07
COc1ccc(C2C(C#N)=C3N=CC4=CC=CC(=O)CC(C)(C)CC(=C2CCO4)N3c2ccc(F)cc2)cc1,31.75
COc1cc(Cl)cc(-c2ccc(-c3nc(-c4cncc(C#N)c4)nc(C4CCCN(C(C)=O)C4)n3)cn2)c1,35.65
N#Cc1ccc(C=Cc2nc3ccccc3c(=O)n2-c2ccccc2)cc1,15.11
N#Cc1ccc(-c2ccc(-c3nc(C(=O)NCc4ccccn4)cc4ncccc34)cc2)cc1,21.59
Cc1cccc(NC(=O)C=Cc2c(C(=O)O)[nH]c(C)cc2=O)c1,26.66
CC(C)(C)c1ccc2c(-c3nc(-c4ccc(-c5ccc(C#N)cn5)cc4)nc(-c4ccc(-c5ccc(C#N)cn5)nc4)n3)c3c([nH]c4ccccc43)c(C#N)c2c1,17.28
Cn1nccc1C(=O)Nc1ccccc1C#N,22.11
N#Cc1ccc(-c2ccc(-c3nc(-c4ccc(-c5ccc(C#N)cn5)cc4)nc(-c4ccc(-c5ccc(C#N)cn5)nc4)n3)nc2)cc1,12.45
Cn1c(C#N)ccc1-c1ccc(C=Cc2ncc(C#N)s2)cc1,21.28
N#CCc1ccc(C#Cc2cccc(=N)[nH]2)cc1,18.72
N#Cc1ccc(Nc2cc(Nc3ccc(C#N)cc3)c(C#N)cc2C#N)cc1,12.53
CC1(C)C=C(n2ccccc2=O)c2cc(C#N)ccc2O1,11.76
N#Cc1ccc(-c2ccc(-c3nc(-c4ccc(Cl)cc4)nc(-c4cc5ccc(-c6cnc7ccccc7c6)cc5c(C#N)c4C4CC4)n3)cc2)cc1,32.48
C#CCn1c(=O)c(=CC(=O)Nc2ccc(C)cc2)n(-c2ccc(F)cc2)c(=O)c1=Cc1ccc(-n2cnc(C)c2)c(OC)c1,35.11
N#Cc1ccc(-c2cc(C#N)cnc2C(=O)Nc2ccc(C#N)c(C#N)c2)nc1,20.75
CCCN=c1[nH]cc(-c2nc(-c3ccc(Cl)cc3Cl)nc(-c3cccc(C(F)(F)F)c3F)n2)s1,28.23
N#Cc1ccc(OCCNC(=O)CCc2cncnc2)cc1,25.92
CCCC(=O)N1CCc2c(c(C#N)c3ccccc3c2-c2nc(-c3ccc(C#N)cc3)nc(-c3cccc(OC)c3)n2)C1,24.38
N#Cc1cc(-c2ccnc(C#N)c2)cc(-n2ccc3cc(C#N)cnc32)c1,23.42
N#Cc1cncc(-c2nc(C#N)cn2-c2ccc3c(c2)CCC3N)c1,18.75
CN1CCN(c2nc(-c3ccc(Oc4ccc(Cl)cc4)c(Cl)c3)nc3ncccc23)CC1,24.72
COc1ccc2c(c1)C(=O)N1CCc3c([nH]c4ccc(O)cc34)C1N2C,23.65
Cn1nc(-c2ccc(-c3nccc(C=CC#N)n3)cc2)n(C)c1=O,21.97
N#Cc1cncc(-c2nc(C#N)nc(-c3cccc(C#N)n3)n2)c1,10.25
N#Cc1ccc(C=CC(=O)NCCc2ccccc2)cc1,16.96
O=C(CN(c1ccccc1)S(=O)(=O)c1ccc2c(c1)OCCO2)Nc1cccc(Cl)c1,27.37
CC(C)N=c1[nH]c(C(=O)Nc2ccc(N3CCNCC3)nc2)cc(N)c1C#N,30.29
N#Cc1ccc(-c2ccc(-c3nc(-c4ccc(-c5ccc(C#N)nc5)cc4)nc(-c4cnc5ncnn5c4)n3)cn2)nc1,23.87
N#Cc1nc(-c2ccc(C#N)c(F)c2F)c2cnn(CC(O)c3ccccc3)c2n1,28.11
Cc1c(Cl)c(=O)c(-c2cccc(C(F)(F)F)c2)c(C)n1CC1CCC(CO)C1,30.17
Cc1ccc(-c2cc[n+](-c3ccc(-c4ccc(C=Nc5ccc(Cl)c(C(=O)O)c5)cc4)cc3)cn2)cc1,23.61
O=c1[nH]c(O)c(Oc2ccc(Cl)cc2)n1CCc1ccc(O)cc1,35.24
Nc1cc(O)c(N=Cc2ccccc2)cc1O,11.3
O=C1N=c2ccc(F)cc2=C1Cc1nc2cc(Cl)ccc2[nH]1,24.15
CSc1ncc(C(=O)N2CCN(c3ccc(F)cc3)CC2)c(C(F)(F)F)n1,23.11
Cc1ccc(N=c2cc(-c3c(-c4ccc(F)cc4)nc(-c4ccc(C#N)cc4)n3CCN(C)C)cc[nH]2)cn1,31.24
O=C(Nc1ccc(-c2csc(-c3nc4ccccc4[nH]3)c2)cc1)Nc1cccc2ccccc12,30.27
N#Cc1ccc(-c2ccc(-c3nc(-c4cccc(C#N)c4)nc(N4CCOCC4)n3)cc2)nc1,14.12
C=c1[nH]n(-c2ccc(C#N)cc2)c(=O)c1=Cc1occ(O)c1C,25.53
N#Cc1ccc(-c2ccc(-c3ccc4c(=O)n(-c5ccc(-c6cccc(C#N)n6)cc5)c(=O)[nH]c4c3)cc2)cc1,25.47
N#Cc1cc(NC(=O)Nc2ccc(Cl)cc2)ccc1Cl,19.07
CC(C)Oc1ccc(-c2nc(COc3ccc4c(c3)CCN(C3CCCC3)C4=O)nc(-c3ccc(-c4ccccc4)c(C(F)(F)F)c3)n2)cc1C#N,28.82
N#CCCN(N)c1ccc(C=Nc2cc(O)c(NC(=O)C(N)CCCNC(=N)N)c(F)c2F)c(Cl)c1,40.72
CON=C(C#N)C(=O)N=Cc1nc2ccc(Cl)cc2c(=O)n1-c1cccc(C(=O)O)c1,31.47
Nc1cc(O)c(N=Cc2c(O)c3ccccc3oc2=O)cc1O,17.42
N#Cc1cc(C#N)c(N2CCC(NC(=O)c3cccc(F)c3)CC2)nc1C#N,23.92
Brc1ccc2c(c1)C(c1ccccc1)=NCc1nnc(Cn3ccnc3)n1-2,22.34
N#Cc1ccc(-c2cc(-c3cccc(-c4ccc(-c5nc(Cl)nc(Cl)n5)cn4)c3)nc(-c3ccc(C#N)cc3)n2)cc1,12.96
N#Cc1ccc(-c2nc(-c3ccc(-c4ccc(C#N)cn4)nc3)nc(-c3ccnc4ccccc34)n2)cc1,16.95
N#Cc1cc(C#Cc2cc[nH]c(=N)c2)cc(OCCN2C(=O)c3ccccc3C2=O)c1,31.05
N#CC=Cc1nc(N2CCC(N)C2)c2ccc(-c3cncc(C#N)c3)nc2n1,20.13
NCCN=c1[nH]c(-c2cnc(C3CCNCC3)nc2-c2cccc(Cl)c2Cl)nc2ccccc12,32.81
N#Cc1ccc2nc(-c3ccc(C4=NCCN4)cc3)c(-c3ccc(-c4ccc(-n5cnnn5)cc4)nc3)n2c1,26.36
O=C(CCN1CCCCC1)Nc1ccc(Sc2cnc3ccccc3n2)cc1,29.15
CCC(C)c1cc(-c2ccc(-c3ccc(C#N)cc3)cc2)c(C#N)c(=N)n1C(C)=O,23.22
C=C(c1ccc(C#N)cc1)c1ccc2[nH]c(-c3ccc(C(=O)c4ccc(Cl)cc4)nc3)nc2c1,28.74
CCOC(=O)c1nn(-c2ccc(Cl)cc2)c(-c2ccc(Cl)cc2)c1C(=O)NC1CCCCC1,22.46
CC1(c2ccc(Cl)cc2)NNc2cc(Nc3cc(=N)[nH]cn3)ccc21,29.74
Cc1ccc(-c2nc(-c3ccc(-c4ccc(F)c(C#N)c4)nc3)nc(-c3ccc(-c4ccc(C#N)cn4)nc3)n2)cc1,17.84
O=C1c2ccc([N+](=O)[O-])cc2C(O)(c2ccc(Cl)cc2)N1Cc1ccc([N+](=O)[O-])cc1,21.25
N#Cc1ccc(-c2ccc(-c3n[nH]c(=NN=Cc4ccc(-c5ccccn5)cc4)n3N=Cc3ccc(-c4ccccn4)cc3)cc2)cc1,26.77
N#Cc1ccc(-c2ccc(-c3nc(-c4ccc(-c5cccc(C#N)n5)cc4)cc(-c4ccc5nc(-c6ccc(C#N)c(F)c6)ccc5n4)n3)cn2)nc1,24.02
CC1(C)C(=O)Nc2ccc(S(=O)(=O)Nc3ccc(C#N)cc3)cc21,23.13
N#Cc1ccc(-c2ccc(-c3nc(-c4ccc(-c5ccc(C#N)cn5)nc4)nc(-c4ccccc4C#N)n3)cn2)nc1,11.85
Cc1ccccc1-c1cc(C(Nc2ccc(C(=N)N)cc2)c2cccc(Cl)c2)ccc1C#N,24.47
Nc1c(N(Cc2cccs2)C(=O)c2cccnc2)c(=O)[nH]c(=O)n1Cc1ccccc1,21.78
N#Cc1ccc(-c2ccc(-c3nc(-c4ccc(-c5ccc(F)c(C#N)c5)nc4)nc(-c4ccc(Cl)c(Cl)c4)n3)cn2)nc1,16.04
N#Cc1ccc(N=c2nc(C#N)nc(Cc3ccccc3)[nH]2)cc1,15.62
N#Cc1ccc(-c2ccc(-c3nc(Cl)nc(-c4ccc(-c5ccc(C#N)cn5)cc4)n3)cc2)cc1,13.23
N#Cc1ccc(-c2ccc(-c3cncc(C#N)c3)nc2)nc1,9.18
COc1nc(-c2ccc(-c3cccc(C#N)n3)cc2)ccc1-c1[nH]c(C#N)cc1C#N,23.96
Nc1ccc2c(c1)C(=O)c1ccc(Nc3nc(Nc4ccc5c(c4)CCCC5=O)nc(Nc4ccc5c(c4)C(=O)c4ccc(N)cc4C5=O)n3)cc1C2=O,9.01
N#Cc1ccc(-c2ccc(-c3nc(-c4ccc(-c5ccc(OC(CF)CF)c(C#N)c5)nc4)nc(-c4ccc(-c5ccc(C#N)cn5)nc4)n3)cn2)nc1,14.23
CC(=NN=c1cc(C)c2ccccc2[nH]1)c1ccc(-c2ccc(C(=O)O)cc2)o1,26.9
Clc1nc(Cl)nc(-c2ccc(-c3cccc(-c4ccc(-c5nc(Cl)nc(Cl)n5)cc4)c3)cc2)n1,10.69
c1ccc(-c2nc(Nc3ccc4c(c3)OCO4)cc(-c3cccnc3)n2)cc1,22.85
Cc1ncnc(C)c1C#Cc1cccc(NS(=O)(=O)c2ccc(Cl)cc2)c1Cl,29.09
Cc1ccc(-c2noc(Cn3c(=O)n(-c4ccccc4)c(=O)c4ccccc43)n2)cc1,21.31
N#Cc1ccc(-c2ccc(-c3nc(-c4ccc(-c5nc(Cl)nc(Cl)n5)cc4)nc(-c4ccc(-c5ccc(C#N)cn5)nc4)n3)cn2)nc1,10.52
N#CC(C#N)=Cc1cn(-c2ccc(C#N)cc2)nc1-c1ccc(-c2ccc(C#N)cc2)cc1,15.58
N#CCCn1cc(-c2ccc(CNC(=O)c3nc(C#N)c4ccccc4c3C#N)cc2)cn1,34.56
N#Cc1cncc(-c2nc(-c3cncc(C#N)c3)nc(-c3cccc(C#N)n3)n2)c1,11.98
COc1ccc(-c2nc3n(n2)C(c2cc(N4C(=S)c5ccccc5C4c4ccc(Cl)cc4)nc(-c4ccc(C#N)cc4)n2)C(C#N)C(=N)O3)cc1,36.93
N#Cc1cccc(-c2nc(-c3cncc(C#N)c3)nc(-c3cncc(C#N)c3)n2)c1,10.56
N#Cc1ccc(-c2ccc(-c3cccc(-c4ccc(-c5cc(C(=O)Nc6ccc(F)cc6F)ccn5)cc4)n3)s2)cc1C#N,24.61
Cc1cc(-c2cc(-c3ncc(C#N)cn3)ccc2F)ccn1,17.11
N#Cc1ccc(C=Cc2no[n+]([O-])c2C#N)cc1,17.66
N#Cc1cc2c(=O)nc(CC(=O)Nc3ccccc3)[nH]c2[nH]c1=N,25.7
c1cc(-c2cc[n+](-c3ccnc(-[n+]4ccc(-c5ccncc5)cc4)n3)cc2)ccn1,8.36
CC(C)=c1ncc(=C(C#N)C#N)c(C)n1,15.73
CC(C)NC(=O)COC(=O)c1nc(C(C)C)nc(F)c1Cl,27.11
CCOC(=O)CC1c2cc(-c3noc(-c4cc(C(F)(F)F)ccc4OC)n3)ccc2OCN1CC(C)(C)C,38.16
O=C(NC1CN2CCC1CC2)c1cn(-c2ccc([N+](=O)[O-])cc2)c2ccc(Br)cc12,29.15
Cn1c(=O)ccc2ncc(=NCCCN)[nH]c21,30.17
C=C(C)CN1CCC(NC(=O)Nc2ccc(C#N)cc2F)CC1,26.23
CC(=O)OC1C=CC(C(C)C)C23C(O)C1OC2(C)CCCC3(C)C,41.9
Cc1cccc2c(N3CCC(O)CC3)nc(-c3ccc(-c4ccc(C#N)c(C#N)c4)cc3)nc12,22.33
N#Cc1ccc(-c2ccc(-c3nc(-c4ccc(-c5ccc(C#N)cn5)nc4)nc(-c4ccc(-c5ncccc5F)nc4)n3)cn2)nc1,12.94
N#Cc1ccc(-c2nc(-c3ccc(-c4ccc(C#N)cn4)cc3)nc(-c3cccc4[nH]ccc34)n2)cc1,15.73
N#Cc1ccc(-c2ccc(-c3nc(-c4ccc(-c5ncc[nH]5)cc4)nc(-c4ccc(-c5ccc(C#N)cn5)nc4)n3)cc2)nc1,17.0
Cc1cc(C)c2cccc(OCc3cccc(-c4cccc(C#N)n4)c3)c2n1,24.93
CN1C(=O)C(=O)NC(=S)C1=C1N(C)c2ccccc2C1(C)C,26.22
Cn1c(-c2ccc(C=NN=Cc3ccc(-c4cc(-[n+]5ccc(-c6ccncc6)cc5)nc(-[n+]5ccc(-c6ccncc6)cc5)n4)cc3)cc2)nc2ccccc21,18.33
N#Cc1ccc(-c2ccc(-c3nc(-c4ccc(-c5ccc(C#N)cn5)cc4)nc(-c4cccc(C=Cc5nc(C#N)c(N)o5)n4)n3)cc2)cc1,20.56
CN(C)c1ccc(NC(=O)N=c2nc(Cl)cc[nH]2)cc1,22.72
COc1ccc(N=c2nc(N3CCN(C)CC3)[nH]c3cc(OC)c(OC)cc23)cc1,19.71
COc1cccc(C=Nc2nc(Nc3ccc4c(c3)C(=O)c3ccc(N)cc3C4=O)c(N)cc2O)c1,14.15
COc1ccccc1C=Nc1sc2c(c1C#N)CCCC2,18.42
Cn1nc(-c2cc(-c3ccnc(C#N)c3)nc(-c3ccc(C#N)cc3)n2)cc1C#N,24.28
CN(C)CCN1CCN(C(=O)COc2ccc(-c3nc(-c4ccc(N(C)C)cc4)c(-c4ccc(-c5ccc(C#N)cc5)cc4)n3C)cc2)CC1,36.92
COc1ccc2cc(-c3ccc4nc[nH]c(=Nc5ccc(Nc6ccc(C#N)cn6)cc5)c4c3)cnc2c1,31.76
CC(C)(C)c1ccc(-c2c[n+](CCc3ccc(-c4ccc(C#N)cc4)cc3)c3ccccc3n2)cc1,25.72
N#Cc1ccc(-c2ccc(-c3nc(-c4ccc(-c5cccc(C(F)(F)F)n5)cc4)nc(-c4ccc(-c5ccc(C#N)cn5)nc4)n3)cn2)nc1,17.08
Cc1ccccc1-c1ccc(C(=O)N=C2NCCS2)o1,21.86
N#Cc1ccc(-c2ccc(-c3cc(C(=O)N4CCOCC4)nn3-c3ccccc3F)cc2)cc1,23.83
N#CC=Cc1cc(C#Cc2ccc(C#N)cn2)nc(C=CC#N)n1,16.8
CN1CCN(Cc2ccc(-c3ccc(-c4nc(C#N)nc(-c5ccc(C#N)nc5)n4)c(Cl)c3)c(C#N)c2)CC1,30.53
N#Cc1ccc(-c2ccc(-c3nc(-c4ccc(-c5ccc(C#N)cn5)nc4)nc(-c4ccc5[nH]ccc5c4)n3)cc2)cc1,17.44
N#Cc1ccc(-c2ccc(-c3nc(C(N)=O)cc4ccccc34)cc2)cc1,15.55
N#Cc1ccc(Nc2cc(N=Cc3ccccc3)c(O)cc2N)cc1,9.05
N#Cc1ccc(-c2cccc(C(=O)c3cc(C#N)cc4c3-c3ccccc3CC4)n2)cc1,24.11
O=C(OCc1ccccc1)c1ccc(-c2cc(F)c(F)c(F)c2)cc1F,27.41
N#Cc1ccc(-c2ccc(Cn3c(=NC4CCN(CC=Cc5ccccc5)CC4)[nH]c4ccccc43)cc2)cc1,24.78
Cn1c2cc3c(=O)c(=O)nc(C(=O)NCc4ccccc4)[nH]c3cc2c2ccc3ccccc3c21,45.57
N#Cc1ccc(-c2nc3ccccc3c3c(C#N)cn(-c4ccccc4)c(=O)c23)cc1,23.23
N#Cc1ccc(-c2ccc(-c3nc(-c4ccc(-c5ccc(C#N)cn5)nc4)nc(-c4cccc(Br)c4)n3)cc2)nc1,16.33
N#Cc1ccc(-c2ccc(-c3nc(C4CC5CC4C(=O)N5)nc4nnc(-c5cnn(CCO)c5)cc34)cc2)cn1,33.73
C=C(C)C1CC=C2C(C(=C)C3C(O)C24C2C(O)CC35COC4(O)C(CCC2(C)C)OC5=O)C1C=O,55.17
N#Cc1ccc(-c2ccc(-c3cccc(C(=O)Nc4ccc5c(c4)C(=O)c4ccc(N)cc4C5=O)n3)cc2)cc1,15.61
CC(C)c1nc(-c2ccc(-c3cccc(C#N)c3)cc2)nc(-c2cc3ccc(C#N)cc3[nH]2)n1,28.54
N#Cc1cncc(-c2nc(-c3cncc(C#N)c3)nc(-c3ccc(Cl)c(Cl)c3)n2)c1,12.87
N#Cc1cncc(N=c2cncc(-c3cncc(C#N)c3)[nH]2)c1,13.6
N#Cc1ccc(-c2ccc(-c3ccc(-c4nc(-c5ccccc5)nc(N5CCNCC5)n4)cc3)cc2)cc1,21.44
N#Cc1c(N)cc(O)c(N=Cc2ccccc2)c1C#N,13.99
Cn1c(=O)ccc2cc(S(=O)(=O)Nc3ccc(CCN=c4nc(-c5ccccn5)cc[nH]4)cc3)ccc21,30.19
N#Cc1ccc(-c2ccc(-c3nc(-c4ccc(C#N)nc4)nc(-c4ccc(-c5cccc(C#N)n5)c(F)c4)n3)cn2)nc1,10.73
N#Cc1ccc(-c2ccc(-c3nc(-c4ccc(-c5ccc(C#N)cn5)nc4)nc(-c4cncc(-c5ccc(C#N)cn5)c4F)n3)cn2)cc1,13.77
COCC(CO)NCc1nc(C(=O)Nc2cc(C(=O)N=c3cc(C)nc(C)[nH]3)n(C)c2)cc(-c2cccc(NC(=O)c3cnccn3)c2)n1,44.15
Cc1cccc(-c2ccc(-c3nc(-c4ccc(Cl)c(C#N)c4F)nc(N4CCCC(C)C4)n3)c(Cl)c2)c1C#N,27.71
N#Cc1ccc(-c2ccc(-c3nc(-c4ccc(-n5ccccc5=O)cc4)c(C#N)c(-c4ccc(-c5ccc(C#N)cn5)nc4)n3)cn2)nc1,24.51
CCN(CC)CC=CC(=O)Nc1ccc(Sc2nc(=Nc3ccc(C#N)cc3)nc(Nc3ccc4c(c3)C(=O)c3ccc(N)cc3C4=O)[nH]2)cc1,25.53
Cc1ccc(C(CC(=O)O)NC(=O)c2ccon2)cc1,23.86
CCCCc1nc(Cl)c(C#N)nc1-c1ccc(-c2ccc(C#N)cc2)nc1,17.31
Cn1c(-c2ccc(-c3ccc(S(C)(=O)=O)cn3)cc2)nnc1C1(c2ccc(Cl)cc2)CCC1,20.6
N#Cc1ccc(-c2ccc(CN=c3cc[nH]c(-c4ccc(C#N)cn4)n3)nc2)cc1,24.96
N=c1nc(SCC(=O)NCCc2ccccc2)[nH][nH]1,18.85
N#Cc1ccc(-c2ccc(-c3nc(Cc4ccc(F)cc4F)nc(-c4ccc(-c5ccc(C#N)cn5)nc4)n3)cc2)cc1,15.51
N#Cc1cccc(-c2nc(-c3cccc(C#N)n3)nc(N3CC(F)(F)C3)n2)n1,9.11
N#Cc1ccc(-c2ccc(-c3nc(N=c4nccc[nH]4)nc(-c4ccc(C#N)cc4)n3)cc2)cc1,19.78
Nc1ccc2c(c1)C(=O)c1ccc(Nc3nc(Nc4ccc5c(c4)C(=O)C=CC5=O)nc(Nc4ccc5c(c4)C(=O)c4ccc(N)cc4C5=O)n3)cc1C2=O,10.74
CC(=O)c1ccc2c(c1)CN(CCCCNC(=O)c1ccc3ccccc3n1)CC2,32.32
CS(=O)(=O)NC(=O)c1c(-c2ccc(C#N)cc2)nc(COc2ccc(C#N)cc2)n1-c1ccc(-c2ccc(C#N)cc2)cc1,26.99
CN(N)c1ccc(N=Nc2ccc(-c3nc(-c4ccc(C=Nc5cc(O)c(N)cc5O)cc4)nc(-c4ccc(C=Nc5cc(O)c(N)cc5O)cc4)n3)cc2)cc1,20.29
Cc1noc(-c2ccc(-c3nc(-c4ccc(-c5ccc(C#N)cn5)nc4)nc(-c4ccc(C#N)cn4)n3)cc2)n1,11.46
N#Cc1cccc(-c2ccc(-c3nc(CC4CC4)nc(-c4ncccc4C#N)n3)cc2F)n1,22.46
CC(C)(C)c1onc2c1c(=O)n(Cc1ccc(C#N)cc1)c1ccc(Cl)cc21,32.0
N#Cc1ccc(-c2ccc(-c3nc(-c4ccc(-c5ccc(C#N)cn5)nc4)nc(-c4cnc(Cl)c(NC(=O)Nc5ccc(F)cc5)c4)n3)cc2)nc1,24.79
CCN(CC)CCn1c(-c2ccccc2)cc(=O)nc1SCc1ccc(-c2ccc(C#N)s2)cc1,34.56
N#Cc1ccc(-c2nc(-c3ccc(-c4ccc(C#N)cn4)cc3)nc(-c3ccc(C#N)nc3)n2)cc1,13.09
N#Cc1ccc(-c2ccc(-c3nc(-c4ccc(-c5cccc(C#N)c5)cc4)nc(-c4cnc(-c5ccc(C#N)cn5)c(F)c4)n3)cn2)nc1,13.47
COc1ccnc(C2CCCN2CC(=O)N=c2cc(C(C)C)[nH]c(C)n2)n1,30.95
N#Cc1c(C(F)F)nc(OCc2ccc(F)c(F)c2)nc1N1CCOCC1,28.58
C=CCC12Cc3ccc(O)cc3OC1c1cc3c2c2c4ccccc4n(c3=O)c12,38.27
C=C(C)c1cc(C(C#N)=c2ccc(=C(C#N)C#N)cc2)nc(C(C#N)=c2ccc(=C(C#N)C#N)cc2)n1,15.72
C(=NN=c1cnc2ccccc2[nH]1)c1ccncc1,16.2
COc1cccc2nc(-c3nc(-c4ccc(-c5ccc(C#N)cc5)cc4)nc(-c4ccc(-c5ccc(C#N)cn5)nc4)n3)ccc12,19.29
CCOc1cc(=O)n(C)cc1-c1cc(N(C)C(=O)c2c(F)cc(F)cc2F)cnc1Oc1ccc(-c2c[nH]c(=O)c(C#N)c2)cc1,31.67
N#Cc1ccc(-c2nc(-c3cccnc3)cc(-c3cccc(C#N)n3)n2)cc1,16.21
N#Cc1ccc(-c2cc(COCc3ccc(C#N)cc3-c3ccccn3)nc(-c3ccc(C#N)cc3)n2)cc1,17.71
N#Cc1ccc(-c2ccc(-c3nc(-c4ccc(-c5ccc(C#N)c(F)c5)cc4)nc(-c4ccc(F)c(F)c4C#N)n3)cc2)cc1,16.22
N#Cc1ccc(C#Cc2cc(N3Cc4cc5cnc(C#N)cc5cc4C3=O)ncn2)cc1,28.24
CCCC[S+]([O-])c1ccc(C)nc1-c1ccc(Cn2c(=S)[nH]c3cc(C#N)ccc3c2=O)cc1,46.67
N#Cc1ccc(Oc2cccc(C(=NO)N3CCN(C(=O)c4ccc(-c5ccc(OC(F)(F)F)cc5)cc4)CC3)c2)cc1,34.24
CCCCCN1CCC(N=c2c(C#N)c[nH]c3ccc(-c4cc(Cl)c(O)c(Cl)c4)cc23)CC1,25.95
CCc1csc(-c2ccc(-n3nnc(-c4ccc(-c5cccc(-c6ccc(-c7ccc(C#N)cc7)cc6)n5)cc4)n3)cc2)n1,24.09
Nc1ccc2c(c1)C(=O)c1ccc(Nc3cccc(Nc4ccc5c(c4)C(=O)NC5=O)n3)cc1C2=O,11.93
N#Cc1cc(-c2ccc(-c3cc(C#N)c(Oc4ccc(Cl)c(Cl)c4)c(-c4ccccn4)n3)cn2)ccc1F,25.72
N#Cc1ccc(OC(c2ccc(C#N)cc2)C2CCCCN2)cc1,24.4
N#Cc1ccc(-c2ccc(-c3cc(C(F)(F)F)nc(-c4ccc(-c5ccc(C#N)cn5)nc4)n3)cc2)nc1,11.99
O=c1nc(C=Cc2ccccc2)[nH]c2ccccc12,14.73
N#Cc1cccc(-c2cc(C(F)(F)F)c3nc(-c4cccc(C#N)c4)c(C#N)n3c2)c1,25.68
CC1(C)C(=O)C(Nc2ccc3c(c2)CCc2ccc(Nc4ccc(F)cc4)cc2C3=O)CS1(=O)=O,30.48
Cc1cc(=O)n(-c2ccc(-c3nc(-c4ccc(-c5ccc(C#N)cc5)cc4)nc(-c4ccc(F)c(F)c4F)n3)cc2)n1-c1ccc(Cl)cc1,21.74
CC1(c2nc(Cc3ccc(-c4ccc(C#N)cc4)cc3)co2)Cc2ccc(-c3cccc(C#N)c3)cc2C1,31.93
c1ccc(C2(CC3CCCC3)c3ccccc3-c3ncccc32)cc1,23.84
N#Cc1ccc(-c2ccc(-c3nc(-c4ccc(-c5ccc(C(F)(F)F)c(C#N)c5)cc4)nc(-c4ccc(-c5ccc(C#N)cn5)nc4)n3)cn2)nc1,12.35
N#Cc1ccc(-c2ccc3nc(C(=O)NC(CO)c4ccc(C#N)cc4)nn3c2)cc1,26.97
N#Cc1cccc(-c2ccc(-c3cc4c([nH]c5ccccc54)c(C#N)n3)cn2)n1,21.24
N#Cc1ccc(-c2ccc(-c3cc(-c4ccc(-c5ccc6c(c5)CCN6C(=O)c5ccc(Cl)cc5)c(C#N)n4)nc(-c4ccc(C#N)cc4)n3)cc2)cc1,30.91
N=C(N)NCc1cccc(-c2cc(-c3ccc(C(=N)N)cc3)no2)n1,28.22
Cc1cc(-c2nc(C(F)(F)F)c[nH]2)ncc1-c1nccc(C=CC#N)n1,18.7
O=C1NC(=S)SC1=Cc1cccc(Cl)c1,18.11
Cc1ccc(C#N)c(=Nc2ccc(Cl)cc2)[nH]1,14.75
N#Cc1ccc(Cn2c(CO)nc3ccccc32)cc1,21.1
N#Cc1ccccc1Oc1ccc([N+](=O)[O-])cc1,17.18
COC(=O)CCC(=Nc1cc(O)c2c(O)cc(Br)cc2c1O)C(=O)O,33.45
N#Cc1ccc(-c2ccc(CS(=O)(=O)C(C(=O)NCCS(N)(=O)=O)c3nc4cc(F)c(F)cc4s3)cc2)cc1F,30.24
N#Cc1ccc(C=Nc2cc(Nc3ccccc3C#N)c(N)cc2O)cc1,15.84
N#Cc1cccc(-c2nc(C#N)nc(-c3ccc(C#CC4(O)CCCC4)nc3)n2)n1,20.57
CC(C)N1CCN(Cc2cn(-c3ccc(F)cc3F)nc2-c2ccc(-c3ccc(C#N)cc3)cc2)CC1,22.39
NS(=O)(=O)c1ccc(-c2ccc(OCc3ccccc3)nn2)cc1,33.12
Cc1cc(C=CC(=O)O)nc(-c2ccc(-c3ccc(F)cc3C#N)cc2)c1,29.95
Cc1ccc(-c2ccc(-c3nc(CC(F)(F)F)nc(-c4cccc(C#N)n4)n3)cc2)cc1,25.18
COCCN(C)C1CCN(c2ccc(N=c3nc(-c4ccc(C#N)cc4)cc[nH]3)cc2)CC1,26.03
N#Cc1ccc(-c2ccc(-c3nc(-c4ccc(-c5ccc(C#N)cn5)nc4)nc(-c4cc(-c5ccc(C=Nc6cccc(C#N)c6)cc5)nc(-c5ccc(C6=NCCCN6)cc5)n4)n3)cc2)nc1,19.46
N#Cc1ccc(-c2ccc(-c3cc(-c4ccccc4)nc(-c4ccc(C=Nc5ccc6c(c5)C(=O)c5ccc(N)cc5C6=O)cc4)n3)cc2)cc1,21.7
N#Cc1ccccc1,9.06
C=Cc1ccc(-c2ccc(COC(=O)C=Cc3nc(C(C)OCC4=CCC5(CC4=CC=C(C)CCC=C(C)C)OC5=O)ccc3OC(C)=O)cc2)cc1,60.18
N#Cc1cccc(-c2nc(=NCCCN3CCC(C#N)(c4ccccc4)CC3)c(C(=O)NCc3ccccn3)c[nH]2)n1,32.05
CC(=O)c1cccc(NC(=O)c2c(C)nc(N3CCOCC3)nc2NCc2ccc(F)cc2)c1,27.1
COc1cc(-c2cccc(F)c2)ccc1-c1cc(=O)n(-c2cccc(C#N)c2)c2c(F)cccc12,23.69
CNC(=O)C1CCN(c2ncc(-c3cc[nH]c(=Nc4ccnc(-c5cccnc5)c4)n3)cc2C#N)CC1,34.58
O=C(NCc1ccccn1)c1cc(-c2ccc(-c3nc(Cl)nc(Cl)n3)cc2)cc(-c2cc(-c3nccs3)ccn2)n1,36.66
Cc1ccc(Nc2nc(Nc3ccc4c(c3)ncn4C(C)C)nc(-n3cc(C(=O)NCCO)cn3)n2)cc1,39.91
Cn1c(C#N)ccc1-c1nc(-c2ccc(-c3ccc(C#N)cc3)cc2)nc(-c2ccc(-c3ccc(C#N)cn3)nc2)n1,13.36
CC(C)c1ccc(-c2nc(-c3ccc(-c4nc(Cl)nc(Cl)n4)cc3)oc2-c2ccccc2)cc1,22.72
N#Cc1ccc(-c2cc(-[n+]3cnn(-c4ccc(C#N)cc4)c3)nc(-[n+]3ccc(-c4ccncc4)cc3)n2)cc1,15.85
N#Cc1ccc(-c2csc(N=Cc3ccccn3)n2)cc1,12.66
Cc1[nH]c(=N)c(-c2ccc(-c3nc(Cl)nc(Cl)n3)cc2)nc1-c1ccc(-c2ccc(C#N)cc2)cc1,19.71
CN(C)Cc1cccc(-c2ccc3c(C#N)c(-c4ccc5cc(-c6cncc(NS(C)(=O)=O)c6)ccc5c4)cnc3c2)c1,41.03
Cn1c(-c2c3ccccc3c(C#N)c3ccccc23)nc(-c2ccc(C#N)cc2)c1-c1cccc2ccccc12,16.57
N#Cc1ccc(-c2ccc3cc(C(=O)c4cccc(-c5cncc(C#N)c5)n4)[nH]c3c2)cc1,24.78
N#Cc1ccc(-c2ccc(-c3cc(-c4ccc(C(=O)NC5CC5)s4)nc(-c4ccncc4)n3)nc2)nc1,34.3
N#Cc1cncc(-c2nc(=N)[nH]c(N)c2C#N)c1,15.94
N#Cc1cncc(-c2ccc(-c3nc4cc(Cl)ccc4[nH]3)cc2)c1,19.05
COc1ccc(CC(C#N)C(=O)N=Cc2cccc(F)c2)cc1,25.82
N#Cc1ccc(-n2nccn2)c(C(=O)N2CCC2c2noc(-c3cccs3)n2)c1,23.93
CC1(C)CN(CC(F)(F)F)C(=O)c2c(nc(N3CC4CC3CO4)nc2-c2cc(C#N)cnc2C#N)O1,29.02
N#Cc1ccc(-c2ccc(-c3nc(-c4ccc(-c5c(F)ccc(F)c5F)cc4)nc(-c4cccnc4)n3)cn2)nc1,20.0
O=C(CCC(=O)N(CC(=O)NC1CCCCC1)Cc1ccc(F)cc1)N=c1cccc[nH]1,25.24
Cn1cncc1CN(c1cccc(C=CC#N)c1)c1ccc(C#N)c(C(F)(F)F)c1,24.24
N#Cc1ccccc(-c2c[nH]c(=NCc3ccccc3)o2)c1=Nc1ccc2[nH]ccc2c1,27.55
COc1cc(-c2c[nH]c(C#N)nc2=NC2CCCCC2)ccc1-n1cnc(C)c1,25.39
CN(Cc1ccccn1)C1CN(C(=O)N2CCC(NCC3CCC(O)c4ncc(C#N)cc43)C2)CC1(C)C,38.09
O=c1nc(-c2ccccc2-c2ccc(Cc3nn[nH]n3)c(OCCc3ccccc3)n2)[nH]o1,30.15
Cc1cc(C=CC#N)nc(-c2nc(-c3ccc(C#N)cc3)nc(-c3cccc(C#N)n3)n2)n1,18.06
N#Cc1ccc(-c2ncc(-c3ccc(C=Nc4cc(Nc5ccc(N=CC6NCCN6)cc5)c(N)cc4O)cc3)o2)cc1,18.91
N#Cc1ccc(-c2ccc(-c3nc(Cc4ccccn4)nc(-c4ccccc4F)n3)cc2)cc1,20.34
N#Cc1cccc(-c2cc(-c3cccc(N=CN4CCN(C=O)CC4)n3)nc(-c3ccc(-c4nc(Cl)ncc4N=c4nc(C(F)(F)F)cc[nH]4)cc3)n2)n1,29.07
COC(=O)c1cc2ccc(C#N)cc2c(O)c1Cc1ccc(-c2ccc(C#N)cc2)cc1,33.13
N#Cc1cccc(-c2cc3cc(-c4nc(=N)[nH]cc4C#N)ccc3cn2)c1,26.69
N#Cc1cccc(-c2nccc(-c3ccc4c(c3)CN3CCOc5cc(N6CCN(S(=O)(=O)c7ccc(-c8cccnc8)cc7)CC6)ccc5C3C4)n2)c1,40.54
N#Cc1c(C=Nc2cccc([N+](=O)[O-])c2)[nH]c2nc(-c3ccco3)nn2c1=N,26.91
CCN(CC)Cc1ncc(Cn2cc(C(=O)C(=O)Nc3ccc(C)c(C)c3)c3cccn3c2=O)n1C,44.68
CCN1CC2c3c(c(O)n(CC)c3O)C(Cc3ccc(-c4ccc(C(F)(F)F)cc4)cc3)(C(=O)OC)N2C1=NCc1ccccc1,29.42
CSc1ccc(C#N)cc1,14.09
N#Cc1cccc(-c2nc(Nc3ccc4c(c3)C(=O)c3ccc(N)cc3C4=O)nc(-c3ccc(N)c(C#N)n3)n2)n1,15.33
N#Cc1ccc(C=Cc2ccc(-c3ccc(-c4nc(-c5ccc(-c6ccc(C#N)cn6)nc5)nc(-c5ccc(-c6ccc(C#N)cn6)nc5)n4)cc3)cc2)cc1,13.66
Cc1cc(-c2ccc(CNC(=O)n3ccc4cc(C#N)cnc43)cc2)ccn1,25.78
O=C(COc1ccc2c(c1)CCC2)NCc1cccc(Br)c1,28.41
N#Cc1cncc(-c2cc(-c3cncc(C4CCC(F)(F)CC4)n3)nc(-c3cnc(C4CC4)nc3)n2)c1,29.43
Cc1ccnc(CSc2cc(-c3ccncc3)nc(-c3ccc(C#N)cc3)n2)c1,28.21
N#Cc1ccc(-c2ccc(-c3nc(N=Cc4ccccc4F)nc(-c4ccc(-c5ccc(C#N)cn5)nc4)n3)cc2)cc1,17.22
O=c1c(-c2ccc(-c3ccc(C=Nc4ccc(S(=O)(=O)O)cc4)cc3)cc2)n[nH]c(=S)n1N=CC=Cc1ccccc1,30.93
N#Cc1ccc(-c2ccc(-c3nc(-c4ccc(-c5ncccc5Br)cc4)cc(-c4ccc(-c5nc(Cl)nc(Cl)n5)c(F)c4)n3)cc2)nc1,27.0
CCCn1ccc(C(c2c(O)n(C)c(C)cc2=O)c2n[nH]c(C3CCCCC3)nc2=O)c1C,39.78
O=Cc1cccc(CC=NO)n1,20.47
N#Cc1ccc(-c2ccc(-c3nc(-c4ccc(-c5ccc(C#N)cn5)nc4)nc(-c4ccccc4[N+](=O)[O-])n3)cc2)cc1,15.61
N#Cc1ccc(-c2nc(-c3ccc(N4CCN(c5ncccn5)CC4)c([N+](=O)[O-])c3)nc(-c3c(F)c(F)c(C#N)c(F)c3F)n2)cc1,26.16
COc1nn(C)c2c1C(c1ccc(Br)s1)C(C#N)C(=N)N2,34.42
N#Cc1ccc(C=NNC(=O)c2cn(C3CC3)c3ccc(F)cc3c2=O)cc1,23.34
N#Cc1ccc(-c2ccc(-c3cc(-c4ccc(OCc5cc(-c6ccc(F)cc6)c6cnc(-c7cncc(C#N)c7)cc6n5)cc4)[nH]c(=N)c3C#N)cc2)nc1,29.04
Cc1cc(C#N)ccc1Oc1cc(-c2ccc(C#N)cn2)nc(-c2ccc(C#N)cc2)n1,21.33
N#CC(=Cc1cccc2c(Cl)cc(Cl)cc12)c1nc(-c2ccc(C#N)cc2)cs1,26.35
N#CC=Cc1cccnc1,11.87
N#Cc1c2ccccc2c(-c2nc(-c3cccc4ccccc34)nc(-c3c4ccccc4c(C#N)c4ccccc34)n2)c2ccccc12,10.66
Cc1ccc(-n2nc(C=NNC(=O)c3ccc(C#N)cc3)cc2C)cc1,21.1
CC1COCCN1c1nc(-c2cncc(C#N)c2)nc(-c2ccc(C#N)cn2)n1,14.0
N#Cc1ccc(-c2ccc(-c3nc(-c4cccc(C#N)c4)cc(-c4cccc(C#N)n4)n3)cc2)nc1,14.06
C=CC(=O)N1CCN(c2ncc(-c3ccnc(C#N)c3)cn2)C(CN2CCCC2)C1,34.22
N#CCC(=O)N1CCC(c2cc(-c3ccc(-c4ccc(C#N)cn4)cc3)nc(C#N)n2)CC1,18.64
Cc1nc(-c2cncc(C#N)c2)cc(=Nc2ccc(-c3nc4cccc(N5CCN(C)CC5)c4[nH]3)cc2)[nH]1,29.69
N#Cc1ccc(-c2ccc(C=Cc3ncc(C#N)c(-c4ccccn4)n3)cn2)nc1,21.94
N#Cc1ccc(-c2nn(-c3ccccc3)cc2C=CC(=O)c2ccc(Cl)cc2)cc1,17.64
N#Cc1ccc(-c2ccc(-c3nc(CC4CC4)c(-c4ccc(C#N)cc4)c(-c4ccc(-c5ccc(C#N)cc5)cc4)n3)cc2)cc1,20.32
CC(C)(C)c1ccc(Cn2ccc(=NC=CN=Nc3ccc4c(c3)OCO4)cc2)cc1,34.12
N#Cc1ccc(-c2ccc(-c3nc(-c4ccc(-c5ccc(C#N)cn5)nc4)nc(-c4ccc(-c5cc(Cl)cc(Cl)c5)c(C#N)c4)n3)cn2)nc1,9.8
Cc1ccc(-c2nc(-c3ccc(C#N)cc3)ncc2C(=O)NN=Cc2ccc(C(=O)O)cc2)cc1,19.6
CC(=O)Nc1ccc(Sc2ccc(C=CC(=O)NCCN=c3cc[nH]c4cc(Cl)ccc34)cc2)cc1,28.3
N#Cc1ccc(-c2nc(-c3ccc(-c4ccc(C#N)cn4)nc3)nc(-c3cccc(C#N)n3)n2)cc1,9.88
N#Cc1cccc(-c2ccc(-c3ccc(-c4nc(Cl)nc(Cl)n4)nc3)cc2)c1,10.77
CC(C(=O)Nc1cccc2c(S(=O)(=O)c3ccc(C#N)cc3)cccc12)(c1ccc(C(=O)Nc2ccccc2N)cc1)c1cccc(C#N)c1,45.51
N#Cc1ccc(-c2ccc(-c3cc(-c4ccc(-c5cccc(C#N)n5)cc4)cc(-c4ccc(-c5cc(F)nc(Cl)n5)cc4)c3)cc2)nc1,18.49
N#Cc1ccc(-c2ccc(-c3nc(-c4ccncc4)nc(-c4ccc(-c5cccc(C#N)c5)cc4)n3)cn2)nc1,11.82
CNCC1OC(=O)N2c3cc(-c4ccc(-c5ncc(C#N)cn5)cc4)ccc3OCC12,27.78
N#Cc1cncc(-c2c[nH]n3c(=O)cc(-c4ccc(C(=O)NC5CC5)cc4)nc23)c1,30.59
N#Cc1ccc(CNc2ccc3c(c2)C(=O)c2cc(N)ccc2CO3)cc1,18.12
N#Cc1ccc(-c2ccc(-c3cccc(Nc4ccc5c(c4)C(=O)c4ccc(N)cc4C5=O)n3)nc2)cc1,13.55
N#Cc1cccc(C=Cc2ccc(C#N)c(F)c2)n1,20.14
N=c1[nH]cnc2c1ncn2C1OC(CO)C(=CF)C1O,23.56
COc1nc(-c2ccc(C#N)cc2F)c(C#N)c(C)c1C=Cc1cc(Cl)ncn1,32.96
N#Cc1ccc(-c2ccc(-c3nc(-c4ccc(-c5cccc(C#N)n5)cc4)nc(-c4cccc(C#N)n4)n3)cn2)nc1,11.53
Cc1nc2ccc(Nc3nc(Nc4ccc5c(c4)C(=O)c4ccc(N)cc4C5=O)nc(Nc4ccc5c(c4)C(=O)c4ccc(N)cc4C5=O)n3)cc2n1C,11.37
COCCN(C(=O)c1cccc(-n2cnnc2)c1)c1c(N)n(Cc2ccccc2)c(=O)[nH]c1=O,22.01
CC(C)(C)n1c(C#N)cc2cc(F)ccc21,21.48
CCCOc1ccc(-c2cc(C(=O)NN=Cc3ccncc3)c3ccccc3n2)cc1,21.55
CC(NC(=O)c1cccc(-n2nc(C(F)(F)F)cc2-c2ccc(-c3ccc(C#N)cn3)cc2)c1)C(N)=O,23.07
CCCOC(=O)c1noc(-c2ccc(N(C)C)cc2)n1,20.79
N#Cc1ccc(-c2ccc3c(O)c(C(=O)NCCN)nc(C#N)c3c2)cc1,19.79
N#Cc1cccc(-c2ccc(-c3nc4c(Cl)c(Cl)cc(Cl)c4n3Cc3ccccn3)cn2)c1,33.41
Clc1ccc2c(c1)Sc1ccc(Cl)cc1N2C#CCN1c2ccccc2Nc2cccnc21,32.14
N#Cc1ccc(-c2ccc(CNC(=O)c3ccc4nc(-c5ccc(-c6ccc(C#N)cn6)cc5)cn4n3)cc2)cc1,23.65
CC(C)C1COC(=O)N1c1ccnc2cc(N=c3cc(-c4ccc(C#CC(C#N)(C#N)C#N)cc4)[nH]c(=N)[nH]3)ccc12,50.53
Nc1ccc2c(c1)C(=O)c1ccc(N=Cc3ccccn3)cc1C2=O,11.46
N#Cc1ccc(-c2ccc(-c3nc(-c4ccc(-c5nc(Cl)nc(Cl)n5)cc4)nc(-c4cccnn4)n3)cn2)nc1,17.65
COc1ccc(-c2[nH]c(=Nc3cc(C)c(N4C(=O)c5ccc(C#N)cc5C4=O)cc3F)cnc2C#N)cc1,38.09
CC(=O)c1c[nH]c2ccc(N=c3cc(-c4ccc(C#N)cc4)nc(-c4ccncc4)[nH]3)cc12,28.76
CC(C)(C)NC(=O)Nc1cc(-c2ccc(C#N)cn2)cn2c(-c3ccc(C#N)cc3)cnc12,23.46
N#Cc1ccc(C=CC(=O)N2CCN(c3nc(-c4ccc(-c5ccc(C#N)cc5)cc4)c4cc(C#N)c(C#N)nc4n3)CC2)cc1,29.11
Cc1nc(=N)nc(-n2c(N)c(C#N)c(=O)c3ccc(N4CCN(CC#N)CC4)cc32)[nH]1,31.52
N#Cc1ccc(Nc2cncc(Nc3ccc4c(c3)C(=O)c3ccc(N)cc3C4=O)n2)cc1,8.87
CCn1ccn2c(=O)cc(CNNC(=O)c3ccccc3OC)nc12,34.67
N#CC=Cc1ncnc2c1nc(-c1ccc(C#N)cc1)n2-c1ccc(C#N)cc1,20.65
N#Cc1ccc(C=NN2CCN(c3ccc(C#N)cc3)CC2)cc1,18.49
COc1ccc(-c2nc3ncccn3c(=O)c2C=C2C(=O)c3ccccc3C2=O)cc1,27.01
CC(C)c1noc(-c2ccc(N=c3ncc(C(F)(F)F)c[nH]3)cc2)n1,23.54
Cn1c(=O)c2c(-c3ccc(C#N)cc3)nc(C=Cc3ccc(Oc4ccc(C#N)cn4)cc3)nc2n(C)c1=O,30.58
O=CN1CCN(C=Nc2nc(N=CN3Cc4ccccc4C3)nc(N3CCc4ccccc4C3)n2)CC1,19.52
N#Cc1cccc(-c2ccc(C3(OCc4ccccc4)C4CC5CC3OC(C4)C5O)cc2)c1,27.51
N#Cc1cccc(-c2ccc(-c3ccc(-c4nc(Cl)nc(Cl)n4)cn3)cc2)c1,9.92
N#Cc1ccc(-c2cc(-c3cncc(C#N)c3)nc(-c3ccc(C#N)cn3)n2)cc1,16.94
N#Cc1cncc(-c2nc(-c3[nH]nc4cc(-c5ccnnc5)ccc34)nc(C3CC3)n2)c1,22.34
Cn1c(-c2ccc(C=Nn3cc(O)[nH]c3=O)nc2)nc(-c2ccccn2)cc1=O,24.47
N#Cc1ccc(-c2cc(-c3ccc(-c4ncn(-c5cc(-[n+]6ccc(-c7ccncc7)cc6)nc(-[n+]6ccc(-c7ccncc7)cc6)n5)n4)cc3)cc(-c3ccc(C#N)nc3)n2)cc1,23.96
N#Cc1ccc(-c2nc(=NC(=O)c3ccc(F)cc3)c(C#N)c(-c3ccc(Oc4ccccc4Cl)cc3)[nH]2)cc1,27.3
C=C(c1ccc(-c2cc(F)cc(-c3c(F)cc(C(O)C(=O)NS(C)(=O)=O)cc3C#N)c2F)cn1)C(F)(F)F,50.41
N#Cc1ccc(-c2cc(=O)c3cc(OCc4ccc(Cl)cc4)ccc3o2)cc1,22.18
Cn1c(O)cc2cc(CNCCc3ccc(NC(=O)Nc4ccccc4)cc3)ccc21,32.17
COC=c1c(C(=O)N2CCOCC2)cnc(Cl)c1=Cc1c(-c2cc(C(C)C)c(O)cc2O)nc2cc(C=CC(=O)O)ccc2c1OC(C)=O,52.83
Cc1[nH]c(=Nc2nc(-c3ccc(Br)cc3)cs2)sc1C(=O)C=Cc1ccc(Cl)cc1,24.5
Cc1cccc(-n2[nH]c(C(C)(C)C)cc2=NC(=O)c2ccc(-c3ccc4[nH]c(=O)ccc4c3)cc2)c1,32.59
N#Cc1ccc(-c2ccc(-c3nc(-c4ccc(-c5ccc(C#N)cn5)nc4)nc(-c4c(F)c(F)c(C#N)c(F)c4F)n3)cn2)nc1,11.46
CN1CCC(Oc2cc(NCc3ccc(C(O)=NO)cc3)c3ccc(=O)n(C)c3c2)C1,38.44
Nc1ccc2c(c1)C(=O)c1ccc(Nc3nc(Nc4ccc5c(c4)CCC5=O)nc(Nc4ccc5c(c4)C(=O)c4ccc(N)cc4C5=O)n3)cc1C2=O,7.06
COc1ccc(-n2cc(-c3ccc(-c4ccc(C#N)cn4)nc3)nc2C=Cc2ccc(C#N)cc2)cc1,21.52
Cc1nc(-c2ccc(-c3nc(Cl)ncc3C#N)cc2)ncc1C=Cc1ccccc1,20.48
N#Cc1ccnc(-c2ccc(-c3nc(C#N)nc4nc(C(F)F)n(CC(F)(F)F)c34)cc2)c1,30.59
N#Cc1ccc(-c2ccc(-c3nc(-c4ccc(-c5ccc(C#N)cn5)nc4)nc(-c4nccnc4Cl)n3)cc2)nc1,11.39
CC1=Nc2cc(-c3ccccc3)nn2C(c2csc(C)n2)C1C(=O)Nc1ccccc1Br,37.1
N#Cc1cc(CNC2CC2c2ccccc2)cc2c1OCO2,25.78
Cc1noc(-c2ccc(-c3nc(-c4ccc(C#CN=c5[nH]c6ccc(C#N)cc6[nH]5)cn4)nc(-c4c(C#N)c(C(F)(F)F)nn4C)n3)cc2)n1,43.46
N#Cc1cc(NC(=O)Cc2ccc(-c3cccc(Cl)c3)cn2)cc(-n2ccc(C(F)(F)F)n2)c1,39.46
Nn1c(-c2cccnc2)nnc1S(=O)(=O)Cc1ccc(Cl)cc1,22.82
N#Cc1ccc(-c2ccc(-c3nc(-c4ccncc4)nc(-c4ccc(-c5ccc(C#N)cc5F)cc4)n3)cn2)nc1,17.67
N#Cc1ccc(-c2ccc(-c3cccc(N(OCc4ccc(C(F)(F)F)cc4)C(=O)c4ccc5ncccc5c4)n3)cc2)nc1,33.35
COc1ccc2[nH]c3cc(Cl)ccc3c(=Nc3ccc(Cl)c(Cl)c3)c2c1,22.41
Nc1ccc2c(c1)C(=O)c1ccc(Nc3nc(Nc4ccc5c(c4)C(=O)c4ccc(N)cc4C5=O)nc(Nc4ccc5[nH]c(=O)ccc5c4)n3)cc1C2=O,12.16
Cc1[nH]c(=S)n(Nc2cccc(C(F)(F)F)c2)c1-c1ccc(Br)cc1,25.93
N#Cc1ccc(-c2ccc(C=NNC(=O)c3ccc(-c4nc(-c5ccc(C#N)cc5)nc(-c5ccc(C#N)cc5)n4)cc3)cc2)cc1,16.07
CC1=NC(CCc2ccccc2Cl)=NC(c2ccco2)C1C(=O)Nc1ccc2[nH]ncc2c1,34.69
CCOC(=O)C(=O)Nc1cc(C#N)cc(NC(=S)SSC(=S)N2CCN(c3ccc(C#N)cc3)CC2)c1,35.33
Cn1ncc(-c2nc(C#N)c(C#N)[nH]2)c1-c1cccc(C#N)n1,19.49
N#Cc1ccc(-c2nc(-c3ccc(-c4ccc(-c5ccc(C#N)cc5)c(C#N)c4)nc3)nc(-c3ccccn3)n2)cc1,20.44
N#Cc1ccc(-c2cc(C#N)cnc2-c2ccc(C#N)cc2)cc1,9.19
N#Cc1ccc(Cn2c(N=Cc3ccc4c(c3)OCO4)nc3ccccc32)cc1,20.46
N#Cc1cccc(-c2ccc(-c3cc(N)c(C#N)cc3C(F)(F)F)cn2)n1,26.12
N#Cc1nc(Cc2ccc(C(=O)N=c3ccn(C4CCC(CO)O4)c(=O)[nH]3)cc2)[nH]c1N,31.98
Cc1cnc(-c2ccc(C#N)cc2)nc1CSc1nc(=N)c(C#N)c(-c2ccc(C#N)cc2)[nH]1,20.32
N#Cc1ccc(-c2nc(-c3ccc(-c4cccc(C#N)c4)cc3)nc(-c3ccc(-c4ccc(C#N)cn4)nc3)n2)cc1,9.01
Nc1ccc2c(c1)C(=O)c1ccc(Nc3cc(Nc4ccc5c(c4)CCCNC5=O)nc(Nc4ccc5c(c4)C(=O)c4ccc(N)cc4C5=O)n3)cc1C2=O,9.32
O=C(O)CCC(NC(=O)c1cc(-c2ccc(NC(=O)c3ccncc3)cc2)nc(-c2cccnc2)n1)C(=O)N1CCNCC1,33.19
CCc1nc(-c2ccc(OC(C)C)c(C#N)c2)ccc1-c1nc(Cl)c(C)c(-c2ccc(C#N)cc2)n1,18.98
CC(=O)NCc1ccc(-c2nc(-c3ccc(-c4ccc(C#N)nc4)nc3)nc(-c3ccc(N(C)C)cn3)n2)c(F)c1F,27.19
N#Cc1ccc(-c2ccc(-c3nc(-c4ccc(-c5ccc(F)c(C#N)c5)nc4)nc(-c4ccc(-c5ccc(C#N)cn5)nc4)n3)cn2)cc1,11.73
N#Cc1ccc(-c2ccc(-c3nc4ccccc4c(=NCc4ccccn4)[nH]3)cc2)cc1,23.5
CC1(C)CCN(c2nc(C(F)(F)F)ccc2CNC(=O)c2nc(-c3cccc(C#N)n3)c[nH]c2=N)CC1,28.5
CN(c1ccccc1)c1cccc(C=CC#N)n1,16.29
COc1ccc(-c2cc(-c3ccc(-c4cccc(C#N)n4)cc3)nc(-c3ccc(-c4ccc(C#N)cn4)nc3)n2)cn1,16.38
N#Cc1ccc(-c2ccc(C#Cc3cnc(=N)[nH]c3)cc2C#N)cc1,18.72
Cc1nn(-c2ccc(C#N)cc2)nc1-c1nc(-c2ccc(-c3ccc(C#N)cn3)cc2)nc(-c2ccc(OC(C)C)c(C#N)c2)n1,24.22
N#Cc1cc(-n2c(=O)cnc3cc(F)c(N4CCOCC4)cc32)ccc1OC1CCN(C2CCC2)CC1,29.14
N#Cc1ccc(-c2ccc(-c3nc(-c4ccc(-c5ccc(C#N)nc5)cc4)nc(-c4ccc(-c5ccc(C#N)cn5)cc4)n3)cc2)nc1,13.57
CCc1ccc(-c2nn(-c3ccc(C)cc3)cc2CC(=O)O)cc1,23.34
Cc1n[nH]c(=NS(=O)(=O)c2ccc(C#N)cc2)s1,21.74
N#Cc1ccccc1N=CC1NCCN1,14.2
Cc1ccc(-c2nc3ccccc3c(=O)n2N=Cc2ccc(-c3cccc(C(=O)O)c3)nn2)cc1,18.61
N#Cc1ccc(-c2ccc(N3CCC(=Cc4ccccc4)CC3)nn2)nc1,19.85
CNCCC(c1ccccc1)n1c(=O)n(C(=O)c2ccc(-c3ccccc3)cc2)c2cccnc21,31.98
N#Cc1cncc(-c2cc(N3CCOCC3)nc(C#N)n2)c1,12.86
NC(=O)c1nc(C=NO)cn1-c1cc(-[n+]2ccc(-c3ccncc3)cc2)nc(-[n+]2ccc(-c3ccncc3)cc2)n1,17.64
CC(C)(C)c1ccc(-c2nc(-c3ccc(C#N)cc3)nc(-c3cc(C(=O)C(F)(F)F)cnc3CO)n2)cc1,34.99
Cc1nsc2nc(-c3ccc(C#N)cc3)nc(N3CCN(Cc4ccsc4)CC3)c12,22.51
N#Cc1ccc(-c2ccc(-c3cc(-c4ccc(-c5nnc6ccc(N7CCCC7Cn7cccn7)nn56)cc4)nc(-c4ccc(F)cc4)n3)cn2)nc1,39.89
N#CC=Cc1ccc(C=CC#N)nc1,13.75
N#Cc1ccn(-c2ccc(C(=O)Nc3ccc(C#N)c(C#N)c3)cc2)c1,18.0
COc1ncc(-c2ccc3c(c2)oc(=O)n3Cc2cc(C=CC#N)cc(Cl)c2OCc2cnc(-c3ccc(C#N)cc3)c(OC)c2)cn1,52.58
CCOC(=O)c1ncn2c1C(c1ccc(Cl)cc1)Oc1cc(C#CCN3CCN(C)C(=O)C3)ccc1-2,36.35
N#Cc1ccc(-c2ncc(C#N)cc2-c2ccccc2)cc1,11.05
Cc1nn(C(=O)C2CCCCC2)c(C)c1N=Nc1ccc(C#N)cc1,22.69
N#Cc1ccc(-c2ccc(-c3nc(-c4ccccc4)c(C(=O)c4ccc(Cl)cc4)[nH]3)cc2)cc1,19.35
CCN1CCc2ccc(Nc3nc(Nc4ccc5c(c4)C(=O)c4ccc(N)cc4C5=O)nc(Nc4ccc5c(c4)C(=O)c4ccc(O)cc4C5=O)n3)cc2C1,22.94
Cn1c2cc(C#N)cnc2c2nc3c(C#N)cccc3nc21,34.33
Cc1cccc(CC(NC(=O)Cc2ccccc2)C(=O)NC(C=CS(=O)(=O)c2ccccc2)CCc2ccccc2)c1,32.76
N#CC=Cc1cc(C=CC#N)nc(C=CC#N)n1,7.36
Cc1cc(-c2cc(C#N)cnc2-c2ccc(CN3CCN(CC4CCCN(C)C4)CC3)c(F)c2)nc(Cl)n1,31.83
N#Cc1ccc(-c2ccc(-c3nccc(-[n+]4ccc(-c5ccncc5)cc4)n3)cc2)cc1,9.23
N#Cc1ccc(-c2csc3c2-n2cccc2C3=O)cc1,18.34
COc1ccc(Cc2ccc(=O)n(Cc3cccc(F)c3F)n2)cc1OC,27.23
CN(C)C(=O)c1nc(-c2ccc(NC(=O)Nc3ccc(C#N)cc3)cc2)cnc1C#N,23.28
N#Cc1ccc(-c2ccc(-c3nc4cncnc4n3OCc3cc(F)cc(F)c3)cc2)cc1,29.48
Cc1ccc(C)c(N=Nc2c(Cl)cccc2Cl)c1,22.76
CCCOC(=O)C=Cc1c[nH]c2ccc(-c3cc(-c4cccc(C#N)n4)nc(C4CC4)n3)cc12,32.63
Cc1csc(-c2ccc3c(c2)c(-c2cccc(C#N)c2)nn3C(C)C)n1,24.74
Cc1nc(-c2ccc(-c3ccc(-c4n[nH]c(Cc5cccc(-c6ccc(C#N)cc6)c5)n4)cc3)cc2)no1,26.29
Nc1ccc2c(c1)C(=O)c1ccc(Nc3nc(Nc4ccc5c(c4)C(=O)c4ccc(N)cc4C5=O)nc(Nc4ccc5c(=O)[nH]c6ccccc6c(=O)c5c4)n3)cc1C2=O,12.13
Cn1nccc1C(=O)C(C#N)c1nc(-c2ccc(C#N)cc2)cs1,22.75
CCCN(CCC)c1nc(=Nc2ccc(-c3cnc(C#N)nc3)c(OC)c2)[nH]cc1[S+](C)[O-],33.79
NC(=NC1CCCC1)c1ccc(-c2noc(-c3ccc(C(=NC4CCCCC4)c4ccccc4)cc3)n2)cc1,26.72
CC1(c2cccc(C#N)c2)Oc2ccc(-c3ccc(C#N)cn3)cc21,26.49
N#Cc1cncc(-c2c[nH]c(C(CC3CC3)=NC(=O)c3ccccc3)n2)c1,29.06
N#Cc1ccc(-c2ccc(-c3nc(-c4ccc(C#N)nc4)nc(-c4ccc(-c5ccc(C#N)cn5)nc4)n3)cc2)cc1,7.2
N#CC(=CC=Cc1ccccc1)c1c(N)n(Cc2ccccc2)c(=O)[nH]c1=O,31.07
N#Cc1ccc(-c2ccc(-c3nc(-c4ccc(C#N)cc4)nc(-c4ccc(N=C5C(=O)Nc6ccc(F)cc65)cc4)n3)cc2)cc1,18.51
N#Cc1ccc(-c2nc(-c3ccc(C#N)cc3)nc(-c3ccc(-n4nnc(-c5cccnc5)n4)cc3)n2)cc1,18.96
CC(C)(C#N)c1ccc(-c2nc(-c3c[nH]c4ccc(-c5cccc(CC(=O)O)n5)cc34)nc(-c3c[nH]c4ncc(F)cc34)n2)cc1,26.22
O=C(OCCO)C1C(C#Cc2ccccc2)CC2CCC1N2Cc1ccco1,33.06
N#Cc1cc(F)cc(N=c2nc(Cl)[nH]c(Cl)n2)c1,17.15
N#Cc1ccc(-c2ccc(-c3nc(-c4ccc(-c5cccc(C#N)n5)cc4)nc(-c4ccc(-c5ccc(C#N)cn5)nc4)n3)cc2)nc1,13.48
N#Cc1ccc(-c2nc(C#N)c(C#N)nc2-c2nc(-c3cccc(C#N)n3)nc(N3CCOCC3)n2)cc1,12.22
N#Cc1ccc(-c2ccc(-c3nccc(-c4cc(-c5nc(-c6ccc(-c7ccc(C#N)cn7)cc6)nc(-c6c(F)c(F)c(C#N)c(F)c6F)n5)ccc4Cl)n3)cc2)nc1,27.08
N#Cc1ccc(-c2[nH]c3ccccc3c2-c2nc(-c3c4ccccc4c(C#N)c4ccccc34)n(Cc3ccccc3)c2-c2ccccc2)cc1,28.99
Cc1nc2ncnn2c2c1CCc1ccccc1-2,21.24
Cc1ncc(C)n2nc(-c3ccc(-c4ccc(C#N)cc4)cc3)nc12,17.77
N#Cc1ccc(-n2cnc(=O)cn2)cc1C#N,17.73
N#Cc1ccc(-c2ccc(-c3nc(-c4ccc(-c5ccc(C#N)nc5)nc4)nc(-c4ccc(-c5ccc(C#N)cn5)nc4)n3)cn2)nc1,9.38
N#CCc1cccc(-c2cn3ccnc3c(=Nc3cccc(C#N)c3)[nH]2)c1,27.09
N#Cc1ccccc1-c1cc(F)cc2c1OC(CNS(=O)(=O)C1CCC1)C2,27.79
N#CC=Cn1ncc(-c2cc(Cl)c(F)cc2F)n1,26.68
COCCN1CC2COCC2(C(=O)NCc2ccccn2)C1,26.83
N#CC(C#N)=c1ccc(=C(C#N)c2nc(Cl)nc(C(C#N)=c3ccc(=C(C#N)C#N)cc3)n2)cc1,12.35
N#Cc1ccc(-c2ccc(-c3nc(-c4ccc(-c5ncc(C#N)cn5)cc4)nc(-c4ccc(-c5ccc(C#N)cn5)nc4)n3)cn2)nc1,12.34
N#Cc1ccc(C(=O)COc2cccc3ccc(C#N)cc23)cc1,22.32
Cc1cc(Cl)ccc1Oc1cc(=Nc2ccc(C#N)cc2)[nH]c(=Nc2ccc(C#N)cc2)[nH]1,19.95
N#Cc1ccc(-c2ccc(-c3nc(-c4ccc(-c5ccc(C#N)cn5)cc4)nc(-c4cnc(Cl)nc4)n3)cc2)cc1,15.54
CN1C(=O)C(C)(C)c2c(F)cc(CCc3ccc(F)cc3)cc21,27.95
Cc1cc(-c2cccc(C#N)c2)cc[n+]1-c1ccnc(-c2cnc(-c3ccc(-c4nc(Cl)nc(Cl)n4)cc3)nc2-c2ccc(C#N)cc2)n1,33.75
CCCNC(=O)c1cc(CC)nn1C,26.18
N#Cc1ccc(-c2ccc(-c3nc(-c4ccc(-c5ccc(C#N)cc5)cc4)nc(-c4ccc(-c5cccc(C#N)c5)cc4)n3)cc2)cc1,10.79
CCn1c(-c2c(N)c(-c3nc(-c4ccc(C#N)cc4)cs3)c3ccccn23)nc2c(-n3cnc(-c4cc(F)cc(F)c4)c3)cccc21,48.17
CC1(C)CC(=O)C2C(=NC(=O)NC2c2ccc3c(c2)OCO3)C1,18.95
N#Cc1ccc2c(C#N)nn(-c3ccccc3)c2c1,15.78
N#Cc1ccc(-c2ccc(-c3nc(-c4ccc(-c5ccc(C#N)cn5)nc4)nc(-c4cnccn4)n3)cn2)cc1,13.09
N#Cc1cncc(-c2nnc3cc(C#N)ccc3n2)c1,14.08
Nc1c(Cl)cc(N=Nc2ccc(N=Nc3cccc(C(=O)O)c3)cc2)c2c(O)c3ccccc3c(O)c12,37.41
N#Cc1ccc(-c2nc(-c3ccc(-c4ccc(C#N)cn4)nc3)nc(N3CC4CCC(C3)O4)n2)cc1,11.58
CC(C)(C)NC(=O)c1ccc(Cl)cc1,18.36
COCCOc1ccc(-c2ccc(-c3cc(-c4ccc(-c5nc(Cl)nc(Cl)n5)cc4)nc(C#N)n3)cc2)cn1,19.85
N#Cc1ccc(C2=C(c3ccc(C(F)(F)F)nc3)c3ccc(-c4nc(-c5ccc(C#N)cc5)oc4-c4ccc(-c5ccc(C#N)cn5)cc4)cc3C2)cc1,32.04
C=CCN=c1nc(N=c2[nH]cccc2C(N)=O)cc[nH]1,28.21
Cc1cc[n+](C)c(-c2ccc3c(c2)CCc2c(-c4ccc(C#N)cc4)nc(-c4ccc(C#N)cc4)nc2-3)c1,34.88
N#Cc1cccc(-c2nc(-c3cccc(C#N)n3)nc(N3CCCCC(F)(F)C3)n2)n1,12.91
N#Cc1ccc(-c2ccc(-c3nc(C#N)nc(-c4ccc(-c5nc(C#N)co5)c(C#N)c4)n3)nc2)nc1,20.66
CCCN=C1N=c2ccc(N)cc2=C(c2ccccc2)NC1c1ncc[nH]1,29.92
ON=C(O)C=Cc1ccn(-c2ccccc2)n1,19.04
CC(C)N1CCC(OC(=O)c2nc(-c3nc(-c4ccc(C#N)cc4)nc(-c4cccc(C#N)n4)n3)nc3ccccc23)CC1,40.76
CN(c1cccc(F)c1)c1cc(O)n(-c2ccc(F)cc2)c1O,27.27
CN(C)c1ccc(C#N)c(-n2ncn(Cc3ccc(C#N)c(F)c3F)c2=O)c1,20.6
Cn1cnc2c(-n3nc(C#N)c(C#N)n3)ncnc21,19.52
N#Cc1ccc(-c2ccc(-c3nc(-c4ccncc4Cl)cs3)cc2)cc1,21.47
N#Cc1cccc(-c2ccc(-c3nc(-c4cncc(C#N)c4)nc(C(F)(F)F)n3)cc2)c1,13.6
Cn1cc(Cl)cc(NC(=O)c2cc(-c3ccc(C#N)cc3)ncn2)c1=O,21.77
Cc1nc(=N)nc(-c2cc(C(=O)N3CCN(C)CC3)c[nH]c2=Nc2ccc3[nH]c(C)nc3c2)[nH]1,17.84
OCC1OC(n2ncc3c(=NC4CCCC4)nc(Cl)[nH]c32)C(O)C1O,25.76
Cc1cc[nH]c(=NCCc2nc(-c3ccc(C#N)cc3)nc(C3CCNCC3)n2)c1,29.11
N#Cc1c(F)ccc(F)c1F,10.6
Cc1nccc(C2(N=c3nc(-c4cccc(F)c4)[nH]cc3C)CCCCC2)n1,31.1
N#Cc1ccc(-c2nc(-c3cccc(C#N)n3)c(-c3ccc(C#N)cc3)nc2-c2ccc(-c3ccc4c(c3)CCc3cc(O)c(O)cc3-4)c(C(=O)O)c2)cc1,40.0
O=C(c1cccc(-c2ccccc2)n1)N1CCc2ccccc21,21.77
N#Cc1ccc(-c2ccc(-c3nc(-c4ccc(-c5ccc(F)c(C#N)c5)nc4)nc(-c4ccc(C#N)cn4)n3)cn2)nc1,10.59
CN1CCN(c2ccc(NC(=O)c3nccc(-c4cccc(NC(=O)c5ccccc5)c4)n3)cc2)CC1,24.89
CNC(=O)COc1ccc(-c2cccc(-c3nc4cc(C(=N)N)ccc4[nH]3)c2)cc1NC(=N)N,36.1
N#Cc1cncc(C#Cc2cncc(-c3cc(C#N)ncn3)c2)c1,22.65
N#CC=Cc1nc(-c2ccc(-c3ccc(C#N)cn3)nc2)cc(-c2ccc(C#N)cc2)c1C#N,20.62
CN(Cc1ccco1)C(=O)c1nc(-c2nc3ccccc3[nH]2)c2cc(C(N)=O)nc(-c3cncc(C#N)c3)c2n1,37.52
N#Cc1ccc(-c2ccc(-c3cc(C#N)nn3-c3ccc(C#N)c(C#N)c3)cc2)nc1,12.6
CCc1cc(=NCCNCCN(c2ccc(C#N)nc2)c2ccc3cnc(-c4cnn(C)c4)nc3c2)[nH]c(-c2ccc(-c3ccc(C#N)cc3)cc2)n1,40.59
N#Cc1cnc(N=c2ccc(C(=O)NCC3CCC(C#N)CC3)c[nH]2)s1,28.24
N#Cc1ccc(-c2nc3ccc([N+](=O)[O-])cc3s2)cc1,22.59
N#Cc1ccc(S(=O)(=O)N=c2nc(-c3cccc(C#N)n3)nc(-c3ccc(-c4ccc(C#N)nc4)cc3)[nH]2)cc1,23.53
CC1(C)C=Cc2cc(C3=NN(C(=O)C(C)(C)C)C(c4ccc(C#N)cc4)C3)ccc2O1,25.33
CC(=O)c1ccc(-c2noc(CNC(=O)c3ccc4c(c3)C(=O)N(Cc3cccnc3)C4=O)n2)s1,31.12
C=c1c(=Cc2sc(=Nc3ccccc3)n(C3CCCCC3)c2O)cc(C)n1-c1ccc(C#N)cc1,21.07
Cc1ccc(N=c2nc(C(F)(F)F)cc[nH]2)cc1-c1ccc(C(=O)N2CCC(O)(CCc3ccccc3F)CC2)cc1,29.21
N#Cc1cccc(-c2ccc(-c3nnn(-c4ccc5c(c4)C(=O)CC5)n3)cc2)c1,22.01
CN(C)CCCn1cc(C(=O)c2ccc3ccc(C#N)cn23)c(O)c1O,27.46
CC(NC(=O)c1cnn2c(-c3cccc(C(=O)N4CCNCC4)c3)cc(-c3ccc(C#N)cc3)nc12)c1ccc(F)cc1,28.8
Nc1ccc2c(c1)C(=O)c1ccc(Nc3nc(Nc4ccc5c(c4)CCNC5=O)nc(Nc4ccc5c(c4)C(=O)c4ccccc4C5=O)n3)cc1C2=O,11.95
N#Cc1ccc(-c2ccc(-c3nc(-c4ccc(-c5nc(Cl)nc(Cl)n5)cc4)nc(-c4ccn5c(n4)nc4ccccc45)n3)cc2)nc1,25.9
CCC(C(=O)NCCC1=CCCCC1)N(Cc1coc(-c2ccc(Cl)cc2Cl)n1)c1ccc(Cl)cc1,38.1
CCCCCC(=O)OCC(=O)Nc1c(F)c(F)c(C#N)c(F)c1F,22.78
N#Cc1ccc(NC(=O)Nc2ccc(-c3nc(N4CC(F)(F)C4)nc(N4C5CCC4COC5)n3)cc2F)cc1,24.28
N#Cc1ccc(-c2ccc3n[nH]c(-c4nc(C5CCN(C6COC6)CC5)nc(N5CC6CC5CO6)n4)c3c2)cn1,27.89
Cc1cnc(Cl)nc1-c1ccc(N(Cc2ccc(-n3cccn3)cc2)C(=O)CN2CCC(c3ccc(Oc4ccccc4)cc3)CC2)cc1,38.78
COc1cc(-c2nc3cc(C#N)ccc3n2-c2ccc(C#N)cc2)ccc1-n1cnc(C)c1,20.4
N#Cc1cncc(-c2nc(-c3ccc(=N)[nH]c3)nc(C3CC3)n2)c1,19.03
CN(CC=Cc1ccc(-c2ccc(C(F)(F)F)cc2)nc1)Cc1ccc2c(c1)CCCC2,21.97
N#Cc1ccc(-c2ccc(-c3nc(-c4ccc(-c5ccc(C#N)cn5)nc4)nc(-c4ccc(=O)n(-c5ccccc5)n4)n3)cc2)cc1,19.48
Cc1noc(-c2ccc(-c3nc(-c4ccc(-n5cccc5)cc4)nc(-c4ccc(-c5ccc(C#N)cn5)nc4)n3)cc2)n1,19.39
CCCCc1cn(-c2ccc(Oc3ccc(C#N)cc3)cc2)nn1,21.62
CCS(=O)(=O)c1ccc(Oc2ccc(C(F)(F)F)cc2-c2nn(C)c(=O)n(C)c2=O)c(F)c1F,34.71
CC(C)c1nc(-c2ccc(C#N)cc2)nc2c1c(C(F)(F)F)nn2-c1cc(C#N)cc(-c2ccc(C#N)c(C#N)c2)c1,33.66
Clc1ccc2ccc(CNCCCNc3ccncc3Br)c(Cl)c2c1,34.51
COC(O)=c1ccc(=C(C#N)C#N)cc1,13.61
CN(C)C=Nc1nc(N=CN2CCN(C=O)CC2)nc(N=CN2CCN(C=O)CC2)n1,10.29
Cc1csc(-c2ccc(-n3c(O)c(O)c(C(=O)CC(C)C)c3-c3ccc(-c4ccc(C#N)cc4)cc3)cc2)n1,16.57
Cc1nccc(-c2ccc3ccnc(-c4cc(N5CCN(C(=O)CO)CC5)ncn4)c3c2)n1,28.62
O=S(=O)(Nc1cccc(-c2cnc3ncnn3c2Cl)c1F)C1CC1,29.18
N#Cc1ccc(C=NCc2ccc(F)c(F)c2)cc1,22.26
Cc1[nH]c2ccccc2c1-c1nc(-c2c[nH]c3ccc(Br)cc23)nc(-c2c3ccccc3c(C#N)c3ccccc23)n1,14.68
N#Cc1ccc(-c2c(C#N)c3c(O)cccc3n2-c2ccc(-c3ccc(F)cc3)nc2)cc1,32.3
COC1(C)CN(c2nc(-c3cccc(C#N)n3)nc(-c3cccc(C#N)n3)n2)C1,10.72
CCOc1ccccc1N=c1nc(C)[nH]c(N(C#N)CCNC(=O)c2ccccc2)n1,32.76
N#Cc1ccc(-c2ccc(-c3nc(Sc4ccc(NC(=S)NN5CCCCC5)cc4)cc(C(N)=O)n3)cc2)cc1,27.42
[N-]=[N+]=Nc1ccc2[nH]c(-c3ccc(N)cc3)nc2c1,21.02
COn1c(-c2ccc(-c3nc(-c4ccc(-c5ccc(C#N)cc5)cc4)nc(-c4ccc(F)c(F)c4)n3)cc2)nc(Br)c1Br,25.59
NC(=O)c1ccc(-c2cccc3nc(-c4ccccc4-c4ccc(C=Nc5ccc(C(N)=O)cc5N)cc4)cc(O)c23)cc1,33.93
N#Cc1ccc(-c2ccc(-c3nc(-c4ccc(-c5ccc(C#N)cn5)nc4)nc(-c4ccc(-c5ccc(C#N)cn5)nc4)n3)cc2)nc1,8.62
Cc1nc2ccccc2nc1SCc1ccccc1F,23.67
Cc1csc(-c2nc(-c3cnc(C4CC4)nc3)nc(-c3ccc(CC(=O)O)c(F)c3)n2)c1,41.37
N#CC=Cc1nc(C=CC#N)c2ncn(C3OC(CO)C(O)C3O)c2n1,15.31
Cn1cc(NS(=O)(=O)c2ccccc2C(F)(F)F)cc1C(=O)N=c1cc(C(C)(C)C)[nH]n1C,32.01
N#Cc1ccc(C2NC(=O)c3ccccc3S2)cc1,19.96
N#Cc1cccc(Nc2cc(Nc3ccc4c(c3)C(=O)c3ccc(N)cc3C4=O)nc(Nc3ccc4c(c3)C(=O)c3ccc(N)cc3C4=O)n2)c1,8.67
COc1ccc(-c2nc3c(ncn3C(C)C)c(=NCc3ccc(-c4ccccc4)cc3)[nH]2)cc1N,23.18
COc1cc(-c2ccc(-n3ccc(OCc4ccc(C#N)cc4F)c(Br)c3=O)nc2)ccc1N=c1[nH]c(=N)[nH]c(=N)[nH]1,38.08
N#Cc1ccc(-c2ccc(-c3nc(CCc4ccc(F)c(F)c4)nc(-c4ccc(-c5ccc(C#N)cn5)nc4)n3)cc2)cc1,17.17
N#Cc1cncc(-c2nc(-c3cccc(C#N)n3)nc(N3CCC3)n2)c1,12.17
N#Cc1cccc(C(CCc2ccc(-c3ccccc3)cc2)N=C(CCC(=O)NC(Cc2c[nH]cn2)C(=O)O)C(=O)Nc2ccc3ccccc3c2)c1,38.52
N#Cc1c2ccccc2c(-c2nc(-c3c4ccccc4c(C#N)c4ccccc34)nc(-c3c4ccccc4c(C#N)c4cc(Br)ccc34)n2)c2ccccc12,13.64
CN(c1ccccc1Br)S(=O)(=O)c1cccc(C#N)c1,22.27
N#Cc1ccc(-c2nc(-c3ccc(-c4nc(Cl)nc(Cl)n4)nc3)cc(-c3cc(C#N)ccc3O)n2)cc1,19.96
COc1ccc(C=CC(=O)c2ccc(-c3ccccc3)cc2)cc1O,17.82
Cc1ccccc1C=Nc1ccc(N=CCN(CCO)CCO)c2c(O)c3ccccc3c(O)c12,25.11
N#Cc1cccc(-c2cc(-c3ccc(-c4cc(N5CCN(C=O)CC5)nc(=N)[nH]4)cc3)nc(C(=O)NCc3ccncc3)n2)n1,31.3
N#CC=Cc1ccncn1,11.27
CC1CCCN1c1ncc(-c2cc[nH]c(=Nc3cccc(C#N)c3)n2)cc1C#N,16.65
CCNc1ccc(C#Cc2ccc3c(c2)C(C)(C)N(C)O3)cc1,29.88
N#Cc1cccc(C(=O)Nc2cccc(Nc3ccc4c(c3)CCc3cc(N)ccc3C4=O)c2)c1,14.91
N#Cc1cncc(-c2ncnc(C#N)n2)c1,9.07
CN(C)CCN1C(=O)c2ccc(Nc3nc(Nc4ccc5c(c4)C(=O)c4ccc(N)cc4C5=O)nc(Nc4ccc5c(c4)C(=O)c4ccc(N)cc4C5=O)n3)cc2C1=O,10.19
N#Cc1ccc(-c2ccc(-c3cc(-c4ccc(-c5ccc(C#N)cn5)cc4)nc(-c4ccc(-c5ccc(C#N)cc5)cc4)n3)cc2)cc1,10.87
Cc1ccc(C(=NO)NCc2ccco2)c(Oc2cccc3c2CCCC3)n1,22.18
CC1(C)CC(=O)c2c(nc(-c3ccc(-c4ccc(C#N)cc4)cc3)nc2-c2cccc(Cl)c2Cl)C1,26.3
N#Cc1cccc(Cn2c(-c3ccncc3)nc3ccccc32)c1,19.32
CCN1C(=O)CC(=O)Nc2c(-c3ccc(C#N)cc3)nc(-c3ccc(C#N)cc3)nc21,23.49
CC1=Nc2nc(-c3ccccc3)nn2C(c2cccc(F)c2)C1C(=O)Nc1cccnc1,25.19
Cn1c(C#N)ccc1-c1nc(-c2ccc(-c3ccc(C#N)cn3)nc2)nc(-c2ccc(-c3ccc(C#N)cn3)nc2)n1,9.44
N#Cc1ccc(-c2nccc(-c3c(-c4ccc(F)cc4)nc4cc(C#N)ccn34)n2)cc1,20.23
N#Cc1ccc(-c2ccc(-c3nc(-c4ccc(OCc5nc(-c6ccc(C#N)cc6)no5)cc4)cnc3-c3ccc(-c4ccnc(Cl)n4)cc3)cc2)cc1,22.78
CN(C)c1ccc2[nH]c(C(=O)N3CCC(c4cccc(C#N)c4)CC3)cc2n1,22.32
N#Cc1ccc(-c2ccc(-c3nc(-c4ccc(C#N)nc4)nc(-c4ccc(-c5ccc(C#N)cn5)nc4)n3)cn2)cc1,8.68
COCC(N=c1nc(-c2ccc(F)cc2F)[nH]c(C)c1C)c1ccc(C(=O)NCCC(=O)O)cc1,36.23
NS(=O)(=O)c1ccc(-c2ccc(C=Cc3nc4cc(Cl)ccc4c(=O)n3-c3ccc(NC(=O)NN=Cc4ccc(O)c(O)c4)cc3)cc2)cc1,36.45
N#Cc1ccc(Sc2cc(NCCN3CCCCC3)c(C#N)cc2N)cc1,27.55
N#Cc1cccc(NC(=O)c2ccc3cc4n(c3c2)CC2(CC2)CNC4=O)c1,27.65
Cn1c2ccccc2c2cc(C=Cc3cc[n+](Cc4ccc(F)cc4)cc3)ccc21,29.36
N#Cc1ccc(-c2ccc(-c3nc(C(N)CC4CCCCC4)oc3C#N)cc2)cc1,17.71
N#Cc1ccc(-c2nc3c4cc(C#N)ccc4ncc3n2CCN)cc1,28.89
N#Cc1cccc(C(=O)C=Cc2cccc(F)c2)c1,19.98
CC(c1ncc(C#Cc2ccc(C#N)cc2)cc1F)N(C)C(=O)N(C)C,31.35
COc1ncc(-c2ccc3ncnc(-c4cncc(CC#N)n4)c3c2)cc1NS(=O)(=O)c1ccc(F)cc1,32.14
N#Cc1c(F)c(F)c(C=CC(=O)c2ccc(Cl)cc2)c(F)c1F,21.75
O=C(Nn1c(-c2ccc(Cl)cc2Cl)nc2ccccc2c1=O)c1ccccc1Br,27.43
Cc1cc(C)c(NC(=O)N(Cc2ccc(-c3nnc(C)o3)cc2)C(C)C)c(C)c1,29.39
N#Cc1cccn(Cc2ccc(Cl)c(Cl)c2)c1=O,16.26
Cc1cnc(Cl)nc1-c1ccc(-c2ccc(-c3ccc(C#N)cn3)cn2)cc1,13.27
N#Cc1cccc(-c2nc(-c3ccncc3)nc(-c3cncc(C#N)c3)n2)c1,11.14
CC(c1cc(-c2cccc(C#N)n2)nc(-c2cccc(C#N)c2)n1)n1ncc(N)c1-c1ccc(-c2ccc(C#N)cn2)cc1,31.77
N#Cc1ccc(-c2ccc(-c3nc(-c4ccc(-c5nc(C#N)c(-c6cc(F)cc(C#N)c6)s5)cc4)nc(-c4ccc(-c5ccc(F)cc5C#N)nc4)n3)cn2)nc1,25.32
COC1(C)CN(c2ncnc(-c3nc(C)nc4[nH]c(-c5cccc(C=CC#N)n5)cc34)c2Cl)C1,32.28
O=C(Nc1cccc(C(F)(F)F)c1)C1Cc2c(ncnc2-c2ccc(-c3ccc(O)cc3)cc2)O1,21.05
N#Cc1ccc(-c2ccc(C#N)c(C(=O)Nc3ccccc3)c2)cc1,22.31
c1cc(-c2cc[n+](-c3nc(-[n+]4ccc(-c5ccncc5)cc4)nc(-[n+]4ccc(-c5ccncc5)s4)n3)cc2)ccn1,14.01
COc1cccc(-c2cc(-c3ccc(N)cc3)nc(-c3c4ccccc4c(C#N)c4ccccc34)n2)c1,21.45
N#Cc1ccc(-c2nc(-c3ccc(-c4ccc(C#N)cn4)cc3)nc(-c3ccc(-c4cccc(O)c4F)cc3)n2)cc1,17.87
Cc1nc(Cc2ccc(-c3cccc(C#N)c3)cc2)nc(-n2cc(C#N)cc2-c2ccc(-c3ccc(C#N)cc3)cc2)n1,26.33
N#Cc1ccc(-c2ccc(C=Cc3nc(-c4ccc(C#N)cc4)nc(-c4ccc(C#N)cc4)n3)cc2)cc1,14.57
N#Cc1ccc(-c2cccc(C=Nc3ccc4c(c3)C(=O)c3ccc(N)cc3C4=O)n2)cc1,14.07
N#Cc1ccc(-c2ccc(-c3nc(-c4ccc(-c5ccc(Cl)c(Cl)c5)cc4)nc(-c4ccc(F)nc4)n3)cc2)cc1,18.22
N#Cc1ccc(-c2cc[n+](-c3nc(-[n+]4ccc(-c5ccncc5)cc4)nc(-[n+]4ccc(-c5ccncc5)cc4)n3)cc2)cc1,11.38
N#Cc1ccc(-c2nc(C#N)nc(-c3cncc(C#N)c3)n2)nc1,10.47
Nc1ccc2c(c1)C(=O)c1ccc(Nc3nc(Nc4ccc5c(c4)C(=O)c4ccc(N)cc4C5=O)nc(Nc4ccc5c(=O)[nH][nH]c(=O)c5c4)n3)cc1C2=O,9.69
C=c1cc(C)n(-c2cccc(C(=O)O)c2)c(=O)c1=Cc1ccc(-c2ccc(C(C)=O)cc2Cl)o1,34.11
N#Cc1ccc2c(c1)CN1CCC2(c2ccc(F)c(Cl)c2)CC1,17.93
CC(C)(O)C#Cc1ccc2c(c1)-c1c(-c3cncc(C#N)c3)nc(-c3cncc(C#N)n3)n1CCO2,18.25
Cc1cc(C)nc(N=c2cc(C)nc(-c3cncnc3)[nH]2)c1,26.66
CNC(=O)c1nc(-c2ccc(-c3cccc(C#N)n3)nc2)ccc1C(=O)NCC(=O)OC,26.06
COc1cc(-c2cn(CC(=O)NCc3ccco3)nn2)ccc1-n1cnc(C)c1,21.37
CC(N=c1cc(C(N)=O)[nH]c(-c2cccc(-c3cc(C#N)ccc3N(C)C)c2)n1)C(N)=O,32.55
CN(C)CCNC(=O)c1ccc(-c2cncc(-c3ccc(-c4ccc(C#N)cc4)nc3)n2)cc1C#N,24.58
CN(C)c1ccc(N=NN2Cc3ccccc3C2)cc1,25.8
N#Cc1ccc(-c2ccc(-c3nc(-c4ccc(-c5ncc(N)c(C#N)n5)c(F)c4)nc(N4CC5CCC(C4)O5)n3)cn2)nc1,18.83
N#Cc1cncc(-c2ccc(C(=O)c3cc(C(F)(F)F)nn3-c3cccc(C#N)c3)cc2)c1,26.11
COc1cc(F)c(F)cc1-c1ccc(OCC(=O)N2CCN(c3cccc(C)n3)CC2)cc1,29.88
COC(=O)c1cc2ccccc2n1CC(=O)NCCc1ccccc1,24.17
NC(=O)c1cccc(C(c2ccc(OC(F)(F)F)cc2)c2ccc3c(C=Cc4ccccc4)[nH]nc3c2)c1,28.09
CN1CCN(C=Nc2nc(N=CN3CCN(C=O)CC3)nc(N=CN3CCN(c4ccccc4)CC3)n2)CC1,16.07
Cc1cc(C)[nH]c(=NC(=O)c2cccc(S(=O)(=O)c3ccc(Cl)cc3)c2)n1,25.46
Cc1nc(COc2ccc(C#N)cn2)nc(N2Cc3ccccc3S2)n1,35.82
N#Cc1ccc(-c2ccc(-c3nccc(-c4ccc(-c5ccccc5C#N)cn4)n3)cn2)nc1,17.82
N#Cc1cc(C(F)(F)F)cc(-n2c(O)c3c(c2O)CCCC3)n1,22.72
N#Cc1ccc(-c2cc(-c3nc4ccccc4nc3-c3ccc(-c4ccc(F)c(C#N)c4)cc3)ccn2)cc1,19.35
N#Cc1ccc(-c2nc(-c3ccc(C#N)cc3)nc(-c3cnc(N4CCCCC4)nc3-c3ccc(C#N)cc3)n2)cc1,15.49
Cc1ccccc1NC1=NCCN1,16.43
Cc1cc(-c2cc(C(=O)NCc3ccccc3Cl)ccc2C(=O)c2ccc(C#N)cc2)nc(C#N)n1,26.79
Cc1ccc(C2(NC(=O)c3cccc(Cl)c3Cl)CN(c3c(C)cccc3C)C(=O)C2C)cc1,26.6
CN1CCN(c2ccc(=O)cc(-c3cc(OC(C)(C)C#N)cc(C(=O)N=c4ccn(C)[nH]4)c3)n2)CC1,29.62
N#Cc1ccc(-c2ccc(-c3nc(-c4ccc(-c5ccc(C#N)cn5)nc4)nc(-c4cccc(-c5cncc(C#N)c5)n4)n3)cn2)nc1,14.62
N#Cc1ccc(CNc2c(NCC(F)(F)F)c(=O)c2=O)cc1,22.4
NC(=O)c1sccc1Nc1ccc2c(c1)C(=O)c1ccc(N)cc1C2=O,22.88
N#Cc1ccc(N2CCCN(C(=O)c3ccc(-n4cccn4)nc3)CC2)nc1,24.71
Cc1ccn2c(=O)nc(SCC(=O)c3ccc(Cl)cc3)nc2c1,21.18
O=c1[nH]c(O)c(C=c2cnn3cnnc23)c(=O)[nH]1,24.2
N#CC=Cc1nc(-c2ccc(-c3ccc(C#N)c(C#N)c3)s2)nc(-c2ccc(Cl)cc2Cl)n1,19.62
Cc1cc(Cl)ccc1NC(=O)N(CCC#N)CCC#N,27.16
COc1ccc(-c2nc(-c3cncc(C#N)c3)nc(-c3cncc(C#N)c3)n2)c(F)c1,21.37
N#Cc1c[nH]c(-c2ccc(-c3cc(-c4ccc(-c5nc(Cl)nc(Cl)n5)cc4)cc(-c4ccc(-c5nc(Cl)nc(Cl)n5)cc4)c3)cc2)n1,10.5
Cc1ccccc1-n1c(-c2ccc(-c3nc(-c4ccc(C#N)cc4)nc(-c4ccc(C#N)cc4)n3)cc2)nnc1-c1ccco1,29.57
N#Cc1ccccc1Oc1c(C#N)cnn(Cc2cccc3ccccc23)c1=O,23.69
N#CN1CCN(CCC#Cc2ccc(N)cc2)CC1,25.84
N#Cc1cccc(N=c2cc(Nc3ccc(Cl)cc3)nc(N3CC(N)CC(N)C3)[nH]2)c1,23.96
N#Cc1ccc(-c2ccc(NC(=O)c3nc4ccccc4c(=O)n3CCc3ccccc3)cc2)cc1,24.09
N#Cc1ccc(Cc2nc3ccc(Oc4ccccn4)cc3n2CC2CC2)cc1,28.96
C#CCN(c1ccc(C#N)cc1)c1ccc(C(=O)C2CC2C(O)=NO)c(OC)c1,23.61
CN(C)c1nc(N=CN2CCN(C=O)CC2)nc(N(C)C)n1,8.76
O=c1cc(Nc2ccc(-n3ccnc3)cc2)[nH]c(=O)n1CCCCN1CCN(c2ccc(Cl)c(Cl)c2)CC1,25.86
CNC(=O)c1cccc2nc(-c3ccc(-c4cccc(C(=O)NCCN(C)C)c4)nc3)[nH]c12,33.84
Cc1cc(-c2cc(-c3ccc(C#N)cn3)nc(-c3ccc(C#N)cc3)n2)ccc1C(N)=O,17.09
N#Cc1ccc(-c2ccc(-c3nc(-c4cccs4)nc(N4CCN(C(=O)Cn5cnc6ccncc65)CC4)n3)cc2)cc1,24.02
CCCCOC(=O)CSc1nc(Cc2ccc(C#N)cc2)nc(N2CCOCC2)n1,35.0
N#Cc1c(NC(=O)c2ccccc2Cl)[n+]([O-])c2cc(Cl)c(Cl)cc2[n+]1[O-],21.46
N#Cc1ccc(Cn2nc3n4c(-c5ccc(C#N)cc5)nc(-c5ccc(C#N)cc5)c4c4cc(NNO)ccc4n3c2=S)cc1,45.99
N#Cc1nccc(-c2ccc(-c3ccc(OC(F)(F)F)c(C#N)c3)nc2)n1,23.84
N#Cc1ccc(-c2nc(-c3ccc(-c4nc(Cl)nc(Cl)n4)c(F)c3)cc(-c3ccc(Cl)c(Cl)c3)c2C#N)cc1,21.16
N#Cc1ccc(-c2cn3cc(NC(=O)c4ccccc4F)ccc3n2)cc1,21.06
Cc1ccc(C#N)cc1S(=O)(=O)N(C)N=Cc1c[nH]c2nc(N3CCN(C)CC3)ncc12,32.09
N#Cc1ccc(S(=O)(=O)C2CCN(c3nc(=Nc4cccc(C#N)c4)nc(N4CCCC4)[nH]3)C2)cc1,30.32
N#Cc1cc(Cn2c(=O)c3ccccc3c3ccccc32)c2[nH]c(=N)[nH]c2c1,28.81
Cc1ccc(-c2ccc(-c3nc(-c4ccc(-c5ccc(C#N)cn5)cc4)nc(-c4ccc(-c5ccc(C#N)cn5)nc4)n3)s2)cc1C#N,11.78
N#Cc1cncc(C#N)c1,9.01
N#Cc1ccc(N=c2nc(-c3ccccc3)cc[nH]2)cc1,14.34
COC(=O)c1cc2cnccc2n1Cc1cccc(C#N)c1,23.09
Fc1ccc(-c2ccc(-c3cc(-c4ccncc4)nc(-c4ccc(-c5nc(Cl)nc(Cl)n5)cc4)c3)cc2)cc1F,16.54
N#CC(C#N)=c1ccc2ccccc2c1=Cc1ccc(-c2ccc(Cl)c(C(=O)O)c2)o1,23.74
CC1(O)NC(c2cc(-c3ccc(-c4nc(Cl)nc(Cl)n4)cc3)cc(-c3ccc(-c4nc(Cl)nc(Cl)n4)cc3)c2)CCO1,22.44
N#Cc1ccc(-c2cc(-c3ccc(-c4nc(Cc5ccc(F)cc5)no4)nc3C#N)nnc2-c2ccc(-c3ccc(C#N)cn3)cc2)cc1,32.19
N#Cc1ccc(-c2ccc(-c3nc(-c4ccc(-c5cccc(C#N)c5)cc4)nc(-c4ccc(-c5ccc(C#N)cn5)nc4)n3)cc2)nc1,8.7
Cc1nn(-c2ccc(F)cc2)c(C)c1S(=O)(=O)N1CCN(c2ccccc2F)CC1,28.48
CN(C)Cc1cccc(-c2ccc3c(=Nc4ccc(OCc5ccc(F)cc5)c(Cl)c4)cc[nH]c3c2)c1,23.74
N#Cc1c(F)c(F)c2c(N3CCCCC3CCO)nc(NC3CCCNC3=O)c(C#N)c2c1F,29.82
C=CCn1c(=N)c(C#N)cc2nc(-c3cc4ccccc4o3)c(=O)n(C3CCCC3)c21,37.14
CN(C)CC1CCCCN1C(=O)c1ccc(-c2cccc(C#N)c2)cc1,24.98
Cc1ccc2nc(-c3ccc(-c4cccc(C#N)c4)cc3)[nH]c2c1C#N,20.79
N#Cc1ccc(F)c(-c2ccc(-c3cccc(C#N)n3)cn2)c1,13.71
Nc1cc(O)c(N=Cc2ccccc2O)ccc1=O,17.25
CC(Oc1ccccc1)C(=O)Nc1ccc2c(c1)C(=O)c1ccc(S(=O)(=O)Nc3ccccc3)cc1C2=O,24.38
COc1cc(Br)cc(C=Nc2ccccc2C(=O)NN=Cc2ccc(C(F)F)cc2)c1O,33.65
CC1(C)CC(c2cccc(-c3nc(-c4cccc(C#N)n4)nc(=N)[nH]3)n2)CCO1,20.99
N#Cc1ccc(-c2ccc(-c3nc(-c4ccc(-c5ccc(C#N)cn5)nc4)nc(-c4cccc(C#N)n4)n3)cn2)nc1,13.65
CC(C)(C)c1ccc(CN2CCN(Cc3cnc(-c4ccc(C#N)cn4)nc3)CC2CC(=O)O)cc1,34.74
CC(C)(C)CC(C)(C)N=C(NC#N)Nc1cc(N2CCc3ccc(C4CC4)cc3C2)nc(C#N)n1,32.07
C#Cc1cccc(-c2ccnc(-c3cccc(-c4ccc(-c5ccnc(CC6CCCN6C(=N)N)n5)cc4)c3)n2)c1,32.46
CC(C)c1nc(C#N)ccc1-c1ccc(-c2nc(-c3ccc(C#N)cc3)nc(N3CCOCC3)n2)cn1,23.51
N#Cc1ccc(-c2ccc(Cc3cccn(-c4ncc(-c5ccc(C#N)nc5)c(Cl)n4)c3=O)cc2)cc1,28.06
C=CCC1(O)CC2(CN(Cc3cccc(Cl)c3)CO2)c2cc(Br)ccc2O1,39.98
COc1ccc(C(C#N)=Cc2nc(-c3ccc(-c4ccc(C#N)cc4)cc3)nc(-c3ccc(-c4ccc(C#N)cn4)cc3)n2)cc1,18.55
O=C(Nc1ccc(N2CCOCC2)cc1)c1ccc(S(=O)(=O)N2CCOCC2)cc1,21.85
Cc1ccc(NC(=O)c2nccc(N=C3C(=O)Nc4ccccc43)c2O)c(C)c1,34.83
CCc1cccc(N=c2nc(-c3c(C)nc4nc(C#N)ccn34)cc[nH]2)c1,30.36
Brc1nccc(C=Cc2ccccc2)n1,20.31
N#CC=Cc1nccc(-c2cc(C#N)cnc2-c2cnc(-c3ccc(F)c(C#N)c3)cn2)n1,25.24
Nc1c(C(=O)NCCc2ccc(F)cc2)sc2nc(-c3ccc(F)cc3)ccc12,29.31
C=CC(=O)Nc1cc2c(=Nc3cc(Cl)ccc3F)[nH]cnc2cc1OCCCN1CCOCC1,20.3
COc1ccc(C=Nc2nc(Nc3ccc4c(c3)C(=O)c3ccc(N)cc3C4=O)c(N)cc2O)cc1,12.52
N#CC(C#N)=c1ccc(=C(C#N)c2ccc(C#N)cc2)nc1,10.95
N#Cc1cncc(-c2ccc(-c3ccnc(Cl)n3)cc2)c1,15.58
N#Cc1nccc(N=CN2CCCCC2)n1,14.93
N#Cc1c(F)c(F)c(-c2nc(-c3ccc(Cl)cc3Cl)nc(-c3c(F)c(F)c(C#N)c(F)c3F)n2)c(F)c1F,11.16
Cc1nc(-c2ccc(C#N)cc2)nc(CC2(C(=O)O)CCC2)c1COc1ccccc1,26.44
N#Cc1ccc(-c2ccc(C#Cc3nc(-c4ccc(C#N)cc4)ncc3F)nc2)cc1,19.82
CN1C(=O)C(=Cc2nc(-c3ccc(-n4ccc(C#N)cc4=O)cc3)no2)c2ccccc21,31.19
Cc1nnc(CNC(=O)c2cc(=NC(=O)c3cc(-c4cc(Cl)ccn4)c(Cl)cc3Cl)n(-c3ccccc3)[nH]2)o1,23.24
CN=c1cc(-c2ccc(C#N)cc2)[nH]c(=Nc2cc(=NC(C)C)c(C#N)c[nH]2)[nH]1,29.26
N#Cc1ccc(-c2nc(-c3ccc(-c4ccc(F)c(C#N)c4)cc3)nc(C(F)(F)F)n2)cc1,14.39
COc1ccc(CC2COC(=O)C2Cc2ccc(Oc3ccc(C=O)cc3)cc2)cc1OC,28.27
O=C(NCCC1=CCCCC1)c1ccc(NC(=O)N2Cc3ccccc3C2)cc1,18.52
Cn1c(=O)cc(Nc2cccc(CO)c2)n(Cc2ccccc2)c1=O,23.64
C=CS(=O)(=O)Nc1cccc(-c2nc(-c3cn4ncc(C=Nc5sc6c(c5C#N)CCC6)c4cn3)cs2)c1F,45.52
N#Cc1cncc(-c2nc(-c3ccc(C#N)c(C#N)c3)nc(N3CCOCC3CF)n2)c1,20.65
O=C(CCCn1c(O)ccc1O)Nc1cccc2ccccc12,24.33
COC(=O)c1ccc(N=c2[nH]cnc3ccc(-c4ccc(-c5cnc(C)cn5)s4)cc23)cc1,33.44
COc1ccc(C=Cc2nc3ccccc3c(=O)n2N=Cc2ccc(Oc3ccccc3)cc2)cc1,26.79
N#Cc1ccc(-c2nc(C#N)c(C#N)nc2-c2ccc(-c3ccc(C#N)cn3)cc2)cc1,10.85
C=c1[nH]n(-c2ccc(C#N)cc2)c(=O)c1=Cc1ccc(-c2ccc(C#N)cc2)nc1,19.41
NCCCNCCCNC(=O)CCCCCCCNC(=O)c1cccc2c(=Nc3ccc(S(=O)(=O)Nc4ccc(Nc5ccc(N)cc5)c5ccccc45)cc3)c3ccccc3[nH]c12,48.49
Cc1ccc(-c2nc3c(C)cccc3c(=O)n2N=Cc2cccc([N+](=O)[O-])c2)cc1,21.7
Oc1ccc(N=Cc2cccc(O)c2)cc1,13.82
CCN(CC)CCOc1ccc2c(c1)C(=O)c1ccc(OCC(=O)N=Cc3ccccc3C)cc1C2=O,33.45
Cc1ccc(C#N)nc1-c1ccc(CNCc2ccc(-c3ccc(-c4noc(-c5ccc(C#N)cc5)n4)cn3)nc2)cc1,19.05
COCCN(Cc1ccccn1)C(=O)CCc1nnc(CCc2ccccc2)o1,26.87
Nn1c(SCc2ccccc2Cl)nc2ccccc2c1=O,21.0
Cc1cc(C)c(NC(=O)c2sc(=NC(=O)c3cccs3)[nH]c2C)c(C)c1,21.18
Cn1c(=O)c2ccccc2c2nc3ccccc3nc21,30.01
N#Cc1ccc(-c2ccc(-c3nc(-c4ccc(-c5ccc(C#N)cn5)nc4)nc(-c4cc(F)c(C#N)c(F)c4F)n3)cc2)nc1,14.25
C=CC(=O)Nc1cc(Nc2cncc(-n3ncc4ccccc43)n2)ccc1C(F)(F)F,27.09
Clc1cc(-c2ccc(-c3nc(Cl)nc(Cl)n3)cc2)cc(-c2ccc(-c3nc(Cl)nc(Cl)n3)cn2)c1,13.11
N#Cc1ccc(-c2ccc(-c3nc(N=Cc4ccccn4)nc(-c4cc5cc(C#N)ccc5oc4=O)n3)cc2)cc1,22.42
N#Cc1ccc(-c2ccc(-c3csc(-c4ccc(N=Cc5cccc(F)c5F)c(O)c4)n3)cc2)cc1,24.28
N#Cc1ccc(-c2ccc(C(=O)N=c3[nH]nc(-c4ccc(-c5ccc(C#N)cc5)cc4)s3)cc2)cc1,17.72
O=c1oc2cc(Oc3cc(C=CCO)cc(O)c3O)c(Oc3ccc(O)cc3)cc2cc1-c1ccc(O)cc1,38.6
Cc1nc(-c2cccc(-c3ccc(NCc4ccc(-c5ccc(C(F)(F)F)cc5)cc4)cc3)c2)cnc1-c1cc(-c2ccc(-c3ccc(C#N)cn3)cc2)nc(-c2ccc(C#N)cc2)n1,24.91
COc1cc(OC)cc(C(=O)N=C(Cc2ccc(C#N)cc2)C(=O)C=Cc2ccccc2)c1,28.29
CCNC1CN(c2cc(-c3cccc(C#N)n3)nc(-c3cccc(C#N)n3)n2)C1,12.89
Nc1cc(O)c(N=Cc2ccc(O)c(O)c2)cc1O,14.81
N#Cc1ccc(-c2ccc(-c3nc(C#N)nn3-c3ccc(C#N)cc3)cc2)cc1,12.22
N#Cc1ccc(NS(=O)(=O)c2cccc(-c3cc(C#N)ccc3F)n2)cc1,25.85
N#Cc1cccc(-c2ccc(=NC(=O)c3ccc(-c4nc(C5CCC6CCC(=O)N6C5)n5cc[nH]c(=N)c45)cc3)[nH]c2)c1,23.09
N#Cc1cccc(-c2nc(-c3cccc(C#N)n3)nc(-n3c(C(F)F)nc4ccccc43)n2)c1,16.13
CC1CN(c2nc(-c3cccc(C#N)n3)nc(-c3cccc(C#N)n3)n2)CCN1C(=O)Cn1cccn1,13.42
N#Cc1ccc(-c2ccc(CN(CCc3cccc(C#N)n3)c3nc(C#N)ncc3F)cc2)cc1,25.18
CCNC(=O)c1ccc(-c2nc(-c3ccc(C#N)cc3)nc(-c3ccc(-c4ccc(C#N)cc4)cc3)n2)c(Br)c1,18.63
N#Cc1cccc(-c2nc(-c3ccc(-c4nc(-c5ccc(F)cc5)c[nH]4)cc3)nc(-c3ccc4nn[nH]c(=O)c4c3)n2)n1,37.88
N#Cc1ccc(-c2nc(-c3ccc(Cl)cc3)nc(-c3ccc(C#N)cc3)n2)cc1,11.79
COc1ccc(N=c2[nH]cncc2-c2ccc(N=Cc3ccc(C#N)cc3)cc2)cc1C(F)(F)F,32.33
N#CCCc1ccc2ccccc2n1,18.05
Cc1cc(C)c(Nc2ccc(-c3nc(-c4ccc(-c5ccc(C#N)cn5)nc4)nc(-c4ccc(Cl)cc4Cl)n3)c(Cl)c2)c(C)c1,24.79
N#CCc1nc(-c2ccc(-c3ccc(-c4nc(-c5ccc(C#N)cc5)no4)cc3)cc2)no1,21.46
CN(CC#Cc1cccnc1)Cc1ccccc1,21.8
Cn1nc(-c2ccc(NS(=O)(=O)c3cccc4ccc(Cl)nc34)cc2)cc1C(F)(F)F,21.7
N#Cc1ccc(-c2ccc(-c3nc(-c4ccc(-c5ccc(C#N)cc5Cl)cc4)nc(N(N)c4ccc(F)cc4)n3)cc2)cc1,26.54
CC(C)C(=O)c1[nH][nH]c(=NC(=O)c2ccc(OCCN)c(-c3ccc(NC(=O)Cc4cccc(F)c4)cc3)n2)c1NC(=O)CO,49.26
Cn1c(Cn2c(=O)n(CCc3ccccc3)c(=O)c3ccccc32)nc(C#N)c1N,21.48
N#Cc1c2ccccc2c(-c2nc(-c3ccc4c(c3)C(=O)c3ccccc3-4)n(Cc3ccccc3)c(=S)n2)c2ccccc12,30.45
N#Cc1c2ccccc2c(-c2nc(-c3c[nH]c4cc(Br)c(Cl)cc34)nc(-c3c4ccccc4c(C#N)c4ccccc34)n2)c2ccccc12,19.84
O=c1oc2ccc(Br)cc2c(O)c1C=NCc1cccc(Cl)c1,27.79
Cc1cc(=NC(=O)CNC(=O)c2ccc(-c3ccccc3)cc2)nc(C)[nH]1,26.44
ON=Cc1cccc[n+]1-c1cc2ccccc2n1O,29.01
N#Cc1ccc(-c2ccc(Cc3nc(-c4nc(-c5ccc(-c6ccc(C#N)c(C#N)c6)cc5)nc(-c5ccc(-c6ccc(C#N)cn6)nc5)n4)nnc3F)cc2)cc1,26.81
CC(=O)c1ccc(C2=C3C(CC(CC(=O)N4CCOCC4)C(=O)N3Cc3ccc(-c4ccccc4-c4nn[nH]n4)cc3)c3cc(OC(=O)C(C)Nc4ccccc4)ccc3C2)cc1,53.99
Fc1ccc(C=NN=c2[nH]ccnc2Cl)cc1,16.03
CN(C)c1nc2cc(C#N)ccc2c(=NCc2cccc(NC(=O)c3ccccc3)c2)[nH]1,21.49
Cc1cccc(C(=O)N2N=C(c3nc4cc(C)ccc4o3)CC2c2cc(C#N)ccn2)c1,37.24
N#Cc1cccc(-c2nc(-c3cccc(C#N)n3)nc(N3CCC(F)(C#N)CC3)n2)n1,11.06
N#Cc1ccc(-c2csc(C3=Nc4ccccc4C3=O)n2)cc1,21.3
N#Cc1ccc(-c2cc(-c3ccncc3)nc(-c3ccccn3)c2)cc1,16.62
N=c1[nH]c(=N)c2nc(NC(=O)c3ccccc3)sc2[nH]1,24.8
N#CC(C#N)=c1ccc(=C(C#N)c2nc(C(C#N)=c3ccc(=C(C#N)C#N)cc3)nc(-c3ccc(C#N)cc3)n2)cc1,11.83
COc1ccccc1-c1nc(-c2ccc(C#N)cc2)nc(-c2ccc(-c3cnc4cc(C)ccc4c3)nc2)n1,23.92
CCN(CC)S(=O)(=O)c1ccc2c(c1)N(CC(=O)N1CCC3(CC1)OCCO3)C(=O)CO2,29.24
Cc1cc(C(=O)NN=Cc2ccc(C=Nc3cc(N4C(N)=NC(N)=NC4(C)C)c(N)cc3O)cc2)nn1C,30.04
Cn1c(=O)c(C#N)nn(-c2ccc(F)cc2)c1=O,15.38
CC(C)=CCCC(C)=CCc1cc(C)c(C=Cc2cc(C(=O)c3ccc(C#N)cc3)c(O)cc2O)cc1O,27.93
Nc1cc(O)c(N=Cc2ccccc2)cc1Nc1cccc(C(F)(F)F)c1,11.84
N#Cc1ccc(-c2ccc(-c3nc(-c4ccc(-c5cccc(C#N)n5)cc4)nnc3-c3cc(F)ccc3C#N)cc2)nc1,25.88
N#Cc1c(F)c(F)c(-c2nc(-c3ccc(Cl)cc3)nc(-c3c(F)c(F)c(C#N)c(F)c3F)n2)c(F)c1F,9.85
N#Cc1ccc(OCc2cc(=O)[nH]c(=O)[nH]2)cc1,19.35
COCc1cc(N)c(Nc2ccc(C#N)cc2)cc1Oc1ccc(S(=O)(=O)N=c2ccc(F)c[nH]2)cc1C#N,21.86
N#Cc1ccc(-c2nc(-c3ccc(-c4ccc(C#N)cn4)cc3)nc(-c3ccc(-c4ccc(C#N)cn4)cc3)n2)cc1,11.27
COc1ccc(NC(=O)Cn2c(-c3ccc(C#N)nc3)nc(-c3ccc(C#N)cc3)c2-c2ccc(C#N)cc2)cc1OC,30.6
CCN(CC)c1cncc(-c2ccc(-c3ccnc(-c4ccc(-c5csc(C)n5)c(C=O)c4)n3)cc2)c1,31.69
N#Cc1cncc(-c2nc(C#N)cn2-c2ccc(NCc3ccc(F)c(F)c3)cc2)c1,21.92
CCN(C(=O)c1[nH]c2ccccc2c1O)c1ccc(C)cc1,35.48
N#Cc1ccc(-c2ccc(-c3nc(-c4ccc(-c5cccc(C#N)n5)c(F)c4)nc(-c4ccc(C#N)s4)n3)cn2)nc1,14.05
O=C(NCc1ccccn1)c1cc(=NC(=O)c2cc(-c3cccnc3)ccc2Cl)n(-c2ccccc2)[nH]1,23.75
Cn1c(=O)nc2n(-c3ccc(Cl)cc3Cl)c3ccccc3cc-2c1=O,24.73
COc1cc(-c2cnc(C)n2C)ccc1N=c1cc2c(ccn2-c2ccc(C#N)cn2)c[nH]1,23.54
CON=Cc1ccc(-c2ncc(C#N)cc2-c2ccc3nc(C#N)ccc3n2)nc1,28.01
N#Cc1nc(-c2ccccc2)c2cc(C#N)c3nc4ccccc4nc3c2c1N,32.11
N#Cc1ccc(-c2nc(-c3ccc(C#N)cc3)nc(-c3cncc(C#N)c3)n2)cc1,10.52
COc1cc(-c2ccc(-c3cc(C)nc(N=CN4CCN(C=O)CC4)n3)cc2)cc(Cl)c1O,25.72
Cc1ccc(C(=O)c2c(-c3ccc(C)cc3)nc3nc(C)ncc3c2C(=O)c2ccccc2)cc1,32.11
CCCCCCCOc1ccc(NC(=O)N2Cc3ccncc3C2)cc1,24.69
N#Cc1ccc(C#Cc2cccc(C#N)c2)cc1,11.44
N#Cc1ccc(-c2ccc(-c3nc(-c4ccc(-c5ncc(C(F)(F)F)cn5)cc4)nc(-c4ccc(Cl)cc4Cl)n3)cc2)cc1,20.56
OC1(C(F)(F)F)c2ccccc2-c2cc(-c3ccc(Cl)cc3)cc(F)c21,21.51
Cc1c(C(=O)Nc2ccc(-c3ccc(C#N)cc3)cc2)c(=O)c2ccccc2n1Cc1ccc(-c2ccc(C#N)cc2)cc1,21.8
N#Cc1ccc(=Nc2cc(C(=O)Nc3cccc(C(F)(F)F)c3)ncn2)[nH]c1,20.15
O=C(NCCc1ccc(Cl)c(Cl)c1)n1ccnc1,22.51
CN1C(=O)C(=Cc2ccc(COc3ccc(-c4cccc(C#N)n4)cc3)o2)C(=O)N(C)C1=O,26.23
O=c1ccc(-c2ccncc2)cn1C1=Cc2ccccc2CC1,19.72
N#Cc1ccc(-c2ccc(-c3nnc(-c4ccc(-c5ccc(C#N)cn5)nc4)c(-c4ccc(-c5ccc(C#N)cc5)cc4)n3)cc2)cc1,13.51
N#Cc1cccc(Cc2nc(-c3cncc(C#N)n3)c(-c3ccc(C(=O)O)cn3)[nH]2)c1,32.92
Cc1cccc(N=Cc2nc3ccccc3s2)c1,21.68
Clc1ccc(N=c2nc[nH]c3c2sc2ccccc23)cc1,21.89
N#Cc1ccc(-c2ccc(-c3cccc(Nc4cc(=O)n(Cc5ccccc5)c(=O)[nH]4)n3)cc2)cc1,21.82
O=C(Nc1cccc(C(F)(F)F)c1)c1cccc(-n2ccc(-c3cccnc3)n2)c1,23.11
COc1cc(-c2cccnc2)ccc1C(=O)NCCc1ccc(S(=O)(=O)Nc2ccc(C)cc2)cc1,32.83
COc1ccccc1-c1csc(C(=O)c2cc(OC)c(OC)c(OC)c2)n1,22.44
O=C(c1ccc(Oc2ncccn2)cn1)c1nc2ccccc2o1,23.97
N#Cc1ccc(-c2ncc(C#N)cc2-c2ccc3cc(C(=N)N)ccc3c2)cc1,18.88
Nc1cc(O)c(N=Cc2c(O)ccc3ccccc23)cc1N,15.46
N#Cc1ccc(-c2nc(C=Cc3ccc(F)cc3)cc(-c3cn(-c4cccc(C(=O)c5cc6cc(C#N)ccc6[nH]c5=O)c4)nn3)n2)cc1,33.78
Cc1ccc(-c2nc(=S)n(N=Cc3cccnc3)cc2-c2ccccn2)cc1,30.87
CCOc1cc(F)c(F)c(-c2nc(-c3ccc(-c4ccc(C#N)cn4)nc3)nc(N3CCOCC3)n2)c1Cl,29.19
N#Cc1ccc(-c2cccc(C3C=CC(Cc4cnc(-c5cncc(C#N)c5)cn4)CO3)c2)cc1,27.77
Cc1cc(C)c(CNC(=O)c2c(C)ccc(NCc3cc4c(=O)nc(C)[nH]c4cc3F)c2C)c(=O)[nH]1,33.38
N#Cc1ccc(S(=O)(=O)Nc2ccccc2-c2ccc(-c3cc(C#N)c4ccccc4n3)cc2)cc1,34.26
N#Cc1ccc(-c2ccc(-c3nc4ccccc4c(=O)n3N)cc2)cc1,17.93
N#CCCc1cncc(-c2ccc(C#N)cn2)c1,18.27
COc1cc(C2=NOC(c3ccc(N)cc3Br)C2)cc(OC)c1OC,30.32
N#Cc1ccc(-c2nc(-c3ccc(-c4nc(C=Cc5ccc(OCCN6CCOCC6)cc5)nc(-c5ccc(-c6ccc(C#N)cn6)cc5)n4)cc3)n(-c3ccc(S(N)(=O)=O)cc3)n2)cc1,28.28
FC(F)(F)c1ccc(-c2nc(Cn3ccnc3)co2)cc1,17.66
CCCOc1ccc(-c2nnc(COc3cc(C)ccc3C(C)C)o2)cc1OCC,30.1
N#Cc1ccc(-c2cc(-c3ccc(C#N)nc3)nc(-c3ccccn3)n2)nc1,12.57
N#Cc1ccc(CNC(O)c2cc(O)n(-c3ccc4c(c3)OCCO4)c2)cc1,17.99
N#CC(=NO)C(=O)Nc1c([N+](=O)[O-])cc(N)c2c1C(=O)c1ccccc1C2=O,29.7
CCc1c[nH]c(-c2ccc(-c3ccc(-c4cc5c6c(cccc6n4)N(Cc4cccnc4)C(C#N)=C5N)cc3)cc2)n1,50.1
CC(C)N(CCCc1cc(C#N)nc(-c2ccc(C#N)cc2)c1)Cc1ccc(-c2ccc(C#N)cn2)cc1,30.81
O=C1CCCCC1NC=Nc1ccccc1Cl,25.16
N=c1[nH]c(-c2ccc(-c3ccc(-n4ccnc4)cc3)cc2)nc2nc(-c3ccccc3)nn12,24.75
N#Cc1cccc(N2CCN(C(=O)c3cccc(Cc4n[nH]c(=O)c5ccccc45)c3)CC2)c1,23.37
N#Cc1ccc(-c2nc(-c3ccc(-c4ccc(C#N)cn4)cc3)c(-c3cccc(C#N)c3)s2)cc1,17.09
N#Cc1ccc(S(=O)(=O)Nc2ccc(Oc3cc(C#N)cc(C#N)c3)c(C#N)c2)cc1,17.9
CN(CC=CC#CC(C)(C)C)Cc1cccc2ccccc12,15.39
Cc1nc(-c2ccc3c(c2)CCN(C)C3=O)cc(-c2ccc3c(c2)OC(F)(F)O3)n1,26.0
N#Cc1cncc(-c2nc(C#N)nc(N3CC(c4ccc(-c5ccc(F)nc5)nc4)C3)n2)c1,19.34
N#Cc1ccc(-c2cnc3cc(-c4cnc(C#N)nc4)ccn23)nc1,17.24
Cc1nc(C)c(COc2cnc3c(-c4ccc(-c5cccc(C#N)n5)cc4)nc(-c4cccc(C#N)n4)nc3c2)nc1C,28.02
Cc1cc(C)[nH]c(=Nc2nc(Cl)ncc2Cl)n1,11.92
CNC(=O)c1nc(Cc2ccncc2)c2ccccc2n1,27.03
O=C(OC1CC2CC3CC21CC3OC(=O)c1cc2ccccc2oc1=O)c1ccc(F)cc1,43.68
NC(=O)c1ccc(N=Cc2ccc(C=Nc3nc(Nc4ccc5c(c4)C(=O)c4ccc(N)cc4C5=O)c(N)cc3O)cc2)cc1,13.29
Cc1ccc(C#N)c(-c2nccc(C=CC#N)n2)c1,16.66
Cc1ccc(S(=O)(=O)N=c2sccn2C)cc1,21.3
CCC(CO)OCn1cnc2c(=N)n(C(C)C)c(-c3cc(F)nc(F)c3)nc21,35.87
N#Cc1cncc(-c2cccc(C=CCn3cc(F)c(-c4cncc(C#N)c4)cc3=O)c2)c1,26.74
N#Cc1ccc(-c2ccc3cc(C(=O)c4nc5ccccc5[nH]4)oc3c2N)cc1,34.64
N#Cc1ccc2c(c1)Cc1ccccc1-2,13.77
N#Cc1ccc(-c2ccc(-c3nc(-c4ccc(-c5ccc(C#N)cn5)nc4)nc(-c4ccc(Cl)cc4F)n3)cn2)nc1,14.27
N#Cc1ccc(=NC(=O)c2cc(-c3nc(C#N)ccc3C#N)nc3ccccc23)[nH]c1,30.82
O=C(COc1ccccc1)N=c1nccc[nH]1,22.52
COc1cc(-c2cn(C3Cc4ccccc4C3)nn2)ccc1-n1cnc(C)c1,24.44
C=CC(C)(C)C1Cc2cc(C(=O)CC)c(O)cc2O1,30.28
N#Cc1ccc(-c2cc(-c3ccc(C(=O)NCc4ccc(C(F)(F)F)cc4)cc3)c(C#N)c(=N)[nH]2)cc1,28.63
CC(C)(C)c1ncc(C(=O)Nc2ccc(C#N)cc2)c(C(=O)Nc2ccc(C#N)cc2)n1,18.54
c1cc(-[n+]2ccc(-c3ccncc3)cc2)nc(-[n+]2ccc(-c3ccncc3)cc2)c1,9.75
CCOc1ccc(-c2ncc(-c3nc(C#N)nc4c(CCCN)cc(-c5ccc(C6(O)CCC(N7CCCCC7)CC7=C6COC7)nc5)cc34)cc2F)cn1,62.25
Fc1cccc2c1nc(C(F)F)n2-c1nc(N2CCOCC2)nc(N2CCOCC2)n1,17.36
CC(=O)N1CC(c2nc(N3C(=O)OC(C)C3C)c3ccc(OCc4ccc(-c5noc(C)n5)nc4)cc3n2)C1,46.12
CCN(CC)CCOc1ccc(C#N)cc1,17.44
COc1cc(C(=O)Nc2cnc(N(C)C)c(C(=O)O)c2)ccc1C#N,32.41
Cc1cc(COc2ccccc2)nc(-c2cn(C)c(C3CCN(c4ncnc5[nH]ccc45)CC3)n2)c1,32.19
CCn1nc(C(C)C)c(CNC(=O)N(c2ccccc2)c2nc(C#N)ncc2F)c1C,40.37
O=c1nc(C=Cc2ccccc2)[nH]c(O)c1[N+](=O)[O-],13.22
COC(=O)c1cc(N=C2C(=O)c3ccccc3C(=O)C2N(C=O)C(C)c2ccccc2)ccc1O,31.55
COc1ccc(C)cc1NC(=O)CSc1nnc(-c2ccco2)n1Cc1ccccc1,24.76
N#Cc1ccc(-c2ccc(-c3cncc(C#N)c3)cc2)cc1,12.98
N#Cc1ccc(N=C(C[N+](=O)[O-])Nc2ccc(Oc3ccccc3)nc2)cc1,26.65
CN1C(=O)c2ccc(C(=O)NC3CC3)cc2N(C)c2ccc(NC(=O)c3ccc(-c4ccc(C#N)cc4)cc3)cc21,25.48
N#Cc1ccc(C2=CCN(C=Nc3cc(Cl)nc(Cl)n3)CC2)cc1,24.84
N#Cc1ccc(=NCCC=NC(=O)C(Cc2ccc(CCCCO)cc2)NC(=O)c2ccc(F)cc2)[nH]c1,38.92
N#Cc1ccc(-c2ccc(-c3nc(-c4ccc(C#N)s4)nc(C(F)(F)F)n3)cc2)cc1,17.47
CN1CCC(N=c2cc3n(-c4ccccc4)c4ccccc4[nH]c-3cc2=Nc2ccccc2)CC1,24.17
CCOC(=O)c1nc(=O)c2ccc(Nc3cc(C#N)c(C#N)cc3Cl)cc2[nH]1,28.93
N#Cc1cncc(-c2ccc(NC(=O)c3cc(C#N)ccn3)cc2C#N)c1,21.11
N#CC=Cc1cc(N=Cc2ccc(-c3nc(-c4ccc(C=Nc5nc6ccc(F)cc6s5)cc4)nc(-c4ccc(C=Nc5cc(O)c(N)cc5O)cc4)n3)cc2)cc(O)c1NCCCN,31.64
Oc1ccc(-c2nnc(-c3c[nH]c4ccc(Cl)cc34)o2)cc1,21.78
CN1C(=O)c2ccc(C#N)cc2C12C(=O)Nc1ccc(F)cc12,30.2
CC1(C)C=Cc2c(O)cc(C=Cc3ccc(C=Cc4ccc(O)c(C(=O)O)c4)cc3)cc2O1,27.19
N#Cc1ccc(-c2nc(-c3cccc(C#N)n3)nc(-c3ccc(Cl)cc3Cl)c2C#N)c(F)c1,23.76
COc1ccc(CNC(=O)C2CCN(CCN=c3cc(C(N)=O)[nH]c(-c4ccc5ccncc5c4)c3)CC2)cc1,44.0
COc1ccc(C=Nc2ccc(-c3n[nH]c(=S)o3)cc2)cc1OC,17.12
Cc1nc2cccnc2nc1C(=O)O,22.61
CC(C)Oc1ccc(-c2nc(-c3ccc(-c4ccc(C#N)cn4)nc3)nc(-c3ccc(-c4ccc(C#N)cn4)nc3)n2)c(C#N)c1,22.3
CNC(=O)c1cccc(-c2ccc(-c3ccnc(N=CN4CCN(C=O)CC4)n3)cc2)c1,21.79
COc1nc(=Nc2ccc(C#N)cc2)nc(Oc2cc(Nc3ccc(C#N)cc3C(C)=O)c(Cl)cc2Cl)[nH]1,27.51
N#Cc1cccc(-c2ccnc(-c3ccc(-c4cccc(C#N)n4)c(C#N)n3)c2)c1,17.75
COc1ccc2c(c1)C(=O)N(CC1(C#Cc3nc(C)nc(-c4cncc(C#N)c4)n3)NC(=O)NC1=O)C2,20.64
COc1cc(C=Nc2ccc(Nc3ccc4c(c3)C(=O)c3ccc(N)cc3C4=O)cc2)ccc1-n1cnc(C)c1,23.64
N#Cc1cc(-c2ccc(-c3noc(-c4ccc(Cl)cc4Cl)n3)c(C(=O)O)c2)ccc1F,23.54
Oc1ccc(C=Nc2cccc(Cl)c2)cc1Cl,19.76
Cc1c(-c2ccc(-c3nc(-c4ccc(-c5ccc(C#N)cc5)cc4)c(C#N)c(-c4ccc(-c5cccc(C#N)n5)cc4)n3)cc2)nc(-c2ccc(Br)cc2)n1-c1ccc(C#N)c(C(F)(F)F)c1,39.18
N#Cc1ccc(-c2ccc(-c3nc(-c4ccc(C#N)cc4)nc(-c4ccc(N=c5cc[nH]c6cc(Cl)ccc56)cc4)n3)cc2)cc1,15.19
N#Cc1ccc(-c2ccc(-c3nc(-c4ccc(-c5ccc(C#N)cn5)nc4)nc(-c4ccc(-c5ccc(F)cn5)c(F)c4)n3)cc2)nc1,17.25
N#Cc1cn(-c2ccc(C(=O)O)cc2)c2ccc(C(=O)O)cc12,20.83
Cc1cc(-c2cc(C)c(C(=O)N=c3cccc(C#N)[nH]3)cc2C#Cc2ccc(=N)[nH]c2)cc(C)n1,23.84
O=C(C=Cc1ccc2ccc(C=Nc3ccccn3)c(O)c2c1)c1ccc(O)cc1,27.09
Cn1cc(-c2cc(F)cc3c2OCC3(C)C)c(-c2nc(-c3ccc(C#N)cc3)nc(-c3cncc(C#N)c3)n2)n1,27.5
N#Cc1ccc(-c2nc(C#N)nc(-c3ccc(-c4ccc(C(=O)NCc5ccccn5)nc4)nc3)n2)cc1,20.91
N#Cc1ccc(Cn2c(C(F)(F)F)ccc(NC(=O)c3ccc(-n4cc(-c5cncc(C#N)c5)cn4)cn3)c2=O)cc1,32.99
O=C(O)c1cccc(NC(=O)n2sc3ccccc3c2=O)c1,22.91
Cc1cc(-c2ccccc2)nc(N2N=C3c4ccccc4C(=O)C3C2c2cccs2)n1,27.11
CC(C)=c1ncn(-c2ccc(-c3cccc(-c4ccc(-c5ccc(C#N)cc5)o4)n3)cc2)c(=O)c1=Cc1ccc(-c2ccc(C(=O)N(C)C)cc2)o1,30.02
N#Cc1ccc(-c2[nH]c(=NC(=O)c3ccc(-n4cccn4)cc3)n(Cc3ccccn3)c2-c2ccc(O)c(Cl)c2)cc1,41.94
CCn1c(-c2ccc(C(C)(C)C#N)nc2)cc(C)cc1=Nc1ccc(F)cn1,23.49
CC(C)(C)c1cccc(-c2nc(-c3ccc(-c4ccc(C#N)cc4)nc3)cc(-c3cc(Cl)cc(C#N)c3)n2)n1,22.86
N#Cc1cncc(-c2nc(C#N)ncc2-c2ccc(-c3c[nH]c(=N)cn3)cc2)c1,13.19
Cc1cccc(C=NNC(=O)c2cc(-c3cccc(C#N)n3)nc(-c3ccc(-c4ccc(Cl)cc4Cl)cc3)n2)n1,36.26
CC1CC(N)C=C1c1nc(-c2cncc(C#N)c2)c2cnn(C)c2n1,27.59
NC(N)=NC(=O)Cn1c(-c2ccc(-c3nc(Cl)ncc3F)cc2)ccc1-c1ccc(F)c(F)c1,24.37
COc1ccc(NC(=O)Nc2ccc(-c3cccc(-c4nc5cc(C(F)(F)F)ccc5[nH]4)c3)cc2)cc1,18.03
N#CC=Cc1ccc(C#N)c(C#N)c1,11.38
CCOC(=O)c1ccc(-c2nc(-c3ccc(C#N)cc3)nc(-c3ccc(-c4ccc(C#N)cn4)nc3)n2)cc1,16.86
N#Cc1c2ccccc2c(-c2nc(-c3c4ccccc4c(Br)c4ccccc34)nc(-c3c4ccccc4c(C#N)c4ccccc34)n2)c2ccccc12,15.5
CC(=O)c1nc2ccccc2nc1OCc1ccc(-c2ccccc2-c2nc(=O)o[nH]2)cc1,33.29
N#Cc1c(-c2ccc(-c3ccccc3)cc2)no[n+]1[O-],18.0
N#Cc1ccc(Cl)c(-c2nc(-c3cccc(C4CC4)n3)nc(N3CC(F)(F)C3)n2)n1,22.18
CCOCc1ncc(-c2cc(C(F)(F)F)ccc2C#N)n1-c1ccc(-c2nc(C)no2)cc1,28.21
N#Cc1ccc(-c2ccc(-c3cncc(C#N)c3)nc2-c2cccc(C#N)n2)nc1,12.31
N#Cc1ccc(-c2ccc(-c3nc(-c4ccc(-c5ccc(F)c(C#N)c5)nc4)nc(-c4ccc(-c5ccc(C#N)cn5)nc4)n3)cn2)nc1,7.91
CNC(=O)n1ncc2cc(Nc3nc(Nc4ccc5c(c4)C(=O)c4ccc(N)cc4C5=O)nc(Nc4ccc5c(c4)C(=O)c4ccc(N)cc4C5=O)n3)ccc21,19.01
O=C(N=Nc1c(O)[nH]c2ccccc12)c1cc(-c2cccc([N+](=O)[O-])c2)on1,27.48
C=Cc1nc(=O)c2ccsc2n1CCN,28.72
N#Cc1ccc(-c2ccc(-c3nc(-c4ccc(C#N)cc4)nc(-c4ccc(-c5cccc(C#N)c5)nc4)n3)cc2)cc1,14.4
Nc1ccc2c(c1)C(=O)c1ccc(Nc3nc(Nc4ccc5c(c4)C(=O)c4ccc(N)cc4C5=O)nc(Nc4ccc5c(=O)[nH]c6ccccc6c5c4)n3)cc1C2=O,10.34
Cc1ccc(C(O)(CNC(=O)c2ccc(F)cc2)c2ccc(C#N)cc2)cn1,26.14
CCCNC(=O)c1cn2nc[nH]c(=Nc3ccc(Oc4ccc(C#N)cc4)cc3)c2c1C#N,33.39
CC(C)N1CCN(C(=O)c2cccc(Nc3ccc4c(c3)C(=O)c3ccc(N)cc3C4=O)n2)CC1,16.96
ON=Cc1ccc(-c2cc(-c3ccncc3)nc(-c3ccc(-c4nc(Cl)nc(Cl)n4)cc3)c2)cc1,16.4
N#Cc1ccc(-c2ccc(-c3cc(-c4ccc5cccc(-[n+]6ccc(-c7ccncc7)cc6)c5n4)cc(C(F)(F)F)c3)cc2)nc1,24.35
Cc1nc(-c2ccc(-c3nc(-c4ccc(-c5ccc(C#N)cn5)cc4)[nH]c3-c3ccncc3)cc2)cs1,14.9
CC(C)(C)n1cc(C#N)c2cc(C(=O)c3cccc(C(=O)NCc4ccc(C=CC#N)cc4)c3F)ccc21,31.03
CC(=O)N(C1=C(N2CC2)C(=O)c2ccccc2C1=O)c1ccc(C#N)cc1,18.61
CC(CO)(CO)NC(=O)c1cc(-c2cncc(C#N)c2)cc(-c2ccc(Cl)cn2)c1,26.43
N#Cc1cnc(-c2ccc(-c3cnc(Cl)c(C#N)c3)c(F)c2)c(C#N)c1,22.31
N#Cc1cnc(-c2ccc(-c3ccc(F)c(C#N)c3)nc2)c(-c2cc(C#N)c(O)cn2)c1,26.17
O=C(C1CCCN1)N1CCC(c2nccnc2Oc2ccc(N=c3cccc[nH]3)cc2)CC1,23.72
Cn1c(C=Cc2ccc(C#N)cc2)nc2cc(N=C=S)ccc21,23.33
N#CC=Cn1cc(C2OC(CO)C(O)C(O)C2O)c2cc(Cl)ccc21,29.67
O=C(O)C=Cc1cccc(O)c1C=CCCCCCC(=O)O,25.91
CCN(C(=O)CSc1ccc(-c2cccs2)nn1)c1ccccc1,25.2
Nc1nc(N2N=C(C(=O)c3ccc(Br)cc3)Cc3cc4c(cc32)OCO4)cc(Nc2ccc3c(c2)C(=O)c2ccccc2C3=O)c1[N+](=O)[O-],38.61
Cn1c(-c2ccc(C(=N)N)cc2)ccc(-c2ccc(C(=N)N)cc2)c1=O,19.82
N#CNC(=O)c1ncc(C(=O)c2c(F)ccc(C(=O)NCCc3ccccn3)c2F)cn1,36.63
COc1ccc(S(=O)(=O)Nc2ccc(-n3c(O)cc(C)c3O)cc2[N+](=O)[O-])cc1OC,27.19
N#CC=Cc1ccc(-c2sc(-c3ccc(-c4ccc(C#N)cc4)cc3)nc2C(=O)N=c2cc[nH]cc2N)cc1,25.49
N#Cc1ccc2nc(Cl)c(C=NN=C(N)N)cc2c1,21.52
COc1ccc(CC2NCCc3c2[nH]c2ccc(OC)cc32)cc1,24.59
N#Cc1ccc2nc(-c3ccccc3Cl)sc2c1,20.42
N#Cc1ccc2cc(-c3nc(-c4ccc5c(c4)CCN5C(=O)CCC(=O)O)nc(-c4nc5ccccc5[nH]4)n3)ccc2c1,27.21
N#Cc1c(Cl)c(C#N)c(Nc2ccc(F)cc2)c(C#N)c1Cl,13.77
N#Cc1ccc(-c2nc(-c3ccc(-c4ccc(C#N)cn4)cc3)cc(-c3ccn(Cc4ccccc4)c(=O)c3)n2)cc1,19.75
N#Cc1cncc(-c2ncc(Nc3cnc(C(=O)N=c4[nH]c(C#N)cs4)c(=N)[nH]3)c(F)c2F)c1,36.33
N=C(NCc1ccc(Cl)c(Cl)c1)c1cccc(C(=O)N=c2cc[nH]cc2)c1,24.25
N#Cc1ccc(CC2CCN(CC=Cc3ccccc3)CC2)cc1,18.16
COc1ccc(-n2cnc3nc(-c4ccc(-c5nc(-c6ccc(Cl)cc6)c[nH]5)cc4)cc(-c4nc(C)no4)c3c2=O)cc1,32.44
N#Cc1ccc(-c2ccc(-c3nc(-c4ccc(-c5ccc(C#N)cn5)nc4)nc(-c4cc(-c5ccccn5)ccn4)n3)cc2)cc1,18.49
CC12C=C3C4=CC=Cc5cccc(c53)C1CC(CCC4)C2c1ccccc1,46.24
CC(C)CC(Sc1nc(-c2ccc(Cl)cc2)cc(-c2ccnc(-c3ccc(C#N)cc3)n2)c1C#N)c1cc(C#N)ccc1-n1ccc(C#N)n1,35.82
N=C1C(=O)c2ccccc2C(=O)C1N,17.46
CC(=O)N1CCCN(c2cc(-c3cccc(C#N)n3)nc(-c3cccc(C#N)n3)n2)CC1,12.9
N#CCC(=O)Nc1cccc(N=c2nc(Nc3ccc4c(c3)C(=O)c3ccc(N)cc3C4=O)cc[nH]2)c1,20.03
N#Cc1cccc(N2CCN(C3CCc4ccccc4C3)CC2)c1,19.93
N#Cc1ccc(C(=O)c2nc(-c3ccc(C#N)cc3)nc(-c3nnc(-c4ccc(Br)cc4)c(-c4ccc(Br)cc4)n3)c2N)cc1,24.34
N#Cc1ccc(-c2ccc(-c3nc(-c4ccc(-c5cc(Cl)cc(Cl)c5)cc4)nc(-c4nc(Cl)nc(Cl)n4)n3)cc2)nc1,19.17
Cc1cnccc1-c1cc2n[nH]c(=Nc3ccc(C(=O)N(C)C)cn3)nc2cn1,30.34
Cc1nc(-c2ncn(-c3nc(C#N)cc(Nc4ccc(F)cc4)n3)n2)n(C(C)C)n1,25.77
N#Cc1ccc(-c2ccc(CCS(=O)(=O)NCCc3c(CCOc4ccc(C(=O)O)cc4)c4cc(Cl)ccc4n3C(c3ccccc3)c3ccccc3)cc2)nc1,25.32
Cn1cc(C(=O)c2c[nH]c3ccc(-c4ccnc(-c5ccc[nH]c5=O)n4)nc23)c2ccccc21,34.33
C=CCn1c(COc2ccccc2)cc(=O)nc1SCc1cc(=O)n2cc(C)ccc2n1,22.73
Cn1nc(-c2cc3ccc(-c4noc(-c5ccncc5)n4)cc3cn2)nc1-c1ccc(C#N)cc1,26.77
N#Cc1cncc(-c2nc(-c3cncc(C#N)n3)nc(N3CC4CC3CO4)n2)c1,16.95
Nc1ccc2c(c1)C(=O)c1ccc(Nc3nc(Nc4ccc(F)cc4F)nc(N)c3[N+](=O)[O-])cc1C2=O,16.62
CCc1nc(=Nc2ccc3c(c2)CN(C(C)c2ccccc2)C3=O)cc(-c2ccccc2)[nH]1,32.43
CCOc1cccc(CN2CC(c3cc(=NC(=O)c4ccc(Cl)c(-c5ncccc5F)c4)n(-c4ccc(F)cc4)[nH]3)C2)n1,29.29
N#Cc1ccc(NC(=O)c2nc(-c3ccc(C#N)cc3)nc(=NN=Cc3ccc(-c4cc(F)ccc4[N+](=O)[O-])o3)[nH]2)cc1,38.26
CC(C)C(NC(=O)C(CO)NC(=O)OCc1ccccc1)C(=O)N=C(COC(=O)c1ccc(C#N)cc1)Cc1ccccc1,38.33
COC(=O)N1CCC(F)(c2cccc(C(C)NC(=O)N=c3ccc(Cl)c[nH]3)n2)CC1,35.18
N#Cc1ccc(-c2ccc(-c3nc(-c4ccc(C#N)c(F)c4)cc(C(F)(F)F)n3)cn2)nc1,15.49
Cc1nnc(C(Cc2ccc(N3CCC(NCc4ccc(-c5ccc(C#N)cn5)cc4)CC3)cc2)NC(O)=NO)o1,42.2
Cc1c(C)n(Cc2ccc(-c3cccc(C(=N)N)c3)cc2)c2ccc(C(=O)NCc3cccc(C#N)c3)cc12,24.75
N#Cc1ccc(C(c2ccc(C#N)cc2Oc2ccc(-c3cncc(C#N)c3)cc2C(=O)Nc2ccc(C(=O)O)c(F)c2)n2ccnc2)cc1,38.12
CN(C)c1ccc(-c2nc(-c3ccc(-c4ccc(C#N)cc4)cc3)nc(-c3ccc(-c4ccc(C#N)cn4)cc3)n2)cc1,11.28
N#Cc1cccc(NC(=O)N2c3ccccc3Cc3cccnc32)c1,23.58
COc1cc(CN=c2cc[nH]c(-c3cncc(C#N)c3)n2)cc(C#N)c1OCc1ccc(F)cc1,27.3
COc1ccc(C=Nc2ccc([N+](=O)[O-])cc2Cl)c2cccnc12,27.82
N#Cc1cc(-c2ccc(-c3cc(=Nc4ccccc4)[nH]c(-c4ccncc4F)n3)cc2)c[nH]c1=N,25.78
Cc1c(C(=O)NCc2ccc(Cl)c(Cl)c2)nnn1-c1cc(-c2noc3cc(F)ccc23)ccn1,34.53
O=C(Nc1cc(O)c(N=Cc2ccc(O)c(O)c2)cc1O)c1ccccc1,18.75
N#Cc1ccc(-c2ccc(-c3nc(-c4ccc(OC(F)(F)F)cc4)c[nH]3)cn2)nc1,18.9
N#Cc1cccc(-c2nc(-c3cccc(C#N)n3)nc(N3CCC(F)(F)C3)n2)n1,7.82
N#Cc1ccc(-c2ccc(-c3nc(-c4ccc(-c5ccc(C#N)cn5)cc4)nc(-c4cc(Cl)cc([N+](=O)[O-])c4)n3)cc2)cc1,23.73
CC(C)N1CCc2nc(CSc3nc(-c4ccccc4)c(-c4ccc(C#N)cc4)nc3-c3ccc(F)cc3)ccc2C1=O,28.93
N#Cc1ccc(-c2ccc(-c3nc(-c4ccc(-c5cnn(CC6OCCO6)c5)cc4)nc(-c4cccc(C#N)c4)n3)cc2)nc1,27.78
O=C1CCN(c2ncc3c(=O)c(C(=O)O)cn(-c4ccc(O)c(C(F)(F)F)c4)c3n2)CC1,32.94
N#Cc1ccc(-c2ccc(-c3nc(-c4ccc(-c5ccc(C#N)cn5)nc4)nc(-c4ccc(-c5cncc(C#N)c5)c(F)c4)n3)cn2)nc1,11.38
CC(C)(C)OC(=O)n1cc(C(Cc2ccc(-c3ccnc(C#N)c3)cc2)=NNC(=O)Cc2ccc(C#N)cc2)c2cc(C#N)ccc21,46.5
COc1nc(C#N)cc(-c2ccc(F)cc2)c1-c1ccc(S(C)(=O)=O)cc1,24.16
Nc1ccc2c(c1)C(=O)c1ccc(Nc3ccnc(Nc4ccc5c(c4)CCC5=NO)n3)cc1C2=O,11.35
Cc1cc(Cl)cc2c1NC(=O)C2=Cc1ccc(N=c2cc[nH]c3cc(Cl)ccc23)cc1,32.3
CCN1C(C)CCC1N=Cc1ccc(-c2nc(-c3ccc(C=CC(=O)Nc4ccc(C(=N)N)cc4)cc3)nc(-c3ccc(NC(=N)N)cc3)n2)cn1,45.81
Cc1nc(-c2nc(C#N)c(C#N)c(-c3ccc(Cl)cc3)n2)nc(C#N)c1F,30.38
N#CCCCn1ncc2c(-c3ccc(-c4cc(F)cc(C#N)c4)cc3)nc(C#N)nc21,22.28
N#Cc1c(-c2ccccc2)cc(-c2cccnc2)[nH]c1=N,15.08
Cn1cc(-c2nc(-c3ccc(C#N)nc3)nc3c(=N)[nH]ccc23)cn1,20.98
N#CC=Cc1ccc(-c2noc(-c3ccc(C(=O)Nc4ccccc4)nc3)n2)cc1C#N,35.28
CCc1nc(-c2ccc(OC(C)C)c(C#N)c2)ccc1-c1nc(-c2ccc(-c3cccc(C=CC#N)n3)c(F)c2)nc(-n2cnc3c2CCC3)n1,35.78
CN(C)CCN(C)c1ccnc2c(C(=O)NC3CCN(C(=O)c4ccc(-c5ccc(C#N)cn5)cc4F)CC3)cccc12,35.45
Cn1c2c(c3cc(C#N)ccc31)C(=O)NCc1cc3c(cc1-2)C(=O)CC3(C)C,30.31
Clc1nc2ccccc2c2ccccc12,20.6
Cc1cc(-c2nc(-c3ccc(-c4ccc(C#N)cn4)nc3)nc(-c3cc(Cl)cc(C#N)c3)n2)ccc1CN1CCCC1,29.7
N#Cc1ccc(-c2cc(-c3ccc(C(N)=O)cc3)nc(-c3ccc(C#N)cc3)n2)cc1,17.05
N#Cc1ccc(-c2ccc(-c3nc(-c4ccc(-c5ccc(C#N)cn5)nc4)nc(-c4ccc(-c5ccc(C#N)cn5)nc4)n3)cc2C#N)cc1,14.74
N#Cc1ccc(C2(O)c3cccn3C3=NCCN32)cc1,20.5
COc1cc(-c2cc(-c3ccc4c(c3)OCO4)nc(N=Cc3ccc(Cl)c([N+](=O)[O-])c3)n2)ccc1OCCCF,36.59
CC(C)(C)OC(=O)NCCCNc1c(O)cc(N=Cc2ccc(C#N)cc2)nc1C(=O)Nc1ccc(Sc2cccc(C(=O)NC(C#N)CCCCN)c2)cc1,35.1
O=C(O)Cc1nc(-c2ccc(-c3ccc(F)c(Cl)c3)cc2)nc(-c2cnc(-c3cc(F)c(F)c(F)c3)c(F)c2F)n1,27.96
N#CC#Cc1c[nH]c(=N)cn1,16.46
O=C(COC(=O)c1cccc(Br)c1)Nc1cc(F)ccc1F,26.53
N#Cc1cc(S(=O)(=O)Nc2ccc(-c3nc(C(F)(Cl)Cl)n[nH]3)c(F)c2)ccc1F,28.8
N#Cc1ccc(-c2ccc(CC(=O)NN=Cc3cccc(Cn4nc(-c5ccc(Cl)c(Cl)c5)nc4-c4ccc(Cl)cc4)c3O)cc2)cc1,30.84
N#Cc1ccc(-c2nc(-c3cncc(C#N)c3)cc(=N)[nH]2)cc1,13.93
Cc1c(C#N)c(O)n(CCc2ccccc2)c(=O)c1C=Nc1cccc(C(F)(F)F)c1,25.24
N#Cc1ccc(-c2ccc(-c3nc(-c4ccc(-c5ccc(C#N)cn5)cc4)nc(-c4cccc(-c5ccc(-c6cccc(C#N)n6)cc5)c4)n3)cc2)cc1,13.7
O=C(OCCN1CCN(CC=Cc2ccccc2)CC1)c1ccc(F)cc1,24.2
N#Cc1ccc(-c2nc(-c3ccc(-c4ccc(C#N)c(F)c4)cc3)nc(-c3cccc(C#N)n3)n2)cc1,16.59
O=C(Cc1c[nH]c2ccccc12)N=c1ccc(-c2ccc(Cl)cc2)n[nH]1,22.15
COc1cc2c(cc1OC)C(c1ccc(Cl)cc1)N(C(=O)c1ccc(-c3ccc(Br)cc3)o1)CC2,27.74
N#CC1=Cc2ccccc2NC1(c1ccc(C#N)cc1)c1ccc(-c2ccc(-c3ccc(C#N)cc3)cc2)cc1,19.88
CCCn1nc(C(=O)N(CC)c2ccc(OC)cc2)c2ccccc2c1=O,24.45
CN1CCN(c2ccc3c(-c4cccc(C#N)c4)nc(=O)n(C4CCN(CCNC(=O)c5cccc(C#N)c5)CC4)c3n2)CC1,38.3
COc1ccccc1N1CCN(C(=O)c2ccc3c(c2)N(Cc2ccc(C)cc2)C(=O)c2ccccc2S3)CC1,26.86
N#Cc1ccc(-c2cc(C(F)(F)F)[nH]c(=NC(=O)c3cnccn3)n2)cc1,21.84
N#Cc1ccc(-c2ccc(-c3noc(-c4ccc(-c5ccccc5C#N)cc4)n3)cn2)nc1,15.6
CC(C)Oc1ccc(-c2nc(CC(N)=O)c(-c3ccc(-c4ccc(C(N)=O)nc4)nc3)s2)cc1C#N,26.1
Cc1nccc(-c2ccc(-c3nc(-c4ccc(C#N)cn4)nc(N4CCOCC4)n3)cn2)n1,13.92
COc1ccc(C=CC(=O)NC(=S)Nc2ccc(C)cc2)cc1OC,24.14
Cc1cc(OC(=O)c2ccc3ccccc3c2)nc(-c2ccc(C#N)cc2)n1,22.58
COc1ccc(-c2ccc3oc(=NS(=O)(=O)c4ccc(C#N)c(Cl)c4)ccc3c2)cn1,31.9
Cn1cc(O)c2ccccc21,22.97
N#Cc1ccc(-c2ccc(-c3nc(-c4ccc(C#N)cc4)nc(-c4c(F)c(F)c(C#N)c(F)c4F)n3)cc2)cc1,10.88
N#Cc1cc(C=Nc2ccc(-n3c(=O)n(CCC(=O)O)c4ccc(C(F)(F)F)cc43)cc2)c2ccccc2c1,40.01
N#Cc1ccc(-c2cc(-c3ccc(-c4nc(-c5ccc(-c6ccc(C#N)cn6)cc5)nc(-c5ccc(-c6cccc(C(F)(F)F)n6)nc5)n4)cc3)nc(-c3ccc(C#N)cc3)n2)cc1,21.17
C#Cc1cccc(-c2cc(C(=O)c3cc(C#N)cc(C#N)c3)n(C)c2)c1,24.27
Nc1ccc2c(c1)CCc1ccc(Nc3cccc(C(=NO)C(=O)N=c4cc[nH]cc4)n3)cc1C2=O,22.46
Cc1cc(N=c2nc(-c3ccc(C#N)nc3)cc[nH]2)ccn1,21.14
C[N+]1=C(C=Cc2ccc(-c3cc(-c4ccc(C=NN=C5c6ccccc6C(=O)C(=O)N5c5ccc(Cl)cc5)cc4)nc(-c4cccc(C=NO)n4)n3)cc2)N=CC(C=NNC(=S)NN)N1,64.03
CCNCc1ccc(-c2cccc(-c3nc(-c4ccc(-c5ccc(C#N)cc5)cc4)nc(-c4ccc(-c5ccc(C#N)cn5)cc4)n3)n2)cc1,28.57
N#Cc1ccc(NC(=O)Nc2ccc(-c3nc(-c4ccc(-c5ccc(C#N)cc5)cc4)nc(-c4ccc(-c5ccc(C#N)cn5)cc4)n3)cc2)cc1,15.17
N=C(N)c1ccc(C=C2CN(C(=O)CC3CCCC3)CC(=Cc3cccc(F)c3F)C2=O)cc1,29.31
NC1CCN(C(=O)Cc2ccc(Cl)nc2)CC1O,30.48
CCOc1cc2c(cc1-c1ccc(C#N)nc1)CC1(C)C(=O)N(c3ccccc3)C(=O)N21,33.57
N#Cc1ccc(-c2nc(CC3CCCC3)nc(C#N)c2-c2ncc(-c3ccc(F)cc3Cl)s2)nc1,37.02
N#Cc1ccc(-c2nc(-c3ccc(-c4ccc(C#N)cn4)cc3)cc(-c3cccc(-c4ccc(-c5nc(=O)c6ccccc6[nH]5)cc4)c3)n2)cc1,20.69
N#Cc1ccc(-c2nc(-c3ccc(C#N)cn3)cc(-c3cccc(C#N)n3)n2)cc1,12.87
N#Cc1cccc(-c2nc(-c3cccc(C#N)n3)nc(N3CCOCC3c3ccccc3)n2)n1,16.39
CC(NC(=O)c1ccc(-c2nc(-c3ccc(CN4CCN(CCCN)CC4)cn3)nc(N3CCOCC3)n2)cc1F)c1ccc(C#N)cc1,32.04
N#Cc1ccc(C(=O)N=c2[nH]c3ccc(C#N)cc3[nH]2)cc1,17.96
N#Cc1cccc2c(-n3cnc(-c4c(F)c(F)c(F)c(F)c4F)c3)ccnc12,27.39
Cn1nc(C(C)(C)C#N)cc1-c1nc(-c2ccc(-c3cccc(C#N)c3)cc2)nc(-c2cncc(C#N)c2)n1,20.88
N#Cc1ccc(-c2ccc(-c3cccc(C(=O)NCc4ccccn4)n3)c(F)c2)cc1C(F)(F)F,28.79
N#Cc1ccc(-c2ccc(-c3nc(-c4ccc(-c5cccc(C#N)c5)nc4)nc(-c4cccc(C#N)c4)n3)cc2)nc1,15.62
CC(C)Oc1ccc(-c2ccc(-c3nc(-c4ccc(-c5ccc(C#N)cn5)nc4)nc(-c4ccc(-c5ccc(C#N)cn5)nc4)n3)cc2)cc1C#N,8.25
N#Cc1ccc2c(O)n(-c3ccc(F)c(F)c3)c(C#N)c2c1,25.17
N#Cc1cncc(-c2cccc(C(=O)Nc3ccc4c(c3)C(=O)c3ccc(N)cc3C4=O)c2)c1,16.86
CC1=C(C#N)C(=O)NC1c1cc(-c2ccc(-c3nc(Cl)nc(Cl)n3)cc2)cc(-c2ccc(-c3nc(Cl)nc(Cl)n3)cc2)c1,14.7
Cc1ccc(C[S+]([O-])CCCCC=CC(=O)N2CCCC2)cc1,33.5
N#Cc1cnc(-c2ccc(-c3nc(C#N)c(N4CCCCC4)nc3-c3ccc(F)cc3)c(F)c2)c(C#N)c1,24.12
N#Cc1ccc(-c2nc(-c3cncc(C#N)c3)nc(-c3cncc(C#N)n3)n2)cc1,13.91
N#Cc1ccc(N=Cc2ccccc2O)cn1,14.91
CS(=O)(=O)N1CCOC2CCN(Cc3cccnc3)CC21,24.39
N#Cc1ccc(-c2ccc(-c3nc(-c4ccc(-c5cc(F)ccc5Cl)cc4)nc(-c4ccc(-c5ccc(C#N)cn5)nc4)n3)cn2)nc1,13.72
Cc1c(C(=O)Nc2cccc(C#N)c2)oc2c1C(=O)c1ccccc1C2=O,22.89
COCC(C)n1c(=O)[nH]c(=Nc2ccc(OC(C)C)c(F)c2)n(Cc2ccccc2)c1=O,18.72
CCCCCc1ccc(-c2nc(-c3ccc(-c4ccc(C#N)cn4)cc3)nc(-c3ccc(-c4ccc(C#N)cn4)nc3)n2)cn1,22.27
N#Cc1ccc(C2CC(c3cccc([N+](=O)[O-])c3)=Nc3ccccc3[S+]2[O-])cc1,27.03
Cc1n[nH]c(C)c1-c1ccc(C(=O)NC(Cc2ccc(-c3cccc(C(F)(F)F)c3)cn2)C(=O)O)cc1,34.68
Cn1c(C#N)ccc1-c1ccc(-c2nc(-c3ccc(-c4ccc(C#N)cc4)cc3)nc(-c3ccc(-c4ccc(C#N)cn4)cc3)n2)cc1,13.22
c1cc(-c2ccc(-c3ccc(-c4nc5cc(C6=NCCN6)ccc5[nH]4)cc3)cc2)c2cc(C3=NCCN3)ccc2c1,23.33
CN(Cc1ccccc1)Cc1nc2cc(C(=O)NCc3ccc(Cl)c(Cl)c3)ccc2n1Cc1ccc(-c2ccccc2)cc1,30.63
N#Cc1ccc(-c2ccc(-c3nc(-c4ccc(-c5ccc(F)cc5)cc4)nc(-c4cncc(C#N)c4)n3)cn2)cc1,23.15
CN1CCN(S(=O)(=O)c2ccc(-n3nc(C(F)(F)F)cc3-c3ccc(C#N)cc3)nc2)CC1,27.44
CC(=O)c1ccc(N=c2nc(-c3nc(C#N)c[nH]3)nc(-c3ccc(C#N)cc3)[nH]2)cc1,23.96
N#CC=Cc1ccc(CCc2cccc(NC(=O)c3ccc(C#N)cc3)c2)cc1,24.48
Cc1ccccc1C(=O)OCc1cc[nH]c(=S)n1,27.67
N#Cc1ccc(-n2ncc3c(-c4nnc(CN)o4)ncnc32)cc1,20.01
CN1C(C#N)=NSc2ccccc21,19.28
N#Cc1ccc(-c2ccc(-c3nc(-c4ccc(-c5ccc(C#N)cn5)nc4)nc(-c4c[nH]c(C(F)(F)F)n4)n3)cc2)nc1,18.25
N#Cc1ccc(-c2nc(-c3ccc(-c4c[nH]c(=N)c(C#N)c4)nc3)nn2Cc2ccccc2)nc1,18.34
N=c1[nH]c(-c2cc[n+](-c3ccccc3)cn2)cc(=O)[nH]1,21.06
Cc1ccn2nc(-c3ccc(-c4ccc(C#N)cc4)cc3)nc2c1C#N,17.44
N#Cc1ccc(-c2ccc(-c3nc(-c4ccc(-c5ccc(C#N)cn5)nc4)nc(-c4ccc(-c5ncc(F)cn5)nc4)n3)cn2)nc1,12.8
N#Cc1ccc(-c2ncc(-c3ccc(-c4nc(-c5ccc(-c6ccc(C#N)cn6)cc5)nc(-c5cccc(C#N)n5)n4)cc3)s2)cc1,18.82
O=CN1CCN(C=Nc2cccc(-c3ccc(Cl)cc3)n2)CC1,12.22
O=C(Nc1ccccc1)c1ccc(-c2cc(-c3c[nH]c4ccc(-c5nc(Cl)nc(Cl)n5)cc34)nc(-c3ccccc3)n2)cc1,25.01
O=c1cc(OCc2ccccc2)cc(CCc2ccccc2)o1,22.07
N#Cc1ccc(-c2ccc(-c3nc(-c4ccc(C(F)(F)c5ccccc5)cc4)nc(-c4ccc(C=O)s4)n3)cc2)nc1,26.96
Cc1c(C#N)c(=O)oc2cc(OCc3ccc(C#N)cc3)ccc12,15.22
Cc1cc(C#N)nc(-c2nc(-c3cccc(C#N)n3)nc(N3CC(C(F)(F)F)C3)n2)c1,19.74
CCCC(=O)N=c1cc(-c2ccc(C#N)cc2)[nH]c(-c2ccc(-c3ccc(C#N)cc3)cc2)n1,17.41
COc1cc(OC)c2c(-c3ccc(-c4ccc(C#N)cc4)cc3)cc(=O)oc2c1,16.79
C[n+]1ccc(C=Cc2ccc(C=Nc3ccc(N=CCCCCCCCN)cc3)cc2)cc1,27.65
N#Cc1ccc(-c2cc(-c3ccc(C=Nc4c(O)cc(N)c(Nc5cccc(C#N)c5)c4O)cc3)nc(-c3ccc(C#N)cc3)n2)cc1,15.98
COC(=O)Cc1c(C)n(S(=O)(=O)c2ccccc2)c2ncccc12,28.32
CC(NCC1CCCO1)c1cccc(Oc2ccccc2)c1,30.49
Cc1cc(-c2ccc(C(NC(C)(C)C)c3ccc(F)cc3)cn2)cc(C#N)n1,20.88
O=C(c1ccc(Br)o1)N1CCc2ccccc21,21.35
Cc1ccc(-n2ncc(C=NN=c3[nH]c(-c4ccc(Cl)c(Cl)c4)cs3)c2-n2cccc2)cc1,24.36
Fc1ccc(Cn2c(=NCCNCc3ccccn3)[nH]c3ccccc32)cc1,22.87
COc1cc(N=CC=Cc2ccccc2)cc(OC)c1OC,22.3
O=C(Nc1ccc(C(=O)NCCCCCCC(O)=NO)cc1)OCc1ccccc1,24.52
N#Cc1ccc(N=Cc2noc(-c3ccc(-c4nc(-c5ccc(C#N)cc5)nc(-c5ccc(C#N)cc5)n4)cc3)n2)cc1,20.41
N#Cc1ccc(-c2ccc(-c3nc(-c4ccc(-c5ccc(C#N)cn5)nc4)nc(-c4ccc(C#N)cc4F)n3)cn2)nc1,11.23
N#Cc1cncc(-c2ccnc(-c3cncc(C#N)c3)n2)c1,12.21
CCCc1nc(-c2ccc(OC(C)C)c(C#N)c2)sc1-c1nc(-c2ccc(C#N)cc2)nc(-c2cccc(C#N)n2)n1,25.76
O=[N+]([O-])c1ccnc(C=Cc2ccc(-c3cc(Cl)cc(Cl)c3)cc2)n1,24.45
Cc1c(C#N)ccc2[nH]c(=NC(=O)NN=Cc3ccc4c(c3)CCC4)oc12,30.19
CCc1cc(C(=O)Nc2cccc(C(=O)Nc3cccc(C(=O)N=c4ccnc(C(=O)NCCN5CCOCC5)[nH]4)c3)c2)n(C)n1,30.08
Cc1cc(OCCCn2cc(-c3ccc(-c4ccc(C#N)cc4)cc3)nn2)c(C)c2c1OC(C)(C)C1CC=COC21,36.58
N#Cc1cccc(-c2ccc(-c3nc(C(F)(F)F)cc4ccc(C(=O)NCc5cccnc5)cc34)cc2)c1,25.96
N#Cc1cccc(-c2ccc(-c3cc4c(cc3C#N)CN(C3COC3)CC4)cc2)c1,15.34
N#Cc1ccc(-c2ccc(-c3nc(C#N)nc(-c4ccc(-c5ccc(C#N)cn5)nc4)n3)cc2)nc1,11.7
CC1(C)CNc2nc(C#N)nc(-c3ccc(-c4ccc(C(N)=O)c(F)c4)cc3)c2NC1,20.98
Fc1ccc(Cn2c(=NC3CCN(CCc4cccc(F)c4F)CC3)[nH]c3ccccc32)cc1,15.26
O=C1c2ccccc2NCCn2nc(COc3ccccc3)cc21,30.19
Cc1ccc(-c2ccc(-n3c(O)c(O)c(C(=O)C(C)C)c3-c3cccnc3COCC#N)cc2)o1,31.84
Cc1ccc2c(c1)C1(O)C(=O)c3c(O)cc(OC4OC(CO)C(O)C(O)C4O)c(Br)c3OC1O2,36.23
N#Cc1ccc(-c2cccc(-c3ccc(-c4ccc(-c5ccc6nc(-c7ccccn7)n(CCN7CCOCC7)c(=O)c6n5)cc4)s3)n2)cc1,35.69
Cn1c(O)c(C=Nc2ccccc2-c2ccccc2)c2ccccc21,24.64
CN(C)c1ccc(-c2nc(-c3ccc(C#N)cc3)nc(-c3cccc4c(C#N)c5ccccc5cc34)n2)cc1,19.9
Cn1[nH]c(C(C)(C)C)cc1=NC(=O)Nc1ccc(Cl)cc1,17.95
C#CCn1cc(C(=O)C(=O)Nc2cccc(C#N)c2)c2ccccc21,20.02
CC(C)(O)C#Cc1ccc2c(c1)CCn1c(-c3ccc(Cl)c(OC(F)F)c3)nnc1-2,25.47
N#Cc1ccc(S(=O)(=O)Cc2ccc(Nc3c(Cl)c(C#N)cc(C#N)c3Cl)cc2C(F)(F)F)cc1,36.61
N#Cc1ccc(-c2ccc(-c3cccc(-c4ccc(-c5n[nH]c(=S)n5-c5ccc(F)cc5)cc4)c3)cc2)nc1,24.6
COc1cc2nccc(Oc3cnc(N4CCC(C)(CC#N)C4)nc3)c2cc1OC,30.14
CC1(NC(=O)c2ccc(NC(=O)N3Cc4ccccc4C3)cc2)CCc2ccccc21,26.19
COc1ccc(C#N)cc1-c1nc(C=Cc2ccc(NC(=O)Nc3ccc(C#N)cc3)cc2)n(C)n1,26.31
COc1ccc(Cn2ccccc2=NC(=O)CC2CCN(Cc3ccccc3)CC2)cc1Cl,34.95
N#Cc1ccc(-c2ccc(-c3nc(-c4ccc(-c5cccc(C#N)c5)cc4)nc(-c4ccc(C#N)cn4)n3)cn2)nc1,13.31
COc1ccc2cc(-c3nc(-c4ccc(-c5ccc(C#N)cn5)nc4)nc(-c4ccc(-c5nc(Cl)nc(Cl)n5)nc4)n3)ccc2c1,22.68
Nc1ccc2c(c1)C(=O)c1ccc(Nc3nc(Nc4ccc5c(c4)Cc4ccccc4NC5=O)nc(Nc4ccc5c(c4)C(=O)c4ccccc4C5=O)n3)cc1C2=O,12.63
Cc1ccc(-c2nc(-c3ccc(C#N)cc3)nc(-c3ccc(-c4ccc(C#N)cc4)cc3)n2)nc1C#N,18.71
Cc1cc(-c2ccccc2)nc(-c2cnc(-c3ccc(-c4cc(-c5ccc(C#N)cc5)nc(-c5ccc(C#N)cc5)n4)cc3)c(F)c2F)n1,26.42
Cn1cc(-c2cnc3ccc(N(Cc4ccc(-c5ccc(C#N)cn5)cc4)C4CCN(CC#N)C4)cc3n2)cn1,32.66
CCNC(=O)C1OC(n2cnc3c(=Nc4cc(C#N)c(Cl)c(C(F)(F)F)c4)nc(C#N)[nH]c32)C(O)C1O,34.49
COc1cc(CCC(=O)N=CC(=O)N(C)c2ccc(Cl)c(COc3cccc4ccc(C)nc34)c2Cl)ccc1-n1ccc(C#N)c1,30.83
Cc1nc2ccc(-c3cc(C#N)ccc3C#Cc3cccnc3)cn2c1C,24.21
N#Cc1ccccc1-c1ccc(C(=O)NCc2ccccc2)cc1C#N,28.75
N#Cc1c(Cl)noc1Nc1ccc(Cl)c(Cl)c1,18.77
Nc1ccc2c(c1)C(=O)c1ccc(Nc3nc(Nc4ccc5c(c4)C(=O)c4ccc(N)cc4C5=O)nc(Nc4ccc5c(c4)S(=O)(=O)NC5=O)n3)cc1C2=O,9.08
ON=Cc1cc[n+](CCCC[n+]2ccc(C=NO)cc2)cc1,16.89
CN1CCN(c2cc3ncc(-c4ccc(-c5ccc(C#N)nc5)nc4)nc3cn2)CC1,23.97
N#Cc1cnc(-c2ccc(-c3ccc(C#N)nc3)nc2)nc1,10.01
N#Cc1ccc(S(=O)(=O)Nc2ccc(F)c(C#N)c2)cc1,16.11
CC(C)=c1ccc(=C(C#N)C#N)cc1,13.39
N#Cc1cnc(-c2cccc(-c3ccc(C#N)c(F)c3)c2F)nc1,16.59
Cc1nc(Nc2ccc3c(c2)C(=O)c2ccc(N=CN4CCC(C)CC4)cc2C3=O)[n+]([O-])n1-c1cccc([N+](=O)[O-])c1,29.62
N#Cc1ccc(-c2ccc(-c3nc(-c4ccc(-c5ccc(F)c(C#N)c5)nc4)nc(-c4ccccn4)n3)cn2)nc1,13.99
N#Cc1c2ccccc2c(-c2nc(-c3c4ccccc4cc4ccccc34)nc(-c3c4ccccc4c(C#N)c4ccccc34)n2)c2ccccc12,8.9
O=C(NC(Cc1c[nH]c2ccccc12)C(=O)N=c1cc[nH]cc1)c1ccc(-c2ccc(Br)cc2)cc1F,27.79
N#Cc1ccc(-c2ccc(COc3ccc(-c4cccc(C#N)n4)cc3)cc2)cc1,13.59
N#CC=Cc1ccc(-c2nc(-c3ccc(-c4ccc(C#N)cn4)cc3)nc(-c3ccc(-c4nc(Cl)nc(Cl)n4)cc3)n2)cc1Cl,18.17
N#Cc1ccc(S(=O)(=O)Nc2cccc(OCc3cccc(C4c5c(nc(-c6c7ccccc7c(C#N)c7ccccc67)nc5-c5cc6ccccc6oc5=O)NC(=N)C4C#N)c3)c2)cc1,48.16
N#Cc1cncc(-c2ccc(C(=O)Nc3ccc(OC(F)(F)F)cc3)s2)c1,20.41
N#Cc1ccc(N2CCN(C(=O)c3cccc(C#N)c3)CC2)nc1,18.92
N#Cc1cccc(CNc2cc(=Nc3cccc(C#N)c3Cl)[nH]cc2C(N)=O)n1,35.38
C=C(N)C(Cc1ccc(-c2cccc(C#N)n2)cc1)c1cnc(-c2cncc(C#N)c2)cn1,30.11
Clc1ccc(CCN=c2cc(-c3ccc4ccccc4c3)nc(-c3ccccn3)[nH]2)nc1,25.33
N#CC(=Cc1cc2ccccc2s1)C(=O)NCc1ccccn1,26.01
Cc1cc(F)ccc1N=c1[nH]c(N2CCC(N)CC2)nc2c(C#N)c[nH]c12,22.18
COCCn1c(SCC(=O)N2c3ccccc3Sc3ccccc32)nnc1-c1ccc(C)cc1,25.56
N#Cc1ccc(-c2ccc(-c3nc(-c4ccncc4)nc(-c4cc(C#N)ccc4C#N)n3)cn2)nc1,20.29
N#Cc1ccc(-c2nc(-c3ccc(-c4cc(C#N)ccc4C(C#N)C#N)nc3)nc(N3CCOCC3)n2)nc1,29.3
Nc1ccc2c(c1)C(=O)c1ccc(Nc3nc(Nc4ccc5c(c4)Cc4ccccc4NC5=O)nc(Nc4ccc5c(c4)C(=O)c4ccc(N)cc4C5=O)n3)cc1C2=O,9.69
N#Cc1ccc(-c2nc(-c3cncc(C#N)c3)nc(-c3cnc(Cl)c(C#N)c3)n2)cc1,16.83
N#Cc1ccc(-c2cc(C#N)nc3nc(C#Cc4ccc(-c5nc6cc(C(N)=O)ccc6[nH]5)cc4)ccc23)cc1,26.38
Cc1c(C(=O)Nc2ccc(F)c(Cl)c2)sc2ncnc(N3CCCC3)c12,24.94
N#Cc1ccc(CCNc2ccc(Cl)c(C#N)c2)cc1,24.83
N#Cc1ccc(-c2ccc(-c3nc(-c4ccc(-c5cccc(C#N)c5)cc4)nc(-c4ccc(-c5ccc(C#N)cn5)cc4)n3)cc2)cc1,9.19
CCc1cccc(-c2nc3c(-c4nc(C5CC5)ncc4C#CC4CC4)cc(C#N)cc3[nH]2)n1,37.96
N#Cc1ccc(-c2nc(N3CCN(c4nc(Cl)c5ccc(Cl)cc5n4)CC3)nc3ccccc23)cn1,34.16
CCc1oc2cc3c(-c4cccc(F)c4)noc3c(Cl)c2c(=O)c1C(=O)O,40.76
N#CC=CS(=O)(=O)c1ccc(Oc2ccc(C#N)cc2C#N)cc1,16.06
N#Cc1ccc(-c2nc(-c3ccccc3)nc(-c3ccc(C#N)cc3)n2)cc1,12.18
N#Cc1cncc(-c2cc(C(=O)N3CCC(c4ccccn4)CC3)ccc2C#N)n1,26.39
COc1ccc(C)cc1S(=O)(=O)Nc1sccc1C#N,25.05
COc1ccc(C(=O)C(=NO)c2ccc(C(C#N)C(=O)NCc3ccccc3)cc2)cc1,32.71
CC(=O)c1cccc(-c2cccc(C=CC(=O)C=Cc3ccc(F)c(F)c3)c2)c1,25.81
N#Cc1ccc(COc2cccc(OCCSc3nc(-c4ccc(C#N)cc4F)ccc3C#N)c2)cc1,33.19
N=C(N)N1CCCC1c1ncc(-c2ccc(-c3nc(N=c4cccc(C(F)(F)F)[nH]4)nc(-c4ccc5ccccc5c4)n3)cc2)cn1,35.08
Cc1ncn(-c2ccc(N=c3[nH]cc(C(F)(F)F)c(=NC4CCCC4NS(=O)(=O)c4ccc(C#N)cc4)[nH]3)cc2)n1,35.49
N#Cc1cncc(-c2nnc3ccc(-c4ccccn4)cn23)c1,16.72
N#Cc1ccc(-c2nc(-c3ccncc3)nc(-c3ccc(-c4ccc(C(N)=O)cc4)cc3)n2)cc1,16.81
COc1ccc(C(=O)C=Cc2ccc3c(c2)OCO3)c(O)c1,17.58
N#Cc1ccc(-c2ccc(C(=O)N3CCc4cc(CN(Cc5nc6ccccc6[nH]5)n5cnnc5)cc(Cl)c4C3)cc2C#N)nc1,51.09
COc1cc(C=CC(=O)c2ccccc2)ccc1O,16.21
CC(C)CNC(=O)C=Cc1ccc(-c2cc(-c3ccc(-c4ccc(C#N)cc4)cc3)ccn2)cc1,29.87
O=c1cc(Cn2cnc3ccc(Br)cc3c2=O)c2cc3ccccc3cc2o1,30.55
N#Cc1ccc2oc(COc3ccc(-c4cc(=O)c5c(F)cc(F)cc5o4)cc3)nc2c1,27.25
N#Cc1ccc(CN=c2nc(-n3cccn3)nc(-c3ccc(F)c(C(N)=O)c3)[nH]2)cc1,21.3
CN(C)CCN1C(=O)C(Cc2ccc(-c3cnn(C)c3)cc2)NC(=O)c2ccc(N(C)C)cc21,31.51
CC1(c2cc(NC(=O)c3nc(C(F)(F)F)cc(C(F)(F)F)n3)ccc2F)C=CSC(=N)N1,22.45
Cc1cncc(-c2nc(N3CCN(C4CCOCC4)CC3)c3c(-c4cncc(C#N)c4)nc(C=Cc4ccnc(C5CC5)n4)cc3n2)n1,28.25
COc1ccc(NC(=O)NN=Cc2cc(C)n(-c3ccc(C#N)cc3)c2C)cc1,25.64
C#CCN(CC#N)CCOc1nc(-c2ccc(-c3ccc(F)c(C#N)c3)cc2)cc(=Nc2ccc(C#N)cc2)[nH]1,25.2
CC(=S)NCC1(c2ccccc2)CCN(c2ncccn2)CC1,30.37
Cc1csc(-c2ccc(-c3nnc(-c4nc(-c5cccc(C#N)n5)nn4C)s3)c(Cl)c2Cl)c1,34.08
O=C(C=Cc1cccnc1)NCCc1ccc(F)cc1,19.87
N#Cc1cccc(C#Cc2ccc(CCC(=O)O)cc2)c1,13.09
N#Cc1ccc(-c2ccc(-c3nc(N4CCOCC4)c4ccccc4n3)cc2)cc1,12.3
N#Cc1ccc(N2CCCC(C(=O)Nc3cc(F)cc(F)c3)C2)nc1,24.74
NC(=O)C(=O)N1CC(n2cc(-c3ccccn3)nn2)CC1C(O)=NO,26.03
CC1COCCN1c1cc(-c2ccc3[nH]nc(-c4cccc(-c5ccc(-c6ccc(C#N)cn6)cn5)n4)c3c2)nc(C2CC2)n1,31.45
N#Cc1cccc(-c2ccn(CCN3CC4CCC(c5ccc(F)cc5)(C4)C4CC43)c(=O)c2)c1,33.94
N#Cc1cccc(-c2ccc3c(c2)C2(COC(=N)N2)c2ccc(C#CC(O)CN4CCOCC4)cc2O3)c1,32.31
Fc1ccc(-c2cn(Cc3ccccc3F)cn2)cc1,21.33
N#Cc1c(-c2cccnc2)c(C#N)c2[nH]c3ccccc3n2c1=N,17.71
O=C(C=Cc1ccc(-n2cccn2)cc1)N=C1NCCS1,26.09
O=C(Nc1cccc(C(F)(F)F)c1)c1sccc1[N+](=O)[O-],24.2
COC1CCN(c2nc(-c3ccc(-c4ccc(C#N)cn4)nc3)nc(-c3ccc(-c4cccc(C#N)n4)cn3)n2)C1,20.11
CN=c1ccc(-c2ccnc3c2nc(-c2cncc(C#N)c2)c(=O)n3Cc2cccc([N+](=O)[O-])c2)c(-c2ccc(C(F)(F)F)cc2)[nH]1,43.1
N#Cc1ccc(OCc2cc(OCc3cc(-c4ccc(C#N)cc4)nc(-c4ccc(C#N)cc4)n3)nc(-c3ccc(-c4ccc(C#N)cc4)cc3)n2)cc1,18.88
O=C(C=Cc1ccc(O)cc1)OCn1nnc2ccccc2c1=O,24.51
COCCN1C(=O)C(=Cc2cccc(C(=O)O)c2)SC1=Nc1ccc(C#N)c(C(F)(F)F)c1,26.47
NC(=O)CCn1ccc2c[nH]c(=NC(=O)C3CCCCC3)nc21,29.28
CC(C)(C)c1ccc2c(C#N)c3c(c(-c4nc(-c5ccc(C#N)cc5)nc(-c5ccc(-c6ccc(C#N)cc6)cc5)n4)c2c1)OCO3,18.85
N#Cc1ccc(C(=O)N2CCc3ccc(C#N)c(-c4ccc(-c5ccc(F)c(C#N)c5)nc4)c3C2)o1,29.8
CNc1cc(-c2cc(-c3ccc(F)c(C#N)c3)nc(-c3ccc(-c4ccc(C#N)cn4)cc3)n2)ccc1C(N)=O,23.2
N#Cc1ccc(C(=O)Nc2ccc(F)c(C3(CF)NC(=N)OC4CC43)c2)nc1,18.34
Nc1ccc2c(c1)C(=O)c1ccc(Nc3nc(Cl)nc(Cl)c3Cl)cc1C2=O,13.6
OCc1cccc2[nH]c(=Nc3ccccc3)sc12,31.02
N#Cc1ccc(CN2C(=O)C3(C(=O)N(Cc4ccccc4)C(=O)c4ccccc43)c3ccccc32)cc1,20.41
N#Cc1ccc(-c2ccc(-c3nc(C#N)c[nH]3)cc2)nc1,9.36
CC(C)(C)c1cc(-c2nc(-c3ccc(-c4ccc(C#N)cn4)cc3)nc(-c3ccc(-c4ccccc4)nc3)n2)cc(C(C)(C)C)c1,24.16
Cc1cc(-c2ccc(N=C(N)N)cc2)cc(C(=O)N=c2cc[nH]cc2)n1,27.4
N#Cc1ccc(Nc2ccc(NCC(O)c3ccccc3)cc2Cl)cc1,23.98
Cc1nccc(-c2cccc(NC(=O)N3CCc4cc(C(F)(F)F)c(Cl)cc43)c2)n1,24.4
N#Cc1cccc(-c2nc(-c3nc(C#N)c[nH]3)nc(N3CCCC(C(N)=O)C3)n2)n1,19.88
CC(C)N=c1cc(-n2ccc3cc(C#N)cnc32)[nH]cc1C(=O)NCc1cn(C)nn1,25.93
N#Cc1ccc2c(CC(=O)O)cn(-c3ccccc3C(=O)N3Cc4ccccc4C3)c2n1,22.68
Nc1ccc(N=Cc2ccccn2)c2c(O)c3ccccc3c(O)c12,17.82
Cc1c(Cc2nc3cc(F)ccc3n2Cc2ccccc2)c2ccccc2n1C,27.5
FC(F)(F)c1ccc(=NC2Cc3ccccc3C2)[nH]c1,22.53
N#CN=c1nc(-c2ccc(F)cc2)[nH]c(-c2ccc(-c3n[nH]c(-c4ccc(-c5ccc(C#N)cc5)cc4)n3)cc2)c1C#N,29.72
COc1cc(-n2cnc3cc(C#N)cnc32)ccc1C#N,23.75
O=C(NN=c1scc(O)n1Cc1ccc([N+](=O)[O-])cc1)c1ccccc1F,25.11
C#CCN(Cc1cc2c(=O)nc(C)[nH]c2cc1Cl)c1ccc(-c2ccc(C#N)cc2)c(Cl)c1,28.21
Cc1c(-c2nc(C(F)(F)F)cn2-c2cc(N3CCNCC3)nc(-c3ccc(-c4ccc(C#N)cc4)cc3Cl)n2)ccc(C#N)c1Cl,42.07
N#Cc1ccc(-c2ccc(-c3nc(-c4ccc(-c5ccc(C#N)cn5)nc4)nc(-c4ccccc4Cl)n3)cn2)cc1,13.97
Cc1cccc(NC(=S)Nc2cnc(-c3ccc(-c4nc(-c5ccc(C#N)cc5)cs4)cc3)cn2)c1,32.72
N#Cc1ccc(-c2ccc(-c3noc(Cc4cc(-c5cccc(C#N)c5)nc(-c5ccc(-c6ccc(C#N)cn6)nc5)n4)n3)cc2)cc1,19.62
N#Cc1cncc(-c2cn(-c3ccc(=NCc4cccnc4)[nH]n3)c(-c3cccc(C#N)c3)n2)c1,22.86
C=C[n+]1ccc(C=Cc2ccccc2)cc1,19.48
C=Cc1ncccc1-c1c2n(c3cc(C#N)ccc13)CC(CNCc1cccc(C(F)(F)F)c1)CC=N2,47.23
N#Cc1ccc(-c2ccc(-c3nc(C#Cc4ccc(-c5ccccc5)cc4)nc(-c4ccc(C#N)cc4)n3)cc2)cc1,13.56
CS(=O)(=O)c1ccc(CC(=O)N=c2cc(-c3ccc(C(O)=NO)cn3)[nH]c(-c3ccc(-c4ccc(C#N)cc4)cc3)n2)cc1,30.83
Cc1ccc(C)c(Cn2cnc3c(cnn3-c3ccc(N(C)C)cc3)c2=O)c1,31.48
N#Cc1ccc(Oc2ccc(C#N)cc2C#N)cc1,12.01
CCCC(NC(=O)C(NC(=O)OCc1csc(C(C)C)n1)C(C)C)C(=O)NN(Cc1ccccc1)C(C)=O,37.86
N#Cc1ccc(NC(=O)c2ccc(-c3ccc(Oc4ccc(Cl)cc4)cc3Cl)c(C#N)c2)cn1,31.68
N#Cc1cccc(NC(=O)c2cncc(-c3ncc(F)cc3F)c2)c1,21.16
CCCn1cc(-c2ccc(O)cc2)c(=O)c(C2=Nc3ccccc3S(=O)(=O)N2)c1O,27.5
CC(C)=CCCC(C)=CCOc1cc2c(cc1C(O)c1ccc(C#N)cc1)OC(C)(C)C=C2,31.45
N#Cc1ccc(-c2ccc(-c3nc(N=Cc4cc(O)ccc4O)ccc3C(=O)O)cc2)cc1,34.46
O=C1NC(=O)c2cc(Nc3c([N+](=O)[O-])ccc4nonc34)ccc21,27.06
COc1cccc(-c2ccc(-c3nc(-c4ccc(C=CC(=O)O)nc4)nc(-c4cccc(C=CC#N)n4)n3)cc2)c1,24.27
O=S(=O)(C=Cc1cccnc1)N1CCCCC1,24.1
N#Cc1cc(S(=O)(=O)N=c2cncc[nH]2)ccc1Oc1ccc(F)cc1-c1cc[nH]n1,24.06
N#Cc1ccc(-c2ccc(-c3ccc(-c4ccc(Cl)cc4)c(=NC(=O)c4cccc(C#N)c4)[nH]3)cn2)cc1,24.7
N#Cc1ccc(C(=O)C(O)(Cn2cncn2)c2ccc(F)c(F)c2)cc1F,29.89
N#Cc1ccc(-c2ccc(-c3nc(-c4ccc(-c5cncc(C#N)c5)cc4)nc(-c4ccc(-c5ccc(C#N)cn5)nc4)n3)cc2)nc1,16.18
CN(Cc1ccccn1)C(=O)c1cccc(-c2ccc(-c3ccc(C#N)cc3)cc2)n1,17.18
Cc1ccc(-n2[nH]c(C(C)(C)C)cc2=NC(=O)Nc2ccc(Oc3nc(Nc4ccc5c(c4)C(=O)c4ccc(N)cc4C5=O)nc(N4CCN(CCN=CCN(C)C)CC4)n3)c3ccccc23)cc1,29.13
N#Cc1ccc(-c2ccc(-c3nc(-c4ccc(-c5ccc(C#N)cn5)nc4)nc(-c4ccc(-c5nc(COc6ccc(Cl)cc6)nc(N6CCOCC6)n5)cc4F)n3)cn2)nc1,20.35
C1=Cc2cc(-c3cccs3)ncc2OCC1,28.64
Cc1ncc(C(=NO)N2CCN(c3ccc(F)cc3)CC2)c(OCc2ccc(F)cc2)n1,23.49
N#Cc1ccc(C#N)c(-c2ccc(-c3cccc(C#N)n3)nc2)c1,14.94
CN(c1cncnc1)c1nc(C2CCCC2)nc2cc(C(F)(F)F)ccc12,33.49
Cc1ccc(NC(=O)c2cc(-c3cc(-c4cc(C(=O)O)c(C)cc4C)nc(-c4cccs4)n3)ccn2)c(C)c1,37.28
CN1N=C2c3ccccc3C(=O)C2C1c1ccc2c(c1)OCO2,20.99
N#Cc1ccc(N=c2[nH]c(=O)[nH]c(=NCc3ccccc3)[nH]2)cc1,22.66
CN(CC1CNCCO1)c1ncc2nc[nH]c(=Nc3ccc(Cl)cc3C(=O)N=c3ccc(Cl)c[nH]3)c2n1,23.74
CN1C(=C2C(=O)N(C)c3ccccc32)Sc2ccccc21,20.56
Cc1ccc(C=C(C#N)CCN=c2nc(CN3CCN(c4ccc(F)cc4)CC3)[nH]c(=Nc3ccc(C#N)cc3)[nH]2)cc1,30.37
CCc1nc(-c2ccc(-c3cc(-c4ccc(N=c5nc(C#N)[nH]c(N6CCN(C=O)CC6)n5)cc4)nc(-c4ccc(-c5cnc(C(=O)NCCN6CCCC6)cn5)cc4)c3)cc2)no1,36.68
Clc1cc(-[n+]2ccc(-c3ccncc3)cc2)nc(-[n+]2ccc(-c3ccncc3)cc2)n1,11.58
COc1cc(C=Cc2cc(-c3ccc(-c4ccc(C#N)cc4)cc3)nc(-c3ccc(-c4ccc(C#N)cc4)cc3)n2)cc(OC)c1OC,16.55
Cn1c(=O)c2c(cc(-c3ccc(F)cc3)n2CCO)c2cc(C#N)ccc21,29.6
CC(CCCCOc1ccc(-c2ccccc2)cc1)C(=O)O,23.94
N#Cc1cc(S(=O)(=O)N=c2ccc(F)c[nH]2)ccc1Oc1ccc(N=c2cccc[nH]2)cc1,19.62
CC(C=CC=C(C)C=CC1=C(C)CC(=O)C=C1C)=CC=CC(C)C,29.14
N#Cc1ccccc1C#N,7.95
COCCn1c(-c2ccc(-c3ccc(C(=O)N4CCN(C(C)=O)CC4)cc3)cc2)nc(=O)c2c(C)nn(C)c21,27.3
N=c1nc(C=Cc2c[nH]c3ccccc23)nc(-c2ccoc2)[nH]1,24.0
N#Cc1ccc(-c2ccc(-c3nc(-c4ccc(C#N)cc4)nc(-c4ccc(C#N)cc4)n3)cc2)cc1,11.17
CC(=O)OCCN1CCN(c2cc(C3(NC(=O)c4cc(Cl)c(F)c(-c5nsc(-c6c(F)c(F)c(C#N)c(F)c6F)n5)n4)CC3)nc(C#N)n2)CC1,40.61
N#Cc1c(NS(=O)(=O)c2ccccc2)sc2c1CCCC2,17.15
Cc1ccc(-n2nc(C)c3c(N4CCC(C)CC4)nc(C)nc32)cc1,19.31
COc1cc2c(cc1OC)C(=O)C(C(=O)c1cccnc1)C2,21.33
O=c1[nH]c(O)c(C=c2cnn3c(=NC4CC4)cc(Nc4ccc(F)c(Cl)c4)nc23)[nH]1,15.22
COc1cc(N2CCN(Cc3cc(C(=O)NCc4ccc(C(N)=O)cc4)nc(-c4ccc(F)cc4)c3)CC2)ccc1Cl,31.61
N#Cc1ccc(-c2ccc(C(CC(=O)O)Cc3ccncc3)cc2)cc1,23.83
Fc1ccc2c(c1)-c1[nH]c3ccccc3c1CS2,19.33
N#Cc1ccc(C2=CC(=O)CC(c3ccc4c(c3)OCO4)C2)cc1,16.78
N#Cc1ccc(-c2ccc(CC(NC(=O)c3ccccc3F)C(=O)C(N)=O)cc2)cc1,27.75
N=c1c(-c2ccco2)nc(C(=O)NC2CCCCC2)nn1-c1ccccc1Cl,31.13
CCN(CC)c1nc(N=CN2CCN(C=O)CC2)cc(OC)n1,18.71
Cc1cc(C(=O)N2CCN(c3ccccc3)CC2)ccc1-c1ccccc1,27.39
N#Cc1cc(N)c(Nc2ccc3c(c2)C(=O)c2cc(N)ccc2C3=O)c(C#N)c1F,18.83
Cc1nc(C(F)(F)F)c(C(=O)Nc2snc(Cl)c2C#N)s1,26.95
CC(C)Oc1ccc(-c2ccc(-c3nc(-c4ccc(C#N)nc4)nc(-c4ccc(-c5ccc(C#N)cn5)nc4)n3)cn2)cc1C#N,12.17
OCCCCNc1cnc2ccc3ccccc3c2c1,30.02
N#Cc1ccc(NC(=O)C2Cc3c(-c4ccccc4)ccnc3O2)c(F)c1,24.04
N#Cc1ccc(-c2nc(=N)nc(Oc3ccc(F)c(F)c3F)[nH]2)cc1,21.3
N#Cc1ccc(-c2nc(N=Cc3ccc(Cl)cc3)[nH]c(=O)c2C#N)cc1,15.88
N=C(N)NN=Cc1ccc(C=Cc2ccccn2)cc1,19.29
N#Cc1ccc(-c2ccc(-c3nc(-c4ccc(Sc5ccc(Cl)cc5)cc4)nc(-c4ccc(-c5ccc(C#N)cn5)cc4)n3)cc2)cc1,17.96
Cc1noc(C)c1Cn1ncc(N2CCNCC2)c(Cl)c1=O,24.07
C=C1C(=O)OC=C2CC3C4(C)CCC(O)C(C)(C=O)C4CC(O)C3(C)C12,33.74
N#Cc1ccc(-c2ccc(-c3nc(-c4ccc(C#N)cc4)nc(-c4ccc(C#Cc5cn(C6CCC(CO)O6)cn5)cc4)n3)cc2)cc1,24.66
N#Cc1cc(-c2nn(-c3ccc(C#N)c(F)c3)c3c2CCC3)ccn1,23.06
Cn1cc(-c2cc3c(-c4ccnc(N5CCCC(N)C5)n4)[nH]cc3cn2)cn1,23.45
O=c1cc(-c2ccnc(-c3ccc(-c4nc(Cl)nc(Cl)n4)cc3)c2)cnn1-c1ccccc1,25.53
CC1COCCN1c1ncc2c(N3CCOCC3C)nc(-c3cccc(C(=O)NCCO)c3)nc2n1,24.47
N#Cc1ccc(-c2cc(F)c(-c3ccc(C#N)cn3)cn2)cc1,15.12
CC(=O)c1ccc(-c2cc(C#N)nc(C#N)n2)cn1,19.38
N#Cc1ccc(-c2nc(-c3ccc(-c4cccc(C#N)n4)nc3)nc(-c3ccc(N)c(C#Cc4ccccc4F)c3)n2)cc1,30.03
Cc1cc(C#N)cc(S(N)(=O)=O)c1Nc1cc(C#N)c(C#N)cc1Sc1cccc(C#N)c1,28.57
N#Cc1ccc(-c2c(F)cc(-c3cccc(C#N)n3)c(F)c2F)nc1,15.05
Cc1cc(C#N)nc(C(=O)Nc2cccc(-c3cn(-c4cc(C#N)nn(-c5ccc(C#N)cc5)c4=O)nn3)c2)c1,33.26
N#Cc1ccc(-c2nc(-c3ccc(-c4ccc(C#N)cn4)cc3)n(-c3cccc(C#N)c3F)n2)cc1,16.85
CC1CN(C(C)CO)C(=O)c2cc(NC(=O)C=Cc3ccccc3-n3cccc3)ccc2OC1CN(C)C(=O)Nc1ccccc1,24.68
N#Cc1cccc(-c2cc(-c3ccc(C#N)c(C#N)c3)nc(-c3cccc(C#N)n3)n2)n1,15.27
Cn1c([N+](=O)[O-])cnc1Sc1nc2ccccc2n1Cc1ccc(C#N)cc1,21.87
CSc1nc(Br)cc(-c2nc(Cl)nc(Cl)n2)n1,16.74
O=C1c2ccc(N=C=S)cc2C(=O)c2cc(N=CC=Cc3ccccc3)ccc21,26.09
Cn1cnc(-c2cc(N3CCc4c([nH]c5ccc(Cl)cc45)C3c3ccc4c(c3)OCO4)nc(-c3cncc(C#N)c3)n2)c1,33.9
COc1ccc(-c2c(C#N)c(N)n(-c3ccc(C)cc3C)c(=O)c2C#N)cc1,18.88
N#Cc1ccc(-c2ccc(-c3nc(-c4ccc(-c5ccc(C#N)c(C#N)c5)cc4)nc(-c4ccc(-c5ccc(C#N)cn5)nc4)n3)cn2)nc1,9.35
Clc1ccc(C=Cc2ccc(N=c3nc(N=c4cc(C5CC5)[nH][nH]4)cc[nH]3)cc2)cc1Cl,24.5
N#Cc1ccc(N(CC(F)F)S(=O)(=O)c2ccccc2)cc1,20.36
Cc1ccc2[nH]c(-c3ccc(-c4cccc(C#N)c4)cc3)nc2c1,17.52
N#Cc1ccc(-c2ccc(-c3nc(-c4ccc(-c5ccccn5)cc4)nc(-c4ccc(-c5ccc(C(F)(F)F)cn5)o4)n3)cc2)nc1,17.33
Cc1ccc(O)c(-c2cc(-c3cccnc3)c(C#N)c(=O)[nH]2)c1,19.12
CCOc1nnc(-c2ccc(-c3ccc(C(=O)N(C)C)cc3)c(F)c2)nc1CC,28.13
N#Cc1ccc(-c2ccc(-c3nc(-c4ccc5c(c4)OCO5)nc(-c4ccc5cc[nH]c5c4)n3)cc2)cc1,25.24
N#CC(=CC1CC1)C(=O)Nc1ccc2[nH]c(=NC3CCN(Cc4ccc(S(N)(=O)=O)cc4)CC3)nc(-c3ccc(-c4ccc(C#N)cc4)cc3)c2c1,37.05
Cc1cc(C)cc(NC(=S)N2CCN(c3ncccn3)CC2)c1,17.72
O=C1C(=O)c2nccc(-c3ccccc3)c2-c2ccccc21,23.56
N#Cc1cncc(-c2nc(-c3cnc(=N)[nH]c3)cc3c2cnn3Cc2ccc(F)cc2)c1,20.95
N#Cc1ccc(-c2c[nH]c(=N)c(-c3ccc(C#N)cc3)c2)cc1,13.57
Cc1ccc(-c2oc(N)c(C#N)c2-c2cccc(C(F)(F)F)c2)cc1,23.12
N#Cc1cccc(-c2nc(-c3cccc(C#N)n3)nc(N3CCC(N)C3)n2)n1,7.81
N#Cc1ccc(-c2cc(C=Cn3ncc(=O)[nH]c3=O)cc(NC(=O)c3ccc(F)cc3F)c2)cc1,28.13
CN(C)CCC(c1ccc(N(C)C)cc1)n1c2ccccc2c2ccccc21,28.58
N#Cc1ccc(-c2ccc(-c3cc(C#N)sc3C#N)cc2)cc1,16.64
N#Cc1ccc2c(-c3nc(-c4cncc5ccccc45)nc(-c4c5ccccc5c(C#N)c5ccccc45)n3)c[nH]c2c1,16.89
Cc1cc[nH]c(=NC2CCN(Cc3cccc(C#N)c3)CC2)c1,20.11
Cc1ccc(C#N)cc1-c1cc(-c2cncc(C#N)c2)nc(-c2ccc(-c3ccc(C#N)cn3)nc2)n1,18.65
N#Cc1ccc(-c2csc(=Nc3cc(C4CC4)nc(C4CC4)n3)[nH]2)nc1,26.23
O=C(c1ccc(OCCN2CCCCC2)cc1)c1c(C=Cc2ccc(O)cc2)ccc2cc(O)ccc12,27.75
Cc1ccc(C2Nc3ccc(C#N)cc3C(=O)N2Cc2ccc(-c3ccc(C#N)cc3)c(C#N)c2)cc1O,32.13
N#Cc1cccc(N=c2nc3c(Br)c[nH]n3c(=Nc3ccc4cnc(C#N)cc4c3)[nH]2)c1,32.01
N#Cc1cc(S(=O)(=O)Nc2ccc(Cl)cc2C(=O)c2ccc[n+]([O-])c2)ccc1Cl,28.23
CNC(=O)c1cc(-c2cncc(C#N)c2)nc(-c2ccc(F)c(C(=O)NC3CC3)c2)c1,26.53
N#Cc1ccc2cc(-c3ccc(-[n+]4ccc(-c5ccncc5)cc4)cc3)oc2c1,13.18
CCc1ccc(-c2nc(-c3ccc(-c4ccc(C#N)cn4)nc3)nc(-c3ccc(-c4ccc(C#N)cn4)nc3)n2)cn1,17.16
COc1cc(C#N)c(C#N)cc1Nc1ccc(C(F)(F)F)ccc1=O,22.59
N#Cc1ccc(-c2ccc(-c3cccc(-c4ccc(-c5ccc(C#N)cn5)o4)n3)nc2)nc1,19.85
Cc1nccc(-c2ccc(-n3c(O)c(O)c(C(=O)c4ccc(C#N)cc4)c3-c3ccc(C#N)cc3)cc2)n1,15.0
Clc1nc(Cl)nc(-c2ccc(-c3nc(-c4ccc(-c5ccc(Cl)c(Cl)c5)cc4)nc(-c4ccccn4)n3)cc2)n1,22.0
CC(=O)c1ccc(-c2nc(C)cc3c(-c4nc(Cl)cc(Cc5ccc6ccccc6c5)n4)cc(-c4ccc(C#N)cc4)nc23)cc1,42.49
Cc1c(C(=O)Nc2cccc([N+](=O)[O-])c2)nnn1-c1ccc(Cl)cc1,31.69
Cc1c(F)cccc1-c1c(F)c(F)c(-c2nc(-c3ccc(-c4ccc(C#N)cn4)nc3)nc(-c3ccccc3Cl)n2)c(F)c1F,22.82
CN1CC(c2ccc(C(=O)O)cc2)=Nc2cc(N(C)c3ccccc3)ccc21,29.3
COc1ccc(NS(=O)(=O)c2ccc(O)c(NC(=S)NC(=S)Nc3ccc(S(N)(=O)=O)cc3)c2)cc1,37.76
N#Cc1ccc(-c2cc(-c3cccc(C#N)n3)nc(N)c2C#N)cc1,13.63
Cc1ccc(-n2c(=O)oc3cc(C#N)ccc3c2=S)cc1C,24.57
Cc1cccc(Nc2cc(C3(C)COCC(=N)N3)cc(C)c2F)n1,23.43
COC(=O)c1sc(NC(=O)c2cccc(Cl)n2)c(C#N)c1C,19.68
N#Cc1ccc(-c2nc(Cc3ccccc3)nc(-c3ccc(C#N)cc3)c2CN2CCN(c3ccccn3)CC2)cc1,23.67
COc1ncc(C#N)cc1-c1nc(C#N)nc2ccc(F)cc12,22.61
Cc1ccc(N(Cc2nc(-c3ccc(C(F)(F)F)cc3)no2)S(=O)(=O)c2ccccc2)cc1,20.99
CNC(=O)c1c(F)cc(-c2cc(-c3ccnc(C#N)n3)cnc2N2CCOC(c3ccc(C#N)cc3)C2)cc1F,33.23
O=[N+]([O-])c1ccccc1C=Cc1nc(-c2ccc(O)c(O)c2)cc(-c2cccc(O)c2O)n1,34.82
N#CC=Cc1cccc(C=CC#N)n1,9.04
N#CCc1nc(-c2ccc(-c3nc(-c4ccc(F)cc4)nc(N4CCC(C(=O)N5CCOCC5)CC4)n3)c(F)c2)cs1,30.47
CC(=O)c1cccc([N+](=O)[O-])c1,21.92
COc1ccc(CNCCCCCN2C(=O)c3ccccc3C2=O)c(OC)c1OC,23.57
N#Cc1ccc(-c2ccc(-c3nc(-c4ccc(-c5ccc(C#N)cn5)nc4)nc(-c4cccc(CO)n4)n3)cc2)cc1,17.83
Cc1ccccc1N1CCN(CCNC(=O)c2nnc(CCc3ccccc3)n2Cc2ccc(-c3ccc(C(F)(F)F)cc3)cc2)CC1,31.41
CCCc1cc(-c2ccc(-c3nc(Cl)nc(Cl)n3)cc2)cc(-c2ccc(-c3nc(Cl)nc(Cl)n3)nc2)n1,15.64
Cc1ccc(S(=O)(=O)N2CCN(C(=O)C3CCCCC3)CC2)cc1,20.52
N#Cc1ccc(-c2ccc(-c3nc(-c4cccnc4)c[nH]3)cn2)nc1,14.4
Cn1nccc1-c1cc(-c2ccnc(-c3cccc(Cl)c3F)n2)c[nH]c1=N,23.67
COc1cc(NCCCCCCN2CCN(Cc3ccccc3)CC2)c2ncccc2c1,24.8
CCCC1Oc2cc(OC)ccc2-c2ccc3c(c21)C(C)=CC(C)(C)N3,18.58
N#Cc1cncc(-c2cncc(-n3nnc(-c4cncc(C#N)c4)n3)c2)c1,19.94
N#Cc1ccc(-c2ccc(-c3nc(-c4ccc(C#N)cn4)nc(-c4ccc(-c5ccc(C#N)cc5)c(F)c4F)n3)cc2)cc1,14.2
CC(C)c1nc(=NC(=O)c2ccc(C(c3ccc(C#N)cc3)c3ccc4c(C=Cc5ccccc5)cnc(Cl)c4n3)cc2)[nH][nH]1,34.15
N#Cc1ccc(-c2nc(-c3ccc4[nH]c(=N)nc(-c5ccccc5)c4c3)no2)cc1,18.0
Cc1nc(-c2ccc(-c3nc(-c4ccc(-c5ccc(C#N)cn5)nc4)nc(-c4ccc(-c5ccc(C#N)cn5)nc4)n3)cc2)cs1,8.73
Cc1ccc(-c2ccc(C=Nn3c(N)nc(-c4ccc(C#N)cc4)c(C#N)c3=O)c(-c3ccc(C#N)cc3)n2)cc1,25.8
N#Cc1cc(-c2n[nH]c3c(C(=O)NCc4cccc(C(F)(F)F)c4)cccc23)cc(C(N)=O)n1,38.34
N#Cc1ccc(-c2nc(C(F)(F)F)ncc2C#Cc2cccc(F)c2F)cc1,14.74
COc1cc(-c2cc(-c3cc(C#N)cc(-c4ccc(-c5nc(Cl)nc(Cl)n5)cc4)n3)ccn2)ccc1OCCCn1cnc(-c2ccc(C#N)cc2)c1,35.9
COc1cccc(-c2cc(C(=O)Nc3cccc(C#N)c3)ccc2N)c1,21.35
N#Cc1ccc(-c2ccc(-c3nc(-c4ccc(-c5cc(Cl)cc(Cl)c5)cc4)nc(-c4ccc(-c5ccc(C#N)cn5)nc4)n3)cn2)nc1,9.2
CNC(=O)c1cc(-c2ccc(N=c3nccc(-c4ccc(C#N)cc4)[nH]3)c(OC)c2)ccn1,26.19
CC(C=Cc1ccc(C)c(C)c1)=CCC=C(C)C=CC(C)CCCC(C)C=CC=C(C)CC(=O)O,43.8
Nc1cc(O)c(N=Cc2ccc(Cl)cc2)cc1Nc1ccc(Br)cc1,11.66
C=CCN1C(=O)NC(=O)C(=Cc2cccc(C=CC(O)=NO)n2)C1=O,19.08
Cc1ncc(-c2cc(-c3cc(C#N)cc(-c4ccncc4)c3)nc(-c3ccc(-c4ccc(C#N)cn4)cc3)n2)cn1,31.42
N#CCc1c(-c2ccc(C#N)cc2)nn(-c2ccc(Cl)cc2Cl)c1-c1ccc(Cl)cc1,17.3
COc1ccc2c(c1)C(=O)c1c-2n(N=Cc2ccc(F)cc2)c2ccccc12,32.03
CS(=O)(=O)N1CCCC(c2nc3c(C(=O)Nc4cccc(C(F)(F)F)c4)cccc3[nH]2)C1,30.79
C=COCCC(=O)Nc1ccc(F)cc1,27.4
N#Cc1cccc2c1cc(-c1ccc(Cl)c(Cl)c1)c(=O)n2C1CCN(CCN=c2cc[nH]c3cc(Cl)ccc23)C1,39.49
CCN(CC)CCOc1cccc(C=Cc2ncc(C#N)s2)c1,26.14
O=C(C=Cc1ccccc1F)c1ccccn1,21.21
N#Cc1ccc(-c2ccc(-c3nc(-c4ccc(-c5ccc([N+](=O)[O-])cc5)cc4)n[n+](-c4ccc(Cl)cc4)n3)cc2)cc1,23.94
C#CCNc1ccccc1-c1nc(-c2ccc(-c3ccc(C#N)cn3)cc2)nc(-c2ccc(-c3ccc(C#N)cn3)nc2)n1,19.96
N#Cc1ccc2c(=NC3CCCN(S(=O)(=O)C4CC4)C3)c(C#N)c[nH]c2c1,27.64
N#Cc1ccc(-c2cc(-c3nc(C=Cc4ccccc4)[nH]c3-c3cccc(C#N)n3)ccn2)cc1,21.65
CCc1cc(C=CC#N)nc(C=CC#N)n1,8.88
N#Cc1cccc(-c2nc(-c3cccc(C#N)n3)nc(N3CC(N)C(F)C3)n2)n1,10.14
CCOc1ccc(-c2ccc(-c3ccc(C#N)cn3)cn2)cn1,16.6
N#Cc1cccc(-c2ccc(=O)n(CCNCCn3cccn3)n2)c1,24.29
N#Cc1ccc(-c2ccc(-c3nccc(-c4ccc(-c5ccc(-c6ccnc(-c7ccc(-c8ccc(C#N)cn8)cc7)n6)cc5)cc4)n3)cc2)cc1,18.44
N#Cc1ccc(-c2cccc(-c3ccc4c(n3)Nc3c(cc(C(F)(F)F)cc3C(F)(F)F)C4)n2)cc1,31.56
N#Cc1ccc(-c2ccc(C(=O)NCCc3ccc(F)cc3)cn2)cc1F,21.78
ClC1=CC(c2ccc(Cl)cc2)(c2cccc(Cl)c2)N(c2ccc(Cl)cc2)C(c2ccccc2)=N1,29.4
CCCOc1nc(C#N)c(C#N)nc1-c1sc(-c2ccc(-c3noc(-c4ccc(-c5ccc(C#N)cn5)nc4)n3)cc2)nc1C#N,27.43
N#Cc1ccc(-n2cnc(Cl)c2)cc1C#N,14.51
N#Cc1ccc(-c2cncc(C(=O)Nc3ccc(Cl)c(Cl)c3)n2)nc1,22.57
CC(C)(C)c1ccc(C#N)c(C[S+]([O-])c2nc(-c3ccccc3C#N)nc(-c3ccc(-c4ccc(C#N)cc4)cc3)c2C#N)c1,39.0
N#CCc1ccc(CCCCCCOc2cc(CCCCc3ccc(-c4nc(=O)o[nH]4)cc3)cc(-c3ccc(C#N)cc3)c2)cc1,38.53
CCCCCC(=O)CCCCCCCC=CCCCCCCCC(=O)N1CCCC1CN,37.8
N#Cc1c(F)c(F)cc(C(=O)O)c1F,12.35
CC=CCC(=O)c1cc(OC)c2c(c1-c1cc(-c3ccc4ccccc4c3)c(OC)c3c1COC3)OCO2,37.31
N#Cc1cccc(-c2nc(N3CCOCC3)c3cccc(-c4nnc(-c5ccc(-c6ccc(C#N)c(C#N)c6)nc5)o4)c3n2)n1,28.03
Cc1nn(-c2cc(F)c(-c3ccc(C#N)c(C#N)c3)cc2F)c(Cc2ccc(C#N)cc2)c1C#N,31.83
Cc1[nH]c2nc(-c3ccc(-c4ccc(O)c(C#N)c4)cc3)ccc2c(=Nc2ccc(C#N)cn2)c1C,32.11
O=C(N=c1[nH]cc(CC#Cc2ccnc(-c3ccc(Cl)cc3)n2)s1)Nc1cccc(Br)c1,35.61
COc1ccc(N=Cc2c(O)[nH]c3ccccc23)cc1,15.57
N#Cc1cccc(-c2ccc(CN=c3nc(-c4ccccc4)[nH]c4ccccc34)cc2)c1,19.48
Cc1ccc(F)cc1Nn1c(C)cc(C)c(C#N)c1=O,21.15
CC(=O)c1cc(-c2ccc(-c3nc(C)nc(N=CN4CCN(C=O)CC4)n3)cc2)c(-c2ccc(Cl)c(O)c2)nc1C,26.25
COC(=O)c1cc(O)n(CCc2ccccc2)c1C,18.55
Cc1ccc(-n2nc(C#N)c3c(N4CCCC(C)C4)nc(-c4ccncc4)c(C#N)c32)cc1,32.87
c1cnc(-c2ccc(CNCC3COCc4nc5ccccc5n43)cc2)nc1,22.75
COc1ccc(N2CCN(C(=O)c3ccc4c(c3)C(=O)N(c3cc(C)ccc3C)C4=O)CC2)cc1,22.1
Cc1cc(-c2nc(-c3ccc(-c4ccc(C#N)cc4)cc3)n[nH]2)ccn1,17.24
CN1CCC(NCc2cc(-c3ccccc3)nc(-c3ccc(C#N)cc3)n2)CC1,20.2
N#Cc1ccc(-c2ccc(-c3nc(-c4ccc(-c5ccc(C#N)cn5)nc4)nc(-c4nccc(C#N)n4)n3)cn2)nc1,12.17
CC(=O)Nc1cc(-c2ccc(C#N)nc2)nc2cc(-c3cnn(-c4ccc(C#N)c(C#N)c4)c3)ccc12,30.82
N#Cc1cnc(C#N)c(Sc2ncccn2)c1,20.24
c1ccc(-c2cc[n+](-c3cccc4ccccc34)cc2)cc1,19.68
N#Cc1ccc(-c2ccc(-c3nccc4c3-c3nc(=Nc5ccccn5)[nH]cc3CC4)cc2)cc1,26.25
CN(CCOCc1ccc(-c2ccc(C#N)cc2)cc1)CCOC(c1ccc(F)cc1)c1ccc(F)cc1,26.39
C1=CC2C(Cc3ccccn3)COC2O1,28.48
COc1cccc(-n2c(SC(C)c3nc(=O)c4ccccc4[nH]3)nc3ccccc3c2=O)c1,31.42
N#Cc1ccc(OCc2nc(-c3ccc(C#N)cc3)oc2C(=Cn2ccnc2)c2ccc(C#N)cc2)cc1,30.69
Cc1nc(Nc2ccc3c(c2)C(=O)c2ccc(N)cc2C3=O)c2ccc(-c3ccc(C#N)cc3)nc2n1,20.36
N#Cc1ccc(-c2nc(-c3ccc(C=NNc4ccccc4)cc3)nc(-c3ccc(-c4ccc(C#N)cn4)cc3)n2)cc1,17.67
N#Cc1ccc(-c2ccc(-c3nc(-c4ccc(-c5ccc(Cl)c(Cl)c5)cc4)nc(-c4ccc(-c5ccc(C#N)cn5)c(C(F)(F)F)c4)n3)cn2)nc1,14.45
NC(=O)c1ccc(C(=Cc2ccc(N3CCOCC3)c([N+](=O)[O-])c2)C(=O)O)cc1,33.09
COc1ccc(N=c2scc(-c3cc(-c4nc(-c5ccc(-c6nnc(C7CCCCC7)o6)cc5)n[nH]c4=O)ccc3OC)n2-c2ccc(Cl)cc2)cc1,42.33
N#Cc1ccc(-c2nc(-c3ccc(-c4ccc(OC(F)F)c(C#N)c4)[nH]c3=N)nc(N3CCOCC3)n2)cc1,22.18
Cc1ccc(S(=O)(=O)Nc2ccc(C=C3SC(=N)NC3=O)cc2)cc1,23.74
O=[N+]([O-])c1ccc(N=NNc2ccc(C(F)(F)F)cc2)cc1,20.56
CCC(=O)N=c1nc(-c2ccc(-c3cc(-c4cnc(-c5ccc(C#N)cn5)s4)cc(C#N)n3)cc2)[nH]nc1C,37.41
CN(C)c1cccc2c(S(=O)(=O)N3CCCC3C(=O)N=c3ccc(-c4ccccn4)c[nH]3)cccc12,30.38
CC1(C)Oc2ccc(-c3ccccc3CO)cc2N(CCCNC(=O)CCCC(=O)O)C1=O,38.7
Cc1nc(-c2ccc(-c3cccc(-c4ccc(-c5ccc(CN6C(=O)N7CCc8ccccc8C7=CS6(=O)=O)cc5)cc4)n3)cc2)no1,35.42
N#Cc1ccc(-c2ccc(-c3nnc4ccccc4n3)cc2)cc1,13.4
N#Cc1ccc(-c2ccc(-c3nc(-c4ccc(C#N)cc4)cc(-c4sc(C(F)(F)F)nc4-c4ncccc4Cl)n3)cc2)cc1,32.83
COc1ccc(C#Cc2cc3oc(=O)c(C#N)c(C)c3cc2Cl)cn1,27.9
CC(=CCOc1ccc2c(=O)c([N+](=O)[O-])c(O)oc2c1)COc1ccc(C=O)cc1,26.73
C#CCNC(=O)C=Cc1ccc(-c2nc(-c3ccc(-c4nc(-c5ccc(C#N)cc5)cs4)cc3C)nc(N3CC(C)CC(C)C3)n2)cc1,28.97
N#Cc1ccc(C#Cc2ccccc2C#CCCCN2CC(F)CC2c2ccc(Cl)cc2)c(F)c1F,38.03
N#Cc1ccc(-c2ncc(-c3ccc(C#N)s3)c3nccn23)cc1,22.06
N#Cc1ccc(N=Cc2cccc3ccccc23)cc1,14.38
CC1(C)CCN(c2nc(-c3cccc(C#N)n3)nc(-c3cccc(C#N)n3)n2)C1,11.6
COc1ccc(F)cc1-c1cc(-c2cccc(C#N)n2)nc(-c2ccc(C#N)cc2)n1,18.94
COc1cc(-c2ccnc(-c3ccc(-c4ccc(C#N)cc4)cc3)n2)ccc1-c1cccc(C#N)n1,17.05
N#Cc1ccc(-c2ccc(C#N)c(NC(C(=O)NC3CCCCC3)C3CCCCC3)c2)cc1,33.35
Cc1ccc(C#N)cc1N=c1[nH]nc(-c2nc(-c3ccc(C#N)nc3)c(C#N)c3ccccc23)o1,33.93
CC1(C)OCc2nc(-c3ccc(-c4nc(C(F)(F)F)cc(C(F)(F)F)n4)cc3)nc(-c3ccc(-c4ncccc4C#N)c(F)c3)c21,29.26
N#CC(C#N)=c1ccc(=C(C#N)c2nc(C(N)=O)nc(C(C#N)=c3ccccc3=C(O)O)n2)cc1,23.65
CCCCCCC[N+](CCC)(CCC)Cc1ccc(-c2ccc(-c3ccc(-c4ccc(Nc5cc(N=Cc6ccc(C)cc6)c(O)cc5N)cc4)c(-c4ccccc4)c3)cc2)cc1,37.54
N#Cc1cccc(N2CCN(CCC(=O)Nc3ccccc3)CC2)c1,21.33
CN(C)C(=O)c1nccc(NC(=O)Nc2ccc(N=c3[nH]cnc4ccc(NC(=S)Nc5ccc(Br)cc5)cc34)cc2)n1,33.07
Cc1ccc(N=Cc2c(C)[nH]n(-c3ccc(C)c(C)c3)c2=O)cc1C,20.12
N#Cc1ccc(-c2nc(-c3ccc(-c4ccc(Cl)c(F)c4)cc3)nc(-c3ccc(-c4ccc(C#N)cn4)nc3)n2)cc1,13.92
N#Cc1ccc(NC(=O)C2CCN(CC(=O)N3CCN(c4[nH]cnc(=N)c4-c4cncc(C#N)c4)CC3)C2)cc1,28.98
CC(=O)c1ccc(N=Cc2ccc(C=CC(=O)C=Cc3ccc(C(=O)O)cc3)cc2)cc1,24.4
N=C(N)N=Cc1nc2c(ccc3ccccc32)[nH]1,25.78
N#CC=Cc1ccc(-c2ccccc2)cc1,12.8
O=c1ccc2cc(OCC(=NO)c3ccccc3)ccc2o1,19.92
Cc1ccc(C)n1-c1ncc(C#N)cc1-c1cccc(F)c1O,28.05
COc1ccc(NC(=O)Nc2ccc3c(c2)OCCO3)cc1-c1nc(=N)cc(C(N)=O)[nH]1,36.85
Nc1ccc2c(c1)C(=O)c1ccc(Nc3nc(N=Cc4ccccc4)c(O)cc3N)cc1C2=O,9.04
Cn1cccc1-c1ccc(C=Cc2cc(C=Cc3ccccn3)[nH]n2)s1,26.52
N#Cc1ccc(Cl)nc1,9.87
COc1ccc(N=c2nc(N=c3cccc[nH]3)cc(C(F)(F)F)[nH]2)cc1,27.35
Cn1nc(Cc2ccccc2)c(C#N)c1N=Cc1ccc(O)cc1,20.62
N#Cc1ccc(Nc2cc(N=Cc3ccc(-c4nc(-c5ccc(C=Nc6cc(O)c(N)cc6O)cc5)nc(-c5ccc(C=Nc6cc(O)c(N)cc6O)cc5O)n4)cc3)c(O)cc2N)cc1,16.09
Clc1nc(Cl)nc(-c2cccc(Br)c2)n1,11.38
N#Cc1ccc(-c2ccc(-c3nc(-c4ccc(-c5ccc(C#N)cn5)nc4)nc(-c4cnccc4C#N)n3)cn2)nc1,11.33
CC(C)c1ccccc1N=C(N)N1CCN(C(N)=NC(=N)Nc2ccc(Cl)cc2)CC1,27.68
N#Cc1ccc2c(-c3nc(-c4cc5ccc(F)cc5cc4C(O)CCN4CCCC4)nc(-c4c5ccccc5c(C#N)c5ccccc45)n3)c3ccc(C#N)cc3c(C#N)c2c1,46.63
Cn1cc(C2=C(c3ccc(-c4cccc(C#N)c4)nc3)C(=O)NC2=O)c2ccccc21,23.47
N#Cc1ccc(-c2cccc(Cl)c2C#N)cc1,14.53
N#Cc1nc(-c2ccc(-c3ccc(C(F)(F)F)cc3)cc2)c(=N)n(-c2ccc(C(F)(F)F)cc2Cl)n1,21.48
CC(=CCCN)C(C#N)=c1ncccc1=CC=Cc1ccc(-c2nc(-c3ccc(C=Nc4cc(O)c(N)cc4O)cc3)n[nH]2)cc1,44.98
N#Cc1ccc(-c2ccc(-c3nc(-c4ccncc4)n[nH]c3=O)cc2)cc1,17.42
N#Cc1ccc(-c2ccc(-c3nc(-c4ccccc4)cn3CCCCOc3ccc(C4=NCCN4)cc3)cc2)cc1,19.93
CC(=O)c1ccc2c(c1)CCC2=Cc1ccc(-n2cccc2)cc1,25.33
COc1cc(-n2ncnc2-c2ccc(-c3ccc(C#N)cc3)cc2)cc(OC)c1OC,14.79
N#Cc1ccc(-c2nc(-c3c(F)c(F)c(C#N)c(F)c3F)nc(-c3c(F)c(F)c(C#N)c(F)c3F)n2)c(F)c1,12.85
NCCc1c[nH]c2ccc(Cc3ccncc3)cc12,26.18
N#Cc1ccc(-c2ccc(N)c(C(=O)Nc3ccc(N4CCOCC4)nc3)n2)cc1,20.41
COc1cccc(C=C2CN(C)CC3C4CCCCN4C(c4ccc(Cl)cc4)CC23O)c1Cl,41.33
O=C(NC(=S)Nc1cccc(C(=O)N2CCOCC2)c1)c1[nH]c2cc(Cl)ccc2c1Cl,34.22
Cn1c(-c2ccc(C(=N)N)cc2)nc2cnc3ccc(-c4ccc5ccccc5c4)cc3c21,31.22
N#Cc1ccc(N=Cc2ccc(-c3cnc(Cl)nc3-c3ccc(-c4nc(N5CCCCC5)c(-c5nc(-c6ccccc6)cs5)cc4C(=O)O)cc3)cc2)cc1,36.26
N#Cc1ccc(C(c2ccc(-c3cccc(C#N)c3)cc2)n2ccnc2)cc1,17.46
N#Cc1ccc(C2=CCC3CN2C3=O)cc1,28.56
CC(C)Oc1ccc(-c2ncc(-c3cc(-c4ccc(N=c5[nH]cnc6ccsc56)cc4)nc(C(F)(F)F)c3)o2)cc1C#N,35.37
N#Cc1cccc(-c2nc(-c3cccc(C#N)n3)nc(N3CCCC(O)C3)n2)n1,11.3
Cc1cc(=NN=Cc2ccccn2)nc(C)[nH]1,16.06
S=c1[nH]nc(-c2ccccn2)n1Cc1ccccc1,14.92
CC1CCCN(c2nc(-c3cccc(C#N)n3)nc(-c3cccc(C#N)n3)n2)C1,9.52
N#CC1(C#N)NC(c2ccc(-c3cncs3)cc2)c2c(oc3cc(Br)ccc23)C1c1ccc(Cl)nc1,47.43
CSc1nc(Oc2ccccc2)nc(-c2ccc(Cl)cc2)n1,21.81
COC(=O)N1c2ccccc2C(C(=O)N(C)Cc2cc(C(F)(F)F)cc(C(F)(F)F)c2)C1c1ccccc1OC(F)F,40.9
N#Cc1cncc(-c2cc3c(-c4ncccc4C#N)c[nH]n3c(=N)n2)c1,22.02
N#Cc1ccc(-c2ccc(-c3nc(-c4ccc(-c5ccc(C#N)cn5)cc4)nc(-c4nc(Cl)nc(Cl)n4)n3)cc2)cc1,14.49
Nc1cc(O)c(N=Cc2ccccc2)cc1N,11.2
CC1=CC(C)(C)Nc2ccc(Cn3ncnc3-c3ccc(-c4ccc(C#N)cc4)cc3)cc21,20.92
N#Cc1nccc(Nc2ccc3c(c2)C(=O)c2ccc(N)cc2C3=O)n1,12.85
Clc1ccc(C=Cc2nc(-c3c[nH]c4ccccc34)nc(-c3c(-c4ccc(Br)cc4)oc4c(Cl)cccc34)n2)cc1,34.12
CC(C)(C)c1ccc(C=Cc2ccc(-c3cc(C=Cc4cc(C=Cc5cccnc5)[nH]c(=NCc5ccccc5)n4)cc(-c4ccc(C=Nc5cc(O)c(N)cc5O)cc4)n3)cc2)cc1,33.48
Cc1c2ccccc2nc(-c2cc(C(C)(C)C)c(O)c(C(C)(C)C)c2)[n+]1C,24.4
O=C(N=c1[nH]ccs1)c1cc(Oc2cncnc2)ccn1,18.56
N=c1ncc(-c2cccc(C3CCCN3)c2)c[nH]1,25.03
N#Cc1cccc(-c2ncc(-c3ccc(-c4nc(-c5ccc(C#N)nc5)nc(-c5ccc(Cl)cc5Cl)n4)cn3)cc2C#N)c1,26.69
Cc1cc(C(=N)C#N)[nH]c(=Nc2ccc(C#N)cc2)c1C(=O)NN=Cc1cccc(C#N)c1,27.63
N#Cc1ccc(-c2ccc3cc(-c4cn(Cc5ccc(Cl)cc5)nn4)ccc3c2)cc1,22.23
N#Cc1cccc(-c2nc(-c3cccc(C(=O)Nc4ccccc4Cl)c3)nc(N3CCOCC3)n2)n1,16.78
N#Cc1cccc(N=c2nc(Oc3ccc4cc(C#N)cnc4c3)cc[nH]2)c1,22.52
N#Cc1cccc(-c2ccc(-c3cc(-c4cccs4)nc(-c4c5ccccc5c(C#N)c5ccccc45)n3)cc2)n1,18.84
Clc1nc(Cl)nc(-c2ccc(Cl)c(Cl)c2)n1,10.06
N#Cc1ccc(-c2ccc(-c3nc(-c4ccc(C#N)cc4)nc(C4CCCN4C(=O)c4cccc(C(F)(F)F)c4)n3)cc2)cc1,19.93
CC(C)Oc1ccc(-c2nc(N3CCCN(C)CC3)nc3cc(-c4cnn(C)c4-c4ccccn4)ccc23)cc1C#N,43.65
N#Cc1ccccc1-c1nc(C(F)(F)F)cc(=Nc2cccnc2)[nH]1,25.78
O=[N+]([O-])c1ccc(C=Nn2c(-c3cccnc3)n[nH]c2=Nc2ccccc2)cc1,28.89
N#Cc1ccc(-n2cccn2)nc1,14.29
N#Cc1ccc(-c2nc(-c3ccc(C#N)cc3)nc(-c3ccc(-c4ccc(F)c(C#N)c4)nc3)n2)cc1,10.86
N#Cc1ccc(NC(=O)NCc2ccc(C(F)(F)F)nc2N2CCC(O)CC2)c(CN2CCC(Cc3ccc(F)cc3)CC2)c1,26.86
O=CC=Cc1ccc2c(c1)OCO2,14.36
N#Cc1[nH]c(=NCc2cc(-c3ccccn3)nc(-c3ccc(F)cn3)n2)nc(Cl)c1Br,37.19
Cn1c(C#N)ccc1-c1ccc(-c2nc(-c3ccc(-c4ccc(C#N)cn4)cc3)nc(-c3ccc(-c4cc(C#N)c(O)c([N+](=O)[O-])c4)nc3)n2)cn1,25.31
CC1COCCN1c1nc(-c2cccc(Cl)c2F)nc2c(-c3ccc(C#N)cc3)ccc(C#N)c12,21.86
N#Cc1ccc(-c2ccc(-c3cc(-c4ccccn4)nc(-c4ccc(-c5ccc(C#N)cn5)nc4)n3)nc2)cc1,20.23
N#Cc1cc2ccc(C(F)(F)F)cc2[nH]c1=O,20.0
Cc1ccnc(-c2ccc(-c3cc(-c4ccc(C#N)cc4)nc(-c4ccc(-c5ccc(C#N)cn5)nc4)n3)cc2)n1,16.74
Cc1ccc(Nc2cc(N=Cc3cccs3)c(O)cc2N)cc1,11.14
COc1ccc(-c2nc(C=Cc3ccc(-c4nc5cc(C(F)(F)F)ccc5[nH]4)cc3)nc(-c3ccc(C=Cc4nc(-c5ccc(C#N)cc5)no4)cc3)n2)c(OC)c1,32.07
N#Cc1ccc(-n2nnc3cc(C#N)cnc32)c(C(=O)N2CC3CN(c4nccc(C(F)(F)F)n4)CC3C2)c1,31.8
Cc1cccc(Cc2ncc(-c3ccc(-c4c(C#N)ccc5ccccc45)nc3)nc2C#N)c1,29.59
COc1cccc2c1[nH]c1c3[nH]c4ccccc4c3c3c(c21)C(=O)N(CCn1ccnc1)C3=O,29.59
N#Cc1cncc(-c2nc(-c3ccncc3)nc(-c3ccccn3)n2)c1,13.98
CNCc1cccc(-c2cc3c(-c4cccc(NC(=O)c5cc(C(C)(C)C#N)nc(C(C)(C)C#N)n5)c4)[nH]nc3cn2)c1,37.68
CN1C(=O)CCc2cc(-c3cc(C#N)cc(COCC(F)(F)C(F)F)c3)ccc21,31.98
COc1ccc(-c2[nH]c(=NN=CC=Cc3ccco3)n(C)c(=O)c2C#N)cc1,21.16
COc1ccc(C2=Nc3ccc(F)cc3NC(=N)C2[N+](=O)[O-])cc1,31.91
COc1ccc(C=Cc2cccc(C=Cc3cc(N)c(OC)c(N)c3)c2)cc1N(C)C,25.63
CC(=O)N(C)CCC#CC#CC#COc1ccc(S(=O)(=O)CC2CC(N)CCC2NC(=O)CNC(=O)c2cc(F)cc(F)c2)cc1,46.12
N#Cc1ccc(C(=O)C=Cc2c(-c3ccncc3F)ccnc2Cl)cc1,28.0
Cc1cc(C)c(C)c(OCC#Cc2ccc3c(c2)CCc2cnc(-c4ccc(-c5ccnc(C6CCCCN6C(=O)OC(C)(C)C)n5)cc4)nc2-3)n1,42.32
N#Cc1cncc(-c2nc(-c3cncc(C#N)c3)nc(-c3ccc(C#N)c(Cl)c3)n2)c1,13.11
N#CC=Cc1nnc(CC(=O)Nc2ccc(-c3ccc(C#N)cc3)cc2)n1N=Cc1ccc(F)cc1Cl,29.33
N#Cc1ccc(-c2ccc(-c3nc(-c4ccc(-c5cccc(C#N)c5)cc4)nc(-c4cccc(C#N)n4)n3)cc2)cc1,13.15
Cc1cc(CN2CCN(C)CC2)ccc1NC(=O)c1ccc(N=c2nc(-c3ccc(-c4ccc(C#N)cn4)cn3)cc[nH]2)cc1,15.64
N#Cc1ccc(-c2ccc(-c3c(C#N)c(C(F)(F)F)nn3-c3ccc(S(=O)(=O)C(F)(F)F)cc3)cc2)nc1,22.27
Cc1ccc2nscc2c1,20.77
CNC(=O)c1nc(-c2ccc(C#N)nc2)nc(-c2ccc(S(=O)(=O)Nc3cccc(F)c3)cn2)n1,27.83
N#Cc1ncnnc1Cl,16.07
N#Cc1ccc(N2C(=O)CC(=Cc3ccc(-c4cc(F)cc(F)c4)cc3)C2=O)cc1,29.76
Cc1cc(-c2cc(C=Cc3ccc(C#N)cc3)cc(-c3ccc(-c4ccc(C#N)cc4)cc3)n2)ccc1C(=O)O,27.25
N#CC=C1CCCc2ccc(Nc3cc(C#N)nc(Nc4ccc5c(c4)C(=O)c4ccc(N)cc4C5=O)n3)cc21,19.69
N#Cc1ccc(-c2ccc(-c3cnn4c(C#N)ccc4n3)cc2)cc1,18.43
N#Cc1ccc(-c2ccc(-c3nc(C=Cc4ccccc4)nc(N4CCN(C(=O)Cn5cc(C=O)nn5)CC4)n3)cc2)cc1,21.41
N=c1[nH]cnc2c1ncn2CCCc1ccccc1,19.33
N#Cc1ccc(C=Cc2nnc3cc(-c4ccc(-c5ccc(-n6ccccc6=O)cc5)cc4)[nH]c(=N)c3n2)cc1,31.46
N#Cc1ccc2c(c1)cc(C(=O)O)n2Cc1ccccc1F,20.38
CCc1cc(-c2ccc(-c3ccc(CN4CC(C(=O)O)C4)cc3)nc2)nc(-c2ccc(OC(C)C)c(C#N)c2)n1,28.17
N#Cc1ccc(-c2nc(-c3cncc(C#N)c3)nc(N3CC4CC3CO4)n2)nc1,15.63
N#Cc1ccc(-c2nc(-c3cncc(C#N)c3)nc(-c3c(F)c(F)c(C#N)c(F)c3F)n2)cc1,14.2
O=C1CN2c3ccc(F)c(F)c3N=CC2C1=O,31.38
CC(=O)Oc1ccc2c(c1)Cc1ccc(OC(=O)COc3ccc(C)cc3C)cc1C2=O,31.32
CC1(C)COC(c2nc(-c3ccc(-c4ccc(C#N)cc4)cn3)ccc2-c2ccc(-c3ccccn3)cc2)OC1,32.3
CC(C)CC(NC(=O)c1cc(-c2ccc(F)c(F)c2F)nc(-c2ccc(C#N)cc2)n1)c1cnc(-c2cncc(C#N)c2)cn1,31.7
c1ccc2c(c1)ccc[n+]2-c1nc(-[n+]2ccc(-c3ccncc3)cc2)nc(-[n+]2ccc(-c3ccncc3)cc2)n1,15.12
COc1ccc(-c2nc(-c3ccc(C#N)cc3)nc(-c3cncc(C#N)c3)n2)c(F)c1OC,20.19
N#Cc1cncc(-c2nc(-c3ccc(F)c(C#N)c3)nc(-c3cccc(C#N)n3)n2)c1,13.81
COc1ccccc1-c1c(C(=O)C2CCCC2)cc(O)n1-c1ccc(-c2nc(-c3ccc(-c4ccc(C#N)cc4)cc3)no2)cc1,20.98
CC(C)n1nc(-c2cnc3nc(C#N)c(C#N)nc3c2)c2cccnc21,24.91
N#Cc1ccc(-c2ccc(-c3nc(-c4ccc(-c5ccc(C=NNC(N)=S)cn5)cc4)ccc3C#N)cc2)nc1,22.68
CC[N+](CC)=C1C=CC(=C(c2ccc(C)cc2)c2ccc3ccccc3c2)C=C1,24.69
N#Cc1ccc(-c2ccc(-c3ccc(C#N)nc3-c3ccc(OCc4ccccc4)cc3)cc2)cn1,20.47
C=CC(=O)N1CCC2(CC1)CN(Cc1cn(-c3cc(-c4cc[nH]c(=Nc5ccc(F)c(CN6CCOCC6)c5)n4)ncn3)cn1)CCO2,53.02
N#Cc1ccc(-c2nn(-c3cccc(N4CC(N5CCCCC5)C4)n3)nc2-c2cccc(C#N)n2)cc1,31.05
N#Cc1nc2c(s1)-c1cc(Nc3nc(Nc4ccc5c(c4)C(=O)c4ccc(N)cc4C5=O)nc(Nc4ccc5c(c4)C(=O)c4ccc(N)cc4C5=O)n3)ccc1CC2,18.86
Cc1nn(C2CCN(c3ccc(C#N)cn3)CC2)c2cc(C#N)ncc12,25.6
N#Cc1cc(Cl)cc(Oc2c(F)c(C#N)c(F)c(N=C(N)N)c2F)c1,26.77
Cc1nccn1-c1ccc(-c2nc(-c3ccc(-c4ccc(C#N)cn4)nc3)nc(-c3ccc(-c4ccc(C#N)cc4)cn3)n2)cc1C#N,30.93
N#Cc1ccc(-c2ccc(-c3nc(Cl)nc(Cl)n3)cc2C#N)cc1,11.67
Cc1ccc2nc(-c3ccc(-c4ccc(C#N)cc4)cc3)c(Nc3ccc4c(c3)OCO4)n2c1,19.04
Cc1cc(-c2ccc(N=c3ncc4c([nH]3)CCN(C(=O)Nc3cccnc3F)C4)cc2)ncn1,38.19
N#CC=C(c1cccc(C(=O)N2Cc3ccccc3CC2C(=O)O)c1)c1ccc(Cl)c(C#N)c1,41.48
N#Cc1cccc(-c2cc3c(ncn3-c3ccnc(N4CCOCC4)n3)c(N3CCOCC3)n2)n1,22.42
CC(C)Oc1ccc(-c2ccc(-c3nc(-c4ccc(C#N)cc4)nc(-c4ccc(F)cn4)n3)cn2)cc1C#N,16.24
N#Cc1ccc(-c2nc(-c3ccc(-c4ccc(-c5nc(-c6ccc(C#N)cc6)nc(-c6ccc(CN7CCCC7)c(F)c6F)n5)cc4)cc3)cc(-c3cccnc3)n2)cc1,24.66
Cc1cc(=NC(=O)c2cnn3ccc(N4CCCC4c4ccccc4F)nc23)cc[nH]1,25.07
N#Cc1ccc(-c2ccc(-c3cc(-c4ccc(-c5cc(-c6ccc(Cl)cc6)nc(-c6ccc(-c7ccc(C#N)cn7)nc6)n5)c(Cl)c4)nc(-c4ccc(C#N)cc4)n3)cc2)cc1,25.36
N#Cc1ccccc1-c1ccc(C(=O)NCc2ccc3c(c2)CCC3N2CCCC2=O)c(F)c1,34.16
N#CC=Cc1cccc(-c2ccc(-c3cc(-c4cnc(-c5ccc(C#N)cc5)o4)nc(COc4ccc5ccccc5c4)n3)cc2)n1,30.75
N#Cc1ccc(-c2cc(CN=c3cc[nH]c(C#N)n3)cc(NC(=O)c3ccccc3)c2)cc1,26.02
COc1ccc(S(=O)(=O)N=c2cc(C#N)cc(-c3cncc(C#N)c3)[nH]2)c(F)c1,29.58
N#Cc1ccc2c(c1)NC(=O)CN2Cc1nc(C2CC2)no1,22.36
Oc1ccc(N=Cc2ccc(-c3nc(-c4ccc(Cl)cc4Cl)nc(-c4ccc(Cl)cc4Cl)n3)cc2)cc1,19.65
Nc1ccc2c(c1)C(=O)c1ccc(NC(=O)c3cccnc3Nc3ccc4c(C=Cc5ccccn5)[nH]nc4c3)cc1C2=O,22.54
CNC(=O)c1ccc(-c2nc(-c3ccc(-c4ccc(C#N)cn4)cc3)nc(-c3ccc(-c4ccc(C#N)cn4)nc3)n2)cn1,16.89
Clc1nc(Cl)nc(-c2ccc(-c3ccc(-c4cccnc4)cn3)cc2)n1,15.36
N#Cc1ccc(-c2nc(-c3ccc(C#N)nc3)cc(-c3ccnc(F)c3)n2)cc1,16.13
CS(=O)(=O)Nc1ccc(-c2nc(-c3ccc(-c4ccc(C=NO)c(C#N)c4)cc3)nc(-c3ccc(-c4ccc(C#N)cn4)nc3)n2)cc1F,26.89
CC1=C(C(=O)Nc2ccc(Br)cc2)C(c2ccc(C=CC(=O)O)cc2)n2c(sc(=Cc3ccccc3)c2=O)=N1,26.91
COc1cc2c(cc1OC)CN(CCCn1nc(C#N)[nH]c1=S)CC2,26.49
Cc1nc2c(C=Nc3ccccc3)nccc2c2ccccc12,26.82
N#Cc1ccc(-c2cc3ccccc3c(=O)[nH]2)cc1C#N,22.56
N#Cc1cccc(-c2nc(-c3cccc(C#N)n3)nc(N3CCOCC3)n2)n1,7.74
N#CCCN(Cc1ccc(-n2cccn2)cc1)S(=O)(=O)c1cccc(C#N)c1,27.13
N#CC=Cc1ccc2cc(C(N)=O)nc(-c3ccc(-c4ccc(F)c(C#N)c4)nc3)c2c1,19.77
N#Cc1ccc2c(n1)CN(c1nc(-c3ccc(Cl)cc3)cs1)CC2,24.72
CN(C)N=Cc1ccc2cc(C#N)cnc2c1,25.17
CN1CCN(CCCC=Cc2ccc3c(=Nc4cccc(F)c4)c(C#N)c[nH]c3c2)CC1,23.13
N#Cc1ccc(-c2ccc(-c3nc(-c4ccc(-c5ccc(C#N)cn5)nc4)[nH]c(=N)n3)cc2)nc1,11.03
CCC(=O)N=c1nc(-c2cncc(C#N)c2)nc(-c2ccc(C#N)cc2)[nH]1,23.22
CC1NC(=O)c2cc(Nc3nc(Nc4ccc5c(c4)C(=O)c4ccc(N)cc4C5=O)nc(Nc4ccc5c(c4)C(=O)c4ccc(N)cc4C5=O)n3)ccc2NC1=O,12.26
CSc1nc(-c2ccc(-c3cc4ccc(C#N)cc4[nH]3)cc2)nc(-c2ccc(-c3ccc(C#N)cn3)nc2)n1,23.53
N#Cc1cc2cc(Cl)c(Cl)cc2[nH]1,19.22
Cc1cc(C#N)ccc1-c1nc(-c2ccc(-c3ccc(C#N)cc3)nc2)nc(-c2cncc(-c3nc4cc(Cl)ccc4o3)c2)n1,35.68
N#Cc1c(-c2ccccc2)nc(=N)[nH]c1N1CCOCC1,16.31
Cc1ccc(S(=O)(=O)N2CCN(C=Nc3ccc4c(c3)C(=O)c3ccc(N=Cc5ccc6ccccc6n5)cc3C4=O)CC2)cc1,29.2
Cn1c(=O)n(CC#N)c(=O)c2c1[nH]c(=NN=Cc1ccccc1Cl)n2Cc1ccccc1,29.38
CC(=Cc1ccc(C=Nc2ccc(C(=O)O)cc2)cc1)c1ccccc1,21.91
N#Cc1ccc(-c2nnc(SCC(=O)Nc3ccc(F)cc3)n2N)cc1,21.25
CCC[n+]1c(C=Cc2ccc(N(C)C)cc2)ccc2ccccc21,19.45
O=C(C=CC=Cc1ccccc1)N=C1NCCS1,16.36
N#Cc1ccc(-c2ccc(-c3cn4cccnc4n3)cc2)cc1,17.62
N#Cc1cncc(-c2nc(-c3cncc(C#N)c3)nc(-c3ccc(F)c(C#N)c3)n2)c1,11.18
N#CC(=C(C#N)c1ccc(-c2ccc(C#N)cn2)cc1)c1ccc(C#N)cc1,19.33
Cc1cc(Nc2ccc3c(c2)C(=O)c2ccc(N)cc2C3=O)nc(Nc2ccc3cc[nH]c(=O)c3c2)c1,17.29
C#CCN1C(=O)SC(=CC=Cc2ccco2)C1=O,20.1
Cc1cccc(C(=O)Nc2cccc(C#N)c2)c1,16.33
Cc1nc(C(F)(F)F)ncc1Cn1cc(CCO)nn1,29.84
COc1cc(C(=O)NS(=O)(=O)c2ccccc2C)ccc1Cc1cn(C(=O)C2CC2)c2ccc(C#N)cc12,33.85
CCCn1ccc2ccc(C#N)cc2c1=O,20.19
CCN(CC)CCN=c1nc2c(=NC(=O)c3cccc(Cl)c3)[nH]c(-c3cncc(C#N)c3)nc2c[nH]1,35.84
CC1=NC(C)(c2cc(NC(=O)c3ncc(F)cc3F)ccc2F)N=C(N)O1,22.96
COc1ccc(C(=O)NC(CSCC2CCCCC2)C(=O)NC2CCCCC2)cc1,26.48
N#Cc1ccc(-c2ccc(-c3nc(-c4ccc(-c5ccc(F)cc5)nc4)nc(-c4ccc(-c5ccc(C#N)cn5)nc4)n3)cn2)nc1,13.61
CC1CN(c2nc(=NC3CCN(Cc4cc(C(F)(F)F)cc(C(F)(F)F)c4)CC3)c3ccccc3[nH]2)CC(C)O1,32.57
Nc1cc(O)c(N=Cc2ccc(-c3nc(-c4ccc(C=Nc5cc(O)c(N)cc5O)cc4)nc(-c4ccc(C=Nc5cc(O)c(N)cc5O)cc4)n3)cc2)cc1O,8.43
N#Cc1ccc(-c2cc(C(N)=O)nc(-c3ccc4ccc(F)cc4n3)c2)cc1,22.62
c1cncc(-c2cc[n+](-c3nc(-[n+]4ccc(-c5ccncc5)cc4)nc(-[n+]4ccc(-c5ccncc5)cc4)n3)cc2)c1,11.74
N#Cc1cnc(-c2ccc(Cl)cc2Cl)c(-c2nccc(Cl)n2)c1,19.53
N#Cc1ccc(-c2nn3c(=N)[nH]c(=NCCc4cccc(Br)n4)nc3[nH]2)cc1,28.17
COc1cc(C)nc(Oc2ccc(=NC(=O)Nc3cccc(F)c3)[nH]c2-c2cc(C)nc(C)n2)n1,29.2
COc1cc(-c2ccc(-c3ccc(C#N)cc3)cc2)nc(C=CC#N)c1Cl,22.82
N#Cc1ccc(Cl)nc1C#N,13.75
N#CCSc1nnc(-c2ccccn2)n1-c1ccc(F)cc1,16.92
CC1(C)c2ccccc2-c2ccc(C#CC3(CN4C(=O)c5ccc(C6CC6)cc5C4=O)NC(=O)NC3=O)cc21,32.87
Nc1ccc2c(c1)C(=O)c1ccc(Nc3nc(Nc4ccc5c(c4)CNC5=O)nc(Nc4ccc5c(c4)C(=O)c4ccc(N)cc4C5=O)n3)cc1C2=O,7.35
COc1cc2nc(-c3ccc(C#N)cc3)oc2cc1C#N,26.79
CN1C(=O)C(Cc2ccccc2)N=C(c2nc(Cc3ccc(O)cc3)c(Cl)s2)c2cc(Cl)ccc21,33.7
N#CC(=Cc1ccc([N+](=O)[O-])cc1)C(=O)NCCCNC(=O)C(C#N)=Cc1cc(O)c(O)c([N+](=O)[O-])c1,28.65
N#Cc1ccc(Nc2cc(-c3cccc(C#N)n3)ccc2S(=O)(=O)c2ccc(C#N)cc2)cc1,21.35
CC(C)(O)C#CC(=O)Nc1cccc2ccccc12,25.53
NC(=NO)c1ccc(-c2nnc(-c3cccc(C(F)(F)F)c3)c(N3CCOCC3)n2)cc1,27.98
N#Cc1ccc(-c2cc(C(N)=O)nc3ccc(-c4ccc(C#N)cn4)cc23)cc1,18.83
C=c1c(=Cc2c(=O)n(-c3ccc(C)cc3)c(O)c3ccccc23)cc(C)n1-c1cccc2ccccc12,28.36
N#Cc1ccc(C=Cc2nccn3cc(C(=O)c4ccccc4)cc23)cc1,30.71
N#Cc1ccc2cc(-c3nc(-c4ccc(C=CCOc5cccc(-c6cccc(C#N)n6)c5)cc4)n(Cc4ccc(-c5ccccc5)cc4)n3)ccc2c1,34.63
Nc1ccc2c(c1)C(=O)c1ccc(Nc3nc(Nc4ccc5oc(C6CC6)nc5c4)nc(-c4cccc(O)c4)n3)cc1C2=O,21.3
COc1cccc(CNC(=O)c2cc(-c3ccc(Cl)cc3)[nH]n2)c1,23.43
O=C(CSc1nc(=O)c(Cc2ccccc2)cn1Cc1ccco1)N1CCN(c2ccccc2)CC1,31.82
N#Cc1ccc(-n2nc(C(=O)N3CCS(=O)(=O)CC3)cc2-c2ccc(-c3ccc(C#N)cn3)cc2)cc1,21.71
N#Cc1ccc(-c2ccc(-c3nn(-c4ccc(C#N)cc4)cc3C(=O)O)cc2)cc1,16.51
N#Cc1ccc(-c2noc(COc3ccc(C=CC(=O)C=Cc4ccccc4)cc3)n2)cc1,19.9
N#Cc1ccc(-c2ncc(-c3ccc(C#N)cn3)c(-c3ccc(-c4cccc(C(=O)O)n4)cc3)n2)cc1,19.85
N#Cc1ccc(-c2ccc(C3=NN(C(=S)Nc4ccccc4)C(c4ccc(C#N)cc4)C3)cc2)cc1,19.17
N#Cc1ccc(-c2cc(C#N)nc(-c3cnccn3)c2)cc1,18.26
O=C1C(=Cc2nn[nH]n2)Cc2ccccc21,21.03
Clc1ccc(-c2n[nH]cc2-c2ccccc2)cc1,23.24
Cc1cc(-c2cnc(N)c(C#Cc3ccc(C#N)c(N)c3)n2)nc(C)n1,28.44
N#Cc1nc(-c2ccco2)oc1Nc1ccccc1Cl,17.75
N#Cc1ccc(-c2nc(N3CCC(C(=O)Nc4cccc(C(=O)O)c4)CC3)nc3ccccc23)c(Cl)c1,32.5
COc1cc(-c2ccc(O)c(F)c2F)c(F)cc1-n1c(=O)ccc2cc(S(=O)(=O)N=c3[nH]cns3)ccc21,32.45
N#Cc1ccc(-c2ccc(-c3nc(CCc4nn[nH]n4)n(-c4ccccc4)n3)cc2)cc1,22.63
N#Cc1ccc(-c2cc(NC(=O)NN=Cc3cccc(C#N)c3)nn2-c2cc(C#N)cc(C#N)c2)cc1,31.04
N#CC=Cc1cccc(O)c1,12.63
Oc1ccc(C=Nc2ccc(Cl)c(Cl)c2)cc1Cl,22.6
N#Cc1ccc(-c2ccc(-c3nc(C(=O)NC4CCC(F)(F)CC4)ccc3C#N)cc2)nc1,20.81
Cc1cc(N=c2ccc3cc(F)ccc3[nH]2)nc(-c2ccc(-c3ccc(C#N)cn3)cc2)n1,29.91
N#Cc1cccc(-c2cc3cc(C#N)c(C#N)cc3o2)c1,17.12
COc1ccc(Oc2ccc(F)cc2)c(C(=O)O)c1OC(=O)C(=O)N(C)C,44.51
CN1C(=O)C2(CC(C#N)C(=N)Oc3c4n(c5ccc(O)cc35)C(=O)CCN42)C1=O,39.55
Cc1cccc2oc(-c3cc(-c4cccc(C#N)n4)cc(-c4ccncc4)n3)nc12,27.75
Cc1cc(-c2ccc(N=c3nc(-c4cnc(N5CCC(F)C5)c(C#N)n4)cc[nH]3)cc2)nc(C)n1,20.56
COc1nc(=Cc2cc(C)n(-c3cc(C#N)cc(C(F)(F)F)c3)c2C)c(=Cc2[nH]c(N3CCN(C)CC3)cc2OC)c(=O)[nH]1,36.88
C=CCc1cccc(-c2cccnc2)c1,20.85
N#Cc1ccc(-c2ccc(C(=O)NC(=S)Nc3cccnc3)cc2)cc1,21.03
O=C(NC1CC1)C1OC(n2cc(-c3ccncc3)nn2)C(O)C1O,26.18
O=C(O)CCc1ccc(-c2cc(-c3ccncc3)nc(-c3cccc4cccnc34)c2)cc1,33.98
N#CC(C#N)=c1ccc(=C(C#N)c2nc(-c3ccc(C#N)cc3)cs2)nc1,11.45
Cc1nc2ccc3c(C#N)cccc3c2n1CCCn1ccnc1,27.5
N#Cc1ccc(-c2nc(-c3ccc(C#N)cc3)nc(-c3ccc(-c4ccc(F)c(C#N)c4)cc3)n2)cc1,10.33
Cn1cc(-c2ccc(CNCCS(=O)(=O)c3ccc(-n4cc(C#N)cn4)c(F)c3)cc2Cl)cn1,38.11
Nc1ccc2c(c1)C(=O)c1ccc(Nc3nc(Nc4ccc5c(c4)C(=O)C(=O)NC5=O)nc(Nc4ccc5c(c4)C(=O)c4ccc(N)cc4C5=O)n3)cc1C2=O,7.84
COCC(CC#N)n1cc(Cl)[nH]c(=Nc2c(Cl)cc(OC(F)F)cc2Cl)c1=O,24.19
Cn1cnc(S(=O)(=O)N(Cc2ccc3c(c2)OCCO3)c2cc(Cl)ccc2CO)c1,33.34
Clc1ccc(-c2ncnc3cc(COc4ccccn4)nn23)cc1,29.23
CNC(=O)CC(C)=NNC(=O)Cc1cccc2ccccc12,28.91
O=C(NC(c1ccc(F)cc1)C1CC1)c1cncc(-c2ccc(C(=O)Nc3ccc(-n4ccnc4)cc3)nc2)c1,33.9
CCOc1ccc(NC(=O)NC(C)c2cc(OC)cc(OC)c2)cc1,31.37
N#Cc1ccc(C(=O)c2cn(Cc3ccccc3)c3ccccc23)cc1,19.12
N#Cc1ccc(-c2ccc(-c3[nH]c4ccc(C#N)cc4c(=N)c3C#N)cc2)cc1,18.16
Cc1ccc(S(=O)(=O)c2nn3ccc(-c4ccc(CN(C)C)cc4)nc3nc2=N)cc1,32.39
N#Cc1ccc(-c2ccc(-c3nc(-c4ccc(-c5ccc(C#N)cn5)nc4)nc(-c4c(F)c(F)c(C#N)c(F)c4F)n3)cc2)cc1,9.83
CC(C)OC(=O)c1cc2c(O)c3ccccc3c(O)c2c(N=Nc2ccc([N+](=O)[O-])cc2)c1O,31.52
Cc1ccc2nc(-c3cc4ccccc4o3)c(C=Nc3cccc4ccccc34)c(=O)n2c1,29.08
Cn1ccnc1-c1cc(-c2cccc(F)c2)nc(-c2ccc3c(c2)CN(Cc2ccccc2)CCN3)n1,35.28
N#Cc1c(-c2ccc(Br)cc2)csc1N,15.39
CCOC(=O)c1sc(NC(=O)c2cccnc2)c(C#N)c1C,16.9
Cc1ccccc1C=NN(C)C1=NS(=O)(=O)c2ccccc21,21.12
N#Cc1ccc(-c2nc(-c3ccc(-c4ccccc4F)o3)nc(-c3c(F)c(F)c(C#N)c(F)c3F)n2)cc1,20.9
CN(C)CCC(c1ccc(C(=O)NCCC(=O)O)cc1)c1ccc2c(-c3ccc(C(=N)N)cc3)cc(-c3ccc(C(=N)N)cc3)cc2c1,36.74
CSCC(=O)Nc1ccc2c(c1)CCc1ccc(Nc3ccccc3C#N)cc1C2=O,30.35
N#CC=Cc1nc(-c2cc[n+](COC[n+]3cccc(C#N)c3)c(N3CCCC3)n2)c2ccccc2n1,30.0
N#Cc1ccc(COc2nc3c(Nc4cccc(C#N)c4)cncc3cc2C#N)cc1,33.05
CN1CCN(C(=S)NN=CC=Cc2ccccc2)CC1,23.59
CC(Cl)=CC=CC(Cl)=CC(=O)c1ccc(-c2ccncc2)cn1,41.17
COc1ccc(-c2cc3[nH]c(C#N)c(C(=O)c4ccc(C#N)cc4)c(=NCC(F)(F)F)c3cc2F)cc1C#N,34.72
CC1=C(C(=O)OC(C)C)C(c2ccc(Cl)cc2)C=CN1c1ccc(Cl)cc1,28.48
N#Cc1ccc(N=c2[nH]ccc(Nc3ccc(C#N)cc3)c2[N+](=O)[O-])cc1,19.98
COc1cccc(-n2c(C)nn(Cc3ccc(-c4ccc(C(F)(F)F)cc4)cc3)c2=O)c1F,29.04
N#Cc1ccc(-c2ncc(C#N)cc2-c2ccccc2)nc1,14.01
Cc1ccc2[nH]c(-c3cccc(-c4ccc(NC(=O)Nc5ccc(C#N)cc5)cc4)c3)nc2c1,19.93
NC1=NC(CF)(c2cc(NC(=O)c3cccc(Cl)n3)cc(Cl)c2F)C2CC2O1,21.8
N#Cc1cccc(-c2nc(N3CCOCC3)c3cc(-c4cnc(Sc5cccc(Cl)c5)c(C#N)c4)ccc3n2)n1,31.33
N#Cc1ccc(-c2ccc(-c3nc(-c4ccc(-c5ccc(C#N)c(Cl)c5)nc4)nc(-c4ccc(-c5ccc(C#N)cn5)nc4)n3)cn2)nc1,11.32
CC(C(=O)O)c1ccc(-c2ncc(C#N)cc2C2CCC(C(=O)O)CC2)cc1C#N,41.39
CC(C)(C)c1nnc(C(=O)Nc2ccc(C#N)s2)c(-c2cccc(C(=O)O)c2)n1,27.76
CC(C)(C)c1ccc(Cn2cc(Cc3ccccc3)c(=O)n(Cc3ccc(-c4ccccc4-c4nn[nH]n4)cc3)c2=O)cc1,27.9
N#Cc1ccc(-c2ccc(-c3nc(-c4ccc(-c5cccc(CC(=O)O)n5)cc4)nc(-c4ccc(-c5ccc(C#N)cn5)nc4)n3)cn2)cc1,18.77
N#Cc1ccc(-c2ccc(-c3nc(-c4ccncc4)nc4c(C=Cc5ccccn5)ccnc34)cc2)cc1,22.06
N#Cc1ccc(-c2ccc(-c3nc(-c4ccc(C(N)=O)cc4)nc(-c4ccc(-c5cn(Cc6ccccc6)nn5)cc4)n3)cc2)cc1,22.17
Cc1cccc(=Nc2nc(-c3ccccc3C#N)cs2)[nH]1,16.27
Clc1ccc(-c2nc(=NCC(c3ccccc3)c3ccccc3)nc(-c3ccc(Br)cc3)[nH]2)cc1Cl,24.18
COc1cccc(N=c2cnc(C#N)c[nH]2)c1,19.46
N#Cc1ccc(Cc2nnc(-c3cccc(-c4cccc5ccccc45)n3)o2)cc1,23.73
N#Cc1ccc(-c2ccc(-c3nc(-c4ccc(C=Cc5ncnc(-c6ccc(C#N)cc6)n5)cc4)nc(-c4ccc(-c5ccc(C#N)cn5)cc4)n3)cc2)cc1,16.23
CCNC(=S)Nc1cc2c(-c3cccc(C#N)c3)nn(C)c2cc1OC,32.68
N#Cc1ccc(-c2ccc(-c3cc(C(=O)CC(=O)C(=O)O)nn3-c3ccc(C#N)cc3)cc2)cc1,17.58
Cn1c(=O)c(N)cn(Cc2cccc(F)c2)c1=O,25.56
Cc1cc(C#N)cc(-c2ccc(C=CC(=O)Nc3ccc(NC(=O)c4cccc(-c5ccncc5)c4)c(C(=O)c4ccccc4)c3)cc2)c1,36.4
Cc1ccc(-c2nc(-c3ccc(NC(=O)c4cccc(F)c4)cc3)nc3ccccc23)cc1,24.46
CC(C)Oc1ccc(-c2ccc(-c3nc(-c4ccc(C#N)cc4)nc(-c4ccc(-c5ccc(C#N)cc5)cc4)n3)cn2)cc1C#N,16.1
COc1cc(C=Cc2nc(-c3ccc(-c4nc(Cl)nc(Cl)n4)cc3)nc(C(C#N)[N+]([O-])=Cc3ccccn3)n2)ccc1O,32.53
CN(C)C(=O)C(c1ccccc1)n1c(-c2ccc(-c3ccc(C#N)cc3)cc2)nc2ccc(-c3c[nH]c(-c4ccc(C#N)cc4)n3)cc21,32.21
N#Cc1ccc(-c2cc(C#N)c(-c3nnc(C#N)o3)nc2-c2cnc(C#N)nc2)nc1,28.52
N#Cc1cccc(-c2ccc(Cc3ccc(-c4cccc(C#N)n4)cc3)cc2)c1,17.04
Cc1cc(C(=O)Nc2ccc(N=Cc3c(O)cc(F)c4ccccc34)cc2)cc(N=Nc2ccccc2)c1O,37.15
N=C(N)c1ccc(-c2nc(C=NC(=O)C3CCCC3C(=O)N=Cc3cccnc3)co2)nc1,30.21
N#Cc1ccc(-c2cc(-c3cccnc3)nc(C=CC(=O)c3ccc(Cl)cc3)n2)cc1,22.37
N#Cc1ccc(-c2nc(-c3ccc(-c4ccc(Cl)c(C#N)c4)cc3)nc(-c3ccc(-c4ccc(C#N)cn4)nc3)n2)cc1,14.37
N#Cc1ccc(-c2ccc(-c3nc(Br)nc(-c4ccc(-c5ccc(C#N)cc5)cc4)n3)cc2)cc1,15.79
Cc1ccc(-c2nc(C#N)c(NCc3ccc(C#N)cc3)o2)cc1,18.22
N#CC=Cc1cc(C#N)nc(C=CC#N)n1,8.23
Cn1nc(-c2ccc(-c3nc(-c4cccnc4)nc(-c4c(F)c(F)c(C#N)c(F)c4F)n3)cc2)cc1C(F)(F)F,21.47
N#CC=Cc1cc(Cc2ccc(-c3ccc(C#N)cn3)cc2)nc(C=CC#N)n1,15.99
COc1nccc(-c2ccc(N=c3cnc4cc(NS(=O)(=O)c5ccc(F)cc5)ccc4[nH]3)cc2)n1,35.89
N#Cc1ccc(-c2nc(Nc3ccc4c(c3)OCc3cc(N)ccc3C4=O)nc(-c3ccc(C#N)cc3)n2)cc1,14.52
N#Cc1ccc(-c2cc(-[n+]3ccc(-c4ccncc4)cc3)nc(-[n+]3ccc(-c4ccncc4)cc3)n2)cc1,11.18
COc1ccc(-c2csc(-n3[nH]c(-c4ccc(C)cc4)c(C=Nc4nc(-c5ccc(C#N)cc5)cs4)c3=O)n2)cc1,22.21
N#Cc1ccc(-[n+]2ccc(-c3ccncc3)cc2)cc1,9.67
N#Cc1ccc(-c2ccc(-c3n[nH]c(-c4ccc(-c5cccnc5)cc4)n3)cc2)cc1,22.28
N#Cc1ccc(-c2ccc(-c3nc(-c4cccc(C#N)c4)cc(-c4cccc(C#N)n4)n3)cn2)nc1,11.23
O=C1c2cccc([N+](=O)[O-])c2C(=O)N1Cc1ccccc1F,26.38
O=C1c2cc(Cl)cc(Cl)c2S(=O)(=O)c2ccsc21,19.16
COCC(C)NC(=O)c1cc(-c2ccc(-c3ccc(C#N)cc3)cc2)n(-c2ccc(NC(=O)CCN)cc2)c1C,26.76
Cc1cccc(-n2nc(-c3ccc(-c4ccc(C#N)cc4)cc3)nc2-c2ccc(Cl)cc2Cl)c1,20.21
N#Cc1ccc(-c2ccc(-c3nc(OCc4ccccc4)nc(=NN=Cc4ccccc4)[nH]3)cc2)cc1,17.46
CN(C)c1ccnc2c(C3=C(c4cn(C5CCCC5)c5ccccc45)C(=O)N(N=Cc4ccc(C#N)cc4)C3=O)cccc12,36.31
N#Cc1cncc(-c2cc[nH]c(=NCc3cccc4ccccc34)n2)c1,18.47
N#Cc1ccc(-c2ccc(-c3nc(-c4ccc(-c5ccc(C(F)(F)F)cc5)cc4)nc(-c4ccc(C#N)cn4)n3)cn2)nc1,14.87
Fc1cc2nc(-c3ccc(-c4cccc(-c5ccc(-c6nc(Cl)nc(Cl)n6)cc5)c4)cc3)[nH]c2cc1F,12.1
CNc1sc(-c2ccc(-c3nc(-c4ccc(-c5ccc(C#N)cn5)cc4)nn3C3OC(CO)C(O)C(O)C3F)nc2C#N)nc1C#N,27.96
Nc1ccc2c(c1)C(=O)c1ccc(Nc3nc(Nc4ccc5c(c4)CCC5)nc(Nc4ccc5c(c4)C(=O)c4ccc(N)cc4C5=O)n3)cc1C2=O,11.68
Cc1nc(C)n(-c2nccc(Nc3ccc4c(c3)OCc3cc(N)ccc3C4=O)n2)n1,18.81
CCN1CCN(c2nc(-c3ccc(-c4ccc(C(=O)NC(C)c5ccccn5)cc4)cc3)nc(=NCc3ccc(F)c(Cl)c3)[nH]2)CC1,42.86
N#Cc1ccc(-c2ccc(C(O)c3nc(-c4ccc(C#N)cc4)cs3)cc2)cc1,16.94
CCOc1ccc2nc(-c3nc(-c4cccc(C#N)n4)nc(-c4cccc5c4CCC5N)n3)ccc2c1,31.15
NC(N)NCCCC(=NC(=O)c1ccccc1)C(=O)NC1CC2CCC1CC2,29.34
N#Cc1cc(F)cc(-c2cn(-c3ccc(Oc4ccnc(C#N)n4)cc3)c3cnccc23)c1,28.19
N#Cc1ccc(-c2ccc(-c3nc(Cl)nc(Cl)n3)cc2)nc1,11.23
CN(C)c1nc(N=CN2CCN(C=O)CC2)nc(N=CN2CCN(c3ccncc3)CC2)n1,15.15
N#CC(C#N)=c1ccc(=C(C#N)c2cc(C(c3cccc(C#N)c3)=c3ccc(=C(C#N)C#N)cc3)nc(C(C#N)=c3ccc(=C(C#N)C#N)cc3)n2)cc1,26.18
CC1OC(=O)C2(C3CO3)CCCC(C=Cc3ccc(-c4ccccc4)cn3)C12,29.86
N#Cc1ccc(-c2ccnc(-c3ccc(-c4nc(C#N)c5ccccc5n4)cc3)n2)nc1,21.91
Cc1cc(-c2ccc(C#N)cc2)nc2c(F)c(Oc3cc(C#N)cc(C#N)c3)c(C#N)nc12,26.93
N#Cc1ccc(-c2ccc(-c3nc(-c4cccc(C#N)c4)nc(-c4cncc(C#N)c4)n3)cc2)nc1,12.45
N#Cc1ccc(-c2ccc(-c3nc(-c4ccc(-c5ccc(C#N)cn5)nc4)nc(-c4ccc(-c5ccc(F)c(Cl)c5)c(C#N)c4)n3)cn2)nc1,10.86
N#CC=Cc1cccc(-c2nc(-c3ccc(-c4ccc(F)c(F)c4)cc3)nc(-c3ccc(-c4ccc(C#N)cn4)cc3)n2)n1,15.04
Cn1cc(-c2cnc3nnn(Cc4ccc5ncccc5c4)c3n2)cn1,22.17
N#CC(C#N)=c1nc(Cl)ccc1=Cc1ccc(-c2ncnc3[nH]cnc23)cc1O,38.21
N=c1nc(C2CC2)nc(-c2ccc3[nH]cc(-c4ncc(-c5cccnn5)nn4)c3n2)[nH]1,36.45
N#CCOCc1csc(-c2nc(CCc3ccccc3)nc(-c3ccco3)n2)n1,35.35
N#Cc1ccc(-c2ccc(-c3nc(-c4ccc(C#Cc5cccc(C(F)(F)F)n5)cc4)nc(-c4ccc(-c5ccc(C#N)cn5)cc4)n3)cc2)cc1,16.7
Cc1cc(NC(=O)Nc2c(Cl)cccc2Cl)ccc1-c1cnn2c(C3CC4CC(C)ON4C3)nc(-c3cncc(C#N)c3)nc12,41.14
CN(Cc1noc(-c2ccccc2)n1)Cc1cccc2c1OCCO2,27.19
c1ccc(Cn2cccn2)cc1,16.72
CN(C)c1ccc(C=Cc2ccnc3ccccc23)cc1,14.45
N#Cc1cncc(-c2nc(-c3ccc(N4CCOCC4)c(C#N)c3)nc(C3CC3)n2)c1,17.97
N#Cc1cc(-c2ccc(-c3cc(-c4ccc(-c5nc(Cl)nc(Cl)n5)cc4)no3)cn2)ccc1F,17.3
N#Cc1ccc(-c2nc(C#N)nc(-c3ccc(C#N)cc3)n2)cc1,10.09
COc1ccc(C=C(C#N)C(=O)NC2CC2)cc1OC,25.21
Cc1ccc[nH]c1=Nc1nc(Oc2ccc(C#N)cc2)nc(Sc2ccc(NC(=O)C=CC(=O)O)cc2)n1,33.21
Cn1c(C#N)cc2c(O)n(-c3sc4c(c3C#N)CCCC4)c(-c3ccc(O)cc3)c2c1=O,30.92
N#Cc1cncc(-c2nccnc2Oc2ccc(N=c3cccc[nH]3)cc2)c1,14.66
N#CC#Cc1nc(=N)nc[nH]1,24.63
N#Cc1ccc(-c2ccc(-c3nc(-c4ccc(-c5ccc(F)c(Cl)c5)cc4)nc(-c4ccc(-c5nc(C(F)(F)F)cc(C(F)(F)F)n5)cc4)n3)cn2)nc1,17.38
COc1ccc(-c2cc(C=Cc3ccc(OC)c(OC)c3)[nH]c(=NN=Cc3c(C)n(C)c4ccccc34)n2)cc1,25.77
N#Cc1ccc(-c2cccc(-c3ccc(C=C4C(=O)Nc5ccc(F)cc54)o3)c2)cc1,23.0
Cc1cc(C)cc(Nc2ccc3c(c2)C(=O)c2ccc(N)cc2C3=O)c1,15.61
CCC1(O)C(=O)OCc2c1cc1n(c2=O)Cc2cc3cc(OC)ccc3nc2-1,20.52
Cc1nc2ccc(OCC3CCCCC3)cc2n1Cc1cccc(-c2ccc(C#N)cc2)c1,29.02
N#CC=Cc1cccc(-c2nnc(-c3ccc(C#N)cc3)o2)n1,15.17
CS(C)(=O)=Nc1ccc(-c2cn3cc(-c4cccc(NC(=O)Nc5ccc(Cl)cc5)c4)cnc3n2)cc1,29.4
N#Cc1cncc(-c2ccnc(C#N)n2)c1,8.72
CCN(CC)CC(=O)NCc1cc(-c2ccc(C#N)cc2)nc(-c2cccc(F)c2)n1,28.85
Cn1c(C#N)ccc1-c1cc(-c2cncc(C#N)c2)nc(C#N)n1,14.28
N#Cc1ccc(-c2ccc(-c3ccc(C#N)c(-c4ccc(C#N)cc4)n3)cn2)cc1,12.48
O=C(O)CCCCCC(=O)Nc1cccc(-n2nc(C(F)(F)F)n(Cc3ccc(-c4ccccc4-c4nc(=O)o[nH]4)cc3)c2=O)c1,29.35
N#Cc1ccc(-c2ccc(-c3nc(=NC(CO)CO)nc(-c4ccc(-c5ccc(C#N)cn5)nc4)[nH]3)cc2)nc1,24.38
O=C(C=Cc1ccc2c(c1)OCO2)c1ccc(Cl)cc1,15.74
CCCn1c(=O)c2[nH]c(-c3cc(-c4ccc(-c5ccc(C#N)cn5)cc4)nc(-c4ccc(C#N)cc4)n3)nc2n(CCC)c1=O,19.32
Cc1cc(=O)[nH]c(-c2ccn(CC(C#N)(c3ccccc3)c3ccccc3)n2)n1,33.02
Cc1cccc(-c2nc(-c3ccc(-c4ccc(C#N)cc4)cc3)nc(-c3cnn(C)c3CC#N)n2)c1,23.88
N#CC=Cc1cc(-c2ccc(C#N)cc2)nc(C=CC#N)n1,9.24
CC(C)NC(=O)c1cn(-c2cc(F)cc(-c3cccc(C(C)C)c3)c2)nc1C(F)(F)F,36.36
CC(C)=C1CCC2C(=Cc3ccc(-c4ncc(-c5ccc(C=Cc6cc(Cl)nc(Cl)n6)cc5)s4)s3)C1C1CCN2CCc2cc(Br)ccc21,55.37
Cc1nc(C#N)ncc1C(=O)N=c1[nH]c(-c2ccc(-c3ccc(C#N)cn3)cc2)cs1,23.89
Cc1cc(=N)c2cc(CN(C)C(=O)c3cccc(C#Cc4ccc(C#N)cc4)c3)ccc2[nH]1,32.01
NS(=O)(=O)CCNC(=O)C(NC(=O)c1cccc(C#Cc2cc(-c3cccc(C(F)(F)F)c3)ncn2)c1)c1ccc(F)cc1,36.52
CN=c1[nH]c(-c2ccc(-c3nc(-c4ccc(-c5ccc(C#N)cn5)cc4)nc(-c4ccc(-c5ccc(C#N)cn5)cc4)n3)cc2)ns1,23.32
N#Cc1ccc(C=CC(=O)Nc2ccc(C#N)cc2)cc1,15.04
O=C(NCCc1ccccc1)c1ccc(-n2cnnn2)c(Cl)c1,21.61
Cc1cc(Oc2cccc(Sc3ccccc3C#N)c2)[nH]c(=Nc2ccc(C#N)cc2)n1,28.04
Cc1ccc(=NS(=O)(=O)c2c(F)ccc(F)c2F)[nH]n1,21.42
O=[N+]([O-])CC(c1ccc(Cl)cc1)c1cccc([N+](=O)[O-])c1,26.0
Cc1ccc(N2C(=O)C(=Cc3ccc(-c4ccc(-c5ccc(C#N)cc5)cc4)o3)SC2=Nc2ccccc2)cc1,26.74
Cc1cc(C#N)cc(-c2ccc(C3C(=O)NC4(CCCC4)C(=O)N3Cc3ccc(-c4ccc(-c5nc(=O)o[nH]5)cc4)cc3)cc2)c1,35.14
CN(C)c1ccc(C=Nc2ccnc(-c3ccccc3)n2)cc1,20.03
N#Cc1cccc(-c2cc(-c3cccc(NC(=O)c4cc(F)cc(F)c4F)c3)nc(N3CCOCC3)n2)c1,24.47
CC(C)(C)c1ccc(-n2nnc(-c3cc(-c4ccc(C(=O)O)cc4)cc(-c4cccc(-c5ccc(-c6cc(Cl)nc(Cl)n6)cc5)n4)c3)n2)cc1,28.71
N#CC(C#N)=c1ccc(=Cc2ccccc2)nc1,15.26
CCN(CC)CCN=c1[nH][n+]([O-])c2ccccc2[n+]1[O-],18.37
CCC(=C(c1ccc(C=O)cc1)c1ccc(C=CC(=O)O)cc1)c1ccccc1,21.48
N#Cc1ccc(-c2ncc(-c3cncc(-c4cccc(C#N)c4)c3)cn2)nc1,21.02
CS(=O)(=O)N1CCC(CN(C2Cc3cc(C#N)ccc3N(Cc3cccnc3)C2)S(=O)(=O)c2ccccn2)C1,25.78
Cn1nc(Sc2ccccn2)nc1-c1cccc(C#N)n1,21.96
COC1CCC2(CC1)Cc1ccc(-c3ccc(C#N)cc3)cc1C21N=C(N)N(C)O1,21.22
CCCCC(NC(=O)Cc1nc(-c2ccc(-c3ccc(Cl)cc3)cc2)no1)c1ccc(-c2ccccc2)cc1,33.57
N#Cc1ccc(CC(NCc2cnccc2C#N)C(=O)Nc2ccc(C#N)c3ccccc23)cc1,28.67
N=c1[nH][nH]c(N)c1N=Nc1ccccc1Cl,16.44
CCCCCCNC(=O)Cc1cc(-c2ccc(C(=N)N)cc2)oc1-c1ccc(C(=N)N)cc1,22.41
N#Cc1ccc(-c2nc(C(C#N)c3ccc(C#N)cc3)cc(=NCc3nc4scnc4c(=O)n3-c3ccccc3)[nH]2)cc1,39.36
C=CCOc1ccc(C(=O)Nc2sc3c(c2C#N)CCC3)cc1,21.1
C=CCn1c(=O)[nH]c(O)c(C2Nc3ccccc3NC2=O)c1=O,24.76
Cc1nc(CNC(=S)N=c2cnc(C#N)c[nH]2)oc1C,23.81
COc1ccc2c(-c3ccc(C#N)cc3)ncc(C=O)c2c1,22.35
Cc1cnc(CNC(=O)c2cc(-c3cnc(-c4cncc(C#N)c4)nc3C(C)C)nc(C)n2)cn1,29.64
CC(=O)N1CCN(c2cc(N=c3cc(C(C)C)[nH][nH]3)n(C)c(=NCc3nc(-c4ccccc4)ns3)n2)CC1,31.36
N#Cc1ccc(-c2nc(-c3ccc(-c4ccc(C#N)cn4)cc3)nc(-c3ccn4cccc4n3)n2)cc1,15.63
CC1CCN(c2cc(C#N)ccc2S(=O)(=O)c2ccc(C#N)cc2)CC1,21.19
O=C(Nc1cccc(-c2ccnc(-c3ccncc3)n2)c1)c1ccccn1,19.89
N#Cc1ccc(-c2ccc(-c3nc4c(nnn4Cc4ccccc4)c(=NCCc4ccccc4)[nH]3)cc2)cc1,21.8
Cc1cc(C)n(-c2nc(-c3cccc(C#N)n3)nc(-c3cccc(C#N)n3)n2)n1,10.81
Cn1c(SCc2ccc(C#N)cc2)nc(=O)c(C#N)c1Cc1cccc2ccccc12,29.39
N#CC=Cc1cnc(-c2ccc(-c3nc(-c4ccc(-c5ccc(C#N)cn5)nc4)nc(-c4ccc(-c5ccc(C#N)cn5)nc4)n3)cn2)cc1C#N,12.35
Cc1cccc(=Nc2cnc3cc(NC(=O)Nc4cccc(C#N)c4)ccc3n2)[nH]1,30.08
N#CC=Cc1nc(C=CC#N)nc(C=Cc2ccc(-c3ccc(C#N)cc3)cc2)n1,14.43
N#Cc1ccc(C(CNC(=O)c2cc(-c3ccc(Cl)cc3)no2)N2CCOCC2)cc1,25.69
CN1CCCC1C(=O)N1CCC(N=c2nc3c(c[nH]2)CCc2c-3cc(-c3cncc(C#N)c3)n2-c2ccccc2C#N)CC1,37.5
N#Cc1ccc(CN2CCC(C(=O)Nc3ccc(-c4nc5ccccc5o4)cc3)CC2)cc1,21.37
N#Cc1ccc(-c2ccc(-c3nc(-c4ccc(F)cc4)cc(-c4ccc(-c5ccc(C#N)cn5)cc4)n3)cc2)cc1,12.84
N#Cc1cccc(Nc2ccc3c(c2)C(=O)c2ccc(N)cc2C3=O)c1,12.63
Oc1ccc(C=Cc2ccc(O)cc2O)c(O)c1,23.31
O=C(C=Cc1cccnc1)c1ccc(-c2ccccc2)cc1,15.94
COc1cnc(CC(=O)Nc2cncc(C(=O)c3cc(C#N)cc4ncc(C#N)cc34)c2)cn1,34.08
Cc1cc(C#N)ccc1-c1nc2ccccn2c1N=Cc1ccc(-c2cccc(C#N)c2)cc1,24.9
N#Cc1cccc(C(=O)NCC(=O)N2Cc3ccccc3C2)c1,23.16
N#Cc1cncc(-c2cc(C#N)nc(=Nc3ccccc3)[nH]2)c1,15.27
C#CCN(c1cc(-c2cc(F)cc(-c3cncc(C#N)c3)c2)nn2cc(-c3ncc(C(N)=O)c(C)n3)nc12)C1CCOCC1,40.33
Nc1ccc2c(c1)C(=O)c1ccc(Nc3nc(N=Cc4ccncc4)c(O)cc3N)cc1C2=O,12.43
COc1ccc(C#N)c(Cl)c1,16.84
CN(C)CC=NC(=O)c1sc2ccc(S(N)(=O)=O)cc2c1S(=O)(=O)c1cccc(C#N)c1,34.04
N#CCc1cccc(-c2ccc3nc(=Nc4ccnc(C#N)n4)[nH]cc3c2)c1,30.72
O=C1N=c2c(Br)cccc2=C1c1ccc(-n2ccc(=O)cc2)s1,28.57
N#Cc1ccc(-c2ccc(-c3nc(C(=O)Nc4ccc(F)cc4)nc(-c4cncc(C#N)c4)n3)cn2)nc1,22.23
CC(C)SCc1nc(-c2ccc(C#N)cc2)nn1-c1nc(-c2ccc(Cl)cc2)cs1,30.01
N#Cc1ccc(-c2nc(-c3c(F)c(F)c(C#N)c(F)c3F)no2)cc1,13.49
CC(=NN=c1[nH]c(-c2ccc(C#N)cc2)c(C)s1)c1ccc(-c2ccccc2)cc1,23.55
O=C(N=c1[nH]c2ccc(OCF)cc2s1)c1ccc(-n2ccnc2)cc1,36.88
CN1CCN(CCC(=O)Nc2ccc3c(c2)C(=O)c2ccc(NC(=O)c4ccc5ccccc5n4)cc2C3=O)CC1,20.36
Cc1ccc(CNC(=O)C(C)n2c(O)c3c(c2O)CC=CC3)cc1,18.37
COc1cc(O)c2c(=O)cc(-c3ccc(O)cc3)oc2c1CC=C(C)C,16.43
N#Cc1ccc(-c2ccc(-c3ccnc(-n4ccc5c(-n6c(Cl)c(C=NN=Cc7ccc(Cl)cc7Cl)c7c(Cl)ccc(O)c76)cccc54)n3)cc2)nc1,47.09
N#Cc1cccc(C=Cc2ccc(F)c(F)c2)c1,13.74
Cc1cccc(-c2c[nH]c(=N)c(C(=O)N=c3ccc(-c4cncc(C#N)c4)c[nH]3)n2)n1,23.65
C#Cc1ccc(N=Cc2c(Cl)c(O)c(N3CCN(c4ccccn4)CC3)c3ccc(C#N)cc23)c(C)c1,43.83
O=C1c2cc(-c3ccc(Cl)cc3)ccc2OCCN1Cc1ccc(-c2ccc(S(=O)(=O)NCCO)cc2)cc1,27.1
N#Cc1cc(Cl)nc(N2CCN(C(=O)c3ccccn3)CC2)n1,21.73
O=c1[nH]c(O)c(C=c2cnn3c(=Nc4ccc(C(F)(F)F)cc4)cc(Nc4ccc(F)cc4)nc23)[nH]1,25.77
Cc1cc(C)c(-n2cncn2)c(C(=O)N2C3CCC2C(N=c2cnc(C(F)(F)F)c[nH]2)C3)c1,27.78
N#Cc1ccc(-c2nc(-c3ccc(F)cc3)c(-c3ccc(Cl)cc3)[nH]2)cc1,17.86
Oc1ccc(C=Cc2cn(C=Cc3ccc(O)cc3)nn2)cc1,17.83
CCc1c(-c2nc(C)c(C(C)=O)s2)nc(-c2ccc(Cl)cc2Cl)n1-c1ccc(Cl)cc1,25.42
NS(=O)(=O)c1ccc(C=Nc2cc(O)c(NCCCN3CCOCC3)cc2O)cc1,16.66
N#Cc1ccc(-c2nc(-c3cccc(C#N)c3)cc(-c3cccc(C#N)n3)n2)cc1,10.97
Cc1ccc(C#N)c(=Nc2ccc(Br)cc2)[nH]1,15.12
O=C(Oc1c(Cl)cc(Cl)c2cccnc12)c1ccccc1,20.1
CC(C)Oc1ccc(-c2ccc(-c3ncc4ccc(C#N)cc4n3)cn2)cc1C#N,15.22
c1ccc2c(c1)Nc1ccccc1-n1cccc1-2,22.93
N#Cc1cccc(-c2cc(=NC3CC(O)C(CO)C3)[nH]c(-c3ccn(Cc4ccc(F)cc4)n3)n2)n1,29.75
N#Cc1nc2ccccc2nc1C#N,14.44
N#CC=Cc1cccc(-c2ccc(-c3nc(-c4ccc(-c5ccc(C#N)cn5)nc4)nc(-c4c(F)c(F)c(C#N)c(F)c4F)n3)cn2)n1,15.84
N#Cc1ccc(-c2nc(-c3ccc(-c4cccc(C#N)n4)c(F)c3)nc(N3CCNCC3)n2)cc1,14.75
COc1ccc(-c2nc(-c3nc(C#N)cc(C)c3Cl)nc(N3CC(F)(F)C3)n2)cc1C#N,29.47
CN1CCN(C2CC(c3nc(-c4ccc(-c5cnc(C#N)cn5)nc4)c4cnn(C)c4n3)C2)CC1,25.22
CC1CCCN(c2n[nH]c(=NC(=O)Nc3ccc(C#N)cc3)s2)C1,21.67
N#Cc1ccc(-c2csc(-c3ccc(C=Nc4cc(O)c(NCCCN5CCOCC5)cc4O)cc3)n2)cc1,15.77
CCCCCCCCn1c(CC2=c3ccccc3=NC2=O)nc2ccccc21,28.65
N#Cc1cc(NC(=O)NCCc2ccc(-c3cc(Cl)nc(Cl)n3)cc2)cc(C(F)(F)F)c1,28.51
COc1ccc(C2Cc3c(c(O)c4ccc(=O)oc4c3OC)C(=O)C2NC(=O)CC=Cc2ccc(-c3cccc(C(F)(F)F)c3)c(O)c2)cc1,55.4
N#Cc1cccc(-c2ccc(-c3ccc(-c4ccc(-c5cccc(F)n5)cc4)nc3)nn2)n1,25.76
CN1CCOc2ccc(N=c3nc(-c4ccc(F)c(C(=O)N5CCN(C(=O)C(C)(C)O)CC5)c4)cc[nH]3)cc21,32.33
O=CN1CCN(C=Nc2nc(N=CN3CCCC3)nc(N=CN3CCN(C=O)CC3)n2)CC1,11.99
N#Cc1ccc(NC2CCc3c([nH]c4cc(Cl)ccc4c3=N)C2)cc1,30.4
Cc1ccc2c(c1)-n1c(CNS(=O)(=O)C3CCCCC3)ccc1CO2,33.3
N#Cc1ccc(-c2ccc(-c3nc(-c4ccc(C#N)cc4)nc(-c4c5ccccc5c(C#N)c5ccccc45)n3)cc2)cc1,13.86
CCc1cc(-c2ccc(C(F)(F)F)cc2C(F)(F)F)nc(-c2ccc(-c3cc(C#N)cc(C#N)c3)nc2)n1,25.47
N#Cc1ccc2c(c1)C(=O)c1cccc3nc(N=[N+]=[N-])cc-2c13,26.48
N#Cc1ccc(N=c2nc(Nc3ccc(Cl)cc3)c(C#N)c[nH]2)cc1,20.63
CCN(c1ccc(C#N)cc1)c1nc(C)nc(N2CCN(Cc3ccc(Cl)c(Cl)c3)CC2)n1,28.02
O=C1C(=O)N(c2ccc(F)cc2)CCN1Cc1ccc(Cl)c(Cl)c1,23.89
N#Cc1ccc(-c2ccc(-c3nc(-c4ccc(C#N)cc4)nc(-c4ccc(-c5ccc(C#N)cc5)nc4)n3)cc2)cc1,12.13
N#Cc1ccc(NC(N)=O)cc1,16.8
CC(C)c1ccc(-c2nc(N=CN3CCN(C=O)CC3)c(C#N)cc2-c2ccccc2)cc1,22.66
Cc1ccc(C(=O)Nc2ccc(CN3CCN(C)CC3)c(C(F)(F)F)c2)cc1-c1cccc(Nc2cc(C#N)cc(C(=O)N(C)C)c2)c1,32.23
O=C1c2ccccc2C(=Nc2ccccc2)N1N=Cc1ccc(Oc2ccc([N+](=O)[O-])cc2)cc1,31.76
CCC=N[SH]=Nc1nc(N=CN2CCN(C=O)CC2)cc(Nc2ccc3c(c2)C(=O)c2ccc(N)cc2C3=O)n1,24.53
N#Cc1ccc(-c2cccc(-c3ccc(C(=O)NN=Cc4cccnc4)cc3)n2)cc1,16.38
N#Cc1ccc(-c2ccc(-c3nc(-c4ccc(-c5ccc(C#N)cn5)nc4)nc(-c4ccc(-c5nccs5)c(C#N)c4)n3)cn2)nc1,17.0
Cc1ccc(-c2nc(C#N)c(C#N)nc2-c2nc(C)n(-c3ccc(Cl)cc3)n2)cc1,23.18
Cc1cc(N=S2(=O)CCC2)cc2[nH]cnc(=Nc3ccc(F)cc3OC(CF)CF)c12,19.06
N#Cc1ccc(-c2ccc(-c3nc4cc(F)ccc4[nH]3)cc2)nc1,14.91
Cc1ccc(-c2cc(C(=O)NCc3ccccc3)cc(-c3ccc(C#N)cc3)n2)cc1,21.25
N#Cc1ccc(OCc2ccccc2)cc1,14.71
COc1cc2[nH]cnc(=Nc3ccc(Cl)c(Cl)c3)c2cc1NC(=O)C=CCN1CCC(N)C1,26.63
N#Cc1ccc(-c2nc(-c3ccc(C#N)cc3)nc(-c3ccc(C(=O)NN=Cc4cccnc4)cc3)n2)cc1,19.08
N#Cc1ccc(C(=CN2CCN(Cc3ccc(F)cc3)CC2)c2nc(-c3ccc(C#N)cc3)nn2Cc2ccc(-c3ccc(C#N)cc3)cc2)cc1,33.45
O=c1[nH]c(=Nc2ccc(N3CCNCC3)cc2)[nH]c2ccccc12,22.42
Cc1nc(-c2ccc(-c3nc(-c4ccc(-c5ccc(C#N)cn5)cc4)nc(-c4ccc(-c5csc(C#N)c5)s4)n3)cc2)no1,17.84
Cc1nc2c(c(N3CCN(c4ccccc4F)CC3)n1)C(=O)c1ccccc1-2,27.61
CS(=O)(=O)Nc1ccc(-n2nc(C(F)(F)F)cc2-c2ccc(-c3ccc(C#N)cn3)cc2)cc1,18.86
N#Cc1ccc2nc(Oc3ccccc3)ccc2c1,19.04
CCOc1ccc2nc(N=Cc3cccs3)sc2c1,19.96
N#CC(C#N)=c1ccc(=c2[nH]c(=O)c(=Cc3ccc(F)c(-c4cccc(C(=O)O)c4)c3)s2)cc1,21.66
CN1Cc2c(C(=O)OC(C)(C)C)ncn2-c2ccc(Cl)cc2C1=O,17.39
N#Cc1ccc(-c2ccc3c(c2)C2Cc4cc(C#N)ccc4C3c3cccc(=O)n32)nc1,33.4
CCOC(=O)c1sc(=NC(=O)c2cc(F)ccc2F)n(C)c1C,19.37
Cc1ncc(-c2nc(-c3cncc(C#N)c3)nc(-c3cncc(C#N)c3)n2)cc1C#N,14.13
N#Cc1ccc(-c2ccc(-c3nc(-c4cccc(C#N)n4)nc(-c4cccs4)n3)cn2)nc1,13.05
O=C(O)c1ccc(-c2ccc(Cc3cnc4ccc(-c5ccc(C(=O)N6CCOCC6)cc5)cc4n3)cc2)cc1O,37.54
Cc1ccc(C=NN=c2[nH]c(-c3cc4cc(Br)ccc4oc3=O)nc(=NCc3ccc(-c4nc(-c5ccc(C#N)cc5)oc4-c4ccc(Br)cc4)cc3)[nH]2)cc1,35.84
N#Cc1ccc(-c2ccc(-c3nsc(C#CCN4CCCC4CO)n3)cc2)cc1,21.9
CC(C)c1nc(COc2ccc(-c3nc(-c4c(F)cccc4Cl)no3)cc2)no1,30.68
Cc1nc(CN(CCC#N)Cc2nnc(Cc3ccc(F)cc3)o2)oc1C,29.17
O=C(c1ccc(F)cc1)N1CCC(c2cc3nc(-c4ccc(F)cc4)cc(C(F)(F)F)n3n2)CC1,28.14
N#Cc1ccc(-c2cc(COc3ccc(-c4ccccc4C#N)cc3)ccn2)cc1,24.69
N#CC(=Cc1ccc(-c2cccc(C(=O)O)c2)o1)c1nc(-c2ccc(-c3ccc(C#N)cc3)cc2)nc(-c2ccc(-c3ccc(C#N)cc3)cc2)n1,18.59
CC1=Nc2nc(-c3ccc(C#N)cc3)nn2C(c2ccc(C#N)cc2)C1,18.48
CCNCc1cccc(-c2ccc(-c3nc(SC(C#N)=C(C)c4ccc(-c5ccc(SC)cc5)cc4)nc(C(C)(C)C)n3)cc2)c1,46.48
Cc1ccc2cccc(OCCCc3ccc(-c4ccc(C#N)cc4)nc3)c2n1,23.64
COc1ccc(Oc2nc3cc(Cl)c(F)cc3nc2C(F)(F)F)cc1,27.96
Cc1noc(Cn2c(=O)n(CCCCCCn3cncn3)c(=O)c3ccccc32)n1,27.45
N#Cc1ccc(-c2cc(-c3ccccc3)nc(-c3ccc(-c4nc(Cl)nc(Cl)n4)cc3)n2)nc1,20.05
N#CC(=N)c1cccc(C=Cc2cc(Cl)ccc2-c2nc(-c3ccc(C#N)cc3)nc(-c3ccc(-c4nc(C(=S)Nc5cc(F)ccc5F)co4)cc3)n2)n1,38.49
Cc1ccccc1C(=O)NCc1ccco1,18.65
Cn1c(C2CN(c3ccc4ccccc4n3)C2)nc2ccccc21,20.04
N#Cc1ccc(Cn2ncc(-c3ccc(C#N)c(F)c3)c(N=c3[nH]cc(C#N)s3)c2=O)cc1,26.22
N#Cc1ccc(-c2ccc3c(c2)Cc2cscc2-3)cc1,20.58
N#Cc1ccc(-c2cc(N3CCCOCC3)nc(-c3ccc(-c4cccc(C#N)n4)cc3)n2)nc1,15.85
Cc1nc(-c2ccc(C#N)cc2)ncc1C#N,13.46
COc1ccc2[nH]c(=NC(=O)c3ccc(=O)[nH]n3)sc2c1,22.43
COc1cccc(-[n+]2nc(-c3ccc(C)cc3)nn2-c2ccc(F)cc2)c1,20.74
N#Cc1c(N)cc(O)c(N=Cc2cccc(F)c2)c1O,16.87
CS(=O)(=O)n1c(-c2cnc(-c3cnc(=N)[nH]c3)c(F)c2F)nc2cc(F)ccc21,30.79
N#Cc1ccc(-c2cc[n+](-c3ccccc3C#N)cc2)cc1,16.51
CCOC(=O)CC1(C)CC(c2ccc(Cl)cc2)C(c2ccc(Cl)c(F)c2)N(CC(=O)NCCc2cc(F)ccc2F)C1=O,39.28
N#Cc1c2ccccc(-c3cccc(-n4ncc5c(N6CCN(C7CCNC7)CC6)ncnc54)c3)c-2c2ccccc12,30.54
CN(C)CC1CN(Cc2nn3c(-c4c(F)cc(OCc5scnc5Cl)cc4Cl)ccnc3c2C(=O)NC(C)(C)C)CCO1,54.43
C#CCn1c(=O)[nH]c2cc(NC(=O)NCc3cc(C(C)(C)C)n(C)c3C)ccc21,35.46
Cc1cc(=O)n(Cc2ccc(F)c(F)c2)c(=O)n1-c1ccc(C#N)c(C(F)(F)F)c1,26.37
CC(=O)OCc1cc(O)c2c(=O)cc(-c3ccc(Cl)cc3)oc2c1,26.2
C=CCn1cc(CN2CCN(c3ccc(N)cc3)CC2)c(C#N)n1,32.75
CC(C)CCn1cnc2cc(-c3nc4cc(F)ccc4n3C)[nH]c(=NC(CO)c3ccccc3)c2c1=O,44.32
N#Cc1ccc(-c2ccc(-c3nc(-c4ccc(-c5ccc(C#N)cn5)nc4)nc(-c4cncc(C#N)c4)n3)cn2)cc1,12.85
N#CC(=Cc1cc(Oc2ccc(C#N)cc2)nc(-c2ccc(-c3ccc(C#N)cn3)cc2)c1)c1nc(C(=O)O)cc(-c2ccc(Cl)cc2)n1,33.65
Cc1nc(-c2ccc(C#N)cc2)oc1-c1nc2c(C#N)cnn2c(=O)n1-c1cccc(Cl)c1,32.93
CN1CCN(Cc2ccc(CNC(=O)c3c(Cl)cc(C#N)nc3-c3ccc(C#N)cc3)cc2F)CC1,23.47
N#Cc1ccc(-c2ccc(-c3cccc(-[n+]4ccc(-c5ccncc5)cc4)n3)cc2)cc1,9.61
CC(C)Oc1ccc(-c2ncc(-c3ccccc3-c3ccc(C#N)cc3)cn2)cc1C#N,26.35
N#Cc1ccc(-n2cc(C=NNC(=O)c3ccccn3)cc(C#N)c2=O)nc1,27.33
N#Cc1c2ccccc2c(-c2nc(-c3c4ccccc4c(C#N)c4ccccc34)nc(-c3c[nH]c4c(C#N)cccc34)n2)c2ccccc12,12.32
N#Cc1ccc(CN2CCC(Nc3ccccc3N)CC2)cc1,23.27
N#Cc1ccc(CN2COC3Cc4c(O)cccc4CC32)cc1,30.0
CC1(C)COc2c(C#N)nc(-c3ccc(-c4ccc(C(=O)N5CCCC5)cc4)cc3)nc21,26.0
COc1ccc(Cl)cc1-c1nc(-c2ccc(-c3ccc(CN4CCNCC4)cc3)cc2)nc(-c2ccc(Cl)cc2Cl)n1,31.39
N#Cc1ccc(-c2cc(-c3ncc(C#N)cc3F)cc3cc(C(=O)c4cn(C(=O)C=Cc5ccc(O)cc5)c5ccccc45)ccc23)cc1,43.65
C=CC=CCC=C1NC(=O)c2c(cc(=O)c(O)c3[nH]c4cc(Cc5ccc(O)c(N=Nc6ccccc6)c5)ccc4c23)OC1(C)C,71.34
CCC(=O)C(C#N)C(=O)Nc1ccc(C#N)cc1,21.37
N#Cc1cncc(-c2csc(C(=O)Nc3ccc(-c4ccccc4S(N)(=O)=O)cc3)c2)c1,26.89
N#Cc1ccc(-c2nc(-c3ccccc3)nc(-c3ccc(-c4c(C#N)c(C(F)(F)C(F)F)nn4-c4ccc(S(N)(=O)=O)cc4)cc3)n2)cc1,25.6
N#Cc1ccc(-c2ncc(-c3csc(Nc4ccc5c(c4)C(=O)c4cc(N)ccc4C5=O)n3)c(-c3ccc(F)cc3)n2)cc1,23.34
C#CCOc1cc(-n2nc(Cc3ccc(C#N)cc3)c3cc(F)ccc3c2=O)c(F)cc1Cl,24.54
O=S(=O)(NCc1cccc(-c2cc(CNCc3ccc(-c4ccc(-c5nc(Cc6ccc(F)cc6)no5)cc4)cc3)on2)c1)c1ccccc1,42.29
N#Cc1ccc(C=Cc2ccc(-c3cc(-c4ccc(-c5nc(Cl)nc(Cl)n5)cc4)cc(-c4ccc(-c5nc(Cl)nc(Cl)n5)cc4)c3)cc2)cc1,12.29
C#CCOc1cc(C(=O)O)nc(-c2ccc(S(=O)(=O)c3ccccc3)cc2)n1,30.87
CNC(=O)n1c(-c2ccc(N(C)C)nc2)nc2ccc(-c3ccc(CC#N)cc3)cc21,35.34
N#Cc1ccc(N(Cc2ccc(C(=O)N3CCCC3)cc2)n2cc(C#N)nc2C=Cc2ccc(F)c(Cl)c2)cc1,33.02
N#Cc1cccc(-c2ccc(-c3ccccc3N=c3nc(C(F)(F)F)cc[nH]3)cc2)c1,22.23
CCC(=O)N=Cc1csc(-c2c(N)[nH]c(=N)[nH]c2=Nc2ccc(OC)nc2)n1,26.81
COc1cccc(CN=c2nc(-c3ccccc3)nc3c(Cl)cc(C(F)(F)F)cn23)c1,33.37
CCOC(=O)c1csc(-c2ccc(-c3ccc(OCc4ccc(-c5ccc(C(=N)N)cc5)nc4C#N)c(C(=O)O)c3)cn2)n1,43.26
N#Cc1cccc(-c2nc(-c3cccc(C#N)n3)nc(N3CCC4(CCOCC4)C3)n2)n1,18.37
N#Cc1ccc(-n2ncc(Cl)cc2=O)cc1,18.56
Cc1c(CN2CCN(C)CC2)cc(-c2ccc(F)cc2)n1-c1ccccc1,17.69
CN1CCN=C1c1ccc(C2=NN(C(=O)c3ccc(C#N)cc3)C(O)(c3ccccc3)C2)cc1,29.99
N#Cc1ccc(-c2nc(-c3ccc(-c4ccc(C#N)cn4)nc3)nc(-c3ccc(-c4cccc(C#N)c4)c(C#N)c3)n2)cc1,12.99
N#Cc1ccc(Cc2nc3cc4c(cc3nc2-c2ccc(-c3ccc(C#N)cc3)cc2)NCCO4)cc1,21.65
CN1CCc2ccccc3c(-c4nc(-c5ccc(-c6ccccc6)cc5)nc(-c5ccc(-c6ccc(C#N)cn6)nc5)n4)c-3c(c2C#N)C1,24.92
N#Cc1ccc(-c2nc(Cn3nc(-c4ccncc4)c(-c4ccc(-c5nc(Cl)nc(Cl)n5)cc4)n3)nc(-c3ccc(C#N)cc3)n2)cc1,28.83
N#Cc1ccc(-c2ccc(-c3nc(-c4ccc(Cl)cc4)nc(-c4ccc(-c5ccc(C#N)cn5)cc4)n3)cc2)cc1,11.1
N#Cc1ccc(-c2ccc(-c3nc(-c4ccc(-c5ccc(C#N)cn5)nc4)nc(N4CCC(c5ccc(C#N)cn5)CC4)n3)cc2)nc1,19.23
CN=c1[nH]c(-c2ccc(CCN3CCN(CCOc4cccc5ccccc45)CC3)cc2)cs1,25.58
N#Cc1c2ccccc2c(-c2nc(-c3c4ccccc4c(C#N)c4ccccc34)nc(-c3c4ccccc4c(C#N)c4cc(C(=N)N)ccc34)n2)c2ccccc12,20.74
N#Cc1ccc(-c2ccc(-c3nc(-c4ccc(Oc5ccccn5)cc4)nc(-c4c(F)c(F)c(C#N)c(F)c4F)n3)cc2)cc1,19.38
N#Cc1ccc(-c2ccc(-c3nc(-c4ccc(-c5cccc(C#N)n5)cc4Cl)nc(-c4cnn(Cc5ccccn5)c4CCC(=O)O)n3)cc2)nc1,35.24
N#Cc1cccc(-c2cc(N3CC4CC4C3)nc(-c3cccc(C#N)n3)n2)n1,12.2
CC(=O)c1ccc(C(=O)Nc2cccc(Nc3ccc4c(c3)OCc3cc(N)ccc3C4=O)c2)s1,18.56
CCOC(=O)c1c[nH]c(-c2ccccc2)nc1=O,15.98
CCCCSc1ncc2c(n1)N(c1ccc(-c3ccccc3)cc1)c1nc(C#N)c(C#N)nc1S2(=O)=O,34.31
NCCCNCCCCNCCCNC(=O)C=CCC1CCCCC1,24.68
Cc1cc(-c2cc(-c3cccc(C#N)c3)nc(-c3ccoc3)n2)[nH]c(=Nc2ccccc2)n1,29.97
N#Cc1ccc(-c2ccc(-c3nc(-c4ccc(-c5cnc6ccccc6c5)cc4)cc(-c4ccc(-c5ccc(C#N)cn5)cc4)n3)cc2)cc1,16.71
CCOC(=O)c1noc(-c2ccc(NC(=O)Nc3ccc(-c4nc(-c5ccc6ncccc6c5)no4)cc3)cc2)n1,27.51
N#Cc1cccc(-c2nc(-c3cccc(C#N)n3)nc(N3CCC(C#N)C3)n2)n1,10.13
N#Cc1ccc(OCC(=O)N=Cc2cccc(Br)c2)cc1,22.62
N#Cc1ccc(-c2nc(-c3ccc(C(=O)c4ccc(C#N)c(C(F)(F)F)c4)cn3)cc(-c3cccc(C#N)n3)n2)cc1,29.28
COc1cc(N=c2[nH]cc(-c3ccc(C#N)cc3)o2)cc(OC)c1OC,20.86
CN1CCN(Cc2ncc(-c3nc(-c4ccc(F)cc4)n4nc(-c5ccc(C#N)nc5)cc4n3)cc2C#N)CC1,29.17
N#Cc1cncc(-c2ncc3n[nH]c(-c4cncc(C#N)c4)c3n2)c1,15.39
COC(=O)Cc1n[nH]c(-c2ccc(-c3ccc(C(=O)Nc4cccc(N=c5cc[nH]c6cccnc56)c4)cn3)cc2)n1,38.21
O=C(O)c1cc(Cn2nc(-c3ccc(-n4cccc4)cc3)ncc2=O)ccc1Br,33.34
N#Cc1ccc2cc(OCCCN=C=S)ccc2c1,19.49
COc1ccccc1-n1nc(-c2ccc(-c3ccccc3)cc2)n[n+]1-c1cc(-c2ccc(-c3ccc(C#N)cc3)cc2)nc(-c2ccc(-c3ccc(N)c(C#N)n3)cc2)n1,29.19
CC12CC1(O)C(=O)NC(C=Cc1ccc(-c3ccc(-c4nc(-c5cc(F)c(-c6ccc(C#N)cn6)cc5F)nc(N5CCOCC5)n4)cc3Cl)s1)O2,55.87
Cc1cc(O)c(C=NNC(=O)c2ccncc2)cc1Br,20.6
COC(=O)C1CCC(c2nc(CN(C)Cc3nc(-c4ccc(C#N)cc4)oc3C)nc(-c3ccc(C)cc3)n2)CC1,35.35
Cc1cc(=O)oc2ccc(Oc3nc(N4CCCC4)[nH]c(=Nc4cccc(S(=O)(=O)N5CCOCC5)c4)n3)cc12,32.01
Cc1ccc(-n2nc(CCl)cc2-c2ccc(C#N)cc2)cc1C,23.79
CC(=O)c1c(N)c(C#N)nc2ccc(Cl)cc12,25.59
N#Cc1c2ccccc2c(-c2nc(-c3ccc(-n4cncn4)cc3)nc(-c3c4ccccc4c(C#N)c4ccccc34)n2)c2ccccc12,14.05
Nc1ccc(Nc2cc(Nc3ccc(N=Cc4ccccc4)cc3)c3ccccc3c2O)cc1,21.96
COCc1cc(C)nc(CNC(=O)N2CCCC3(CN(C)C(=O)O3)C2)c1,35.47
N#Cc1ccc(Nc2ccc3[nH]c(=N)oc3c2)cc1,27.21
N#Cc1cccc(-c2cccc(-c3cc(-c4cccc(C#N)n4)nc(C#N)n3)n2)n1,13.99
CCC(=O)C(C#N)Cc1ccc(Br)cc1,24.48
COc1ccccc1C=NNC(=S)Nc1ccc2c(c1)OCCO2,23.21
COc1ccc(N2CCN(C=Nc3cc(N4CCN(C=O)CC4)nc(N(C)C)n3)CC2)cc1,18.77
Oc1ccc(Nc2ccc(N=c3nc(N4CCN(Cc5ccc6c(c5)OCO6)CC4)nc[nH]3)cc2)cc1,32.08
Cc1nccn1CCOc1ccc(C=C2C(=O)Nc3ccc(Cl)cc32)cc1,24.21
N#Cc1ncc(C#N)c(C#Cc2c(F)cnc(F)c2F)n1,16.26
N#Cc1ccc(-c2cc(-c3ccccc3)c(C(=O)NNC(=O)c3cnc(Cl)cn3)nc2-c2ccc(Br)cc2)cc1,32.71
NC(=O)c1ccc(-c2nccc(-c3cnc4nc(-c5ccccc5)c(-c5ccc(C6(N)CCC6)cc5)nn34)n2)cc1,32.05
N#Cc1ccc(-n2cc(C=CCl)c(-c3ccc(C(F)(F)F)cc3C(F)(F)F)n2)cc1,30.83
N#Cc1cncc(-c2ncc(C#Cc3c(F)ccc(F)c3F)nc2CF)c1,19.19
c1ccc(-[n+]2ccccn2)cc1,14.88
N#Cc1cccc(-c2nc(-c3ccc(C4(F)CNC4)nc3)nc(-c3nc(C#N)ccc3Cl)n2)n1,27.53
CCOC1Oc2cc(Nc3nc(Nc4ccc5c(c4)C(=O)c4ccc(N)cc4C5=O)nc(Nc4ccc5c(c4)C(=O)c4ccc(N)cc4C5=O)n3)ccc2C(=O)NC1(C)C,17.11
N#Cc1ccc(-c2ccc(-c3nc(-c4ccc(-c5cc(F)cc(C#N)c5)nc4)nc(-c4ccc(-c5ccc(C#N)cn5)nc4)n3)cn2)nc1,10.93
N#Cc1ccc2c(c1)C1(CCCCC1)C(=O)N2,16.43
CC1CNC(=O)c2[nH]c3ccc(C(=O)NCCc4ccccc4)cc3c21,22.9
N#Cc1ccc(-c2nsc(-c3nc4cc(Cl)c(Cl)cc4n(CC4CCCCC4)c3=O)n2)cc1,27.98
CCOc1ccc(-c2nc(-c3cccc(C#N)n3)nc(N3CC(F)C3)n2)nc1C#N,10.64
N#Cc1ccc(-c2ccc(-c3nc(-c4ccc(-c5cccc(C#N)c5)cc4)nc(-c4ccc(-c5ccc(C#N)cn5)nc4)n3)cn2)nc1,9.01
N#CC(=C1SC(=S)NC1=O)c1ccccc1,24.53
CCOCC(=O)N1CCc2cc(C(=O)NCc3ccc(F)cc3)nc(-c3cc(CC(=O)O)cc(CCC(C)C)c3OC)c2C1,40.4
CN(C)c1cccc(N=CN2CCN(C=O)CC2)n1,13.98
O=C(O)c1cccc(C=Cc2ccc(-c3cc(-c4ccc(-c5nc(Cl)nc(Cl)n5)cc4)cc(-c4ccc(-c5nc(Cl)nc(Cl)n5)cc4)n3)cc2)c1,15.8
N#Cc1c(N)sc2c1CCN(Cc1ccc(F)c(F)c1)C2,18.76
CC(=O)c1c(C(=O)NCCN2CCOCC2)nnn1-c1ccc(CCC(=O)c2ccccn2)cc1,38.99
Cc1ccc(S(=O)(=O)NC(=O)Nc2ccccc2N=C(c2ccc(N)cc2)c2ccccc2O)cc1,34.02
N#Cc1ccc(-c2nc(-c3ccncc3)nc(-c3ccc(-c4ccc(C#N)cn4)nc3)n2)cc1,9.95
COc1nccc(-c2ccc(CCn3cccc(-c4ccc(C)c(C)c4)c3=O)cc2)n1,25.97
COc1ccc(N=Cc2coc3ccc(C)cc3c2=O)cc1,17.52
N#Cc1ccc(-c2ccc(-c3ccc(-c4cn(CCCn5cccn5)nn4)cn3)cc2)cc1,23.75
N#Cc1ccc(-c2ccc(-c3c(S)[nH]c(=O)n3-c3ccccc3)cc2)cc1,22.73
N#Cc1ccc2c(c1)C(=O)C(=Cc1ccc(C(N)=O)cc1)O2,22.08
COc1ccc(N=c2nc(N=c3cc(C4CC4)[nH][nH]3)c(Br)c[nH]2)cc1,17.54
CC(c1ccc(-c2cccnc2Cl)cc1)(c1cncnc1)c1cccc(C#N)c1,32.92
N#Cc1ccc(CCCN(c2ccc(C#N)cc2)n2cnnc2)cc1,22.33
N#Cc1cncc(-c2cc(-n3ncc4ccccc43)nc(-n3ccnc3)n2)c1,23.94
Cc1ccc(C=NNC(=O)CN(c2ccc(C)cc2)S(=O)(=O)c2ccccc2)cc1,20.07
Cc1cncc(C(=O)N2CCN(S(=O)(=O)c3ccc4c(c3)C(=O)C3=NCC(C)(C)CN34)CC2)c1,28.69
N#Cc1ccc(-c2ccc(-c3ccc(C#N)cn3)cn2)cc1,11.07
COc1ccc(-c2cc(C=Cc3ccccc3OC)nc(-c3ccc(C#N)cc3)n2)cc1,20.5
COc1cc(C=CC(=O)c2ccc(O)c(CC=C(C)C)c2O)ccc1O,21.06
N#Cc1ccc(-c2nc(-c3ccc(-c4cccc(C#N)n4)cc3)nc(N3CCOCC3)n2)cc1,13.43
Cc1ccccc1-n1nc(C#N)nc1-c1c(F)cc(-c2ccnc(C(N)=O)n2)c(F)c1F,26.19
CCOc1cc(NC(=O)N=c2cccc[nH]2)c(OCC)cc1NC(=O)CC,28.95
ON=C(O)C=Cc1ccc(Cl)cc1Cl,17.16
N#Cc1cccc(-c2ccc3nc(COc4ccc(F)c(C(N)=O)c4F)sc3c2)c1,21.39
O=C1CCCc2c1n(Cc1ccccc1)c1ccc(NC(=S)Nc3ccccc3)cc21,32.06
O=C(NCc1ccc(Cl)c(C(F)(F)F)c1)c1ccc(-c2ccc3ccccc3n2)cc1,27.76
N#CC=Cc1ccc(Nc2cccc(C#N)c2)c(C#N)n1,13.4
Cc1ccc(S(=O)(=O)N2C(c3cccc(F)c3)C=CC(C(=O)O)C2c2ccc3c(c2)OCO3)cc1,22.75
Cc1cccc(C)c1C(=O)C=Cc1ccccc1F,20.94
N#Cc1ccc(C#N)cc1,8.68
CC(=O)OC1COC(n2cc(-c3ccc4cc(C#N)ccc4c3)c3c(N(C)C)ncnc32)C(O)C1O,34.36
CC(=O)c1ccc(-c2ccc(C(C)C#Cc3c[nH]c(=N)[nH]c3=N)cc2)cc1,24.34
Cc1ccc(C2=NC(=Cc3cccc(C)c3)C(=O)O2)cc1,19.42
N#Cc1c2ccccc2c(-c2nc(-c3c4ccccc4c(C#N)c4ccccc34)nc(-c3c4ccccc4c(O)c4cccnc34)n2)c2ccccc12,20.15
CN(C)c1ccc2cc(C=NNC(=O)c3nc(C#N)c4ccc(Cl)cc4c(=O)n3)ccc2c1,43.23
Cc1cc(C#N)cc(C)c1Oc1cc(Nc2ccc(C#N)cc2)c(N)c2nc(C(C)(C)C)nn12,22.18
N#Cc1ccc(-c2ccc(-c3nc(N4CCOCC4)c4cc(F)c(F)cc4n3)cc2)cc1C#N,16.33
O=C(c1ccc2c(c1)OCO2)N(Cc1cccnc1)c1nc2cc3c(cc2s1)OCO3,29.73
CN(C)C=Nc1nc(Nc2ccc3c(c2)CCC3=NO)nc(Nc2ccc3c(c2)OCCO3)n1,29.0
FC(F)(F)c1ccc(=NN=Cc2ccccn2)[nH]c1,15.18
Fc1ccc(F)c(C=Cc2ccc(Sc3ccccc3)cn2)c1,25.21
CN1CCCN(c2ccc3c(c2)C(=O)c2ccc(Oc4ccc(C#N)cc4)cc2C3=O)CC1,22.11
N#Cc1cccc(-c2ccc3c(c2)CC(N2CCN(CCO)C(Cc4ccc(C(F)(F)F)cc4)C2)C3)c1,30.7
N#Cc1ccc(-c2ccc(-c3nc(-c4ccc(-c5ccc(C#N)cn5)nc4)nc(-c4ccccc4Cl)n3)cc2)cc1,12.93
N#Cc1ccc(-c2ccc(-c3nn(-c4ccc(-c5cccc(C#N)n5)cc4)cc3-c3cccc(C#N)n3)cc2)cc1,17.98
Cc1nc(-c2ncc(C#N)cc2F)nc(-c2nc(-c3cccc(C#N)n3)cs2)c1F,29.91
N#Cc1cncc(-c2nc(-c3ccc(F)nc3)nc(-c3cncc(C#N)c3)n2)c1,14.34
CCOC(=O)c1noc(-c2ccc(C#N)cc2)c1-c1ccc(C#N)cc1,22.7
N#Cc1ccc(-c2ccc(-c3nc(-c4ccc(-c5ccc(C#N)cn5)nc4)nc(-c4cccc(C#N)c4)n3)cc2)cc1,10.05
N#Cc1c(Cl)nc(NC2(c3ccc(Cl)cc3)CC2)c(C#N)c1Cl,22.45
Cn1cc(-c2cnc3ccc(N(c4ccc(C#N)c(Br)c4)c4cc(C#N)ccn4)cc3n2)cn1,28.14
N#Cc1ccc(-c2ccc(-c3nc(CNC(=O)c4ccc(Cl)cc4)nc(N4CCNCC4)n3)cc2)cc1,22.51
Cc1ccc(-n2c(C=Cc3ccc(C#N)cc3)nc3ccccc3c2=O)cc1,16.69
N#Cc1ccc(-c2c(C#N)c(=N)[nH]c3nnnc(C(F)(F)F)c23)cc1,22.77
CN(C)CCN1C(=O)C2=C(C#N)C=Cc3c(cc4c2c3Oc2ccc(F)cc2-4)C1=O,34.78
Nc1ccc2c(c1)C(=O)c1ccc(Nc3cc(NC4CCN(S(=O)(=O)C(F)(F)F)CC4)nc(Nc4ccc5c(c4)C(=O)c4ccc(N)cc4C5=O)n3)cc1C2=O,18.28
CCCN(CC(=O)Nc1cccc(Cl)c1)C(=O)C=Cc1ccco1,24.47
Cc1ccc(-c2cc(C(=O)c3ccc(Cl)cc3)nc(N=Cc3ccc4ccccc4c3)n2)cc1,31.21
CC(C)Oc1ccc(-c2nc(-c3ccc(C#N)cc3)nc(-c3ccc(-c4ccc(C#N)cn4)nc3)n2)cc1C#N,11.29
Cc1cc(C)n(-c2nc(Nc3ccc(C#N)cc3)nc(-c3ccc(-c4ccccc4)nc3C)n2)n1,26.07
C#CCN1CCN(C(=O)c2ccc(-c3ncnc(CC)c3C#Cc3ccc(=N)[nH]c3)cc2Cl)CC1,17.81
N#Cc1c(F)c(F)c(-c2nc(-c3ccccc3Cl)no2)c(F)c1F,14.14
N#Cc1ccc(CNC(=O)c2ccc(F)c3c2C(=O)c2ccc(-c4cccc(NS(=O)(=O)c5ccccc5)c4)cc2S3(=O)=O)cc1,27.02
Cc1cc(C(=O)Nc2ccc(N3CCOCC3)cc2)c(C)o1,21.57
CN(Cc1ccc(-c2cc(N=c3nc(C(F)(F)F)cc[nH]3)cc(-c3ccc(F)cc3)c2)cc1)Cc1cn(Cc2ccccc2)nn1,34.97
CC(NC(=O)c1cccc(C#N)c1)C(=O)OCCNC(=O)c1cc(C=C(C#N)c2ccc(C#N)cc2)nc(C=CC#N)n1,46.92
N#Cc1cccc(C(=O)C(=O)Nc2ccc3c(c2)C(=O)c2cc(N)ccc2C3=O)c1,22.97
N#Cc1ccc(-c2ccc(S(N)(=O)=O)cc2)c(-c2ccc(F)cc2)c1,13.66
O=C(O)c1ccc(-c2ccc3nn(C(Cc4ccccc4)C(=O)O)c(=O)n3n2)cc1,28.12
Fc1ccc(COc2ccc(-c3nc(-c4ccc(-c5nc6cc(C(F)(F)F)ccc6[nH]5)cc4)nc(-c4ccc(-c5nc(Cl)sc5Cl)cc4)n3)cc2)cc1,30.74
N=C(N)N=c1[nH]c(SCc2cccc(C(=N)N)c2)nc2cc(Cl)ccc12,29.92
Cc1nc2ccc(Cl)cn2c(=O)c1S(=O)(=O)Nc1ccc2c(c1)OCCO2,24.51
CN(C)CCOc1ccc2c(c1)C(=O)N(CC1(c3ccc(-c4cccc(C#N)c4)cc3)NC(=O)NC1=O)C1(CCCCC1)C2,29.52
N#Cc1ccc(-c2ccc(-c3nc(-c4ccc(-c5ccc(Cl)c(Cl)c5)cc4)nc(-c4ccc(-c5ccc(C#N)cn5)nc4)n3)cn2)nc1,8.5
Cc1cc(C)n(-c2ccc(C(=O)N3CCN(c4ccccn4)CC3)cn2)n1,21.52
Cc1noc(-c2ccc(-c3nc(-c4ccc(-c5ccc(C#N)cn5)nc4)nc(-c4ccc(-c5ccc(C#N)cn5)nc4)n3)cc2)n1,12.73
CCOC(=O)Cn1c(Cc2ccc(C#N)cc2)c(O)c(=O)n1-c1ccc(Cl)cc1,32.35
COc1ccc(Cn2c(C(=O)O)c(-c3ccc(Br)cc3)c3cc(Cl)c(Cl)cc32)cc1-c1cccc(C#N)c1,30.33
N#Cc1ccc(-c2ccc(-c3nc(-c4cccc(C#N)n4)nc4cnc(C#N)cc34)cc2)nc1,17.64
CC(=O)N(CCCC#N)c1ccc(C#N)cc1,24.93
COCCc1ncc(-c2nc(-c3ccc(-c4ccc(C#N)cn4)nc3)nc(-c3ccc(-c4ccc(C#N)cn4)nc3)n2)s1,23.91
CC(C)n1nc(-c2cc(-c3ccc(C#N)cc3)ncn2)ccc1=O,23.34
N#Cc1ccc(-c2ccc(-c3cc(-c4ccc(C=Nc5cc(Nc6ccc(Sc7ccc(C#N)c(C#N)c7)cc6)c(N)cc5O)cc4)nc(-c4ccc(C#N)cc4)n3)cc2)cc1,19.69
N#Cc1cc(C#N)nc(-c2ccc(-c3cnc(C#N)nc3)cc2F)n1,15.79
CN(Cc1ccc(C#N)cc1)c1ccc(-c2ccc(C#N)c(-c3ccc(-c4ccc(C#N)cn4)cc3)n2)cc1,18.37
N#Cc1ccc(-c2cccc(-n3ncc(C(=O)O)n3)c2)nc1C#N,31.7
N#Cc1ccc(-c2ccc(-c3nc(-c4ccc(C#N)cc4)nc(-c4ccc(-c5ccc(C#N)cn5)nc4)n3)cn2)cc1,10.63
N#Cc1ccc(-c2ccc(-c3nc(-c4ccncc4)cc(-c4ccc(-c5nc(Cl)nc(Cl)n5)cc4)n3)cc2)nc1,13.39
COc1ccc(-c2csc(=NN=CC=Cc3ccc([N+](=O)[O-])o3)nc2-c2ccc(OC)cc2)cc1,23.93
O=c1c2ccccc2[nH]c(=S)n1-c1cccc(Cl)c1Cl,25.0
COc1ccc2nc3c(C#N)c(N)n(CCO)c3cc2c1,25.39
N#Cc1ccc(-c2ccc(-c3nc(N4CCOCC4)c4ccccc4n3)cc2)nc1,13.26
CC1(C)C(C(=O)OC(NCc2ccc(-c3cccc(F)c3C(F)(F)F)cc2)=C(Cl)Cl)C1(C)C,41.59
CCN(C#N)c1cc(-c2ccc(C#N)cc2)cc(-c2cc(C)nc(COC)n2)n1,29.02
N#Cc1cncc(-c2nc(-c3ccccn3)nc(-c3cccc(C#N)n3)n2)c1,11.07
N#Cc1ccc(-c2ccc(-c3nc(C#N)c(NCCN4CCCC4)n3-c3ccc(C#N)cn3)cc2)cc1,12.84
N#Cc1ccc(-c2ccc(C#N)cn2)nc1,9.98
C=C(C)N1CC(CCl)N2c3c1csc3C(=O)NS2(=O)=O,35.93
N#CN=C(NCCN=c1cc(C(F)(F)F)[nH]c2cc(C#N)ccc12)NCCc1ccc(Cl)cc1,27.58
CCCc1nn(Cc2nc(C)nc(-c3ccccn3)n2)c2c1C1C(CC2)CN(C(=O)c2ccccc2)C1(Cc1ccccc1)C(=O)OC,35.73
N#Cc1ccc(-c2nc(-c3ccc(-c4ccc(C#N)cn4)nc3)cc(-n3c(CO)nc(Cl)c3Cl)n2)cc1,23.92
N#Cc1cncc(-c2ccc(-c3cccc(N=c4[nH]c(N5CCSC5)cc(=O)[nH]4)n3)cc2C#N)c1,38.71
N#Cc1cc(-c2ccc(-c3nc(Cl)nc(Cl)n3)cc2)cc(-c2ccc(-c3nc(Cl)nc(Cl)n3)cc2)c1,8.36
CNc1nc(-c2ccc(C#N)cc2)c(-c2nc(C#N)ccc2C#N)nc1C#N,22.09
N#Cc1c(-c2ccc(F)cc2)[nH]c(=N)[nH]c1=O,17.66
Cc1ncc(-c2ccc(-c3nc(-c4ccc(-c5ccc(C#N)cn5)nc4)nc(-c4cccc(C#N)n4)n3)cc2F)cc1C#N,16.76
CSc1ccc(C2CC(c3ccccc3)=NN2c2nc(-c3ccc(Br)cc3)cs2)cc1,21.99
CC(C)(S)Cn1cc(C(c2ccc(C#N)cc2)c2ccc(C#N)cc2)c2ccccc21,32.31
N#Cc1ccc(-c2cc(-c3cc(C#N)n4ccncc34)nc(C#N)n2)cc1,21.99
N#Cc1ccc(CC2COc3cc(-c4cncc(-c5cccc(C(=O)O)n5)c4)ccc3C2O)cc1,27.79
Nc1cc(O)c(N=Cc2ccc(-c3nc(-c4ccc(C=Nc5ccc(O)cc5)cc4)nc(-c4ccc(C=Nc5cc(O)c(N)cc5O)cc4)n3)cc2)cc1O,11.22
Cn1nc(C#N)cc1-c1ccc(C(=O)Nc2ncc(-c3cc(-c4cccc(C=CC#N)n4)nc(-c4cncc(C#N)c4)n3)nc2C(N)=O)cc1,33.07
N#Cc1ccc(-c2ccc(-c3cc[nH]c(=Nc4ccc5[nH]c(=S)n(-c6ccc(F)cc6)c(=O)c5c4)c3)cc2)cc1,34.57
Cc1ccc(-c2cc(-c3ccc(C#N)cc3)c(C#N)c(=N)[nH]2)cc1,13.78
O=C(NCc1ccccc1)c1cc(-c2ccncc2)nc2ccccc12,20.15
N#Cc1ccc(C=O)cc1,14.13
N#Cc1ccc(CO)c2c(C#N)c(-c3ccc(Cl)cc3)cc(C#N)c12,25.22
CC1(C)C2=C(C#N)C(c3ccccc3)N3C(=O)CCC3C1(C)C2=O,32.41
O=[N+]([O-])c1cc([N+](=O)[O-])c(Oc2ccc(O)cc2)cc1Nc1ccc(-c2ccccc2)cc1,28.32
FC(F)(F)c1c[nH]c(-c2ccc(-c3ccc(-c4nc(Cl)nc(Cl)n4)cc3)cc2)n1,12.8
CSCCNCCc1ccc(-c2nc(-c3ccncc3)[nH]c(=NC(=O)CN3CCOCC3)n2)cc1,32.39
N#Cc1ccc(-c2ccc(C(c3ccc(C#N)cc3)n3ccnc3)cc2)cc1,15.05
COc1cccc(-c2cc(C(=O)Nc3ccc4nnsc4c3)ccc2OC)c1,25.63
c1ccc(N2CCN(Cc3nc4ccccc4[nH]3)CC2)cc1,23.7
Cc1nn(-c2ccncc2)c(C)c1CC(=O)NCc1ccc(F)cc1Cl,21.0
C(=Cc1ccc(-c2ccc(-c3nc(-c4ccccc4)nc(N4CCN(C5CCNC5)CC4)n3)cc2)cc1)c1ccccc1,24.67
COC(=O)C(Cc1ccc(-c2cccc(C#N)c2)cc1)NC(=O)c1cccc(S(N)(=O)=O)c1,26.42
Cc1nc(C(=O)NC(=O)c2cc(-c3ccc(-c4ccc(C#N)cn4)cc3)n(-c3ccc(C(F)(F)F)cc3)n2)cc(-c2ccc(C#N)cc2)n1,30.94
N#Cc1ccc(-c2ccc(-c3nc(-c4ccc(-c5cccc(C#N)c5)cc4)nc(-c4ccccc4F)n3)cn2)nc1,13.99
NNC(=O)c1ccc(-c2nc(SCc3cnc4ccccc4c3)c3ccccc3n2)cc1,38.61
COc1cccc(-c2ccc(-c3cc(-c4ccc(C)cc4)nc(-c4ccc(-c5ccc(C#N)cc5)cc4)n3)cc2)n1,22.24
Cc1ccc(Cc2c(O)[nH]c(SCCCC(O)c3cc(-c4ccc(C#N)cc4)cnc3N3CC4CCCNC4C3)nc2=O)cc1,40.49
Nc1ccc2c(c1)C(=O)c1ccc(Nc3nc(Nc4ccc5c(c4)C(=O)c4cc(N)ccc4C5=O)nc(Nc4ccc5c(=O)[nH][nH]c(=O)c5c4)n3)cc1C2=O,11.85
N#CC(=CC=CC=CC(C#N)CCc1ccccc1Nc1s[nH]c(=O)c1C#N)C(=O)C=Cc1cccc(C#N)c1,48.8
Cc1cccc(-c2ccnc(-n3ccnc3)n2)c1,21.46
N#Cc1ccc(-c2ccc(-c3nc(-c4ccc(-c5ccc(F)c(Cl)c5)cc4)nc(-c4ccc(-c5ccc(C#N)cn5)nc4)n3)cc2)cc1,12.56
CC(C)Oc1ccc(-c2cc(-c3cncc(C#N)c3)c3nnc(C#N)nc3n2)cc1C#N,21.09
N#Cc1ccc(-c2ccc(-c3nc(-c4ccc(-c5ccc(C#N)cc5)cc4)nc(-c4ncccn4)n3)cc2)cc1,16.83
Cc1ccccc1C=CC#N,11.31
N#Cc1ccccc1-n1ccc(-c2cc(C=O)c(O)c(C(=O)O)c2)c1F,32.34
Cc1ccc(C(C(=O)Nc2cc(Cl)ccc2C)N2CCN(CCc3c[nH]c4ccccc34)CC2)cc1Cl,42.52
N#Cc1ccc2oc(=O)c(-c3nc(-c4cccnc4)cc(-c4ccc5c(c4)OCO5)n3)cc2c1,24.33
N#Cc1ccc(-c2ccc(-c3nc(-c4ccc(-c5ncc(C#N)cc5O)cc4)nc(-c4c(F)c(F)c(C#N)c(F)c4F)n3)cc2)nc1,17.45
N#Cc1ccc(-c2ccc(-c3nc(Cc4ccccc4C(F)(F)F)nc(-c4ccc(-c5ccc(C#N)cn5)nc4)n3)cc2)cc1,19.62
C=Cn1nnc(C2=Nc3ccccc3C2=O)c1O,30.32
CN=c1nc(C)c2cc(C=Cc3ccc(-c4nc(Cl)nc(Cl)[n+]4[O-])cc3Cl)ccc2[nH]1,36.46
C=CCc1ccc2c(c1O)-c1ccc3c(c1C(C)(C)O2)C1C(CC3)C(=O)C2=CC(C)CN21,42.98
Clc1ccc(-n2nccc2C=CN=c2[nH]ccs2)cc1,31.1
Cc1nc(-c2ccc(-c3ccc(-c4cccc(-[n+]5ccc(-c6ccncc6)cc5)n4)cc3)cn2)[nH]c1C(=O)N=C(N)N,24.53
N#CC(=Nc1ccccc1)c1ccc(C#N)cc1,16.43
Cn1nc(C(=O)NCc2ccc(-c3ccc(C#N)cc3)cc2)nc1-c1ccc(Cl)cc1,28.14
N#Cc1ccc(-c2cnn3c(-c4cccc(NC(=O)NCC(F)(F)F)c4)ccnc23)cc1,21.51
Cc1cn(-c2cccc3c2c(-c2cncc(C#N)c2)nn3Nc2ccc(C#N)cc2)cn1,27.05
N#CC=Cc1cccc(C2=CCN(S(=O)(=O)c3ccc(F)c(C#N)c3)CC2)n1,28.08
N#Cc1ccc2c(c1)CCc1cc(C(=O)O)ccc1C2=O,19.18
N#Cc1ccc(-c2ccc(-c3nc(N4CCOCC4)c4cc(C#N)ccc4n3)cc2)cc1,13.65
Cc1ccc(Nc2cc(N=Cc3ccc(-c4nc(-c5ccc(C=O)cc5)nc(-c5ccc(C=Nc6cc(O)c(N)cc6O)cc5)n4)cc3)c(O)cc2N)cc1,14.42
CN1CCN(Cc2csc(-c3ccc4c(=Nc5cc(Cl)cc(Cl)c5)c(C#N)c[nH]c4c3)c2)CC1,22.74
N#Cc1ccc(C#N)nc1,12.66
Cc1ccc(-n2nc(C)c3cc(C(=O)NCCc4ccccc4)cnc32)cc1C,23.28
Cc1ccc(CN=c2ccc3ccccc3[nH]2)o1,23.78
N#Cc1ccc(-c2cc(-c3c[nH]c(=N)c(C#N)c3)nc(N3CCNCC3)n2)nc1,20.32
N#Cc1cncc(-c2nc(C#N)c(-c3ccc(F)c(C#N)c3)[nH]2)c1,17.35
CN(C)CCC=Nc1cccc(N=CN2CCN(C=O)CC2)c1O,20.33
OCC1SC(c2cccc(Cc3ccc(-c4cnc(-c5cccc(C(F)(F)F)n5)cn4)cn3)c2)C(O)C(O)C1O,27.51
N#Cc1cncc(-c2nc(-c3cccc(F)c3)c(=O)n(C(Cc3ccc(Cl)cc3)C(=O)N=c3[nH]ccs3)n2)c1,31.19
CN=c1[nH]cnc2c(-c3ccc(C#N)cc3)nc(-c3ccc(-c4ccc(C#N)cc4)nc3)nc12,28.08
N#Cc1cccc(-c2nc(=N)[nH]c3ncccc23)c1,18.69
Cc1ccc(S(=O)(=O)Nc2ccc(C)cc2C)cc1,19.07
N#CC(=Cc1ccc(-c2ccc(C=O)cc2)o1)C(=O)C=Cc1ccccc1,23.65
N#Cc1ccc(-c2ccc(-c3nc(-c4ccc5[nH]ccc5c4)nc(-c4c5ccccc5c(C#N)c5ccccc45)n3)cc2)cc1,20.25
N#Cc1ccc(C(=O)c2ccccc2Nc2ccc(Cl)cc2)cc1,20.67
COc1cccc(-c2ccc(-c3nc(-c4ccc(C#N)cn4)nc(N4CCOC(c5ccccn5)C4)n3)cc2)c1,23.35
N#Cc1ccc(N2C(=O)C=CC2=O)cc1Cl,17.5
CC1(COc2ccc(-c3ccc(C#N)cc3)cc2)CN(Cc2cccnc2)C(=O)c2cc(O)ccc2O1,30.0
N#Cc1ccc(-c2cccc(-c3ccc(-c4nc(-c5ccc(-c6cccc(-[n+]7ccc(-c8ccncc8)cc7)n6)cc5)nc(-[n+]5ccc(-c6cccc(C#N)c6)cc5)n4)cc3)n2)cc1,28.97
C=CCNc1ccnc(C(=O)Nc2cc(C(=O)N=c3cc(C(C)(C)C)[nH]n3C)cc(C(C)=NOC)c2)c1,25.93
CCc1noc(-c2cc3nc(-c4cncc(C#N)c4)cnc3c(N3CCOCC3C)n2)n1,22.69
N#Cc1ccc(-c2ccc(-c3nc(-c4ccc(-c5cccc(C#N)c5)cc4)cc(-c4ccc(-c5cnc(-n6cccn6)cn5)cc4)n3)cc2)nc1,22.06
COc1cc(OC)c(Nc2ccc3c(c2)C(=O)c2ccc(N)cc2C3=O)cc1Cl,20.37
O=Cc1cccc(C=CC(O)=NO)n1,17.23
N#Cc1cncc(-c2ccc3[nH]c(-c4csc(C#N)c4)cc3c2)c1,29.61
N=C(N)c1ccc2[nH]c(-c3ccc(-c4nccc(-c5ccncc5)n4)cc3)nc2c1,20.73
Cn1nc(-c2ccc(F)cc2)c2cc(-c3ccc(-c4ccc(-c5nc(C(F)(F)F)co5)cc4)cc3)cnc21,28.79
N#Cc1ccc(-c2ccc(-c3nc(-c4ccc(-c5ccncc5)cc4)nc(-c4ccc(-c5ccc(C#N)cn5)cc4)n3)cc2)cc1,17.13
Cc1noc(C2CCN(C(=O)c3ccc(C#N)cc3)CC2)n1,19.02
Cc1nc2c(-c3ccc(OCCC4(C#N)CC4)c(C(F)(F)F)c3)nc(C#N)nc2n1C(C)C,26.36
N#Cc1ccc(-c2cccc(-c3nc(Cl)nc(Cl)n3)c2)cc1,12.48
N#Cc1ccc(-c2nc(C#N)nc3c(-c4ccc(C#N)nc4)nc(C#N)nc23)cn1,18.15
CCC(=NN=c1nc(C)cc(-c2ccccc2)[nH]1)c1ccc([N+](=O)[O-])cc1,25.58
Cc1cc[nH]c(=Nc2nc(-c3cc(C(F)(F)F)cc(C(F)(F)F)n3)cs2)c1,25.2
CC(=NN=c1c(C#N)c(-c2cccc(-c3cc(F)cc(C#N)c3)c2)[nH]n(-c2ccccc2)c1=O)c1cc(C#N)c(=O)[nH]c1C(F)(F)F,45.64
COC(=O)C(C)(C)N=CC1c2c(coc2O)CC2COC(C)(C=CC=CC(C)C)C21C,63.93
N#Cc1ccc(NC(=S)NNC(=O)c2ccncc2)cc1,16.96
COc1cc(-c2cnc3c(=Nc4ccc(C#N)cc4)[nH]cnc3n2)cc(OC)c1OC,22.84
N#Cc1ccc(-c2ccc(-c3nc(-c4cccc(N=C=S)c4)nc(-c4ccccc4C#N)n3)cc2)cc1,17.21
CN(C)c1nc(Oc2ccc(C#N)cc2)nc(-c2ccc(-c3ccc(C#N)cc3)cc2)n1,16.75
CCn1cc(C(=O)O)c(=O)c2cc(F)c(N3CC(=NOC)C(CO)C3)c(OC)c21,26.34
COc1ccc(-n2nc(-c3ccc(C#N)cc3)nc(-c3cc(F)cc(F)c3)c2=O)cc1,16.86
N#Cc1nc(-c2ccc(-c3nnc(-c4cccnc4)o3)cc2)cnc1N1CCCC1,23.51
N#Cc1ccc(-c2ccc(-c3nc(-c4ccc(-c5cccc(C#N)c5)cc4)nc(-c4ccc(C#N)nc4)n3)cn2)nc1,8.64
COc1cc2c(cc1OC)CN(CCNC(=O)c1cscc1C)CC2,29.9
N#Cc1ccc(-c2ccc(-c3nc(-c4ccncc4)nc(-c4ccc(-c5ccc(C#N)cn5)nc4)n3)cc2)cc1,9.62
Cn1c(Sc2nc(-c3nc(-c4ccc(C#N)cc4)nc(C4CCCC4)n3)cc(-c3ccc(Cl)cc3)c2C#N)nc(-c2ccc(-c3ccc(C#N)cc3)cc2)nc1=Nc1ccc(C#N)cc1,35.92
N#CC(C#N)Cc1nc(-c2ccc(-c3ccc(-c4cccc(O)c4)cc3)cc2)[nH]c(=N)n1,29.28
CC(C)(C)c1cc(-c2ccc(C=CC=Cc3ccccn3)cn2)cc(C(C)(C)C)c1O,23.5
COc1ccc(C=Cc2[nH]nc3c2C2(CN(Cc4ccc(F)cc4)c4ccccc42)C(C#N)C(=N)O3)cc1OC,30.94
CCc1ccccc1N=c1nc(N2CCOCC2)[nH]c(CCc2ccccc2)c1C#N,33.09
N#Cc1ccc(Nc2cnc3[nH]c(=N)[nH]c(=N)c3c2)cc1,22.25
Cc1cc(CCc2ccccc2)[nH]c(=N)c1,16.32
Nc1ccc2c(c1)C(=O)c1ccc(Nc3nc(Nc4ccc5c(c4)C=CS5(=O)=O)nc(Sc4ccccc4)n3)cc1C2=O,23.82
N#Cc1ccc(-c2ccc(-c3ccc(-c4nc(=O)c(C#N)c(-c5ccc(-c6ccc(C#N)cc6)cc5)[nH]4)cc3)cc2)cc1,19.5
CC12COC(c3ccc(F)cc3)CC1CC(c1ccc(C(=O)O)cc1)=C2c1cccc(C#N)c1,38.17
CC(=O)N1c2ccc(N(C)S(=O)(=O)c3cc(Cl)ccc3C#N)cc2NC(=O)CC1C,27.8
COc1cc2c(cc1OC)-c1nc(-c3cc4c(cc3C)OCO4)nc(=O)n1CC2,28.62
NS(=O)(=O)Oc1ccc2c(C(F)(F)F)cc(=O)oc2c1,19.69
COc1ccccc1C=NN=C(N)N,17.55
CC(C)C(=O)c1c(O)c(O)n(-c2ccc(-c3ccoc3)cc2)c1-c1ccc(C#N)cc1,14.29
N#Cc1ccc(-c2ccc(-c3nc(-c4ccc(-c5cccc(C#N)c5)cc4)nc(-c4ccnc(C(F)(F)F)c4)n3)cn2)nc1,17.93
COc1ccc(-c2ccc(C#N)cc2)nc1C=CC(=O)c1ccc(-n2cncn2)cc1,23.8
CS(=O)(=O)c1cc(-c2cc(C3CC3)nc(C#N)n2)ccc1-c1ccc(C#N)cn1,18.05
Cc1cc(CCC(=O)N=C2CCCCC2C(=O)O)c2cc(C(F)(F)F)ccc2n1,29.59
N#Cc1ccc(-c2ccc(-c3nc(-c4ccc(-c5ccc(C#N)cn5)nc4)nc(-c4cncc(-n5ccc(C#N)n5)c4)n3)cc2)nc1,17.44
O=C(NCCn1ccc2ccccc21)c1ccco1,20.39
Cc1[nH]n(-c2ccccc2)c(=O)c1C=Nc1ccccn1,15.61
N#Cc1cc(-c2ccc(-c3ccc(-c4nc(Cl)nc(Cl)n4)nc3)cc2)ccc1OC1OC2CC1C2,27.72
N#Cc1cc(-c2cnc(C3CCCC3)c(C#N)c2)nc(-c2ccc3c(c2)N2C(=O)OCC2C3)n1,32.01
C#CCn1cc(C(=O)N2CCN(c3ccc(OC)cc3)CC2)c(=O)c2ccccc21,23.38
Cn1cc(-c2ncc(-c3c4c(c(-c5ccc(C#N)cc5F)n3C)CCN(S(C)(=O)=O)C4)cn2)cn1,35.46
Fc1cc(-c2ccc(-c3nc(Cl)nc(Cl)n3)cc2)cc(-c2ccc(-c3nc(Cl)nc(Cl)n3)nc2)c1,10.13
CC(CC(=O)O)NC(=O)c1ccc(-c2ccc(NC(CC(N)=O)c3ccccn3)cc2)cn1,33.82
N#Cc1ccc(-c2nc(-c3ccc(-c4ccc(C#N)cn4)nc3)nc(-c3ccc4ccccc4c3)n2)cc1,16.62
N#Cc1ccc(N2CCN(Cc3ccnc(-c4ccc(C(F)(F)F)cc4)n3)CC2)cc1,18.71
Fc1ccc(-c2ccc3nn(-c4ccc(-c5cccc(Cc6ccc(-c7ccccc7-c7nn[nH]n7)cc6)n5)cc4)nc3c2)cc1,35.77
N#Cc1ccc(-c2nc(-c3ccc(-c4ccc(C#N)cn4)nc3)nc(-c3ccc(C(O)=NO)cn3)n2)cc1,17.58
O=C(CN1CCOCC1)Nc1ccc2c(c1)C(=O)c1cc(NC(=O)c3ccccn3)ccc1C2=O,19.76
COc1ccc(-c2ccc(-c3nc(-c4ccc(-c5ccc(C#N)cn5)nc4)nc(-c4ccc(-c5ccc(C#N)cn5)nc4)n3)cn2)cn1,16.76
c1ccc(C(c2ccccc2)C2C(NCc3ccc(-c4cccnc4)cc3)C3CCN2CC3)cc1,22.59
N#Cc1cc(Cl)ccc1Oc1ccc(-c2nc(C(N)=O)cc(N3CCNCC3)n2)cc1,25.76
N#Cc1cccc(C=Nc2ccc(C#N)nc2C#N)c1,16.71
Nc1ccc2c(c1)C(=O)c1ccc(Nc3nc(Nc4ccc5c(c4)Nc4ncccc4NC5=O)nc(Nc4ccc5c(c4)C(=O)c4ccc(N)cc4C5=O)n3)cc1C2=O,10.63
Cc1cc(C)[nH]c(=Nc2nc(C)c3ccccc3n2)n1,19.31
N#Cc1ccc(-c2ccc(-c3nc(-c4ccccc4C#N)n[nH]3)cc2)cc1C#N,21.23
CCNC(=O)C1CCN(CCC(=O)N=c2nc(-c3ccc(C#N)cc3)[nH]c(-c3cccc4ccc(OC)cc34)n2)C1,36.96
CNC(=O)c1c(-c2ccc(-c3ccc(C#N)cc3)nc2)oc2ccc(NS(=O)(=O)c3ccc(F)c(F)c3)cc12,27.37
O=C(CCc1ccccc1)Nc1cccc(C(O)=NO)c1,22.01
Fc1ccc2c(c1)c1c(F)cccc1n2-c1cc(C2CCN(C3CNC3)CC2)nc(N2CCNCC2)n1,41.03
N#Cc1ccc(C#Cc2cccc(F)c2F)c(-c2ccc(C#N)nc2)c1,18.67
N=c1[nH]c(-c2cc(Br)c(OCCBr)c(Br)c2)ccc1-c1cccc(-c2ccc(-c3nc(Cl)nc(Cl)n3)cc2)c1,26.91
Cc1cc(N=c2nc(C(F)(F)F)cc[nH]2)cc(-c2ccc(C#N)cc2)c1,14.12
N#Cc1ccc(C=CC(=O)N2CCN(CCOC(c3ccc(F)cc3)c3ccc(F)cc3)CC2)cc1,19.14
N#Cc1ccc(-c2ccc(-c3nc(-c4ccc(-c5cccc(C#N)c5)cc4)nc(-c4ccc(-c5ccc(C#N)cn5)nc4)n3)cc2)cc1,12.39
Cc1cc(C)n(-c2cc(-c3nc(C#N)c[nH]3)nc(-c3cccc(C#N)n3)n2)n1,13.09
N#Cc1ccc(Nc2nc(C#N)nc(Oc3cc(C#N)cc(C#N)c3)n2)cc1,21.37
N#Cc1ccc(-c2cc(C(=O)NCc3cccc(C#N)n3)cc(-c3ncnc(Cl)n3)c2)cc1,23.88
C#Cc1cccc(N=c2ccc3cc(NC(=O)C=Cc4ccccc4)ccc3[nH]2)c1,24.53
O=C(CC1CCCC1)n1c(-c2ccco2)nc2ccccc21,29.11
Cc1ccc(C)c(NC(=O)Nc2c[nH]c(=O)[nH]c2=O)c1,22.06
N#CC=Cc1ccc(C#N)cc1,14.25
Cc1ccc(-c2ccc(C=CC(=O)c3ccc(F)cc3)o2)cc1C(=O)O,23.36
N#Cc1ccc(-c2cccc(-c3cc(-c4ccccc4)nc(-c4cnccc4-c4ccncc4)n3)c2)s1,32.87
N#CC=Cc1cn(-c2ccc(C#N)cc2)c(-c2ccc(-c3ccc(-c4ccnc(N5CCN(c6ccc(C#N)cc6)CC5)n4)cn3)cc2)n1,28.55
CCCOc1ncc(-c2ccc(-c3nc(Cl)nc(Cl)n3)nc2)cc1C#N,21.14
CCCCc1nc(C(C)C)c(Cc2ccc(-c3ccccn3)cc2)c(=O)n1-c1cccc(-c2cncc3oc(-c4cncc(C#N)c4)cc23)c1,40.58
N#Cc1ccc(-c2ccc(-c3nc(-c4ccc(-c5ccc(C#N)cn5)nc4)nc(Cc4ccccc4)c3C#N)cc2)nc1,16.99
N#Cc1cccc(-c2ccc(CCN(CCc3ccc(-c4ccncc4)cc3)C(=O)NC(C=O)Cc3ccccc3)cc2)c1,34.13
N#Cc1ccc(-c2ccc(-c3cnc(C#N)nc3)cc2F)nc1,14.51
Cc1nc2ccccc2c(=O)n1-c1ccc(N=Cc2ccc(-c3nc4cc(C(F)(F)F)ccc4n3C)cc2)cc1,21.59
Cc1nc(-c2ccc(-c3nc(-c4ccc(C#N)cc4)nc(-c4ccc(-c5cccc(C(F)(F)F)c5)c(C(=O)N5CCN(C(=O)C(C)(O)C(F)(F)F)C6CCCCC65)c4)n3)cc2)no1,47.28
O=[N+]([O-])c1cc(C=Nc2ccc3ccccc3c2)c2ccc3ccc4ccccc4c3c2c1,39.13
N#Cc1ccc(-c2ccc(-c3nc(-c4ccc(-c5ccc(C#N)nc5)nc4)nc(-c4ccc(C#N)c(-c5ccc(-c6ccc(C#N)nc6)nc5)n4)n3)cc2)cc1,20.54
CN1C(=O)C(C)(C)C(C)(c2cccc(Nc3ccc(C#N)cc3)c2)N=C1N,17.36
Cc1ccc(-c2ccc(-c3nc(-c4ccc(-c5ccc(C#N)cn5)cc4)nc(-c4c(F)cccc4F)n3)cc2C(=O)O)cc1,23.08
Cc1cc2c(cc1Br)C(=O)CC(C)N2,27.91
C=Cc1c2cc(F)ccc2nn1-c1ccc(-c2nn(-c3nc(-c4cccs4)cc(-c4cc5ccccc5o4)nc3=N)cc2C(=O)NC23CC4CC(CC2C4)C3)cc1,62.99
N#Cc1ccc(Cl)nc1Cl,12.86
CC(O)Cn1c(-c2ccc(C#N)cc2)nc(-c2ccc(-c3ccc(C#N)cn3)cc2)c1Sc1ccc(Cl)cc1,25.72
N#Cc1ccc(-c2cc(-c3ccc(-c4cccc(C#N)n4)cc3)nc(-c3ccc(-c4ccc(C#N)cn4)nc3)n2)cc1,11.8
CC(=O)C1C(c2ccc3c(c2)OCO3)=NC(N)=NC1c1ccc(F)cc1,24.49
O=C1c2ccccc2C=C(c2ccccc2)C1c1ccccc1,22.32
Cc1ccc(NS(=O)(=O)c2ccc3oc4c(c3c2)CCCC4)cc1C,24.76
COC1CCN(c2nc(C#N)nc(-c3cncc(C#N)c3)n2)CC1(C)C,16.24
CCCn1c(=O)cc(C)c2ccccc21,23.8
Cc1ccc(-c2c(C#N)c(=O)[nH]c(=Nc3ccccc3)n2N=Cc2ccccc2)cc1,21.02
Cc1c(-c2nc(COc3ccc(CC(=O)O)cc3)nc(-c3ccc(Cl)c(Cl)c3)n2)nc(-c2ccc(Cl)c(Cl)c2Cl)n1-c1ccc(Cl)cc1,36.62
O=C(CNC(=O)c1ccc2cc3nn-3c(C(F)(F)F)nnc2c1)Nc1ccc(Br)cc1F,40.46
Cc1nc2ccc(-c3cc(-c4cncc(C#N)c4)nn3Cc3ccccn3)cc2n1C(C)C,25.58
O=C(O)c1c(NS(=O)(=O)c2ccc(F)cc2)ccc2c1OCCO2,19.09
CSc1ccc(CC(=NC(=O)c2ccccc2)C(=O)Nc2c(C)n(C)n(-c3ccccc3)c2=O)cc1,23.15
Cc1oc(=O)ccc1C(=O)NNC(=S)Nc1ccc(C#N)cc1,25.41
CCc1cc(-c2cccc(C#N)n2)nc(-c2ccc(-c3ccc(OC)c(C#N)c3)nc2)n1,25.68
N#Cc1ccc(-c2cc[nH]c(=Nc3cccc(-c4cn(-c5cc(Cl)c(Cl)cc5Cl)nn4)c3)n2)cc1,28.06
Nc1ccc2c(c1)C(=O)c1cc(S(=O)(=O)NN=Cc3cccc([N+](=O)[O-])c3)ccc1C2=O,27.69
N#Cc1ccc(C=Cc2nc(-c3ccc(-c4ccc(C#N)cn4)nc3)nc(-c3cnccn3)c2C#N)cc1,25.37
COC1=C(Br)C(O)C2(C=C1Br)CC(C(=O)NCCCCN)=NO2,21.41
CCC1CN(c2nc(-c3ccc(-c4c[nH]c(=N)cn4)cc3)c3c(Cl)ncnc3n2)CCN1,32.07
N#Cc1ccc(-c2ccc(-c3nc(-c4ccc(-c5ccc(C#N)cn5)nc4)nc(-c4cccc(-c5cccc(C(F)(F)F)c5)n4)n3)cn2)nc1,16.7
N#Cc1ccc(-c2nc(F)nc(F)n2)cc1,12.47
N#Cc1ccc(-c2ccc(-c3nc(-c4ccc(-c5ccc(C#N)cn5)nc4)nc(-c4ccc(-c5ccc(C#N)cn5)nc4)n3)nc2)nc1,9.22
Cc1cc(C#N)ccc1-c1nc(-c2ccc(C#N)cc2)nc(-c2ccc(-c3cc(C#N)nc(-c4ccc(C#N)cc4)n3)cc2)n1,21.51
CC(O)C1C(=O)N2C(C(=O)O)=C(Sc3ccnc4ccccc34)C(C)C12,22.6
N#Cc1ccc(-c2ccc(-c3cc(C(=O)NN=Cc4ccc(-c5nc6ccccc6nc5-c5ccccc5)cc4)nn3-c3ccccc3)cc2)cc1,19.57
Cn1c(=S)n(N=Cc2ccc(-c3ccc(C(F)(F)F)cc3)o2)c2ccccc21,26.87
CN(C(=O)CN1CC(C(N)=O)C1)c1ccc(-c2cncc(-c3ccc4c(c3)CCN(CCN3CCCC3)C4=O)c2)cc1,41.91
N#Cc1ccc(-c2ccc(-c3nc(-c4ccc(-c5nc(Cl)nc(Cl)n5)cc4)oc3-c3ccc(-c4ccc(C#N)cn4)nc3)cc2)nc1,16.58
c1ccc(-c2noc(C3CCNCC3)n2)cc1,16.25
N#Cc1ccc(-c2ccc(C#N)nc2-c2ccc(-c3ccc(-n4c(O)ccc4O)cc3)cc2)nc1,18.66
O=c1cc(C=Cc2ccccc2)[nH][nH]c1=O,14.82
COc1ccc(C=CC(=O)c2ccc(N=c3c4ccc(N)cc4[nH]c4ccc(C=CC#N)cc34)cc2)cc1,32.43
N#Cc1ccc(-c2ccc(CN=c3nc(SCCCC(=O)NCc4ccccn4)[nH]c(-c4ccc(-c5ccc(C#N)cc5)cc4)c3C#N)cc2)cc1,30.47
Cc1ccc(-c2ccc(-c3nc(-c4ccc(-c5ccc(C#N)cc5)cc4)nc(-c4ccc(-c5ccc(C#N)cc5)[nH]4)n3)cc2)cc1C#N,16.91
N#Cc1ccc(-c2ccc(C#N)cc2)cc1,10.79
Cc1ccc(N=Cc2ccc(-c3cccc(-c4ccc(-c5nc(-c6ccc(-c7cccc(-[n+]8ccc(-c9ccncc9)cc8)n7)cc6)nc(-c6cccc(C(=N)N)c6)n5)cc4)n3)cc2)cc1C,24.33
N#Cc1ccc(CNC(=O)c2cc(-c3cncc(C#N)c3)cc(-c3cccnc3)n2)cc1,20.45
N#Cc1ccc(C2=NOC(c3cc(-c4ccc(-c5nc(Cl)nc(Cl)n5)cc4)cc(-c4ccc(-c5nc(Cl)nc(Cl)n5)cc4)n3)C2)cc1,13.96
N#Cc1ccc(Cc2nnc(-c3nc(-c4ccc(-c5ccc(C#N)cc5)cc4)n(-c4ccc(C#N)cc4)n3)o2)cc1,19.24
Cc1ccc(-n2cc(C(O)N3CCc4cnccc43)cc2O)cc1,29.04
N#CCC=Cc1cc2nc(C#N)[nH]c(=Nc3ccc(C#N)cc3F)c2cc1C#N,36.21
N#Cc1ccc(-c2ccc(-c3nc(-c4ccc(-c5ccc(C#N)cn5)cc4)nc(-c4cc5ccccc5[nH]4)n3)cc2)cc1,14.67
N#Cc1ccc(C(c2ccc(Cl)cc2)c2ccc3oc(CCc4ccccc4)cc3c2)cc1,27.84
N#Cc1c(F)c(F)cc(F)c1F,8.13
Cc1ccc(C(=C2C=C(c3ccc(-c4ccccc4)cc3)Oc3cc(C=O)c4ccccc4c32)c2ccc(O)cc2)cc1,46.68
CCCCCN(CC(=O)Nc1ccccc1N)C(=O)COC(=O)c1cc(C)cc(C)c1,34.61
COc1cc2c(cc1OS(N)(=O)=O)CN(C(=O)c1cccc(-c3ccc(-c4ccc(-c5ccc(C#N)cc5)cc4)cc3)c1)CC2,26.5
N#Cc1ccc(-c2ccc(-c3cc(C(F)(F)F)nn3-c3cc(C#N)ccn3)cc2)cc1,16.8
N#Cc1ccc(-c2nc(Cl)nc3c2cnn3C2CCCCO2)cc1,20.74
N#Cc1ccc(-c2ccc(-c3nnc4c(c3C#N)CCC4)cn2)nc1,18.72
COc1ccccc1NC(=O)NC1CCCc2ccccc21,20.59
Cc1c(C#N)cc(-c2ccc(-c3cccc(C#N)n3)cc2)c(OCC(=O)Nc2cccc3ccccc23)c1C,33.16
Cc1cc(C(=O)C2CCN(S(=O)(=O)N(C)C)CC2)ccc1OC(C)c1ccc(-c2ccc(C#N)cc2)nc1,38.23
COc1ccc(-c2cc[nH]c(=Nc3ccc(Cl)cc3)n2)cc1C#N,19.62
N#Cc1cccc(-c2ccc(-c3nc(C(=O)NCCN4CCOCC4)cc(-c4ccc(C#N)nc4)n3)cc2)c1,23.8
COc1ccc(C(=O)NCc2noc(-c3cccc(NC(=O)C=CC(=O)O)c3)n2)cc1,30.28
CC1CN(c2nc(-c3ccc(C#N)cc3)nc(-c3ccc(-c4nnc(-c5ccc(Cl)cc5)o4)cc3)n2)CC(C)O1,20.0
C=c1ccc(=Cc2c(C(F)(F)F)nnn2-c2ccc(-n3cccc3)cc2)cc1,23.31
CC(=O)c1cc2cc(NC(=O)c3cc(C#N)ccc3Cl)ccc2[nH]1,28.89
C=C1NC(=Cc2cccc(C=Cc3ccc(C=Nc4nc(C(=O)O)cs4)s3)n2)C(=CC(CCC)C(=O)O)N1Cc1ccc(-c2ccc(C#N)cc2)nc1,45.22
N#CC(=N)c1nc(=Nc2nc(-c3ccc(F)cc3F)ccc2Cl)c(C#N)c[nH]1,32.98
N#Cc1ccc(-c2ccc(-c3csc(-c4ccc(-c5ccc(C#N)cn5)nc4)n3)cc2)cc1,14.29
Cc1nc(-c2ccc3ncsc3c2)cc(=NC(=O)c2cc(-c3ccc(Cl)nc3CO)cc(Cl)n2)[nH]1,36.12
COc1cc(OC)cc(C(=O)NNC(=O)COc2ccc(F)cc2)c1,25.86
CCN1CCC(N2CCN(c3ncc4c(-c5cccc(C#N)n5)nc(-c5ccc(-c6ccc(C#N)cc6)cc5)nc4n3)CC2)CC1,34.81
CC(C)c1nc(C#N)cn1-c1c(F)cc(-c2cccc(C=CC#N)n2)c(F)c1F,25.46
N#Cc1ccc(-n2c(O)c[nH]c2=O)cc1C(=O)Nc1sc2c(c1C#N)CCCC2,26.42
N#Cc1ccc(OCC2CCN(Cc3cccc(C#N)c3F)CC2)cc1,24.75
Clc1ncc[nH]c1=NN=Cc1cccnc1,16.87
N#Cc1c2ccccc2c(-c2nc(-c3cc(Br)cc4ccccc34)nc(-c3c4ccccc4c(C#N)c4ccccc34)n2)c2ccccc12,15.24
N#Cc1ccc(-c2ccc(-c3cc(-c4cnc5[nH]cc(C#N)c5c4)nc(-c4ccc(-c5ccc(C#N)cn5)cc4)n3)cc2)nc1,22.32
Cc1cc(-c2ccc(-c3ccc(C#N)cn3)cn2)cc(C2CCN(C(=O)CC#N)CC2)n1,24.29
O=CN1CCN(C=Nc2ccccc2C(=O)O)CC1,14.6
N#Cc1ccc(-c2cc(-c3ccc(-c4cnn(C(Cc5ccc6ccccc6c5)C(N)=O)c4)nc3)nc(-c3ccc(C#N)cc3)n2)cc1,35.38
N#Cc1ccc(-c2ccc(-c3nc(-c4ccc(C(=O)NC5CC6CC7CC5CC(O)(C7)C6)cc4)nc(-c4ccc(-c5ccc(C#N)cn5)cc4)n3)cc2)nc1,29.07
CN(C)CCOc1cc(N=c2cc(C3CC3)[nH][nH]2)nc(=NCc2cccc(C(F)(F)F)c2Cl)[nH]1,25.73
N#Cc1ccc(N=c2[nH]cnc(=Nc3ccc4[nH]c(=N)c(C#N)cc4c3)[nH]2)cc1F,25.75
CCS(=O)(=O)c1nc(C#N)nc(N2C(=O)c3ccccc3C2=O)c1F,28.15
N#Cc1ccc(-c2nc(-c3ccc(-c4cccc(C#N)c4)cc3)nc(-c3cccc(C#N)c3)n2)cc1,15.39
N#Cc1ccc(-c2ccc(-c3cc(C(F)(F)F)nn3-c3ccc(C#N)cn3)cc2)cc1,11.99
Cc1nccn1-c1cccc(-c2c(C(F)(F)F)ccn(Cc3ccc(-c4ccccc4)cc3)c2=O)c1,26.71
Cc1ccc2[nH]c(=NC3=NCCN3)sc2c1,19.54
N#Cc1ccc(-c2ccc(-c3nc(-c4ccc(-c5cc(-c6ccc(C(F)(F)F)cc6)nc(-c6ccc(C#N)cc6)n5)cc4)n(-c4ccc(C(=O)NC5CCN(CCO)CC5)cc4)n3)cc2)cc1,35.41
N#Cc1cncc(-c2nc(-c3ccc(C(=O)NCc4ccno4)c(F)c3)nc(-c3ccc(C#N)c(C#N)c3)n2)c1,24.36
COc1ccc(-c2ccc(-c3csc(C(C#N)C(=N)NS(=O)(=O)c4ccc(C)cc4)n3)cc2)cc1,34.24
C#CC(C)N=[N+]=[N-],24.64
COc1cc(C(=O)c2ccc(-c3ccc(NC(=O)c4ccc(-c5ccc(C#N)cc5)cc4)cc3)cn2)ccc1-n1cnc(C)c1,28.93
CCOC(=O)c1ccc(NC(=O)c2c(O)c(-c3ccc(-c4ccc(F)c(C#N)c4)cc3)nc3ccccc23)cc1,26.78
Cc1cc(C#N)cc(-c2cc3c4cc(Cl)ccc4n(CCCCC(=O)O)c3c(C(F)(F)F)n2)c1,36.67
N#Cc1ccc(C#N)c(-c2nc(=O)n3cc(Cc4cc(F)cc(F)c4)ccc3n2)c1,28.98
Cc1cc(C(N)=O)ccc1NC(=O)c1ncnc(-c2cccc(C#N)c2)c1C#Cc1ccc(=N)[nH]c1,28.94
CN1CCN(Cc2ccc(-c3cccc(C(=O)N=c4nc(-c5ccc(OC(F)(F)F)cc5)cc(-c5cccc(F)c5F)[nH]4)c3)nc2)CC1,32.37
CC(=O)c1cccc(-c2nc(=Nc3ccc4nn(C)c(C)c4c3)c3ncn(C4OC(CO)C(O)C4O)c3[nH]2)c1,38.21
O=C(Nc1cccc(N=c2nc(-c3nccs3)cc[nH]2)c1)c1cccc(C(F)(F)F)c1,20.15
N#Cc1ccc(-c2ccc(-c3[nH]c(=S)[nH]c(=NN=Cc4ccc(O)cc4)c3C#N)cc2)cc1,18.89
N#Cc1ccc(CN2CCN(c3nc(-n4ccnc4)nc(-n4c(C(F)F)nc5ccccc54)n3)CC2)nc1,27.79
Cn1cc(Cc2cn(CC(=O)N(Cc3ccc(-c4ccc(C#N)cc4)cc3)Cc3ccc(-c4ccc(C#N)cc4)cc3)c(SCc3ccc(F)cc3)nc2=O)cn1,20.5
N#Cc1cc(-c2ccc(-c3nc(Cl)nc(Cl)n3)cc2)cc(-c2cc(-c3ccc(-c4nc(Cl)nc(Cl)n4)cc3)cc(-c3ccc(-c4nc(Cl)nc(Cl)n4)cc3)n2)c1,17.15
N#Cc1cc2c(=O)n(Cc3ccc(F)cc3)c3ccccc3c2cn1,22.76
CN=c1cc(C2CCN(c3nc(-c4cccc(C#N)n4)nc(-c4ccc(F)c(C#N)n4)n3)CC2)[nH]c(C)n1,24.49
N#Cc1ccc(-c2nc(-c3ccc(-c4n[nH]c(-c5ccc(C#N)cn5)n4)cc3)nc(-c3c(F)c(F)c(C#N)c(F)c3F)n2)cc1,24.99
Cn1cc(-c2nc(-c3cncc(C#N)c3)nc(-c3ccc(CC#N)c(C(F)(F)F)c3)n2)cn1,22.81
Cc1ccc(CN(C)C)cc1NC(=O)c1ccc(N=c2nc(-c3ccccn3)cc[nH]2)cc1,18.75
N#Cc1ccc(-c2ccc(-c3nc(-c4ccc(-c5ccc(C#N)cn5)nc4)nc(-c4ccc(C#N)cn4)n3)cn2)nc1,9.7
O=C(NCc1cccs1)C(=O)c1c[nH]c2ccccc12,22.74
N#Cc1ccc(N2CCN(c3cc(F)c(NS(=O)(=O)c4ccc5ccccc5c4)cn3)CC2)cc1,34.52
N#Cc1ccc(-c2ccc(-c3nc(-c4cc(F)c(F)c(-c5ccc(F)nc5)c4)nc(-c4c(F)c(F)c(C#N)c(F)c4F)n3)cn2)nc1,24.25
Cc1ccc(-c2cc[nH]c(=N)n2)c(Oc2ccc(S(C)(=O)=O)c(C)c2)n1,26.26
CC1C2CC(C(=O)O)NC(c3cc(-c4ccc(-c5nc(Cl)nc(Cl)n5)cc4)cc(-c4ccc(-c5nc(Cl)nc(Cl)n5)cc4)c3)C2CCC1(C)O,34.29
N#Cc1ccc(-c2ccc(-c3nc(-c4ccc(-c5cccc(C#N)c5)cc4)nc(-c4ccc(-c5cccc(C#N)n5)c(F)c4)n3)cn2)cc1,23.16
Cc1nc(-c2ccc(-c3nccc(Oc4c(C)ccc(-c5c[nH]c(=N)cn5)c4F)n3)c(C(F)(F)F)c2)nc(C2CCN(CC(N)=O)C2)n1,34.2
Cc1ccc(C(=O)NC2CC2)cc1N=c1[nH]cnn2c(-c3ccc(-c4ccc(C#N)nc4)nc3)ccc12,32.06
CC(OS(=O)(=O)O)c1cccc(C=Cc2nc(C#N)c(N)n2Cc2ccccc2)c1,33.14
c1ccc2ncc(-c3ccc4cc(-c5nc(C6CCCN6)nc(N6CCOCC6)n5)ccc4n3)cc2c1,31.35
O=C(O)c1ccc(N=Cc2ccc(C=Cc3nccc4ccccc34)cc2)cc1,20.06
N#Cc1ccc(-c2nc(-c3ccc(-c4nccc(-[n+]5ccc(-c6ccncc6)cc5)n4)cc3)nc(N3CCCC(N)C3)n2)cc1,17.42
N#CC=Cc1nc(-[n+]2ccc(-c3ccc(C#N)cc3)cc2)n(Cc2ccc(C#N)cc2)n1,24.77
N#Cc1cncc(-c2nc(-c3ccc(-c4ccc(F)c(C#N)c4)nc3)nc(-c3cncc(C#N)c3)n2)c1,13.42
N#Cc1ccc(-c2ccc(-c3nc(-c4ccc(C#N)cc4)nc(-c4ccc(-c5nc(-c6ccc(C#N)cc6)nc(N6CCC(N7CCCCC7)CC6)n5)cc4F)n3)cc2)cc1,18.96
CCc1ncnc(-c2ccc(C(=O)N3CCN(C4CCOCC4)CC3)c(F)c2)c1C#Cc1ccc(=N)[nH]c1,19.7
N#Cc1ccc(Cn2nc(-c3ccc(-c4ccc(C#N)cc4)cc3)ncc2=N)cc1,17.51
Cn1c(-c2cnc(OCc3ccc(Cl)nc3)c(Cl)c2)nc(N2CCSCC2)c(F)c1=O,39.55
N#Cc1cnc(-c2ccc(-c3cccc(C#N)n3)cc2)c(-c2cccc(C#N)n2)c1,13.28
Nc1cc(O)c(N=Cc2cccc(Cl)c2Cl)cc1Nc1ccc(Cl)c(Cl)c1,14.31
Cn1cc(CCCC(=O)Nc2cccc(NC(=O)CCCCCCCOc3cccc(-c4nc(-c5ccc(CCC(=O)O)cc5)nc(-c5ccc(C(F)(F)F)cc5Cl)n4)c3)c2)c2ccccc21,56.88
COc1ccc(C(N)=O)c2c1CCN(CCn1cc(-c3ccc(Cl)cc3)nc1-c1cccc(C#N)n1)C2,35.3
N#Cc1ccc(-c2nc(C#N)c3ncn(Cc4ccc(-c5cccc(C(=O)O)n5)cc4)c3n2)cc1,27.57
N#Cc1ccc(-c2ccc(-c3nc(-c4ccc(-c5cccc(C#N)c5)nc4)nc(-c4ccc(C#N)cn4)n3)cc2)cc1,13.07
N#Cc1ccc(C#N)c([N+](=O)[O-])c1,14.82
N#Cc1c2ccccc2c(-c2nc(-c3c[nH]c4ccccc34)nc(-c3c4ccccc4c(C#N)c4cc(N)ccc34)n2)c2ccccc12,17.81
COC(=O)c1ccn(CCCNCc2ccco2)n1,31.25
CC(C)CN(Cc1ccc(CN(C(=O)C2Cc3ccccc3CN2)c2ccc(-c3ccc(C#N)cc3)cc2)cc1)CC(C)C,31.16
Cc1ccc(-c2nc(-c3c[nH]c4c(Br)cc([N+](=O)[O-])cc34)nc(-c3ccc(Cl)cc3)c2C#N)cc1,35.87
N#Cc1ccc(-c2ccc(-c3nc(-c4ccc(C#N)nc4)nc(-c4ccc(-c5cccc(C#N)c5)nc4)n3)cn2)nc1,16.2
N#Cc1cncc(-c2cc(N3CC4CCC(C3)O4)nc(-c3ccc(C#N)nc3)n2)c1,17.71
CCN1CCN(C2CCN(c3nc(-c4cccc(C#N)n4)nc(-c4cccc(C#N)n4)n3)C2)C1=O,15.95
N#Cc1cncc(-c2nc(-c3cncc(C#N)c3)nc(-c3ccc(-c4ncc(F)cn4)c(F)c3F)n2)c1,18.61
COc1ccc(-c2ccc(-c3nc(-c4ccc(C#N)cc4)nc(-c4ccc(C#N)cc4)n3)cc2)cc1C#N,15.2
N#Cc1cccc(NC(=O)c2ccc3nc(C#N)ccc3c2)c1,22.22
N#Cc1ccc(-c2ccc(-c3nc(-c4ccc(-c5nc(Cl)nc(Cl)n5)cc4)c(-c4ccc(O)cc4)[nH]3)cc2)nc1,22.11
N#Cc1c2n(c(Cc3cccc(F)c3)cc1=O)CCC2,27.79
N#CC=Cc1cc(-c2ccc(-c3ccc(C#N)cc3)cc2)nc(-c2cn(-c3ccccc3)nc2-c2cccc(Br)c2)n1,25.5
N#Cc1ccc(N(Cc2ccc(Cl)cc2)n2cnnc2)cc1,15.06
O=S(=O)(Nc1oc(O)c2ccccc12)c1cccc2cccnc12,30.01
COc1c(O)ccc2c(=O)cc(-c3ccc([N+](=O)[O-])cc3)oc12,22.28
COc1cc(-c2ccc(-c3nccc(C(=O)N=c4cc[nH]cc4)n3)cc2)ccc1Cl,29.49
COc1cc2ncnc(Oc3cccc(C#N)c3)c2cc1Nc1cccc(C#N)c1,30.68
N#Cc1ccc(-c2cc(-c3cccc(C#N)n3)nc(-c3ccc(C#N)cc3)n2)cc1,10.57
N#Cc1ccc(-c2ccc(-c3nc(-c4ccc(-c5ccc(C#N)cn5)nc4)nc(-c4ccc(-c5ccc(C#N)cn5)c(F)c4)n3)cc2)cc1,11.99
COCc1cc(F)ccc1-c1ccc(-c2ccc(-c3nc(-c4ccc(C#N)cc4)n(C)n3)cn2)nc1C#N,26.06
COC(=O)c1cc(C(=O)c2cc(O)c(O)c([N+](=O)[O-])c2)ccc1O,25.55
O=C(O)CC(NC(=O)c1cccc(-n2c(COc3ccc([N+](=O)[O-])cc3)nc(=Nc3ccc(-c4nc5cc(C(F)(F)F)ccc5[nH]4)cc3)[nH]c2=Nc2cc(Cl)c(Cl)c(Cl)c2Cl)c1)C(=O)O,63.22
CCC(=C(c1ccc(C=CC(=O)Nc2ccc(C(=O)NCCCN(C)C)cc2)cc1)c1ccc(C(=O)O)cc1)c1ccccc1,36.13
CC(NC(=O)C(NC(=O)CCN1c2ccccc2C=Cc2ccccc21)C(C)C)C(=O)NC(CCCCN)C(=O)N1CCCC1C(=O)O,47.23
CN(C)c1ccc2nc(C(C#N)=Cc3ccc(-c4cccc(C(N)=O)c4)o3)nc(-c3nc4ccccc4[nH]3)c2c1,39.05
N#Cc1ccc(N2CCN(C(=O)c3cc(Cc4n[nH]c(=O)c5c4CCCC5)ccc3F)CC2)cc1,20.42
COc1ccccc1-c1cccc(-n2c(-c3ccc(-c4ccc(C#N)cn4)cc3)nc3cnccc32)c1,31.31
N#Cc1ccc(-c2ccc(-c3ncn(-c4ccc(C(=O)Nc5cccc(C#N)c5)cn4)n3)cc2)nc1,22.24
CCCc1c(Cc2ccc(-c3ccc(F)nc3)cc2)ncc2cnc(C)nc12,26.56
N#Cc1ccc(-c2ccc(-c3nc(-c4ccc(-c5ccc(C#N)cn5)cc4)nc(-c4ccc(Cl)nc4)n3)cc2)nc1,14.88
N#Cc1ccc(-c2ccc(Cn3cc(C(=O)O)c(=O)c4ccccc43)cn2)cc1,18.69
Cc1cc(-c2ccc(-c3ccc(NC(=O)c4c(Br)c(C)nn4-c4ccccc4)cc3)cc2)nc(C=NN=c2cc[nH]c3cc(Cl)ccc23)n1,33.02
N#Cc1ccc(-c2nc(-c3ccc(-c4cccc(C#N)n4)cc3)nc(-c3ccc(-c4ccc(C#N)cn4)nc3)n2)cc1,9.5
N#CC(C#N)=Cc1ccc(C=Cc2nc(-c3ccc(C#N)cc3)nc(-c3ccc(C#N)cc3)n2)cc1,18.22
O=C(NCc1ccccn1)C1CCN(S(=O)(=O)c2ccc(F)cc2)CC1,19.37
N#CCC[S+](=O)Cc1n[nH]c(=NC(=O)Nc2ccc(Cl)cc2)s1,28.1
O=C1NC(=O)c2cn(-c3ccc(Cl)cc3)c3cccc1c23,23.44
CN1CCN(c2nc(N=CN3CCN(C=O)CC3)nc(N=CN3CCN(c4ccc(F)cc4)CC3)n2)CC1,16.76
CC1CCCN1c1nc(-c2cccc(C#N)n2)nc(-c2cccc(C#N)n2)n1,13.53
N#Cc1cncc(-c2ccc(C(O)(Cn3cncn3)c3cc(F)ccc3F)cc2)c1,18.75
Cn1nccc1-c1ccc(-c2ccc(C(=O)NCCCc3ccc(C#N)cc3)cc2)cn1,28.66
CN(C)Cc1ccc(-c2cc(=NC(=O)CCNS(C)(=O)=O)nc(-c3ccc(C#N)cc3)[nH]2)cc1,33.56
Cc1cc[nH]c(=NC(=O)c2cccc(-c3nc(-c4cccc(C#N)n4)nc(-c4cccc(C#N)n4)n3)c2)c1,15.27
Cc1cc(=O)oc2cc(O)c(O)cc12,20.58
O=S(=O)(c1ccc(F)cc1)N1CCN(CCc2ccccn2)CC1,20.3
Cc1nc(N(CCO)CCCO)nc(-n2cc(C#N)c3cc(-c4ccc(CN5CCOCC5)c(C#N)c4)ccc32)n1,37.61
N#Cc1ccc(-c2ccc(-c3ccc(-c4nc(-c5ccc(C=Nc6nc[nH]n6)cc5)nc(-c5ccccc5O)n4)cc3)cc2)cc1,25.77
Cc1ccc(Nc2cc(N=Cc3ccc(O)cc3)c(O)cc2N)cc1,10.04
Cc1ccc2ccc(C(O)(C(F)(F)F)C(F)(F)F)c(NC(=O)c3ccccc3)c2n1,27.34
Cc1cc(-c2ccc(-c3csc(-c4ccc(C#N)cc4)n3)cc2)cc2nc(-c3ccc(-[n+]4ccc(-c5ccncc5)cc4)cc3)cnc12,20.1
N#Cc1ccc(-c2ncc3c(=O)n(Cc4cccc(F)c4)c(C(C#N)c4ccc(F)cc4)nc3c2C#N)cc1,36.01
CN1CCN(CCC(=O)Nc2ccc3c(c2)C(=O)c2ccc(NC(=O)C4CCCN4c4cccc(-c5ccc(C#N)cc5)n4)cc2C3=O)CC1,28.44
N=C(N)c1ccc(-[n+]2ccc(C=Cc3ccc(O)cc3)s2)cc1,25.4
Cn1cc(-c2ccc(C(=O)Nc3ccc4nc(-c5ccc(-c6ccc(C#N)cc6)cc5)[nH]c4c3)cc2)cn1,25.98
CN1CCC(C(=O)N2CCC(N3CCN(C(=O)c4cn(-c5ccc(Cl)cc5)c(-c5ccc(C#N)cc5)n4)CC3)CC2)CC1,26.89
NC(=O)Cn1c(=O)c(=NN=Cc2ccc([N+](=O)[O-])cc2)c2sccc2n(Cc2ccc(-c3ccccc3-c3nc(=O)o[nH]3)cc2)c1=O,35.75
N#Cc1ccc(-c2ccc(-c3nc(-c4ccc(-c5ccc(C#N)cn5)nc4)no3)cc2)nc1,13.15
N#Cc1ccc(-c2nc3cccc(-c4nc(-c5c6ccccc6c(C#N)c6ccccc56)nc(-c5c6ccccc6c(C#N)c6ccccc56)n4)c3c(=O)[nH]2)cc1F,25.54
COc1ccc(F)cc1-c1cc(-c2ccc(C(N)=O)cc2)c(C#N)c(=N)[nH]1,24.75
N#Cc1ccc(-c2nc3c(c(N4CCC(C#N)CC4)n2)CCCC3)cc1,21.38
N#Cc1ccccc1SC(=Cc1ccc(-c2cccc(Br)n2)cc1)C(=O)c1ccc(C(=O)O)cc1,31.27
Cc1[nH]c(-c2ccc(C#N)cc2)nc1-c1c[nH]c(=N)c(C(=O)N=c2cc(C(C)(C)C)cc[nH]2)n1,33.22
N#Cc1ccc(-c2ccc(-c3ccc(CCC=NNC(=O)c4ccncc4)c(-c4ccc(C#N)cc4)n3)cc2)cc1,24.94
N#CC=Cc1nc(C=CC#N)c(Cl)c(CBr)n1,14.99
N#Cc1ccc(-c2ccc(C(=O)N3CCN4C(=O)c5ccccc5C34c3ccc(C#N)cc3)cc2)cc1,21.08
OC1(C(F)(F)F)c2ccccc2-c2ccccc21,15.38
O=CN1CCN(C=Nc2nc(N3CCCCC3)nc(N3CCOCC3)n2)CC1,12.48
O=C(N=c1ccn(CCN2CCOCC2)[nH]1)Nc1ccc(Br)cc1,23.43
N#Cc1ccccc1Br,13.45
N#Cc1ccc(N=c2nc(Cl)[nH]c(=Nc3cc(F)c(F)c(F)c3F)[nH]2)cc1,20.24
N#Cc1ccc(-c2ccc3sc(-c4ccc(-c5cccc(C#N)n5)cn4)nc3c2)cc1,25.4
N#CC=Cc1nc(-c2ccc(-c3ccc(C#N)cc3)cc2)nc(-c2ccc(-c3ccc(C#N)cn3)cc2)n1,10.59
O=C(NN=Cc1cccs1)Nc1ccc(Cl)cc1,22.28
Cc1nccc(-c2ccc(-n3nnnc3-c3ccc(-c4ccc(-c5ccc(C#N)cc5)cc4)s3)cc2)n1,24.88
O=C(NCCN1CCCCC1)c1nc(-c2ccc(Oc3ccc(F)cc3)cc2)cs1,24.4
N#Cc1c2ccccc2c(-c2nc(-c3c4ccccc4c(C#N)c4ccccc34)nc(-c3cc(Cl)n4cc(F)ccc34)n2)c2ccccc12,21.4
N#Cc1ccc(-c2cc(-c3cccc(C#N)c3)nc(-c3ccc(-c4ccc(C#N)cn4)cc3)n2)cc1,12.59
N#Cc1ccc(-n2cc(C=CC(=O)c3ccc(OC(=O)C4CC4)cc3)c(-c3ccc(Cl)nc3)n2)cc1,35.45
N#Cc1cccc(-c2ccc(-c3ncnc4[nH]c(C5=NCCN5)cc34)cc2)c1,19.9
N#Cc1ccc(-c2nc(-c3cncc(C#N)c3)c3cnc(=O)n(-c4ccc5c(c4)OCO5)c3n2)cc1,28.45
CN(C)CCCOc1ccc(-c2cc(-c3ccc(C#N)cc3)c3c(N4CCOCC4)nc(N4CC5NC5C4)nc3n2)cc1,44.02
N#Cc1ccc(C#CC=Cc2ccccc2)cc1,16.5
C#Cc1ccc2[nH]c(=O)c3cc(-c4cc(C)nc(C)c4)ncc3c2c1,28.6
N#Cc1ccc(N=Cc2cccc(-c3ccccc3)n2)c(C(F)(F)F)c1,20.9
N#Cc1ccc(-c2ccc(-c3nc(-c4cc(Cl)cc(C#N)c4)nc(N4CCN(c5ccc(F)cc5)CC4)n3)cc2)cc1,24.22
N#CC=c1cc(Br)ccc1=Cc1[nH]c(=O)n(C2CCCCC2)c1O,23.11
N#Cc1ccc(-c2ccc(-c3cc4c(C(F)(F)F)cc(C=Cc5cccc(C#N)n5)nc4c(C#N)n3)cc2)nc1,18.5
CN1CCC(=C2C=CC(C)(C)Oc3cc(-c4ccc(-c5nc(C#N)nc6cc(C7CCN(C8COC8)CC7)cnc56)cn4)ccc32)CC1,35.94
COCCN(c1nc(-c2ccc(-c3ccc(C#N)cc3)cc2)nc2cc(F)ccc12)C1CCCCC1,26.35
O=C(O)CN1C2=C(C(=O)CCC2)C(c2ccc([N+](=O)[O-])cc2)C2=C1c1ccccc1C2=O,30.82
Cc1cc(Sc2nc(Nc3ccc(C#N)cc3)cc(=N)[nH]2)c2ccc(-c3ccc(C#N)cc3)c(C#N)c2n1,35.84
CC(C)CCN1CCC(c2cc(-c3ccc(-c4cc(F)cc(C#N)c4)cc3F)c3ccncc3n2)CC1,30.96
Cc1c(-c2ccc(C#N)cc2)cccc1N(Cc1ccc(-c2ccc(C#N)cn2)cc1)S(=O)(=O)c1ccc(C#N)cc1,22.05
N#Cc1cccc(-c2nc3ccccc3c(=NCc3cc(-c4ccc(Cl)cc4)no3)[nH]2)c1,25.95
O=C(Cc1ccc([N+](=O)[O-])cc1)NCCc1ccc(O)cc1,20.29
N#Cc1cccc(-c2nc(-c3cccc(C#N)n3)nc(N3CCC(C(N)=O)CC3)n2)n1,10.4
Cc1cc(-c2ccc(NC(=O)C(CCS(C)(=O)=O)NC(=O)c3ccc(C)c(C)c3Cl)cc2)ccn1,42.06
N#Cc1cncc(-c2cn3c(cn2)c(CN2CCN(CCO)CC2)c2cc(-c4cnc(=N)[nH]c4)cnc23)c1,30.98
COc1cc(C)cc(-c2nn(CC#N)cc2-c2cc(-c3ccccn3)nc(-c3ccc(-n4cccc4)cc3)n2)c1,24.88
N#Cc1ccc(-c2cc(-c3nc(-c4nc(C#N)c[nH]4)nc(=Nc4nc(Cl)ncc4Cl)s3)cc(C#N)n2)cc1,24.97
CCC(C)n1nc(C(F)(F)F)cc1-c1ccc(-c2nc3cc(-c4cc[nH]c(=N)n4)ccc3[nH]2)cc1,25.71
CC(C(=O)OCc1ccc(C#N)cc1)N1CCn2c1nc1ccccc1c2=O,31.29
N#Cc1cc(C#N)nc(-c2ccc(-c3ccc(C#N)nc3)nc2)c1,16.15
N#Cc1ccc(N=c2cc[nH]c(-c3ccc(-c4nnc(-c5ccccc5)s4)nc3)n2)cc1,29.04
COc1cc(NC(=O)c2nn(-c3cccnc3)c(=O)c(C#N)c2C)cc(OC)c1OC,26.97
CCOC(=O)c1ccc(NC(=O)Nc2ccc(-c3nc(C#N)c(N4CCC(C(F)(F)F)CC4)c(N4CCOCC4)n3)cc2)cc1,33.12
Cc1ccc(-c2nc(-c3ccc(F)cc3)ncc2S(=O)(=O)c2ccc(F)c(F)c2)cc1,26.15
N#Cc1ccc(Oc2ccc(COc3cncc(C#N)c3)cc2C#N)cc1,20.21
N=c1[nH]cc(-c2nc(C3CC3)nc(N3CC(F)C(F)(F)C3)n2)cc1OC(F)F,26.32
N#Cc1ccc(-c2ccc(-c3nc(-c4ccc(-c5ccc(C(F)(F)F)c(C#N)c5)s4)nc(-c4ccc(-c5cnccn5)cc4Cl)n3)cc2)cc1,24.28
Cc1cc(-c2cncc3ccccc23)[nH]c(=Nc2cccc(CN)c2)n1,30.9
N#CC=Cc1cccc(-c2nc(-c3cccc(C#N)n3)nc(-c3cnc(C4CC4)o3)n2)n1,17.37
O=C(COc1cccc2ccccc12)NCc1ccc2c(c1)OCO2,23.46
CC1COCCN1c1nc(-c2ccc(-c3ccc(C#N)cc3)cc2)nc2c1ncn2C,21.13
NNC(=O)c1ccccc1Nc1ccc2c(C=Cc3ccccn3)[nH]nc2c1,19.18
COc1cc2c(cc1C(=O)c1cc(OC)c(OC)c(OC)c1)OCO2,20.25
Clc1ccc(C2SCCc3ccccc32)c(Cl)c1,28.48
O=C(O)c1nc2cc(-n3cccc3)c([N+](=O)[O-])cc2[nH]c1=O,17.17
CN(C)C(=O)CC#Cc1ccc(NC(=O)N2CCN(C(=O)c3cc(-c4ccc(C#N)cc4)cc(C(N)=O)c3N)CC2)cc1,48.07
N#Cc1ccc(-c2ccc(-c3nccc(C=Cc4ccccc4C#N)n3)cc2)cc1,16.61
COc1cncc(-c2nc(-c3cc(C#Cc4cnc(C)c(NS(=O)(=O)c5cccc(F)c5)c4)ccn3)c3[nH]c(C#N)cn23)n1,33.99
NCCN=c1[nH]c(=O)[nH]c2noc(-c3cccc(OCCN4CCOCC4)c3)c12,41.2
CC1(C)c2ccc(-c3cncc(C#N)c3)cc2C(=O)c2c1[nH]c1cc(C#N)ccc21,16.38
N#Cc1cccc(-c2nc(-c3cccc(C#N)n3)nc(N3CC(F)C(F)C3)n2)n1,10.86
COCCC1(F)c2cc3n(c(=O)c2CCC1O)Cc1c-3nc2ccccc2c1C1CCCC(CN2CCCCC2)C1=O,48.4
N#Cc1ccc(-c2ccc(-c3cc(-c4nc(C#N)c[nH]4)nc(-c4ccc(-c5ccsc5)c(C#N)c4)n3)cn2)nc1,19.64
Cc1cccc(C[N+]2(CCO)CC[N+]3(CC(=O)Nc4cccc5c4C(=O)c4ccc(N=C(N)SCC#N)cc4C5=O)CC2C3)n1,63.78
N#Cc1ccc(-c2ccc(-c3cc(-c4cc(-c5ccc6ccccc6c5)nc(-c5ccc(C#N)cc5)n4)nc(-c4ccc(C#N)cc4)n3)cc2)cc1,21.08
N#Cc1ccc(-c2ccc(-c3nc(-c4ccc(C#N)cc4)nc(-c4ccc(C=CC(=O)c5cccc(N)c5)cc4)n3)cc2)cc1,21.91
O=C(NC(=O)c1ccc(-c2ccncc2)cc1)OCc1cccc(C(F)(F)F)c1,29.46
N#CC(=Cc1ccc(-c2cccc(C#N)c2)o1)C(=O)c1ccccc1,20.98
Cc1cc(-c2cc(-c3ccccn3)cc(-c3ccc(-c4ccc(C#N)cn4)cc3)n2)ccc1C(N)=O,30.61
Cc1cc(C(=O)N=c2nc(N3C(=O)OCC3C(C)O)cc[nH]2)nc(-c2ccc(-c3ccc(C#N)cc3)cc2)n1,21.61
N#Cc1cccc(-c2ccc(-c3ncc(C#N)c(C#N)n3)cn2)c1,17.64
CC1=C(C=CC2=NN(c3ccc(-c4ccccc4)cc3)C(c3ccc(OCc4cccc(-c5ccc(C#N)cn5)c4)cc3)C2)C(C)(C)CCC1,33.69
O=C(O)CN1C(=O)SC(=Cc2ccc(-c3ccccc3)cc2)C1=O,19.04
O=c1nc(OCC2COc3ncccc3O2)nc2n1CCc1ccc(OCc3ccc(-c4ccc(C(F)(F)F)cc4)cc3)cc1-2,23.36
N#Cc1ccc(-c2ccc(-c3nc(-c4ccc(C=CC(=O)O)cc4)nc(-c4ccc(N)cc4OCc4ccccc4)n3)cn2)nc1,27.09
N#Cc1nc(-c2ccccc2)nc2c1c(N)c(C#N)n2C(CO)CO,29.78
C=CCc1c(OC)cc(OC)c(CC=Cc2ccc(OCCC)c(OC)c2)c1OCCC,31.68
N#Cc1ccc(-c2ccc(-n3nc(C(F)(F)F)cc3-c3cccc(C#N)n3)cc2)cc1,15.34
O=c1c2cc(F)c(F)cc2nc(C=Cc2ccc(-c3cccc(-c4nn[nH]n4)c3)cc2)n1-c1ccccc1F,25.97
CC(C#N)(Cc1ccc(-c2ccc(Cl)cc2)cc1)NC(=O)c1ccccc1,25.89
CCCc1n[nH]c(=NC(=O)Cc2cc(OC)cc(OC)c2)s1,23.68
N#Cc1ccc(CNC(=S)N2CCN(c3ncnc4cc(C#N)ccc34)CC2)cc1,21.1
COc1cccc(-c2nc(N=c3nc(C)cc(C)[nH]3)cc(-c3ccc(C)cc3)n2)c1,23.29
Cc1ncnc(-c2ccc(C(N)=O)cc2)c1C=CC#Cc1ccc(=N)[nH]c1,31.63
CN1CCC(NCc2cccc(-c3ccc(S(=O)(=O)N4CCN(c5cccc(C#N)c5)CC4)cc3)c2)CC1,26.66
N=c1nc2ccsc2c(N)[nH]1,20.36
CC1(C)CN(c2cc(-c3cc(C(=O)NC4(c5ccccn5)COC4)ccc3F)[nH]c2-c2cccc(C#N)n2)C1=O,27.81
N#Cc1ccc(-c2ccc(-c3noc(-c4ccc(C#N)cc4)n3)cc2)cc1,10.95
Cc1cc(C(C)C)nn1-c1ccc(C(=O)C=Cc2cccc(F)c2)cc1,26.28
CC(=O)N1CCC(Cc2cc(C)nc(-c3ccc(N=c4nc(C)cc(C)[nH]4)cc3)n2)C1,32.93
CCOC(=O)CC1CC(=S)N=C1c1cc(C#N)nc(-c2ccc(-c3cc(C#N)ccc3F)cc2)n1,33.79
N#Cc1ccc(-c2ccc(-c3ccc(-c4ccc(-c5cc(-[n+]6ccc(-c7ccncc7)cc6)nc(-[n+]6ccc(-c7ccncc7)cc6)n5)cc4)cc3)cc2)cc1,12.84
C[n+]1ccc(Nc2ccc(C(=O)NC3CN4CCC3CC4)c(N)c2)cc1,29.57
N#Cc1cc(F)ccc1-c1cccc(COc2ccc3c(c2)CN(CCC(=O)O)CC3)c1,27.26
N#Cc1ccc(-c2ccc(-c3nc(-c4ccccc4)nc(-c4c5ccccc5c(C#N)c5ccccc45)n3)cc2)cc1,13.56
Fc1cc(-c2ccc(-c3nc(Cl)nc(Cl)n3)cc2)cc(-c2ccc(-c3nc(Cl)nc(Cl)n3)cc2)c1,9.07
N#Cc1c2ccccc2c(-c2nc(-c3cccc4ccccc34)nc(-c3cccc4c(NC5CCCC5)ccnc34)n2)c2ccccc12,30.69
O=C(C=Cc1ccc(O)cc1)NCCc1ccc(O)c(O)c1,17.64
Cc1nc(C=NNC(=O)c2cccc(NC(=O)c3ccc(C#N)cc3)c2)cc2ccccc12,28.92
O=C(Cn1ncc2c(=NCc3ccccc3)[nH]cnc21)c1ccc(O)cc1,24.06
N#Cc1cc(-c2cc3c(Cl)cc(=NC4CCCCC4N)[nH]c3c(F)n2)ccc1OC(F)(F)F,30.78
N#Cc1cncc(-c2cc(N3CC4CC3C4O)nc(C#N)n2)c1,16.76
N#Cc1ccc(-c2nc(Cl)nc(Cl)n2)cc1,8.05
Cc1ccc(-c2nc(N3CCN(C)CC3)nc(-c3ccc(Cl)cc3)c2C=Nc2ccc3ccccc3c2)cc1,27.5
CC1CCCN1CCNC(=O)c1ccc(C#N)c2ccccc12,28.77
N#Cc1nccc(-c2cc(N3CCN(C4CC4)CC3)nc(Oc3ccc(Cl)cc3)n2)n1,22.47
Cc1noc(C)c1-c1ccc(-c2ccc(C(=O)N=c3nn[nH][nH]3)cc2)cn1,27.47
Cc1cccc(-c2nc(-c3cncc(C#N)c3)nc(-c3cncc(C#N)c3)n2)n1,15.93
N#CC=Cc1nnn(-c2ccccc2)n1,16.34
CN(C(=O)C1CC1)C1CCN2C(=O)c3cc(NC(=O)c4ccc(C#N)cc4)ccc3OCC12,32.52
COc1cc(-c2ccc(-c3ncnc(-c4ccc(-c5ccc(C#N)cc5)cn4)n3)cc2C#N)ccc1Cl,22.32
Cc1ccc(-c2nn3c(=S)cc(C(F)(F)F)[nH]c3[n+]2-c2ccc(F)cc2)cc1,23.46
N#Cc1ccc(-c2nc(-c3cnc(C#N)nc3)cc(-c3ccc(F)c(F)c3C#N)n2)nc1,19.68
CCN(CC)Cc1ccc(-c2ccc(-c3cccc(C#N)n3)cc2)nc1-c1ccc(C#N)cc1,20.87
Cn1c(C=Cc2ccccc2)nc(C#N)c1NC1CCCC1,17.02
COC(=O)C1C(C)=NC(=O)NC1c1cc(-c2ccc(-c3ccc(C#N)nc3)cc2)c2ccccc2n1,21.09
Clc1ccccc1Nc1cc2[nH]nc(C=Cc3ccccn3)c2c(Nc2ccccc2)n1,26.54
N#Cc1ccc(C=NN=c2[nH]c(-c3ccc(-c4ccc(C#N)cc4)cc3)cs2)cc1,16.4
COc1cccc(C(=O)c2c(-c3ccc(C#N)cc3)cc(-c3ccc(C#N)cc3)nc2-c2ccc(S(N)(=O)=O)cc2)c1,21.34
N#Cc1ccc(-c2ccc(-c3nc(-c4ccc(NC(=O)CCN5CCN(Cc6ccccc6)CC5)cc4)nc(-c4ccc(-c5ccc(C#N)nc5)cc4)n3)cc2)cc1,23.81
CC(c1ccccn1)n1cc(C#N)c2cc(-c3cccc(Br)c3)c(=O)n(C)c21,37.08
C(=Nc1nc(-c2ccccc2)cs1)c1ccncc1,15.22
Cc1cc(C(=O)NCC(c2ccc(F)cc2F)N2CCC(F)(F)CC2)c(C)s1,32.13
Oc1ccc(N=c2c3ccccc3[nH]c3cc(Br)ccc23)cc1,23.68
COc1nc(N=c2ccc(C#N)c(-c3ccc(C#N)cc3)[nH]2)cc(N2CCN(C(C)=O)CC2)n1,27.75
Cc1cc(-c2nc(-c3ccc(C#N)cc3)nc(-c3ccc(-c4ccc(C#N)cc4)cc3)n2)ccc1-c1ncc(-c2cccc(-c3nc(Cl)nc(Cl)n3)c2)nn1,26.97
N#Cc1ccc(-c2ccc(-c3nc(-c4ccc(-c5ccc(C#N)cn5)cc4)nc(-c4ncnc5[nH]cnc(=N)c45)n3)cc2)cc1,24.41
C[n+]1ccc(Nc2ccc(N=Cc3ccc(C=C[n+]4ccc(C=NO)cc4)cc3)cc2)c2cc(N)ccc21,26.54
Cc1nccn1CCCCOc1ccccc1,18.75
N#Cc1cncc(-c2ncc(C#Cc3ccc(-c4c[nH]c(-c5ccc(C=CCO)cc5)n4)cc3)cn2)c1,30.1
N=c1nc(SCC(=O)Nc2cccnc2)[nH][nH]1,22.48
CCOC(=O)c1nn(-c2ccc(F)cc2)cc1OCCCNc1ccccc1,34.38
N#Cc1cc(C(=O)c2cc3ccccc3o2)cn(-c2ccc(Cl)cc2)c1=O,23.45
Cc1nc(-c2ccc(C#N)cc2)sc1-c1nc(-c2ccc(-c3ccc(C#N)cn3)nc2)nc(-c2ccc(-c3ccc(C#N)s3)nc2)n1,21.8
Cn1nc(-c2ccc(C#N)cn2)nc1-c1ccc(-c2cccc(C#N)n2)cn1,12.84
Cn1c(=O)c(-c2ccccc2)nc2c(-c3ccccc3)nc(-c3ccc(C#N)cc3)nc21,25.21
Cc1onc(C(=O)N(C)C)c1-c1nc(-c2ccc(-c3ccc(C#N)cc3)cc2)nc(-c2cccc3ccc(C=NO)nc23)n1,41.78
Nc1ccc2c(=O)c3cc(N=Cc4ccccc4)c(O)cc(N)c4nc(ccc-3c(=O)c2c1)[nH]4,15.88
N#Cc1ccc(-c2cc(-c3ccc(-c4cccnc4)cc3)nc(-c3ccc(C#N)cc3)n2)cc1,12.76
COc1cc2[nH]cc(C#N)c(=Nc3cccc(Cl)c3Cl)c2cc1OC,18.34
N#Cc1ccc(NC(=O)c2ccccc2-c2ccc(CCC(=O)O)n2Cc2ccc(-c3ccc(C(F)(F)F)cc3)cc2)cc1Cl,31.91
CCc1nc(-c2ccc(-c3nccc(-c4cnc(-c5ccc(C#N)cc5)nc4C(C)C#N)n3)cc2F)no1,29.45
N#Cc1cccc(-c2c[nH]c3ncnc(N4CCCN(Cc5ccc(F)cc5)CC4)c23)c1,28.87
Cc1cc(-c2nc(C#Cc3ccc(C#N)nc3)n3cncnc(=N)c23)cc(C#N)c1O,25.72
Nc1ccc2c(c1)CCc1cc(Nc3ccnc(C4(N)CCCCC4)n3)ccc1C2=O,23.52
Cc1cc(-c2nc(-c3cncc(C#N)c3)nc(-c3cccc(C#N)n3)n2)sc1CN(C(=O)C(C)C)C(C)C,23.61
CN(C)C1CCN(CC(=O)Nc2c(Oc3ccc(C#N)cc3)nc(N)c3cc(C#N)ccc23)C1,29.32
N#Cc1ccc(Cn2ccc3c(-c4ccnc(C#N)c4)nc(C#N)nc32)cn1,23.71
O=c1cc(OCc2ccc(F)cc2F)ccn1-c1ccc(-c2ccnc(Br)n2)cc1Cl,30.4
CC(=NN=C(N)N)c1cccc(C=Nc2cc(Nc3ccc(-c4cc(C(=O)c5ccc(C)cc5)cc(-c5ccc(C=Nc6cc(O)c(N)cc6O)cc5)n4)cc3)c(N)cc2O)c1,29.69
COc1cccc(Cn2c(=NC(=O)c3ccccc3)[nH]c3cc(C(=O)N(CCC(=O)OCc4ccccc4)Cc4ccccc4)ccc32)c1,33.71
N#Cc1ccc(-c2ccc(-c3nn(-c4ccc(C#N)cc4)nc3-c3ccc(-c4ccnc(C#N)c4)cc3)cc2)cc1,20.78
COc1c(Nc2cc(Nc3ccc4c(c3)C(=O)c3ccc(N)cc3C4=O)nc(Nc3ccc4c(c3)C(=O)c3ccc(N)cc3C4=O)n2)ccc2c1CCCC2,16.62
COCCN(Cc1ccncc1)C(=NO)c1ccc(Oc2ccc(Cl)c(Cl)c2)nc1,27.05
c1ccc(Oc2ccc3cc[n+]4cc[nH]c4c3c2)cc1,34.94
N#Cc1ccc(-c2ccc(-c3nc(-c4cccs4)cc(-c4ccccc4C#N)n3)cn2)nc1,18.11
CN1CCCN(CCNC(=O)c2nc3ccc(C#N)cc3c3ccccc23)CC1,30.87
N#Cc1ccc(-c2nc(C#N)c(Nc3cccc(F)c3)o2)cc1,17.03
N#Cc1ccc(-c2ccc(-c3nc(-c4ccc(-c5ccc6c(c5)C(=O)NCC6)cc4F)no3)cn2)nc1,21.7
COCCCc1c2c(nc(Cc3ccccc3)c1C(=O)O)CN(Cc1nc(-c3ccccn3)ccc1C)CC2,37.36
Cc1cccc(Nc2oc(-c3ccc(C#Cc4nc(-c5ccccc5)ccc4C=NO)cc3)nc2C#N)c1C,34.43
COc1c(-c2ccc(C(=O)N=c3cc(C(F)(F)F)cc[nH]3)cc2)cnn2c(-c3ccc(-c4ccc(C#N)cc4)nc3)cnc12,33.2
COc1cc(F)cc(-c2cc(-c3cc(F)cc(C#N)c3)nc(-c3ccncc3)n2)c1,24.36
N#Cc1cccc(Cn2ccc(=NC3CCN(C(N)=O)CC3)cc2)c1,27.22
C=CCNC(=O)C(c1ccc(F)c(F)c1)N1C(=O)c2cccc(F)c2NC(=S)C1c1ccc(Cl)cc1,32.65
CC1CC(C)CN(c2nc(-c3ccc(-c4ccc(C#N)cc4)cc3)nc(-c3ccccn3)n2)C1,18.26
N#Cc1ccc(-c2ccc(-c3nc(-c4ccc(-c5ccc(F)c(C#N)c5)cc4)nc(-c4ccnc(-c5ccc(F)cc5)c4)n3)cc2)nc1,19.31
CN(C)CCON=C(c1ccc(C#N)cc1)c1nccc(-c2cncc(C#N)c2)n1,29.66
Cc1ccc(CNCc2ccc(-c3ccc(CN(C(=O)c4ccc(O)cc4O)c4ccc(C(=O)NCc5ccccn5)cc4)cc3)nc2)cc1,32.14
N#Cc1ccc(-c2nc(-c3ccc(-c4ccc(OC(F)(F)F)c(C#N)c4)cc3)nc(-c3ccc(-c4ccc(C#N)cn4)nc3)n2)cc1,12.53
N#Cc1ccc(-c2ccc(-c3nc(-c4ccc(-c5ccc(Cl)c(Cl)c5)cc4)nc(-c4nccc(-n5sccc5=O)n4)n3)cc2)nc1,24.22
N#Cc1ccc(-c2nc(NCc3ccc(Cl)cc3-c3ccc(C(=O)NCCC(=O)O)nc3)ccc2-c2ccccc2)cc1,21.2
COc1nc(-c2cccnc2)[nH]c(=NCCc2cccc(C#N)c2)n1,22.89
N#Cc1cnc(-c2ccc(-c3nnc(C4CC4)o3)cc2)c(-c2ccc(Br)cc2)c1,20.29
N#Cc1cccc(NC(=O)c2ccccc2Nc2ccc(-c3cncc(C#N)c3)cc2F)c1,24.9
N#Cc1ccc(-c2ccc(-c3ncnc(-c4ccc(-c5ccc(C#N)cc5)cc4)n3)cc2)cc1,9.07
Fc1ccc(-n2cc(-c3ccncc3)c(-c3cnnc4ccccc34)n2)cc1,25.21
Cc1cn2nc(C#N)cc2c(C#Cc2cccc(-c3cc4ccccc4s3)c2)n1,30.43
N#Cc1ccc(-c2cccc(-c3ccc(OCCCOc4ccc5ccc(C(=O)c6ccc(-c7ccc(C(=O)O)cn7)cc6)cc5c4)cc3)n2)cc1,38.59
N#Cc1cccc(-c2nnc3n2N=C(c2ccc(-c4ccccc4)cc2)CS3)c1,18.33
Cc1ccc(C#N)nc1-c1ccc(OCCCc2cc(=O)n(C)c(C=CC#N)n2)cc1,29.78
COc1cc(-c2ccc(-c3nc(-c4ccc(-c5ccc(C#N)cc5)cc4)nc(-c4ccc(-c5ccc(C#N)cn5)nc4)n3)cc2)ccc1C#N,13.9
CC1(C)OC(c2nc3ccc(Cl)cc3o2)=NC1(O)C(F)(F)F,37.84
Cc1ccc(Nc2cc(N=Cc3c(Cl)cccc3Cl)c(O)cc2N)cc1,13.98
CC(=O)Nc1cccc(N=c2cc(Nc3ccc4c(c3)C(=O)c3ccc(N)cc3C4=O)nc[nH]2)c1,19.36
Cn1c(-c2ccc(-c3ccc(C#N)cn3)nc2)csc1=NC(Cc1ccc(C#N)cc1)c1csc(=NC=O)cn1,40.22
CN1CCN(c2nc(-c3ccc(Cl)cc3)c(C=N[n+]3ccccc3Cl)c(-c3ccc(Cl)cc3)n2)CC1,26.63
COc1cc(C=CC#N)cc(C)c1Oc1c(N)[nH]c(C#N)nc1=NC(C)c1ccccc1,29.74
N#Cc1c(-c2ccccc2)nn(-c2nccc(-c3ccc(Cl)cc3Cl)n2)c1N,27.18
N#Cc1ccc2c(c1)ncn2-c1nc(-c2cccc(C#N)n2)nc(-c2cccc(C#N)n2)n1,14.57
Cc1cc(C#N)ccc1-c1nc(-c2ccc(C#N)cc2)nc(-c2cc(-c3ccncc3)nn2C)n1,23.89
N#Cc1ccc(-n2cc(-c3cc(C#N)cc(-c4ccnc(F)c4)c3)nn2)cc1,31.05
O=[N+]([O-])c1ccccc1C=NN1CCN(C2c3ccccc3-c3ccccc32)CC1,20.26
N#Cc1cncc(-c2ccc(-c3nncc(-c4cc(F)cc(F)c4)n3)cn2)n1,27.59
COc1ccc(S(=O)(=O)NN=C(C)c2ccc(-n3c(C)nc4ccccc4c3=O)s2)cc1,31.91
N#Cc1cccc(-c2nc(-c3cccc(C#N)n3)nc(N3CCc4scnc4C3)n2)n1,13.08
N#Cc1ccc(-c2ccnn2-c2ccc(S(=O)(=O)c3cccc(C#N)c3)cc2C#N)cc1,30.24
N#Cc1cc(Cc2sc(=Nc3ccc(S(N)(=O)=O)cc3)[nH]c2O)c2ccccc2c1,25.29
N#Cc1ccc(-c2nc(-c3ccc(-c4cccc(C#N)c4)cc3)nc(-c3ccc(C#N)c(C(F)(F)F)c3)n2)cc1,14.73
Clc1nc(=Nc2ccc(Oc3ccccc3)cc2)[nH]c(=Nc2ccc3c(c2)OCCO3)[nH]1,25.78
Cn1nc(CCc2ccc(C(F)(F)F)cc2)nc1-c1ccc(-c2nc(-c3ccc(-c4ccc(C#N)cn4)nc3)nc(-c3ccc(-c4ccc(C#N)cn4)nc3)n2)cc1,17.36
CN(C)c1ccc(C(C#N)=Cc2ccc(S(N)(=O)=O)o2)cc1,24.54
COc1ccc(-c2csc(-c3ccc(Nc4cc(N=Cc5ccc(OCc6ccc(C)cc6)cc5)c(O)cc4N)cc3)n2)cc1,23.68
CCOC(=O)CSc1nnc(CNC(=O)c2ccccc2F)n1C,21.53
COCOc1cc(O)c(C(=O)NCc2ccc(C(F)(F)F)cc2)cc1CC=C(C)C,33.9
Cc1nn(-c2ccc3ccccc3c2)cc1C=NNC(=O)c1ccncc1,27.48
N#Cc1ccc(-c2cn3c(C=NN=C(N)N)c(-c4ccccn4)cc(C#N)c3n2)cc1,25.75
O=C(Nc1ccc(F)cc1)N1CCC(c2nc(-c3ccccn3)c(Sc3ccc(Cl)cc3)o2)CC1,26.35
O=c1[nH]c(=O)n(-c2ccc(F)c(Cl)c2)c(O)c1C=NC1CCS(=O)(=O)C1,23.53
N#Cc1ccc(-c2nc(-c3ccc(C#N)cc3)nc(-c3ccc(OCC4CC4)cc3)n2)cc1,17.88
CC(=O)c1c(-c2ccc(-c3ccc(C#N)cc3)cc2)nc(-c2ccc(C#N)cc2)c(C(=O)N2CCc3nn(Cc4ccccc4)cc3C2)c1C,33.39
CCOc1ccc(N=Cc2cccnc2Cl)cc1,23.2
CC(C)n1cc(C(=O)c2cncc(NC(=O)Cc3ccc(C#N)cn3)c2)c2c[nH]c(=N)nc21,22.8
Nc1ccc2c(c1)C(=O)c1ccc(NC(=O)Cc3ccc(F)c(F)c3)cc1C2=O,16.37
O=C(C=Cc1ccccc1)NN=Cc1cccc(F)c1,22.58
Cc1nn(C)c(N(C)C)c1CNCc1ccon1,24.25
N#Cc1ccc(-c2ccc(-c3cccc(C#N)c3)c(-c3cccc(C#N)n3)n2)nc1,18.73
N#Cc1ccc(-c2ccc(-c3cc(-c4ccccc4)nc(-c4ccc(-c5ccc(C#N)cn5)cc4)n3)cc2)nc1,15.15
C(=Nc1ccccc1)N1CCN(c2ccccn2)CC1,14.47
C#Cc1cccn1-c1cccc(-c2nc(-c3cccc(C#N)n3)nc(N3CCOCC3)n2)n1,22.49
N#Cc1ccn(-c2cc3c(cc2F)nc(CC(F)(F)F)n3Cc2ccc(Cl)cc2)n1,24.68
N#Cc1cncc(-c2nc(C#N)nc(N3CCOCC3)n2)c1,8.01
COc1nc(-c2ccc(S(=O)(=O)Nc3ccccc3)cc2)c(C#N)cc1-c1ccc(C#N)cn1,26.03
N#Cc1ccc(-c2ccc(-c3cc(-c4ccc(C#N)cc4)nc(-c4ccc(CN5CCC(N6CCN(c7ncccn7)CC6)CC5)cc4)n3)cc2)cc1,26.25
Cc1cc(C)n(CCOc2ccc(CCCc3ccc4c(n3)N(CCCC(=O)O)CCC4)cc2)c(=O)c1,29.72
N#CC=Cc1ccc2nnc(-c3ccc(C#N)cc3)n2c1,19.09
CCc1ccc(S(=O)(=O)Nc2ccc(C(=O)O)c3c2CC(NC(=O)c2ccc(F)cc2F)CO3)cc1,41.34
N#Cc1ccc(-c2ccc(C(=O)N=c3cc(C(F)(F)F)cc[nH]3)cc2O)nc1,21.63
Cc1nc(-c2ccc(-c3nc(-c4ccc(C#N)cc4)nc(-c4ccc(-c5ccc(Cl)c(C#N)c5)s4)n3)nc2)no1,27.64
CN(C)CCNC(=O)c1ccc(N)c2c1C(=O)c1ccccc1C2=O,20.53
N#Cc1ccc(-c2nc(-c3ccc(-c4ccc(F)c(C#N)c4)nc3)cc(=O)n2C2CC2)cc1,21.33
COc1ccc(Oc2ccc(-c3nc(-c4ccc(-c5nc(Cl)nc(Cl)n5)cc4)nc(-c4ccc(-c5ccc(C#N)cn5)nc4)n3)cn2)nc1,22.09
N#Cc1cccc(-c2ccc(CNCc3ccc(-c4ccc(-c5ccnc(Cl)n5)cc4)c(C#N)c3)cc2)c1,24.63
N#Cc1ccc(-c2cnc(-c3ccccn3)s2)c(-c2ccc(-c3cccc(OCc4ccc(F)cn4)c3)cc2)n1,32.83
N#CC=Cc1ccnc(-c2c3c(c(C#N)c4ccccc24)C(=O)c2ccccc2C3=O)n1,16.19
N#Cc1ccc(-c2ccc(-c3nnc(-c4cccc(C#N)c4)nc3-c3ccc(-c4ccc(C#N)cn4)nc3)cc2)nc1,18.11
N#CC=Cc1cc(-c2cncc(C#N)c2)nc(-c2cncc(C#N)c2)n1,13.03
O=C(NCCc1ccccc1)NCC1CCCO1,21.56
CC(C)c1cc(-c2ccc(C#N)cc2)c(-c2ccsc2)n1C=CC(O)CC(O)CC(=O)O,27.64
CCCc1ccc(=O)n(Cc2ccc(-c3ccccc3-c3nc(=O)o[nH]3)cc2)c1CC,23.99
N#Cc1ccc(C=Cc2ccc(-c3ccc(-c4ccc(-c5ccc(-c6nc(Cl)nc(Cl)n6)cc5)cc4)cn3)cn2)nc1,25.22
N#Cc1cccc(-c2ccc(C=Nc3nc(-c4ccc(F)cc4F)c(-c4ccc(Br)cc4)o3)o2)n1,35.53
CN=c1cc(Nc2ccc3c(c2)C(=O)c2ccccc2C3=O)[nH]c(-n2cc(C)nc2C)n1,29.42
CC(=O)Nc1ccc2c(=O)n(C)c3ccc([N+](=O)[O-])cc3c2c1,28.88
CS(=O)(=O)c1nccc(-c2ccc(-c3nc(-c4ccc(C#N)cn4)no3)cn2)n1,24.76
N#Cc1ccc(-c2ccc(-c3nc(-c4ccc(-c5ccc(F)c(C#N)c5)cc4)nc(-c4ccc(-c5ccc(C#N)c(C(F)(F)F)c5)nc4)n3)cn2)nc1,18.86
CNC(=O)C(=O)CCCCCCC(=O)Nc1ccc(-c2ccccc2)c(-c2cccc(F)c2)c1,34.33
CC(C)c1cc2cc(-c3cncc(C#N)c3)cnc2c(-c2nc(C#N)n[nH]2)n1,39.73
CC(C)(C#N)c1cncc(-c2cc(C=C3C(=O)Nc4ccc(F)cc43)cc(-c3ccc(C#N)cc3)c2)c1,26.06
N#Cc1ccnc(CC(N)CO)c1,24.4
Cn1cccc(C#N)c1=N,17.19
N#Cc1ccc2[nH]c(=NC3CN(c4ncc5ccc(-c6cncnc6)nc5n4)CC3NC(N)=O)[nH]c2c1,40.91
CCN(CC)CCNc1ccnc(N=c2cc(-c3cc(-c4ccc(C#N)cc4)ncc3OC)[nH]c(C)n2)c1,36.14
CC1COCCN1c1nc(N2CCOCC2)nc2cc(-c3nc(-c4ccc(C#N)cc4)nc(-c4ccc(-c5ccc(C#N)cn5)nc4)n3)ccc12,20.05
Cc1cc(O)cc2c(-c3ccc(CCl)cc3)nc3ccc(C(=O)c4ccccc4O)cc3c12,47.09
Nc1ccc2c(c1)C(=O)c1ccc(Nc3nc4ccc(NC(=O)CN5CCCC5)cc4s3)cc1C2=O,21.67
O=C(Nc1ccc(Br)cc1)c1ccc2n(c1=O)CCN2Cc1ccc(-c2ccccc2-c2nc(=O)o[nH]2)cc1,29.72
Cc1cc(C(=O)O)nn1Cc1cc(=O)n2ccccc2n1,21.28
N#CC=Cc1ccc(Cc2nc(-c3ccc(C#N)cc3)cs2)c(-c2ccc(-c3ccc(C#N)cc3)cc2)n1,27.19
COc1nc(OCCc2nccc(C=C(C#N)C#N)n2)cc(-c2ccc(Oc3ncccc3C(C)(C)C)c(C#N)c2)n1,42.61
Cc1ccc(CN2CCC(c3cccc(C(=O)NC(C)c4ccccc4)n3)CC2)c2cccnc12,42.14
N#CC(C#N)=c1ccc(=C(C#N)c2ccc(C#N)c(C#N)c2)cc1,14.9
Cc1cc(=NCc2cc(N3CCN(c4cc(Cl)cc(Cl)c4)CC3)nc(=N)[nH]2)cc(C#N)[nH]1,45.66
Cc1nc(-c2ccc(-c3cccc(C#N)n3)cc2)sc1-c1ccc(C#N)cn1,16.01
CNC(=S)N(c1cccc(C)c1)n1c(COc2ccc(Cl)c(Cl)c2)nc2ccccc2c1=O,35.73
N#Cc1ccc(Cn2c(=O)n(-c3ccc(OC(F)(F)F)cc3)c(=O)c3cccnc32)c(F)c1F,26.83
O=C(COc1ccccc1[N+](=O)[O-])NC(Cc1ccccc1)C(=O)NCc1ccccc1,28.74
N#Cc1cnc(Cl)nc1-c1ccc(-c2ccc(-c3cccnc3)cn2)cc1,16.67
COc1cc(N)c(Cl)cc1C(=O)NC1CCC(c2ccccc2)CN(Cc2ccccc2)C1,30.49
N#Cc1ccc(-c2ncc(CN3CCN(c4ccc(F)c(F)c4)CC3)c(-c3ccc(C#N)cc3)n2)cc1,23.4
Cc1cccc(-c2nc(CN3CCN(c4ccccn4)CC3)co2)c1,18.66
COC(=O)c1ccc(CN2C(=O)SC(=Cc3ccc(C#N)cc3)C2=O)cc1,18.42
Cc1cc2n[nH]c(-c3ccc(C#N)cc3)c2cc1-c1c[nH]c(=NCCc2ccccn2)o1,32.87
Cc1cc(C)[nH]c(=NC(=S)N2CCN(c3nc(-c4ccc(Br)cc4)nc4ccccc34)CC2)c1,24.96
Cc1cc(=NC(=O)c2ccc(N=c3nc[nH]cn3)cc2)[nH]c(-c2ccc(OC3CCOCC3)c(C#N)c2)n1,18.99
N#Cc1cc(-n2cc(-c3ccc(-c4nc(Cl)nc(Cl)n4)cc3)cn2)cc(-c2cc(C(F)(F)F)cc(C(F)(F)F)c2)n1,26.38
CCn1nc(-c2ccc3cc(OC)ccc3c2)oc1=S,22.31
COc1cc(C(=O)C=Cc2cccc3ccccc23)cc(OC)c1OC,19.91
Cc1ccc(S(=O)(=O)C=Cc2ccccc2)cc1,14.2
Cc1nc(-c2cnn(C(c3ccc(C#N)cc3)c3ccc(C#N)cc3)n2)nc2c(C3CCC3)cc(-c3cnc(N4CCCC4)nc3N3CCOCC3)cc12,44.98
Cc1cc(C)c2c(n1)SCC(=O)N2CC(=O)NCc1cccnc1,21.27
CN(C)CCCn1cc(C=O)c2ccccc21,18.26
N#Cc1ccc(C(=O)c2c[nH]c3nc(=N)[nH]c([S+]([O-])Cc4c(F)c(F)c(F)c(F)c4F)c23)cc1,38.42
N#Cc1ccc(N=Cc2cc(C(=O)O)nc(C(=O)Nc3ccc(C#N)cc3)c2O)cc1,26.95
N#Cc1ccc(-c2ccc(-c3nc(-c4cccnc4)nc(-c4c[nH]c5c(C#N)cccc45)n3)cc2)cc1,16.68
N#Cc1ccc2c(c1)c(-c1nc(-c3ccc4ccc5ccccc5c4n3)nc(-c3cccc4cccnc34)n1)cn2C#N,33.06
N#Cc1ccccc1-c1ccc(-c2sc3nc[nH]c(=N)c3c2-c2ccccc2)cc1,25.68
CS(=O)(=O)c1ccc(-c2nc(-c3ccc(C#N)nc3)cc(-c3ccc(C#N)cn3)n2)cc1,14.08
N#Cc1ccc(-c2ccc(-c3nc(C#N)c(-c4ccnc(C#N)c4)nc3C(=O)O)cc2)cc1,25.15
N#Cc1ccc(-c2ccc(-c3nc(-c4ccc(-c5ccc(C#N)nc5)cc4)nc(-c4ccc(-c5ccc(C#N)cn5)nc4)n3)cc2)cc1,12.4
COC(=O)c1cc(-c2nc(-c3ccc(-c4ccc(C#N)cn4)cc3)nc(-c3ccc(-c4ccc(C#N)cn4)cc3)n2)cc(-c2cc(C#N)ccc2O)c1OC,34.45
COc1ccc(-n2nc(-c3ccc(C#N)cc3)nc(C(=O)NCc3ccc(-c4ccc(C#N)cc4)cc3)c2=N)cc1,22.29
CN(C)C(=NS(=O)(=O)c1ccccc1)Nc1ccc(Cl)c(Cl)c1,27.38
O=C1OC(Cn2ccnn2)CN1c1ccc(N2CCN(Cc3cccnc3)CC2)c(F)c1,23.7
N#Cc1ccc(-c2nc(-c3cncc(C#N)c3)nc(-c3cncc(C#N)c3)n2)cc1,9.28
N#Cc1ccc(-c2nc3ccccc3n2C(=O)c2ccc(Cl)cc2)cc1,17.13
N#Cc1ccc(C=Cc2cc(-c3ccc(-c4cccc(C#N)c4)cc3)nc3ccc(C(F)(F)F)cc23)cc1,22.06
N#Cc1c(F)ccc(C=O)c1F,14.99
Cc1nc(N2CCN(C)CC2)nc2ccc(NC(=O)CCc3ccccc3)cc12,18.85
N#Cc1ccc(-c2ccnc3nc(N4CCNCC4)nc(N4CCOCC4)c23)cc1,20.67
N#Cc1ccc(-c2ccc(-c3nc(-c4ccc(-c5ccc(C#N)nc5)cc4)nc(-c4nn(-c5ccc(F)cc5F)cc4O)n3)cc2)cc1,24.47
N#Cc1cncc(-c2cn(-c3ccc(C#N)c(C#N)c3)c(=O)c3cc(C(N)=O)ccc23)c1,28.39
N#Cc1ccc(NC(=O)N2CCN(c3nc(-c4ccc(-c5ccc(C#N)cc5)cc4)nc4ccccc34)CC2)cc1,19.09
Cc1c(C(=O)NC(C)c2ccc(OC3CCN(c4ccc(C#N)cn4)C3)cc2)c[nH]c1O,24.32
N#Cc1ccc(-c2ccc(-c3nc(-c4ccc(-c5cccc(C#N)c5)cc4)nc(-c4ccc(-c5ccc(C#N)cn5)nc4)n3)nc2)nc1,10.08
COc1ccc(-c2cn[nH]c(=NN=Cc3cc(OC)ccc3OC)n2)cc1,20.61
N#Cc1c(F)c(F)c(-c2nc(-c3ccc(Cl)cc3)nc(-c3cc(C(=O)NCCN4CCCC4)c(Cl)cc3Cl)n2)c(F)c1F,27.19
Nc1cc(O)c(N=Cc2ccccc2)c(C(=O)c2ccccc2)c1Nc1ccc(N=C=S)cc1,17.33
CN(C)c1nc(Cl)nc(-c2ccc(-c3ccc(-c4cc(-[n+]5ccc(-c6ccncc6)cc5)nc(-[n+]5ccc(-c6ccncc6)cc5)n4)cc3)cc2)n1,17.28
CCOC(=O)Cn1c(-c2ccc(NC(=O)c3ccccc3F)cc2)nc2ccc(C#N)cc21,32.54
Nc1cc(=O)[nH]c(Sc2nc3ccccc3s2)n1,22.22
Cc1ccc(-c2nc(-c3ccc(NC(=O)c4ccc(Cl)s4)cc3)nc(-c3ccc(-c4ccc(C#N)cn4)nc3)n2)cc1,19.54
N#CCCNC(=O)c1cc(=NC(=O)c2cc(-c3ccc(F)cn3)c(F)cc2Cl)n(-c2ccccc2)[nH]1,23.33
N#Cc1ccc(-c2ccc(C(=O)Nc3ccc4nc(-c5cccnc5)nn4c3)cc2)cn1,28.0
CN(Cc1cccc(C#N)n1)c1ccc2cccc(C(=O)Nc3cccnc3)c2n1,29.29
Cc1cc(C#N)cc(Cl)c1-c1ccc(CCNC(=O)Nc2c(C(C)C)cccc2C(C)C)cc1,33.28
N#Cc1cncc(-c2cc(N3CCC(C#N)(CO)CC3)ncn2)c1,18.3
CC(CC#N)NC(=O)c1cccc2c(N3CC4CC3CN4C)nc(-c3csc(-c4cccc(C#N)c4)n3)nc12,38.18
N#Cc1c(F)cc(F)c(C#N)c1F,11.6
CSc1cc(-[n+]2ccc(-c3ccncc3)cc2)nc(-[n+]2ccc(-c3ccncc3)cc2)n1,10.81
CCOC(=O)C1=C(C)N=c2sc(=Cc3cccc(OC)c3)c(=O)n2C1c1ccc(-n2cncn2)cc1,26.66
Cc1ccc(C#N)cc1-c1cc(-c2ccsc2)nc(-c2ccc(-c3ccc(C#N)cn3)nc2)n1,24.85
CC(=O)C1CCC2C3CCC4=CC(=NOC(=O)c5ccc(Oc6ccc(C#N)cc6)cc5)CCC4(C)C3CCC12C,33.11
CN1C(=O)c2cc(Cl)ccc2Sc2ccccc21,21.54
Cc1ccc(C)c(CN2CCC(CNC(=O)Cn3ccc4ccccc4c3=O)CC2)c1,28.9
N#Cc1ccc(-c2ccc(-c3nc(-c4ccc(C#N)nc4)nc(N4CCOCC4)n3)cc2)cc1,12.97
c1ccc2c(CCN=c3[nH]cnc4[nH]cnc34)cccc2c1,21.06
Cc1cc(C)c(NS(=O)(=O)c2ccc(-c3ccc(C)nn3)cc2)c(C)c1,28.43
Nc1ccc2c(c1)C(=O)c1ccc(Nc3ccc([N+](=O)[O-])c(N)n3)cc1C2=O,13.13
CCOc1ccc(CNC(=O)Cn2cc(S(=O)(=O)Cc3ccccc3)c3ccccc32)cc1,27.15
COc1ccc(OC)c(NC(=O)c2nc(S(=O)(=O)Cc3ccc(C#N)cc3)ncc2Cl)c1,24.43
Nc1ccc(Nc2cc(Nc3ccc4c(c3)C(=O)c3ccc(N)cc3C4=O)nc(Nc3ccc4c(c3)C(=O)c3ccc(N)cc3C4=O)n2)cc1,9.79
N#Cc1c[nH]c2cc(-c3csc(CN4CCN(CCO)CC4)c3)ccc2c1=Nc1ccc(F)c(Cl)c1,21.99
Cc1cc(-c2ccc(F)cc2)[nH]c(=NC2CCN(c3cccc(C#N)n3)CC2)n1,27.15
N#Cc1ccc(-c2cc(-c3ccc(F)c(-c4ccc(-c5nc(Cl)nc(Cl)n5)cn4)c3)cc(-c3nc(Cc4cccc(C(F)(F)F)c4)nc(-c4ccc(C#N)cc4)n3)c2)cc1,28.95
COc1cc2c(cc1OCCCF)N=CC1CCCN1C2=O,22.34
FC(F)(F)Oc1cccc(-c2ccc(-c3noc(-c4ccc(-c5nc(C(F)(F)F)no5)cc4)n3)cc2)c1,26.11
N#Cc1cccc(-c2ccc(-c3nccn3-c3ccccc3F)cc2)n1,24.19
N#Cc1ccc(-c2nc(-c3ccc(-c4ccc(C#N)cn4)cc3)nn(-c3ccccn3)c2=O)cc1,17.21
N#Cc1ccc(-c2ccc(C3=NN(C(=O)CN4CCC(C(N)=O)C4)C(c4ccccc4)C3)cc2F)cc1,34.29
NCC(=O)NCCOc1ccc2c(=Nc3ccc(Cl)cc3F)[nH]cnc2c1,23.14
N#Cc1ccc(-c2nc(-c3ccc(-c4ccc(C#N)cn4)nc3)nc(-c3ccc(F)c(F)c3)n2)cc1,12.96
N#Cc1cc(F)c(-n2c(=O)ccc3cc(-n4ncc5cnccc54)ccc32)cc1C#N,28.65
N#Cc1ccc(-c2ccc(-c3cn(-c4nc5ccccc5cc4C#N)nc3C#N)cn2)cc1,23.98
Cc1nccnc1CNC(=O)C=Cc1ccc(-c2cncc(C#N)c2)nc1,33.01
Cn1cc(C#N)c2cc(C#CCNC(=O)c3cncn(Cc4ccc(F)c(F)c4)c3=O)ccc21,19.0
C=CCSc1nnc2c3ccccc3n(CC)c2n1,22.33
Cc1nccc(-c2nc(NC(=O)c3cc(CC(O)CNCc4ccc5c(cnn5-c5ccc(C#N)cc5)c4)ncc3Cl)cs2)n1,58.85
CC(=O)c1c(O)oc(=O)c(C(C)=Nc2c(F)ccc(F)c2F)c1O,20.5
N#Cc1ccc(-c2ccc(-c3nc(N=c4[nH]c5ccc(Cl)cc5s4)nc(-c4ccc(-c5cccc(C(F)(F)F)c5)cc4)n3)cc2)nc1,23.45
Cc1ncc(C#Cc2cc(=N)c3cc(-c4cncc(C#N)c4)ccc3[nH]2)cn1,27.83
Cc1nc(Cl)nc(-c2ccc(-n3cccc3)cc2)n1,22.64
Cc1cc(O)ccc1Cl,15.5
CCCN(Cc1ccc2c(c1)c(=O)oc(=O)c1ccccc12)C(=O)c1ccc(N(C(=O)C(=O)O)c2ccccc2)cc1,34.7
N#Cc1c2ccccc2c(-c2nc(-c3ccc4ccccc4c3)nc(-c3c4ccccc4c(C#N)c4ccccc34)n2)c2ccccc12,11.36
CC(=O)N=c1cc(-c2ccc(Oc3ccccc3)cc2)[nH]c(-n2cccn2)n1,24.64
N#Cc1ccc(C(F)(Cc2ccccc2)C(=O)Nc2ccc(C#N)c(Cl)c2)cc1,25.45
C(=C1CCCC2CCc3ccccc3N=C12)c1ccccc1,24.62
N#Cc1ccc(-c2ccc(-c3nn(-c4ccccc4)cc3C(=O)N3CCN(Cc4ccc(C(=N)N5CCCC5)cc4)CC3)cc2)cc1,33.1
COC(=O)c1cc2cc(-c3cccnc3)[nH]c2c(-c2nc3c(CO)cccc3[nH]2)n1,32.2
N#Cc1ccc(-c2ccc(-c3cn4ccc(Cl)cc4n3)cc2)cc1,20.86
N#Cc1ccc(-c2nc(-c3ccc(-c4ccc(F)c(C#N)c4)nc3)nc(N3CCOCC3)n2)cc1,10.92
N#Cc1cncc(-c2nc(-c3ccnc(C#N)c3)cc(N3CCOCC3)n2)c1,21.33
N#Cc1ccc(-c2ccc(-c3nc(-c4ccc(C=CCN5CCCC5)cc4)nc(-c4c5ccccc5c(C#N)c5ccccc45)n3)cc2)nc1,22.8
Cc1cc(=NC(=O)c2ccc(C#N)cc2)[nH]n1Cc1ccccc1OCc1nc(C#N)cs1,33.92
N#Cc1ccc(-c2cc3c(cc2F)c(=O)c2c(=O)[nH]sc2n3C2CC2)nc1,13.24
N#Cc1ccc(-c2ccc(-c3nc(-c4ccc(-c5ccc(C#N)cn5)nc4)nc(-c4ccccn4)n3)cc2)nc1,12.14
COc1ccccc1NS(=O)(=O)c1ccc(C(C)=O)cc1,25.79
O=c1nc(-c2ccccc2-c2ccc(Cn3cnn(-c4ccccc4)c3=O)cc2)[nH]o1,24.03
N#Cc1ccc(-c2cc(-c3ccc(C#N)cc3)c(-c3ccc(C#N)cc3)cn2)cc1,16.64
CCOc1ccc(C#N)cc1-c1ccc(-c2nc(C#N)nc3[nH]c(C4=CCN(C(=O)N=C(N)N)CC4)cc23)c(F)c1,33.02
Cc1cc(=O)oc2cc(OCC(=O)NN=Cc3ccncc3)ccc12,20.69
N#Cc1ccc(-c2ccc(COc3ccc4ccccc4n3)cn2)cc1,19.77
CCc1cc(=Nc2ncc(-c3ccc(-c4cncc(C(=O)NC5(c6ccccc6)CCC(=O)N5)c4)cn3)s2)[nH]c(=NC)[nH]1,54.93
N#Cc1cccc(-c2ccc(-c3cc(C(F)(F)F)n4nc(-c5ccccc5)cc4n3)cc2)c1,21.51
N#Cc1ccc(-c2ccc(-c3cc(=NC(O)c4c[nH]c(O)c4)[nH]n3-c3ccccc3)cc2)cc1,21.95
Nc1cc(=O)nc(SCC(=O)N2CCN(c3ccccc3)CC2)n1-c1ccccc1,20.26
CCc1ccc(-c2cccc(C(=O)N3CCOC3=O)n2)cc1NC(=O)c1ccc2c(cnn2-c2ccc(F)cc2)c1,37.45
O=C(Cc1cccc2ccccc12)Nc1cc(C(=O)c2cc(F)ccc2O)c[nH]c1=O,29.74
COc1ccc2c(c1)C1=CCN(Cc3ccc(-c4cccc(C#N)c4)cc3)C(C)C1(Cc1ccc(-c3ccc4c(c3)OCO4)cc1)C2,40.7
N#Cc1ccc(-c2ccc(-c3nc(-c4ccc(-c5cccc(C#N)n5)cc4)nc(-c4ccccc4C#N)n3)cc2)cc1,14.54
N=c1[nH]c(=O)c2cccc(NC(=O)CCCC(=O)Nc3ccc(N)cc3O)c2[nH]1,39.41
Cc1ccc(NC(=O)c2cccc(-c3nc(-c4cccc(C#N)n4)cc(N4CCOCC4)n3)n2)cc1CN1CCN(C)CC1,20.08
COc1ccc2c(c1)[nH]c1c2c2c(c3ccn(C)c31)C(=O)NC2=O,25.06
Cc1cc(C)n2cc(N=Cc3c(Cl)cccc3Cl)c(C#N)c2n1,25.4
CC=Cc1ccc2c(O)c3c(c(Cl)c2c1)C(=O)c1c(O)cccc1C3=O,33.02
C=CCn1c(SCC)nc2ccccc2c1=O,18.29
N#Cc1cc(N=CCC=Nc2ccc3c(c2)C(=O)c2ccc(N)cc2C3=O)nc(-c2ccccc2)c1O,24.88
Oc1ccc(C=Nc2ccc(O)c(O)c2)cc1,17.58
CC(=O)n1nc(-c2cnc(C3CCC3)c(NC(=O)c3nc(C#N)c[nH]3)c2)c2cc(C#N)ccc21,28.18
N#Cc1ccc(-c2ccc(-c3nc(-c4ccc(C#CCO)cc4)nc(-c4ccc(-c5ccc(C#N)cn5)cc4)n3)cc2)nc1,18.39
COc1nc(OC)c(N=c2[nH]c(=NCCO)[nH]cc2C#N)cc1C#N,26.79
N#Cc1ccc(C(=O)C=CC=Cc2cccnc2)cc1,17.36
Cn1cc(-c2ccc(-c3ccc4c(c3)Nc3cc(C#CCNC(=O)Cc5cscn5)cnc3NC4=O)cc2)cn1,40.53
Nc1ccc2c(c1)C(=O)c1ccc(Nc3nc(Nc4ccc5c(c4)C(=O)c4ccc(N)cc4C5=O)nc(Nc4ccc5ncsc5c4)n3)cc1C2=O,13.15
N#Cc1c(C(=O)NN2CCCCC2)nn(-c2ccc(Cl)cc2Cl)c1-c1ccc(Cl)cc1,15.12
Cc1cc(N(CC#N)C(=O)c2ccccc2C(F)(F)F)nc(-c2ccc(-c3ccc(C#N)nc3)cc2)n1,31.91
Cc1cc(-c2ccc(C#N)cc2)nc2c1c(C#N)nn2-c1ccc(C#N)cc1,22.55
N#Cc1ccc(-c2ncc(C#N)cc2-c2ccc(C#N)nc2)cc1,12.47
N#Cc1ccc(Cc2ccc(-c3ccc(C#N)cc3)nc2)cc1,16.13
O=C(NCc1ccc(F)cc1)c1cnc2c(=O)nc(-c3ccccc3)[nH]c2n1,31.81
O=CC(CC(=O)O)NC(=O)CN1CCCCC(N2C(=O)c3ccccc3C2=O)C1=O,26.83
CCOC(=O)c1cc2c(cc1Cl)c(=O)c1ccccc1c(=O)n2Cc1ccc(-c2ccccc2-c2nn[nH]n2)cc1,31.51
N#Cc1ccc(-c2nc(-c3ccc(C#N)nc3)nc(-c3cncc(C#N)c3)n2)nc1,12.08
N#Cc1ccc(-c2ccc(-c3nc(-c4ccc(-c5ncc[nH]5)cc4)nc(-c4cccc(C#N)n4)n3)cn2)nc1,18.69
COc1cc(F)cc(-c2nc(-c3ccc(-c4ccc(C#N)cc4)cc3)nc(-c3ccc(-c4ccc(C#N)c(F)c4)nc3)n2)c1,27.29
N#Cc1ccc(-c2ccc(-c3cc4c(cnn4CC4CCC(C#N)CC4)c(C#N)n3)cn2)nc1,15.81
N#Cc1cncc(N=c2nc(-c3ccccn3)cc[nH]2)c1,13.76
N#Cc1ccc(-c2cnc3nc(-c4ccc(C(=O)NCc5ccccn5)cc4)nc(N4CCOCC4)c3n2)nc1,28.26
O=[N+]([O-])c1ccc(COc2ccc(CSc3cc(-[n+]4ccc(-c5ccncc5)cc4)nc(-[n+]4ccc(-c5ccncc5)cc4)n3)cc2)cc1,27.01
C=Cc1cc(C=CC#N)nc(C=CC#N)n1,8.49
N#Cc1cc(-c2ccc(-c3ccc(-c4nc(Cl)nc(Cl)n4)nc3)nn2)ccc1OCc1cccc(C(N)=O)c1,19.07
N#Cc1ccc(-c2ccc(C(=O)Nc3ccc(-c4cc(C(N)=O)nc(-c5ccc(-c6nc(Cl)nc(Cl)n6)cc5)c4)cc3)cc2)cc1,20.8
N#Cc1ccc(-c2ccc(-c3nc(C(N)=NN=C(N)N)nc(-c4ccc(-c5ccc(C#N)cc5)cc4)n3)cc2)cc1,17.16
N#Cc1ccc2[nH]c(-c3ccccc3)cc2c1,17.05
COc1ccc2c(C#N)c(-c3ccc(S(=O)(=O)NC(C)C(F)(F)F)cn3)n(-c3cnccn3)c2c1,31.46
N#Cc1ccn(C2C=CC(CO)O2)c1,16.71
N#Cc1ccc(-c2ccc(-c3nc(-c4ccncc4)nc(N4CCN(c5cccc(-c6ccccc6)c5)CC4)n3)cc2)nc1,23.78
CN(C)c1cccc(CN=c2nc3c(=Cc4[nH]c(=O)[nH]c4O)cnn3c(=NC3CC3)[nH]2)c1,21.72
Cc1noc(-c2cccc(C#N)c2)c1-c1cccc(-c2ccc(C#N)cc2)c1,25.58
N#Cc1cccc(-c2nc(-c3cccc(C#N)n3)nc(N3CCC(F)C3)n2)n1,8.97
Nc1ccc2c(c1)C(=O)c1ccc(Nc3nc(Nc4ccc5c(c4)C(=O)c4ccc(N)cc4C5=O)nc(Nc4ccc5c(c4)C(=O)c4ccc(N)cc4C5=O)n3)cc1C2=O,9.51
Cc1cc(N2CCN(Cc3ncccc3-c3ccc(-c4ccc(C#N)o4)c(F)c3)CC2C)ccc1C#N,38.95
N#Cc1cc(-c2ccc(C(F)(F)F)cc2)nc(C#N)n1,20.26
CCc1cc2c(=O)n(Cc3cc(=O)n4ccccc4n3)cnc2s1,29.32
CN(c1ccc(Cl)c(Cl)c1)c1nc(-c2cncc(C#N)c2)nc(-c2cccc(C#N)n2)n1,19.14
N#Cc1ccc(N=c2nc(-c3ccc(-c4sc(C#N)c(O)c4C#N)nc3)c(Cl)c[nH]2)cc1,34.84
N#Cc1cncc(-c2cc(-c3ccc4cc(C#N)ccc4c3)n(Cc3cccc(C(F)(F)F)c3Cl)n2)c1,31.55
CCN1C(=O)c2ccccc2Sc2ccc(NC(=O)NCc3ccccc3)cc21,19.1
N#Cc1ccc(C#Cc2ccnc(-c3ccc(C#N)c(C(F)(F)F)c3)c2)cc1,19.79
Clc1ccc(C=Cc2ccc(Cl)cc2)cc1,18.17
CSc1nn2cc(-c3nc4ccc(Cl)cc4o3)nc2s1,21.38
NC(=O)c1cc(-[n+]2ccc(-c3ccncc3)cc2)nc(-[n+]2ccc(-c3ccncc3)cc2)n1,12.79
O=C(NN=Cc1ccc([N+](=O)[O-])cc1)c1ccccc1-n1cccc1,18.02
COc1cc2cc(CO)cc(-c3ccc4c(c3)OCO4)c2c(OC)c1OC,25.89
Cc1cc(-c2ccc(C(=O)N3C4CCC3CN(c3ncc(C#N)cn3)C4)cc2)cc(-c2ccccn2)n1,27.82
NCc1cccc(-c2cccc(NC(=O)c3ccc(-c4cc(Cl)ccc4Cl)s3)c2)c1,28.62
N#Cc1cc2ccc(N3CCOCC3)cc2c2nc3ccccc3nc12,30.45
Clc1nc(Cl)c(Cl)c(Cl)n1,10.03
N#CCc1ccc(Nc2cc(N=Cc3cccc4ccccc34)c(O)cc2N)cc1,19.99
N#Cc1cnc2ccc(-c3cc(-c4ccc(-c5[nH]c6cc(Cl)c(Cl)cc6c5C#N)c(C5CC5)n4)nc4cc[nH]c34)cc2c1,40.82
C=c1ccc(=c2[nH]c(=O)c(=Cc3nc(-c4cccc(C#N)c4)n[nH]3)s2)cc1,22.37
N#Cc1ccc(-c2ncc(C#N)cc2-c2ccc(C#N)c(F)c2)cc1,12.4
CCCCCCCCCCCC(=O)c1c(O)c(Cc2c(O)c(C)c(O)c(C(C)=O)c2OC)c(O)c(C)c1OC,31.92
Nc1ccc(C(=O)C=Cc2ccc(Cl)c(Cl)c2)cc1,21.22
CCc1cc(-c2nc(-c3ccc(C#N)cc3)nc(-c3ccc(C#N)nc3)n2)ccn1,22.62
N#Cc1ccc(-c2nc(-c3ccccc3)nc(-c3ccc(-c4ccc(C(=O)N5CCOCC5)cc4)nc3)n2)cc1,18.47
N#Cc1nccc2c1C1CNCC2C1,17.25
N#Cc1ccnc(-c2ccc3c(c2)-c2nc(C(N)=O)c(C4CC4)n2CCO3)n1,22.77
C=CC(=O)Nc1cccc(N=c2nc(OC(C)C)cc(N=c3nc(N4CCC(N5CCCCC5)CC4)[nH]c(C(F)(F)F)n3)[nH]2)c1,36.05
CC(=O)c1nc(-c2cccc(NC(=O)c3ccc(Cl)cc3Cl)c2)cs1,25.3
N#Cc1ccc2c(c1)c(-c1ccccc1)nn2-c1cnc(N2CCN(C(=O)c3ccc(Cl)c(C#N)c3)CC2)nc1,36.33
Cc1nc2ccccc2c(=O)n1-c1ccc(N2CCC(c3cc(F)c(F)cc3F)C(N)C2)nc1,28.88
CCCCCCCc1ccc(C(O)C(C)NN)cc1,29.61
N#CC=Cc1ccc2c(c1)OCc1cccc(C#N)c1C2=CCn1cnc2cc(F)c(F)cc21,32.58
COc1cc(OC)nc(Oc2ccc(C(=O)C=Cc3ccc(Cl)c(Cl)c3)c(Cl)c2)n1,28.37
O=C1NC(=Nc2ccc3c(c2)OCO3)SC1=Cc1cccnc1,23.25
N#Cc1ccc(-c2csc(-c3ccc(-c4nc(-c5ccc(C#N)cc5)nc(-c5cnccc5-c5ccccc5)n4)cc3)n2)cc1,24.01
N#Cc1ccc(-c2cc(-c3nc(-c4ccc(C#N)cc4)[nH]c(=N)c3C=O)ccn2)cc1,24.25
N#Cc1ccc(-c2ccc(-c3nc(-c4ccc(N5C(=O)c6ccccc6C5=O)cc4)nc(-c4ccc(-c5ccc(C#N)cn5)nc4)n3)cc2)cc1,18.41
N#Cc1cccc(CN(Cc2nccc3cc(C#N)ccc23)c2cc(F)cc(-c3nn[nH]n3)c2)c1,27.97
N#Cc1ccc(-c2ccc(-c3nc(-c4ccc(OC(F)(F)F)cc4)nc(-c4ccc(-c5ccc(C#N)cn5)nc4)n3)cc2)nc1,16.58
NC(=O)C1C(=O)C(Cc2ccc3ccccc3c2)=NN(c2ccc(-n3ccc4ccccc43)cc2)C1c1ccc(F)c(F)c1,38.5
N#Cc1ccc(-c2nc(-c3ccc(-c4ccc(C#N)cn4)nc3)nc(-c3ccc(Cl)cc3)c2-c2ccc(F)cc2)cc1,14.14
Cc1cc(-n2nc(C)c3c4ccccc4n(CC#N)c3c2=O)ccc1Br,31.83
CC(=O)N1CCN(c2cc(-c3ncc(C#N)cc3C=CC#N)nc(N3CC4CC3C4)n2)CC1=O,29.04
N#CCc1ccc(-c2ccco2)cc1,20.8
CCCCCCc1ccc(C(=O)C[n+]2ccc(C=NO)cc2)cc1,20.55
CCN(CC)CCNC(=O)c1ccc(-c2cc(-c3cc(=Nc4ccc(C#N)cc4)[nH]c(C4CC4)n3)cc(-c3ccc(C#N)cc3)n2)cc1,36.13
CC1CCc2cc(-c3cccc(C=CC#N)n3)ccc2N1C(=O)c1cc(-c2c[nH]c(=N)c(C#N)n2)c(F)cc1Cl,22.58
Cc1ccc(C(=O)OC2COc3ccc(N=c4[nH]c(=Nc5ccc(C#N)cc5)[nH]c(=NC5CCCCC5)[nH]4)cc3C2)o1,38.97
N#Cc1cccc(S(=O)(=O)NC(=O)c2ccc(-n3cc(C#N)c4cc(OC5CCCC5)ncc43)c(Cl)c2)c1,32.73
N#Cc1nc(-c2ccccc2)c2c(n[n+]([O-])c3ccccc23)c1C#N,25.55
N#Cc1ccc2c(-c3cccc(F)c3)cc(C(N)=O)nc2c1,20.8
O=C(CS)c1ncc(-c2ccc(-c3nc(-c4ccc(Cl)cc4Cl)c[nH]3)cc2)o1,28.13
O=C(CCc1cn(-c2ccc3ccccc3c2)nn1)c1nc2ccccc2c(=O)n1-c1ccccc1,33.92
Cn1cc(C2CCN(C3Cc4ccccc4C3O)CC2)c2cc(C#N)ccc21,23.59
N#CCN1C(=O)c2ccc(Nc3nc(Nc4ccc5c(c4)C(=O)c4ccccc4C5=O)nc(Nc4ccc5c(c4)C(=O)c4ccc(N)cc4C5=O)n3)cc2C1=O,17.35
N#Cc1ccc(-c2nc(-c3c4ccccc4c(C#N)c4ccccc34)nc(-c3ccc(C4CCCCC4)c4[nH]ncc34)n2)c2ccccc12,30.11
COc1ccc(-c2cc(=O)n(-c3ccnc(N4CCN(C=O)CC4)n3)cc2C#N)cc1,26.91
Cc1cnc(Cl)nc1-c1ccc(N(Cc2cccnc2)C(=O)c2ccc(-c3cncc(C#N)c3)cc2)cc1,18.0
O=C(C=Cc1ccccc1-c1ccccc1)c1cccc2ccccc12,24.43
Cc1cc(=NN=Cc2cccs2)c2cc3c(cc2[nH]1)CC1CCC(C3)C1,24.81
N#CC(C#N)=c1ccc(=C(C#N)c2nc(-c3cncc(C#N)c3)cs2)nc1,14.74
Cc1cc(-n2nc(C(C)(C)c3ccc(F)cc3)cc2-c2ccc(-c3ccc(C#N)cc3)cc2)ccc1C#N,27.79
N#Cc1cncc(-c2nc(-c3cccc(C#N)c3)n(CC(F)(F)F)n2)c1,19.91
N#Cc1cc(C(=O)c2ccccc2)cn(-c2ccccc2Cl)c1=O,18.83
COc1ccc2c(n1)=CCN1C(=O)NC(C)C(=O)N1CC=2,28.95
N#Cc1ccc(C2C(=O)N(c3ccc4[nH]cnc4c3)C2c2ccccc2O)cc1,27.73
O=C(C=CC=Cc1ccccc1)c1c(O)cc(-c2ccccc2)[nH]c1=O,22.75
CC(C)c1ncc(C#N)cc1-c1nc(C#N)nc(-c2cncc(C#N)c2)n1,12.69
CCN=c1nc(-c2ccccc2)c(-c2cccs2)c[nH]1,28.67
O=CN1CCN(C=Nc2ccccn2)CC1,10.0
Cc1cc(C#N)nc2c3ccccc3c(C#N)n12,21.03
COc1ccc(C#N)cc1C1(O)CCC(N2CCC(N=c3[nH]c4ccccc4n3Cc3ccc(C#N)cc3)CC2)CC1,38.41
Cc1ccccc1N=c1c(C#N)c[nH]c2cc(-c3ccc(CNc4ccccc4)cc3)ccc12,23.86
N#Cc1cccc(-c2ccc(-c3ccc(C(=O)N4CCC5(CC4)OC(=O)c4ccccc45)cc3)cc2)n1,20.86
N#Cc1ccc(-c2ccc(-c3nc(-c4ccc(-c5ccc(C#N)cn5)nc4)nc(-c4ccc(Cl)s4)n3)nc2)nc1,15.88
N#Cc1ccc(-c2ccc(-c3nc(-c4ccc5c(c4)C(=O)NC5)nc(-c4csc(C5CCCN5)n4)n3)cn2)nc1,29.58
N#Cc1c(Cl)ccc(Cl)c1Cl,18.68
COc1ccc(NC(=O)Nc2ccc(-c3ccnc(C)c3)cc2)cc1-c1c(Br)cnn1C,25.26
N#Cc1ccc(-c2ccc(-c3cccc(C#N)n3)nc2-c2nc(C#N)cs2)nc1,15.29
CON=C(c1ccc(C=CC#N)cc1)c1cccc(C=Cc2nc(C3CCC3)no2)n1,32.6
N#CC=Cc1cc(CCOC(=O)c2ccc(C#N)cc2)nc(C=CC#N)n1,13.81
N#Cc1ccc(-c2nc3c(c(=NCCc4ccc(-n5cccn5)cc4)[nH]2)CCN(c2ncccc2C(F)(F)F)CC3)cc1,25.06
O=C(OCc1ccccc1)N1CCN(c2ncncc2OCc2ccc(Cl)cc2)CC1,32.08
O=C(NCCCN1CCOCC1)c1ccc(Cn2c(=S)[nH]c3scc(-c4ccc(F)cc4)c3c2=O)cc1,26.09
Nc1ccc2c(c1)C(=O)c1ccc(Nc3cc[nH]c(=NCCCN4CCOCC4)n3)cc1C2=O,15.02
N#Cc1cccc(Nc2cc(N=Cc3cc(Cl)cc(Cl)c3O)c(O)cc2N)c1,21.03
Cc1ccc(-n2[nH]c(C3CCN(S(C)(=O)=O)CC3)cc2=NC(=O)c2cnn3ccc(N4CCNC4=O)nc23)cc1,28.74
N#Cc1ccc(-c2[nH]nc3c2C(=O)c2ccc(OCCn4cncn4)cc2-3)cc1,28.71
Cc1ccc(CNC(=O)c2cc(=O)[nH]c3ccc(S(=O)(=O)N4CCCCC4)cc23)cc1,23.43
Nc1cc(O)c(N=Cc2ccc(-c3csc(-c4ccc(C=C5C(=O)Nc6c5ccc(F)c6F)cc4)n3)cc2)cc1O,25.55
N#Cc1ccc(-c2coc3cc(OCc4ccccc4)ccc3c2=O)cc1,20.75
N#Cc1ncnc(-c2cc(F)cc(-c3ccc(F)c(C=CC4CC(F)(F)C4(F)F)n3)c2F)n1,38.75
Cc1c(O)c(C)c2ccccc2c1-c1cc(C#N)c2ccccc2c1,34.98
O=c1nc(C=Cc2cccc(-n3cccc3)c2)[nH]c2ccccc12,23.44
N#Cc1ccc(-c2ccncc2)c(-c2ccc(-c3cc4ccccc4c(N4CCNCC4)n3)cc2)n1,19.7
Clc1ccc(N=c2nc(N=c3cccc[nH]3)[nH]c(=NN=Cc3ccccn3)[nH]2)cc1,19.93
N#Cc1ccc(-c2cc(-c3ccc(C#N)cc3)nc(-c3ccccc3C#N)c2)cc1,15.77
Cc1nc2cc(NCCO)cnc2n1-c1ccc(Oc2cccc(C#N)c2)c(F)c1,38.0
N#Cc1ccc(-c2ccc(-c3nc(C(F)(F)F)c4ccc(NC(=O)c5ccccc5)c([N+](=O)[O-])c4n3)cc2)cc1,35.1
COC(=O)c1cc(NC(=O)C2(C(=O)Nc3ccc(Cl)cc3)CC2(C)C)ccc1C#N,30.26
N#Cc1ncnc(N(N)NC(=O)C(C#N)c2ccccc2)n1,25.35
Nc1ccc2c(=Nc3ccc(NS(=O)(=O)Cc4ccccc4)cc3)c3ccccc3[nH]c2c1,22.59
COCC1C2C(CCN1c1ccnc(-c3cccnc3OCc3ccc4c(c3)CCN(C3COC3)CC4)n1)C2C(=O)O,28.58
Cc1cc(-c2nccc(-c3ccc(-c4nc(Cl)nc(Cl)n4)c(C(F)(F)F)c3)n2)cc(C)n1,21.6
CNc1oc(-c2ccc(-c3ccccc3C#N)cc2)nc1C#N,13.98
COc1cccc(-c2cccc(-c3cnc(C)c(C#N)c3)c2)c1,22.3
N#Cc1ccc(-c2ccc(Cn3cc(C#N)c(=O)c4cccc(F)c43)nc2)cc1,23.13
O=C(NN=Cc1cccnc1)c1ccc2ccccc2n1,19.88
N#Cc1ccc(-c2ccc(-c3nc(-c4ccc(-c5cc(F)c(C#N)cn5)cc4)nc(-c4ccc(-c5ccc(C#N)cn5)nc4)n3)cn2)nc1,12.23
CCCNC(=O)c1c[nH]c(=N)c(-c2cccc(NC(=O)Nc3ccc(C#N)cc3)c2)c1,26.74
N#Cc1ccc(-c2c(-c3ccc(F)c(F)c3)ncn2C(CO)CCc2ccccc2)cc1,27.99
N#Cc1cccc(-c2nc(-c3cccc(C#N)n3)nc(N3CC(N4CCOCC4)C3)n2)n1,8.84
N#Cc1cnccc1N1CCN(C(=O)c2ccc(Cl)cc2)CC1,22.22
N#Cc1ccc(-c2ccc(-c3nc(-c4ccc(N=CN5CCN(C=O)CC5)cc4)nc(-c4ccc(-c5ccc(C#N)cc5)cc4)n3)cc2)cc1,11.55
C=CS(=O)(=O)Nc1cc(-c2ccc3nc(-c4ccc(F)c(C#N)c4)nn3c2)cnc1OC,26.6
N#Cc1c2ccccc2c(-c2nc(-c3c4ccccc4c(C#N)c4ccccc34)nc(-c3c4c5c(cccc5c5ccccc35)CC4)n2)c2ccccc12,13.46
C=CCn1c(O)c(N=NC(=S)NCC)c2cc(Cl)ccc21,24.34
Cc1ccc(C=NN=c2[nH]c(N=C3C=CC(=Nc4nc(Cl)nc(C#N)n4)C=C3)nc(=N)[nH]2)cc1,32.62
N#CC(=Cc1cccc(Cl)c1Cl)n1nnc(-c2ccc(C#N)cc2)n1,28.55
Cn1cc(C#N)nc1C(N)=Nc1ccc(-c2cccc(-c3cc(-c4ccc(Cc5ccc(-c6ccc(C#N)cc6)c(C#N)c5)nn4)on3)c2)cc1,38.53
N#Cc1ccc(CN2Cc3cccc4c3C(C2)CN(Cc2ccccc2)C4=O)cc1,26.7
N#Cc1cncc(-c2nc(-c3ccc(C4N=NN=N4)nc3)nc(-c3cccc(C#N)n3)n2)c1,18.6
Nc1ccc2c(c1)-c1c([nH]c3ccccc13)CN2,21.66
N#Cc1ccc(CNC(=O)c2cc(C(=O)NCc3cc(-c4cccc(C#N)c4)ccc3C#N)c(-c3ccc(CN4CC(C(=O)O)C4)cc3)[nH]2)nc1,40.54
C(=NC1=NCN(Cc2ccccc2)CN1)c1ccc2c(c1)OCO2,24.61
COCc1nc(-c2ccc(C#N)cc2)nc(-c2ccc(-c3ccc(C#N)c(C(F)(F)F)c3)cc2)c1C#N,23.72
O=C(NN=Cc1cn(-c2ccccc2)nc1-c1ccc(F)cc1)c1ccncc1,21.02
N#Cc1ccc(-c2ccc(-c3nc(-c4ccc(-c5ccc(C#N)cn5)nc4)nc(-c4cc5ccccc5[nH]4)n3)cc2)nc1,13.71
CSC1=NC(=Nc2cc(C#N)nn(-c3ccccc3)c2=O)C(C#N)C(C=Cc2ccccc2)N1,31.86
Cc1cc(C#N)nc(-c2ccc(-c3ccc(C#N)cn3)cc2)n1,14.86
N#Cc1cc2c(c3oc4ccccc4c13)NCC(CCl)O2,31.24
N#Cc1ccc(C=C2CCn3c2nc2cc(C#N)ccc2c3=O)cc1,19.29
O=c1c(O)c(-c2ccc3c(c2)OC(CO)C(c2ccc(O)cc2)O3)oc2c(O)c(O)ccc12,21.49
COc1ccc(C2CN(Cc3ccccc3)CC2C(N)=O)cc1OC,26.77
Cn1c(O)c(Cc2ccnc3ccccc23)[nH]c1=N,20.71
CN1CCC(=Cc2cn(C)c(-c3ccc(-c4nc(-c5ccc(C#N)cc5)nc(-c5ccc(-c6ccc(C#N)cn6)nc5)n4)cn3)n2)C1=O,21.81
N#Cc1cccc(Cn2c(-c3nc(-c4cccc(C#N)c4)no3)cc3c2CCCC3)c1,29.24
N#Cc1ccc(-c2ccc(-c3nc(-c4ccc(-c5ccc(C#N)nc5)nc4)nc(-c4ccc(C#N)cn4)n3)cn2)nc1,13.65
N#Cc1cc(-c2cncc(F)c2)c2c(cnn2-c2nc(C3CC3)nc(N3CCOCC3)n2)c1,31.18
N#Cc1ccc(N=c2nc(-c3cnc(N4CCC(F)C4)c(C#N)c3)cc[nH]2)nn1,17.69
Cc1nc2ccc(C(=O)Nc3ccc(C#N)cc3)c(C)c2cc1C#N,23.48
NC(=O)c1ccc(-c2cccc(-c3cccc(-c4ccc(-n5ccc(Cl)n5)nc4)c3)c2)nc1-c1ccc(Cl)cc1,42.19
O=C(c1ccccc1)N1CCC(O)C1Cc1ccccc1,22.05
N#Cc1ccc(-c2ccc(CCc3nc(-c4ccc(-c5ccc(C#N)cc5)cc4)nnc3-c3ccccc3C(=O)O)cc2)cc1,21.16
N#Cc1ccc(Cn2c(C(=O)NS(=O)(=O)c3ccccn3)cc3ccccc32)cc1,27.23
CN(CCc1ccc(C#N)cc1)C(=O)c1cc(Oc2ccc(OCCN3CCCC3)cc2)nc(-c2ccc(C#N)cc2)c1,35.46
C=c1[nH]c(=Cc2c(O)[nH]c3ccc(NC(=O)Nc4ccc(Cl)cc4)cc23)c(C)c1C(=O)N1CCN(C=O)CC1,21.86
N#Cc1ccc(-c2ccn3cc(C(=O)Nc4ccc(F)cc4)nc3n2)cc1,26.33
C=CCN(C)c1nc(N2CCN(C)CC2)nc2nc(-c3ccc(N(C)C)cc3)[nH]c(=NC(C)CCCN(CC)CC)c12,40.14
N#Cc1ccc(-c2ccc(-c3ncnc(N4CCN(C(=O)c5ccccc5)CC4)n3)cc2)cc1,16.22
N#Cc1c(F)c(F)c2c(c1F)CC(N)(C(=O)O)C2,20.83
Cn1cc(CC(=NC(=O)c2ccc(F)cc2)C(=O)NCCCn2ccnc2)c2ccccc21,26.77
N#CC=CC(O)C(=O)O,22.09
Cc1nc(-c2ccc(C#N)cc2)ccc1-c1ccncc1,19.31
CCc1ncc(C#N)c(=NC(=O)c2cn(C(CC)CO)c3ncncc23)[nH]1,34.84
CN1CCN=C1c1ccc(NC(=O)C=Cc2ccc(-c3cc4ccc(C5=NCCN5)cc4s3)cc2)cc1,23.48
N#Cc1cc(-c2ccc(-c3nc(Cc4ccc(-c5ccc6c(c5)OCO6)cc4)nc(-c4ccc5ccccc5n4)n3)cc2)ccc1F,31.22
N#Cc1cc2c(-c3ccccc3Cl)c(C#N)c(=N)[nH]c2nc1C#N,22.35
N#Cc1ccc(-c2ccc(-c3cc(N=CN4CCN(C=O)CC4)nc(-c4cccs4)c3)cc2)cc1,18.5
N#Cc1ccc(-c2ccc(-c3nc(-c4cccc(C#N)c4)nc(-c4c(F)c(F)c(C#N)c(F)c4F)n3)cc2)cc1,9.98
CC1COCCN1c1nc(-c2ccc(Cc3ccc(-c4cccc(C#N)n4)cc3)cc2)nc2ncncc12,24.5
N#Cc1ccc(-c2ccc(Cn3cnc4cc(C#N)ccc4c3=O)cn2)cc1,18.81
N=c1[nH]c(-c2ccccc2)nc2nc(-c3ccco3)nn12,20.88
CC(=O)c1cncc(COc2c(C3CCC3)ccc(-c3ccc(C#N)cn3)c2F)n1,20.04
N#Cc1nc(C#N)c(CNc2ccccc2-c2cccc(Cl)c2Cl)nc1C#N,25.17
N#Cc1ccc(Nc2cc(N=Cc3ccccn3)c(O)cc2N)cc1,10.35
CC=Cc1cnn2cc(-c3ccc4c(c3)OCO4)[nH]c(=NCCN(C)C)c12,33.72
C#CCCCSc1nc2ccc(N)cc2c(=O)n1Cc1ccc(-c2ccccc2S(=O)(=O)N=c2o[nH]c(C)c2C)cc1,35.21
Cc1ccc(S(=O)(=O)c2c(Oc3c(C#N)cc([N+](=O)[O-])cc3[N+](=O)[O-])no[n+]2[O-])cc1,33.18
Cn1c(-c2ccc(-c3ccc(C#N)cc3)cc2)nnc1C(O)(c1ccc2c(c1)C(O)CCO2)C1CCCCC1,33.71
Cc1nc(=Nc2ccc([S+](C)[O-])c(C(F)(F)F)c2)cc(-c2cnn(Cc3cccc4ccccc34)c2)[nH]1,38.29
N#Cc1ccc(-c2ccc(-c3nc(-c4ccc(Cl)cc4)c(C#N)c(=N)[nH]3)cn2)nc1,19.73
COc1ccccc1N1CCN(CCCCN2C(=O)c3ccccc3C2=O)CC1,17.66
N#Cc1ccc(-c2ccc(-c3nc(-c4ccc(-c5ccc(C#N)cn5)cc4)n[nH]3)cc2)cc1,9.9
COc1cccnc1C=CC=CC=CC=Cc1cccc(C#N)c1,18.03
N#Cc1ccc(-c2ccc(-c3nc(-c4cccnc4)nc(-c4ccc(-c5ccc(C#N)cn5)nc4)n3)cn2)cc1,15.91
N#Cc1ccc(C#N)c(-c2ccc(C#CCN(c3ccnc(C#N)n3)c3cccc(C#N)c3C#N)cc2)n1,31.28
Clc1nssc1=Nc1ccccc1,13.6
N#Cc1ccc(-c2ccc(-c3nc(Cc4cc(-c5ccc(C#N)cc5)ccn4)nc(-c4ccc(-c5ccc(C#N)cn5)nc4)n3)cc2)cc1,18.21
CC1(C)Cc2c(sc(N=Cc3cccc(C#N)c3)c2C#N)C(C)(C)N1,19.69
N#Cc1ccc(Oc2nc(Cl)ncc2C#N)cc1,14.21
N#CC=Cc1ncc(NC(=O)c2cc(-c3cncc(C#N)n3)cc(C(F)(F)F)c2)cn1,25.24
N#Cc1ccc(-c2nc(Cn3c(C=Cc4ccccc4)nc4ccccc43)no2)cc1,23.92
N#Cc1ccc2nc(Nc3ccc4c(c3)C(=O)c3ccc(N)cc3C4=O)sc2c1,16.44
CCc1nc2ccc(C#N)cn2c1N(CC)c1cc(-c2cnc3ccccc3n2)ccn1,33.14
N#Cc1ccc(=O)n(Cc2ccc(-n3cnn(C4CCCC4)c3=O)cc2)c1,26.04
N#Cc1ccc(-c2ccc(-c3cc(-c4ccc(-c5cc(-c6ccc(-c7nc(Cl)nc(Cl)n7)cc6)nc(-c6ccc(-c7ccc(C#N)cn7)cc6)n5)cc4)nc(C4CCC4)n3)cc2)cc1,23.04
N#Cc1cccc(-c2nnc(C3CCN(CC(O)(Cn4cncn4)c4ccc(F)cc4F)CC3)o2)c1,26.32
COc1cc(OCC(N)=O)c(C)cc1N=c1[nH]cc(Cl)c(=Nc2ccccn2)[nH]1,33.46
N#CCCSc1cc(-n2ccnc2)nc(-c2cccc(C#N)c2)n1,29.65
COc1nc(N=Cc2ccc(Cl)cc2)nc(-c2ccc(C#N)cc2)n1,18.66
Cc1ccc2c(c1)N=C(N1CCNCC1)c1cccnc1N2,26.56
Cn1c(C(N)=O)cc2c1C(C1CCOCC1)N(C(=O)c1nc(-c3cncc(C#N)c3)n(-c3ccc([N+](=O)[O-])cc3)n1)CC2,44.39
Cc1ccc(N=Cc2ccc(O)c(C(C)(C)C)c2)cc1C,20.96
C=c1[nH]n(-c2ccc(Br)cc2)c(=O)c1=Cc1ccc(C)c(C)c1,22.93
Cc1ccc(-c2nc(-c3ccncc3)nc(=NCc3ccccc3)[nH]2)cc1C#N,21.14
N#Cc1ccc(-c2ccc(C=Cc3ncc([N+](=O)[O-])n3CCO)cc2)cc1,15.92
Cc1cccc(-c2ccc(C(=O)c3c(O)ccc4ccccc34)c3ccccc23)c1,27.46
Cc1cc(C)c2cccc(C(N)=O)c2n1,22.44
CCC(=C(c1ccc(F)cc1)c1ccc(O)c(CN)c1)c1ccccc1,24.21
Cn1nc(-c2ccccc2)nc2c(=O)n(CCCO)c(=O)nc1-2,27.18
N#Cc1nc(-c2cccc(-c3ccc(-c4ccnc(Cl)n4)cc3)c2)ncc1N,17.72
N#Cc1ccc(-c2nsc(-c3ccc(-c4ccc(C#N)nc4)cc3)n2)c(C#N)c1,27.9
N#Cc1ccc2c(c1)C(N1C(=O)c3cnc(-c4csc(C#N)c4)nc3C1=O)C(C(N)=O)C(=O)N2,31.79
N#Cc1cncc(-c2nc(-c3cccc(C#N)n3)nc(-c3nc(Cl)nc(Cl)n3)n2)c1,13.49
N#Cc1ccc(-c2ccc(C(=O)c3ccc(-c4cccc(C#N)c4)cc3)cc2)cc1,15.44
O=[N+]([O-])c1ccc2c(c1)Cc1ccc(N=c3cc[nH]c4ccccc34)cc1C2,32.22
Cc1cnc(CN2CCN(Cc3ccc(F)nc3)C2=O)n1C(C)C,39.94
CCOc1ccc(N2CCN(C(=O)c3ccnc(-c4nc(CO)c[nH]4)c3)CC2)cc1,32.57
N#Cc1ccc(-c2ccc(-c3ccnc(C#N)n3)cc2)cc1,10.98
C[n+]1c(-c2ccc(-c3cc(-[n+]4ccc(-c5ccncc5)cc4)nc(-[n+]4ccc(-c5ccncc5)cc4)n3)cn2)c(N=Nc2nc(-c3ccc(C#N)cc3)ccc2C#N)n2ccccc21,31.85
CC1CCC(=Nc2nc(Cl)cc(-c3ccc(-c4ccc(C#N)cn4)cc3)n2)c2ncc(C(=O)O)c(=O)n21,32.45
N#Cc1cncc(-c2nc(-c3ccc(NC(=O)c4ncc(-n5cccn5)s4)cc3)nc(C3CC3)n2)c1,27.61
Cc1ccc(-c2cc(C(F)(F)F)n(-c3ccc(-c4cnc5cc([N+](=O)[O-])ccc5n4)cc3)n2)cc1,29.87
N#CCC[S+]([O-])c1ccc(-c2ccc(-c3csc(CC(=O)O)n3)cc2)cc1,35.06
N#Cc1cc2sc(N3CCOCC3)nc(=O)c2cc1C#N,22.09
Cc1cc(-c2[nH]c(-c3ccc(C#N)cn3)nc2-c2cncc(C(=O)O)c2)cc(C)c1O,35.72
N#Cc1ccc(C(=O)Oc2ccc(-n3cnc(C#N)c3)cc2C#N)cc1,25.43
N#Cc1cncc(-c2cc(-c3ccc(OCC4CCCCC4)nc3)nc(-c3cccc(C#N)n3)n2)c1,23.61
N#Cc1ccc(-c2ccc(-c3ncnc(-c4ccc(-c5nc(Cl)nc(Cl)n5)cc4)n3)c(F)c2)nc1,21.98
CCc1noc(-c2ccc(-n3nc(C(N)=O)c4c3-c3cc(N=Cc5ccc(Cl)cc5Cl)ccc3CC4)cc2)n1,26.64
N#Cc1cc(Cl)cc(Oc2nc(=NCc3ccco3)nc(Cl)[nH]2)c1,26.58
COc1ccc(C=CC(=O)c2ccc(O)cc2O)cc1,18.94
CN1CCN(CCCn2c(O)c3c4c(cccc42)N2Cc4cc(C#N)ccc4N2C3)CC1,36.47
CN(C)CCCNC(=O)c1cc(NC(=O)c2cc(NC(=O)c3cc4[nH]c(=NCC5CC5)ccn4n3)cn2C)cn1C,33.29
CC(C)(C)c1nc(CC2=c3cc(F)ccc3=NC2=O)cc(Cc2ccc(-c3cccc(C#N)n3)cc2)n1,32.5
N#Cc1ccc(-c2ccc(-c3nc(-c4ccc(-c5cccc(C#N)c5)cc4)nc(-c4ccccn4)n3)cn2)nc1,12.35
N#Cc1ccc(-c2ccc(-c3nc(-c4ccc(F)cc4)cc(C(F)(F)F)n3)cn2)nc1,15.31
CC(C)c1nc2ccccc2n1-c1nc(-c2ccc(-c3ccc(C#N)cn3)nc2)nc(-c2cccc(C#N)c2)n1,24.14
N#Cc1ccc(-c2ccc(-c3ncnc(-c4ccc(-c5ccc(C#N)cn5)cc4)n3)cc2)cc1,12.09
O=Cc1cn(-c2cc3ccccc3cc2Cl)nc1-c1ccccc1,30.71
Cc1cc(C)[nH]c(=NC(=O)CCC(=O)Nc2cccc(F)c2)c1,29.93
Cc1cc(C(N)=O)nn1CC(=O)N=c1nc(-c2ccc(-c3ccc(C#N)cc3)cc2)cc(NC(=O)OCc2cncs2)s1,51.1
CC1(C)CN(c2nc(-c3cccc(C#N)n3)nc(-c3cccc(C#N)n3)n2)CCO1,11.13
N#Cc1ccc(Oc2nc(Oc3cccc(C#N)c3)nc(Oc3nc(-c4ccc(C#N)cc4)cc(-c4ccc(F)cc4)c3C#N)n2)cc1,30.01
Cc1ccc(NC(=O)c2cncn(Cc3ccc(F)c(F)c3)c2=N)cc1,28.3
Cc1cc(C)n(N=Cc2ccco2)c(=O)c1C#N,14.84
COc1cc(NC(=O)Cc2cccc(C(F)(F)F)c2)ccc1-n1ccc(-c2cc(F)cc(F)c2)cc1=O,32.42
CC1CN(C(C)C)C(=O)c2ccc(-c3csc(-c4ccc(-c5ccc(C#N)cn5)cc4)n3)cc2OC1CN(C)Cc1ccc(C(F)(F)F)cc1,24.25
N#Cc1ccc(-c2ccnc(-c3ccc(-c4cccc(C#N)n4)cc3)n2)cc1,13.18
COc1cc(C(=O)N=c2[nH]nc(SCc3ccccc3)s2)cc(OC)c1OC,20.52
N#Cc1cc(NC(=O)c2cnc(Cl)c(Cl)c2)ccc1-c1ccc(C(=O)NCCN2CCCC2=O)cc1,30.93
NC(N)=NC(=O)CCC(=O)NCCCl,27.44
COc1cc(-c2ccc(Cl)c(C#N)c2)c(F)cc1-n1c(C)nc2ccccc2c1=O,22.11
CN1CCN(c2nc(-c3cccc(C#N)n3)nc(-c3cccc(C#N)n3)n2)CC1,10.72
C(=NC12CC3CC(CC(C3)C1)C2)c1ccccc1,14.69
N#Cc1cncc(-c2ccc(-c3nc(CCc4cccc(C#N)n4)nc(-c4cccc(C#N)n4)n3)nc2C#N)c1,24.71
N#Cc1ccc(-c2nn(-c3ccc(C(=O)O)cc3)cc2C=NNC(=O)c2ccc(F)cc2)cc1,19.36
Clc1ccc(OCc2nnc(-c3cccc4ccccc34)o2)c(Cl)c1,20.98
N#Cc1cncc(-c2ccc3[nH]c4c(c3c2)CCOC4(CC(=O)O)c2ccccc2)c1,27.47
N#Cc1cccc(-c2nc(-c3cncc(C#N)n3)nc(N3CCC(F)C(N)C3)n2)n1,17.39
Cc1nc(Nc2ccc(C#N)cc2)c2ccccc2c1C=Nc1cc(Nc2ccc(C#N)cc2)c(N)cc1O,20.53
COc1ccc(C=CC(=O)N2CC(Oc3ccc(CCNC(=O)c4cc(Br)c(Br)[nH]4)cc3Br)CC2C(=O)O)cc1Br,42.06
CC12CCC(O)CC1=CCC1C2CCC2(C)C(CNc3ccc(C#N)cc3[N+](=O)[O-])C(O)CC12,44.64
N#Cc1cc(C(=O)NC2CC2)cc(-n2nc(C#N)c3ccc(C#N)cc32)c1,22.8
N#Cc1cccc(NC(=O)c2cc(-c3cc(C(F)(F)F)ccc3C#N)ncn2)c1,25.1
CC(N=c1nc(-c2ccc3ccccc3c2)cc[nH]1)c1cccc(N=c2ccc(C(=O)O)c[nH]2)c1,27.87
Cc1ccc(-c2nc(-c3ccc(C#N)cc3)nc(-c3ccc(-c4ccc(C#N)cn4)cc3)n2)cc1,12.74
CN1CCN(C=Nc2ccc3c(c2)C(=O)c2cc(N=Cc4ccccc4)ccc2C3=O)CC1,18.15
CC(=O)N(COC(=O)C(C)C)c1nc(Cl)nc2c1ncn2Cc1ccc(-c2ccc(C#N)cc2)cc1,28.54
Cc1nc(C)n(-c2ccc(N=c3nc(CCc4ccccc4)cc[nH]3)cc2)n1,23.94
N=C(N)c1ccc(-c2cc(-c3ccc(OC(F)(F)F)c(Oc4ccc(Cl)cc4)c3)cc(-c3ccc(C(=N)N)cc3)n2)cc1,37.9
N#Cc1ccc(-c2cc(-c3ccccn3)nc(-c3cccc(C#N)n3)n2)cc1,13.55
N#Cc1c(F)ccc(Cn2cc(C(=O)Cc3c(F)c(F)c(F)c(F)c3F)nn2)c1F,29.07
Cc1nn(C)c(C)c1NC(=O)c1cn(C)nc1S(=O)(=O)c1ccc(F)cc1,33.35
O=c1c2ccccc2nc(CNS(=O)(=O)c2ccc(F)cc2)n1-c1ccc(F)cc1,20.69
N#Cc1ccc(-c2ccc(-c3noc(Cn4cc(-c5cc6ccccc6oc5=O)nn4)n3)cc2)cc1,27.65
Cc1nc(-c2ccc(-c3nc(-c4ccc(C(=O)O)cc4)cc(C(F)(F)F)n3)cc2)n(Cc2ccc(Cl)cc2)c1C(C)(C)C,34.94
Cn1c(Cn2ncn(-c3ccc(F)cc3)c2=O)nc(C#N)c1N,21.09
N#Cc1cc2[nH]cc(C(=O)C(O)c3ccc4[nH]ccc4c3)c(=O)c2cc1F,38.29
COc1cc2cc(-c3ccnc(C#N)c3)nc(Cc3ccc4c(c3)OCCO4)c2cc1OC,27.81
COc1cc2[nH]cnc(=Nc3cc(C(F)(F)F)ccn3)c2cc1OC(C)c1nc(-c2ccc(F)cc2)no1,35.81
N#Cc1ccc(-c2cc(C#N)ccc2S(=O)(=O)c2ccc(C#N)cc2)cc1,17.87
CC(C)n1cc(-c2ccc(C#N)cc2)c2cnc(-c3ccc(C#N)cn3)c(F)c21,23.87
N#Cc1cncc(-c2cc(-c3ccc(C#N)c(F)c3)nc(C#N)n2)c1,19.02
C=C(C)C1CCC2(C(=O)O)CCC1C2C=Cc1ccc(-c2ccccc2C)cc1C#N,35.74
CS(=O)(=O)c1ccc(-c2ccc(Cc3nc(-c4ccc(-c5ccc(C#N)cn5)cc4)nc(-c4cnccn4)n3)cc2)cc1,25.39
N#Cc1cccc(-c2nc(-c3ccc(N4CCOCC4)nc3)cc3ncc(-c4ccc(F)cc4)nc23)c1,33.62
N#Cc1cc2ccc(-c3nc4cc(C(=O)O)ccc4[nH]3)cc2c(-c2ccc(N3CCNCC3)cc2)n1,32.15
CC1CN(c2nc(-c3cccc(C#N)n3)nc(-c3cccc(C#N)n3)n2)CCN1C(=O)CN1CCOCC1,12.72
N#Cc1ccc(-c2cc(-c3ccc(C#N)cc3)c3cc(-c4cccc(C#N)n4)oc3n2)cc1,22.85
N#Cc1cccc(-c2cc(N3CCNCC3)nc(-c3cccc(C#N)n3)n2)n1,12.1
COc1ccc(C=CC(=O)c2nn(-c3ccc(C)cc3)c(=O)c3cc4c(cc23)OCCO4)c(OC)c1OC,31.96
N#Cc1cc(F)cc(-c2ccc(-c3nccc(C(F)(F)F)n3)cc2)c1,15.0
O=C(CNCc1ccccc1)Nc1ccc(F)c(F)c1F,18.55
COc1ccc(C2=NN3C(=N)C(=Cc4cccn4-c4ccc(Cl)cc4)C(=O)N=C3S2)cc1OC,26.94
CN1CCCC1CCn1c2ccccc2c2ccc(-c3ccc(-c4cc(C5CCC(N)CC5)nc(Cl)n4)cc3)nc21,47.79
CCn1c(C=Cc2ccc(C#N)cc2)nc2c(N3CCOCC3C)nc(-c3ccc(C#N)nc3)nc21,32.59
CCCCCC=CCC=CCC=CCC=CCC=CCCCC(=O)OCc1cn(-c2ccc(F)cc2)nn1,27.25
CC1Cc2cc(S(=O)(=O)NCc3ccc(C#N)cc3)ccc2N1C(=O)C1CC1,19.22
O=C(O)CCC(=O)N1CCc2cc(S(=O)(=O)N3CCN(C(=O)OCc4ccccc4)CC3)ccc21,23.53
O=C(CCc1ccc(-c2ccccc2)cc1)c1cccc(-c2cc3ccc(Cl)cc3[n+]([O-])n2)n1,39.14
N#Cc1ccc(Nc2cc(N=Cc3ccc(-c4nc(-c5ccc(C=Nc6cc(O)c(N)cc6O)cc5)nc(-c5ccc(C=Nc6cc(O)c(N)cc6O)cc5)n4)cc3)c(O)cc2N)cc1,10.09
N#Cc1ccc(-c2ccc(CC(=O)NN=Cc3ccc(OCc4cccc(-c5ccccc5C#N)c4)cc3)cc2)cc1,25.45
N#Cc1cncc(-c2ccc(-c3nc(C#N)cc(C#N)n3)cc2)c1,13.49
Clc1ccc(-c2nnc(-c3ccc(Cl)cc3Cl)n2Nc2ccccc2Cl)cc1,24.68
CN1CCCc2c1c(-c1nc(-c3ccc(C#N)cc3)nc(-c3ccc(OCCCN)c(C#N)c3)n1)c1ccccc1c2C#N,29.25
CCOC(=O)CCC(=O)N=c1[nH]nc(-c2ccc(Cl)cc2)c(=O)n1OC(=O)c1ccc(Cl)cc1Cl,42.35
N#Cc1cc(CN2CCN(c3ccccc3F)C(=O)C2)ccc1F,21.25
N#Cc1ccc(-c2nc(C#N)nc(-c3ccc(-c4ccc(C#N)cn4)cc3)n2)cc1,11.58
CN1CCc2[nH]c(=NC(=O)c3cccc(CNC(=O)c4ccc(-c5cncc(C#N)c5)c(C#N)c4)c3)sc2C1,24.92
N#Cc1ccc2cc3oc(-c4ccc(Cl)cc4)cc(=O)c3cc2n1,23.93
CC(=O)Nc1cccc(-c2cc(-c3cccc(C#N)n3)nc(-c3ccccn3)n2)c1,14.64
N#Cc1ccc(-c2ccc(-c3nc(CCc4ccc(Cl)cc4)nc(-c4ccc(-c5ccc(C#N)cc5)cc4)n3)cc2)cc1,20.01
C=Cc1cccc(C=Cc2nc(C=Cc3ccc(-c4ccc(C=Cc5ccc(C(=O)Nc6cccc(C#N)c6)cc5)cc4)nc3)no2)n1,30.18
CCCN(CCC)C1Cc2cccc3c2N(CCC3)C1,18.41
N#Cc1ccc(-c2cc(-c3ccc(-c4ncc5ccncc5c4C#N)cc3)nc(-c3ccc(C#N)cc3)n2)cc1,26.17
N#Cc1cccc(C(=O)C=Cc2cccc(C=CC(O)=NO)n2)c1,21.24
N#Cc1ccc(-c2ccc(-c3nc(-c4ccc(-c5cccc(C#N)c5)nc4)nc(-c4c(F)cccc4F)n3)cn2)nc1,15.82
N#CC=COc1ccc(C=CC#N)cc1,17.92
CC(=O)N=c1[nH]c2c(Oc3nc(-c4ccc(C(=O)c5ccc(-c6ccc(C#N)cc6)cc5)cc4)[nH]c(=Nc4ccc(C#N)cc4)n3)cccc2s1,36.0
N#Cc1ccc(N=c2cc(-c3cc(-c4cnc(Cl)c(C#N)c4)nc(N4CCOCC4)n3)nc[nH]2)cc1,24.72
N#Cc1cccc(-c2nc(-c3cccc(C#N)n3)nc(N3CCCC3CF)n2)n1,12.27
N#Cc1ccc(-c2ccc(-c3nc(-c4ccc(-c5ccc(C#N)cn5)cc4)cc(-c4ccc(-c5ccc(C(=O)O)cc5)nc4)n3)cc2)cc1,20.15
Cc1ccc(NC(=S)N(CCCN2CCOCC2)C(=O)c2ccc(Cl)cc2)cc1F,32.6
CCCOc1cccc(C#N)c1,15.31
N#Cc1ccc(-c2ccc(-c3cc(C(N)=O)nc4cc(N5CCOCC5=O)ccc34)cc2)cn1,30.66
N#Cc1ccc(C(=O)C=CC(=O)NCCc2c[nH]c3ccccc23)cc1,25.01
CC(=O)Nc1ccc2[nH]c(-c3ccc(C#N)cc3)nc2c1,17.32
N#Cc1ccc(-c2ccc(-c3nc(C#N)c(NC4CCCCC4)o3)cc2)nc1,12.31
CC(C(=O)O)n1cc(C#CCOC(=O)c2ccc(C#N)cc2)nn1,27.06
O=C(Cn1ccc(C(F)(F)F)n1)N1CCc2cc(-c3nncc(-c4ccc(-n5ccnc5)cc4)n3)ccc21,27.38
NC(CCC(=O)NC(C(=O)O)c1sc(=O)[nH]c1O)C(=O)O,33.22
Cn1c(C(F)(F)F)nc(-c2ccc(C#N)cc2)c1-c1cccc(-c2ccc(C#N)c(F)c2)c1,28.58
N#Cc1ccc(-c2ccc(-c3nc(-c4ccc(-c5ccc(-c6ccc(-c7nc(Cl)nc(Cl)n7)cc6)s5)cc4)nc(-c4ccc(-c5cccc(C#N)c5)nc4)n3)cc2)nc1,24.65
Cc1c(N)c(C#N)c2c(c1Cc1c(Cl)cncc1Cl)C(=O)c1ccccc1C2=O,29.41
CCc1nc(-c2ccc(O)cc2)c2c(=O)oc3ccc(O)cc3c2n1,28.49
N#CC=Cc1cc(-c2cccc(C#N)n2)nc(C=CC#N)n1,10.14
Cc1cc2c(cc1Cl)c(C=C(C#N)c1nc(-c3cccc(C#N)c3)nc(=NCc3ccc(-c4ccccc4C#N)c(F)c3)[nH]1)cn2-c1ccc(C#N)cc1,49.23
N#Cc1ccc(-c2ccc(-c3nc(-c4ccc(-c5cncc(C#N)c5)nc4)nc(-c4ccc(-c5ccc(C#N)cn5)nc4)n3)cn2)nc1,9.76
Cc1nnc2n1CCN(CCOc1ccc(C#N)cc1)C2,19.61
Cc1nc(C)c(C(=O)N=c2[nH]c(-c3ccc(C#N)cc3)cs2)nc1C,22.32
CC(C)(C)c1nc(-c2ccc(-c3cc(C=CC#N)nc(F)n3)cc2)nc(-c2ccc(-c3ccc(C#N)cn3)nc2)n1,22.91
N#Cc1ccc(NC(=O)c2cc(-c3ccc(-c4ccc(C#N)cc4)cc3)n(-c3ccc(C#N)cc3)n2)cc1,13.54
N#CC=Cc1ccnc(-c2ccc(-c3cccc(C#N)c3)cc2)n1,8.77
Cc1nc(CC(C)C)c(CN)c(-c2ccccc2)c1C(=O)NNc1ccccc1,24.67
N#Cc1cc(C#N)cc(NC(=O)c2ccc3c(-c4cc(C#N)cc(C#N)c4)cccc3n2)c1,27.72
CCN(CC)CCCN=c1ccc2cc(N=c3c4ccccc4[nH]c4cc(F)ccc34)ccc2[nH]1,34.28
COC(=O)C1Cc2c([nH]c3ccccc23)C(c2ccc(-c3ccc(-c4ccc(C#N)cc4)cc3)cc2)N1,22.46
O=C(c1ncnc2[nH][nH]c(=Nc3ccc4c(c3)CCC4)c12)N1CCCC1,33.77
N#Cc1ccc(-c2ccc(-c3[nH]c(-c4ccc(C#N)cc4)nc(=O)c3C#N)cc2)cc1,14.37
Cc1cn2c(=O)c(S(=O)(=O)Nc3ccccc3Cl)c(C)nc2s1,23.04
N#Cc1cnc2c(ccn2-c2ccc(C(=O)Nc3cccc(C(=O)Nc4ccc(C#N)c(C(F)(F)F)c4)c3)cn2)c1,29.36
CNC(=S)N1CCN(c2ccc3c(c2)C(=O)c2ccc(N=Cc4c[nH]c5ccccc45)cc2C3=O)CC1,28.45
N#Cc1ccc(-c2csc(-c3ccc(-c4nc(-c5ccc(C(=O)NCCCN)cc5)nc(N5CCOCC5)n4)cc3)n2)cc1,28.06
N#Cc1ccc(-c2ccc(-c3nccc(C#N)n3)cc2)cc1,10.01
N#Cc1cncc(-c2nc(-c3cccc(C#N)n3)nc(N3CCC(C(=O)O)CC3)n2)c1,17.79
CC(C)(C)c1cc(=NC(=O)c2ccc(-c3nc(-c4ccc(-c5ccc(C#N)cn5)nc4)nc(-c4ccc(-c5nc(C(F)(F)F)c[nH]5)c(C5CCCC5)c4)n3)cc2)[nH]o1,27.77
COc1cc(-c2cc(F)cc(F)c2)c(F)cc1-n1c(C(O)(c2ccc(-c3cccnc3)cc2)C(F)(F)F)cccc1=O,31.54
C=CC1(C)C(O)CCC(C)(O)C1C=CC1C2=CCC3CC(OC(C)=O)CCC3(C)C2CCC1OC(=O)C=Cc1cccc(OC(C)=O)c1,47.14
N#Cc1c(F)c(F)c(C#N)c(F)c1F,8.99
N#Cc1ccc(C=Cc2nc(-c3ccc(-c4cccc(C#N)c4)cc3)nc(-c3ccc(-c4nc(Cl)nc(Cl)n4)cc3)n2)cc1,20.82
CC(C)CC(c1ccc2ccccc2c1)n1nc(-c2ccc(C(F)(F)F)cc2)c(-c2ccc3c(c2)CCO3)n1,37.42
CC(=O)N=c1nc(-c2ccc(-c3cc(-c4ccc(-c5ccc(C#N)cn5)cc4)nc(-c4ccc(-c5ccc(C#N)cc5)cc4)n3)cc2)nc(N2CCOCC2)[nH]1,26.14
N#Cc1ccc(CNc2c(N3CCC(N4CCCC4)CC3)c(=O)c2=O)cc1,25.09
N#Cc1ccc(-c2nc(S(=O)(=O)c3ccc4ccccc4c3)c3ncccc3n2)cc1,25.59
CCC1(CCN(C)C)NC(C)c2c(NS(=O)(=O)c3ccc(Cl)cc3C#N)cc(Sc3nc4c(F)c(F)cc(F)c4[nH]3)c(F)c2NC1=O,46.72
N#Cc1ccc(-c2nc(-c3ccc(C(=O)NCCN4CCCCC4)cc3)nc(-c3ccc(-c4ccc(C#N)cn4)cc3)n2)cc1,15.28
CCCCN(C(=O)COC(=O)c1cccc(C)c1)c1c(N)n(CC(C)C)c(=O)[nH]c1=O,28.16
N#Cc1cccc(-c2ccc(C3C4C=CC(C4)C3[N+](=O)[O-])cc2)c1,24.49
N#Cc1cc(-c2ccc(CC(=O)Nc3ccc4c(c3)CCC(=O)N4)cc2)ccn1,23.84
N#Cc1ccc(-c2ccc(C(=O)N3Cc4c(-c5ccccc5)cc(-c5ccc(Cl)cc5)nc4C(F)C3)cc2)nc1,36.75
Cn1cccc1CCNC1=NC(=O)C(=Cc2ccc3ccccc3c2)S1,26.02
CC1(C)CC2=NC(C#N)C(C#N)C(c3nc(-c4ccccc4[N+](=O)[O-])no3)N21,44.31
N#Cc1cncc(-c2nc(-c3ccc(C(F)(F)F)nc3)nc(-c3cnc(N4CCC(F)C4)c(C#N)c3)n2)c1,20.32
N#Cc1ccc(-c2ccc(-c3nc(-c4ccnc(Cl)n4)c(Cl)nc3-c3ccc(C(c4ccc(Cl)cc4)c4ccc(C(N)=O)cc4)cc3)cn2)nc1,39.45
N#Cc1ccc2c(c1)-c1cc([N+](=O)[O-])cc3ccnc(c13)C2=O,20.78
O=C(NN=CCSc1nc(=O)c2ccccc2[nH]1)c1ccc(Cl)cc1,28.25
N#Cc1nc(-c2ccc(Cl)c(C(F)(F)F)c2)cc(C2CCN(C(=O)CO)C2)n1,25.35
N#Cc1ccc(-c2nc(-c3cccc(C#N)n3)nc3c(-c4cncc(C#N)c4)ccc(-c4nn[nH]n4)c23)cc1,24.85
N#Cc1ccc(-c2nc(N=c3nc(-c4ccc(C#N)cc4)[nH]n3-c3ccccc3)nc(-c3ccc(C#N)cc3)n2)cc1,18.33
N#Cc1ccc(-c2nc(N=Cc3ccccc3O)nc(-n3ccnc3)n2)cc1,22.3
CCc1nc(-c2cncc(C#N)c2)c(C#N)cc1-c1cnc(N2CCN(c3c(F)cc(N4CC(COc5ccon5)OC4=O)cc3F)CC2)cn1,30.69
O=C(NN=Cc1cc2ccccc2nc1Cl)c1nc2ccccc2[nH]1,25.84
CC(C)(C)c1ccc(Cc2[nH]c(=O)n(-c3nc(-c4ccccc4)nc(-c4ccc(-c5ccc(C#N)cc5)cc4)n3)c2O)cc1,29.67
NC(=O)C(Cc1ccc(-c2cccc(C(F)(F)F)c2)cc1)NC(=O)c1cccc(C(=O)N2CCCC2c2ccccc2)c1,29.44
N#CC=Cc1ccc(F)cc1,10.58
NC(N)=NCc1cncc(-c2ccc(-c3ccc(-c4nc(-c5ccc(O)cc5)nc(N5CCOCC5)n4)cc3)cc2)n1,27.75
N#Cc1ccc(N=Cc2ccccn2)cc1,14.42
Cc1ccc(Nc2c(N)c(=O)oc3ccccc23)cc1C(F)(F)F,22.27
CN1CCN(Cc2ccc(NC(=O)c3ccc(-c4cn5nc(-c6ccc(-c7ccc(C#N)nc7)cc6)ccc5n4)cc3)cc2C(F)(F)F)CC1,25.71
NC(=Nc1nc(N=Cc2ccc(O)cc2)cc(-c2ccc(C=Nc3cc(O)c(N)cc3O)cc2)n1)c1ccc(C(=O)O)cc1,33.26
Cc1cccc(-c2nccc(CN(Cc3ccccc3)Cc3cccc(C#N)c3)n2)c1,22.49
N#Cc1ccc(N=c2cc(-c3ccc(-c4ccc(F)c(C#N)c4)cc3)nc(N3CCC(N)C3)[nH]2)cc1,23.86
N#Cc1ccc(-c2ccc(-c3nc(-c4ccc(-c5ccc(C#N)cn5)nc4)nc(-c4ccc(-c5ccc(N)c(C#N)n5)c(F)c4)n3)cn2)nc1,11.55
N#Cc1ccc(-c2nc3cnccn3n2)cc1,16.16
Cc1ccc(N=Cc2ccc(C=NN3CCN(C=Nc4ccc(C)cc4Br)CC3)c(O)c2)cc1,28.99
N#Cc1ccc(C2CCN(C(=O)c3ccc(O)c(Cl)c3)CC2)c(C(=O)N2CCN(C=O)CC2)c1,33.41
N#Cc1ccc2c(c1)C(=O)c1ccc(Nc3nccc(Nc4ccc5c(c4)C(=O)c4ccc(N)cc4C5=O)n3)cc1C2=O,14.44
COc1nc(=N)cc(C(=O)Nc2cccc3c2CCc2ccc(Nc4ccc(F)cc4F)cc2C3=O)[nH]1,30.97
N#CC(c1ccccc1)n1cc(C=C2C=CC(=O)C=C2)c(=O)[nH]c1=O,31.11
N#Cc1ccc(-c2ccc(-c3nc4cc(N=c5nc(-c6ccccn6)cc[nH]5)ccc4[nH]3)cc2)cc1,17.75
CCn1ncc2c(-c3ccc(-c4ccc(F)c(C#N)c4)nc3)nc(C#N)nc21,19.07
N#Cc1ccc(-c2nc(-c3ccc(C=Cc4ccc(F)cc4)cc3)nc(-c3ccc(C(=O)NN=Cc4ccc(F)c(F)c4F)cc3)n2)cc1,28.67
Cc1ccc(C=C2SC(=S)N(Cc3ccc(C(=O)O)cc3)C2=O)cc1,17.13
CC(C)n1cnc2c(=NCc3ccccc3)[nH]c(=NC3CCC(NCc4ccc(F)c(Cl)c4)CC3)[nH]c21,26.04
N#Cc1ccc(-c2ccc(-c3nc4ccccc4[nH]3)cc2)cc1,14.33
ON=C(c1cc(C(F)(F)F)cc(C(F)(F)F)c1)N1CC=CCC1,25.14
CC(C)CN(C(=O)Oc1ccc(Cl)cc1)c1ccc(C(C#N)=NO)c(C#N)c1,32.41
N#Cc1ccc(-c2ccc(-c3nc(-c4ccc(-c5ccc(C#N)cn5)nc4)nc(-c4ccc(OCc5nnnn5-c5ccccc5)cn4)n3)cc2)cc1,25.99
N#Cc1ccc(-c2ccc(-c3nc(N4CCOCC4)c4ccncc4n3)cc2)cc1,13.89
N#Cc1ccc(CS(=O)(=O)c2ccc[nH]c2=NN=CCCc2ccccc2)cc1,35.3
N#Cc1ccc(-c2ccc(-c3nc(-c4ccc(-c5ccc(C#N)cn5)cc4)nc(-c4ccc(-c5ccc(C#N)cn5)cc4)n3)cn2)cc1,13.83
CCNC(=O)C1CC(OC)CN1c1nc(C#N)nc(-c2cncc(C#N)c2)n1,21.69
Cc1ccc2nc(COc3cccc(NC(=O)Nc4cccc(Cl)c4)c3)cc(=O)n2c1,23.59
O=C(O)CCNC(=O)c1ccc(-c2nc(C(F)(F)F)ccc2CNc2ccc(Cl)cc2Cl)cn1,24.57
Cc1cc(-n2ccc(-n3ccnc3)cc2=O)nc(-c2ccc(F)cc2)n1,30.11
N#Cc1cccc(-c2cn(-c3cc(NC(=O)c4ccc(C#N)o4)cc(C(F)(F)F)c3)cn2)n1,28.26
Cc1noc(-c2ccc(-n3c(O)c(O)c(C(=O)CC(C)C)c3-c3ccc(-c4ccc(C#N)nc4)cc3)cc2)n1,17.76
N#Cc1ccc(-c2ncc(C#N)cc2C#N)cc1,11.9
N#Cc1ccc(-c2ccc(-c3nc(Cc4ccc(-n5ccc(C(F)(F)F)n5)cc4)nc(-c4ccc(-c5ccc(C#N)cn5)cc4)n3)cn2)cc1,22.27
O=C1c2ccc(N3CCCC3=O)cc2CCc2ccc(Nc3nc(=NCCc4ccc(O)cc4)nc(Oc4ccc(Cl)c(Cl)c4)[nH]3)cc21,33.95
N#Cc1ccc(-c2nc(-c3cncc(C#N)c3)nc(-c3cccc(C#N)n3)n2)cc1,8.96
N#Cc1ccc(-c2nc(Sc3ccccn3)cc(N)c2C#N)cc1,21.53
Cc1ccc2cccc(OCc3c(Cl)ccc(N(C)C(=O)CNC(=O)c4sc5ccccc5c4Cl)c3Cl)c2n1,29.52
CCOc1nc(-c2ccc(-c3ccc(-n4cccc4)cc3)nc2)nc(N(C(=O)c2cccc(C#N)c2)c2ccc(C)c(C)c2)n1,35.09
Clc1ncc(Cl)c(N=c2[nH]c(-c3ccccn3)cs2)n1,18.22
Cn1cc(-c2ccc(-c3nc(-c4ccc(-c5ccc(C#N)cc5)cc4)nc(-c4ccc(F)cc4)c3-c3ccccc3)cc2)nc1C(N)=O,25.86
N#Cc1cc(-c2cncc(-c3nc(C(N)=O)c4c(n3)c3ccccc3n4CC3CCOCC3)c2)c2ccccc2c1,37.96
Cn1cc(C#N)nc1-c1ccc(-c2ccc(OC(F)(F)F)c(C#N)c2)nc1,15.24
CC(=NC(=O)C=Cc1ccc(Cl)cc1)C(=O)Nc1ccc(Br)c2ncccc12,36.17
CNC(=O)c1cccc2c1C(NCC(C)c1cc(C)c(N)c(Cl)c1)CCC2,36.04
COc1ccc(N=Cc2cccc(O)c2O)cc1,15.07
N#Cc1ccc(-c2ccc(-c3nc(C#N)cc(-c4ccc(-c5cccc(C#N)n5)nc4)n3)cn2)cc1,23.24
CN(C)CCCNCc1cnc(-c2ccc(-c3nc(-c4ccc(-c5ccc(C#N)cn5)nc4)nc(N4CCOCC4)n3)cn2)cn1,17.75
CC(C)(C)c1ccc(-c2ccc(-c3nc(-c4ccc(-c5ccc(C#N)cn5)cc4)nc(-c4ccc(-c5ccc(C#N)cn5)nc4)n3)cc2)cc1,12.33
N#Cc1ccc(-c2nc(-c3ccc(-c4ccc(C#N)cn4)nc3)nc(-c3ccco3)n2)cc1,14.35
N#Cc1ccc(-c2cc(-c3cccs3)nc(-c3c4ccccc4c(C#N)c4ccccc34)n2)cc1,18.62
CCC(NCC(=O)O)c1ccnc(-c2nc(-c3ccc(C#N)cc3)nc(-c3ccc(-c4noc(-c5cccnc5Cl)n4)cc3)n2)c1Cl,37.35
CC1CN(c2nc(-c3cccc(C#N)n3)nc(-c3cccc(C#N)n3)n2)CCN1C(=O)Cn1ccnn1,17.48
N#Cc1ccc(-c2ccc(Cc3nc(-c4ccc(-c5ccc(C#N)cn5)nc4)nc(-c4cccs4)n3)cc2)cc1,18.21
CC1(C)C(=O)Nc2cc3ccccc3cc21,19.49
Cc1ccc(S(=O)(=O)NCCN=c2[nH]c(-c3cccnc3)nc3c2CCN(c2ncccc2C(F)(F)F)CC3)cc1,31.54
Cc1cc(-c2ccc3c(c2)c(-c2ccc(C#N)cn2)nn3-c2ccc(C#N)c(C(F)(F)F)c2)nc(C)n1,32.99
CC#CCN(CCCCCCC)C(=O)N=c1[nH]c(C(C)(C)C)cs1,38.64
CCOc1cc(NC(=O)C(CCCN=C(N)N)NC(=O)C(CC2CCCNC2=O)NC(=O)CNC)cc2c1C(=O)c1cc(NC(=O)CCN3CCN(C)CC3)ccc1C2=O,49.51
N#Cc1ccc(-c2ccc(-c3nc(-c4ccc(F)c(F)c4)c(=O)n(-c4ccccn4)n3)cc2)cc1,23.1
C[n+]1cccc(-c2nc(-c3ccc(-c4ccc(C#N)cc4)cc3)nc(-c3ccc(-c4ccc(C#N)cn4)cc3)n2)c1,18.14
N#Cc1cccc(-c2nc(-c3cccc(C#N)n3)nc(N3CCCC3CN3CCOCC3)n2)n1,12.9
CCOc1nc(-c2ccc(-c3ccc(C#N)cc3)cc2)nc(-c2ccc(C#N)cc2)c1C=CC#N,17.44
N#Cc1ccc(-c2ccc(NCc3cn(-c4ccccn4)nc3-c3cccc(C#N)n3)cc2C#N)cc1,27.79
Cn1c(-c2cccc(-c3ccncn3)c2)nc(C#N)c1NC1CC1,21.01
C=CC(=O)Nc1ccccc1-c1nc(-c2ccc(C=Nc3ccc(N(CC)CC)cc3)cc2)nc(N2CCc3cccc(C(=O)N=c4[nH]c5ccccc5s4)c3C2)n1,31.18
COc1cc(C=CC(=O)OCC2OC(OC(=O)c3ccc(C)cc3)C(O)C(O)C2O)ccc1O,29.96
N#Cc1ccc(-c2ccc(-c3nc(-c4cccc(C#N)c4)ns3)cc2)nc1,15.93
O=C(c1cc(Cl)c(OCc2ccc(F)c(F)c2)cc1Br)c1cnn(-c2ccc(Cl)c(Cl)c2)c(=O)c1Cl,43.47
CC1(COc2ccc(-c3ncc(-c4ncnc(-c5ccc(-c6ccc(C#N)cn6)nc5)n4)cn3)cc2)COC1,27.8
Cc1nc(C=CC#N)c2cc(N=CN(C)C)ccc2n1,27.89
N#Cc1ccc(-c2ccc(-c3nc(Cc4ccc(-c5cccc(C#N)n5)cc4)nc(-c4ccccc4F)n3)cn2)nc1,20.1
CC(C)N(CCN(C(=O)N(C=NC#N)c1ccc(C#N)cc1)c1ccc(-c2ccc(C#N)cc2)cc1)C(C)C,30.45
Cc1cccc2c(C#N)c3ccccc3c(-c3nc(-c4ccc(-c5nc(-c6ccc(C#N)cc6)c(-c6ccc(C(F)(F)F)cc6)nc5-c5ccc(C#N)cc5)cc4)nc(-c4ccc[nH]4)n3)c12,38.58
CN1CCN(S(=O)(=O)c2ccccc2)CC1,19.22
Cc1cccc(Cn2c(=O)n(-c3ccccc3)c(=O)c3c(C)c(C#N)n(C)c32)c1,27.55
CCN(CC)C(=O)c1cccc2c(=NCCCCCN=c3c4ccccc4[nH]c4c(C)cccc34)c3ccc(C(=O)N4CCOCC4)cc3[nH]c12,41.99
N#Cc1cccc(C(F)(F)F)c1,14.38
COc1ccc(CN(C)c2ccc3c(c2)C(=O)c2ccc(N)cc2C3=O)cc1,22.06
Nc1cc(O)c(N=Cc2cc(Cl)ccc2O)cc1Nc1ccc(C(F)(F)F)cc1,19.21
Cc1ccc(C=Cc2nc(C#N)c(N3CCCC3)o2)cc1,17.63
Cc1ccc(-c2nc(-c3ccccn3)nc(C)c2C(=O)N2CCN(c3ccccn3)CC2)cc1,23.7
COc1ccc(N=Cc2ccccc2O)cc1,12.14
N#Cc1ccc(-c2ccc(-c3nc(-c4ccc(-c5ccc(C#N)cn5)nc4)nc(-c4ccc(F)nc4F)n3)cc2)cc1,15.04
N#Cc1ccc(-c2ccc(-c3nc(-c4ccc(-c5nc(C#N)c(N)n5COC(C#N)CO)cc4F)nc(N4CCOCC4)n3)cn2)nc1,23.9
N#Cc1ccc(-c2ccc(-c3nc(-c4ccc(-c5cc(F)c(F)c(F)c5)cc4)c(=O)c4ccc(-c5ccc(C(=O)NCCN6CCCCC6)cc5)nc4n3)cc2)cc1,31.51
CC(Oc1cncc(-c2cncc(C#N)c2)c1)c1ncnc(-c2ccc(C#N)cc2)n1,23.24
N#Cc1c2ccccc2c(-c2nc(CN3CCCCCC3)cc(-c3ccc4c(c3)OCO4)n2)c2ccc(Cl)cc12,31.02
N#Cc1ccc(-c2ccc(-c3nc(-c4ccc(-c5ccc(C#N)cn5)nc4)nc(-c4c(F)cc(C#N)cc4F)n3)cn2)nc1,19.12
N#Cc1cncc(-c2cccc(-c3nc(C#N)nc(N4CCOCC4)n3)n2)c1,12.08
Cc1cc(C(=O)Nc2cc(-c3ccc(-c4nc(COc5ccccc5)no4)cc3)ccc2N)n(C)n1,30.43
Cc1ccc(-c2nc(-c3ccco3)nc(N(C#N)C3CC3)n2)cc1,26.07
N#Cc1ccc(-c2ccc(-c3ccc(C#N)n3Cc3ccc4nc(-c5ccc(F)cc5)ccc4c3)cn2)nc1,25.64
CC(=NOCCN)c1ccccc1Nc1ccc2c(c1)C(=O)CC1(CCN(C(=O)c3ccc(C#N)cc3)CC1)O2,35.41
Cc1ccc(O)cc1-c1cc(N2CCOCC2)nc(-c2n[nH]c3ccc(-c4ccc(CN5CCN(C)CC5)c(C#N)c4)cc23)n1,36.02
CCCN(c1ccc(C#N)cc1C=Nc1ccc(C#N)cc1)C1CCN(C(C)C(=CC2CCCC2)c2ccc(C(=O)NC)cc2)CC1,51.04
N#Cc1ccc(-c2ccc(Cn3c(Cc4ccc(F)cc4)nc4cc(OCc5ccc(-c6ccccc6)cn5)ccc43)cc2)cc1,23.99
N#Cc1nc(Cl)c(=NS(=O)(=O)c2ccc(N)c3ccccc23)[nH]c1C#N,30.44
CN(C)C=Nc1nccc(N=CN2CCN(C=O)CC2)n1,11.17
CCNC(=O)N1CCC(c2nc(-c3ccc(C#N)cc3)nc(-c3nc(-c4ccc(-c5ccc(C#N)cn5)nc4)c(C#N)cc3-c3ccccc3)n2)CC1,24.27
N#CC=Cc1cc(C=CBr)nc(C=CC#N)n1,11.84
CN(Cc1ccccc1)C(=O)C1(c2ccccc2)C(CN2CCN(CC(c3ccccc3)c3ccccc3)CC2)CCCN1C(=O)c1ccccc1,29.65
N#Cc1ccccc1N1CCN(N=Cc2cccnc2)CC1,21.32
CCC(=O)OCC1Cc2c(C)c(C)c(OC)c(O)c2-c2cc3c(cc21)OCO3,30.33
CN(C)c1nc(NCC2OC(n3cnc4c(=N)[nH]cnc43)C(O)C2O)cc(=O)o1,32.92
C#CC(=O)N(C)c1nc(SCCNS(=O)(=O)c2ccc(F)c(F)c2)nc(-c2cccc(NS(=O)(=O)c3cccc4ccccc34)c2)n1,52.54
CN(C(=O)c1ccc(-c2cc(-c3ccc(C#N)cc3)ccc2C(=O)Nc2ccc3c(c2C(=O)O)CCCC3)cc1)C1CCN(C(=O)OC(C)(C)C)CC1,30.08
Cc1[nH]n(-c2ccccc2)c(=O)c1C(=O)c1ccccc1,18.08
N#Cc1ccc(-c2nc(-c3cccnc3)nc(-c3cccc(C#N)n3)n2)cc1,11.04
O=C(c1ccc(Cl)cc1)c1ccc(Cl)c(Cl)c1Cl,19.65
CN=c1cc2ccc(-c3nc(-c4ccc(-c5ccc(C#N)cc5)cc4)nc(N4CCN(C)CC4)n3)cc2c[nH]1,27.56
N#Cc1ccc(Oc2nc(-c3ccncc3)nc(-c3ccc(-c4ccc(C#N)cc4)cc3)n2)cc1,16.04
CN(C)C(=O)C1CNCCC1c1ccc(OCCCc2cc(-c3ccccc3)nc(C(F)(F)F)n2)cc1,33.65
N#Cc1nc(-c2ccc(-c3nc(Cl)nc(Cl)n3)cc2)ccc1-c1ccc(C(=NO)C(F)(F)F)cc1,25.32
COC1=CC(=Nc2ccccc2[N+](=O)[O-])C(=O)C(OC)=C1,26.89
CCN(c1ccncc1)c1ccc(OC)c(-c2nc(C)nc(-c3ccncc3)n2)n1,29.45
COc1cc(C=Nc2cc(O)c(N)cc2O)ccc1-c1nc(-c2ccc(C=Nc3cc(O)c(N)cc3O)cc2)nc(-c2ccc(C=Nc3cc(O)c(N)cc3O)cc2)n1,15.12
Cc1c2ccc3ccccc3c2c(C)[n+]2ccccc12,28.08
COc1ccc(CN(Cc2ccc(-c3ccccc3-c3nn[nH]n3)cn2)c2nc(Cl)ncc2Br)cc1,29.08
Cc1ccc2c(C=CC(=O)c3ccccc3)nccc2c1C,27.35
CC#Cc1ccc2nc(-c3ccc(C=NO)cc3)nn2c1,29.54
COCCn1c(Cc2ccc(-c3ccc(C#N)cc3)cc2)nc2cccc(O)c2c1=O,30.44
Cc1cc(-c2ccc(-c3cncc(N=CN4CCN(C=O)CC4)n3)cc2)cc(C)c1O,21.91
N#Cc1cncc(C=CC=Cc2ccc(-c3cncc(C#N)c3)cn2)c1,22.92
COC(=O)c1ccccc1Nc1ccc2c(c1)C(=O)NC2=O,19.29
CCN=c1[nH]c2c(Cl)c(Cl)ccc2nc1-c1ccc(C#N)c(C#N)c1,28.57
N#Cc1cccc(-c2nc(-c3cccc(C#N)n3)nc(N3CCC(C#N)CC3)n2)n1,8.67
COCCC(=O)Nc1ccc(-c2cc[nH]c(=Nc3ccc4[nH]ccc4c3)n2)cc1C#N,29.29
N=C(N)N1CCCC2ON=C2N=C1c1ccc(-c2cccc(-c3cccc(-c4nnn(CCCCCCCCCN=C(N)c5ccc(-c6ccc(F)c(C(F)(F)F)c6)cc5)n4)c3)c2)cc1,50.89
N#Cc1ccc(Cc2c(Cc3ccc(-c4ccc(F)c(=N)nc4)cc3)c3cc(F)ccc3n2C(=O)c2ccc(C#N)cc2)cc1,33.16
Cc1nc(-c2ccc(C#N)cc2)nn1-c1cc(F)cc(-c2nccnc2F)c1,25.53
CCCOc1nc(=NCC(C)C)c2cc(Cl)c(-c3ccc(-c4ccc5c(c4[N+](=O)[O-])OCO5)cc3)nc2[nH]1,40.59
CC(=O)N1CCC(c2nc(C#N)nc(-c3ccc(-c4ncnc5ncccc45)c(C4CCC(C(F)F)CC4)c3)n2)C1,40.22
N#Cc1cccc(-c2cc(N3CCC(CO)C(F)C3)nc(-c3cccc(C#N)n3)n2)n1,13.17
N#Cc1ccc2ccc(-c3nc(-c4c(F)c(F)c(C#N)c(F)c4F)nc(-c4c(F)c(F)c(C#N)c(F)c4F)n3)n2c1,21.26
CC1COCCN1c1nc(N2CCCC(N)C2)nc2oc(-c3ccccc3)nc12,25.93
N#Cc1c2ccccc2c(-c2nc(-c3c4ccccc4c(C#N)c4ccccc34)nc(-c3c4ccccc4c(C=O)c4ncccc34)n2)c2ccccc12,16.52
CC(CO)NC(=O)c1cc(-c2ccc(C#N)cc2)cc(-c2cnc(Br)s2)n1,31.59
CN(C)c1cc(=Nc2cc(C#N)cc(NC(=O)Nc3ccc(-c4ccccc4)cc3)c2)nc(C#N)[nH]1,32.04
Nc1ccc2c(c1)C(=O)c1ccc(Nc3cc(Nc4cccc5c4C4CCCN4C5=O)nc(Nc4ccc5c(c4)C(=O)c4ccc(N)cc4C5=O)n3)cc1C2=O,14.6
CN1C(=O)c2cc(Nc3nc(Nc4ccc5c(c4)C(=O)c4ccc(N)cc4C5=O)nc(Nc4ccc5c(c4)C(=O)c4ccc(N)cc4C5=O)n3)ccc2C(=O)C12CC2,11.32
C=CC(=O)Nc1ccc2[nH]cnc(=Nc3ccc(F)c(Cl)c3)c2c1,15.46
N#Cc1ccc(-c2nc3c(Br)c(-c4ncc(C#N)s4)nc(-c4cccnc4)c3[nH]2)cc1,36.54
N#Cc1cncc(S(=O)(=O)c2ccc(NC(=O)NC(=O)c3cc(F)c(F)c(C#N)c3F)cc2)c1,24.24
O=Cc1nc(-c2nc(-c3ccc(-c4cnn(CCN5CCN(CCO)CC5)c4)cc3)c3cccnc3n2)co1,28.99
Cc1ccc(C(=O)NN=Cc2ccc(C=NCc3ccc(-c4ccc(C=Nc5ccc6c(c5)C(=O)c5ccc(N(C)C)cc5C6=O)cc4)cc3)cc2)c(O)c1,38.59
N#Cc1ccc(-c2ccc(-c3nc(-c4ccc(-c5cccc(NC(=O)CN)c5)cc4)nc(N4CCOCC4)n3)cc2)cc1,22.66
CC(C)=CCc1c(O)cc(-c2c(O)cc(O)c3c(O)c4c(O)cccc4c(O)c23)c(C(=O)C=Cc2ccc(C(=O)O)cc2)c1O,42.72
N#Cc1ccc(-c2ccc(-c3nc(-c4ccc(-c5ccc(C#N)cn5)cc4)nnc3Cl)cc2)cc1,12.14
N#CC=Cc1nc(-c2ccc(C#N)cc2)no1,12.47
CN(C)Cc1cn(-c2ncccc2C(=O)N2CC(c3ccc(-c4ccc(Cl)cc4)nc3-c3ccc(C#N)cc3)=NN2)cn1,37.73
N#Cc1ccc(N=c2cc3n(c4ccccc24)CCn2cc(O)nc2-3)cc1,32.51
N#Cc1cccc(-c2ccc(-c3cnc(=N)[nH]c3)c(F)c2)n1,19.0
Nc1ccc(-c2nc3ccccc3s2)cc1,15.49
CCc1nc(Cc2cccc(C#N)c2)nc2c1ccn2Cc1ccc(C(=O)c2ccc3nc(C)ncc3c2)cc1,42.67
CC(NCCc1c2ccccc2c(C#N)c2ccccc12)C(=O)NCCCCCCN=c1c2c([nH]c3ccccc13)CCCC2,37.22
N#Cc1ccc(-c2nc(-c3ccc(C#N)cc3)nc(-c3ccccn3)n2)cc1,11.3
Cc1nonc1COc1ccc(F)cc1,22.55
CC(C)c1ncc2c(=O)n(-c3ccccn3)cnc2n1,23.17
N#CC(C#N)N=Cc1ccccc1,14.13
N#Cc1ccc(-c2nc(-c3ccc(O)cc3)cc(-c3ccc(C(=O)O)c(CC(=O)O)c3)n2)cc1,23.47
N#Cc1c(N)c2c([nH]c1=O)CC(c1ccc3c(c1)OCO3)C=C2c1ccccc1,23.81
N#Cc1ccc(-c2ccc(-c3ccc(-c4nc(Cl)nc(Cl)n4)cc3)cc2)cc1,9.73
CCCCc1nn(-c2ccc(-c3ccc(C#N)cc3)c(F)c2)c(=O)n1Cc1ccc(-c2ccccc2S(=O)(=O)NC(=O)c2c(F)cc(F)cc2F)cc1,31.43
Nc1cc(O)c(N=Cc2ccc(-c3cc(-c4ccc(-c5nc(Cl)nc(Cl)n5)cc4)cc(-c4ccc(-c5nc(Cl)nc(Cl)n5)cc4)c3)cc2)cc1O,13.44
N#Cc1ccc(-c2ccc(-c3nc(N=Cc4ccc(-c5nc(=O)o[nH]5)cc4)sc(=Nc4ccc(-c5ccc(-c6cc(C#N)cc(-c7ccc(C#N)cc7)c6)cc5)cc4)n3)cc2)cc1,35.87
N#Cc1ccc(-c2ccc(-c3nc(-c4ccc(C#N)cc4)nc(N4CCN(C(=O)c5ccccc5)CC4)n3)cc2)cc1,14.66
N#Cc1ccc(-c2nc(N3CCCCC3)c3nn(-c4ccc(F)cc4)nc3n2)cc1,21.14
Cn1nc(C(C)(C)C)c([N+](=O)[O-])c1C(=O)N=c1[nH]ccs1,24.79
CCC(=NO)c1c(-c2ccoc2)n(C)c2cc(-c3ccc(C(=O)NCC#N)cc3OC)ccc12,44.95
N#CC=Cc1ccc([N+](=O)[O-])c(C=CC#N)n1,16.8
O=[N+]([O-])C(C=Nc1ccc(F)c(F)c1F)c1ccccc1,29.96
Cc1cc(OCc2nc(-c3ccc(-c4ccc(C#N)cc4)cc3)nc(-c3ccc(-c4ccnc(Cl)n4)cc3)n2)ccc1OCC(=O)O,16.76
CN(C)C=Nc1nc2nn(-c3ccc(C#N)cc3)cc2c(=O)n1-c1ccccc1,27.52
CC1CCc2c(CN3CCCC(C(N)=O)C3)csc2C1,30.85
N#Cc1ccc(Nc2cc[n+]([O-])c3nc(-c4cc(Cl)cc(C#N)c4)ccc23)cc1,28.27
Clc1nc(Cl)nc(Cl)n1,9.03
Cc1ccc(-c2cn3c(=O)c(=Cc4ccncc4)sc3n2)cc1,21.18
CCc1nc2ccn(C(=O)Nc3ccc(-n4ncc(C(F)(F)F)n4)c(C)c3)c(=O)c2n1CCN1CCc2ccc(C#N)cc2C1,46.44
N#Cc1ccc(-c2nc(C#N)c(-c3cccc(-c4cc(-c5cccc(C#N)c5)[nH]c(=N)n4)c3)o2)nc1,23.75
N#Cc1cc(C#N)cc(-c2ccc(-c3nc(N4CCNCC4)c(=O)n(-c4cccc(C#N)c4)n3)cc2)c1,22.74
CC(=O)N=C(N)c1ccc(-c2nc(-c3ccc(C#N)cc3)nc(-c3ccc(-c4cc5ccc(C(=N)N)cc5o4)nc3)n2)cc1,30.71
CC1(C)OC(=O)c2c(C(N)=O)nc(-c3ncc(-c4cccc5ccccc45)[nH]3)nc21,38.68
N#Cc1cncc(C=Cc2cccnc2)c1,16.28
CCN(CC)c1nn(-c2ccc(C)cc2)c(=O)s1,22.62
O=C(O)C1=C2C(=Cn3ccnc3)OC23CCC1CC3,31.36
Cc1cc(-c2cc(-c3nc(-c4ccc(-c5ccc(C#N)cc5)cc4)nc(-c4ccc(-c5ccc(C#N)cn5)nc4)n3)ccn2)ccn1,23.07
N#Cc1cnn(-c2ccc(-c3ccnc(-c4ccc(-c5ncc(=N)[nH]c5C#N)c(F)c4Cl)n3)cc2)c1,30.6
COC(=O)c1ccc(-c2ccc(Cn3nc(-c4ccc(-c5ccc(C#N)cn5)nc4)nc3-c3ccc(C#N)cc3)cc2)cc1,24.4
Cc1cc(OCCCn2cnc3cc(C=CC(O)=NO)ccc32)cc(C)c1Cl,23.83
CC(C)(C)c1ccc(-c2nc(-c3c4ccccc4c(C#N)c4ccccc34)nc(-c3c4ccccc4c(C#N)c4ccccc34)n2)c2cccnc12,20.14
COc1cccc2c1NC(=O)C2(CCN(C)C)c1ccc(C(C)C)cc1,26.64
Oc1ccc(C=NCc2ccco2)cc1O,17.37
CNC(=O)c1nccc(-c2ccc3nccc(C=Cc4ccc(C#N)cc4)c3c2)n1,18.6
COc1cccc(N(C)c2cncc(-c3nc(-c4ccc(-c5ccc(C#N)cn5)cc4)nc(-c4ccc(-c5ccccc5)c(C(F)(F)F)c4)n3)c2)c1,30.67
Cc1cc(C)[nH]c(=NC(=NC(=O)c2ccccc2)N2CCN(C=Nc3c(F)c(F)c(F)c(F)c3F)CC2)n1,34.86
N#Cc1cc(NS(=O)(=O)c2c[nH]c(C(N)=O)c2)ccc1F,27.92
Cc1c(C#N)c(=O)cc(-c2ccc(-c3ccc(C#N)cn3)cc2)n1-c1ccc(F)cc1,20.54
N#Cc1ccc(-c2nc(-c3ccc(-c4ccc(C#N)cn4)nc3)ns2)cc1,13.86
Nc1cc(O)c(N=Cc2cccnc2)cc1N1CC1,18.15
Cc1sc2c(c1C)c(=O)n(-c1ccc(F)cc1)c(=O)n2CC(=O)Nc1ccc(F)c(F)c1F,26.57
N#Cc1ccc(-c2cccc(-c3cccc(-c4cccc(N5C(=O)c6ccccc6C5=O)n4)n3)n2)cc1,28.46
CCOC(=O)c1ccc2c(C#N)c3cccc-3c(-c3nc(-c4ccc(-c5ccc(C#N)cc5)cc4)nc(-c4ccc5ccccc5c4)n3)nc2c1,24.39
N#Cc1ccc2c(c1)C(O)(C(F)(F)F)c1ccccc1-2,12.63
CC(C)N=c1cc2nc(-c3cccc(C#N)c3)nc(OC3CC3)c2c(F)[nH]1,36.71
CSc1nc2ccccc2c(=O)n1-c1ccc(S(=O)(=O)N=c2o[nH]c(C)c2C)cc1,26.13
Cc1cc(C#N)ccn1,14.34
COc1cc(C#N)ccc1Nc1ccc(C#N)c2sc3ccccc3c(=O)c12,27.15
CC(NCCc1ccc(C#N)cc1)C1CCN(C(=O)OCCF)CC1,36.37
CCCc1cc(C=CC#N)nc(C=CC#N)n1,9.22
CN1CCN(c2nc(=NN=Cc3ccccc3C#N)cc[nH]2)CC1,26.09
N#CCOc1ccc(C=CC(=O)c2ccccc2)cc1,17.62
N#Cc1cccc(-c2nc(-c3ccc(C#N)nc3)nc(-c3cncc(C#N)c3)n2)c1,11.98
COc1ccc(-c2ccc3nc(C#N)nc(N4CCCCC4)c3c2)cc1F,26.86
N#Cc1ccc(-c2ccc(-c3nc(-c4ccccc4)nn3CC(=O)NC(Cc3ccc(N)cc3)C(=O)NCC3CCC(O)(CN4CCCCC4)CO3)cc2)cc1,57.17
CN1C(=O)c2cccc3ccc(CCN=c4[nH]cc(C#N)cc4Br)c(c23)C1=O,40.67
N#Cc1ccc(-c2ccc(-c3nc(-c4ccc(C#N)cc4)nc(-c4cncc(C#N)c4)n3)cc2)cc1,13.2
Cc1ccc(C=Nc2nc(Nc3ccc4c(c3)C(=O)c3ccc(NC(=O)CCl)cc3C4=O)c(N)cc2O)cc1,17.95
N#Cc1ccc(-c2ccc(-c3nc(-c4ccc(-c5ccc(C#N)cn5)nc4)nc(-c4cccc(F)c4)n3)cn2)nc1,12.75
N#Cc1ccc(-c2ccc(S(=O)(=O)NS(=O)(=O)NCCO)cc2)cc1,27.04
CCCc1nc(-c2ccc(-c3ccc(C#N)cc3)cc2)c(-c2ccccc2)n1-c1ccc(-c2ccc(-c3coc(C)n3)cc2)nc1Cc1ccc(-c2ccccc2-c2cccc(C(=O)O)n2)cc1,35.12
COc1ccccc1C=CC(=O)c1ccc(Cl)c(Cl)c1,18.3
N#Cc1ccc(CNC(=O)c2cc(=O)cc(-c3ccc(C#N)cc3)[nH]2)cc1,25.06
CC(C#N)NC(=O)C(Cc1ccccc1)NC(=O)c1ccc(-c2ccccc2)cc1,25.13
N#Cc1cc(F)cc(-c2ccc(-c3ncnc(-c4ccc(-c5ccc(C#N)c(F)c5)cc4)n3)cc2)c1,17.43
Cc1cc(C#N)nc(-c2cc(-c3cnc(-c4c[nH]c(C5CC5)n4)nc3-c3ccc(F)cc3)ccn2)n1,29.08
Cn1nc(-c2ccc(F)cc2)cc1-c1nc(-c2cccc(C#N)c2)cc2c1C1(CCCCC1)CN(C1CCCC1)C2=O,33.51
N#Cc1ccc(-c2ccc(-c3nc(-c4ccc(-c5ccc(C#N)cn5)nc4)nc(-c4cc(Cl)cc(Nc5cc(F)c(C#N)c(F)c5)c4)n3)cc2)cc1,27.03
N#Cc1cccc(-c2cc(N3CCC(O)CC3)nc(-c3cccc(C#N)n3)n2)n1,12.55
N#Cc1ccc(-c2ccc(-c3nc(-c4ccc(-c5ccc(C#N)cn5)nc4)cc(-c4cccc(Cl)c4)n3)cc2)cc1,14.27
CC1Oc2cc(S(=O)(=O)c3ccc4c(c3)OCO4)cc3c2N(CC(C)N(c2ccc(C(=O)O)cc2)C3=O)C1=O,40.42
Cc1c(N(Cc2ccc(-c3ccc(C#N)cc3)cc2)Cc2nc(-c3ccc(C#N)cc3)no2)cnc2ccccc12,26.98
N#Cc1ccc(-c2ccc(-c3nc(-c4ccc(-c5ccc(C#N)c(Cl)c5)nc4)nc(-c4ccc(-c5ccc(C#N)cn5)nc4)n3)cc2)nc1,15.9
Cc1ccc(-c2cc(C(F)(F)F)c(C#N)c(=O)[nH]2)cc1,20.64
C=CCC1CN(C(=O)c2cccc3c2[nH]c2ccccc23)CCN1c1cnc2ccccc2n1,34.9
N#Cc1ccc(Br)c(C#N)c1,14.14
CCS(=O)(=O)c1cccc(Oc2cc(-c3nc(C#N)nc4c3nc(C)n4C(C)C)ccc2Cl)c1,32.34
CCOC(=O)NC(=N)c1ccc(Cc2cc(-c3ccc(-c4cccc(C#N)n4)cc3)cs2)cc1,36.12
CC(C)(O)c1ccc(-c2nc(-c3ccc(-c4ccc(C#N)cc4)cc3)nc(-c3ccc(-c4ccc(C#N)cn4)cc3)n2)c(Br)c1,19.27
N#Cc1ccc(-c2nc(-c3cncc(C#N)c3)nc(-c3ccnc(F)c3)n2)cc1,11.27
N#Cc1ccc(-c2ccc(-c3nc(-c4ccc(-c5ccc(F)c(F)c5)nc4)nc(-c4ccncn4)n3)cc2)nc1,20.86
Cc1ccc2c(=NCC(O)CO)cc(C(=O)N(C(=O)Cc3ccc(C(F)(F)F)c(F)c3)c3ccc(-c4ccc(C#N)cc4)cc3)[nH]c2c1,42.23
CCOCCCN1c2ccccc2Sc2ccc(C#N)cc21,24.03
Cc1cc(C(=O)NCC2CN(Cc3ccc(C#N)cc3)CCO2)nc(-c2ccc(F)cc2)c1,26.62
Cc1nccc(-c2ccc(-n3nc(-c4ccc(-c5ccc(C#N)cn5)cc4)nc3-c3ccccc3)cc2)n1,16.28
OCC1OC(n2c3cc(Cl)ccc3c3c4c(cc(Cl)c32)OCCC4)C(O)C(O)C1O,30.22
N#CNC(=N)c1cc(-c2ccc(Cl)cc2)nc(-c2c(F)c(F)c(C#N)c(F)c2F)n1,25.73
N#Cc1c(F)c(F)c(-c2nc(-c3ccc(-c4ccc(Cl)cc4)cc3)nc(-c3c(F)c(F)c(C#N)c(F)c3F)n2)c(F)c1F,18.56
N#Cc1cc(-c2ccc(-c3nc(=O)c4ccccc4[nH]3)cc2)ccc1C(F)(F)F,18.82
O=C(C=Cc1ccccc1)Nc1cc(C(=O)c2ccccc2)ccc1O,24.81
CCN1CCc2c(sc(N=Cc3cccc(O)c3)c2C#N)C1,20.08
CN(C)c1ccc(N(C)c2ccc3c(c2)C(=O)C(=O)NC3=O)cc1,22.01
N#Cc1ccc(OCC(=O)Nc2ccc(C#N)c(C(F)(F)F)c2)c(C(=O)c2cc(F)c(F)c(F)c2)c1,31.49
N#Cc1ccc(-c2cccc(C(=O)Nc3ccc4c(c3)OCc3ccc(N)cc3C4=O)n2)cc1,17.83
Nc1cc(O)c(N=Cc2ccc(O)cc2)cc1Nc1ccc(-c2ccc(N=Cc3cc(O)ccc3O)cc2)cc1,17.72
Cc1cc(C)n(-c2nc(-c3cccc(C#N)n3)nc3ccccc23)n1,18.64
N#Cc1c2ccccc2c(-c2nc(-c3ccc4ccccc4c3)nc(-c3c4ccccc4cc4ccccc34)n2)c2ccccc12,18.06
Cc1ccc(Nc2cc(N=Cc3ccc4c(c3)OCO4)c(O)cc2N)cc1C#N,16.19
N#Cc1ccc(-c2c(C3CCCCC3)nc(-c3ccc(C#N)cc3)n(Cc3ccc(-c4ccccc4-c4nc(=O)o[nH]4)cc3)c2=O)cc1,26.9
COC1CN(c2nc(-c3ccc(F)c(F)c3)nc(-c3ccc(-c4cccc(F)c4)c(C#N)n3)n2)CCC1C(=O)O,27.87
Cc1ccc(Nc2nc(=NN=Cc3ccc(-c4cn5cc(C)ccc5n4)cc3)[nH]c(=Nc3ccccc3)[nH]2)cc1,33.38
O=Cc1ccc(N(CCBr)CCBr)cc1,17.11
CCCN1C(=O)C(=CC=Cc2ccccc2)SC1=S,18.94
O=C(O)c1cc(C=Cc2c[nH]ccc2=Nc2ccc3c(C=Cc4ccccn4)[nH]nc3c2)ccc1F,36.15
CN(C)C(=O)CSc1nc(-c2ccc(-c3ccc(C#N)cc3)cc2)c(-c2ccc(-c3nc(CN4CCCC4=O)no3)cc2)cc1C#N,40.29
Cc1ccc(-c2nc3ccccc3c(=NN=Cc3ccco3)[nH]2)cc1,23.25
CCc1c(-c2nc(-c3c4ccccc4nc4cc(C#N)ccc34)nc(-c3c4ccccc4c(C#N)c4ccccc34)n2)[nH]c2ccc(C#N)cc12,30.45
CCc1nc(-c2ccc(-c3nc(-c4ccc(C#N)cc4)nc(-c4ccc(C=CC(=O)Nc5ccc(F)cc5)cc4)n3)cc2)no1,19.43
Cc1cc(N=c2nc(-c3cccc(C#N)c3)c(F)c[nH]2)cc2cc(C(=O)N3CCN(C)CC3)[nH]c12,24.87
N#Cc1ccc(-c2nccnc2C2CN(C(=O)c3nc4ccccc4[nH]3)C2)cc1,19.69
N#Cc1ccc(-c2ccc(-c3nn(-c4ccc(C#N)cc4)nc3-c3ccc(-c4ccc(C#N)cc4)cc3)cc2)cc1,16.12
N#Cc1ccc(-c2ccc(-c3nc(-c4ccc(-c5ccc(C#N)cn5)nc4)nc(-c4ccc(C#N)cn4)n3)cc2)nc1,12.54
N#Cc1ccc(-c2ccc(-c3nc(=O)c4c5c(sc4[nH]3)CN(C3CCCC3)CC5)cc2)cc1,26.68
N#Cc1ccc(COc2ccc(C#N)cc2)cc1,13.18
N#Cc1c(N)cc(O)c(N=Cc2cccc(Cl)c2)c1C#N,15.94
C=Cc1nc(-c2ccc(C#N)cc2)nn1-c1cc(-c2ccc(C#N)c(C#N)c2)ccn1,21.68
C=c1cc(C)[nH]c1=Cc1cn(CCOCCN(C)C)c2ccccc12,28.2
N#Cc1cncc(COc2cc(C#N)cc(C#N)c2)c1,18.16
N#Cc1ccccc1-c1ccc(N2Cc3nn(-c4ccc(N)cc4)c(C(F)(F)F)c3C2=O)cc1,30.36
N#Cc1ccc(-c2ccc(-c3nnc(C(=O)NCc4cnc(N5CCCCC5)nc4)nc3-c3cccc(-c4ccccc4)c3)cc2)nc1,34.27
COc1cccc2c1Oc1cc(C#N)ccc1C21NC(=O)NC1=O,20.4
C#Cc1ccc(-c2nc(-c3ccc(-c4nc(-c5ccc(C#N)cc5)nc(-c5ccc(C=Nc6ccc(N)c(O)c6)cc5)n4)cc3)[nH]c2-c2ccc3[nH]c(O)c(C=Nc4ccc(Cl)cc4Cl)c3c2)cc1,47.79
N#Cc1ccc(-c2ccc(-c3ccc(-c4ccc(Cc5c[nH]cn5)cc4)c(C(=O)NCC4CCS(=O)(=O)CC4)c3)cn2)cc1,33.89
Fc1nc(Cl)nc(-c2ccc(-c3cc(-c4ccc(-c5nc(Cl)nc(Cl)n5)cc4)cc(-c4ccc(-c5nc(Cl)nc(Cl)n5)cc4)c3)cc2)n1,12.68
N#Cc1c(F)c(F)c(-c2nc(-c3ccc(-c4ncccc4F)cc3)cc(C(F)(F)F)n2)c(F)c1F,19.69
Cc1nc2n(n1)CC(NCc1ccc(N)cc1)CC2,21.76
CCc1nc(-c2ccc(-c3ccc(C#N)cc3)c(C#N)c2F)c(-c2ccccn2)n1CCC1CCCC1,38.56
N#CC=Cc1ccnc(Sc2cc(Br)cc(C#N)c2)n1,16.21
N#Cc1ccc(Cn2c(-c3ccc(-c4ccc(C#N)cc4)cc3)csc2=NN=CC2=C(Cl)c3ccccc3CC2)cc1,27.24
Cn1nc(-c2cccc(C#N)c2)nc1-c1ccc(-c2nc(C3CCCCC3)c[nH]2)nc1,21.14
Cn1nc(-c2cncc(C#N)c2)nc1-c1ccc(-c2ccc(C#N)cn2)nc1,20.52
CC(=O)NC(Cc1ccccc1)C(=O)C(=O)Nc1cccc(-c2nn[nH]n2)c1,23.79
N#Cc1cccc(-c2cccc(Nc3ccc4c(c3)C(=O)c3ccc(N)cc3C4=O)n2)n1,11.8
Cn1c(CN2C(=O)c3ccccc3C2=O)nc2c1C(=O)c1ccccc1C2=O,28.08
CCC(C(=O)Nc1c(Nc2ccc(C#N)cc2)c(=O)c1=O)c1ccc(C#N)cc1,23.1
COc1ccc(CCNS(=O)(=O)c2cccc(C(=O)Nc3ccc(C)c(F)c3)c2)cc1,27.14
Cn1c2c(c3cc(O)ccc31)C(=O)c1ccccc1-2,23.57
O=C1c2ccc(Nc3ccc4c(c3)OCO4)cc2CCc2ccc(OCCN3CCC(O)C3)cc21,25.29
N#CC=Cc1cc(-c2ccc(-c3ccc(C#N)cn3)cc2)nc(C=CC#N)n1,12.37
N#Cc1ccc(-c2ccc(CNCCN3CCN(CCCN=c4cc[nH]c5cc(Cl)ccc45)CC3)cc2)cc1,22.32
N#Cc1ccc(CNC(=O)c2nc(C#N)c3ccccc3c2O)cn1,16.69
COCCN1CCN(c2cc(-c3ncnc4ccc(-c5cnn(Cc6ccc(F)cc6)c5)cc34)ncn2)CC1,29.26
Nc1cc(=NN=Cc2ccc(Cl)cc2)[nH]cn1,23.38
Cn1ccc2c(-c3ccc(-c4ccc(C#N)cc4)cc3)nc(F)nc21,18.71
N#Cc1cccc(CN)c1,14.37
O=C(N=c1[nH]c2cc3c(cc2s1)C(=O)c1ccccc1C3=O)c1ccc(F)cc1,23.98
Clc1cc(-c2nc(Cl)nc(Cl)n2)cc(Cl)n1,13.04
CCc1cc(C)nn1-c1nc(-c2cncc(C#N)c2)cc(=NCCc2ccc(CC(=O)O)cc2)[nH]1,34.24
N#Cc1ccccc1-c1ccc(-c2c(C#N)c(N)n(-c3nc(C(=O)O)cs3)c(=O)c2C#N)cc1,26.01
CN1CCc2cc(Nc3nc(Nc4ccc5c(c4)C(=O)c4ccc(N)cc4C5=O)nc(Nc4ccc5c(c4)C(=O)c4ccc(N)cc4C5=O)n3)ccc2C1=O,13.05
N#Cc1nn[nH]c1-c1ccccc1,14.57
N#Cc1cc(C=Cc2ccc(C=Cc3nc4cc(C#N)ccc4nc3C=CC3CC(O)CC(=O)O3)cc2)c2ncccc2c1,33.26
Cc1ccc2c(c1)CCC(NC1CCN(C)CC1)C(=O)N2Cc1ccc(-c2ccccc2-c2noc(C)n2)cc1,32.43
N=C(NN=Cc1cn(-c2ccccc2)nc1-c1ccc(C(F)(F)F)cc1)c1ccccn1,23.66
N#Cc1ccc(-c2nc(-c3ccc(-c4ccc(Cl)c(Cl)c4)c(C#N)c3)nc(-c3c(F)c(F)c(C#N)c(F)c3F)n2)cc1,15.37
N#Cc1ccc(-c2nc3cccc(C=Cc4cccc(-c5cccc(C#N)c5)n4)c3s2)cc1,36.24
CC(C)(C)c1cc(=NC(=O)c2ccc(-c3cc(-c4ccc(C#N)cn4)n[nH]3)cc2)[nH]o1,22.93
CCCCCCCCCCCCNC(=O)C(N)=Cc1nccc(-c2ccc(-c3ccc(C[n+]4ccc(-c5ccncc5)cc4)cc3)cc2)n1,34.11
Cc1ccc(N=Nc2ccc(C(=O)O)cc2)cc1,16.86
N#Cc1ccc(-c2cc(C(F)(F)F)nc(-c3ccc(-c4ccc(C#N)cn4)nc3)n2)cc1,10.76
N#Cc1ccc(-c2ccc(-c3nc(-c4ccccc4)nc(-c4ccc(C#N)cn4)n3)cc2)cc1,17.38
N#Cc1ccc(-c2nc3nc(C(F)(F)F)cc(-c4ccccn4)n3n2)cc1,22.07
O=C(NCCCN1C(=O)c2cccc3c(Br)ccc(c23)C1=O)Nc1ccccc1,37.83
Cc1ccc(C2=NN(c3ccc(S(N)(=O)=O)cc3)C(c3ccccc3)C2)cc1,20.01
COc1nc(=N)[nH]cc1-c1nc(C#N)nc(N2CCC(F)C2)n1,22.81
Nc1cc(O)c(N=Cc2cccc(Cl)c2)cc1Nc1ccc(Br)cc1,14.17
N#Cc1ccc(-c2ccc(-c3nc(-c4ccc(-c5ccc(C#N)cn5)nc4)nc(-c4ccc(-c5ccc(F)c(Cl)c5)c(C#N)c4)n3)cc2)cc1,14.78
Cn1cc(NC(=O)c2cc(F)cc(C=CC#N)n2)cc1C(=O)Nc1ccc(C(=O)Nc2cc(C(=O)Nc3cn(C)c(C(=O)NCCN4CCOCC4)n3)n(C)c2)nc1,30.66
CCc1cc(-c2ccc(C(=NO)N3CCN(C4CCCCC4)CC3)cc2)ccn1,21.11
N#Cc1ccc(-c2nc(-c3ccc(-c4cccc(C#N)c4)cc3)nc(-c3ccccc3F)n2)cc1,15.22
N#Cc1ccc(-c2ccc(-c3nc(-c4ccc(-c5cccc(C#N)n5)cc4)nc(-c4cc(-c5cncc(C#N)c5)ccn4)n3)cn2)nc1,18.89
CN(CCO)C(=O)c1ccc(-c2ccc(-c3nc(-c4ccc(-c5ccc(C#N)cn5)cc4)nc(-c4ccc(-c5ccc(C#N)cn5)nc4)n3)cc2)cn1,26.04
Nc1ccc2c(c1)C(=O)c1ccc(NC(=O)c3ccccn3)cc1C2=O,11.32
N#Cc1ccccc1-c1ccc2nc(C(=O)N3CCSCC3)cn2c1,25.65
Cc1ccc(S(=O)(=O)Nc2ccc3c(c2)C(=O)c2ccc(N)cc2C3=O)cc1,15.54
CCCCCCCCCCCCN1C=C2C(=O)C=CC(C)(OC(=O)c3ccc[n+](C)c3)C(=O)C2C=C1C=CCOCCC,38.99
CC(NC(=O)C(=O)C(Cc1ccc(F)c(F)c1)NC(=O)C(NC(=O)C1Cc2ccccc2CN1C)C1CCCCC1)c1ccccc1,35.86
N#Cc1ccc(-c2ccc(-c3nc(-c4ccncc4)nc(-c4ccc(-c5ccc(C#N)cn5)nc4)n3)cn2)nc1,10.82
COc1ccc2c(c1)C(=O)N(CC1(C#Cc3ccc(-c4cnc(=N)[nH]c4)cc3)NC(=O)NC1=O)C2,21.72
COc1ccc(Oc2ccc(C#N)cc2)c(OC)c1,21.74
CN1C(N)=NC(C)(c2sc(-c3noc(-c4ccc(C#N)nc4)n3)cc2Cl)CS1(=O)=O,25.56
O=C(CON=Cc1ccccc1Cl)NCC1COc2ccccc2O1,25.67
CC(=NNC(N)=S)c1cccnc1,18.74
N#Cc1cc(-c2nnco2)ccc1Oc1ccc(Cl)cc1,20.76
N#Cc1cncc(-c2nc(-c3cnccn3)nc(-c3cccc(C#N)n3)n2)c1,11.85
N#Cc1ccc(-c2ccc(-c3nc(-c4ccc(C#N)cn4)nc(N4CCC(C#N)C4)n3)cc2)nc1,16.81
CC(NCc1cccc(-c2ccc(C(F)(F)F)cc2)n1)c1ccc(F)cc1,19.69
NN=CCc1c2ccccc2n2ccccc12,27.69
CCCNc1ccc(N=Cc2ccc(C=Nc3cc(Nc4ccc(C#N)cc4)c(N)cc3O)cc2)cc1O,20.67
CN(C)CC(O)COc1cccc(O)c1C(=O)C=Cc1ccc(Cl)cc1,24.76
N#CC=Cc1cc(-c2cccc(C#N)c2)cc(-c2nc(-c3ccc(-c4ccc(C#N)cn4)nc3)nc(=N)[nH]2)c1,26.12
CN1CCC(Oc2ccc(-c3ccc(NC(=O)c4ccnc(-c5cccnc5)n4)cc3)cc2)CC1,21.96
CNCc1nc(-c2ccc(-c3ccc(OC(C)C)c(C#N)c3)nc2)nc(-c2ccccn2)n1,24.74
N#CC=Cc1cc(C(=O)NC#N)nc(C=CC#N)n1,12.17
Cc1ccc(Nc2cc(N=Cc3ccccn3)c(O)cc2N)cc1C,12.32
N#Cc1ccc(-c2cc(-c3cn(-c4ccc(-c5ccc(C#N)cc5F)cc4)c(=O)n3-c3ccc(C#N)cn3)ccn2)cc1,24.27
Cc1nn(Cc2ccccc2)c(C)c1NC(=O)c1ccc(-c2ccc(F)cc2)nc1,23.53
N#Cc1ccc(N2CC3CC2CN3Cc2cccc3c2OCC3)c(C(N)=O)c1,33.82
CC(=O)c1cc(C)cc(C)c1NC(=O)c1ccccc1,22.58
Cc1cc(=O)nc(-c2ccccc2C#N)[nH]1,15.58
N#Cc1cncc(-c2nc(=NCc3cnccn3)nc(Nc3ccc4c(c3)C(=O)c3ccc(N)cc3C4=O)[nH]2)c1,23.49
N#CC(C#N)=c1ccc(=C(C#N)c2nc(C3CC3)no2)cc1,12.03
N#Cc1ccc(-c2cc(-c3ccc(-c4ccc(-c5nc(Cl)nc(Cl)n5)nc4)cc3)cc(-c3ccc(-c4nc(Cl)nc(Cl)n4)cc3)c2)cc1,14.51
Cn1c(-[n+]2ccc(-c3ccncc3)cc2)nc(-[n+]2ccc(-c3ccncc3)cc2)c(O)c1=O,12.4
Cc1ccc(-n2c(-c3ccc(F)cc3)nc(C(=O)Nc3ccc4c(c3)C(=O)c3ccc(N)cc3C4=O)c2C)cc1,24.01
N#Cc1ccc(-c2ccc(-c3nc(-c4ccc(-c5ccc(C#N)c(C(F)(F)F)c5)cc4)nc(-c4ccc(-c5ccc(C#N)cn5)nc4)n3)cc2)nc1,10.53
N#Cc1ccc(-c2ccc(-c3nc(-c4ccc(C5(C#N)CCCCC5)nc4)nc(-c4ccccc4C#N)n3)cc2)nc1,27.13
CC(C)C(C)(c1c[nH]c(-c2ccc(-c3ccc(C#N)cc3)cc2)n1)c1nc[nH]c(=N)c1Cl,37.93
N#Cc1ccc(-c2ccc(-c3nc(Br)c(C#N)c(-c4ccc(Cl)cc4)n3)cc2)cc1,17.45
Oc1cc(NCCc2ccccc2)c(O)cc1N=Cc1ccccc1,13.9
C=c1c(O)c(CO)c(=Cc2ccc(O)c(OC)c2)c(O)c1C=Cc1ccc(C=Nc2cc(C(C)=O)c(C)cc2C)cc1,48.41
CC1(C)CCN(C(=O)c2nc(-c3ccc(F)cc3)c3cc(Cl)ccc3n2)c2cc(N3CCNCC3)ccc21,37.36
Clc1ccc(Oc2ccc(N=Cc3ccc4ncccc4c3)cc2Cl)cc1,24.94
N#Cc1cc2cc(C(=O)c3ccccc3)ccc2nc1C#N,20.46
Cc1ccc(-c2nc(-c3ccncc3)oc2-c2cc(-c3ccc(-c4ccc(C#N)cc4)cc3)nc(-c3ccc(F)cc3)n2)cc1,28.6
Cn1cc(-c2cc(C(F)(F)F)nn2-c2ccc(C#N)cc2)c2ccccc21,20.57
COc1cc(C2CCN(C)CC2)ccc1N=c1ncc(C#N)c(-c2ccnc3[nH]cc(C#N)c23)[nH]1,29.84
Cc1cccc(C(=O)NC(Cc2ccccc2)C(=O)N=Cc2ccco2)c1,24.32
COC(=O)c1cccc(C=Cc2ccc(-c3cc(-c4ccc(-c5nc(Cl)nc(Cl)n5)cc4)nc(-c4ccc(-c5ccc(C#N)cn5)cc4)n3)cc2)c1,17.81
COc1ccc(CNCC=CC(=O)c2c[nH]cc(C#N)c2=Nc2ccc3[nH]ccc3c2C)cc1,32.87
CCN1CC(C)(C)Oc2nc(N3CC4CCC(C3)O4)nc(-c3ccc(NC(=O)Nc4ccc(OC(F)(F)F)cc4)cc3)c2C1=O,19.88
COC(=O)c1ccc(-c2c(C(=O)c3ccncc3)c3ccccc3n2Cc2ccc(-c3ccccc3-c3nn[nH]n3)cc2)cc1,30.65
Cn1cc(-c2cc(-c3nc(-c4ccc(C#N)cc4)nc(-c4ccc(-c5ccc(C#N)cn5)cc4)n3)n3cccc3n2)c(-c2ccc(F)cc2)n1,25.23
O=C(O)c1ccc2nc(-c3ccc(-c4cccc(-c5ccc(-c6nc(Cl)nc(Cl)n6)cc5)c4)cc3)[nH]c2c1,12.15
Cc1cc(C)cc(-c2cc(C=CC(=O)c3ccc(C#N)cc3)cc(N=C=S)c2)c1,31.77
N#Cc1ccc(-c2ccc(C(=O)c3cc(C#N)nn3Cc3cccc(C#N)c3)cc2)cc1,24.12
N#Cc1ccc(-c2nc(-c3ccc(C#N)cc3)nc(-c3ccc(-c4ccc(-c5cccc(-c6ccccn6)c5)cn4)cn3)n2)cc1,23.0
N=c1[nH]cnc2c1ncn2C1OC(COCCc2ccccc2)C(O)C1O,24.2
N#Cc1ccc(-c2ccc(-c3cc(C(=O)O)nc(-c4ccc(-c5ccc(Br)cc5)cc4)n3)cc2)nc1,19.95
N#Cc1ccccn1,13.04
O=C(NCCCn1ccnc1)C(Cc1ccccc1)=NC(=O)c1ccccc1,19.64
CC(C)[S+]([O-])c1cc(Cl)c(-c2nc(-c3ccc(C#N)cc3)nc(-c3ccc(-c4ccc(C#N)cc4)cc3)n2)c(Cl)c1,19.16
NS(=O)(=O)c1cc(Cl)c(NC(=S)NC(=O)c2cccc(F)c2F)c(Cl)c1,26.08
N#Cc1c2ccccc(-c3nc(-c4ccccc4)nc(-c4ccc(C=Nc5cc(O)c(N)cc5O)cc4)n3)c-2c2ccccc12,15.23
CC(C)(C)c1ccc(N=c2[nH]c(=O)c3ncn(Cc4ccc(-c5ccc(C#N)cc5)cc4)c3c(=O)[nH]2)cc1,29.17
CS(=O)(=O)c1ccc(-c2nc(-c3ccc(-c4ccc(C#N)cn4)cc3)[nH]c(=NC(=O)C3CC3)n2)cn1,29.32
c1csc(-c2ncon2)c1,21.07
N#CC=Cc1ccc(-c2ccc(-c3ccc(C#N)cc3)cc2)c(C#N)n1,14.77
CC(C)c1cc(Nc2ccc(C#N)cc2)cc(C(C)C)c1O,19.16
O=C(C=Cc1ccc([N+](=O)[O-])cc1)c1cc2c3c(oc2cc1O)C(=O)c1ccccc1C3=O,28.89
N#Cc1ccc(F)c(-n2[nH]c(C(=O)NC3CC(N)CCO3)cc2=NC(=O)c2cc(-c3ccccn3)c(F)cc2Cl)c1,31.58
CC(C)N(CCC(CCN(C)C)(c1ccccc1)c1ccccc1)C(C)C,23.92
N#Cc1nc2ccccc2c2c1CCc1ccoc1-2,25.46
N#Cc1cccc(-c2ccc(CNC(=O)Cn3c(=O)cc(Nc4ccc(Cl)c(C#N)c4)[nH]c3=O)cc2)c1,29.48
COC(=O)c1cn(C)c(C(C#N)=c2ccc(=C(C#N)C#N)cc2)n1,16.97
CCC(Cc1ccc2oc(-c3ccc(C#N)cc3)c(C)c2c1)Cc1cccc(C=CC#N)n1,44.88
COc1ccc(C(=O)C=Cc2cc(OC)c(OC)c(OC)c2)c(O)c1,19.02
Cc1nc(-c2ccc(-c3cc(C#N)nc(N=CN4CCN(C(=O)c5ccccn5)CC4)c3C#N)cc2)no1,31.57
N#Cc1c(NC(=O)C(C#N)C(N)=O)sc2c1CCN(C(=O)c1ccccc1)C2,28.16
N#Cc1ccc(-c2nc(-c3ccncc3)nc(-c3ccc(Cl)c(Cl)c3)n2)cc1C(F)(F)F,23.03
Cc1ccc(-n2cc(C(=O)N(C)Cc3ccncc3)c3ccccc3c2=O)cc1C,26.91
Cc1cc(C#N)cnc1-c1ccc(-c2nc(-c3ccc(-c4ccc(C#N)cn4)nc3)nc(-c3ccc(-c4ccc(C#N)cn4)nc3)n2)cc1,12.28
N#Cc1cncc(-c2nc(-c3cncc(C#N)c3)nc(-c3cc(C#N)cnc3C3CC3)n2)c1,12.91
N#Cc1cccc(Cn2cnc(-c3ccc(F)cc3)c2CCC2CC(O)CC(=O)O2)c1,24.5
Cc1ccn2ncc(-c3[nH]c(-c4c(F)c(F)c(C#N)c(F)c4F)nc3C(=O)O)c2n1,29.12
O=C(O)c1cc(-c2ccc(-c3nc(Cl)nc(Cl)n3)cc2)cc(-c2ccc(-c3nc(Cl)nc(Cl)n3)cc2)c1,10.05
CCCOC(c1ccc2c(c1)C=CC(C)(C)O2)=c1sc2nc3c(C)cccc3cc2c1=Cc1ccc(N(C)C)cc1,43.52
Cc1cc(=NN=Cc2cccc3ccccc23)nc(-c2ccc(C#N)cc2)[nH]1,17.93
N=C(N)c1ccc(-c2ccc(-c3nc4cc(C(=N)N)ccc4[nH]3)cc2)cc1,17.39
Cc1cc[nH]c(=NC(=O)c2ccc(-c3nc(C4CCC5CCC(=O)N5C4)n4cc[nH]c(=N)c34)c(F)c2)c1,22.52
Fc1c[nH]c(=NCCCN2CCN(c3ccc(Cl)c(Cl)c3)CC2)c2nc[nH]c12,32.23
N#Cc1cccc(-c2cc(C#N)cnc2-c2cnc(C#N)nc2)c1,16.28
N#Cc1ccc(-c2ccc(-c3nc(-c4ccc(-c5cccc(C#N)c5)cc4)nc(-c4cccc(C#N)c4)n3)cc2)nc1,12.83
C#Cc1cccc(N=c2cc(-c3cc(-c4cccc(C#N)n4)nc(=Nc4ccc(-c5cc(C#N)nc(C(N)=O)c5)cc4)[nH]3)[nH]c3ccc(N)cc23)c1,49.67
CCC=CCC1CCC=C1C=CCC=CCC=CCC=CCCC(=O)O,29.79
N#CCCN1CCN(c2cc(-c3ccc(F)cn3)cc(-c3ccc(C(=O)N=c4cc(C(F)(F)F)cc[nH]4)cc3)n2)CC1,21.03
CN(C)C(=O)c1ccc(-c2cc(C(=O)NC3(C(=O)Nc4cccc(C(F)(F)F)c4)CCC3)cc(-c3ccnc(C#N)n3)c2)cn1,37.57
Clc1nc(Cl)nc(-c2ccc(-c3cc(-c4ccc(-c5nc(Cl)nc(Cl)n5)s4)cc(C4CC4c4ccccn4)c3)cc2)n1,22.76
N#Cc1ccccc1-c1nc(-c2ccc(-c3ccccc3C#N)c(C(F)(F)F)c2)no1,28.02
Cc1c(C#N)c2ccccc2n1-c1ccc(C#N)cc1,20.02
C(=NN=c1nc(N2CCCCC2)[nH]c(N2CCCCC2)n1)c1ccc(-c2cccc(-c3ccccn3)n2)cn1,27.76
CCCCCCOc1ccc(-c2cccc(C=CC#N)c2)cc1,19.28
N#Cc1cccc(NC(=O)c2cc(C3CCCCN3S(=O)(=O)c3cccs3)nc(C(F)(F)F)n2)c1,29.19
N#Cc1ccc(-c2nc(-c3ccc(C#N)cc3)nc(-c3cccs3)n2)cc1,13.0
N#Cc1nnc(-c2ccc(-c3cnc(OCCCF)cn3)c(F)c2)c(C#N)n1,30.58
N#Cc1ccc(-c2ccc(-c3nc(-c4ccc(-c5ccc(C#N)cn5)nc4)nc(-c4cccc(C#N)n4)n3)cc2)nc1,10.94
N#Cc1ccc(-c2nnc(-c3ccc4[nH]cnc(=Nc5ccc(NS(=O)(=O)c6ccccc6)cc5)c4c3)o2)cc1,29.11
CC1CC(C)CN(c2nc(-c3ccc(C#N)cc3)nc(-c3ccc(OCOc4ccc(C(=O)C=Cc5ccc(Cl)cc5)cc4)cc3)n2)C1,30.17
Cc1cc(C)cc(Cc2c(-c3ccc(C#N)cc3)nc3cc(C)c(Br)c(C)n23)c1,20.37
CCOC(=O)c1cn(-c2ccc(C(C)=O)cc2)c(-c2ccc(OC)cc2OC)n1,27.53
Cc1cc(=O)c(C(=O)C=Cc2ccccc2)c(O)o1,15.15
N#Cc1cccc(Cn2nc(-c3ccc(OCc4ccccc4)cc3)[nH]c2=O)c1,27.49
N#CCOc1ccc(C2CCNCC2)cc1C=C(C#N)c1ccccc1,30.19
COc1nc(=Nc2ccc(C#N)cc2Br)[nH]c(=Nc2ccc(Cl)cc2)[nH]1,20.52
Cc1c(-c2ccc(-c3ccc(C#N)cc3)cc2)ccc2c(=O)nc(N3CCOCC3)oc12,23.71
O=C(C=Cc1ccc(O)cc1)c1ccc(O)cc1O,14.51
CCN1CCN(c2nc(=Nc3c(C)cc(C)cc3Sc3ccc(N)cc3)nc(C=Cc3ccc(-c4nc(Cl)nc(Cl)n4)cc3)[nH]2)CC1,29.86
Nc1ccc2c(c1)C(=O)c1ccc(Nc3nc(NCCN4CCOCC4)nc(Nc4ccc5c(c4)C=CS5(=O)=O)n3)cc1C2=O,16.59
N#Cc1ccc(-c2ccc(CNCCn3cccn3)o2)cc1,21.02
CC(C)NC(=O)N=c1nc(-n2cnc3ccccc32)[nH]c2c(C=CC#N)ncn12,33.07
Cc1cc(=O)oc2cc(OCc3nc(Nc4ccc5c(c4)C(=O)c4ccccc4C5=O)nc(=Nc4cc[nH]c(=NCC(C)O)n4)[nH]3)ccc12,34.05
N#CC=Cc1nc(C#N)c(N)c(C=CC#N)n1,9.32
N#Cc1cncc(Cc2ccc(-c3nc(C#N)ccc3C#N)nc2)n1,19.38
N#Cc1cc(F)ccc1S(=O)(=O)C1(c2ccc(C(F)(C(F)(F)F)C(F)(F)F)cc2)CCN(C(=O)N2CCN(C(=O)C3CCCC3)CC2)C1,35.59
CCOC(=O)c1ccc(NC(=O)c2nn(-c3ccc(CC)cc3)c(=O)c3ncccc23)cc1,29.86
CCOc1cc2[nH]c(N(CC)CC)nc(=NCc3ccc(F)c(F)c3)c2cc1OCC,24.17
CC(C)CC(=O)c1c(O)c(O)n(-c2ccc(C#N)cc2)c1-c1ccc(-c2ccc(C#N)cc2)cc1,15.73
N#Cc1cn(-c2ccc(-c3ccc(C(=N)N)cc3)cc2C(=N)N)nc1-c1ccc(-c2noc(-c3ccc(C(=N)N)cc3)n2)cc1,29.56
O=C(C[n+]1cnn(Cc2ccccc2)c1)c1ccc(Br)cc1,21.64
O=CN1CCN(C=Nc2ccccc2)CC1,11.65
N#Cc1cncc(-c2nc(-c3ccc(-c4cccc(C#N)n4)cc3)nnc2Cl)c1,15.36
N#Cc1ccc2ccc(Nc3nc(Nc4ccc5c(c4)C(=O)c4ccc(N)cc4C5=O)nc(Nc4ccc5c(c4)C(=O)c4ccc(N)cc4C5=O)n3)cc2c1,9.63
N#Cc1ccc(-c2cc(C(F)(F)F)n3ncc(-c4ccc(N=C=S)cc4)c3n2)cc1,23.28
N#CC(=Cc1ccc2c(c1)C(=O)c1ccccc1C2=O)c1cc(C#N)cc(C#N)c1,24.59
Cn1c(-c2ccc(-c3ccc(F)c(C#N)c3)cc2)c(C#N)c2cc(C#N)c(Br)cc21,20.12
N#Cc1ccc(-c2ccc(-c3nc(-c4ccc(Cl)cc4)nc(-c4ccc(-c5ccc(S(N)(=O)=O)cc5F)cc4)n3)cc2)cc1,21.51
N#Cc1ccc(-c2nc(=NC(=O)c3ccc(F)c(C#N)c3)cc(-c3ccc(-c4ccc(C#N)cn4)cc3)[nH]2)cc1,24.6
N#Cc1cncc(-c2nc(-c3cncc(C#N)c3)nc(-c3ccc(F)c(Cl)c3)n2)c1,12.96
N#Cc1cncc(-c2ncc(-c3nc(=O)cc(C(F)(F)F)[nH]3)c(F)c2F)c1,21.84
N#Cc1ccc(-c2ccc(-c3nc(OCc4ccc(F)cc4F)nc(-c4cccc(C#N)c4)n3)cc2)nc1,25.11
OC(Cn1ccnc1)(c1ccc(Br)cc1)c1c[nH]c2cc(Br)c(Br)cc12,29.28
N#CC=Cc1nccs1,15.31
Cc1cncc2nc(-c3cc(C#N)cs3)c(=O)n(CCC#N)c12,24.25
CCCCc1nc2nc(Cc3cccc(Cl)c3Cl)n(Cc3ccc(-c4ccc(C#N)cc4)cc3)c2c(=O)n1CCO,32.77
Cn1c(COCc2cccc([N+](=O)[O-])c2)nc(C(N)=O)c(C#N)c1=O,32.6
N#Cc1ccc(-c2nc(C(F)(F)F)c(-c3nc(CO)cc(-c4c(F)c(F)c(C#N)c(F)c4F)n3)c(F)c2F)cc1,24.61
CCc1ccc(-n2c(O)cc(N3CCN(C(=O)Nc4ccccc4)CC3)c2O)cc1,27.97
N=c1[nH]c(Cl)c(C=NO)nc1N=Cc1ccc(Cl)c(Cl)c1,31.64
N#Cc1ccc(-c2ccc(-c3nc4ccccc4c(=O)n3-c3cccc(Cl)c3)cc2)cc1,19.18
Cc1cc(N=c2nc(-c3ccncn3)cc[nH]2)cc2cc(C(=O)N(C)C3CCOCC3)[nH]c12,25.73
N#Cc1ccc(-c2nc(-c3ccc(N=Nc4ccc(-c5ccc(Br)cc5)cc4)cc3)cc(-c3ccc(-c4nc(-c5ccc(C6=NCCN6)cc5)nc5ccccc45)cc3)n2)c2ccccc12,46.11
COc1ccc(Cl)cc1NC(=O)CN(C)C1CCN(CCc2ccccc2)CC1,26.84
O=c1cc(N2CCOCC2)oc(-c2ccccc2)n1,16.27
O=S(=O)(Nc1cccnc1)c1ccc(F)cc1,19.46
COc1ccc(Br)c(C(=O)NN=Cc2nccn2C)c1,22.1
Cc1ccc(-c2cc(C(=O)N3CCN(c4ccc(F)cc4)CC3)nc(-c3ccc(C#N)cc3)n2)cc1C,21.16
COc1ccc2c(c1)C(=O)c1ccc(Nc3nc(Nc4ccc5c(c4)C(=O)c4ccc(N)cc4C5=O)nc(Nc4ccc5c(c4)C(=O)c4ccc(N)cc4C5=O)n3)cc1C2=O,14.33
Cc1nc(-c2ccc(F)c(NC(=O)c3ccc(OC(F)(F)F)cc3)c2)nc(-n2[nH]cc(C(=O)NCc3cc(F)cc(C#N)c3)c2=N)n1,41.24
Cn1c(C#N)ccc1-c1cccc(-c2c(F)cc3c(=O)c(C(=O)O)cn(C4CC4)c3c2F)c1,23.09
OC1(c2ccc(-c3ccc(-c4nsc(-c5ccc(-c6cccnc6)cc5)n4)cn3)cn2)CNCCOC1,33.1
COc1ccc(C=NCc2ccc(-c3ccc(C#N)s3)nc2)cc1,24.67
CNC(=S)NN=Cc1ccc(F)c(F)c1,22.2
Cn1c(-c2cccc(C#N)n2)nc(-c2ccc(C#N)cc2)c1-c1ccncc1,18.6
CCOC(=O)NC(C)(C)Cc1cnc(-c2ccccc2)s1,33.46
C=Cc1ccc(-c2nc3cc(NC(=O)Nc4ccc(-c5ccc(C#N)cc5)cc4)ccc3o2)cc1,27.39
N#Cc1ccc(-c2ccc(-c3nc(C#N)c4ccccc4c3C#N)cc2)cc1,16.04
CS(=O)(=O)c1ccc(C=C(c2ccccc2)c2ccccc2)cc1,17.84
N#Cc1ccc(-c2ccc(CCC(=O)c3ccc(CNc4ccc(Cl)cc4)c(OCc4ccccc4)n3)cc2)cc1,33.66
N#Cc1ccc(N=c2nc(Nc3ccc4c(c3)C(=O)c3cc(N)ccc3C4=O)cc[nH]2)cc1,16.26
N#Cc1ccc(-c2ccc(-c3nc(-c4ccccc4)cc(-c4ccc(-c5nc(-c6ccc(C#N)cc6)nc(-c6ccc(-c7ccc(C#N)cc7)cc6)n5)cc4)n3)cc2)cc1,17.86
N#Cc1cccc(-c2nc(C#N)c3ccc(-n4ccnc4)cn23)n1,20.72
CC(C)Oc1ccc(-c2nnc(-c3ccc(-c4noc(-c5ccc(C#N)cc5)n4)cc3)o2)cc1C#N,15.93
N#Cc1ccc(-c2nc(-c3ccccc3)nc(-c3ccc(-c4ccc(C#N)cn4)nc3)n2)cc1,9.96
COc1c(-c2cc3c(c(F)c2O)CCN(C)C3c2ccccc2O)cc(C=O)c2c1OCO2,48.29
N#Cc1ccc(Cc2cnc3ccc(C(=O)NC4CCC(N5CCC(c6cc(F)ccc6C#N)CC5)CC4)cc3c2Cl)cc1,34.15
Cc1cc(C=Cc2ccc(-c3ccc(-c4nc(-c5ccc(-c6cncnc6)c(F)c5)nc(N5CCOCC5)n4)cc3)cn2)cc(C(=O)N2CCOCC2)c1O,53.41
Clc1nc(Cl)nc(-c2cccc(Oc3ccccc3)c2)n1,14.44
N#Cc1ccc(C(=O)Nc2ccc3c(c2)C(=O)N(CC2CCCO2)C3=O)nc1,21.25
N#Cc1ccc(N2C(=O)c3ccc(C(=O)Nc4ccc5c(c4)C(=O)c4ccc(NC(=O)CCl)cc4C5=O)cc3C2=O)nc1,31.2
CCOC(=O)c1sc(N=c2nc(C#CC(=O)NCCc3ccccn3)[nH]c3ccc(-c4cccc(C#N)c4)cc23)nc1C,34.92
Cc1cc(SC2C(=O)CC(CCc3ccc(C#N)cc3)(C(C)C)OC2=O)c(C(C)(C)C)cc1CO,23.06
N#Cc1cc(O)cc(-c2ccc(-c3cccc(O)c3)cc2)n1,20.75
N#CC(=Cc1cccc(F)c1)c1cc(-c2ccc(OCc3ccccc3C#N)c(C#N)c2)nc(C#N)n1,34.59
N#Cc1ccc(-c2nc(-c3ccc(-c4ccc(C#N)cn4)nc3)nc(-c3ccc(C#N)cn3)n2)cc1,14.46
N#Cc1ccc(NC(=O)c2ccc(F)c(-c3ccc(C#N)nc3)c2)cc1,23.31
CC1(C)Cc2cc(C#N)ccc2C(n2ccc(=O)[nH]c2=O)C(NC(=O)c2ccc(-c3cncc(C#N)c3)nc2)C1,31.48
Cc1nc(Nc2ccc(-c3nc(C)no3)cc2)cc(-c2c(C#N)cnc3c(CC#N)cccc23)n1,33.15
N#Cc1ccc(COC(=O)c2cc(N=Cc3ccccc3C(=O)O)ccc2O)cc1,28.08
N#Cc1ccc(-c2nc(C(N)=NO)nc(-c3ccc(C#N)cc3)n2)cc1,17.13
N#Cc1ccc(-c2nc(-c3ccc(-c4ccc(C#N)c(C(F)(F)F)c4)cc3)nc(-c3cccc(C#N)n3)n2)cc1,16.32
Cc1nn(Cc2ccccc2)c(=O)n1-c1ccc(C#N)cc1,14.74
COc1ccc(N2CCN(c3ccc(NC(=O)N=c4cc(C(C)(C)C)o[nH]4)cn3)CC2)cc1,28.53
N#Cc1ccc(-c2ccc(-c3nc(-c4ccc5c(c4)CN(CCC(N)=O)CCC5)no3)cc2)nc1,28.43
O=[N+]([O-])c1ccc(C=Nc2ccc(N=Cc3cccc4ccccc34)cc2)cc1,22.19
N#CCC1(c2ccc(Cl)cc2)c2ccccc2CN1Cc1ccc(C#N)cc1,25.88
Nc1ccc2c(c1)C(=O)c1ccc(NC(=O)CON=Cc3ccccn3)cc1C2=O,17.45
N#Cc1ccc(Oc2ccc(N=c3cc[nH]c4cc(-c5ccc(C#N)cn5)c(F)cc34)cc2Cl)nc1,20.61
N#Cc1cncc(-c2nc(C#N)c(Cc3ccncc3)s2)c1,19.61
N#Cc1ccc(-c2ccc(-c3nc(-c4ccc5c(c4)CCCN5)nc(-c4c[nH]c5ccc(C#N)cc45)n3)cc2)nc1,24.98
O=C1CN(C(=O)CCc2nc(=O)c3ccccc3[nH]2)c2ccccc2N1,24.11
CC(C)c1nnc(SCc2nc(-c3ccccc3)no2)n1N,25.85
N#Cc1cncc(-c2cc(C#N)nc(-c3cncc(C#N)c3)n2)c1,11.4
N#Cc1ccc(-c2ccc(-c3noc(C(c4nnnn4Cc4ccc(OCc5ccccc5)cc4)N4CCC5(CC4)C(=O)NCN5c4ccccc4)n3)cc2)cc1,26.98
N#Cc1cccc(-c2nc(-c3cccc(C#N)n3)nc(N3CCC(O)C3)n2)n1,9.23
O=C(O)c1cc(-c2ccc(-c3ccc(C(F)(F)F)cc3)cc2)nn1C1CCCCc2cc(CNC(C(O)=NO)c3ccc(Cl)cc3)ccc21,52.13
N#Cc1cc(-c2ccc(-c3ccc(-c4nc(=NCCNC(=O)c5cccc(F)c5)n(-c5cccc(F)c5F)[nH]4)cc3)cc2)no1,40.19
N#Cc1ccc(-c2ccc(-c3nc(-c4ccc(-c5ccc(C#N)cn5)nc4)nc(-c4cc(F)ccc4F)n3)cc2)nc1,12.12
Cc1ccc(NC(=O)CN2C(=O)c3ccccc3C2=O)cc1,18.97
N#Cc1cc(=N)[nH]c(-c2cccc(-c3cccc(C4CC4)n3)n2)n1,19.23
N#Cc1ccc2c(=O)nc(-c3ccc(COc4ccccc4)nc3)[nH]c2c1,25.74
N#Cc1ccc(-c2ccc(CC(=NC(=O)c3ccccc3)C(=O)NC(CCc3ccccc3)C(=O)O)o2)cc1,25.24
N=c1ncn(CCC(C(=O)N=c2ccc(-c3ccccc3)c[nH]2)C(c2ccccc2)c2ccccc2)c2ccccc12,38.22
COc1nc(-c2nc(C#N)cc(-c3ncn4cc(C#N)ccc34)n2)ccc1C#N,28.12
C(=Cc1cccc2ccccc12)c1ccc(-c2nc(CC3CCCC3)no2)nc1,22.7
N#Cc1ccc(-c2ccc(-c3cc(-c4cncc(C#N)c4)nc(-c4ccc(C#N)cc4)n3)cc2)cc1,14.18
Cn1ncc(-c2ccc3nnc(CNCCCc4ccccc4)n3n2)c1-c1ccc(F)cc1,29.31
N#Cc1ccc(N2CC3CC3(c3cc(C#Cc4ccc(F)c(F)c4)cs3)C2)nc1,36.69
COc1ccc(Cc2c(-c3cc(OC)c(OC)c(OC)c3)nc3c4ccccc4ccn23)cc1,26.61
COc1cc(C(=O)NC(CO)c2ccccc2)ccc1-c1cc(Nc2ccc(C#N)cc2)c(=O)n(C)c1,23.86
N#Cc1ccc(-c2ccc(-c3ccc(-c4nc(-c5ccc(C(N)=O)cc5)cc(-c5ccc(-c6ccc(-c7nc(Cl)nc(Cl)n7)nc6)cc5)n4)cc3)nc2)cc1,22.88
C=CCN(C)CCCCCOc1ccc(-c2cncnc2)cc1,22.99
Cc1nc(C2CCCN(c3nc(C#N)nc(-c4cncc(C#N)c4)n3)C2)no1,15.56
N#Cc1ccc(C=Cc2nc(-c3ccc(-c4ccc(C#N)cn4)cc3)nc3ccc(C(=O)c4ccc(-c5cccc(C#N)c5)cn4)cc23)cc1,24.83
Cc1cc(Nc2cc(F)ccc2C#N)nc(=NCCN2CCN(C(=O)Nc3ccc(C#N)c(F)c3)CC2)[nH]1,39.72
COc1cc2c(Oc3ccc(NC(=O)c4nn(-c5ccc(OCCOc6ccccc6)cc5)c(=O)n4C)cc3F)ccnc2cc1OCCCN1CCN(C)CC1,25.52
N#Cc1ccc(-c2nc(C#N)c(C(=O)c3ccc(Cl)cc3)c3ccccc23)cc1,20.9
CC(C)(O)C1CCN(c2nc(-c3ccc(C#N)cc3)nc(-c3cccc(C(F)(F)F)c3)n2)CC1,27.74
COc1ccc(NC(=O)CC(C)=NNC(=O)Cc2ccccc2)cc1,21.44
N#Cc1c2ccccc2c(-c2nc(-c3c[nH]c4ccccc34)nc(-c3c4ccccc4c(C#N)c4cc(Br)ccc34)n2)c2ccccc12,26.85
N#Cc1ccc(NN=Cc2c(=O)n(Cc3ccccc3)c(O)c3ccccc23)cc1,24.52
N#Cc1ccc(-c2ccc(-c3nc(-c4ccc(-c5ccc(C#N)cn5)nc4)nc(-c4ccc(-c5cccc(C(F)(F)F)n5)nc4)n3)cn2)nc1,13.02
Fc1cc(Cl)nc(C2=NOC3CCCC23)c1,32.28
NC(=O)c1cn(-c2cccc(N)c2)nc1-c1ccccc1,27.29
CN(Cc1cc(C(F)(F)F)cc(C(F)(F)F)c1)C(=O)CNS(=O)(=O)c1ccc(Cl)cc1,24.97
CC(=O)NC1CCN(c2nc(-c3cccc(C#N)n3)nc(-c3cccc(C#N)n3)n2)C1,11.82
COc1ccc(C#Cc2c(C(=O)NCC3CCOCC3)sc3ccc(-c4cccc(C#N)c4)cc23)cc1,38.11
Cn1cc(-c2ccc(-c3ccc(-c4nc(-c5ccc(-c6nc(C7CCCN7C(=O)C(C)(N)CO)[nH]c(=N)n6)cc5)nc(N5CCOCC5)n4)cc3)nc2)cc(C#N)c1=O,38.39
CC(=NNc1ccc2c(c1)C(=O)c1ccc(N)cc1C2=O)c1cccc(C#N)c1,19.0
O=C(Nc1ccc(S(=O)(=O)c2ccc(-n3ccccc3=O)cc2)cc1)c1cnccn1,27.98
N#Cc1ccc(-c2ccc(-c3nc(-c4ccc(-c5ccc(C#N)cn5)cc4)nc(-n4cc(C#N)cn4)n3)cc2)cc1,17.33
Cc1cc(C)[nH]c(=NC(=O)NS(=O)(=O)c2cccc(Oc3ccccc3)c2)n1,27.95
COc1cccc(C=Cc2nc(-c3ccc(C#N)cc3)nc(-c3ccc(-c4ccc(C#N)cn4)cc3)n2)c1,17.61
COc1ccc(-c2ccsc(=NN=Cc3ccc(Cl)cc3Cl)n2)cc1,27.89
COC(=O)c1cc(C=NO)nc2cc(OC(C)=O)c(OC(C)=O)cc12,30.73
Cc1ccc(-c2nc(-c3c(F)c(F)c(C#N)c(F)c3F)nc(-c3c(F)c(F)c(C#N)c(F)c3F)n2)o1,15.3
N#CC=Cc1nc2ccccc2o1,13.88
O=C1CC(c2ccccc2)CC(=O)C1=CN=c1[nH]c(=O)[nH]c(=O)[nH]1,26.39
N#Cc1ccc(-c2ncc(-c3cccc(N=C(N)c4cccs4)c3)cn2)cc1,21.82
O=C(C=Cc1ccc(O)cc1)OC1OC(C(=O)N=Cc2ccccc2)CC(O)C1O,22.87
O=C1C(=Cc2cccnc2)Cc2cc(O)ccc21,17.7
CC(C)(c1nc(-c2ccc(-c3ccc(C#N)cc3)cc2)c2ccc(C#N)cc2n1)S(C)(=O)=O,24.33
CCS(=O)(=O)c1ccc(-c2nc(-c3ccc(C#N)nc3)ccc2-c2ccc(C#N)cn2)cc1,19.7
N#Cc1ccc(-c2ccc(-c3nc(-c4ccc(-c5ccc(F)c(C#N)c5)cc4)nc(-c4cccc(C#N)n4)n3)cn2)nc1,11.97
N#Cc1ccc(C2c3ccc4c(NO)cccc4c3-c3nc(C4CCN(C(=O)c5ccccc5)CC4)nn32)cc1,40.7
COCCNC(=O)N=c1cc2[nH]nc(-c3cccc(C#N)c3)c2c[nH]1,21.48
COc1ccc(N(Cc2ccccc2)S(=O)(=O)c2ccc(C(=O)N=c3[nH]ccs3)cc2)cc1,25.81
N#Cc1cc2c(-c3ccc4ccccc4c3)nc(Cl)nc2nc1N,24.46
N#Cc1ccc(-c2ccc(-c3nc(-c4ccc(-c5ccc(C#N)cc5)cc4)nc(-c4cccc(C#N)n4)n3)cc2)cc1,14.58
CCCOc1ccc(N=c2[nH]cc(N)c(=O)n2Cc2ccc(Cl)cc2)cc1,25.23
N#Cc1ccc(-c2ccc(-c3csc(N=Cc4cccc5ccc(C#N)cc45)n3)cc2)cc1,22.29
Cc1ccc(NC(=O)C2CCCN(S(=O)(=O)c3ccccc3)C2)cc1C,24.9
N#Cc1ccc(-c2nc(-c3ccc(-c4cccc(C#N)c4)cc3)nc(-c3ccc(-c4ccc(C#N)cn4)cc3)n2)cc1,11.24
N#CC1C(=N)Oc2ccc(Nc3ccc(Cl)cc3)cc2C1c1ccc(Br)cc1,24.59
S=C(NCCCCCN=c1c2c([nH]c3ccccc13)CCCC2)N(CCCN=c1cc[nH]c2cc(Cl)ccc12)CCCn1ccnc1,37.8
O=C1OC(=CBr)C=C1Cc1ccccc1,22.12
N#Cc1ccccc1Cn1cncc(C(=O)NCC#Cc2ccc3ncc(NC4CCNC4)cc3c2)c1=O,24.25
N#Cc1ccc(-c2ccc(-c3nc(-c4ccccn4)nc(N4CCC(C(=O)N5CCC(CC(N)=O)CC5)CC4)n3)cc2)cc1,23.99
CCOc1ccc(Nc2oc(-c3ccc(C)o3)nc2C#N)cc1,16.54
O=c1oc2ccccc2c(O)c1C(c1ccccc1)c1c(O)oc2ccccc2c1=O,24.48
CCc1cccc2c(-c3nc(-c4cccc5ccccc45)nc(-c4c5ccccc5c(C#N)c5ccccc45)n3)c3c(c(C#N)c12)OC(C)(C)CC3,22.7
N#CCCN(Cc1cn(-c2ccc(F)cc2)c(-c2ccc(Cl)cc2)n1)C(=O)Cc1n[nH]c(=O)c2ccccc12,30.33
CN1CCN(c2nc(Nc3ccc4c(c3)C(=O)c3ccc(N)cc3C4=O)nc(N3CCN(C=O)CC3)n2)CC1,11.71
O=C(C=Cc1ccc(Cl)cc1)NCCc1ccc(F)cc1,18.41
Cc1cc2nc(-c3cccc(NC(=O)c4cccc(C(F)(F)F)c4)c3)oc2cc1C,24.08
N#Cc1ccc(-c2cc(C#N)nc(C(=O)Nc3ccc(-c4cccc(C(=O)NC5CC5)c4)cc3)c2)cc1,19.14
Nc1ccc2c(c1)C(=O)c1ccc(Nc3cc(Nc4ccc5c(c4)CCCNC5=O)nc(Nc4ccc5c(c4)C(=O)c4ccc(O)cc4C5=O)n3)cc1C2=O,15.34
COc1cc2c(cc1C(F)(F)F)=NC(=O)Cc1ccc(F)cc1N=2,22.94
CC=c1nc(Cl)n(Cc2cccs2)c(=O)c1=Cc1ccc(C#N)cc1,35.28
N#Cc1ccc(-c2ccc(-c3nc(-c4ccncc4)sc3C(=O)Nc3ccc(C(N)=O)nc3)cc2)cc1,28.01
N#Cc1ccc(-n2cnc(Cl)c2-c2ccc(C#N)cc2F)cc1,18.63
NC(=NO)c1cn(-c2cccc(Cl)c2)c(=O)[nH]1,27.73
N#Cc1ccc(-c2ccc(-c3nc(N4CCOCC4)c4[nH]c5ccccc5c4n3)cc2)nc1,21.48
N#Cc1ccc(-c2ccc(-c3csc(CC(=O)Nc4ccccc4)n3)o2)cc1,24.25
NC(=O)c1cc(-c2cc[nH]c(=Nc3c(F)cccc3Br)n2)ncn1,29.5
Cc1ccc2sc(-c3ccc(C=NN=c4nc(-c5ccc(F)cc5)cn[nH]4)nn3)nc2c1,20.68
N#Cc1ccc(-c2cc(-c3cccc(C#N)c3)nc(-c3ccc(C#N)cc3)n2)cc1,11.03
COc1ccc(-n2nc(C(=O)N3CCN(C)c4ccccc43)cc2C#N)cc1,22.73
Cc1cc(-c2ccc3c(c2)C(=O)c2nc4cccc(F)c4cc2-3)ccn1,24.55
CCCCC(CC)C(c1cc(-c2ccc(C(=O)O)cc2)nc(Cc2ccc(-c3c(F)c(F)c(C#N)c(F)c3F)c(F)c2)n1)C(N)O,40.63
COc1cc2c3c(n(CCCN=[N+]=[N-])c(=O)c2cc1OC)-c1cc2c(cc1C3=O)OCO2,18.52
N#Cc1c(F)c(F)c(C(=O)Nc2ccc3nc(CN4CCCCC4)ncc3c2)c(F)c1F,29.85
Nc1ccc2c(c1)C(=O)c1ccc(NC(=O)c3cnn(-c4ccc(F)cc4)n3)cc1C2=O,18.67
N#Cc1ccc2c(c1)CN(C(=O)Nc1ccc(C(=O)NC3CCOCC3)cc1)C2,15.94
CC(C)NCC1Cc2cc3c(cc2-c2[nH]c4cc(C#N)ccc4c21)OCO3,24.87
N=c1[nH]c(=NCC2=CC3C=CC2C3)c2ncn(C3OC(COS(N)(=O)=O)C(O)C3O)c2[nH]1,34.03
CCn1c(COC)nc2c(sc3cc(C#N)ccc32)c1=O,29.27
N#Cc1ccc(OC2=NS(=O)(=O)c3ccccc32)cc1,16.73
COC(=O)c1ccc2[nH]c(-c3ccc(CCc4ccc(-c5nc(-c6cncc(C#N)c6)nc(-c6c7ccccc7c(C#N)c7ccccc67)n5)cc4)cc3)nc2c1,27.61
CC1(C)OC2OC(c3nc(-c4ccccc4)no3)C(OCc3ccccc3)C2O1,24.92
Cc1oc(=O)ccc1C1CCCN1c1nccc(-c2ccc(-c3ccc(C#N)cn3)cc2)n1,28.58
N#Cc1ccc(-c2ccc(-c3nc(C(N)=O)nnc3-c3ccc(-c4cccc(C#N)c4)cc3)cc2)cc1,23.45
CN1C(=O)NC(=O)C12Cc1ccc(Nc3nc(Nc4ccc5c(c4)C(=O)c4ccc(N)cc4C5=O)nc(Nc4ccc5c(c4)C(=O)c4ccc(N)cc4C5=O)n3)cc1C2,16.44
N#Cc1c[nH]c(=Nc2nc(=Nc3ccc(F)cc3Cl)cc(NC3CCCNC3)[nH]2)s1,28.27
Cn1cc(C=C(C#N)S(=O)(=O)c2ccccc2)c(=O)[nH]c1=O,23.01
N#Cc1ccc(-c2ccc(-c3nc(-c4cccc(-c5ccc(F)nn5)c4)no3)cn2)cc1,22.67
N#Cc1ccc(-c2cnc(C#N)nc2-c2cncc(C#N)c2)cc1,11.19
N#Cc1ccc(-c2ccc(-c3nc(N4CCOCC4)nc(-n4cnc5ccncc54)n3)cc2)cc1,19.67
O=C(C=C1C=Nc2c(c(O)c3ccccc3c2O)C1)Oc1cc(O)c2ccccc2c1O,36.0
NCCc1c(CN2CCCC2)cc(Cl)c(O)c1Cl,30.16
N#Cc1ccc(-c2ccc(-c3nc(-c4ccc(-c5ccc(F)c(F)c5)nc4)nc(-c4ccc(C#N)cn4)n3)cn2)nc1,14.83
N#Cc1ccc(Nc2oc(-c3ccc(-c4ccc(C#N)cn4)cc3)nc2C#N)cc1,9.64
C=CCc1cc(C=NCCCCCCN=c2cc[nH]c3cc(Cl)ccc23)ccc1O,28.06
Cn1ccc(Cn2nc(-c3cc(-c4cccc(C#N)n4)nc(C#N)n3)c3ccccc32)n1,26.41
Cc1sc(=NC(=O)c2ccc(Cl)c(Cl)c2)[nH]c1-c1ccc(-c2ccc(C#N)cc2)cc1,22.66
N#Cc1ccc(-c2nc(-c3ccc(Cn4c(C5CCNCC5)nc5ccccc54)cc3)co2)cc1,26.47
CCN(c1ccc(OCCN2CCCC2)c(Br)c1)c1nc(C)nc(SCc2cc(C=CC#N)nc(C=CC#N)n2)n1,25.68
Cc1cccc(N=c2[nH]cnc3ccc(-c4cccc(NS(=O)(=O)c5ccc(C#N)cc5)c4)cc23)c1,19.9
CCOC(=O)n1[nH]c(-c2ccncc2)nc1=N,22.73
CC(C)Oc1cccc(CN2CCC(N3CC(c4ccccc4)(c4ccccc4)NC3=O)C2)c1,29.61
CC1(C)CC(=Nc2ccc(Cl)cc2Cl)n2c1nc(C#N)c2N,31.27
CN(C)S(=O)(=O)c1ccc2c(c1)C=CC2=Cc1cccc[n+]1C,25.97
COc1ccc(N=c2[nH]c(-c3ccc(-c4ccc(C#N)nc4)cc3)c(CC(=O)O)s2)cc1Cl,31.53
CC(C)N=C(N)c1ccc2[nH]c(-c3ccc(-c4ccc(-c5ccc(C#N)cc5)cc4)cc3)nc2c1,18.0
CN(C)c1ccc2c(c1)C1CCC3C4CCC(O)C4(C)CCC3C1(C)CC2,29.21
N#Cc1ccc(-c2ccc(-c3nc(C#N)nc4cc(Cc5cnc(C#N)nc5)cc(Cl)c34)cc2)cc1,29.1
N#Cc1ccc(-c2nc(-c3nc(C#N)ccc3-c3ccc(-c4ccsc4)cc3)ccc2-c2cccc(C#N)c2)nc1,27.66
N#Cc1ccc(COc2ccc(-c3nc(-c4ccc(-c5ccc(C#N)cc5)cc4)nc(-c4ccc(-c5ccc(C#N)cn5)nc4)n3)cc2C#N)cc1,15.94
COc1c(-c2cn[nH]c2)oc2cc(C#N)c(C#N)cc2c1=O,27.74
Cn1c(-c2ccc(-c3ccc(-c4[nH]c(-c5c6ccccc6c(C#N)c6ccccc56)nc4-c4ccc(-c5ccc(C#N)cn5)cc4)nc3)cc2)nc(Cl)c1Cl,26.35
CN(C)CCCNC1CCc2c(-c3nc(-c4ccc(S(C)(=O)=O)cc4)nc(-c4ccccc4F)n3)cccc21,30.93
Fc1ccc(Oc2nc(C(Cl)(Cl)Cl)nc3cc(Cl)ccc23)cc1Cl,23.45
Cc1cc(S(N)(=O)=O)ccc1NC(=O)C=Cc1ccc(C#N)cc1,20.27
Cn1c(C#N)ccc1-c1cccc(-c2cc(=NC(=O)C3CC3)nc(-c3ccc(C#N)cc3)[nH]2)c1,23.32
Cc1nc(-c2ccc(C#N)cc2)sc1C=C(C#N)C(=O)N(C)c1ccccc1Cl,32.53
CCOc1nc(C)nc(N=CN2CCN(c3nc(-c4ccc(C#N)cc4)cs3)CC2)n1,30.54
CC(=O)c1ccc(-c2ccc(-n3nc(C#N)c4nc(C=Cc5ccc6ccccc6c5)n(-c5ccc(-c6ccc(C#N)cc6)cc5)c4c3=O)cc2)cc1,40.19
N#Cc1ccc(-c2ccc(CCn3c(N)c(Cc4ccc(-c5ccc(NS(=O)(=O)c6cccc(C#N)c6)cc5)cc4)c(=O)[nH]c3=S)cc2)cc1,37.43
FC(F)(F)c1nccc(-c2ccc(-c3ccc(-c4ncc5c(n4)-c4cnn(CCc6ccccc6)c4CC5)cn3)cc2)n1,32.91
Cc1cc(C#N)ccc1-n1c(=O)c(C#N)cc2c(=O)[nH]c(C#N)nc21,24.98
C=CC(=O)Nc1ccc(NC(=O)c2ccc(F)cc2)c2cc(N)ccc12,30.71
Cc1ccccc1N=C(N)N=C(N)N,16.61
COC(=O)CCC1NC(=O)c2ccc(Nc3nc(Nc4ccc5c(c4)C(=O)c4ccc(N)cc4C5=O)nc(Nc4ccc5c(c4)C(=O)c4ccc(N)cc4C5=O)n3)cc2NC1=O,13.68
N#CC=Cc1nc(-c2ccc(-c3nc(C=Cc4ccccn4)nc(-c4ccc(-c5ccc(C#N)cn5)cc4)n3)cn2)c2ccccc2n1,22.9
N#Cc1cc(F)c(Cl)c(C#N)c1F,15.79
N#Cc1ccc(-c2ccc(-c3nc(CCN)nc(-c4ccc(-c5cccc(C#N)n5)cc4)n3)cc2)cc1,16.27
COc1ccc(CCOc2ccc(NC(=O)NCCCl)cc2)cc1,27.36
N#Cc1cncc(-c2nn3ccc(C#N)cc3c2Cc2cccc(C(=O)NS(=O)(=O)c3ccccc3)n2)c1,30.78
CC(c1ccc2ccccc2c1)c1nnc2nc(-c3cccc4ccccc34)cnn12,32.29
O=c1c(C(F)(F)F)nc2c(Cl)cc(Cl)cc2n1C1CCCC1,29.2
CCN(C(=O)C=C(C)C=CC=C(C)C=CC1=C(C)CCCC1(C)C)c1ccccc1,25.56
Cc1ncn(-c2ccc(-c3ccnc(-c4cncc(C#N)c4)n3)c(CN3CCOC(C(F)(F)F)C3C)c2)n1,42.12
Cc1cc(N2CCN(c3ccc(-c4cccnc4)nc3)CC2)nc(N(C)Cc2nc3ccccc3[nH]2)n1,39.72
N#Cc1ccc(-c2ccc(Cl)cc2)c(C(=O)C(C#N)(c2ccncc2)c2ccc(Cl)s2)c1,40.1
Clc1ccc(-[n+]2ccc(-c3ccncc3)cc2)c2cccnc12,17.11
N#Cc1ccc(NC(=O)c2ncnc(F)c2Cl)cc1,19.39
Cc1ccc(=Nc2nc(-c3ccc(Cl)cc3)c(-c3c(C)[nH]c4ccccc34)s2)[nH]c1,30.98
N#CC=Cc1cc(Nc2ccc3c(c2)C(=O)CC3)nc(Nc2ccc3c(c2)C(=O)c2ccc(N)cc2C3=O)n1,15.27
CN(C)CC1CCc2cc(-c3nc(-c4ccc(-c5ccc(C#N)cn5)cc4)nc(-c4ccc(-c5ccc(C#N)cn5)nc4)n3)ccc2O1,21.38
Oc1ccc(Cl)cc1C=Nc1ccc(N=Cc2ccc(Cl)cc2)c2ccccc12,17.62
O=C(C=Cc1cc2cccc(Cl)c2nc1Cl)c1ccc(O)cc1O,22.73
Cc1ccc(SCc2ccc(C#N)[n+](C)c2)c(C)c1,29.44
CCOC(=O)c1ccc(C(=O)C=Cc2cccc(OCC(=O)c3ccc(C#N)cc3)c2)cc1,28.01
COc1cccc2c(C=Cc3ccccc3)ccnc12,17.9
Cc1nc(-c2cc(C#N)ccc2F)ccc1-c1ccc(C(=O)NCCO)cc1,21.17
COc1ccc(-c2ccccc2OCCN2CCC([S+]([O-])c3ncccn3)CC2)cc1,33.94
O=C(NCc1ccccn1)c1cccnc1Oc1ccc(N=c2cccc[nH]2)cc1,20.79
N#Cc1ccc(N=c2[nH]cc(Cc3ccc4ccccc4c3)s2)nc1,21.62
N#Cc1ccc(C=NNC(=O)Nc2ccc(-c3cc(-c4ccc(C=CCN5CCOCC5)cc4)nc(-c4cccs4)n3)cc2)cc1,32.27
N#Cc1ccc(-c2ccc(-c3noc(Cc4cc(C(F)(F)F)cc(C(F)(F)F)c4)n3)cc2)cc1,17.9
N#Cc1ccc(-c2ncc(-c3ccccc3)c(C#N)n2)cc1,17.73
Cc1c(N=C2NC(=O)C(=Cc3ccc(-c4ccc(C(=O)O)cc4)o3)S2)c(=O)n(-c2ccccc2)n1C,19.8
N#CCC(=O)NNCCc1ccccc1,24.11
O=C(O)c1ccc2c(c1)C(=O)c1c(CO)cccc1C2=O,21.62
Oc1cc(C(F)(F)F)ccc1-c1nc(-c2ccc(-c3ccc(-c4csc(OCCF)n4)cc3)cc2)nc(-c2ccc(-c3nc(Cl)nc(Cl)n3)cc2)n1,35.06
Nc1ccc2c(c1)NC(=O)c1ccc(Nc3nc(Nc4ccc5c(c4)C(=O)c4ccc(N)cc4C5=O)nc(Nc4ccc5c(c4)C(=O)c4ccc(N)cc4C5=O)n3)cc1C2,10.96
CNC(=O)c1ccc(Cl)c(N=c2[nH]cnc3cc(N)c(C#N)c(C=C(C#N)C#N)c23)c1,35.79
CCOc1c(O)cc(C=C2SC(N3CCSCC3)=NC2=O)cc1Br,32.06
N#Cc1ccc(-c2cc(C(N)=O)nc3cc(CNc4cc(C#N)cc(-c5ccc(-c6ccnc(Cl)n6)cc5)c4)ccc23)nc1,27.5
Cc1ccccc1CC1(CO)CCCN(Cc2ccc(C#N)cc2)C1,19.89
N#Cc1cc(C#N)cc(Oc2ccc(NS(=O)(=O)c3ccccc3)cc2C#N)c1,18.23
N#Cc1ccc(COc2ccn(-c3ccc(OCCCN)c(NS(=O)(=O)c4ccc(F)c(Cl)c4)c3)c(=O)c2)cc1,42.01
N#Cc1ccc(-c2cc(-c3ccc(C#N)cc3)c(C#N)c(-c3ccc4ccccc4c3)n2)cc1,20.87
N#Cc1ccc(C2CN(CC(F)(F)F)C(c3ccc(C#N)cc3)C2C#N)cc1,19.41
N#Cc1ccc(Nc2cc(N=Cc3ccccc3O)c(O)cc2N)cc1,13.49
NCc1cccc(-c2cccc(NC(=O)c3cccc(C(F)(F)F)c3)c2)c1,22.59
N#Cc1ccc(-c2cc3cc(-c4ccc(F)c(-c5ccccc5F)n4)cnc3[nH]2)cn1,27.81
N#Cc1ccc(-c2c(NCCO)c(C(F)(F)F)nc3ccccc23)cc1,29.94
N#Cc1ccc(-c2ccc(-c3nc(-c4ccc(-c5cc(Cl)cc(C#N)c5)cc4)nc(-c4ccc(-c5ccc(C#N)cn5)nc4)n3)cn2)nc1,12.01
COCCNC(=S)NN=C1CCc2ccccc21,22.03
N#Cc1nc(C#N)c(C#N)c(=N)[nH]1,12.79
O=C(O)c1ccc2nc(-n3cnc4cc(Br)c(Br)cc43)sc2c1,34.47
N#Cc1ccc(-c2ccc(-c3nc(-c4ccc(-c5ccc(C#N)cn5)nc4)nc(N4CCOCC4)n3)cn2)nc1,10.05
N#Cc1ccc(-c2ccc(-c3nc(-c4ccc(-c5ccc(C#N)cn5)c(F)c4)nc(-n4ccnc4)n3)cn2)nc1,15.18
N#Cc1ccc(-c2ccc(-c3nc(-c4ccc(C#N)nc4)cc(-c4ccco4)n3)cn2)nc1,18.3
Cc1cc(-c2ccncc2)[nH]c(=Nc2ccc(C#N)cc2)n1,14.82
Fc1ccc(-c2snnc2-c2ccc3c(c2)OCO3)cc1,27.15
N#Cc1cnn(-c2ccc(-c3sc(N=Cc4ccc(O)cc4O)nc3-c3ccc(O)cc3)cc2)c1-c1ccccc1,25.77
N#Cc1ccc(-c2ccc(-c3nc(-c4ccc(-c5cc(-c6ccc(Cl)cc6)nc(-c6ccccc6)n5)cc4)nn3Cc3c(F)c(F)c(F)c(F)c3F)cc2)cc1,27.67
Cc1nc(=Nc2ccnc(-n3cc(-c4cncc(N5CCN(C)CC5)c4)nc3-c3cccc(C#N)n3)c2)cc[nH]1,22.61
Cc1cc2c(c(=O)o1)C(c1ccc(Cl)nc1Cl)C(C#N)C(=N)O2,23.56
Cn1c(-c2cccc(-c3cccc(-c4ccc(-c5nc(Cl)nc(Cl)n5)cc4C(F)(F)F)n3)c2)nc(-c2ccc(-c3ccc(-c4ccc(C#N)cc4)cc3)cc2)c1-c1ccccc1,29.84
N#Cc1cccc(C(=O)N(Cc2ccc(-c3ccc(C(F)(F)F)cc3)cc2)Cc2ccc(-c3ccc(CNCCc4ccc(C(F)(F)F)cc4)cn3)cc2)c1,21.4
Cc1cnc(C(=O)N(Cc2ccc(-c3ccc(C#N)cc3)cc2)Cc2cccc(C(=O)NCCc3ccccc3)c2)cn1,35.82
CN1CCC(N2C(=O)c3ccc(Nc4nc(Nc5ccc6c(c5)C(=O)c5ccc(N)cc5C6=O)nc(Nc5ccc6c(c5)C(=O)c5ccc(N)cc5C6=O)n4)cc3C2=O)CC1,11.19
CC(=O)c1ccc(C(C)Oc2ccc(-c3coc4ccccc4c3=O)cc2C#N)cc1,38.95
CNC(=O)c1ccc(-c2cc(-c3cccc(C#N)n3)nc(-c3ccc(-c4ccc(C#N)cn4)nc3)n2)cc1,18.35
CC(=O)Nc1ccc(S(=O)(=O)Nc2ccc3ccccc3c2C#N)cc1,23.3
N#Cc1ccc(-n2cnc3cnc4ccc(-c5cccc(-c6ccccn6)c5)cc4c32)cc1,32.67
CN1CCN(Cc2ccc(-c3nc(-c4ccc(C(=O)NCc5cccc(F)c5)c(F)c4)cc(-c4cccc(C#N)n4)n3)nc2)CC1,31.08
N#Cc1ccc(-c2ccc3cc(-c4ccc(C#N)cn4)c(-c4ccc(F)cc4)nc3c2)nc1,28.54
N#Cc1ccc(CNCc2ccc(-c3ncc(-c4ccc(C#N)cn4)cn3)cc2)cc1,18.5
NCCCC=Cc1cc2c(cn1)nc(-c1ccc(F)cc1)n2Cc1cc2c(=O)[nH]c(CNc3ccc(F)cc3)nc2cc1F,54.65
N#Cc1cncc(-c2cc(CCN3CCN(c4cccc5c4OCCO5)CC3)nc(C3CC3)n2)c1,24.75
N#Cc1ccc(-c2nc(-c3ccc(-c4ccc(C#N)cn4)nc3)nc(-c3ccc(-c4ccc(C#N)s4)nc3)n2)cc1,12.02
N#Cc1ccc(-c2ccc(-c3cc(-c4ccncc4)nc(-c4ccc(-c5ccc(C#N)cn5)cc4)n3)cc2)nc1,14.16
C=c1c(=Cc2cc(C)c(C)s2)cc(C)n1-c1ccccc1,22.07
CC1CC(C)CN(c2nc(-c3ccc(-c4ccc(C#N)cn4)cc3)nc(-c3ccc(N(C)C)cc3)n2)C1,13.3
N#Cc1cc(S(=O)(=O)Nc2ccccc2C#N)ccc1F,16.92
COc1nc(-c2ccc(-c3ccc(C(F)(F)F)c(C#N)c3)cc2)[nH]c(=NS(N)(=O)=O)n1,29.87
N#Cc1cncc(-c2nc3ccc(C#N)cc3[nH]c2=NCCCn2ccnc2)c1,25.85
COc1ccc(-c2ccc(-c3nc(-c4ccc(-c5ccc(C#N)cn5)cc4)nc(-c4ccccc4C#N)n3)cc2)cc1C#N,17.81
CCCc1ncc(C=C(C#N)C(=O)N(CN(C)C)c2nc(N(C)C)nc(N(C)C)n2)c(-n2ccnc2)n1,30.86
CN(CCO)c1nccc(Nc2ccc3c(c2)C(=O)c2ccc(N)cc2C3=O)n1,14.23
N#Cc1cccc(-n2[nH]c(C3CC3)cc2=NC(=O)Cc2ccc(Nc3oc(-c4ccco4)nc3C#N)cc2)c1,35.7
N=C1NC(CCc2ccc(F)cc2)CO1,17.54
Nc1ccc2c(c1)C(=O)c1ccc(NC(=O)C=Cc3cccc(Cl)c3)cc1C2=O,16.26
CC(=O)N1CCc2cc(CN(C(=S)Nc3ccccc3)C3CCCCC3)ccc21,27.02
N#Cc1ccc(-c2nc(-c3ccc(-c4nc5cc(F)ccc5[nH]4)cc3)nc(-c3ccc(-c4ccc(C#N)cn4)nc3)n2)cc1,17.36
N#Cc1ccc(-c2nc(-c3ccc(C#N)nc3)nc(-c3ccc(-c4ccc(C#N)cn4)nc3)n2)cc1,10.52
N#Cc1cc(-c2ccc(Cl)cc2)c(-c2ccc(Br)cc2)n(Cc2ccccc2F)c1=O,22.01
N#Cc1cccc(Cn2cc(CC(=O)NN=Cc3ccc(-c4ccc(Cl)cc4Cl)o3)nn2)c1,29.96
CCCCCC=CCC=CCCCCCCc1nc2cc(C#N)cnc2n1CCCCC,31.25
Nc1ccc2c(c1)C(=O)c1ccc(NC(=O)c3ccc(N(CCCl)CCCl)cc3)cc1C2=O,14.51
CCCCN=c1cc2[nH]c3ccccc3n(-c3cccc(C(F)(F)F)c3)c-2cc1=Nc1ccc(C#N)cc1,31.08
CN(C)CCCN1C(=O)c2ccc(Nc3cc(Nc4ccc5c(c4)C(=O)c4ccc(N)cc4C5=O)nc(Nc4ccc5c(c4)C(=O)c4ccc(N)cc4C5=O)n3)cc21,14.24
N#Cc1ccc(-c2ccc(-c3nc(-c4ccc(-c5ccc(F)c(C#N)c5)cc4)nc(-c4ccc(-c5ncc(C#N)cn5)nc4)n3)cn2)nc1,11.21
CC1(C)CC=NC1c1cc(-c2ccc(-c3nc(Cl)nc(Cl)n3)cc2)cc(-c2ccc(-c3nc(Cl)nc(Cl)n3)cc2)c1,18.96
Nc1cc(O)c(N=Cc2c(Cl)cccc2Cl)cc1Nc1ccc(Br)cc1,13.61
Cc1nn(C)cc1-c1cc2nccc(Oc3cc(C#N)cc(C#N)c3)c2s1,28.22
Cc1csc(CN=c2[nH]c(=Nc3ccccc3)[nH]c(=NC3CCCCC3)[nH]2)c1,29.65
CC(C)Oc1ccc(-c2ccc(-c3nc(-c4ccc(C#N)cc4)nc(-c4cccc(Cl)c4Cl)n3)cc2)cc1C#N,17.06
O=c1c2ccccc2nc2n1CCCC2=Cc1ccc(N2CCCCC2)cc1,20.73
CC(C)Oc1ccc(-c2ccc(-c3nc(Cl)nc(Cl)n3)cc2)cc1C#N,10.5
Cc1cc(-c2nn(CC#N)cc2-c2cc(C(=O)Nc3ccc(-c4ccnc(Cl)n4)cc3)cc(-c3cncc(F)c3)c2)cc(C)n1,31.66
N#Cc1ccc(-c2ccc(-c3nc4n(n3)-c3ccccc3C(=O)N3CCCC43)cc2)cc1,19.01
N#CC1CCCN1CCOc1ccc(C#CCCN2CCC(Cc3ccccc3)CC2)cc1,32.17
CCOC(=O)c1sc(=NC(=O)c2ccccn2)[nH]c1C,20.29
C#CCn1c(=NC(=O)c2ccc(-c3cccc(Cl)c3)cc2)[nH]c2c(c1=O)CN(C1CCOCC1)CC2,28.07
C=CCc1cc(C(=O)C=Cc2ccc(O)c(C)c2)ccc1O,24.65
CN1CCN(Cc2nc(-c3ccc(C#N)cc3)no2)c2ccccc2C1=O,24.81
N#Cc1ccc(CCOc2cccc(-c3cc(-c4ccc(-c5nn[nH]n5)cc4)nc(-c4ccc(-c5ccc(C#N)cn5)cc4)n3)c2)cc1,29.15
COc1cc(C(=O)c2ncc(C=CC#N)c3ccccc23)cc(OC)c1OC,19.38
N#Cc1ccc(-c2ccc(-c3nc(-c4ccc(-c5ccnc(Cl)n5)cc4)nc(-c4ccc(=NC(=O)NCCC(F)(F)F)[nH]c4)n3)cc2)nc1,33.23
Cc1ccc2c(c1)S(=O)(=O)N=C1C(=Cc3ccc(-n4cccc4)cc3)CCN12,25.55
COc1cc(C(=O)N=c2nc(C)[nH]c(-c3ccc(Oc4ccccc4)cc3)c2C#N)cc(OC)c1OC,27.47
CCOC(=O)c1ccc(NCc2coc(-c3ccc(C)cc3)n2)cc1,18.09
c1ccc(CN2c3ccccc3Sc3ccccc32)cc1,16.8
N#CSC=C1CSC2N(C1)CC21Cc2ccccc2C(N(C#N)c2ccccc2)=N1,44.37
N#Cc1ccc(-c2ccc(-c3nc(-c4ccc(-c5ccc(C#N)c(F)c5)cc4)nc(-c4ccc(-c5ccc(C#N)cc5)nc4)n3)cc2)cc1,15.66
CC(=O)c1ccc(-c2nc(NC(C)(C)c3cc(-c4ccc(-c5ccc(C#N)cc5)cc4)n(-c4ccccc4)n3)ccc(=NC(=O)CCc3ccccc3)n2)cc1,44.01
C=C(C(=O)O)c1nc(C(=O)O)c(Cc2ccc(-c3ccc(F)c(F)c3F)cc2)[nH]1,38.02
O=CN1CCN(C=Nc2ccn(-c3ccc(F)cc3F)n2)CC1,20.62
N#Cc1ccc(CN2CCN(c3ncnc4nc5n(-c6ccccc6)nc(-c6ccc(C#N)cc6)nc-5c34)CC2)cc1,36.81
Nc1ccc(C(=O)C=Cc2ccc(O)c(O)c2)c(O)c1,24.13
CCCCNc1c(C#N)nc(-c2ccc(-c3ccc(C#N)cn3)cc2)n1C,14.47
COC(=O)c1cccc(F)c1,19.94
N#Cc1ccc(-c2ccc(-c3nc(-c4c(F)c(F)c(C#N)c(F)c4F)ns3)cn2)cc1,17.39
N#Cc1ccc(-c2ccc(-c3nc(N4CCOCC4)c4ccc(=N)[nH]c4n3)cc2)cc1,13.5
CON=C(N)c1ccc(-c2ccc(-c3cccc(C#N)n3)cc2)cc1,19.57
N#Cc1ccc(C=Nc2ccc(-c3cc(-c4ccc(C=Nc5cc(O)c(N)cc5O)cc4)nc(-c4ccc(C=Nc5cc(O)c(N)cc5O)cc4)n3)cc2O)cc1,17.91
C#CCOCC=Cc1cccc(NC(=O)CCC2CCCCC2)c1,32.73
CC(=O)NC1CCC(c2nc(-c3ccc4c(C#N)cc(-c5ccncc5)nc4c3)nn2C)C1,36.44
CC(C)c1nc(C(F)(F)F)nn1-c1nc(-c2cccc(C#N)n2)nc(-c2cccc(C#N)n2)n1,11.74
Cc1cc(=Nc2nc(-c3ccc(-c4ccc(-c5cccc(C#N)c5)c(C#N)c4)nc3)nc3ccccc23)[nH][nH]1,21.03
N#Cc1ccc(-c2ccc(-c3cnc(C#N)nc3CNC(=O)C(=O)NCC(F)F)cc2)cc1,29.11
N#Cc1ccc(-c2ccc(-c3nc(-c4cccc(C#N)c4)cc(-c4ccccn4)n3)cn2)nc1,15.19
N#Cc1ccc(-c2ccncc2)c(-c2ccc(-c3nc(Cl)nc(Cl)n3)cc2)n1,15.26
N#Cc1ccc2c(c1)CN(c1nccc(-c3ccc(-c4cccc(C#N)n4)cc3)n1)CC2,22.78
O=[N+]([O-])c1cccc(S(=O)(=O)N=C2CCCCCN2)c1,24.0
CCCC=c1ncc(=Cc2c(O)n(CCCC)c(=O)n2C(C)C(=O)O)n1Cc1ccc(C#N)cc1,28.12
Cc1cc[nH]c(=NCc2ncc3c(=NCCCN)cc4n(c3n2)CCC(=O)NCCNC(Nc2ccccc3c(c5c(=O)[nH]c5c2)n3CCN)N=C4c2ccc(C(N)=O)cc2)c1,73.28
N#CC(C#N)=Cc1ccc[nH]1,13.76
CC(CO)n1cc(C(=O)c2cncc(NC(=O)Cn3nnc(C4CC4)n3)c2)c2cncnc21,22.69
C[n+]1ccccc1,14.17
N#CC=Cc1cc(-c2cccc3cc(C#N)ccc23)nc(C=CC#N)n1,22.23
N#Cc1ccc(-c2ccc(-c3nc(C(=O)NC4CCCCC4O)n4ccccc34)cc2)cn1,20.67
N#Cc1ccc(-c2nc(-c3cccc(C#N)n3)nc(N(Cc3ccccc3)Cc3ccc(-c4nn[nH]n4)cc3F)n2)c(Cl)c1,34.82
O=c1cc(-c2ccccc2)oc2c1Sc1ccccc1-c1ccc([N+](=O)[O-])cc1-2,34.68
CC(C)(C(=O)N1Cc2ccccc2C1)n1ccc(-c2ccc(OCC#N)cc2)c(Cl)c1=O,37.2
N#Cc1cnc(C2CC2)n2c(C#N)ccc12,23.37
C=Cc1ccc(-c2cc(-c3cc(CC)c(O)cc3O)nc(-c3ccc(C=CC#N)cc3)n2)cc1,32.33
N#Cc1ccc(-c2nc(=O)n3c(c2-c2ccc(C#N)cc2)CC2CCCN2C3)cc1,34.1
N#CC=Cc1ccc(-c2nc(-c3ccc(-c4ccc(Cl)c(Cl)c4)cc3)nc(-c3ccc(-c4ccc(C#N)cn4)cc3)n2)cn1,17.44
Nc1ccc2c(c1)C(=O)c1ccc(Nc3cc(Nc4ccc5c(c4)C(=O)c4ccc(N)cc4C5=O)nc(Nc4ccc5c(c4)C(=O)c4ccc(N)cc4C5=O)n3)cc1C2=O,10.77
CN1CCN(c2ccc3c(c2)C2CC3Cc3ccccc32)CC1,23.57
CN1CCC(Oc2nc(-c3ccc(C#N)cc3)cc(-c3ccc(N=c4nc[nH]c5sc6c(c45)CCN(Cc4ccccc4)C6)cc3)n2)CC1,39.51
CCc1nc2n(c1C(=O)N(C)CCC1CCNCC1)CCN2c1cc(Cl)ccc1C,27.08
Cc1cccc(-c2cnc(-c3cncc(C#N)c3)nc2C(=O)N2CCC(F)(c3ccc(C#N)cc3)CC2)n1,20.78
Cc1[nH]c2ccc(C#N)cc2c1-c1nc(-c2c[nH]c3ccccc23)nc(-c2c[nH]c3c(C#N)cccc23)n1,20.6
N#Cc1ccc(-c2cc(-c3ccc(-c4cccc(C#N)c4)cn3)ccn2)cc1,23.54
Cc1cc(C=C(C#N)C#N)c(C)n1-c1ccc(F)cc1,17.41
Cc1cccc(NC(=Nc2ccccc2)Nc2ccc(-c3nc4ccc5ccccc5c4nc3Nc3ccc(C#N)cc3)cc2)c1,38.21
N#Cc1ccc(-c2ccc(-c3nc(-c4ccc(-c5ccnc(C#N)c5)cc4)nc(-c4ccc(-c5cccc(C#N)c5)nc4)n3)cn2)nc1,15.2
Cc1cc(COC(=O)c2ccc(O)c(C#N)c2)c(N=Nc2ccc3ccccc3c2)cc1C,34.16
COc1cc2[nH]c(CN3CCCC(C(=O)c4cccc(C(F)(F)F)c4)C3)nc(=O)c2cc1OC,31.07
COCC(=O)N1CCN(C2CCC(n3nc(-c4cccc(-c5cccc6ccccc56)n4)c4c(=N)nc[nH]c43)CC2)CC1,33.73
N#Cc1ccc(-c2nc(OCCCN)c(COC(c3ccc(C#N)cc3)c3ccc(C#N)cn3)c(-c3ccc(C#N)cc3)n2)cc1,29.12
CCc1ncnc(-c2ccc(C#N)cn2)c1C#Cc1ccc(=N)[nH]c1,15.36
Cc1cc(=Cc2ccc[nH]2)cc(C)c1=Cc1[nH]c2ccc(-c3ccc(-c4cc(-c5ccc(C(=O)Nc6ccc(F)cc6F)cc5)nc(-c5ccc(C#N)cc5)n4)cc3)cc2c1O,46.03
N#CC(=Cc1cnc(-c2ccc(-c3cc(-c4ccc(-c5ccc(C#N)cn5)cc4)nc(-c4ccc(Cl)c(C(F)(F)F)c4)n3)cc2)s1)c1ccccn1,36.65
CC(C)(Oc1ccc(OCc2nc(-c3ccc(-c4ccc(C#N)cc4)cc3)nc(-c3ccc(F)cn3)n2)cc1)C(=O)O,24.87
CC(Oc1ccc(Cl)c(Cl)c1)c1cc(C(F)(F)F)cc(C(F)(F)F)c1,23.28
COc1cccc(CN2CCNc3ncccc3C2=O)c1,23.21
N#Cc1cnc(-n2cnc(-c3cccnc3)c2)c(-c2[nH]nc3ncncc23)c1,23.79
N#Cc1cncc(-c2nc(C#N)nc(N3CCCC(C#N)C3)n2)c1,11.46
COC(=O)C(=O)CC(=O)c1cn(Cc2cccc(C#N)c2)c2ccccc12,27.7
N#Cc1ccc(-c2nc(-c3cncc(C#N)c3)nc(C3CC3)n2)cc1,13.78
Cc1ccc(C=Nc2nc(Nc3ccc4c(c3)C(=O)c3ccc(N)cc3C4=O)c(N)cc2O)c(C)c1,15.69
CCn1cc(-c2ccc(-c3ccc(C#N)cn3)cc2)nc1-c1ccc(-c2ccc(C#N)cc2)cc1,17.4
N#Cc1ccc(C(F)(F)c2[nH]c(=NC(=O)c3ccc(-n4cc(C#N)cn4)cc3)ccc2F)cc1,25.17
O=CC=Cc1cccc(Br)c1,17.47
N#Cc1ccc(-c2ncc(C#N)cc2-c2ccc(F)cc2)cc1,15.07
N#Cc1ccc(-c2nc(-c3cccc(OC(=O)NCCCCc4ccccc4)c3)cs2)cc1,28.35
N#Cc1ccc(-c2ccc(-c3nc(-c4ccc(C#N)nc4)nc(-c4ccc(-c5ccc(C#N)cn5)nc4)n3)c(Cl)c2)cc1,14.7
N#Cc1c(-c2ccc(Nc3ccccc3)c([N+](=O)[O-])c2)c(C#N)c2[nH]c3ccccc3n2c1=N,22.9
N#Cc1ccc(Sc2[nH]c(=N)c(C#N)c(-c3ccc(-c4cccc(-c5cccc(-c6ccc(-c7ccc(-c8ccc(C#N)cc8)cc7)cc6)n5)c4)cc3)c2C#N)cc1,23.13
N#Cc1ccc(-c2cc(-c3ccc(-c4nc(-c5ccc(-c6ccc(C#N)cn6)nc5)nc(-c5ccc(-c6ccc(Cl)cc6Cl)nc5)n4)s3)nc(C=NN=c3[nH]c4ccccc4o3)n2)cc1,35.24
C#CCNCC(O)C(Cc1ccccc1)NC(=O)c1cnc(N(C)C)nc1Cl,33.03
CC(C)=CCCC(C=O)C1CCC2(C)C1CCC1C3(C)CC(O)C(O)C(C)(C)C3CCC12C,29.39
CCOc1ccc(-n2c(O)c(N=CN3CCc4cc(OC)c(OC)cc4C3)c(-c3ccc([N+](=O)[O-])cc3)c2O)cc1,33.31
Cn1cc(-c2ccc(-c3cc(C(=O)O)nc4cccc(-c5cccc(C#N)c5)c34)cn2)cn1,27.86
CC1(C)Cc2c(sc(NC(=O)c3ccncc3)c2C(N)=O)CO1,24.2
O=c1c2nnn(Cc3ccccc3)c2ncn1Cc1cccc(Cl)c1,22.92
CCC1(O)C(=O)OCc2c1cc1n(c2=O)Cc2cc3ccc(F)c(C#N)c3nc2-1,24.93
CCn1c(-c2cc(F)ccc2F)nc2c(Cl)cc(C#N)cc21,30.27
N#Cc1ccc(-c2ccc(-c3nc(-c4ccc(-c5ccc(F)c(C#N)c5)cc4)nc(-c4ccc(C#N)cn4)n3)cc2)cc1,14.17
c1ccc(C(=C2CCNCC2)c2ccccc2)cc1,17.47
Cc1cc(=NS(=O)(=O)c2cccc(F)c2F)nc(C)[nH]1,18.8
N#Cc1cncc(-c2cc(C#N)nc(Sc3ccccc3)c2C#N)c1,19.01
N#Cc1cccc(N=c2nc(N3CCN(C(=O)CC4CCCN4C(N)=O)CC3)[nH]c3cc(Cl)ccc23)c1,38.72
N#Cc1cncc(-c2nc(N3CCOCC3)c3[nH]c4ccccc4c3n2)c1,19.41
N#CC1=CC(=Cc2ccc(-c3ccccc3C=CC(=O)O)cc2)c2c(C(=O)C=Cc3ccc(-c4ccc(C=Cc5ccc(C=C[N+](=O)[O-])cc5)cc4)c(O)c3)cccc2C1=O,55.18
N#Cc1cc2c(=O)n3ccccc3nc2n(-c2nc(Cl)cc(C(F)(F)F)n2)c1=O,23.54
CC(CO)Oc1cc(C#CCNC(=O)c2cncn(Cc3ccc(F)c(F)c3)c2=O)nc(-c2cncc(C#N)c2)c1,25.67
N#Cc1ccc(-c2nc(-c3ccc(-c4ccc(F)c(C#N)c4)cc3)nc(N3C=NCC3)n2)cc1,27.81
N#Cc1ccc(CNC(=NO)c2cccc(C#N)n2)cc1,22.8
CC(=O)Nc1ccc(C=NNC(=O)Cn2nnnc2Cc2ccc(-c3ccc(C#N)cc3)cc2)cc1,29.65
Nc1ccc2c(c1)C(=O)c1ccc(Nc3nc(N=Cc4ccc(C(F)(F)F)cc4)c(O)cc3N)cc1C2=O,15.28
CN1CCN(c2ccc(N=c3ncc(CN4c5ccccc5C=Cc5ccccc54)c[nH]3)cc2)CC1,29.77
Cc1nc(-c2ccc(S(=O)(=O)Nc3ccc(-c4nn(-c5ccc(F)cc5)c(=O)c5ccccc45)cc3)c(F)c2)co1,41.45
COc1ccc2c(c1F)C(=O)N(c1nc3ccccc3cc1C#N)C2,25.31
Cc1ccc(-c2c(C#N)c(N)n(-c3c(C)cccc3C)c(=O)c2C#N)cc1C,21.68
CN(C)c1ccc2cnn(-c3cccc(-c4cc(N=c5ccc(C6CCNCC6)c[nH]5)c(=O)n(C)c4)c3CO)c(=O)c2c1,26.47
N#Cc1ccc(-c2cc(-c3ccc(C(F)(F)F)cc3)c(C(=O)NNC(=O)c3ccc(Cl)cc3)nc2-c2ccc(Cl)cc2)cc1,25.28
Cc1cccc(=Nc2cc(N(C)C)nc(-c3ccc4c(c3)S(=O)(=O)NC4=O)n2)[nH]1,29.44
N#Cc1ccc(-c2nc(C=Cc3ccc(-c4ccc(-c5ccccc5C=O)c(C(=O)O)c4)cc3)nc(-c3ccc(-c4ccc(C#N)cn4)cc3)n2)cc1,20.84
N#Cc1ccc(N=c2[nH]c(-c3ccccc3C#N)cs2)cc1,17.13
Nc1cccc(-c2ccncc2)c1,16.6
CC(=O)NC(C)Cc1ccc(C#Cc2ccc(C#N)cn2)cc1,15.14
Cc1[nH]c(=O)c(C(=O)C=CC=Cc2ccccc2)c2c1CCCN2,25.04
N#Cc1ccc(-c2cc(-c3cccc(NC(=O)c4ccccc4)c3)nc(-c3cccc(C#N)n3)n2)cn1,24.41
c1ccc(-c2cc[n+](-c3nc(-[n+]4ccc(-c5ccncc5)cc4)nc(-[n+]4ccc(-c5ccncc5)cc4)n3)cc2)nc1,11.41
N#Cc1ccc(-c2ccc(-c3cccc(C#N)n3)cc2F)nc1,12.03
CCCCc1ccc(-c2csc(-c3nc(-c4ccc(C(=O)NC5CCCCC5O)cc4)nc(-c4ccc5[nH]c(-c6ccc(C#N)cc6)nc5c4)n3)c2)cc1,47.56
N#Cc1ccc(C=Nc2ccc(C#N)cc2)cc1,14.38
Cc1nc2n(c1C)C(=O)CC(COc1cc(-c3ccncn3)cc(-c3ccccc3F)n1)SC2,44.4
Nc1ccc2c(c1)C(=O)c1ccc(Nc3nc(N=Cc4ccc(F)cc4)c(O)cc3N)cc1C2=O,10.84
COc1cn(-c2ccc(C#N)cc2)nc(-c2c[nH]c(=O)n2-c2ccc(-c3ccc(Cl)cc3)cc2)c1=O,33.74
COc1ccc2ccc(C#N)nc2c1,15.71
COc1cc(N=c2nc(-c3ccccn3)[nH]c(N3CCOCC3)n2)ccc1-n1cnc(C)c1,25.17
N#Cc1c(F)c(Cl)c(Cl)c(Cl)c1Cl,18.32
COc1ccc(C=CC(=O)c2c(C)nc(-c3cnc(C(=O)CC(=O)c4ccc(-c5ccc(C=CC#N)cc5)cc4)nn3)nc2C)cc1,41.59
CC1=CC(=C(C#N)c2ncc(-c3ccccc3)s2)NC(=O)N1c1ccc(F)c(F)c1,28.34
COc1nn(-c2nccc(N3CCCC(N)C3)n2)c2cc(-c3cn[nH]c3)cnc12,39.27
Cc1cccc(Cn2c(=O)c(-c3cccc(C#N)c3)cc3cnc(N4CCOCC4)nc32)n1,23.42
N#Cc1ccc(-c2nc(Cc3ccc(-c4cncnc4)c(F)c3F)nc(-c3ccc(-c4ccc(C#N)cn4)cc3)n2)cc1,20.86
N#Cc1ccc(OCc2nc(-c3ccc(C#N)cc3)nc(-c3cccc(C#N)n3)n2)cc1,17.85
CC(c1ccc(Cl)cn1)c1nc(-c2cncc(C#N)c2)nc(-c2cncc(C#N)c2)n1,22.71
N#Cc1ccc(-c2ccc(-c3cc(=NC(=O)c4cccc(C#N)c4)n(-c4ccccn4)[nH]3)cc2)cc1,19.32
Cc1ccc(-c2nc(-c3ccc(NC(=O)c4ccc(C)o4)cc3)cc(-c3ccc(-c4ccc(C#N)cn4)cc3)n2)cc1,22.11
N#Cc1c(Cl)c(C#N)c(Nc2cc(Cl)ccc2Cl)c(C#N)c1Cl,17.4
N#Cc1ccc(-c2ccc(-c3nc(-c4ccc(-c5ccc(F)c(C#N)c5)cc4)nc(-c4ccc(-c5ccc(C#N)cn5)nc4)n3)cn2)nc1,8.76
N#CC=Cc1ccnc(-c2ccc(-c3cc(C#N)ccc3F)nc2)n1,15.21
N#Cc1ccc(-c2ccc(-c3nc(-c4ccc(-c5ccc(C#N)cn5)cc4)nc(-c4ccc(-c5ccc(C=O)cc5)nc4)n3)cc2)cc1,14.95
N=C1CCc2cc(-c3csc(-c4ccccc4C(F)(F)F)n3)ccc2N1,30.51
N#Cc1cccc(-c2ccn3c(-c4ccc(-c5ccncc5)cc4)nc(C#N)c3c2)n1,23.28
O=C(c1ccc(-c2cc(N=c3cc[nH]c(C(F)(F)F)n3)ccn2)cc1F)N1CCN(C2CCC2)CC1,25.34
Cc1ccc2nc(C(O)C(=O)c3ccccc3)c(=O)[nH]c2c1,28.14
C=c1c(C(=O)OCC)c(O)c(=Cc2oc(CNS(=O)(=O)c3ccccc3)cc2O)n1-c1ccc(C)cc1,26.95
COc1ncc(-c2cc(OC)c3nc(-c4ccc(C#N)cn4)cc(C)c3c2)cc1C#N,25.46
COc1ccc2sc(N)c(C(=O)C=Cc3ccc(-c4ccc(Cl)c(Cl)c4)o3)c2c1,36.65
Cn1c(-c2cn(C(CO)(CO)CO)cn2)nc(-c2ccc(F)cc2)c1-c1ccccc1,29.9
N#CC(c1ccc2c(c1)OCO2)N1CCN(C(=O)OCc2ccccc2)CC1,24.72
S=c1c2ccccc2c2c(n1CCCBr)CCOC2,30.45
N#CC(=O)N1CCN(c2nccn3c2nc2c(-c4ccc(-c5ccc(C#N)c(C#N)c5)cc4)nc(C#N)nc23)CC1,26.74
O=C(NCCCN1CCOCC1)c1ccc(CSc2nc3ccccc3c(=O)n2CCc2ccccc2)o1,28.85
COc1nc(C#N)cc(NN=Cc2ccc(OC)c(OC)c2)n1,24.27
Cc1nc(-c2ccc(-n3c(-c4cccc(C#N)c4)c(O)[nH]c3=O)cc2)co1,19.49
COc1ccc2ccc(C=Nc3ccc(O)cc3)nc2c1,22.28
CC(N=c1[nH]c(=N)[nH]c(N)c1C#N)c1nc2cc(F)c(F)cc2c(=O)n1-c1ccc(C#N)cc1,17.37
Cc1cc(C(N)=O)nc(-c2ccc(-c3ccc(OC(C)C)c(C#N)c3)nc2)n1,18.45
Oc1ccc(C=Cc2cc(C=Cc3cc(O)c(O)c(O)c3)nc(-c3ccc(O)cc3)n2)cc1,22.03
N#Cc1ccc(-c2ccc(CNc3ccccc3C(=O)N=c3[nH]c(-c4ccc(C#N)cc4)cs3)cc2)cc1,25.3
N#Cc1ccc(-c2ccc(-c3nc(C#N)nc(-c4ccc(CC(N)C(N)=O)cc4)n3)cc2)nc1,18.79
N#Cc1ccc(-c2ccc(Cn3cccc(C#N)c3=O)cc2)cc1,18.1
CCNC(=O)c1ccc(-c2nc(C#N)nc(-c3cncc(C#N)c3)n2)cc1F,18.54
N#Cc1ccc(-c2ccc(C3=NN(c4cccc5ccccc45)CC3)cc2)cc1,29.76
CCN(CC)c1nccc(Nc2ccc3c(c2)C(=O)c2ccc(N)cc2C3=O)n1,12.51
Cc1cc(C)c(NC(=O)CON=Cc2ccccc2)c(C)c1,21.45
CC1(Cc2ccc(C(F)(F)F)cc2)CCc2ccc(-c3cccc(C#N)c3)cc21,20.03
N#Cc1ccc(-c2ccc(-c3cc(C(=O)NN4CCOCC4)nn3-c3ccc(C#N)cc3)cc2)cc1,13.9
O=C(NCc1cccnn1)c1cc(=NC(=O)c2cc(-c3ccncn3)c(F)cc2Cl)n(-c2ccccc2)[nH]1,24.75
[O-][n+]1ccnc(Cl)c1Br,19.26
Cc1cc(C)cc(-c2[nH]c3cc(OCC(=O)N4CCN(C(=O)c5ccco5)CC4)ccc3c2CCNC(=N)N)c1,36.98
N#Cc1c(Cl)nc(SCC(=O)Nc2ccccc2)nc1-c1ccc(Cl)cc1,26.56
CN(C)C(=O)N1CCC(N2Cc3cnc(-c4ccc(-c5ccc(O)cc5)cc4)c(C(N)=O)c3C2=O)CC1,29.55
N#Cc1ccc(-c2ccnc(=NC(=O)c3ccc(C#N)c(Cl)c3)[nH]2)nc1,25.06
N#Cc1cc2c(nc1C#N)CN(CC1CCNCC1)CC2,21.69
C#CCCC(=O)N=c1cc(Nc2ccc3c(cnn3Cc3cnc(C(F)(F)F)cn3)c2)[nH]c(-c2ccc3nn(C)cc3c2)n1,52.95
N#Cc1ccc(-c2ccc(-c3nc(-c4ccc(-c5ccc(F)c(C#N)c5)cc4)nc(-c4ccc(-c5ccc(C#N)cn5)nc4)n3)cc2)cc1,10.8
N#Cc1cc(C(=O)c2ccccc2)n2ccc(F)cc12,21.04
CC(N=c1c(C#N)cc2cc(-c3ccc(C#N)nc3)ccc2n1C)C(C)(C)C,30.86
Cc1noc(-c2ccc(-c3ccc(-c4nc5ncc(-c6ccsc6)cc5c(=N)[nH]4)cc3)cc2)n1,30.1
Cc1ccc(-c2nc(C)c(C#N)cc2-c2ccc(-c3nc(C)cc(Sc4nnc(C)s4)n3)cc2)nc1,31.75
N#Cc1ccc(-c2ccc(-c3nc(-c4ccc(-c5ccc(C#N)cn5)nc4)nc(-c4ccc(F)c(C#N)c4F)n3)cc2)cc1,13.79
Cc1ccc2oc(-c3ccc(C=NNc4ccc(S(=O)(=O)N=c5nccc[nH]5)cc4)cc3)nc2c1,28.12
N#Cc1ccc(-c2nc(-c3ccc(N=Cc4ccccn4)cc3)nc(-c3ccc(-c4ccc(C#N)cn4)cc3)n2)cc1,14.75
CCC(C)Oc1nc(C#N)nc(-c2ccc(-c3cc(C#N)cn3C)cc2)c1C#N,26.87
COc1cc(OC)c(Cl)c(Cc2cc[nH]c(=Nc3ccc(C#N)cc3)n2)c1Cl,18.61
Cc1ccc(-c2ccnc(C3CCN(c4nc(C#N)n[nH]4)CC3)n2)cc1C#N,22.81
COc1ccc(N2C(=O)N(C(=O)c3ccccc3)Cc3nc(C#N)c(N4CCN(C)CC4)nc32)cc1Cl,30.22
N#Cc1cncc(-c2cc(C(=O)Nc3ccc(C#N)c(C#N)c3)cnc2N2CCC(O)CC2)c1,23.05
N#Cc1cncc(-c2ccc(C#N)c(-c3cc4ccccc4s3)n2)c1,24.01
CN(Cc1cnc(-c2ccc(F)cc2)cn1)C1Cc2cc(F)c(F)cc2C1O,35.91
C=Cc1cc(C(=O)OCc2cc(C=CC#N)nc(C=CC#N)n2)nc(Cl)n1,21.2
CC1(C)OCC(COc2ccc3c(c2)C(=O)c2cc(Nc4ccc(C(N)=O)cc4C#N)ccc2OC3)O1,32.82
CCC(CC)n1c(-c2c(F)ccc3c(=Nc4ccc(F)c(C#N)c4)[nH]cnc23)cc2ccc(C#N)cc21,38.09
COc1cc(C=Cc2ccccc2)c(C=CC(=O)c2ccc(C(=O)O)cc2)c(OC)c1,20.04
CC(C)(C)c1nc2c(-c3nc(-c4ccc(-c5ccc(C#N)cc5)cc4)nc(-c4ccc(-c5ccc(C#N)cn5)cc4)n3)ccccc-2c1C#N,18.39
CCOc1ccc(-c2cc(=O)c3c(O)cc(OC)c(OCOc4ccccc4)c3o2)cc1OCC,35.02
N#Cc1cncnc1C#N,13.89
CC(C)CC(=O)OCC1OC(n2cnc3nc(Cl)nnc32)C(O)C1O,25.6
Cn1nc(-c2ccc(-c3cccc(C#N)n3)c(F)c2)nc1-c1ccc(C#N)cc1,12.47
C(CCN1CCc2ccccc2C1)=C(c1ccccc1)c1ccccc1,22.27
COc1ccccc1C=NNc1c(C#N)c(C#N)c(N)n1-c1ccc(C#N)cc1,22.76
N#Cc1cc(F)cc(-c2ccc(CC3C(O)c4ccc(C#N)cc4C(c4cccc(Br)c4)C3O)cc2)c1,31.71
N#Cc1c2ccccc2c(-c2nc(-c3ccc(N)cc3)nc(-c3nc(-c4ccc(C=NO)cc4)nc(-c4ccc(C(=N)N)cc4)n3)n2)c2ccccc12,28.29
Cn1nc(-c2c(Cl)cc(Cl)c(F)c2Cl)nc1-c1ccc(C#Cc2c(F)ccc(F)c2F)s1,27.34
N#Cc1cccc(-c2nc(-c3cccc(C#N)n3)nc(N3CC(N4CCCC4)C3)n2)n1,10.94
N#Cc1ccc(-c2ccc(-c3nc(-c4ccc(-c5ccc(C#N)nn5)cc4)nc(-c4cnn(-c5ccccc5F)c4)n3)cc2)nc1,27.57
N#Cc1ccc(C2Oc3ccccc3C(=O)C2C=Nc2ccccc2C#N)cc1,19.98
N#CC(=Cc1ccc(-c2ccc(C#N)cc2)cc1)c1ccccc1,14.72
CCCc1nc2ccccc2c2c1c(=O)n(-c1ccc(F)cc1)c(=O)n2Cc1ccccc1,30.05
COc1ccc(C)cc1NC(=O)C(C)n1nc(-c2ccc(C)c(C)c2)ccc1=O,28.65
CCCCc1c(-c2ccc(C#N)cc2)nc(-c2ccc(-c3ccc(C#N)cc3)cc2)n1-c1ccc(C#N)cc1,20.85
N#Cc1ccc(-c2nc(-c3ccc(-c4ccc(C#N)cn4)cc3)[nH]c(=NC(=O)c3ccccc3)n2)cc1,17.18
O=c1[nH]c2ccc(N=Cc3nc(Cl)c(Cl)nc3Cl)cc2[nH]1,23.63
Cc1[nH]c(=O)c(C#N)c2c1-c1ccc(C#N)cc1CC2,20.89
O=C(NCc1ccncc1)c1ccc(-c2cc(-c3nc4cc(F)ccc4[nH]3)ccn2)cc1,18.05
N#Cc1ccc(-c2ccc(-c3[nH]c(N4CCOCC4)nc(=NC4CCCC4)c3C#N)cc2)cc1,19.41
CC=Cc1ccc(C2C(C(=O)O)C(c3ccc4c(c3)OCO4)CN2CC(=O)NC(CC(C)C)c2cccc(C(F)(F)F)c2)cc1,32.3
Cc1cc(-c2nccc(C=CC#N)n2)nc(-c2ccc(-c3cccc(-c4nc(Cl)c(C#N)c(-c5ccc(F)cc5Cl)n4)n3)cc2)n1,32.25
N#Cc1ccc(-c2ccc(-c3nc(-c4ccc(-c5cccc(C#N)c5)nc4)nc(-c4ccc(C#N)cn4)n3)cn2)nc1,11.65
N#Cc1ccc(-n2ncc3c(=O)[nH]c(=Nc4ccc5c(c4)CCC5)[nH]c32)cc1,25.27
FC(F)(F)c1cc(-c2nccc(-c3ccc(-c4cccc(Cl)n4)c(Cl)c3)n2)ccc1Cl,26.32
N#Cc1ccc(-c2ccc(-c3nc(C#N)c4nc(C#N)nc(N5CCOCC5)c4n3)cc2)cn1,26.96
CC(=O)N1CCN(c2nc(-c3ccc(-c4nc(Cl)nc(Cl)n4)cc3)nc(-c3ccc(C#N)cn3)n2)CC1,18.86
CN(C)c1nc(-c2ccc(C#N)cc2)nc2ncccc12,18.35
N#Cc1ccc(-c2ccc(-c3nc(-c4ccccc4)nc(-c4csc(C(=N)N)c4)n3)cc2)cc1,20.61
Nc1c(Sc2ccccn2)cc2[nH][nH]c(=O)c2c1F,32.85
COc1cc(C(=O)NCCCN(C(=O)c2ccc(-c3ccc(C#N)cc3)cc2)c2ccc(-c3nc(Cl)ncc3C)cc2)cc(OC)c1OC,31.14
COc1ccc(NC(=O)c2ccc3c(c2)CCN3S(=O)(=O)c2ccccc2)cc1,21.96
CN(O)c1nc(N=CN2CCN(C=O)CC2)nc(N=CN2CCN(C=O)CC2)n1,15.34
Cc1c(C=CN2CCS(=O)(=O)CC2)nc2c(c1C#N)NC(=O)CN2c1ccc(C#N)cc1,35.43
Cc1c(NC(=O)NCc2ccccc2)sc(C(C)C)c1-c1ccc(-c2cccc(C#N)c2)nc1,35.9
CN(C)c1ccc(-n2nc(C(=O)NCCCN3CCC(F)CC3)cc2-c2ccc(-c3ccc(C#N)cc3)cc2)cc1,22.37
CCCc1nc(-c2cccc(C#N)c2)cc(=NC(=O)c2cccc(-c3ccc(F)cc3)n2)[nH]1,21.01
O=C(Nc1cc([N+](=O)[O-])ccc1O)C1CSc2ccccc2O1,29.7
CC(=O)N1Cc2ccccc2Oc2csc(C#N)c21,25.1
N#Cc1ccc(-c2ccc(-c3nc(N4CCOCC4)c4cc(S(=O)(=O)N=c5cc[nH]cn5)ccc4n3)cc2)cc1C#N,20.79
Cc1c(C#N)c2c(Nc3ccc(-n4cccn4)cc3Cl)cccn2c1C(=O)c1cncc(C(F)(F)F)c1Cl,43.24
N#Cc1cccc(NC(=O)c2cc(-c3cccc(C#N)n3)nc3ccccc23)c1,18.14
N#Cc1ccc(-c2ccc(-c3nc(-c4ccc(-c5ccc(C#N)cn5)cc4)nc(-c4ccc(-n5ccccc5=O)c(F)c4)n3)cc2)nc1,16.63
N#Cc1ccc(-c2nc(N=c3cccc[nH]3)nc(-c3cc(-c4cncc(C#N)c4)cc(C(F)(F)F)c3)n2)cc1,23.2
N#Cc1ccc(-c2ccc(-c3onc(-c4ccc(-c5nc(C=O)cs5)cc4O)c3-c3ccc(-c4ccc(-c5nc(-c6ccc(C#N)cc6)n6ccccc56)cc4)s3)cc2)cc1,40.7
Cc1nc(-c2ccc(C#N)cc2)nc(-c2ccc(C#N)cc2)c1NC(=O)Nc1ccc(F)c(F)c1F,23.66
Cc1ccc(N=c2[nH]c(-c3ccccc3)cs2)cc1C,20.08
N#Cc1ccc(-c2ccc(-c3nc(-c4ccc(-c5ccc(C#N)cn5)nc4)nc(-c4cccc(-c5ccc(C#N)cc5)c4)n3)cc2)cc1,14.77
N#Cc1ccc(-c2ccc(-c3ccc(Br)c(S(=O)(=O)NCc4ccccn4)c3C#N)cc2)nc1,28.41
COc1ccc(CNC(=O)Nc2ccc3ccn(Cc4ccc(F)cc4F)c3c2)cc1OC,30.89
Cc1cnn(-c2ncc(F)c3c(C(=O)C(=O)N4CCN(C(=O)c5ccccc5)CC4)c(F)cnc23)c1,28.18
N#Cc1cccc2cc(C(=O)N3CCc4c3cc(O)c3[nH]c(O)c(C(=O)CCc5ccccc5)c43)[nH]c12,41.9
Cc1ncc(-c2ccc(-c3n[nH]c(-c4ccc(C#N)cc4)n3)cc2)cc1C#N,16.29
FC(F)(F)c1ccc(N=c2[nH]c(C(Cl)(Cl)Cl)nc3ccccc23)cc1,21.73
CCc1ccc(C2CC(=O)Nc3sccc32)cc1,20.72
N#Cc1ccc2c(C#N)c3ccccc3c(-c3nc(-c4cccnc4)nc(-c4c[nH]c5ccc(Br)cc45)n3)c2c1,23.74
C=C(CCC12CC3=C(C)CC(O)C3(C)CC1(C)CCCC2=C)C(=O)O,46.53
N#Cc1ccc(CN2CCN(c3nc4ccncc4[nH]c3=NC3CC3)CC2)cc1,19.2
Nc1ccc2c(c1)C(=O)c1cc(Nc3ccc4c(c3)C(=O)c3cc(N)ccc3C4=O)ccc1C2=O,13.9
Cc1cc(C(F)c2ccc(C#N)cn2)cc(=Nc2ccc3cnn(-c4ccc(N5CC(C)NC(C)C5)cn4)c3c2)[nH]1,44.08
N#Cc1ccc(-c2ccc(-c3nc(-c4ccc(-c5cccc(C#N)n5)cc4)nc(-c4ccc(C#N)cc4F)n3)cn2)nc1,16.2
N#Cc1cccc(-c2nc(-c3ccc(F)c(C#N)c3)cc(C3CCN(Cc4ccc(C#N)c(Cl)c4)CC3)n2)n1,23.79
CN=c1[nH]c2ccccc2n1-c1nccc(C#N)n1,18.43
N#Cc1cccc(-n2c(=NNC(N)=S)[nH]c3ccccc3c2=O)c1,23.01
CCCCCCCCCCCCN=c1ccn(CCCCCCCCCn2ccc(=NCCCCCCCC)cc2)cc1,22.23
NC(=O)CCn1c(=O)c(-c2cccc(F)c2)nc2cnc(N3CCOCC3)nc21,30.22
N#CC=Cc1nc(-c2ccc(-c3ccc(C#N)cc3)cc2)nc(=NC(=N)Nc2ccc(Cl)cc2)[nH]1,24.99
COc1ccc2cc3[n+](cc2c1OCc1ccccc1)CCc1cc2c(cc1-3)OCO2,19.15
CCOc1ccc2c(=NN=Cc3ccccc3)cc(C)[nH]c2c1,17.36
N#Cc1cnc(Oc2ccc(C#N)c(Cl)c2)c(C#N)c1,18.7
N#Cc1c2ccccc2c(-c2nc(-c3c4ccccc4c(C#N)c4ccccc34)nc(-c3c4ccccc4c(C=NN=C(N)N)c4ccccc34)n2)c2ccccc12,16.32
N#Cc1ccc(-c2cc(-c3ccc(Cc4ccccc4Cl)cc3)nc(-c3ccc(-c4cc(F)cc(C#N)c4)cn3)c2)cc1,27.12
N#Cc1ccc(-n2c(=O)cc(Cl)sc2=N)c(F)c1F,21.44
Cc1nc2c(ncc3cc(F)c(-c4ccc(C#N)c(F)c4)cc32)c(=O)n1-c1ccc(C2CCC2)cc1,35.52
N#Cc1cncc(-c2ccnc3[nH]c(-c4cccc(C=NO)n4)cc23)c1,24.12
CCOC(=O)c1ncn2c1CN(C)C(=O)c1cc(Cl)ccc1-2,16.72
N#Cc1ccc(-c2ccc(-c3nc(C(=O)OCc4ccccc4)nn3-c3ccc(F)cc3)cc2)nc1,20.15
N#Cc1ccc(-c2ncc(-c3ccc(C#N)cn3)c(-c3ccc(C#N)cc3)n2)cc1,12.08
Cc1[nH]n(-c2ccc([N+](=O)[O-])cc2)c(=O)c1N=Nc1cc(C#N)cc(C#N)c1,21.87
Cc1ccc(-c2ccc(-c3nc(-c4ccc(-c5ccc(C#N)cn5)cc4)nc(-c4ccc(-c5ccncn5)c(F)c4)n3)cc2)cc1C#N,17.86
CSc1nc(Cl)c(C#N)c(-c2ccc(-c3ccc(CCC(=O)O)cc3)cc2)n1,20.56
Cc1nc2nc(C(N)=O)cc(-c3ccc(-c4cnn(C)c4)cc3)c2n1Cc1cccc(C#N)n1,32.35
CCOc1nc(-c2ccc(C#N)cn2)nc(C)c1CC(=O)N1CCN(C(C#N)c2ccc(C#N)cc2)CC1,31.53
CC1(C)CN(CC(c2ccc(-c3cc(F)cc(C#N)c3)cc2)C2CCNCC2)c2c(ncnc2-c2ccncc2)O1,38.98
ON=C(Cc1ccccn1)c1ccc(-c2ccc(F)cc2)nc1,24.37
COc1ccc(N=Cc2ccc(SCc3nc(-c4ccc(Cl)cc4)no3)nc2-c2ccc([N+](=O)[O-])cc2)cc1,25.95
CC1(NC2CCc3cc(-c4ccc(C#N)cc4C#N)ccc32)CC1,29.98
COc1ccc(CCN(C)c2nc3c(-c4ccc(Br)cc4)nc(=N)[nH]c3[nH]2)cc1OC,44.6
O=C(Nc1ccc2c(c1)C(=O)N(CC1CCCO1)C2=O)c1ccc(F)c(C(F)(F)F)c1,22.11
N#Cc1ccc(-c2ccc(-c3ccn(-c4cccc(C#N)c4)n3)cn2)cc1,20.54
N#Cc1ccc(-c2ccc(-c3nc(-c4ccc(-c5ccc(C#N)cn5)nc4)nc(-c4cccc(C=NO)n4)n3)cn2)nc1,15.16
N#Cc1c2ccccc2c(-c2nc(-c3ccccc3)nc(-c3ccc(C=Nc4ccc(Br)cc4)cc3)n2)c2ccccc12,20.35
CCC(C)N=c1nc(SCC(=O)N2c3ccccc3CC2C)[nH]c(N2CCOCC2)n1,32.19
O=c1oc2c(Br)cc(Br)cc2cc1-c1nc(Cl)nc(Cl)n1,20.49
COc1ccc(C=Cc2cc(=O)[nH]c(Cc3ccc(C#N)cc3)n2)cc1,24.6
N#Cc1ccc(-c2c(-c3ccc(-c4ccc(C#N)nc4)nc3)nc(-c3ccc(-c4ccc(C#N)cn4)nc3)nc2-c2ccc(-c3ccc(C#N)cn3)nc2)cc1,24.86
COCc1cc(-c2cccc(C#N)c2F)nc(-c2cncc(C#N)c2)n1,19.98
N#Cc1ccccc1N1CCN(Cc2oc(CCl)cc(=O)c2O)CC1,19.11
N#Cc1ccc(-c2ccc(-c3ccc(-[n+]4ccc(-c5ccncc5)cc4)cc3-c3cccc(C#N)c3)cc2)cc1,15.86
Cc1c(C#N)c(C#N)nc2nc[nH]c(=NN=Cc3ccccc3)c12,19.94
C[n+]1ccc(Nc2ccc(C=Cc3ccnc4ccccc34)cc2)cc1,18.48
CC1(CCO)OCCc2c(-c3ccc(C#N)cc3)nc(-c3ccc(-c4ccc(C#N)cn4)cc3)nc21,20.23
N=C1NC(c2ccc(-c3ccc(F)cc3)cc2)CO1,18.93
N#Cc1ccc(-c2cc(Cl)ccc2-c2nc(C(=O)Nc3ccc4c(c3)C(=O)OC4=O)nc(N3CCOC(c4cccnc4)C3)n2)cc1,45.69
N#Cc1nc(-c2ccccc2)oc1NCc1ccccc1,13.61
N#Cc1ccc(-c2ccc(-c3nc4cc(C#N)ccc4[nH]3)cc2)cc1,11.16
Cc1cc(-c2nc(-c3ccnc(C#N)n3)nc3ncc(-c4cnn(C)c4)cc23)cc(N(C)C)n1,25.35
COC(C)(C)c1ccc(-c2nc(-c3ccc(-c4cccc(C#N)n4)cc3)nc(-c3ccc(-c4ccc(C#N)cn4)nc3)n2)nn1,30.63
N#Cc1ccc(-c2nc(-c3cccc(C#N)n3)cc(-c3cc(F)ccc3F)n2)cc1,15.3
Fc1cnc(C#Cc2ccc3nnc(CC4CCCCC4)n3c2)c(F)c1,28.83
N#Cc1ccc(-c2ccc(-c3cc(C(N)=O)cc(-c4cc(F)cc(C#N)c4)c3)cc2)cc1,20.29
N#Cc1cn(Cc2ccc(-c3ccc(-c4nn[nH]n4)nc3)cc2)c2ccc(OC(=O)c3ccc(F)cc3)cc12,35.29
CCc1ccc(N=c2ccc3cc(C#N)c(NC(=O)Nc4cccc(C(F)(F)F)c4)cc3[nH]2)cc1,33.95
Cc1nc2cc(NC(=O)CCCCCN3CCN(Cc4ccc(Cl)cc4)C(Cc4ccccc4)C3)ccc2[nH]1,31.89
CCCC=c1sc(=Cc2n(C)c3ccc(OC)cc3[n+]2C)n1Cc1ccc(C#N)cc1,26.18
N#Cc1ccc(Nc2cc(N=Cc3ccc(-c4cc(-c5ccc(-c6ccc(C#N)cn6)cc5)nc(-c5ccc(C#N)cc5)n4)cc3)c(O)cc2N)cc1,11.23
CS(=O)(=O)Oc1cccc(-c2cnc(-c3ccc(-c4cccc(C(F)(F)F)n4)cc3)o2)c1,25.6
C=CCn1c(SCC(=O)c2cc(C)n(Cc3ccccc3)c2C)nc2cccnc2c1=O,29.74
N#Cc1cccc(Cn2cc(C#N)c(-c3cccc(C#N)c3)cc2=O)c1,19.95
Cc1cc(C)cc(Sc2nc(C#N)nc3n[nH]cc23)c1,26.27
N#Cc1nccc(N(CC#Cc2ccccc2)c2ccc(C#N)c(C(F)(F)F)c2)n1,21.86
Cc1cc(F)cc(Nc2ccc(-n3cnc4cc(-c5ccc(C(F)(F)F)cc5)ccc4c3=O)cc2[N+](=O)[O-])c1,30.86
O=C(COc1ccc(S(=O)(=O)NC2CCCCC2)cc1)NCc1ccc(F)cc1,23.9
Cc1c(C(=O)c2ccccc2)c(=O)n(-c2ccccc2)n1C,16.3
N#Cc1cccc(-c2cc(N3CC(F)C(CO)C3)nc(-c3cccc(C#N)n3)n2)n1,11.12
N#Cc1cccc(-c2ncc(OCc3ccccc3)c(C=NNC(=O)c3cccs3)n2)c1,32.4
N#Cc1cc(-c2ccc(-c3nc(Cl)nc(Cl)n3)cc2)cc(-c2ccc(-c3nc(Cl)nc(Cl)n3)nc2)c1,9.08
Nc1ccc2nc3c(nc2c1)C(=O)c1cccnc1C3=O,24.83
N#Cc1ccc(-c2cccc(Cn3c(C(=O)NC4CCCN(Cc5ccccc5)C4)cc4ccccc43)c2)nc1,30.24
CCN1CCN(c2cc(-c3cc(C(=O)N=c4ncc(C#N)c[nH]4)ccc3C)nc(C3CCC3)n2)CC1,23.57
N#Cc1nc(SCc2cccnc2)nc(N)c1C#N,23.45
N#Cc1ccc(-c2nc(-c3ccc(-c4ccc(C#N)cn4)nc3)nc(N3CCNCC3)n2)cc1,16.09
COc1cc(C#N)ccc1N=Cc1ccc(OC)c(OC)c1,21.51
Cc1ccc(C(c2ccc(Cl)cc2)c2ccc3ncc(C=Nc4ccc(O)cc4)c(-c4ccc(Cl)cc4)c3c2)cn1,31.18
Cc1nc2ccc(-n3[nH]cc(C(=O)c4cc(-c5cncc(C#N)c5)ccn4)c3=N)cc2n1C,19.95
COC(=O)CC1c2cc(C#N)ccc2OC(C)(C)C1O,21.49
N#Cc1ccc(-c2ccc(-c3nc(-c4ccc(-c5cccc(C#N)n5)cc4)nc(-c4ccc(C#N)cn4)n3)cn2)nc1,9.54
N#Cc1ccc(Nc2cc(N=Cc3cc(C(F)(F)F)cc(C(F)(F)F)c3)c(O)cc2N)cc1,14.24
N#CC=Cc1ccnc(-c2ccc(-c3cncc(C#N)c3)cc2)n1,11.35
O=CN1CCN(C=Nc2nc(N=CN3CCN(C=O)CC3)nc(N=CN3CCN(c4ccccc4)CC3)n2)CC1,10.74
Cc1ccc(-c2cc(-c3ccc(Cl)cc3Cl)c(C(=O)C=Cc3ccsc3)c(-c3ccc(Cl)cc3)n2)cc1,31.83
Nc1ccc2c(c1)C(=O)c1cc(Nc3ccc4c(c3)C(=O)c3ccc(N)cc3C4=O)ccc1OC2,23.45
Cc1nc(-c2ccc(Cl)cc2)sc1C(=O)CC=Nc1ccc(Cl)cc1S(N)(=O)=O,29.27
N#Cc1ccc(Nc2ccc(-c3cncs3)cc2F)cc1,24.23
CN1CCN(c2nc(-c3ccc(-c4ccc(C#N)cc4)cc3)cc(-n3cc(-c4ccc(-c5nc(C#N)ccc5C#N)cc4)nn3)n2)CC1,29.72
N#Cc1ccccc1-c1ccc(-c2ccc(C(=O)N3CCOCC3)c(F)c2)nc1,21.37
Nc1ccc2c(c1)C(=O)c1ccc(Nc3nc(Nc4ccc5c(c4)C(=O)c4ccc(N)cc4C5=O)nc(Nc4cccc5c4C(=O)c4ccccc4C5=O)n3)cc1C2=O,12.4
N#Cc1ccc(-c2ccc(-c3ccc(NCc4ccco4)nn3)c(Cl)c2Cl)nc1,34.49
N#Cc1ccc(C(=O)CC(=O)c2nc3cc(Cl)ccc3c(=O)n2Cc2ccc(-c3ccc(C#N)cc3)cc2)cc1,32.82
N#Cc1cc[nH]c(=NC(=O)C(=O)Nc2ccc(C(F)(F)F)nc3nc(-c4cccc(C#N)n4)nc2-3)c1,43.7
N#Cc1ccc(-c2ccc(-c3cnc4cc(-n5nnc6ccccc65)ccc4n3)cc2)cc1,27.8
N#Cc1cccc(C=Cc2nc(=N)cc[nH]2)c1,19.41
CCC(CC)N=c1[nH]c(=NCc2ccccc2)cc(N)nc1-c1nc(C#N)c[nH]1,28.18
N#Cc1ccc(-c2nc(=Nc3ccc(S(N)(=O)=O)cn3)[nH]cc2C#N)cc1Cl,25.45
COc1ccccc1Nc1ccc(C#N)cc1C#N,19.16
N#Cc1ccc(-c2cnn(C3CCCCC3)c2-c2cnc(C#N)c(C#N)n2)cc1,17.32
N#Cc1cc(-c2ccc(-c3nc(Cl)nc(Cl)n3)cc2)cc(-c2ccc(-c3nc(Cl)nc(Cl)n3)cc2)n1,9.64
O=C(OCCNC(=O)C(c1ccc([N+](=O)[O-])cc1)n1nnc2ccccc21)c1ccc(F)cc1,38.71
O=C(c1ccnc(S(=O)(=O)c2ccc(Cl)cc2)n1)c1cc(Br)ccc1NS(=O)(=O)c1ccc(Cl)cc1,31.54
C=CC(=O)Nc1ccc2nc[nH]c(=Nc3ccc(C#N)cc3)c2c1,22.77
N#Cc1ccc(C(c2ccc(C#N)cc2)n2cc(Cl)cc(C(F)(F)F)c2=O)cc1,24.92
CN(C)CC(=O)Nc1cccc(-c2nc3ccccc3s2)c1,26.89
Cc1cc(C)nc(Sc2nc(-c3ccc(-c4ccc(C#N)cc4)cc3)nc(-c3ccc(-c4ccc(C#N)cn4)nc3)n2)n1,17.86
C[n+]1c2ccccc2cc2[nH]c3ccc(Br)cc3c21,22.7
Cc1cn2cc(CO)cc2c(C#Cc2ccc(-c3ccc(C#N)cn3)cn2)n1,24.8
N#Cc1ccc(-c2ccc(-c3nc(-c4ccc(-c5ccc(C#N)cn5)cc4)nc(-c4ccc(-c5ccc(C=Cc6ccc(F)cc6)cn5)cc4)n3)cc2)cc1,15.17
CN(C)C(=O)c1cccc(Nc2c(N=c3[nH]c(-c4ccc(-c5ccc(C#N)cc5)cc4)cs3)c(=O)c2=O)c1O,19.42
Cc1nc(C#N)cn1C(=O)c1ccc(C#N)cc1,20.37
COc1cnc(Cl)nc1-c1ccc(N(Cc2cccc(C#N)c2)C(=O)c2cccc(C#N)c2)cc1,21.39
N#Cc1cccc(-c2nc(-c3cccc(C#N)n3)nc(N3CCCCC3)n2)n1,11.46
COc1nc(-c2ncc(Cl)cn2)nc2nccc(C(=O)c3ccc(C#N)c(F)c3)c12,32.61
N#Cc1ccc(-c2nc(-c3ccc(-c4ccc(F)c(C#N)c4)nc3)nc(-c3ccc(-c4ccc(C#N)cn4)nc3)n2)cc1,11.01
COc1ccc2c(Oc3ccc(NC(=O)c4nc(-c5ccc(F)cc5)n(-c5ccc(Cl)cc5)n4)cc3F)ccnc2c1,22.97
N#Cc1ccc(-c2nc(-c3ccc(-c4ccc(C#N)cn4)nc3)nc(-c3ccc(-c4cccc(C#N)c4)c(Cl)c3)n2)cc1,15.3
C=c1ccc2nc(=Cc3cc(Cl)c(OC)cc3O)c(=O)[nH]c2c1,29.03
Cc1ccc(S(=O)(=O)c2nc(-c3ccccc3)oc2N2CCOCC2)cc1,17.79
O=c1c2ncn(C3CC(CO)C(O)C3O)c2ncn1Cc1nc(-c2ccc(O)cc2)no1,34.46
N#Cc1cc(CN2CCNC(=O)C2)c2c(=Nc3ccc(Cl)c(Cl)c3F)nc[nH]c2c1,28.5
Cc1ccc(Nc2cc(N=Cc3ccc(F)cc3)c(O)cc2N)cc1,10.63
Cc1ncc(-c2ccc(-c3nc(-c4ccc(-c5ccc(C#N)cc5)cc4)nc(-c4ccc(-c5ccc(C#N)cn5)nc4)n3)cn2)cc1C#N,14.63
Cc1ccc(C(=O)c2c(O)c(O)n(Cc3ccncc3)c2-c2ccc(C#N)cc2)cc1,18.52
N#Cc1ccc(-c2ccc(-c3nc(-c4ccc(-c5nc(Cl)nc(Cl)n5)cn4)cn3-c3ccc(-c4ccc(C#N)cc4)cn3)cc2)cc1,31.05
N#Cc1ccc(CCc2ccc(Cl)c(Cl)c2)cc1C(F)(F)F,23.79
CCN1CCC(N(C(=O)c2ccc(-c3noc(C(F)(F)F)n3)cc2)c2csc(-c3ccc(C#N)cn3)n2)C1,38.1
N#Cc1cccc(F)c1F,10.32
N#Cc1ccc(-c2ccc(-c3nc(-c4ccc(-c5ccc(OCC(O)CO)nc5)nc4)cc(-c4cccc(C#N)c4)n3)cc2)nc1,23.22
CC(C)(C)c1nc(-c2cncc(C#N)c2)n(-c2cccc(C#N)n2)n1,19.84
S=c1[nH]nc(-c2ccc(N=Cc3ccccc3Cl)cc2)o1,17.49
Cc1ncnc(-c2ccc(-c3nc(-c4ccc(C=NO)cc4)nc(-c4c(F)c(F)c(C#N)c(F)c4F)n3)cc2)n1,25.08
N#Cc1ccccc1N1CCC(c2nc(-c3ccc(F)c(C(F)(F)F)c3)cn2CCN2CCCC2)CC1,20.52
CC1CNc2ccc(Nc3nc(Nc4ccc5c(c4)C(=O)c4ccc(N)cc4C5=O)nc(Nc4ccc5c(c4)C(=O)c4cc(N)ccc4C5=O)n3)cc2C(=O)N1,18.31
Cc1ncc(-c2cncc(C#N)c2)c(=O)n1Cc1ccc(F)c(F)c1,24.52
CC1(c2ccccc2)NC(=O)N(CC(=O)c2ccc3c(c2)NC(=O)CO3)C1=O,26.95
Nc1ccc2c(c1)C(=O)c1ccc(Nc3c(O)c(=O)c3=O)cc1C2=O,14.76
N#Cc1ccc(-c2nc(Nc3ccc4c(c3)C(=O)c3ccc(N)cc3C4=O)nc(Nc3ccc4[nH]c(-c5ccc(C#N)cc5)nc4c3)n2)cc1,18.48
N#Cc1ccc(-c2ccc(-c3nc(-c4ccc(-c5ccc(C#N)c(C(=O)C=Cc6ccccn6)c5)nc4)nc(-c4ccc(-c5ccc(C#N)cn5)nc4)n3)cn2)nc1,19.41
CCCC(=O)c1cnn(-c2ccc(NC(=O)c3cn(C)c(=O)c4ccccc34)cc2)c1C,19.57
N#Cc1ccc(-c2ccc(-c3nc(-c4ccc(-c5cncc(C#N)c5)nc4)nc(-c4ccc(-c5ccc(C#N)cn5)nc4)n3)nc2)nc1,13.13
Cc1cccn1-c1ccc(-c2ccc(N(Cc3ccc(F)cc3)C(=O)c3ccc(C#N)cc3)c(C(C)(C)C)n2)cc1,40.94
N#Cc1ccc(Cc2c[nH]c(=NC(=O)C3=Cc4ccccc4C(=O)C3=O)s2)cc1,27.95
CCOc1ccc(CC(NC(=O)c2ccc(-c3cccc(C#N)c3)cc2)C(=O)NC(C=CS(=O)(=O)c2ccccc2)CCc2ccccc2)cc1,27.74
CC(C(=O)N=c1cco[nH]1)c1ccc(-c2cccc(-c3cccc(C#N)n3)c2)cc1,23.3
N#Cc1ccc(-c2ccc(-c3cc(C(F)(F)F)cc(-c4ccc(-c5ccc6ccccc6c5)nc4)n3)cn2)cc1,22.7
O=CN1CCN(C=Nc2nccc(N=CN3CCNCC3)n2)CC1,12.51
Cc1cc(C#N)ccc1-c1nc(-c2ccc(-c3ccc(C#N)cn3)nc2)nc(-c2ccc(-c3ccc(C#N)cn3)nc2)n1,11.15
N#Cc1ccc(-c2ccc(-c3nc(-c4ccc(-c5ccc(C#N)cn5)cc4)nc(-c4ccc(Cl)c(Cl)c4Cl)n3)cc2)cc1,14.69
CCNC(=O)c1ccc(-c2nc(CCc3nc(Cc4cccc(F)c4)n(C)n3)nc(-c3ccc(O)cc3)n2)cc1,34.23
N#Cc1ccc(-c2ccc(-c3nc(-c4ccc(-c5ccc(C#N)cc5)cc4)c(C#N)c(-c4ccc(-c5ccc(C#N)cn5)nc4)n3)cc2)cc1,11.95
N#Cc1cccc(-c2ccc(S(=O)(=O)Nc3ccc4c(c3)C(=O)OC4)cc2)c1,20.8
O=C(N=c1cc(C2CCNC2)[nH]n1-c1cccc(F)c1)c1cnn2cccnc12,29.93
N#Cc1ccc(-c2ccc(Cc3nc(-c4ccc(-c5ccc(C#N)cc5)cc4)nc(-c4ccc(-c5ccc(C#N)cn5)cc4)n3)cc2)cc1,11.67
N#Cc1ccnc(-c2cnc(-c3cnc(=N)[nH]c3)c3c2CN(C(=O)NC2CCOCC2)CC3)c1,30.23
N#Cc1ccc(-c2ccc(-c3nc(-c4ccncc4)nc(-c4ccc(C#N)nc4)n3)cc2)nc1,15.98
N#Cc1ccc(-c2nc(C(=O)Nc3cccnc3)nn2-c2ccc3sc(C(=O)O)cc3c2)cn1,32.78
N=C(c1ccc(C(=O)Nc2ccc(OCc3ccccc3)c(Cl)c2)cc1)C1CCCC1,36.57
CN(C(=O)c1ccc(-c2ccc(C#N)cc2)o1)c1ccccn1,20.78
N#CC=Cc1cccc(-c2ccc(-c3cccc(C#N)n3)cn2)n1,19.35
CN(c1ccn(C(=O)N=c2cc(C(F)(F)F)cc[nH]2)n1)C1CCc2c(C#N)cc(C(=O)O)cc2C1,39.12
Cc1nc(C)c(C=Cc2cccc(C=CC#N)n2)cc1C#N,18.83
N#Cc1cc([N+](=O)[O-])ccc1Nc1ccc2c(c1)C(=O)c1ccc(N)cc1C2=O,13.66
Cc1cc(-c2ccc(-c3cccc(C#N)c3)s2)ccc1-c1nc(-c2ccc(C#N)cc2)nc(-c2ccc(-c3ccc(C=CC=CC=Cc4nc(C#N)cn4C)cc3)cc2)n1,35.76
CS(=N)(=O)Cc1cccc(N=c2nc(-c3ccc(OC(F)(F)F)cc3)cc[nH]2)c1,20.1
Cc1cccc2cnc(-c3ccc(-c4ccc(F)c(C#N)c4)cc3)nc12,19.88
Cn1cc(-c2ccc3[nH]c(=O)n(Cc4cccc(C(F)(F)F)c4)c3n2)cn1,33.41
COc1cc2c(=Nc3cc(Cl)ccc3F)[nH]cnc2cc1OCC1CCN(C)CC1,19.19
CC(=NNC(=O)c1cc[n+](CCCOc2ccc(C#N)cc2)cc1)c1ccccc1Br,34.28
COc1ccc(C(=O)Nc2ccc(-c3ccc(-c4ccnc(C=C(C)C)n4)cc3)cc2)cc1-c1cc(F)cc(F)c1,25.89
CC1COCCN1c1nc(-c2ccc(-c3ccc(C#N)cn3)nc2)nc(-c2cncc(C#N)c2)n1,20.63
Cc1cc(C)cc(NC(=S)n2ncc3c(C)nc(N4CCOCC4)nc32)c1,32.34
CC#Cc1ccnc(-c2ccn(-c3cc(C)nc(N4CCc5c(nc(C6CC6)nc5-c5cccc(C#N)c5)C4=O)n3)n2)c1,40.13
N#Cc1ccc(-c2cccc(C(C#N)(c3ccc(C#N)cn3)C(F)(F)F)c2)nc1,23.21
CCC(=NN1CCN(Cc2cccc(-c3cccc(-c4ccc(-c5ccc(C#N)cn5)cc4)c3)c2)CC1)c1ccc(-c2ccc(C#N)nc2)cc1,37.65
N#Cc1ccc(-c2ccc(-c3nc(-c4ccc(-c5ccc(C#N)c(Cl)c5)nc4)nc(-c4nc(C#N)c[nH]4)n3)cc2)cc1,23.67
Cc1ccccc1-c1cc(C#N)nc(C=NO)c1,27.19
COc1cccc(-c2cccc(C(=O)NN3CCC(CC(=O)C(N)c4cnc5cc(C#N)ccc5n4)CC3)c2)c1,49.86
N#Cc1ccc(-c2nc(-c3ccccc3C#N)n(-c3ccc(F)cc3)c2C#N)cc1,25.52
N#Cc1ccc(-c2ccc(-c3nc(-c4ccc(-c5ccc(O)c(C#N)c5)cc4)nc(-c4ccc(-c5ccc(C#N)cn5)nc4)n3)cn2)cc1,16.01
N#Cc1cccc(-c2nc(-c3cccc(C#N)n3)nc(N3CCC4(CCOC4)CC3)n2)n1,17.49
C=CC(=O)N(C)c1ccc(N=c2cc(N=c3nc(C)cc(-c4cccc(C(F)(F)F)c4)[nH]3)[nH]c(OCCNC(=O)c3cccc(C#N)c3)n2)cc1,43.6
Cc1cc(O)n(-c2ccc(N3CCC(C)CC3)c([N+](=O)[O-])c2)c1O,29.79
Cc1ccc2c(=O)c(-c3ncnn3-c3ccc(F)cc3)c(C(N)=O)n(-c3ccc(F)cc3)c2n1,28.28
Cc1ccc(-c2ccc(C(=O)N3CCN(c4ccc(F)cn4)CC3)cc2)o1,24.11
COc1ccccc1C=Nc1cc(Nc2ccc(C)cc2)c(N)cc1O,14.66
N#Cc1nccc(-c2cccc(N=c3cc[nH]c4cc(Cl)ccc34)n2)n1,25.65
COCCn1cc(N=c2nc3c(c[nH]2)CCc2nn(C)c(Cc4ccccc4)c2-3)cn1,20.36
N#Cc1cncc(-c2nc(N3CCCC(O)C3)c3ncccc3n2)c1,20.89
Cc1ccc2c(C(=O)Nc3ccccc3)nn(Cc3ccccc3)c(=O)c2n1,27.27
N#Cc1cccc(C=NNC(=O)Cc2ccc(Cl)cc2)c1,19.75
N#Cc1ccc(-c2ccc(-c3nc(-c4ccc(C#N)cc4)nc(-c4ccc(-c5cncc(Cl)n5)nc4)n3)cc2)cc1,21.52
CC(C)(C)c1cc(=NC(=O)c2cccc(-c3nc(-c4cccc(C#N)n4)cc(N4CCC4)n3)c2)[nH]o1,14.16
N#Cc1ccc(Oc2ccc(C=C3SC(c4ccc(Cl)cc4)=NC3=O)cc2)cc1,22.84
Cc1nc2cc(-c3cc(O)cc(O)c3)ccc2c(=O)n1-c1ccc(-c2ccc(-n3nc(-c4ccc(-c5ccc(C#N)cn5)nc4)nc3-c3ccccc3)cc2)cc1,39.16
CCCN(Cc1cc(=Nc2nc(-c3ccc(F)cc3)cs2)nc(C)[nH]1)CC1CC1,27.6
CC(C)=CCCC(C)=CCc1c(O)cc(O)c2oc3cc(O)c(C(C)CC(C)C)cc3c(=O)c12,35.9
N#CC=Cc1cccc(N2CCC(c3cccc(F)c3)CC2)n1,19.12
CC(N)(Cc1ccccc1)c1cccc(-c2ncc(-c3ccc(Oc4ccccn4)cc3C#N)cc2F)n1,39.14
O=c1c2ccccc2ccn1CC(O)CO,20.35
CN(c1ncnc2[nH]ccc12)C1CCC(CS(=O)(=O)NCc2ccccc2)CC1,22.45
Cc1c(C#N)c(-c2ccc(Br)cc2)n2c(nc3ccccc32)c1[N+](=O)[O-],26.3
N#Cc1cccc(-c2nc(-c3cccc(C#N)n3)nc(N3CC(F)(F)C3)n2)c1,19.85
CC1C(n2cccc2C#N)C(C)(C)C(=O)N1c1cncc(C#N)c1,30.46
N#CC=Cc1cncc(C#N)c1,11.19
N#Cc1ccc(-c2ccc(-c3nc(-c4ccc(N=CN5CCN(C=O)CC5)cc4)nc(-c4ccc(-c5ccc(C#N)cn5)cc4)n3)cc2)cc1,10.94
CC(C)n1c(=O)[nH]c(=Nc2ccc(C(F)(F)F)cc2)n(Cc2ccccc2)c1=O,19.0
N#CC=Cc1nc(-c2ccc(Cl)c(N=c3nc(-c4ccccn4)cc[nH]3)c2)nc2ccccc12,26.65
N#Cc1cc(NC(=O)c2cnc3cc(C=CCCN4CCOCC4)ccn23)c2ccn(Cc3ccccc3F)c2n1,32.57
N#Cc1ccc(-c2c(C#N)cnc(Cn3cnc(-c4ccc(Cl)c([N+](=O)[O-])c4)n3)c2C#N)cc1,30.48
O=Cc1nccn1Cc1c(F)cccc1Cl,23.55
N#Cc1ccc(-c2ccc(-c3nc(-c4ccc(-c5ccc(C#N)cc5)cc4)nc(-c4ccc(-c5cccc(Cl)c5)cc4)n3)cc2)cc1,11.47
N#Cc1ccc(-c2cc(-c3ccc(C#N)cc3)nc(-c3ccccn3)n2)cc1,20.93
Cc1cc(C)n(-c2nc3ccccc3nc2N(C)CC(=O)NC(C)C)n1,31.17
N#Cc1cccc(C(=O)N2CCN(c3ncc(C(F)(F)F)cc3C#N)CC2)c1,19.45
O=CN1CCN(C=Nc2ccc(Br)cc2)CC1,13.04
N=C(N)Nc1ccc(-c2cccc(-c3cccc(C(=N)N)c3)n2)c2ccccc12,30.25
N#Cc1ccc(-c2nc(OCc3ncc(-c4ccc(F)cc4)cn3)cc(-c3ccc(O)c(C(=O)O)c3)n2)cc1,27.8
N#Cc1ccc2c(c1)C1c3cc(-c4cccc(C#N)n4)ccc3OCC1N=C2,32.82
CC(O)(C=Cc1ccc(-c2ccccc2)cc1)CC=CCC1C2CCC(C2)C1C(=O)O,39.64
O=C(O)C1CC(C(=O)O)N1,19.61
Cc1cc(C)cc(-c2cc(-c3ccc(C(=N)NCCc4ccccc4)cc3)[nH]c(=N)n2)c1,24.0
N#CC=Cc1nc2ccccc2c(=O)n1CCC#N,17.7
N#CC(=Cc1c(O)[nH]c(=O)n(-c2ccccc2)c1=S)c1nc2ccccc2[nH]1,26.21
N#Cc1ccc(-c2ccc(-c3nc(-c4ccc(-c5cccc(C#N)n5)cc4)nc(-c4ccc(C#N)nc4)n3)cn2)nc1,9.75
Cc1cc(=NS(=O)(=O)c2ccc(NC(=O)c3cccnc3)cn2)nc(C)[nH]1,25.46
Cn1cc(-c2ccc(-c3nc(-c4ccc(-c5ccc(C#N)cn5)nc4)nc(-c4ccc(Cl)s4)n3)cn2)cn1,22.03
CN1CCN(C(=O)c2ccc(-c3nc4c(N)cc(-c5cccc(C#N)n5)cc4[nH]3)cc2)CC1,24.85
N#Cc1ccc(CN=c2[nH]cnc3ccc(-c4ccc(-c5ccc(C=O)cc5)cc4)cc23)cc1,28.34
N#Cc1ccc(-c2ccc(-c3nc4cc(F)ccc4c(=O)[nH]3)cc2)cc1C#N,17.26
Cc1nc(-c2ccc(C#N)cn2)ccc1-c1noc(-c2ccc(-c3ccc(C#N)cn3)cc2)n1,17.77
N#Cc1ccc(-c2ccc(-c3nc(-c4ccc(-c5ccc(C#N)cn5)nc4)nc(-c4ccc(C#N)cc4Cl)n3)cc2)cc1,15.17
Nc1ccc2c(c1)C(=O)c1ccc(Nc3cc(Nc4ccc5c(c4)CCC5=O)nc(Nc4ccc5c(c4)C(=O)c4ccc(N)cc4C5=O)n3)cc1C2=O,9.48
N#CC=Cc1cn(CC(=O)N2CCN(c3nc(-c4ccc(-c5ccc(C#N)cc5)cc4)nc(-c4ccc(C#N)nc4)n3)CC2)cn1,17.18
N#Cc1ccc(-c2ccc(-c3nc(-c4ccccc4C#N)nn3-c3ccc(Cl)cc3)cc2)cc1,17.31
CC1(C)NC(=O)c2ccc(Nc3nc(Nc4ccc5c(c4)C(=O)c4ccc(N)cc4C5=O)nc(Nc4ccc5c(c4)C(=O)c4ccc(N)cc4C5=O)n3)cc2NC1=O,9.08
CS(=O)(=O)c1cccc(-c2ccc(-c3ncc(Oc4ccc(C(=O)NCC(N)C(=O)O)nc4Cl)c(C(=O)Nc4ccc(C(=N)N)cc4)n3)cc2)n1,45.86
Cc1ccc(-c2nc(-c3ccc(C#N)cc3)nc(-c3ccc(-c4ccc(C#N)cn4)nc3)n2)cc1,11.6
Cn1c(N=Cc2ccccc2C(=O)O)c2cccc(N)c2c1O,23.35
N#Cc1ccc(Nc2cccc3c2CN(C(=O)C=CC=Cc2ccc(F)c(F)c2)CC3)cc1C(F)(F)F,36.43
N#CCc1nnnn1C1c2ccccc2C=Nc2ccccc21,32.12
N#Cc1ccc(-c2ccc(-c3ccnc(-c4ccc(-c5ccc(C#N)cn5)nc4)n3)cc2)nc1,13.63
O=C(CSc1nc2ccccc2nc1N1CCOCC1)Nc1ccccc1,22.54
N#Cc1cccc(-c2ccc(-c3cn(-c4ccc(N(Cc5ccccc5)C(=O)Nc5cc(Cl)ccc5C#N)cc4)nn3)cc2C(F)(F)F)c1,39.12
Cc1ccc(N)c(N=Cc2ccc(-c3nc(-c4ccncc4)nc(-c4ccc(Nc5cc(N=Cc6ccccc6)c(O)cc5N)cc4)n3)cc2)c1,25.14
N#Cc1ccc(-c2ccc(-c3nc(-c4ccc(-c5ccc(C#N)cn5)nc4)nc(-c4cc(F)ccc4F)n3)cn2)nc1,10.94
Cn1c(C(C#N)=c2ccc(=C(C#N)C#N)cc2)nc(C(C#N)=c2ccc(=C(C#N)C#N)cc2)c1O,14.19
N#Cc1cccc(-c2nc(-c3nc(C#N)c[nH]3)nc(=NCCc3cccc4ccccc34)[nH]2)c1,23.16
CC1CNc2cc(Nc3nc(Nc4ccc5c(c4)C(=O)c4ccc(N)cc4C5=O)nc(Nc4ccc5c(c4)C(=O)c4ccc(N)cc4C5=O)n3)ccc2C(=O)N1,9.63
CC[N+](C)(CCCl)CC(=O)OCCCc1nc(-c2ccc(-c3ccc(C#N)cc3)cc2)no1,39.98
CCOC(=O)n1c(-c2ccc3c(c2)C(=O)C(=O)N3Cc2ccc(C#N)cc2)nc2cc(N)ccc21,39.75
N#Cc1ccc(-c2nc(-c3cncc(C#N)c3)nc(-c3cccnc3F)n2)cc1,10.55
CC(=O)c1ccc(-c2ccc(-c3cc(C(F)(F)F)nn3-c3ncnc(-c4ccccc4)n3)cc2)nc1,32.62
N#Cc1cccc(NC(=O)C=Cc2cocn2)c1,27.39
N#Cc1ccc(-c2ccc(-c3nc(-c4ccnc(C(=N)N)c4)nc(-c4ccc(C5=NCCN5)cc4F)n3)cc2)cc1,18.87
CN(CCC#N)CC(O)Cn1ncc2c(=N)[nH]cnc21,28.17
CC1=Nc2nc(-c3nc(C(C)C)no3)nn2C(c2ccc(C#N)cc2)C1C(N)=O,25.78
Cc1cc(=Nc2nc(-c3ccc(-c4ccc(C#N)c(C#N)c4)cc3)nc3c2ncn3C)[nH][nH]1,23.95
N#Cc1ccc(-c2ccc(-c3nc(-c4ccc(-c5nc(CC6CC6)cc(C(F)(F)F)n5)c(Cl)c4)nc(-c4cnc(-c5ccc(C#N)cn5)c(Cl)c4)n3)cn2)nc1,28.32
O=c1c2[nH]c3ccccc3c2ncn1-c1ccccc1Cl,26.31
N#Cc1cc(F)cc(-c2ccc(-c3cc(-c4cccc(C#N)c4)nc(-c4ccc(-c5nc(Cl)nc(Cl)n5)cc4)n3)cc2)c1,18.67
N#Cc1ccc(C#N)c(NCc2cccc[n+]2[O-])c1,23.97
Cc1nc(-c2ccc(-c3nc(-c4ccc(-c5ccc(C#N)cn5)cn4)ncc3C#N)cc2)cs1,17.99
N#Cc1ccc(-c2cc(C(=O)Nc3ccc(C4CC4N)cc3)n[nH]2)nc1,19.73
N#Cc1ccc(-c2ccc(-c3nc(-c4ccc(F)c(F)c4C#N)nc(N4CCOCC4)n3)cn2)nc1,15.77
N#Cc1ccc(-c2ccn(-c3nc(-c4ccc(-c5ccc(C#N)cn5)cc4)nc(-c4ccc(-c5ccc(C#N)cn5)nc4)n3)n2)cc1,13.1
N#Cc1ccc(-c2nc(-c3ccc(C#N)cc3)nc(-c3ccc(-c4cccc(C#N)c4)cc3)n2)cc1,8.75
COc1cc2[nH]c(-c3ccc(NCc4ccc(O)cc4)cc3)c(C#N)c(=O)c2cn1,32.24
N#Cc1ccc(-c2ccc(-c3nc(-c4ccc(-c5nc6cc(C7=NCCN7)ccc6[nH]5)cc4)nc(-c4ccc(-c5ccc(C#N)cn5)nc4)n3)cc2)nc1,19.09
N#Cc1ccnc(-c2ccc(F)c(-c3c(F)c(F)c(C#N)c(F)c3F)c2)c1,21.97
CN1CCN(c2nc(Nc3ccc4c(c3)C(=O)c3ccc(N)cc3C4=O)nc(-c3ccc(-c4ccc(C#N)cc4)cc3)n2)CC1,12.52
N#Cc1ccc(-c2ccc(-c3nnc(-c4ccc(-c5ccc(C#N)cn5)cc4)c(-c4ccc(-c5ccc(C#N)cn5)nc4)n3)cc2)cc1,17.13
N#CN=C(N=c1[nH]c(=O)cc(CCF)s1)Nc1ccc(Cl)c(Cl)c1,32.17
COc1ccc(NC(=O)c2cc(-c3ccc(C)c(C)c3)nc3ccccc23)cc1,18.58
CCCN=Cc1c(C)nn(Cc2cc(C)c(O)c(C3Sc4ccccc4C(=O)N3NS(C)(=O)=O)c2)c1C,41.5
Cc1cc(C(F)(F)F)n(-c2nc(-c3cccc(C#N)n3)nc(-c3cccc(C#N)n3)n2)n1,13.24
N#Cc1ccc(-c2ccc(-c3nc(-c4ccc(-c5ccc(C#N)nc5)cc4)nc(-c4ccc(-c5nc(Cl)nc(Cl)n5)cc4)n3)cc2)nc1,15.57
Cc1noc(-c2ccc(NCCSc3ccccn3)cc2)n1,30.15
Cc1ncc(-c2nc(C#N)c(Nc3ccc(C#N)cc3)o2)c(-c2ncccc2C(F)(F)F)n1,29.04
Cc1[nH]c(=NN=Cc2cccnc2)sc1C(=O)C=Cc1ccc(F)cc1,23.6
COC1CCN(c2nc(=Nc3ccc(C(=O)N4CCN(c5cnccn5)CC4)c(C)n3)cc[nH]2)C1,41.22
Cc1ccc(-c2cc(-c3ccccc3Cl)c(C#N)c(=N)[nH]2)cc1,17.43
Fc1cc(F)c2c(-c3cccnc3)cc(-c3ccc(C#Cc4ccc(CNCc5cc(C(F)(F)F)nc6ccccc56)cc4)cc3)nc2c1,42.25
CCn1c(C=Cc2cc(OC)c(OC)c(OC)c2)nc(=O)c2ccccc21,21.16
C=CC(=O)Nc1cc(N=c2[nH]c(=Nc3cc(C#CC#Cc4ccc(OC)cn4)ccc3C)[nH]cc2Cl)ccc1C,35.68
CC(=O)c1ccc(CNC(=O)C(C#N)c2ccc(Cl)cc2Cl)cc1,31.94
[O-][n+]1ccc(C=NO)cc1,12.23
Cc1cccc(-n2ncc3c(=O)n(N=Cc4ccc(F)c(C#N)c4F)cnc32)c1,25.26
Cc1ccc[nH]c1=NC(=O)c1cccc(C#N)c1,21.4
[O-]c1cc(-[n+]2ccc(-c3ccncc3)cc2)nc(-[n+]2ccc(-c3ccncc3)cc2)n1,9.96
C#CCOc1ccc(-c2cc(-c3cccc(-c4cccc(C#N)c4)c3)cc(C#N)n2)cc1,31.57
Clc1ccc(C(c2ccc(Cl)cc2)(c2cncnc2)N2CCCC2)cc1,24.03
N#Cc1ccc(C(=O)N(c2ccc3[nH]c(C4CCCC4)nc3c2)S(=O)(=O)c2ccccc2)cc1,33.71
CC(=O)c1ccc(N=Nc2cc(O)[nH]c2O)c(Cl)c1,31.68
CN(C)C=Nc1ccc([N+](=O)[O-])cc1,14.4
N#Cc1c2ccccc2c(-c2nc(-c3c(-c4ccc(Cl)cc4)[nH]c4cc(Cl)ccc34)nc(-c3c4ccccc4c(C#N)c4ccccc34)n2)c2ccccc12,17.84
CC=CCn1cc(CNCCNCc2cc(Cl)cc(Cl)c2)c2ccccc21,33.73
COc1cc2c(-c3cncc(C#N)c3)c[nH]c2c(OC)c1OC,26.46
Cc1noc(-c2ccc(Nc3oc(-c4ccc(-c5ccc(C#N)cc5)cc4)nc3C#N)cc2)n1,12.88
O=C1c2cc(Cl)[nH]c(=S)c2-c2cc(Cl)cn21,31.5
CC(C)N1CCN(c2nc(C#N)nc(Nc3ccc4c(c3)C(=O)c3ccc(N)cc3C4=O)c2Cl)CC1,19.95
O=C(N=c1ccc(Cl)c[nH]1)Nc1ccc([N+](=O)[O-])cc1,24.58
C=c1[nH]n(-c2cccc(C(=O)O)c2)c(=O)c1=Cc1ccc(-c2cc(C(F)(F)F)nn2-c2ccc(C#N)c(C(F)(F)F)c2)cc1,25.32
N#Cc1c2c(c(=NCc3cccnc3)n3c1[nH]c1ccccc13)CCCC2,19.6
N#Cc1cc(Cl)cc(N=c2[nH][n+]([O-])c3ccccc3[n+]2[O-])c1,23.46
Cc1nc2c(-c3ccc(C#N)cc3)c(F)c(C#N)c(F)c2c(=O)n1-c1ccc(C#N)cc1F,30.28
N#Cc1ccc(-c2ccc(C#N)c(C#N)c2)nc1,10.22
COc1ccc(-c2nc(-c3cncc(C#N)c3)nc(-c3cccc(C#N)n3)n2)c(N(C)CCN(C)C)n1,25.09
N#Cc1ccc2oc(=O)cc(CN3CCC(c4ccccc4)CC3)c2c1,24.31
N#Cc1ccc(-c2nc(=N)nc(-c3cncc(C#N)c3)[nH]2)cc1,15.8
CC(=Nn1c(N=Cc2ccccc2O)c(C#N)c(-c2ccc(Br)cc2)c(C#N)c1=O)c1ccc(C#N)cc1,25.44
Cn1cc(-c2nc3ccc(NC(=O)c4c(F)ccc(NS(=O)(=O)c5cccc(C#N)c5)c4F)cn3n2)cn1,28.56
Cc1ccc(F)c(N=c2nc3c(c[nH]2)CCc2nn(C)c(Cc4cccc(C#N)c4)c2-3)c1,23.4
Nc1ccc2c(c1)C(=O)c1ccc(Nc3cc(Nc4ccc(F)cc4)nc(Nc4ccc5c(c4)C(=O)c4ccc(N)cc4C5=O)n3)cc1C2=O,11.74
N#CCCN=c1nc(-c2ccc(F)cc2)[nH]c2ncc(-c3cncc(C#N)c3)cc12,26.8
COc1ccc(-c2ccc(-c3nc(-c4ccc(-c5ccc(C#N)cc5)cc4)nc(-c4ccc(-c5cccc(C#N)c5)cc4)n3)cc2)cn1,15.29
N#Cc1ccc(Oc2ccc(-c3cc(C(Cc4ccc(C(=N)N)cc4)C(=O)O)cc(C(N)=O)n3)cc2)cc1,24.39
COc1ccc(-c2cc(-c3ccc(C)cc3)nc(SCc3nc(Nc4ccc5c(c4)OCO5)nc(=Nc4ccccc4N)[nH]3)c2C#N)cc1OC,34.26
N=c1cnc(-c2ccc(-c3c(-c4cc(F)nc(Br)c4)ncn3-c3ccc(F)cc3)cc2)c[nH]1,29.26
N#Cc1ccc(-c2ccc(-c3c(Cc4ccc(-c5ccc(C(=O)O)cc5)cc4)[nH]c4cc(F)c(F)cc4c3=O)cc2)cc1,24.1
N#Cc1ccc(-c2ccc(-c3nccc(-c4ccc(-c5cc(-c6ccc(-c7csc(CC(=O)O)n7)cc6)ncc5-c5ccccc5)cc4)n3)cn2)nc1,29.4
CC(=O)Nc1ccc(-c2ccc(-c3nc(-c4cccc(C#N)c4)nc(-c4cc(-c5ccc(-c6ccc(C#N)cn6)cc5)nc(-c5ccc(-c6cccc(C#N)n6)cc5)c4)n3)cc2)cc1,38.93
O=C(COc1ccc(Cl)cc1Cl)Nc1ccc(C(=O)O)cc1,19.82
COc1ccc2[nH]ccc(=NN=C(C)c3ccc(C#N)cc3)c2c1,22.99
N#Cc1ccc(-c2ccc(-c3nc(CCc4ccc(-c5cccc(C#N)c5)cc4)nc(-c4ccc(-c5ccc(C#N)cn5)nc4)n3)cc2)cc1,17.3
N#CC(=Cc1ccc(Cl)cc1)c1nc(-c2ccc(C#N)cc2)cs1,13.61
N#Cc1ccc(-c2nc(-c3c(F)c(F)c(C#N)c(F)c3F)nc(-c3c(F)c(F)c(C#N)c(F)c3F)n2)cc1,8.99
Cc1ccccc1OCc1nc(-c2ccc(-c3ccc(C#N)cc3)cc2)nc(=NC(=O)c2cncc(C#N)c2)[nH]1,33.85
Cn1[nH]c(=NC(=O)c2cc(F)cc(CN3CCc4ccc(-c5ccc(F)cc5)cc4C3=O)c2)cc1-c1nc2cc(C#N)ccc2[nH]1,36.4
Cc1ccc(N2CCN(C(=O)c3nc(-c4ccc(-c5ccc(C#N)cn5)cc4)nc(-c4ccccn4)n3)CC2=O)cc1,28.51
Cc1ccc(C(=O)N2CC(c3cnccn3)C2)cc1-c1nc(C(C)C)no1,26.51
COc1ccc(CCNS(=O)(=O)c2ccc3c(c2)CCC(=O)N3)cc1OC,23.26
CC1=CN2C(=N)C(=Cc3cccn3-c3ccc(C#N)cc3)N(S(C)(=O)=O)C2C=C(c2ccc(C#N)cc2)C(c2ccc(C#N)cc2)=C1,43.64
COc1ccccc1Cn1c(C=Cc2c(Cl)cccc2Cl)nc2ccccc2c1=O,27.33
C[n+]1c(C=Cc2ccc(N=Cc3ccc(O)cc3)cc2)cc(N)c2ccccc21,25.54
Cn1cc(C#N)cc1-c1nc2ccccc2n1Cc1ccc(-c2ccc(C#N)cn2)cc1,24.63
N=C(N)Nc1cccc2ccccc12,17.12
N#Cc1ccc(-c2ccc(-c3nc(Cc4c[nH]c5ccccc45)nc(-c4ccc(-c5ccc(C#N)cc5)cc4)n3)cc2)cc1,18.71
N#Cc1ccc(-c2nnc3c4ccccc4n(Cc4ccc(-c5ccccc5-c5nn[nH]n5)cc4)c3n2)cc1Cl,28.16
O=c1c(F)c(-c2ccc(F)cc2F)ncn1-c1ccc(F)c(Cl)c1,27.57
N#Cc1ccc(-c2nc(-c3cncc(C#N)c3)cc3c(=N)nc[nH]c23)cc1,24.19
O=C(Nc1ccccc1)c1c(NC(=O)N2CCSCC2)sc2c1CCCC2,30.18
CCOC(=O)c1cc(-c2c(C(=O)c3ccco3)c(O)c(O)n2-c2ccc(-c3ccsc3)cc2)ccn1,26.56
N#Cc1cc2ccccc2nc1N1CCN(C(=O)c2ccco2)CC1,18.68
CN(C)c1ccc(-c2ccc(-c3cccc(-c4ccc(-c5ccc(C#N)cn5)n4C)n3)n2C)cc1,26.91
Cc1cn(-c2cc(C(=O)Nc3ccc4nc(C5CC5)cn4c3)ncc2CN=CN(C)C)cn1,33.77
N#Cc1ccc(CCN=c2cc(-c3cncc(C#N)c3)nc(-c3ccccn3)[nH]2)nc1,20.89
N#Cc1c(F)cccc1F,11.4
N#Cc1ccc(-c2nc(-c3ccc(-c4c[nH]c(=N)cn4)c(F)c3)c(-c3ccc(C#N)cc3)[nH]2)cc1,21.95
N#Cc1ccc(-c2ccc(C(=O)NCCCCN3CCN(c4cccc(Cl)c4Cl)CC3)cc2)cc1,17.4
Cn1c(-c2ccc(-c3nc(-c4ccc(-c5cccc(C#N)c5)cc4)nc(-c4ccc(-c5ccc(C#N)cn5)s4)n3)cc2)nc(C#N)c1N,21.4
Nc1cc(O)c(N=Cc2ccc(-c3nc(-c4ccc(C=Nc5cc(O)c(N)cc5O)cc4)nc(-c4ccc(C=Nc5cc(Nc6ccc(F)cc6)c(N)cc5O)cc4)n3)cc2)cc1O,9.85
N#Cc1ccc(-c2ccc(-c3ccc(-c4nc(Cc5ccccc5)nc(-c5ccc(-c6ccc(F)c(C#N)c6)nc5)n4)cn3)cc2)cc1,24.75
CN1CCN(c2ccc3c(c2)NC(=O)c2ccc(Nc4nc(Nc5ccc6c(c5)C(=O)c5ccc(N)cc5C6=O)nc(Nc5ccc6c(c5)C(=O)c5ccc(N)cc5C6=O)n4)cc2C3)CC1,12.29
Cc1nc(-c2ccc(-c3nc(-c4ccc(-c5ccc(C#N)cc5)cc4)nc(-c4ccc(-c5ccc(C(=O)O)c(Br)n5)cc4)n3)cc2)cs1,27.37
CN(C)Cc1nnc2n1-c1ccc(Cl)cc1C(c1ccccc1F)=NC2,24.26
N#Cc1ccc(-c2ccc(-c3nc(-c4ccc(-c5ccc(Cl)c(Cl)c5)cc4)nc(-c4ccc(-c5ccc(C#N)cn5)nc4)n3)cc2)nc1,8.88
Cn1cnc(S(=O)(=O)Cc2nccc(Nc3ccc4c(c3)C(=O)c3ccc(N)cc3C4=O)n2)c1,18.46
CN(C)CCN(C)c1nc(-c2ccc(C#N)cc2)nc(-c2ccc(-c3ccc(C#N)cc3)cc2)n1,14.85
N#Cc1c(C#N)c(C#N)n(CCCc2ccc(-c3ccc(-n4ccccc4=O)cc3)cc2)c(=O)c1C#N,35.27
N#Cc1cncc(-c2nc(C#N)nc(N3CCCC3c3cc(C#N)cc(C#N)c3)n2)c1,21.19
N#Cc1cncc(-c2nc(-c3cccc(C#N)n3)nc(N3CC4CC3CO4)n2)c1,12.11
N#Cc1ccc(-c2cc(-[n+]3ccc(-c4ccncc4)cc3)ccc2C#N)cc1,14.07
CN(C#N)c1nc(C=Cc2ccc(-c3ccc(C#N)cc3)cn2)nc(-c2cncc(C#N)c2)n1,23.2
O=C(N=c1cc(C2CC3C=CC2C3)[nH]o1)Nc1ccc(-c2ccccc2)cc1,33.57
CCOC(=O)CCC(CCC(N)=O)=NC(=O)C(Cc1ccc(-c2ccccc2)cc1)NC(=O)OCc1cc(N)cc(C#N)c1,35.11
Cc1c(F)c(C#N)c(F)c(F)c1-c1nc(-c2cccc(Cl)c2Cl)nc(-c2c(F)c(F)c(C#N)c(F)c2F)n1,18.23
C#CCNc1ccccc1-c1c[nH]c(=Nc2ccc3c(c2)CCC3)o1,23.99
Cc1c(Cc2nc(-c3ccc4c(c3)CCC4)cs2)nc(-c2ccccc2)n1CCC(O)CC(O)CC(=O)O,28.58
Cc1ccccc1-c1nn2c(-c3cc(C(C)(C)C)[nH]n3)nnc2s1,30.62
COc1cc(C=Cc2nn(C)c(=Nc3ccc(C)cc3)s2)cc(OC)c1OC,24.96
CC1CC(C)CN(c2nc(-c3ccc(C#N)cc3)nc(-c3ccc(C=Nc4cc(Nc5ccc(Cl)cc5)c(N)cc4O)cc3)n2)C1,15.43
ClC1NC(Cl)C(=CC=Nc2ccccn2)O1,26.12
N#Cc1ccc2c(Nc3ccc(-c4ccccc4C#N)cc3)cc(=O)[nH]c2c1,22.82
N#Cc1cncc(-c2nc(-c3cccc(C#N)n3)nc(-c3nnc(C4CC4)cc3C#N)n2)c1,20.84
COc1ccc(-c2noc(C(C#N)=Cc3cccc(OC(=O)c4ccccc4)c3)n2)cc1,26.48
Oc1c(Br)cc(Br)cc1C=NCCCn1ccnc1,19.48
N#Cc1ccc(C=Cc2ccc(-c3ccc(-c4nc(-c5ccc(-c6ccc(C#N)cn6)nc5)nc(-c5ccc(-c6ccc(C#N)cn6)nc5)n4)c(F)c3)cc2)cc1,15.07
N#CC=Cc1cccc(C#N)n1,8.94
Nc1ccc2c(c1)C(=O)c1ccc(Nc3cc(Nc4ccc5c(c4)C(N)NNC5=O)nc(Nc4ccc5c(c4)C(=O)c4ccccc4C5=O)n3)cc1C2=O,14.68
CC(N)c1nc(-c2ccc(Cl)c(C(F)(F)F)c2)nc(=Nc2ccc(-c3ccc(CNC(=O)Nc4ccccc4F)c(C#N)c3)cc2)[nH]1,42.2
N#Cc1cccc(-c2nc(-c3ccc(C#N)c4ccccc34)nc(-c3cnc(C#N)c4[nH]cnc34)n2)n1,25.25
C[n+]1cccc(NC(=O)c2ccc(NC(=O)c3ccc(Nc4ccc5c(C=Cc6ccccn6)[nH]nc5c4)c(NC(=O)CN=C(N)N)c3)cc2)c1,37.92
N#Cc1cccc(-c2cc(-c3ccc(-c4ccc(-c5ccc(C(=O)O)cc5)cc4)c(Cc4cccc(C(F)(F)F)c4)c3)nc(=N)[nH]2)c1,32.12
N#Cc1cc2c(=Nc3ccc(F)cc3)[nH]c(C=Cc3ccc(Cl)cc3)nc2nc1C#N,24.31
N#Cc1ccc(-c2ccc(-c3nc(-c4ccc(F)c(C#N)c4)cc(-c4cccc(C#N)n4)n3)cn2)nc1,14.01
Cc1ccc(-c2nn(C(=O)c3ccc(C#N)cc3)cc2C=C2C(=O)NC(=O)N(c3ccccc3)C2=O)cc1,25.94
O=C(Cc1cc(=O)[nH][nH]1)NN=CC=Cc1ccccc1,18.79
Cc1c(Oc2ccc(C#N)cn2)ccc(C=CC=Cc2ccc(C#N)cc2)[n+]1[O-],31.38
CCCCN(C=NNC(=O)c1ccc(CON=C2CC(c3ccc(OC)cc3)C(=N)C(C#N)C2c2ccc(S(C)(=O)=O)cc2)cc1)CCCC,46.81
CC1(C)C=Cc2cc(CNc3cc(C#N)cc(C(=O)O)c3)ccc2O1,26.17
N#Cc1ccc(-c2nc(-c3ccc(-c4ccccc4)cc3)nc(-c3ccccc3C#N)n2)cc1,19.16
N#Cc1ccc(-c2nc(-c3ccc(C#N)cc3)nc(-c3cc(C#N)c(C#N)cn3)n2)cc1,17.09
COc1cc2c(=O)c3cc(Nc4cccc(O)c4)ccc3n3c(-c4ccc(C#N)cc4)nnc3c2cc1OC,33.53
Cc1nccc(-c2ccc(-n3nc(C(=O)Nc4ccc(-c5ccc(C#N)cc5)cc4)nc3-c3ccc(-c4ccc(C#N)cc4)cc3)cc2)n1,18.31
CN1CCN(CC(C#N)NC(=O)c2ccc(-c3cccc(C#N)n3)cc2F)CC1,19.97
N#Cc1cn(-c2nccc3c(C(=O)C(=O)N4CCN(C(=O)c5ccccc5)CC4)c[nH]c23)cn1,20.69
Cc1cc(O)cc(-c2[nH]c(-c3ccc(C#N)cc3)nc2-c2ncc3ccccc3n2)c1,20.22
CCC(=O)c1c[nH]n(C)c(=O)c1=Nc1ccccc1C,31.07
COc1nc(-c2nnc3c(Oc4ccc(F)cc4F)csc3n2)ccc1-n1cnc(C)c1,29.38
N#Cc1cncc(-c2ccnc(-c3cc(C#N)ccn3)n2)c1,19.2
O=C(NC(Cc1ccc(-c2cccc(C(F)(F)F)c2)cc1)C(=O)O)c1ccccc1Cl,20.93
N#Cc1ccc(-c2cc(-c3ccc(-c4cccc(F)c4)cc3)nc(-c3ccccn3)n2)cc1,18.81
N#Cc1ccc(NC(=O)c2ccc(-c3nc(-c4ccccc4)nc(-c4ccc(C#N)cc4)n3)cc2)cc1,17.21
COc1cc(-c2ccc3oc(-c4ccccc4)cc(=O)c3c2)cc(C=O)c1O,21.69
COCCCn1c(=O)n(CC(=O)c2ccc(F)cc2)c2nc(-c3ccc(C#N)cc3)[nH]c(=O)c21,29.3
Cc1nc(-c2ccc(C#N)cc2)sc1-c1cc(-c2ccc(-c3cccc(C#N)n3)cc2)nc(C#N)n1,16.63
Cc1cc(C#N)ccc1-c1nc(-c2ccc(C#N)cc2)cc(-c2ccc(-c3nc(-c4c(Cl)cccc4Cl)[nH]c3-c3ccc(F)cc3)cc2)n1,33.4
CCCc1ccc(-c2nc(-c3ccc(-c4cc(F)ccc4C#N)c(C#N)c3)n(C)n2)cc1C#N,25.42
N#CC=Cc1cncc(-c2ccc(F)cc2C#N)c1,17.02
Cc1nn(-c2cc(C#N)cc(-c3ccc(F)c(C#N)c3)c2)c2ccc(C#N)cc12,18.24
COc1c(C#N)ccc(-c2nc3ccc(-c4cn[nH]c4)cc3o2)c1F,24.15
N#Cc1ccc(C(=O)C=Cc2ccc(-c3ccc(C#N)cc3)o2)cc1,14.98
Nc1cc(O)c(N=Cc2ccc(-c3nc(-c4ccc(C=Nc5cc(O)c(N)cc5O)cc4)nc(-c4cccc(C(=O)N=c5cccc[nH]5)c4)n3)cc2)cc1O,21.88
N#Cc1ccc(-c2ccc(-c3cc(CNC4CC4)nc(-c4cccnc4)n3)cc2F)cn1,34.66
Nc1cc(O)c(N=Cc2ccc3ccccc3c2)cc1N,16.09
COc1cc(O)c(Cl)c(-c2c[nH]c(-c3ccc(-c4nc(-c5ccc(-c6ccc(C#N)cc6)cc5)nc(-c5ccc(=N)[nH]c5)n4)c(Cl)c3)n2)c1Cl,43.89
N#Cc1ccc(NC(C#N)c2cc(-c3ccc(F)cc3)nc(-c3ccc(-c4ccc(C#N)cn4)nc3)n2)cc1,24.72
N#Cc1ccc(-c2ccc(-c3nc(-c4ccc(-c5ccc(C#N)cn5)cc4)[nH]c(=N)n3)cc2)cc1,13.99
Cc1cccc(-n2nc(C(=O)NN=Cc3ccccc3)c(C)c2C(=O)NN=Cc2ccc(-c3ccc4ccccc4n3)cc2)c1,32.4
CC(C)C(C(=O)N=c1ccc(C#N)c[nH]1)n1cncc1-c1ccc(-c2ccc(C#N)cc2)cc1,24.72
O=C(OCn1c(O)c(C=C2C=CN=C2)[nH]c1=O)c1ccccc1,21.56
CC(C)n1nc(C=C2SC(=O)NC2=O)cc1-c1ccc(-c2ccc(C=CC#N)cc2)cc1,30.32
CCc1nc(=Nc2c(C)cc(C#N)cc2OC)[nH]cc1C#N,29.54
CCc1cc(=O)[nH]c(=Nc2ccc(C#N)cc2)[nH]1,21.27
CCc1n[nH]c(=NS(=O)(=O)c2ccc(NC(=O)C[n+]3cccc(C=CC(=O)c4ccc(C)cc4)c3)cc2)s1,33.58
Cc1nc2c(=O)nc(-c3ccc(-c4ccc(C#N)cc4)c(C#N)c3)[nH]c2o1,28.22
Cc1cc(C#N)cc(C)c1Oc1nc(Nc2ccc(Cl)c(Cl)c2)cc2c(C)c(C)n(C)c12,24.2
Cc1cc(C)n(C(=O)c2ccc(-n3c(C)nc4ccccc4c3=O)cc2)n1,22.06
N#Cc1ccc(-c2ccc(-c3nc(-c4ccncc4)cc(-c4ccc(-c5cccc(C#N)n5)cc4)n3)cn2)nc1,11.73
N#CC=Cc1cccc(-c2cncc(C#N)c2)n1,9.03
COc1ccc(NC(=O)c2nc(-c3ccccc3)c(CN)c(-c3ccc(C#N)cc3)n2)cn1,29.04
CN(C)Cc1n[nH]c(-c2ccc3nc(N4CCCC4)nc(-n4nc(-c5cccc(C#N)n5)[nH]c4=N)c3n2)n1,31.4
N#Cc1ccc(-c2nc(-c3ccc(-c4ccc(C#N)cn4)nc3)nc(C(F)(F)F)n2)cc1,14.73
Nc1ccccc1NC(=O)c1ccc(CNC(=O)C=Cc2ccccc2Br)cc1,21.63
CN1C(=O)C(C)(C)c2cc(S(=O)(=O)N3CCCC3C(=O)N=c3[nH]c4ccc([N+](=O)[O-])cc4s3)ccc21,35.24
N#Cc1ccc2c(C=Cc3ccccn3)cc(C#N)nc2c1,19.38
CC(=NNc1ccccc1)c1ncc(N=CN2CCN(C=O)CC2)nc1O,24.26
N#Cc1ccc(-c2nc(-c3ccc(-c4ccc(C#N)cn4)cc3)nc(C(C#N)c3ccc(O)cc3)n2)cc1,21.34
O=c1cc(Nc2ccc3ccccc3c2)[nH]c(=O)[nH]1,18.43
N#Cc1cncc(-c2nc(CCc3nc4cc(N)ccc4s3)cc(-c3ccc(-n4cnc(-c5ccccc5)n4)cc3)n2)c1,35.12
CCN(CC)C1CCN(C(=O)c2nc(Cl)c3ccccc3n2)C1,27.69
C#CCN(c1ccc(C#N)c(C#N)c1)S(=O)(=O)c1cccc(F)c1,24.73
CN(C)c1nccc(N=CN2CCN(C=O)CC2)n1,12.08
COc1ccc(C(=O)O)c2c(Cl)c(Cc3ccc(Cl)cc3Cl)ccc12,33.16
C=CCn1c(=O)c(C=NNC(=O)c2ccncc2)c(O)c2ccccc21,21.62
Cc1ccc(-c2nc(=NC(=O)c3ccccc3Cl)[nH][nH]2)c(C)n1,26.05
Cc1nc(C)c(-c2ccccc2)nc1CCOc1ccc(Cc2sc(=O)[nH]c2O)cc1,19.76
N#Cc1ccc(-c2ccc(-c3nc(C#Cc4cc(O)c(O)c(Br)c4)nc(-c4ccc(-c5ccc(C#N)cc5)cc4)n3)cc2)cc1,26.44
CC1CNCCN1c1nc(C2CCCNC2)nc2ccc(-n3cnc(C#N)n3)cc12,30.86
CCOc1ccc(C#N)cc1CN1CCN(C(=O)c2ccco2)CC1,23.63
COc1ccccc1NN=C(c1cc(Cl)c2cccnc2c1O)C(C#N)C=Nc1ccc(Br)cc1,41.44
N#Cc1cccc(-c2cc(-c3ccc(F)c(F)c3)nc(-c3c4ccccc4c(C#N)c4ccccc34)n2)c1,22.17
CC(c1cc(-c2ccc(C(=O)NC3(C#N)CC3)cc2)nc(-c2cncc(C#N)c2)n1)n1ncc2ccccc21,29.75
N#Cc1ccc(-c2ccc(-c3nc(-c4ccc(-c5ccc(C#N)cn5)cc4)nc(-c4nc(N5CCOCC5)nc5[nH]ccc45)n3)cc2)nc1,23.22
CC1(C)CN(c2nc(-c3cccc(C#N)n3)nc(-c3cccc(C#N)n3)n2)CC1F,14.51
CC(Oc1ccc(-c2nc(-c3ccc(C#N)cc3)nc(-c3ccc(-c4ccc(C#N)cn4)nc3)n2)cc1C#N)C(F)(F)F,15.06
CC(N=c1nc(-c2ccc(C(F)(F)F)cn2)nc(-c2ccccn2)[nH]1)c1cccc(F)c1,23.62
CCOC1CCN(c2nc(-c3ccc(-c4cccc(C#N)n4)cc3)nc(-c3cccc(C#N)n3)n2)C1,19.62
CC(=O)NN=c1sc2ccccc2n1C,20.73
N#Cc1ccc(Nc2cc(N=Nc3cc(C(F)(F)F)ccc3Cl)c(C#N)cc2C#N)cc1,25.45
N#Cc1ccc(-c2ccc(-c3nc(-c4ccc(-c5nc(Cl)nc(Cl)n5)c(F)c4)nc(-c4ccc(-c5ccccn5)cn4)n3)cn2)nc1,21.0
ON=Cc1ccc[n+](-c2cc(-[n+]3ccc(-c4ccncc4)cc3)nc(-c3ccc(-c4cccc(-c5ccc(-c6nc(Cl)nc(Cl)n6)cc5)n4)cc3)n2)c1,25.18
COc1cc(C=Cc2nnc(-c3ccc(C#N)cc3)nn2)ccc1-n1cnc(C)c1,20.22
Cc1ccc(C(=O)NN=Cc2cccc(OC(=O)c3ccc(C#N)cc3)c2)cc1,23.08
N=C(N)c1ccc(-c2ccc(-c3ccc(C(N)=NO)cc3)nc2)cc1,17.66
Cn1c(=O)c(C#N)cc2cc(Nc3ncccc3C(=NO)n3cccn3)ccc21,33.09
COCc1cc(C)nc(-n2c(=NC(=O)c3ccc(-c4ccccn4)nc3)[nH]c3cc(C#N)ccc32)c1C,31.73
N#Cc1ccc(-c2ccc(-c3cc4c(C5CC5)nn(CC(F)(F)F)c4c(C#N)n3)cc2)nc1,14.43
O=C(O)C1CCCN1C(=O)c1ccc(-c2ccc(-c3nc(-c4ccc(F)cc4)nc(N4CCOCC4)n3)cn2)cn1,23.37
N#Cc1ccc(-c2ncc(C#N)cc2-c2ncccc2C#N)cc1,12.99
O=S(=O)(NCCCN1CCN(CCCN=c2cc[nH]c3cc(Cl)ccc23)CC1)c1ccc(Br)cc1,21.71
CC(C)Oc1cc(F)c(-c2nc(-c3ccc(C#N)cc3)nc(-c3ccc(-c4ccc(C#N)cn4)nc3)n2)c(F)c1,21.72
N#Cc1ccc2cc(C#N)c3nncn3c2c1,23.29
Fc1ccc2c(c1)ncn2-c1nc(=NCc2ccccn2)cc(C(F)(F)F)[nH]1,26.89
N#Cc1ccc(C(=O)c2ccc(-c3cc(-c4ccc(-c5nc(Cl)nc(Cl)n5)cc4)cc(-c4ccc(C#N)c(C#N)c4)c3)cc2)cc1,25.15
c1ccc(-c2c[n+](-c3ccc(-c4cccc(-[n+]5ccc(-c6ccncc6)cc5)n4)cc3)cc(-c3ccco3)n2)cc1,28.86
Cn1cc(-c2cn(-c3ncc(C#N)cc3-c3ncc(C#N)cn3)cn2)cn1,17.94
Cc1noc(-c2nc(NCc3ccc4nc(C=O)c(=O)n(C(C)(C)C)c4c3)c3ccccc3n2)n1,41.88
N#Cc1cccc(CN2C(=Nc3cccc4ccccc34)SC3CS(=O)(=O)CC32)c1,29.89
CCCC=CC=Cc1nc2ccc(-c3cc(C)nc(C)c3)cc2c(C#N)c1-c1ccc(C#N)cc1,30.24
Clc1ccc2c(c1)[n+](-c1cccc3ccccc13)cn2Cc1ccccc1,25.79
COC(=O)c1cccc(CN2CCc3[nH]c(C(=O)Nc4ccc5nc(N(C)C6CCN(C)CC6)n(C)c5c4)nc(=O)c3C2)c1,40.12
COc1cc(-n2cnc(-c3ccc(C#N)cc3)c2)ccc1OCCN1CCCC1,19.57
CCCCc1nn(-c2ccccc2)c(=O)n1Cc1ccc(-c2ccccc2-c2nn[nH]n2)cc1,18.7
c1ccc(Cn2cc(CCN=C3CCCN3)nn2)cc1,20.3
N#Cc1ccc(-c2ccc(-c3nc(CCc4ccccc4)nn3-c3ccc(C(N)=O)cc3)cc2)cc1,17.53
CC1=NC(=C(C)C)CC(C)(c2cc(C#N)cc(NC(=O)c3ccc(Cl)cn3)c2)N1,26.52
O=C(c1cc(F)c(F)cc1-n1cccn1)N1CCc2c(nnn2-c2ccccn2)C1,28.8
CC(C#N)CNc1ccc(-c2cc(N3CCOCC3C)nc(-c3cccc(C#N)n3)n2)nc1C#N,25.27
NC(=O)c1cccc(Nc2ccc3c(c2)C(=O)c2ccc(N)cc2C3=O)n1,10.92
O=C(O)c1cnc2c(OCc3ccccc3)cccc2c1OCc1ccccc1,30.21
N#Cc1ccc(-c2c(-c3cccnc3)cnn(-c3ccc(NC(=O)CCl)cc3)c2=O)cc1,29.21
N#Cc1nc(=NC(=O)c2cccc(-c3nn(Cc4ccccc4)c4ncccc34)c2)cc[nH]1,35.46
N#Cc1ccc(-c2ccc(-c3nc(-c4ccc(C#N)cc4)nc(-c4ccc(C5=NCCN5)cc4)n3)cc2)cc1,16.18
N#Cc1cccc(-c2ccc(C3C(=O)N4CCc5c([nH]c6ccccc56)C34)cc2)c1,28.71
N#Cc1ccc(N2CC3(CCN(C(=O)c4cccc(Cl)c4)CC3)C2)nc1,27.8
CC(C=O)=CCOc1cccc(-c2cc(=O)c3ccccc3o2)c1,26.44
CC=CC1(O)C(Br)=Cc2[nH]c3ccccc3c(=O)c21,36.58
N#Cc1c2ccccc2c(-c2nc(-c3c4ccccc4nc4ccccc34)nc(-c3c4ccccc4c(C#N)c4ccccc34)n2)c2ccccc12,11.79
CN(C)CCCN(C)Cc1cc(Cl)c2c(c1)C(=O)C(=Cc1ccc(Cl)cc1)O2,28.45
N#Cc1ccc(-c2ccc(-c3nc(-c4cc(C(F)(F)F)ccc4C#N)c(C#N)c(C4CCN(C(=O)CO)CC4)n3)cc2)cc1,26.95
Fc1ccc(N(CCCN2CCCN(CC#Cc3ccc(Cl)cc3)CC2)c2ccc(Cl)cc2)cc1,33.27
Cc1cc(C(=O)N=C2NCCS2)cc(-c2ccc(-c3ccc(-c4ccc(C#N)cn4)cc3C)s2)n1,33.33
N#Cc1cccc(S(=O)(=O)Nc2ccccc2Cc2ccccc2)c1,20.34
CC(C)C1(c2cccc(-c3cccc(-c4nnco4)c3)c2)C(=O)N=C(N)NC1=O,34.03
N#CC(=C(C#N)c1nc(C#N)c(O)n1-c1ccc(Cl)cc1)c1ccc(Cl)cc1,30.21
CC1CN(C(c2ccccc2)c2ccc(C#N)cc2)CCN1CCC(N)=O,23.43
Cc1ccccc1C=NC(=O)C1CCN(S(=O)(=O)c2ccc3c(c2)OCCO3)CC1,27.71
N#Cc1ccc(-c2ccc(-c3nc(-c4ccc(-c5ccc(C#N)cn5)nc4)nc(-c4cnnc(Cl)c4)n3)cn2)nc1,15.03
CS(=O)(=O)c1ccc(-c2nc(-c3ccc(C#N)cc3)ncc2-c2ccc(C#N)cn2)cc1,14.65
N#Cc1ccc(-c2ccc(-c3nn(-c4ccc(C(=O)NCc5ccccc5)cc4)cc3C#N)cc2)cc1,20.55
Cc1sc(-c2ccc(C#N)cc2)nc1-c1nc(CCc2ccc(-c3cccc(C#N)n3)cc2)nc(-c2ccc(Cl)cc2Cl)n1,21.43
CN(Cc1ccc(-c2ccc(C#N)cc2)cc1)Cc1nc(-c2ccncc2)nc2ccccc12,19.52
C#CCN(CC=CC#Cc1ccc(C#N)cc1)c1cc(Cl)nc(Cl)n1,27.06
Cc1ccc(-c2cnnn2-c2ccc(-c3cc(-c4ccc(-c5ccc(C#N)cn5)cc4)nc(-c4ccc(C#N)cc4)n3)cc2)cc1,18.69
N#Cc1ccc(Oc2ncc(C#N)cc2-c2cc[nH]c(=Nc3ccc(-c4cnc(C5CC5)s4)nn3)n2)cc1,34.8
N#Cc1ccc(-c2nc(C(=O)NN)c(Cl)c3ccc(Cl)cc23)cn1,30.86
Nc1cc(O)c(N=Cc2ccc(S(=O)(=O)c3ccc4ccccc4c3)cc2)cc1Nc1ccc(-c2ccc(-c3ccc(C=Cc4ccc(F)cc4)cc3)nc2)cc1,27.65
CC(=O)c1sc(-c2ccc(-c3nc(CC(C)C)c[nH]3)cc2)nc1C(=O)O,32.65
CCCCCCCCCCCCN1NC(=c2cc[n+](=Nc3ccc(F)cc3)c(C)c2CO)C(=O)NC1=O,40.55
N#Cc1ccc(-c2ccc(-c3nc(-c4ccc(-c5cccc(C#N)c5)cc4)nc(-c4ccc(-c5ccc(C#N)cn5)nc4)n3)cn2)cc1,10.82
Cc1cc(-c2ccc(-c3ccc(C#N)cn3)nc2)nc(C#N)n1,8.97
CC(=O)c1nc(C(=O)N(C2CC2)C(c2ccc(C#N)cc2)C(C)C)oc1C,32.21
COCc1ccccc1-c1c(C(=O)C(C)(C)C)c(O)c(O)n1-c1ccc(-c2ccc(C#N)cc2)cc1,17.58
Cc1cc(CN(CC2CCCO2)C(=O)c2ccc(Cl)cc2)no1,26.46
N#Cc1ccc(C(=O)COc2ccnc(C=NNC(=O)c3ccc(C#N)cc3F)c2)cc1,32.74
N#Cc1ccc(-c2ccc(-c3nc(CCc4ccc(-c5ccc(C(=O)O)cn5)cc4)nc(-c4ccc(-c5ccc(C#N)cn5)cc4)n3)cc2)cc1,15.25
O=C(C1CCCCC1)n1c2ccccc2c2ccncc21,21.13
CC(C)(C)c1nc2cc(S(=O)(=O)c3ccccc3)cc(C#N)c2[nH]1,23.98
N#Cc1ccc(-c2ccc(-c3nc(-c4ccc(-c5ccc(C#N)cn5)nc4)nc(N4CCCC4)n3)cc2)nc1,11.91
N#Cc1c(F)c(Cl)c(Nc2c(Nc3cccnc3)c(=O)c2=O)c(C#N)c1F,21.51
CC(C)(C#N)OC(=O)N1CCC(c2nc(-c3cncc(C#N)c3)cc(-c3ccc(F)c(C#N)c3)n2)CC1,27.41
CC(C)N=c1cc(-n2ccc3ccc(C#N)cc32)[nH]cc1C(=O)Nc1cn(C)nc1CC(F)(F)F,33.12
N#CC=Cc1nn(-c2ccccc2)c(=O)c2ccccc12,15.52
N#Cc1ccc(N=c2nccc(Nc3ccc([N+](=O)[O-])cc3C#N)[nH]2)cc1,22.01
N#Cc1ccc(-c2ccc(-c3nc(C#N)c(NCc4ccncc4)o3)cn2)nc1,17.31
N#Cc1cccc(NC(=O)c2cccc(-c3cc(C(=O)N=c4cc[nH]cc4F)ccc3CN)c2)c1,21.71
COc1cc2nc(-c3ccc(-c4cccc(NC(=O)Nc5ccc(C#N)cc5)c4)cc3)[nH]c(=NCC(C)C)c2cc1OC,30.33
N#Cc1ccc(-c2cc(N3C(=O)c4ccccc4C3=O)ccc2F)cc1,20.63
N#Cc1ccc(-c2ccc(-c3nc(-c4ccc(F)c(F)c4C#N)no3)cc2)cc1,16.69
CC1COCCN1c1nc(-c2cccc(C#N)n2)nc2cc3c(cc12)OCO3,24.43
CCN1CCN(c2cc(C)c3cc(N(C(C)=O)c4ccc(F)cc4)ccc3n2)CC1,21.75
N#Cc1cncc(-c2nc(C=NO)cc(-c3ccc(C#N)s3)n2)c1,19.83
N#Cc1ccc2c(c1)CNCC2,16.46
O=Cc1csc(C(=O)NN=Cc2ccc3c(c2)Cc2ccccc2-3)c1,32.34
Cc1cc(C#N)cc(C)c1N=c1nc(-c2cnn(C)c2)[nH]cc1C#N,24.54
CCC=Nc1cc(O)c(N=Cc2ccc(OC)cc2)cc1O,17.94
Cc1ccc(-c2nn(-c3ccccc3)cc2C=NOCc2ccc(C#N)cc2)cc1,17.94
N#CC1C(=N)N2C3=NC(=O)C2(C#N)CC=C1CC3,30.31
CCOc1ccc2cc(-c3nnn(-c4ccc(CC(C#N)NC(=O)C(N)C(C)C)cc4)n3)ccc2c1,41.29
N#Cc1cncc(-c2nc(C3=CCCNC3)c3cc(-c4ccc(C#N)nc4)ccc3n2)c1,21.17
N#Cc1cc(-c2cc(C(N)=O)nc(-c3ccc(-c4ccc(F)c(C#N)c4)nc3)n2)ccn1,24.86
N#Cc1ccc(-c2ccc(CN(CCCn3ccnc3)C(=O)c3ccc(-c4ccc(C#N)cc4)cn3)cc2)cc1,24.42
CC(CCCc1ccc(-c2ccc(C(=O)O)cc2)cc1)N(c1cc(Cl)ccc1CO)S(=O)(=O)c1ccccc1,30.39
N#CC[n+]1cccc(C=NO)n1,19.57
N#Cc1ccc(-c2ccc(-c3cc(C(F)(F)F)nc(-c4ccc(-c5ccc(C#N)cn5)nc4)n3)cn2)nc1,11.1
COc1nc(-c2ccc(-c3ccc(C#N)cc3)nc2)nc(-c2cn(C)c(C#N)c2F)n1,27.15
N#Cc1ccc(-c2ccc(-c3nc(-c4ccc(-c5ccc(Cl)c(Cl)c5)cc4)nc(-c4ccc(-c5ccc(C#N)cn5)nc4)n3)cc2)cc1,12.87
CC(C)NC(=O)c1cnc(Cl)nc1C(=O)NCCN1CCc2nc(C(=O)N3CCCC3)n(C)c2CC1,42.03
Fc1ccc(Cn2c(=NC3CCN(Cc4ccccc4)CC3)[nH]c3ccccc32)cc1,21.02
CC(=NN=c1[nH]ccnc1Cl)c1ccc(Br)cc1,23.28
N#Cc1c2ccccc2c(-c2nc(-c3c[nH]c4ccccc34)nc(-c3c[nH]c4ccccc34)n2)c2ccccc12,11.62
Cc1nc(-c2ccc(N=c3nc(-c4ccc(-c5ccc(C#N)cn5)cc4)nc(-c4ccc(-c5ccc(C#N)cn5)nc4)[nH]3)cc2)no1,18.54
N#Cc1ccc(-c2ccc(-c3nc4ccc(C#N)cn4c3NCc3ccccc3)cc2)cc1,18.46
N#Cc1nc(-c2ccc(C(=O)N=c3cc(C(F)(F)F)cc[nH]3)c(F)c2)nc(N2CCCC(C#N)C2C#N)n1,20.59
N#Cc1ccc(-c2nc(-c3ccc(-c4ccc(C=Cc5ccccc5)cc4)nc3)cc(-c3ccccc3O)n2)cc1,22.73
COCCOCCOCOc1ccc(Oc2cc(C(=NO)N(CCO)Cc3ccc(-c4ccc(C#N)cc4)cc3)cc(C)n2)cc1,34.99
Cc1c(N=c2c(C#N)c[nH]cc2C=Cc2ccccc2C#N)ccc2ccccc12,28.42
CN(Cc1cccc(-c2ccc(-c3noc(-c4ccc(C#N)cc4)n3)c(O)c2Cl)c1Cl)c1cccc(C#N)c1,33.9
N#Cc1ccc(-c2ccc(Cn3ccc(=O)[nH]c3=O)cc2)cc1F,22.41
N#Cc1cccc(-c2ccc(-c3ccc(CN4CCCn5c4nnc(CC(=O)O)c5=O)cc3)cc2)n1,31.27
COc1ccccc1CNC(=O)c1ccc2cc3nc(-c4ccncc4)n(Cc4ccccc4)c3cc2c1,39.08
CN1C(=O)n2nnc(-c3ccccn3)c2C(c2ccc(C#N)cc2)=Nc2cc(C#N)ccc21,25.97
N#Cc1ncc(-c2cc3c(cn2)cnn3-c2cccc(N3CCSCC3)n2)cn1,23.64
CC(=O)N1CCC(NCc2scnc2C)CC1,26.99
N#Cc1ccc(-c2nc(-c3ccc(-c4ccc([N+](=O)[O-])c(C#N)c4)nc3)nc(-c3nc(C#N)nc(N4CCOCC4)n3)n2)c(F)c1,31.55
Cc1ncc(-c2ccc(N=c3nc(-c4ccccn4)[nH]c(C4CC4)n3)c(Cl)c2)n1C,26.5
CCOCCCN=c1[nH]cnc2sc(Cc3ccccc3)cc12,32.42
N#Cc1cn(Cc2ccccn2)c(=O)c2c(N=C=O)cc(Nc3ccc4c(c3)C(=O)c3ccc(N)cc3C4=O)cc12,37.14
Cc1nc(-c2ccc(-c3cnc(F)c(C#N)c3)nc2)ccc1-c1cnn(C(F)F)c1,29.79
N#Cc1cccc(C(=O)Nc2ccc3ccccc3c2NC(=O)COCc2cc(C(F)(F)F)cc(C(F)(F)F)c2)c1,29.93
N#Cc1ccc(-c2ccc(-c3nc(Cc4cccc(-c5cccc(C#N)n5)c4)c(=O)n(CCc4cccc(C(F)(F)F)c4)n3)cc2)cc1,27.04
Cn1c(C#N)ccc1-c1ccc(-c2ncc(C#N)cc2C2CC2)cc1F,23.07
N#Cc1ccc(N=c2[nH]ccc(=Nc3cccc(C#N)c3)[nH]2)cc1,19.0
COc1ccc(C)cc1CN1CCN(Cc2cc3ccccc3nc2C(C#N)C#N)CC1,32.56
O=C1NCC(c2c[nH]n3c(=O)nc(Oc4ccc(Br)cc4)nc23)C1Br,32.71
COc1ccc(C(c2cc3ccccc3o2)n2ccnc2)cc1,23.78
N#Cc1cncc(-c2nc(-c3cncc(C#N)c3)nc(-c3ccnc(C#N)c3)n2)c1,11.33
O=C(Nc1ccc(F)cc1)c1ccc(CN2C(=O)SC(=Cc3cccc(Oc4ccc(Br)cc4)c3)C2=O)cc1,28.11
c1ccc(-c2cc(-[n+]3ccc(-c4ccncc4)cc3)nc(-[n+]3ccc(-c4ccncc4)cc3)n2)cc1,10.4
N#Cc1ccc(-c2nc(-c3ccc(-c4cncc(Cl)c4Cl)cc3)c(C#N)c(=N)[nH]2)cn1,32.16
N#Cc1ccc(-c2cccc(=O)nc2N2CCN(Cc3c(F)cc(F)cc3Cl)CC2)cc1,31.8
N#CNc1cc(=O)oc2ccc(Cl)cc12,21.73
CCCCCC=Cc1nc2ccccc2c(=O)n1CCCCNCCc1ccc(-c2ccc(-c3cc[nH]c(=NCCCN4CCCCC4)n3)cc2)[nH]c1=N,42.18
COc1ccc(CC(=O)Nc2ccc(C(=O)N3Cc4ccccc4C3=O)cc2)cc1,29.43
Nc1ccc2c(c1)C(=O)c1ccc(N3C(=O)c4ccccc4C3=O)cc1C2=O,14.71
CN1CCN(c2nnc3[nH]c(N4CCN(c5ccc(C#N)cn5)CC4)nc(=Nc4ccc5oc(-c6ccc(F)cc6)nc5c4)c3n2)CC1,31.67
N#Cc1ccc(-c2ccc(-c3nc(-c4ccc(-c5ccc(C#N)cn5)nc4)nc(-c4c(F)c(F)c(C#N)c(F)c4F)n3)cc2)nc1,9.9
COc1ccc(Cn2cncc(C#N)c2=O)cc1Cl,22.0
N#Cc1ccc(-c2nc(N3CCN(CCO)CC3)c3cnn(-c4cccc(Cl)c4)c3n2)cc1,25.16
Cc1ccccc1Nc1c(N)cc(O)c(N=Cc2ccc(-c3nc(-c4ccc(C=Nc5cc(O)c(N)cc5O)cc4)nc(-c4ccc(C=Nc5cc(O)c(N)cc5O)cc4)n3)cc2)c1O,13.65
C#CCOCCOc1cnc(-c2cnc3cc(O)n(-c4ccc(-c5ccc(C#N)cn5)cc4)c3c2)cn1,50.96
CCCCCCCCCCCCCCC=c1ccc(=Cc2noc(-c3ccc(C#N)cc3)n2)[nH]1,23.01
N#Cc1ccc(CNc2cc(C#N)cc3c2cnn3-c2ccccn2)c(F)c1,33.41
O=C1c2cc(F)ccc2-c2[nH]c(=O)c3ccccc3c21,22.84
Cc1ccc(-n2[nH]c(C(=O)NCc3cc(N4CCNC(C)C4)c(C#N)cn3)cc2=NC(=O)c2cc(-c3ccccn3)c(F)cc2Cl)cc1,30.36
N#Cc1ccc(-c2ccc(-c3nc(-c4ccc(CSC(=N)N)cc4)nc(-c4ccc(-c5ccc(C#N)cn5)cc4)n3)cc2)cc1,20.28
N#Cc1ccc(-c2ccc(-c3nc(-c4ccc(-c5ccc(C#N)c(F)c5)cc4)nc(-c4ccc(-c5ccc(C#N)cn5)nc4)n3)cc2)cc1,10.55
Cn1cc(-c2ccc(F)cc2F)nc1C1CCN(c2[nH]cnc(=N)c2-c2cncc(C#N)c2)CC1,23.64
CS(=O)(=O)c1ccc(-c2c[nH]c(=N)c(-c3cccc(-c4nc(-c5ccc(C#N)cc5)nc(-c5ccc(-c6ccc(C#N)cn6)cn5)n4)c3)c2)cc1,37.96
Cc1ccccc1N1CCN(c2cc3c(cc2F)c(=O)n(N)c(=O)n3C2CC2)CC1,26.8
N#Cc1ccc(-c2ccc(-c3nc(-c4ccc(-c5ccc(C#N)cn5)nc4)nc(-c4ccc(C#N)c(-c5ccc(C#N)cc5)c4)n3)cc2)cc1,17.71
N#Cc1ccc(-n2nc(-c3ccc(-c4cccc(C#N)c4)cc3)nc2C=C2CN(Cc3ccc(-c4cccc(C#N)c4)cc3)c3ccc(C#N)cc32)cc1,36.81
Cc1ccc2nc(-c3ccc(N(C)C)cc3)cn2c1,19.73
NC(=O)c1ccc2[nH]c(-c3ccc(-c4ccc(-c5nc(Cl)nc(Cl)n5)cc4)cc3)nc2c1,14.31
N#Cc1cccc(-c2nc(-c3ccc(-c4ccc(F)c(C#N)c4)nc3)nc(-c3cccc(C#N)n3)n2)n1,12.33
N#Cc1cncc(-c2cnc(C(=O)C3Cc4cc(C#N)ccc4O3)cn2)c1,18.96
Cc1cc(C)nc(SCC(=NOCC#N)c2ccc(Cl)cc2)n1,24.78
Cc1ccccc1CC(=O)NC1CCN(Cc2ccccc2)CC1,19.31
COC(=O)c1cc(-c2ccc(CC3=NC(=O)N(c4ccccc4)C3=O)o2)ccc1Cl,21.76
Clc1ccccc1-n1c(Cl)nc(Cl)c1Cl,18.16
CCc1nc(-c2ccc(-c3nc(Cl)nc(Cl)n3)cc2F)sc1-c1ccc(C#N)cn1,17.32
c1ccc(-c2ccccc2OCCCCN2CCCCC2)cc1,21.34
C=CC(C)(C=Cc1cc(-c2scc(C(=O)c3cc(OC)c(OC)c(OC)c3)c2-c2ccc(C)cc2)c(O)cc1OC)CCC=C(C)C,40.61
Clc1nc(Cl)nc(-c2ccc(-c3cnn(-c4ccc(Cl)c(Cl)c4)c3)cn2)n1,29.01
CC1(n2cnc3cnc4ccc(C#CC5CC5)cc4c32)CCN(Cc2ccccc2)CC1,29.92
CNS(=O)(=O)c1ccc2[nH]c3ccc(C)cc3c(=N)c2c1,29.11
N#Cc1ccc(C2CCN(c3nc(-c4nc(CO)cc(-c5cccc(C#N)n5)n4)c(C#N)c(-c4c(F)c(F)c(C#N)c(F)c4F)n3)C2)cc1,27.76
N#Cc1cccc(Cn2c(C#N)c(C#N)c3ccc(C#N)cc32)c1,20.13
CCOC(=O)c1cc(-[n+]2ccc(-c3cccnc3)cc2)nc(-[n+]2ccc(-c3ccncc3)cc2)n1,21.09
O=C1c2ccccc2C(=O)C1c1ccc(CCNS(=O)(=O)c2cccc3cccnc23)cc1,27.92
N#Cc1ccc(-c2ccc3[nH]cnc(=NCc4ccccn4)c3c2)cc1,17.49
COc1cc(C)c(Cl)cc1S(=O)(=O)NCCc1nc(-c2ccc(Cl)cc2)nn1C1CCN(C(=O)C2CC2)CC1,37.61
C#CCOc1ccc(C(=O)Cc2ccc(O)cc2)cc1CNC(=O)C=Cc1ccc(C)cc1,39.75
N#Cc1ccc(-c2cc(Cl)c(-c3c(O)c4c(O)c(C#N)c(=O)n(Cc5ccccn5)c4n(Cc4ccccc4)c3=O)c(F)c2F)cc1,42.34
N#Cc1cnc(N2CCN(CC(O)(Cn3cncn3)c3ccc(F)cc3F)CC2)nc1,19.97
OCCN1CCN(Cc2ccc(Cl)c(-c3nc4c(-c5cccc(F)c5)ccnc4[nH]3)c2)CC1,30.3
CN1CCN(Cc2ccc(NC(=O)c3cccc(-c4nc(-c5cncc(C#N)c5)c[nH]c4=N)c3)cc2C(F)(F)F)CC1,21.77
Cc1ccc(C)c2c1cc(-c1nc(-c3ccc(-c4ccc(C#N)cn4)nc3)nc(-c3c(F)c(F)c(C#N)c(F)c3F)n1)c(=N)n2C,23.94
CSCc1nc(-c2ccc(C#N)cc2)cc(=Nc2ccc3nc(N4CCN(C)CC4)ccc3c2)[nH]1,25.33
COc1ncc(C#N)cc1-c1nc(C#N)nc(N2CC23CCCCC3)n1,31.04
Cc1ccccn1,13.26
N#Cc1ccc(OCc2noc(-c3ccc(-c4ccc(C#N)cc4)cc3)n2)cc1,16.32
O=C(NCc1ccccc1)c1cc[nH]c(=O)c1,22.37
CN(C)C=Nc1ccnc(N=CN2CCN(C=O)CC2)n1,10.22
N#Cc1ccc(Nc2cccc(Cl)c2Cl)c(Cl)c1Cl,24.86
CC(C)(Oc1cc(-c2cc(CO)nc(C3CC3)n2)nc(Cl)n1)C(=O)NC1C2CC3CC(C(N)=O)(C3)CC1C2,35.34
N#Cc1ccc(C2=NN=Cc3nc4cc(F)ccc4n3C2c2ccc(Cl)c(Cl)c2)cc1,25.44
O=C(COc1ccccc1)Nc1ccc2c(c1)C(=O)N1CCOC1CN=C2O,24.44
N#Cc1ccc(-c2ccc(-c3nc(C(=O)NCCO)n4nc(-c5ccc(C#N)cn5)ccc34)cc2)cc1,22.47
CCOc1ccc(CC(C)N=Cc2c(O)n(C)c3cc(-c4cncc(-c5ccc(OC)cc5)n4)ncc23)cc1,44.39
N#Cc1ccc(OCc2nc(-c3ccc(-c4ccccc4)cc3)nc(-c3ccc(-c4cccs4)s3)n2)c(C#N)c1,26.79
N#Cc1ccc(-c2nc(-c3c4ccccc4c(C#N)c4ccccc34)nnc2-c2cccc3ccccc23)cc1,15.77
CN(C)Cc1cccc(N=c2nc(-c3cccc(C#N)c3)cc[nH]2)c1,21.76
N#CC=Cc1ccccc1,8.6
COc1cc(F)cc(-c2ccc(Oc3ccc4nc(-c5ccncc5)ncc4c3)nn2)c1F,32.28
N#Cc1ccc(-c2nc(-c3ccc(-c4ccc(F)c(C#N)c4)cc3)nc(-c3ccc(-c4ccc(C#N)cn4)nc3)n2)cc1,12.17
N#Cc1c(F)c(F)c(-[n+]2cc(-c3ccccc3)nc(-c3ccc(F)cc3)c2C(=O)C=Cc2ccc(F)cc2)c(F)c1F,30.16
NC(=O)c1ccc(-c2ccc(-c3nn(CC(O)(Cn4cncn4)c4ccc(F)cc4F)c4c3CCN(C(=O)C(F)(F)C(F)(F)F)C4)cc2F)cn1,42.99
N#Cc1c(F)c(F)c(-c2nc(-c3ccc(-c4nc(Cl)nc(Cl)n4)cc3)nc(-c3ccccn3)n2)c(F)c1F,17.48
N#CC1CC(F)CN1C(=O)CC(N)Cc1cc(F)cc(F)c1F,20.0
Nc1ccc2c(c1)C(=O)c1ccc(Nc3nc(Nc4ccc5c(c4)NCCC5=O)nc(Nc4ccc5c(c4)C(=O)c4ccc(N)cc4C5=O)n3)cc1C2=O,12.37
N#Cc1ccc(-c2cccc(-c3cc(-c4ccc(-c5ccc(C#N)cn5)cc4)nc(-c4cccc(C(F)(F)F)c4)c3)c2)cc1,24.33
Cc1cccc(-c2nc(-n3ccc(C)n3)nc(=NCc3ccccn3)[nH]2)n1,24.83
N#Cc1ccc(-c2nc(-c3ccc(C#N)cc3)nc(-c3c(F)c(F)c(C#N)c(F)c3F)n2)cc1,11.53
Cc1ccc(C#N)cc1Cn1c(CCc2ccc(-c3ccc(C#N)cn3)cc2)nc(-c2cccc(C#N)n2)c(C#N)c1=O,33.47
CNc1ccc2c(c1)C(=O)c1ccc(Nc3nc(Nc4ccc5c(c4)NC(=O)C(C)(C)NC5=O)nc(Nc4ccc5c(c4)C(=O)c4ccc(N)cc4C5=O)n3)cc1C2=O,17.95
CC(=O)NS(=O)(=O)c1ccc(NC(=O)c2ccc(-c3nc(-c4c5ccccc5c(C#N)c5ccccc45)nc(-c4c5ccccc5c(C#N)c5ccccc45)n3)c3ccccc23)cc1,25.87
Cc1c(C(=O)Nc2ccc(-c3ccc(C(=O)N4CCc5ccccc54)cc3)cc2)ncn1-c1cc(-c2ccc(C#N)cc2)ccn1,32.52
CONC(=O)c1cccc(-c2nc(-c3cccc(C#N)n3)nc(N3CCC4(CC3)CNC(C(=O)O)C4)n2)n1,21.45
COc1cc2[nH]c(Cl)nc(=Nc3cccc(Cl)c3)c2c(OC)c1OC,25.22
CCCCC#Cc1ccc2c(c1)CNc1cc(C(N)=O)nn1-2,27.77
COc1nc(C#N)nc(-c2ccc(C(=O)N3CCC(F)C3)c(F)c2)n1,20.99
N#Cc1cc(C#N)cc(Oc2c(C#N)ccc3ncccc23)c1,19.2
N#CC(C#N)=c1ccc(=C(C#N)c2nc(C(N)=NO)nc(C(C#N)=c3ccc(=C(C#N)C#N)cc3)n2)cc1,12.87
Cc1ccc(Nc2cc(N=Cc3ccc(F)cc3)c(O)cc2N)cc1C(F)(F)F,16.16
N#Cc1cc2c(cc1Cl)S(=O)(=O)c1cc(NC(=O)Nc3ccccc3)ccc1C2=O,28.58
COc1cc(C=NN=c2[nH]nc(C)n2N)ccc1O,18.11
CN1CCN(c2nc(-c3ccc(-c4ccc(C#N)cc4)cc3)nc3ccc(F)cc23)CC1,13.05
COc1ccc(C)cc1NC(=O)c1c(N)c(C(=O)c2ccc3c(c2)OCO3)n2ccccc12,27.26
N#Cc1ccc(-c2ccc(-c3nc(-c4cc(C#N)cc(C#N)c4)nc(-c4ccc(Cl)c(Cl)c4)n3)cn2)nc1,21.84
O=CN1CCN(C=Nc2nc(N=CN3CCCC3)cc(N3CCOCC3)n2)CC1,14.38
Cc1cc(=O)oc2cc(NC(=O)c3ccc4ccccc4c3)ccc12,21.45
CN(C)C(=O)CCCCNC(=O)c1nc(C=Cc2ccc(C#N)cc2)nc(-c2ccc(C=Nc3cc(O)c(NCCCC#N)cc3O)cc2)n1,36.16
Cc1cccc(Cn2c(C)nn(-c3ccn(Cc4c(C)noc4C)c3)c2=O)c1,28.5
N#Cc1ccc(NC(=O)Nc2ccc(-c3cc(-c4cccc(C#N)n4)nc(-c4ccccn4)n3)cc2)cc1,24.32
CC1CN(c2nc(C(=O)N=c3nc(-c4ccccc4)cc[nH]3)cc(-c3ccnc(C#N)n3)n2)CC(C)O1,30.35
N#Cc1cncc(-c2nc3c(-c4ccc(C#N)c(Cl)c4)ccnn3n2)c1,23.34
N#Cc1ccccc1-c1ccc(Cc2nc(-c3ccc(F)cc3)c(CC(=O)O)s2)cc1,21.17
N#CC1Cc2ccccc2CN1C(=O)CCN1C(=O)c2ccccc2C1=O,22.81
CN(C)c1ccc(N=Cc2c(O)[nH]c(=S)n(-c3cccc(C(F)(F)F)c3)c2=O)cc1,22.27
CC1(CNCc2ccc(C#N)cc2)CCN(C(=O)C2CC2)CC1,28.5
N#Cc1ccc(-c2ccc(-c3nc(-c4ccc(-c5ccsc5)cc4)nc(-c4ccc(-c5ccc(C#N)cn5)cc4)n3)cn2)cc1,17.81
N#Cc1ccc(NC(=O)N2Cc3ccncc3C2)cc1,19.5
Cc1nc(-c2ccc3c(c2)CCNC3=O)nc(N(C)Cc2cccc(C#N)c2)n1,27.78
N#CC1C(c2ccc(C#Cc3cccs3)cc2)C(CO)N1C(=O)C1CCCCC1,22.9
Cc1cc(-n2cc(CN3CCN(c4nc(Cl)cc5ccccc45)CC3)nn2)no1,34.27
N#Cc1ccc(-c2nc(-c3ccncc3)nc(-c3cncc(C#N)c3)n2)cc1,15.1
CC(CNC(=O)c1ccc(F)c(C#N)c1)c1nccs1,26.28
N#Cc1ccc(-c2ccc(-c3nc(-c4ccc(-c5nc(Cl)nc(Cl)n5)cc4)nc(-c4c(F)c(F)c(C#N)c(F)c4F)n3)cc2)cc1,12.34
N#Cc1ccc(-c2cccc(-c3nc(-c4ccc(-c5ccc(C#N)cn5)nc4)nc(-c4ccc(-c5ccc(C#N)cn5)nc4)n3)c2)cc1,14.31
Cc1ccc(-c2noc(Cn3nc(-c4cncc(C#N)c4)cc3-c3cccs3)n2)cc1,23.69
N#Cc1ccc(-c2ccc(-c3nc(Oc4ccc(-c5ccc(Cl)s5)c(C#N)c4)ncc3-c3ccc(Cl)cc3)cc2)nc1,29.5
Cn1c(C2CCCN(c3ccnc(C#N)n3)C2)nc2ccccc21,20.19
Cc1ccc(Nc2cc(N=Cc3ccc(-c4nc(-c5ccc(C#N)cc5)nc(N5CC(C)CC(C)C5)n4)cc3)c(O)cc2N)cc1,12.86
N#Cc1ccc(-c2ccc(-c3nc(-c4ccc(-c5ccc(C#N)cc5)cc4)nc(-c4ccc(-c5cccs5)s4)n3)cc2)cc1,14.81
N#Cc1cc(-c2cccc3c2CCN(S(=O)(=O)c2ccc(O)cc2F)C3)ccc1C(=O)O,42.17
Cc1ccc2c(c1)C(=Cc1ccc(N(C)C)cc1)C=C2,17.98
O=C(C=Cc1cn(-c2ccccc2)nc1-c1ccccn1)Nc1cccc([N+](=O)[O-])c1,28.49
CCc1ccc(-c2cc(-[n+]3ccc(-c4ccncc4)cc3)nc(-[n+]3ccc(-c4ccncc4)cc3)n2)cc1,17.91
C#Cc1cccc(C#N)n1,18.77
COc1ccccc1N=C1NCC(CCl)S1,24.94
Cc1ncc2c(n1)CCN(C(=O)c1ccc(-c3cncc(C#N)c3)cc1)C2,26.38
N#Cc1ccc2c(c1)C(=O)N(c1ccc3c(c1)C(=O)c1ccc(NC(=O)c4cccs4)cc1C3=O)C2=O,23.4
N#CCCn1cnc(-c2cc(F)c(F)c(F)c2F)cc1=O,27.7
Cc1cnc(Cl)nc1-c1ccc(-c2ccc(C#N)cc2)cc1,15.57
N#Cc1cncc(-c2nncc(-c3cncc(F)c3)n2)c1,15.34
Nc1ccc2c(c1)C(=O)c1ccc(Nc3nc(Nc4ccc5c(c4)C(=O)CC5)nc(Nc4ccc5c(c4)C(=O)c4cc(N)ccc4C5=O)n3)cc1C2=O,10.66
CCN(CC)Cc1ccc(N=Cc2c(=O)[nH]c(O)c3ccccc23)cc1,20.15
N#Cc1cncc(-c2nnc(SCc3ccccc3C#N)n2-c2ccc(F)cc2)c1,22.5
CN(C)CCN1C(=O)c2c(c3c4cnn(CCO)c3c2c2c4Cc3ccccc3-2)C1=O,29.99
Cc1nc(N2CCOCC2)c2cc(-c3cccc(-c4ccc(C#N)cc4)c3)ncc2n1,28.96
Cn1c(-c2ccc(C#N)cc2)c(C#N)c2ccc(OCCOC(=O)c3cccc(F)c3F)cc21,31.83
N#Cc1ccc(C=Cc2ccc(-c3ccc(-c4nc(-c5ccc(-c6nc(Cl)nc(Cl)n6)cc5)nc(-c5c(F)c(F)c(C#N)c(F)c5F)n4)cc3)cc2)cc1,21.78
CN(Cc1cc(F)cc(F)c1)C(=O)C(=O)c1c[nH]c2ccccc12,25.64
Cn1c(N=Cc2ccco2)c(C#N)c(=O)n(C)c1=O,15.43
N#CC=Cc1ccc(-c2ccc(C=Nc3ccc(NCC(O)CNCCN=c4cc[nH]c5cc(C(F)(F)F)ccc45)cc3O)cc2)cn1,28.25
N#Cc1ccc(-c2ccc(-c3cccc(-c4nc5cc(C#N)ccc5[nH]4)c3)cc2)nc1,19.86
O=C1N(S(=O)(=O)Cc2ccccc2)c2ccccc2C1(Cc1ccncc1)C1COc2ccccc21,32.73
C=CCN=c1nc(-n2c(C)c(C#N)c3cc(-c4ccc(-n5cnc(C)c5)c(OC)c4)ncc32)cc[nH]1,36.5
Cn1c(CCO)nc(-c2ccc(-c3ccc(C#N)cc3)cc2)c(C#N)c1=O,21.77
COc1ccc(Nc2oc(C=Cc3ccccc3)nc2C#N)cc1,14.26
CC(C)(C)c1ccc(-c2nc(-c3cc(-c4ccc(-c5nc(Cl)nc(Cl)n5)cc4)cc(-c4ccc(-c5nc(Cl)nc(Cl)n5)cc4)c3)cs2)cc1C(F)(F)F,24.52
N#CCCN1CCN(c2nc(C#N)nc(-c3ccc(C#N)cc3)n2)CC1,14.42
N#Cc1ccc(-c2nc(-c3ccc(C#N)cc3)nc(-c3ccc(-c4cccc(C#N)n4)cc3)n2)cc1,14.94
N#Cc1ccc(-c2nc(-c3ccc(-c4ccc(F)c(C#N)c4)nc3)nc(-c3ccc(C#N)cn3)n2)cc1,11.78
CNC(=O)c1cnc2cc3c(cc2n1)N(C(=O)c1ccc(-n2cccn2)c(C(F)F)c1)CC3,38.16
N#Cc1ccc(-c2noc(-c3ccc(CNS(=O)(=O)c4ccc5c(c4)OCCO5)cc3)n2)cc1,27.82
C#CCN1C=C(c2cccc(C)c2)C=CC1,23.37
c1ccc(-c2cc[n+](-c3ccc(-c4ccc(-[n+]5ccc(-c6ccncc6)cc5)cc4)cc3)cc2)cc1,12.64
Cc1cc(-c2ccc3c(c2)OCO3)cc2c(=Nc3ccc(C(=O)OC(C)C)cc3)c(C#N)c[nH]c12,31.14
C#Cc1cc(-c2nc(-c3ccc(-c4ccc(C#N)cc4F)cc3)nc(-c3c(F)c(F)c(C#N)c(F)c3F)n2)ccc1-c1ccc(C#N)cn1,31.41
COc1nc2c(-c3nc(=N)nc(C)[nH]3)nc(F)nc2c(-c2cccc(C#N)n2)c1F,41.48
N#Cc1cccc(CN2CCCn3nnc(COc4ccccn4)c3C2)c1,25.46
NC(=S)Nc1ccc2c(c1)Cc1cc(N=CN3CCC(Cc4ccccc4)CC3)ccc1-2,23.75
C[n+]1cccc(NC(=O)c2ccc(NC(=O)c3ccc(NC(=O)c4cc(NC(=O)c5ccc(C(=O)Nc6cccc(C#N)c6)cc5)cc(C(=O)O)n4)cc3)cc2)c1,31.69
CCC(=NOC)c1ccc(F)c(F)c1,22.1
N#Cc1ccc(-c2nc(-c3cccc(C#N)n3)nc3c2CN(Cc2ccccc2)CC3)cc1,17.11
CC1(C)CN(c2ccc(F)cc2)c2cc(-n3cccn3)ccc21,27.54
CNC(=O)c1cccc(N=c2[nH]c(Cl)cn(Cc3ccccc3)c2=O)c1,25.51
N#Cc1ccc(C(=O)C=Cc2nc(-c3ccc(C#N)cc3)cc(-c3cc(C#N)cnn3)n2)cc1,27.51
C#CCNCc1ccc(C#N)cc1,16.42
CC(=O)c1c2c(c(C)c3c1CCCC3)CCCC2,26.35
CCOCCN=c1nc(C(=O)N=c2ccc(Cl)c[nH]2)c(NC(=O)c2nc(C3CCN(C)CC3)n[nH]c2=NC)c[nH]1,39.83
N#Cc1ccc(-c2cc(-c3ccc(F)cc3)nc(-c3ccc(-c4ccc(C#N)cn4)nc3)n2)cc1,14.88
Nc1ccc2c(c1)C(=O)c1ccc(Nc3ccnc(Nc4ccc5c(c4)C(=O)c4ccc(N)cc4C5=O)n3)cc1C2=O,10.4
CC(C)CN(Cc1cc(Cl)c2c(c1)CCCCO2)C(=O)C1CCN(Cc2cccc(C#N)c2)C1,20.71
Cc1ccc(OCC(=O)N2CCc3cc(N=c4[nH]c(-c5ccc(-c6cccc(C#N)n6)cc5)cs4)ccc32)cc1,29.65
CCCCc1nn(CCC)c(C(=O)OCC)c1Cc1ccc(-c2ccc(F)c3nc(C#N)ccc23)c(OC)c1,34.56
CN1CCN(C2=Nc3cc(Cl)ccc3Nc3nn(C)cc32)CC1,15.69
N#Cc1ccc(-c2ccc(-c3nc(-c4ccc(-n5cc(C(F)(F)F)cn5)cc4)nc(-c4ccc(-c5ccc(Cl)c(Cl)c5)c(C#N)c4)n3)cc2)nc1,19.99
COc1cc(C#N)nc(N2CCN(CC(=O)Nc3ccc(-c4c(-c5ccccc5)nc(-c5ccc(C#N)cc5)nc4-c4ccc(F)cc4)cc3)CC2)c1,37.27
N#Cc1ccc(C=Nc2ccc(Nc3cccc(S(N)(=O)=O)c3)c3c(O)c4ccsc4c(O)c23)cc1,37.24
N#Cc1ccc(-c2ccc(-c3nc(-c4ccc(-c5ccc(C#N)cn5)cc4)nc(-c4cc5c(-n6cnc(-c7ccc(C#N)nc7)c6)nccc5[nH]4)n3)cc2)cc1,21.75
CC=CC=CC(=O)OCC(=O)NCc1ccc2c(c1)OCO2,24.49
CCCCNc1cnc2[nH]c(=N)nc(-c3ccc(-c4ccc(-c5cccc(C#N)c5)o4)nc3)c2c1,41.59
CCCc1ccc(CNC2CCCc3ccccc32)c(-c2ccc(CNCc3ccc(F)cc3)cc2)n1,31.27
N#Cc1ccc(OCC#CC[S+]([O-])C(c2ccccc2)c2ccc(C#N)cc2)cc1,26.88
N#Cc1ccc(-c2nc(-c3cccc(C#N)n3)nc(N3CCC(F)CC3)n2)cc1,18.92
N#Cc1ccc(-c2nc(N=Cc3ccc4c(c3)OCO4)nc(-c3ccc(C#N)cc3)n2)cc1,17.19
CCOc1ccc2oc(=NCc3cccc(NC(=O)c4ccc(Cl)c(Cl)c4)c3)[nH]c2c1,32.04
O=C(COc1ccc(Br)cc1)NCc1ccco1,22.49
Cn1cnc(S(=O)(=O)N(CCCCN)C2Cc3cc(C#N)ccc3N(Cc3ccccc3C#N)C2)c1,25.16
O=C(Nc1ccc2c(C=Cc3ccccn3)[nH]nc2c1)c1cncc(C2CC2)c1,21.38
N#Cc1ccc(-c2ccc(-c3nc(-c4ccc(-c5cc(F)cc(C#N)c5)cc4)nc(-c4ccc(-c5ccc(C#N)cn5)nc4)n3)cn2)nc1,11.99
NC(=O)c1ccc(-c2cc(-c3ccc(-c4ccc(-c5nc(Cl)nc(Cl)n5)cc4)cc3)cc(-c3ccc(-c4nc(Cl)nc(Cl)n4)cc3)c2)cc1,12.45
CN=c1cc(C)[nH]c(=Nc2cnc(Cl)nc2-c2ccc(-c3sc(-c4ncc(-c5ccc(Cl)cc5)nn4)cc3C#N)cc2)[nH]1,36.15
CCc1ccc(-n2c(-c3ccc(CCNc4cc(O)n(-c5cccc(Cl)c5)c4O)cc3)nc3ccccc3c2=O)cc1,37.46
N#Cc1ccc(Oc2nc(-c3ccncc3)nc(-c3ccccn3)n2)cc1Cl,25.44
N#Cc1ccc(-c2ccc(-c3nc(-c4ccc(-c5ccc(C#N)cc5)cc4)nc(-c4ccc(-c5ccc(C=Cc6cc(F)cc(F)c6)cc5)cc4)n3)cc2)cc1,17.1
CN(C)c1cc(Nc2ccc3c(c2)C(=O)c2ccc(C#N)cc2CC3)nc(C#N)n1,22.68
N#Cc1ccc(-c2cc(-c3ccc(-c4nc(Cl)nc(Cl)n4)cc3)nc(-c3ccc(-c4ccc(C#N)cn4)cc3)n2)cc1,12.13
N#Cc1ccc(-c2ccc(-c3nc(-c4ccc(-c5ccc(C#N)cn5)nc4)nc(-c4cccc(C(F)(F)F)c4)n3)cc2)nc1,14.77
Cn1c(O)c(N=NC(=O)c2ccncc2)c2cccc(F)c21,23.48
N#Cc1ccc(-c2ccc(Oc3ncc4cccnc4n3)c(-c3cncc(C#N)c3)n2)nc1,28.4
CN(C)c1ccc(C=Nc2ccc(Nc3ccc4c(c3)C(=O)c3ccc(N)cc3C4=O)cc2)cc1,21.18
N#Cc1ccc(-c2ccc(-c3nc(-c4ccc(-c5cccc(C(F)(F)F)n5)cc4)nc(-c4cccc(C#N)n4)n3)cn2)nc1,12.15
CCN(CC)C(=O)c1ccc(-c2ccc(NC(=O)c3ccc(CCCOc4cccc(N5C(N)=NC(N)=NC5(C)C)c4)cc3)cn2)cc1,35.66
CN=c1nc(N=CN2CCN(C=O)CC2)[nH]c(Nc2ccc3c(c2)-c2ccc(C#N)cc2C3=O)n1,22.71
CCCC1=NC(c2ccccc2C#Cc2ccc(F)cc2)C(C#N)N1C(=O)c1ccc(F)cc1,46.51
Cn1nnc(-c2ccc(-c3cccc(C4=NOC(N)(C(F)(F)F)C4)c3)cc2)n1,31.08
COc1ccc2[nH]c3cc(Cl)ccc3c(=NCc3ccccc3)c2c1,18.98
Cc1nc([N+](=O)[O-])cn1CC(=O)N1c2ccccc2CCc2ccccc21,23.59
N#Cc1ccc2[nH]c(-c3ccc(-c4nc(-c5ccc(-c6ccccc6C#N)cc5)c(C#N)c(=N)[nH]4)cc3)nc2c1,20.96
C#Cc1cc(C#N)cc(N2CCOc3ncc(-c4cccc(C(=O)c5ccc(C#N)cn5)c4)cc3C2=O)c1,36.4
COc1cc(-c2ccc(-c3ccc(C#N)cn3)cc2)c2c(n1)Cc1ccccc1S2,22.86
N#Cc1ccc(-c2ccc(-c3nc(-c4ccc(-c5cncnc5)cc4)nc(-c4ccc(-c5ccc(C=C6CCC(=O)NC6=O)cc5)nc4)n3)cc2)cc1,28.34
N#Cc1ccc(CNC(=O)c2ccc3nc(-c4ccc(Cl)cc4)c(-c4ccc(Cl)cc4)nc3c2)cc1,19.99
N#Cc1ccc(=NC(=O)c2cc(-c3nc(-c4ccc(Cl)c(Cl)c4)cs3)ccc2-c2cccc(-c3ccc4ccccc4c3)c2)[nH]c1,31.32
Cn1nc(-c2ccc(Cl)cc2Cl)nc1-c1nc(-c2cccc(C#N)n2)c(F)cc1F,22.65
N#Cc1cncc(-c2nc(C#N)nc(N3CC4CC3CO4)n2)c1,12.61
CC(C)(CO)C1c2nc(-c3cccc(C#N)n3)cc(C(=O)Nc3cccc(C#N)c3)c2CCN1C(=O)C1CCCC1,36.44
N#Cc1ccc(-c2ccc(-c3ncnc(-c4ccc5c(c4)CN([S+]([O-])Cc4ccccc4)CC5)n3)cc2)cc1,29.93
N#Cc1ccc(-c2ccc(-c3ccc4cnccc4n3)cc2)cn1,24.15
CC(C)Oc1ccc2c(c1)c1c3c(c4c(c1n2C)CCc1nn(C)cc1-4)C(=O)NC3,28.37
CCCc1nc(-c2ccc(OC)c(OC)c2)c(C(=O)N2CCN(c3ncccn3)CC2)o1,21.34
Cn1nc(-c2nc(-c3ccc(C#N)cn3)nc(-c3cccc(C#N)n3)n2)nc1CCc1cccc(F)c1F,22.41
N#Cc1ccc(-c2ccc(-c3nc(-c4ccc(-c5ccc(C#N)cc5)cc4)nc(-c4ccc(C#N)cn4)n3)cc2)cc1,12.46
Cc1cc(-c2cncc(C#N)c2)[nH]c(=Nc2cc(C(F)(F)F)ccn2)c1,18.8
CC=Cc1ccc(OCCNCCN2C(=O)c3cccc4cccc(c34)C2=O)cc1,24.02
Cc1cc(-c2ccc(-c3cc(-c4ccc(-c5nc(Cl)nc(Cl)n5)cc4)cc(-c4ccc(-c5nc(Cl)nc(Cl)n5)cc4)c3)cc2)nc(Cl)n1,12.91
N#Cc1ccc(-c2c[n+](-c3ccc(C#Cc4cccc(C#N)n4)cc3)nc(-c3ccc(-c4ccc(-c5ccc(C#N)cn5)s4)cc3)n2)cc1,29.3
N#Cc1cc(C(N)=O)nc(-c2ccc(OCc3ccc4ccccc4n3)cc2)n1,21.84
N#Cc1ccc(-c2ccc(-c3nc(-c4ccc(-c5ccc(C#N)cn5)cc4)nc(-c4c(N5CCN(Cc6ccc(F)cc6)CC5)c(C#N)nn(-c5ccccc5)c4=O)n3)cc2)nc1,24.37
Nc1cc(O)c(N=Cc2ccccc2)cc1N1CCCC1,11.76
N#Cc1ccc(-c2ccc(-c3nc(-c4ccc(-c5ccc(C#N)cn5)nc4)nc(-c4ccc(-c5ccc(C#N)cn5)c(F)c4)n3)cc2)nc1,16.15
N#Cc1c(F)c(F)c(-c2nc(-c3ccc(F)cc3Cl)nc(-c3c(F)c(F)c(C#N)c(F)c3F)n2)c(F)c1F,15.1
CCOc1ccc(NC(=O)C(C)Oc2ccc3cc(Cc4ccccc4)c(=O)oc3c2)cc1,29.26
N#Cc1ccc(-c2ccc(-c3c(C#N)c(Sc4cccnc4)[nH]c(=N)c3C#N)cc2)nc1,24.52
Cc1cccc(C)c1N=c1sc(C#N)c(-c2ccc(-c3cccc(-c4ccc(OC(C)C)c(C#N)c4)n3)cc2)nc1C(=O)O,27.93
N=C1Nc2ccc(-c3ccc(N4CCOCC4)nc3)cc2C23CCOC2(CO1)Cc1cc(Cl)ccc13,34.96
N#Cc1ccc(-c2cc(-c3ccc(C#N)cc3)nc(-c3ccc(-c4cccc(C#N)n4)cc3)n2)cc1,13.87
N#Cc1cccc(-n2nc(C(=O)O)cc2-c2ccccc2)c1,18.25
Cc1ccnc(-c2ncc(-c3nc(-c4ccc(-c5noc(C)n5)cc4)nc(-c4ccc(-c5ccc(C#N)cn5)nc4)n3)cc2C)n1,22.81
N#Cc1cc2c(cc1O)C(N)CC2,19.15
Cc1cc(=NC(=O)c2cc(-c3cc(C#N)ncn3)ccc2Cl)n(-c2ncc(C(F)(F)F)cc2Cl)[nH]1,32.32
COc1ccc(C(=O)Cn2c(-c3ccc(S(=O)(=O)c4ccc(C#N)cc4)cc3)nc3ccccc32)cc1,30.05
Cn1cc(NC(=O)c2ccc(F)c(-c3ccc(C(=O)Nc4ccc(F)c(C#N)c4)c(Cl)c3)n2)cn1,35.93
N#Cc1ccc(-c2ccc(-c3cc(-c4ccc(-c5nc(Cl)nc(Cl)n5)cc4)cc(-c4ccc(-c5ccc(Cl)c(Cl)c5)nc4)n3)cc2)nc1,18.92
C=CC1(C#N)NC2c3[nH]c4ccc(-c5ccco5)cc4c3C(=O)c3ccccc3C(=O)N21,35.34
Nc1ccc2c(c1)C(=O)c1ccc(NCCC3CCN(c4nc(-c5ccc(C(F)(F)F)cc5)cs4)CC3)cc1OC2,27.66
N#Cc1ccc(-n2nc(C#N)nc(-c3cncc(C#N)c3)c2=O)cc1,19.57
N#Cc1ccc(-c2ccc(-c3nc(C=Cc4ccc5ccccc5n4)nc(-c4ccc(-c5ccc(C#N)cn5)cc4)n3)cc2)cc1,15.13
Cc1ccc([N+]([O-])=Cc2ccc(-c3nc(-c4ccc(C#N)cc4)nc(-c4ccc(-c5ccc(C#N)cn5)cc4)n3)cc2)cc1,19.22
Cc1ccc(-n2c(O)cc(NCCC(C)(C)C(=O)O)c2O)cc1,33.71
Nc1ccc2c(c1)C(=O)c1cccc(OCC[n+]3ccccc3)c1C2=O,25.81
COc1nc(C)nc(N=Cc2ccccc2)n1,15.28
Cc1cc(C)[nH]c(=NC(=S)N2CCN(c3ccccc3C)CC2)c1,19.61
N#CC(=Cc1ccc(Br)cc1)c1nc2ccccc2[nH]1,22.3
NC(=NO)c1nccc(Nc2ccc3c(c2)C(=O)c2ccc(N)cc2C3=O)n1,14.17
COc1cc(C=Nn2c(O)cn(C)c2=S)cc(Br)c1OC,23.93
CCCC(=O)c1cnn(-c2ccc(NC(=O)c3nn(-c4cccc(C#N)c4)c(=O)n4cncc34)cc2)c1C,27.6
NC(=O)CSc1ncnc2c1cnn2Cc1ccccc1,22.53
COc1ccc(-c2csc(N3C(=O)C(=CC=Cc4ccccc4)N=C3c3ccccc3)n2)cc1,20.55
CS(=O)(=O)N1CCC(c2nc(-c3ccc(C#N)cn3)cn2-c2ccnc(C#N)n2)CC1,26.62
CC1(C)C=C(C=CC#N)c2cccc3cccc1c23,25.27
CN(C)CCCNC(=O)c1ccc(-n2nc(-c3ccc(-c4ccc(C#N)cc4)cc3)nc2-c2ccc(C#Cc3cc(OCCCC#N)c4cc(C#N)ccc4c3)cc2)cc1,36.2
N#Cc1ccc(-c2ccc(-c3nc(-c4ccc(-c5csc(C(F)(F)F)n5)cc4)nc(-c4cc(C#N)ccc4C#N)n3)cn2)nc1,22.1
COCC(=O)N1CCN(c2nc(C)c3cc(NC(=O)c4ccccn4)ccc3n2)CC1,24.26
N#Cc1cccc(N=c2[nH]c(=Nc3ccc(Br)cc3)[nH]cc2C#N)c1,24.32
CCc1[nH]nc(C(=O)N2CCn3cc(C)nc3C2)c1C,29.25
Cc1cc(C(=O)Nc2cccc(Cl)c2)on1,21.2
Cc1nc(-c2ccc(-c3ccc(-c4n[nH]c5ccc(C(N)=O)cc45)cc3)cn2)no1,26.65
COc1ccc(-c2ccc(-c3cc4nc(C#N)ccc4c(Cl)n3)cc2)cc1F,27.42
N=C1CC(O)(C(F)(F)F)C(=O)c2ccccc21,26.24
N#Cc1ccc(-c2nc(-c3cccc(C#N)n3)nc(-c3ccc(-c4cccc(C#N)c4)s3)n2)cc1,14.75
N#Cc1c(F)c(F)c(-c2cc(-c3ccncc3)nc(C3CCN(CC(=O)N4CCCC4C#N)CC3)c2)c(F)c1F,31.27
COc1nc(C2CC2)cnc1-n1nc(C(C)C)c(C(=O)c2ccc(Cl)cc2)c1N,25.0
C=CC(C)(C=CC=Cc1ccccc1)CCC=C(C)C=CCC=C(C)Cc1cc(O)cc(C)c1O,45.78
N#CC=Cc1nc(C#N)cc(C=Cc2ncc(C#N)cn2)n1,21.38
CC(=O)N1CC(C)Oc2ccc(S(=O)(=O)Nc3ccc(CC(C)C)cc3)cc21,26.71
O=C(O)CCCC(O)C=CC=CCCCCCC=CCc1cccc(C(=O)O)c1,32.44
COc1cccc(-c2nc(CCc3ccc4ccccc4n3)c(N)c(C(=O)Nc3cn(C)nc3C(=O)NCC3CCCO3)n2)c1F,40.65
N#Cc1ccc(C2CC(c3nc(-c4cccc(C#N)c4)no3)=NN2c2nc(-c3ccccc3F)cs2)cc1,27.84
N#Cc1ccc(-c2nc(C#N)nc(-c3ccncc3)n2)cc1,12.22
N#Cc1ccc(-c2ccc(-c3ccc(-c4cc(C(=O)O)nc5cc(F)ccc45)c(-c4ccc(C#N)cc4)n3)cc2)cc1,26.85
N#Cc1cncc(-c2cc(-n3cccn3)nc(C3CCCC3)n2)c1,21.88
Cc1cc(-c2nc(C3CCNCC3)ncc2-c2cc[nH]c(=Nc3ccccc3)n2)ccc1C(F)(F)F,26.84
N#Cc1ccc(F)c(-c2cn3c(-c4ccccn4)cnc3cn2)c1,24.69
N#Cc1ccc(-c2ccc(C(=O)NN=Cc3ccc4c(c3)OCO4)cc2)cc1,18.37
CN1CCN(Cc2ccc(NC(=O)c3cccc4ccc(N=c5nc(C#N)cc[nH]5)cc34)cc2)CC1,26.36
Nc1nc(-c2ccc(C(=O)NCCN3CCCC3)cc2)cc2[nH]c(-c3ccc(-c4ccc(-n5cccc5)cc4)cc3)nc12,30.06
Nc1ccc2c(c1)C(=O)c1ccc(Nc3nc(Nc4ccc5c(c4)CNC5=O)nc(Nc4ccc5c(c4)CCC5=NO)n3)cc1C2=O,15.4
CC(=O)c1cc(C=Nc2ccc(O)cc2)c(O)cc1O,21.59
N#Cc1ccc(-c2ccc(C(=O)c3c(O)c(O)n(-c4ccc(-c5ccoc5)cc4)c3-c3ccccc3OCCO)cc2)cc1,31.82
Cc1cc(CC(=O)N2CCOCC2)nc(=NCCc2ccc(F)cc2)[nH]1,33.14
COc1cc(C=C(C#N)c2ccccc2)cc(OC)c1,16.27
N#Cc1cc(C(N)=O)nc(-c2ccc(Oc3ccc(F)cc3)cc2)n1,16.37
N#Cc1cncc(-c2nc(C#N)ncc2-c2ccc(-c3cccc(C#N)n3)cc2)c1,11.25
N#Cc1cncc(-c2cc(-c3ccc(C#N)nc3)nc(C#N)nc2=O)c1,15.97
CCC1(O)C(=O)OCc2c1cc1n(c2=O)Cc2c-1nc1ccc(C)cc1c2Cl,19.06
Cc1cc(N2CCC(CNC(=O)c3ccc(-c4cncc(C#N)c4)cc3)CC2)ccn1,22.59
Cc1ccc(C(CCc2ccc(C#N)c(-c3ccc(C#N)cc3)c2)N(C)C)nc1,26.29
N#Cc1cc(NC(=O)c2ccc(Cl)cc2O)c(O)cc1Cl,23.97
Nc1ccc(N=Cc2ccc(-c3cccc(-c4cc(C=Cc5ccc(C=Cc6cc(=O)oc(-c7ccccc7)n6)cc5)cc(C(=O)O)c4)c3)cc2)cc1C(=O)O,34.83
N#Cc1ccc(-c2ccc(-c3cccc(-c4ccc(-c5ccc(CN6CCOCC6)cc5C(=O)O)cc4)n3)cc2)cc1,27.57
N#Cc1cc(C(Cc2cccc(Cl)c2)=NOCCF)c(C#N)cc1F,31.78
N#Cc1ccc(-c2cc(-c3ccc(S(=O)(=O)N4CCOCC4)cc3)nc(C#N)n2)cc1,22.28
N#Cc1ccc(-c2nnc(-c3ccc(C#N)cc3)o2)cc1,13.32
COc1ccc(CC([N+]#N)c2ccc(OC)c(OC)c2)cc1OC,25.6
CC1(C)Oc2ccc(C#N)cc2C(N2CCCCC2=O)C1O,14.33
N#Cc1ccc(-c2ccc(-c3nc(-c4ccc(-c5cccc(C#N)c5)cc4)nc(-c4ccc(-c5ccc(C#N)cn5)cc4)n3)cn2)cc1,13.69
N#Cc1ccc(-c2cc3ccccn3n2)cc1,18.81
Cc1cc(-c2nc(-c3cccc(C#N)n3)nc3c(F)nc(N4CCCC(C(=O)N5CCCC5)C4)nc23)cc(C)n1,22.89
O=C(Nc1ccc(Cl)cc1)c1ccc(-n2cnnn2)cc1,17.76
N#Cc1ccc(-c2ccc(-c3nc(C#N)nn3-c3ccc4nc(C#N)ccc4c3)cn2)nc1,23.57
Cc1cncc(C#Cc2c(-c3ccc(-c4c[nH]c(=N)cn4)cc3)ccc3c2CN(C(=O)CC2CC2)CC3)n1,33.37
N#Cc1ccc(CS(=O)(=O)Cc2nnc(C(=O)Nc3cccc(C#N)c3)o2)cc1,30.7
OCCSCc1cc(Sc2ccc(Cl)cc2)nc(-c2ccccc2)n1,23.01
N#Cc1ccc(-c2ccc(-c3nc(-c4ccc(-c5cccc(C#N)c5)nc4)nc(-c4ccc(-c5ccc(C#N)cn5)nc4)n3)nc2)nc1,12.16
N#Cc1ccc(-c2nc(-c3cncc(C#N)c3)nc(-c3cnn(C4CCNCC4)c3)n2)cc1,18.86
N#CC(C#N)=C(C#N)c1nc(-c2cccs2)cc(-c2c(-c3ccc(-c4ccc(C#N)cc4)cc3)cnc3ccccc23)n1,34.71
N#CCCCN(c1ccc(C#N)cc1)c1ccc2ncc(-c3cnc(=NC4CCN(C(N)=O)CC4)[nH]c3)nc2c1,31.88
N#Cc1cncc(-c2ccc(-c3cnc4ccc(C(=O)O)cc4n3)cc2)c1,23.05
N#Cc1ccc(-c2cc(C#N)cc3oc(-c4nc(-c5ccc(-c6ccc(C#N)cn6)cc5)nc(-c5ccc(-c6ccc(C#N)cn6)cc5)n4)cc23)cc1,25.46
C=CCn1c(=O)c(N(C)C(=O)COC(=O)c2cc(=O)[nH]c(=O)[nH]2)c(N)n(CCC)c1=O,34.9
N#Cc1ccc(-c2ccc(-c3nc(-c4ccc(C#N)cc4)nc(-c4ccc(-c5ccc(C#N)nc5)cc4)n3)cc2)cc1,14.73
COc1ccc(-n2nc(Cl)c3c(N4CCN(Cc5ccc6c(c5)OCO6)CC4)nc(-c4ccco4)nc32)cc1,28.08
N#Cc1ccc(-c2cc(C(=O)Nc3ccc(OC(F)(F)F)cc3)ccc2O)cc1C#N,25.41
N#Cc1ccc(-c2cccc(-c3ccc(C(=O)NN=Cc4ccc(O)cc4)cc3)n2)cc1,18.43
N#Cc1ccc(-c2ccc(-c3nc(=NCCN)cc[nH]3)cc2)cc1,20.0
N#Cc1ccc(C(=O)CSc2nc(=O)c(Cc3ccccc3)c(O)[nH]2)cc1,22.49
COc1ccc2[nH]c(=NC(=O)CNc3cccc(Cl)c3Cl)sc2c1,24.81
N#CCNC(=O)C(Cc1cccc(C#N)c1)NC(=O)c1ccc(-c2ccnc(C#N)c2)o1,25.99
Cc1cc(=Nc2[nH]c(C)cc3ncc(-c4cnn(CC5(C#N)CC5)c4)c2-3)o[nH]1,40.84
Cc1ccc2c(c1)-c1ccc(C=CC#N)cc1C2=O,18.75
CC(C)c1n[nH]c(CN(C)Cc2ccnc(-c3cncc(C#N)c3)n2)n1,24.45
N=C1NC(=S)NNC1n1nc(Cc2ccc(Cl)cc2)[nH]c1=O,27.21
COC(=O)C(CCC(=O)N1c2ccccc2CC1C(=O)O)=NC(=O)CCc1ccc(OC)cc1,33.36
Cn1c(C#N)ccc1-c1ccc(-c2nc(-c3ccc(-c4ccc(C#N)cn4)cc3)nc(-c3ccc(-c4ccc(C#N)cn4)nc3)n2)nc1,12.71
N#Cc1ccc(-c2ccc(-c3nn(-c4ccc(C#N)cc4)nc3-c3ccncc3)cn2)cc1,21.68
CCC1CC(=O)NN=C1c1ccc2c(c1)CCc1cc(C3=NOC(c4ccc(-c5ccc(C#N)cn5)cc4)C3)c(OC)cc1C2=O,34.88
N#Cc1ccc(-c2ccc(-c3nc(-c4ccc(-c5ccc(C#N)cn5)cc4)nc(-c4cccs4)n3)cc2)nc1,15.55
Cc1ccc(Nc2cc(=O)[nH]c(=O)[nH]2)cc1C,18.56
O=C1CC(=Nc2ccccc2)C(=O)c2[nH]cnc21,18.37
CC(C)c1nn2c(=O)cc(CSCc3ccc(F)cc3)nc2s1,23.74
c1ccc2c3nc[nH]c(N4CC5CCCNC5C4)c-3nc2c1,32.24
Cc1cc(-c2ccccn2)nc(C2CCN(C(=O)Cc3ccccc3Cl)CC2)n1,26.32
Cc1cc(-c2ccc(C[N+](C)(C)C)c(OCC(=O)N3CCC(Cc4ccccc4)CC3)c2)ccc1C#N,43.49
N=c1[nH]c(-c2cccc(C=NO)n2)ncc1-c1ccc(-c2ccncc2)cc1,24.87
COc1cc(C(=O)ON=Cc2ncccn2)cc(OC)c1OC,21.88
N#Cc1cncc(N=c2nc(-c3cnc(N4CCC(F)C4)c(C#N)c3)cc[nH]2)c1,12.79
Cc1cc(C#N)cc2nc(-c3ccc(-c4cccc(CN(C)C)c4)cc3)[nH]c12,16.29
N#Cc1cc(-c2ccc(C(=O)N=Nc3c(O)n(CN4C(C5CCCC5)c5ccccc5S4(=O)=O)c4ccccc34)o2)ccc1F,41.15
N#Cc1ccc(-c2ccc(-c3nc(-c4ccc(-c5ccc(C#N)cn5)nc4)nc(-c4cnc(-c5cccc(C#N)c5)c(F)c4)n3)cn2)nc1,14.51
N#CC1=C(c2ccc(C#N)cc2)N(c2cc(Cl)c(Cl)c(Cl)c2)C(N)=NC1c1ccc(C#N)cc1,26.66
N#Cc1ccc(-c2cc(NC(=O)Nc3ccc(F)cc3F)cc(-c3ccc(C(=O)NCc4ccncc4)nc3)c2)cn1,30.23
CCn1c(=O)n(Cc2ccc3nc(C4CC4)n(C)c(=O)c3c2CN2CCC(O)C2)c(=O)c2cc(C#N)cnc21,45.98
N#Cc1ccc(Nc2cc(N=Cc3ccc(-c4ccc(C#N)c(C(=O)O)c4)cc3)c(O)cc2N)cc1,15.99
N#Cc1ccc(-c2ccc(-c3nc(-c4cccc(C#N)n4)nc4ccc(C#N)nc34)cc2)cc1,17.38
COc1cc(C=NC=Nc2ccc(F)cc2F)ccc1-n1cnc(C)c1,27.71
CN1Cc2cc(-c3ncc4c(c3F)c(=O)c(C(=O)O)cn4-c3ccccn3)ccc2C1=O,29.64
N#Cc1ccc(-c2nc(N3CCOCC3)c3ccc(-c4ccccc4Cl)nc3n2)cc1,21.56
COCCOc1ccc(NC(=O)CC(Cc2ccc(C(C)(C)C)cc2)S(C)(=O)=O)c(C(=O)N=c2ccc(Cl)c[nH]2)n1,43.62
N#Cc1ccc(-c2ccc(-c3ccc4ncc(-c5cc(NCC(=O)Nc6ccccc6)nc(N=c6cc(C#N)cc[nH]6)n5)n4c3)cc2)cc1,39.21
N#Cc1ccc(-c2ccc(-c3nc(-c4ccc(-c5ccc(Cl)cc5)cc4)nc(-c4ccc(-c5ccc(C#N)cn5)nc4)n3)cc2)cc1,14.62
COc1ccc(S(=O)(=O)NC(=O)C2c3ccc(-c4cc(-c5cc(C#N)cn5C)nc(-c5ccc(C(C)(C)C)cc5)n4)cc3CN2C(=O)c2cccc(C(=O)O)c2)cc1C,54.13
COc1ccc(C(=O)c2ccc3c(c2)[n+]([O-])c(C#N)c(N)[n+]3[O-])cc1,25.94
Cc1cnc(Cl)nc1-c1ccc(-c2ccc(-c3ccc(C#N)cc3)cc2C(F)(F)F)cc1,20.22
N#Cc1ccc(-c2ccc(-c3nc(-c4ccc(-c5ccc(C#N)cn5)nc4)nc(-c4cccc(C#N)n4)n3)cc2)cc1,10.68
Cc1nc(C#Cc2ccc(-c3cccc(C#N)n3)nc2)cs1,15.26
N#Cc1cccc(N=c2cc(-n3cc(C=O)cn3)[nH]c(-c3ccncc3)n2)c1,28.06
N#Cc1ccc(-c2nc(-c3ccc(-c4ccc(F)c(C#N)c4)cc3)nnc2-c2ccc(C#N)c3ccccc23)cc1,21.61
COCC(C)N=c1ncc(-c2ccc(-c3nc(C(C)(C)C#N)c[nH]3)nc2)c[nH]1,34.67
C#CCN(c1sc(C#N)c2ccccc12)S(=O)(=O)c1ccc(-c2nc3ccc(F)cc3c(=O)[nH]2)cc1F,37.68
Cn1ccc(C2(F)COC(c3ccc(-c4ccc(-c5ccc(C#N)c(-c6ccc(-c7ccc(F)cc7C#N)cc6)n5)cc4)nc3)NC2=O)n1,39.82
N#Cc1ccc(-c2nc3ccccc3n2C2CC2)cc1,16.41
N#Cc1ccc(-c2ccc(-c3nc(-c4ccc(C#N)cc4)nc(-c4ccc(-c5cccc(C#N)c5)cc4)n3)cc2)cc1,9.68
N#Cc1ccc(-c2ccc(-c3ccc(-c4nc(-c5ccc(-c6ccc(C#N)nc6)cc5)nc(C56CC7CC(CC(C7)C5)C6)n4)cc3)cc2)nc1,26.54
O=C1C(=Cc2ccc(-c3nc(-c4ccc(F)cc4Cl)cs3)cc2)SC(=S)N1Cc1ccc(F)cc1,25.18
CN(C)C=Nc1cc(Nc2ccc3ccccc3c2)nc(N=CN2CCN(C=O)CC2)n1,17.11
CC(=NC(N)=Nc1ccc(Nc2cc(N=Cc3ccncc3)c(O)cc2N)cc1)Nc1ccc(C(=N)N)cc1,29.69
C=CCOc1ccc(Cl)cc1CN(Cc1ccc(OC2(C)CCN(Cc3ccc(F)c(F)c3)C2)c(Cl)c1)C(=O)c1ccc(C#N)cc1,44.27
CC(C)NC(=O)C[S+]([O-])Cc1cc(-c2ccc(C#N)cc2)nc(-c2ccc(C(N)=O)cc2)n1,27.82
Cc1nc(-c2ccc(O)c(C=Cc3ccc(C(F)(F)F)cc3)n2)ccc1-c1nc(-c2ccc(C#N)cc2)nc(C2CC2)n1,33.97
COC(=O)c1ccc(O)c(N=C2C(=O)C(=Cc3cn(Cc4ccccc4)c4ccccc34)N(c3ccc(C)cc3)C2=O)c1,37.12
CC(NC(=O)c1ccccc1)c1ccc(-c2ccc(F)c(-c3ccc(C(=O)NCC4CC4)cc3)c2)cn1,27.78
Cc1noc(-c2ccc(-n3c(-c4ccc(-c5ccc(-c6nc(Cl)nc(Cl)n6)cc5)cc4)nc(-c4ccc(Cl)cc4)c3-c3nccs3)cc2)n1,18.47
Fc1ccccc1-c1noc(-c2cscn2)n1,24.51
CCN1C(=O)C(=Cc2ccc(-c3ccc(-c4nc(-c5ccc(C=Nc6cc(O)c(N)cc6O)cc5)no4)cc3)cc2)SC1=S,21.93
N#Cc1ccc(-c2csc(=NN=Cc3cc(C#N)ccn3)[nH]2)cc1,18.1
CCCC(=O)c1ccc(-c2ccc(-c3nc(-c4ccc(-c5ccc(C#N)cn5)nc4)nc(-c4ccc(-c5ccc(C#N)cn5)nc4)n3)cc2)cc1,18.95
Cn1nc(-c2ccc(-c3cccc(C#N)n3)cn2)nc1-c1ccc(C#N)cc1,14.25
N#Cc1cncc(-c2cc(-c3cncc(C#N)c3)[nH]c(=NCC3CC3)n2)c1,19.94
N#Cc1ccc(-c2c3c(nc4c(C#N)csc24)C(=O)c2cnccc2C3=O)cc1,29.65
Cc1ccc(Nc2cc(N=Cc3ccc(-c4nc(-c5ccc(C#N)cc5)nc(N5CCN(c6nc(C)cc(C)n6)CC5)n4)cc3)c(O)cc2N)cc1,18.9
CCCC=c1ncc(=Cc2cc(C)cc[n+]2-c2ccccc2F)n1Cc1ccc(C#N)cc1,27.85
CN1CCN(Cc2ccc(N=Cc3c(O)ccc4ccc(Nc5ccc(F)cc5F)cc34)cc2)CC1,24.16
N#Cc1ccc(-c2ccc(-c3nc(-c4ccc(C#N)cc4)nc(-c4ccc(C#N)cn4)n3)cc2)cc1,16.63
O=c1nc(-c2ccc(OCc3ccc4ccccc4c3)cc2)[nH]c(CCc2ccccc2)c1Br,29.37
NC(=NO)c1ccc(-c2cc(Nc3ccc4c(c3)C(=O)c3ccc(N)cc3C4=O)nc(Oc3ccc(C(=O)Nc4ccc([N+](=O)[O-])cc4)cc3)n2)cc1,37.52
N#Cc1cccc(-c2nc(-c3nc(C#N)ccc3F)nc(N3CC(F)(F)C3)n2)n1,15.41
CCCCCCCCNC(=O)CCCCCOc1ccc(N=C2c3cc(C#N)ccc3C(=O)C2CCc2ccccc2)cc1,37.94
N#Cc1ccc(-c2ccc(-c3nc(-c4ccc(-c5ccc(C#N)cn5)cc4)nc(-c4ccc(C=NO)o4)n3)cc2)cc1,20.69
O=C1c2ccc(Nc3ccc(F)cc3F)cc2C(=O)c2ccc(NC(=S)c3cccnc3)cc21,23.46
COc1cc(OC)[nH]c(=Nc2cc(C)nc(-c3ccc(-c4cccc(C(=O)NC5CC5)c4)cc3)n2)n1,24.14
CC(C(=O)O)N(Cc1ccc(-c2ccc(Cl)cc2)cc1)S(=O)(=O)c1ccc(C#N)cc1,25.82
O=C(N=c1[nH]c2ccc(NC(=O)N3CCOCC3)cc2s1)c1cccc(Cl)c1,29.7
O=C(O)c1ccc2[nH]c(O)c(N=Nc3ccc(N=Nc4ccc([N+](=O)[O-])cc4)cc3)c2c1,23.93
N#Cc1ccc(C=CC(=O)Nc2cccc(Nc3ccc4c(C=Cc5ccccn5)ncnc4c3)c2)cc1,22.44
N#Cc1c(F)c(F)c(-c2nc(-c3ccc(-c4nn[nH]n4)cc3)nc(-c3c(F)c(F)c(C#N)c(F)c3F)n2)c(F)c1F,14.97
CN1CCC(Cn2ncc3c(C#N)nc(-c4ccc(-c5nc(-c6ccc(C#N)cc6)nn5C)cn4)nc32)CC1,22.93
N#Cc1ccc(-c2nc(-c3ccc(-c4ccc(C#N)cn4)cc3)nc(-c3cccc(C#N)n3)n2)cc1,11.75
O=C(C=Cc1ccc(-c2ccccc2)cc1)c1ccc(OCc2ccccc2C(=O)O)cc1,24.68
Cc1cccc2c(C=NO)c[nH]c12,22.0
N#Cc1c2ccccc2c(-c2nc(-c3cccc4ccccc34)nc(N3CCN(c4ccc(F)cc4)CC3)n2)c2ccccc12,21.66
CCc1nc(-c2ccc(-c3ccc(C#N)cn3)cc2)nnc1-c1cc(C=CC#N)ccn1,25.0
Oc1ccc(CCNCCc2ccc(-c3cccc(CNCc4ccc(-c5ccc(C(F)(F)F)cc5)nc4)c3)cc2)cc1,29.13
CC1CC(C)CN(c2nc(-c3ccc(C#N)cc3)nc(-c3ccc(-c4ccc(C#N)cc4)cc3)n2)C1,11.01
NC1=NC2(CCCC2)N(OCCCOc2ccc(C(=O)C=Cc3ccc([N+](=O)[O-])cc3)cc2)C(N)=N1,23.05
N#Cc1ccc(-c2ccc(-c3nc(CCCc4cccnc4)nc(-c4ccc(-c5ccc(F)c(C(F)(F)F)c5)cc4)n3)cc2)cc1,26.29
N#Cc1ccc(-c2ccc(-c3c(-c4ccc(-c5cnco5)cc4)c(CC(=O)O)nn3Cc3cccc(C(N)=O)c3)cc2)nc1,38.22
N#Cc1[nH]c(-c2ccc(-c3nc(-c4ccccc4)no3)cn2)c(C#N)c1C#N,21.91
O=C(Nc1ccc(-c2ccc(-c3cccc(C=NN4CCNCC4)n3)cc2)cc1)c1nc(-c2ccccc2)cc(N2CCOCC2)n1,22.25
CCCCNC(=O)C=Cc1ccc2cnc(-c3cccc(C(N)=O)c3)cc2c1,35.19
O=C(N=c1[nH]nc(-c2ccc3c(c2)OCCCO3)o1)c1ccncc1,23.89
N#Cc1ccc(-c2ccc(-c3nc(-c4ccc(Sc5ccccc5)nc4)nc(-c4ccc(-c5ccc(C#N)cn5)nc4)n3)cc2)nc1,17.72
Cc1cccc(N=c2scc(-c3nc(-c4ccc(C#N)cc4)n[nH]c3=O)n2Cc2ccco2)c1,24.7
Cc1c(F)cccc1Cc1nn(-c2ccc(C#N)c(C(F)(F)F)c2)c(=O)n1Cc1cccc(-c2cccc(C#N)n2)c1,29.94
COc1cc(C=CC(=O)NCCCOc2ccc(-c3noc(C)n3)cc2Br)c(Br)cc1Br,36.4
Nc1ccc2c(c1)C(=O)c1ccc(Nc3cc(Nc4ccc5c(c4)C(=O)CC5)nc(Nc4ccc5c(c4)CCCC5)n3)cc1C2=O,15.96
O=C(NCc1ccncc1)c1cc2cc(Cl)ccc2[nH]1,21.46
N#Cc1ccc(-c2ccc(CN3CCCC(c4c[nH]c5ccc(C#N)cc45)C3)cc2)nc1,23.52
N#Cc1cncc(-c2cc(N3CCOCC3)nc(-c3cncc(C#N)c3)n2)c1,10.11
CC(=O)c1ccc(O)c(-c2ccc(C(=O)NN=C(c3ccccc3)c3ccccn3)c(C)n2)c1,31.03
Cn1c(C2CCCCN2c2ncc(-c3ccc(-c4noc(-c5ccc(-c6ccc(C#N)cn6)cc5)n4)c(F)c3)nc2C#N)nc2ccccc21,26.89
N#Cc1ccc(-c2ccc(-c3nc(-c4ccc(-c5ccc(C#N)cn5)nc4)nc(-c4ccc(-c5ccccc5C#N)nc4)n3)cc2)cc1,10.75
O=C1NC(=O)c2c1c1c(c3cc(F)ccc23)NC(=S)CS1,30.91
COc1cccc(C(O)CNc2ccc(C#N)cc2)c1,21.5
Cc1cc(N=c2cc(C)[nH][nH]2)nc(Sc2ccc(NC(=O)Nc3ccc(-n4cccn4)cc3)cc2)n1,28.34
CC1COCCN1c1nc(-c2ccc(-c3cc(C(F)(F)F)nn3C)nc2)nc(-c2ccc(C#N)cn2)n1,18.46
COc1cc(-c2nc(C#N)cc(N(C)C)n2)ccc1-c1cnc(C)o1,24.47
O=C(C=Cc1ccc(O)cc1)c1ccc(O)cc1,14.18
Cc1cc(=O)n(N=Cc2c(C)nn(-c3ccccc3)c2Cl)c(C)n1,19.86
N#Cc1ccc(-c2ccc(-c3cc(-c4nc(C=Cc5ccc(F)cc5)cc(N)c4O)nc(-c4ccncc4)n3)cc2)cc1,38.15
Cc1nc(C=O)c(-c2ccc(-c3nc(N4CCOCC4)c4cc(C#N)ccc4n3)cc2)cc1C#N,23.19
Cn1c(O)c(C=Nc2c(N)cc(Cl)cc2Cl)c(=O)n(C)c1=O,28.5
N#Cc1ccc(-c2nc(-c3cccc(Br)c3)nnc2-c2ccccc2F)cc1,22.53
N#Cc1ccc(-c2ccc(-c3nc(C(C#N)c4ccc(C#N)cc4)no3)cc2)cc1,17.46
C=CCNC(=O)Oc1ccc(-c2csnn2)cc1,23.7
O=C(Nc1ccc(-c2ccnc(C(=O)NC3CCC3)c2)cc1)c1ccc2ccccc2c1,26.7
N#Cc1ccc(-c2ccc(-c3nc(-c4ccc(S(N)(=O)=O)cc4)n(-c4ccc(C#N)cc4)n3)o2)cc1,29.58
Fc1cc(-c2ccc(-c3cc(C4=CCNCC4)nc(Cl)n3)cc2)cc(-c2ccc(-c3nc(Cl)nc(Cl)n3)nc2)n1,18.73
COc1ccc(Nc2cnn(CCCCN3CCN(c4nc(=Nc5ccc(C#N)c(C(F)(F)F)c5)nc(C(F)(F)F)[nH]4)CC3)c(=O)c2)cc1F,36.84
COc1ccc(NC(=O)C=Cc2cc3ccccc3nc2Cl)cc1OC,23.38
N#Cc1ccc2c(c1)Cc1cc(Nc3nc(Nc4ccc5c(c4)C(=O)c4ccc(N)cc4C5=O)nc(Nc4ccc5c(c4)C(=O)c4ccc(N)cc4C5=O)n3)ccc1C(=O)N2,9.15
CNC(=O)c1ccc(-c2nc(C#N)c(-c3ccc(C#N)cn3)cc2C#N)cc1F,16.7
NC(=O)c1ccc(C=Cc2ccc(-c3cc(-c4ccc(-c5nc(Cl)nc(Cl)n5)cc4)cc(-c4ccc(-c5nc(Cl)nc(Cl)n5)cc4)c3)cc2)nc1,14.4
CC1CN(Cc2ccc3ccccc3c2)CCN1C(=O)Cc1ccc(C#N)cc1,25.91
N#CC1=CC(c2ccccc2)CC1,19.6
CSc1c(C#N)c(N)c(C#N)c(-c2cccnc2)c1C#N,20.69
Cn1nc(-c2cncc(C#N)c2)nc1-c1nc(-c2ccc(-c3ccc(C#N)cn3)cc2)nc(-c2ccc(-c3nc(Cl)nc(Cl)n3)cc2)n1,17.25
N#Cc1ccc(C(C#N)c2cc(CO)c(Cc3ccc(-c4ccccc4C(=O)O)cc3)c(=O)n2Cc2ccccc2)cc1,25.97
CCN(CC)CCn1nc2c3c(c(NCc4cccnc4)ccc31)C(=O)c1ccccc1-2,26.61
N#Cc1ccc(Nc2ccc3c(=O)n(-c4ccc(F)cc4)c(=O)oc3c2)cc1,23.23
Cc1cc(=Nc2ccc(C#N)cc2)n2[nH]c(-c3ccc(C#N)cc3)nc2n1,16.84
CN(C)c1ccc(-n2c3c(cc(-c4ccc(-c5ccc(O)cc5)cc4)c2=O)CCc2ccc(NC(=O)c4ccncc4)cc2-3)cc1,34.0
N#Cc1cccc(-n2c(-c3ccc(-c4ccc(C#N)nn4)cc3)nc3cc(C(N)=O)ccc32)c1,27.48
CN1C2C=C(N(C(=O)c3ccc(-c4ccc(C#N)nc4)cc3)c3ccc(C#N)cc3)CC1CC2,27.07
[O-][N+]1(Cc2cccnc2)CCN(c2c(Cl)cc(Cl)cc2Cl)CC1,29.02
CCCCc1nc(-c2ccc(-c3ccc(C#N)cc3)cc2)nn1CCc1ccc(-c2ccc(C(N)=O)cc2)cc1,24.67
CN1C(=O)N(c2ccc(-c3cnccn3)nc2)CC1c1cccc(C(=O)NCc2c(F)c(F)c(F)c(F)c2Cl)n1,41.67
Cc1ccc(-c2[nH]c(-c3ccc(-c4ccc(C#N)cn4)nc3)nc2-c2ccc(C#N)c(F)c2)nc1-c1ccc(C#N)cc1,31.3
N#Cc1ccc(-c2ccc(Cn3nc(-c4ccc(C#N)c(-c5cccc(C#N)n5)c4)ccc3=O)cc2Cl)nc1,29.13
Cc1ccc(C2=NN(C(=O)Cn3nnc4ccccc43)C(c3ccco3)C2)cc1,29.34
N#Cc1cccc(-c2nc(-c3cccc(C#N)n3)nc(N3CC(N)CC(F)(F)C3)n2)n1,10.84
CCCCCCN(C)C(=O)CC(CC(=O)O)c1ccccc1,35.62
Nc1ccc2c(c1)C(=O)c1ccc(Nc3cnc(F)c(Nc4ccc5c(c4)CCC5=NO)n3)cc1C2=O,14.44
Oc1csc(=NN=CC=Cc2cc(Br)ccc2Br)[nH]1,25.5
CN(C)C=NC(=O)NN=Cc1ccc(OCc2ncc3ccccc3n2)cc1,26.36
CC(=N)N1CCN(c2ccc(-c3nc(-c4ccc(-c5ccc(-c6ccc(C#N)cc6)cc5)cc4)n(N)c3-c3ccccc3)cc2)CC1,22.68
N#Cc1ccc(NS(=O)(=O)c2cccc(C(=O)Nc3ccc(C#N)cc3C(=O)O)c2)cc1,24.74
Cc1cc(C)n2nc(SCC(=O)N(CC3Cc4ccccc4O3)c3ccc(C#N)cc3)nc2n1,35.24
N#Cc1ccc(-c2ccc(CNc3nc(N)c(N=Cc4ccc5ccccc5n4)nc3C#N)cc2)cc1,31.9
Clc1cc(-c2ccc(-c3nc(Cl)nc(Cl)n3)cc2)cc(-c2ccc(-c3nc(Cl)nc(Cl)n3)nc2)n1,11.41
COc1cc(O)c(C(=O)C=Cc2ccc(Cl)c(Cl)c2)c(OC)c1,15.65
Cc1cccc(-c2cn3c(C4CCCC(N5CCC(F)(F)C5)C4)c(-c4ccc(C#N)cc4)nc3cn2)n1,37.11
O=C(c1cccc(F)c1)c1c[nH]c(C(=O)NCc2ccc(-c3cccs3)s2)n1,28.46
N#Cc1ccc(-c2ccc(-c3nc(-c4ccc(-c5cccc(C#N)n5)nc4)nc(-c4ccccc4F)n3)cn2)nc1,15.79
Cc1c2ccccc2cc2[nH]c3cc(C#N)ccc3c12,25.1
COc1cccc(C(c2ccc(C#N)cc2)N2CCN(CC=Cc3ccccc3)CC2)c1,21.62
O=C1C(=Nc2ccc(F)cc2)C(N2N=C(c3ccccn3)CC2c2ccc(Cl)cc2)C(=O)c2ccccc21,28.61
CN1CCN(c2nc(-c3ccc(-c4ccc(C#N)cc4)cc3)nc3cncnc23)CC1,19.28
N#Cc1ccc(-c2cncc(-c3ccccn3)n2)cc1,14.98
N#Cc1ccc(-c2ccc(-c3nc(-c4ccc(-c5ccccc5C(F)(F)F)cc4)nc(-c4ccc(-c5ccc(C#N)cn5)nc4)n3)cc2)nc1,14.69
CC(Oc1cc(F)ccc1F)C(=O)N=c1ccc(-c2cccc(C(=O)O)c2)c[nH]1,25.8
CC(=O)NC(C)c1ccc(CN2CCc3cc(C#N)ccc3C2)cc1,14.37
N#Cc1ccc(-c2ccc(-c3nc(-c4ccc(-c5ccc(C#N)cn5)nc4)nc(-c4ncc(C#N)cc4C#N)n3)cn2)nc1,14.67
N#Cc1ccc(-c2ccc(-c3nc(-c4ccc(-c5ccc(F)c(F)c5)cc4)nc(-c4ccc(C#N)cn4)n3)cc2)cc1,15.33
N#Cc1ccc(-c2nc(C#Cc3ccc(=N)[nH]c3)nc(-c3ccc(F)cn3)n2)cc1,18.8
C[n+]1ccc(C(=O)C=Cc2cccc3ccccc23)cc1,23.96
CCn1c(-c2ccc(-c3ccc(-c4ccc(C(=O)O)c(-c5ccc(-c6ccc(C#N)cc6)cc5)n4)cc3)cc2)nc2ccc(C(=O)NCc3cccc(C(=O)N=c4[nH]c5c(s4)CN(C)CC5)c3)cc21,38.4
N#Cc1ccc(-c2ccc(-c3nc(-c4ccc(-c5ccc(C#N)cn5)nc4)nc(-c4ccc(-c5ncc(C#N)cn5)cn4)n3)cc2)nc1,10.87
CN1CC=C(c2c[nH]c3ccc(C#N)cc23)CC1,15.45
O=C(Nc1ccc2c(c1)CCc1ccc(NC(=O)c3cccc(F)c3)cc1C2=O)c1ccc(-c2ccc(Cl)cc2)cc1,22.62
N#Cc1ccc(-c2ccc(Cn3c(O)c(-c4nc(-c5cc(F)cc(C#N)c5)cs4)c(O)c3C(=O)NC3CCCC3)cc2)cc1,40.6
N#Cc1ccc(-c2ccc(-c3cc4c(C5CC5)n[nH]c4c(C#N)n3)cc2)nc1,13.63
N#Cc1ccccc1-c1ccc(C=Cc2nc(Nc3ccc4c(c3)C(=O)c3ccc(N)cc3C4=O)nc(Nc3cc(C(F)(F)F)nc(=N)[nH]3)n2)nc1,27.86
FC(F)(F)Oc1cccc(-n2cnc3cnc(Cl)nc32)c1,22.22
N#Cc1ccc2[nH]c(-c3ccc(-n4c(-c5ccccc5)nc(C#N)c4N)cc3)nc2c1,17.7
O=S(=O)(NC1CCN(c2ncccn2)CC1)c1ccc(-c2cnccn2)s1,35.58
Cn1c(Cc2ccc(Cl)cc2)nc2cc(-n3ccc(-c4ccc(-c5cccc(C#N)c5)cc4)c3O)ccc2c1=O,33.98
C=CCOc1ccc(CC(NC(=O)c2cccc(C(=N)N)c2)C(=O)NC(=O)c2ccc(N=C(N)N)cc2)cc1[N+](=O)[O-],51.38
N#Cc1ccc(-c2nc(-c3ccc(-c4ccc(C#N)cn4)cc3)nc(-c3ccc(-c4ncc(C#N)c(C#N)n4)c(F)c3)n2)cc1,17.92
N#Cc1ccc(-c2coc3ccc(-c4cccc(C(Nc5cccc6ccccc56)c5ccc(C#N)cc5)n4)cc23)cc1,34.14
O=C(Nc1cnc(Oc2ccc(Cl)cc2)nc1)N1CCC(O)(CCC(F)(F)F)CC1,32.07
N#Cc1ccc(-c2nc(N3CCN(Cc4cnc(Cl)cn4)CC3)[nH]c(=NN=Cc3cccn3-c3no[nH]c3=N)n2)cc1,38.95
CC(C)=C1C2C=CC1c1c2c(O)n(-c2ccc(Cl)c(Cl)c2)c1O,22.42
N#Cc1cccc(C2=CCCc3cccc(OCc4cn(CCN5c6ccccc6Sc6ccc(Cl)cc65)nn4)c32)c1,42.58
Nc1[nH]c(-c2ccc(-n3ccnc3)cc2)nc(=Nc2ccc3ccccc3c2)c1[N+](=O)[O-],30.24
N#Cc1ccc(-c2ccc(-c3nc(-c4ccc(C(=O)NCCN5CCNCC5)cc4)nc(-c4ccc(-c5cccc(C#N)c5)cc4)n3)cn2)nc1,18.0
N#CCn1cc(C(=O)Nc2cccc(Cl)c2)c(=O)c2ccccc21,25.54
CC1CC(C)CN(C(=O)C2CCN(S(=O)(=O)c3ccccc3)CC2)C1,23.36
C=CCN1C(=O)C(=Cc2ccc(-c3ccc(Cl)cc3)o2)SC1=Nc1ccc(OC)cc1,26.86
CN1CCN(c2nc(N(C)C)nc(-n3nc(C(F)(F)F)cc3C(=O)Nc3ccc(-n4ccnc4)cc3)n2)CC1,25.42
CS(=O)(=O)c1ccc(-n2nc(C(F)(F)F)nc2-c2ccc3c(c2)CCc2c(F)cc(F)cc2-3)cc1,30.29
N#Cc1ccc(-c2ccc(-c3nc(-c4ccc(-c5ccc(C#N)cn5)nc4)nc(-c4ccc(-c5ncc[nH]5)nc4)n3)cn2)nc1,14.29
COc1ccc(S(=O)(=O)N2CCN(S(=O)(=O)N(C)C)CC2)cc1Cl,23.47
N#Cc1ccc(-c2nc(-c3ccc(Cl)cc3)[nH]c(=NCCc3cccnc3)n2)cc1,19.18
C=Cc1ccc(-c2nc(C=Cc3ccc(-c4ccc(O)c(C(=O)O)c4)cc3)nnc2-c2ccccc2)cc1,24.1
N#Cc1cncc(-c2nc(-c3ccc(Cl)cc3)nc(-c3ccnc(C#N)n3)n2)c1,18.94
CC(=NN=Cc1ccc(-c2nc(-c3ccc(-n4ccc(O)c4O)cc3)c(N)cc2O)cc1)N1CCOCC1,41.48
O=S1(=O)Nc2c(cc(Cl)c3cccnc23)-c2ccccc21,16.93
CC(C)Oc1ccc(-c2ccc(-c3nc(-c4ccc(C#N)cc4)nc(-c4ccc(C=CS(C)(=O)=O)cn4)n3)cn2)cc1C#N,27.55
CS(=O)(=O)Nc1ccc(-c2nc(-c3ccc(-c4ccc(C#N)cc4)cc3)nc(-c3ccc(N4CCNCC4)cc3)n2)cc1,28.5
Cc1nc(-c2nc(-c3ccc(-c4ccc(C#N)cc4)nc3)nc(-c3ccc(-c4ccc(C#N)cn4)nc3)n2)ccc1F,16.93
Cc1nc(-c2cccc(F)c2C#N)cc(-n2ccc(=O)c(OCc3ccc(C#N)cn3)c2C)n1,35.0
CCOC(=O)C(C#N)c1cc(-c2cc[nH]c(=Nc3cc(C)cc(C)c3)n2)cc(-c2ccc(C)nc2)n1,36.56
N#Cc1ccc(C2CC(c3ccc([N+](=O)[O-])cc3)=NN2c2ccc(C#N)cc2)cc1,17.09
Cc1[nH]oc(=NS(=O)(=O)c2cccc(-c3ccccc3)c2)c1Cl,24.86
CN(C)C=Nc1cccc(N=CN2CCN(C=O)CC2)n1,10.7
O=C(NCCNCCC(c1ccccc1)c1ccccc1)C(c1ccccc1)c1ccccc1,23.73
Cc1cn(-c2ccc3c(c2)nc(C2CC2)n3Cc2cc(-c3ccc(C#N)cc3)nc(-c3ccccc3)n2)c(=O)cc1-c1ccc(Cl)nc1,37.78
N#Cc1nc(-c2cc(-c3cncc4ccccc34)nc(-c3c4ccccc4c(C#N)c4ccccc34)n2)ncc1N,19.99
C=CCn1c(SCc2nc(=O)c3cc(OC)c(OC)cc3[nH]2)nc2ccc(S(=O)(=O)N3CCCC3)cc2c1=O,36.07
Cn1c(=O)oc2cc(-c3ccc(CC(C#N)NC(=O)C4NC5CCC4C5)cc3)ccc21,22.43
Nc1c(-c2nc3ccccc3n2Cc2c(F)cccc2Cl)c2nc3ccccc3nc2n1N=Cc1ccc(F)cc1,38.85
C=c1[nH]n(Cc2ccccc2)c(=O)c1=Cc1ccc(-c2ccccc2C#N)o1,20.85
N#CC=Cc1cc(C=Cc2nc(-c3ccc(C#N)cc3)nc(-c3ccc(-c4ccc(C#N)cc4)cc3)n2)nc(C=CC#N)n1,19.63
N#Cc1ccc(-c2ccc(-c3nc(-c4ccc(-c5ccc(C#N)cc5)cc4)nc(-c4cccc(C#N)c4)n3)cc2)cc1,11.51
N#Cc1ccc(-c2ccc(-c3nc(-c4ccc(-c5ccncc5)nc4)nc(-c4ccc(-c5ccc(C#N)cn5)nc4)n3)cc2)nc1,12.73
Nc1ccc2c(c1)C(=O)c1ccc(Nc3nc(Nc4ccc5c(c4)C(=O)c4ccc(N)cc4C5=O)nc(Nc4ccc5c(c4)N4CCCCC4C5=O)n3)cc1C2=O,10.92
N#Cc1ccc(-c2ccc(-c3nc(-c4ccc(-c5cc(Cl)cc(Cl)c5)nc4)nc(-c4ccc(-c5ccc(C#N)cn5)nc4)n3)cn2)nc1,9.84
Cc1cc(=NN=Cc2ccc(F)cc2Cl)[nH]c(=Nc2ccc(C#N)cc2)[nH]1,24.03
CC(C)N(Cc1cccnc1-c1ccc(C#N)cn1)C(=O)c1ccccc1,33.31
COC1CCN(c2cc(-c3nc(C#N)nc(C4CCN(C(C)=O)CC4)n3)nc(-c3cccc(C#N)n3)n2)CC1,23.52
CC1(C)Oc2cc(C=CC#N)ccc2C=C1C(=O)O,23.12
NC(=O)c1cccc(-c2cc(=NC(=O)c3cc(=NC(=O)c4cccnc4)n(-c4ccccc4)[nH]3)[nH][nH]2)c1,33.97
CC(N=c1nc(Cl)cc(N2C(=O)OCC2C(C)O)[nH]1)c1ccc2c(-c3ccc(C#N)cc3)cc(C#N)nc2c1,28.53
Cc1ccc(OCc2nc(-c3ccc(C#N)cc3)nc(-c3ccc(-c4cncc(C#N)c4)cc3)n2)cc1C,21.87
COc1cc(C=CC#N)cc(OC)c1OC,14.33
CC(C)N=c1cc(-c2ccc3ncsc3c2)nc(-c2cncc(C#N)c2)[nH]1,21.06
CC(C)C(NC(=O)CCc1ccccc1)C(=O)N1CCCC1c1nc(-c2ccc(-c3nc(-c4ccc(Cl)c(Cl)c4)nc4ccccc34)cc2)c[nH]1,36.75
N#Cc1ccc(-c2cn3nc(-c4ccc(-c5cncc(C#N)c5)cc4)ccc3n2)cc1,19.27
Cc1n[nH]c(-c2nc(C(F)(F)F)sc2N2CCN(C(=O)Cn3nc(C#N)c4ccccc43)C(C)C2)n1,25.16
CC(=O)Nc1ccc2c(c1)C(=O)c1ccc(Nc3ccc4c(c3)OCc3ccc(N)cc3C4=O)cc1CC2,22.07
N#Cc1ccc(-c2nc(-c3ccc(-c4ccc(F)c(C#N)c4)nc3)nc(N3CCOCC3)n2)nc1,13.15
COc1ccc(N=c2[nH]cncc3sc(=Nc4cccc(C#N)c4)nc2-3)cc1C(N)=O,37.87
Cc1cccc(CN(C(=O)c2ccc(-c3ccc(C#N)cc3)cn2)C2CCN(C=O)CC2)n1,26.95
COc1ccc(-c2csc(=Nc3ccc(C#N)cc3)n2Cc2ccc(-c3ccc(C#N)cc3)cc2)c(OC)c1,20.31
COC(=O)C(Cc1ccc(C#N)cc1)C(=O)N1CCC2(CC1)CN(S(=O)(=O)c1cccc3ccccc13)c1ccccc12,38.13
Cc1nc(-c2ccc3cc(-c4ccc(C(=O)CN(C)C)cc4)[nH]c3c2)cc(C2CCN(C(=O)c3cccc(C#N)c3)CC2)n1,43.19
N#Cc1ccc(-c2ccc(-c3nc(-c4ccc(-c5cccc(C#N)c5)cc4)nc(-c4ccc(-c5ccncn5)cc4Cl)n3)cc2)nc1,17.22
COc1ccc(C=NNc2cccc(C(N)=O)c2)cc1O,26.74
N#Cc1cccc(-c2ccc(OCc3sc(Cl)nc3Cl)nc2)n1,23.28
COc1cccc(CNCc2coc(-c3ccccc3)n2)c1OC,17.79
N#Cc1c(-c2ccccc2)nc(-c2ccccc2)nc1S(=O)(=O)Cc1ccccc1,22.79
COc1ccc2c(CC(=O)N=c3cc(C(C)C)[nH]c(C)n3)c(C)c(C)cc2c1,40.06
C#Cc1cc(-c2nc(C(=O)NC3CCCC(O)C3)n3cc(C#N)ccc23)cnc1-c1cncc(C#N)c1,30.36
N=c1nc(-c2ccc(N)cc2)nc(-c2cccc(-c3nccs3)c2)[nH]1,29.24
Cn1c(C#N)ccc1-c1ccc(-c2nc(-c3ccc(-c4ccc(C#N)cn4)cc3)nc(-c3cccc(C#N)n3)n2)cn1,16.49
N#Cc1ccc(-c2ccc(-c3nc(-c4ccc(-c5ccc(CC(=O)O)c(C#N)c5)cc4)nc(-c4ccc(-c5ccc(C#N)cn5)nc4)n3)cn2)nc1,16.16
COc1ccc(NS(=O)(=O)c2c(C)n(C)c(=O)n(C)c2=O)cc1,18.72
CN(C)CCN(C)C(=O)c1ccc[nH]c1=NCc1ccccc1,27.02
Cc1nn(-c2ccc(N)c(C(N)=O)c2)c2ncnc(-c3ccccc3)c12,31.4
N#Cc1ccc(-c2ccc(-c3nc(COc4ccc5c(c4)CCC5CC(=O)O)nc(-c4ccc(-c5ccc(C#N)cn5)cc4)n3)cc2)cc1,15.39
N#Cc1ccc(-c2nc(-c3ccc4c(c3)CCN4)n(-c3ccccc3)n2)cc1,19.02
c1ccc2c(c1)Sc1ccccc1N2C1CN(C2CCCC2)C1,23.74
N#Cc1nc(N(Cc2ccc(F)c(C(F)(F)F)c2)S(=O)(=O)c2ccc(C(=O)O)cc2)c(C#N)nc1Cl,32.72
CN(C)c1nc(OCCc2cc(-c3ccc(-c4ccc(C#N)cn4)cc3)nc(-c3ccc(-c4ccc(C#N)cc4)cc3)n2)nc(N(C)C)n1,20.82
Cc1noc(-c2ccc(-c3cn4cc(-c5cnc(C#N)nc5)cc(NC(=O)c5cccc(C#N)c5)c4n3)cc2)n1,23.36
Cc1cc(N=c2cc(C(C#N)c3cc(-c4ccc(C#N)cc4)nc(N4CCN(C5CCN(C)CC5)C4)n3)[nH]c3ccccc23)ccc1F,41.89
CCC1C(=O)N(CC(=O)O)c2cc(C=CC(O)=NO)ccc2S1(=O)=O,26.14
CCc1cc(=O)c(O)co1,18.97
O=C(C=Cc1ccc(F)cc1)NS(=O)(=O)c1ccc(F)c(F)c1,18.39
NC1CCC(NC(=O)C2Cc3ccccc3C2)c2ccccc21,28.44
N#Cc1ccc(-c2ncc(C#N)cc2-c2ccnc(C#N)n2)nc1,13.76
N#Cc1cc(F)ccc1C1(C#N)CCCN2CCCCC21,28.7
COc1cccc(CN(Cc2ccc(OC)c(OC)c2)C(=O)c2ccc(NC(=O)c3ncc(C#N)[nH]c3=Nc3ccc(-c4ccco4)cc3)cc2)c1,42.26
N#Cc1ccc(-c2ccc(-c3nc(-c4ccc(-c5ccc(C#N)cc5)cc4)nc(-c4cc(C#N)c5cccnc5c4)n3)cc2)cc1,22.09
N#Cc1ccc(Nc2ccc(N=C(N)N=C(N)N)cc2)cc1,18.03
CC(=O)Oc1cc(C(=O)NCc2ccc(NC(=O)N=c3cnc4ccccc4[nH]3)cc2)cc(C(=O)Nc2ccc(N(C)C)cc2)c1,50.94
N#Cc1ccc(-c2ccc(-c3cc(-c4ccc(C#N)cc4)nn3Cc3cc(C(F)(F)F)cc(F)c3F)cc2)cc1,25.29
CCOC(=O)C1=C(C)N=C(C)C(C(=O)OCC)C1c1cc(-c2ccc(-c3nc(Cl)nc(Cl)n3)cc2)cc(-c2ccc(-c3nc(Cl)nc(Cl)n3)cc2)c1,15.77
Cc1ccc(Cl)cc1N1CCN(C(=O)C2C(c3ccccc3)CCN2CC(=O)N(C)CCCC(=O)O)CC1,47.34
N#Cc1cc(C#N)cc(NC(=O)Nc2ccc(-c3cc(-c4cccc(C#N)n4)ccn3)cc2)c1,20.32
C=C1Cc2c(cc3c(F)ccc(O)c3c2O)C(=O)C1=O,28.3
CN(C)C(=O)c1cc(C(N=c2nc(-c3ccc(C#N)cc3)c(-c3ccccc3)c[nH]2)c2ccccc2)c2ccccc2n1,40.88
O=C(COc1ccc2ccccc2c1)N1N=C(c2ccc(O)cc2)CC1c1ccc(F)cc1,22.7
CSc1ccc(-c2c(-c3ccc(Br)cc3)c(C#N)c(N=Cc3ccco3)n2C)cc1,25.59
N#Cc1ccc(-c2cn(C(=O)c3ccc4c(c3)C(=O)c3cc(O)ccc3C4=O)nn2)cc1,28.17
N#Cc1ccc(-c2ccc(-c3ccc(C#N)cn3)s2)cc1,12.89
Cc1ccc(Nc2cc(N=Cc3ccc(-c4ccnc(C)n4)cc3)c(O)cc2N)cc1,14.56
COC(=O)CC(=O)NC(Cc1ccccc1)C(CC(C)C)C(=O)N(C(C)C(=O)NC(CO)Cc1ccccc1)S(=O)(=O)c1ccc(N)cc1,53.17
CN1CCN(Cc2cc3ccccc3c3ccccc23)CC1,20.59
N#Cc1ccc2c3n(c(=O)c(C#N)c2n1)-c1ccc(-c2ccc(-c4ccc(F)cc4)nc2)cc1N(C(N)=O)CC3,38.2
Cc1ccc(-c2cc(-c3ccc(F)cc3)nc(N=Cc3ccc(-c4ccc(S(N)(=O)=O)cc4)nc3)n2)cc1,21.11
O=C(CC1CC1)NCc1cn2c(n1)CN(Cc1ccco1)CC2,20.72
Cc1cnc2c(c1)nc(C(F)F)n2-c1cc(C(=O)N=c2cc(-c3cnc(C)nc3)n(C)[nH]2)cc(-n2cccn2)n1,48.37
N=C(N)c1ccc(N=Nc2nc(OCc3ccccc3)nc(-c3cccc(C(=N)N)c3)n2)cc1,24.59
N=C(N)c1ccc2cc(Cc3ccc4ccccc4c3)ccc2c1,25.84
N#Cc1ccc(-c2nc(-c3ccc(C#N)cc3)nc(-c3ccccc3Cl)n2)cc1,13.86
N#Cc1cc(N=c2[nH]cnc3c4c(ccc23)NC(=O)CO4)ccc1F,25.87
Cc1nc(C(=O)Nc2ccc(OC(F)(F)F)cc2)cc(-c2cccnc2F)n1,19.88
N#Cc1ccc(N=c2nc[nH]c(-n3cnc4cc(C#N)cnc43)n2)cc1,23.04
N#Cc1ccc(-c2nc(-c3cncc(C#N)c3)nc(-c3ncc(C#N)nn3)n2)cc1,18.79
N#Cc1ccc(-c2ccc(Cn3cnc4c(-c5cncc(C#N)c5)nc(Cl)nc43)cc2)cc1,16.77
N#Cc1ccc(-c2ccc(-c3nc(-c4ccc(-c5ccc(C#N)cn5)nc4)nc(-c4ccc(-c5ccccc5C#N)nc4)n3)cn2)nc1,10.07
CC1(C)CN(c2nc(-c3cccc(C#N)n3)nc(-c3cccc(C#N)n3)n2)C1,10.07
N=C1NC(c2ccc(Cl)cc2Cl)c2nc3cc(Cl)ccc3c(=O)n2-c2ccc(F)c(F)c21,30.46
CN1CCN(c2cc(-c3ccc(-c4cccc(-c5ccc(-c6nc(Cl)nc(Cl)n6)cc5)c4)cc3)nc(Cl)n2)CC1,12.77
N#Cc1cccc(CNC(=S)CCc2ccccn2)c1,21.76
Cc1cc(=NS(=O)(=O)c2ccc(-c3cnc(C4CC4)o3)cc2)[nH]o1,20.78
CN=c1cc(-c2ccc(C#N)cc2)nc[nH]1,19.21
Cn1cc(-c2ccc(-c3nc(-c4ccncc4)nc(-c4ccnc(-c5ccc(C#N)cn5)c4)n3)cc2)cn1,23.73
N#Cc1ccc(-c2nc(-c3ccc(-c4nc(-c5ccc6[nH]c(C(=O)O)cc6c5)no4)c(F)c3)cc(C(F)(F)F)n2)cc1,35.37
CN1C(=O)N(c2cccc(C#N)c2)C2=C(C(=O)CC2)C1c1cnc(C#N)nc1-c1ccc(Cl)cc1,31.02
N#Cc1ccc(-c2nc(-c3ccc(-c4cccc(C#N)n4)cc3)nc(C3CCN(CC(N)=O)CC3)n2)cc1,26.53
COc1ccc(C(=O)N=c2[nH]cnc(N)c2C#N)cc1NC(=O)c1cccc(C#N)c1,26.99
Oc1cn2c(n1)Nc1ccccc1C2,14.12
Cc1cc(-c2cnc(C#N)nc2)cc2c(-c3cc(-c4ccc5c(c4)N(C)C5=O)ccn3)nc(C3CCC4C(C)NC(=O)N4C3)nc12,47.03
N#Cc1ccc2[nH]c(-c3nc(-c4c5ccccc5c(C#N)c5ccccc45)nc(-c4c5ccccc5c(C#N)c5ccccc45)n3)nc2c1,15.9
N#Cc1ccc(Cn2cnc(-c3ccc(F)cc3)c2-c2cccc(C#N)c2)cc1,15.32
N=c1nc[nH]c2c1c(-c1cccc(-c3cnn(C4CCNCC4)c3)c1)nn2Cc1ccc(F)c(F)c1,25.69
O=C(O)C1=C(C(=O)O)C2C=CC1N2CCC(=O)c1ccc(Cl)nc1,46.63
COc1cc2nccc(CN3CCc4c(cccc4C(=O)Nc4ccc(S(=O)(=O)Nc5cccc(C#N)c5)cc4)C3)c2cc1OC,34.71
Cc1c(F)c([N+](=O)[O-])cc(C(=O)Nc2ccc(-c3nc(-c4ccc(-c5ccc(C#N)cc5)cc4)nc(-c4ccc(-c5ccc(F)c(F)n5)cc4)n3)cc2)c1Cl,31.83
CN1CCc2cc(-c3ccnc(-c4ccc(-c5ccc(C#N)cc5)cc4)n3)ccc2C1=O,14.52
CCC1(O)C(=O)OCc2c1cc1n(c2=O)Cc2c-1nc1ccccc1c2C#N,16.13
Nc1ccc2c(c1)C(=O)c1ccc(Nc3nc(Nc4ccc5c(c4)CCCCC5=O)nc(Nc4ccc5c(c4)C(=O)c4ccc(N)cc4C5=O)n3)cc1C2=O,9.06
N#Cc1ccc(-c2nc(OC3Cc4ccccc4C3)nc(-c3ccncc3F)n2)cn1,28.23
Cc1c[nH]c2c1C13CC1CN(C(=O)CNC(=O)c1nc(C#N)c4cc(Oc5ccccc5)ccc4n1)C3=CC2=O,38.18
C#CCn1cc(C(=O)N=Nc2cc(O)n(CN3CCOCC3)c2O)c(=O)c2cc(F)c(F)c(OC)c21,34.51
Cc1ccc2nc(CCc3nc(-c4ccc(C(=O)N5CCN(C(=O)c6ccccn6)CC5)c(F)c4)nc(C4CC4)n3)nc(C)c2c1,43.19
N#CCNC(=O)c1nc(-c2ccc(S(=O)(=O)Nc3ccc(Cl)c(C(F)(F)F)c3)cc2)c[nH]c1=N,27.5
N#Cc1cccc(C(=O)Nc2ccc(NC(=O)c3ccc(-c4ccccc4)cc3)cc2C#N)c1,26.4
N#Cc1ccc(-c2ccc(-c3cnc(N4CCCCC4)c(C#N)n3)cc2)nc1,13.11
N#Cc1ccc(F)cc1C=NN=C1c2ccccc2-c2ccc(N)cc21,27.51
N#Cc1cccc(-c2ccc(C3C(C#N)N(Cc4ncc(Cl)cn4)C3CO)cc2)c1,25.72
CCOCC=Cc1ccc(-c2cccc(-c3nc(-c4ccc(-c5ccc(C#N)cc5)cc4)nc(-c4ccc(-c5ccc(C#N)cc5)cc4)n3)c2)cc1,28.31
COc1ccc(C(=O)N=c2[nH]c(-c3cc(F)c(F)c(F)c3)cs2)cc1OC,23.65
N#Cc1ccc(-c2nc(-c3ccc(-c4ccc(C#N)cn4)cc3)cc(-c3nc(C4CCC4)n(CCF)c3-c3ccc(Cl)cc3)n2)cc1,21.56
N#Cc1cccc(-c2ccc(-c3noc(-c4ccc5c(c4)Cc4cnc(C#N)nc4-5)n3)cc2)c1,26.47
C#Cc1cccc(N=c2[nH]c(=Nc3cccc(Cl)c3Cl)[nH]c3ncc(C#N)cc23)c1,26.34
C=CC(=O)NC1CCN(c2nc(Oc3ccnc4ccccc34)[nH]c(=Nc3ccc(C#N)c(C(F)(F)F)c3)n2)C1,28.22
N#CCc1nnc2c(C#N)cn(-c3cccc(Cl)c3)c(=O)n12,29.71
Cc1ccc2nc3cc(C(=O)N4CCC(C(N)=O)CC4)ccc3nc2c1,29.85
Cn1[nH]c(-c2cccc(C#N)c2)cc1=NC(=O)c1ccc(-c2cccc(C(=O)NCCN3CCOCC3)c2)nc1,26.78
COc1ccc(C2CC(c3ccc(Cl)cc3)=NN2c2nc(O)cs2)cc1,19.49
N#Cc1ccc(-c2ccc(-c3ccc(-c4cc(=N)n(-c5cc(-[n+]6ccc(-c7ccncc7)cc6)nc(-[n+]6ccc(-c7ccncc7)cc6)n5)[nH]4)cn3)cc2)cc1,16.16
CN(C)CCNC(=O)c1cccc(Nc2ccc3c(c2)OCc2cc(N)ccc2C3=O)n1,15.08
CC(C)(O)C#Cc1nc2c3c(cccc3n1)C(=O)c1ccccc1-2,25.46
Cn1cc(-c2ccc(Oc3ccc(-c4cccc(C#N)n4)cc3)cc2)nc1C(N)=O,20.28
O=C1COc2ccc(C3(O)c4ccccc4C(=O)N3Cc3ccccc3)cc2N1,18.84
COc1ccc(-c2ccc(C#N)cc2-c2ccc(-c3noc(C)n3)cc2)cc1-n1c(C2CC2)nn(Cc2cccc(C#N)c2)c1=O,36.15
N#Cc1ccc(-c2nc(-c3ccc(-c4ccc(C#N)cc4C(=O)O)cc3)n(Cc3ccccc3F)n2)cc1,32.76
CC(=O)N1CCC(C(=O)N2CCCC(C(=O)Oc3ccc(C#N)cn3)C2)CC1,25.7
N#Cc1ccc(-c2nc(-c3cccc(C#N)n3)cc3c(=O)n(Cc4ccc(Cl)cc4)ccc23)nc1,25.72
c1ccc(Nc2ccc3[nH]c(C4CCNCC4)nc3c2)cc1,19.72
N#Cc1ccc(-c2cc(-c3ccc(F)c(F)c3)[nH]c(=NC(=O)c3ccccn3)n2)cn1,22.08
COc1ccc(Nc2cccc(Nc3cc(=O)[nH]c(=O)[nH]3)c2)cc1,22.37
N#Cc1ccc(-c2cnc(Cn3c(C=NO)nc4ccccc43)c(F)c2)cc1,27.31
Cc1cc(C(C)(C)C)cc(C(C#N)c2nc(-c3ccc(C#N)cc3)nc(-c3ccc(C#N)cc3)n2)n1,23.55
COC(=O)c1ccc(COc2cccc(C=CC(=O)c3ccc(OC)cc3OC)c2)cc1,23.43
N#Cc1cnc(-c2cccc(-[n+]3ccc(-c4ccncc4)cc3)n2)n(COC(=O)c2ccccc2)c1=O,27.17
Oc1ccc(N=Cc2ccccc2)cc1Nc1ccccc1,17.79
CCc1ccc(NC(=O)c2cccc3nc(-c4ccc(-c5ccc(C#N)cn5)cc4)cnc23)s1,32.71
CC(C)Oc1ccc(-c2nc(-c3ccc(-c4nc(F)c(F)cc4C#N)nc3)n(C(C)C)n2)cc1C#N,27.78
CC(=O)c1c(C)[nH]c(C(=O)CN2CCN(c3ccccn3)CC2)c1C,23.03
O=C(c1ccc(F)cc1)c1ccc(=O)n(Cc2ccc(-c3ccncc3)cc2)c1,25.28
N#Cc1ccc(-c2ncc3c(nc(-c4ccc(C#N)cc4)n3-c3cccc(C(=O)N=c4cc(C(F)(F)F)cc[nH]4)c3)c2C#N)cc1,21.5
N#Cc1ccc(NC(=O)C=Cc2ccc3c(Nc4cccc(C#N)n4)c(N)c(C#N)c(N)c3c2)cc1,31.13
Oc1ccccc1-c1nc(-c2cncc3nccn23)co1,37.16
COc1cc(C=Cc2ccc(-c3cc(-c4ccc(-c5nc(Cl)nc(Cl)n5)nc4)nc(-c4ccnc(C#N)n4)n3)cc2)cc(C(F)(F)F)c1C#N,20.34
O=C(N=c1ccc(-c2ccccc2)c[nH]1)c1ccc(-c2cc(F)cc(-c3ccncn3)c2)cc1,27.43
COc1ccc(N=Cc2nc(-c3ccncc3)nn2-c2ccc(-c3cccc(C#N)c3)cc2OC)c(OC)c1,26.68
Cn1cncc1CN1CCOc2cc(-c3ccc(C#N)cc3)ccc2C1=O,22.97
CCOc1ccc(C#N)cc1NC(=O)c1cnn2c(C(F)F)cc(C3CC3)nc12,27.68
CN(c1ccccn1)S(=O)(=O)C=Cc1ccc(-c2nc(-c3ccc(-c4ccc(C#N)cn4)cc3)nc(-c3ccc(-c4nc(Cl)nc(Cl)n4)cc3)n2)cc1,27.17
N#Cc1ccc(-c2ccc(-c3nc(-c4ccc(-c5ccc(C#N)cn5)nc4)nc(-c4ccccc4F)n3)cn2)nc1,10.3
Cc1cc(C)n(-c2nc(-c3ccccc3)cc(-c3ccc(Cl)cc3)n2)n1,19.97
COc1cc(OC)cc(-c2cc(CC3(Cc4ccccc4)OC(=O)N(C(=O)Nc4ccc(C)cc4)C3=O)on2)c1,35.29
N#Cc1ccc(-c2ccc(-c3nc(-c4ccc(-c5cccc(C#N)n5)c(F)c4)nc(N4CCOCC4)n3)cn2)nc1,11.25
N#Cc1cccc(-c2ccc(-c3ccc(F)cc3C#N)c(-c3cccc(C#N)n3)n2)n1,16.26
NC(=O)c1sc2ccccc2c1CCCCN1CCN(c2ccc(OCCOCCF)cc2)CC1,31.96
Cc1c(Cl)cccc1OCC(=O)Nc1ccc2c(c1)C(=O)c1ccc(N=c3nc(-c4ccc(OC(F)(F)F)cc4)cc[nH]3)cc1CC2,29.63
Cc1nc(C(=O)Nc2ccc(CN3CCN(C4CCN(C)CC4)CC3)cc2)cc(-n2ncc3cc(C#N)cnc32)n1,23.13
N#Cc1ccc(-c2nc(-c3ccc(C(N)=NO)cn3)nc(-c3nc(-c4ccc(C#N)cn4)c[nH]c3=N)n2)cc1,23.91
CC1(F)CCN(c2nc(-c3cccc(C#N)n3)nc(-c3cccc(C#N)n3)n2)C1,9.45
N#Cc1ccc(-c2ccc(-c3nn(-c4ccc(C(=O)O)cc4)cc3C#N)cc2)nc1,12.46
O=C(NC1C2CC3CC1CC(O)(C3)C2)c1cc(C(F)(F)F)ccc1Oc1ncnc(Cl)n1,34.09
Cc1nc(-c2ccc(-c3ccc(C#N)cc3)cc2)cc(-c2ccc(-c3ccc(C#N)cn3)cc2)c1C(=O)NCc1ccccc1,18.18
Cc1ccc(-n2[nH]c(C(C)(C)C)cc2=NC(=O)Nc2ccc(-c3ccccn3)c3ccccc23)cc1,22.58
COc1cc(N=c2nc[nH]c3ccc(N=CN(Cc4ccccc4)C(C)=O)cc23)cc(OC)c1,31.9
CC(=O)c1csc(C=Cc2cccc(OC(=O)c3ccc(-c4ccc(C#N)cc4)cc3)c2)n1,25.42
Cc1ccc(NC(=O)CCNS(=O)(=O)c2ccccc2F)cc1F,25.87
N#Cc1cncc(-c2nc(-c3cncc(C#N)c3)nc(-c3cnn(C4CCOCC4)c3)n2)c1,18.37
CCCN(CCC)c1nc(Cl)nc(-c2ccc(-c3cc(-c4ccc(-c5nc(Cl)nc(Cl)n5)cc4)cc(-c4ccc(-c5nc(Cl)nc(Cl)n5)cc4)c3)cc2)n1,15.1
NC(=O)C1(N=c2nc(Nc3ccc4c(c3)C(=O)c3ccc(N)cc3C4=O)nc(Cl)[nH]2)CCS(=O)(=O)CC1,28.14
CNc1c(C#N)nc(-c2ccc(-c3ccc(C#N)cn3)nc2)n1-c1ccc(-c2cccc(C#N)c2)cc1,18.76
CC(=NNC(=O)Cc1ccc2c(c1)OCO2)c1ccc(C#N)cc1,23.76
Nc1cc(=O)c2ccc(O)c(CN3CCNCC3)c2o1,27.05
Cc1ccc(C)n1-c1ccc(C(=O)NN=Cc2cccc(Cl)c2)cc1,20.01
Cn1cc(-c2nc(-c3ccncc3)nc(-c3ccc(-c4ccc(O)c(C#N)c4)cc3)n2)c2cccnc21,27.62
N#Cc1ccc(Oc2ccc(S(=O)(=O)N=c3ccc(F)c[nH]3)cc2C#N)c(C#N)c1,12.85
NS(=O)(=O)OCC1OC(n2nc(-c3ccc(Oc4ccccc4)cc3)c3c(Cl)ncnc32)C(O)C1O,25.51
N#Cc1ccc(-c2ccc(-c3nc(-c4ccc(C(=O)O)nc4)nc(-c4ccc(-c5ccc(C#N)cn5)nc4)n3)cc2)nc1,16.72
CN1CCN(c2ccc3c(c2)nc(C(C)(C)F)n3-c2cc(-c3cc(F)c(-c4nc(C(F)(F)F)c[nH]4)c(C#N)c3)ccn2)CC1,42.25
N#Cc1ccc(-c2ccc(-c3nc(-c4ccccc4)nc(-c4c(F)c(F)c(C#N)c(F)c4F)n3)cc2)cc1,12.36
Cc1cccc(NC(=O)C2Cc3ccccc3CN2C(=O)c2cccs2)c1C,23.95
COC(=O)c1ccc(N=Cc2c(O)[nH]c(=O)n(-c3ccc(C)cc3)c2=O)cc1,18.77
N#Cc1ccc(-c2ccc(-c3nc(-c4cc(Cl)cc(C#N)c4)nc(N4CCC(C(F)(F)F)CC4)n3)cn2)nc1,19.86
N#CCNC(=O)c1cc(C#N)nc(-c2cnc3cc(-c4cccc(C#N)c4)ccn23)c1,25.28
Cc1oc(C(=O)O)cc1COc1ccc(-c2nc(C#N)ccc2-c2ccc(-c3ccc(C(=N)N)cn3)nc2)cc1,34.02
Nc1cc(O)c(N=Cc2ccc(O)cc2)cc1Nc1ccc(N=Cc2ccc(O)cc2)cc1,13.26
CC(=O)c1ccc(-c2nc(C3CCNCC3)cc(=Nc3cccc(C#N)c3)[nH]2)cc1Cl,33.6
C=C(C)CN(CCc1cccc(C(=N)N)c1)C(=O)Cc1ccc(C(F)(F)F)cc1,34.08
N#Cc1ccc(-c2ccc(-c3cc(-c4cc5ccccc5[nH]4)nc(-c4ccc(-c5ccc(C#N)cn5)nc4)n3)cc2)nc1,18.3
CCN(C)N=Nc1ccc2c(-c3nc4ccc(N5CCCC(C(=O)N6CCCC6)C5)nc4[nH]3)cn(CC)c2n1,47.31
Nc1ccc2c(c1)C(=O)c1ccc(Nc3nc(Nc4ccc5c(c4)C(=O)c4cc(N)c(N)cc4C5=O)nc(Nc4ccc5c(c4)S(=O)(=O)NC5=O)n3)cc1C2=O,18.77
CNC1CCCN(c2cc(-c3cccc(C#N)n3)nc(-c3cccc(C#N)n3)n2)C1,13.38
CN1CCC(N2CCN(c3cc(C(=O)Nc4cc(Cl)cc(Cl)c4)nc(-c4cc(C#N)ccc4F)n3)CC2)CC1,28.6
N#CC(C#N)=c1ccc(=C(C#N)c2nc(C(N)=O)nc(C(C#N)=c3ccc(=C(C#N)C#N)cc3)n2)cc1,9.33
COc1cc2c3ccccc3c3c(=Nc4cccc(Br)c4)[nH]cnc3c2cc1OC,28.4
N#Cc1ccc(-c2ccc(-c3nc(-c4ccc(-c5ccc(C#N)cc5)cc4)nc(-c4ccc(-c5ccc(C#N)cc5)nc4)n3)cc2)cc1,12.18
FC(F)(F)c1cc(-c2ccc(-c3nc(Cl)nc(Cl)n3)cc2)cc(-c2ccc(-c3nc(Cl)nc(Cl)n3)nc2)c1,11.34
Cc1nc(-c2ccc(-c3cccc(-c4ccc(-c5nccc(-[n+]6ccc(-c7ccncc7)cc6)n5)cc4)n3)cc2)no1,13.47
N#Cc1cncc(=NC(=O)c2ccc3[nH]c(=NC(=O)Nc4ccc(C#N)c(C#N)c4)sc3c2)[nH]1,35.9
COc1cc(C=Cc2cc[n+]([O-])cc2)ccc1OCCCC#N,27.07
Cn1cc(NC(=O)c2cc(=NC(=O)c3cc(-c4ccc(C#N)cn4)ccc3Cl)n(-c3ccccc3)[nH]2)cc1C#N,21.21
N#CC=Cc1nccc(-c2nc(-c3cncc(C#N)c3)nc(-c3cccc(C#N)n3)n2)n1,16.96
COc1ccc(C(C)NC(=O)N=c2cc3[nH]nc(-c4ccnc(C)c4)c3c[nH]2)cc1Cl,27.99
Cc1ccc(-c2nc(SCc3nc4ccccc4c(=O)[nH]3)nnc2-c2ccc(C#N)cc2)cc1,24.51
CN(C=NC#N)Cc1ccc(F)c(F)c1,22.88
Cc1ccc(-c2nccc(C=CC#N)n2)cc1S(=O)(=O)N1CCCC1,20.41
COc1nc(-c2ccc(C#N)cc2)nc(C#Cc2ccc(C#N)cc2)c1CC#N,18.41
Clc1nc(Cl)nc(-c2ccco2)n1,9.46
CC(C#Cc1ccc(CCC(=O)O)cc1)(Oc1ccc(C(F)(F)F)cc1)c1cccc(N)c1,36.72
CCOc1ccccc1-c1nc(-c2ccc(-c3noc(C)n3)cc2)nc(-c2ccc3c(c2)OCO3)n1,22.02
N#Cc1cc(-n2cccc2)c2cc(-c3nc(C(=O)N4CCOCC4)co3)ccc2c1,30.71
COc1cccc(C=NNC(=O)C(C#N)c2ccc3c(c2)C(=O)c2ccc(Cl)cc2C3=O)c1O,28.77
COCCOc1nc(-c2ccc(-c3nc(-c4ccc(-c5ccc(C#N)cn5)nc4)nc(-c4cncc(C#N)c4)n3)cn2)ccc1C#N,21.18
N#Cc1ccc(-c2cc(-c3ccc(F)c(C#N)c3)cc(-c3ncc(-c4ccccn4)cc3C#N)n2)cn1,27.09
N#Cc1ccc(-c2ccc(-c3nc(-c4ccc(C#N)cc4)cc(-c4ccc(C#N)cc4)n3)c(F)c2)cc1,20.98
O=C(Nc1cnc2ccccc2c1)C(=O)NC(Cc1ccc(O)cc1)C(=O)Nc1ccc(C#Cc2c(F)c(F)nc(F)c2F)cc1,39.85
C=CCN(CCCn1ccnc1)C(=S)Nc1ccc([N+](=O)[O-])cc1,31.82
Cc1nn(-c2ccc(-c3ccc(-c4nc(-c5ccc(-c6ccc(C#N)cn6)cc5)nn4C)cc3)c(C#N)c2)c(=O)n1C(F)F,22.82
CC(C)(C)c1cc(O)cc(N=C(NC#N)Nc2ccc(C#N)cc2)c1O,22.31
N#Cc1ccc(-c2ccc(-c3nc(-c4ccc(-n5cccc5)cc4)nc(-c4ccc(-c5ccc(C#N)cn5)nc4)n3)cc2)cc1,14.47
C#Cc1cc(C(=O)N2CCC(c3nc(-c4c(F)c(F)c(-c5cccc(F)c5)c(F)c4F)nc(N4CC5CC4CN5CC(C)C)n3)CC2)ccn1,40.4
Cc1ccc(N=c2[nH]c(-c3ccccc3)c(C#N)c(=O)[nH]2)cc1,21.17
N#Cc1ccc(-c2ccc(-c3nc(-c4ccc(-c5ncc(-c6cccc(-c7ccc(C#N)cc7)n6)cn5)cc4)ccc3C(N)=O)cc2)cc1,27.9
N#Cc1ccc(NS(=O)(=O)c2ccc3c(c2)c2ccc4ccccc4c2c2c3cc(C=O)n2Cc2ccccc2)cc1,45.95
N#Cc1ccc(-c2csc(C(C#N)c3nc4cc(C#N)ccc4n3-c3ccc(F)cc3)n2)nc1,28.87
COc1cccc(-c2cc(C(=O)Nc3ccc(Cl)c(C=CC(=O)Nc4ccc(C#N)cc4)c3)ccc2OC)c1,28.79
N#Cc1ccc(-c2nc(-c3cccnc3)nc(-c3cncc(C#N)c3)n2)cc1,12.66
N#Cc1ccc(Nc2cc(-c3ccc4nc(-c5cc(F)cc(C(N)=O)c5F)ccc4c3)c(C#N)c(Sc3cccc(Cl)c3)n2)cc1,39.4
N#Cc1ccc(-n2cc(COc3cc(=O)oc4ccccc34)nn2)cc1,22.06
COc1ccc2[nH]c(O)c(N=Cc3ccccc3F)c2c1,20.36
O=c1cc(N2CCOCC2)[nH]c(COc2ccccc2)n1,18.49
N#Cc1ccc(-c2ccc(C=Nc3ccc(-c4cccnc4)nc3)o2)cc1,25.16
N#CNC(=Nc1ccc(Cl)c(Cl)c1)Nc1ccc(Cl)nc1,20.72
N#Cc1ccc(-c2ccc(-c3nn(-c4ccc(C(F)(F)F)cn4)cc3C#N)cc2)c(F)c1,22.89
N#Cc1cc(S(=O)(=O)N=c2ccc(F)c[nH]2)ccc1Oc1nccc(Cl)c1Cl,22.11
NC(=O)C1CCC(CN=c2[nH]c(-c3ccc(Cl)cc3)cc(=NCc3cc(C(F)(F)F)cc(C(F)(F)F)c3)[nH]2)CC1,25.77
Cc1cccc2c1C(N(C)c1ccccc1)=C(c1cccc(C#N)c1)C2=O,30.79
N#Cc1ccc(-c2ccc(-c3nc(-c4ccc(-c5ccc(C#N)cn5)cc4)nc(-c4ccc(-c5ccc(Cl)nc5)nc4)n3)cc2)cc1,15.07
COc1ccc(C=CC(=O)c2cc(OC)c(OC)c(OC)c2)cc1-c1cccs1,19.89
N#Cc1ccc(-c2ccc(-c3cc(C#N)nc(N4CCc5c(Cl)cccc5C4)n3)cc2)cc1,22.87
N#Cc1ccc(-c2ccc(-c3cccc(-c4ccc(CN5CCN(c6nsc7ccc(C#N)cc67)CC5)cn4)n3)cc2)cc1,29.35
Cn1cc(-c2ccc(-c3cccc(-c4ccc(-c5nc(-c6ccc(C#N)cc6)cs5)cc4)c3)cc2)cc(NCC[N+]2([O-])CCOCC2)c1=O,37.11
N#CC=Cc1nccn1-c1cccc(C#N)c1,17.22
CC(N=c1[nH]cnc(N)c1C#Cc1cncc(C#N)n1)c1nc2cccc(Cl)c2c(=O)n1-c1ccc(Cl)cc1,30.18
Fc1ccc(N=c2nc[nH]c3cc(-c4cccc(CNC5CCNC5)c4)ccc23)cc1Cl,27.0
Cn1nc(-c2ccc(C#N)cc2)nc1C(C#N)=Cc1cncn1-c1ccc(F)cc1,27.82
CCc1ccc(C=Nc2cc(Nc3ccc(C)cc3)c(N)cc2O)cc1,12.96
CCOC(=O)Oc1ccc(C=[N+]([O-])Cc2ccc(C#N)cc2)cc1OC,28.04
Cc1ccc(-c2cnc(Cl)nc2-c2ccc(-c3ncc(-c4ccc(-c5cnn(-c6ccc(C(=O)O)c(O)c6)c5)cc4)o3)cc2)cc1,34.0
N#Cc1ccc(C2=CC(c3cc(C(=O)NCCc4ccc(-c5ccc(F)cc5F)cc4)nc4ccccc34)C3=C(CCCC3=O)O2)cc1,34.05
CCN1OCc2cc(C#N)ccc2-c2c[nH]c(=Nc3ccc(C)c(NC(=O)C4CC4)c3)nc21,37.42
Cn1cc(-c2ccc(-c3nn4c(c3-c3cccc5cn[nH]c35)COCC4)cc2F)ncc1=O,38.4
CN(C)CCNC(=O)c1cc(C#N)cc(Nc2ccc3c(c2)C(=O)c2ccc(N)cc2C3=O)n1,17.01
CNC(=O)c1cc(Oc2ccc3[nH]c(=NC(=O)c4ccccc4Cl)ccc3c2)ccn1,24.42
N#CC=Cc1ccnc(-c2nc(-c3ccc(-c4nc(C(N)=O)cc(N5CCOCC5)n4)cc3)nc(N3CCOCC3)n2)n1,22.94
CCN1CCN(c2nc(-c3ccc(NC(=O)Nc4ccc(-c5ccccc5)cc4)cc3)nc3c2ncn3CC(=O)N2CCC(N(C)C)CC2)CC1,33.01
N#Cc1ccc(-c2ccc(-c3nc(-c4ccc(-c5ccc(C=C6SC(=O)NC6=O)cc5)cc4)nc(-c4cccc(C#N)n4)n3)cc2)cc1,16.77
CNC(=O)C1OC(n2cnc3c(=NCc4ccc(-c5ccccc5)cc4)[nH]c(Cl)nc32)C(O)C1NC(=O)Cc1ccc(O)cc1,28.71
N#CC=Cc1cc(C=Cc2ccc(Br)nc2)nc(C=CC#N)n1,15.12
N#Cc1ccc(-c2cc(-c3cncc(C#N)c3)nc(C3CCN(C(=O)CO)C3)n2)cc1,20.32
N#CC=Cc1cccc(C=Cc2ccc3ccccc3n2)n1,16.95
Cc1cc(C#N)c(=O)n(-c2ccc(Cl)c(Cl)c2)n1,17.54
N#Cc1ccc(NC(=O)c2nc(-c3ccc(C#N)cc3)nc(N3CCC(N4CCCCC4)CC3)n2)cc1,23.86
Cc1cc(=Nc2nc(-c3ccc(-c4ccc(C#N)cn4)cc3)nc(=Nc3ccc(C#N)cc3)[nH]2)[nH]c2c(C)cc(C#N)cc12,28.61
N#Cc1ccc(-c2ccc(-c3nc(-c4ccc(-c5ccc(C#N)cn5)o4)nc(-c4ccc(-c5cc(C#N)c(C#N)c(C(F)(F)F)c5)s4)n3)cc2)nc1,19.41
N#Cc1cccc(-c2nc(-c3nc(C#N)ccc3C#N)nc(N3CCC(NC(=O)CO)C3)n2)n1,18.06
COc1ccc(Nc2nc(Cl)cc(C(C#N)c3c(Cl)cccc3Cl)n2)cc1F,25.52
N#Cc1ccc(-c2ccc(-c3nc(C#N)cc4oc(-c5ccc(-c6ccc(C#N)cn6)cc5)cc34)cn2)cc1,21.83
COc1ccc(CNC2CCN(CCn3c(=O)ccc4ncc(F)cc43)C2)cc1,27.39
CCN(CC)S(=O)(=O)c1ccc(C)c(NC(=O)c2cc3ccccc3oc2=O)c1,28.08
N#Cc1ccc(-c2cc[nH]c(=NC3CCN(c4ccnc(C#N)c4)CC3)n2)cc1,26.38
N#Cc1ccc(-c2cncc(-c3ccnc4cc(Sc5ccccc5C(=O)N=c5ccc(Cl)c[nH]5)ccc34)c2)cn1,27.51
COc1cc(-c2ccccc2CN(C)Cc2ccc(F)cc2)ccc1-c1cc(-c2ccnc(-c3ccc(C#N)cc3)c2)cc(C#N)n1,42.83
N#Cc1ccc(-c2ccc(-c3nc(-c4ccc(-c5cncc(C(F)(F)F)c5)nc4)nc(-c4ccc(-c5ccc(C#N)cn5)nc4)n3)cn2)nc1,13.7
N#Cc1ccc2c(c1)Nc1c([nH]c(=O)[nH]c1=O)S2,20.0
Cc1nc(-c2cccc(NC(=O)NCc3ccc(C#N)cc3F)c2)no1,26.0
Cc1ccc(C(=O)NC2CC2)cc1-n1cc(C(=O)Nc2ccc(C(C)(C)C#N)cc2)c2cc(C#N)cnc21,30.4
CCCC=Cc1ccccc1-c1cc(-c2ccc(-c3nc(Cl)nc(Cl)n3)cc2)cc(-c2ccc(-c3nc(Cl)nc(Cl)n3)cc2)n1,20.1
CCc1nc(=Nc2cncc(C#N)c2)[nH]c(=NCC(O)C2CCOC2)[nH]1,33.43
N#Cc1ccc(-c2cnn3ccc(Nc4ccc5c(c4)OCO5)nc23)nc1,22.68
N#Cc1c2ccccc2c(-c2nc(-c3c4ccccc4c(C#N)c4ccccc34)nc(-c3cnc4ccccn34)n2)c2ccccc12,17.52
O=C(O)c1cccc2[nH]c(-c3ccc(-c4cc(-c5ccc(-c6nc(Cl)nc(Cl)n6)cc5)cc(-c5ccc(-c6nc(Cl)nc(Cl)n6)cc5)c4)cc3)nc12,15.42
Cc1nc2c(c(-c3ccc(-c4cc(C#N)ccn4)cc3)n1)CN(c1ccc(N3C(c4ccc(C#N)cc4)=CC4CN(C(=O)C5CC5)C=C(C#N)C43)c(F)c1)CC2,67.77
N#Cc1ccc(-c2ccc(-c3nc(-c4ccc(C#N)cc4)nc(-c4ccc(-c5ccc(C#N)cn5)cc4)n3)cc2)cc1,10.27
N=c1[nH]c(-c2cccs2)c(-c2ccc3cccnc3c2)s1,24.1
ON=C(NCc1cccnc1)c1ccnc(Oc2ccc(Cl)cc2)c1,22.96
N#Cc1c2ccccc2c(-c2nc(-c3cncc4ccccc34)nc(-c3c4ccccc4c(C#N)c4ccccc34)n2)c2ccccc12,10.54
COc1ccc(NC(=O)CCC(=O)NN=Cc2ccccn2)cc1,20.41
O=C(Nc1ccccc1F)N1CCC(CN=c2[nH]c3ccccc3[nH]c2=Nc2cccc(Cl)c2)CC1,35.63
COc1cncc(-c2cc(C#N)c[nH]c2=Nc2cncc(C#N)c2)c1,22.55
COc1cc2[nH]c(N(OC)C(N)=O)nc(=NCc3ccc(-c4ccccc4)cc3)c2cc1OC,28.59
CCc1cc(C)c2[nH]c(=O)cc(C=Cc3cc(C=Cc4ccc(N)c(OC)c4)[nH]c(=N)n3)c2n1,41.44
O=C1NCCc2cc(C=Cc3cncc(C(O)=NO)c3)ccc21,34.0
N#Cc1ccccc1C(F)(F)F,14.56
N#CC=Cc1cccc(-c2nc(C#N)nc(-c3cncc(C#N)c3)n2)c1,13.34
O=C(Cn1cncn1)c1ccc(-c2ccccc2)cc1,18.57
CCCn1c(-c2ccc(C#N)cc2)nc2cc(C(=O)N=c3cc(C)cc[nH]3)ccc21,22.22
Cc1ccc(-c2nn(C(=NS(C)(=O)=O)c3ccc(Cl)cc3)cc2-c2ccc3c(c2)OCO3)cc1,35.45
CC(N=c1c(C#N)c(-c2ccc(-c3cccc(C#N)c3)cc2)n(CC2CCCN2)c2ccc(F)cc12)C(=O)O,36.51
COc1ccc(-c2c(C#N)c(N)n(N=Cc3cc(Cl)nc(-c4ccc(C#N)cc4)n3)c(=O)c2C#N)cc1,26.62
CN1CCN(S(=O)(=O)c2ccc(-c3ccc(-c4cccc(C#N)n4)c(C(C#N)S(C)(=O)=O)c3)cc2)CC1,34.05
COc1cc(-c2nc(=NN=Cc3ccc(-c4nc5cc(C(=O)O)ccn5c(=O)c4Br)cc3)s[nH]2)cc(Br)c1O,31.72
C=CCn1c(=c2ccc(=C)cc2)sc(=Cc2ccc(C#N)cc2)c1=O,15.89
O=C(O)c1cccc(-c2ccc(-c3nc(Cl)nc(Cl)n3)cc2)c1,13.5
C[n+]1ccc(-c2cc3ccccc3[n+](C)c2)cc1,20.25
Clc1ccc(OCCCCN2CCN(c3cccc4ncccc34)CC2)cc1,27.33
FC(F)(F)c1cc(-c2ccc(-c3nc(Cl)nc(Cl)n3)cc2)cc(-c2cccc(-c3nnc(-c4ccccc4)o3)c2)c1,23.98
Cc1cc(-c2ccc(C(=CC#N)c3cncc(C#N)c3)cc2)ccc1C#N,23.85
N#Cc1ccc(-c2ccc(-c3nc(-c4ccncc4)cc(-c4cnc(C#N)c(F)n4)n3)cn2)nc1,21.49
N#CC=Cc1ccc2nc(-c3ccnc(C#N)c3)ncc2n1,22.24
Cc1nc(-c2cccc(C#N)c2)nc(=N)[nH]1,23.17
N#Cc1cncc(-c2ccc3nnn(C=Cc4ccccc4N4CCOCC4)c3n2)c1,26.6
N#Cc1ccc(-c2ccc(-c3nc(-c4ccc(-c5ccc(C#N)c(F)c5)nc4)nc(C(F)(F)F)n3)cn2)nc1,19.01
CCc1nc(-c2ccc(-c3nc(-c4ccc(-c5ccc(C#N)cn5)nc4)nc(-c4cccc(C#N)c4)n3)cc2)no1,14.0
Cc1ccc(Oc2cc(C#N)cnc2N(Cc2ccncc2)Cc2ccc(F)c(C(F)(F)F)c2)cc1,28.74
N#Cc1ccc(-c2ccc3c(-c4ccc(C#Cc5cncc(C#N)c5)nc4)nc(C(F)(F)F)nc3n2)cc1,25.08
CCOC(=O)c1c(-c2cc3ccccc3[nH]2)nc(-c2cc(C(C)C)c(O)cc2O)n1-c1nccc(-c2cncc(C#N)c2)n1,37.59
CC(=NO)c1ccc2c(c1)CCC(N(C)C(=O)c1ccc(-c3ccc(F)cc3)cc1)C2,28.75
NN=Cc1c[nH]c2ccc3n[nH]cc3c12,29.28
N#Cc1ccc(Cc2ccc(C#N)cc2F)cc1,19.75
COc1cc(-c2nc(=Nc3ccc(C#N)cc3)nc(Oc3cccc4cc(C)cnc34)[nH]2)ccc1-c1ccncn1,39.55
CC(=O)Nc1cc(C#N)ccc1N=c1nc(N=c2cc(C3CC3)[nH][nH]2)c(Br)c[nH]1,22.97
N#Cc1cccc(-c2c(-c3ccc(F)cc3)ncn2Cc2ccc(Br)cc2)n1,19.16
CN1CCC(Oc2cccc(-c3nc(-c4ccc(-c5ccc(C#N)cc5)cc4)nc(-c4ccc(-c5nc6cc(F)ccc6[nH]5)cc4)n3)c2)CC1,24.29
Cc1cc(N=Cc2cccc(C=CC#N)n2)no1,23.07
N=c1nc(Nc2ccc3c(c2)C(=O)c2ccc(N)cc2C3=O)nc(-c2ccc3ccncc3c2)[nH]1,24.77
N#Cc1ccc(-c2ccc(-c3nc(-c4ccc(-c5ccc(C(F)(F)F)c(C#N)c5)s4)nc(C(F)(F)F)n3)nc2)nc1,17.28
CC(O)c1nc(-c2ccc(-c3cccc(C#N)c3)cc2)no1,18.95
CCOC(=O)C(=O)Nc1cccc(C=Cc2nc(-c3ccc(-c4ccc(C#N)cn4)nc3)cs2)c1,31.28
Cc1ncnc(-c2cncc(C#N)c2)c1C#Cc1ccc(F)cc1,17.54
N#Cc1nc(-c2cc(N3CC4CC4C3)nc(-c3cccc(C4CCOCC4)c3)n2)n[nH]1,27.42
N#Cc1ccc(C(c2nc(-c3cccc(C#N)n3)ncc2C(=O)NCCc2cc[n+]([O-])cc2)n2cc(C#N)cn2)cc1,43.46
NCCc1ccc(S(N)(=O)=O)cc1,16.7
N#CCOCc1nnc(-c2ccc(-c3cnc(-c4cncc(C#N)c4)c(C#N)c3)nc2)o1,28.9
CC(C)COc1ccc(Cl)cc1-c1nc(-c2c(F)c(F)c(C#N)c(F)c2F)nc(-c2c(F)c(F)c(C#N)c(F)c2F)n1,19.84
N#Cc1ccc(-c2ccc(-c3nc(-c4ccc(-c5ccc(C#N)cn5)nc4)nc(-c4ccc(-c5cc6ccc(C(F)(F)F)cc6nc5Cl)nc4)n3)cn2)nc1,15.47
CC(=O)c1sc(N=Cc2ccc(-c3nc(-c4ccc(N=c5cc[nH]c6cc(C(F)(F)F)ccc56)cc4)nc(-c4ccc(-c5ccc(C#N)cn5)cc4)n3)cc2)nc1C,29.93
N#Cc1ccccc1S(=O)(=O)NCC1CN(Cc2ccc(Cl)cc2)Cc2nccn2C1,32.73
N#Cc1ccc(-c2noc(-c3ccc4c(-c5nn(-c6ccc(F)cc6)c(-c6ccc(Br)cc6)c5C#N)coc4c3)n2)cc1,30.51
Cc1nccn1-c1cccc(=NC(=O)C2CC2(C(=O)N2CCC(Oc3ccc(F)cn3)CC2)c2ccccc2)cc1,37.28
N#Cc1cccc(-c2cc(-c3ccc(-c4cc(C#N)c(O)c(C#N)c4)cc3)c(C#N)c(N3CCOCC3)n2)n1,25.2
Cc1cc(C=NN=c2nc(N=c3ccc(C(F)(F)F)c[nH]3)c3ccccc3[nH]2)c(C)n1-c1ccccn1,38.66
CC(C)C1COC(=O)N1c1ccn2c(C#N)nc(-c3ccc(-c4ccccc4C#N)cc3)c(C#N)c12,28.34
CC(C)Oc1ccc(-c2ccc(-c3nc(-c4ccc(-c5ccc(C#N)cn5)cc4)nc(-c4ccc(C(N)=O)nc4)n3)cc2)cc1C#N,20.23
N#CCN(c1ncccn1)S(=O)(=O)c1ccc(N)cc1,29.49
N#Cc1ccc(Nc2c(Cl)c(Cl)c(C#N)c(F)c2C#N)cc1,15.22
N#Cc1ccc(-c2ncc(-c3ccc(C(=O)NCc4ccnc(-c5ccc(C#N)cc5)n4)nc3)cn2)cc1,23.01
Cc1noc(-c2ccc(-c3nc(-c4ccc(Oc5ccc(F)cc5)cc4)nc(-c4ccc(-c5cc(Cl)cc(Cl)c5)cc4)n3)cc2)n1,23.12
Cc1cc(C#N)cc2nc(-c3ccc(NC(=O)c4ccc(C#N)o4)cc3)oc12,23.14
CNC(=O)C1=CN(Cc2ccc(Cl)cc2)C(=O)N(Cc2cc(Cl)cc(OC)c2)c2ccccc21,40.22
CC(C)Oc1ccc(-c2ccc(-c3noc(-c4ccc(C#N)cc4)n3)nc2)cc1C#N,15.17
N#Cc1ccc(-c2ccc(-c3nc(Cc4ccc(-c5ccccc5)cc4)[nH]c(=O)n3)cc2)cc1,18.54
Nc1ccc2c(c1)C(=O)c1ccc(NC(=O)Nc3cccc(Cl)c3)cc1C2=O,20.37
CN(C)CCCCCCCCN1C(=O)c2ccccc2Sc2ccccc21,23.18
Cc1cc(NC(=O)c2ccccc2)ccc1NC(=O)c1ccccc1F,22.71
N#Cc1ccc(N2CCN(Cc3noc(-c4cccnc4)n3)CC2)nc1,21.0
CC(C)(C)C(N)c1ccccc1CCc1nc(=Nc2ccc(C#N)nc2)[nH]cc1F,23.24
N#Cc1ccc(C(=O)Nc2ccc3c(c2)C(=O)c2ccc(N)cc2C3=O)cc1,11.76
Cn1cc(-c2cnc3cc(-c4ccc(-c5cnccc5C#N)nc4)cnc3c2)cn1,29.91
C=CCn1c(C=Cc2ccc(-c3ccc(C=O)cc3)nc2)nc(-c2ccc(SCCCCCC)nc2)c1C=Nc1ccc(Cl)cc1,36.5
Cc1cccc(Nc2cc(N=Cc3ccc(C#N)cc3)c(O)cc2N)c1C,15.09
N#Cc1ccc(-c2cnc(-c3cnc(=N)[nH]c3)nc2C2=CCOCC2)nc1,18.91
Cc1cc(-c2ccc(C#N)c(C#N)c2)ncc1C#N,17.43
CN(C)CC1(O)C(=O)OCc2c1cc1n(c2=O)Cc2c-1nc1ccccc1c2C#N,25.57
c1ccc(-[n+]2ccc(-c3ccncc3)cc2)nc1,9.83
COc1nc(Cc2ccc(F)cc2)c(-c2ccc(F)cc2)[nH]c1=NC(=O)c1cccc(-n2cccn2)c1,35.43
Cc1nccc(-c2nc(-c3cnc(-c4ccc(OCC(C)(C)C(=O)O)nc4)nc3)nc(-c3ccc(Cl)o3)n2)n1,33.99
N#Cc1cccc(-c2cncc(C(=O)NN=Cc3cccnc3)n2)c1,26.88
Cc1ccc(-c2cc(C(=O)Nc3cccc(C#N)c3)c3ccccc3n2)cc1C,18.39
CC1=NC2(Cc3ccc(NC(=O)c4ccn(-c5ccc(F)cc5)c4C4CCN(C(=O)OC(C)(C)C)CC4)cc3C2)C(=O)N1C,23.43
N#Cc1cccc(C#CC(O)(Cn2cncn2)c2ccc(F)cc2)n1,21.44
N#Cc1c[nH]c2c(-c3nc(-c4cccc5cccnc45)nc(-n4ccc5ccccc54)n3)cccc12,25.37
N#Cc1ccc(-c2nc(-c3ccc(-c4ccc(C#N)cn4)cc3)n(-c3ccc(C#N)cc3)n2)cc1,14.53
Cc1nc(=NCc2ccccc2)[nH]c(=Nc2ccc(F)cc2)[nH]1,24.98
N#Cc1ccc2[nH]c(-c3ccc(C(=O)NCCC4=CCc5ccccc54)cc3)nc2c1,28.89
Nc1ccc2c(c1)COc1cc(NCc3ccccc3Cl)ccc1C2=O,19.11
N#Cc1cccnc1Cn1cc(F)c(=O)[nH]c1=O,20.89
O=C1NCCCCC1N(Cc1ccc(Cl)cc1)S(=O)(=O)c1ccc(Cl)cc1,19.05
N#Cc1ccc(-c2nc(-c3cccnc3)nc(-c3ccc(-c4ccc(C#N)cn4)nc3)n2)cc1,10.38
N#Cc1ccc(-c2ccc(C(=O)NCc3cc(-n4ccnc4)ccc3F)cn2)cn1,31.09
Cn1cc(C#N)c2cc(-c3ccc(C#N)s3)ccc21,21.93
N#Cc1ccc(-c2c(C#N)c(C(=O)N=c3cccc(C#N)[nH]3)nn2-c2ccc(Cl)cc2Cl)cc1,23.11
CCOc1cc(C#N)ccc1-c1cc(C#N)cnc1-c1ccc(C#N)cc1,20.33
Cn1c(=O)c2cc(Nc3ccc(C=C4N=Nc5ncccc54)o3)ccc2c2ccccc21,33.04
N#Cc1ccc(Cn2nc(-c3ccc(-c4ccc(C#N)cc4)cc3)ccc2=O)cc1,13.29
O=C(O)CN(CCc1ccc(F)cc1)C(=O)C(Cc1cn(Cc2ccc(Cl)cc2)c2ccccc12)NS(=O)(=O)c1cc(Cl)cc(Cl)c1,43.84
N#CCc1cc(-c2cncc(C(F)(F)F)n2)c(F)c(-c2ncc(C#N)cn2)c1,22.64
N#Cc1ccc(-c2nc(C(O)c3ccc4ccccc4c3)nc(C(O)(Cc3ccccc3)c3ccccc3)n2)cc1,37.67
Clc1nc(Cl)nc(-c2ccc(-c3cncc(-c4ccc(-c5nc(Cl)nc(Cl)n5)s4)c3)cc2)n1,17.92
COc1cc(C=Nc2cc(-c3ccc(OCC(O)CNCCc4ccc(NC(=O)Cc5cn(-c6ccc(C#N)cn6)cn5)cc4)cc3)nc(SC)n2)ccc1OCc1ccc([N+](=O)[O-])cc1,56.21
N#Cc1ccc(F)cc1,9.57
Cc1cc(C)n2c(O)c(-c3nc(-c4ccc(C#N)cc4)nc(-c4ccc(C#N)cc4)n3)nc2n1,29.08
CC(c1ccc(C#N)cc1)n1c(-c2cncc(C#N)c2)nc(NC(=O)c2ccc(-c3ccc(C#N)cc3)nc2)c1C#N,32.72
CC(C)(C#N)c1ccc(-c2cc(-c3ccc(-c4nc(Cl)nc(Cl)n4)cc3)nc(-c3ccc(C#N)cc3)n2)cc1,17.24
N#Cc1ccc(CNS(=O)(=O)c2ccc3c(c2)CCCN3C(=O)C2CCC2)cc1,22.55
C[n+]1cccc2ccccc21,15.44
CN1CCN(Cc2cccc(-c3nnc(-c4cccc(-c5cncc(C#N)c5)n4)s3)c2)CC1,26.83
CN1CCN(c2ncc(-c3ccc(-c4nc(-c5ccc(C#N)cc5)c(-c5ccnc(C=Cc6ccc(C#N)cn6)c5)o4)cc3)nc2Cl)CC1,32.45
N#Cc1ccc(-c2nc(-c3ccc(C#N)cc3)nc(-c3ccc(-c4c(F)c(F)c(F)c(F)c4F)cc3)n2)cc1,12.08
COc1ccc(-n2ccnc2CCN2CCCNCC2)cc1,31.11
N#CC=COC(=O)N(C=Nc1cccc(Cl)c1)C(=O)CCl,31.39
N#Cc1cccc(-c2nc(-c3ccc(OCCC4CCCN(C(=O)C5CC5)CC4)c(C#N)n3)nc(N3CC(F)C3)n2)n1,29.33
N#Cc1cc([N+](=O)[O-])ccc1-n1cncn1,22.0
CN1C(=O)C(=Cc2ccccc2O)N(C)C1=S,21.01
COc1ccc2c(c1)CCCC2(C#N)CCCN1CCC(=C(c2ccccc2)c2ccc(C)cc2)CC1,29.17
NCCN(CCN)CCNS(=O)(=O)CCCOCCCN1c2ccc(Cl)cc2Sc2ccc(F)cc21,48.3
O=c1[nH]c(O)c(Cc2ccc(Cl)c(NCc3ccnc(-c4cccnc4)n3)c2F)s1,26.56
N#Cc1ccc(Nc2ccc(O)cc2N)c(C(=O)Nc2ccc(F)c(Cl)c2)c1,36.21
N#Cc1ccc(-c2nc(-c3ccccc3)cc(-c3nc(C#N)c(N)o3)n2)cc1,19.05
N#Cc1cncc(-c2cccc(-c3nc(-c4cncc(C#N)c4)nc(-c4cncc(C#N)c4)n3)c2)c1,13.06
CCCCc1nc2ccc(C3SC(CO)C(O)C(O)C3O)cc2c(=O)n1Cc1ccc(-c2ccccc2-c2nc(=O)o[nH]2)cc1,27.65
Cc1ccc(S(=O)(=O)Nc2ccc3c(c2)C(=O)N(CC2CCCO2)C3=O)cc1C,23.8
N#Cc1ccc(CN(Cc2cccc(C#N)c2)Cc2cccc(C#N)c2)cc1,19.17
N#Cc1ccc(-c2nc(CC(=O)O)cc(-c3ccc(-c4nc(-c5ccc(-c6ccc(C#N)cn6)cc5)nc(-c5ccc(-c6cnccn6)cc5)n4)cc3)n2)cc1,19.93
N#Cc1ccc(-c2nc(-c3cncc(C#N)c3)nc(-c3cc(C#N)ccn3)n2)cc1,15.31
N#Cc1ccc(-c2ccc(-c3nc(-c4ccc(F)cc4)cc(-c4ccc(Cl)cc4)n3)cc2)nc1,18.75
Cn1sc(=Nc2ccc(C#N)cc2)nc1-c1ccccc1,16.07
Cc1cccc(OCC(=O)N2N=C(c3ccccc3)CC2c2ccc(C3CCCCC3)cc2)c1,27.85
N#Cc1ccc(-c2nc(-c3cccc(C#N)n3)nc(-c3cccc(Br)c3)c2-c2ccccc2)cc1,26.23
Cc1cc(-c2c(F)cc3c(=Nc4ccc(-c5nc(C(N)=O)n[nH]5)cc4)ccn(C4CC4)c3c2F)cc(C)n1,34.1
COc1ccc(-n2c(-c3ccc(C#N)cc3)ccc(C(=O)NC3CCC(CNS(=O)(=O)C(C)C)CC3)c2=O)cc1,26.73
N#Cc1ccc(-c2nc(-c3cccc(C(F)(F)F)c3)nc(-c3cccc(C#N)n3)n2)cc1,12.42
COc1c2ccoc2cc2oc(=O)cc(Cn3ccnc3)c12,28.13
COC(=O)Cc1noc(-c2ccc(-c3ccc(NC(=O)c4ccc(Cl)c(Cl)c4)cc3Cl)cn2)n1,29.92
COc1ccc2c(c1)C(=O)C(=CC([O-])[N+]([O-])=Cc1ccc(C#N)cc1)N2C,28.35
N#CC1(CNC(=O)c2nc(C3CC3)c[nH]c2=Nc2ccc(F)cc2)CCN(Cc2ccccc2)CC1,27.84
NC(=O)c1cccc(NC(=O)CCNC(=O)c2cc(C(F)(F)F)nn2-c2cccc(-c3ccc(F)cc3)c2)c1,35.33
N#Cc1ccc(C(=O)c2ccccc2CSC(=N)N)cc1,23.39
CCn1c(-c2ccc(-c3ccc(C#N)cc3)nc2)c(C(=O)NC)c2ccc(-c3nc(-c4ccc(C#N)cc4)no3)cc21,29.39
N#Cc1ccc(-c2nc(C#Cc3ccc(CCC(=O)O)c(F)c3)sc2-c2ccc(F)cc2)cc1,23.11
N#CC=Cc1ccc(-c2nc(-c3ccccc3OCCCCc3ccc(-c4cc(=NCc5ccccc5)cc(Nc5ccc6c(c5)C(=O)c5ccccc5C6=O)[nH]4)c(O)c3)[nH]c(=N)n2)cc1,61.11
N#Cc1cccc(-c2nc(-c3cccc(C#N)n3)nc(N3CCNCC3)n2)n1,10.66
CC1CN(c2ccc(N=c3cnc(N=c4cc(C5CC5)[nH][nH]4)ccc3C(=O)NCc3ccc(C#N)cc3)c(C(F)(F)F)n2)CCO1,39.18
CC(=O)Nc1ccc(-c2ccnn2-c2ccc(-c3ccc(C#N)cc3)cc2)cc1[N+](=O)[O-],30.13
N#Cc1ccc(N2CCN(C(c3ccncc3)c3nnnn3C3CCCC3)CC2)nc1,25.69
CN1CCN(c2nc(N=CC=Cc3ccc(Cl)cc3)nc(-c3ccccn3)n2)CC1,27.4
CC(C)n1cc(C#N)c2cc(-c3cncc(C(=O)N=c4cc[nH]cc4)c3)ccc21,25.89
CCOC(=O)N1CCN(CC(=O)NN=Cc2ccncc2)CC1,21.45
COc1cc2c(cc1-c1cnn(C)c1)N(C)C(=O)C(O)(c1cnc(-c3ccc(-c4cccnc4)nc3)c(F)c1)C2,44.38
Cc1nc(N=c2c(C(N)=O)c[nH]c3c2cnn3C)cc(-c2cnn(CC(C)(C)O)c2)n1,38.82
N#Cc1ccc(-c2nc(-c3ccc(-c4noc(-c5ccc(-c6ccc(C#N)cn6)cc5)n4)cc3)ccc2-c2ccc(-c3nc(Cl)nc(Cl)n3)cc2)cc1,17.51
Cc1nc(CN(c2ccc(C#N)cc2)c2nc(C#N)nc(N3CCOCC3)n2)co1,21.63
C#CC1(O)CCC(c2cncc(-c3ncc(-c4ccc(-c5cc(F)cc(C#N)c5)cc4)cn3)c2)C1CC(=O)O,53.9
CC(C)(C#N)NC(=O)C(NC(=O)CN1CC(N)=NC(CC2CCCCC2)C1)c1ccc(-c2ccccc2-c2nn[nH]n2)cc1,49.66
C=Cc1cc(C=CC=CC=CCCC=CCO)c(C(=O)OC)o1,32.64
N#Cc1ccc(-c2ccc(Cc3cc(C=CCCC(=O)O)sc3-c3ccc(F)cc3)cc2)cc1,32.35
O=C1C(Oc2c(Cl)cccc2Cl)C(c2ccc([N+](=O)[O-])cc2)N1Nc1ccc(Br)cc1,35.19
Cc1nc(-c2cnc3cc(C(F)(F)F)nn3c2)n(-c2ccc(-c3cc(-c4ccncn4)nc(C4CC4)n3)cc2)n1,43.32
COc1cc(F)cc(C=CCNCc2cccnc2C)c1,33.66
N#Cc1cccc(-c2cccc(C(=O)N3CCC4C3CC=CN4Cc3ccccc3)c2)n1,33.28
CCc1n[nH]c(=NC(=S)NCCc2cccc(C#N)c2)s1,25.91
N#Cc1cccc(-c2cc(N3CCCC(N)C3)nc(-c3cccc(C#N)n3)n2)n1,12.7
CC1CN(Cc2ccncc2C#N)CCC1c1cccc(C(N)=O)c1,23.47
CCCc1nc(-c2ccc(-c3cccc(C(=O)OC)c3)cc2)cc(=NC(=O)Cc2ccc(-c3ccnc(C(=O)O)c3)cc2)[nH]1,33.23
CC(C)n1c(-c2nc(C#N)ccc2C(=O)N2CCCC(NC3CCC(O)CC3)C2)nc2ccc(C#N)cc21,37.58
N#Cc1ccc(-c2ccc(-c3noc(-c4ccc(-c5ccc(C#N)cc5)cc4)n3)cc2)cc1,10.55
Cc1nc(C(=O)C=C(C#N)c2ccc(OCc3cccc(-c4cnc(-c5nc(=O)o[nH]5)nc4)c3)cc2)ncc1C(N)=O,46.31
CN(C)c1ccc(C=Cc2c3ccccc3[n+](C)c3ccccc23)cc1,17.55
N#Cc1cccc(-c2cc3c(cc2F)c(=O)nc(N2CCCC(N)C2)n3C2CC2)n1,24.61
COc1ccc(Nc2cc(N=Cc3ccc(-c4ccc(C#N)nc4)cc3)c(O)cc2N)cc1,18.44
N#Cc1ccc2c(c1)S(=O)(=O)c1cc(C#N)ccc1C2=O,15.59
N#Cc1ccc(-c2ncc(-c3cc(C#N)nn3C3CN4CCC3CC4)cn2)cc1,29.5
N#Cc1ccc(-c2ccc(-c3nc(-c4ccc(-c5ccc(C#N)cn5)nc4)nc(N4CCOCC4)n3)cc2)nc1,9.82
N#Cc1cncc(-c2ncc(C#N)cc2C#N)c1,12.62
Cc1nc2cnc3c(c2n1CCc1ccc(-c2cccc(C#N)c2)cc1)CCCC3,34.5
N#Cc1ccc(N2CCN(C(=O)c3cncc(C#N)c3)CC2)nc1,17.74
Cc1ccc2c(=O)[nH]c(-c3cccc(NC(=O)c4cccnc4)c3)nc2c1C,32.86
N#Cc1ccc(C=Cc2cc(C#N)ccc2-c2noc(-c3ccc(C=Nc4ccc(C#N)cc4)cc3)n2)cc1,24.0
N=C(N)c1ccc(CCC(=O)Nc2ccc(-c3cccc(C(=N)N)c3)cc2)cc1,22.59
COc1nc(-c2ccc(-c3nc(C#N)cc(-c4ccccc4C(=O)N(Cc4ccc(C#N)cc4)C4CCNCC4)n3)cc2)ccc1C(N)=O,36.91
N#Cc1c(F)c(F)c(-c2nc(-c3cccs3)nc(-c3c(F)c(F)c(C#N)c(F)c3F)n2)c(F)c1F,12.15
CC(C)(Cc1ccccc1)NCC(=O)N1CC(F)CC1C#N,21.06
N#Cc1ccc(NC(=O)c2ccc3c(c2)C(=O)c2ccccc2S3(=O)=O)cc1,19.85
OCc1ccc(Nc2cc(O)c(N=Cc3cc(O)c(O)c(O)c3)cc2O)cc1,23.9
COCCc1ncnc(CN2CCCC2c2nc(-c3ccc(Cl)c(Cl)c3)no2)n1,26.89
Cc1nnc(CNC(=O)c2nc(-c3cncc(C#N)c3)cc(-c3cccc(C#N)c3F)n2)o1,28.0
N#Cc1ccc(-c2csc(-n3[nH]c(-c4ccc(-c5ccc(C#N)cn5)cc4)nc3=N)n2)cc1,18.33
CN(C)C(=S)SCCC(=O)c1ccc(Br)cc1,26.36
CC(C)c1ccccc1-c1nc(=S)cc(Cc2cnc(-c3ccc(C#N)cc3)nc2)[nH]1,30.73
N=C(N)c1ccc2[nH]c(-c3ccc(-c4cc(C(=O)NCCCN5CCCC5)ccc4O)cc3)cc2c1,31.85
N#Cc1ccc(-c2ccc(-c3nc(-c4ccc(-c5ccc(C#N)cn5)cc4)nc(-c4c[nH]c5c(C#N)cccc45)n3)cc2)cc1,12.62
N#CCCCOc1ccc2cc(C(=O)c3ccccc3)ccc2c1,23.93
CNC(=O)c1cc(-c2ccc(-c3noc(C)n3)cc2)nc(-c2ccc(Oc3cccc(C#N)c3)nc2)c1,30.98
N#Cc1ccc(-c2nc3ccc(N)cc3nc2Sc2ccc(Cl)cn2)cc1,25.18
Nc1nc(N2CCOCC2)[nH]c(=NN=Cc2cccs2)c1[N+](=O)[O-],25.9
Cc1ccc(N=c2cncc(-c3cncc(C#N)c3)[nH]2)cc1,16.67
N#Cc1ccc(-c2nc(-c3cccc(C#N)n3)cnc2Sc2cccc(F)c2)cc1,25.67
COc1ncc(-c2cc(C3NC(=O)N=C(c4cnc(SC)nc4)C3C(=O)Nc3ccccc3)cc(-c3ccc(-c4ccc(C#N)cn4)nc3)n2)cn1,43.76
N#Cc1ccc(-c2cccc(C(=O)Nc3ccc(C(=O)N4CCNCC4)cc3)n2)cc1,18.64
Cc1nc(N=CN2CCN(C=O)CC2)cc(N2CCC(C(=O)Nc3ccc(-c4cc(-c5ccc(C#N)cc5)nc(-c5nccs5)n4)cc3)CC2)n1,34.36
C=CC(=O)NC1CCN(c2nc(-c3cccc(C#N)n3)nc(-c3cccc(C#N)n3)n2)C1,14.05
N#Cc1cc(-c2cc[nH]c(=Nc3cccc(Cl)c3)n2)ccc1NC1COC1,27.25
CCOc1cc(C(=O)N2CC(Oc3ccc(C#N)cn3)C2)ncc1C1CC1,32.64
N#Cc1ccc(-c2ccc(-c3nc(-c4ccc(-c5ccc6ccccc6c5)nc4)ccc3C#N)cc2)cc1,21.85
COc1cc(OC)c(OC)cc1C=CC(=O)NN=Cc1ccc(C)cc1,26.93
N#Cc1cc(C(=O)c2ccn(-c3c(Cl)c(Cl)c(Cl)c(Cl)c3-c3ncc(-c4cnc(C#N)nc4)nn3)n2)cc(C(F)(F)F)c1,42.7
N#Cc1ccc(-c2nc(-c3ccc(-c4nc(-c5ccc(C#Cc6ccc(-[n+]7ccc(C=NO)cc7)nc6)cc5)nc(-c5ccc(-c6ccc(C#N)cn6)cc5)n4)cc3)cs2)cc1,22.29
C=CCOc1ccc(OCc2ccccc2)cc1C(=O)C=Cc1cc(OC)c(OC)c(OC)c1,23.49
N=C(N)c1ccc(OCc2ccc(CCCC[n+]3ccc(-c4ccc(C(=N)N)cc4)cc3)cc2)cc1,27.08
N#Cc1ccc(-c2ccc(-c3nc(-c4ccc(-c5ccc(C#N)nc5)cc4)nc(-c4ccc(-c5ccc(C#N)cn5)cc4)n3)cc2)cc1,11.57
CN1CCN(c2nc(C#N)cc(-c3ccc(-c4cnccn4)nc3)n2)CC1,24.06
C=CCCCC1c2cc(OC)c(OC)cc2CCN1C,24.33
N=c1[nH][nH]c(N)c1N=Nc1nc(-c2ccccc2)n[nH]c1=O,23.85
N#Cc1c2ccccc2c(-c2nc(-c3nncc4cc(Cl)ccc34)nc(-c3c4ccccc4c(C#N)c4ccccc34)n2)c2ccccc12,16.15
CCc1cc(-[n+]2ccc(-c3ccncc3)cc2)nc(-[n+]2ccccc2Nc2ccc(C(N)=O)cc2)n1,33.09
Cc1cc(C)c(C#N)c(Oc2ccccc2C#N)n1,16.88
N#CC=Cc1cnc(-c2ccc(C#N)cc2)[nH]c1=O,22.28
CONC=Nc1cccc(-c2sc(C(=O)O)c(OCC(=O)O)c2Br)c1,21.53
Cc1cc(-c2ccc(-c3ccc(-c4nc(Cl)nc(Cl)n4)cc3)cc2)nc(-c2ccc(-c3nc(-c4ccc(Cl)cc4)cs3)cc2C)n1,17.24
CCOc1oc(=O)c2ccccc2c1Cl,20.05
N#Cc1ccc(C(=O)N2CCN(Cc3ccnc(-c4ccc(C(F)(F)F)cc4)n3)CC2)cc1,20.09
Cc1cc(C#N)cc(C)c1Oc1cc(Nc2ccc(C#N)cc2)c(N)cc1CO,18.78
N#Cc1ccc(-c2ccc(-c3nc(-c4ccc(-c5cncc(C#N)c5)cc4)nc(C(F)(F)F)n3)cc2)nc1,16.9
N#Cc1ccc(-c2nc(-c3ccc(-c4cccc(C#N)c4)cc3)nc(-c3ccc(-c4cccc(C#N)c4)cc3)n2)cc1,12.99
O=C(O)c1ccc(COc2ccc(C=NNC(=O)c3cc(C45CC6CC(CC(C6)C4)C5)c4ccccc4n3)c(O)c2)cc1,29.3
Cc1ccccc1C(C#N)=C1C=C(C=O)c2cc(F)ccc2C1=O,31.26
N#Cc1ccc(-c2ccc(-c3nc(-c4ccc(C#N)cc4)nn3-c3nc(Cl)c4c(n3)-c3ccc(CN)cc3C4)cc2)cc1,28.42
CN1CCN(c2nc(Nc3ccc4c(c3)C(=O)c3ccc(N)cc3C4=O)cc(-n3cnc4ccccc43)n2)CC1,14.82
CC(Nc1cnc(-c2ccc(C#N)cc2)c(-c2cn3ncnc3cn2)c1)c1cccnc1,29.34
COCCN1CCN(c2cc(-c3cccc(C#N)n3)nc(-c3cccc(C#N)n3)n2)CC1,12.92
Cn1c(CN2CCN(c3nc(OCC(=O)NC4CCCCC4)cc(-c4ccncc4)n3)CC2)nnc1C1CC1,38.2
CCOc1ccc(-c2c(-c3ccc(C#N)cc3)nc(-c3ccc(-c4ccc(C#N)cc4)cc3)nc2-c2ccc(-c3ccc(N)c(C#N)n3)cc2)cc1,22.1
N#Cc1ccc(-c2ccc(-c3nc(-c4ccc(-c5cccnc5)cc4)nc(-c4ccc(-c5cc6ccc(C#N)cc6s5)cc4)n3)cc2)cc1,17.87
Nc1ccc2c(c1)C(=O)c1ccc(NC(=O)c3ccc(Cl)cc3)cc1C2=O,18.23
C=c1c(=c2ccccc2=C(O)Nc2cc(C(=O)c3ccc(C=CC(=O)Nc4cccc5ccccc45)c4ccccc34)ncn2)c(C#N)c(O)n1C,63.39
N#Cc1ccc(CNC(=O)c2nc(-c3cc(C#N)cs3)c3ccccc3n2)cc1,21.28
O=S(=O)(N=c1nccc[nH]1)c1ccc(NC(=S)NCc2ccc(F)cc2)cc1,22.7
C=Cc1ccc(-c2ccc(-c3c[n+](-c4cccc(C(=N)N)c4)nc(-c4ccc(-c5ccccc5)cc4)n3)cc2)cc1,28.86
Cc1ccc(-c2c(C(=O)C3CCCC3)c(O)c(O)n2-c2ccc(-c3ccn(C)n3)cc2)cc1,29.56
N#Cc1cccc(-c2cc(N3CCC(N)C3)nc(-c3cccc(C#N)n3)n2)n1,10.97
COC(=O)c1cnc(-n2ccnc2)nc1,24.75
N#Cc1ccc(-c2nc(-c3cncc(C#N)c3)nc(-c3cccc(C#N)n3)n2)nc1,10.08
N#Cc1cncc(-c2nc(-c3ccccc3)nc(-c3c4ccccc5c(C#N)c(c3-4)C=CC=C5)n2)c1,18.35
N#Cc1cccc(CN2CCn3cc(-c4cccc(C#N)c4)cc3C2=O)c1,22.63
Cc1cccc(C=NCc2ccnc(C#N)c2)c1O,19.02
N#Cc1ccc(-c2ccc(-c3nc(-c4nccs4)nc(-c4c(F)c(F)c(C#N)c(F)c4F)n3)cc2)cc1,20.15
Cc1ccc(NC(=O)c2cccc(C(F)(F)F)c2)cc1-c1cn(C)c(=O)c(=Nc2cncc(C#N)c2)[nH]1,19.43
CC(C)(C)OC(=O)NC1CCCN(c2nc(-c3cccc(C#N)n3)nc(-c3cccc(C#N)n3)n2)C1,13.37
N#Cc1ccc(-c2cnc(-c3ccc(C#N)nc3)nc2C(N)=O)nc1,16.81
N#Cc1ccc(-c2ccc(-c3nc(-c4cccnc4)cc(-c4ccc(-c5ccc(C#N)cn5)[nH]c4=N)n3)cc2)cc1,19.34
CCCNC(=O)C1CC(O)CN1C(=O)c1ccc(-c2nc(-c3ccc(Cl)cc3Cl)nc(C)c2-c2noc(C)n2)cc1,41.12
Cc1nn(C(CC2CCCC2)C(=O)N=c2[nH]o[nH]c2=N)c(=O)c2cccn12,37.64
N#Cc1ccc(-c2ccc(-c3ccc(-c4nc(Cl)nc(Cl)n4)cn3)cc2)cc1,10.09
C=CC[n+]1ccc2cc(OC)c(OC)cc2c1,19.05
CC1CN(c2nc(-c3cccc(C#N)n3)nc(-c3cccc(C#N)n3)n2)C1,13.14
Nc1ccc2c(c1)COc1ccc(NCc3ccc(C(F)(F)F)cc3)cc1C2=O,19.24
CC1(C)CCc2c(c(C#N)c3ccccc3c2-c2nc(-c3ccc(-c4cccc(C#N)c4)cc3)nc(-c3ccc(C=Cc4ccc(C#N)cc4)cn3)n2)O1,28.8
COC(C(=O)NN=Cc1ccc(F)c(F)c1)c1ccccc1,24.14
O=C(C=Cc1ccc(F)cc1F)c1ccc(N=c2cc[nH]c3cc(Cl)ccc23)cc1,23.88
Nc1cc(O)c(N=Cc2ccc(Cl)cc2)c(O)c1Nc1ccc(Cl)cc1,11.45
Nc1ccc2c(c1)C(=O)c1ccc(NCc3ccccc3)cc1C2=O,12.62
COC(=O)c1cccc(N=c2cc(N3CCOCC3)[nH]c(Nc3ccc4nc(C)sc4c3)n2)c1,36.67
Cn1nc(CC#N)nc1-c1ccc(C#Cc2ncc(-c3nc(-c4cccc(C#N)c4)nc(-c4cncc(C#N)c4)n3)cn2)cc1,22.21
O=[N+]([O-])C=Cc1ccc([N+](=O)[O-])cc1,17.08
Oc1c2c(c(O)n1Cc1ccccc1)C1c3ccccc3C2c2ccccc21,18.03
CC(=O)NC1=NC(=O)CN(CCc2ccccc2)N1,26.44
N#Cc1ccc(C2N(C(=O)C3CC3)C(c3ccc(Cl)cc3)c3c(C#N)c(-c4ccc(-c5ccc(C#N)cn5)cc4)nn32)cc1,26.18
Cc1ccc(-c2nc(C(=O)NCc3ccc(CNC(=O)N(C)c4cccc(Cl)c4)cc3)c(C(=O)NCc3ccc(C(=O)O)cc3)o2)cc1,46.17
CCc1nc2cc(NC(=O)CCN3CCOCC3)ccc2c2c1C(=O)c1ccc(NC(=O)CN3CCCC(CO)C3)cc1C2=O,35.08
N#Cc1ccc(Cn2ccc(=O)nn2)cc1,19.52
COc1ccc(-c2cc(-c3cc(OC)c(OC)c(OC)c3)n(-c3cc(OC)c(OC)c(OC)c3)n2)cc1F,22.64
N#Cc1cc(N=c2c(C=O)c(NC3CCCNC3)[nH]c3ccnn23)ccc1-c1cccc(F)c1,34.95
CC(=O)n1cc(OC(=O)C(C)Sc2n[nH]c(=Nc3ccc(C)cc3)s2)c2ccccc21,43.42
N#Cc1cccc(-c2nccc(Nc3ccc4c(c3)C(=O)c3ccc(N)cc3C4=O)n2)n1,10.38
Cc1cc(=NS(=O)(=O)c2ccc(NC(=O)c3cc(-c4ccc(C)c(C)c4)nc4ccccc34)cc2)[nH]c(C)n1,25.38
CCN1c2nc(-c3cncc(C#N)c3)ccc2N(C)S(=O)(=O)c2cccnc21,18.85
N#Cc1ccc(-c2ccc(-c3cc4c(C(F)(F)F)cc(C=Cc5cccc(C(N)=O)n5)nc4c(C#N)n3)cn2)nc1,25.67
N#Cc1ccc(-c2nc(-c3ccc([N+](=O)[O-])cc3)nc(-c3ccc(-c4ccc(C#N)cn4)nc3)n2)cc1,12.7
O=C1CCC(N2C(=O)c3ccccc3C2=O)C(=O)N1O,17.86
COc1ccc(NC(=O)C2CCCN(c3nc(C)nc4ccsc34)C2)cc1OC,26.61
N#Cc1ccc(NC(=O)C=Cc2ccc(OCc3ccccc3)cc2)c(C(=O)O)c1,19.71
Cc1c(C(Br)c2cc(F)c(F)c(C#N)c2F)n(C)c(=O)[nH]c1=O,22.96
N#Cc1ccc(-c2ccc(-c3nc(-c4ccc(-c5ccc(C#N)cn5)nc4)nc(-c4ccc(-c5ncc(C#N)cn5)nc4)n3)cn2)nc1,9.63
NS(=O)(=O)c1ccc(CCNC(=O)c2cccc([N+](=O)[O-])c2)cc1,19.78
N#Cc1ccc(-c2ccc(-c3nc(-c4ccc(-c5ccnc(C(F)(F)F)c5)nc4)nc(-c4ccc(-c5ccc(C#N)cn5)nc4)n3)cc2)cc1,16.73
N#Cc1cc(F)cc(C(=O)c2c(F)ccc(C=Cc3ccc(C#CC=Cc4ccccc4)cn3)c2F)c1,39.74
CN(CC#N)C(=O)c1ccc(Oc2oc(C#N)cc2NC(=O)Cc2ccc3c(c2)OCO3)cc1,46.01
N#CC(C#N)c1c[nH]c2ccccc12,20.14
COc1ccc(C(=O)NC(C)c2ccc(-n3cccn3)cc2)nc1-c1cccc(C#N)c1,23.77
CCOC(=O)c1[nH]c2c(C)cccc2c1C=NN=c1nc(N2CCOCC2)c2cc(C)c(C)cc2[nH]1,34.1
N#Cc1ccc(-c2nc(C#Cc3cc(F)cc(C#N)c3)nc(-c3cncc(C#N)c3)n2)cc1,15.72
N#Cc1ccc(-c2ccc(-c3nc(-c4ccc(-c5ccc(Cl)cc5)cc4)nc(-c4cc(F)c(Cl)cc4Cl)n3)cc2)cc1,20.17
Cc1nn(-c2ccc(C(N)=O)cc2N)c2nc(-c3ccc(C(=O)N4CCN(c5ncccn5)CC4)cc3)cc(C(F)(F)F)c12,32.83
NC1=NC(c2cc(NC(=O)c3ncncc3Cl)ccc2F)(C(F)F)C2CC2O1,18.83
Cn1c2c(c3ccccc3c1=O)C(=O)c1ccccc1-2,18.98
N#CC=Cc1ncccn1,10.55
N#Cc1ccc(C#N)c(C#N)c1,8.63
CCN(CC)CCOC(=O)c1ccc(-c2ccc(F)cc2)cc1,21.89
N#Cc1c(-c2ccc(Cl)cc2)nc(SCc2ccc(F)c(F)c2)c(Cl)c1Cl,23.81
N#Cc1cc(-c2ccc(-c3ccc(Cl)cn3)nn2)cnc1Cl,22.55
N#Cc1ccc(NC(=O)c2ccc(-c3ccc(F)c(F)c3C#N)cc2)cc1,14.3
CN(Cc1cccc(F)c1)C(=O)Cc1c(-c2ccc(C#N)cc2)nc2ccc(Cl)cn12,26.67
N#Cc1ccc(-c2nc(-c3ccc(-c4ccc(C#N)cn4)nc3)nc(-c3c(F)c(F)c(C#N)c(F)c3F)n2)cc1,15.68
N#Cc1ccc(N(c2ccc(C#N)c(C#N)c2)n2cccc2)cc1,18.34
N#Cc1ccc(-c2ccc(-c3nc(-c4ccc(-c5ccc(C#N)cn5)nc4)nc(-c4ccccc4C#N)n3)cc2)cc1,9.65
Nc1ccc2c(c1)C(=O)c1cc(N=CN3CCN(C=O)CC3)ccc1C2=O,12.95
Cc1ccc(S(=O)(=O)N(Cc2ccc(C(C)(C#N)C#N)cc2)c2cc(C#N)ccc2F)nc1,36.94
N#Cc1ccc2c(c1)Cc1cc(Nc3nc(Nc4ccc5c(c4)C(=O)c4ccc(N)cc4C5=O)nc(Nc4ccc5c(c4)C(=O)c4cc(N)ccc4C5=O)n3)ccc1C(=O)N2,12.92
Cc1cc(Nc2ccc3c(c2)C(=O)c2ccc(N)cc2C3=O)nc(Nc2ccc3c(c2)C(=O)c2cc(N)ccc2C3=O)n1,14.57
COc1ccc(-c2nc(-c3cncc(C#N)c3)nc3c2CCN(C(C)=O)C3)cc1F,23.75
O=c1[nH]cnc2nc(Cl)ncc2c1=Nc1ccc(-c2ccncc2)c(F)c1,33.06
N#Cc1ccc(C(=O)C=Cc2cccc(OCc3ccccc3)n2)c(C(=O)O)c1,31.22
N#Cc1ccc(-c2c(Cl)cc(-c3sc(Cl)c(Cl)c3Cl)nc2-c2ccc(Cl)cc2)nc1,29.33
N#CC(C#N)=c1ccc(=C(C#N)c2ccc(F)c(F)c2)nc1,14.11
CC(C)C(CO)N=c1nc(-c2cccc(C#N)c2)[nH]c(-c2cccc(C#N)n2)n1,21.78
CN(Cc1cc(-c2ccccc2F)on1)C(=O)c1ccccn1,30.41
NC(=NO)c1cnc2ccc(C#Cc3ccccc3C(=O)O)cc2c1,33.27
COc1ccc(CCN2C(=O)C(Cc3csc(-c4ccc5[nH]c(C)nc5c4)c(N)c3=O)C(=O)N(Cc3ccc(-c4ccc(C#N)nc4)cc3)c3cc(C#N)cnc32)cc1,46.7
N#Cc1ccc(-c2nc(-c3ccc(-c4ccc(F)c(F)c4)cc3)nc(-c3ccc(-c4ccc(C#N)cn4)cc3)n2)cc1,16.76
Cc1ccc(-n2[nH]c(C(C)(C)C)cc2=NC(=O)Nc2ccc(F)c(Cl)c2)cc1,19.12
COc1ccc(-c2cc(-c3cc4cc(Br)ccc4oc3=O)nc(Cc3ccccc3)n2)cc1,26.71
O=CN1CCN(C=Nc2ccnc(N3CCCCC3)n2)CC1,12.34
N#Cc1ccc(C(=O)c2ccc3c(c2)C(=O)c2ccccc2C3=O)cc1,18.54
Nc1cc(O)c(N=Cc2ccccc2Cl)cc1Nc1ccccc1,15.59
N#Cc1ccc(-c2ccc(-c3nc(-c4ccc(-c5ccc(F)c(C#N)c5)nc4)nc(-c4cc(C#N)cc([N+](=O)[O-])c4)n3)cc2)cc1,23.01
Nc1cc(O)c(N=Cc2ccccc2)c(O)c1Nc1ccc(Cl)cc1,12.54
C=CC1C=C2C(=O)C=CC3(CO)C(=O)OC4(C(=O)c5ccccc5)CCN(CC)C(C1=O)C23O4,61.9
N#Cc1ccc(-c2cc(-c3ccc(C=Nc4nc(Nc5ccc6c(c5)C(=O)c5ccc(N)cc5C6=O)c(N)cc4O)cc3)nc(-c3cncc(C#N)c3)n2)cc1,14.73
CCN(CC)c1nc(Oc2ccc(C=CC#N)nc2C#N)nc(-c2ccc(C#N)cc2)n1,25.99
N#Cc1cccc2c(C(=O)c3[nH]c4ccccc4c3C#CCCCCO)ccnc12,31.29
CNC(=O)c1cn(-c2ccc(F)cc2)c2nc(-c3ccc(-c4ccc(C#N)cc4)cc3)sc(=Nc3ccc(C)cc3)c2c1=O,33.68
O=S(=O)(N=c1cccc[nH]1)c1ccc(N=Nc2c(O)cc(Cl)c3ccccc23)cc1,21.86
CC1(C)NCc2ccc(-c3cc(C(F)(F)F)c(OCCCN4CCCC(F)(F)C4)nc3F)cc21,41.37
N#Cc1ccc(=NN=Cc2ccc(-c3nc(-c4ccc(-c5ccc(-c6cccc(C#N)c6)cc5)cc4)c(-c4ccc(Cl)cc4)[nH]3)cc2)[nH]c1,33.98
COc1c(C#N)ccc(-c2cc(-c3cnc(C#N)c(C(=O)NCc4ccncc4)n3)ccn2)c1F,25.71
Cc1ccc2[nH]c(=O)c(CN(Cc3ccccn3)Cc3nc(-c4ccc(F)cc4)no3)cc2c1,27.67
N=c1nc(Cl)c2ccccc2[nH]1,16.32
CNC(=O)c1cc(-c2ccc(N3CC(F)(F)C3)c(OCC3CC3)n2)ccn1,25.01
CCOC(=O)c1ccc(O)c(N=Cc2ccc(-c3ccc(C(=O)C=Cc4ccc(-c5ccc(C=Nc6ccc(N)cc6)cc5)cc4O)cc3)cc2)c1,35.15
CC(=O)Nc1ccc(-c2nc(-c3ccc(-c4ccc(C#N)cc4)cc3)nc(-c3ccc(-c4ccc(C#N)cn4)c(F)c3)n2)cc1,20.85
N#Cc1ccc(-c2ccc(-c3nc(-c4ccc(-c5cccc(C#N)c5)cc4)nc(-c4cccc(-c5cccc(C#N)c5)c4)n3)cc2)cc1,17.18
N#Cc1ccc(C=Cc2nc3ccccc3c3nccn23)cc1,24.01
N#CC=Cc1cccc(-n2ncc(-c3cncc(C#N)c3)cc2=O)c1,21.59
Nc1ccc2c(c1)C(=O)c1ccc(Nc3nc(Nc4ccc5c(c4)C(=O)c4ccc(N)cc4C5=O)nc(Nc4ccc5c(c4)C(=O)N4CCCC4C5=O)n3)cc1C2=O,12.31
N#Cc1ccc(-c2nc(-c3cncc(C#N)c3)nc(-c3cnc4ccccc4c3)n2)cc1,18.49
COc1ccc(-c2nc(-c3ccc(-c4nc(C#N)ccc4C#N)c(F)c3F)nn2C)c(F)c1,26.16
COc1ccc(-c2noc(C(C)N=c3nc(-n4ccnc4)nc(-c4ccc(C#N)cc4)[nH]3)n2)cc1,28.41
CC1COc2ccc(-c3ccc(N(C)C)cc3)cc2C(C#N)=C1CN(C)C,36.12
Nc1c(C(=O)CSc2nnc(-c3ccccc3)c(C(c3ccccc3)c3ccccc3)n2)c(=O)[nH]c(=O)n1C1CC1,25.02
N#CCC1N(c2ccc(-c3ccc(-c4nc(=N)o[nH]4)cc3)c(C#N)c2)C(=O)c2ccccc2-c2cccc3c4nc(C#N)c(C#N)nc4n1c23,51.24
N#Cc1ccc(-c2nc(CN3CCN(c4ccc(F)cc4)CC3)co2)cc1,19.02
Cc1nccc(-c2ccc(-n3c(O)c(O)c(C(=O)c4ccc(C#N)cc4)c3-c3ccccc3)cc2)n1,14.79
N#Cc1ncc(C(CNC(=O)c2ccc(Cl)c(F)c2)c2ccc(C(F)(F)F)nc2)cn1,31.26
N=C1NC(c2cccc(OCCc3ccc(Cl)c(Cl)c3)c2)CO1,22.16
Fc1ccccc1-c1noc(C2CN3CCC2CC3)n1,17.32
CC(C)c1cc(Oc2ccc(-c3nc(C(N)=O)cc(N4CCN(C)CC4)n3)cc2)ccc1O,26.39
Cc1ncn(-c2ccc(N=c3nc(-c4cc5cccn5cn4)cc[nH]3)cc2)n1,27.49
N#Cc1ccc(-c2ccc(-c3nc4c(-c5ccc(C#N)cc5)cc(F)cc4[nH]3)cn2)cc1,25.5
N#Cc1ccc(C(=O)Oc2ccc(-c3ccc(-c4nc(Cl)nc(Cl)n4)cc3)cc2C#N)c(-c2ccc(C(=O)NNC(=O)c3ccccn3)cc2)c1,37.4
Clc1ccc(CN=c2cc[nH]c(-c3ccc4c(c3)OCO4)n2)c(Cl)c1,19.03
Cc1ccc(C2N=C(c3ccncc3)N=c3sc(=Cc4ccc(F)c(F)c4)c(=O)n32)cc1,35.09
N#Cc1ccc(-c2ccc(-c3ncccc3C#N)s2)cc1,16.35
C=CCNc1oc(-c2ccccc2)nc1C#N,13.65
N=C(Cc1ccc(Cl)c(Cl)c1)NOC(=O)Nc1ccc(F)cc1,24.61
N#Cc1ccc(-c2ccc(-c3csc(C(C#N)c4nccs4)n3)cc2)nc1,22.7
N#Cc1ccc(-c2ccc(-c3nc(CNc4ccc(-c5ccnc(C#N)c5)cn4)nc(-c4ccc(-c5ccc(C#N)cn5)nc4)n3)cc2)cc1,24.55
COc1cc(N=c2nc(Cl)nc(-c3ccc(NCc4nnc(CCc5ccccc5)o4)cc3)[nH]2)cc(OC)c1OC,37.99
N#Cc1ccc(-c2nc(-c3ccc(-c4ccc(C#N)cn4)cc3)c(C#N)c(=NC(=O)c3ccccc3)[nH]2)cc1,21.36
CC(=O)c1cc2nc(-c3cccs3)nc(SCC(=O)c3cccc(C)c3)c2s1,33.97
N#Cc1c(F)c(F)c(C#N)c(C#N)c1F,11.2
Cn1c(-c2cccc(C(=O)NCc3cccnc3)c2)ccc1-c1nc(-c2ccc(C#N)cc2)nc(-c2cccc(C#N)n2)n1,21.47
O=[N+]([O-])c1ccc(N=Nc2c(O)c(Nc3ccccc3)c3ccccc3c2O)cc1,24.57
O=C(O)c1ccc(NS(=O)(=O)c2ccc3c(c2)C(=O)c2ccc(N4CCCC4)cc2C3=O)cc1,19.78
N#Cc1cccc(Oc2ccc(-c3cccc(C#N)n3)cc2)c1,14.54
NC(=O)c1cc(C(N)=O)nc(-c2ccc(Oc3ncc(NC(=O)C4CCCCC4)cn3)c(F)c2)n1,31.09
N#Cc1ccc(-c2nc(-c3ccc(-c4ccc(-c5cccc(-c6ccc7c(c6)C(=O)c6ccccc6C7=O)n5)c(=O)o4)cc3)nc(Cl)c2F)cc1,39.03
O=c1[nH]c(=S)[nH]c(O)c1C=Nc1ncc2c(n1)SCCO2,34.61
Cc1ccc(CCc2nc(C#N)c(NCc3ccccc3Cl)s2)cc1C,29.54
Cc1ccnc(-c2ccc(-c3nc(-c4ccc(-c5ccc(C#N)cn5)cc4)nc(-c4ccc(-c5ccc(C#N)cn5)nc4)n3)nc2)c1C#N,20.48
Cn1nc(-c2ccc(Cl)cc2Cl)nc1-c1ccc(-c2cccc(C=CC#N)n2)cc1,14.81
N#Cc1cnc(N2CCN(c3ncccn3)CC2)nc1,16.79
COc1ccc(S(=O)(=O)N=C2C(=O)c3ccccc3C(=O)C2N2CCN(C)CC2)cc1,20.83
N#Cc1ccc(Nc2cc(NNC(=O)c3ccc(F)cc3)c(C#N)cc2C#N)cc1,23.22
O=c1cc(-c2ccccc2)[nH]c(=S)[nH]1,17.1
COc1ccc(-c2nc(C)cc(=Nc3cc(C#N)ccn3)[nH]2)cc1-c1cncc(C#N)c1,24.96
N#Cc1ccc(C(=O)NNC(=O)CCC(=O)Nc2ccccc2F)cc1,25.35
COc1cc(C=CC#N)ccc1-c1ccc(-c2cc(C#N)cc(C#N)c2)nc1,21.86
N#Cc1ccc(-c2nc(-c3ccc(-c4ccc(C#N)cn4)nc3)no2)cc1,12.49
Cc1ccc2c(=NCCCCCCCN=c3c4ccccc4[nH]c4ccccc34)c3c([nH]c2c1)CC(c1ccccc1)CC3=O,29.89
Cc1nsc(-c2ccc(-n3c(-c4cccc(C#N)c4)nn(Cc4ccnc(-c5cccc(C#N)c5)n4)c3=O)cc2)n1,31.51
N#Cc1ccc(-c2nc(C3CCN(C(=O)c4ccccc4C#N)CC3)nnc2-c2ccccc2)cc1,23.59
CCC(C)OC(=O)C(C=O)NC(=O)C(Cc1ccccc1)NC(=O)C(N)Cc1ccc(O)cc1,32.1
N#CC=Cc1nc(-c2ccc(-c3ccc(C#N)cc3)cc2)nc(-c2ccc(-c3ccc(C#N)cc3)cc2)n1,11.31
COc1ncc(-c2ccc(-c3ccc(C#N)nc3-c3ccc(C#N)cn3)cc2)cc1F,24.03
Clc1nc(Cl)nc(-[n+]2ccc(-c3ccncc3)cc2)n1,10.31
COc1ccc2c(N=Nc3nc(-c4c(O)[nH]c5ccc(N)cc45)nc(=N)[nH]3)cccc2c1,29.39
NS(=O)(=O)c1ccc(NC(=O)c2cccs2)cc1,21.11
N#Cc1cncc(OC(=O)c2ccc(-c3ccc(C#N)c(F)c3)cc2)c1,26.99
N#Cc1ccc(N=c2nc(-c3cnc(N4CCC(F)(F)C4)c(C#N)c3)cc[nH]2)c(C(=O)O)c1,30.66
N=C1NC(c2cc(NC(=O)c3ccc(OC(F)F)cn3)ccc2F)(C(F)F)C2CC2O1,20.64
N#Cc1cc(F)c2c(c1)CCC2n1nc(-c2ccc(C#N)nc2)ccc1=O,24.41
Cc1ccc(Sc2[nH]c(=N)c(C#N)c(-c3ccc(C)cc3)c2C#N)cc1,18.37
C=Cc1ccc(Cn2c(O)c(Cc3sc(CCCCC)nc3C)[nH]c2=O)cc1,36.06
N#Cc1ccc(-n2nc(C(=O)Nc3ccc(N4CCCN(C(=O)c5ccccc5)CC4)cc3)cc2-c2ccc(-c3cc(F)cc(C#N)c3)cc2)nc1,41.02
CC(=O)N1CCN(C(=O)c2nc(-c3ccc(-c4ccc(-c5c[nH]c(=N)cn5)c(F)c4)cc3)c(C)cc2F)CC1,34.52
N#Cc1cccc(-c2nc(C(N)=O)c3ccc(-c4ccc(F)c(F)c4)nn23)n1,26.58
Cc1n[nH]c(-c2ccc(-c3ccc(N)c(C(=O)Nc4cccnc4)n3)cc2)n1,21.24
N#Cc1ccc(CC(NC(=O)NCc2cccc(Cl)c2)c2ccccc2)cc1,27.12
N#Cc1ccc(-c2nc(-c3ccnc(F)c3)cc(-c3cccc(C#N)n3)n2)cc1,13.33
CC(=Cc1ccccc1)CN(Cc1ccc(-c2ccc(C(F)(F)F)cc2)cc1)C(=O)CN1CCN(c2ccc(F)cc2)CC1,30.39
Cc1nsc(-c2cc(C(F)(F)F)nn2-c2ccc(C#N)cc2F)n1,28.44
N#Cc1ccc(-c2ccc(-c3nc(-c4ccc(C=Nn5cnnc5)cc4)nc(-c4ccc(-c5nccc(-[n+]6ccc(-c7ccc(C#N)cc7)cc6)n5)cc4)n3)cc2)cc1,21.07
CN1CCN(c2ccc(-c3nc(-c4ccncc4)nc(-c4cncc(C#N)c4)n3)cn2)CC1,17.83
Cc1ccc(C(=O)Nc2ccc(C3CCC(NC(C)C)CC3)cc2)cc1-n1cc(-c2cncc(C#N)c2)nn1,33.94
N#Cc1ccc(-c2ccc(-c3nc(=NC4CCNC4)n4nc(Cl)ccc4c3C#N)cc2)cc1,22.47
Nc1ccc2c(c1)C1CC2CCN1C(=O)c1ccc2ccccc2c1,30.52
Cc1ccc(C#N)cc1C1(C)NC(c2cc(-c3ccnc(C#N)n3)ccc2-n2cnc3ccccc32)=NO1,40.61
N#CCSc1nc2c(c(C#N)c1N)CCCCC2,23.1
O=C(Nc1cc(Nc2ccc3c(c2)CCc2ccccc2C3=O)ccc1F)c1cccs1,20.4
CN(C)c1ccc2c(=O)n(Cc3ccc(-c4ccc(F)c(Cl)c4)nc3)c(=O)[nH]c2n1,32.55
O=C(NC1CCN(C(=O)C2CCCCC2)CC1)c1ccc2cc(Oc3ccc(C(F)(F)F)cn3)ccc2n1,27.82
C=CCn1c(C=CC=Cc2ccc(N(C)C)cc2)nc2ccccc21,22.5
N#Cc1cccc(Cl)c1,10.53
Cc1ccccc1C(O)=NO,16.6
CC(=O)C=Cc1cccc(CCOc2ccc(-c3nc(C(C#N)=Cc4ccc(-c5ccc(Cl)cc5)o4)nc(-c4ccc(C(N)=O)cc4)n3)cc2)n1,37.83
CC(C)=Nc1nc(Cl)nc(N=C2c3cc(Cl)ccc3-c3cccc([N+](=O)[O-])c32)n1,40.65
COCCOc1nc(-c2cc3ccccn3c2)c(SC)cc(=NCc2ccc3c(c2)OCO3)n1,56.15
O=C(CCN1CCOCC1)Nc1ccc2c(c1)C(=O)c1cccc(NC(=S)NCCc3ccc(C=NO)cn3)c1C2=O,32.7
C=CC(=O)N1CCCC(n2nc(-c3ccc(NC(=S)N=c4[nH]c5ccc(C)cc5s4)cc3)c3c(=N)nc[nH]c32)C1,37.81
N#Cc1ccc(-c2ccc(-c3nc(-c4ccccc4)c(C#N)c(-n4[nH]c(-c5ccc(C#N)cc5)c(C#N)c4=N)n3)cc2)cc1,25.72
CCCOc1ccc(C=Nc2ccc(-c3cnco3)c(OC)c2)cc1[N+](=O)[O-],29.22
N#Cc1cccc(-c2cnc(C#N)ncc3c(c(F)c2F)N=C3)n1,22.58
N#Cc1ccc(-c2ccc(-c3nc(-c4ccc(-c5ccc(C#N)cn5)cc4)nc(-c4ccc(-c5ccc(C#N)cc5)nc4)n3)cc2)cc1,9.19
N#Cc1ccc(-c2ccc(Cn3cncc3Cn3c(C#N)nc4cccnc43)cc2)cc1,21.37
N#Cc1ccc(-c2nc(-c3ccc(-c4ccc(C#N)cn4)nc3)n[nH]2)cc1,15.78
O=C(C=Cc1ccc(Oc2ccccc2)cc1)NCC(O)CO,26.12
N#Cc1ccc(-c2ccc(-c3nc(-c4ccc(-c5nc(Cl)nc(Cl)n5)c(F)c4)[nH]c3-c3ccncc3)cc2)nc1,22.96
Cc1n[nH]c(=NC(=O)CSc2ccc(C#N)c(C#N)c2)s1,24.59
N#Cc1cc(C#N)c2nc(-c3c(F)c(F)c(-c4c(F)c(F)c(C#N)c(F)c4F)c(F)c3F)oc2c1,19.67
N#Cc1cccc(-c2ccc(-c3nc(-c4ccc(F)cc4)nc(-c4ccc(-c5ccc(C#N)c(C#N)c5)nc4)n3)cc2)n1,23.12
N#Cc1ccc(-c2ccc3c(c2)CCN3C(=O)c2ccccc2-n2ccc(C(=O)O)n2)cn1,24.65
N#Cc1ccc(-c2ccc(Cn3cccn3)cc2)cc1,13.32
COC(=O)C(Cc1nc2ccccc2c(=O)n1-c1ccc(C)cc1)=NC(=O)c1ccccc1,26.05
N#Cc1cccc(-c2ccc(-c3ccc(O)c(C=O)c3)o2)c1,23.16
N#CC(=Cc1ccc(-c2ccc(C#N)cc2)cc1)C(C#N)C#N,23.4
Cn1cc2c(n1)CCN(c1nc(-c3ccc(-c4nc(Cl)nc(Cl)n4)cc3)nc(-c3cccc(C#N)n3)n1)C2,28.02
O=C(O)C1CCCN(CCOC=C2c3ccc(Cl)cc3CCc3c(F)cc(F)cc32)C1,28.83
N#Cc1ccc(-c2nnc(COc3ccc(Cl)cc3Cl)o2)cc1,18.5
COC(=O)c1cc(C(=O)Nc2cccc(C#N)c2)ccc1O,25.02
CC(O)(Cn1ccnc1)c1ccc2nc(-c3ccc(C#N)cc3)c(C(=O)c3ccc(O)cc3)n2c1,40.23
N#CC(c1ccccc1)(c1ccccc1)c1ccccc1,15.1
Cc1ccc(-c2nc3cc(C#N)ccc3c(=O)o2)c(Cl)c1,28.56
Cc1ccc(OC(=O)c2cn(-c3ccccc3)nc2-c2ccccc2Cl)cc1,21.34
Cc1cc(-c2nc(-c3ccc(-c4cccc(C#N)n4)cc3)nc3cc(-c4ccc(C(=O)NCC#N)cc4)nn23)ccn1,28.71
Cn1nc(-c2ccc(C#N)cc2)nc1C=Cc1cccc(C=Nc2ccc(F)cc2)n1,21.56
C=c1[nH]c(=Cc2cc(C)n(-c3ccccc3)c2C)c(O)c1C(=O)OCC,16.95
Cc1cc(C)nc(N2CCN(S(=O)(=O)Cc3ccccc3)CC2)n1,20.54
C=c1[nH]n(-c2ccc(C#N)cc2)c(=O)c1=Cc1ccc(C#N)cc1,15.86
N#Cc1ccc(-c2nc(-c3ccc(C#N)cc3)c(C#N)c(-c3ccnc(C(=O)N=c4[nH]nc(-c5ccc(-n6cccc6)cc5)o4)c3)n2)cc1,32.96
N#Cc1ccc(-c2ccc(-c3nc(-c4ccc(C#N)cc4)nc4cc(-c5ccc(F)cc5)nn34)cc2)cc1,19.14
N#Cc1cc(S(=O)(=O)N=c2nc(C(F)(F)F)cc[nH]2)ccc1Oc1cc(Cl)c(Cl)cc1C#N,27.9
N#CCCn1c(-c2cncc(C#N)c2)nc(=O)c2c1C1c3ccccc3C2c2ccccc21,28.75
N#Cc1ccc(-c2cncc(C#N)c2)nc1,11.64
N#Cc1ccc(Nc2cnn(Cc3ccc(Cl)cc3Cl)c(=O)c2)cc1,26.93
CC(O)c1cc(C#N)cc(-c2cccc(CCc3nc(-c4ccc(-c5ccc(C#N)cn5)cc4)nc(-c4ccc(-c5ccc(C#N)cn5)cc4)n3)n2)c1,31.44
C=C(C)Sc1nc(Cl)cc(C(F)(F)F)n1,26.29
N#Cc1ccc(-c2nc(-c3ccc(C=Nc4nc5ccc(C#N)cc5s4)s3)cs2)cc1,31.03
CNC(=O)c1nc(C(=O)C(F)(F)F)cc(-c2ccc(-c3ccc(CCCCCCCCCC(N)CO)cn3)cc2)n1,50.1
COc1cc(-c2nc(N3CCOCC3)c3ccccc3n2)cc(OC)c1OC,19.26
CC(=O)NCCc1nc(-c2ccc(-c3cnc(=N)[nH]c3)cc2)c2ccccc2n1,27.71
CC(C)N(C)c1ccc(Oc2cccc(C#N)c2)nn1,28.24
N#Cc1ccc(-c2nc(-c3ccc(-c4nc(Cl)nc(Cl)n4)cc3)nc(-c3ccc(-c4ccc(F)c(C#N)c4)nc3)n2)cc1,12.79
N#CC=Cc1ccnc(-c2ccc(-c3cccc(C#N)n3)nc2)n1,12.18
CC(C)c1nn(-c2ccc(C(N)=O)cc2)c2ccc(-c3ccc(-n4cc(C#N)cn4)cc3)c(C#N)c12,28.92
CCNC(=O)N=c1[nH]c2ccc(Oc3ccnc(-c4cc(-c5ccc(C#N)s5)nc(C#N)n4)c3)cc2[nH]1,38.94
Cc1nc(-c2ccc(-c3nc(-c4ccc(-c5ccc(C#N)cn5)cc4)nc(-c4ccc(-c5ccc(C#N)cn5)nc4)n3)cc2)cs1,17.09
N#Cc1cncc(-c2nc(C#N)nn2-c2cccc(C#N)n2)c1,15.66
N#Cc1ccc(-c2cc(-c3cccc(C#N)c3)n(Cc3ccc(C(=O)NCCC(=O)O)cc3)n2)cc1,18.91
N#Cc1cnn2c(=Nc3ccnc(F)c3)nc(-c3ccnc(C4CC4)n3)[nH]c12,27.15
N#Cc1ccc(-c2ccc(-c3nc(-c4cccc(C#N)c4)n[nH]3)cc2)cc1,15.86
N#Cc1ccc(-c2ccc(-c3cccc(-c4ccc(-c5cccc(-c6ccc(-c7nc(Cl)nc(Cl)n7)nc6)c5)cc4)c3)cc2)nc1,17.28
C#CCN1CCN(c2csc3cc(C(=O)c4c(OC)ccc(Cl)c4F)ccc3c2=O)CC1,35.98
CCN1CCN(c2cc(-c3nc(C)n4ncc(-c5ccc(-c6nc[nH]n6)nc5)cc34)nc(C3CC3)n2)CC1,29.18
N#Cc1ccc(-c2nc(-c3ccc(-c4c[nH]c(=N)c(C#N)c4)nc3)nc(-c3ccc(-c4ccc(C#N)cn4)nc3)n2)cc1,20.93
N#Cc1cncc(-c2ccc3nc(-c4cncc(C#N)c4)nc(C#N)c3n2)c1,17.09
CNCc1ccc(NC(=O)c2cncc(-n3cc(NC(=O)Nc4cc(C(F)(F)F)ccc4F)cn3)c2)cc1,32.25
Cc1cn(-c2ccc(-c3ccc(-c4nc(-c5ccc(-c6ccc(C#N)cc6)cc5)nc(-c5ccc(-c6ccc(C#N)cn6)cc5)n4)cn3)cc2C#N)cn1,24.93
Cc1cc(-c2ccc(NS(=O)(=O)c3nc(-c4cccc(C#N)n4)ccc3C(N)=O)cc2)cc(C)n1,30.8
N#Cc1cc(-c2ccc(Cl)cc2)c(-c2ccc(Cl)cn2)cc1C#N,20.4
N#Cc1nccc(-c2ccc(C(=O)NC3CC(F)(F)C3)c(F)c2)n1,18.27
Cc1noc(Cn2c(=O)ccn(Cc3cn(Cc4ccccc4[N+](=O)[O-])nn3)c2=O)n1,30.05
Cc1ccc(NC(=O)C(Cc2ccccc2)NC(=O)CCc2nc(-c3ccccc3)no2)c(C)c1,26.37
Cc1ccc(-c2ccc(F)cn2)cc1C(=O)N=c1cc(C(=O)NCc2ncco2)[nH]n1-c1ccc(C#N)cc1,25.03
C=c1cc(CO)c(=Cc2cccc(NC(=O)Nc3ccccc3)c2Cl)[nH]1,29.58
CC1CC2c3c(Cc4ccc(C#N)cc4)nc(-c4cncc(C#N)c4)nc3OC(C)(C)C2O1,21.75
Cc1cnc(-n2nc(-c3cccc(Cl)c3)cc2C(=O)NCc2ccccc2)nc1-c1cc2cnccc2n1C,34.08
Cc1cc(-c2ccc(=Nc3ccccc3)[nH]c2)nc(C#N)n1,22.47
N#Cc1ccc(-c2ccc(Cn3cc(C(=O)O)c(=O)c4cc(C#N)cc(C(=O)c5ccccc5)c43)cc2)nc1,32.87
c1ccc(C2=NCc3nnc(-c4ccccc4)n3-c3ccccc32)cc1,18.65
COc1ccc(C=CS(=O)(=O)NCCN2CCCCc3ccccc32)cc1,28.91
N#Cc1cncc(-c2nc(-c3cncc(C#N)c3)n3ncc(-c4ccnc(N5CCCC(N)C5)n4)c3n2)c1,19.92
COc1cc(-n2c(-c3ccncc3)nnc2-c2cnc(=S)[nH]c2)cc(OC)c1OC,31.41
N#CC(=Cc1cc(C#N)c(=O)n(C2CCCCC2)c1)c1nc(-c2ccccc2)ns1,30.33
N#Cc1ccc(-c2nc(CCCOc3ccc(-c4ccnc(Cl)n4)c(F)c3)c(C(=O)O)[nH]2)cc1,27.87
N#Cc1ccc(-c2cccc(-c3ccc(-c4cccc(C#N)n4)cc3)n2)nc1,14.59
N#Cc1cccc(-c2ccc(-c3nc4c(C(N)=O)cccc4[nH]3)cc2)c1,17.88
N#CC=Cc1ccc(Br)cc1,12.24
Cc1ccc2c(c1)N(CC(=O)N=c1cc(C)[nH]c(-c3ccccc3)n1)C(=O)CO2,26.92
N#Cc1ccc(N=Cc2cn(-c3ccc(F)cc3)nc2-c2ccc3ccccc3c2)cc1,22.7
N#Cc1ccc(-c2ccc(-c3nc(-c4ccc(-c5ccc(C#N)cn5)nc4)nc(-c4ccnc(-c5ccccn5)c4)n3)cc2)nc1,22.0
N#Cc1ccc(-c2cc(-c3cncc(C#N)c3)nc(-c3cccc(C#N)n3)n2)nc1,11.34
CN(C)C=NC=Nc1nc(N=CN2CCN(C)CC2)nc(N=CN2CCN(C=O)CC2)n1,17.95
COc1ccc2c(c1)[n+]([O-])c(C#N)c(-c1ccc(C#N)cc1)[n+]2[O-],18.0
N#CC=Cc1nc(N2CCOCC2)ncc1C#N,20.1
N#Cc1c[nH]c(=Nc2ccccn2)[nH]c1=N,21.2
N#Cc1nc(-c2c(F)cc(-c3nnc(C#N)c(C#N)n3)c(F)c2F)ccc1Cl,24.97
CCCNC(=O)C(c1ccncc1)N(C(=O)c1cccc(OC)c1)c1ccc(F)cc1,35.46
Cc1cc(Nc2ccc(-n3ccc(C(F)(F)F)n3)cc2)c2oc3ccc(F)cc3c(=O)c2c1,31.23
N#Cc1ccc(-c2ncc(-c3nc(-c4cncc(C#N)c4)nc(-c4cncc(C#N)c4)n3)cn2)cc1,12.57
N#Cc1cc(C(N)=O)nc2ccc(-c3cn(Cc4ccccc4)nn3)cc12,25.29
C[n+]1c2ccccc2nc2cc(NCCN3CCOCC3)c3ccc(N)cc3c21,25.37
Cc1ccc(CC2CN=C(N)N=C2N)c(Cl)c1,24.96
N#Cc1ccc(-c2nc(-c3ccccc3)c(C#N)c(-c3ccc(C#N)cc3)n2)cc1,16.29
N#Cc1ccc(-c2ccc(-c3ccc(-c4cccc(C#N)n4)nc3)cc2F)nc1,15.62
N#Cc1ccc(-c2ccc(C(=O)N3CCN(C(=O)c4cnccn4)CC3)cc2)cc1,25.58
N#Cc1ccc(-c2ccc(-c3nccn3-c3ccc(NC(=O)C(=O)c4ccc(-c5cccc(C(=O)O)n5)c5ccccc45)cc3)cc2)cc1,33.44
N#Cc1cccc(-c2ccc(-c3cc(C#N)nc4cc(S(=O)(=O)N=c5cccn[nH]5)ccc34)cc2)c1,24.5
ON=C(O)c1ccccc1,14.47
N#Cc1ccc(-c2nc(Cn3ccnc3)nc(-c3ccc(C(F)(F)F)cc3)n2)cc1,19.02
CC(C)(C)C1C=C(C(=O)Nc2ccc(-c3ccccc3S(N)(=O)=O)cc2)N=C(c2ccc3c(C(F)(F)F)nn(-c4cccc(C#N)c4)c3c2)N1,43.03
N#Cc1ccc(-c2ccc(-c3nc(-c4ccc(-c5ccc(C#N)cc5)cc4)nc(-c4cc5c(cn4)C(=O)c4ccccc4C5=O)n3)cc2)cc1,22.81
Nc1ccc2c(c1)C(=O)c1ccc(Nc3cc(Nc4ccc(F)cc4F)nc(Nc4ccc5c(c4)CCC5=NO)n3)cc1C2=O,20.95
COC(=O)c1ccc(C(=O)c2ccc3c(c2OC)C(C)(C)CCC3(C)C)cc1,25.84
CC1(C)CNCc2nc(C#N)nc(-c3cccc(N4CCc5ccccc5C4)c3)c21,27.58
Cc1ccc(S(=O)(=O)N(CC(=O)NN)c2ccccn2)cc1,25.35
CN1CCN(CCCCOc2ccc3c(=NC(=O)C=Cc4ccccc4)nc(-c4ccc(Cc5ccc(F)cc5)cn4)[nH]c3c2)CC1,40.21
N#CC=Cc1cc(C=Cc2ccc(C#N)cc2)nc(C=CC#N)n1,9.01
N#CC=Cc1ccc(-c2ccccc2)cn1,13.18
CSc1cc(C)nc(SC)c1NC(=O)c1nn(-c2ccc(Cl)cc2)c(-c2ccc(Br)cc2)c1C,35.99
CC(C)=CC=C(C)c1ccc(C#N)cc1-c1ccc(C#N)cc1COC(=O)NC(C)C,33.05
CC(=O)c1[nH]c2ccccc2c(=O)c1C(=O)N=c1cccc[nH]1,20.34
Cc1cc(=Nc2ccc(F)cc2)[nH]c(=N)[nH]1,15.23
N#Cc1ccc(Sc2nc(-c3ccc(-c4ccc(C#N)cc4)cc3)nc(-c3ccccn3)n2)cc1,18.48
COC(=O)c1cc2c(Sc3ccccc3N)c(C)ccc2[nH]1,32.07
N#Cc1ccc(-c2nc(C#N)[n+]([O-])c(OCc3ccccc3C(=O)O)n2)cc1,33.9
N#Cc1ccc(-c2ccc(C=C3CCCC(=Cc4ccc(-n5cccc5)cc4)C3=O)cc2)cc1,15.3
N#Cc1ccc2c(c1)NC(=O)c1ccc(-c3ccc(O)cc3)nc1N2,22.9
COCn1cc(C(=O)OC)c(=O)c2cc3c(cc21)OCO3,27.84
O=C(O)c1ccc(-c2cc(C(=O)NCCc3ccc4c(c3)OCO4)c3ccccc3n2)cc1,31.39
CN1CCC(N(C)Cc2cccc(NC(=O)c3ccc(N=c4nc(C(F)(F)F)cc[nH]4)cc3)c2)CC1,27.03
NC(CN=c1[nH]c(-c2ccncc2)nc2ncsc12)Cc1ccccc1,22.73
Cn1cnc2c(nnn2Cc2ccc(S(=O)(=O)O)cc2Cl)c1=O,37.87
O=C1N(Cc2ccccc2)CCCC1(CO)Cc1ccccc1,25.91
N#Cc1cc(F)cc(C(=O)Nc2ccc3c(c2)C(=O)c2ccc(N)cc2C3=O)c1,13.02
COCC(C)n1c(=O)c(C)nc2nc(C3CCN(C4COC4)CC3)nc(-c3cncc(C#N)c3)c21,23.78
ON=C1CCc2cc(C=Cc3ccccn3)ccc21,20.55
O=S(=O)(c1ccc(Cl)cc1)n1cc(-c2ccccc2)nc1-c1ccccc1,24.02
COc1ccc2c(C)cc(=O)oc2c1CNc1ccc(S(=O)(=O)N=c2nccc[nH]2)cc1,25.85
N#Cc1cccnc1Cl,12.44
Cc1ccc(-n2[nH]c(C(C)(C)C)cc2=NC(=O)Nc2cccc(Cl)c2Cl)cc1,18.59
N#Cc1ccc(-c2ccc(-c3cc(-c4ncn5ccccc45)nc(-c4ccc5ncccc5c4)n3)cc2)nc1,20.7
N#Cc1ccc(N(C(=O)c2ccc(-c3cncc(C#N)c3)cn2)c2ccccc2)cc1,20.89
N#CC=C(c1nc(-c2ccc(-c3ccc(C#N)cc3)cc2)nc(-c2ccc(C#N)cn2)n1)c1nc(-c2ccc(C#N)cc2)no1,27.61
Cc1cc(C#N)cc(C)c1OCc1cc(S(=O)(=O)Nc2cccc(-c3nc(=O)cc(Cc4ccc(-c5ccc(C#N)cc5)cc4)[nH]3)c2)ccc1C#CCN1CCN(C)CC1,54.99
N#Cc1ccc(-c2ccc(-c3nc(-c4ccc(-c5nc(Cl)nc(Cl)n5)cc4)nc(-c4ccnc(Cl)n4)n3)cc2)nc1,16.39
N#Cc1cccc(-c2c(-c3ccc(F)cc3)c(=S)[nH]c3ccccc23)c1,22.26
CCCCNc1c(O)cc(N=Cc2ccccc2F)c(O)c1Cl,20.57
Cc1cc(C)nc(N=c2[nH]c(C(F)(F)F)nc3c2cnn3Cc2ccc(-c3ccccc3)cc2)n1,31.12
O=C1C(c2ccc(Cl)cc2)=CC(=O)N2c3[nH]c4cc(Br)ccc4c3CC12,31.52
CN(C)c1ncc(-c2ccnc(OCc3ccc(-c4ccccc4Cl)cn3)c2)nc1C#N,31.54
CS(=O)(=O)Nc1ccc2c(c1)c(Cc1ccc(C#N)cc1)c(-c1ccc(C#N)cc1)n2CC(=O)c1ccc(C#N)cc1,27.91
C=CCc1cc(C=CC(=O)C=Cc2c(O)cc(OC)cc2C=Cc2ccccn2)ccc1O,25.08
CN1CCN(Cc2ccc(C(=O)Nc3cccc(-c4cncc(C#N)c4)c3)cc2)CC1,22.41
N=c1nn[nH]n1N=Cc1ccccc1Cl,15.24
CC(C)c1nncc(C(=O)Nc2cc(Cl)cc(C3(CF)CC(C(F)(F)F)OC(=N)N3)c2)n1,31.49
Fc1ccc(C(=S)N2CCc3cccc4c3C(C2)c2ccccc2O4)cc1F,37.67
N#Cc1cc(-c2ccnc(C3(c4ccc(-c5cnc(=N)[nH]c5)nc4)CCC3)n2)nc(C#N)n1,22.65
CC(C)(O)C#Cc1cccc(-c2nc(-c3cccc(C#N)n3)nc(-c3cccc(C#N)n3)n2)n1,20.53
Cn1cc(-c2cnc3cc(N=c4cc[nH]c(-c5ccc(C#N)cc5)n4)ccc3c2)cn1,23.89
CCC(=O)c1ccc(-c2ccc(C#N)cc2)cc1,19.12
CC(=NNC(=O)c1ccncc1)c1ccc(NC(=O)c2ccco2)cc1,24.0
N#Cc1cccc(-c2nc(-c3cccc(C#N)n3)nc(N3CCC(N4CCCC4)CC3)n2)n1,11.17
CC1(C)CCc2cc(-c3cc(C#N)cc(C(C#Cc4ccc5c(c4)C(=O)N4C5=C(c5ccc(C#N)cc5)C4(O)C(F)F)C(N)=O)c3)ccc21,63.42
Cn1c(=O)oc2cc(C(c3ccc(Oc4ccccc4)cc3)=c3ccc(=C(C#N)C#N)cc3)ccc21,28.58
CC=CC(=O)N1CCCC1C(=O)NC(Cc1ccccc1)C(=O)NCc1ccc(C(N)N)cc1,27.82
COc1ccc(-c2nc(C)co2)cc1-n1nc(C(=O)N2CCOCC2)c2c1-c1ccccc1S(=O)(=O)C2,32.43
N#Cc1ccc(COc2ccc(CNCC(N)c3nc(-c4ccc(C#N)cc4)nc(-c4ccc(-c5ccc(C(=O)NCc6cccnc6)cc5)cc4)n3)cc2)cc1,38.33
CN1Cc2cc(Oc3ncccn3)ccc2C(c2ccc(C#N)cc2)C1,19.24
Cc1ccc(NC(=O)c2ccccn2)cc1-c1cccc(N=c2[nH]cc(F)c(=Nc3ccc(C#N)cc3)[nH]2)c1,30.68
COc1ccc(CC(=O)N2CCCC2c2c(C)nn(C)c2C)cc1,24.79
Cc1ccc(Nc2cc(N=Cc3cccc(Br)c3)c(O)cc2N)cc1,16.08
O=[N+]([O-])c1ccc(Nc2cc(F)ccc2[N+](=O)[O-])cc1,23.14
Cc1ccc(-c2cc(C(=O)NCc3ccccn3)nc(-c3ccc(C#N)cc3)n2)s1,23.43
N#Cc1ccc(C=CC(=O)CC(=O)C=Cc2ccc(-c3ccc(Cl)c(Cl)c3)s2)cc1,27.44
CN1CCC(NC(=O)c2cc3cc(N=c4ncc(C#N)c[nH]4)ccc3n2C)CC1,26.42
N#Cc1ccc(-c2nc(C#N)nc(-c3cncc(C#N)c3)n2)cc1,9.27
N#Cc1c(N=O)sc(NCc2cccc3ccccc23)c1C#N,25.22
N#Cc1ccc(-c2ccc(-c3nc(-c4ccc(C#N)cc4)nc(-c4cc(Cl)c(C(F)(F)F)cc4Cl)n3)cc2)cc1,15.57
N#Cc1cccc(-c2ccc(C3SCC(=O)N3Cc3cccnc3)cc2)c1,20.23
Cc1ccc(Cl)cc1N1CCN(Cc2ccc(-c3ccccc3-c3nn[nH]n3)cc2)C(=O)C1=O,22.31
CCn1c(-c2ccncc2)nc2cc(C(=O)NCc3cccnc3)ccc21,25.75
N#Cc1ccc(-c2ccc(-c3nc(-c4ccc(C#N)cc4)cc(-c4cc(Cl)ccn4)n3)cc2)cc1,21.05
N#CCc1c(C(=O)Nc2ccccc2)nn(-c2ccc(Cl)cc2Cl)c1-c1ccc(Cl)cc1,21.92
N#Cc1sc(Cl)nc1-c1ccc(-c2ccc(-c3nc(-c4ccc(-c5ccc(-c6nc(Cl)nc(Cl)n6)cc5)cc4)cs3)s2)cc1,22.59
CCC(NC(C)CC(N)=O)c1cccc(C(=O)c2ccc(S(C)(=O)=O)cc2)c1F,29.63
N#Cc1cc(Br)cc2cc(C(=O)c3cc4nccnc4cn3)cnc12,35.82
COc1nc(C=Cc2cc(F)cc(C=CC#N)c2)ccc1-n1cnc(C)c1,19.16
CC(=O)C=Cc1cc(C)n(-c2cc(F)c(-c3ccc(-c4cccc(C#N)n4)nc3)cn2)c1C,36.04
CN(C)c1ccnc(-c2nc(-c3ccc(-c4ccc(C#N)cn4)nc3)nc(-c3ccc(-c4ccc(C#N)cn4)nc3)n2)c1,20.32
N#Cc1ccc(Nc2cc(N=Cc3ccc(O)cc3)c(O)cc2N)cc1,13.15
N#Cc1ccc(Nc2cc(N=Cc3cccnc3)c(O)cc2N)cc1,11.99
C=CCN1C(=O)C(=Cc2ccccn2)SC1=S,17.8
Cc1ccc(N2C(=O)C(=Cc3ccc(-c4ccc(C(=O)O)cc4)o3)C(=O)NC2=S)cc1,20.13
Cn1cnc2c(-c3ccc(NC(=O)N(Cc4ccccc4)Cc4ccc(-c5ccc(C#N)cc5)cc4)cc3)nc(C#N)nc21,24.93
Cn1nc(-c2ccc(F)cc2Cl)nc1-c1nc(-c2ccc(C#N)cc2)nc(-c2cccc(C#N)n2)n1,22.1
CNc1cc(N=c2nc(OC)c(C=CC(=O)OC3CCCC3)c[nH]2)ccc1Cl,37.44
Cc1ccc(-c2nnn(-c3ccc4ccccc4c3)n2)cc1,18.58
O=C(COC(=O)c1cccc(F)c1)NCc1cccnc1,27.21
N#CC=Cc1cccc(-c2ccc(-c3ccc(C(=O)Nc4cccc(C#N)c4)cc3)cc2)n1,19.55
N#Cc1ccc(-c2ccc(-c3cc(C(F)(F)F)nc(-c4ccc(-c5ncc(C(F)(F)F)cn5)cc4)n3)cn2)nc1,14.68
Cn1c(C#N)ccc1-c1nc(-c2ccc(-c3ccc(F)c(C#N)c3)nc2)nc(-c2ccc(-c3ccc(C#N)cn3)nc2)n1,11.18
N#Cc1ccc(-c2ccc(-c3nc4ccc(Cl)cc4nc3C(c3ccc(C#N)cc3)c3nc(CN)cc(-c4ccc(C#N)cc4)n3)cc2)cc1,36.13
[N-]=[N+]=NC1CC(n2cnc(-c3cccs3)c2)OC1CO,24.86
CCOc1ccccc1N(Cc1ccccc1C)S(=O)(=O)c1cc(C#N)ccc1C,33.67
N#Cc1cccc(-c2ccc(C=CC3c4ccccc4C(=O)N4CCCC34)nc2)c1,18.55
C=CCc1cc(N=Nc2ccc(O)c(C(N)=O)c2)cc(N=Cc2ccc(N(CCC#N)CCC#N)cc2)c1O,30.25
CCC(CC)n1c(C#N)nc2cccnc21,24.64
N#Cc1cccc(CN=c2nc3c(=Cc4[nH]c(=O)[nH]c4O)cnn3c(=NC3CC3)[nH]2)c1,17.7
CN(C)Cc1ccc2cc(NC(=O)c3ccc(-c4ccc(C#N)cc4)cc3)ccc2n1,20.19
CCC(C)C(NC(=O)c1ccc(-c2ccccc2S(C)(=O)=O)cc1)C(=O)NC(CO)Cc1ccccc1,34.45
N#Cc1ccc2c(c1)C1c3c(Cl)cccc3C2N1N=O,26.87
COc1ccc(C(=NO)C2(c3ccc(-c4ccc(F)cc4)cc3)CC2)cc1F,29.21
N#Cc1cccc(-c2ccc(-c3nc(C#N)cc4nc(C#N)ccc34)cc2F)n1,20.26
CC(C)Oc1ccc(-c2nc(-c3cccc(C#N)n3)nc(N3CCOCC3)n2)nc1C#N,11.26
CC(C)(C)c1ccccc1NC(=O)N=c1nc(-c2ccc3ccccc3c2)cc(C#N)[nH]1,25.99
Cc1c(-c2cccc(C#N)n2)nc(-c2ccc(C#N)cc2)nc1-c1cc(N=c2nc(C(F)(F)F)cc[nH]2)ccc1F,29.02
CN1CCC(CNc2[nH][nH]c(=N)c2C#N)CC1,28.91
CCOc1ccc(-c2nc(SCC(=O)N3CCCc4ccccc43)c3c(=O)n(C)c(=O)n(C)c3n2)cc1,22.4
N#Cc1ccc(-c2ccc(-c3nc(-c4ccc(-c5ccc(C#N)cn5)cc4)nc(-c4ccc(-c5ccc(C=C6C(=O)NC(=S)NC6=O)o5)cc4)n3)cc2)nc1,19.93
N#Cc1ccc(-c2ccc(-c3nc(=O)c4ccccc4[nH]3)cc2)cc1,14.76
N#Cc1cc(C#N)cc(CS(=O)(=O)c2ccc(N=Cc3ccc(-c4cccc(C#N)n4)cc3)c3ccccc23)c1,30.43
Cc1ccn2c(=O)cc(CSc3nc(=N)cc(N)[nH]3)nc2c1,21.96
CCCCN(CCCC)Cc1cc(-c2cc(C(=O)O)cc(C(F)(F)F)c2)cc(-c2ccccc2CCc2ccccc2O)c1O,40.65
CC(CNc1ccc(C)cc1)=Nn1ccnc1-c1ccc(C#N)cc1,32.01
N#CCCn1cnc(-c2ccc(Cl)c(Cl)c2)n1,16.84
Cn1nc(C=CC#N)nc1-c1cc(-c2ccc(C#N)cc2)nc(-c2ccc(C#N)cc2)n1,17.68
CC#CCOc1nnc(C#N)c(N(CC)Cc2ccc(-c3ccccc3-c3nn[nH]n3)cc2)n1,31.93
CN1CCN(c2cc(C#N)cc(N=c3ncc4nc(C#N)nc(-c5cncc(C#N)c5)c4[nH]3)n2)CC1,29.78
N#Cc1ccc(-c2ccc(-c3nc(C=Cc4ccc(F)c(F)c4)nc(-c4ccc(F)cc4Cl)n3)cc2)cc1,20.94
Cc1cc(CNC(=O)c2ccc(C#N)cc2)nc(-c2ccc(NC(=O)Nc3ccc(-c4cccc(CN5CCN(C)CC5)n4)cc3)cc2)n1,32.83
N#Cc1ccc(NC(=O)Nc2cc(C#N)ccc2Sc2ccc(-c3nc(C#N)ccc3-c3ccc(C#N)cc3)cc2)cc1,31.86
Cc1cc(-c2nc(C(=O)N3CCCCC3)ccc2-c2ccc(C#N)c(Cl)c2)ccc1C#N,29.67
CCN1CCN(C(=O)c2ccc(NC(=O)c3ccc(-c4ccc(C(N)=O)cn4)s3)c(C#CCON=C(C)CCN3CCN(C=O)CC3)c2)CC1,54.54
N#Cc1ccc(NCn2cnn(-c3ccc(C#N)c(C(F)(F)F)c3)c2=S)cc1,25.17
N#Cc1ccc(-c2ccc(-c3cc(-c4ccc(-c5nc(Cl)nc(Cl)n5)cc4)nc(-c4ccccc4F)n3)cc2)nc1,15.55
C=CCOc1cc(C)on1,20.7
FC(F)(F)c1cc[nH]c(=Nc2ccc(Cl)cc2)n1,17.23
CC(C)Oc1ccc(-c2c(F)ccc3c(-c4ccc(C(=O)c5ccccn5)cc4)nc(C#N)nc23)nc1,34.55
N#Cc1cccc(-c2cnc3ccc(C#Cc4ccc(F)cc4F)cc3n2)c1,24.21
N#CC=Cc1c(-c2ccc(C#N)cc2)nc(-c2ccc(-c3ccc(C#N)cc3)cc2)nc1-c1ccsc1,20.42
NS(=O)(=O)c1ccc(-c2ccc(C=CC(=O)c3ccc(Cl)cc3)o2)cc1,22.36
C#Cc1ccc(C2=C(c3cn(CC)c4ccc(F)cc34)C(=O)NC2=O)cc1,28.26
CCN=c1nc(-c2cccnc2Oc2ccc3c(c2)C(=O)NC3)cc[nH]1,24.91
Cc1ccc(-c2cc(C(=O)OCC(=O)Nc3ccc(C#N)cc3)c3ccccc3n2)cc1,22.47
COc1cc(-c2ccc(C=O)cc2)ccc1C=CC(=O)c1ccc(-c2ccccc2)cc1,21.55
N#Cc1cccc(Cn2cc(C=CC(O)=NO)nn2)c1,21.11
C=CCN(C(=O)c1cccc(S(=O)(=O)N(Cc2ccccc2)c2ccc(C)cc2)c1)c1c(N)n(Cc2ccccc2)c(=O)[nH]c1=O,28.35
N#Cc1cccc(-c2cc(F)c(-c3cccnn3)c(F)c2F)n1,17.81
N#Cc1ccc(-c2ccc(-c3nc(-c4ccc(-c5ccc(C#N)cc5)cc4)nc(-c4cncc(C#N)c4)n3)cc2)cc1,11.21
CCCC1CN(c2ncnc(-c3cc(-c4ccc(Cl)c(F)c4)ncn3)n2)CCC1N,33.86
CNc1oc(-c2ccc(-c3ccc(C#N)cn3)cc2)nc1C#N,9.81
CNC(=O)C(C)(C)n1ncc(CC2CC3CC2CN3c2ncc(C#N)cn2)n1,40.47
Nc1ccc2c(c1)C(=O)c1ccc(Nc3nc(N=Cc4ccc(O)cc4O)c(O)cc3N)cc1C2=O,12.73
O=C(C1=CC(c2ccccc2)CC(OCc2ccc(CO)cc2)O1)N1CCOCC1,18.69
CN(C)c1ccc(-c2cc(-c3cccc(C#N)n3)nc(-c3cccc(C#N)n3)n2)cc1,12.25
N#Cc1cccc(-c2nc(-c3nccc(C#N)n3)nc(N3CCCC(N)C3)n2)n1,13.06
CN(C)CCC(N=c1nc(N(C)C)nc(Cl)[nH]1)c1ccc(-c2ccc(C#N)cc2)cc1,23.11
Cc1nc2cc(-c3nc(C(F)(F)F)n(C)c3-c3ccc(C#N)cc3)cnc2n1-c1ccc(C#N)cc1,30.48
CC(=O)Nc1ccc(C2CN(C)Cc3cc(OCCCN4CCCCC4)ccc32)cc1,22.93
Clc1ccc(C(c2ccc(Cl)cc2)c2ccc(Cl)nc2)cc1,15.78
N=C(N)c1ccc(-c2cccc(-c3ccc(-c4ccc(-c5cc(=O)[nH]c(=N)[nH]5)cc4)cc3)n2)cc1,24.73
C=C(C)CNc1ccc2c(c1)C(=O)c1ccccc1CC2,23.74
N#Cc1ccc(Oc2ccc(-n3ccc4cc(C#N)cnc43)nc2-c2ccc(C#N)cc2)cc1,25.11
N#Cc1ccc(-c2cc(-c3ccncc3)nc(-c3ccc(C#N)cc3)c2)cc1,13.47
N#Cc1ccc(-c2ccc(-c3[nH]c(C#N)nc3-c3ccc4c(c3)OCO4)cc2)nc1,22.66
CN1CC2(CCCCC2)CSC1=Nc1cccc2ccccc12,21.35
N#Cc1ccc(-c2nc3ccccc3n2Cc2ccc(F)cc2Cl)cc1,20.56
N#Cc1cccc(-c2cc(-c3ccc(NC(=O)Nc4ccc(F)cc4)cc3)nc(-c3ccncc3)n2)n1,19.05
N#Cc1cccc(-c2ccc(-c3ccc(=NC(=O)c4ccncc4)[nH]n3)cn2)n1,22.58
Clc1ccc(N=NC=CN2CCC2)cc1Cl,27.06
N#Cc1ccc(-c2cc(-c3cccc4nc(C#N)ccc34)nc(-c3ccc(C#N)cc3)n2)cc1,17.92
O=c1[nH]c(O)c(C=NCCN=c2cc[nH]c3cc(Cl)ccc23)c(=O)[nH]1,22.12
N#Cc1ccc(-c2ccc(-c3nc(-c4ccncc4)nc(-c4cc([N+](=O)[O-])c(Cl)cc4Cl)n3)cc2)cc1,19.59
Clc1nc(Cl)nc(-c2ccc(-c3cc(-c4ccc(-c5nc(Cl)nc(Cl)n5)cc4)cc(C4CCCN4)c3)cc2)n1,11.9
N#Cc1ccc(-c2cc(-c3ccc(-c4ccc(C#N)cn4)cc3)nc(-c3ccc(-c4ccc(C#N)cn4)nc3)n2)cc1,15.33
N#CC=Cc1ccnc(-c2cnc3cc(-c4cccc(C#N)n4)ccc3c2)n1,18.34
O=C1C(NS(=O)(=O)c2ccc3cc(Cl)ccc3c2)CCN1Cc1ccc(F)c(F)c1,24.47
N#Cc1cnc(-c2ccc(-c3noc(C#N)n3)c(C#N)c2)nc1,19.44
NC1CN(C(=O)Cc2cccc(F)c2)CC12CC2,27.84
N#Cc1ccc(-c2ccc(-c3nc4c(C(=O)O)cccc4[nH]3)cc2)cc1,17.47
N#CCSc1nc(N)c2c(n1)-c1ccccc1C2=O,19.42
Cc1c(N=c2c(C#N)c[nH]c(NC(=O)CCCl)c2C#N)ncc2[nH]c(C(=O)N(C)C)cc12,38.41
Fc1ccc(-c2cc(OCc3ccccn3)nc(-c3nc(Cl)nc(Cl)n3)c2)cc1,31.62
N#CCC(c1ccc(Cl)c(F)c1)n1ncc(Nc2ccccc2F)cc1=O,31.95
CCCNC(=O)C=Cc1ccc(Cl)c(Cl)c1,16.97
CCc1ccc(-c2n[n+](-c3ccccc3)nn2-c2ccc(S(=O)(=O)NC(=O)NCCO)cc2)cc1,36.87
N#Cc1cncc(-c2nc(F)nc(-c3cncc(C#N)c3)n2)c1,10.96
N#CC(C(=O)Nc1cccc(Cl)c1Cl)=[N+]([O-])[O-],23.31
N#Cc1ccc2c(c1)C(=CC1CCCCC1)C(=O)N2,20.39
O=C(OCCNC1CCn2ccnc2C1)c1cccs1,33.18
O=C(CCl)N1c2ccccc2Oc2ccccc21,17.19
CC1=C(C#N)C(c2ccc([N+](=O)[O-])cc2)n2c(sc(=Cc3ccc(O)c([N+](=O)[O-])c3)c2=O)=N1,32.16
CCOc1ccc(N=Cc2ccc(-c3ccccc3C#N)o2)cc1,19.72
CCOc1ccccc1C(N)=NO,19.77
CCc1ccc(NC(=O)c2ccc3nc(-c4ccc(C#N)cc4)c(-c4ccccc4)nc3c2)cc1,23.38
N#Cc1ccc2[nH]c(=O)c3cccnc3c2c1,19.07
N#Cc1c2ccccc2c(-c2noc(-c3cccnc3)n2)c2ccccc12,17.15
COc1ccc(C(=O)c2nc3c(n2C)C2(C(=O)Nc4cc(O)ccc42)C(=c2ccc(=C(C#N)C#N)cc2)CC3)cc1,40.26
N#Cc1ccc(-c2ccc(-c3nc(C#N)c(N)s3)cc2)cc1,16.62
COc1cc(-c2ccc3nnc(CN(C)C)n3n2)ccc1-n1cnc(C)c1,25.95
CC(C)CCNC(=O)Cn1ncc2cc(Cc3ccccc3)[nH]c2c1=O,32.56
Cc1cc(C(=O)N2CCOC(c3nc(C)cc(-c4ccccc4)n3)C2)nc(C)n1,23.11
CN1CCOCC1=c1sc(O)cc1=CC#N,24.33
N#Cc1ccc(F)c(-c2ccc(-c3nccc(C#N)n3)cn2)c1,12.75
CNC(=O)c1nc(-c2ccc3[nH]c(-c4ccc(-c5cccc(-c6ccc(C#N)cc6)c5)cn4)nc3c2)sc1C,27.73
C[n+]1ccccc1OCc1cc(C#N)cc(CCCCC[n+]2ccc(C=NO)cc2)c1,34.32
CC(C)=CCc1cc(-c2ccc(C#N)c(C)c2)c(C(C)C)cc1[N+](=O)[O-],33.16
COc1cc(C(=O)NCC2(c3ccc(F)cc3)CCC(F)(F)CC2)ccc1-n1cnc(C)c1,22.75
N#Cc1ccc(-c2ccc(-c3nc(-c4ccc5c(c4)CCCN5Cc4cccc(C#N)n4)ncc3C#N)cc2)cc1,27.65
N#Cc1ccc(-c2nc(-c3ccc(-c4ccc(C#N)cn4)cc3)cc(-c3ccc(-c4ccc(C#N)c(NC(=O)CSCc5cccc(F)c5)n4)cc3)n2)cc1,29.86
NC(=O)CC1CCC(c2ccc(-c3nc(C4CCC4)ncc3-c3ccccc3)cn2)CC1,29.29
CCCNC(=O)c1nc(-c2ccc(S(=O)(=O)Nc3ccc(C#N)cc3)cc2)c(-c2ccc(Cl)cc2)nc1C1CC1,29.97
N#Cc1ccc(-c2ccc(-c3ccc(C#N)cc3)nc2)cc1,11.1
O=C(O)c1ccc2cccnc2c1O,18.96
CC(=O)N1CCN(c2cc(-c3ccc(-c4ccc(-n5cccc5)cc4)cn3)nc(N3CCOCC3)n2)CC1,21.17
CCc1coc2nc(N3CCOCC3C)nc(-c3cc(N4Cc5cc(-c6ccncc6)cnc5C(C)(C)C4)nc(C)n3)c12,39.34
CNC(=O)c1sc(-c2nc3c(-c4cc(-c5cncc(C#N)c5)ncc4C#N)ccc(C#N)c3n2C(C)C)nc1C,37.44
COc1ccc(-c2ccc(-c3nc(-c4ccc(-c5ccnc(CC6CCCC6)n5)cc4C)nc(-c4ccc(Cl)cc4Cl)n3)[nH]c2=N)cc1C=CC#N,30.03
N#Cc1ccc(-c2ccc(-c3cc(-c4ccc(C#N)cc4)nc(-c4ccncc4)c3C#N)cc2)cc1,13.93
N#Cc1ccc(COc2cc(-n3cnc4ncccc43)ccc2C(N)=O)c(F)c1,23.74
CCCc1nc2c(Cl)cc(C3=NNNN3)cc2n1Cc1ccc(-c2ccccc2-c2nn[nH]n2)cc1,30.73
Cc1nc(-c2ccc(-c3nc(-c4ccc(-c5ccc(C#N)cc5)cc4)nc(-c4ccc(-c5ccc(C#N)cn5)nc4)n3)c(C)c2)no1,16.36
Cc1ccc(CN(C(=O)COc2ccccc2)C2CCS(=O)(=O)C2)cc1,19.03
CN1CCN(c2ccc3c(n2)CCc2cc(N=CN4CCOCC4)ccc2C3=O)CC1,24.16
N#Cc1ccc(-c2ccc(-c3nc(C=Cc4ccccc4)cc(N4CCN(C5CCCC5)CC4)n3)cc2)cc1,30.99
C=Cc1ccc(-c2nc3n(C(C)=O)c4ccccc4n3n2)cc1,30.14
CCN1CN(C=CN=Nc2cccc(N=Nc3nnn(C4OC(COC(C)=O)C(OC(C)=O)C(OC(C)=O)C4OC(C)=O)c3C)c2)C(=O)C=C1C#N,49.93
CNC(=O)c1cc(-c2ccccc2)ccc1N=c1nc[nH]c2cnc(N(CCOC)CC3CC3)nc12,34.64
N#Cc1c2ccccc2c(-c2nc(-c3c[nH]c4ccccc34)nc(-c3c[nH]c4ccc(O)cc34)n2)c2ccccc12,18.84
N#Cc1ccc(Nc2c(NCc3ccc(F)c(Cl)c3)c(=O)c2=O)cc1,15.66
Cc1nc(N=c2cncc(-c3ccc(F)cc3)[nH]2)cc(=Nc2cccc(C#N)c2)[nH]1,28.53
CN1CCN(CCC(=O)Nc2ccc(Cl)cc2Cl)CC1,21.68
N#Cc1ccc(-c2ccc(-c3nc(-c4ccc(-c5nc(C6CCCN6)c[nH]5)cc4)nc(-c4cccs4)n3)cc2)nc1,24.65
N#Cc1cncc(-c2cc(-c3cccc(C#N)n3)nc(C#N)n2)c1,13.74
N#Cc1ccc(-c2ccc(-c3nc(-c4ccc(-c5ccc(C#N)cn5)nc4)nc(-c4c(F)cccc4F)n3)cn2)nc1,10.18
N#Cc1cccc(-c2ccc(Oc3ccc(S(=O)(=O)N=c4[nH]ccs4)cc3)c(C#N)c2)n1,18.9
N#Cc1ccc2c(c1)[nH]c(=NC1CCCC1)n2Cc1ccc(-c2ccccc2-c2nc(=O)o[nH]2)cc1,24.02
Cc1cc(N=c2nc(C(F)(F)F)cc[nH]2)cc(-c2cccc(-c3nc(C#N)c(N)o3)c2)c1,26.03
N#Cc1c(F)c(F)c(-c2nc(-c3ccccn3)no2)c(F)c1F,17.65
N#Cc1ccc(-c2ccc(-c3nc(-c4ccc(-c5cccc(C#N)n5)c(F)c4)nc(N4CCOCC4)n3)nc2)nc1,14.41
O=C(Nc1ccc(F)c(Cl)c1)N1CC=C(C2C=Nc3cc(CBr)ccc3C2)CC1,40.5
N#Cc1ccc(-c2ccc(Cn3c(=O)c(C#N)nn(-c4ccc(Cl)cc4)c3=O)cc2)cc1,20.0
O=C1C(=Cc2ccccc2[N+](=O)[O-])Oc2ccc([N+](=O)[O-])cc21,26.95
CCOC(=O)N1CCCc2cc3[nH]cnc(=Nc4ccc(F)c(Cl)c4)c3cc21,29.51
N#Cc1ccc(-c2ccc(-c3nc(-c4ccc(-c5ccc(C#N)cn5)nc4)nc(-c4ccc(-c5cccc(C(=O)O)c5)[nH]4)n3)cc2)nc1,23.2
N#Cc1ccc(-c2ccc(-c3nc(-c4ccc(-c5ccc(C#N)cn5)nc4)nc(-c4ccc(C#N)cn4)n3)cn2)cc1,12.24
CS(=O)(=O)Nc1cc(C(=O)Nc2ccc(-c3nc(C#N)cc(C(N)=O)n3)cn2)c(F)cc1F,36.13
CC(=O)N(Cc1cc(CN2CCOCC2)nc(-c2ccc(-c3cnc(C#N)c(C#N)n3)cc2)c1)C(=O)C(N)Cc1ccc(-c2cccc(C#N)c2)cn1,50.57
Cn1cncc1C(O)(c1ccc(Cl)cc1)c1ccc2c(-c3cccc(-c4ccnc(-c5ccccc5)n4)c3)cn(C)c2c1,35.39
N#Cc1ccc(-c2ccc(-c3nc(-c4ccc(-c5cccc(C#N)c5)cc4)nc(-c4ccc(-c5cncc(C#N)n5)nc4)n3)cc2)nc1,14.66
CCCNC(=O)c1ccnc(-c2cn(-c3ccc4c(c3)CCN(C)CC4)nc2-c2ccc(-c3ccc(C#N)cc3)cc2)c1,33.23
Cc1[nH]c(=NC#N)nc(-c2ccc(C#N)cc2)c1NC(=O)OCc1ccn(-c2ccc(C#N)cc2)c1,32.14
N#Cc1ccc(-c2ccc(-c3nc(COc4ccc(-c5nc6cc(C(=O)O)ccc6n5C5CCCCC5)c(Cl)c4)nc(-c4ccc(C#N)cc4)n3)cc2)cc1,18.08
N#Cc1ccc(-c2ccc(-c3nc4cc(-c5c[nH]c(-c6c(F)cccc6Cl)n5)ccc4s3)cc2)cc1,24.55
CCCCc1nc2cc(C(C)(C)c3ccc(F)cc3Cl)ccc2n1Cc1ccc(-c2ccccc2C(=O)O)cc1,34.03
N#Cc1ccc(-c2ncc(C#N)cc2-c2ccc(-c3cnc(=N)[nH]c3)c(F)c2)nc1,15.85
N#Cc1cc(C#N)cc(Oc2cccc(NC(=O)Nc3cccc4ccc(O)cc34)c2)c1,28.94
N#Cc1cncc(-c2nc(-c3ccncc3F)nc(N3CCC(CO)C3)n2)c1,18.17
COC=c1nc2c([nH]1)=Cc1ccccc1N(C(C)=O)C2C(=O)NCc1ccc(N(C)C)cc1,37.64
N#Cc1ccc(Cl)c(C#N)c1,10.26
COc1cc(-c2ccc(F)c(C#N)c2)ccc1-n1c(=O)ccc2cc(S(=O)(=O)N=c3cco[nH]3)ccc21,18.29
O=C(O)C1C(C=Cc2ccc(-c3cccc(F)c3)cn2)C2CCC1N2C(=O)CCc1ccc(F)cc1,32.37
COc1ccc(C=Cc2cc(C=Cc3ccc(C=CC(=O)c4cc(O)c5ccccc5c4O)cc3)nc(-c3ccc(C=Nc4cc(O)c(N)cc4O)cc3)n2)cc1C(=O)O,40.0
Cc1nc(-c2ccc(-c3nc(-c4ccc(F)c(C(F)(F)F)c4)c(C#N)cc3-c3ccccc3)cc2-c2ccc(C#N)cc2)no1,33.33
N#CCc1cc(N=c2[nH]cc(C#N)cc2C#N)ccc1F,21.17
N#Cc1ccc(-c2cc(-c3ccc(-c4nc(-c5ccc(-c6ccc(C#N)cn6)nc5)nc(-c5ccc(-c6ccc(C#N)cn6)nc5)n4)cc3)[nH]c(=N)c2C#N)cc1,20.69
O=C(C=Cc1nncn1Cc1ccc(-c2ccc(F)c(Cl)c2)cc1)Nc1ccc(N2CCN(Cc3cccc(F)c3)CC2)cc1,36.27
Cc1cc(-c2ccc(C#N)cc2)n(C)c(=Nc2c(C)nc(-c3ccccc3)nc2C#N)c1,27.72
N#Cc1ccc(-c2ccc(-c3nc(-c4ccc(-c5ccc(C#N)cn5)nc4)nc(-c4cc5cc(F)c(F)cc5[nH]4)n3)cn2)nc1,17.08
N#Cc1ccc(-c2ccc(-c3nc(-c4ccc(-c5nc(Cl)nc(Cl)n5)cc4)nc(-c4cnc(-c5ccc(C#N)cn5)nc4)n3)cn2)nc1,15.96
Nc1ccc2c(c1)C(=O)c1ccc(NC(=O)c3cnccn3)cc1C2=O,16.17
N#Cc1cncc(-c2c[nH]c(=N)c(-c3cncc(C#N)c3)n2)c1,14.14
O=C1N=c2ccc(NC(=O)c3cc4ccccc4[nH]3)cc2=C1Cc1ccc[nH]1,23.63
Cc1ccc(-c2nc(C)c(S(=O)(=O)Nc3cccc(C#N)c3)s2)cc1,26.11
COc1ccc(F)c(C(=O)c2nc(-c3cncc(C#N)c3)nc(-c3cn4ccc5cc(C#N)nc3c54)n2)c1F,33.7
CC1(NC(=O)c2ccc(-c3ccc(-c4cccc(C#N)n4)cc3)cc2)CCN(Cc2ccccn2)C1,26.67
c1cncc(CN=c2[nH]c(-c3ccncc3)nc3ccsc23)c1,21.11
CCC1(O)c2cc3n(c(=O)c2COC(=O)C1OC(=O)CBr)Cc1cc2ccc(-c4ccc(C#N)nc4)cc2nc1-3,32.88
CCOC(=O)Cc1nc(Nc2ccc(Oc3ccc(F)cc3)cc2)oc1-c1ccccc1,31.12
N#Cc1ccc(-c2nc(-c3ccc(-c4ncc(N)c(C#N)n4)c(F)c3)nc(C3CC3)n2)nc1,18.04
C(=NCC1CCCO1)c1ccccc1,17.48
N#Cc1cncc(C#Cc2c(F)c(F)c(C#N)c(F)c2C#N)c1,19.9
N=C(N)c1c(F)c(Cl)c(F)c(Cl)c1F,24.89
N#Cc1ccc(-c2ccc(-c3nc(-c4ccc(-c5ccc(C#N)cn5)cc4)nc(-c4ccc(-c5ccc(C#N)nc5)nc4)n3)cc2)cc1,15.06
CCCCNCc1ccc(-c2ccc(CNCC(c3ccccc3)c3ccccc3)cc2)cc1,23.89
N#Cc1cccc(-c2ccc(-c3ccc(-c4nc(Cl)nc(Cl)n4)cc3)cc2)n1,13.4
O=C(CCBr)N1CCN(C(=O)c2ccc(Cl)cc2)CC1,27.06
COc1ccc(C(=O)OCC[n+]2ccccc2)cc1,20.64
CN(C)CCNC(=O)c1ccc(-c2nc(-c3cncc(C#N)c3)nc3cccnc23)cc1,29.67
CC(=O)c1sc(-c2cc(-c3ccc(NC(=O)c4ccncc4)cc3)c(O)cc2O)nc1C,24.27
Cn1c(Cc2cc(=Nc3ccc(Cl)cc3)nc[nH]2)c(O)[nH]c1=O,28.34
Cc1cc(-c2cncc(C#N)c2)nc(-c2ccc(-c3cccc(C#N)n3)cc2)n1,19.19
Cc1cccc(C(=O)C=Cc2ccc(C#N)cc2-c2ccc(C#N)cc2)n1,23.13
CC(=Nn1c(C(C#N)C(C#N)(C#N)N=Cc2ccccc2)nc(C#N)c1NC(=O)c1ccccc1)c1ccc(-c2ccc(C(=O)O)cc2)o1,44.6
COc1ccc2[nH]c(=NC(=O)c3ccc(N4CCc5cc(OC)c(OC)cc5C4)nc3)sc2c1,26.48
N#Cc1cncc(-c2cc(-c3ccccc3)nc(-c3cccc(C#N)n3)n2)c1,14.97
CC(c1cc(=NC(=O)c2cccc(-c3cccc(-c4ccc(C#N)nc4)c3)n2)[nH][nH]1)N1CCCCC1,33.9
c1ccc(NC2=NCc3ccccc3S2)cc1,19.21
CN(CC(O)c1ccc(F)c(F)c1)c1ccc(C#N)cc1,24.88
Cc1cccc(C=NNC(=O)C2CC2c2ccccc2)c1,21.19
COc1ccc(NC(=O)c2ccc(-c3ccc(-c4cccc(Cl)n4)cc3C)cn2)cc1,23.65
CC(=O)N=c1[nH]c2ccc(N=c3[nH]c4cc(C(N)=O)ccc4n3-c3cccc(-c4cncc(C#N)c4)c3)cc2s1,37.8
N#Cc1cc(-c2ccc(C(=N)N)cc2)cc(-c2ccc(C(=N)N)cc2)n1,17.98
N#Cc1cc(-c2ccc(C=Nc3nc(N=CN4CCN(C=O)CC4)nc(N4CCOCC4)n3)cc2)ccc1O,20.38
N#Cc1ccc(-c2ccc(-c3ncc(N(Cc4cccc(C#N)c4)Cc4ccc(F)c(F)c4)c(C#N)n3)cc2)cc1,24.87
c1ccc(-c2ccc3nnc(-c4ccc5cccnc5c4)n3c2)cc1,24.22
CC(C)(CCC=NC(=N)N)C(=O)OCc1cccc(C#N)c1,30.8
N#Cc1ccc(-c2ccc(-c3nc(-c4ccc(-c5ccc(C#N)cn5)nc4)nc(-c4ccc5cn(S(=O)(=O)c6ccccc6)nc5c4)n3)cc2)nc1,28.42
COc1ccc(-c2ccc(C#N)cc2)cc1-c1nc(-c2ccc(-c3ccc(C#N)cn3)cc2)nc(-c2ccc(-c3ccc(C#N)cn3)cc2)n1,20.96
Cc1ccc(NC(=O)c2cc(C#CCCC#N)ccn2)cc1-c1nc(C2CCOCC2)oc1C,34.64
C(=Nc1ccccc1-c1nnc(-c2ccccc2)o1)C1NCCN1,21.35
CCc1nc(-c2cccs2)c2cnn(Cc3cccc(OC)c3)c2n1,26.16
c1ccc2c(-[n+]3ccc(-c4ccncc4)cc3)cccc2c1,12.38
CN(Cc1ccc(-c2nc(OC3CCN(C(=O)OC(C)(C)C)CC3)nc(-c3ccc(C#N)cc3)n2)cc1F)c1ccc(F)c(C(N)=O)n1,42.2
N#Cc1cccc(-c2ncc(C#Cc3cccc(C(N)=O)n3)cn2)c1,17.77
N#Cc1cncc(-c2nc(C#N)nc(N3CCC(C#N)C3)n2)c1,12.96
N#Cc1ccc(COC(=O)N(c2ccc(C#N)cc2)c2cc(C(F)(F)F)ccc2Oc2ccc(C=CC(=O)O)cc2)cc1,36.22
Cc1ccc(-c2nc(-c3ccc(-c4ccc(C#N)cc4)cc3)n[n+](-c3ccccc3)n2)cc1,15.28
N#CCN(Cc1ccc(-c2ccc(C#N)cc2)cc1)c1ccc(Cl)cc1,18.52
N#Cc1cc(-c2nn(-c3ccc(C(N)=O)cc3)c3c2CCCC3)ccn1,19.82
N#Cc1ccc(CSc2nnc(Cc3ccccc3)n2Cc2ccc(-c3ccc(C#N)cc3)cc2)cc1,19.26
N#Cc1ccc(-c2cccc(-c3ccc(-c4cc(-c5cccc(-c6cccc(C(F)(F)F)n6)c5)nc(-c5ccc(-c6ccc(C#N)cn6)nc5)n4)cc3)n2)cc1,20.73
N#Cc1ccc(-c2ccc(-c3nc(C#N)ccc3C#N)c(F)c2)cc1,17.39
COc1cc(NS(C)(=O)=O)ccc1N=c1c2ccccc2[nH]c2ccc(C(N)=O)cc12,23.36
O=C1CSC(c2ccccc2)c2c(n(C3CCCCC3)[nH]c2=O)N1,19.77
CN1C2CCC1CC(OC(=O)N(Cc1ccc3[nH]ccc3c1)c1ccccc1)C2,30.68
CCC(N)(C#Cc1cc(-c2ccc(-c3ccc(C#N)cc3)cc2)n(-c2ccc(Br)cc2)n1)CC,20.38
CCCc1c(C(=O)NN=Cc2ccc3ccccc3n2)nnn1-c1no[nH]c1=N,26.25
O=C(O)Cn1ccc(=NC=NO)cc1,25.99
N#Cc1ccc(-c2ccc(-c3nc4cc(Cl)c(Cl)cc4n3-c3nc(C(=O)O)cs3)cc2)cc1,24.67
CS(=O)(=O)Nc1cncc(-c2c[nH]c(-c3ccc(-c4ccc(C#N)cn4)nc3)n2)c1,22.97
N#Cc1cccc(C(=O)Nc2cc(C#N)cc(-c3ccc4[nH]cc(-c5ccnc(N6CCOCC6)n5)c4c3)c2)c1,30.32
N=C(N)c1ccc(OCc2ccc(-c3ccc(C(=N)N)cc3)nc2)cc1,18.95
N#Cc1ccc(Oc2nc(Oc3ccc(C#N)cc3)nc(Oc3cccc(C(=N)N)c3)n2)cc1,21.91
N#Cc1ccc(NCc2ccc(F)cc2)c(S(N)(=O)=O)c1,25.28
O=c1[nH]cc(N=Cc2ccccc2)c(=O)[nH]1,25.34
Clc1ccc(Cl)c(C2CC3Cc4c(Cl)ccc(Cl)c4N2O3)c1,35.44
Cc1ccccc1NC(=O)c1cncc(Cl)n1,21.02
Nc1ccc2c(c1)C(=O)c1ccc(NC(=O)c3nc(=O)c4c5c(sc4[nH]3)CCC5)cc1C2=O,26.51
N#Cc1cncc(C(=O)N2CCCC(C(=O)c3ccc(C(F)(F)F)cc3)C2)c1,21.76
N#CC=Cc1ccc(-c2nc(C#N)nc(-c3cncc(C#N)c3)n2)cc1,11.42
Cc1cc(C#N)ccc1-c1ccc(-c2nc(-c3ccc(-c4ccc(C#N)cn4)nc3)nc(-c3ccccn3)n2)cc1,15.87
CC(C)CCN=c1cc(-c2ccc(-c3ccc(C#N)cc3)nc2)[nH]c2ccc(F)cc12,23.04
N#Cc1cncc(-c2nc(C#N)ccc2C#N)c1,14.87
O=C1NC(=O)C(=Cc2ccc(F)c(F)c2F)S1,20.6
Cc1nccc(-c2ccc(-n3c(O)c(O)c(C(=O)CC(C)C)c3-c3ccccc3C#N)cc2)n1,17.49
N#Cc1ccc(-c2nc(-c3ccc(-c4ccc(Cl)c(Cl)c4)cc3)nc(-c3ccc(-c4ccc(C#N)cn4)nc3)n2)cc1,10.82
N#Cc1ccc(C(=O)n2ccnc2)cc1,16.78
CN1CCN(CN=c2nc(-c3ccccc3)[nH]c(-c3ccc(F)cc3)n2)CC1,27.0
N#Cc1ccc(-c2cc(=O)n(-c3ccccc3)[nH]2)cc1,16.71
Cc1ccc(-c2cc(C(=O)Nc3ccc(S(=O)(=O)N4CCCC4)cc3)c3ccccc3n2)cc1,20.94
Cc1ccc(-c2cc(C(=O)N=c3cc[nH]cc3)ccc2C#N)cc1,22.62
O=C(C=C(c1ccccc1)c1ccccc1)NNc1ccccc1,23.08
N#Cc1cccc(COc2cc(-c3cn[nH]c3)ccc2C(=O)N2CC3CC(C2)c2cccc(=O)n2C3)c1,37.9
N#Cc1ccc(COc2ccc(-c3c(-c4ccc(C(F)(F)F)cc4)cc(C#N)n3C#N)cc2)cc1,23.2
NC1=NCC(Cc2cccnc2)C(N)=N1,17.01
CC(C(=O)Nc1ncc(-c2ccc(-c3cccc(C#N)n3)nc2)cc1C#N)c1ccccn1,29.07
N#Cc1cc(-c2ccc(-c3nc(Cl)nc(Cl)n3)cc2)cc(-c2ccc(-c3nc(Cl)nc(Cl)n3)c(=NC3CC(CO)C(O)C3O)[nH]2)c1,19.93
N#Cc1ccc(-c2cc(-c3ccccc3)nc(-c3ccncc3)c2)cc1,13.27
CC(=O)C=Cc1cnc(-c2nc(-c3ccc(-c4ccc(C#N)cc4)cc3)nc(-c3ccc(-c4ccc(C#N)cc4)cc3)n2)cn1,23.77
N#Cc1ccc(-c2ccc(-c3nc(C(N)=NO)nc(-c4ccc(F)c(C(F)(F)F)c4)n3)cc2)cc1,25.96
Nc1cc(O)c(N=Cc2ccc(O)cc2)cc1O,13.36
CCc1cc(N=c2nc[nH]c(N(Cc3ccc(C#N)cc3)c3ccc(OC)cc3Cl)n2)c(=O)[nH]c1C,36.03
N#Cc1ccc(-c2ccc(-c3nc(-c4ccc(C#N)cc4)nc(N4CCC(C(N)=O)CC4)n3)cc2)cc1,11.28
CCc1cc2ccc3cc(OC)c(OC)cc3c2c2c1C(=O)NC2,29.2
N#Cc1ccc(-c2ccc(-c3nc(-c4ccc(-c5cc(Cl)c(O)c(C#N)c5)cc4)nc(-c4ccc(-c5ccc(C#N)cn5)nc4)n3)cn2)nc1,11.77
CC1=CCN(N=Cc2ccc(-n3nc(-c4ccc(-c5ccc(C#N)cc5)cc4)nc3-c3ccc4ccccc4c3)cc2)C=N1,37.97
Cc1nn2c(N)c(C#N)nnc2c1-c1ccccc1,21.85
CC(C)n1c(=O)c(-c2ncc(C#N)cc2-c2ccccc2)nc2c[nH]c(=Nc3ccnc(N4CCC(O)C4)n3)nc21,38.81
N#Cc1ccc(-c2nc(-c3cncc(C#N)c3)nc(-c3cncc(C#N)c3)n2)nc1,8.89
Cc1nc(-c2ccc3nc(-c4ccc(CO)cc4)nc(N4CCOCC4C)c3c2)cc(=NCCOC(C)C)[nH]1,37.6
COC(=O)C(C)c1ccc2c(C#N)cn(-c3ccc(C(=O)O)cc3)c2c1,24.36
CC(N=c1nc(N=c2cc(C3CC3)[nH][nH]2)cc[nH]1)c1ccc(F)c(F)c1,18.31
N#Cc1cccc(-n2cc(C(N)=O)c3c(-n4cnc(-c5cccnc5)c4)ccnc32)c1,20.04
CC(=O)c1nc2[nH]c(C#N)cc2c2nccn12,26.4
Cc1cc(-c2cc(C#N)c(=Nc3ccc(C#N)cn3)[nH]c2OCCN)ccc1Cl,28.81
N#Cc1ccc(-c2nc(-c3ccc(-c4c(C(=O)O)cc(-c5ccc(C(=O)O)cc5)c(F)c4F)cc3F)no2)cc1,25.39
Cc1cc(-c2nc3ccc(-c4ccc(C(=O)O)c(C#N)c4)nc3c(=NCc3ccncc3)[nH]2)ccn1,29.76
Cn1nc(C(F)(F)F)c(S(=O)(=O)N2CCC(C#N)(c3cccc(C#N)c3)CC2)c1Cl,30.32
Clc1ccc(-c2nc(-c3ccncc3)nc(-c3ccc(-c4ncc[nH]4)cc3)n2)c(Cl)c1,21.89
COCC1CN(Cc2ccnc(-c3ccsc3)n2)Cc2cnn(C)c21,23.04
N#Cc1ccc(-c2ccc(-c3nc(-c4cncc(C#N)c4)nc(-c4ccc(Cl)c(Cl)c4)n3)cc2)cc1,16.1
N#Cc1ccc(-c2ccc(-c3nc4ccccc4c(=O)n3NC(=O)Nc3ccc(Cl)cc3)cc2)cc1,22.03
Cc1ncc(-c2cncc(C#N)c2)nc1Oc1ccc(F)c(C(=O)Nc2cccc(C#N)c2)c1,24.72
N#Cc1ccc(-c2ccc(-c3cccn3-c3ccc(-c4nc(Cl)nc(Cl)n4)cc3F)cn2)nc1,23.57
CC#Cc1cncc(-c2nc(-c3cncc(C#N)c3)cc3c2CN(c2ccn(CCN4CCOCC4)c(=O)c2)C3=O)c1,31.48
N#Cc1cccc(-c2ccc(-c3cccc4c3CN3C(C(=O)N5CCCC5)CCC3C4C(=O)Nc3cccc(C(F)(F)F)c3)cc2)c1,38.45
N#Cc1c[nH]c2cc(C=Cc3ccncc3)ccc2c1=Nc1ccc(Cl)cc1,15.42
N#Cc1ccc(-c2ccc(-c3nc(-c4ccc(F)cc4)c(-c4ccccc4)c(-c4ccc(C#N)cc4)n3)cc2)cc1,17.08
Cc1ccc(-c2ccc(-c3nc(-c4c5ccccc5c(C#N)c5ccccc45)nc(-c4c5ccccc5c(C#N)c5ccccc45)n3)cc2)cc1,16.19
Cn1cc(-c2cc(S(C)(=O)=O)ccc2Oc2ccccc2F)n2cncc2c1=O,20.2
Cc1cc(=O)c(O)c(-c2cccc(NCc3ccccc3)c2)o1,25.08
N#Cc1ccc(-c2ccc(-c3nc(-c4ccc(-c5ccc(F)c(C#N)c5)nc4)nc(-c4ccncc4F)n3)cn2)nc1,14.82
CC(C1CCN(c2nc(-c3ccc(C#N)cc3)nc(-c3ccc(-c4ccc(C#N)cn4)nc3)n2)CC1)N(C)C,17.14
CC1(N=c2nc(-c3cccc(C#N)n3)nc(-c3ccc(=NCCN4CCNC4=O)[nH]c3)[nH]2)C(=O)Nc2ccc(Cl)cc21,42.87
CC(C)c1nnc(N=Cc2c[nH]c3ccccc23)s1,27.4
N#CC=Cc1ccnc(-c2cncc(C#N)c2)n1,8.33
N#Cc1ccc2cc(NCc3cccc(C(=O)On4cnc([N+](=O)[O-])c4)c3)ccc2c1,40.63
Fc1ccc2[nH]ccc(=Nc3ccc4[nH]c(C5CCCCC5)nc4c3)c2c1,24.67
CCCCc1noc(-c2ccc(Cc3ncc(-c4cc5nc(C)cn5c(=NCCC(N)=O)[nH]4)c(-c4ccc(F)cc4)n3)cc2)n1,34.32
N#Cc1ccc(-c2ccc(-c3nc(-c4ccc(-c5cc(F)cc(C#N)c5)cc4)nc(-c4c(F)c(F)c(C#N)c(F)c4F)n3)cc2)cc1,18.86
NC1CSc2ccc(N(CCCl)CCCl)cc21,22.51
c1ccc(OCc2nnc3sc(-c4ccncc4)nn23)cc1,19.79
O=C(O)c1ccc(-c2ccc(-c3cccc(-c4ccc(-c5nc(Cl)nc(Cl)n5)cc4)c3)cc2)cc1,12.69
N#Cc1ccccc1CO,18.29
N#Cc1ccc(-c2ccc(-c3nc(-c4ccc(-c5ccc(C#N)cn5)nc4)nc(-c4cccc(C#N)c4)n3)cc2)nc1,10.51
N#Cc1ccc(-c2ccc(-c3nc(-c4ccc(-c5ccccn5)c(C#N)n4)nc(-c4c(F)c(F)c(C#N)c(F)c4F)n3)cc2)nc1,19.79
CN=C(N)N=c1[nH]c(C(C)C)c(-c2ccc(CCc3ccc(C)c(C)c3)cc2)s1,37.24
CCN1c2ccc(C#N)cc2C(=O)N(C)c2cccnc21,15.91
Cc1nc2ccc(C#N)cc2c(=O)n1-c1ccc(C#N)cc1,18.55
CC(=NC(=O)CCc1ccc(-c2ccc(-c3ccc(C#N)cc3)cc2)cc1)C(=O)NN=Cc1ccc(-c2cccc(Cc3ccc(C(=N)N)cc3)c(=O)n2)cc1,38.76
CC(C)C1COC(=O)N1c1cc[nH]c(=NC(=O)c2nc3ccc(C#N)cc3s2)n1,19.78
Cc1ccccc1N1CCN(Cc2ccc(-c3nc4cc(C#N)cnc4[nH]3)c(Cl)c2)CC1=O,33.21
Cc1nccn1-c1ccc(-c2nc(-c3ccc(-c4ccc(C#N)cn4)cc3)nc(-c3ccc(C#N)cc3)c2C#N)cn1,20.78
N#Cc1ccc(-c2ccc(-c3cccc(C#N)n3)nc2)nc1,8.87
CC=CC=CC=CC=CC=CC=CC=CC=CCC(=O)O,19.8
CC1(C)C=C2C(C(=O)C1)C(c1ccc(-c3ccccc3)cc1)CC(=O)N2c1ccc(O)cc1,26.85
N#Cc1ccc(-c2ccc(-c3nc(C#N)c[nH]c3=N)cc2)nc1,12.41
CCOc1ncc(-c2c(Cl)ccc(N=c3ccc(O)cn3C)c2F)nc1C(=O)Nc1ccc(OC)nc1,36.39
N#Cc1ccc(-c2ccc(-c3nc(-c4ccc(-c5ccc(C#N)cn5)nc4)nc(-c4ccc(C(F)(F)F)cn4)n3)cn2)cc1,13.68
N#Cc1ccc(-c2ccc(-c3nc(-c4ccc(-c5ccc(C#N)cn5)nc4)nc(-n4ccc5ccccc54)n3)c(F)c2)nc1,27.66
N#Cc1cncc(-c2nc(C#N)n[nH]2)c1,14.96
N#Cc1ccc(-c2ccc(-c3nc(-c4ccc(-c5ccc(C#N)cn5)nc4)nc(-c4ccc(-c5ccc(C#N)cn5)cn4)n3)cc2)cc1,13.02
N#Cc1ccc(F)c(-c2ccc(-c3nc4cc(-c5ccc(C(=O)NCCN6CCOCC6)cc5)ccc4[nH]3)cc2)c1,23.74
N#Cc1ccc(-c2ccc(-c3cc(C#CCc4cc(-c5cccc(C#N)c5)nc(-c5ccc(-c6ccc(C#N)cc6)cc5)n4)nc(-c4ccc(-c5ccc(C#N)cn5)cc4)n3)cc2)cc1,25.99
COc1c(C(=O)NC2CCN3CCOCC3C2)ccc2ccoc12,37.9
CC(C)(C#N)[N+]([O-])=Cc1cccc(C=CC(=O)C=Cc2ccc(N3CC[N+](C)(CCOCCO)CC3)cc2)n1,29.6
CC(=N)c1cccc(-c2ccc(OCCCOc3ccc(C=C4CS(=O)(=O)CC(=Cc5ccccc5)C4=O)cc3)cc2)n1,35.56
CCOC(=O)c1csc(-c2ccc(-c3nnc(-c4ccc(-c5nc(Cl)nc(Cl)n5)cc4)s3)cc2)n1,23.55
COc1ccc(C(N)=O)cc1-c1nc(-c2ccncc2)n(-c2ccc(-c3cccc(C#N)n3)cc2)n1,22.18
CC1CN(C(=O)Cn2cc(-c3ccc(-c4ccc(C#N)cn4)cc3)c(-c3c(Cl)cccc3Cl)n2)CCN1Cc1ccc(C#N)cc1,27.84
Cc1cc(-c2cccc(C#N)c2)ccc1-c1nnc(-c2ccc(C(C)(C)C)nc2)c(-c2ccncc2)n1,30.19
N#Cc1cnc2[nH]c(-c3ccc(-c4nc(Cl)nc(Cl)n4)c(C#N)n3)cc2c1,23.64
COc1ccc2c(c1)Oc1c(c3c(c4cc(OCc5ccccc5)c(OC)cc14)CCN(C)C3=O)O2,38.3
N#Cc1ccc(C(=O)Nc2ccc(C3=CCN(C(N)=O)CC3)cc2C#N)cn1,29.91
N#Cc1ccc(C2=NC(=Cc3cccc(C(=O)c4ccc(-c5ccccc5)cc4)c3)C(=O)O2)cc1,23.23
COc1cc(N=c2nc[nH]c3ccc(-c4cccc(C#N)c4)cc23)c(F)cc1Cl,26.73
Cc1cc(S(N)(=O)=O)ccc1-c1ccc(-c2nc(CC(O)Nc3ccc(C#N)cc3)c(=O)[nH]c2CCCCNC(=S)NCc2ccc(CN)cc2)cc1CCC(=O)O,54.6
OCc1ccc(NCCCc2cn(Cc3ccccc3)nn2)cc1,30.18
N#Cc1ccc(-c2ccc(-c3nc(-c4ccc(-c5ccc(C#N)cn5)nc4)nc(-c4ccc(-c5ccc(C#N)cn5)s4)n3)cn2)nc1,11.34
CC(=O)c1cncc(-c2cncc(C#N)c2)c1,18.73
Cc1cc(NC(=O)CCl)sc1-c1nc2ccccc2n1N=Cc1ccncc1,24.09
CCOc1ccc(-n2cnc(-c3ccc4cc(OCC)ccc4c3C)c2)cc1,42.17
CC(C)CCOc1cccc(-c2ccn(-c3cccc(C#N)n3)n2)c1,28.8
N#Cc1ccc(C(=O)CC(=O)c2ccc(Cl)cc2)cc1,19.7
O=c1c2ccccc2nc(-c2ccco2)n1N=Cc1c(F)cccc1F,23.61
N#CN=C(N=c1[nH]c(C(N)c2ccc(Cl)c(F)c2)cs1)c1ccc2[nH]cnc2c1,46.59
COc1ccc2nc(N=Cc3c4ccccc4c(C#N)c4ccccc34)sc2c1,22.59
COc1ccc(C=CC(=O)C=Cc2ccc(OCc3cn(Cc4cccc(C(=O)c5ccccc5)c4)nn3)c(OC)c2)cc1OC,30.59
Cc1cc(CN2CCOCC2)cnc1C(=O)Nc1ccc(C2CCN(C(=O)CC(C)C)CC2)cc1C1=CCC(C)(C)CC1,35.31
Cn1c(-c2ccc(-c3ccc(C#N)cn3)cc2)nc(-c2ccc(OCCN3CCOCC3)cc2)c1-c1ccccc1,19.02
O=C(Nc1ccc(F)c(C2(Cn3nc(-c4ccc(F)cc4)ccc3=O)CCCO2)c1)c1ccc(-c2ccccn2)nc1,36.98
CS(=O)(=O)CCC1c2cc(Nc3ccccc3C(N)=O)ccc2-c2cc(C(=O)N3CCCCC3)nc(-c3cccc(NC(=O)c4c(Cl)ccc(F)c4F)c3)c21,48.21
COc1cc(-c2nc(C#N)nc3c2OCC2COCCN32)ccc1-c1cccc(C#N)n1,20.79
CC1COCCN1c1nc(C#N)nc(-c2cncc(C#N)c2)n1,10.09
CN(C)CCN(C(=S)Nc1cccc(C#N)c1)c1ccc(Cl)cc1,23.82
N#CC(=Cc1ncc(C#N)c2ccccc12)c1nc2ccccc2s1,23.92
N#Cc1ccc(-c2nc(-c3ccc(C(=O)NCCOC(=O)c4cc5ccccc5o4)cc3)nc(-c3cccnc3)n2)cc1,39.14
N#Cc1cccc(-c2ccc(-c3nc(C#N)nc(C4Nc5nccn5C4c4ccc(F)c(Cl)c4)n3)cc2C#N)c1,29.88
N#Cc1ccc(-c2nc(-c3ccc(-c4ccc(C#N)cn4)nc3)nc(-c3ccccc3C#N)n2)cc1,12.71
Cc1cccc(CN=c2nc(-c3ccc(C)nc3C)[nH]c(N3CCOCC3)n2)n1,25.21
Cc1nc(C)n(-c2nc(-c3cccc(C#N)n3)nc(-c3cccc(C#N)n3)n2)n1,11.67
O=C1c2ccccc2NC(c2ccccc2F)N1c1ccccc1,19.33
N#Cc1ccc(=NC(=O)N2CCCc3cc(CO)c(C=O)nc32)[nH]c1,12.85
N#Cc1ccc(-c2nc(Cc3ccc4cc(C#N)ccc4c3)nc(-c3ccc(-c4noc(-c5ccc(C#N)cc5)n4)cc3)n2)cc1,23.82
Cc1ncnc(-c2cccc(-c3cc(-c4ccc(-c5cccc(C#N)n5)cc4)nc(-c4ccc(C#N)cn4)n3)c2)n1,17.97
N#Cc1ccc(C=Cc2nc3ccccc3c(=O)n2-c2ccc(C#N)cc2)cc1,16.35
N#Cc1cc(C(=O)c2ccccc2)cn(Cc2ccc3ccccc3c2)c1=O,22.87
Cc1ccc(C=NNC(=O)c2cccnc2)cc1,17.38
CCC(=C(c1ccc(C=CC(O)=NO)cc1)c1ccccc1Br)c1ccccc1,27.11
Cc1noc2ccc(C#N)cc12,18.17
CCOc1ccc(CC(NC(=O)Nc2ccccc2)C(=O)NC(C(=O)NC(C=Cc2ccc(Cl)cc2)CCc2ccccc2)c2ccc(Cl)c(Cl)c2)cc1,45.29
N#Cc1cc2cc(C(=O)c3ccc(Cl)cc3Cl)ccc2nc1C#N,26.89
Nc1ccc2c(c1)C(=O)c1ccc(Nc3ccnc(Cc4c(F)c(F)c(O)c(F)c4F)n3)cc1C2=O,15.31
N#Cc1cc(F)cc(-c2cccc(-c3nc(-c4cccc(C#N)n4)nc4cccnc34)c2)c1,20.05
OC1COC(n2cnc3c(=NCc4ccccc4)[nH]cnc32)C1O,20.7
Cc1nn(C)c(OC(=O)c2ccc(-c3ccc(C#N)cc3)cc2)c1C=NOc1ccc(C(C#N)(C#N)C(F)(F)F)cc1,39.17
N#Cc1cc(CN(c2ccc(C#N)c(C#N)c2)n2cnnc2)ccn1,21.08
CC(C)=CCC1=CC2(O)C(C)(CO)Oc3c(ccc4c3C(=O)OCC4)C2(CC=C(C)C)C1=O,44.28
CCN(Cc1ccc(Cc2ccc(-c3ccc(C#N)cc3)cc2)nc1-c1ccc(C#N)cn1)C(=O)Oc1ccc(F)cc1,24.99
CC1(C2(F)CCCN(c3nc(-c4cccc(C#N)n4)nc(-c4cccc(C#N)n4)n3)C2)COC1,19.18
N#Cc1ccc(-c2ccc(-c3c(Cl)ccc4ccc(C=Cc5nc(-c6ccc(C#N)cc6)nc(-c6ccc(-c7ccc(C#N)cn7)cc6)n5)nc34)cc2)cc1,22.07
CCN(C)c1nc(N=CN2CCN(C=O)CC2)nc(N=CN2CCN(c3ccncc3)CC2)n1,20.78
O=C(Nc1ccc(F)cc1F)c1ccc(Cn2ccc([N+](=O)[O-])n2)cc1,26.16
COc1cc(-c2c(NC(=O)c3cnc(-c4ccccc4)cn3)cnn2C(C)C2CCN(c3ccncc3)CC2)cc2ccc(C)nc12,49.54
N#Cc1ccc(-c2cc(C#N)c(=Nc3cccc(Cl)c3)[nH]c2C#N)cc1,17.37
N#Cc1ccc2sccc2c1,17.3
N#Cc1ccc(CN2CCC(Nc3ccc(F)c(Cl)c3)CC2)cc1,20.51
Cn1c(-c2ccc(-c3ccc(C#N)cn3)cc2)cc(-c2ccc(-c3ccc(C#N)cn3)cc2)c(C#N)c1=N,19.48
N#Cc1ccc(-c2ccc(-c3nc(-c4ccc(-c5ccccn5)cc4)nc(-c4ccc(-c5ccc(C#N)cn5)cc4)n3)cc2)cc1,11.95
CC(C)(C)NC(=O)Nc1c(C#N)sc2nc[nH]c(=Nc3ccc(OCc4cccc(F)c4)c(Cl)c3)c12,31.08
O=C1CC(NC(=O)C(S)Cc2ccccc2)C(O)O1,20.68
CC1=Nc2nc(C(C)(C)C)nn2C(c2cccc(C#N)c2)C1C(=O)N=c1cc[nH]cc1,28.78
COc1cccc(-c2ccc(-c3nc(-c4ccc(-c5ccc(C#N)cc5)cc4)nc(-c4ccc5c(c4)OCO5)n3)cc2)c1,19.39
CCCCS(=O)(=O)Nc1cccc2c1nc(CC(C)C)n2Cc1ccccc1C#N,32.21
N#Cc1cccc2c1C(=O)c1ccc(N)cc1C2=O,16.32
Nc1cc(O)c(N=Cc2ccc(N3CCOCC3)cc2)cc1O,14.62
COc1ccc(-c2ccc(S(=O)(=O)NC(CC(C)C)C(=O)NC(Cc3ccc(O)cc3)C(=O)Nc3cccc(C)c3)cc2)cc1,39.36
CS(=O)(=O)c1ccc(-n2nc(-c3nc(-c4ccc(-c5ccc(C#N)cc5)cc4)nc(-c4ccc(-c5ccc(C#N)cc5)cc4)n3)c(C#N)c2-c2ccc(C#N)cc2)cc1,19.93
CN(C)C(=N)c1ccc(NC(=N)c2ccc(-c3cc(C(N)=NO)ccc3C#N)cc2)cc1,27.97
COc1ccc(-c2nc(-c3ccc(N=Cc4ccc(-c5ccc(C#N)cc5)cc4)cc3)nc(-c3ccc(-c4ccc(C#N)cc4)cc3)n2)c(Br)c1,18.52
Cc1cccc(-c2ccc3[nH]c(-c4ccc(C(=O)Nc5cccc(-c6nc(C7CC(F)(F)C7)n(C)n6)c5)nc4)nc3c2)n1,36.21
COc1cc(-c2nc(Cl)nc(Cl)n2)ccc1-c1ccc(C#N)cc1,14.39
COc1ccc(C=Cc2cncc(C=Cc3ccccc3)n2)cc1OC,21.16
Cc1cc(C)cc(NC(=O)Cn2ncn3ccnc3c2=O)c1,23.35
CC1(C)CC(=O)c2c(C#N)nc(-c3ccc(C#N)cc3)c(C#N)c2C1,12.84
Cn1nc(C(=O)Nc2ccc(F)cc2F)c2c1-c1ccccc1CC2,27.02
Cc1nc(-c2ccc(-c3ccc(-n4nc5c(c4-c4ccccc4)C(=O)N(O)CC5)cc3)cc2)no1,22.38
COc1ccc(-c2nc3sc(=Cc4ccccc4)c(=O)n3n2)cc1,18.97
CCN(c1ccc(C#N)cn1)C1CCC(NC(=O)c2cn(CC#N)c3cc(Cl)ccc3c2=O)CC1,31.25
N#Cc1ccc(-c2ccc(-c3nc(-c4ccc(-c5ccc(C(F)(F)F)nc5)nc4)nc(-c4ccc(-c5ccc(C#N)cn5)nc4)n3)cc2)cc1,12.94
Nc1ccc2c(c1)C(=O)c1ccc(Nc3nc(Nc4ccc5c(c4)C=NC4CCCCN4C5=O)nc(Nc4ccc5c(c4)C(=O)c4ccc(N)cc4C5=O)n3)cc1C2=O,14.86
N#Cc1cc(-c2cccc(C(=O)c3c[nH]c(=N)c(Cl)n3)c2O)ccc1C(F)(F)F,47.64
Cc1nc(-c2ccc(C#N)cc2)nc(-c2ccc(F)cc2)c1C=NNC(N)=O,19.07
N#Cc1ccc(-c2ccc(-c3cc(-c4cccc(C#N)c4)n(-c4nc(-c5ccc(C#N)cc5)nc(-c5cccs5)n4)n3)cc2)cc1,24.78
N#Cc1ccc(-c2ccc(-c3nc(-c4ccc(-c5ccc(C#N)cn5)cc4)nc(-c4ccc(-c5cccc(C#N)n5)cc4)n3)cc2)cc1,11.24
N#Cc1cncc(-c2nc(-c3cccc(C#N)n3)cc(N3CCOCC3)n2)c1,14.46
CCn1cc(C(=O)NN=Cc2ccc(O)cc2)c(=O)c2cc(OC)cc(F)c21,33.14
N#Cc1nc(-c2ccc(C(=O)NCCO)cn2)nc(N2CCOCC2)n1,20.43
CC(=CCc1c2c(cc3c1C(O)C(O)C(C)(C)O3)C(=O)OC2)CO,31.13
COc1cc(F)cc(-c2nc(-c3ccc(-c4ccc(C#N)cc4)cc3)nc(-c3ccc(-c4ccc(C#N)cn4)nc3)n2)c1,14.98
NC(=O)c1cccc(N=Nc2c(O)c3c([nH]c2=O)CCCC3)c1,25.67
N#Cc1cccc(-c2ncnc3ccc(-c4ncccn4)cc23)c1,19.49
Cc1ccc(C#N)nc1Nc1ccc2c(c1)C(=O)c1ccc(N)cc1C2=O,13.0
FC(F)(F)c1cncc(-c2cc3c(N4CCOCC4)nc(Cl)nc3cn2)n1,25.12
N#Cc1ccc(-c2nc(-c3cncc(C#N)c3)cc(-c3cnccn3)n2)cc1,16.02
N#Cc1ccccc1NC(=O)COC(=O)c1nc2cc3ccc([N+](=O)[O-])cc3nc2s1,37.72
N#Cc1ccc(-c2ccc(C=Cc3nc(-c4cncc(C#N)c4)n[nH]3)nc2)nc1,22.33
N#CCNC(=O)c1cn(Cc2c(F)cccc2F)c2nc(-c3ccc(-c4ccc(C#N)cc4)cc3)nc(C#N)c2c1=O,36.09
COC(=O)C1C(CCc2ccc(OC)cc2)=NC(=O)NC1c1ccc2c(c1)OCO2,28.05
N#Cc1cc(-c2ccc(-c3nc(Cl)nc(Cl)n3)cc2)ccc1O,12.82
N#Cc1cccc(CN(c2cc(F)cc(-c3nc(C#N)nc4cc(C#N)ccc34)c2)S(=O)(=O)c2ccc(F)cc2)c1,34.92
CSc1sc(C(=N)N)cc1-c1nc(-c2ccc(C#N)cc2)cs1,18.32
Cc1cc(-c2nc(C#N)nn2CC#N)nc(-c2cccc3c2CC(NC2CCOCC2)CC3)n1,31.56
COc1ccc(N=C(CBr)c2ccccc2)cc1,24.64
N#Cc1ccc(N=c2nc(Nc3ccccc3F)cc[nH]2)cc1,15.61
N#CC(C#N)=c1ccc2cc3c(cc2c1O)C(C#N)C=C(c1cncc(Cl)c1)N=3,38.75
N#Cc1ccc(-c2ccc(-c3cc(C(F)F)nn3-c3cccc(-c4ccon4)n3)cc2)cc1,27.19
COc1cc2c(cc1C(=O)O)C=CC1C2(C)CCCC1(C)C(C)C=CC(C)C,39.61
N#Cc1cncc(-c2ccc(COc3ccc(C=Cc4cccc(C(=O)O)c4)cc3)cn2)c1,24.19
N#Cc1ccc(-c2ccc(-c3nc(-c4ccc(-c5ccc(C#N)cn5)nc4)nc(-c4ccc(F)c(C#N)c4)n3)cc2)nc1,12.44
O=CC=Cc1ccc(Cl)cc1,15.09
Nc1ccc2c(c1)Cc1ccccc1-2,13.69
Cc1nc(-c2ccc(-c3nc(-c4ccc(-c5ccc(C#N)cn5)nc4)nc(-c4ccc(-c5ccc(C#N)cn5)c(F)c4)n3)cc2)no1,16.56
Cc1c(Cc2ccc(-c3cccnc3)cc2)nnc(N2CCN(c3cc(C#N)ccn3)CC2)c1C,29.14
O=c1c2cc(F)ccc2nc(N=Cc2ccc(-c3ccc(C=Nc4ccc(Cl)cc4)cc3)nc2)n1Cc1ccco1,35.96
COc1ccc(O)c(C(=O)C=Cc2cc(Br)c(OC)c(OC)c2)c1,26.4
Clc1ccc2c(=NN=Cc3c[nH]c4ccccc34)cc[nH]c2c1,18.6
Cn1c(=O)c2c(-c3ccc(F)cc3)nc(Cc3ccccc3)nc2c2ccc(Cl)cc21,30.4
N=C1CC(=O)c2ccc(-c3ccc(C=O)o3)nc2C1=O,26.67
N#Cc1ccc(-c2ccc(-c3nc(-c4ccccc4O)n(-c4ccc(C#N)cc4)n3)cc2)cc1,19.19
NC(=O)COc1ccc(CNCc2ccc(Cl)cc2)cc1,22.26
CC(=O)C1=C(C)N(c2ccc(C#N)c(C(F)(F)F)c2)C(=O)N(C)C1c1ccc(C#N)cc1C(=O)N1CCC(F)(F)C1c1cc(F)ccc1F,27.24
N#Cc1ccc(-c2ccc(-c3nc(-c4ccc(-c5ccc(C#N)cc5F)cc4)nc(-c4ccc(-c5ccc(C#N)cn5)nc4)n3)cc2)cc1,14.97
Cc1ccc(-c2ncc3c(=O)n(-c4ccc(C)cc4)cnc3n2)cc1,24.13
CN(C)c1ncc(C=Cc2ncccn2)c(-c2ccc(C#N)cc2)n1,21.54
CC=c1c(C(=O)O)c(C)c(C#N)c2c1=Cc1cc(OC)ccc1ON2c1cncc(C#N)c1,46.23
Cc1ccc(-c2nc(-c3ccncc3)nc(N(c3ccccc3)c3ccccc3)n2)cc1,25.43
N#Cc1ccc(-c2ccc(-c3nncc(-c4ccc(C#N)s4)n3)cn2)nc1,18.96
Cc1ccc(C(=O)Nc2c(C)cc(S(N)(=O)=O)cc2C)nc1Sc1cccc(C#N)c1,36.45
N#Cc1ccc(-c2ccc(-c3nnc(SCCCN4CCC5CC5(c5ccccn5)C4)n3-c3ccc(F)cc3)cn2)nc1,31.38
Cc1c(C(=O)Nc2ccc(F)cc2)sc(NCc2ccco2)c1C#N,22.42
COc1ccc(C#N)cc1-c1ncc(C#N)cc1-c1ccc(C#N)cn1,18.46
Cc1ccc(-n2[nH]c(C(C)(C)C)cc2=NC(=O)Nc2ccc(-c3cccc(-c4cnncc4-c4ccc(-c5nc(CC#N)cs5)cc4)c3)nc2)cc1,37.63
N#Cc1ccc(-c2cc(-c3ccc(-c4cccc(C#N)n4)cc3)ncn2)cc1,17.36
COC1CN(c2nc(-c3cccc(C#N)n3)nc(-c3ccc(F)c(C#N)n3)n2)CC(C)(C)C1,22.99
N#Cc1ccc(-c2ccc(-c3nc(-c4ccc(-c5ccc(F)c(C#N)c5)cc4)nc(-c4ccccc4C#N)n3)cc2)nc1,19.15
O=c1[nH]nc2n1-c1ccc(OCc3ccc(-c4ccc(Cl)cc4)cc3)cc1CC2,23.77
N#CC(C#N)=c1ccc(=C(C#N)c2cccc(C(=O)O)n2)nc1,14.02
Cc1cnc(C(c2ccc(C#N)cc2)c2ccc3ncc(Cc4ccc(-c5ccc(C#N)cc5)cc4)nc3c2)s1,30.13
Cc1cc(-c2nc(-c3cncc(C#N)c3)nc3ccc(Oc4ccc(CN5CCCC5)cn4)cc23)cc(C)n1,37.43
N#Cc1ccc(NC(=S)Nc2ccc3c(c2)c(=O)oc2cc(C#N)ccc23)cc1,30.69
COc1ccc(C=NNC(=O)c2c(C)nc3ccc(Br)cn23)cc1,19.82
N#Cc1cc(-c2cccc(-c3cc(-c4cc[n+]([O-])cc4)nc(-n4ccnc4)n3)c2)ccc1-c1nc(Cl)nc(Cl)n1,40.48
COc1ccc(NC(=O)C(=O)Nc2cccc3c2C(=O)c2ccc(NC(=O)CCN(C)C)cc2C3=O)cc1N1CCN(C)CC1,31.08
Cc1c(C#N)cc(C#N)[nH]c1=NC(=O)c1ccc(-c2cc(-c3ccc(C(F)(F)F)cn3)cc(C(=O)Nc3cc(C(=O)O)ccc3Oc3ccc(C(=O)O)c(C(=O)O)c3)c2C(=O)O)cc1,54.61
C[n+]1cc(NC(N)=NN=Cc2c3ccccc3c(C=NNC(=N)N)c3ccccc23)cnc1S(C)(=O)=O,29.81
CCOC(=O)N1CC(c2nc(-c3ccc(-c4cccc(C#N)n4)nc3)c(-c3ccc(Cl)cn3)[nH]2)C1,26.92
CC1CCC2(CO)CCC3(C)C(CCC4C3(C)CC(O)C43C(=O)OC4C(C)(C(=O)O)CCCC43C)C2C1C,39.68
N#Cc1ccc(-c2ccc(-c3nc(-c4ccc(-c5ccc(C#N)cn5)nc4)nc(-c4cccs4)n3)cc2)cc1,11.2
N#Cc1ccc(-c2ccc(-c3nc(-c4ccc(-c5ccc(F)c(C#N)c5)cc4)nc(-c4ccc(-c5ncc(C#N)cn5)nc4)n3)cc2)nc1,12.42
N#Cc1ccc(C=CC(=O)NS(=O)(=O)c2ccc(-c3csc(-c4ccc(-c5ccc(C#N)cc5)nc4)n3)cc2)cc1,31.22
O=C(CCOc1ccc(F)cc1)Nc1ccccc1[N+](=O)[O-],29.45
COc1c2c(cc3c1OCO3)-c1cc3c(cc1C(=O)NC2)OCO3,19.16
CN(C)C(=O)c1ccc(-c2ccc(-c3nc(-c4ccc(-c5ccc(C#N)cn5)cc4)n[nH]3)cc2)cc1,16.42
Cc1cc(C)c(CN(C)C(=O)Nc2cc(Cl)ccc2C#N)c(=O)[nH]1,27.08
N#Cc1ccc(-c2ccc(-c3nc(COc4ccc5c(c4)C(=O)c4ccc(OCCCc6ccccc6)cc4CO5)nc(-c4ccc(C#N)cc4)n3)cc2)cc1,25.12
N#Cc1ccc(-c2ccc(-c3nc(-c4ccncc4)nc(N4CCC(C(N)=O)CC4)n3)cc2)cc1,15.36
O=C(c1nc(-c2ccc(CNCc3cccnc3)cc2)sc1C(F)(F)F)N1CCC(F)CC1,32.32
Cc1ccc(-c2nc(C(=O)NN=Cc3cccnc3)c(C)c(C(=O)N=Nc3c(O)[nH]c4ccc(N)cc34)c2C#N)cc1,36.59
O=C(NS(=O)(=O)C1=CCCCC1)c1nc2ccccc2n1Cc1ccc(Cl)c(F)c1,31.39
N#Cc1ccc(-c2nc(OCc3cn(-c4cc(C(=O)O)nc5ccc(-c6ccc(C#N)nc6)cc45)cn3)cc(-c3nc4cc(C(=O)O)ccc4nc3-c3ccc(C#N)cc3)n2)cc1,39.42
N#Cc1cccc(NC(=O)c2ccc(F)cc2)c1,15.95
COc1ccc(-c2ccc(-c3c(-c4cccc(CC(=O)O)c4)oc4cc(Cl)ccc4c3=O)cc2)cc1OC,30.07
N#Cc1cncc(-c2cc(C(=O)Nc3cccc(C=CC(=O)O)c3)nc(N(CC3CC3)C3CCOCC3)n2)c1,27.33
Oc1c(Br)cc(Br)c(Br)c1Oc1cccc(Br)c1,20.77
N#Cc1cccc(-c2ccc3c(n2)C(=O)c2cc(NC(=O)C=CC(=O)N=Nc4c(O)[nH]c5ccccc45)ccc2C3=O)n1,30.95
Cc1cc2ccc(C(=O)O)cc2cc1C(=O)CC(=O)C(=O)O,29.98
CC(CC(=O)Nc1ccc2c(c1)C(=O)c1ccc(N)cc1C2=O)c1ccccc1,21.56
N#Cc1ccc(-c2ccc(-c3ncc4ccccc4n3)cc2)cc1,13.55
FC(F)(F)c1ccc(-c2nc(-c3nc(Cl)nc(Cl)c3Cl)no2)cc1Cl,27.69
N#Cc1ccc(-c2nc(-c3ccc(-c4ccc(C#N)cn4)nc3)nc(-c3cnccc3-c3ccc(F)cc3)n2)cc1,15.66
CCN1CCN(C(=O)c2cc(COc3ccccc3C#N)on2)CC1,22.15
N#Cc1cc(-c2ccc(-c3ccn(-c4ccc(Cl)cc4)c3O)cn2)ccc1F,22.52
CC(Oc1cccc2c1OC(C)(C)C2)c1cc(C(C)(C)C#N)ccc1Cl,34.43
N#Cc1ccc(-c2cc(Nc3ccc(N=Cc4ccc5ccccc5n4)cc3)ccc2F)cc1,31.27
N#Cc1ccc(-c2ccc(-c3nc(-c4ccc(-c5ccc(F)c(C#N)c5)cc4)nc(-c4ccc(-c5ccc(OC(F)(F)F)cc5)nc4)n3)cc2)cc1,20.41
N#Cc1ncc2cc(-c3ccc(-c4cnc(C5(O)COC5)nc4)nc3)n(C(F)(F)F)c2n1,37.16
O=CC(Cc1cccc(-c2ccccc2)c1)NC(=O)C(CCc1ccccc1)=NC(=O)C=Cc1ccccc1,31.76
O=c1ccccn1-c1ccc(OC2CCN(CCC3CC3)CC2)cc1,25.68
CN1CCC(CCNC(=O)c2cc(=NC(=O)c3cc(-c4ccc(F)cn4)c(Cl)cc3Cl)n(-c3ccccn3)[nH]2)CC1,27.78
O=c1ccc(-c2ccc(-c3cccc(C(F)(F)F)c3)cc2)nn1Cc1cc(F)cc(F)c1,21.47
O=C(NCc1ncco1)Nc1ccc(-c2nc(N3CC4CCC(C3)O4)nc(N3C4CCC3COC4)n2)cc1,24.89
N#CC=Cc1ccc(-n2nc(C(N)=O)c3c2-c2ccc(NS(=O)(=O)c4ccc(F)c(F)c4)cc2CC3)cc1,25.94
Cc1ccc(N=CN2C(=NS(=O)(=O)c3ccc(C#N)cc3)CSC2=Nc2ccc(C#N)cc2)cc1,29.84
N#Cc1ccc(-c2ccc(-c3cccc(-c4cccc(-c5cccc(-n6nnnc6-c6ccc([N+](=O)[O-])cc6)c5)c4)n3)cc2)cc1,31.48
Cc1nc(-c2ccc(-c3nc(-c4ccc(-c5ccc(C#N)cn5)cc4)nc(-c4ccc(-c5nccc(C=CC#N)n5)cc4)n3)cc2)no1,13.09
CN(C)CC=Cc1ccc(-c2nc(C=Cc3ccccc3)n(-c3ccc(-c4ccc(-c5csc(-c6ccc(C#N)cc6)n5)cc4)cc3)n2)cc1,28.13
N#Cc1cccc(-c2nc(-c3cccc(C#N)n3)nc(N3CCCC3CN3CCCC3=O)n2)n1,13.52
O=C(Nc1ccc(-n2cc(C(F)(F)F)cn2)cc1)c1cc(Cl)cc(Cl)c1O,27.65
O=C(NCCCCN1CCN(c2ccc(F)cc2)CC1)c1ccc2ccccc2c1,20.65
Cc1cccc2c(=Nc3ccc(NS(=O)(=O)CCNC(N)=O)cc3)c3c(Cl)cccc3[nH]c12,32.0
CN(C)C(=O)c1cc(-c2ccc(-c3ccc(C#N)cn3)cc2)n(-c2ccccc2)n1,17.62
O=C(Cn1c(=O)n(-c2ccc3c(c2)OCO3)c(=O)c2ccccc21)NCc1ccccc1,25.47
Fc1cc(-c2nc(-c3ccc(N=CC=Cc4ccccc4)cc3)nc(-c3ccc(-c4ccc(Cl)cc4)cc3)n2)c(Cl)cc1Cl,25.57
N#Cc1ccc(-c2nc3ccccc3c(=O)n2N=Cc2ccc(Cl)c(F)c2)cc1,22.66
Cc1nn(-c2ccccc2)c(Cl)c1C=NNC(N)=S,17.91
N#Cc1ccc(-c2nc(-c3ccc(-c4ccc(C#N)cn4)cc3)cc(-c3cc(C(=O)NNC(=O)c4ccncc4)c4ccccc4n3)n2)cc1,29.58
N#CC=Cc1cccc(-c2nc(-c3ccc(C#N)cc3)nc(-c3ccc(-c4ccc(C#N)cc4)cc3)n2)c1,15.0
N#Cc1ccc(-n2nc(-c3ccc(-c4ccc(-c5ccc(C#N)cn5)nc4)nc3)nc2C=Cc2cc(F)c(F)c(F)c2)cc1,31.82
Oc1[nH]c(=NNc2ccccc2)sc1-c1ccccc1,22.75
N#Cc1ccc(-c2ccc(-c3nnc(-c4ccc(-n5cccn5)cn4)c(-c4ccc(-c5ccc(C#N)cn5)cc4)n3)cc2)cc1,21.12
N#Cc1ccc(-c2ncc(CN3CCC(CO)(Cc4ccccc4)CC3)cn2)cc1,16.67
CC1(C)C2C=CC(=Cc3ccc(-c4nc(-c5ccc(C#N)cc5)nc5cc(-c6ccc(C#N)cc6)ccc45)cc3)C1C2,32.17
Cc1cnc(-c2cc(-c3nc(C#N)ccc3C#N)nc(C3CCOC3)n2)cn1,23.77
CC(=O)NC(C)Cc1ccc(C#Cc2ncccc2F)cc1,16.58
CCc1[nH]c(=N)[nH]c(=N)c1-c1ccc(NCc2ccc(-c3ccccc3)cc2)cc1,17.36
O=CN1CCN(C=Cc2nc3ccccc3c(=O)n2-c2ccc(F)cc2)CC1,19.3
Nc1ccc2c(c1)C(=O)c1ccc(Nc3nc(Nc4ccc5c(c4)C(=O)c4ccccc4C5=O)nc(N4CCN(c5ccccn5)CC4)n3)cc1C2=O,14.98
Cn1c(-c2ccc(C#N)cc2)nc2cc(NCc3cccnc3)ccc21,24.12
CCOC(=O)C1CNCCC1c1cc(=NC(=O)N2CCc3ccccc32)nc(-c2ccccn2)[nH]1,44.1
N#Cc1ccc(C#Cc2ccc(CCN)cc2)cc1,15.01
Cc1cn(-c2nc(Nc3ccc4c(c3)C(=O)c3ccc(N)cc3C4=O)nc(N3CCNCC3)n2)c(C)n1,17.46
N=C(N)c1ccc2cc(-c3ccc(-c4nc5ccc(C(=N)N)cc5o4)cc3)c(C(F)(F)F)nc2c1,31.58
COc1cc(-c2ncc(CN3CCCC(C)C3)c(N=c3cc[nH]c4cc(Cl)ccc34)n2)cc(OC)c1OC,29.92
CC(=O)Nc1cccc(-c2cnc3ccc(-c4cc5ccccc5cn4)nn23)c1,31.02
CNC(=O)c1nc(-c2ccc(-c3ccc(C#N)cn3)cc2)nc(-c2ccc(S(=O)(=O)Nc3ccc(C#N)cc3)cc2)n1,20.67
N#Cc1ccc(-c2ccc(-c3nc(-c4ccc(-c5ccc(Cl)c(Cl)c5)c(Cl)c4)nc(-c4ccccn4)n3)cc2)nc1,17.86
N#Cc1cccc(NC(=S)N2CCN(S(=O)(=O)c3cccs3)CC2)c1,24.43
N#Cc1cccc(N=c2cc[nH]c3cc(C#N)ccc23)c1,14.65
N#Cc1ccc(-c2ccc(-c3nccc(C#N)n3)cn2)cc1,13.43
O=C1C(=O)N(Cc2ccccc2C(F)(F)F)c2cc(S(=O)(=O)NC3CCCC3)ccc21,27.03
N#CC=Cc1ccc(C#CC#Cc2nc(C=CC#N)cnc2-c2ccc(C#N)cc2)cc1,21.99
CC(C)n1nnnc1C(c1cccnc1)N1CCN(c2ccccc2)CC1,23.59
N#Cc1ccc(-c2nc(C(N)=O)nc(-c3ccc(Oc4ccc(-c5ccnc(F)c5)cc4C#N)cc3)n2)cc1,28.79
CNC(=O)C(CCCCCCC(=O)Nc1ccc2c(c1)[n+]([O-])[n+]([O-])c(C)[n+]2[O-])=NO,34.22
C=c1[nH]cc([N+](=O)[O-])c1=Cc1c(O)[nH]c(=O)n(-c2ccc(F)cc2)c1=O,29.8
CC1(N=c2nc(-c3ccccn3)cc(-c3cc(CC(=O)N4CCc5ccc(C#N)cc54)nc(N4CCCC4=O)c3)[nH]2)CCC1,46.42
N#Cc1ccc(N=Nc2c(N)[nH][nH]c2=N)cc1,14.44
CC(C)(C)c1ccc(-c2nc(-c3ccc(C=Nc4nc(-c5ccc(C#N)cc5)cs4)cc3)c3ccccc3n2)cc1,17.3
Clc1ccc(-c2nc3ccn(Cc4c(Cl)cccc4Cl)cc-3n2)cc1,22.34
CC(=O)c1ccc(-c2cc3ncn(C)c(=O)c3c(=NC3CC3)[nH]2)cn1,19.7
N#Cc1cc2ccc(NC(=O)CCc3ccc(-c4cccc(C(=O)O)c4)cc3)cc2c(=O)n1Cc1ccc(-c2ccccc2)cc1,34.03
C#CC(C)=CCC(C#N)(NC(=O)c1ccc(-c2ccc(C#N)cc2)cc1)c1ccc(-c2ccc(F)cc2)cc1,29.7
Cc1cccc2[nH]c(=Nc3cccc(C#N)c3)nc(C(N)=O)c12,28.26
N#Cc1cccc(-c2cc(N3CCC4(CC3)CCN(C3CCOCC3)C4)nc(-c3cccc(C#N)n3)n2)n1,17.76
N#Cc1ccc(-c2ccc(-c3nc(-c4ccc(-c5ccc(C#N)cc5)cc4)n(-c4ccc(F)cc4)n3)cc2)cc1,17.46
N#Cc1cncc(-c2ccc(-c3n[nH]c(C#Cc4ccc(C(F)NCCCCCCC(O)=NO)cc4)n3)cc2)c1,33.75
N#Cc1ccc(-c2cc(Cn3cc(C(=O)NCCc4c[nH]c5ccc(C#N)cc45)c4cc(C#N)ccc43)cc(-c3ccccc3)n2)cc1,30.96
COc1ccc(-c2[nH]c(SCc3ccc([S+](C)[O-])cc3)nc(=N)c2C#N)c(OC)c1,23.2
Cn1c(N)c(C#N)c(C#N)c(N)c1=O,16.22
COc1cc(C2c3cc4c(cc3Oc3coc(O)c32)OCO4)cc(OC)c1O,15.39
Cc1ccc(NC(=O)Cn2nnc3scnc3c2=O)c(C)c1,32.25
CCOC(=O)CCC(CCC(N)=O)=NC(=O)C(Cc1ccc(-c2cccs2)cc1)NC(=O)C(NC(=O)C(Cc1ccc(F)c(F)c1)NS(=O)(=O)c1ccc(C)cc1)C(C)C,50.97
N#Cc1c(N2CCOCC2)nc(-c2ccc(Br)cc2)c(-c2ccc(Cl)cc2)c1-c1ccc(Cl)cc1,17.88
FC(F)(F)c1cccc(-c2cc(Cc3ccc4c(c3)OCO4)nc(-c3ccncc3)n2)c1,26.51
N#Cc1ccc(-c2nc(C(F)(F)F)c(-c3ncc(-c4ccccn4)c(-c4ccco4)n3)o2)cc1,24.93
CN(C)c1ccc(N=c2[nH]cnc3[nH]c(=Nc4ccc(OCc5cccc(F)c5)cc4)c(C(N)=O)cc23)cc1,35.72
O=C(C1=Nc2ccccc2C2(C(=O)Nc3ccccc32)N1c1ccccc1)N1CCN(c2ccc(F)cc2)CC1,30.36
N#Cc1ccccc1-c1ccc(C=NCC2Cc3cccc(-c4ccc(C(=O)O)cc4)c3C2)cc1,31.06
Nc1ccc2c(c1)C(=O)c1ccc(NC(=O)C3c4ccccc4-c4ccccc43)cc1C2=O,17.12
Cc1ncc(Nc2cccc(C(=O)O)c2)cc1-c1cc(F)cc(N=c2nc(C(F)(F)F)cc[nH]2)c1,33.24
N#Cc1ccccc1-c1ccc2c(c1)C(=O)c1c(C(=O)NCc3ccc(F)cc3)cccc1S2(=O)=O,20.9
COc1ccc(-c2nc3c(n2C(C)C)C(c2cc(C#N)n(C)c2)N(c2cccc(C(F)(F)F)c2)C3=O)cn1,31.49
Cc1nc(-c2ccc(-c3nc(-c4ccc(-c5ccc(C#N)cn5)nc4)nc(N4CCOCC4)n3)cc2C#N)cs1,13.77
N#Cc1cccc(S(=O)(=O)NCC(N)C23CC4CC(CC(C4)C2)C3)c1,28.37
Cn1c(CNC(=O)c2ccc(OCC(F)(F)F)nc2)cc(=O)n(C)c1=O,25.66
CC1CCC(C(=O)N(Cc2cc(C(F)(F)F)cc(C(F)(F)F)c2)c2cc(-c3ccc(C#N)nc3)cc3nccnc23)CC1,30.55
N#CC1CC(C(=O)N2CCC(F)C2)CCC1n1cc(C(N)=O)c(=Nc2ccc(Cl)nc2)[nH]1,29.79
Cc1cccc(C=Nc2cc(N3CCOCC3)c(N)cc2O)c1,16.58
N#Cc1cncc(-c2ccc3c(c2)C(=O)N(Cc2ccccn2)CCO3)c1,18.1
CNC(=O)c1cccc(-c2ccc3c(c2)CCOc2ccc(OCC4CCCN4C)cc2-3)c1,31.25
N#Cc1ccc(-c2cccc(-c3cc(C(=O)NC(=N)N)nn3-c3cccc(C(N)=O)c3)c2)cc1,28.55
N#Cc1ccc(-c2ccc(-c3cc(-c4ccc(C#N)cc4)[nH]c(=O)c3C#N)cc2)cc1,17.61
Cc1nc(-c2cc(F)c(Cl)cc2F)nc(N2CCN(c3ccc(S(=O)(=O)Nc4ccccc4)cc3)C2=O)n1,33.39
Cc1ccc(-c2cc(-c3ccc(Cl)c(Cl)c3)nn2-c2nc3cccc(C)c3cc2C#N)cc1,27.82
N#Cc1ccc(-c2nc(-c3ccc(-c4csc(C(F)(F)F)n4)cc3)nc(-c3ccccc3C#N)n2)cc1,22.35
Cn1c(-c2ccc(OC(F)(F)F)cc2)nnc1-c1ccc(-c2cc(CC(N)=O)nc(-c3ccc(C#N)cc3)n2)cc1,24.84
O=C(NC1CCCc2c1cnn2-c1ccccc1)c1cnc(CO)cn1,23.71
